station,time.yy,time.mm,time.dd,time.hh,temp,relhum,vappres,dewpt,mixratio,wetbulb,enthalpy,precip,airpres,winddir,windmean,windmax,rad.global,rad.direct,rad.diffus,rad.vert.N,rad.vert.E,rad.vert.S,rad.vert.W,ir.horiz,cloudcov,albedo,emissivity
RUE,2012,1,1,0,8.5,,,,,,,,947.2,,2.7,,0,0,0,0,0,0,0,,,,
RUE,2012,1,1,1,8.4,,,,,,,,947.4,,2.5,,0,0,0,0,0,0,0,,,,
RUE,2012,1,1,2,8.5,,,,,,,,947.5,,2.5,,0,0,0,0,0,0,0,,,,
RUE,2012,1,1,3,8.6,,,,,,,,947.2,,4.3,,0,0,0,0,0,0,0,,,,
RUE,2012,1,1,4,8.7,,,,,,,,947.3,,3.9,,0,0,0,0,0,0,0,,,,
RUE,2012,1,1,5,8.9,,,,,,,,947.5,,3.3,,0,0,0,0,0,0,0,,,,
RUE,2012,1,1,6,8.4,,,,,,,,947.7,,2.9,,0,0,0,0,0,0,0,,,,
RUE,2012,1,1,7,9,,,,,,,,948.1,,2.9,,6,0,0,0,0,0,0,,,,
RUE,2012,1,1,8,9.9,,,,,,,,948.3,,3.8,,59,0,0,0,0,0,0,,,,
RUE,2012,1,1,9,10.4,,,,,,,,948.7,,3.2,,157,1460.2,25.9,0,0,0,0,,,,
RUE,2012,1,1,10,10.9,,,,,,,,948.6,,3.9,,149,274,93.1,0,0,0,0,,,,
RUE,2012,1,1,11,11.3,,,,,,,,948.2,,5.3,,153,69.4,133.2,0,0,0,0,,,,
RUE,2012,1,1,12,11.5,,,,,,,,947.7,,5.5,,159,42,145.2,0,0,0,0,,,,
RUE,2012,1,1,13,11.6,,,,,,,,947.1,,5.5,,123,11.6,119.2,0,0,0,0,,,,
RUE,2012,1,1,14,11.5,,,,,,,,947,,5.6,,49,1.8,48.5,0,0,0,0,,,,
RUE,2012,1,1,15,10.9,,,,,,,,947,,3.7,,28,1.1,27.8,0,0,0,0,,,,
RUE,2012,1,1,16,10.5,,,,,,,,947,,3.2,,0,0,0,0,0,0,0,,,,
RUE,2012,1,1,17,9.9,,,,,,,,946.9,,2.9,,0,0,0,0,0,0,0,,,,
RUE,2012,1,1,18,9.9,,,,,,,,946.8,,2.8,,0,0,0,0,0,0,0,,,,
RUE,2012,1,1,19,9.4,,,,,,,,946.5,,1.6,,0,0,0,0,0,0,0,,,,
RUE,2012,1,1,20,9,,,,,,,,946.2,,1.2,,0,0,0,0,0,0,0,,,,
RUE,2012,1,1,21,9.2,,,,,,,,945.5,,1.3,,0,0,0,0,0,0,0,,,,
RUE,2012,1,1,22,9.1,,,,,,,,944.6,,1.9,,0,0,0,0,0,0,0,,,,
RUE,2012,1,1,23,8.6,,,,,,,,943.9,,2.8,,0,0,0,0,0,0,0,,,,
RUE,2012,1,2,0,7.9,,,,,,,,943.5,,1.4,,0,0,0,0,0,0,0,,,,
RUE,2012,1,2,1,7.5,,,,,,,,943.1,,2.5,,0,0,0,0,0,0,0,,,,
RUE,2012,1,2,2,8.4,,,,,,,,942.6,,2.9,,0,0,0,0,0,0,0,,,,
RUE,2012,1,2,3,11,,,,,,,,941.9,,3.6,,0,0,0,0,0,0,0,,,,
RUE,2012,1,2,4,11.8,,,,,,,,941.3,,5.7,,0,0,0,0,0,0,0,,,,
RUE,2012,1,2,5,12,,,,,,,,940.7,,5.8,,0,0,0,0,0,0,0,,,,
RUE,2012,1,2,6,11.9,,,,,,,,940.3,,3.5,,0,0,0,0,0,0,0,,,,
RUE,2012,1,2,7,12.1,,,,,,,,940.2,,5,,1,0,0,0,0,0,0,,,,
RUE,2012,1,2,8,12,,,,,,,,940.4,,6.4,,14,0,0,0,0,0,0,,,,
RUE,2012,1,2,9,11.2,,,,,,,,940.9,,5.4,,32,9.6,31.1,0,0,0,0,,,,
RUE,2012,1,2,10,9.3,,,,,,,,941.5,,3.4,,22,0.7,21.8,0,0,0,0,,,,
RUE,2012,1,2,11,7.6,,,,,,,,942,,4.4,,36,1,35.7,0,0,0,0,,,,
RUE,2012,1,2,12,6,,,,,,,,942.9,,4.7,,38,0.8,37.7,0,0,0,0,,,,
RUE,2012,1,2,13,5.5,,,,,,,,943.4,,4,,48,1.3,47.6,0,0,0,0,,,,
RUE,2012,1,2,14,4.9,,,,,,,,944.7,,5.1,,18,0.2,17.9,0,0,0,0,,,,
RUE,2012,1,2,15,4.4,,,,,,,,945.7,,3,,4,0,4,0,0,0,0,,,,
RUE,2012,1,2,16,4.3,,,,,,,,946.1,,0.8,,0,0,0,0,0,0,0,,,,
RUE,2012,1,2,17,4.5,,,,,,,,946.7,,2.4,,0,0,0,0,0,0,0,,,,
RUE,2012,1,2,18,4,,,,,,,,947.5,,3.8,,0,0,0,0,0,0,0,,,,
RUE,2012,1,2,19,3.8,,,,,,,,947.9,,3.9,,0,0,0,0,0,0,0,,,,
RUE,2012,1,2,20,3.9,,,,,,,,948.8,,2.9,,0,0,0,0,0,0,0,,,,
RUE,2012,1,2,21,3.9,,,,,,,,949.4,,2.2,,0,0,0,0,0,0,0,,,,
RUE,2012,1,2,22,3.9,,,,,,,,950.1,,1.5,,0,0,0,0,0,0,0,,,,
RUE,2012,1,2,23,2.9,,,,,,,,950.9,,2.8,,0,0,0,0,0,0,0,,,,
RUE,2012,1,3,0,3,,,,,,,,951.6,,3.1,,0,0,0,0,0,0,0,,,,
RUE,2012,1,3,1,3,,,,,,,,952.4,,3,,0,0,0,0,0,0,0,,,,
RUE,2012,1,3,2,2.8,,,,,,,,953.1,,2.6,,0,0,0,0,0,0,0,,,,
RUE,2012,1,3,3,2.8,,,,,,,,953.5,,2.1,,0,0,0,0,0,0,0,,,,
RUE,2012,1,3,4,2.4,,,,,,,,953.9,,1.4,,0,0,0,0,0,0,0,,,,
RUE,2012,1,3,5,1.9,,,,,,,,953.9,,1.8,,0,0,0,0,0,0,0,,,,
RUE,2012,1,3,6,2,,,,,,,,953.6,,1.4,,0,0,0,0,0,0,0,,,,
RUE,2012,1,3,7,1.7,,,,,,,,953.4,,1.3,,3,0,0,0,0,0,0,,,,
RUE,2012,1,3,8,2.4,,,,,,,,953.1,,1.5,,94,0,0,0,0,0,0,,,,
RUE,2012,1,3,9,3.7,,,,,,,,953,,1.4,,156,1443.3,25.7,0,0,0,0,,,,
RUE,2012,1,3,10,4.9,,,,,,,,952.4,,3.2,,274,1115,45.2,0,0,0,0,,,,
RUE,2012,1,3,11,6.1,,,,,,,,951.9,,3.6,,301,844.2,58,0,0,0,0,,,,
RUE,2012,1,3,12,6.7,,,,,,,,951,,3.6,,281,473.2,124.1,0,0,0,0,,,,
RUE,2012,1,3,13,6.3,,,,,,,,950.4,,4.3,,138,19.2,131.6,0,0,0,0,,,,
RUE,2012,1,3,14,6.4,,,,,,,,950.1,,4.5,,74,4,72.8,0,0,0,0,,,,
RUE,2012,1,3,15,6.6,,,,,,,,949.8,,5.5,,35,1.7,34.6,0,0,0,0,,,,
RUE,2012,1,3,16,6.2,,,,,,,,949.6,,2.5,,1,0,1,0,0,0,0,,,,
RUE,2012,1,3,17,5.9,,,,,,,,949.2,,2.1,,0,0,0,0,0,0,0,,,,
RUE,2012,1,3,18,7.3,,,,,,,,949.1,,6.1,,0,0,0,0,0,0,0,,,,
RUE,2012,1,3,19,8.7,,,,,,,,948.1,,9.2,,0,0,0,0,0,0,0,,,,
RUE,2012,1,3,20,8.6,,,,,,,,947,,10.6,,0,0,0,0,0,0,0,,,,
RUE,2012,1,3,21,9.2,,,,,,,,947,,8.7,,0,0,0,0,0,0,0,,,,
RUE,2012,1,3,22,9.6,,,,,,,,946.4,,10.2,,0,0,0,0,0,0,0,,,,
RUE,2012,1,3,23,9.3,,,,,,,,945.5,,11.8,,0,0,0,0,0,0,0,,,,
RUE,2012,1,4,0,9,,,,,,,,945,,12.4,,0,0,0,0,0,0,0,,,,
RUE,2012,1,4,1,8.8,,,,,,,,943.7,,11.3,,0,0,0,0,0,0,0,,,,
RUE,2012,1,4,2,8.1,,,,,,,,943.2,,11.2,,0,0,0,0,0,0,0,,,,
RUE,2012,1,4,3,7.9,,,,,,,,942.5,,11.7,,0,0,0,0,0,0,0,,,,
RUE,2012,1,4,4,6,,,,,,,,943.8,,8,,0,0,0,0,0,0,0,,,,
RUE,2012,1,4,5,3.8,,,,,,,,945.6,,7,,0,0,0,0,0,0,0,,,,
RUE,2012,1,4,6,3.2,,,,,,,,946.5,,5.1,,0,0,0,0,0,0,0,,,,
RUE,2012,1,4,7,3.9,,,,,,,,947.9,,5.4,,0,0,0,0,0,0,0,,,,
RUE,2012,1,4,8,3.8,,,,,,,,949.9,,6.2,,12,0,0,0,0,0,0,,,,
RUE,2012,1,4,9,4,,,,,,,,950.9,,6.6,,135,1243.3,22.3,0,0,0,0,,,,
RUE,2012,1,4,10,3,,,,,,,,951.3,,6.2,,112,75.2,96.5,0,0,0,0,,,,
RUE,2012,1,4,11,4.1,,,,,,,,951.5,,4.5,,258,561.3,95.8,0,0,0,0,,,,
RUE,2012,1,4,12,2.8,,,,,,,,951.8,,4.7,,71,2.9,70,0,0,0,0,,,,
RUE,2012,1,4,13,2.8,,,,,,,,952.3,,4.3,,89,4.5,87.5,0,0,0,0,,,,
RUE,2012,1,4,14,3.5,,,,,,,,952.6,,4.2,,138,35.3,127.6,0,0,0,0,,,,
RUE,2012,1,4,15,3.2,,,,,,,,953.4,,4.4,,19,0.5,18.9,0,0,0,0,,,,
RUE,2012,1,4,16,2.6,,,,,,,,953.6,,3.4,,1,0,1,0,0,0,0,,,,
RUE,2012,1,4,17,2.3,,,,,,,,953.6,,3.2,,0,0,0,0,0,0,0,,,,
RUE,2012,1,4,18,2.1,,,,,,,,953.6,,3.6,,0,0,0,0,0,0,0,,,,
RUE,2012,1,4,19,2.7,,,,,,,,953.3,,3.8,,0,0,0,0,0,0,0,,,,
RUE,2012,1,4,20,2.9,,,,,,,,952.8,,4.2,,0,0,0,0,0,0,0,,,,
RUE,2012,1,4,21,3.3,,,,,,,,951.6,,5,,0,0,0,0,0,0,0,,,,
RUE,2012,1,4,22,3.6,,,,,,,,950.7,,5.3,,0,0,0,0,0,0,0,,,,
RUE,2012,1,4,23,3.5,,,,,,,,948.9,,6.2,,0,0,0,0,0,0,0,,,,
RUE,2012,1,5,0,3.7,,,,,,,,946.9,,6.1,,0,0,0,0,0,0,0,,,,
RUE,2012,1,5,1,3.8,,,,,,,,945.8,,7.3,,0,0,0,0,0,0,0,,,,
RUE,2012,1,5,2,4.4,,,,,,,,945,,8.2,,0,0,0,0,0,0,0,,,,
RUE,2012,1,5,3,4.3,,,,,,,,943.3,,10.9,,0,0,0,0,0,0,0,,,,
RUE,2012,1,5,4,4.2,,,,,,,,941.5,,9.5,,0,0,0,0,0,0,0,,,,
RUE,2012,1,5,5,3.7,,,,,,,,940.3,,9.4,,0,0,0,0,0,0,0,,,,
RUE,2012,1,5,6,4,,,,,,,,938.8,,10.6,,0,0,0,0,0,0,0,,,,
RUE,2012,1,5,7,4.2,,,,,,,,938.1,,9.8,,0,0,0,0,0,0,0,,,,
RUE,2012,1,5,8,4.1,,,,,,,,936.9,,10.7,,0,0,0,0,0,0,0,,,,
RUE,2012,1,5,9,3.9,,,,,,,,935.9,,10,,6,0.3,6,0,0,0,0,,,,
RUE,2012,1,5,10,4.6,,,,,,,,934.5,,8.8,,21,0.7,20.9,0,0,0,0,,,,
RUE,2012,1,5,11,5.3,,,,,,,,932.3,,9,,19,0.3,18.9,0,0,0,0,,,,
RUE,2012,1,5,12,6.5,,,,,,,,930.5,,9.4,,29,0.5,28.8,0,0,0,0,,,,
RUE,2012,1,5,13,7.8,,,,,,,,929.1,,11.2,,77,3.3,75.9,0,0,0,0,,,,
RUE,2012,1,5,14,7.4,,,,,,,,928,,11.9,,49,1.7,48.5,0,0,0,0,,,,
RUE,2012,1,5,15,6.7,,,,,,,,928.1,,9.7,,15,0.3,14.9,0,0,0,0,,,,
RUE,2012,1,5,16,0.7,,,,,,,,931.3,,4.6,,0,0,0,0,0,0,0,,,,
RUE,2012,1,5,17,1.8,,,,,,,,932,,4.5,,0,0,0,0,0,0,0,,,,
RUE,2012,1,5,18,2.7,,,,,,,,933,,5.8,,0,0,0,0,0,0,0,,,,
RUE,2012,1,5,19,3.1,,,,,,,,933.3,,5.8,,0,0,0,0,0,0,0,,,,
RUE,2012,1,5,20,3.1,,,,,,,,934.3,,6.6,,0,0,0,0,0,0,0,,,,
RUE,2012,1,5,21,2.5,,,,,,,,934.8,,5.8,,0,0,0,0,0,0,0,,,,
RUE,2012,1,5,22,2.2,,,,,,,,935.1,,4.7,,0,0,0,0,0,0,0,,,,
RUE,2012,1,5,23,2,,,,,,,,935.4,,5.5,,0,0,0,0,0,0,0,,,,
RUE,2012,1,6,0,1.2,,,,,,,,936.9,,6.8,,0,0,0,0,0,0,0,,,,
RUE,2012,1,6,1,0.8,,,,,,,,939,,5.8,,0,0,0,0,0,0,0,,,,
RUE,2012,1,6,2,0.5,,,,,,,,940.5,,2.8,,0,0,0,0,0,0,0,,,,
RUE,2012,1,6,3,0.7,,,,,,,,941,,2.5,,0,0,0,0,0,0,0,,,,
RUE,2012,1,6,4,0.6,,,,,,,,941.5,,3.6,,0,0,0,0,0,0,0,,,,
RUE,2012,1,6,5,0.5,,,,,,,,942.2,,4.8,,0,0,0,0,0,0,0,,,,
RUE,2012,1,6,6,0.5,,,,,,,,942.8,,6.4,,0,0,0,0,0,0,0,,,,
RUE,2012,1,6,7,0.2,,,,,,,,943.8,,6.4,,1,0,0,0,0,0,0,,,,
RUE,2012,1,6,8,0.3,,,,,,,,945.1,,4.6,,23,0,0,0,0,0,0,,,,
RUE,2012,1,6,9,1,,,,,,,,946,,5.6,,90,729.9,23,0,0,0,0,,,,
RUE,2012,1,6,10,0.9,,,,,,,,946.7,,3.9,,59,5.1,57.9,0,0,0,0,,,,
RUE,2012,1,6,11,1.2,,,,,,,,947.6,,3.3,,36,1,35.7,0,0,0,0,,,,
RUE,2012,1,6,12,1.3,,,,,,,,948,,3.2,,23,0.3,22.9,0,0,0,0,,,,
RUE,2012,1,6,13,1.3,,,,,,,,948.7,,3.2,,23,0.3,22.9,0,0,0,0,,,,
RUE,2012,1,6,14,1.1,,,,,,,,949.8,,3.3,,15,0.2,15,0,0,0,0,,,,
RUE,2012,1,6,15,1.1,,,,,,,,951.1,,3.4,,5,0,5,0,0,0,0,,,,
RUE,2012,1,6,16,1.2,,,,,,,,952.1,,4.1,,0,0,0,0,0,0,0,,,,
RUE,2012,1,6,17,1.3,,,,,,,,952.9,,4,,0,0,0,0,0,0,0,,,,
RUE,2012,1,6,18,1.5,,,,,,,,953.5,,3,,0,0,0,0,0,0,0,,,,
RUE,2012,1,6,19,1.5,,,,,,,,954,,3.1,,0,0,0,0,0,0,0,,,,
RUE,2012,1,6,20,1.5,,,,,,,,954.4,,2.3,,0,0,0,0,0,0,0,,,,
RUE,2012,1,6,21,1.6,,,,,,,,954.4,,2.6,,0,0,0,0,0,0,0,,,,
RUE,2012,1,6,22,1.6,,,,,,,,954.6,,1.9,,0,0,0,0,0,0,0,,,,
RUE,2012,1,6,23,1.3,,,,,,,,954.6,,1.6,,0,0,0,0,0,0,0,,,,
RUE,2012,1,7,0,0.8,,,,,,,,954.3,,1.3,,0,0,0,0,0,0,0,,,,
RUE,2012,1,7,1,0.3,,,,,,,,954.2,,1.3,,0,0,0,0,0,0,0,,,,
RUE,2012,1,7,2,0.8,,,,,,,,954,,2.8,,0,0,0,0,0,0,0,,,,
RUE,2012,1,7,3,0.1,,,,,,,,953.6,,2.5,,0,0,0,0,0,0,0,,,,
RUE,2012,1,7,4,-0.3,,,,,,,,953.5,,2.3,,0,0,0,0,0,0,0,,,,
RUE,2012,1,7,5,-0.1,,,,,,,,953.1,,2.6,,0,0,0,0,0,0,0,,,,
RUE,2012,1,7,6,0.3,,,,,,,,953.1,,1.8,,0,0,0,0,0,0,0,,,,
RUE,2012,1,7,7,0.5,,,,,,,,952.8,,2.1,,2,0,0,0,0,0,0,,,,
RUE,2012,1,7,8,1.2,,,,,,,,952.4,,4.8,,16,0,0,0,0,0,0,,,,
RUE,2012,1,7,9,1.8,,,,,,,,951.8,,5.6,,60,167,44.5,0,0,0,0,,,,
RUE,2012,1,7,10,2.5,,,,,,,,951.4,,3.7,,34,1.7,33.6,0,0,0,0,,,,
RUE,2012,1,7,11,2.3,,,,,,,,950.8,,2.5,,39,1.1,38.7,0,0,0,0,,,,
RUE,2012,1,7,12,2.8,,,,,,,,950.1,,3.5,,27,0.4,26.9,0,0,0,0,,,,
RUE,2012,1,7,13,2.9,,,,,,,,949.8,,2.9,,18,0.2,17.9,0,0,0,0,,,,
RUE,2012,1,7,14,3.5,,,,,,,,949.6,,2.4,,7,0,7,0,0,0,0,,,,
RUE,2012,1,7,15,4.5,,,,,,,,949.4,,5.4,,5,0,5,0,0,0,0,,,,
RUE,2012,1,7,16,4.5,,,,,,,,949.5,,6.1,,0,0,0,0,0,0,0,,,,
RUE,2012,1,7,17,4.5,,,,,,,,949.5,,5.4,,0,0,0,0,0,0,0,,,,
RUE,2012,1,7,18,4.6,,,,,,,,949.9,,5.2,,0,0,0,0,0,0,0,,,,
RUE,2012,1,7,19,4.7,,,,,,,,949.7,,5.4,,0,0,0,0,0,0,0,,,,
RUE,2012,1,7,20,4.8,,,,,,,,949.9,,4.3,,0,0,0,0,0,0,0,,,,
RUE,2012,1,7,21,4.7,,,,,,,,950.4,,4.4,,0,0,0,0,0,0,0,,,,
RUE,2012,1,7,22,4.2,,,,,,,,950.6,,2.9,,0,0,0,0,0,0,0,,,,
RUE,2012,1,7,23,3.9,,,,,,,,950.7,,2.2,,0,0,0,0,0,0,0,,,,
RUE,2012,1,8,0,3.4,,,,,,,,951,,2.2,,0,0,0,0,0,0,0,,,,
RUE,2012,1,8,1,3.3,,,,,,,,950.8,,3.4,,0,0,0,0,0,0,0,,,,
RUE,2012,1,8,2,2.9,,,,,,,,950.9,,3,,0,0,0,0,0,0,0,,,,
RUE,2012,1,8,3,3,,,,,,,,951.1,,3.4,,0,0,0,0,0,0,0,,,,
RUE,2012,1,8,4,2.9,,,,,,,,951,,3.1,,0,0,0,0,0,0,0,,,,
RUE,2012,1,8,5,2.9,,,,,,,,950.4,,3.1,,0,0,0,0,0,0,0,,,,
RUE,2012,1,8,6,3.1,,,,,,,,950,,2.3,,0,0,0,0,0,0,0,,,,
RUE,2012,1,8,7,3.1,,,,,,,,950.2,,2,,0,0,0,0,0,0,0,,,,
RUE,2012,1,8,8,3.6,,,,,,,,950.5,,3.5,,4,0,0,0,0,0,0,,,,
RUE,2012,1,8,9,3.7,,,,,,,,950.7,,4.4,,20,2.9,19.7,0,0,0,0,,,,
RUE,2012,1,8,10,3.8,,,,,,,,950.9,,3.9,,23,0.8,22.8,0,0,0,0,,,,
RUE,2012,1,8,11,3.5,,,,,,,,950.8,,4.1,,15,0.2,15,0,0,0,0,,,,
RUE,2012,1,8,12,3.1,,,,,,,,950.7,,4,,25,0.3,24.9,0,0,0,0,,,,
RUE,2012,1,8,13,3.2,,,,,,,,951.1,,3.4,,51,1.4,50.5,0,0,0,0,,,,
RUE,2012,1,8,14,3.3,,,,,,,,951.5,,3.4,,22,0.3,21.9,0,0,0,0,,,,
RUE,2012,1,8,15,3.1,,,,,,,,951.9,,3.1,,11,0.1,11,0,0,0,0,,,,
RUE,2012,1,8,16,2.9,,,,,,,,952.5,,3.4,,0,0,0,0,0,0,0,,,,
RUE,2012,1,8,17,2.8,,,,,,,,953,,2.7,,0,0,0,0,0,0,0,,,,
RUE,2012,1,8,18,2.8,,,,,,,,953.3,,2.5,,0,0,0,0,0,0,0,,,,
RUE,2012,1,8,19,2.8,,,,,,,,953.5,,2.7,,0,0,0,0,0,0,0,,,,
RUE,2012,1,8,20,2.7,,,,,,,,954,,3.1,,0,0,0,0,0,0,0,,,,
RUE,2012,1,8,21,2.4,,,,,,,,954.3,,2.5,,0,0,0,0,0,0,0,,,,
RUE,2012,1,8,22,1.9,,,,,,,,954.5,,1.4,,0,0,0,0,0,0,0,,,,
RUE,2012,1,8,23,2,,,,,,,,954.9,,1.4,,0,0,0,0,0,0,0,,,,
RUE,2012,1,9,0,2.2,,,,,,,,955.2,,1.6,,0,0,0,0,0,0,0,,,,
RUE,2012,1,9,1,2.1,,,,,,,,955.6,,1.3,,0,0,0,0,0,0,0,,,,
RUE,2012,1,9,2,2.3,,,,,,,,956.1,,1.1,,0,0,0,0,0,0,0,,,,
RUE,2012,1,9,3,2.2,,,,,,,,956.2,,1.1,,0,0,0,0,0,0,0,,,,
RUE,2012,1,9,4,2.1,,,,,,,,956.3,,1.1,,0,0,0,0,0,0,0,,,,
RUE,2012,1,9,5,1.7,,,,,,,,956.5,,1.1,,0,0,0,0,0,0,0,,,,
RUE,2012,1,9,6,1.9,,,,,,,,956.7,,0.4,,0,0,0,0,0,0,0,,,,
RUE,2012,1,9,7,1.8,,,,,,,,956.9,,0.4,,2,0,0,0,0,0,0,,,,
RUE,2012,1,9,8,1.9,,,,,,,,957.3,,0.7,,40,0,0,0,0,0,0,,,,
RUE,2012,1,9,9,2.4,,,,,,,,957.8,,0.8,,87,615.3,28.8,0,0,0,0,,,,
RUE,2012,1,9,10,3.3,,,,,,,,958.2,,1.1,,201,674.1,58.5,0,0,0,0,,,,
RUE,2012,1,9,11,3.8,,,,,,,,957.8,,1.2,,128,24,120.9,0,0,0,0,,,,
RUE,2012,1,9,12,4,,,,,,,,957.7,,2.3,,111,7,108.6,0,0,0,0,,,,
RUE,2012,1,9,13,4.1,,,,,,,,957.7,,2.5,,83,3.7,81.7,0,0,0,0,,,,
RUE,2012,1,9,14,4,,,,,,,,958,,2.6,,49,1.6,48.5,0,0,0,0,,,,
RUE,2012,1,9,15,3.8,,,,,,,,958.2,,2.5,,20,0.5,19.9,0,0,0,0,,,,
RUE,2012,1,9,16,3,,,,,,,,958.7,,0.9,,0,0,0,0,0,0,0,,,,
RUE,2012,1,9,17,2.8,,,,,,,,959.3,,0.9,,0,0,0,0,0,0,0,,,,
RUE,2012,1,9,18,3,,,,,,,,959.6,,1.1,,0,0,0,0,0,0,0,,,,
RUE,2012,1,9,19,3.2,,,,,,,,960,,1.3,,0,0,0,0,0,0,0,,,,
RUE,2012,1,9,20,3.4,,,,,,,,959.9,,1.8,,0,0,0,0,0,0,0,,,,
RUE,2012,1,9,21,3.3,,,,,,,,960.3,,1,,0,0,0,0,0,0,0,,,,
RUE,2012,1,9,22,3.3,,,,,,,,960.3,,0.8,,0,0,0,0,0,0,0,,,,
RUE,2012,1,9,23,3.4,,,,,,,,960.3,,0.7,,0,0,0,0,0,0,0,,,,
RUE,2012,1,10,0,3.5,,,,,,,,960.2,,0.6,,0,0,0,0,0,0,0,,,,
RUE,2012,1,10,1,3.6,,,,,,,,960.5,,0.8,,0,0,0,0,0,0,0,,,,
RUE,2012,1,10,2,3.7,,,,,,,,960.8,,0.6,,0,0,0,0,0,0,0,,,,
RUE,2012,1,10,3,3.3,,,,,,,,960.4,,1.1,,0,0,0,0,0,0,0,,,,
RUE,2012,1,10,4,3.3,,,,,,,,960.4,,1.2,,0,0,0,0,0,0,0,,,,
RUE,2012,1,10,5,3.3,,,,,,,,960.4,,1.2,,0,0,0,0,0,0,0,,,,
RUE,2012,1,10,6,3.5,,,,,,,,960.6,,0.7,,0,0,0,0,0,0,0,,,,
RUE,2012,1,10,7,3.6,,,,,,,,960.9,,0.5,,3,0,0,0,0,0,0,,,,
RUE,2012,1,10,8,3.7,,,,,,,,961.2,,0.5,,45,0,0,0,0,0,0,,,,
RUE,2012,1,10,9,4.5,,,,,,,,961.6,,0.3,,112,977.8,18.5,0,0,0,0,,,,
RUE,2012,1,10,10,5.1,,,,,,,,961.6,,0.4,,154,264.2,97.7,0,0,0,0,,,,
RUE,2012,1,10,11,5.6,,,,,,,,961.5,,1,,165,81.9,140.6,0,0,0,0,,,,
RUE,2012,1,10,12,5.8,,,,,,,,961.3,,1.2,,189,78.7,161.9,0,0,0,0,,,,
RUE,2012,1,10,13,6.5,,,,,,,,961.1,,1.3,,196,88.2,165.3,0,0,0,0,,,,
RUE,2012,1,10,14,5.9,,,,,,,,961.1,,0.8,,93,5.7,91.2,0,0,0,0,,,,
RUE,2012,1,10,15,5.7,,,,,,,,961.2,,0.8,,58,4,57.1,0,0,0,0,,,,
RUE,2012,1,10,16,4.9,,,,,,,,961.3,,0.8,,2,0,2,0,0,0,0,,,,
RUE,2012,1,10,17,3.9,,,,,,,,961.2,,1.8,,0,0,0,0,0,0,0,,,,
RUE,2012,1,10,18,4.2,,,,,,,,961,,1.6,,0,0,0,0,0,0,0,,,,
RUE,2012,1,10,19,3.8,,,,,,,,960.9,,1.9,,0,0,0,0,0,0,0,,,,
RUE,2012,1,10,20,3.5,,,,,,,,961,,1.4,,0,0,0,0,0,0,0,,,,
RUE,2012,1,10,21,3.1,,,,,,,,961,,1.3,,0,0,0,0,0,0,0,,,,
RUE,2012,1,10,22,3.5,,,,,,,,960.9,,1.8,,0,0,0,0,0,0,0,,,,
RUE,2012,1,10,23,3.2,,,,,,,,960.8,,1.9,,0,0,0,0,0,0,0,,,,
RUE,2012,1,11,0,2.8,,,,,,,,960.8,,2.5,,0,0,0,0,0,0,0,,,,
RUE,2012,1,11,1,2.2,,,,,,,,960.8,,2.7,,0,0,0,0,0,0,0,,,,
RUE,2012,1,11,2,1.5,,,,,,,,960.8,,1.7,,0,0,0,0,0,0,0,,,,
RUE,2012,1,11,3,1.5,,,,,,,,960.6,,1.1,,0,0,0,0,0,0,0,,,,
RUE,2012,1,11,4,1.7,,,,,,,,960.5,,1.4,,0,0,0,0,0,0,0,,,,
RUE,2012,1,11,5,1.6,,,,,,,,960.6,,1.1,,0,0,0,0,0,0,0,,,,
RUE,2012,1,11,6,1.6,,,,,,,,960.6,,1.5,,0,0,0,0,0,0,0,,,,
RUE,2012,1,11,7,1.5,,,,,,,,960.9,,1.4,,2,0,0,0,0,0,0,,,,
RUE,2012,1,11,8,1.8,,,,,,,,961.6,,1.7,,27,0,0,0,0,0,0,,,,
RUE,2012,1,11,9,1.7,,,,,,,,962.1,,1.2,,50,58.3,44.3,0,0,0,0,,,,
RUE,2012,1,11,10,1.7,,,,,,,,962.5,,0.8,,68,6.5,66.6,0,0,0,0,,,,
RUE,2012,1,11,11,2.2,,,,,,,,962.2,,0.7,,139,34.1,128.8,0,0,0,0,,,,
RUE,2012,1,11,12,2.5,,,,,,,,961.8,,1.3,,158,31.4,147.1,0,0,0,0,,,,
RUE,2012,1,11,13,2.5,,,,,,,,961.4,,1.5,,102,5.4,100.1,0,0,0,0,,,,
RUE,2012,1,11,14,2.2,,,,,,,,961.5,,1.9,,77,3.9,75.8,0,0,0,0,,,,
RUE,2012,1,11,15,2.1,,,,,,,,961.8,,1.5,,30,1,29.8,0,0,0,0,,,,
RUE,2012,1,11,16,2,,,,,,,,961.7,,1.7,,3,0,3,0,0,0,0,,,,
RUE,2012,1,11,17,1.7,,,,,,,,961.7,,2.6,,0,0,0,0,0,0,0,,,,
RUE,2012,1,11,18,1.6,,,,,,,,961.8,,2.1,,0,0,0,0,0,0,0,,,,
RUE,2012,1,11,19,1.5,,,,,,,,961.8,,2,,0,0,0,0,0,0,0,,,,
RUE,2012,1,11,20,1.3,,,,,,,,961.7,,2.4,,0,0,0,0,0,0,0,,,,
RUE,2012,1,11,21,1,,,,,,,,961.3,,2.4,,0,0,0,0,0,0,0,,,,
RUE,2012,1,11,22,1,,,,,,,,960.9,,2.9,,0,0,0,0,0,0,0,,,,
RUE,2012,1,11,23,0.8,,,,,,,,960.4,,2.9,,0,0,0,0,0,0,0,,,,
RUE,2012,1,12,0,0.8,,,,,,,,960.1,,3,,0,0,0,0,0,0,0,,,,
RUE,2012,1,12,1,0.7,,,,,,,,959.5,,3.2,,0,0,0,0,0,0,0,,,,
RUE,2012,1,12,2,0.2,,,,,,,,959,,5,,0,0,0,0,0,0,0,,,,
RUE,2012,1,12,3,-0.1,,,,,,,,958.5,,4.3,,0,0,0,0,0,0,0,,,,
RUE,2012,1,12,4,-0.3,,,,,,,,957.8,,2.8,,0,0,0,0,0,0,0,,,,
RUE,2012,1,12,5,-0.2,,,,,,,,957.3,,2.2,,0,0,0,0,0,0,0,,,,
RUE,2012,1,12,6,-0.3,,,,,,,,956.9,,2.4,,0,0,0,0,0,0,0,,,,
RUE,2012,1,12,7,-0.4,,,,,,,,956.7,,2.5,,4,0,0,0,0,0,0,,,,
RUE,2012,1,12,8,-0.1,,,,,,,,956.9,,2,,78,0,0,0,0,0,0,,,,
RUE,2012,1,12,9,0.5,,,,,,,,957,,2.8,,203,1725.1,33.5,0,0,0,0,,,,
RUE,2012,1,12,10,1.5,,,,,,,,956.9,,3.8,,301,1162.3,49.7,0,0,0,0,,,,
RUE,2012,1,12,11,2.2,,,,,,,,956.1,,3.1,,350,967.8,57.8,0,0,0,0,,,,
RUE,2012,1,12,12,3.1,,,,,,,,955.4,,2,,334,687.3,94.2,0,0,0,0,,,,
RUE,2012,1,12,13,3.9,,,,,,,,955,,1.1,,209,111,169.7,0,0,0,0,,,,
RUE,2012,1,12,14,3.9,,,,,,,,954.8,,1.4,,186,109,151.5,0,0,0,0,,,,
RUE,2012,1,12,15,2,,,,,,,,954.9,,2.6,,60,4,59,0,0,0,0,,,,
RUE,2012,1,12,16,-0.1,,,,,,,,955,,1.7,,3,0,3,0,0,0,0,,,,
RUE,2012,1,12,17,-0.8,,,,,,,,955.4,,2.3,,0,0,0,0,0,0,0,,,,
RUE,2012,1,12,18,-0.6,,,,,,,,955.9,,3.2,,0,0,0,0,0,0,0,,,,
RUE,2012,1,12,19,-0.7,,,,,,,,956.2,,3.4,,0,0,0,0,0,0,0,,,,
RUE,2012,1,12,20,-1.1,,,,,,,,956.3,,1.5,,0,0,0,0,0,0,0,,,,
RUE,2012,1,12,21,-1.1,,,,,,,,956.4,,1,,0,0,0,0,0,0,0,,,,
RUE,2012,1,12,22,-0.4,,,,,,,,956.1,,1.5,,0,0,0,0,0,0,0,,,,
RUE,2012,1,12,23,0.5,,,,,,,,955.9,,0.6,,0,0,0,0,0,0,0,,,,
RUE,2012,1,13,0,0.6,,,,,,,,955.5,,0.5,,0,0,0,0,0,0,0,,,,
RUE,2012,1,13,1,0.7,,,,,,,,955.4,,0.5,,0,0,0,0,0,0,0,,,,
RUE,2012,1,13,2,1,,,,,,,,955.2,,0.6,,0,0,0,0,0,0,0,,,,
RUE,2012,1,13,3,1.2,,,,,,,,955.3,,0.9,,0,0,0,0,0,0,0,,,,
RUE,2012,1,13,4,1,,,,,,,,955.3,,0.6,,0,0,0,0,0,0,0,,,,
RUE,2012,1,13,5,1.3,,,,,,,,955.3,,0.8,,0,0,0,0,0,0,0,,,,
RUE,2012,1,13,6,1.3,,,,,,,,955,,1,,0,0,0,0,0,0,0,,,,
RUE,2012,1,13,7,1.3,,,,,,,,955.4,,2.4,,1,0,0,0,0,0,0,,,,
RUE,2012,1,13,8,1.3,,,,,,,,955.6,,1.9,,15,0,0,0,0,0,0,,,,
RUE,2012,1,13,9,1.5,,,,,,,,955.6,,2.1,,43,23.7,40.6,0,0,0,0,,,,
RUE,2012,1,13,10,1.8,,,,,,,,955.6,,2,,64,5.5,62.8,0,0,0,0,,,,
RUE,2012,1,13,11,2,,,,,,,,955.3,,2.5,,74,3.8,72.9,0,0,0,0,,,,
RUE,2012,1,13,12,2.2,,,,,,,,954.7,,2.1,,100,5.2,98.2,0,0,0,0,,,,
RUE,2012,1,13,13,2.3,,,,,,,,954.4,,2.2,,75,2.8,74,0,0,0,0,,,,
RUE,2012,1,13,14,2.3,,,,,,,,954.3,,2.6,,109,8.3,106.4,0,0,0,0,,,,
RUE,2012,1,13,15,1.6,,,,,,,,954.6,,3.1,,31,1,30.7,0,0,0,0,,,,
RUE,2012,1,13,16,0.9,,,,,,,,954.8,,1.2,,2,0,2,0,0,0,0,,,,
RUE,2012,1,13,17,0.5,,,,,,,,955.1,,1.3,,0,0,0,0,0,0,0,,,,
RUE,2012,1,13,18,0.2,,,,,,,,955.3,,1.4,,0,0,0,0,0,0,0,,,,
RUE,2012,1,13,19,-0.4,,,,,,,,955.3,,0.9,,0,0,0,0,0,0,0,,,,
RUE,2012,1,13,20,-0.5,,,,,,,,955.3,,0.4,,0,0,0,0,0,0,0,,,,
RUE,2012,1,13,21,-0.5,,,,,,,,955,,0.5,,0,0,0,0,0,0,0,,,,
RUE,2012,1,13,22,-0.6,,,,,,,,954.8,,1,,0,0,0,0,0,0,0,,,,
RUE,2012,1,13,23,-0.6,,,,,,,,954.7,,0.7,,0,0,0,0,0,0,0,,,,
RUE,2012,1,14,0,-1.3,,,,,,,,954.5,,0.7,,0,0,0,0,0,0,0,,,,
RUE,2012,1,14,1,-1.4,,,,,,,,954.4,,0.6,,0,0,0,0,0,0,0,,,,
RUE,2012,1,14,2,-1.9,,,,,,,,954.6,,0.5,,0,0,0,0,0,0,0,,,,
RUE,2012,1,14,3,-2.9,,,,,,,,954.4,,0.2,,0,0,0,0,0,0,0,,,,
RUE,2012,1,14,4,-3.2,,,,,,,,953.9,,0.4,,0,0,0,0,0,0,0,,,,
RUE,2012,1,14,5,-3,,,,,,,,953.7,,0.9,,0,0,0,0,0,0,0,,,,
RUE,2012,1,14,6,-3.2,,,,,,,,953.5,,1.3,,0,0,0,0,0,0,0,,,,
RUE,2012,1,14,7,-3.4,,,,,,,,953.6,,2,,4,0,0,0,0,0,0,,,,
RUE,2012,1,14,8,-2.7,,,,,,,,953.4,,1.5,,84,0,0,0,0,0,0,,,,
RUE,2012,1,14,9,-1.2,,,,,,,,953.2,,1.3,,209,1722.1,34.5,0,0,0,0,,,,
RUE,2012,1,14,10,-0.5,,,,,,,,953.1,,2.3,,304,1153.7,50.2,0,0,0,0,,,,
RUE,2012,1,14,11,0.2,,,,,,,,952.6,,3.2,,351,956.4,57.9,0,0,0,0,,,,
RUE,2012,1,14,12,0.8,,,,,,,,952.1,,3.9,,342,704.5,92.6,0,0,0,0,,,,
RUE,2012,1,14,13,1,,,,,,,,951.5,,4.9,,196,76.3,168.6,0,0,0,0,,,,
RUE,2012,1,14,14,1.1,,,,,,,,951.4,,4.4,,200,138.9,155.3,0,0,0,0,,,,
RUE,2012,1,14,15,0.6,,,,,,,,951.5,,3.4,,70,5.2,68.7,0,0,0,0,,,,
RUE,2012,1,14,16,-0.4,,,,,,,,951.6,,2.5,,4,0.1,4,0,0,0,0,,,,
RUE,2012,1,14,17,-0.8,,,,,,,,951.7,,2,,0,0,0,0,0,0,0,,,,
RUE,2012,1,14,18,-1.2,,,,,,,,951.4,,1.9,,0,0,0,0,0,0,0,,,,
RUE,2012,1,14,19,-1.6,,,,,,,,951.4,,2.3,,0,0,0,0,0,0,0,,,,
RUE,2012,1,14,20,-1.8,,,,,,,,951.3,,2.6,,0,0,0,0,0,0,0,,,,
RUE,2012,1,14,21,-2.1,,,,,,,,951.1,,3.1,,0,0,0,0,0,0,0,,,,
RUE,2012,1,14,22,-2.3,,,,,,,,950.7,,2.6,,0,0,0,0,0,0,0,,,,
RUE,2012,1,14,23,-2.4,,,,,,,,950.5,,3.5,,0,0,0,0,0,0,0,,,,
RUE,2012,1,15,0,-2.2,,,,,,,,950.2,,4.4,,0,0,0,0,0,0,0,,,,
RUE,2012,1,15,1,-2.6,,,,,,,,950.1,,4.4,,0,0,0,0,0,0,0,,,,
RUE,2012,1,15,2,-2.8,,,,,,,,949.9,,4.5,,0,0,0,0,0,0,0,,,,
RUE,2012,1,15,3,-3.3,,,,,,,,949.5,,3.7,,0,0,0,0,0,0,0,,,,
RUE,2012,1,15,4,-3.6,,,,,,,,949.5,,2.9,,0,0,0,0,0,0,0,,,,
RUE,2012,1,15,5,-2.9,,,,,,,,949.4,,4.7,,0,0,0,0,0,0,0,,,,
RUE,2012,1,15,6,-3.2,,,,,,,,949.6,,4.1,,0,0,0,0,0,0,0,,,,
RUE,2012,1,15,7,-3.1,,,,,,,,949.8,,4.1,,8,0,0,0,0,0,0,,,,
RUE,2012,1,15,8,-3.1,,,,,,,,949.7,,4.9,,79,0,0,0,0,0,0,,,,
RUE,2012,1,15,9,-2.4,,,,,,,,949.5,,5.6,,206,1669.1,34,0,0,0,0,,,,
RUE,2012,1,15,10,-1.6,,,,,,,,949.3,,5.9,,298,1120.4,49.2,0,0,0,0,,,,
RUE,2012,1,15,11,-0.7,,,,,,,,948.7,,5.6,,353,954.4,58.2,0,0,0,0,,,,
RUE,2012,1,15,12,-0.1,,,,,,,,948.1,,6.3,,344,701.2,93.8,0,0,0,0,,,,
RUE,2012,1,15,13,0.1,,,,,,,,947.5,,6.2,,194,69.9,168.7,0,0,0,0,,,,
RUE,2012,1,15,14,0.2,,,,,,,,947.5,,5.3,,204,145.2,156.8,0,0,0,0,,,,
RUE,2012,1,15,15,-0.3,,,,,,,,947.6,,4.6,,71,5.2,69.7,0,0,0,0,,,,
RUE,2012,1,15,16,-1.1,,,,,,,,947.8,,2.8,,4,0.1,4,0,0,0,0,,,,
RUE,2012,1,15,17,-1.5,,,,,,,,947.8,,1.8,,0,0,0,0,0,0,0,,,,
RUE,2012,1,15,18,-1.9,,,,,,,,947.8,,2.4,,0,0,0,0,0,0,0,,,,
RUE,2012,1,15,19,-2,,,,,,,,947.9,,4.1,,0,0,0,0,0,0,0,,,,
RUE,2012,1,15,20,-2.4,,,,,,,,948.1,,4.8,,0,0,0,0,0,0,0,,,,
RUE,2012,1,15,21,-2.7,,,,,,,,948.1,,4.3,,0,0,0,0,0,0,0,,,,
RUE,2012,1,15,22,-3,,,,,,,,948,,4.9,,0,0,0,0,0,0,0,,,,
RUE,2012,1,15,23,-3.3,,,,,,,,948,,3.8,,0,0,0,0,0,0,0,,,,
RUE,2012,1,16,0,-3.5,,,,,,,,947.9,,3.9,,0,0,0,0,0,0,0,,,,
RUE,2012,1,16,1,-3.6,,,,,,,,947.8,,3.6,,0,0,0,0,0,0,0,,,,
RUE,2012,1,16,2,-3.8,,,,,,,,947.9,,3.9,,0,0,0,0,0,0,0,,,,
RUE,2012,1,16,3,-3.9,,,,,,,,948.1,,3.8,,0,0,0,0,0,0,0,,,,
RUE,2012,1,16,4,-4.1,,,,,,,,948.4,,2.8,,0,0,0,0,0,0,0,,,,
RUE,2012,1,16,5,-4,,,,,,,,948.5,,3.7,,0,0,0,0,0,0,0,,,,
RUE,2012,1,16,6,-4.2,,,,,,,,948.7,,3.5,,0,0,0,0,0,0,0,,,,
RUE,2012,1,16,7,-4.4,,,,,,,,949,,2.8,,4,0,0,0,0,0,0,,,,
RUE,2012,1,16,8,-4,,,,,,,,949.4,,2.9,,83,0,0,0,0,0,0,,,,
RUE,2012,1,16,9,-3.3,,,,,,,,949.6,,3.9,,210,1671.7,34.6,0,0,0,0,,,,
RUE,2012,1,16,10,-2.4,,,,,,,,949.8,,4.3,,303,1128.1,50,0,0,0,0,,,,
RUE,2012,1,16,11,-1.6,,,,,,,,949.6,,4.9,,355,952,58.6,0,0,0,0,,,,
RUE,2012,1,16,12,-0.7,,,,,,,,949.2,,5,,348,708.2,93.4,0,0,0,0,,,,
RUE,2012,1,16,13,-0.2,,,,,,,,949,,5.5,,202,81.5,172.2,0,0,0,0,,,,
RUE,2012,1,16,14,0,,,,,,,,949.3,,4.3,,211,161.2,158,0,0,0,0,,,,
RUE,2012,1,16,15,-0.1,,,,,,,,949.6,,4,,75,5.7,73.6,0,0,0,0,,,,
RUE,2012,1,16,16,-0.7,,,,,,,,950.1,,2.4,,4,0.1,4,0,0,0,0,,,,
RUE,2012,1,16,17,-1.4,,,,,,,,950.8,,3.4,,0,0,0,0,0,0,0,,,,
RUE,2012,1,16,18,-1.8,,,,,,,,951.5,,3.3,,0,0,0,0,0,0,0,,,,
RUE,2012,1,16,19,-2.4,,,,,,,,952,,3.4,,0,0,0,0,0,0,0,,,,
RUE,2012,1,16,20,-3,,,,,,,,952.4,,3.3,,0,0,0,0,0,0,0,,,,
RUE,2012,1,16,21,-3.1,,,,,,,,952.8,,3.3,,0,0,0,0,0,0,0,,,,
RUE,2012,1,16,22,-3.3,,,,,,,,953.1,,2.3,,0,0,0,0,0,0,0,,,,
RUE,2012,1,16,23,-3.8,,,,,,,,953.2,,2,,0,0,0,0,0,0,0,,,,
RUE,2012,1,17,0,-4.3,,,,,,,,953.3,,1.5,,0,0,0,0,0,0,0,,,,
RUE,2012,1,17,1,-4.4,,,,,,,,953.5,,2.2,,0,0,0,0,0,0,0,,,,
RUE,2012,1,17,2,-4.5,,,,,,,,953.6,,2.2,,0,0,0,0,0,0,0,,,,
RUE,2012,1,17,3,-4.5,,,,,,,,953.9,,2.7,,0,0,0,0,0,0,0,,,,
RUE,2012,1,17,4,-4.4,,,,,,,,954.2,,2.8,,0,0,0,0,0,0,0,,,,
RUE,2012,1,17,5,-4.4,,,,,,,,954.4,,2.7,,0,0,0,0,0,0,0,,,,
RUE,2012,1,17,6,-4.5,,,,,,,,954.5,,2.7,,0,0,0,0,0,0,0,,,,
RUE,2012,1,17,7,-4.2,,,,,,,,954.7,,2.8,,7,0,0,0,0,0,0,,,,
RUE,2012,1,17,8,-4.7,,,,,,,,955.3,,1.7,,81,0,0,0,0,0,0,,,,
RUE,2012,1,17,9,-3.5,,,,,,,,955.9,,1.1,,195,1524,32.2,0,0,0,0,,,,
RUE,2012,1,17,10,-1.9,,,,,,,,956,,1.5,,301,1109.3,49.7,0,0,0,0,,,,
RUE,2012,1,17,11,-0.7,,,,,,,,956.1,,2.1,,352,936.5,57.9,0,0,0,0,,,,
RUE,2012,1,17,12,0.7,,,,,,,,955.8,,1.8,,340,650.6,104.2,0,0,0,0,,,,
RUE,2012,1,17,13,1,,,,,,,,955.6,,1.6,,206,85.8,174.4,0,0,0,0,,,,
RUE,2012,1,17,14,1.5,,,,,,,,955.8,,1.3,,192,100.8,158.5,0,0,0,0,,,,
RUE,2012,1,17,15,0.5,,,,,,,,956,,1.5,,70,4.8,68.8,0,0,0,0,,,,
RUE,2012,1,17,16,-0.2,,,,,,,,956.5,,1.1,,6,0.1,6,0,0,0,0,,,,
RUE,2012,1,17,17,-0.6,,,,,,,,956.5,,1.1,,0,0,0,0,0,0,0,,,,
RUE,2012,1,17,18,-0.7,,,,,,,,956.7,,1.4,,0,0,0,0,0,0,0,,,,
RUE,2012,1,17,19,-1.2,,,,,,,,956.9,,1.4,,0,0,0,0,0,0,0,,,,
RUE,2012,1,17,20,-1.7,,,,,,,,957.1,,1.3,,0,0,0,0,0,0,0,,,,
RUE,2012,1,17,21,-1.6,,,,,,,,957.1,,1.5,,0,0,0,0,0,0,0,,,,
RUE,2012,1,17,22,-1.3,,,,,,,,957.2,,2.1,,0,0,0,0,0,0,0,,,,
RUE,2012,1,17,23,-2,,,,,,,,957.6,,1.7,,0,0,0,0,0,0,0,,,,
RUE,2012,1,18,0,-2.3,,,,,,,,957.6,,2.4,,0,0,0,0,0,0,0,,,,
RUE,2012,1,18,1,-2.1,,,,,,,,957.3,,2.6,,0,0,0,0,0,0,0,,,,
RUE,2012,1,18,2,-2.1,,,,,,,,957.3,,2.2,,0,0,0,0,0,0,0,,,,
RUE,2012,1,18,3,-2.9,,,,,,,,957.2,,2.9,,0,0,0,0,0,0,0,,,,
RUE,2012,1,18,4,-3.1,,,,,,,,957.3,,2.5,,0,0,0,0,0,0,0,,,,
RUE,2012,1,18,5,-3.1,,,,,,,,957.6,,2.5,,0,0,0,0,0,0,0,,,,
RUE,2012,1,18,6,-3.2,,,,,,,,958,,2.2,,0,0,0,0,0,0,0,,,,
RUE,2012,1,18,7,-2.5,,,,,,,,958.2,,1.9,,5,0,0,0,0,0,0,,,,
RUE,2012,1,18,8,-1.9,,,,,,,,958,,2,,96,0,0,0,0,0,0,,,,
RUE,2012,1,18,9,-1,,,,,,,,958,,2,,221,1694.4,36.5,0,0,0,0,,,,
RUE,2012,1,18,10,0.1,,,,,,,,958,,1.5,,281,1024.6,46.4,0,0,0,0,,,,
RUE,2012,1,18,11,1.7,,,,,,,,958.1,,1.1,,331,844,63.7,0,0,0,0,,,,
RUE,2012,1,18,12,3,,,,,,,,957.9,,1.9,,343,651.6,104.8,0,0,0,0,,,,
RUE,2012,1,18,13,3.9,,,,,,,,957.7,,1.6,,213,96.3,177.2,0,0,0,0,,,,
RUE,2012,1,18,14,4.3,,,,,,,,957.7,,1,,210,144.3,161.6,0,0,0,0,,,,
RUE,2012,1,18,15,2.7,,,,,,,,958,,1.4,,74,5.2,72.7,0,0,0,0,,,,
RUE,2012,1,18,16,1.9,,,,,,,,958.2,,0.6,,4,0,4,0,0,0,0,,,,
RUE,2012,1,18,17,1.5,,,,,,,,958.5,,1,,0,0,0,0,0,0,0,,,,
RUE,2012,1,18,18,0.6,,,,,,,,958.4,,0.8,,0,0,0,0,0,0,0,,,,
RUE,2012,1,18,19,-0.2,,,,,,,,958.3,,0.7,,0,0,0,0,0,0,0,,,,
RUE,2012,1,18,20,0.1,,,,,,,,958.5,,0.4,,0,0,0,0,0,0,0,,,,
RUE,2012,1,18,21,-0.4,,,,,,,,958.5,,0.9,,0,0,0,0,0,0,0,,,,
RUE,2012,1,18,22,-0.3,,,,,,,,958.4,,0.7,,0,0,0,0,0,0,0,,,,
RUE,2012,1,18,23,0,,,,,,,,958.1,,0.4,,0,0,0,0,0,0,0,,,,
RUE,2012,1,19,0,-0.3,,,,,,,,957.7,,1,,0,0,0,0,0,0,0,,,,
RUE,2012,1,19,1,1.1,,,,,,,,957.7,,0.8,,0,0,0,0,0,0,0,,,,
RUE,2012,1,19,2,0.8,,,,,,,,957.1,,0.3,,0,0,0,0,0,0,0,,,,
RUE,2012,1,19,3,0.8,,,,,,,,956.7,,0.7,,0,0,0,0,0,0,0,,,,
RUE,2012,1,19,4,1.5,,,,,,,,956.6,,1.3,,0,0,0,0,0,0,0,,,,
RUE,2012,1,19,5,3.7,,,,,,,,956.4,,0.7,,0,0,0,0,0,0,0,,,,
RUE,2012,1,19,6,4.6,,,,,,,,956.1,,0.6,,0,0,0,0,0,0,0,,,,
RUE,2012,1,19,7,5,,,,,,,,955.9,,1.6,,1,0,0,0,0,0,0,,,,
RUE,2012,1,19,8,6.7,,,,,,,,955.6,,3.9,,14,0,0,0,0,0,0,,,,
RUE,2012,1,19,9,7.4,,,,,,,,955.3,,5,,38,8.3,37.1,0,0,0,0,,,,
RUE,2012,1,19,10,7.2,,,,,,,,955.1,,5.3,,52,3.2,51.3,0,0,0,0,,,,
RUE,2012,1,19,11,7.1,,,,,,,,954.6,,4,,47,1.4,46.6,0,0,0,0,,,,
RUE,2012,1,19,12,7.3,,,,,,,,953.9,,3.8,,31,0.5,30.8,0,0,0,0,,,,
RUE,2012,1,19,13,8,,,,,,,,953.1,,4.6,,24,0.3,23.9,0,0,0,0,,,,
RUE,2012,1,19,14,8.3,,,,,,,,952.9,,3.6,,12,0.1,12,0,0,0,0,,,,
RUE,2012,1,19,15,8.7,,,,,,,,952.5,,3.8,,5,0,5,0,0,0,0,,,,
RUE,2012,1,19,16,8.6,,,,,,,,952,,4.1,,2,0,2,0,0,0,0,,,,
RUE,2012,1,19,17,8.2,,,,,,,,951.9,,6.9,,0,0,0,0,0,0,0,,,,
RUE,2012,1,19,18,8.2,,,,,,,,951.6,,6.2,,0,0,0,0,0,0,0,,,,
RUE,2012,1,19,19,8.3,,,,,,,,951,,6.4,,0,0,0,0,0,0,0,,,,
RUE,2012,1,19,20,7.2,,,,,,,,950.5,,5.9,,0,0,0,0,0,0,0,,,,
RUE,2012,1,19,21,6.8,,,,,,,,949.9,,5.9,,0,0,0,0,0,0,0,,,,
RUE,2012,1,19,22,6.9,,,,,,,,949.1,,7.2,,0,0,0,0,0,0,0,,,,
RUE,2012,1,19,23,7.4,,,,,,,,948.9,,5.4,,0,0,0,0,0,0,0,,,,
RUE,2012,1,20,0,7.2,,,,,,,,948.6,,5.3,,0,0,0,0,0,0,0,,,,
RUE,2012,1,20,1,7.6,,,,,,,,948,,7.1,,0,0,0,0,0,0,0,,,,
RUE,2012,1,20,2,7.3,,,,,,,,947.5,,7.2,,0,0,0,0,0,0,0,,,,
RUE,2012,1,20,3,7.4,,,,,,,,946.7,,7.1,,0,0,0,0,0,0,0,,,,
RUE,2012,1,20,4,6,,,,,,,,946.3,,6.8,,0,0,0,0,0,0,0,,,,
RUE,2012,1,20,5,4.5,,,,,,,,946.8,,6.7,,0,0,0,0,0,0,0,,,,
RUE,2012,1,20,6,4.6,,,,,,,,947.4,,6.3,,0,0,0,0,0,0,0,,,,
RUE,2012,1,20,7,4.3,,,,,,,,947.3,,6,,0,0,0,0,0,0,0,,,,
RUE,2012,1,20,8,2.6,,,,,,,,948.1,,7,,2,0,0,0,0,0,0,,,,
RUE,2012,1,20,9,1.3,,,,,,,,949.3,,5.3,,15,1.1,14.9,0,0,0,0,,,,
RUE,2012,1,20,10,2.4,,,,,,,,950.1,,5,,109,35.1,100.8,0,0,0,0,,,,
RUE,2012,1,20,11,3.1,,,,,,,,950,,3.9,,176,76.8,151.2,0,0,0,0,,,,
RUE,2012,1,20,12,3.2,,,,,,,,949.7,,4.5,,100,4.6,98.3,0,0,0,0,,,,
RUE,2012,1,20,13,2,,,,,,,,949.3,,5,,40,0.7,39.7,0,0,0,0,,,,
RUE,2012,1,20,14,1.5,,,,,,,,948.3,,4,,34,0.6,33.8,0,0,0,0,,,,
RUE,2012,1,20,15,2.5,,,,,,,,947.5,,5.4,,12,0.1,12,0,0,0,0,,,,
RUE,2012,1,20,16,2.4,,,,,,,,946.9,,6.2,,1,0,1,0,0,0,0,,,,
RUE,2012,1,20,17,2.5,,,,,,,,946.4,,6,,0,0,0,0,0,0,0,,,,
RUE,2012,1,20,18,3.1,,,,,,,,946,,7.9,,0,0,0,0,0,0,0,,,,
RUE,2012,1,20,19,3.7,,,,,,,,945.9,,7.1,,0,0,0,0,0,0,0,,,,
RUE,2012,1,20,20,3.8,,,,,,,,945.9,,7.5,,0,0,0,0,0,0,0,,,,
RUE,2012,1,20,21,3.8,,,,,,,,945.8,,7,,0,0,0,0,0,0,0,,,,
RUE,2012,1,20,22,4,,,,,,,,945.8,,6.8,,0,0,0,0,0,0,0,,,,
RUE,2012,1,20,23,4.1,,,,,,,,946.2,,6.6,,0,0,0,0,0,0,0,,,,
RUE,2012,1,21,0,4.1,,,,,,,,946.5,,4.7,,0,0,0,0,0,0,0,,,,
RUE,2012,1,21,1,4.2,,,,,,,,946.9,,3.7,,0,0,0,0,0,0,0,,,,
RUE,2012,1,21,2,4.2,,,,,,,,947.3,,4,,0,0,0,0,0,0,0,,,,
RUE,2012,1,21,3,4.3,,,,,,,,946.9,,2.6,,0,0,0,0,0,0,0,,,,
RUE,2012,1,21,4,4.4,,,,,,,,946.6,,3.3,,0,0,0,0,0,0,0,,,,
RUE,2012,1,21,5,4.3,,,,,,,,946.3,,3.8,,0,0,0,0,0,0,0,,,,
RUE,2012,1,21,6,3.9,,,,,,,,946.6,,4.7,,0,0,0,0,0,0,0,,,,
RUE,2012,1,21,7,4,,,,,,,,947,,5.6,,0,0,0,0,0,0,0,,,,
RUE,2012,1,21,8,4.4,,,,,,,,947.2,,4.7,,5,0,0,0,0,0,0,,,,
RUE,2012,1,21,9,5.2,,,,,,,,946.6,,4.9,,48,19.6,45.7,0,0,0,0,,,,
RUE,2012,1,21,10,5.7,,,,,,,,946.5,,5.4,,45,2.3,44.5,0,0,0,0,,,,
RUE,2012,1,21,11,6.3,,,,,,,,946,,5.7,,67,2.7,66.1,0,0,0,0,,,,
RUE,2012,1,21,12,6.5,,,,,,,,945.6,,4.8,,61,1.7,60.4,0,0,0,0,,,,
RUE,2012,1,21,13,6.7,,,,,,,,945.3,,5.7,,63,1.7,62.3,0,0,0,0,,,,
RUE,2012,1,21,14,6.9,,,,,,,,945.2,,6.2,,46,1.1,45.6,0,0,0,0,,,,
RUE,2012,1,21,15,7.3,,,,,,,,944.5,,7.5,,20,0.3,19.9,0,0,0,0,,,,
RUE,2012,1,21,16,7.4,,,,,,,,943.6,,7.7,,6,0.1,6,0,0,0,0,,,,
RUE,2012,1,21,17,7.7,,,,,,,,943.4,,6.8,,0,0,0,0,0,0,0,,,,
RUE,2012,1,21,18,8.4,,,,,,,,943.2,,6.2,,0,0,0,0,0,0,0,,,,
RUE,2012,1,21,19,8.8,,,,,,,,942.8,,6.6,,0,0,0,0,0,0,0,,,,
RUE,2012,1,21,20,8.7,,,,,,,,942.4,,7.7,,0,0,0,0,0,0,0,,,,
RUE,2012,1,21,21,8.3,,,,,,,,942.4,,8.6,,0,0,0,0,0,0,0,,,,
RUE,2012,1,21,22,8.2,,,,,,,,942.3,,8.2,,0,0,0,0,0,0,0,,,,
RUE,2012,1,21,23,7.6,,,,,,,,942.8,,5.4,,0,0,0,0,0,0,0,,,,
RUE,2012,1,22,0,7.6,,,,,,,,942.9,,6.9,,0,0,0,0,0,0,0,,,,
RUE,2012,1,22,1,7.1,,,,,,,,943.1,,7,,0,0,0,0,0,0,0,,,,
RUE,2012,1,22,2,6.6,,,,,,,,943.6,,6.1,,0,0,0,0,0,0,0,,,,
RUE,2012,1,22,3,5.9,,,,,,,,943.6,,7.2,,0,0,0,0,0,0,0,,,,
RUE,2012,1,22,4,4.6,,,,,,,,944.1,,6.3,,0,0,0,0,0,0,0,,,,
RUE,2012,1,22,5,4.1,,,,,,,,944.4,,5.9,,0,0,0,0,0,0,0,,,,
RUE,2012,1,22,6,3.6,,,,,,,,944.5,,5.8,,0,0,0,0,0,0,0,,,,
RUE,2012,1,22,7,3.6,,,,,,,,944.8,,5.4,,0,0,0,0,0,0,0,,,,
RUE,2012,1,22,8,3.1,,,,,,,,945.4,,4.1,,8,0,0,0,0,0,0,,,,
RUE,2012,1,22,9,3.6,,,,,,,,945.4,,3.4,,59,49.5,53.1,0,0,0,0,,,,
RUE,2012,1,22,10,4,,,,,,,,945.6,,4.9,,133,83.1,113.1,0,0,0,0,,,,
RUE,2012,1,22,11,4.5,,,,,,,,945.6,,3.1,,76,3.4,74.9,0,0,0,0,,,,
RUE,2012,1,22,12,5.3,,,,,,,,944.8,,4.6,,136,10.1,132.2,0,0,0,0,,,,
RUE,2012,1,22,13,5.7,,,,,,,,944.3,,5.9,,154,16.2,147.7,0,0,0,0,,,,
RUE,2012,1,22,14,6,,,,,,,,944.1,,6.3,,153,25.5,144.1,0,0,0,0,,,,
RUE,2012,1,22,15,6.1,,,,,,,,944.2,,5.6,,53,2.4,52.3,0,0,0,0,,,,
RUE,2012,1,22,16,5.8,,,,,,,,944.6,,5.5,,1,0,1,0,0,0,0,,,,
RUE,2012,1,22,17,4.7,,,,,,,,945,,4.4,,0,0,0,0,0,0,0,,,,
RUE,2012,1,22,18,4.8,,,,,,,,945.4,,4.7,,0,0,0,0,0,0,0,,,,
RUE,2012,1,22,19,5,,,,,,,,945.6,,5.9,,0,0,0,0,0,0,0,,,,
RUE,2012,1,22,20,5,,,,,,,,945.9,,5.8,,0,0,0,0,0,0,0,,,,
RUE,2012,1,22,21,5.1,,,,,,,,946.1,,3.5,,0,0,0,0,0,0,0,,,,
RUE,2012,1,22,22,5.2,,,,,,,,946.5,,4,,0,0,0,0,0,0,0,,,,
RUE,2012,1,22,23,5.2,,,,,,,,946.5,,3.2,,0,0,0,0,0,0,0,,,,
RUE,2012,1,23,0,5.3,,,,,,,,946.6,,2.9,,0,0,0,0,0,0,0,,,,
RUE,2012,1,23,1,5.1,,,,,,,,946.6,,3.3,,0,0,0,0,0,0,0,,,,
RUE,2012,1,23,2,4.9,,,,,,,,946.4,,3.6,,0,0,0,0,0,0,0,,,,
RUE,2012,1,23,3,4.9,,,,,,,,946.4,,3.5,,0,0,0,0,0,0,0,,,,
RUE,2012,1,23,4,4.6,,,,,,,,946.3,,3.2,,0,0,0,0,0,0,0,,,,
RUE,2012,1,23,5,4.4,,,,,,,,946.2,,2.9,,0,0,0,0,0,0,0,,,,
RUE,2012,1,23,6,4.6,,,,,,,,946.4,,2.7,,0,0,0,0,0,0,0,,,,
RUE,2012,1,23,7,4.6,,,,,,,,946.6,,3.3,,3,0,0,0,0,0,0,,,,
RUE,2012,1,23,8,4.7,,,,,,,,946.8,,2.8,,23,0,0,0,0,0,0,,,,
RUE,2012,1,23,9,5.1,,,,,,,,946.9,,3.7,,100,437.4,47.1,0,0,0,0,,,,
RUE,2012,1,23,10,5.4,,,,,,,,946.8,,4.5,,116,40.1,106.3,0,0,0,0,,,,
RUE,2012,1,23,11,5.4,,,,,,,,946.7,,4.5,,96,5.3,94.2,0,0,0,0,,,,
RUE,2012,1,23,12,5.2,,,,,,,,946.6,,4.5,,119,6.3,116.6,0,0,0,0,,,,
RUE,2012,1,23,13,5.4,,,,,,,,946.4,,4.6,,128,7.3,125.2,0,0,0,0,,,,
RUE,2012,1,23,14,5.4,,,,,,,,946.4,,3.3,,88,3.9,86.6,0,0,0,0,,,,
RUE,2012,1,23,15,5,,,,,,,,946.3,,4,,58,2.8,57.2,0,0,0,0,,,,
RUE,2012,1,23,16,4.6,,,,,,,,946.4,,3.7,,4,0,4,0,0,0,0,,,,
RUE,2012,1,23,17,4,,,,,,,,946.5,,3.4,,0,0,0,0,0,0,0,,,,
RUE,2012,1,23,18,3.8,,,,,,,,946.6,,2.4,,0,0,0,0,0,0,0,,,,
RUE,2012,1,23,19,3.8,,,,,,,,946.4,,3.3,,0,0,0,0,0,0,0,,,,
RUE,2012,1,23,20,3.8,,,,,,,,946.3,,2.5,,0,0,0,0,0,0,0,,,,
RUE,2012,1,23,21,3.8,,,,,,,,946.2,,2.6,,0,0,0,0,0,0,0,,,,
RUE,2012,1,23,22,3.4,,,,,,,,946.5,,4,,0,0,0,0,0,0,0,,,,
RUE,2012,1,23,23,3.3,,,,,,,,946.5,,3.8,,0,0,0,0,0,0,0,,,,
RUE,2012,1,24,0,3.2,,,,,,,,946.5,,4.2,,0,0,0,0,0,0,0,,,,
RUE,2012,1,24,1,2.5,,,,,,,,946.6,,3.6,,0,0,0,0,0,0,0,,,,
RUE,2012,1,24,2,2.2,,,,,,,,946.9,,3.8,,0,0,0,0,0,0,0,,,,
RUE,2012,1,24,3,2.4,,,,,,,,946.9,,3.8,,0,0,0,0,0,0,0,,,,
RUE,2012,1,24,4,2.5,,,,,,,,947.2,,3.5,,0,0,0,0,0,0,0,,,,
RUE,2012,1,24,5,0.7,,,,,,,,947.9,,3.3,,0,0,0,0,0,0,0,,,,
RUE,2012,1,24,6,0.2,,,,,,,,948.2,,1.1,,0,0,0,0,0,0,0,,,,
RUE,2012,1,24,7,0.3,,,,,,,,948.6,,1.1,,3,0,0,0,0,0,0,,,,
RUE,2012,1,24,8,0.6,,,,,,,,949.1,,1.3,,75,0,0,0,0,0,0,,,,
RUE,2012,1,24,9,1.3,,,,,,,,949.5,,2.1,,228,1538.8,37.6,0,0,0,0,,,,
RUE,2012,1,24,10,2.2,,,,,,,,950,,2.4,,246,770.2,56.6,0,0,0,0,,,,
RUE,2012,1,24,11,2.4,,,,,,,,949.8,,2.4,,188,87.4,158.7,0,0,0,0,,,,
RUE,2012,1,24,12,3,,,,,,,,949.5,,1.9,,245,154.2,185.5,0,0,0,0,,,,
RUE,2012,1,24,13,3.1,,,,,,,,949.3,,1.5,,111,5.1,109,0,0,0,0,,,,
RUE,2012,1,24,14,2.8,,,,,,,,949.2,,1.9,,90,4,88.6,0,0,0,0,,,,
RUE,2012,1,24,15,2.8,,,,,,,,949.1,,0.7,,40,1.3,39.6,0,0,0,0,,,,
RUE,2012,1,24,16,2.4,,,,,,,,949,,1,,4,0,4,0,0,0,0,,,,
RUE,2012,1,24,17,2.1,,,,,,,,949.2,,0.7,,0,0,0,0,0,0,0,,,,
RUE,2012,1,24,18,1.8,,,,,,,,949.3,,0.5,,0,0,0,0,0,0,0,,,,
RUE,2012,1,24,19,1.7,,,,,,,,949.3,,0.3,,0,0,0,0,0,0,0,,,,
RUE,2012,1,24,20,1.2,,,,,,,,949.3,,0.8,,0,0,0,0,0,0,0,,,,
RUE,2012,1,24,21,1.4,,,,,,,,949.3,,0.7,,0,0,0,0,0,0,0,,,,
RUE,2012,1,24,22,1.3,,,,,,,,949.6,,0.7,,0,0,0,0,0,0,0,,,,
RUE,2012,1,24,23,1,,,,,,,,949.5,,0.6,,0,0,0,0,0,0,0,,,,
RUE,2012,1,25,0,0.7,,,,,,,,949.3,,0.4,,0,0,0,0,0,0,0,,,,
RUE,2012,1,25,1,1,,,,,,,,948.9,,0.8,,0,0,0,0,0,0,0,,,,
RUE,2012,1,25,2,0.9,,,,,,,,948.8,,2.3,,0,0,0,0,0,0,0,,,,
RUE,2012,1,25,3,0.9,,,,,,,,948.6,,1.6,,0,0,0,0,0,0,0,,,,
RUE,2012,1,25,4,1,,,,,,,,948.2,,1.4,,0,0,0,0,0,0,0,,,,
RUE,2012,1,25,5,0.9,,,,,,,,948.3,,2.1,,0,0,0,0,0,0,0,,,,
RUE,2012,1,25,6,0.9,,,,,,,,948.3,,2,,0,0,0,0,0,0,0,,,,
RUE,2012,1,25,7,0.8,,,,,,,,948.5,,1.7,,2,0,0,0,0,0,0,,,,
RUE,2012,1,25,8,0.7,,,,,,,,948.7,,1.8,,13,0,0,0,0,0,0,,,,
RUE,2012,1,25,9,1,,,,,,,,948.7,,1.5,,70,82.1,59.6,0,0,0,0,,,,
RUE,2012,1,25,10,1.8,,,,,,,,948.5,,1.7,,125,51.3,112.2,0,0,0,0,,,,
RUE,2012,1,25,11,1.8,,,,,,,,948.2,,2.1,,145,23,137.2,0,0,0,0,,,,
RUE,2012,1,25,12,2.1,,,,,,,,947.9,,2.9,,196,51.9,175.8,0,0,0,0,,,,
RUE,2012,1,25,13,2.1,,,,,,,,947.5,,2.5,,117,5.5,114.8,0,0,0,0,,,,
RUE,2012,1,25,14,2.2,,,,,,,,947.4,,2,,85,3.5,83.7,0,0,0,0,,,,
RUE,2012,1,25,15,2.2,,,,,,,,947.2,,2.4,,40,1.2,39.6,0,0,0,0,,,,
RUE,2012,1,25,16,2.1,,,,,,,,947.2,,2.3,,4,0,4,0,0,0,0,,,,
RUE,2012,1,25,17,2,,,,,,,,947.3,,2,,0,0,0,0,0,0,0,,,,
RUE,2012,1,25,18,1.8,,,,,,,,947.3,,2.2,,0,0,0,0,0,0,0,,,,
RUE,2012,1,25,19,1.7,,,,,,,,947.2,,2.1,,0,0,0,0,0,0,0,,,,
RUE,2012,1,25,20,1.6,,,,,,,,947,,2.3,,0,0,0,0,0,0,0,,,,
RUE,2012,1,25,21,1.9,,,,,,,,946.8,,2,,0,0,0,0,0,0,0,,,,
RUE,2012,1,25,22,1.8,,,,,,,,946.5,,2.3,,0,0,0,0,0,0,0,,,,
RUE,2012,1,25,23,1.5,,,,,,,,946.5,,2.7,,0,0,0,0,0,0,0,,,,
RUE,2012,1,26,0,1.3,,,,,,,,946.3,,2.8,,0,0,0,0,0,0,0,,,,
RUE,2012,1,26,1,1.2,,,,,,,,946,,2.6,,0,0,0,0,0,0,0,,,,
RUE,2012,1,26,2,1.1,,,,,,,,945.8,,2.6,,0,0,0,0,0,0,0,,,,
RUE,2012,1,26,3,0.8,,,,,,,,945.5,,2.6,,0,0,0,0,0,0,0,,,,
RUE,2012,1,26,4,0.7,,,,,,,,945.4,,2.5,,0,0,0,0,0,0,0,,,,
RUE,2012,1,26,5,0.5,,,,,,,,945.4,,2.9,,0,0,0,0,0,0,0,,,,
RUE,2012,1,26,6,0.2,,,,,,,,945.6,,3,,0,0,0,0,0,0,0,,,,
RUE,2012,1,26,7,0.1,,,,,,,,945.7,,2.6,,1,0,0,0,0,0,0,,,,
RUE,2012,1,26,8,0.1,,,,,,,,945.7,,2.8,,14,0,0,0,0,0,0,,,,
RUE,2012,1,26,9,0.2,,,,,,,,945.7,,2.7,,35,4.7,34.4,0,0,0,0,,,,
RUE,2012,1,26,10,0.6,,,,,,,,945.7,,2.6,,59,3.5,58.1,0,0,0,0,,,,
RUE,2012,1,26,11,1.9,,,,,,,,945.3,,2.8,,96,5,94.3,0,0,0,0,,,,
RUE,2012,1,26,12,2.7,,,,,,,,945.1,,2.7,,102,4.3,100.3,0,0,0,0,,,,
RUE,2012,1,26,13,3,,,,,,,,945.1,,3,,81,2.6,80,0,0,0,0,,,,
RUE,2012,1,26,14,3.1,,,,,,,,945.1,,2.8,,50,1.2,49.6,0,0,0,0,,,,
RUE,2012,1,26,15,3,,,,,,,,945.1,,1,,24,0.4,23.9,0,0,0,0,,,,
RUE,2012,1,26,16,1.7,,,,,,,,945.4,,1.4,,2,0,2,0,0,0,0,,,,
RUE,2012,1,26,17,1.9,,,,,,,,945.8,,1,,0,0,0,0,0,0,0,,,,
RUE,2012,1,26,18,3.3,,,,,,,,945.9,,0.6,,0,0,0,0,0,0,0,,,,
RUE,2012,1,26,19,3.8,,,,,,,,946,,0.7,,0,0,0,0,0,0,0,,,,
RUE,2012,1,26,20,3.5,,,,,,,,946.2,,0.7,,0,0,0,0,0,0,0,,,,
RUE,2012,1,26,21,3.6,,,,,,,,946.5,,0.7,,0,0,0,0,0,0,0,,,,
RUE,2012,1,26,22,3.8,,,,,,,,946.5,,0.7,,0,0,0,0,0,0,0,,,,
RUE,2012,1,26,23,3.9,,,,,,,,946.8,,0.7,,0,0,0,0,0,0,0,,,,
RUE,2012,1,27,0,4,,,,,,,,946.7,,1,,0,0,0,0,0,0,0,,,,
RUE,2012,1,27,1,4,,,,,,,,946.9,,0.7,,0,0,0,0,0,0,0,,,,
RUE,2012,1,27,2,3.7,,,,,,,,947.1,,0.6,,0,0,0,0,0,0,0,,,,
RUE,2012,1,27,3,3.4,,,,,,,,947.3,,0.3,,0,0,0,0,0,0,0,,,,
RUE,2012,1,27,4,3.2,,,,,,,,947.4,,0.3,,0,0,0,0,0,0,0,,,,
RUE,2012,1,27,5,3,,,,,,,,947.8,,0.6,,0,0,0,0,0,0,0,,,,
RUE,2012,1,27,6,3.4,,,,,,,,948.2,,1,,0,0,0,0,0,0,0,,,,
RUE,2012,1,27,7,3.1,,,,,,,,948.6,,0.8,,1,0,0,0,0,0,0,,,,
RUE,2012,1,27,8,3,,,,,,,,949,,0.4,,12,0,0,0,0,0,0,,,,
RUE,2012,1,27,9,3.7,,,,,,,,949.4,,0.3,,41,6.1,40.2,0,0,0,0,,,,
RUE,2012,1,27,10,3.6,,,,,,,,950,,1.7,,42,1.7,41.6,0,0,0,0,,,,
RUE,2012,1,27,11,3.3,,,,,,,,950.2,,2.6,,44,1,43.6,0,0,0,0,,,,
RUE,2012,1,27,12,2.9,,,,,,,,950.3,,2.6,,37,0.6,36.8,0,0,0,0,,,,
RUE,2012,1,27,13,2.9,,,,,,,,950.3,,2.6,,23,0.2,22.9,0,0,0,0,,,,
RUE,2012,1,27,14,2.7,,,,,,,,950.5,,1.8,,14,0.1,14,0,0,0,0,,,,
RUE,2012,1,27,15,2.7,,,,,,,,950.8,,1.7,,10,0.1,10,0,0,0,0,,,,
RUE,2012,1,27,16,2.6,,,,,,,,951,,2,,3,0,3,0,0,0,0,,,,
RUE,2012,1,27,17,2.5,,,,,,,,951.3,,1.8,,0,0,0,0,0,0,0,,,,
RUE,2012,1,27,18,2.4,,,,,,,,951.6,,2.3,,0,0,0,0,0,0,0,,,,
RUE,2012,1,27,19,1.9,,,,,,,,951.8,,2.1,,0,0,0,0,0,0,0,,,,
RUE,2012,1,27,20,1.4,,,,,,,,951.8,,1.5,,0,0,0,0,0,0,0,,,,
RUE,2012,1,27,21,0.8,,,,,,,,952.1,,1.1,,0,0,0,0,0,0,0,,,,
RUE,2012,1,27,22,0.4,,,,,,,,952.3,,0.9,,0,0,0,0,0,0,0,,,,
RUE,2012,1,27,23,0.2,,,,,,,,952.4,,0.9,,0,0,0,0,0,0,0,,,,
RUE,2012,1,28,0,0,,,,,,,,952.3,,0.4,,0,0,0,0,0,0,0,,,,
RUE,2012,1,28,1,0,,,,,,,,952.3,,0.4,,0,0,0,0,0,0,0,,,,
RUE,2012,1,28,2,0,,,,,,,,952.3,,0.6,,0,0,0,0,0,0,0,,,,
RUE,2012,1,28,3,0.1,,,,,,,,952.1,,0.4,,0,0,0,0,0,0,0,,,,
RUE,2012,1,28,4,0.1,,,,,,,,952.1,,0.2,,0,0,0,0,0,0,0,,,,
RUE,2012,1,28,5,0,,,,,,,,952,,0.2,,0,0,0,0,0,0,0,,,,
RUE,2012,1,28,6,0.1,,,,,,,,952.1,,0.2,,0,0,0,0,0,0,0,,,,
RUE,2012,1,28,7,0.1,,,,,,,,952.3,,0.2,,4,0,0,0,0,0,0,,,,
RUE,2012,1,28,8,0.2,,,,,,,,952.4,,0.6,,47,0,0,0,0,0,0,,,,
RUE,2012,1,28,9,0.4,,,,,,,,952.4,,1.6,,92,204.1,64.3,0,0,0,0,,,,
RUE,2012,1,28,10,0.5,,,,,,,,952.4,,1.7,,129,49.3,116.2,0,0,0,0,,,,
RUE,2012,1,28,11,0.7,,,,,,,,952.1,,1.4,,167,40,153,0,0,0,0,,,,
RUE,2012,1,28,12,0.8,,,,,,,,951.6,,2.2,,173,23.9,163.4,0,0,0,0,,,,
RUE,2012,1,28,13,0.8,,,,,,,,951.1,,2.2,,137,7.7,133.8,0,0,0,0,,,,
RUE,2012,1,28,14,0.8,,,,,,,,951,,2.1,,90,3.7,88.6,0,0,0,0,,,,
RUE,2012,1,28,15,0.7,,,,,,,,950.9,,2.6,,41,1.2,40.6,0,0,0,0,,,,
RUE,2012,1,28,16,0.6,,,,,,,,950.8,,2.5,,5,0,5,0,0,0,0,,,,
RUE,2012,1,28,17,0.5,,,,,,,,950.8,,1.9,,0,0,0,0,0,0,0,,,,
RUE,2012,1,28,18,0.5,,,,,,,,950.7,,2.1,,0,0,0,0,0,0,0,,,,
RUE,2012,1,28,19,0.3,,,,,,,,950.6,,2.3,,0,0,0,0,0,0,0,,,,
RUE,2012,1,28,20,0.2,,,,,,,,950.4,,2.4,,0,0,0,0,0,0,0,,,,
RUE,2012,1,28,21,0.1,,,,,,,,950.1,,2.1,,0,0,0,0,0,0,0,,,,
RUE,2012,1,28,22,0,,,,,,,,950,,2.7,,0,0,0,0,0,0,0,,,,
RUE,2012,1,28,23,0.1,,,,,,,,949.8,,3.6,,0,0,0,0,0,0,0,,,,
RUE,2012,1,29,0,-0.2,,,,,,,,949.3,,3.9,,0,0,0,0,0,0,0,,,,
RUE,2012,1,29,1,-0.4,,,,,,,,949,,4.9,,0,0,0,0,0,0,0,,,,
RUE,2012,1,29,2,-0.4,,,,,,,,948.5,,3.7,,0,0,0,0,0,0,0,,,,
RUE,2012,1,29,3,-0.4,,,,,,,,948.2,,3.5,,0,0,0,0,0,0,0,,,,
RUE,2012,1,29,4,-0.5,,,,,,,,948,,4.6,,0,0,0,0,0,0,0,,,,
RUE,2012,1,29,5,-0.8,,,,,,,,947.8,,4.8,,0,0,0,0,0,0,0,,,,
RUE,2012,1,29,6,-1.1,,,,,,,,948.2,,4,,0,0,0,0,0,0,0,,,,
RUE,2012,1,29,7,-1.4,,,,,,,,948.4,,3.1,,1,0,0,0,0,0,0,,,,
RUE,2012,1,29,8,-1.4,,,,,,,,948.4,,3.8,,22,0,0,0,0,0,0,,,,
RUE,2012,1,29,9,-1.5,,,,,,,,948.4,,3.8,,30,3,29.6,0,0,0,0,,,,
RUE,2012,1,29,10,-1.5,,,,,,,,948.5,,3.3,,49,2.2,48.4,0,0,0,0,,,,
RUE,2012,1,29,11,-1.4,,,,,,,,948.3,,3.4,,64,2.1,63.3,0,0,0,0,,,,
RUE,2012,1,29,12,-1.3,,,,,,,,948,,3.4,,63,1.5,62.4,0,0,0,0,,,,
RUE,2012,1,29,13,-1.2,,,,,,,,947.8,,3.1,,60,1.3,59.4,0,0,0,0,,,,
RUE,2012,1,29,14,-1.1,,,,,,,,948,,3.1,,65,1.9,64.3,0,0,0,0,,,,
RUE,2012,1,29,15,-1.2,,,,,,,,948.3,,2.7,,22,0.3,21.9,0,0,0,0,,,,
RUE,2012,1,29,16,-1.3,,,,,,,,948.5,,2.2,,2,0,2,0,0,0,0,,,,
RUE,2012,1,29,17,-1.3,,,,,,,,948.8,,2.2,,0,0,0,0,0,0,0,,,,
RUE,2012,1,29,18,-1.4,,,,,,,,948.9,,2.3,,0,0,0,0,0,0,0,,,,
RUE,2012,1,29,19,-1.5,,,,,,,,948.9,,1.9,,0,0,0,0,0,0,0,,,,
RUE,2012,1,29,20,-1.5,,,,,,,,948.9,,2.3,,0,0,0,0,0,0,0,,,,
RUE,2012,1,29,21,-1.8,,,,,,,,948.9,,1.6,,0,0,0,0,0,0,0,,,,
RUE,2012,1,29,22,-1.8,,,,,,,,948.8,,1.6,,0,0,0,0,0,0,0,,,,
RUE,2012,1,29,23,-1.8,,,,,,,,949,,1.3,,0,0,0,0,0,0,0,,,,
RUE,2012,1,30,0,-2,,,,,,,,949,,1.2,,0,0,0,0,0,0,0,,,,
RUE,2012,1,30,1,-2.1,,,,,,,,949,,1.8,,0,0,0,0,0,0,0,,,,
RUE,2012,1,30,2,-2.2,,,,,,,,949.2,,1.5,,0,0,0,0,0,0,0,,,,
RUE,2012,1,30,3,-2.3,,,,,,,,949.3,,1.3,,0,0,0,0,0,0,0,,,,
RUE,2012,1,30,4,-2.3,,,,,,,,949.4,,1.5,,0,0,0,0,0,0,0,,,,
RUE,2012,1,30,5,-2.4,,,,,,,,949.5,,0.4,,0,0,0,0,0,0,0,,,,
RUE,2012,1,30,6,-2.4,,,,,,,,949.6,,0.1,,0,0,0,0,0,0,0,,,,
RUE,2012,1,30,7,-2.3,,,,,,,,949.7,,0.2,,5,0,0,0,0,0,0,,,,
RUE,2012,1,30,8,-2.3,,,,,,,,950,,0.4,,34,0,0,0,0,0,0,,,,
RUE,2012,1,30,9,-2.1,,,,,,,,949.9,,0.1,,57,16.5,54.6,0,0,0,0,,,,
RUE,2012,1,30,10,-1.8,,,,,,,,950,,0.6,,96,10.2,93.3,0,0,0,0,,,,
RUE,2012,1,30,11,-1.5,,,,,,,,949.9,,0.5,,159,28,149,0,0,0,0,,,,
RUE,2012,1,30,12,-1.4,,,,,,,,949.6,,0.6,,115,5,112.9,0,0,0,0,,,,
RUE,2012,1,30,13,-1.4,,,,,,,,949.3,,1.2,,94,3.2,92.7,0,0,0,0,,,,
RUE,2012,1,30,14,-1.6,,,,,,,,949.3,,1.1,,56,1.4,55.5,0,0,0,0,,,,
RUE,2012,1,30,15,-1.7,,,,,,,,949.3,,0.8,,37,0.9,36.7,0,0,0,0,,,,
RUE,2012,1,30,16,-1.9,,,,,,,,949.2,,0.6,,6,0.1,6,0,0,0,0,,,,
RUE,2012,1,30,17,-2.2,,,,,,,,949.3,,0.9,,0,0,0,0,0,0,0,,,,
RUE,2012,1,30,18,-2.4,,,,,,,,949.2,,0.5,,0,0,0,0,0,0,0,,,,
RUE,2012,1,30,19,-2.2,,,,,,,,949,,0.4,,0,0,0,0,0,0,0,,,,
RUE,2012,1,30,20,-2.3,,,,,,,,948.8,,0.4,,0,0,0,0,0,0,0,,,,
RUE,2012,1,30,21,-2.3,,,,,,,,948.3,,0.5,,0,0,0,0,0,0,0,,,,
RUE,2012,1,30,22,-2.4,,,,,,,,947.7,,0.3,,0,0,0,0,0,0,0,,,,
RUE,2012,1,30,23,-2.7,,,,,,,,947.4,,0.1,,0,0,0,0,0,0,0,,,,
RUE,2012,1,31,0,-2.7,,,,,,,,946.8,,0.4,,0,0,0,0,0,0,0,,,,
RUE,2012,1,31,1,-2.6,,,,,,,,946.4,,0.4,,0,0,0,0,0,0,0,,,,
RUE,2012,1,31,2,-2.3,,,,,,,,945.6,,1,,0,0,0,0,0,0,0,,,,
RUE,2012,1,31,3,-2.3,,,,,,,,944.9,,2.2,,0,0,0,0,0,0,0,,,,
RUE,2012,1,31,4,-2.5,,,,,,,,944.4,,2.2,,0,0,0,0,0,0,0,,,,
RUE,2012,1,31,5,-2.7,,,,,,,,943.8,,2.3,,0,0,0,0,0,0,0,,,,
RUE,2012,1,31,6,-2.9,,,,,,,,943.2,,2.1,,0,0,0,0,0,0,0,,,,
RUE,2012,1,31,7,-2.9,,,,,,,,943.1,,1.7,,3,0,0,0,0,0,0,,,,
RUE,2012,1,31,8,-2.9,,,,,,,,943.2,,1.9,,19,0,0,0,0,0,0,,,,
RUE,2012,1,31,9,-2.8,,,,,,,,943.3,,1.3,,30,2.7,29.6,0,0,0,0,,,,
RUE,2012,1,31,10,-2.8,,,,,,,,943.4,,0.9,,46,1.8,45.5,0,0,0,0,,,,
RUE,2012,1,31,11,-2.7,,,,,,,,943.2,,1.3,,69,2.3,68.2,0,0,0,0,,,,
RUE,2012,1,31,12,-2.5,,,,,,,,943,,1.5,,83,2.6,81.9,0,0,0,0,,,,
RUE,2012,1,31,13,-2.5,,,,,,,,943,,1.6,,89,2.8,87.8,0,0,0,0,,,,
RUE,2012,1,31,14,-2.5,,,,,,,,943.1,,1.3,,84,3,82.8,0,0,0,0,,,,
RUE,2012,1,31,15,-2.6,,,,,,,,943.5,,1.9,,39,1,38.7,0,0,0,0,,,,
RUE,2012,1,31,16,-2.9,,,,,,,,943.9,,1.6,,5,0,5,0,0,0,0,,,,
RUE,2012,1,31,17,-3.1,,,,,,,,944.5,,1.4,,0,0,0,0,0,0,0,,,,
RUE,2012,1,31,18,-3.5,,,,,,,,945.1,,1.2,,0,0,0,0,0,0,0,,,,
RUE,2012,1,31,19,-4,,,,,,,,945.6,,1.1,,0,0,0,0,0,0,0,,,,
RUE,2012,1,31,20,-4,,,,,,,,946,,2.5,,0,0,0,0,0,0,0,,,,
RUE,2012,1,31,21,-4.9,,,,,,,,946.2,,2.9,,0,0,0,0,0,0,0,,,,
RUE,2012,1,31,22,-6.1,,,,,,,,946.2,,2.2,,0,0,0,0,0,0,0,,,,
RUE,2012,1,31,23,-6.4,,,,,,,,946.3,,1.9,,0,0,0,0,0,0,0,,,,
RUE,2012,2,1,0,-6.3,,,,,,,,946.4,,1.9,,0,0,0,0,0,0,0,,,,
RUE,2012,2,1,1,-6.4,,,,,,,,946.3,,2,,0,0,0,0,0,0,0,,,,
RUE,2012,2,1,2,-6.5,,,,,,,,946.1,,2.1,,0,0,0,0,0,0,0,,,,
RUE,2012,2,1,3,-6.7,,,,,,,,945.9,,1.9,,0,0,0,0,0,0,0,,,,
RUE,2012,2,1,4,-7.1,,,,,,,,945.9,,1.5,,0,0,0,0,0,0,0,,,,
RUE,2012,2,1,5,-7.6,,,,,,,,945.7,,1.6,,0,0,0,0,0,0,0,,,,
RUE,2012,2,1,6,-7.4,,,,,,,,945.5,,1.4,,0,0,0,0,0,0,0,,,,
RUE,2012,2,1,7,-7.4,,,,,,,,945.4,,2.6,,6,0,0,0,0,0,0,,,,
RUE,2012,2,1,8,-7.4,,,,,,,,945.4,,2.8,,62,0,0,0,0,0,0,,,,
RUE,2012,2,1,9,-7.3,,,,,,,,945.2,,3.2,,122,419.4,59.3,0,0,0,0,,,,
RUE,2012,2,1,10,-7,,,,,,,,945.1,,3.6,,200,276.2,124.2,0,0,0,0,,,,
RUE,2012,2,1,11,-6.6,,,,,,,,944.7,,4.4,,288,368.9,153,0,0,0,0,,,,
RUE,2012,2,1,12,-6.4,,,,,,,,944.4,,3.4,,207,48.3,186.8,0,0,0,0,,,,
RUE,2012,2,1,13,-6.2,,,,,,,,944.3,,3.1,,166,14.4,159.8,0,0,0,0,,,,
RUE,2012,2,1,14,-6.2,,,,,,,,944.2,,3.3,,86,3.1,84.8,0,0,0,0,,,,
RUE,2012,2,1,15,-6.2,,,,,,,,944.1,,3.2,,45,1.3,44.6,0,0,0,0,,,,
RUE,2012,2,1,16,-6.5,,,,,,,,944.3,,3,,7,0.1,7,0,0,0,0,,,,
RUE,2012,2,1,17,-6.7,,,,,,,,944.7,,3.9,,0,0,0,0,0,0,0,,,,
RUE,2012,2,1,18,-7,,,,,,,,944.8,,4.2,,0,0,0,0,0,0,0,,,,
RUE,2012,2,1,19,-7,,,,,,,,944.4,,3.2,,0,0,0,0,0,0,0,,,,
RUE,2012,2,1,20,-6.9,,,,,,,,944.2,,3.8,,0,0,0,0,0,0,0,,,,
RUE,2012,2,1,21,-6.9,,,,,,,,944,,4,,0,0,0,0,0,0,0,,,,
RUE,2012,2,1,22,-7,,,,,,,,943.9,,3.7,,0,0,0,0,0,0,0,,,,
RUE,2012,2,1,23,-7.2,,,,,,,,943.9,,4.8,,0,0,0,0,0,0,0,,,,
RUE,2012,2,2,0,-7.7,,,,,,,,943.9,,4.4,,0,0,0,0,0,0,0,,,,
RUE,2012,2,2,1,-8,,,,,,,,944,,4,,0,0,0,0,0,0,0,,,,
RUE,2012,2,2,2,-8.4,,,,,,,,944,,2.3,,0,0,0,0,0,0,0,,,,
RUE,2012,2,2,3,-8.6,,,,,,,,943.9,,3.5,,0,0,0,0,0,0,0,,,,
RUE,2012,2,2,4,-9,,,,,,,,943.9,,3.6,,0,0,0,0,0,0,0,,,,
RUE,2012,2,2,5,-9.5,,,,,,,,944.1,,3.2,,0,0,0,0,0,0,0,,,,
RUE,2012,2,2,6,-9.8,,,,,,,,944.2,,4.6,,0,0,0,0,0,0,0,,,,
RUE,2012,2,2,7,-10,,,,,,,,944.7,,5.4,,10,0,0,0,0,0,0,,,,
RUE,2012,2,2,8,-10,,,,,,,,945.3,,4.6,,77,0,0,0,0,0,0,,,,
RUE,2012,2,2,9,-10.1,,,,,,,,945.6,,4,,129,467.6,57.3,0,0,0,0,,,,
RUE,2012,2,2,10,-10.2,,,,,,,,946,,3.9,,160,99.4,132.3,0,0,0,0,,,,
RUE,2012,2,2,11,-10.2,,,,,,,,946.1,,3.8,,193,62.3,169.9,0,0,0,0,,,,
RUE,2012,2,2,12,-10.1,,,,,,,,946.3,,4.7,,187,27.5,175.4,0,0,0,0,,,,
RUE,2012,2,2,13,-10,,,,,,,,946.5,,5,,193,29,180.5,0,0,0,0,,,,
RUE,2012,2,2,14,-10,,,,,,,,946.8,,4.6,,117,5.6,114.8,0,0,0,0,,,,
RUE,2012,2,2,15,-10.1,,,,,,,,947.3,,4.4,,68,2.9,67.1,0,0,0,0,,,,
RUE,2012,2,2,16,-10.2,,,,,,,,947.6,,4.3,,12,0.2,12,0,0,0,0,,,,
RUE,2012,2,2,17,-10.2,,,,,,,,948,,3.7,,0,0,0,0,0,0,0,,,,
RUE,2012,2,2,18,-10.1,,,,,,,,948.1,,3.9,,0,0,0,0,0,0,0,,,,
RUE,2012,2,2,19,-10.1,,,,,,,,948.3,,3.5,,0,0,0,0,0,0,0,,,,
RUE,2012,2,2,20,-10.2,,,,,,,,948.5,,3.7,,0,0,0,0,0,0,0,,,,
RUE,2012,2,2,21,-10.3,,,,,,,,948.8,,3.5,,0,0,0,0,0,0,0,,,,
RUE,2012,2,2,22,-10.5,,,,,,,,949,,3.7,,0,0,0,0,0,0,0,,,,
RUE,2012,2,2,23,-10.8,,,,,,,,949.5,,2.6,,0,0,0,0,0,0,0,,,,
RUE,2012,2,3,0,-10.9,,,,,,,,949.8,,3.2,,0,0,0,0,0,0,0,,,,
RUE,2012,2,3,1,-11,,,,,,,,950,,4.4,,0,0,0,0,0,0,0,,,,
RUE,2012,2,3,2,-11.6,,,,,,,,950.1,,5.1,,0,0,0,0,0,0,0,,,,
RUE,2012,2,3,3,-12.3,,,,,,,,950.2,,4.6,,0,0,0,0,0,0,0,,,,
RUE,2012,2,3,4,-13,,,,,,,,950.3,,4.7,,0,0,0,0,0,0,0,,,,
RUE,2012,2,3,5,-13.8,,,,,,,,950.6,,2.5,,0,0,0,0,0,0,0,,,,
RUE,2012,2,3,6,-14.1,,,,,,,,951,,1.5,,0,0,0,0,0,0,0,,,,
RUE,2012,2,3,7,-14.5,,,,,,,,951.7,,1.4,,20,0,0,0,0,0,0,,,,
RUE,2012,2,3,8,-14.3,,,,,,,,952.3,,1.5,,136,0,0,0,0,0,0,,,,
RUE,2012,2,3,9,-13.4,,,,,,,,952.8,,3,,272,1445.6,44.9,0,0,0,0,,,,
RUE,2012,2,3,10,-12.8,,,,,,,,953.1,,4.9,,373,1103.1,61.5,0,0,0,0,,,,
RUE,2012,2,3,11,-12.3,,,,,,,,953.1,,4.2,,440,981,72.6,0,0,0,0,,,,
RUE,2012,2,3,12,-11.5,,,,,,,,953,,4.1,,435,804.3,91.5,0,0,0,0,,,,
RUE,2012,2,3,13,-10.9,,,,,,,,952.9,,3.1,,325,300.8,193.8,0,0,0,0,,,,
RUE,2012,2,3,14,-10.3,,,,,,,,953.3,,2.6,,292,273.9,182,0,0,0,0,,,,
RUE,2012,2,3,15,-10.8,,,,,,,,953.7,,1.3,,136,20.7,129.3,0,0,0,0,,,,
RUE,2012,2,3,16,-11.3,,,,,,,,954.2,,2.9,,20,0.6,19.9,0,0,0,0,,,,
RUE,2012,2,3,17,-12.5,,,,,,,,955,,2.1,,0,0,0,0,0,0,0,,,,
RUE,2012,2,3,18,-12.9,,,,,,,,955.4,,2.4,,0,0,0,0,0,0,0,,,,
RUE,2012,2,3,19,-13.2,,,,,,,,955.6,,1.7,,0,0,0,0,0,0,0,,,,
RUE,2012,2,3,20,-13.4,,,,,,,,955.9,,1.7,,0,0,0,0,0,0,0,,,,
RUE,2012,2,3,21,-13.9,,,,,,,,956.2,,1.4,,0,0,0,0,0,0,0,,,,
RUE,2012,2,3,22,-14,,,,,,,,956.1,,2,,0,0,0,0,0,0,0,,,,
RUE,2012,2,3,23,-14.2,,,,,,,,956,,1.7,,0,0,0,0,0,0,0,,,,
RUE,2012,2,4,0,-14.3,,,,,,,,955.8,,0.7,,0,0,0,0,0,0,0,,,,
RUE,2012,2,4,1,-14.8,,,,,,,,955.7,,0.2,,0,0,0,0,0,0,0,,,,
RUE,2012,2,4,2,-14.5,,,,,,,,955.5,,0.9,,0,0,0,0,0,0,0,,,,
RUE,2012,2,4,3,-14.7,,,,,,,,955.3,,1.3,,0,0,0,0,0,0,0,,,,
RUE,2012,2,4,4,-14.9,,,,,,,,955.3,,0.8,,0,0,0,0,0,0,0,,,,
RUE,2012,2,4,5,-15.3,,,,,,,,955.4,,0.8,,0,0,0,0,0,0,0,,,,
RUE,2012,2,4,6,-15.4,,,,,,,,955.7,,1.6,,0,0,0,0,0,0,0,,,,
RUE,2012,2,4,7,-15.7,,,,,,,,956,,2.6,,22,0,0,0,0,0,0,,,,
RUE,2012,2,4,8,-14.5,,,,,,,,956.4,,1.7,,143,0,0,0,0,0,0,,,,
RUE,2012,2,4,9,-13.3,,,,,,,,956.4,,4.9,,280,1452.1,46.2,0,0,0,0,,,,
RUE,2012,2,4,10,-12.3,,,,,,,,956.6,,5.9,,391,1139.5,64.5,0,0,0,0,,,,
RUE,2012,2,4,11,-10.9,,,,,,,,956.5,,5,,454,1000.5,74.9,0,0,0,0,,,,
RUE,2012,2,4,12,-9.9,,,,,,,,956.3,,5.2,,446,828.9,88.3,0,0,0,0,,,,
RUE,2012,2,4,13,-9,,,,,,,,956,,5.3,,331,310.2,194.3,0,0,0,0,,,,
RUE,2012,2,4,14,-9,,,,,,,,956,,6.8,,317,359,171.2,0,0,0,0,,,,
RUE,2012,2,4,15,-9.6,,,,,,,,956.2,,6.6,,149,30.6,138.9,0,0,0,0,,,,
RUE,2012,2,4,16,-10.6,,,,,,,,956.5,,4.5,,23,0.7,22.8,0,0,0,0,,,,
RUE,2012,2,4,17,-11.5,,,,,,,,957,,2.7,,0,0,0,0,0,0,0,,,,
RUE,2012,2,4,18,-12.2,,,,,,,,957.3,,2.1,,0,0,0,0,0,0,0,,,,
RUE,2012,2,4,19,-12.4,,,,,,,,957.4,,1.8,,0,0,0,0,0,0,0,,,,
RUE,2012,2,4,20,-13.3,,,,,,,,957.4,,2.1,,0,0,0,0,0,0,0,,,,
RUE,2012,2,4,21,-13.7,,,,,,,,957.3,,2.7,,0,0,0,0,0,0,0,,,,
RUE,2012,2,4,22,-14,,,,,,,,957,,3.2,,0,0,0,0,0,0,0,,,,
RUE,2012,2,4,23,-14.4,,,,,,,,956.6,,2.3,,0,0,0,0,0,0,0,,,,
RUE,2012,2,5,0,-14.7,,,,,,,,955.8,,2.7,,0,0,0,0,0,0,0,,,,
RUE,2012,2,5,1,-14.7,,,,,,,,955.5,,2.6,,0,0,0,0,0,0,0,,,,
RUE,2012,2,5,2,-14.9,,,,,,,,955.1,,2.4,,0,0,0,0,0,0,0,,,,
RUE,2012,2,5,3,-14.9,,,,,,,,954.5,,2.8,,0,0,0,0,0,0,0,,,,
RUE,2012,2,5,4,-15.3,,,,,,,,954.4,,3,,0,0,0,0,0,0,0,,,,
RUE,2012,2,5,5,-15.4,,,,,,,,953.8,,3.7,,0,0,0,0,0,0,0,,,,
RUE,2012,2,5,6,-15.3,,,,,,,,953.6,,3.7,,0,0,0,0,0,0,0,,,,
RUE,2012,2,5,7,-15.4,,,,,,,,953.5,,1.5,,21,0,0,0,0,0,0,,,,
RUE,2012,2,5,8,-14.8,,,,,,,,953.4,,2,,138,0,0,0,0,0,0,,,,
RUE,2012,2,5,9,-13.6,,,,,,,,953.1,,3.8,,281,1422,46.4,0,0,0,0,,,,
RUE,2012,2,5,10,-12.9,,,,,,,,953,,4,,392,1125.7,64.7,0,0,0,0,,,,
RUE,2012,2,5,11,-12,,,,,,,,952.9,,3.8,,453,986.7,74.7,0,0,0,0,,,,
RUE,2012,2,5,12,-11.1,,,,,,,,952.6,,5,,446,811.3,92.1,0,0,0,0,,,,
RUE,2012,2,5,13,-10.4,,,,,,,,952.2,,4.6,,335,312.1,195.9,0,0,0,0,,,,
RUE,2012,2,5,14,-9.9,,,,,,,,952.3,,3.5,,313,328.2,178.2,0,0,0,0,,,,
RUE,2012,2,5,15,-9.8,,,,,,,,952.6,,3.1,,148,27.6,138.8,0,0,0,0,,,,
RUE,2012,2,5,16,-10.5,,,,,,,,952.8,,2.4,,24,0.7,23.8,0,0,0,0,,,,
RUE,2012,2,5,17,-11.2,,,,,,,,953.3,,1.8,,0,0,0,0,0,0,0,,,,
RUE,2012,2,5,18,-11.4,,,,,,,,953.5,,2,,0,0,0,0,0,0,0,,,,
RUE,2012,2,5,19,-12.2,,,,,,,,953.7,,2.5,,0,0,0,0,0,0,0,,,,
RUE,2012,2,5,20,-12.8,,,,,,,,953.9,,3,,0,0,0,0,0,0,0,,,,
RUE,2012,2,5,21,-13.3,,,,,,,,953.9,,3,,0,0,0,0,0,0,0,,,,
RUE,2012,2,5,22,-13.6,,,,,,,,954,,1.3,,0,0,0,0,0,0,0,,,,
RUE,2012,2,5,23,-13.7,,,,,,,,954.1,,2.1,,0,0,0,0,0,0,0,,,,
RUE,2012,2,6,0,-14,,,,,,,,954.2,,1.1,,0,0,0,0,0,0,0,,,,
RUE,2012,2,6,1,-14.1,,,,,,,,954.3,,0.8,,0,0,0,0,0,0,0,,,,
RUE,2012,2,6,2,-14.2,,,,,,,,954.2,,1,,0,0,0,0,0,0,0,,,,
RUE,2012,2,6,3,-14.7,,,,,,,,954,,1.9,,0,0,0,0,0,0,0,,,,
RUE,2012,2,6,4,-14.7,,,,,,,,954,,1.5,,0,0,0,0,0,0,0,,,,
RUE,2012,2,6,5,-15.1,,,,,,,,954,,1.2,,0,0,0,0,0,0,0,,,,
RUE,2012,2,6,6,-15.4,,,,,,,,954.3,,1.3,,0,0,0,0,0,0,0,,,,
RUE,2012,2,6,7,-15.4,,,,,,,,954.6,,1.8,,29,0,0,0,0,0,0,,,,
RUE,2012,2,6,8,-14.9,,,,,,,,955,,2,,157,0,0,0,0,0,0,,,,
RUE,2012,2,6,9,-13.8,,,,,,,,955,,3.9,,289,1427.2,47.7,0,0,0,0,,,,
RUE,2012,2,6,10,-12.7,,,,,,,,954.9,,3.3,,405,1146,66.8,0,0,0,0,,,,
RUE,2012,2,6,11,-11.6,,,,,,,,954.6,,3.2,,459,988,75.7,0,0,0,0,,,,
RUE,2012,2,6,12,-11,,,,,,,,954.3,,3.4,,451,812.4,92.8,0,0,0,0,,,,
RUE,2012,2,6,13,-10.6,,,,,,,,953.8,,3.1,,344,331.9,194.5,0,0,0,0,,,,
RUE,2012,2,6,14,-10.2,,,,,,,,953.6,,2.9,,320,341.9,177.9,0,0,0,0,,,,
RUE,2012,2,6,15,-10.5,,,,,,,,953.9,,2.4,,150,27.6,140.7,0,0,0,0,,,,
RUE,2012,2,6,16,-11,,,,,,,,954.1,,1.1,,25,0.8,24.8,0,0,0,0,,,,
RUE,2012,2,6,17,-11.6,,,,,,,,954.6,,1.5,,0,0,0,0,0,0,0,,,,
RUE,2012,2,6,18,-12.2,,,,,,,,954.9,,2.1,,0,0,0,0,0,0,0,,,,
RUE,2012,2,6,19,-12.6,,,,,,,,954.9,,2.8,,0,0,0,0,0,0,0,,,,
RUE,2012,2,6,20,-13.4,,,,,,,,954.9,,2.3,,0,0,0,0,0,0,0,,,,
RUE,2012,2,6,21,-14,,,,,,,,954.6,,2.4,,0,0,0,0,0,0,0,,,,
RUE,2012,2,6,22,-14.1,,,,,,,,954.4,,1.8,,0,0,0,0,0,0,0,,,,
RUE,2012,2,6,23,-14.9,,,,,,,,954.4,,2,,0,0,0,0,0,0,0,,,,
RUE,2012,2,7,0,-15.2,,,,,,,,954.4,,1.4,,0,0,0,0,0,0,0,,,,
RUE,2012,2,7,1,-15.5,,,,,,,,954.3,,1.2,,0,0,0,0,0,0,0,,,,
RUE,2012,2,7,2,-15.9,,,,,,,,953.9,,1.1,,0,0,0,0,0,0,0,,,,
RUE,2012,2,7,3,-16.3,,,,,,,,953.5,,2,,0,0,0,0,0,0,0,,,,
RUE,2012,2,7,4,-16.2,,,,,,,,953.2,,2,,0,0,0,0,0,0,0,,,,
RUE,2012,2,7,5,-15.8,,,,,,,,953.2,,2,,0,0,0,0,0,0,0,,,,
RUE,2012,2,7,6,-15.2,,,,,,,,953.1,,1.4,,0,0,0,0,0,0,0,,,,
RUE,2012,2,7,7,-14.7,,,,,,,,953.1,,0.9,,21,0,0,0,0,0,0,,,,
RUE,2012,2,7,8,-13.8,,,,,,,,953.1,,1.8,,96,0,0,0,0,0,0,,,,
RUE,2012,2,7,9,-12.9,,,,,,,,952.9,,3.9,,197,949.4,32.5,0,0,0,0,,,,
RUE,2012,2,7,10,-12.4,,,,,,,,952.7,,5.1,,242,407.8,119.8,0,0,0,0,,,,
RUE,2012,2,7,11,-11.8,,,,,,,,952.4,,5.2,,313,389.1,160.3,0,0,0,0,,,,
RUE,2012,2,7,12,-11.1,,,,,,,,952.1,,5.4,,348,360.7,187.3,0,0,0,0,,,,
RUE,2012,2,7,13,-10.4,,,,,,,,951.9,,5.8,,319,237.1,211.1,0,0,0,0,,,,
RUE,2012,2,7,14,-10.4,,,,,,,,951.9,,4.8,,225,71.2,195.1,0,0,0,0,,,,
RUE,2012,2,7,15,-10.5,,,,,,,,952.1,,5.1,,90,4.4,88.5,0,0,0,0,,,,
RUE,2012,2,7,16,-11,,,,,,,,952.5,,4.4,,14,0.2,13.9,0,0,0,0,,,,
RUE,2012,2,7,17,-11.7,,,,,,,,952.9,,4.4,,0,0,0,0,0,0,0,,,,
RUE,2012,2,7,18,-12.2,,,,,,,,953.1,,4.1,,0,0,0,0,0,0,0,,,,
RUE,2012,2,7,19,-12.4,,,,,,,,953.2,,3.4,,0,0,0,0,0,0,0,,,,
RUE,2012,2,7,20,-12.3,,,,,,,,953.2,,3.5,,0,0,0,0,0,0,0,,,,
RUE,2012,2,7,21,-12,,,,,,,,953.1,,3.2,,0,0,0,0,0,0,0,,,,
RUE,2012,2,7,22,-11.7,,,,,,,,952.9,,4,,0,0,0,0,0,0,0,,,,
RUE,2012,2,7,23,-11.6,,,,,,,,952.8,,3.4,,0,0,0,0,0,0,0,,,,
RUE,2012,2,8,0,-11.5,,,,,,,,952.7,,3.2,,0,0,0,0,0,0,0,,,,
RUE,2012,2,8,1,-11.4,,,,,,,,952.7,,4.2,,0,0,0,0,0,0,0,,,,
RUE,2012,2,8,2,-11.3,,,,,,,,952.7,,3.8,,0,0,0,0,0,0,0,,,,
RUE,2012,2,8,3,-11.3,,,,,,,,952.5,,4.4,,0,0,0,0,0,0,0,,,,
RUE,2012,2,8,4,-11.3,,,,,,,,952.6,,4.7,,0,0,0,0,0,0,0,,,,
RUE,2012,2,8,5,-11.3,,,,,,,,952.8,,5,,0,0,0,0,0,0,0,,,,
RUE,2012,2,8,6,-11.3,,,,,,,,953.2,,5,,0,0,0,0,0,0,0,,,,
RUE,2012,2,8,7,-11.2,,,,,,,,953.8,,5,,4,0,0,0,0,0,0,,,,
RUE,2012,2,8,8,-11.2,,,,,,,,954.3,,4.6,,58,0,0,0,0,0,0,,,,
RUE,2012,2,8,9,-11,,,,,,,,954.6,,5,,184,834.8,35.8,0,0,0,0,,,,
RUE,2012,2,8,10,-10.7,,,,,,,,954.9,,6.2,,211,228,141.7,0,0,0,0,,,,
RUE,2012,2,8,11,-9.9,,,,,,,,954.9,,5.5,,327,436,153.8,0,0,0,0,,,,
RUE,2012,2,8,12,-9.4,,,,,,,,955,,4.8,,276,133.7,215.8,0,0,0,0,,,,
RUE,2012,2,8,13,-9,,,,,,,,955.3,,3.7,,241,64.4,211.4,0,0,0,0,,,,
RUE,2012,2,8,14,-8.5,,,,,,,,955.6,,3.6,,259,130.2,203.7,0,0,0,0,,,,
RUE,2012,2,8,15,-8.5,,,,,,,,955.8,,3.4,,137,15.4,131.6,0,0,0,0,,,,
RUE,2012,2,8,16,-8.8,,,,,,,,956.3,,3.4,,30,1,29.8,0,0,0,0,,,,
RUE,2012,2,8,17,-9.7,,,,,,,,956.5,,1.5,,0,0,0,0,0,0,0,,,,
RUE,2012,2,8,18,-9.8,,,,,,,,956.7,,1.4,,0,0,0,0,0,0,0,,,,
RUE,2012,2,8,19,-10.2,,,,,,,,956.7,,1.1,,0,0,0,0,0,0,0,,,,
RUE,2012,2,8,20,-10.5,,,,,,,,956.9,,1.4,,0,0,0,0,0,0,0,,,,
RUE,2012,2,8,21,-10.7,,,,,,,,957.1,,0.9,,0,0,0,0,0,0,0,,,,
RUE,2012,2,8,22,-10.9,,,,,,,,957.2,,0.8,,0,0,0,0,0,0,0,,,,
RUE,2012,2,8,23,-10.8,,,,,,,,957.4,,0.8,,0,0,0,0,0,0,0,,,,
RUE,2012,2,9,0,-10.8,,,,,,,,957.9,,0.8,,0,0,0,0,0,0,0,,,,
RUE,2012,2,9,1,-10.9,,,,,,,,957.6,,1.2,,0,0,0,0,0,0,0,,,,
RUE,2012,2,9,2,-10.8,,,,,,,,957.1,,1.6,,0,0,0,0,0,0,0,,,,
RUE,2012,2,9,3,-11.4,,,,,,,,957,,1.2,,0,0,0,0,0,0,0,,,,
RUE,2012,2,9,4,-10.9,,,,,,,,956.9,,0.9,,0,0,0,0,0,0,0,,,,
RUE,2012,2,9,5,-11,,,,,,,,956.6,,1.7,,0,0,0,0,0,0,0,,,,
RUE,2012,2,9,6,-11.7,,,,,,,,956.8,,1.2,,0,0,0,0,0,0,0,,,,
RUE,2012,2,9,7,-12,,,,,,,,956.8,,0.8,,28,0,0,0,0,0,0,,,,
RUE,2012,2,9,8,-11.2,,,,,,,,956.7,,0.6,,146,0,0,0,0,0,0,,,,
RUE,2012,2,9,9,-10.2,,,,,,,,956.6,,0.4,,277,1271.7,45.7,0,0,0,0,,,,
RUE,2012,2,9,10,-8.9,,,,,,,,956.5,,0.6,,387,1047.1,63.9,0,0,0,0,,,,
RUE,2012,2,9,11,-7.4,,,,,,,,955.9,,1.1,,427,873.2,76,0,0,0,0,,,,
RUE,2012,2,9,12,-6.3,,,,,,,,955.3,,1.2,,364,393.5,184.8,0,0,0,0,,,,
RUE,2012,2,9,13,-5.9,,,,,,,,954.9,,2.1,,254,78.8,217.3,0,0,0,0,,,,
RUE,2012,2,9,14,-6.3,,,,,,,,954.5,,3,,159,11.6,154,0,0,0,0,,,,
RUE,2012,2,9,15,-6.5,,,,,,,,954.4,,2.6,,60,1.8,59.3,0,0,0,0,,,,
RUE,2012,2,9,16,-7,,,,,,,,954.5,,4,,4,0,4,0,0,0,0,,,,
RUE,2012,2,9,17,-7.4,,,,,,,,954.9,,4,,0,0,0,0,0,0,0,,,,
RUE,2012,2,9,18,-7.7,,,,,,,,955.4,,2.8,,0,0,0,0,0,0,0,,,,
RUE,2012,2,9,19,-8,,,,,,,,955.9,,2.7,,0,0,0,0,0,0,0,,,,
RUE,2012,2,9,20,-8.4,,,,,,,,956.2,,0.9,,0,0,0,0,0,0,0,,,,
RUE,2012,2,9,21,-8.6,,,,,,,,956.6,,0.5,,0,0,0,0,0,0,0,,,,
RUE,2012,2,9,22,-8.3,,,,,,,,956.8,,4.2,,0,0,0,0,0,0,0,,,,
RUE,2012,2,9,23,-8.7,,,,,,,,956.9,,4.6,,0,0,0,0,0,0,0,,,,
RUE,2012,2,10,0,-9.5,,,,,,,,956.7,,4.2,,0,0,0,0,0,0,0,,,,
RUE,2012,2,10,1,-9.8,,,,,,,,956.4,,3.7,,0,0,0,0,0,0,0,,,,
RUE,2012,2,10,2,-9.6,,,,,,,,956.4,,3,,0,0,0,0,0,0,0,,,,
RUE,2012,2,10,3,-10,,,,,,,,956.1,,2.7,,0,0,0,0,0,0,0,,,,
RUE,2012,2,10,4,-9.5,,,,,,,,955.8,,3.3,,0,0,0,0,0,0,0,,,,
RUE,2012,2,10,5,-9.3,,,,,,,,955.8,,3.8,,0,0,0,0,0,0,0,,,,
RUE,2012,2,10,6,-9.6,,,,,,,,955.9,,2.8,,0,0,0,0,0,0,0,,,,
RUE,2012,2,10,7,-10,,,,,,,,956.1,,2.5,,30,0,0,0,0,0,0,,,,
RUE,2012,2,10,8,-9.5,,,,,,,,956,,1.8,,162,0,0,0,0,0,0,,,,
RUE,2012,2,10,9,-8.6,,,,,,,,956,,3,,235,1053.2,38.8,0,0,0,0,,,,
RUE,2012,2,10,10,-8.4,,,,,,,,955.9,,4.7,,207,186.2,148.7,0,0,0,0,,,,
RUE,2012,2,10,11,-8.2,,,,,,,,955.7,,4.3,,253,143.2,194.7,0,0,0,0,,,,
RUE,2012,2,10,12,-7.9,,,,,,,,955.4,,4.8,,282,134.1,220.3,0,0,0,0,,,,
RUE,2012,2,10,13,-7.6,,,,,,,,954.9,,5.7,,253,73.7,218.4,0,0,0,0,,,,
RUE,2012,2,10,14,-7.7,,,,,,,,954.7,,5.3,,253,105.8,207,0,0,0,0,,,,
RUE,2012,2,10,15,-8.6,,,,,,,,954.5,,5,,106,5.6,104,0,0,0,0,,,,
RUE,2012,2,10,16,-9.4,,,,,,,,954.3,,6,,28,0.8,27.8,0,0,0,0,,,,
RUE,2012,2,10,17,-10,,,,,,,,954.6,,7.9,,0,0,0,0,0,0,0,,,,
RUE,2012,2,10,18,-10.1,,,,,,,,954.7,,6.8,,0,0,0,0,0,0,0,,,,
RUE,2012,2,10,19,-10.4,,,,,,,,954.5,,5.1,,0,0,0,0,0,0,0,,,,
RUE,2012,2,10,20,-10.6,,,,,,,,954.3,,5.2,,0,0,0,0,0,0,0,,,,
RUE,2012,2,10,21,-10.8,,,,,,,,954.1,,5.4,,0,0,0,0,0,0,0,,,,
RUE,2012,2,10,22,-10.8,,,,,,,,953.7,,4.8,,0,0,0,0,0,0,0,,,,
RUE,2012,2,10,23,-10.7,,,,,,,,953.1,,5.5,,0,0,0,0,0,0,0,,,,
RUE,2012,2,11,0,-10.7,,,,,,,,952.4,,5.5,,0,0,0,0,0,0,0,,,,
RUE,2012,2,11,1,-10.8,,,,,,,,952,,6.2,,0,0,0,0,0,0,0,,,,
RUE,2012,2,11,2,-10.9,,,,,,,,951.5,,6.7,,0,0,0,0,0,0,0,,,,
RUE,2012,2,11,3,-11.2,,,,,,,,951,,5.8,,0,0,0,0,0,0,0,,,,
RUE,2012,2,11,4,-11.5,,,,,,,,950.9,,5.3,,0,0,0,0,0,0,0,,,,
RUE,2012,2,11,5,-11.7,,,,,,,,950.7,,5.4,,0,0,0,0,0,0,0,,,,
RUE,2012,2,11,6,-11.8,,,,,,,,950.8,,4.7,,0,0,0,0,0,0,0,,,,
RUE,2012,2,11,7,-11.6,,,,,,,,950.7,,5.1,,7,0,0,0,0,0,0,,,,
RUE,2012,2,11,8,-11.4,,,,,,,,950.6,,5.6,,71,0,0,0,0,0,0,,,,
RUE,2012,2,11,9,-11.3,,,,,,,,950.6,,4.8,,161,475.2,70.3,0,0,0,0,,,,
RUE,2012,2,11,10,-11,,,,,,,,950.5,,5.1,,170,71.2,147.3,0,0,0,0,,,,
RUE,2012,2,11,11,-10.7,,,,,,,,950.4,,5.3,,270,180.6,195.6,0,0,0,0,,,,
RUE,2012,2,11,12,-10.3,,,,,,,,950.1,,5,,337,271.9,210.5,0,0,0,0,,,,
RUE,2012,2,11,13,-10,,,,,,,,950.1,,4.1,,238,52,213.3,0,0,0,0,,,,
RUE,2012,2,11,14,-9.9,,,,,,,,950.3,,4.2,,188,23.3,177.7,0,0,0,0,,,,
RUE,2012,2,11,15,-9.7,,,,,,,,950.5,,4.3,,70,2.4,69.1,0,0,0,0,,,,
RUE,2012,2,11,16,-9.7,,,,,,,,951,,3.9,,16,0.3,15.9,0,0,0,0,,,,
RUE,2012,2,11,17,-10.1,,,,,,,,951.6,,4.7,,0,0,0,0,0,0,0,,,,
RUE,2012,2,11,18,-10.6,,,,,,,,952.1,,5.5,,0,0,0,0,0,0,0,,,,
RUE,2012,2,11,19,-10.7,,,,,,,,952.4,,5.2,,0,0,0,0,0,0,0,,,,
RUE,2012,2,11,20,-10.7,,,,,,,,952.6,,3.8,,0,0,0,0,0,0,0,,,,
RUE,2012,2,11,21,-10.5,,,,,,,,952.6,,5.2,,0,0,0,0,0,0,0,,,,
RUE,2012,2,11,22,-10.6,,,,,,,,952.6,,5,,0,0,0,0,0,0,0,,,,
RUE,2012,2,11,23,-11.2,,,,,,,,952.7,,4.1,,0,0,0,0,0,0,0,,,,
RUE,2012,2,12,0,-12,,,,,,,,952.6,,3.6,,0,0,0,0,0,0,0,,,,
RUE,2012,2,12,1,-12.7,,,,,,,,952.3,,3,,0,0,0,0,0,0,0,,,,
RUE,2012,2,12,2,-13.1,,,,,,,,952.2,,1.1,,0,0,0,0,0,0,0,,,,
RUE,2012,2,12,3,-13.1,,,,,,,,952.1,,1.3,,0,0,0,0,0,0,0,,,,
RUE,2012,2,12,4,-13.1,,,,,,,,952.1,,1.3,,0,0,0,0,0,0,0,,,,
RUE,2012,2,12,5,-13.4,,,,,,,,952.2,,1.1,,0,0,0,0,0,0,0,,,,
RUE,2012,2,12,6,-13.7,,,,,,,,952.4,,0.8,,0,0,0,0,0,0,0,,,,
RUE,2012,2,12,7,-13.9,,,,,,,,952.6,,1.9,,40,0,0,0,0,0,0,,,,
RUE,2012,2,12,8,-13.6,,,,,,,,952.7,,3.1,,122,0,0,0,0,0,0,,,,
RUE,2012,2,12,9,-12.8,,,,,,,,953,,3.7,,228,974.2,37.6,0,0,0,0,,,,
RUE,2012,2,12,10,-11.8,,,,,,,,953.2,,3.8,,403,1042.4,66.5,0,0,0,0,,,,
RUE,2012,2,12,11,-10.5,,,,,,,,953,,2.6,,465,932.3,76.6,0,0,0,0,,,,
RUE,2012,2,12,12,-9.2,,,,,,,,952.6,,3.4,,461,739.7,113.2,0,0,0,0,,,,
RUE,2012,2,12,13,-8.6,,,,,,,,952,,3.9,,362,318.4,209.2,0,0,0,0,,,,
RUE,2012,2,12,14,-8.1,,,,,,,,951.9,,2,,331,301.7,196.7,0,0,0,0,,,,
RUE,2012,2,12,15,-8.6,,,,,,,,951.9,,2,,163,28,152.7,0,0,0,0,,,,
RUE,2012,2,12,16,-9.3,,,,,,,,952.2,,2.1,,37,1.4,36.7,0,0,0,0,,,,
RUE,2012,2,12,17,-9.7,,,,,,,,952.5,,0.9,,0,0,0,0,0,0,0,,,,
RUE,2012,2,12,18,-10.2,,,,,,,,952.6,,1.1,,0,0,0,0,0,0,0,,,,
RUE,2012,2,12,19,-10.5,,,,,,,,952.6,,0.9,,0,0,0,0,0,0,0,,,,
RUE,2012,2,12,20,-11.1,,,,,,,,952.8,,0.6,,0,0,0,0,0,0,0,,,,
RUE,2012,2,12,21,-11.1,,,,,,,,952.9,,0.8,,0,0,0,0,0,0,0,,,,
RUE,2012,2,12,22,-11.4,,,,,,,,953,,0.5,,0,0,0,0,0,0,0,,,,
RUE,2012,2,12,23,-11.4,,,,,,,,952.8,,0.9,,0,0,0,0,0,0,0,,,,
RUE,2012,2,13,0,-11.5,,,,,,,,953,,0.6,,0,0,0,0,0,0,0,,,,
RUE,2012,2,13,1,-11.7,,,,,,,,952.7,,1,,0,0,0,0,0,0,0,,,,
RUE,2012,2,13,2,-12.1,,,,,,,,952.4,,0.5,,0,0,0,0,0,0,0,,,,
RUE,2012,2,13,3,-12.1,,,,,,,,952,,1.1,,0,0,0,0,0,0,0,,,,
RUE,2012,2,13,4,-12,,,,,,,,951.8,,0.9,,0,0,0,0,0,0,0,,,,
RUE,2012,2,13,5,-12.4,,,,,,,,951.6,,1.4,,0,0,0,0,0,0,0,,,,
RUE,2012,2,13,6,-12.2,,,,,,,,951.2,,1.4,,0,0,0,0,0,0,0,,,,
RUE,2012,2,13,7,-11.7,,,,,,,,951.5,,1,,23,0,0,0,0,0,0,,,,
RUE,2012,2,13,8,-10.8,,,,,,,,951.4,,0.6,,55,0,0,0,0,0,0,,,,
RUE,2012,2,13,9,-9.7,,,,,,,,951.4,,0.7,,148,295.5,88.9,0,0,0,0,,,,
RUE,2012,2,13,10,-8.3,,,,,,,,951.2,,0.3,,209,160.6,156.4,0,0,0,0,,,,
RUE,2012,2,13,11,-7.4,,,,,,,,950.9,,0.3,,157,12,151.9,0,0,0,0,,,,
RUE,2012,2,13,12,-6.5,,,,,,,,950,,1.3,,222,36.7,204.6,0,0,0,0,,,,
RUE,2012,2,13,13,-5.8,,,,,,,,949.1,,0.6,,228,37.9,209.6,0,0,0,0,,,,
RUE,2012,2,13,14,-4.8,,,,,,,,948.6,,0.9,,322,259.4,205.3,0,0,0,0,,,,
RUE,2012,2,13,15,-4.5,,,,,,,,948.3,,0.9,,121,7.1,118.4,0,0,0,0,,,,
RUE,2012,2,13,16,-4.5,,,,,,,,947.9,,0.6,,21,0.4,20.9,0,0,0,0,,,,
RUE,2012,2,13,17,-4.9,,,,,,,,947.5,,0.2,,0,0,0,0,0,0,0,,,,
RUE,2012,2,13,18,-5.7,,,,,,,,947.1,,0.8,,0,0,0,0,0,0,0,,,,
RUE,2012,2,13,19,-6,,,,,,,,946.9,,0.7,,0,0,0,0,0,0,0,,,,
RUE,2012,2,13,20,-5.7,,,,,,,,946.4,,0.7,,0,0,0,0,0,0,0,,,,
RUE,2012,2,13,21,-5.4,,,,,,,,945.9,,0.7,,0,0,0,0,0,0,0,,,,
RUE,2012,2,13,22,-5.8,,,,,,,,945.4,,0.6,,0,0,0,0,0,0,0,,,,
RUE,2012,2,13,23,-6,,,,,,,,945.1,,0.6,,0,0,0,0,0,0,0,,,,
RUE,2012,2,14,0,-5.8,,,,,,,,944.6,,0.8,,0,0,0,0,0,0,0,,,,
RUE,2012,2,14,1,-5.8,,,,,,,,944.3,,0.4,,0,0,0,0,0,0,0,,,,
RUE,2012,2,14,2,-5.5,,,,,,,,944,,0.6,,0,0,0,0,0,0,0,,,,
RUE,2012,2,14,3,-5.1,,,,,,,,943.8,,0.6,,0,0,0,0,0,0,0,,,,
RUE,2012,2,14,4,-4.9,,,,,,,,943.8,,0.2,,0,0,0,0,0,0,0,,,,
RUE,2012,2,14,5,-4.5,,,,,,,,943.6,,0.4,,0,0,0,0,0,0,0,,,,
RUE,2012,2,14,6,-4.5,,,,,,,,943.6,,0.4,,0,0,0,0,0,0,0,,,,
RUE,2012,2,14,7,-4.3,,,,,,,,943.9,,0.5,,11,0,0,0,0,0,0,,,,
RUE,2012,2,14,8,-4,,,,,,,,944.1,,0.5,,51,444.8,27,0,0,0,0,,,,
RUE,2012,2,14,9,-3.4,,,,,,,,944.3,,0.5,,117,97.8,97,0,0,0,0,,,,
RUE,2012,2,14,10,-2.8,,,,,,,,944.7,,0.4,,190,97.9,157.4,0,0,0,0,,,,
RUE,2012,2,14,11,-2.2,,,,,,,,944.9,,0.9,,295,226.1,198.5,0,0,0,0,,,,
RUE,2012,2,14,12,-1.6,,,,,,,,944.7,,0.5,,283,112.8,228.8,0,0,0,0,,,,
RUE,2012,2,14,13,-1,,,,,,,,944.7,,0.6,,253,60.4,223.4,0,0,0,0,,,,
RUE,2012,2,14,14,-0.6,,,,,,,,944.5,,0.5,,231,55.6,205.7,0,0,0,0,,,,
RUE,2012,2,14,15,-0.6,,,,,,,,944.4,,1.2,,137,10.7,133,0,0,0,0,,,,
RUE,2012,2,14,16,-0.8,,,,,,,,944.6,,0.6,,24,0.5,23.9,0,0,0,0,,,,
RUE,2012,2,14,17,-1.1,,,,,,,,945,,0.9,,0,0,0,0,0,0,0,,,,
RUE,2012,2,14,18,-1.3,,,,,,,,945.3,,1,,0,0,0,0,0,0,0,,,,
RUE,2012,2,14,19,-1.2,,,,,,,,945.4,,1.1,,0,0,0,0,0,0,0,,,,
RUE,2012,2,14,20,-1.2,,,,,,,,945.3,,0.9,,0,0,0,0,0,0,0,,,,
RUE,2012,2,14,21,-1.2,,,,,,,,945.2,,1,,0,0,0,0,0,0,0,,,,
RUE,2012,2,14,22,-0.8,,,,,,,,945.3,,1.7,,0,0,0,0,0,0,0,,,,
RUE,2012,2,14,23,-0.6,,,,,,,,944.9,,2.6,,0,0,0,0,0,0,0,,,,
RUE,2012,2,15,0,-0.5,,,,,,,,944.9,,3.9,,0,0,0,0,0,0,0,,,,
RUE,2012,2,15,1,-0.4,,,,,,,,944.5,,3.8,,0,0,0,0,0,0,0,,,,
RUE,2012,2,15,2,-0.7,,,,,,,,944.1,,3.3,,0,0,0,0,0,0,0,,,,
RUE,2012,2,15,3,-0.6,,,,,,,,943.8,,3.1,,0,0,0,0,0,0,0,,,,
RUE,2012,2,15,4,-0.5,,,,,,,,943.4,,4.4,,0,0,0,0,0,0,0,,,,
RUE,2012,2,15,5,-0.5,,,,,,,,943.1,,5,,0,0,0,0,0,0,0,,,,
RUE,2012,2,15,6,-0.2,,,,,,,,942.5,,5.3,,0,0,0,0,0,0,0,,,,
RUE,2012,2,15,7,0,,,,,,,,942.7,,4.3,,4,0,0,0,0,0,0,,,,
RUE,2012,2,15,8,0.3,,,,,,,,942.8,,4.1,,21,7.8,20.5,0,0,0,0,,,,
RUE,2012,2,15,9,0.6,,,,,,,,942.9,,4.8,,58,4.9,57,0,0,0,0,,,,
RUE,2012,2,15,10,0.9,,,,,,,,943.2,,5.1,,96,5.2,94.2,0,0,0,0,,,,
RUE,2012,2,15,11,1,,,,,,,,943.3,,4.9,,132,6,129.4,0,0,0,0,,,,
RUE,2012,2,15,12,1.4,,,,,,,,943.2,,5.5,,126,4.3,123.9,0,0,0,0,,,,
RUE,2012,2,15,13,1.4,,,,,,,,943.2,,5.4,,110,3.2,108.4,0,0,0,0,,,,
RUE,2012,2,15,14,1.6,,,,,,,,943,,5.5,,79,1.9,78.1,0,0,0,0,,,,
RUE,2012,2,15,15,1.7,,,,,,,,943.4,,5.3,,47,1,46.6,0,0,0,0,,,,
RUE,2012,2,15,16,1.6,,,,,,,,944.3,,3.9,,17,0.3,16.9,0,0,0,0,,,,
RUE,2012,2,15,17,1.2,,,,,,,,945.6,,3.3,,0,0,0,0,0,0,0,,,,
RUE,2012,2,15,18,1.2,,,,,,,,946.1,,3,,0,0,0,0,0,0,0,,,,
RUE,2012,2,15,19,1.1,,,,,,,,946.3,,3,,0,0,0,0,0,0,0,,,,
RUE,2012,2,15,20,0.5,,,,,,,,946.5,,2.5,,0,0,0,0,0,0,0,,,,
RUE,2012,2,15,21,0.7,,,,,,,,946.6,,2.8,,0,0,0,0,0,0,0,,,,
RUE,2012,2,15,22,1.1,,,,,,,,946.7,,3.1,,0,0,0,0,0,0,0,,,,
RUE,2012,2,15,23,1.2,,,,,,,,947.2,,2.4,,0,0,0,0,0,0,0,,,,
RUE,2012,2,16,0,1.2,,,,,,,,947.8,,1.6,,0,0,0,0,0,0,0,,,,
RUE,2012,2,16,1,1.1,,,,,,,,948,,1.8,,0,0,0,0,0,0,0,,,,
RUE,2012,2,16,2,0.4,,,,,,,,948.1,,1.8,,0,0,0,0,0,0,0,,,,
RUE,2012,2,16,3,0.8,,,,,,,,948.2,,1.8,,0,0,0,0,0,0,0,,,,
RUE,2012,2,16,4,1,,,,,,,,948.4,,1.5,,0,0,0,0,0,0,0,,,,
RUE,2012,2,16,5,0.3,,,,,,,,949.1,,1.7,,0,0,0,0,0,0,0,,,,
RUE,2012,2,16,6,0.1,,,,,,,,949.6,,1.3,,0,0,0,0,0,0,0,,,,
RUE,2012,2,16,7,0.1,,,,,,,,950.1,,1,,37,0,0,0,0,0,0,,,,
RUE,2012,2,16,8,0.1,,,,,,,,950.9,,0.9,,80,1060.8,13.2,0,0,0,0,,,,
RUE,2012,2,16,9,0.6,,,,,,,,951.2,,1.3,,159,298.7,94.9,0,0,0,0,,,,
RUE,2012,2,16,10,0.9,,,,,,,,951.9,,1.1,,174,55.9,154.9,0,0,0,0,,,,
RUE,2012,2,16,11,1,,,,,,,,952.3,,2.1,,222,56,197.5,0,0,0,0,,,,
RUE,2012,2,16,12,1.3,,,,,,,,952.1,,2.1,,342,234.1,227.1,0,0,0,0,,,,
RUE,2012,2,16,13,1.5,,,,,,,,951.8,,1.8,,283,93.7,236.1,0,0,0,0,,,,
RUE,2012,2,16,14,1.3,,,,,,,,951.8,,1.9,,140,5.8,137.3,0,0,0,0,,,,
RUE,2012,2,16,15,1.4,,,,,,,,952.3,,1.3,,91,3.5,89.6,0,0,0,0,,,,
RUE,2012,2,16,16,1.2,,,,,,,,952.5,,1,,28,0.7,27.8,0,0,0,0,,,,
RUE,2012,2,16,17,0.9,,,,,,,,952.8,,1.2,,2,0,2,0,0,0,0,,,,
RUE,2012,2,16,18,0,,,,,,,,953.3,,0.9,,0,0,0,0,0,0,0,,,,
RUE,2012,2,16,19,-0.3,,,,,,,,953.4,,0.9,,0,0,0,0,0,0,0,,,,
RUE,2012,2,16,20,0,,,,,,,,953.4,,0.9,,0,0,0,0,0,0,0,,,,
RUE,2012,2,16,21,-0.3,,,,,,,,953.7,,0.4,,0,0,0,0,0,0,0,,,,
RUE,2012,2,16,22,-0.4,,,,,,,,953.6,,1.2,,0,0,0,0,0,0,0,,,,
RUE,2012,2,16,23,-0.4,,,,,,,,953.5,,0.8,,0,0,0,0,0,0,0,,,,
RUE,2012,2,17,0,-0.4,,,,,,,,953.3,,1,,0,0,0,0,0,0,0,,,,
RUE,2012,2,17,1,-0.7,,,,,,,,953,,1.2,,0,0,0,0,0,0,0,,,,
RUE,2012,2,17,2,-1.1,,,,,,,,953.1,,0.6,,0,0,0,0,0,0,0,,,,
RUE,2012,2,17,3,-1.3,,,,,,,,953,,1,,0,0,0,0,0,0,0,,,,
RUE,2012,2,17,4,-1,,,,,,,,952.9,,0.9,,0,0,0,0,0,0,0,,,,
RUE,2012,2,17,5,-0.4,,,,,,,,953.1,,0.4,,0,0,0,0,0,0,0,,,,
RUE,2012,2,17,6,0.1,,,,,,,,953.4,,0.8,,0,0,0,0,0,0,0,,,,
RUE,2012,2,17,7,0.4,,,,,,,,953.8,,1.2,,31,0,0,0,0,0,0,,,,
RUE,2012,2,17,8,0.9,,,,,,,,953.6,,1.1,,109,1346.5,18,0,0,0,0,,,,
RUE,2012,2,17,9,1.6,,,,,,,,953.6,,0.5,,183,458.9,82.3,0,0,0,0,,,,
RUE,2012,2,17,10,2.1,,,,,,,,953.7,,0.4,,227,178.3,165,0,0,0,0,,,,
RUE,2012,2,17,11,2.6,,,,,,,,953.7,,0.5,,261,114.4,210.4,0,0,0,0,,,,
RUE,2012,2,17,12,3.2,,,,,,,,953.4,,1.5,,312,152,236.6,0,0,0,0,,,,
RUE,2012,2,17,13,3.3,,,,,,,,953.1,,1.7,,306,128.1,241.3,0,0,0,0,,,,
RUE,2012,2,17,14,3.4,,,,,,,,952.8,,2.4,,192,18.7,183.2,0,0,0,0,,,,
RUE,2012,2,17,15,3,,,,,,,,952.8,,1.8,,78,2.5,77,0,0,0,0,,,,
RUE,2012,2,17,16,2.7,,,,,,,,952.8,,1.4,,24,0.5,23.9,0,0,0,0,,,,
RUE,2012,2,17,17,2.5,,,,,,,,953.1,,1.2,,0,0,0,0,0,0,0,,,,
RUE,2012,2,17,18,2.2,,,,,,,,953.1,,0.9,,0,0,0,0,0,0,0,,,,
RUE,2012,2,17,19,1.8,,,,,,,,952.6,,1.3,,0,0,0,0,0,0,0,,,,
RUE,2012,2,17,20,1.6,,,,,,,,952.4,,1,,0,0,0,0,0,0,0,,,,
RUE,2012,2,17,21,1.4,,,,,,,,952.2,,0.6,,0,0,0,0,0,0,0,,,,
RUE,2012,2,17,22,1.5,,,,,,,,952,,0.7,,0,0,0,0,0,0,0,,,,
RUE,2012,2,17,23,1.4,,,,,,,,952,,0.5,,0,0,0,0,0,0,0,,,,
RUE,2012,2,18,0,1.5,,,,,,,,951.8,,0.8,,0,0,0,0,0,0,0,,,,
RUE,2012,2,18,1,1.5,,,,,,,,951.2,,0.6,,0,0,0,0,0,0,0,,,,
RUE,2012,2,18,2,1.5,,,,,,,,950.7,,0.7,,0,0,0,0,0,0,0,,,,
RUE,2012,2,18,3,1.2,,,,,,,,950.2,,0.6,,0,0,0,0,0,0,0,,,,
RUE,2012,2,18,4,1.2,,,,,,,,949.9,,0.8,,0,0,0,0,0,0,0,,,,
RUE,2012,2,18,5,1.5,,,,,,,,949.6,,0.8,,0,0,0,0,0,0,0,,,,
RUE,2012,2,18,6,1.4,,,,,,,,949.3,,2.2,,1,0,0,0,0,0,0,,,,
RUE,2012,2,18,7,0.8,,,,,,,,949.2,,1.8,,41,0,0,0,0,0,0,,,,
RUE,2012,2,18,8,1.1,,,,,,,,949.2,,0.6,,208,2402,34.3,0,0,0,0,,,,
RUE,2012,2,18,9,1.7,,,,,,,,948.9,,0.3,,343,1275.4,56.6,0,0,0,0,,,,
RUE,2012,2,18,10,2.5,,,,,,,,948.9,,0.5,,454,1074,74.9,0,0,0,0,,,,
RUE,2012,2,18,11,3.4,,,,,,,,948.6,,0.7,,516,963,85.1,0,0,0,0,,,,
RUE,2012,2,18,12,4.3,,,,,,,,947.8,,1.5,,475,680.2,134,0,0,0,0,,,,
RUE,2012,2,18,13,4.6,,,,,,,,947.3,,0.8,,397,358.3,214,0,0,0,0,,,,
RUE,2012,2,18,14,5.2,,,,,,,,946.6,,1.7,,340,260.3,216.2,0,0,0,0,,,,
RUE,2012,2,18,15,4.7,,,,,,,,946.1,,2.3,,170,23.7,160.6,0,0,0,0,,,,
RUE,2012,2,18,16,4.1,,,,,,,,945.7,,1.9,,67,3.6,66,0,0,0,0,,,,
RUE,2012,2,18,17,3.2,,,,,,,,945.6,,1.8,,2,0,2,0,0,0,0,,,,
RUE,2012,2,18,18,3.1,,,,,,,,945.6,,0.7,,0,0,0,0,0,0,0,,,,
RUE,2012,2,18,19,3.2,,,,,,,,945.2,,0.8,,0,0,0,0,0,0,0,,,,
RUE,2012,2,18,20,2.8,,,,,,,,944.9,,0.8,,0,0,0,0,0,0,0,,,,
RUE,2012,2,18,21,3,,,,,,,,944.4,,0.7,,0,0,0,0,0,0,0,,,,
RUE,2012,2,18,22,3.5,,,,,,,,944,,0.3,,0,0,0,0,0,0,0,,,,
RUE,2012,2,18,23,3.1,,,,,,,,943.6,,0.7,,0,0,0,0,0,0,0,,,,
RUE,2012,2,19,0,2.8,,,,,,,,943.3,,0.9,,0,0,0,0,0,0,0,,,,
RUE,2012,2,19,1,2.6,,,,,,,,943.1,,0.7,,0,0,0,0,0,0,0,,,,
RUE,2012,2,19,2,2,,,,,,,,943.1,,1.1,,0,0,0,0,0,0,0,,,,
RUE,2012,2,19,3,2,,,,,,,,942.9,,1.4,,0,0,0,0,0,0,0,,,,
RUE,2012,2,19,4,2.6,,,,,,,,942.9,,2.2,,0,0,0,0,0,0,0,,,,
RUE,2012,2,19,5,3.2,,,,,,,,943.1,,4.4,,0,0,0,0,0,0,0,,,,
RUE,2012,2,19,6,3.3,,,,,,,,943.6,,4.2,,0,0,0,0,0,0,0,,,,
RUE,2012,2,19,7,3.3,,,,,,,,944.2,,4,,30,0,0,0,0,0,0,,,,
RUE,2012,2,19,8,3,,,,,,,,944.6,,4.2,,96,1039.7,15.8,0,0,0,0,,,,
RUE,2012,2,19,9,2.6,,,,,,,,945.4,,4.2,,67,5.5,65.7,0,0,0,0,,,,
RUE,2012,2,19,10,0.8,,,,,,,,946.7,,3.8,,69,2.4,68.1,0,0,0,0,,,,
RUE,2012,2,19,11,0.1,,,,,,,,947.5,,3.2,,149,7.5,145.6,0,0,0,0,,,,
RUE,2012,2,19,12,0.6,,,,,,,,947.9,,2.6,,114,3.3,112.3,0,0,0,0,,,,
RUE,2012,2,19,13,1.1,,,,,,,,948,,3,,243,38.6,223.1,0,0,0,0,,,,
RUE,2012,2,19,14,1.6,,,,,,,,948.4,,3,,205,23.4,193.7,0,0,0,0,,,,
RUE,2012,2,19,15,1.7,,,,,,,,949.1,,2.8,,103,4.2,101.3,0,0,0,0,,,,
RUE,2012,2,19,16,1.6,,,,,,,,949.8,,2,,36,1,35.7,0,0,0,0,,,,
RUE,2012,2,19,17,1.2,,,,,,,,950.7,,1.2,,2,0,2,0,0,0,0,,,,
RUE,2012,2,19,18,0.8,,,,,,,,951.8,,0.7,,0,0,0,0,0,0,0,,,,
RUE,2012,2,19,19,0.7,,,,,,,,952.6,,1.7,,0,0,0,0,0,0,0,,,,
RUE,2012,2,19,20,0,,,,,,,,953.4,,2.1,,0,0,0,0,0,0,0,,,,
RUE,2012,2,19,21,-0.4,,,,,,,,954,,1.6,,0,0,0,0,0,0,0,,,,
RUE,2012,2,19,22,-0.8,,,,,,,,954.3,,1.4,,0,0,0,0,0,0,0,,,,
RUE,2012,2,19,23,-1.2,,,,,,,,954.7,,1,,0,0,0,0,0,0,0,,,,
RUE,2012,2,20,0,-1.5,,,,,,,,955.1,,0.9,,0,0,0,0,0,0,0,,,,
RUE,2012,2,20,1,-2,,,,,,,,955.3,,1.3,,0,0,0,0,0,0,0,,,,
RUE,2012,2,20,2,-2.3,,,,,,,,955.5,,1.2,,0,0,0,0,0,0,0,,,,
RUE,2012,2,20,3,-2.6,,,,,,,,955.6,,0.9,,0,0,0,0,0,0,0,,,,
RUE,2012,2,20,4,-2.9,,,,,,,,956.1,,0.5,,0,0,0,0,0,0,0,,,,
RUE,2012,2,20,5,-2.9,,,,,,,,956.5,,0.8,,0,0,0,0,0,0,0,,,,
RUE,2012,2,20,6,-3,,,,,,,,957,,1.2,,2,0,0,0,0,0,0,,,,
RUE,2012,2,20,7,-3.3,,,,,,,,957.3,,0.7,,60,0,0,0,0,0,0,,,,
RUE,2012,2,20,8,-3.1,,,,,,,,957.9,,0.6,,117,1191.8,19.3,0,0,0,0,,,,
RUE,2012,2,20,9,-1.9,,,,,,,,958.2,,0.9,,285,1013.5,47,0,0,0,0,,,,
RUE,2012,2,20,10,-0.4,,,,,,,,958.2,,4,,404,928.4,66.5,0,0,0,0,,,,
RUE,2012,2,20,11,0.3,,,,,,,,958.3,,3.7,,476,842.6,90,0,0,0,0,,,,
RUE,2012,2,20,12,0.5,,,,,,,,958,,4.5,,312,132.7,244.1,0,0,0,0,,,,
RUE,2012,2,20,13,0.8,,,,,,,,957.9,,3.8,,338,173.9,247.3,0,0,0,0,,,,
RUE,2012,2,20,14,0.7,,,,,,,,957.7,,3.9,,333,219.9,226.2,0,0,0,0,,,,
RUE,2012,2,20,15,0.2,,,,,,,,957.7,,3.8,,147,10.5,142.7,0,0,0,0,,,,
RUE,2012,2,20,16,-0.4,,,,,,,,957.5,,2.8,,60,2.7,59.2,0,0,0,0,,,,
RUE,2012,2,20,17,-1,,,,,,,,957.6,,2.2,,3,0,3,0,0,0,0,,,,
RUE,2012,2,20,18,-1.5,,,,,,,,957.8,,2.4,,0,0,0,0,0,0,0,,,,
RUE,2012,2,20,19,-1.8,,,,,,,,957.8,,3.8,,0,0,0,0,0,0,0,,,,
RUE,2012,2,20,20,-2.2,,,,,,,,957.9,,3.3,,0,0,0,0,0,0,0,,,,
RUE,2012,2,20,21,-2.4,,,,,,,,957.8,,3.5,,0,0,0,0,0,0,0,,,,
RUE,2012,2,20,22,-2.9,,,,,,,,957.9,,1.9,,0,0,0,0,0,0,0,,,,
RUE,2012,2,20,23,-3.4,,,,,,,,957.7,,2.9,,0,0,0,0,0,0,0,,,,
RUE,2012,2,21,0,-3.5,,,,,,,,957.6,,1.8,,0,0,0,0,0,0,0,,,,
RUE,2012,2,21,1,-4.2,,,,,,,,957.5,,1.7,,0,0,0,0,0,0,0,,,,
RUE,2012,2,21,2,-4.3,,,,,,,,957.4,,1,,0,0,0,0,0,0,0,,,,
RUE,2012,2,21,3,-4,,,,,,,,957,,0.8,,0,0,0,0,0,0,0,,,,
RUE,2012,2,21,4,-4.8,,,,,,,,957.1,,0.5,,0,0,0,0,0,0,0,,,,
RUE,2012,2,21,5,-4.9,,,,,,,,957.1,,0.7,,0,0,0,0,0,0,0,,,,
RUE,2012,2,21,6,-4.9,,,,,,,,957.3,,0.9,,2,0,0,0,0,0,0,,,,
RUE,2012,2,21,7,-5,,,,,,,,957.8,,0.8,,74,0,0,0,0,0,0,,,,
RUE,2012,2,21,8,-4.4,,,,,,,,958,,1.2,,227,2180.7,37.5,0,0,0,0,,,,
RUE,2012,2,21,9,-3,,,,,,,,958.2,,1.3,,367,1276.7,60.6,0,0,0,0,,,,
RUE,2012,2,21,10,-2.1,,,,,,,,958.4,,1.1,,478,1082.2,78.9,0,0,0,0,,,,
RUE,2012,2,21,11,-1.1,,,,,,,,958.2,,0.9,,543,978.3,89.6,0,0,0,0,,,,
RUE,2012,2,21,12,-0.2,,,,,,,,957.9,,0.9,,491,684.8,136.8,0,0,0,0,,,,
RUE,2012,2,21,13,0.6,,,,,,,,957.7,,0.6,,473,585.1,164.8,0,0,0,0,,,,
RUE,2012,2,21,14,1.3,,,,,,,,957.6,,0.9,,408,455.9,184.1,0,0,0,0,,,,
RUE,2012,2,21,15,1.4,,,,,,,,957.5,,0.8,,209,55.7,186,0,0,0,0,,,,
RUE,2012,2,21,16,1.4,,,,,,,,957.6,,0.7,,62,2.8,61.2,0,0,0,0,,,,
RUE,2012,2,21,17,0.6,,,,,,,,958,,0.7,,4,0,4,0,0,0,0,,,,
RUE,2012,2,21,18,-0.4,,,,,,,,958.4,,0.8,,0,0,0,0,0,0,0,,,,
RUE,2012,2,21,19,-1.1,,,,,,,,958.5,,0.9,,0,0,0,0,0,0,0,,,,
RUE,2012,2,21,20,-1,,,,,,,,958.5,,0.2,,0,0,0,0,0,0,0,,,,
RUE,2012,2,21,21,-1.5,,,,,,,,958.7,,0.5,,0,0,0,0,0,0,0,,,,
RUE,2012,2,21,22,-1.9,,,,,,,,958.6,,1.5,,0,0,0,0,0,0,0,,,,
RUE,2012,2,21,23,-2.4,,,,,,,,958.4,,1.4,,0,0,0,0,0,0,0,,,,
RUE,2012,2,22,0,-2.8,,,,,,,,958.2,,2.2,,0,0,0,0,0,0,0,,,,
RUE,2012,2,22,1,-2.9,,,,,,,,958,,1.8,,0,0,0,0,0,0,0,,,,
RUE,2012,2,22,2,-3,,,,,,,,957.7,,2.1,,0,0,0,0,0,0,0,,,,
RUE,2012,2,22,3,-3.4,,,,,,,,957.4,,0.9,,0,0,0,0,0,0,0,,,,
RUE,2012,2,22,4,-3.3,,,,,,,,957.3,,0.6,,0,0,0,0,0,0,0,,,,
RUE,2012,2,22,5,-3.2,,,,,,,,957.3,,0.5,,0,0,0,0,0,0,0,,,,
RUE,2012,2,22,6,-3,,,,,,,,957.3,,0.7,,2,0,0,0,0,0,0,,,,
RUE,2012,2,22,7,-2.6,,,,,,,,957.5,,0.6,,78,0,0,0,0,0,0,,,,
RUE,2012,2,22,8,-1.5,,,,,,,,957.5,,1.2,,229,2079.8,37.8,0,0,0,0,,,,
RUE,2012,2,22,9,-0.2,,,,,,,,957.4,,1.9,,365,1242.5,60.2,0,0,0,0,,,,
RUE,2012,2,22,10,0.7,,,,,,,,957.5,,2.5,,477,1064.4,78.7,0,0,0,0,,,,
RUE,2012,2,22,11,1.8,,,,,,,,957.1,,2.4,,546,972.3,90.1,0,0,0,0,,,,
RUE,2012,2,22,12,2.6,,,,,,,,956.3,,1.5,,521,773.4,116.7,0,0,0,0,,,,
RUE,2012,2,22,13,3.7,,,,,,,,955.6,,0.8,,477,582.7,167,0,0,0,0,,,,
RUE,2012,2,22,14,4.1,,,,,,,,955,,0.9,,405,429.1,192.1,0,0,0,0,,,,
RUE,2012,2,22,15,4.5,,,,,,,,954.8,,1.1,,213,57.7,188.9,0,0,0,0,,,,
RUE,2012,2,22,16,4.4,,,,,,,,954.6,,0.4,,64,2.9,63.1,0,0,0,0,,,,
RUE,2012,2,22,17,3.2,,,,,,,,954.9,,1.5,,5,0.1,5,0,0,0,0,,,,
RUE,2012,2,22,18,2.2,,,,,,,,955.1,,2.6,,0,0,0,0,0,0,0,,,,
RUE,2012,2,22,19,1.5,,,,,,,,955.3,,1.8,,0,0,0,0,0,0,0,,,,
RUE,2012,2,22,20,1.5,,,,,,,,955.2,,2,,0,0,0,0,0,0,0,,,,
RUE,2012,2,22,21,0.8,,,,,,,,955.2,,0.8,,0,0,0,0,0,0,0,,,,
RUE,2012,2,22,22,1.5,,,,,,,,954.8,,1.2,,0,0,0,0,0,0,0,,,,
RUE,2012,2,22,23,1.8,,,,,,,,954.5,,1.5,,0,0,0,0,0,0,0,,,,
RUE,2012,2,23,0,1,,,,,,,,954.6,,1.1,,0,0,0,0,0,0,0,,,,
RUE,2012,2,23,1,0.5,,,,,,,,954.6,,1.3,,0,0,0,0,0,0,0,,,,
RUE,2012,2,23,2,1.8,,,,,,,,954.2,,0.7,,0,0,0,0,0,0,0,,,,
RUE,2012,2,23,3,1.4,,,,,,,,954,,0.8,,0,0,0,0,0,0,0,,,,
RUE,2012,2,23,4,1.6,,,,,,,,954,,0.8,,0,0,0,0,0,0,0,,,,
RUE,2012,2,23,5,1.8,,,,,,,,954,,0.9,,0,0,0,0,0,0,0,,,,
RUE,2012,2,23,6,2.2,,,,,,,,954.6,,0.5,,1,0,0,0,0,0,0,,,,
RUE,2012,2,23,7,2.5,,,,,,,,954.9,,0.7,,24,0,0,0,0,0,0,,,,
RUE,2012,2,23,8,2.9,,,,,,,,955.1,,1,,73,319.3,42,0,0,0,0,,,,
RUE,2012,2,23,9,3.3,,,,,,,,955,,0.8,,114,32.7,105.8,0,0,0,0,,,,
RUE,2012,2,23,10,4.1,,,,,,,,955.3,,0.6,,180,40.3,164.7,0,0,0,0,,,,
RUE,2012,2,23,11,5.1,,,,,,,,955,,0.7,,264,88,222.3,0,0,0,0,,,,
RUE,2012,2,23,12,5.9,,,,,,,,954.8,,0.7,,249,39.1,228.3,0,0,0,0,,,,
RUE,2012,2,23,13,5.7,,,,,,,,954.6,,1,,218,18.4,208.1,0,0,0,0,,,,
RUE,2012,2,23,14,5.6,,,,,,,,954.8,,1.2,,143,5.2,140.4,0,0,0,0,,,,
RUE,2012,2,23,15,5,,,,,,,,955.2,,2.1,,95,3.3,93.6,0,0,0,0,,,,
RUE,2012,2,23,16,4.7,,,,,,,,955.5,,0.8,,35,0.8,34.7,0,0,0,0,,,,
RUE,2012,2,23,17,4.6,,,,,,,,955.9,,0.7,,4,0,4,0,0,0,0,,,,
RUE,2012,2,23,18,4.2,,,,,,,,956.5,,1.2,,0,0,0,0,0,0,0,,,,
RUE,2012,2,23,19,4,,,,,,,,956.4,,0.7,,0,0,0,0,0,0,0,,,,
RUE,2012,2,23,20,4,,,,,,,,956.7,,0.5,,0,0,0,0,0,0,0,,,,
RUE,2012,2,23,21,4,,,,,,,,956.9,,0.3,,0,0,0,0,0,0,0,,,,
RUE,2012,2,23,22,3.8,,,,,,,,956.9,,0.6,,0,0,0,0,0,0,0,,,,
RUE,2012,2,23,23,3.6,,,,,,,,956.9,,0.4,,0,0,0,0,0,0,0,,,,
RUE,2012,2,24,0,3.5,,,,,,,,957,,0.6,,0,0,0,0,0,0,0,,,,
RUE,2012,2,24,1,3.7,,,,,,,,956.9,,0.7,,0,0,0,0,0,0,0,,,,
RUE,2012,2,24,2,3.5,,,,,,,,956.8,,0.4,,0,0,0,0,0,0,0,,,,
RUE,2012,2,24,3,3.3,,,,,,,,956.8,,0.6,,0,0,0,0,0,0,0,,,,
RUE,2012,2,24,4,2.9,,,,,,,,956.7,,0.8,,0,0,0,0,0,0,0,,,,
RUE,2012,2,24,5,2.6,,,,,,,,956.6,,0.6,,0,0,0,0,0,0,0,,,,
RUE,2012,2,24,6,2.2,,,,,,,,956.8,,0.5,,2,0,0,0,0,0,0,,,,
RUE,2012,2,24,7,2.2,,,,,,,,957,,0.7,,59,0,0,0,0,0,0,,,,
RUE,2012,2,24,8,1.8,,,,,,,,957,,0.6,,147,1201.2,24.3,0,0,0,0,,,,
RUE,2012,2,24,9,2,,,,,,,,956.9,,0.5,,309,1007.9,51,0,0,0,0,,,,
RUE,2012,2,24,10,4.3,,,,,,,,956.9,,0.6,,472,1023.5,77.9,0,0,0,0,,,,
RUE,2012,2,24,11,6.9,,,,,,,,956.6,,0.5,,535,930.9,88.3,0,0,0,0,,,,
RUE,2012,2,24,12,9,,,,,,,,956.2,,0.5,,537,791.1,114.9,0,0,0,0,,,,
RUE,2012,2,24,13,10.1,,,,,,,,955.8,,0.7,,472,531.3,183.6,0,0,0,0,,,,
RUE,2012,2,24,14,10.7,,,,,,,,955.7,,1.3,,400,382.4,206.3,0,0,0,0,,,,
RUE,2012,2,24,15,10.9,,,,,,,,955.4,,1.3,,201,38.6,184.5,0,0,0,0,,,,
RUE,2012,2,24,16,9.3,,,,,,,,955.3,,1,,45,1.3,44.6,0,0,0,0,,,,
RUE,2012,2,24,17,8.3,,,,,,,,955.3,,1.2,,6,0.1,6,0,0,0,0,,,,
RUE,2012,2,24,18,7.2,,,,,,,,955.8,,1.2,,0,0,0,0,0,0,0,,,,
RUE,2012,2,24,19,6.6,,,,,,,,955.8,,1,,0,0,0,0,0,0,0,,,,
RUE,2012,2,24,20,6.4,,,,,,,,955.8,,1,,0,0,0,0,0,0,0,,,,
RUE,2012,2,24,21,5.2,,,,,,,,956.1,,0.7,,0,0,0,0,0,0,0,,,,
RUE,2012,2,24,22,4.4,,,,,,,,956,,1,,0,0,0,0,0,0,0,,,,
RUE,2012,2,24,23,4.1,,,,,,,,956,,0.9,,0,0,0,0,0,0,0,,,,
RUE,2012,2,25,0,3.9,,,,,,,,955.7,,0.9,,0,0,0,0,0,0,0,,,,
RUE,2012,2,25,1,3.6,,,,,,,,955.1,,1,,0,0,0,0,0,0,0,,,,
RUE,2012,2,25,2,3.6,,,,,,,,954.5,,0.9,,0,0,0,0,0,0,0,,,,
RUE,2012,2,25,3,3.5,,,,,,,,954.4,,1,,0,0,0,0,0,0,0,,,,
RUE,2012,2,25,4,3.4,,,,,,,,954.2,,1.2,,0,0,0,0,0,0,0,,,,
RUE,2012,2,25,5,3.5,,,,,,,,954,,1.1,,0,0,0,0,0,0,0,,,,
RUE,2012,2,25,6,3.6,,,,,,,,953.6,,1.2,,2,0,0,0,0,0,0,,,,
RUE,2012,2,25,7,3.7,,,,,,,,953.6,,0.9,,42,0,0,0,0,0,0,,,,
RUE,2012,2,25,8,4.2,,,,,,,,953.4,,0.8,,96,579,33.8,0,0,0,0,,,,
RUE,2012,2,25,9,4.3,,,,,,,,953.4,,1.2,,96,11.5,93,0,0,0,0,,,,
RUE,2012,2,25,10,4.6,,,,,,,,953.3,,1.6,,139,10.1,135.1,0,0,0,0,,,,
RUE,2012,2,25,11,4.9,,,,,,,,953.1,,1.7,,116,3.7,114.2,0,0,0,0,,,,
RUE,2012,2,25,12,5.2,,,,,,,,952.4,,0.9,,119,3.1,117.3,0,0,0,0,,,,
RUE,2012,2,25,13,5.7,,,,,,,,951.7,,1.1,,171,6.4,167.5,0,0,0,0,,,,
RUE,2012,2,25,14,6,,,,,,,,951.4,,1.5,,158,6.2,154.8,0,0,0,0,,,,
RUE,2012,2,25,15,6.3,,,,,,,,951.2,,2,,106,3.9,104.3,0,0,0,0,,,,
RUE,2012,2,25,16,6.4,,,,,,,,950.9,,1.6,,40,1,39.7,0,0,0,0,,,,
RUE,2012,2,25,17,6.4,,,,,,,,950.7,,1,,3,0,3,0,0,0,0,,,,
RUE,2012,2,25,18,5.7,,,,,,,,950.8,,1,,0,0,0,0,0,0,0,,,,
RUE,2012,2,25,19,5.6,,,,,,,,950.4,,1.3,,0,0,0,0,0,0,0,,,,
RUE,2012,2,25,20,5.2,,,,,,,,950.7,,1.2,,0,0,0,0,0,0,0,,,,
RUE,2012,2,25,21,5.2,,,,,,,,950.7,,0.8,,0,0,0,0,0,0,0,,,,
RUE,2012,2,25,22,5.4,,,,,,,,950.3,,1.3,,0,0,0,0,0,0,0,,,,
RUE,2012,2,25,23,5.2,,,,,,,,950.1,,0.8,,0,0,0,0,0,0,0,,,,
RUE,2012,2,26,0,5.1,,,,,,,,949.8,,1.4,,0,0,0,0,0,0,0,,,,
RUE,2012,2,26,1,5.1,,,,,,,,949.3,,2.5,,0,0,0,0,0,0,0,,,,
RUE,2012,2,26,2,5.1,,,,,,,,948.9,,3.6,,0,0,0,0,0,0,0,,,,
RUE,2012,2,26,3,5,,,,,,,,948.9,,2.8,,0,0,0,0,0,0,0,,,,
RUE,2012,2,26,4,4.6,,,,,,,,948.8,,2.7,,0,0,0,0,0,0,0,,,,
RUE,2012,2,26,5,3.8,,,,,,,,949,,3.5,,0,0,0,0,0,0,0,,,,
RUE,2012,2,26,6,3.4,,,,,,,,949.4,,3,,0,0,0,0,0,0,0,,,,
RUE,2012,2,26,7,3.2,,,,,,,,950.1,,2.6,,12,0,0,0,0,0,0,,,,
RUE,2012,2,26,8,3,,,,,,,,950.6,,2.7,,103,619.2,33.2,0,0,0,0,,,,
RUE,2012,2,26,9,3.1,,,,,,,,951.2,,2.4,,208,365.8,110.4,0,0,0,0,,,,
RUE,2012,2,26,10,3.3,,,,,,,,951.7,,2.6,,254,167.5,187.6,0,0,0,0,,,,
RUE,2012,2,26,11,3.4,,,,,,,,952.3,,2,,118,3.7,116.2,0,0,0,0,,,,
RUE,2012,2,26,12,3.5,,,,,,,,952.5,,1.7,,101,2.2,99.8,0,0,0,0,,,,
RUE,2012,2,26,13,3.7,,,,,,,,952.7,,0.9,,154,5,151.2,0,0,0,0,,,,
RUE,2012,2,26,14,3.8,,,,,,,,952.8,,0.6,,114,3.1,112.4,0,0,0,0,,,,
RUE,2012,2,26,15,4.1,,,,,,,,952.9,,1,,98,3.2,96.6,0,0,0,0,,,,
RUE,2012,2,26,16,3.8,,,,,,,,953,,1.3,,37,0.9,36.7,0,0,0,0,,,,
RUE,2012,2,26,17,3.5,,,,,,,,953.4,,0.8,,3,0,3,0,0,0,0,,,,
RUE,2012,2,26,18,3.2,,,,,,,,953.8,,0.8,,0,0,0,0,0,0,0,,,,
RUE,2012,2,26,19,2.7,,,,,,,,954.2,,1.2,,0,0,0,0,0,0,0,,,,
RUE,2012,2,26,20,2.5,,,,,,,,954.5,,0.8,,0,0,0,0,0,0,0,,,,
RUE,2012,2,26,21,2,,,,,,,,954.8,,1,,0,0,0,0,0,0,0,,,,
RUE,2012,2,26,22,2.1,,,,,,,,954.9,,1.1,,0,0,0,0,0,0,0,,,,
RUE,2012,2,26,23,1.9,,,,,,,,954.7,,0.8,,0,0,0,0,0,0,0,,,,
RUE,2012,2,27,0,2,,,,,,,,954.6,,0.5,,0,0,0,0,0,0,0,,,,
RUE,2012,2,27,1,1.8,,,,,,,,954.5,,0.6,,0,0,0,0,0,0,0,,,,
RUE,2012,2,27,2,1.3,,,,,,,,954.2,,0.8,,0,0,0,0,0,0,0,,,,
RUE,2012,2,27,3,0.7,,,,,,,,954,,1.2,,0,0,0,0,0,0,0,,,,
RUE,2012,2,27,4,0.4,,,,,,,,954,,0.8,,0,0,0,0,0,0,0,,,,
RUE,2012,2,27,5,0.2,,,,,,,,954,,1.7,,0,0,0,0,0,0,0,,,,
RUE,2012,2,27,6,0.1,,,,,,,,954,,1.5,,5,0,0,0,0,0,0,,,,
RUE,2012,2,27,7,0.4,,,,,,,,954.1,,1.1,,99,0,0,0,0,0,0,,,,
RUE,2012,2,27,8,1.8,,,,,,,,954.1,,2.1,,256,1811,42.2,0,0,0,0,,,,
RUE,2012,2,27,9,3,,,,,,,,954.1,,2.6,,375,1149.6,61.9,0,0,0,0,,,,
RUE,2012,2,27,10,4.2,,,,,,,,954.5,,1,,515,1070.6,85,0,0,0,0,,,,
RUE,2012,2,27,11,5.4,,,,,,,,954.4,,1.6,,675,1135.4,111.4,0,0,0,0,,,,
RUE,2012,2,27,12,5.4,,,,,,,,953.7,,1.1,,567,832.4,109.2,0,0,0,0,,,,
RUE,2012,2,27,13,6.3,,,,,,,,952.8,,1.2,,507,606.5,168.1,0,0,0,0,,,,
RUE,2012,2,27,14,6.7,,,,,,,,952.3,,1.1,,423,420.3,203.5,0,0,0,0,,,,
RUE,2012,2,27,15,6.5,,,,,,,,951.9,,1.6,,228,61,201,0,0,0,0,,,,
RUE,2012,2,27,16,5.9,,,,,,,,952.1,,2.2,,76,3.5,74.9,0,0,0,0,,,,
RUE,2012,2,27,17,5,,,,,,,,952.5,,2,,4,0,4,0,0,0,0,,,,
RUE,2012,2,27,18,4,,,,,,,,952.8,,0.9,,0,0,0,0,0,0,0,,,,
RUE,2012,2,27,19,3.4,,,,,,,,952.9,,1,,0,0,0,0,0,0,0,,,,
RUE,2012,2,27,20,2.9,,,,,,,,953.5,,0.6,,0,0,0,0,0,0,0,,,,
RUE,2012,2,27,21,2.7,,,,,,,,953.5,,1.1,,0,0,0,0,0,0,0,,,,
RUE,2012,2,27,22,3.1,,,,,,,,953.3,,0.8,,0,0,0,0,0,0,0,,,,
RUE,2012,2,27,23,2.9,,,,,,,,953.3,,1,,0,0,0,0,0,0,0,,,,
RUE,2012,2,28,0,2.5,,,,,,,,953.1,,0.5,,0,0,0,0,0,0,0,,,,
RUE,2012,2,28,1,2.3,,,,,,,,953,,0.4,,0,0,0,0,0,0,0,,,,
RUE,2012,2,28,2,1.7,,,,,,,,953.2,,0.3,,0,0,0,0,0,0,0,,,,
RUE,2012,2,28,3,1.3,,,,,,,,953,,0.7,,0,0,0,0,0,0,0,,,,
RUE,2012,2,28,4,1.5,,,,,,,,952.7,,0.8,,0,0,0,0,0,0,0,,,,
RUE,2012,2,28,5,1,,,,,,,,952.7,,1,,0,0,0,0,0,0,0,,,,
RUE,2012,2,28,6,1.2,,,,,,,,953.1,,0.7,,8,0,0,0,0,0,0,,,,
RUE,2012,2,28,7,1.6,,,,,,,,953.6,,0.9,,103,0,0,0,0,0,0,,,,
RUE,2012,2,28,8,3.5,,,,,,,,954,,1,,274,1853.6,45.2,0,0,0,0,,,,
RUE,2012,2,28,9,6.2,,,,,,,,953.8,,2.1,,414,1243.8,68.3,0,0,0,0,,,,
RUE,2012,2,28,10,7.4,,,,,,,,953.5,,1.3,,482,988.2,79.5,0,0,0,0,,,,
RUE,2012,2,28,11,9,,,,,,,,953.5,,1.5,,549,913,90.7,0,0,0,0,,,,
RUE,2012,2,28,12,9.5,,,,,,,,953,,0.8,,509,624.7,161.9,0,0,0,0,,,,
RUE,2012,2,28,13,10.5,,,,,,,,952.7,,0.9,,478,490.3,201.4,0,0,0,0,,,,
RUE,2012,2,28,14,10.6,,,,,,,,952.6,,1.9,,360,218.6,244.7,0,0,0,0,,,,
RUE,2012,2,28,15,9.9,,,,,,,,952.3,,2.3,,161,10.5,156.3,0,0,0,0,,,,
RUE,2012,2,28,16,9.1,,,,,,,,952.5,,1.9,,68,2.7,67.1,0,0,0,0,,,,
RUE,2012,2,28,17,8.7,,,,,,,,952.6,,0.7,,4,0,4,0,0,0,0,,,,
RUE,2012,2,28,18,7.6,,,,,,,,953.1,,0.4,,0,0,0,0,0,0,0,,,,
RUE,2012,2,28,19,6.9,,,,,,,,953.3,,0.9,,0,0,0,0,0,0,0,,,,
RUE,2012,2,28,20,6.4,,,,,,,,953.3,,1.1,,0,0,0,0,0,0,0,,,,
RUE,2012,2,28,21,6,,,,,,,,953.4,,0.8,,0,0,0,0,0,0,0,,,,
RUE,2012,2,28,22,5.3,,,,,,,,953.4,,0.8,,0,0,0,0,0,0,0,,,,
RUE,2012,2,28,23,4.8,,,,,,,,953.4,,0.4,,0,0,0,0,0,0,0,,,,
RUE,2012,2,29,0,5.1,,,,,,,,953.3,,0.5,,0,0,0,0,0,0,0,,,,
RUE,2012,2,29,1,4.6,,,,,,,,953,,0.3,,0,0,0,0,0,0,0,,,,
RUE,2012,2,29,2,4,,,,,,,,952.5,,1.1,,0,0,0,0,0,0,0,,,,
RUE,2012,2,29,3,3,,,,,,,,952.7,,1.8,,0,0,0,0,0,0,0,,,,
RUE,2012,2,29,4,2.7,,,,,,,,952.9,,1.4,,0,0,0,0,0,0,0,,,,
RUE,2012,2,29,5,2.5,,,,,,,,952.8,,2,,0,0,0,0,0,0,0,,,,
RUE,2012,2,29,6,3.2,,,,,,,,952.8,,2.3,,6,0,0,0,0,0,0,,,,
RUE,2012,2,29,7,4.1,,,,,,,,952.9,,2.4,,104,0,0,0,0,0,0,,,,
RUE,2012,2,29,8,6.1,,,,,,,,952.6,,2.4,,253,1639.2,41.7,0,0,0,0,,,,
RUE,2012,2,29,9,8.3,,,,,,,,952.2,,3.6,,390,1148.6,64.4,0,0,0,0,,,,
RUE,2012,2,29,10,9.6,,,,,,,,952.1,,3.8,,494,999,81.5,0,0,0,0,,,,
RUE,2012,2,29,11,11.1,,,,,,,,952,,3,,557,916.5,91.8,0,0,0,0,,,,
RUE,2012,2,29,12,12,,,,,,,,951.4,,2.7,,553,757.1,128.2,0,0,0,0,,,,
RUE,2012,2,29,13,12.9,,,,,,,,950.9,,2.7,,499,546.6,187.7,0,0,0,0,,,,
RUE,2012,2,29,14,13.4,,,,,,,,950.7,,2.3,,418,376.4,217.5,0,0,0,0,,,,
RUE,2012,2,29,15,12.7,,,,,,,,950.6,,2.4,,229,56.1,203.6,0,0,0,0,,,,
RUE,2012,2,29,16,11.4,,,,,,,,950.8,,2.2,,93,5,91.3,0,0,0,0,,,,
RUE,2012,2,29,17,10.9,,,,,,,,951,,0.5,,11,0.2,11,0,0,0,0,,,,
RUE,2012,2,29,18,10.1,,,,,,,,951.2,,0.2,,0,0,0,0,0,0,0,,,,
RUE,2012,2,29,19,9.6,,,,,,,,951.1,,0.6,,0,0,0,0,0,0,0,,,,
RUE,2012,2,29,20,9,,,,,,,,951.1,,2.7,,0,0,0,0,0,0,0,,,,
RUE,2012,2,29,21,8.2,,,,,,,,951.1,,2.4,,0,0,0,0,0,0,0,,,,
RUE,2012,2,29,22,7.8,,,,,,,,951,,2.2,,0,0,0,0,0,0,0,,,,
RUE,2012,2,29,23,7.2,,,,,,,,950.9,,2.9,,0,0,0,0,0,0,0,,,,
RUE,2012,3,1,0,7.1,,,,,,,,950.8,,1.8,,0,0,0,0,0,0,0,,,,
RUE,2012,3,1,1,7.1,,,,,,,,950.5,,1.2,,0,0,0,0,0,0,0,,,,
RUE,2012,3,1,2,6.9,,,,,,,,950.2,,1.4,,0,0,0,0,0,0,0,,,,
RUE,2012,3,1,3,6.8,,,,,,,,950.1,,1.7,,0,0,0,0,0,0,0,,,,
RUE,2012,3,1,4,6.5,,,,,,,,950.2,,2.5,,0,0,0,0,0,0,0,,,,
RUE,2012,3,1,5,5.9,,,,,,,,950.2,,2.7,,0,0,0,0,0,0,0,,,,
RUE,2012,3,1,6,5.7,,,,,,,,950.6,,2.5,,7,0,0,0,0,0,0,,,,
RUE,2012,3,1,7,5.8,,,,,,,,950.8,,2.4,,97,0,0,0,0,0,0,,,,
RUE,2012,3,1,8,6.4,,,,,,,,951.1,,3.4,,250,1553.5,41.2,0,0,0,0,,,,
RUE,2012,3,1,9,6.9,,,,,,,,951.3,,3.2,,403,1163.8,66.5,0,0,0,0,,,,
RUE,2012,3,1,10,7.7,,,,,,,,951.6,,3.3,,510,1017.5,84.2,0,0,0,0,,,,
RUE,2012,3,1,11,9.9,,,,,,,,951.4,,2.5,,568,924.5,93.5,0,0,0,0,,,,
RUE,2012,3,1,12,10.9,,,,,,,,951.1,,2.1,,570,793.3,120.5,0,0,0,0,,,,
RUE,2012,3,1,13,12.8,,,,,,,,951.2,,1.6,,525,619.7,168.7,0,0,0,0,,,,
RUE,2012,3,1,14,13.6,,,,,,,,951.3,,1.1,,427,393,215.6,0,0,0,0,,,,
RUE,2012,3,1,15,13.9,,,,,,,,951.4,,0.8,,233,58,206.5,0,0,0,0,,,,
RUE,2012,3,1,16,13.9,,,,,,,,951.6,,0.7,,91,4.6,89.4,0,0,0,0,,,,
RUE,2012,3,1,17,12.6,,,,,,,,952.2,,0.6,,11,0.2,11,0,0,0,0,,,,
RUE,2012,3,1,18,11.5,,,,,,,,952.7,,0.2,,0,0,0,0,0,0,0,,,,
RUE,2012,3,1,19,10.2,,,,,,,,952.8,,1,,0,0,0,0,0,0,0,,,,
RUE,2012,3,1,20,9.6,,,,,,,,952.9,,1.5,,0,0,0,0,0,0,0,,,,
RUE,2012,3,1,21,8.8,,,,,,,,953,,1.6,,0,0,0,0,0,0,0,,,,
RUE,2012,3,1,22,9.3,,,,,,,,952.9,,2.2,,0,0,0,0,0,0,0,,,,
RUE,2012,3,1,23,8.7,,,,,,,,953,,1.1,,0,0,0,0,0,0,0,,,,
RUE,2012,3,2,0,8,,,,,,,,952.9,,0.6,,0,0,0,0,0,0,0,,,,
RUE,2012,3,2,1,7.2,,,,,,,,953,,1,,0,0,0,0,0,0,0,,,,
RUE,2012,3,2,2,7.5,,,,,,,,952.9,,1,,0,0,0,0,0,0,0,,,,
RUE,2012,3,2,3,7.3,,,,,,,,952.8,,1.4,,0,0,0,0,0,0,0,,,,
RUE,2012,3,2,4,7.2,,,,,,,,952.9,,0.9,,0,0,0,0,0,0,0,,,,
RUE,2012,3,2,5,7.4,,,,,,,,953.1,,0.5,,0,0,0,0,0,0,0,,,,
RUE,2012,3,2,6,8.2,,,,,,,,953.3,,0.4,,9,0,0,0,0,0,0,,,,
RUE,2012,3,2,7,9.7,,,,,,,,953.5,,0.5,,110,0,0,0,0,0,0,,,,
RUE,2012,3,2,8,10,,,,,,,,953.6,,0.7,,258,1539.7,42.6,0,0,0,0,,,,
RUE,2012,3,2,9,12.5,,,,,,,,953.5,,0.5,,397,1124.5,65.5,0,0,0,0,,,,
RUE,2012,3,2,10,14.5,,,,,,,,953.4,,0.8,,499,982.2,82.3,0,0,0,0,,,,
RUE,2012,3,2,11,15.4,,,,,,,,953.2,,0.9,,556,889.9,94.3,0,0,0,0,,,,
RUE,2012,3,2,12,16.3,,,,,,,,952.7,,0.8,,561,749.1,132.5,0,0,0,0,,,,
RUE,2012,3,2,13,17.1,,,,,,,,952.1,,0.9,,518,580.1,181.3,0,0,0,0,,,,
RUE,2012,3,2,14,17.2,,,,,,,,951.6,,1.4,,416,345.4,228.4,0,0,0,0,,,,
RUE,2012,3,2,15,16.6,,,,,,,,951.4,,2.3,,231,52.8,206.6,0,0,0,0,,,,
RUE,2012,3,2,16,15.5,,,,,,,,951.4,,1.7,,92,4.6,90.4,0,0,0,0,,,,
RUE,2012,3,2,17,14.7,,,,,,,,951.4,,0.9,,12,0.2,12,0,0,0,0,,,,
RUE,2012,3,2,18,14,,,,,,,,951.4,,0.7,,0,0,0,0,0,0,0,,,,
RUE,2012,3,2,19,12.7,,,,,,,,951.4,,0.9,,0,0,0,0,0,0,0,,,,
RUE,2012,3,2,20,11,,,,,,,,951.3,,1.1,,0,0,0,0,0,0,0,,,,
RUE,2012,3,2,21,9.4,,,,,,,,951.2,,0.5,,0,0,0,0,0,0,0,,,,
RUE,2012,3,2,22,7.4,,,,,,,,951.2,,1.1,,0,0,0,0,0,0,0,,,,
RUE,2012,3,2,23,6.5,,,,,,,,950.9,,2.2,,0,0,0,0,0,0,0,,,,
RUE,2012,3,3,0,5.6,,,,,,,,950.8,,1.1,,0,0,0,0,0,0,0,,,,
RUE,2012,3,3,1,3.4,,,,,,,,950.8,,0.4,,0,0,0,0,0,0,0,,,,
RUE,2012,3,3,2,3.7,,,,,,,,950.5,,0.9,,0,0,0,0,0,0,0,,,,
RUE,2012,3,3,3,5,,,,,,,,950.2,,1.8,,0,0,0,0,0,0,0,,,,
RUE,2012,3,3,4,5.8,,,,,,,,950.3,,2,,0,0,0,0,0,0,0,,,,
RUE,2012,3,3,5,5.8,,,,,,,,950.2,,2.1,,0,0,0,0,0,0,0,,,,
RUE,2012,3,3,6,5.7,,,,,,,,950.5,,1.6,,11,0,0,0,0,0,0,,,,
RUE,2012,3,3,7,7.4,,,,,,,,950.8,,0.7,,119,0,0,0,0,0,0,,,,
RUE,2012,3,3,8,10.4,,,,,,,,951.2,,0.4,,275,1578.2,45.4,0,0,0,0,,,,
RUE,2012,3,3,9,11.9,,,,,,,,951.4,,0.5,,405,1125.4,66.8,0,0,0,0,,,,
RUE,2012,3,3,10,12.2,,,,,,,,951.4,,1.5,,433,796.2,90.7,0,0,0,0,,,,
RUE,2012,3,3,11,13.2,,,,,,,,951.2,,0.9,,468,580.3,163.7,0,0,0,0,,,,
RUE,2012,3,3,12,13.9,,,,,,,,951,,2.2,,530,629.7,166.3,0,0,0,0,,,,
RUE,2012,3,3,13,14,,,,,,,,950.8,,2.9,,491,475.6,212.4,0,0,0,0,,,,
RUE,2012,3,3,14,13.8,,,,,,,,950.6,,2.3,,295,76.2,253.2,0,0,0,0,,,,
RUE,2012,3,3,15,13.7,,,,,,,,950.4,,2.8,,249,72.4,215.1,0,0,0,0,,,,
RUE,2012,3,3,16,12.8,,,,,,,,950.6,,3.5,,99,5.2,97.2,0,0,0,0,,,,
RUE,2012,3,3,17,11.7,,,,,,,,951.1,,1.9,,13,0.3,12.9,0,0,0,0,,,,
RUE,2012,3,3,18,10.8,,,,,,,,951.6,,2.2,,0,0,0,0,0,0,0,,,,
RUE,2012,3,3,19,9.5,,,,,,,,952.1,,2.5,,0,0,0,0,0,0,0,,,,
RUE,2012,3,3,20,8.8,,,,,,,,952.3,,1.8,,0,0,0,0,0,0,0,,,,
RUE,2012,3,3,21,8.6,,,,,,,,952.5,,1.1,,0,0,0,0,0,0,0,,,,
RUE,2012,3,3,22,7.8,,,,,,,,952.5,,1.9,,0,0,0,0,0,0,0,,,,
RUE,2012,3,3,23,6.6,,,,,,,,952.6,,3.2,,0,0,0,0,0,0,0,,,,
RUE,2012,3,4,0,5.7,,,,,,,,952.9,,3.3,,0,0,0,0,0,0,0,,,,
RUE,2012,3,4,1,5.3,,,,,,,,953,,2.7,,0,0,0,0,0,0,0,,,,
RUE,2012,3,4,2,4.9,,,,,,,,952.5,,2.7,,0,0,0,0,0,0,0,,,,
RUE,2012,3,4,3,4.6,,,,,,,,952,,2.6,,0,0,0,0,0,0,0,,,,
RUE,2012,3,4,4,4.4,,,,,,,,951.6,,1.3,,0,0,0,0,0,0,0,,,,
RUE,2012,3,4,5,4.3,,,,,,,,951.3,,0.9,,0,0,0,0,0,0,0,,,,
RUE,2012,3,4,6,4.3,,,,,,,,951,,1.5,,3,0,0,0,0,0,0,,,,
RUE,2012,3,4,7,4.3,,,,,,,,950.7,,1.2,,27,0,0,0,0,0,0,,,,
RUE,2012,3,4,8,4.5,,,,,,,,950.1,,0.9,,53,9.6,51.6,0,0,0,0,,,,
RUE,2012,3,4,9,4.7,,,,,,,,949.8,,1,,112,11.5,108.5,0,0,0,0,,,,
RUE,2012,3,4,10,5.5,,,,,,,,949.3,,1,,190,26.9,178.3,0,0,0,0,,,,
RUE,2012,3,4,11,6.3,,,,,,,,948.6,,1,,377,260.3,239,0,0,0,0,,,,
RUE,2012,3,4,12,8,,,,,,,,947.8,,1,,493,489.8,207.4,0,0,0,0,,,,
RUE,2012,3,4,13,9,,,,,,,,946.8,,0.7,,505,506.9,205.4,0,0,0,0,,,,
RUE,2012,3,4,14,9.9,,,,,,,,946,,0.8,,409,302.5,241.6,0,0,0,0,,,,
RUE,2012,3,4,15,10,,,,,,,,945.4,,0.7,,231,47.7,208.4,0,0,0,0,,,,
RUE,2012,3,4,16,8.6,,,,,,,,945.3,,2,,74,2.8,73,0,0,0,0,,,,
RUE,2012,3,4,17,7.4,,,,,,,,945.3,,1.7,,8,0.1,8,0,0,0,0,,,,
RUE,2012,3,4,18,6.7,,,,,,,,945.3,,0.8,,0,0,0,0,0,0,0,,,,
RUE,2012,3,4,19,6.5,,,,,,,,944.8,,1.1,,0,0,0,0,0,0,0,,,,
RUE,2012,3,4,20,6,,,,,,,,944.5,,0.7,,0,0,0,0,0,0,0,,,,
RUE,2012,3,4,21,5.9,,,,,,,,944.1,,1.1,,0,0,0,0,0,0,0,,,,
RUE,2012,3,4,22,6,,,,,,,,943.6,,1.1,,0,0,0,0,0,0,0,,,,
RUE,2012,3,4,23,5.6,,,,,,,,943.2,,0.8,,0,0,0,0,0,0,0,,,,
RUE,2012,3,5,0,5.8,,,,,,,,943,,1,,0,0,0,0,0,0,0,,,,
RUE,2012,3,5,1,5.5,,,,,,,,943,,1,,0,0,0,0,0,0,0,,,,
RUE,2012,3,5,2,5.3,,,,,,,,943.1,,2.1,,0,0,0,0,0,0,0,,,,
RUE,2012,3,5,3,2.5,,,,,,,,945.1,,7.2,,0,0,0,0,0,0,0,,,,
RUE,2012,3,5,4,1.5,,,,,,,,946.7,,6.2,,0,0,0,0,0,0,0,,,,
RUE,2012,3,5,5,1.4,,,,,,,,947.8,,4.9,,0,0,0,0,0,0,0,,,,
RUE,2012,3,5,6,1.5,,,,,,,,948.7,,5.1,,4,0,0,0,0,0,0,,,,
RUE,2012,3,5,7,1.9,,,,,,,,949.6,,6,,97,0,0,0,0,0,0,,,,
RUE,2012,3,5,8,1.7,,,,,,,,950.2,,5.2,,67,24.4,63.2,0,0,0,0,,,,
RUE,2012,3,5,9,1.2,,,,,,,,950.7,,3.8,,138,29,128.9,0,0,0,0,,,,
RUE,2012,3,5,10,2,,,,,,,,950.8,,4.8,,243,85.3,205.3,0,0,0,0,,,,
RUE,2012,3,5,11,2.7,,,,,,,,950.6,,4,,254,41.1,232,0,0,0,0,,,,
RUE,2012,3,5,12,2.4,,,,,,,,950.5,,5.1,,199,8.3,194.1,0,0,0,0,,,,
RUE,2012,3,5,13,2.7,,,,,,,,950.3,,3.6,,260,26.9,243.9,0,0,0,0,,,,
RUE,2012,3,5,14,2.9,,,,,,,,950.2,,4.3,,203,11.2,196.8,0,0,0,0,,,,
RUE,2012,3,5,15,2.8,,,,,,,,950,,3.4,,79,1.8,78.2,0,0,0,0,,,,
RUE,2012,3,5,16,2.5,,,,,,,,949.8,,2.2,,52,1.4,51.5,0,0,0,0,,,,
RUE,2012,3,5,17,2,,,,,,,,949.8,,1.3,,8,0.1,8,0,0,0,0,,,,
RUE,2012,3,5,18,1.8,,,,,,,,949.8,,1,,0,0,0,0,0,0,0,,,,
RUE,2012,3,5,19,1.9,,,,,,,,949.9,,0.9,,0,0,0,0,0,0,0,,,,
RUE,2012,3,5,20,1.9,,,,,,,,949.8,,1,,0,0,0,0,0,0,0,,,,
RUE,2012,3,5,21,1.8,,,,,,,,949.8,,1.5,,0,0,0,0,0,0,0,,,,
RUE,2012,3,5,22,1.9,,,,,,,,949.9,,2.2,,0,0,0,0,0,0,0,,,,
RUE,2012,3,5,23,1.5,,,,,,,,949.5,,2.9,,0,0,0,0,0,0,0,,,,
RUE,2012,3,6,0,1,,,,,,,,949.4,,2.1,,0,0,0,0,0,0,0,,,,
RUE,2012,3,6,1,1.1,,,,,,,,949.1,,2.2,,0,0,0,0,0,0,0,,,,
RUE,2012,3,6,2,0.5,,,,,,,,948.8,,1.1,,0,0,0,0,0,0,0,,,,
RUE,2012,3,6,3,0,,,,,,,,948.6,,1,,0,0,0,0,0,0,0,,,,
RUE,2012,3,6,4,-0.2,,,,,,,,948.6,,1,,0,0,0,0,0,0,0,,,,
RUE,2012,3,6,5,-0.7,,,,,,,,948.7,,1.5,,0,0,0,0,0,0,0,,,,
RUE,2012,3,6,6,-1.4,,,,,,,,949,,1.5,,9,0,0,0,0,0,0,,,,
RUE,2012,3,6,7,-1,,,,,,,,949.6,,1.7,,61,0,0,0,0,0,0,,,,
RUE,2012,3,6,8,-0.2,,,,,,,,950,,1.9,,161,769.5,36,0,0,0,0,,,,
RUE,2012,3,6,9,1.6,,,,,,,,950.3,,2.2,,375,985.6,61.9,0,0,0,0,,,,
RUE,2012,3,6,10,3.5,,,,,,,,950.5,,2.7,,505,943.2,83.3,0,0,0,0,,,,
RUE,2012,3,6,11,3.5,,,,,,,,950.5,,3.9,,318,115.3,255.6,0,0,0,0,,,,
RUE,2012,3,6,12,4.5,,,,,,,,950.2,,4.2,,532,588,182.6,0,0,0,0,,,,
RUE,2012,3,6,13,4.8,,,,,,,,950,,4.1,,354,116.1,284.1,0,0,0,0,,,,
RUE,2012,3,6,14,5.3,,,,,,,,950,,3.4,,359,165.1,265.9,0,0,0,0,,,,
RUE,2012,3,6,15,5.1,,,,,,,,950.1,,3.8,,134,5,131.6,0,0,0,0,,,,
RUE,2012,3,6,16,4.5,,,,,,,,950.6,,4,,55,1.5,54.5,0,0,0,0,,,,
RUE,2012,3,6,17,3.6,,,,,,,,951.3,,3.5,,9,0.1,9,0,0,0,0,,,,
RUE,2012,3,6,18,3,,,,,,,,951.9,,2.8,,0,0,0,0,0,0,0,,,,
RUE,2012,3,6,19,2.8,,,,,,,,952.2,,2.9,,0,0,0,0,0,0,0,,,,
RUE,2012,3,6,20,2.3,,,,,,,,952.4,,3.1,,0,0,0,0,0,0,0,,,,
RUE,2012,3,6,21,2.5,,,,,,,,952.5,,2.7,,0,0,0,0,0,0,0,,,,
RUE,2012,3,6,22,2.5,,,,,,,,952.5,,1.5,,0,0,0,0,0,0,0,,,,
RUE,2012,3,6,23,2.2,,,,,,,,952.6,,1.2,,0,0,0,0,0,0,0,,,,
RUE,2012,3,7,0,1.8,,,,,,,,952.6,,1.2,,0,0,0,0,0,0,0,,,,
RUE,2012,3,7,1,1.6,,,,,,,,952.7,,0.6,,0,0,0,0,0,0,0,,,,
RUE,2012,3,7,2,1,,,,,,,,952.5,,0.6,,0,0,0,0,0,0,0,,,,
RUE,2012,3,7,3,0.9,,,,,,,,952.1,,0.6,,0,0,0,0,0,0,0,,,,
RUE,2012,3,7,4,-0.4,,,,,,,,952.5,,1,,0,0,0,0,0,0,0,,,,
RUE,2012,3,7,5,-0.3,,,,,,,,952.7,,1.3,,0,0,0,0,0,0,0,,,,
RUE,2012,3,7,6,0.1,,,,,,,,952.9,,1,,17,0,0,0,0,0,0,,,,
RUE,2012,3,7,7,0.7,,,,,,,,953.1,,0.5,,136,0,0,0,0,0,0,,,,
RUE,2012,3,7,8,2.2,,,,,,,,953.4,,0.9,,304,1509,50.2,0,0,0,0,,,,
RUE,2012,3,7,9,3.3,,,,,,,,953.2,,0.7,,410,1058.4,67.7,0,0,0,0,,,,
RUE,2012,3,7,10,4.7,,,,,,,,953.1,,1.5,,524,966.3,86.5,0,0,0,0,,,,
RUE,2012,3,7,11,5.6,,,,,,,,952.5,,1.8,,489,585.8,168.6,0,0,0,0,,,,
RUE,2012,3,7,12,6.3,,,,,,,,951.6,,2.6,,565,679.9,157.3,0,0,0,0,,,,
RUE,2012,3,7,13,7.2,,,,,,,,950.5,,2.3,,504,462.7,223.1,0,0,0,0,,,,
RUE,2012,3,7,14,7.4,,,,,,,,949.5,,1.6,,367,174.9,267.5,0,0,0,0,,,,
RUE,2012,3,7,15,7.3,,,,,,,,948.7,,1.7,,192,16.3,184.1,0,0,0,0,,,,
RUE,2012,3,7,16,6.5,,,,,,,,947.9,,1.7,,69,2.3,68.2,0,0,0,0,,,,
RUE,2012,3,7,17,5.7,,,,,,,,947.8,,2.1,,5,0,5,0,0,0,0,,,,
RUE,2012,3,7,18,4.4,,,,,,,,948.5,,3.2,,0,0,0,0,0,0,0,,,,
RUE,2012,3,7,19,3.8,,,,,,,,948.4,,2.3,,0,0,0,0,0,0,0,,,,
RUE,2012,3,7,20,3.8,,,,,,,,948,,1.7,,0,0,0,0,0,0,0,,,,
RUE,2012,3,7,21,4.2,,,,,,,,948,,2.6,,0,0,0,0,0,0,0,,,,
RUE,2012,3,7,22,4.7,,,,,,,,947.7,,3.4,,0,0,0,0,0,0,0,,,,
RUE,2012,3,7,23,4.6,,,,,,,,947.2,,2.9,,0,0,0,0,0,0,0,,,,
RUE,2012,3,8,0,4.5,,,,,,,,947.1,,3.9,,0,0,0,0,0,0,0,,,,
RUE,2012,3,8,1,3.8,,,,,,,,947.1,,2.9,,0,0,0,0,0,0,0,,,,
RUE,2012,3,8,2,2.8,,,,,,,,947.3,,3.5,,0,0,0,0,0,0,0,,,,
RUE,2012,3,8,3,1.9,,,,,,,,947.7,,2.4,,0,0,0,0,0,0,0,,,,
RUE,2012,3,8,4,1.5,,,,,,,,948.4,,2.1,,0,0,0,0,0,0,0,,,,
RUE,2012,3,8,5,1.2,,,,,,,,949.3,,1.9,,0,0,0,0,0,0,0,,,,
RUE,2012,3,8,6,1.1,,,,,,,,950.2,,2.3,,2,0,0,0,0,0,0,,,,
RUE,2012,3,8,7,1.4,,,,,,,,951.3,,2.3,,29,0,0,0,0,0,0,,,,
RUE,2012,3,8,8,1.9,,,,,,,,952.2,,3.1,,123,255.9,78.5,0,0,0,0,,,,
RUE,2012,3,8,9,2.2,,,,,,,,953.2,,3.3,,205,150.2,155.5,0,0,0,0,,,,
RUE,2012,3,8,10,2.7,,,,,,,,954,,2.7,,235,60.8,207.1,0,0,0,0,,,,
RUE,2012,3,8,11,3.4,,,,,,,,954.6,,3.1,,297,76.5,254.7,0,0,0,0,,,,
RUE,2012,3,8,12,4.8,,,,,,,,954.8,,2.6,,506,474.5,218.8,0,0,0,0,,,,
RUE,2012,3,8,13,4.7,,,,,,,,955,,3.3,,297,46.4,268.6,0,0,0,0,,,,
RUE,2012,3,8,14,4,,,,,,,,955.4,,2.8,,204,10.2,198.1,0,0,0,0,,,,
RUE,2012,3,8,15,3.4,,,,,,,,955.8,,0.8,,112,3.4,110.3,0,0,0,0,,,,
RUE,2012,3,8,16,3.4,,,,,,,,956.4,,2.1,,47,1,46.6,0,0,0,0,,,,
RUE,2012,3,8,17,3,,,,,,,,957.3,,1.3,,14,0.3,13.9,0,0,0,0,,,,
RUE,2012,3,8,18,2.3,,,,,,,,958.5,,1.5,,0,0,0,0,0,0,0,,,,
RUE,2012,3,8,19,2.4,,,,,,,,959.3,,0.4,,0,0,0,0,0,0,0,,,,
RUE,2012,3,8,20,2.4,,,,,,,,959.8,,0.6,,0,0,0,0,0,0,0,,,,
RUE,2012,3,8,21,1.7,,,,,,,,960.3,,0.7,,0,0,0,0,0,0,0,,,,
RUE,2012,3,8,22,1.4,,,,,,,,960.6,,0.9,,0,0,0,0,0,0,0,,,,
RUE,2012,3,8,23,1.2,,,,,,,,961,,0.6,,0,0,0,0,0,0,0,,,,
RUE,2012,3,9,0,1.1,,,,,,,,961.1,,0.8,,0,0,0,0,0,0,0,,,,
RUE,2012,3,9,1,0.8,,,,,,,,961.2,,0.8,,0,0,0,0,0,0,0,,,,
RUE,2012,3,9,2,-0.2,,,,,,,,961.3,,0.7,,0,0,0,0,0,0,0,,,,
RUE,2012,3,9,3,0,,,,,,,,961.4,,1.1,,0,0,0,0,0,0,0,,,,
RUE,2012,3,9,4,-0.5,,,,,,,,961.5,,1.7,,0,0,0,0,0,0,0,,,,
RUE,2012,3,9,5,-0.8,,,,,,,,961.7,,2.2,,0,0,0,0,0,0,0,,,,
RUE,2012,3,9,6,-0.9,,,,,,,,962.1,,2.2,,23,0,0,0,0,0,0,,,,
RUE,2012,3,9,7,0.1,,,,,,,,962.5,,1.9,,154,0,0,0,0,0,0,,,,
RUE,2012,3,9,8,1.5,,,,,,,,962.8,,2.6,,311,1444.7,51.3,0,0,0,0,,,,
RUE,2012,3,9,9,3,,,,,,,,962.9,,3,,465,1158.8,76.7,0,0,0,0,,,,
RUE,2012,3,9,10,3.8,,,,,,,,963.1,,3.3,,573,1030.5,94.5,0,0,0,0,,,,
RUE,2012,3,9,11,5.1,,,,,,,,963,,4.7,,651,973.6,107.4,0,0,0,0,,,,
RUE,2012,3,9,12,5.8,,,,,,,,962.6,,5.5,,643,868.1,112.9,0,0,0,0,,,,
RUE,2012,3,9,13,6.3,,,,,,,,962.2,,4.7,,599,733,146.2,0,0,0,0,,,,
RUE,2012,3,9,14,6.5,,,,,,,,961.9,,4.5,,491,497.7,202.8,0,0,0,0,,,,
RUE,2012,3,9,15,6.4,,,,,,,,962,,3.3,,299,129,234.9,0,0,0,0,,,,
RUE,2012,3,9,16,5.9,,,,,,,,962.2,,3.3,,167,29.1,156,0,0,0,0,,,,
RUE,2012,3,9,17,4.6,,,,,,,,962.5,,2.6,,19,0.4,18.9,0,0,0,0,,,,
RUE,2012,3,9,18,4.2,,,,,,,,962.8,,2.3,,0,0,0,0,0,0,0,,,,
RUE,2012,3,9,19,3.8,,,,,,,,962.9,,1.8,,0,0,0,0,0,0,0,,,,
RUE,2012,3,9,20,3.6,,,,,,,,963,,1.6,,0,0,0,0,0,0,0,,,,
RUE,2012,3,9,21,2.9,,,,,,,,963.1,,0.7,,0,0,0,0,0,0,0,,,,
RUE,2012,3,9,22,2.1,,,,,,,,963.1,,0.8,,0,0,0,0,0,0,0,,,,
RUE,2012,3,9,23,1.7,,,,,,,,963.2,,1.6,,0,0,0,0,0,0,0,,,,
RUE,2012,3,10,0,1.1,,,,,,,,963.1,,1.5,,0,0,0,0,0,0,0,,,,
RUE,2012,3,10,1,0.9,,,,,,,,962.9,,1.1,,0,0,0,0,0,0,0,,,,
RUE,2012,3,10,2,0.3,,,,,,,,962.7,,1,,0,0,0,0,0,0,0,,,,
RUE,2012,3,10,3,0.3,,,,,,,,962.6,,1.3,,0,0,0,0,0,0,0,,,,
RUE,2012,3,10,4,0.1,,,,,,,,962.8,,1.6,,0,0,0,0,0,0,0,,,,
RUE,2012,3,10,5,0,,,,,,,,962.8,,1,,0,0,0,0,0,0,0,,,,
RUE,2012,3,10,6,0.3,,,,,,,,962.7,,1.1,,27,0,0,0,0,0,0,,,,
RUE,2012,3,10,7,0.7,,,,,,,,962.6,,1.6,,156,0,0,0,0,0,0,,,,
RUE,2012,3,10,8,3.2,,,,,,,,962.5,,1.3,,324,1458,53.5,0,0,0,0,,,,
RUE,2012,3,10,9,4.7,,,,,,,,962.5,,2.3,,464,1136.6,76.6,0,0,0,0,,,,
RUE,2012,3,10,10,5.9,,,,,,,,962.3,,3.5,,567,1007.2,93.6,0,0,0,0,,,,
RUE,2012,3,10,11,7,,,,,,,,961.8,,2.2,,616,912.4,101.5,0,0,0,0,,,,
RUE,2012,3,10,12,7.8,,,,,,,,961.4,,2.7,,621,800.7,127.7,0,0,0,0,,,,
RUE,2012,3,10,13,8.5,,,,,,,,960.8,,1.8,,558,591.2,189.7,0,0,0,0,,,,
RUE,2012,3,10,14,9,,,,,,,,960.3,,2.4,,489,477.8,209.9,0,0,0,0,,,,
RUE,2012,3,10,15,9.1,,,,,,,,960,,2.2,,287,102.6,235.5,0,0,0,0,,,,
RUE,2012,3,10,16,8.4,,,,,,,,960,,2.5,,154,18.2,147,0,0,0,0,,,,
RUE,2012,3,10,17,7.7,,,,,,,,960.4,,1.8,,20,0.5,19.9,0,0,0,0,,,,
RUE,2012,3,10,18,6.8,,,,,,,,960.4,,1.2,,0,0,0,0,0,0,0,,,,
RUE,2012,3,10,19,6,,,,,,,,960.6,,0.6,,0,0,0,0,0,0,0,,,,
RUE,2012,3,10,20,5.6,,,,,,,,960.4,,0.9,,0,0,0,0,0,0,0,,,,
RUE,2012,3,10,21,4.7,,,,,,,,959.9,,0.9,,0,0,0,0,0,0,0,,,,
RUE,2012,3,10,22,3.9,,,,,,,,959.9,,0.6,,0,0,0,0,0,0,0,,,,
RUE,2012,3,10,23,3.9,,,,,,,,960.3,,0.5,,0,0,0,0,0,0,0,,,,
RUE,2012,3,11,0,3.4,,,,,,,,960.3,,0.8,,0,0,0,0,0,0,0,,,,
RUE,2012,3,11,1,3.1,,,,,,,,960.8,,0.8,,0,0,0,0,0,0,0,,,,
RUE,2012,3,11,2,4.1,,,,,,,,960.3,,0.7,,0,0,0,0,0,0,0,,,,
RUE,2012,3,11,3,3.9,,,,,,,,959.1,,0.8,,0,0,0,0,0,0,0,,,,
RUE,2012,3,11,4,3.2,,,,,,,,958.6,,1.2,,0,0,0,0,0,0,0,,,,
RUE,2012,3,11,5,3,,,,,,,,958.9,,1.6,,0,0,0,0,0,0,0,,,,
RUE,2012,3,11,6,3.1,,,,,,,,958.8,,0.6,,12,0,0,0,0,0,0,,,,
RUE,2012,3,11,7,3,,,,,,,,958.9,,0.5,,50,0,0,0,0,0,0,,,,
RUE,2012,3,11,8,3.5,,,,,,,,959.6,,0.8,,58,6,56.9,0,0,0,0,,,,
RUE,2012,3,11,9,4,,,,,,,,959.8,,0.5,,69,2.6,68.1,0,0,0,0,,,,
RUE,2012,3,11,10,5.1,,,,,,,,959.5,,0.7,,163,8.8,158.8,0,0,0,0,,,,
RUE,2012,3,11,11,6.7,,,,,,,,959.3,,1.3,,281,50.8,252.1,0,0,0,0,,,,
RUE,2012,3,11,12,7.3,,,,,,,,959.2,,1.6,,203,7.4,198.4,0,0,0,0,,,,
RUE,2012,3,11,13,7.1,,,,,,,,958.9,,2.2,,155,4,152.5,0,0,0,0,,,,
RUE,2012,3,11,14,7,,,,,,,,958.6,,2.3,,126,3,124.2,0,0,0,0,,,,
RUE,2012,3,11,15,6.7,,,,,,,,958.7,,3.3,,90,2.1,89,0,0,0,0,,,,
RUE,2012,3,11,16,6.7,,,,,,,,958.8,,3.1,,43,0.8,42.7,0,0,0,0,,,,
RUE,2012,3,11,17,6.5,,,,,,,,959,,3.2,,8,0.1,8,0,0,0,0,,,,
RUE,2012,3,11,18,6.3,,,,,,,,959.3,,3.4,,0,0,0,0,0,0,0,,,,
RUE,2012,3,11,19,5.7,,,,,,,,959.1,,2.3,,0,0,0,0,0,0,0,,,,
RUE,2012,3,11,20,5.6,,,,,,,,959.2,,2.6,,0,0,0,0,0,0,0,,,,
RUE,2012,3,11,21,5.2,,,,,,,,959,,2.1,,0,0,0,0,0,0,0,,,,
RUE,2012,3,11,22,5,,,,,,,,959.1,,2,,0,0,0,0,0,0,0,,,,
RUE,2012,3,11,23,4.8,,,,,,,,959,,2.3,,0,0,0,0,0,0,0,,,,
RUE,2012,3,12,0,4,,,,,,,,958.7,,2.7,,0,0,0,0,0,0,0,,,,
RUE,2012,3,12,1,3.3,,,,,,,,958.7,,2.4,,0,0,0,0,0,0,0,,,,
RUE,2012,3,12,2,3.2,,,,,,,,958.4,,1.9,,0,0,0,0,0,0,0,,,,
RUE,2012,3,12,3,3.1,,,,,,,,958,,2.3,,0,0,0,0,0,0,0,,,,
RUE,2012,3,12,4,3.2,,,,,,,,957.5,,2.2,,0,0,0,0,0,0,0,,,,
RUE,2012,3,12,5,3,,,,,,,,957.5,,1.9,,0,0,0,0,0,0,0,,,,
RUE,2012,3,12,6,3.4,,,,,,,,957.8,,1.5,,30,0,0,0,0,0,0,,,,
RUE,2012,3,12,7,4.5,,,,,,,,958,,1.1,,166,0,0,0,0,0,0,,,,
RUE,2012,3,12,8,6.4,,,,,,,,958.1,,3,,333,1409.9,54.9,0,0,0,0,,,,
RUE,2012,3,12,9,7.8,,,,,,,,958.2,,3.2,,447,1058.7,73.8,0,0,0,0,,,,
RUE,2012,3,12,10,9.2,,,,,,,,958.2,,2.6,,571,990.1,94.2,0,0,0,0,,,,
RUE,2012,3,12,11,9.8,,,,,,,,958,,1.5,,621,900.3,103.1,0,0,0,0,,,,
RUE,2012,3,12,12,10.4,,,,,,,,957.7,,1,,611,743.4,144.9,0,0,0,0,,,,
RUE,2012,3,12,13,11.7,,,,,,,,957.4,,2,,584,643.8,176.2,0,0,0,0,,,,
RUE,2012,3,12,14,11.7,,,,,,,,957.2,,2.7,,480,424.4,227.9,0,0,0,0,,,,
RUE,2012,3,12,15,11.5,,,,,,,,957.1,,3.4,,309,132.2,241.4,0,0,0,0,,,,
RUE,2012,3,12,16,11,,,,,,,,957.3,,2.3,,166,23.7,156.7,0,0,0,0,,,,
RUE,2012,3,12,17,10.5,,,,,,,,957.3,,1.2,,22,0.5,21.9,0,0,0,0,,,,
RUE,2012,3,12,18,9.4,,,,,,,,957.4,,1,,0,0,0,0,0,0,0,,,,
RUE,2012,3,12,19,8.9,,,,,,,,957.5,,0.8,,0,0,0,0,0,0,0,,,,
RUE,2012,3,12,20,8.7,,,,,,,,957.4,,0.9,,0,0,0,0,0,0,0,,,,
RUE,2012,3,12,21,7.3,,,,,,,,957.7,,1.9,,0,0,0,0,0,0,0,,,,
RUE,2012,3,12,22,7,,,,,,,,957.7,,4,,0,0,0,0,0,0,0,,,,
RUE,2012,3,12,23,6.2,,,,,,,,957.6,,2.9,,0,0,0,0,0,0,0,,,,
RUE,2012,3,13,0,5.8,,,,,,,,957.5,,3.1,,0,0,0,0,0,0,0,,,,
RUE,2012,3,13,1,5.3,,,,,,,,957.3,,2.7,,0,0,0,0,0,0,0,,,,
RUE,2012,3,13,2,5.2,,,,,,,,957.3,,2.5,,0,0,0,0,0,0,0,,,,
RUE,2012,3,13,3,5.1,,,,,,,,957.2,,2.3,,0,0,0,0,0,0,0,,,,
RUE,2012,3,13,4,4.7,,,,,,,,957.2,,2.2,,0,0,0,0,0,0,0,,,,
RUE,2012,3,13,5,4.4,,,,,,,,957.2,,2,,0,0,0,0,0,0,0,,,,
RUE,2012,3,13,6,4.1,,,,,,,,957.3,,1.9,,33,0,0,0,0,0,0,,,,
RUE,2012,3,13,7,5,,,,,,,,957.6,,2.5,,170,0,0,0,0,0,0,,,,
RUE,2012,3,13,8,6.4,,,,,,,,957.9,,3.8,,337,1385.7,55.6,0,0,0,0,,,,
RUE,2012,3,13,9,8.3,,,,,,,,957.9,,3.4,,483,1125.3,79.7,0,0,0,0,,,,
RUE,2012,3,13,10,9.9,,,,,,,,957.7,,2.4,,585,1002.4,96.5,0,0,0,0,,,,
RUE,2012,3,13,11,10.9,,,,,,,,957.7,,2.9,,648,931.6,106.9,0,0,0,0,,,,
RUE,2012,3,13,12,12.4,,,,,,,,957.2,,2.3,,651,836,122.3,0,0,0,0,,,,
RUE,2012,3,13,13,13.8,,,,,,,,956.6,,1.8,,612,714,156,0,0,0,0,,,,
RUE,2012,3,13,14,14.2,,,,,,,,956.3,,2.6,,501,477.8,214.8,0,0,0,0,,,,
RUE,2012,3,13,15,13.3,,,,,,,,956.2,,3,,322,152.5,243.2,0,0,0,0,,,,
RUE,2012,3,13,16,12.4,,,,,,,,956.3,,2.6,,167,23.1,157.9,0,0,0,0,,,,
RUE,2012,3,13,17,10.9,,,,,,,,956.3,,1.7,,25,0.7,24.8,0,0,0,0,,,,
RUE,2012,3,13,18,10.2,,,,,,,,956.7,,0.9,,0,0,0,0,0,0,0,,,,
RUE,2012,3,13,19,9.2,,,,,,,,956.8,,0.9,,0,0,0,0,0,0,0,,,,
RUE,2012,3,13,20,8.5,,,,,,,,956.9,,1.5,,0,0,0,0,0,0,0,,,,
RUE,2012,3,13,21,7.7,,,,,,,,956.9,,0.6,,0,0,0,0,0,0,0,,,,
RUE,2012,3,13,22,6.9,,,,,,,,956.9,,0.6,,0,0,0,0,0,0,0,,,,
RUE,2012,3,13,23,6.4,,,,,,,,956.9,,0.8,,0,0,0,0,0,0,0,,,,
RUE,2012,3,14,0,5.3,,,,,,,,956.9,,1.4,,0,0,0,0,0,0,0,,,,
RUE,2012,3,14,1,4.8,,,,,,,,956.7,,1.2,,0,0,0,0,0,0,0,,,,
RUE,2012,3,14,2,4.2,,,,,,,,956.6,,0.7,,0,0,0,0,0,0,0,,,,
RUE,2012,3,14,3,3.7,,,,,,,,956.5,,1.2,,0,0,0,0,0,0,0,,,,
RUE,2012,3,14,4,2.9,,,,,,,,956.3,,1.3,,0,0,0,0,0,0,0,,,,
RUE,2012,3,14,5,2.4,,,,,,,,956.2,,2.9,,0,0,0,0,0,0,0,,,,
RUE,2012,3,14,6,2.8,,,,,,,,956.2,,3.7,,35,0,0,0,0,0,0,,,,
RUE,2012,3,14,7,3.8,,,,,,,,956.3,,3,,178,0,0,0,0,0,0,,,,
RUE,2012,3,14,8,5.2,,,,,,,,956.5,,3.1,,344,1374.8,56.8,0,0,0,0,,,,
RUE,2012,3,14,9,7.2,,,,,,,,956.5,,1.9,,490,1123.4,80.9,0,0,0,0,,,,
RUE,2012,3,14,10,9.3,,,,,,,,956.5,,1.7,,597,1011.1,98.5,0,0,0,0,,,,
RUE,2012,3,14,11,11.3,,,,,,,,956.5,,1.6,,658,937,108.6,0,0,0,0,,,,
RUE,2012,3,14,12,13,,,,,,,,956.1,,1.2,,657,837.5,122.9,0,0,0,0,,,,
RUE,2012,3,14,13,14.2,,,,,,,,955.6,,1,,613,703.1,160.3,0,0,0,0,,,,
RUE,2012,3,14,14,14.6,,,,,,,,955.4,,2.3,,506,481.1,215.4,0,0,0,0,,,,
RUE,2012,3,14,15,14.3,,,,,,,,955.2,,2.1,,329,161.3,245,0,0,0,0,,,,
RUE,2012,3,14,16,13.3,,,,,,,,955.4,,2.1,,176,28.4,164.6,0,0,0,0,,,,
RUE,2012,3,14,17,11.8,,,,,,,,955.6,,1.6,,26,0.7,25.8,0,0,0,0,,,,
RUE,2012,3,14,18,10.5,,,,,,,,956,,1,,0,0,0,0,0,0,0,,,,
RUE,2012,3,14,19,9.8,,,,,,,,956.5,,0.5,,0,0,0,0,0,0,0,,,,
RUE,2012,3,14,20,9.4,,,,,,,,956.7,,0.6,,0,0,0,0,0,0,0,,,,
RUE,2012,3,14,21,8.6,,,,,,,,956.7,,0.7,,0,0,0,0,0,0,0,,,,
RUE,2012,3,14,22,7.9,,,,,,,,956.8,,0.6,,0,0,0,0,0,0,0,,,,
RUE,2012,3,14,23,7.9,,,,,,,,956.7,,0.5,,0,0,0,0,0,0,0,,,,
RUE,2012,3,15,0,7,,,,,,,,956.8,,0.7,,0,0,0,0,0,0,0,,,,
RUE,2012,3,15,1,6.1,,,,,,,,956.7,,1.3,,0,0,0,0,0,0,0,,,,
RUE,2012,3,15,2,5.4,,,,,,,,956.5,,1.7,,0,0,0,0,0,0,0,,,,
RUE,2012,3,15,3,5.2,,,,,,,,956.1,,1.9,,0,0,0,0,0,0,0,,,,
RUE,2012,3,15,4,5.1,,,,,,,,955.8,,2,,0,0,0,0,0,0,0,,,,
RUE,2012,3,15,5,4.6,,,,,,,,955.6,,2.6,,0,0,0,0,0,0,0,,,,
RUE,2012,3,15,6,4.7,,,,,,,,955.5,,2.7,,41,0,0,0,0,0,0,,,,
RUE,2012,3,15,7,6.1,,,,,,,,955.7,,2.7,,193,0,0,0,0,0,0,,,,
RUE,2012,3,15,8,8,,,,,,,,956,,2.8,,361,1403.3,59.6,0,0,0,0,,,,
RUE,2012,3,15,9,10.5,,,,,,,,956.2,,2.7,,508,1146.3,83.8,0,0,0,0,,,,
RUE,2012,3,15,10,12.7,,,,,,,,956.1,,2.1,,615,1029.6,101.5,0,0,0,0,,,,
RUE,2012,3,15,11,14.7,,,,,,,,956,,1.9,,673,949.3,111,0,0,0,0,,,,
RUE,2012,3,15,12,15.9,,,,,,,,955.7,,1.7,,675,865.2,118.5,0,0,0,0,,,,
RUE,2012,3,15,13,17.1,,,,,,,,955.3,,1.2,,627,729.8,153.3,0,0,0,0,,,,
RUE,2012,3,15,14,18,,,,,,,,954.9,,1.3,,518,506.5,209.6,0,0,0,0,,,,
RUE,2012,3,15,15,17.9,,,,,,,,954.7,,1.2,,346,192.8,244.6,0,0,0,0,,,,
RUE,2012,3,15,16,17.2,,,,,,,,954.6,,1.8,,194,44,176.2,0,0,0,0,,,,
RUE,2012,3,15,17,15.8,,,,,,,,954.6,,1.8,,26,0.7,25.8,0,0,0,0,,,,
RUE,2012,3,15,18,14.8,,,,,,,,954.6,,2.2,,0,0,0,0,0,0,0,,,,
RUE,2012,3,15,19,13.6,,,,,,,,954.7,,2,,0,0,0,0,0,0,0,,,,
RUE,2012,3,15,20,13.2,,,,,,,,954.6,,1.9,,0,0,0,0,0,0,0,,,,
RUE,2012,3,15,21,13.1,,,,,,,,954.6,,2.3,,0,0,0,0,0,0,0,,,,
RUE,2012,3,15,22,12.5,,,,,,,,954.6,,2.9,,0,0,0,0,0,0,0,,,,
RUE,2012,3,15,23,10.8,,,,,,,,954.6,,1.8,,0,0,0,0,0,0,0,,,,
RUE,2012,3,16,0,10.3,,,,,,,,954.4,,1.7,,0,0,0,0,0,0,0,,,,
RUE,2012,3,16,1,10.6,,,,,,,,954,,2.3,,0,0,0,0,0,0,0,,,,
RUE,2012,3,16,2,10.5,,,,,,,,953.5,,1.8,,0,0,0,0,0,0,0,,,,
RUE,2012,3,16,3,9.6,,,,,,,,953.3,,1.8,,0,0,0,0,0,0,0,,,,
RUE,2012,3,16,4,8.8,,,,,,,,953.3,,0.6,,0,0,0,0,0,0,0,,,,
RUE,2012,3,16,5,7.9,,,,,,,,953.3,,1.1,,0,0,0,0,0,0,0,,,,
RUE,2012,3,16,6,8.5,,,,,,,,953.4,,1.5,,45,0,0,0,0,0,0,,,,
RUE,2012,3,16,7,9.8,,,,,,,,953.6,,0.9,,195,0,0,0,0,0,0,,,,
RUE,2012,3,16,8,12.8,,,,,,,,953.8,,0.9,,362,1369.7,59.7,0,0,0,0,,,,
RUE,2012,3,16,9,14.8,,,,,,,,953.9,,2.2,,509,1130.7,84,0,0,0,0,,,,
RUE,2012,3,16,10,16,,,,,,,,953.6,,1.9,,612,1013,101,0,0,0,0,,,,
RUE,2012,3,16,11,17,,,,,,,,953.2,,2.8,,663,926.5,109.4,0,0,0,0,,,,
RUE,2012,3,16,12,17.7,,,,,,,,952.6,,3,,661,821.7,128.1,0,0,0,0,,,,
RUE,2012,3,16,13,18.9,,,,,,,,951.9,,2.6,,619,693.4,165.5,0,0,0,0,,,,
RUE,2012,3,16,14,19.5,,,,,,,,951.2,,2.7,,508,463.1,223.7,0,0,0,0,,,,
RUE,2012,3,16,15,19.8,,,,,,,,950.6,,3.3,,344,181.5,247.7,0,0,0,0,,,,
RUE,2012,3,16,16,19.2,,,,,,,,950.1,,3,,189,36.6,174,0,0,0,0,,,,
RUE,2012,3,16,17,17.4,,,,,,,,950,,1.5,,27,0.7,26.8,0,0,0,0,,,,
RUE,2012,3,16,18,16.3,,,,,,,,950.1,,2.1,,0,0,0,0,0,0,0,,,,
RUE,2012,3,16,19,15.8,,,,,,,,950.3,,1.7,,0,0,0,0,0,0,0,,,,
RUE,2012,3,16,20,15.3,,,,,,,,950.2,,1.2,,0,0,0,0,0,0,0,,,,
RUE,2012,3,16,21,15,,,,,,,,950.1,,0.6,,0,0,0,0,0,0,0,,,,
RUE,2012,3,16,22,13.7,,,,,,,,950,,0.6,,0,0,0,0,0,0,0,,,,
RUE,2012,3,16,23,13.5,,,,,,,,950,,1.7,,0,0,0,0,0,0,0,,,,
RUE,2012,3,17,0,13,,,,,,,,950,,1.3,,0,0,0,0,0,0,0,,,,
RUE,2012,3,17,1,12.5,,,,,,,,950,,0.5,,0,0,0,0,0,0,0,,,,
RUE,2012,3,17,2,11.8,,,,,,,,949.9,,0.9,,0,0,0,0,0,0,0,,,,
RUE,2012,3,17,3,11.9,,,,,,,,949.7,,0.8,,0,0,0,0,0,0,0,,,,
RUE,2012,3,17,4,10.2,,,,,,,,949.4,,2.2,,0,0,0,0,0,0,0,,,,
RUE,2012,3,17,5,9.3,,,,,,,,949.3,,1.8,,0,0,0,0,0,0,0,,,,
RUE,2012,3,17,6,8.7,,,,,,,,949.4,,0.8,,52,0,0,0,0,0,0,,,,
RUE,2012,3,17,7,9.8,,,,,,,,949.7,,0.8,,202,2947.4,33.3,0,0,0,0,,,,
RUE,2012,3,17,8,10.7,,,,,,,,949.9,,0.8,,368,1356.3,60.7,0,0,0,0,,,,
RUE,2012,3,17,9,12.4,,,,,,,,949.8,,1.2,,500,1093.8,82.5,0,0,0,0,,,,
RUE,2012,3,17,10,13.2,,,,,,,,949.5,,1,,459,603.7,151,0,0,0,0,,,,
RUE,2012,3,17,11,14.1,,,,,,,,949,,1.4,,383,166.6,282.6,0,0,0,0,,,,
RUE,2012,3,17,12,14.5,,,,,,,,948.4,,1.7,,398,138.3,307.6,0,0,0,0,,,,
RUE,2012,3,17,13,15.2,,,,,,,,947.9,,1.2,,581,567.6,206.8,0,0,0,0,,,,
RUE,2012,3,17,14,15.1,,,,,,,,947.3,,1.4,,296,44.2,268.7,0,0,0,0,,,,
RUE,2012,3,17,15,16,,,,,,,,946.6,,1.6,,294,86.4,247.7,0,0,0,0,,,,
RUE,2012,3,17,16,15.2,,,,,,,,946.4,,1.5,,108,4.4,106.2,0,0,0,0,,,,
RUE,2012,3,17,17,13.9,,,,,,,,946.4,,1.7,,23,0.5,22.9,0,0,0,0,,,,
RUE,2012,3,17,18,13.2,,,,,,,,946.6,,1.3,,0,0,0,0,0,0,0,,,,
RUE,2012,3,17,19,12.3,,,,,,,,946.6,,1.5,,0,0,0,0,0,0,0,,,,
RUE,2012,3,17,20,12.1,,,,,,,,946.4,,1.3,,0,0,0,0,0,0,0,,,,
RUE,2012,3,17,21,11.1,,,,,,,,946.3,,1.9,,0,0,0,0,0,0,0,,,,
RUE,2012,3,17,22,11.3,,,,,,,,946.1,,1.7,,0,0,0,0,0,0,0,,,,
RUE,2012,3,17,23,11.7,,,,,,,,945.8,,0.6,,0,0,0,0,0,0,0,,,,
RUE,2012,3,18,0,11.1,,,,,,,,945.6,,1.6,,0,0,0,0,0,0,0,,,,
RUE,2012,3,18,1,10,,,,,,,,945.6,,1.5,,0,0,0,0,0,0,0,,,,
RUE,2012,3,18,2,9.8,,,,,,,,945.3,,1.7,,0,0,0,0,0,0,0,,,,
RUE,2012,3,18,3,8.9,,,,,,,,945,,1.2,,0,0,0,0,0,0,0,,,,
RUE,2012,3,18,4,9.1,,,,,,,,944.8,,0.6,,0,0,0,0,0,0,0,,,,
RUE,2012,3,18,5,9.1,,,,,,,,944.6,,0.3,,0,0,0,0,0,0,0,,,,
RUE,2012,3,18,6,8.2,,,,,,,,944.4,,0.9,,41,0,0,0,0,0,0,,,,
RUE,2012,3,18,7,9.4,,,,,,,,944.6,,1.4,,166,2203,27.4,0,0,0,0,,,,
RUE,2012,3,18,8,9.4,,,,,,,,945.2,,3.4,,262,941.2,43.2,0,0,0,0,,,,
RUE,2012,3,18,9,9.1,,,,,,,,945.5,,3.5,,409,873.8,70.4,0,0,0,0,,,,
RUE,2012,3,18,10,8.1,,,,,,,,946.1,,4,,129,4.1,126.9,0,0,0,0,,,,
RUE,2012,3,18,11,5.2,,,,,,,,947.2,,4.3,,42,0.3,41.8,0,0,0,0,,,,
RUE,2012,3,18,12,5,,,,,,,,946.9,,2.2,,87,1.1,86.3,0,0,0,0,,,,
RUE,2012,3,18,13,5,,,,,,,,946.7,,2.1,,68,0.7,67.5,0,0,0,0,,,,
RUE,2012,3,18,14,4.6,,,,,,,,947.1,,2.4,,42,0.3,41.8,0,0,0,0,,,,
RUE,2012,3,18,15,4.4,,,,,,,,947.1,,1.9,,34,0.3,33.9,0,0,0,0,,,,
RUE,2012,3,18,16,4,,,,,,,,947.5,,3,,12,0.1,12,0,0,0,0,,,,
RUE,2012,3,18,17,3.4,,,,,,,,948,,2.3,,1,0,1,0,0,0,0,,,,
RUE,2012,3,18,18,3.1,,,,,,,,948.5,,2.3,,0,0,0,0,0,0,0,,,,
RUE,2012,3,18,19,3.4,,,,,,,,949.4,,1.7,,0,0,0,0,0,0,0,,,,
RUE,2012,3,18,20,3.3,,,,,,,,949.8,,1.3,,0,0,0,0,0,0,0,,,,
RUE,2012,3,18,21,3.4,,,,,,,,949.9,,1.1,,0,0,0,0,0,0,0,,,,
RUE,2012,3,18,22,3.6,,,,,,,,950.1,,1.2,,0,0,0,0,0,0,0,,,,
RUE,2012,3,18,23,3.2,,,,,,,,950.4,,0.8,,0,0,0,0,0,0,0,,,,
RUE,2012,3,19,0,2.8,,,,,,,,950.6,,1.9,,0,0,0,0,0,0,0,,,,
RUE,2012,3,19,1,2.8,,,,,,,,950.7,,2.1,,0,0,0,0,0,0,0,,,,
RUE,2012,3,19,2,2.9,,,,,,,,950.6,,1.4,,0,0,0,0,0,0,0,,,,
RUE,2012,3,19,3,2.9,,,,,,,,950.8,,0.8,,0,0,0,0,0,0,0,,,,
RUE,2012,3,19,4,3,,,,,,,,951.1,,0.4,,0,0,0,0,0,0,0,,,,
RUE,2012,3,19,5,3.1,,,,,,,,951.5,,0.5,,0,0,0,0,0,0,0,,,,
RUE,2012,3,19,6,3.3,,,,,,,,952.1,,0.6,,15,0,0,0,0,0,0,,,,
RUE,2012,3,19,7,3.5,,,,,,,,952.8,,1.4,,65,696.5,17.2,0,0,0,0,,,,
RUE,2012,3,19,8,3.7,,,,,,,,953.3,,2.3,,80,8.3,78,0,0,0,0,,,,
RUE,2012,3,19,9,3.7,,,,,,,,954,,2.6,,65,1.8,64.3,0,0,0,0,,,,
RUE,2012,3,19,10,3.8,,,,,,,,954.4,,2.5,,89,1.9,88,0,0,0,0,,,,
RUE,2012,3,19,11,3.9,,,,,,,,955,,2.6,,78,1.1,77.4,0,0,0,0,,,,
RUE,2012,3,19,12,3.7,,,,,,,,955.4,,2.2,,83,1,82.3,0,0,0,0,,,,
RUE,2012,3,19,13,3.6,,,,,,,,955.6,,1,,76,0.8,75.4,0,0,0,0,,,,
RUE,2012,3,19,14,3,,,,,,,,955.8,,0.5,,78,1,77.4,0,0,0,0,,,,
RUE,2012,3,19,15,3.3,,,,,,,,955.8,,1.3,,72,1.1,71.4,0,0,0,0,,,,
RUE,2012,3,19,16,3.3,,,,,,,,956,,1.4,,40,0.6,39.8,0,0,0,0,,,,
RUE,2012,3,19,17,3.4,,,,,,,,956.5,,1,,12,0.1,12,0,0,0,0,,,,
RUE,2012,3,19,18,3.4,,,,,,,,957,,1,,0,0,0,0,0,0,0,,,,
RUE,2012,3,19,19,3.5,,,,,,,,957.6,,1.4,,0,0,0,0,0,0,0,,,,
RUE,2012,3,19,20,3.5,,,,,,,,958.2,,0.6,,0,0,0,0,0,0,0,,,,
RUE,2012,3,19,21,3.5,,,,,,,,958.8,,0.9,,0,0,0,0,0,0,0,,,,
RUE,2012,3,19,22,3.6,,,,,,,,959.1,,1.2,,0,0,0,0,0,0,0,,,,
RUE,2012,3,19,23,3.5,,,,,,,,959.1,,1.4,,0,0,0,0,0,0,0,,,,
RUE,2012,3,20,0,3,,,,,,,,959.1,,0.7,,0,0,0,0,0,0,0,,,,
RUE,2012,3,20,1,2.9,,,,,,,,959.1,,0.5,,0,0,0,0,0,0,0,,,,
RUE,2012,3,20,2,2.8,,,,,,,,958.9,,0.3,,0,0,0,0,0,0,0,,,,
RUE,2012,3,20,3,2.7,,,,,,,,958.6,,0.6,,0,0,0,0,0,0,0,,,,
RUE,2012,3,20,4,3,,,,,,,,958.7,,0.4,,0,0,0,0,0,0,0,,,,
RUE,2012,3,20,5,2.9,,,,,,,,958.9,,0.4,,0,0,0,0,0,0,0,,,,
RUE,2012,3,20,6,2.9,,,,,,,,959.3,,0.5,,16,0,0,0,0,0,0,,,,
RUE,2012,3,20,7,3.2,,,,,,,,959.8,,0.4,,59,402.3,29.1,0,0,0,0,,,,
RUE,2012,3,20,8,3.7,,,,,,,,960.4,,0.9,,130,75,111.7,0,0,0,0,,,,
RUE,2012,3,20,9,4.6,,,,,,,,960.6,,2.3,,240,131.8,187.4,0,0,0,0,,,,
RUE,2012,3,20,10,5.9,,,,,,,,960.7,,2.8,,491,667.5,139.1,0,0,0,0,,,,
RUE,2012,3,20,11,7.5,,,,,,,,960.7,,2.2,,733,988.1,120.9,0,0,0,0,,,,
RUE,2012,3,20,12,8.2,,,,,,,,960.7,,1.6,,706,872.9,121.5,0,0,0,0,,,,
RUE,2012,3,20,13,9.6,,,,,,,,960.4,,1.7,,671,784.2,142.2,0,0,0,0,,,,
RUE,2012,3,20,14,9.9,,,,,,,,960.4,,1.9,,548,538.6,207,0,0,0,0,,,,
RUE,2012,3,20,15,9.9,,,,,,,,960,,1.2,,378,234.6,249.2,0,0,0,0,,,,
RUE,2012,3,20,16,9.7,,,,,,,,959.9,,1.4,,199,38.7,182.5,0,0,0,0,,,,
RUE,2012,3,20,17,8.9,,,,,,,,960.1,,0.6,,36,1.1,35.7,0,0,0,0,,,,
RUE,2012,3,20,18,7.7,,,,,,,,960.5,,0.8,,0,0,0,0,0,0,0,,,,
RUE,2012,3,20,19,6.9,,,,,,,,960.9,,1.3,,0,0,0,0,0,0,0,,,,
RUE,2012,3,20,20,6.2,,,,,,,,960.9,,1.1,,0,0,0,0,0,0,0,,,,
RUE,2012,3,20,21,5.9,,,,,,,,960.8,,0.3,,0,0,0,0,0,0,0,,,,
RUE,2012,3,20,22,5.3,,,,,,,,960.6,,0.9,,0,0,0,0,0,0,0,,,,
RUE,2012,3,20,23,4.8,,,,,,,,960.2,,1,,0,0,0,0,0,0,0,,,,
RUE,2012,3,21,0,4.7,,,,,,,,960.1,,0.8,,0,0,0,0,0,0,0,,,,
RUE,2012,3,21,1,4.3,,,,,,,,960,,1,,0,0,0,0,0,0,0,,,,
RUE,2012,3,21,2,4.1,,,,,,,,959.8,,0.8,,0,0,0,0,0,0,0,,,,
RUE,2012,3,21,3,4.1,,,,,,,,959.7,,0.6,,0,0,0,0,0,0,0,,,,
RUE,2012,3,21,4,3.9,,,,,,,,959.7,,0.3,,0,0,0,0,0,0,0,,,,
RUE,2012,3,21,5,4.2,,,,,,,,960,,0.5,,1,0,0,0,0,0,0,,,,
RUE,2012,3,21,6,4,,,,,,,,960.2,,1.2,,40,0,0,0,0,0,0,,,,
RUE,2012,3,21,7,5.3,,,,,,,,960.5,,1.5,,208,2166.8,34.3,0,0,0,0,,,,
RUE,2012,3,21,8,6.9,,,,,,,,960.7,,2.9,,382,1275.7,63,0,0,0,0,,,,
RUE,2012,3,21,9,8,,,,,,,,960.6,,2.9,,520,1072.5,85.8,0,0,0,0,,,,
RUE,2012,3,21,10,9.8,,,,,,,,960.4,,2.8,,633,992.2,104.4,0,0,0,0,,,,
RUE,2012,3,21,11,11.2,,,,,,,,960.3,,2.5,,681,910.5,112.1,0,0,0,0,,,,
RUE,2012,3,21,12,12.3,,,,,,,,959.9,,2.8,,679,803.2,137,0,0,0,0,,,,
RUE,2012,3,21,13,13.1,,,,,,,,959.1,,3.6,,636,677.5,175.8,0,0,0,0,,,,
RUE,2012,3,21,14,13.6,,,,,,,,958.6,,4.1,,530,472.6,228.5,0,0,0,0,,,,
RUE,2012,3,21,15,14,,,,,,,,958.3,,3.4,,379,229.8,251.8,0,0,0,0,,,,
RUE,2012,3,21,16,13.6,,,,,,,,957.8,,3.6,,212,50.5,190.2,0,0,0,0,,,,
RUE,2012,3,21,17,12.4,,,,,,,,957.8,,2.7,,37,1.1,36.7,0,0,0,0,,,,
RUE,2012,3,21,18,11.9,,,,,,,,957.9,,1.5,,0,0,0,0,0,0,0,,,,
RUE,2012,3,21,19,10.6,,,,,,,,957.8,,1.4,,0,0,0,0,0,0,0,,,,
RUE,2012,3,21,20,9.8,,,,,,,,957.7,,3,,0,0,0,0,0,0,0,,,,
RUE,2012,3,21,21,9.3,,,,,,,,957.8,,2.7,,0,0,0,0,0,0,0,,,,
RUE,2012,3,21,22,8.7,,,,,,,,957.8,,2.8,,0,0,0,0,0,0,0,,,,
RUE,2012,3,21,23,8,,,,,,,,957.6,,1.9,,0,0,0,0,0,0,0,,,,
RUE,2012,3,22,0,7.9,,,,,,,,957.4,,1.2,,0,0,0,0,0,0,0,,,,
RUE,2012,3,22,1,7.7,,,,,,,,957.1,,0.8,,0,0,0,0,0,0,0,,,,
RUE,2012,3,22,2,7.8,,,,,,,,956.6,,1.9,,0,0,0,0,0,0,0,,,,
RUE,2012,3,22,3,7.2,,,,,,,,956.4,,3.2,,0,0,0,0,0,0,0,,,,
RUE,2012,3,22,4,6.5,,,,,,,,956.1,,2.5,,0,0,0,0,0,0,0,,,,
RUE,2012,3,22,5,6,,,,,,,,956.1,,2.7,,2,0,0,0,0,0,0,,,,
RUE,2012,3,22,6,6.4,,,,,,,,956,,2.5,,71,0,0,0,0,0,0,,,,
RUE,2012,3,22,7,7.6,,,,,,,,955.9,,3.7,,233,2263.9,38.4,0,0,0,0,,,,
RUE,2012,3,22,8,8.6,,,,,,,,955.9,,4.3,,402,1311.8,66.3,0,0,0,0,,,,
RUE,2012,3,22,9,10.1,,,,,,,,955.8,,2.9,,543,1104.3,89.6,0,0,0,0,,,,
RUE,2012,3,22,10,11.5,,,,,,,,955.5,,1.6,,644,998.9,106.3,0,0,0,0,,,,
RUE,2012,3,22,11,12.9,,,,,,,,955.1,,0.9,,694,919.5,114.5,0,0,0,0,,,,
RUE,2012,3,22,12,14.3,,,,,,,,954.5,,1.1,,689,815.1,134.8,0,0,0,0,,,,
RUE,2012,3,22,13,15.5,,,,,,,,954,,2.2,,639,673.6,178.1,0,0,0,0,,,,
RUE,2012,3,22,14,16,,,,,,,,953.6,,2.5,,532,467.6,231.5,0,0,0,0,,,,
RUE,2012,3,22,15,16,,,,,,,,953.4,,2.4,,382,230,253.6,0,0,0,0,,,,
RUE,2012,3,22,16,15.5,,,,,,,,953.1,,2,,206,41.8,187.8,0,0,0,0,,,,
RUE,2012,3,22,17,14.9,,,,,,,,953,,1.2,,39,1.2,38.7,0,0,0,0,,,,
RUE,2012,3,22,18,14,,,,,,,,953.3,,0.8,,0,0,0,0,0,0,0,,,,
RUE,2012,3,22,19,12.5,,,,,,,,953.5,,1,,0,0,0,0,0,0,0,,,,
RUE,2012,3,22,20,11.8,,,,,,,,953.6,,0.5,,0,0,0,0,0,0,0,,,,
RUE,2012,3,22,21,11.8,,,,,,,,953.6,,0.5,,0,0,0,0,0,0,0,,,,
RUE,2012,3,22,22,11.4,,,,,,,,953.7,,0.7,,0,0,0,0,0,0,0,,,,
RUE,2012,3,22,23,10.3,,,,,,,,953.6,,1.7,,0,0,0,0,0,0,0,,,,
RUE,2012,3,23,0,9.7,,,,,,,,953.6,,1.4,,0,0,0,0,0,0,0,,,,
RUE,2012,3,23,1,9.6,,,,,,,,953.5,,0.4,,0,0,0,0,0,0,0,,,,
RUE,2012,3,23,2,9.4,,,,,,,,953,,1.9,,0,0,0,0,0,0,0,,,,
RUE,2012,3,23,3,8.6,,,,,,,,952.9,,1.5,,0,0,0,0,0,0,0,,,,
RUE,2012,3,23,4,7.9,,,,,,,,953.1,,1.7,,0,0,0,0,0,0,0,,,,
RUE,2012,3,23,5,7.3,,,,,,,,953.1,,1.6,,2,0,0,0,0,0,0,,,,
RUE,2012,3,23,6,7.6,,,,,,,,953.2,,1.9,,70,0,0,0,0,0,0,,,,
RUE,2012,3,23,7,8.5,,,,,,,,953.5,,1.7,,225,2048.2,37.1,0,0,0,0,,,,
RUE,2012,3,23,8,10.3,,,,,,,,953.5,,0.9,,389,1241,64.2,0,0,0,0,,,,
RUE,2012,3,23,9,12.4,,,,,,,,953.5,,0.6,,528,1059,87.1,0,0,0,0,,,,
RUE,2012,3,23,10,14,,,,,,,,953.4,,1.3,,624,958,103,0,0,0,0,,,,
RUE,2012,3,23,11,14.9,,,,,,,,953.2,,1.4,,674,881.1,114,0,0,0,0,,,,
RUE,2012,3,23,12,15.8,,,,,,,,952.8,,1.5,,666,745.7,155.2,0,0,0,0,,,,
RUE,2012,3,23,13,16.6,,,,,,,,952.4,,2,,591,525.5,228.9,0,0,0,0,,,,
RUE,2012,3,23,14,16.8,,,,,,,,952,,1.9,,516,411.4,249.7,0,0,0,0,,,,
RUE,2012,3,23,15,16.6,,,,,,,,951.8,,2.2,,371,197.6,259.8,0,0,0,0,,,,
RUE,2012,3,23,16,16.1,,,,,,,,951.6,,1.7,,196,31,182.3,0,0,0,0,,,,
RUE,2012,3,23,17,15.2,,,,,,,,951.6,,1.6,,45,1.6,44.5,0,0,0,0,,,,
RUE,2012,3,23,18,14.1,,,,,,,,951.8,,1.6,,1,0,1,0,0,0,0,,,,
RUE,2012,3,23,19,12.9,,,,,,,,952.2,,1.7,,0,0,0,0,0,0,0,,,,
RUE,2012,3,23,20,12.2,,,,,,,,952.3,,1.2,,0,0,0,0,0,0,0,,,,
RUE,2012,3,23,21,11.7,,,,,,,,952.3,,1.1,,0,0,0,0,0,0,0,,,,
RUE,2012,3,23,22,11.3,,,,,,,,952.3,,0.6,,0,0,0,0,0,0,0,,,,
RUE,2012,3,23,23,11.1,,,,,,,,952.2,,0.7,,0,0,0,0,0,0,0,,,,
RUE,2012,3,24,0,10.5,,,,,,,,952.1,,1.2,,0,0,0,0,0,0,0,,,,
RUE,2012,3,24,1,9.9,,,,,,,,951.9,,0.7,,0,0,0,0,0,0,0,,,,
RUE,2012,3,24,2,10.2,,,,,,,,951.8,,0.4,,0,0,0,0,0,0,0,,,,
RUE,2012,3,24,3,9.3,,,,,,,,951.7,,0.3,,0,0,0,0,0,0,0,,,,
RUE,2012,3,24,4,8.8,,,,,,,,951.9,,0.5,,0,0,0,0,0,0,0,,,,
RUE,2012,3,24,5,8.6,,,,,,,,952.2,,0.2,,2,0,0,0,0,0,0,,,,
RUE,2012,3,24,6,8.3,,,,,,,,952.5,,0.8,,66,0,0,0,0,0,0,,,,
RUE,2012,3,24,7,9.1,,,,,,,,952.6,,0.8,,213,1823.8,35.1,0,0,0,0,,,,
RUE,2012,3,24,8,10.8,,,,,,,,952.9,,2.1,,372,1161,61.4,0,0,0,0,,,,
RUE,2012,3,24,9,12.5,,,,,,,,953.1,,1.8,,518,1024.9,85.5,0,0,0,0,,,,
RUE,2012,3,24,10,14,,,,,,,,953,,1.1,,624,948.4,103,0,0,0,0,,,,
RUE,2012,3,24,11,14.9,,,,,,,,952.8,,1.3,,665,852.2,118.9,0,0,0,0,,,,
RUE,2012,3,24,12,15.3,,,,,,,,952.5,,1.3,,491,269.5,305,0,0,0,0,,,,
RUE,2012,3,24,13,15.5,,,,,,,,952.3,,2.4,,426,145.6,325,0,0,0,0,,,,
RUE,2012,3,24,14,15.8,,,,,,,,952.1,,2.5,,393,134.4,305.4,0,0,0,0,,,,
RUE,2012,3,24,15,15.5,,,,,,,,951.9,,2.9,,214,13.8,206.2,0,0,0,0,,,,
RUE,2012,3,24,16,13.8,,,,,,,,952.1,,4,,67,1.5,66.3,0,0,0,0,,,,
RUE,2012,3,24,17,12.8,,,,,,,,952.2,,1.5,,20,0.3,19.9,0,0,0,0,,,,
RUE,2012,3,24,18,12.8,,,,,,,,952.5,,0.7,,0,0,0,0,0,0,0,,,,
RUE,2012,3,24,19,12.3,,,,,,,,953,,0.8,,0,0,0,0,0,0,0,,,,
RUE,2012,3,24,20,11.5,,,,,,,,953.3,,1,,0,0,0,0,0,0,0,,,,
RUE,2012,3,24,21,10.8,,,,,,,,953.4,,1.6,,0,0,0,0,0,0,0,,,,
RUE,2012,3,24,22,10.4,,,,,,,,953.6,,2,,0,0,0,0,0,0,0,,,,
RUE,2012,3,24,23,10.4,,,,,,,,953.8,,1.8,,0,0,0,0,0,0,0,,,,
RUE,2012,3,25,0,9.8,,,,,,,,953.7,,1.8,,0,0,0,0,0,0,0,,,,
RUE,2012,3,25,1,9.3,,,,,,,,953.6,,1.3,,0,0,0,0,0,0,0,,,,
RUE,2012,3,25,2,8.9,,,,,,,,953.5,,1.1,,0,0,0,0,0,0,0,,,,
RUE,2012,3,25,3,8,,,,,,,,953.8,,1.6,,0,0,0,0,0,0,0,,,,
RUE,2012,3,25,4,7.8,,,,,,,,954.1,,1.4,,0,0,0,0,0,0,0,,,,
RUE,2012,3,25,5,7.3,,,,,,,,954.4,,1.3,,3,0,0,0,0,0,0,,,,
RUE,2012,3,25,6,7.3,,,,,,,,955,,2.4,,70,0,0,0,0,0,0,,,,
RUE,2012,3,25,7,8.7,,,,,,,,955.4,,2.6,,226,0,0,0,0,0,0,,,,
RUE,2012,3,25,8,10,,,,,,,,955.7,,3.7,,396,3200.5,65.3,0,0,0,0,,,,
RUE,2012,3,25,9,11.6,,,,,,,,955.9,,4.2,,543,1658.7,89.6,0,0,0,0,,,,
RUE,2012,3,25,10,13.1,,,,,,,,956,,4,,639,1247.6,105.4,0,0,0,0,,,,
RUE,2012,3,25,11,14.2,,,,,,,,955.8,,6,,688,1035.4,113.5,0,0,0,0,,,,
RUE,2012,3,25,12,15.3,,,,,,,,955.6,,5.8,,692,893,115,0,0,0,0,,,,
RUE,2012,3,25,13,15.8,,,,,,,,955.4,,5.9,,654,688.6,175.3,0,0,0,0,,,,
RUE,2012,3,25,14,16.3,,,,,,,,955.3,,5.3,,574,457.6,254.3,0,0,0,0,,,,
RUE,2012,3,25,15,16,,,,,,,,955.2,,5.7,,382,114.8,306.6,0,0,0,0,,,,
RUE,2012,3,25,16,15.4,,,,,,,,955.3,,5.3,,214,13.3,206.4,0,0,0,0,,,,
RUE,2012,3,25,17,14.3,,,,,,,,955.6,,4,,49,0.8,48.6,0,0,0,0,,,,
RUE,2012,3,25,18,12.9,,,,,,,,956.1,,2.6,,1,0,1,0,0,0,0,,,,
RUE,2012,3,25,19,12.4,,,,,,,,956.5,,3,,0,0,0,0,0,0,0,,,,
RUE,2012,3,25,20,12,,,,,,,,956.8,,3.3,,0,0,0,0,0,0,0,,,,
RUE,2012,3,25,21,11,,,,,,,,956.8,,3,,0,0,0,0,0,0,0,,,,
RUE,2012,3,25,22,10.6,,,,,,,,957,,2.5,,0,0,0,0,0,0,0,,,,
RUE,2012,3,25,23,9.6,,,,,,,,957.2,,1,,0,0,0,0,0,0,0,,,,
RUE,2012,3,26,0,9.9,,,,,,,,957.2,,0.8,,0,0,0,0,0,0,0,,,,
RUE,2012,3,26,1,9.2,,,,,,,,957,,2.1,,0,0,0,0,0,0,0,,,,
RUE,2012,3,26,2,9.4,,,,,,,,957,,1.4,,0,0,0,0,0,0,0,,,,
RUE,2012,3,26,3,8.6,,,,,,,,957,,1.5,,0,0,0,0,0,0,0,,,,
RUE,2012,3,26,4,8.7,,,,,,,,957.1,,1.6,,0,0,0,0,0,0,0,,,,
RUE,2012,3,26,5,7.4,,,,,,,,957.5,,2.5,,4,0,0,0,0,0,0,,,,
RUE,2012,3,26,6,7.9,,,,,,,,957.9,,2.5,,92,0,0,0,0,0,0,,,,
RUE,2012,3,26,7,9.4,,,,,,,,958.3,,3.4,,267,0,0,0,0,0,0,,,,
RUE,2012,3,26,8,10.5,,,,,,,,958.6,,4.1,,440,3367.3,72.6,0,0,0,0,,,,
RUE,2012,3,26,9,11.7,,,,,,,,958.6,,3,,567,1696.1,93.6,0,0,0,0,,,,
RUE,2012,3,26,10,13.2,,,,,,,,958.6,,3.8,,680,1310.4,112.2,0,0,0,0,,,,
RUE,2012,3,26,11,14.7,,,,,,,,958.3,,3.3,,738,1099.8,121.8,0,0,0,0,,,,
RUE,2012,3,26,12,15.9,,,,,,,,958.1,,3.7,,719,921.8,118.6,0,0,0,0,,,,
RUE,2012,3,26,13,16.6,,,,,,,,957.9,,4.4,,676,735.4,161.1,0,0,0,0,,,,
RUE,2012,3,26,14,16.8,,,,,,,,957.5,,3.9,,576,453.1,257.2,0,0,0,0,,,,
RUE,2012,3,26,15,16.7,,,,,,,,957.2,,3.7,,415,161.2,308.4,0,0,0,0,,,,
RUE,2012,3,26,16,16,,,,,,,,956.9,,3.4,,228,17.5,217.9,0,0,0,0,,,,
RUE,2012,3,26,17,14.7,,,,,,,,957,,2.4,,43,0.6,42.7,0,0,0,0,,,,
RUE,2012,3,26,18,13.6,,,,,,,,957.4,,1.6,,1,0,1,0,0,0,0,,,,
RUE,2012,3,26,19,12.5,,,,,,,,958,,3.4,,0,0,0,0,0,0,0,,,,
RUE,2012,3,26,20,11.4,,,,,,,,958.3,,2.1,,0,0,0,0,0,0,0,,,,
RUE,2012,3,26,21,10.7,,,,,,,,958.3,,1.5,,0,0,0,0,0,0,0,,,,
RUE,2012,3,26,22,10.3,,,,,,,,958.3,,1.4,,0,0,0,0,0,0,0,,,,
RUE,2012,3,26,23,9.5,,,,,,,,958.2,,1.4,,0,0,0,0,0,0,0,,,,
RUE,2012,3,27,0,9.6,,,,,,,,958,,0.8,,0,0,0,0,0,0,0,,,,
RUE,2012,3,27,1,8.3,,,,,,,,957.8,,1.7,,0,0,0,0,0,0,0,,,,
RUE,2012,3,27,2,7.7,,,,,,,,957.6,,3.2,,0,0,0,0,0,0,0,,,,
RUE,2012,3,27,3,7.3,,,,,,,,957.7,,1.7,,0,0,0,0,0,0,0,,,,
RUE,2012,3,27,4,7.3,,,,,,,,957.8,,1.6,,0,0,0,0,0,0,0,,,,
RUE,2012,3,27,5,6.9,,,,,,,,958.2,,2.7,,3,0,0,0,0,0,0,,,,
RUE,2012,3,27,6,7.6,,,,,,,,958.4,,2.4,,95,0,0,0,0,0,0,,,,
RUE,2012,3,27,7,8.6,,,,,,,,958.8,,3.2,,270,0,0,0,0,0,0,,,,
RUE,2012,3,27,8,10.1,,,,,,,,959,,4.2,,443,3219.6,73.1,0,0,0,0,,,,
RUE,2012,3,27,9,11.8,,,,,,,,959.2,,4.3,,582,1705.8,96,0,0,0,0,,,,
RUE,2012,3,27,10,13.1,,,,,,,,959.2,,4.9,,689,1310.8,113.7,0,0,0,0,,,,
RUE,2012,3,27,11,14.5,,,,,,,,958.9,,5.2,,742,1095.2,122.4,0,0,0,0,,,,
RUE,2012,3,27,12,15,,,,,,,,958.6,,4.8,,733,932.3,120.9,0,0,0,0,,,,
RUE,2012,3,27,13,15.9,,,,,,,,958.2,,4.2,,680,734,162.5,0,0,0,0,,,,
RUE,2012,3,27,14,16.4,,,,,,,,957.7,,3.6,,545,364.9,286.6,0,0,0,0,,,,
RUE,2012,3,27,15,16.2,,,,,,,,957.4,,3.5,,394,124.7,311,0,0,0,0,,,,
RUE,2012,3,27,16,15.6,,,,,,,,957.2,,3.5,,227,16.5,217.4,0,0,0,0,,,,
RUE,2012,3,27,17,14.3,,,,,,,,957.2,,3,,63,1.2,62.4,0,0,0,0,,,,
RUE,2012,3,27,18,13.3,,,,,,,,957.4,,2.1,,1,0,1,0,0,0,0,,,,
RUE,2012,3,27,19,12.6,,,,,,,,957.6,,2,,0,0,0,0,0,0,0,,,,
RUE,2012,3,27,20,11.9,,,,,,,,957.8,,2,,0,0,0,0,0,0,0,,,,
RUE,2012,3,27,21,11.3,,,,,,,,957.9,,2.1,,0,0,0,0,0,0,0,,,,
RUE,2012,3,27,22,10.2,,,,,,,,957.8,,2.4,,0,0,0,0,0,0,0,,,,
RUE,2012,3,27,23,9.3,,,,,,,,957.5,,3.1,,0,0,0,0,0,0,0,,,,
RUE,2012,3,28,0,9,,,,,,,,957,,3.4,,0,0,0,0,0,0,0,,,,
RUE,2012,3,28,1,8.5,,,,,,,,956.5,,3.5,,0,0,0,0,0,0,0,,,,
RUE,2012,3,28,2,8.8,,,,,,,,956.2,,1.9,,0,0,0,0,0,0,0,,,,
RUE,2012,3,28,3,8.6,,,,,,,,956,,1.9,,0,0,0,0,0,0,0,,,,
RUE,2012,3,28,4,8.5,,,,,,,,956,,1.1,,0,0,0,0,0,0,0,,,,
RUE,2012,3,28,5,8.3,,,,,,,,956.1,,1.2,,5,0,0,0,0,0,0,,,,
RUE,2012,3,28,6,8.3,,,,,,,,956.3,,0.8,,99,0,0,0,0,0,0,,,,
RUE,2012,3,28,7,9.7,,,,,,,,956.3,,1.3,,273,0,0,0,0,0,0,,,,
RUE,2012,3,28,8,11.1,,,,,,,,956.4,,1.8,,442,3058.6,72.9,0,0,0,0,,,,
RUE,2012,3,28,9,12.7,,,,,,,,956.2,,3.5,,588,1689.4,97,0,0,0,0,,,,
RUE,2012,3,28,10,14.3,,,,,,,,955.9,,4.1,,687,1290.6,113.4,0,0,0,0,,,,
RUE,2012,3,28,11,15.8,,,,,,,,955.5,,3.5,,734,1073.2,121.1,0,0,0,0,,,,
RUE,2012,3,28,12,16.8,,,,,,,,955.1,,4.7,,726,916.2,119.8,0,0,0,0,,,,
RUE,2012,3,28,13,17.6,,,,,,,,954.4,,4.8,,664,680,181.2,0,0,0,0,,,,
RUE,2012,3,28,14,17.9,,,,,,,,953.7,,3.8,,570,418.9,271.4,0,0,0,0,,,,
RUE,2012,3,28,15,18.1,,,,,,,,953.3,,2.9,,423,165.8,311.9,0,0,0,0,,,,
RUE,2012,3,28,16,17.3,,,,,,,,953.2,,1.8,,226,15.6,216.9,0,0,0,0,,,,
RUE,2012,3,28,17,16.1,,,,,,,,953.2,,2.4,,57,1,56.5,0,0,0,0,,,,
RUE,2012,3,28,18,15.2,,,,,,,,953.2,,1.6,,1,0,1,0,0,0,0,,,,
RUE,2012,3,28,19,14.3,,,,,,,,953.4,,1.8,,0,0,0,0,0,0,0,,,,
RUE,2012,3,28,20,13.6,,,,,,,,953.4,,1.4,,0,0,0,0,0,0,0,,,,
RUE,2012,3,28,21,13.2,,,,,,,,953.3,,0.5,,0,0,0,0,0,0,0,,,,
RUE,2012,3,28,22,12.2,,,,,,,,953.1,,0.5,,0,0,0,0,0,0,0,,,,
RUE,2012,3,28,23,12.2,,,,,,,,953,,0.4,,0,0,0,0,0,0,0,,,,
RUE,2012,3,29,0,10.8,,,,,,,,952.8,,0.3,,0,0,0,0,0,0,0,,,,
RUE,2012,3,29,1,10.5,,,,,,,,952.5,,0.6,,0,0,0,0,0,0,0,,,,
RUE,2012,3,29,2,9.9,,,,,,,,951.9,,0.8,,0,0,0,0,0,0,0,,,,
RUE,2012,3,29,3,9.5,,,,,,,,951.4,,0.5,,0,0,0,0,0,0,0,,,,
RUE,2012,3,29,4,9,,,,,,,,951.3,,0.6,,0,0,0,0,0,0,0,,,,
RUE,2012,3,29,5,8.3,,,,,,,,951.3,,1,,6,0,0,0,0,0,0,,,,
RUE,2012,3,29,6,8.6,,,,,,,,951.5,,0.6,,74,0,0,0,0,0,0,,,,
RUE,2012,3,29,7,9.3,,,,,,,,951.7,,1.1,,202,0,0,0,0,0,0,,,,
RUE,2012,3,29,8,11.1,,,,,,,,951.8,,1.4,,423,2793.7,69.8,0,0,0,0,,,,
RUE,2012,3,29,9,12.6,,,,,,,,951.7,,1.1,,581,1637.2,95.9,0,0,0,0,,,,
RUE,2012,3,29,10,13.7,,,,,,,,951.5,,1.2,,680,1261.7,112.2,0,0,0,0,,,,
RUE,2012,3,29,11,15.4,,,,,,,,950.7,,1.7,,732,1060.4,120.8,0,0,0,0,,,,
RUE,2012,3,29,12,16.4,,,,,,,,950,,2.7,,723,905.9,119,0,0,0,0,,,,
RUE,2012,3,29,13,16.7,,,,,,,,949.5,,4,,687,729.1,165.8,0,0,0,0,,,,
RUE,2012,3,29,14,16.9,,,,,,,,948.9,,4,,567,402.6,278.2,0,0,0,0,,,,
RUE,2012,3,29,15,16.5,,,,,,,,948.5,,3.5,,355,72.5,306.1,0,0,0,0,,,,
RUE,2012,3,29,16,15.8,,,,,,,,948.1,,3,,144,3.9,141.7,0,0,0,0,,,,
RUE,2012,3,29,17,15,,,,,,,,948.2,,2.6,,32,0.3,31.9,0,0,0,0,,,,
RUE,2012,3,29,18,13.9,,,,,,,,948.3,,3.4,,1,0,1,0,0,0,0,,,,
RUE,2012,3,29,19,13,,,,,,,,948.8,,1.9,,0,0,0,0,0,0,0,,,,
RUE,2012,3,29,20,12.8,,,,,,,,949,,2.8,,0,0,0,0,0,0,0,,,,
RUE,2012,3,29,21,12.4,,,,,,,,948.9,,2.2,,0,0,0,0,0,0,0,,,,
RUE,2012,3,29,22,12,,,,,,,,948.7,,3.9,,0,0,0,0,0,0,0,,,,
RUE,2012,3,29,23,11.8,,,,,,,,948.7,,4.2,,0,0,0,0,0,0,0,,,,
RUE,2012,3,30,0,11,,,,,,,,948.6,,3.6,,0,0,0,0,0,0,0,,,,
RUE,2012,3,30,1,10.1,,,,,,,,948.3,,3.4,,0,0,0,0,0,0,0,,,,
RUE,2012,3,30,2,9.4,,,,,,,,948,,2.4,,0,0,0,0,0,0,0,,,,
RUE,2012,3,30,3,8.9,,,,,,,,948,,2.8,,0,0,0,0,0,0,0,,,,
RUE,2012,3,30,4,8.2,,,,,,,,947.7,,2.3,,0,0,0,0,0,0,0,,,,
RUE,2012,3,30,5,7.6,,,,,,,,948,,2.4,,3,0,0,0,0,0,0,,,,
RUE,2012,3,30,6,7.5,,,,,,,,948.3,,2.6,,41,0,0,0,0,0,0,,,,
RUE,2012,3,30,7,7.9,,,,,,,,948.6,,2.9,,94,0,0,0,0,0,0,,,,
RUE,2012,3,30,8,8.6,,,,,,,,948.9,,3.2,,181,1143.5,29.9,0,0,0,0,,,,
RUE,2012,3,30,9,9.8,,,,,,,,949,,3.1,,431,1191.7,71.1,0,0,0,0,,,,
RUE,2012,3,30,10,10.1,,,,,,,,948.8,,3.4,,272,130.3,212.6,0,0,0,0,,,,
RUE,2012,3,30,11,10.7,,,,,,,,948.6,,3.4,,389,212.2,265.6,0,0,0,0,,,,
RUE,2012,3,30,12,11.6,,,,,,,,948.2,,2.1,,372,92.4,310,0,0,0,0,,,,
RUE,2012,3,30,13,12.1,,,,,,,,947.8,,2.1,,360,56.8,319.1,0,0,0,0,,,,
RUE,2012,3,30,14,13,,,,,,,,947.2,,2.5,,444,148.5,336.8,0,0,0,0,,,,
RUE,2012,3,30,15,13.6,,,,,,,,946.7,,2.6,,428,165.6,315.6,0,0,0,0,,,,
RUE,2012,3,30,16,12.8,,,,,,,,946.5,,2,,143,3.8,140.7,0,0,0,0,,,,
RUE,2012,3,30,17,12.2,,,,,,,,946.3,,1.9,,68,1.4,67.4,0,0,0,0,,,,
RUE,2012,3,30,18,11.3,,,,,,,,946.3,,1.9,,2,0,2,0,0,0,0,,,,
RUE,2012,3,30,19,10.2,,,,,,,,946.6,,1.9,,0,0,0,0,0,0,0,,,,
RUE,2012,3,30,20,8.9,,,,,,,,946.6,,1.4,,0,0,0,0,0,0,0,,,,
RUE,2012,3,30,21,8.6,,,,,,,,946.4,,1.4,,0,0,0,0,0,0,0,,,,
RUE,2012,3,30,22,8.1,,,,,,,,946,,1.3,,0,0,0,0,0,0,0,,,,
RUE,2012,3,30,23,7.6,,,,,,,,945.5,,1.2,,0,0,0,0,0,0,0,,,,
RUE,2012,3,31,0,7.5,,,,,,,,944.9,,0.7,,0,0,0,0,0,0,0,,,,
RUE,2012,3,31,1,7.2,,,,,,,,944.4,,0.6,,0,0,0,0,0,0,0,,,,
RUE,2012,3,31,2,6.4,,,,,,,,944,,1.2,,0,0,0,0,0,0,0,,,,
RUE,2012,3,31,3,6.3,,,,,,,,943.6,,0.9,,0,0,0,0,0,0,0,,,,
RUE,2012,3,31,4,5.9,,,,,,,,943.3,,1.2,,0,0,0,0,0,0,0,,,,
RUE,2012,3,31,5,6,,,,,,,,942.9,,0.7,,9,0,0,0,0,0,0,,,,
RUE,2012,3,31,6,6.9,,,,,,,,942.7,,0.7,,114,0,0,0,0,0,0,,,,
RUE,2012,3,31,7,9,,,,,,,,942.5,,0.4,,300,0,0,0,0,0,0,,,,
RUE,2012,3,31,8,10.4,,,,,,,,942.3,,1,,465,2815.7,76.7,0,0,0,0,,,,
RUE,2012,3,31,9,11.4,,,,,,,,942.2,,2,,591,1604.1,97.5,0,0,0,0,,,,
RUE,2012,3,31,10,12.6,,,,,,,,941.8,,2.1,,707,1280.6,116.7,0,0,0,0,,,,
RUE,2012,3,31,11,13.4,,,,,,,,941.2,,2.7,,730,1038.5,120.5,0,0,0,0,,,,
RUE,2012,3,31,12,13.8,,,,,,,,940.7,,3.7,,646,718.3,159.9,0,0,0,0,,,,
RUE,2012,3,31,13,14.2,,,,,,,,940.3,,3.7,,563,380.4,287.4,0,0,0,0,,,,
RUE,2012,3,31,14,14.9,,,,,,,,939.6,,3.8,,550,345.6,298.9,0,0,0,0,,,,
RUE,2012,3,31,15,15.4,,,,,,,,939,,4,,430,164.7,317.5,0,0,0,0,,,,
RUE,2012,3,31,16,14.9,,,,,,,,938.8,,4.1,,245,21.1,232.4,0,0,0,0,,,,
RUE,2012,3,31,17,13.2,,,,,,,,939.1,,4.3,,70,1.4,69.3,0,0,0,0,,,,
RUE,2012,3,31,18,10.8,,,,,,,,939.9,,4.3,,2,0,2,0,0,0,0,,,,
RUE,2012,3,31,19,9.2,,,,,,,,940.5,,4.5,,0,0,0,0,0,0,0,,,,
RUE,2012,3,31,20,8,,,,,,,,941,,4.5,,0,0,0,0,0,0,0,,,,
RUE,2012,3,31,21,7.2,,,,,,,,941.3,,3.6,,0,0,0,0,0,0,0,,,,
RUE,2012,3,31,22,6.6,,,,,,,,941.8,,1,,0,0,0,0,0,0,0,,,,
RUE,2012,3,31,23,6.5,,,,,,,,942.1,,1.1,,0,0,0,0,0,0,0,,,,
RUE,2012,4,1,0,6.5,,,,,,,,942.2,,1.8,,0,0,0,0,0,0,0,,,,
RUE,2012,4,1,1,5.5,,,,,,,,942.4,,2.6,,0,0,0,0,0,0,0,,,,
RUE,2012,4,1,2,4.8,,,,,,,,942.5,,2.4,,0,0,0,0,0,0,0,,,,
RUE,2012,4,1,3,4.3,,,,,,,,942.5,,3.1,,0,0,0,0,0,0,0,,,,
RUE,2012,4,1,4,4,,,,,,,,942.5,,2.9,,0,0,0,0,0,0,0,,,,
RUE,2012,4,1,5,3.6,,,,,,,,942.7,,3.7,,7,0,0,0,0,0,0,,,,
RUE,2012,4,1,6,3.3,,,,,,,,942.9,,3.4,,96,0,0,0,0,0,0,,,,
RUE,2012,4,1,7,3.9,,,,,,,,943.1,,3.9,,288,0,0,0,0,0,0,,,,
RUE,2012,4,1,8,5.1,,,,,,,,943.4,,3.8,,471,2738.7,77.7,0,0,0,0,,,,
RUE,2012,4,1,9,5.9,,,,,,,,943.5,,3.8,,615,1639.4,101.5,0,0,0,0,,,,
RUE,2012,4,1,10,6.8,,,,,,,,943.4,,3.6,,705,1262.1,116.3,0,0,0,0,,,,
RUE,2012,4,1,11,7.9,,,,,,,,943.2,,3.8,,762,1074.6,125.7,0,0,0,0,,,,
RUE,2012,4,1,12,9.2,,,,,,,,942.8,,3.5,,739,905.6,121.6,0,0,0,0,,,,
RUE,2012,4,1,13,9.3,,,,,,,,942.3,,3,,702,734.1,166.7,0,0,0,0,,,,
RUE,2012,4,1,14,10.2,,,,,,,,941.9,,2.7,,595,447.9,267.6,0,0,0,0,,,,
RUE,2012,4,1,15,10.2,,,,,,,,941.4,,2.8,,443,182.5,317.5,0,0,0,0,,,,
RUE,2012,4,1,16,10,,,,,,,,941.2,,2.7,,260,27.6,243.4,0,0,0,0,,,,
RUE,2012,4,1,17,9.1,,,,,,,,941.1,,1.7,,85,2.1,84,0,0,0,0,,,,
RUE,2012,4,1,18,8.4,,,,,,,,941.4,,1.6,,3,0,3,0,0,0,0,,,,
RUE,2012,4,1,19,7,,,,,,,,941.8,,1,,0,0,0,0,0,0,0,,,,
RUE,2012,4,1,20,6.3,,,,,,,,941.8,,1.5,,0,0,0,0,0,0,0,,,,
RUE,2012,4,1,21,5.8,,,,,,,,941.5,,1.6,,0,0,0,0,0,0,0,,,,
RUE,2012,4,1,22,5.4,,,,,,,,941.3,,1.3,,0,0,0,0,0,0,0,,,,
RUE,2012,4,1,23,4.5,,,,,,,,941.4,,1.6,,0,0,0,0,0,0,0,,,,
RUE,2012,4,2,0,3.6,,,,,,,,941.4,,1.1,,0,0,0,0,0,0,0,,,,
RUE,2012,4,2,1,3.5,,,,,,,,941.1,,1.9,,0,0,0,0,0,0,0,,,,
RUE,2012,4,2,2,2.7,,,,,,,,940.7,,2.4,,0,0,0,0,0,0,0,,,,
RUE,2012,4,2,3,2.8,,,,,,,,940.3,,2.6,,0,0,0,0,0,0,0,,,,
RUE,2012,4,2,4,2.4,,,,,,,,939.9,,2.5,,0,0,0,0,0,0,0,,,,
RUE,2012,4,2,5,2.2,,,,,,,,939.7,,1.9,,13,0,0,0,0,0,0,,,,
RUE,2012,4,2,6,3.3,,,,,,,,939.6,,1.7,,133,0,0,0,0,0,0,,,,
RUE,2012,4,2,7,5.1,,,,,,,,939.5,,2.1,,290,0,0,0,0,0,0,,,,
RUE,2012,4,2,8,6.7,,,,,,,,939.4,,2.6,,452,2528.3,74.6,0,0,0,0,,,,
RUE,2012,4,2,9,9.3,,,,,,,,939.3,,2.5,,621,1626.5,102.5,0,0,0,0,,,,
RUE,2012,4,2,10,10.6,,,,,,,,938.9,,2.7,,717,1269,118.3,0,0,0,0,,,,
RUE,2012,4,2,11,12.1,,,,,,,,938.2,,2.3,,760,1062.5,125.4,0,0,0,0,,,,
RUE,2012,4,2,12,13.4,,,,,,,,937.5,,2.2,,742,902.8,122.1,0,0,0,0,,,,
RUE,2012,4,2,13,15.1,,,,,,,,936.7,,2.2,,692,698.2,179.7,0,0,0,0,,,,
RUE,2012,4,2,14,15.6,,,,,,,,935.9,,1.4,,578,397.2,285.9,0,0,0,0,,,,
RUE,2012,4,2,15,15.7,,,,,,,,935.1,,1.6,,425,149,322,0,0,0,0,,,,
RUE,2012,4,2,16,15,,,,,,,,934.6,,2.6,,244,19.4,232.3,0,0,0,0,,,,
RUE,2012,4,2,17,14,,,,,,,,934.5,,2.1,,77,1.7,76.2,0,0,0,0,,,,
RUE,2012,4,2,18,13.3,,,,,,,,934.6,,1.3,,4,0,4,0,0,0,0,,,,
RUE,2012,4,2,19,12.1,,,,,,,,934.8,,1.2,,0,0,0,0,0,0,0,,,,
RUE,2012,4,2,20,11.6,,,,,,,,934.9,,1.2,,0,0,0,0,0,0,0,,,,
RUE,2012,4,2,21,11.4,,,,,,,,934.9,,0.5,,0,0,0,0,0,0,0,,,,
RUE,2012,4,2,22,11.4,,,,,,,,934.8,,0.7,,0,0,0,0,0,0,0,,,,
RUE,2012,4,2,23,11.7,,,,,,,,934.7,,0.8,,0,0,0,0,0,0,0,,,,
RUE,2012,4,3,0,11.3,,,,,,,,934.6,,0.7,,0,0,0,0,0,0,0,,,,
RUE,2012,4,3,1,10.6,,,,,,,,934.5,,0.6,,0,0,0,0,0,0,0,,,,
RUE,2012,4,3,2,10.1,,,,,,,,934.4,,1.2,,0,0,0,0,0,0,0,,,,
RUE,2012,4,3,3,10.2,,,,,,,,934.2,,1.9,,0,0,0,0,0,0,0,,,,
RUE,2012,4,3,4,10.5,,,,,,,,934,,1.5,,0,0,0,0,0,0,0,,,,
RUE,2012,4,3,5,10.9,,,,,,,,934.1,,3,,6,0,0,0,0,0,0,,,,
RUE,2012,4,3,6,11.3,,,,,,,,934.5,,2.8,,56,0,0,0,0,0,0,,,,
RUE,2012,4,3,7,12.3,,,,,,,,934.7,,1.8,,197,0,0,0,0,0,0,,,,
RUE,2012,4,3,8,13.3,,,,,,,,934.9,,2.9,,293,1579.2,48.3,0,0,0,0,,,,
RUE,2012,4,3,9,13.4,,,,,,,,935.2,,4,,310,722.4,75.7,0,0,0,0,,,,
RUE,2012,4,3,10,12.3,,,,,,,,935.3,,3,,224,41.9,204,0,0,0,0,,,,
RUE,2012,4,3,11,13.7,,,,,,,,934.7,,1,,483,426.6,226,0,0,0,0,,,,
RUE,2012,4,3,12,16,,,,,,,,933.9,,3.6,,688,791.3,140.9,0,0,0,0,,,,
RUE,2012,4,3,13,15.9,,,,,,,,933.3,,4,,661,606.4,213.2,0,0,0,0,,,,
RUE,2012,4,3,14,15.9,,,,,,,,932.8,,4.1,,417,101.2,342.2,0,0,0,0,,,,
RUE,2012,4,3,15,14.2,,,,,,,,932.6,,2.3,,303,28.7,283.1,0,0,0,0,,,,
RUE,2012,4,3,16,14.4,,,,,,,,932,,1.7,,184,6.1,180.3,0,0,0,0,,,,
RUE,2012,4,3,17,13.1,,,,,,,,932.4,,3.3,,17,0.1,17,0,0,0,0,,,,
RUE,2012,4,3,18,11.1,,,,,,,,933.1,,2.7,,1,0,1,0,0,0,0,,,,
RUE,2012,4,3,19,9.9,,,,,,,,934.4,,0.7,,0,0,0,0,0,0,0,,,,
RUE,2012,4,3,20,9.7,,,,,,,,934.5,,1.2,,0,0,0,0,0,0,0,,,,
RUE,2012,4,3,21,9.6,,,,,,,,934.5,,1.1,,0,0,0,0,0,0,0,,,,
RUE,2012,4,3,22,9.3,,,,,,,,934.8,,2.3,,0,0,0,0,0,0,0,,,,
RUE,2012,4,3,23,8.7,,,,,,,,935.2,,2.4,,0,0,0,0,0,0,0,,,,
RUE,2012,4,4,0,7.9,,,,,,,,935.3,,1.9,,0,0,0,0,0,0,0,,,,
RUE,2012,4,4,1,7.6,,,,,,,,935.3,,0.6,,0,0,0,0,0,0,0,,,,
RUE,2012,4,4,2,7.6,,,,,,,,935.2,,0.5,,0,0,0,0,0,0,0,,,,
RUE,2012,4,4,3,7.6,,,,,,,,935,,0.6,,0,0,0,0,0,0,0,,,,
RUE,2012,4,4,4,7.6,,,,,,,,935,,0.9,,0,0,0,0,0,0,0,,,,
RUE,2012,4,4,5,7.6,,,,,,,,935.3,,1.1,,1,0,0,0,0,0,0,,,,
RUE,2012,4,4,6,7.6,,,,,,,,935.5,,0.4,,11,0,0,0,0,0,0,,,,
RUE,2012,4,4,7,7.8,,,,,,,,936,,0.3,,38,0,0,0,0,0,0,,,,
RUE,2012,4,4,8,7.9,,,,,,,,936.4,,1.7,,127,407.6,61.6,0,0,0,0,,,,
RUE,2012,4,4,9,7.8,,,,,,,,936.9,,1.7,,64,2.5,63.2,0,0,0,0,,,,
RUE,2012,4,4,10,7.6,,,,,,,,937.5,,1.9,,95,2.6,93.8,0,0,0,0,,,,
RUE,2012,4,4,11,7.7,,,,,,,,937.7,,1.8,,144,3.7,141.7,0,0,0,0,,,,
RUE,2012,4,4,12,7.6,,,,,,,,937.7,,1.5,,96,1.3,95.1,0,0,0,0,,,,
RUE,2012,4,4,13,7.9,,,,,,,,937.5,,1.5,,149,2.7,147,0,0,0,0,,,,
RUE,2012,4,4,14,8.2,,,,,,,,937.4,,1.7,,254,9.1,247.3,0,0,0,0,,,,
RUE,2012,4,4,15,8.8,,,,,,,,937.2,,1.4,,220,6.8,215.2,0,0,0,0,,,,
RUE,2012,4,4,16,8.8,,,,,,,,937.2,,1.5,,84,1.2,83.2,0,0,0,0,,,,
RUE,2012,4,4,17,8.5,,,,,,,,937.3,,0.8,,24,0.2,23.9,0,0,0,0,,,,
RUE,2012,4,4,18,8.3,,,,,,,,937.5,,0.1,,3,0,3,0,0,0,0,,,,
RUE,2012,4,4,19,8.1,,,,,,,,937.9,,0.8,,0,0,0,0,0,0,0,,,,
RUE,2012,4,4,20,8,,,,,,,,938,,0.8,,0,0,0,0,0,0,0,,,,
RUE,2012,4,4,21,7.4,,,,,,,,938.1,,0.5,,0,0,0,0,0,0,0,,,,
RUE,2012,4,4,22,7.5,,,,,,,,938,,0.3,,0,0,0,0,0,0,0,,,,
RUE,2012,4,4,23,7.6,,,,,,,,938,,0.6,,0,0,0,0,0,0,0,,,,
RUE,2012,4,5,0,7.5,,,,,,,,937.9,,0.9,,0,0,0,0,0,0,0,,,,
RUE,2012,4,5,1,7.5,,,,,,,,937.8,,0.6,,0,0,0,0,0,0,0,,,,
RUE,2012,4,5,2,7.5,,,,,,,,937.7,,0.9,,0,0,0,0,0,0,0,,,,
RUE,2012,4,5,3,7.4,,,,,,,,937.6,,1.3,,0,0,0,0,0,0,0,,,,
RUE,2012,4,5,4,7.3,,,,,,,,937.7,,1.7,,0,0,0,0,0,0,0,,,,
RUE,2012,4,5,5,7.2,,,,,,,,937.9,,1.7,,0,0,0,0,0,0,0,,,,
RUE,2012,4,5,6,7.2,,,,,,,,938.3,,1.3,,15,0,0,0,0,0,0,,,,
RUE,2012,4,5,7,7.3,,,,,,,,938.6,,1.3,,26,0,0,0,0,0,0,,,,
RUE,2012,4,5,8,7.3,,,,,,,,938.9,,1.3,,51,6.4,49.9,0,0,0,0,,,,
RUE,2012,4,5,9,7.6,,,,,,,,939.3,,1.2,,82,3.9,80.7,0,0,0,0,,,,
RUE,2012,4,5,10,7.7,,,,,,,,939.4,,1.1,,74,1.5,73.3,0,0,0,0,,,,
RUE,2012,4,5,11,8,,,,,,,,939.4,,1,,114,2.3,112.6,0,0,0,0,,,,
RUE,2012,4,5,12,8.5,,,,,,,,939.3,,1.3,,151,3.1,148.9,0,0,0,0,,,,
RUE,2012,4,5,13,8.5,,,,,,,,939.2,,1.4,,119,1.7,117.7,0,0,0,0,,,,
RUE,2012,4,5,14,8.2,,,,,,,,939.2,,2.1,,61,0.4,60.7,0,0,0,0,,,,
RUE,2012,4,5,15,7.8,,,,,,,,939.3,,1.8,,26,0.1,25.9,0,0,0,0,,,,
RUE,2012,4,5,16,7.6,,,,,,,,939.3,,1.6,,21,0.1,21,0,0,0,0,,,,
RUE,2012,4,5,17,7.3,,,,,,,,939.4,,2,,2,0,2,0,0,0,0,,,,
RUE,2012,4,5,18,7.2,,,,,,,,939.7,,1,,0,0,0,0,0,0,0,,,,
RUE,2012,4,5,19,7.3,,,,,,,,940.4,,0.7,,0,0,0,0,0,0,0,,,,
RUE,2012,4,5,20,7.2,,,,,,,,940.6,,1.4,,0,0,0,0,0,0,0,,,,
RUE,2012,4,5,21,6.8,,,,,,,,940.5,,1.1,,0,0,0,0,0,0,0,,,,
RUE,2012,4,5,22,6.7,,,,,,,,940.2,,1.1,,0,0,0,0,0,0,0,,,,
RUE,2012,4,5,23,6.5,,,,,,,,940,,1,,0,0,0,0,0,0,0,,,,
RUE,2012,4,6,0,6.4,,,,,,,,939.6,,1.2,,0,0,0,0,0,0,0,,,,
RUE,2012,4,6,1,6.3,,,,,,,,939.4,,1,,0,0,0,0,0,0,0,,,,
RUE,2012,4,6,2,6.3,,,,,,,,939.2,,1.4,,0,0,0,0,0,0,0,,,,
RUE,2012,4,6,3,6.3,,,,,,,,939,,1,,0,0,0,0,0,0,0,,,,
RUE,2012,4,6,4,6.2,,,,,,,,939,,0.8,,0,0,0,0,0,0,0,,,,
RUE,2012,4,6,5,6.2,,,,,,,,939,,0.9,,2,0,0,0,0,0,0,,,,
RUE,2012,4,6,6,6.2,,,,,,,,939.2,,0.6,,13,0,0,0,0,0,0,,,,
RUE,2012,4,6,7,6.1,,,,,,,,939.2,,0.6,,31,0,0,0,0,0,0,,,,
RUE,2012,4,6,8,6.4,,,,,,,,939.5,,0.9,,60,10,58.3,0,0,0,0,,,,
RUE,2012,4,6,9,6.4,,,,,,,,939.5,,1.1,,105,6.4,102.8,0,0,0,0,,,,
RUE,2012,4,6,10,7.4,,,,,,,,939.2,,1.3,,223,35,205.7,0,0,0,0,,,,
RUE,2012,4,6,11,8.2,,,,,,,,938.9,,0.8,,258,23.4,243.5,0,0,0,0,,,,
RUE,2012,4,6,12,8.4,,,,,,,,938.5,,1.7,,231,7.8,225.5,0,0,0,0,,,,
RUE,2012,4,6,13,8.7,,,,,,,,938.1,,1.9,,242,7.3,236.5,0,0,0,0,,,,
RUE,2012,4,6,14,9,,,,,,,,937.6,,1.6,,260,9.6,252.8,0,0,0,0,,,,
RUE,2012,4,6,15,9.2,,,,,,,,937.2,,1.8,,144,2.7,142.1,0,0,0,0,,,,
RUE,2012,4,6,16,9.1,,,,,,,,936.9,,2.1,,145,3.6,142.8,0,0,0,0,,,,
RUE,2012,4,6,17,8.4,,,,,,,,936.8,,1.4,,50,0.7,49.7,0,0,0,0,,,,
RUE,2012,4,6,18,7.6,,,,,,,,936.6,,1,,4,0,4,0,0,0,0,,,,
RUE,2012,4,6,19,7.1,,,,,,,,936.9,,0.4,,0,0,0,0,0,0,0,,,,
RUE,2012,4,6,20,6.6,,,,,,,,936.8,,0.6,,0,0,0,0,0,0,0,,,,
RUE,2012,4,6,21,6.4,,,,,,,,936.5,,1,,0,0,0,0,0,0,0,,,,
RUE,2012,4,6,22,5.7,,,,,,,,936.3,,0.7,,0,0,0,0,0,0,0,,,,
RUE,2012,4,6,23,5.8,,,,,,,,936,,1.2,,0,0,0,0,0,0,0,,,,
RUE,2012,4,7,0,6.1,,,,,,,,935.2,,0.5,,0,0,0,0,0,0,0,,,,
RUE,2012,4,7,1,6.2,,,,,,,,934.7,,0.7,,0,0,0,0,0,0,0,,,,
RUE,2012,4,7,2,6.2,,,,,,,,934.4,,1,,0,0,0,0,0,0,0,,,,
RUE,2012,4,7,3,6,,,,,,,,934.1,,1,,0,0,0,0,0,0,0,,,,
RUE,2012,4,7,4,6.3,,,,,,,,934,,1.3,,0,0,0,0,0,0,0,,,,
RUE,2012,4,7,5,6.5,,,,,,,,933.8,,1.1,,4,0,0,0,0,0,0,,,,
RUE,2012,4,7,6,6.7,,,,,,,,933.9,,0.9,,42,0,0,0,0,0,0,,,,
RUE,2012,4,7,7,6.9,,,,,,,,934.2,,1.5,,52,0,0,0,0,0,0,,,,
RUE,2012,4,7,8,6.7,,,,,,,,934.6,,2.3,,91,65.8,79.4,0,0,0,0,,,,
RUE,2012,4,7,9,6.9,,,,,,,,934.8,,2.4,,188,86,158.3,0,0,0,0,,,,
RUE,2012,4,7,10,7.9,,,,,,,,934.7,,3.3,,470,702.8,120,0,0,0,0,,,,
RUE,2012,4,7,11,8.2,,,,,,,,934.6,,4.4,,518,486.9,215.1,0,0,0,0,,,,
RUE,2012,4,7,12,8.9,,,,,,,,934.3,,3.7,,591,486,245.8,0,0,0,0,,,,
RUE,2012,4,7,13,9.2,,,,,,,,933.9,,4.3,,657,557.4,235.5,0,0,0,0,,,,
RUE,2012,4,7,14,9.4,,,,,,,,933.9,,4.5,,564,329.9,314.4,0,0,0,0,,,,
RUE,2012,4,7,15,9,,,,,,,,933.7,,4.4,,389,88.3,326.1,0,0,0,0,,,,
RUE,2012,4,7,16,8.2,,,,,,,,933.6,,3.5,,140,3.3,137.9,0,0,0,0,,,,
RUE,2012,4,7,17,7.4,,,,,,,,934,,3.4,,35,0.3,34.8,0,0,0,0,,,,
RUE,2012,4,7,18,6.9,,,,,,,,934.4,,3.1,,0,0,0,0,0,0,0,,,,
RUE,2012,4,7,19,6.3,,,,,,,,935.1,,2,,0,0,0,0,0,0,0,,,,
RUE,2012,4,7,20,5.9,,,,,,,,935.3,,1.6,,0,0,0,0,0,0,0,,,,
RUE,2012,4,7,21,5.2,,,,,,,,935.6,,1.7,,0,0,0,0,0,0,0,,,,
RUE,2012,4,7,22,4.7,,,,,,,,936,,2,,0,0,0,0,0,0,0,,,,
RUE,2012,4,7,23,4.3,,,,,,,,935.9,,1.5,,0,0,0,0,0,0,0,,,,
RUE,2012,4,8,0,3.8,,,,,,,,936,,2.8,,0,0,0,0,0,0,0,,,,
RUE,2012,4,8,1,2.6,,,,,,,,936.1,,3.9,,0,0,0,0,0,0,0,,,,
RUE,2012,4,8,2,1.6,,,,,,,,936.6,,4.8,,0,0,0,0,0,0,0,,,,
RUE,2012,4,8,3,0.9,,,,,,,,936.8,,4.1,,0,0,0,0,0,0,0,,,,
RUE,2012,4,8,4,0.8,,,,,,,,937.2,,3.2,,0,0,0,0,0,0,0,,,,
RUE,2012,4,8,5,0.8,,,,,,,,937.9,,3.6,,3,0,0,0,0,0,0,,,,
RUE,2012,4,8,6,0.5,,,,,,,,939,,2.8,,56,0,0,0,0,0,0,,,,
RUE,2012,4,8,7,1.3,,,,,,,,939.6,,2.7,,204,0,0,0,0,0,0,,,,
RUE,2012,4,8,8,2.2,,,,,,,,940.4,,2.8,,345,1577.3,56.9,0,0,0,0,,,,
RUE,2012,4,8,9,2.8,,,,,,,,941.1,,3.2,,350,795.8,70.4,0,0,0,0,,,,
RUE,2012,4,8,10,0.5,,,,,,,,942,,4.6,,59,0.9,58.5,0,0,0,0,,,,
RUE,2012,4,8,11,0.7,,,,,,,,942.7,,3.3,,101,1.7,99.9,0,0,0,0,,,,
RUE,2012,4,8,12,1.4,,,,,,,,943.1,,1.9,,380,77.7,324.4,0,0,0,0,,,,
RUE,2012,4,8,13,2.4,,,,,,,,943.1,,1.1,,273,11.3,264.4,0,0,0,0,,,,
RUE,2012,4,8,14,2.8,,,,,,,,943.1,,1.5,,230,6.1,225.3,0,0,0,0,,,,
RUE,2012,4,8,15,2.6,,,,,,,,943.1,,2.8,,124,2,122.6,0,0,0,0,,,,
RUE,2012,4,8,16,2.8,,,,,,,,943.2,,2.3,,131,2.9,129.2,0,0,0,0,,,,
RUE,2012,4,8,17,2.6,,,,,,,,943.3,,1.3,,51,0.7,50.7,0,0,0,0,,,,
RUE,2012,4,8,18,2,,,,,,,,943.6,,1.8,,5,0,5,0,0,0,0,,,,
RUE,2012,4,8,19,1.5,,,,,,,,943.9,,1.4,,0,0,0,0,0,0,0,,,,
RUE,2012,4,8,20,1,,,,,,,,944,,1.9,,0,0,0,0,0,0,0,,,,
RUE,2012,4,8,21,0.6,,,,,,,,943.8,,1.9,,0,0,0,0,0,0,0,,,,
RUE,2012,4,8,22,0.6,,,,,,,,943.5,,2,,0,0,0,0,0,0,0,,,,
RUE,2012,4,8,23,0.6,,,,,,,,943.2,,0.8,,0,0,0,0,0,0,0,,,,
RUE,2012,4,9,0,0.9,,,,,,,,942.6,,1.2,,0,0,0,0,0,0,0,,,,
RUE,2012,4,9,1,0.9,,,,,,,,942.1,,1.5,,0,0,0,0,0,0,0,,,,
RUE,2012,4,9,2,1.2,,,,,,,,941.7,,1.7,,0,0,0,0,0,0,0,,,,
RUE,2012,4,9,3,0.9,,,,,,,,941.3,,1.6,,0,0,0,0,0,0,0,,,,
RUE,2012,4,9,4,1.5,,,,,,,,940.9,,2.7,,0,0,0,0,0,0,0,,,,
RUE,2012,4,9,5,2.6,,,,,,,,940.6,,2.4,,8,0,0,0,0,0,0,,,,
RUE,2012,4,9,6,3,,,,,,,,940.7,,1.5,,47,0,0,0,0,0,0,,,,
RUE,2012,4,9,7,4,,,,,,,,940.4,,2.9,,129,0,0,0,0,0,0,,,,
RUE,2012,4,9,8,4.6,,,,,,,,940.2,,3.5,,217,963.5,35.8,0,0,0,0,,,,
RUE,2012,4,9,9,4.4,,,,,,,,940,,3.2,,224,166.1,164.8,0,0,0,0,,,,
RUE,2012,4,9,10,5.8,,,,,,,,939.4,,2.3,,413,451,183.9,0,0,0,0,,,,
RUE,2012,4,9,11,7.5,,,,,,,,938.9,,2.5,,408,186.9,289.9,0,0,0,0,,,,
RUE,2012,4,9,12,7.9,,,,,,,,938.4,,1.5,,210,5.6,205.9,0,0,0,0,,,,
RUE,2012,4,9,13,7.5,,,,,,,,938,,2.4,,218,5.4,213.9,0,0,0,0,,,,
RUE,2012,4,9,14,7.1,,,,,,,,937.5,,1.4,,196,4.3,192.7,0,0,0,0,,,,
RUE,2012,4,9,15,8.3,,,,,,,,936.7,,0.7,,177,4,174.1,0,0,0,0,,,,
RUE,2012,4,9,16,8.2,,,,,,,,936.4,,1.1,,99,1.6,98,0,0,0,0,,,,
RUE,2012,4,9,17,8.1,,,,,,,,935.9,,1.6,,59,0.9,58.5,0,0,0,0,,,,
RUE,2012,4,9,18,7.6,,,,,,,,935.5,,0.6,,5,0,5,0,0,0,0,,,,
RUE,2012,4,9,19,7.4,,,,,,,,935.4,,1.4,,0,0,0,0,0,0,0,,,,
RUE,2012,4,9,20,7.8,,,,,,,,934.9,,1.6,,0,0,0,0,0,0,0,,,,
RUE,2012,4,9,21,7.8,,,,,,,,934.5,,2.7,,0,0,0,0,0,0,0,,,,
RUE,2012,4,9,22,7.5,,,,,,,,933.9,,2.4,,0,0,0,0,0,0,0,,,,
RUE,2012,4,9,23,7.6,,,,,,,,933.3,,2.7,,0,0,0,0,0,0,0,,,,
RUE,2012,4,10,0,7.3,,,,,,,,932.9,,1.4,,0,0,0,0,0,0,0,,,,
RUE,2012,4,10,1,7.7,,,,,,,,932.4,,3.3,,0,0,0,0,0,0,0,,,,
RUE,2012,4,10,2,7.7,,,,,,,,932.1,,4.8,,0,0,0,0,0,0,0,,,,
RUE,2012,4,10,3,7.6,,,,,,,,931.8,,3.6,,0,0,0,0,0,0,0,,,,
RUE,2012,4,10,4,8.1,,,,,,,,931.3,,3.3,,0,0,0,0,0,0,0,,,,
RUE,2012,4,10,5,8,,,,,,,,931.1,,2.9,,27,0,0,0,0,0,0,,,,
RUE,2012,4,10,6,8.7,,,,,,,,930.9,,3.4,,131,0,0,0,0,0,0,,,,
RUE,2012,4,10,7,10,,,,,,,,930.4,,3.6,,280,0,0,0,0,0,0,,,,
RUE,2012,4,10,8,13.9,,,,,,,,929.9,,6.1,,549,2369.9,90.6,0,0,0,0,,,,
RUE,2012,4,10,9,15.8,,,,,,,,929.5,,4.7,,683,1576.5,112.7,0,0,0,0,,,,
RUE,2012,4,10,10,16,,,,,,,,928.7,,4.7,,731,1189.9,120.6,0,0,0,0,,,,
RUE,2012,4,10,11,15,,,,,,,,928.3,,4.9,,410,185.2,292.1,0,0,0,0,,,,
RUE,2012,4,10,12,16.1,,,,,,,,928.2,,4,,609,505.9,242.8,0,0,0,0,,,,
RUE,2012,4,10,13,16.2,,,,,,,,928.3,,4.3,,687,607.6,219.8,0,0,0,0,,,,
RUE,2012,4,10,14,14.1,,,,,,,,928.5,,5.1,,451,123.1,356.4,0,0,0,0,,,,
RUE,2012,4,10,15,13.3,,,,,,,,928.5,,3,,302,23.5,285,0,0,0,0,,,,
RUE,2012,4,10,16,12.2,,,,,,,,928.2,,2.6,,95,1.5,94.1,0,0,0,0,,,,
RUE,2012,4,10,17,11.3,,,,,,,,928,,2.1,,34,0.3,33.9,0,0,0,0,,,,
RUE,2012,4,10,18,9.4,,,,,,,,929,,3.1,,0,0,0,0,0,0,0,,,,
RUE,2012,4,10,19,8.6,,,,,,,,929.3,,3.9,,0,0,0,0,0,0,0,,,,
RUE,2012,4,10,20,9,,,,,,,,928.7,,4.4,,0,0,0,0,0,0,0,,,,
RUE,2012,4,10,21,9.2,,,,,,,,927.9,,5.3,,0,0,0,0,0,0,0,,,,
RUE,2012,4,10,22,9.2,,,,,,,,928.1,,3,,0,0,0,0,0,0,0,,,,
RUE,2012,4,10,23,7.9,,,,,,,,928.2,,3,,0,0,0,0,0,0,0,,,,
RUE,2012,4,11,0,6.9,,,,,,,,928.1,,2.8,,0,0,0,0,0,0,0,,,,
RUE,2012,4,11,1,6,,,,,,,,928.7,,3.2,,0,0,0,0,0,0,0,,,,
RUE,2012,4,11,2,5.1,,,,,,,,929.1,,3.4,,0,0,0,0,0,0,0,,,,
RUE,2012,4,11,3,4.3,,,,,,,,929.4,,3.2,,0,0,0,0,0,0,0,,,,
RUE,2012,4,11,4,3.9,,,,,,,,929.6,,3.4,,0,0,0,0,0,0,0,,,,
RUE,2012,4,11,5,4,,,,,,,,930.1,,2.4,,3,0,0,0,0,0,0,,,,
RUE,2012,4,11,6,4.2,,,,,,,,930.5,,1.6,,22,0,0,0,0,0,0,,,,
RUE,2012,4,11,7,3.9,,,,,,,,931,,2.7,,45,0,0,0,0,0,0,,,,
RUE,2012,4,11,8,3.9,,,,,,,,931.2,,1.8,,69,9.8,67,0,0,0,0,,,,
RUE,2012,4,11,9,4.9,,,,,,,,931.6,,1.7,,178,50.2,159.6,0,0,0,0,,,,
RUE,2012,4,11,10,4.6,,,,,,,,931.9,,2.5,,122,3.7,120.1,0,0,0,0,,,,
RUE,2012,4,11,11,5,,,,,,,,932.1,,1.2,,242,14.3,232.8,0,0,0,0,,,,
RUE,2012,4,11,12,6.6,,,,,,,,931.9,,1.9,,366,59.7,322.5,0,0,0,0,,,,
RUE,2012,4,11,13,7.4,,,,,,,,931.9,,1.7,,298,15.9,285.7,0,0,0,0,,,,
RUE,2012,4,11,14,8.1,,,,,,,,931.8,,1.9,,457,127.9,358.1,0,0,0,0,,,,
RUE,2012,4,11,15,7.6,,,,,,,,931.8,,1.3,,215,5.8,210.8,0,0,0,0,,,,
RUE,2012,4,11,16,7.2,,,,,,,,931.9,,2.7,,278,28.9,259.5,0,0,0,0,,,,
RUE,2012,4,11,17,6.7,,,,,,,,932,,2.6,,119,3.5,117.2,0,0,0,0,,,,
RUE,2012,4,11,18,5.5,,,,,,,,932.4,,1.1,,8,0,8,0,0,0,0,,,,
RUE,2012,4,11,19,5.4,,,,,,,,932.7,,1.7,,0,0,0,0,0,0,0,,,,
RUE,2012,4,11,20,5.8,,,,,,,,932.7,,2.8,,0,0,0,0,0,0,0,,,,
RUE,2012,4,11,21,5.1,,,,,,,,932.7,,1.2,,0,0,0,0,0,0,0,,,,
RUE,2012,4,11,22,4.8,,,,,,,,932.7,,0.7,,0,0,0,0,0,0,0,,,,
RUE,2012,4,11,23,4.3,,,,,,,,932.6,,1.5,,0,0,0,0,0,0,0,,,,
RUE,2012,4,12,0,4.4,,,,,,,,932.8,,1.2,,0,0,0,0,0,0,0,,,,
RUE,2012,4,12,1,4.7,,,,,,,,932.6,,0.9,,0,0,0,0,0,0,0,,,,
RUE,2012,4,12,2,4.3,,,,,,,,932.5,,0.8,,0,0,0,0,0,0,0,,,,
RUE,2012,4,12,3,3.8,,,,,,,,932.4,,0.8,,0,0,0,0,0,0,0,,,,
RUE,2012,4,12,4,4.1,,,,,,,,932.3,,1.4,,0,0,0,0,0,0,0,,,,
RUE,2012,4,12,5,3.8,,,,,,,,932.3,,1.4,,16,0,0,0,0,0,0,,,,
RUE,2012,4,12,6,4.3,,,,,,,,932.6,,0.7,,113,0,0,0,0,0,0,,,,
RUE,2012,4,12,7,5.7,,,,,,,,932.5,,1.8,,299,0,0,0,0,0,0,,,,
RUE,2012,4,12,8,6,,,,,,,,932.5,,2.1,,197,745.5,44.9,0,0,0,0,,,,
RUE,2012,4,12,9,6.1,,,,,,,,932.7,,2.3,,270,300.9,158.1,0,0,0,0,,,,
RUE,2012,4,12,10,6.3,,,,,,,,932.5,,2.2,,245,42.4,222.8,0,0,0,0,,,,
RUE,2012,4,12,11,6.4,,,,,,,,932.5,,2.4,,222,9.5,215.9,0,0,0,0,,,,
RUE,2012,4,12,12,6.3,,,,,,,,932.6,,1.7,,242,8.1,236.1,0,0,0,0,,,,
RUE,2012,4,12,13,6.3,,,,,,,,932.6,,1.2,,287,13,276.9,0,0,0,0,,,,
RUE,2012,4,12,14,6.7,,,,,,,,932.4,,0.7,,240,6.5,234.9,0,0,0,0,,,,
RUE,2012,4,12,15,6.8,,,,,,,,932.3,,1.1,,116,1.7,114.8,0,0,0,0,,,,
RUE,2012,4,12,16,6.8,,,,,,,,932.4,,0.7,,84,1.1,83.3,0,0,0,0,,,,
RUE,2012,4,12,17,6.1,,,,,,,,932.7,,1,,16,0.1,16,0,0,0,0,,,,
RUE,2012,4,12,18,5.8,,,,,,,,933,,1.7,,2,0,2,0,0,0,0,,,,
RUE,2012,4,12,19,5.7,,,,,,,,933.5,,1.3,,0,0,0,0,0,0,0,,,,
RUE,2012,4,12,20,5.5,,,,,,,,933.6,,1.1,,0,0,0,0,0,0,0,,,,
RUE,2012,4,12,21,5.1,,,,,,,,933.8,,2.3,,0,0,0,0,0,0,0,,,,
RUE,2012,4,12,22,4.7,,,,,,,,933.9,,2.7,,0,0,0,0,0,0,0,,,,
RUE,2012,4,12,23,4.6,,,,,,,,933.9,,1.3,,0,0,0,0,0,0,0,,,,
RUE,2012,4,13,0,4.3,,,,,,,,933.6,,0.8,,0,0,0,0,0,0,0,,,,
RUE,2012,4,13,1,4,,,,,,,,933.5,,1.2,,0,0,0,0,0,0,0,,,,
RUE,2012,4,13,2,3.8,,,,,,,,933.3,,1.5,,0,0,0,0,0,0,0,,,,
RUE,2012,4,13,3,3.6,,,,,,,,933.1,,1.7,,0,0,0,0,0,0,0,,,,
RUE,2012,4,13,4,3.3,,,,,,,,933,,1,,0,0,0,0,0,0,0,,,,
RUE,2012,4,13,5,3.1,,,,,,,,933,,1.3,,17,0,0,0,0,0,0,,,,
RUE,2012,4,13,6,4,,,,,,,,933.3,,1.9,,81,0,0,0,0,0,0,,,,
RUE,2012,4,13,7,4.4,,,,,,,,933.5,,2.2,,106,0,0,0,0,0,0,,,,
RUE,2012,4,13,8,5.7,,,,,,,,933.5,,1.7,,303,1209.2,50,0,0,0,0,,,,
RUE,2012,4,13,9,6.8,,,,,,,,933.3,,2.3,,538,1191.6,88.8,0,0,0,0,,,,
RUE,2012,4,13,10,7.9,,,,,,,,933.1,,2.3,,495,696.3,127.7,0,0,0,0,,,,
RUE,2012,4,13,11,9.4,,,,,,,,932.6,,2.7,,799,1026.1,131.8,0,0,0,0,,,,
RUE,2012,4,13,12,9,,,,,,,,932.4,,2.3,,327,32.3,303.2,0,0,0,0,,,,
RUE,2012,4,13,13,8.6,,,,,,,,932.2,,2,,241,6.5,235.9,0,0,0,0,,,,
RUE,2012,4,13,14,9.2,,,,,,,,931.8,,1.5,,347,32.6,321.6,0,0,0,0,,,,
RUE,2012,4,13,15,8.7,,,,,,,,931.7,,1.3,,104,1.3,103,0,0,0,0,,,,
RUE,2012,4,13,16,7.1,,,,,,,,931.7,,1.4,,17,0,17,0,0,0,0,,,,
RUE,2012,4,13,17,6.9,,,,,,,,931.6,,0.8,,18,0.1,18,0,0,0,0,,,,
RUE,2012,4,13,18,7,,,,,,,,931.5,,0.5,,3,0,3,0,0,0,0,,,,
RUE,2012,4,13,19,6.8,,,,,,,,931.6,,0.6,,0,0,0,0,0,0,0,,,,
RUE,2012,4,13,20,6.6,,,,,,,,931.5,,0.4,,0,0,0,0,0,0,0,,,,
RUE,2012,4,13,21,6.5,,,,,,,,931.4,,0.5,,0,0,0,0,0,0,0,,,,
RUE,2012,4,13,22,6.2,,,,,,,,931.2,,0.6,,0,0,0,0,0,0,0,,,,
RUE,2012,4,13,23,6.2,,,,,,,,931,,0.4,,0,0,0,0,0,0,0,,,,
RUE,2012,4,14,0,5.4,,,,,,,,930.4,,0.4,,0,0,0,0,0,0,0,,,,
RUE,2012,4,14,1,4.9,,,,,,,,930.2,,1,,0,0,0,0,0,0,0,,,,
RUE,2012,4,14,2,4.8,,,,,,,,930.1,,0.8,,0,0,0,0,0,0,0,,,,
RUE,2012,4,14,3,4.7,,,,,,,,929.7,,0.9,,0,0,0,0,0,0,0,,,,
RUE,2012,4,14,4,4.6,,,,,,,,929.4,,0.8,,0,0,0,0,0,0,0,,,,
RUE,2012,4,14,5,4.4,,,,,,,,929.1,,0.4,,26,0,0,0,0,0,0,,,,
RUE,2012,4,14,6,4.8,,,,,,,,929.2,,0.5,,86,0,0,0,0,0,0,,,,
RUE,2012,4,14,7,5.6,,,,,,,,929.1,,0.6,,127,0,0,0,0,0,0,,,,
RUE,2012,4,14,8,6.4,,,,,,,,929,,0.4,,211,778.7,44,0,0,0,0,,,,
RUE,2012,4,14,9,7.4,,,,,,,,928.9,,1.2,,216,105.1,175.8,0,0,0,0,,,,
RUE,2012,4,14,10,7.8,,,,,,,,928.6,,2.3,,184,9.7,178.8,0,0,0,0,,,,
RUE,2012,4,14,11,7.8,,,,,,,,928.4,,3,,163,4.1,160.3,0,0,0,0,,,,
RUE,2012,4,14,12,7.9,,,,,,,,928.3,,2.7,,149,2.7,147,0,0,0,0,,,,
RUE,2012,4,14,13,7.4,,,,,,,,928.4,,2.7,,143,2.2,141.3,0,0,0,0,,,,
RUE,2012,4,14,14,6.9,,,,,,,,928.4,,3.1,,130,1.8,128.6,0,0,0,0,,,,
RUE,2012,4,14,15,6.6,,,,,,,,928.2,,2.2,,58,0.4,57.7,0,0,0,0,,,,
RUE,2012,4,14,16,6.3,,,,,,,,928.3,,1.6,,15,0,15,0,0,0,0,,,,
RUE,2012,4,14,17,5.8,,,,,,,,928.3,,2.5,,6,0,6,0,0,0,0,,,,
RUE,2012,4,14,18,5.8,,,,,,,,928.5,,2.9,,0,0,0,0,0,0,0,,,,
RUE,2012,4,14,19,5.7,,,,,,,,928.8,,2.3,,0,0,0,0,0,0,0,,,,
RUE,2012,4,14,20,5.5,,,,,,,,928.9,,2,,0,0,0,0,0,0,0,,,,
RUE,2012,4,14,21,5.4,,,,,,,,928.8,,2.8,,0,0,0,0,0,0,0,,,,
RUE,2012,4,14,22,5.2,,,,,,,,928.7,,2.5,,0,0,0,0,0,0,0,,,,
RUE,2012,4,14,23,5.1,,,,,,,,928.5,,2.1,,0,0,0,0,0,0,0,,,,
RUE,2012,4,15,0,5,,,,,,,,928.3,,1.6,,0,0,0,0,0,0,0,,,,
RUE,2012,4,15,1,4.9,,,,,,,,928,,1.5,,0,0,0,0,0,0,0,,,,
RUE,2012,4,15,2,4.7,,,,,,,,928,,1.3,,0,0,0,0,0,0,0,,,,
RUE,2012,4,15,3,4.5,,,,,,,,927.9,,1.5,,0,0,0,0,0,0,0,,,,
RUE,2012,4,15,4,4.4,,,,,,,,928,,1.5,,0,0,0,0,0,0,0,,,,
RUE,2012,4,15,5,4.4,,,,,,,,928.3,,1.3,,1,0,0,0,0,0,0,,,,
RUE,2012,4,15,6,4.5,,,,,,,,928.8,,1.1,,6,0,0,0,0,0,0,,,,
RUE,2012,4,15,7,4.8,,,,,,,,929.3,,0.6,,20,0,0,0,0,0,0,,,,
RUE,2012,4,15,8,5.1,,,,,,,,929.7,,0.9,,27,1,26.8,0,0,0,0,,,,
RUE,2012,4,15,9,5.3,,,,,,,,930.1,,1.4,,69,2.1,68.2,0,0,0,0,,,,
RUE,2012,4,15,10,5.7,,,,,,,,930.5,,1.6,,94,2,92.9,0,0,0,0,,,,
RUE,2012,4,15,11,5.9,,,,,,,,930.7,,1.8,,78,0.9,77.4,0,0,0,0,,,,
RUE,2012,4,15,12,5.8,,,,,,,,931.1,,2.5,,51,0.3,50.8,0,0,0,0,,,,
RUE,2012,4,15,13,5.8,,,,,,,,931.5,,3,,46,0.2,45.8,0,0,0,0,,,,
RUE,2012,4,15,14,5.7,,,,,,,,931.9,,2.1,,43,0.2,42.8,0,0,0,0,,,,
RUE,2012,4,15,15,5.6,,,,,,,,932.5,,1.7,,37,0.2,36.9,0,0,0,0,,,,
RUE,2012,4,15,16,5.7,,,,,,,,933.1,,1.9,,25,0.1,24.9,0,0,0,0,,,,
RUE,2012,4,15,17,5.7,,,,,,,,933.7,,1.5,,8,0,8,0,0,0,0,,,,
RUE,2012,4,15,18,5.5,,,,,,,,934.6,,2,,0,0,0,0,0,0,0,,,,
RUE,2012,4,15,19,5.2,,,,,,,,935.6,,1.1,,0,0,0,0,0,0,0,,,,
RUE,2012,4,15,20,5.1,,,,,,,,936.3,,1.4,,0,0,0,0,0,0,0,,,,
RUE,2012,4,15,21,4.8,,,,,,,,936.7,,2.1,,0,0,0,0,0,0,0,,,,
RUE,2012,4,15,22,4.6,,,,,,,,937.2,,1.6,,0,0,0,0,0,0,0,,,,
RUE,2012,4,15,23,4.5,,,,,,,,937.6,,1.3,,0,0,0,0,0,0,0,,,,
RUE,2012,4,16,0,4.5,,,,,,,,937.9,,0.7,,0,0,0,0,0,0,0,,,,
RUE,2012,4,16,1,4.4,,,,,,,,938.1,,0.9,,0,0,0,0,0,0,0,,,,
RUE,2012,4,16,2,4.3,,,,,,,,938.3,,2.2,,0,0,0,0,0,0,0,,,,
RUE,2012,4,16,3,4,,,,,,,,938.6,,1.9,,0,0,0,0,0,0,0,,,,
RUE,2012,4,16,4,3.9,,,,,,,,939.1,,0.8,,0,0,0,0,0,0,0,,,,
RUE,2012,4,16,5,4,,,,,,,,939.6,,0.9,,1,0,0,0,0,0,0,,,,
RUE,2012,4,16,6,4,,,,,,,,940.3,,1.2,,19,0,0,0,0,0,0,,,,
RUE,2012,4,16,7,4.1,,,,,,,,940.8,,1.1,,29,40.6,26.8,0,0,0,0,,,,
RUE,2012,4,16,8,4.1,,,,,,,,941.5,,1.3,,52,3.6,51.2,0,0,0,0,,,,
RUE,2012,4,16,9,4.2,,,,,,,,942,,2.1,,71,2.2,70.1,0,0,0,0,,,,
RUE,2012,4,16,10,4.4,,,,,,,,942.3,,3.2,,87,1.7,86.1,0,0,0,0,,,,
RUE,2012,4,16,11,4.1,,,,,,,,942.7,,2.7,,75,0.8,74.4,0,0,0,0,,,,
RUE,2012,4,16,12,3.6,,,,,,,,943.2,,1.5,,55,0.4,54.7,0,0,0,0,,,,
RUE,2012,4,16,13,3.3,,,,,,,,943.6,,2.2,,67,0.5,66.6,0,0,0,0,,,,
RUE,2012,4,16,14,3.5,,,,,,,,943.8,,2.5,,59,0.4,58.7,0,0,0,0,,,,
RUE,2012,4,16,15,3.6,,,,,,,,944.2,,2.3,,44,0.2,43.8,0,0,0,0,,,,
RUE,2012,4,16,16,3.4,,,,,,,,944.5,,2.3,,36,0.2,35.9,0,0,0,0,,,,
RUE,2012,4,16,17,3.2,,,,,,,,944.8,,2.3,,11,0,11,0,0,0,0,,,,
RUE,2012,4,16,18,3.1,,,,,,,,945,,1.7,,1,0,1,0,0,0,0,,,,
RUE,2012,4,16,19,2.9,,,,,,,,945.6,,2.2,,0,0,0,0,0,0,0,,,,
RUE,2012,4,16,20,2.8,,,,,,,,945.9,,1.7,,0,0,0,0,0,0,0,,,,
RUE,2012,4,16,21,2.6,,,,,,,,945.9,,0.5,,0,0,0,0,0,0,0,,,,
RUE,2012,4,16,22,2.5,,,,,,,,945.7,,0.3,,0,0,0,0,0,0,0,,,,
RUE,2012,4,16,23,2.4,,,,,,,,945.6,,0.6,,0,0,0,0,0,0,0,,,,
RUE,2012,4,17,0,2.3,,,,,,,,945.2,,0.6,,0,0,0,0,0,0,0,,,,
RUE,2012,4,17,1,2,,,,,,,,944.6,,0.4,,0,0,0,0,0,0,0,,,,
RUE,2012,4,17,2,1.4,,,,,,,,944.1,,0.6,,0,0,0,0,0,0,0,,,,
RUE,2012,4,17,3,0.8,,,,,,,,943.6,,0.7,,0,0,0,0,0,0,0,,,,
RUE,2012,4,17,4,0.9,,,,,,,,943.2,,0.6,,0,0,0,0,0,0,0,,,,
RUE,2012,4,17,5,0,,,,,,,,942.9,,0.5,,38,0,0,0,0,0,0,,,,
RUE,2012,4,17,6,0.8,,,,,,,,942.9,,0.4,,127,0,0,0,0,0,0,,,,
RUE,2012,4,17,7,2.6,,,,,,,,942.4,,1.1,,359,5129.5,59.2,0,0,0,0,,,,
RUE,2012,4,17,8,4.1,,,,,,,,941.9,,1.4,,548,1993.6,90.4,0,0,0,0,,,,
RUE,2012,4,17,9,5.2,,,,,,,,941.5,,1.5,,632,1331.2,104.3,0,0,0,0,,,,
RUE,2012,4,17,10,6.1,,,,,,,,940.9,,1,,629,962.1,103.8,0,0,0,0,,,,
RUE,2012,4,17,11,7,,,,,,,,940,,0.8,,632,714.2,155.2,0,0,0,0,,,,
RUE,2012,4,17,12,8,,,,,,,,939.2,,1.7,,540,289.4,322.1,0,0,0,0,,,,
RUE,2012,4,17,13,8.2,,,,,,,,938.2,,1.7,,506,176.8,365.1,0,0,0,0,,,,
RUE,2012,4,17,14,8.9,,,,,,,,937.1,,1.9,,457,113.8,366.5,0,0,0,0,,,,
RUE,2012,4,17,15,9.1,,,,,,,,936.1,,2.2,,356,46,321.6,0,0,0,0,,,,
RUE,2012,4,17,16,9.1,,,,,,,,935.4,,1.9,,228,9.7,221.6,0,0,0,0,,,,
RUE,2012,4,17,17,8.8,,,,,,,,934.7,,3,,146,4.9,143.4,0,0,0,0,,,,
RUE,2012,4,17,18,7.1,,,,,,,,934.3,,1.9,,12,0.1,12,0,0,0,0,,,,
RUE,2012,4,17,19,6.6,,,,,,,,934.1,,2.5,,0,0,0,0,0,0,0,,,,
RUE,2012,4,17,20,6.8,,,,,,,,933.9,,2.6,,0,0,0,0,0,0,0,,,,
RUE,2012,4,17,21,6,,,,,,,,933.6,,1,,0,0,0,0,0,0,0,,,,
RUE,2012,4,17,22,6,,,,,,,,933.2,,0.7,,0,0,0,0,0,0,0,,,,
RUE,2012,4,17,23,5.8,,,,,,,,932.9,,1.1,,0,0,0,0,0,0,0,,,,
RUE,2012,4,18,0,5,,,,,,,,932.4,,1.3,,0,0,0,0,0,0,0,,,,
RUE,2012,4,18,1,4.2,,,,,,,,932.1,,1.6,,0,0,0,0,0,0,0,,,,
RUE,2012,4,18,2,4,,,,,,,,931.7,,1.6,,0,0,0,0,0,0,0,,,,
RUE,2012,4,18,3,3.9,,,,,,,,931.2,,2.6,,0,0,0,0,0,0,0,,,,
RUE,2012,4,18,4,4.2,,,,,,,,930.7,,2.2,,0,0,0,0,0,0,0,,,,
RUE,2012,4,18,5,4.2,,,,,,,,930.4,,1.7,,24,0,0,0,0,0,0,,,,
RUE,2012,4,18,6,4.8,,,,,,,,930.2,,2.6,,106,0,0,0,0,0,0,,,,
RUE,2012,4,18,7,5.5,,,,,,,,929.9,,1.9,,161,2121.3,26.6,0,0,0,0,,,,
RUE,2012,4,18,8,5.9,,,,,,,,929.6,,1.4,,155,209.5,105.9,0,0,0,0,,,,
RUE,2012,4,18,9,6.1,,,,,,,,929.2,,1.4,,218,88.2,182.6,0,0,0,0,,,,
RUE,2012,4,18,10,7.2,,,,,,,,928.6,,2.8,,319,118.6,253.7,0,0,0,0,,,,
RUE,2012,4,18,11,8.2,,,,,,,,927.7,,4.8,,571,527.8,216.4,0,0,0,0,,,,
RUE,2012,4,18,12,9.6,,,,,,,,927,,4.9,,660,570.5,228.1,0,0,0,0,,,,
RUE,2012,4,18,13,10.6,,,,,,,,926.2,,3.9,,779,762.4,168.8,0,0,0,0,,,,
RUE,2012,4,18,14,11,,,,,,,,925.3,,3.6,,545,238.3,354.7,0,0,0,0,,,,
RUE,2012,4,18,15,10.4,,,,,,,,924.8,,2.7,,245,7.8,239.2,0,0,0,0,,,,
RUE,2012,4,18,16,10.7,,,,,,,,924.3,,3.1,,242,12.3,233.8,0,0,0,0,,,,
RUE,2012,4,18,17,9.7,,,,,,,,924.1,,3.5,,99,2.2,97.8,0,0,0,0,,,,
RUE,2012,4,18,18,8.8,,,,,,,,923.9,,3.6,,19,0.2,18.9,0,0,0,0,,,,
RUE,2012,4,18,19,8.3,,,,,,,,924.1,,3,,0,0,0,0,0,0,0,,,,
RUE,2012,4,18,20,7.2,,,,,,,,924,,1.2,,0,0,0,0,0,0,0,,,,
RUE,2012,4,18,21,7,,,,,,,,923.9,,1,,0,0,0,0,0,0,0,,,,
RUE,2012,4,18,22,6.5,,,,,,,,923.8,,2.3,,0,0,0,0,0,0,0,,,,
RUE,2012,4,18,23,6.1,,,,,,,,923.6,,2.2,,0,0,0,0,0,0,0,,,,
RUE,2012,4,19,0,5.6,,,,,,,,923.2,,2.5,,0,0,0,0,0,0,0,,,,
RUE,2012,4,19,1,4.6,,,,,,,,923.1,,1.1,,0,0,0,0,0,0,0,,,,
RUE,2012,4,19,2,6,,,,,,,,922.8,,1.3,,0,0,0,0,0,0,0,,,,
RUE,2012,4,19,3,6.6,,,,,,,,922.7,,2.4,,0,0,0,0,0,0,0,,,,
RUE,2012,4,19,4,5.8,,,,,,,,922.7,,1.9,,0,0,0,0,0,0,0,,,,
RUE,2012,4,19,5,5.3,,,,,,,,923,,0.7,,12,0,0,0,0,0,0,,,,
RUE,2012,4,19,6,5.6,,,,,,,,923.4,,0.9,,41,0,0,0,0,0,0,,,,
RUE,2012,4,19,7,6,,,,,,,,923.7,,2.5,,118,1443.2,19.5,0,0,0,0,,,,
RUE,2012,4,19,8,6.3,,,,,,,,924,,2.4,,155,192.8,108.9,0,0,0,0,,,,
RUE,2012,4,19,9,6.1,,,,,,,,924.3,,3.6,,252,161.2,186.6,0,0,0,0,,,,
RUE,2012,4,19,10,7.3,,,,,,,,923.9,,4.9,,536,750.7,119.6,0,0,0,0,,,,
RUE,2012,4,19,11,8.4,,,,,,,,923.6,,3.5,,519,375,265.6,0,0,0,0,,,,
RUE,2012,4,19,12,9.5,,,,,,,,923.5,,3,,582,369.7,300.7,0,0,0,0,,,,
RUE,2012,4,19,13,9,,,,,,,,923.5,,4.1,,232,5.5,227.5,0,0,0,0,,,,
RUE,2012,4,19,14,8.8,,,,,,,,923.4,,2.4,,354,31.8,328.5,0,0,0,0,,,,
RUE,2012,4,19,15,9.6,,,,,,,,923.3,,2.6,,501,212.2,340.6,0,0,0,0,,,,
RUE,2012,4,19,16,10.1,,,,,,,,923.2,,1.4,,359,83.9,303,0,0,0,0,,,,
RUE,2012,4,19,17,9.3,,,,,,,,923.5,,4.3,,128,3.7,126,0,0,0,0,,,,
RUE,2012,4,19,18,7.8,,,,,,,,924.1,,2.5,,8,0,8,0,0,0,0,,,,
RUE,2012,4,19,19,6.5,,,,,,,,925.1,,2.9,,0,0,0,0,0,0,0,,,,
RUE,2012,4,19,20,5.9,,,,,,,,925.5,,0.8,,0,0,0,0,0,0,0,,,,
RUE,2012,4,19,21,5.9,,,,,,,,925.7,,1.4,,0,0,0,0,0,0,0,,,,
RUE,2012,4,19,22,6,,,,,,,,925.7,,0.7,,0,0,0,0,0,0,0,,,,
RUE,2012,4,19,23,5.5,,,,,,,,925.9,,1.3,,0,0,0,0,0,0,0,,,,
RUE,2012,4,20,0,5.5,,,,,,,,925.9,,1.6,,0,0,0,0,0,0,0,,,,
RUE,2012,4,20,1,5.4,,,,,,,,926.1,,0.5,,0,0,0,0,0,0,0,,,,
RUE,2012,4,20,2,5.6,,,,,,,,926.2,,0.4,,0,0,0,0,0,0,0,,,,
RUE,2012,4,20,3,5,,,,,,,,926.2,,0.6,,0,0,0,0,0,0,0,,,,
RUE,2012,4,20,4,5,,,,,,,,926.4,,0.8,,1,0,0,0,0,0,0,,,,
RUE,2012,4,20,5,4.9,,,,,,,,927,,0.6,,20,0,0,0,0,0,0,,,,
RUE,2012,4,20,6,5.7,,,,,,,,927.6,,0.3,,110,0,0,0,0,0,0,,,,
RUE,2012,4,20,7,6.1,,,,,,,,928,,1.4,,123,1404.6,20.3,0,0,0,0,,,,
RUE,2012,4,20,8,5.6,,,,,,,,928.6,,1.8,,88,11.8,85.1,0,0,0,0,,,,
RUE,2012,4,20,9,5.7,,,,,,,,929.3,,2.6,,302,321.4,170.2,0,0,0,0,,,,
RUE,2012,4,20,10,7.3,,,,,,,,929.3,,2.5,,411,320,232.1,0,0,0,0,,,,
RUE,2012,4,20,11,8.7,,,,,,,,929.3,,3.6,,585,549.5,211.4,0,0,0,0,,,,
RUE,2012,4,20,12,8.3,,,,,,,,929.4,,2.9,,268,10.4,260,0,0,0,0,,,,
RUE,2012,4,20,13,7.7,,,,,,,,929.8,,2,,396,54,352.4,0,0,0,0,,,,
RUE,2012,4,20,14,6.7,,,,,,,,930.1,,3.7,,350,29.5,326.3,0,0,0,0,,,,
RUE,2012,4,20,15,8.9,,,,,,,,930.4,,2.8,,417,93,346.4,0,0,0,0,,,,
RUE,2012,4,20,16,8.1,,,,,,,,930.7,,3.2,,94,1.3,93.1,0,0,0,0,,,,
RUE,2012,4,20,17,7.4,,,,,,,,931.1,,1.1,,67,1,66.5,0,0,0,0,,,,
RUE,2012,4,20,18,7,,,,,,,,931.5,,1.5,,10,0,10,0,0,0,0,,,,
RUE,2012,4,20,19,6.1,,,,,,,,932.2,,0.9,,0,0,0,0,0,0,0,,,,
RUE,2012,4,20,20,5.8,,,,,,,,932.5,,1.1,,0,0,0,0,0,0,0,,,,
RUE,2012,4,20,21,5.5,,,,,,,,932.4,,1.5,,0,0,0,0,0,0,0,,,,
RUE,2012,4,20,22,6.2,,,,,,,,932.5,,2.6,,0,0,0,0,0,0,0,,,,
RUE,2012,4,20,23,6.2,,,,,,,,932.6,,2.6,,0,0,0,0,0,0,0,,,,
RUE,2012,4,21,0,6.7,,,,,,,,932.5,,3.5,,0,0,0,0,0,0,0,,,,
RUE,2012,4,21,1,6.7,,,,,,,,932.5,,3.7,,0,0,0,0,0,0,0,,,,
RUE,2012,4,21,2,6.6,,,,,,,,932.5,,4.7,,0,0,0,0,0,0,0,,,,
RUE,2012,4,21,3,6.4,,,,,,,,932.5,,5.1,,0,0,0,0,0,0,0,,,,
RUE,2012,4,21,4,5.9,,,,,,,,932.8,,4.5,,0,0,0,0,0,0,0,,,,
RUE,2012,4,21,5,5.8,,,,,,,,933.1,,3.2,,49,0,0,0,0,0,0,,,,
RUE,2012,4,21,6,7.1,,,,,,,,933.4,,3.3,,259,0,0,0,0,0,0,,,,
RUE,2012,4,21,7,7.7,,,,,,,,933.5,,5,,368,3943.4,60.7,0,0,0,0,,,,
RUE,2012,4,21,8,8.4,,,,,,,,933.6,,5.6,,441,1480.1,72.8,0,0,0,0,,,,
RUE,2012,4,21,9,9.4,,,,,,,,933.6,,6.3,,541,1089.2,89.3,0,0,0,0,,,,
RUE,2012,4,21,10,10.2,,,,,,,,933.4,,4.9,,506,624.6,154.3,0,0,0,0,,,,
RUE,2012,4,21,11,11.6,,,,,,,,933.1,,6.5,,524,373.2,268.8,0,0,0,0,,,,
RUE,2012,4,21,12,11.9,,,,,,,,932.7,,8.3,,588,371.4,302.6,0,0,0,0,,,,
RUE,2012,4,21,13,12.6,,,,,,,,932,,8.9,,616,361.4,322.9,0,0,0,0,,,,
RUE,2012,4,21,14,13.4,,,,,,,,931.5,,9.6,,666,477.9,279.4,0,0,0,0,,,,
RUE,2012,4,21,15,11.6,,,,,,,,931.6,,7,,259,9.2,252,0,0,0,0,,,,
RUE,2012,4,21,16,11.1,,,,,,,,931.4,,3.8,,59,0.5,58.7,0,0,0,0,,,,
RUE,2012,4,21,17,9.2,,,,,,,,932.4,,7.9,,22,0.1,21.9,0,0,0,0,,,,
RUE,2012,4,21,18,6.2,,,,,,,,934.1,,5.9,,1,0,1,0,0,0,0,,,,
RUE,2012,4,21,19,5.7,,,,,,,,934.8,,2.9,,0,0,0,0,0,0,0,,,,
RUE,2012,4,21,20,5.7,,,,,,,,935.9,,2.6,,0,0,0,0,0,0,0,,,,
RUE,2012,4,21,21,5.4,,,,,,,,936.5,,2.9,,0,0,0,0,0,0,0,,,,
RUE,2012,4,21,22,5.5,,,,,,,,937,,2.2,,0,0,0,0,0,0,0,,,,
RUE,2012,4,21,23,5.5,,,,,,,,937.5,,2.7,,0,0,0,0,0,0,0,,,,
RUE,2012,4,22,0,4.9,,,,,,,,937.4,,2.5,,0,0,0,0,0,0,0,,,,
RUE,2012,4,22,1,5.3,,,,,,,,937.4,,3.8,,0,0,0,0,0,0,0,,,,
RUE,2012,4,22,2,5,,,,,,,,937.5,,3,,0,0,0,0,0,0,0,,,,
RUE,2012,4,22,3,4.5,,,,,,,,937.6,,2.7,,0,0,0,0,0,0,0,,,,
RUE,2012,4,22,4,4.3,,,,,,,,937.5,,1.8,,1,0,0,0,0,0,0,,,,
RUE,2012,4,22,5,4.3,,,,,,,,937.8,,2.6,,21,0,0,0,0,0,0,,,,
RUE,2012,4,22,6,4.2,,,,,,,,938.3,,3,,80,0,0,0,0,0,0,,,,
RUE,2012,4,22,7,4.4,,,,,,,,939,,2.5,,92,929.2,15.2,0,0,0,0,,,,
RUE,2012,4,22,8,5,,,,,,,,939.6,,1.9,,167,208.1,114.3,0,0,0,0,,,,
RUE,2012,4,22,9,6.6,,,,,,,,939.8,,3,,536,1067.8,88.4,0,0,0,0,,,,
RUE,2012,4,22,10,6.1,,,,,,,,939.8,,2.9,,459,451.7,202.8,0,0,0,0,,,,
RUE,2012,4,22,11,7.4,,,,,,,,939.5,,5,,633,667.8,173.8,0,0,0,0,,,,
RUE,2012,4,22,12,8,,,,,,,,939.4,,2.8,,563,311.2,322.8,0,0,0,0,,,,
RUE,2012,4,22,13,7.2,,,,,,,,939.4,,2.7,,346,26.4,324.5,0,0,0,0,,,,
RUE,2012,4,22,14,5.9,,,,,,,,939.5,,3.6,,255,6.9,249.4,0,0,0,0,,,,
RUE,2012,4,22,15,6.7,,,,,,,,939.5,,2.9,,319,24,300.7,0,0,0,0,,,,
RUE,2012,4,22,16,6.4,,,,,,,,939.5,,3.8,,180,4.7,176.8,0,0,0,0,,,,
RUE,2012,4,22,17,6.8,,,,,,,,939.2,,2.6,,160,5.6,156.9,0,0,0,0,,,,
RUE,2012,4,22,18,5.8,,,,,,,,939.2,,2,,20,0.2,19.9,0,0,0,0,,,,
RUE,2012,4,22,19,5.1,,,,,,,,939.5,,1.9,,0,0,0,0,0,0,0,,,,
RUE,2012,4,22,20,5.5,,,,,,,,939.7,,1,,0,0,0,0,0,0,0,,,,
RUE,2012,4,22,21,5.5,,,,,,,,939.6,,1.4,,0,0,0,0,0,0,0,,,,
RUE,2012,4,22,22,5.6,,,,,,,,939.5,,0.7,,0,0,0,0,0,0,0,,,,
RUE,2012,4,22,23,5.3,,,,,,,,939.4,,0.7,,0,0,0,0,0,0,0,,,,
RUE,2012,4,23,0,4.8,,,,,,,,939.3,,1.1,,0,0,0,0,0,0,0,,,,
RUE,2012,4,23,1,4.3,,,,,,,,938.9,,0.7,,0,0,0,0,0,0,0,,,,
RUE,2012,4,23,2,4.3,,,,,,,,938.8,,1.4,,0,0,0,0,0,0,0,,,,
RUE,2012,4,23,3,4.2,,,,,,,,938.4,,1.8,,0,0,0,0,0,0,0,,,,
RUE,2012,4,23,4,4,,,,,,,,937.9,,1.7,,1,0,0,0,0,0,0,,,,
RUE,2012,4,23,5,4.3,,,,,,,,937.7,,2,,40,0,0,0,0,0,0,,,,
RUE,2012,4,23,6,4.9,,,,,,,,937.6,,2.5,,118,0,0,0,0,0,0,,,,
RUE,2012,4,23,7,5.6,,,,,,,,937.3,,2,,178,1701.3,29.4,0,0,0,0,,,,
RUE,2012,4,23,8,6.5,,,,,,,,936.9,,2.4,,410,1326.9,67.7,0,0,0,0,,,,
RUE,2012,4,23,9,7.1,,,,,,,,936.3,,2.8,,444,873.1,74.3,0,0,0,0,,,,
RUE,2012,4,23,10,7.5,,,,,,,,935.7,,2.1,,423,329.8,234.6,0,0,0,0,,,,
RUE,2012,4,23,11,9.2,,,,,,,,934.6,,3.5,,629,647.5,181.3,0,0,0,0,,,,
RUE,2012,4,23,12,10,,,,,,,,933.6,,3.7,,600,387.2,299.7,0,0,0,0,,,,
RUE,2012,4,23,13,10.7,,,,,,,,932.6,,4,,753,668.7,206.1,0,0,0,0,,,,
RUE,2012,4,23,14,11,,,,,,,,931.6,,3.3,,473,120,375.1,0,0,0,0,,,,
RUE,2012,4,23,15,11,,,,,,,,930.7,,2.9,,245,7.3,239.4,0,0,0,0,,,,
RUE,2012,4,23,16,9.3,,,,,,,,930.8,,5,,84,1,83.3,0,0,0,0,,,,
RUE,2012,4,23,17,8.5,,,,,,,,930.9,,6.4,,34,0.2,33.9,0,0,0,0,,,,
RUE,2012,4,23,18,7,,,,,,,,930.7,,5.5,,1,0,1,0,0,0,0,,,,
RUE,2012,4,23,19,6.5,,,,,,,,930.8,,4.2,,0,0,0,0,0,0,0,,,,
RUE,2012,4,23,20,6.4,,,,,,,,930.4,,2.6,,0,0,0,0,0,0,0,,,,
RUE,2012,4,23,21,6.2,,,,,,,,930.1,,1.6,,0,0,0,0,0,0,0,,,,
RUE,2012,4,23,22,5.8,,,,,,,,930.2,,1.4,,0,0,0,0,0,0,0,,,,
RUE,2012,4,23,23,5.2,,,,,,,,929.6,,1.4,,0,0,0,0,0,0,0,,,,
RUE,2012,4,24,0,6.7,,,,,,,,929,,3.5,,0,0,0,0,0,0,0,,,,
RUE,2012,4,24,1,6.5,,,,,,,,928.4,,5.2,,0,0,0,0,0,0,0,,,,
RUE,2012,4,24,2,6.2,,,,,,,,928.2,,4.2,,0,0,0,0,0,0,0,,,,
RUE,2012,4,24,3,5.9,,,,,,,,927.6,,3.7,,0,0,0,0,0,0,0,,,,
RUE,2012,4,24,4,6.1,,,,,,,,927.1,,2.8,,0,0,0,0,0,0,0,,,,
RUE,2012,4,24,5,6.4,,,,,,,,926.9,,4.9,,13,0,0,0,0,0,0,,,,
RUE,2012,4,24,6,6.7,,,,,,,,926.8,,7.3,,51,0,0,0,0,0,0,,,,
RUE,2012,4,24,7,7,,,,,,,,927,,7.1,,114,1034.8,18.8,0,0,0,0,,,,
RUE,2012,4,24,8,6.6,,,,,,,,927.2,,7.9,,159,145.9,120.7,0,0,0,0,,,,
RUE,2012,4,24,9,6.7,,,,,,,,927.8,,7.7,,217,64.3,189.5,0,0,0,0,,,,
RUE,2012,4,24,10,7,,,,,,,,928.4,,7.2,,370,188.6,261.5,0,0,0,0,,,,
RUE,2012,4,24,11,8.2,,,,,,,,928.5,,7.4,,522,348,280,0,0,0,0,,,,
RUE,2012,4,24,12,8.5,,,,,,,,928.8,,6.7,,496,180.8,355.1,0,0,0,0,,,,
RUE,2012,4,24,13,9.5,,,,,,,,929.3,,7.9,,638,393.7,314.7,0,0,0,0,,,,
RUE,2012,4,24,14,8.1,,,,,,,,930,,6.8,,262,7.4,256,0,0,0,0,,,,
RUE,2012,4,24,15,7.9,,,,,,,,930.8,,5.3,,226,5.7,221.6,0,0,0,0,,,,
RUE,2012,4,24,16,7.4,,,,,,,,931.6,,4.3,,64,0.6,63.6,0,0,0,0,,,,
RUE,2012,4,24,17,5.7,,,,,,,,932.7,,2.9,,18,0.1,18,0,0,0,0,,,,
RUE,2012,4,24,18,5,,,,,,,,933.6,,1.2,,4,0,4,0,0,0,0,,,,
RUE,2012,4,24,19,5.3,,,,,,,,934.5,,2.9,,0,0,0,0,0,0,0,,,,
RUE,2012,4,24,20,5,,,,,,,,935.5,,3,,0,0,0,0,0,0,0,,,,
RUE,2012,4,24,21,4.3,,,,,,,,936,,3.6,,0,0,0,0,0,0,0,,,,
RUE,2012,4,24,22,4.6,,,,,,,,936.5,,3.8,,0,0,0,0,0,0,0,,,,
RUE,2012,4,24,23,4.6,,,,,,,,936.5,,4.1,,0,0,0,0,0,0,0,,,,
RUE,2012,4,25,0,5.3,,,,,,,,936.5,,2.7,,0,0,0,0,0,0,0,,,,
RUE,2012,4,25,1,4.7,,,,,,,,936.2,,1.2,,0,0,0,0,0,0,0,,,,
RUE,2012,4,25,2,4.3,,,,,,,,936,,1.3,,0,0,0,0,0,0,0,,,,
RUE,2012,4,25,3,4.1,,,,,,,,935.5,,1.6,,0,0,0,0,0,0,0,,,,
RUE,2012,4,25,4,3.9,,,,,,,,934.9,,2,,3,0,0,0,0,0,0,,,,
RUE,2012,4,25,5,4.2,,,,,,,,934.9,,1.8,,81,0,0,0,0,0,0,,,,
RUE,2012,4,25,6,5.6,,,,,,,,935,,1.9,,264,0,0,0,0,0,0,,,,
RUE,2012,4,25,7,7.1,,,,,,,,935,,2.9,,416,3597.3,68.6,0,0,0,0,,,,
RUE,2012,4,25,8,7.9,,,,,,,,934.8,,3.5,,518,1620.4,85.5,0,0,0,0,,,,
RUE,2012,4,25,9,8.8,,,,,,,,934.6,,2.9,,524,1013,86.5,0,0,0,0,,,,
RUE,2012,4,25,10,8.9,,,,,,,,934.5,,1.7,,390,228.4,257.7,0,0,0,0,,,,
RUE,2012,4,25,11,9.9,,,,,,,,934.1,,2.2,,340,52.5,303.3,0,0,0,0,,,,
RUE,2012,4,25,12,10.4,,,,,,,,933.9,,2.1,,220,5.3,215.9,0,0,0,0,,,,
RUE,2012,4,25,13,10.7,,,,,,,,934.1,,2.7,,173,2.9,170.6,0,0,0,0,,,,
RUE,2012,4,25,14,11.1,,,,,,,,934,,1.8,,92,0.8,91.3,0,0,0,0,,,,
RUE,2012,4,25,15,10.9,,,,,,,,933.2,,1.6,,160,2.8,157.8,0,0,0,0,,,,
RUE,2012,4,25,16,11.3,,,,,,,,932.5,,2.2,,173,4.2,170.1,0,0,0,0,,,,
RUE,2012,4,25,17,11,,,,,,,,932.5,,1.6,,81,1.4,80.2,0,0,0,0,,,,
RUE,2012,4,25,18,10.7,,,,,,,,932.5,,1.4,,9,0,9,0,0,0,0,,,,
RUE,2012,4,25,19,10.7,,,,,,,,933.1,,0.9,,0,0,0,0,0,0,0,,,,
RUE,2012,4,25,20,10.2,,,,,,,,933,,1.8,,0,0,0,0,0,0,0,,,,
RUE,2012,4,25,21,9.9,,,,,,,,933.1,,1.6,,0,0,0,0,0,0,0,,,,
RUE,2012,4,25,22,10,,,,,,,,933,,2.4,,0,0,0,0,0,0,0,,,,
RUE,2012,4,25,23,10.5,,,,,,,,933,,2.8,,0,0,0,0,0,0,0,,,,
RUE,2012,4,26,0,10.7,,,,,,,,933.1,,3.5,,0,0,0,0,0,0,0,,,,
RUE,2012,4,26,1,10.1,,,,,,,,933.4,,2.4,,0,0,0,0,0,0,0,,,,
RUE,2012,4,26,2,10.8,,,,,,,,933.8,,1.9,,0,0,0,0,0,0,0,,,,
RUE,2012,4,26,3,10.6,,,,,,,,934,,2.6,,0,0,0,0,0,0,0,,,,
RUE,2012,4,26,4,10.6,,,,,,,,934.9,,1.9,,3,0,0,0,0,0,0,,,,
RUE,2012,4,26,5,9.2,,,,,,,,936.1,,1.1,,88,0,0,0,0,0,0,,,,
RUE,2012,4,26,6,11.1,,,,,,,,936.8,,0.7,,263,0,0,0,0,0,0,,,,
RUE,2012,4,26,7,12.4,,,,,,,,937.4,,1.7,,449,3709.6,74.1,0,0,0,0,,,,
RUE,2012,4,26,8,13.3,,,,,,,,938,,1.8,,597,1837.6,98.5,0,0,0,0,,,,
RUE,2012,4,26,9,14.6,,,,,,,,938.1,,1.4,,730,1398,120.5,0,0,0,0,,,,
RUE,2012,4,26,10,16.8,,,,,,,,938.2,,1.5,,822,1177.1,135.6,0,0,0,0,,,,
RUE,2012,4,26,11,18.7,,,,,,,,938.2,,3.3,,858,1019.9,141.6,0,0,0,0,,,,
RUE,2012,4,26,12,19.1,,,,,,,,938.4,,1.9,,847,899.7,139.9,0,0,0,0,,,,
RUE,2012,4,26,13,19.4,,,,,,,,938.8,,2.5,,762,670.5,207,0,0,0,0,,,,
RUE,2012,4,26,14,19.1,,,,,,,,938.9,,2.6,,670,459.9,290.6,0,0,0,0,,,,
RUE,2012,4,26,15,18.4,,,,,,,,939.3,,2.8,,521,223.9,346.8,0,0,0,0,,,,
RUE,2012,4,26,16,18.4,,,,,,,,939.3,,1.2,,351,65.4,305.9,0,0,0,0,,,,
RUE,2012,4,26,17,17.6,,,,,,,,939.5,,0.8,,121,3,119.3,0,0,0,0,,,,
RUE,2012,4,26,18,16.4,,,,,,,,939.9,,1.2,,13,0.1,13,0,0,0,0,,,,
RUE,2012,4,26,19,13.9,,,,,,,,941.2,,2.9,,0,0,0,0,0,0,0,,,,
RUE,2012,4,26,20,12.8,,,,,,,,942.3,,1.8,,0,0,0,0,0,0,0,,,,
RUE,2012,4,26,21,12,,,,,,,,942.7,,1.8,,0,0,0,0,0,0,0,,,,
RUE,2012,4,26,22,11,,,,,,,,943.1,,1.3,,0,0,0,0,0,0,0,,,,
RUE,2012,4,26,23,10.5,,,,,,,,943.5,,1.1,,0,0,0,0,0,0,0,,,,
RUE,2012,4,27,0,9.9,,,,,,,,943.5,,0.7,,0,0,0,0,0,0,0,,,,
RUE,2012,4,27,1,8.8,,,,,,,,943.3,,0.7,,0,0,0,0,0,0,0,,,,
RUE,2012,4,27,2,8.6,,,,,,,,943.3,,0.7,,0,0,0,0,0,0,0,,,,
RUE,2012,4,27,3,8.1,,,,,,,,943.3,,0.6,,0,0,0,0,0,0,0,,,,
RUE,2012,4,27,4,8.1,,,,,,,,943.5,,0.6,,5,0,0,0,0,0,0,,,,
RUE,2012,4,27,5,8,,,,,,,,944.2,,0.6,,83,0,0,0,0,0,0,,,,
RUE,2012,4,27,6,9.7,,,,,,,,944.6,,0.4,,249,0,0,0,0,0,0,,,,
RUE,2012,4,27,7,11.5,,,,,,,,944.9,,0.6,,426,3371.6,70.3,0,0,0,0,,,,
RUE,2012,4,27,8,13.4,,,,,,,,945.5,,1.6,,579,1754.6,95.5,0,0,0,0,,,,
RUE,2012,4,27,9,15.2,,,,,,,,945.6,,0.8,,678,1286.6,111.9,0,0,0,0,,,,
RUE,2012,4,27,10,17.6,,,,,,,,945.7,,1,,730,1038.6,120.5,0,0,0,0,,,,
RUE,2012,4,27,11,19,,,,,,,,945.3,,1.3,,834,986.4,137.6,0,0,0,0,,,,
RUE,2012,4,27,12,19.9,,,,,,,,944.8,,2.5,,764,757.9,165.9,0,0,0,0,,,,
RUE,2012,4,27,13,21,,,,,,,,944.6,,1.9,,677,465.7,290.2,0,0,0,0,,,,
RUE,2012,4,27,14,21.3,,,,,,,,944.1,,2.3,,514,163.2,378.8,0,0,0,0,,,,
RUE,2012,4,27,15,21.3,,,,,,,,943.9,,2.4,,350,35,322.6,0,0,0,0,,,,
RUE,2012,4,27,16,20.5,,,,,,,,943.6,,2.4,,167,3.9,164.3,0,0,0,0,,,,
RUE,2012,4,27,17,19.9,,,,,,,,943.5,,1.2,,48,0.5,47.7,0,0,0,0,,,,
RUE,2012,4,27,18,19,,,,,,,,943.9,,1.4,,13,0.1,13,0,0,0,0,,,,
RUE,2012,4,27,19,17.6,,,,,,,,944.3,,1.4,,0,0,0,0,0,0,0,,,,
RUE,2012,4,27,20,16.9,,,,,,,,944.3,,0.9,,0,0,0,0,0,0,0,,,,
RUE,2012,4,27,21,17,,,,,,,,944.2,,1.3,,0,0,0,0,0,0,0,,,,
RUE,2012,4,27,22,16,,,,,,,,944.1,,1.8,,0,0,0,0,0,0,0,,,,
RUE,2012,4,27,23,15.3,,,,,,,,944,,2.1,,0,0,0,0,0,0,0,,,,
RUE,2012,4,28,0,15.3,,,,,,,,943.5,,2.5,,0,0,0,0,0,0,0,,,,
RUE,2012,4,28,1,14.2,,,,,,,,943.3,,2.4,,0,0,0,0,0,0,0,,,,
RUE,2012,4,28,2,14.4,,,,,,,,943.1,,3.3,,0,0,0,0,0,0,0,,,,
RUE,2012,4,28,3,14.8,,,,,,,,942.9,,3.4,,0,0,0,0,0,0,0,,,,
RUE,2012,4,28,4,14.8,,,,,,,,942.7,,3.1,,8,0,0,0,0,0,0,,,,
RUE,2012,4,28,5,15.3,,,,,,,,942.8,,3.4,,96,0,0,0,0,0,0,,,,
RUE,2012,4,28,6,16.8,,,,,,,,942.7,,3.6,,297,0,0,0,0,0,0,,,,
RUE,2012,4,28,7,17.9,,,,,,,,942.6,,3.3,,355,2698,58.6,0,0,0,0,,,,
RUE,2012,4,28,8,19.4,,,,,,,,942.7,,1.7,,538,1605.9,88.8,0,0,0,0,,,,
RUE,2012,4,28,9,21.3,,,,,,,,942.5,,1.1,,743,1397.4,122.6,0,0,0,0,,,,
RUE,2012,4,28,10,23,,,,,,,,941.8,,1.6,,828,1170.7,136.6,0,0,0,0,,,,
RUE,2012,4,28,11,24.9,,,,,,,,940.9,,1.8,,863,1015.8,142.4,0,0,0,0,,,,
RUE,2012,4,28,12,26.8,,,,,,,,940.1,,2.7,,836,880.5,138.3,0,0,0,0,,,,
RUE,2012,4,28,13,27.1,,,,,,,,939.4,,4,,617,331.7,340.5,0,0,0,0,,,,
RUE,2012,4,28,14,26.4,,,,,,,,939,,3.6,,404,52.7,360.2,0,0,0,0,,,,
RUE,2012,4,28,15,26.6,,,,,,,,938.6,,4.4,,480,154.1,359.2,0,0,0,0,,,,
RUE,2012,4,28,16,25.1,,,,,,,,938.3,,4.3,,177,4.3,174,0,0,0,0,,,,
RUE,2012,4,28,17,23.6,,,,,,,,937.9,,4.1,,70,1,69.4,0,0,0,0,,,,
RUE,2012,4,28,18,23,,,,,,,,937.7,,4,,13,0.1,13,0,0,0,0,,,,
RUE,2012,4,28,19,22.5,,,,,,,,937.1,,3.7,,0,0,0,0,0,0,0,,,,
RUE,2012,4,28,20,21.3,,,,,,,,936.8,,3.7,,0,0,0,0,0,0,0,,,,
RUE,2012,4,28,21,21.4,,,,,,,,935.9,,4.4,,0,0,0,0,0,0,0,,,,
RUE,2012,4,28,22,20.7,,,,,,,,935.4,,3.9,,0,0,0,0,0,0,0,,,,
RUE,2012,4,28,23,20.9,,,,,,,,935,,4.1,,0,0,0,0,0,0,0,,,,
RUE,2012,4,29,0,21.8,,,,,,,,934.7,,3.8,,0,0,0,0,0,0,0,,,,
RUE,2012,4,29,1,21.5,,,,,,,,934,,3.7,,0,0,0,0,0,0,0,,,,
RUE,2012,4,29,2,20.9,,,,,,,,933.3,,3.2,,0,0,0,0,0,0,0,,,,
RUE,2012,4,29,3,20.8,,,,,,,,932.9,,2.5,,0,0,0,0,0,0,0,,,,
RUE,2012,4,29,4,20.3,,,,,,,,932.3,,2.9,,1,0,0,0,0,0,0,,,,
RUE,2012,4,29,5,19.8,,,,,,,,932.2,,3.4,,17,0,0,0,0,0,0,,,,
RUE,2012,4,29,6,17.3,,,,,,,,933.8,,1.5,,64,0,0,0,0,0,0,,,,
RUE,2012,4,29,7,17.4,,,,,,,,935.1,,0.6,,230,1682.2,38,0,0,0,0,,,,
RUE,2012,4,29,8,19,,,,,,,,936.4,,2,,503,1479.7,83,0,0,0,0,,,,
RUE,2012,4,29,9,17.5,,,,,,,,937.6,,4.3,,350,404.8,168.7,0,0,0,0,,,,
RUE,2012,4,29,10,16.7,,,,,,,,938.2,,5.7,,583,781,119,0,0,0,0,,,,
RUE,2012,4,29,11,16.4,,,,,,,,938.7,,3.2,,708,800.4,137.5,0,0,0,0,,,,
RUE,2012,4,29,12,17.2,,,,,,,,938.8,,3.8,,778,775.6,161,0,0,0,0,,,,
RUE,2012,4,29,13,18.2,,,,,,,,938.9,,3.7,,803,744,180.4,0,0,0,0,,,,
RUE,2012,4,29,14,18.2,,,,,,,,939.1,,3.9,,533,185.6,378.3,0,0,0,0,,,,
RUE,2012,4,29,15,17.2,,,,,,,,939.5,,3.6,,198,4.2,194.7,0,0,0,0,,,,
RUE,2012,4,29,16,16.7,,,,,,,,940.1,,2.7,,119,1.9,117.6,0,0,0,0,,,,
RUE,2012,4,29,17,15.9,,,,,,,,940.4,,2.7,,24,0.1,23.9,0,0,0,0,,,,
RUE,2012,4,29,18,14.4,,,,,,,,941,,2.7,,6,0,6,0,0,0,0,,,,
RUE,2012,4,29,19,12.9,,,,,,,,942,,1.5,,0,0,0,0,0,0,0,,,,
RUE,2012,4,29,20,12.4,,,,,,,,942.6,,0.6,,0,0,0,0,0,0,0,,,,
RUE,2012,4,29,21,12.1,,,,,,,,943,,1.1,,0,0,0,0,0,0,0,,,,
RUE,2012,4,29,22,11.9,,,,,,,,943.3,,0.5,,0,0,0,0,0,0,0,,,,
RUE,2012,4,29,23,11,,,,,,,,943.8,,0.8,,0,0,0,0,0,0,0,,,,
RUE,2012,4,30,0,10.6,,,,,,,,943.9,,0.9,,0,0,0,0,0,0,0,,,,
RUE,2012,4,30,1,10.6,,,,,,,,944.3,,0.9,,0,0,0,0,0,0,0,,,,
RUE,2012,4,30,2,10.4,,,,,,,,944.9,,0.9,,0,0,0,0,0,0,0,,,,
RUE,2012,4,30,3,10.4,,,,,,,,945,,0.5,,0,0,0,0,0,0,0,,,,
RUE,2012,4,30,4,9.9,,,,,,,,944.3,,0.6,,3,0,0,0,0,0,0,,,,
RUE,2012,4,30,5,9.5,,,,,,,,944.2,,0.5,,39,0,0,0,0,0,0,,,,
RUE,2012,4,30,6,10,,,,,,,,944,,0.4,,123,0,0,0,0,0,0,,,,
RUE,2012,4,30,7,10.8,,,,,,,,943.3,,3,,168,1185,27.7,0,0,0,0,,,,
RUE,2012,4,30,8,12.3,,,,,,,,942.8,,3.1,,287,806.5,54.8,0,0,0,0,,,,
RUE,2012,4,30,9,13.1,,,,,,,,942.3,,3.8,,224,58.3,197.7,0,0,0,0,,,,
RUE,2012,4,30,10,14.6,,,,,,,,941.8,,2.8,,351,128.6,274.1,0,0,0,0,,,,
RUE,2012,4,30,11,16.6,,,,,,,,941.2,,3.9,,679,724.2,160.5,0,0,0,0,,,,
RUE,2012,4,30,12,17.6,,,,,,,,940.7,,2.7,,635,430.2,291.5,0,0,0,0,,,,
RUE,2012,4,30,13,17.9,,,,,,,,940.5,,2,,646,383.2,324.2,0,0,0,0,,,,
RUE,2012,4,30,14,17.1,,,,,,,,940.1,,2.5,,318,15.4,305.1,0,0,0,0,,,,
RUE,2012,4,30,15,16.5,,,,,,,,939.9,,2.4,,273,10,265.1,0,0,0,0,,,,
RUE,2012,4,30,16,15.5,,,,,,,,939.6,,2.1,,142,2.7,140.1,0,0,0,0,,,,
RUE,2012,4,30,17,14.9,,,,,,,,939.1,,1.2,,71,1,70.4,0,0,0,0,,,,
RUE,2012,4,30,18,14.5,,,,,,,,939.1,,0.8,,19,0.1,18.9,0,0,0,0,,,,
RUE,2012,4,30,19,13.7,,,,,,,,939.6,,1.2,,0,0,0,0,0,0,0,,,,
RUE,2012,4,30,20,13.7,,,,,,,,940.9,,1.5,,0,0,0,0,0,0,0,,,,
RUE,2012,4,30,21,12.8,,,,,,,,941.9,,3.9,,0,0,0,0,0,0,0,,,,
RUE,2012,4,30,22,10.9,,,,,,,,943.2,,3.1,,0,0,0,0,0,0,0,,,,
RUE,2012,4,30,23,10.1,,,,,,,,943.8,,1.8,,0,0,0,0,0,0,0,,,,
RUE,2012,5,1,0,9.6,,,,,,,,944.1,,0.9,,0,0,0,0,0,0,0,,,,
RUE,2012,5,1,1,9.1,,,,,,,,944.6,,0.9,,0,0,0,0,0,0,0,,,,
RUE,2012,5,1,2,8.9,,,,,,,,944.9,,0.9,,0,0,0,0,0,0,0,,,,
RUE,2012,5,1,3,8.4,,,,,,,,944.9,,0.7,,0,0,0,0,0,0,0,,,,
RUE,2012,5,1,4,8.5,,,,,,,,945.3,,1.7,,3,0,0,0,0,0,0,,,,
RUE,2012,5,1,5,8.8,,,,,,,,945.7,,2,,39,0,0,0,0,0,0,,,,
RUE,2012,5,1,6,9.6,,,,,,,,946.1,,2.2,,112,0,0,0,0,0,0,,,,
RUE,2012,5,1,7,10.1,,,,,,,,946.3,,1.2,,131,893.1,21.6,0,0,0,0,,,,
RUE,2012,5,1,8,11.3,,,,,,,,946.7,,1,,261,622.6,79.3,0,0,0,0,,,,
RUE,2012,5,1,9,11.8,,,,,,,,946.9,,0.9,,313,250.8,198.8,0,0,0,0,,,,
RUE,2012,5,1,10,12.7,,,,,,,,946.7,,1.4,,499,497,200.2,0,0,0,0,,,,
RUE,2012,5,1,11,13.8,,,,,,,,946.4,,1.9,,610,532,227.4,0,0,0,0,,,,
RUE,2012,5,1,12,14.7,,,,,,,,946.5,,2.6,,731,656.6,204.7,0,0,0,0,,,,
RUE,2012,5,1,13,15,,,,,,,,946.2,,2.7,,743,598,239.1,0,0,0,0,,,,
RUE,2012,5,1,14,14.9,,,,,,,,945.8,,2.5,,388,41.2,353.4,0,0,0,0,,,,
RUE,2012,5,1,15,15.2,,,,,,,,945.5,,2.7,,483,152,362.6,0,0,0,0,,,,
RUE,2012,5,1,16,14.5,,,,,,,,945.2,,2.3,,106,1.5,104.9,0,0,0,0,,,,
RUE,2012,5,1,17,14.1,,,,,,,,945.1,,1.9,,33,0.2,32.9,0,0,0,0,,,,
RUE,2012,5,1,18,13.7,,,,,,,,945.2,,1.7,,7,0,7,0,0,0,0,,,,
RUE,2012,5,1,19,13.5,,,,,,,,945.1,,1.1,,0,0,0,0,0,0,0,,,,
RUE,2012,5,1,20,13.1,,,,,,,,944.8,,1.4,,0,0,0,0,0,0,0,,,,
RUE,2012,5,1,21,12.7,,,,,,,,944.3,,1.4,,0,0,0,0,0,0,0,,,,
RUE,2012,5,1,22,11.4,,,,,,,,943.8,,1.8,,0,0,0,0,0,0,0,,,,
RUE,2012,5,1,23,11,,,,,,,,943.3,,2.2,,0,0,0,0,0,0,0,,,,
RUE,2012,5,2,0,10.8,,,,,,,,943.6,,3.8,,0,0,0,0,0,0,0,,,,
RUE,2012,5,2,1,10.2,,,,,,,,942.7,,1.7,,0,0,0,0,0,0,0,,,,
RUE,2012,5,2,2,10.1,,,,,,,,942.4,,1,,0,0,0,0,0,0,0,,,,
RUE,2012,5,2,3,10,,,,,,,,942.2,,0.6,,0,0,0,0,0,0,0,,,,
RUE,2012,5,2,4,9.6,,,,,,,,942.4,,0.5,,4,0,0,0,0,0,0,,,,
RUE,2012,5,2,5,9.2,,,,,,,,942.5,,0.8,,99,0,0,0,0,0,0,,,,
RUE,2012,5,2,6,11.2,,,,,,,,942.8,,1,,197,0,0,0,0,0,0,,,,
RUE,2012,5,2,7,12,,,,,,,,943.2,,3.7,,353,2328.3,58.2,0,0,0,0,,,,
RUE,2012,5,2,8,13.4,,,,,,,,943.5,,5.8,,605,1708.5,99.8,0,0,0,0,,,,
RUE,2012,5,2,9,13.9,,,,,,,,943.8,,4.6,,619,1126.3,102.1,0,0,0,0,,,,
RUE,2012,5,2,10,14.2,,,,,,,,944.1,,3.9,,677,935.2,111.7,0,0,0,0,,,,
RUE,2012,5,2,11,14.4,,,,,,,,944,,3.9,,575,432.8,262.3,0,0,0,0,,,,
RUE,2012,5,2,12,14.2,,,,,,,,944.3,,1.7,,468,123.7,368.5,0,0,0,0,,,,
RUE,2012,5,2,13,13.6,,,,,,,,944.7,,2.5,,245,5.6,240.2,0,0,0,0,,,,
RUE,2012,5,2,14,13.3,,,,,,,,944.7,,2.4,,203,3.9,199.7,0,0,0,0,,,,
RUE,2012,5,2,15,12.9,,,,,,,,944.8,,2.1,,179,3.4,176.3,0,0,0,0,,,,
RUE,2012,5,2,16,13.6,,,,,,,,944.5,,1.2,,261,13.5,251.5,0,0,0,0,,,,
RUE,2012,5,2,17,13.1,,,,,,,,944.2,,2.6,,217,13.8,208.9,0,0,0,0,,,,
RUE,2012,5,2,18,12,,,,,,,,944.4,,1.2,,46,0.7,45.7,0,0,0,0,,,,
RUE,2012,5,2,19,11,,,,,,,,944.9,,1.1,,1,0,1,0,0,0,0,,,,
RUE,2012,5,2,20,10.4,,,,,,,,945.2,,0.8,,0,0,0,0,0,0,0,,,,
RUE,2012,5,2,21,9.1,,,,,,,,945.2,,1.4,,0,0,0,0,0,0,0,,,,
RUE,2012,5,2,22,8.3,,,,,,,,945.2,,1,,0,0,0,0,0,0,0,,,,
RUE,2012,5,2,23,7.8,,,,,,,,944.9,,0.9,,0,0,0,0,0,0,0,,,,
RUE,2012,5,3,0,7.3,,,,,,,,944.5,,1.4,,0,0,0,0,0,0,0,,,,
RUE,2012,5,3,1,7.1,,,,,,,,944.2,,0.9,,0,0,0,0,0,0,0,,,,
RUE,2012,5,3,2,6.9,,,,,,,,944.2,,0.7,,0,0,0,0,0,0,0,,,,
RUE,2012,5,3,3,6.1,,,,,,,,944,,1.1,,0,0,0,0,0,0,0,,,,
RUE,2012,5,3,4,6.2,,,,,,,,943.9,,0.9,,5,0,0,0,0,0,0,,,,
RUE,2012,5,3,5,6.8,,,,,,,,943.9,,0.8,,103,0,0,0,0,0,0,,,,
RUE,2012,5,3,6,9,,,,,,,,943.8,,1.1,,282,0,0,0,0,0,0,,,,
RUE,2012,5,3,7,11.3,,,,,,,,943.6,,1.4,,459,2935,75.7,0,0,0,0,,,,
RUE,2012,5,3,8,13,,,,,,,,943.4,,1.8,,624,1739.9,103,0,0,0,0,,,,
RUE,2012,5,3,9,13.8,,,,,,,,943.2,,1.7,,650,1173.7,107.2,0,0,0,0,,,,
RUE,2012,5,3,10,14.7,,,,,,,,942.8,,1.4,,808,1110.1,133.3,0,0,0,0,,,,
RUE,2012,5,3,11,15.6,,,,,,,,942.2,,1.5,,855,984.1,141.1,0,0,0,0,,,,
RUE,2012,5,3,12,17,,,,,,,,941.6,,1.5,,967,1000,159.6,0,0,0,0,,,,
RUE,2012,5,3,13,17.2,,,,,,,,941.2,,1.3,,606,292.6,357.8,0,0,0,0,,,,
RUE,2012,5,3,14,15.2,,,,,,,,941,,2.9,,193,3.5,190,0,0,0,0,,,,
RUE,2012,5,3,15,14.9,,,,,,,,940.8,,1.2,,352,32.8,325.8,0,0,0,0,,,,
RUE,2012,5,3,16,15.2,,,,,,,,940.4,,1.7,,270,15.6,258.9,0,0,0,0,,,,
RUE,2012,5,3,17,15.1,,,,,,,,940.2,,1.4,,165,5.3,161.9,0,0,0,0,,,,
RUE,2012,5,3,18,14.2,,,,,,,,940,,0.6,,39,0.5,38.8,0,0,0,0,,,,
RUE,2012,5,3,19,13.4,,,,,,,,940,,0.8,,0,0,0,0,0,0,0,,,,
RUE,2012,5,3,20,12.5,,,,,,,,940.1,,1.6,,0,0,0,0,0,0,0,,,,
RUE,2012,5,3,21,12.2,,,,,,,,940.1,,1.3,,0,0,0,0,0,0,0,,,,
RUE,2012,5,3,22,11.8,,,,,,,,939.9,,1.2,,0,0,0,0,0,0,0,,,,
RUE,2012,5,3,23,11.5,,,,,,,,939.8,,0.6,,0,0,0,0,0,0,0,,,,
RUE,2012,5,4,0,11.6,,,,,,,,939.4,,0.6,,0,0,0,0,0,0,0,,,,
RUE,2012,5,4,1,10.6,,,,,,,,939,,0.5,,0,0,0,0,0,0,0,,,,
RUE,2012,5,4,2,10.4,,,,,,,,938.8,,0.9,,0,0,0,0,0,0,0,,,,
RUE,2012,5,4,3,10.4,,,,,,,,938.5,,0.5,,0,0,0,0,0,0,0,,,,
RUE,2012,5,4,4,10.2,,,,,,,,938.1,,0.9,,10,0,0,0,0,0,0,,,,
RUE,2012,5,4,5,10.1,,,,,,,,938.1,,1,,112,0,0,0,0,0,0,,,,
RUE,2012,5,4,6,11.8,,,,,,,,938,,1.2,,295,0,0,0,0,0,0,,,,
RUE,2012,5,4,7,14.2,,,,,,,,937.8,,1.8,,485,3011.2,80,0,0,0,0,,,,
RUE,2012,5,4,8,16.1,,,,,,,,937.5,,1.8,,632,1740.7,104.3,0,0,0,0,,,,
RUE,2012,5,4,9,17.4,,,,,,,,937.1,,1.7,,782,1401.6,129,0,0,0,0,,,,
RUE,2012,5,4,10,18,,,,,,,,936.8,,1.6,,901,1231.4,148.7,0,0,0,0,,,,
RUE,2012,5,4,11,18.5,,,,,,,,936.2,,1.7,,897,1028.3,148,0,0,0,0,,,,
RUE,2012,5,4,12,19.6,,,,,,,,935.6,,2.5,,844,867.3,141.3,0,0,0,0,,,,
RUE,2012,5,4,13,19.8,,,,,,,,935,,2.4,,850,811.2,159.9,0,0,0,0,,,,
RUE,2012,5,4,14,19.7,,,,,,,,934.3,,2.2,,571,232.6,373.9,0,0,0,0,,,,
RUE,2012,5,4,15,19.2,,,,,,,,934,,1.9,,289,12.2,279.2,0,0,0,0,,,,
RUE,2012,5,4,16,17.2,,,,,,,,934.3,,3.6,,260,12.8,250.9,0,0,0,0,,,,
RUE,2012,5,4,17,16.2,,,,,,,,934.2,,2.1,,126,3.1,124.2,0,0,0,0,,,,
RUE,2012,5,4,18,15.3,,,,,,,,934.3,,1.2,,21,0.2,20.9,0,0,0,0,,,,
RUE,2012,5,4,19,14.8,,,,,,,,934.2,,0.8,,0,0,0,0,0,0,0,,,,
RUE,2012,5,4,20,13.6,,,,,,,,934.2,,2.3,,0,0,0,0,0,0,0,,,,
RUE,2012,5,4,21,12.4,,,,,,,,935,,4,,0,0,0,0,0,0,0,,,,
RUE,2012,5,4,22,11.6,,,,,,,,936,,1.3,,0,0,0,0,0,0,0,,,,
RUE,2012,5,4,23,11.1,,,,,,,,935.8,,1.1,,0,0,0,0,0,0,0,,,,
RUE,2012,5,5,0,10.9,,,,,,,,935.6,,1.5,,0,0,0,0,0,0,0,,,,
RUE,2012,5,5,1,10.8,,,,,,,,935.3,,1.3,,0,0,0,0,0,0,0,,,,
RUE,2012,5,5,2,10.7,,,,,,,,934.9,,1,,0,0,0,0,0,0,0,,,,
RUE,2012,5,5,3,10.5,,,,,,,,934.9,,1,,0,0,0,0,0,0,0,,,,
RUE,2012,5,5,4,10.2,,,,,,,,934.6,,2.5,,0,0,0,0,0,0,0,,,,
RUE,2012,5,5,5,10.2,,,,,,,,935,,1.8,,8,0,0,0,0,0,0,,,,
RUE,2012,5,5,6,10.1,,,,,,,,935.4,,1.6,,25,0,0,0,0,0,0,,,,
RUE,2012,5,5,7,9.9,,,,,,,,935.7,,1.9,,45,7.9,43.9,0,0,0,0,,,,
RUE,2012,5,5,8,10,,,,,,,,936.1,,1.8,,94,6.5,92,0,0,0,0,,,,
RUE,2012,5,5,9,10.5,,,,,,,,936.5,,1.9,,131,5.2,128.5,0,0,0,0,,,,
RUE,2012,5,5,10,10.6,,,,,,,,937,,2.2,,294,49.5,263.6,0,0,0,0,,,,
RUE,2012,5,5,11,12.2,,,,,,,,937,,2.3,,529,307.5,304.1,0,0,0,0,,,,
RUE,2012,5,5,12,12.6,,,,,,,,936.8,,1.6,,345,27,323,0,0,0,0,,,,
RUE,2012,5,5,13,12.1,,,,,,,,936.6,,2,,589,256.4,370.2,0,0,0,0,,,,
RUE,2012,5,5,14,13.1,,,,,,,,936.2,,1.1,,498,128.5,388.8,0,0,0,0,,,,
RUE,2012,5,5,15,13.2,,,,,,,,936,,1.6,,455,110.6,366.2,0,0,0,0,,,,
RUE,2012,5,5,16,12.9,,,,,,,,936,,0.5,,137,2.5,135.2,0,0,0,0,,,,
RUE,2012,5,5,17,12.3,,,,,,,,935.8,,0.7,,59,0.7,58.6,0,0,0,0,,,,
RUE,2012,5,5,18,11.8,,,,,,,,936.1,,0.9,,16,0.1,16,0,0,0,0,,,,
RUE,2012,5,5,19,11.2,,,,,,,,936.5,,1.3,,0,0,0,0,0,0,0,,,,
RUE,2012,5,5,20,9.8,,,,,,,,937,,2.1,,0,0,0,0,0,0,0,,,,
RUE,2012,5,5,21,9.4,,,,,,,,937.1,,1.1,,0,0,0,0,0,0,0,,,,
RUE,2012,5,5,22,9.4,,,,,,,,937.2,,0.8,,0,0,0,0,0,0,0,,,,
RUE,2012,5,5,23,9.3,,,,,,,,937.6,,1.1,,0,0,0,0,0,0,0,,,,
RUE,2012,5,6,0,9.2,,,,,,,,937.4,,0.9,,0,0,0,0,0,0,0,,,,
RUE,2012,5,6,1,8.7,,,,,,,,937.4,,1.1,,0,0,0,0,0,0,0,,,,
RUE,2012,5,6,2,8.8,,,,,,,,937.3,,0.8,,0,0,0,0,0,0,0,,,,
RUE,2012,5,6,3,8.6,,,,,,,,937.3,,0.7,,0,0,0,0,0,0,0,,,,
RUE,2012,5,6,4,8.5,,,,,,,,937.5,,0.5,,2,0,0,0,0,0,0,,,,
RUE,2012,5,6,5,8.8,,,,,,,,938,,0.3,,47,0,0,0,0,0,0,,,,
RUE,2012,5,6,6,9.6,,,,,,,,938.4,,0.8,,188,0,0,0,0,0,0,,,,
RUE,2012,5,6,7,10.3,,,,,,,,938.8,,1.1,,199,1169.8,32.8,0,0,0,0,,,,
RUE,2012,5,6,8,11.3,,,,,,,,939.3,,0.8,,325,873.6,53.9,0,0,0,0,,,,
RUE,2012,5,6,9,11.3,,,,,,,,939.5,,1.8,,339,298.5,198,0,0,0,0,,,,
RUE,2012,5,6,10,11.4,,,,,,,,939.6,,1.9,,339,95.9,279.8,0,0,0,0,,,,
RUE,2012,5,6,11,9.4,,,,,,,,940,,2.1,,389,81,329.5,0,0,0,0,,,,
RUE,2012,5,6,12,11.6,,,,,,,,939.9,,1.5,,500,157,372,0,0,0,0,,,,
RUE,2012,5,6,13,12.9,,,,,,,,939.8,,2.2,,477,102.5,389.2,0,0,0,0,,,,
RUE,2012,5,6,14,11.9,,,,,,,,939.8,,2.7,,319,14.5,306.6,0,0,0,0,,,,
RUE,2012,5,6,15,12.2,,,,,,,,940.1,,1.5,,417,72.7,358.5,0,0,0,0,,,,
RUE,2012,5,6,16,13.1,,,,,,,,940.4,,2.5,,416,122.6,328,0,0,0,0,,,,
RUE,2012,5,6,17,12.8,,,,,,,,940.7,,1.9,,178,6.1,174.4,0,0,0,0,,,,
RUE,2012,5,6,18,11.9,,,,,,,,941.3,,2.1,,46,0.7,45.7,0,0,0,0,,,,
RUE,2012,5,6,19,10.8,,,,,,,,942.3,,2.9,,0,0,0,0,0,0,0,,,,
RUE,2012,5,6,20,9.7,,,,,,,,943,,2.1,,0,0,0,0,0,0,0,,,,
RUE,2012,5,6,21,9.3,,,,,,,,943.5,,1.1,,0,0,0,0,0,0,0,,,,
RUE,2012,5,6,22,8.7,,,,,,,,943.7,,0.9,,0,0,0,0,0,0,0,,,,
RUE,2012,5,6,23,8.4,,,,,,,,944,,0.7,,0,0,0,0,0,0,0,,,,
RUE,2012,5,7,0,8.9,,,,,,,,944,,0.8,,0,0,0,0,0,0,0,,,,
RUE,2012,5,7,1,9.3,,,,,,,,944.1,,1.2,,0,0,0,0,0,0,0,,,,
RUE,2012,5,7,2,9.3,,,,,,,,944.3,,1.1,,0,0,0,0,0,0,0,,,,
RUE,2012,5,7,3,8.7,,,,,,,,944.6,,1,,0,0,0,0,0,0,0,,,,
RUE,2012,5,7,4,8.3,,,,,,,,944.8,,0.6,,5,0,0,0,0,0,0,,,,
RUE,2012,5,7,5,8.5,,,,,,,,945.5,,0.3,,106,0,0,0,0,0,0,,,,
RUE,2012,5,7,6,9.3,,,,,,,,945.9,,0.8,,219,0,0,0,0,0,0,,,,
RUE,2012,5,7,7,10.5,,,,,,,,946.2,,1.7,,347,1988.6,57.3,0,0,0,0,,,,
RUE,2012,5,7,8,11.5,,,,,,,,946.4,,2.1,,607,1615.5,100.2,0,0,0,0,,,,
RUE,2012,5,7,9,11.1,,,,,,,,946.7,,2.5,,298,172.5,215.9,0,0,0,0,,,,
RUE,2012,5,7,10,10.9,,,,,,,,947,,1.1,,521,520,198.6,0,0,0,0,,,,
RUE,2012,5,7,11,11.7,,,,,,,,947,,3.3,,729,797.2,141.6,0,0,0,0,,,,
RUE,2012,5,7,12,12.4,,,,,,,,946.8,,2.4,,567,261.3,353.2,0,0,0,0,,,,
RUE,2012,5,7,13,13.2,,,,,,,,946.6,,2.5,,567,215.4,382.1,0,0,0,0,,,,
RUE,2012,5,7,14,14.1,,,,,,,,946.3,,1.7,,786,674.4,209.6,0,0,0,0,,,,
RUE,2012,5,7,15,13.8,,,,,,,,946,,2.3,,476,132.3,369.2,0,0,0,0,,,,
RUE,2012,5,7,16,13.3,,,,,,,,945.9,,1.5,,167,3.6,164.4,0,0,0,0,,,,
RUE,2012,5,7,17,13,,,,,,,,945.8,,1.6,,131,3.2,129.1,0,0,0,0,,,,
RUE,2012,5,7,18,11.9,,,,,,,,946,,1.1,,20,0.1,19.9,0,0,0,0,,,,
RUE,2012,5,7,19,11.2,,,,,,,,946.5,,0.9,,0,0,0,0,0,0,0,,,,
RUE,2012,5,7,20,10.5,,,,,,,,946.8,,0.8,,0,0,0,0,0,0,0,,,,
RUE,2012,5,7,21,10,,,,,,,,946.8,,0.8,,0,0,0,0,0,0,0,,,,
RUE,2012,5,7,22,10.2,,,,,,,,946.6,,0.8,,0,0,0,0,0,0,0,,,,
RUE,2012,5,7,23,9.7,,,,,,,,946.4,,0.7,,0,0,0,0,0,0,0,,,,
RUE,2012,5,8,0,9.6,,,,,,,,946,,1.6,,0,0,0,0,0,0,0,,,,
RUE,2012,5,8,1,9.2,,,,,,,,945.8,,1.7,,0,0,0,0,0,0,0,,,,
RUE,2012,5,8,2,9.2,,,,,,,,945.7,,1.3,,0,0,0,0,0,0,0,,,,
RUE,2012,5,8,3,9.4,,,,,,,,945.5,,0.5,,0,0,0,0,0,0,0,,,,
RUE,2012,5,8,4,8.7,,,,,,,,945.3,,1,,15,0,0,0,0,0,0,,,,
RUE,2012,5,8,5,10,,,,,,,,945.4,,1.7,,130,0,0,0,0,0,0,,,,
RUE,2012,5,8,6,12.6,,,,,,,,945.3,,0.7,,313,0,0,0,0,0,0,,,,
RUE,2012,5,8,7,14,,,,,,,,945.2,,2.6,,471,2634.7,77.7,0,0,0,0,,,,
RUE,2012,5,8,8,15.5,,,,,,,,945.2,,2.8,,589,1551.1,97.2,0,0,0,0,,,,
RUE,2012,5,8,9,16.1,,,,,,,,945,,3,,675,1177.2,111.4,0,0,0,0,,,,
RUE,2012,5,8,10,17.2,,,,,,,,944.8,,3.5,,775,1038.9,127.9,0,0,0,0,,,,
RUE,2012,5,8,11,17.2,,,,,,,,944.6,,3.1,,564,375.3,286.4,0,0,0,0,,,,
RUE,2012,5,8,12,17.3,,,,,,,,944.5,,3.7,,420,68.9,363.4,0,0,0,0,,,,
RUE,2012,5,8,13,17.2,,,,,,,,944.5,,3.7,,311,12.3,300.4,0,0,0,0,,,,
RUE,2012,5,8,14,17.2,,,,,,,,944.1,,2,,296,10.1,287.4,0,0,0,0,,,,
RUE,2012,5,8,15,16.8,,,,,,,,944.1,,3.9,,128,1.7,126.6,0,0,0,0,,,,
RUE,2012,5,8,16,14.9,,,,,,,,944.5,,2.8,,66,0.6,65.6,0,0,0,0,,,,
RUE,2012,5,8,17,13.1,,,,,,,,944.9,,1.3,,22,0.1,21.9,0,0,0,0,,,,
RUE,2012,5,8,18,12.2,,,,,,,,944.9,,1.9,,3,0,3,0,0,0,0,,,,
RUE,2012,5,8,19,11.6,,,,,,,,945,,2.2,,0,0,0,0,0,0,0,,,,
RUE,2012,5,8,20,11.3,,,,,,,,945.2,,2.4,,0,0,0,0,0,0,0,,,,
RUE,2012,5,8,21,11.4,,,,,,,,945.2,,1.7,,0,0,0,0,0,0,0,,,,
RUE,2012,5,8,22,12.2,,,,,,,,945.2,,1,,0,0,0,0,0,0,0,,,,
RUE,2012,5,8,23,12.5,,,,,,,,945.4,,1.5,,0,0,0,0,0,0,0,,,,
RUE,2012,5,9,0,11.7,,,,,,,,945.3,,1.6,,0,0,0,0,0,0,0,,,,
RUE,2012,5,9,1,12.4,,,,,,,,945.3,,1.9,,0,0,0,0,0,0,0,,,,
RUE,2012,5,9,2,12.8,,,,,,,,945.2,,2.6,,0,0,0,0,0,0,0,,,,
RUE,2012,5,9,3,12.9,,,,,,,,944.9,,3.6,,0,0,0,0,0,0,0,,,,
RUE,2012,5,9,4,13,,,,,,,,945.2,,3.5,,2,0,0,0,0,0,0,,,,
RUE,2012,5,9,5,12.2,,,,,,,,945.7,,1.5,,20,0,0,0,0,0,0,,,,
RUE,2012,5,9,6,12.5,,,,,,,,945.9,,2.6,,56,0,0,0,0,0,0,,,,
RUE,2012,5,9,7,13.2,,,,,,,,946.2,,3,,110,304,63.6,0,0,0,0,,,,
RUE,2012,5,9,8,14.4,,,,,,,,946.6,,4.2,,248,396.4,121,0,0,0,0,,,,
RUE,2012,5,9,9,13.4,,,,,,,,947.3,,2.6,,100,2.9,98.6,0,0,0,0,,,,
RUE,2012,5,9,10,14.3,,,,,,,,947.6,,2.2,,318,66.8,276.2,0,0,0,0,,,,
RUE,2012,5,9,11,16.3,,,,,,,,947.6,,2.8,,374,64.1,326.4,0,0,0,0,,,,
RUE,2012,5,9,12,17.6,,,,,,,,947.7,,1.7,,520,179.4,372.3,0,0,0,0,,,,
RUE,2012,5,9,13,17.7,,,,,,,,948,,1.6,,371,29.1,345.9,0,0,0,0,,,,
RUE,2012,5,9,14,16.1,,,,,,,,948.1,,2.5,,158,2.3,156,0,0,0,0,,,,
RUE,2012,5,9,15,15,,,,,,,,948.8,,1,,46,0.2,45.8,0,0,0,0,,,,
RUE,2012,5,9,16,15.8,,,,,,,,948.8,,0.8,,262,12.3,253,0,0,0,0,,,,
RUE,2012,5,9,17,15.8,,,,,,,,948.8,,0.8,,79,1.2,78.3,0,0,0,0,,,,
RUE,2012,5,9,18,15.3,,,,,,,,949,,1.4,,28,0.3,27.9,0,0,0,0,,,,
RUE,2012,5,9,19,14.5,,,,,,,,949.5,,1.1,,2,0,2,0,0,0,0,,,,
RUE,2012,5,9,20,14.5,,,,,,,,950,,1.4,,0,0,0,0,0,0,0,,,,
RUE,2012,5,9,21,15.4,,,,,,,,950.2,,1.4,,0,0,0,0,0,0,0,,,,
RUE,2012,5,9,22,15.6,,,,,,,,950.3,,2.1,,0,0,0,0,0,0,0,,,,
RUE,2012,5,9,23,14.9,,,,,,,,950.3,,2.1,,0,0,0,0,0,0,0,,,,
RUE,2012,5,10,0,14.6,,,,,,,,950.3,,1.9,,0,0,0,0,0,0,0,,,,
RUE,2012,5,10,1,13.3,,,,,,,,950.4,,1.6,,0,0,0,0,0,0,0,,,,
RUE,2012,5,10,2,12.9,,,,,,,,950.4,,1.5,,0,0,0,0,0,0,0,,,,
RUE,2012,5,10,3,14.3,,,,,,,,950.3,,3.3,,0,0,0,0,0,0,0,,,,
RUE,2012,5,10,4,14,,,,,,,,950.6,,2.9,,19,0,0,0,0,0,0,,,,
RUE,2012,5,10,5,14.9,,,,,,,,950.9,,2.8,,142,0,0,0,0,0,0,,,,
RUE,2012,5,10,6,16.5,,,,,,,,951.4,,1.2,,237,0,0,0,0,0,0,,,,
RUE,2012,5,10,7,17.7,,,,,,,,951.8,,1.7,,428,2288.9,70.6,0,0,0,0,,,,
RUE,2012,5,10,8,19.4,,,,,,,,952,,3.5,,637,1644.2,105.1,0,0,0,0,,,,
RUE,2012,5,10,9,20.8,,,,,,,,952.1,,3.8,,693,1193.8,114.3,0,0,0,0,,,,
RUE,2012,5,10,10,21.5,,,,,,,,952,,4,,766,1017.8,126.4,0,0,0,0,,,,
RUE,2012,5,10,11,23.1,,,,,,,,951.7,,4.1,,899,1008.1,148.3,0,0,0,0,,,,
RUE,2012,5,10,12,24.1,,,,,,,,951.4,,4.9,,872,882.4,143.6,0,0,0,0,,,,
RUE,2012,5,10,13,24.8,,,,,,,,951.3,,4.6,,791,665.4,215.1,0,0,0,0,,,,
RUE,2012,5,10,14,25.3,,,,,,,,951.1,,4.2,,642,345.6,344.2,0,0,0,0,,,,
RUE,2012,5,10,15,25.3,,,,,,,,950.9,,3.4,,525,195.3,365.9,0,0,0,0,,,,
RUE,2012,5,10,16,25.3,,,,,,,,950.9,,3.5,,422,123.8,331.9,0,0,0,0,,,,
RUE,2012,5,10,17,24.5,,,,,,,,951.1,,2.9,,212,10.7,205.5,0,0,0,0,,,,
RUE,2012,5,10,18,23,,,,,,,,951.4,,2,,51,0.8,50.6,0,0,0,0,,,,
RUE,2012,5,10,19,22,,,,,,,,951.7,,2.2,,1,0,1,0,0,0,0,,,,
RUE,2012,5,10,20,21.2,,,,,,,,952.3,,2.2,,0,0,0,0,0,0,0,,,,
RUE,2012,5,10,21,21.2,,,,,,,,952.6,,1.3,,0,0,0,0,0,0,0,,,,
RUE,2012,5,10,22,20.9,,,,,,,,952.8,,1.1,,0,0,0,0,0,0,0,,,,
RUE,2012,5,10,23,20.6,,,,,,,,952.8,,1.4,,0,0,0,0,0,0,0,,,,
RUE,2012,5,11,0,20.5,,,,,,,,952.8,,1.8,,0,0,0,0,0,0,0,,,,
RUE,2012,5,11,1,20.2,,,,,,,,952.7,,0.6,,0,0,0,0,0,0,0,,,,
RUE,2012,5,11,2,19.1,,,,,,,,952.7,,1.9,,0,0,0,0,0,0,0,,,,
RUE,2012,5,11,3,19,,,,,,,,952.8,,1,,0,0,0,0,0,0,0,,,,
RUE,2012,5,11,4,18.6,,,,,,,,952.9,,2.3,,18,0,0,0,0,0,0,,,,
RUE,2012,5,11,5,18.9,,,,,,,,953.2,,1.5,,100,0,0,0,0,0,0,,,,
RUE,2012,5,11,6,19.5,,,,,,,,953.4,,1.5,,269,0,0,0,0,0,0,,,,
RUE,2012,5,11,7,21.2,,,,,,,,953.3,,2.8,,474,2482.5,78.2,0,0,0,0,,,,
RUE,2012,5,11,8,22.3,,,,,,,,953.3,,2.3,,604,1544.3,99.7,0,0,0,0,,,,
RUE,2012,5,11,9,24,,,,,,,,953.1,,2.4,,764,1308.4,126.1,0,0,0,0,,,,
RUE,2012,5,11,10,25.2,,,,,,,,952.9,,2,,874,1156.5,144.2,0,0,0,0,,,,
RUE,2012,5,11,11,26.1,,,,,,,,952.5,,2.5,,841,940,138.8,0,0,0,0,,,,
RUE,2012,5,11,12,27,,,,,,,,952.1,,2.6,,851,852.7,145.2,0,0,0,0,,,,
RUE,2012,5,11,13,27.6,,,,,,,,951.8,,3.3,,823,730.1,189.6,0,0,0,0,,,,
RUE,2012,5,11,14,27.5,,,,,,,,951.4,,5,,696,455.5,302.5,0,0,0,0,,,,
RUE,2012,5,11,15,27.3,,,,,,,,951.2,,5.1,,575,279.1,347,0,0,0,0,,,,
RUE,2012,5,11,16,27.1,,,,,,,,950.9,,5,,394,89.2,328.9,0,0,0,0,,,,
RUE,2012,5,11,17,25.9,,,,,,,,950.9,,3.5,,216,11.4,209.1,0,0,0,0,,,,
RUE,2012,5,11,18,24.9,,,,,,,,951.3,,1.7,,41,0.5,40.8,0,0,0,0,,,,
RUE,2012,5,11,19,23.8,,,,,,,,951.8,,1.2,,1,0,1,0,0,0,0,,,,
RUE,2012,5,11,20,23.3,,,,,,,,952.1,,1.6,,0,0,0,0,0,0,0,,,,
RUE,2012,5,11,21,22.1,,,,,,,,952.4,,1.1,,0,0,0,0,0,0,0,,,,
RUE,2012,5,11,22,21.1,,,,,,,,952.3,,1.3,,0,0,0,0,0,0,0,,,,
RUE,2012,5,11,23,19.5,,,,,,,,952.4,,1.8,,0,0,0,0,0,0,0,,,,
RUE,2012,5,12,0,17,,,,,,,,953.7,,3.5,,0,0,0,0,0,0,0,,,,
RUE,2012,5,12,1,15.5,,,,,,,,953.7,,2.1,,0,0,0,0,0,0,0,,,,
RUE,2012,5,12,2,15.4,,,,,,,,953.5,,1.1,,0,0,0,0,0,0,0,,,,
RUE,2012,5,12,3,15.3,,,,,,,,953.6,,2.1,,0,0,0,0,0,0,0,,,,
RUE,2012,5,12,4,14.7,,,,,,,,953.7,,2.6,,1,0,0,0,0,0,0,,,,
RUE,2012,5,12,5,12.3,,,,,,,,954.2,,3.8,,15,0,0,0,0,0,0,,,,
RUE,2012,5,12,6,10.4,,,,,,,,955.2,,3.5,,25,0,0,0,0,0,0,,,,
RUE,2012,5,12,7,10.1,,,,,,,,956.1,,3.3,,26,1.7,25.7,0,0,0,0,,,,
RUE,2012,5,12,8,9.2,,,,,,,,956.9,,4.3,,38,0.9,37.7,0,0,0,0,,,,
RUE,2012,5,12,9,8.8,,,,,,,,957.6,,2.7,,88,2.2,86.9,0,0,0,0,,,,
RUE,2012,5,12,10,9.7,,,,,,,,958,,1.9,,123,2.5,121.4,0,0,0,0,,,,
RUE,2012,5,12,11,9.5,,,,,,,,958.3,,2.6,,102,1.2,101.1,0,0,0,0,,,,
RUE,2012,5,12,12,9,,,,,,,,958.8,,2,,88,0.8,87.4,0,0,0,0,,,,
RUE,2012,5,12,13,8.9,,,,,,,,959.2,,0.7,,71,0.4,70.6,0,0,0,0,,,,
RUE,2012,5,12,14,9,,,,,,,,959.2,,0.6,,93,0.8,92.3,0,0,0,0,,,,
RUE,2012,5,12,15,9.6,,,,,,,,959.1,,0.7,,140,2,138.4,0,0,0,0,,,,
RUE,2012,5,12,16,10,,,,,,,,959.1,,1.5,,179,4,176.1,0,0,0,0,,,,
RUE,2012,5,12,17,9.7,,,,,,,,958.8,,1.5,,81,1.2,80.3,0,0,0,0,,,,
RUE,2012,5,12,18,9.4,,,,,,,,958.8,,1.9,,62,1.2,61.4,0,0,0,0,,,,
RUE,2012,5,12,19,8.4,,,,,,,,959,,1.6,,2,0,2,0,0,0,0,,,,
RUE,2012,5,12,20,7.7,,,,,,,,959,,1.2,,0,0,0,0,0,0,0,,,,
RUE,2012,5,12,21,6.7,,,,,,,,958.8,,1.5,,0,0,0,0,0,0,0,,,,
RUE,2012,5,12,22,6.2,,,,,,,,958.4,,1.4,,0,0,0,0,0,0,0,,,,
RUE,2012,5,12,23,6,,,,,,,,958.3,,1.6,,0,0,0,0,0,0,0,,,,
RUE,2012,5,13,0,5.8,,,,,,,,957.9,,1.7,,0,0,0,0,0,0,0,,,,
RUE,2012,5,13,1,5.6,,,,,,,,957.2,,1.6,,0,0,0,0,0,0,0,,,,
RUE,2012,5,13,2,5.4,,,,,,,,956.5,,1,,0,0,0,0,0,0,0,,,,
RUE,2012,5,13,3,5.3,,,,,,,,956,,0.7,,0,0,0,0,0,0,0,,,,
RUE,2012,5,13,4,5.3,,,,,,,,955.7,,0.3,,24,0,0,0,0,0,0,,,,
RUE,2012,5,13,5,5.5,,,,,,,,955.8,,0.6,,138,0,0,0,0,0,0,,,,
RUE,2012,5,13,6,7.1,,,,,,,,955.5,,3.2,,330,0,0,0,0,0,0,,,,
RUE,2012,5,13,7,8.1,,,,,,,,955.1,,4.9,,518,2609.6,85.5,0,0,0,0,,,,
RUE,2012,5,13,8,9.6,,,,,,,,954.8,,4.8,,714,1793.3,117.8,0,0,0,0,,,,
RUE,2012,5,13,9,10.5,,,,,,,,954.6,,5.6,,757,1282.2,124.9,0,0,0,0,,,,
RUE,2012,5,13,10,11.3,,,,,,,,954.4,,5.5,,949,1245.9,156.6,0,0,0,0,,,,
RUE,2012,5,13,11,10.9,,,,,,,,954,,4.6,,509,240.2,328.4,0,0,0,0,,,,
RUE,2012,5,13,12,12,,,,,,,,953.5,,4.3,,896,899.1,147.8,0,0,0,0,,,,
RUE,2012,5,13,13,12.8,,,,,,,,953,,3.7,,833,743.1,185.1,0,0,0,0,,,,
RUE,2012,5,13,14,12.5,,,,,,,,952.7,,4.2,,557,192.6,389.8,0,0,0,0,,,,
RUE,2012,5,13,15,12.3,,,,,,,,952.5,,4.1,,470,117.1,373.9,0,0,0,0,,,,
RUE,2012,5,13,16,12.1,,,,,,,,952.1,,4.1,,388,80.9,328.6,0,0,0,0,,,,
RUE,2012,5,13,17,11.2,,,,,,,,951.8,,4.1,,176,5.5,172.6,0,0,0,0,,,,
RUE,2012,5,13,18,9.5,,,,,,,,951.9,,2.6,,37,0.4,36.8,0,0,0,0,,,,
RUE,2012,5,13,19,8.1,,,,,,,,952,,2.1,,2,0,2,0,0,0,0,,,,
RUE,2012,5,13,20,7.5,,,,,,,,952.2,,2.3,,0,0,0,0,0,0,0,,,,
RUE,2012,5,13,21,7,,,,,,,,951.9,,2,,0,0,0,0,0,0,0,,,,
RUE,2012,5,13,22,6.7,,,,,,,,951.7,,1.8,,0,0,0,0,0,0,0,,,,
RUE,2012,5,13,23,5.7,,,,,,,,951.4,,1.6,,0,0,0,0,0,0,0,,,,
RUE,2012,5,14,0,5.3,,,,,,,,950.8,,1.7,,0,0,0,0,0,0,0,,,,
RUE,2012,5,14,1,5.1,,,,,,,,950.4,,1.1,,0,0,0,0,0,0,0,,,,
RUE,2012,5,14,2,4.5,,,,,,,,949.9,,2.2,,0,0,0,0,0,0,0,,,,
RUE,2012,5,14,3,3.8,,,,,,,,949.5,,2.5,,0,0,0,0,0,0,0,,,,
RUE,2012,5,14,4,3.6,,,,,,,,949.4,,1.7,,23,0,0,0,0,0,0,,,,
RUE,2012,5,14,5,4.9,,,,,,,,949.4,,1.5,,149,0,0,0,0,0,0,,,,
RUE,2012,5,14,6,6.4,,,,,,,,949.3,,2.6,,344,0,0,0,0,0,0,,,,
RUE,2012,5,14,7,8.1,,,,,,,,949.1,,2,,535,2647.1,88.3,0,0,0,0,,,,
RUE,2012,5,14,8,9.7,,,,,,,,948.8,,3,,703,1751,116,0,0,0,0,,,,
RUE,2012,5,14,9,11.2,,,,,,,,948.3,,3.8,,831,1400.2,137.1,0,0,0,0,,,,
RUE,2012,5,14,10,11.9,,,,,,,,947.7,,3.9,,924,1208.6,152.5,0,0,0,0,,,,
RUE,2012,5,14,11,13,,,,,,,,947,,4.2,,963,1066.6,158.9,0,0,0,0,,,,
RUE,2012,5,14,12,13.6,,,,,,,,946.4,,3.4,,954,954.9,157.4,0,0,0,0,,,,
RUE,2012,5,14,13,13.9,,,,,,,,945.7,,2.3,,838,749.6,182.9,0,0,0,0,,,,
RUE,2012,5,14,14,14.8,,,,,,,,945,,2,,793,662.2,216.8,0,0,0,0,,,,
RUE,2012,5,14,15,15.2,,,,,,,,944.4,,2,,656,440.2,293.6,0,0,0,0,,,,
RUE,2012,5,14,16,15.1,,,,,,,,944,,2.2,,436,136.2,335.6,0,0,0,0,,,,
RUE,2012,5,14,17,14.4,,,,,,,,943.7,,1.6,,248,21.1,235,0,0,0,0,,,,
RUE,2012,5,14,18,13.2,,,,,,,,943.3,,1.7,,66,1.3,65.4,0,0,0,0,,,,
RUE,2012,5,14,19,12,,,,,,,,943.4,,1.8,,2,0,2,0,0,0,0,,,,
RUE,2012,5,14,20,10.9,,,,,,,,943.5,,0.7,,0,0,0,0,0,0,0,,,,
RUE,2012,5,14,21,10.4,,,,,,,,943.1,,1.2,,0,0,0,0,0,0,0,,,,
RUE,2012,5,14,22,9.2,,,,,,,,942.7,,1.2,,0,0,0,0,0,0,0,,,,
RUE,2012,5,14,23,9.3,,,,,,,,942.3,,0.8,,0,0,0,0,0,0,0,,,,
RUE,2012,5,15,0,9.3,,,,,,,,942,,0.4,,0,0,0,0,0,0,0,,,,
RUE,2012,5,15,1,8.6,,,,,,,,942,,1.1,,0,0,0,0,0,0,0,,,,
RUE,2012,5,15,2,9.5,,,,,,,,941.5,,0.5,,0,0,0,0,0,0,0,,,,
RUE,2012,5,15,3,8.6,,,,,,,,941.2,,0.9,,0,0,0,0,0,0,0,,,,
RUE,2012,5,15,4,8.3,,,,,,,,941.5,,1.1,,25,0,0,0,0,0,0,,,,
RUE,2012,5,15,5,9.7,,,,,,,,941.5,,1,,150,0,0,0,0,0,0,,,,
RUE,2012,5,15,6,11.4,,,,,,,,941.6,,1.8,,358,0,0,0,0,0,0,,,,
RUE,2012,5,15,7,12,,,,,,,,941.4,,2.1,,481,2339.4,79.4,0,0,0,0,,,,
RUE,2012,5,15,8,12.9,,,,,,,,941.1,,2.4,,560,1383.6,92.4,0,0,0,0,,,,
RUE,2012,5,15,9,13,,,,,,,,940.7,,3.1,,487,781.8,97.7,0,0,0,0,,,,
RUE,2012,5,15,10,12.2,,,,,,,,940.4,,3.2,,458,297.9,267.1,0,0,0,0,,,,
RUE,2012,5,15,11,11.2,,,,,,,,940.1,,3.6,,214,5.4,209.9,0,0,0,0,,,,
RUE,2012,5,15,12,9.8,,,,,,,,940.4,,3.6,,395,47.2,355.6,0,0,0,0,,,,
RUE,2012,5,15,13,9.3,,,,,,,,940.7,,5.2,,358,22.8,338,0,0,0,0,,,,
RUE,2012,5,15,14,10,,,,,,,,940.8,,4.9,,458,78.9,389.2,0,0,0,0,,,,
RUE,2012,5,15,15,8.7,,,,,,,,941.2,,5.4,,194,3.7,190.9,0,0,0,0,,,,
RUE,2012,5,15,16,10.1,,,,,,,,941.1,,4.9,,346,45.2,312.6,0,0,0,0,,,,
RUE,2012,5,15,17,7.7,,,,,,,,942.3,,5.9,,81,1.2,80.3,0,0,0,0,,,,
RUE,2012,5,15,18,6.2,,,,,,,,943.1,,5,,14,0.1,14,0,0,0,0,,,,
RUE,2012,5,15,19,4.5,,,,,,,,944,,5.1,,0,0,0,0,0,0,0,,,,
RUE,2012,5,15,20,3.6,,,,,,,,944.9,,3.4,,0,0,0,0,0,0,0,,,,
RUE,2012,5,15,21,3.5,,,,,,,,945.8,,4.1,,0,0,0,0,0,0,0,,,,
RUE,2012,5,15,22,3.5,,,,,,,,946.2,,3.8,,0,0,0,0,0,0,0,,,,
RUE,2012,5,15,23,3.8,,,,,,,,946.6,,3.4,,0,0,0,0,0,0,0,,,,
RUE,2012,5,16,0,3.3,,,,,,,,946.8,,3.1,,0,0,0,0,0,0,0,,,,
RUE,2012,5,16,1,3.6,,,,,,,,946.8,,3.7,,0,0,0,0,0,0,0,,,,
RUE,2012,5,16,2,3.5,,,,,,,,946.7,,3.8,,0,0,0,0,0,0,0,,,,
RUE,2012,5,16,3,3.4,,,,,,,,946.9,,3,,0,0,0,0,0,0,0,,,,
RUE,2012,5,16,4,3.5,,,,,,,,947.3,,2.9,,10,0,0,0,0,0,0,,,,
RUE,2012,5,16,5,3.7,,,,,,,,947.8,,2.5,,38,0,0,0,0,0,0,,,,
RUE,2012,5,16,6,3.8,,,,,,,,948.3,,2.6,,45,0,0,0,0,0,0,,,,
RUE,2012,5,16,7,4.2,,,,,,,,948.8,,3,,132,367.8,67.8,0,0,0,0,,,,
RUE,2012,5,16,8,4.2,,,,,,,,949.3,,3.5,,174,69.3,150.4,0,0,0,0,,,,
RUE,2012,5,16,9,4.3,,,,,,,,949.8,,3.4,,141,5.4,138.3,0,0,0,0,,,,
RUE,2012,5,16,10,5.2,,,,,,,,950.4,,3.1,,589,672.5,156.7,0,0,0,0,,,,
RUE,2012,5,16,11,6.7,,,,,,,,950.5,,3.5,,461,153.9,344.3,0,0,0,0,,,,
RUE,2012,5,16,12,5.2,,,,,,,,951.1,,3,,573,250.5,363,0,0,0,0,,,,
RUE,2012,5,16,13,5.5,,,,,,,,951.5,,3.5,,296,9.2,287.9,0,0,0,0,,,,
RUE,2012,5,16,14,6.3,,,,,,,,951.6,,3.1,,448,70.4,386.5,0,0,0,0,,,,
RUE,2012,5,16,15,6.6,,,,,,,,951.7,,3.3,,420,67.2,364.4,0,0,0,0,,,,
RUE,2012,5,16,16,6.3,,,,,,,,951.9,,3.3,,362,55.8,320.7,0,0,0,0,,,,
RUE,2012,5,16,17,6.8,,,,,,,,952,,2.6,,253,22.5,239,0,0,0,0,,,,
RUE,2012,5,16,18,6,,,,,,,,952.7,,1.4,,45,0.6,44.7,0,0,0,0,,,,
RUE,2012,5,16,19,4.9,,,,,,,,953.2,,1.2,,4,0,4,0,0,0,0,,,,
RUE,2012,5,16,20,4.1,,,,,,,,953.6,,1.3,,0,0,0,0,0,0,0,,,,
RUE,2012,5,16,21,3.8,,,,,,,,953.8,,1.3,,0,0,0,0,0,0,0,,,,
RUE,2012,5,16,22,3.6,,,,,,,,953.7,,2,,0,0,0,0,0,0,0,,,,
RUE,2012,5,16,23,3.6,,,,,,,,953.4,,1.5,,0,0,0,0,0,0,0,,,,
RUE,2012,5,17,0,3.1,,,,,,,,952.8,,1.6,,0,0,0,0,0,0,0,,,,
RUE,2012,5,17,1,2.8,,,,,,,,952.3,,1.4,,0,0,0,0,0,0,0,,,,
RUE,2012,5,17,2,2.2,,,,,,,,951.9,,1.4,,0,0,0,0,0,0,0,,,,
RUE,2012,5,17,3,1.4,,,,,,,,951.5,,1.5,,0,0,0,0,0,0,0,,,,
RUE,2012,5,17,4,0.9,,,,,,,,951.4,,1.6,,22,0,0,0,0,0,0,,,,
RUE,2012,5,17,5,2.4,,,,,,,,951.1,,1.9,,149,0,0,0,0,0,0,,,,
RUE,2012,5,17,6,4.7,,,,,,,,950.6,,2.2,,354,0,0,0,0,0,0,,,,
RUE,2012,5,17,7,6.2,,,,,,,,950.2,,3.2,,539,2539.2,88.9,0,0,0,0,,,,
RUE,2012,5,17,8,7.5,,,,,,,,950,,3.6,,700,1703.7,115.5,0,0,0,0,,,,
RUE,2012,5,17,9,9.5,,,,,,,,949.4,,4,,822,1365.3,135.6,0,0,0,0,,,,
RUE,2012,5,17,10,10.8,,,,,,,,948.8,,4.6,,881,1140.6,145.4,0,0,0,0,,,,
RUE,2012,5,17,11,12.1,,,,,,,,948,,4.6,,941,1033.9,155.3,0,0,0,0,,,,
RUE,2012,5,17,12,13.2,,,,,,,,947.2,,4.8,,950,944.3,156.8,0,0,0,0,,,,
RUE,2012,5,17,13,13.9,,,,,,,,946.6,,4.3,,882,820.5,160.3,0,0,0,0,,,,
RUE,2012,5,17,14,14.3,,,,,,,,945.8,,4.5,,747,549.6,265.6,0,0,0,0,,,,
RUE,2012,5,17,15,14.3,,,,,,,,944.8,,4.8,,571,258,357.1,0,0,0,0,,,,
RUE,2012,5,17,16,13.9,,,,,,,,943.7,,4.8,,393,81.8,332.2,0,0,0,0,,,,
RUE,2012,5,17,17,12.7,,,,,,,,943.2,,4.4,,170,5,166.9,0,0,0,0,,,,
RUE,2012,5,17,18,11.5,,,,,,,,942.6,,4.2,,60,1.1,59.5,0,0,0,0,,,,
RUE,2012,5,17,19,10.7,,,,,,,,942.2,,3.5,,2,0,2,0,0,0,0,,,,
RUE,2012,5,17,20,10.7,,,,,,,,941.8,,3.2,,0,0,0,0,0,0,0,,,,
RUE,2012,5,17,21,10.4,,,,,,,,941.5,,3.3,,0,0,0,0,0,0,0,,,,
RUE,2012,5,17,22,9.8,,,,,,,,941.4,,3.2,,0,0,0,0,0,0,0,,,,
RUE,2012,5,17,23,9.5,,,,,,,,940.8,,3.5,,0,0,0,0,0,0,0,,,,
RUE,2012,5,18,0,9.1,,,,,,,,940.7,,2.9,,0,0,0,0,0,0,0,,,,
RUE,2012,5,18,1,8.3,,,,,,,,939.9,,3.9,,0,0,0,0,0,0,0,,,,
RUE,2012,5,18,2,8,,,,,,,,940,,2.7,,0,0,0,0,0,0,0,,,,
RUE,2012,5,18,3,8.1,,,,,,,,939.8,,2.8,,0,0,0,0,0,0,0,,,,
RUE,2012,5,18,4,7.9,,,,,,,,939.5,,2.1,,11,0,0,0,0,0,0,,,,
RUE,2012,5,18,5,8.2,,,,,,,,939.6,,2.1,,37,0,0,0,0,0,0,,,,
RUE,2012,5,18,6,11.2,,,,,,,,940,,1.3,,186,0,0,0,0,0,0,,,,
RUE,2012,5,18,7,11.7,,,,,,,,940.2,,2.7,,252,1169.8,41.6,0,0,0,0,,,,
RUE,2012,5,18,8,12.4,,,,,,,,940.4,,3.2,,368,889.4,60.7,0,0,0,0,,,,
RUE,2012,5,18,9,13.7,,,,,,,,940.4,,3.4,,375,344.9,200.9,0,0,0,0,,,,
RUE,2012,5,18,10,15.5,,,,,,,,940.7,,2.5,,441,248.2,280.4,0,0,0,0,,,,
RUE,2012,5,18,11,17,,,,,,,,940.8,,2,,786,857.9,132.4,0,0,0,0,,,,
RUE,2012,5,18,12,17.3,,,,,,,,940.7,,1.1,,702,513.1,270.1,0,0,0,0,,,,
RUE,2012,5,18,13,16.8,,,,,,,,940.7,,1.8,,306,10.5,296.8,0,0,0,0,,,,
RUE,2012,5,18,14,15.5,,,,,,,,941,,1,,131,1.5,129.7,0,0,0,0,,,,
RUE,2012,5,18,15,15,,,,,,,,941,,0.7,,151,2.2,149.1,0,0,0,0,,,,
RUE,2012,5,18,16,15.1,,,,,,,,941,,1,,148,2.7,146,0,0,0,0,,,,
RUE,2012,5,18,17,14.6,,,,,,,,941.2,,1.4,,79,1.1,78.3,0,0,0,0,,,,
RUE,2012,5,18,18,13.8,,,,,,,,941.6,,0.7,,15,0.1,15,0,0,0,0,,,,
RUE,2012,5,18,19,13.5,,,,,,,,942.1,,0.6,,1,0,1,0,0,0,0,,,,
RUE,2012,5,18,20,13.2,,,,,,,,942.7,,0.5,,0,0,0,0,0,0,0,,,,
RUE,2012,5,18,21,12.9,,,,,,,,942.8,,0.9,,0,0,0,0,0,0,0,,,,
RUE,2012,5,18,22,12.6,,,,,,,,943.1,,1.1,,0,0,0,0,0,0,0,,,,
RUE,2012,5,18,23,12.8,,,,,,,,943.1,,1.1,,0,0,0,0,0,0,0,,,,
RUE,2012,5,19,0,12.7,,,,,,,,943,,1,,0,0,0,0,0,0,0,,,,
RUE,2012,5,19,1,12.5,,,,,,,,942.8,,0.6,,0,0,0,0,0,0,0,,,,
RUE,2012,5,19,2,12.5,,,,,,,,942.7,,0.8,,0,0,0,0,0,0,0,,,,
RUE,2012,5,19,3,12.5,,,,,,,,942.5,,1.5,,0,0,0,0,0,0,0,,,,
RUE,2012,5,19,4,12.3,,,,,,,,942.4,,1.1,,23,0,0,0,0,0,0,,,,
RUE,2012,5,19,5,12.8,,,,,,,,942.4,,1.3,,88,0,0,0,0,0,0,,,,
RUE,2012,5,19,6,13.3,,,,,,,,942.2,,1.8,,132,0,0,0,0,0,0,,,,
RUE,2012,5,19,7,13.9,,,,,,,,941.7,,2.3,,227,1039.1,37.5,0,0,0,0,,,,
RUE,2012,5,19,8,15.7,,,,,,,,941.3,,3.2,,522,1253.2,86.1,0,0,0,0,,,,
RUE,2012,5,19,9,17.2,,,,,,,,941.1,,4.1,,560,922.2,92.4,0,0,0,0,,,,
RUE,2012,5,19,10,16.8,,,,,,,,941,,3.2,,330,68.1,285.8,0,0,0,0,,,,
RUE,2012,5,19,11,17.1,,,,,,,,941,,2.2,,268,11,259.6,0,0,0,0,,,,
RUE,2012,5,19,12,16.1,,,,,,,,940.3,,1,,194,3.6,191,0,0,0,0,,,,
RUE,2012,5,19,13,17.2,,,,,,,,939.9,,0.7,,410,43.6,371.5,0,0,0,0,,,,
RUE,2012,5,19,14,18.4,,,,,,,,939.2,,0.9,,485,99.7,397.3,0,0,0,0,,,,
RUE,2012,5,19,15,18.2,,,,,,,,938.9,,0.7,,224,4.9,219.9,0,0,0,0,,,,
RUE,2012,5,19,16,18.2,,,,,,,,938.4,,1.3,,262,11,253.8,0,0,0,0,,,,
RUE,2012,5,19,17,18.4,,,,,,,,938,,1.2,,215,9.9,208.8,0,0,0,0,,,,
RUE,2012,5,19,18,17.7,,,,,,,,937.8,,0.9,,68,1.3,67.4,0,0,0,0,,,,
RUE,2012,5,19,19,16.3,,,,,,,,937.3,,1.3,,2,0,2,0,0,0,0,,,,
RUE,2012,5,19,20,15.4,,,,,,,,937.8,,1.1,,0,0,0,0,0,0,0,,,,
RUE,2012,5,19,21,14.3,,,,,,,,938.7,,1.6,,0,0,0,0,0,0,0,,,,
RUE,2012,5,19,22,13.8,,,,,,,,939,,2.2,,0,0,0,0,0,0,0,,,,
RUE,2012,5,19,23,12.9,,,,,,,,939.3,,2.8,,0,0,0,0,0,0,0,,,,
RUE,2012,5,20,0,12.3,,,,,,,,939,,1.9,,0,0,0,0,0,0,0,,,,
RUE,2012,5,20,1,11.9,,,,,,,,938.5,,1.1,,0,0,0,0,0,0,0,,,,
RUE,2012,5,20,2,11.5,,,,,,,,937.9,,0.8,,0,0,0,0,0,0,0,,,,
RUE,2012,5,20,3,11.4,,,,,,,,937.2,,1.1,,0,0,0,0,0,0,0,,,,
RUE,2012,5,20,4,10.8,,,,,,,,936.9,,0.8,,28,0,0,0,0,0,0,,,,
RUE,2012,5,20,5,11.9,,,,,,,,936.7,,0.3,,161,0,0,0,0,0,0,,,,
RUE,2012,5,20,6,13.1,,,,,,,,936.6,,0.5,,351,0,0,0,0,0,0,,,,
RUE,2012,5,20,7,15.2,,,,,,,,936.5,,1.6,,518,2339.8,85.5,0,0,0,0,,,,
RUE,2012,5,20,8,16,,,,,,,,936.1,,3.2,,414,987.5,68.3,0,0,0,0,,,,
RUE,2012,5,20,9,16.9,,,,,,,,935.6,,2.3,,437,561.9,150.9,0,0,0,0,,,,
RUE,2012,5,20,10,18.3,,,,,,,,935.4,,1.9,,687,881.9,113.1,0,0,0,0,,,,
RUE,2012,5,20,11,20,,,,,,,,934.9,,2.1,,943,1028.7,155.6,0,0,0,0,,,,
RUE,2012,5,20,12,20.5,,,,,,,,934.5,,2.6,,880,868.4,146,0,0,0,0,,,,
RUE,2012,5,20,13,21.1,,,,,,,,934.1,,1.9,,656,343.6,352.1,0,0,0,0,,,,
RUE,2012,5,20,14,20.7,,,,,,,,933.4,,1.9,,254,5.6,249.1,0,0,0,0,,,,
RUE,2012,5,20,15,20.3,,,,,,,,933,,2.5,,247,6,242,0,0,0,0,,,,
RUE,2012,5,20,16,19.9,,,,,,,,932.5,,2.9,,127,1.9,125.5,0,0,0,0,,,,
RUE,2012,5,20,17,19.4,,,,,,,,932.4,,3,,115,2.3,113.6,0,0,0,0,,,,
RUE,2012,5,20,18,18.9,,,,,,,,931.6,,3.4,,39,0.4,38.8,0,0,0,0,,,,
RUE,2012,5,20,19,17.5,,,,,,,,931.3,,2.5,,2,0,2,0,0,0,0,,,,
RUE,2012,5,20,20,16.3,,,,,,,,931.8,,0.6,,0,0,0,0,0,0,0,,,,
RUE,2012,5,20,21,15.3,,,,,,,,932,,1,,0,0,0,0,0,0,0,,,,
RUE,2012,5,20,22,14.9,,,,,,,,932.3,,1.9,,0,0,0,0,0,0,0,,,,
RUE,2012,5,20,23,14.1,,,,,,,,932,,1.9,,0,0,0,0,0,0,0,,,,
RUE,2012,5,21,0,13.8,,,,,,,,931.7,,1.6,,0,0,0,0,0,0,0,,,,
RUE,2012,5,21,1,12.8,,,,,,,,931.3,,1.7,,0,0,0,0,0,0,0,,,,
RUE,2012,5,21,2,11.8,,,,,,,,930.3,,1.6,,0,0,0,0,0,0,0,,,,
RUE,2012,5,21,3,11.6,,,,,,,,930,,0.5,,0,0,0,0,0,0,0,,,,
RUE,2012,5,21,4,11.6,,,,,,,,929.4,,0.5,,13,0,0,0,0,0,0,,,,
RUE,2012,5,21,5,11.9,,,,,,,,929.5,,0.3,,25,0,0,0,0,0,0,,,,
RUE,2012,5,21,6,12.2,,,,,,,,929.5,,0.6,,89,0,0,0,0,0,0,,,,
RUE,2012,5,21,7,12.9,,,,,,,,929.3,,1.1,,149,441.7,66.3,0,0,0,0,,,,
RUE,2012,5,21,8,13.8,,,,,,,,929.2,,1.5,,493,1168.9,81.3,0,0,0,0,,,,
RUE,2012,5,21,9,15.1,,,,,,,,929.3,,1.7,,577,942.8,95.2,0,0,0,0,,,,
RUE,2012,5,21,10,15.8,,,,,,,,929.2,,3.2,,584,633.8,170.4,0,0,0,0,,,,
RUE,2012,5,21,11,16.3,,,,,,,,929.1,,3.4,,621,467.4,262.4,0,0,0,0,,,,
RUE,2012,5,21,12,16,,,,,,,,929.2,,3.1,,450,84.2,378.7,0,0,0,0,,,,
RUE,2012,5,21,13,15.3,,,,,,,,929.6,,2.7,,274,6.8,268,0,0,0,0,,,,
RUE,2012,5,21,14,15.6,,,,,,,,929.9,,3,,368,25.4,345.6,0,0,0,0,,,,
RUE,2012,5,21,15,17.1,,,,,,,,929.7,,2.7,,572,252.1,361.1,0,0,0,0,,,,
RUE,2012,5,21,16,15.8,,,,,,,,929.8,,3.4,,242,7.8,236.1,0,0,0,0,,,,
RUE,2012,5,21,17,14.8,,,,,,,,930.1,,2.8,,87,1.3,86.2,0,0,0,0,,,,
RUE,2012,5,21,18,14.2,,,,,,,,930.6,,3.7,,24,0.2,23.9,0,0,0,0,,,,
RUE,2012,5,21,19,13.5,,,,,,,,931.1,,1.9,,1,0,1,0,0,0,0,,,,
RUE,2012,5,21,20,12.7,,,,,,,,931.6,,1.2,,0,0,0,0,0,0,0,,,,
RUE,2012,5,21,21,12.3,,,,,,,,931.8,,1.3,,0,0,0,0,0,0,0,,,,
RUE,2012,5,21,22,12,,,,,,,,931.8,,1.8,,0,0,0,0,0,0,0,,,,
RUE,2012,5,21,23,11.6,,,,,,,,932,,1.5,,0,0,0,0,0,0,0,,,,
RUE,2012,5,22,0,11.6,,,,,,,,931.9,,0.8,,0,0,0,0,0,0,0,,,,
RUE,2012,5,22,1,11.6,,,,,,,,932,,1.7,,0,0,0,0,0,0,0,,,,
RUE,2012,5,22,2,11.2,,,,,,,,932.1,,2.2,,0,0,0,0,0,0,0,,,,
RUE,2012,5,22,3,11.1,,,,,,,,932.3,,1.2,,0,0,0,0,0,0,0,,,,
RUE,2012,5,22,4,10.9,,,,,,,,932.8,,1.4,,8,0,0,0,0,0,0,,,,
RUE,2012,5,22,5,10.8,,,,,,,,933.2,,1.3,,83,0,0,0,0,0,0,,,,
RUE,2012,5,22,6,11.3,,,,,,,,933.8,,1.2,,217,0,0,0,0,0,0,,,,
RUE,2012,5,22,7,11.7,,,,,,,,934.6,,0.9,,217,956.4,35.8,0,0,0,0,,,,
RUE,2012,5,22,8,13.7,,,,,,,,935.1,,1,,812,1914.1,134,0,0,0,0,,,,
RUE,2012,5,22,9,14.6,,,,,,,,935.5,,1,,730,1188.5,120.5,0,0,0,0,,,,
RUE,2012,5,22,10,16.5,,,,,,,,936.2,,1.4,,968,1235.4,159.7,0,0,0,0,,,,
RUE,2012,5,22,11,16.9,,,,,,,,937,,1.1,,967,1050.4,159.6,0,0,0,0,,,,
RUE,2012,5,22,12,17,,,,,,,,937.8,,1.2,,501,136.4,385.2,0,0,0,0,,,,
RUE,2012,5,22,13,18.3,,,,,,,,938.4,,0.7,,714,457.7,307.6,0,0,0,0,,,,
RUE,2012,5,22,14,18.8,,,,,,,,939,,1.7,,541,159.1,400.3,0,0,0,0,,,,
RUE,2012,5,22,15,18.7,,,,,,,,939.8,,4.3,,580,264.5,358.3,0,0,0,0,,,,
RUE,2012,5,22,16,17.6,,,,,,,,940.6,,4.4,,458,155.4,341,0,0,0,0,,,,
RUE,2012,5,22,17,16.5,,,,,,,,941.3,,3.5,,267,26.9,250,0,0,0,0,,,,
RUE,2012,5,22,18,15.1,,,,,,,,942.1,,2.2,,60,1,59.5,0,0,0,0,,,,
RUE,2012,5,22,19,13.5,,,,,,,,943.2,,2.1,,0,0,0,0,0,0,0,,,,
RUE,2012,5,22,20,12.9,,,,,,,,944,,1.7,,0,0,0,0,0,0,0,,,,
RUE,2012,5,22,21,12.7,,,,,,,,944.7,,1.6,,0,0,0,0,0,0,0,,,,
RUE,2012,5,22,22,12.6,,,,,,,,945.1,,1.4,,0,0,0,0,0,0,0,,,,
RUE,2012,5,22,23,12.6,,,,,,,,945.4,,1.7,,0,0,0,0,0,0,0,,,,
RUE,2012,5,23,0,12.4,,,,,,,,945.6,,1.4,,0,0,0,0,0,0,0,,,,
RUE,2012,5,23,1,12.4,,,,,,,,945.8,,1.5,,0,0,0,0,0,0,0,,,,
RUE,2012,5,23,2,12.4,,,,,,,,946,,1.5,,0,0,0,0,0,0,0,,,,
RUE,2012,5,23,3,12.6,,,,,,,,946.4,,0.7,,0,0,0,0,0,0,0,,,,
RUE,2012,5,23,4,12.6,,,,,,,,946.9,,0.7,,7,0,0,0,0,0,0,,,,
RUE,2012,5,23,5,12.6,,,,,,,,947.2,,1.1,,27,0,0,0,0,0,0,,,,
RUE,2012,5,23,6,13.1,,,,,,,,947.6,,1.3,,79,0,0,0,0,0,0,,,,
RUE,2012,5,23,7,13.4,,,,,,,,948.3,,1.2,,102,85.1,85.7,0,0,0,0,,,,
RUE,2012,5,23,8,13.6,,,,,,,,948.8,,1.5,,112,7.2,109.4,0,0,0,0,,,,
RUE,2012,5,23,9,13.7,,,,,,,,949.3,,1.8,,73,1.4,72.3,0,0,0,0,,,,
RUE,2012,5,23,10,13.7,,,,,,,,949.6,,1.5,,92,1.3,91.1,0,0,0,0,,,,
RUE,2012,5,23,11,13.9,,,,,,,,949.9,,1.8,,118,1.6,116.8,0,0,0,0,,,,
RUE,2012,5,23,12,14.2,,,,,,,,950.3,,1.6,,168,2.6,165.8,0,0,0,0,,,,
RUE,2012,5,23,13,14.7,,,,,,,,950.4,,1.4,,169,2.4,166.8,0,0,0,0,,,,
RUE,2012,5,23,14,15.2,,,,,,,,950.6,,1.8,,232,4.6,227.9,0,0,0,0,,,,
RUE,2012,5,23,15,15.7,,,,,,,,950.7,,1.4,,173,2.9,170.6,0,0,0,0,,,,
RUE,2012,5,23,16,16.2,,,,,,,,950.8,,2,,156,2.9,153.8,0,0,0,0,,,,
RUE,2012,5,23,17,15.8,,,,,,,,951,,2,,59,0.6,58.6,0,0,0,0,,,,
RUE,2012,5,23,18,15.9,,,,,,,,951.2,,1,,57,0.9,56.6,0,0,0,0,,,,
RUE,2012,5,23,19,15.5,,,,,,,,951.4,,1,,5,0,5,0,0,0,0,,,,
RUE,2012,5,23,20,15.4,,,,,,,,951.9,,1.1,,0,0,0,0,0,0,0,,,,
RUE,2012,5,23,21,15.3,,,,,,,,952.2,,0.9,,0,0,0,0,0,0,0,,,,
RUE,2012,5,23,22,15.2,,,,,,,,952.2,,1,,0,0,0,0,0,0,0,,,,
RUE,2012,5,23,23,15.2,,,,,,,,952.2,,1,,0,0,0,0,0,0,0,,,,
RUE,2012,5,24,0,15.1,,,,,,,,952,,0.7,,0,0,0,0,0,0,0,,,,
RUE,2012,5,24,1,14.8,,,,,,,,952.1,,0.5,,0,0,0,0,0,0,0,,,,
RUE,2012,5,24,2,14.1,,,,,,,,951.6,,0.6,,0,0,0,0,0,0,0,,,,
RUE,2012,5,24,3,14.3,,,,,,,,951.4,,0.8,,0,0,0,0,0,0,0,,,,
RUE,2012,5,24,4,14.4,,,,,,,,951.8,,0.6,,10,0,0,0,0,0,0,,,,
RUE,2012,5,24,5,14.7,,,,,,,,952,,0.4,,71,0,0,0,0,0,0,,,,
RUE,2012,5,24,6,15.5,,,,,,,,952.2,,0.5,,107,0,0,0,0,0,0,,,,
RUE,2012,5,24,7,16.1,,,,,,,,952.4,,0.7,,193,813.3,35.5,0,0,0,0,,,,
RUE,2012,5,24,8,17.1,,,,,,,,952.5,,2.5,,343,751.6,73.9,0,0,0,0,,,,
RUE,2012,5,24,9,18.2,,,,,,,,952.4,,2.8,,550,889.5,90.8,0,0,0,0,,,,
RUE,2012,5,24,10,19.5,,,,,,,,952.1,,2.4,,792,1005.9,130.7,0,0,0,0,,,,
RUE,2012,5,24,11,21.6,,,,,,,,951.6,,3.8,,885,957.6,146,0,0,0,0,,,,
RUE,2012,5,24,12,21.9,,,,,,,,951.2,,4.3,,593,272.3,361.2,0,0,0,0,,,,
RUE,2012,5,24,13,20.9,,,,,,,,951.3,,2.6,,297,8.9,289.1,0,0,0,0,,,,
RUE,2012,5,24,14,21.6,,,,,,,,950.8,,2.9,,410,42.8,372,0,0,0,0,,,,
RUE,2012,5,24,15,21.8,,,,,,,,950.5,,2.7,,400,49.3,358.5,0,0,0,0,,,,
RUE,2012,5,24,16,19.7,,,,,,,,950.3,,1.7,,143,2.4,141.2,0,0,0,0,,,,
RUE,2012,5,24,17,19.2,,,,,,,,950.5,,1,,92,1.4,91.1,0,0,0,0,,,,
RUE,2012,5,24,18,18.6,,,,,,,,950.3,,1.2,,45,0.6,44.7,0,0,0,0,,,,
RUE,2012,5,24,19,18.2,,,,,,,,950.5,,0.8,,2,0,2,0,0,0,0,,,,
RUE,2012,5,24,20,17.5,,,,,,,,950.6,,2.1,,0,0,0,0,0,0,0,,,,
RUE,2012,5,24,21,16.9,,,,,,,,950.4,,2.1,,0,0,0,0,0,0,0,,,,
RUE,2012,5,24,22,16.6,,,,,,,,950.4,,1.6,,0,0,0,0,0,0,0,,,,
RUE,2012,5,24,23,16.1,,,,,,,,950.1,,2.5,,0,0,0,0,0,0,0,,,,
RUE,2012,5,25,0,15.6,,,,,,,,949.6,,2.7,,0,0,0,0,0,0,0,,,,
RUE,2012,5,25,1,15,,,,,,,,949.2,,2,,0,0,0,0,0,0,0,,,,
RUE,2012,5,25,2,14.5,,,,,,,,948.8,,2.9,,0,0,0,0,0,0,0,,,,
RUE,2012,5,25,3,14.3,,,,,,,,948.7,,2.2,,0,0,0,0,0,0,0,,,,
RUE,2012,5,25,4,13.8,,,,,,,,949,,1.4,,33,0,0,0,0,0,0,,,,
RUE,2012,5,25,5,14.3,,,,,,,,949.2,,2,,165,0,0,0,0,0,0,,,,
RUE,2012,5,25,6,15.2,,,,,,,,949.2,,3.1,,349,0,0,0,0,0,0,,,,
RUE,2012,5,25,7,16.3,,,,,,,,949.2,,4,,524,2236.8,86.5,0,0,0,0,,,,
RUE,2012,5,25,8,17.9,,,,,,,,949,,3.6,,690,1601.3,113.9,0,0,0,0,,,,
RUE,2012,5,25,9,19.1,,,,,,,,948.8,,4.7,,794,1280.1,131,0,0,0,0,,,,
RUE,2012,5,25,10,19.7,,,,,,,,948.6,,6.6,,862,1092.4,142.2,0,0,0,0,,,,
RUE,2012,5,25,11,20.3,,,,,,,,948.3,,6.4,,927,1001.3,153,0,0,0,0,,,,
RUE,2012,5,25,12,20.6,,,,,,,,947.9,,5.2,,879,858,147.5,0,0,0,0,,,,
RUE,2012,5,25,13,21,,,,,,,,947.5,,6.3,,896,824.5,160.4,0,0,0,0,,,,
RUE,2012,5,25,14,21,,,,,,,,947.2,,6.9,,763,564,261.7,0,0,0,0,,,,
RUE,2012,5,25,15,21.2,,,,,,,,946.9,,5.1,,615,324.9,341.1,0,0,0,0,,,,
RUE,2012,5,25,16,20.8,,,,,,,,946.7,,5.1,,453,144.2,343.7,0,0,0,0,,,,
RUE,2012,5,25,17,20,,,,,,,,946.5,,6.7,,267,25.8,250.5,0,0,0,0,,,,
RUE,2012,5,25,18,18.8,,,,,,,,946.7,,4.6,,102,2.9,100.6,0,0,0,0,,,,
RUE,2012,5,25,19,17.5,,,,,,,,946.6,,5.1,,7,0,7,0,0,0,0,,,,
RUE,2012,5,25,20,16.4,,,,,,,,946.9,,4.9,,0,0,0,0,0,0,0,,,,
RUE,2012,5,25,21,15.9,,,,,,,,947,,5.5,,0,0,0,0,0,0,0,,,,
RUE,2012,5,25,22,14.8,,,,,,,,946.9,,3.5,,0,0,0,0,0,0,0,,,,
RUE,2012,5,25,23,14.2,,,,,,,,946.6,,2.6,,0,0,0,0,0,0,0,,,,
RUE,2012,5,26,0,14.1,,,,,,,,946.2,,3.6,,0,0,0,0,0,0,0,,,,
RUE,2012,5,26,1,13.4,,,,,,,,946.2,,1.8,,0,0,0,0,0,0,0,,,,
RUE,2012,5,26,2,13.1,,,,,,,,946.1,,1.6,,0,0,0,0,0,0,0,,,,
RUE,2012,5,26,3,12.5,,,,,,,,946.4,,2.8,,0,0,0,0,0,0,0,,,,
RUE,2012,5,26,4,12.5,,,,,,,,946.7,,1.8,,38,0,0,0,0,0,0,,,,
RUE,2012,5,26,5,13,,,,,,,,947,,1.9,,177,0,0,0,0,0,0,,,,
RUE,2012,5,26,6,14,,,,,,,,947.2,,3.5,,361,0,0,0,0,0,0,,,,
RUE,2012,5,26,7,15.1,,,,,,,,947.3,,3.6,,538,2275,88.8,0,0,0,0,,,,
RUE,2012,5,26,8,16.6,,,,,,,,947.4,,4,,698,1612.4,115.2,0,0,0,0,,,,
RUE,2012,5,26,9,18,,,,,,,,947.3,,5.4,,825,1326.2,136.1,0,0,0,0,,,,
RUE,2012,5,26,10,19.1,,,,,,,,947.3,,5.8,,920,1163.5,151.8,0,0,0,0,,,,
RUE,2012,5,26,11,19.7,,,,,,,,947.1,,5.2,,964,1039.5,159.1,0,0,0,0,,,,
RUE,2012,5,26,12,20.4,,,,,,,,947,,4.7,,947,926.1,156.3,0,0,0,0,,,,
RUE,2012,5,26,13,20.9,,,,,,,,946.8,,4.7,,886,806.5,165.4,0,0,0,0,,,,
RUE,2012,5,26,14,21,,,,,,,,946.6,,4.9,,765,566.1,261,0,0,0,0,,,,
RUE,2012,5,26,15,21,,,,,,,,946.4,,4.8,,630,353.1,331.8,0,0,0,0,,,,
RUE,2012,5,26,16,20.6,,,,,,,,946.2,,5,,422,104.1,342.9,0,0,0,0,,,,
RUE,2012,5,26,17,19.9,,,,,,,,946.2,,4.9,,241,15.3,231.2,0,0,0,0,,,,
RUE,2012,5,26,18,18.5,,,,,,,,946.3,,4.3,,104,3,102.5,0,0,0,0,,,,
RUE,2012,5,26,19,16.8,,,,,,,,946.5,,2.6,,8,0,8,0,0,0,0,,,,
RUE,2012,5,26,20,16,,,,,,,,946.7,,4.2,,0,0,0,0,0,0,0,,,,
RUE,2012,5,26,21,15.5,,,,,,,,946.9,,4.4,,0,0,0,0,0,0,0,,,,
RUE,2012,5,26,22,14.3,,,,,,,,947,,3.2,,0,0,0,0,0,0,0,,,,
RUE,2012,5,26,23,13.6,,,,,,,,946.7,,3.8,,0,0,0,0,0,0,0,,,,
RUE,2012,5,27,0,12.9,,,,,,,,946.6,,2.4,,0,0,0,0,0,0,0,,,,
RUE,2012,5,27,1,12.9,,,,,,,,946.6,,1.5,,0,0,0,0,0,0,0,,,,
RUE,2012,5,27,2,12.4,,,,,,,,946.4,,0.8,,0,0,0,0,0,0,0,,,,
RUE,2012,5,27,3,12.1,,,,,,,,946.4,,0.8,,0,0,0,0,0,0,0,,,,
RUE,2012,5,27,4,11.6,,,,,,,,946.6,,0.6,,21,0,0,0,0,0,0,,,,
RUE,2012,5,27,5,11.8,,,,,,,,946.7,,0.6,,80,0,0,0,0,0,0,,,,
RUE,2012,5,27,6,12.3,,,,,,,,947,,0.4,,156,0,0,0,0,0,0,,,,
RUE,2012,5,27,7,13.7,,,,,,,,947.2,,1.5,,307,1286.7,50.7,0,0,0,0,,,,
RUE,2012,5,27,8,14.9,,,,,,,,947.3,,2.2,,470,1081,77.5,0,0,0,0,,,,
RUE,2012,5,27,9,15.8,,,,,,,,947.3,,2.5,,559,896.2,92.2,0,0,0,0,,,,
RUE,2012,5,27,10,17.4,,,,,,,,947.1,,2.7,,783,988.3,129.2,0,0,0,0,,,,
RUE,2012,5,27,11,18,,,,,,,,946.9,,3.1,,765,798.7,145.5,0,0,0,0,,,,
RUE,2012,5,27,12,19.4,,,,,,,,946.7,,3.6,,896,875.2,147.6,0,0,0,0,,,,
RUE,2012,5,27,13,19.7,,,,,,,,946.3,,3.4,,717,454.4,310.5,0,0,0,0,,,,
RUE,2012,5,27,14,20.2,,,,,,,,945.9,,3.3,,688,399.1,332.1,0,0,0,0,,,,
RUE,2012,5,27,15,19.8,,,,,,,,945.7,,3.2,,436,73.3,373.9,0,0,0,0,,,,
RUE,2012,5,27,16,18.6,,,,,,,,945.6,,3.8,,245,7.8,239.1,0,0,0,0,,,,
RUE,2012,5,27,17,18,,,,,,,,945.5,,2.6,,265,24.2,249.5,0,0,0,0,,,,
RUE,2012,5,27,18,17,,,,,,,,945.6,,1.8,,87,2.1,86,0,0,0,0,,,,
RUE,2012,5,27,19,16.4,,,,,,,,945.7,,1,,8,0,8,0,0,0,0,,,,
RUE,2012,5,27,20,15.8,,,,,,,,945.9,,0.6,,0,0,0,0,0,0,0,,,,
RUE,2012,5,27,21,15.1,,,,,,,,946,,0.4,,0,0,0,0,0,0,0,,,,
RUE,2012,5,27,22,14.4,,,,,,,,946,,0.5,,0,0,0,0,0,0,0,,,,
RUE,2012,5,27,23,13.5,,,,,,,,946.1,,0.5,,0,0,0,0,0,0,0,,,,
RUE,2012,5,28,0,12.7,,,,,,,,945.8,,0.7,,0,0,0,0,0,0,0,,,,
RUE,2012,5,28,1,12.4,,,,,,,,945.6,,0.6,,0,0,0,0,0,0,0,,,,
RUE,2012,5,28,2,12.3,,,,,,,,945.5,,0.9,,0,0,0,0,0,0,0,,,,
RUE,2012,5,28,3,12.7,,,,,,,,945.5,,0.7,,0,0,0,0,0,0,0,,,,
RUE,2012,5,28,4,12.7,,,,,,,,945.8,,0.7,,37,0,0,0,0,0,0,,,,
RUE,2012,5,28,5,13.3,,,,,,,,946,,0.1,,170,0,0,0,0,0,0,,,,
RUE,2012,5,28,6,14.7,,,,,,,,946.1,,0.3,,349,0,0,0,0,0,0,,,,
RUE,2012,5,28,7,16.1,,,,,,,,946.3,,0.8,,525,2182.1,86.6,0,0,0,0,,,,
RUE,2012,5,28,8,17.7,,,,,,,,946.2,,0.6,,685,1569,113,0,0,0,0,,,,
RUE,2012,5,28,9,18.4,,,,,,,,946.1,,1.1,,819,1309.6,135.1,0,0,0,0,,,,
RUE,2012,5,28,10,19,,,,,,,,946,,1.7,,816,1028,134.6,0,0,0,0,,,,
RUE,2012,5,28,11,19.7,,,,,,,,945.8,,2.4,,898,965.4,148.2,0,0,0,0,,,,
RUE,2012,5,28,12,20.6,,,,,,,,945.6,,2.7,,924,901.1,152.5,0,0,0,0,,,,
RUE,2012,5,28,13,20.6,,,,,,,,945.4,,2.3,,827,690.3,208.6,0,0,0,0,,,,
RUE,2012,5,28,14,21.3,,,,,,,,945.2,,2.8,,761,553.2,267.1,0,0,0,0,,,,
RUE,2012,5,28,15,21.3,,,,,,,,945,,3.3,,621,331.3,340.2,0,0,0,0,,,,
RUE,2012,5,28,16,21,,,,,,,,944.8,,3.5,,451,138,345.7,0,0,0,0,,,,
RUE,2012,5,28,17,20.4,,,,,,,,944.7,,3.8,,264,23.4,248.9,0,0,0,0,,,,
RUE,2012,5,28,18,19.2,,,,,,,,944.7,,2.9,,97,2.5,95.7,0,0,0,0,,,,
RUE,2012,5,28,19,18.2,,,,,,,,944.9,,2,,8,0,8,0,0,0,0,,,,
RUE,2012,5,28,20,17.5,,,,,,,,945.2,,1.3,,0,0,0,0,0,0,0,,,,
RUE,2012,5,28,21,16.8,,,,,,,,945.5,,1.2,,0,0,0,0,0,0,0,,,,
RUE,2012,5,28,22,16.7,,,,,,,,945.4,,0.7,,0,0,0,0,0,0,0,,,,
RUE,2012,5,28,23,17,,,,,,,,945.1,,0.9,,0,0,0,0,0,0,0,,,,
RUE,2012,5,29,0,16.4,,,,,,,,944.8,,0.6,,0,0,0,0,0,0,0,,,,
RUE,2012,5,29,1,16,,,,,,,,944.9,,0.8,,0,0,0,0,0,0,0,,,,
RUE,2012,5,29,2,14.6,,,,,,,,944.9,,1.3,,0,0,0,0,0,0,0,,,,
RUE,2012,5,29,3,14.8,,,,,,,,944.6,,1.3,,0,0,0,0,0,0,0,,,,
RUE,2012,5,29,4,14,,,,,,,,944.9,,1.2,,40,0,0,0,0,0,0,,,,
RUE,2012,5,29,5,15,,,,,,,,945.1,,0.4,,165,0,0,0,0,0,0,,,,
RUE,2012,5,29,6,16.5,,,,,,,,945.2,,0.5,,345,0,0,0,0,0,0,,,,
RUE,2012,5,29,7,17.6,,,,,,,,945.3,,1.3,,518,2136.4,85.5,0,0,0,0,,,,
RUE,2012,5,29,8,19,,,,,,,,945.3,,1.7,,669,1526.5,110.4,0,0,0,0,,,,
RUE,2012,5,29,9,19.8,,,,,,,,945.4,,2.4,,768,1225.2,126.7,0,0,0,0,,,,
RUE,2012,5,29,10,20.4,,,,,,,,945.4,,2.5,,790,993.5,130.3,0,0,0,0,,,,
RUE,2012,5,29,11,21.4,,,,,,,,945.2,,2.9,,959,1029.5,158.2,0,0,0,0,,,,
RUE,2012,5,29,12,21.7,,,,,,,,945,,3.2,,937,912.6,154.6,0,0,0,0,,,,
RUE,2012,5,29,13,22.2,,,,,,,,944.9,,2.4,,879,789.3,171.1,0,0,0,0,,,,
RUE,2012,5,29,14,22.6,,,,,,,,944.7,,2.8,,769,568.8,260.4,0,0,0,0,,,,
RUE,2012,5,29,15,22.7,,,,,,,,944.5,,2.8,,631,349.6,334.2,0,0,0,0,,,,
RUE,2012,5,29,16,22.5,,,,,,,,944.4,,3,,464,155.1,345.4,0,0,0,0,,,,
RUE,2012,5,29,17,21.9,,,,,,,,944.5,,2.7,,281,31.7,260.5,0,0,0,0,,,,
RUE,2012,5,29,18,20.7,,,,,,,,944.6,,1.9,,112,3.4,110.3,0,0,0,0,,,,
RUE,2012,5,29,19,19.1,,,,,,,,944.8,,1.8,,9,0,9,0,0,0,0,,,,
RUE,2012,5,29,20,18.1,,,,,,,,945.5,,1.8,,0,0,0,0,0,0,0,,,,
RUE,2012,5,29,21,17.8,,,,,,,,945.8,,1.2,,0,0,0,0,0,0,0,,,,
RUE,2012,5,29,22,17.4,,,,,,,,946.1,,0.6,,0,0,0,0,0,0,0,,,,
RUE,2012,5,29,23,16.4,,,,,,,,946.1,,0.8,,0,0,0,0,0,0,0,,,,
RUE,2012,5,30,0,16.1,,,,,,,,946,,1.1,,0,0,0,0,0,0,0,,,,
RUE,2012,5,30,1,15.4,,,,,,,,946.2,,1.2,,0,0,0,0,0,0,0,,,,
RUE,2012,5,30,2,15.5,,,,,,,,946.3,,0.7,,0,0,0,0,0,0,0,,,,
RUE,2012,5,30,3,15.2,,,,,,,,946.3,,0.4,,0,0,0,0,0,0,0,,,,
RUE,2012,5,30,4,14.7,,,,,,,,946.7,,0.4,,36,0,0,0,0,0,0,,,,
RUE,2012,5,30,5,15.3,,,,,,,,947.3,,0.4,,167,0,0,0,0,0,0,,,,
RUE,2012,5,30,6,17,,,,,,,,947.6,,0.5,,346,0,0,0,0,0,0,,,,
RUE,2012,5,30,7,18.8,,,,,,,,947.8,,0.9,,518,2121,85.5,0,0,0,0,,,,
RUE,2012,5,30,8,19.7,,,,,,,,948,,1.4,,675,1534.7,111.4,0,0,0,0,,,,
RUE,2012,5,30,9,21,,,,,,,,948.2,,1.4,,797,1268.6,131.5,0,0,0,0,,,,
RUE,2012,5,30,10,21.9,,,,,,,,948.3,,1.8,,865,1086.1,142.7,0,0,0,0,,,,
RUE,2012,5,30,11,21.7,,,,,,,,948,,1.4,,629,467.2,265.1,0,0,0,0,,,,
RUE,2012,5,30,12,22,,,,,,,,947.7,,1.6,,649,372.3,329.4,0,0,0,0,,,,
RUE,2012,5,30,13,23,,,,,,,,947.4,,1.9,,694,402.2,332.8,0,0,0,0,,,,
RUE,2012,5,30,14,23.3,,,,,,,,947.2,,2.1,,623,272.8,378.8,0,0,0,0,,,,
RUE,2012,5,30,15,23.4,,,,,,,,947.1,,2.9,,537,184.1,380.5,0,0,0,0,,,,
RUE,2012,5,30,16,23.4,,,,,,,,947.3,,4.1,,474,168.7,344.7,0,0,0,0,,,,
RUE,2012,5,30,17,22.1,,,,,,,,947.4,,4.1,,252,18.1,240.3,0,0,0,0,,,,
RUE,2012,5,30,18,20.1,,,,,,,,947.8,,1.8,,31,0.3,30.9,0,0,0,0,,,,
RUE,2012,5,30,19,19.4,,,,,,,,948.3,,2.3,,4,0,4,0,0,0,0,,,,
RUE,2012,5,30,20,17.9,,,,,,,,948.8,,2.1,,0,0,0,0,0,0,0,,,,
RUE,2012,5,30,21,17,,,,,,,,949.2,,1.9,,0,0,0,0,0,0,0,,,,
RUE,2012,5,30,22,16.4,,,,,,,,949.3,,1.2,,0,0,0,0,0,0,0,,,,
RUE,2012,5,30,23,15.9,,,,,,,,949.3,,0.7,,0,0,0,0,0,0,0,,,,
RUE,2012,5,31,0,16.1,,,,,,,,949.1,,0.4,,0,0,0,0,0,0,0,,,,
RUE,2012,5,31,1,15.5,,,,,,,,949,,0.7,,0,0,0,0,0,0,0,,,,
RUE,2012,5,31,2,14.9,,,,,,,,949,,0.7,,0,0,0,0,0,0,0,,,,
RUE,2012,5,31,3,14.9,,,,,,,,949,,0.7,,0,0,0,0,0,0,0,,,,
RUE,2012,5,31,4,14.5,,,,,,,,949.5,,0.6,,25,0,0,0,0,0,0,,,,
RUE,2012,5,31,5,15.4,,,,,,,,950,,0.4,,138,0,0,0,0,0,0,,,,
RUE,2012,5,31,6,16.5,,,,,,,,950.1,,0.9,,293,0,0,0,0,0,0,,,,
RUE,2012,5,31,7,17.6,,,,,,,,950,,1,,407,1655.3,67.2,0,0,0,0,,,,
RUE,2012,5,31,8,18.6,,,,,,,,949.8,,1,,598,1355.2,98.7,0,0,0,0,,,,
RUE,2012,5,31,9,19.2,,,,,,,,949.6,,1.4,,622,988,102.6,0,0,0,0,,,,
RUE,2012,5,31,10,19.7,,,,,,,,949.6,,1.4,,574,573.1,192.3,0,0,0,0,,,,
RUE,2012,5,31,11,20,,,,,,,,949.4,,2.1,,466,145.3,352.7,0,0,0,0,,,,
RUE,2012,5,31,12,21.1,,,,,,,,948.9,,1.4,,601,278.5,361.7,0,0,0,0,,,,
RUE,2012,5,31,13,21.7,,,,,,,,948.4,,1.9,,714,442.1,316.5,0,0,0,0,,,,
RUE,2012,5,31,14,21.8,,,,,,,,947.8,,2.7,,571,191,399.8,0,0,0,0,,,,
RUE,2012,5,31,15,21.3,,,,,,,,947.4,,2.9,,378,35.4,347.8,0,0,0,0,,,,
RUE,2012,5,31,16,18.5,,,,,,,,947.3,,3.2,,54,0.3,53.7,0,0,0,0,,,,
RUE,2012,5,31,17,17,,,,,,,,947.4,,1.9,,78,1,77.4,0,0,0,0,,,,
RUE,2012,5,31,18,18.1,,,,,,,,947.3,,2.5,,73,1.4,72.3,0,0,0,0,,,,
RUE,2012,5,31,19,17.8,,,,,,,,947.4,,2.3,,6,0,6,0,0,0,0,,,,
RUE,2012,5,31,20,16.2,,,,,,,,947.9,,1.9,,0,0,0,0,0,0,0,,,,
RUE,2012,5,31,21,15.6,,,,,,,,947.8,,2,,0,0,0,0,0,0,0,,,,
RUE,2012,5,31,22,15.9,,,,,,,,947.8,,2.1,,0,0,0,0,0,0,0,,,,
RUE,2012,5,31,23,15.6,,,,,,,,947.8,,2,,0,0,0,0,0,0,0,,,,
RUE,2012,6,1,0,15.3,,,,,,,,947.4,,2.5,,0,0,0,0,0,0,0,,,,
RUE,2012,6,1,1,14.7,,,,,,,,947.5,,2.9,,0,0,0,0,0,0,0,,,,
RUE,2012,6,1,2,14.3,,,,,,,,947.5,,3,,0,0,0,0,0,0,0,,,,
RUE,2012,6,1,3,14,,,,,,,,947.5,,3.5,,0,0,0,0,0,0,0,,,,
RUE,2012,6,1,4,13.8,,,,,,,,947.8,,2.9,,16,0,0,0,0,0,0,,,,
RUE,2012,6,1,5,13.9,,,,,,,,948,,2.5,,42,0,0,0,0,0,0,,,,
RUE,2012,6,1,6,13.7,,,,,,,,948.3,,2.1,,68,0,0,0,0,0,0,,,,
RUE,2012,6,1,7,14.1,,,,,,,,948.6,,2.9,,148,305.6,84.9,0,0,0,0,,,,
RUE,2012,6,1,8,14.3,,,,,,,,948.8,,2.2,,142,17.1,135.7,0,0,0,0,,,,
RUE,2012,6,1,9,15.7,,,,,,,,948.9,,3.2,,402,385.7,198.9,0,0,0,0,,,,
RUE,2012,6,1,10,16.6,,,,,,,,948.9,,3.3,,704,881.8,115.9,0,0,0,0,,,,
RUE,2012,6,1,11,17.8,,,,,,,,948.6,,2.8,,788,832.6,138,0,0,0,0,,,,
RUE,2012,6,1,12,18.4,,,,,,,,948.2,,2.3,,600,275.8,362.8,0,0,0,0,,,,
RUE,2012,6,1,13,18.3,,,,,,,,947.8,,2.4,,429,50.6,383.5,0,0,0,0,,,,
RUE,2012,6,1,14,17.8,,,,,,,,947.4,,2.1,,225,4.3,221.2,0,0,0,0,,,,
RUE,2012,6,1,15,17.6,,,,,,,,947.1,,2.3,,212,4.2,208.4,0,0,0,0,,,,
RUE,2012,6,1,16,17.2,,,,,,,,947.1,,2.1,,120,1.7,118.7,0,0,0,0,,,,
RUE,2012,6,1,17,17.3,,,,,,,,947.1,,2.1,,171,4.7,168,0,0,0,0,,,,
RUE,2012,6,1,18,17,,,,,,,,947.2,,1.7,,95,2.4,93.8,0,0,0,0,,,,
RUE,2012,6,1,19,15.8,,,,,,,,947.2,,1.7,,14,0.1,14,0,0,0,0,,,,
RUE,2012,6,1,20,14.9,,,,,,,,947.3,,1.8,,0,0,0,0,0,0,0,,,,
RUE,2012,6,1,21,14.2,,,,,,,,947.2,,1.4,,0,0,0,0,0,0,0,,,,
RUE,2012,6,1,22,13.9,,,,,,,,947.1,,1.4,,0,0,0,0,0,0,0,,,,
RUE,2012,6,1,23,13.1,,,,,,,,946.8,,0.9,,0,0,0,0,0,0,0,,,,
RUE,2012,6,2,0,12.8,,,,,,,,946.4,,0.5,,0,0,0,0,0,0,0,,,,
RUE,2012,6,2,1,13.1,,,,,,,,946,,0.2,,0,0,0,0,0,0,0,,,,
RUE,2012,6,2,2,12.5,,,,,,,,945.8,,0.4,,0,0,0,0,0,0,0,,,,
RUE,2012,6,2,3,12.5,,,,,,,,945.9,,0.3,,0,0,0,0,0,0,0,,,,
RUE,2012,6,2,4,12.7,,,,,,,,945.9,,0.2,,21,0,0,0,0,0,0,,,,
RUE,2012,6,2,5,13.4,,,,,,,,945.7,,0.9,,84,0,0,0,0,0,0,,,,
RUE,2012,6,2,6,14.1,,,,,,,,945.8,,1.3,,151,0,0,0,0,0,0,,,,
RUE,2012,6,2,7,15.6,,,,,,,,945.7,,1.1,,469,1884.9,77.4,0,0,0,0,,,,
RUE,2012,6,2,8,17.3,,,,,,,,945.4,,1.1,,650,1464.5,107.2,0,0,0,0,,,,
RUE,2012,6,2,9,18.9,,,,,,,,945.1,,0.8,,819,1296.2,135.1,0,0,0,0,,,,
RUE,2012,6,2,10,20.1,,,,,,,,944.8,,1,,906,1132.9,149.5,0,0,0,0,,,,
RUE,2012,6,2,11,21.7,,,,,,,,944.3,,1.2,,948,1012.9,156.4,0,0,0,0,,,,
RUE,2012,6,2,12,22.8,,,,,,,,943.8,,1.2,,929,900.9,153.3,0,0,0,0,,,,
RUE,2012,6,2,13,22.7,,,,,,,,943.2,,2.1,,836,700.7,204.7,0,0,0,0,,,,
RUE,2012,6,2,14,23.3,,,,,,,,942.8,,1.7,,707,429.1,321.5,0,0,0,0,,,,
RUE,2012,6,2,15,23.5,,,,,,,,942.4,,2,,604,291.4,355.2,0,0,0,0,,,,
RUE,2012,6,2,16,23.2,,,,,,,,942.2,,2.7,,440,119.2,348.2,0,0,0,0,,,,
RUE,2012,6,2,17,22.6,,,,,,,,941.9,,2.1,,263,21.7,248.8,0,0,0,0,,,,
RUE,2012,6,2,18,21.5,,,,,,,,941.9,,1.7,,98,2.5,96.7,0,0,0,0,,,,
RUE,2012,6,2,19,20.3,,,,,,,,942,,1.1,,8,0,8,0,0,0,0,,,,
RUE,2012,6,2,20,19.4,,,,,,,,942,,1.1,,0,0,0,0,0,0,0,,,,
RUE,2012,6,2,21,18.8,,,,,,,,942,,0.8,,0,0,0,0,0,0,0,,,,
RUE,2012,6,2,22,18.1,,,,,,,,941.8,,0.8,,0,0,0,0,0,0,0,,,,
RUE,2012,6,2,23,17.7,,,,,,,,941.5,,0.6,,0,0,0,0,0,0,0,,,,
RUE,2012,6,3,0,16.8,,,,,,,,941,,1,,0,0,0,0,0,0,0,,,,
RUE,2012,6,3,1,16.8,,,,,,,,940.8,,1,,0,0,0,0,0,0,0,,,,
RUE,2012,6,3,2,18.7,,,,,,,,940.2,,1.1,,0,0,0,0,0,0,0,,,,
RUE,2012,6,3,3,19.8,,,,,,,,939.6,,1.4,,0,0,0,0,0,0,0,,,,
RUE,2012,6,3,4,18.8,,,,,,,,939.2,,1.5,,32,0,0,0,0,0,0,,,,
RUE,2012,6,3,5,16.8,,,,,,,,940.8,,2.7,,6,0,0,0,0,0,0,,,,
RUE,2012,6,3,6,15.6,,,,,,,,941.5,,1,,35,111.1,29.1,0,0,0,0,,,,
RUE,2012,6,3,7,16.3,,,,,,,,941.3,,1.3,,94,38.1,86,0,0,0,0,,,,
RUE,2012,6,3,8,16.7,,,,,,,,941,,1.8,,126,9.6,122.4,0,0,0,0,,,,
RUE,2012,6,3,9,17.1,,,,,,,,940.3,,2.3,,177,9.2,172.2,0,0,0,0,,,,
RUE,2012,6,3,10,17.4,,,,,,,,940.5,,1.3,,158,3.8,155.5,0,0,0,0,,,,
RUE,2012,6,3,11,17,,,,,,,,940.3,,1,,188,3.9,184.9,0,0,0,0,,,,
RUE,2012,6,3,12,17.1,,,,,,,,940.3,,1,,109,1.1,108.1,0,0,0,0,,,,
RUE,2012,6,3,13,17.1,,,,,,,,940.5,,2,,171,2.4,168.8,0,0,0,0,,,,
RUE,2012,6,3,14,16.5,,,,,,,,940.8,,4.1,,290,7.9,282.9,0,0,0,0,,,,
RUE,2012,6,3,15,16.3,,,,,,,,940.9,,4,,182,3.1,179.4,0,0,0,0,,,,
RUE,2012,6,3,16,14.6,,,,,,,,941.5,,3.6,,90,0.9,89.3,0,0,0,0,,,,
RUE,2012,6,3,17,13.7,,,,,,,,941.8,,3.3,,52,0.4,51.7,0,0,0,0,,,,
RUE,2012,6,3,18,13.2,,,,,,,,942,,1.7,,17,0.1,17,0,0,0,0,,,,
RUE,2012,6,3,19,12.6,,,,,,,,942.6,,1.1,,2,0,2,0,0,0,0,,,,
RUE,2012,6,3,20,12.5,,,,,,,,943.1,,1.1,,0,0,0,0,0,0,0,,,,
RUE,2012,6,3,21,12.7,,,,,,,,943,,1.3,,0,0,0,0,0,0,0,,,,
RUE,2012,6,3,22,12.8,,,,,,,,942.9,,1,,0,0,0,0,0,0,0,,,,
RUE,2012,6,3,23,12.7,,,,,,,,942.6,,1.3,,0,0,0,0,0,0,0,,,,
RUE,2012,6,4,0,12.3,,,,,,,,942.4,,2.1,,0,0,0,0,0,0,0,,,,
RUE,2012,6,4,1,11.2,,,,,,,,942.4,,1.8,,0,0,0,0,0,0,0,,,,
RUE,2012,6,4,2,11,,,,,,,,942,,1.1,,0,0,0,0,0,0,0,,,,
RUE,2012,6,4,3,11.3,,,,,,,,941.9,,0.7,,0,0,0,0,0,0,0,,,,
RUE,2012,6,4,4,11.5,,,,,,,,942.1,,0.6,,10,0,0,0,0,0,0,,,,
RUE,2012,6,4,5,11.9,,,,,,,,942.1,,0.6,,57,0,0,0,0,0,0,,,,
RUE,2012,6,4,6,12.3,,,,,,,,942.2,,1.1,,88,1351.8,14.5,0,0,0,0,,,,
RUE,2012,6,4,7,12.8,,,,,,,,942.4,,1.9,,202,762.6,42,0,0,0,0,,,,
RUE,2012,6,4,8,12.5,,,,,,,,942.5,,1.5,,227,159,167.8,0,0,0,0,,,,
RUE,2012,6,4,9,12.3,,,,,,,,942.5,,2.4,,286,92.7,237,0,0,0,0,,,,
RUE,2012,6,4,10,12.6,,,,,,,,942.5,,2.4,,335,64.4,291.9,0,0,0,0,,,,
RUE,2012,6,4,11,13.1,,,,,,,,942.5,,2.4,,409,79,347.1,0,0,0,0,,,,
RUE,2012,6,4,12,14.7,,,,,,,,942.5,,2.7,,509,138,390,0,0,0,0,,,,
RUE,2012,6,4,13,15.5,,,,,,,,942.4,,3.7,,533,138.4,408.1,0,0,0,0,,,,
RUE,2012,6,4,14,15.9,,,,,,,,942.5,,3.9,,497,102.2,405,0,0,0,0,,,,
RUE,2012,6,4,15,14.6,,,,,,,,943,,4.1,,245,5.6,240.2,0,0,0,0,,,,
RUE,2012,6,4,16,14.4,,,,,,,,943.1,,3,,195,4.3,191.7,0,0,0,0,,,,
RUE,2012,6,4,17,14.6,,,,,,,,943.3,,2.6,,171,4.6,168,0,0,0,0,,,,
RUE,2012,6,4,18,14,,,,,,,,943.4,,2.9,,34,0.3,33.8,0,0,0,0,,,,
RUE,2012,6,4,19,12.8,,,,,,,,944.1,,3.8,,2,0,2,0,0,0,0,,,,
RUE,2012,6,4,20,11.3,,,,,,,,944.8,,2.7,,0,0,0,0,0,0,0,,,,
RUE,2012,6,4,21,11.6,,,,,,,,944.9,,2,,0,0,0,0,0,0,0,,,,
RUE,2012,6,4,22,11.6,,,,,,,,944.8,,2.4,,0,0,0,0,0,0,0,,,,
RUE,2012,6,4,23,10.6,,,,,,,,945,,2.9,,0,0,0,0,0,0,0,,,,
RUE,2012,6,5,0,9.6,,,,,,,,945.4,,2.2,,0,0,0,0,0,0,0,,,,
RUE,2012,6,5,1,9,,,,,,,,945.7,,2.9,,0,0,0,0,0,0,0,,,,
RUE,2012,6,5,2,8.2,,,,,,,,946.1,,3.5,,0,0,0,0,0,0,0,,,,
RUE,2012,6,5,3,7.5,,,,,,,,946.4,,3,,0,0,0,0,0,0,0,,,,
RUE,2012,6,5,4,7.3,,,,,,,,946.9,,2.7,,9,0,0,0,0,0,0,,,,
RUE,2012,6,5,5,6.9,,,,,,,,947.2,,2.5,,45,0,0,0,0,0,0,,,,
RUE,2012,6,5,6,7.4,,,,,,,,947.4,,1.8,,159,2397.8,26.2,0,0,0,0,,,,
RUE,2012,6,5,7,8,,,,,,,,947.7,,0.9,,274,1085.7,45.2,0,0,0,0,,,,
RUE,2012,6,5,8,8.9,,,,,,,,947.9,,0.9,,291,416.8,135.4,0,0,0,0,,,,
RUE,2012,6,5,9,9.8,,,,,,,,947.8,,0.9,,427,465.8,180.2,0,0,0,0,,,,
RUE,2012,6,5,10,10.2,,,,,,,,947.8,,0.8,,417,174.1,300.4,0,0,0,0,,,,
RUE,2012,6,5,11,11.4,,,,,,,,947.5,,1,,541,265.9,332.6,0,0,0,0,,,,
RUE,2012,6,5,12,12.4,,,,,,,,947.3,,1.4,,629,326.8,346.9,0,0,0,0,,,,
RUE,2012,6,5,13,13.8,,,,,,,,946.6,,1.1,,686,379.9,342.9,0,0,0,0,,,,
RUE,2012,6,5,14,14.3,,,,,,,,945.9,,1.1,,610,245.8,388.5,0,0,0,0,,,,
RUE,2012,6,5,15,14.6,,,,,,,,945.4,,1.3,,527,165.1,385.5,0,0,0,0,,,,
RUE,2012,6,5,16,14,,,,,,,,944.9,,0.9,,153,2.7,150.9,0,0,0,0,,,,
RUE,2012,6,5,17,14.4,,,,,,,,944.8,,0.9,,197,6.3,192.9,0,0,0,0,,,,
RUE,2012,6,5,18,13.3,,,,,,,,944.6,,1.2,,72,1.3,71.3,0,0,0,0,,,,
RUE,2012,6,5,19,12.7,,,,,,,,944.1,,0.6,,8,0,8,0,0,0,0,,,,
RUE,2012,6,5,20,12.2,,,,,,,,943.7,,1.3,,0,0,0,0,0,0,0,,,,
RUE,2012,6,5,21,12.3,,,,,,,,943.2,,0.6,,0,0,0,0,0,0,0,,,,
RUE,2012,6,5,22,12.3,,,,,,,,942.7,,1.1,,0,0,0,0,0,0,0,,,,
RUE,2012,6,5,23,12.4,,,,,,,,942.3,,1,,0,0,0,0,0,0,0,,,,
RUE,2012,6,6,0,12.3,,,,,,,,941.6,,1.5,,0,0,0,0,0,0,0,,,,
RUE,2012,6,6,1,12.6,,,,,,,,941.2,,0.9,,0,0,0,0,0,0,0,,,,
RUE,2012,6,6,2,12,,,,,,,,940.6,,0.6,,0,0,0,0,0,0,0,,,,
RUE,2012,6,6,3,11.4,,,,,,,,940.9,,0.8,,0,0,0,0,0,0,0,,,,
RUE,2012,6,6,4,11.3,,,,,,,,940.6,,1,,26,0,0,0,0,0,0,,,,
RUE,2012,6,6,5,11.7,,,,,,,,940.6,,1.1,,60,0,0,0,0,0,0,,,,
RUE,2012,6,6,6,13.2,,,,,,,,940.9,,1.5,,76,1127.5,12.5,0,0,0,0,,,,
RUE,2012,6,6,7,13.6,,,,,,,,941.2,,2.7,,111,80.9,93.9,0,0,0,0,,,,
RUE,2012,6,6,8,14.3,,,,,,,,941,,1.1,,195,78.6,165.6,0,0,0,0,,,,
RUE,2012,6,6,9,16.1,,,,,,,,940.1,,1.9,,430,475.2,177.9,0,0,0,0,,,,
RUE,2012,6,6,10,16.9,,,,,,,,940.4,,3,,340,68.8,293.9,0,0,0,0,,,,
RUE,2012,6,6,11,16,,,,,,,,940.6,,3,,157,2.7,154.9,0,0,0,0,,,,
RUE,2012,6,6,12,14.1,,,,,,,,940.8,,2.1,,110,1.1,109,0,0,0,0,,,,
RUE,2012,6,6,13,15.4,,,,,,,,940.9,,3.3,,298,8.6,290.2,0,0,0,0,,,,
RUE,2012,6,6,14,16.2,,,,,,,,940.9,,1.6,,422,46.3,380.2,0,0,0,0,,,,
RUE,2012,6,6,15,16.6,,,,,,,,940.8,,1,,313,13.4,301.5,0,0,0,0,,,,
RUE,2012,6,6,16,17.6,,,,,,,,940.5,,1.4,,337,32.1,312.1,0,0,0,0,,,,
RUE,2012,6,6,17,17.5,,,,,,,,940.6,,1.2,,223,9.6,216.7,0,0,0,0,,,,
RUE,2012,6,6,18,17.1,,,,,,,,940.7,,0.4,,123,3.8,121,0,0,0,0,,,,
RUE,2012,6,6,19,16.6,,,,,,,,940.7,,0.5,,11,0.1,11,0,0,0,0,,,,
RUE,2012,6,6,20,15.7,,,,,,,,941.1,,0.6,,0,0,0,0,0,0,0,,,,
RUE,2012,6,6,21,15.2,,,,,,,,941.1,,1.4,,0,0,0,0,0,0,0,,,,
RUE,2012,6,6,22,15.2,,,,,,,,941,,1.5,,0,0,0,0,0,0,0,,,,
RUE,2012,6,6,23,15.2,,,,,,,,940.7,,1.5,,0,0,0,0,0,0,0,,,,
RUE,2012,6,7,0,15,,,,,,,,940.7,,0.5,,0,0,0,0,0,0,0,,,,
RUE,2012,6,7,1,14.5,,,,,,,,940.3,,1.3,,0,0,0,0,0,0,0,,,,
RUE,2012,6,7,2,15,,,,,,,,939.8,,1.9,,0,0,0,0,0,0,0,,,,
RUE,2012,6,7,3,14.8,,,,,,,,939.5,,2.2,,1,0,0,0,0,0,0,,,,
RUE,2012,6,7,4,14.1,,,,,,,,939.1,,1.4,,23,0,0,0,0,0,0,,,,
RUE,2012,6,7,5,15.1,,,,,,,,938.9,,2.5,,93,0,0,0,0,0,0,,,,
RUE,2012,6,7,6,16.2,,,,,,,,939,,0.9,,210,3071,34.6,0,0,0,0,,,,
RUE,2012,6,7,7,17.8,,,,,,,,938.6,,1,,247,971.8,40.8,0,0,0,0,,,,
RUE,2012,6,7,8,18.4,,,,,,,,938.2,,1.2,,327,597.7,103.2,0,0,0,0,,,,
RUE,2012,6,7,9,17.7,,,,,,,,938.1,,2.2,,164,6.9,160.4,0,0,0,0,,,,
RUE,2012,6,7,10,19.4,,,,,,,,937.1,,2.4,,566,539.6,204,0,0,0,0,,,,
RUE,2012,6,7,11,20.2,,,,,,,,936.3,,2.5,,580,345.1,309.2,0,0,0,0,,,,
RUE,2012,6,7,12,22.1,,,,,,,,935.7,,2.4,,887,853.9,149,0,0,0,0,,,,
RUE,2012,6,7,13,23.1,,,,,,,,934.8,,2.4,,780,575.9,259,0,0,0,0,,,,
RUE,2012,6,7,14,23.6,,,,,,,,934.2,,2,,623,265.7,383.1,0,0,0,0,,,,
RUE,2012,6,7,15,24.4,,,,,,,,933.8,,2.6,,479,107.3,386.8,0,0,0,0,,,,
RUE,2012,6,7,16,21.9,,,,,,,,933.7,,5.7,,100,1.1,99.1,0,0,0,0,,,,
RUE,2012,6,7,17,16.4,,,,,,,,936.9,,5.8,,14,0,14,0,0,0,0,,,,
RUE,2012,6,7,18,15.6,,,,,,,,936.9,,3.7,,16,0.1,16,0,0,0,0,,,,
RUE,2012,6,7,19,15.8,,,,,,,,938.1,,1.6,,1,0,1,0,0,0,0,,,,
RUE,2012,6,7,20,15.7,,,,,,,,938.7,,1.2,,0,0,0,0,0,0,0,,,,
RUE,2012,6,7,21,15.5,,,,,,,,939.2,,0.8,,0,0,0,0,0,0,0,,,,
RUE,2012,6,7,22,15.7,,,,,,,,939.1,,1.1,,0,0,0,0,0,0,0,,,,
RUE,2012,6,7,23,15.6,,,,,,,,939.3,,1.1,,0,0,0,0,0,0,0,,,,
RUE,2012,6,8,0,15.2,,,,,,,,938.9,,2,,0,0,0,0,0,0,0,,,,
RUE,2012,6,8,1,15.1,,,,,,,,939.5,,0.6,,0,0,0,0,0,0,0,,,,
RUE,2012,6,8,2,14.2,,,,,,,,939.8,,1.8,,0,0,0,0,0,0,0,,,,
RUE,2012,6,8,3,14.3,,,,,,,,939.4,,2.2,,0,0,0,0,0,0,0,,,,
RUE,2012,6,8,4,15.1,,,,,,,,939.3,,2.9,,14,0,0,0,0,0,0,,,,
RUE,2012,6,8,5,15.1,,,,,,,,939.6,,0.7,,54,0,0,0,0,0,0,,,,
RUE,2012,6,8,6,14.6,,,,,,,,940.3,,0.7,,36,117.1,29.2,0,0,0,0,,,,
RUE,2012,6,8,7,14.6,,,,,,,,941,,1.6,,87,23.6,82,0,0,0,0,,,,
RUE,2012,6,8,8,14.3,,,,,,,,941.3,,3.1,,163,32.2,150.9,0,0,0,0,,,,
RUE,2012,6,8,9,13.6,,,,,,,,941.4,,3.2,,114,3.1,112.3,0,0,0,0,,,,
RUE,2012,6,8,10,12.7,,,,,,,,942.3,,3,,143,3.1,140.9,0,0,0,0,,,,
RUE,2012,6,8,11,12.7,,,,,,,,942.7,,2.3,,316,21.8,298.9,0,0,0,0,,,,
RUE,2012,6,8,12,12.7,,,,,,,,943,,1.7,,188,3.2,185.2,0,0,0,0,,,,
RUE,2012,6,8,13,13,,,,,,,,943.5,,1.7,,291,7.8,283.9,0,0,0,0,,,,
RUE,2012,6,8,14,13.3,,,,,,,,943.7,,1,,175,2.5,172.7,0,0,0,0,,,,
RUE,2012,6,8,15,14.4,,,,,,,,943.6,,1.2,,188,3.2,185.2,0,0,0,0,,,,
RUE,2012,6,8,16,14.6,,,,,,,,943.5,,2.9,,176,3.5,173.3,0,0,0,0,,,,
RUE,2012,6,8,17,14.5,,,,,,,,943.4,,3,,146,3.3,143.8,0,0,0,0,,,,
RUE,2012,6,8,18,14.5,,,,,,,,943.6,,2.3,,53,0.7,52.6,0,0,0,0,,,,
RUE,2012,6,8,19,14,,,,,,,,943.9,,2.4,,9,0,9,0,0,0,0,,,,
RUE,2012,6,8,20,13.9,,,,,,,,944.3,,2.9,,0,0,0,0,0,0,0,,,,
RUE,2012,6,8,21,13.8,,,,,,,,944.5,,2.1,,0,0,0,0,0,0,0,,,,
RUE,2012,6,8,22,13.5,,,,,,,,944.6,,2.2,,0,0,0,0,0,0,0,,,,
RUE,2012,6,8,23,13.3,,,,,,,,945.2,,1.7,,0,0,0,0,0,0,0,,,,
RUE,2012,6,9,0,13,,,,,,,,945.4,,0.8,,0,0,0,0,0,0,0,,,,
RUE,2012,6,9,1,12.4,,,,,,,,945.3,,0.6,,0,0,0,0,0,0,0,,,,
RUE,2012,6,9,2,12.3,,,,,,,,945.4,,1,,0,0,0,0,0,0,0,,,,
RUE,2012,6,9,3,12.3,,,,,,,,945.6,,1.6,,0,0,0,0,0,0,0,,,,
RUE,2012,6,9,4,12,,,,,,,,945.9,,0.8,,22,0,0,0,0,0,0,,,,
RUE,2012,6,9,5,12.2,,,,,,,,946.1,,1,,59,0,0,0,0,0,0,,,,
RUE,2012,6,9,6,12.2,,,,,,,,946.4,,1.8,,82,1171.6,13.5,0,0,0,0,,,,
RUE,2012,6,9,7,12.5,,,,,,,,946.6,,1.9,,224,877.2,36.9,0,0,0,0,,,,
RUE,2012,6,9,8,13.4,,,,,,,,946.4,,2.5,,453,1007.8,74.7,0,0,0,0,,,,
RUE,2012,6,9,9,14.2,,,,,,,,946.2,,2,,463,593.2,147.6,0,0,0,0,,,,
RUE,2012,6,9,10,14.9,,,,,,,,946.2,,1.8,,580,579.2,191,0,0,0,0,,,,
RUE,2012,6,9,11,15,,,,,,,,946,,2.6,,662,538.6,239,0,0,0,0,,,,
RUE,2012,6,9,12,16.1,,,,,,,,945.6,,2.7,,828,754.1,175.5,0,0,0,0,,,,
RUE,2012,6,9,13,16.1,,,,,,,,945.2,,2.8,,586,205.3,400.1,0,0,0,0,,,,
RUE,2012,6,9,14,16.3,,,,,,,,944.9,,3.6,,513,116.3,407.9,0,0,0,0,,,,
RUE,2012,6,9,15,15.9,,,,,,,,944.7,,3.7,,362,27.2,338.6,0,0,0,0,,,,
RUE,2012,6,9,16,15.6,,,,,,,,944.5,,3.3,,258,8.8,251.1,0,0,0,0,,,,
RUE,2012,6,9,17,14.4,,,,,,,,944.6,,3.1,,91,1.3,90.2,0,0,0,0,,,,
RUE,2012,6,9,18,13.7,,,,,,,,944.7,,3,,53,0.7,52.6,0,0,0,0,,,,
RUE,2012,6,9,19,13.2,,,,,,,,944.4,,2.7,,6,0,6,0,0,0,0,,,,
RUE,2012,6,9,20,12.9,,,,,,,,944.6,,2,,0,0,0,0,0,0,0,,,,
RUE,2012,6,9,21,12.5,,,,,,,,944.4,,1.4,,0,0,0,0,0,0,0,,,,
RUE,2012,6,9,22,12.3,,,,,,,,944.4,,1,,0,0,0,0,0,0,0,,,,
RUE,2012,6,9,23,11.5,,,,,,,,944.4,,1.1,,0,0,0,0,0,0,0,,,,
RUE,2012,6,10,0,11,,,,,,,,944.2,,0.7,,0,0,0,0,0,0,0,,,,
RUE,2012,6,10,1,10.5,,,,,,,,943.9,,1,,0,0,0,0,0,0,0,,,,
RUE,2012,6,10,2,9.9,,,,,,,,943.7,,1.1,,0,0,0,0,0,0,0,,,,
RUE,2012,6,10,3,9.6,,,,,,,,943.9,,1,,0,0,0,0,0,0,0,,,,
RUE,2012,6,10,4,9.5,,,,,,,,943.9,,0.7,,10,0,0,0,0,0,0,,,,
RUE,2012,6,10,5,9.8,,,,,,,,943.9,,0.5,,40,0,0,0,0,0,0,,,,
RUE,2012,6,10,6,10.5,,,,,,,,943.7,,0.5,,120,1699.2,19.8,0,0,0,0,,,,
RUE,2012,6,10,7,11.4,,,,,,,,943.5,,0.8,,255,996.1,42.1,0,0,0,0,,,,
RUE,2012,6,10,8,12.2,,,,,,,,942.8,,1.3,,521,1158,86,0,0,0,0,,,,
RUE,2012,6,10,9,13.4,,,,,,,,942,,2.2,,629,987.3,103.8,0,0,0,0,,,,
RUE,2012,6,10,10,14.3,,,,,,,,941.6,,2.5,,781,970.7,128.9,0,0,0,0,,,,
RUE,2012,6,10,11,15.1,,,,,,,,940.8,,1.9,,882,937.4,145.5,0,0,0,0,,,,
RUE,2012,6,10,12,16.3,,,,,,,,940,,2,,761,609.9,233.1,0,0,0,0,,,,
RUE,2012,6,10,13,16.1,,,,,,,,939.2,,2.8,,479,84,402.9,0,0,0,0,,,,
RUE,2012,6,10,14,16,,,,,,,,938.6,,2.2,,313,10.6,303.4,0,0,0,0,,,,
RUE,2012,6,10,15,16.1,,,,,,,,938.2,,2,,252,5.9,246.9,0,0,0,0,,,,
RUE,2012,6,10,16,15.8,,,,,,,,937.8,,1.9,,155,2.7,152.9,0,0,0,0,,,,
RUE,2012,6,10,17,15.4,,,,,,,,937.5,,1.6,,96,1.4,95.1,0,0,0,0,,,,
RUE,2012,6,10,18,14.8,,,,,,,,937.4,,1.5,,43,0.5,42.8,0,0,0,0,,,,
RUE,2012,6,10,19,14,,,,,,,,937.2,,1.2,,5,0,5,0,0,0,0,,,,
RUE,2012,6,10,20,13.3,,,,,,,,937.1,,1.1,,0,0,0,0,0,0,0,,,,
RUE,2012,6,10,21,12.9,,,,,,,,936.9,,1,,0,0,0,0,0,0,0,,,,
RUE,2012,6,10,22,12.6,,,,,,,,936.7,,1.1,,0,0,0,0,0,0,0,,,,
RUE,2012,6,10,23,12.4,,,,,,,,936.3,,0.9,,0,0,0,0,0,0,0,,,,
RUE,2012,6,11,0,12.1,,,,,,,,935.9,,0.8,,0,0,0,0,0,0,0,,,,
RUE,2012,6,11,1,11.9,,,,,,,,935.7,,0.8,,0,0,0,0,0,0,0,,,,
RUE,2012,6,11,2,11.8,,,,,,,,935.4,,2.2,,0,0,0,0,0,0,0,,,,
RUE,2012,6,11,3,11.8,,,,,,,,935.6,,3.1,,0,0,0,0,0,0,0,,,,
RUE,2012,6,11,4,11.9,,,,,,,,936.1,,2.3,,25,0,0,0,0,0,0,,,,
RUE,2012,6,11,5,12,,,,,,,,936.4,,2.3,,75,0,0,0,0,0,0,,,,
RUE,2012,6,11,6,12.6,,,,,,,,936.5,,0.8,,118,1658.8,19.5,0,0,0,0,,,,
RUE,2012,6,11,7,12.8,,,,,,,,936.4,,1.1,,191,635.4,55,0,0,0,0,,,,
RUE,2012,6,11,8,14.1,,,,,,,,936.1,,1.3,,531,1179.5,87.6,0,0,0,0,,,,
RUE,2012,6,11,9,13.9,,,,,,,,935.8,,1.9,,217,23.3,204.6,0,0,0,0,,,,
RUE,2012,6,11,10,13.8,,,,,,,,935.6,,2.3,,358,87.2,299.4,0,0,0,0,,,,
RUE,2012,6,11,11,12.9,,,,,,,,935.8,,1.6,,318,22.4,300.4,0,0,0,0,,,,
RUE,2012,6,11,12,13.1,,,,,,,,935.8,,1.6,,195,3.4,192,0,0,0,0,,,,
RUE,2012,6,11,13,13.3,,,,,,,,935.5,,1.6,,335,14.3,322,0,0,0,0,,,,
RUE,2012,6,11,14,14.7,,,,,,,,935.3,,1.9,,387,29.6,360.2,0,0,0,0,,,,
RUE,2012,6,11,15,14.9,,,,,,,,935,,1.8,,446,75.9,380.6,0,0,0,0,,,,
RUE,2012,6,11,16,15.5,,,,,,,,934.8,,1.7,,400,72.8,343.2,0,0,0,0,,,,
RUE,2012,6,11,17,15.6,,,,,,,,934.6,,1.3,,247,14.7,237.2,0,0,0,0,,,,
RUE,2012,6,11,18,15.3,,,,,,,,934.5,,0.3,,124,3.8,122,0,0,0,0,,,,
RUE,2012,6,11,19,14.1,,,,,,,,934.4,,0.9,,11,0.1,11,0,0,0,0,,,,
RUE,2012,6,11,20,12.9,,,,,,,,934.2,,0.3,,0,0,0,0,0,0,0,,,,
RUE,2012,6,11,21,12.6,,,,,,,,934.2,,1.1,,0,0,0,0,0,0,0,,,,
RUE,2012,6,11,22,12,,,,,,,,933.9,,1.5,,0,0,0,0,0,0,0,,,,
RUE,2012,6,11,23,11.6,,,,,,,,933.7,,0.8,,0,0,0,0,0,0,0,,,,
RUE,2012,6,12,0,11.4,,,,,,,,933.3,,1,,0,0,0,0,0,0,0,,,,
RUE,2012,6,12,1,11.9,,,,,,,,932.9,,1.5,,0,0,0,0,0,0,0,,,,
RUE,2012,6,12,2,11.9,,,,,,,,932.8,,2,,0,0,0,0,0,0,0,,,,
RUE,2012,6,12,3,11,,,,,,,,932.9,,2.9,,0,0,0,0,0,0,0,,,,
RUE,2012,6,12,4,10.7,,,,,,,,933.3,,2,,3,0,0,0,0,0,0,,,,
RUE,2012,6,12,5,10.6,,,,,,,,933.7,,1,,19,0,0,0,0,0,0,,,,
RUE,2012,6,12,6,10.7,,,,,,,,933.9,,0.7,,54,561.1,20.5,0,0,0,0,,,,
RUE,2012,6,12,7,11,,,,,,,,933.9,,1.3,,150,281.7,89.6,0,0,0,0,,,,
RUE,2012,6,12,8,11.4,,,,,,,,934,,1.7,,204,94.9,168.3,0,0,0,0,,,,
RUE,2012,6,12,9,11.2,,,,,,,,934.4,,1.8,,150,5.4,147.1,0,0,0,0,,,,
RUE,2012,6,12,10,11.7,,,,,,,,934.9,,1.7,,180,4.9,176.7,0,0,0,0,,,,
RUE,2012,6,12,11,11.7,,,,,,,,935.1,,1.8,,225,5.6,220.6,0,0,0,0,,,,
RUE,2012,6,12,12,12,,,,,,,,935.4,,1.6,,258,6.2,252.6,0,0,0,0,,,,
RUE,2012,6,12,13,12.6,,,,,,,,935.6,,1.1,,254,5.3,249.2,0,0,0,0,,,,
RUE,2012,6,12,14,13,,,,,,,,936.1,,1.1,,260,5.6,254.9,0,0,0,0,,,,
RUE,2012,6,12,15,10.4,,,,,,,,936.8,,2.7,,24,0.1,24,0,0,0,0,,,,
RUE,2012,6,12,16,10.2,,,,,,,,937.8,,1.8,,15,0,15,0,0,0,0,,,,
RUE,2012,6,12,17,10.5,,,,,,,,938.3,,0.8,,23,0.1,22.9,0,0,0,0,,,,
RUE,2012,6,12,18,10.6,,,,,,,,939,,1.8,,15,0.1,15,0,0,0,0,,,,
RUE,2012,6,12,19,10.3,,,,,,,,939.6,,2.1,,2,0,2,0,0,0,0,,,,
RUE,2012,6,12,20,10,,,,,,,,940.3,,2.5,,0,0,0,0,0,0,0,,,,
RUE,2012,6,12,21,9.9,,,,,,,,940.6,,1.7,,0,0,0,0,0,0,0,,,,
RUE,2012,6,12,22,9.6,,,,,,,,941,,0.9,,0,0,0,0,0,0,0,,,,
RUE,2012,6,12,23,9.7,,,,,,,,941.4,,0.9,,0,0,0,0,0,0,0,,,,
RUE,2012,6,13,0,9.7,,,,,,,,941.4,,0.6,,0,0,0,0,0,0,0,,,,
RUE,2012,6,13,1,9.5,,,,,,,,941.3,,0.6,,0,0,0,0,0,0,0,,,,
RUE,2012,6,13,2,9.6,,,,,,,,941.6,,0.9,,0,0,0,0,0,0,0,,,,
RUE,2012,6,13,3,9.7,,,,,,,,941.8,,0.7,,0,0,0,0,0,0,0,,,,
RUE,2012,6,13,4,9.7,,,,,,,,942,,0.5,,23,0,0,0,0,0,0,,,,
RUE,2012,6,13,5,10.3,,,,,,,,942.3,,0.5,,93,0,0,0,0,0,0,,,,
RUE,2012,6,13,6,10.8,,,,,,,,942.9,,0.5,,102,1420.2,16.8,0,0,0,0,,,,
RUE,2012,6,13,7,11.2,,,,,,,,943.2,,0.8,,189,614.7,57.2,0,0,0,0,,,,
RUE,2012,6,13,8,11.8,,,,,,,,943.5,,1,,274,328.1,150.6,0,0,0,0,,,,
RUE,2012,6,13,9,12.8,,,,,,,,943.8,,2.4,,598,938,98.7,0,0,0,0,,,,
RUE,2012,6,13,10,13.4,,,,,,,,943.9,,1.4,,418,174.3,300.8,0,0,0,0,,,,
RUE,2012,6,13,11,10.4,,,,,,,,944.5,,2.3,,181,3.6,178.2,0,0,0,0,,,,
RUE,2012,6,13,12,12.1,,,,,,,,944.8,,1.9,,356,24.3,335,0,0,0,0,,,,
RUE,2012,6,13,13,11.8,,,,,,,,945.2,,1.3,,294,8.1,286.6,0,0,0,0,,,,
RUE,2012,6,13,14,11.5,,,,,,,,945.5,,1.2,,246,5,241.5,0,0,0,0,,,,
RUE,2012,6,13,15,12.6,,,,,,,,945.6,,1.3,,371,30.4,344.7,0,0,0,0,,,,
RUE,2012,6,13,16,12.3,,,,,,,,946,,2.2,,198,4.4,194.6,0,0,0,0,,,,
RUE,2012,6,13,17,12.2,,,,,,,,946.5,,1.7,,127,2.5,125.4,0,0,0,0,,,,
RUE,2012,6,13,18,11.5,,,,,,,,947,,1.3,,101,2.5,99.7,0,0,0,0,,,,
RUE,2012,6,13,19,11,,,,,,,,947.4,,1.4,,8,0,8,0,0,0,0,,,,
RUE,2012,6,13,20,10.6,,,,,,,,947.8,,0.7,,0,0,0,0,0,0,0,,,,
RUE,2012,6,13,21,10.2,,,,,,,,947.8,,0.7,,0,0,0,0,0,0,0,,,,
RUE,2012,6,13,22,9.7,,,,,,,,948,,0.7,,0,0,0,0,0,0,0,,,,
RUE,2012,6,13,23,9.2,,,,,,,,948.1,,1.1,,0,0,0,0,0,0,0,,,,
RUE,2012,6,14,0,9,,,,,,,,948.1,,0.8,,0,0,0,0,0,0,0,,,,
RUE,2012,6,14,1,9.1,,,,,,,,947.6,,1,,0,0,0,0,0,0,0,,,,
RUE,2012,6,14,2,9.2,,,,,,,,947.3,,1,,0,0,0,0,0,0,0,,,,
RUE,2012,6,14,3,8.6,,,,,,,,947.3,,0.9,,1,0,0,0,0,0,0,,,,
RUE,2012,6,14,4,8.8,,,,,,,,947.4,,0.8,,53,0,0,0,0,0,0,,,,
RUE,2012,6,14,5,9.8,,,,,,,,947.4,,0.8,,195,0,0,0,0,0,0,,,,
RUE,2012,6,14,6,10.4,,,,,,,,947.4,,1.7,,379,5264.6,62.5,0,0,0,0,,,,
RUE,2012,6,14,7,11,,,,,,,,947.5,,2.2,,468,1821.8,77.2,0,0,0,0,,,,
RUE,2012,6,14,8,12.6,,,,,,,,947.5,,2.5,,668,1483,110.2,0,0,0,0,,,,
RUE,2012,6,14,9,14.3,,,,,,,,947.5,,2,,797,1250.2,131.5,0,0,0,0,,,,
RUE,2012,6,14,10,15.6,,,,,,,,947.5,,1.6,,995,1236,164.2,0,0,0,0,,,,
RUE,2012,6,14,11,16.3,,,,,,,,947.3,,1.8,,92,0.9,91.3,0,0,0,0,,,,
RUE,2012,6,14,12,17.1,,,,,,,,947,,1.4,,963,928,158.9,0,0,0,0,,,,
RUE,2012,6,14,13,18.3,,,,,,,,946.8,,1.6,,804,623.7,237.9,0,0,0,0,,,,
RUE,2012,6,14,14,18,,,,,,,,946.4,,1.7,,598,222.7,396.1,0,0,0,0,,,,
RUE,2012,6,14,15,19.3,,,,,,,,946.1,,1.4,,633,335.1,343.5,0,0,0,0,,,,
RUE,2012,6,14,16,19.7,,,,,,,,945.7,,1.6,,493,184.5,348.7,0,0,0,0,,,,
RUE,2012,6,14,17,19.5,,,,,,,,945.5,,2.1,,307,43,278.3,0,0,0,0,,,,
RUE,2012,6,14,18,18.3,,,,,,,,945.8,,1.4,,122,3.7,120.1,0,0,0,0,,,,
RUE,2012,6,14,19,16.8,,,,,,,,946.1,,1.7,,16,0.1,16,0,0,0,0,,,,
RUE,2012,6,14,20,15.6,,,,,,,,946.6,,1.1,,0,0,0,0,0,0,0,,,,
RUE,2012,6,14,21,16.1,,,,,,,,946.7,,1,,0,0,0,0,0,0,0,,,,
RUE,2012,6,14,22,15.3,,,,,,,,946.8,,2,,0,0,0,0,0,0,0,,,,
RUE,2012,6,14,23,15.3,,,,,,,,946.8,,2.1,,0,0,0,0,0,0,0,,,,
RUE,2012,6,15,0,14.7,,,,,,,,946.8,,2.1,,0,0,0,0,0,0,0,,,,
RUE,2012,6,15,1,15.2,,,,,,,,946.6,,1.2,,0,0,0,0,0,0,0,,,,
RUE,2012,6,15,2,14.4,,,,,,,,946.5,,3.1,,0,0,0,0,0,0,0,,,,
RUE,2012,6,15,3,13.8,,,,,,,,946.5,,4.1,,1,0,0,0,0,0,0,,,,
RUE,2012,6,15,4,14.1,,,,,,,,946.5,,3,,58,0,0,0,0,0,0,,,,
RUE,2012,6,15,5,15.5,,,,,,,,946.5,,2.4,,197,0,0,0,0,0,0,,,,
RUE,2012,6,15,6,15.9,,,,,,,,946.6,,3.5,,302,4191.7,49.8,0,0,0,0,,,,
RUE,2012,6,15,7,17.6,,,,,,,,946.8,,2.1,,497,1935.1,82,0,0,0,0,,,,
RUE,2012,6,15,8,19.4,,,,,,,,947,,2,,659,1463.4,108.7,0,0,0,0,,,,
RUE,2012,6,15,9,20,,,,,,,,946.8,,3.5,,743,1165.8,122.6,0,0,0,0,,,,
RUE,2012,6,15,10,21.7,,,,,,,,946.6,,3.7,,850,1056,140.2,0,0,0,0,,,,
RUE,2012,6,15,11,23.2,,,,,,,,946.9,,2.8,,893,948.5,147.3,0,0,0,0,,,,
RUE,2012,6,15,12,23.1,,,,,,,,947.2,,2.9,,921,887.4,152,0,0,0,0,,,,
RUE,2012,6,15,13,23.1,,,,,,,,947.2,,3.2,,850,718.9,197.3,0,0,0,0,,,,
RUE,2012,6,15,14,23.4,,,,,,,,947.1,,2.1,,747,501.9,291.7,0,0,0,0,,,,
RUE,2012,6,15,15,23.3,,,,,,,,946.9,,2.6,,618,305.8,353.6,0,0,0,0,,,,
RUE,2012,6,15,16,22.8,,,,,,,,946.6,,2.6,,458,133.8,353.2,0,0,0,0,,,,
RUE,2012,6,15,17,22.4,,,,,,,,946.6,,2,,285,29.4,265.4,0,0,0,0,,,,
RUE,2012,6,15,18,21.3,,,,,,,,946.8,,1.8,,123,3.7,121,0,0,0,0,,,,
RUE,2012,6,15,19,20.1,,,,,,,,946.9,,1,,17,0.1,16.9,0,0,0,0,,,,
RUE,2012,6,15,20,19,,,,,,,,947.3,,0.8,,0,0,0,0,0,0,0,,,,
RUE,2012,6,15,21,18.5,,,,,,,,947.5,,1.5,,0,0,0,0,0,0,0,,,,
RUE,2012,6,15,22,17.1,,,,,,,,947.7,,0.8,,0,0,0,0,0,0,0,,,,
RUE,2012,6,15,23,18.3,,,,,,,,947.6,,1.3,,0,0,0,0,0,0,0,,,,
RUE,2012,6,16,0,18.9,,,,,,,,947.5,,0.8,,0,0,0,0,0,0,0,,,,
RUE,2012,6,16,1,18.9,,,,,,,,947.4,,0.4,,0,0,0,0,0,0,0,,,,
RUE,2012,6,16,2,18.6,,,,,,,,947.5,,0.4,,0,0,0,0,0,0,0,,,,
RUE,2012,6,16,3,17.7,,,,,,,,947.7,,0.5,,1,0,0,0,0,0,0,,,,
RUE,2012,6,16,4,17.4,,,,,,,,947.6,,2.7,,52,0,0,0,0,0,0,,,,
RUE,2012,6,16,5,18.3,,,,,,,,947.7,,1.2,,194,0,0,0,0,0,0,,,,
RUE,2012,6,16,6,20.2,,,,,,,,948.1,,0.7,,364,5056,60.1,0,0,0,0,,,,
RUE,2012,6,16,7,21.8,,,,,,,,948,,1.8,,534,2080.4,88.1,0,0,0,0,,,,
RUE,2012,6,16,8,23,,,,,,,,947.8,,1.6,,686,1524.1,113.2,0,0,0,0,,,,
RUE,2012,6,16,9,23.8,,,,,,,,947.6,,1.7,,811,1272.9,133.8,0,0,0,0,,,,
RUE,2012,6,16,10,24.7,,,,,,,,947.3,,2.5,,896,1113.4,147.8,0,0,0,0,,,,
RUE,2012,6,16,11,25.8,,,,,,,,946.9,,3.2,,938,996.3,154.8,0,0,0,0,,,,
RUE,2012,6,16,12,27,,,,,,,,946.3,,2.8,,925,891.2,152.6,0,0,0,0,,,,
RUE,2012,6,16,13,27.2,,,,,,,,946.2,,2.2,,864,745.9,186.7,0,0,0,0,,,,
RUE,2012,6,16,14,26.2,,,,,,,,946.3,,3.3,,758,525.1,281.4,0,0,0,0,,,,
RUE,2012,6,16,15,25.6,,,,,,,,946.6,,2.9,,620,309,352.7,0,0,0,0,,,,
RUE,2012,6,16,16,24.8,,,,,,,,946.8,,3.1,,461,137.3,353.4,0,0,0,0,,,,
RUE,2012,6,16,17,24.2,,,,,,,,947.1,,2.5,,285,29.2,265.4,0,0,0,0,,,,
RUE,2012,6,16,18,23,,,,,,,,947.5,,2.8,,119,3.5,117.2,0,0,0,0,,,,
RUE,2012,6,16,19,21.6,,,,,,,,948,,1.3,,11,0.1,11,0,0,0,0,,,,
RUE,2012,6,16,20,20.6,,,,,,,,948.8,,1.1,,0,0,0,0,0,0,0,,,,
RUE,2012,6,16,21,17.9,,,,,,,,949.9,,3.3,,0,0,0,0,0,0,0,,,,
RUE,2012,6,16,22,15.3,,,,,,,,951.1,,3.4,,0,0,0,0,0,0,0,,,,
RUE,2012,6,16,23,14.3,,,,,,,,951.5,,3,,0,0,0,0,0,0,0,,,,
RUE,2012,6,17,0,14.1,,,,,,,,951.3,,1,,0,0,0,0,0,0,0,,,,
RUE,2012,6,17,1,14.1,,,,,,,,950.5,,0.8,,0,0,0,0,0,0,0,,,,
RUE,2012,6,17,2,14.2,,,,,,,,950.5,,0.9,,0,0,0,0,0,0,0,,,,
RUE,2012,6,17,3,13.6,,,,,,,,951.1,,1,,1,0,0,0,0,0,0,,,,
RUE,2012,6,17,4,13.6,,,,,,,,951.7,,1.3,,31,0,0,0,0,0,0,,,,
RUE,2012,6,17,5,14.1,,,,,,,,952.3,,1.1,,57,0,0,0,0,0,0,,,,
RUE,2012,6,17,6,14.9,,,,,,,,952.6,,1.6,,146,2032.6,24.1,0,0,0,0,,,,
RUE,2012,6,17,7,15.3,,,,,,,,952.9,,2.1,,205,756.3,43.1,0,0,0,0,,,,
RUE,2012,6,17,8,16.8,,,,,,,,952.7,,1.5,,558,1240.6,92.1,0,0,0,0,,,,
RUE,2012,6,17,9,17.8,,,,,,,,952.6,,1.2,,626,983,103.3,0,0,0,0,,,,
RUE,2012,6,17,10,18.8,,,,,,,,952.4,,1.1,,869,1080.2,143.4,0,0,0,0,,,,
RUE,2012,6,17,11,20.2,,,,,,,,951.8,,1.1,,887,942.3,146.4,0,0,0,0,,,,
RUE,2012,6,17,12,21.4,,,,,,,,951,,1.4,,934,899.9,154.1,0,0,0,0,,,,
RUE,2012,6,17,13,22.8,,,,,,,,950.5,,1.7,,867,751.5,184.5,0,0,0,0,,,,
RUE,2012,6,17,14,23.2,,,,,,,,949.9,,1.6,,764,537.7,275.9,0,0,0,0,,,,
RUE,2012,6,17,15,24,,,,,,,,949.2,,2.2,,629,325.7,347.1,0,0,0,0,,,,
RUE,2012,6,17,16,23.8,,,,,,,,948.7,,2.4,,465,142.2,353.4,0,0,0,0,,,,
RUE,2012,6,17,17,23.5,,,,,,,,948.4,,2.4,,293,33.5,270.6,0,0,0,0,,,,
RUE,2012,6,17,18,22.4,,,,,,,,948.3,,1.9,,99,2.4,97.7,0,0,0,0,,,,
RUE,2012,6,17,19,21.2,,,,,,,,948.3,,0.9,,18,0.2,17.9,0,0,0,0,,,,
RUE,2012,6,17,20,19.8,,,,,,,,948.3,,0.5,,0,0,0,0,0,0,0,,,,
RUE,2012,6,17,21,19.1,,,,,,,,948,,0.4,,0,0,0,0,0,0,0,,,,
RUE,2012,6,17,22,18.2,,,,,,,,947.8,,1.4,,0,0,0,0,0,0,0,,,,
RUE,2012,6,17,23,17.9,,,,,,,,947.4,,0.9,,0,0,0,0,0,0,0,,,,
RUE,2012,6,18,0,18.1,,,,,,,,946.9,,1.7,,0,0,0,0,0,0,0,,,,
RUE,2012,6,18,1,18,,,,,,,,946.2,,2.5,,0,0,0,0,0,0,0,,,,
RUE,2012,6,18,2,17.9,,,,,,,,945.8,,2.4,,0,0,0,0,0,0,0,,,,
RUE,2012,6,18,3,18.3,,,,,,,,945.3,,2.2,,1,0,0,0,0,0,0,,,,
RUE,2012,6,18,4,18.8,,,,,,,,945.2,,3.4,,16,0,0,0,0,0,0,,,,
RUE,2012,6,18,5,19.9,,,,,,,,945.1,,2.4,,185,0,0,0,0,0,0,,,,
RUE,2012,6,18,6,20.3,,,,,,,,945.4,,3.5,,200,2795.1,33,0,0,0,0,,,,
RUE,2012,6,18,7,19.4,,,,,,,,947.1,,1.5,,112,81,94.7,0,0,0,0,,,,
RUE,2012,6,18,8,21.4,,,,,,,,947.4,,1.3,,594,1321.8,98,0,0,0,0,,,,
RUE,2012,6,18,9,23.4,,,,,,,,947.2,,1.1,,799,1255.4,131.8,0,0,0,0,,,,
RUE,2012,6,18,10,25.3,,,,,,,,947.3,,1.9,,884,1099.3,145.9,0,0,0,0,,,,
RUE,2012,6,18,11,26.1,,,,,,,,947.1,,3,,936,994.6,154.4,0,0,0,0,,,,
RUE,2012,6,18,12,25.7,,,,,,,,947.3,,2.9,,909,876.3,149.6,0,0,0,0,,,,
RUE,2012,6,18,13,26.2,,,,,,,,947.2,,2.7,,867,751.5,184.4,0,0,0,0,,,,
RUE,2012,6,18,14,25.9,,,,,,,,947.2,,3,,653,313.3,368.5,0,0,0,0,,,,
RUE,2012,6,18,15,25.3,,,,,,,,947.3,,4.3,,592,257.8,368.7,0,0,0,0,,,,
RUE,2012,6,18,16,24.1,,,,,,,,947.5,,3.7,,260,8.9,253.1,0,0,0,0,,,,
RUE,2012,6,18,17,22.9,,,,,,,,947.5,,3.1,,216,8,210.7,0,0,0,0,,,,
RUE,2012,6,18,18,21.7,,,,,,,,948.1,,3.4,,80,1.6,79.2,0,0,0,0,,,,
RUE,2012,6,18,19,20.8,,,,,,,,948.8,,1.7,,4,0,4,0,0,0,0,,,,
RUE,2012,6,18,20,19.8,,,,,,,,949,,1.1,,0,0,0,0,0,0,0,,,,
RUE,2012,6,18,21,19.2,,,,,,,,949,,0.9,,0,0,0,0,0,0,0,,,,
RUE,2012,6,18,22,18.7,,,,,,,,949,,0.8,,0,0,0,0,0,0,0,,,,
RUE,2012,6,18,23,18.2,,,,,,,,949.1,,0.6,,0,0,0,0,0,0,0,,,,
RUE,2012,6,19,0,17.5,,,,,,,,948.9,,0.4,,0,0,0,0,0,0,0,,,,
RUE,2012,6,19,1,17,,,,,,,,948.6,,0.4,,0,0,0,0,0,0,0,,,,
RUE,2012,6,19,2,16.4,,,,,,,,948.3,,0.4,,0,0,0,0,0,0,0,,,,
RUE,2012,6,19,3,15.8,,,,,,,,948,,0.4,,0,0,0,0,0,0,0,,,,
RUE,2012,6,19,4,15.4,,,,,,,,947.8,,0.3,,44,0,0,0,0,0,0,,,,
RUE,2012,6,19,5,16.7,,,,,,,,947.5,,0.8,,176,0,0,0,0,0,0,,,,
RUE,2012,6,19,6,17.6,,,,,,,,947.4,,2,,344,4833.5,56.8,0,0,0,0,,,,
RUE,2012,6,19,7,19.1,,,,,,,,947.3,,3.4,,498,1948.5,82.2,0,0,0,0,,,,
RUE,2012,6,19,8,20.6,,,,,,,,946.9,,2.4,,672,1497,110.9,0,0,0,0,,,,
RUE,2012,6,19,9,21.7,,,,,,,,946.8,,1.4,,680,1069.3,112.2,0,0,0,0,,,,
RUE,2012,6,19,10,22.3,,,,,,,,946.8,,1.6,,685,848.2,115.7,0,0,0,0,,,,
RUE,2012,6,19,11,22.5,,,,,,,,946.9,,1.9,,488,174.2,351.2,0,0,0,0,,,,
RUE,2012,6,19,12,22.2,,,,,,,,946.4,,1.9,,461,87.1,385.5,0,0,0,0,,,,
RUE,2012,6,19,13,22.3,,,,,,,,946.3,,1,,312,10.3,302.6,0,0,0,0,,,,
RUE,2012,6,19,14,22,,,,,,,,946.1,,0.8,,266,5.9,260.6,0,0,0,0,,,,
RUE,2012,6,19,15,21.8,,,,,,,,945.8,,1,,177,2.8,174.5,0,0,0,0,,,,
RUE,2012,6,19,16,21.1,,,,,,,,945.8,,1.1,,95,1,94.2,0,0,0,0,,,,
RUE,2012,6,19,17,20.5,,,,,,,,945.6,,1,,61,0.6,60.6,0,0,0,0,,,,
RUE,2012,6,19,18,19.8,,,,,,,,946.1,,1.7,,14,0,14,0,0,0,0,,,,
RUE,2012,6,19,19,18.9,,,,,,,,946,,1.5,,6,0,6,0,0,0,0,,,,
RUE,2012,6,19,20,18.4,,,,,,,,945.9,,1,,0,0,0,0,0,0,0,,,,
RUE,2012,6,19,21,18.3,,,,,,,,945.6,,0.8,,0,0,0,0,0,0,0,,,,
RUE,2012,6,19,22,18.4,,,,,,,,945.2,,1.6,,0,0,0,0,0,0,0,,,,
RUE,2012,6,19,23,18.2,,,,,,,,945.3,,0.5,,0,0,0,0,0,0,0,,,,
RUE,2012,6,20,0,17.9,,,,,,,,945.6,,0.8,,0,0,0,0,0,0,0,,,,
RUE,2012,6,20,1,17.7,,,,,,,,945.8,,0.9,,0,0,0,0,0,0,0,,,,
RUE,2012,6,20,2,17.8,,,,,,,,945.5,,2.1,,0,0,0,0,0,0,0,,,,
RUE,2012,6,20,3,17.8,,,,,,,,945.1,,2.3,,0,0,0,0,0,0,0,,,,
RUE,2012,6,20,4,17.6,,,,,,,,945,,1.1,,2,0,0,0,0,0,0,,,,
RUE,2012,6,20,5,17.6,,,,,,,,944.6,,1.2,,31,0,0,0,0,0,0,,,,
RUE,2012,6,20,6,18,,,,,,,,944.7,,0.3,,69,976.2,11.4,0,0,0,0,,,,
RUE,2012,6,20,7,18.5,,,,,,,,945,,0.5,,143,240.4,91.8,0,0,0,0,,,,
RUE,2012,6,20,8,19.2,,,,,,,,945,,0.7,,254,250.5,160.2,0,0,0,0,,,,
RUE,2012,6,20,9,19.2,,,,,,,,945,,1.4,,165,7,161.3,0,0,0,0,,,,
RUE,2012,6,20,10,18.8,,,,,,,,945.2,,1.9,,100,1.5,99,0,0,0,0,,,,
RUE,2012,6,20,11,18.3,,,,,,,,945.3,,1.3,,69,0.5,68.6,0,0,0,0,,,,
RUE,2012,6,20,12,18.9,,,,,,,,945.2,,1.6,,445,73.9,381,0,0,0,0,,,,
RUE,2012,6,20,13,18.9,,,,,,,,945.1,,1.6,,155,2,153.2,0,0,0,0,,,,
RUE,2012,6,20,14,19.4,,,,,,,,944.6,,1.7,,266,5.9,260.6,0,0,0,0,,,,
RUE,2012,6,20,15,20,,,,,,,,944.2,,1.2,,264,6.6,258.3,0,0,0,0,,,,
RUE,2012,6,20,16,18.7,,,,,,,,943.9,,2.4,,48,0.3,47.8,0,0,0,0,,,,
RUE,2012,6,20,17,17.4,,,,,,,,944.1,,1.3,,54,0.4,53.7,0,0,0,0,,,,
RUE,2012,6,20,18,17.7,,,,,,,,944,,0.7,,73,1.3,72.3,0,0,0,0,,,,
RUE,2012,6,20,19,17.5,,,,,,,,944.1,,0.2,,15,0.1,15,0,0,0,0,,,,
RUE,2012,6,20,20,17.1,,,,,,,,944.2,,0.7,,0,0,0,0,0,0,0,,,,
RUE,2012,6,20,21,16.5,,,,,,,,943.9,,0.7,,0,0,0,0,0,0,0,,,,
RUE,2012,6,20,22,15.9,,,,,,,,943.7,,0.7,,0,0,0,0,0,0,0,,,,
RUE,2012,6,20,23,15.9,,,,,,,,943.5,,1,,0,0,0,0,0,0,0,,,,
RUE,2012,6,21,0,15.5,,,,,,,,943,,0.8,,0,0,0,0,0,0,0,,,,
RUE,2012,6,21,1,15.3,,,,,,,,942.6,,0.6,,0,0,0,0,0,0,0,,,,
RUE,2012,6,21,2,15,,,,,,,,942.3,,0.8,,0,0,0,0,0,0,0,,,,
RUE,2012,6,21,3,14.3,,,,,,,,942.3,,0.9,,2,0,0,0,0,0,0,,,,
RUE,2012,6,21,4,13.9,,,,,,,,942.1,,0.6,,52,0,0,0,0,0,0,,,,
RUE,2012,6,21,5,15,,,,,,,,941.8,,0.6,,164,0,0,0,0,0,0,,,,
RUE,2012,6,21,6,17.5,,,,,,,,941.5,,1.6,,366,5222.4,60.4,0,0,0,0,,,,
RUE,2012,6,21,7,19.3,,,,,,,,941.5,,1.1,,589,2315.9,97.2,0,0,0,0,,,,
RUE,2012,6,21,8,20.4,,,,,,,,941.5,,1.3,,705,1575,116.3,0,0,0,0,,,,
RUE,2012,6,21,9,21.2,,,,,,,,941.6,,2.4,,771,1214.7,127.2,0,0,0,0,,,,
RUE,2012,6,21,10,22.1,,,,,,,,941.6,,1.1,,696,867,114.9,0,0,0,0,,,,
RUE,2012,6,21,11,23.7,,,,,,,,941.7,,2.3,,931,990.4,153.6,0,0,0,0,,,,
RUE,2012,6,21,12,24.2,,,,,,,,941.5,,2.3,,926,892.8,152.8,0,0,0,0,,,,
RUE,2012,6,21,13,24.8,,,,,,,,941,,1.7,,763,535.5,276.6,0,0,0,0,,,,
RUE,2012,6,21,14,25.7,,,,,,,,940.6,,1.9,,700,403,333.9,0,0,0,0,,,,
RUE,2012,6,21,15,24.8,,,,,,,,940.6,,1,,348,21.7,329.2,0,0,0,0,,,,
RUE,2012,6,21,16,24.3,,,,,,,,940.5,,0.9,,198,4.3,194.6,0,0,0,0,,,,
RUE,2012,6,21,17,20.2,,,,,,,,942,,4.9,,40,0.2,39.8,0,0,0,0,,,,
RUE,2012,6,21,18,15.5,,,,,,,,944.1,,2.6,,10,0,10,0,0,0,0,,,,
RUE,2012,6,21,19,15.8,,,,,,,,944.5,,1.8,,19,0.2,18.9,0,0,0,0,,,,
RUE,2012,6,21,20,15.6,,,,,,,,945.2,,1.5,,0,0,0,0,0,0,0,,,,
RUE,2012,6,21,21,15.5,,,,,,,,946,,1,,0,0,0,0,0,0,0,,,,
RUE,2012,6,21,22,15.3,,,,,,,,946.5,,1,,0,0,0,0,0,0,0,,,,
RUE,2012,6,21,23,15.2,,,,,,,,946.8,,0.7,,0,0,0,0,0,0,0,,,,
RUE,2012,6,22,0,15.4,,,,,,,,947.3,,1.4,,0,0,0,0,0,0,0,,,,
RUE,2012,6,22,1,15.3,,,,,,,,948,,2.1,,0,0,0,0,0,0,0,,,,
RUE,2012,6,22,2,14.1,,,,,,,,948.4,,2,,0,0,0,0,0,0,0,,,,
RUE,2012,6,22,3,13.1,,,,,,,,948.8,,2.2,,1,0,0,0,0,0,0,,,,
RUE,2012,6,22,4,12.8,,,,,,,,949.5,,2.2,,33,0,0,0,0,0,0,,,,
RUE,2012,6,22,5,13,,,,,,,,950,,2.9,,189,0,0,0,0,0,0,,,,
RUE,2012,6,22,6,13.5,,,,,,,,950.3,,3.1,,322,4641.1,53.1,0,0,0,0,,,,
RUE,2012,6,22,7,14.3,,,,,,,,950.6,,3.4,,478,1885.2,78.9,0,0,0,0,,,,
RUE,2012,6,22,8,14.9,,,,,,,,950.7,,3.8,,696,1557.6,114.8,0,0,0,0,,,,
RUE,2012,6,22,9,15.6,,,,,,,,951.1,,3.1,,823,1298.1,135.8,0,0,0,0,,,,
RUE,2012,6,22,10,16.1,,,,,,,,951.1,,2.4,,984,1226.8,162.4,0,0,0,0,,,,
RUE,2012,6,22,11,17.3,,,,,,,,950.9,,3.1,,948,1009.1,156.4,0,0,0,0,,,,
RUE,2012,6,22,12,18.1,,,,,,,,950.8,,3,,994,958.7,164,0,0,0,0,,,,
RUE,2012,6,22,13,18.4,,,,,,,,950.8,,3.2,,888,790,170.7,0,0,0,0,,,,
RUE,2012,6,22,14,18.7,,,,,,,,950.8,,4.2,,749,505.1,290.1,0,0,0,0,,,,
RUE,2012,6,22,15,19,,,,,,,,950.9,,3.6,,657,380.2,327.4,0,0,0,0,,,,
RUE,2012,6,22,16,18.5,,,,,,,,951.1,,3.8,,489,175.2,351.3,0,0,0,0,,,,
RUE,2012,6,22,17,17.8,,,,,,,,951.4,,3.1,,308,42.3,279.6,0,0,0,0,,,,
RUE,2012,6,22,18,16.9,,,,,,,,951.6,,2.7,,134,4.3,131.7,0,0,0,0,,,,
RUE,2012,6,22,19,15.8,,,,,,,,952,,2.2,,20,0.2,19.9,0,0,0,0,,,,
RUE,2012,6,22,20,15.1,,,,,,,,952.5,,1.7,,0,0,0,0,0,0,0,,,,
RUE,2012,6,22,21,14.5,,,,,,,,952.9,,0.9,,0,0,0,0,0,0,0,,,,
RUE,2012,6,22,22,13.8,,,,,,,,953.2,,1.3,,0,0,0,0,0,0,0,,,,
RUE,2012,6,22,23,14,,,,,,,,953.2,,0.9,,0,0,0,0,0,0,0,,,,
RUE,2012,6,23,0,13.8,,,,,,,,952.9,,0.4,,0,0,0,0,0,0,0,,,,
RUE,2012,6,23,1,13.5,,,,,,,,953,,0.5,,0,0,0,0,0,0,0,,,,
RUE,2012,6,23,2,13.4,,,,,,,,953,,0.4,,0,0,0,0,0,0,0,,,,
RUE,2012,6,23,3,13.2,,,,,,,,953.3,,0.6,,1,0,0,0,0,0,0,,,,
RUE,2012,6,23,4,13,,,,,,,,953.4,,0.9,,32,0,0,0,0,0,0,,,,
RUE,2012,6,23,5,13.5,,,,,,,,953.6,,0.5,,134,0,0,0,0,0,0,,,,
RUE,2012,6,23,6,14.7,,,,,,,,954,,1.1,,291,4243.5,48,0,0,0,0,,,,
RUE,2012,6,23,7,15.7,,,,,,,,954,,1.2,,518,2050,85.5,0,0,0,0,,,,
RUE,2012,6,23,8,16.9,,,,,,,,953.9,,1.2,,624,1399.2,103,0,0,0,0,,,,
RUE,2012,6,23,9,18,,,,,,,,953.9,,1.2,,762,1203.4,125.7,0,0,0,0,,,,
RUE,2012,6,23,10,18.5,,,,,,,,953.8,,1.8,,761,949.6,125.6,0,0,0,0,,,,
RUE,2012,6,23,11,19,,,,,,,,953.6,,2,,797,843.6,135.6,0,0,0,0,,,,
RUE,2012,6,23,12,19.9,,,,,,,,953.2,,1.8,,866,823.2,153.6,0,0,0,0,,,,
RUE,2012,6,23,13,20.2,,,,,,,,953,,2.6,,804,624.7,236.8,0,0,0,0,,,,
RUE,2012,6,23,14,20.7,,,,,,,,952.8,,2.2,,694,391.3,338.5,0,0,0,0,,,,
RUE,2012,6,23,15,20.4,,,,,,,,952.6,,1.9,,477,101.9,388.6,0,0,0,0,,,,
RUE,2012,6,23,16,20.5,,,,,,,,952.3,,2.2,,493,181.1,350.5,0,0,0,0,,,,
RUE,2012,6,23,17,20,,,,,,,,952.2,,2.1,,298,35.8,273.9,0,0,0,0,,,,
RUE,2012,6,23,18,19.1,,,,,,,,952.2,,2,,134,4.3,131.7,0,0,0,0,,,,
RUE,2012,6,23,19,17.9,,,,,,,,952.2,,1.3,,20,0.2,19.9,0,0,0,0,,,,
RUE,2012,6,23,20,16.9,,,,,,,,952.4,,0.4,,0,0,0,0,0,0,0,,,,
RUE,2012,6,23,21,16,,,,,,,,952.3,,0.9,,0,0,0,0,0,0,0,,,,
RUE,2012,6,23,22,15.4,,,,,,,,952,,1,,0,0,0,0,0,0,0,,,,
RUE,2012,6,23,23,15,,,,,,,,951.9,,0.7,,0,0,0,0,0,0,0,,,,
RUE,2012,6,24,0,14.8,,,,,,,,951.6,,0.6,,0,0,0,0,0,0,0,,,,
RUE,2012,6,24,1,14.2,,,,,,,,951.4,,0.8,,0,0,0,0,0,0,0,,,,
RUE,2012,6,24,2,14.2,,,,,,,,951,,0.9,,0,0,0,0,0,0,0,,,,
RUE,2012,6,24,3,13.5,,,,,,,,950.7,,0.9,,1,0,0,0,0,0,0,,,,
RUE,2012,6,24,4,13.3,,,,,,,,950.6,,0.2,,49,0,0,0,0,0,0,,,,
RUE,2012,6,24,5,14,,,,,,,,950.3,,0.2,,189,0,0,0,0,0,0,,,,
RUE,2012,6,24,6,14.9,,,,,,,,950.2,,0.6,,302,4462.9,49.8,0,0,0,0,,,,
RUE,2012,6,24,7,17.3,,,,,,,,950.1,,0.8,,505,2006.3,83.3,0,0,0,0,,,,
RUE,2012,6,24,8,18.7,,,,,,,,949.7,,1.8,,598,1343.7,98.7,0,0,0,0,,,,
RUE,2012,6,24,9,19.9,,,,,,,,949.4,,1.7,,788,1246.2,130,0,0,0,0,,,,
RUE,2012,6,24,10,21,,,,,,,,948.9,,1.9,,845,1055.4,139.4,0,0,0,0,,,,
RUE,2012,6,24,11,21.2,,,,,,,,948.5,,2.1,,721,690.8,179.7,0,0,0,0,,,,
RUE,2012,6,24,12,21,,,,,,,,948.3,,3,,577,234.2,374.4,0,0,0,0,,,,
RUE,2012,6,24,13,20.8,,,,,,,,948.2,,2.5,,546,152,408,0,0,0,0,,,,
RUE,2012,6,24,14,20.3,,,,,,,,948,,2.1,,263,5.7,257.8,0,0,0,0,,,,
RUE,2012,6,24,15,19.7,,,,,,,,947.5,,1.5,,128,1.5,126.7,0,0,0,0,,,,
RUE,2012,6,24,16,19.3,,,,,,,,947.2,,1.4,,92,0.9,91.3,0,0,0,0,,,,
RUE,2012,6,24,17,18.9,,,,,,,,947.1,,0.9,,55,0.5,54.7,0,0,0,0,,,,
RUE,2012,6,24,18,18.5,,,,,,,,946.8,,0.4,,31,0.2,30.9,0,0,0,0,,,,
RUE,2012,6,24,19,18,,,,,,,,946.8,,1.4,,8,0,8,0,0,0,0,,,,
RUE,2012,6,24,20,18.1,,,,,,,,947.2,,2.3,,0,0,0,0,0,0,0,,,,
RUE,2012,6,24,21,18.3,,,,,,,,947.4,,4.1,,0,0,0,0,0,0,0,,,,
RUE,2012,6,24,22,18.1,,,,,,,,947.3,,2.8,,0,0,0,0,0,0,0,,,,
RUE,2012,6,24,23,16.7,,,,,,,,947.1,,3.4,,0,0,0,0,0,0,0,,,,
RUE,2012,6,25,0,17,,,,,,,,946.5,,2.5,,0,0,0,0,0,0,0,,,,
RUE,2012,6,25,1,16.6,,,,,,,,946,,3,,0,0,0,0,0,0,0,,,,
RUE,2012,6,25,2,14.9,,,,,,,,946.2,,1.5,,0,0,0,0,0,0,0,,,,
RUE,2012,6,25,3,14.9,,,,,,,,946.2,,1.6,,0,0,0,0,0,0,0,,,,
RUE,2012,6,25,4,14.8,,,,,,,,946.5,,1.8,,10,0,0,0,0,0,0,,,,
RUE,2012,6,25,5,14.8,,,,,,,,946.8,,2.4,,23,0,0,0,0,0,0,,,,
RUE,2012,6,25,6,14.8,,,,,,,,947.3,,2.9,,80,1200.1,13.2,0,0,0,0,,,,
RUE,2012,6,25,7,14.5,,,,,,,,947.6,,3.9,,173,509.5,66.4,0,0,0,0,,,,
RUE,2012,6,25,8,13.8,,,,,,,,948.1,,3.1,,161,32.3,149,0,0,0,0,,,,
RUE,2012,6,25,9,13.6,,,,,,,,948.5,,3.3,,251,51.2,224,0,0,0,0,,,,
RUE,2012,6,25,10,14.4,,,,,,,,948.5,,3.9,,538,469,224.8,0,0,0,0,,,,
RUE,2012,6,25,11,15.4,,,,,,,,948.6,,4.1,,703,648.7,195.1,0,0,0,0,,,,
RUE,2012,6,25,12,16.2,,,,,,,,948.4,,4.1,,787,672.1,205.9,0,0,0,0,,,,
RUE,2012,6,25,13,17,,,,,,,,948.4,,4.5,,633,279.7,379.2,0,0,0,0,,,,
RUE,2012,6,25,14,17.2,,,,,,,,948.7,,3.5,,565,175.6,405.5,0,0,0,0,,,,
RUE,2012,6,25,15,18,,,,,,,,948.8,,3.9,,666,398.9,320.1,0,0,0,0,,,,
RUE,2012,6,25,16,18.5,,,,,,,,948.7,,3.4,,490,176.4,351.2,0,0,0,0,,,,
RUE,2012,6,25,17,18.1,,,,,,,,949,,2.6,,310,43.5,280.7,0,0,0,0,,,,
RUE,2012,6,25,18,17,,,,,,,,949.3,,1.5,,119,3.4,117.2,0,0,0,0,,,,
RUE,2012,6,25,19,16.3,,,,,,,,949.5,,1.2,,10,0,10,0,0,0,0,,,,
RUE,2012,6,25,20,16.1,,,,,,,,950,,1.3,,0,0,0,0,0,0,0,,,,
RUE,2012,6,25,21,15.8,,,,,,,,950.3,,1.3,,0,0,0,0,0,0,0,,,,
RUE,2012,6,25,22,15.6,,,,,,,,950.5,,1.5,,0,0,0,0,0,0,0,,,,
RUE,2012,6,25,23,14.7,,,,,,,,950.5,,0.9,,0,0,0,0,0,0,0,,,,
RUE,2012,6,26,0,14.4,,,,,,,,950.3,,1.3,,0,0,0,0,0,0,0,,,,
RUE,2012,6,26,1,13.4,,,,,,,,950.2,,0.5,,0,0,0,0,0,0,0,,,,
RUE,2012,6,26,2,13.1,,,,,,,,950.2,,0.8,,0,0,0,0,0,0,0,,,,
RUE,2012,6,26,3,13.2,,,,,,,,950.1,,0.7,,1,0,0,0,0,0,0,,,,
RUE,2012,6,26,4,13.2,,,,,,,,950.4,,0.4,,31,0,0,0,0,0,0,,,,
RUE,2012,6,26,5,14,,,,,,,,950.8,,0.4,,157,0,0,0,0,0,0,,,,
RUE,2012,6,26,6,15.3,,,,,,,,951.1,,0.6,,259,3950.7,42.7,0,0,0,0,,,,
RUE,2012,6,26,7,15.7,,,,,,,,951.3,,0.7,,281,1126.3,46.4,0,0,0,0,,,,
RUE,2012,6,26,8,16.5,,,,,,,,951.5,,1.5,,360,783.3,70.3,0,0,0,0,,,,
RUE,2012,6,26,9,16.4,,,,,,,,951.7,,2,,285,94.8,235.1,0,0,0,0,,,,
RUE,2012,6,26,10,16.5,,,,,,,,951.8,,1.2,,287,30.9,266.4,0,0,0,0,,,,
RUE,2012,6,26,11,16.6,,,,,,,,952,,1.4,,290,14.7,278.5,0,0,0,0,,,,
RUE,2012,6,26,12,17,,,,,,,,951.9,,1,,428,62.1,374.3,0,0,0,0,,,,
RUE,2012,6,26,13,17.7,,,,,,,,951.9,,0.8,,416,42.5,377.4,0,0,0,0,,,,
RUE,2012,6,26,14,18.2,,,,,,,,951.8,,1.4,,449,61.6,393,0,0,0,0,,,,
RUE,2012,6,26,15,18.8,,,,,,,,951.6,,1.8,,403,45.5,363.6,0,0,0,0,,,,
RUE,2012,6,26,16,19.1,,,,,,,,951.6,,1.5,,319,22.8,301,0,0,0,0,,,,
RUE,2012,6,26,17,18.8,,,,,,,,951.8,,1.1,,137,2.8,135.1,0,0,0,0,,,,
RUE,2012,6,26,18,18.3,,,,,,,,951.9,,1.3,,96,2.2,94.8,0,0,0,0,,,,
RUE,2012,6,26,19,17.5,,,,,,,,952,,1,,18,0.2,17.9,0,0,0,0,,,,
RUE,2012,6,26,20,16.7,,,,,,,,952.1,,0.5,,0,0,0,0,0,0,0,,,,
RUE,2012,6,26,21,16.7,,,,,,,,952.1,,1.1,,0,0,0,0,0,0,0,,,,
RUE,2012,6,26,22,16.8,,,,,,,,952.1,,0.6,,0,0,0,0,0,0,0,,,,
RUE,2012,6,26,23,16.2,,,,,,,,952.1,,0.3,,0,0,0,0,0,0,0,,,,
RUE,2012,6,27,0,16,,,,,,,,952.1,,0.8,,0,0,0,0,0,0,0,,,,
RUE,2012,6,27,1,16.3,,,,,,,,952.1,,0.6,,0,0,0,0,0,0,0,,,,
RUE,2012,6,27,2,16.5,,,,,,,,951.9,,0.6,,0,0,0,0,0,0,0,,,,
RUE,2012,6,27,3,16.3,,,,,,,,951.6,,0.8,,0,0,0,0,0,0,0,,,,
RUE,2012,6,27,4,15.9,,,,,,,,951.7,,0.7,,18,0,0,0,0,0,0,,,,
RUE,2012,6,27,5,16.8,,,,,,,,951.7,,0.7,,140,0,0,0,0,0,0,,,,
RUE,2012,6,27,6,17.9,,,,,,,,951.7,,0.7,,304,4723.7,50.2,0,0,0,0,,,,
RUE,2012,6,27,7,18.3,,,,,,,,951.6,,1.2,,257,1035.3,42.4,0,0,0,0,,,,
RUE,2012,6,27,8,19,,,,,,,,951.4,,0.9,,380,859.1,63.2,0,0,0,0,,,,
RUE,2012,6,27,9,20.1,,,,,,,,951.2,,1.1,,539,854.3,90.1,0,0,0,0,,,,
RUE,2012,6,27,10,21.2,,,,,,,,950.9,,0.8,,768,962.5,126.7,0,0,0,0,,,,
RUE,2012,6,27,11,22.1,,,,,,,,950.5,,1.3,,915,977.5,151,0,0,0,0,,,,
RUE,2012,6,27,12,23.2,,,,,,,,950,,1.6,,957,925.3,157.9,0,0,0,0,,,,
RUE,2012,6,27,13,23.6,,,,,,,,949.4,,1.7,,896,805.8,165.4,0,0,0,0,,,,
RUE,2012,6,27,14,24,,,,,,,,949,,1.9,,796,608,244,0,0,0,0,,,,
RUE,2012,6,27,15,24.3,,,,,,,,948.5,,2.4,,638,342.3,341.3,0,0,0,0,,,,
RUE,2012,6,27,16,24.2,,,,,,,,948,,2.2,,474,153,353.6,0,0,0,0,,,,
RUE,2012,6,27,17,23.2,,,,,,,,947.9,,1.9,,236,11.3,228.4,0,0,0,0,,,,
RUE,2012,6,27,18,22.5,,,,,,,,947.6,,1,,94,2.1,92.9,0,0,0,0,,,,
RUE,2012,6,27,19,21.3,,,,,,,,947.4,,0.7,,9,0,9,0,0,0,0,,,,
RUE,2012,6,27,20,20.4,,,,,,,,947.3,,1,,0,0,0,0,0,0,0,,,,
RUE,2012,6,27,21,20,,,,,,,,947,,0.9,,0,0,0,0,0,0,0,,,,
RUE,2012,6,27,22,18.9,,,,,,,,946.6,,1,,0,0,0,0,0,0,0,,,,
RUE,2012,6,27,23,19.3,,,,,,,,946.1,,1.6,,0,0,0,0,0,0,0,,,,
RUE,2012,6,28,0,18.3,,,,,,,,945.5,,2.2,,0,0,0,0,0,0,0,,,,
RUE,2012,6,28,1,17.3,,,,,,,,945.3,,2.3,,0,0,0,0,0,0,0,,,,
RUE,2012,6,28,2,16.7,,,,,,,,944.8,,2.4,,0,0,0,0,0,0,0,,,,
RUE,2012,6,28,3,16.5,,,,,,,,944.6,,1.8,,0,0,0,0,0,0,0,,,,
RUE,2012,6,28,4,16.5,,,,,,,,944.7,,1.6,,47,0,0,0,0,0,0,,,,
RUE,2012,6,28,5,17.6,,,,,,,,944.6,,2.2,,177,0,0,0,0,0,0,,,,
RUE,2012,6,28,6,19.7,,,,,,,,944.4,,2.5,,337,5344.2,55.6,0,0,0,0,,,,
RUE,2012,6,28,7,21.4,,,,,,,,944.1,,3.4,,503,2037.2,83,0,0,0,0,,,,
RUE,2012,6,28,8,22.7,,,,,,,,943.6,,3.5,,653,1482.8,107.7,0,0,0,0,,,,
RUE,2012,6,28,9,23.9,,,,,,,,943.3,,2.3,,758,1206.9,125.1,0,0,0,0,,,,
RUE,2012,6,28,10,25.1,,,,,,,,942.9,,2.4,,769,965,126.9,0,0,0,0,,,,
RUE,2012,6,28,11,26.2,,,,,,,,942.6,,2.1,,738,736,163.3,0,0,0,0,,,,
RUE,2012,6,28,12,27.4,,,,,,,,942.1,,2.8,,897,868,147.9,0,0,0,0,,,,
RUE,2012,6,28,13,27.9,,,,,,,,941.8,,3.6,,669,346.3,355.2,0,0,0,0,,,,
RUE,2012,6,28,14,26,,,,,,,,942,,2.8,,99,0.8,98.3,0,0,0,0,,,,
RUE,2012,6,28,15,23,,,,,,,,942.3,,1.9,,20,0,20,0,0,0,0,,,,
RUE,2012,6,28,16,23.2,,,,,,,,941.4,,2.2,,288,13.8,277.1,0,0,0,0,,,,
RUE,2012,6,28,17,25.7,,,,,,,,941.2,,1.4,,280,26,262.5,0,0,0,0,,,,
RUE,2012,6,28,18,24.9,,,,,,,,941.2,,1.3,,123,3.6,121.1,0,0,0,0,,,,
RUE,2012,6,28,19,23.9,,,,,,,,941.5,,0.7,,17,0.1,16.9,0,0,0,0,,,,
RUE,2012,6,28,20,23.2,,,,,,,,941.9,,0.5,,0,0,0,0,0,0,0,,,,
RUE,2012,6,28,21,23.4,,,,,,,,941.8,,0.6,,0,0,0,0,0,0,0,,,,
RUE,2012,6,28,22,23.7,,,,,,,,941.7,,0.8,,0,0,0,0,0,0,0,,,,
RUE,2012,6,28,23,23.6,,,,,,,,941.9,,0.8,,0,0,0,0,0,0,0,,,,
RUE,2012,6,29,0,22.9,,,,,,,,942.2,,1.4,,0,0,0,0,0,0,0,,,,
RUE,2012,6,29,1,22.3,,,,,,,,942.2,,2.1,,0,0,0,0,0,0,0,,,,
RUE,2012,6,29,2,21.4,,,,,,,,942,,1.1,,0,0,0,0,0,0,0,,,,
RUE,2012,6,29,3,20.5,,,,,,,,942.5,,1.5,,0,0,0,0,0,0,0,,,,
RUE,2012,6,29,4,20.3,,,,,,,,943,,0.9,,10,0,0,0,0,0,0,,,,
RUE,2012,6,29,5,19.5,,,,,,,,943.1,,1.3,,31,0,0,0,0,0,0,,,,
RUE,2012,6,29,6,19.9,,,,,,,,942.9,,1.4,,263,0,0,0,0,0,0,,,,
RUE,2012,6,29,7,22.2,,,,,,,,942.8,,1.6,,468,1906.5,77.2,0,0,0,0,,,,
RUE,2012,6,29,8,24.3,,,,,,,,942.3,,2,,636,1448.7,104.9,0,0,0,0,,,,
RUE,2012,6,29,9,25,,,,,,,,941.9,,2.1,,765,1220.4,126.2,0,0,0,0,,,,
RUE,2012,6,29,10,26.8,,,,,,,,941.6,,2.3,,828,1040.5,136.6,0,0,0,0,,,,
RUE,2012,6,29,11,27.9,,,,,,,,941.4,,2.3,,883,945.1,145.7,0,0,0,0,,,,
RUE,2012,6,29,12,28.7,,,,,,,,941.3,,1.9,,889,859.6,147.6,0,0,0,0,,,,
RUE,2012,6,29,13,29.7,,,,,,,,941,,3.2,,827,677.7,213.2,0,0,0,0,,,,
RUE,2012,6,29,14,30.4,,,,,,,,940.8,,3.1,,737,482.3,299.5,0,0,0,0,,,,
RUE,2012,6,29,15,29.1,,,,,,,,940.9,,3.4,,583,242.6,372.7,0,0,0,0,,,,
RUE,2012,6,29,16,27.7,,,,,,,,941.1,,3.6,,391,63.2,341.3,0,0,0,0,,,,
RUE,2012,6,29,17,26.6,,,,,,,,941.3,,2.6,,255,16.3,244,0,0,0,0,,,,
RUE,2012,6,29,18,25.5,,,,,,,,941.7,,1.7,,104,2.6,102.6,0,0,0,0,,,,
RUE,2012,6,29,19,24.7,,,,,,,,942,,1.5,,16,0.1,16,0,0,0,0,,,,
RUE,2012,6,29,20,23.5,,,,,,,,942.5,,1,,0,0,0,0,0,0,0,,,,
RUE,2012,6,29,21,23.2,,,,,,,,942.6,,1.2,,0,0,0,0,0,0,0,,,,
RUE,2012,6,29,22,22.5,,,,,,,,943,,0.7,,0,0,0,0,0,0,0,,,,
RUE,2012,6,29,23,22,,,,,,,,943.5,,0.8,,0,0,0,0,0,0,0,,,,
RUE,2012,6,30,0,20.3,,,,,,,,944.2,,2.4,,0,0,0,0,0,0,0,,,,
RUE,2012,6,30,1,19.5,,,,,,,,944.1,,1,,0,0,0,0,0,0,0,,,,
RUE,2012,6,30,2,19.3,,,,,,,,944,,0.8,,0,0,0,0,0,0,0,,,,
RUE,2012,6,30,3,18.9,,,,,,,,944,,0.5,,0,0,0,0,0,0,0,,,,
RUE,2012,6,30,4,18.7,,,,,,,,944.1,,0.5,,33,0,0,0,0,0,0,,,,
RUE,2012,6,30,5,19.2,,,,,,,,944.3,,0.4,,151,0,0,0,0,0,0,,,,
RUE,2012,6,30,6,19.9,,,,,,,,944.2,,0.3,,316,0,0,0,0,0,0,,,,
RUE,2012,6,30,7,21.5,,,,,,,,944.1,,0.9,,487,1996.2,80.4,0,0,0,0,,,,
RUE,2012,6,30,8,23.2,,,,,,,,943.9,,1.5,,642,1467.1,105.9,0,0,0,0,,,,
RUE,2012,6,30,9,24.3,,,,,,,,943.7,,1.3,,776,1240.6,128,0,0,0,0,,,,
RUE,2012,6,30,10,25,,,,,,,,943.6,,1.8,,854,1074.7,140.9,0,0,0,0,,,,
RUE,2012,6,30,11,25.8,,,,,,,,943.4,,2.4,,843,903.3,139.1,0,0,0,0,,,,
RUE,2012,6,30,12,26.1,,,,,,,,943.3,,2.3,,847,798,159.4,0,0,0,0,,,,
RUE,2012,6,30,13,26.5,,,,,,,,943.1,,2.6,,797,615.2,240.1,0,0,0,0,,,,
RUE,2012,6,30,14,26.8,,,,,,,,942.7,,2.5,,701,408.2,330.8,0,0,0,0,,,,
RUE,2012,6,30,15,26.6,,,,,,,,942.3,,1.7,,423,58,372.8,0,0,0,0,,,,
RUE,2012,6,30,16,26.4,,,,,,,,941.6,,1.4,,386,59.4,339.2,0,0,0,0,,,,
RUE,2012,6,30,17,26.5,,,,,,,,941.7,,1.3,,308,42.1,279.6,0,0,0,0,,,,
RUE,2012,6,30,18,23.9,,,,,,,,940.7,,1.9,,86,1.8,85.1,0,0,0,0,,,,
RUE,2012,6,30,19,22.8,,,,,,,,940.6,,1.2,,5,0,5,0,0,0,0,,,,
RUE,2012,6,30,20,22.3,,,,,,,,941.5,,1.4,,0,0,0,0,0,0,0,,,,
RUE,2012,6,30,21,21.4,,,,,,,,942.7,,2.7,,0,0,0,0,0,0,0,,,,
RUE,2012,6,30,22,19,,,,,,,,944.1,,2.6,,0,0,0,0,0,0,0,,,,
RUE,2012,6,30,23,18.4,,,,,,,,944.4,,0.8,,0,0,0,0,0,0,0,,,,
RUE,2012,7,1,0,18.1,,,,,,,,944.8,,1.4,,0,0,0,0,0,0,0,,,,
RUE,2012,7,1,1,17.6,,,,,,,,945.4,,2.8,,0,0,0,0,0,0,0,,,,
RUE,2012,7,1,2,17.3,,,,,,,,945.5,,1.8,,0,0,0,0,0,0,0,,,,
RUE,2012,7,1,3,17.1,,,,,,,,945.2,,0.8,,0,0,0,0,0,0,0,,,,
RUE,2012,7,1,4,17.2,,,,,,,,944.9,,1.1,,8,0,0,0,0,0,0,,,,
RUE,2012,7,1,5,16.7,,,,,,,,945.6,,2.4,,6,0,0,0,0,0,0,,,,
RUE,2012,7,1,6,16.4,,,,,,,,945.9,,1.1,,53,0,0,0,0,0,0,,,,
RUE,2012,7,1,7,16.2,,,,,,,,946.6,,3,,74,13.7,71.2,0,0,0,0,,,,
RUE,2012,7,1,8,15.9,,,,,,,,947.4,,3.2,,69,2.4,68.1,0,0,0,0,,,,
RUE,2012,7,1,9,15.5,,,,,,,,948.1,,4,,247,50.1,220.9,0,0,0,0,,,,
RUE,2012,7,1,10,16.5,,,,,,,,948.6,,2.8,,562,552.4,196.1,0,0,0,0,,,,
RUE,2012,7,1,11,16.1,,,,,,,,948.9,,2,,189,4,185.9,0,0,0,0,,,,
RUE,2012,7,1,12,15.9,,,,,,,,948.9,,1,,206,3.9,202.6,0,0,0,0,,,,
RUE,2012,7,1,13,16.8,,,,,,,,948.7,,1.9,,293,8.1,285.6,0,0,0,0,,,,
RUE,2012,7,1,14,16.6,,,,,,,,949.3,,1.4,,135,1.5,133.6,0,0,0,0,,,,
RUE,2012,7,1,15,16.4,,,,,,,,949.6,,1.6,,78,0.6,77.5,0,0,0,0,,,,
RUE,2012,7,1,16,16,,,,,,,,950.1,,0.8,,36,0.1,35.9,0,0,0,0,,,,
RUE,2012,7,1,17,15.5,,,,,,,,951,,1.4,,20,0.1,20,0,0,0,0,,,,
RUE,2012,7,1,18,15.3,,,,,,,,949.9,,1.3,,31,0.2,30.9,0,0,0,0,,,,
RUE,2012,7,1,19,15.2,,,,,,,,950.1,,0.7,,5,0,5,0,0,0,0,,,,
RUE,2012,7,1,20,14.9,,,,,,,,949.6,,1.3,,0,0,0,0,0,0,0,,,,
RUE,2012,7,1,21,14.7,,,,,,,,949.2,,1.5,,0,0,0,0,0,0,0,,,,
RUE,2012,7,1,22,14.7,,,,,,,,949.1,,1,,0,0,0,0,0,0,0,,,,
RUE,2012,7,1,23,14.6,,,,,,,,949,,1.3,,0,0,0,0,0,0,0,,,,
RUE,2012,7,2,0,14.4,,,,,,,,948.5,,1.5,,0,0,0,0,0,0,0,,,,
RUE,2012,7,2,1,14,,,,,,,,948.1,,1.3,,0,0,0,0,0,0,0,,,,
RUE,2012,7,2,2,14,,,,,,,,948.6,,1.4,,0,0,0,0,0,0,0,,,,
RUE,2012,7,2,3,14.1,,,,,,,,948.4,,1.6,,0,0,0,0,0,0,0,,,,
RUE,2012,7,2,4,14.3,,,,,,,,946.3,,2.6,,4,0,0,0,0,0,0,,,,
RUE,2012,7,2,5,14.6,,,,,,,,947.2,,2.4,,2,0,0,0,0,0,0,,,,
RUE,2012,7,2,6,14.4,,,,,,,,946.9,,4.8,,16,0,0,0,0,0,0,,,,
RUE,2012,7,2,7,14.6,,,,,,,,946.1,,5.8,,87,31.9,80.6,0,0,0,0,,,,
RUE,2012,7,2,8,15.1,,,,,,,,946.1,,3.2,,121,9.1,117.7,0,0,0,0,,,,
RUE,2012,7,2,9,15.7,,,,,,,,946,,3.4,,196,15.9,187.7,0,0,0,0,,,,
RUE,2012,7,2,10,15.8,,,,,,,,946.1,,2,,133,2.8,131.2,0,0,0,0,,,,
RUE,2012,7,2,11,16,,,,,,,,946.7,,1.2,,208,4.9,204.2,0,0,0,0,,,,
RUE,2012,7,2,12,16.1,,,,,,,,946.2,,1.4,,141,1.8,139.4,0,0,0,0,,,,
RUE,2012,7,2,13,16.3,,,,,,,,946.3,,1.3,,136,1.5,134.6,0,0,0,0,,,,
RUE,2012,7,2,14,16.5,,,,,,,,946.5,,1.8,,138,1.6,136.6,0,0,0,0,,,,
RUE,2012,7,2,15,15.9,,,,,,,,946.7,,2.6,,157,2.2,155.1,0,0,0,0,,,,
RUE,2012,7,2,16,15.5,,,,,,,,947.1,,1.4,,47,0.2,46.8,0,0,0,0,,,,
RUE,2012,7,2,17,15.8,,,,,,,,947.5,,1.1,,58,0.5,57.7,0,0,0,0,,,,
RUE,2012,7,2,18,15.7,,,,,,,,947.4,,1.5,,37,0.3,36.8,0,0,0,0,,,,
RUE,2012,7,2,19,15.3,,,,,,,,947.8,,0.8,,10,0,10,0,0,0,0,,,,
RUE,2012,7,2,20,15.3,,,,,,,,948.2,,1,,0,0,0,0,0,0,0,,,,
RUE,2012,7,2,21,14.9,,,,,,,,948.4,,2.2,,0,0,0,0,0,0,0,,,,
RUE,2012,7,2,22,14.6,,,,,,,,948.7,,0.7,,0,0,0,0,0,0,0,,,,
RUE,2012,7,2,23,14.5,,,,,,,,948.6,,0.7,,0,0,0,0,0,0,0,,,,
RUE,2012,7,3,0,14.4,,,,,,,,948.2,,0.6,,0,0,0,0,0,0,0,,,,
RUE,2012,7,3,1,14.3,,,,,,,,947.9,,0.7,,0,0,0,0,0,0,0,,,,
RUE,2012,7,3,2,14.3,,,,,,,,947.8,,1,,0,0,0,0,0,0,0,,,,
RUE,2012,7,3,3,14.2,,,,,,,,947.8,,1,,0,0,0,0,0,0,0,,,,
RUE,2012,7,3,4,14,,,,,,,,947.9,,1.3,,1,0,0,0,0,0,0,,,,
RUE,2012,7,3,5,14.1,,,,,,,,948.1,,1.4,,23,0,0,0,0,0,0,,,,
RUE,2012,7,3,6,14.2,,,,,,,,948.3,,1.3,,28,0,0,0,0,0,0,,,,
RUE,2012,7,3,7,14.4,,,,,,,,948.4,,1.2,,93,46.2,83.8,0,0,0,0,,,,
RUE,2012,7,3,8,14.7,,,,,,,,948.5,,1.1,,127,11.4,122.9,0,0,0,0,,,,
RUE,2012,7,3,9,15.1,,,,,,,,948.6,,1,,171,8.7,166.5,0,0,0,0,,,,
RUE,2012,7,3,10,15.7,,,,,,,,948.6,,1.9,,310,47.9,278.4,0,0,0,0,,,,
RUE,2012,7,3,11,15.7,,,,,,,,948.2,,2.2,,237,6.7,231.8,0,0,0,0,,,,
RUE,2012,7,3,12,15.9,,,,,,,,948.1,,2.1,,337,19.3,320.4,0,0,0,0,,,,
RUE,2012,7,3,13,16.1,,,,,,,,948.1,,1.6,,251,5.3,246.2,0,0,0,0,,,,
RUE,2012,7,3,14,17.5,,,,,,,,947.9,,2.1,,517,120.9,407.5,0,0,0,0,,,,
RUE,2012,7,3,15,18.6,,,,,,,,947.4,,1.8,,639,347,338.8,0,0,0,0,,,,
RUE,2012,7,3,16,18.8,,,,,,,,947,,1.3,,409,79,347,0,0,0,0,,,,
RUE,2012,7,3,17,18.6,,,,,,,,946.9,,1.1,,264,19.5,250.9,0,0,0,0,,,,
RUE,2012,7,3,18,18.3,,,,,,,,947,,0.8,,120,3.5,118.2,0,0,0,0,,,,
RUE,2012,7,3,19,17.4,,,,,,,,946.9,,0.8,,13,0.1,13,0,0,0,0,,,,
RUE,2012,7,3,20,16.3,,,,,,,,947.2,,0.9,,0,0,0,0,0,0,0,,,,
RUE,2012,7,3,21,15.7,,,,,,,,947.3,,0.9,,0,0,0,0,0,0,0,,,,
RUE,2012,7,3,22,15.3,,,,,,,,946.8,,0.9,,0,0,0,0,0,0,0,,,,
RUE,2012,7,3,23,15,,,,,,,,946.4,,0.9,,0,0,0,0,0,0,0,,,,
RUE,2012,7,4,0,14.9,,,,,,,,946,,0.6,,0,0,0,0,0,0,0,,,,
RUE,2012,7,4,1,14.7,,,,,,,,945.7,,0.6,,0,0,0,0,0,0,0,,,,
RUE,2012,7,4,2,14.7,,,,,,,,945.1,,1.1,,0,0,0,0,0,0,0,,,,
RUE,2012,7,4,3,15.8,,,,,,,,944.9,,1.7,,0,0,0,0,0,0,0,,,,
RUE,2012,7,4,4,16,,,,,,,,944.9,,1.3,,10,0,0,0,0,0,0,,,,
RUE,2012,7,4,5,16.3,,,,,,,,944.7,,1.2,,63,0,0,0,0,0,0,,,,
RUE,2012,7,4,6,16.6,,,,,,,,944.7,,1.5,,102,0,0,0,0,0,0,,,,
RUE,2012,7,4,7,17.4,,,,,,,,944.6,,2,,260,1096.9,42.9,0,0,0,0,,,,
RUE,2012,7,4,8,18.1,,,,,,,,944.6,,2.1,,360,822.8,63.8,0,0,0,0,,,,
RUE,2012,7,4,9,18.6,,,,,,,,944.4,,2.1,,466,654.6,127.4,0,0,0,0,,,,
RUE,2012,7,4,10,19.5,,,,,,,,944.3,,1.8,,627,746.9,134.7,0,0,0,0,,,,
RUE,2012,7,4,11,21,,,,,,,,943.9,,2.3,,875,942.1,144.4,0,0,0,0,,,,
RUE,2012,7,4,12,21.8,,,,,,,,943.6,,1.5,,894,869.7,147.3,0,0,0,0,,,,
RUE,2012,7,4,13,22.7,,,,,,,,943.2,,1.4,,720,454.2,310,0,0,0,0,,,,
RUE,2012,7,4,14,22.7,,,,,,,,942.8,,1.4,,550,159.3,405.9,0,0,0,0,,,,
RUE,2012,7,4,15,21.5,,,,,,,,942.8,,1.6,,100,0.9,99.2,0,0,0,0,,,,
RUE,2012,7,4,16,20.4,,,,,,,,942.2,,1.8,,62,0.4,61.7,0,0,0,0,,,,
RUE,2012,7,4,17,20.2,,,,,,,,942.2,,0.6,,72,0.8,71.5,0,0,0,0,,,,
RUE,2012,7,4,18,20.1,,,,,,,,942.5,,1.8,,88,1.9,87,0,0,0,0,,,,
RUE,2012,7,4,19,19.2,,,,,,,,943.1,,2.6,,19,0.2,18.9,0,0,0,0,,,,
RUE,2012,7,4,20,18.6,,,,,,,,943.1,,2.6,,0,0,0,0,0,0,0,,,,
RUE,2012,7,4,21,18.5,,,,,,,,943.3,,2.1,,0,0,0,0,0,0,0,,,,
RUE,2012,7,4,22,18,,,,,,,,943,,1,,0,0,0,0,0,0,0,,,,
RUE,2012,7,4,23,17.1,,,,,,,,942.6,,1,,0,0,0,0,0,0,0,,,,
RUE,2012,7,5,0,16.7,,,,,,,,942.1,,1.3,,0,0,0,0,0,0,0,,,,
RUE,2012,7,5,1,16.2,,,,,,,,941.8,,1.3,,0,0,0,0,0,0,0,,,,
RUE,2012,7,5,2,16,,,,,,,,941.5,,1.4,,0,0,0,0,0,0,0,,,,
RUE,2012,7,5,3,15.7,,,,,,,,941.3,,1.5,,0,0,0,0,0,0,0,,,,
RUE,2012,7,5,4,15.7,,,,,,,,941.2,,1.5,,33,0,0,0,0,0,0,,,,
RUE,2012,7,5,5,16.6,,,,,,,,941.6,,0.8,,166,0,0,0,0,0,0,,,,
RUE,2012,7,5,6,17.9,,,,,,,,941.8,,1.3,,341,0,0,0,0,0,0,,,,
RUE,2012,7,5,7,19.5,,,,,,,,941.9,,0.9,,517,2199.1,85.3,0,0,0,0,,,,
RUE,2012,7,5,8,20.9,,,,,,,,941.9,,1.6,,662,1542.3,109.2,0,0,0,0,,,,
RUE,2012,7,5,9,21.1,,,,,,,,942,,2.2,,450,599.2,140.8,0,0,0,0,,,,
RUE,2012,7,5,10,21.3,,,,,,,,942.1,,1.2,,511,415.2,237.9,0,0,0,0,,,,
RUE,2012,7,5,11,21.1,,,,,,,,941.9,,1.3,,437,114.6,348.2,0,0,0,0,,,,
RUE,2012,7,5,12,22,,,,,,,,941.4,,1.1,,602,286.6,356.2,0,0,0,0,,,,
RUE,2012,7,5,13,22.4,,,,,,,,941.4,,1.4,,459,70.9,395.1,0,0,0,0,,,,
RUE,2012,7,5,14,21.8,,,,,,,,941.1,,1.6,,238,4.7,233.7,0,0,0,0,,,,
RUE,2012,7,5,15,20.1,,,,,,,,940.9,,0.9,,34,0.1,33.9,0,0,0,0,,,,
RUE,2012,7,5,16,21.1,,,,,,,,940.9,,0.7,,370,48.9,331.6,0,0,0,0,,,,
RUE,2012,7,5,17,21.9,,,,,,,,940.4,,1.4,,261,18.6,248.5,0,0,0,0,,,,
RUE,2012,7,5,18,20.4,,,,,,,,940.2,,1.3,,74,1.3,73.3,0,0,0,0,,,,
RUE,2012,7,5,19,19,,,,,,,,940.3,,1.3,,3,0,3,0,0,0,0,,,,
RUE,2012,7,5,20,17.6,,,,,,,,940.5,,1.3,,0,0,0,0,0,0,0,,,,
RUE,2012,7,5,21,17.1,,,,,,,,941.3,,1.1,,0,0,0,0,0,0,0,,,,
RUE,2012,7,5,22,16.6,,,,,,,,942.3,,2.7,,0,0,0,0,0,0,0,,,,
RUE,2012,7,5,23,15,,,,,,,,942.6,,0.9,,0,0,0,0,0,0,0,,,,
RUE,2012,7,6,0,14.9,,,,,,,,942.5,,0.7,,0,0,0,0,0,0,0,,,,
RUE,2012,7,6,1,15,,,,,,,,941.9,,0.8,,0,0,0,0,0,0,0,,,,
RUE,2012,7,6,2,15,,,,,,,,942.4,,0.9,,0,0,0,0,0,0,0,,,,
RUE,2012,7,6,3,14.8,,,,,,,,942,,1,,0,0,0,0,0,0,0,,,,
RUE,2012,7,6,4,14.8,,,,,,,,942.2,,1.5,,1,0,0,0,0,0,0,,,,
RUE,2012,7,6,5,15,,,,,,,,942.4,,0.4,,18,0,0,0,0,0,0,,,,
RUE,2012,7,6,6,14.9,,,,,,,,943,,0.6,,24,0,0,0,0,0,0,,,,
RUE,2012,7,6,7,14.9,,,,,,,,943.3,,1,,83,29.5,77.2,0,0,0,0,,,,
RUE,2012,7,6,8,15.2,,,,,,,,943.5,,0.8,,115,8,112.2,0,0,0,0,,,,
RUE,2012,7,6,9,15.7,,,,,,,,943.5,,0.9,,193,15.5,185,0,0,0,0,,,,
RUE,2012,7,6,10,16.8,,,,,,,,943.5,,1.6,,415,188,291.6,0,0,0,0,,,,
RUE,2012,7,6,11,16.9,,,,,,,,943.6,,1.9,,405,81.2,342.2,0,0,0,0,,,,
RUE,2012,7,6,12,17.6,,,,,,,,943.5,,1.7,,429,65.6,372.8,0,0,0,0,,,,
RUE,2012,7,6,13,17.8,,,,,,,,943.6,,2,,301,9.2,292.7,0,0,0,0,,,,
RUE,2012,7,6,14,17.1,,,,,,,,943.7,,2.4,,207,3.6,203.8,0,0,0,0,,,,
RUE,2012,7,6,15,16.5,,,,,,,,943.7,,2.5,,120,1.3,118.9,0,0,0,0,,,,
RUE,2012,7,6,16,17.2,,,,,,,,943.5,,1.8,,248,7.5,242.1,0,0,0,0,,,,
RUE,2012,7,6,17,16.5,,,,,,,,943.4,,1.4,,76,0.9,75.4,0,0,0,0,,,,
RUE,2012,7,6,18,16,,,,,,,,943.7,,1.1,,47,0.5,46.7,0,0,0,0,,,,
RUE,2012,7,6,19,15.8,,,,,,,,943.9,,1.6,,10,0,10,0,0,0,0,,,,
RUE,2012,7,6,20,15.7,,,,,,,,944.6,,1.3,,0,0,0,0,0,0,0,,,,
RUE,2012,7,6,21,15.6,,,,,,,,944.7,,1.7,,0,0,0,0,0,0,0,,,,
RUE,2012,7,6,22,15.5,,,,,,,,944.8,,2.1,,0,0,0,0,0,0,0,,,,
RUE,2012,7,6,23,15.5,,,,,,,,944.6,,1.7,,0,0,0,0,0,0,0,,,,
RUE,2012,7,7,0,15,,,,,,,,944.6,,1,,0,0,0,0,0,0,0,,,,
RUE,2012,7,7,1,14.4,,,,,,,,944.4,,1.3,,0,0,0,0,0,0,0,,,,
RUE,2012,7,7,2,13.8,,,,,,,,944.3,,1.5,,0,0,0,0,0,0,0,,,,
RUE,2012,7,7,3,13,,,,,,,,944.2,,1.2,,0,0,0,0,0,0,0,,,,
RUE,2012,7,7,4,13.8,,,,,,,,944.3,,1.2,,14,0,0,0,0,0,0,,,,
RUE,2012,7,7,5,14.1,,,,,,,,944.5,,1,,129,0,0,0,0,0,0,,,,
RUE,2012,7,7,6,15,,,,,,,,944.7,,0.3,,293,0,0,0,0,0,0,,,,
RUE,2012,7,7,7,16.4,,,,,,,,944.9,,0.6,,468,2026.2,77.2,0,0,0,0,,,,
RUE,2012,7,7,8,17.5,,,,,,,,944.8,,1.2,,557,1309.4,91.9,0,0,0,0,,,,
RUE,2012,7,7,9,18.8,,,,,,,,944.8,,1,,749,1219.1,123.6,0,0,0,0,,,,
RUE,2012,7,7,10,20.6,,,,,,,,944.8,,1.7,,898,1144.3,148.2,0,0,0,0,,,,
RUE,2012,7,7,11,21.5,,,,,,,,944.4,,3,,937,1013.3,154.6,0,0,0,0,,,,
RUE,2012,7,7,12,22.4,,,,,,,,944,,3.9,,933,910.4,153.9,0,0,0,0,,,,
RUE,2012,7,7,13,23.2,,,,,,,,943.7,,2.9,,882,793.2,167.9,0,0,0,0,,,,
RUE,2012,7,7,14,23.6,,,,,,,,943.4,,2.9,,753,524.6,279.4,0,0,0,0,,,,
RUE,2012,7,7,15,23.6,,,,,,,,943,,3,,614,302,353.4,0,0,0,0,,,,
RUE,2012,7,7,16,23.7,,,,,,,,942.5,,2.6,,477,160.3,351.4,0,0,0,0,,,,
RUE,2012,7,7,17,23.5,,,,,,,,942.3,,2.1,,300,37.8,274.7,0,0,0,0,,,,
RUE,2012,7,7,18,22.4,,,,,,,,942.1,,2,,127,3.9,124.9,0,0,0,0,,,,
RUE,2012,7,7,19,20.9,,,,,,,,941.8,,2.2,,17,0.1,16.9,0,0,0,0,,,,
RUE,2012,7,7,20,20.3,,,,,,,,941.8,,2.5,,0,0,0,0,0,0,0,,,,
RUE,2012,7,7,21,19.8,,,,,,,,941.6,,2.1,,0,0,0,0,0,0,0,,,,
RUE,2012,7,7,22,18.1,,,,,,,,941.3,,2.4,,0,0,0,0,0,0,0,,,,
RUE,2012,7,7,23,17.5,,,,,,,,940.8,,1.9,,0,0,0,0,0,0,0,,,,
RUE,2012,7,8,0,17.3,,,,,,,,940.5,,1.4,,0,0,0,0,0,0,0,,,,
RUE,2012,7,8,1,17,,,,,,,,940.2,,1.5,,0,0,0,0,0,0,0,,,,
RUE,2012,7,8,2,16.3,,,,,,,,939.7,,1,,0,0,0,0,0,0,0,,,,
RUE,2012,7,8,3,16.6,,,,,,,,939,,1.9,,0,0,0,0,0,0,0,,,,
RUE,2012,7,8,4,16.3,,,,,,,,939.7,,1.1,,9,0,0,0,0,0,0,,,,
RUE,2012,7,8,5,16.4,,,,,,,,940.6,,1.5,,17,0,0,0,0,0,0,,,,
RUE,2012,7,8,6,14.2,,,,,,,,943.5,,4.3,,26,0,0,0,0,0,0,,,,
RUE,2012,7,8,7,14.2,,,,,,,,943,,0.9,,225,983.4,37.1,0,0,0,0,,,,
RUE,2012,7,8,8,16.9,,,,,,,,942.4,,1,,473,1117.3,78,0,0,0,0,,,,
RUE,2012,7,8,9,17.7,,,,,,,,942.6,,3,,501,792.9,95.5,0,0,0,0,,,,
RUE,2012,7,8,10,16.8,,,,,,,,943,,1.5,,231,11.7,223.3,0,0,0,0,,,,
RUE,2012,7,8,11,17.2,,,,,,,,943.3,,0.9,,271,11.4,262.2,0,0,0,0,,,,
RUE,2012,7,8,12,18.5,,,,,,,,943.1,,1.1,,360,27.7,336.3,0,0,0,0,,,,
RUE,2012,7,8,13,19.6,,,,,,,,942.8,,1.2,,509,116.1,404.5,0,0,0,0,,,,
RUE,2012,7,8,14,20.4,,,,,,,,942.7,,2.3,,571,189.3,400.3,0,0,0,0,,,,
RUE,2012,7,8,15,20.7,,,,,,,,942.6,,1.8,,417,55.4,369.3,0,0,0,0,,,,
RUE,2012,7,8,16,20.5,,,,,,,,942.6,,1.3,,291,14.9,279.4,0,0,0,0,,,,
RUE,2012,7,8,17,20.8,,,,,,,,942.6,,2.7,,249,14.9,239,0,0,0,0,,,,
RUE,2012,7,8,18,20.1,,,,,,,,943.1,,2.7,,120,3.5,118.1,0,0,0,0,,,,
RUE,2012,7,8,19,19,,,,,,,,943.8,,2.7,,28,0.4,27.9,0,0,0,0,,,,
RUE,2012,7,8,20,18.2,,,,,,,,944.6,,1.2,,0,0,0,0,0,0,0,,,,
RUE,2012,7,8,21,17.6,,,,,,,,945.1,,1,,0,0,0,0,0,0,0,,,,
RUE,2012,7,8,22,16.9,,,,,,,,945.5,,1.6,,0,0,0,0,0,0,0,,,,
RUE,2012,7,8,23,16.3,,,,,,,,945.8,,1.4,,0,0,0,0,0,0,0,,,,
RUE,2012,7,9,0,15.8,,,,,,,,945.8,,1.4,,0,0,0,0,0,0,0,,,,
RUE,2012,7,9,1,15.4,,,,,,,,945.8,,1.1,,0,0,0,0,0,0,0,,,,
RUE,2012,7,9,2,15.2,,,,,,,,945.8,,0.8,,0,0,0,0,0,0,0,,,,
RUE,2012,7,9,3,15,,,,,,,,945.8,,0.7,,0,0,0,0,0,0,0,,,,
RUE,2012,7,9,4,15.5,,,,,,,,945.9,,0.5,,36,0,0,0,0,0,0,,,,
RUE,2012,7,9,5,15.6,,,,,,,,945.7,,0.2,,121,0,0,0,0,0,0,,,,
RUE,2012,7,9,6,16.6,,,,,,,,945.6,,0.6,,357,0,0,0,0,0,0,,,,
RUE,2012,7,9,7,17.8,,,,,,,,945.5,,1.4,,503,2220.3,83,0,0,0,0,,,,
RUE,2012,7,9,8,18.4,,,,,,,,945.5,,0.9,,604,1433.9,99.7,0,0,0,0,,,,
RUE,2012,7,9,9,19.5,,,,,,,,945.6,,1.6,,762,1247.9,125.7,0,0,0,0,,,,
RUE,2012,7,9,10,19.6,,,,,,,,945.5,,1.9,,664,845.1,112.6,0,0,0,0,,,,
RUE,2012,7,9,11,19.8,,,,,,,,945.4,,1.8,,599,417.7,277.5,0,0,0,0,,,,
RUE,2012,7,9,12,20.4,,,,,,,,945,,1.8,,682,456.6,292.2,0,0,0,0,,,,
RUE,2012,7,9,13,21.4,,,,,,,,944.7,,1.7,,835,708,198.9,0,0,0,0,,,,
RUE,2012,7,9,14,21.6,,,,,,,,944.6,,2.5,,733,484.4,296.5,0,0,0,0,,,,
RUE,2012,7,9,15,21.3,,,,,,,,944.4,,2.7,,596,271.1,362.5,0,0,0,0,,,,
RUE,2012,7,9,16,20.9,,,,,,,,944.4,,3,,342,33.5,315.8,0,0,0,0,,,,
RUE,2012,7,9,17,20.4,,,,,,,,944.4,,2.6,,252,15.9,241.4,0,0,0,0,,,,
RUE,2012,7,9,18,19.7,,,,,,,,944.5,,1.5,,89,1.9,88,0,0,0,0,,,,
RUE,2012,7,9,19,19.3,,,,,,,,944.6,,1.5,,12,0.1,12,0,0,0,0,,,,
RUE,2012,7,9,20,18.8,,,,,,,,945,,1,,0,0,0,0,0,0,0,,,,
RUE,2012,7,9,21,18.2,,,,,,,,945.3,,1.4,,0,0,0,0,0,0,0,,,,
RUE,2012,7,9,22,17.7,,,,,,,,945.3,,1.4,,0,0,0,0,0,0,0,,,,
RUE,2012,7,9,23,17.3,,,,,,,,945.3,,1,,0,0,0,0,0,0,0,,,,
RUE,2012,7,10,0,17.3,,,,,,,,945.3,,0.6,,0,0,0,0,0,0,0,,,,
RUE,2012,7,10,1,16.5,,,,,,,,945.4,,0.5,,0,0,0,0,0,0,0,,,,
RUE,2012,7,10,2,16.5,,,,,,,,945.2,,0.7,,0,0,0,0,0,0,0,,,,
RUE,2012,7,10,3,15.9,,,,,,,,945.1,,0.3,,0,0,0,0,0,0,0,,,,
RUE,2012,7,10,4,15.2,,,,,,,,945.1,,0.4,,22,0,0,0,0,0,0,,,,
RUE,2012,7,10,5,15.7,,,,,,,,945.1,,0.3,,118,0,0,0,0,0,0,,,,
RUE,2012,7,10,6,17.2,,,,,,,,945.2,,0.5,,312,0,0,0,0,0,0,,,,
RUE,2012,7,10,7,18.8,,,,,,,,945.1,,0.7,,529,2359.4,87.3,0,0,0,0,,,,
RUE,2012,7,10,8,19.8,,,,,,,,945.1,,0.6,,563,1343.5,92.9,0,0,0,0,,,,
RUE,2012,7,10,9,20.7,,,,,,,,945,,0.7,,745,1224.1,122.9,0,0,0,0,,,,
RUE,2012,7,10,10,21.4,,,,,,,,944.8,,1,,802,1028.7,132.3,0,0,0,0,,,,
RUE,2012,7,10,11,21.6,,,,,,,,944.5,,1.8,,499,210.2,337.5,0,0,0,0,,,,
RUE,2012,7,10,12,20.4,,,,,,,,944.3,,1.7,,503,139.8,383.8,0,0,0,0,,,,
RUE,2012,7,10,13,18.5,,,,,,,,944.2,,1.3,,96,0.8,95.3,0,0,0,0,,,,
RUE,2012,7,10,14,17.9,,,,,,,,944,,0.6,,213,3.8,209.6,0,0,0,0,,,,
RUE,2012,7,10,15,18.2,,,,,,,,943.9,,0.5,,118,1.3,116.9,0,0,0,0,,,,
RUE,2012,7,10,16,18.8,,,,,,,,943.9,,0.7,,87,0.8,86.3,0,0,0,0,,,,
RUE,2012,7,10,17,17.6,,,,,,,,944.4,,1.2,,8,0,8,0,0,0,0,,,,
RUE,2012,7,10,18,17.1,,,,,,,,944.4,,1.1,,32,0.3,31.9,0,0,0,0,,,,
RUE,2012,7,10,19,16.5,,,,,,,,944.6,,0.9,,6,0,6,0,0,0,0,,,,
RUE,2012,7,10,20,16.1,,,,,,,,945.3,,0.9,,0,0,0,0,0,0,0,,,,
RUE,2012,7,10,21,16,,,,,,,,945.3,,1.1,,0,0,0,0,0,0,0,,,,
RUE,2012,7,10,22,15.9,,,,,,,,945.5,,0.7,,0,0,0,0,0,0,0,,,,
RUE,2012,7,10,23,15.8,,,,,,,,945.5,,1.4,,0,0,0,0,0,0,0,,,,
RUE,2012,7,11,0,15.5,,,,,,,,945.7,,1.4,,0,0,0,0,0,0,0,,,,
RUE,2012,7,11,1,15.1,,,,,,,,945.7,,1.5,,0,0,0,0,0,0,0,,,,
RUE,2012,7,11,2,14.4,,,,,,,,945.9,,2,,0,0,0,0,0,0,0,,,,
RUE,2012,7,11,3,13.7,,,,,,,,946.1,,1.5,,0,0,0,0,0,0,0,,,,
RUE,2012,7,11,4,13.5,,,,,,,,946.3,,1,,10,0,0,0,0,0,0,,,,
RUE,2012,7,11,5,13.7,,,,,,,,946.5,,0.6,,69,0,0,0,0,0,0,,,,
RUE,2012,7,11,6,14.2,,,,,,,,946.6,,0.8,,131,0,0,0,0,0,0,,,,
RUE,2012,7,11,7,14.8,,,,,,,,946.8,,1.1,,228,1027.9,37.6,0,0,0,0,,,,
RUE,2012,7,11,8,15.2,,,,,,,,946.8,,1,,227,213.9,152.5,0,0,0,0,,,,
RUE,2012,7,11,9,16,,,,,,,,946.6,,1.4,,386,388.2,189.4,0,0,0,0,,,,
RUE,2012,7,11,10,16.2,,,,,,,,946.6,,1.2,,290,37.2,265.8,0,0,0,0,,,,
RUE,2012,7,11,11,16.4,,,,,,,,946.5,,1.9,,236,6.8,230.8,0,0,0,0,,,,
RUE,2012,7,11,12,16.7,,,,,,,,946.4,,2.6,,264,7,258.1,0,0,0,0,,,,
RUE,2012,7,11,13,16.8,,,,,,,,946.3,,3.3,,285,7.6,278.2,0,0,0,0,,,,
RUE,2012,7,11,14,17.6,,,,,,,,946.1,,4.2,,517,124.6,405,0,0,0,0,,,,
RUE,2012,7,11,15,18,,,,,,,,945.9,,5.2,,643,363.2,330.8,0,0,0,0,,,,
RUE,2012,7,11,16,17.7,,,,,,,,946,,5.3,,486,176.6,348.2,0,0,0,0,,,,
RUE,2012,7,11,17,17.1,,,,,,,,946.1,,4.6,,274,24.5,257.7,0,0,0,0,,,,
RUE,2012,7,11,18,16,,,,,,,,946.4,,3.6,,82,1.7,81.1,0,0,0,0,,,,
RUE,2012,7,11,19,14.9,,,,,,,,946.6,,2.8,,6,0,6,0,0,0,0,,,,
RUE,2012,7,11,20,14.4,,,,,,,,947.2,,2.1,,0,0,0,0,0,0,0,,,,
RUE,2012,7,11,21,13.9,,,,,,,,947.8,,2.2,,0,0,0,0,0,0,0,,,,
RUE,2012,7,11,22,13.9,,,,,,,,948.2,,1.7,,0,0,0,0,0,0,0,,,,
RUE,2012,7,11,23,13.2,,,,,,,,948.3,,1.6,,0,0,0,0,0,0,0,,,,
RUE,2012,7,12,0,13.4,,,,,,,,948.3,,1.9,,0,0,0,0,0,0,0,,,,
RUE,2012,7,12,1,13.5,,,,,,,,948.1,,2.5,,0,0,0,0,0,0,0,,,,
RUE,2012,7,12,2,13.3,,,,,,,,947.9,,2.1,,0,0,0,0,0,0,0,,,,
RUE,2012,7,12,3,12.9,,,,,,,,948,,1.1,,0,0,0,0,0,0,0,,,,
RUE,2012,7,12,4,12.9,,,,,,,,948.2,,1.5,,5,0,0,0,0,0,0,,,,
RUE,2012,7,12,5,12.3,,,,,,,,948.2,,1,,44,0,0,0,0,0,0,,,,
RUE,2012,7,12,6,12.4,,,,,,,,948.6,,1,,68,0,0,0,0,0,0,,,,
RUE,2012,7,12,7,12.4,,,,,,,,948.8,,1,,102,107.9,82.2,0,0,0,0,,,,
RUE,2012,7,12,8,13,,,,,,,,948.8,,1.2,,244,291.2,143.2,0,0,0,0,,,,
RUE,2012,7,12,9,14.2,,,,,,,,948.4,,1.9,,385,389.3,188.5,0,0,0,0,,,,
RUE,2012,7,12,10,15.1,,,,,,,,948.3,,3,,439,249.5,277.3,0,0,0,0,,,,
RUE,2012,7,12,11,14,,,,,,,,948.6,,3.5,,94,1,93.2,0,0,0,0,,,,
RUE,2012,7,12,12,14.3,,,,,,,,948.6,,4.6,,330,18.4,314.4,0,0,0,0,,,,
RUE,2012,7,12,13,15.8,,,,,,,,948.3,,5.1,,707,439,314,0,0,0,0,,,,
RUE,2012,7,12,14,17,,,,,,,,948.2,,4.5,,783,598,245.9,0,0,0,0,,,,
RUE,2012,7,12,15,16.9,,,,,,,,948,,4,,542,186.8,381.6,0,0,0,0,,,,
RUE,2012,7,12,16,16.4,,,,,,,,947.9,,4,,334,30.3,310.4,0,0,0,0,,,,
RUE,2012,7,12,17,15.5,,,,,,,,947.8,,2.1,,90,1.2,89.2,0,0,0,0,,,,
RUE,2012,7,12,18,15.1,,,,,,,,947.4,,1.9,,68,1.1,67.4,0,0,0,0,,,,
RUE,2012,7,12,19,14.5,,,,,,,,947.2,,0.6,,8,0,8,0,0,0,0,,,,
RUE,2012,7,12,20,14.2,,,,,,,,947,,0.2,,0,0,0,0,0,0,0,,,,
RUE,2012,7,12,21,13.6,,,,,,,,946.7,,0.4,,0,0,0,0,0,0,0,,,,
RUE,2012,7,12,22,13.3,,,,,,,,946.3,,0.5,,0,0,0,0,0,0,0,,,,
RUE,2012,7,12,23,13,,,,,,,,945.5,,0.5,,0,0,0,0,0,0,0,,,,
RUE,2012,7,13,0,12.6,,,,,,,,944.9,,0.4,,0,0,0,0,0,0,0,,,,
RUE,2012,7,13,1,12,,,,,,,,944.2,,0.9,,0,0,0,0,0,0,0,,,,
RUE,2012,7,13,2,11.7,,,,,,,,944,,1.2,,0,0,0,0,0,0,0,,,,
RUE,2012,7,13,3,12.2,,,,,,,,943.6,,1,,0,0,0,0,0,0,0,,,,
RUE,2012,7,13,4,12.6,,,,,,,,943.5,,0.5,,11,0,0,0,0,0,0,,,,
RUE,2012,7,13,5,13.3,,,,,,,,943.1,,0.9,,58,0,0,0,0,0,0,,,,
RUE,2012,7,13,6,14.1,,,,,,,,942.9,,0.8,,123,0,0,0,0,0,0,,,,
RUE,2012,7,13,7,15.2,,,,,,,,942.7,,1,,238,1097.9,39.3,0,0,0,0,,,,
RUE,2012,7,13,8,16.2,,,,,,,,942.6,,2.4,,421,1021.5,69.5,0,0,0,0,,,,
RUE,2012,7,13,9,17.3,,,,,,,,942.3,,3.1,,569,944.7,93.9,0,0,0,0,,,,
RUE,2012,7,13,10,17.5,,,,,,,,942,,2.4,,496,397.8,238.9,0,0,0,0,,,,
RUE,2012,7,13,11,18,,,,,,,,941.4,,1.3,,617,472.3,256,0,0,0,0,,,,
RUE,2012,7,13,12,19.6,,,,,,,,940.7,,2,,835,799.1,156.8,0,0,0,0,,,,
RUE,2012,7,13,13,19.6,,,,,,,,940,,2.6,,608,253,381.8,0,0,0,0,,,,
RUE,2012,7,13,14,18.9,,,,,,,,939.3,,1.4,,228,4.4,224.1,0,0,0,0,,,,
RUE,2012,7,13,15,18.7,,,,,,,,939,,2.1,,267,7.1,260.9,0,0,0,0,,,,
RUE,2012,7,13,16,17.4,,,,,,,,938.6,,2.2,,91,0.9,90.3,0,0,0,0,,,,
RUE,2012,7,13,17,15.6,,,,,,,,938.6,,1.1,,41,0.3,40.8,0,0,0,0,,,,
RUE,2012,7,13,18,15.1,,,,,,,,938.4,,0.8,,14,0,14,0,0,0,0,,,,
RUE,2012,7,13,19,14.8,,,,,,,,938.3,,0.9,,1,0,1,0,0,0,0,,,,
RUE,2012,7,13,20,14.9,,,,,,,,938.3,,2.1,,0,0,0,0,0,0,0,,,,
RUE,2012,7,13,21,15.5,,,,,,,,938.3,,3.8,,0,0,0,0,0,0,0,,,,
RUE,2012,7,13,22,17.1,,,,,,,,937,,7.2,,0,0,0,0,0,0,0,,,,
RUE,2012,7,13,23,18.1,,,,,,,,936.6,,6.8,,0,0,0,0,0,0,0,,,,
RUE,2012,7,14,0,18.5,,,,,,,,936.6,,9.7,,0,0,0,0,0,0,0,,,,
RUE,2012,7,14,1,17.7,,,,,,,,937.3,,7.7,,0,0,0,0,0,0,0,,,,
RUE,2012,7,14,2,16.7,,,,,,,,937.2,,3.9,,0,0,0,0,0,0,0,,,,
RUE,2012,7,14,3,17,,,,,,,,937.1,,3.6,,0,0,0,0,0,0,0,,,,
RUE,2012,7,14,4,17.1,,,,,,,,937.5,,6.6,,14,0,0,0,0,0,0,,,,
RUE,2012,7,14,5,17,,,,,,,,938.2,,6.1,,75,0,0,0,0,0,0,,,,
RUE,2012,7,14,6,16.6,,,,,,,,939.1,,4.5,,142,0,0,0,0,0,0,,,,
RUE,2012,7,14,7,16.9,,,,,,,,940.1,,5.3,,251,1172,41.4,0,0,0,0,,,,
RUE,2012,7,14,8,16.9,,,,,,,,941,,5.6,,514,1254.5,84.8,0,0,0,0,,,,
RUE,2012,7,14,9,17.5,,,,,,,,941.5,,3.9,,671,1118.1,110.7,0,0,0,0,,,,
RUE,2012,7,14,10,17.6,,,,,,,,942.1,,5.1,,772,1000.1,127.4,0,0,0,0,,,,
RUE,2012,7,14,11,17.9,,,,,,,,942.4,,4.9,,597,425.7,272.3,0,0,0,0,,,,
RUE,2012,7,14,12,18,,,,,,,,942.3,,4.5,,571,243.9,364.3,0,0,0,0,,,,
RUE,2012,7,14,13,18.8,,,,,,,,942.2,,4.1,,791,625.4,232.6,0,0,0,0,,,,
RUE,2012,7,14,14,19.1,,,,,,,,941.9,,4.1,,739,505.9,285.7,0,0,0,0,,,,
RUE,2012,7,14,15,19.1,,,,,,,,942,,4.3,,609,300.8,351.4,0,0,0,0,,,,
RUE,2012,7,14,16,19,,,,,,,,942.1,,3.6,,443,119.8,349.9,0,0,0,0,,,,
RUE,2012,7,14,17,18.6,,,,,,,,942.1,,3.2,,285,30.6,264.7,0,0,0,0,,,,
RUE,2012,7,14,18,17.6,,,,,,,,942.1,,2.4,,123,3.8,121,0,0,0,0,,,,
RUE,2012,7,14,19,16.1,,,,,,,,942.3,,1.6,,17,0.1,16.9,0,0,0,0,,,,
RUE,2012,7,14,20,15.4,,,,,,,,943,,1.2,,0,0,0,0,0,0,0,,,,
RUE,2012,7,14,21,15,,,,,,,,943.4,,1.2,,0,0,0,0,0,0,0,,,,
RUE,2012,7,14,22,14.2,,,,,,,,943.8,,1.2,,0,0,0,0,0,0,0,,,,
RUE,2012,7,14,23,14.2,,,,,,,,944,,2.4,,0,0,0,0,0,0,0,,,,
RUE,2012,7,15,0,13.6,,,,,,,,944.2,,1.8,,0,0,0,0,0,0,0,,,,
RUE,2012,7,15,1,13.2,,,,,,,,944.3,,1.4,,0,0,0,0,0,0,0,,,,
RUE,2012,7,15,2,13,,,,,,,,944.3,,1.2,,0,0,0,0,0,0,0,,,,
RUE,2012,7,15,3,12.8,,,,,,,,944.4,,1.6,,0,0,0,0,0,0,0,,,,
RUE,2012,7,15,4,12.7,,,,,,,,944.8,,2.1,,14,0,0,0,0,0,0,,,,
RUE,2012,7,15,5,12.8,,,,,,,,945.1,,2.7,,71,0,0,0,0,0,0,,,,
RUE,2012,7,15,6,13.4,,,,,,,,945.5,,2.5,,234,0,0,0,0,0,0,,,,
RUE,2012,7,15,7,13.9,,,,,,,,945.7,,3.1,,335,1584.1,55.3,0,0,0,0,,,,
RUE,2012,7,15,8,14.8,,,,,,,,945.9,,3.7,,474,1164,78.2,0,0,0,0,,,,
RUE,2012,7,15,9,15.3,,,,,,,,946.1,,3.8,,420,538,151.4,0,0,0,0,,,,
RUE,2012,7,15,10,16.2,,,,,,,,946.2,,3.5,,550,565.8,186.2,0,0,0,0,,,,
RUE,2012,7,15,11,16.1,,,,,,,,946.4,,4.6,,509,236.5,329,0,0,0,0,,,,
RUE,2012,7,15,12,14.7,,,,,,,,947,,4.5,,574,250.6,362,0,0,0,0,,,,
RUE,2012,7,15,13,15,,,,,,,,947.2,,3.2,,506,117.4,401.3,0,0,0,0,,,,
RUE,2012,7,15,14,14.4,,,,,,,,947.7,,3.2,,231,4.5,226.9,0,0,0,0,,,,
RUE,2012,7,15,15,10.7,,,,,,,,949.1,,3.2,,54,0.3,53.8,0,0,0,0,,,,
RUE,2012,7,15,16,11.5,,,,,,,,949,,1.1,,107,1.3,106,0,0,0,0,,,,
RUE,2012,7,15,17,11.9,,,,,,,,949.4,,1.3,,85,1.1,84.3,0,0,0,0,,,,
RUE,2012,7,15,18,11.9,,,,,,,,950.3,,1.4,,38,0.4,37.8,0,0,0,0,,,,
RUE,2012,7,15,19,11.5,,,,,,,,951.2,,1.8,,9,0,9,0,0,0,0,,,,
RUE,2012,7,15,20,10.9,,,,,,,,951.9,,1.1,,0,0,0,0,0,0,0,,,,
RUE,2012,7,15,21,10.9,,,,,,,,952.8,,2.1,,0,0,0,0,0,0,0,,,,
RUE,2012,7,15,22,11,,,,,,,,953.2,,1.6,,0,0,0,0,0,0,0,,,,
RUE,2012,7,15,23,11,,,,,,,,953.6,,1.6,,0,0,0,0,0,0,0,,,,
RUE,2012,7,16,0,10.6,,,,,,,,953.7,,1.2,,0,0,0,0,0,0,0,,,,
RUE,2012,7,16,1,10.9,,,,,,,,953.8,,1.2,,0,0,0,0,0,0,0,,,,
RUE,2012,7,16,2,10.7,,,,,,,,954,,0.8,,0,0,0,0,0,0,0,,,,
RUE,2012,7,16,3,10.1,,,,,,,,954.3,,0.9,,0,0,0,0,0,0,0,,,,
RUE,2012,7,16,4,10.4,,,,,,,,954.7,,0.8,,19,0,0,0,0,0,0,,,,
RUE,2012,7,16,5,11.1,,,,,,,,955.3,,0.6,,91,0,0,0,0,0,0,,,,
RUE,2012,7,16,6,11.7,,,,,,,,955.9,,1.1,,188,0,0,0,0,0,0,,,,
RUE,2012,7,16,7,13,,,,,,,,956.3,,2.1,,506,2424.3,83.5,0,0,0,0,,,,
RUE,2012,7,16,8,14.3,,,,,,,,956.6,,2.6,,568,1403.6,93.7,0,0,0,0,,,,
RUE,2012,7,16,9,15.5,,,,,,,,956.6,,2.9,,770,1293,127.1,0,0,0,0,,,,
RUE,2012,7,16,10,15.9,,,,,,,,956.7,,2.6,,764,995,126.1,0,0,0,0,,,,
RUE,2012,7,16,11,16.7,,,,,,,,956.5,,2.8,,942,1035.5,155.4,0,0,0,0,,,,
RUE,2012,7,16,12,17.5,,,,,,,,956.3,,3.7,,940,929.3,155.1,0,0,0,0,,,,
RUE,2012,7,16,13,18.2,,,,,,,,956,,2.7,,869,787.1,168.3,0,0,0,0,,,,
RUE,2012,7,16,14,18.6,,,,,,,,955.8,,2.7,,792,626,232.6,0,0,0,0,,,,
RUE,2012,7,16,15,18.8,,,,,,,,955.7,,3.3,,630,344.7,335.6,0,0,0,0,,,,
RUE,2012,7,16,16,18.7,,,,,,,,955.4,,2.8,,476,166.4,347.1,0,0,0,0,,,,
RUE,2012,7,16,17,18.3,,,,,,,,955.2,,2.5,,295,37.1,270.5,0,0,0,0,,,,
RUE,2012,7,16,18,17.3,,,,,,,,955.2,,2.2,,116,3.4,114.2,0,0,0,0,,,,
RUE,2012,7,16,19,15.9,,,,,,,,955.4,,1.7,,9,0,9,0,0,0,0,,,,
RUE,2012,7,16,20,14.9,,,,,,,,955.8,,1,,0,0,0,0,0,0,0,,,,
RUE,2012,7,16,21,13.8,,,,,,,,956,,1.2,,0,0,0,0,0,0,0,,,,
RUE,2012,7,16,22,14.7,,,,,,,,955.9,,2.2,,0,0,0,0,0,0,0,,,,
RUE,2012,7,16,23,15,,,,,,,,956,,2.2,,0,0,0,0,0,0,0,,,,
RUE,2012,7,17,0,15.3,,,,,,,,956.1,,3,,0,0,0,0,0,0,0,,,,
RUE,2012,7,17,1,15.2,,,,,,,,955.8,,2.1,,0,0,0,0,0,0,0,,,,
RUE,2012,7,17,2,15.2,,,,,,,,955.7,,1.9,,0,0,0,0,0,0,0,,,,
RUE,2012,7,17,3,15,,,,,,,,955.5,,2.2,,0,0,0,0,0,0,0,,,,
RUE,2012,7,17,4,14.9,,,,,,,,955.5,,2.1,,11,0,0,0,0,0,0,,,,
RUE,2012,7,17,5,15,,,,,,,,955.6,,1.3,,75,0,0,0,0,0,0,,,,
RUE,2012,7,17,6,15.6,,,,,,,,955.8,,1.9,,204,0,0,0,0,0,0,,,,
RUE,2012,7,17,7,16.3,,,,,,,,955.9,,2.2,,421,2044.7,69.5,0,0,0,0,,,,
RUE,2012,7,17,8,18,,,,,,,,955.5,,2.9,,685,1703.7,113,0,0,0,0,,,,
RUE,2012,7,17,9,18.8,,,,,,,,955.5,,4.1,,752,1267.8,124.1,0,0,0,0,,,,
RUE,2012,7,17,10,19.1,,,,,,,,955.6,,4,,899,1174.1,148.3,0,0,0,0,,,,
RUE,2012,7,17,11,19.9,,,,,,,,955.7,,4.3,,857,944.1,141.4,0,0,0,0,,,,
RUE,2012,7,17,12,20,,,,,,,,955.6,,4.7,,746,622.8,220.9,0,0,0,0,,,,
RUE,2012,7,17,13,20.5,,,,,,,,955.4,,5.1,,790,630.4,229.6,0,0,0,0,,,,
RUE,2012,7,17,14,20.7,,,,,,,,955.3,,4.9,,760,558.3,261.9,0,0,0,0,,,,
RUE,2012,7,17,15,20.6,,,,,,,,955.1,,5.5,,630,346.5,334.5,0,0,0,0,,,,
RUE,2012,7,17,16,20.1,,,,,,,,955,,5.6,,467,154.3,347.6,0,0,0,0,,,,
RUE,2012,7,17,17,19.4,,,,,,,,954.9,,4.7,,289,33.8,266.7,0,0,0,0,,,,
RUE,2012,7,17,18,18.4,,,,,,,,955.2,,4,,112,3.2,110.4,0,0,0,0,,,,
RUE,2012,7,17,19,17.2,,,,,,,,955.4,,2.5,,13,0.1,13,0,0,0,0,,,,
RUE,2012,7,17,20,16.4,,,,,,,,955.6,,1.5,,0,0,0,0,0,0,0,,,,
RUE,2012,7,17,21,16.1,,,,,,,,955.5,,1,,0,0,0,0,0,0,0,,,,
RUE,2012,7,17,22,15.2,,,,,,,,955.5,,0.9,,0,0,0,0,0,0,0,,,,
RUE,2012,7,17,23,15.3,,,,,,,,955.5,,0.8,,0,0,0,0,0,0,0,,,,
RUE,2012,7,18,0,15.2,,,,,,,,955.1,,1.3,,0,0,0,0,0,0,0,,,,
RUE,2012,7,18,1,15.1,,,,,,,,954.5,,0.9,,0,0,0,0,0,0,0,,,,
RUE,2012,7,18,2,15.3,,,,,,,,953.7,,0.9,,0,0,0,0,0,0,0,,,,
RUE,2012,7,18,3,14.7,,,,,,,,952.9,,2.2,,0,0,0,0,0,0,0,,,,
RUE,2012,7,18,4,14.9,,,,,,,,952.5,,1.1,,13,0,0,0,0,0,0,,,,
RUE,2012,7,18,5,15.4,,,,,,,,952.1,,0.7,,124,0,0,0,0,0,0,,,,
RUE,2012,7,18,6,17.2,,,,,,,,951.8,,0.9,,313,0,0,0,0,0,0,,,,
RUE,2012,7,18,7,18.7,,,,,,,,951.4,,2.1,,491,2418.5,81,0,0,0,0,,,,
RUE,2012,7,18,8,19.5,,,,,,,,951,,2.4,,648,1622.5,106.9,0,0,0,0,,,,
RUE,2012,7,18,9,20.7,,,,,,,,950.4,,1.6,,708,1198.6,116.8,0,0,0,0,,,,
RUE,2012,7,18,10,21.8,,,,,,,,949.9,,1.2,,866,1134.3,142.9,0,0,0,0,,,,
RUE,2012,7,18,11,22.8,,,,,,,,949.3,,1,,829,915.2,136.8,0,0,0,0,,,,
RUE,2012,7,18,12,23.6,,,,,,,,948.7,,1.1,,755,646.4,211,0,0,0,0,,,,
RUE,2012,7,18,13,23.6,,,,,,,,948.3,,2.1,,592,233.9,384.5,0,0,0,0,,,,
RUE,2012,7,18,14,24.1,,,,,,,,947.9,,1.4,,574,203,393.1,0,0,0,0,,,,
RUE,2012,7,18,15,25,,,,,,,,947.2,,2.1,,589,270.2,359,0,0,0,0,,,,
RUE,2012,7,18,16,25.2,,,,,,,,946.5,,2.3,,423,99.9,345.9,0,0,0,0,,,,
RUE,2012,7,18,17,23.9,,,,,,,,946,,1.5,,178,5,174.7,0,0,0,0,,,,
RUE,2012,7,18,18,22.8,,,,,,,,945.7,,0.7,,75,1.4,74.3,0,0,0,0,,,,
RUE,2012,7,18,19,21.6,,,,,,,,945.5,,0.8,,9,0,9,0,0,0,0,,,,
RUE,2012,7,18,20,20.9,,,,,,,,945.5,,0.8,,0,0,0,0,0,0,0,,,,
RUE,2012,7,18,21,20.6,,,,,,,,945.3,,0.7,,0,0,0,0,0,0,0,,,,
RUE,2012,7,18,22,21.7,,,,,,,,944.9,,1.5,,0,0,0,0,0,0,0,,,,
RUE,2012,7,18,23,20.8,,,,,,,,944.5,,1,,0,0,0,0,0,0,0,,,,
RUE,2012,7,19,0,20.4,,,,,,,,943.9,,1.1,,0,0,0,0,0,0,0,,,,
RUE,2012,7,19,1,20.3,,,,,,,,943.7,,1.9,,0,0,0,0,0,0,0,,,,
RUE,2012,7,19,2,19.7,,,,,,,,943.4,,1.6,,0,0,0,0,0,0,0,,,,
RUE,2012,7,19,3,19.6,,,,,,,,943.1,,1.6,,0,0,0,0,0,0,0,,,,
RUE,2012,7,19,4,19.7,,,,,,,,943,,2.1,,25,0,0,0,0,0,0,,,,
RUE,2012,7,19,5,20,,,,,,,,943.1,,2.3,,118,0,0,0,0,0,0,,,,
RUE,2012,7,19,6,19.9,,,,,,,,943.3,,2.4,,218,0,0,0,0,0,0,,,,
RUE,2012,7,19,7,19.9,,,,,,,,943.6,,3.8,,392,1959.2,64.7,0,0,0,0,,,,
RUE,2012,7,19,8,20.4,,,,,,,,943.9,,5.1,,689,1737,113.7,0,0,0,0,,,,
RUE,2012,7,19,9,20.5,,,,,,,,944.1,,6.1,,822,1397.5,135.6,0,0,0,0,,,,
RUE,2012,7,19,10,21.2,,,,,,,,944.2,,6,,931,1223.1,153.6,0,0,0,0,,,,
RUE,2012,7,19,11,21,,,,,,,,944.3,,5.3,,910,1006.9,150.2,0,0,0,0,,,,
RUE,2012,7,19,12,20.1,,,,,,,,944.7,,4.8,,616,337,332.9,0,0,0,0,,,,
RUE,2012,7,19,13,19.3,,,,,,,,944.8,,5.4,,591,233.7,383.9,0,0,0,0,,,,
RUE,2012,7,19,14,18.5,,,,,,,,945.1,,5.1,,600,244.5,382.5,0,0,0,0,,,,
RUE,2012,7,19,15,18.7,,,,,,,,945.1,,4.8,,516,157.7,381.9,0,0,0,0,,,,
RUE,2012,7,19,16,18.7,,,,,,,,944.9,,4.5,,380,60.7,333.3,0,0,0,0,,,,
RUE,2012,7,19,17,18.1,,,,,,,,944.7,,3.2,,159,4,156.4,0,0,0,0,,,,
RUE,2012,7,19,18,17.3,,,,,,,,944.6,,1.4,,47,0.6,46.7,0,0,0,0,,,,
RUE,2012,7,19,19,17.2,,,,,,,,944.8,,1.7,,4,0,4,0,0,0,0,,,,
RUE,2012,7,19,20,17,,,,,,,,945,,1.5,,0,0,0,0,0,0,0,,,,
RUE,2012,7,19,21,16.6,,,,,,,,945.1,,1.1,,0,0,0,0,0,0,0,,,,
RUE,2012,7,19,22,16.5,,,,,,,,945.2,,1.1,,0,0,0,0,0,0,0,,,,
RUE,2012,7,19,23,16.4,,,,,,,,945.3,,1.3,,0,0,0,0,0,0,0,,,,
RUE,2012,7,20,0,15.5,,,,,,,,945.1,,0.6,,0,0,0,0,0,0,0,,,,
RUE,2012,7,20,1,15.6,,,,,,,,944.8,,0.3,,0,0,0,0,0,0,0,,,,
RUE,2012,7,20,2,15.1,,,,,,,,944.7,,0.6,,0,0,0,0,0,0,0,,,,
RUE,2012,7,20,3,15,,,,,,,,944.9,,0.6,,0,0,0,0,0,0,0,,,,
RUE,2012,7,20,4,14.9,,,,,,,,945.1,,0.8,,7,0,0,0,0,0,0,,,,
RUE,2012,7,20,5,14.7,,,,,,,,945.3,,0.8,,62,0,0,0,0,0,0,,,,
RUE,2012,7,20,6,15.5,,,,,,,,945.4,,1.4,,262,0,0,0,0,0,0,,,,
RUE,2012,7,20,7,16.2,,,,,,,,945.6,,1.4,,366,1857.2,60.4,0,0,0,0,,,,
RUE,2012,7,20,8,17.2,,,,,,,,945.4,,1.8,,492,1249.1,81.2,0,0,0,0,,,,
RUE,2012,7,20,9,16.6,,,,,,,,945.5,,3,,240,59.2,211.1,0,0,0,0,,,,
RUE,2012,7,20,10,16.5,,,,,,,,945.7,,2.3,,170,4.9,166.9,0,0,0,0,,,,
RUE,2012,7,20,11,16.6,,,,,,,,945.9,,2.9,,286,16.5,273.6,0,0,0,0,,,,
RUE,2012,7,20,12,16.5,,,,,,,,946,,2.7,,411,58.8,361.7,0,0,0,0,,,,
RUE,2012,7,20,13,16.9,,,,,,,,945.6,,2.4,,470,86.5,393.5,0,0,0,0,,,,
RUE,2012,7,20,14,16.2,,,,,,,,946.2,,2.7,,236,4.8,231.7,0,0,0,0,,,,
RUE,2012,7,20,15,14.8,,,,,,,,946,,1.8,,116,1.3,114.9,0,0,0,0,,,,
RUE,2012,7,20,16,13.6,,,,,,,,946.4,,1.5,,51,0.3,50.8,0,0,0,0,,,,
RUE,2012,7,20,17,13.1,,,,,,,,946.5,,0.7,,17,0,17,0,0,0,0,,,,
RUE,2012,7,20,18,13,,,,,,,,946.9,,0.6,,9,0,9,0,0,0,0,,,,
RUE,2012,7,20,19,12.8,,,,,,,,947.2,,0.8,,3,0,3,0,0,0,0,,,,
RUE,2012,7,20,20,12.7,,,,,,,,947.6,,1,,0,0,0,0,0,0,0,,,,
RUE,2012,7,20,21,12.8,,,,,,,,947.8,,0.6,,0,0,0,0,0,0,0,,,,
RUE,2012,7,20,22,12.8,,,,,,,,948.2,,0.7,,0,0,0,0,0,0,0,,,,
RUE,2012,7,20,23,12.7,,,,,,,,948.2,,0.2,,0,0,0,0,0,0,0,,,,
RUE,2012,7,21,0,12.6,,,,,,,,947.9,,0.8,,0,0,0,0,0,0,0,,,,
RUE,2012,7,21,1,12.2,,,,,,,,947.5,,0.7,,0,0,0,0,0,0,0,,,,
RUE,2012,7,21,2,12.1,,,,,,,,947.5,,0.5,,0,0,0,0,0,0,0,,,,
RUE,2012,7,21,3,12.1,,,,,,,,947.6,,0.3,,0,0,0,0,0,0,0,,,,
RUE,2012,7,21,4,11.8,,,,,,,,947.9,,0.9,,8,0,0,0,0,0,0,,,,
RUE,2012,7,21,5,12.1,,,,,,,,948.2,,0.8,,65,0,0,0,0,0,0,,,,
RUE,2012,7,21,6,12.5,,,,,,,,948.6,,1.3,,150,0,0,0,0,0,0,,,,
RUE,2012,7,21,7,12.7,,,,,,,,948.9,,1.9,,224,1154.5,37,0,0,0,0,,,,
RUE,2012,7,21,8,13.8,,,,,,,,948.8,,1.7,,489,1250.5,80.7,0,0,0,0,,,,
RUE,2012,7,21,9,13.5,,,,,,,,948.9,,2.4,,338,273.6,204.8,0,0,0,0,,,,
RUE,2012,7,21,10,14.5,,,,,,,,948.8,,2.2,,505,456,216.9,0,0,0,0,,,,
RUE,2012,7,21,11,15.9,,,,,,,,948.7,,2.6,,870,967.2,143.6,0,0,0,0,,,,
RUE,2012,7,21,12,17,,,,,,,,948.8,,2.8,,685,492.8,272.6,0,0,0,0,,,,
RUE,2012,7,21,13,14.1,,,,,,,,949.6,,3.1,,226,4.5,222.1,0,0,0,0,,,,
RUE,2012,7,21,14,15.2,,,,,,,,949.7,,2,,534,152.4,398.9,0,0,0,0,,,,
RUE,2012,7,21,15,16,,,,,,,,950,,1.8,,440,77.7,374.2,0,0,0,0,,,,
RUE,2012,7,21,16,16.3,,,,,,,,950.3,,2.4,,274,12.2,264.6,0,0,0,0,,,,
RUE,2012,7,21,17,15.3,,,,,,,,950.9,,3,,46,0.3,45.8,0,0,0,0,,,,
RUE,2012,7,21,18,13,,,,,,,,951.4,,2.1,,23,0.1,22.9,0,0,0,0,,,,
RUE,2012,7,21,19,12.7,,,,,,,,951.7,,1,,4,0,4,0,0,0,0,,,,
RUE,2012,7,21,20,12.9,,,,,,,,952.4,,1.2,,0,0,0,0,0,0,0,,,,
RUE,2012,7,21,21,12.6,,,,,,,,952.8,,1.2,,0,0,0,0,0,0,0,,,,
RUE,2012,7,21,22,11.8,,,,,,,,952.8,,1.5,,0,0,0,0,0,0,0,,,,
RUE,2012,7,21,23,11.1,,,,,,,,952.8,,0.6,,0,0,0,0,0,0,0,,,,
RUE,2012,7,22,0,10.7,,,,,,,,952.6,,0.5,,0,0,0,0,0,0,0,,,,
RUE,2012,7,22,1,10.2,,,,,,,,952.5,,0.2,,0,0,0,0,0,0,0,,,,
RUE,2012,7,22,2,9.3,,,,,,,,952.6,,0.6,,0,0,0,0,0,0,0,,,,
RUE,2012,7,22,3,8.8,,,,,,,,952.8,,1.1,,0,0,0,0,0,0,0,,,,
RUE,2012,7,22,4,9.4,,,,,,,,952.9,,0.4,,7,0,0,0,0,0,0,,,,
RUE,2012,7,22,5,9.5,,,,,,,,953.3,,0.5,,94,0,0,0,0,0,0,,,,
RUE,2012,7,22,6,10.8,,,,,,,,953.5,,0.9,,318,0,0,0,0,0,0,,,,
RUE,2012,7,22,7,12.3,,,,,,,,953.7,,2.8,,364,1906.8,60.1,0,0,0,0,,,,
RUE,2012,7,22,8,13.2,,,,,,,,954,,3.9,,413,1064,68.1,0,0,0,0,,,,
RUE,2012,7,22,9,14.7,,,,,,,,954,,3.6,,678,1168.1,111.9,0,0,0,0,,,,
RUE,2012,7,22,10,15.6,,,,,,,,954,,3.9,,812,1076.7,134,0,0,0,0,,,,
RUE,2012,7,22,11,16.6,,,,,,,,953.9,,4.1,,968,1078.8,159.7,0,0,0,0,,,,
RUE,2012,7,22,12,17.6,,,,,,,,953.8,,4.1,,844,835.8,146,0,0,0,0,,,,
RUE,2012,7,22,13,18.1,,,,,,,,953.7,,4.1,,900,848.6,152.1,0,0,0,0,,,,
RUE,2012,7,22,14,18.3,,,,,,,,953.6,,4.1,,702,444.4,308.8,0,0,0,0,,,,
RUE,2012,7,22,15,18.2,,,,,,,,953.4,,3.8,,573,248.8,362.6,0,0,0,0,,,,
RUE,2012,7,22,16,18.2,,,,,,,,953.4,,4.8,,475,172.9,342.6,0,0,0,0,,,,
RUE,2012,7,22,17,17.7,,,,,,,,953.5,,4.1,,248,16.7,237.1,0,0,0,0,,,,
RUE,2012,7,22,18,16.3,,,,,,,,953.6,,3.2,,99,2.6,97.7,0,0,0,0,,,,
RUE,2012,7,22,19,14.8,,,,,,,,954,,2.2,,6,0,6,0,0,0,0,,,,
RUE,2012,7,22,20,13.4,,,,,,,,954.3,,2.3,,0,0,0,0,0,0,0,,,,
RUE,2012,7,22,21,13,,,,,,,,954.2,,2.8,,0,0,0,0,0,0,0,,,,
RUE,2012,7,22,22,12.8,,,,,,,,954.1,,3.4,,0,0,0,0,0,0,0,,,,
RUE,2012,7,22,23,12.1,,,,,,,,954.1,,3.9,,0,0,0,0,0,0,0,,,,
RUE,2012,7,23,0,11.3,,,,,,,,953.8,,3.3,,0,0,0,0,0,0,0,,,,
RUE,2012,7,23,1,11.3,,,,,,,,953.5,,4,,0,0,0,0,0,0,0,,,,
RUE,2012,7,23,2,11.1,,,,,,,,953.4,,2.9,,0,0,0,0,0,0,0,,,,
RUE,2012,7,23,3,10.4,,,,,,,,953.3,,1.8,,0,0,0,0,0,0,0,,,,
RUE,2012,7,23,4,10.5,,,,,,,,953.1,,1.3,,18,0,0,0,0,0,0,,,,
RUE,2012,7,23,5,11.2,,,,,,,,953.1,,1.9,,140,0,0,0,0,0,0,,,,
RUE,2012,7,23,6,12.5,,,,,,,,952.8,,4,,320,0,0,0,0,0,0,,,,
RUE,2012,7,23,7,13.8,,,,,,,,952.3,,5.2,,501,2668.7,82.7,0,0,0,0,,,,
RUE,2012,7,23,8,15,,,,,,,,952.1,,6.3,,663,1721.1,109.4,0,0,0,0,,,,
RUE,2012,7,23,9,15.9,,,,,,,,952,,6.4,,790,1367.4,130.3,0,0,0,0,,,,
RUE,2012,7,23,10,17.3,,,,,,,,951.8,,6.4,,865,1150.7,142.7,0,0,0,0,,,,
RUE,2012,7,23,11,18.5,,,,,,,,951.4,,6.3,,914,1021.2,150.8,0,0,0,0,,,,
RUE,2012,7,23,12,19.3,,,,,,,,950.9,,6.5,,911,912.8,150.3,0,0,0,0,,,,
RUE,2012,7,23,13,20.3,,,,,,,,950.6,,5.6,,856,781.5,168.5,0,0,0,0,,,,
RUE,2012,7,23,14,20.9,,,,,,,,950.2,,5.2,,754,560.9,258.6,0,0,0,0,,,,
RUE,2012,7,23,15,21.2,,,,,,,,949.6,,6.1,,614,327,338.1,0,0,0,0,,,,
RUE,2012,7,23,16,21,,,,,,,,949.2,,5.6,,451,139.5,344.5,0,0,0,0,,,,
RUE,2012,7,23,17,20.4,,,,,,,,949,,5.4,,271,26.4,253.9,0,0,0,0,,,,
RUE,2012,7,23,18,19.5,,,,,,,,949,,4.4,,94,2.3,92.8,0,0,0,0,,,,
RUE,2012,7,23,19,18.1,,,,,,,,949.1,,1.6,,7,0,7,0,0,0,0,,,,
RUE,2012,7,23,20,17,,,,,,,,949.1,,1.4,,0,0,0,0,0,0,0,,,,
RUE,2012,7,23,21,16.3,,,,,,,,949,,1.3,,0,0,0,0,0,0,0,,,,
RUE,2012,7,23,22,16.2,,,,,,,,948.9,,1.3,,0,0,0,0,0,0,0,,,,
RUE,2012,7,23,23,15.5,,,,,,,,948.6,,1,,0,0,0,0,0,0,0,,,,
RUE,2012,7,24,0,15.2,,,,,,,,948.3,,1.6,,0,0,0,0,0,0,0,,,,
RUE,2012,7,24,1,15.3,,,,,,,,948.1,,1.1,,0,0,0,0,0,0,0,,,,
RUE,2012,7,24,2,14.7,,,,,,,,947.9,,0.9,,0,0,0,0,0,0,0,,,,
RUE,2012,7,24,3,14.1,,,,,,,,947.7,,1.4,,0,0,0,0,0,0,0,,,,
RUE,2012,7,24,4,13.6,,,,,,,,947.6,,0.9,,12,0,0,0,0,0,0,,,,
RUE,2012,7,24,5,14.1,,,,,,,,947.6,,1.1,,93,0,0,0,0,0,0,,,,
RUE,2012,7,24,6,15.8,,,,,,,,947.6,,1.8,,263,0,0,0,0,0,0,,,,
RUE,2012,7,24,7,17.4,,,,,,,,947.4,,2.4,,462,2504,76.2,0,0,0,0,,,,
RUE,2012,7,24,8,18.4,,,,,,,,947.2,,2.2,,626,1637.8,103.3,0,0,0,0,,,,
RUE,2012,7,24,9,19.9,,,,,,,,947,,0.6,,754,1311.3,124.4,0,0,0,0,,,,
RUE,2012,7,24,10,21.7,,,,,,,,946.8,,1.3,,843,1125.2,139.1,0,0,0,0,,,,
RUE,2012,7,24,11,22.5,,,,,,,,946.8,,2.1,,886,992.4,146.2,0,0,0,0,,,,
RUE,2012,7,24,12,23.4,,,,,,,,946.4,,1.9,,882,885.7,145.5,0,0,0,0,,,,
RUE,2012,7,24,13,24.1,,,,,,,,946.3,,1.8,,830,734.8,184.9,0,0,0,0,,,,
RUE,2012,7,24,14,24.4,,,,,,,,946.2,,1.8,,730,510.7,279.8,0,0,0,0,,,,
RUE,2012,7,24,15,24.7,,,,,,,,946,,1.7,,591,285.1,351,0,0,0,0,,,,
RUE,2012,7,24,16,24.8,,,,,,,,945.6,,1.4,,423,105.7,342.5,0,0,0,0,,,,
RUE,2012,7,24,17,24.2,,,,,,,,945.5,,1.1,,246,16.5,235.3,0,0,0,0,,,,
RUE,2012,7,24,18,23.5,,,,,,,,945.6,,1.2,,87,2,86,0,0,0,0,,,,
RUE,2012,7,24,19,22.3,,,,,,,,945.7,,1.1,,7,0,7,0,0,0,0,,,,
RUE,2012,7,24,20,21,,,,,,,,946,,0.9,,0,0,0,0,0,0,0,,,,
RUE,2012,7,24,21,20.4,,,,,,,,945.9,,1,,0,0,0,0,0,0,0,,,,
RUE,2012,7,24,22,19.9,,,,,,,,945.9,,1,,0,0,0,0,0,0,0,,,,
RUE,2012,7,24,23,19.2,,,,,,,,945.8,,1.1,,0,0,0,0,0,0,0,,,,
RUE,2012,7,25,0,19,,,,,,,,945.5,,1.1,,0,0,0,0,0,0,0,,,,
RUE,2012,7,25,1,18.9,,,,,,,,945.3,,0.6,,0,0,0,0,0,0,0,,,,
RUE,2012,7,25,2,18.9,,,,,,,,945.4,,0.9,,0,0,0,0,0,0,0,,,,
RUE,2012,7,25,3,18.6,,,,,,,,945.3,,0.6,,0,0,0,0,0,0,0,,,,
RUE,2012,7,25,4,17.8,,,,,,,,945.4,,0.3,,14,0,0,0,0,0,0,,,,
RUE,2012,7,25,5,17.8,,,,,,,,945.8,,0.4,,116,0,0,0,0,0,0,,,,
RUE,2012,7,25,6,19.4,,,,,,,,946.1,,0.4,,279,0,0,0,0,0,0,,,,
RUE,2012,7,25,7,21.2,,,,,,,,946.2,,0.6,,455,2510.5,75.1,0,0,0,0,,,,
RUE,2012,7,25,8,22.7,,,,,,,,946.3,,1,,613,1616.6,101.1,0,0,0,0,,,,
RUE,2012,7,25,9,23.4,,,,,,,,946.3,,1.3,,741,1294.9,122.3,0,0,0,0,,,,
RUE,2012,7,25,10,24.6,,,,,,,,946.2,,2.1,,832,1114.3,137.3,0,0,0,0,,,,
RUE,2012,7,25,11,25.5,,,,,,,,946,,2.3,,881,989.4,145.4,0,0,0,0,,,,
RUE,2012,7,25,12,26.2,,,,,,,,945.7,,2.5,,893,898.7,147.3,0,0,0,0,,,,
RUE,2012,7,25,13,25.6,,,,,,,,945.8,,2.3,,393,37.8,359.9,0,0,0,0,,,,
RUE,2012,7,25,14,25.1,,,,,,,,945.8,,2,,286,8.2,278.8,0,0,0,0,,,,
RUE,2012,7,25,15,26.6,,,,,,,,945.7,,1.7,,618,339.9,332.4,0,0,0,0,,,,
RUE,2012,7,25,16,27.1,,,,,,,,945.8,,2.3,,525,267.7,321.6,0,0,0,0,,,,
RUE,2012,7,25,17,26.6,,,,,,,,945.7,,1.9,,306,50,273.8,0,0,0,0,,,,
RUE,2012,7,25,18,25,,,,,,,,945.9,,1.9,,94,2.4,92.8,0,0,0,0,,,,
RUE,2012,7,25,19,22.7,,,,,,,,946.3,,1.8,,6,0,6,0,0,0,0,,,,
RUE,2012,7,25,20,22.4,,,,,,,,946.8,,1.8,,0,0,0,0,0,0,0,,,,
RUE,2012,7,25,21,21.7,,,,,,,,947.1,,1.7,,0,0,0,0,0,0,0,,,,
RUE,2012,7,25,22,20,,,,,,,,947,,1.6,,0,0,0,0,0,0,0,,,,
RUE,2012,7,25,23,19.1,,,,,,,,947,,2.1,,0,0,0,0,0,0,0,,,,
RUE,2012,7,26,0,18.5,,,,,,,,947,,1.7,,0,0,0,0,0,0,0,,,,
RUE,2012,7,26,1,18.1,,,,,,,,947,,1.4,,0,0,0,0,0,0,0,,,,
RUE,2012,7,26,2,17.9,,,,,,,,947,,1.7,,0,0,0,0,0,0,0,,,,
RUE,2012,7,26,3,17.5,,,,,,,,947,,1.9,,0,0,0,0,0,0,0,,,,
RUE,2012,7,26,4,17.3,,,,,,,,947.1,,1.9,,12,0,0,0,0,0,0,,,,
RUE,2012,7,26,5,17.9,,,,,,,,947.4,,1.8,,111,0,0,0,0,0,0,,,,
RUE,2012,7,26,6,19.4,,,,,,,,947.7,,1.5,,276,0,0,0,0,0,0,,,,
RUE,2012,7,26,7,21.3,,,,,,,,947.7,,1.8,,454,2551.8,74.9,0,0,0,0,,,,
RUE,2012,7,26,8,22.9,,,,,,,,947.8,,1.9,,613,1629.8,101.1,0,0,0,0,,,,
RUE,2012,7,26,9,24.4,,,,,,,,947.8,,1.3,,739,1297.8,121.9,0,0,0,0,,,,
RUE,2012,7,26,10,25.6,,,,,,,,947.8,,1.4,,827,1111.5,136.5,0,0,0,0,,,,
RUE,2012,7,26,11,26.9,,,,,,,,947.6,,1.7,,880,991,145.2,0,0,0,0,,,,
RUE,2012,7,26,12,27.7,,,,,,,,947.3,,1.9,,875,882.6,144.4,0,0,0,0,,,,
RUE,2012,7,26,13,28.5,,,,,,,,947.1,,2.1,,833,747.2,179.7,0,0,0,0,,,,
RUE,2012,7,26,14,29,,,,,,,,946.8,,1.8,,736,530.2,270.5,0,0,0,0,,,,
RUE,2012,7,26,15,29,,,,,,,,946.5,,1.2,,595,297.2,345.9,0,0,0,0,,,,
RUE,2012,7,26,16,28.8,,,,,,,,946.3,,1.1,,431,117.6,341.8,0,0,0,0,,,,
RUE,2012,7,26,17,28.1,,,,,,,,946.1,,1.1,,258,21.5,244.2,0,0,0,0,,,,
RUE,2012,7,26,18,27,,,,,,,,946.1,,0.9,,87,2.1,86,0,0,0,0,,,,
RUE,2012,7,26,19,25.1,,,,,,,,946.3,,1.2,,5,0,5,0,0,0,0,,,,
RUE,2012,7,26,20,24.3,,,,,,,,946.4,,1.6,,0,0,0,0,0,0,0,,,,
RUE,2012,7,26,21,24,,,,,,,,946.5,,1,,0,0,0,0,0,0,0,,,,
RUE,2012,7,26,22,23.4,,,,,,,,946.4,,0.7,,0,0,0,0,0,0,0,,,,
RUE,2012,7,26,23,22.6,,,,,,,,946.1,,1.1,,0,0,0,0,0,0,0,,,,
RUE,2012,7,27,0,21.5,,,,,,,,945.9,,0.4,,0,0,0,0,0,0,0,,,,
RUE,2012,7,27,1,21.3,,,,,,,,945.7,,0.8,,0,0,0,0,0,0,0,,,,
RUE,2012,7,27,2,21.2,,,,,,,,945.6,,0.6,,0,0,0,0,0,0,0,,,,
RUE,2012,7,27,3,20.8,,,,,,,,945.6,,1.5,,0,0,0,0,0,0,0,,,,
RUE,2012,7,27,4,20.3,,,,,,,,945.7,,1.3,,12,0,0,0,0,0,0,,,,
RUE,2012,7,27,5,21.6,,,,,,,,945.6,,1.6,,115,0,0,0,0,0,0,,,,
RUE,2012,7,27,6,23.2,,,,,,,,945.5,,2.1,,283,0,0,0,0,0,0,,,,
RUE,2012,7,27,7,24.6,,,,,,,,945.6,,1.6,,445,2549.5,73.4,0,0,0,0,,,,
RUE,2012,7,27,8,25.7,,,,,,,,945.7,,1.5,,594,1592.5,98,0,0,0,0,,,,
RUE,2012,7,27,9,27,,,,,,,,945.5,,1,,723,1276.2,119.3,0,0,0,0,,,,
RUE,2012,7,27,10,28.2,,,,,,,,945,,2.3,,809,1091.1,133.5,0,0,0,0,,,,
RUE,2012,7,27,11,28.9,,,,,,,,944.5,,3,,858,968.9,141.6,0,0,0,0,,,,
RUE,2012,7,27,12,29.6,,,,,,,,943.9,,2.4,,851,858.6,141.9,0,0,0,0,,,,
RUE,2012,7,27,13,30.4,,,,,,,,943.3,,2.3,,758,589.6,243.5,0,0,0,0,,,,
RUE,2012,7,27,14,30.7,,,,,,,,942.6,,2.4,,645,340.7,346.5,0,0,0,0,,,,
RUE,2012,7,27,15,31.1,,,,,,,,942.1,,3,,556,229.6,364,0,0,0,0,,,,
RUE,2012,7,27,16,30.5,,,,,,,,941.3,,3.3,,396,80.5,335.1,0,0,0,0,,,,
RUE,2012,7,27,17,28.8,,,,,,,,941,,2.3,,157,4.1,154.4,0,0,0,0,,,,
RUE,2012,7,27,18,27.9,,,,,,,,941.4,,1.2,,76,1.6,75.2,0,0,0,0,,,,
RUE,2012,7,27,19,26.9,,,,,,,,941.4,,0.4,,4,0,4,0,0,0,0,,,,
RUE,2012,7,27,20,26.4,,,,,,,,941.8,,1,,0,0,0,0,0,0,0,,,,
RUE,2012,7,27,21,25.2,,,,,,,,941.7,,2.4,,0,0,0,0,0,0,0,,,,
RUE,2012,7,27,22,24.9,,,,,,,,942.1,,1.4,,0,0,0,0,0,0,0,,,,
RUE,2012,7,27,23,23.4,,,,,,,,941.9,,0.9,,0,0,0,0,0,0,0,,,,
RUE,2012,7,28,0,22.6,,,,,,,,941.8,,0.8,,0,0,0,0,0,0,0,,,,
RUE,2012,7,28,1,22.4,,,,,,,,941.6,,1,,0,0,0,0,0,0,0,,,,
RUE,2012,7,28,2,20.8,,,,,,,,941.9,,0.8,,0,0,0,0,0,0,0,,,,
RUE,2012,7,28,3,19.7,,,,,,,,942.1,,1.3,,0,0,0,0,0,0,0,,,,
RUE,2012,7,28,4,18.7,,,,,,,,942.5,,2.5,,6,0,0,0,0,0,0,,,,
RUE,2012,7,28,5,18.1,,,,,,,,942.3,,0.6,,24,0,0,0,0,0,0,,,,
RUE,2012,7,28,6,18.3,,,,,,,,942.5,,0.8,,69,0,0,0,0,0,0,,,,
RUE,2012,7,28,7,18.7,,,,,,,,942.6,,0.8,,156,911.6,25.7,0,0,0,0,,,,
RUE,2012,7,28,8,20.3,,,,,,,,942.3,,0.9,,345,932.9,56.9,0,0,0,0,,,,
RUE,2012,7,28,9,22.8,,,,,,,,942,,2.1,,640,1135.5,105.6,0,0,0,0,,,,
RUE,2012,7,28,10,23.4,,,,,,,,941.9,,2.5,,493,454.2,212.8,0,0,0,0,,,,
RUE,2012,7,28,11,21.7,,,,,,,,942.3,,2.6,,292,20.1,277.2,0,0,0,0,,,,
RUE,2012,7,28,12,18.8,,,,,,,,942.8,,2.6,,185,3.4,182.2,0,0,0,0,,,,
RUE,2012,7,28,13,19.1,,,,,,,,942.6,,1.4,,316,13.1,304.6,0,0,0,0,,,,
RUE,2012,7,28,14,21.5,,,,,,,,942,,1.1,,705,468.2,295.8,0,0,0,0,,,,
RUE,2012,7,28,15,21.9,,,,,,,,941.8,,0.8,,377,39.1,344.4,0,0,0,0,,,,
RUE,2012,7,28,16,20.2,,,,,,,,941.9,,1.4,,63,0.5,62.6,0,0,0,0,,,,
RUE,2012,7,28,17,17.8,,,,,,,,942.2,,3,,9,0,9,0,0,0,0,,,,
RUE,2012,7,28,18,17.2,,,,,,,,942.4,,1.6,,3,0,3,0,0,0,0,,,,
RUE,2012,7,28,19,17,,,,,,,,942.9,,0.8,,0,0,0,0,0,0,0,,,,
RUE,2012,7,28,20,16.9,,,,,,,,943.1,,1.4,,0,0,0,0,0,0,0,,,,
RUE,2012,7,28,21,16.5,,,,,,,,942.7,,2.1,,0,0,0,0,0,0,0,,,,
RUE,2012,7,28,22,16.5,,,,,,,,942.5,,2,,0,0,0,0,0,0,0,,,,
RUE,2012,7,28,23,16.3,,,,,,,,942.4,,0.8,,0,0,0,0,0,0,0,,,,
RUE,2012,7,29,0,16.5,,,,,,,,942.5,,0.9,,0,0,0,0,0,0,0,,,,
RUE,2012,7,29,1,16.2,,,,,,,,942.3,,0.6,,0,0,0,0,0,0,0,,,,
RUE,2012,7,29,2,16.5,,,,,,,,942.5,,0.5,,0,0,0,0,0,0,0,,,,
RUE,2012,7,29,3,16.3,,,,,,,,942.7,,0.8,,0,0,0,0,0,0,0,,,,
RUE,2012,7,29,4,16.2,,,,,,,,942.9,,0.9,,7,0,0,0,0,0,0,,,,
RUE,2012,7,29,5,15.9,,,,,,,,943.5,,2,,15,0,0,0,0,0,0,,,,
RUE,2012,7,29,6,15.5,,,,,,,,943.9,,1.7,,58,0,0,0,0,0,0,,,,
RUE,2012,7,29,7,15.8,,,,,,,,944.4,,2,,164,978.1,27.1,0,0,0,0,,,,
RUE,2012,7,29,8,15.9,,,,,,,,945,,1.8,,157,72.7,134.7,0,0,0,0,,,,
RUE,2012,7,29,9,15.7,,,,,,,,945.6,,2.1,,151,7.9,147.3,0,0,0,0,,,,
RUE,2012,7,29,10,15.7,,,,,,,,946.1,,2.5,,222,12.8,214.1,0,0,0,0,,,,
RUE,2012,7,29,11,15.9,,,,,,,,946.3,,1.8,,241,8.4,234.8,0,0,0,0,,,,
RUE,2012,7,29,12,16.5,,,,,,,,946.4,,2,,442,90.9,367.3,0,0,0,0,,,,
RUE,2012,7,29,13,16.8,,,,,,,,946.5,,1.9,,290,9.1,282.1,0,0,0,0,,,,
RUE,2012,7,29,14,17,,,,,,,,946.6,,2.2,,214,4.1,210.4,0,0,0,0,,,,
RUE,2012,7,29,15,17.2,,,,,,,,946.5,,1.8,,236,5.5,231.5,0,0,0,0,,,,
RUE,2012,7,29,16,17.3,,,,,,,,946.7,,1.9,,190,4.3,186.7,0,0,0,0,,,,
RUE,2012,7,29,17,17.3,,,,,,,,946.8,,1.5,,239,15.5,229.1,0,0,0,0,,,,
RUE,2012,7,29,18,16.7,,,,,,,,947.1,,0.7,,53,0.8,52.6,0,0,0,0,,,,
RUE,2012,7,29,19,15.9,,,,,,,,947.5,,0.8,,5,0,5,0,0,0,0,,,,
RUE,2012,7,29,20,14.8,,,,,,,,948,,1.7,,0,0,0,0,0,0,0,,,,
RUE,2012,7,29,21,14.5,,,,,,,,948,,1.4,,0,0,0,0,0,0,0,,,,
RUE,2012,7,29,22,14.3,,,,,,,,948.1,,1,,0,0,0,0,0,0,0,,,,
RUE,2012,7,29,23,14,,,,,,,,948.1,,0.9,,0,0,0,0,0,0,0,,,,
RUE,2012,7,30,0,13.5,,,,,,,,948,,0.7,,0,0,0,0,0,0,0,,,,
RUE,2012,7,30,1,14.1,,,,,,,,947.9,,0.6,,0,0,0,0,0,0,0,,,,
RUE,2012,7,30,2,14,,,,,,,,948.1,,0.8,,0,0,0,0,0,0,0,,,,
RUE,2012,7,30,3,14,,,,,,,,948.3,,1.5,,0,0,0,0,0,0,0,,,,
RUE,2012,7,30,4,13.2,,,,,,,,948.6,,0.8,,10,0,0,0,0,0,0,,,,
RUE,2012,7,30,5,14.5,,,,,,,,948.9,,1.2,,130,0,0,0,0,0,0,,,,
RUE,2012,7,30,6,15.3,,,,,,,,949.3,,1.4,,212,0,0,0,0,0,0,,,,
RUE,2012,7,30,7,16,,,,,,,,949.5,,1.6,,377,2296.5,62.2,0,0,0,0,,,,
RUE,2012,7,30,8,16.4,,,,,,,,949.6,,2,,405,1114.6,66.8,0,0,0,0,,,,
RUE,2012,7,30,9,17,,,,,,,,949.7,,1.7,,563,1009.5,92.9,0,0,0,0,,,,
RUE,2012,7,30,10,18.1,,,,,,,,949.4,,1.8,,701,956,115.7,0,0,0,0,,,,
RUE,2012,7,30,11,18.9,,,,,,,,949,,1.1,,901,1026.3,148.7,0,0,0,0,,,,
RUE,2012,7,30,12,19.4,,,,,,,,948.7,,1.2,,641,421.3,295.6,0,0,0,0,,,,
RUE,2012,7,30,13,20.6,,,,,,,,948.5,,2.3,,873,830.9,153,0,0,0,0,,,,
RUE,2012,7,30,14,20.7,,,,,,,,948.3,,1.7,,741,555.4,257.8,0,0,0,0,,,,
RUE,2012,7,30,15,19.5,,,,,,,,948.4,,2,,241,5.7,236.2,0,0,0,0,,,,
RUE,2012,7,30,16,19.3,,,,,,,,948.6,,2.2,,217,5.7,212.7,0,0,0,0,,,,
RUE,2012,7,30,17,19.1,,,,,,,,948.3,,1.6,,175,5.2,171.7,0,0,0,0,,,,
RUE,2012,7,30,18,18.2,,,,,,,,948.3,,2,,61,1.1,60.5,0,0,0,0,,,,
RUE,2012,7,30,19,17.5,,,,,,,,948.6,,1.6,,7,0,7,0,0,0,0,,,,
RUE,2012,7,30,20,16.7,,,,,,,,948.9,,0.9,,0,0,0,0,0,0,0,,,,
RUE,2012,7,30,21,16.1,,,,,,,,949.1,,1,,0,0,0,0,0,0,0,,,,
RUE,2012,7,30,22,15.8,,,,,,,,949,,0.8,,0,0,0,0,0,0,0,,,,
RUE,2012,7,30,23,15.4,,,,,,,,949,,0.7,,0,0,0,0,0,0,0,,,,
RUE,2012,7,31,0,15.1,,,,,,,,948.8,,0.8,,0,0,0,0,0,0,0,,,,
RUE,2012,7,31,1,14.8,,,,,,,,948.6,,0.7,,0,0,0,0,0,0,0,,,,
RUE,2012,7,31,2,15.1,,,,,,,,948.5,,1.1,,0,0,0,0,0,0,0,,,,
RUE,2012,7,31,3,14.1,,,,,,,,948.6,,0.6,,0,0,0,0,0,0,0,,,,
RUE,2012,7,31,4,14.1,,,,,,,,948.9,,0.5,,6,0,0,0,0,0,0,,,,
RUE,2012,7,31,5,14.2,,,,,,,,949,,0.3,,70,0,0,0,0,0,0,,,,
RUE,2012,7,31,6,15.5,,,,,,,,949.3,,0.2,,197,0,0,0,0,0,0,,,,
RUE,2012,7,31,7,17.3,,,,,,,,949.3,,0.5,,406,2527.8,67,0,0,0,0,,,,
RUE,2012,7,31,8,18.9,,,,,,,,949.4,,1.3,,614,1705.3,101.3,0,0,0,0,,,,
RUE,2012,7,31,9,19.6,,,,,,,,949.4,,1.5,,552,995.2,91.1,0,0,0,0,,,,
RUE,2012,7,31,10,20.1,,,,,,,,949.4,,2,,630,861.1,104.8,0,0,0,0,,,,
RUE,2012,7,31,11,20.2,,,,,,,,949.4,,2.1,,594,479.3,243.7,0,0,0,0,,,,
RUE,2012,7,31,12,21,,,,,,,,949.4,,2.4,,723,618.7,217.1,0,0,0,0,,,,
RUE,2012,7,31,13,21.9,,,,,,,,949,,1.7,,815,728.8,185,0,0,0,0,,,,
RUE,2012,7,31,14,22.2,,,,,,,,948.7,,2.5,,626,314.8,352.8,0,0,0,0,,,,
RUE,2012,7,31,15,22.2,,,,,,,,948.4,,2,,586,293.2,343.3,0,0,0,0,,,,
RUE,2012,7,31,16,22.4,,,,,,,,948.1,,2,,425,117.5,337.2,0,0,0,0,,,,
RUE,2012,7,31,17,21.6,,,,,,,,947.9,,1.9,,209,8.8,203.5,0,0,0,0,,,,
RUE,2012,7,31,18,20.8,,,,,,,,947.8,,1.3,,94,2.5,92.8,0,0,0,0,,,,
RUE,2012,7,31,19,19.7,,,,,,,,947.9,,1,,5,0,5,0,0,0,0,,,,
RUE,2012,7,31,20,19,,,,,,,,948.1,,1.1,,0,0,0,0,0,0,0,,,,
RUE,2012,7,31,21,18.5,,,,,,,,948.1,,0.8,,0,0,0,0,0,0,0,,,,
RUE,2012,7,31,22,17.9,,,,,,,,947.8,,0.5,,0,0,0,0,0,0,0,,,,
RUE,2012,7,31,23,17.1,,,,,,,,947.5,,0.8,,0,0,0,0,0,0,0,,,,
RUE,2012,8,1,0,16.8,,,,,,,,947.3,,1.1,,0,0,0,0,0,0,0,,,,
RUE,2012,8,1,1,16.1,,,,,,,,946.9,,1.7,,0,0,0,0,0,0,0,,,,
RUE,2012,8,1,2,15.5,,,,,,,,946.6,,1.7,,0,0,0,0,0,0,0,,,,
RUE,2012,8,1,3,15.7,,,,,,,,946.5,,1.2,,0,0,0,0,0,0,0,,,,
RUE,2012,8,1,4,15.3,,,,,,,,946.3,,2,,9,0,0,0,0,0,0,,,,
RUE,2012,8,1,5,15.9,,,,,,,,946.2,,2.5,,112,0,0,0,0,0,0,,,,
RUE,2012,8,1,6,17.5,,,,,,,,946,,2.9,,283,0,0,0,0,0,0,,,,
RUE,2012,8,1,7,19,,,,,,,,945.9,,2.7,,462,2942.3,76.2,0,0,0,0,,,,
RUE,2012,8,1,8,20.6,,,,,,,,945.5,,2.6,,626,1755,103.3,0,0,0,0,,,,
RUE,2012,8,1,9,22.7,,,,,,,,945.2,,2.7,,759,1376.1,125.2,0,0,0,0,,,,
RUE,2012,8,1,10,23.9,,,,,,,,945,,2.6,,855,1175.1,141.1,0,0,0,0,,,,
RUE,2012,8,1,11,25.3,,,,,,,,944.6,,2.6,,909,1041.7,150,0,0,0,0,,,,
RUE,2012,8,1,12,26.5,,,,,,,,944.2,,2.4,,896,917.4,147.8,0,0,0,0,,,,
RUE,2012,8,1,13,27.7,,,,,,,,943.7,,1.8,,834,770.4,169.7,0,0,0,0,,,,
RUE,2012,8,1,14,28.5,,,,,,,,943.3,,2,,727,531.4,266.9,0,0,0,0,,,,
RUE,2012,8,1,15,27.9,,,,,,,,942.7,,2.8,,375,40,342,0,0,0,0,,,,
RUE,2012,8,1,16,26.1,,,,,,,,942.2,,1,,219,6,214.6,0,0,0,0,,,,
RUE,2012,8,1,17,25.5,,,,,,,,941.9,,1,,116,2.3,114.5,0,0,0,0,,,,
RUE,2012,8,1,18,25.4,,,,,,,,941.9,,0.8,,64,1.2,63.4,0,0,0,0,,,,
RUE,2012,8,1,19,24.8,,,,,,,,942,,1.8,,2,0,2,0,0,0,0,,,,
RUE,2012,8,1,20,23.1,,,,,,,,942.5,,1.3,,0,0,0,0,0,0,0,,,,
RUE,2012,8,1,21,22.7,,,,,,,,943.1,,2.7,,0,0,0,0,0,0,0,,,,
RUE,2012,8,1,22,21.6,,,,,,,,944.1,,2,,0,0,0,0,0,0,0,,,,
RUE,2012,8,1,23,21.7,,,,,,,,944.6,,2.3,,0,0,0,0,0,0,0,,,,
RUE,2012,8,2,0,21.2,,,,,,,,945.1,,3.8,,0,0,0,0,0,0,0,,,,
RUE,2012,8,2,1,20.4,,,,,,,,945,,1.2,,0,0,0,0,0,0,0,,,,
RUE,2012,8,2,2,19.4,,,,,,,,945,,0.8,,0,0,0,0,0,0,0,,,,
RUE,2012,8,2,3,19,,,,,,,,944.9,,0.6,,0,0,0,0,0,0,0,,,,
RUE,2012,8,2,4,18.3,,,,,,,,945.3,,1.4,,9,0,0,0,0,0,0,,,,
RUE,2012,8,2,5,18.7,,,,,,,,945.4,,1.7,,83,0,0,0,0,0,0,,,,
RUE,2012,8,2,6,19.2,,,,,,,,945.8,,2.3,,191,0,0,0,0,0,0,,,,
RUE,2012,8,2,7,19.7,,,,,,,,946.1,,1.7,,371,2418.6,61.2,0,0,0,0,,,,
RUE,2012,8,2,8,19.4,,,,,,,,946.3,,3.3,,341,965.1,56.3,0,0,0,0,,,,
RUE,2012,8,2,9,19.5,,,,,,,,946.7,,3.1,,496,904.4,81.8,0,0,0,0,,,,
RUE,2012,8,2,10,19.6,,,,,,,,946.9,,2.2,,382,184.6,270.3,0,0,0,0,,,,
RUE,2012,8,2,11,20.1,,,,,,,,946.7,,2,,339,45.7,305.8,0,0,0,0,,,,
RUE,2012,8,2,12,20.8,,,,,,,,946.4,,2.5,,435,88.3,363.2,0,0,0,0,,,,
RUE,2012,8,2,13,21.6,,,,,,,,946.4,,2.6,,519,152.2,388.1,0,0,0,0,,,,
RUE,2012,8,2,14,22.1,,,,,,,,946.3,,2,,534,169.2,387.9,0,0,0,0,,,,
RUE,2012,8,2,15,22.5,,,,,,,,945.9,,2.7,,493,147.3,371.7,0,0,0,0,,,,
RUE,2012,8,2,16,22.2,,,,,,,,945.7,,3,,329,35.4,302.7,0,0,0,0,,,,
RUE,2012,8,2,17,21.6,,,,,,,,946,,2.5,,207,8.7,201.5,0,0,0,0,,,,
RUE,2012,8,2,18,20.4,,,,,,,,946.2,,2.3,,59,1,58.5,0,0,0,0,,,,
RUE,2012,8,2,19,19.4,,,,,,,,946.4,,1.8,,2,0,2,0,0,0,0,,,,
RUE,2012,8,2,20,19.1,,,,,,,,946.9,,1.8,,0,0,0,0,0,0,0,,,,
RUE,2012,8,2,21,18.2,,,,,,,,947.3,,1,,0,0,0,0,0,0,0,,,,
RUE,2012,8,2,22,17.4,,,,,,,,947.5,,0.9,,0,0,0,0,0,0,0,,,,
RUE,2012,8,2,23,16.7,,,,,,,,947.6,,1.6,,0,0,0,0,0,0,0,,,,
RUE,2012,8,3,0,15.9,,,,,,,,947.6,,0.9,,0,0,0,0,0,0,0,,,,
RUE,2012,8,3,1,16.2,,,,,,,,947.5,,0.6,,0,0,0,0,0,0,0,,,,
RUE,2012,8,3,2,16.5,,,,,,,,947.4,,0.7,,0,0,0,0,0,0,0,,,,
RUE,2012,8,3,3,16.7,,,,,,,,947.5,,0.9,,0,0,0,0,0,0,0,,,,
RUE,2012,8,3,4,16.7,,,,,,,,947.6,,0.8,,3,0,0,0,0,0,0,,,,
RUE,2012,8,3,5,16.7,,,,,,,,947.8,,0.8,,33,0,0,0,0,0,0,,,,
RUE,2012,8,3,6,17.2,,,,,,,,948,,0.7,,120,0,0,0,0,0,0,,,,
RUE,2012,8,3,7,18.2,,,,,,,,948.1,,1.3,,342,2284.2,56.4,0,0,0,0,,,,
RUE,2012,8,3,8,18.7,,,,,,,,948.3,,1.2,,410,1171.8,67.7,0,0,0,0,,,,
RUE,2012,8,3,9,19.7,,,,,,,,948.3,,1.6,,540,990.3,89.1,0,0,0,0,,,,
RUE,2012,8,3,10,20.5,,,,,,,,948.1,,2,,750,1039.2,123.8,0,0,0,0,,,,
RUE,2012,8,3,11,21,,,,,,,,947.6,,1.5,,803,926.1,132.5,0,0,0,0,,,,
RUE,2012,8,3,12,21.6,,,,,,,,947.3,,1.7,,743,679.1,192.3,0,0,0,0,,,,
RUE,2012,8,3,13,22.1,,,,,,,,947,,1.3,,672,422.9,309.2,0,0,0,0,,,,
RUE,2012,8,3,14,22.3,,,,,,,,946.7,,1.7,,640,351,337.8,0,0,0,0,,,,
RUE,2012,8,3,15,21.7,,,,,,,,946.6,,1.8,,349,28.6,325.5,0,0,0,0,,,,
RUE,2012,8,3,16,21.7,,,,,,,,946.5,,2.3,,316,29.4,294.3,0,0,0,0,,,,
RUE,2012,8,3,17,21.4,,,,,,,,946.5,,1.7,,192,6.8,187.8,0,0,0,0,,,,
RUE,2012,8,3,18,20.6,,,,,,,,946.6,,1.9,,31,0.3,30.9,0,0,0,0,,,,
RUE,2012,8,3,19,19.6,,,,,,,,947,,1.3,,1,0,1,0,0,0,0,,,,
RUE,2012,8,3,20,18.8,,,,,,,,947.3,,0.8,,0,0,0,0,0,0,0,,,,
RUE,2012,8,3,21,18.4,,,,,,,,947.4,,1,,0,0,0,0,0,0,0,,,,
RUE,2012,8,3,22,18,,,,,,,,947.3,,0.9,,0,0,0,0,0,0,0,,,,
RUE,2012,8,3,23,18,,,,,,,,947,,0.8,,0,0,0,0,0,0,0,,,,
RUE,2012,8,4,0,17.9,,,,,,,,946.7,,1,,0,0,0,0,0,0,0,,,,
RUE,2012,8,4,1,17.2,,,,,,,,946.4,,0.6,,0,0,0,0,0,0,0,,,,
RUE,2012,8,4,2,16.9,,,,,,,,946.2,,0.3,,0,0,0,0,0,0,0,,,,
RUE,2012,8,4,3,16.6,,,,,,,,945.9,,0.6,,0,0,0,0,0,0,0,,,,
RUE,2012,8,4,4,16.4,,,,,,,,945.9,,0.5,,2,0,0,0,0,0,0,,,,
RUE,2012,8,4,5,16,,,,,,,,946,,0.3,,31,0,0,0,0,0,0,,,,
RUE,2012,8,4,6,16.4,,,,,,,,946,,0.3,,113,0,0,0,0,0,0,,,,
RUE,2012,8,4,7,17.8,,,,,,,,946,,0.4,,367,2513.4,60.6,0,0,0,0,,,,
RUE,2012,8,4,8,19.7,,,,,,,,945.9,,1.2,,589,1700.2,97.2,0,0,0,0,,,,
RUE,2012,8,4,9,20.7,,,,,,,,945.6,,1.1,,589,1086.6,97.2,0,0,0,0,,,,
RUE,2012,8,4,10,21.4,,,,,,,,945.3,,0.9,,590,795.1,112.8,0,0,0,0,,,,
RUE,2012,8,4,11,21.7,,,,,,,,945.2,,1.4,,616,557.7,213.6,0,0,0,0,,,,
RUE,2012,8,4,12,22.8,,,,,,,,944.8,,0.9,,689,554.3,240.7,0,0,0,0,,,,
RUE,2012,8,4,13,23.4,,,,,,,,944.2,,1.8,,646,371.5,328.2,0,0,0,0,,,,
RUE,2012,8,4,14,23.5,,,,,,,,943.6,,1.7,,566,220.3,376.8,0,0,0,0,,,,
RUE,2012,8,4,15,23.9,,,,,,,,943.2,,2.5,,611,356.9,319,0,0,0,0,,,,
RUE,2012,8,4,16,23.6,,,,,,,,942.8,,1.9,,379,73.4,325,0,0,0,0,,,,
RUE,2012,8,4,17,22.9,,,,,,,,942.7,,1.4,,151,4,148.5,0,0,0,0,,,,
RUE,2012,8,4,18,21.7,,,,,,,,942.5,,1.1,,34,0.3,33.8,0,0,0,0,,,,
RUE,2012,8,4,19,20.9,,,,,,,,942.3,,1,,1,0,1,0,0,0,0,,,,
RUE,2012,8,4,20,19.4,,,,,,,,942.8,,1,,0,0,0,0,0,0,0,,,,
RUE,2012,8,4,21,18.4,,,,,,,,943.3,,1.4,,0,0,0,0,0,0,0,,,,
RUE,2012,8,4,22,16.6,,,,,,,,943.4,,1.3,,0,0,0,0,0,0,0,,,,
RUE,2012,8,4,23,16.7,,,,,,,,943.1,,1.2,,0,0,0,0,0,0,0,,,,
RUE,2012,8,5,0,16.6,,,,,,,,943.3,,0.6,,0,0,0,0,0,0,0,,,,
RUE,2012,8,5,1,16.6,,,,,,,,943.6,,0.9,,0,0,0,0,0,0,0,,,,
RUE,2012,8,5,2,16.4,,,,,,,,943,,2.2,,0,0,0,0,0,0,0,,,,
RUE,2012,8,5,3,16.2,,,,,,,,942,,1.7,,0,0,0,0,0,0,0,,,,
RUE,2012,8,5,4,15.7,,,,,,,,941.5,,1.9,,4,0,0,0,0,0,0,,,,
RUE,2012,8,5,5,15.4,,,,,,,,942.1,,0.6,,56,0,0,0,0,0,0,,,,
RUE,2012,8,5,6,16.7,,,,,,,,942.3,,0.8,,268,0,0,0,0,0,0,,,,
RUE,2012,8,5,7,18.1,,,,,,,,942.6,,0.7,,320,2249.2,52.8,0,0,0,0,,,,
RUE,2012,8,5,8,17.8,,,,,,,,943.2,,1.5,,168,134.1,129.6,0,0,0,0,,,,
RUE,2012,8,5,9,17.9,,,,,,,,943,,0.7,,236,80.3,199.9,0,0,0,0,,,,
RUE,2012,8,5,10,17.9,,,,,,,,942.8,,2.8,,193,7.9,188.3,0,0,0,0,,,,
RUE,2012,8,5,11,18.1,,,,,,,,942.5,,1.4,,390,93.9,322.5,0,0,0,0,,,,
RUE,2012,8,5,12,20.6,,,,,,,,942.3,,1.5,,717,626.8,211.5,0,0,0,0,,,,
RUE,2012,8,5,13,21.8,,,,,,,,941.7,,3.1,,682,452.3,296.1,0,0,0,0,,,,
RUE,2012,8,5,14,22.3,,,,,,,,941.3,,3.3,,680,442.4,301.2,0,0,0,0,,,,
RUE,2012,8,5,15,22.4,,,,,,,,940.5,,2.9,,482,138.5,369,0,0,0,0,,,,
RUE,2012,8,5,16,23,,,,,,,,939.7,,2.4,,414,112.5,331.4,0,0,0,0,,,,
RUE,2012,8,5,17,22.4,,,,,,,,939.3,,2.4,,217,11.3,210,0,0,0,0,,,,
RUE,2012,8,5,18,20.9,,,,,,,,938.9,,2.1,,28,0.2,27.9,0,0,0,0,,,,
RUE,2012,8,5,19,19.7,,,,,,,,939.4,,2.3,,0,0,0,0,0,0,0,,,,
RUE,2012,8,5,20,18.7,,,,,,,,940.2,,3.7,,0,0,0,0,0,0,0,,,,
RUE,2012,8,5,21,16.2,,,,,,,,942.7,,1.9,,0,0,0,0,0,0,0,,,,
RUE,2012,8,5,22,16,,,,,,,,942.7,,1.4,,0,0,0,0,0,0,0,,,,
RUE,2012,8,5,23,16,,,,,,,,942.8,,2.2,,0,0,0,0,0,0,0,,,,
RUE,2012,8,6,0,15.6,,,,,,,,943,,1.7,,0,0,0,0,0,0,0,,,,
RUE,2012,8,6,1,15.5,,,,,,,,943.1,,1.6,,0,0,0,0,0,0,0,,,,
RUE,2012,8,6,2,15.7,,,,,,,,943,,1.9,,0,0,0,0,0,0,0,,,,
RUE,2012,8,6,3,15.3,,,,,,,,943.1,,0.6,,0,0,0,0,0,0,0,,,,
RUE,2012,8,6,4,15.5,,,,,,,,943.3,,0.6,,0,0,0,0,0,0,0,,,,
RUE,2012,8,6,5,15.6,,,,,,,,943.6,,0.5,,10,0,0,0,0,0,0,,,,
RUE,2012,8,6,6,15.5,,,,,,,,944,,0.6,,22,0,0,0,0,0,0,,,,
RUE,2012,8,6,7,15.5,,,,,,,,944.6,,0.5,,52,37.8,47.6,0,0,0,0,,,,
RUE,2012,8,6,8,16,,,,,,,,944.9,,1,,239,536.8,86.9,0,0,0,0,,,,
RUE,2012,8,6,9,16.2,,,,,,,,945.1,,1.9,,211,48.1,189.5,0,0,0,0,,,,
RUE,2012,8,6,10,14.5,,,,,,,,945.7,,2,,108,2.2,106.7,0,0,0,0,,,,
RUE,2012,8,6,11,14.1,,,,,,,,946.5,,1.6,,82,0.9,81.4,0,0,0,0,,,,
RUE,2012,8,6,12,14.3,,,,,,,,946.6,,2.2,,175,3.2,172.4,0,0,0,0,,,,
RUE,2012,8,6,13,14.2,,,,,,,,946.8,,1.8,,93,0.8,92.3,0,0,0,0,,,,
RUE,2012,8,6,14,14.1,,,,,,,,947.2,,1.5,,91,0.8,90.3,0,0,0,0,,,,
RUE,2012,8,6,15,14,,,,,,,,947.4,,1.1,,94,0.9,93.3,0,0,0,0,,,,
RUE,2012,8,6,16,15.3,,,,,,,,947.8,,0.7,,298,23,281.2,0,0,0,0,,,,
RUE,2012,8,6,17,15.8,,,,,,,,948.3,,1.2,,216,11.3,209.1,0,0,0,0,,,,
RUE,2012,8,6,18,14.8,,,,,,,,948.8,,1.4,,53,0.9,52.6,0,0,0,0,,,,
RUE,2012,8,6,19,14.6,,,,,,,,949.4,,2.1,,1,0,1,0,0,0,0,,,,
RUE,2012,8,6,20,14.7,,,,,,,,950,,2.3,,0,0,0,0,0,0,0,,,,
RUE,2012,8,6,21,14.5,,,,,,,,950.3,,1.1,,0,0,0,0,0,0,0,,,,
RUE,2012,8,6,22,14.5,,,,,,,,950.7,,1.1,,0,0,0,0,0,0,0,,,,
RUE,2012,8,6,23,13.8,,,,,,,,951,,0.7,,0,0,0,0,0,0,0,,,,
RUE,2012,8,7,0,14.4,,,,,,,,951.2,,1.5,,0,0,0,0,0,0,0,,,,
RUE,2012,8,7,1,14.1,,,,,,,,951.2,,1.2,,0,0,0,0,0,0,0,,,,
RUE,2012,8,7,2,13.8,,,,,,,,951.4,,1.7,,0,0,0,0,0,0,0,,,,
RUE,2012,8,7,3,13.3,,,,,,,,951.4,,0.7,,0,0,0,0,0,0,0,,,,
RUE,2012,8,7,4,13.4,,,,,,,,951.6,,0.3,,7,0,0,0,0,0,0,,,,
RUE,2012,8,7,5,13.9,,,,,,,,952,,0.3,,97,0,0,0,0,0,0,,,,
RUE,2012,8,7,6,15.1,,,,,,,,952.3,,0.5,,219,0,0,0,0,0,0,,,,
RUE,2012,8,7,7,16.1,,,,,,,,952.6,,1.8,,390,2895.9,64.4,0,0,0,0,,,,
RUE,2012,8,7,8,16.5,,,,,,,,952.7,,2.2,,436,1298.3,71.9,0,0,0,0,,,,
RUE,2012,8,7,9,16.1,,,,,,,,953,,2.5,,246,103,200.2,0,0,0,0,,,,
RUE,2012,8,7,10,16.6,,,,,,,,953.2,,2.4,,394,227.9,259,0,0,0,0,,,,
RUE,2012,8,7,11,17.1,,,,,,,,953.2,,1.9,,433,154.5,322.6,0,0,0,0,,,,
RUE,2012,8,7,12,18,,,,,,,,953,,2.3,,576,308.8,328.5,0,0,0,0,,,,
RUE,2012,8,7,13,18.6,,,,,,,,952.9,,2.6,,620,329,340.9,0,0,0,0,,,,
RUE,2012,8,7,14,19.3,,,,,,,,952.9,,2.5,,603,292.3,354.2,0,0,0,0,,,,
RUE,2012,8,7,15,19.2,,,,,,,,952.9,,2.6,,417,73.2,357.7,0,0,0,0,,,,
RUE,2012,8,7,16,18.9,,,,,,,,952.7,,3.1,,351,53.3,312.2,0,0,0,0,,,,
RUE,2012,8,7,17,18.5,,,,,,,,952.6,,2,,195,7.6,190.3,0,0,0,0,,,,
RUE,2012,8,7,18,17.8,,,,,,,,952.8,,1.7,,63,1.2,62.4,0,0,0,0,,,,
RUE,2012,8,7,19,16.9,,,,,,,,953.4,,1.2,,2,0,2,0,0,0,0,,,,
RUE,2012,8,7,20,16.3,,,,,,,,953.7,,1.4,,0,0,0,0,0,0,0,,,,
RUE,2012,8,7,21,15.7,,,,,,,,953.7,,1.2,,0,0,0,0,0,0,0,,,,
RUE,2012,8,7,22,15.7,,,,,,,,953.5,,0.8,,0,0,0,0,0,0,0,,,,
RUE,2012,8,7,23,15.5,,,,,,,,953.4,,0.5,,0,0,0,0,0,0,0,,,,
RUE,2012,8,8,0,14.9,,,,,,,,953.2,,0.5,,0,0,0,0,0,0,0,,,,
RUE,2012,8,8,1,14.3,,,,,,,,953.1,,0.3,,0,0,0,0,0,0,0,,,,
RUE,2012,8,8,2,13.7,,,,,,,,953.2,,0.4,,0,0,0,0,0,0,0,,,,
RUE,2012,8,8,3,13.2,,,,,,,,953.3,,0.5,,0,0,0,0,0,0,0,,,,
RUE,2012,8,8,4,13,,,,,,,,953.4,,0.4,,4,0,0,0,0,0,0,,,,
RUE,2012,8,8,5,12.9,,,,,,,,953.4,,0.6,,61,0,0,0,0,0,0,,,,
RUE,2012,8,8,6,14.2,,,,,,,,953.5,,1,,248,0,0,0,0,0,0,,,,
RUE,2012,8,8,7,16.1,,,,,,,,953.5,,1.8,,432,3302.1,71.3,0,0,0,0,,,,
RUE,2012,8,8,8,17.5,,,,,,,,953.4,,2.5,,599,1803.1,98.8,0,0,0,0,,,,
RUE,2012,8,8,9,18.4,,,,,,,,953.4,,2.2,,733,1386.1,120.9,0,0,0,0,,,,
RUE,2012,8,8,10,19.3,,,,,,,,953.4,,1.7,,832,1178,137.3,0,0,0,0,,,,
RUE,2012,8,8,11,19.8,,,,,,,,953.1,,1.7,,889,1043,146.7,0,0,0,0,,,,
RUE,2012,8,8,12,20.9,,,,,,,,952.8,,2.1,,868,907.1,143.2,0,0,0,0,,,,
RUE,2012,8,8,13,21,,,,,,,,952.7,,2,,809,750.8,174,0,0,0,0,,,,
RUE,2012,8,8,14,21.2,,,,,,,,952.4,,2,,693,484.2,282.1,0,0,0,0,,,,
RUE,2012,8,8,15,21.4,,,,,,,,952.3,,2,,563,274.7,341.2,0,0,0,0,,,,
RUE,2012,8,8,16,20.9,,,,,,,,952.1,,1.9,,368,68.4,318.4,0,0,0,0,,,,
RUE,2012,8,8,17,20.3,,,,,,,,952.1,,2,,206,9.6,200.2,0,0,0,0,,,,
RUE,2012,8,8,18,19.2,,,,,,,,952.2,,1.5,,54,0.9,53.6,0,0,0,0,,,,
RUE,2012,8,8,19,17.9,,,,,,,,952.5,,1.4,,1,0,1,0,0,0,0,,,,
RUE,2012,8,8,20,16.6,,,,,,,,952.8,,1.1,,0,0,0,0,0,0,0,,,,
RUE,2012,8,8,21,16.1,,,,,,,,952.9,,1.5,,0,0,0,0,0,0,0,,,,
RUE,2012,8,8,22,15.8,,,,,,,,953,,1.1,,0,0,0,0,0,0,0,,,,
RUE,2012,8,8,23,15.3,,,,,,,,953,,0.5,,0,0,0,0,0,0,0,,,,
RUE,2012,8,9,0,14.9,,,,,,,,952.9,,0.4,,0,0,0,0,0,0,0,,,,
RUE,2012,8,9,1,14.5,,,,,,,,952.8,,0.4,,0,0,0,0,0,0,0,,,,
RUE,2012,8,9,2,14.1,,,,,,,,952.7,,0.4,,0,0,0,0,0,0,0,,,,
RUE,2012,8,9,3,13.9,,,,,,,,952.5,,0.4,,0,0,0,0,0,0,0,,,,
RUE,2012,8,9,4,13.2,,,,,,,,952.6,,0.3,,6,0,0,0,0,0,0,,,,
RUE,2012,8,9,5,13.4,,,,,,,,952.8,,0.4,,69,0,0,0,0,0,0,,,,
RUE,2012,8,9,6,14.6,,,,,,,,952.9,,0.3,,214,0,0,0,0,0,0,,,,
RUE,2012,8,9,7,16.4,,,,,,,,953.1,,0.9,,401,3158.9,66.2,0,0,0,0,,,,
RUE,2012,8,9,8,17.2,,,,,,,,953.4,,1.2,,587,1786.6,96.9,0,0,0,0,,,,
RUE,2012,8,9,9,18.5,,,,,,,,953.7,,1.4,,717,1364.6,118.3,0,0,0,0,,,,
RUE,2012,8,9,10,19.5,,,,,,,,953.5,,1.7,,713,1014.1,117.6,0,0,0,0,,,,
RUE,2012,8,9,11,20.4,,,,,,,,953.4,,1,,733,861.3,122.3,0,0,0,0,,,,
RUE,2012,8,9,12,21.1,,,,,,,,953.2,,1.7,,769,765.7,159.2,0,0,0,0,,,,
RUE,2012,8,9,13,21.8,,,,,,,,953,,2.4,,805,747.4,174.9,0,0,0,0,,,,
RUE,2012,8,9,14,22.3,,,,,,,,952.9,,2.2,,697,498,275.7,0,0,0,0,,,,
RUE,2012,8,9,15,22.6,,,,,,,,952.7,,2.7,,566,284,337.5,0,0,0,0,,,,
RUE,2012,8,9,16,22.3,,,,,,,,952.4,,2.7,,399,101.9,325.4,0,0,0,0,,,,
RUE,2012,8,9,17,21.5,,,,,,,,952.4,,2.9,,220,13.2,212,0,0,0,0,,,,
RUE,2012,8,9,18,20.2,,,,,,,,952.5,,2.6,,54,0.9,53.6,0,0,0,0,,,,
RUE,2012,8,9,19,19.1,,,,,,,,952.8,,1.9,,1,0,1,0,0,0,0,,,,
RUE,2012,8,9,20,18.4,,,,,,,,953.1,,1.5,,0,0,0,0,0,0,0,,,,
RUE,2012,8,9,21,17.7,,,,,,,,953.2,,1.3,,0,0,0,0,0,0,0,,,,
RUE,2012,8,9,22,17.7,,,,,,,,953.2,,1.5,,0,0,0,0,0,0,0,,,,
RUE,2012,8,9,23,17,,,,,,,,953.1,,0.6,,0,0,0,0,0,0,0,,,,
RUE,2012,8,10,0,16.2,,,,,,,,952.9,,0.5,,0,0,0,0,0,0,0,,,,
RUE,2012,8,10,1,15.8,,,,,,,,952.7,,0.6,,0,0,0,0,0,0,0,,,,
RUE,2012,8,10,2,15.1,,,,,,,,952.6,,0.6,,0,0,0,0,0,0,0,,,,
RUE,2012,8,10,3,15.2,,,,,,,,952.4,,0.8,,0,0,0,0,0,0,0,,,,
RUE,2012,8,10,4,14.6,,,,,,,,952.5,,0.5,,2,0,0,0,0,0,0,,,,
RUE,2012,8,10,5,14.4,,,,,,,,952.6,,0.8,,75,0,0,0,0,0,0,,,,
RUE,2012,8,10,6,15.3,,,,,,,,952.8,,0.7,,240,0,0,0,0,0,0,,,,
RUE,2012,8,10,7,16.3,,,,,,,,952.9,,1.2,,408,3316.3,67.3,0,0,0,0,,,,
RUE,2012,8,10,8,17.7,,,,,,,,952.9,,0.8,,582,1791.5,96,0,0,0,0,,,,
RUE,2012,8,10,9,19.1,,,,,,,,952.8,,1.2,,718,1375.6,118.5,0,0,0,0,,,,
RUE,2012,8,10,10,20,,,,,,,,952.5,,1.1,,777,1110.3,128.2,0,0,0,0,,,,
RUE,2012,8,10,11,20.6,,,,,,,,952.2,,2.5,,633,638.4,182,0,0,0,0,,,,
RUE,2012,8,10,12,21,,,,,,,,952,,2.6,,788,808.2,146.4,0,0,0,0,,,,
RUE,2012,8,10,13,21.7,,,,,,,,951.9,,3.2,,828,796.9,158.2,0,0,0,0,,,,
RUE,2012,8,10,14,22.1,,,,,,,,951.6,,2.8,,714,542.2,256.9,0,0,0,0,,,,
RUE,2012,8,10,15,22.1,,,,,,,,951.3,,2.6,,559,274.2,339.2,0,0,0,0,,,,
RUE,2012,8,10,16,21.7,,,,,,,,951.2,,2.7,,389,92.4,322.6,0,0,0,0,,,,
RUE,2012,8,10,17,20.8,,,,,,,,951.1,,2.7,,213,11.7,206,0,0,0,0,,,,
RUE,2012,8,10,18,19.5,,,,,,,,951.2,,1.4,,52,0.9,51.6,0,0,0,0,,,,
RUE,2012,8,10,19,18.2,,,,,,,,951.4,,1.4,,1,0,1,0,0,0,0,,,,
RUE,2012,8,10,20,17.2,,,,,,,,951.7,,1.3,,0,0,0,0,0,0,0,,,,
RUE,2012,8,10,21,16.8,,,,,,,,951.8,,1.2,,0,0,0,0,0,0,0,,,,
RUE,2012,8,10,22,16.8,,,,,,,,951.7,,0.6,,0,0,0,0,0,0,0,,,,
RUE,2012,8,10,23,15.7,,,,,,,,951.4,,0.5,,0,0,0,0,0,0,0,,,,
RUE,2012,8,11,0,15.2,,,,,,,,951.1,,0.4,,0,0,0,0,0,0,0,,,,
RUE,2012,8,11,1,14.3,,,,,,,,950.9,,0.5,,0,0,0,0,0,0,0,,,,
RUE,2012,8,11,2,14,,,,,,,,950.6,,0.2,,0,0,0,0,0,0,0,,,,
RUE,2012,8,11,3,13.3,,,,,,,,950.4,,0.2,,0,0,0,0,0,0,0,,,,
RUE,2012,8,11,4,12.7,,,,,,,,950.4,,0.6,,3,0,0,0,0,0,0,,,,
RUE,2012,8,11,5,12.8,,,,,,,,950.3,,0.3,,74,0,0,0,0,0,0,,,,
RUE,2012,8,11,6,14.1,,,,,,,,950.3,,0.6,,241,0,0,0,0,0,0,,,,
RUE,2012,8,11,7,15.6,,,,,,,,950.1,,2.7,,417,3501.6,68.8,0,0,0,0,,,,
RUE,2012,8,11,8,16.8,,,,,,,,950.1,,2.5,,583,1815.4,96.2,0,0,0,0,,,,
RUE,2012,8,11,9,18.1,,,,,,,,949.8,,1.8,,716,1381,118.1,0,0,0,0,,,,
RUE,2012,8,11,10,19.6,,,,,,,,949.5,,1.9,,809,1161.5,133.5,0,0,0,0,,,,
RUE,2012,8,11,11,20.5,,,,,,,,948.9,,3.6,,861,1021.5,142.1,0,0,0,0,,,,
RUE,2012,8,11,12,21.8,,,,,,,,948.4,,3.9,,856,903.4,141.2,0,0,0,0,,,,
RUE,2012,8,11,13,22.2,,,,,,,,948,,3.3,,795,736.6,177.9,0,0,0,0,,,,
RUE,2012,8,11,14,22.6,,,,,,,,947.6,,3.1,,692,496.4,274.9,0,0,0,0,,,,
RUE,2012,8,11,15,22.6,,,,,,,,947.3,,2.8,,563,285.8,334.8,0,0,0,0,,,,
RUE,2012,8,11,16,22.4,,,,,,,,946.8,,2.7,,388,93.1,321.4,0,0,0,0,,,,
RUE,2012,8,11,17,21.5,,,,,,,,946.4,,2.8,,205,10.1,199,0,0,0,0,,,,
RUE,2012,8,11,18,20.1,,,,,,,,946.2,,2.2,,46,0.7,45.7,0,0,0,0,,,,
RUE,2012,8,11,19,19,,,,,,,,946.1,,2.7,,0,0,0,0,0,0,0,,,,
RUE,2012,8,11,20,17.8,,,,,,,,946.1,,2.5,,0,0,0,0,0,0,0,,,,
RUE,2012,8,11,21,16.8,,,,,,,,945.8,,4,,0,0,0,0,0,0,0,,,,
RUE,2012,8,11,22,15.5,,,,,,,,945.7,,2.8,,0,0,0,0,0,0,0,,,,
RUE,2012,8,11,23,14.6,,,,,,,,945.4,,2.3,,0,0,0,0,0,0,0,,,,
RUE,2012,8,12,0,14.2,,,,,,,,945,,2.1,,0,0,0,0,0,0,0,,,,
RUE,2012,8,12,1,13.6,,,,,,,,944.8,,2.3,,0,0,0,0,0,0,0,,,,
RUE,2012,8,12,2,13.5,,,,,,,,944.5,,2.7,,0,0,0,0,0,0,0,,,,
RUE,2012,8,12,3,13.1,,,,,,,,944.3,,2.7,,0,0,0,0,0,0,0,,,,
RUE,2012,8,12,4,12.7,,,,,,,,944.1,,2.7,,5,0,0,0,0,0,0,,,,
RUE,2012,8,12,5,12.9,,,,,,,,944,,2.3,,73,0,0,0,0,0,0,,,,
RUE,2012,8,12,6,14,,,,,,,,944,,2.6,,226,0,0,0,0,0,0,,,,
RUE,2012,8,12,7,15.8,,,,,,,,944,,2.9,,398,3457.4,65.7,0,0,0,0,,,,
RUE,2012,8,12,8,17.5,,,,,,,,944,,2.7,,552,1739.2,91.1,0,0,0,0,,,,
RUE,2012,8,12,9,19.1,,,,,,,,944.1,,1.5,,669,1299.1,110.4,0,0,0,0,,,,
RUE,2012,8,12,10,20.4,,,,,,,,944,,1.6,,675,973.8,111.4,0,0,0,0,,,,
RUE,2012,8,12,11,21.1,,,,,,,,943.9,,1.8,,726,863,121,0,0,0,0,,,,
RUE,2012,8,12,12,21.6,,,,,,,,943.9,,2.3,,757,755.6,161.3,0,0,0,0,,,,
RUE,2012,8,12,13,22.4,,,,,,,,943.8,,2.6,,707,541.2,255.1,0,0,0,0,,,,
RUE,2012,8,12,14,22.7,,,,,,,,943.8,,2.7,,704,529.4,260.7,0,0,0,0,,,,
RUE,2012,8,12,15,22.9,,,,,,,,943.8,,2.6,,482,153.2,360.1,0,0,0,0,,,,
RUE,2012,8,12,16,22.5,,,,,,,,943.6,,2.9,,339,49.7,303.6,0,0,0,0,,,,
RUE,2012,8,12,17,21.7,,,,,,,,943.6,,2.6,,173,5.8,169.6,0,0,0,0,,,,
RUE,2012,8,12,18,20.8,,,,,,,,943.7,,2.5,,65,1.4,64.4,0,0,0,0,,,,
RUE,2012,8,12,19,19.8,,,,,,,,944.1,,1.3,,0,0,0,0,0,0,0,,,,
RUE,2012,8,12,20,19.2,,,,,,,,944.5,,1.5,,0,0,0,0,0,0,0,,,,
RUE,2012,8,12,21,18.1,,,,,,,,944.9,,1.8,,0,0,0,0,0,0,0,,,,
RUE,2012,8,12,22,17.4,,,,,,,,945,,1.4,,0,0,0,0,0,0,0,,,,
RUE,2012,8,12,23,17.1,,,,,,,,944.9,,1.3,,0,0,0,0,0,0,0,,,,
RUE,2012,8,13,0,16.9,,,,,,,,944.8,,0.7,,0,0,0,0,0,0,0,,,,
RUE,2012,8,13,1,16.6,,,,,,,,944.6,,0.7,,0,0,0,0,0,0,0,,,,
RUE,2012,8,13,2,16.4,,,,,,,,944.6,,0.4,,0,0,0,0,0,0,0,,,,
RUE,2012,8,13,3,15.9,,,,,,,,944.5,,0.4,,0,0,0,0,0,0,0,,,,
RUE,2012,8,13,4,15.5,,,,,,,,944.3,,0.7,,1,0,0,0,0,0,0,,,,
RUE,2012,8,13,5,15.6,,,,,,,,944.3,,0.6,,45,0,0,0,0,0,0,,,,
RUE,2012,8,13,6,16.4,,,,,,,,944.4,,0.7,,219,0,0,0,0,0,0,,,,
RUE,2012,8,13,7,17.2,,,,,,,,944.5,,1.2,,163,1466.9,26.9,0,0,0,0,,,,
RUE,2012,8,13,8,17.8,,,,,,,,944.5,,0.9,,249,739.3,55.4,0,0,0,0,,,,
RUE,2012,8,13,9,18.9,,,,,,,,944.4,,0.7,,527,1030.5,87,0,0,0,0,,,,
RUE,2012,8,13,10,20.2,,,,,,,,944.1,,1.1,,708,1026.5,116.8,0,0,0,0,,,,
RUE,2012,8,13,11,21.3,,,,,,,,943.9,,0.9,,780,932.7,128.7,0,0,0,0,,,,
RUE,2012,8,13,12,21.6,,,,,,,,943.7,,0.8,,509,203.4,349.2,0,0,0,0,,,,
RUE,2012,8,13,13,22.2,,,,,,,,943.5,,1.7,,597,305,343.2,0,0,0,0,,,,
RUE,2012,8,13,14,22.4,,,,,,,,943.3,,1.4,,467,107.5,377.3,0,0,0,0,,,,
RUE,2012,8,13,15,22.8,,,,,,,,943.2,,1.4,,387,56.4,342.3,0,0,0,0,,,,
RUE,2012,8,13,16,22.7,,,,,,,,943.1,,1.7,,315,35.2,290,0,0,0,0,,,,
RUE,2012,8,13,17,21.7,,,,,,,,943.3,,1.7,,120,2.8,118.3,0,0,0,0,,,,
RUE,2012,8,13,18,20.8,,,,,,,,943.4,,1.3,,25,0.2,24.9,0,0,0,0,,,,
RUE,2012,8,13,19,19.9,,,,,,,,943.6,,1.3,,0,0,0,0,0,0,0,,,,
RUE,2012,8,13,20,19.4,,,,,,,,944,,1,,0,0,0,0,0,0,0,,,,
RUE,2012,8,13,21,19,,,,,,,,944.2,,1.5,,0,0,0,0,0,0,0,,,,
RUE,2012,8,13,22,18.8,,,,,,,,944.3,,1.5,,0,0,0,0,0,0,0,,,,
RUE,2012,8,13,23,17.5,,,,,,,,943.9,,0.7,,0,0,0,0,0,0,0,,,,
RUE,2012,8,14,0,17.1,,,,,,,,943.9,,0.8,,0,0,0,0,0,0,0,,,,
RUE,2012,8,14,1,17.4,,,,,,,,944.1,,0.8,,0,0,0,0,0,0,0,,,,
RUE,2012,8,14,2,17.4,,,,,,,,944,,0.5,,0,0,0,0,0,0,0,,,,
RUE,2012,8,14,3,16.9,,,,,,,,943.5,,0.9,,0,0,0,0,0,0,0,,,,
RUE,2012,8,14,4,16.7,,,,,,,,943.5,,0.5,,2,0,0,0,0,0,0,,,,
RUE,2012,8,14,5,16.1,,,,,,,,943.9,,0.9,,64,0,0,0,0,0,0,,,,
RUE,2012,8,14,6,17.5,,,,,,,,944.1,,1,,221,0,0,0,0,0,0,,,,
RUE,2012,8,14,7,19.2,,,,,,,,944,,0.9,,402,3753.6,66.3,0,0,0,0,,,,
RUE,2012,8,14,8,20.7,,,,,,,,944,,1.2,,549,1772.2,90.6,0,0,0,0,,,,
RUE,2012,8,14,9,21.7,,,,,,,,944.3,,1.2,,703,1384.4,116,0,0,0,0,,,,
RUE,2012,8,14,10,22.6,,,,,,,,944.2,,0.9,,825,1202.1,136.1,0,0,0,0,,,,
RUE,2012,8,14,11,23.7,,,,,,,,944.1,,1.4,,895,1074.5,147.7,0,0,0,0,,,,
RUE,2012,8,14,12,24.3,,,,,,,,943.9,,1.3,,793,835.7,138.7,0,0,0,0,,,,
RUE,2012,8,14,13,24.4,,,,,,,,943.7,,1.6,,639,395.8,310.8,0,0,0,0,,,,
RUE,2012,8,14,14,24.4,,,,,,,,943.5,,1.4,,517,171,374.8,0,0,0,0,,,,
RUE,2012,8,14,15,24.3,,,,,,,,943.5,,1.4,,329,25.5,308.9,0,0,0,0,,,,
RUE,2012,8,14,16,23.9,,,,,,,,943.5,,2.5,,283,21,268.2,0,0,0,0,,,,
RUE,2012,8,14,17,23,,,,,,,,943.6,,1.7,,102,2,100.8,0,0,0,0,,,,
RUE,2012,8,14,18,22.6,,,,,,,,943.6,,1.1,,25,0.2,24.9,0,0,0,0,,,,
RUE,2012,8,14,19,21.9,,,,,,,,944.1,,0.7,,0,0,0,0,0,0,0,,,,
RUE,2012,8,14,20,21.7,,,,,,,,944.2,,1.3,,0,0,0,0,0,0,0,,,,
RUE,2012,8,14,21,22,,,,,,,,944,,1.6,,0,0,0,0,0,0,0,,,,
RUE,2012,8,14,22,21.5,,,,,,,,943.9,,1.5,,0,0,0,0,0,0,0,,,,
RUE,2012,8,14,23,19.8,,,,,,,,943.6,,1.4,,0,0,0,0,0,0,0,,,,
RUE,2012,8,15,0,19.4,,,,,,,,943.4,,1.2,,0,0,0,0,0,0,0,,,,
RUE,2012,8,15,1,18.7,,,,,,,,943.3,,1.8,,0,0,0,0,0,0,0,,,,
RUE,2012,8,15,2,18.2,,,,,,,,943.1,,2.1,,0,0,0,0,0,0,0,,,,
RUE,2012,8,15,3,17.7,,,,,,,,942.8,,2,,0,0,0,0,0,0,0,,,,
RUE,2012,8,15,4,17.5,,,,,,,,942.7,,2.5,,2,0,0,0,0,0,0,,,,
RUE,2012,8,15,5,17.6,,,,,,,,942.9,,2.1,,58,0,0,0,0,0,0,,,,
RUE,2012,8,15,6,19,,,,,,,,943,,2.2,,224,0,0,0,0,0,0,,,,
RUE,2012,8,15,7,20.6,,,,,,,,942.9,,2.5,,402,3901,66.3,0,0,0,0,,,,
RUE,2012,8,15,8,22.7,,,,,,,,942.9,,2.7,,575,1879.5,94.9,0,0,0,0,,,,
RUE,2012,8,15,9,24.1,,,,,,,,942.8,,2.2,,703,1394.4,116,0,0,0,0,,,,
RUE,2012,8,15,10,25.6,,,,,,,,942.4,,2.2,,791,1158.4,130.5,0,0,0,0,,,,
RUE,2012,8,15,11,26.5,,,,,,,,942.1,,2.1,,828,998.2,136.6,0,0,0,0,,,,
RUE,2012,8,15,12,27.5,,,,,,,,941.9,,2.5,,784,824.9,140.5,0,0,0,0,,,,
RUE,2012,8,15,13,28.7,,,,,,,,941.4,,2.6,,781,728.4,179.1,0,0,0,0,,,,
RUE,2012,8,15,14,29.7,,,,,,,,941.2,,3.9,,673,473.5,280.8,0,0,0,0,,,,
RUE,2012,8,15,15,29.4,,,,,,,,941,,5.2,,506,197.7,350.6,0,0,0,0,,,,
RUE,2012,8,15,16,28,,,,,,,,941,,3.5,,284,21.9,268.6,0,0,0,0,,,,
RUE,2012,8,15,17,26.8,,,,,,,,941.2,,2.5,,86,1.5,85.1,0,0,0,0,,,,
RUE,2012,8,15,18,25.2,,,,,,,,941.9,,2,,23,0.2,22.9,0,0,0,0,,,,
RUE,2012,8,15,19,24.4,,,,,,,,942.9,,1,,0,0,0,0,0,0,0,,,,
RUE,2012,8,15,20,23.7,,,,,,,,943.4,,2.1,,0,0,0,0,0,0,0,,,,
RUE,2012,8,15,21,19.9,,,,,,,,944,,4.1,,0,0,0,0,0,0,0,,,,
RUE,2012,8,15,22,18.7,,,,,,,,944.6,,2.5,,0,0,0,0,0,0,0,,,,
RUE,2012,8,15,23,19.2,,,,,,,,945.5,,2.8,,0,0,0,0,0,0,0,,,,
RUE,2012,8,16,0,17.9,,,,,,,,946.1,,2.4,,0,0,0,0,0,0,0,,,,
RUE,2012,8,16,1,16.9,,,,,,,,946.4,,3.2,,0,0,0,0,0,0,0,,,,
RUE,2012,8,16,2,15.4,,,,,,,,947.3,,4.2,,0,0,0,0,0,0,0,,,,
RUE,2012,8,16,3,15.3,,,,,,,,947.8,,2.7,,0,0,0,0,0,0,0,,,,
RUE,2012,8,16,4,15.3,,,,,,,,948.4,,1.6,,0,0,0,0,0,0,0,,,,
RUE,2012,8,16,5,15,,,,,,,,949.1,,1.4,,1,0,0,0,0,0,0,,,,
RUE,2012,8,16,6,14.7,,,,,,,,949.6,,1,,19,0,0,0,0,0,0,,,,
RUE,2012,8,16,7,15.4,,,,,,,,949.8,,0.5,,166,1677.1,27.4,0,0,0,0,,,,
RUE,2012,8,16,8,16.7,,,,,,,,950.1,,0.6,,366,1211.7,60.4,0,0,0,0,,,,
RUE,2012,8,16,9,18,,,,,,,,950.2,,1.6,,726,1450.6,119.8,0,0,0,0,,,,
RUE,2012,8,16,10,18.2,,,,,,,,950.1,,1.8,,487,562.8,167.8,0,0,0,0,,,,
RUE,2012,8,16,11,18.9,,,,,,,,950,,2.4,,492,297.4,286.8,0,0,0,0,,,,
RUE,2012,8,16,12,19.1,,,,,,,,950,,2.3,,504,203.6,345.8,0,0,0,0,,,,
RUE,2012,8,16,13,19.7,,,,,,,,950,,1,,470,117.1,373.6,0,0,0,0,,,,
RUE,2012,8,16,14,20.1,,,,,,,,949.8,,0.7,,375,39.3,342.6,0,0,0,0,,,,
RUE,2012,8,16,15,20.3,,,,,,,,949.6,,0.9,,339,30.9,314.8,0,0,0,0,,,,
RUE,2012,8,16,16,20.4,,,,,,,,949.3,,0.6,,272,18.1,259.4,0,0,0,0,,,,
RUE,2012,8,16,17,20,,,,,,,,949.1,,1,,128,3.3,126.1,0,0,0,0,,,,
RUE,2012,8,16,18,18.9,,,,,,,,949.2,,1.3,,26,0.2,25.9,0,0,0,0,,,,
RUE,2012,8,16,19,18.4,,,,,,,,949.7,,1.3,,0,0,0,0,0,0,0,,,,
RUE,2012,8,16,20,17.4,,,,,,,,950,,1.1,,0,0,0,0,0,0,0,,,,
RUE,2012,8,16,21,17,,,,,,,,949.9,,0.9,,0,0,0,0,0,0,0,,,,
RUE,2012,8,16,22,16.4,,,,,,,,949.7,,0.9,,0,0,0,0,0,0,0,,,,
RUE,2012,8,16,23,15.8,,,,,,,,949.6,,1.2,,0,0,0,0,0,0,0,,,,
RUE,2012,8,17,0,15.6,,,,,,,,949.5,,0.8,,0,0,0,0,0,0,0,,,,
RUE,2012,8,17,1,15.4,,,,,,,,949.4,,0.7,,0,0,0,0,0,0,0,,,,
RUE,2012,8,17,2,15,,,,,,,,949.4,,0.9,,0,0,0,0,0,0,0,,,,
RUE,2012,8,17,3,14.7,,,,,,,,949.6,,0.8,,0,0,0,0,0,0,0,,,,
RUE,2012,8,17,4,14.8,,,,,,,,949.7,,1.5,,2,0,0,0,0,0,0,,,,
RUE,2012,8,17,5,15.3,,,,,,,,949.8,,1,,69,0,0,0,0,0,0,,,,
RUE,2012,8,17,6,16.7,,,,,,,,950,,1.3,,232,0,0,0,0,0,0,,,,
RUE,2012,8,17,7,17.9,,,,,,,,950.3,,1.7,,412,4341.7,68,0,0,0,0,,,,
RUE,2012,8,17,8,19,,,,,,,,950.3,,2.2,,576,1932,95,0,0,0,0,,,,
RUE,2012,8,17,9,20.7,,,,,,,,950.3,,1.7,,708,1425.2,116.8,0,0,0,0,,,,
RUE,2012,8,17,10,21.2,,,,,,,,950.3,,1.4,,792,1172.1,130.7,0,0,0,0,,,,
RUE,2012,8,17,11,22.2,,,,,,,,950.1,,1.1,,778,945.8,128.4,0,0,0,0,,,,
RUE,2012,8,17,12,23.4,,,,,,,,950,,0.8,,845,911.4,139.4,0,0,0,0,,,,
RUE,2012,8,17,13,24,,,,,,,,949.8,,0.9,,781,740,174,0,0,0,0,,,,
RUE,2012,8,17,14,24.5,,,,,,,,949.8,,1.1,,667,470.7,280.1,0,0,0,0,,,,
RUE,2012,8,17,15,24.8,,,,,,,,949.7,,1.1,,539,263.8,333.4,0,0,0,0,,,,
RUE,2012,8,17,16,24.9,,,,,,,,949.6,,0.9,,352,67,305.4,0,0,0,0,,,,
RUE,2012,8,17,17,24.4,,,,,,,,949.5,,1.3,,191,8.8,186,0,0,0,0,,,,
RUE,2012,8,17,18,23,,,,,,,,949.6,,1.2,,31,0.4,30.8,0,0,0,0,,,,
RUE,2012,8,17,19,21.8,,,,,,,,949.9,,1.7,,0,0,0,0,0,0,0,,,,
RUE,2012,8,17,20,21,,,,,,,,950.2,,1.1,,0,0,0,0,0,0,0,,,,
RUE,2012,8,17,21,20.3,,,,,,,,950.3,,1,,0,0,0,0,0,0,0,,,,
RUE,2012,8,17,22,19.5,,,,,,,,950.2,,1.5,,0,0,0,0,0,0,0,,,,
RUE,2012,8,17,23,18.7,,,,,,,,950.1,,1.8,,0,0,0,0,0,0,0,,,,
RUE,2012,8,18,0,18.1,,,,,,,,949.7,,2.4,,0,0,0,0,0,0,0,,,,
RUE,2012,8,18,1,17.6,,,,,,,,949.6,,2.3,,0,0,0,0,0,0,0,,,,
RUE,2012,8,18,2,17.4,,,,,,,,949.6,,2.2,,0,0,0,0,0,0,0,,,,
RUE,2012,8,18,3,17.2,,,,,,,,949.5,,1.6,,0,0,0,0,0,0,0,,,,
RUE,2012,8,18,4,16.9,,,,,,,,949.6,,2.3,,1,0,0,0,0,0,0,,,,
RUE,2012,8,18,5,17.5,,,,,,,,949.8,,2.6,,66,0,0,0,0,0,0,,,,
RUE,2012,8,18,6,19,,,,,,,,950.3,,1.8,,232,0,0,0,0,0,0,,,,
RUE,2012,8,18,7,20.6,,,,,,,,950.4,,2.3,,409,4505,67.5,0,0,0,0,,,,
RUE,2012,8,18,8,22.3,,,,,,,,950.5,,2.4,,572,1944.3,94.4,0,0,0,0,,,,
RUE,2012,8,18,9,23.7,,,,,,,,950.7,,2.7,,706,1432,116.5,0,0,0,0,,,,
RUE,2012,8,18,10,24.7,,,,,,,,950.6,,2.4,,799,1188.8,131.8,0,0,0,0,,,,
RUE,2012,8,18,11,26.3,,,,,,,,950.4,,1.7,,847,1034.2,139.8,0,0,0,0,,,,
RUE,2012,8,18,12,27.1,,,,,,,,950.2,,1.6,,837,906.2,138.1,0,0,0,0,,,,
RUE,2012,8,18,13,28.3,,,,,,,,950,,1.3,,774,730.8,176.8,0,0,0,0,,,,
RUE,2012,8,18,14,28.8,,,,,,,,949.9,,1.6,,669,481.2,275,0,0,0,0,,,,
RUE,2012,8,18,15,29,,,,,,,,949.9,,1.9,,532,254.7,334.4,0,0,0,0,,,,
RUE,2012,8,18,16,28.3,,,,,,,,949.9,,2.2,,360,76.5,307.2,0,0,0,0,,,,
RUE,2012,8,18,17,27.6,,,,,,,,949.9,,2.1,,180,7.2,175.9,0,0,0,0,,,,
RUE,2012,8,18,18,25.9,,,,,,,,950,,1.9,,24,0.2,23.9,0,0,0,0,,,,
RUE,2012,8,18,19,24.7,,,,,,,,950.3,,1.2,,0,0,0,0,0,0,0,,,,
RUE,2012,8,18,20,23.8,,,,,,,,950.6,,1.3,,0,0,0,0,0,0,0,,,,
RUE,2012,8,18,21,23.5,,,,,,,,950.7,,0.9,,0,0,0,0,0,0,0,,,,
RUE,2012,8,18,22,22.5,,,,,,,,950.7,,1.4,,0,0,0,0,0,0,0,,,,
RUE,2012,8,18,23,21.6,,,,,,,,950.5,,1.6,,0,0,0,0,0,0,0,,,,
RUE,2012,8,19,0,21.3,,,,,,,,950.4,,1.8,,0,0,0,0,0,0,0,,,,
RUE,2012,8,19,1,20.6,,,,,,,,950.5,,1.5,,0,0,0,0,0,0,0,,,,
RUE,2012,8,19,2,20.8,,,,,,,,950.5,,1.9,,0,0,0,0,0,0,0,,,,
RUE,2012,8,19,3,21.5,,,,,,,,950.5,,3.2,,0,0,0,0,0,0,0,,,,
RUE,2012,8,19,4,20.1,,,,,,,,950.5,,2.2,,2,0,0,0,0,0,0,,,,
RUE,2012,8,19,5,19.7,,,,,,,,950.7,,2.2,,62,0,0,0,0,0,0,,,,
RUE,2012,8,19,6,20.7,,,,,,,,951.1,,1.6,,213,0,0,0,0,0,0,,,,
RUE,2012,8,19,7,22,,,,,,,,951.4,,1.8,,387,4465.5,63.9,0,0,0,0,,,,
RUE,2012,8,19,8,23.5,,,,,,,,951.6,,2.3,,551,1898.6,90.9,0,0,0,0,,,,
RUE,2012,8,19,9,25.2,,,,,,,,951.6,,2.1,,685,1400.1,113,0,0,0,0,,,,
RUE,2012,8,19,10,27.1,,,,,,,,951.5,,1.8,,774,1157.9,127.7,0,0,0,0,,,,
RUE,2012,8,19,11,28.7,,,,,,,,951,,2.7,,822,1008.1,135.6,0,0,0,0,,,,
RUE,2012,8,19,12,29.5,,,,,,,,950.7,,3,,813,884.2,133.8,0,0,0,0,,,,
RUE,2012,8,19,13,30.4,,,,,,,,950.3,,2.5,,750,683.1,194,0,0,0,0,,,,
RUE,2012,8,19,14,30.7,,,,,,,,950.1,,1.3,,636,411,300.9,0,0,0,0,,,,
RUE,2012,8,19,15,31,,,,,,,,949.8,,1.8,,497,196.6,345.2,0,0,0,0,,,,
RUE,2012,8,19,16,30.1,,,,,,,,949.4,,2.3,,323,46.3,291.2,0,0,0,0,,,,
RUE,2012,8,19,17,29.4,,,,,,,,949.1,,1.6,,148,4.6,145.4,0,0,0,0,,,,
RUE,2012,8,19,18,27.9,,,,,,,,949.2,,1.3,,23,0.2,22.9,0,0,0,0,,,,
RUE,2012,8,19,19,26.5,,,,,,,,949.6,,1.6,,0,0,0,0,0,0,0,,,,
RUE,2012,8,19,20,26.6,,,,,,,,949.8,,1.4,,0,0,0,0,0,0,0,,,,
RUE,2012,8,19,21,25.1,,,,,,,,950.1,,1.1,,0,0,0,0,0,0,0,,,,
RUE,2012,8,19,22,25.4,,,,,,,,950.2,,1,,0,0,0,0,0,0,0,,,,
RUE,2012,8,19,23,24.6,,,,,,,,950.3,,1.1,,0,0,0,0,0,0,0,,,,
RUE,2012,8,20,0,24.5,,,,,,,,950.3,,0.6,,0,0,0,0,0,0,0,,,,
RUE,2012,8,20,1,24.1,,,,,,,,950.1,,0.6,,0,0,0,0,0,0,0,,,,
RUE,2012,8,20,2,24,,,,,,,,950.4,,0.8,,0,0,0,0,0,0,0,,,,
RUE,2012,8,20,3,24.3,,,,,,,,950.6,,0.9,,0,0,0,0,0,0,0,,,,
RUE,2012,8,20,4,24,,,,,,,,950.8,,1,,1,0,0,0,0,0,0,,,,
RUE,2012,8,20,5,23.7,,,,,,,,951.2,,1,,51,0,0,0,0,0,0,,,,
RUE,2012,8,20,6,23.5,,,,,,,,951.6,,0.4,,197,0,0,0,0,0,0,,,,
RUE,2012,8,20,7,25.2,,,,,,,,951.9,,0.5,,370,4483.3,61.1,0,0,0,0,,,,
RUE,2012,8,20,8,26.6,,,,,,,,952,,1,,530,1851.8,87.5,0,0,0,0,,,,
RUE,2012,8,20,9,27.6,,,,,,,,951.8,,0.7,,662,1363.7,109.2,0,0,0,0,,,,
RUE,2012,8,20,10,28.7,,,,,,,,951.5,,0.8,,753,1132.7,124.2,0,0,0,0,,,,
RUE,2012,8,20,11,29.6,,,,,,,,951.1,,1.7,,791,974.5,130.5,0,0,0,0,,,,
RUE,2012,8,20,12,29.8,,,,,,,,951,,2.5,,780,843.2,134.9,0,0,0,0,,,,
RUE,2012,8,20,13,30.3,,,,,,,,950.8,,2.9,,715,606.5,223.2,0,0,0,0,,,,
RUE,2012,8,20,14,29.9,,,,,,,,951,,4.3,,595,327.8,328.8,0,0,0,0,,,,
RUE,2012,8,20,15,27.9,,,,,,,,951.5,,5.8,,318,24.3,299.3,0,0,0,0,,,,
RUE,2012,8,20,16,25.8,,,,,,,,951.9,,4.6,,206,6.3,201.7,0,0,0,0,,,,
RUE,2012,8,20,17,25,,,,,,,,951.5,,1.7,,103,2.3,101.7,0,0,0,0,,,,
RUE,2012,8,20,18,25.1,,,,,,,,951.2,,2.9,,22,0.2,21.9,0,0,0,0,,,,
RUE,2012,8,20,19,25,,,,,,,,951.1,,3.7,,0,0,0,0,0,0,0,,,,
RUE,2012,8,20,20,23.7,,,,,,,,951.4,,1.7,,0,0,0,0,0,0,0,,,,
RUE,2012,8,20,21,22,,,,,,,,951.4,,1.6,,0,0,0,0,0,0,0,,,,
RUE,2012,8,20,22,21.7,,,,,,,,951.6,,3,,0,0,0,0,0,0,0,,,,
RUE,2012,8,20,23,20.6,,,,,,,,951.4,,2.4,,0,0,0,0,0,0,0,,,,
RUE,2012,8,21,0,19.3,,,,,,,,951.2,,2.5,,0,0,0,0,0,0,0,,,,
RUE,2012,8,21,1,18.9,,,,,,,,950.9,,1.6,,0,0,0,0,0,0,0,,,,
RUE,2012,8,21,2,18.7,,,,,,,,950.5,,2.1,,0,0,0,0,0,0,0,,,,
RUE,2012,8,21,3,19,,,,,,,,949.9,,1.7,,0,0,0,0,0,0,0,,,,
RUE,2012,8,21,4,19.2,,,,,,,,949.7,,1.7,,1,0,0,0,0,0,0,,,,
RUE,2012,8,21,5,19.3,,,,,,,,949.7,,1.8,,40,0,0,0,0,0,0,,,,
RUE,2012,8,21,6,19.8,,,,,,,,949.7,,2.4,,179,0,0,0,0,0,0,,,,
RUE,2012,8,21,7,21,,,,,,,,949.7,,2.3,,318,4057.2,52.5,0,0,0,0,,,,
RUE,2012,8,21,8,23.7,,,,,,,,949.6,,2.5,,513,1817.9,84.6,0,0,0,0,,,,
RUE,2012,8,21,9,25.4,,,,,,,,949.5,,1.2,,602,1250,99.3,0,0,0,0,,,,
RUE,2012,8,21,10,27.1,,,,,,,,949.1,,2,,735,1111.9,121.3,0,0,0,0,,,,
RUE,2012,8,21,11,28.4,,,,,,,,948.8,,2.3,,771,954.2,127.2,0,0,0,0,,,,
RUE,2012,8,21,12,29,,,,,,,,948.4,,2.3,,688,647.3,194.8,0,0,0,0,,,,
RUE,2012,8,21,13,29.4,,,,,,,,947.9,,2,,547,241.5,351.9,0,0,0,0,,,,
RUE,2012,8,21,14,29.2,,,,,,,,947.4,,2.3,,418,73.4,358.7,0,0,0,0,,,,
RUE,2012,8,21,15,29,,,,,,,,947.1,,1.5,,350,40.4,319.1,0,0,0,0,,,,
RUE,2012,8,21,16,28.9,,,,,,,,946.6,,0.8,,232,9.7,225.4,0,0,0,0,,,,
RUE,2012,8,21,17,28.1,,,,,,,,945.8,,1.1,,120,3.1,118.3,0,0,0,0,,,,
RUE,2012,8,21,18,26.8,,,,,,,,945.7,,0.8,,12,0.1,12,0,0,0,0,,,,
RUE,2012,8,21,19,26.3,,,,,,,,946.1,,1.1,,0,0,0,0,0,0,0,,,,
RUE,2012,8,21,20,25.4,,,,,,,,946.1,,1.9,,0,0,0,0,0,0,0,,,,
RUE,2012,8,21,21,24.6,,,,,,,,946.1,,1.1,,0,0,0,0,0,0,0,,,,
RUE,2012,8,21,22,23.6,,,,,,,,946.5,,0.7,,0,0,0,0,0,0,0,,,,
RUE,2012,8,21,23,23.9,,,,,,,,946.8,,1.2,,0,0,0,0,0,0,0,,,,
RUE,2012,8,22,0,23.5,,,,,,,,946.7,,3.4,,0,0,0,0,0,0,0,,,,
RUE,2012,8,22,1,21.8,,,,,,,,946.6,,2.5,,0,0,0,0,0,0,0,,,,
RUE,2012,8,22,2,22.7,,,,,,,,946.8,,1.3,,0,0,0,0,0,0,0,,,,
RUE,2012,8,22,3,21.4,,,,,,,,947.1,,1.2,,0,0,0,0,0,0,0,,,,
RUE,2012,8,22,4,21.4,,,,,,,,947.3,,1.7,,0,0,0,0,0,0,0,,,,
RUE,2012,8,22,5,22.1,,,,,,,,947.9,,2.1,,40,0,0,0,0,0,0,,,,
RUE,2012,8,22,6,22.3,,,,,,,,948.3,,1.8,,190,0,0,0,0,0,0,,,,
RUE,2012,8,22,7,23,,,,,,,,948.6,,2.6,,362,4877.4,59.7,0,0,0,0,,,,
RUE,2012,8,22,8,23.6,,,,,,,,949.2,,2.6,,471,1693.4,77.7,0,0,0,0,,,,
RUE,2012,8,22,9,24.1,,,,,,,,949.4,,2.6,,590,1235.1,97.4,0,0,0,0,,,,
RUE,2012,8,22,10,24.8,,,,,,,,949.2,,3.3,,747,1136.5,123.3,0,0,0,0,,,,
RUE,2012,8,22,11,24.8,,,,,,,,949.1,,3.1,,746,927.6,123.1,0,0,0,0,,,,
RUE,2012,8,22,12,24.4,,,,,,,,948.7,,3.1,,439,123.4,345.3,0,0,0,0,,,,
RUE,2012,8,22,13,24.3,,,,,,,,948.3,,2.7,,282,10.9,273.2,0,0,0,0,,,,
RUE,2012,8,22,14,24.7,,,,,,,,947.9,,2.7,,408,66.6,354.4,0,0,0,0,,,,
RUE,2012,8,22,15,24.6,,,,,,,,947.5,,3.8,,396,75.5,338.5,0,0,0,0,,,,
RUE,2012,8,22,16,24,,,,,,,,947.3,,3.4,,239,11.4,231.3,0,0,0,0,,,,
RUE,2012,8,22,17,23.1,,,,,,,,947.1,,1.6,,121,3.2,119.2,0,0,0,0,,,,
RUE,2012,8,22,18,21.9,,,,,,,,947.3,,1.7,,18,0.1,17.9,0,0,0,0,,,,
RUE,2012,8,22,19,21.6,,,,,,,,947.6,,1.2,,0,0,0,0,0,0,0,,,,
RUE,2012,8,22,20,20.9,,,,,,,,948.2,,1.6,,0,0,0,0,0,0,0,,,,
RUE,2012,8,22,21,20.2,,,,,,,,948.1,,1.3,,0,0,0,0,0,0,0,,,,
RUE,2012,8,22,22,19.5,,,,,,,,947.6,,1.3,,0,0,0,0,0,0,0,,,,
RUE,2012,8,22,23,19.2,,,,,,,,947.6,,1.4,,0,0,0,0,0,0,0,,,,
RUE,2012,8,23,0,18.6,,,,,,,,947.4,,0.6,,0,0,0,0,0,0,0,,,,
RUE,2012,8,23,1,17.6,,,,,,,,947.3,,0.7,,0,0,0,0,0,0,0,,,,
RUE,2012,8,23,2,16.9,,,,,,,,947.2,,0.9,,0,0,0,0,0,0,0,,,,
RUE,2012,8,23,3,16.1,,,,,,,,947,,0.7,,0,0,0,0,0,0,0,,,,
RUE,2012,8,23,4,15.3,,,,,,,,946.8,,0.9,,0,0,0,0,0,0,0,,,,
RUE,2012,8,23,5,15.4,,,,,,,,946.7,,0.5,,29,0,0,0,0,0,0,,,,
RUE,2012,8,23,6,16.4,,,,,,,,946.5,,0.7,,175,0,0,0,0,0,0,,,,
RUE,2012,8,23,7,18,,,,,,,,946.3,,2.3,,317,4525.2,52.3,0,0,0,0,,,,
RUE,2012,8,23,8,19.6,,,,,,,,946,,2.3,,541,1974,89.3,0,0,0,0,,,,
RUE,2012,8,23,9,21.2,,,,,,,,945.7,,1.9,,645,1361.3,106.4,0,0,0,0,,,,
RUE,2012,8,23,10,22.4,,,,,,,,945.4,,1.4,,678,1037.6,111.9,0,0,0,0,,,,
RUE,2012,8,23,11,23.4,,,,,,,,945.3,,1.7,,585,592.3,189.1,0,0,0,0,,,,
RUE,2012,8,23,12,22.7,,,,,,,,945.3,,1.3,,198,4.6,194.5,0,0,0,0,,,,
RUE,2012,8,23,13,21.8,,,,,,,,945,,1.1,,387,52.7,344.8,0,0,0,0,,,,
RUE,2012,8,23,14,24,,,,,,,,944,,1.8,,601,355.8,315.9,0,0,0,0,,,,
RUE,2012,8,23,15,25,,,,,,,,943.6,,2.1,,455,145.7,344.7,0,0,0,0,,,,
RUE,2012,8,23,16,24.8,,,,,,,,942.8,,2.8,,285,27.6,266.5,0,0,0,0,,,,
RUE,2012,8,23,17,23.9,,,,,,,,942.1,,2.6,,104,2.4,102.7,0,0,0,0,,,,
RUE,2012,8,23,18,22.8,,,,,,,,941.7,,2.3,,5,0,5,0,0,0,0,,,,
RUE,2012,8,23,19,22.9,,,,,,,,941.3,,2.1,,0,0,0,0,0,0,0,,,,
RUE,2012,8,23,20,22.3,,,,,,,,941.6,,2,,0,0,0,0,0,0,0,,,,
RUE,2012,8,23,21,17.4,,,,,,,,943.6,,3.3,,0,0,0,0,0,0,0,,,,
RUE,2012,8,23,22,17.8,,,,,,,,942.3,,2.5,,0,0,0,0,0,0,0,,,,
RUE,2012,8,23,23,18.3,,,,,,,,943.6,,3.2,,0,0,0,0,0,0,0,,,,
RUE,2012,8,24,0,17.4,,,,,,,,942.6,,3.8,,0,0,0,0,0,0,0,,,,
RUE,2012,8,24,1,17.5,,,,,,,,941.7,,2.5,,0,0,0,0,0,0,0,,,,
RUE,2012,8,24,2,17.5,,,,,,,,941,,1.8,,0,0,0,0,0,0,0,,,,
RUE,2012,8,24,3,17.3,,,,,,,,940.4,,1.7,,0,0,0,0,0,0,0,,,,
RUE,2012,8,24,4,17.6,,,,,,,,941.3,,1.4,,0,0,0,0,0,0,0,,,,
RUE,2012,8,24,5,18.1,,,,,,,,941,,1.7,,3,0,0,0,0,0,0,,,,
RUE,2012,8,24,6,20.8,,,,,,,,941.1,,3.6,,20,0,0,0,0,0,0,,,,
RUE,2012,8,24,7,21,,,,,,,,941.1,,2.6,,43,258.4,28.8,0,0,0,0,,,,
RUE,2012,8,24,8,19.4,,,,,,,,942,,1.1,,64,5.4,62.8,0,0,0,0,,,,
RUE,2012,8,24,9,18.5,,,,,,,,942,,1.4,,49,1.1,48.6,0,0,0,0,,,,
RUE,2012,8,24,10,18.4,,,,,,,,942.3,,1.2,,77,1.4,76.3,0,0,0,0,,,,
RUE,2012,8,24,11,19.2,,,,,,,,941.4,,1.8,,133,2.7,131.2,0,0,0,0,,,,
RUE,2012,8,24,12,19.1,,,,,,,,941,,1.1,,148,2.6,146,0,0,0,0,,,,
RUE,2012,8,24,13,18.6,,,,,,,,941.3,,2.1,,125,1.7,123.7,0,0,0,0,,,,
RUE,2012,8,24,14,18.3,,,,,,,,941.6,,2.4,,110,1.3,109,0,0,0,0,,,,
RUE,2012,8,24,15,17.9,,,,,,,,941.5,,1.1,,85,0.9,84.4,0,0,0,0,,,,
RUE,2012,8,24,16,17.9,,,,,,,,940.8,,1,,74,0.8,73.4,0,0,0,0,,,,
RUE,2012,8,24,17,17.8,,,,,,,,940.5,,1.2,,8,0,8,0,0,0,0,,,,
RUE,2012,8,24,18,17.6,,,,,,,,940.8,,0.8,,2,0,2,0,0,0,0,,,,
RUE,2012,8,24,19,17.5,,,,,,,,941.7,,1,,0,0,0,0,0,0,0,,,,
RUE,2012,8,24,20,17.4,,,,,,,,942.3,,0.6,,0,0,0,0,0,0,0,,,,
RUE,2012,8,24,21,17.4,,,,,,,,942.5,,1.2,,0,0,0,0,0,0,0,,,,
RUE,2012,8,24,22,17.5,,,,,,,,942.5,,2.2,,0,0,0,0,0,0,0,,,,
RUE,2012,8,24,23,17.6,,,,,,,,942.2,,2.1,,0,0,0,0,0,0,0,,,,
RUE,2012,8,25,0,18,,,,,,,,941.7,,2.3,,0,0,0,0,0,0,0,,,,
RUE,2012,8,25,1,18,,,,,,,,941.7,,1.9,,0,0,0,0,0,0,0,,,,
RUE,2012,8,25,2,17,,,,,,,,941.8,,1.3,,0,0,0,0,0,0,0,,,,
RUE,2012,8,25,3,16.7,,,,,,,,941.5,,0.9,,0,0,0,0,0,0,0,,,,
RUE,2012,8,25,4,16.6,,,,,,,,941.5,,0.7,,0,0,0,0,0,0,0,,,,
RUE,2012,8,25,5,16.6,,,,,,,,941.6,,1.1,,30,0,0,0,0,0,0,,,,
RUE,2012,8,25,6,17.3,,,,,,,,942,,0.7,,213,0,0,0,0,0,0,,,,
RUE,2012,8,25,7,18.7,,,,,,,,942.4,,2,,326,0,0,0,0,0,0,,,,
RUE,2012,8,25,8,19.2,,,,,,,,942.7,,3,,377,1418.2,62.2,0,0,0,0,,,,
RUE,2012,8,25,9,19.8,,,,,,,,942.8,,1.9,,539,1157,88.9,0,0,0,0,,,,
RUE,2012,8,25,10,20.7,,,,,,,,942.8,,2.1,,580,898.3,95.7,0,0,0,0,,,,
RUE,2012,8,25,11,21.9,,,,,,,,942.5,,2.9,,786,991.6,129.7,0,0,0,0,,,,
RUE,2012,8,25,12,22.5,,,,,,,,942.3,,3.1,,759,834.4,134.2,0,0,0,0,,,,
RUE,2012,8,25,13,22.5,,,,,,,,942,,2.7,,528,223.2,350.8,0,0,0,0,,,,
RUE,2012,8,25,14,21.9,,,,,,,,942.1,,4.3,,302,15.8,289.4,0,0,0,0,,,,
RUE,2012,8,25,15,19.3,,,,,,,,942.4,,5.3,,178,3.8,175.2,0,0,0,0,,,,
RUE,2012,8,25,16,17.4,,,,,,,,942.5,,3.9,,53,0.4,52.7,0,0,0,0,,,,
RUE,2012,8,25,17,15.9,,,,,,,,942.6,,2.9,,17,0.1,17,0,0,0,0,,,,
RUE,2012,8,25,18,14.7,,,,,,,,943.8,,2.2,,1,0,1,0,0,0,0,,,,
RUE,2012,8,25,19,14.1,,,,,,,,944.1,,1.6,,0,0,0,0,0,0,0,,,,
RUE,2012,8,25,20,14.4,,,,,,,,944.5,,1.9,,0,0,0,0,0,0,0,,,,
RUE,2012,8,25,21,15.2,,,,,,,,945,,3.2,,0,0,0,0,0,0,0,,,,
RUE,2012,8,25,22,15.7,,,,,,,,945.4,,3.6,,0,0,0,0,0,0,0,,,,
RUE,2012,8,25,23,15.6,,,,,,,,945.7,,2.8,,0,0,0,0,0,0,0,,,,
RUE,2012,8,26,0,15.4,,,,,,,,945.7,,2.4,,0,0,0,0,0,0,0,,,,
RUE,2012,8,26,1,14.4,,,,,,,,945.8,,2.1,,0,0,0,0,0,0,0,,,,
RUE,2012,8,26,2,13.6,,,,,,,,945.9,,2.1,,0,0,0,0,0,0,0,,,,
RUE,2012,8,26,3,13.6,,,,,,,,946,,2.6,,0,0,0,0,0,0,0,,,,
RUE,2012,8,26,4,12.8,,,,,,,,946.3,,2.5,,0,0,0,0,0,0,0,,,,
RUE,2012,8,26,5,12.7,,,,,,,,946.6,,2,,29,0,0,0,0,0,0,,,,
RUE,2012,8,26,6,13.2,,,,,,,,947.1,,2.9,,117,0,0,0,0,0,0,,,,
RUE,2012,8,26,7,14.4,,,,,,,,947.5,,3.1,,379,0,0,0,0,0,0,,,,
RUE,2012,8,26,8,15.5,,,,,,,,947.9,,4.3,,566,2163,93.4,0,0,0,0,,,,
RUE,2012,8,26,9,16.2,,,,,,,,948.5,,4.3,,677,1465.8,111.7,0,0,0,0,,,,
RUE,2012,8,26,10,16.2,,,,,,,,948.9,,4.3,,570,888.6,93.9,0,0,0,0,,,,
RUE,2012,8,26,11,16.7,,,,,,,,948.9,,4.2,,638,765.3,134,0,0,0,0,,,,
RUE,2012,8,26,12,16.5,,,,,,,,949,,3.2,,392,78.9,333.2,0,0,0,0,,,,
RUE,2012,8,26,13,17.1,,,,,,,,949.1,,3.2,,572,310.7,326.4,0,0,0,0,,,,
RUE,2012,8,26,14,16.3,,,,,,,,949.1,,3.9,,441,104.1,358.8,0,0,0,0,,,,
RUE,2012,8,26,15,16.3,,,,,,,,949.4,,4.8,,288,17.1,275.3,0,0,0,0,,,,
RUE,2012,8,26,16,16,,,,,,,,949.7,,2.9,,225,9.7,218.6,0,0,0,0,,,,
RUE,2012,8,26,17,15.7,,,,,,,,949.9,,2.7,,134,4.2,131.7,0,0,0,0,,,,
RUE,2012,8,26,18,14.8,,,,,,,,950.7,,2,,9,0,9,0,0,0,0,,,,
RUE,2012,8,26,19,14.1,,,,,,,,951.5,,1.3,,0,0,0,0,0,0,0,,,,
RUE,2012,8,26,20,13.9,,,,,,,,952.2,,1.5,,0,0,0,0,0,0,0,,,,
RUE,2012,8,26,21,13.5,,,,,,,,952.5,,1,,0,0,0,0,0,0,0,,,,
RUE,2012,8,26,22,13,,,,,,,,952.4,,1.1,,0,0,0,0,0,0,0,,,,
RUE,2012,8,26,23,12.5,,,,,,,,952.4,,0.8,,0,0,0,0,0,0,0,,,,
RUE,2012,8,27,0,11.8,,,,,,,,952,,1.1,,0,0,0,0,0,0,0,,,,
RUE,2012,8,27,1,11.8,,,,,,,,951.8,,1.5,,0,0,0,0,0,0,0,,,,
RUE,2012,8,27,2,11.1,,,,,,,,951.5,,1.2,,0,0,0,0,0,0,0,,,,
RUE,2012,8,27,3,11.1,,,,,,,,951.4,,1,,0,0,0,0,0,0,0,,,,
RUE,2012,8,27,4,10.6,,,,,,,,951.5,,1,,0,0,0,0,0,0,0,,,,
RUE,2012,8,27,5,10.7,,,,,,,,951.7,,1.3,,44,0,0,0,0,0,0,,,,
RUE,2012,8,27,6,12.4,,,,,,,,951.9,,1.3,,205,0,0,0,0,0,0,,,,
RUE,2012,8,27,7,13.6,,,,,,,,951.7,,1.3,,321,0,0,0,0,0,0,,,,
RUE,2012,8,27,8,15.4,,,,,,,,951.5,,2.2,,449,1743.7,74.1,0,0,0,0,,,,
RUE,2012,8,27,9,16.9,,,,,,,,951.2,,3,,690,1507.1,113.9,0,0,0,0,,,,
RUE,2012,8,27,10,18.2,,,,,,,,950.8,,3.2,,772,1210.5,127.4,0,0,0,0,,,,
RUE,2012,8,27,11,18.8,,,,,,,,950.3,,3.6,,822,1047.5,135.6,0,0,0,0,,,,
RUE,2012,8,27,12,19.6,,,,,,,,949.9,,3.4,,807,908.2,133.2,0,0,0,0,,,,
RUE,2012,8,27,13,20.4,,,,,,,,949.5,,2.8,,744,724.5,174,0,0,0,0,,,,
RUE,2012,8,27,14,20.8,,,,,,,,949.1,,2.5,,636,460.9,273.5,0,0,0,0,,,,
RUE,2012,8,27,15,20.8,,,,,,,,948.8,,3,,493,222.6,328,0,0,0,0,,,,
RUE,2012,8,27,16,20.4,,,,,,,,948.4,,2.9,,311,48.3,279.4,0,0,0,0,,,,
RUE,2012,8,27,17,19.3,,,,,,,,948.1,,2,,120,3.4,118.2,0,0,0,0,,,,
RUE,2012,8,27,18,18.1,,,,,,,,948.2,,1.7,,9,0,9,0,0,0,0,,,,
RUE,2012,8,27,19,17.6,,,,,,,,948.3,,2,,0,0,0,0,0,0,0,,,,
RUE,2012,8,27,20,17.8,,,,,,,,948.4,,1.8,,0,0,0,0,0,0,0,,,,
RUE,2012,8,27,21,17.6,,,,,,,,948.2,,2.1,,0,0,0,0,0,0,0,,,,
RUE,2012,8,27,22,17.4,,,,,,,,947.9,,2.5,,0,0,0,0,0,0,0,,,,
RUE,2012,8,27,23,17.1,,,,,,,,947.6,,2.7,,0,0,0,0,0,0,0,,,,
RUE,2012,8,28,0,16.4,,,,,,,,947.3,,1.8,,0,0,0,0,0,0,0,,,,
RUE,2012,8,28,1,16.6,,,,,,,,946.9,,2.6,,0,0,0,0,0,0,0,,,,
RUE,2012,8,28,2,16.4,,,,,,,,946.8,,1.7,,0,0,0,0,0,0,0,,,,
RUE,2012,8,28,3,16.8,,,,,,,,946.7,,1.8,,0,0,0,0,0,0,0,,,,
RUE,2012,8,28,4,15.4,,,,,,,,946.8,,0.8,,0,0,0,0,0,0,0,,,,
RUE,2012,8,28,5,16.9,,,,,,,,947.4,,1.4,,43,0,0,0,0,0,0,,,,
RUE,2012,8,28,6,18.8,,,,,,,,947.8,,1.5,,200,0,0,0,0,0,0,,,,
RUE,2012,8,28,7,19.5,,,,,,,,948.1,,0.7,,409,0,0,0,0,0,0,,,,
RUE,2012,8,28,8,21.3,,,,,,,,948.5,,0.5,,500,1973.9,82.5,0,0,0,0,,,,
RUE,2012,8,28,9,22.4,,,,,,,,949,,1,,663,1461.1,109.4,0,0,0,0,,,,
RUE,2012,8,28,10,22.7,,,,,,,,949.5,,2.1,,668,1054.1,110.2,0,0,0,0,,,,
RUE,2012,8,28,11,23,,,,,,,,949.8,,3.2,,765,980,126.2,0,0,0,0,,,,
RUE,2012,8,28,12,23.3,,,,,,,,950,,3.6,,703,735.4,160,0,0,0,0,,,,
RUE,2012,8,28,13,23.4,,,,,,,,950.1,,3.4,,638,472,268.4,0,0,0,0,,,,
RUE,2012,8,28,14,22.1,,,,,,,,950.1,,3.2,,252,7.7,246,0,0,0,0,,,,
RUE,2012,8,28,15,20.8,,,,,,,,950,,3,,123,1.9,121.6,0,0,0,0,,,,
RUE,2012,8,28,16,20.3,,,,,,,,950,,1,,99,1.6,98,0,0,0,0,,,,
RUE,2012,8,28,17,19.9,,,,,,,,949.9,,1.2,,41,0.4,40.8,0,0,0,0,,,,
RUE,2012,8,28,18,19.3,,,,,,,,949.8,,2.2,,11,0.1,11,0,0,0,0,,,,
RUE,2012,8,28,19,18.4,,,,,,,,950.2,,0.9,,0,0,0,0,0,0,0,,,,
RUE,2012,8,28,20,17.8,,,,,,,,950.3,,0.9,,0,0,0,0,0,0,0,,,,
RUE,2012,8,28,21,17.2,,,,,,,,950.3,,0.5,,0,0,0,0,0,0,0,,,,
RUE,2012,8,28,22,16.4,,,,,,,,950.3,,0.7,,0,0,0,0,0,0,0,,,,
RUE,2012,8,28,23,16.2,,,,,,,,950.3,,1,,0,0,0,0,0,0,0,,,,
RUE,2012,8,29,0,16.3,,,,,,,,950.2,,1.9,,0,0,0,0,0,0,0,,,,
RUE,2012,8,29,1,15.4,,,,,,,,949.9,,1.6,,0,0,0,0,0,0,0,,,,
RUE,2012,8,29,2,15.1,,,,,,,,949.7,,1.9,,0,0,0,0,0,0,0,,,,
RUE,2012,8,29,3,14.8,,,,,,,,949.8,,1.4,,0,0,0,0,0,0,0,,,,
RUE,2012,8,29,4,14.7,,,,,,,,949.7,,1.7,,0,0,0,0,0,0,0,,,,
RUE,2012,8,29,5,14.9,,,,,,,,949.9,,1.3,,21,0,0,0,0,0,0,,,,
RUE,2012,8,29,6,15.8,,,,,,,,949.8,,1.6,,176,0,0,0,0,0,0,,,,
RUE,2012,8,29,7,18.6,,,,,,,,949.8,,1.4,,333,0,0,0,0,0,0,,,,
RUE,2012,8,29,8,20.2,,,,,,,,949.8,,2.5,,507,2035.4,83.7,0,0,0,0,,,,
RUE,2012,8,29,9,22.2,,,,,,,,949.7,,1.7,,661,1470,109.1,0,0,0,0,,,,
RUE,2012,8,29,10,23.1,,,,,,,,949.4,,3.7,,741,1176.8,122.3,0,0,0,0,,,,
RUE,2012,8,29,11,24,,,,,,,,949,,3,,757,974.8,124.9,0,0,0,0,,,,
RUE,2012,8,29,12,24.7,,,,,,,,948.5,,2.3,,705,747.8,155.4,0,0,0,0,,,,
RUE,2012,8,29,13,25.2,,,,,,,,948,,2.1,,673,566.3,231.7,0,0,0,0,,,,
RUE,2012,8,29,14,25.5,,,,,,,,947.4,,1.8,,598,385,298.2,0,0,0,0,,,,
RUE,2012,8,29,15,24.4,,,,,,,,947,,1.6,,167,3.5,164.4,0,0,0,0,,,,
RUE,2012,8,29,16,22.9,,,,,,,,947.4,,1,,8,0,8,0,0,0,0,,,,
RUE,2012,8,29,17,21.5,,,,,,,,948.4,,1.5,,5,0,5,0,0,0,0,,,,
RUE,2012,8,29,18,19.2,,,,,,,,949,,1.2,,0,0,0,0,0,0,0,,,,
RUE,2012,8,29,19,18.4,,,,,,,,949.2,,2.1,,0,0,0,0,0,0,0,,,,
RUE,2012,8,29,20,18.5,,,,,,,,948.5,,4.9,,0,0,0,0,0,0,0,,,,
RUE,2012,8,29,21,18.5,,,,,,,,948.9,,0.9,,0,0,0,0,0,0,0,,,,
RUE,2012,8,29,22,18.4,,,,,,,,948.8,,1.4,,0,0,0,0,0,0,0,,,,
RUE,2012,8,29,23,17.7,,,,,,,,948.2,,0.8,,0,0,0,0,0,0,0,,,,
RUE,2012,8,30,0,17.1,,,,,,,,949,,1.9,,0,0,0,0,0,0,0,,,,
RUE,2012,8,30,1,16.1,,,,,,,,949.1,,0.8,,0,0,0,0,0,0,0,,,,
RUE,2012,8,30,2,16,,,,,,,,948.5,,1,,0,0,0,0,0,0,0,,,,
RUE,2012,8,30,3,15.8,,,,,,,,947.8,,0.9,,0,0,0,0,0,0,0,,,,
RUE,2012,8,30,4,15.9,,,,,,,,947.6,,1.8,,0,0,0,0,0,0,0,,,,
RUE,2012,8,30,5,15.8,,,,,,,,947.5,,0.7,,10,0,0,0,0,0,0,,,,
RUE,2012,8,30,6,15.7,,,,,,,,947.7,,0.9,,63,0,0,0,0,0,0,,,,
RUE,2012,8,30,7,16.2,,,,,,,,948,,0.9,,94,0,0,0,0,0,0,,,,
RUE,2012,8,30,8,16.9,,,,,,,,948.2,,1.4,,184,637,53.8,0,0,0,0,,,,
RUE,2012,8,30,9,17.1,,,,,,,,948.4,,1.4,,245,212.8,165.8,0,0,0,0,,,,
RUE,2012,8,30,10,16.6,,,,,,,,948.1,,1.9,,57,0.8,56.6,0,0,0,0,,,,
RUE,2012,8,30,11,15.6,,,,,,,,948.3,,1.6,,20,0.1,20,0,0,0,0,,,,
RUE,2012,8,30,12,15.4,,,,,,,,948.7,,1,,73,0.7,72.5,0,0,0,0,,,,
RUE,2012,8,30,13,15.2,,,,,,,,948.8,,1.6,,70,0.5,69.6,0,0,0,0,,,,
RUE,2012,8,30,14,14.5,,,,,,,,949.2,,2.5,,39,0.2,38.9,0,0,0,0,,,,
RUE,2012,8,30,15,14.2,,,,,,,,949.4,,1.8,,55,0.4,54.7,0,0,0,0,,,,
RUE,2012,8,30,16,14,,,,,,,,949.1,,1.2,,81,1.1,80.3,0,0,0,0,,,,
RUE,2012,8,30,17,14.1,,,,,,,,949.1,,1.4,,41,0.4,40.8,0,0,0,0,,,,
RUE,2012,8,30,18,13.7,,,,,,,,949.5,,1.2,,3,0,3,0,0,0,0,,,,
RUE,2012,8,30,19,13.9,,,,,,,,949.9,,1.2,,0,0,0,0,0,0,0,,,,
RUE,2012,8,30,20,13.8,,,,,,,,949.9,,0.9,,0,0,0,0,0,0,0,,,,
RUE,2012,8,30,21,13.7,,,,,,,,949.8,,1.2,,0,0,0,0,0,0,0,,,,
RUE,2012,8,30,22,13.4,,,,,,,,949.6,,0.7,,0,0,0,0,0,0,0,,,,
RUE,2012,8,30,23,12.8,,,,,,,,949.6,,1.1,,0,0,0,0,0,0,0,,,,
RUE,2012,8,31,0,13,,,,,,,,949.3,,1.3,,0,0,0,0,0,0,0,,,,
RUE,2012,8,31,1,12.8,,,,,,,,949,,0.7,,0,0,0,0,0,0,0,,,,
RUE,2012,8,31,2,12.5,,,,,,,,948.9,,1.1,,0,0,0,0,0,0,0,,,,
RUE,2012,8,31,3,12.4,,,,,,,,948.6,,1.5,,0,0,0,0,0,0,0,,,,
RUE,2012,8,31,4,12,,,,,,,,948.1,,1.2,,0,0,0,0,0,0,0,,,,
RUE,2012,8,31,5,11.6,,,,,,,,948.2,,1.1,,7,0,0,0,0,0,0,,,,
RUE,2012,8,31,6,11.9,,,,,,,,948.3,,1.6,,79,0,0,0,0,0,0,,,,
RUE,2012,8,31,7,11,,,,,,,,948.6,,3,,38,0,0,0,0,0,0,,,,
RUE,2012,8,31,8,9.9,,,,,,,,949.4,,2.2,,55,5,54,0,0,0,0,,,,
RUE,2012,8,31,9,10.8,,,,,,,,949.4,,1,,192,74.8,164.4,0,0,0,0,,,,
RUE,2012,8,31,10,11,,,,,,,,949.3,,1.1,,109,3,107.5,0,0,0,0,,,,
RUE,2012,8,31,11,11.4,,,,,,,,949.4,,1.3,,269,25.5,252.6,0,0,0,0,,,,
RUE,2012,8,31,12,11.6,,,,,,,,949.6,,1.7,,222,6.5,217.3,0,0,0,0,,,,
RUE,2012,8,31,13,12.1,,,,,,,,949.5,,1.9,,258,8.8,251.2,0,0,0,0,,,,
RUE,2012,8,31,14,12.4,,,,,,,,949.5,,2.9,,288,14.4,276.9,0,0,0,0,,,,
RUE,2012,8,31,15,11.5,,,,,,,,949.8,,1.8,,60,0.5,59.7,0,0,0,0,,,,
RUE,2012,8,31,16,10.9,,,,,,,,949.6,,1.3,,17,0,17,0,0,0,0,,,,
RUE,2012,8,31,17,11.1,,,,,,,,949.6,,2.7,,11,0,11,0,0,0,0,,,,
RUE,2012,8,31,18,10.8,,,,,,,,949.7,,3,,0,0,0,0,0,0,0,,,,
RUE,2012,8,31,19,10.7,,,,,,,,949.9,,4.2,,0,0,0,0,0,0,0,,,,
RUE,2012,8,31,20,10.4,,,,,,,,949.9,,5.2,,0,0,0,0,0,0,0,,,,
RUE,2012,8,31,21,9.9,,,,,,,,949.9,,4.5,,0,0,0,0,0,0,0,,,,
RUE,2012,8,31,22,9.4,,,,,,,,949.9,,4.4,,0,0,0,0,0,0,0,,,,
RUE,2012,8,31,23,9.2,,,,,,,,950,,4.2,,0,0,0,0,0,0,0,,,,
RUE,2012,9,1,0,9.1,,,,,,,,949.7,,4.2,,0,0,0,0,0,0,0,,,,
RUE,2012,9,1,1,8.9,,,,,,,,949.6,,3.8,,0,0,0,0,0,0,0,,,,
RUE,2012,9,1,2,8.7,,,,,,,,949.6,,2.4,,0,0,0,0,0,0,0,,,,
RUE,2012,9,1,3,8.7,,,,,,,,949.5,,2.3,,0,0,0,0,0,0,0,,,,
RUE,2012,9,1,4,8.7,,,,,,,,949.3,,2.5,,0,0,0,0,0,0,0,,,,
RUE,2012,9,1,5,8.6,,,,,,,,949.3,,3,,1,0,0,0,0,0,0,,,,
RUE,2012,9,1,6,8.7,,,,,,,,949.6,,1.9,,8,0,0,0,0,0,0,,,,
RUE,2012,9,1,7,9.1,,,,,,,,950,,1.4,,24,0,0,0,0,0,0,,,,
RUE,2012,9,1,8,9.5,,,,,,,,950.1,,1.9,,111,106.9,89.9,0,0,0,0,,,,
RUE,2012,9,1,9,10.1,,,,,,,,950.4,,2.4,,162,33.9,149.6,0,0,0,0,,,,
RUE,2012,9,1,10,10.3,,,,,,,,950.3,,3,,160,6.8,156.5,0,0,0,0,,,,
RUE,2012,9,1,11,10.6,,,,,,,,950.2,,1.6,,104,1.8,102.9,0,0,0,0,,,,
RUE,2012,9,1,12,11.5,,,,,,,,950.3,,1.7,,124,2,122.6,0,0,0,0,,,,
RUE,2012,9,1,13,11.8,,,,,,,,950.3,,2.2,,117,1.6,115.8,0,0,0,0,,,,
RUE,2012,9,1,14,12.1,,,,,,,,950.4,,1.7,,81,0.7,80.4,0,0,0,0,,,,
RUE,2012,9,1,15,12.1,,,,,,,,950.5,,1.7,,29,0.1,28.9,0,0,0,0,,,,
RUE,2012,9,1,16,12.1,,,,,,,,950.6,,2.5,,26,0.1,25.9,0,0,0,0,,,,
RUE,2012,9,1,17,11.9,,,,,,,,950.7,,4.6,,5,0,5,0,0,0,0,,,,
RUE,2012,9,1,18,11.9,,,,,,,,950.9,,2.7,,0,0,0,0,0,0,0,,,,
RUE,2012,9,1,19,11.9,,,,,,,,951.1,,2.1,,0,0,0,0,0,0,0,,,,
RUE,2012,9,1,20,12,,,,,,,,951.3,,1.4,,0,0,0,0,0,0,0,,,,
RUE,2012,9,1,21,12.2,,,,,,,,951.3,,1.8,,0,0,0,0,0,0,0,,,,
RUE,2012,9,1,22,12.3,,,,,,,,951.4,,2.3,,0,0,0,0,0,0,0,,,,
RUE,2012,9,1,23,12.4,,,,,,,,951.3,,2.2,,0,0,0,0,0,0,0,,,,
RUE,2012,9,2,0,12.3,,,,,,,,951.1,,1.8,,0,0,0,0,0,0,0,,,,
RUE,2012,9,2,1,12.4,,,,,,,,950.9,,1.5,,0,0,0,0,0,0,0,,,,
RUE,2012,9,2,2,12.4,,,,,,,,950.7,,1.2,,0,0,0,0,0,0,0,,,,
RUE,2012,9,2,3,12.5,,,,,,,,950.5,,0.9,,0,0,0,0,0,0,0,,,,
RUE,2012,9,2,4,12.6,,,,,,,,950.4,,1.6,,0,0,0,0,0,0,0,,,,
RUE,2012,9,2,5,12.7,,,,,,,,950.5,,2.4,,3,0,0,0,0,0,0,,,,
RUE,2012,9,2,6,12.8,,,,,,,,950.6,,3.4,,31,0,0,0,0,0,0,,,,
RUE,2012,9,2,7,12.8,,,,,,,,950.5,,2.6,,33,0,0,0,0,0,0,,,,
RUE,2012,9,2,8,13.1,,,,,,,,950.9,,1.7,,48,4.1,47.2,0,0,0,0,,,,
RUE,2012,9,2,9,13.5,,,,,,,,951.3,,1.5,,85,3.7,83.7,0,0,0,0,,,,
RUE,2012,9,2,10,13.8,,,,,,,,951.5,,1.9,,142,5.2,139.4,0,0,0,0,,,,
RUE,2012,9,2,11,13.9,,,,,,,,951.6,,2,,200,7.1,195.5,0,0,0,0,,,,
RUE,2012,9,2,12,14.3,,,,,,,,951.9,,1.8,,205,5.4,201.1,0,0,0,0,,,,
RUE,2012,9,2,13,14.8,,,,,,,,951.9,,1.5,,218,5.5,213.8,0,0,0,0,,,,
RUE,2012,9,2,14,15.5,,,,,,,,951.8,,1.7,,334,31.7,309.8,0,0,0,0,,,,
RUE,2012,9,2,15,16.2,,,,,,,,951.9,,1.2,,326,38.7,298.3,0,0,0,0,,,,
RUE,2012,9,2,16,15.8,,,,,,,,952.3,,1.3,,112,2.1,110.7,0,0,0,0,,,,
RUE,2012,9,2,17,15.2,,,,,,,,952.3,,1.4,,16,0.1,16,0,0,0,0,,,,
RUE,2012,9,2,18,14.8,,,,,,,,952.7,,1.2,,1,0,1,0,0,0,0,,,,
RUE,2012,9,2,19,14.6,,,,,,,,953.3,,0.6,,0,0,0,0,0,0,0,,,,
RUE,2012,9,2,20,14.4,,,,,,,,953.3,,0.7,,0,0,0,0,0,0,0,,,,
RUE,2012,9,2,21,14.3,,,,,,,,953.3,,0.4,,0,0,0,0,0,0,0,,,,
RUE,2012,9,2,22,14.2,,,,,,,,953.1,,0.3,,0,0,0,0,0,0,0,,,,
RUE,2012,9,2,23,14,,,,,,,,953,,0.6,,0,0,0,0,0,0,0,,,,
RUE,2012,9,3,0,13.4,,,,,,,,952.5,,1.3,,0,0,0,0,0,0,0,,,,
RUE,2012,9,3,1,12.9,,,,,,,,952.2,,0.4,,0,0,0,0,0,0,0,,,,
RUE,2012,9,3,2,12.5,,,,,,,,951.9,,1.3,,0,0,0,0,0,0,0,,,,
RUE,2012,9,3,3,12.6,,,,,,,,951.5,,1,,0,0,0,0,0,0,0,,,,
RUE,2012,9,3,4,12.6,,,,,,,,951.1,,0.6,,0,0,0,0,0,0,0,,,,
RUE,2012,9,3,5,12.9,,,,,,,,951.4,,1.1,,6,0,0,0,0,0,0,,,,
RUE,2012,9,3,6,13.5,,,,,,,,951.3,,1.4,,34,0,0,0,0,0,0,,,,
RUE,2012,9,3,7,14,,,,,,,,951,,1.3,,84,0,0,0,0,0,0,,,,
RUE,2012,9,3,8,14.9,,,,,,,,950.7,,2,,216,948.8,35.6,0,0,0,0,,,,
RUE,2012,9,3,9,15.9,,,,,,,,950.5,,3.4,,343,743.7,76.8,0,0,0,0,,,,
RUE,2012,9,3,10,17,,,,,,,,950.4,,4,,428,521.4,163,0,0,0,0,,,,
RUE,2012,9,3,11,17.7,,,,,,,,950,,3.8,,436,257.4,273.7,0,0,0,0,,,,
RUE,2012,9,3,12,17.9,,,,,,,,949.9,,2.9,,323,36.6,296.8,0,0,0,0,,,,
RUE,2012,9,3,13,17.8,,,,,,,,949.6,,1.9,,222,5.7,217.7,0,0,0,0,,,,
RUE,2012,9,3,14,18,,,,,,,,949.4,,1.8,,297,18,283.3,0,0,0,0,,,,
RUE,2012,9,3,15,17.9,,,,,,,,949.3,,2,,191,4.8,187.6,0,0,0,0,,,,
RUE,2012,9,3,16,17.5,,,,,,,,949.1,,1.9,,89,1.4,88.1,0,0,0,0,,,,
RUE,2012,9,3,17,17,,,,,,,,949.1,,1.1,,22,0.1,21.9,0,0,0,0,,,,
RUE,2012,9,3,18,16.7,,,,,,,,949.3,,0.6,,2,0,2,0,0,0,0,,,,
RUE,2012,9,3,19,16.5,,,,,,,,949.7,,0.6,,0,0,0,0,0,0,0,,,,
RUE,2012,9,3,20,16.4,,,,,,,,949.8,,0.2,,0,0,0,0,0,0,0,,,,
RUE,2012,9,3,21,16.3,,,,,,,,949.7,,0.5,,0,0,0,0,0,0,0,,,,
RUE,2012,9,3,22,16.1,,,,,,,,949.7,,0.4,,0,0,0,0,0,0,0,,,,
RUE,2012,9,3,23,16,,,,,,,,949.5,,0.6,,0,0,0,0,0,0,0,,,,
RUE,2012,9,4,0,15.9,,,,,,,,949,,0.7,,0,0,0,0,0,0,0,,,,
RUE,2012,9,4,1,15.9,,,,,,,,948.5,,1.2,,0,0,0,0,0,0,0,,,,
RUE,2012,9,4,2,15.9,,,,,,,,948.3,,1.1,,0,0,0,0,0,0,0,,,,
RUE,2012,9,4,3,15.9,,,,,,,,948,,1.6,,0,0,0,0,0,0,0,,,,
RUE,2012,9,4,4,15.9,,,,,,,,948,,1,,0,0,0,0,0,0,0,,,,
RUE,2012,9,4,5,16,,,,,,,,948,,0.5,,4,0,0,0,0,0,0,,,,
RUE,2012,9,4,6,16,,,,,,,,948.2,,1.1,,26,0,0,0,0,0,0,,,,
RUE,2012,9,4,7,16,,,,,,,,948.4,,0.7,,52,0,0,0,0,0,0,,,,
RUE,2012,9,4,8,15.8,,,,,,,,948.5,,1.2,,124,219.8,83,0,0,0,0,,,,
RUE,2012,9,4,9,15.8,,,,,,,,948.6,,1,,101,5.4,99.1,0,0,0,0,,,,
RUE,2012,9,4,10,16.5,,,,,,,,948.5,,0.7,,242,49.6,217,0,0,0,0,,,,
RUE,2012,9,4,11,17.5,,,,,,,,948.1,,1.6,,412,209.3,280.8,0,0,0,0,,,,
RUE,2012,9,4,12,18,,,,,,,,948.2,,1.1,,332,43,301.4,0,0,0,0,,,,
RUE,2012,9,4,13,18.7,,,,,,,,948,,1.8,,346,39.4,316.2,0,0,0,0,,,,
RUE,2012,9,4,14,19.3,,,,,,,,947.8,,1.8,,353,44.2,319.7,0,0,0,0,,,,
RUE,2012,9,4,15,19.5,,,,,,,,947.5,,1.5,,346,55.2,307,0,0,0,0,,,,
RUE,2012,9,4,16,19.1,,,,,,,,947.5,,0.9,,129,2.9,127.2,0,0,0,0,,,,
RUE,2012,9,4,17,18.7,,,,,,,,947.4,,0.6,,41,0.5,40.8,0,0,0,0,,,,
RUE,2012,9,4,18,18.4,,,,,,,,947.9,,0.3,,2,0,2,0,0,0,0,,,,
RUE,2012,9,4,19,18.3,,,,,,,,948.3,,0.4,,0,0,0,0,0,0,0,,,,
RUE,2012,9,4,20,18.1,,,,,,,,948.1,,1.6,,0,0,0,0,0,0,0,,,,
RUE,2012,9,4,21,17.6,,,,,,,,948.2,,1,,0,0,0,0,0,0,0,,,,
RUE,2012,9,4,22,17,,,,,,,,948.2,,0.7,,0,0,0,0,0,0,0,,,,
RUE,2012,9,4,23,16.8,,,,,,,,948,,0.7,,0,0,0,0,0,0,0,,,,
RUE,2012,9,5,0,16,,,,,,,,947.7,,0.5,,0,0,0,0,0,0,0,,,,
RUE,2012,9,5,1,16,,,,,,,,947.5,,0.5,,0,0,0,0,0,0,0,,,,
RUE,2012,9,5,2,15.7,,,,,,,,947.4,,0.6,,0,0,0,0,0,0,0,,,,
RUE,2012,9,5,3,15.8,,,,,,,,947.2,,0.5,,0,0,0,0,0,0,0,,,,
RUE,2012,9,5,4,15.5,,,,,,,,947.2,,0.3,,0,0,0,0,0,0,0,,,,
RUE,2012,9,5,5,14.8,,,,,,,,947.4,,0.4,,11,0,0,0,0,0,0,,,,
RUE,2012,9,5,6,15,,,,,,,,947.8,,0.4,,75,0,0,0,0,0,0,,,,
RUE,2012,9,5,7,15.5,,,,,,,,948.1,,0.7,,146,0,0,0,0,0,0,,,,
RUE,2012,9,5,8,16.2,,,,,,,,948.4,,0.9,,167,659.9,46.4,0,0,0,0,,,,
RUE,2012,9,5,9,16.9,,,,,,,,948.6,,0.6,,253,302.7,146.8,0,0,0,0,,,,
RUE,2012,9,5,10,17.9,,,,,,,,948.6,,0.9,,358,291.8,211.8,0,0,0,0,,,,
RUE,2012,9,5,11,19.1,,,,,,,,948.4,,1,,569,658.8,158.4,0,0,0,0,,,,
RUE,2012,9,5,12,19.5,,,,,,,,948.3,,2.5,,265,14.3,254.9,0,0,0,0,,,,
RUE,2012,9,5,13,19.7,,,,,,,,948.3,,2.2,,356,46.6,321,0,0,0,0,,,,
RUE,2012,9,5,14,19.6,,,,,,,,948.3,,2.6,,381,66,331.6,0,0,0,0,,,,
RUE,2012,9,5,15,19.3,,,,,,,,948.3,,1.5,,177,4.3,174,0,0,0,0,,,,
RUE,2012,9,5,16,19,,,,,,,,948.3,,0.9,,99,1.8,97.9,0,0,0,0,,,,
RUE,2012,9,5,17,18.3,,,,,,,,948.4,,1,,36,0.4,35.8,0,0,0,0,,,,
RUE,2012,9,5,18,17.9,,,,,,,,949,,0.8,,3,0,3,0,0,0,0,,,,
RUE,2012,9,5,19,17.4,,,,,,,,949.7,,0.9,,0,0,0,0,0,0,0,,,,
RUE,2012,9,5,20,16.8,,,,,,,,950.1,,0.6,,0,0,0,0,0,0,0,,,,
RUE,2012,9,5,21,16.1,,,,,,,,950.6,,1.7,,0,0,0,0,0,0,0,,,,
RUE,2012,9,5,22,15.4,,,,,,,,951,,1.4,,0,0,0,0,0,0,0,,,,
RUE,2012,9,5,23,14.5,,,,,,,,951.1,,1.4,,0,0,0,0,0,0,0,,,,
RUE,2012,9,6,0,14.4,,,,,,,,951.2,,1,,0,0,0,0,0,0,0,,,,
RUE,2012,9,6,1,14.6,,,,,,,,951.4,,1,,0,0,0,0,0,0,0,,,,
RUE,2012,9,6,2,14.6,,,,,,,,951.5,,0.8,,0,0,0,0,0,0,0,,,,
RUE,2012,9,6,3,14.5,,,,,,,,951.7,,0.8,,0,0,0,0,0,0,0,,,,
RUE,2012,9,6,4,14.6,,,,,,,,952,,1.1,,0,0,0,0,0,0,0,,,,
RUE,2012,9,6,5,14.6,,,,,,,,952.5,,1.1,,2,0,0,0,0,0,0,,,,
RUE,2012,9,6,6,14.4,,,,,,,,952.9,,1.2,,22,0,0,0,0,0,0,,,,
RUE,2012,9,6,7,14.5,,,,,,,,953.2,,0.7,,62,0,0,0,0,0,0,,,,
RUE,2012,9,6,8,14.8,,,,,,,,953.5,,1.2,,100,102.3,81.7,0,0,0,0,,,,
RUE,2012,9,6,9,15,,,,,,,,953.9,,2.6,,160,40.6,145.9,0,0,0,0,,,,
RUE,2012,9,6,10,16.1,,,,,,,,954,,3.2,,395,428.5,181.9,0,0,0,0,,,,
RUE,2012,9,6,11,17.5,,,,,,,,953.8,,3.2,,730,984,120.5,0,0,0,0,,,,
RUE,2012,9,6,12,18.4,,,,,,,,953.6,,2.8,,830,983.3,137,0,0,0,0,,,,
RUE,2012,9,6,13,18.8,,,,,,,,953.4,,2.6,,603,451.8,265.3,0,0,0,0,,,,
RUE,2012,9,6,14,18.4,,,,,,,,953.2,,1.7,,276,13.7,265.8,0,0,0,0,,,,
RUE,2012,9,6,15,18.3,,,,,,,,953.2,,1.4,,183,4.6,179.8,0,0,0,0,,,,
RUE,2012,9,6,16,18.1,,,,,,,,953.2,,1.7,,103,1.9,101.8,0,0,0,0,,,,
RUE,2012,9,6,17,17.7,,,,,,,,953.4,,1,,53,0.8,52.6,0,0,0,0,,,,
RUE,2012,9,6,18,16.5,,,,,,,,953.6,,0.8,,3,0,3,0,0,0,0,,,,
RUE,2012,9,6,19,15.4,,,,,,,,954,,0.8,,0,0,0,0,0,0,0,,,,
RUE,2012,9,6,20,14.6,,,,,,,,954.2,,1.1,,0,0,0,0,0,0,0,,,,
RUE,2012,9,6,21,14.3,,,,,,,,954.2,,0.9,,0,0,0,0,0,0,0,,,,
RUE,2012,9,6,22,13.9,,,,,,,,954,,0.8,,0,0,0,0,0,0,0,,,,
RUE,2012,9,6,23,13.1,,,,,,,,953.8,,1,,0,0,0,0,0,0,0,,,,
RUE,2012,9,7,0,12.6,,,,,,,,953.9,,0.6,,0,0,0,0,0,0,0,,,,
RUE,2012,9,7,1,12.2,,,,,,,,953.8,,0.5,,0,0,0,0,0,0,0,,,,
RUE,2012,9,7,2,11.8,,,,,,,,953.9,,0.6,,0,0,0,0,0,0,0,,,,
RUE,2012,9,7,3,11.7,,,,,,,,953.9,,0.7,,0,0,0,0,0,0,0,,,,
RUE,2012,9,7,4,11.5,,,,,,,,953.8,,1,,0,0,0,0,0,0,0,,,,
RUE,2012,9,7,5,11.3,,,,,,,,953.9,,1,,21,0,0,0,0,0,0,,,,
RUE,2012,9,7,6,11.9,,,,,,,,954.2,,1.4,,152,0,0,0,0,0,0,,,,
RUE,2012,9,7,7,13.6,,,,,,,,954.3,,1.6,,328,0,0,0,0,0,0,,,,
RUE,2012,9,7,8,15.4,,,,,,,,954.5,,1.6,,501,2384.5,82.7,0,0,0,0,,,,
RUE,2012,9,7,9,17,,,,,,,,954.6,,1.3,,637,1548.8,105.1,0,0,0,0,,,,
RUE,2012,9,7,10,18.3,,,,,,,,954.4,,1.5,,739,1249.9,121.9,0,0,0,0,,,,
RUE,2012,9,7,11,18.9,,,,,,,,954.1,,1.1,,734,995.5,121.1,0,0,0,0,,,,
RUE,2012,9,7,12,20.1,,,,,,,,954,,1,,636,647.1,182.5,0,0,0,0,,,,
RUE,2012,9,7,13,20.7,,,,,,,,953.8,,1.2,,687,679,182.2,0,0,0,0,,,,
RUE,2012,9,7,14,21.1,,,,,,,,953.5,,1.5,,581,410.6,277,0,0,0,0,,,,
RUE,2012,9,7,15,20.9,,,,,,,,953.3,,1.4,,432,167.8,315.9,0,0,0,0,,,,
RUE,2012,9,7,16,20.5,,,,,,,,953.2,,1.2,,259,28.7,241.7,0,0,0,0,,,,
RUE,2012,9,7,17,19.5,,,,,,,,953.1,,0.9,,69,1.4,68.3,0,0,0,0,,,,
RUE,2012,9,7,18,17.6,,,,,,,,953.1,,0.7,,2,0,2,0,0,0,0,,,,
RUE,2012,9,7,19,16.6,,,,,,,,953.4,,0.8,,0,0,0,0,0,0,0,,,,
RUE,2012,9,7,20,16.2,,,,,,,,953.4,,1,,0,0,0,0,0,0,0,,,,
RUE,2012,9,7,21,15.8,,,,,,,,953.2,,1.3,,0,0,0,0,0,0,0,,,,
RUE,2012,9,7,22,15.4,,,,,,,,953,,1,,0,0,0,0,0,0,0,,,,
RUE,2012,9,7,23,14.9,,,,,,,,952.9,,1.1,,0,0,0,0,0,0,0,,,,
RUE,2012,9,8,0,14.2,,,,,,,,952.7,,1,,0,0,0,0,0,0,0,,,,
RUE,2012,9,8,1,14.2,,,,,,,,952.4,,0.5,,0,0,0,0,0,0,0,,,,
RUE,2012,9,8,2,13.2,,,,,,,,952.2,,0.8,,0,0,0,0,0,0,0,,,,
RUE,2012,9,8,3,12.9,,,,,,,,952,,1.6,,0,0,0,0,0,0,0,,,,
RUE,2012,9,8,4,12.6,,,,,,,,951.8,,1,,0,0,0,0,0,0,0,,,,
RUE,2012,9,8,5,12.6,,,,,,,,951.7,,1.4,,20,0,0,0,0,0,0,,,,
RUE,2012,9,8,6,13.6,,,,,,,,952,,1.7,,155,0,0,0,0,0,0,,,,
RUE,2012,9,8,7,15.5,,,,,,,,951.9,,1.5,,339,0,0,0,0,0,0,,,,
RUE,2012,9,8,8,17.2,,,,,,,,951.8,,1.6,,503,2445.7,83,0,0,0,0,,,,
RUE,2012,9,8,9,17.9,,,,,,,,951.8,,2.1,,633,1555.8,104.4,0,0,0,0,,,,
RUE,2012,9,8,10,18.9,,,,,,,,951.4,,1.5,,726,1237.2,119.8,0,0,0,0,,,,
RUE,2012,9,8,11,20.5,,,,,,,,951,,1.4,,761,1038.7,125.6,0,0,0,0,,,,
RUE,2012,9,8,12,21.3,,,,,,,,950.7,,1.4,,746,894.3,122.9,0,0,0,0,,,,
RUE,2012,9,8,13,22.5,,,,,,,,950.3,,2,,690,696.1,175.5,0,0,0,0,,,,
RUE,2012,9,8,14,22.7,,,,,,,,949.8,,2.4,,583,424,271,0,0,0,0,,,,
RUE,2012,9,8,15,22.6,,,,,,,,949.4,,2.4,,424,159.3,314.5,0,0,0,0,,,,
RUE,2012,9,8,16,22.2,,,,,,,,949.1,,1.5,,255,27.6,238.5,0,0,0,0,,,,
RUE,2012,9,8,17,21.2,,,,,,,,949,,1.2,,55,0.9,54.6,0,0,0,0,,,,
RUE,2012,9,8,18,19.6,,,,,,,,949,,1.5,,2,0,2,0,0,0,0,,,,
RUE,2012,9,8,19,18.4,,,,,,,,949.4,,1,,0,0,0,0,0,0,0,,,,
RUE,2012,9,8,20,17.2,,,,,,,,949.3,,1.5,,0,0,0,0,0,0,0,,,,
RUE,2012,9,8,21,17.6,,,,,,,,949.1,,1.4,,0,0,0,0,0,0,0,,,,
RUE,2012,9,8,22,16.8,,,,,,,,948.9,,1.6,,0,0,0,0,0,0,0,,,,
RUE,2012,9,8,23,16.3,,,,,,,,948.6,,1.8,,0,0,0,0,0,0,0,,,,
RUE,2012,9,9,0,16.2,,,,,,,,948.3,,1.8,,0,0,0,0,0,0,0,,,,
RUE,2012,9,9,1,15.5,,,,,,,,948,,1.9,,0,0,0,0,0,0,0,,,,
RUE,2012,9,9,2,14.9,,,,,,,,947.9,,1.6,,0,0,0,0,0,0,0,,,,
RUE,2012,9,9,3,14.5,,,,,,,,947.7,,2.3,,0,0,0,0,0,0,0,,,,
RUE,2012,9,9,4,14.1,,,,,,,,947.5,,2.1,,0,0,0,0,0,0,0,,,,
RUE,2012,9,9,5,13.8,,,,,,,,947.5,,1.7,,22,0,0,0,0,0,0,,,,
RUE,2012,9,9,6,14.8,,,,,,,,947.6,,1.5,,158,0,0,0,0,0,0,,,,
RUE,2012,9,9,7,16.6,,,,,,,,947.7,,1.3,,291,0,0,0,0,0,0,,,,
RUE,2012,9,9,8,18.3,,,,,,,,947.7,,2,,445,2211.7,73.4,0,0,0,0,,,,
RUE,2012,9,9,9,20,,,,,,,,947.8,,1.7,,541,1344.4,89.3,0,0,0,0,,,,
RUE,2012,9,9,10,21.7,,,,,,,,947.5,,1.7,,635,1090.6,104.8,0,0,0,0,,,,
RUE,2012,9,9,11,23.2,,,,,,,,947.3,,1.1,,720,989,118.8,0,0,0,0,,,,
RUE,2012,9,9,12,24.3,,,,,,,,946.9,,0.8,,708,841.8,124.9,0,0,0,0,,,,
RUE,2012,9,9,13,24.9,,,,,,,,946.6,,1.2,,649,598.6,209.1,0,0,0,0,,,,
RUE,2012,9,9,14,25.3,,,,,,,,946.3,,1.9,,532,310.8,304.7,0,0,0,0,,,,
RUE,2012,9,9,15,25,,,,,,,,946.1,,1.2,,373,92.3,310,0,0,0,0,,,,
RUE,2012,9,9,16,23.9,,,,,,,,946.2,,1.7,,205,10.1,199,0,0,0,0,,,,
RUE,2012,9,9,17,22.4,,,,,,,,946.2,,1,,32,0.3,31.9,0,0,0,0,,,,
RUE,2012,9,9,18,20.9,,,,,,,,946.3,,0.9,,1,0,1,0,0,0,0,,,,
RUE,2012,9,9,19,20.3,,,,,,,,946.7,,1,,0,0,0,0,0,0,0,,,,
RUE,2012,9,9,20,19.6,,,,,,,,947,,1,,0,0,0,0,0,0,0,,,,
RUE,2012,9,9,21,19.8,,,,,,,,947,,1.1,,0,0,0,0,0,0,0,,,,
RUE,2012,9,9,22,20.4,,,,,,,,947.1,,1.7,,0,0,0,0,0,0,0,,,,
RUE,2012,9,9,23,19.5,,,,,,,,947.2,,1.1,,0,0,0,0,0,0,0,,,,
RUE,2012,9,10,0,19.5,,,,,,,,947.1,,0.7,,0,0,0,0,0,0,0,,,,
RUE,2012,9,10,1,18.8,,,,,,,,947.2,,0.9,,0,0,0,0,0,0,0,,,,
RUE,2012,9,10,2,18.2,,,,,,,,947.2,,1.2,,0,0,0,0,0,0,0,,,,
RUE,2012,9,10,3,17.8,,,,,,,,947.2,,1.3,,0,0,0,0,0,0,0,,,,
RUE,2012,9,10,4,17.8,,,,,,,,947.3,,0.9,,0,0,0,0,0,0,0,,,,
RUE,2012,9,10,5,17,,,,,,,,947.6,,1.2,,10,0,0,0,0,0,0,,,,
RUE,2012,9,10,6,17.8,,,,,,,,948,,1.1,,109,0,0,0,0,0,0,,,,
RUE,2012,9,10,7,19.5,,,,,,,,948,,1,,307,0,0,0,0,0,0,,,,
RUE,2012,9,10,8,21.7,,,,,,,,948.2,,1.7,,472,2399.4,77.9,0,0,0,0,,,,
RUE,2012,9,10,9,23.1,,,,,,,,948.3,,2.3,,605,1520.4,99.8,0,0,0,0,,,,
RUE,2012,9,10,10,24,,,,,,,,948,,2.5,,699,1209.9,115.3,0,0,0,0,,,,
RUE,2012,9,10,11,24.6,,,,,,,,947.9,,2.3,,720,995.4,118.8,0,0,0,0,,,,
RUE,2012,9,10,12,25,,,,,,,,947.8,,2.4,,691,815.1,129.8,0,0,0,0,,,,
RUE,2012,9,10,13,25,,,,,,,,947.4,,1.9,,595,464.6,255.6,0,0,0,0,,,,
RUE,2012,9,10,14,25,,,,,,,,947,,1.4,,498,245.9,319.3,0,0,0,0,,,,
RUE,2012,9,10,15,24.5,,,,,,,,946.9,,1.1,,314,41.4,286,0,0,0,0,,,,
RUE,2012,9,10,16,23.9,,,,,,,,946.9,,0.8,,190,7.7,185.5,0,0,0,0,,,,
RUE,2012,9,10,17,22.3,,,,,,,,946.8,,1,,52,0.9,51.6,0,0,0,0,,,,
RUE,2012,9,10,18,20.9,,,,,,,,946.9,,1.1,,1,0,1,0,0,0,0,,,,
RUE,2012,9,10,19,20.4,,,,,,,,947.4,,1.2,,0,0,0,0,0,0,0,,,,
RUE,2012,9,10,20,20.3,,,,,,,,947.4,,1.3,,0,0,0,0,0,0,0,,,,
RUE,2012,9,10,21,19.7,,,,,,,,947.2,,1.3,,0,0,0,0,0,0,0,,,,
RUE,2012,9,10,22,19.8,,,,,,,,947.3,,1.7,,0,0,0,0,0,0,0,,,,
RUE,2012,9,10,23,20.5,,,,,,,,947,,1.8,,0,0,0,0,0,0,0,,,,
RUE,2012,9,11,0,19.3,,,,,,,,946.6,,1.2,,0,0,0,0,0,0,0,,,,
RUE,2012,9,11,1,18.8,,,,,,,,946.5,,0.7,,0,0,0,0,0,0,0,,,,
RUE,2012,9,11,2,18.6,,,,,,,,946.2,,0.2,,0,0,0,0,0,0,0,,,,
RUE,2012,9,11,3,17.9,,,,,,,,946,,1.1,,0,0,0,0,0,0,0,,,,
RUE,2012,9,11,4,17.6,,,,,,,,946,,1,,0,0,0,0,0,0,0,,,,
RUE,2012,9,11,5,17.2,,,,,,,,946.3,,0.6,,8,0,0,0,0,0,0,,,,
RUE,2012,9,11,6,18.5,,,,,,,,946.4,,1.3,,82,0,0,0,0,0,0,,,,
RUE,2012,9,11,7,20.1,,,,,,,,946.3,,1.2,,219,0,0,0,0,0,0,,,,
RUE,2012,9,11,8,20.9,,,,,,,,946.8,,1,,466,2424.4,76.9,0,0,0,0,,,,
RUE,2012,9,11,9,21.8,,,,,,,,946.8,,1.2,,502,1276,82.8,0,0,0,0,,,,
RUE,2012,9,11,10,22.2,,,,,,,,946.5,,2.2,,577,1006.8,95.2,0,0,0,0,,,,
RUE,2012,9,11,11,22.2,,,,,,,,946.2,,1.8,,614,843,108.2,0,0,0,0,,,,
RUE,2012,9,11,12,18,,,,,,,,946.5,,2.9,,112,1.8,110.8,0,0,0,0,,,,
RUE,2012,9,11,13,16.8,,,,,,,,946.2,,1.1,,126,2,124.5,0,0,0,0,,,,
RUE,2012,9,11,14,18,,,,,,,,945.4,,0.9,,180,4.1,177,0,0,0,0,,,,
RUE,2012,9,11,15,17.5,,,,,,,,945.2,,1.1,,126,2.3,124.4,0,0,0,0,,,,
RUE,2012,9,11,16,17.6,,,,,,,,945.6,,0.3,,41,0.3,40.8,0,0,0,0,,,,
RUE,2012,9,11,17,17.5,,,,,,,,945.6,,0.8,,5,0,5,0,0,0,0,,,,
RUE,2012,9,11,18,16.6,,,,,,,,945.8,,1.5,,0,0,0,0,0,0,0,,,,
RUE,2012,9,11,19,16.2,,,,,,,,946,,0.5,,0,0,0,0,0,0,0,,,,
RUE,2012,9,11,20,15.8,,,,,,,,946.1,,1,,0,0,0,0,0,0,0,,,,
RUE,2012,9,11,21,15.5,,,,,,,,945.8,,0.7,,0,0,0,0,0,0,0,,,,
RUE,2012,9,11,22,15,,,,,,,,945.5,,1.9,,0,0,0,0,0,0,0,,,,
RUE,2012,9,11,23,14.7,,,,,,,,945.3,,2,,0,0,0,0,0,0,0,,,,
RUE,2012,9,12,0,14.6,,,,,,,,944.9,,1.3,,0,0,0,0,0,0,0,,,,
RUE,2012,9,12,1,14.5,,,,,,,,944.5,,1.1,,0,0,0,0,0,0,0,,,,
RUE,2012,9,12,2,14.5,,,,,,,,944.3,,2.4,,0,0,0,0,0,0,0,,,,
RUE,2012,9,12,3,13.3,,,,,,,,944.2,,3.2,,0,0,0,0,0,0,0,,,,
RUE,2012,9,12,4,12.2,,,,,,,,944.1,,2.6,,0,0,0,0,0,0,0,,,,
RUE,2012,9,12,5,11.3,,,,,,,,944.6,,2.5,,1,0,0,0,0,0,0,,,,
RUE,2012,9,12,6,10.6,,,,,,,,944.9,,2.6,,11,0,0,0,0,0,0,,,,
RUE,2012,9,12,7,10,,,,,,,,945.5,,1.6,,29,0,0,0,0,0,0,,,,
RUE,2012,9,12,8,10.1,,,,,,,,946.2,,1.4,,52,8.4,50.7,0,0,0,0,,,,
RUE,2012,9,12,9,10.2,,,,,,,,946.9,,1.6,,70,3.1,69,0,0,0,0,,,,
RUE,2012,9,12,10,10.1,,,,,,,,947,,2,,79,1.8,78.1,0,0,0,0,,,,
RUE,2012,9,12,11,10,,,,,,,,946.2,,2.6,,150,4.2,147.5,0,0,0,0,,,,
RUE,2012,9,12,12,9.9,,,,,,,,945.4,,3.4,,157,3.6,154.6,0,0,0,0,,,,
RUE,2012,9,12,13,10,,,,,,,,945,,3.7,,157,3.2,154.7,0,0,0,0,,,,
RUE,2012,9,12,14,10.2,,,,,,,,944.7,,2.5,,97,1.2,96.1,0,0,0,0,,,,
RUE,2012,9,12,15,9.9,,,,,,,,944.5,,3.9,,63,0.6,62.6,0,0,0,0,,,,
RUE,2012,9,12,16,8.3,,,,,,,,945.2,,1.5,,20,0.1,20,0,0,0,0,,,,
RUE,2012,9,12,17,8.4,,,,,,,,944.9,,2.2,,6,0,6,0,0,0,0,,,,
RUE,2012,9,12,18,8.3,,,,,,,,945.1,,0.8,,0,0,0,0,0,0,0,,,,
RUE,2012,9,12,19,8.3,,,,,,,,945.5,,1.3,,0,0,0,0,0,0,0,,,,
RUE,2012,9,12,20,8.1,,,,,,,,945.1,,1,,0,0,0,0,0,0,0,,,,
RUE,2012,9,12,21,8,,,,,,,,944.9,,0.5,,0,0,0,0,0,0,0,,,,
RUE,2012,9,12,22,8.3,,,,,,,,944.7,,0.2,,0,0,0,0,0,0,0,,,,
RUE,2012,9,12,23,8.3,,,,,,,,944.7,,0.3,,0,0,0,0,0,0,0,,,,
RUE,2012,9,13,0,8.2,,,,,,,,944.5,,0.9,,0,0,0,0,0,0,0,,,,
RUE,2012,9,13,1,8,,,,,,,,944.3,,0.6,,0,0,0,0,0,0,0,,,,
RUE,2012,9,13,2,7.9,,,,,,,,944.5,,0.4,,0,0,0,0,0,0,0,,,,
RUE,2012,9,13,3,8,,,,,,,,944.6,,0.7,,0,0,0,0,0,0,0,,,,
RUE,2012,9,13,4,7.8,,,,,,,,944.6,,0.4,,0,0,0,0,0,0,0,,,,
RUE,2012,9,13,5,7.8,,,,,,,,944.5,,0.6,,7,0,0,0,0,0,0,,,,
RUE,2012,9,13,6,8.1,,,,,,,,944.6,,0.5,,65,0,0,0,0,0,0,,,,
RUE,2012,9,13,7,9,,,,,,,,944.5,,0.9,,169,0,0,0,0,0,0,,,,
RUE,2012,9,13,8,9.9,,,,,,,,944.8,,0.7,,420,2293.2,69.3,0,0,0,0,,,,
RUE,2012,9,13,9,10.6,,,,,,,,945.2,,0.8,,408,1061.7,67.3,0,0,0,0,,,,
RUE,2012,9,13,10,11.3,,,,,,,,945.5,,1.2,,466,792.6,92.9,0,0,0,0,,,,
RUE,2012,9,13,11,12,,,,,,,,945.7,,1,,505,537.2,187,0,0,0,0,,,,
RUE,2012,9,13,12,12.1,,,,,,,,945.8,,1.2,,384,109.3,310.1,0,0,0,0,,,,
RUE,2012,9,13,13,12.5,,,,,,,,945.8,,1,,320,34,295.6,0,0,0,0,,,,
RUE,2012,9,13,14,12.7,,,,,,,,945.9,,0.8,,372,73.7,319.5,0,0,0,0,,,,
RUE,2012,9,13,15,12.6,,,,,,,,946.2,,0.9,,136,2.8,134.1,0,0,0,0,,,,
RUE,2012,9,13,16,12.1,,,,,,,,946.6,,0.8,,49,0.5,48.7,0,0,0,0,,,,
RUE,2012,9,13,17,11,,,,,,,,946.9,,1.7,,9,0,9,0,0,0,0,,,,
RUE,2012,9,13,18,10,,,,,,,,947.4,,1.4,,0,0,0,0,0,0,0,,,,
RUE,2012,9,13,19,9.3,,,,,,,,947.9,,0.8,,0,0,0,0,0,0,0,,,,
RUE,2012,9,13,20,8.5,,,,,,,,948.1,,0.8,,0,0,0,0,0,0,0,,,,
RUE,2012,9,13,21,8.6,,,,,,,,948.1,,0.3,,0,0,0,0,0,0,0,,,,
RUE,2012,9,13,22,8.3,,,,,,,,948.1,,0.5,,0,0,0,0,0,0,0,,,,
RUE,2012,9,13,23,7.7,,,,,,,,947.9,,0.8,,0,0,0,0,0,0,0,,,,
RUE,2012,9,14,0,7.5,,,,,,,,947.8,,1.4,,0,0,0,0,0,0,0,,,,
RUE,2012,9,14,1,7,,,,,,,,947.4,,1.3,,0,0,0,0,0,0,0,,,,
RUE,2012,9,14,2,6.7,,,,,,,,947.4,,0.9,,0,0,0,0,0,0,0,,,,
RUE,2012,9,14,3,6.8,,,,,,,,947.5,,0.7,,0,0,0,0,0,0,0,,,,
RUE,2012,9,14,4,6.3,,,,,,,,947.7,,0.5,,0,0,0,0,0,0,0,,,,
RUE,2012,9,14,5,6.5,,,,,,,,947.9,,1,,14,0,0,0,0,0,0,,,,
RUE,2012,9,14,6,7.7,,,,,,,,947.7,,1.7,,97,0,0,0,0,0,0,,,,
RUE,2012,9,14,7,9.2,,,,,,,,947.6,,1.6,,142,0,0,0,0,0,0,,,,
RUE,2012,9,14,8,10.9,,,,,,,,947.6,,1.7,,473,2648.6,78,0,0,0,0,,,,
RUE,2012,9,14,9,12.1,,,,,,,,947.5,,1.2,,612,1612,101,0,0,0,0,,,,
RUE,2012,9,14,10,13,,,,,,,,947.1,,0.6,,701,1253.8,115.7,0,0,0,0,,,,
RUE,2012,9,14,11,14.1,,,,,,,,946.8,,1.2,,734,1042.6,121.1,0,0,0,0,,,,
RUE,2012,9,14,12,15.2,,,,,,,,946.4,,1.3,,720,895.5,118.5,0,0,0,0,,,,
RUE,2012,9,14,13,15.9,,,,,,,,946,,1.6,,655,665.6,180.7,0,0,0,0,,,,
RUE,2012,9,14,14,16.1,,,,,,,,945.3,,1.5,,536,358.5,282.3,0,0,0,0,,,,
RUE,2012,9,14,15,16.4,,,,,,,,944.9,,1.6,,383,122.4,302.5,0,0,0,0,,,,
RUE,2012,9,14,16,15.9,,,,,,,,944.8,,2.2,,173,6.4,169.4,0,0,0,0,,,,
RUE,2012,9,14,17,14.7,,,,,,,,944.9,,1.8,,31,0.3,30.9,0,0,0,0,,,,
RUE,2012,9,14,18,13.4,,,,,,,,945.4,,1.8,,0,0,0,0,0,0,0,,,,
RUE,2012,9,14,19,12.6,,,,,,,,945.9,,0.9,,0,0,0,0,0,0,0,,,,
RUE,2012,9,14,20,12.1,,,,,,,,946,,1.2,,0,0,0,0,0,0,0,,,,
RUE,2012,9,14,21,12.1,,,,,,,,946.1,,1.2,,0,0,0,0,0,0,0,,,,
RUE,2012,9,14,22,12.4,,,,,,,,946.1,,1.5,,0,0,0,0,0,0,0,,,,
RUE,2012,9,14,23,12.4,,,,,,,,946.4,,2.5,,0,0,0,0,0,0,0,,,,
RUE,2012,9,15,0,12.3,,,,,,,,946.6,,1.4,,0,0,0,0,0,0,0,,,,
RUE,2012,9,15,1,12.3,,,,,,,,946.4,,1.6,,0,0,0,0,0,0,0,,,,
RUE,2012,9,15,2,12.3,,,,,,,,946.4,,1.6,,0,0,0,0,0,0,0,,,,
RUE,2012,9,15,3,12,,,,,,,,946.3,,0.9,,0,0,0,0,0,0,0,,,,
RUE,2012,9,15,4,11.7,,,,,,,,946.4,,0.6,,0,0,0,0,0,0,0,,,,
RUE,2012,9,15,5,11.6,,,,,,,,946.9,,0.3,,3,0,0,0,0,0,0,,,,
RUE,2012,9,15,6,11.7,,,,,,,,947.3,,0.4,,59,0,0,0,0,0,0,,,,
RUE,2012,9,15,7,12.4,,,,,,,,947.6,,0.6,,163,0,0,0,0,0,0,,,,
RUE,2012,9,15,8,13,,,,,,,,948.1,,1.5,,253,1454,41.7,0,0,0,0,,,,
RUE,2012,9,15,9,13.6,,,,,,,,948.3,,1.6,,339,903.9,55.9,0,0,0,0,,,,
RUE,2012,9,15,10,13.8,,,,,,,,948.2,,1.6,,328,278.4,199.2,0,0,0,0,,,,
RUE,2012,9,15,11,15.1,,,,,,,,948,,1.9,,640,915.5,105.6,0,0,0,0,,,,
RUE,2012,9,15,12,15.2,,,,,,,,947.6,,1.7,,597,617.3,185.1,0,0,0,0,,,,
RUE,2012,9,15,13,15.2,,,,,,,,947.4,,1.9,,399,105,324.6,0,0,0,0,,,,
RUE,2012,9,15,14,15.5,,,,,,,,947.1,,1.6,,234,8.5,228,0,0,0,0,,,,
RUE,2012,9,15,15,15.6,,,,,,,,947,,1.9,,306,43.5,277.6,0,0,0,0,,,,
RUE,2012,9,15,16,15.7,,,,,,,,947,,1.7,,236,25.4,221.8,0,0,0,0,,,,
RUE,2012,9,15,17,14.3,,,,,,,,947.1,,0.9,,32,0.4,31.8,0,0,0,0,,,,
RUE,2012,9,15,18,13.7,,,,,,,,947.2,,0.5,,0,0,0,0,0,0,0,,,,
RUE,2012,9,15,19,12.8,,,,,,,,947.5,,0.6,,0,0,0,0,0,0,0,,,,
RUE,2012,9,15,20,12.3,,,,,,,,947.5,,0.6,,0,0,0,0,0,0,0,,,,
RUE,2012,9,15,21,11.7,,,,,,,,947.4,,0.9,,0,0,0,0,0,0,0,,,,
RUE,2012,9,15,22,11.2,,,,,,,,947.2,,1.2,,0,0,0,0,0,0,0,,,,
RUE,2012,9,15,23,11.2,,,,,,,,947.2,,1.2,,0,0,0,0,0,0,0,,,,
RUE,2012,9,16,0,10.9,,,,,,,,947.1,,0.7,,0,0,0,0,0,0,0,,,,
RUE,2012,9,16,1,10.9,,,,,,,,946.9,,0.6,,0,0,0,0,0,0,0,,,,
RUE,2012,9,16,2,10.7,,,,,,,,946.8,,1.3,,0,0,0,0,0,0,0,,,,
RUE,2012,9,16,3,10.5,,,,,,,,946.5,,1.3,,0,0,0,0,0,0,0,,,,
RUE,2012,9,16,4,10,,,,,,,,946.5,,1.3,,0,0,0,0,0,0,0,,,,
RUE,2012,9,16,5,9.8,,,,,,,,946.6,,0.9,,10,0,0,0,0,0,0,,,,
RUE,2012,9,16,6,10.5,,,,,,,,946.5,,0.8,,125,0,0,0,0,0,0,,,,
RUE,2012,9,16,7,12.1,,,,,,,,946.4,,1.8,,303,0,0,0,0,0,0,,,,
RUE,2012,9,16,8,13.5,,,,,,,,946.5,,1.8,,469,2768.4,77.4,0,0,0,0,,,,
RUE,2012,9,16,9,14.5,,,,,,,,946.4,,2.3,,600,1620.1,99,0,0,0,0,,,,
RUE,2012,9,16,10,16,,,,,,,,946,,2.4,,687,1250.1,113.4,0,0,0,0,,,,
RUE,2012,9,16,11,17,,,,,,,,945.6,,2.5,,722,1040.3,119.1,0,0,0,0,,,,
RUE,2012,9,16,12,18,,,,,,,,945.2,,1.6,,702,883.7,116.2,0,0,0,0,,,,
RUE,2012,9,16,13,19,,,,,,,,944.8,,1.3,,638,641,187.2,0,0,0,0,,,,
RUE,2012,9,16,14,19.2,,,,,,,,944.4,,1.3,,516,327,287.8,0,0,0,0,,,,
RUE,2012,9,16,15,19.2,,,,,,,,944.2,,1.1,,337,72.4,290.1,0,0,0,0,,,,
RUE,2012,9,16,16,18.9,,,,,,,,944,,1.5,,183,8.2,178.5,0,0,0,0,,,,
RUE,2012,9,16,17,17.7,,,,,,,,944.1,,1.3,,23,0.2,22.9,0,0,0,0,,,,
RUE,2012,9,16,18,16.3,,,,,,,,944.2,,2.1,,0,0,0,0,0,0,0,,,,
RUE,2012,9,16,19,15.4,,,,,,,,944.2,,1.6,,0,0,0,0,0,0,0,,,,
RUE,2012,9,16,20,15.7,,,,,,,,944.1,,1.2,,0,0,0,0,0,0,0,,,,
RUE,2012,9,16,21,14.9,,,,,,,,944.2,,1.2,,0,0,0,0,0,0,0,,,,
RUE,2012,9,16,22,15,,,,,,,,944.1,,1.5,,0,0,0,0,0,0,0,,,,
RUE,2012,9,16,23,15.3,,,,,,,,944,,1.3,,0,0,0,0,0,0,0,,,,
RUE,2012,9,17,0,15.2,,,,,,,,944.1,,0.4,,0,0,0,0,0,0,0,,,,
RUE,2012,9,17,1,14.7,,,,,,,,944.3,,0.7,,0,0,0,0,0,0,0,,,,
RUE,2012,9,17,2,13.9,,,,,,,,944.6,,1.3,,0,0,0,0,0,0,0,,,,
RUE,2012,9,17,3,13.6,,,,,,,,944.6,,1,,0,0,0,0,0,0,0,,,,
RUE,2012,9,17,4,13.9,,,,,,,,944.6,,1.3,,0,0,0,0,0,0,0,,,,
RUE,2012,9,17,5,13.9,,,,,,,,944.7,,1,,10,0,0,0,0,0,0,,,,
RUE,2012,9,17,6,13.9,,,,,,,,945,,0.6,,77,0,0,0,0,0,0,,,,
RUE,2012,9,17,7,15,,,,,,,,945.2,,0.4,,130,0,0,0,0,0,0,,,,
RUE,2012,9,17,8,16.5,,,,,,,,945.7,,0.6,,322,1953.9,53.1,0,0,0,0,,,,
RUE,2012,9,17,9,17.4,,,,,,,,946.2,,1.2,,485,1326.4,80,0,0,0,0,,,,
RUE,2012,9,17,10,18.6,,,,,,,,946,,1,,695,1275.9,114.7,0,0,0,0,,,,
RUE,2012,9,17,11,19.2,,,,,,,,945.7,,1,,591,846.4,104,0,0,0,0,,,,
RUE,2012,9,17,12,19.9,,,,,,,,945.5,,0.8,,653,793.7,130.4,0,0,0,0,,,,
RUE,2012,9,17,13,19.7,,,,,,,,945.3,,1.9,,458,202.8,316.3,0,0,0,0,,,,
RUE,2012,9,17,14,19.7,,,,,,,,945,,1.4,,374,85.6,314.7,0,0,0,0,,,,
RUE,2012,9,17,15,19.5,,,,,,,,944.9,,1.1,,247,16.1,236.7,0,0,0,0,,,,
RUE,2012,9,17,16,18.9,,,,,,,,944.9,,1.2,,142,4.5,139.6,0,0,0,0,,,,
RUE,2012,9,17,17,18.1,,,,,,,,944.9,,0.7,,31,0.4,30.8,0,0,0,0,,,,
RUE,2012,9,17,18,16.9,,,,,,,,945,,1.6,,0,0,0,0,0,0,0,,,,
RUE,2012,9,17,19,16.1,,,,,,,,945.2,,1.4,,0,0,0,0,0,0,0,,,,
RUE,2012,9,17,20,15.7,,,,,,,,945.4,,0.7,,0,0,0,0,0,0,0,,,,
RUE,2012,9,17,21,15.5,,,,,,,,945.3,,1.1,,0,0,0,0,0,0,0,,,,
RUE,2012,9,17,22,15.7,,,,,,,,945,,1.8,,0,0,0,0,0,0,0,,,,
RUE,2012,9,17,23,15.6,,,,,,,,944.7,,1.6,,0,0,0,0,0,0,0,,,,
RUE,2012,9,18,0,15.6,,,,,,,,944.4,,0.8,,0,0,0,0,0,0,0,,,,
RUE,2012,9,18,1,14.9,,,,,,,,944.3,,0.6,,0,0,0,0,0,0,0,,,,
RUE,2012,9,18,2,14.9,,,,,,,,944.1,,1,,0,0,0,0,0,0,0,,,,
RUE,2012,9,18,3,14.5,,,,,,,,944,,0.8,,0,0,0,0,0,0,0,,,,
RUE,2012,9,18,4,14,,,,,,,,943.9,,0.7,,0,0,0,0,0,0,0,,,,
RUE,2012,9,18,5,14,,,,,,,,943.9,,1,,8,0,0,0,0,0,0,,,,
RUE,2012,9,18,6,14.5,,,,,,,,943.9,,0.9,,119,0,0,0,0,0,0,,,,
RUE,2012,9,18,7,16.7,,,,,,,,943.8,,0.9,,297,0,0,0,0,0,0,,,,
RUE,2012,9,18,8,18.5,,,,,,,,943.9,,1.1,,457,2853.2,75.4,0,0,0,0,,,,
RUE,2012,9,18,9,19.7,,,,,,,,943.8,,0.9,,583,1615.2,96.2,0,0,0,0,,,,
RUE,2012,9,18,10,20.2,,,,,,,,943.4,,1.6,,574,1063.3,94.7,0,0,0,0,,,,
RUE,2012,9,18,11,20.7,,,,,,,,943.2,,0.9,,577,822.2,107.4,0,0,0,0,,,,
RUE,2012,9,18,12,20.8,,,,,,,,942.9,,0.9,,440,225.2,292.7,0,0,0,0,,,,
RUE,2012,9,18,13,20.5,,,,,,,,942.6,,1.5,,278,19.5,264.5,0,0,0,0,,,,
RUE,2012,9,18,14,20.1,,,,,,,,942.5,,1.8,,198,5.5,194.2,0,0,0,0,,,,
RUE,2012,9,18,15,19.3,,,,,,,,942.8,,2.3,,80,1.1,79.3,0,0,0,0,,,,
RUE,2012,9,18,16,18.4,,,,,,,,942.9,,1.5,,29,0.2,28.9,0,0,0,0,,,,
RUE,2012,9,18,17,17.9,,,,,,,,943.1,,0.5,,6,0,6,0,0,0,0,,,,
RUE,2012,9,18,18,16.8,,,,,,,,943.3,,1.5,,0,0,0,0,0,0,0,,,,
RUE,2012,9,18,19,15.3,,,,,,,,943.8,,2.3,,0,0,0,0,0,0,0,,,,
RUE,2012,9,18,20,14.7,,,,,,,,944,,1.7,,0,0,0,0,0,0,0,,,,
RUE,2012,9,18,21,14.2,,,,,,,,944.2,,2.2,,0,0,0,0,0,0,0,,,,
RUE,2012,9,18,22,13.8,,,,,,,,944.4,,1.5,,0,0,0,0,0,0,0,,,,
RUE,2012,9,18,23,13.3,,,,,,,,944.4,,1.5,,0,0,0,0,0,0,0,,,,
RUE,2012,9,19,0,13,,,,,,,,944.4,,1.7,,0,0,0,0,0,0,0,,,,
RUE,2012,9,19,1,12.3,,,,,,,,944.7,,2,,0,0,0,0,0,0,0,,,,
RUE,2012,9,19,2,11.7,,,,,,,,944.7,,1.8,,0,0,0,0,0,0,0,,,,
RUE,2012,9,19,3,10.6,,,,,,,,945.1,,2.9,,0,0,0,0,0,0,0,,,,
RUE,2012,9,19,4,9.9,,,,,,,,945.7,,2.2,,0,0,0,0,0,0,0,,,,
RUE,2012,9,19,5,9.6,,,,,,,,946.3,,2.3,,0,0,0,0,0,0,0,,,,
RUE,2012,9,19,6,9.6,,,,,,,,946.7,,2,,11,0,0,0,0,0,0,,,,
RUE,2012,9,19,7,9.8,,,,,,,,947.4,,2,,37,0,0,0,0,0,0,,,,
RUE,2012,9,19,8,10.1,,,,,,,,948,,1,,51,17.6,48.7,0,0,0,0,,,,
RUE,2012,9,19,9,10.6,,,,,,,,948.6,,1.1,,124,23.8,116.9,0,0,0,0,,,,
RUE,2012,9,19,10,10.2,,,,,,,,949,,1.8,,59,1.2,58.5,0,0,0,0,,,,
RUE,2012,9,19,11,11.2,,,,,,,,949.2,,1.3,,412,305,239.1,0,0,0,0,,,,
RUE,2012,9,19,12,11.9,,,,,,,,949.1,,1.9,,331,64.8,288.9,0,0,0,0,,,,
RUE,2012,9,19,13,13.5,,,,,,,,949,,3.1,,562,461.1,244.3,0,0,0,0,,,,
RUE,2012,9,19,14,12.9,,,,,,,,949.3,,3.2,,382,100.7,313.2,0,0,0,0,,,,
RUE,2012,9,19,15,13,,,,,,,,949.5,,2.2,,289,38.2,264.9,0,0,0,0,,,,
RUE,2012,9,19,16,11.7,,,,,,,,949.8,,1.5,,75,1.3,74.3,0,0,0,0,,,,
RUE,2012,9,19,17,11.1,,,,,,,,950,,1.5,,18,0.1,17.9,0,0,0,0,,,,
RUE,2012,9,19,18,10.5,,,,,,,,950.4,,1.2,,0,0,0,0,0,0,0,,,,
RUE,2012,9,19,19,10.3,,,,,,,,951,,0.8,,0,0,0,0,0,0,0,,,,
RUE,2012,9,19,20,9.3,,,,,,,,951.5,,0.5,,0,0,0,0,0,0,0,,,,
RUE,2012,9,19,21,8.8,,,,,,,,951.8,,0.8,,0,0,0,0,0,0,0,,,,
RUE,2012,9,19,22,8.2,,,,,,,,952,,0.5,,0,0,0,0,0,0,0,,,,
RUE,2012,9,19,23,7.5,,,,,,,,952.3,,0.5,,0,0,0,0,0,0,0,,,,
RUE,2012,9,20,0,7.3,,,,,,,,952.5,,0.2,,0,0,0,0,0,0,0,,,,
RUE,2012,9,20,1,6.7,,,,,,,,952.3,,0.6,,0,0,0,0,0,0,0,,,,
RUE,2012,9,20,2,6.4,,,,,,,,952.1,,0.4,,0,0,0,0,0,0,0,,,,
RUE,2012,9,20,3,6.1,,,,,,,,951.9,,0.6,,0,0,0,0,0,0,0,,,,
RUE,2012,9,20,4,5.7,,,,,,,,951.5,,0.9,,0,0,0,0,0,0,0,,,,
RUE,2012,9,20,5,5.8,,,,,,,,951.6,,0.7,,6,0,0,0,0,0,0,,,,
RUE,2012,9,20,6,5.8,,,,,,,,951.7,,1,,115,0,0,0,0,0,0,,,,
RUE,2012,9,20,7,7.5,,,,,,,,951.8,,2.2,,300,0,0,0,0,0,0,,,,
RUE,2012,9,20,8,9.1,,,,,,,,951.9,,3.8,,485,3214.6,80,0,0,0,0,,,,
RUE,2012,9,20,9,10.9,,,,,,,,951.7,,3.2,,590,1679,97.4,0,0,0,0,,,,
RUE,2012,9,20,10,12.3,,,,,,,,951.8,,2.6,,668,1260.4,110.2,0,0,0,0,,,,
RUE,2012,9,20,11,13.3,,,,,,,,951.6,,4.1,,717,1064.3,118.3,0,0,0,0,,,,
RUE,2012,9,20,12,13.9,,,,,,,,951.2,,3,,701,907.5,115.7,0,0,0,0,,,,
RUE,2012,9,20,13,14.1,,,,,,,,950.8,,2.4,,609,604.9,195.1,0,0,0,0,,,,
RUE,2012,9,20,14,14.3,,,,,,,,950.5,,1.8,,489,296,288.4,0,0,0,0,,,,
RUE,2012,9,20,15,14.1,,,,,,,,950.1,,2.1,,306,52.8,272.9,0,0,0,0,,,,
RUE,2012,9,20,16,13.3,,,,,,,,949.9,,1.5,,140,4.6,137.6,0,0,0,0,,,,
RUE,2012,9,20,17,12.1,,,,,,,,950,,1.4,,14,0.1,14,0,0,0,0,,,,
RUE,2012,9,20,18,10.9,,,,,,,,950.2,,1.2,,0,0,0,0,0,0,0,,,,
RUE,2012,9,20,19,10.7,,,,,,,,950.3,,1.3,,0,0,0,0,0,0,0,,,,
RUE,2012,9,20,20,10.4,,,,,,,,950.2,,1.2,,0,0,0,0,0,0,0,,,,
RUE,2012,9,20,21,9.8,,,,,,,,950.2,,1.4,,0,0,0,0,0,0,0,,,,
RUE,2012,9,20,22,10.3,,,,,,,,949.8,,2.2,,0,0,0,0,0,0,0,,,,
RUE,2012,9,20,23,10,,,,,,,,949.4,,1.4,,0,0,0,0,0,0,0,,,,
RUE,2012,9,21,0,8.4,,,,,,,,949.3,,2.2,,0,0,0,0,0,0,0,,,,
RUE,2012,9,21,1,8.7,,,,,,,,949,,2,,0,0,0,0,0,0,0,,,,
RUE,2012,9,21,2,9.7,,,,,,,,948.8,,2.5,,0,0,0,0,0,0,0,,,,
RUE,2012,9,21,3,8.4,,,,,,,,948.5,,1.6,,0,0,0,0,0,0,0,,,,
RUE,2012,9,21,4,9.6,,,,,,,,948.1,,1.3,,0,0,0,0,0,0,0,,,,
RUE,2012,9,21,5,9.1,,,,,,,,948,,1.3,,6,0,0,0,0,0,0,,,,
RUE,2012,9,21,6,10.3,,,,,,,,947.8,,1,,98,0,0,0,0,0,0,,,,
RUE,2012,9,21,7,12.7,,,,,,,,947.9,,1.1,,271,0,0,0,0,0,0,,,,
RUE,2012,9,21,8,14.7,,,,,,,,948,,1.4,,437,2988.9,72.1,0,0,0,0,,,,
RUE,2012,9,21,9,15.9,,,,,,,,947.9,,1.8,,571,1647.4,94.2,0,0,0,0,,,,
RUE,2012,9,21,10,16.1,,,,,,,,947.4,,3.7,,662,1260.9,109.2,0,0,0,0,,,,
RUE,2012,9,21,11,17.1,,,,,,,,946.8,,4.2,,698,1044.2,115.2,0,0,0,0,,,,
RUE,2012,9,21,12,18.2,,,,,,,,946,,4.4,,673,874.6,112.9,0,0,0,0,,,,
RUE,2012,9,21,13,19.1,,,,,,,,945.2,,4.4,,608,613.8,190.9,0,0,0,0,,,,
RUE,2012,9,21,14,20,,,,,,,,944.3,,4.5,,490,306.6,283.7,0,0,0,0,,,,
RUE,2012,9,21,15,20.2,,,,,,,,943.5,,5.5,,343,94.9,284.1,0,0,0,0,,,,
RUE,2012,9,21,16,19.5,,,,,,,,943.2,,4.5,,88,1.9,87,0,0,0,0,,,,
RUE,2012,9,21,17,18.9,,,,,,,,942.8,,1.9,,20,0.2,19.9,0,0,0,0,,,,
RUE,2012,9,21,18,17.2,,,,,,,,943.8,,1.9,,0,0,0,0,0,0,0,,,,
RUE,2012,9,21,19,15.4,,,,,,,,943.5,,1,,0,0,0,0,0,0,0,,,,
RUE,2012,9,21,20,15,,,,,,,,942.9,,1.7,,0,0,0,0,0,0,0,,,,
RUE,2012,9,21,21,15.1,,,,,,,,942.5,,2.8,,0,0,0,0,0,0,0,,,,
RUE,2012,9,21,22,15.7,,,,,,,,942.2,,2.8,,0,0,0,0,0,0,0,,,,
RUE,2012,9,21,23,14.8,,,,,,,,943,,1.6,,0,0,0,0,0,0,0,,,,
RUE,2012,9,22,0,14.6,,,,,,,,942.8,,0.6,,0,0,0,0,0,0,0,,,,
RUE,2012,9,22,1,14.5,,,,,,,,942.9,,0.8,,0,0,0,0,0,0,0,,,,
RUE,2012,9,22,2,14.4,,,,,,,,942.8,,0.7,,0,0,0,0,0,0,0,,,,
RUE,2012,9,22,3,14.3,,,,,,,,943,,1.2,,0,0,0,0,0,0,0,,,,
RUE,2012,9,22,4,14.2,,,,,,,,943.2,,0.5,,0,0,0,0,0,0,0,,,,
RUE,2012,9,22,5,14,,,,,,,,943.6,,0.6,,2,0,0,0,0,0,0,,,,
RUE,2012,9,22,6,14.2,,,,,,,,943.9,,0.6,,24,0,0,0,0,0,0,,,,
RUE,2012,9,22,7,14.3,,,,,,,,944.1,,0.4,,47,0,0,0,0,0,0,,,,
RUE,2012,9,22,8,14.3,,,,,,,,944.1,,1.1,,44,13.5,42.4,0,0,0,0,,,,
RUE,2012,9,22,9,14.1,,,,,,,,944.5,,1.3,,79,5.1,77.5,0,0,0,0,,,,
RUE,2012,9,22,10,14.1,,,,,,,,945.1,,1.9,,45,0.7,44.7,0,0,0,0,,,,
RUE,2012,9,22,11,13.7,,,,,,,,945.4,,3.2,,56,0.7,55.6,0,0,0,0,,,,
RUE,2012,9,22,12,13,,,,,,,,945.6,,3.2,,118,2.3,116.5,0,0,0,0,,,,
RUE,2012,9,22,13,12.2,,,,,,,,946.1,,1.5,,54,0.4,53.7,0,0,0,0,,,,
RUE,2012,9,22,14,11.7,,,,,,,,946.4,,1.8,,44,0.3,43.8,0,0,0,0,,,,
RUE,2012,9,22,15,11.2,,,,,,,,946.7,,1.5,,39,0.3,38.8,0,0,0,0,,,,
RUE,2012,9,22,16,10.9,,,,,,,,947,,1,,31,0.2,30.9,0,0,0,0,,,,
RUE,2012,9,22,17,10.7,,,,,,,,947.4,,0.7,,5,0,5,0,0,0,0,,,,
RUE,2012,9,22,18,10.8,,,,,,,,947.4,,0.6,,0,0,0,0,0,0,0,,,,
RUE,2012,9,22,19,10.8,,,,,,,,947.6,,1.3,,0,0,0,0,0,0,0,,,,
RUE,2012,9,22,20,10.9,,,,,,,,947.5,,1,,0,0,0,0,0,0,0,,,,
RUE,2012,9,22,21,10.7,,,,,,,,947.3,,1.6,,0,0,0,0,0,0,0,,,,
RUE,2012,9,22,22,10.4,,,,,,,,947,,2.3,,0,0,0,0,0,0,0,,,,
RUE,2012,9,22,23,10.3,,,,,,,,946.9,,2.8,,0,0,0,0,0,0,0,,,,
RUE,2012,9,23,0,10.3,,,,,,,,946.3,,1.8,,0,0,0,0,0,0,0,,,,
RUE,2012,9,23,1,10.1,,,,,,,,945.7,,2.7,,0,0,0,0,0,0,0,,,,
RUE,2012,9,23,2,10.2,,,,,,,,945.2,,3.3,,0,0,0,0,0,0,0,,,,
RUE,2012,9,23,3,10.4,,,,,,,,944.8,,3.3,,0,0,0,0,0,0,0,,,,
RUE,2012,9,23,4,10.6,,,,,,,,944.6,,3,,0,0,0,0,0,0,0,,,,
RUE,2012,9,23,5,10.8,,,,,,,,944.5,,2.8,,2,0,0,0,0,0,0,,,,
RUE,2012,9,23,6,11.5,,,,,,,,944.4,,2.4,,60,0,0,0,0,0,0,,,,
RUE,2012,9,23,7,12.5,,,,,,,,944.3,,2.8,,183,0,0,0,0,0,0,,,,
RUE,2012,9,23,8,13.5,,,,,,,,944.3,,3.3,,340,2484.8,56.1,0,0,0,0,,,,
RUE,2012,9,23,9,14.9,,,,,,,,943.8,,3.8,,517,1534.4,85.3,0,0,0,0,,,,
RUE,2012,9,23,10,15.6,,,,,,,,943.4,,3.9,,512,994.2,84.5,0,0,0,0,,,,
RUE,2012,9,23,11,17.3,,,,,,,,942.7,,3.4,,667,1013.8,110.1,0,0,0,0,,,,
RUE,2012,9,23,12,18.1,,,,,,,,941.9,,3.7,,617,767.3,132.7,0,0,0,0,,,,
RUE,2012,9,23,13,18.5,,,,,,,,941,,3.9,,540,441.4,244.4,0,0,0,0,,,,
RUE,2012,9,23,14,19.1,,,,,,,,940.1,,3.7,,443,218,298.6,0,0,0,0,,,,
RUE,2012,9,23,15,18.4,,,,,,,,939.6,,3.5,,174,5.4,170.7,0,0,0,0,,,,
RUE,2012,9,23,16,18,,,,,,,,939.1,,3.5,,81,1.6,80.2,0,0,0,0,,,,
RUE,2012,9,23,17,17.9,,,,,,,,938.4,,3.6,,15,0.1,15,0,0,0,0,,,,
RUE,2012,9,23,18,17.3,,,,,,,,938.2,,3.1,,0,0,0,0,0,0,0,,,,
RUE,2012,9,23,19,17.1,,,,,,,,937.8,,2.1,,0,0,0,0,0,0,0,,,,
RUE,2012,9,23,20,17.6,,,,,,,,937.3,,2.9,,0,0,0,0,0,0,0,,,,
RUE,2012,9,23,21,16.9,,,,,,,,936.7,,2.1,,0,0,0,0,0,0,0,,,,
RUE,2012,9,23,22,16.1,,,,,,,,935.8,,2.5,,0,0,0,0,0,0,0,,,,
RUE,2012,9,23,23,16.9,,,,,,,,935.2,,3.7,,0,0,0,0,0,0,0,,,,
RUE,2012,9,24,0,15.8,,,,,,,,934.8,,2.4,,0,0,0,0,0,0,0,,,,
RUE,2012,9,24,1,15.7,,,,,,,,933.9,,1.6,,0,0,0,0,0,0,0,,,,
RUE,2012,9,24,2,14.9,,,,,,,,933.7,,1.1,,0,0,0,0,0,0,0,,,,
RUE,2012,9,24,3,14.1,,,,,,,,932.9,,1.5,,0,0,0,0,0,0,0,,,,
RUE,2012,9,24,4,13.2,,,,,,,,932,,1.2,,0,0,0,0,0,0,0,,,,
RUE,2012,9,24,5,14,,,,,,,,931.7,,0.9,,2,0,0,0,0,0,0,,,,
RUE,2012,9,24,6,14.2,,,,,,,,932.8,,2,,12,0,0,0,0,0,0,,,,
RUE,2012,9,24,7,15.1,,,,,,,,933.8,,5.4,,32,0,0,0,0,0,0,,,,
RUE,2012,9,24,8,15.1,,,,,,,,933.9,,2.7,,64,117.6,51,0,0,0,0,,,,
RUE,2012,9,24,9,16.6,,,,,,,,934,,4.6,,158,108.5,127.9,0,0,0,0,,,,
RUE,2012,9,24,10,17.3,,,,,,,,933.4,,7.1,,209,53.3,186.3,0,0,0,0,,,,
RUE,2012,9,24,11,17.7,,,,,,,,933.5,,8.1,,207,14.8,198.9,0,0,0,0,,,,
RUE,2012,9,24,12,17.6,,,,,,,,933.6,,7,,248,18.1,236.6,0,0,0,0,,,,
RUE,2012,9,24,13,17,,,,,,,,934.2,,6.6,,250,14.1,240.6,0,0,0,0,,,,
RUE,2012,9,24,14,16.2,,,,,,,,935.1,,4.5,,201,6.4,196.8,0,0,0,0,,,,
RUE,2012,9,24,15,17,,,,,,,,935.6,,4.6,,287,45.4,259.6,0,0,0,0,,,,
RUE,2012,9,24,16,16.3,,,,,,,,936.4,,4.4,,57,0.8,56.6,0,0,0,0,,,,
RUE,2012,9,24,17,14.8,,,,,,,,937.4,,4,,13,0.1,13,0,0,0,0,,,,
RUE,2012,9,24,18,13.6,,,,,,,,937.4,,2.4,,0,0,0,0,0,0,0,,,,
RUE,2012,9,24,19,13.3,,,,,,,,937.4,,3,,0,0,0,0,0,0,0,,,,
RUE,2012,9,24,20,13.7,,,,,,,,937.2,,2.5,,0,0,0,0,0,0,0,,,,
RUE,2012,9,24,21,14.2,,,,,,,,937.2,,3.1,,0,0,0,0,0,0,0,,,,
RUE,2012,9,24,22,14.6,,,,,,,,936.9,,4.1,,0,0,0,0,0,0,0,,,,
RUE,2012,9,24,23,15.2,,,,,,,,936.7,,5.8,,0,0,0,0,0,0,0,,,,
RUE,2012,9,25,0,14.9,,,,,,,,936.7,,5.8,,0,0,0,0,0,0,0,,,,
RUE,2012,9,25,1,14.4,,,,,,,,936.5,,5.6,,0,0,0,0,0,0,0,,,,
RUE,2012,9,25,2,14.4,,,,,,,,935.6,,4,,0,0,0,0,0,0,0,,,,
RUE,2012,9,25,3,14.9,,,,,,,,935.3,,4.1,,0,0,0,0,0,0,0,,,,
RUE,2012,9,25,4,13.3,,,,,,,,934.9,,2,,0,0,0,0,0,0,0,,,,
RUE,2012,9,25,5,13.2,,,,,,,,934.4,,1.6,,6,0,0,0,0,0,0,,,,
RUE,2012,9,25,6,13.1,,,,,,,,934,,2.2,,80,0,0,0,0,0,0,,,,
RUE,2012,9,25,7,13.9,,,,,,,,933.7,,3.1,,247,0,0,0,0,0,0,,,,
RUE,2012,9,25,8,16.1,,,,,,,,933.9,,2.7,,427,3351.1,70.5,0,0,0,0,,,,
RUE,2012,9,25,9,17.3,,,,,,,,934,,3.8,,444,1357.2,73.3,0,0,0,0,,,,
RUE,2012,9,25,10,17.6,,,,,,,,933.5,,6.5,,454,899.8,74.7,0,0,0,0,,,,
RUE,2012,9,25,11,17.4,,,,,,,,933.4,,4.7,,479,594.4,157.7,0,0,0,0,,,,
RUE,2012,9,25,12,14,,,,,,,,934.4,,4.9,,346,97.1,285.7,0,0,0,0,,,,
RUE,2012,9,25,13,11.7,,,,,,,,934.9,,3.6,,124,2.3,122.5,0,0,0,0,,,,
RUE,2012,9,25,14,10.9,,,,,,,,934.4,,1.9,,112,2,110.7,0,0,0,0,,,,
RUE,2012,9,25,15,11,,,,,,,,934.2,,0.7,,62,0.7,61.6,0,0,0,0,,,,
RUE,2012,9,25,16,10.8,,,,,,,,933.9,,1.1,,30,0.2,29.9,0,0,0,0,,,,
RUE,2012,9,25,17,11.5,,,,,,,,933,,2,,3,0,3,0,0,0,0,,,,
RUE,2012,9,25,18,11.5,,,,,,,,933,,1.4,,0,0,0,0,0,0,0,,,,
RUE,2012,9,25,19,12.1,,,,,,,,932.6,,1.7,,0,0,0,0,0,0,0,,,,
RUE,2012,9,25,20,11.2,,,,,,,,932.3,,0.7,,0,0,0,0,0,0,0,,,,
RUE,2012,9,25,21,11,,,,,,,,932.3,,0.4,,0,0,0,0,0,0,0,,,,
RUE,2012,9,25,22,10.9,,,,,,,,932,,0.5,,0,0,0,0,0,0,0,,,,
RUE,2012,9,25,23,11,,,,,,,,931.7,,0.9,,0,0,0,0,0,0,0,,,,
RUE,2012,9,26,0,11.9,,,,,,,,931.6,,1.8,,0,0,0,0,0,0,0,,,,
RUE,2012,9,26,1,11.2,,,,,,,,931.5,,0.9,,0,0,0,0,0,0,0,,,,
RUE,2012,9,26,2,11.7,,,,,,,,931,,2.6,,0,0,0,0,0,0,0,,,,
RUE,2012,9,26,3,11.3,,,,,,,,930.7,,2.1,,0,0,0,0,0,0,0,,,,
RUE,2012,9,26,4,11.6,,,,,,,,930.6,,1.9,,0,0,0,0,0,0,0,,,,
RUE,2012,9,26,5,11.8,,,,,,,,931.1,,1.4,,1,0,0,0,0,0,0,,,,
RUE,2012,9,26,6,11.2,,,,,,,,931.1,,2.2,,55,0,0,0,0,0,0,,,,
RUE,2012,9,26,7,12.2,,,,,,,,931.4,,1.8,,169,0,0,0,0,0,0,,,,
RUE,2012,9,26,8,13.2,,,,,,,,932.2,,1.5,,148,1206.2,24.4,0,0,0,0,,,,
RUE,2012,9,26,9,13.3,,,,,,,,932.8,,2.8,,308,955.8,50.8,0,0,0,0,,,,
RUE,2012,9,26,10,13.4,,,,,,,,933,,2.3,,285,236.1,186.5,0,0,0,0,,,,
RUE,2012,9,26,11,12.7,,,,,,,,933.6,,3.5,,175,7.8,170.8,0,0,0,0,,,,
RUE,2012,9,26,12,12.4,,,,,,,,933.2,,2.3,,175,5.3,171.7,0,0,0,0,,,,
RUE,2012,9,26,13,12.2,,,,,,,,934.3,,3.4,,116,2.1,114.6,0,0,0,0,,,,
RUE,2012,9,26,14,11.3,,,,,,,,935.1,,4.6,,62,0.6,61.6,0,0,0,0,,,,
RUE,2012,9,26,15,10.7,,,,,,,,935.7,,3.5,,50,0.5,49.7,0,0,0,0,,,,
RUE,2012,9,26,16,9.7,,,,,,,,936.1,,2.3,,12,0,12,0,0,0,0,,,,
RUE,2012,9,26,17,9.1,,,,,,,,936.2,,1.4,,1,0,1,0,0,0,0,,,,
RUE,2012,9,26,18,9.1,,,,,,,,935.9,,1.5,,0,0,0,0,0,0,0,,,,
RUE,2012,9,26,19,8.9,,,,,,,,936.2,,1.2,,0,0,0,0,0,0,0,,,,
RUE,2012,9,26,20,9,,,,,,,,936.8,,1,,0,0,0,0,0,0,0,,,,
RUE,2012,9,26,21,9.1,,,,,,,,936.8,,1.3,,0,0,0,0,0,0,0,,,,
RUE,2012,9,26,22,8.8,,,,,,,,937.4,,1.1,,0,0,0,0,0,0,0,,,,
RUE,2012,9,26,23,9,,,,,,,,938.4,,1,,0,0,0,0,0,0,0,,,,
RUE,2012,9,27,0,8.3,,,,,,,,938.9,,2.5,,0,0,0,0,0,0,0,,,,
RUE,2012,9,27,1,7.4,,,,,,,,939,,1.6,,0,0,0,0,0,0,0,,,,
RUE,2012,9,27,2,7.1,,,,,,,,939.3,,1.6,,0,0,0,0,0,0,0,,,,
RUE,2012,9,27,3,7.7,,,,,,,,939.4,,0.7,,0,0,0,0,0,0,0,,,,
RUE,2012,9,27,4,8.3,,,,,,,,939.5,,1.7,,0,0,0,0,0,0,0,,,,
RUE,2012,9,27,5,7.5,,,,,,,,939.9,,2.3,,2,0,0,0,0,0,0,,,,
RUE,2012,9,27,6,9,,,,,,,,940.2,,2.6,,86,0,0,0,0,0,0,,,,
RUE,2012,9,27,7,10.5,,,,,,,,940.9,,2.2,,285,0,0,0,0,0,0,,,,
RUE,2012,9,27,8,12.4,,,,,,,,941.1,,3.9,,422,3577.2,69.6,0,0,0,0,,,,
RUE,2012,9,27,9,13.8,,,,,,,,941.2,,3.5,,554,1746,91.4,0,0,0,0,,,,
RUE,2012,9,27,10,15.2,,,,,,,,941.2,,4.5,,675,1364.9,111.4,0,0,0,0,,,,
RUE,2012,9,27,11,16.2,,,,,,,,941.1,,5,,721,1132.8,119,0,0,0,0,,,,
RUE,2012,9,27,12,16.3,,,,,,,,941,,3.8,,600,769.4,129,0,0,0,0,,,,
RUE,2012,9,27,13,16.8,,,,,,,,941,,5,,600,665.7,167.5,0,0,0,0,,,,
RUE,2012,9,27,14,16.9,,,,,,,,941.5,,7.4,,483,344.3,262.2,0,0,0,0,,,,
RUE,2012,9,27,15,14.8,,,,,,,,942.1,,6.4,,118,2.7,116.4,0,0,0,0,,,,
RUE,2012,9,27,16,11.3,,,,,,,,943.3,,3.6,,44,0.5,43.7,0,0,0,0,,,,
RUE,2012,9,27,17,12.1,,,,,,,,944.4,,3.6,,10,0.1,10,0,0,0,0,,,,
RUE,2012,9,27,18,11.9,,,,,,,,945.4,,3,,0,0,0,0,0,0,0,,,,
RUE,2012,9,27,19,11.5,,,,,,,,946.2,,3,,0,0,0,0,0,0,0,,,,
RUE,2012,9,27,20,10.8,,,,,,,,947.1,,1.8,,0,0,0,0,0,0,0,,,,
RUE,2012,9,27,21,9.5,,,,,,,,947.6,,1.1,,0,0,0,0,0,0,0,,,,
RUE,2012,9,27,22,9.3,,,,,,,,947.9,,1.1,,0,0,0,0,0,0,0,,,,
RUE,2012,9,27,23,9.8,,,,,,,,948.1,,1.2,,0,0,0,0,0,0,0,,,,
RUE,2012,9,28,0,9.5,,,,,,,,948.5,,1.3,,0,0,0,0,0,0,0,,,,
RUE,2012,9,28,1,9.3,,,,,,,,948.4,,0.7,,0,0,0,0,0,0,0,,,,
RUE,2012,9,28,2,9.2,,,,,,,,948.3,,1.1,,0,0,0,0,0,0,0,,,,
RUE,2012,9,28,3,9.1,,,,,,,,948,,1,,0,0,0,0,0,0,0,,,,
RUE,2012,9,28,4,8.3,,,,,,,,947.9,,1.1,,0,0,0,0,0,0,0,,,,
RUE,2012,9,28,5,8.3,,,,,,,,947.9,,1.2,,3,0,0,0,0,0,0,,,,
RUE,2012,9,28,6,8.6,,,,,,,,948.1,,1.1,,88,0,0,0,0,0,0,,,,
RUE,2012,9,28,7,10.3,,,,,,,,948.3,,0.8,,259,0,0,0,0,0,0,,,,
RUE,2012,9,28,8,12.3,,,,,,,,948.8,,0.9,,419,3700.4,69.1,0,0,0,0,,,,
RUE,2012,9,28,9,13.8,,,,,,,,948.8,,1.3,,553,1770.6,91.2,0,0,0,0,,,,
RUE,2012,9,28,10,14.6,,,,,,,,948.5,,0.9,,655,1338.5,108.1,0,0,0,0,,,,
RUE,2012,9,28,11,15.5,,,,,,,,948.3,,0.8,,711,1126.8,117.3,0,0,0,0,,,,
RUE,2012,9,28,12,16,,,,,,,,947.9,,1.2,,678,932,111.9,0,0,0,0,,,,
RUE,2012,9,28,13,16.3,,,,,,,,947.6,,0.8,,606,696.6,157,0,0,0,0,,,,
RUE,2012,9,28,14,16.5,,,,,,,,947.1,,1.2,,427,219.5,287.4,0,0,0,0,,,,
RUE,2012,9,28,15,16.3,,,,,,,,946.5,,1.3,,212,12.1,205,0,0,0,0,,,,
RUE,2012,9,28,16,15.3,,,,,,,,946.4,,0.8,,98,2.7,96.7,0,0,0,0,,,,
RUE,2012,9,28,17,13.4,,,,,,,,946.5,,1.2,,8,0,8,0,0,0,0,,,,
RUE,2012,9,28,18,12.6,,,,,,,,946.8,,1.3,,0,0,0,0,0,0,0,,,,
RUE,2012,9,28,19,11.9,,,,,,,,947,,0.7,,0,0,0,0,0,0,0,,,,
RUE,2012,9,28,20,11.6,,,,,,,,947,,0.7,,0,0,0,0,0,0,0,,,,
RUE,2012,9,28,21,11.2,,,,,,,,947.1,,0.5,,0,0,0,0,0,0,0,,,,
RUE,2012,9,28,22,10.8,,,,,,,,946.9,,0.8,,0,0,0,0,0,0,0,,,,
RUE,2012,9,28,23,10.3,,,,,,,,946.9,,0.2,,0,0,0,0,0,0,0,,,,
RUE,2012,9,29,0,10.5,,,,,,,,946.5,,1.1,,0,0,0,0,0,0,0,,,,
RUE,2012,9,29,1,10.2,,,,,,,,946.5,,0.4,,0,0,0,0,0,0,0,,,,
RUE,2012,9,29,2,9.9,,,,,,,,946.1,,0.8,,0,0,0,0,0,0,0,,,,
RUE,2012,9,29,3,10.2,,,,,,,,945.9,,0.7,,0,0,0,0,0,0,0,,,,
RUE,2012,9,29,4,10.5,,,,,,,,945.9,,0.2,,0,0,0,0,0,0,0,,,,
RUE,2012,9,29,5,10.3,,,,,,,,946.1,,0.4,,0,0,0,0,0,0,0,,,,
RUE,2012,9,29,6,10.3,,,,,,,,946.3,,0.8,,22,0,0,0,0,0,0,,,,
RUE,2012,9,29,7,10.8,,,,,,,,946.7,,0.7,,60,0,0,0,0,0,0,,,,
RUE,2012,9,29,8,11.2,,,,,,,,946.9,,0.7,,100,921.8,16.5,0,0,0,0,,,,
RUE,2012,9,29,9,11.7,,,,,,,,947,,0.8,,104,20.2,98.8,0,0,0,0,,,,
RUE,2012,9,29,10,11.7,,,,,,,,946.7,,0.8,,128,7,125.2,0,0,0,0,,,,
RUE,2012,9,29,11,12.1,,,,,,,,946.7,,0.8,,126,3.8,124,0,0,0,0,,,,
RUE,2012,9,29,12,11.9,,,,,,,,946.6,,0.7,,106,2,104.8,0,0,0,0,,,,
RUE,2012,9,29,13,11.2,,,,,,,,946.8,,1.4,,40,0.3,39.8,0,0,0,0,,,,
RUE,2012,9,29,14,10.7,,,,,,,,947,,0.4,,62,0.6,61.6,0,0,0,0,,,,
RUE,2012,9,29,15,10.7,,,,,,,,946.7,,0.4,,51,0.5,50.7,0,0,0,0,,,,
RUE,2012,9,29,16,10.5,,,,,,,,946.9,,0.5,,25,0.2,24.9,0,0,0,0,,,,
RUE,2012,9,29,17,10.2,,,,,,,,947.1,,0.4,,4,0,4,0,0,0,0,,,,
RUE,2012,9,29,18,9.9,,,,,,,,947.6,,0.6,,0,0,0,0,0,0,0,,,,
RUE,2012,9,29,19,9.7,,,,,,,,948.1,,0.9,,0,0,0,0,0,0,0,,,,
RUE,2012,9,29,20,9.7,,,,,,,,948.3,,0.9,,0,0,0,0,0,0,0,,,,
RUE,2012,9,29,21,9,,,,,,,,948.4,,0.9,,0,0,0,0,0,0,0,,,,
RUE,2012,9,29,22,9.1,,,,,,,,948.9,,0.7,,0,0,0,0,0,0,0,,,,
RUE,2012,9,29,23,9,,,,,,,,948.6,,0.4,,0,0,0,0,0,0,0,,,,
RUE,2012,9,30,0,9.2,,,,,,,,948.4,,0.2,,0,0,0,0,0,0,0,,,,
RUE,2012,9,30,1,9.5,,,,,,,,948.3,,1.2,,0,0,0,0,0,0,0,,,,
RUE,2012,9,30,2,9.3,,,,,,,,948.5,,0.5,,0,0,0,0,0,0,0,,,,
RUE,2012,9,30,3,9,,,,,,,,948.6,,0.6,,0,0,0,0,0,0,0,,,,
RUE,2012,9,30,4,9.1,,,,,,,,948.7,,0.4,,0,0,0,0,0,0,0,,,,
RUE,2012,9,30,5,9,,,,,,,,948.3,,0.7,,0,0,0,0,0,0,0,,,,
RUE,2012,9,30,6,8.8,,,,,,,,948.6,,0.5,,11,0,0,0,0,0,0,,,,
RUE,2012,9,30,7,9.1,,,,,,,,949.4,,0.5,,31,0,0,0,0,0,0,,,,
RUE,2012,9,30,8,9.4,,,,,,,,949.6,,0.4,,98,944.7,16.2,0,0,0,0,,,,
RUE,2012,9,30,9,9.6,,,,,,,,949.5,,0.8,,103,20.8,97.7,0,0,0,0,,,,
RUE,2012,9,30,10,10.4,,,,,,,,949.6,,0.6,,191,46,172.6,0,0,0,0,,,,
RUE,2012,9,30,11,10.7,,,,,,,,949.6,,2,,234,34.9,215.9,0,0,0,0,,,,
RUE,2012,9,30,12,10.6,,,,,,,,949.4,,2.6,,226,14.3,217.4,0,0,0,0,,,,
RUE,2012,9,30,13,10.6,,,,,,,,949.4,,1.6,,120,2.4,118.5,0,0,0,0,,,,
RUE,2012,9,30,14,10.6,,,,,,,,949.3,,1.1,,69,0.8,68.5,0,0,0,0,,,,
RUE,2012,9,30,15,10.4,,,,,,,,949.2,,0.9,,38,0.3,37.8,0,0,0,0,,,,
RUE,2012,9,30,16,10.2,,,,,,,,949.1,,0.6,,11,0,11,0,0,0,0,,,,
RUE,2012,9,30,17,10.1,,,,,,,,948.9,,0.1,,0,0,0,0,0,0,0,,,,
RUE,2012,9,30,18,10.2,,,,,,,,948.6,,0.4,,0,0,0,0,0,0,0,,,,
RUE,2012,9,30,19,10.2,,,,,,,,948.5,,0.4,,0,0,0,0,0,0,0,,,,
RUE,2012,9,30,20,10.2,,,,,,,,948.9,,0.6,,0,0,0,0,0,0,0,,,,
RUE,2012,9,30,21,10.2,,,,,,,,948.4,,0.6,,0,0,0,0,0,0,0,,,,
RUE,2012,9,30,22,10.3,,,,,,,,948.1,,0.5,,0,0,0,0,0,0,0,,,,
RUE,2012,9,30,23,10.3,,,,,,,,947.9,,0.3,,0,0,0,0,0,0,0,,,,
RUE,2012,10,1,0,10.3,,,,,,,,947.8,,0.4,,0,0,0,0,0,0,0,,,,
RUE,2012,10,1,1,10.4,,,,,,,,947.7,,0.4,,0,0,0,0,0,0,0,,,,
RUE,2012,10,1,2,10.4,,,,,,,,947.7,,0.4,,0,0,0,0,0,0,0,,,,
RUE,2012,10,1,3,10.4,,,,,,,,947.7,,0.5,,0,0,0,0,0,0,0,,,,
RUE,2012,10,1,4,10.5,,,,,,,,947.6,,0.5,,0,0,0,0,0,0,0,,,,
RUE,2012,10,1,5,10.5,,,,,,,,947.4,,0.4,,0,0,0,0,0,0,0,,,,
RUE,2012,10,1,6,10.6,,,,,,,,947.4,,0.2,,15,0,0,0,0,0,0,,,,
RUE,2012,10,1,7,11.2,,,,,,,,947.5,,0.3,,100,0,0,0,0,0,0,,,,
RUE,2012,10,1,8,11.9,,,,,,,,947.9,,0.3,,164,1656.9,27.1,0,0,0,0,,,,
RUE,2012,10,1,9,12.4,,,,,,,,947.9,,0.5,,297,999,49,0,0,0,0,,,,
RUE,2012,10,1,10,13,,,,,,,,947.7,,0.8,,334,509,132.7,0,0,0,0,,,,
RUE,2012,10,1,11,13.5,,,,,,,,947.6,,1.4,,320,159.9,238,0,0,0,0,,,,
RUE,2012,10,1,12,13.5,,,,,,,,947.5,,1.4,,239,19.5,227.4,0,0,0,0,,,,
RUE,2012,10,1,13,13.7,,,,,,,,947.3,,1,,236,13.7,227.4,0,0,0,0,,,,
RUE,2012,10,1,14,14.2,,,,,,,,947.2,,0.6,,278,33.5,257.3,0,0,0,0,,,,
RUE,2012,10,1,15,14,,,,,,,,947.2,,0.6,,110,2.5,108.6,0,0,0,0,,,,
RUE,2012,10,1,16,13.6,,,,,,,,947.3,,0.2,,24,0.2,23.9,0,0,0,0,,,,
RUE,2012,10,1,17,13.1,,,,,,,,947.6,,0.6,,3,0,3,0,0,0,0,,,,
RUE,2012,10,1,18,12.7,,,,,,,,948.1,,0.6,,0,0,0,0,0,0,0,,,,
RUE,2012,10,1,19,12.5,,,,,,,,948.4,,1.1,,0,0,0,0,0,0,0,,,,
RUE,2012,10,1,20,12.1,,,,,,,,948.9,,0.8,,0,0,0,0,0,0,0,,,,
RUE,2012,10,1,21,11.8,,,,,,,,949,,0.6,,0,0,0,0,0,0,0,,,,
RUE,2012,10,1,22,11.5,,,,,,,,949.1,,0.5,,0,0,0,0,0,0,0,,,,
RUE,2012,10,1,23,11,,,,,,,,949.1,,0.7,,0,0,0,0,0,0,0,,,,
RUE,2012,10,2,0,10.3,,,,,,,,949.1,,0.8,,0,0,0,0,0,0,0,,,,
RUE,2012,10,2,1,10.1,,,,,,,,948.9,,0.3,,0,0,0,0,0,0,0,,,,
RUE,2012,10,2,2,10,,,,,,,,948.7,,0.2,,0,0,0,0,0,0,0,,,,
RUE,2012,10,2,3,9.4,,,,,,,,948.8,,0.6,,0,0,0,0,0,0,0,,,,
RUE,2012,10,2,4,9.3,,,,,,,,948.9,,0.6,,0,0,0,0,0,0,0,,,,
RUE,2012,10,2,5,9.4,,,,,,,,949.1,,0.2,,1,0,0,0,0,0,0,,,,
RUE,2012,10,2,6,9.8,,,,,,,,949.3,,0.6,,65,0,0,0,0,0,0,,,,
RUE,2012,10,2,7,11.3,,,,,,,,949.4,,0.4,,256,0,0,0,0,0,0,,,,
RUE,2012,10,2,8,13.2,,,,,,,,949.4,,1,,430,4563.8,71,0,0,0,0,,,,
RUE,2012,10,2,9,13.4,,,,,,,,949.5,,1.2,,343,1173.7,56.6,0,0,0,0,,,,
RUE,2012,10,2,10,14,,,,,,,,949.4,,1,,406,856.6,71,0,0,0,0,,,,
RUE,2012,10,2,11,15,,,,,,,,949,,0.9,,592,972.3,97.7,0,0,0,0,,,,
RUE,2012,10,2,12,15.4,,,,,,,,948.5,,1,,620,876.8,104.6,0,0,0,0,,,,
RUE,2012,10,2,13,15.6,,,,,,,,948.2,,1.3,,454,299.6,267,0,0,0,0,,,,
RUE,2012,10,2,14,15.8,,,,,,,,948.1,,1,,388,168.4,284.5,0,0,0,0,,,,
RUE,2012,10,2,15,15.7,,,,,,,,948,,0.7,,163,5.6,159.9,0,0,0,0,,,,
RUE,2012,10,2,16,15.1,,,,,,,,947.9,,0.9,,95,2.8,93.7,0,0,0,0,,,,
RUE,2012,10,2,17,13.8,,,,,,,,947.9,,1.1,,4,0,4,0,0,0,0,,,,
RUE,2012,10,2,18,12.6,,,,,,,,948.1,,0.8,,0,0,0,0,0,0,0,,,,
RUE,2012,10,2,19,11.9,,,,,,,,948.4,,0.8,,0,0,0,0,0,0,0,,,,
RUE,2012,10,2,20,12,,,,,,,,948.4,,0.8,,0,0,0,0,0,0,0,,,,
RUE,2012,10,2,21,10.7,,,,,,,,948.6,,1.2,,0,0,0,0,0,0,0,,,,
RUE,2012,10,2,22,11.8,,,,,,,,948.5,,2.1,,0,0,0,0,0,0,0,,,,
RUE,2012,10,2,23,11.3,,,,,,,,948.3,,1.2,,0,0,0,0,0,0,0,,,,
RUE,2012,10,3,0,11.7,,,,,,,,948,,0.4,,0,0,0,0,0,0,0,,,,
RUE,2012,10,3,1,11.6,,,,,,,,947.9,,0.8,,0,0,0,0,0,0,0,,,,
RUE,2012,10,3,2,11.5,,,,,,,,947.8,,1,,0,0,0,0,0,0,0,,,,
RUE,2012,10,3,3,11.6,,,,,,,,947.4,,0.9,,0,0,0,0,0,0,0,,,,
RUE,2012,10,3,4,11.6,,,,,,,,947,,2.1,,0,0,0,0,0,0,0,,,,
RUE,2012,10,3,5,11.5,,,,,,,,946.8,,2.2,,1,0,0,0,0,0,0,,,,
RUE,2012,10,3,6,11.2,,,,,,,,946.9,,0.7,,36,0,0,0,0,0,0,,,,
RUE,2012,10,3,7,11.7,,,,,,,,947.3,,0.8,,120,0,0,0,0,0,0,,,,
RUE,2012,10,3,8,12.8,,,,,,,,947.9,,1.1,,233,2604.6,38.4,0,0,0,0,,,,
RUE,2012,10,3,9,12,,,,,,,,948.1,,0.9,,114,44.6,103.3,0,0,0,0,,,,
RUE,2012,10,3,10,13.4,,,,,,,,947.8,,1,,301,384.9,152.2,0,0,0,0,,,,
RUE,2012,10,3,11,15.1,,,,,,,,947.6,,0.9,,446,587.4,150.1,0,0,0,0,,,,
RUE,2012,10,3,12,15,,,,,,,,947.2,,1.6,,272,40.6,248.3,0,0,0,0,,,,
RUE,2012,10,3,13,14.7,,,,,,,,947.1,,2.4,,134,3.1,132.1,0,0,0,0,,,,
RUE,2012,10,3,14,14.5,,,,,,,,946.6,,1.2,,204,8.4,198.9,0,0,0,0,,,,
RUE,2012,10,3,15,14.3,,,,,,,,946.5,,1.1,,125,3.4,123.1,0,0,0,0,,,,
RUE,2012,10,3,16,13.8,,,,,,,,946.3,,0.4,,59,1.1,58.5,0,0,0,0,,,,
RUE,2012,10,3,17,12.7,,,,,,,,946.4,,1.1,,4,0,4,0,0,0,0,,,,
RUE,2012,10,3,18,12.6,,,,,,,,946.5,,1.7,,0,0,0,0,0,0,0,,,,
RUE,2012,10,3,19,12.7,,,,,,,,946.5,,1.5,,0,0,0,0,0,0,0,,,,
RUE,2012,10,3,20,13.5,,,,,,,,946.3,,1.8,,0,0,0,0,0,0,0,,,,
RUE,2012,10,3,21,13.8,,,,,,,,946,,1.8,,0,0,0,0,0,0,0,,,,
RUE,2012,10,3,22,14,,,,,,,,945.7,,1.5,,0,0,0,0,0,0,0,,,,
RUE,2012,10,3,23,14.4,,,,,,,,945.4,,1.4,,0,0,0,0,0,0,0,,,,
RUE,2012,10,4,0,13.7,,,,,,,,945.3,,1,,0,0,0,0,0,0,0,,,,
RUE,2012,10,4,1,13.1,,,,,,,,945,,0.9,,0,0,0,0,0,0,0,,,,
RUE,2012,10,4,2,12,,,,,,,,944.6,,1.1,,0,0,0,0,0,0,0,,,,
RUE,2012,10,4,3,12.2,,,,,,,,944,,0.5,,0,0,0,0,0,0,0,,,,
RUE,2012,10,4,4,12.9,,,,,,,,943.6,,0.9,,0,0,0,0,0,0,0,,,,
RUE,2012,10,4,5,13.9,,,,,,,,943.3,,2.8,,1,0,0,0,0,0,0,,,,
RUE,2012,10,4,6,14.8,,,,,,,,943.1,,3.4,,23,0,0,0,0,0,0,,,,
RUE,2012,10,4,7,15.3,,,,,,,,942.9,,4.7,,28,0,0,0,0,0,0,,,,
RUE,2012,10,4,8,15.9,,,,,,,,942.9,,4.4,,85,1003.6,14,0,0,0,0,,,,
RUE,2012,10,4,9,15.3,,,,,,,,943.2,,6,,53,3.3,52.2,0,0,0,0,,,,
RUE,2012,10,4,10,15,,,,,,,,943.5,,3.9,,96,4.2,94.4,0,0,0,0,,,,
RUE,2012,10,4,11,15.1,,,,,,,,943.8,,3.6,,100,2.6,98.7,0,0,0,0,,,,
RUE,2012,10,4,12,15.7,,,,,,,,943.8,,5.3,,110,2.4,108.6,0,0,0,0,,,,
RUE,2012,10,4,13,15.7,,,,,,,,944.1,,3.3,,48,0.4,47.8,0,0,0,0,,,,
RUE,2012,10,4,14,14.8,,,,,,,,944.8,,2.9,,39,0.3,38.8,0,0,0,0,,,,
RUE,2012,10,4,15,13.6,,,,,,,,945.8,,3.9,,41,0.4,40.8,0,0,0,0,,,,
RUE,2012,10,4,16,12.7,,,,,,,,946.8,,3.7,,13,0.1,13,0,0,0,0,,,,
RUE,2012,10,4,17,12.3,,,,,,,,947.4,,3.4,,0,0,0,0,0,0,0,,,,
RUE,2012,10,4,18,11.9,,,,,,,,947.9,,1.3,,0,0,0,0,0,0,0,,,,
RUE,2012,10,4,19,11.9,,,,,,,,948.3,,0.5,,0,0,0,0,0,0,0,,,,
RUE,2012,10,4,20,12.1,,,,,,,,948.3,,0.6,,0,0,0,0,0,0,0,,,,
RUE,2012,10,4,21,12,,,,,,,,948.3,,0.7,,0,0,0,0,0,0,0,,,,
RUE,2012,10,4,22,11.7,,,,,,,,948.2,,1,,0,0,0,0,0,0,0,,,,
RUE,2012,10,4,23,11.2,,,,,,,,948.1,,1.4,,0,0,0,0,0,0,0,,,,
RUE,2012,10,5,0,11.6,,,,,,,,947.9,,2.6,,0,0,0,0,0,0,0,,,,
RUE,2012,10,5,1,12.1,,,,,,,,947.6,,1.9,,0,0,0,0,0,0,0,,,,
RUE,2012,10,5,2,12.1,,,,,,,,947.1,,0.9,,0,0,0,0,0,0,0,,,,
RUE,2012,10,5,3,12.1,,,,,,,,946.8,,1.8,,0,0,0,0,0,0,0,,,,
RUE,2012,10,5,4,11.7,,,,,,,,946.9,,0.9,,0,0,0,0,0,0,0,,,,
RUE,2012,10,5,5,11.8,,,,,,,,947,,0.7,,0,0,0,0,0,0,0,,,,
RUE,2012,10,5,6,11.8,,,,,,,,947.2,,1.3,,60,0,0,0,0,0,0,,,,
RUE,2012,10,5,7,13.2,,,,,,,,947.6,,0.7,,206,0,0,0,0,0,0,,,,
RUE,2012,10,5,8,14.5,,,,,,,,947.7,,1.2,,366,4579,60.4,0,0,0,0,,,,
RUE,2012,10,5,9,16.1,,,,,,,,947.9,,0.9,,499,1801.6,82.3,0,0,0,0,,,,
RUE,2012,10,5,10,16.7,,,,,,,,947.9,,1.5,,548,1211.7,90.4,0,0,0,0,,,,
RUE,2012,10,5,11,17.1,,,,,,,,947.6,,2.4,,501,820.2,95.6,0,0,0,0,,,,
RUE,2012,10,5,12,18.2,,,,,,,,947.3,,1.6,,546,716,135.7,0,0,0,0,,,,
RUE,2012,10,5,13,18.7,,,,,,,,947.1,,1.1,,420,242.5,272.4,0,0,0,0,,,,
RUE,2012,10,5,14,18.4,,,,,,,,946.9,,1.6,,342,107.7,277.6,0,0,0,0,,,,
RUE,2012,10,5,15,17.7,,,,,,,,946.7,,1.1,,144,4.6,141.5,0,0,0,0,,,,
RUE,2012,10,5,16,17.2,,,,,,,,946.7,,0.7,,77,2,76.1,0,0,0,0,,,,
RUE,2012,10,5,17,16,,,,,,,,946.9,,0.8,,3,0,3,0,0,0,0,,,,
RUE,2012,10,5,18,15.2,,,,,,,,947.1,,0.8,,0,0,0,0,0,0,0,,,,
RUE,2012,10,5,19,14.7,,,,,,,,947.5,,1.1,,0,0,0,0,0,0,0,,,,
RUE,2012,10,5,20,14.3,,,,,,,,947.8,,1.6,,0,0,0,0,0,0,0,,,,
RUE,2012,10,5,21,13.8,,,,,,,,947.9,,0.4,,0,0,0,0,0,0,0,,,,
RUE,2012,10,5,22,14.7,,,,,,,,947.9,,0.8,,0,0,0,0,0,0,0,,,,
RUE,2012,10,5,23,14.6,,,,,,,,947.7,,0.9,,0,0,0,0,0,0,0,,,,
RUE,2012,10,6,0,15.3,,,,,,,,947.4,,0.7,,0,0,0,0,0,0,0,,,,
RUE,2012,10,6,1,15.1,,,,,,,,946.9,,1.9,,0,0,0,0,0,0,0,,,,
RUE,2012,10,6,2,15.9,,,,,,,,946.4,,2.1,,0,0,0,0,0,0,0,,,,
RUE,2012,10,6,3,16.1,,,,,,,,946.3,,1.7,,0,0,0,0,0,0,0,,,,
RUE,2012,10,6,4,16.8,,,,,,,,946.1,,3.5,,0,0,0,0,0,0,0,,,,
RUE,2012,10,6,5,15.4,,,,,,,,946.1,,1.7,,1,0,0,0,0,0,0,,,,
RUE,2012,10,6,6,16.8,,,,,,,,946.3,,3,,55,0,0,0,0,0,0,,,,
RUE,2012,10,6,7,18.2,,,,,,,,946.4,,4.3,,213,0,0,0,0,0,0,,,,
RUE,2012,10,6,8,19.5,,,,,,,,946.5,,4.9,,361,4802.6,59.6,0,0,0,0,,,,
RUE,2012,10,6,9,20.5,,,,,,,,946.8,,3.9,,394,1449.4,65,0,0,0,0,,,,
RUE,2012,10,6,10,20.4,,,,,,,,947,,2.1,,402,899.8,66.3,0,0,0,0,,,,
RUE,2012,10,6,11,20.2,,,,,,,,946.9,,2.3,,309,166.8,227.4,0,0,0,0,,,,
RUE,2012,10,6,12,20.6,,,,,,,,946.8,,2.5,,307,82.7,260,0,0,0,0,,,,
RUE,2012,10,6,13,20.4,,,,,,,,946.7,,1.2,,292,48.5,262.8,0,0,0,0,,,,
RUE,2012,10,6,14,19.9,,,,,,,,946.4,,0.8,,214,11.4,207.2,0,0,0,0,,,,
RUE,2012,10,6,15,18.7,,,,,,,,946.1,,0.8,,63,0.9,62.5,0,0,0,0,,,,
RUE,2012,10,6,16,18,,,,,,,,945.9,,0.5,,28,0.3,27.9,0,0,0,0,,,,
RUE,2012,10,6,17,17.6,,,,,,,,946,,1,,1,0,1,0,0,0,0,,,,
RUE,2012,10,6,18,16.6,,,,,,,,946.1,,1.3,,0,0,0,0,0,0,0,,,,
RUE,2012,10,6,19,16.2,,,,,,,,946,,1,,0,0,0,0,0,0,0,,,,
RUE,2012,10,6,20,16.3,,,,,,,,945.8,,1,,0,0,0,0,0,0,0,,,,
RUE,2012,10,6,21,15.3,,,,,,,,946.2,,0.8,,0,0,0,0,0,0,0,,,,
RUE,2012,10,6,22,15,,,,,,,,946.3,,0.9,,0,0,0,0,0,0,0,,,,
RUE,2012,10,6,23,14.7,,,,,,,,946.1,,0.9,,0,0,0,0,0,0,0,,,,
RUE,2012,10,7,0,15,,,,,,,,945.7,,2.3,,0,0,0,0,0,0,0,,,,
RUE,2012,10,7,1,15.2,,,,,,,,945,,2.3,,0,0,0,0,0,0,0,,,,
RUE,2012,10,7,2,15.3,,,,,,,,944.2,,4.3,,0,0,0,0,0,0,0,,,,
RUE,2012,10,7,3,14.6,,,,,,,,943.9,,4.2,,0,0,0,0,0,0,0,,,,
RUE,2012,10,7,4,14.4,,,,,,,,943.5,,4.5,,0,0,0,0,0,0,0,,,,
RUE,2012,10,7,5,14.6,,,,,,,,943.6,,4.1,,0,0,0,0,0,0,0,,,,
RUE,2012,10,7,6,13.3,,,,,,,,944.4,,3.6,,4,0,0,0,0,0,0,,,,
RUE,2012,10,7,7,13.1,,,,,,,,945,,2.8,,18,0,0,0,0,0,0,,,,
RUE,2012,10,7,8,13.2,,,,,,,,945.8,,1.6,,28,29.7,26.3,0,0,0,0,,,,
RUE,2012,10,7,9,13.4,,,,,,,,946.3,,1.6,,41,2.2,40.5,0,0,0,0,,,,
RUE,2012,10,7,10,13.6,,,,,,,,946.6,,3.3,,78,2.9,76.9,0,0,0,0,,,,
RUE,2012,10,7,11,13.7,,,,,,,,947.1,,3.1,,134,5,131.6,0,0,0,0,,,,
RUE,2012,10,7,12,14.2,,,,,,,,947.3,,3.4,,312,92.8,259.8,0,0,0,0,,,,
RUE,2012,10,7,13,13.1,,,,,,,,947.8,,3.4,,92,1.6,91.1,0,0,0,0,,,,
RUE,2012,10,7,14,11.3,,,,,,,,948.4,,3.8,,78,1.2,77.3,0,0,0,0,,,,
RUE,2012,10,7,15,10.6,,,,,,,,948.9,,2.9,,50,0.6,49.7,0,0,0,0,,,,
RUE,2012,10,7,16,10.1,,,,,,,,949.5,,1.4,,14,0.1,14,0,0,0,0,,,,
RUE,2012,10,7,17,9.7,,,,,,,,950.2,,1,,0,0,0,0,0,0,0,,,,
RUE,2012,10,7,18,9.7,,,,,,,,950.7,,1.6,,0,0,0,0,0,0,0,,,,
RUE,2012,10,7,19,9.5,,,,,,,,951.1,,1.1,,0,0,0,0,0,0,0,,,,
RUE,2012,10,7,20,9.4,,,,,,,,951.5,,0.5,,0,0,0,0,0,0,0,,,,
RUE,2012,10,7,21,9.2,,,,,,,,951.6,,0.8,,0,0,0,0,0,0,0,,,,
RUE,2012,10,7,22,8.4,,,,,,,,951.3,,3.1,,0,0,0,0,0,0,0,,,,
RUE,2012,10,7,23,7.6,,,,,,,,951.3,,2.4,,0,0,0,0,0,0,0,,,,
RUE,2012,10,8,0,7.7,,,,,,,,951.2,,2.6,,0,0,0,0,0,0,0,,,,
RUE,2012,10,8,1,7.4,,,,,,,,951.1,,2.3,,0,0,0,0,0,0,0,,,,
RUE,2012,10,8,2,7.2,,,,,,,,950.6,,1.7,,0,0,0,0,0,0,0,,,,
RUE,2012,10,8,3,7.3,,,,,,,,949.9,,1.9,,0,0,0,0,0,0,0,,,,
RUE,2012,10,8,4,7,,,,,,,,949.5,,2.5,,0,0,0,0,0,0,0,,,,
RUE,2012,10,8,5,6.7,,,,,,,,949.1,,2.6,,0,0,0,0,0,0,0,,,,
RUE,2012,10,8,6,6.8,,,,,,,,948.9,,2.8,,44,0,0,0,0,0,0,,,,
RUE,2012,10,8,7,8.1,,,,,,,,948.8,,2.3,,226,0,0,0,0,0,0,,,,
RUE,2012,10,8,8,9.1,,,,,,,,948.6,,2.2,,197,3000.3,32.5,0,0,0,0,,,,
RUE,2012,10,8,9,10,,,,,,,,948.3,,2.4,,214,763.2,47.3,0,0,0,0,,,,
RUE,2012,10,8,10,10.8,,,,,,,,948.1,,2,,276,346.6,149.8,0,0,0,0,,,,
RUE,2012,10,8,11,11.1,,,,,,,,948,,1.6,,193,19,183.9,0,0,0,0,,,,
RUE,2012,10,8,12,11.1,,,,,,,,947.6,,1.2,,141,4.2,138.7,0,0,0,0,,,,
RUE,2012,10,8,13,11.6,,,,,,,,947.1,,0.8,,114,2.4,112.6,0,0,0,0,,,,
RUE,2012,10,8,14,12.4,,,,,,,,946.5,,1.1,,69,0.9,68.5,0,0,0,0,,,,
RUE,2012,10,8,15,13.1,,,,,,,,945.7,,2,,70,1.2,69.4,0,0,0,0,,,,
RUE,2012,10,8,16,13,,,,,,,,945.2,,1.7,,23,0.2,22.9,0,0,0,0,,,,
RUE,2012,10,8,17,12.7,,,,,,,,945.1,,1.1,,1,0,1,0,0,0,0,,,,
RUE,2012,10,8,18,12.4,,,,,,,,944.8,,1.3,,0,0,0,0,0,0,0,,,,
RUE,2012,10,8,19,12.6,,,,,,,,944.3,,2.1,,0,0,0,0,0,0,0,,,,
RUE,2012,10,8,20,12.9,,,,,,,,943.9,,1.5,,0,0,0,0,0,0,0,,,,
RUE,2012,10,8,21,13.2,,,,,,,,943.4,,1.4,,0,0,0,0,0,0,0,,,,
RUE,2012,10,8,22,13.9,,,,,,,,942.7,,2.3,,0,0,0,0,0,0,0,,,,
RUE,2012,10,8,23,14.2,,,,,,,,942,,2.5,,0,0,0,0,0,0,0,,,,
RUE,2012,10,9,0,13.7,,,,,,,,941.2,,1.4,,0,0,0,0,0,0,0,,,,
RUE,2012,10,9,1,13.7,,,,,,,,940.8,,1,,0,0,0,0,0,0,0,,,,
RUE,2012,10,9,2,13.5,,,,,,,,940.3,,1.5,,0,0,0,0,0,0,0,,,,
RUE,2012,10,9,3,13.6,,,,,,,,940.6,,0.8,,0,0,0,0,0,0,0,,,,
RUE,2012,10,9,4,13.3,,,,,,,,940.7,,0.7,,0,0,0,0,0,0,0,,,,
RUE,2012,10,9,5,12.9,,,,,,,,941.1,,1.2,,0,0,0,0,0,0,0,,,,
RUE,2012,10,9,6,13.1,,,,,,,,941.6,,1.8,,4,0,0,0,0,0,0,,,,
RUE,2012,10,9,7,13.7,,,,,,,,942.1,,2.3,,31,0,0,0,0,0,0,,,,
RUE,2012,10,9,8,14.3,,,,,,,,942.4,,3,,61,0,0,0,0,0,0,,,,
RUE,2012,10,9,9,14.5,,,,,,,,942.9,,3.6,,143,210.6,97.9,0,0,0,0,,,,
RUE,2012,10,9,10,15.1,,,,,,,,943.2,,3.1,,174,48.1,156.7,0,0,0,0,,,,
RUE,2012,10,9,11,15.6,,,,,,,,943.2,,2.4,,204,26.3,191.5,0,0,0,0,,,,
RUE,2012,10,9,12,15.6,,,,,,,,942.9,,3.7,,221,18.4,210.8,0,0,0,0,,,,
RUE,2012,10,9,13,15.8,,,,,,,,942.7,,4.1,,208,10.4,201.9,0,0,0,0,,,,
RUE,2012,10,9,14,16.1,,,,,,,,942.8,,3.3,,156,4.8,153.2,0,0,0,0,,,,
RUE,2012,10,9,15,15,,,,,,,,943,,4,,69,1.2,68.4,0,0,0,0,,,,
RUE,2012,10,9,16,14.6,,,,,,,,943.1,,2.5,,15,0.1,15,0,0,0,0,,,,
RUE,2012,10,9,17,14.1,,,,,,,,943.4,,2.4,,0,0,0,0,0,0,0,,,,
RUE,2012,10,9,18,14,,,,,,,,943.6,,2.6,,0,0,0,0,0,0,0,,,,
RUE,2012,10,9,19,13.6,,,,,,,,943.9,,2.5,,0,0,0,0,0,0,0,,,,
RUE,2012,10,9,20,13.1,,,,,,,,944.1,,1.8,,0,0,0,0,0,0,0,,,,
RUE,2012,10,9,21,12.8,,,,,,,,944.1,,1.1,,0,0,0,0,0,0,0,,,,
RUE,2012,10,9,22,12.6,,,,,,,,943.9,,1,,0,0,0,0,0,0,0,,,,
RUE,2012,10,9,23,12.3,,,,,,,,943.7,,1.3,,0,0,0,0,0,0,0,,,,
RUE,2012,10,10,0,11.9,,,,,,,,943.6,,1.2,,0,0,0,0,0,0,0,,,,
RUE,2012,10,10,1,11.7,,,,,,,,943.2,,0.8,,0,0,0,0,0,0,0,,,,
RUE,2012,10,10,2,11.6,,,,,,,,942.8,,0.3,,0,0,0,0,0,0,0,,,,
RUE,2012,10,10,3,11.7,,,,,,,,942.5,,0.5,,0,0,0,0,0,0,0,,,,
RUE,2012,10,10,4,11.8,,,,,,,,942,,0.4,,0,0,0,0,0,0,0,,,,
RUE,2012,10,10,5,11.6,,,,,,,,941.5,,0.7,,0,0,0,0,0,0,0,,,,
RUE,2012,10,10,6,11.7,,,,,,,,941.7,,1.4,,0,0,0,0,0,0,0,,,,
RUE,2012,10,10,7,11.7,,,,,,,,941.8,,1,,3,0,0,0,0,0,0,,,,
RUE,2012,10,10,8,11.6,,,,,,,,942.1,,2.2,,18,0,0,0,0,0,0,,,,
RUE,2012,10,10,9,12.6,,,,,,,,941.8,,0.8,,170,438.7,78,0,0,0,0,,,,
RUE,2012,10,10,10,12.6,,,,,,,,942.3,,1.2,,110,6.5,107.7,0,0,0,0,,,,
RUE,2012,10,10,11,12.4,,,,,,,,942.4,,1.1,,102,3.1,100.5,0,0,0,0,,,,
RUE,2012,10,10,12,12.6,,,,,,,,942.3,,1.1,,215,16.8,205.8,0,0,0,0,,,,
RUE,2012,10,10,13,12.5,,,,,,,,942.3,,1.1,,184,6.9,180,0,0,0,0,,,,
RUE,2012,10,10,14,12.1,,,,,,,,942.2,,0.8,,93,1.7,92,0,0,0,0,,,,
RUE,2012,10,10,15,11.6,,,,,,,,942.4,,0.9,,50,0.6,49.7,0,0,0,0,,,,
RUE,2012,10,10,16,11.3,,,,,,,,942.5,,0.6,,15,0.1,15,0,0,0,0,,,,
RUE,2012,10,10,17,11.2,,,,,,,,942.8,,0.5,,0,0,0,0,0,0,0,,,,
RUE,2012,10,10,18,10.7,,,,,,,,943,,0.8,,0,0,0,0,0,0,0,,,,
RUE,2012,10,10,19,10.4,,,,,,,,943.2,,1.1,,0,0,0,0,0,0,0,,,,
RUE,2012,10,10,20,10.3,,,,,,,,943.2,,1.1,,0,0,0,0,0,0,0,,,,
RUE,2012,10,10,21,10.3,,,,,,,,943.1,,0.5,,0,0,0,0,0,0,0,,,,
RUE,2012,10,10,22,10.3,,,,,,,,942.9,,0.7,,0,0,0,0,0,0,0,,,,
RUE,2012,10,10,23,10.3,,,,,,,,942.7,,1.1,,0,0,0,0,0,0,0,,,,
RUE,2012,10,11,0,10.5,,,,,,,,942.3,,0.9,,0,0,0,0,0,0,0,,,,
RUE,2012,10,11,1,10.8,,,,,,,,941.9,,0.9,,0,0,0,0,0,0,0,,,,
RUE,2012,10,11,2,10.7,,,,,,,,941.7,,0.7,,0,0,0,0,0,0,0,,,,
RUE,2012,10,11,3,10.8,,,,,,,,941.3,,1.3,,0,0,0,0,0,0,0,,,,
RUE,2012,10,11,4,11,,,,,,,,941,,1.5,,0,0,0,0,0,0,0,,,,
RUE,2012,10,11,5,11.3,,,,,,,,940.6,,1.4,,0,0,0,0,0,0,0,,,,
RUE,2012,10,11,6,11.5,,,,,,,,940.5,,1.1,,16,0,0,0,0,0,0,,,,
RUE,2012,10,11,7,12,,,,,,,,940.4,,1.8,,68,0,0,0,0,0,0,,,,
RUE,2012,10,11,8,12.4,,,,,,,,940.4,,1.7,,138,0,0,0,0,0,0,,,,
RUE,2012,10,11,9,13,,,,,,,,940.2,,2.5,,280,1138.4,46.2,0,0,0,0,,,,
RUE,2012,10,11,10,13.9,,,,,,,,939.9,,2.1,,404,962.9,66.7,0,0,0,0,,,,
RUE,2012,10,11,11,14.7,,,,,,,,939.4,,1.9,,296,170.5,216.7,0,0,0,0,,,,
RUE,2012,10,11,12,15.1,,,,,,,,939,,2.2,,384,264.7,240.3,0,0,0,0,,,,
RUE,2012,10,11,13,15.7,,,,,,,,938.8,,1.9,,411,272.3,253.9,0,0,0,0,,,,
RUE,2012,10,11,14,16.3,,,,,,,,938.5,,2.7,,394,249.6,252.9,0,0,0,0,,,,
RUE,2012,10,11,15,15.3,,,,,,,,938.3,,1.9,,98,2.4,96.8,0,0,0,0,,,,
RUE,2012,10,11,16,13.9,,,,,,,,938.2,,1.6,,45,0.8,44.7,0,0,0,0,,,,
RUE,2012,10,11,17,12.7,,,,,,,,938.1,,1.9,,1,0,1,0,0,0,0,,,,
RUE,2012,10,11,18,12.1,,,,,,,,938.2,,2.2,,0,0,0,0,0,0,0,,,,
RUE,2012,10,11,19,11.8,,,,,,,,938.4,,2.4,,0,0,0,0,0,0,0,,,,
RUE,2012,10,11,20,11.6,,,,,,,,938.5,,2.5,,0,0,0,0,0,0,0,,,,
RUE,2012,10,11,21,11.7,,,,,,,,938.5,,2.5,,0,0,0,0,0,0,0,,,,
RUE,2012,10,11,22,11.9,,,,,,,,938.3,,1.8,,0,0,0,0,0,0,0,,,,
RUE,2012,10,11,23,12,,,,,,,,938,,2.4,,0,0,0,0,0,0,0,,,,
RUE,2012,10,12,0,11.9,,,,,,,,938,,2.2,,0,0,0,0,0,0,0,,,,
RUE,2012,10,12,1,12.2,,,,,,,,937.8,,1.8,,0,0,0,0,0,0,0,,,,
RUE,2012,10,12,2,12.2,,,,,,,,937.6,,0.7,,0,0,0,0,0,0,0,,,,
RUE,2012,10,12,3,12.2,,,,,,,,937.5,,0.6,,0,0,0,0,0,0,0,,,,
RUE,2012,10,12,4,11.8,,,,,,,,937.6,,0.8,,0,0,0,0,0,0,0,,,,
RUE,2012,10,12,5,12,,,,,,,,937.7,,0.5,,0,0,0,0,0,0,0,,,,
RUE,2012,10,12,6,12.5,,,,,,,,938.1,,0.9,,12,0,0,0,0,0,0,,,,
RUE,2012,10,12,7,12.7,,,,,,,,938.7,,1,,36,0,0,0,0,0,0,,,,
RUE,2012,10,12,8,13.2,,,,,,,,939,,1.7,,95,0,0,0,0,0,0,,,,
RUE,2012,10,12,9,14.1,,,,,,,,939.5,,1.4,,145,285.1,87.7,0,0,0,0,,,,
RUE,2012,10,12,10,13.4,,,,,,,,940.2,,2.2,,81,3.6,79.8,0,0,0,0,,,,
RUE,2012,10,12,11,12.4,,,,,,,,941,,4,,143,6.5,140,0,0,0,0,,,,
RUE,2012,10,12,12,12.9,,,,,,,,941.5,,3.3,,203,13.8,195.6,0,0,0,0,,,,
RUE,2012,10,12,13,13.4,,,,,,,,942.1,,4,,288,58.3,254.7,0,0,0,0,,,,
RUE,2012,10,12,14,11.4,,,,,,,,943,,4.7,,140,4.1,137.7,0,0,0,0,,,,
RUE,2012,10,12,15,10.7,,,,,,,,943.9,,3.1,,71,1.3,70.3,0,0,0,0,,,,
RUE,2012,10,12,16,10.2,,,,,,,,944.6,,2.3,,26,0.3,25.9,0,0,0,0,,,,
RUE,2012,10,12,17,10,,,,,,,,945.2,,2.3,,0,0,0,0,0,0,0,,,,
RUE,2012,10,12,18,9.4,,,,,,,,945.7,,2.1,,0,0,0,0,0,0,0,,,,
RUE,2012,10,12,19,8.6,,,,,,,,945.9,,1.7,,0,0,0,0,0,0,0,,,,
RUE,2012,10,12,20,8.2,,,,,,,,946.1,,1.7,,0,0,0,0,0,0,0,,,,
RUE,2012,10,12,21,7.7,,,,,,,,946.5,,0.8,,0,0,0,0,0,0,0,,,,
RUE,2012,10,12,22,7.6,,,,,,,,946.5,,0.6,,0,0,0,0,0,0,0,,,,
RUE,2012,10,12,23,8.1,,,,,,,,946.4,,0.4,,0,0,0,0,0,0,0,,,,
RUE,2012,10,13,0,7.6,,,,,,,,946.3,,0.5,,0,0,0,0,0,0,0,,,,
RUE,2012,10,13,1,7.2,,,,,,,,945.8,,1,,0,0,0,0,0,0,0,,,,
RUE,2012,10,13,2,6.9,,,,,,,,945.5,,1.1,,0,0,0,0,0,0,0,,,,
RUE,2012,10,13,3,6.1,,,,,,,,945.2,,1,,0,0,0,0,0,0,0,,,,
RUE,2012,10,13,4,6,,,,,,,,944.9,,1.7,,0,0,0,0,0,0,0,,,,
RUE,2012,10,13,5,5.7,,,,,,,,944.5,,1.1,,0,0,0,0,0,0,0,,,,
RUE,2012,10,13,6,5.7,,,,,,,,944.1,,1.2,,21,0,0,0,0,0,0,,,,
RUE,2012,10,13,7,6.2,,,,,,,,943.8,,1.5,,119,0,0,0,0,0,0,,,,
RUE,2012,10,13,8,7.4,,,,,,,,943.6,,1.5,,247,0,0,0,0,0,0,,,,
RUE,2012,10,13,9,9.1,,,,,,,,942.9,,1.6,,386,1639,63.7,0,0,0,0,,,,
RUE,2012,10,13,10,10.8,,,,,,,,942.2,,1.7,,457,1118.7,75.4,0,0,0,0,,,,
RUE,2012,10,13,11,11,,,,,,,,941.5,,1.5,,420,651.2,123.2,0,0,0,0,,,,
RUE,2012,10,13,12,11.5,,,,,,,,941,,0.9,,353,202.4,245.2,0,0,0,0,,,,
RUE,2012,10,13,13,12.2,,,,,,,,940.4,,1.5,,394,247,254.1,0,0,0,0,,,,
RUE,2012,10,13,14,12.4,,,,,,,,939.9,,2.1,,314,101.5,257.8,0,0,0,0,,,,
RUE,2012,10,13,15,11.5,,,,,,,,939.5,,2.3,,94,2.3,92.8,0,0,0,0,,,,
RUE,2012,10,13,16,10.2,,,,,,,,939.7,,2.6,,23,0.2,22.9,0,0,0,0,,,,
RUE,2012,10,13,17,9.2,,,,,,,,940,,1.2,,0,0,0,0,0,0,0,,,,
RUE,2012,10,13,18,8.7,,,,,,,,939.8,,1.5,,0,0,0,0,0,0,0,,,,
RUE,2012,10,13,19,8.5,,,,,,,,939.6,,1.5,,0,0,0,0,0,0,0,,,,
RUE,2012,10,13,20,8,,,,,,,,939.5,,0.8,,0,0,0,0,0,0,0,,,,
RUE,2012,10,13,21,8.8,,,,,,,,939.1,,1.7,,0,0,0,0,0,0,0,,,,
RUE,2012,10,13,22,8.8,,,,,,,,938.9,,1.8,,0,0,0,0,0,0,0,,,,
RUE,2012,10,13,23,9.1,,,,,,,,938.5,,2.1,,0,0,0,0,0,0,0,,,,
RUE,2012,10,14,0,9.2,,,,,,,,938.2,,2.2,,0,0,0,0,0,0,0,,,,
RUE,2012,10,14,1,9.8,,,,,,,,937.8,,2.7,,0,0,0,0,0,0,0,,,,
RUE,2012,10,14,2,9.9,,,,,,,,937.3,,2.3,,0,0,0,0,0,0,0,,,,
RUE,2012,10,14,3,8,,,,,,,,937.4,,3,,0,0,0,0,0,0,0,,,,
RUE,2012,10,14,4,7.2,,,,,,,,937.1,,1.7,,0,0,0,0,0,0,0,,,,
RUE,2012,10,14,5,7.2,,,,,,,,936.4,,0.5,,0,0,0,0,0,0,0,,,,
RUE,2012,10,14,6,7.1,,,,,,,,935.9,,1.1,,15,0,0,0,0,0,0,,,,
RUE,2012,10,14,7,7.3,,,,,,,,935.1,,1.9,,79,0,0,0,0,0,0,,,,
RUE,2012,10,14,8,8.6,,,,,,,,934.4,,1.9,,129,0,0,0,0,0,0,,,,
RUE,2012,10,14,9,9.4,,,,,,,,933.5,,2.2,,159,466.7,69.3,0,0,0,0,,,,
RUE,2012,10,14,10,9.7,,,,,,,,933,,3.3,,144,25.6,135.4,0,0,0,0,,,,
RUE,2012,10,14,11,9.5,,,,,,,,932.2,,2.8,,109,3.8,107.3,0,0,0,0,,,,
RUE,2012,10,14,12,10,,,,,,,,931.1,,1.6,,96,2.2,94.9,0,0,0,0,,,,
RUE,2012,10,14,13,9.9,,,,,,,,930.4,,2.1,,92,1.8,91,0,0,0,0,,,,
RUE,2012,10,14,14,9.5,,,,,,,,930.2,,1.5,,69,1,68.4,0,0,0,0,,,,
RUE,2012,10,14,15,10.1,,,,,,,,929.6,,2.8,,61,1,60.5,0,0,0,0,,,,
RUE,2012,10,14,16,10.2,,,,,,,,929.6,,2.1,,6,0,6,0,0,0,0,,,,
RUE,2012,10,14,17,10,,,,,,,,929.7,,1.9,,0,0,0,0,0,0,0,,,,
RUE,2012,10,14,18,10.6,,,,,,,,929.8,,3.1,,0,0,0,0,0,0,0,,,,
RUE,2012,10,14,19,10.6,,,,,,,,929.7,,1.5,,0,0,0,0,0,0,0,,,,
RUE,2012,10,14,20,9.7,,,,,,,,929.7,,1.4,,0,0,0,0,0,0,0,,,,
RUE,2012,10,14,21,9.6,,,,,,,,929.3,,1.6,,0,0,0,0,0,0,0,,,,
RUE,2012,10,14,22,9.5,,,,,,,,929.2,,1.2,,0,0,0,0,0,0,0,,,,
RUE,2012,10,14,23,9.5,,,,,,,,929.9,,3.6,,0,0,0,0,0,0,0,,,,
RUE,2012,10,15,0,8.8,,,,,,,,930.7,,3.1,,0,0,0,0,0,0,0,,,,
RUE,2012,10,15,1,7.9,,,,,,,,931.2,,3.2,,0,0,0,0,0,0,0,,,,
RUE,2012,10,15,2,6,,,,,,,,932.2,,5.4,,0,0,0,0,0,0,0,,,,
RUE,2012,10,15,3,4.6,,,,,,,,933.2,,5,,0,0,0,0,0,0,0,,,,
RUE,2012,10,15,4,4,,,,,,,,934.4,,4.1,,0,0,0,0,0,0,0,,,,
RUE,2012,10,15,5,3.9,,,,,,,,935.5,,3.2,,0,0,0,0,0,0,0,,,,
RUE,2012,10,15,6,3.9,,,,,,,,936.5,,2.2,,1,0,0,0,0,0,0,,,,
RUE,2012,10,15,7,4.2,,,,,,,,937.6,,2.2,,26,0,0,0,0,0,0,,,,
RUE,2012,10,15,8,4.5,,,,,,,,938.4,,2.3,,81,0,0,0,0,0,0,,,,
RUE,2012,10,15,9,5.2,,,,,,,,939,,2.2,,152,432.5,70.7,0,0,0,0,,,,
RUE,2012,10,15,10,6.2,,,,,,,,939.4,,1.5,,236,268.3,147,0,0,0,0,,,,
RUE,2012,10,15,11,6.6,,,,,,,,939.4,,1.7,,237,74.7,203.7,0,0,0,0,,,,
RUE,2012,10,15,12,6.5,,,,,,,,939.6,,1,,130,4.1,127.9,0,0,0,0,,,,
RUE,2012,10,15,13,6.4,,,,,,,,939.9,,1.1,,89,1.7,88.1,0,0,0,0,,,,
RUE,2012,10,15,14,6.2,,,,,,,,940.3,,1.3,,78,1.3,77.3,0,0,0,0,,,,
RUE,2012,10,15,15,6.1,,,,,,,,940.5,,1.2,,81,1.8,80.1,0,0,0,0,,,,
RUE,2012,10,15,16,5.8,,,,,,,,940.9,,0.4,,20,0.2,19.9,0,0,0,0,,,,
RUE,2012,10,15,17,5.7,,,,,,,,941.2,,0.7,,0,0,0,0,0,0,0,,,,
RUE,2012,10,15,18,5.5,,,,,,,,941.5,,0.6,,0,0,0,0,0,0,0,,,,
RUE,2012,10,15,19,5.1,,,,,,,,941.9,,0.4,,0,0,0,0,0,0,0,,,,
RUE,2012,10,15,20,5,,,,,,,,942.3,,1,,0,0,0,0,0,0,0,,,,
RUE,2012,10,15,21,4.6,,,,,,,,942.5,,0.7,,0,0,0,0,0,0,0,,,,
RUE,2012,10,15,22,4.3,,,,,,,,942.5,,0.5,,0,0,0,0,0,0,0,,,,
RUE,2012,10,15,23,4,,,,,,,,942.5,,1.6,,0,0,0,0,0,0,0,,,,
RUE,2012,10,16,0,3.9,,,,,,,,942.5,,1.5,,0,0,0,0,0,0,0,,,,
RUE,2012,10,16,1,3.8,,,,,,,,941.9,,1.6,,0,0,0,0,0,0,0,,,,
RUE,2012,10,16,2,3.7,,,,,,,,941.4,,1,,0,0,0,0,0,0,0,,,,
RUE,2012,10,16,3,3.2,,,,,,,,941.3,,1.3,,0,0,0,0,0,0,0,,,,
RUE,2012,10,16,4,2.8,,,,,,,,941.3,,1.4,,0,0,0,0,0,0,0,,,,
RUE,2012,10,16,5,2.7,,,,,,,,941.2,,1.6,,0,0,0,0,0,0,0,,,,
RUE,2012,10,16,6,3.3,,,,,,,,941.3,,0.7,,29,0,0,0,0,0,0,,,,
RUE,2012,10,16,7,4.6,,,,,,,,941.2,,1.5,,184,0,0,0,0,0,0,,,,
RUE,2012,10,16,8,6.1,,,,,,,,941.7,,2.7,,340,0,0,0,0,0,0,,,,
RUE,2012,10,16,9,7.1,,,,,,,,942,,3.6,,472,2147.5,77.9,0,0,0,0,,,,
RUE,2012,10,16,10,8.2,,,,,,,,942,,4,,539,1375.4,88.9,0,0,0,0,,,,
RUE,2012,10,16,11,8.7,,,,,,,,941.6,,4.3,,558,1056.2,92.1,0,0,0,0,,,,
RUE,2012,10,16,12,9.7,,,,,,,,941.5,,3.2,,462,593.8,154.8,0,0,0,0,,,,
RUE,2012,10,16,13,10.2,,,,,,,,941.5,,2.9,,247,32.4,229.2,0,0,0,0,,,,
RUE,2012,10,16,14,9.9,,,,,,,,941.6,,1.9,,164,6.2,160.7,0,0,0,0,,,,
RUE,2012,10,16,15,9.5,,,,,,,,941.7,,1.9,,75,1.6,74.2,0,0,0,0,,,,
RUE,2012,10,16,16,8.7,,,,,,,,941.9,,1.3,,12,0.1,12,0,0,0,0,,,,
RUE,2012,10,16,17,8.4,,,,,,,,942.4,,1.2,,0,0,0,0,0,0,0,,,,
RUE,2012,10,16,18,8.1,,,,,,,,942.8,,0.9,,0,0,0,0,0,0,0,,,,
RUE,2012,10,16,19,7.9,,,,,,,,943,,1,,0,0,0,0,0,0,0,,,,
RUE,2012,10,16,20,8,,,,,,,,943,,1.3,,0,0,0,0,0,0,0,,,,
RUE,2012,10,16,21,8.3,,,,,,,,942.8,,4.1,,0,0,0,0,0,0,0,,,,
RUE,2012,10,16,22,8,,,,,,,,942.5,,4.6,,0,0,0,0,0,0,0,,,,
RUE,2012,10,16,23,8.3,,,,,,,,942.3,,3.6,,0,0,0,0,0,0,0,,,,
RUE,2012,10,17,0,8.9,,,,,,,,942.3,,2,,0,0,0,0,0,0,0,,,,
RUE,2012,10,17,1,8.4,,,,,,,,942.2,,3.4,,0,0,0,0,0,0,0,,,,
RUE,2012,10,17,2,8.3,,,,,,,,942.3,,3.8,,0,0,0,0,0,0,0,,,,
RUE,2012,10,17,3,8.7,,,,,,,,941.9,,2.5,,0,0,0,0,0,0,0,,,,
RUE,2012,10,17,4,8.4,,,,,,,,941.7,,4,,0,0,0,0,0,0,0,,,,
RUE,2012,10,17,5,7.9,,,,,,,,941.5,,3.2,,0,0,0,0,0,0,0,,,,
RUE,2012,10,17,6,7.9,,,,,,,,941.6,,4.6,,33,0,0,0,0,0,0,,,,
RUE,2012,10,17,7,8.7,,,,,,,,942.4,,2.7,,141,0,0,0,0,0,0,,,,
RUE,2012,10,17,8,11,,,,,,,,942.8,,2.8,,275,0,0,0,0,0,0,,,,
RUE,2012,10,17,9,11.2,,,,,,,,942.9,,2.2,,130,289.4,78.2,0,0,0,0,,,,
RUE,2012,10,17,10,11.6,,,,,,,,943.1,,4.2,,286,580.3,98.8,0,0,0,0,,,,
RUE,2012,10,17,11,13.1,,,,,,,,942.9,,4.7,,465,886.7,78.2,0,0,0,0,,,,
RUE,2012,10,17,12,14,,,,,,,,942.6,,1.7,,246,45.4,222.7,0,0,0,0,,,,
RUE,2012,10,17,13,14.5,,,,,,,,942.5,,1,,201,12.3,194.3,0,0,0,0,,,,
RUE,2012,10,17,14,15.2,,,,,,,,942.3,,1,,164,6.3,160.6,0,0,0,0,,,,
RUE,2012,10,17,15,14.8,,,,,,,,941.9,,2.4,,97,2.7,95.7,0,0,0,0,,,,
RUE,2012,10,17,16,14.4,,,,,,,,941.7,,1.1,,26,0.3,25.9,0,0,0,0,,,,
RUE,2012,10,17,17,12.1,,,,,,,,941.9,,2.1,,0,0,0,0,0,0,0,,,,
RUE,2012,10,17,18,10.9,,,,,,,,941.9,,2.1,,0,0,0,0,0,0,0,,,,
RUE,2012,10,17,19,10.9,,,,,,,,942,,1.9,,0,0,0,0,0,0,0,,,,
RUE,2012,10,17,20,10.4,,,,,,,,942.3,,2,,0,0,0,0,0,0,0,,,,
RUE,2012,10,17,21,10.5,,,,,,,,942.5,,1.9,,0,0,0,0,0,0,0,,,,
RUE,2012,10,17,22,11,,,,,,,,942.6,,1.5,,0,0,0,0,0,0,0,,,,
RUE,2012,10,17,23,11.1,,,,,,,,942.4,,2.1,,0,0,0,0,0,0,0,,,,
RUE,2012,10,18,0,11.1,,,,,,,,942.5,,1.8,,0,0,0,0,0,0,0,,,,
RUE,2012,10,18,1,10.5,,,,,,,,942.4,,1.8,,0,0,0,0,0,0,0,,,,
RUE,2012,10,18,2,9.8,,,,,,,,941.9,,1.6,,0,0,0,0,0,0,0,,,,
RUE,2012,10,18,3,9.6,,,,,,,,941.6,,1.7,,0,0,0,0,0,0,0,,,,
RUE,2012,10,18,4,9.5,,,,,,,,941.3,,2.3,,0,0,0,0,0,0,0,,,,
RUE,2012,10,18,5,9.6,,,,,,,,941.3,,1.7,,0,0,0,0,0,0,0,,,,
RUE,2012,10,18,6,9.6,,,,,,,,941.5,,2.2,,11,0,0,0,0,0,0,,,,
RUE,2012,10,18,7,10,,,,,,,,942.2,,2.1,,77,0,0,0,0,0,0,,,,
RUE,2012,10,18,8,10.4,,,,,,,,942.8,,1,,133,0,0,0,0,0,0,,,,
RUE,2012,10,18,9,12.4,,,,,,,,943.2,,1.3,,243,1161.1,40.1,0,0,0,0,,,,
RUE,2012,10,18,10,14.6,,,,,,,,943.4,,0.7,,308,737.4,73.6,0,0,0,0,,,,
RUE,2012,10,18,11,17.2,,,,,,,,943.1,,1.3,,475,919.3,78.5,0,0,0,0,,,,
RUE,2012,10,18,12,17.9,,,,,,,,942.9,,2.7,,393,370.1,205.4,0,0,0,0,,,,
RUE,2012,10,18,13,17.2,,,,,,,,942.8,,1.8,,232,25.9,218,0,0,0,0,,,,
RUE,2012,10,18,14,16.9,,,,,,,,942.8,,1.7,,165,6.6,161.5,0,0,0,0,,,,
RUE,2012,10,18,15,16.5,,,,,,,,943,,1.1,,91,2.5,89.8,0,0,0,0,,,,
RUE,2012,10,18,16,15,,,,,,,,943.1,,1.8,,20,0.2,19.9,0,0,0,0,,,,
RUE,2012,10,18,17,14.1,,,,,,,,943.6,,2,,0,0,0,0,0,0,0,,,,
RUE,2012,10,18,18,13.6,,,,,,,,943.7,,1.8,,0,0,0,0,0,0,0,,,,
RUE,2012,10,18,19,13.2,,,,,,,,943.6,,2.9,,0,0,0,0,0,0,0,,,,
RUE,2012,10,18,20,13,,,,,,,,943.9,,1.4,,0,0,0,0,0,0,0,,,,
RUE,2012,10,18,21,12.9,,,,,,,,943.9,,2.2,,0,0,0,0,0,0,0,,,,
RUE,2012,10,18,22,13,,,,,,,,943.8,,1.7,,0,0,0,0,0,0,0,,,,
RUE,2012,10,18,23,12.6,,,,,,,,944,,1.1,,0,0,0,0,0,0,0,,,,
RUE,2012,10,19,0,12.4,,,,,,,,943.8,,2.3,,0,0,0,0,0,0,0,,,,
RUE,2012,10,19,1,12.5,,,,,,,,943.6,,2.4,,0,0,0,0,0,0,0,,,,
RUE,2012,10,19,2,11.7,,,,,,,,943.4,,2.6,,0,0,0,0,0,0,0,,,,
RUE,2012,10,19,3,11.7,,,,,,,,943.3,,3,,0,0,0,0,0,0,0,,,,
RUE,2012,10,19,4,11.4,,,,,,,,943.5,,2.7,,0,0,0,0,0,0,0,,,,
RUE,2012,10,19,5,11.3,,,,,,,,943.3,,2.2,,0,0,0,0,0,0,0,,,,
RUE,2012,10,19,6,12.3,,,,,,,,943.4,,2.5,,23,0,0,0,0,0,0,,,,
RUE,2012,10,19,7,12.9,,,,,,,,943.5,,2.2,,157,0,0,0,0,0,0,,,,
RUE,2012,10,19,8,14.2,,,,,,,,943.6,,2,,313,0,0,0,0,0,0,,,,
RUE,2012,10,19,9,16,,,,,,,,943.6,,1,,437,2141.9,72.1,0,0,0,0,,,,
RUE,2012,10,19,10,17.7,,,,,,,,943.8,,1.4,,513,1367.4,84.6,0,0,0,0,,,,
RUE,2012,10,19,11,18.5,,,,,,,,943.6,,1.4,,518,1014.2,85.5,0,0,0,0,,,,
RUE,2012,10,19,12,19.6,,,,,,,,943.2,,1,,503,795.2,103.9,0,0,0,0,,,,
RUE,2012,10,19,13,20.1,,,,,,,,943.3,,1,,369,236.8,242.4,0,0,0,0,,,,
RUE,2012,10,19,14,20.5,,,,,,,,943.5,,0.7,,297,102.6,243.5,0,0,0,0,,,,
RUE,2012,10,19,15,19,,,,,,,,944.3,,2.7,,55,0.9,54.6,0,0,0,0,,,,
RUE,2012,10,19,16,17.6,,,,,,,,945.1,,1.7,,19,0.2,18.9,0,0,0,0,,,,
RUE,2012,10,19,17,16.6,,,,,,,,945.3,,1.3,,0,0,0,0,0,0,0,,,,
RUE,2012,10,19,18,16.3,,,,,,,,945.8,,1.3,,0,0,0,0,0,0,0,,,,
RUE,2012,10,19,19,15.6,,,,,,,,946.1,,0.8,,0,0,0,0,0,0,0,,,,
RUE,2012,10,19,20,15.5,,,,,,,,946.5,,1.6,,0,0,0,0,0,0,0,,,,
RUE,2012,10,19,21,15.2,,,,,,,,946.7,,1.3,,0,0,0,0,0,0,0,,,,
RUE,2012,10,19,22,14,,,,,,,,946.5,,1.6,,0,0,0,0,0,0,0,,,,
RUE,2012,10,19,23,14.7,,,,,,,,946.6,,2.2,,0,0,0,0,0,0,0,,,,
RUE,2012,10,20,0,14.7,,,,,,,,946.8,,2.6,,0,0,0,0,0,0,0,,,,
RUE,2012,10,20,1,14.2,,,,,,,,946.9,,2.8,,0,0,0,0,0,0,0,,,,
RUE,2012,10,20,2,13.3,,,,,,,,946.8,,2.8,,0,0,0,0,0,0,0,,,,
RUE,2012,10,20,3,12.9,,,,,,,,946.9,,2.6,,0,0,0,0,0,0,0,,,,
RUE,2012,10,20,4,12.3,,,,,,,,947.2,,2.4,,0,0,0,0,0,0,0,,,,
RUE,2012,10,20,5,11.5,,,,,,,,947.5,,2.5,,0,0,0,0,0,0,0,,,,
RUE,2012,10,20,6,11.3,,,,,,,,947.9,,2.3,,24,0,0,0,0,0,0,,,,
RUE,2012,10,20,7,11.8,,,,,,,,948.5,,2.2,,135,0,0,0,0,0,0,,,,
RUE,2012,10,20,8,14,,,,,,,,948.7,,1.9,,294,0,0,0,0,0,0,,,,
RUE,2012,10,20,9,16.1,,,,,,,,948.8,,1.2,,404,2032.5,66.7,0,0,0,0,,,,
RUE,2012,10,20,10,17.5,,,,,,,,948.8,,2,,492,1331.2,81.2,0,0,0,0,,,,
RUE,2012,10,20,11,19.1,,,,,,,,948.2,,2.1,,468,926.9,77.2,0,0,0,0,,,,
RUE,2012,10,20,12,20,,,,,,,,947.8,,2.1,,469,689.8,126.3,0,0,0,0,,,,
RUE,2012,10,20,13,20.4,,,,,,,,947.5,,2.1,,341,177.4,247.1,0,0,0,0,,,,
RUE,2012,10,20,14,20.1,,,,,,,,947.2,,2.5,,289,94.6,240.2,0,0,0,0,,,,
RUE,2012,10,20,15,18.9,,,,,,,,946.9,,3.3,,55,0.9,54.6,0,0,0,0,,,,
RUE,2012,10,20,16,18,,,,,,,,946.6,,2.4,,11,0.1,11,0,0,0,0,,,,
RUE,2012,10,20,17,17.1,,,,,,,,946.6,,2.4,,0,0,0,0,0,0,0,,,,
RUE,2012,10,20,18,17,,,,,,,,946.7,,1.9,,0,0,0,0,0,0,0,,,,
RUE,2012,10,20,19,16.1,,,,,,,,946.5,,2.6,,0,0,0,0,0,0,0,,,,
RUE,2012,10,20,20,15.7,,,,,,,,946.2,,2.6,,0,0,0,0,0,0,0,,,,
RUE,2012,10,20,21,16,,,,,,,,946.4,,1.6,,0,0,0,0,0,0,0,,,,
RUE,2012,10,20,22,15.1,,,,,,,,946.2,,1.8,,0,0,0,0,0,0,0,,,,
RUE,2012,10,20,23,14.3,,,,,,,,946,,1.3,,0,0,0,0,0,0,0,,,,
RUE,2012,10,21,0,14.1,,,,,,,,946.2,,2.1,,0,0,0,0,0,0,0,,,,
RUE,2012,10,21,1,13.6,,,,,,,,946.1,,2.5,,0,0,0,0,0,0,0,,,,
RUE,2012,10,21,2,13,,,,,,,,945.7,,2.9,,0,0,0,0,0,0,0,,,,
RUE,2012,10,21,3,13.1,,,,,,,,945.6,,2.7,,0,0,0,0,0,0,0,,,,
RUE,2012,10,21,4,12.5,,,,,,,,945.6,,1.9,,0,0,0,0,0,0,0,,,,
RUE,2012,10,21,5,10.5,,,,,,,,945.6,,2.1,,0,0,0,0,0,0,0,,,,
RUE,2012,10,21,6,10.2,,,,,,,,946,,2,,18,0,0,0,0,0,0,,,,
RUE,2012,10,21,7,10.9,,,,,,,,946.4,,2.4,,132,0,0,0,0,0,0,,,,
RUE,2012,10,21,8,12.5,,,,,,,,946.6,,2.2,,282,0,0,0,0,0,0,,,,
RUE,2012,10,21,9,14.5,,,,,,,,946.6,,2,,400,2067,66,0,0,0,0,,,,
RUE,2012,10,21,10,16.4,,,,,,,,946.4,,1.7,,468,1285.6,77.2,0,0,0,0,,,,
RUE,2012,10,21,11,17.7,,,,,,,,946.4,,2,,444,885.5,75,0,0,0,0,,,,
RUE,2012,10,21,12,18.8,,,,,,,,946.3,,1.3,,424,529.9,163.4,0,0,0,0,,,,
RUE,2012,10,21,13,20.2,,,,,,,,945.9,,1,,331,162.6,245.8,0,0,0,0,,,,
RUE,2012,10,21,14,20.5,,,,,,,,945.5,,1.2,,267,68.1,232.2,0,0,0,0,,,,
RUE,2012,10,21,15,19.5,,,,,,,,945.5,,1.2,,62,1.2,61.4,0,0,0,0,,,,
RUE,2012,10,21,16,17.7,,,,,,,,945.8,,1.2,,17,0.1,16.9,0,0,0,0,,,,
RUE,2012,10,21,17,16.1,,,,,,,,946.3,,1.4,,0,0,0,0,0,0,0,,,,
RUE,2012,10,21,18,15.4,,,,,,,,946.6,,1.7,,0,0,0,0,0,0,0,,,,
RUE,2012,10,21,19,14.5,,,,,,,,946.6,,1.9,,0,0,0,0,0,0,0,,,,
RUE,2012,10,21,20,14.5,,,,,,,,946.9,,2.6,,0,0,0,0,0,0,0,,,,
RUE,2012,10,21,21,14.5,,,,,,,,946.9,,1.5,,0,0,0,0,0,0,0,,,,
RUE,2012,10,21,22,14.8,,,,,,,,946.8,,1.6,,0,0,0,0,0,0,0,,,,
RUE,2012,10,21,23,14.5,,,,,,,,947,,0.4,,0,0,0,0,0,0,0,,,,
RUE,2012,10,22,0,12.9,,,,,,,,947.3,,0.6,,0,0,0,0,0,0,0,,,,
RUE,2012,10,22,1,13,,,,,,,,947.2,,0.4,,0,0,0,0,0,0,0,,,,
RUE,2012,10,22,2,12.3,,,,,,,,947,,1,,0,0,0,0,0,0,0,,,,
RUE,2012,10,22,3,12,,,,,,,,946.8,,1.3,,0,0,0,0,0,0,0,,,,
RUE,2012,10,22,4,11.5,,,,,,,,947.2,,1.3,,0,0,0,0,0,0,0,,,,
RUE,2012,10,22,5,11.1,,,,,,,,947.7,,0.6,,0,0,0,0,0,0,0,,,,
RUE,2012,10,22,6,10.5,,,,,,,,948.2,,0.5,,12,0,0,0,0,0,0,,,,
RUE,2012,10,22,7,11.2,,,,,,,,948.7,,0.6,,128,0,0,0,0,0,0,,,,
RUE,2012,10,22,8,13.3,,,,,,,,949.1,,0.5,,285,0,0,0,0,0,0,,,,
RUE,2012,10,22,9,15.3,,,,,,,,949.3,,0.6,,405,2151.2,66.8,0,0,0,0,,,,
RUE,2012,10,22,10,16.6,,,,,,,,949.4,,1.1,,474,1322.3,78.2,0,0,0,0,,,,
RUE,2012,10,22,11,17.6,,,,,,,,949.3,,1.2,,452,916.8,74.4,0,0,0,0,,,,
RUE,2012,10,22,12,18.2,,,,,,,,949.1,,2.1,,450,651.3,133,0,0,0,0,,,,
RUE,2012,10,22,13,18.5,,,,,,,,949.1,,1.5,,417,419.2,199.6,0,0,0,0,,,,
RUE,2012,10,22,14,18.5,,,,,,,,949.1,,1.5,,334,196.3,234.7,0,0,0,0,,,,
RUE,2012,10,22,15,17.4,,,,,,,,949.1,,1.8,,84,2.3,83,0,0,0,0,,,,
RUE,2012,10,22,16,15.9,,,,,,,,949.1,,1.3,,22,0.3,21.9,0,0,0,0,,,,
RUE,2012,10,22,17,14.6,,,,,,,,949.6,,0.7,,0,0,0,0,0,0,0,,,,
RUE,2012,10,22,18,13.6,,,,,,,,949.8,,0.8,,0,0,0,0,0,0,0,,,,
RUE,2012,10,22,19,11.9,,,,,,,,950,,0.9,,0,0,0,0,0,0,0,,,,
RUE,2012,10,22,20,10.6,,,,,,,,950.3,,0.3,,0,0,0,0,0,0,0,,,,
RUE,2012,10,22,21,10.5,,,,,,,,950.4,,0.5,,0,0,0,0,0,0,0,,,,
RUE,2012,10,22,22,10.7,,,,,,,,950.2,,1,,0,0,0,0,0,0,0,,,,
RUE,2012,10,22,23,10.5,,,,,,,,950,,1.8,,0,0,0,0,0,0,0,,,,
RUE,2012,10,23,0,9.9,,,,,,,,949.9,,1.8,,0,0,0,0,0,0,0,,,,
RUE,2012,10,23,1,9.4,,,,,,,,949.8,,2,,0,0,0,0,0,0,0,,,,
RUE,2012,10,23,2,9.2,,,,,,,,949.5,,1.9,,0,0,0,0,0,0,0,,,,
RUE,2012,10,23,3,9,,,,,,,,949.4,,1.7,,0,0,0,0,0,0,0,,,,
RUE,2012,10,23,4,8.7,,,,,,,,949.6,,1.9,,0,0,0,0,0,0,0,,,,
RUE,2012,10,23,5,8.3,,,,,,,,949.7,,2.6,,0,0,0,0,0,0,0,,,,
RUE,2012,10,23,6,8.1,,,,,,,,950,,2.3,,2,0,0,0,0,0,0,,,,
RUE,2012,10,23,7,8,,,,,,,,950.5,,2.7,,18,0,0,0,0,0,0,,,,
RUE,2012,10,23,8,7.8,,,,,,,,950.7,,3.1,,50,0,0,0,0,0,0,,,,
RUE,2012,10,23,9,7.6,,,,,,,,950.8,,3.1,,71,37.9,65.2,0,0,0,0,,,,
RUE,2012,10,23,10,7.5,,,,,,,,950.8,,3.8,,105,10.4,101.9,0,0,0,0,,,,
RUE,2012,10,23,11,7.7,,,,,,,,950.7,,3.5,,115,5.2,112.9,0,0,0,0,,,,
RUE,2012,10,23,12,8.3,,,,,,,,950.2,,3.1,,137,5.3,134.5,0,0,0,0,,,,
RUE,2012,10,23,13,8.3,,,,,,,,950.2,,2.8,,93,2.1,91.9,0,0,0,0,,,,
RUE,2012,10,23,14,7.9,,,,,,,,950.1,,2.9,,50,0.7,49.7,0,0,0,0,,,,
RUE,2012,10,23,15,7.8,,,,,,,,950,,2.7,,22,0.2,21.9,0,0,0,0,,,,
RUE,2012,10,23,16,7.8,,,,,,,,950,,2.5,,2,0,2,0,0,0,0,,,,
RUE,2012,10,23,17,7.9,,,,,,,,950.2,,3,,0,0,0,0,0,0,0,,,,
RUE,2012,10,23,18,7.9,,,,,,,,950.3,,3,,0,0,0,0,0,0,0,,,,
RUE,2012,10,23,19,7.8,,,,,,,,950.3,,3.6,,0,0,0,0,0,0,0,,,,
RUE,2012,10,23,20,7.6,,,,,,,,950.3,,2.8,,0,0,0,0,0,0,0,,,,
RUE,2012,10,23,21,7.4,,,,,,,,950.1,,2.8,,0,0,0,0,0,0,0,,,,
RUE,2012,10,23,22,7.2,,,,,,,,949.9,,2.7,,0,0,0,0,0,0,0,,,,
RUE,2012,10,23,23,7,,,,,,,,949.5,,2.8,,0,0,0,0,0,0,0,,,,
RUE,2012,10,24,0,6.8,,,,,,,,949,,2.3,,0,0,0,0,0,0,0,,,,
RUE,2012,10,24,1,6.9,,,,,,,,948.5,,2.7,,0,0,0,0,0,0,0,,,,
RUE,2012,10,24,2,7,,,,,,,,948.2,,2.5,,0,0,0,0,0,0,0,,,,
RUE,2012,10,24,3,7.1,,,,,,,,948.1,,2,,0,0,0,0,0,0,0,,,,
RUE,2012,10,24,4,7.1,,,,,,,,948,,2.1,,0,0,0,0,0,0,0,,,,
RUE,2012,10,24,5,7.2,,,,,,,,947.9,,2.2,,0,0,0,0,0,0,0,,,,
RUE,2012,10,24,6,7.3,,,,,,,,947.9,,2.3,,2,0,0,0,0,0,0,,,,
RUE,2012,10,24,7,7.3,,,,,,,,948.1,,2.8,,20,0,0,0,0,0,0,,,,
RUE,2012,10,24,8,7.3,,,,,,,,948,,2.8,,38,0,0,0,0,0,0,,,,
RUE,2012,10,24,9,7.5,,,,,,,,947.9,,2.6,,59,17.3,56.4,0,0,0,0,,,,
RUE,2012,10,24,10,7.6,,,,,,,,947.9,,2.8,,81,5.1,79.5,0,0,0,0,,,,
RUE,2012,10,24,11,8,,,,,,,,947.5,,2.5,,102,4.2,100.3,0,0,0,0,,,,
RUE,2012,10,24,12,8.1,,,,,,,,946.9,,2.7,,102,3,100.6,0,0,0,0,,,,
RUE,2012,10,24,13,8.1,,,,,,,,946.6,,2.6,,78,1.5,77.2,0,0,0,0,,,,
RUE,2012,10,24,14,7.8,,,,,,,,946.4,,2.6,,41,0.4,40.8,0,0,0,0,,,,
RUE,2012,10,24,15,7.7,,,,,,,,946.3,,2.2,,17,0.1,17,0,0,0,0,,,,
RUE,2012,10,24,16,7.4,,,,,,,,946.4,,2.5,,2,0,2,0,0,0,0,,,,
RUE,2012,10,24,17,7.4,,,,,,,,946.4,,1.7,,0,0,0,0,0,0,0,,,,
RUE,2012,10,24,18,7.3,,,,,,,,946.4,,2.4,,0,0,0,0,0,0,0,,,,
RUE,2012,10,24,19,7,,,,,,,,946.2,,3.1,,0,0,0,0,0,0,0,,,,
RUE,2012,10,24,20,6.9,,,,,,,,946.2,,2.8,,0,0,0,0,0,0,0,,,,
RUE,2012,10,24,21,7,,,,,,,,946.2,,3,,0,0,0,0,0,0,0,,,,
RUE,2012,10,24,22,7,,,,,,,,946.2,,2.6,,0,0,0,0,0,0,0,,,,
RUE,2012,10,24,23,7.1,,,,,,,,946.1,,2.3,,0,0,0,0,0,0,0,,,,
RUE,2012,10,25,0,7.1,,,,,,,,946,,1.8,,0,0,0,0,0,0,0,,,,
RUE,2012,10,25,1,7.2,,,,,,,,945.7,,2.5,,0,0,0,0,0,0,0,,,,
RUE,2012,10,25,2,7.3,,,,,,,,945,,3.3,,0,0,0,0,0,0,0,,,,
RUE,2012,10,25,3,7.5,,,,,,,,944.5,,2.8,,0,0,0,0,0,0,0,,,,
RUE,2012,10,25,4,7.6,,,,,,,,944.2,,3,,0,0,0,0,0,0,0,,,,
RUE,2012,10,25,5,7.8,,,,,,,,943.7,,2.5,,0,0,0,0,0,0,0,,,,
RUE,2012,10,25,6,7.9,,,,,,,,943.6,,2.8,,6,0,0,0,0,0,0,,,,
RUE,2012,10,25,7,8.3,,,,,,,,944,,2,,49,0,0,0,0,0,0,,,,
RUE,2012,10,25,8,9,,,,,,,,944.3,,2.6,,120,0,0,0,0,0,0,,,,
RUE,2012,10,25,9,9.4,,,,,,,,944.6,,1.2,,132,632.7,40.8,0,0,0,0,,,,
RUE,2012,10,25,10,10,,,,,,,,944.5,,0.7,,168,117.9,134.3,0,0,0,0,,,,
RUE,2012,10,25,11,10.3,,,,,,,,944,,1.9,,234,118.3,187,0,0,0,0,,,,
RUE,2012,10,25,12,11.3,,,,,,,,943,,2.8,,395,480,168.6,0,0,0,0,,,,
RUE,2012,10,25,13,11,,,,,,,,942.4,,2.6,,284,97.3,235.1,0,0,0,0,,,,
RUE,2012,10,25,14,10.9,,,,,,,,942,,2.6,,262,75.5,225,0,0,0,0,,,,
RUE,2012,10,25,15,10.2,,,,,,,,941.7,,2.1,,57,1.1,56.5,0,0,0,0,,,,
RUE,2012,10,25,16,8.9,,,,,,,,941.4,,2.7,,7,0,7,0,0,0,0,,,,
RUE,2012,10,25,17,8.1,,,,,,,,941.3,,2.6,,0,0,0,0,0,0,0,,,,
RUE,2012,10,25,18,8,,,,,,,,941.2,,2,,0,0,0,0,0,0,0,,,,
RUE,2012,10,25,19,7.7,,,,,,,,941,,2,,0,0,0,0,0,0,0,,,,
RUE,2012,10,25,20,7.3,,,,,,,,941,,2.3,,0,0,0,0,0,0,0,,,,
RUE,2012,10,25,21,7.6,,,,,,,,940.8,,2.4,,0,0,0,0,0,0,0,,,,
RUE,2012,10,25,22,7.7,,,,,,,,940.5,,2.3,,0,0,0,0,0,0,0,,,,
RUE,2012,10,25,23,6.2,,,,,,,,939.9,,2,,0,0,0,0,0,0,0,,,,
RUE,2012,10,26,0,6.5,,,,,,,,939.7,,2.2,,0,0,0,0,0,0,0,,,,
RUE,2012,10,26,1,7.2,,,,,,,,939.2,,1.7,,0,0,0,0,0,0,0,,,,
RUE,2012,10,26,2,6.9,,,,,,,,938.5,,1.1,,0,0,0,0,0,0,0,,,,
RUE,2012,10,26,3,6.8,,,,,,,,938,,1.4,,0,0,0,0,0,0,0,,,,
RUE,2012,10,26,4,6.6,,,,,,,,937.9,,0.6,,0,0,0,0,0,0,0,,,,
RUE,2012,10,26,5,6.6,,,,,,,,937.8,,0.7,,0,0,0,0,0,0,0,,,,
RUE,2012,10,26,6,6.8,,,,,,,,937.7,,2,,1,0,0,0,0,0,0,,,,
RUE,2012,10,26,7,6.7,,,,,,,,937.3,,2.8,,16,0,0,0,0,0,0,,,,
RUE,2012,10,26,8,7.1,,,,,,,,936.7,,3.5,,46,0,0,0,0,0,0,,,,
RUE,2012,10,26,9,7.2,,,,,,,,936.1,,3.1,,46,7.6,44.9,0,0,0,0,,,,
RUE,2012,10,26,10,7.4,,,,,,,,935.6,,2.6,,45,1.7,44.5,0,0,0,0,,,,
RUE,2012,10,26,11,7.7,,,,,,,,934.5,,3,,73,2.3,72.1,0,0,0,0,,,,
RUE,2012,10,26,12,7.7,,,,,,,,933.4,,3,,66,1.3,65.4,0,0,0,0,,,,
RUE,2012,10,26,13,7.9,,,,,,,,932.4,,2.6,,49,0.6,48.7,0,0,0,0,,,,
RUE,2012,10,26,14,8,,,,,,,,931.3,,2.7,,36,0.4,35.8,0,0,0,0,,,,
RUE,2012,10,26,15,8,,,,,,,,930.4,,2.3,,18,0.1,18,0,0,0,0,,,,
RUE,2012,10,26,16,7.8,,,,,,,,929.4,,2.6,,2,0,2,0,0,0,0,,,,
RUE,2012,10,26,17,7.7,,,,,,,,928.8,,2.4,,0,0,0,0,0,0,0,,,,
RUE,2012,10,26,18,7.7,,,,,,,,928.6,,1,,0,0,0,0,0,0,0,,,,
RUE,2012,10,26,19,7.6,,,,,,,,927.6,,1.5,,0,0,0,0,0,0,0,,,,
RUE,2012,10,26,20,7.5,,,,,,,,926.6,,1.7,,0,0,0,0,0,0,0,,,,
RUE,2012,10,26,21,7.4,,,,,,,,925.8,,1.8,,0,0,0,0,0,0,0,,,,
RUE,2012,10,26,22,7.4,,,,,,,,924.9,,2.1,,0,0,0,0,0,0,0,,,,
RUE,2012,10,26,23,7.3,,,,,,,,923.8,,2.3,,0,0,0,0,0,0,0,,,,
RUE,2012,10,27,0,7.3,,,,,,,,923,,1.7,,0,0,0,0,0,0,0,,,,
RUE,2012,10,27,1,7.2,,,,,,,,922.1,,1.2,,0,0,0,0,0,0,0,,,,
RUE,2012,10,27,2,7.2,,,,,,,,921.1,,0.7,,0,0,0,0,0,0,0,,,,
RUE,2012,10,27,3,6.5,,,,,,,,920.8,,3,,0,0,0,0,0,0,0,,,,
RUE,2012,10,27,4,4.5,,,,,,,,921.1,,4.1,,0,0,0,0,0,0,0,,,,
RUE,2012,10,27,5,3.6,,,,,,,,921.1,,3.8,,0,0,0,0,0,0,0,,,,
RUE,2012,10,27,6,2.6,,,,,,,,921.9,,4.5,,0,0,0,0,0,0,0,,,,
RUE,2012,10,27,7,0.7,,,,,,,,923.2,,4,,6,0,0,0,0,0,0,,,,
RUE,2012,10,27,8,0.1,,,,,,,,924.5,,4.8,,28,0,0,0,0,0,0,,,,
RUE,2012,10,27,9,-0.2,,,,,,,,925.7,,4.9,,59,27.2,55.3,0,0,0,0,,,,
RUE,2012,10,27,10,-0.3,,,,,,,,926.6,,5.4,,96,9.3,93.4,0,0,0,0,,,,
RUE,2012,10,27,11,-0.4,,,,,,,,927.2,,4.5,,97,4.1,95.4,0,0,0,0,,,,
RUE,2012,10,27,12,-0.5,,,,,,,,927.9,,4.7,,91,2.5,89.8,0,0,0,0,,,,
RUE,2012,10,27,13,-0.6,,,,,,,,928.6,,4.6,,94,2.4,92.8,0,0,0,0,,,,
RUE,2012,10,27,14,-0.8,,,,,,,,929.6,,3.9,,55,0.9,54.6,0,0,0,0,,,,
RUE,2012,10,27,15,-0.8,,,,,,,,930.5,,3.7,,34,0.4,33.8,0,0,0,0,,,,
RUE,2012,10,27,16,-0.9,,,,,,,,931.4,,2.2,,2,0,2,0,0,0,0,,,,
RUE,2012,10,27,17,-1,,,,,,,,932.4,,2.4,,0,0,0,0,0,0,0,,,,
RUE,2012,10,27,18,-1.1,,,,,,,,933.4,,1.8,,0,0,0,0,0,0,0,,,,
RUE,2012,10,27,19,-1.1,,,,,,,,933.8,,1.5,,0,0,0,0,0,0,0,,,,
RUE,2012,10,27,20,-1,,,,,,,,934.3,,1.9,,0,0,0,0,0,0,0,,,,
RUE,2012,10,27,21,-0.9,,,,,,,,934.7,,2.8,,0,0,0,0,0,0,0,,,,
RUE,2012,10,27,22,-1.2,,,,,,,,934.8,,3.1,,0,0,0,0,0,0,0,,,,
RUE,2012,10,27,23,-1.4,,,,,,,,935.2,,3.5,,0,0,0,0,0,0,0,,,,
RUE,2012,10,28,0,-2,,,,,,,,934.9,,5.2,,0,0,0,0,0,0,0,,,,
RUE,2012,10,28,1,-2.2,,,,,,,,935.2,,5.5,,0,0,0,0,0,0,0,,,,
RUE,2012,10,28,2,-2,,,,,,,,935.2,,4.5,,0,0,0,0,0,0,0,,,,
RUE,2012,10,28,3,-2.1,,,,,,,,935.5,,3.6,,0,0,0,0,0,0,0,,,,
RUE,2012,10,28,4,-2,,,,,,,,935.3,,4.2,,0,0,0,0,0,0,0,,,,
RUE,2012,10,28,5,-1.8,,,,,,,,935.3,,3.4,,0,0,0,0,0,0,0,,,,
RUE,2012,10,28,6,-1.8,,,,,,,,935.7,,2.7,,0,0,0,0,0,0,0,,,,
RUE,2012,10,28,7,-1.8,,,,,,,,936.4,,1.3,,10,0,0,0,0,0,0,,,,
RUE,2012,10,28,8,-1.7,,,,,,,,937.2,,1.6,,46,9.7,44.7,0,0,0,0,,,,
RUE,2012,10,28,9,-1.3,,,,,,,,937.9,,1.8,,64,3.6,63,0,0,0,0,,,,
RUE,2012,10,28,10,-0.9,,,,,,,,938.1,,2.9,,107,5.1,105.1,0,0,0,0,,,,
RUE,2012,10,28,11,-0.5,,,,,,,,938,,2.4,,249,82.2,211.4,0,0,0,0,,,,
RUE,2012,10,28,12,-0.6,,,,,,,,938.1,,1.7,,158,7.2,154.5,0,0,0,0,,,,
RUE,2012,10,28,13,-0.3,,,,,,,,938.5,,2.1,,88,2.2,86.9,0,0,0,0,,,,
RUE,2012,10,28,14,0,,,,,,,,938.7,,2.8,,68,1.7,67.3,0,0,0,0,,,,
RUE,2012,10,28,15,-0.1,,,,,,,,939.2,,3.1,,37,0.9,36.7,0,0,0,0,,,,
RUE,2012,10,28,16,-0.6,,,,,,,,940,,2,,8,0.1,8,0,0,0,0,,,,
RUE,2012,10,28,17,-0.9,,,,,,,,940.8,,1.1,,0,0,0,0,0,0,0,,,,
RUE,2012,10,28,18,-0.8,,,,,,,,941.4,,1.4,,0,0,0,0,0,0,0,,,,
RUE,2012,10,28,19,-0.9,,,,,,,,941.9,,0.7,,0,0,0,0,0,0,0,,,,
RUE,2012,10,28,20,-0.8,,,,,,,,942.6,,0.9,,0,0,0,0,0,0,0,,,,
RUE,2012,10,28,21,-0.9,,,,,,,,943.1,,0.8,,0,0,0,0,0,0,0,,,,
RUE,2012,10,28,22,-0.9,,,,,,,,943.2,,0.5,,0,0,0,0,0,0,0,,,,
RUE,2012,10,28,23,-1,,,,,,,,943.4,,0.7,,0,0,0,0,0,0,0,,,,
RUE,2012,10,29,0,-1.3,,,,,,,,943.6,,0.4,,0,0,0,0,0,0,0,,,,
RUE,2012,10,29,1,-1.4,,,,,,,,943.7,,0.2,,0,0,0,0,0,0,0,,,,
RUE,2012,10,29,2,-1.4,,,,,,,,943.8,,0.8,,0,0,0,0,0,0,0,,,,
RUE,2012,10,29,3,-1.5,,,,,,,,944,,0.4,,0,0,0,0,0,0,0,,,,
RUE,2012,10,29,4,-1.6,,,,,,,,943.9,,0.8,,0,0,0,0,0,0,0,,,,
RUE,2012,10,29,5,-2.2,,,,,,,,943.9,,0.3,,0,0,0,0,0,0,0,,,,
RUE,2012,10,29,6,-2.9,,,,,,,,944.1,,0.4,,5,0,0,0,0,0,0,,,,
RUE,2012,10,29,7,-3.4,,,,,,,,944.6,,0.5,,74,0,0,0,0,0,0,,,,
RUE,2012,10,29,8,-3.4,,,,,,,,944.6,,0.8,,232,1528.3,38.3,0,0,0,0,,,,
RUE,2012,10,29,9,-2,,,,,,,,945,,0.5,,246,640.4,75,0,0,0,0,,,,
RUE,2012,10,29,10,-0.5,,,,,,,,944.9,,1.1,,388,829.6,74.4,0,0,0,0,,,,
RUE,2012,10,29,11,-0.1,,,,,,,,944.4,,1.1,,476,869,83.5,0,0,0,0,,,,
RUE,2012,10,29,12,0.1,,,,,,,,943.9,,0.9,,431,584.2,148.9,0,0,0,0,,,,
RUE,2012,10,29,13,0.6,,,,,,,,943.6,,0.8,,295,156.7,221.5,0,0,0,0,,,,
RUE,2012,10,29,14,0.8,,,,,,,,943.3,,0.6,,262,164.7,194.1,0,0,0,0,,,,
RUE,2012,10,29,15,0.4,,,,,,,,942.9,,1.7,,44,1.3,43.6,0,0,0,0,,,,
RUE,2012,10,29,16,-0.3,,,,,,,,942.6,,3.1,,7,0.1,7,0,0,0,0,,,,
RUE,2012,10,29,17,-0.6,,,,,,,,942.6,,2.9,,0,0,0,0,0,0,0,,,,
RUE,2012,10,29,18,-1.2,,,,,,,,942.7,,1.1,,0,0,0,0,0,0,0,,,,
RUE,2012,10,29,19,-1.3,,,,,,,,942.4,,1.5,,0,0,0,0,0,0,0,,,,
RUE,2012,10,29,20,-1.4,,,,,,,,942.3,,0.9,,0,0,0,0,0,0,0,,,,
RUE,2012,10,29,21,-0.9,,,,,,,,942,,1.5,,0,0,0,0,0,0,0,,,,
RUE,2012,10,29,22,-0.7,,,,,,,,941.3,,1.2,,0,0,0,0,0,0,0,,,,
RUE,2012,10,29,23,-1.1,,,,,,,,940.9,,1.3,,0,0,0,0,0,0,0,,,,
RUE,2012,10,30,0,-1.2,,,,,,,,940,,1.2,,0,0,0,0,0,0,0,,,,
RUE,2012,10,30,1,-1.2,,,,,,,,939.5,,1.8,,0,0,0,0,0,0,0,,,,
RUE,2012,10,30,2,-1.1,,,,,,,,939,,1.3,,0,0,0,0,0,0,0,,,,
RUE,2012,10,30,3,-1.4,,,,,,,,938.6,,0.8,,0,0,0,0,0,0,0,,,,
RUE,2012,10,30,4,-1,,,,,,,,938.3,,1.3,,0,0,0,0,0,0,0,,,,
RUE,2012,10,30,5,-0.7,,,,,,,,938.2,,0.8,,0,0,0,0,0,0,0,,,,
RUE,2012,10,30,6,-0.5,,,,,,,,938.3,,1.4,,4,0,0,0,0,0,0,,,,
RUE,2012,10,30,7,-0.3,,,,,,,,938.4,,1.4,,49,0,0,0,0,0,0,,,,
RUE,2012,10,30,8,-0.3,,,,,,,,938.3,,1.4,,214,1459.2,35.3,0,0,0,0,,,,
RUE,2012,10,30,9,1,,,,,,,,938,,0.9,,401,1275.9,66.2,0,0,0,0,,,,
RUE,2012,10,30,10,2.8,,,,,,,,937.9,,0.7,,475,1062.6,78.4,0,0,0,0,,,,
RUE,2012,10,30,11,4,,,,,,,,937.5,,1.2,,487,910.2,80.4,0,0,0,0,,,,
RUE,2012,10,30,12,4.6,,,,,,,,937,,1,,394,452.3,177.9,0,0,0,0,,,,
RUE,2012,10,30,13,5.2,,,,,,,,936.5,,1,,261,94.5,217.1,0,0,0,0,,,,
RUE,2012,10,30,14,5.5,,,,,,,,936.2,,1.2,,249,138.7,192.5,0,0,0,0,,,,
RUE,2012,10,30,15,4.8,,,,,,,,935.9,,1.7,,49,1.6,48.5,0,0,0,0,,,,
RUE,2012,10,30,16,3.9,,,,,,,,935.7,,2.5,,7,0.1,7,0,0,0,0,,,,
RUE,2012,10,30,17,3,,,,,,,,935.9,,2.8,,0,0,0,0,0,0,0,,,,
RUE,2012,10,30,18,2.7,,,,,,,,935.9,,1.9,,0,0,0,0,0,0,0,,,,
RUE,2012,10,30,19,2.7,,,,,,,,935.8,,1.5,,0,0,0,0,0,0,0,,,,
RUE,2012,10,30,20,2.1,,,,,,,,935.6,,1.6,,0,0,0,0,0,0,0,,,,
RUE,2012,10,30,21,1.4,,,,,,,,935.3,,1.6,,0,0,0,0,0,0,0,,,,
RUE,2012,10,30,22,1,,,,,,,,935,,1.8,,0,0,0,0,0,0,0,,,,
RUE,2012,10,30,23,2,,,,,,,,934.6,,2.2,,0,0,0,0,0,0,0,,,,
RUE,2012,10,31,0,0.4,,,,,,,,934.5,,1.8,,0,0,0,0,0,0,0,,,,
RUE,2012,10,31,1,0,,,,,,,,934.2,,2,,0,0,0,0,0,0,0,,,,
RUE,2012,10,31,2,-0.4,,,,,,,,933.8,,2,,0,0,0,0,0,0,0,,,,
RUE,2012,10,31,3,-0.4,,,,,,,,933.5,,1.9,,0,0,0,0,0,0,0,,,,
RUE,2012,10,31,4,-0.6,,,,,,,,932.9,,2.3,,0,0,0,0,0,0,0,,,,
RUE,2012,10,31,5,-1.6,,,,,,,,932.4,,3.1,,0,0,0,0,0,0,0,,,,
RUE,2012,10,31,6,-2.3,,,,,,,,932.3,,2.8,,4,0,0,0,0,0,0,,,,
RUE,2012,10,31,7,-1.2,,,,,,,,932.4,,3,,108,0,0,0,0,0,0,,,,
RUE,2012,10,31,8,0.6,,,,,,,,932.2,,3.7,,261,1844.2,43.1,0,0,0,0,,,,
RUE,2012,10,31,9,2.1,,,,,,,,932.1,,2,,332,1075,54.8,0,0,0,0,,,,
RUE,2012,10,31,10,2.5,,,,,,,,931.5,,2.5,,422,956.2,69.6,0,0,0,0,,,,
RUE,2012,10,31,11,4.1,,,,,,,,930.9,,2.2,,424,712.4,109.2,0,0,0,0,,,,
RUE,2012,10,31,12,4.8,,,,,,,,930.1,,2,,315,200,220.4,0,0,0,0,,,,
RUE,2012,10,31,13,4.5,,,,,,,,929.3,,1.7,,250,81,212.8,0,0,0,0,,,,
RUE,2012,10,31,14,5,,,,,,,,928.6,,1.4,,178,29.2,166.3,0,0,0,0,,,,
RUE,2012,10,31,15,5,,,,,,,,928,,1.4,,59,2.4,58.3,0,0,0,0,,,,
RUE,2012,10,31,16,4.5,,,,,,,,927.3,,1.2,,5,0.1,5,0,0,0,0,,,,
RUE,2012,10,31,17,4.4,,,,,,,,926.9,,1.2,,0,0,0,0,0,0,0,,,,
RUE,2012,10,31,18,4.6,,,,,,,,926.5,,1.3,,0,0,0,0,0,0,0,,,,
RUE,2012,10,31,19,3.7,,,,,,,,925.9,,0.7,,0,0,0,0,0,0,0,,,,
RUE,2012,10,31,20,4.2,,,,,,,,925.4,,1.3,,0,0,0,0,0,0,0,,,,
RUE,2012,10,31,21,4.6,,,,,,,,924.9,,2.1,,0,0,0,0,0,0,0,,,,
RUE,2012,10,31,22,4.5,,,,,,,,924.5,,1.2,,0,0,0,0,0,0,0,,,,
RUE,2012,10,31,23,3.9,,,,,,,,923.6,,1.1,,0,0,0,0,0,0,0,,,,
RUE,2012,11,1,0,4.1,,,,,,,,923,,3.3,,0,0,0,0,0,0,0,,,,
RUE,2012,11,1,1,4,,,,,,,,922.9,,1.9,,0,0,0,0,0,0,0,,,,
RUE,2012,11,1,2,3,,,,,,,,922.5,,1.7,,0,0,0,0,0,0,0,,,,
RUE,2012,11,1,3,2.7,,,,,,,,922,,1.4,,0,0,0,0,0,0,0,,,,
RUE,2012,11,1,4,3.1,,,,,,,,921.9,,2,,0,0,0,0,0,0,0,,,,
RUE,2012,11,1,5,3.8,,,,,,,,922,,1.5,,0,0,0,0,0,0,0,,,,
RUE,2012,11,1,6,3.2,,,,,,,,922.3,,1.2,,5,0,0,0,0,0,0,,,,
RUE,2012,11,1,7,4.3,,,,,,,,922.6,,1.9,,43,0,0,0,0,0,0,,,,
RUE,2012,11,1,8,5.8,,,,,,,,922.5,,1.5,,126,923.8,20.8,0,0,0,0,,,,
RUE,2012,11,1,9,7.6,,,,,,,,922.3,,2.3,,282,929.4,46.5,0,0,0,0,,,,
RUE,2012,11,1,10,9.1,,,,,,,,922.4,,3.3,,398,913.7,65.6,0,0,0,0,,,,
RUE,2012,11,1,11,10,,,,,,,,922,,4.7,,453,843.7,84.3,0,0,0,0,,,,
RUE,2012,11,1,12,10.7,,,,,,,,922,,5.9,,382,435.8,178,0,0,0,0,,,,
RUE,2012,11,1,13,11.4,,,,,,,,922.1,,6.8,,258,98.5,213.2,0,0,0,0,,,,
RUE,2012,11,1,14,11.2,,,,,,,,922.8,,6.9,,98,3.9,96.4,0,0,0,0,,,,
RUE,2012,11,1,15,10.3,,,,,,,,922.9,,8.6,,28,0.6,27.8,0,0,0,0,,,,
RUE,2012,11,1,16,10.2,,,,,,,,923,,8.4,,2,0,2,0,0,0,0,,,,
RUE,2012,11,1,17,10.4,,,,,,,,923.5,,6.1,,0,0,0,0,0,0,0,,,,
RUE,2012,11,1,18,10.4,,,,,,,,924.2,,6.6,,0,0,0,0,0,0,0,,,,
RUE,2012,11,1,19,10.2,,,,,,,,924.5,,8.4,,0,0,0,0,0,0,0,,,,
RUE,2012,11,1,20,9.4,,,,,,,,925.3,,10.1,,0,0,0,0,0,0,0,,,,
RUE,2012,11,1,21,5.7,,,,,,,,927.7,,6.3,,0,0,0,0,0,0,0,,,,
RUE,2012,11,1,22,5.5,,,,,,,,928.2,,3.1,,0,0,0,0,0,0,0,,,,
RUE,2012,11,1,23,5.9,,,,,,,,929.1,,3.8,,0,0,0,0,0,0,0,,,,
RUE,2012,11,2,0,6.1,,,,,,,,929.8,,3.8,,0,0,0,0,0,0,0,,,,
RUE,2012,11,2,1,5.8,,,,,,,,930.9,,3.2,,0,0,0,0,0,0,0,,,,
RUE,2012,11,2,2,5.5,,,,,,,,931.8,,1,,0,0,0,0,0,0,0,,,,
RUE,2012,11,2,3,5.9,,,,,,,,932.2,,1.8,,0,0,0,0,0,0,0,,,,
RUE,2012,11,2,4,5.7,,,,,,,,932.5,,2.4,,0,0,0,0,0,0,0,,,,
RUE,2012,11,2,5,5.8,,,,,,,,932.8,,1.9,,0,0,0,0,0,0,0,,,,
RUE,2012,11,2,6,5.8,,,,,,,,933.2,,0.6,,0,0,0,0,0,0,0,,,,
RUE,2012,11,2,7,6.2,,,,,,,,934.2,,2.9,,55,0,0,0,0,0,0,,,,
RUE,2012,11,2,8,6.6,,,,,,,,934.4,,1.5,,138,1050.8,22.8,0,0,0,0,,,,
RUE,2012,11,2,9,9.4,,,,,,,,934.7,,5.3,,394,1322.1,65,0,0,0,0,,,,
RUE,2012,11,2,10,10.4,,,,,,,,934.5,,6.6,,494,1148.6,81.5,0,0,0,0,,,,
RUE,2012,11,2,11,11.1,,,,,,,,933.8,,5.8,,486,938.8,80.2,0,0,0,0,,,,
RUE,2012,11,2,12,11.6,,,,,,,,933.3,,6.4,,413,580,144.4,0,0,0,0,,,,
RUE,2012,11,2,13,11.5,,,,,,,,932.6,,5.2,,200,29.8,186.6,0,0,0,0,,,,
RUE,2012,11,2,14,11.1,,,,,,,,932,,5.9,,61,1.6,60.4,0,0,0,0,,,,
RUE,2012,11,2,15,11.5,,,,,,,,931.7,,7.8,,18,0.2,17.9,0,0,0,0,,,,
RUE,2012,11,2,16,12.2,,,,,,,,931.5,,12.5,,2,0,2,0,0,0,0,,,,
RUE,2012,11,2,17,11.5,,,,,,,,932.2,,12.7,,0,0,0,0,0,0,0,,,,
RUE,2012,11,2,18,12,,,,,,,,933.2,,10.3,,0,0,0,0,0,0,0,,,,
RUE,2012,11,2,19,9.9,,,,,,,,934.4,,5.5,,0,0,0,0,0,0,0,,,,
RUE,2012,11,2,20,10.8,,,,,,,,934.6,,7.6,,0,0,0,0,0,0,0,,,,
RUE,2012,11,2,21,9.9,,,,,,,,935.3,,5.1,,0,0,0,0,0,0,0,,,,
RUE,2012,11,2,22,10.3,,,,,,,,935.3,,6.1,,0,0,0,0,0,0,0,,,,
RUE,2012,11,2,23,11.6,,,,,,,,935,,10.1,,0,0,0,0,0,0,0,,,,
RUE,2012,11,3,0,12.3,,,,,,,,934.9,,11.7,,0,0,0,0,0,0,0,,,,
RUE,2012,11,3,1,12.5,,,,,,,,934.7,,12,,0,0,0,0,0,0,0,,,,
RUE,2012,11,3,2,13.1,,,,,,,,934.6,,11.4,,0,0,0,0,0,0,0,,,,
RUE,2012,11,3,3,13.4,,,,,,,,934.8,,11,,0,0,0,0,0,0,0,,,,
RUE,2012,11,3,4,13.4,,,,,,,,934.7,,11.5,,0,0,0,0,0,0,0,,,,
RUE,2012,11,3,5,13.4,,,,,,,,934.7,,8.7,,0,0,0,0,0,0,0,,,,
RUE,2012,11,3,6,13.7,,,,,,,,934.6,,9.4,,4,0,0,0,0,0,0,,,,
RUE,2012,11,3,7,13.8,,,,,,,,935,,7.4,,59,0,0,0,0,0,0,,,,
RUE,2012,11,3,8,14.1,,,,,,,,935.4,,5.7,,138,1092.9,22.8,0,0,0,0,,,,
RUE,2012,11,3,9,14.6,,,,,,,,935.2,,7.3,,203,461.7,90.2,0,0,0,0,,,,
RUE,2012,11,3,10,15.5,,,,,,,,935.1,,4.9,,347,746.8,82.3,0,0,0,0,,,,
RUE,2012,11,3,11,16.2,,,,,,,,934.5,,4.5,,379,569.2,135.7,0,0,0,0,,,,
RUE,2012,11,3,12,16.2,,,,,,,,934.1,,7.1,,322,247.7,208.5,0,0,0,0,,,,
RUE,2012,11,3,13,16,,,,,,,,934.1,,8.6,,202,33,187.3,0,0,0,0,,,,
RUE,2012,11,3,14,15.2,,,,,,,,934.2,,6.9,,79,2.7,78,0,0,0,0,,,,
RUE,2012,11,3,15,15.2,,,,,,,,934.3,,6.6,,57,2.5,56.3,0,0,0,0,,,,
RUE,2012,11,3,16,14.8,,,,,,,,934.4,,5.9,,4,0,4,0,0,0,0,,,,
RUE,2012,11,3,17,14.9,,,,,,,,934.6,,4.7,,0,0,0,0,0,0,0,,,,
RUE,2012,11,3,18,14.3,,,,,,,,934.7,,3.6,,0,0,0,0,0,0,0,,,,
RUE,2012,11,3,19,14.4,,,,,,,,934.7,,3.5,,0,0,0,0,0,0,0,,,,
RUE,2012,11,3,20,14.4,,,,,,,,934.6,,4.3,,0,0,0,0,0,0,0,,,,
RUE,2012,11,3,21,14,,,,,,,,934.5,,5.2,,0,0,0,0,0,0,0,,,,
RUE,2012,11,3,22,13.3,,,,,,,,934.8,,5.6,,0,0,0,0,0,0,0,,,,
RUE,2012,11,3,23,12.8,,,,,,,,934.9,,3.7,,0,0,0,0,0,0,0,,,,
RUE,2012,11,4,0,12.3,,,,,,,,934.8,,4,,0,0,0,0,0,0,0,,,,
RUE,2012,11,4,1,10.9,,,,,,,,935.1,,1.1,,0,0,0,0,0,0,0,,,,
RUE,2012,11,4,2,10.7,,,,,,,,934.8,,0.9,,0,0,0,0,0,0,0,,,,
RUE,2012,11,4,3,10.5,,,,,,,,933.9,,2.2,,0,0,0,0,0,0,0,,,,
RUE,2012,11,4,4,10.4,,,,,,,,933.8,,1.7,,0,0,0,0,0,0,0,,,,
RUE,2012,11,4,5,10.1,,,,,,,,933.7,,0.6,,0,0,0,0,0,0,0,,,,
RUE,2012,11,4,6,10,,,,,,,,933.6,,0.8,,0,0,0,0,0,0,0,,,,
RUE,2012,11,4,7,10.4,,,,,,,,933.8,,0.7,,25,0,0,0,0,0,0,,,,
RUE,2012,11,4,8,9.9,,,,,,,,933.3,,1.2,,134,1105.3,22.1,0,0,0,0,,,,
RUE,2012,11,4,9,12.3,,,,,,,,933,,3.2,,316,1099.9,52.1,0,0,0,0,,,,
RUE,2012,11,4,10,13.3,,,,,,,,932.5,,4.9,,417,995.3,68.8,0,0,0,0,,,,
RUE,2012,11,4,11,14,,,,,,,,932,,4.7,,299,254,191.6,0,0,0,0,,,,
RUE,2012,11,4,12,14.4,,,,,,,,931.4,,5,,107,3.6,105.4,0,0,0,0,,,,
RUE,2012,11,4,13,14.5,,,,,,,,930.9,,2.4,,62,1.3,61.4,0,0,0,0,,,,
RUE,2012,11,4,14,12.4,,,,,,,,931.1,,1.7,,18,0.1,17.9,0,0,0,0,,,,
RUE,2012,11,4,15,10.3,,,,,,,,931.6,,5,,5,0,5,0,0,0,0,,,,
RUE,2012,11,4,16,8.9,,,,,,,,931.9,,4,,0,0,0,0,0,0,0,,,,
RUE,2012,11,4,17,8.4,,,,,,,,932.1,,2.4,,0,0,0,0,0,0,0,,,,
RUE,2012,11,4,18,8.2,,,,,,,,932,,2.5,,0,0,0,0,0,0,0,,,,
RUE,2012,11,4,19,8.1,,,,,,,,932.2,,2.6,,0,0,0,0,0,0,0,,,,
RUE,2012,11,4,20,7.5,,,,,,,,932.8,,2.4,,0,0,0,0,0,0,0,,,,
RUE,2012,11,4,21,6.7,,,,,,,,933.1,,2.5,,0,0,0,0,0,0,0,,,,
RUE,2012,11,4,22,6,,,,,,,,933.3,,1.2,,0,0,0,0,0,0,0,,,,
RUE,2012,11,4,23,5.9,,,,,,,,933.4,,2.9,,0,0,0,0,0,0,0,,,,
RUE,2012,11,5,0,5.4,,,,,,,,933.7,,1.8,,0,0,0,0,0,0,0,,,,
RUE,2012,11,5,1,5.8,,,,,,,,933.2,,2.5,,0,0,0,0,0,0,0,,,,
RUE,2012,11,5,2,5.8,,,,,,,,933.3,,2.3,,0,0,0,0,0,0,0,,,,
RUE,2012,11,5,3,5.8,,,,,,,,933.2,,2.5,,0,0,0,0,0,0,0,,,,
RUE,2012,11,5,4,5.6,,,,,,,,933.3,,1.9,,0,0,0,0,0,0,0,,,,
RUE,2012,11,5,5,5,,,,,,,,933.5,,0.9,,0,0,0,0,0,0,0,,,,
RUE,2012,11,5,6,4.9,,,,,,,,933.7,,0.6,,2,0,0,0,0,0,0,,,,
RUE,2012,11,5,7,5.5,,,,,,,,934.1,,0.4,,85,0,0,0,0,0,0,,,,
RUE,2012,11,5,8,6.8,,,,,,,,934.4,,1.3,,233,2004.5,38.4,0,0,0,0,,,,
RUE,2012,11,5,9,8,,,,,,,,934.6,,2.5,,265,939.8,43.7,0,0,0,0,,,,
RUE,2012,11,5,10,8.6,,,,,,,,934.9,,3,,210,133.9,163.8,0,0,0,0,,,,
RUE,2012,11,5,11,8.5,,,,,,,,934.9,,4.8,,153,11.4,148.2,0,0,0,0,,,,
RUE,2012,11,5,12,7.8,,,,,,,,935,,5,,73,1.7,72.2,0,0,0,0,,,,
RUE,2012,11,5,13,6.6,,,,,,,,935.5,,2.6,,95,3.1,93.7,0,0,0,0,,,,
RUE,2012,11,5,14,6.6,,,,,,,,936,,2.2,,40,0.7,39.7,0,0,0,0,,,,
RUE,2012,11,5,15,6.6,,,,,,,,936.6,,1.7,,18,0.3,17.9,0,0,0,0,,,,
RUE,2012,11,5,16,6.2,,,,,,,,937.2,,3.2,,3,0,3,0,0,0,0,,,,
RUE,2012,11,5,17,5,,,,,,,,938.3,,2.6,,0,0,0,0,0,0,0,,,,
RUE,2012,11,5,18,5.3,,,,,,,,939,,2.4,,0,0,0,0,0,0,0,,,,
RUE,2012,11,5,19,6.3,,,,,,,,939.8,,4.7,,0,0,0,0,0,0,0,,,,
RUE,2012,11,5,20,5.3,,,,,,,,940.8,,3.4,,0,0,0,0,0,0,0,,,,
RUE,2012,11,5,21,5.3,,,,,,,,941.2,,2,,0,0,0,0,0,0,0,,,,
RUE,2012,11,5,22,5.8,,,,,,,,941.5,,2.4,,0,0,0,0,0,0,0,,,,
RUE,2012,11,5,23,5.6,,,,,,,,941.4,,2.2,,0,0,0,0,0,0,0,,,,
RUE,2012,11,6,0,5.6,,,,,,,,941.5,,2.7,,0,0,0,0,0,0,0,,,,
RUE,2012,11,6,1,4.7,,,,,,,,942,,3.2,,0,0,0,0,0,0,0,,,,
RUE,2012,11,6,2,3.9,,,,,,,,942.3,,1.3,,0,0,0,0,0,0,0,,,,
RUE,2012,11,6,3,3.7,,,,,,,,942.6,,2.1,,0,0,0,0,0,0,0,,,,
RUE,2012,11,6,4,3.1,,,,,,,,943.1,,1.3,,0,0,0,0,0,0,0,,,,
RUE,2012,11,6,5,3.2,,,,,,,,943.3,,0.6,,0,0,0,0,0,0,0,,,,
RUE,2012,11,6,6,3.3,,,,,,,,943.8,,0.5,,0,0,0,0,0,0,0,,,,
RUE,2012,11,6,7,3.5,,,,,,,,944.7,,0.4,,14,0,0,0,0,0,0,,,,
RUE,2012,11,6,8,4,,,,,,,,945.6,,0.9,,85,622.9,27.1,0,0,0,0,,,,
RUE,2012,11,6,9,4.5,,,,,,,,946.4,,1.6,,135,111.5,109.2,0,0,0,0,,,,
RUE,2012,11,6,10,4.7,,,,,,,,947.1,,1.6,,231,213.3,158.3,0,0,0,0,,,,
RUE,2012,11,6,11,5.9,,,,,,,,947.1,,1.7,,428,840.1,80.7,0,0,0,0,,,,
RUE,2012,11,6,12,4.7,,,,,,,,947.4,,1.4,,139,6.5,136.1,0,0,0,0,,,,
RUE,2012,11,6,13,5.2,,,,,,,,947.9,,2.2,,170,16.2,163,0,0,0,0,,,,
RUE,2012,11,6,14,4.9,,,,,,,,948.5,,1.8,,110,5.6,107.9,0,0,0,0,,,,
RUE,2012,11,6,15,4.6,,,,,,,,949.1,,1.3,,42,1.5,41.6,0,0,0,0,,,,
RUE,2012,11,6,16,3.9,,,,,,,,949.5,,1.1,,3,0,3,0,0,0,0,,,,
RUE,2012,11,6,17,3.2,,,,,,,,950.3,,0.9,,0,0,0,0,0,0,0,,,,
RUE,2012,11,6,18,2.8,,,,,,,,950.9,,1.2,,0,0,0,0,0,0,0,,,,
RUE,2012,11,6,19,2.7,,,,,,,,951.4,,0.5,,0,0,0,0,0,0,0,,,,
RUE,2012,11,6,20,2.3,,,,,,,,952.1,,0.6,,0,0,0,0,0,0,0,,,,
RUE,2012,11,6,21,2.1,,,,,,,,952.6,,0.9,,0,0,0,0,0,0,0,,,,
RUE,2012,11,6,22,2,,,,,,,,953,,0.8,,0,0,0,0,0,0,0,,,,
RUE,2012,11,6,23,2.4,,,,,,,,953.5,,1.3,,0,0,0,0,0,0,0,,,,
RUE,2012,11,7,0,2.5,,,,,,,,953.9,,1.4,,0,0,0,0,0,0,0,,,,
RUE,2012,11,7,1,3.1,,,,,,,,954.2,,1.5,,0,0,0,0,0,0,0,,,,
RUE,2012,11,7,2,3.4,,,,,,,,954.3,,1.7,,0,0,0,0,0,0,0,,,,
RUE,2012,11,7,3,3.1,,,,,,,,954.8,,1.1,,0,0,0,0,0,0,0,,,,
RUE,2012,11,7,4,3.2,,,,,,,,955.4,,1.3,,0,0,0,0,0,0,0,,,,
RUE,2012,11,7,5,3.4,,,,,,,,955.9,,2.2,,0,0,0,0,0,0,0,,,,
RUE,2012,11,7,6,3.7,,,,,,,,956.3,,1.6,,0,0,0,0,0,0,0,,,,
RUE,2012,11,7,7,3.7,,,,,,,,956.9,,0.5,,13,0,0,0,0,0,0,,,,
RUE,2012,11,7,8,4.3,,,,,,,,957.3,,0.4,,63,256.1,40.3,0,0,0,0,,,,
RUE,2012,11,7,9,5.3,,,,,,,,957.6,,1.1,,124,81.9,105.4,0,0,0,0,,,,
RUE,2012,11,7,10,6,,,,,,,,958,,1.4,,183,80,156.1,0,0,0,0,,,,
RUE,2012,11,7,11,6.6,,,,,,,,957.9,,1.9,,229,91.5,191.6,0,0,0,0,,,,
RUE,2012,11,7,12,7.1,,,,,,,,957.8,,2,,192,26.9,180.2,0,0,0,0,,,,
RUE,2012,11,7,13,7.2,,,,,,,,957.6,,1.3,,165,14.8,158.7,0,0,0,0,,,,
RUE,2012,11,7,14,7.1,,,,,,,,957.4,,0.7,,128,9,124.7,0,0,0,0,,,,
RUE,2012,11,7,15,6.9,,,,,,,,957.3,,0.6,,51,2.2,50.4,0,0,0,0,,,,
RUE,2012,11,7,16,6.4,,,,,,,,957.1,,0.4,,3,0,3,0,0,0,0,,,,
RUE,2012,11,7,17,5.7,,,,,,,,957.1,,0.6,,0,0,0,0,0,0,0,,,,
RUE,2012,11,7,18,4.8,,,,,,,,956.9,,1.1,,0,0,0,0,0,0,0,,,,
RUE,2012,11,7,19,4.5,,,,,,,,956.4,,1.5,,0,0,0,0,0,0,0,,,,
RUE,2012,11,7,20,4,,,,,,,,956.2,,1,,0,0,0,0,0,0,0,,,,
RUE,2012,11,7,21,4,,,,,,,,955.9,,0.9,,0,0,0,0,0,0,0,,,,
RUE,2012,11,7,22,3.8,,,,,,,,955.4,,1.2,,0,0,0,0,0,0,0,,,,
RUE,2012,11,7,23,3.7,,,,,,,,955.1,,0.7,,0,0,0,0,0,0,0,,,,
RUE,2012,11,8,0,3.1,,,,,,,,954.8,,1,,0,0,0,0,0,0,0,,,,
RUE,2012,11,8,1,3.5,,,,,,,,954.1,,0.8,,0,0,0,0,0,0,0,,,,
RUE,2012,11,8,2,3.8,,,,,,,,953.4,,0.8,,0,0,0,0,0,0,0,,,,
RUE,2012,11,8,3,3.1,,,,,,,,953,,0.7,,0,0,0,0,0,0,0,,,,
RUE,2012,11,8,4,2.5,,,,,,,,952.5,,1.1,,0,0,0,0,0,0,0,,,,
RUE,2012,11,8,5,2.6,,,,,,,,952,,0.9,,0,0,0,0,0,0,0,,,,
RUE,2012,11,8,6,3.1,,,,,,,,951.7,,0.7,,2,0,0,0,0,0,0,,,,
RUE,2012,11,8,7,3.6,,,,,,,,951.8,,0.9,,59,0,0,0,0,0,0,,,,
RUE,2012,11,8,8,4.3,,,,,,,,952,,0.6,,129,1271.6,21.3,0,0,0,0,,,,
RUE,2012,11,8,9,6,,,,,,,,951.7,,1.2,,150,208.4,103.7,0,0,0,0,,,,
RUE,2012,11,8,10,7.1,,,,,,,,951.4,,0.5,,258,363.9,137.3,0,0,0,0,,,,
RUE,2012,11,8,11,9,,,,,,,,950.4,,0.5,,262,175.8,190.9,0,0,0,0,,,,
RUE,2012,11,8,12,9.5,,,,,,,,949.5,,1.8,,249,101,205,0,0,0,0,,,,
RUE,2012,11,8,13,8.4,,,,,,,,948.9,,2.2,,175,20.7,166.3,0,0,0,0,,,,
RUE,2012,11,8,14,7.6,,,,,,,,948.4,,2.6,,92,4.1,90.5,0,0,0,0,,,,
RUE,2012,11,8,15,7,,,,,,,,948.4,,2,,31,0.9,30.8,0,0,0,0,,,,
RUE,2012,11,8,16,6.5,,,,,,,,948.7,,0.9,,1,0,1,0,0,0,0,,,,
RUE,2012,11,8,17,6.6,,,,,,,,949.2,,0.8,,0,0,0,0,0,0,0,,,,
RUE,2012,11,8,18,6.6,,,,,,,,949.1,,1.4,,0,0,0,0,0,0,0,,,,
RUE,2012,11,8,19,6.2,,,,,,,,949,,1.3,,0,0,0,0,0,0,0,,,,
RUE,2012,11,8,20,6.1,,,,,,,,949.1,,1.1,,0,0,0,0,0,0,0,,,,
RUE,2012,11,8,21,6,,,,,,,,949.1,,1.1,,0,0,0,0,0,0,0,,,,
RUE,2012,11,8,22,6.6,,,,,,,,948.8,,1,,0,0,0,0,0,0,0,,,,
RUE,2012,11,8,23,6.1,,,,,,,,948.7,,1.1,,0,0,0,0,0,0,0,,,,
RUE,2012,11,9,0,5.9,,,,,,,,948.2,,2.6,,0,0,0,0,0,0,0,,,,
RUE,2012,11,9,1,5.7,,,,,,,,947.8,,1.5,,0,0,0,0,0,0,0,,,,
RUE,2012,11,9,2,5.9,,,,,,,,947.7,,1.3,,0,0,0,0,0,0,0,,,,
RUE,2012,11,9,3,5.5,,,,,,,,947.5,,0.7,,0,0,0,0,0,0,0,,,,
RUE,2012,11,9,4,5.7,,,,,,,,947.3,,1.2,,0,0,0,0,0,0,0,,,,
RUE,2012,11,9,5,5,,,,,,,,947.1,,1.2,,0,0,0,0,0,0,0,,,,
RUE,2012,11,9,6,4.1,,,,,,,,947.3,,1.4,,3,0,0,0,0,0,0,,,,
RUE,2012,11,9,7,3.7,,,,,,,,947.2,,1.6,,70,0,0,0,0,0,0,,,,
RUE,2012,11,9,8,4.8,,,,,,,,947,,2.3,,211,2184.5,34.8,0,0,0,0,,,,
RUE,2012,11,9,9,7.2,,,,,,,,946.7,,2,,360,1379,59.4,0,0,0,0,,,,
RUE,2012,11,9,10,8.8,,,,,,,,946.4,,2,,395,1008,65.2,0,0,0,0,,,,
RUE,2012,11,9,11,9.6,,,,,,,,945.4,,2.3,,410,824,80.6,0,0,0,0,,,,
RUE,2012,11,9,12,10.7,,,,,,,,944.5,,2.3,,357,455.5,160.9,0,0,0,0,,,,
RUE,2012,11,9,13,10.7,,,,,,,,943.7,,2.2,,220,68.3,191.5,0,0,0,0,,,,
RUE,2012,11,9,14,11.1,,,,,,,,942.9,,2.8,,157,26.1,147.6,0,0,0,0,,,,
RUE,2012,11,9,15,10,,,,,,,,942.6,,2.7,,41,1.5,40.6,0,0,0,0,,,,
RUE,2012,11,9,16,8.8,,,,,,,,942.2,,2.3,,2,0,2,0,0,0,0,,,,
RUE,2012,11,9,17,8.9,,,,,,,,941.5,,2.8,,0,0,0,0,0,0,0,,,,
RUE,2012,11,9,18,9.2,,,,,,,,940.9,,3.3,,0,0,0,0,0,0,0,,,,
RUE,2012,11,9,19,8.5,,,,,,,,941.5,,2.8,,0,0,0,0,0,0,0,,,,
RUE,2012,11,9,20,9.1,,,,,,,,941.5,,1.5,,0,0,0,0,0,0,0,,,,
RUE,2012,11,9,21,10.4,,,,,,,,941.3,,2.1,,0,0,0,0,0,0,0,,,,
RUE,2012,11,9,22,9.3,,,,,,,,941,,3.2,,0,0,0,0,0,0,0,,,,
RUE,2012,11,9,23,9.5,,,,,,,,940.7,,1.9,,0,0,0,0,0,0,0,,,,
RUE,2012,11,10,0,9.5,,,,,,,,940.1,,2.1,,0,0,0,0,0,0,0,,,,
RUE,2012,11,10,1,9.6,,,,,,,,939.5,,1.8,,0,0,0,0,0,0,0,,,,
RUE,2012,11,10,2,9.7,,,,,,,,938.7,,2.8,,0,0,0,0,0,0,0,,,,
RUE,2012,11,10,3,9.5,,,,,,,,938.2,,1.7,,0,0,0,0,0,0,0,,,,
RUE,2012,11,10,4,10.1,,,,,,,,937.7,,1.8,,0,0,0,0,0,0,0,,,,
RUE,2012,11,10,5,10.3,,,,,,,,937.6,,2.5,,0,0,0,0,0,0,0,,,,
RUE,2012,11,10,6,9.9,,,,,,,,937.1,,2.1,,0,0,0,0,0,0,0,,,,
RUE,2012,11,10,7,8.7,,,,,,,,936.1,,2.8,,2,0,0,0,0,0,0,,,,
RUE,2012,11,10,8,8.6,,,,,,,,936.1,,1.4,,9,0.9,8.9,0,0,0,0,,,,
RUE,2012,11,10,9,8.7,,,,,,,,936,,0.9,,15,0.3,14.9,0,0,0,0,,,,
RUE,2012,11,10,10,9.5,,,,,,,,935.9,,1.1,,28,0.5,27.8,0,0,0,0,,,,
RUE,2012,11,10,11,9.8,,,,,,,,935.7,,1.4,,48,1,47.6,0,0,0,0,,,,
RUE,2012,11,10,12,9.8,,,,,,,,934.7,,2.9,,36,0.5,35.8,0,0,0,0,,,,
RUE,2012,11,10,13,9.9,,,,,,,,934,,2.7,,46,0.8,45.7,0,0,0,0,,,,
RUE,2012,11,10,14,10,,,,,,,,933.4,,3.2,,16,0.1,16,0,0,0,0,,,,
RUE,2012,11,10,15,10.1,,,,,,,,934,,1.6,,2,0,2,0,0,0,0,,,,
RUE,2012,11,10,16,9.8,,,,,,,,934.7,,0.8,,0,0,0,0,0,0,0,,,,
RUE,2012,11,10,17,9.9,,,,,,,,934.4,,1.3,,0,0,0,0,0,0,0,,,,
RUE,2012,11,10,18,9.7,,,,,,,,934.8,,0.5,,0,0,0,0,0,0,0,,,,
RUE,2012,11,10,19,9.6,,,,,,,,935.2,,0.7,,0,0,0,0,0,0,0,,,,
RUE,2012,11,10,20,9.3,,,,,,,,935.6,,2,,0,0,0,0,0,0,0,,,,
RUE,2012,11,10,21,9,,,,,,,,936.2,,2.1,,0,0,0,0,0,0,0,,,,
RUE,2012,11,10,22,8.7,,,,,,,,936.3,,2.2,,0,0,0,0,0,0,0,,,,
RUE,2012,11,10,23,9.2,,,,,,,,935.8,,4.1,,0,0,0,0,0,0,0,,,,
RUE,2012,11,11,0,8.5,,,,,,,,935.9,,1.4,,0,0,0,0,0,0,0,,,,
RUE,2012,11,11,1,8.9,,,,,,,,935.5,,1.8,,0,0,0,0,0,0,0,,,,
RUE,2012,11,11,2,8.7,,,,,,,,935.8,,1.6,,0,0,0,0,0,0,0,,,,
RUE,2012,11,11,3,8.5,,,,,,,,935.6,,1.7,,0,0,0,0,0,0,0,,,,
RUE,2012,11,11,4,8.4,,,,,,,,935.9,,1.8,,0,0,0,0,0,0,0,,,,
RUE,2012,11,11,5,8.3,,,,,,,,936.4,,0.4,,0,0,0,0,0,0,0,,,,
RUE,2012,11,11,6,8.3,,,,,,,,936.9,,0.7,,0,0,0,0,0,0,0,,,,
RUE,2012,11,11,7,8,,,,,,,,937.3,,0.8,,4,0,0,0,0,0,0,,,,
RUE,2012,11,11,8,8.1,,,,,,,,937.7,,0.4,,21,5.4,20.6,0,0,0,0,,,,
RUE,2012,11,11,9,8.4,,,,,,,,938.2,,0.7,,30,1.3,29.7,0,0,0,0,,,,
RUE,2012,11,11,10,8.4,,,,,,,,939,,0.8,,19,0.2,18.9,0,0,0,0,,,,
RUE,2012,11,11,11,8.5,,,,,,,,939.8,,0.9,,55,1.3,54.5,0,0,0,0,,,,
RUE,2012,11,11,12,8.8,,,,,,,,940.2,,0.9,,102,3.8,100.4,0,0,0,0,,,,
RUE,2012,11,11,13,8.2,,,,,,,,940.9,,2.5,,31,0.4,30.8,0,0,0,0,,,,
RUE,2012,11,11,14,8.2,,,,,,,,941.7,,1,,33,0.6,32.8,0,0,0,0,,,,
RUE,2012,11,11,15,8,,,,,,,,942.4,,1.3,,14,0.2,14,0,0,0,0,,,,
RUE,2012,11,11,16,7.5,,,,,,,,943.3,,2.2,,0,0,0,0,0,0,0,,,,
RUE,2012,11,11,17,7.3,,,,,,,,944.5,,1.7,,0,0,0,0,0,0,0,,,,
RUE,2012,11,11,18,7.1,,,,,,,,945.7,,1.7,,0,0,0,0,0,0,0,,,,
RUE,2012,11,11,19,7,,,,,,,,946.5,,1.1,,0,0,0,0,0,0,0,,,,
RUE,2012,11,11,20,7,,,,,,,,947.4,,1.3,,0,0,0,0,0,0,0,,,,
RUE,2012,11,11,21,7.1,,,,,,,,948,,1.5,,0,0,0,0,0,0,0,,,,
RUE,2012,11,11,22,7,,,,,,,,948.6,,1.6,,0,0,0,0,0,0,0,,,,
RUE,2012,11,11,23,6.8,,,,,,,,948.8,,1,,0,0,0,0,0,0,0,,,,
RUE,2012,11,12,0,6.7,,,,,,,,949.3,,1,,0,0,0,0,0,0,0,,,,
RUE,2012,11,12,1,6.6,,,,,,,,949.6,,0.8,,0,0,0,0,0,0,0,,,,
RUE,2012,11,12,2,6.5,,,,,,,,950,,0.7,,0,0,0,0,0,0,0,,,,
RUE,2012,11,12,3,6.2,,,,,,,,950.1,,1.2,,0,0,0,0,0,0,0,,,,
RUE,2012,11,12,4,6,,,,,,,,950.6,,0.3,,0,0,0,0,0,0,0,,,,
RUE,2012,11,12,5,5.9,,,,,,,,950.7,,0.5,,0,0,0,0,0,0,0,,,,
RUE,2012,11,12,6,5.8,,,,,,,,951,,1,,0,0,0,0,0,0,0,,,,
RUE,2012,11,12,7,5.9,,,,,,,,951.7,,0.6,,13,0,0,0,0,0,0,,,,
RUE,2012,11,12,8,6.1,,,,,,,,952.2,,0.9,,35,57.4,31.1,0,0,0,0,,,,
RUE,2012,11,12,9,6.2,,,,,,,,952.7,,1.7,,50,3.8,49.2,0,0,0,0,,,,
RUE,2012,11,12,10,6.4,,,,,,,,953.1,,1.9,,89,5.2,87.4,0,0,0,0,,,,
RUE,2012,11,12,11,6.4,,,,,,,,953.2,,1.7,,70,2.1,69.2,0,0,0,0,,,,
RUE,2012,11,12,12,6.6,,,,,,,,953.1,,2.2,,119,5.2,116.8,0,0,0,0,,,,
RUE,2012,11,12,13,6.7,,,,,,,,953.2,,2.5,,133,7.5,130,0,0,0,0,,,,
RUE,2012,11,12,14,6.6,,,,,,,,953.4,,1.6,,64,2.2,63.2,0,0,0,0,,,,
RUE,2012,11,12,15,6.3,,,,,,,,953.9,,1.7,,16,0.3,15.9,0,0,0,0,,,,
RUE,2012,11,12,16,6.1,,,,,,,,954.3,,1.2,,1,0,1,0,0,0,0,,,,
RUE,2012,11,12,17,5.9,,,,,,,,954.7,,1.6,,0,0,0,0,0,0,0,,,,
RUE,2012,11,12,18,5.8,,,,,,,,955.3,,1.2,,0,0,0,0,0,0,0,,,,
RUE,2012,11,12,19,5.6,,,,,,,,955.6,,1,,0,0,0,0,0,0,0,,,,
RUE,2012,11,12,20,5.5,,,,,,,,956,,1.2,,0,0,0,0,0,0,0,,,,
RUE,2012,11,12,21,5.4,,,,,,,,956.3,,1.2,,0,0,0,0,0,0,0,,,,
RUE,2012,11,12,22,5.2,,,,,,,,956.4,,0.8,,0,0,0,0,0,0,0,,,,
RUE,2012,11,12,23,4.9,,,,,,,,956.5,,1,,0,0,0,0,0,0,0,,,,
RUE,2012,11,13,0,4.7,,,,,,,,956.6,,0.7,,0,0,0,0,0,0,0,,,,
RUE,2012,11,13,1,4.5,,,,,,,,956.6,,0.7,,0,0,0,0,0,0,0,,,,
RUE,2012,11,13,2,4.3,,,,,,,,956.5,,0.7,,0,0,0,0,0,0,0,,,,
RUE,2012,11,13,3,4.3,,,,,,,,956.6,,0.8,,0,0,0,0,0,0,0,,,,
RUE,2012,11,13,4,4,,,,,,,,957,,1.4,,0,0,0,0,0,0,0,,,,
RUE,2012,11,13,5,3.8,,,,,,,,957.2,,0.4,,0,0,0,0,0,0,0,,,,
RUE,2012,11,13,6,4,,,,,,,,957.4,,0.2,,0,0,0,0,0,0,0,,,,
RUE,2012,11,13,7,4.2,,,,,,,,957.9,,0.4,,9,0,0,0,0,0,0,,,,
RUE,2012,11,13,8,4.7,,,,,,,,958.1,,0.8,,33,56.6,29.3,0,0,0,0,,,,
RUE,2012,11,13,9,5.2,,,,,,,,958.3,,2.5,,54,4.6,53.1,0,0,0,0,,,,
RUE,2012,11,13,10,5.6,,,,,,,,958.2,,2.6,,82,4.5,80.6,0,0,0,0,,,,
RUE,2012,11,13,11,5.8,,,,,,,,957.8,,2.9,,81,2.9,79.9,0,0,0,0,,,,
RUE,2012,11,13,12,6.1,,,,,,,,957.4,,3.3,,110,4.6,108.1,0,0,0,0,,,,
RUE,2012,11,13,13,6.1,,,,,,,,957.1,,3.1,,109,4.8,107.1,0,0,0,0,,,,
RUE,2012,11,13,14,5.9,,,,,,,,956.9,,3,,48,1.2,47.6,0,0,0,0,,,,
RUE,2012,11,13,15,5.6,,,,,,,,956.6,,3.8,,10,0.1,10,0,0,0,0,,,,
RUE,2012,11,13,16,5.3,,,,,,,,956.3,,4.1,,0,0,0,0,0,0,0,,,,
RUE,2012,11,13,17,5.2,,,,,,,,956.3,,3,,0,0,0,0,0,0,0,,,,
RUE,2012,11,13,18,5.3,,,,,,,,956,,3.2,,0,0,0,0,0,0,0,,,,
RUE,2012,11,13,19,5.2,,,,,,,,956.2,,3.1,,0,0,0,0,0,0,0,,,,
RUE,2012,11,13,20,5.2,,,,,,,,956.2,,3,,0,0,0,0,0,0,0,,,,
RUE,2012,11,13,21,5.4,,,,,,,,956.2,,2.6,,0,0,0,0,0,0,0,,,,
RUE,2012,11,13,22,5.6,,,,,,,,955.9,,2.8,,0,0,0,0,0,0,0,,,,
RUE,2012,11,13,23,5.7,,,,,,,,955.9,,2.7,,0,0,0,0,0,0,0,,,,
RUE,2012,11,14,0,5.8,,,,,,,,955.5,,2.4,,0,0,0,0,0,0,0,,,,
RUE,2012,11,14,1,5.8,,,,,,,,955.4,,2.4,,0,0,0,0,0,0,0,,,,
RUE,2012,11,14,2,5.7,,,,,,,,955.3,,1.7,,0,0,0,0,0,0,0,,,,
RUE,2012,11,14,3,5.6,,,,,,,,954.9,,2.4,,0,0,0,0,0,0,0,,,,
RUE,2012,11,14,4,5.5,,,,,,,,954.5,,2.1,,0,0,0,0,0,0,0,,,,
RUE,2012,11,14,5,5,,,,,,,,954.3,,2.3,,0,0,0,0,0,0,0,,,,
RUE,2012,11,14,6,5,,,,,,,,954.4,,2.7,,0,0,0,0,0,0,0,,,,
RUE,2012,11,14,7,5.2,,,,,,,,954.6,,2.9,,27,0,0,0,0,0,0,,,,
RUE,2012,11,14,8,5.5,,,,,,,,954.5,,3.7,,71,971.2,11.8,0,0,0,0,,,,
RUE,2012,11,14,9,5.8,,,,,,,,954.3,,3.7,,169,507.4,69.1,0,0,0,0,,,,
RUE,2012,11,14,10,6.5,,,,,,,,954,,3.9,,368,1005.3,60.7,0,0,0,0,,,,
RUE,2012,11,14,11,7,,,,,,,,953.3,,3.7,,402,877.3,70.3,0,0,0,0,,,,
RUE,2012,11,14,12,7.1,,,,,,,,952.8,,3.8,,319,364.4,169.9,0,0,0,0,,,,
RUE,2012,11,14,13,7.8,,,,,,,,952.3,,3.2,,229,104.2,187.7,0,0,0,0,,,,
RUE,2012,11,14,14,7.5,,,,,,,,952.1,,3.3,,194,96.9,160.9,0,0,0,0,,,,
RUE,2012,11,14,15,6.6,,,,,,,,952.1,,2.3,,44,2,43.5,0,0,0,0,,,,
RUE,2012,11,14,16,5.1,,,,,,,,952.2,,2.4,,1,0,1,0,0,0,0,,,,
RUE,2012,11,14,17,4.5,,,,,,,,952.3,,3.3,,0,0,0,0,0,0,0,,,,
RUE,2012,11,14,18,4.2,,,,,,,,952,,3.5,,0,0,0,0,0,0,0,,,,
RUE,2012,11,14,19,3.9,,,,,,,,951.9,,3.2,,0,0,0,0,0,0,0,,,,
RUE,2012,11,14,20,3.7,,,,,,,,951.7,,3.2,,0,0,0,0,0,0,0,,,,
RUE,2012,11,14,21,3.6,,,,,,,,951.5,,3.2,,0,0,0,0,0,0,0,,,,
RUE,2012,11,14,22,3.7,,,,,,,,951.4,,3.4,,0,0,0,0,0,0,0,,,,
RUE,2012,11,14,23,3.5,,,,,,,,951.3,,3.4,,0,0,0,0,0,0,0,,,,
RUE,2012,11,15,0,3.4,,,,,,,,951,,2.9,,0,0,0,0,0,0,0,,,,
RUE,2012,11,15,1,3.4,,,,,,,,950.9,,3,,0,0,0,0,0,0,0,,,,
RUE,2012,11,15,2,3.1,,,,,,,,950.8,,3.1,,0,0,0,0,0,0,0,,,,
RUE,2012,11,15,3,3,,,,,,,,950.6,,2.9,,0,0,0,0,0,0,0,,,,
RUE,2012,11,15,4,2.9,,,,,,,,950.5,,3.2,,0,0,0,0,0,0,0,,,,
RUE,2012,11,15,5,2.6,,,,,,,,950.3,,2.5,,0,0,0,0,0,0,0,,,,
RUE,2012,11,15,6,2.4,,,,,,,,950.3,,2.9,,0,0,0,0,0,0,0,,,,
RUE,2012,11,15,7,2.6,,,,,,,,950.5,,2.8,,27,0,0,0,0,0,0,,,,
RUE,2012,11,15,8,2.9,,,,,,,,950.5,,3.1,,103,1503.7,17,0,0,0,0,,,,
RUE,2012,11,15,9,3.6,,,,,,,,950.4,,2.8,,162,472.2,70.9,0,0,0,0,,,,
RUE,2012,11,15,10,4.3,,,,,,,,950.1,,2.2,,264,540.9,100.9,0,0,0,0,,,,
RUE,2012,11,15,11,4.7,,,,,,,,949.6,,1.8,,267,259.7,169.9,0,0,0,0,,,,
RUE,2012,11,15,12,5.6,,,,,,,,949.1,,1.4,,316,364.7,168.3,0,0,0,0,,,,
RUE,2012,11,15,13,6.3,,,,,,,,948.8,,1.3,,225,100.4,185.6,0,0,0,0,,,,
RUE,2012,11,15,14,5.9,,,,,,,,948.6,,1.4,,190,92.4,158.8,0,0,0,0,,,,
RUE,2012,11,15,15,4.9,,,,,,,,948.4,,1.2,,42,1.9,41.5,0,0,0,0,,,,
RUE,2012,11,15,16,3.3,,,,,,,,948.6,,1.3,,1,0,1,0,0,0,0,,,,
RUE,2012,11,15,17,2.8,,,,,,,,948.7,,1.3,,0,0,0,0,0,0,0,,,,
RUE,2012,11,15,18,3.2,,,,,,,,948.7,,1.7,,0,0,0,0,0,0,0,,,,
RUE,2012,11,15,19,2.9,,,,,,,,948.5,,1.8,,0,0,0,0,0,0,0,,,,
RUE,2012,11,15,20,2.4,,,,,,,,948.4,,2.2,,0,0,0,0,0,0,0,,,,
RUE,2012,11,15,21,2.8,,,,,,,,948.2,,2.2,,0,0,0,0,0,0,0,,,,
RUE,2012,11,15,22,2.6,,,,,,,,948,,1.9,,0,0,0,0,0,0,0,,,,
RUE,2012,11,15,23,2.4,,,,,,,,948,,2.3,,0,0,0,0,0,0,0,,,,
RUE,2012,11,16,0,2,,,,,,,,947.7,,2.6,,0,0,0,0,0,0,0,,,,
RUE,2012,11,16,1,1.8,,,,,,,,947.6,,2.3,,0,0,0,0,0,0,0,,,,
RUE,2012,11,16,2,1.9,,,,,,,,947.6,,2,,0,0,0,0,0,0,0,,,,
RUE,2012,11,16,3,1.4,,,,,,,,947.2,,2,,0,0,0,0,0,0,0,,,,
RUE,2012,11,16,4,1.4,,,,,,,,947.2,,2.1,,0,0,0,0,0,0,0,,,,
RUE,2012,11,16,5,1.3,,,,,,,,947.1,,2.6,,0,0,0,0,0,0,0,,,,
RUE,2012,11,16,6,1.1,,,,,,,,946.9,,2.6,,0,0,0,0,0,0,0,,,,
RUE,2012,11,16,7,1,,,,,,,,947.2,,2.6,,30,0,0,0,0,0,0,,,,
RUE,2012,11,16,8,1.6,,,,,,,,947.5,,2.2,,107,1671.4,17.7,0,0,0,0,,,,
RUE,2012,11,16,9,2.2,,,,,,,,947.5,,2.4,,198,856,36.3,0,0,0,0,,,,
RUE,2012,11,16,10,3.2,,,,,,,,947.3,,2.3,,278,656.1,82.9,0,0,0,0,,,,
RUE,2012,11,16,11,4,,,,,,,,946.7,,2.4,,355,704.5,94.4,0,0,0,0,,,,
RUE,2012,11,16,12,4.8,,,,,,,,946.3,,1.8,,311,356.2,168.1,0,0,0,0,,,,
RUE,2012,11,16,13,5.5,,,,,,,,945.9,,1.5,,216,86.7,182.3,0,0,0,0,,,,
RUE,2012,11,16,14,4.9,,,,,,,,945.5,,2.4,,190,97,157.6,0,0,0,0,,,,
RUE,2012,11,16,15,3.7,,,,,,,,945.5,,2.3,,48,2.6,47.4,0,0,0,0,,,,
RUE,2012,11,16,16,3,,,,,,,,945.4,,2.6,,1,0,1,0,0,0,0,,,,
RUE,2012,11,16,17,2.6,,,,,,,,945.5,,2.3,,0,0,0,0,0,0,0,,,,
RUE,2012,11,16,18,2.3,,,,,,,,945.6,,2,,0,0,0,0,0,0,0,,,,
RUE,2012,11,16,19,2.2,,,,,,,,945.4,,1.8,,0,0,0,0,0,0,0,,,,
RUE,2012,11,16,20,2,,,,,,,,945.2,,2.3,,0,0,0,0,0,0,0,,,,
RUE,2012,11,16,21,2,,,,,,,,945,,2.5,,0,0,0,0,0,0,0,,,,
RUE,2012,11,16,22,2.4,,,,,,,,944.8,,2.2,,0,0,0,0,0,0,0,,,,
RUE,2012,11,16,23,2.4,,,,,,,,944.7,,1.3,,0,0,0,0,0,0,0,,,,
RUE,2012,11,17,0,2.4,,,,,,,,944.5,,1.1,,0,0,0,0,0,0,0,,,,
RUE,2012,11,17,1,2.2,,,,,,,,944.2,,1.9,,0,0,0,0,0,0,0,,,,
RUE,2012,11,17,2,1.9,,,,,,,,943.8,,2.7,,0,0,0,0,0,0,0,,,,
RUE,2012,11,17,3,1.7,,,,,,,,943.5,,2,,0,0,0,0,0,0,0,,,,
RUE,2012,11,17,4,2.4,,,,,,,,943.2,,3.5,,0,0,0,0,0,0,0,,,,
RUE,2012,11,17,5,2.2,,,,,,,,943.1,,2.3,,0,0,0,0,0,0,0,,,,
RUE,2012,11,17,6,1.7,,,,,,,,943.2,,1.7,,0,0,0,0,0,0,0,,,,
RUE,2012,11,17,7,2.1,,,,,,,,943.2,,1.6,,39,0,0,0,0,0,0,,,,
RUE,2012,11,17,8,3.5,,,,,,,,943.1,,1.8,,157,0,0,0,0,0,0,,,,
RUE,2012,11,17,9,5.3,,,,,,,,943.1,,2.5,,293,1323,48.3,0,0,0,0,,,,
RUE,2012,11,17,10,6.3,,,,,,,,943,,2.5,,379,1078.7,62.5,0,0,0,0,,,,
RUE,2012,11,17,11,6.8,,,,,,,,942.5,,2.5,,376,824.4,74.4,0,0,0,0,,,,
RUE,2012,11,17,12,7.4,,,,,,,,941.9,,2.6,,333,469,146.8,0,0,0,0,,,,
RUE,2012,11,17,13,6.5,,,,,,,,941.5,,3.4,,207,74.1,178.5,0,0,0,0,,,,
RUE,2012,11,17,14,6.3,,,,,,,,941.5,,3.4,,175,69,152.2,0,0,0,0,,,,
RUE,2012,11,17,15,5.6,,,,,,,,941.3,,2.8,,47,2.5,46.4,0,0,0,0,,,,
RUE,2012,11,17,16,4.7,,,,,,,,941.1,,2.4,,1,0,1,0,0,0,0,,,,
RUE,2012,11,17,17,4,,,,,,,,941.3,,2.5,,0,0,0,0,0,0,0,,,,
RUE,2012,11,17,18,3.7,,,,,,,,941.2,,2.4,,0,0,0,0,0,0,0,,,,
RUE,2012,11,17,19,3.8,,,,,,,,941.2,,3.2,,0,0,0,0,0,0,0,,,,
RUE,2012,11,17,20,4.2,,,,,,,,941.3,,2.8,,0,0,0,0,0,0,0,,,,
RUE,2012,11,17,21,4.7,,,,,,,,941.4,,2.5,,0,0,0,0,0,0,0,,,,
RUE,2012,11,17,22,5.2,,,,,,,,941.3,,2.5,,0,0,0,0,0,0,0,,,,
RUE,2012,11,17,23,4.9,,,,,,,,941.3,,2.6,,0,0,0,0,0,0,0,,,,
RUE,2012,11,18,0,4.8,,,,,,,,941.2,,2.1,,0,0,0,0,0,0,0,,,,
RUE,2012,11,18,1,4.7,,,,,,,,940.9,,2.1,,0,0,0,0,0,0,0,,,,
RUE,2012,11,18,2,4.4,,,,,,,,940.7,,2.6,,0,0,0,0,0,0,0,,,,
RUE,2012,11,18,3,3.9,,,,,,,,940.6,,2.5,,0,0,0,0,0,0,0,,,,
RUE,2012,11,18,4,3.7,,,,,,,,940.6,,1.9,,0,0,0,0,0,0,0,,,,
RUE,2012,11,18,5,3.5,,,,,,,,940.8,,2,,0,0,0,0,0,0,0,,,,
RUE,2012,11,18,6,3.2,,,,,,,,941.1,,1.8,,0,0,0,0,0,0,0,,,,
RUE,2012,11,18,7,3.2,,,,,,,,941.4,,1.9,,22,0,0,0,0,0,0,,,,
RUE,2012,11,18,8,4.1,,,,,,,,941.6,,1.5,,136,0,0,0,0,0,0,,,,
RUE,2012,11,18,9,6,,,,,,,,941.6,,2.6,,249,1148.7,41.1,0,0,0,0,,,,
RUE,2012,11,18,10,7.2,,,,,,,,941.9,,2.9,,319,920.6,52.6,0,0,0,0,,,,
RUE,2012,11,18,11,7.8,,,,,,,,941.8,,1.7,,286,380.7,148.2,0,0,0,0,,,,
RUE,2012,11,18,12,8.2,,,,,,,,941.7,,1.7,,266,207.4,184.4,0,0,0,0,,,,
RUE,2012,11,18,13,8.6,,,,,,,,941.6,,1.8,,241,155.2,181.8,0,0,0,0,,,,
RUE,2012,11,18,14,8.4,,,,,,,,941.7,,1.8,,164,52.8,146.7,0,0,0,0,,,,
RUE,2012,11,18,15,7,,,,,,,,941.9,,1.7,,31,1.1,30.7,0,0,0,0,,,,
RUE,2012,11,18,16,6.3,,,,,,,,942.1,,1.4,,1,0,1,0,0,0,0,,,,
RUE,2012,11,18,17,5.8,,,,,,,,942.5,,1.6,,0,0,0,0,0,0,0,,,,
RUE,2012,11,18,18,5,,,,,,,,943,,1.8,,0,0,0,0,0,0,0,,,,
RUE,2012,11,18,19,4,,,,,,,,943.3,,2.2,,0,0,0,0,0,0,0,,,,
RUE,2012,11,18,20,3.3,,,,,,,,943.6,,2.3,,0,0,0,0,0,0,0,,,,
RUE,2012,11,18,21,3.1,,,,,,,,943.8,,2.4,,0,0,0,0,0,0,0,,,,
RUE,2012,11,18,22,2.9,,,,,,,,943.6,,2.3,,0,0,0,0,0,0,0,,,,
RUE,2012,11,18,23,2.2,,,,,,,,943.8,,1.7,,0,0,0,0,0,0,0,,,,
RUE,2012,11,19,0,2.5,,,,,,,,943.7,,1.5,,0,0,0,0,0,0,0,,,,
RUE,2012,11,19,1,2.2,,,,,,,,943.8,,1.6,,0,0,0,0,0,0,0,,,,
RUE,2012,11,19,2,2.7,,,,,,,,943.7,,0.8,,0,0,0,0,0,0,0,,,,
RUE,2012,11,19,3,1.6,,,,,,,,943.6,,2,,0,0,0,0,0,0,0,,,,
RUE,2012,11,19,4,1.1,,,,,,,,943.8,,2.1,,0,0,0,0,0,0,0,,,,
RUE,2012,11,19,5,1.3,,,,,,,,944,,2.1,,0,0,0,0,0,0,0,,,,
RUE,2012,11,19,6,1.6,,,,,,,,944.2,,1.8,,0,0,0,0,0,0,0,,,,
RUE,2012,11,19,7,2.2,,,,,,,,944.4,,2.3,,25,0,0,0,0,0,0,,,,
RUE,2012,11,19,8,2.9,,,,,,,,944.6,,1.9,,121,0,0,0,0,0,0,,,,
RUE,2012,11,19,9,3.6,,,,,,,,944.8,,1.9,,239,1126.6,39.4,0,0,0,0,,,,
RUE,2012,11,19,10,4.3,,,,,,,,945,,1.3,,353,1032.4,58.2,0,0,0,0,,,,
RUE,2012,11,19,11,6.8,,,,,,,,944.4,,1,,374,849.8,69.8,0,0,0,0,,,,
RUE,2012,11,19,12,6.9,,,,,,,,944.2,,1.7,,315,413,154.1,0,0,0,0,,,,
RUE,2012,11,19,13,6.9,,,,,,,,944.1,,1.2,,199,66.9,173.7,0,0,0,0,,,,
RUE,2012,11,19,14,6.2,,,,,,,,944.2,,1.7,,173,71.8,149.8,0,0,0,0,,,,
RUE,2012,11,19,15,4.6,,,,,,,,944.5,,1.8,,39,1.8,38.6,0,0,0,0,,,,
RUE,2012,11,19,16,3.3,,,,,,,,944.9,,1.4,,0,0,0,0,0,0,0,,,,
RUE,2012,11,19,17,2.4,,,,,,,,945.2,,2.2,,0,0,0,0,0,0,0,,,,
RUE,2012,11,19,18,1.9,,,,,,,,945.6,,1.8,,0,0,0,0,0,0,0,,,,
RUE,2012,11,19,19,2,,,,,,,,945.7,,2.3,,0,0,0,0,0,0,0,,,,
RUE,2012,11,19,20,2.4,,,,,,,,945.8,,1.9,,0,0,0,0,0,0,0,,,,
RUE,2012,11,19,21,2.3,,,,,,,,946,,2.3,,0,0,0,0,0,0,0,,,,
RUE,2012,11,19,22,2.2,,,,,,,,945.9,,2.6,,0,0,0,0,0,0,0,,,,
RUE,2012,11,19,23,2.2,,,,,,,,946,,2.8,,0,0,0,0,0,0,0,,,,
RUE,2012,11,20,0,2,,,,,,,,946.1,,3.1,,0,0,0,0,0,0,0,,,,
RUE,2012,11,20,1,1.6,,,,,,,,946.2,,2.3,,0,0,0,0,0,0,0,,,,
RUE,2012,11,20,2,1.4,,,,,,,,946.2,,3.4,,0,0,0,0,0,0,0,,,,
RUE,2012,11,20,3,1.4,,,,,,,,946.2,,2.9,,0,0,0,0,0,0,0,,,,
RUE,2012,11,20,4,1.3,,,,,,,,946.3,,2.9,,0,0,0,0,0,0,0,,,,
RUE,2012,11,20,5,0.9,,,,,,,,946.2,,2.6,,0,0,0,0,0,0,0,,,,
RUE,2012,11,20,6,0.9,,,,,,,,946.4,,2.6,,0,0,0,0,0,0,0,,,,
RUE,2012,11,20,7,0.8,,,,,,,,946.7,,2.2,,20,0,0,0,0,0,0,,,,
RUE,2012,11,20,8,1,,,,,,,,946.9,,2.5,,82,0,0,0,0,0,0,,,,
RUE,2012,11,20,9,1.8,,,,,,,,947.2,,2.3,,169,730.9,42.3,0,0,0,0,,,,
RUE,2012,11,20,10,2.2,,,,,,,,947.4,,2.2,,261,638.4,81.2,0,0,0,0,,,,
RUE,2012,11,20,11,3.5,,,,,,,,946.8,,2.3,,385,904.8,64.5,0,0,0,0,,,,
RUE,2012,11,20,12,3.8,,,,,,,,946.4,,2.9,,335,524.1,132.8,0,0,0,0,,,,
RUE,2012,11,20,13,3.1,,,,,,,,946.3,,3.1,,212,94.3,176.7,0,0,0,0,,,,
RUE,2012,11,20,14,2.6,,,,,,,,946.1,,3,,186,105.8,152.1,0,0,0,0,,,,
RUE,2012,11,20,15,1.7,,,,,,,,946.2,,2.9,,45,2.5,44.4,0,0,0,0,,,,
RUE,2012,11,20,16,1.1,,,,,,,,946.2,,2.9,,0,0,0,0,0,0,0,,,,
RUE,2012,11,20,17,0.9,,,,,,,,946.4,,3.4,,0,0,0,0,0,0,0,,,,
RUE,2012,11,20,18,0.7,,,,,,,,946.5,,3,,0,0,0,0,0,0,0,,,,
RUE,2012,11,20,19,0.7,,,,,,,,946.7,,2.7,,0,0,0,0,0,0,0,,,,
RUE,2012,11,20,20,0.5,,,,,,,,946.3,,3.1,,0,0,0,0,0,0,0,,,,
RUE,2012,11,20,21,0.8,,,,,,,,946.2,,4,,0,0,0,0,0,0,0,,,,
RUE,2012,11,20,22,0.9,,,,,,,,946,,3.5,,0,0,0,0,0,0,0,,,,
RUE,2012,11,20,23,0.7,,,,,,,,946,,3.4,,0,0,0,0,0,0,0,,,,
RUE,2012,11,21,0,0.5,,,,,,,,945.5,,3.3,,0,0,0,0,0,0,0,,,,
RUE,2012,11,21,1,0.2,,,,,,,,945.2,,3.6,,0,0,0,0,0,0,0,,,,
RUE,2012,11,21,2,0,,,,,,,,945,,4,,0,0,0,0,0,0,0,,,,
RUE,2012,11,21,3,0.2,,,,,,,,944.7,,4.2,,0,0,0,0,0,0,0,,,,
RUE,2012,11,21,4,-0.6,,,,,,,,944.4,,3.9,,0,0,0,0,0,0,0,,,,
RUE,2012,11,21,5,-1.8,,,,,,,,944.6,,4.1,,0,0,0,0,0,0,0,,,,
RUE,2012,11,21,6,-0.4,,,,,,,,944.6,,4,,0,0,0,0,0,0,0,,,,
RUE,2012,11,21,7,0.9,,,,,,,,945,,3.8,,32,0,0,0,0,0,0,,,,
RUE,2012,11,21,8,0.9,,,,,,,,945.1,,4.3,,158,0,0,0,0,0,0,,,,
RUE,2012,11,21,9,2.2,,,,,,,,945.3,,3.5,,277,1363.7,45.7,0,0,0,0,,,,
RUE,2012,11,21,10,4,,,,,,,,945.2,,3.9,,354,1063.7,58.4,0,0,0,0,,,,
RUE,2012,11,21,11,5.2,,,,,,,,945,,3.8,,375,884.3,65,0,0,0,0,,,,
RUE,2012,11,21,12,5.5,,,,,,,,945.3,,3.2,,242,155.7,182.5,0,0,0,0,,,,
RUE,2012,11,21,13,4.3,,,,,,,,945.8,,2.4,,186,52.4,166.6,0,0,0,0,,,,
RUE,2012,11,21,14,3.8,,,,,,,,946.7,,1.9,,106,7.8,103.5,0,0,0,0,,,,
RUE,2012,11,21,15,3.3,,,,,,,,947.1,,1.3,,31,1.2,30.7,0,0,0,0,,,,
RUE,2012,11,21,16,3.4,,,,,,,,947.7,,1.1,,0,0,0,0,0,0,0,,,,
RUE,2012,11,21,17,4.1,,,,,,,,948.4,,1.1,,0,0,0,0,0,0,0,,,,
RUE,2012,11,21,18,5.9,,,,,,,,949.1,,1.2,,0,0,0,0,0,0,0,,,,
RUE,2012,11,21,19,6.8,,,,,,,,949.4,,0.6,,0,0,0,0,0,0,0,,,,
RUE,2012,11,21,20,6.7,,,,,,,,950,,0.5,,0,0,0,0,0,0,0,,,,
RUE,2012,11,21,21,6.8,,,,,,,,950.3,,0.5,,0,0,0,0,0,0,0,,,,
RUE,2012,11,21,22,6.4,,,,,,,,950.6,,0.4,,0,0,0,0,0,0,0,,,,
RUE,2012,11,21,23,6.2,,,,,,,,951.1,,0.9,,0,0,0,0,0,0,0,,,,
RUE,2012,11,22,0,6.7,,,,,,,,951.1,,1.5,,0,0,0,0,0,0,0,,,,
RUE,2012,11,22,1,7.2,,,,,,,,951.2,,1.3,,0,0,0,0,0,0,0,,,,
RUE,2012,11,22,2,7.3,,,,,,,,951.3,,0.8,,0,0,0,0,0,0,0,,,,
RUE,2012,11,22,3,6.6,,,,,,,,951.2,,0.6,,0,0,0,0,0,0,0,,,,
RUE,2012,11,22,4,6.6,,,,,,,,951.2,,0.6,,0,0,0,0,0,0,0,,,,
RUE,2012,11,22,5,6.6,,,,,,,,951.3,,0.4,,0,0,0,0,0,0,0,,,,
RUE,2012,11,22,6,6.5,,,,,,,,951.4,,0.6,,0,0,0,0,0,0,0,,,,
RUE,2012,11,22,7,6.5,,,,,,,,951.6,,0.4,,7,0,0,0,0,0,0,,,,
RUE,2012,11,22,8,6.6,,,,,,,,951.9,,0.4,,29,0,0,0,0,0,0,,,,
RUE,2012,11,22,9,6.6,,,,,,,,951.9,,0.4,,32,2.4,31.6,0,0,0,0,,,,
RUE,2012,11,22,10,6.6,,,,,,,,951.9,,0.4,,38,1.2,37.7,0,0,0,0,,,,
RUE,2012,11,22,11,6.6,,,,,,,,951.9,,1.1,,95,4.8,93.3,0,0,0,0,,,,
RUE,2012,11,22,12,7.7,,,,,,,,951.1,,1.7,,156,19.5,148.6,0,0,0,0,,,,
RUE,2012,11,22,13,7.1,,,,,,,,950.9,,1.9,,73,2.5,72.1,0,0,0,0,,,,
RUE,2012,11,22,14,7.4,,,,,,,,950.7,,1.7,,82,4.4,80.6,0,0,0,0,,,,
RUE,2012,11,22,15,6.6,,,,,,,,950.6,,1.7,,30,1.2,29.7,0,0,0,0,,,,
RUE,2012,11,22,16,6.4,,,,,,,,950.3,,0.8,,0,0,0,0,0,0,0,,,,
RUE,2012,11,22,17,6.5,,,,,,,,950.2,,1.4,,0,0,0,0,0,0,0,,,,
RUE,2012,11,22,18,6.7,,,,,,,,949.9,,2,,0,0,0,0,0,0,0,,,,
RUE,2012,11,22,19,6.5,,,,,,,,949.6,,3.5,,0,0,0,0,0,0,0,,,,
RUE,2012,11,22,20,6.4,,,,,,,,949.6,,2.1,,0,0,0,0,0,0,0,,,,
RUE,2012,11,22,21,6.4,,,,,,,,949.7,,1.9,,0,0,0,0,0,0,0,,,,
RUE,2012,11,22,22,6.4,,,,,,,,949.8,,1.4,,0,0,0,0,0,0,0,,,,
RUE,2012,11,22,23,6.6,,,,,,,,949.6,,1.8,,0,0,0,0,0,0,0,,,,
RUE,2012,11,23,0,6.4,,,,,,,,949.5,,1.9,,0,0,0,0,0,0,0,,,,
RUE,2012,11,23,1,5.8,,,,,,,,949.3,,1.7,,0,0,0,0,0,0,0,,,,
RUE,2012,11,23,2,5.6,,,,,,,,949,,2.5,,0,0,0,0,0,0,0,,,,
RUE,2012,11,23,3,5.9,,,,,,,,948.8,,1.9,,0,0,0,0,0,0,0,,,,
RUE,2012,11,23,4,6.1,,,,,,,,948.6,,3.3,,0,0,0,0,0,0,0,,,,
RUE,2012,11,23,5,5.6,,,,,,,,948.6,,3.4,,0,0,0,0,0,0,0,,,,
RUE,2012,11,23,6,5.9,,,,,,,,948.6,,2,,0,0,0,0,0,0,0,,,,
RUE,2012,11,23,7,6.3,,,,,,,,948.6,,2.7,,17,0,0,0,0,0,0,,,,
RUE,2012,11,23,8,6.8,,,,,,,,948.9,,4.1,,86,0,0,0,0,0,0,,,,
RUE,2012,11,23,9,7.3,,,,,,,,949.1,,4.4,,208,1070,34.3,0,0,0,0,,,,
RUE,2012,11,23,10,8.7,,,,,,,,949.4,,1.9,,244,588.3,84.8,0,0,0,0,,,,
RUE,2012,11,23,11,9.2,,,,,,,,948.9,,1.4,,292,488.7,124.2,0,0,0,0,,,,
RUE,2012,11,23,12,9.8,,,,,,,,948.7,,1.2,,274,280.4,168.7,0,0,0,0,,,,
RUE,2012,11,23,13,9.1,,,,,,,,948.6,,1.7,,169,35.3,156.1,0,0,0,0,,,,
RUE,2012,11,23,14,8.3,,,,,,,,948.8,,1.8,,105,8,102.5,0,0,0,0,,,,
RUE,2012,11,23,15,7.7,,,,,,,,948.9,,2.5,,28,1,27.8,0,0,0,0,,,,
RUE,2012,11,23,16,7.3,,,,,,,,949.2,,2.5,,0,0,0,0,0,0,0,,,,
RUE,2012,11,23,17,7.4,,,,,,,,949.5,,1.9,,0,0,0,0,0,0,0,,,,
RUE,2012,11,23,18,7.8,,,,,,,,949.7,,1.4,,0,0,0,0,0,0,0,,,,
RUE,2012,11,23,19,8.2,,,,,,,,949.7,,0.8,,0,0,0,0,0,0,0,,,,
RUE,2012,11,23,20,8.4,,,,,,,,949.7,,1.2,,0,0,0,0,0,0,0,,,,
RUE,2012,11,23,21,8.9,,,,,,,,949.6,,1.6,,0,0,0,0,0,0,0,,,,
RUE,2012,11,23,22,8.5,,,,,,,,949.1,,3.5,,0,0,0,0,0,0,0,,,,
RUE,2012,11,23,23,8.2,,,,,,,,949,,2.8,,0,0,0,0,0,0,0,,,,
RUE,2012,11,24,0,8.2,,,,,,,,948.6,,1.2,,0,0,0,0,0,0,0,,,,
RUE,2012,11,24,1,7.7,,,,,,,,948.6,,0.5,,0,0,0,0,0,0,0,,,,
RUE,2012,11,24,2,6.8,,,,,,,,948.6,,0.7,,0,0,0,0,0,0,0,,,,
RUE,2012,11,24,3,6.7,,,,,,,,948.5,,0.9,,0,0,0,0,0,0,0,,,,
RUE,2012,11,24,4,7.4,,,,,,,,948.4,,1.3,,0,0,0,0,0,0,0,,,,
RUE,2012,11,24,5,7.9,,,,,,,,948.3,,2.8,,0,0,0,0,0,0,0,,,,
RUE,2012,11,24,6,8.1,,,,,,,,948.3,,2.1,,0,0,0,0,0,0,0,,,,
RUE,2012,11,24,7,8.4,,,,,,,,948.3,,3.6,,12,0,0,0,0,0,0,,,,
RUE,2012,11,24,8,8.8,,,,,,,,948.2,,3.2,,122,0,0,0,0,0,0,,,,
RUE,2012,11,24,9,9.9,,,,,,,,948.2,,3,,228,1199.1,37.6,0,0,0,0,,,,
RUE,2012,11,24,10,10.2,,,,,,,,947.9,,2,,282,865.1,51,0,0,0,0,,,,
RUE,2012,11,24,11,10.2,,,,,,,,947.2,,1.9,,241,249.7,156.1,0,0,0,0,,,,
RUE,2012,11,24,12,10.6,,,,,,,,946.7,,1.4,,217,107.4,177.1,0,0,0,0,,,,
RUE,2012,11,24,13,12,,,,,,,,946,,2.6,,183,54.7,163.2,0,0,0,0,,,,
RUE,2012,11,24,14,11.1,,,,,,,,945.7,,2.7,,78,4.1,76.7,0,0,0,0,,,,
RUE,2012,11,24,15,9.9,,,,,,,,945.6,,2.3,,17,0.4,16.9,0,0,0,0,,,,
RUE,2012,11,24,16,9,,,,,,,,945.5,,1.9,,0,0,0,0,0,0,0,,,,
RUE,2012,11,24,17,9.1,,,,,,,,945.1,,2.2,,0,0,0,0,0,0,0,,,,
RUE,2012,11,24,18,8.5,,,,,,,,944.9,,2.2,,0,0,0,0,0,0,0,,,,
RUE,2012,11,24,19,8.2,,,,,,,,944.8,,1.9,,0,0,0,0,0,0,0,,,,
RUE,2012,11,24,20,7.9,,,,,,,,944.7,,1.6,,0,0,0,0,0,0,0,,,,
RUE,2012,11,24,21,8.9,,,,,,,,944.9,,1.7,,0,0,0,0,0,0,0,,,,
RUE,2012,11,24,22,9.4,,,,,,,,945.1,,2.6,,0,0,0,0,0,0,0,,,,
RUE,2012,11,24,23,10.5,,,,,,,,945,,2.4,,0,0,0,0,0,0,0,,,,
RUE,2012,11,25,0,11.3,,,,,,,,945.1,,2.8,,0,0,0,0,0,0,0,,,,
RUE,2012,11,25,1,13.3,,,,,,,,945.2,,6,,0,0,0,0,0,0,0,,,,
RUE,2012,11,25,2,13.5,,,,,,,,945.4,,7.5,,0,0,0,0,0,0,0,,,,
RUE,2012,11,25,3,13.5,,,,,,,,945.3,,8.5,,0,0,0,0,0,0,0,,,,
RUE,2012,11,25,4,13.4,,,,,,,,945.2,,7.6,,0,0,0,0,0,0,0,,,,
RUE,2012,11,25,5,13.5,,,,,,,,945.3,,5.8,,0,0,0,0,0,0,0,,,,
RUE,2012,11,25,6,13.5,,,,,,,,945.4,,5.9,,0,0,0,0,0,0,0,,,,
RUE,2012,11,25,7,13.2,,,,,,,,945.7,,6.3,,24,0,0,0,0,0,0,,,,
RUE,2012,11,25,8,13.1,,,,,,,,946,,5.1,,55,0,0,0,0,0,0,,,,
RUE,2012,11,25,9,12.1,,,,,,,,946.4,,3,,58,12.1,56.1,0,0,0,0,,,,
RUE,2012,11,25,10,12.1,,,,,,,,946.6,,4.4,,88,7.8,86,0,0,0,0,,,,
RUE,2012,11,25,11,11.4,,,,,,,,946.7,,3.4,,51,1.5,50.5,0,0,0,0,,,,
RUE,2012,11,25,12,10.2,,,,,,,,946.9,,2.4,,81,3.1,79.9,0,0,0,0,,,,
RUE,2012,11,25,13,10.2,,,,,,,,946.7,,3.4,,54,1.5,53.5,0,0,0,0,,,,
RUE,2012,11,25,14,10.2,,,,,,,,946.4,,2.9,,64,2.8,63.1,0,0,0,0,,,,
RUE,2012,11,25,15,10,,,,,,,,946.2,,1.1,,27,1,26.8,0,0,0,0,,,,
RUE,2012,11,25,16,9.6,,,,,,,,946,,0.9,,0,0,0,0,0,0,0,,,,
RUE,2012,11,25,17,9.3,,,,,,,,946,,1.3,,0,0,0,0,0,0,0,,,,
RUE,2012,11,25,18,9.2,,,,,,,,945.9,,1.4,,0,0,0,0,0,0,0,,,,
RUE,2012,11,25,19,8.6,,,,,,,,945.8,,0.6,,0,0,0,0,0,0,0,,,,
RUE,2012,11,25,20,8.1,,,,,,,,945.6,,1.2,,0,0,0,0,0,0,0,,,,
RUE,2012,11,25,21,8.2,,,,,,,,945,,1.7,,0,0,0,0,0,0,0,,,,
RUE,2012,11,25,22,8.5,,,,,,,,944.4,,1.3,,0,0,0,0,0,0,0,,,,
RUE,2012,11,25,23,8.2,,,,,,,,944,,1.7,,0,0,0,0,0,0,0,,,,
RUE,2012,11,26,0,8.4,,,,,,,,943.2,,1.8,,0,0,0,0,0,0,0,,,,
RUE,2012,11,26,1,9.2,,,,,,,,942.6,,2.7,,0,0,0,0,0,0,0,,,,
RUE,2012,11,26,2,8.8,,,,,,,,942.1,,2.2,,0,0,0,0,0,0,0,,,,
RUE,2012,11,26,3,8.2,,,,,,,,941.3,,2.2,,0,0,0,0,0,0,0,,,,
RUE,2012,11,26,4,8,,,,,,,,941,,2.2,,0,0,0,0,0,0,0,,,,
RUE,2012,11,26,5,7.8,,,,,,,,940.9,,1.5,,0,0,0,0,0,0,0,,,,
RUE,2012,11,26,6,8.4,,,,,,,,940.6,,1.9,,0,0,0,0,0,0,0,,,,
RUE,2012,11,26,7,8.9,,,,,,,,940.1,,3.5,,1,0,0,0,0,0,0,,,,
RUE,2012,11,26,8,8.9,,,,,,,,940.4,,1.7,,12,0,0,0,0,0,0,,,,
RUE,2012,11,26,9,9,,,,,,,,940.2,,1.6,,18,0.9,17.9,0,0,0,0,,,,
RUE,2012,11,26,10,9.2,,,,,,,,939.7,,2,,35,1.2,34.7,0,0,0,0,,,,
RUE,2012,11,26,11,9.2,,,,,,,,938.7,,1.5,,34,0.7,33.8,0,0,0,0,,,,
RUE,2012,11,26,12,8.9,,,,,,,,938,,2.5,,34,0.6,33.8,0,0,0,0,,,,
RUE,2012,11,26,13,8.7,,,,,,,,936.8,,1.9,,35,0.6,34.8,0,0,0,0,,,,
RUE,2012,11,26,14,8.3,,,,,,,,936.3,,2,,18,0.2,17.9,0,0,0,0,,,,
RUE,2012,11,26,15,8.2,,,,,,,,936.4,,1.2,,8,0.1,8,0,0,0,0,,,,
RUE,2012,11,26,16,8.4,,,,,,,,936.6,,1.7,,0,0,0,0,0,0,0,,,,
RUE,2012,11,26,17,7.4,,,,,,,,937.2,,3.3,,0,0,0,0,0,0,0,,,,
RUE,2012,11,26,18,7.2,,,,,,,,937,,1.7,,0,0,0,0,0,0,0,,,,
RUE,2012,11,26,19,7.2,,,,,,,,937.1,,1.3,,0,0,0,0,0,0,0,,,,
RUE,2012,11,26,20,6.3,,,,,,,,937.6,,3.7,,0,0,0,0,0,0,0,,,,
RUE,2012,11,26,21,5.6,,,,,,,,937.9,,2.9,,0,0,0,0,0,0,0,,,,
RUE,2012,11,26,22,5.3,,,,,,,,937.8,,2.5,,0,0,0,0,0,0,0,,,,
RUE,2012,11,26,23,4.9,,,,,,,,937.5,,1.8,,0,0,0,0,0,0,0,,,,
RUE,2012,11,27,0,4.5,,,,,,,,937,,0.9,,0,0,0,0,0,0,0,,,,
RUE,2012,11,27,1,4.3,,,,,,,,936.6,,1.3,,0,0,0,0,0,0,0,,,,
RUE,2012,11,27,2,3.9,,,,,,,,936.3,,1.4,,0,0,0,0,0,0,0,,,,
RUE,2012,11,27,3,3.8,,,,,,,,935.8,,1.1,,0,0,0,0,0,0,0,,,,
RUE,2012,11,27,4,3.8,,,,,,,,935.5,,0.9,,0,0,0,0,0,0,0,,,,
RUE,2012,11,27,5,3.8,,,,,,,,935.5,,0.9,,0,0,0,0,0,0,0,,,,
RUE,2012,11,27,6,3.8,,,,,,,,935.6,,0.8,,0,0,0,0,0,0,0,,,,
RUE,2012,11,27,7,3.8,,,,,,,,935.5,,0.6,,1,0,0,0,0,0,0,,,,
RUE,2012,11,27,8,4,,,,,,,,935.5,,0.7,,15,0,0,0,0,0,0,,,,
RUE,2012,11,27,9,4.3,,,,,,,,935.3,,1.3,,49,7.4,47.9,0,0,0,0,,,,
RUE,2012,11,27,10,4.5,,,,,,,,935.3,,0.8,,58,3.3,57.2,0,0,0,0,,,,
RUE,2012,11,27,11,4.7,,,,,,,,935.1,,1,,71,3,70,0,0,0,0,,,,
RUE,2012,11,27,12,4.6,,,,,,,,934.9,,1.3,,86,3.6,84.7,0,0,0,0,,,,
RUE,2012,11,27,13,4.3,,,,,,,,934.3,,1.2,,73,2.7,72,0,0,0,0,,,,
RUE,2012,11,27,14,4.3,,,,,,,,934.1,,0.7,,42,1.2,41.6,0,0,0,0,,,,
RUE,2012,11,27,15,4.3,,,,,,,,934.1,,0.8,,4,0,4,0,0,0,0,,,,
RUE,2012,11,27,16,4.1,,,,,,,,934.1,,0.7,,0,0,0,0,0,0,0,,,,
RUE,2012,11,27,17,4,,,,,,,,934,,1.1,,0,0,0,0,0,0,0,,,,
RUE,2012,11,27,18,3.9,,,,,,,,933.9,,0.9,,0,0,0,0,0,0,0,,,,
RUE,2012,11,27,19,3.8,,,,,,,,933.7,,0.8,,0,0,0,0,0,0,0,,,,
RUE,2012,11,27,20,3.8,,,,,,,,933.5,,0.5,,0,0,0,0,0,0,0,,,,
RUE,2012,11,27,21,3.7,,,,,,,,933.4,,0.3,,0,0,0,0,0,0,0,,,,
RUE,2012,11,27,22,3.7,,,,,,,,933.1,,0.6,,0,0,0,0,0,0,0,,,,
RUE,2012,11,27,23,3.7,,,,,,,,932.7,,1.2,,0,0,0,0,0,0,0,,,,
RUE,2012,11,28,0,3.7,,,,,,,,932.2,,1.7,,0,0,0,0,0,0,0,,,,
RUE,2012,11,28,1,3.8,,,,,,,,932,,2.5,,0,0,0,0,0,0,0,,,,
RUE,2012,11,28,2,3.8,,,,,,,,931.6,,2,,0,0,0,0,0,0,0,,,,
RUE,2012,11,28,3,3.7,,,,,,,,930.8,,1.8,,0,0,0,0,0,0,0,,,,
RUE,2012,11,28,4,3.8,,,,,,,,930.6,,1.6,,0,0,0,0,0,0,0,,,,
RUE,2012,11,28,5,3.9,,,,,,,,930.1,,2.2,,0,0,0,0,0,0,0,,,,
RUE,2012,11,28,6,3.9,,,,,,,,930,,2.6,,0,0,0,0,0,0,0,,,,
RUE,2012,11,28,7,3.9,,,,,,,,929.8,,1.9,,0,0,0,0,0,0,0,,,,
RUE,2012,11,28,8,4,,,,,,,,929.8,,0.9,,11,0,0,0,0,0,0,,,,
RUE,2012,11,28,9,4.2,,,,,,,,929.4,,0.9,,23,1.6,22.8,0,0,0,0,,,,
RUE,2012,11,28,10,4.2,,,,,,,,929,,0.7,,26,0.7,25.8,0,0,0,0,,,,
RUE,2012,11,28,11,4.2,,,,,,,,928.3,,1.3,,20,0.2,19.9,0,0,0,0,,,,
RUE,2012,11,28,12,4.1,,,,,,,,927.7,,2.2,,27,0.4,26.9,0,0,0,0,,,,
RUE,2012,11,28,13,3.9,,,,,,,,927.1,,2.7,,22,0.3,21.9,0,0,0,0,,,,
RUE,2012,11,28,14,3.8,,,,,,,,926.7,,2.5,,12,0.1,12,0,0,0,0,,,,
RUE,2012,11,28,15,3.8,,,,,,,,926.4,,2.2,,1,0,1,0,0,0,0,,,,
RUE,2012,11,28,16,3.8,,,,,,,,926,,2.1,,0,0,0,0,0,0,0,,,,
RUE,2012,11,28,17,3.5,,,,,,,,926,,2.3,,0,0,0,0,0,0,0,,,,
RUE,2012,11,28,18,3.3,,,,,,,,925.7,,2.2,,0,0,0,0,0,0,0,,,,
RUE,2012,11,28,19,3,,,,,,,,925.4,,1.7,,0,0,0,0,0,0,0,,,,
RUE,2012,11,28,20,3,,,,,,,,925.1,,1.9,,0,0,0,0,0,0,0,,,,
RUE,2012,11,28,21,2.8,,,,,,,,925.3,,1.7,,0,0,0,0,0,0,0,,,,
RUE,2012,11,28,22,2.7,,,,,,,,924.8,,2.1,,0,0,0,0,0,0,0,,,,
RUE,2012,11,28,23,2.7,,,,,,,,924.9,,2,,0,0,0,0,0,0,0,,,,
RUE,2012,11,29,0,2.5,,,,,,,,924.6,,2.4,,0,0,0,0,0,0,0,,,,
RUE,2012,11,29,1,2.2,,,,,,,,924.6,,2.9,,0,0,0,0,0,0,0,,,,
RUE,2012,11,29,2,1.7,,,,,,,,925.1,,2.7,,0,0,0,0,0,0,0,,,,
RUE,2012,11,29,3,1.2,,,,,,,,925.4,,3.4,,0,0,0,0,0,0,0,,,,
RUE,2012,11,29,4,0.5,,,,,,,,925.9,,3,,0,0,0,0,0,0,0,,,,
RUE,2012,11,29,5,0.5,,,,,,,,926.6,,3.7,,0,0,0,0,0,0,0,,,,
RUE,2012,11,29,6,0.4,,,,,,,,927.6,,3.1,,0,0,0,0,0,0,0,,,,
RUE,2012,11,29,7,0.5,,,,,,,,928.3,,3.5,,0,0,0,0,0,0,0,,,,
RUE,2012,11,29,8,0.2,,,,,,,,929.2,,2.7,,11,0,0,0,0,0,0,,,,
RUE,2012,11,29,9,0.2,,,,,,,,929.8,,1.9,,34,3.7,33.5,0,0,0,0,,,,
RUE,2012,11,29,10,0.5,,,,,,,,930.2,,1.9,,90,10.2,87.4,0,0,0,0,,,,
RUE,2012,11,29,11,0.4,,,,,,,,930.4,,1.3,,85,4.4,83.6,0,0,0,0,,,,
RUE,2012,11,29,12,0.4,,,,,,,,930.6,,1.1,,42,0.9,41.7,0,0,0,0,,,,
RUE,2012,11,29,13,0.6,,,,,,,,930.7,,1.4,,63,2.1,62.3,0,0,0,0,,,,
RUE,2012,11,29,14,1,,,,,,,,931,,2.1,,23,0.4,22.9,0,0,0,0,,,,
RUE,2012,11,29,15,0.8,,,,,,,,931.6,,3.3,,7,0.1,7,0,0,0,0,,,,
RUE,2012,11,29,16,0.3,,,,,,,,931.9,,1.7,,0,0,0,0,0,0,0,,,,
RUE,2012,11,29,17,0.2,,,,,,,,932.2,,1.5,,0,0,0,0,0,0,0,,,,
RUE,2012,11,29,18,-0.2,,,,,,,,932.4,,1.2,,0,0,0,0,0,0,0,,,,
RUE,2012,11,29,19,-0.4,,,,,,,,932.5,,1,,0,0,0,0,0,0,0,,,,
RUE,2012,11,29,20,-0.8,,,,,,,,932.7,,1.4,,0,0,0,0,0,0,0,,,,
RUE,2012,11,29,21,-0.5,,,,,,,,932.8,,1.5,,0,0,0,0,0,0,0,,,,
RUE,2012,11,29,22,-0.5,,,,,,,,932.7,,1.4,,0,0,0,0,0,0,0,,,,
RUE,2012,11,29,23,-0.5,,,,,,,,932.8,,0.9,,0,0,0,0,0,0,0,,,,
RUE,2012,11,30,0,-0.5,,,,,,,,932.7,,0.9,,0,0,0,0,0,0,0,,,,
RUE,2012,11,30,1,-0.5,,,,,,,,932.7,,0.8,,0,0,0,0,0,0,0,,,,
RUE,2012,11,30,2,-0.4,,,,,,,,932.8,,1,,0,0,0,0,0,0,0,,,,
RUE,2012,11,30,3,-0.5,,,,,,,,932.9,,1.1,,0,0,0,0,0,0,0,,,,
RUE,2012,11,30,4,-0.7,,,,,,,,933.1,,0.9,,0,0,0,0,0,0,0,,,,
RUE,2012,11,30,5,-0.8,,,,,,,,933.5,,0.9,,0,0,0,0,0,0,0,,,,
RUE,2012,11,30,6,-0.8,,,,,,,,933.8,,0.6,,0,0,0,0,0,0,0,,,,
RUE,2012,11,30,7,-0.9,,,,,,,,934.1,,0.4,,10,0,0,0,0,0,0,,,,
RUE,2012,11,30,8,-0.6,,,,,,,,934.6,,0.4,,37,0,0,0,0,0,0,,,,
RUE,2012,11,30,9,-0.6,,,,,,,,935.1,,1.1,,77,83.8,65.3,0,0,0,0,,,,
RUE,2012,11,30,10,-0.6,,,,,,,,935.4,,0.7,,119,42.1,108.6,0,0,0,0,,,,
RUE,2012,11,30,11,-0.3,,,,,,,,935.4,,0.9,,248,346.1,136.9,0,0,0,0,,,,
RUE,2012,11,30,12,-0.1,,,,,,,,935.3,,1.4,,124,9.2,120.8,0,0,0,0,,,,
RUE,2012,11,30,13,0,,,,,,,,935.4,,1.1,,96,5,94.3,0,0,0,0,,,,
RUE,2012,11,30,14,-0.4,,,,,,,,935.7,,1.3,,40,1.2,39.7,0,0,0,0,,,,
RUE,2012,11,30,15,-0.8,,,,,,,,936.1,,2,,22,0.7,21.8,0,0,0,0,,,,
RUE,2012,11,30,16,-1,,,,,,,,936.7,,1.8,,0,0,0,0,0,0,0,,,,
RUE,2012,11,30,17,-1.2,,,,,,,,937.1,,1.4,,0,0,0,0,0,0,0,,,,
RUE,2012,11,30,18,-1.7,,,,,,,,937.5,,0.8,,0,0,0,0,0,0,0,,,,
RUE,2012,11,30,19,-2.6,,,,,,,,937.7,,1.5,,0,0,0,0,0,0,0,,,,
RUE,2012,11,30,20,-2.9,,,,,,,,938,,2.7,,0,0,0,0,0,0,0,,,,
RUE,2012,11,30,21,-2.8,,,,,,,,938.3,,3.1,,0,0,0,0,0,0,0,,,,
RUE,2012,11,30,22,-3,,,,,,,,938.6,,3.2,,0,0,0,0,0,0,0,,,,
RUE,2012,11,30,23,-3.1,,,,,,,,938.8,,1.4,,0,0,0,0,0,0,0,,,,
RUE,2012,12,1,0,-3.3,,,,,,,,938.8,,1.3,,0,0,0,0,0,0,0,,,,
RUE,2012,12,1,1,-3.9,,,,,,,,938.7,,0.9,,0,0,0,0,0,0,0,,,,
RUE,2012,12,1,2,-4,,,,,,,,938.9,,0.6,,0,0,0,0,0,0,0,,,,
RUE,2012,12,1,3,-4.1,,,,,,,,939,,0.9,,0,0,0,0,0,0,0,,,,
RUE,2012,12,1,4,-4.3,,,,,,,,939.1,,0.7,,0,0,0,0,0,0,0,,,,
RUE,2012,12,1,5,-4.8,,,,,,,,939.4,,0.8,,0,0,0,0,0,0,0,,,,
RUE,2012,12,1,6,-5.2,,,,,,,,939.6,,0.8,,0,0,0,0,0,0,0,,,,
RUE,2012,12,1,7,-4.8,,,,,,,,939.9,,1,,10,0,0,0,0,0,0,,,,
RUE,2012,12,1,8,-4.1,,,,,,,,940.4,,2,,38,0,0,0,0,0,0,,,,
RUE,2012,12,1,9,-3.7,,,,,,,,940.9,,2.6,,74,77,63.5,0,0,0,0,,,,
RUE,2012,12,1,10,-3.7,,,,,,,,941.1,,2.8,,94,13.8,90.6,0,0,0,0,,,,
RUE,2012,12,1,11,-3.5,,,,,,,,941,,2.3,,98,6.1,96.1,0,0,0,0,,,,
RUE,2012,12,1,12,-3.3,,,,,,,,941,,1.9,,99,5.1,97.2,0,0,0,0,,,,
RUE,2012,12,1,13,-3.3,,,,,,,,941,,0.9,,140,18.4,133.7,0,0,0,0,,,,
RUE,2012,12,1,14,-3.2,,,,,,,,941.3,,0.6,,101,8.7,98.4,0,0,0,0,,,,
RUE,2012,12,1,15,-3.3,,,,,,,,941.6,,0.5,,31,1.5,30.7,0,0,0,0,,,,
RUE,2012,12,1,16,-3.6,,,,,,,,941.9,,1.1,,0,0,0,0,0,0,0,,,,
RUE,2012,12,1,17,-3.7,,,,,,,,942.1,,0.9,,0,0,0,0,0,0,0,,,,
RUE,2012,12,1,18,-4.1,,,,,,,,942.2,,1,,0,0,0,0,0,0,0,,,,
RUE,2012,12,1,19,-4.6,,,,,,,,942.4,,1,,0,0,0,0,0,0,0,,,,
RUE,2012,12,1,20,-4.5,,,,,,,,942.4,,1,,0,0,0,0,0,0,0,,,,
RUE,2012,12,1,21,-4.2,,,,,,,,942.6,,1.2,,0,0,0,0,0,0,0,,,,
RUE,2012,12,1,22,-4.1,,,,,,,,942.6,,1.2,,0,0,0,0,0,0,0,,,,
RUE,2012,12,1,23,-4.5,,,,,,,,942.8,,0.9,,0,0,0,0,0,0,0,,,,
RUE,2012,12,2,0,-4.6,,,,,,,,942.5,,1.1,,0,0,0,0,0,0,0,,,,
RUE,2012,12,2,1,-3.9,,,,,,,,942.1,,1.5,,0,0,0,0,0,0,0,,,,
RUE,2012,12,2,2,-3.8,,,,,,,,941.8,,1.8,,0,0,0,0,0,0,0,,,,
RUE,2012,12,2,3,-2.9,,,,,,,,941,,1.4,,0,0,0,0,0,0,0,,,,
RUE,2012,12,2,4,-2.6,,,,,,,,940.6,,1.1,,0,0,0,0,0,0,0,,,,
RUE,2012,12,2,5,-3,,,,,,,,940.6,,1.1,,0,0,0,0,0,0,0,,,,
RUE,2012,12,2,6,-3.4,,,,,,,,940.5,,0.7,,0,0,0,0,0,0,0,,,,
RUE,2012,12,2,7,-3.2,,,,,,,,940.8,,0.3,,1,0,0,0,0,0,0,,,,
RUE,2012,12,2,8,-2.9,,,,,,,,941.2,,0.7,,15,0,0,0,0,0,0,,,,
RUE,2012,12,2,9,-2.3,,,,,,,,941.5,,0.8,,36,4.7,35.4,0,0,0,0,,,,
RUE,2012,12,2,10,-1.7,,,,,,,,941.8,,1.7,,127,65.1,111.3,0,0,0,0,,,,
RUE,2012,12,2,11,-1.3,,,,,,,,941.8,,2.3,,120,13.1,115.9,0,0,0,0,,,,
RUE,2012,12,2,12,-1.3,,,,,,,,941.9,,1.9,,123,9.4,119.7,0,0,0,0,,,,
RUE,2012,12,2,13,-1.3,,,,,,,,942,,1.8,,81,3.6,79.8,0,0,0,0,,,,
RUE,2012,12,2,14,-1.3,,,,,,,,942.2,,1.8,,89,6,87.3,0,0,0,0,,,,
RUE,2012,12,2,15,-1.4,,,,,,,,942.5,,1.9,,16,0.4,15.9,0,0,0,0,,,,
RUE,2012,12,2,16,-1.7,,,,,,,,942.9,,2.1,,0,0,0,0,0,0,0,,,,
RUE,2012,12,2,17,-1.9,,,,,,,,943.4,,1.9,,0,0,0,0,0,0,0,,,,
RUE,2012,12,2,18,-1.9,,,,,,,,943.8,,2.3,,0,0,0,0,0,0,0,,,,
RUE,2012,12,2,19,-1.8,,,,,,,,944.2,,2.3,,0,0,0,0,0,0,0,,,,
RUE,2012,12,2,20,-1.9,,,,,,,,944.6,,1.5,,0,0,0,0,0,0,0,,,,
RUE,2012,12,2,21,-1.8,,,,,,,,945,,1.6,,0,0,0,0,0,0,0,,,,
RUE,2012,12,2,22,-1.8,,,,,,,,945.5,,1.9,,0,0,0,0,0,0,0,,,,
RUE,2012,12,2,23,-1.7,,,,,,,,945.9,,2.1,,0,0,0,0,0,0,0,,,,
RUE,2012,12,3,0,-1.6,,,,,,,,946.1,,2.1,,0,0,0,0,0,0,0,,,,
RUE,2012,12,3,1,-1.8,,,,,,,,946.4,,1,,0,0,0,0,0,0,0,,,,
RUE,2012,12,3,2,-2.1,,,,,,,,946.8,,0.4,,0,0,0,0,0,0,0,,,,
RUE,2012,12,3,3,-2.4,,,,,,,,947,,0.7,,0,0,0,0,0,0,0,,,,
RUE,2012,12,3,4,-2.9,,,,,,,,947.2,,0.8,,0,0,0,0,0,0,0,,,,
RUE,2012,12,3,5,-3.5,,,,,,,,947.2,,1.2,,0,0,0,0,0,0,0,,,,
RUE,2012,12,3,6,-3.8,,,,,,,,947.3,,0.8,,0,0,0,0,0,0,0,,,,
RUE,2012,12,3,7,-4.1,,,,,,,,947.2,,0.9,,12,0,0,0,0,0,0,,,,
RUE,2012,12,3,8,-3.3,,,,,,,,947.3,,0.4,,99,0,0,0,0,0,0,,,,
RUE,2012,12,3,9,-2.3,,,,,,,,946.6,,2.1,,155,994.5,25.6,0,0,0,0,,,,
RUE,2012,12,3,10,-1,,,,,,,,946,,2.3,,229,696,62.8,0,0,0,0,,,,
RUE,2012,12,3,11,-0.7,,,,,,,,945.1,,1.9,,159,55.1,141.8,0,0,0,0,,,,
RUE,2012,12,3,12,-0.8,,,,,,,,944.3,,2.9,,76,3.1,74.9,0,0,0,0,,,,
RUE,2012,12,3,13,-0.4,,,,,,,,942.8,,5.2,,48,1.3,47.6,0,0,0,0,,,,
RUE,2012,12,3,14,1,,,,,,,,941.6,,4.9,,45,1.6,44.6,0,0,0,0,,,,
RUE,2012,12,3,15,0.1,,,,,,,,941.3,,1.1,,9,0.1,9,0,0,0,0,,,,
RUE,2012,12,3,16,-0.3,,,,,,,,940.9,,0.9,,0,0,0,0,0,0,0,,,,
RUE,2012,12,3,17,-0.1,,,,,,,,940.9,,0.6,,0,0,0,0,0,0,0,,,,
RUE,2012,12,3,18,2.2,,,,,,,,940.2,,2,,0,0,0,0,0,0,0,,,,
RUE,2012,12,3,19,3.4,,,,,,,,939.1,,5.9,,0,0,0,0,0,0,0,,,,
RUE,2012,12,3,20,3.7,,,,,,,,938.5,,7.3,,0,0,0,0,0,0,0,,,,
RUE,2012,12,3,21,3.4,,,,,,,,938.4,,4.2,,0,0,0,0,0,0,0,,,,
RUE,2012,12,3,22,3,,,,,,,,938.2,,4,,0,0,0,0,0,0,0,,,,
RUE,2012,12,3,23,3,,,,,,,,937.8,,3.1,,0,0,0,0,0,0,0,,,,
RUE,2012,12,4,0,3,,,,,,,,937.3,,3.2,,0,0,0,0,0,0,0,,,,
RUE,2012,12,4,1,3,,,,,,,,936.1,,2.5,,0,0,0,0,0,0,0,,,,
RUE,2012,12,4,2,2.8,,,,,,,,934.7,,1.4,,0,0,0,0,0,0,0,,,,
RUE,2012,12,4,3,4.4,,,,,,,,932.6,,5.8,,0,0,0,0,0,0,0,,,,
RUE,2012,12,4,4,4.8,,,,,,,,931.2,,9.5,,0,0,0,0,0,0,0,,,,
RUE,2012,12,4,5,5,,,,,,,,930.6,,9.5,,0,0,0,0,0,0,0,,,,
RUE,2012,12,4,6,4.7,,,,,,,,930.8,,8.8,,0,0,0,0,0,0,0,,,,
RUE,2012,12,4,7,4.2,,,,,,,,931.9,,6,,2,0,0,0,0,0,0,,,,
RUE,2012,12,4,8,3.7,,,,,,,,933.5,,5.1,,35,0,0,0,0,0,0,,,,
RUE,2012,12,4,9,3.5,,,,,,,,934.5,,5.3,,103,407.3,51.1,0,0,0,0,,,,
RUE,2012,12,4,10,3.1,,,,,,,,934.7,,3.4,,86,10.8,83.5,0,0,0,0,,,,
RUE,2012,12,4,11,3.3,,,,,,,,933.9,,3.4,,118,13,114,0,0,0,0,,,,
RUE,2012,12,4,12,3.1,,,,,,,,933.5,,2.8,,46,1.1,45.6,0,0,0,0,,,,
RUE,2012,12,4,13,2.5,,,,,,,,933,,3.8,,47,1.2,46.6,0,0,0,0,,,,
RUE,2012,12,4,14,2,,,,,,,,932.8,,3.9,,56,2.4,55.3,0,0,0,0,,,,
RUE,2012,12,4,15,1.9,,,,,,,,933.3,,4.9,,2,0,2,0,0,0,0,,,,
RUE,2012,12,4,16,1.5,,,,,,,,933.9,,4.7,,0,0,0,0,0,0,0,,,,
RUE,2012,12,4,17,1.3,,,,,,,,934.3,,4.3,,0,0,0,0,0,0,0,,,,
RUE,2012,12,4,18,1.3,,,,,,,,934.6,,4.3,,0,0,0,0,0,0,0,,,,
RUE,2012,12,4,19,1.3,,,,,,,,934.5,,3.6,,0,0,0,0,0,0,0,,,,
RUE,2012,12,4,20,1.6,,,,,,,,934,,4.2,,0,0,0,0,0,0,0,,,,
RUE,2012,12,4,21,1.3,,,,,,,,933.5,,3.6,,0,0,0,0,0,0,0,,,,
RUE,2012,12,4,22,1.6,,,,,,,,933.2,,4.1,,0,0,0,0,0,0,0,,,,
RUE,2012,12,4,23,1,,,,,,,,932.9,,3.3,,0,0,0,0,0,0,0,,,,
RUE,2012,12,5,0,0.2,,,,,,,,932.5,,1.8,,0,0,0,0,0,0,0,,,,
RUE,2012,12,5,1,0.3,,,,,,,,932.2,,1.1,,0,0,0,0,0,0,0,,,,
RUE,2012,12,5,2,0.3,,,,,,,,932.2,,1.6,,0,0,0,0,0,0,0,,,,
RUE,2012,12,5,3,0.2,,,,,,,,931.9,,1.4,,0,0,0,0,0,0,0,,,,
RUE,2012,12,5,4,0.2,,,,,,,,931.8,,1.9,,0,0,0,0,0,0,0,,,,
RUE,2012,12,5,5,0.2,,,,,,,,932,,1.5,,0,0,0,0,0,0,0,,,,
RUE,2012,12,5,6,0.1,,,,,,,,932.4,,1.9,,0,0,0,0,0,0,0,,,,
RUE,2012,12,5,7,-0.1,,,,,,,,932.9,,1.9,,3,0,0,0,0,0,0,,,,
RUE,2012,12,5,8,-0.1,,,,,,,,933.1,,1.5,,35,0,0,0,0,0,0,,,,
RUE,2012,12,5,9,0.2,,,,,,,,933.5,,0.8,,108,514.4,43.9,0,0,0,0,,,,
RUE,2012,12,5,10,0.4,,,,,,,,934,,1,,120,58.1,106.4,0,0,0,0,,,,
RUE,2012,12,5,11,0.8,,,,,,,,933.9,,1.6,,206,194.3,146.2,0,0,0,0,,,,
RUE,2012,12,5,12,1.1,,,,,,,,933.8,,2.7,,151,26.9,141.8,0,0,0,0,,,,
RUE,2012,12,5,13,1.2,,,,,,,,933.7,,2.5,,128,13.4,123.5,0,0,0,0,,,,
RUE,2012,12,5,14,0.8,,,,,,,,933.6,,2.2,,62,3,61.1,0,0,0,0,,,,
RUE,2012,12,5,15,0.5,,,,,,,,933.8,,1.2,,15,0.4,14.9,0,0,0,0,,,,
RUE,2012,12,5,16,0.1,,,,,,,,934,,0.8,,0,0,0,0,0,0,0,,,,
RUE,2012,12,5,17,0.1,,,,,,,,934.2,,0.8,,0,0,0,0,0,0,0,,,,
RUE,2012,12,5,18,-0.4,,,,,,,,934.2,,0.6,,0,0,0,0,0,0,0,,,,
RUE,2012,12,5,19,-0.3,,,,,,,,934,,1.4,,0,0,0,0,0,0,0,,,,
RUE,2012,12,5,20,0.3,,,,,,,,933.9,,1.3,,0,0,0,0,0,0,0,,,,
RUE,2012,12,5,21,0.1,,,,,,,,933.9,,1.2,,0,0,0,0,0,0,0,,,,
RUE,2012,12,5,22,-0.4,,,,,,,,934.1,,0.4,,0,0,0,0,0,0,0,,,,
RUE,2012,12,5,23,-0.2,,,,,,,,934.6,,1.3,,0,0,0,0,0,0,0,,,,
RUE,2012,12,6,0,-0.3,,,,,,,,935.3,,3,,0,0,0,0,0,0,0,,,,
RUE,2012,12,6,1,-0.4,,,,,,,,936.2,,2.2,,0,0,0,0,0,0,0,,,,
RUE,2012,12,6,2,-0.4,,,,,,,,937,,1.7,,0,0,0,0,0,0,0,,,,
RUE,2012,12,6,3,-0.6,,,,,,,,937.8,,2,,0,0,0,0,0,0,0,,,,
RUE,2012,12,6,4,-0.7,,,,,,,,938.9,,3.3,,0,0,0,0,0,0,0,,,,
RUE,2012,12,6,5,-1,,,,,,,,940.1,,3.2,,0,0,0,0,0,0,0,,,,
RUE,2012,12,6,6,-1.2,,,,,,,,941,,3.1,,0,0,0,0,0,0,0,,,,
RUE,2012,12,6,7,-1.3,,,,,,,,941.7,,3.2,,14,0,0,0,0,0,0,,,,
RUE,2012,12,6,8,-1.3,,,,,,,,942.8,,3.1,,42,0,0,0,0,0,0,,,,
RUE,2012,12,6,9,-1.3,,,,,,,,943.7,,3.2,,92,313.7,53.7,0,0,0,0,,,,
RUE,2012,12,6,10,-1.4,,,,,,,,944.4,,2.4,,222,699,60.6,0,0,0,0,,,,
RUE,2012,12,6,11,-1.2,,,,,,,,944.4,,3.8,,244,388.5,125.3,0,0,0,0,,,,
RUE,2012,12,6,12,-1.6,,,,,,,,944.6,,3.9,,177,61.3,156.1,0,0,0,0,,,,
RUE,2012,12,6,13,-1.7,,,,,,,,945,,3.9,,187,88.7,157.5,0,0,0,0,,,,
RUE,2012,12,6,14,-2,,,,,,,,945.2,,3.2,,87,6,85.3,0,0,0,0,,,,
RUE,2012,12,6,15,-2.6,,,,,,,,945.5,,2,,17,0.5,16.9,0,0,0,0,,,,
RUE,2012,12,6,16,-2.9,,,,,,,,945.6,,2,,0,0,0,0,0,0,0,,,,
RUE,2012,12,6,17,-3.6,,,,,,,,945.8,,1,,0,0,0,0,0,0,0,,,,
RUE,2012,12,6,18,-4,,,,,,,,945.5,,1.1,,0,0,0,0,0,0,0,,,,
RUE,2012,12,6,19,-4.3,,,,,,,,945.4,,1,,0,0,0,0,0,0,0,,,,
RUE,2012,12,6,20,-4.2,,,,,,,,945.2,,0.7,,0,0,0,0,0,0,0,,,,
RUE,2012,12,6,21,-4.1,,,,,,,,944.8,,1,,0,0,0,0,0,0,0,,,,
RUE,2012,12,6,22,-4,,,,,,,,944,,1.9,,0,0,0,0,0,0,0,,,,
RUE,2012,12,6,23,-4.2,,,,,,,,943.4,,1.9,,0,0,0,0,0,0,0,,,,
RUE,2012,12,7,0,-4.4,,,,,,,,942.5,,1.3,,0,0,0,0,0,0,0,,,,
RUE,2012,12,7,1,-4.3,,,,,,,,941.5,,2.2,,0,0,0,0,0,0,0,,,,
RUE,2012,12,7,2,-4,,,,,,,,940.8,,2.5,,0,0,0,0,0,0,0,,,,
RUE,2012,12,7,3,-3.7,,,,,,,,939.7,,2.9,,0,0,0,0,0,0,0,,,,
RUE,2012,12,7,4,-3.7,,,,,,,,939,,1.4,,0,0,0,0,0,0,0,,,,
RUE,2012,12,7,5,-3.2,,,,,,,,937.8,,2.2,,0,0,0,0,0,0,0,,,,
RUE,2012,12,7,6,-4.1,,,,,,,,936.4,,3.2,,0,0,0,0,0,0,0,,,,
RUE,2012,12,7,7,-4.3,,,,,,,,935.3,,4.2,,6,0,0,0,0,0,0,,,,
RUE,2012,12,7,8,-3.9,,,,,,,,934.3,,4.9,,43,0,0,0,0,0,0,,,,
RUE,2012,12,7,9,-3.3,,,,,,,,933.5,,4.1,,58,43.5,52.8,0,0,0,0,,,,
RUE,2012,12,7,10,-2.9,,,,,,,,932.8,,3.6,,53,3.4,52.2,0,0,0,0,,,,
RUE,2012,12,7,11,-3.9,,,,,,,,931.8,,3.5,,61,2.6,60.2,0,0,0,0,,,,
RUE,2012,12,7,12,-3.4,,,,,,,,930.9,,4.3,,74,3.1,73,0,0,0,0,,,,
RUE,2012,12,7,13,-2.5,,,,,,,,930.4,,4.3,,70,2.8,69.1,0,0,0,0,,,,
RUE,2012,12,7,14,-2.6,,,,,,,,930.5,,1.9,,41,1.3,40.6,0,0,0,0,,,,
RUE,2012,12,7,15,-2.8,,,,,,,,931.1,,0.8,,5,0,5,0,0,0,0,,,,
RUE,2012,12,7,16,-2.6,,,,,,,,931.6,,0.6,,0,0,0,0,0,0,0,,,,
RUE,2012,12,7,17,-2.4,,,,,,,,931.8,,0.8,,0,0,0,0,0,0,0,,,,
RUE,2012,12,7,18,-1.7,,,,,,,,932.2,,1.2,,0,0,0,0,0,0,0,,,,
RUE,2012,12,7,19,-1.9,,,,,,,,932.4,,1.2,,0,0,0,0,0,0,0,,,,
RUE,2012,12,7,20,-2,,,,,,,,932.5,,0.8,,0,0,0,0,0,0,0,,,,
RUE,2012,12,7,21,-1.7,,,,,,,,932.3,,1.5,,0,0,0,0,0,0,0,,,,
RUE,2012,12,7,22,-2,,,,,,,,932.5,,1.5,,0,0,0,0,0,0,0,,,,
RUE,2012,12,7,23,-1.3,,,,,,,,932.6,,1.7,,0,0,0,0,0,0,0,,,,
RUE,2012,12,8,0,-1.8,,,,,,,,932.7,,2.2,,0,0,0,0,0,0,0,,,,
RUE,2012,12,8,1,-1.9,,,,,,,,933.1,,2.8,,0,0,0,0,0,0,0,,,,
RUE,2012,12,8,2,-2,,,,,,,,933.9,,3.1,,0,0,0,0,0,0,0,,,,
RUE,2012,12,8,3,-2.1,,,,,,,,934.9,,2.3,,0,0,0,0,0,0,0,,,,
RUE,2012,12,8,4,-1.9,,,,,,,,936.4,,2.7,,0,0,0,0,0,0,0,,,,
RUE,2012,12,8,5,-2.3,,,,,,,,937.8,,0.7,,0,0,0,0,0,0,0,,,,
RUE,2012,12,8,6,-2.3,,,,,,,,939.1,,0.9,,0,0,0,0,0,0,0,,,,
RUE,2012,12,8,7,-2.4,,,,,,,,940.6,,2.3,,1,0,0,0,0,0,0,,,,
RUE,2012,12,8,8,-3.2,,,,,,,,942.1,,2.2,,21,0,0,0,0,0,0,,,,
RUE,2012,12,8,9,-3.6,,,,,,,,943.7,,2,,36,6,35.3,0,0,0,0,,,,
RUE,2012,12,8,10,-3.7,,,,,,,,945.2,,1.6,,44,2.4,43.5,0,0,0,0,,,,
RUE,2012,12,8,11,-3.6,,,,,,,,945.8,,1.7,,102,8,99.6,0,0,0,0,,,,
RUE,2012,12,8,12,-3.6,,,,,,,,946.7,,1.6,,87,4.3,85.6,0,0,0,0,,,,
RUE,2012,12,8,13,-3.8,,,,,,,,947.2,,1.6,,80,3.8,78.8,0,0,0,0,,,,
RUE,2012,12,8,14,-3.7,,,,,,,,947.8,,1.9,,54,2.3,53.3,0,0,0,0,,,,
RUE,2012,12,8,15,-3.9,,,,,,,,948.6,,2,,12,0.2,12,0,0,0,0,,,,
RUE,2012,12,8,16,-4.2,,,,,,,,949.7,,1.5,,0,0,0,0,0,0,0,,,,
RUE,2012,12,8,17,-4.4,,,,,,,,950.5,,1,,0,0,0,0,0,0,0,,,,
RUE,2012,12,8,18,-4.5,,,,,,,,951.4,,1,,0,0,0,0,0,0,0,,,,
RUE,2012,12,8,19,-4.5,,,,,,,,951.8,,0.8,,0,0,0,0,0,0,0,,,,
RUE,2012,12,8,20,-4.2,,,,,,,,952.1,,0.6,,0,0,0,0,0,0,0,,,,
RUE,2012,12,8,21,-4.5,,,,,,,,952.5,,0.5,,0,0,0,0,0,0,0,,,,
RUE,2012,12,8,22,-4.6,,,,,,,,953,,0.8,,0,0,0,0,0,0,0,,,,
RUE,2012,12,8,23,-4.6,,,,,,,,953,,0.8,,0,0,0,0,0,0,0,,,,
RUE,2012,12,9,0,-4.5,,,,,,,,952.8,,0.7,,0,0,0,0,0,0,0,,,,
RUE,2012,12,9,1,-4.8,,,,,,,,952.9,,0.8,,0,0,0,0,0,0,0,,,,
RUE,2012,12,9,2,-5.1,,,,,,,,952.9,,0.8,,0,0,0,0,0,0,0,,,,
RUE,2012,12,9,3,-4.8,,,,,,,,952.9,,1.2,,0,0,0,0,0,0,0,,,,
RUE,2012,12,9,4,-4.6,,,,,,,,952.8,,1.5,,0,0,0,0,0,0,0,,,,
RUE,2012,12,9,5,-4.8,,,,,,,,952.8,,1.4,,0,0,0,0,0,0,0,,,,
RUE,2012,12,9,6,-5.1,,,,,,,,952.8,,1.5,,0,0,0,0,0,0,0,,,,
RUE,2012,12,9,7,-5.6,,,,,,,,952.4,,1.9,,6,0,0,0,0,0,0,,,,
RUE,2012,12,9,8,-4.9,,,,,,,,952.5,,1.8,,95,0,0,0,0,0,0,,,,
RUE,2012,12,9,9,-3.8,,,,,,,,952.3,,2.4,,97,472.8,42.7,0,0,0,0,,,,
RUE,2012,12,9,10,-3,,,,,,,,951.8,,2.5,,156,228.6,104.8,0,0,0,0,,,,
RUE,2012,12,9,11,-2.1,,,,,,,,950.9,,1.8,,246,429.5,117.4,0,0,0,0,,,,
RUE,2012,12,9,12,-2,,,,,,,,950.2,,1.3,,182,75.6,156.7,0,0,0,0,,,,
RUE,2012,12,9,13,-2,,,,,,,,949.5,,1.2,,100,5.9,98.1,0,0,0,0,,,,
RUE,2012,12,9,14,-2.1,,,,,,,,949,,0.6,,51,2.1,50.4,0,0,0,0,,,,
RUE,2012,12,9,15,-2.2,,,,,,,,948.6,,0.7,,7,0.1,7,0,0,0,0,,,,
RUE,2012,12,9,16,-2,,,,,,,,948,,2.7,,0,0,0,0,0,0,0,,,,
RUE,2012,12,9,17,-1.5,,,,,,,,947.3,,3.7,,0,0,0,0,0,0,0,,,,
RUE,2012,12,9,18,-0.6,,,,,,,,946.3,,4.9,,0,0,0,0,0,0,0,,,,
RUE,2012,12,9,19,-0.6,,,,,,,,945.7,,3.5,,0,0,0,0,0,0,0,,,,
RUE,2012,12,9,20,-0.3,,,,,,,,945.4,,1.9,,0,0,0,0,0,0,0,,,,
RUE,2012,12,9,21,-0.4,,,,,,,,944.7,,2.2,,0,0,0,0,0,0,0,,,,
RUE,2012,12,9,22,-0.3,,,,,,,,944,,2.1,,0,0,0,0,0,0,0,,,,
RUE,2012,12,9,23,-0.4,,,,,,,,943.4,,1.1,,0,0,0,0,0,0,0,,,,
RUE,2012,12,10,0,-0.4,,,,,,,,942.8,,0.8,,0,0,0,0,0,0,0,,,,
RUE,2012,12,10,1,0.7,,,,,,,,942.2,,2.5,,0,0,0,0,0,0,0,,,,
RUE,2012,12,10,2,0.9,,,,,,,,941.9,,3.7,,0,0,0,0,0,0,0,,,,
RUE,2012,12,10,3,1,,,,,,,,941.2,,4.5,,0,0,0,0,0,0,0,,,,
RUE,2012,12,10,4,1.2,,,,,,,,940.8,,4.2,,0,0,0,0,0,0,0,,,,
RUE,2012,12,10,5,1.1,,,,,,,,940.3,,3.3,,0,0,0,0,0,0,0,,,,
RUE,2012,12,10,6,0.7,,,,,,,,940.4,,4,,0,0,0,0,0,0,0,,,,
RUE,2012,12,10,7,0.7,,,,,,,,940.8,,4.3,,1,0,0,0,0,0,0,,,,
RUE,2012,12,10,8,0.6,,,,,,,,941,,3.6,,29,0,0,0,0,0,0,,,,
RUE,2012,12,10,9,0.7,,,,,,,,940.9,,5,,169,1253.9,27.9,0,0,0,0,,,,
RUE,2012,12,10,10,1.2,,,,,,,,940.9,,5.6,,238,884.5,41.7,0,0,0,0,,,,
RUE,2012,12,10,11,0.9,,,,,,,,940.8,,5.4,,111,11.9,107.5,0,0,0,0,,,,
RUE,2012,12,10,12,0.3,,,,,,,,940.5,,4.8,,36,0.7,35.8,0,0,0,0,,,,
RUE,2012,12,10,13,0.6,,,,,,,,940.9,,5,,44,1.2,43.6,0,0,0,0,,,,
RUE,2012,12,10,14,0.5,,,,,,,,941.2,,4.7,,34,0.9,33.7,0,0,0,0,,,,
RUE,2012,12,10,15,0.4,,,,,,,,941.3,,4.5,,17,0.5,16.9,0,0,0,0,,,,
RUE,2012,12,10,16,0,,,,,,,,941.9,,3.1,,0,0,0,0,0,0,0,,,,
RUE,2012,12,10,17,0.1,,,,,,,,942.3,,3.1,,0,0,0,0,0,0,0,,,,
RUE,2012,12,10,18,0,,,,,,,,942.7,,3.1,,0,0,0,0,0,0,0,,,,
RUE,2012,12,10,19,-0.2,,,,,,,,943.1,,3,,0,0,0,0,0,0,0,,,,
RUE,2012,12,10,20,-0.2,,,,,,,,943.5,,2.6,,0,0,0,0,0,0,0,,,,
RUE,2012,12,10,21,-0.3,,,,,,,,943.8,,2.7,,0,0,0,0,0,0,0,,,,
RUE,2012,12,10,22,-0.4,,,,,,,,943.9,,2.3,,0,0,0,0,0,0,0,,,,
RUE,2012,12,10,23,-0.3,,,,,,,,944,,2.4,,0,0,0,0,0,0,0,,,,
RUE,2012,12,11,0,-0.2,,,,,,,,944.1,,3.2,,0,0,0,0,0,0,0,,,,
RUE,2012,12,11,1,-1.1,,,,,,,,944.5,,3.2,,0,0,0,0,0,0,0,,,,
RUE,2012,12,11,2,-2,,,,,,,,945.2,,2.1,,0,0,0,0,0,0,0,,,,
RUE,2012,12,11,3,-2.4,,,,,,,,945.6,,2.7,,0,0,0,0,0,0,0,,,,
RUE,2012,12,11,4,-2.9,,,,,,,,945.8,,3.3,,0,0,0,0,0,0,0,,,,
RUE,2012,12,11,5,-3.2,,,,,,,,946.2,,2.8,,0,0,0,0,0,0,0,,,,
RUE,2012,12,11,6,-3.5,,,,,,,,946.9,,1.7,,0,0,0,0,0,0,0,,,,
RUE,2012,12,11,7,-3.8,,,,,,,,947.4,,1.4,,5,0,0,0,0,0,0,,,,
RUE,2012,12,11,8,-4.6,,,,,,,,947.9,,1.8,,41,0,0,0,0,0,0,,,,
RUE,2012,12,11,9,-4.1,,,,,,,,948.5,,1.6,,101,607.3,34,0,0,0,0,,,,
RUE,2012,12,11,10,-3.7,,,,,,,,949,,1.9,,147,192.5,104.7,0,0,0,0,,,,
RUE,2012,12,11,11,-3.6,,,,,,,,949,,1.6,,156,65.5,136.6,0,0,0,0,,,,
RUE,2012,12,11,12,-3.2,,,,,,,,949.2,,1.9,,218,178.4,158.7,0,0,0,0,,,,
RUE,2012,12,11,13,-2.9,,,,,,,,949.5,,1.7,,172,65.3,150.7,0,0,0,0,,,,
RUE,2012,12,11,14,-3.1,,,,,,,,949.7,,1.6,,61,3.1,60.1,0,0,0,0,,,,
RUE,2012,12,11,15,-3.1,,,,,,,,950.2,,1.9,,13,0.3,12.9,0,0,0,0,,,,
RUE,2012,12,11,16,-3.7,,,,,,,,950.5,,1.3,,0,0,0,0,0,0,0,,,,
RUE,2012,12,11,17,-3.7,,,,,,,,950.7,,1.2,,0,0,0,0,0,0,0,,,,
RUE,2012,12,11,18,-3.7,,,,,,,,950.9,,1,,0,0,0,0,0,0,0,,,,
RUE,2012,12,11,19,-3.9,,,,,,,,951,,0.9,,0,0,0,0,0,0,0,,,,
RUE,2012,12,11,20,-4.1,,,,,,,,951.2,,0.9,,0,0,0,0,0,0,0,,,,
RUE,2012,12,11,21,-4,,,,,,,,951.2,,0.6,,0,0,0,0,0,0,0,,,,
RUE,2012,12,11,22,-4,,,,,,,,951.2,,1.1,,0,0,0,0,0,0,0,,,,
RUE,2012,12,11,23,-4,,,,,,,,951.2,,0.4,,0,0,0,0,0,0,0,,,,
RUE,2012,12,12,0,-4.2,,,,,,,,951.1,,0.5,,0,0,0,0,0,0,0,,,,
RUE,2012,12,12,1,-4.5,,,,,,,,950.9,,0.3,,0,0,0,0,0,0,0,,,,
RUE,2012,12,12,2,-5.1,,,,,,,,951,,0.3,,0,0,0,0,0,0,0,,,,
RUE,2012,12,12,3,-5.7,,,,,,,,950.8,,0.7,,0,0,0,0,0,0,0,,,,
RUE,2012,12,12,4,-5.5,,,,,,,,950.5,,0.9,,0,0,0,0,0,0,0,,,,
RUE,2012,12,12,5,-5.7,,,,,,,,950.4,,1.2,,0,0,0,0,0,0,0,,,,
RUE,2012,12,12,6,-5.8,,,,,,,,950.1,,1.6,,0,0,0,0,0,0,0,,,,
RUE,2012,12,12,7,-6.7,,,,,,,,949.9,,1.4,,4,0,0,0,0,0,0,,,,
RUE,2012,12,12,8,-7.6,,,,,,,,949.8,,2.1,,60,0,0,0,0,0,0,,,,
RUE,2012,12,12,9,-7.1,,,,,,,,949.7,,1.3,,176,1356.3,29,0,0,0,0,,,,
RUE,2012,12,12,10,-6.6,,,,,,,,949.3,,1.1,,287,1099,47.4,0,0,0,0,,,,
RUE,2012,12,12,11,-5.8,,,,,,,,948.6,,1.9,,331,939.8,54.6,0,0,0,0,,,,
RUE,2012,12,12,12,-5.3,,,,,,,,948.1,,1.9,,292,544.5,111.9,0,0,0,0,,,,
RUE,2012,12,12,13,-5.2,,,,,,,,947.5,,2.6,,151,34.7,139.7,0,0,0,0,,,,
RUE,2012,12,12,14,-5.2,,,,,,,,947.3,,1.9,,114,18.5,108.8,0,0,0,0,,,,
RUE,2012,12,12,15,-5.9,,,,,,,,946.9,,1.7,,35,2.1,34.6,0,0,0,0,,,,
RUE,2012,12,12,16,-6.2,,,,,,,,946.7,,2,,0,0,0,0,0,0,0,,,,
RUE,2012,12,12,17,-6.2,,,,,,,,946.4,,2.3,,0,0,0,0,0,0,0,,,,
RUE,2012,12,12,18,-6.2,,,,,,,,946,,2.6,,0,0,0,0,0,0,0,,,,
RUE,2012,12,12,19,-6.4,,,,,,,,945.5,,3.1,,0,0,0,0,0,0,0,,,,
RUE,2012,12,12,20,-6.5,,,,,,,,945.1,,4.6,,0,0,0,0,0,0,0,,,,
RUE,2012,12,12,21,-6.5,,,,,,,,944.7,,3.2,,0,0,0,0,0,0,0,,,,
RUE,2012,12,12,22,-6,,,,,,,,944.4,,3,,0,0,0,0,0,0,0,,,,
RUE,2012,12,12,23,-6,,,,,,,,944,,3.3,,0,0,0,0,0,0,0,,,,
RUE,2012,12,13,0,-6.2,,,,,,,,943.6,,3.4,,0,0,0,0,0,0,0,,,,
RUE,2012,12,13,1,-5.9,,,,,,,,943.1,,3.6,,0,0,0,0,0,0,0,,,,
RUE,2012,12,13,2,-6.2,,,,,,,,942.8,,3.3,,0,0,0,0,0,0,0,,,,
RUE,2012,12,13,3,-5.9,,,,,,,,942.1,,4.2,,0,0,0,0,0,0,0,,,,
RUE,2012,12,13,4,-6,,,,,,,,941.5,,4.2,,0,0,0,0,0,0,0,,,,
RUE,2012,12,13,5,-6.1,,,,,,,,941.1,,4.5,,0,0,0,0,0,0,0,,,,
RUE,2012,12,13,6,-6.1,,,,,,,,941.1,,4.1,,0,0,0,0,0,0,0,,,,
RUE,2012,12,13,7,-6.2,,,,,,,,941.1,,4.2,,7,0,0,0,0,0,0,,,,
RUE,2012,12,13,8,-5.8,,,,,,,,941.2,,3.7,,74,0,0,0,0,0,0,,,,
RUE,2012,12,13,9,-4.5,,,,,,,,941.3,,3.8,,106,762.3,24.9,0,0,0,0,,,,
RUE,2012,12,13,10,-2.4,,,,,,,,941.2,,2.9,,149,218.2,101.8,0,0,0,0,,,,
RUE,2012,12,13,11,-2.6,,,,,,,,940.6,,3.8,,131,28.9,122.5,0,0,0,0,,,,
RUE,2012,12,13,12,-1.7,,,,,,,,939.9,,3.4,,114,8.7,111.1,0,0,0,0,,,,
RUE,2012,12,13,13,-1.7,,,,,,,,939.7,,2.2,,63,2.4,62.2,0,0,0,0,,,,
RUE,2012,12,13,14,-1.8,,,,,,,,939.3,,4.4,,27,0.6,26.8,0,0,0,0,,,,
RUE,2012,12,13,15,-2,,,,,,,,939,,5,,5,0,5,0,0,0,0,,,,
RUE,2012,12,13,16,-1.8,,,,,,,,938.7,,4.6,,0,0,0,0,0,0,0,,,,
RUE,2012,12,13,17,-2.2,,,,,,,,938.6,,2.5,,0,0,0,0,0,0,0,,,,
RUE,2012,12,13,18,-1.4,,,,,,,,938.6,,3.3,,0,0,0,0,0,0,0,,,,
RUE,2012,12,13,19,-1.2,,,,,,,,938.5,,3.4,,0,0,0,0,0,0,0,,,,
RUE,2012,12,13,20,-1.1,,,,,,,,938.3,,3.9,,0,0,0,0,0,0,0,,,,
RUE,2012,12,13,21,0.2,,,,,,,,938,,3.1,,0,0,0,0,0,0,0,,,,
RUE,2012,12,13,22,-0.2,,,,,,,,937.9,,3.4,,0,0,0,0,0,0,0,,,,
RUE,2012,12,13,23,0.4,,,,,,,,937.9,,2.6,,0,0,0,0,0,0,0,,,,
RUE,2012,12,14,0,-0.6,,,,,,,,937.3,,4.6,,0,0,0,0,0,0,0,,,,
RUE,2012,12,14,1,-1.7,,,,,,,,937.2,,1.8,,0,0,0,0,0,0,0,,,,
RUE,2012,12,14,2,-1.6,,,,,,,,937.3,,1.5,,0,0,0,0,0,0,0,,,,
RUE,2012,12,14,3,-1.4,,,,,,,,936.7,,2.5,,0,0,0,0,0,0,0,,,,
RUE,2012,12,14,4,-1.2,,,,,,,,936,,2.7,,0,0,0,0,0,0,0,,,,
RUE,2012,12,14,5,-0.7,,,,,,,,935.8,,3,,0,0,0,0,0,0,0,,,,
RUE,2012,12,14,6,-0.6,,,,,,,,935.4,,3.4,,0,0,0,0,0,0,0,,,,
RUE,2012,12,14,7,-0.6,,,,,,,,935.3,,3.7,,4,0,0,0,0,0,0,,,,
RUE,2012,12,14,8,-0.1,,,,,,,,935.2,,3.5,,57,0,0,0,0,0,0,,,,
RUE,2012,12,14,9,1.3,,,,,,,,935.2,,2.6,,166,1325.7,27.4,0,0,0,0,,,,
RUE,2012,12,14,10,3.6,,,,,,,,934.8,,3.4,,254,988.3,41.9,0,0,0,0,,,,
RUE,2012,12,14,11,3.2,,,,,,,,934.5,,3.1,,214,282.9,131.6,0,0,0,0,,,,
RUE,2012,12,14,12,4.6,,,,,,,,933.7,,2.8,,195,114.2,157.5,0,0,0,0,,,,
RUE,2012,12,14,13,3.5,,,,,,,,932.6,,2.6,,111,8.4,108.3,0,0,0,0,,,,
RUE,2012,12,14,14,3.4,,,,,,,,931.9,,2.6,,56,2.6,55.3,0,0,0,0,,,,
RUE,2012,12,14,15,2.9,,,,,,,,931.6,,3.2,,8,0.1,8,0,0,0,0,,,,
RUE,2012,12,14,16,3.1,,,,,,,,931.6,,1.6,,0,0,0,0,0,0,0,,,,
RUE,2012,12,14,17,5.1,,,,,,,,931.1,,3.5,,0,0,0,0,0,0,0,,,,
RUE,2012,12,14,18,4.6,,,,,,,,931.2,,3.9,,0,0,0,0,0,0,0,,,,
RUE,2012,12,14,19,4.4,,,,,,,,931.1,,2.5,,0,0,0,0,0,0,0,,,,
RUE,2012,12,14,20,4.5,,,,,,,,930.9,,1.2,,0,0,0,0,0,0,0,,,,
RUE,2012,12,14,21,4.3,,,,,,,,931,,1.5,,0,0,0,0,0,0,0,,,,
RUE,2012,12,14,22,5.4,,,,,,,,931.2,,3.1,,0,0,0,0,0,0,0,,,,
RUE,2012,12,14,23,5.7,,,,,,,,931,,1.9,,0,0,0,0,0,0,0,,,,
RUE,2012,12,15,0,5.5,,,,,,,,930.9,,2.8,,0,0,0,0,0,0,0,,,,
RUE,2012,12,15,1,4.3,,,,,,,,930.7,,4.7,,0,0,0,0,0,0,0,,,,
RUE,2012,12,15,2,4.7,,,,,,,,931.6,,3.4,,0,0,0,0,0,0,0,,,,
RUE,2012,12,15,3,5.5,,,,,,,,931.9,,3.9,,0,0,0,0,0,0,0,,,,
RUE,2012,12,15,4,5,,,,,,,,932.1,,2.4,,0,0,0,0,0,0,0,,,,
RUE,2012,12,15,5,5.5,,,,,,,,933.2,,2.9,,0,0,0,0,0,0,0,,,,
RUE,2012,12,15,6,5.2,,,,,,,,933.8,,2.4,,0,0,0,0,0,0,0,,,,
RUE,2012,12,15,7,5.3,,,,,,,,934.7,,3.2,,0,0,0,0,0,0,0,,,,
RUE,2012,12,15,8,5.7,,,,,,,,935.5,,4.2,,21,0,0,0,0,0,0,,,,
RUE,2012,12,15,9,6.7,,,,,,,,935.8,,4.9,,166,1348.2,27.4,0,0,0,0,,,,
RUE,2012,12,15,10,6.8,,,,,,,,936.3,,4,,78,10.9,75.7,0,0,0,0,,,,
RUE,2012,12,15,11,6.1,,,,,,,,936.5,,3.8,,41,1.3,40.6,0,0,0,0,,,,
RUE,2012,12,15,12,5.9,,,,,,,,936.6,,2.4,,77,3.5,75.8,0,0,0,0,,,,
RUE,2012,12,15,13,5.9,,,,,,,,936.8,,2.2,,105,7,102.7,0,0,0,0,,,,
RUE,2012,12,15,14,6.3,,,,,,,,937.1,,2.6,,27,0.6,26.8,0,0,0,0,,,,
RUE,2012,12,15,15,6.2,,,,,,,,937.8,,1.5,,6,0.1,6,0,0,0,0,,,,
RUE,2012,12,15,16,6.5,,,,,,,,938.4,,3.3,,0,0,0,0,0,0,0,,,,
RUE,2012,12,15,17,6.8,,,,,,,,938.7,,3.4,,0,0,0,0,0,0,0,,,,
RUE,2012,12,15,18,6.7,,,,,,,,939,,5.2,,0,0,0,0,0,0,0,,,,
RUE,2012,12,15,19,6.7,,,,,,,,939,,4.3,,0,0,0,0,0,0,0,,,,
RUE,2012,12,15,20,7.2,,,,,,,,939.1,,5.6,,0,0,0,0,0,0,0,,,,
RUE,2012,12,15,21,7.6,,,,,,,,938.7,,7,,0,0,0,0,0,0,0,,,,
RUE,2012,12,15,22,7.3,,,,,,,,939,,7.9,,0,0,0,0,0,0,0,,,,
RUE,2012,12,15,23,6.7,,,,,,,,938.7,,9.7,,0,0,0,0,0,0,0,,,,
RUE,2012,12,16,0,7.3,,,,,,,,939.1,,10.2,,0,0,0,0,0,0,0,,,,
RUE,2012,12,16,1,7.1,,,,,,,,939.6,,7.4,,0,0,0,0,0,0,0,,,,
RUE,2012,12,16,2,7.2,,,,,,,,940.1,,4.6,,0,0,0,0,0,0,0,,,,
RUE,2012,12,16,3,7.1,,,,,,,,940,,5.3,,0,0,0,0,0,0,0,,,,
RUE,2012,12,16,4,6.2,,,,,,,,940.4,,4.9,,0,0,0,0,0,0,0,,,,
RUE,2012,12,16,5,5.1,,,,,,,,940.7,,3.3,,0,0,0,0,0,0,0,,,,
RUE,2012,12,16,6,5.7,,,,,,,,940.7,,2,,0,0,0,0,0,0,0,,,,
RUE,2012,12,16,7,5.6,,,,,,,,940.5,,2.5,,5,0,0,0,0,0,0,,,,
RUE,2012,12,16,8,6.8,,,,,,,,940.4,,4.9,,56,0,0,0,0,0,0,,,,
RUE,2012,12,16,9,7.5,,,,,,,,940.5,,4.4,,86,480.4,37.4,0,0,0,0,,,,
RUE,2012,12,16,10,7.8,,,,,,,,941.1,,3.5,,93,26.2,87.4,0,0,0,0,,,,
RUE,2012,12,16,11,6.2,,,,,,,,941.2,,4.1,,61,2.8,60.2,0,0,0,0,,,,
RUE,2012,12,16,12,6.7,,,,,,,,940.8,,3.6,,105,6.8,102.8,0,0,0,0,,,,
RUE,2012,12,16,13,7.2,,,,,,,,940.3,,5.2,,79,3.8,77.8,0,0,0,0,,,,
RUE,2012,12,16,14,7.1,,,,,,,,940.1,,5.6,,41,1.4,40.6,0,0,0,0,,,,
RUE,2012,12,16,15,7.1,,,,,,,,940,,6.2,,11,0.2,11,0,0,0,0,,,,
RUE,2012,12,16,16,6.8,,,,,,,,939.9,,5.5,,0,0,0,0,0,0,0,,,,
RUE,2012,12,16,17,6.7,,,,,,,,939.8,,4.2,,0,0,0,0,0,0,0,,,,
RUE,2012,12,16,18,6.7,,,,,,,,939.4,,4.1,,0,0,0,0,0,0,0,,,,
RUE,2012,12,16,19,6.8,,,,,,,,938.8,,5.2,,0,0,0,0,0,0,0,,,,
RUE,2012,12,16,20,6.3,,,,,,,,938.3,,1.9,,0,0,0,0,0,0,0,,,,
RUE,2012,12,16,21,6.7,,,,,,,,937.5,,6.9,,0,0,0,0,0,0,0,,,,
RUE,2012,12,16,22,6.8,,,,,,,,937.5,,5.8,,0,0,0,0,0,0,0,,,,
RUE,2012,12,16,23,5.2,,,,,,,,937.8,,2.3,,0,0,0,0,0,0,0,,,,
RUE,2012,12,17,0,4.7,,,,,,,,937.8,,1.3,,0,0,0,0,0,0,0,,,,
RUE,2012,12,17,1,5.1,,,,,,,,937.5,,2.6,,0,0,0,0,0,0,0,,,,
RUE,2012,12,17,2,5.1,,,,,,,,937.6,,2.6,,0,0,0,0,0,0,0,,,,
RUE,2012,12,17,3,4.6,,,,,,,,937.4,,2.8,,0,0,0,0,0,0,0,,,,
RUE,2012,12,17,4,4.6,,,,,,,,937.6,,2.8,,0,0,0,0,0,0,0,,,,
RUE,2012,12,17,5,4.4,,,,,,,,937.9,,3.5,,0,0,0,0,0,0,0,,,,
RUE,2012,12,17,6,4.1,,,,,,,,938.3,,2.4,,0,0,0,0,0,0,0,,,,
RUE,2012,12,17,7,4.3,,,,,,,,938.6,,3.6,,2,0,0,0,0,0,0,,,,
RUE,2012,12,17,8,4.6,,,,,,,,938.9,,3.6,,29,0,0,0,0,0,0,,,,
RUE,2012,12,17,9,5.1,,,,,,,,939.2,,3.7,,59,112.5,47.8,0,0,0,0,,,,
RUE,2012,12,17,10,5.5,,,,,,,,939.4,,3.9,,105,49.8,94.5,0,0,0,0,,,,
RUE,2012,12,17,11,6.1,,,,,,,,939,,3.7,,180,144.2,138.5,0,0,0,0,,,,
RUE,2012,12,17,12,6.2,,,,,,,,938.5,,4.3,,135,19.5,128.7,0,0,0,0,,,,
RUE,2012,12,17,13,5.9,,,,,,,,938.2,,3.5,,56,1.9,55.4,0,0,0,0,,,,
RUE,2012,12,17,14,5.7,,,,,,,,938.1,,4.2,,34,1,33.7,0,0,0,0,,,,
RUE,2012,12,17,15,5.2,,,,,,,,938.3,,3.9,,7,0.1,7,0,0,0,0,,,,
RUE,2012,12,17,16,5,,,,,,,,938.5,,4.1,,0,0,0,0,0,0,0,,,,
RUE,2012,12,17,17,4.7,,,,,,,,938.8,,3.4,,0,0,0,0,0,0,0,,,,
RUE,2012,12,17,18,4.8,,,,,,,,938.9,,4.5,,0,0,0,0,0,0,0,,,,
RUE,2012,12,17,19,4,,,,,,,,939.4,,3.2,,0,0,0,0,0,0,0,,,,
RUE,2012,12,17,20,3,,,,,,,,939.9,,4.6,,0,0,0,0,0,0,0,,,,
RUE,2012,12,17,21,2.8,,,,,,,,940.2,,4.5,,0,0,0,0,0,0,0,,,,
RUE,2012,12,17,22,3,,,,,,,,940.3,,3.3,,0,0,0,0,0,0,0,,,,
RUE,2012,12,17,23,3.1,,,,,,,,940.7,,4.9,,0,0,0,0,0,0,0,,,,
RUE,2012,12,18,0,2.8,,,,,,,,940.8,,3.1,,0,0,0,0,0,0,0,,,,
RUE,2012,12,18,1,2.6,,,,,,,,940.9,,2,,0,0,0,0,0,0,0,,,,
RUE,2012,12,18,2,2.6,,,,,,,,941,,3.4,,0,0,0,0,0,0,0,,,,
RUE,2012,12,18,3,2.1,,,,,,,,941.1,,2.4,,0,0,0,0,0,0,0,,,,
RUE,2012,12,18,4,2.4,,,,,,,,941.3,,2.9,,0,0,0,0,0,0,0,,,,
RUE,2012,12,18,5,2.4,,,,,,,,941.6,,0.8,,0,0,0,0,0,0,0,,,,
RUE,2012,12,18,6,1.9,,,,,,,,942,,1.7,,0,0,0,0,0,0,0,,,,
RUE,2012,12,18,7,2,,,,,,,,942.2,,1.3,,2,0,0,0,0,0,0,,,,
RUE,2012,12,18,8,2.9,,,,,,,,942.4,,2.7,,37,0,0,0,0,0,0,,,,
RUE,2012,12,18,9,3.5,,,,,,,,942.5,,3,,62,149.9,47.3,0,0,0,0,,,,
RUE,2012,12,18,10,3.4,,,,,,,,942.6,,2.9,,39,2.2,38.5,0,0,0,0,,,,
RUE,2012,12,18,11,2.8,,,,,,,,942.2,,3.1,,39,1.2,38.7,0,0,0,0,,,,
RUE,2012,12,18,12,2.1,,,,,,,,941.8,,2.5,,17,0.2,16.9,0,0,0,0,,,,
RUE,2012,12,18,13,1,,,,,,,,941.9,,0.9,,15,0.1,15,0,0,0,0,,,,
RUE,2012,12,18,14,0.3,,,,,,,,942.4,,0.6,,3,0,3,0,0,0,0,,,,
RUE,2012,12,18,15,0.5,,,,,,,,943.3,,0.8,,0,0,0,0,0,0,0,,,,
RUE,2012,12,18,16,1.3,,,,,,,,944.1,,1.2,,0,0,0,0,0,0,0,,,,
RUE,2012,12,18,17,2.2,,,,,,,,944.8,,1.7,,0,0,0,0,0,0,0,,,,
RUE,2012,12,18,18,2.3,,,,,,,,945.6,,1,,0,0,0,0,0,0,0,,,,
RUE,2012,12,18,19,2.6,,,,,,,,946.1,,1.3,,0,0,0,0,0,0,0,,,,
RUE,2012,12,18,20,2.7,,,,,,,,946.5,,1,,0,0,0,0,0,0,0,,,,
RUE,2012,12,18,21,2.7,,,,,,,,947,,1.1,,0,0,0,0,0,0,0,,,,
RUE,2012,12,18,22,2.9,,,,,,,,947.4,,1.1,,0,0,0,0,0,0,0,,,,
RUE,2012,12,18,23,2.8,,,,,,,,947.9,,0.6,,0,0,0,0,0,0,0,,,,
RUE,2012,12,19,0,2.7,,,,,,,,948.2,,0.6,,0,0,0,0,0,0,0,,,,
RUE,2012,12,19,1,2.5,,,,,,,,948.4,,0.7,,0,0,0,0,0,0,0,,,,
RUE,2012,12,19,2,2.6,,,,,,,,948.7,,0.5,,0,0,0,0,0,0,0,,,,
RUE,2012,12,19,3,2.7,,,,,,,,948.8,,0.5,,0,0,0,0,0,0,0,,,,
RUE,2012,12,19,4,2.6,,,,,,,,949,,0.7,,0,0,0,0,0,0,0,,,,
RUE,2012,12,19,5,2.6,,,,,,,,949,,0.7,,0,0,0,0,0,0,0,,,,
RUE,2012,12,19,6,2,,,,,,,,949.2,,0.9,,0,0,0,0,0,0,0,,,,
RUE,2012,12,19,7,1.8,,,,,,,,949.8,,0.6,,4,0,0,0,0,0,0,,,,
RUE,2012,12,19,8,1.9,,,,,,,,950,,1.2,,51,0,0,0,0,0,0,,,,
RUE,2012,12,19,9,2.6,,,,,,,,950.2,,1.4,,147,1266.9,24.3,0,0,0,0,,,,
RUE,2012,12,19,10,3.1,,,,,,,,950.4,,2.2,,241,967.8,39.8,0,0,0,0,,,,
RUE,2012,12,19,11,3.4,,,,,,,,950,,2.3,,192,195.4,136.1,0,0,0,0,,,,
RUE,2012,12,19,12,4.2,,,,,,,,949.6,,2.1,,337,832.1,66.7,0,0,0,0,,,,
RUE,2012,12,19,13,3.9,,,,,,,,949.4,,2.7,,204,152.5,154.9,0,0,0,0,,,,
RUE,2012,12,19,14,2.5,,,,,,,,949.5,,3.1,,84,5.9,82.4,0,0,0,0,,,,
RUE,2012,12,19,15,2.4,,,,,,,,949.6,,2.5,,16,0.4,15.9,0,0,0,0,,,,
RUE,2012,12,19,16,2.4,,,,,,,,949.8,,2.2,,0,0,0,0,0,0,0,,,,
RUE,2012,12,19,17,2.3,,,,,,,,949.9,,2.1,,0,0,0,0,0,0,0,,,,
RUE,2012,12,19,18,2.4,,,,,,,,949.7,,1.6,,0,0,0,0,0,0,0,,,,
RUE,2012,12,19,19,2.3,,,,,,,,949.5,,2.3,,0,0,0,0,0,0,0,,,,
RUE,2012,12,19,20,2,,,,,,,,949,,2.5,,0,0,0,0,0,0,0,,,,
RUE,2012,12,19,21,1.9,,,,,,,,948.8,,2.6,,0,0,0,0,0,0,0,,,,
RUE,2012,12,19,22,1.8,,,,,,,,948.4,,2.6,,0,0,0,0,0,0,0,,,,
RUE,2012,12,19,23,1.5,,,,,,,,947.8,,2.6,,0,0,0,0,0,0,0,,,,
RUE,2012,12,20,0,1.3,,,,,,,,947.3,,3.3,,0,0,0,0,0,0,0,,,,
RUE,2012,12,20,1,1.1,,,,,,,,946.8,,3.6,,0,0,0,0,0,0,0,,,,
RUE,2012,12,20,2,0.7,,,,,,,,946.3,,2.9,,0,0,0,0,0,0,0,,,,
RUE,2012,12,20,3,0.3,,,,,,,,945.6,,3.3,,0,0,0,0,0,0,0,,,,
RUE,2012,12,20,4,0.1,,,,,,,,945.3,,3.9,,0,0,0,0,0,0,0,,,,
RUE,2012,12,20,5,-0.1,,,,,,,,944.6,,4.6,,0,0,0,0,0,0,0,,,,
RUE,2012,12,20,6,-0.3,,,,,,,,944.2,,3.6,,0,0,0,0,0,0,0,,,,
RUE,2012,12,20,7,-0.3,,,,,,,,943.8,,3.1,,2,0,0,0,0,0,0,,,,
RUE,2012,12,20,8,-0.3,,,,,,,,943.4,,3.5,,25,0,0,0,0,0,0,,,,
RUE,2012,12,20,9,-0.1,,,,,,,,943.2,,3.8,,67,232.4,44.8,0,0,0,0,,,,
RUE,2012,12,20,10,-0.1,,,,,,,,943,,4,,56,4.7,55,0,0,0,0,,,,
RUE,2012,12,20,11,0.3,,,,,,,,942.6,,3.4,,47,1.7,46.5,0,0,0,0,,,,
RUE,2012,12,20,12,0.2,,,,,,,,942.3,,3,,46,1.3,45.6,0,0,0,0,,,,
RUE,2012,12,20,13,0.4,,,,,,,,941.6,,2.4,,25,0.4,24.9,0,0,0,0,,,,
RUE,2012,12,20,14,0.5,,,,,,,,941,,2.9,,5,0,5,0,0,0,0,,,,
RUE,2012,12,20,15,0.8,,,,,,,,940.7,,3.6,,0,0,0,0,0,0,0,,,,
RUE,2012,12,20,16,1,,,,,,,,940.3,,3.8,,0,0,0,0,0,0,0,,,,
RUE,2012,12,20,17,1.6,,,,,,,,939.9,,2.7,,0,0,0,0,0,0,0,,,,
RUE,2012,12,20,18,2.7,,,,,,,,939.9,,2.7,,0,0,0,0,0,0,0,,,,
RUE,2012,12,20,19,3.4,,,,,,,,940,,3.8,,0,0,0,0,0,0,0,,,,
RUE,2012,12,20,20,3.6,,,,,,,,940.1,,4.2,,0,0,0,0,0,0,0,,,,
RUE,2012,12,20,21,4.5,,,,,,,,939.8,,5.6,,0,0,0,0,0,0,0,,,,
RUE,2012,12,20,22,5,,,,,,,,939.7,,5.8,,0,0,0,0,0,0,0,,,,
RUE,2012,12,20,23,5.4,,,,,,,,939.8,,4.2,,0,0,0,0,0,0,0,,,,
RUE,2012,12,21,0,5.4,,,,,,,,939.8,,3.7,,0,0,0,0,0,0,0,,,,
RUE,2012,12,21,1,5.5,,,,,,,,939.9,,3.2,,0,0,0,0,0,0,0,,,,
RUE,2012,12,21,2,5.3,,,,,,,,940.2,,3.5,,0,0,0,0,0,0,0,,,,
RUE,2012,12,21,3,5.3,,,,,,,,940.3,,3.5,,0,0,0,0,0,0,0,,,,
RUE,2012,12,21,4,5.3,,,,,,,,940.2,,3.3,,0,0,0,0,0,0,0,,,,
RUE,2012,12,21,5,5.3,,,,,,,,940.1,,3,,0,0,0,0,0,0,0,,,,
RUE,2012,12,21,6,5.2,,,,,,,,940.3,,2.4,,0,0,0,0,0,0,0,,,,
RUE,2012,12,21,7,4.7,,,,,,,,940.5,,1.7,,3,0,0,0,0,0,0,,,,
RUE,2012,12,21,8,4.9,,,,,,,,941,,1.6,,33,0,0,0,0,0,0,,,,
RUE,2012,12,21,9,5.2,,,,,,,,941.6,,1.8,,42,27.6,39.4,0,0,0,0,,,,
RUE,2012,12,21,10,5.7,,,,,,,,941.8,,1.9,,95,33.3,88.1,0,0,0,0,,,,
RUE,2012,12,21,11,6.8,,,,,,,,941.7,,3.3,,296,835.5,58.2,0,0,0,0,,,,
RUE,2012,12,21,12,7.3,,,,,,,,941.6,,2.6,,196,123.3,156,0,0,0,0,,,,
RUE,2012,12,21,13,6.8,,,,,,,,941.6,,2.9,,167,59.9,147.7,0,0,0,0,,,,
RUE,2012,12,21,14,6.3,,,,,,,,941.8,,1.1,,70,4,68.9,0,0,0,0,,,,
RUE,2012,12,21,15,5.7,,,,,,,,942.2,,0.9,,18,0.5,17.9,0,0,0,0,,,,
RUE,2012,12,21,16,5.2,,,,,,,,942.8,,0.9,,0,0,0,0,0,0,0,,,,
RUE,2012,12,21,17,4.7,,,,,,,,943.6,,1.5,,0,0,0,0,0,0,0,,,,
RUE,2012,12,21,18,4.5,,,,,,,,944.5,,1.4,,0,0,0,0,0,0,0,,,,
RUE,2012,12,21,19,4.6,,,,,,,,945.2,,1,,0,0,0,0,0,0,0,,,,
RUE,2012,12,21,20,4.5,,,,,,,,945.7,,1.1,,0,0,0,0,0,0,0,,,,
RUE,2012,12,21,21,4.4,,,,,,,,946.3,,0.6,,0,0,0,0,0,0,0,,,,
RUE,2012,12,21,22,4.3,,,,,,,,946.6,,0.4,,0,0,0,0,0,0,0,,,,
RUE,2012,12,21,23,4.1,,,,,,,,947.2,,0.9,,0,0,0,0,0,0,0,,,,
RUE,2012,12,22,0,4.2,,,,,,,,947.6,,0.9,,0,0,0,0,0,0,0,,,,
RUE,2012,12,22,1,4.1,,,,,,,,948.1,,0.5,,0,0,0,0,0,0,0,,,,
RUE,2012,12,22,2,4.1,,,,,,,,948.3,,1.4,,0,0,0,0,0,0,0,,,,
RUE,2012,12,22,3,4.1,,,,,,,,948.4,,1,,0,0,0,0,0,0,0,,,,
RUE,2012,12,22,4,3.7,,,,,,,,948.3,,0.8,,0,0,0,0,0,0,0,,,,
RUE,2012,12,22,5,3.9,,,,,,,,948.4,,0.3,,0,0,0,0,0,0,0,,,,
RUE,2012,12,22,6,4,,,,,,,,948.4,,0.5,,0,0,0,0,0,0,0,,,,
RUE,2012,12,22,7,3.3,,,,,,,,948.5,,1.1,,5,0,0,0,0,0,0,,,,
RUE,2012,12,22,8,2.6,,,,,,,,948.4,,2.7,,63,0,0,0,0,0,0,,,,
RUE,2012,12,22,9,3.9,,,,,,,,948.7,,1,,171,1525.8,28.2,0,0,0,0,,,,
RUE,2012,12,22,10,4.8,,,,,,,,948.3,,1.9,,203,746.9,49.6,0,0,0,0,,,,
RUE,2012,12,22,11,3.8,,,,,,,,948,,4.3,,144,53.4,128.8,0,0,0,0,,,,
RUE,2012,12,22,12,3.7,,,,,,,,946.9,,2.7,,99,5.9,97.1,0,0,0,0,,,,
RUE,2012,12,22,13,4,,,,,,,,946.1,,1.6,,47,1.4,46.6,0,0,0,0,,,,
RUE,2012,12,22,14,4,,,,,,,,945.8,,1.4,,17,0.2,16.9,0,0,0,0,,,,
RUE,2012,12,22,15,4.6,,,,,,,,945,,4.8,,5,0,5,0,0,0,0,,,,
RUE,2012,12,22,16,4.9,,,,,,,,943.8,,7.6,,0,0,0,0,0,0,0,,,,
RUE,2012,12,22,17,5.1,,,,,,,,943,,5.6,,0,0,0,0,0,0,0,,,,
RUE,2012,12,22,18,5.7,,,,,,,,942.7,,3.7,,0,0,0,0,0,0,0,,,,
RUE,2012,12,22,19,6.3,,,,,,,,942.6,,4.6,,0,0,0,0,0,0,0,,,,
RUE,2012,12,22,20,6.8,,,,,,,,942.4,,4.5,,0,0,0,0,0,0,0,,,,
RUE,2012,12,22,21,7.5,,,,,,,,942.4,,4.9,,0,0,0,0,0,0,0,,,,
RUE,2012,12,22,22,7.7,,,,,,,,943,,4.4,,0,0,0,0,0,0,0,,,,
RUE,2012,12,22,23,8.2,,,,,,,,943.1,,4.6,,0,0,0,0,0,0,0,,,,
RUE,2012,12,23,0,8.6,,,,,,,,943.2,,5,,0,0,0,0,0,0,0,,,,
RUE,2012,12,23,1,8.9,,,,,,,,943.5,,4.5,,0,0,0,0,0,0,0,,,,
RUE,2012,12,23,2,9.5,,,,,,,,944.4,,4.1,,0,0,0,0,0,0,0,,,,
RUE,2012,12,23,3,10,,,,,,,,944.7,,4.2,,0,0,0,0,0,0,0,,,,
RUE,2012,12,23,4,10.3,,,,,,,,944.6,,5.3,,0,0,0,0,0,0,0,,,,
RUE,2012,12,23,5,10.5,,,,,,,,945,,5.6,,0,0,0,0,0,0,0,,,,
RUE,2012,12,23,6,10.6,,,,,,,,945.5,,6.9,,0,0,0,0,0,0,0,,,,
RUE,2012,12,23,7,10.7,,,,,,,,946.1,,4.8,,1,0,0,0,0,0,0,,,,
RUE,2012,12,23,8,11,,,,,,,,946,,6.3,,31,0,0,0,0,0,0,,,,
RUE,2012,12,23,9,11.3,,,,,,,,946.2,,4.7,,67,263.7,42.6,0,0,0,0,,,,
RUE,2012,12,23,10,11.6,,,,,,,,946.5,,5,,110,71.1,95.4,0,0,0,0,,,,
RUE,2012,12,23,11,12.1,,,,,,,,946.1,,5.6,,143,51.8,128.3,0,0,0,0,,,,
RUE,2012,12,23,12,12.2,,,,,,,,945.8,,4.6,,110,8.1,107.4,0,0,0,0,,,,
RUE,2012,12,23,13,12.1,,,,,,,,945.2,,4.6,,66,2.7,65.1,0,0,0,0,,,,
RUE,2012,12,23,14,11.7,,,,,,,,945.1,,2.8,,46,1.7,45.5,0,0,0,0,,,,
RUE,2012,12,23,15,11.5,,,,,,,,945.4,,2.8,,16,0.4,15.9,0,0,0,0,,,,
RUE,2012,12,23,16,10.8,,,,,,,,945.8,,1.5,,1,0,1,0,0,0,0,,,,
RUE,2012,12,23,17,11,,,,,,,,946.1,,0.8,,0,0,0,0,0,0,0,,,,
RUE,2012,12,23,18,11.2,,,,,,,,946.3,,2.9,,0,0,0,0,0,0,0,,,,
RUE,2012,12,23,19,12.2,,,,,,,,946.7,,4.2,,0,0,0,0,0,0,0,,,,
RUE,2012,12,23,20,11.9,,,,,,,,946.7,,1.4,,0,0,0,0,0,0,0,,,,
RUE,2012,12,23,21,11.3,,,,,,,,946.4,,2,,0,0,0,0,0,0,0,,,,
RUE,2012,12,23,22,11.5,,,,,,,,945.9,,1.5,,0,0,0,0,0,0,0,,,,
RUE,2012,12,23,23,12.1,,,,,,,,945.6,,1.8,,0,0,0,0,0,0,0,,,,
RUE,2012,12,24,0,13,,,,,,,,944.9,,2.3,,0,0,0,0,0,0,0,,,,
RUE,2012,12,24,1,12.9,,,,,,,,944.5,,1.7,,0,0,0,0,0,0,0,,,,
RUE,2012,12,24,2,10.8,,,,,,,,944.2,,0.5,,0,0,0,0,0,0,0,,,,
RUE,2012,12,24,3,7.9,,,,,,,,943.5,,1.7,,0,0,0,0,0,0,0,,,,
RUE,2012,12,24,4,7.3,,,,,,,,943,,2,,0,0,0,0,0,0,0,,,,
RUE,2012,12,24,5,8.2,,,,,,,,942.4,,1.8,,0,0,0,0,0,0,0,,,,
RUE,2012,12,24,6,8.1,,,,,,,,942.3,,1.9,,0,0,0,0,0,0,0,,,,
RUE,2012,12,24,7,7.9,,,,,,,,942.3,,1.1,,4,0,0,0,0,0,0,,,,
RUE,2012,12,24,8,7.9,,,,,,,,942.7,,0.7,,70,0,0,0,0,0,0,,,,
RUE,2012,12,24,9,8.3,,,,,,,,942.6,,1.3,,185,1680.3,30.5,0,0,0,0,,,,
RUE,2012,12,24,10,10.9,,,,,,,,942.3,,3.5,,253,1034.6,41.7,0,0,0,0,,,,
RUE,2012,12,24,11,11.7,,,,,,,,941.6,,4.5,,293,823.7,59.3,0,0,0,0,,,,
RUE,2012,12,24,12,11.5,,,,,,,,940.5,,4.4,,150,33.8,139,0,0,0,0,,,,
RUE,2012,12,24,13,13,,,,,,,,940,,3,,151,35.6,139.5,0,0,0,0,,,,
RUE,2012,12,24,14,17.3,,,,,,,,939.7,,2.7,,86,6,84.3,0,0,0,0,,,,
RUE,2012,12,24,15,17.5,,,,,,,,939.5,,4.1,,34,1.9,33.6,0,0,0,0,,,,
RUE,2012,12,24,16,15.8,,,,,,,,939.6,,2.9,,0,0,0,0,0,0,0,,,,
RUE,2012,12,24,17,16.4,,,,,,,,939.4,,4.3,,0,0,0,0,0,0,0,,,,
RUE,2012,12,24,18,14.4,,,,,,,,939.6,,2.3,,0,0,0,0,0,0,0,,,,
RUE,2012,12,24,19,12.8,,,,,,,,939.6,,0.9,,0,0,0,0,0,0,0,,,,
RUE,2012,12,24,20,10.7,,,,,,,,939.3,,2.9,,0,0,0,0,0,0,0,,,,
RUE,2012,12,24,21,10.2,,,,,,,,939,,3.1,,0,0,0,0,0,0,0,,,,
RUE,2012,12,24,22,10.3,,,,,,,,938.7,,3.8,,0,0,0,0,0,0,0,,,,
RUE,2012,12,24,23,9.7,,,,,,,,938,,5.5,,0,0,0,0,0,0,0,,,,
RUE,2012,12,25,0,10.4,,,,,,,,937.4,,3.2,,0,0,0,0,0,0,0,,,,
RUE,2012,12,25,1,9.6,,,,,,,,936.7,,3.7,,0,0,0,0,0,0,0,,,,
RUE,2012,12,25,2,9.2,,,,,,,,936.6,,2.2,,0,0,0,0,0,0,0,,,,
RUE,2012,12,25,3,9.4,,,,,,,,936.9,,1.5,,0,0,0,0,0,0,0,,,,
RUE,2012,12,25,4,8.7,,,,,,,,936.8,,2.1,,0,0,0,0,0,0,0,,,,
RUE,2012,12,25,5,9.2,,,,,,,,936.8,,2.4,,0,0,0,0,0,0,0,,,,
RUE,2012,12,25,6,12.5,,,,,,,,936.9,,2.7,,0,0,0,0,0,0,0,,,,
RUE,2012,12,25,7,14.3,,,,,,,,937.2,,7.8,,4,0,0,0,0,0,0,,,,
RUE,2012,12,25,8,14.4,,,,,,,,937.5,,8.7,,65,0,0,0,0,0,0,,,,
RUE,2012,12,25,9,14.8,,,,,,,,937.4,,8.9,,201,1838.7,33.2,0,0,0,0,,,,
RUE,2012,12,25,10,14.9,,,,,,,,937.3,,9,,180,542.7,69.4,0,0,0,0,,,,
RUE,2012,12,25,11,14.6,,,,,,,,936.9,,7.4,,181,156.6,136.6,0,0,0,0,,,,
RUE,2012,12,25,12,15.3,,,,,,,,936.9,,5.9,,190,106.3,155.5,0,0,0,0,,,,
RUE,2012,12,25,13,15.5,,,,,,,,936.9,,5.9,,74,3.3,72.9,0,0,0,0,,,,
RUE,2012,12,25,14,14.5,,,,,,,,937.2,,3.1,,29,0.7,28.8,0,0,0,0,,,,
RUE,2012,12,25,15,14.1,,,,,,,,937.6,,7.6,,8,0.1,8,0,0,0,0,,,,
RUE,2012,12,25,16,11.1,,,,,,,,938.5,,6.9,,0,0,0,0,0,0,0,,,,
RUE,2012,12,25,17,7.3,,,,,,,,940,,3.3,,0,0,0,0,0,0,0,,,,
RUE,2012,12,25,18,6.8,,,,,,,,940.8,,3.7,,0,0,0,0,0,0,0,,,,
RUE,2012,12,25,19,6.1,,,,,,,,941.5,,3.1,,0,0,0,0,0,0,0,,,,
RUE,2012,12,25,20,5.9,,,,,,,,941.9,,2.2,,0,0,0,0,0,0,0,,,,
RUE,2012,12,25,21,5.8,,,,,,,,942,,1.6,,0,0,0,0,0,0,0,,,,
RUE,2012,12,25,22,6,,,,,,,,942,,4,,0,0,0,0,0,0,0,,,,
RUE,2012,12,25,23,6.4,,,,,,,,942.3,,2.7,,0,0,0,0,0,0,0,,,,
RUE,2012,12,26,0,6.6,,,,,,,,942.2,,2.1,,0,0,0,0,0,0,0,,,,
RUE,2012,12,26,1,6.4,,,,,,,,942.1,,1.8,,0,0,0,0,0,0,0,,,,
RUE,2012,12,26,2,6.5,,,,,,,,942.5,,2,,0,0,0,0,0,0,0,,,,
RUE,2012,12,26,3,6.4,,,,,,,,942.6,,2.8,,0,0,0,0,0,0,0,,,,
RUE,2012,12,26,4,6,,,,,,,,942.7,,2.6,,0,0,0,0,0,0,0,,,,
RUE,2012,12,26,5,6.4,,,,,,,,943.1,,2.5,,0,0,0,0,0,0,0,,,,
RUE,2012,12,26,6,6,,,,,,,,943.5,,2.5,,0,0,0,0,0,0,0,,,,
RUE,2012,12,26,7,6.2,,,,,,,,943.9,,2.9,,2,0,0,0,0,0,0,,,,
RUE,2012,12,26,8,6.5,,,,,,,,944.4,,4.2,,21,0,0,0,0,0,0,,,,
RUE,2012,12,26,9,6.3,,,,,,,,945.5,,4.9,,75,435.2,35.5,0,0,0,0,,,,
RUE,2012,12,26,10,6.7,,,,,,,,946.4,,4.7,,191,650.7,58.6,0,0,0,0,,,,
RUE,2012,12,26,11,7.2,,,,,,,,946.6,,5.3,,219,339.9,122.6,0,0,0,0,,,,
RUE,2012,12,26,12,7.4,,,,,,,,946.7,,6.4,,154,38.1,141.6,0,0,0,0,,,,
RUE,2012,12,26,13,6.6,,,,,,,,946.7,,5.5,,89,4.8,87.4,0,0,0,0,,,,
RUE,2012,12,26,14,6.8,,,,,,,,946.9,,4.2,,86,5.9,84.3,0,0,0,0,,,,
RUE,2012,12,26,15,6.2,,,,,,,,947.1,,4.6,,19,0.6,18.9,0,0,0,0,,,,
RUE,2012,12,26,16,6,,,,,,,,947.5,,3.6,,0,0,0,0,0,0,0,,,,
RUE,2012,12,26,17,5.9,,,,,,,,947.8,,2.4,,0,0,0,0,0,0,0,,,,
RUE,2012,12,26,18,5.6,,,,,,,,948,,1.7,,0,0,0,0,0,0,0,,,,
RUE,2012,12,26,19,5.5,,,,,,,,947.9,,3.6,,0,0,0,0,0,0,0,,,,
RUE,2012,12,26,20,5.5,,,,,,,,947.9,,3.4,,0,0,0,0,0,0,0,,,,
RUE,2012,12,26,21,5.4,,,,,,,,947.4,,3,,0,0,0,0,0,0,0,,,,
RUE,2012,12,26,22,6.1,,,,,,,,947,,3.1,,0,0,0,0,0,0,0,,,,
RUE,2012,12,26,23,6.2,,,,,,,,946.9,,6.6,,0,0,0,0,0,0,0,,,,
RUE,2012,12,27,0,6.4,,,,,,,,946.1,,7.3,,0,0,0,0,0,0,0,,,,
RUE,2012,12,27,1,6.9,,,,,,,,945.4,,7.7,,0,0,0,0,0,0,0,,,,
RUE,2012,12,27,2,7.1,,,,,,,,944.8,,9.7,,0,0,0,0,0,0,0,,,,
RUE,2012,12,27,3,6.9,,,,,,,,944.3,,11,,0,0,0,0,0,0,0,,,,
RUE,2012,12,27,4,6.9,,,,,,,,943.9,,11.1,,0,0,0,0,0,0,0,,,,
RUE,2012,12,27,5,6.3,,,,,,,,943.6,,10.4,,0,0,0,0,0,0,0,,,,
RUE,2012,12,27,6,6.6,,,,,,,,943.3,,8.2,,0,0,0,0,0,0,0,,,,
RUE,2012,12,27,7,6.8,,,,,,,,942.6,,10.2,,0,0,0,0,0,0,0,,,,
RUE,2012,12,27,8,6.3,,,,,,,,942.1,,11.8,,2,0,0,0,0,0,0,,,,
RUE,2012,12,27,9,6.8,,,,,,,,941.5,,9.3,,15,1.8,14.8,0,0,0,0,,,,
RUE,2012,12,27,10,5.9,,,,,,,,940.4,,12.7,,81,16,77.7,0,0,0,0,,,,
RUE,2012,12,27,11,7.6,,,,,,,,938.9,,14,,213,305,126.4,0,0,0,0,,,,
RUE,2012,12,27,12,8.1,,,,,,,,938.6,,10.8,,134,18.8,127.9,0,0,0,0,,,,
RUE,2012,12,27,13,8.2,,,,,,,,938.8,,9.2,,60,2.2,59.3,0,0,0,0,,,,
RUE,2012,12,27,14,7.4,,,,,,,,938.8,,7.6,,53,2.2,52.4,0,0,0,0,,,,
RUE,2012,12,27,15,6.7,,,,,,,,938.3,,9.1,,18,0.5,17.9,0,0,0,0,,,,
RUE,2012,12,27,16,6.6,,,,,,,,938.1,,9.8,,0,0,0,0,0,0,0,,,,
RUE,2012,12,27,17,4.5,,,,,,,,940.7,,7.9,,0,0,0,0,0,0,0,,,,
RUE,2012,12,27,18,5.1,,,,,,,,942.4,,6.4,,0,0,0,0,0,0,0,,,,
RUE,2012,12,27,19,5.8,,,,,,,,943.5,,6.4,,0,0,0,0,0,0,0,,,,
RUE,2012,12,27,20,5.7,,,,,,,,944.1,,6.6,,0,0,0,0,0,0,0,,,,
RUE,2012,12,27,21,6,,,,,,,,944.5,,7.1,,0,0,0,0,0,0,0,,,,
RUE,2012,12,27,22,5.3,,,,,,,,945.7,,7,,0,0,0,0,0,0,0,,,,
RUE,2012,12,27,23,4.9,,,,,,,,947.2,,6.9,,0,0,0,0,0,0,0,,,,
RUE,2012,12,28,0,4.4,,,,,,,,948.5,,7.4,,0,0,0,0,0,0,0,,,,
RUE,2012,12,28,1,4.2,,,,,,,,949.8,,7.7,,0,0,0,0,0,0,0,,,,
RUE,2012,12,28,2,4.2,,,,,,,,951.2,,5.6,,0,0,0,0,0,0,0,,,,
RUE,2012,12,28,3,4.2,,,,,,,,951.8,,6.9,,0,0,0,0,0,0,0,,,,
RUE,2012,12,28,4,4.1,,,,,,,,952.7,,5.7,,0,0,0,0,0,0,0,,,,
RUE,2012,12,28,5,3.8,,,,,,,,953.3,,2.9,,0,0,0,0,0,0,0,,,,
RUE,2012,12,28,6,4,,,,,,,,954.2,,3.4,,0,0,0,0,0,0,0,,,,
RUE,2012,12,28,7,4.1,,,,,,,,955.1,,3.7,,0,0,0,0,0,0,0,,,,
RUE,2012,12,28,8,4.2,,,,,,,,956.2,,3.2,,13,0,0,0,0,0,0,,,,
RUE,2012,12,28,9,4.2,,,,,,,,957.1,,3.1,,24,4.5,23.6,0,0,0,0,,,,
RUE,2012,12,28,10,3.7,,,,,,,,957.7,,3,,42,2.7,41.4,0,0,0,0,,,,
RUE,2012,12,28,11,5,,,,,,,,957.4,,2.7,,173,127,136.9,0,0,0,0,,,,
RUE,2012,12,28,12,6,,,,,,,,957,,3.1,,224,213.9,154.2,0,0,0,0,,,,
RUE,2012,12,28,13,5.9,,,,,,,,956.8,,2.3,,117,9.9,113.8,0,0,0,0,,,,
RUE,2012,12,28,14,5.9,,,,,,,,956.5,,0.8,,71,4,69.9,0,0,0,0,,,,
RUE,2012,12,28,15,5.5,,,,,,,,956.4,,1.3,,24,0.9,23.8,0,0,0,0,,,,
RUE,2012,12,28,16,5.3,,,,,,,,956.3,,0.7,,0,0,0,0,0,0,0,,,,
RUE,2012,12,28,17,5.3,,,,,,,,956.1,,1.4,,0,0,0,0,0,0,0,,,,
RUE,2012,12,28,18,5.5,,,,,,,,955.9,,1.3,,0,0,0,0,0,0,0,,,,
RUE,2012,12,28,19,5.3,,,,,,,,955.8,,0.5,,0,0,0,0,0,0,0,,,,
RUE,2012,12,28,20,5.4,,,,,,,,955.7,,0.3,,0,0,0,0,0,0,0,,,,
RUE,2012,12,28,21,4.6,,,,,,,,955.5,,1.1,,0,0,0,0,0,0,0,,,,
RUE,2012,12,28,22,4.1,,,,,,,,955.4,,2.1,,0,0,0,0,0,0,0,,,,
RUE,2012,12,28,23,4.7,,,,,,,,955,,1.5,,0,0,0,0,0,0,0,,,,
RUE,2012,12,29,0,4.8,,,,,,,,954.3,,1.8,,0,0,0,0,0,0,0,,,,
RUE,2012,12,29,1,4.6,,,,,,,,953.7,,1.2,,0,0,0,0,0,0,0,,,,
RUE,2012,12,29,2,4.7,,,,,,,,953.2,,2.5,,0,0,0,0,0,0,0,,,,
RUE,2012,12,29,3,4.6,,,,,,,,952.6,,2.4,,0,0,0,0,0,0,0,,,,
RUE,2012,12,29,4,4.8,,,,,,,,952.3,,1.7,,0,0,0,0,0,0,0,,,,
RUE,2012,12,29,5,4.9,,,,,,,,951.7,,2.9,,0,0,0,0,0,0,0,,,,
RUE,2012,12,29,6,4.9,,,,,,,,951,,2.2,,0,0,0,0,0,0,0,,,,
RUE,2012,12,29,7,4.7,,,,,,,,950.5,,1.8,,3,0,0,0,0,0,0,,,,
RUE,2012,12,29,8,5.2,,,,,,,,949.9,,1.8,,60,0,0,0,0,0,0,,,,
RUE,2012,12,29,9,6.8,,,,,,,,949.5,,1.4,,200,1859.6,33,0,0,0,0,,,,
RUE,2012,12,29,10,6.7,,,,,,,,949,,2.3,,262,1075.4,43.2,0,0,0,0,,,,
RUE,2012,12,29,11,7.5,,,,,,,,948.3,,2.6,,311,908.4,52.5,0,0,0,0,,,,
RUE,2012,12,29,12,9,,,,,,,,947.6,,3.1,,299,603.3,101.7,0,0,0,0,,,,
RUE,2012,12,29,13,8.9,,,,,,,,946.8,,4.6,,164,50.2,147.6,0,0,0,0,,,,
RUE,2012,12,29,14,7.4,,,,,,,,945.9,,6,,151,64.9,132.4,0,0,0,0,,,,
RUE,2012,12,29,15,7.8,,,,,,,,945.4,,4.3,,40,2.4,39.5,0,0,0,0,,,,
RUE,2012,12,29,16,7.1,,,,,,,,944.9,,2.4,,0,0,0,0,0,0,0,,,,
RUE,2012,12,29,17,7.3,,,,,,,,944.7,,1.1,,0,0,0,0,0,0,0,,,,
RUE,2012,12,29,18,7.7,,,,,,,,944.9,,2.1,,0,0,0,0,0,0,0,,,,
RUE,2012,12,29,19,7.3,,,,,,,,945.2,,1.9,,0,0,0,0,0,0,0,,,,
RUE,2012,12,29,20,7.9,,,,,,,,945.6,,1.6,,0,0,0,0,0,0,0,,,,
RUE,2012,12,29,21,8,,,,,,,,946.3,,0.7,,0,0,0,0,0,0,0,,,,
RUE,2012,12,29,22,8.3,,,,,,,,947.3,,3.3,,0,0,0,0,0,0,0,,,,
RUE,2012,12,29,23,9,,,,,,,,947.5,,3.8,,0,0,0,0,0,0,0,,,,
RUE,2012,12,30,0,8.6,,,,,,,,947.3,,4,,0,0,0,0,0,0,0,,,,
RUE,2012,12,30,1,8.1,,,,,,,,947.5,,5,,0,0,0,0,0,0,0,,,,
RUE,2012,12,30,2,7.3,,,,,,,,947.7,,2.4,,0,0,0,0,0,0,0,,,,
RUE,2012,12,30,3,7.6,,,,,,,,948,,2.7,,0,0,0,0,0,0,0,,,,
RUE,2012,12,30,4,5.9,,,,,,,,948.5,,2.4,,0,0,0,0,0,0,0,,,,
RUE,2012,12,30,5,5.7,,,,,,,,949,,1.5,,0,0,0,0,0,0,0,,,,
RUE,2012,12,30,6,6.2,,,,,,,,949.6,,4.3,,0,0,0,0,0,0,0,,,,
RUE,2012,12,30,7,6.1,,,,,,,,950.1,,3.7,,3,0,0,0,0,0,0,,,,
RUE,2012,12,30,8,6.2,,,,,,,,950.5,,4.7,,65,0,0,0,0,0,0,,,,
RUE,2012,12,30,9,6.9,,,,,,,,951,,6.5,,194,1805.4,32,0,0,0,0,,,,
RUE,2012,12,30,10,7.5,,,,,,,,951.2,,6.9,,260,1066,42.9,0,0,0,0,,,,
RUE,2012,12,30,11,7.8,,,,,,,,951.4,,6.6,,251,536.3,98,0,0,0,0,,,,
RUE,2012,12,30,12,7.1,,,,,,,,951.6,,5.5,,186,91.7,155.9,0,0,0,0,,,,
RUE,2012,12,30,13,6.7,,,,,,,,951.7,,5.9,,144,25.6,135.6,0,0,0,0,,,,
RUE,2012,12,30,14,6.6,,,,,,,,952.1,,4.9,,143,48.3,129.1,0,0,0,0,,,,
RUE,2012,12,30,15,6.1,,,,,,,,952.6,,3.4,,31,1.4,30.7,0,0,0,0,,,,
RUE,2012,12,30,16,5.5,,,,,,,,953,,2,,0,0,0,0,0,0,0,,,,
RUE,2012,12,30,17,5.1,,,,,,,,953.6,,2.1,,0,0,0,0,0,0,0,,,,
RUE,2012,12,30,18,5.1,,,,,,,,953.9,,2.9,,0,0,0,0,0,0,0,,,,
RUE,2012,12,30,19,5.6,,,,,,,,954.3,,2.9,,0,0,0,0,0,0,0,,,,
RUE,2012,12,30,20,4.6,,,,,,,,954.2,,2.1,,0,0,0,0,0,0,0,,,,
RUE,2012,12,30,21,4.4,,,,,,,,954.2,,1.9,,0,0,0,0,0,0,0,,,,
RUE,2012,12,30,22,4.8,,,,,,,,954.2,,2.9,,0,0,0,0,0,0,0,,,,
RUE,2012,12,30,23,4.5,,,,,,,,954.1,,2.4,,0,0,0,0,0,0,0,,,,
RUE,2012,12,31,0,4.7,,,,,,,,953.9,,2.5,,0,0,0,0,0,0,0,,,,
RUE,2012,12,31,1,4.5,,,,,,,,953.7,,1.3,,0,0,0,0,0,0,0,,,,
RUE,2012,12,31,2,3.7,,,,,,,,953.6,,1.2,,0,0,0,0,0,0,0,,,,
RUE,2012,12,31,3,3.4,,,,,,,,953,,2.2,,0,0,0,0,0,0,0,,,,
RUE,2012,12,31,4,4,,,,,,,,952.6,,3.4,,0,0,0,0,0,0,0,,,,
RUE,2012,12,31,5,4.2,,,,,,,,952.3,,2.9,,0,0,0,0,0,0,0,,,,
RUE,2012,12,31,6,4,,,,,,,,951.9,,2.3,,0,0,0,0,0,0,0,,,,
RUE,2012,12,31,7,3.9,,,,,,,,951.6,,1.8,,5,0,0,0,0,0,0,,,,
RUE,2012,12,31,8,4.2,,,,,,,,951.4,,1.5,,80,0,0,0,0,0,0,,,,
RUE,2012,12,31,9,5.6,,,,,,,,951.2,,2.2,,198,1841.9,32.7,0,0,0,0,,,,
RUE,2012,12,31,10,6.6,,,,,,,,950.5,,3,,283,1158.4,46.7,0,0,0,0,,,,
RUE,2012,12,31,11,6.9,,,,,,,,949.7,,2.8,,318,929,52.4,0,0,0,0,,,,
RUE,2012,12,31,12,6.6,,,,,,,,948.5,,2.4,,298,586.6,105,0,0,0,0,,,,
RUE,2012,12,31,13,5.7,,,,,,,,947.4,,2,,154,35.2,142.4,0,0,0,0,,,,
RUE,2012,12,31,14,5.2,,,,,,,,946.5,,2.2,,128,26.9,120.2,0,0,0,0,,,,
RUE,2012,12,31,15,4.4,,,,,,,,946,,0.9,,46,3.1,45.4,0,0,0,0,,,,
RUE,2012,12,31,16,4.2,,,,,,,,945.4,,1.5,,0,0,0,0,0,0,0,,,,
RUE,2012,12,31,17,4.5,,,,,,,,945,,1.4,,0,0,0,0,0,0,0,,,,
RUE,2012,12,31,18,4.3,,,,,,,,944.5,,1.5,,0,0,0,0,0,0,0,,,,
RUE,2012,12,31,19,4.2,,,,,,,,943.9,,2.7,,0,0,0,0,0,0,0,,,,
RUE,2012,12,31,20,4.9,,,,,,,,943.2,,1.4,,0,0,0,0,0,0,0,,,,
RUE,2012,12,31,21,3.7,,,,,,,,942.3,,1.3,,0,0,0,0,0,0,0,,,,
RUE,2012,12,31,22,2.9,,,,,,,,941.4,,3.2,,0,0,0,0,0,0,0,,,,
RUE,2012,12,31,23,3.7,,,,,,,,940.7,,2.2,,0,0,0,0,0,0,0,,,,
