station,time.yy,time.mm,time.dd,time.hh,temp,relhum,vappres,dewpt,mixratio,wetbulb,enthalpy,precip,airpres,winddir,windmean,windmax,rad.global,rad.direct,rad.diffus,rad.vert.N,rad.vert.E,rad.vert.S,rad.vert.W,ir.horiz,cloudcov,albedo,emissivity
RUE,2010,1,1,0,3.2,,,,,,,,920.9,,1.1,,0,0,0,0,0,0,0,,,,
RUE,2010,1,1,1,2.9,,,,,,,,920.5,,1.3,,0,0,0,0,0,0,0,,,,
RUE,2010,1,1,2,2.7,,,,,,,,920.1,,1.9,,0,0,0,0,0,0,0,,,,
RUE,2010,1,1,3,2.8,,,,,,,,919.8,,1.9,,0,0,0,0,0,0,0,,,,
RUE,2010,1,1,4,2.5,,,,,,,,919.4,,2,,0,0,0,0,0,0,0,,,,
RUE,2010,1,1,5,2.3,,,,,,,,919.2,,1.9,,0,0,0,0,0,0,0,,,,
RUE,2010,1,1,6,2.7,,,,,,,,918.9,,2.1,,0,0,0,0,0,0,0,,,,
RUE,2010,1,1,7,2.7,,,,,,,,919.1,,2.1,,2,0,0,0,0,0,0,,,,
RUE,2010,1,1,8,2.7,,,,,,,,919.5,,1.5,,34,0,0,0,0,0,0,,,,
RUE,2010,1,1,9,2.7,,,,,,,,920.1,,0.9,,41,31.6,38.2,0,0,0,0,,,,
RUE,2010,1,1,10,2.8,,,,,,,,920.8,,0.4,,54,4.4,53.1,0,0,0,0,,,,
RUE,2010,1,1,11,2.9,,,,,,,,920.9,,1.4,,50,1.9,49.4,0,0,0,0,,,,
RUE,2010,1,1,12,2.8,,,,,,,,921,,0.6,,62,2.3,61.3,0,0,0,0,,,,
RUE,2010,1,1,13,3.1,,,,,,,,921.5,,1.4,,25,0.4,24.9,0,0,0,0,,,,
RUE,2010,1,1,14,2.8,,,,,,,,922.5,,2.9,,9,0.1,9,0,0,0,0,,,,
RUE,2010,1,1,15,2.3,,,,,,,,923.8,,3.7,,2,0,2,0,0,0,0,,,,
RUE,2010,1,1,16,1.5,,,,,,,,924.9,,3.9,,0,0,0,0,0,0,0,,,,
RUE,2010,1,1,17,0.6,,,,,,,,926.3,,3.6,,0,0,0,0,0,0,0,,,,
RUE,2010,1,1,18,0.2,,,,,,,,927.9,,4,,0,0,0,0,0,0,0,,,,
RUE,2010,1,1,19,-0.3,,,,,,,,929.5,,3.8,,0,0,0,0,0,0,0,,,,
RUE,2010,1,1,20,-0.4,,,,,,,,930.8,,3.5,,0,0,0,0,0,0,0,,,,
RUE,2010,1,1,21,-1,,,,,,,,931.9,,5.2,,0,0,0,0,0,0,0,,,,
RUE,2010,1,1,22,-1.8,,,,,,,,933.1,,5.2,,0,0,0,0,0,0,0,,,,
RUE,2010,1,1,23,-2,,,,,,,,934,,4.5,,0,0,0,0,0,0,0,,,,
RUE,2010,1,2,0,-2.3,,,,,,,,934.8,,4.4,,0,0,0,0,0,0,0,,,,
RUE,2010,1,2,1,-2.8,,,,,,,,935.8,,5.1,,0,0,0,0,0,0,0,,,,
RUE,2010,1,2,2,-2.7,,,,,,,,937,,4.4,,0,0,0,0,0,0,0,,,,
RUE,2010,1,2,3,-2.8,,,,,,,,937.9,,4.1,,0,0,0,0,0,0,0,,,,
RUE,2010,1,2,4,-2.8,,,,,,,,938.6,,4.2,,0,0,0,0,0,0,0,,,,
RUE,2010,1,2,5,-3.1,,,,,,,,939.4,,4.1,,0,0,0,0,0,0,0,,,,
RUE,2010,1,2,6,-3.4,,,,,,,,940.2,,3.2,,0,0,0,0,0,0,0,,,,
RUE,2010,1,2,7,-3.7,,,,,,,,941.1,,2.1,,1,0,0,0,0,0,0,,,,
RUE,2010,1,2,8,-3.5,,,,,,,,942,,3.1,,57,0,0,0,0,0,0,,,,
RUE,2010,1,2,9,-3.6,,,,,,,,943,,3.3,,50,82.9,42.5,0,0,0,0,,,,
RUE,2010,1,2,10,-4,,,,,,,,943.8,,2.8,,92,29.1,86,0,0,0,0,,,,
RUE,2010,1,2,11,-3.7,,,,,,,,944.4,,1.6,,150,61.7,132.3,0,0,0,0,,,,
RUE,2010,1,2,12,-3,,,,,,,,944.8,,2.3,,273,431.8,130.1,0,0,0,0,,,,
RUE,2010,1,2,13,-3.3,,,,,,,,945.5,,2.8,,166,49.3,149.6,0,0,0,0,,,,
RUE,2010,1,2,14,-2.7,,,,,,,,946.2,,3.1,,212,265.9,134.2,0,0,0,0,,,,
RUE,2010,1,2,15,-3.4,,,,,,,,946.9,,2.9,,49,3.4,48.3,0,0,0,0,,,,
RUE,2010,1,2,16,-4.6,,,,,,,,947.5,,2.1,,1,0,1,0,0,0,0,,,,
RUE,2010,1,2,17,-5.1,,,,,,,,948.1,,1.3,,0,0,0,0,0,0,0,,,,
RUE,2010,1,2,18,-5.6,,,,,,,,948.3,,0.9,,0,0,0,0,0,0,0,,,,
RUE,2010,1,2,19,-5.6,,,,,,,,948.4,,0.5,,0,0,0,0,0,0,0,,,,
RUE,2010,1,2,20,-5.2,,,,,,,,948.4,,0.8,,0,0,0,0,0,0,0,,,,
RUE,2010,1,2,21,-5.2,,,,,,,,948.3,,0.8,,0,0,0,0,0,0,0,,,,
RUE,2010,1,2,22,-5.6,,,,,,,,948.5,,0.4,,0,0,0,0,0,0,0,,,,
RUE,2010,1,2,23,-5.6,,,,,,,,948.4,,0.4,,0,0,0,0,0,0,0,,,,
RUE,2010,1,3,0,-6,,,,,,,,948.3,,0.3,,0,0,0,0,0,0,0,,,,
RUE,2010,1,3,1,-6,,,,,,,,948.4,,0.9,,0,0,0,0,0,0,0,,,,
RUE,2010,1,3,2,-6.3,,,,,,,,948.3,,1.4,,0,0,0,0,0,0,0,,,,
RUE,2010,1,3,3,-6.3,,,,,,,,948,,1.4,,0,0,0,0,0,0,0,,,,
RUE,2010,1,3,4,-6.2,,,,,,,,947.9,,1.4,,0,0,0,0,0,0,0,,,,
RUE,2010,1,3,5,-6.4,,,,,,,,947.6,,1,,0,0,0,0,0,0,0,,,,
RUE,2010,1,3,6,-6.2,,,,,,,,947.4,,1,,0,0,0,0,0,0,0,,,,
RUE,2010,1,3,7,-6.2,,,,,,,,947.4,,1.8,,4,0,0,0,0,0,0,,,,
RUE,2010,1,3,8,-5.8,,,,,,,,947.7,,1.6,,58,0,0,0,0,0,0,,,,
RUE,2010,1,3,9,-4.3,,,,,,,,947.8,,0.9,,194,1791.6,32,0,0,0,0,,,,
RUE,2010,1,3,10,-3.3,,,,,,,,947.5,,1.1,,290,1178.3,47.9,0,0,0,0,,,,
RUE,2010,1,3,11,-2.5,,,,,,,,946.5,,1.8,,339,981.8,55.9,0,0,0,0,,,,
RUE,2010,1,3,12,-1.8,,,,,,,,946.3,,1.1,,329,748.5,80.2,0,0,0,0,,,,
RUE,2010,1,3,13,-2,,,,,,,,945.9,,1.3,,187,85.7,158.3,0,0,0,0,,,,
RUE,2010,1,3,14,-1.8,,,,,,,,946,,1.3,,168,94,140.3,0,0,0,0,,,,
RUE,2010,1,3,15,-2.4,,,,,,,,946,,1.4,,43,2.5,42.5,0,0,0,0,,,,
RUE,2010,1,3,16,-3.5,,,,,,,,945.6,,1.8,,1,0,1,0,0,0,0,,,,
RUE,2010,1,3,17,-4,,,,,,,,945.4,,2.1,,0,0,0,0,0,0,0,,,,
RUE,2010,1,3,18,-4.2,,,,,,,,945.4,,2.1,,0,0,0,0,0,0,0,,,,
RUE,2010,1,3,19,-4.5,,,,,,,,945,,2.4,,0,0,0,0,0,0,0,,,,
RUE,2010,1,3,20,-4.9,,,,,,,,944.7,,2,,0,0,0,0,0,0,0,,,,
RUE,2010,1,3,21,-5.6,,,,,,,,944.6,,1.3,,0,0,0,0,0,0,0,,,,
RUE,2010,1,3,22,-5.6,,,,,,,,944.4,,1.9,,0,0,0,0,0,0,0,,,,
RUE,2010,1,3,23,-5.9,,,,,,,,943.9,,2.7,,0,0,0,0,0,0,0,,,,
RUE,2010,1,4,0,-5.5,,,,,,,,943.3,,3.5,,0,0,0,0,0,0,0,,,,
RUE,2010,1,4,1,-7,,,,,,,,942.9,,2.2,,0,0,0,0,0,0,0,,,,
RUE,2010,1,4,2,-7.3,,,,,,,,942.5,,2,,0,0,0,0,0,0,0,,,,
RUE,2010,1,4,3,-7.5,,,,,,,,942.3,,1.8,,0,0,0,0,0,0,0,,,,
RUE,2010,1,4,4,-7.8,,,,,,,,941.8,,1.8,,0,0,0,0,0,0,0,,,,
RUE,2010,1,4,5,-8,,,,,,,,941.7,,1.5,,0,0,0,0,0,0,0,,,,
RUE,2010,1,4,6,-8.4,,,,,,,,941.9,,0.8,,0,0,0,0,0,0,0,,,,
RUE,2010,1,4,7,-8.6,,,,,,,,941.5,,0.9,,3,0,0,0,0,0,0,,,,
RUE,2010,1,4,8,-8,,,,,,,,941.6,,1,,46,0,0,0,0,0,0,,,,
RUE,2010,1,4,9,-7.5,,,,,,,,941.8,,0.5,,157,1442.4,25.9,0,0,0,0,,,,
RUE,2010,1,4,10,-6,,,,,,,,941.5,,0.5,,295,1194,48.7,0,0,0,0,,,,
RUE,2010,1,4,11,-4.7,,,,,,,,940.7,,1.8,,341,983.7,56.3,0,0,0,0,,,,
RUE,2010,1,4,12,-4.1,,,,,,,,940,,1.8,,331,751.4,80.2,0,0,0,0,,,,
RUE,2010,1,4,13,-3.8,,,,,,,,939.5,,1.2,,189,87.8,159.5,0,0,0,0,,,,
RUE,2010,1,4,14,-4.3,,,,,,,,939.2,,1.8,,168,91,141,0,0,0,0,,,,
RUE,2010,1,4,15,-5.2,,,,,,,,939.2,,1.7,,48,3.1,47.3,0,0,0,0,,,,
RUE,2010,1,4,16,-6.2,,,,,,,,939.3,,1.5,,1,0,1,0,0,0,0,,,,
RUE,2010,1,4,17,-6.4,,,,,,,,939.3,,1.4,,0,0,0,0,0,0,0,,,,
RUE,2010,1,4,18,-6.4,,,,,,,,939.3,,0.7,,0,0,0,0,0,0,0,,,,
RUE,2010,1,4,19,-6.4,,,,,,,,939.1,,0.6,,0,0,0,0,0,0,0,,,,
RUE,2010,1,4,20,-6.4,,,,,,,,938.7,,0.4,,0,0,0,0,0,0,0,,,,
RUE,2010,1,4,21,-6.5,,,,,,,,938.5,,1,,0,0,0,0,0,0,0,,,,
RUE,2010,1,4,22,-6.6,,,,,,,,938.3,,1.2,,0,0,0,0,0,0,0,,,,
RUE,2010,1,4,23,-6.7,,,,,,,,937.9,,0.7,,0,0,0,0,0,0,0,,,,
RUE,2010,1,5,0,-6.9,,,,,,,,937.2,,0.7,,0,0,0,0,0,0,0,,,,
RUE,2010,1,5,1,-7.6,,,,,,,,936.8,,1,,0,0,0,0,0,0,0,,,,
RUE,2010,1,5,2,-8,,,,,,,,936.4,,1.1,,0,0,0,0,0,0,0,,,,
RUE,2010,1,5,3,-7.1,,,,,,,,935.7,,2.1,,0,0,0,0,0,0,0,,,,
RUE,2010,1,5,4,-7,,,,,,,,935,,2.9,,0,0,0,0,0,0,0,,,,
RUE,2010,1,5,5,-6.9,,,,,,,,934.3,,3.7,,0,0,0,0,0,0,0,,,,
RUE,2010,1,5,6,-7.1,,,,,,,,933.8,,3.3,,0,0,0,0,0,0,0,,,,
RUE,2010,1,5,7,-7.3,,,,,,,,933.6,,3.9,,3,0,0,0,0,0,0,,,,
RUE,2010,1,5,8,-7.5,,,,,,,,933.3,,3.8,,27,0,0,0,0,0,0,,,,
RUE,2010,1,5,9,-6.8,,,,,,,,933,,3.7,,150,1369.2,24.8,0,0,0,0,,,,
RUE,2010,1,5,10,-6.6,,,,,,,,932.5,,3,,150,264.9,95.1,0,0,0,0,,,,
RUE,2010,1,5,11,-5.7,,,,,,,,931.8,,2.7,,229,366.2,122.6,0,0,0,0,,,,
RUE,2010,1,5,12,-5.2,,,,,,,,931,,2.4,,157,35.8,145,0,0,0,0,,,,
RUE,2010,1,5,13,-4.9,,,,,,,,930.2,,2.7,,131,14,126.3,0,0,0,0,,,,
RUE,2010,1,5,14,-4.7,,,,,,,,929.8,,2.9,,85,5.1,83.5,0,0,0,0,,,,
RUE,2010,1,5,15,-4.7,,,,,,,,929.7,,2.1,,23,0.7,22.8,0,0,0,0,,,,
RUE,2010,1,5,16,-5.1,,,,,,,,929.5,,2.9,,0,0,0,0,0,0,0,,,,
RUE,2010,1,5,17,-5.4,,,,,,,,929.3,,3,,0,0,0,0,0,0,0,,,,
RUE,2010,1,5,18,-5.6,,,,,,,,929,,3.3,,0,0,0,0,0,0,0,,,,
RUE,2010,1,5,19,-5.8,,,,,,,,929,,2.2,,0,0,0,0,0,0,0,,,,
RUE,2010,1,5,20,-5.7,,,,,,,,928.6,,3.1,,0,0,0,0,0,0,0,,,,
RUE,2010,1,5,21,-5.8,,,,,,,,928.2,,2.9,,0,0,0,0,0,0,0,,,,
RUE,2010,1,5,22,-5.8,,,,,,,,928,,2.3,,0,0,0,0,0,0,0,,,,
RUE,2010,1,5,23,-5.8,,,,,,,,927.7,,2.4,,0,0,0,0,0,0,0,,,,
RUE,2010,1,6,0,-5.7,,,,,,,,927.5,,2.1,,0,0,0,0,0,0,0,,,,
RUE,2010,1,6,1,-5.8,,,,,,,,927.2,,2.6,,0,0,0,0,0,0,0,,,,
RUE,2010,1,6,2,-5.7,,,,,,,,927.4,,1.6,,0,0,0,0,0,0,0,,,,
RUE,2010,1,6,3,-5.7,,,,,,,,927.8,,0.9,,0,0,0,0,0,0,0,,,,
RUE,2010,1,6,4,-5.7,,,,,,,,927.9,,0.8,,0,0,0,0,0,0,0,,,,
RUE,2010,1,6,5,-5.6,,,,,,,,928.1,,1,,0,0,0,0,0,0,0,,,,
RUE,2010,1,6,6,-5.3,,,,,,,,928.3,,1.2,,0,0,0,0,0,0,0,,,,
RUE,2010,1,6,7,-5.1,,,,,,,,928.6,,1.7,,1,0,0,0,0,0,0,,,,
RUE,2010,1,6,8,-5.1,,,,,,,,929.2,,1.4,,21,0,0,0,0,0,0,,,,
RUE,2010,1,6,9,-5,,,,,,,,929.7,,0.7,,44,39.5,40.4,0,0,0,0,,,,
RUE,2010,1,6,10,-4.8,,,,,,,,929.8,,0.6,,62,5.6,60.8,0,0,0,0,,,,
RUE,2010,1,6,11,-4.4,,,,,,,,929.5,,1.2,,64,3.1,63.1,0,0,0,0,,,,
RUE,2010,1,6,12,-4.4,,,,,,,,929.4,,1.1,,60,2,59.3,0,0,0,0,,,,
RUE,2010,1,6,13,-4.6,,,,,,,,929.5,,1.1,,42,1,41.7,0,0,0,0,,,,
RUE,2010,1,6,14,-4.5,,,,,,,,929.8,,1.5,,22,0.3,21.9,0,0,0,0,,,,
RUE,2010,1,6,15,-4.6,,,,,,,,930.1,,1,,10,0.1,10,0,0,0,0,,,,
RUE,2010,1,6,16,-4.8,,,,,,,,930.5,,0.5,,0,0,0,0,0,0,0,,,,
RUE,2010,1,6,17,-4.7,,,,,,,,930.7,,0.2,,0,0,0,0,0,0,0,,,,
RUE,2010,1,6,18,-4.6,,,,,,,,931.2,,0.4,,0,0,0,0,0,0,0,,,,
RUE,2010,1,6,19,-4.4,,,,,,,,931.3,,0.6,,0,0,0,0,0,0,0,,,,
RUE,2010,1,6,20,-4.3,,,,,,,,931.7,,1.2,,0,0,0,0,0,0,0,,,,
RUE,2010,1,6,21,-4.1,,,,,,,,932.1,,0.6,,0,0,0,0,0,0,0,,,,
RUE,2010,1,6,22,-4.3,,,,,,,,932.4,,0.6,,0,0,0,0,0,0,0,,,,
RUE,2010,1,6,23,-4.3,,,,,,,,932.5,,0.7,,0,0,0,0,0,0,0,,,,
RUE,2010,1,7,0,-4.1,,,,,,,,932.8,,0.6,,0,0,0,0,0,0,0,,,,
RUE,2010,1,7,1,-4.4,,,,,,,,933.1,,0.4,,0,0,0,0,0,0,0,,,,
RUE,2010,1,7,2,-4.9,,,,,,,,933,,2.1,,0,0,0,0,0,0,0,,,,
RUE,2010,1,7,3,-5.1,,,,,,,,932.9,,2.1,,0,0,0,0,0,0,0,,,,
RUE,2010,1,7,4,-5.4,,,,,,,,932.8,,0.9,,0,0,0,0,0,0,0,,,,
RUE,2010,1,7,5,-5.4,,,,,,,,933,,0.8,,0,0,0,0,0,0,0,,,,
RUE,2010,1,7,6,-5.1,,,,,,,,933.3,,1.5,,0,0,0,0,0,0,0,,,,
RUE,2010,1,7,7,-4.9,,,,,,,,933.8,,1.4,,5,0,0,0,0,0,0,,,,
RUE,2010,1,7,8,-4.9,,,,,,,,934.2,,1.1,,52,0,0,0,0,0,0,,,,
RUE,2010,1,7,9,-2.6,,,,,,,,934.7,,2.5,,102,912.8,17.1,0,0,0,0,,,,
RUE,2010,1,7,10,-1.7,,,,,,,,935,,2.7,,259,1032.6,42.7,0,0,0,0,,,,
RUE,2010,1,7,11,-0.8,,,,,,,,935,,1.9,,358,1018.1,59.1,0,0,0,0,,,,
RUE,2010,1,7,12,-0.8,,,,,,,,934.8,,1.8,,256,312.4,150.1,0,0,0,0,,,,
RUE,2010,1,7,13,-0.9,,,,,,,,934.8,,2.4,,147,23.1,139.1,0,0,0,0,,,,
RUE,2010,1,7,14,-1.2,,,,,,,,935.1,,2.4,,68,3.2,67,0,0,0,0,,,,
RUE,2010,1,7,15,-1.4,,,,,,,,935.5,,2.7,,30,1.1,29.7,0,0,0,0,,,,
RUE,2010,1,7,16,-1.7,,,,,,,,935.9,,2.8,,1,0,1,0,0,0,0,,,,
RUE,2010,1,7,17,-1.7,,,,,,,,936.2,,1.8,,0,0,0,0,0,0,0,,,,
RUE,2010,1,7,18,-2,,,,,,,,936.7,,0.6,,0,0,0,0,0,0,0,,,,
RUE,2010,1,7,19,-2.8,,,,,,,,936.9,,1.8,,0,0,0,0,0,0,0,,,,
RUE,2010,1,7,20,-3.1,,,,,,,,937,,1.4,,0,0,0,0,0,0,0,,,,
RUE,2010,1,7,21,-3.4,,,,,,,,937.1,,1.5,,0,0,0,0,0,0,0,,,,
RUE,2010,1,7,22,-3.3,,,,,,,,937,,1.7,,0,0,0,0,0,0,0,,,,
RUE,2010,1,7,23,-3.3,,,,,,,,937,,1.4,,0,0,0,0,0,0,0,,,,
RUE,2010,1,8,0,-3.2,,,,,,,,936.8,,1.2,,0,0,0,0,0,0,0,,,,
RUE,2010,1,8,1,-3.7,,,,,,,,936.6,,0.6,,0,0,0,0,0,0,0,,,,
RUE,2010,1,8,2,-3.8,,,,,,,,936.5,,0.6,,0,0,0,0,0,0,0,,,,
RUE,2010,1,8,3,-3.8,,,,,,,,936.2,,0.4,,0,0,0,0,0,0,0,,,,
RUE,2010,1,8,4,-3.8,,,,,,,,935.8,,0.8,,0,0,0,0,0,0,0,,,,
RUE,2010,1,8,5,-3.3,,,,,,,,935.2,,2.3,,0,0,0,0,0,0,0,,,,
RUE,2010,1,8,6,-3,,,,,,,,934.9,,3.4,,0,0,0,0,0,0,0,,,,
RUE,2010,1,8,7,-2.9,,,,,,,,934.5,,4.3,,0,0,0,0,0,0,0,,,,
RUE,2010,1,8,8,-2.9,,,,,,,,934.2,,4.7,,15,0,0,0,0,0,0,,,,
RUE,2010,1,8,9,-3.1,,,,,,,,933.9,,4.7,,39,19.6,37.2,0,0,0,0,,,,
RUE,2010,1,8,10,-3,,,,,,,,933.5,,4.8,,43,2.7,42.4,0,0,0,0,,,,
RUE,2010,1,8,11,-2.8,,,,,,,,932.7,,4.5,,46,1.5,45.5,0,0,0,0,,,,
RUE,2010,1,8,12,-2.7,,,,,,,,931.9,,2.6,,40,0.9,39.7,0,0,0,0,,,,
RUE,2010,1,8,13,-2.8,,,,,,,,931.4,,1.4,,25,0.3,24.9,0,0,0,0,,,,
RUE,2010,1,8,14,-2.7,,,,,,,,931.4,,2.7,,13,0.1,13,0,0,0,0,,,,
RUE,2010,1,8,15,-2.9,,,,,,,,931.7,,3.6,,2,0,2,0,0,0,0,,,,
RUE,2010,1,8,16,-3.3,,,,,,,,932.1,,3.8,,0,0,0,0,0,0,0,,,,
RUE,2010,1,8,17,-3.9,,,,,,,,932.4,,3.5,,0,0,0,0,0,0,0,,,,
RUE,2010,1,8,18,-4.4,,,,,,,,932.7,,2.9,,0,0,0,0,0,0,0,,,,
RUE,2010,1,8,19,-4.5,,,,,,,,932.6,,3.1,,0,0,0,0,0,0,0,,,,
RUE,2010,1,8,20,-4.8,,,,,,,,932.7,,3.7,,0,0,0,0,0,0,0,,,,
RUE,2010,1,8,21,-5.2,,,,,,,,932.7,,2.5,,0,0,0,0,0,0,0,,,,
RUE,2010,1,8,22,-5.4,,,,,,,,932.8,,1.7,,0,0,0,0,0,0,0,,,,
RUE,2010,1,8,23,-5.5,,,,,,,,933,,2,,0,0,0,0,0,0,0,,,,
RUE,2010,1,9,0,-5.7,,,,,,,,932.8,,1.9,,0,0,0,0,0,0,0,,,,
RUE,2010,1,9,1,-6.2,,,,,,,,932.8,,1.6,,0,0,0,0,0,0,0,,,,
RUE,2010,1,9,2,-6.5,,,,,,,,932.7,,0.6,,0,0,0,0,0,0,0,,,,
RUE,2010,1,9,3,-6.6,,,,,,,,932.8,,1.4,,0,0,0,0,0,0,0,,,,
RUE,2010,1,9,4,-6.7,,,,,,,,932.4,,1.1,,0,0,0,0,0,0,0,,,,
RUE,2010,1,9,5,-7,,,,,,,,932.1,,1.3,,0,0,0,0,0,0,0,,,,
RUE,2010,1,9,6,-7.1,,,,,,,,931.7,,1.9,,0,0,0,0,0,0,0,,,,
RUE,2010,1,9,7,-6.9,,,,,,,,931.8,,1.9,,0,0,0,0,0,0,0,,,,
RUE,2010,1,9,8,-7,,,,,,,,931.9,,1.8,,6,0,0,0,0,0,0,,,,
RUE,2010,1,9,9,-6.7,,,,,,,,932.2,,2.1,,23,3.7,22.6,0,0,0,0,,,,
RUE,2010,1,9,10,-6.8,,,,,,,,932,,2,,31,1.4,30.7,0,0,0,0,,,,
RUE,2010,1,9,11,-6.9,,,,,,,,931.6,,1.7,,42,1.3,41.6,0,0,0,0,,,,
RUE,2010,1,9,12,-6.7,,,,,,,,931.3,,1.8,,39,0.8,38.7,0,0,0,0,,,,
RUE,2010,1,9,13,-6.6,,,,,,,,931.2,,1.6,,32,0.5,31.8,0,0,0,0,,,,
RUE,2010,1,9,14,-6.5,,,,,,,,931.4,,1.5,,22,0.3,21.9,0,0,0,0,,,,
RUE,2010,1,9,15,-6.5,,,,,,,,931.7,,1.5,,4,0,4,0,0,0,0,,,,
RUE,2010,1,9,16,-6.6,,,,,,,,931.7,,1.3,,0,0,0,0,0,0,0,,,,
RUE,2010,1,9,17,-6.4,,,,,,,,931.8,,1.7,,0,0,0,0,0,0,0,,,,
RUE,2010,1,9,18,-6.4,,,,,,,,932,,1.6,,0,0,0,0,0,0,0,,,,
RUE,2010,1,9,19,-6.4,,,,,,,,932.3,,1.2,,0,0,0,0,0,0,0,,,,
RUE,2010,1,9,20,-6.6,,,,,,,,932.7,,0.7,,0,0,0,0,0,0,0,,,,
RUE,2010,1,9,21,-6.7,,,,,,,,933,,0.9,,0,0,0,0,0,0,0,,,,
RUE,2010,1,9,22,-6.8,,,,,,,,933.3,,1,,0,0,0,0,0,0,0,,,,
RUE,2010,1,9,23,-6.8,,,,,,,,933.5,,0.8,,0,0,0,0,0,0,0,,,,
RUE,2010,1,10,0,-6.9,,,,,,,,933.7,,0.6,,0,0,0,0,0,0,0,,,,
RUE,2010,1,10,1,-6.9,,,,,,,,934,,0.6,,0,0,0,0,0,0,0,,,,
RUE,2010,1,10,2,-7.1,,,,,,,,934.6,,0.6,,0,0,0,0,0,0,0,,,,
RUE,2010,1,10,3,-7,,,,,,,,935,,0.8,,0,0,0,0,0,0,0,,,,
RUE,2010,1,10,4,-6.7,,,,,,,,935.4,,0.6,,0,0,0,0,0,0,0,,,,
RUE,2010,1,10,5,-6.7,,,,,,,,935.8,,0.6,,0,0,0,0,0,0,0,,,,
RUE,2010,1,10,6,-6.8,,,,,,,,936.4,,0.9,,0,0,0,0,0,0,0,,,,
RUE,2010,1,10,7,-7.1,,,,,,,,937.1,,0.6,,1,0,0,0,0,0,0,,,,
RUE,2010,1,10,8,-6.7,,,,,,,,937.9,,0.9,,19,0,0,0,0,0,0,,,,
RUE,2010,1,10,9,-6.4,,,,,,,,938.6,,0.7,,49,54.7,43.7,0,0,0,0,,,,
RUE,2010,1,10,10,-6.1,,,,,,,,939,,0.8,,76,9.6,73.9,0,0,0,0,,,,
RUE,2010,1,10,11,-5.8,,,,,,,,939.5,,0.5,,104,8.8,101.4,0,0,0,0,,,,
RUE,2010,1,10,12,-5.3,,,,,,,,939.5,,0.6,,132,13.2,127.5,0,0,0,0,,,,
RUE,2010,1,10,13,-5.4,,,,,,,,939.8,,0.4,,100,5.2,98.2,0,0,0,0,,,,
RUE,2010,1,10,14,-5.3,,,,,,,,940.3,,0.9,,57,2.1,56.3,0,0,0,0,,,,
RUE,2010,1,10,15,-5.6,,,,,,,,940.7,,0.4,,25,0.7,24.8,0,0,0,0,,,,
RUE,2010,1,10,16,-5.7,,,,,,,,941.1,,0.8,,1,0,1,0,0,0,0,,,,
RUE,2010,1,10,17,-5.9,,,,,,,,941.5,,0.5,,0,0,0,0,0,0,0,,,,
RUE,2010,1,10,18,-6,,,,,,,,941.8,,0.7,,0,0,0,0,0,0,0,,,,
RUE,2010,1,10,19,-6.1,,,,,,,,942,,0.5,,0,0,0,0,0,0,0,,,,
RUE,2010,1,10,20,-6.2,,,,,,,,942.1,,0.4,,0,0,0,0,0,0,0,,,,
RUE,2010,1,10,21,-6.2,,,,,,,,942.1,,0.7,,0,0,0,0,0,0,0,,,,
RUE,2010,1,10,22,-6.3,,,,,,,,942.1,,0.5,,0,0,0,0,0,0,0,,,,
RUE,2010,1,10,23,-6.4,,,,,,,,942.1,,0.3,,0,0,0,0,0,0,0,,,,
RUE,2010,1,11,0,-6.6,,,,,,,,942,,0.4,,0,0,0,0,0,0,0,,,,
RUE,2010,1,11,1,-6.7,,,,,,,,942.1,,0.5,,0,0,0,0,0,0,0,,,,
RUE,2010,1,11,2,-6.5,,,,,,,,942.1,,0.6,,0,0,0,0,0,0,0,,,,
RUE,2010,1,11,3,-6.7,,,,,,,,941.9,,0.8,,0,0,0,0,0,0,0,,,,
RUE,2010,1,11,4,-6.3,,,,,,,,941.9,,0.9,,0,0,0,0,0,0,0,,,,
RUE,2010,1,11,5,-5.7,,,,,,,,941.5,,2.1,,0,0,0,0,0,0,0,,,,
RUE,2010,1,11,6,-6.1,,,,,,,,941.6,,1.3,,0,0,0,0,0,0,0,,,,
RUE,2010,1,11,7,-6.5,,,,,,,,941.7,,0.6,,4,0,0,0,0,0,0,,,,
RUE,2010,1,11,8,-6.1,,,,,,,,941.8,,0.4,,41,0,0,0,0,0,0,,,,
RUE,2010,1,11,9,-5.7,,,,,,,,942,,0.4,,100,811.8,20.8,0,0,0,0,,,,
RUE,2010,1,11,10,-4.8,,,,,,,,942.1,,0.6,,145,197.3,102.5,0,0,0,0,,,,
RUE,2010,1,11,11,-4.3,,,,,,,,941.9,,0.8,,235,355.2,128.1,0,0,0,0,,,,
RUE,2010,1,11,12,-4.3,,,,,,,,941.7,,0.7,,162,35.1,149.8,0,0,0,0,,,,
RUE,2010,1,11,13,-4.5,,,,,,,,941.6,,1.5,,104,5.5,102,0,0,0,0,,,,
RUE,2010,1,11,14,-4.5,,,,,,,,942,,1,,47,1.4,46.6,0,0,0,0,,,,
RUE,2010,1,11,15,-4.7,,,,,,,,942.4,,0.5,,16,0.3,15.9,0,0,0,0,,,,
RUE,2010,1,11,16,-4.8,,,,,,,,942.6,,0.7,,1,0,1,0,0,0,0,,,,
RUE,2010,1,11,17,-5,,,,,,,,943.1,,0.8,,0,0,0,0,0,0,0,,,,
RUE,2010,1,11,18,-5.1,,,,,,,,943.4,,0.4,,0,0,0,0,0,0,0,,,,
RUE,2010,1,11,19,-5.1,,,,,,,,943.6,,0.3,,0,0,0,0,0,0,0,,,,
RUE,2010,1,11,20,-5,,,,,,,,943.7,,0.1,,0,0,0,0,0,0,0,,,,
RUE,2010,1,11,21,-5.1,,,,,,,,943.8,,0.3,,0,0,0,0,0,0,0,,,,
RUE,2010,1,11,22,-5.2,,,,,,,,943.8,,0.3,,0,0,0,0,0,0,0,,,,
RUE,2010,1,11,23,-5.2,,,,,,,,943.9,,0,,0,0,0,0,0,0,0,,,,
RUE,2010,1,12,0,-5.3,,,,,,,,943.9,,0.1,,0,0,0,0,0,0,0,,,,
RUE,2010,1,12,1,-5,,,,,,,,943.8,,0.5,,0,0,0,0,0,0,0,,,,
RUE,2010,1,12,2,-5,,,,,,,,943.7,,0.2,,0,0,0,0,0,0,0,,,,
RUE,2010,1,12,3,-5.1,,,,,,,,943.5,,0.1,,0,0,0,0,0,0,0,,,,
RUE,2010,1,12,4,-5.1,,,,,,,,943.4,,0.2,,0,0,0,0,0,0,0,,,,
RUE,2010,1,12,5,-5.1,,,,,,,,943.2,,0.5,,0,0,0,0,0,0,0,,,,
RUE,2010,1,12,6,-5.1,,,,,,,,942.9,,0.7,,0,0,0,0,0,0,0,,,,
RUE,2010,1,12,7,-5.4,,,,,,,,942.2,,0.9,,4,0,0,0,0,0,0,,,,
RUE,2010,1,12,8,-5.3,,,,,,,,941.8,,0.9,,52,0,0,0,0,0,0,,,,
RUE,2010,1,12,9,-4.2,,,,,,,,941.2,,1.3,,106,882,18.7,0,0,0,0,,,,
RUE,2010,1,12,10,-3.6,,,,,,,,940.5,,1.7,,139,159,104.5,0,0,0,0,,,,
RUE,2010,1,12,11,-3.6,,,,,,,,939.7,,2.3,,122,16.9,116.9,0,0,0,0,,,,
RUE,2010,1,12,12,-3.7,,,,,,,,939,,2.4,,121,8.6,118,0,0,0,0,,,,
RUE,2010,1,12,13,-3.6,,,,,,,,938.1,,2.1,,109,6,106.9,0,0,0,0,,,,
RUE,2010,1,12,14,-3.7,,,,,,,,937.2,,2.6,,56,2,55.4,0,0,0,0,,,,
RUE,2010,1,12,15,-3.7,,,,,,,,936.6,,3.3,,22,0.5,21.9,0,0,0,0,,,,
RUE,2010,1,12,16,-3.8,,,,,,,,935.8,,2.9,,0,0,0,0,0,0,0,,,,
RUE,2010,1,12,17,-3.8,,,,,,,,935.4,,4,,0,0,0,0,0,0,0,,,,
RUE,2010,1,12,18,-3.8,,,,,,,,935,,3.3,,0,0,0,0,0,0,0,,,,
RUE,2010,1,12,19,-3.7,,,,,,,,934.6,,3.6,,0,0,0,0,0,0,0,,,,
RUE,2010,1,12,20,-3.7,,,,,,,,934.1,,2.9,,0,0,0,0,0,0,0,,,,
RUE,2010,1,12,21,-3.7,,,,,,,,933.5,,2.6,,0,0,0,0,0,0,0,,,,
RUE,2010,1,12,22,-3.6,,,,,,,,933,,2.7,,0,0,0,0,0,0,0,,,,
RUE,2010,1,12,23,-3.6,,,,,,,,933.2,,2.4,,0,0,0,0,0,0,0,,,,
RUE,2010,1,13,0,-3.8,,,,,,,,933.9,,2.3,,0,0,0,0,0,0,0,,,,
RUE,2010,1,13,1,-4,,,,,,,,933.1,,3.4,,0,0,0,0,0,0,0,,,,
RUE,2010,1,13,2,-4.1,,,,,,,,932.6,,4.6,,0,0,0,0,0,0,0,,,,
RUE,2010,1,13,3,-3.9,,,,,,,,932.2,,4.6,,0,0,0,0,0,0,0,,,,
RUE,2010,1,13,4,-3.4,,,,,,,,931.8,,3.2,,0,0,0,0,0,0,0,,,,
RUE,2010,1,13,5,-3.3,,,,,,,,931.7,,3.3,,0,0,0,0,0,0,0,,,,
RUE,2010,1,13,6,-3.4,,,,,,,,932.2,,2.8,,0,0,0,0,0,0,0,,,,
RUE,2010,1,13,7,-2.7,,,,,,,,932.8,,1.6,,4,0,0,0,0,0,0,,,,
RUE,2010,1,13,8,-1.5,,,,,,,,933.1,,2.5,,25,0,0,0,0,0,0,,,,
RUE,2010,1,13,9,-0.8,,,,,,,,933.6,,1.7,,51,53.9,45.6,0,0,0,0,,,,
RUE,2010,1,13,10,-0.7,,,,,,,,934,,3.3,,94,23.2,88.9,0,0,0,0,,,,
RUE,2010,1,13,11,-0.3,,,,,,,,933.9,,2.6,,133,25,125.4,0,0,0,0,,,,
RUE,2010,1,13,12,0.5,,,,,,,,933.7,,2.5,,138,14.7,132.8,0,0,0,0,,,,
RUE,2010,1,13,13,1.5,,,,,,,,933.8,,1.7,,150,20.6,142.6,0,0,0,0,,,,
RUE,2010,1,13,14,1.8,,,,,,,,934.1,,1.8,,71,3.1,70,0,0,0,0,,,,
RUE,2010,1,13,15,1.4,,,,,,,,934.5,,0.9,,38,1.6,37.6,0,0,0,0,,,,
RUE,2010,1,13,16,2.2,,,,,,,,935,,1.9,,2,0,2,0,0,0,0,,,,
RUE,2010,1,13,17,1.7,,,,,,,,935.5,,0.5,,0,0,0,0,0,0,0,,,,
RUE,2010,1,13,18,2.1,,,,,,,,935.9,,1.2,,0,0,0,0,0,0,0,,,,
RUE,2010,1,13,19,1.6,,,,,,,,936.4,,0.5,,0,0,0,0,0,0,0,,,,
RUE,2010,1,13,20,1.9,,,,,,,,936.5,,0.6,,0,0,0,0,0,0,0,,,,
RUE,2010,1,13,21,1.6,,,,,,,,936.4,,1.1,,0,0,0,0,0,0,0,,,,
RUE,2010,1,13,22,1,,,,,,,,936,,1.5,,0,0,0,0,0,0,0,,,,
RUE,2010,1,13,23,-0.2,,,,,,,,935.6,,3.3,,0,0,0,0,0,0,0,,,,
RUE,2010,1,14,0,-0.5,,,,,,,,935.1,,3.2,,0,0,0,0,0,0,0,,,,
RUE,2010,1,14,1,-0.1,,,,,,,,934.8,,3.2,,0,0,0,0,0,0,0,,,,
RUE,2010,1,14,2,-0.1,,,,,,,,934.8,,2.4,,0,0,0,0,0,0,0,,,,
RUE,2010,1,14,3,0,,,,,,,,934.6,,2.3,,0,0,0,0,0,0,0,,,,
RUE,2010,1,14,4,-0.1,,,,,,,,934.4,,2.9,,0,0,0,0,0,0,0,,,,
RUE,2010,1,14,5,-0.2,,,,,,,,934.1,,3.1,,0,0,0,0,0,0,0,,,,
RUE,2010,1,14,6,-0.2,,,,,,,,933.8,,3,,0,0,0,0,0,0,0,,,,
RUE,2010,1,14,7,-0.1,,,,,,,,933.7,,3.1,,3,0,0,0,0,0,0,,,,
RUE,2010,1,14,8,-0.1,,,,,,,,933.6,,3.7,,37,0,0,0,0,0,0,,,,
RUE,2010,1,14,9,0.1,,,,,,,,933.6,,4.3,,87,483,37.7,0,0,0,0,,,,
RUE,2010,1,14,10,-0.1,,,,,,,,933.5,,4.5,,110,48.9,99.2,0,0,0,0,,,,
RUE,2010,1,14,11,-0.1,,,,,,,,933.1,,4.2,,100,7,97.8,0,0,0,0,,,,
RUE,2010,1,14,12,0.3,,,,,,,,932.6,,4.6,,109,6,106.9,0,0,0,0,,,,
RUE,2010,1,14,13,0.5,,,,,,,,932.8,,3.9,,84,3.5,82.8,0,0,0,0,,,,
RUE,2010,1,14,14,0.6,,,,,,,,933.1,,3.1,,48,1.4,47.5,0,0,0,0,,,,
RUE,2010,1,14,15,0.6,,,,,,,,933.2,,2.9,,19,0.4,18.9,0,0,0,0,,,,
RUE,2010,1,14,16,0.3,,,,,,,,933.5,,3.1,,1,0,1,0,0,0,0,,,,
RUE,2010,1,14,17,0.2,,,,,,,,934.1,,2.7,,0,0,0,0,0,0,0,,,,
RUE,2010,1,14,18,0.2,,,,,,,,935,,2.4,,0,0,0,0,0,0,0,,,,
RUE,2010,1,14,19,0.1,,,,,,,,935.8,,2.2,,0,0,0,0,0,0,0,,,,
RUE,2010,1,14,20,0,,,,,,,,936.5,,2,,0,0,0,0,0,0,0,,,,
RUE,2010,1,14,21,0,,,,,,,,937.3,,2.3,,0,0,0,0,0,0,0,,,,
RUE,2010,1,14,22,-0.1,,,,,,,,938.2,,1.6,,0,0,0,0,0,0,0,,,,
RUE,2010,1,14,23,-0.2,,,,,,,,938.8,,1.5,,0,0,0,0,0,0,0,,,,
RUE,2010,1,15,0,-0.3,,,,,,,,939.3,,1.4,,0,0,0,0,0,0,0,,,,
RUE,2010,1,15,1,-0.3,,,,,,,,940,,1.4,,0,0,0,0,0,0,0,,,,
RUE,2010,1,15,2,-0.3,,,,,,,,940.8,,1.7,,0,0,0,0,0,0,0,,,,
RUE,2010,1,15,3,-0.3,,,,,,,,941.5,,1,,0,0,0,0,0,0,0,,,,
RUE,2010,1,15,4,-0.7,,,,,,,,942.3,,0.4,,0,0,0,0,0,0,0,,,,
RUE,2010,1,15,5,-0.8,,,,,,,,943.2,,0.2,,0,0,0,0,0,0,0,,,,
RUE,2010,1,15,6,-0.9,,,,,,,,944.3,,0.5,,0,0,0,0,0,0,0,,,,
RUE,2010,1,15,7,-1,,,,,,,,945.2,,0.6,,7,0,0,0,0,0,0,,,,
RUE,2010,1,15,8,-0.9,,,,,,,,946.2,,0.4,,42,0,0,0,0,0,0,,,,
RUE,2010,1,15,9,-0.4,,,,,,,,946.8,,0.3,,130,1044.9,21.4,0,0,0,0,,,,
RUE,2010,1,15,10,0.2,,,,,,,,947.4,,0.5,,166,295.8,100,0,0,0,0,,,,
RUE,2010,1,15,11,0.5,,,,,,,,947.7,,0.6,,141,31.1,131.4,0,0,0,0,,,,
RUE,2010,1,15,12,0.4,,,,,,,,948.2,,1.3,,113,6.5,110.7,0,0,0,0,,,,
RUE,2010,1,15,13,0.2,,,,,,,,948.7,,1.8,,102,5,100.2,0,0,0,0,,,,
RUE,2010,1,15,14,-0.1,,,,,,,,949.3,,1.5,,62,2.3,61.3,0,0,0,0,,,,
RUE,2010,1,15,15,-0.4,,,,,,,,950,,1.1,,27,0.7,26.8,0,0,0,0,,,,
RUE,2010,1,15,16,-0.7,,,,,,,,950.5,,1.3,,2,0,2,0,0,0,0,,,,
RUE,2010,1,15,17,-0.8,,,,,,,,951,,1.3,,0,0,0,0,0,0,0,,,,
RUE,2010,1,15,18,-1,,,,,,,,951.3,,0.9,,0,0,0,0,0,0,0,,,,
RUE,2010,1,15,19,-1.1,,,,,,,,951.4,,0.8,,0,0,0,0,0,0,0,,,,
RUE,2010,1,15,20,-1.2,,,,,,,,951.3,,0.7,,0,0,0,0,0,0,0,,,,
RUE,2010,1,15,21,-0.9,,,,,,,,951.1,,1.2,,0,0,0,0,0,0,0,,,,
RUE,2010,1,15,22,-0.9,,,,,,,,951.4,,1.7,,0,0,0,0,0,0,0,,,,
RUE,2010,1,15,23,-1.1,,,,,,,,951.4,,1.9,,0,0,0,0,0,0,0,,,,
RUE,2010,1,16,0,-0.9,,,,,,,,951,,1.8,,0,0,0,0,0,0,0,,,,
RUE,2010,1,16,1,-0.9,,,,,,,,950.6,,2.5,,0,0,0,0,0,0,0,,,,
RUE,2010,1,16,2,-1,,,,,,,,950.3,,2.9,,0,0,0,0,0,0,0,,,,
RUE,2010,1,16,3,-1,,,,,,,,950.2,,2.2,,0,0,0,0,0,0,0,,,,
RUE,2010,1,16,4,-1.1,,,,,,,,949.5,,2.6,,0,0,0,0,0,0,0,,,,
RUE,2010,1,16,5,-1.4,,,,,,,,949,,2.8,,0,0,0,0,0,0,0,,,,
RUE,2010,1,16,6,-1.7,,,,,,,,948.4,,3.5,,0,0,0,0,0,0,0,,,,
RUE,2010,1,16,7,-2,,,,,,,,948,,3.1,,2,0,0,0,0,0,0,,,,
RUE,2010,1,16,8,-2.2,,,,,,,,947.6,,3.8,,26,0,0,0,0,0,0,,,,
RUE,2010,1,16,9,-2.3,,,,,,,,946.9,,5,,107,788.3,23.6,0,0,0,0,,,,
RUE,2010,1,16,10,-2,,,,,,,,946.8,,4.1,,246,907.5,41.5,0,0,0,0,,,,
RUE,2010,1,16,11,-1.5,,,,,,,,946.4,,4.2,,314,775.8,71.5,0,0,0,0,,,,
RUE,2010,1,16,12,-1.1,,,,,,,,945.8,,3.8,,230,155.9,173.7,0,0,0,0,,,,
RUE,2010,1,16,13,-0.6,,,,,,,,944.9,,4.1,,161,25.9,151.5,0,0,0,0,,,,
RUE,2010,1,16,14,-0.5,,,,,,,,944.2,,5.9,,84,4.1,82.6,0,0,0,0,,,,
RUE,2010,1,16,15,-0.4,,,,,,,,943.9,,4.8,,35,1.2,34.7,0,0,0,0,,,,
RUE,2010,1,16,16,-0.7,,,,,,,,943.9,,3.9,,2,0,2,0,0,0,0,,,,
RUE,2010,1,16,17,-0.4,,,,,,,,943.9,,3.3,,0,0,0,0,0,0,0,,,,
RUE,2010,1,16,18,0.5,,,,,,,,943.6,,2.9,,0,0,0,0,0,0,0,,,,
RUE,2010,1,16,19,0.9,,,,,,,,943.4,,1.8,,0,0,0,0,0,0,0,,,,
RUE,2010,1,16,20,1.6,,,,,,,,942.8,,1.5,,0,0,0,0,0,0,0,,,,
RUE,2010,1,16,21,2.6,,,,,,,,942.1,,1.4,,0,0,0,0,0,0,0,,,,
RUE,2010,1,16,22,4.4,,,,,,,,942.3,,4,,0,0,0,0,0,0,0,,,,
RUE,2010,1,16,23,5.4,,,,,,,,942.1,,8,,0,0,0,0,0,0,0,,,,
RUE,2010,1,17,0,5.4,,,,,,,,942.8,,7.2,,0,0,0,0,0,0,0,,,,
RUE,2010,1,17,1,5.3,,,,,,,,942.4,,9.6,,0,0,0,0,0,0,0,,,,
RUE,2010,1,17,2,5.5,,,,,,,,942.2,,7.5,,0,0,0,0,0,0,0,,,,
RUE,2010,1,17,3,5.5,,,,,,,,942.2,,7.3,,0,0,0,0,0,0,0,,,,
RUE,2010,1,17,4,5.6,,,,,,,,942.4,,6.2,,0,0,0,0,0,0,0,,,,
RUE,2010,1,17,5,5.7,,,,,,,,942.1,,6.7,,0,0,0,0,0,0,0,,,,
RUE,2010,1,17,6,5.9,,,,,,,,942.4,,5.4,,0,0,0,0,0,0,0,,,,
RUE,2010,1,17,7,5.6,,,,,,,,943.3,,5.2,,1,0,0,0,0,0,0,,,,
RUE,2010,1,17,8,5.2,,,,,,,,944.3,,2.6,,18,0,0,0,0,0,0,,,,
RUE,2010,1,17,9,4.4,,,,,,,,945.7,,3,,39,10.3,37.9,0,0,0,0,,,,
RUE,2010,1,17,10,4.9,,,,,,,,946.6,,5.4,,105,33.4,97.4,0,0,0,0,,,,
RUE,2010,1,17,11,4.8,,,,,,,,947.5,,4.9,,135,22.9,127.8,0,0,0,0,,,,
RUE,2010,1,17,12,4.9,,,,,,,,947.9,,6,,214,108.8,174.4,0,0,0,0,,,,
RUE,2010,1,17,13,5.1,,,,,,,,948.2,,6.7,,239,165.1,177.9,0,0,0,0,,,,
RUE,2010,1,17,14,4.9,,,,,,,,949.1,,5.8,,199,116.1,160.3,0,0,0,0,,,,
RUE,2010,1,17,15,4,,,,,,,,949.9,,4.7,,77,5.7,75.5,0,0,0,0,,,,
RUE,2010,1,17,16,3.9,,,,,,,,950.7,,3.5,,6,0.1,6,0,0,0,0,,,,
RUE,2010,1,17,17,3.8,,,,,,,,951.4,,2.6,,0,0,0,0,0,0,0,,,,
RUE,2010,1,17,18,3.7,,,,,,,,952.2,,2.6,,0,0,0,0,0,0,0,,,,
RUE,2010,1,17,19,3.3,,,,,,,,952.4,,2.8,,0,0,0,0,0,0,0,,,,
RUE,2010,1,17,20,3,,,,,,,,952.6,,1.6,,0,0,0,0,0,0,0,,,,
RUE,2010,1,17,21,3.3,,,,,,,,952.7,,1.3,,0,0,0,0,0,0,0,,,,
RUE,2010,1,17,22,3.5,,,,,,,,952.8,,0.9,,0,0,0,0,0,0,0,,,,
RUE,2010,1,17,23,3.1,,,,,,,,952.9,,0.6,,0,0,0,0,0,0,0,,,,
RUE,2010,1,18,0,3.1,,,,,,,,952.8,,0.4,,0,0,0,0,0,0,0,,,,
RUE,2010,1,18,1,3,,,,,,,,952.9,,0.9,,0,0,0,0,0,0,0,,,,
RUE,2010,1,18,2,2.8,,,,,,,,953,,1.3,,0,0,0,0,0,0,0,,,,
RUE,2010,1,18,3,2.6,,,,,,,,953,,1.5,,0,0,0,0,0,0,0,,,,
RUE,2010,1,18,4,2.2,,,,,,,,952.8,,0.9,,0,0,0,0,0,0,0,,,,
RUE,2010,1,18,5,1.9,,,,,,,,953,,0.5,,0,0,0,0,0,0,0,,,,
RUE,2010,1,18,6,2.2,,,,,,,,953.3,,0.6,,0,0,0,0,0,0,0,,,,
RUE,2010,1,18,7,2.2,,,,,,,,953.6,,0.9,,2,0,0,0,0,0,0,,,,
RUE,2010,1,18,8,2,,,,,,,,954,,0.7,,29,0,0,0,0,0,0,,,,
RUE,2010,1,18,9,2.2,,,,,,,,954.3,,1.4,,54,45.9,49,0,0,0,0,,,,
RUE,2010,1,18,10,2.6,,,,,,,,954.4,,2,,128,83.9,108.7,0,0,0,0,,,,
RUE,2010,1,18,11,3.5,,,,,,,,953.8,,1.9,,344,895.4,59.2,0,0,0,0,,,,
RUE,2010,1,18,12,3.3,,,,,,,,953.2,,1.3,,202,79.9,172.7,0,0,0,0,,,,
RUE,2010,1,18,13,3.6,,,,,,,,952.5,,0.7,,181,42.8,165,0,0,0,0,,,,
RUE,2010,1,18,14,4.2,,,,,,,,952.4,,0.9,,262,349.2,144.3,0,0,0,0,,,,
RUE,2010,1,18,15,3.7,,,,,,,,952.6,,2,,38,1.4,37.6,0,0,0,0,,,,
RUE,2010,1,18,16,3.1,,,,,,,,952.9,,1.7,,3,0,3,0,0,0,0,,,,
RUE,2010,1,18,17,2.6,,,,,,,,953.1,,1.2,,0,0,0,0,0,0,0,,,,
RUE,2010,1,18,18,1.7,,,,,,,,953.1,,1.1,,0,0,0,0,0,0,0,,,,
RUE,2010,1,18,19,1.5,,,,,,,,953.1,,1,,0,0,0,0,0,0,0,,,,
RUE,2010,1,18,20,1,,,,,,,,953,,1.3,,0,0,0,0,0,0,0,,,,
RUE,2010,1,18,21,0.5,,,,,,,,952.5,,0.9,,0,0,0,0,0,0,0,,,,
RUE,2010,1,18,22,-0.3,,,,,,,,952.4,,0.8,,0,0,0,0,0,0,0,,,,
RUE,2010,1,18,23,-0.2,,,,,,,,952,,1,,0,0,0,0,0,0,0,,,,
RUE,2010,1,19,0,-0.7,,,,,,,,951.7,,1,,0,0,0,0,0,0,0,,,,
RUE,2010,1,19,1,-0.6,,,,,,,,951.4,,1.3,,0,0,0,0,0,0,0,,,,
RUE,2010,1,19,2,-0.9,,,,,,,,951.1,,1.7,,0,0,0,0,0,0,0,,,,
RUE,2010,1,19,3,-0.9,,,,,,,,950.9,,1.6,,0,0,0,0,0,0,0,,,,
RUE,2010,1,19,4,-1.3,,,,,,,,950.5,,1.3,,0,0,0,0,0,0,0,,,,
RUE,2010,1,19,5,-2,,,,,,,,949.9,,1.4,,0,0,0,0,0,0,0,,,,
RUE,2010,1,19,6,-1.8,,,,,,,,949.7,,1.3,,0,0,0,0,0,0,0,,,,
RUE,2010,1,19,7,-2.8,,,,,,,,949.6,,1.4,,5,0,0,0,0,0,0,,,,
RUE,2010,1,19,8,-2.2,,,,,,,,949.8,,1.6,,82,0,0,0,0,0,0,,,,
RUE,2010,1,19,9,-1.4,,,,,,,,949.8,,2.3,,144,1072.2,23.8,0,0,0,0,,,,
RUE,2010,1,19,10,-1,,,,,,,,949.5,,2,,257,921.2,42.6,0,0,0,0,,,,
RUE,2010,1,19,11,-0.1,,,,,,,,948.7,,2.7,,383,996.3,63.2,0,0,0,0,,,,
RUE,2010,1,19,12,0.3,,,,,,,,947.9,,2.5,,373,781.7,83.6,0,0,0,0,,,,
RUE,2010,1,19,13,0.9,,,,,,,,947.1,,2.3,,241,158.4,181.3,0,0,0,0,,,,
RUE,2010,1,19,14,-0.1,,,,,,,,946.9,,3.4,,221,168.5,163.6,0,0,0,0,,,,
RUE,2010,1,19,15,-0.7,,,,,,,,946.9,,2.3,,82,6.1,80.4,0,0,0,0,,,,
RUE,2010,1,19,16,-1.7,,,,,,,,947,,1.9,,6,0.1,6,0,0,0,0,,,,
RUE,2010,1,19,17,-1.9,,,,,,,,946.9,,1.2,,0,0,0,0,0,0,0,,,,
RUE,2010,1,19,18,-2.2,,,,,,,,946.7,,0.9,,0,0,0,0,0,0,0,,,,
RUE,2010,1,19,19,-2.1,,,,,,,,946.5,,1.2,,0,0,0,0,0,0,0,,,,
RUE,2010,1,19,20,-2.3,,,,,,,,946.3,,1.4,,0,0,0,0,0,0,0,,,,
RUE,2010,1,19,21,-2.4,,,,,,,,946,,1.7,,0,0,0,0,0,0,0,,,,
RUE,2010,1,19,22,-2.3,,,,,,,,945.6,,1.6,,0,0,0,0,0,0,0,,,,
RUE,2010,1,19,23,-2.3,,,,,,,,945.2,,2,,0,0,0,0,0,0,0,,,,
RUE,2010,1,20,0,-2.3,,,,,,,,944.5,,2.3,,0,0,0,0,0,0,0,,,,
RUE,2010,1,20,1,-2.5,,,,,,,,944.2,,2.5,,0,0,0,0,0,0,0,,,,
RUE,2010,1,20,2,-2.5,,,,,,,,944.1,,2.7,,0,0,0,0,0,0,0,,,,
RUE,2010,1,20,3,-2.6,,,,,,,,943.6,,2.7,,0,0,0,0,0,0,0,,,,
RUE,2010,1,20,4,-2.7,,,,,,,,943.2,,2.6,,0,0,0,0,0,0,0,,,,
RUE,2010,1,20,5,-2.8,,,,,,,,942.8,,3.2,,0,0,0,0,0,0,0,,,,
RUE,2010,1,20,6,-2.9,,,,,,,,942.6,,3.2,,0,0,0,0,0,0,0,,,,
RUE,2010,1,20,7,-3.2,,,,,,,,942.1,,3.4,,4,0,0,0,0,0,0,,,,
RUE,2010,1,20,8,-3.3,,,,,,,,941.7,,3.9,,52,0,0,0,0,0,0,,,,
RUE,2010,1,20,9,-3,,,,,,,,941.6,,3.9,,191,1392.9,31.5,0,0,0,0,,,,
RUE,2010,1,20,10,-2.4,,,,,,,,941.4,,4,,314,1113.6,51.8,0,0,0,0,,,,
RUE,2010,1,20,11,-1.9,,,,,,,,941,,4.2,,367,945.8,60.6,0,0,0,0,,,,
RUE,2010,1,20,12,-1.7,,,,,,,,940.7,,4.4,,290,348.5,159.8,0,0,0,0,,,,
RUE,2010,1,20,13,-1.2,,,,,,,,940.4,,4.1,,244,160.6,182.9,0,0,0,0,,,,
RUE,2010,1,20,14,-1.1,,,,,,,,940.3,,3.1,,130,12.5,125.7,0,0,0,0,,,,
RUE,2010,1,20,15,-1.7,,,,,,,,940.4,,3.6,,46,1.9,45.5,0,0,0,0,,,,
RUE,2010,1,20,16,-2.1,,,,,,,,940.6,,4.2,,2,0,2,0,0,0,0,,,,
RUE,2010,1,20,17,-1.8,,,,,,,,941,,2.4,,0,0,0,0,0,0,0,,,,
RUE,2010,1,20,18,-1.3,,,,,,,,941.5,,1.9,,0,0,0,0,0,0,0,,,,
RUE,2010,1,20,19,-1.3,,,,,,,,941.7,,1.8,,0,0,0,0,0,0,0,,,,
RUE,2010,1,20,20,-1.4,,,,,,,,942.1,,0.3,,0,0,0,0,0,0,0,,,,
RUE,2010,1,20,21,-1.5,,,,,,,,942.7,,0.4,,0,0,0,0,0,0,0,,,,
RUE,2010,1,20,22,-0.6,,,,,,,,943.3,,0.2,,0,0,0,0,0,0,0,,,,
RUE,2010,1,20,23,0.1,,,,,,,,943.9,,0.6,,0,0,0,0,0,0,0,,,,
RUE,2010,1,21,0,1.4,,,,,,,,944.2,,2.3,,0,0,0,0,0,0,0,,,,
RUE,2010,1,21,1,2.1,,,,,,,,944.5,,2.5,,0,0,0,0,0,0,0,,,,
RUE,2010,1,21,2,2.2,,,,,,,,945.1,,1.5,,0,0,0,0,0,0,0,,,,
RUE,2010,1,21,3,2.3,,,,,,,,945.5,,0.7,,0,0,0,0,0,0,0,,,,
RUE,2010,1,21,4,2.3,,,,,,,,945.9,,1.1,,0,0,0,0,0,0,0,,,,
RUE,2010,1,21,5,2.6,,,,,,,,946.2,,1.3,,0,0,0,0,0,0,0,,,,
RUE,2010,1,21,6,2.5,,,,,,,,946.9,,0.7,,0,0,0,0,0,0,0,,,,
RUE,2010,1,21,7,2.4,,,,,,,,947.4,,0.3,,2,0,0,0,0,0,0,,,,
RUE,2010,1,21,8,2.4,,,,,,,,948.1,,0.7,,71,0,0,0,0,0,0,,,,
RUE,2010,1,21,9,2.5,,,,,,,,948.6,,0.6,,163,1163.6,26.9,0,0,0,0,,,,
RUE,2010,1,21,10,3.4,,,,,,,,949,,0.9,,337,1181,55.6,0,0,0,0,,,,
RUE,2010,1,21,11,4.2,,,,,,,,948.8,,0.9,,386,985.3,63.7,0,0,0,0,,,,
RUE,2010,1,21,12,4.5,,,,,,,,948.3,,2.1,,377,769.1,87.1,0,0,0,0,,,,
RUE,2010,1,21,13,4.2,,,,,,,,948.1,,2.2,,196,55.5,174.7,0,0,0,0,,,,
RUE,2010,1,21,14,3.5,,,,,,,,948.5,,1.3,,109,6.3,106.8,0,0,0,0,,,,
RUE,2010,1,21,15,3.4,,,,,,,,948.9,,0.8,,61,3.2,60.1,0,0,0,0,,,,
RUE,2010,1,21,16,2.7,,,,,,,,949.3,,1,,4,0,4,0,0,0,0,,,,
RUE,2010,1,21,17,2.4,,,,,,,,949.6,,1.1,,0,0,0,0,0,0,0,,,,
RUE,2010,1,21,18,2.2,,,,,,,,949.8,,0.9,,0,0,0,0,0,0,0,,,,
RUE,2010,1,21,19,2,,,,,,,,950,,0.4,,0,0,0,0,0,0,0,,,,
RUE,2010,1,21,20,1.9,,,,,,,,950,,0.6,,0,0,0,0,0,0,0,,,,
RUE,2010,1,21,21,1.5,,,,,,,,950.1,,0.7,,0,0,0,0,0,0,0,,,,
RUE,2010,1,21,22,1.2,,,,,,,,950.1,,0.6,,0,0,0,0,0,0,0,,,,
RUE,2010,1,21,23,1.2,,,,,,,,950,,0.5,,0,0,0,0,0,0,0,,,,
RUE,2010,1,22,0,1,,,,,,,,949.8,,0.2,,0,0,0,0,0,0,0,,,,
RUE,2010,1,22,1,1.1,,,,,,,,949.7,,0.3,,0,0,0,0,0,0,0,,,,
RUE,2010,1,22,2,1.1,,,,,,,,949.7,,0.6,,0,0,0,0,0,0,0,,,,
RUE,2010,1,22,3,1.3,,,,,,,,949.5,,0.7,,0,0,0,0,0,0,0,,,,
RUE,2010,1,22,4,1.2,,,,,,,,949.4,,0.8,,0,0,0,0,0,0,0,,,,
RUE,2010,1,22,5,1,,,,,,,,949.5,,0.8,,0,0,0,0,0,0,0,,,,
RUE,2010,1,22,6,0.5,,,,,,,,949.6,,1,,0,0,0,0,0,0,0,,,,
RUE,2010,1,22,7,0.1,,,,,,,,949.7,,1.5,,7,0,0,0,0,0,0,,,,
RUE,2010,1,22,8,0.5,,,,,,,,949.9,,1.1,,63,0,0,0,0,0,0,,,,
RUE,2010,1,22,9,0.8,,,,,,,,950.1,,1.5,,63,65,55.2,0,0,0,0,,,,
RUE,2010,1,22,10,1,,,,,,,,950.2,,1.9,,104,23.9,98.2,0,0,0,0,,,,
RUE,2010,1,22,11,0.9,,,,,,,,950.1,,2,,125,12.6,120.8,0,0,0,0,,,,
RUE,2010,1,22,12,1.1,,,,,,,,949.8,,2.9,,179,37.1,164.9,0,0,0,0,,,,
RUE,2010,1,22,13,1.1,,,,,,,,949.5,,3,,224,100.5,185,0,0,0,0,,,,
RUE,2010,1,22,14,1.3,,,,,,,,949.6,,3.3,,182,59.2,161.2,0,0,0,0,,,,
RUE,2010,1,22,15,1.1,,,,,,,,949.7,,2.9,,73,4.5,71.8,0,0,0,0,,,,
RUE,2010,1,22,16,1.1,,,,,,,,949.9,,2.1,,7,0.1,7,0,0,0,0,,,,
RUE,2010,1,22,17,1.3,,,,,,,,950.1,,2.5,,0,0,0,0,0,0,0,,,,
RUE,2010,1,22,18,0.8,,,,,,,,950.3,,2.8,,0,0,0,0,0,0,0,,,,
RUE,2010,1,22,19,0.4,,,,,,,,950.3,,3.4,,0,0,0,0,0,0,0,,,,
RUE,2010,1,22,20,0.1,,,,,,,,950.3,,2.9,,0,0,0,0,0,0,0,,,,
RUE,2010,1,22,21,-0.2,,,,,,,,950.7,,1.8,,0,0,0,0,0,0,0,,,,
RUE,2010,1,22,22,-0.3,,,,,,,,950.7,,2.4,,0,0,0,0,0,0,0,,,,
RUE,2010,1,22,23,-0.4,,,,,,,,950.6,,2.8,,0,0,0,0,0,0,0,,,,
RUE,2010,1,23,0,-0.6,,,,,,,,950.3,,2,,0,0,0,0,0,0,0,,,,
RUE,2010,1,23,1,-0.6,,,,,,,,950.1,,1.6,,0,0,0,0,0,0,0,,,,
RUE,2010,1,23,2,-0.6,,,,,,,,949.9,,2.4,,0,0,0,0,0,0,0,,,,
RUE,2010,1,23,3,-0.8,,,,,,,,949.4,,3.3,,0,0,0,0,0,0,0,,,,
RUE,2010,1,23,4,-0.9,,,,,,,,949,,3.6,,0,0,0,0,0,0,0,,,,
RUE,2010,1,23,5,-1.2,,,,,,,,948.8,,3.9,,0,0,0,0,0,0,0,,,,
RUE,2010,1,23,6,-1.6,,,,,,,,948.9,,3.5,,0,0,0,0,0,0,0,,,,
RUE,2010,1,23,7,-1.9,,,,,,,,948.7,,4.1,,7,0,0,0,0,0,0,,,,
RUE,2010,1,23,8,-2,,,,,,,,948.7,,4.9,,66,0,0,0,0,0,0,,,,
RUE,2010,1,23,9,-1.3,,,,,,,,949,,3.9,,218,1489.1,36,0,0,0,0,,,,
RUE,2010,1,23,10,-0.6,,,,,,,,949,,3.4,,342,1169.3,56.4,0,0,0,0,,,,
RUE,2010,1,23,11,0.1,,,,,,,,948.6,,2.8,,375,938.7,61.8,0,0,0,0,,,,
RUE,2010,1,23,12,0.3,,,,,,,,948.2,,2.7,,328,488.8,140.3,0,0,0,0,,,,
RUE,2010,1,23,13,1.1,,,,,,,,948,,2.7,,263,196.1,186.2,0,0,0,0,,,,
RUE,2010,1,23,14,1.1,,,,,,,,948.2,,2.4,,216,125.9,171.2,0,0,0,0,,,,
RUE,2010,1,23,15,0.9,,,,,,,,948.3,,2.3,,102,10.7,99,0,0,0,0,,,,
RUE,2010,1,23,16,-0.4,,,,,,,,948.4,,2,,9,0.2,9,0,0,0,0,,,,
RUE,2010,1,23,17,-0.3,,,,,,,,948.5,,2.6,,0,0,0,0,0,0,0,,,,
RUE,2010,1,23,18,-0.6,,,,,,,,948.6,,2,,0,0,0,0,0,0,0,,,,
RUE,2010,1,23,19,-0.7,,,,,,,,948.4,,2.3,,0,0,0,0,0,0,0,,,,
RUE,2010,1,23,20,-0.5,,,,,,,,948.3,,2.3,,0,0,0,0,0,0,0,,,,
RUE,2010,1,23,21,-1.4,,,,,,,,948.2,,2.2,,0,0,0,0,0,0,0,,,,
RUE,2010,1,23,22,-2.2,,,,,,,,948.2,,2,,0,0,0,0,0,0,0,,,,
RUE,2010,1,23,23,-2.6,,,,,,,,948.3,,2,,0,0,0,0,0,0,0,,,,
RUE,2010,1,24,0,-3,,,,,,,,948.3,,2,,0,0,0,0,0,0,0,,,,
RUE,2010,1,24,1,-3.3,,,,,,,,948.2,,2.7,,0,0,0,0,0,0,0,,,,
RUE,2010,1,24,2,-3.5,,,,,,,,948.2,,2.7,,0,0,0,0,0,0,0,,,,
RUE,2010,1,24,3,-3.5,,,,,,,,948.3,,2.6,,0,0,0,0,0,0,0,,,,
RUE,2010,1,24,4,-3.7,,,,,,,,948.6,,1.9,,0,0,0,0,0,0,0,,,,
RUE,2010,1,24,5,-3.7,,,,,,,,948.7,,2,,0,0,0,0,0,0,0,,,,
RUE,2010,1,24,6,-3.6,,,,,,,,948.8,,1.8,,0,0,0,0,0,0,0,,,,
RUE,2010,1,24,7,-3.7,,,,,,,,948.9,,1.6,,6,0,0,0,0,0,0,,,,
RUE,2010,1,24,8,-3.3,,,,,,,,949.2,,1.7,,57,0,0,0,0,0,0,,,,
RUE,2010,1,24,9,-2.7,,,,,,,,949.5,,1.4,,148,988.3,24.4,0,0,0,0,,,,
RUE,2010,1,24,10,-1.7,,,,,,,,949.7,,1.3,,271,912.3,45.3,0,0,0,0,,,,
RUE,2010,1,24,11,0,,,,,,,,949.4,,1,,325,702.5,88.2,0,0,0,0,,,,
RUE,2010,1,24,12,1.1,,,,,,,,949.2,,0.8,,197,54.5,175.9,0,0,0,0,,,,
RUE,2010,1,24,13,1.8,,,,,,,,948.8,,0.5,,148,12,143.2,0,0,0,0,,,,
RUE,2010,1,24,14,1.9,,,,,,,,948.8,,0.7,,114,6.5,111.6,0,0,0,0,,,,
RUE,2010,1,24,15,1.1,,,,,,,,948.7,,1.4,,58,2.7,57.2,0,0,0,0,,,,
RUE,2010,1,24,16,0.1,,,,,,,,948.8,,1.2,,7,0.1,7,0,0,0,0,,,,
RUE,2010,1,24,17,0.1,,,,,,,,949.1,,0.5,,0,0,0,0,0,0,0,,,,
RUE,2010,1,24,18,0.3,,,,,,,,949.4,,1,,0,0,0,0,0,0,0,,,,
RUE,2010,1,24,19,0.3,,,,,,,,949.3,,0.8,,0,0,0,0,0,0,0,,,,
RUE,2010,1,24,20,-0.1,,,,,,,,949.3,,1.4,,0,0,0,0,0,0,0,,,,
RUE,2010,1,24,21,-0.3,,,,,,,,949.2,,1.4,,0,0,0,0,0,0,0,,,,
RUE,2010,1,24,22,-0.5,,,,,,,,949.4,,1.2,,0,0,0,0,0,0,0,,,,
RUE,2010,1,24,23,-0.2,,,,,,,,949.4,,0.6,,0,0,0,0,0,0,0,,,,
RUE,2010,1,25,0,0.2,,,,,,,,949.4,,0.4,,0,0,0,0,0,0,0,,,,
RUE,2010,1,25,1,0.4,,,,,,,,949.4,,0.5,,0,0,0,0,0,0,0,,,,
RUE,2010,1,25,2,0.7,,,,,,,,949.4,,0.1,,0,0,0,0,0,0,0,,,,
RUE,2010,1,25,3,0.1,,,,,,,,949.3,,0.4,,0,0,0,0,0,0,0,,,,
RUE,2010,1,25,4,0.2,,,,,,,,949.5,,0.5,,0,0,0,0,0,0,0,,,,
RUE,2010,1,25,5,0,,,,,,,,949.6,,0.4,,0,0,0,0,0,0,0,,,,
RUE,2010,1,25,6,-0.1,,,,,,,,950.1,,0.5,,0,0,0,0,0,0,0,,,,
RUE,2010,1,25,7,0.2,,,,,,,,950.7,,1.2,,4,0,0,0,0,0,0,,,,
RUE,2010,1,25,8,0,,,,,,,,951.3,,1.2,,33,0,0,0,0,0,0,,,,
RUE,2010,1,25,9,0,,,,,,,,951.9,,1,,108,470,47.9,0,0,0,0,,,,
RUE,2010,1,25,10,0.2,,,,,,,,952.2,,1.7,,195,352.3,106.7,0,0,0,0,,,,
RUE,2010,1,25,11,0.2,,,,,,,,952.3,,1.9,,122,10,118.6,0,0,0,0,,,,
RUE,2010,1,25,12,-0.1,,,,,,,,952.2,,2.3,,92,3.5,90.6,0,0,0,0,,,,
RUE,2010,1,25,13,-0.4,,,,,,,,952.3,,2.7,,60,1.4,59.4,0,0,0,0,,,,
RUE,2010,1,25,14,-0.3,,,,,,,,952.7,,2,,36,0.6,35.8,0,0,0,0,,,,
RUE,2010,1,25,15,-0.2,,,,,,,,953,,2.2,,24,0.4,23.9,0,0,0,0,,,,
RUE,2010,1,25,16,-0.3,,,,,,,,953.4,,1.3,,4,0,4,0,0,0,0,,,,
RUE,2010,1,25,17,-0.3,,,,,,,,953.9,,1.6,,0,0,0,0,0,0,0,,,,
RUE,2010,1,25,18,-0.3,,,,,,,,954.3,,1.8,,0,0,0,0,0,0,0,,,,
RUE,2010,1,25,19,-0.5,,,,,,,,954.8,,1.4,,0,0,0,0,0,0,0,,,,
RUE,2010,1,25,20,-0.6,,,,,,,,955.2,,1.7,,0,0,0,0,0,0,0,,,,
RUE,2010,1,25,21,-0.7,,,,,,,,955.5,,1.6,,0,0,0,0,0,0,0,,,,
RUE,2010,1,25,22,-1.1,,,,,,,,955.7,,2.1,,0,0,0,0,0,0,0,,,,
RUE,2010,1,25,23,-1.4,,,,,,,,955.9,,2.2,,0,0,0,0,0,0,0,,,,
RUE,2010,1,26,0,-1.6,,,,,,,,955.7,,1.9,,0,0,0,0,0,0,0,,,,
RUE,2010,1,26,1,-1.9,,,,,,,,955.8,,2.1,,0,0,0,0,0,0,0,,,,
RUE,2010,1,26,2,-2,,,,,,,,955.8,,2.6,,0,0,0,0,0,0,0,,,,
RUE,2010,1,26,3,-2.2,,,,,,,,955.4,,2.3,,0,0,0,0,0,0,0,,,,
RUE,2010,1,26,4,-2.5,,,,,,,,955.6,,2.5,,0,0,0,0,0,0,0,,,,
RUE,2010,1,26,5,-2.5,,,,,,,,955.7,,2.4,,0,0,0,0,0,0,0,,,,
RUE,2010,1,26,6,-2.5,,,,,,,,955.7,,2.1,,0,0,0,0,0,0,0,,,,
RUE,2010,1,26,7,-2.5,,,,,,,,955.5,,2,,1,0,0,0,0,0,0,,,,
RUE,2010,1,26,8,-2.5,,,,,,,,955.7,,2.7,,8,0,0,0,0,0,0,,,,
RUE,2010,1,26,9,-2.5,,,,,,,,955.7,,2.5,,36,4.8,35.4,0,0,0,0,,,,
RUE,2010,1,26,10,-2.5,,,,,,,,955.7,,1.7,,32,1,31.7,0,0,0,0,,,,
RUE,2010,1,26,11,-3.1,,,,,,,,955.4,,2.5,,43,1,42.7,0,0,0,0,,,,
RUE,2010,1,26,12,-3,,,,,,,,955,,1.1,,78,2.5,77,0,0,0,0,,,,
RUE,2010,1,26,13,-2.6,,,,,,,,954.3,,3,,124,6,121.6,0,0,0,0,,,,
RUE,2010,1,26,14,-2.6,,,,,,,,954.1,,4.3,,49,1.1,48.6,0,0,0,0,,,,
RUE,2010,1,26,15,-3,,,,,,,,954.4,,4.8,,14,0.1,14,0,0,0,0,,,,
RUE,2010,1,26,16,-3.4,,,,,,,,954.8,,4.7,,1,0,1,0,0,0,0,,,,
RUE,2010,1,26,17,-3.7,,,,,,,,955.4,,5.6,,0,0,0,0,0,0,0,,,,
RUE,2010,1,26,18,-4.7,,,,,,,,955.6,,6.5,,0,0,0,0,0,0,0,,,,
RUE,2010,1,26,19,-5.5,,,,,,,,955.7,,5.5,,0,0,0,0,0,0,0,,,,
RUE,2010,1,26,20,-5.8,,,,,,,,955.5,,4.7,,0,0,0,0,0,0,0,,,,
RUE,2010,1,26,21,-5.9,,,,,,,,955.6,,4.4,,0,0,0,0,0,0,0,,,,
RUE,2010,1,26,22,-6.1,,,,,,,,955.9,,4.6,,0,0,0,0,0,0,0,,,,
RUE,2010,1,26,23,-6,,,,,,,,955.8,,5.9,,0,0,0,0,0,0,0,,,,
RUE,2010,1,27,0,-6.2,,,,,,,,955.5,,6.8,,0,0,0,0,0,0,0,,,,
RUE,2010,1,27,1,-6.4,,,,,,,,955.3,,6.3,,0,0,0,0,0,0,0,,,,
RUE,2010,1,27,2,-6.4,,,,,,,,955.1,,5.3,,0,0,0,0,0,0,0,,,,
RUE,2010,1,27,3,-6.5,,,,,,,,954.8,,5.1,,0,0,0,0,0,0,0,,,,
RUE,2010,1,27,4,-6.9,,,,,,,,954.8,,4.7,,0,0,0,0,0,0,0,,,,
RUE,2010,1,27,5,-6.9,,,,,,,,954.5,,5.3,,0,0,0,0,0,0,0,,,,
RUE,2010,1,27,6,-7.1,,,,,,,,954.3,,5,,0,0,0,0,0,0,0,,,,
RUE,2010,1,27,7,-7.4,,,,,,,,954.4,,3.6,,2,0,0,0,0,0,0,,,,
RUE,2010,1,27,8,-7.6,,,,,,,,954.4,,3.8,,28,0,0,0,0,0,0,,,,
RUE,2010,1,27,9,-7.7,,,,,,,,954.4,,3.1,,75,86.7,63.4,0,0,0,0,,,,
RUE,2010,1,27,10,-7.4,,,,,,,,954.3,,2.8,,97,12.4,93.8,0,0,0,0,,,,
RUE,2010,1,27,11,-7.2,,,,,,,,953.8,,2.1,,149,23.1,141,0,0,0,0,,,,
RUE,2010,1,27,12,-7,,,,,,,,953,,1.7,,153,13.4,147.6,0,0,0,0,,,,
RUE,2010,1,27,13,-6.8,,,,,,,,951.8,,0.5,,146,10,141.9,0,0,0,0,,,,
RUE,2010,1,27,14,-6.2,,,,,,,,951.1,,0.8,,100,4.6,98.3,0,0,0,0,,,,
RUE,2010,1,27,15,-6,,,,,,,,951,,1,,55,2.2,54.3,0,0,0,0,,,,
RUE,2010,1,27,16,-6.2,,,,,,,,950.7,,1.1,,6,0.1,6,0,0,0,0,,,,
RUE,2010,1,27,17,-6.4,,,,,,,,950.3,,1,,0,0,0,0,0,0,0,,,,
RUE,2010,1,27,18,-7,,,,,,,,949.4,,1,,0,0,0,0,0,0,0,,,,
RUE,2010,1,27,19,-7.4,,,,,,,,949,,1,,0,0,0,0,0,0,0,,,,
RUE,2010,1,27,20,-6.8,,,,,,,,948.2,,1,,0,0,0,0,0,0,0,,,,
RUE,2010,1,27,21,-6.3,,,,,,,,947.1,,0.6,,0,0,0,0,0,0,0,,,,
RUE,2010,1,27,22,-5.7,,,,,,,,945.7,,1.1,,0,0,0,0,0,0,0,,,,
RUE,2010,1,27,23,-5.6,,,,,,,,944.6,,0.9,,0,0,0,0,0,0,0,,,,
RUE,2010,1,28,0,-5.5,,,,,,,,944.1,,1.1,,0,0,0,0,0,0,0,,,,
RUE,2010,1,28,1,-5.3,,,,,,,,943.6,,1.5,,0,0,0,0,0,0,0,,,,
RUE,2010,1,28,2,-4.5,,,,,,,,942.5,,3.1,,0,0,0,0,0,0,0,,,,
RUE,2010,1,28,3,-4.1,,,,,,,,941.4,,2.9,,0,0,0,0,0,0,0,,,,
RUE,2010,1,28,4,-3.9,,,,,,,,940.6,,1.6,,0,0,0,0,0,0,0,,,,
RUE,2010,1,28,5,-3.3,,,,,,,,940,,1.8,,0,0,0,0,0,0,0,,,,
RUE,2010,1,28,6,-3.2,,,,,,,,939.7,,1.6,,0,0,0,0,0,0,0,,,,
RUE,2010,1,28,7,-3.6,,,,,,,,939.8,,0.8,,1,0,0,0,0,0,0,,,,
RUE,2010,1,28,8,-3.8,,,,,,,,939.8,,0.4,,17,0,0,0,0,0,0,,,,
RUE,2010,1,28,9,-3.3,,,,,,,,939.6,,1,,36,4.4,35.4,0,0,0,0,,,,
RUE,2010,1,28,10,-2.8,,,,,,,,939.7,,1.8,,94,10.2,91.3,0,0,0,0,,,,
RUE,2010,1,28,11,-2.4,,,,,,,,939,,2.9,,159,30.4,148.3,0,0,0,0,,,,
RUE,2010,1,28,12,-2.4,,,,,,,,938.4,,2.1,,85,2.8,83.9,0,0,0,0,,,,
RUE,2010,1,28,13,-2.1,,,,,,,,937.5,,1.8,,55,1.1,54.5,0,0,0,0,,,,
RUE,2010,1,28,14,-2.4,,,,,,,,937.6,,1,,22,0.2,21.9,0,0,0,0,,,,
RUE,2010,1,28,15,-2.5,,,,,,,,937.5,,1.1,,12,0.1,12,0,0,0,0,,,,
RUE,2010,1,28,16,-1.8,,,,,,,,937.4,,2.3,,4,0,4,0,0,0,0,,,,
RUE,2010,1,28,17,-1.5,,,,,,,,937,,2.6,,0,0,0,0,0,0,0,,,,
RUE,2010,1,28,18,-1.5,,,,,,,,936.6,,2,,0,0,0,0,0,0,0,,,,
RUE,2010,1,28,19,-1.8,,,,,,,,936.3,,1.8,,0,0,0,0,0,0,0,,,,
RUE,2010,1,28,20,-2.3,,,,,,,,935.8,,1.3,,0,0,0,0,0,0,0,,,,
RUE,2010,1,28,21,-2.3,,,,,,,,935.7,,0.7,,0,0,0,0,0,0,0,,,,
RUE,2010,1,28,22,-2.3,,,,,,,,935.2,,1.4,,0,0,0,0,0,0,0,,,,
RUE,2010,1,28,23,-2.1,,,,,,,,934.4,,1.1,,0,0,0,0,0,0,0,,,,
RUE,2010,1,29,0,-2.2,,,,,,,,933.6,,0.6,,0,0,0,0,0,0,0,,,,
RUE,2010,1,29,1,-2.3,,,,,,,,932.9,,0.8,,0,0,0,0,0,0,0,,,,
RUE,2010,1,29,2,-1.8,,,,,,,,932,,1.5,,0,0,0,0,0,0,0,,,,
RUE,2010,1,29,3,-2,,,,,,,,931.1,,2.5,,0,0,0,0,0,0,0,,,,
RUE,2010,1,29,4,-1.5,,,,,,,,930,,3.8,,0,0,0,0,0,0,0,,,,
RUE,2010,1,29,5,-1.3,,,,,,,,929,,3.5,,0,0,0,0,0,0,0,,,,
RUE,2010,1,29,6,-1.2,,,,,,,,928.2,,3.9,,0,0,0,0,0,0,0,,,,
RUE,2010,1,29,7,-1.9,,,,,,,,927.8,,2.4,,5,0,0,0,0,0,0,,,,
RUE,2010,1,29,8,-1.2,,,,,,,,927.1,,2.8,,46,0,0,0,0,0,0,,,,
RUE,2010,1,29,9,-0.8,,,,,,,,926.5,,2.9,,124,542.4,47.7,0,0,0,0,,,,
RUE,2010,1,29,10,-0.1,,,,,,,,925.5,,4.9,,135,55.8,120.2,0,0,0,0,,,,
RUE,2010,1,29,11,0.2,,,,,,,,924,,5.5,,160,29.7,149.4,0,0,0,0,,,,
RUE,2010,1,29,12,0.4,,,,,,,,922.4,,6.5,,170,20.4,161.7,0,0,0,0,,,,
RUE,2010,1,29,13,0.5,,,,,,,,921,,7.3,,127,6,124.5,0,0,0,0,,,,
RUE,2010,1,29,14,0.5,,,,,,,,919.6,,6.1,,90,3.6,88.6,0,0,0,0,,,,
RUE,2010,1,29,15,0.4,,,,,,,,918.4,,7,,33,0.7,32.8,0,0,0,0,,,,
RUE,2010,1,29,16,0.4,,,,,,,,917.5,,6.2,,3,0,3,0,0,0,0,,,,
RUE,2010,1,29,17,0.9,,,,,,,,916.9,,5.8,,0,0,0,0,0,0,0,,,,
RUE,2010,1,29,18,1.2,,,,,,,,916.5,,6.5,,0,0,0,0,0,0,0,,,,
RUE,2010,1,29,19,1.7,,,,,,,,916.5,,6.6,,0,0,0,0,0,0,0,,,,
RUE,2010,1,29,20,2.1,,,,,,,,916.2,,6.6,,0,0,0,0,0,0,0,,,,
RUE,2010,1,29,21,2.1,,,,,,,,916,,8.1,,0,0,0,0,0,0,0,,,,
RUE,2010,1,29,22,1.3,,,,,,,,916.4,,5.2,,0,0,0,0,0,0,0,,,,
RUE,2010,1,29,23,0.2,,,,,,,,917.1,,4.6,,0,0,0,0,0,0,0,,,,
RUE,2010,1,30,0,-0.4,,,,,,,,917.8,,4.3,,0,0,0,0,0,0,0,,,,
RUE,2010,1,30,1,-0.6,,,,,,,,918.8,,3.3,,0,0,0,0,0,0,0,,,,
RUE,2010,1,30,2,-0.7,,,,,,,,919.8,,4,,0,0,0,0,0,0,0,,,,
RUE,2010,1,30,3,-1,,,,,,,,920.4,,3.6,,0,0,0,0,0,0,0,,,,
RUE,2010,1,30,4,-1.5,,,,,,,,921.1,,3.2,,0,0,0,0,0,0,0,,,,
RUE,2010,1,30,5,-1.8,,,,,,,,921.7,,3,,0,0,0,0,0,0,0,,,,
RUE,2010,1,30,6,-2.5,,,,,,,,922.1,,4.4,,0,0,0,0,0,0,0,,,,
RUE,2010,1,30,7,-3.4,,,,,,,,922.9,,2.9,,9,0,0,0,0,0,0,,,,
RUE,2010,1,30,8,-3,,,,,,,,923.7,,4,,103,0,0,0,0,0,0,,,,
RUE,2010,1,30,9,-3.2,,,,,,,,924.5,,2.1,,89,136.9,69.3,0,0,0,0,,,,
RUE,2010,1,30,10,-2.6,,,,,,,,925,,2.9,,308,958.3,50.8,0,0,0,0,,,,
RUE,2010,1,30,11,-2.5,,,,,,,,925,,3.4,,356,751.9,85.5,0,0,0,0,,,,
RUE,2010,1,30,12,-1.7,,,,,,,,924.6,,3.9,,438,873.8,78.3,0,0,0,0,,,,
RUE,2010,1,30,13,-2.2,,,,,,,,924.3,,3.1,,257,131,201.9,0,0,0,0,,,,
RUE,2010,1,30,14,-2.4,,,,,,,,924.4,,2.6,,168,25.4,158.2,0,0,0,0,,,,
RUE,2010,1,30,15,-3.3,,,,,,,,924.9,,3,,43,1.2,42.6,0,0,0,0,,,,
RUE,2010,1,30,16,-3.9,,,,,,,,925.5,,2.7,,14,0.3,13.9,0,0,0,0,,,,
RUE,2010,1,30,17,-4.5,,,,,,,,926.3,,2.4,,0,0,0,0,0,0,0,,,,
RUE,2010,1,30,18,-4.6,,,,,,,,927,,2.5,,0,0,0,0,0,0,0,,,,
RUE,2010,1,30,19,-5.3,,,,,,,,927.7,,2.5,,0,0,0,0,0,0,0,,,,
RUE,2010,1,30,20,-5.4,,,,,,,,928,,1.8,,0,0,0,0,0,0,0,,,,
RUE,2010,1,30,21,-5.6,,,,,,,,928.4,,1.6,,0,0,0,0,0,0,0,,,,
RUE,2010,1,30,22,-5,,,,,,,,929,,2,,0,0,0,0,0,0,0,,,,
RUE,2010,1,30,23,-4.9,,,,,,,,929.4,,1.9,,0,0,0,0,0,0,0,,,,
RUE,2010,1,31,0,-4.9,,,,,,,,929.8,,2.2,,0,0,0,0,0,0,0,,,,
RUE,2010,1,31,1,-5.3,,,,,,,,930.4,,2.9,,0,0,0,0,0,0,0,,,,
RUE,2010,1,31,2,-6.1,,,,,,,,930.9,,2,,0,0,0,0,0,0,0,,,,
RUE,2010,1,31,3,-6.1,,,,,,,,931.5,,1.9,,0,0,0,0,0,0,0,,,,
RUE,2010,1,31,4,-6.3,,,,,,,,932,,1,,0,0,0,0,0,0,0,,,,
RUE,2010,1,31,5,-6.2,,,,,,,,932.3,,1.4,,0,0,0,0,0,0,0,,,,
RUE,2010,1,31,6,-6.8,,,,,,,,932.8,,1,,0,0,0,0,0,0,0,,,,
RUE,2010,1,31,7,-6.5,,,,,,,,933.4,,1.1,,8,0,0,0,0,0,0,,,,
RUE,2010,1,31,8,-6.2,,,,,,,,933.9,,1.5,,56,0,0,0,0,0,0,,,,
RUE,2010,1,31,9,-5.8,,,,,,,,934.2,,1.6,,107,268.8,67.3,0,0,0,0,,,,
RUE,2010,1,31,10,-5.4,,,,,,,,934.5,,2,,146,71.4,126.6,0,0,0,0,,,,
RUE,2010,1,31,11,-5.1,,,,,,,,934.8,,1.1,,115,6.5,112.6,0,0,0,0,,,,
RUE,2010,1,31,12,-4.9,,,,,,,,934.9,,1.5,,82,2.5,81,0,0,0,0,,,,
RUE,2010,1,31,13,-4.2,,,,,,,,934.9,,1.6,,108,4.1,106.2,0,0,0,0,,,,
RUE,2010,1,31,14,-4,,,,,,,,935.4,,1.4,,93,3.6,91.6,0,0,0,0,,,,
RUE,2010,1,31,15,-3.9,,,,,,,,935.9,,1,,51,1.7,50.5,0,0,0,0,,,,
RUE,2010,1,31,16,-4,,,,,,,,936.5,,0.5,,6,0.1,6,0,0,0,0,,,,
RUE,2010,1,31,17,-4.3,,,,,,,,937,,0.3,,0,0,0,0,0,0,0,,,,
RUE,2010,1,31,18,-4.3,,,,,,,,937.5,,0.6,,0,0,0,0,0,0,0,,,,
RUE,2010,1,31,19,-4.4,,,,,,,,938,,0.5,,0,0,0,0,0,0,0,,,,
RUE,2010,1,31,20,-4.4,,,,,,,,938.2,,0.6,,0,0,0,0,0,0,0,,,,
RUE,2010,1,31,21,-4.6,,,,,,,,938.5,,0.5,,0,0,0,0,0,0,0,,,,
RUE,2010,1,31,22,-4.6,,,,,,,,938.7,,1.2,,0,0,0,0,0,0,0,,,,
RUE,2010,1,31,23,-5.2,,,,,,,,938.8,,1.2,,0,0,0,0,0,0,0,,,,
RUE,2010,2,1,0,-5.3,,,,,,,,938.7,,1.2,,0,0,0,0,0,0,0,,,,
RUE,2010,2,1,1,-5.1,,,,,,,,938.9,,1.7,,0,0,0,0,0,0,0,,,,
RUE,2010,2,1,2,-5.3,,,,,,,,938.8,,1.3,,0,0,0,0,0,0,0,,,,
RUE,2010,2,1,3,-5.6,,,,,,,,938.9,,1,,0,0,0,0,0,0,0,,,,
RUE,2010,2,1,4,-5.4,,,,,,,,939.3,,1.4,,0,0,0,0,0,0,0,,,,
RUE,2010,2,1,5,-5.8,,,,,,,,939.6,,1,,0,0,0,0,0,0,0,,,,
RUE,2010,2,1,6,-6,,,,,,,,940,,2.4,,0,0,0,0,0,0,0,,,,
RUE,2010,2,1,7,-5.3,,,,,,,,940.5,,3.2,,32,0,0,0,0,0,0,,,,
RUE,2010,2,1,8,-4.9,,,,,,,,941,,3.1,,119,0,0,0,0,0,0,,,,
RUE,2010,2,1,9,-4.5,,,,,,,,941.3,,3,,206,1136.4,34,0,0,0,0,,,,
RUE,2010,2,1,10,-4.1,,,,,,,,941.3,,2.8,,279,789.4,61,0,0,0,0,,,,
RUE,2010,2,1,11,-3.4,,,,,,,,941,,3.1,,298,409.1,147.4,0,0,0,0,,,,
RUE,2010,2,1,12,-3.2,,,,,,,,940.6,,3.7,,225,70.8,195.2,0,0,0,0,,,,
RUE,2010,2,1,13,-3.3,,,,,,,,940.5,,3.9,,100,3.5,98.5,0,0,0,0,,,,
RUE,2010,2,1,14,-4.2,,,,,,,,941.2,,2.4,,42,0.7,41.7,0,0,0,0,,,,
RUE,2010,2,1,15,-4.3,,,,,,,,941.9,,1.3,,19,0.2,18.9,0,0,0,0,,,,
RUE,2010,2,1,16,-3.6,,,,,,,,942.8,,2.3,,2,0,2,0,0,0,0,,,,
RUE,2010,2,1,17,-3.2,,,,,,,,943.8,,2.6,,0,0,0,0,0,0,0,,,,
RUE,2010,2,1,18,-3.1,,,,,,,,944.4,,3.2,,0,0,0,0,0,0,0,,,,
RUE,2010,2,1,19,-3.2,,,,,,,,944.9,,3.2,,0,0,0,0,0,0,0,,,,
RUE,2010,2,1,20,-2.9,,,,,,,,945.3,,4,,0,0,0,0,0,0,0,,,,
RUE,2010,2,1,21,-2.8,,,,,,,,945.8,,3.3,,0,0,0,0,0,0,0,,,,
RUE,2010,2,1,22,-2.8,,,,,,,,945.9,,3.2,,0,0,0,0,0,0,0,,,,
RUE,2010,2,1,23,-2.8,,,,,,,,946.3,,2,,0,0,0,0,0,0,0,,,,
RUE,2010,2,2,0,-2.6,,,,,,,,946.7,,3.3,,0,0,0,0,0,0,0,,,,
RUE,2010,2,2,1,-2.7,,,,,,,,947.1,,3.3,,0,0,0,0,0,0,0,,,,
RUE,2010,2,2,2,-2.6,,,,,,,,947.3,,3.2,,0,0,0,0,0,0,0,,,,
RUE,2010,2,2,3,-2.5,,,,,,,,947.6,,3.9,,0,0,0,0,0,0,0,,,,
RUE,2010,2,2,4,-2.4,,,,,,,,947.6,,4.2,,0,0,0,0,0,0,0,,,,
RUE,2010,2,2,5,-2.3,,,,,,,,947.5,,5,,0,0,0,0,0,0,0,,,,
RUE,2010,2,2,6,-2,,,,,,,,947.4,,5.6,,0,0,0,0,0,0,0,,,,
RUE,2010,2,2,7,-1.7,,,,,,,,947.5,,4.6,,7,0,0,0,0,0,0,,,,
RUE,2010,2,2,8,-1.2,,,,,,,,947.4,,4,,116,0,0,0,0,0,0,,,,
RUE,2010,2,2,9,-0.5,,,,,,,,947.2,,4.7,,132,485.5,56.7,0,0,0,0,,,,
RUE,2010,2,2,10,-0.1,,,,,,,,947,,4,,224,391.1,114.4,0,0,0,0,,,,
RUE,2010,2,2,11,0.6,,,,,,,,946.4,,4.8,,250,197.7,176.4,0,0,0,0,,,,
RUE,2010,2,2,12,0.4,,,,,,,,945.8,,6,,235,83,199.7,0,0,0,0,,,,
RUE,2010,2,2,13,0.4,,,,,,,,945,,6.8,,191,26.8,179.4,0,0,0,0,,,,
RUE,2010,2,2,14,0.6,,,,,,,,944.6,,5.7,,92,3.4,90.6,0,0,0,0,,,,
RUE,2010,2,2,15,0.3,,,,,,,,944.1,,7.4,,57,2,56.4,0,0,0,0,,,,
RUE,2010,2,2,16,0.3,,,,,,,,943.7,,6.1,,12,0.2,12,0,0,0,0,,,,
RUE,2010,2,2,17,0.9,,,,,,,,943.4,,7.5,,0,0,0,0,0,0,0,,,,
RUE,2010,2,2,18,1.5,,,,,,,,943.1,,8.1,,0,0,0,0,0,0,0,,,,
RUE,2010,2,2,19,1.6,,,,,,,,942.3,,10,,0,0,0,0,0,0,0,,,,
RUE,2010,2,2,20,1.1,,,,,,,,941.8,,10,,0,0,0,0,0,0,0,,,,
RUE,2010,2,2,21,0.8,,,,,,,,941.7,,8.5,,0,0,0,0,0,0,0,,,,
RUE,2010,2,2,22,0.9,,,,,,,,941.1,,8.2,,0,0,0,0,0,0,0,,,,
RUE,2010,2,2,23,1.5,,,,,,,,940.9,,8.9,,0,0,0,0,0,0,0,,,,
RUE,2010,2,3,0,1.5,,,,,,,,940.7,,8.7,,0,0,0,0,0,0,0,,,,
RUE,2010,2,3,1,1.7,,,,,,,,940.6,,8.7,,0,0,0,0,0,0,0,,,,
RUE,2010,2,3,2,1.7,,,,,,,,940.4,,7.5,,0,0,0,0,0,0,0,,,,
RUE,2010,2,3,3,2.1,,,,,,,,939.8,,7.4,,0,0,0,0,0,0,0,,,,
RUE,2010,2,3,4,2.4,,,,,,,,939.8,,7.9,,0,0,0,0,0,0,0,,,,
RUE,2010,2,3,5,2.2,,,,,,,,940.1,,7.2,,0,0,0,0,0,0,0,,,,
RUE,2010,2,3,6,2,,,,,,,,940.4,,5.6,,0,0,0,0,0,0,0,,,,
RUE,2010,2,3,7,2.2,,,,,,,,940.6,,6.2,,2,0,0,0,0,0,0,,,,
RUE,2010,2,3,8,2.4,,,,,,,,940.8,,5.7,,15,0,0,0,0,0,0,,,,
RUE,2010,2,3,9,3.2,,,,,,,,941.7,,5.1,,24,1.5,23.8,0,0,0,0,,,,
RUE,2010,2,3,10,3.8,,,,,,,,942.4,,5.5,,91,6.8,89.1,0,0,0,0,,,,
RUE,2010,2,3,11,4.5,,,,,,,,942.9,,4.8,,172,32.3,159.8,0,0,0,0,,,,
RUE,2010,2,3,12,5.5,,,,,,,,942.9,,6.2,,311,269.9,195.2,0,0,0,0,,,,
RUE,2010,2,3,13,5.6,,,,,,,,942.5,,6.8,,178,17.9,170.2,0,0,0,0,,,,
RUE,2010,2,3,14,5.4,,,,,,,,943,,6.6,,211,63.2,185.5,0,0,0,0,,,,
RUE,2010,2,3,15,5,,,,,,,,943.6,,4.3,,100,6,98,0,0,0,0,,,,
RUE,2010,2,3,16,4.4,,,,,,,,944.1,,4,,12,0.2,12,0,0,0,0,,,,
RUE,2010,2,3,17,4,,,,,,,,944.5,,4.6,,0,0,0,0,0,0,0,,,,
RUE,2010,2,3,18,3.7,,,,,,,,945,,4.2,,0,0,0,0,0,0,0,,,,
RUE,2010,2,3,19,3.5,,,,,,,,945.1,,3.3,,0,0,0,0,0,0,0,,,,
RUE,2010,2,3,20,3.1,,,,,,,,944.9,,2,,0,0,0,0,0,0,0,,,,
RUE,2010,2,3,21,3.5,,,,,,,,945.1,,0.4,,0,0,0,0,0,0,0,,,,
RUE,2010,2,3,22,3.7,,,,,,,,944.9,,0.8,,0,0,0,0,0,0,0,,,,
RUE,2010,2,3,23,3.1,,,,,,,,944.7,,0.5,,0,0,0,0,0,0,0,,,,
RUE,2010,2,4,0,2.8,,,,,,,,944.4,,0.9,,0,0,0,0,0,0,0,,,,
RUE,2010,2,4,1,2.9,,,,,,,,944,,1.2,,0,0,0,0,0,0,0,,,,
RUE,2010,2,4,2,1.9,,,,,,,,943.9,,1.2,,0,0,0,0,0,0,0,,,,
RUE,2010,2,4,3,1.3,,,,,,,,943.7,,1.2,,0,0,0,0,0,0,0,,,,
RUE,2010,2,4,4,1.4,,,,,,,,943.5,,1.4,,0,0,0,0,0,0,0,,,,
RUE,2010,2,4,5,1.6,,,,,,,,943.2,,2.2,,0,0,0,0,0,0,0,,,,
RUE,2010,2,4,6,1,,,,,,,,942.8,,1.5,,0,0,0,0,0,0,0,,,,
RUE,2010,2,4,7,0.9,,,,,,,,942.8,,1.4,,25,0,0,0,0,0,0,,,,
RUE,2010,2,4,8,2,,,,,,,,942.6,,1,,135,0,0,0,0,0,0,,,,
RUE,2010,2,4,9,2.9,,,,,,,,942.4,,2.2,,239,1225,39.4,0,0,0,0,,,,
RUE,2010,2,4,10,3.9,,,,,,,,942.3,,3.1,,311,892.7,53.4,0,0,0,0,,,,
RUE,2010,2,4,11,5.1,,,,,,,,942,,2.2,,373,733.8,93.4,0,0,0,0,,,,
RUE,2010,2,4,12,5.4,,,,,,,,941.3,,2.3,,452,842.4,86.6,0,0,0,0,,,,
RUE,2010,2,4,13,5,,,,,,,,940.7,,3.5,,356,398.7,179.3,0,0,0,0,,,,
RUE,2010,2,4,14,5.2,,,,,,,,940.5,,3.4,,301,288.8,183,0,0,0,0,,,,
RUE,2010,2,4,15,5.1,,,,,,,,940.1,,2.8,,139,20.9,132.1,0,0,0,0,,,,
RUE,2010,2,4,16,3.6,,,,,,,,940,,4.3,,27,1,26.8,0,0,0,0,,,,
RUE,2010,2,4,17,2.8,,,,,,,,940.1,,5.1,,0,0,0,0,0,0,0,,,,
RUE,2010,2,4,18,2.4,,,,,,,,939.9,,3.1,,0,0,0,0,0,0,0,,,,
RUE,2010,2,4,19,2.5,,,,,,,,939.5,,4.1,,0,0,0,0,0,0,0,,,,
RUE,2010,2,4,20,2.5,,,,,,,,939.2,,3.7,,0,0,0,0,0,0,0,,,,
RUE,2010,2,4,21,2.5,,,,,,,,938.9,,2.8,,0,0,0,0,0,0,0,,,,
RUE,2010,2,4,22,1.7,,,,,,,,938.6,,1.4,,0,0,0,0,0,0,0,,,,
RUE,2010,2,4,23,2.1,,,,,,,,938.4,,0.9,,0,0,0,0,0,0,0,,,,
RUE,2010,2,5,0,1.3,,,,,,,,938.1,,1.9,,0,0,0,0,0,0,0,,,,
RUE,2010,2,5,1,1,,,,,,,,937.8,,1.8,,0,0,0,0,0,0,0,,,,
RUE,2010,2,5,2,1,,,,,,,,937.5,,1.2,,0,0,0,0,0,0,0,,,,
RUE,2010,2,5,3,2.3,,,,,,,,937.1,,1.4,,0,0,0,0,0,0,0,,,,
RUE,2010,2,5,4,4.4,,,,,,,,937,,3,,0,0,0,0,0,0,0,,,,
RUE,2010,2,5,5,4.1,,,,,,,,936.5,,1.3,,0,0,0,0,0,0,0,,,,
RUE,2010,2,5,6,3.5,,,,,,,,936.1,,0.7,,0,0,0,0,0,0,0,,,,
RUE,2010,2,5,7,2.6,,,,,,,,936.1,,2.7,,2,0,0,0,0,0,0,,,,
RUE,2010,2,5,8,1.3,,,,,,,,936,,1.7,,11,0,0,0,0,0,0,,,,
RUE,2010,2,5,9,1.3,,,,,,,,936.3,,1,,33,2.5,32.6,0,0,0,0,,,,
RUE,2010,2,5,10,2.3,,,,,,,,936.5,,1.3,,50,1.9,49.5,0,0,0,0,,,,
RUE,2010,2,5,11,2.7,,,,,,,,936.3,,1.9,,66,1.9,65.3,0,0,0,0,,,,
RUE,2010,2,5,12,3.3,,,,,,,,936.1,,2.9,,66,1.5,65.4,0,0,0,0,,,,
RUE,2010,2,5,13,3.2,,,,,,,,935.9,,2.1,,62,1.2,61.5,0,0,0,0,,,,
RUE,2010,2,5,14,2.6,,,,,,,,936.1,,1.3,,55,1.1,54.5,0,0,0,0,,,,
RUE,2010,2,5,15,1.9,,,,,,,,936.6,,1.4,,21,0.2,20.9,0,0,0,0,,,,
RUE,2010,2,5,16,2.3,,,,,,,,937.2,,1.2,,3,0,3,0,0,0,0,,,,
RUE,2010,2,5,17,2.3,,,,,,,,938,,2.5,,0,0,0,0,0,0,0,,,,
RUE,2010,2,5,18,2.4,,,,,,,,938.6,,3,,0,0,0,0,0,0,0,,,,
RUE,2010,2,5,19,2.8,,,,,,,,939,,2.6,,0,0,0,0,0,0,0,,,,
RUE,2010,2,5,20,3.1,,,,,,,,939.6,,2.7,,0,0,0,0,0,0,0,,,,
RUE,2010,2,5,21,3.1,,,,,,,,940,,2.1,,0,0,0,0,0,0,0,,,,
RUE,2010,2,5,22,3.1,,,,,,,,940.2,,2.6,,0,0,0,0,0,0,0,,,,
RUE,2010,2,5,23,2.9,,,,,,,,940.4,,2.8,,0,0,0,0,0,0,0,,,,
RUE,2010,2,6,0,2.9,,,,,,,,940.6,,1.6,,0,0,0,0,0,0,0,,,,
RUE,2010,2,6,1,2.8,,,,,,,,940.5,,0.8,,0,0,0,0,0,0,0,,,,
RUE,2010,2,6,2,2.3,,,,,,,,940.5,,0.5,,0,0,0,0,0,0,0,,,,
RUE,2010,2,6,3,1.8,,,,,,,,940.2,,1.5,,0,0,0,0,0,0,0,,,,
RUE,2010,2,6,4,1.1,,,,,,,,939.5,,1.4,,0,0,0,0,0,0,0,,,,
RUE,2010,2,6,5,1,,,,,,,,938.9,,2.1,,0,0,0,0,0,0,0,,,,
RUE,2010,2,6,6,0.8,,,,,,,,938.4,,3.2,,0,0,0,0,0,0,0,,,,
RUE,2010,2,6,7,0.7,,,,,,,,938,,3.8,,24,0,0,0,0,0,0,,,,
RUE,2010,2,6,8,1.4,,,,,,,,937.9,,0.9,,125,0,0,0,0,0,0,,,,
RUE,2010,2,6,9,2.2,,,,,,,,938.1,,0.9,,219,1068.9,36.1,0,0,0,0,,,,
RUE,2010,2,6,10,2,,,,,,,,938.5,,2.1,,257,513.3,104.5,0,0,0,0,,,,
RUE,2010,2,6,11,2.6,,,,,,,,938.7,,2.5,,343,541.4,131.8,0,0,0,0,,,,
RUE,2010,2,6,12,3.4,,,,,,,,938.6,,2.2,,417,662.2,123.5,0,0,0,0,,,,
RUE,2010,2,6,13,3.8,,,,,,,,938.8,,1.8,,306,204.1,213.6,0,0,0,0,,,,
RUE,2010,2,6,14,3.4,,,,,,,,939,,1.8,,213,56.1,189.6,0,0,0,0,,,,
RUE,2010,2,6,15,2.3,,,,,,,,939.4,,2,,105,6.1,102.9,0,0,0,0,,,,
RUE,2010,2,6,16,0.9,,,,,,,,940,,2.9,,34,1.4,33.7,0,0,0,0,,,,
RUE,2010,2,6,17,0.4,,,,,,,,940.4,,2.6,,0,0,0,0,0,0,0,,,,
RUE,2010,2,6,18,0.3,,,,,,,,941,,2.3,,0,0,0,0,0,0,0,,,,
RUE,2010,2,6,19,0.4,,,,,,,,941.5,,2.2,,0,0,0,0,0,0,0,,,,
RUE,2010,2,6,20,0.3,,,,,,,,941.9,,1.3,,0,0,0,0,0,0,0,,,,
RUE,2010,2,6,21,0.3,,,,,,,,942.4,,0.8,,0,0,0,0,0,0,0,,,,
RUE,2010,2,6,22,0.3,,,,,,,,943,,0.5,,0,0,0,0,0,0,0,,,,
RUE,2010,2,6,23,0.2,,,,,,,,943.4,,0.3,,0,0,0,0,0,0,0,,,,
RUE,2010,2,7,0,-0.5,,,,,,,,943.6,,0.7,,0,0,0,0,0,0,0,,,,
RUE,2010,2,7,1,-0.5,,,,,,,,943.8,,0.8,,0,0,0,0,0,0,0,,,,
RUE,2010,2,7,2,-0.5,,,,,,,,944,,0.8,,0,0,0,0,0,0,0,,,,
RUE,2010,2,7,3,-0.1,,,,,,,,944,,1.1,,0,0,0,0,0,0,0,,,,
RUE,2010,2,7,4,0,,,,,,,,944.1,,1.1,,0,0,0,0,0,0,0,,,,
RUE,2010,2,7,5,0.2,,,,,,,,944.1,,1.1,,0,0,0,0,0,0,0,,,,
RUE,2010,2,7,6,0.5,,,,,,,,944.4,,1.6,,0,0,0,0,0,0,0,,,,
RUE,2010,2,7,7,0.1,,,,,,,,944.8,,0.8,,4,0,0,0,0,0,0,,,,
RUE,2010,2,7,8,0,,,,,,,,944.9,,1.1,,33,0,0,0,0,0,0,,,,
RUE,2010,2,7,9,0,,,,,,,,945.1,,0.6,,41,3.5,40.4,0,0,0,0,,,,
RUE,2010,2,7,10,0.1,,,,,,,,945.3,,0.4,,63,2.8,62.2,0,0,0,0,,,,
RUE,2010,2,7,11,0.3,,,,,,,,945.1,,0.9,,75,2.3,74.1,0,0,0,0,,,,
RUE,2010,2,7,12,0.5,,,,,,,,944.9,,0.6,,70,1.6,69.3,0,0,0,0,,,,
RUE,2010,2,7,13,0.7,,,,,,,,944.6,,0.7,,53,0.9,52.6,0,0,0,0,,,,
RUE,2010,2,7,14,1.1,,,,,,,,944.2,,1.1,,29,0.3,28.9,0,0,0,0,,,,
RUE,2010,2,7,15,1.2,,,,,,,,943.9,,2.5,,15,0.1,15,0,0,0,0,,,,
RUE,2010,2,7,16,1.1,,,,,,,,943.7,,1.5,,4,0,4,0,0,0,0,,,,
RUE,2010,2,7,17,0.9,,,,,,,,943.5,,1.9,,0,0,0,0,0,0,0,,,,
RUE,2010,2,7,18,0.8,,,,,,,,943.4,,1.8,,0,0,0,0,0,0,0,,,,
RUE,2010,2,7,19,0.7,,,,,,,,943.1,,1.8,,0,0,0,0,0,0,0,,,,
RUE,2010,2,7,20,0.6,,,,,,,,942.6,,4.1,,0,0,0,0,0,0,0,,,,
RUE,2010,2,7,21,0.1,,,,,,,,942.1,,3.1,,0,0,0,0,0,0,0,,,,
RUE,2010,2,7,22,-0.7,,,,,,,,941.4,,2.8,,0,0,0,0,0,0,0,,,,
RUE,2010,2,7,23,-1.1,,,,,,,,941,,2.6,,0,0,0,0,0,0,0,,,,
RUE,2010,2,8,0,-1,,,,,,,,940.4,,2.5,,0,0,0,0,0,0,0,,,,
RUE,2010,2,8,1,-1,,,,,,,,939.9,,3.6,,0,0,0,0,0,0,0,,,,
RUE,2010,2,8,2,-1.3,,,,,,,,939.5,,3.4,,0,0,0,0,0,0,0,,,,
RUE,2010,2,8,3,-1.3,,,,,,,,938.9,,2.7,,0,0,0,0,0,0,0,,,,
RUE,2010,2,8,4,-1.6,,,,,,,,938.3,,3,,0,0,0,0,0,0,0,,,,
RUE,2010,2,8,5,-1.7,,,,,,,,937.7,,3.6,,0,0,0,0,0,0,0,,,,
RUE,2010,2,8,6,-1.9,,,,,,,,936.8,,4,,0,0,0,0,0,0,0,,,,
RUE,2010,2,8,7,-2,,,,,,,,936.1,,4,,10,0,0,0,0,0,0,,,,
RUE,2010,2,8,8,-2,,,,,,,,935.8,,3.4,,56,0,0,0,0,0,0,,,,
RUE,2010,2,8,9,-2,,,,,,,,935.6,,3,,76,22.1,72,0,0,0,0,,,,
RUE,2010,2,8,10,-1.9,,,,,,,,935.1,,3.7,,142,35.1,131.3,0,0,0,0,,,,
RUE,2010,2,8,11,-1.9,,,,,,,,934.5,,3.5,,156,14.9,150,0,0,0,0,,,,
RUE,2010,2,8,12,-1.9,,,,,,,,933.9,,3.1,,135,5.7,132.4,0,0,0,0,,,,
RUE,2010,2,8,13,-2,,,,,,,,933.4,,3.3,,132,5.2,129.6,0,0,0,0,,,,
RUE,2010,2,8,14,-1.8,,,,,,,,932.9,,3.1,,113,4.5,111.1,0,0,0,0,,,,
RUE,2010,2,8,15,-1.8,,,,,,,,932.4,,2.9,,89,4.1,87.6,0,0,0,0,,,,
RUE,2010,2,8,16,-2.2,,,,,,,,932.2,,3.3,,28,0.9,27.8,0,0,0,0,,,,
RUE,2010,2,8,17,-2.6,,,,,,,,931.9,,3,,0,0,0,0,0,0,0,,,,
RUE,2010,2,8,18,-2.8,,,,,,,,931.7,,2.9,,0,0,0,0,0,0,0,,,,
RUE,2010,2,8,19,-2.8,,,,,,,,931.4,,2.4,,0,0,0,0,0,0,0,,,,
RUE,2010,2,8,20,-2.6,,,,,,,,931.4,,2.2,,0,0,0,0,0,0,0,,,,
RUE,2010,2,8,21,-2.6,,,,,,,,931.1,,2.8,,0,0,0,0,0,0,0,,,,
RUE,2010,2,8,22,-2.8,,,,,,,,930.9,,2.8,,0,0,0,0,0,0,0,,,,
RUE,2010,2,8,23,-2.7,,,,,,,,930.9,,3.4,,0,0,0,0,0,0,0,,,,
RUE,2010,2,9,0,-2.8,,,,,,,,930.5,,4.1,,0,0,0,0,0,0,0,,,,
RUE,2010,2,9,1,-2.9,,,,,,,,930.4,,4.6,,0,0,0,0,0,0,0,,,,
RUE,2010,2,9,2,-2.9,,,,,,,,930.1,,3.2,,0,0,0,0,0,0,0,,,,
RUE,2010,2,9,3,-2.9,,,,,,,,929.9,,3.7,,0,0,0,0,0,0,0,,,,
RUE,2010,2,9,4,-3,,,,,,,,929.7,,3.2,,0,0,0,0,0,0,0,,,,
RUE,2010,2,9,5,-3,,,,,,,,929.4,,2.8,,0,0,0,0,0,0,0,,,,
RUE,2010,2,9,6,-3,,,,,,,,929.2,,3.4,,0,0,0,0,0,0,0,,,,
RUE,2010,2,9,7,-3.2,,,,,,,,929.2,,3.5,,13,0,0,0,0,0,0,,,,
RUE,2010,2,9,8,-3,,,,,,,,928.8,,3.2,,113,0,0,0,0,0,0,,,,
RUE,2010,2,9,9,-2.6,,,,,,,,928.9,,2.2,,196,877.2,34.6,0,0,0,0,,,,
RUE,2010,2,9,10,-2.2,,,,,,,,929.5,,1.5,,292,660.3,86.7,0,0,0,0,,,,
RUE,2010,2,9,11,-1.6,,,,,,,,929,,2,,236,107.5,192.5,0,0,0,0,,,,
RUE,2010,2,9,12,-1.3,,,,,,,,928.8,,0.9,,227,49.3,204.5,0,0,0,0,,,,
RUE,2010,2,9,13,-0.7,,,,,,,,928.5,,0.8,,218,36.2,201.1,0,0,0,0,,,,
RUE,2010,2,9,14,-0.6,,,,,,,,928.4,,0.9,,177,18.7,168.9,0,0,0,0,,,,
RUE,2010,2,9,15,-0.7,,,,,,,,928.4,,1,,79,3.2,77.9,0,0,0,0,,,,
RUE,2010,2,9,16,-0.9,,,,,,,,928.5,,1.1,,17,0.3,16.9,0,0,0,0,,,,
RUE,2010,2,9,17,-1.4,,,,,,,,928.8,,1.6,,0,0,0,0,0,0,0,,,,
RUE,2010,2,9,18,-1.6,,,,,,,,929.1,,1.7,,0,0,0,0,0,0,0,,,,
RUE,2010,2,9,19,-1.9,,,,,,,,929.3,,2,,0,0,0,0,0,0,0,,,,
RUE,2010,2,9,20,-2.2,,,,,,,,929.7,,2.3,,0,0,0,0,0,0,0,,,,
RUE,2010,2,9,21,-2.9,,,,,,,,930.1,,2.5,,0,0,0,0,0,0,0,,,,
RUE,2010,2,9,22,-3.2,,,,,,,,930.4,,2.3,,0,0,0,0,0,0,0,,,,
RUE,2010,2,9,23,-3.3,,,,,,,,930.5,,1.8,,0,0,0,0,0,0,0,,,,
RUE,2010,2,10,0,-3.5,,,,,,,,930.7,,2.5,,0,0,0,0,0,0,0,,,,
RUE,2010,2,10,1,-3.9,,,,,,,,930.7,,2.7,,0,0,0,0,0,0,0,,,,
RUE,2010,2,10,2,-4.4,,,,,,,,930.8,,2.7,,0,0,0,0,0,0,0,,,,
RUE,2010,2,10,3,-4.9,,,,,,,,930.7,,2.9,,0,0,0,0,0,0,0,,,,
RUE,2010,2,10,4,-5.3,,,,,,,,930.9,,3.2,,0,0,0,0,0,0,0,,,,
RUE,2010,2,10,5,-5.6,,,,,,,,931.3,,3.2,,0,0,0,0,0,0,0,,,,
RUE,2010,2,10,6,-6,,,,,,,,931.5,,2.9,,0,0,0,0,0,0,0,,,,
RUE,2010,2,10,7,-6.7,,,,,,,,932.1,,2.9,,8,0,0,0,0,0,0,,,,
RUE,2010,2,10,8,-7.1,,,,,,,,932.6,,2.7,,42,0,0,0,0,0,0,,,,
RUE,2010,2,10,9,-7.2,,,,,,,,932.9,,2.2,,76,17.5,72.7,0,0,0,0,,,,
RUE,2010,2,10,10,-7.1,,,,,,,,933.1,,2.5,,104,7.4,101.7,0,0,0,0,,,,
RUE,2010,2,10,11,-6.7,,,,,,,,933.1,,2.5,,146,10,141.9,0,0,0,0,,,,
RUE,2010,2,10,12,-7,,,,,,,,932.8,,2.8,,142,6,139.2,0,0,0,0,,,,
RUE,2010,2,10,13,-7.2,,,,,,,,932.7,,3.1,,134,5.2,131.6,0,0,0,0,,,,
RUE,2010,2,10,14,-7.2,,,,,,,,932.7,,3.6,,167,13.4,161.1,0,0,0,0,,,,
RUE,2010,2,10,15,-7.4,,,,,,,,932.9,,3,,102,5.1,100.1,0,0,0,0,,,,
RUE,2010,2,10,16,-7.6,,,,,,,,933.1,,2.8,,39,1.6,38.6,0,0,0,0,,,,
RUE,2010,2,10,17,-8,,,,,,,,933.4,,2.2,,0,0,0,0,0,0,0,,,,
RUE,2010,2,10,18,-8.1,,,,,,,,933.8,,1.8,,0,0,0,0,0,0,0,,,,
RUE,2010,2,10,19,-8.2,,,,,,,,933.7,,1.8,,0,0,0,0,0,0,0,,,,
RUE,2010,2,10,20,-8.4,,,,,,,,933.5,,1.7,,0,0,0,0,0,0,0,,,,
RUE,2010,2,10,21,-8.6,,,,,,,,933.2,,1.1,,0,0,0,0,0,0,0,,,,
RUE,2010,2,10,22,-8.9,,,,,,,,932.8,,0.5,,0,0,0,0,0,0,0,,,,
RUE,2010,2,10,23,-8.9,,,,,,,,932.3,,0.7,,0,0,0,0,0,0,0,,,,
RUE,2010,2,11,0,-9.1,,,,,,,,932,,0.8,,0,0,0,0,0,0,0,,,,
RUE,2010,2,11,1,-9.3,,,,,,,,931.6,,0.9,,0,0,0,0,0,0,0,,,,
RUE,2010,2,11,2,-9.4,,,,,,,,931.4,,0.7,,0,0,0,0,0,0,0,,,,
RUE,2010,2,11,3,-9.4,,,,,,,,931.2,,0.8,,0,0,0,0,0,0,0,,,,
RUE,2010,2,11,4,-9.3,,,,,,,,930.8,,1.2,,0,0,0,0,0,0,0,,,,
RUE,2010,2,11,5,-9.4,,,,,,,,930.5,,1.1,,0,0,0,0,0,0,0,,,,
RUE,2010,2,11,6,-9.5,,,,,,,,930.3,,0.8,,0,0,0,0,0,0,0,,,,
RUE,2010,2,11,7,-9.5,,,,,,,,930.5,,1.2,,17,0,0,0,0,0,0,,,,
RUE,2010,2,11,8,-9.3,,,,,,,,930.6,,1.1,,55,0,0,0,0,0,0,,,,
RUE,2010,2,11,9,-8.9,,,,,,,,930.6,,1.6,,114,113.7,92.1,0,0,0,0,,,,
RUE,2010,2,11,10,-7.8,,,,,,,,930.7,,2,,204,159.2,153,0,0,0,0,,,,
RUE,2010,2,11,11,-7.3,,,,,,,,930.3,,2.9,,229,83.8,194.3,0,0,0,0,,,,
RUE,2010,2,11,12,-7.2,,,,,,,,930.1,,1.7,,218,36.2,201.1,0,0,0,0,,,,
RUE,2010,2,11,13,-6.9,,,,,,,,930.1,,1.3,,175,11.2,169.7,0,0,0,0,,,,
RUE,2010,2,11,14,-6.9,,,,,,,,930.2,,1.8,,131,5.6,128.5,0,0,0,0,,,,
RUE,2010,2,11,15,-7.1,,,,,,,,930.6,,2.2,,65,2,64.3,0,0,0,0,,,,
RUE,2010,2,11,16,-7.2,,,,,,,,931,,1.3,,20,0.4,19.9,0,0,0,0,,,,
RUE,2010,2,11,17,-7.5,,,,,,,,931.5,,0.9,,0,0,0,0,0,0,0,,,,
RUE,2010,2,11,18,-7.6,,,,,,,,931.9,,0.8,,0,0,0,0,0,0,0,,,,
RUE,2010,2,11,19,-7.5,,,,,,,,932.3,,0.4,,0,0,0,0,0,0,0,,,,
RUE,2010,2,11,20,-7.3,,,,,,,,932.6,,0.3,,0,0,0,0,0,0,0,,,,
RUE,2010,2,11,21,-7.1,,,,,,,,933,,0.8,,0,0,0,0,0,0,0,,,,
RUE,2010,2,11,22,-7.1,,,,,,,,933.1,,0.9,,0,0,0,0,0,0,0,,,,
RUE,2010,2,11,23,-7,,,,,,,,933.5,,0.9,,0,0,0,0,0,0,0,,,,
RUE,2010,2,12,0,-7,,,,,,,,933.7,,1.1,,0,0,0,0,0,0,0,,,,
RUE,2010,2,12,1,-7,,,,,,,,934,,1,,0,0,0,0,0,0,0,,,,
RUE,2010,2,12,2,-7,,,,,,,,934.4,,0.9,,0,0,0,0,0,0,0,,,,
RUE,2010,2,12,3,-6.9,,,,,,,,934.8,,0.8,,0,0,0,0,0,0,0,,,,
RUE,2010,2,12,4,-7.2,,,,,,,,935.2,,0.7,,0,0,0,0,0,0,0,,,,
RUE,2010,2,12,5,-7.1,,,,,,,,935.6,,0.5,,0,0,0,0,0,0,0,,,,
RUE,2010,2,12,6,-7.1,,,,,,,,936.1,,0.7,,0,0,0,0,0,0,0,,,,
RUE,2010,2,12,7,-7.3,,,,,,,,936.9,,0.7,,23,0,0,0,0,0,0,,,,
RUE,2010,2,12,8,-6.9,,,,,,,,937.3,,0.4,,106,0,0,0,0,0,0,,,,
RUE,2010,2,12,9,-6.2,,,,,,,,937.8,,1.1,,188,684.3,52.7,0,0,0,0,,,,
RUE,2010,2,12,10,-5.8,,,,,,,,938.2,,1.8,,254,362.9,136,0,0,0,0,,,,
RUE,2010,2,12,11,-5.3,,,,,,,,938.3,,1.6,,403,704.7,107.7,0,0,0,0,,,,
RUE,2010,2,12,12,-5.5,,,,,,,,938.3,,1,,148,6.4,145,0,0,0,0,,,,
RUE,2010,2,12,13,-5.6,,,,,,,,938.5,,0.5,,156,7,152.6,0,0,0,0,,,,
RUE,2010,2,12,14,-5.4,,,,,,,,938.8,,0.7,,158,9.6,153.7,0,0,0,0,,,,
RUE,2010,2,12,15,-5.4,,,,,,,,939.3,,1.1,,76,2.7,75,0,0,0,0,,,,
RUE,2010,2,12,16,-5.7,,,,,,,,939.8,,0.9,,41,1.6,40.6,0,0,0,0,,,,
RUE,2010,2,12,17,-6.2,,,,,,,,940.2,,0.5,,1,0,1,0,0,0,0,,,,
RUE,2010,2,12,18,-6.3,,,,,,,,940.5,,0.6,,0,0,0,0,0,0,0,,,,
RUE,2010,2,12,19,-6.4,,,,,,,,940.6,,0.7,,0,0,0,0,0,0,0,,,,
RUE,2010,2,12,20,-6.8,,,,,,,,940.7,,0.3,,0,0,0,0,0,0,0,,,,
RUE,2010,2,12,21,-6.9,,,,,,,,940.8,,0.4,,0,0,0,0,0,0,0,,,,
RUE,2010,2,12,22,-7.1,,,,,,,,940.7,,0.4,,0,0,0,0,0,0,0,,,,
RUE,2010,2,12,23,-7.3,,,,,,,,940.6,,0.5,,0,0,0,0,0,0,0,,,,
RUE,2010,2,13,0,-7.9,,,,,,,,940.5,,1.2,,0,0,0,0,0,0,0,,,,
RUE,2010,2,13,1,-8,,,,,,,,940.4,,1.3,,0,0,0,0,0,0,0,,,,
RUE,2010,2,13,2,-8.8,,,,,,,,940.2,,1,,0,0,0,0,0,0,0,,,,
RUE,2010,2,13,3,-8.4,,,,,,,,939.9,,0.9,,0,0,0,0,0,0,0,,,,
RUE,2010,2,13,4,-7.8,,,,,,,,939.9,,1,,0,0,0,0,0,0,0,,,,
RUE,2010,2,13,5,-7.8,,,,,,,,939.9,,0.9,,0,0,0,0,0,0,0,,,,
RUE,2010,2,13,6,-7.7,,,,,,,,939.9,,0.4,,0,0,0,0,0,0,0,,,,
RUE,2010,2,13,7,-7.7,,,,,,,,940.1,,0.4,,14,0,0,0,0,0,0,,,,
RUE,2010,2,13,8,-7.4,,,,,,,,940.2,,0.2,,72,0,0,0,0,0,0,,,,
RUE,2010,2,13,9,-6.7,,,,,,,,940.3,,0.2,,158,362.5,84.6,0,0,0,0,,,,
RUE,2010,2,13,10,-5.9,,,,,,,,940.1,,0.5,,217,183,156.6,0,0,0,0,,,,
RUE,2010,2,13,11,-5.3,,,,,,,,939.9,,1.5,,179,22,169.7,0,0,0,0,,,,
RUE,2010,2,13,12,-4.9,,,,,,,,939.6,,1.5,,213,29,199.1,0,0,0,0,,,,
RUE,2010,2,13,13,-4.5,,,,,,,,939.2,,1.2,,203,20.6,193,0,0,0,0,,,,
RUE,2010,2,13,14,-4.5,,,,,,,,939.1,,1.2,,124,4.8,121.8,0,0,0,0,,,,
RUE,2010,2,13,15,-4.8,,,,,,,,939.2,,1.6,,74,2.5,73.1,0,0,0,0,,,,
RUE,2010,2,13,16,-5,,,,,,,,939.3,,1.6,,22,0.5,21.9,0,0,0,0,,,,
RUE,2010,2,13,17,-5.2,,,,,,,,939.5,,0.9,,0,0,0,0,0,0,0,,,,
RUE,2010,2,13,18,-5.2,,,,,,,,939.7,,0.7,,0,0,0,0,0,0,0,,,,
RUE,2010,2,13,19,-5.4,,,,,,,,939.6,,0.7,,0,0,0,0,0,0,0,,,,
RUE,2010,2,13,20,-5.4,,,,,,,,939.8,,0.8,,0,0,0,0,0,0,0,,,,
RUE,2010,2,13,21,-5.4,,,,,,,,939.8,,0.8,,0,0,0,0,0,0,0,,,,
RUE,2010,2,13,22,-5.5,,,,,,,,939.7,,0.5,,0,0,0,0,0,0,0,,,,
RUE,2010,2,13,23,-5.5,,,,,,,,939.7,,0.6,,0,0,0,0,0,0,0,,,,
RUE,2010,2,14,0,-5.5,,,,,,,,939.7,,0.9,,0,0,0,0,0,0,0,,,,
RUE,2010,2,14,1,-5.7,,,,,,,,939.6,,0.6,,0,0,0,0,0,0,0,,,,
RUE,2010,2,14,2,-5.8,,,,,,,,939.3,,0.8,,0,0,0,0,0,0,0,,,,
RUE,2010,2,14,3,-5.8,,,,,,,,939,,1,,0,0,0,0,0,0,0,,,,
RUE,2010,2,14,4,-6,,,,,,,,939,,0.8,,0,0,0,0,0,0,0,,,,
RUE,2010,2,14,5,-6.2,,,,,,,,938.9,,0.6,,0,0,0,0,0,0,0,,,,
RUE,2010,2,14,6,-6.2,,,,,,,,939,,0.6,,0,0,0,0,0,0,0,,,,
RUE,2010,2,14,7,-6.2,,,,,,,,939.1,,0.4,,11,0,0,0,0,0,0,,,,
RUE,2010,2,14,8,-6.1,,,,,,,,939.3,,0.4,,72,1072.1,11.9,0,0,0,0,,,,
RUE,2010,2,14,9,-5.6,,,,,,,,939.3,,0.3,,212,815.7,43,0,0,0,0,,,,
RUE,2010,2,14,10,-5,,,,,,,,939.3,,1.1,,267,391.1,136,0,0,0,0,,,,
RUE,2010,2,14,11,-4.8,,,,,,,,939,,1.5,,228,69.5,198.2,0,0,0,0,,,,
RUE,2010,2,14,12,-4.6,,,,,,,,938.6,,1.3,,190,15.6,182.5,0,0,0,0,,,,
RUE,2010,2,14,13,-4.5,,,,,,,,938.5,,1.9,,120,3.8,118.1,0,0,0,0,,,,
RUE,2010,2,14,14,-4.5,,,,,,,,938.4,,1.7,,124,4.7,121.8,0,0,0,0,,,,
RUE,2010,2,14,15,-4.6,,,,,,,,938.3,,1.2,,69,2.1,68.2,0,0,0,0,,,,
RUE,2010,2,14,16,-4.8,,,,,,,,938.2,,1.5,,15,0.2,14.9,0,0,0,0,,,,
RUE,2010,2,14,17,-5.1,,,,,,,,938.3,,1,,0,0,0,0,0,0,0,,,,
RUE,2010,2,14,18,-5.3,,,,,,,,938.4,,0.6,,0,0,0,0,0,0,0,,,,
RUE,2010,2,14,19,-5.4,,,,,,,,938.5,,0.7,,0,0,0,0,0,0,0,,,,
RUE,2010,2,14,20,-5.5,,,,,,,,938.4,,0.8,,0,0,0,0,0,0,0,,,,
RUE,2010,2,14,21,-5.5,,,,,,,,938.2,,0.3,,0,0,0,0,0,0,0,,,,
RUE,2010,2,14,22,-5.6,,,,,,,,938,,0.5,,0,0,0,0,0,0,0,,,,
RUE,2010,2,14,23,-5.7,,,,,,,,937.9,,0,,0,0,0,0,0,0,0,,,,
RUE,2010,2,15,0,-5.8,,,,,,,,937.6,,0.4,,0,0,0,0,0,0,0,,,,
RUE,2010,2,15,1,-5.9,,,,,,,,937.2,,0.4,,0,0,0,0,0,0,0,,,,
RUE,2010,2,15,2,-6,,,,,,,,936.8,,0.4,,0,0,0,0,0,0,0,,,,
RUE,2010,2,15,3,-5.9,,,,,,,,936.4,,0.3,,0,0,0,0,0,0,0,,,,
RUE,2010,2,15,4,-5.9,,,,,,,,936.3,,0.2,,0,0,0,0,0,0,0,,,,
RUE,2010,2,15,5,-5.9,,,,,,,,936.2,,0.3,,0,0,0,0,0,0,0,,,,
RUE,2010,2,15,6,-5.9,,,,,,,,935.9,,0.3,,0,0,0,0,0,0,0,,,,
RUE,2010,2,15,7,-5.9,,,,,,,,935.9,,0.5,,16,0,0,0,0,0,0,,,,
RUE,2010,2,15,8,-5.5,,,,,,,,935.8,,0.6,,43,202,30.8,0,0,0,0,,,,
RUE,2010,2,15,9,-5,,,,,,,,935.5,,1.2,,96,31.5,89.3,0,0,0,0,,,,
RUE,2010,2,15,10,-4.8,,,,,,,,935.5,,1.1,,110,7,107.6,0,0,0,0,,,,
RUE,2010,2,15,11,-4.5,,,,,,,,935.2,,1.6,,162,12.2,156.7,0,0,0,0,,,,
RUE,2010,2,15,12,-4.3,,,,,,,,934.8,,1.4,,176,10.5,170.9,0,0,0,0,,,,
RUE,2010,2,15,13,-4.2,,,,,,,,934.4,,1.1,,171,8.6,166.7,0,0,0,0,,,,
RUE,2010,2,15,14,-4,,,,,,,,934.1,,1.6,,143,6.2,140.1,0,0,0,0,,,,
RUE,2010,2,15,15,-4,,,,,,,,933.8,,1.6,,98,4.2,96.4,0,0,0,0,,,,
RUE,2010,2,15,16,-4.5,,,,,,,,933.5,,1.6,,57,2.8,56.2,0,0,0,0,,,,
RUE,2010,2,15,17,-5.5,,,,,,,,933.5,,1.5,,1,0,1,0,0,0,0,,,,
RUE,2010,2,15,18,-5.9,,,,,,,,933.4,,1.9,,0,0,0,0,0,0,0,,,,
RUE,2010,2,15,19,-5.6,,,,,,,,933.2,,2.3,,0,0,0,0,0,0,0,,,,
RUE,2010,2,15,20,-6,,,,,,,,933.2,,1.9,,0,0,0,0,0,0,0,,,,
RUE,2010,2,15,21,-6,,,,,,,,933.2,,2.4,,0,0,0,0,0,0,0,,,,
RUE,2010,2,15,22,-5.8,,,,,,,,932.9,,3.3,,0,0,0,0,0,0,0,,,,
RUE,2010,2,15,23,-5.7,,,,,,,,932.8,,2.7,,0,0,0,0,0,0,0,,,,
RUE,2010,2,16,0,-5.6,,,,,,,,932.6,,3.1,,0,0,0,0,0,0,0,,,,
RUE,2010,2,16,1,-6.6,,,,,,,,932.4,,2.2,,0,0,0,0,0,0,0,,,,
RUE,2010,2,16,2,-7,,,,,,,,931.9,,2,,0,0,0,0,0,0,0,,,,
RUE,2010,2,16,3,-8.5,,,,,,,,931.4,,2.4,,0,0,0,0,0,0,0,,,,
RUE,2010,2,16,4,-8.9,,,,,,,,931.2,,2.5,,0,0,0,0,0,0,0,,,,
RUE,2010,2,16,5,-8.9,,,,,,,,931,,2.5,,0,0,0,0,0,0,0,,,,
RUE,2010,2,16,6,-9.1,,,,,,,,930.8,,2.8,,1,0,0,0,0,0,0,,,,
RUE,2010,2,16,7,-8.7,,,,,,,,930.8,,2.9,,56,0,0,0,0,0,0,,,,
RUE,2010,2,16,8,-7.4,,,,,,,,930.8,,2.9,,213,2729.3,35.1,0,0,0,0,,,,
RUE,2010,2,16,9,-6.2,,,,,,,,930.6,,3.1,,369,1420.3,60.9,0,0,0,0,,,,
RUE,2010,2,16,10,-4.6,,,,,,,,930.5,,2.7,,481,1163.7,79.4,0,0,0,0,,,,
RUE,2010,2,16,11,-2.8,,,,,,,,930.2,,2.4,,539,1024.1,88.9,0,0,0,0,,,,
RUE,2010,2,16,12,-1,,,,,,,,929.6,,3.3,,534,900,90,0,0,0,0,,,,
RUE,2010,2,16,13,-0.1,,,,,,,,928.9,,2.6,,441,541.2,168.8,0,0,0,0,,,,
RUE,2010,2,16,14,-0.1,,,,,,,,928.4,,2.8,,356,330.8,201.3,0,0,0,0,,,,
RUE,2010,2,16,15,-1.1,,,,,,,,928,,3.5,,158,18,151,0,0,0,0,,,,
RUE,2010,2,16,16,-1.9,,,,,,,,927.9,,2.9,,44,1.6,43.5,0,0,0,0,,,,
RUE,2010,2,16,17,-2.2,,,,,,,,927.7,,4.1,,1,0,1,0,0,0,0,,,,
RUE,2010,2,16,18,-2.2,,,,,,,,927.4,,5.1,,0,0,0,0,0,0,0,,,,
RUE,2010,2,16,19,-2,,,,,,,,927.2,,4.8,,0,0,0,0,0,0,0,,,,
RUE,2010,2,16,20,-1.8,,,,,,,,926.8,,5.3,,0,0,0,0,0,0,0,,,,
RUE,2010,2,16,21,-2.1,,,,,,,,926.6,,4.1,,0,0,0,0,0,0,0,,,,
RUE,2010,2,16,22,-1.9,,,,,,,,926.1,,3.8,,0,0,0,0,0,0,0,,,,
RUE,2010,2,16,23,-1.9,,,,,,,,925.9,,3.5,,0,0,0,0,0,0,0,,,,
RUE,2010,2,17,0,-1.9,,,,,,,,925.6,,3.5,,0,0,0,0,0,0,0,,,,
RUE,2010,2,17,1,-2,,,,,,,,925.1,,2.8,,0,0,0,0,0,0,0,,,,
RUE,2010,2,17,2,-1.9,,,,,,,,924.8,,3.1,,0,0,0,0,0,0,0,,,,
RUE,2010,2,17,3,-1.3,,,,,,,,924.3,,2.4,,0,0,0,0,0,0,0,,,,
RUE,2010,2,17,4,-1.2,,,,,,,,924.2,,2.4,,0,0,0,0,0,0,0,,,,
RUE,2010,2,17,5,-1.4,,,,,,,,923.9,,2.8,,0,0,0,0,0,0,0,,,,
RUE,2010,2,17,6,-1,,,,,,,,923.4,,2.6,,0,0,0,0,0,0,0,,,,
RUE,2010,2,17,7,-0.8,,,,,,,,923.4,,1.9,,24,0,0,0,0,0,0,,,,
RUE,2010,2,17,8,-0.9,,,,,,,,922.8,,2.1,,114,1363.2,18.8,0,0,0,0,,,,
RUE,2010,2,17,9,-0.7,,,,,,,,922.7,,1.6,,132,118.4,105.7,0,0,0,0,,,,
RUE,2010,2,17,10,-0.2,,,,,,,,922.8,,1.6,,197,91.5,165,0,0,0,0,,,,
RUE,2010,2,17,11,0.7,,,,,,,,923,,1.5,,249,89.6,209.2,0,0,0,0,,,,
RUE,2010,2,17,12,1.7,,,,,,,,922.7,,1.4,,288,103.6,236.4,0,0,0,0,,,,
RUE,2010,2,17,13,2.2,,,,,,,,922.8,,0.6,,161,6.6,157.6,0,0,0,0,,,,
RUE,2010,2,17,14,2.7,,,,,,,,922.8,,0.7,,196,20.2,186.4,0,0,0,0,,,,
RUE,2010,2,17,15,2.5,,,,,,,,922.5,,2.5,,43,0.8,42.7,0,0,0,0,,,,
RUE,2010,2,17,16,2.6,,,,,,,,922.1,,3.8,,28,0.6,27.8,0,0,0,0,,,,
RUE,2010,2,17,17,3,,,,,,,,922.6,,2.4,,1,0,1,0,0,0,0,,,,
RUE,2010,2,17,18,2,,,,,,,,922.8,,3,,0,0,0,0,0,0,0,,,,
RUE,2010,2,17,19,1.2,,,,,,,,923.1,,2.7,,0,0,0,0,0,0,0,,,,
RUE,2010,2,17,20,1.1,,,,,,,,923.5,,1.7,,0,0,0,0,0,0,0,,,,
RUE,2010,2,17,21,1.3,,,,,,,,923.7,,2.9,,0,0,0,0,0,0,0,,,,
RUE,2010,2,17,22,1.2,,,,,,,,923.7,,2,,0,0,0,0,0,0,0,,,,
RUE,2010,2,17,23,0.9,,,,,,,,924.2,,1.7,,0,0,0,0,0,0,0,,,,
RUE,2010,2,18,0,1.2,,,,,,,,924.4,,1.7,,0,0,0,0,0,0,0,,,,
RUE,2010,2,18,1,1.3,,,,,,,,924.7,,1.5,,0,0,0,0,0,0,0,,,,
RUE,2010,2,18,2,1,,,,,,,,925,,1.5,,0,0,0,0,0,0,0,,,,
RUE,2010,2,18,3,1.9,,,,,,,,925.1,,1.7,,0,0,0,0,0,0,0,,,,
RUE,2010,2,18,4,1.2,,,,,,,,925.5,,1.3,,0,0,0,0,0,0,0,,,,
RUE,2010,2,18,5,3,,,,,,,,926,,1.2,,0,0,0,0,0,0,0,,,,
RUE,2010,2,18,6,2.7,,,,,,,,926.6,,0.9,,0,0,0,0,0,0,0,,,,
RUE,2010,2,18,7,4.4,,,,,,,,927.4,,1.8,,14,0,0,0,0,0,0,,,,
RUE,2010,2,18,8,4.3,,,,,,,,928,,1.2,,56,315,32.5,0,0,0,0,,,,
RUE,2010,2,18,9,4.2,,,,,,,,928.5,,0.6,,144,157.9,108.1,0,0,0,0,,,,
RUE,2010,2,18,10,4.6,,,,,,,,929.3,,0.5,,168,39.2,154.1,0,0,0,0,,,,
RUE,2010,2,18,11,5.4,,,,,,,,929.7,,0.6,,277,138.4,214.7,0,0,0,0,,,,
RUE,2010,2,18,12,5.5,,,,,,,,929.7,,0.7,,214,22.9,202.5,0,0,0,0,,,,
RUE,2010,2,18,13,5.1,,,,,,,,929.6,,1.1,,184,10.2,178.7,0,0,0,0,,,,
RUE,2010,2,18,14,4.9,,,,,,,,929.1,,1.8,,126,4.5,123.9,0,0,0,0,,,,
RUE,2010,2,18,15,4.2,,,,,,,,928.8,,2.1,,70,2,69.2,0,0,0,0,,,,
RUE,2010,2,18,16,4.2,,,,,,,,928.6,,1.1,,43,1.5,42.6,0,0,0,0,,,,
RUE,2010,2,18,17,4,,,,,,,,929.1,,0.7,,2,0,2,0,0,0,0,,,,
RUE,2010,2,18,18,3.4,,,,,,,,929.5,,1.1,,0,0,0,0,0,0,0,,,,
RUE,2010,2,18,19,3.7,,,,,,,,929.8,,0.6,,0,0,0,0,0,0,0,,,,
RUE,2010,2,18,20,4.3,,,,,,,,929.7,,2,,0,0,0,0,0,0,0,,,,
RUE,2010,2,18,21,4.3,,,,,,,,929.2,,2.5,,0,0,0,0,0,0,0,,,,
RUE,2010,2,18,22,3.9,,,,,,,,928.8,,2.9,,0,0,0,0,0,0,0,,,,
RUE,2010,2,18,23,2.6,,,,,,,,928.2,,2.8,,0,0,0,0,0,0,0,,,,
RUE,2010,2,19,0,2.5,,,,,,,,927.8,,2.8,,0,0,0,0,0,0,0,,,,
RUE,2010,2,19,1,2.3,,,,,,,,927.3,,3.4,,0,0,0,0,0,0,0,,,,
RUE,2010,2,19,2,2.2,,,,,,,,926.5,,3.2,,0,0,0,0,0,0,0,,,,
RUE,2010,2,19,3,2.5,,,,,,,,925.2,,3.3,,0,0,0,0,0,0,0,,,,
RUE,2010,2,19,4,2.8,,,,,,,,923.9,,3.2,,0,0,0,0,0,0,0,,,,
RUE,2010,2,19,5,2.8,,,,,,,,923,,3.1,,0,0,0,0,0,0,0,,,,
RUE,2010,2,19,6,2.7,,,,,,,,922.8,,2.1,,0,0,0,0,0,0,0,,,,
RUE,2010,2,19,7,2.5,,,,,,,,922.5,,1.8,,10,0,0,0,0,0,0,,,,
RUE,2010,2,19,8,2.7,,,,,,,,922.5,,0.9,,28,9.6,27.2,0,0,0,0,,,,
RUE,2010,2,19,9,2.7,,,,,,,,922,,0.9,,79,8.4,77.1,0,0,0,0,,,,
RUE,2010,2,19,10,3.1,,,,,,,,921.8,,0.8,,140,14.7,134.7,0,0,0,0,,,,
RUE,2010,2,19,11,3.5,,,,,,,,921.6,,1.6,,110,3.8,108.3,0,0,0,0,,,,
RUE,2010,2,19,12,3.2,,,,,,,,921.7,,2.7,,75,1.4,74.3,0,0,0,0,,,,
RUE,2010,2,19,13,2.2,,,,,,,,922,,3.7,,53,0.7,52.7,0,0,0,0,,,,
RUE,2010,2,19,14,1.4,,,,,,,,922.5,,4.1,,39,0.4,38.8,0,0,0,0,,,,
RUE,2010,2,19,15,1.1,,,,,,,,923.1,,4.2,,28,0.3,27.9,0,0,0,0,,,,
RUE,2010,2,19,16,1.6,,,,,,,,924,,3.4,,15,0.2,15,0,0,0,0,,,,
RUE,2010,2,19,17,1.7,,,,,,,,924.9,,3.2,,0,0,0,0,0,0,0,,,,
RUE,2010,2,19,18,1.6,,,,,,,,926,,3.7,,0,0,0,0,0,0,0,,,,
RUE,2010,2,19,19,1.3,,,,,,,,926.7,,4.1,,0,0,0,0,0,0,0,,,,
RUE,2010,2,19,20,0.9,,,,,,,,927.5,,2.5,,0,0,0,0,0,0,0,,,,
RUE,2010,2,19,21,0.7,,,,,,,,928,,3.5,,0,0,0,0,0,0,0,,,,
RUE,2010,2,19,22,0.5,,,,,,,,928.4,,3,,0,0,0,0,0,0,0,,,,
RUE,2010,2,19,23,0.2,,,,,,,,928.9,,2,,0,0,0,0,0,0,0,,,,
RUE,2010,2,20,0,0,,,,,,,,929.3,,1.4,,0,0,0,0,0,0,0,,,,
RUE,2010,2,20,1,0,,,,,,,,929.2,,1.1,,0,0,0,0,0,0,0,,,,
RUE,2010,2,20,2,-0.4,,,,,,,,929.1,,1.2,,0,0,0,0,0,0,0,,,,
RUE,2010,2,20,3,-0.1,,,,,,,,928.9,,1.6,,0,0,0,0,0,0,0,,,,
RUE,2010,2,20,4,0.3,,,,,,,,928.9,,1.8,,0,0,0,0,0,0,0,,,,
RUE,2010,2,20,5,0.2,,,,,,,,929,,2,,0,0,0,0,0,0,0,,,,
RUE,2010,2,20,6,0.1,,,,,,,,929.2,,1.8,,0,0,0,0,0,0,0,,,,
RUE,2010,2,20,7,0.4,,,,,,,,929.5,,3,,45,0,0,0,0,0,0,,,,
RUE,2010,2,20,8,1.4,,,,,,,,929.6,,3,,241,2386.4,39.8,0,0,0,0,,,,
RUE,2010,2,20,9,2,,,,,,,,929.8,,3.2,,258,905.8,43.1,0,0,0,0,,,,
RUE,2010,2,20,10,2.3,,,,,,,,930,,3.1,,240,182.6,173.2,0,0,0,0,,,,
RUE,2010,2,20,11,2.6,,,,,,,,930,,3,,282,135.4,219.6,0,0,0,0,,,,
RUE,2010,2,20,12,3,,,,,,,,929.7,,4.1,,348,208.1,240.9,0,0,0,0,,,,
RUE,2010,2,20,13,3.5,,,,,,,,929.4,,4.5,,412,374.9,215.6,0,0,0,0,,,,
RUE,2010,2,20,14,2.9,,,,,,,,929.3,,5.1,,134,4.8,131.6,0,0,0,0,,,,
RUE,2010,2,20,15,2.9,,,,,,,,929.3,,4.9,,150,11.2,145.4,0,0,0,0,,,,
RUE,2010,2,20,16,2.6,,,,,,,,929.6,,4.8,,55,2.2,54.3,0,0,0,0,,,,
RUE,2010,2,20,17,1.9,,,,,,,,930.2,,3.4,,1,0,1,0,0,0,0,,,,
RUE,2010,2,20,18,1.2,,,,,,,,930.8,,2.8,,0,0,0,0,0,0,0,,,,
RUE,2010,2,20,19,0.1,,,,,,,,931.4,,1.3,,0,0,0,0,0,0,0,,,,
RUE,2010,2,20,20,1,,,,,,,,931.9,,2.7,,0,0,0,0,0,0,0,,,,
RUE,2010,2,20,21,0.9,,,,,,,,932.5,,2.5,,0,0,0,0,0,0,0,,,,
RUE,2010,2,20,22,0.7,,,,,,,,932.8,,1.3,,0,0,0,0,0,0,0,,,,
RUE,2010,2,20,23,-0.2,,,,,,,,933,,1,,0,0,0,0,0,0,0,,,,
RUE,2010,2,21,0,-0.9,,,,,,,,933.2,,0.6,,0,0,0,0,0,0,0,,,,
RUE,2010,2,21,1,-1.4,,,,,,,,933.5,,2.2,,0,0,0,0,0,0,0,,,,
RUE,2010,2,21,2,-0.3,,,,,,,,933.4,,2.9,,0,0,0,0,0,0,0,,,,
RUE,2010,2,21,3,0.6,,,,,,,,933,,3,,0,0,0,0,0,0,0,,,,
RUE,2010,2,21,4,1.2,,,,,,,,932.8,,4.2,,0,0,0,0,0,0,0,,,,
RUE,2010,2,21,5,1.6,,,,,,,,932.5,,6.5,,0,0,0,0,0,0,0,,,,
RUE,2010,2,21,6,1.7,,,,,,,,932.2,,5,,2,0,0,0,0,0,0,,,,
RUE,2010,2,21,7,2.2,,,,,,,,932.1,,5.6,,71,0,0,0,0,0,0,,,,
RUE,2010,2,21,8,3.1,,,,,,,,932.1,,4.8,,240,2243.9,39.6,0,0,0,0,,,,
RUE,2010,2,21,9,4.1,,,,,,,,931.9,,6,,259,883.1,44.8,0,0,0,0,,,,
RUE,2010,2,21,10,5.4,,,,,,,,931.5,,7.2,,512,1151.1,84.5,0,0,0,0,,,,
RUE,2010,2,21,11,6.2,,,,,,,,931.1,,7.2,,568,1017.6,93.7,0,0,0,0,,,,
RUE,2010,2,21,12,6.9,,,,,,,,930.5,,5.7,,526,798.9,110.6,0,0,0,0,,,,
RUE,2010,2,21,13,7.2,,,,,,,,929.8,,5.4,,419,384.6,215.4,0,0,0,0,,,,
RUE,2010,2,21,14,6.2,,,,,,,,929.2,,4.5,,231,37.6,212.5,0,0,0,0,,,,
RUE,2010,2,21,15,5.5,,,,,,,,928.7,,3.6,,147,9.8,142.9,0,0,0,0,,,,
RUE,2010,2,21,16,5,,,,,,,,928.2,,3.9,,77,4.3,75.7,0,0,0,0,,,,
RUE,2010,2,21,17,4.2,,,,,,,,928.2,,3.8,,5,0.1,5,0,0,0,0,,,,
RUE,2010,2,21,18,4.4,,,,,,,,928.8,,2.4,,0,0,0,0,0,0,0,,,,
RUE,2010,2,21,19,3.5,,,,,,,,928.9,,1.4,,0,0,0,0,0,0,0,,,,
RUE,2010,2,21,20,3.4,,,,,,,,928.6,,2.9,,0,0,0,0,0,0,0,,,,
RUE,2010,2,21,21,3.6,,,,,,,,928.8,,2.4,,0,0,0,0,0,0,0,,,,
RUE,2010,2,21,22,3.3,,,,,,,,928.4,,2.3,,0,0,0,0,0,0,0,,,,
RUE,2010,2,21,23,3.7,,,,,,,,927.9,,1.5,,0,0,0,0,0,0,0,,,,
RUE,2010,2,22,0,3.3,,,,,,,,927.5,,1.5,,0,0,0,0,0,0,0,,,,
RUE,2010,2,22,1,2.7,,,,,,,,927.3,,1.9,,0,0,0,0,0,0,0,,,,
RUE,2010,2,22,2,3.8,,,,,,,,926.9,,3.2,,0,0,0,0,0,0,0,,,,
RUE,2010,2,22,3,3.6,,,,,,,,926.9,,2.9,,0,0,0,0,0,0,0,,,,
RUE,2010,2,22,4,3.3,,,,,,,,926.9,,4.1,,0,0,0,0,0,0,0,,,,
RUE,2010,2,22,5,3.7,,,,,,,,926.7,,4.1,,0,0,0,0,0,0,0,,,,
RUE,2010,2,22,6,4.4,,,,,,,,926.5,,5.5,,0,0,0,0,0,0,0,,,,
RUE,2010,2,22,7,5.3,,,,,,,,926.7,,4.6,,10,0,0,0,0,0,0,,,,
RUE,2010,2,22,8,4.3,,,,,,,,926.8,,3,,55,108.8,44.7,0,0,0,0,,,,
RUE,2010,2,22,9,4.4,,,,,,,,926.8,,2.6,,163,185.6,117,0,0,0,0,,,,
RUE,2010,2,22,10,6.2,,,,,,,,926.7,,3.8,,213,94.4,177.4,0,0,0,0,,,,
RUE,2010,2,22,11,8.4,,,,,,,,926.4,,4.2,,399,485.2,170.2,0,0,0,0,,,,
RUE,2010,2,22,12,9.4,,,,,,,,925.9,,5.8,,395,318.2,227.8,0,0,0,0,,,,
RUE,2010,2,22,13,9.5,,,,,,,,925.5,,4,,546,815.2,110.2,0,0,0,0,,,,
RUE,2010,2,22,14,10,,,,,,,,924.9,,4,,366,289.8,221.4,0,0,0,0,,,,
RUE,2010,2,22,15,10,,,,,,,,924.8,,3.8,,187,29.2,174.7,0,0,0,0,,,,
RUE,2010,2,22,16,9.3,,,,,,,,924.4,,3.5,,77,4.1,75.7,0,0,0,0,,,,
RUE,2010,2,22,17,8.1,,,,,,,,924.4,,1.8,,5,0.1,5,0,0,0,0,,,,
RUE,2010,2,22,18,8.2,,,,,,,,924.6,,3.3,,0,0,0,0,0,0,0,,,,
RUE,2010,2,22,19,8.1,,,,,,,,924.7,,3,,0,0,0,0,0,0,0,,,,
RUE,2010,2,22,20,8.2,,,,,,,,924.8,,2.2,,0,0,0,0,0,0,0,,,,
RUE,2010,2,22,21,8.4,,,,,,,,924.9,,2.8,,0,0,0,0,0,0,0,,,,
RUE,2010,2,22,22,8.5,,,,,,,,925,,2.7,,0,0,0,0,0,0,0,,,,
RUE,2010,2,22,23,8.6,,,,,,,,925.2,,3.5,,0,0,0,0,0,0,0,,,,
RUE,2010,2,23,0,8.3,,,,,,,,925.2,,3.6,,0,0,0,0,0,0,0,,,,
RUE,2010,2,23,1,8.1,,,,,,,,925.4,,5.7,,0,0,0,0,0,0,0,,,,
RUE,2010,2,23,2,7.8,,,,,,,,925.5,,7.6,,0,0,0,0,0,0,0,,,,
RUE,2010,2,23,3,7.6,,,,,,,,925.4,,9.3,,0,0,0,0,0,0,0,,,,
RUE,2010,2,23,4,7.2,,,,,,,,925.4,,7.7,,0,0,0,0,0,0,0,,,,
RUE,2010,2,23,5,7.1,,,,,,,,925.6,,7,,0,0,0,0,0,0,0,,,,
RUE,2010,2,23,6,7.3,,,,,,,,925.7,,6.4,,2,0,0,0,0,0,0,,,,
RUE,2010,2,23,7,7.2,,,,,,,,926.3,,5.5,,19,0,0,0,0,0,0,,,,
RUE,2010,2,23,8,6.8,,,,,,,,926.7,,6.3,,40,17.6,38.3,0,0,0,0,,,,
RUE,2010,2,23,9,7.1,,,,,,,,926.8,,7.2,,113,29.7,105.5,0,0,0,0,,,,
RUE,2010,2,23,10,6.6,,,,,,,,927.6,,6,,83,3,81.8,0,0,0,0,,,,
RUE,2010,2,23,11,7.4,,,,,,,,927.7,,5.4,,182,13.7,175.5,0,0,0,0,,,,
RUE,2010,2,23,12,8.4,,,,,,,,927.7,,5,,169,6.8,165.4,0,0,0,0,,,,
RUE,2010,2,23,13,8.8,,,,,,,,927.6,,6.8,,234,25.6,220.2,0,0,0,0,,,,
RUE,2010,2,23,14,8.9,,,,,,,,927.8,,4.4,,152,5.9,149,0,0,0,0,,,,
RUE,2010,2,23,15,8.8,,,,,,,,928.1,,3.6,,161,13.2,155.4,0,0,0,0,,,,
RUE,2010,2,23,16,8.2,,,,,,,,928.6,,5.3,,60,2.4,59.2,0,0,0,0,,,,
RUE,2010,2,23,17,7.7,,,,,,,,929,,4.4,,4,0,4,0,0,0,0,,,,
RUE,2010,2,23,18,8,,,,,,,,929.4,,5.7,,0,0,0,0,0,0,0,,,,
RUE,2010,2,23,19,8,,,,,,,,929.6,,4.4,,0,0,0,0,0,0,0,,,,
RUE,2010,2,23,20,8,,,,,,,,929.9,,4.6,,0,0,0,0,0,0,0,,,,
RUE,2010,2,23,21,8.3,,,,,,,,930.1,,4.6,,0,0,0,0,0,0,0,,,,
RUE,2010,2,23,22,8.5,,,,,,,,930.3,,3.7,,0,0,0,0,0,0,0,,,,
RUE,2010,2,23,23,6.8,,,,,,,,931.1,,2.1,,0,0,0,0,0,0,0,,,,
RUE,2010,2,24,0,6.1,,,,,,,,931.1,,1.8,,0,0,0,0,0,0,0,,,,
RUE,2010,2,24,1,5.9,,,,,,,,931,,1.7,,0,0,0,0,0,0,0,,,,
RUE,2010,2,24,2,6.6,,,,,,,,930.8,,3.5,,0,0,0,0,0,0,0,,,,
RUE,2010,2,24,3,6.6,,,,,,,,930.6,,2.6,,0,0,0,0,0,0,0,,,,
RUE,2010,2,24,4,5.9,,,,,,,,930.5,,1.4,,0,0,0,0,0,0,0,,,,
RUE,2010,2,24,5,5.1,,,,,,,,930.5,,1.4,,0,0,0,0,0,0,0,,,,
RUE,2010,2,24,6,5.3,,,,,,,,930.5,,1.4,,0,0,0,0,0,0,0,,,,
RUE,2010,2,24,7,5.4,,,,,,,,931,,2.4,,12,0,0,0,0,0,0,,,,
RUE,2010,2,24,8,5.8,,,,,,,,931.4,,2.1,,55,66.9,48,0,0,0,0,,,,
RUE,2010,2,24,9,6.2,,,,,,,,931.7,,1.3,,86,7.8,84,0,0,0,0,,,,
RUE,2010,2,24,10,6.9,,,,,,,,931.8,,1.3,,338,535.4,130.4,0,0,0,0,,,,
RUE,2010,2,24,11,8.3,,,,,,,,931.7,,1.7,,448,646.6,136,0,0,0,0,,,,
RUE,2010,2,24,12,9,,,,,,,,931.6,,2.7,,493,628.6,155.9,0,0,0,0,,,,
RUE,2010,2,24,13,9.4,,,,,,,,931.5,,3.3,,416,336.9,232.3,0,0,0,0,,,,
RUE,2010,2,24,14,9.1,,,,,,,,931.4,,3.7,,241,40,220.6,0,0,0,0,,,,
RUE,2010,2,24,15,9.7,,,,,,,,931.3,,4,,222,61.4,195.6,0,0,0,0,,,,
RUE,2010,2,24,16,8.5,,,,,,,,931.6,,4,,41,1.1,40.7,0,0,0,0,,,,
RUE,2010,2,24,17,8.2,,,,,,,,932.4,,4.2,,2,0,2,0,0,0,0,,,,
RUE,2010,2,24,18,6.5,,,,,,,,933.8,,4.9,,0,0,0,0,0,0,0,,,,
RUE,2010,2,24,19,6,,,,,,,,934.2,,4.2,,0,0,0,0,0,0,0,,,,
RUE,2010,2,24,20,5.8,,,,,,,,934.5,,7.5,,0,0,0,0,0,0,0,,,,
RUE,2010,2,24,21,6.6,,,,,,,,934.6,,7.7,,0,0,0,0,0,0,0,,,,
RUE,2010,2,24,22,6.8,,,,,,,,934.3,,5.6,,0,0,0,0,0,0,0,,,,
RUE,2010,2,24,23,7,,,,,,,,934.1,,5.6,,0,0,0,0,0,0,0,,,,
RUE,2010,2,25,0,6.7,,,,,,,,933.9,,6.1,,0,0,0,0,0,0,0,,,,
RUE,2010,2,25,1,7.1,,,,,,,,933.6,,6.3,,0,0,0,0,0,0,0,,,,
RUE,2010,2,25,2,7.7,,,,,,,,933.3,,6.2,,0,0,0,0,0,0,0,,,,
RUE,2010,2,25,3,7.4,,,,,,,,932.9,,4.5,,0,0,0,0,0,0,0,,,,
RUE,2010,2,25,4,6.9,,,,,,,,932.6,,3,,0,0,0,0,0,0,0,,,,
RUE,2010,2,25,5,6.5,,,,,,,,932.7,,2.7,,0,0,0,0,0,0,0,,,,
RUE,2010,2,25,6,6.9,,,,,,,,932.8,,1.9,,1,0,0,0,0,0,0,,,,
RUE,2010,2,25,7,7.3,,,,,,,,932.5,,1.6,,33,0,0,0,0,0,0,,,,
RUE,2010,2,25,8,7.6,,,,,,,,932,,2.4,,266,2020.3,43.9,0,0,0,0,,,,
RUE,2010,2,25,9,6.8,,,,,,,,931.7,,2.9,,405,1280.8,66.8,0,0,0,0,,,,
RUE,2010,2,25,10,8.7,,,,,,,,931.2,,3.1,,398,801.3,82.9,0,0,0,0,,,,
RUE,2010,2,25,11,10.8,,,,,,,,930.8,,4.8,,519,878.5,90.3,0,0,0,0,,,,
RUE,2010,2,25,12,11,,,,,,,,930.1,,5.3,,352,177.1,256.1,0,0,0,0,,,,
RUE,2010,2,25,13,10.6,,,,,,,,929.3,,4.2,,223,18.3,212.9,0,0,0,0,,,,
RUE,2010,2,25,14,9.3,,,,,,,,928.9,,4,,90,2,89,0,0,0,0,,,,
RUE,2010,2,25,15,8.2,,,,,,,,928.7,,4.5,,37,0.5,36.8,0,0,0,0,,,,
RUE,2010,2,25,16,7,,,,,,,,928.7,,5.7,,6,0,6,0,0,0,0,,,,
RUE,2010,2,25,17,6.7,,,,,,,,928.2,,4.2,,0,0,0,0,0,0,0,,,,
RUE,2010,2,25,18,6.3,,,,,,,,927.7,,2.5,,0,0,0,0,0,0,0,,,,
RUE,2010,2,25,19,6.2,,,,,,,,927.1,,2.2,,0,0,0,0,0,0,0,,,,
RUE,2010,2,25,20,6.2,,,,,,,,927.1,,2,,0,0,0,0,0,0,0,,,,
RUE,2010,2,25,21,6.5,,,,,,,,926.9,,2.9,,0,0,0,0,0,0,0,,,,
RUE,2010,2,25,22,6,,,,,,,,926.5,,2.4,,0,0,0,0,0,0,0,,,,
RUE,2010,2,25,23,6.1,,,,,,,,925.7,,2.6,,0,0,0,0,0,0,0,,,,
RUE,2010,2,26,0,6.9,,,,,,,,925.4,,2.2,,0,0,0,0,0,0,0,,,,
RUE,2010,2,26,1,7.3,,,,,,,,925.3,,3.8,,0,0,0,0,0,0,0,,,,
RUE,2010,2,26,2,7.5,,,,,,,,925.9,,5.8,,0,0,0,0,0,0,0,,,,
RUE,2010,2,26,3,6.9,,,,,,,,926.1,,3.5,,0,0,0,0,0,0,0,,,,
RUE,2010,2,26,4,6.4,,,,,,,,925.9,,5.7,,0,0,0,0,0,0,0,,,,
RUE,2010,2,26,5,5.4,,,,,,,,926,,5.9,,0,0,0,0,0,0,0,,,,
RUE,2010,2,26,6,5.3,,,,,,,,926.3,,7.8,,2,0,0,0,0,0,0,,,,
RUE,2010,2,26,7,5.9,,,,,,,,926.7,,10,,27,0,0,0,0,0,0,,,,
RUE,2010,2,26,8,6.3,,,,,,,,927,,8.2,,106,630.4,33.3,0,0,0,0,,,,
RUE,2010,2,26,9,6.6,,,,,,,,926.6,,9.2,,241,580.4,84.6,0,0,0,0,,,,
RUE,2010,2,26,10,7.1,,,,,,,,926.9,,11.1,,356,577.5,125.7,0,0,0,0,,,,
RUE,2010,2,26,11,7,,,,,,,,927.9,,7,,389,381,201,0,0,0,0,,,,
RUE,2010,2,26,12,6.7,,,,,,,,928.9,,7.9,,133,3.8,130.9,0,0,0,0,,,,
RUE,2010,2,26,13,5.3,,,,,,,,930.4,,8.1,,74,1.1,73.4,0,0,0,0,,,,
RUE,2010,2,26,14,5.3,,,,,,,,931.5,,7.1,,72,1.2,71.4,0,0,0,0,,,,
RUE,2010,2,26,15,5.8,,,,,,,,932.1,,7.7,,133,5.9,130.4,0,0,0,0,,,,
RUE,2010,2,26,16,5.8,,,,,,,,932.7,,6.9,,53,1.7,52.4,0,0,0,0,,,,
RUE,2010,2,26,17,5.4,,,,,,,,933.7,,6.2,,7,0.1,7,0,0,0,0,,,,
RUE,2010,2,26,18,4.8,,,,,,,,935,,7.4,,0,0,0,0,0,0,0,,,,
RUE,2010,2,26,19,4.9,,,,,,,,935.7,,6,,0,0,0,0,0,0,0,,,,
RUE,2010,2,26,20,4.7,,,,,,,,936.4,,4.6,,0,0,0,0,0,0,0,,,,
RUE,2010,2,26,21,4.5,,,,,,,,937.3,,4.5,,0,0,0,0,0,0,0,,,,
RUE,2010,2,26,22,4.1,,,,,,,,937.8,,3.9,,0,0,0,0,0,0,0,,,,
RUE,2010,2,26,23,3.5,,,,,,,,938.3,,2.8,,0,0,0,0,0,0,0,,,,
RUE,2010,2,27,0,3.4,,,,,,,,938.6,,2.9,,0,0,0,0,0,0,0,,,,
RUE,2010,2,27,1,3.6,,,,,,,,938.7,,3.9,,0,0,0,0,0,0,0,,,,
RUE,2010,2,27,2,3.7,,,,,,,,938.7,,4.7,,0,0,0,0,0,0,0,,,,
RUE,2010,2,27,3,3.6,,,,,,,,938.6,,4.3,,0,0,0,0,0,0,0,,,,
RUE,2010,2,27,4,3.3,,,,,,,,938.8,,2,,0,0,0,0,0,0,0,,,,
RUE,2010,2,27,5,3.3,,,,,,,,938.6,,1.2,,0,0,0,0,0,0,0,,,,
RUE,2010,2,27,6,2.9,,,,,,,,938.4,,1.5,,6,0,0,0,0,0,0,,,,
RUE,2010,2,27,7,2.8,,,,,,,,938.2,,1.8,,85,0,0,0,0,0,0,,,,
RUE,2010,2,27,8,4.5,,,,,,,,937.8,,2,,265,1834.4,43.7,0,0,0,0,,,,
RUE,2010,2,27,9,6.3,,,,,,,,937.2,,2.5,,427,1296.3,70.5,0,0,0,0,,,,
RUE,2010,2,27,10,7.3,,,,,,,,936.8,,3.4,,504,1040.7,83.2,0,0,0,0,,,,
RUE,2010,2,27,11,7.7,,,,,,,,936,,4.8,,572,957,94.4,0,0,0,0,,,,
RUE,2010,2,27,12,7.8,,,,,,,,935.2,,4.8,,475,513.2,191.3,0,0,0,0,,,,
RUE,2010,2,27,13,7.9,,,,,,,,934,,3.2,,365,178,265.1,0,0,0,0,,,,
RUE,2010,2,27,14,7.9,,,,,,,,932.8,,2.6,,176,8,171.8,0,0,0,0,,,,
RUE,2010,2,27,15,7.8,,,,,,,,931.6,,2.6,,111,4,109.2,0,0,0,0,,,,
RUE,2010,2,27,16,7.7,,,,,,,,930.7,,1.8,,55,1.8,54.4,0,0,0,0,,,,
RUE,2010,2,27,17,6.8,,,,,,,,930.5,,1.2,,3,0,3,0,0,0,0,,,,
RUE,2010,2,27,18,6.8,,,,,,,,930.6,,1.5,,0,0,0,0,0,0,0,,,,
RUE,2010,2,27,19,6.7,,,,,,,,928.7,,2.3,,0,0,0,0,0,0,0,,,,
RUE,2010,2,27,20,6.1,,,,,,,,927.1,,2.9,,0,0,0,0,0,0,0,,,,
RUE,2010,2,27,21,5.6,,,,,,,,925.8,,3.4,,0,0,0,0,0,0,0,,,,
RUE,2010,2,27,22,4.8,,,,,,,,924.9,,2.6,,0,0,0,0,0,0,0,,,,
RUE,2010,2,27,23,4.2,,,,,,,,923.8,,2.7,,0,0,0,0,0,0,0,,,,
RUE,2010,2,28,0,4,,,,,,,,922.7,,1.9,,0,0,0,0,0,0,0,,,,
RUE,2010,2,28,1,4.4,,,,,,,,921.6,,2.3,,0,0,0,0,0,0,0,,,,
RUE,2010,2,28,2,4.6,,,,,,,,921.1,,2.6,,0,0,0,0,0,0,0,,,,
RUE,2010,2,28,3,5.4,,,,,,,,920.8,,3.3,,0,0,0,0,0,0,0,,,,
RUE,2010,2,28,4,6,,,,,,,,921.2,,2.2,,0,0,0,0,0,0,0,,,,
RUE,2010,2,28,5,6.2,,,,,,,,921.3,,3.6,,0,0,0,0,0,0,0,,,,
RUE,2010,2,28,6,6.2,,,,,,,,922,,2.8,,0,0,0,0,0,0,0,,,,
RUE,2010,2,28,7,9.8,,,,,,,,922.4,,7.2,,23,0,0,0,0,0,0,,,,
RUE,2010,2,28,8,10.5,,,,,,,,923.2,,7.5,,70,87.8,58.9,0,0,0,0,,,,
RUE,2010,2,28,9,11,,,,,,,,923.9,,8.8,,226,412.5,110.2,0,0,0,0,,,,
RUE,2010,2,28,10,11.3,,,,,,,,924.9,,10.2,,493,1004.1,81.3,0,0,0,0,,,,
RUE,2010,2,28,11,11.8,,,,,,,,926.2,,10.7,,481,696.1,129.7,0,0,0,0,,,,
RUE,2010,2,28,12,11.6,,,,,,,,927.3,,11.5,,474,494.1,198.2,0,0,0,0,,,,
RUE,2010,2,28,13,11.2,,,,,,,,928,,12.2,,390,226,261.9,0,0,0,0,,,,
RUE,2010,2,28,14,11,,,,,,,,928.9,,10.7,,268,56,238.3,0,0,0,0,,,,
RUE,2010,2,28,15,10.6,,,,,,,,929.3,,9.2,,78,1.9,77.1,0,0,0,0,,,,
RUE,2010,2,28,16,9.8,,,,,,,,929.9,,8.5,,46,1.2,45.6,0,0,0,0,,,,
RUE,2010,2,28,17,8.6,,,,,,,,930.7,,6.2,,7,0.1,7,0,0,0,0,,,,
RUE,2010,2,28,18,8.2,,,,,,,,931.9,,5,,0,0,0,0,0,0,0,,,,
RUE,2010,2,28,19,7.6,,,,,,,,932.8,,6.5,,0,0,0,0,0,0,0,,,,
RUE,2010,2,28,20,6.8,,,,,,,,933.7,,6.2,,0,0,0,0,0,0,0,,,,
RUE,2010,2,28,21,6.5,,,,,,,,934.7,,6.3,,0,0,0,0,0,0,0,,,,
RUE,2010,2,28,22,5.8,,,,,,,,935.4,,5.6,,0,0,0,0,0,0,0,,,,
RUE,2010,2,28,23,5.1,,,,,,,,936.2,,2.6,,0,0,0,0,0,0,0,,,,
RUE,2010,3,1,0,5.5,,,,,,,,936.8,,4.5,,0,0,0,0,0,0,0,,,,
RUE,2010,3,1,1,4.8,,,,,,,,937.7,,3.7,,0,0,0,0,0,0,0,,,,
RUE,2010,3,1,2,4.4,,,,,,,,938.1,,4.2,,0,0,0,0,0,0,0,,,,
RUE,2010,3,1,3,3.6,,,,,,,,938.2,,2.9,,0,0,0,0,0,0,0,,,,
RUE,2010,3,1,4,3.2,,,,,,,,938.8,,1.7,,0,0,0,0,0,0,0,,,,
RUE,2010,3,1,5,2.4,,,,,,,,939,,2,,0,0,0,0,0,0,0,,,,
RUE,2010,3,1,6,2.5,,,,,,,,939.4,,2.1,,8,0,0,0,0,0,0,,,,
RUE,2010,3,1,7,3.3,,,,,,,,939.8,,2.1,,121,0,0,0,0,0,0,,,,
RUE,2010,3,1,8,4.6,,,,,,,,940.1,,2.3,,301,1910.9,49.7,0,0,0,0,,,,
RUE,2010,3,1,9,5.6,,,,,,,,940,,2.5,,449,1309.8,74.1,0,0,0,0,,,,
RUE,2010,3,1,10,6.4,,,,,,,,939.9,,2.7,,559,1123.1,92.2,0,0,0,0,,,,
RUE,2010,3,1,11,7.4,,,,,,,,940,,1.5,,613,1003.1,101.1,0,0,0,0,,,,
RUE,2010,3,1,12,7.8,,,,,,,,939.7,,1.9,,603,887.1,102.9,0,0,0,0,,,,
RUE,2010,3,1,13,8.4,,,,,,,,939.4,,2,,538,672.1,153.5,0,0,0,0,,,,
RUE,2010,3,1,14,8.3,,,,,,,,939.5,,2,,262,47.8,236.4,0,0,0,0,,,,
RUE,2010,3,1,15,7.9,,,,,,,,939.8,,2.5,,151,7.7,147.5,0,0,0,0,,,,
RUE,2010,3,1,16,7.5,,,,,,,,940.2,,1.8,,59,2,58.3,0,0,0,0,,,,
RUE,2010,3,1,17,6.8,,,,,,,,940.7,,1.8,,7,0.1,7,0,0,0,0,,,,
RUE,2010,3,1,18,6.5,,,,,,,,941.4,,0.7,,0,0,0,0,0,0,0,,,,
RUE,2010,3,1,19,6.3,,,,,,,,941.9,,0.8,,0,0,0,0,0,0,0,,,,
RUE,2010,3,1,20,5.8,,,,,,,,942.3,,0.8,,0,0,0,0,0,0,0,,,,
RUE,2010,3,1,21,5.3,,,,,,,,942.9,,1,,0,0,0,0,0,0,0,,,,
RUE,2010,3,1,22,5.3,,,,,,,,943.3,,1,,0,0,0,0,0,0,0,,,,
RUE,2010,3,1,23,5.4,,,,,,,,943.9,,0.8,,0,0,0,0,0,0,0,,,,
RUE,2010,3,2,0,4.9,,,,,,,,944.4,,0.9,,0,0,0,0,0,0,0,,,,
RUE,2010,3,2,1,4.7,,,,,,,,944.6,,0.6,,0,0,0,0,0,0,0,,,,
RUE,2010,3,2,2,4,,,,,,,,944.8,,0.6,,0,0,0,0,0,0,0,,,,
RUE,2010,3,2,3,3.8,,,,,,,,945,,0.5,,0,0,0,0,0,0,0,,,,
RUE,2010,3,2,4,3.8,,,,,,,,945.5,,0.9,,0,0,0,0,0,0,0,,,,
RUE,2010,3,2,5,2.7,,,,,,,,945.8,,0.6,,0,0,0,0,0,0,0,,,,
RUE,2010,3,2,6,2.9,,,,,,,,946.1,,1.4,,2,0,0,0,0,0,0,,,,
RUE,2010,3,2,7,4.4,,,,,,,,946.5,,3,,89,0,0,0,0,0,0,,,,
RUE,2010,3,2,8,5,,,,,,,,947.1,,3,,46,8.1,44.9,0,0,0,0,,,,
RUE,2010,3,2,9,4.9,,,,,,,,947.4,,2.7,,66,3.3,65,0,0,0,0,,,,
RUE,2010,3,2,10,5.1,,,,,,,,947.8,,3.4,,116,4.9,113.9,0,0,0,0,,,,
RUE,2010,3,2,11,4.5,,,,,,,,948.3,,1.9,,226,27.4,211.9,0,0,0,0,,,,
RUE,2010,3,2,12,6.3,,,,,,,,948.1,,2.6,,415,285.7,252.4,0,0,0,0,,,,
RUE,2010,3,2,13,6.3,,,,,,,,948.5,,3.2,,240,21,227.9,0,0,0,0,,,,
RUE,2010,3,2,14,6.4,,,,,,,,948.9,,2.6,,159,5.6,156,0,0,0,0,,,,
RUE,2010,3,2,15,6.5,,,,,,,,949.1,,2.7,,135,5.6,132.4,0,0,0,0,,,,
RUE,2010,3,2,16,6.5,,,,,,,,949.3,,3.1,,60,2,59.3,0,0,0,0,,,,
RUE,2010,3,2,17,5.8,,,,,,,,949.8,,2.1,,7,0.1,7,0,0,0,0,,,,
RUE,2010,3,2,18,5,,,,,,,,950.3,,1.3,,0,0,0,0,0,0,0,,,,
RUE,2010,3,2,19,4.9,,,,,,,,950.4,,1.9,,0,0,0,0,0,0,0,,,,
RUE,2010,3,2,20,4.4,,,,,,,,950.4,,0.7,,0,0,0,0,0,0,0,,,,
RUE,2010,3,2,21,4,,,,,,,,950.3,,0.9,,0,0,0,0,0,0,0,,,,
RUE,2010,3,2,22,3.4,,,,,,,,950.3,,1.3,,0,0,0,0,0,0,0,,,,
RUE,2010,3,2,23,3.1,,,,,,,,949.8,,3,,0,0,0,0,0,0,0,,,,
RUE,2010,3,3,0,2.9,,,,,,,,950,,2.7,,0,0,0,0,0,0,0,,,,
RUE,2010,3,3,1,2.2,,,,,,,,949.6,,2.7,,0,0,0,0,0,0,0,,,,
RUE,2010,3,3,2,1.7,,,,,,,,949,,3.3,,0,0,0,0,0,0,0,,,,
RUE,2010,3,3,3,0.9,,,,,,,,948.5,,3.1,,0,0,0,0,0,0,0,,,,
RUE,2010,3,3,4,0.5,,,,,,,,948.1,,3.3,,0,0,0,0,0,0,0,,,,
RUE,2010,3,3,5,0.1,,,,,,,,947.4,,4.3,,0,0,0,0,0,0,0,,,,
RUE,2010,3,3,6,0,,,,,,,,946.6,,5,,11,0,0,0,0,0,0,,,,
RUE,2010,3,3,7,0.3,,,,,,,,946,,5.8,,115,0,0,0,0,0,0,,,,
RUE,2010,3,3,8,1.2,,,,,,,,945.4,,4.4,,251,1469.6,41.4,0,0,0,0,,,,
RUE,2010,3,3,9,2.5,,,,,,,,944.6,,5.8,,386,1083.2,63.7,0,0,0,0,,,,
RUE,2010,3,3,10,3.3,,,,,,,,943.9,,6,,311,285.2,189.2,0,0,0,0,,,,
RUE,2010,3,3,11,3.8,,,,,,,,942.7,,7,,309,119.1,246.9,0,0,0,0,,,,
RUE,2010,3,3,12,4.3,,,,,,,,941.6,,7.6,,276,43.6,251,0,0,0,0,,,,
RUE,2010,3,3,13,4.5,,,,,,,,940.8,,5.2,,189,7.2,184.8,0,0,0,0,,,,
RUE,2010,3,3,14,4.5,,,,,,,,939.9,,5.6,,158,5.4,155,0,0,0,0,,,,
RUE,2010,3,3,15,4.4,,,,,,,,939.3,,6,,116,4,114.1,0,0,0,0,,,,
RUE,2010,3,3,16,3.8,,,,,,,,938.8,,6.8,,63,2.1,62.3,0,0,0,0,,,,
RUE,2010,3,3,17,3.2,,,,,,,,938.4,,5.8,,7,0.1,7,0,0,0,0,,,,
RUE,2010,3,3,18,2.9,,,,,,,,938.1,,5.7,,0,0,0,0,0,0,0,,,,
RUE,2010,3,3,19,2.2,,,,,,,,937.7,,5,,0,0,0,0,0,0,0,,,,
RUE,2010,3,3,20,1.8,,,,,,,,937.7,,5.2,,0,0,0,0,0,0,0,,,,
RUE,2010,3,3,21,1.6,,,,,,,,937.6,,6.2,,0,0,0,0,0,0,0,,,,
RUE,2010,3,3,22,1.2,,,,,,,,937.3,,5.2,,0,0,0,0,0,0,0,,,,
RUE,2010,3,3,23,1,,,,,,,,936.8,,5.7,,0,0,0,0,0,0,0,,,,
RUE,2010,3,4,0,1.1,,,,,,,,936.5,,4,,0,0,0,0,0,0,0,,,,
RUE,2010,3,4,1,1.2,,,,,,,,936.2,,2.6,,0,0,0,0,0,0,0,,,,
RUE,2010,3,4,2,1.2,,,,,,,,935.9,,2.5,,0,0,0,0,0,0,0,,,,
RUE,2010,3,4,3,1.2,,,,,,,,935.8,,1.8,,0,0,0,0,0,0,0,,,,
RUE,2010,3,4,4,1,,,,,,,,936,,3.1,,0,0,0,0,0,0,0,,,,
RUE,2010,3,4,5,0.7,,,,,,,,936.1,,3.7,,0,0,0,0,0,0,0,,,,
RUE,2010,3,4,6,-0.4,,,,,,,,936.4,,3.8,,2,0,0,0,0,0,0,,,,
RUE,2010,3,4,7,-1.2,,,,,,,,937.2,,3.6,,32,0,0,0,0,0,0,,,,
RUE,2010,3,4,8,-1.2,,,,,,,,937.8,,3.9,,93,154,70.2,0,0,0,0,,,,
RUE,2010,3,4,9,-0.8,,,,,,,,938.3,,2.2,,191,156.6,143.5,0,0,0,0,,,,
RUE,2010,3,4,10,0.4,,,,,,,,938.6,,2.6,,325,321.4,185.9,0,0,0,0,,,,
RUE,2010,3,4,11,0.7,,,,,,,,939.1,,2.8,,264,53.8,235.7,0,0,0,0,,,,
RUE,2010,3,4,12,1.8,,,,,,,,939.2,,3.2,,456,379.9,235.6,0,0,0,0,,,,
RUE,2010,3,4,13,3,,,,,,,,939.4,,2.7,,398,212.2,273.2,0,0,0,0,,,,
RUE,2010,3,4,14,3.5,,,,,,,,939.8,,2.1,,223,18.5,212.8,0,0,0,0,,,,
RUE,2010,3,4,15,3.2,,,,,,,,940.4,,2.4,,158,8.1,154.2,0,0,0,0,,,,
RUE,2010,3,4,16,3.2,,,,,,,,941.2,,1,,77,3.1,75.9,0,0,0,0,,,,
RUE,2010,3,4,17,2.5,,,,,,,,942.2,,2.9,,8,0.1,8,0,0,0,0,,,,
RUE,2010,3,4,18,1.3,,,,,,,,943.3,,3,,0,0,0,0,0,0,0,,,,
RUE,2010,3,4,19,0.7,,,,,,,,944,,2,,0,0,0,0,0,0,0,,,,
RUE,2010,3,4,20,0.4,,,,,,,,944.6,,2.8,,0,0,0,0,0,0,0,,,,
RUE,2010,3,4,21,0.1,,,,,,,,945.3,,2.8,,0,0,0,0,0,0,0,,,,
RUE,2010,3,4,22,-0.3,,,,,,,,945.8,,4,,0,0,0,0,0,0,0,,,,
RUE,2010,3,4,23,-0.8,,,,,,,,946.4,,4.6,,0,0,0,0,0,0,0,,,,
RUE,2010,3,5,0,-1.3,,,,,,,,946.9,,3.5,,0,0,0,0,0,0,0,,,,
RUE,2010,3,5,1,-1.9,,,,,,,,947.3,,2.5,,0,0,0,0,0,0,0,,,,
RUE,2010,3,5,2,-2.3,,,,,,,,947.4,,2.7,,0,0,0,0,0,0,0,,,,
RUE,2010,3,5,3,-2.7,,,,,,,,947.8,,1.5,,0,0,0,0,0,0,0,,,,
RUE,2010,3,5,4,-3.2,,,,,,,,948.3,,1.1,,0,0,0,0,0,0,0,,,,
RUE,2010,3,5,5,-4.1,,,,,,,,948.6,,0.9,,0,0,0,0,0,0,0,,,,
RUE,2010,3,5,6,-4.6,,,,,,,,949,,1.3,,16,0,0,0,0,0,0,,,,
RUE,2010,3,5,7,-3.8,,,,,,,,949.5,,1.1,,103,0,0,0,0,0,0,,,,
RUE,2010,3,5,8,-2.9,,,,,,,,950.1,,1.7,,274,1487,45.2,0,0,0,0,,,,
RUE,2010,3,5,9,-1.8,,,,,,,,950.3,,2.3,,474,1281,78.2,0,0,0,0,,,,
RUE,2010,3,5,10,-1.3,,,,,,,,950.6,,2.7,,425,729.8,105.1,0,0,0,0,,,,
RUE,2010,3,5,11,-0.7,,,,,,,,950.7,,3.3,,378,257.7,240.7,0,0,0,0,,,,
RUE,2010,3,5,12,-0.2,,,,,,,,950.6,,4.3,,531,608.6,174.5,0,0,0,0,,,,
RUE,2010,3,5,13,0.2,,,,,,,,950.5,,4.7,,543,624.7,172.2,0,0,0,0,,,,
RUE,2010,3,5,14,0.5,,,,,,,,950.4,,4.2,,507,619.5,162.6,0,0,0,0,,,,
RUE,2010,3,5,15,-0.1,,,,,,,,950.4,,4.2,,293,143,225.1,0,0,0,0,,,,
RUE,2010,3,5,16,-0.6,,,,,,,,950.6,,3.4,,135,13.4,130.2,0,0,0,0,,,,
RUE,2010,3,5,17,-1.6,,,,,,,,951,,2.5,,15,0.3,14.9,0,0,0,0,,,,
RUE,2010,3,5,18,-1.9,,,,,,,,951.3,,1.6,,0,0,0,0,0,0,0,,,,
RUE,2010,3,5,19,-2.7,,,,,,,,951.2,,1.2,,0,0,0,0,0,0,0,,,,
RUE,2010,3,5,20,-3.2,,,,,,,,950.8,,1.1,,0,0,0,0,0,0,0,,,,
RUE,2010,3,5,21,-2.9,,,,,,,,950.5,,1.2,,0,0,0,0,0,0,0,,,,
RUE,2010,3,5,22,-3.2,,,,,,,,950,,1.7,,0,0,0,0,0,0,0,,,,
RUE,2010,3,5,23,-3.5,,,,,,,,949.5,,1.9,,0,0,0,0,0,0,0,,,,
RUE,2010,3,6,0,-3.5,,,,,,,,948.8,,2.9,,0,0,0,0,0,0,0,,,,
RUE,2010,3,6,1,-3,,,,,,,,948.1,,3.2,,0,0,0,0,0,0,0,,,,
RUE,2010,3,6,2,-2.8,,,,,,,,947.1,,3.7,,0,0,0,0,0,0,0,,,,
RUE,2010,3,6,3,-2.5,,,,,,,,946.3,,4.6,,0,0,0,0,0,0,0,,,,
RUE,2010,3,6,4,-2.2,,,,,,,,945.7,,4.5,,0,0,0,0,0,0,0,,,,
RUE,2010,3,6,5,-2.2,,,,,,,,944.8,,5.3,,0,0,0,0,0,0,0,,,,
RUE,2010,3,6,6,-1.9,,,,,,,,944,,3.3,,1,0,0,0,0,0,0,,,,
RUE,2010,3,6,7,-1.4,,,,,,,,943.2,,3,,6,0,0,0,0,0,0,,,,
RUE,2010,3,6,8,-1,,,,,,,,942.6,,4.4,,12,0.4,11.9,0,0,0,0,,,,
RUE,2010,3,6,9,-2,,,,,,,,943.8,,4.4,,37,0.9,36.7,0,0,0,0,,,,
RUE,2010,3,6,10,-2,,,,,,,,945,,4.3,,144,7.2,140.8,0,0,0,0,,,,
RUE,2010,3,6,11,-0.7,,,,,,,,945,,4.6,,534,770.4,119.1,0,0,0,0,,,,
RUE,2010,3,6,12,-0.7,,,,,,,,945.1,,4,,286,45.4,259.1,0,0,0,0,,,,
RUE,2010,3,6,13,-0.6,,,,,,,,945,,3.3,,309,62.4,271.6,0,0,0,0,,,,
RUE,2010,3,6,14,-0.4,,,,,,,,944.9,,3.4,,443,387.6,225.6,0,0,0,0,,,,
RUE,2010,3,6,15,-0.9,,,,,,,,945,,3.3,,170,10,165.2,0,0,0,0,,,,
RUE,2010,3,6,16,-2.5,,,,,,,,945.4,,2.8,,19,0.2,18.9,0,0,0,0,,,,
RUE,2010,3,6,17,-2.7,,,,,,,,945.6,,2,,7,0.1,7,0,0,0,0,,,,
RUE,2010,3,6,18,-2.9,,,,,,,,946.1,,2,,0,0,0,0,0,0,0,,,,
RUE,2010,3,6,19,-3.1,,,,,,,,946.4,,3,,0,0,0,0,0,0,0,,,,
RUE,2010,3,6,20,-4.1,,,,,,,,947.1,,3.8,,0,0,0,0,0,0,0,,,,
RUE,2010,3,6,21,-5,,,,,,,,947.5,,3.9,,0,0,0,0,0,0,0,,,,
RUE,2010,3,6,22,-5.2,,,,,,,,947.7,,4.1,,0,0,0,0,0,0,0,,,,
RUE,2010,3,6,23,-5.6,,,,,,,,948.1,,3.2,,0,0,0,0,0,0,0,,,,
RUE,2010,3,7,0,-6,,,,,,,,948.3,,3.6,,0,0,0,0,0,0,0,,,,
RUE,2010,3,7,1,-6.1,,,,,,,,948.5,,3,,0,0,0,0,0,0,0,,,,
RUE,2010,3,7,2,-6,,,,,,,,948.4,,3.1,,0,0,0,0,0,0,0,,,,
RUE,2010,3,7,3,-6.1,,,,,,,,948.1,,4,,0,0,0,0,0,0,0,,,,
RUE,2010,3,7,4,-6.2,,,,,,,,948.1,,3.2,,0,0,0,0,0,0,0,,,,
RUE,2010,3,7,5,-6.3,,,,,,,,948.1,,5.1,,0,0,0,0,0,0,0,,,,
RUE,2010,3,7,6,-6.4,,,,,,,,948.1,,4.9,,10,0,0,0,0,0,0,,,,
RUE,2010,3,7,7,-6.3,,,,,,,,948.1,,5.7,,45,0,0,0,0,0,0,,,,
RUE,2010,3,7,8,-6.3,,,,,,,,948.4,,5.5,,79,43,71.9,0,0,0,0,,,,
RUE,2010,3,7,9,-5.8,,,,,,,,948.4,,6.7,,151,40,138.2,0,0,0,0,,,,
RUE,2010,3,7,10,-5.1,,,,,,,,948.4,,6.5,,271,129.3,212.8,0,0,0,0,,,,
RUE,2010,3,7,11,-4,,,,,,,,948.4,,5.9,,400,297.3,238.2,0,0,0,0,,,,
RUE,2010,3,7,12,-2.6,,,,,,,,947.9,,4.1,,613,829.7,117.8,0,0,0,0,,,,
RUE,2010,3,7,13,-2.1,,,,,,,,947.5,,6.5,,600,772.9,132.9,0,0,0,0,,,,
RUE,2010,3,7,14,-2.2,,,,,,,,946.9,,8.7,,474,475.4,204.9,0,0,0,0,,,,
RUE,2010,3,7,15,-2.5,,,,,,,,946.7,,8.7,,283,112,228.7,0,0,0,0,,,,
RUE,2010,3,7,16,-2.9,,,,,,,,946.7,,8.1,,135,11.9,130.6,0,0,0,0,,,,
RUE,2010,3,7,17,-3.6,,,,,,,,946.7,,7.6,,13,0.2,12.9,0,0,0,0,,,,
RUE,2010,3,7,18,-4.2,,,,,,,,946.8,,6.2,,0,0,0,0,0,0,0,,,,
RUE,2010,3,7,19,-4.9,,,,,,,,946.8,,6.5,,0,0,0,0,0,0,0,,,,
RUE,2010,3,7,20,-5.6,,,,,,,,946.7,,6.6,,0,0,0,0,0,0,0,,,,
RUE,2010,3,7,21,-6.1,,,,,,,,947.1,,5.7,,0,0,0,0,0,0,0,,,,
RUE,2010,3,7,22,-6.4,,,,,,,,947.3,,5.2,,0,0,0,0,0,0,0,,,,
RUE,2010,3,7,23,-6.9,,,,,,,,947.6,,3.7,,0,0,0,0,0,0,0,,,,
RUE,2010,3,8,0,-7.1,,,,,,,,947.4,,4,,0,0,0,0,0,0,0,,,,
RUE,2010,3,8,1,-7.3,,,,,,,,947.3,,4.7,,0,0,0,0,0,0,0,,,,
RUE,2010,3,8,2,-7.8,,,,,,,,946.9,,2.8,,0,0,0,0,0,0,0,,,,
RUE,2010,3,8,3,-8.1,,,,,,,,946.6,,2.2,,0,0,0,0,0,0,0,,,,
RUE,2010,3,8,4,-8.4,,,,,,,,946.2,,1.4,,0,0,0,0,0,0,0,,,,
RUE,2010,3,8,5,-8.5,,,,,,,,946,,2.3,,0,0,0,0,0,0,0,,,,
RUE,2010,3,8,6,-8.2,,,,,,,,946.1,,3.2,,23,0,0,0,0,0,0,,,,
RUE,2010,3,8,7,-7.5,,,,,,,,946.3,,4.6,,167,0,0,0,0,0,0,,,,
RUE,2010,3,8,8,-6.4,,,,,,,,946.2,,4.1,,349,1704.2,57.6,0,0,0,0,,,,
RUE,2010,3,8,9,-5.1,,,,,,,,946.1,,5.6,,511,1307.8,84.3,0,0,0,0,,,,
RUE,2010,3,8,10,-3.5,,,,,,,,945.8,,5.7,,624,1143.7,103,0,0,0,0,,,,
RUE,2010,3,8,11,-2.4,,,,,,,,945.3,,5.8,,684,1038.9,112.9,0,0,0,0,,,,
RUE,2010,3,8,12,-1.5,,,,,,,,944.8,,6.7,,683,946.8,112.7,0,0,0,0,,,,
RUE,2010,3,8,13,-1,,,,,,,,944.1,,7.3,,624,824.6,121.3,0,0,0,0,,,,
RUE,2010,3,8,14,-0.9,,,,,,,,943.7,,6.1,,510,583.5,176.7,0,0,0,0,,,,
RUE,2010,3,8,15,-1.3,,,,,,,,943.4,,5.7,,309,158.7,231.2,0,0,0,0,,,,
RUE,2010,3,8,16,-2.2,,,,,,,,943.3,,6.3,,159,24.8,149.8,0,0,0,0,,,,
RUE,2010,3,8,17,-3.2,,,,,,,,943.6,,7,,17,0.4,16.9,0,0,0,0,,,,
RUE,2010,3,8,18,-4.3,,,,,,,,944,,6.2,,0,0,0,0,0,0,0,,,,
RUE,2010,3,8,19,-4.9,,,,,,,,943.8,,5.3,,0,0,0,0,0,0,0,,,,
RUE,2010,3,8,20,-5.3,,,,,,,,943.3,,7.5,,0,0,0,0,0,0,0,,,,
RUE,2010,3,8,21,-5.8,,,,,,,,943.3,,5.9,,0,0,0,0,0,0,0,,,,
RUE,2010,3,8,22,-6.4,,,,,,,,943,,4.5,,0,0,0,0,0,0,0,,,,
RUE,2010,3,8,23,-6.8,,,,,,,,942.7,,2.5,,0,0,0,0,0,0,0,,,,
RUE,2010,3,9,0,-7.1,,,,,,,,942.2,,3.4,,0,0,0,0,0,0,0,,,,
RUE,2010,3,9,1,-7.2,,,,,,,,941.7,,3.4,,0,0,0,0,0,0,0,,,,
RUE,2010,3,9,2,-7.6,,,,,,,,941.5,,3.5,,0,0,0,0,0,0,0,,,,
RUE,2010,3,9,3,-7.7,,,,,,,,941.3,,3.3,,0,0,0,0,0,0,0,,,,
RUE,2010,3,9,4,-7.9,,,,,,,,941.3,,2.4,,0,0,0,0,0,0,0,,,,
RUE,2010,3,9,5,-7.9,,,,,,,,941.3,,3,,0,0,0,0,0,0,0,,,,
RUE,2010,3,9,6,-8,,,,,,,,941.8,,2.9,,9,0,0,0,0,0,0,,,,
RUE,2010,3,9,7,-8,,,,,,,,942.1,,5.9,,89,0,0,0,0,0,0,,,,
RUE,2010,3,9,8,-7.8,,,,,,,,942.3,,8,,249,1176.2,41.1,0,0,0,0,,,,
RUE,2010,3,9,9,-6.8,,,,,,,,942.2,,6.5,,480,1207,79.2,0,0,0,0,,,,
RUE,2010,3,9,10,-5.7,,,,,,,,941.7,,7.3,,486,868.4,85.3,0,0,0,0,,,,
RUE,2010,3,9,11,-5.1,,,,,,,,941.5,,7.8,,512,641.1,155.9,0,0,0,0,,,,
RUE,2010,3,9,12,-5.5,,,,,,,,941.5,,8.5,,307,56.7,272.6,0,0,0,0,,,,
RUE,2010,3,9,13,-5.3,,,,,,,,941.6,,7.4,,246,17.6,235.2,0,0,0,0,,,,
RUE,2010,3,9,14,-4.6,,,,,,,,941.5,,8.1,,272,40.4,248.7,0,0,0,0,,,,
RUE,2010,3,9,15,-4,,,,,,,,941.5,,8.5,,162,7.5,158.3,0,0,0,0,,,,
RUE,2010,3,9,16,-3.6,,,,,,,,941.6,,7.2,,70,2.3,69.2,0,0,0,0,,,,
RUE,2010,3,9,17,-3.5,,,,,,,,941.9,,7.3,,12,0.2,12,0,0,0,0,,,,
RUE,2010,3,9,18,-3.4,,,,,,,,942.3,,6.7,,0,0,0,0,0,0,0,,,,
RUE,2010,3,9,19,-3.5,,,,,,,,942.3,,6.8,,0,0,0,0,0,0,0,,,,
RUE,2010,3,9,20,-3.5,,,,,,,,942.3,,6.7,,0,0,0,0,0,0,0,,,,
RUE,2010,3,9,21,-3.7,,,,,,,,942,,7.3,,0,0,0,0,0,0,0,,,,
RUE,2010,3,9,22,-3.8,,,,,,,,941.5,,6,,0,0,0,0,0,0,0,,,,
RUE,2010,3,9,23,-4.1,,,,,,,,941,,6.6,,0,0,0,0,0,0,0,,,,
RUE,2010,3,10,0,-4.5,,,,,,,,940.7,,5.7,,0,0,0,0,0,0,0,,,,
RUE,2010,3,10,1,-4.8,,,,,,,,940.3,,5.2,,0,0,0,0,0,0,0,,,,
RUE,2010,3,10,2,-4.9,,,,,,,,939.9,,5.8,,0,0,0,0,0,0,0,,,,
RUE,2010,3,10,3,-5.1,,,,,,,,939.8,,4.7,,0,0,0,0,0,0,0,,,,
RUE,2010,3,10,4,-5.2,,,,,,,,939.6,,5.4,,0,0,0,0,0,0,0,,,,
RUE,2010,3,10,5,-5.6,,,,,,,,939.5,,5,,0,0,0,0,0,0,0,,,,
RUE,2010,3,10,6,-5.9,,,,,,,,939.6,,4.9,,10,0,0,0,0,0,0,,,,
RUE,2010,3,10,7,-5.5,,,,,,,,939.7,,5.9,,58,0,0,0,0,0,0,,,,
RUE,2010,3,10,8,-5.3,,,,,,,,940,,5.4,,157,520.9,61.9,0,0,0,0,,,,
RUE,2010,3,10,9,-5.1,,,,,,,,940.1,,6,,215,165.4,159.1,0,0,0,0,,,,
RUE,2010,3,10,10,-4.6,,,,,,,,940.3,,4.7,,276,119.2,220.3,0,0,0,0,,,,
RUE,2010,3,10,11,-3.8,,,,,,,,940.2,,5.4,,456,431.5,213.9,0,0,0,0,,,,
RUE,2010,3,10,12,-3.6,,,,,,,,939.9,,4.3,,310,57,275,0,0,0,0,,,,
RUE,2010,3,10,13,-3.1,,,,,,,,939.7,,4.3,,319,62,280.5,0,0,0,0,,,,
RUE,2010,3,10,14,-2.7,,,,,,,,939.7,,4.4,,190,7.4,185.7,0,0,0,0,,,,
RUE,2010,3,10,15,-2.2,,,,,,,,939.6,,3.6,,166,7.9,162.1,0,0,0,0,,,,
RUE,2010,3,10,16,-2.1,,,,,,,,939.6,,2.3,,67,2,66.2,0,0,0,0,,,,
RUE,2010,3,10,17,-2.2,,,,,,,,939.7,,0.8,,3,0,3,0,0,0,0,,,,
RUE,2010,3,10,18,-2.4,,,,,,,,939.9,,0.8,,0,0,0,0,0,0,0,,,,
RUE,2010,3,10,19,-2.5,,,,,,,,939.9,,0.9,,0,0,0,0,0,0,0,,,,
RUE,2010,3,10,20,-2.7,,,,,,,,939.8,,0.7,,0,0,0,0,0,0,0,,,,
RUE,2010,3,10,21,-2.8,,,,,,,,939.8,,1.1,,0,0,0,0,0,0,0,,,,
RUE,2010,3,10,22,-3.8,,,,,,,,939.6,,1.3,,0,0,0,0,0,0,0,,,,
RUE,2010,3,10,23,-3.9,,,,,,,,939.3,,0.7,,0,0,0,0,0,0,0,,,,
RUE,2010,3,11,0,-3.8,,,,,,,,939.3,,1,,0,0,0,0,0,0,0,,,,
RUE,2010,3,11,1,-3.7,,,,,,,,939.3,,1.3,,0,0,0,0,0,0,0,,,,
RUE,2010,3,11,2,-3.7,,,,,,,,939.1,,1,,0,0,0,0,0,0,0,,,,
RUE,2010,3,11,3,-3.9,,,,,,,,939,,1.6,,0,0,0,0,0,0,0,,,,
RUE,2010,3,11,4,-4,,,,,,,,939.2,,1.7,,0,0,0,0,0,0,0,,,,
RUE,2010,3,11,5,-4.2,,,,,,,,939.4,,1.5,,0,0,0,0,0,0,0,,,,
RUE,2010,3,11,6,-4.4,,,,,,,,939.6,,0.9,,5,0,0,0,0,0,0,,,,
RUE,2010,3,11,7,-4.1,,,,,,,,940,,0.6,,54,0,0,0,0,0,0,,,,
RUE,2010,3,11,8,-3.9,,,,,,,,940.3,,0.8,,86,34.4,79.5,0,0,0,0,,,,
RUE,2010,3,11,9,-3.8,,,,,,,,940.5,,1.6,,92,4.7,90.4,0,0,0,0,,,,
RUE,2010,3,11,10,-3.4,,,,,,,,940.5,,2,,170,10.7,164.9,0,0,0,0,,,,
RUE,2010,3,11,11,-3.3,,,,,,,,940.6,,1.4,,156,4.9,153.2,0,0,0,0,,,,
RUE,2010,3,11,12,-3.3,,,,,,,,940.6,,1.4,,173,5.1,169.9,0,0,0,0,,,,
RUE,2010,3,11,13,-3.1,,,,,,,,940.5,,1.9,,145,3.5,142.8,0,0,0,0,,,,
RUE,2010,3,11,14,-3.1,,,,,,,,940.7,,1.9,,160,4.8,157.2,0,0,0,0,,,,
RUE,2010,3,11,15,-3,,,,,,,,940.9,,1.9,,121,3.7,119.1,0,0,0,0,,,,
RUE,2010,3,11,16,-3.1,,,,,,,,941.3,,1.5,,82,2.9,80.9,0,0,0,0,,,,
RUE,2010,3,11,17,-3.4,,,,,,,,941.9,,1.2,,9,0.1,9,0,0,0,0,,,,
RUE,2010,3,11,18,-3.5,,,,,,,,942.5,,0.9,,0,0,0,0,0,0,0,,,,
RUE,2010,3,11,19,-3.5,,,,,,,,942.8,,0.9,,0,0,0,0,0,0,0,,,,
RUE,2010,3,11,20,-3.8,,,,,,,,943.1,,0.7,,0,0,0,0,0,0,0,,,,
RUE,2010,3,11,21,-3.9,,,,,,,,943.3,,0.8,,0,0,0,0,0,0,0,,,,
RUE,2010,3,11,22,-4.4,,,,,,,,943.4,,0.6,,0,0,0,0,0,0,0,,,,
RUE,2010,3,11,23,-4.8,,,,,,,,943.5,,0.4,,0,0,0,0,0,0,0,,,,
RUE,2010,3,12,0,-5.1,,,,,,,,943.6,,0.6,,0,0,0,0,0,0,0,,,,
RUE,2010,3,12,1,-5.2,,,,,,,,943.7,,0.7,,0,0,0,0,0,0,0,,,,
RUE,2010,3,12,2,-5.7,,,,,,,,943.6,,0.4,,0,0,0,0,0,0,0,,,,
RUE,2010,3,12,3,-5.7,,,,,,,,943.8,,0.5,,0,0,0,0,0,0,0,,,,
RUE,2010,3,12,4,-5.7,,,,,,,,944,,0.4,,0,0,0,0,0,0,0,,,,
RUE,2010,3,12,5,-5.4,,,,,,,,944.3,,0.6,,0,0,0,0,0,0,0,,,,
RUE,2010,3,12,6,-5,,,,,,,,944.6,,0.6,,12,0,0,0,0,0,0,,,,
RUE,2010,3,12,7,-4.6,,,,,,,,945.2,,1,,72,0,0,0,0,0,0,,,,
RUE,2010,3,12,8,-4.3,,,,,,,,945.7,,1,,161,463,71.1,0,0,0,0,,,,
RUE,2010,3,12,9,-3.8,,,,,,,,945.9,,0.5,,256,295.3,152.8,0,0,0,0,,,,
RUE,2010,3,12,10,-3.3,,,,,,,,945.9,,0.5,,358,320.2,204.8,0,0,0,0,,,,
RUE,2010,3,12,11,-2.4,,,,,,,,945.9,,0.7,,457,406.7,224.2,0,0,0,0,,,,
RUE,2010,3,12,12,-1.9,,,,,,,,945.8,,0.6,,600,718.4,151.6,0,0,0,0,,,,
RUE,2010,3,12,13,-0.6,,,,,,,,945.6,,1.2,,635,799.2,130.9,0,0,0,0,,,,
RUE,2010,3,12,14,0.1,,,,,,,,945.6,,1,,520,559.2,189.2,0,0,0,0,,,,
RUE,2010,3,12,15,0.1,,,,,,,,945.6,,1.4,,328,174.9,238.9,0,0,0,0,,,,
RUE,2010,3,12,16,-0.2,,,,,,,,945.8,,1.9,,168,25.9,157.9,0,0,0,0,,,,
RUE,2010,3,12,17,-0.8,,,,,,,,946.3,,0.9,,22,0.5,21.9,0,0,0,0,,,,
RUE,2010,3,12,18,-1.4,,,,,,,,947,,0.3,,0,0,0,0,0,0,0,,,,
RUE,2010,3,12,19,-2.1,,,,,,,,947.4,,0.9,,0,0,0,0,0,0,0,,,,
RUE,2010,3,12,20,-2.3,,,,,,,,947.9,,0.8,,0,0,0,0,0,0,0,,,,
RUE,2010,3,12,21,-2.6,,,,,,,,948.4,,1,,0,0,0,0,0,0,0,,,,
RUE,2010,3,12,22,-2.7,,,,,,,,948.6,,0.7,,0,0,0,0,0,0,0,,,,
RUE,2010,3,12,23,-2.9,,,,,,,,948.8,,0.4,,0,0,0,0,0,0,0,,,,
RUE,2010,3,13,0,-3.4,,,,,,,,949,,1,,0,0,0,0,0,0,0,,,,
RUE,2010,3,13,1,-3.5,,,,,,,,949.3,,0.8,,0,0,0,0,0,0,0,,,,
RUE,2010,3,13,2,-3.4,,,,,,,,949.4,,1,,0,0,0,0,0,0,0,,,,
RUE,2010,3,13,3,-3.5,,,,,,,,949.5,,1,,0,0,0,0,0,0,0,,,,
RUE,2010,3,13,4,-3.6,,,,,,,,949.7,,1.1,,0,0,0,0,0,0,0,,,,
RUE,2010,3,13,5,-3.7,,,,,,,,950,,0.7,,0,0,0,0,0,0,0,,,,
RUE,2010,3,13,6,-3.9,,,,,,,,950.5,,0.5,,29,0,0,0,0,0,0,,,,
RUE,2010,3,13,7,-2.7,,,,,,,,951.2,,0.2,,153,0,0,0,0,0,0,,,,
RUE,2010,3,13,8,-1.9,,,,,,,,951.7,,0.5,,145,284.2,88.2,0,0,0,0,,,,
RUE,2010,3,13,9,-0.8,,,,,,,,952.1,,0.6,,233,189,165.8,0,0,0,0,,,,
RUE,2010,3,13,10,0.7,,,,,,,,952.4,,1.4,,411,500.7,168.5,0,0,0,0,,,,
RUE,2010,3,13,11,1.7,,,,,,,,952.5,,1.4,,515,583.6,177.8,0,0,0,0,,,,
RUE,2010,3,13,12,2.3,,,,,,,,952.5,,0.8,,540,518.2,213.7,0,0,0,0,,,,
RUE,2010,3,13,13,2.7,,,,,,,,952.4,,2,,372,114.5,299.2,0,0,0,0,,,,
RUE,2010,3,13,14,2.4,,,,,,,,952.3,,1.8,,185,6.4,181.2,0,0,0,0,,,,
RUE,2010,3,13,15,3,,,,,,,,952.3,,1.2,,265,63.2,232.5,0,0,0,0,,,,
RUE,2010,3,13,16,3.4,,,,,,,,952.4,,1.2,,178,32.7,165.1,0,0,0,0,,,,
RUE,2010,3,13,17,3,,,,,,,,952.8,,1.2,,25,0.7,24.8,0,0,0,0,,,,
RUE,2010,3,13,18,2.5,,,,,,,,953.2,,1.5,,0,0,0,0,0,0,0,,,,
RUE,2010,3,13,19,2,,,,,,,,953.5,,1.3,,0,0,0,0,0,0,0,,,,
RUE,2010,3,13,20,1.6,,,,,,,,953.8,,0.6,,0,0,0,0,0,0,0,,,,
RUE,2010,3,13,21,1.4,,,,,,,,953.8,,1.1,,0,0,0,0,0,0,0,,,,
RUE,2010,3,13,22,0.6,,,,,,,,953.8,,1.1,,0,0,0,0,0,0,0,,,,
RUE,2010,3,13,23,0,,,,,,,,953.7,,1.2,,0,0,0,0,0,0,0,,,,
RUE,2010,3,14,0,-0.1,,,,,,,,953.6,,1.2,,0,0,0,0,0,0,0,,,,
RUE,2010,3,14,1,-0.3,,,,,,,,953.5,,1.3,,0,0,0,0,0,0,0,,,,
RUE,2010,3,14,2,-0.4,,,,,,,,953.2,,1.2,,0,0,0,0,0,0,0,,,,
RUE,2010,3,14,3,0,,,,,,,,953.1,,1.1,,0,0,0,0,0,0,0,,,,
RUE,2010,3,14,4,-0.3,,,,,,,,953,,0.9,,0,0,0,0,0,0,0,,,,
RUE,2010,3,14,5,-0.1,,,,,,,,952.9,,1,,0,0,0,0,0,0,0,,,,
RUE,2010,3,14,6,0.1,,,,,,,,953.2,,0.8,,12,0,0,0,0,0,0,,,,
RUE,2010,3,14,7,0.3,,,,,,,,953.4,,0.6,,53,0,0,0,0,0,0,,,,
RUE,2010,3,14,8,0.8,,,,,,,,953.6,,1.1,,109,71.9,94.2,0,0,0,0,,,,
RUE,2010,3,14,9,1.4,,,,,,,,953.9,,0.8,,190,69.8,164.8,0,0,0,0,,,,
RUE,2010,3,14,10,1.9,,,,,,,,953.8,,1.5,,229,38.9,209.9,0,0,0,0,,,,
RUE,2010,3,14,11,2.1,,,,,,,,953.6,,2.1,,216,12.3,208.8,0,0,0,0,,,,
RUE,2010,3,14,12,2.1,,,,,,,,953.2,,1.9,,213,8.2,207.8,0,0,0,0,,,,
RUE,2010,3,14,13,2.2,,,,,,,,952.6,,2.7,,179,5.1,175.7,0,0,0,0,,,,
RUE,2010,3,14,14,1.9,,,,,,,,952.5,,2.1,,116,2.4,114.5,0,0,0,0,,,,
RUE,2010,3,14,15,1.9,,,,,,,,952.4,,1.5,,84,1.7,83.1,0,0,0,0,,,,
RUE,2010,3,14,16,1.9,,,,,,,,952.4,,1.9,,52,1.1,51.6,0,0,0,0,,,,
RUE,2010,3,14,17,1.5,,,,,,,,952.7,,1.9,,6,0,6,0,0,0,0,,,,
RUE,2010,3,14,18,1.1,,,,,,,,953.1,,1.9,,0,0,0,0,0,0,0,,,,
RUE,2010,3,14,19,0.9,,,,,,,,953.3,,1.4,,0,0,0,0,0,0,0,,,,
RUE,2010,3,14,20,1.1,,,,,,,,953.5,,1.5,,0,0,0,0,0,0,0,,,,
RUE,2010,3,14,21,1.1,,,,,,,,953.5,,1.4,,0,0,0,0,0,0,0,,,,
RUE,2010,3,14,22,1.1,,,,,,,,953.3,,2.2,,0,0,0,0,0,0,0,,,,
RUE,2010,3,14,23,1,,,,,,,,953.2,,2.6,,0,0,0,0,0,0,0,,,,
RUE,2010,3,15,0,0.9,,,,,,,,953,,2.1,,0,0,0,0,0,0,0,,,,
RUE,2010,3,15,1,0.8,,,,,,,,952.7,,1.9,,0,0,0,0,0,0,0,,,,
RUE,2010,3,15,2,0.8,,,,,,,,952.6,,1.4,,0,0,0,0,0,0,0,,,,
RUE,2010,3,15,3,0.8,,,,,,,,952.5,,1.2,,0,0,0,0,0,0,0,,,,
RUE,2010,3,15,4,1,,,,,,,,952.4,,1.3,,0,0,0,0,0,0,0,,,,
RUE,2010,3,15,5,0.8,,,,,,,,952.5,,0.9,,0,0,0,0,0,0,0,,,,
RUE,2010,3,15,6,0.8,,,,,,,,952.9,,1.3,,12,0,0,0,0,0,0,,,,
RUE,2010,3,15,7,0.7,,,,,,,,953.3,,1,,42,0,0,0,0,0,0,,,,
RUE,2010,3,15,8,0.9,,,,,,,,953.7,,1.1,,131,147.7,99.7,0,0,0,0,,,,
RUE,2010,3,15,9,1.9,,,,,,,,953.7,,1.7,,250,222.3,168.4,0,0,0,0,,,,
RUE,2010,3,15,10,2.6,,,,,,,,953.9,,1.4,,224,32.9,207.7,0,0,0,0,,,,
RUE,2010,3,15,11,3.2,,,,,,,,953.9,,0.8,,341,109.6,276.4,0,0,0,0,,,,
RUE,2010,3,15,12,3.9,,,,,,,,953.6,,1.6,,327,60.5,288.2,0,0,0,0,,,,
RUE,2010,3,15,13,4,,,,,,,,953.3,,1.7,,407,159.5,303.9,0,0,0,0,,,,
RUE,2010,3,15,14,4.6,,,,,,,,953,,0.7,,251,21.1,238.2,0,0,0,0,,,,
RUE,2010,3,15,15,4.7,,,,,,,,952.8,,1.3,,160,6.2,156.8,0,0,0,0,,,,
RUE,2010,3,15,16,3.4,,,,,,,,952.9,,2.3,,128,6.8,125.2,0,0,0,0,,,,
RUE,2010,3,15,17,3,,,,,,,,952.9,,1.5,,30,0.9,29.8,0,0,0,0,,,,
RUE,2010,3,15,18,2.8,,,,,,,,953,,1.4,,0,0,0,0,0,0,0,,,,
RUE,2010,3,15,19,2.2,,,,,,,,953.1,,1.3,,0,0,0,0,0,0,0,,,,
RUE,2010,3,15,20,2.2,,,,,,,,953.1,,1.4,,0,0,0,0,0,0,0,,,,
RUE,2010,3,15,21,2.4,,,,,,,,952.8,,1.8,,0,0,0,0,0,0,0,,,,
RUE,2010,3,15,22,2.7,,,,,,,,952.7,,1.1,,0,0,0,0,0,0,0,,,,
RUE,2010,3,15,23,2.5,,,,,,,,952.8,,1.8,,0,0,0,0,0,0,0,,,,
RUE,2010,3,16,0,3.4,,,,,,,,952.2,,3.7,,0,0,0,0,0,0,0,,,,
RUE,2010,3,16,1,3.7,,,,,,,,952.1,,3.3,,0,0,0,0,0,0,0,,,,
RUE,2010,3,16,2,3.6,,,,,,,,951.8,,2.8,,0,0,0,0,0,0,0,,,,
RUE,2010,3,16,3,3.5,,,,,,,,951.6,,2.9,,0,0,0,0,0,0,0,,,,
RUE,2010,3,16,4,2.8,,,,,,,,952,,2.3,,0,0,0,0,0,0,0,,,,
RUE,2010,3,16,5,2.5,,,,,,,,952.1,,2.4,,0,0,0,0,0,0,0,,,,
RUE,2010,3,16,6,2.4,,,,,,,,952.3,,2.3,,10,0,0,0,0,0,0,,,,
RUE,2010,3,16,7,2.8,,,,,,,,953,,2.8,,53,0,0,0,0,0,0,,,,
RUE,2010,3,16,8,2.5,,,,,,,,953.6,,1.7,,74,8.6,72.1,0,0,0,0,,,,
RUE,2010,3,16,9,2.6,,,,,,,,954.3,,1.3,,84,3.3,82.8,0,0,0,0,,,,
RUE,2010,3,16,10,3.2,,,,,,,,954.8,,1.5,,182,11.3,176.3,0,0,0,0,,,,
RUE,2010,3,16,11,4.6,,,,,,,,954.9,,1.8,,433,290.7,260.2,0,0,0,0,,,,
RUE,2010,3,16,12,5.4,,,,,,,,954.9,,1.6,,444,231.3,294.6,0,0,0,0,,,,
RUE,2010,3,16,13,6.3,,,,,,,,954.7,,2.1,,404,149.5,306.6,0,0,0,0,,,,
RUE,2010,3,16,14,6.9,,,,,,,,954.4,,1.4,,411,210.9,282,0,0,0,0,,,,
RUE,2010,3,16,15,6.8,,,,,,,,954.4,,2.1,,269,59.9,237.4,0,0,0,0,,,,
RUE,2010,3,16,16,6.8,,,,,,,,954.4,,0.9,,209,61.8,183.8,0,0,0,0,,,,
RUE,2010,3,16,17,5.7,,,,,,,,954.7,,1.7,,33,1.1,32.7,0,0,0,0,,,,
RUE,2010,3,16,18,4.8,,,,,,,,955.1,,2,,0,0,0,0,0,0,0,,,,
RUE,2010,3,16,19,4.3,,,,,,,,955.3,,2.2,,0,0,0,0,0,0,0,,,,
RUE,2010,3,16,20,3.8,,,,,,,,955.6,,2,,0,0,0,0,0,0,0,,,,
RUE,2010,3,16,21,3.5,,,,,,,,955.7,,1.9,,0,0,0,0,0,0,0,,,,
RUE,2010,3,16,22,3,,,,,,,,955.7,,1.8,,0,0,0,0,0,0,0,,,,
RUE,2010,3,16,23,2.6,,,,,,,,955.7,,1.7,,0,0,0,0,0,0,0,,,,
RUE,2010,3,17,0,1.3,,,,,,,,955.6,,1.8,,0,0,0,0,0,0,0,,,,
RUE,2010,3,17,1,1,,,,,,,,955.7,,2.2,,0,0,0,0,0,0,0,,,,
RUE,2010,3,17,2,1.2,,,,,,,,955.1,,2.2,,0,0,0,0,0,0,0,,,,
RUE,2010,3,17,3,1.7,,,,,,,,954.9,,1.3,,0,0,0,0,0,0,0,,,,
RUE,2010,3,17,4,0.6,,,,,,,,954.9,,1.7,,0,0,0,0,0,0,0,,,,
RUE,2010,3,17,5,-0.3,,,,,,,,955,,1.3,,1,0,0,0,0,0,0,,,,
RUE,2010,3,17,6,0.1,,,,,,,,955.4,,0.4,,41,0,0,0,0,0,0,,,,
RUE,2010,3,17,7,1.6,,,,,,,,955.6,,1.3,,185,2845.6,30.5,0,0,0,0,,,,
RUE,2010,3,17,8,4.9,,,,,,,,955.9,,0.8,,362,1352.4,59.7,0,0,0,0,,,,
RUE,2010,3,17,9,5.8,,,,,,,,955.9,,1.7,,362,711.6,92.5,0,0,0,0,,,,
RUE,2010,3,17,10,6.1,,,,,,,,955.7,,4,,491,734,118.7,0,0,0,0,,,,
RUE,2010,3,17,11,7.5,,,,,,,,955.5,,3,,616,832.7,116.2,0,0,0,0,,,,
RUE,2010,3,17,12,9.3,,,,,,,,955.3,,2.6,,681,860.7,120.6,0,0,0,0,,,,
RUE,2010,3,17,13,10.7,,,,,,,,954.6,,2,,652,778.4,140.9,0,0,0,0,,,,
RUE,2010,3,17,14,11.2,,,,,,,,954.4,,1,,368,126.7,289.9,0,0,0,0,,,,
RUE,2010,3,17,15,11.1,,,,,,,,954.4,,0.9,,190,10.5,184.4,0,0,0,0,,,,
RUE,2010,3,17,16,10.8,,,,,,,,954.4,,0.9,,110,4.6,108.1,0,0,0,0,,,,
RUE,2010,3,17,17,9.8,,,,,,,,954.4,,1.2,,24,0.5,23.9,0,0,0,0,,,,
RUE,2010,3,17,18,9,,,,,,,,954.5,,0.9,,0,0,0,0,0,0,0,,,,
RUE,2010,3,17,19,8.7,,,,,,,,954.4,,1.2,,0,0,0,0,0,0,0,,,,
RUE,2010,3,17,20,8.7,,,,,,,,954.5,,0.4,,0,0,0,0,0,0,0,,,,
RUE,2010,3,17,21,9.2,,,,,,,,954.5,,0.4,,0,0,0,0,0,0,0,,,,
RUE,2010,3,17,22,9.7,,,,,,,,954.5,,0.2,,0,0,0,0,0,0,0,,,,
RUE,2010,3,17,23,9,,,,,,,,954.6,,0.4,,0,0,0,0,0,0,0,,,,
RUE,2010,3,18,0,9,,,,,,,,954.7,,1.1,,0,0,0,0,0,0,0,,,,
RUE,2010,3,18,1,8.7,,,,,,,,954.4,,2.8,,0,0,0,0,0,0,0,,,,
RUE,2010,3,18,2,7.5,,,,,,,,954.1,,1.5,,0,0,0,0,0,0,0,,,,
RUE,2010,3,18,3,7.6,,,,,,,,953.8,,0.8,,0,0,0,0,0,0,0,,,,
RUE,2010,3,18,4,7,,,,,,,,953.9,,1.3,,0,0,0,0,0,0,0,,,,
RUE,2010,3,18,5,6.9,,,,,,,,953.7,,1.3,,0,0,0,0,0,0,0,,,,
RUE,2010,3,18,6,5.3,,,,,,,,953.8,,1.9,,43,0,0,0,0,0,0,,,,
RUE,2010,3,18,7,5.1,,,,,,,,954.1,,1.7,,161,2242.1,26.6,0,0,0,0,,,,
RUE,2010,3,18,8,7.2,,,,,,,,954.1,,0.9,,272,990.1,44.9,0,0,0,0,,,,
RUE,2010,3,18,9,9.1,,,,,,,,954.1,,3,,364,694.7,96.9,0,0,0,0,,,,
RUE,2010,3,18,10,11.3,,,,,,,,953.9,,1.8,,532,849,96.5,0,0,0,0,,,,
RUE,2010,3,18,11,12.9,,,,,,,,953.4,,2.3,,583,724.5,144.2,0,0,0,0,,,,
RUE,2010,3,18,12,13.8,,,,,,,,952.7,,3.2,,602,637.7,183.4,0,0,0,0,,,,
RUE,2010,3,18,13,15.3,,,,,,,,951.7,,4.7,,566,517,223.9,0,0,0,0,,,,
RUE,2010,3,18,14,15.4,,,,,,,,951.3,,4.6,,374,131.8,292.2,0,0,0,0,,,,
RUE,2010,3,18,15,14.9,,,,,,,,950.7,,5.1,,224,22,212.2,0,0,0,0,,,,
RUE,2010,3,18,16,13.9,,,,,,,,950.2,,4.8,,127,6.2,124.4,0,0,0,0,,,,
RUE,2010,3,18,17,13.1,,,,,,,,950.1,,2.6,,30,0.8,29.8,0,0,0,0,,,,
RUE,2010,3,18,18,12.7,,,,,,,,950.2,,2.6,,0,0,0,0,0,0,0,,,,
RUE,2010,3,18,19,11.9,,,,,,,,950.4,,2.2,,0,0,0,0,0,0,0,,,,
RUE,2010,3,18,20,12,,,,,,,,950.5,,1.2,,0,0,0,0,0,0,0,,,,
RUE,2010,3,18,21,11.5,,,,,,,,950.7,,1.5,,0,0,0,0,0,0,0,,,,
RUE,2010,3,18,22,11.2,,,,,,,,950.7,,3.1,,0,0,0,0,0,0,0,,,,
RUE,2010,3,18,23,10.7,,,,,,,,950.8,,1.7,,0,0,0,0,0,0,0,,,,
RUE,2010,3,19,0,9.5,,,,,,,,951.3,,0.9,,0,0,0,0,0,0,0,,,,
RUE,2010,3,19,1,9.3,,,,,,,,951.7,,0.6,,0,0,0,0,0,0,0,,,,
RUE,2010,3,19,2,8.5,,,,,,,,951.5,,1.3,,0,0,0,0,0,0,0,,,,
RUE,2010,3,19,3,7.7,,,,,,,,951.5,,1,,0,0,0,0,0,0,0,,,,
RUE,2010,3,19,4,7.9,,,,,,,,951.8,,1,,0,0,0,0,0,0,0,,,,
RUE,2010,3,19,5,7.6,,,,,,,,952.1,,1.2,,0,0,0,0,0,0,0,,,,
RUE,2010,3,19,6,7.6,,,,,,,,952.4,,1.4,,27,0,0,0,0,0,0,,,,
RUE,2010,3,19,7,8.1,,,,,,,,952.6,,0.8,,171,2174.4,28.2,0,0,0,0,,,,
RUE,2010,3,19,8,9.3,,,,,,,,952.6,,1.7,,150,169.6,110.1,0,0,0,0,,,,
RUE,2010,3,19,9,11,,,,,,,,952.3,,1.1,,441,943.5,72.8,0,0,0,0,,,,
RUE,2010,3,19,10,12.5,,,,,,,,951.8,,2.6,,637,1025.7,105.1,0,0,0,0,,,,
RUE,2010,3,19,11,13.6,,,,,,,,951.1,,3,,686,937.2,113.2,0,0,0,0,,,,
RUE,2010,3,19,12,15.2,,,,,,,,950.4,,3.2,,681,837.7,126.7,0,0,0,0,,,,
RUE,2010,3,19,13,16.5,,,,,,,,949.3,,4.2,,633,700.5,166,0,0,0,0,,,,
RUE,2010,3,19,14,17.1,,,,,,,,948.6,,5.6,,522,476.5,223.7,0,0,0,0,,,,
RUE,2010,3,19,15,16.7,,,,,,,,948.1,,5.9,,307,99.9,252.9,0,0,0,0,,,,
RUE,2010,3,19,16,15.7,,,,,,,,947.9,,4.1,,132,6.6,129.2,0,0,0,0,,,,
RUE,2010,3,19,17,14.7,,,,,,,,947.7,,3.6,,31,0.9,30.8,0,0,0,0,,,,
RUE,2010,3,19,18,14.3,,,,,,,,947.9,,4.1,,0,0,0,0,0,0,0,,,,
RUE,2010,3,19,19,13.6,,,,,,,,948,,2.6,,0,0,0,0,0,0,0,,,,
RUE,2010,3,19,20,13.1,,,,,,,,947.7,,2.4,,0,0,0,0,0,0,0,,,,
RUE,2010,3,19,21,12.2,,,,,,,,947.4,,2.1,,0,0,0,0,0,0,0,,,,
RUE,2010,3,19,22,12.5,,,,,,,,946.9,,3,,0,0,0,0,0,0,0,,,,
RUE,2010,3,19,23,12.5,,,,,,,,946.7,,2.2,,0,0,0,0,0,0,0,,,,
RUE,2010,3,20,0,13.6,,,,,,,,946.8,,2.7,,0,0,0,0,0,0,0,,,,
RUE,2010,3,20,1,13.6,,,,,,,,946.7,,3.2,,0,0,0,0,0,0,0,,,,
RUE,2010,3,20,2,12,,,,,,,,946.7,,1.2,,0,0,0,0,0,0,0,,,,
RUE,2010,3,20,3,11.8,,,,,,,,946.3,,1.7,,0,0,0,0,0,0,0,,,,
RUE,2010,3,20,4,11.9,,,,,,,,946.2,,3.6,,0,0,0,0,0,0,0,,,,
RUE,2010,3,20,5,9.9,,,,,,,,946.3,,1.7,,0,0,0,0,0,0,0,,,,
RUE,2010,3,20,6,9.2,,,,,,,,946.7,,0.9,,20,0,0,0,0,0,0,,,,
RUE,2010,3,20,7,9.5,,,,,,,,946.9,,0.6,,57,411,27.7,0,0,0,0,,,,
RUE,2010,3,20,8,11.2,,,,,,,,946.6,,1.7,,164,222.9,110.3,0,0,0,0,,,,
RUE,2010,3,20,9,12,,,,,,,,946.5,,0.7,,160,19,152.5,0,0,0,0,,,,
RUE,2010,3,20,10,14,,,,,,,,946,,3,,324,148.5,246.1,0,0,0,0,,,,
RUE,2010,3,20,11,15.4,,,,,,,,945.4,,5.4,,286,38,262.6,0,0,0,0,,,,
RUE,2010,3,20,12,15.4,,,,,,,,945.1,,8.9,,224,8.3,218.5,0,0,0,0,,,,
RUE,2010,3,20,13,15.2,,,,,,,,944.9,,9.4,,174,4.4,171.1,0,0,0,0,,,,
RUE,2010,3,20,14,14.6,,,,,,,,945.1,,5.1,,106,1.8,104.8,0,0,0,0,,,,
RUE,2010,3,20,15,13.3,,,,,,,,945.4,,5.3,,77,1.3,76.3,0,0,0,0,,,,
RUE,2010,3,20,16,12.1,,,,,,,,945.4,,3.6,,43,0.7,42.7,0,0,0,0,,,,
RUE,2010,3,20,17,11.9,,,,,,,,945.5,,2.2,,9,0.1,9,0,0,0,0,,,,
RUE,2010,3,20,18,11.4,,,,,,,,945.4,,1.5,,0,0,0,0,0,0,0,,,,
RUE,2010,3,20,19,10.7,,,,,,,,945.3,,3.5,,0,0,0,0,0,0,0,,,,
RUE,2010,3,20,20,11.4,,,,,,,,945.2,,3.5,,0,0,0,0,0,0,0,,,,
RUE,2010,3,20,21,11.6,,,,,,,,945.2,,2.5,,0,0,0,0,0,0,0,,,,
RUE,2010,3,20,22,11.8,,,,,,,,945.1,,2.3,,0,0,0,0,0,0,0,,,,
RUE,2010,3,20,23,11.3,,,,,,,,944.9,,2,,0,0,0,0,0,0,0,,,,
RUE,2010,3,21,0,11.1,,,,,,,,944.3,,2.9,,0,0,0,0,0,0,0,,,,
RUE,2010,3,21,1,11.8,,,,,,,,943.7,,1.2,,0,0,0,0,0,0,0,,,,
RUE,2010,3,21,2,13.9,,,,,,,,943.1,,4.2,,0,0,0,0,0,0,0,,,,
RUE,2010,3,21,3,11.6,,,,,,,,943.9,,4.6,,0,0,0,0,0,0,0,,,,
RUE,2010,3,21,4,10.9,,,,,,,,944,,3,,0,0,0,0,0,0,0,,,,
RUE,2010,3,21,5,11.4,,,,,,,,944.2,,4.9,,0,0,0,0,0,0,0,,,,
RUE,2010,3,21,6,12,,,,,,,,944.4,,5.7,,2,0,0,0,0,0,0,,,,
RUE,2010,3,21,7,11.3,,,,,,,,945.3,,5.1,,9,0.9,8.9,0,0,0,0,,,,
RUE,2010,3,21,8,11.2,,,,,,,,946,,4.4,,33,1.2,32.7,0,0,0,0,,,,
RUE,2010,3,21,9,11.9,,,,,,,,946.6,,3,,48,0.9,47.6,0,0,0,0,,,,
RUE,2010,3,21,10,12.1,,,,,,,,946.9,,3.4,,110,2.8,108.5,0,0,0,0,,,,
RUE,2010,3,21,11,12.6,,,,,,,,947,,4,,135,3.1,133.1,0,0,0,0,,,,
RUE,2010,3,21,12,13.6,,,,,,,,947.2,,4.3,,245,11.6,237.2,0,0,0,0,,,,
RUE,2010,3,21,13,12.9,,,,,,,,947.3,,3.1,,76,0.8,75.4,0,0,0,0,,,,
RUE,2010,3,21,14,11.7,,,,,,,,947.5,,3.1,,55,0.5,54.7,0,0,0,0,,,,
RUE,2010,3,21,15,9.9,,,,,,,,948,,3.8,,37,0.3,36.8,0,0,0,0,,,,
RUE,2010,3,21,16,9.8,,,,,,,,948.4,,3.6,,36,0.5,35.8,0,0,0,0,,,,
RUE,2010,3,21,17,9.5,,,,,,,,948.9,,2.3,,26,0.6,25.8,0,0,0,0,,,,
RUE,2010,3,21,18,9.1,,,,,,,,949.5,,2.7,,0,0,0,0,0,0,0,,,,
RUE,2010,3,21,19,8.6,,,,,,,,950.2,,2.4,,0,0,0,0,0,0,0,,,,
RUE,2010,3,21,20,8.4,,,,,,,,950.6,,2.4,,0,0,0,0,0,0,0,,,,
RUE,2010,3,21,21,8.1,,,,,,,,950.9,,2.5,,0,0,0,0,0,0,0,,,,
RUE,2010,3,21,22,7.4,,,,,,,,951.1,,1.4,,0,0,0,0,0,0,0,,,,
RUE,2010,3,21,23,6.8,,,,,,,,951,,1.1,,0,0,0,0,0,0,0,,,,
RUE,2010,3,22,0,6.8,,,,,,,,950.9,,1.1,,0,0,0,0,0,0,0,,,,
RUE,2010,3,22,1,6.6,,,,,,,,950.6,,0.7,,0,0,0,0,0,0,0,,,,
RUE,2010,3,22,2,6.2,,,,,,,,950.5,,0.4,,0,0,0,0,0,0,0,,,,
RUE,2010,3,22,3,6,,,,,,,,950.4,,0.2,,0,0,0,0,0,0,0,,,,
RUE,2010,3,22,4,5.6,,,,,,,,950.2,,0.5,,0,0,0,0,0,0,0,,,,
RUE,2010,3,22,5,5.1,,,,,,,,950.2,,0.9,,1,0,0,0,0,0,0,,,,
RUE,2010,3,22,6,5.1,,,,,,,,950.2,,0.9,,68,0,0,0,0,0,0,,,,
RUE,2010,3,22,7,5.8,,,,,,,,950,,1,,182,1832.4,30,0,0,0,0,,,,
RUE,2010,3,22,8,7.2,,,,,,,,950,,2.1,,348,1149.2,57.4,0,0,0,0,,,,
RUE,2010,3,22,9,8.8,,,,,,,,949.9,,2.2,,539,1104.1,88.9,0,0,0,0,,,,
RUE,2010,3,22,10,10.2,,,,,,,,949.8,,2.1,,661,1030.8,109.1,0,0,0,0,,,,
RUE,2010,3,22,11,11.6,,,,,,,,949.5,,1.6,,592,691.3,158.3,0,0,0,0,,,,
RUE,2010,3,22,12,12.4,,,,,,,,949,,1.3,,572,498.7,234.2,0,0,0,0,,,,
RUE,2010,3,22,13,12.7,,,,,,,,948.6,,1.1,,459,214.7,312.7,0,0,0,0,,,,
RUE,2010,3,22,14,13.2,,,,,,,,948.3,,0.9,,422,196.5,296.2,0,0,0,0,,,,
RUE,2010,3,22,15,13.4,,,,,,,,948.3,,0.8,,303,84.1,256.2,0,0,0,0,,,,
RUE,2010,3,22,16,12.7,,,,,,,,948.2,,2.9,,148,8.8,144.2,0,0,0,0,,,,
RUE,2010,3,22,17,11.5,,,,,,,,948.4,,2,,39,1.2,38.6,0,0,0,0,,,,
RUE,2010,3,22,18,10.4,,,,,,,,948.6,,1.3,,0,0,0,0,0,0,0,,,,
RUE,2010,3,22,19,10,,,,,,,,948.9,,1.1,,0,0,0,0,0,0,0,,,,
RUE,2010,3,22,20,9.5,,,,,,,,949,,1.2,,0,0,0,0,0,0,0,,,,
RUE,2010,3,22,21,9,,,,,,,,949,,0.9,,0,0,0,0,0,0,0,,,,
RUE,2010,3,22,22,8.7,,,,,,,,949,,0.7,,0,0,0,0,0,0,0,,,,
RUE,2010,3,22,23,7.9,,,,,,,,948.9,,0.6,,0,0,0,0,0,0,0,,,,
RUE,2010,3,23,0,8,,,,,,,,949,,0.5,,0,0,0,0,0,0,0,,,,
RUE,2010,3,23,1,6.9,,,,,,,,948.9,,1.3,,0,0,0,0,0,0,0,,,,
RUE,2010,3,23,2,7.1,,,,,,,,948.7,,0.6,,0,0,0,0,0,0,0,,,,
RUE,2010,3,23,3,6.7,,,,,,,,948.7,,0.9,,0,0,0,0,0,0,0,,,,
RUE,2010,3,23,4,6.8,,,,,,,,948.8,,0.4,,0,0,0,0,0,0,0,,,,
RUE,2010,3,23,5,6.5,,,,,,,,949,,0.4,,1,0,0,0,0,0,0,,,,
RUE,2010,3,23,6,6.7,,,,,,,,949.4,,0.6,,58,0,0,0,0,0,0,,,,
RUE,2010,3,23,7,7.6,,,,,,,,949.7,,0.7,,255,2399.9,42.1,0,0,0,0,,,,
RUE,2010,3,23,8,9.5,,,,,,,,949.6,,0.7,,441,1423.4,72.8,0,0,0,0,,,,
RUE,2010,3,23,9,11.1,,,,,,,,949.6,,0.9,,588,1187.8,97,0,0,0,0,,,,
RUE,2010,3,23,10,12.5,,,,,,,,949.1,,1.3,,686,1058.8,113.2,0,0,0,0,,,,
RUE,2010,3,23,11,13.4,,,,,,,,948.5,,1.1,,732,965.9,120.8,0,0,0,0,,,,
RUE,2010,3,23,12,14.1,,,,,,,,947.7,,1.3,,726,884.7,122.3,0,0,0,0,,,,
RUE,2010,3,23,13,14.6,,,,,,,,946.9,,1.1,,662,730.6,160.4,0,0,0,0,,,,
RUE,2010,3,23,14,15.2,,,,,,,,946.3,,1.9,,553,524.4,214.8,0,0,0,0,,,,
RUE,2010,3,23,15,15.2,,,,,,,,945.6,,2.7,,397,264.2,248.9,0,0,0,0,,,,
RUE,2010,3,23,16,14.7,,,,,,,,945.2,,2.8,,222,59,196.1,0,0,0,0,,,,
RUE,2010,3,23,17,13.5,,,,,,,,945,,2.3,,47,1.7,46.5,0,0,0,0,,,,
RUE,2010,3,23,18,12.5,,,,,,,,944.9,,1.5,,0,0,0,0,0,0,0,,,,
RUE,2010,3,23,19,11.8,,,,,,,,944.9,,1.1,,0,0,0,0,0,0,0,,,,
RUE,2010,3,23,20,11.5,,,,,,,,945,,1.3,,0,0,0,0,0,0,0,,,,
RUE,2010,3,23,21,11,,,,,,,,944.9,,0.7,,0,0,0,0,0,0,0,,,,
RUE,2010,3,23,22,10,,,,,,,,944.7,,1.2,,0,0,0,0,0,0,0,,,,
RUE,2010,3,23,23,8.8,,,,,,,,944.3,,2.6,,0,0,0,0,0,0,0,,,,
RUE,2010,3,24,0,8.4,,,,,,,,944.1,,2.9,,0,0,0,0,0,0,0,,,,
RUE,2010,3,24,1,7.8,,,,,,,,943.8,,2.4,,0,0,0,0,0,0,0,,,,
RUE,2010,3,24,2,7.4,,,,,,,,943.5,,2.3,,0,0,0,0,0,0,0,,,,
RUE,2010,3,24,3,7,,,,,,,,943.2,,2.2,,0,0,0,0,0,0,0,,,,
RUE,2010,3,24,4,6.8,,,,,,,,943.2,,2.3,,0,0,0,0,0,0,0,,,,
RUE,2010,3,24,5,6.3,,,,,,,,943.1,,2.3,,3,0,0,0,0,0,0,,,,
RUE,2010,3,24,6,6.7,,,,,,,,943.4,,2,,80,0,0,0,0,0,0,,,,
RUE,2010,3,24,7,8.1,,,,,,,,943.5,,1.9,,250,2208.6,41.2,0,0,0,0,,,,
RUE,2010,3,24,8,10.3,,,,,,,,943.6,,1.4,,430,1357.3,71,0,0,0,0,,,,
RUE,2010,3,24,9,12.5,,,,,,,,943.5,,1.2,,559,1113.8,92.2,0,0,0,0,,,,
RUE,2010,3,24,10,13.9,,,,,,,,943.1,,1.2,,670,1023.6,110.6,0,0,0,0,,,,
RUE,2010,3,24,11,15.6,,,,,,,,942.5,,1.3,,727,951.3,120,0,0,0,0,,,,
RUE,2010,3,24,12,16.4,,,,,,,,941.8,,1.3,,719,862.7,125.8,0,0,0,0,,,,
RUE,2010,3,24,13,17,,,,,,,,941,,1.8,,523,340.2,287.8,0,0,0,0,,,,
RUE,2010,3,24,14,16.7,,,,,,,,940.6,,2.6,,312,45.7,282.3,0,0,0,0,,,,
RUE,2010,3,24,15,17.4,,,,,,,,940.3,,2.7,,399,261.7,251.2,0,0,0,0,,,,
RUE,2010,3,24,16,17.2,,,,,,,,940,,1.9,,216,49.3,194.2,0,0,0,0,,,,
RUE,2010,3,24,17,16.1,,,,,,,,939.8,,1.6,,32,0.8,31.8,0,0,0,0,,,,
RUE,2010,3,24,18,15.3,,,,,,,,939.9,,1.7,,0,0,0,0,0,0,0,,,,
RUE,2010,3,24,19,14.2,,,,,,,,940.1,,1.6,,0,0,0,0,0,0,0,,,,
RUE,2010,3,24,20,14,,,,,,,,940,,1.5,,0,0,0,0,0,0,0,,,,
RUE,2010,3,24,21,13.4,,,,,,,,939.9,,2.1,,0,0,0,0,0,0,0,,,,
RUE,2010,3,24,22,12.3,,,,,,,,939.9,,1.4,,0,0,0,0,0,0,0,,,,
RUE,2010,3,24,23,11.6,,,,,,,,939.7,,1.2,,0,0,0,0,0,0,0,,,,
RUE,2010,3,25,0,11.7,,,,,,,,939.6,,0.4,,0,0,0,0,0,0,0,,,,
RUE,2010,3,25,1,10.7,,,,,,,,939.6,,0.8,,0,0,0,0,0,0,0,,,,
RUE,2010,3,25,2,10.1,,,,,,,,939.3,,1.2,,0,0,0,0,0,0,0,,,,
RUE,2010,3,25,3,10.5,,,,,,,,939.3,,1.1,,0,0,0,0,0,0,0,,,,
RUE,2010,3,25,4,9.8,,,,,,,,939.1,,1.7,,0,0,0,0,0,0,0,,,,
RUE,2010,3,25,5,9.2,,,,,,,,938.8,,2.4,,2,0,0,0,0,0,0,,,,
RUE,2010,3,25,6,10.4,,,,,,,,938.6,,1.7,,62,0,0,0,0,0,0,,,,
RUE,2010,3,25,7,10.7,,,,,,,,938.8,,1.3,,152,1265.2,25.1,0,0,0,0,,,,
RUE,2010,3,25,8,11.7,,,,,,,,938.7,,2,,253,678.5,69.6,0,0,0,0,,,,
RUE,2010,3,25,9,13.4,,,,,,,,938.7,,1.7,,340,418,162.5,0,0,0,0,,,,
RUE,2010,3,25,10,14.4,,,,,,,,938.5,,1.7,,237,26,222.6,0,0,0,0,,,,
RUE,2010,3,25,11,15,,,,,,,,938.1,,1.8,,352,86.1,296.6,0,0,0,0,,,,
RUE,2010,3,25,12,16.4,,,,,,,,937.9,,1,,566,448.9,255.1,0,0,0,0,,,,
RUE,2010,3,25,13,17.5,,,,,,,,937.6,,1.3,,491,260.3,309.8,0,0,0,0,,,,
RUE,2010,3,25,14,17.3,,,,,,,,937.5,,2,,263,18.7,250.7,0,0,0,0,,,,
RUE,2010,3,25,15,16.7,,,,,,,,937.5,,1,,110,2.4,108.6,0,0,0,0,,,,
RUE,2010,3,25,16,16.3,,,,,,,,937.6,,1.1,,94,2.9,92.7,0,0,0,0,,,,
RUE,2010,3,25,17,15.7,,,,,,,,937.8,,0.6,,26,0.5,25.9,0,0,0,0,,,,
RUE,2010,3,25,18,14.6,,,,,,,,937.8,,1.9,,0,0,0,0,0,0,0,,,,
RUE,2010,3,25,19,14.7,,,,,,,,938.3,,1.8,,0,0,0,0,0,0,0,,,,
RUE,2010,3,25,20,14.2,,,,,,,,938.4,,1.9,,0,0,0,0,0,0,0,,,,
RUE,2010,3,25,21,13.4,,,,,,,,938.7,,1,,0,0,0,0,0,0,0,,,,
RUE,2010,3,25,22,14.3,,,,,,,,938.9,,0.8,,0,0,0,0,0,0,0,,,,
RUE,2010,3,25,23,14.1,,,,,,,,939.1,,0.8,,0,0,0,0,0,0,0,,,,
RUE,2010,3,26,0,13.3,,,,,,,,939.2,,1,,0,0,0,0,0,0,0,,,,
RUE,2010,3,26,1,12.2,,,,,,,,938.7,,0.7,,0,0,0,0,0,0,0,,,,
RUE,2010,3,26,2,11.6,,,,,,,,937.9,,1.1,,0,0,0,0,0,0,0,,,,
RUE,2010,3,26,3,10,,,,,,,,937.6,,1,,0,0,0,0,0,0,0,,,,
RUE,2010,3,26,4,9.9,,,,,,,,937.4,,1.2,,0,0,0,0,0,0,0,,,,
RUE,2010,3,26,5,10.1,,,,,,,,936.8,,0.6,,4,0,0,0,0,0,0,,,,
RUE,2010,3,26,6,10.1,,,,,,,,936,,1,,82,0,0,0,0,0,0,,,,
RUE,2010,3,26,7,11.6,,,,,,,,934.9,,0.7,,268,2108.9,44.2,0,0,0,0,,,,
RUE,2010,3,26,8,13.1,,,,,,,,934.7,,1.1,,361,1091.6,59.6,0,0,0,0,,,,
RUE,2010,3,26,9,7.9,,,,,,,,937,,6,,76,2,75.1,0,0,0,0,,,,
RUE,2010,3,26,10,6.4,,,,,,,,938.5,,5.5,,74,1.2,73.4,0,0,0,0,,,,
RUE,2010,3,26,11,5.5,,,,,,,,939.8,,4.6,,38,0.2,37.9,0,0,0,0,,,,
RUE,2010,3,26,12,5.5,,,,,,,,940.1,,5.5,,117,1.8,115.7,0,0,0,0,,,,
RUE,2010,3,26,13,5.9,,,,,,,,940.2,,5.7,,100,1.3,99.1,0,0,0,0,,,,
RUE,2010,3,26,14,6.1,,,,,,,,940.4,,5.2,,84,1.1,83.3,0,0,0,0,,,,
RUE,2010,3,26,15,6.6,,,,,,,,940.4,,1.7,,104,2.2,102.8,0,0,0,0,,,,
RUE,2010,3,26,16,7.3,,,,,,,,940.3,,2.8,,106,3.6,104.4,0,0,0,0,,,,
RUE,2010,3,26,17,7.3,,,,,,,,940.9,,3.3,,35,0.9,34.7,0,0,0,0,,,,
RUE,2010,3,26,18,7.2,,,,,,,,941.1,,3,,0,0,0,0,0,0,0,,,,
RUE,2010,3,26,19,6.7,,,,,,,,941.8,,3.9,,0,0,0,0,0,0,0,,,,
RUE,2010,3,26,20,5.5,,,,,,,,942.1,,2.8,,0,0,0,0,0,0,0,,,,
RUE,2010,3,26,21,5.8,,,,,,,,941.9,,3.1,,0,0,0,0,0,0,0,,,,
RUE,2010,3,26,22,5.6,,,,,,,,942.1,,4.5,,0,0,0,0,0,0,0,,,,
RUE,2010,3,26,23,3.7,,,,,,,,942.4,,1.5,,0,0,0,0,0,0,0,,,,
RUE,2010,3,27,0,4.1,,,,,,,,941.7,,4,,0,0,0,0,0,0,0,,,,
RUE,2010,3,27,1,4.5,,,,,,,,941.4,,4.3,,0,0,0,0,0,0,0,,,,
RUE,2010,3,27,2,4,,,,,,,,940.8,,3.6,,0,0,0,0,0,0,0,,,,
RUE,2010,3,27,3,4.5,,,,,,,,940.1,,3.8,,0,0,0,0,0,0,0,,,,
RUE,2010,3,27,4,4.5,,,,,,,,939.4,,4.3,,0,0,0,0,0,0,0,,,,
RUE,2010,3,27,5,5.1,,,,,,,,939.1,,2.5,,2,0,0,0,0,0,0,,,,
RUE,2010,3,27,6,5.3,,,,,,,,939.3,,1.9,,15,0,0,0,0,0,0,,,,
RUE,2010,3,27,7,5,,,,,,,,939.9,,3.4,,66,122.3,52.3,0,0,0,0,,,,
RUE,2010,3,27,8,5.8,,,,,,,,939.7,,6.8,,378,1119.6,62.4,0,0,0,0,,,,
RUE,2010,3,27,9,6.7,,,,,,,,939.5,,7.4,,569,1089.6,93.9,0,0,0,0,,,,
RUE,2010,3,27,10,7.7,,,,,,,,938.8,,7.5,,688,1020.5,113.5,0,0,0,0,,,,
RUE,2010,3,27,11,9,,,,,,,,938,,7,,761,971.8,125.6,0,0,0,0,,,,
RUE,2010,3,27,12,9.7,,,,,,,,937.4,,8,,498,266.5,310.8,0,0,0,0,,,,
RUE,2010,3,27,13,9.6,,,,,,,,937.2,,8.2,,226,7.1,221,0,0,0,0,,,,
RUE,2010,3,27,14,10.1,,,,,,,,937.1,,8,,227,9,221,0,0,0,0,,,,
RUE,2010,3,27,15,8.8,,,,,,,,937.5,,9.6,,176,6.2,172.4,0,0,0,0,,,,
RUE,2010,3,27,16,7.1,,,,,,,,938.5,,7.2,,69,1.5,68.3,0,0,0,0,,,,
RUE,2010,3,27,17,6.6,,,,,,,,939.1,,3.6,,28,0.6,27.8,0,0,0,0,,,,
RUE,2010,3,27,18,6.2,,,,,,,,939.9,,3,,0,0,0,0,0,0,0,,,,
RUE,2010,3,27,19,6.4,,,,,,,,940.9,,3.6,,0,0,0,0,0,0,0,,,,
RUE,2010,3,27,20,6.8,,,,,,,,941.4,,2.3,,0,0,0,0,0,0,0,,,,
RUE,2010,3,27,21,6.4,,,,,,,,941.8,,3.3,,0,0,0,0,0,0,0,,,,
RUE,2010,3,27,22,5.7,,,,,,,,942,,2.9,,0,0,0,0,0,0,0,,,,
RUE,2010,3,27,23,5.7,,,,,,,,942.7,,5,,0,0,0,0,0,0,0,,,,
RUE,2010,3,28,0,5.5,,,,,,,,943.2,,4.3,,0,0,0,0,0,0,0,,,,
RUE,2010,3,28,1,5.4,,,,,,,,943.5,,4.6,,0,0,0,0,0,0,0,,,,
RUE,2010,3,28,2,4.9,,,,,,,,943.5,,2.6,,0,0,0,0,0,0,0,,,,
RUE,2010,3,28,3,5.1,,,,,,,,943.8,,2.4,,0,0,0,0,0,0,0,,,,
RUE,2010,3,28,4,5.6,,,,,,,,944.1,,3.2,,0,0,0,0,0,0,0,,,,
RUE,2010,3,28,5,5.4,,,,,,,,944.4,,3.9,,0,0,0,0,0,0,0,,,,
RUE,2010,3,28,6,5.1,,,,,,,,944.9,,2.1,,16,0,0,0,0,0,0,,,,
RUE,2010,3,28,7,5.5,,,,,,,,945.2,,1.7,,52,0,0,0,0,0,0,,,,
RUE,2010,3,28,8,6,,,,,,,,945.3,,2.6,,71,135.6,55,0,0,0,0,,,,
RUE,2010,3,28,9,7.2,,,,,,,,945,,4.9,,288,797.9,58.5,0,0,0,0,,,,
RUE,2010,3,28,10,8.1,,,,,,,,944.5,,6.1,,370,489.8,153.7,0,0,0,0,,,,
RUE,2010,3,28,11,8.3,,,,,,,,944.1,,5.1,,251,30.3,233.8,0,0,0,0,,,,
RUE,2010,3,28,12,8.8,,,,,,,,943.5,,5.6,,284,26.7,266.4,0,0,0,0,,,,
RUE,2010,3,28,13,8.9,,,,,,,,942.9,,7.4,,150,3,147.9,0,0,0,0,,,,
RUE,2010,3,28,14,8.6,,,,,,,,942.5,,7.2,,131,2.2,129.4,0,0,0,0,,,,
RUE,2010,3,28,15,8.3,,,,,,,,942.4,,6.3,,43,0.3,42.8,0,0,0,0,,,,
RUE,2010,3,28,16,8.1,,,,,,,,942.2,,5.2,,26,0.1,25.9,0,0,0,0,,,,
RUE,2010,3,28,17,7.9,,,,,,,,942.2,,4.7,,9,0,9,0,0,0,0,,,,
RUE,2010,3,28,18,8,,,,,,,,942.3,,4.9,,0,0,0,0,0,0,0,,,,
RUE,2010,3,28,19,8.8,,,,,,,,942.4,,4.1,,0,0,0,0,0,0,0,,,,
RUE,2010,3,28,20,9.1,,,,,,,,942.6,,3.8,,0,0,0,0,0,0,0,,,,
RUE,2010,3,28,21,9,,,,,,,,942.5,,3.2,,0,0,0,0,0,0,0,,,,
RUE,2010,3,28,22,9,,,,,,,,942.3,,3,,0,0,0,0,0,0,0,,,,
RUE,2010,3,28,23,9.3,,,,,,,,942.2,,3.6,,0,0,0,0,0,0,0,,,,
RUE,2010,3,29,0,9.3,,,,,,,,941.8,,3,,0,0,0,0,0,0,0,,,,
RUE,2010,3,29,1,9.2,,,,,,,,941.4,,2.7,,0,0,0,0,0,0,0,,,,
RUE,2010,3,29,2,8.7,,,,,,,,940.9,,1.5,,0,0,0,0,0,0,0,,,,
RUE,2010,3,29,3,8.6,,,,,,,,940.4,,0.8,,0,0,0,0,0,0,0,,,,
RUE,2010,3,29,4,8.3,,,,,,,,940.3,,1.2,,0,0,0,0,0,0,0,,,,
RUE,2010,3,29,5,8.2,,,,,,,,940.1,,1.5,,1,0,0,0,0,0,0,,,,
RUE,2010,3,29,6,8.2,,,,,,,,940,,1.1,,41,0,0,0,0,0,0,,,,
RUE,2010,3,29,7,9.1,,,,,,,,939.6,,0.9,,149,0,0,0,0,0,0,,,,
RUE,2010,3,29,8,10,,,,,,,,939.4,,1.1,,292,1974.8,48.2,0,0,0,0,,,,
RUE,2010,3,29,9,10.5,,,,,,,,939.4,,2.4,,329,936.3,54.3,0,0,0,0,,,,
RUE,2010,3,29,10,11.8,,,,,,,,939.1,,2.7,,667,1245.5,110.1,0,0,0,0,,,,
RUE,2010,3,29,11,13,,,,,,,,938.4,,3.7,,652,949,107.6,0,0,0,0,,,,
RUE,2010,3,29,12,14.5,,,,,,,,937.3,,4.6,,814,1023.4,134.3,0,0,0,0,,,,
RUE,2010,3,29,13,14.5,,,,,,,,936.4,,5.8,,645,622.3,201.7,0,0,0,0,,,,
RUE,2010,3,29,14,15,,,,,,,,935.8,,4.8,,522,299.9,307.6,0,0,0,0,,,,
RUE,2010,3,29,15,15.2,,,,,,,,935,,4.3,,388,111.5,313.1,0,0,0,0,,,,
RUE,2010,3,29,16,14.6,,,,,,,,934.5,,2.8,,185,6.8,181,0,0,0,0,,,,
RUE,2010,3,29,17,13.7,,,,,,,,933.8,,2.6,,45,0.6,44.7,0,0,0,0,,,,
RUE,2010,3,29,18,12.8,,,,,,,,932.9,,2.8,,1,0,1,0,0,0,0,,,,
RUE,2010,3,29,19,11.8,,,,,,,,932.6,,2.4,,0,0,0,0,0,0,0,,,,
RUE,2010,3,29,20,11.1,,,,,,,,932.6,,1.9,,0,0,0,0,0,0,0,,,,
RUE,2010,3,29,21,10.4,,,,,,,,932.7,,1.9,,0,0,0,0,0,0,0,,,,
RUE,2010,3,29,22,10.4,,,,,,,,932.4,,1.4,,0,0,0,0,0,0,0,,,,
RUE,2010,3,29,23,10.2,,,,,,,,931.9,,1.5,,0,0,0,0,0,0,0,,,,
RUE,2010,3,30,0,10,,,,,,,,931.5,,1.5,,0,0,0,0,0,0,0,,,,
RUE,2010,3,30,1,9.7,,,,,,,,930.8,,0.9,,0,0,0,0,0,0,0,,,,
RUE,2010,3,30,2,9.4,,,,,,,,930,,0.9,,0,0,0,0,0,0,0,,,,
RUE,2010,3,30,3,9,,,,,,,,929.1,,1,,0,0,0,0,0,0,0,,,,
RUE,2010,3,30,4,8.4,,,,,,,,928.4,,1.5,,0,0,0,0,0,0,0,,,,
RUE,2010,3,30,5,7.4,,,,,,,,927.8,,1.7,,8,0,0,0,0,0,0,,,,
RUE,2010,3,30,6,7.9,,,,,,,,927.2,,1.2,,114,0,0,0,0,0,0,,,,
RUE,2010,3,30,7,9.5,,,,,,,,926.7,,1.4,,265,0,0,0,0,0,0,,,,
RUE,2010,3,30,8,10.5,,,,,,,,926.5,,1.6,,320,2067.8,52.8,0,0,0,0,,,,
RUE,2010,3,30,9,11.8,,,,,,,,926,,1.5,,289,738.6,68.1,0,0,0,0,,,,
RUE,2010,3,30,10,12.2,,,,,,,,925.8,,1.6,,278,147.3,211.3,0,0,0,0,,,,
RUE,2010,3,30,11,12.6,,,,,,,,925.6,,4.8,,684,986.5,112.9,0,0,0,0,,,,
RUE,2010,3,30,12,12.4,,,,,,,,925.5,,4.3,,563,497.8,229.9,0,0,0,0,,,,
RUE,2010,3,30,13,10.8,,,,,,,,926.5,,4.3,,86,0.9,85.3,0,0,0,0,,,,
RUE,2010,3,30,14,7.6,,,,,,,,927.9,,4.1,,55,0.4,54.7,0,0,0,0,,,,
RUE,2010,3,30,15,7.2,,,,,,,,928.5,,5.2,,93,1.2,92.2,0,0,0,0,,,,
RUE,2010,3,30,16,6.6,,,,,,,,928.9,,5.7,,32,0.2,31.9,0,0,0,0,,,,
RUE,2010,3,30,17,7.1,,,,,,,,929.2,,4.8,,33,0.3,32.8,0,0,0,0,,,,
RUE,2010,3,30,18,7.6,,,,,,,,929.6,,8.3,,3,0,3,0,0,0,0,,,,
RUE,2010,3,30,19,7.8,,,,,,,,930.3,,7.1,,0,0,0,0,0,0,0,,,,
RUE,2010,3,30,20,6.5,,,,,,,,932.1,,7.2,,0,0,0,0,0,0,0,,,,
RUE,2010,3,30,21,5.4,,,,,,,,933.6,,5.9,,0,0,0,0,0,0,0,,,,
RUE,2010,3,30,22,4.8,,,,,,,,934.6,,4.4,,0,0,0,0,0,0,0,,,,
RUE,2010,3,30,23,3.7,,,,,,,,935.1,,2.8,,0,0,0,0,0,0,0,,,,
RUE,2010,3,31,0,4.3,,,,,,,,935.1,,3.7,,0,0,0,0,0,0,0,,,,
RUE,2010,3,31,1,4,,,,,,,,935.1,,3.7,,0,0,0,0,0,0,0,,,,
RUE,2010,3,31,2,3.9,,,,,,,,934.7,,3.9,,0,0,0,0,0,0,0,,,,
RUE,2010,3,31,3,4.7,,,,,,,,934.5,,5.4,,0,0,0,0,0,0,0,,,,
RUE,2010,3,31,4,5,,,,,,,,934.4,,4.7,,0,0,0,0,0,0,0,,,,
RUE,2010,3,31,5,4.8,,,,,,,,934.5,,4.4,,9,0,0,0,0,0,0,,,,
RUE,2010,3,31,6,5.3,,,,,,,,934.7,,5,,68,0,0,0,0,0,0,,,,
RUE,2010,3,31,7,5.5,,,,,,,,934.7,,6.1,,134,0,0,0,0,0,0,,,,
RUE,2010,3,31,8,6.6,,,,,,,,934.6,,6.3,,375,2320.1,61.9,0,0,0,0,,,,
RUE,2010,3,31,9,7.5,,,,,,,,934.6,,5.8,,415,1137.1,68.5,0,0,0,0,,,,
RUE,2010,3,31,10,6.3,,,,,,,,935,,8.4,,227,54.1,202.2,0,0,0,0,,,,
RUE,2010,3,31,11,6.8,,,,,,,,935,,7.9,,392,215.1,266.3,0,0,0,0,,,,
RUE,2010,3,31,12,6.3,,,,,,,,935,,8.1,,476,264.2,297.9,0,0,0,0,,,,
RUE,2010,3,31,13,6.8,,,,,,,,935,,7.2,,457,168.3,335.5,0,0,0,0,,,,
RUE,2010,3,31,14,8.1,,,,,,,,934.8,,7.5,,536,317.1,306.3,0,0,0,0,,,,
RUE,2010,3,31,15,7.7,,,,,,,,934.9,,8.1,,272,18.4,259.5,0,0,0,0,,,,
RUE,2010,3,31,16,7.2,,,,,,,,935.1,,7.1,,130,3.1,128.1,0,0,0,0,,,,
RUE,2010,3,31,17,5.2,,,,,,,,935.5,,3.6,,56,0.9,55.6,0,0,0,0,,,,
RUE,2010,3,31,18,5.1,,,,,,,,935.5,,3.5,,2,0,2,0,0,0,0,,,,
RUE,2010,3,31,19,5.2,,,,,,,,935.9,,4.1,,0,0,0,0,0,0,0,,,,
RUE,2010,3,31,20,5.5,,,,,,,,935.9,,2.7,,0,0,0,0,0,0,0,,,,
RUE,2010,3,31,21,4.9,,,,,,,,936.3,,2.8,,0,0,0,0,0,0,0,,,,
RUE,2010,3,31,22,3.2,,,,,,,,936.7,,3.1,,0,0,0,0,0,0,0,,,,
RUE,2010,3,31,23,2.7,,,,,,,,936.9,,2.7,,0,0,0,0,0,0,0,,,,
RUE,2010,4,1,0,2.2,,,,,,,,936.9,,1.6,,0,0,0,0,0,0,0,,,,
RUE,2010,4,1,1,0.8,,,,,,,,937.3,,1.5,,0,0,0,0,0,0,0,,,,
RUE,2010,4,1,2,0.4,,,,,,,,937.7,,1.9,,0,0,0,0,0,0,0,,,,
RUE,2010,4,1,3,0.1,,,,,,,,938.5,,1.2,,0,0,0,0,0,0,0,,,,
RUE,2010,4,1,4,0.5,,,,,,,,939.2,,1.1,,0,0,0,0,0,0,0,,,,
RUE,2010,4,1,5,0.4,,,,,,,,939.9,,0.9,,1,0,0,0,0,0,0,,,,
RUE,2010,4,1,6,0.6,,,,,,,,940.5,,0.8,,25,0,0,0,0,0,0,,,,
RUE,2010,4,1,7,1.2,,,,,,,,941,,1,,73,0,0,0,0,0,0,,,,
RUE,2010,4,1,8,1.4,,,,,,,,941.6,,1,,181,1074.3,29.9,0,0,0,0,,,,
RUE,2010,4,1,9,2,,,,,,,,942.2,,0.5,,235,345.9,127.7,0,0,0,0,,,,
RUE,2010,4,1,10,2.7,,,,,,,,943,,1.5,,230,54.6,204.7,0,0,0,0,,,,
RUE,2010,4,1,11,3.7,,,,,,,,943.4,,3,,321,85.6,270.5,0,0,0,0,,,,
RUE,2010,4,1,12,5,,,,,,,,943.6,,4.3,,503,318.4,286.8,0,0,0,0,,,,
RUE,2010,4,1,13,3.9,,,,,,,,943.6,,2.5,,370,62,324.9,0,0,0,0,,,,
RUE,2010,4,1,14,4.3,,,,,,,,943.6,,2.7,,262,11.2,253.8,0,0,0,0,,,,
RUE,2010,4,1,15,4.4,,,,,,,,943.9,,1.2,,363,75.2,311.5,0,0,0,0,,,,
RUE,2010,4,1,16,4.8,,,,,,,,944.1,,1.4,,155,4.4,152.4,0,0,0,0,,,,
RUE,2010,4,1,17,3.9,,,,,,,,944.6,,1.9,,71,1.5,70.3,0,0,0,0,,,,
RUE,2010,4,1,18,3.3,,,,,,,,945.3,,1.8,,2,0,2,0,0,0,0,,,,
RUE,2010,4,1,19,2.4,,,,,,,,945.7,,0.9,,0,0,0,0,0,0,0,,,,
RUE,2010,4,1,20,1.9,,,,,,,,946,,1.1,,0,0,0,0,0,0,0,,,,
RUE,2010,4,1,21,1.6,,,,,,,,946.2,,1.8,,0,0,0,0,0,0,0,,,,
RUE,2010,4,1,22,1.2,,,,,,,,946.2,,2.2,,0,0,0,0,0,0,0,,,,
RUE,2010,4,1,23,1.4,,,,,,,,946.3,,2.1,,0,0,0,0,0,0,0,,,,
RUE,2010,4,2,0,1.3,,,,,,,,946,,2.6,,0,0,0,0,0,0,0,,,,
RUE,2010,4,2,1,1,,,,,,,,945.8,,2,,0,0,0,0,0,0,0,,,,
RUE,2010,4,2,2,0.4,,,,,,,,945.2,,1.4,,0,0,0,0,0,0,0,,,,
RUE,2010,4,2,3,0,,,,,,,,945,,1.5,,0,0,0,0,0,0,0,,,,
RUE,2010,4,2,4,0.3,,,,,,,,944.9,,2.3,,0,0,0,0,0,0,0,,,,
RUE,2010,4,2,5,-0.5,,,,,,,,944.9,,2.2,,8,0,0,0,0,0,0,,,,
RUE,2010,4,2,6,0.1,,,,,,,,944.8,,3.5,,76,0,0,0,0,0,0,,,,
RUE,2010,4,2,7,1.2,,,,,,,,944.9,,2.3,,273,0,0,0,0,0,0,,,,
RUE,2010,4,2,8,3,,,,,,,,944.9,,3.3,,454,2590,74.9,0,0,0,0,,,,
RUE,2010,4,2,9,4.3,,,,,,,,944.8,,3.5,,562,1485.2,92.7,0,0,0,0,,,,
RUE,2010,4,2,10,5.7,,,,,,,,944.6,,3.1,,720,1281.8,118.8,0,0,0,0,,,,
RUE,2010,4,2,11,7.4,,,,,,,,944,,4.3,,797,1119.2,131.5,0,0,0,0,,,,
RUE,2010,4,2,12,8.5,,,,,,,,943.5,,4.7,,798,974,131.7,0,0,0,0,,,,
RUE,2010,4,2,13,9.2,,,,,,,,942.9,,6.6,,667,637.8,200.5,0,0,0,0,,,,
RUE,2010,4,2,14,9.9,,,,,,,,942.4,,6.3,,620,508.2,247.4,0,0,0,0,,,,
RUE,2010,4,2,15,10.1,,,,,,,,942.1,,5.6,,488,267.9,303.3,0,0,0,0,,,,
RUE,2010,4,2,16,9.2,,,,,,,,941.7,,4.9,,171,5.3,167.8,0,0,0,0,,,,
RUE,2010,4,2,17,8.8,,,,,,,,941.4,,3.8,,64,1.2,63.4,0,0,0,0,,,,
RUE,2010,4,2,18,7.9,,,,,,,,941.5,,1.8,,2,0,2,0,0,0,0,,,,
RUE,2010,4,2,19,8,,,,,,,,941.6,,2,,0,0,0,0,0,0,0,,,,
RUE,2010,4,2,20,7.6,,,,,,,,941.8,,1.3,,0,0,0,0,0,0,0,,,,
RUE,2010,4,2,21,7.9,,,,,,,,942,,1.9,,0,0,0,0,0,0,0,,,,
RUE,2010,4,2,22,7.3,,,,,,,,942.3,,2.7,,0,0,0,0,0,0,0,,,,
RUE,2010,4,2,23,7,,,,,,,,942.4,,6.2,,0,0,0,0,0,0,0,,,,
RUE,2010,4,3,0,6.7,,,,,,,,942.3,,1,,0,0,0,0,0,0,0,,,,
RUE,2010,4,3,1,5.9,,,,,,,,942.6,,1.3,,0,0,0,0,0,0,0,,,,
RUE,2010,4,3,2,5.5,,,,,,,,942.3,,1.6,,0,0,0,0,0,0,0,,,,
RUE,2010,4,3,3,5,,,,,,,,942.2,,0.7,,0,0,0,0,0,0,0,,,,
RUE,2010,4,3,4,5.3,,,,,,,,942.1,,1.6,,0,0,0,0,0,0,0,,,,
RUE,2010,4,3,5,4.6,,,,,,,,942.2,,1.7,,6,0,0,0,0,0,0,,,,
RUE,2010,4,3,6,4.7,,,,,,,,942.4,,0.7,,74,0,0,0,0,0,0,,,,
RUE,2010,4,3,7,5.5,,,,,,,,942.1,,1.7,,183,0,0,0,0,0,0,,,,
RUE,2010,4,3,8,6.7,,,,,,,,941.7,,2.4,,281,1543.3,46.4,0,0,0,0,,,,
RUE,2010,4,3,9,8.9,,,,,,,,941.6,,1.8,,373,968.7,61.5,0,0,0,0,,,,
RUE,2010,4,3,10,9.8,,,,,,,,941.1,,2.8,,301,171.1,219.9,0,0,0,0,,,,
RUE,2010,4,3,11,10.9,,,,,,,,940.6,,2.6,,497,476.3,211.4,0,0,0,0,,,,
RUE,2010,4,3,12,11.9,,,,,,,,940.1,,3.7,,541,395.9,268.3,0,0,0,0,,,,
RUE,2010,4,3,13,11.7,,,,,,,,939.7,,3,,336,36.3,309.3,0,0,0,0,,,,
RUE,2010,4,3,14,11.6,,,,,,,,939.3,,3.1,,245,8.1,239,0,0,0,0,,,,
RUE,2010,4,3,15,11.3,,,,,,,,939.2,,3.4,,118,1.9,116.7,0,0,0,0,,,,
RUE,2010,4,3,16,10.4,,,,,,,,939.1,,4.2,,72,0.9,71.4,0,0,0,0,,,,
RUE,2010,4,3,17,9.6,,,,,,,,939,,4.7,,28,0.2,27.9,0,0,0,0,,,,
RUE,2010,4,3,18,9.4,,,,,,,,938.1,,4.9,,1,0,1,0,0,0,0,,,,
RUE,2010,4,3,19,8.8,,,,,,,,938.3,,3.5,,0,0,0,0,0,0,0,,,,
RUE,2010,4,3,20,6.8,,,,,,,,939.6,,4.4,,0,0,0,0,0,0,0,,,,
RUE,2010,4,3,21,4.7,,,,,,,,940.1,,3,,0,0,0,0,0,0,0,,,,
RUE,2010,4,3,22,4.3,,,,,,,,940.7,,1.5,,0,0,0,0,0,0,0,,,,
RUE,2010,4,3,23,4.3,,,,,,,,941.2,,1.1,,0,0,0,0,0,0,0,,,,
RUE,2010,4,4,0,4.6,,,,,,,,941.6,,2.2,,0,0,0,0,0,0,0,,,,
RUE,2010,4,4,1,4.8,,,,,,,,941.5,,4.7,,0,0,0,0,0,0,0,,,,
RUE,2010,4,4,2,4.5,,,,,,,,941.1,,3.9,,0,0,0,0,0,0,0,,,,
RUE,2010,4,4,3,4.5,,,,,,,,941,,5,,0,0,0,0,0,0,0,,,,
RUE,2010,4,4,4,4.3,,,,,,,,941,,4.1,,0,0,0,0,0,0,0,,,,
RUE,2010,4,4,5,5,,,,,,,,941.4,,4.6,,2,0,0,0,0,0,0,,,,
RUE,2010,4,4,6,5.3,,,,,,,,941.6,,4.1,,39,0,0,0,0,0,0,,,,
RUE,2010,4,4,7,5.2,,,,,,,,942,,3.8,,97,0,0,0,0,0,0,,,,
RUE,2010,4,4,8,5.9,,,,,,,,942.2,,4.9,,192,1016.8,31.7,0,0,0,0,,,,
RUE,2010,4,4,9,7.3,,,,,,,,942.7,,5.9,,231,266.6,143.8,0,0,0,0,,,,
RUE,2010,4,4,10,8,,,,,,,,942.9,,4.7,,244,62.2,214.2,0,0,0,0,,,,
RUE,2010,4,4,11,8.1,,,,,,,,943.2,,4.8,,282,40.4,257.5,0,0,0,0,,,,
RUE,2010,4,4,12,7.1,,,,,,,,943.5,,3.6,,186,4.7,182.7,0,0,0,0,,,,
RUE,2010,4,4,13,8.4,,,,,,,,943.7,,4,,438,125.9,344.7,0,0,0,0,,,,
RUE,2010,4,4,14,9,,,,,,,,943.8,,3.7,,302,20.4,286.9,0,0,0,0,,,,
RUE,2010,4,4,15,8.6,,,,,,,,944.1,,4.7,,234,8.5,228.1,0,0,0,0,,,,
RUE,2010,4,4,16,6.8,,,,,,,,944.9,,3.9,,124,2.7,122.3,0,0,0,0,,,,
RUE,2010,4,4,17,7.1,,,,,,,,945.4,,3,,112,3.5,110.3,0,0,0,0,,,,
RUE,2010,4,4,18,6.5,,,,,,,,946,,1.8,,6,0,6,0,0,0,0,,,,
RUE,2010,4,4,19,5.8,,,,,,,,947.1,,1.5,,0,0,0,0,0,0,0,,,,
RUE,2010,4,4,20,5.2,,,,,,,,948,,1.2,,0,0,0,0,0,0,0,,,,
RUE,2010,4,4,21,5,,,,,,,,948.6,,2.4,,0,0,0,0,0,0,0,,,,
RUE,2010,4,4,22,5,,,,,,,,949,,3.1,,0,0,0,0,0,0,0,,,,
RUE,2010,4,4,23,4.1,,,,,,,,950,,3,,0,0,0,0,0,0,0,,,,
RUE,2010,4,5,0,3.1,,,,,,,,950.8,,2.7,,0,0,0,0,0,0,0,,,,
RUE,2010,4,5,1,2.7,,,,,,,,951.1,,1.9,,0,0,0,0,0,0,0,,,,
RUE,2010,4,5,2,3,,,,,,,,951.6,,2.5,,0,0,0,0,0,0,0,,,,
RUE,2010,4,5,3,2.9,,,,,,,,952.1,,3.3,,0,0,0,0,0,0,0,,,,
RUE,2010,4,5,4,2.5,,,,,,,,952.7,,2.8,,0,0,0,0,0,0,0,,,,
RUE,2010,4,5,5,2.3,,,,,,,,953.4,,2.3,,7,0,0,0,0,0,0,,,,
RUE,2010,4,5,6,2.2,,,,,,,,954.2,,2.2,,57,0,0,0,0,0,0,,,,
RUE,2010,4,5,7,2.7,,,,,,,,955,,1.6,,131,0,0,0,0,0,0,,,,
RUE,2010,4,5,8,4.3,,,,,,,,955.5,,2,,372,1902.5,61.4,0,0,0,0,,,,
RUE,2010,4,5,9,5,,,,,,,,955.9,,1.3,,327,772.4,70.2,0,0,0,0,,,,
RUE,2010,4,5,10,5.2,,,,,,,,956.1,,1.2,,252,69.1,218.5,0,0,0,0,,,,
RUE,2010,4,5,11,5.9,,,,,,,,956.2,,1.1,,365,133.1,283.9,0,0,0,0,,,,
RUE,2010,4,5,12,6.5,,,,,,,,956.1,,1.2,,426,144.6,325,0,0,0,0,,,,
RUE,2010,4,5,13,7.2,,,,,,,,955.8,,1,,422,103.7,344.8,0,0,0,0,,,,
RUE,2010,4,5,14,7.9,,,,,,,,955.5,,1.4,,482,185.3,343.7,0,0,0,0,,,,
RUE,2010,4,5,15,8.4,,,,,,,,955.2,,1.5,,322,37.4,295.8,0,0,0,0,,,,
RUE,2010,4,5,16,8.4,,,,,,,,955.3,,1.4,,235,15,225.8,0,0,0,0,,,,
RUE,2010,4,5,17,7.8,,,,,,,,955.2,,1.2,,114,3.5,112.3,0,0,0,0,,,,
RUE,2010,4,5,18,6.6,,,,,,,,955.3,,1,,4,0,4,0,0,0,0,,,,
RUE,2010,4,5,19,6,,,,,,,,955.4,,1.2,,0,0,0,0,0,0,0,,,,
RUE,2010,4,5,20,5.8,,,,,,,,955.3,,1.8,,0,0,0,0,0,0,0,,,,
RUE,2010,4,5,21,5.4,,,,,,,,954.9,,1.4,,0,0,0,0,0,0,0,,,,
RUE,2010,4,5,22,5.2,,,,,,,,954.5,,1.8,,0,0,0,0,0,0,0,,,,
RUE,2010,4,5,23,3.9,,,,,,,,954.3,,1.9,,0,0,0,0,0,0,0,,,,
RUE,2010,4,6,0,3.1,,,,,,,,954.1,,1.9,,0,0,0,0,0,0,0,,,,
RUE,2010,4,6,1,2.4,,,,,,,,954.1,,2,,0,0,0,0,0,0,0,,,,
RUE,2010,4,6,2,1.8,,,,,,,,953.9,,2.4,,0,0,0,0,0,0,0,,,,
RUE,2010,4,6,3,2,,,,,,,,953.8,,1.6,,0,0,0,0,0,0,0,,,,
RUE,2010,4,6,4,2.1,,,,,,,,953.8,,1.6,,0,0,0,0,0,0,0,,,,
RUE,2010,4,6,5,1.7,,,,,,,,953.5,,1.6,,20,0,0,0,0,0,0,,,,
RUE,2010,4,6,6,2.5,,,,,,,,953.4,,2.2,,154,0,0,0,0,0,0,,,,
RUE,2010,4,6,7,4.4,,,,,,,,953.1,,2.8,,346,0,0,0,0,0,0,,,,
RUE,2010,4,6,8,6.6,,,,,,,,952.7,,2.9,,521,2576.7,86,0,0,0,0,,,,
RUE,2010,4,6,9,8,,,,,,,,952.3,,3.6,,663,1638.3,109.4,0,0,0,0,,,,
RUE,2010,4,6,10,9.7,,,,,,,,951.8,,3.5,,759,1293,125.2,0,0,0,0,,,,
RUE,2010,4,6,11,11.2,,,,,,,,950.9,,3,,813,1104.2,134.1,0,0,0,0,,,,
RUE,2010,4,6,12,12.6,,,,,,,,950.3,,2.7,,808,959.3,133.3,0,0,0,0,,,,
RUE,2010,4,6,13,13.5,,,,,,,,949.6,,3.6,,746,792.8,151.8,0,0,0,0,,,,
RUE,2010,4,6,14,14.4,,,,,,,,948.8,,3.4,,630,499.1,255.5,0,0,0,0,,,,
RUE,2010,4,6,15,14.8,,,,,,,,948.1,,2.9,,473,216.3,320.3,0,0,0,0,,,,
RUE,2010,4,6,16,14.2,,,,,,,,947.6,,3.5,,291,42.3,264.8,0,0,0,0,,,,
RUE,2010,4,6,17,12.8,,,,,,,,947.3,,3.2,,107,3.1,105.5,0,0,0,0,,,,
RUE,2010,4,6,18,11.1,,,,,,,,947.2,,2.8,,5,0,5,0,0,0,0,,,,
RUE,2010,4,6,19,10.9,,,,,,,,947.1,,2.1,,0,0,0,0,0,0,0,,,,
RUE,2010,4,6,20,11.1,,,,,,,,947.2,,2.2,,0,0,0,0,0,0,0,,,,
RUE,2010,4,6,21,9.8,,,,,,,,947.2,,2.3,,0,0,0,0,0,0,0,,,,
RUE,2010,4,6,22,9,,,,,,,,947.1,,3.2,,0,0,0,0,0,0,0,,,,
RUE,2010,4,6,23,8.7,,,,,,,,947,,3.1,,0,0,0,0,0,0,0,,,,
RUE,2010,4,7,0,7.9,,,,,,,,946.9,,2.3,,0,0,0,0,0,0,0,,,,
RUE,2010,4,7,1,7.3,,,,,,,,946.6,,2.8,,0,0,0,0,0,0,0,,,,
RUE,2010,4,7,2,6.5,,,,,,,,946.6,,2.7,,0,0,0,0,0,0,0,,,,
RUE,2010,4,7,3,6,,,,,,,,946.6,,2.6,,0,0,0,0,0,0,0,,,,
RUE,2010,4,7,4,5.9,,,,,,,,946.6,,3,,0,0,0,0,0,0,0,,,,
RUE,2010,4,7,5,5.8,,,,,,,,946.8,,2.4,,23,0,0,0,0,0,0,,,,
RUE,2010,4,7,6,6.9,,,,,,,,946.9,,2.2,,157,0,0,0,0,0,0,,,,
RUE,2010,4,7,7,8.5,,,,,,,,947.3,,2.2,,349,0,0,0,0,0,0,,,,
RUE,2010,4,7,8,10.4,,,,,,,,947.4,,1.9,,525,2514.2,86.6,0,0,0,0,,,,
RUE,2010,4,7,9,12.5,,,,,,,,947.3,,1.7,,660,1605.4,108.9,0,0,0,0,,,,
RUE,2010,4,7,10,14.8,,,,,,,,946.9,,1.1,,762,1284.6,125.7,0,0,0,0,,,,
RUE,2010,4,7,11,16.6,,,,,,,,946.5,,1.5,,796,1072.5,131.3,0,0,0,0,,,,
RUE,2010,4,7,12,17.3,,,,,,,,946.3,,2.5,,758,894,125.1,0,0,0,0,,,,
RUE,2010,4,7,13,18.1,,,,,,,,946,,1.7,,712,703.1,181.9,0,0,0,0,,,,
RUE,2010,4,7,14,18.5,,,,,,,,945.9,,1.5,,614,450.5,274,0,0,0,0,,,,
RUE,2010,4,7,15,18.2,,,,,,,,945.7,,2.3,,431,142.4,329.9,0,0,0,0,,,,
RUE,2010,4,7,16,16.7,,,,,,,,945.7,,3.5,,191,6.4,187,0,0,0,0,,,,
RUE,2010,4,7,17,14.5,,,,,,,,946.3,,3.5,,53,0.7,52.6,0,0,0,0,,,,
RUE,2010,4,7,18,13.4,,,,,,,,946.8,,2.7,,3,0,3,0,0,0,0,,,,
RUE,2010,4,7,19,12.6,,,,,,,,947.4,,2.2,,0,0,0,0,0,0,0,,,,
RUE,2010,4,7,20,12,,,,,,,,947.8,,2.3,,0,0,0,0,0,0,0,,,,
RUE,2010,4,7,21,11.2,,,,,,,,948.1,,2.5,,0,0,0,0,0,0,0,,,,
RUE,2010,4,7,22,10.6,,,,,,,,948.2,,3.2,,0,0,0,0,0,0,0,,,,
RUE,2010,4,7,23,9.8,,,,,,,,948.5,,3,,0,0,0,0,0,0,0,,,,
RUE,2010,4,8,0,9.2,,,,,,,,948.5,,3,,0,0,0,0,0,0,0,,,,
RUE,2010,4,8,1,8.4,,,,,,,,948.5,,2.9,,0,0,0,0,0,0,0,,,,
RUE,2010,4,8,2,8.4,,,,,,,,948.6,,2,,0,0,0,0,0,0,0,,,,
RUE,2010,4,8,3,8.2,,,,,,,,949,,1.9,,0,0,0,0,0,0,0,,,,
RUE,2010,4,8,4,7.8,,,,,,,,949.3,,1.4,,0,0,0,0,0,0,0,,,,
RUE,2010,4,8,5,7.6,,,,,,,,949.6,,1.3,,12,0,0,0,0,0,0,,,,
RUE,2010,4,8,6,7.9,,,,,,,,950.3,,0.8,,46,0,0,0,0,0,0,,,,
RUE,2010,4,8,7,8.3,,,,,,,,950.7,,1.1,,74,0,0,0,0,0,0,,,,
RUE,2010,4,8,8,8.8,,,,,,,,951.1,,1.4,,117,192,82.5,0,0,0,0,,,,
RUE,2010,4,8,9,9.4,,,,,,,,951.3,,2.2,,199,108.1,161.3,0,0,0,0,,,,
RUE,2010,4,8,10,10.3,,,,,,,,951.5,,2.5,,290,115.8,232,0,0,0,0,,,,
RUE,2010,4,8,11,11,,,,,,,,951.6,,2,,292,41.4,266.2,0,0,0,0,,,,
RUE,2010,4,8,12,11.4,,,,,,,,951.7,,2.5,,265,13.3,255.6,0,0,0,0,,,,
RUE,2010,4,8,13,11.6,,,,,,,,951.6,,2.7,,180,3.7,177.2,0,0,0,0,,,,
RUE,2010,4,8,14,11.8,,,,,,,,951.6,,2.7,,183,3.8,180.1,0,0,0,0,,,,
RUE,2010,4,8,15,11.7,,,,,,,,951.7,,2.6,,135,2.4,133.3,0,0,0,0,,,,
RUE,2010,4,8,16,11.6,,,,,,,,952,,2.6,,71,0.8,70.5,0,0,0,0,,,,
RUE,2010,4,8,17,11.5,,,,,,,,952.5,,2.6,,26,0.2,25.9,0,0,0,0,,,,
RUE,2010,4,8,18,10.9,,,,,,,,953,,1.9,,2,0,2,0,0,0,0,,,,
RUE,2010,4,8,19,10.3,,,,,,,,953.5,,2,,0,0,0,0,0,0,0,,,,
RUE,2010,4,8,20,9.9,,,,,,,,953.8,,1.6,,0,0,0,0,0,0,0,,,,
RUE,2010,4,8,21,9.4,,,,,,,,954.1,,1.6,,0,0,0,0,0,0,0,,,,
RUE,2010,4,8,22,9.4,,,,,,,,954.3,,1.3,,0,0,0,0,0,0,0,,,,
RUE,2010,4,8,23,9.2,,,,,,,,954.3,,0.7,,0,0,0,0,0,0,0,,,,
RUE,2010,4,9,0,8.9,,,,,,,,954.4,,0.3,,0,0,0,0,0,0,0,,,,
RUE,2010,4,9,1,8.6,,,,,,,,954.4,,0.6,,0,0,0,0,0,0,0,,,,
RUE,2010,4,9,2,7.9,,,,,,,,954.6,,0.5,,0,0,0,0,0,0,0,,,,
RUE,2010,4,9,3,7.5,,,,,,,,954.9,,0.5,,0,0,0,0,0,0,0,,,,
RUE,2010,4,9,4,6.6,,,,,,,,955,,0.7,,0,0,0,0,0,0,0,,,,
RUE,2010,4,9,5,6.4,,,,,,,,955.4,,0.5,,13,0,0,0,0,0,0,,,,
RUE,2010,4,9,6,6.6,,,,,,,,955.9,,0.6,,55,0,0,0,0,0,0,,,,
RUE,2010,4,9,7,7,,,,,,,,956.2,,0.6,,148,0,0,0,0,0,0,,,,
RUE,2010,4,9,8,8.1,,,,,,,,956.4,,0.4,,276,1243.8,45.5,0,0,0,0,,,,
RUE,2010,4,9,9,10.1,,,,,,,,956.4,,1.8,,448,1057.1,73.9,0,0,0,0,,,,
RUE,2010,4,9,10,11.1,,,,,,,,956.4,,2.6,,400,410.6,192.5,0,0,0,0,,,,
RUE,2010,4,9,11,11.7,,,,,,,,956.2,,2.5,,453,289.4,270.9,0,0,0,0,,,,
RUE,2010,4,9,12,12.7,,,,,,,,955.9,,2.8,,524,306.7,304.1,0,0,0,0,,,,
RUE,2010,4,9,13,13.2,,,,,,,,955.5,,2.6,,364,46,328.9,0,0,0,0,,,,
RUE,2010,4,9,14,13.8,,,,,,,,955.2,,2.3,,322,24.8,303.1,0,0,0,0,,,,
RUE,2010,4,9,15,13.5,,,,,,,,955,,3,,344,46.9,310.3,0,0,0,0,,,,
RUE,2010,4,9,16,12.6,,,,,,,,955.2,,3.7,,204,7.5,199.3,0,0,0,0,,,,
RUE,2010,4,9,17,11.6,,,,,,,,955.7,,2.7,,30,0.2,29.9,0,0,0,0,,,,
RUE,2010,4,9,18,11,,,,,,,,956,,1.8,,3,0,3,0,0,0,0,,,,
RUE,2010,4,9,19,9.7,,,,,,,,956.8,,2.8,,0,0,0,0,0,0,0,,,,
RUE,2010,4,9,20,9.1,,,,,,,,957,,2.7,,0,0,0,0,0,0,0,,,,
RUE,2010,4,9,21,9,,,,,,,,957,,2.9,,0,0,0,0,0,0,0,,,,
RUE,2010,4,9,22,8.2,,,,,,,,956.7,,1.3,,0,0,0,0,0,0,0,,,,
RUE,2010,4,9,23,7.4,,,,,,,,956.5,,1.8,,0,0,0,0,0,0,0,,,,
RUE,2010,4,10,0,7.4,,,,,,,,956.1,,1,,0,0,0,0,0,0,0,,,,
RUE,2010,4,10,1,7.1,,,,,,,,955.8,,0.5,,0,0,0,0,0,0,0,,,,
RUE,2010,4,10,2,6.7,,,,,,,,955.6,,0.3,,0,0,0,0,0,0,0,,,,
RUE,2010,4,10,3,5.8,,,,,,,,955.6,,1.9,,0,0,0,0,0,0,0,,,,
RUE,2010,4,10,4,5,,,,,,,,955.4,,2,,0,0,0,0,0,0,0,,,,
RUE,2010,4,10,5,4.8,,,,,,,,955.5,,1.6,,17,0,0,0,0,0,0,,,,
RUE,2010,4,10,6,5.5,,,,,,,,955.4,,1.3,,113,0,0,0,0,0,0,,,,
RUE,2010,4,10,7,6.7,,,,,,,,955.3,,2.8,,195,0,0,0,0,0,0,,,,
RUE,2010,4,10,8,7.7,,,,,,,,954.9,,2.7,,286,1252.4,47.2,0,0,0,0,,,,
RUE,2010,4,10,9,9.1,,,,,,,,954.8,,3.3,,352,769.5,75.7,0,0,0,0,,,,
RUE,2010,4,10,10,11,,,,,,,,954.3,,2.7,,617,1009.3,101.8,0,0,0,0,,,,
RUE,2010,4,10,11,12.1,,,,,,,,953.7,,2.8,,811,1068,133.8,0,0,0,0,,,,
RUE,2010,4,10,12,12.2,,,,,,,,953.1,,1.9,,699,749.5,158.2,0,0,0,0,,,,
RUE,2010,4,10,13,12.3,,,,,,,,952.5,,2.1,,445,117.1,355.2,0,0,0,0,,,,
RUE,2010,4,10,14,12.2,,,,,,,,952,,2.1,,290,14.4,278.9,0,0,0,0,,,,
RUE,2010,4,10,15,12.1,,,,,,,,951.5,,1.6,,180,4.1,177,0,0,0,0,,,,
RUE,2010,4,10,16,12,,,,,,,,950.9,,2.8,,159,4.2,156.4,0,0,0,0,,,,
RUE,2010,4,10,17,11.2,,,,,,,,950.6,,3,,49,0.6,48.7,0,0,0,0,,,,
RUE,2010,4,10,18,10.3,,,,,,,,950.5,,1.6,,4,0,4,0,0,0,0,,,,
RUE,2010,4,10,19,9.5,,,,,,,,950.7,,1.1,,0,0,0,0,0,0,0,,,,
RUE,2010,4,10,20,9.3,,,,,,,,950.4,,3.7,,0,0,0,0,0,0,0,,,,
RUE,2010,4,10,21,8.5,,,,,,,,950.1,,3.6,,0,0,0,0,0,0,0,,,,
RUE,2010,4,10,22,7.8,,,,,,,,949.9,,5.5,,0,0,0,0,0,0,0,,,,
RUE,2010,4,10,23,7,,,,,,,,949.7,,4.5,,0,0,0,0,0,0,0,,,,
RUE,2010,4,11,0,5.7,,,,,,,,949.4,,4.7,,0,0,0,0,0,0,0,,,,
RUE,2010,4,11,1,4.7,,,,,,,,948.9,,4.3,,0,0,0,0,0,0,0,,,,
RUE,2010,4,11,2,3.6,,,,,,,,948.6,,2.2,,0,0,0,0,0,0,0,,,,
RUE,2010,4,11,3,2.3,,,,,,,,948.1,,1.6,,0,0,0,0,0,0,0,,,,
RUE,2010,4,11,4,1.5,,,,,,,,947.8,,2.4,,0,0,0,0,0,0,0,,,,
RUE,2010,4,11,5,1.5,,,,,,,,947.8,,1.9,,34,0,0,0,0,0,0,,,,
RUE,2010,4,11,6,2.6,,,,,,,,947.6,,1.4,,190,0,0,0,0,0,0,,,,
RUE,2010,4,11,7,4.1,,,,,,,,947.3,,3.8,,376,0,0,0,0,0,0,,,,
RUE,2010,4,11,8,5.6,,,,,,,,946.7,,5.2,,550,2342.9,90.8,0,0,0,0,,,,
RUE,2010,4,11,9,6.5,,,,,,,,946.3,,5.3,,683,1565.7,112.7,0,0,0,0,,,,
RUE,2010,4,11,10,6.5,,,,,,,,945.8,,4.2,,425,473.8,180.8,0,0,0,0,,,,
RUE,2010,4,11,11,7.4,,,,,,,,945.1,,4.7,,469,313.3,268.9,0,0,0,0,,,,
RUE,2010,4,11,12,7.6,,,,,,,,944.6,,5.2,,460,172.7,334.6,0,0,0,0,,,,
RUE,2010,4,11,13,8.2,,,,,,,,943.9,,4.1,,538,257.1,339.7,0,0,0,0,,,,
RUE,2010,4,11,14,7.4,,,,,,,,943.6,,6,,325,24.8,305.9,0,0,0,0,,,,
RUE,2010,4,11,15,7.7,,,,,,,,943.4,,5.7,,478,203.7,330.2,0,0,0,0,,,,
RUE,2010,4,11,16,7.5,,,,,,,,943,,3.6,,301,43.6,273.2,0,0,0,0,,,,
RUE,2010,4,11,17,6.1,,,,,,,,943,,6.4,,43,0.5,42.8,0,0,0,0,,,,
RUE,2010,4,11,18,4.7,,,,,,,,943.5,,4.8,,4,0,4,0,0,0,0,,,,
RUE,2010,4,11,19,3.8,,,,,,,,943.9,,3.9,,0,0,0,0,0,0,0,,,,
RUE,2010,4,11,20,3.3,,,,,,,,944,,5.1,,0,0,0,0,0,0,0,,,,
RUE,2010,4,11,21,2.8,,,,,,,,943.9,,4.2,,0,0,0,0,0,0,0,,,,
RUE,2010,4,11,22,2.5,,,,,,,,943.6,,4.6,,0,0,0,0,0,0,0,,,,
RUE,2010,4,11,23,2.1,,,,,,,,943.3,,3.9,,0,0,0,0,0,0,0,,,,
RUE,2010,4,12,0,2,,,,,,,,942.9,,2.8,,0,0,0,0,0,0,0,,,,
RUE,2010,4,12,1,2,,,,,,,,942.3,,4.4,,0,0,0,0,0,0,0,,,,
RUE,2010,4,12,2,2.2,,,,,,,,942.2,,4.2,,0,0,0,0,0,0,0,,,,
RUE,2010,4,12,3,2.3,,,,,,,,942.1,,4.4,,0,0,0,0,0,0,0,,,,
RUE,2010,4,12,4,2.3,,,,,,,,942,,4.4,,0,0,0,0,0,0,0,,,,
RUE,2010,4,12,5,2.4,,,,,,,,942.2,,4.1,,10,0,0,0,0,0,0,,,,
RUE,2010,4,12,6,2.5,,,,,,,,942.5,,3.8,,35,0,0,0,0,0,0,,,,
RUE,2010,4,12,7,2.7,,,,,,,,942.5,,3.3,,83,0,0,0,0,0,0,,,,
RUE,2010,4,12,8,3.1,,,,,,,,942.4,,4.1,,104,68.2,90.3,0,0,0,0,,,,
RUE,2010,4,12,9,3.6,,,,,,,,942.3,,3.5,,113,6.4,110.7,0,0,0,0,,,,
RUE,2010,4,12,10,4,,,,,,,,942.2,,4.1,,158,6.2,154.8,0,0,0,0,,,,
RUE,2010,4,12,11,4.5,,,,,,,,941.9,,4.3,,236,12.5,227.9,0,0,0,0,,,,
RUE,2010,4,12,12,5.7,,,,,,,,941.5,,4.1,,407,97.7,335.7,0,0,0,0,,,,
RUE,2010,4,12,13,6.3,,,,,,,,941.3,,4,,356,38.2,326.4,0,0,0,0,,,,
RUE,2010,4,12,14,6.3,,,,,,,,941,,4,,223,5.5,218.7,0,0,0,0,,,,
RUE,2010,4,12,15,6.5,,,,,,,,940.8,,3.5,,213,5.6,208.9,0,0,0,0,,,,
RUE,2010,4,12,16,6.8,,,,,,,,940.6,,3.4,,168,4.5,165.1,0,0,0,0,,,,
RUE,2010,4,12,17,6.5,,,,,,,,940.5,,4.1,,49,0.6,48.7,0,0,0,0,,,,
RUE,2010,4,12,18,5.6,,,,,,,,940.8,,3.6,,6,0,6,0,0,0,0,,,,
RUE,2010,4,12,19,5,,,,,,,,941.1,,3.7,,0,0,0,0,0,0,0,,,,
RUE,2010,4,12,20,4.2,,,,,,,,941.1,,2.9,,0,0,0,0,0,0,0,,,,
RUE,2010,4,12,21,4,,,,,,,,940.9,,3,,0,0,0,0,0,0,0,,,,
RUE,2010,4,12,22,3.2,,,,,,,,940.7,,2.3,,0,0,0,0,0,0,0,,,,
RUE,2010,4,12,23,2.9,,,,,,,,940.7,,1.5,,0,0,0,0,0,0,0,,,,
RUE,2010,4,13,0,2.5,,,,,,,,940.6,,1,,0,0,0,0,0,0,0,,,,
RUE,2010,4,13,1,2.2,,,,,,,,940.4,,0.6,,0,0,0,0,0,0,0,,,,
RUE,2010,4,13,2,2,,,,,,,,940.6,,0.9,,0,0,0,0,0,0,0,,,,
RUE,2010,4,13,3,1.5,,,,,,,,940.7,,0.6,,0,0,0,0,0,0,0,,,,
RUE,2010,4,13,4,1.1,,,,,,,,940.8,,0.7,,0,0,0,0,0,0,0,,,,
RUE,2010,4,13,5,1.1,,,,,,,,941,,0.4,,31,0,0,0,0,0,0,,,,
RUE,2010,4,13,6,1.1,,,,,,,,941.2,,0.6,,151,0,0,0,0,0,0,,,,
RUE,2010,4,13,7,2.1,,,,,,,,941.3,,0.8,,179,0,0,0,0,0,0,,,,
RUE,2010,4,13,8,2.8,,,,,,,,941.5,,1.4,,213,849.5,37.5,0,0,0,0,,,,
RUE,2010,4,13,9,4.6,,,,,,,,941.6,,1.2,,445,992.4,73.4,0,0,0,0,,,,
RUE,2010,4,13,10,5.3,,,,,,,,941.6,,1.8,,346,204.5,238.6,0,0,0,0,,,,
RUE,2010,4,13,11,6.5,,,,,,,,941.5,,1.8,,516,422.2,242.5,0,0,0,0,,,,
RUE,2010,4,13,12,8.3,,,,,,,,941.3,,2.5,,547,331.4,303.6,0,0,0,0,,,,
RUE,2010,4,13,13,8.7,,,,,,,,941,,2.8,,535,242,346.5,0,0,0,0,,,,
RUE,2010,4,13,14,9.2,,,,,,,,940.7,,2.1,,472,143.1,360.6,0,0,0,0,,,,
RUE,2010,4,13,15,9.3,,,,,,,,940.5,,1.5,,344,42.7,312.7,0,0,0,0,,,,
RUE,2010,4,13,16,9.1,,,,,,,,940.6,,2,,211,7.8,206,0,0,0,0,,,,
RUE,2010,4,13,17,8.2,,,,,,,,941,,2.7,,74,1.3,73.3,0,0,0,0,,,,
RUE,2010,4,13,18,7.2,,,,,,,,941.3,,1.7,,10,0,10,0,0,0,0,,,,
RUE,2010,4,13,19,6.1,,,,,,,,941.8,,1.8,,0,0,0,0,0,0,0,,,,
RUE,2010,4,13,20,5.2,,,,,,,,942.3,,2,,0,0,0,0,0,0,0,,,,
RUE,2010,4,13,21,4.8,,,,,,,,942.3,,1.4,,0,0,0,0,0,0,0,,,,
RUE,2010,4,13,22,4.7,,,,,,,,942.2,,0.7,,0,0,0,0,0,0,0,,,,
RUE,2010,4,13,23,4,,,,,,,,942.3,,0.7,,0,0,0,0,0,0,0,,,,
RUE,2010,4,14,0,3.8,,,,,,,,942,,1.1,,0,0,0,0,0,0,0,,,,
RUE,2010,4,14,1,3.9,,,,,,,,941.8,,0.3,,0,0,0,0,0,0,0,,,,
RUE,2010,4,14,2,3.7,,,,,,,,941.8,,0.7,,0,0,0,0,0,0,0,,,,
RUE,2010,4,14,3,3.3,,,,,,,,941.8,,0.7,,0,0,0,0,0,0,0,,,,
RUE,2010,4,14,4,3.2,,,,,,,,941.6,,0.5,,0,0,0,0,0,0,0,,,,
RUE,2010,4,14,5,2.8,,,,,,,,941.7,,0.6,,28,0,0,0,0,0,0,,,,
RUE,2010,4,14,6,3.3,,,,,,,,941.9,,1,,135,0,0,0,0,0,0,,,,
RUE,2010,4,14,7,4.1,,,,,,,,942.1,,1,,288,0,0,0,0,0,0,,,,
RUE,2010,4,14,8,5.5,,,,,,,,942.1,,1.5,,450,1774.6,74.2,0,0,0,0,,,,
RUE,2010,4,14,9,5.7,,,,,,,,942.3,,2.4,,255,222.2,170.7,0,0,0,0,,,,
RUE,2010,4,14,10,6.5,,,,,,,,942.2,,2,,329,159.3,244.6,0,0,0,0,,,,
RUE,2010,4,14,11,6.7,,,,,,,,942,,1.8,,160,4,157.4,0,0,0,0,,,,
RUE,2010,4,14,12,6.6,,,,,,,,942.2,,2.2,,88,0.9,87.3,0,0,0,0,,,,
RUE,2010,4,14,13,6.6,,,,,,,,942.2,,1.7,,91,0.9,90.3,0,0,0,0,,,,
RUE,2010,4,14,14,7.2,,,,,,,,941.9,,1.1,,216,5.1,212,0,0,0,0,,,,
RUE,2010,4,14,15,7.9,,,,,,,,941.8,,1.3,,194,4.6,190.6,0,0,0,0,,,,
RUE,2010,4,14,16,8.2,,,,,,,,941.6,,1.1,,175,4.8,171.9,0,0,0,0,,,,
RUE,2010,4,14,17,7.3,,,,,,,,941.8,,2.3,,36,0.3,35.8,0,0,0,0,,,,
RUE,2010,4,14,18,5.7,,,,,,,,942.3,,2.4,,0,0,0,0,0,0,0,,,,
RUE,2010,4,14,19,5.2,,,,,,,,942.8,,1.7,,0,0,0,0,0,0,0,,,,
RUE,2010,4,14,20,4.9,,,,,,,,943.1,,2.7,,0,0,0,0,0,0,0,,,,
RUE,2010,4,14,21,4.7,,,,,,,,943,,2.4,,0,0,0,0,0,0,0,,,,
RUE,2010,4,14,22,4.4,,,,,,,,942.8,,1.7,,0,0,0,0,0,0,0,,,,
RUE,2010,4,14,23,4.2,,,,,,,,942.7,,1.8,,0,0,0,0,0,0,0,,,,
RUE,2010,4,15,0,3.9,,,,,,,,942.5,,0.9,,0,0,0,0,0,0,0,,,,
RUE,2010,4,15,1,3.7,,,,,,,,941.9,,1.1,,0,0,0,0,0,0,0,,,,
RUE,2010,4,15,2,3.7,,,,,,,,941.9,,1.4,,0,0,0,0,0,0,0,,,,
RUE,2010,4,15,3,3.7,,,,,,,,941.9,,2,,0,0,0,0,0,0,0,,,,
RUE,2010,4,15,4,3.4,,,,,,,,941.9,,1.1,,0,0,0,0,0,0,0,,,,
RUE,2010,4,15,5,3.5,,,,,,,,942.1,,2.4,,16,0,0,0,0,0,0,,,,
RUE,2010,4,15,6,3.9,,,,,,,,942.4,,1.9,,91,0,0,0,0,0,0,,,,
RUE,2010,4,15,7,4.2,,,,,,,,942.6,,2.4,,120,0,0,0,0,0,0,,,,
RUE,2010,4,15,8,4.9,,,,,,,,942.9,,3,,249,958.7,41.1,0,0,0,0,,,,
RUE,2010,4,15,9,5.7,,,,,,,,943.1,,3.7,,287,336,157.9,0,0,0,0,,,,
RUE,2010,4,15,10,6.4,,,,,,,,943.3,,4,,332,159.8,246.6,0,0,0,0,,,,
RUE,2010,4,15,11,6.8,,,,,,,,943.3,,3.7,,235,11.3,227.6,0,0,0,0,,,,
RUE,2010,4,15,12,7.1,,,,,,,,943.3,,3.6,,211,5.4,207,0,0,0,0,,,,
RUE,2010,4,15,13,7.5,,,,,,,,943.4,,3.5,,229,5.6,224.6,0,0,0,0,,,,
RUE,2010,4,15,14,8,,,,,,,,943.1,,3.1,,238,6.2,233.1,0,0,0,0,,,,
RUE,2010,4,15,15,8.1,,,,,,,,943,,2.6,,176,3.8,173.2,0,0,0,0,,,,
RUE,2010,4,15,16,8.3,,,,,,,,943.1,,2.8,,185,5.3,181.5,0,0,0,0,,,,
RUE,2010,4,15,17,7.9,,,,,,,,943.1,,2.6,,96,2.2,94.8,0,0,0,0,,,,
RUE,2010,4,15,18,7.1,,,,,,,,943.2,,1.3,,15,0.1,15,0,0,0,0,,,,
RUE,2010,4,15,19,6.4,,,,,,,,943.8,,1.2,,0,0,0,0,0,0,0,,,,
RUE,2010,4,15,20,5.7,,,,,,,,944,,1.4,,0,0,0,0,0,0,0,,,,
RUE,2010,4,15,21,5.6,,,,,,,,944.2,,1.3,,0,0,0,0,0,0,0,,,,
RUE,2010,4,15,22,5.4,,,,,,,,944.3,,2,,0,0,0,0,0,0,0,,,,
RUE,2010,4,15,23,5.1,,,,,,,,944.5,,1.9,,0,0,0,0,0,0,0,,,,
RUE,2010,4,16,0,4.6,,,,,,,,944.5,,1.5,,0,0,0,0,0,0,0,,,,
RUE,2010,4,16,1,4.5,,,,,,,,944.1,,1.6,,0,0,0,0,0,0,0,,,,
RUE,2010,4,16,2,3.8,,,,,,,,944.1,,1.8,,0,0,0,0,0,0,0,,,,
RUE,2010,4,16,3,3.6,,,,,,,,944.1,,1.9,,0,0,0,0,0,0,0,,,,
RUE,2010,4,16,4,3.5,,,,,,,,944.2,,2,,0,0,0,0,0,0,0,,,,
RUE,2010,4,16,5,4.1,,,,,,,,944.7,,2.3,,12,0,0,0,0,0,0,,,,
RUE,2010,4,16,6,4.7,,,,,,,,945.1,,1.9,,69,0,0,0,0,0,0,,,,
RUE,2010,4,16,7,5.4,,,,,,,,945.5,,2.6,,168,0,0,0,0,0,0,,,,
RUE,2010,4,16,8,6.9,,,,,,,,945.8,,3.7,,444,1670.4,73.3,0,0,0,0,,,,
RUE,2010,4,16,9,8.1,,,,,,,,945.9,,3.8,,366,701.4,93.1,0,0,0,0,,,,
RUE,2010,4,16,10,8.6,,,,,,,,946.1,,3.3,,211,17.3,201.7,0,0,0,0,,,,
RUE,2010,4,16,11,8.8,,,,,,,,946.2,,3.7,,256,16.4,245.2,0,0,0,0,,,,
RUE,2010,4,16,12,9.4,,,,,,,,946.3,,2.8,,333,33.2,308.2,0,0,0,0,,,,
RUE,2010,4,16,13,10.1,,,,,,,,946.4,,2.7,,368,41.2,335.4,0,0,0,0,,,,
RUE,2010,4,16,14,10.6,,,,,,,,946.1,,3.4,,433,91.3,360.9,0,0,0,0,,,,
RUE,2010,4,16,15,10.7,,,,,,,,946.1,,4,,307,22.5,290.3,0,0,0,0,,,,
RUE,2010,4,16,16,10.6,,,,,,,,946.2,,3.4,,231,10.5,224.1,0,0,0,0,,,,
RUE,2010,4,16,17,10,,,,,,,,946.3,,2.1,,80,1.5,79.2,0,0,0,0,,,,
RUE,2010,4,16,18,9.5,,,,,,,,946.6,,2.2,,5,0,5,0,0,0,0,,,,
RUE,2010,4,16,19,8.4,,,,,,,,947.1,,3.1,,0,0,0,0,0,0,0,,,,
RUE,2010,4,16,20,7.9,,,,,,,,947.5,,3.3,,0,0,0,0,0,0,0,,,,
RUE,2010,4,16,21,7,,,,,,,,947.4,,2.4,,0,0,0,0,0,0,0,,,,
RUE,2010,4,16,22,6.3,,,,,,,,947.5,,2.1,,0,0,0,0,0,0,0,,,,
RUE,2010,4,16,23,6.5,,,,,,,,947.4,,3,,0,0,0,0,0,0,0,,,,
RUE,2010,4,17,0,6.3,,,,,,,,947.2,,2.3,,0,0,0,0,0,0,0,,,,
RUE,2010,4,17,1,6.1,,,,,,,,947.3,,2.6,,0,0,0,0,0,0,0,,,,
RUE,2010,4,17,2,6.3,,,,,,,,947.2,,3,,0,0,0,0,0,0,0,,,,
RUE,2010,4,17,3,5.6,,,,,,,,947,,3.3,,0,0,0,0,0,0,0,,,,
RUE,2010,4,17,4,5,,,,,,,,947,,3.8,,0,0,0,0,0,0,0,,,,
RUE,2010,4,17,5,4.5,,,,,,,,947.4,,2.6,,30,0,0,0,0,0,0,,,,
RUE,2010,4,17,6,5.3,,,,,,,,947.6,,2.1,,153,0,0,0,0,0,0,,,,
RUE,2010,4,17,7,6.6,,,,,,,,947.4,,3.1,,366,5469.8,60.4,0,0,0,0,,,,
RUE,2010,4,17,8,7.8,,,,,,,,947.2,,4.5,,536,1972,88.4,0,0,0,0,,,,
RUE,2010,4,17,9,9.4,,,,,,,,947.1,,5.3,,677,1434.9,111.7,0,0,0,0,,,,
RUE,2010,4,17,10,11.4,,,,,,,,946.9,,4.5,,777,1193.6,128.2,0,0,0,0,,,,
RUE,2010,4,17,11,12.9,,,,,,,,946.3,,5.7,,808,1014,133.3,0,0,0,0,,,,
RUE,2010,4,17,12,14,,,,,,,,945.9,,5.8,,792,878.7,132.1,0,0,0,0,,,,
RUE,2010,4,17,13,14.8,,,,,,,,945.4,,4.9,,726,650.7,208.9,0,0,0,0,,,,
RUE,2010,4,17,14,15,,,,,,,,944.8,,3.8,,512,188.7,362.3,0,0,0,0,,,,
RUE,2010,4,17,15,14.9,,,,,,,,944.4,,4.4,,345,39.7,315.3,0,0,0,0,,,,
RUE,2010,4,17,16,14.5,,,,,,,,944.1,,4.4,,266,20.1,252.7,0,0,0,0,,,,
RUE,2010,4,17,17,13.5,,,,,,,,943.8,,3.6,,109,2.7,107.5,0,0,0,0,,,,
RUE,2010,4,17,18,12.1,,,,,,,,943.6,,2.8,,12,0.1,12,0,0,0,0,,,,
RUE,2010,4,17,19,11.1,,,,,,,,943.9,,2.1,,0,0,0,0,0,0,0,,,,
RUE,2010,4,17,20,10,,,,,,,,943.9,,3.1,,0,0,0,0,0,0,0,,,,
RUE,2010,4,17,21,9.3,,,,,,,,943.7,,2,,0,0,0,0,0,0,0,,,,
RUE,2010,4,17,22,8.8,,,,,,,,943.5,,1.7,,0,0,0,0,0,0,0,,,,
RUE,2010,4,17,23,9,,,,,,,,943.5,,0.6,,0,0,0,0,0,0,0,,,,
RUE,2010,4,18,0,8.7,,,,,,,,943.3,,0.5,,0,0,0,0,0,0,0,,,,
RUE,2010,4,18,1,7.8,,,,,,,,942.8,,0.7,,0,0,0,0,0,0,0,,,,
RUE,2010,4,18,2,6.9,,,,,,,,942.4,,1.1,,0,0,0,0,0,0,0,,,,
RUE,2010,4,18,3,6.7,,,,,,,,942.3,,0.9,,0,0,0,0,0,0,0,,,,
RUE,2010,4,18,4,6.3,,,,,,,,941.9,,1.3,,0,0,0,0,0,0,0,,,,
RUE,2010,4,18,5,6.5,,,,,,,,942,,1,,32,0,0,0,0,0,0,,,,
RUE,2010,4,18,6,6.8,,,,,,,,942.1,,1,,84,0,0,0,0,0,0,,,,
RUE,2010,4,18,7,8.1,,,,,,,,942.1,,0.6,,210,2882.8,34.6,0,0,0,0,,,,
RUE,2010,4,18,8,10,,,,,,,,942.3,,1.1,,405,1458.2,66.8,0,0,0,0,,,,
RUE,2010,4,18,9,11.7,,,,,,,,942.5,,1.9,,576,1206.4,95,0,0,0,0,,,,
RUE,2010,4,18,10,13.5,,,,,,,,942.3,,2.4,,739,1125.9,121.9,0,0,0,0,,,,
RUE,2010,4,18,11,13.6,,,,,,,,941.9,,1.9,,631,706.1,158.2,0,0,0,0,,,,
RUE,2010,4,18,12,14.3,,,,,,,,941.5,,2.6,,535,276.4,326.3,0,0,0,0,,,,
RUE,2010,4,18,13,15,,,,,,,,941.3,,2.9,,573,290.3,341.2,0,0,0,0,,,,
RUE,2010,4,18,14,15,,,,,,,,941,,1.9,,397,57.9,350.8,0,0,0,0,,,,
RUE,2010,4,18,15,15.7,,,,,,,,940.8,,2.2,,395,75.5,338.3,0,0,0,0,,,,
RUE,2010,4,18,16,15.8,,,,,,,,940.7,,3.3,,282,26.3,264.5,0,0,0,0,,,,
RUE,2010,4,18,17,15.5,,,,,,,,940.9,,2.6,,154,5.4,151.1,0,0,0,0,,,,
RUE,2010,4,18,18,14.4,,,,,,,,941.2,,2.2,,12,0.1,12,0,0,0,0,,,,
RUE,2010,4,18,19,13.8,,,,,,,,941.8,,1.1,,0,0,0,0,0,0,0,,,,
RUE,2010,4,18,20,13.1,,,,,,,,942.1,,1.4,,0,0,0,0,0,0,0,,,,
RUE,2010,4,18,21,12.4,,,,,,,,942.1,,0.7,,0,0,0,0,0,0,0,,,,
RUE,2010,4,18,22,11.6,,,,,,,,942.3,,1,,0,0,0,0,0,0,0,,,,
RUE,2010,4,18,23,11.6,,,,,,,,942.5,,1.3,,0,0,0,0,0,0,0,,,,
RUE,2010,4,19,0,11,,,,,,,,942.5,,0.7,,0,0,0,0,0,0,0,,,,
RUE,2010,4,19,1,10.2,,,,,,,,942.4,,0.8,,0,0,0,0,0,0,0,,,,
RUE,2010,4,19,2,9.7,,,,,,,,942.4,,0.6,,0,0,0,0,0,0,0,,,,
RUE,2010,4,19,3,9.4,,,,,,,,942.4,,0.8,,0,0,0,0,0,0,0,,,,
RUE,2010,4,19,4,9.1,,,,,,,,942.5,,1,,0,0,0,0,0,0,0,,,,
RUE,2010,4,19,5,9.1,,,,,,,,942.8,,1.1,,40,0,0,0,0,0,0,,,,
RUE,2010,4,19,6,10.3,,,,,,,,943.1,,0.5,,192,0,0,0,0,0,0,,,,
RUE,2010,4,19,7,12.2,,,,,,,,943.5,,1,,378,4800.9,62.4,0,0,0,0,,,,
RUE,2010,4,19,8,13.1,,,,,,,,943.9,,2.2,,548,1932.4,90.4,0,0,0,0,,,,
RUE,2010,4,19,9,14.3,,,,,,,,944.1,,1.6,,679,1405.7,112,0,0,0,0,,,,
RUE,2010,4,19,10,15.5,,,,,,,,944,,2.8,,793,1198.6,130.8,0,0,0,0,,,,
RUE,2010,4,19,11,16.2,,,,,,,,943.7,,2.8,,829,1027.4,136.8,0,0,0,0,,,,
RUE,2010,4,19,12,16.8,,,,,,,,943.4,,3.1,,829,912.1,136.8,0,0,0,0,,,,
RUE,2010,4,19,13,17.3,,,,,,,,943,,2.4,,761,718.5,184.7,0,0,0,0,,,,
RUE,2010,4,19,14,17.4,,,,,,,,942.7,,2.7,,630,408.6,302.9,0,0,0,0,,,,
RUE,2010,4,19,15,17.4,,,,,,,,942.6,,2,,473,167.9,346.4,0,0,0,0,,,,
RUE,2010,4,19,16,17,,,,,,,,942.7,,2.8,,305,38.2,279.5,0,0,0,0,,,,
RUE,2010,4,19,17,16.4,,,,,,,,942.7,,2.5,,137,4.2,134.7,0,0,0,0,,,,
RUE,2010,4,19,18,14.9,,,,,,,,943.1,,2.3,,18,0.1,17.9,0,0,0,0,,,,
RUE,2010,4,19,19,14.1,,,,,,,,943.6,,1.4,,0,0,0,0,0,0,0,,,,
RUE,2010,4,19,20,13.4,,,,,,,,944,,1.2,,0,0,0,0,0,0,0,,,,
RUE,2010,4,19,21,12.8,,,,,,,,944.1,,1.6,,0,0,0,0,0,0,0,,,,
RUE,2010,4,19,22,12.3,,,,,,,,944.1,,1.8,,0,0,0,0,0,0,0,,,,
RUE,2010,4,19,23,12.4,,,,,,,,944.3,,1.7,,0,0,0,0,0,0,0,,,,
RUE,2010,4,20,0,11.5,,,,,,,,944.2,,1.2,,0,0,0,0,0,0,0,,,,
RUE,2010,4,20,1,11.5,,,,,,,,943.9,,1,,0,0,0,0,0,0,0,,,,
RUE,2010,4,20,2,11.3,,,,,,,,943.7,,1.9,,0,0,0,0,0,0,0,,,,
RUE,2010,4,20,3,10,,,,,,,,943.5,,1.1,,0,0,0,0,0,0,0,,,,
RUE,2010,4,20,4,9.2,,,,,,,,943.7,,0.9,,1,0,0,0,0,0,0,,,,
RUE,2010,4,20,5,9.3,,,,,,,,944.1,,1.5,,31,0,0,0,0,0,0,,,,
RUE,2010,4,20,6,10.1,,,,,,,,944.5,,1.1,,123,0,0,0,0,0,0,,,,
RUE,2010,4,20,7,10.2,,,,,,,,945,,2.1,,299,3535.4,49.3,0,0,0,0,,,,
RUE,2010,4,20,8,11.8,,,,,,,,945.4,,1.9,,360,1244.2,59.4,0,0,0,0,,,,
RUE,2010,4,20,9,12.6,,,,,,,,945.9,,2.1,,231,106.8,187.4,0,0,0,0,,,,
RUE,2010,4,20,10,10.8,,,,,,,,946.6,,3,,148,4.7,145.4,0,0,0,0,,,,
RUE,2010,4,20,11,10.8,,,,,,,,946.5,,1.4,,328,50.5,293.8,0,0,0,0,,,,
RUE,2010,4,20,12,13.5,,,,,,,,946,,1.9,,682,614.9,213,0,0,0,0,,,,
RUE,2010,4,20,13,14.3,,,,,,,,945.6,,1.1,,485,140.6,371.7,0,0,0,0,,,,
RUE,2010,4,20,14,15.5,,,,,,,,945.1,,1.6,,573,283.7,344.9,0,0,0,0,,,,
RUE,2010,4,20,15,14.4,,,,,,,,944.8,,3.4,,132,2,130.5,0,0,0,0,,,,
RUE,2010,4,20,16,14.6,,,,,,,,944.9,,3,,250,13.9,240.7,0,0,0,0,,,,
RUE,2010,4,20,17,13.6,,,,,,,,945,,2.2,,67,1,66.5,0,0,0,0,,,,
RUE,2010,4,20,18,12.8,,,,,,,,945.3,,3.1,,14,0.1,14,0,0,0,0,,,,
RUE,2010,4,20,19,11.4,,,,,,,,945.8,,1.7,,0,0,0,0,0,0,0,,,,
RUE,2010,4,20,20,11.3,,,,,,,,946,,2,,0,0,0,0,0,0,0,,,,
RUE,2010,4,20,21,11.7,,,,,,,,946.1,,2,,0,0,0,0,0,0,0,,,,
RUE,2010,4,20,22,11.8,,,,,,,,946.2,,2,,0,0,0,0,0,0,0,,,,
RUE,2010,4,20,23,11.4,,,,,,,,946.2,,2.2,,0,0,0,0,0,0,0,,,,
RUE,2010,4,21,0,10.9,,,,,,,,945.9,,1.7,,0,0,0,0,0,0,0,,,,
RUE,2010,4,21,1,10.6,,,,,,,,945.8,,1.7,,0,0,0,0,0,0,0,,,,
RUE,2010,4,21,2,9.3,,,,,,,,945.6,,1.7,,0,0,0,0,0,0,0,,,,
RUE,2010,4,21,3,8.2,,,,,,,,945.3,,1.6,,0,0,0,0,0,0,0,,,,
RUE,2010,4,21,4,7.3,,,,,,,,945.2,,1.7,,1,0,0,0,0,0,0,,,,
RUE,2010,4,21,5,7.7,,,,,,,,945.1,,1.7,,38,0,0,0,0,0,0,,,,
RUE,2010,4,21,6,8.4,,,,,,,,945.3,,1.2,,201,0,0,0,0,0,0,,,,
RUE,2010,4,21,7,9.4,,,,,,,,945.4,,1.6,,372,4117,61.4,0,0,0,0,,,,
RUE,2010,4,21,8,11.1,,,,,,,,945.2,,1.2,,572,1938.7,94.4,0,0,0,0,,,,
RUE,2010,4,21,9,11.7,,,,,,,,945.1,,2.7,,693,1403,114.3,0,0,0,0,,,,
RUE,2010,4,21,10,12.4,,,,,,,,945.1,,3.7,,793,1180.3,130.8,0,0,0,0,,,,
RUE,2010,4,21,11,13.3,,,,,,,,944.9,,3.6,,847,1037.4,139.8,0,0,0,0,,,,
RUE,2010,4,21,12,14.2,,,,,,,,944.4,,3.6,,821,894.9,135.1,0,0,0,0,,,,
RUE,2010,4,21,13,15.5,,,,,,,,943.8,,3.4,,751,680.9,200,0,0,0,0,,,,
RUE,2010,4,21,14,16.1,,,,,,,,943.3,,3.2,,644,429.3,297.4,0,0,0,0,,,,
RUE,2010,4,21,15,15.8,,,,,,,,943,,3.5,,483,177.5,348,0,0,0,0,,,,
RUE,2010,4,21,16,15.1,,,,,,,,943,,3.1,,298,32.5,276.1,0,0,0,0,,,,
RUE,2010,4,21,17,13.9,,,,,,,,943.2,,2.9,,110,2.7,108.5,0,0,0,0,,,,
RUE,2010,4,21,18,12.9,,,,,,,,943.4,,3.4,,17,0.1,17,0,0,0,0,,,,
RUE,2010,4,21,19,11.3,,,,,,,,943.8,,3,,0,0,0,0,0,0,0,,,,
RUE,2010,4,21,20,10.3,,,,,,,,944.3,,2,,0,0,0,0,0,0,0,,,,
RUE,2010,4,21,21,9.1,,,,,,,,944.6,,1.1,,0,0,0,0,0,0,0,,,,
RUE,2010,4,21,22,8.2,,,,,,,,944.8,,0.9,,0,0,0,0,0,0,0,,,,
RUE,2010,4,21,23,7.4,,,,,,,,944.7,,1.7,,0,0,0,0,0,0,0,,,,
RUE,2010,4,22,0,5.9,,,,,,,,944.4,,2.8,,0,0,0,0,0,0,0,,,,
RUE,2010,4,22,1,4.7,,,,,,,,944.1,,2.8,,0,0,0,0,0,0,0,,,,
RUE,2010,4,22,2,4.1,,,,,,,,944.1,,1.9,,0,0,0,0,0,0,0,,,,
RUE,2010,4,22,3,3.4,,,,,,,,944.1,,2.4,,0,0,0,0,0,0,0,,,,
RUE,2010,4,22,4,2.9,,,,,,,,943.8,,2.3,,2,0,0,0,0,0,0,,,,
RUE,2010,4,22,5,3.2,,,,,,,,943.6,,3.3,,66,0,0,0,0,0,0,,,,
RUE,2010,4,22,6,4.5,,,,,,,,943.7,,3.9,,225,0,0,0,0,0,0,,,,
RUE,2010,4,22,7,6,,,,,,,,943.5,,4.2,,408,4246.5,67.3,0,0,0,0,,,,
RUE,2010,4,22,8,7.8,,,,,,,,943.1,,3.9,,574,1909.2,94.7,0,0,0,0,,,,
RUE,2010,4,22,9,9.8,,,,,,,,942.7,,3.7,,705,1412.1,116.3,0,0,0,0,,,,
RUE,2010,4,22,10,11.2,,,,,,,,942.2,,4.1,,679,1003.1,112,0,0,0,0,,,,
RUE,2010,4,22,11,12.6,,,,,,,,941.9,,4.3,,815,992.5,134.5,0,0,0,0,,,,
RUE,2010,4,22,12,13.9,,,,,,,,941.5,,3.6,,818,886.9,135,0,0,0,0,,,,
RUE,2010,4,22,13,14.6,,,,,,,,941.1,,3.2,,728,619.2,224.7,0,0,0,0,,,,
RUE,2010,4,22,14,15,,,,,,,,940.4,,3.4,,643,421.6,301.2,0,0,0,0,,,,
RUE,2010,4,22,15,15.4,,,,,,,,940,,2.8,,514,226.3,341.1,0,0,0,0,,,,
RUE,2010,4,22,16,15,,,,,,,,939.8,,2.8,,293,29.2,273.3,0,0,0,0,,,,
RUE,2010,4,22,17,13.6,,,,,,,,939.8,,2.5,,78,1.3,77.3,0,0,0,0,,,,
RUE,2010,4,22,18,12.4,,,,,,,,939.7,,2.1,,16,0.1,16,0,0,0,0,,,,
RUE,2010,4,22,19,11,,,,,,,,940,,2.3,,0,0,0,0,0,0,0,,,,
RUE,2010,4,22,20,10.2,,,,,,,,940.2,,2.2,,0,0,0,0,0,0,0,,,,
RUE,2010,4,22,21,9.4,,,,,,,,940.2,,2.3,,0,0,0,0,0,0,0,,,,
RUE,2010,4,22,22,8.5,,,,,,,,940,,2.6,,0,0,0,0,0,0,0,,,,
RUE,2010,4,22,23,7.7,,,,,,,,939.8,,2.6,,0,0,0,0,0,0,0,,,,
RUE,2010,4,23,0,7.5,,,,,,,,939.5,,2.9,,0,0,0,0,0,0,0,,,,
RUE,2010,4,23,1,7.4,,,,,,,,939.3,,3,,0,0,0,0,0,0,0,,,,
RUE,2010,4,23,2,7.1,,,,,,,,939.3,,3,,0,0,0,0,0,0,0,,,,
RUE,2010,4,23,3,6.6,,,,,,,,939.3,,2.5,,0,0,0,0,0,0,0,,,,
RUE,2010,4,23,4,6.4,,,,,,,,939.4,,2.5,,1,0,0,0,0,0,0,,,,
RUE,2010,4,23,5,6.4,,,,,,,,939.7,,2,,53,0,0,0,0,0,0,,,,
RUE,2010,4,23,6,7.2,,,,,,,,940.1,,4,,132,0,0,0,0,0,0,,,,
RUE,2010,4,23,7,7.8,,,,,,,,940.2,,4,,248,2437.6,40.9,0,0,0,0,,,,
RUE,2010,4,23,8,9.4,,,,,,,,940.2,,3.3,,414,1352.2,68.3,0,0,0,0,,,,
RUE,2010,4,23,9,11,,,,,,,,940.3,,4.6,,551,1092.2,90.9,0,0,0,0,,,,
RUE,2010,4,23,10,12.3,,,,,,,,940.4,,4.4,,554,764,119,0,0,0,0,,,,
RUE,2010,4,23,11,13.1,,,,,,,,940.3,,4.1,,479,257.7,301.3,0,0,0,0,,,,
RUE,2010,4,23,12,14,,,,,,,,940.3,,3,,467,143.1,356.3,0,0,0,0,,,,
RUE,2010,4,23,13,14.9,,,,,,,,940.4,,2.2,,421,69.4,364.4,0,0,0,0,,,,
RUE,2010,4,23,14,15.7,,,,,,,,940.4,,2.1,,418,67.9,362.7,0,0,0,0,,,,
RUE,2010,4,23,15,15.6,,,,,,,,940.5,,1.8,,309,20.2,293.5,0,0,0,0,,,,
RUE,2010,4,23,16,14.9,,,,,,,,940.7,,1.9,,180,4.7,176.8,0,0,0,0,,,,
RUE,2010,4,23,17,14.6,,,,,,,,941.1,,1.6,,130,3.6,128,0,0,0,0,,,,
RUE,2010,4,23,18,14.1,,,,,,,,941.6,,1,,28,0.3,27.9,0,0,0,0,,,,
RUE,2010,4,23,19,13.6,,,,,,,,942.4,,1,,0,0,0,0,0,0,0,,,,
RUE,2010,4,23,20,12.8,,,,,,,,942.9,,1,,0,0,0,0,0,0,0,,,,
RUE,2010,4,23,21,11.8,,,,,,,,943.1,,1.5,,0,0,0,0,0,0,0,,,,
RUE,2010,4,23,22,10.8,,,,,,,,943.3,,2.1,,0,0,0,0,0,0,0,,,,
RUE,2010,4,23,23,10.5,,,,,,,,943.5,,2.4,,0,0,0,0,0,0,0,,,,
RUE,2010,4,24,0,10,,,,,,,,943.7,,2.1,,0,0,0,0,0,0,0,,,,
RUE,2010,4,24,1,9.8,,,,,,,,943.9,,1.1,,0,0,0,0,0,0,0,,,,
RUE,2010,4,24,2,9.4,,,,,,,,944.2,,0.8,,0,0,0,0,0,0,0,,,,
RUE,2010,4,24,3,9.1,,,,,,,,944.5,,1.3,,0,0,0,0,0,0,0,,,,
RUE,2010,4,24,4,8.7,,,,,,,,944.6,,1.3,,2,0,0,0,0,0,0,,,,
RUE,2010,4,24,5,8.7,,,,,,,,945,,1.4,,70,0,0,0,0,0,0,,,,
RUE,2010,4,24,6,9.9,,,,,,,,945.6,,2,,241,0,0,0,0,0,0,,,,
RUE,2010,4,24,7,11.3,,,,,,,,945.8,,3.4,,426,3969.2,70.3,0,0,0,0,,,,
RUE,2010,4,24,8,13,,,,,,,,946.1,,3.2,,585,1877.3,96.5,0,0,0,0,,,,
RUE,2010,4,24,9,14.8,,,,,,,,946.2,,2.8,,714,1401,117.8,0,0,0,0,,,,
RUE,2010,4,24,10,16.2,,,,,,,,946.2,,3.4,,802,1168,132.3,0,0,0,0,,,,
RUE,2010,4,24,11,17.5,,,,,,,,946.1,,3.3,,848,1021.3,139.9,0,0,0,0,,,,
RUE,2010,4,24,12,18.3,,,,,,,,946,,2.9,,829,890.9,136.5,0,0,0,0,,,,
RUE,2010,4,24,13,19.2,,,,,,,,946.1,,2.5,,769,702.1,193.6,0,0,0,0,,,,
RUE,2010,4,24,14,19.7,,,,,,,,945.9,,2.1,,655,438.3,296.9,0,0,0,0,,,,
RUE,2010,4,24,15,19.9,,,,,,,,945.9,,2.3,,498,192.6,349.7,0,0,0,0,,,,
RUE,2010,4,24,16,19.6,,,,,,,,945.9,,2.6,,319,42.9,289.7,0,0,0,0,,,,
RUE,2010,4,24,17,18.7,,,,,,,,946.2,,2.3,,151,4.9,148.3,0,0,0,0,,,,
RUE,2010,4,24,18,17.8,,,,,,,,946.8,,1.4,,23,0.2,22.9,0,0,0,0,,,,
RUE,2010,4,24,19,16.8,,,,,,,,947.5,,0.8,,0,0,0,0,0,0,0,,,,
RUE,2010,4,24,20,16.7,,,,,,,,948.1,,0.8,,0,0,0,0,0,0,0,,,,
RUE,2010,4,24,21,14.7,,,,,,,,948.3,,1.4,,0,0,0,0,0,0,0,,,,
RUE,2010,4,24,22,13.4,,,,,,,,948.6,,2,,0,0,0,0,0,0,0,,,,
RUE,2010,4,24,23,12.5,,,,,,,,948.8,,3.1,,0,0,0,0,0,0,0,,,,
RUE,2010,4,25,0,12.1,,,,,,,,948.9,,2.9,,0,0,0,0,0,0,0,,,,
RUE,2010,4,25,1,12.2,,,,,,,,948.7,,2.2,,0,0,0,0,0,0,0,,,,
RUE,2010,4,25,2,12.3,,,,,,,,949,,1.3,,0,0,0,0,0,0,0,,,,
RUE,2010,4,25,3,11.8,,,,,,,,949.2,,1.5,,0,0,0,0,0,0,0,,,,
RUE,2010,4,25,4,12.1,,,,,,,,949.5,,1.4,,2,0,0,0,0,0,0,,,,
RUE,2010,4,25,5,12.1,,,,,,,,950,,1.3,,69,0,0,0,0,0,0,,,,
RUE,2010,4,25,6,13,,,,,,,,950.5,,1.8,,248,0,0,0,0,0,0,,,,
RUE,2010,4,25,7,14.8,,,,,,,,950.8,,2,,398,3527,65.7,0,0,0,0,,,,
RUE,2010,4,25,8,16.5,,,,,,,,950.9,,2.1,,575,1814.1,94.9,0,0,0,0,,,,
RUE,2010,4,25,9,18.1,,,,,,,,951,,2.2,,711,1381.4,117.3,0,0,0,0,,,,
RUE,2010,4,25,10,19.2,,,,,,,,951,,1.1,,764,1105.1,126.1,0,0,0,0,,,,
RUE,2010,4,25,11,20.4,,,,,,,,950.6,,1.4,,741,887.9,122.1,0,0,0,0,,,,
RUE,2010,4,25,12,20.8,,,,,,,,950.5,,1.7,,653,505,258.7,0,0,0,0,,,,
RUE,2010,4,25,13,21,,,,,,,,950.5,,1.7,,593,298.4,347.5,0,0,0,0,,,,
RUE,2010,4,25,14,21.5,,,,,,,,950.2,,1.7,,572,262.5,356.7,0,0,0,0,,,,
RUE,2010,4,25,15,21.3,,,,,,,,950,,2.3,,470,148,355.5,0,0,0,0,,,,
RUE,2010,4,25,16,20.1,,,,,,,,950.2,,1.6,,143,2.9,141,0,0,0,0,,,,
RUE,2010,4,25,17,19.7,,,,,,,,950.4,,1.8,,52,0.6,51.7,0,0,0,0,,,,
RUE,2010,4,25,18,18.5,,,,,,,,950.7,,1.5,,22,0.2,21.9,0,0,0,0,,,,
RUE,2010,4,25,19,17.5,,,,,,,,951.2,,1.5,,0,0,0,0,0,0,0,,,,
RUE,2010,4,25,20,17.3,,,,,,,,951.6,,1.5,,0,0,0,0,0,0,0,,,,
RUE,2010,4,25,21,16.9,,,,,,,,951.6,,1.8,,0,0,0,0,0,0,0,,,,
RUE,2010,4,25,22,16.3,,,,,,,,951.5,,2,,0,0,0,0,0,0,0,,,,
RUE,2010,4,25,23,16.1,,,,,,,,951.5,,1.7,,0,0,0,0,0,0,0,,,,
RUE,2010,4,26,0,15.8,,,,,,,,951.5,,1.2,,0,0,0,0,0,0,0,,,,
RUE,2010,4,26,1,14.4,,,,,,,,951.6,,2,,0,0,0,0,0,0,0,,,,
RUE,2010,4,26,2,13.6,,,,,,,,952,,2.7,,0,0,0,0,0,0,0,,,,
RUE,2010,4,26,3,13.2,,,,,,,,952.5,,3.2,,0,0,0,0,0,0,0,,,,
RUE,2010,4,26,4,12.6,,,,,,,,953.1,,3,,1,0,0,0,0,0,0,,,,
RUE,2010,4,26,5,11.5,,,,,,,,953.4,,2.7,,37,0,0,0,0,0,0,,,,
RUE,2010,4,26,6,11.8,,,,,,,,953.8,,2,,138,0,0,0,0,0,0,,,,
RUE,2010,4,26,7,12.8,,,,,,,,954.2,,2.2,,284,2401,46.9,0,0,0,0,,,,
RUE,2010,4,26,8,13.6,,,,,,,,954.2,,1.8,,379,1176.2,62.5,0,0,0,0,,,,
RUE,2010,4,26,9,15,,,,,,,,954.4,,2.1,,664,1277.8,109.6,0,0,0,0,,,,
RUE,2010,4,26,10,16.4,,,,,,,,954.2,,2.2,,794,1140.8,131,0,0,0,0,,,,
RUE,2010,4,26,11,17.1,,,,,,,,953.7,,1.8,,844,1005.8,139.3,0,0,0,0,,,,
RUE,2010,4,26,12,17.7,,,,,,,,953.3,,1.6,,691,593.3,225.8,0,0,0,0,,,,
RUE,2010,4,26,13,17.7,,,,,,,,952.9,,3.2,,551,220,369.3,0,0,0,0,,,,
RUE,2010,4,26,14,18,,,,,,,,952.5,,3.3,,579,271.7,355.3,0,0,0,0,,,,
RUE,2010,4,26,15,18,,,,,,,,952.3,,2.7,,448,117.7,356.6,0,0,0,0,,,,
RUE,2010,4,26,16,17.3,,,,,,,,952.3,,4.1,,375,90.4,312.8,0,0,0,0,,,,
RUE,2010,4,26,17,15.8,,,,,,,,952.3,,3.3,,139,4,136.7,0,0,0,0,,,,
RUE,2010,4,26,18,14.4,,,,,,,,952.5,,1.9,,16,0.1,16,0,0,0,0,,,,
RUE,2010,4,26,19,13.7,,,,,,,,953,,1.7,,0,0,0,0,0,0,0,,,,
RUE,2010,4,26,20,13.1,,,,,,,,953.5,,1.1,,0,0,0,0,0,0,0,,,,
RUE,2010,4,26,21,12.8,,,,,,,,953.5,,0.6,,0,0,0,0,0,0,0,,,,
RUE,2010,4,26,22,12.4,,,,,,,,953.4,,0.5,,0,0,0,0,0,0,0,,,,
RUE,2010,4,26,23,11.9,,,,,,,,953.6,,0.8,,0,0,0,0,0,0,0,,,,
RUE,2010,4,27,0,11.3,,,,,,,,953.4,,0.7,,0,0,0,0,0,0,0,,,,
RUE,2010,4,27,1,10.9,,,,,,,,953.1,,1.1,,0,0,0,0,0,0,0,,,,
RUE,2010,4,27,2,10.8,,,,,,,,952.9,,0.6,,0,0,0,0,0,0,0,,,,
RUE,2010,4,27,3,10.4,,,,,,,,952.7,,0.2,,0,0,0,0,0,0,0,,,,
RUE,2010,4,27,4,10,,,,,,,,952.7,,0.5,,1,0,0,0,0,0,0,,,,
RUE,2010,4,27,5,9.7,,,,,,,,953.1,,0.7,,53,0,0,0,0,0,0,,,,
RUE,2010,4,27,6,10.6,,,,,,,,953.6,,1,,227,0,0,0,0,0,0,,,,
RUE,2010,4,27,7,11.8,,,,,,,,954,,1.5,,425,3437.3,70.1,0,0,0,0,,,,
RUE,2010,4,27,8,13.4,,,,,,,,954,,1.9,,598,1826.6,98.7,0,0,0,0,,,,
RUE,2010,4,27,9,15.2,,,,,,,,953.7,,3.6,,726,1384.1,119.8,0,0,0,0,,,,
RUE,2010,4,27,10,16.8,,,,,,,,953.7,,4,,823,1174.8,135.8,0,0,0,0,,,,
RUE,2010,4,27,11,17.3,,,,,,,,953.4,,3.8,,918,1088.5,151.5,0,0,0,0,,,,
RUE,2010,4,27,12,17.6,,,,,,,,953.4,,3,,774,782.4,157.9,0,0,0,0,,,,
RUE,2010,4,27,13,17.1,,,,,,,,953.2,,1.9,,398,49.2,357.2,0,0,0,0,,,,
RUE,2010,4,27,14,17.8,,,,,,,,953.1,,2.1,,506,153.5,379.2,0,0,0,0,,,,
RUE,2010,4,27,15,17.5,,,,,,,,952.9,,2,,236,6.3,231.1,0,0,0,0,,,,
RUE,2010,4,27,16,16.7,,,,,,,,953,,1.7,,125,2.2,123.5,0,0,0,0,,,,
RUE,2010,4,27,17,16.7,,,,,,,,953,,0.8,,111,2.5,109.6,0,0,0,0,,,,
RUE,2010,4,27,18,16.1,,,,,,,,953.2,,0.6,,14,0.1,14,0,0,0,0,,,,
RUE,2010,4,27,19,15.1,,,,,,,,953.6,,1,,0,0,0,0,0,0,0,,,,
RUE,2010,4,27,20,14.4,,,,,,,,954.2,,1.4,,0,0,0,0,0,0,0,,,,
RUE,2010,4,27,21,12.8,,,,,,,,954.4,,0.8,,0,0,0,0,0,0,0,,,,
RUE,2010,4,27,22,12.2,,,,,,,,954.4,,1.8,,0,0,0,0,0,0,0,,,,
RUE,2010,4,27,23,11.2,,,,,,,,954.2,,2.9,,0,0,0,0,0,0,0,,,,
RUE,2010,4,28,0,10.8,,,,,,,,954.1,,2.5,,0,0,0,0,0,0,0,,,,
RUE,2010,4,28,1,10.2,,,,,,,,953.8,,2.2,,0,0,0,0,0,0,0,,,,
RUE,2010,4,28,2,10.2,,,,,,,,953.7,,2.4,,0,0,0,0,0,0,0,,,,
RUE,2010,4,28,3,10.3,,,,,,,,953.7,,3.3,,0,0,0,0,0,0,0,,,,
RUE,2010,4,28,4,10.2,,,,,,,,953.6,,1.5,,3,0,0,0,0,0,0,,,,
RUE,2010,4,28,5,10.3,,,,,,,,953.7,,1.5,,74,0,0,0,0,0,0,,,,
RUE,2010,4,28,6,11.1,,,,,,,,953.8,,2.6,,241,0,0,0,0,0,0,,,,
RUE,2010,4,28,7,12.6,,,,,,,,953.9,,2.8,,449,3482.7,74.1,0,0,0,0,,,,
RUE,2010,4,28,8,14.4,,,,,,,,953.7,,2.3,,620,1864.9,102.3,0,0,0,0,,,,
RUE,2010,4,28,9,16.5,,,,,,,,953.7,,2.9,,740,1398.1,122.1,0,0,0,0,,,,
RUE,2010,4,28,10,18.1,,,,,,,,953.5,,3,,828,1174.4,136.6,0,0,0,0,,,,
RUE,2010,4,28,11,18.7,,,,,,,,953.1,,2.5,,876,1033.6,144.5,0,0,0,0,,,,
RUE,2010,4,28,12,19.6,,,,,,,,952.5,,1.8,,859,907.1,141.7,0,0,0,0,,,,
RUE,2010,4,28,13,20.1,,,,,,,,952,,1.5,,800,745.9,179.2,0,0,0,0,,,,
RUE,2010,4,28,14,20.7,,,,,,,,951.5,,1.4,,693,505.3,274,0,0,0,0,,,,
RUE,2010,4,28,15,21,,,,,,,,950.9,,1,,544,260.8,340,0,0,0,0,,,,
RUE,2010,4,28,16,20.9,,,,,,,,950.4,,1.5,,364,75.7,311.4,0,0,0,0,,,,
RUE,2010,4,28,17,20,,,,,,,,950.2,,1.7,,174,6.4,170.4,0,0,0,0,,,,
RUE,2010,4,28,18,18.9,,,,,,,,950.2,,1.1,,31,0.4,30.8,0,0,0,0,,,,
RUE,2010,4,28,19,17.9,,,,,,,,950.5,,1.1,,0,0,0,0,0,0,0,,,,
RUE,2010,4,28,20,16.9,,,,,,,,950.6,,1.7,,0,0,0,0,0,0,0,,,,
RUE,2010,4,28,21,16.7,,,,,,,,950.4,,1.2,,0,0,0,0,0,0,0,,,,
RUE,2010,4,28,22,16.1,,,,,,,,950,,1.3,,0,0,0,0,0,0,0,,,,
RUE,2010,4,28,23,15.7,,,,,,,,949.8,,1.5,,0,0,0,0,0,0,0,,,,
RUE,2010,4,29,0,15.5,,,,,,,,949.5,,2,,0,0,0,0,0,0,0,,,,
RUE,2010,4,29,1,14.9,,,,,,,,949,,2.2,,0,0,0,0,0,0,0,,,,
RUE,2010,4,29,2,14.8,,,,,,,,948.6,,1.6,,0,0,0,0,0,0,0,,,,
RUE,2010,4,29,3,14,,,,,,,,948.3,,0.8,,0,0,0,0,0,0,0,,,,
RUE,2010,4,29,4,13.1,,,,,,,,948,,1.1,,5,0,0,0,0,0,0,,,,
RUE,2010,4,29,5,12.3,,,,,,,,948,,1.5,,90,0,0,0,0,0,0,,,,
RUE,2010,4,29,6,14.4,,,,,,,,948.1,,1,,267,0,0,0,0,0,0,,,,
RUE,2010,4,29,7,17.7,,,,,,,,947.8,,1.6,,450,3355.4,74.2,0,0,0,0,,,,
RUE,2010,4,29,8,19.2,,,,,,,,947.6,,2,,613,1816.6,101.1,0,0,0,0,,,,
RUE,2010,4,29,9,20.7,,,,,,,,947.3,,2.3,,687,1286.6,113.4,0,0,0,0,,,,
RUE,2010,4,29,10,21.6,,,,,,,,946.9,,3.4,,822,1158.7,135.6,0,0,0,0,,,,
RUE,2010,4,29,11,22.9,,,,,,,,946.1,,3.6,,862,1012.2,142.2,0,0,0,0,,,,
RUE,2010,4,29,12,23.5,,,,,,,,945.3,,3.9,,845,889.1,139.1,0,0,0,0,,,,
RUE,2010,4,29,13,24.3,,,,,,,,944.5,,4.2,,792,723,188.1,0,0,0,0,,,,
RUE,2010,4,29,14,24.6,,,,,,,,943.6,,5.6,,690,493.2,279.5,0,0,0,0,,,,
RUE,2010,4,29,15,24.4,,,,,,,,943,,5.9,,538,246.3,344.6,0,0,0,0,,,,
RUE,2010,4,29,16,23.9,,,,,,,,942.6,,4.8,,310,33.7,286.5,0,0,0,0,,,,
RUE,2010,4,29,17,23,,,,,,,,942.3,,4.5,,156,4.9,153.2,0,0,0,0,,,,
RUE,2010,4,29,18,21.7,,,,,,,,942.3,,3.4,,38,0.5,37.8,0,0,0,0,,,,
RUE,2010,4,29,19,20.4,,,,,,,,942.7,,2.4,,0,0,0,0,0,0,0,,,,
RUE,2010,4,29,20,19.7,,,,,,,,943.1,,1.4,,0,0,0,0,0,0,0,,,,
RUE,2010,4,29,21,19,,,,,,,,942.9,,1.5,,0,0,0,0,0,0,0,,,,
RUE,2010,4,29,22,19,,,,,,,,942.9,,1.9,,0,0,0,0,0,0,0,,,,
RUE,2010,4,29,23,18.5,,,,,,,,943.5,,2.6,,0,0,0,0,0,0,0,,,,
RUE,2010,4,30,0,17.9,,,,,,,,943.3,,1.2,,0,0,0,0,0,0,0,,,,
RUE,2010,4,30,1,16.4,,,,,,,,943.5,,1.9,,0,0,0,0,0,0,0,,,,
RUE,2010,4,30,2,14,,,,,,,,943.8,,1.7,,0,0,0,0,0,0,0,,,,
RUE,2010,4,30,3,13.3,,,,,,,,944.2,,1.3,,0,0,0,0,0,0,0,,,,
RUE,2010,4,30,4,13,,,,,,,,943.8,,1.5,,0,0,0,0,0,0,0,,,,
RUE,2010,4,30,5,13,,,,,,,,943.8,,0.8,,11,0,0,0,0,0,0,,,,
RUE,2010,4,30,6,13.3,,,,,,,,943.9,,0.7,,52,0,0,0,0,0,0,,,,
RUE,2010,4,30,7,14.1,,,,,,,,943.9,,0.4,,135,969.7,22.3,0,0,0,0,,,,
RUE,2010,4,30,8,14.6,,,,,,,,943.9,,1,,322,940.6,53.1,0,0,0,0,,,,
RUE,2010,4,30,9,15.9,,,,,,,,944.1,,1.9,,465,857.6,79.4,0,0,0,0,,,,
RUE,2010,4,30,10,15.6,,,,,,,,944,,2.8,,327,94.2,270.8,0,0,0,0,,,,
RUE,2010,4,30,11,15.4,,,,,,,,943.6,,2.7,,375,76.5,320.4,0,0,0,0,,,,
RUE,2010,4,30,12,15.5,,,,,,,,943,,2.8,,434,90.9,361.5,0,0,0,0,,,,
RUE,2010,4,30,13,16,,,,,,,,942.6,,2.7,,513,154,383.9,0,0,0,0,,,,
RUE,2010,4,30,14,15.1,,,,,,,,942.5,,3.8,,141,1.9,139.4,0,0,0,0,,,,
RUE,2010,4,30,15,14,,,,,,,,942.6,,3,,78,0.7,77.5,0,0,0,0,,,,
RUE,2010,4,30,16,14.2,,,,,,,,942.5,,2.1,,194,5.1,190.4,0,0,0,0,,,,
RUE,2010,4,30,17,13.4,,,,,,,,942.6,,2.4,,75,1.1,74.3,0,0,0,0,,,,
RUE,2010,4,30,18,12.9,,,,,,,,942.8,,1.9,,2,0,2,0,0,0,0,,,,
RUE,2010,4,30,19,12.2,,,,,,,,943.2,,1.8,,0,0,0,0,0,0,0,,,,
RUE,2010,4,30,20,11.7,,,,,,,,943.6,,1.3,,0,0,0,0,0,0,0,,,,
RUE,2010,4,30,21,11.4,,,,,,,,943.6,,0.8,,0,0,0,0,0,0,0,,,,
RUE,2010,4,30,22,11.2,,,,,,,,943.4,,1.1,,0,0,0,0,0,0,0,,,,
RUE,2010,4,30,23,11.2,,,,,,,,943,,0.6,,0,0,0,0,0,0,0,,,,
RUE,2010,5,1,0,11.1,,,,,,,,942.5,,0.9,,0,0,0,0,0,0,0,,,,
RUE,2010,5,1,1,11.1,,,,,,,,942,,0.8,,0,0,0,0,0,0,0,,,,
RUE,2010,5,1,2,10.7,,,,,,,,941.6,,0.8,,0,0,0,0,0,0,0,,,,
RUE,2010,5,1,3,10.3,,,,,,,,941.4,,0.5,,0,0,0,0,0,0,0,,,,
RUE,2010,5,1,4,10.8,,,,,,,,941.1,,0.6,,1,0,0,0,0,0,0,,,,
RUE,2010,5,1,5,10.9,,,,,,,,941.4,,0.7,,14,0,0,0,0,0,0,,,,
RUE,2010,5,1,6,10.8,,,,,,,,941.8,,1.4,,19,0,0,0,0,0,0,,,,
RUE,2010,5,1,7,10.4,,,,,,,,941.9,,0.8,,41,9.4,39.9,0,0,0,0,,,,
RUE,2010,5,1,8,10.7,,,,,,,,941.8,,0.6,,74,4.4,72.7,0,0,0,0,,,,
RUE,2010,5,1,9,11,,,,,,,,941.9,,0.9,,76,1.9,75.1,0,0,0,0,,,,
RUE,2010,5,1,10,11.4,,,,,,,,941.8,,0.7,,158,4.6,155.2,0,0,0,0,,,,
RUE,2010,5,1,11,12.6,,,,,,,,941.5,,0.6,,298,24,280.8,0,0,0,0,,,,
RUE,2010,5,1,12,12.7,,,,,,,,941.1,,1.3,,243,6.3,237.9,0,0,0,0,,,,
RUE,2010,5,1,13,12.8,,,,,,,,940.8,,1,,176,2.9,173.5,0,0,0,0,,,,
RUE,2010,5,1,14,12.2,,,,,,,,940.8,,1.9,,99,0.9,98.2,0,0,0,0,,,,
RUE,2010,5,1,15,11.6,,,,,,,,940.7,,1.2,,135,2,133.5,0,0,0,0,,,,
RUE,2010,5,1,16,11.5,,,,,,,,940.7,,0.7,,53,0.4,52.7,0,0,0,0,,,,
RUE,2010,5,1,17,11.5,,,,,,,,940.6,,0.5,,41,0.3,40.8,0,0,0,0,,,,
RUE,2010,5,1,18,10.1,,,,,,,,941,,2.8,,5,0,5,0,0,0,0,,,,
RUE,2010,5,1,19,9.7,,,,,,,,941.6,,1.6,,0,0,0,0,0,0,0,,,,
RUE,2010,5,1,20,9.5,,,,,,,,941.9,,1.8,,0,0,0,0,0,0,0,,,,
RUE,2010,5,1,21,9.2,,,,,,,,941.8,,1.5,,0,0,0,0,0,0,0,,,,
RUE,2010,5,1,22,9,,,,,,,,941.5,,1,,0,0,0,0,0,0,0,,,,
RUE,2010,5,1,23,9,,,,,,,,941.4,,0.6,,0,0,0,0,0,0,0,,,,
RUE,2010,5,2,0,8.3,,,,,,,,941.2,,0.1,,0,0,0,0,0,0,0,,,,
RUE,2010,5,2,1,8.2,,,,,,,,940.8,,0.7,,0,0,0,0,0,0,0,,,,
RUE,2010,5,2,2,8.2,,,,,,,,940.4,,0.3,,0,0,0,0,0,0,0,,,,
RUE,2010,5,2,3,8.3,,,,,,,,940,,0.7,,0,0,0,0,0,0,0,,,,
RUE,2010,5,2,4,8,,,,,,,,939.6,,0.5,,1,0,0,0,0,0,0,,,,
RUE,2010,5,2,5,8.2,,,,,,,,939.6,,0.8,,15,0,0,0,0,0,0,,,,
RUE,2010,5,2,6,8.5,,,,,,,,939.7,,0.4,,44,0,0,0,0,0,0,,,,
RUE,2010,5,2,7,8.7,,,,,,,,939.9,,0.9,,67,86.2,56.3,0,0,0,0,,,,
RUE,2010,5,2,8,9.2,,,,,,,,940,,0.8,,175,137.3,134.7,0,0,0,0,,,,
RUE,2010,5,2,9,9.8,,,,,,,,940.1,,0.5,,180,18.4,171.6,0,0,0,0,,,,
RUE,2010,5,2,10,10,,,,,,,,940.1,,0.6,,181,6.2,177.3,0,0,0,0,,,,
RUE,2010,5,2,11,9.9,,,,,,,,940,,0.7,,136,2.4,134.3,0,0,0,0,,,,
RUE,2010,5,2,12,9.9,,,,,,,,939.7,,1.9,,163,2.8,160.8,0,0,0,0,,,,
RUE,2010,5,2,13,10.2,,,,,,,,939.6,,1.9,,273,7.7,266.5,0,0,0,0,,,,
RUE,2010,5,2,14,10,,,,,,,,939.3,,1.7,,189,3.4,186.2,0,0,0,0,,,,
RUE,2010,5,2,15,9.4,,,,,,,,939.3,,1.3,,62,0.4,61.7,0,0,0,0,,,,
RUE,2010,5,2,16,9.1,,,,,,,,939.4,,0.7,,46,0.3,45.8,0,0,0,0,,,,
RUE,2010,5,2,17,9,,,,,,,,939.2,,1.1,,23,0.1,22.9,0,0,0,0,,,,
RUE,2010,5,2,18,8.6,,,,,,,,939.1,,1.4,,4,0,4,0,0,0,0,,,,
RUE,2010,5,2,19,8.3,,,,,,,,939.2,,2.1,,0,0,0,0,0,0,0,,,,
RUE,2010,5,2,20,8.5,,,,,,,,939.3,,2.1,,0,0,0,0,0,0,0,,,,
RUE,2010,5,2,21,8.2,,,,,,,,939.3,,0.9,,0,0,0,0,0,0,0,,,,
RUE,2010,5,2,22,8,,,,,,,,939.3,,0.6,,0,0,0,0,0,0,0,,,,
RUE,2010,5,2,23,7.6,,,,,,,,939.3,,1.3,,0,0,0,0,0,0,0,,,,
RUE,2010,5,3,0,7.4,,,,,,,,939.2,,1.1,,0,0,0,0,0,0,0,,,,
RUE,2010,5,3,1,7.4,,,,,,,,938.7,,1.4,,0,0,0,0,0,0,0,,,,
RUE,2010,5,3,2,7.3,,,,,,,,938.6,,0.9,,0,0,0,0,0,0,0,,,,
RUE,2010,5,3,3,7.3,,,,,,,,938.5,,1.5,,0,0,0,0,0,0,0,,,,
RUE,2010,5,3,4,7.1,,,,,,,,938.6,,1,,2,0,0,0,0,0,0,,,,
RUE,2010,5,3,5,7.1,,,,,,,,938.7,,1,,24,0,0,0,0,0,0,,,,
RUE,2010,5,3,6,7.6,,,,,,,,938.9,,1,,126,0,0,0,0,0,0,,,,
RUE,2010,5,3,7,7.9,,,,,,,,939.1,,1,,155,1006.6,25.6,0,0,0,0,,,,
RUE,2010,5,3,8,8,,,,,,,,939.5,,1.4,,200,229.4,131.7,0,0,0,0,,,,
RUE,2010,5,3,9,7.8,,,,,,,,940.2,,1.4,,112,4,110.2,0,0,0,0,,,,
RUE,2010,5,3,10,7.6,,,,,,,,940.4,,0.8,,192,7.2,187.6,0,0,0,0,,,,
RUE,2010,5,3,11,9,,,,,,,,939.9,,0.6,,541,346,290.5,0,0,0,0,,,,
RUE,2010,5,3,12,10.7,,,,,,,,940.1,,1.5,,546,236.9,355.1,0,0,0,0,,,,
RUE,2010,5,3,13,10.6,,,,,,,,940.2,,1.4,,540,184.7,383.6,0,0,0,0,,,,
RUE,2010,5,3,14,11.1,,,,,,,,940.2,,2.4,,315,14.2,303,0,0,0,0,,,,
RUE,2010,5,3,15,11.1,,,,,,,,940.1,,2.3,,297,14.2,285.7,0,0,0,0,,,,
RUE,2010,5,3,16,10.1,,,,,,,,940.5,,1.7,,39,0.2,38.9,0,0,0,0,,,,
RUE,2010,5,3,17,9.7,,,,,,,,940.6,,1.9,,30,0.2,29.9,0,0,0,0,,,,
RUE,2010,5,3,18,9.1,,,,,,,,941.1,,0.9,,3,0,3,0,0,0,0,,,,
RUE,2010,5,3,19,8.3,,,,,,,,941.3,,1.4,,0,0,0,0,0,0,0,,,,
RUE,2010,5,3,20,7.9,,,,,,,,941.6,,0.9,,0,0,0,0,0,0,0,,,,
RUE,2010,5,3,21,7.6,,,,,,,,941.8,,0.6,,0,0,0,0,0,0,0,,,,
RUE,2010,5,3,22,7.6,,,,,,,,941.8,,2,,0,0,0,0,0,0,0,,,,
RUE,2010,5,3,23,7.3,,,,,,,,941.8,,2.3,,0,0,0,0,0,0,0,,,,
RUE,2010,5,4,0,7.2,,,,,,,,941.6,,2.7,,0,0,0,0,0,0,0,,,,
RUE,2010,5,4,1,6.9,,,,,,,,941.3,,2,,0,0,0,0,0,0,0,,,,
RUE,2010,5,4,2,6.8,,,,,,,,941,,1.8,,0,0,0,0,0,0,0,,,,
RUE,2010,5,4,3,6.5,,,,,,,,940.6,,2,,0,0,0,0,0,0,0,,,,
RUE,2010,5,4,4,6.3,,,,,,,,940.5,,1.7,,1,0,0,0,0,0,0,,,,
RUE,2010,5,4,5,6.3,,,,,,,,940.2,,1.5,,6,0,0,0,0,0,0,,,,
RUE,2010,5,4,6,6.6,,,,,,,,940.2,,1.8,,12,0,0,0,0,0,0,,,,
RUE,2010,5,4,7,6.9,,,,,,,,939.8,,3.3,,24,2.2,23.7,0,0,0,0,,,,
RUE,2010,5,4,8,7.2,,,,,,,,939.7,,4.3,,29,0.6,28.8,0,0,0,0,,,,
RUE,2010,5,4,9,7.7,,,,,,,,939.6,,4.5,,47,0.7,46.7,0,0,0,0,,,,
RUE,2010,5,4,10,8.2,,,,,,,,939.3,,4.5,,53,0.5,52.7,0,0,0,0,,,,
RUE,2010,5,4,11,8.6,,,,,,,,938.9,,5.2,,54,0.4,53.7,0,0,0,0,,,,
RUE,2010,5,4,12,8.7,,,,,,,,938.7,,6.1,,46,0.2,45.8,0,0,0,0,,,,
RUE,2010,5,4,13,8.6,,,,,,,,938.4,,5.9,,51,0.2,50.8,0,0,0,0,,,,
RUE,2010,5,4,14,8.3,,,,,,,,938.4,,5.8,,53,0.3,52.8,0,0,0,0,,,,
RUE,2010,5,4,15,8.4,,,,,,,,938.5,,5.1,,42,0.2,41.9,0,0,0,0,,,,
RUE,2010,5,4,16,8.7,,,,,,,,938.6,,4.5,,26,0.1,25.9,0,0,0,0,,,,
RUE,2010,5,4,17,9.1,,,,,,,,938.2,,5.1,,17,0.1,17,0,0,0,0,,,,
RUE,2010,5,4,18,9.3,,,,,,,,938.4,,5.1,,4,0,4,0,0,0,0,,,,
RUE,2010,5,4,19,9.3,,,,,,,,938.4,,4.4,,0,0,0,0,0,0,0,,,,
RUE,2010,5,4,20,9.2,,,,,,,,938.6,,4.9,,0,0,0,0,0,0,0,,,,
RUE,2010,5,4,21,8.8,,,,,,,,938.9,,5.1,,0,0,0,0,0,0,0,,,,
RUE,2010,5,4,22,8.3,,,,,,,,939.3,,3.8,,0,0,0,0,0,0,0,,,,
RUE,2010,5,4,23,8.2,,,,,,,,939.1,,3.4,,0,0,0,0,0,0,0,,,,
RUE,2010,5,5,0,7.9,,,,,,,,938.2,,5.4,,0,0,0,0,0,0,0,,,,
RUE,2010,5,5,1,7.5,,,,,,,,938.2,,6,,0,0,0,0,0,0,0,,,,
RUE,2010,5,5,2,7.1,,,,,,,,938.1,,5.4,,0,0,0,0,0,0,0,,,,
RUE,2010,5,5,3,6.9,,,,,,,,937.6,,5.5,,0,0,0,0,0,0,0,,,,
RUE,2010,5,5,4,6.8,,,,,,,,937.5,,4.5,,0,0,0,0,0,0,0,,,,
RUE,2010,5,5,5,6.4,,,,,,,,936.8,,5.2,,3,0,0,0,0,0,0,,,,
RUE,2010,5,5,6,6.2,,,,,,,,936.7,,4.4,,17,0,0,0,0,0,0,,,,
RUE,2010,5,5,7,6.2,,,,,,,,936.5,,4.8,,32,3.7,31.5,0,0,0,0,,,,
RUE,2010,5,5,8,6.2,,,,,,,,935.9,,4.6,,48,1.7,47.5,0,0,0,0,,,,
RUE,2010,5,5,9,6.1,,,,,,,,935.7,,4.4,,66,1.3,65.4,0,0,0,0,,,,
RUE,2010,5,5,10,5.9,,,,,,,,935.4,,3.1,,68,0.8,67.5,0,0,0,0,,,,
RUE,2010,5,5,11,5.9,,,,,,,,934.6,,3.1,,81,0.8,80.4,0,0,0,0,,,,
RUE,2010,5,5,12,5.9,,,,,,,,934.3,,2.5,,65,0.4,64.7,0,0,0,0,,,,
RUE,2010,5,5,13,5.8,,,,,,,,933.8,,2.6,,78,0.6,77.5,0,0,0,0,,,,
RUE,2010,5,5,14,5.9,,,,,,,,933.1,,2,,69,0.4,68.6,0,0,0,0,,,,
RUE,2010,5,5,15,5.8,,,,,,,,932.8,,1.4,,56,0.3,55.7,0,0,0,0,,,,
RUE,2010,5,5,16,5.4,,,,,,,,932.9,,0.9,,20,0.1,20,0,0,0,0,,,,
RUE,2010,5,5,17,5.1,,,,,,,,933.2,,2.1,,8,0,8,0,0,0,0,,,,
RUE,2010,5,5,18,5.2,,,,,,,,932.8,,2,,1,0,1,0,0,0,0,,,,
RUE,2010,5,5,19,5.2,,,,,,,,932.5,,1.5,,0,0,0,0,0,0,0,,,,
RUE,2010,5,5,20,5.1,,,,,,,,932.2,,1.7,,0,0,0,0,0,0,0,,,,
RUE,2010,5,5,21,5.4,,,,,,,,931.9,,1.2,,0,0,0,0,0,0,0,,,,
RUE,2010,5,5,22,5.6,,,,,,,,931.7,,1.4,,0,0,0,0,0,0,0,,,,
RUE,2010,5,5,23,5.9,,,,,,,,931.7,,1.9,,0,0,0,0,0,0,0,,,,
RUE,2010,5,6,0,5.9,,,,,,,,931.4,,2.1,,0,0,0,0,0,0,0,,,,
RUE,2010,5,6,1,5.8,,,,,,,,931.3,,1.4,,0,0,0,0,0,0,0,,,,
RUE,2010,5,6,2,5.4,,,,,,,,931,,2.4,,0,0,0,0,0,0,0,,,,
RUE,2010,5,6,3,5.1,,,,,,,,931,,2,,0,0,0,0,0,0,0,,,,
RUE,2010,5,6,4,5,,,,,,,,930.8,,2.1,,1,0,0,0,0,0,0,,,,
RUE,2010,5,6,5,4.9,,,,,,,,931.3,,2,,15,0,0,0,0,0,0,,,,
RUE,2010,5,6,6,5,,,,,,,,931.4,,1.7,,33,0,0,0,0,0,0,,,,
RUE,2010,5,6,7,5.4,,,,,,,,931.5,,1.2,,65,42.2,59.1,0,0,0,0,,,,
RUE,2010,5,6,8,6,,,,,,,,931.5,,1.4,,135,31.5,125.3,0,0,0,0,,,,
RUE,2010,5,6,9,6.6,,,,,,,,931.5,,2.2,,242,69.9,209.1,0,0,0,0,,,,
RUE,2010,5,6,10,7.1,,,,,,,,931.5,,2.5,,223,12.4,215.4,0,0,0,0,,,,
RUE,2010,5,6,11,6.7,,,,,,,,931.7,,2.7,,143,2.6,141.1,0,0,0,0,,,,
RUE,2010,5,6,12,6.5,,,,,,,,932,,3.1,,157,2.5,155,0,0,0,0,,,,
RUE,2010,5,6,13,6.3,,,,,,,,932.2,,2.8,,89,0.7,88.4,0,0,0,0,,,,
RUE,2010,5,6,14,5.9,,,,,,,,932.3,,3.5,,66,0.4,65.7,0,0,0,0,,,,
RUE,2010,5,6,15,5.7,,,,,,,,932.7,,3,,27,0.1,26.9,0,0,0,0,,,,
RUE,2010,5,6,16,5.8,,,,,,,,933.1,,2.3,,38,0.2,37.9,0,0,0,0,,,,
RUE,2010,5,6,17,5.6,,,,,,,,933.3,,2.5,,16,0,16,0,0,0,0,,,,
RUE,2010,5,6,18,4.8,,,,,,,,933.7,,3.2,,1,0,1,0,0,0,0,,,,
RUE,2010,5,6,19,4.5,,,,,,,,934.2,,2,,0,0,0,0,0,0,0,,,,
RUE,2010,5,6,20,4.3,,,,,,,,934.5,,1.7,,0,0,0,0,0,0,0,,,,
RUE,2010,5,6,21,4.1,,,,,,,,934.7,,1.5,,0,0,0,0,0,0,0,,,,
RUE,2010,5,6,22,4.1,,,,,,,,934.9,,1.1,,0,0,0,0,0,0,0,,,,
RUE,2010,5,6,23,3.9,,,,,,,,934.9,,1.5,,0,0,0,0,0,0,0,,,,
RUE,2010,5,7,0,3.7,,,,,,,,934.6,,1.4,,0,0,0,0,0,0,0,,,,
RUE,2010,5,7,1,3.9,,,,,,,,934.6,,2.1,,0,0,0,0,0,0,0,,,,
RUE,2010,5,7,2,4.1,,,,,,,,934.7,,2.4,,0,0,0,0,0,0,0,,,,
RUE,2010,5,7,3,4.3,,,,,,,,934.9,,2.8,,0,0,0,0,0,0,0,,,,
RUE,2010,5,7,4,4.3,,,,,,,,935.1,,2.8,,1,0,0,0,0,0,0,,,,
RUE,2010,5,7,5,4.3,,,,,,,,935.4,,2.3,,11,0,0,0,0,0,0,,,,
RUE,2010,5,7,6,4.7,,,,,,,,935.8,,1.6,,52,0,0,0,0,0,0,,,,
RUE,2010,5,7,7,5.6,,,,,,,,936.1,,1.8,,142,793.3,27.9,0,0,0,0,,,,
RUE,2010,5,7,8,5.8,,,,,,,,936.4,,1.8,,186,138.9,142.7,0,0,0,0,,,,
RUE,2010,5,7,9,6.7,,,,,,,,936.5,,2.2,,378,437.4,170.6,0,0,0,0,,,,
RUE,2010,5,7,10,7.6,,,,,,,,936.4,,1.6,,411,220.3,274.7,0,0,0,0,,,,
RUE,2010,5,7,11,8.3,,,,,,,,936.4,,1,,419,113.4,335.6,0,0,0,0,,,,
RUE,2010,5,7,12,8.6,,,,,,,,936.3,,2.2,,358,31.9,332,0,0,0,0,,,,
RUE,2010,5,7,13,8.9,,,,,,,,936.3,,1.8,,341,19.6,324.2,0,0,0,0,,,,
RUE,2010,5,7,14,8.9,,,,,,,,936.2,,1.9,,263,6.6,257.3,0,0,0,0,,,,
RUE,2010,5,7,15,8.7,,,,,,,,936.3,,1.1,,112,1.3,111,0,0,0,0,,,,
RUE,2010,5,7,16,8.4,,,,,,,,936.3,,1.3,,85,0.9,84.3,0,0,0,0,,,,
RUE,2010,5,7,17,8.2,,,,,,,,936.4,,0.5,,44,0.4,43.8,0,0,0,0,,,,
RUE,2010,5,7,18,8,,,,,,,,936.6,,0.3,,14,0.1,14,0,0,0,0,,,,
RUE,2010,5,7,19,7.6,,,,,,,,936.9,,0.7,,0,0,0,0,0,0,0,,,,
RUE,2010,5,7,20,7.2,,,,,,,,937.1,,0.7,,0,0,0,0,0,0,0,,,,
RUE,2010,5,7,21,7,,,,,,,,937.2,,1,,0,0,0,0,0,0,0,,,,
RUE,2010,5,7,22,7,,,,,,,,937.3,,0.7,,0,0,0,0,0,0,0,,,,
RUE,2010,5,7,23,6.5,,,,,,,,937.2,,0.7,,0,0,0,0,0,0,0,,,,
RUE,2010,5,8,0,6,,,,,,,,936.9,,1.4,,0,0,0,0,0,0,0,,,,
RUE,2010,5,8,1,6.3,,,,,,,,936.9,,0.8,,0,0,0,0,0,0,0,,,,
RUE,2010,5,8,2,6.1,,,,,,,,936.8,,1.3,,0,0,0,0,0,0,0,,,,
RUE,2010,5,8,3,6,,,,,,,,936.8,,1.2,,0,0,0,0,0,0,0,,,,
RUE,2010,5,8,4,5.8,,,,,,,,937,,1.6,,9,0,0,0,0,0,0,,,,
RUE,2010,5,8,5,6.2,,,,,,,,937.3,,1.1,,38,0,0,0,0,0,0,,,,
RUE,2010,5,8,6,7.4,,,,,,,,937.5,,1.1,,206,0,0,0,0,0,0,,,,
RUE,2010,5,8,7,9.2,,,,,,,,937.7,,0.8,,364,2061,60.1,0,0,0,0,,,,
RUE,2010,5,8,8,11,,,,,,,,937.9,,0.8,,507,1342.3,83.7,0,0,0,0,,,,
RUE,2010,5,8,9,11.5,,,,,,,,937.9,,1.3,,473,800,91.2,0,0,0,0,,,,
RUE,2010,5,8,10,11.3,,,,,,,,938.1,,0.9,,220,11.2,213,0,0,0,0,,,,
RUE,2010,5,8,11,11.6,,,,,,,,938.2,,0.3,,310,25.7,291,0,0,0,0,,,,
RUE,2010,5,8,12,13,,,,,,,,938.1,,1,,550,229.9,361.6,0,0,0,0,,,,
RUE,2010,5,8,13,13.4,,,,,,,,938.1,,1.1,,487,110.8,391.8,0,0,0,0,,,,
RUE,2010,5,8,14,14.5,,,,,,,,937.8,,1.1,,628,325.3,349.6,0,0,0,0,,,,
RUE,2010,5,8,15,14.3,,,,,,,,937.6,,1.5,,324,20.3,307.6,0,0,0,0,,,,
RUE,2010,5,8,16,13.9,,,,,,,,937.5,,1.5,,224,6.8,219.1,0,0,0,0,,,,
RUE,2010,5,8,17,13.4,,,,,,,,937.6,,0.9,,93,1.6,92,0,0,0,0,,,,
RUE,2010,5,8,18,12.9,,,,,,,,937.6,,0.5,,43,0.6,42.7,0,0,0,0,,,,
RUE,2010,5,8,19,11.5,,,,,,,,938,,0.9,,0,0,0,0,0,0,0,,,,
RUE,2010,5,8,20,10.4,,,,,,,,938.4,,1.2,,0,0,0,0,0,0,0,,,,
RUE,2010,5,8,21,9.8,,,,,,,,938.7,,1,,0,0,0,0,0,0,0,,,,
RUE,2010,5,8,22,9,,,,,,,,939.4,,1.9,,0,0,0,0,0,0,0,,,,
RUE,2010,5,8,23,8.6,,,,,,,,939.5,,0.8,,0,0,0,0,0,0,0,,,,
RUE,2010,5,9,0,8.2,,,,,,,,939.5,,1.4,,0,0,0,0,0,0,0,,,,
RUE,2010,5,9,1,8.2,,,,,,,,939,,1,,0,0,0,0,0,0,0,,,,
RUE,2010,5,9,2,8.2,,,,,,,,938.8,,1.5,,0,0,0,0,0,0,0,,,,
RUE,2010,5,9,3,8.3,,,,,,,,938.7,,1.5,,0,0,0,0,0,0,0,,,,
RUE,2010,5,9,4,8.6,,,,,,,,938.5,,1.4,,10,0,0,0,0,0,0,,,,
RUE,2010,5,9,5,8.3,,,,,,,,938.7,,0.5,,59,0,0,0,0,0,0,,,,
RUE,2010,5,9,6,9.7,,,,,,,,938.9,,0.6,,217,0,0,0,0,0,0,,,,
RUE,2010,5,9,7,11.3,,,,,,,,938.7,,1,,405,2239.7,66.8,0,0,0,0,,,,
RUE,2010,5,9,8,12,,,,,,,,938.5,,2.4,,473,1239.3,78,0,0,0,0,,,,
RUE,2010,5,9,9,12.8,,,,,,,,938.3,,2.1,,731,1270.9,120.6,0,0,0,0,,,,
RUE,2010,5,9,10,13.2,,,,,,,,937.9,,1.7,,487,406.6,233.2,0,0,0,0,,,,
RUE,2010,5,9,11,13.4,,,,,,,,937.4,,1.3,,297,20.4,281.9,0,0,0,0,,,,
RUE,2010,5,9,12,12,,,,,,,,937.2,,2.4,,365,34.2,336.9,0,0,0,0,,,,
RUE,2010,5,9,13,12.8,,,,,,,,937,,1.4,,312,12.4,301.3,0,0,0,0,,,,
RUE,2010,5,9,14,10.9,,,,,,,,937.2,,2.5,,185,3.1,182.3,0,0,0,0,,,,
RUE,2010,5,9,15,10.7,,,,,,,,937.1,,1,,140,2,138.4,0,0,0,0,,,,
RUE,2010,5,9,16,10.5,,,,,,,,936.8,,0.9,,93,1.1,92.2,0,0,0,0,,,,
RUE,2010,5,9,17,10,,,,,,,,936.6,,0.8,,27,0.1,26.9,0,0,0,0,,,,
RUE,2010,5,9,18,9.5,,,,,,,,936.5,,0.9,,5,0,5,0,0,0,0,,,,
RUE,2010,5,9,19,9.1,,,,,,,,936.5,,0.9,,0,0,0,0,0,0,0,,,,
RUE,2010,5,9,20,8.8,,,,,,,,936.6,,1.1,,0,0,0,0,0,0,0,,,,
RUE,2010,5,9,21,8.7,,,,,,,,936.5,,0.8,,0,0,0,0,0,0,0,,,,
RUE,2010,5,9,22,8.7,,,,,,,,936.1,,0.7,,0,0,0,0,0,0,0,,,,
RUE,2010,5,9,23,8.8,,,,,,,,935.6,,1.1,,0,0,0,0,0,0,0,,,,
RUE,2010,5,10,0,8.8,,,,,,,,935.1,,1.2,,0,0,0,0,0,0,0,,,,
RUE,2010,5,10,1,8.9,,,,,,,,934.6,,1.5,,0,0,0,0,0,0,0,,,,
RUE,2010,5,10,2,9.1,,,,,,,,934.3,,2.4,,0,0,0,0,0,0,0,,,,
RUE,2010,5,10,3,9.1,,,,,,,,934.1,,2,,0,0,0,0,0,0,0,,,,
RUE,2010,5,10,4,9.1,,,,,,,,934.3,,2,,0,0,0,0,0,0,0,,,,
RUE,2010,5,10,5,10,,,,,,,,934.5,,2.8,,11,0,0,0,0,0,0,,,,
RUE,2010,5,10,6,10.7,,,,,,,,934.6,,1.6,,62,0,0,0,0,0,0,,,,
RUE,2010,5,10,7,11.3,,,,,,,,934.9,,2.2,,160,861.8,26.9,0,0,0,0,,,,
RUE,2010,5,10,8,12.1,,,,,,,,935.2,,1.7,,276,554.6,97.5,0,0,0,0,,,,
RUE,2010,5,10,9,12,,,,,,,,935.3,,1.6,,331,250.1,210.1,0,0,0,0,,,,
RUE,2010,5,10,10,11.9,,,,,,,,935.5,,2.8,,349,102.5,284.8,0,0,0,0,,,,
RUE,2010,5,10,11,12,,,,,,,,935.6,,2.5,,171,3.6,168.4,0,0,0,0,,,,
RUE,2010,5,10,12,11.3,,,,,,,,935.8,,2.1,,165,2.7,162.8,0,0,0,0,,,,
RUE,2010,5,10,13,12.1,,,,,,,,935.9,,1.6,,226,4.6,222,0,0,0,0,,,,
RUE,2010,5,10,14,11.9,,,,,,,,935.6,,1.9,,266,6.7,260.2,0,0,0,0,,,,
RUE,2010,5,10,15,13.4,,,,,,,,935.5,,1.4,,567,267.9,349.1,0,0,0,0,,,,
RUE,2010,5,10,16,13.3,,,,,,,,935.8,,1.3,,194,4.8,190.5,0,0,0,0,,,,
RUE,2010,5,10,17,12.8,,,,,,,,935.6,,1.1,,89,1.5,88.1,0,0,0,0,,,,
RUE,2010,5,10,18,12.4,,,,,,,,936,,1.1,,53,0.9,52.6,0,0,0,0,,,,
RUE,2010,5,10,19,11.5,,,,,,,,936.2,,1.4,,1,0,1,0,0,0,0,,,,
RUE,2010,5,10,20,11.5,,,,,,,,936.4,,1.8,,0,0,0,0,0,0,0,,,,
RUE,2010,5,10,21,11.1,,,,,,,,936.1,,1.6,,0,0,0,0,0,0,0,,,,
RUE,2010,5,10,22,10.4,,,,,,,,936.1,,0.9,,0,0,0,0,0,0,0,,,,
RUE,2010,5,10,23,9.9,,,,,,,,936,,0.9,,0,0,0,0,0,0,0,,,,
RUE,2010,5,11,0,9.3,,,,,,,,935.7,,1,,0,0,0,0,0,0,0,,,,
RUE,2010,5,11,1,9.2,,,,,,,,935.3,,1.2,,0,0,0,0,0,0,0,,,,
RUE,2010,5,11,2,7.9,,,,,,,,935.1,,1.4,,0,0,0,0,0,0,0,,,,
RUE,2010,5,11,3,7.8,,,,,,,,934.8,,1.2,,0,0,0,0,0,0,0,,,,
RUE,2010,5,11,4,8,,,,,,,,934.6,,1.6,,5,0,0,0,0,0,0,,,,
RUE,2010,5,11,5,8.5,,,,,,,,934.6,,2,,53,0,0,0,0,0,0,,,,
RUE,2010,5,11,6,10,,,,,,,,934.4,,2,,147,0,0,0,0,0,0,,,,
RUE,2010,5,11,7,10.9,,,,,,,,933.9,,2.2,,296,1566.7,48.8,0,0,0,0,,,,
RUE,2010,5,11,8,11.8,,,,,,,,933.1,,2.7,,427,1097,70.5,0,0,0,0,,,,
RUE,2010,5,11,9,12.6,,,,,,,,932.7,,2.4,,449,683.6,116.7,0,0,0,0,,,,
RUE,2010,5,11,10,14.2,,,,,,,,932.5,,1.4,,818,1084.7,135,0,0,0,0,,,,
RUE,2010,5,11,11,15.8,,,,,,,,931.7,,2.7,,836,936,137.9,0,0,0,0,,,,
RUE,2010,5,11,12,17.2,,,,,,,,931.3,,2.8,,886,895,146.2,0,0,0,0,,,,
RUE,2010,5,11,13,12.9,,,,,,,,932.3,,4.8,,160,2.3,158,0,0,0,0,,,,
RUE,2010,5,11,14,11,,,,,,,,933,,3.6,,28,0.1,27.9,0,0,0,0,,,,
RUE,2010,5,11,15,10.5,,,,,,,,933.9,,2,,35,0.1,34.9,0,0,0,0,,,,
RUE,2010,5,11,16,10.9,,,,,,,,934,,0.8,,68,0.6,67.6,0,0,0,0,,,,
RUE,2010,5,11,17,10.6,,,,,,,,934.5,,0.9,,58,0.6,57.6,0,0,0,0,,,,
RUE,2010,5,11,18,10.2,,,,,,,,934.8,,0.6,,27,0.2,26.9,0,0,0,0,,,,
RUE,2010,5,11,19,10.1,,,,,,,,935.1,,0.7,,3,0,3,0,0,0,0,,,,
RUE,2010,5,11,20,10,,,,,,,,935.5,,0.7,,0,0,0,0,0,0,0,,,,
RUE,2010,5,11,21,9.6,,,,,,,,935.7,,0.9,,0,0,0,0,0,0,0,,,,
RUE,2010,5,11,22,9.3,,,,,,,,936.2,,1.9,,0,0,0,0,0,0,0,,,,
RUE,2010,5,11,23,8.9,,,,,,,,936.3,,1.4,,0,0,0,0,0,0,0,,,,
RUE,2010,5,12,0,8.5,,,,,,,,936.2,,0.4,,0,0,0,0,0,0,0,,,,
RUE,2010,5,12,1,8,,,,,,,,936.2,,0.9,,0,0,0,0,0,0,0,,,,
RUE,2010,5,12,2,7.5,,,,,,,,936.4,,0.7,,0,0,0,0,0,0,0,,,,
RUE,2010,5,12,3,7.8,,,,,,,,936.7,,0.8,,0,0,0,0,0,0,0,,,,
RUE,2010,5,12,4,7.8,,,,,,,,936.7,,0.3,,4,0,0,0,0,0,0,,,,
RUE,2010,5,12,5,8.1,,,,,,,,936.9,,0.6,,55,0,0,0,0,0,0,,,,
RUE,2010,5,12,6,8.7,,,,,,,,937,,0.9,,172,0,0,0,0,0,0,,,,
RUE,2010,5,12,7,9.3,,,,,,,,937.3,,0.9,,243,1260.3,40.1,0,0,0,0,,,,
RUE,2010,5,12,8,10.7,,,,,,,,937.3,,1.2,,558,1420.3,92.1,0,0,0,0,,,,
RUE,2010,5,12,9,11.6,,,,,,,,937.3,,1.2,,468,745.3,103.6,0,0,0,0,,,,
RUE,2010,5,12,10,12.2,,,,,,,,937.1,,1.8,,400,181,285.6,0,0,0,0,,,,
RUE,2010,5,12,11,14,,,,,,,,936.8,,1.8,,867,967.6,143.1,0,0,0,0,,,,
RUE,2010,5,12,12,14.7,,,,,,,,936.4,,2.1,,724,587.2,237.3,0,0,0,0,,,,
RUE,2010,5,12,13,14.4,,,,,,,,936.3,,2.5,,402,42.3,365.3,0,0,0,0,,,,
RUE,2010,5,12,14,14.6,,,,,,,,936.1,,3.5,,508,131.1,394.6,0,0,0,0,,,,
RUE,2010,5,12,15,12.7,,,,,,,,936.1,,3.6,,151,2.3,149.1,0,0,0,0,,,,
RUE,2010,5,12,16,11.4,,,,,,,,936.4,,2.4,,29,0.1,28.9,0,0,0,0,,,,
RUE,2010,5,12,17,10.3,,,,,,,,936.6,,1.4,,14,0,14,0,0,0,0,,,,
RUE,2010,5,12,18,10,,,,,,,,936.7,,2,,7,0,7,0,0,0,0,,,,
RUE,2010,5,12,19,9.5,,,,,,,,937,,2.2,,0,0,0,0,0,0,0,,,,
RUE,2010,5,12,20,8.9,,,,,,,,937.3,,2,,0,0,0,0,0,0,0,,,,
RUE,2010,5,12,21,8.4,,,,,,,,937.1,,1.6,,0,0,0,0,0,0,0,,,,
RUE,2010,5,12,22,7.7,,,,,,,,937.1,,2.2,,0,0,0,0,0,0,0,,,,
RUE,2010,5,12,23,7,,,,,,,,937,,2.9,,0,0,0,0,0,0,0,,,,
RUE,2010,5,13,0,6.4,,,,,,,,936.7,,3.3,,0,0,0,0,0,0,0,,,,
RUE,2010,5,13,1,6,,,,,,,,936.6,,4.2,,0,0,0,0,0,0,0,,,,
RUE,2010,5,13,2,5.7,,,,,,,,936.7,,3.5,,0,0,0,0,0,0,0,,,,
RUE,2010,5,13,3,5.5,,,,,,,,936.8,,3.5,,0,0,0,0,0,0,0,,,,
RUE,2010,5,13,4,5.4,,,,,,,,937.1,,3,,1,0,0,0,0,0,0,,,,
RUE,2010,5,13,5,5.4,,,,,,,,937.6,,2.3,,21,0,0,0,0,0,0,,,,
RUE,2010,5,13,6,5.4,,,,,,,,938.2,,2.3,,69,0,0,0,0,0,0,,,,
RUE,2010,5,13,7,5.7,,,,,,,,938.6,,2.5,,138,523.4,52.1,0,0,0,0,,,,
RUE,2010,5,13,8,5.7,,,,,,,,938.8,,2.8,,158,49.4,141.6,0,0,0,0,,,,
RUE,2010,5,13,9,5.7,,,,,,,,939,,2.2,,171,10.5,165.9,0,0,0,0,,,,
RUE,2010,5,13,10,6.1,,,,,,,,939.2,,2.2,,226,11.6,218.6,0,0,0,0,,,,
RUE,2010,5,13,11,6.2,,,,,,,,939.2,,2.4,,245,8.1,238.9,0,0,0,0,,,,
RUE,2010,5,13,12,6.6,,,,,,,,939.3,,2.4,,246,6,241,0,0,0,0,,,,
RUE,2010,5,13,13,6.9,,,,,,,,939.2,,2.5,,256,5.8,250.9,0,0,0,0,,,,
RUE,2010,5,13,14,6.7,,,,,,,,939.1,,2.3,,172,2.6,169.7,0,0,0,0,,,,
RUE,2010,5,13,15,6.8,,,,,,,,939.1,,1.8,,142,2,140.3,0,0,0,0,,,,
RUE,2010,5,13,16,6.7,,,,,,,,939.1,,1.3,,56,0.4,55.7,0,0,0,0,,,,
RUE,2010,5,13,17,6.5,,,,,,,,939,,1.4,,28,0.1,27.9,0,0,0,0,,,,
RUE,2010,5,13,18,6.3,,,,,,,,939.2,,1.4,,13,0.1,13,0,0,0,0,,,,
RUE,2010,5,13,19,6.1,,,,,,,,939.4,,1.5,,1,0,1,0,0,0,0,,,,
RUE,2010,5,13,20,5.8,,,,,,,,939.5,,1.2,,0,0,0,0,0,0,0,,,,
RUE,2010,5,13,21,5.6,,,,,,,,939.4,,1,,0,0,0,0,0,0,0,,,,
RUE,2010,5,13,22,5.4,,,,,,,,939.4,,1.1,,0,0,0,0,0,0,0,,,,
RUE,2010,5,13,23,5.3,,,,,,,,939.1,,1.5,,0,0,0,0,0,0,0,,,,
RUE,2010,5,14,0,5.2,,,,,,,,938.8,,1.1,,0,0,0,0,0,0,0,,,,
RUE,2010,5,14,1,5.2,,,,,,,,938.5,,1.4,,0,0,0,0,0,0,0,,,,
RUE,2010,5,14,2,5.1,,,,,,,,938.4,,1.9,,0,0,0,0,0,0,0,,,,
RUE,2010,5,14,3,5,,,,,,,,938.2,,1.8,,0,0,0,0,0,0,0,,,,
RUE,2010,5,14,4,4.9,,,,,,,,938,,1.7,,3,0,0,0,0,0,0,,,,
RUE,2010,5,14,5,4.9,,,,,,,,938.2,,1.5,,14,0,0,0,0,0,0,,,,
RUE,2010,5,14,6,5.1,,,,,,,,938.2,,1.4,,58,0,0,0,0,0,0,,,,
RUE,2010,5,14,7,5.3,,,,,,,,938.2,,1.3,,92,97.8,75.7,0,0,0,0,,,,
RUE,2010,5,14,8,5.4,,,,,,,,938.4,,1,,92,5.1,90.3,0,0,0,0,,,,
RUE,2010,5,14,9,6,,,,,,,,938.6,,1.4,,177,11.9,171.1,0,0,0,0,,,,
RUE,2010,5,14,10,6.9,,,,,,,,938.4,,1.5,,379,139.1,290.4,0,0,0,0,,,,
RUE,2010,5,14,11,7.4,,,,,,,,938.3,,1.9,,282,14.7,270.9,0,0,0,0,,,,
RUE,2010,5,14,12,7.9,,,,,,,,938.3,,1.8,,285,9.8,276.9,0,0,0,0,,,,
RUE,2010,5,14,13,8,,,,,,,,938.4,,1.8,,200,3.5,196.9,0,0,0,0,,,,
RUE,2010,5,14,14,8.3,,,,,,,,938.4,,2.3,,202,3.6,198.8,0,0,0,0,,,,
RUE,2010,5,14,15,7.9,,,,,,,,938.5,,2.1,,56,0.3,55.7,0,0,0,0,,,,
RUE,2010,5,14,16,7.8,,,,,,,,938.4,,1.6,,56,0.4,55.7,0,0,0,0,,,,
RUE,2010,5,14,17,7.5,,,,,,,,938.3,,1.1,,15,0,15,0,0,0,0,,,,
RUE,2010,5,14,18,7,,,,,,,,938.5,,1.4,,7,0,7,0,0,0,0,,,,
RUE,2010,5,14,19,6.6,,,,,,,,938.5,,1.7,,0,0,0,0,0,0,0,,,,
RUE,2010,5,14,20,6.5,,,,,,,,938.8,,1.1,,0,0,0,0,0,0,0,,,,
RUE,2010,5,14,21,6.4,,,,,,,,938.9,,0.9,,0,0,0,0,0,0,0,,,,
RUE,2010,5,14,22,6.2,,,,,,,,938.8,,0.9,,0,0,0,0,0,0,0,,,,
RUE,2010,5,14,23,6.1,,,,,,,,938.4,,0.5,,0,0,0,0,0,0,0,,,,
RUE,2010,5,15,0,5.9,,,,,,,,938,,0.7,,0,0,0,0,0,0,0,,,,
RUE,2010,5,15,1,5.8,,,,,,,,937.7,,0.7,,0,0,0,0,0,0,0,,,,
RUE,2010,5,15,2,5.9,,,,,,,,937.5,,1.1,,0,0,0,0,0,0,0,,,,
RUE,2010,5,15,3,5.8,,,,,,,,937.4,,1.2,,0,0,0,0,0,0,0,,,,
RUE,2010,5,15,4,5.8,,,,,,,,937.3,,1.4,,3,0,0,0,0,0,0,,,,
RUE,2010,5,15,5,5.9,,,,,,,,937.1,,1.5,,31,0,0,0,0,0,0,,,,
RUE,2010,5,15,6,6,,,,,,,,937.4,,1.6,,54,0,0,0,0,0,0,,,,
RUE,2010,5,15,7,6.3,,,,,,,,937.5,,2.1,,109,191.4,76.4,0,0,0,0,,,,
RUE,2010,5,15,8,6.4,,,,,,,,937.7,,1.5,,71,3,70,0,0,0,0,,,,
RUE,2010,5,15,9,6.3,,,,,,,,937.9,,1.4,,59,1,58.5,0,0,0,0,,,,
RUE,2010,5,15,10,6.6,,,,,,,,938.2,,2.6,,162,4.3,159.2,0,0,0,0,,,,
RUE,2010,5,15,11,6.5,,,,,,,,938.4,,2.8,,134,2.1,132.4,0,0,0,0,,,,
RUE,2010,5,15,12,6.6,,,,,,,,938.6,,2.1,,115,1.3,113.9,0,0,0,0,,,,
RUE,2010,5,15,13,6.7,,,,,,,,939.1,,2.8,,89,0.7,88.4,0,0,0,0,,,,
RUE,2010,5,15,14,7.2,,,,,,,,939.4,,2.7,,113,1.1,112,0,0,0,0,,,,
RUE,2010,5,15,15,7.2,,,,,,,,939.8,,2.8,,75,0.6,74.5,0,0,0,0,,,,
RUE,2010,5,15,16,7.1,,,,,,,,940.1,,2.6,,65,0.5,64.6,0,0,0,0,,,,
RUE,2010,5,15,17,6.9,,,,,,,,940.4,,2.4,,33,0.2,32.9,0,0,0,0,,,,
RUE,2010,5,15,18,6.6,,,,,,,,941,,2.1,,6,0,6,0,0,0,0,,,,
RUE,2010,5,15,19,6,,,,,,,,941.6,,1.8,,0,0,0,0,0,0,0,,,,
RUE,2010,5,15,20,5.5,,,,,,,,942.4,,1,,0,0,0,0,0,0,0,,,,
RUE,2010,5,15,21,5.6,,,,,,,,942.7,,1.7,,0,0,0,0,0,0,0,,,,
RUE,2010,5,15,22,5.6,,,,,,,,942.8,,2.3,,0,0,0,0,0,0,0,,,,
RUE,2010,5,15,23,5.4,,,,,,,,942.8,,1.2,,0,0,0,0,0,0,0,,,,
RUE,2010,5,16,0,5.2,,,,,,,,942.8,,0.8,,0,0,0,0,0,0,0,,,,
RUE,2010,5,16,1,5.2,,,,,,,,942.9,,0.9,,0,0,0,0,0,0,0,,,,
RUE,2010,5,16,2,5.3,,,,,,,,943.1,,0.5,,0,0,0,0,0,0,0,,,,
RUE,2010,5,16,3,5.2,,,,,,,,943.3,,0.8,,0,0,0,0,0,0,0,,,,
RUE,2010,5,16,4,5.2,,,,,,,,943.5,,1.2,,4,0,0,0,0,0,0,,,,
RUE,2010,5,16,5,5.3,,,,,,,,944,,0.9,,30,0,0,0,0,0,0,,,,
RUE,2010,5,16,6,6.2,,,,,,,,944.6,,0.8,,120,0,0,0,0,0,0,,,,
RUE,2010,5,16,7,7.4,,,,,,,,945.1,,1.5,,292,1408.9,48.2,0,0,0,0,,,,
RUE,2010,5,16,8,9.4,,,,,,,,945.3,,2.3,,541,1331.7,89.3,0,0,0,0,,,,
RUE,2010,5,16,9,10.4,,,,,,,,945.7,,2.8,,683,1142.5,112.7,0,0,0,0,,,,
RUE,2010,5,16,10,10.1,,,,,,,,945.9,,2.7,,385,144.9,292,0,0,0,0,,,,
RUE,2010,5,16,11,10,,,,,,,,946.1,,1.4,,244,7.8,238.1,0,0,0,0,,,,
RUE,2010,5,16,12,9.4,,,,,,,,946.5,,2.3,,202,3.9,198.7,0,0,0,0,,,,
RUE,2010,5,16,13,10,,,,,,,,946.8,,2.1,,348,19.7,330.8,0,0,0,0,,,,
RUE,2010,5,16,14,10.1,,,,,,,,947,,2.4,,309,11.3,299.1,0,0,0,0,,,,
RUE,2010,5,16,15,9.9,,,,,,,,947.2,,1.8,,145,2.1,143.3,0,0,0,0,,,,
RUE,2010,5,16,16,9.7,,,,,,,,947.3,,0.8,,191,4.5,187.7,0,0,0,0,,,,
RUE,2010,5,16,17,9.8,,,,,,,,947.5,,0.7,,97,1.7,96,0,0,0,0,,,,
RUE,2010,5,16,18,9,,,,,,,,948.1,,0.7,,27,0.2,26.9,0,0,0,0,,,,
RUE,2010,5,16,19,8.6,,,,,,,,948.7,,0.9,,2,0,2,0,0,0,0,,,,
RUE,2010,5,16,20,7.8,,,,,,,,949.2,,1.4,,0,0,0,0,0,0,0,,,,
RUE,2010,5,16,21,7.5,,,,,,,,949.2,,0.9,,0,0,0,0,0,0,0,,,,
RUE,2010,5,16,22,7.1,,,,,,,,949.3,,0.9,,0,0,0,0,0,0,0,,,,
RUE,2010,5,16,23,7.1,,,,,,,,949.3,,1.2,,0,0,0,0,0,0,0,,,,
RUE,2010,5,17,0,7.4,,,,,,,,949.3,,0.9,,0,0,0,0,0,0,0,,,,
RUE,2010,5,17,1,7.4,,,,,,,,949.4,,0.4,,0,0,0,0,0,0,0,,,,
RUE,2010,5,17,2,7.1,,,,,,,,949.6,,0.2,,0,0,0,0,0,0,0,,,,
RUE,2010,5,17,3,7.3,,,,,,,,949.8,,0.4,,0,0,0,0,0,0,0,,,,
RUE,2010,5,17,4,7.3,,,,,,,,950,,0.5,,13,0,0,0,0,0,0,,,,
RUE,2010,5,17,5,7.7,,,,,,,,950.3,,0.4,,63,0,0,0,0,0,0,,,,
RUE,2010,5,17,6,8.6,,,,,,,,950.6,,0.4,,178,0,0,0,0,0,0,,,,
RUE,2010,5,17,7,9.7,,,,,,,,950.9,,1,,299,1419.8,49.3,0,0,0,0,,,,
RUE,2010,5,17,8,10.6,,,,,,,,951.1,,1.4,,478,1167.8,78.9,0,0,0,0,,,,
RUE,2010,5,17,9,11.9,,,,,,,,951.2,,1.4,,600,998.9,99,0,0,0,0,,,,
RUE,2010,5,17,10,12.7,,,,,,,,951.1,,1.6,,745,966.2,122.9,0,0,0,0,,,,
RUE,2010,5,17,11,13.1,,,,,,,,950.9,,2.1,,528,268.4,324.3,0,0,0,0,,,,
RUE,2010,5,17,12,12.3,,,,,,,,951,,2.3,,270,7.7,263.5,0,0,0,0,,,,
RUE,2010,5,17,13,11.6,,,,,,,,951.3,,1.5,,123,1.3,121.8,0,0,0,0,,,,
RUE,2010,5,17,14,12.3,,,,,,,,951.3,,2.6,,186,3,183.3,0,0,0,0,,,,
RUE,2010,5,17,15,12.9,,,,,,,,951.4,,2.8,,241,5.7,236.3,0,0,0,0,,,,
RUE,2010,5,17,16,13.6,,,,,,,,951.3,,3.6,,398,87.3,333.2,0,0,0,0,,,,
RUE,2010,5,17,17,12.4,,,,,,,,951.6,,2,,37,0.2,36.9,0,0,0,0,,,,
RUE,2010,5,17,18,11.8,,,,,,,,952.1,,3.4,,28,0.2,27.9,0,0,0,0,,,,
RUE,2010,5,17,19,10.8,,,,,,,,952.7,,3.1,,1,0,1,0,0,0,0,,,,
RUE,2010,5,17,20,10.3,,,,,,,,953.3,,2,,0,0,0,0,0,0,0,,,,
RUE,2010,5,17,21,9.8,,,,,,,,953.4,,2.7,,0,0,0,0,0,0,0,,,,
RUE,2010,5,17,22,9,,,,,,,,953.5,,2.7,,0,0,0,0,0,0,0,,,,
RUE,2010,5,17,23,8.8,,,,,,,,953.6,,2.7,,0,0,0,0,0,0,0,,,,
RUE,2010,5,18,0,8.7,,,,,,,,953.8,,1.9,,0,0,0,0,0,0,0,,,,
RUE,2010,5,18,1,8.2,,,,,,,,953.8,,0.9,,0,0,0,0,0,0,0,,,,
RUE,2010,5,18,2,7.7,,,,,,,,953.8,,1.4,,0,0,0,0,0,0,0,,,,
RUE,2010,5,18,3,7.5,,,,,,,,953.9,,1.2,,0,0,0,0,0,0,0,,,,
RUE,2010,5,18,4,7.2,,,,,,,,954.1,,0.8,,14,0,0,0,0,0,0,,,,
RUE,2010,5,18,5,7.8,,,,,,,,954.3,,1.4,,117,0,0,0,0,0,0,,,,
RUE,2010,5,18,6,8.4,,,,,,,,954.5,,1.7,,200,0,0,0,0,0,0,,,,
RUE,2010,5,18,7,9.1,,,,,,,,954.7,,2.3,,312,1459.3,51.5,0,0,0,0,,,,
RUE,2010,5,18,8,10.3,,,,,,,,954.7,,2.5,,470,1140,77.5,0,0,0,0,,,,
RUE,2010,5,18,9,10.9,,,,,,,,954.5,,3,,556,921.5,91.7,0,0,0,0,,,,
RUE,2010,5,18,10,12.1,,,,,,,,954.3,,3.8,,810,1047.1,133.7,0,0,0,0,,,,
RUE,2010,5,18,11,12.3,,,,,,,,954,,3.3,,656,567.8,223.9,0,0,0,0,,,,
RUE,2010,5,18,12,12.9,,,,,,,,953.7,,2.8,,634,363.9,328,0,0,0,0,,,,
RUE,2010,5,18,13,12.3,,,,,,,,953.8,,3.4,,438,61,384.3,0,0,0,0,,,,
RUE,2010,5,18,14,12.9,,,,,,,,953.5,,3.2,,580,219.7,387.4,0,0,0,0,,,,
RUE,2010,5,18,15,13.1,,,,,,,,953.2,,3.1,,499,146.4,377.5,0,0,0,0,,,,
RUE,2010,5,18,16,12.6,,,,,,,,953,,3.1,,320,29.6,298,0,0,0,0,,,,
RUE,2010,5,18,17,11.6,,,,,,,,952.9,,3,,153,4.1,150.5,0,0,0,0,,,,
RUE,2010,5,18,18,10.6,,,,,,,,952.9,,2.4,,57,1,56.5,0,0,0,0,,,,
RUE,2010,5,18,19,9.4,,,,,,,,953.3,,1.8,,3,0,3,0,0,0,0,,,,
RUE,2010,5,18,20,8.9,,,,,,,,953.8,,2,,0,0,0,0,0,0,0,,,,
RUE,2010,5,18,21,8.5,,,,,,,,953.8,,0.5,,0,0,0,0,0,0,0,,,,
RUE,2010,5,18,22,7.8,,,,,,,,953.5,,0.9,,0,0,0,0,0,0,0,,,,
RUE,2010,5,18,23,7.2,,,,,,,,953.3,,0.8,,0,0,0,0,0,0,0,,,,
RUE,2010,5,19,0,6.5,,,,,,,,952.9,,0.7,,0,0,0,0,0,0,0,,,,
RUE,2010,5,19,1,5.7,,,,,,,,952.8,,1.3,,0,0,0,0,0,0,0,,,,
RUE,2010,5,19,2,5.2,,,,,,,,952.9,,1.8,,0,0,0,0,0,0,0,,,,
RUE,2010,5,19,3,4.8,,,,,,,,952.6,,1.7,,0,0,0,0,0,0,0,,,,
RUE,2010,5,19,4,4.5,,,,,,,,952.6,,1.4,,26,0,0,0,0,0,0,,,,
RUE,2010,5,19,5,5,,,,,,,,952.9,,1.1,,66,0,0,0,0,0,0,,,,
RUE,2010,5,19,6,5.9,,,,,,,,953.2,,0.9,,187,0,0,0,0,0,0,,,,
RUE,2010,5,19,7,7.4,,,,,,,,953.3,,1.1,,368,1696.6,60.7,0,0,0,0,,,,
RUE,2010,5,19,8,9,,,,,,,,953.4,,1.5,,531,1279.2,87.6,0,0,0,0,,,,
RUE,2010,5,19,9,9.6,,,,,,,,953.5,,1.3,,461,663.7,125.2,0,0,0,0,,,,
RUE,2010,5,19,10,9.5,,,,,,,,953.6,,2.8,,273,26.7,255.7,0,0,0,0,,,,
RUE,2010,5,19,11,10.1,,,,,,,,953.6,,2.7,,381,62.3,333.5,0,0,0,0,,,,
RUE,2010,5,19,12,10.4,,,,,,,,953.7,,2,,427,66.8,370.7,0,0,0,0,,,,
RUE,2010,5,19,13,10.8,,,,,,,,953.4,,1.9,,364,24,342.8,0,0,0,0,,,,
RUE,2010,5,19,14,11.5,,,,,,,,953.4,,1.8,,372,27.4,348,0,0,0,0,,,,
RUE,2010,5,19,15,11.7,,,,,,,,953.3,,2.4,,351,26.8,328.7,0,0,0,0,,,,
RUE,2010,5,19,16,11.5,,,,,,,,953.5,,2.1,,224,6.2,219.3,0,0,0,0,,,,
RUE,2010,5,19,17,10.9,,,,,,,,953.7,,2.7,,100,1.7,98.9,0,0,0,0,,,,
RUE,2010,5,19,18,9.1,,,,,,,,954.5,,3.4,,18,0.1,18,0,0,0,0,,,,
RUE,2010,5,19,19,7.6,,,,,,,,955.3,,2.4,,1,0,1,0,0,0,0,,,,
RUE,2010,5,19,20,6.7,,,,,,,,955.8,,1.6,,0,0,0,0,0,0,0,,,,
RUE,2010,5,19,21,6.3,,,,,,,,955.9,,1.1,,0,0,0,0,0,0,0,,,,
RUE,2010,5,19,22,6.4,,,,,,,,955.8,,1.4,,0,0,0,0,0,0,0,,,,
RUE,2010,5,19,23,6.3,,,,,,,,955.7,,1.1,,0,0,0,0,0,0,0,,,,
RUE,2010,5,20,0,6.3,,,,,,,,955.4,,0.8,,0,0,0,0,0,0,0,,,,
RUE,2010,5,20,1,6.3,,,,,,,,955.2,,0.4,,0,0,0,0,0,0,0,,,,
RUE,2010,5,20,2,6.4,,,,,,,,955.1,,0.6,,0,0,0,0,0,0,0,,,,
RUE,2010,5,20,3,6.4,,,,,,,,955,,0.5,,0,0,0,0,0,0,0,,,,
RUE,2010,5,20,4,6.4,,,,,,,,955.1,,0.6,,4,0,0,0,0,0,0,,,,
RUE,2010,5,20,5,6.7,,,,,,,,955.3,,0.7,,17,0,0,0,0,0,0,,,,
RUE,2010,5,20,6,7.1,,,,,,,,955.4,,0.8,,50,0,0,0,0,0,0,,,,
RUE,2010,5,20,7,7.4,,,,,,,,955.9,,1.7,,69,15.1,66.2,0,0,0,0,,,,
RUE,2010,5,20,8,7.4,,,,,,,,956,,2,,74,3,72.9,0,0,0,0,,,,
RUE,2010,5,20,9,7.9,,,,,,,,956.1,,1.6,,206,22,194.8,0,0,0,0,,,,
RUE,2010,5,20,10,8.2,,,,,,,,956.1,,1.9,,201,6.8,196.6,0,0,0,0,,,,
RUE,2010,5,20,11,8.3,,,,,,,,956,,2.4,,154,2.7,151.9,0,0,0,0,,,,
RUE,2010,5,20,12,8.7,,,,,,,,955.9,,2.6,,220,4.6,216.1,0,0,0,0,,,,
RUE,2010,5,20,13,9,,,,,,,,955.8,,2.5,,243,5.1,238.5,0,0,0,0,,,,
RUE,2010,5,20,14,9.1,,,,,,,,955.9,,2.3,,202,3.6,198.9,0,0,0,0,,,,
RUE,2010,5,20,15,8.9,,,,,,,,956,,2.7,,92,0.8,91.3,0,0,0,0,,,,
RUE,2010,5,20,16,8.7,,,,,,,,956.1,,2.8,,42,0.2,41.8,0,0,0,0,,,,
RUE,2010,5,20,17,8.4,,,,,,,,956.1,,2.2,,33,0.2,32.9,0,0,0,0,,,,
RUE,2010,5,20,18,8.2,,,,,,,,956.1,,1.8,,6,0,6,0,0,0,0,,,,
RUE,2010,5,20,19,8,,,,,,,,956.2,,1.1,,1,0,1,0,0,0,0,,,,
RUE,2010,5,20,20,8,,,,,,,,956.4,,1,,0,0,0,0,0,0,0,,,,
RUE,2010,5,20,21,7.9,,,,,,,,956.4,,0.9,,0,0,0,0,0,0,0,,,,
RUE,2010,5,20,22,7.9,,,,,,,,956.5,,0.6,,0,0,0,0,0,0,0,,,,
RUE,2010,5,20,23,7.9,,,,,,,,956.4,,0.4,,0,0,0,0,0,0,0,,,,
RUE,2010,5,21,0,7.8,,,,,,,,956,,0.7,,0,0,0,0,0,0,0,,,,
RUE,2010,5,21,1,7.8,,,,,,,,955.7,,0.6,,0,0,0,0,0,0,0,,,,
RUE,2010,5,21,2,7.9,,,,,,,,955.6,,0.3,,0,0,0,0,0,0,0,,,,
RUE,2010,5,21,3,7.8,,,,,,,,955.3,,0.5,,0,0,0,0,0,0,0,,,,
RUE,2010,5,21,4,7.9,,,,,,,,955.1,,1.1,,5,0,0,0,0,0,0,,,,
RUE,2010,5,21,5,8.2,,,,,,,,955.2,,1.4,,58,0,0,0,0,0,0,,,,
RUE,2010,5,21,6,8.5,,,,,,,,955.4,,1.4,,58,0,0,0,0,0,0,,,,
RUE,2010,5,21,7,9.2,,,,,,,,955.6,,1,,159,554.8,55.8,0,0,0,0,,,,
RUE,2010,5,21,8,9.9,,,,,,,,955.6,,1.4,,175,61.9,153.3,0,0,0,0,,,,
RUE,2010,5,21,9,10.6,,,,,,,,955.6,,1,,190,14.5,182.6,0,0,0,0,,,,
RUE,2010,5,21,10,11.2,,,,,,,,955.5,,1.2,,195,6.2,191,0,0,0,0,,,,
RUE,2010,5,21,11,11.8,,,,,,,,955.5,,1.7,,306,20.4,290.3,0,0,0,0,,,,
RUE,2010,5,21,12,12.1,,,,,,,,955.3,,2.5,,259,6.6,253.4,0,0,0,0,,,,
RUE,2010,5,21,13,12.6,,,,,,,,955.1,,2.3,,273,6.7,267,0,0,0,0,,,,
RUE,2010,5,21,14,13,,,,,,,,955,,2,,241,5,236.6,0,0,0,0,,,,
RUE,2010,5,21,15,12.9,,,,,,,,954.8,,3.1,,203,4,199.7,0,0,0,0,,,,
RUE,2010,5,21,16,13.3,,,,,,,,954.5,,2.8,,362,52.9,322.3,0,0,0,0,,,,
RUE,2010,5,21,17,13.1,,,,,,,,954.4,,1.8,,211,9,205.3,0,0,0,0,,,,
RUE,2010,5,21,18,12.2,,,,,,,,954.3,,1.3,,78,1.7,77.2,0,0,0,0,,,,
RUE,2010,5,21,19,11,,,,,,,,954.4,,1.3,,5,0,5,0,0,0,0,,,,
RUE,2010,5,21,20,10.4,,,,,,,,954.6,,1.1,,0,0,0,0,0,0,0,,,,
RUE,2010,5,21,21,10.3,,,,,,,,954.5,,0.5,,0,0,0,0,0,0,0,,,,
RUE,2010,5,21,22,9.9,,,,,,,,954.4,,0.6,,0,0,0,0,0,0,0,,,,
RUE,2010,5,21,23,9.5,,,,,,,,954,,2.7,,0,0,0,0,0,0,0,,,,
RUE,2010,5,22,0,9.5,,,,,,,,953.4,,3.3,,0,0,0,0,0,0,0,,,,
RUE,2010,5,22,1,9.3,,,,,,,,953.1,,2.7,,0,0,0,0,0,0,0,,,,
RUE,2010,5,22,2,8.5,,,,,,,,952.9,,2.2,,0,0,0,0,0,0,0,,,,
RUE,2010,5,22,3,8.7,,,,,,,,952.7,,2.1,,0,0,0,0,0,0,0,,,,
RUE,2010,5,22,4,8.8,,,,,,,,952.7,,0.8,,28,0,0,0,0,0,0,,,,
RUE,2010,5,22,5,9.4,,,,,,,,952.8,,1.5,,162,0,0,0,0,0,0,,,,
RUE,2010,5,22,6,10.8,,,,,,,,953,,3.2,,337,0,0,0,0,0,0,,,,
RUE,2010,5,22,7,12.3,,,,,,,,953,,3.4,,511,2265.9,84.3,0,0,0,0,,,,
RUE,2010,5,22,8,14.2,,,,,,,,952.8,,5,,702,1659.6,115.8,0,0,0,0,,,,
RUE,2010,5,22,9,15.2,,,,,,,,952.6,,3.9,,771,1257.6,127.2,0,0,0,0,,,,
RUE,2010,5,22,10,16.4,,,,,,,,952.4,,3.6,,800,1022.3,132,0,0,0,0,,,,
RUE,2010,5,22,11,17.9,,,,,,,,952,,3.5,,959,1042.8,158.2,0,0,0,0,,,,
RUE,2010,5,22,12,18.6,,,,,,,,951.7,,4.1,,936,922.1,154.4,0,0,0,0,,,,
RUE,2010,5,22,13,19.2,,,,,,,,951.3,,3.7,,748,532.6,275.5,0,0,0,0,,,,
RUE,2010,5,22,14,19.9,,,,,,,,951,,3.3,,700,434.7,315.9,0,0,0,0,,,,
RUE,2010,5,22,15,19,,,,,,,,950.7,,2.7,,343,23.2,323.5,0,0,0,0,,,,
RUE,2010,5,22,16,19.2,,,,,,,,950.3,,2.5,,328,32,304,0,0,0,0,,,,
RUE,2010,5,22,17,18.5,,,,,,,,950.1,,2.2,,151,3.8,148.6,0,0,0,0,,,,
RUE,2010,5,22,18,17.3,,,,,,,,950.2,,1.2,,38,0.4,37.8,0,0,0,0,,,,
RUE,2010,5,22,19,16,,,,,,,,950.3,,1.8,,4,0,4,0,0,0,0,,,,
RUE,2010,5,22,20,15.4,,,,,,,,950.6,,1.2,,0,0,0,0,0,0,0,,,,
RUE,2010,5,22,21,15.2,,,,,,,,950.7,,1,,0,0,0,0,0,0,0,,,,
RUE,2010,5,22,22,14.1,,,,,,,,950.5,,1.6,,0,0,0,0,0,0,0,,,,
RUE,2010,5,22,23,13.4,,,,,,,,950.5,,1.8,,0,0,0,0,0,0,0,,,,
RUE,2010,5,23,0,12.2,,,,,,,,950.3,,1.2,,0,0,0,0,0,0,0,,,,
RUE,2010,5,23,1,12.7,,,,,,,,950,,0.7,,0,0,0,0,0,0,0,,,,
RUE,2010,5,23,2,12.3,,,,,,,,949.9,,0.4,,0,0,0,0,0,0,0,,,,
RUE,2010,5,23,3,11.9,,,,,,,,949.6,,0.4,,0,0,0,0,0,0,0,,,,
RUE,2010,5,23,4,11.8,,,,,,,,949.5,,0.4,,31,0,0,0,0,0,0,,,,
RUE,2010,5,23,5,11.8,,,,,,,,949.7,,0.4,,161,0,0,0,0,0,0,,,,
RUE,2010,5,23,6,13.3,,,,,,,,950,,0.7,,337,0,0,0,0,0,0,,,,
RUE,2010,5,23,7,15,,,,,,,,950,,1.9,,503,2204.6,83,0,0,0,0,,,,
RUE,2010,5,23,8,16.4,,,,,,,,949.9,,2.5,,665,1563.3,109.7,0,0,0,0,,,,
RUE,2010,5,23,9,18.2,,,,,,,,949.8,,3.3,,787,1279.1,129.9,0,0,0,0,,,,
RUE,2010,5,23,10,19,,,,,,,,949.8,,3.1,,891,1135.7,147,0,0,0,0,,,,
RUE,2010,5,23,11,20.2,,,,,,,,949.6,,2.7,,950,1030.9,156.8,0,0,0,0,,,,
RUE,2010,5,23,12,20.7,,,,,,,,949.3,,2,,802,727.2,184.5,0,0,0,0,,,,
RUE,2010,5,23,13,20.8,,,,,,,,948.9,,1.8,,513,123.4,403.4,0,0,0,0,,,,
RUE,2010,5,23,14,20.2,,,,,,,,948.7,,1.9,,377,28.4,351.9,0,0,0,0,,,,
RUE,2010,5,23,15,21.2,,,,,,,,948.4,,2.2,,607,313.9,343.6,0,0,0,0,,,,
RUE,2010,5,23,16,21.3,,,,,,,,948.3,,2.6,,434,121.9,342.1,0,0,0,0,,,,
RUE,2010,5,23,17,20.3,,,,,,,,948.1,,2.2,,225,11.6,217.7,0,0,0,0,,,,
RUE,2010,5,23,18,19.5,,,,,,,,948.1,,1.5,,85,2,84,0,0,0,0,,,,
RUE,2010,5,23,19,18.1,,,,,,,,948.3,,1.4,,5,0,5,0,0,0,0,,,,
RUE,2010,5,23,20,17.2,,,,,,,,948.5,,0.5,,0,0,0,0,0,0,0,,,,
RUE,2010,5,23,21,16.6,,,,,,,,948.6,,0.5,,0,0,0,0,0,0,0,,,,
RUE,2010,5,23,22,15.4,,,,,,,,948.4,,1.2,,0,0,0,0,0,0,0,,,,
RUE,2010,5,23,23,14.8,,,,,,,,948.1,,1.3,,0,0,0,0,0,0,0,,,,
RUE,2010,5,24,0,14.1,,,,,,,,947.8,,2,,0,0,0,0,0,0,0,,,,
RUE,2010,5,24,1,13.5,,,,,,,,947.5,,1.5,,0,0,0,0,0,0,0,,,,
RUE,2010,5,24,2,13.1,,,,,,,,947.1,,1.3,,0,0,0,0,0,0,0,,,,
RUE,2010,5,24,3,13.2,,,,,,,,946.9,,1.1,,0,0,0,0,0,0,0,,,,
RUE,2010,5,24,4,12.8,,,,,,,,946.8,,0.5,,34,0,0,0,0,0,0,,,,
RUE,2010,5,24,5,13.8,,,,,,,,946.8,,1.2,,174,0,0,0,0,0,0,,,,
RUE,2010,5,24,6,15.6,,,,,,,,946.8,,1.5,,352,0,0,0,0,0,0,,,,
RUE,2010,5,24,7,17.5,,,,,,,,946.8,,1.6,,518,2245.5,85.5,0,0,0,0,,,,
RUE,2010,5,24,8,19.2,,,,,,,,946.6,,2.1,,679,1587.7,112,0,0,0,0,,,,
RUE,2010,5,24,9,20.3,,,,,,,,946.2,,2.3,,798,1292.6,131.7,0,0,0,0,,,,
RUE,2010,5,24,10,21.6,,,,,,,,946,,2,,890,1131.7,146.8,0,0,0,0,,,,
RUE,2010,5,24,11,22.4,,,,,,,,945.5,,1,,920,996.4,151.8,0,0,0,0,,,,
RUE,2010,5,24,12,22.9,,,,,,,,945.1,,1.5,,907,890.4,149.7,0,0,0,0,,,,
RUE,2010,5,24,13,23.6,,,,,,,,944.6,,1.8,,825,695.5,206,0,0,0,0,,,,
RUE,2010,5,24,14,23.7,,,,,,,,944.1,,1.9,,723,479.4,297.9,0,0,0,0,,,,
RUE,2010,5,24,15,24.1,,,,,,,,943.7,,2.1,,585,270.7,357.4,0,0,0,0,,,,
RUE,2010,5,24,16,23.7,,,,,,,,943.5,,2.5,,416,99.6,340.8,0,0,0,0,,,,
RUE,2010,5,24,17,23.1,,,,,,,,943.3,,2.8,,252,19.6,239.5,0,0,0,0,,,,
RUE,2010,5,24,18,21.9,,,,,,,,943.4,,2,,92,2.4,90.8,0,0,0,0,,,,
RUE,2010,5,24,19,20.4,,,,,,,,943.7,,1.5,,6,0,6,0,0,0,0,,,,
RUE,2010,5,24,20,19.2,,,,,,,,944.1,,1,,0,0,0,0,0,0,0,,,,
RUE,2010,5,24,21,18.1,,,,,,,,943.9,,0.8,,0,0,0,0,0,0,0,,,,
RUE,2010,5,24,22,18.1,,,,,,,,943.9,,1.8,,0,0,0,0,0,0,0,,,,
RUE,2010,5,24,23,18.2,,,,,,,,943.7,,2.1,,0,0,0,0,0,0,0,,,,
RUE,2010,5,25,0,18.1,,,,,,,,943.7,,1.3,,0,0,0,0,0,0,0,,,,
RUE,2010,5,25,1,17.6,,,,,,,,943.6,,1.6,,0,0,0,0,0,0,0,,,,
RUE,2010,5,25,2,17.8,,,,,,,,943.5,,1.8,,0,0,0,0,0,0,0,,,,
RUE,2010,5,25,3,18.6,,,,,,,,943.4,,1.7,,0,0,0,0,0,0,0,,,,
RUE,2010,5,25,4,17.8,,,,,,,,943.2,,0.6,,44,0,0,0,0,0,0,,,,
RUE,2010,5,25,5,18.2,,,,,,,,943.3,,0.3,,162,0,0,0,0,0,0,,,,
RUE,2010,5,25,6,18.9,,,,,,,,943.5,,0.6,,314,0,0,0,0,0,0,,,,
RUE,2010,5,25,7,19.7,,,,,,,,943.5,,0.9,,315,1351.4,52,0,0,0,0,,,,
RUE,2010,5,25,8,20.8,,,,,,,,943.3,,0.7,,554,1288.8,91.4,0,0,0,0,,,,
RUE,2010,5,25,9,22.5,,,,,,,,943.1,,1,,790,1275.6,130.3,0,0,0,0,,,,
RUE,2010,5,25,10,23.7,,,,,,,,942.7,,1.8,,880,1116.4,145.2,0,0,0,0,,,,
RUE,2010,5,25,11,24.1,,,,,,,,942.4,,2.1,,867,937.3,143.1,0,0,0,0,,,,
RUE,2010,5,25,12,23.3,,,,,,,,942.1,,0.6,,330,17.7,315,0,0,0,0,,,,
RUE,2010,5,25,13,24,,,,,,,,941.8,,1.4,,616,263.9,380.8,0,0,0,0,,,,
RUE,2010,5,25,14,24.1,,,,,,,,941.4,,2.2,,480,91.5,398.8,0,0,0,0,,,,
RUE,2010,5,25,15,24.5,,,,,,,,940.9,,2.3,,541,196.1,375.8,0,0,0,0,,,,
RUE,2010,5,25,16,24.2,,,,,,,,940.5,,2.1,,369,55.8,326.8,0,0,0,0,,,,
RUE,2010,5,25,17,23.5,,,,,,,,940.3,,1.5,,224,11,216.9,0,0,0,0,,,,
RUE,2010,5,25,18,22.7,,,,,,,,940.2,,1.3,,59,1,58.5,0,0,0,0,,,,
RUE,2010,5,25,19,21.3,,,,,,,,940.2,,0.9,,6,0,6,0,0,0,0,,,,
RUE,2010,5,25,20,20.5,,,,,,,,940.6,,0.5,,0,0,0,0,0,0,0,,,,
RUE,2010,5,25,21,19.5,,,,,,,,940.7,,1.8,,0,0,0,0,0,0,0,,,,
RUE,2010,5,25,22,19.3,,,,,,,,941,,2.6,,0,0,0,0,0,0,0,,,,
RUE,2010,5,25,23,18.7,,,,,,,,941.1,,2.9,,0,0,0,0,0,0,0,,,,
RUE,2010,5,26,0,18.3,,,,,,,,941,,1.1,,0,0,0,0,0,0,0,,,,
RUE,2010,5,26,1,17.4,,,,,,,,940.8,,0.9,,0,0,0,0,0,0,0,,,,
RUE,2010,5,26,2,17,,,,,,,,940.6,,0.4,,0,0,0,0,0,0,0,,,,
RUE,2010,5,26,3,16.3,,,,,,,,940.6,,0.9,,0,0,0,0,0,0,0,,,,
RUE,2010,5,26,4,15.4,,,,,,,,940.9,,1.1,,1,0,0,0,0,0,0,,,,
RUE,2010,5,26,5,13.8,,,,,,,,940.7,,1.7,,20,0,0,0,0,0,0,,,,
RUE,2010,5,26,6,14.3,,,,,,,,940.5,,1.4,,146,0,0,0,0,0,0,,,,
RUE,2010,5,26,7,15.5,,,,,,,,940.2,,1.4,,272,1155.5,44.9,0,0,0,0,,,,
RUE,2010,5,26,8,16.9,,,,,,,,939.8,,0.7,,577,1335.9,95.2,0,0,0,0,,,,
RUE,2010,5,26,9,19.4,,,,,,,,939.3,,4.3,,627,1009.4,103.5,0,0,0,0,,,,
RUE,2010,5,26,10,19.5,,,,,,,,939.3,,3.1,,361,97.1,296.9,0,0,0,0,,,,
RUE,2010,5,26,11,19.1,,,,,,,,939.4,,2.6,,375,54.4,332.9,0,0,0,0,,,,
RUE,2010,5,26,12,19.5,,,,,,,,939,,1.8,,622,324.2,345.4,0,0,0,0,,,,
RUE,2010,5,26,13,20.4,,,,,,,,938.6,,3.4,,769,569.9,260.3,0,0,0,0,,,,
RUE,2010,5,26,14,20.4,,,,,,,,938.1,,3.8,,688,401.6,330.7,0,0,0,0,,,,
RUE,2010,5,26,15,20.3,,,,,,,,937.6,,2.8,,495,132.9,382.8,0,0,0,0,,,,
RUE,2010,5,26,16,18.8,,,,,,,,937.5,,3.3,,246,8,239.9,0,0,0,0,,,,
RUE,2010,5,26,17,17.6,,,,,,,,937.6,,2.7,,48,0.4,47.8,0,0,0,0,,,,
RUE,2010,5,26,18,14.8,,,,,,,,938.4,,4.2,,5,0,5,0,0,0,0,,,,
RUE,2010,5,26,19,12.5,,,,,,,,938.9,,1.5,,0,0,0,0,0,0,0,,,,
RUE,2010,5,26,20,12.8,,,,,,,,938.8,,0.7,,0,0,0,0,0,0,0,,,,
RUE,2010,5,26,21,13.5,,,,,,,,939,,3.3,,0,0,0,0,0,0,0,,,,
RUE,2010,5,26,22,13.6,,,,,,,,939.2,,2.5,,0,0,0,0,0,0,0,,,,
RUE,2010,5,26,23,13.4,,,,,,,,939.2,,2.1,,0,0,0,0,0,0,0,,,,
RUE,2010,5,27,0,13.6,,,,,,,,939,,2.4,,0,0,0,0,0,0,0,,,,
RUE,2010,5,27,1,13.6,,,,,,,,938.8,,3.2,,0,0,0,0,0,0,0,,,,
RUE,2010,5,27,2,12.8,,,,,,,,938.8,,1.8,,0,0,0,0,0,0,0,,,,
RUE,2010,5,27,3,12.1,,,,,,,,938.8,,0.7,,0,0,0,0,0,0,0,,,,
RUE,2010,5,27,4,12,,,,,,,,938.9,,1.2,,10,0,0,0,0,0,0,,,,
RUE,2010,5,27,5,11.9,,,,,,,,939.1,,1.3,,26,0,0,0,0,0,0,,,,
RUE,2010,5,27,6,12.3,,,,,,,,939.5,,0.7,,86,0,0,0,0,0,0,,,,
RUE,2010,5,27,7,13.2,,,,,,,,940,,1.5,,247,1039.7,40.8,0,0,0,0,,,,
RUE,2010,5,27,8,14.5,,,,,,,,940.1,,2.5,,505,1163.9,83.3,0,0,0,0,,,,
RUE,2010,5,27,9,14.8,,,,,,,,940.1,,2,,468,645.1,132.5,0,0,0,0,,,,
RUE,2010,5,27,10,15.7,,,,,,,,940.1,,2.8,,601,663.5,162.5,0,0,0,0,,,,
RUE,2010,5,27,11,15.5,,,,,,,,940.1,,2.1,,504,207.1,343.5,0,0,0,0,,,,
RUE,2010,5,27,12,16.4,,,,,,,,940,,2.8,,488,118.1,387.1,0,0,0,0,,,,
RUE,2010,5,27,13,14.8,,,,,,,,940.4,,1.5,,204,3.5,200.8,0,0,0,0,,,,
RUE,2010,5,27,14,14.3,,,,,,,,940.7,,1.1,,374,26.5,350.4,0,0,0,0,,,,
RUE,2010,5,27,15,15.6,,,,,,,,940.7,,0.9,,362,29.3,337.2,0,0,0,0,,,,
RUE,2010,5,27,16,13.9,,,,,,,,941,,1.7,,146,2.5,144.1,0,0,0,0,,,,
RUE,2010,5,27,17,14.4,,,,,,,,940.9,,0.4,,175,5,171.8,0,0,0,0,,,,
RUE,2010,5,27,18,14.2,,,,,,,,941.1,,0.4,,55,0.8,54.6,0,0,0,0,,,,
RUE,2010,5,27,19,13.7,,,,,,,,941.5,,0.9,,5,0,5,0,0,0,0,,,,
RUE,2010,5,27,20,12.7,,,,,,,,942,,0.8,,0,0,0,0,0,0,0,,,,
RUE,2010,5,27,21,12,,,,,,,,942.3,,1,,0,0,0,0,0,0,0,,,,
RUE,2010,5,27,22,11.8,,,,,,,,942.3,,0.9,,0,0,0,0,0,0,0,,,,
RUE,2010,5,27,23,11.9,,,,,,,,942,,1,,0,0,0,0,0,0,0,,,,
RUE,2010,5,28,0,11.9,,,,,,,,941.8,,1.7,,0,0,0,0,0,0,0,,,,
RUE,2010,5,28,1,11.4,,,,,,,,941.8,,0.5,,0,0,0,0,0,0,0,,,,
RUE,2010,5,28,2,11.2,,,,,,,,941.9,,0.4,,0,0,0,0,0,0,0,,,,
RUE,2010,5,28,3,10.4,,,,,,,,942.1,,0.7,,0,0,0,0,0,0,0,,,,
RUE,2010,5,28,4,10.7,,,,,,,,942.3,,0.4,,24,0,0,0,0,0,0,,,,
RUE,2010,5,28,5,12,,,,,,,,942.6,,0.6,,85,0,0,0,0,0,0,,,,
RUE,2010,5,28,6,12.9,,,,,,,,942.9,,0.3,,141,0,0,0,0,0,0,,,,
RUE,2010,5,28,7,13.8,,,,,,,,943.2,,0.7,,313,1306.2,51.6,0,0,0,0,,,,
RUE,2010,5,28,8,15,,,,,,,,943.5,,1.9,,525,1204.9,86.6,0,0,0,0,,,,
RUE,2010,5,28,9,15.3,,,,,,,,943.7,,2.1,,413,436.5,185.4,0,0,0,0,,,,
RUE,2010,5,28,10,15.2,,,,,,,,943.9,,2.1,,296,36.5,271.8,0,0,0,0,,,,
RUE,2010,5,28,11,14,,,,,,,,944.3,,2.5,,303,18.4,288.7,0,0,0,0,,,,
RUE,2010,5,28,12,14.6,,,,,,,,944.5,,2.8,,480,109,386.7,0,0,0,0,,,,
RUE,2010,5,28,13,14.8,,,,,,,,944.4,,2,,416,44.3,376.4,0,0,0,0,,,,
RUE,2010,5,28,14,16,,,,,,,,944.2,,2.5,,486,95.2,401,0,0,0,0,,,,
RUE,2010,5,28,15,17.3,,,,,,,,944.3,,2.9,,525,169.5,381.4,0,0,0,0,,,,
RUE,2010,5,28,16,16.7,,,,,,,,944.7,,3.6,,369,54.2,327.7,0,0,0,0,,,,
RUE,2010,5,28,17,16.5,,,,,,,,945,,2.5,,267,24.9,250.9,0,0,0,0,,,,
RUE,2010,5,28,18,15.3,,,,,,,,945.5,,2.2,,64,1.1,63.4,0,0,0,0,,,,
RUE,2010,5,28,19,14.6,,,,,,,,946.1,,1.7,,5,0,5,0,0,0,0,,,,
RUE,2010,5,28,20,13.7,,,,,,,,947,,1.4,,0,0,0,0,0,0,0,,,,
RUE,2010,5,28,21,12.6,,,,,,,,947.4,,0.8,,0,0,0,0,0,0,0,,,,
RUE,2010,5,28,22,12.4,,,,,,,,947.6,,0.6,,0,0,0,0,0,0,0,,,,
RUE,2010,5,28,23,12.2,,,,,,,,947.7,,0.5,,0,0,0,0,0,0,0,,,,
RUE,2010,5,29,0,11.5,,,,,,,,947.5,,0.8,,0,0,0,0,0,0,0,,,,
RUE,2010,5,29,1,11.3,,,,,,,,947.4,,0.4,,0,0,0,0,0,0,0,,,,
RUE,2010,5,29,2,11.4,,,,,,,,947.2,,0.5,,0,0,0,0,0,0,0,,,,
RUE,2010,5,29,3,10.8,,,,,,,,947.2,,0.5,,0,0,0,0,0,0,0,,,,
RUE,2010,5,29,4,10.4,,,,,,,,947.4,,0.3,,30,0,0,0,0,0,0,,,,
RUE,2010,5,29,5,11,,,,,,,,947.7,,0.8,,108,0,0,0,0,0,0,,,,
RUE,2010,5,29,6,12.2,,,,,,,,947.7,,0.5,,262,0,0,0,0,0,0,,,,
RUE,2010,5,29,7,13,,,,,,,,948,,0.6,,231,956.3,38.1,0,0,0,0,,,,
RUE,2010,5,29,8,13.7,,,,,,,,947.9,,0.7,,304,514,116.2,0,0,0,0,,,,
RUE,2010,5,29,9,14.7,,,,,,,,947.8,,0.8,,465,625.8,137.8,0,0,0,0,,,,
RUE,2010,5,29,10,15.9,,,,,,,,947.6,,0.7,,594,637.5,171.1,0,0,0,0,,,,
RUE,2010,5,29,11,16.7,,,,,,,,947.3,,1.2,,619,445.2,273,0,0,0,0,,,,
RUE,2010,5,29,12,17.8,,,,,,,,946.7,,1.7,,728,548.1,258.4,0,0,0,0,,,,
RUE,2010,5,29,13,18.7,,,,,,,,946.3,,1.9,,834,703.7,203.2,0,0,0,0,,,,
RUE,2010,5,29,14,18.5,,,,,,,,946,,3.1,,584,211.8,394.7,0,0,0,0,,,,
RUE,2010,5,29,15,18,,,,,,,,946,,2.9,,363,29.3,338.1,0,0,0,0,,,,
RUE,2010,5,29,16,17,,,,,,,,946.1,,3.9,,217,5.5,212.8,0,0,0,0,,,,
RUE,2010,5,29,17,15.8,,,,,,,,946,,3.3,,122,2.4,120.4,0,0,0,0,,,,
RUE,2010,5,29,18,15.1,,,,,,,,946.1,,3.1,,67,1.2,66.4,0,0,0,0,,,,
RUE,2010,5,29,19,14.3,,,,,,,,946.5,,1.3,,4,0,4,0,0,0,0,,,,
RUE,2010,5,29,20,13.5,,,,,,,,946.6,,1,,0,0,0,0,0,0,0,,,,
RUE,2010,5,29,21,13.1,,,,,,,,946.2,,1.4,,0,0,0,0,0,0,0,,,,
RUE,2010,5,29,22,13.8,,,,,,,,945.6,,1.6,,0,0,0,0,0,0,0,,,,
RUE,2010,5,29,23,14.1,,,,,,,,945.1,,1.3,,0,0,0,0,0,0,0,,,,
RUE,2010,5,30,0,12.7,,,,,,,,944.8,,1.9,,0,0,0,0,0,0,0,,,,
RUE,2010,5,30,1,11.2,,,,,,,,944.2,,0.5,,0,0,0,0,0,0,0,,,,
RUE,2010,5,30,2,11.3,,,,,,,,943.3,,0.7,,0,0,0,0,0,0,0,,,,
RUE,2010,5,30,3,11.2,,,,,,,,942.6,,0.3,,0,0,0,0,0,0,0,,,,
RUE,2010,5,30,4,11.2,,,,,,,,942.3,,0.8,,1,0,0,0,0,0,0,,,,
RUE,2010,5,30,5,11.8,,,,,,,,942.1,,2.8,,17,0,0,0,0,0,0,,,,
RUE,2010,5,30,6,11.9,,,,,,,,942,,3.4,,53,0,0,0,0,0,0,,,,
RUE,2010,5,30,7,12.3,,,,,,,,942.2,,2.9,,76,15,73,0,0,0,0,,,,
RUE,2010,5,30,8,13,,,,,,,,942.2,,2.4,,156,28.5,145.5,0,0,0,0,,,,
RUE,2010,5,30,9,13.8,,,,,,,,942.1,,3.3,,201,16.9,192.1,0,0,0,0,,,,
RUE,2010,5,30,10,12.8,,,,,,,,942.8,,4.5,,286,30.2,265.9,0,0,0,0,,,,
RUE,2010,5,30,11,12.5,,,,,,,,942.9,,4.4,,142,2.3,140.2,0,0,0,0,,,,
RUE,2010,5,30,12,13.4,,,,,,,,942.6,,4.3,,359,26.2,336.5,0,0,0,0,,,,
RUE,2010,5,30,13,13.3,,,,,,,,942.7,,4.7,,275,6.7,269,0,0,0,0,,,,
RUE,2010,5,30,14,14.3,,,,,,,,942.6,,6.6,,459,72,394.6,0,0,0,0,,,,
RUE,2010,5,30,15,14.8,,,,,,,,942.5,,5.2,,241,5.5,236.4,0,0,0,0,,,,
RUE,2010,5,30,16,14.5,,,,,,,,942.5,,4.7,,164,3.1,161.6,0,0,0,0,,,,
RUE,2010,5,30,17,14,,,,,,,,942.3,,4.4,,53,0.5,52.7,0,0,0,0,,,,
RUE,2010,5,30,18,13.3,,,,,,,,942.4,,3.8,,25,0.2,24.9,0,0,0,0,,,,
RUE,2010,5,30,19,13.2,,,,,,,,942.2,,4.7,,3,0,3,0,0,0,0,,,,
RUE,2010,5,30,20,12.8,,,,,,,,942.3,,3.9,,0,0,0,0,0,0,0,,,,
RUE,2010,5,30,21,11.6,,,,,,,,942.3,,4,,0,0,0,0,0,0,0,,,,
RUE,2010,5,30,22,10.6,,,,,,,,941.8,,3.4,,0,0,0,0,0,0,0,,,,
RUE,2010,5,30,23,10.2,,,,,,,,941.7,,4.4,,0,0,0,0,0,0,0,,,,
RUE,2010,5,31,0,9.7,,,,,,,,941.4,,4.7,,0,0,0,0,0,0,0,,,,
RUE,2010,5,31,1,9.5,,,,,,,,941.7,,3.7,,0,0,0,0,0,0,0,,,,
RUE,2010,5,31,2,8.2,,,,,,,,942,,4.1,,0,0,0,0,0,0,0,,,,
RUE,2010,5,31,3,6.8,,,,,,,,942.6,,1.9,,0,0,0,0,0,0,0,,,,
RUE,2010,5,31,4,6.8,,,,,,,,942.8,,1.6,,16,0,0,0,0,0,0,,,,
RUE,2010,5,31,5,8,,,,,,,,943.1,,1.7,,93,0,0,0,0,0,0,,,,
RUE,2010,5,31,6,9,,,,,,,,943.7,,1.9,,112,0,0,0,0,0,0,,,,
RUE,2010,5,31,7,9.7,,,,,,,,944.1,,2.1,,243,991.5,40.1,0,0,0,0,,,,
RUE,2010,5,31,8,10.6,,,,,,,,944.1,,2.9,,418,948.7,69,0,0,0,0,,,,
RUE,2010,5,31,9,10.8,,,,,,,,944.2,,3.1,,285,93.9,235.7,0,0,0,0,,,,
RUE,2010,5,31,10,11.5,,,,,,,,944.3,,3.6,,429,200.4,295.6,0,0,0,0,,,,
RUE,2010,5,31,11,12.1,,,,,,,,944.7,,4.5,,439,111.5,352.1,0,0,0,0,,,,
RUE,2010,5,31,12,12.6,,,,,,,,944.9,,5,,518,151.1,388.2,0,0,0,0,,,,
RUE,2010,5,31,13,12.4,,,,,,,,945,,4,,330,13.7,317.7,0,0,0,0,,,,
RUE,2010,5,31,14,12.5,,,,,,,,945.3,,4.5,,325,13,313.4,0,0,0,0,,,,
RUE,2010,5,31,15,12.5,,,,,,,,945.4,,3.4,,258,6.5,252.5,0,0,0,0,,,,
RUE,2010,5,31,16,12.3,,,,,,,,945.6,,3.2,,198,4.5,194.5,0,0,0,0,,,,
RUE,2010,5,31,17,11.7,,,,,,,,945.7,,3.2,,86,1.2,85.2,0,0,0,0,,,,
RUE,2010,5,31,18,11,,,,,,,,946.1,,3.3,,25,0.2,24.9,0,0,0,0,,,,
RUE,2010,5,31,19,10.4,,,,,,,,946.7,,3.3,,4,0,4,0,0,0,0,,,,
RUE,2010,5,31,20,10,,,,,,,,947.5,,2.1,,0,0,0,0,0,0,0,,,,
RUE,2010,5,31,21,9.6,,,,,,,,947.5,,1.4,,0,0,0,0,0,0,0,,,,
RUE,2010,5,31,22,9.3,,,,,,,,947.4,,1.8,,0,0,0,0,0,0,0,,,,
RUE,2010,5,31,23,9,,,,,,,,947.4,,1.7,,0,0,0,0,0,0,0,,,,
RUE,2010,6,1,0,8.9,,,,,,,,947,,1.3,,0,0,0,0,0,0,0,,,,
RUE,2010,6,1,1,8.4,,,,,,,,946.3,,1,,0,0,0,0,0,0,0,,,,
RUE,2010,6,1,2,7.8,,,,,,,,945.8,,1.3,,0,0,0,0,0,0,0,,,,
RUE,2010,6,1,3,7.7,,,,,,,,945.5,,0.9,,0,0,0,0,0,0,0,,,,
RUE,2010,6,1,4,7.9,,,,,,,,946,,0.4,,15,0,0,0,0,0,0,,,,
RUE,2010,6,1,5,8.5,,,,,,,,946.2,,0.6,,69,0,0,0,0,0,0,,,,
RUE,2010,6,1,6,9.5,,,,,,,,946.6,,1.3,,194,0,0,0,0,0,0,,,,
RUE,2010,6,1,7,10.3,,,,,,,,946.9,,1.7,,242,981,39.9,0,0,0,0,,,,
RUE,2010,6,1,8,11,,,,,,,,946.4,,0.9,,291,431.5,131.8,0,0,0,0,,,,
RUE,2010,6,1,9,11.9,,,,,,,,945.6,,0.8,,382,320.9,213.1,0,0,0,0,,,,
RUE,2010,6,1,10,12.8,,,,,,,,945.3,,0.9,,456,255.5,285.7,0,0,0,0,,,,
RUE,2010,6,1,11,13.5,,,,,,,,944.9,,1.7,,458,134.3,353.2,0,0,0,0,,,,
RUE,2010,6,1,12,13.5,,,,,,,,944.5,,1.2,,221,4.5,217.1,0,0,0,0,,,,
RUE,2010,6,1,13,13.8,,,,,,,,944.2,,1.3,,262,5.8,256.8,0,0,0,0,,,,
RUE,2010,6,1,14,14.5,,,,,,,,944.1,,1.8,,397,34.9,365.7,0,0,0,0,,,,
RUE,2010,6,1,15,14.3,,,,,,,,944,,2.7,,254,6.2,248.7,0,0,0,0,,,,
RUE,2010,6,1,16,13.7,,,,,,,,944,,2.4,,125,1.8,123.6,0,0,0,0,,,,
RUE,2010,6,1,17,13.1,,,,,,,,943.9,,2.2,,32,0.2,31.9,0,0,0,0,,,,
RUE,2010,6,1,18,12.7,,,,,,,,943.6,,1.5,,41,0.4,40.8,0,0,0,0,,,,
RUE,2010,6,1,19,12.1,,,,,,,,943.5,,1.4,,5,0,5,0,0,0,0,,,,
RUE,2010,6,1,20,11.7,,,,,,,,943.8,,1.6,,0,0,0,0,0,0,0,,,,
RUE,2010,6,1,21,11.5,,,,,,,,943.9,,1.6,,0,0,0,0,0,0,0,,,,
RUE,2010,6,1,22,11.4,,,,,,,,943.7,,1.5,,0,0,0,0,0,0,0,,,,
RUE,2010,6,1,23,10.3,,,,,,,,943.6,,1.5,,0,0,0,0,0,0,0,,,,
RUE,2010,6,2,0,9.7,,,,,,,,943.6,,1.4,,0,0,0,0,0,0,0,,,,
RUE,2010,6,2,1,9.4,,,,,,,,943.5,,1,,0,0,0,0,0,0,0,,,,
RUE,2010,6,2,2,9.2,,,,,,,,943.4,,0.7,,0,0,0,0,0,0,0,,,,
RUE,2010,6,2,3,9.1,,,,,,,,943.4,,0.7,,0,0,0,0,0,0,0,,,,
RUE,2010,6,2,4,9.1,,,,,,,,943.5,,0.6,,19,0,0,0,0,0,0,,,,
RUE,2010,6,2,5,9.5,,,,,,,,943.8,,0.7,,83,0,0,0,0,0,0,,,,
RUE,2010,6,2,6,9.9,,,,,,,,944,,0.9,,93,0,0,0,0,0,0,,,,
RUE,2010,6,2,7,10.3,,,,,,,,944.3,,1.2,,182,605.7,56.5,0,0,0,0,,,,
RUE,2010,6,2,8,10.7,,,,,,,,944.6,,1.5,,139,15.3,133.3,0,0,0,0,,,,
RUE,2010,6,2,9,11.5,,,,,,,,944.8,,1.8,,260,59.8,228.5,0,0,0,0,,,,
RUE,2010,6,2,10,12.5,,,,,,,,944.8,,2,,334,64.2,291.2,0,0,0,0,,,,
RUE,2010,6,2,11,13,,,,,,,,944.8,,1.9,,211,4.9,207.1,0,0,0,0,,,,
RUE,2010,6,2,12,13.6,,,,,,,,944.9,,1.1,,266,6.8,260.1,0,0,0,0,,,,
RUE,2010,6,2,13,14,,,,,,,,945.1,,1.9,,156,2,154.2,0,0,0,0,,,,
RUE,2010,6,2,14,12.9,,,,,,,,945.5,,3.4,,156,2,154.2,0,0,0,0,,,,
RUE,2010,6,2,15,11.9,,,,,,,,945.9,,0.7,,90,0.8,89.4,0,0,0,0,,,,
RUE,2010,6,2,16,11.9,,,,,,,,946,,1,,49,0.3,48.8,0,0,0,0,,,,
RUE,2010,6,2,17,11.8,,,,,,,,946.1,,1.3,,55,0.5,54.7,0,0,0,0,,,,
RUE,2010,6,2,18,11.8,,,,,,,,946.1,,0.8,,33,0.3,32.9,0,0,0,0,,,,
RUE,2010,6,2,19,11.4,,,,,,,,946.1,,0.7,,8,0,8,0,0,0,0,,,,
RUE,2010,6,2,20,11.4,,,,,,,,946.1,,0.8,,0,0,0,0,0,0,0,,,,
RUE,2010,6,2,21,11,,,,,,,,946.1,,0.5,,0,0,0,0,0,0,0,,,,
RUE,2010,6,2,22,11.2,,,,,,,,945.9,,0.5,,0,0,0,0,0,0,0,,,,
RUE,2010,6,2,23,11,,,,,,,,945.7,,0.5,,0,0,0,0,0,0,0,,,,
RUE,2010,6,3,0,11,,,,,,,,945.7,,0.8,,0,0,0,0,0,0,0,,,,
RUE,2010,6,3,1,11,,,,,,,,945.5,,0.8,,0,0,0,0,0,0,0,,,,
RUE,2010,6,3,2,10.9,,,,,,,,945.5,,0.8,,0,0,0,0,0,0,0,,,,
RUE,2010,6,3,3,10.6,,,,,,,,945.2,,1,,0,0,0,0,0,0,0,,,,
RUE,2010,6,3,4,10.6,,,,,,,,945.3,,0.8,,3,0,0,0,0,0,0,,,,
RUE,2010,6,3,5,10.5,,,,,,,,945.5,,0.8,,6,0,0,0,0,0,0,,,,
RUE,2010,6,3,6,10.8,,,,,,,,945.8,,0.5,,37,144.7,29.4,0,0,0,0,,,,
RUE,2010,6,3,7,11.2,,,,,,,,945.6,,1.1,,123,138,94.2,0,0,0,0,,,,
RUE,2010,6,3,8,11.4,,,,,,,,946.1,,1.3,,116,7.1,113.4,0,0,0,0,,,,
RUE,2010,6,3,9,11.3,,,,,,,,946.8,,2.7,,85,1.8,84.1,0,0,0,0,,,,
RUE,2010,6,3,10,11.4,,,,,,,,946.8,,2.3,,198,6.1,193.9,0,0,0,0,,,,
RUE,2010,6,3,11,12.6,,,,,,,,946.7,,2.2,,510,211.1,345,0,0,0,0,,,,
RUE,2010,6,3,12,13.2,,,,,,,,946.6,,2.3,,444,74,380.3,0,0,0,0,,,,
RUE,2010,6,3,13,13.1,,,,,,,,946.6,,1.8,,238,4.7,233.7,0,0,0,0,,,,
RUE,2010,6,3,14,13,,,,,,,,946.8,,1.9,,140,1.6,138.5,0,0,0,0,,,,
RUE,2010,6,3,15,12.8,,,,,,,,946.9,,2.3,,95,0.8,94.3,0,0,0,0,,,,
RUE,2010,6,3,16,13.1,,,,,,,,946.9,,3,,164,3.1,161.6,0,0,0,0,,,,
RUE,2010,6,3,17,12.6,,,,,,,,947,,3.4,,119,2.2,117.5,0,0,0,0,,,,
RUE,2010,6,3,18,12.3,,,,,,,,946.9,,3.8,,56,0.8,55.6,0,0,0,0,,,,
RUE,2010,6,3,19,12,,,,,,,,946.9,,4,,14,0.1,14,0,0,0,0,,,,
RUE,2010,6,3,20,11.6,,,,,,,,947.1,,3.2,,0,0,0,0,0,0,0,,,,
RUE,2010,6,3,21,11.5,,,,,,,,947.4,,3.3,,0,0,0,0,0,0,0,,,,
RUE,2010,6,3,22,11.3,,,,,,,,947.4,,1.7,,0,0,0,0,0,0,0,,,,
RUE,2010,6,3,23,11.4,,,,,,,,947.1,,3.5,,0,0,0,0,0,0,0,,,,
RUE,2010,6,4,0,11.1,,,,,,,,946.6,,3.6,,0,0,0,0,0,0,0,,,,
RUE,2010,6,4,1,11.7,,,,,,,,946.6,,3.1,,0,0,0,0,0,0,0,,,,
RUE,2010,6,4,2,11.6,,,,,,,,946.5,,3.2,,0,0,0,0,0,0,0,,,,
RUE,2010,6,4,3,11.6,,,,,,,,946.6,,2.9,,0,0,0,0,0,0,0,,,,
RUE,2010,6,4,4,11.5,,,,,,,,946.9,,4,,16,0,0,0,0,0,0,,,,
RUE,2010,6,4,5,11.6,,,,,,,,947.2,,4.6,,88,0,0,0,0,0,0,,,,
RUE,2010,6,4,6,12.9,,,,,,,,947.6,,3.2,,328,5086.6,54.1,0,0,0,0,,,,
RUE,2010,6,4,7,14.2,,,,,,,,947.9,,4.4,,531,2117.6,87.6,0,0,0,0,,,,
RUE,2010,6,4,8,15.6,,,,,,,,948,,3.9,,678,1521.8,111.9,0,0,0,0,,,,
RUE,2010,6,4,9,17,,,,,,,,948.1,,4.5,,803,1267.9,132.5,0,0,0,0,,,,
RUE,2010,6,4,10,18.2,,,,,,,,948.1,,4.2,,895,1117.2,147.7,0,0,0,0,,,,
RUE,2010,6,4,11,19.6,,,,,,,,948.1,,3.3,,957,1021.1,157.9,0,0,0,0,,,,
RUE,2010,6,4,12,20.7,,,,,,,,948,,3.8,,832,766.3,171.3,0,0,0,0,,,,
RUE,2010,6,4,13,21.4,,,,,,,,947.8,,4,,845,716.9,198.3,0,0,0,0,,,,
RUE,2010,6,4,14,22,,,,,,,,947.9,,3.5,,757,533.5,276.9,0,0,0,0,,,,
RUE,2010,6,4,15,22,,,,,,,,948,,2.8,,630,339.2,339.8,0,0,0,0,,,,
RUE,2010,6,4,16,22.2,,,,,,,,947.9,,2.6,,463,147.9,348.8,0,0,0,0,,,,
RUE,2010,6,4,17,21.7,,,,,,,,948.1,,2.2,,285,32.1,264,0,0,0,0,,,,
RUE,2010,6,4,18,20.8,,,,,,,,948.3,,1.9,,114,3.4,112.3,0,0,0,0,,,,
RUE,2010,6,4,19,19.5,,,,,,,,948.6,,1.5,,13,0.1,13,0,0,0,0,,,,
RUE,2010,6,4,20,18.2,,,,,,,,949.1,,0.8,,0,0,0,0,0,0,0,,,,
RUE,2010,6,4,21,17.2,,,,,,,,949.4,,0.6,,0,0,0,0,0,0,0,,,,
RUE,2010,6,4,22,16.4,,,,,,,,949.8,,0.7,,0,0,0,0,0,0,0,,,,
RUE,2010,6,4,23,15.9,,,,,,,,949.7,,1.7,,0,0,0,0,0,0,0,,,,
RUE,2010,6,5,0,15,,,,,,,,949.7,,1.3,,0,0,0,0,0,0,0,,,,
RUE,2010,6,5,1,15.3,,,,,,,,949.7,,1.2,,0,0,0,0,0,0,0,,,,
RUE,2010,6,5,2,14.7,,,,,,,,949.6,,1.6,,0,0,0,0,0,0,0,,,,
RUE,2010,6,5,3,14.4,,,,,,,,949.4,,1.3,,1,0,0,0,0,0,0,,,,
RUE,2010,6,5,4,14.5,,,,,,,,949.4,,1.3,,48,0,0,0,0,0,0,,,,
RUE,2010,6,5,5,15.1,,,,,,,,949.6,,1.7,,194,0,0,0,0,0,0,,,,
RUE,2010,6,5,6,16.4,,,,,,,,949.7,,2,,369,5612.4,60.9,0,0,0,0,,,,
RUE,2010,6,5,7,17.8,,,,,,,,949.6,,1.7,,533,2116.1,87.9,0,0,0,0,,,,
RUE,2010,6,5,8,19.2,,,,,,,,949.6,,1.3,,692,1549.8,114.2,0,0,0,0,,,,
RUE,2010,6,5,9,20.7,,,,,,,,949.4,,1,,809,1275.7,133.5,0,0,0,0,,,,
RUE,2010,6,5,10,21.9,,,,,,,,949,,0.9,,900,1122.4,148.5,0,0,0,0,,,,
RUE,2010,6,5,11,23,,,,,,,,948.7,,0.9,,942,1004.2,155.4,0,0,0,0,,,,
RUE,2010,6,5,12,24.3,,,,,,,,948.3,,0.8,,932,901.9,153.8,0,0,0,0,,,,
RUE,2010,6,5,13,24.9,,,,,,,,947.7,,1.1,,858,741.3,188.6,0,0,0,0,,,,
RUE,2010,6,5,14,25.3,,,,,,,,947.4,,1,,755,527.8,279.5,0,0,0,0,,,,
RUE,2010,6,5,15,25.9,,,,,,,,947.1,,1.7,,624,326.2,344.6,0,0,0,0,,,,
RUE,2010,6,5,16,25.6,,,,,,,,946.9,,2.2,,455,136.2,349.7,0,0,0,0,,,,
RUE,2010,6,5,17,25.1,,,,,,,,946.8,,1.6,,276,27,258.3,0,0,0,0,,,,
RUE,2010,6,5,18,23.9,,,,,,,,946.7,,1.4,,109,3,107.4,0,0,0,0,,,,
RUE,2010,6,5,19,22.3,,,,,,,,946.9,,1,,7,0,7,0,0,0,0,,,,
RUE,2010,6,5,20,20.9,,,,,,,,947,,1.1,,0,0,0,0,0,0,0,,,,
RUE,2010,6,5,21,20.8,,,,,,,,947,,1.1,,0,0,0,0,0,0,0,,,,
RUE,2010,6,5,22,20.4,,,,,,,,946.8,,1.1,,0,0,0,0,0,0,0,,,,
RUE,2010,6,5,23,19.5,,,,,,,,946.6,,0.9,,0,0,0,0,0,0,0,,,,
RUE,2010,6,6,0,18.9,,,,,,,,946.4,,1,,0,0,0,0,0,0,0,,,,
RUE,2010,6,6,1,18.2,,,,,,,,946.1,,1.1,,0,0,0,0,0,0,0,,,,
RUE,2010,6,6,2,18.1,,,,,,,,945.9,,0.9,,0,0,0,0,0,0,0,,,,
RUE,2010,6,6,3,17.7,,,,,,,,945.7,,0.4,,1,0,0,0,0,0,0,,,,
RUE,2010,6,6,4,17.5,,,,,,,,945.7,,0.9,,42,0,0,0,0,0,0,,,,
RUE,2010,6,6,5,17.5,,,,,,,,945.4,,0.6,,173,0,0,0,0,0,0,,,,
RUE,2010,6,6,6,20.8,,,,,,,,945.4,,0.7,,365,5456.2,60.2,0,0,0,0,,,,
RUE,2010,6,6,7,22.2,,,,,,,,945.3,,1.3,,502,1985.1,82.8,0,0,0,0,,,,
RUE,2010,6,6,8,22.9,,,,,,,,945.2,,1.8,,683,1526.8,112.7,0,0,0,0,,,,
RUE,2010,6,6,9,23.4,,,,,,,,945.1,,1.5,,712,1121.4,117.5,0,0,0,0,,,,
RUE,2010,6,6,10,24,,,,,,,,944.7,,0.8,,647,767.5,132.7,0,0,0,0,,,,
RUE,2010,6,6,11,23.9,,,,,,,,944.3,,1.5,,523,232.1,341.1,0,0,0,0,,,,
RUE,2010,6,6,12,23.2,,,,,,,,943.9,,2.2,,572,225.4,377.4,0,0,0,0,,,,
RUE,2010,6,6,13,23.9,,,,,,,,943.5,,1.4,,693,393.2,337.7,0,0,0,0,,,,
RUE,2010,6,6,14,23.9,,,,,,,,942.9,,1.6,,307,9.8,298.1,0,0,0,0,,,,
RUE,2010,6,6,15,23.1,,,,,,,,942.8,,2.8,,132,1.6,130.6,0,0,0,0,,,,
RUE,2010,6,6,16,20.5,,,,,,,,943,,4,,67,0.5,66.6,0,0,0,0,,,,
RUE,2010,6,6,17,17.9,,,,,,,,944.1,,3.3,,60,0.6,59.6,0,0,0,0,,,,
RUE,2010,6,6,18,17.7,,,,,,,,944.8,,2.7,,64,1,63.5,0,0,0,0,,,,
RUE,2010,6,6,19,17.1,,,,,,,,945.2,,2.9,,2,0,2,0,0,0,0,,,,
RUE,2010,6,6,20,16.4,,,,,,,,945.8,,1.6,,0,0,0,0,0,0,0,,,,
RUE,2010,6,6,21,15.6,,,,,,,,945.8,,0.8,,0,0,0,0,0,0,0,,,,
RUE,2010,6,6,22,15.6,,,,,,,,945.6,,0.8,,0,0,0,0,0,0,0,,,,
RUE,2010,6,6,23,15.9,,,,,,,,945.4,,1.1,,0,0,0,0,0,0,0,,,,
RUE,2010,6,7,0,15.2,,,,,,,,945.5,,1.2,,0,0,0,0,0,0,0,,,,
RUE,2010,6,7,1,14.6,,,,,,,,945.3,,0.9,,0,0,0,0,0,0,0,,,,
RUE,2010,6,7,2,14.6,,,,,,,,945.1,,1.1,,0,0,0,0,0,0,0,,,,
RUE,2010,6,7,3,14.6,,,,,,,,944.9,,1.7,,0,0,0,0,0,0,0,,,,
RUE,2010,6,7,4,14.1,,,,,,,,945.1,,2.4,,8,0,0,0,0,0,0,,,,
RUE,2010,6,7,5,13.9,,,,,,,,945.5,,1.2,,57,0,0,0,0,0,0,,,,
RUE,2010,6,7,6,14.2,,,,,,,,945.6,,2.6,,109,1604.6,18,0,0,0,0,,,,
RUE,2010,6,7,7,14.7,,,,,,,,945.8,,2.4,,276,1087.6,45.5,0,0,0,0,,,,
RUE,2010,6,7,8,15.1,,,,,,,,945.7,,1.8,,276,342.1,148,0,0,0,0,,,,
RUE,2010,6,7,9,15,,,,,,,,945.5,,2.3,,241,40,219.8,0,0,0,0,,,,
RUE,2010,6,7,10,14.5,,,,,,,,945.4,,2.3,,158,3.8,155.5,0,0,0,0,,,,
RUE,2010,6,7,11,15.1,,,,,,,,945.1,,1.8,,242,6.8,236.6,0,0,0,0,,,,
RUE,2010,6,7,12,15.9,,,,,,,,944.6,,1.9,,366,28.1,341.7,0,0,0,0,,,,
RUE,2010,6,7,13,16.9,,,,,,,,944,,2,,581,198.9,401.1,0,0,0,0,,,,
RUE,2010,6,7,14,18.2,,,,,,,,943.5,,1.8,,694,397.3,335.4,0,0,0,0,,,,
RUE,2010,6,7,15,18.2,,,,,,,,943,,1.5,,373,32,345.5,0,0,0,0,,,,
RUE,2010,6,7,16,18.2,,,,,,,,942.6,,1.3,,268,10.5,259.9,0,0,0,0,,,,
RUE,2010,6,7,17,18.3,,,,,,,,942.4,,1,,217,8.6,211.4,0,0,0,0,,,,
RUE,2010,6,7,18,17.9,,,,,,,,942.3,,0.7,,109,3,107.4,0,0,0,0,,,,
RUE,2010,6,7,19,16.8,,,,,,,,942.3,,0.7,,9,0,9,0,0,0,0,,,,
RUE,2010,6,7,20,15.6,,,,,,,,942.3,,1.6,,0,0,0,0,0,0,0,,,,
RUE,2010,6,7,21,15.3,,,,,,,,942.1,,2,,0,0,0,0,0,0,0,,,,
RUE,2010,6,7,22,14.8,,,,,,,,941.7,,1.1,,0,0,0,0,0,0,0,,,,
RUE,2010,6,7,23,15.4,,,,,,,,941.1,,2.1,,0,0,0,0,0,0,0,,,,
RUE,2010,6,8,0,15,,,,,,,,940.5,,2.2,,0,0,0,0,0,0,0,,,,
RUE,2010,6,8,1,14.4,,,,,,,,940,,1.5,,0,0,0,0,0,0,0,,,,
RUE,2010,6,8,2,14.9,,,,,,,,939.7,,2.1,,0,0,0,0,0,0,0,,,,
RUE,2010,6,8,3,14.8,,,,,,,,939.8,,1.6,,1,0,0,0,0,0,0,,,,
RUE,2010,6,8,4,15.2,,,,,,,,939.8,,1.2,,41,0,0,0,0,0,0,,,,
RUE,2010,6,8,5,16.4,,,,,,,,939.9,,1.2,,164,0,0,0,0,0,0,,,,
RUE,2010,6,8,6,17.9,,,,,,,,939.8,,1.3,,314,4561.1,51.8,0,0,0,0,,,,
RUE,2010,6,8,7,19,,,,,,,,939.6,,1.4,,474,1862.1,78.2,0,0,0,0,,,,
RUE,2010,6,8,8,19.5,,,,,,,,939.5,,3,,659,1468.5,108.7,0,0,0,0,,,,
RUE,2010,6,8,9,20.2,,,,,,,,939.3,,2.7,,696,1094.1,114.8,0,0,0,0,,,,
RUE,2010,6,8,10,21.8,,,,,,,,939.1,,2.4,,901,1121.1,148.7,0,0,0,0,,,,
RUE,2010,6,8,11,22.1,,,,,,,,938.8,,2.5,,730,706.2,175.8,0,0,0,0,,,,
RUE,2010,6,8,12,20.2,,,,,,,,938.8,,3.5,,291,9.4,282.9,0,0,0,0,,,,
RUE,2010,6,8,13,17.9,,,,,,,,939.4,,1.9,,509,111.6,408,0,0,0,0,,,,
RUE,2010,6,8,14,19,,,,,,,,939.2,,1.2,,369,23.5,347.8,0,0,0,0,,,,
RUE,2010,6,8,15,19.2,,,,,,,,938.9,,0.4,,187,3.2,184.2,0,0,0,0,,,,
RUE,2010,6,8,16,18.7,,,,,,,,938.6,,1,,79,0.7,78.5,0,0,0,0,,,,
RUE,2010,6,8,17,18,,,,,,,,938.3,,1.1,,41,0.3,40.8,0,0,0,0,,,,
RUE,2010,6,8,18,18.1,,,,,,,,938.5,,0.8,,39,0.4,38.8,0,0,0,0,,,,
RUE,2010,6,8,19,17.4,,,,,,,,938.7,,0.7,,7,0,7,0,0,0,0,,,,
RUE,2010,6,8,20,16.4,,,,,,,,938.8,,0.5,,0,0,0,0,0,0,0,,,,
RUE,2010,6,8,21,16.4,,,,,,,,938.9,,1.3,,0,0,0,0,0,0,0,,,,
RUE,2010,6,8,22,16.4,,,,,,,,938.6,,1.4,,0,0,0,0,0,0,0,,,,
RUE,2010,6,8,23,16,,,,,,,,938.3,,1,,0,0,0,0,0,0,0,,,,
RUE,2010,6,9,0,16.1,,,,,,,,938.1,,1,,0,0,0,0,0,0,0,,,,
RUE,2010,6,9,1,15.8,,,,,,,,938,,1.2,,0,0,0,0,0,0,0,,,,
RUE,2010,6,9,2,15.6,,,,,,,,937.7,,1.3,,0,0,0,0,0,0,0,,,,
RUE,2010,6,9,3,15.3,,,,,,,,937.2,,1.2,,1,0,0,0,0,0,0,,,,
RUE,2010,6,9,4,15.2,,,,,,,,937.3,,1.2,,37,0,0,0,0,0,0,,,,
RUE,2010,6,9,5,16.1,,,,,,,,937.4,,1.8,,177,0,0,0,0,0,0,,,,
RUE,2010,6,9,6,17.5,,,,,,,,937.3,,3.2,,357,5126.2,58.9,0,0,0,0,,,,
RUE,2010,6,9,7,18.6,,,,,,,,937.4,,2.5,,503,1970.9,83,0,0,0,0,,,,
RUE,2010,6,9,8,20,,,,,,,,937.1,,1.8,,608,1353.3,100.3,0,0,0,0,,,,
RUE,2010,6,9,9,21.3,,,,,,,,936.8,,2.1,,686,1077.6,113.2,0,0,0,0,,,,
RUE,2010,6,9,10,23,,,,,,,,936.6,,1.8,,854,1062,140.9,0,0,0,0,,,,
RUE,2010,6,9,11,23.4,,,,,,,,936.4,,1.4,,724,691.5,181,0,0,0,0,,,,
RUE,2010,6,9,12,24.1,,,,,,,,936,,1.4,,760,608.2,233.9,0,0,0,0,,,,
RUE,2010,6,9,13,24,,,,,,,,935.7,,1.6,,448,61.1,392.7,0,0,0,0,,,,
RUE,2010,6,9,14,24.8,,,,,,,,935.5,,1.3,,651,313.4,367.7,0,0,0,0,,,,
RUE,2010,6,9,15,25,,,,,,,,934.8,,1.6,,501,130.6,388.6,0,0,0,0,,,,
RUE,2010,6,9,16,24.7,,,,,,,,934.1,,1.7,,276,11.8,266.8,0,0,0,0,,,,
RUE,2010,6,9,17,24.3,,,,,,,,933.6,,2.7,,138,3,136,0,0,0,0,,,,
RUE,2010,6,9,18,23.8,,,,,,,,933.9,,2.9,,84,1.8,83.1,0,0,0,0,,,,
RUE,2010,6,9,19,20.6,,,,,,,,934.8,,2.6,,14,0.1,14,0,0,0,0,,,,
RUE,2010,6,9,20,19.3,,,,,,,,935.6,,0.8,,0,0,0,0,0,0,0,,,,
RUE,2010,6,9,21,18.3,,,,,,,,936.2,,0.8,,0,0,0,0,0,0,0,,,,
RUE,2010,6,9,22,17.4,,,,,,,,935.9,,0.4,,0,0,0,0,0,0,0,,,,
RUE,2010,6,9,23,16.8,,,,,,,,935.8,,0.7,,0,0,0,0,0,0,0,,,,
RUE,2010,6,10,0,15.9,,,,,,,,935.6,,0.6,,0,0,0,0,0,0,0,,,,
RUE,2010,6,10,1,15.3,,,,,,,,935.5,,1,,0,0,0,0,0,0,0,,,,
RUE,2010,6,10,2,15,,,,,,,,935.4,,0.8,,0,0,0,0,0,0,0,,,,
RUE,2010,6,10,3,14.9,,,,,,,,935.3,,0.3,,1,0,0,0,0,0,0,,,,
RUE,2010,6,10,4,14.9,,,,,,,,935.2,,0.4,,12,0,0,0,0,0,0,,,,
RUE,2010,6,10,5,15.4,,,,,,,,935.2,,0.6,,107,0,0,0,0,0,0,,,,
RUE,2010,6,10,6,17,,,,,,,,935.4,,0.6,,285,4052.6,47,0,0,0,0,,,,
RUE,2010,6,10,7,18.8,,,,,,,,935.5,,0.8,,522,2040.9,86.1,0,0,0,0,,,,
RUE,2010,6,10,8,20.6,,,,,,,,935.6,,1.6,,645,1434.2,106.4,0,0,0,0,,,,
RUE,2010,6,10,9,22.3,,,,,,,,935.4,,1.9,,647,1015.8,106.8,0,0,0,0,,,,
RUE,2010,6,10,10,24.1,,,,,,,,935.2,,2.1,,681,839.2,117.3,0,0,0,0,,,,
RUE,2010,6,10,11,26.7,,,,,,,,935.1,,2.5,,833,885.5,137.4,0,0,0,0,,,,
RUE,2010,6,10,12,28.5,,,,,,,,934.9,,3.4,,845,786,164.8,0,0,0,0,,,,
RUE,2010,6,10,13,29.1,,,,,,,,934.7,,4.6,,851,723.1,195.8,0,0,0,0,,,,
RUE,2010,6,10,14,29,,,,,,,,934.5,,4.2,,746,503.1,290.9,0,0,0,0,,,,
RUE,2010,6,10,15,28.8,,,,,,,,934,,3.7,,610,294.5,356.4,0,0,0,0,,,,
RUE,2010,6,10,16,28,,,,,,,,933.9,,2,,442,116.5,351.2,0,0,0,0,,,,
RUE,2010,6,10,17,26.8,,,,,,,,934.2,,2.1,,268,22.3,253.2,0,0,0,0,,,,
RUE,2010,6,10,18,25,,,,,,,,934.6,,1.7,,60,0.9,59.5,0,0,0,0,,,,
RUE,2010,6,10,19,22.9,,,,,,,,935.4,,1.4,,5,0,5,0,0,0,0,,,,
RUE,2010,6,10,20,21.7,,,,,,,,936.3,,1.9,,0,0,0,0,0,0,0,,,,
RUE,2010,6,10,21,20.8,,,,,,,,936.7,,1.6,,0,0,0,0,0,0,0,,,,
RUE,2010,6,10,22,19.9,,,,,,,,937.1,,3.8,,0,0,0,0,0,0,0,,,,
RUE,2010,6,10,23,17.7,,,,,,,,937.7,,3.2,,0,0,0,0,0,0,0,,,,
RUE,2010,6,11,0,16.8,,,,,,,,938.3,,2.1,,0,0,0,0,0,0,0,,,,
RUE,2010,6,11,1,16.1,,,,,,,,938.6,,1,,0,0,0,0,0,0,0,,,,
RUE,2010,6,11,2,15.7,,,,,,,,938.8,,0.9,,0,0,0,0,0,0,0,,,,
RUE,2010,6,11,3,15.5,,,,,,,,939.3,,0.8,,1,0,0,0,0,0,0,,,,
RUE,2010,6,11,4,15.5,,,,,,,,939.5,,0.9,,33,0,0,0,0,0,0,,,,
RUE,2010,6,11,5,16,,,,,,,,940.2,,1.3,,96,0,0,0,0,0,0,,,,
RUE,2010,6,11,6,16.8,,,,,,,,940.6,,0.8,,147,2073.6,24.3,0,0,0,0,,,,
RUE,2010,6,11,7,17.5,,,,,,,,940.9,,0.9,,118,102.4,96.1,0,0,0,0,,,,
RUE,2010,6,11,8,18.5,,,,,,,,941.2,,1.2,,309,498.6,121.6,0,0,0,0,,,,
RUE,2010,6,11,9,19.4,,,,,,,,941.2,,3.1,,548,858.1,91.4,0,0,0,0,,,,
RUE,2010,6,11,10,20.3,,,,,,,,941,,2.4,,726,902.2,119.8,0,0,0,0,,,,
RUE,2010,6,11,11,21.1,,,,,,,,941,,2,,805,852.1,135.5,0,0,0,0,,,,
RUE,2010,6,11,12,21.9,,,,,,,,940.8,,2.3,,886,850.8,149.4,0,0,0,0,,,,
RUE,2010,6,11,13,22.5,,,,,,,,940.7,,1.7,,742,491.4,296.5,0,0,0,0,,,,
RUE,2010,6,11,14,22,,,,,,,,940.8,,1.7,,249,5.1,244.3,0,0,0,0,,,,
RUE,2010,6,11,15,22.3,,,,,,,,940.5,,2.5,,398,43.6,360.4,0,0,0,0,,,,
RUE,2010,6,11,16,21.5,,,,,,,,940.8,,3.1,,400,72.9,343.1,0,0,0,0,,,,
RUE,2010,6,11,17,20.6,,,,,,,,940.6,,1.9,,178,4.9,174.8,0,0,0,0,,,,
RUE,2010,6,11,18,19.7,,,,,,,,940.5,,1.6,,60,0.9,59.5,0,0,0,0,,,,
RUE,2010,6,11,19,19,,,,,,,,940.6,,1.2,,8,0,8,0,0,0,0,,,,
RUE,2010,6,11,20,18.7,,,,,,,,941.1,,1.1,,0,0,0,0,0,0,0,,,,
RUE,2010,6,11,21,18.1,,,,,,,,941.3,,2.6,,0,0,0,0,0,0,0,,,,
RUE,2010,6,11,22,17.1,,,,,,,,941.6,,2.5,,0,0,0,0,0,0,0,,,,
RUE,2010,6,11,23,16.6,,,,,,,,941.6,,1.5,,0,0,0,0,0,0,0,,,,
RUE,2010,6,12,0,15.6,,,,,,,,941.6,,2.1,,0,0,0,0,0,0,0,,,,
RUE,2010,6,12,1,15.3,,,,,,,,941.6,,1.5,,0,0,0,0,0,0,0,,,,
RUE,2010,6,12,2,15,,,,,,,,942,,2.9,,0,0,0,0,0,0,0,,,,
RUE,2010,6,12,3,14.5,,,,,,,,942.3,,1.9,,0,0,0,0,0,0,0,,,,
RUE,2010,6,12,4,14.1,,,,,,,,942.4,,1.9,,6,0,0,0,0,0,0,,,,
RUE,2010,6,12,5,14.1,,,,,,,,942.5,,0.8,,16,0,0,0,0,0,0,,,,
RUE,2010,6,12,6,14.5,,,,,,,,942.4,,0.5,,45,294.4,27.5,0,0,0,0,,,,
RUE,2010,6,12,7,15.5,,,,,,,,942.4,,1,,97,39.6,88.5,0,0,0,0,,,,
RUE,2010,6,12,8,16.3,,,,,,,,942.5,,0.5,,149,20.2,141.4,0,0,0,0,,,,
RUE,2010,6,12,9,16.5,,,,,,,,942.7,,0.7,,186,11.1,180.1,0,0,0,0,,,,
RUE,2010,6,12,10,16.8,,,,,,,,943,,0.9,,188,5.3,184.4,0,0,0,0,,,,
RUE,2010,6,12,11,17.4,,,,,,,,942.9,,1.6,,276,11.3,267.1,0,0,0,0,,,,
RUE,2010,6,12,12,18.1,,,,,,,,942.7,,2.5,,353,23.3,332.8,0,0,0,0,,,,
RUE,2010,6,12,13,18.9,,,,,,,,942.6,,1.6,,423,45.9,381.4,0,0,0,0,,,,
RUE,2010,6,12,14,18.4,,,,,,,,942.8,,2.5,,312,10.4,302.6,0,0,0,0,,,,
RUE,2010,6,12,15,18.4,,,,,,,,943,,1.4,,360,26.2,337.4,0,0,0,0,,,,
RUE,2010,6,12,16,19.1,,,,,,,,942.8,,0.7,,329,27.6,307.5,0,0,0,0,,,,
RUE,2010,6,12,17,18.6,,,,,,,,942.8,,0.6,,123,2.3,121.5,0,0,0,0,,,,
RUE,2010,6,12,18,18.4,,,,,,,,943.1,,0.5,,72,1.3,71.3,0,0,0,0,,,,
RUE,2010,6,12,19,17.9,,,,,,,,943.1,,0.8,,17,0.1,16.9,0,0,0,0,,,,
RUE,2010,6,12,20,17.6,,,,,,,,943.6,,0.6,,0,0,0,0,0,0,0,,,,
RUE,2010,6,12,21,17.4,,,,,,,,944,,0.8,,0,0,0,0,0,0,0,,,,
RUE,2010,6,12,22,17.2,,,,,,,,944.1,,0.8,,0,0,0,0,0,0,0,,,,
RUE,2010,6,12,23,17.1,,,,,,,,944,,0.7,,0,0,0,0,0,0,0,,,,
RUE,2010,6,13,0,16.6,,,,,,,,943.6,,0.8,,0,0,0,0,0,0,0,,,,
RUE,2010,6,13,1,15.6,,,,,,,,943.7,,1.1,,0,0,0,0,0,0,0,,,,
RUE,2010,6,13,2,14.7,,,,,,,,943.6,,1.3,,0,0,0,0,0,0,0,,,,
RUE,2010,6,13,3,14.2,,,,,,,,943.6,,1.4,,0,0,0,0,0,0,0,,,,
RUE,2010,6,13,4,14.1,,,,,,,,943.8,,1.3,,10,0,0,0,0,0,0,,,,
RUE,2010,6,13,5,13.7,,,,,,,,944,,1.1,,29,0,0,0,0,0,0,,,,
RUE,2010,6,13,6,13.3,,,,,,,,944,,0.9,,62,813.7,13.3,0,0,0,0,,,,
RUE,2010,6,13,7,13.3,,,,,,,,944,,0.9,,106,61.1,92.9,0,0,0,0,,,,
RUE,2010,6,13,8,13.8,,,,,,,,943.8,,0.8,,179,50.7,159.9,0,0,0,0,,,,
RUE,2010,6,13,9,14.1,,,,,,,,943.9,,1.3,,156,5.9,152.8,0,0,0,0,,,,
RUE,2010,6,13,10,14.2,,,,,,,,944,,1.4,,171,4.4,168,0,0,0,0,,,,
RUE,2010,6,13,11,14.5,,,,,,,,943.5,,1.6,,253,7.9,246.8,0,0,0,0,,,,
RUE,2010,6,13,12,15.4,,,,,,,,943.4,,1.5,,382,34.7,352,0,0,0,0,,,,
RUE,2010,6,13,13,15.7,,,,,,,,943.1,,1.5,,236,4.6,231.8,0,0,0,0,,,,
RUE,2010,6,13,14,14.8,,,,,,,,942.8,,1.7,,72,0.4,71.6,0,0,0,0,,,,
RUE,2010,6,13,15,14.5,,,,,,,,942.8,,1.9,,120,1.3,118.9,0,0,0,0,,,,
RUE,2010,6,13,16,14.4,,,,,,,,942.4,,1.8,,160,2.9,157.8,0,0,0,0,,,,
RUE,2010,6,13,17,14.5,,,,,,,,942.3,,1.2,,78,0.9,77.4,0,0,0,0,,,,
RUE,2010,6,13,18,14.1,,,,,,,,942.4,,1.3,,23,0.1,22.9,0,0,0,0,,,,
RUE,2010,6,13,19,13.8,,,,,,,,942.4,,1.2,,26,0.3,25.9,0,0,0,0,,,,
RUE,2010,6,13,20,13.5,,,,,,,,942.6,,0.7,,0,0,0,0,0,0,0,,,,
RUE,2010,6,13,21,13.4,,,,,,,,942.7,,1.2,,0,0,0,0,0,0,0,,,,
RUE,2010,6,13,22,13,,,,,,,,942.7,,0.6,,0,0,0,0,0,0,0,,,,
RUE,2010,6,13,23,12.9,,,,,,,,942.4,,0.4,,0,0,0,0,0,0,0,,,,
RUE,2010,6,14,0,12.7,,,,,,,,942.1,,0.5,,0,0,0,0,0,0,0,,,,
RUE,2010,6,14,1,12.7,,,,,,,,941.9,,0.6,,0,0,0,0,0,0,0,,,,
RUE,2010,6,14,2,12.8,,,,,,,,941.9,,1.3,,0,0,0,0,0,0,0,,,,
RUE,2010,6,14,3,12.7,,,,,,,,942,,0.8,,0,0,0,0,0,0,0,,,,
RUE,2010,6,14,4,12.8,,,,,,,,942.2,,0.5,,21,0,0,0,0,0,0,,,,
RUE,2010,6,14,5,13.2,,,,,,,,942.3,,0.5,,106,0,0,0,0,0,0,,,,
RUE,2010,6,14,6,14.1,,,,,,,,942.7,,0.7,,219,3045.5,36.1,0,0,0,0,,,,
RUE,2010,6,14,7,15.9,,,,,,,,942.8,,2,,554,2156.8,91.4,0,0,0,0,,,,
RUE,2010,6,14,8,17,,,,,,,,943,,2.1,,692,1536.3,114.2,0,0,0,0,,,,
RUE,2010,6,14,9,16.8,,,,,,,,943.1,,1.4,,350,219.9,232.9,0,0,0,0,,,,
RUE,2010,6,14,10,16.7,,,,,,,,943.4,,1.2,,333,61.8,291.5,0,0,0,0,,,,
RUE,2010,6,14,11,18.6,,,,,,,,943.3,,2.4,,793,833.1,138,0,0,0,0,,,,
RUE,2010,6,14,12,19.3,,,,,,,,943.1,,2.9,,941,906.9,155.3,0,0,0,0,,,,
RUE,2010,6,14,13,16.1,,,,,,,,943.3,,3.5,,297,8.4,289.4,0,0,0,0,,,,
RUE,2010,6,14,14,15.3,,,,,,,,943.6,,0.8,,487,90.8,404.7,0,0,0,0,,,,
RUE,2010,6,14,15,17.4,,,,,,,,943.4,,1.4,,592,259.6,367.7,0,0,0,0,,,,
RUE,2010,6,14,16,18,,,,,,,,943.1,,1.7,,459,135.7,352.9,0,0,0,0,,,,
RUE,2010,6,14,17,17.9,,,,,,,,943.3,,1.4,,212,7.6,207,0,0,0,0,,,,
RUE,2010,6,14,18,16.9,,,,,,,,943.4,,1.7,,65,1,64.5,0,0,0,0,,,,
RUE,2010,6,14,19,16.2,,,,,,,,944.1,,1.5,,9,0,9,0,0,0,0,,,,
RUE,2010,6,14,20,15.6,,,,,,,,944.5,,0.8,,0,0,0,0,0,0,0,,,,
RUE,2010,6,14,21,15.4,,,,,,,,944.6,,0.4,,0,0,0,0,0,0,0,,,,
RUE,2010,6,14,22,15,,,,,,,,944.3,,0.2,,0,0,0,0,0,0,0,,,,
RUE,2010,6,14,23,14.5,,,,,,,,944.4,,0.4,,0,0,0,0,0,0,0,,,,
RUE,2010,6,15,0,14.4,,,,,,,,944,,1.2,,0,0,0,0,0,0,0,,,,
RUE,2010,6,15,1,14,,,,,,,,943.4,,1.2,,0,0,0,0,0,0,0,,,,
RUE,2010,6,15,2,13.9,,,,,,,,943.2,,1.3,,0,0,0,0,0,0,0,,,,
RUE,2010,6,15,3,13.6,,,,,,,,943.1,,1.1,,0,0,0,0,0,0,0,,,,
RUE,2010,6,15,4,13,,,,,,,,943.5,,1,,8,0,0,0,0,0,0,,,,
RUE,2010,6,15,5,13,,,,,,,,943.8,,1.2,,27,0,0,0,0,0,0,,,,
RUE,2010,6,15,6,13,,,,,,,,944.3,,1.2,,55,590.2,19.5,0,0,0,0,,,,
RUE,2010,6,15,7,13,,,,,,,,944.7,,1.2,,67,7.1,65.5,0,0,0,0,,,,
RUE,2010,6,15,8,13,,,,,,,,944.8,,1.2,,60,1.7,59.3,0,0,0,0,,,,
RUE,2010,6,15,9,13.3,,,,,,,,944.8,,1.1,,68,1.1,67.4,0,0,0,0,,,,
RUE,2010,6,15,10,13.4,,,,,,,,944.9,,1.4,,77,0.9,76.4,0,0,0,0,,,,
RUE,2010,6,15,11,13.9,,,,,,,,944.7,,1,,155,2.6,152.9,0,0,0,0,,,,
RUE,2010,6,15,12,14.9,,,,,,,,944.5,,1.4,,211,4,207.5,0,0,0,0,,,,
RUE,2010,6,15,13,16.3,,,,,,,,944.4,,1,,318,11.2,307.8,0,0,0,0,,,,
RUE,2010,6,15,14,17.2,,,,,,,,943.8,,1.1,,195,3.1,192.1,0,0,0,0,,,,
RUE,2010,6,15,15,18.1,,,,,,,,943.7,,2.3,,186,3.1,183.3,0,0,0,0,,,,
RUE,2010,6,15,16,17.6,,,,,,,,943.5,,3.6,,58,0.4,57.7,0,0,0,0,,,,
RUE,2010,6,15,17,17.5,,,,,,,,943.5,,4.3,,90,1.2,89.2,0,0,0,0,,,,
RUE,2010,6,15,18,17.3,,,,,,,,943.4,,3.8,,32,0.3,31.9,0,0,0,0,,,,
RUE,2010,6,15,19,17.2,,,,,,,,943.3,,4.3,,3,0,3,0,0,0,0,,,,
RUE,2010,6,15,20,17,,,,,,,,943.5,,4.9,,0,0,0,0,0,0,0,,,,
RUE,2010,6,15,21,16.6,,,,,,,,943.3,,4.9,,0,0,0,0,0,0,0,,,,
RUE,2010,6,15,22,16.4,,,,,,,,942.9,,5.1,,0,0,0,0,0,0,0,,,,
RUE,2010,6,15,23,16.3,,,,,,,,942.6,,5.3,,0,0,0,0,0,0,0,,,,
RUE,2010,6,16,0,15.8,,,,,,,,942,,5.2,,0,0,0,0,0,0,0,,,,
RUE,2010,6,16,1,15.6,,,,,,,,941.4,,6.3,,0,0,0,0,0,0,0,,,,
RUE,2010,6,16,2,15.5,,,,,,,,941.1,,4.4,,0,0,0,0,0,0,0,,,,
RUE,2010,6,16,3,15.4,,,,,,,,940.9,,5.4,,0,0,0,0,0,0,0,,,,
RUE,2010,6,16,4,15,,,,,,,,940.6,,5,,5,0,0,0,0,0,0,,,,
RUE,2010,6,16,5,14.6,,,,,,,,940.1,,5.3,,30,0,0,0,0,0,0,,,,
RUE,2010,6,16,6,14,,,,,,,,940,,5.5,,39,161.8,29.3,0,0,0,0,,,,
RUE,2010,6,16,7,13.6,,,,,,,,940.3,,6,,45,3,44.4,0,0,0,0,,,,
RUE,2010,6,16,8,13.7,,,,,,,,940.5,,5,,59,1.7,58.4,0,0,0,0,,,,
RUE,2010,6,16,9,13.7,,,,,,,,940.8,,4,,49,0.6,48.7,0,0,0,0,,,,
RUE,2010,6,16,10,13.5,,,,,,,,941.3,,4.9,,76,0.9,75.4,0,0,0,0,,,,
RUE,2010,6,16,11,13.2,,,,,,,,941.8,,4.9,,103,1.2,102.1,0,0,0,0,,,,
RUE,2010,6,16,12,13,,,,,,,,942.2,,4.4,,96,0.8,95.3,0,0,0,0,,,,
RUE,2010,6,16,13,12.8,,,,,,,,942.6,,3.8,,82,0.6,81.5,0,0,0,0,,,,
RUE,2010,6,16,14,12.8,,,,,,,,942.7,,4.5,,82,0.6,81.5,0,0,0,0,,,,
RUE,2010,6,16,15,12.9,,,,,,,,942.9,,3.6,,64,0.4,63.7,0,0,0,0,,,,
RUE,2010,6,16,16,12.8,,,,,,,,943.1,,3.4,,35,0.1,34.9,0,0,0,0,,,,
RUE,2010,6,16,17,12.3,,,,,,,,943.4,,2.7,,14,0,14,0,0,0,0,,,,
RUE,2010,6,16,18,12.1,,,,,,,,943.6,,2.4,,6,0,6,0,0,0,0,,,,
RUE,2010,6,16,19,11.9,,,,,,,,943.6,,2.1,,1,0,1,0,0,0,0,,,,
RUE,2010,6,16,20,11.9,,,,,,,,944,,2.4,,0,0,0,0,0,0,0,,,,
RUE,2010,6,16,21,11.9,,,,,,,,943.6,,2.5,,0,0,0,0,0,0,0,,,,
RUE,2010,6,16,22,11.9,,,,,,,,943.5,,2.5,,0,0,0,0,0,0,0,,,,
RUE,2010,6,16,23,11.9,,,,,,,,943.2,,2.6,,0,0,0,0,0,0,0,,,,
RUE,2010,6,17,0,11.9,,,,,,,,942.8,,2.4,,0,0,0,0,0,0,0,,,,
RUE,2010,6,17,1,11.9,,,,,,,,942.2,,2.2,,0,0,0,0,0,0,0,,,,
RUE,2010,6,17,2,11.9,,,,,,,,941.8,,2.3,,0,0,0,0,0,0,0,,,,
RUE,2010,6,17,3,11.9,,,,,,,,941.7,,2.5,,0,0,0,0,0,0,0,,,,
RUE,2010,6,17,4,11.9,,,,,,,,942,,1.8,,6,0,0,0,0,0,0,,,,
RUE,2010,6,17,5,12,,,,,,,,942.3,,1.3,,21,0,0,0,0,0,0,,,,
RUE,2010,6,17,6,12.4,,,,,,,,942.7,,0.4,,85,1181.9,14,0,0,0,0,,,,
RUE,2010,6,17,7,13,,,,,,,,942.5,,1.3,,205,755.3,43.2,0,0,0,0,,,,
RUE,2010,6,17,8,14.1,,,,,,,,942.8,,1,,330,609.6,101,0,0,0,0,,,,
RUE,2010,6,17,9,15.3,,,,,,,,942.7,,1.7,,523,797.7,98.7,0,0,0,0,,,,
RUE,2010,6,17,10,15.4,,,,,,,,942.6,,2.5,,372,104.6,301.7,0,0,0,0,,,,
RUE,2010,6,17,11,16.1,,,,,,,,942.8,,2,,448,119.3,354.2,0,0,0,0,,,,
RUE,2010,6,17,12,16.5,,,,,,,,942.6,,2.6,,492,117.2,390.4,0,0,0,0,,,,
RUE,2010,6,17,13,16.4,,,,,,,,942.4,,2.4,,313,10.4,303.5,0,0,0,0,,,,
RUE,2010,6,17,14,16.7,,,,,,,,942.5,,2.3,,345,16.5,330,0,0,0,0,,,,
RUE,2010,6,17,15,16.5,,,,,,,,942.3,,2.2,,212,4.1,208.5,0,0,0,0,,,,
RUE,2010,6,17,16,15.9,,,,,,,,942.2,,3.1,,137,2.1,135.4,0,0,0,0,,,,
RUE,2010,6,17,17,15.1,,,,,,,,942.5,,2.9,,42,0.3,41.8,0,0,0,0,,,,
RUE,2010,6,17,18,14.1,,,,,,,,942.9,,1.3,,3,0,3,0,0,0,0,,,,
RUE,2010,6,17,19,13.5,,,,,,,,943.2,,1.6,,0,0,0,0,0,0,0,,,,
RUE,2010,6,17,20,12.8,,,,,,,,943.7,,1.7,,0,0,0,0,0,0,0,,,,
RUE,2010,6,17,21,12.6,,,,,,,,943.8,,2,,0,0,0,0,0,0,0,,,,
RUE,2010,6,17,22,12.3,,,,,,,,943.7,,1.8,,0,0,0,0,0,0,0,,,,
RUE,2010,6,17,23,11.9,,,,,,,,943.4,,1.9,,0,0,0,0,0,0,0,,,,
RUE,2010,6,18,0,11.9,,,,,,,,943,,1.5,,0,0,0,0,0,0,0,,,,
RUE,2010,6,18,1,11.8,,,,,,,,942.8,,2,,0,0,0,0,0,0,0,,,,
RUE,2010,6,18,2,11.9,,,,,,,,942.7,,1.6,,0,0,0,0,0,0,0,,,,
RUE,2010,6,18,3,12,,,,,,,,942.6,,1.5,,0,0,0,0,0,0,0,,,,
RUE,2010,6,18,4,12,,,,,,,,942.3,,1.8,,5,0,0,0,0,0,0,,,,
RUE,2010,6,18,5,12.1,,,,,,,,942.3,,1.4,,17,0,0,0,0,0,0,,,,
RUE,2010,6,18,6,12.2,,,,,,,,942.6,,1.9,,37,128.9,29.3,0,0,0,0,,,,
RUE,2010,6,18,7,12.7,,,,,,,,942.7,,2.1,,93,32.4,86.1,0,0,0,0,,,,
RUE,2010,6,18,8,12.9,,,,,,,,942.7,,2.5,,74,2.6,73,0,0,0,0,,,,
RUE,2010,6,18,9,13,,,,,,,,942.9,,2.2,,127,3.9,124.9,0,0,0,0,,,,
RUE,2010,6,18,10,13.1,,,,,,,,942.9,,2.9,,142,3,140,0,0,0,0,,,,
RUE,2010,6,18,11,12.9,,,,,,,,943,,2.7,,76,0.6,75.5,0,0,0,0,,,,
RUE,2010,6,18,12,13.1,,,,,,,,942.9,,1.9,,128,1.5,126.7,0,0,0,0,,,,
RUE,2010,6,18,13,13.7,,,,,,,,942.8,,1.8,,249,5.1,244.4,0,0,0,0,,,,
RUE,2010,6,18,14,13.8,,,,,,,,942.7,,2.1,,122,1.2,120.9,0,0,0,0,,,,
RUE,2010,6,18,15,14.1,,,,,,,,942.5,,2,,247,5.5,242.2,0,0,0,0,,,,
RUE,2010,6,18,16,14.7,,,,,,,,942.2,,1.7,,262,9.1,254.8,0,0,0,0,,,,
RUE,2010,6,18,17,15.1,,,,,,,,941.9,,1.5,,272,22.9,256.6,0,0,0,0,,,,
RUE,2010,6,18,18,13.8,,,,,,,,941.6,,1.6,,66,1.1,65.4,0,0,0,0,,,,
RUE,2010,6,18,19,12.8,,,,,,,,941.4,,1.1,,13,0.1,13,0,0,0,0,,,,
RUE,2010,6,18,20,12.4,,,,,,,,941.3,,0.9,,0,0,0,0,0,0,0,,,,
RUE,2010,6,18,21,11.4,,,,,,,,941.1,,0.9,,0,0,0,0,0,0,0,,,,
RUE,2010,6,18,22,11.5,,,,,,,,940.8,,0.9,,0,0,0,0,0,0,0,,,,
RUE,2010,6,18,23,11.7,,,,,,,,940.2,,0.8,,0,0,0,0,0,0,0,,,,
RUE,2010,6,19,0,12.3,,,,,,,,939.6,,0.7,,0,0,0,0,0,0,0,,,,
RUE,2010,6,19,1,12.1,,,,,,,,939.2,,1.4,,0,0,0,0,0,0,0,,,,
RUE,2010,6,19,2,11.8,,,,,,,,938.6,,2,,0,0,0,0,0,0,0,,,,
RUE,2010,6,19,3,11,,,,,,,,938.1,,1.8,,0,0,0,0,0,0,0,,,,
RUE,2010,6,19,4,10.6,,,,,,,,937.9,,1.3,,2,0,0,0,0,0,0,,,,
RUE,2010,6,19,5,10.5,,,,,,,,937.7,,1.6,,11,0,0,0,0,0,0,,,,
RUE,2010,6,19,6,10.5,,,,,,,,937.4,,2.5,,57,662.1,17.5,0,0,0,0,,,,
RUE,2010,6,19,7,10.7,,,,,,,,937.5,,2.3,,116,95.8,95.5,0,0,0,0,,,,
RUE,2010,6,19,8,10.8,,,,,,,,937.5,,2,,141,15.6,135.1,0,0,0,0,,,,
RUE,2010,6,19,9,11.4,,,,,,,,937.4,,1.6,,223,27.2,208.6,0,0,0,0,,,,
RUE,2010,6,19,10,11.2,,,,,,,,937.3,,1.9,,180,4.9,176.7,0,0,0,0,,,,
RUE,2010,6,19,11,9.7,,,,,,,,937.9,,3.7,,176,3.4,173.3,0,0,0,0,,,,
RUE,2010,6,19,12,9.9,,,,,,,,937.9,,3.5,,405,46.6,364.6,0,0,0,0,,,,
RUE,2010,6,19,13,9.8,,,,,,,,937.9,,2.7,,220,4,216.4,0,0,0,0,,,,
RUE,2010,6,19,14,10.1,,,,,,,,937.8,,2.5,,242,4.8,237.6,0,0,0,0,,,,
RUE,2010,6,19,15,10.6,,,,,,,,937.6,,1.6,,269,7,262.9,0,0,0,0,,,,
RUE,2010,6,19,16,11,,,,,,,,937.5,,0.7,,259,8.7,252.2,0,0,0,0,,,,
RUE,2010,6,19,17,10.6,,,,,,,,937.3,,1,,93,1.3,92.1,0,0,0,0,,,,
RUE,2010,6,19,18,10.2,,,,,,,,937.4,,1.7,,58,0.8,57.6,0,0,0,0,,,,
RUE,2010,6,19,19,9.4,,,,,,,,937.6,,2.1,,1,0,1,0,0,0,0,,,,
RUE,2010,6,19,20,7.7,,,,,,,,937.9,,1.8,,0,0,0,0,0,0,0,,,,
RUE,2010,6,19,21,7.4,,,,,,,,938.2,,1.1,,0,0,0,0,0,0,0,,,,
RUE,2010,6,19,22,6.8,,,,,,,,938.3,,0.5,,0,0,0,0,0,0,0,,,,
RUE,2010,6,19,23,6.7,,,,,,,,938,,0.5,,0,0,0,0,0,0,0,,,,
RUE,2010,6,20,0,6.9,,,,,,,,937.9,,0.8,,0,0,0,0,0,0,0,,,,
RUE,2010,6,20,1,6.6,,,,,,,,937.9,,0.9,,0,0,0,0,0,0,0,,,,
RUE,2010,6,20,2,7.3,,,,,,,,937.9,,0.7,,0,0,0,0,0,0,0,,,,
RUE,2010,6,20,3,7.3,,,,,,,,937.8,,0.8,,0,0,0,0,0,0,0,,,,
RUE,2010,6,20,4,7.2,,,,,,,,938.1,,1,,15,0,0,0,0,0,0,,,,
RUE,2010,6,20,5,7.2,,,,,,,,938.6,,1.1,,78,0,0,0,0,0,0,,,,
RUE,2010,6,20,6,7.6,,,,,,,,939.1,,1.4,,127,1790.1,21,0,0,0,0,,,,
RUE,2010,6,20,7,8.7,,,,,,,,939.3,,1.4,,303,1186.8,50,0,0,0,0,,,,
RUE,2010,6,20,8,9.6,,,,,,,,939.6,,2.4,,446,994.2,73.6,0,0,0,0,,,,
RUE,2010,6,20,9,10.1,,,,,,,,940,,2.7,,338,193.3,235.4,0,0,0,0,,,,
RUE,2010,6,20,10,10.7,,,,,,,,940.3,,2.5,,385,123.2,302.4,0,0,0,0,,,,
RUE,2010,6,20,11,11.7,,,,,,,,940.4,,2.8,,546,275.4,329.7,0,0,0,0,,,,
RUE,2010,6,20,12,10.6,,,,,,,,940.6,,3.3,,218,4.3,214.3,0,0,0,0,,,,
RUE,2010,6,20,13,10.3,,,,,,,,941,,1.2,,115,1.1,114,0,0,0,0,,,,
RUE,2010,6,20,14,9.6,,,,,,,,941.6,,1,,42,0.1,41.9,0,0,0,0,,,,
RUE,2010,6,20,15,9.6,,,,,,,,942,,1.1,,99,0.9,98.2,0,0,0,0,,,,
RUE,2010,6,20,16,9.3,,,,,,,,942.4,,0.5,,30,0.1,29.9,0,0,0,0,,,,
RUE,2010,6,20,17,9.3,,,,,,,,942.8,,0.6,,37,0.2,36.9,0,0,0,0,,,,
RUE,2010,6,20,18,9.3,,,,,,,,943.3,,0.6,,21,0.1,20.9,0,0,0,0,,,,
RUE,2010,6,20,19,9.1,,,,,,,,943.9,,0.8,,3,0,3,0,0,0,0,,,,
RUE,2010,6,20,20,9,,,,,,,,944.6,,0.9,,0,0,0,0,0,0,0,,,,
RUE,2010,6,20,21,8.8,,,,,,,,944.9,,0.6,,0,0,0,0,0,0,0,,,,
RUE,2010,6,20,22,8.6,,,,,,,,945.1,,0.4,,0,0,0,0,0,0,0,,,,
RUE,2010,6,20,23,8.7,,,,,,,,945.2,,0.3,,0,0,0,0,0,0,0,,,,
RUE,2010,6,21,0,8.5,,,,,,,,945.1,,0.6,,0,0,0,0,0,0,0,,,,
RUE,2010,6,21,1,8.4,,,,,,,,945.1,,0.9,,0,0,0,0,0,0,0,,,,
RUE,2010,6,21,2,8.4,,,,,,,,945.2,,1,,0,0,0,0,0,0,0,,,,
RUE,2010,6,21,3,8.3,,,,,,,,945.4,,0.8,,1,0,0,0,0,0,0,,,,
RUE,2010,6,21,4,8.3,,,,,,,,945.7,,0.4,,15,0,0,0,0,0,0,,,,
RUE,2010,6,21,5,8.4,,,,,,,,946.1,,0.6,,59,0,0,0,0,0,0,,,,
RUE,2010,6,21,6,9,,,,,,,,946.3,,1,,234,3323.4,38.6,0,0,0,0,,,,
RUE,2010,6,21,7,10.4,,,,,,,,946.6,,1.1,,341,1338.9,56.3,0,0,0,0,,,,
RUE,2010,6,21,8,10.7,,,,,,,,946.6,,1.8,,347,704.1,83.6,0,0,0,0,,,,
RUE,2010,6,21,9,11,,,,,,,,946.6,,1.9,,219,25,205.7,0,0,0,0,,,,
RUE,2010,6,21,10,11.3,,,,,,,,946.8,,1.9,,225,9.3,218.7,0,0,0,0,,,,
RUE,2010,6,21,11,12,,,,,,,,947.1,,1,,262,9.1,254.8,0,0,0,0,,,,
RUE,2010,6,21,12,12.7,,,,,,,,946.9,,1.4,,463,89.1,385.8,0,0,0,0,,,,
RUE,2010,6,21,13,13.6,,,,,,,,946.8,,1.6,,422,45.3,380.9,0,0,0,0,,,,
RUE,2010,6,21,14,13.1,,,,,,,,947.1,,2.5,,327,12.7,315.4,0,0,0,0,,,,
RUE,2010,6,21,15,13,,,,,,,,947.4,,1.7,,311,12.5,300.1,0,0,0,0,,,,
RUE,2010,6,21,16,13.7,,,,,,,,947.6,,1,,313,20.8,296.6,0,0,0,0,,,,
RUE,2010,6,21,17,13,,,,,,,,947.9,,0.6,,108,1.8,106.8,0,0,0,0,,,,
RUE,2010,6,21,18,12.3,,,,,,,,948.3,,0.7,,38,0.3,37.8,0,0,0,0,,,,
RUE,2010,6,21,19,11.5,,,,,,,,948.6,,0.8,,8,0,8,0,0,0,0,,,,
RUE,2010,6,21,20,11.1,,,,,,,,949,,0.8,,0,0,0,0,0,0,0,,,,
RUE,2010,6,21,21,10.7,,,,,,,,949.2,,0.3,,0,0,0,0,0,0,0,,,,
RUE,2010,6,21,22,9.9,,,,,,,,949.3,,0.3,,0,0,0,0,0,0,0,,,,
RUE,2010,6,21,23,9.8,,,,,,,,949.4,,0.6,,0,0,0,0,0,0,0,,,,
RUE,2010,6,22,0,9.2,,,,,,,,949.3,,0.7,,0,0,0,0,0,0,0,,,,
RUE,2010,6,22,1,8.9,,,,,,,,949.2,,0.4,,0,0,0,0,0,0,0,,,,
RUE,2010,6,22,2,8.3,,,,,,,,949.1,,0.6,,0,0,0,0,0,0,0,,,,
RUE,2010,6,22,3,8.2,,,,,,,,949.4,,0.6,,1,0,0,0,0,0,0,,,,
RUE,2010,6,22,4,8.1,,,,,,,,949.6,,0.3,,38,0,0,0,0,0,0,,,,
RUE,2010,6,22,5,8.3,,,,,,,,950,,0.4,,119,0,0,0,0,0,0,,,,
RUE,2010,6,22,6,9.9,,,,,,,,950.3,,0.7,,353,5059.5,58.2,0,0,0,0,,,,
RUE,2010,6,22,7,11.6,,,,,,,,950.3,,0.9,,530,2086.8,87.5,0,0,0,0,,,,
RUE,2010,6,22,8,12.8,,,,,,,,950.2,,1.8,,501,1120.2,82.7,0,0,0,0,,,,
RUE,2010,6,22,9,13.9,,,,,,,,950.2,,2.1,,595,937.9,98.2,0,0,0,0,,,,
RUE,2010,6,22,10,14,,,,,,,,950.3,,2.5,,601,646.5,167.8,0,0,0,0,,,,
RUE,2010,6,22,11,13,,,,,,,,950.5,,2.5,,142,2.2,140.2,0,0,0,0,,,,
RUE,2010,6,22,12,14,,,,,,,,950.4,,1.5,,486,111.6,389.4,0,0,0,0,,,,
RUE,2010,6,22,13,15.5,,,,,,,,950.4,,1.9,,496,98.5,406.5,0,0,0,0,,,,
RUE,2010,6,22,14,15.2,,,,,,,,950.5,,2.3,,354,18.7,337,0,0,0,0,,,,
RUE,2010,6,22,15,16.2,,,,,,,,950.5,,2.7,,547,186.2,385.6,0,0,0,0,,,,
RUE,2010,6,22,16,16.1,,,,,,,,950.6,,2.9,,387,60.2,339.7,0,0,0,0,,,,
RUE,2010,6,22,17,15.7,,,,,,,,950.7,,2.3,,256,16.7,244.8,0,0,0,0,,,,
RUE,2010,6,22,18,14.4,,,,,,,,950.9,,2.1,,72,1.2,71.3,0,0,0,0,,,,
RUE,2010,6,22,19,12.9,,,,,,,,951,,2.2,,13,0.1,13,0,0,0,0,,,,
RUE,2010,6,22,20,12.6,,,,,,,,951.2,,1.5,,0,0,0,0,0,0,0,,,,
RUE,2010,6,22,21,11.5,,,,,,,,951.2,,2.4,,0,0,0,0,0,0,0,,,,
RUE,2010,6,22,22,10.9,,,,,,,,951,,2.1,,0,0,0,0,0,0,0,,,,
RUE,2010,6,22,23,10.5,,,,,,,,950.8,,1.8,,0,0,0,0,0,0,0,,,,
RUE,2010,6,23,0,10.4,,,,,,,,950.5,,1.1,,0,0,0,0,0,0,0,,,,
RUE,2010,6,23,1,10.3,,,,,,,,950.2,,1.3,,0,0,0,0,0,0,0,,,,
RUE,2010,6,23,2,10.2,,,,,,,,950,,1.3,,0,0,0,0,0,0,0,,,,
RUE,2010,6,23,3,9.7,,,,,,,,950,,1.1,,1,0,0,0,0,0,0,,,,
RUE,2010,6,23,4,9.7,,,,,,,,950.1,,1.4,,46,0,0,0,0,0,0,,,,
RUE,2010,6,23,5,11.3,,,,,,,,950.2,,1.2,,187,0,0,0,0,0,0,,,,
RUE,2010,6,23,6,12.5,,,,,,,,950.1,,2.3,,363,5259,59.9,0,0,0,0,,,,
RUE,2010,6,23,7,13.6,,,,,,,,950.1,,2.9,,517,2042.2,85.3,0,0,0,0,,,,
RUE,2010,6,23,8,15,,,,,,,,949.9,,4.6,,660,1478.3,108.9,0,0,0,0,,,,
RUE,2010,6,23,9,16.6,,,,,,,,949.8,,5,,815,1286.2,134.5,0,0,0,0,,,,
RUE,2010,6,23,10,18.1,,,,,,,,949.6,,4.7,,955,1191.1,157.6,0,0,0,0,,,,
RUE,2010,6,23,11,18.4,,,,,,,,949.6,,4.5,,651,516,246.3,0,0,0,0,,,,
RUE,2010,6,23,12,19.4,,,,,,,,949.4,,4.4,,909,877.2,149.7,0,0,0,0,,,,
RUE,2010,6,23,13,19.9,,,,,,,,949.3,,4.4,,865,748.7,185.2,0,0,0,0,,,,
RUE,2010,6,23,14,20.2,,,,,,,,949.2,,3.4,,722,448.1,314.9,0,0,0,0,,,,
RUE,2010,6,23,15,20.4,,,,,,,,949,,3.1,,668,403,318.6,0,0,0,0,,,,
RUE,2010,6,23,16,20.1,,,,,,,,948.7,,3.2,,477,157.4,353.2,0,0,0,0,,,,
RUE,2010,6,23,17,19.4,,,,,,,,948.6,,3.2,,278,25.2,261.1,0,0,0,0,,,,
RUE,2010,6,23,18,18.3,,,,,,,,948.7,,2,,89,1.9,88,0,0,0,0,,,,
RUE,2010,6,23,19,16.9,,,,,,,,948.8,,1.2,,13,0.1,13,0,0,0,0,,,,
RUE,2010,6,23,20,15.7,,,,,,,,949,,1.3,,0,0,0,0,0,0,0,,,,
RUE,2010,6,23,21,14.8,,,,,,,,949,,1.7,,0,0,0,0,0,0,0,,,,
RUE,2010,6,23,22,14.4,,,,,,,,949.1,,1.9,,0,0,0,0,0,0,0,,,,
RUE,2010,6,23,23,13.4,,,,,,,,948.9,,1.9,,0,0,0,0,0,0,0,,,,
RUE,2010,6,24,0,12.8,,,,,,,,948.6,,2.3,,0,0,0,0,0,0,0,,,,
RUE,2010,6,24,1,12.3,,,,,,,,948.3,,2.2,,0,0,0,0,0,0,0,,,,
RUE,2010,6,24,2,12.4,,,,,,,,947.9,,1.8,,0,0,0,0,0,0,0,,,,
RUE,2010,6,24,3,11.7,,,,,,,,948,,1.1,,1,0,0,0,0,0,0,,,,
RUE,2010,6,24,4,11.6,,,,,,,,948.1,,0.8,,45,0,0,0,0,0,0,,,,
RUE,2010,6,24,5,12.6,,,,,,,,948.2,,0.9,,187,0,0,0,0,0,0,,,,
RUE,2010,6,24,6,14.6,,,,,,,,948.4,,2.4,,361,5295,59.6,0,0,0,0,,,,
RUE,2010,6,24,7,16,,,,,,,,948.5,,2.8,,526,2085.2,86.8,0,0,0,0,,,,
RUE,2010,6,24,8,17.3,,,,,,,,948.4,,2.5,,678,1521.7,111.9,0,0,0,0,,,,
RUE,2010,6,24,9,18.4,,,,,,,,948.2,,3,,801,1265.7,132.2,0,0,0,0,,,,
RUE,2010,6,24,10,19.5,,,,,,,,948.1,,3.3,,896,1118.5,147.8,0,0,0,0,,,,
RUE,2010,6,24,11,20.4,,,,,,,,947.9,,2.9,,946,1007.8,156.1,0,0,0,0,,,,
RUE,2010,6,24,12,20.8,,,,,,,,947.6,,2.5,,932,899.4,153.8,0,0,0,0,,,,
RUE,2010,6,24,13,21.4,,,,,,,,947.4,,2.4,,877,771.3,176.9,0,0,0,0,,,,
RUE,2010,6,24,14,21.5,,,,,,,,947.3,,1.9,,733,471.3,304.8,0,0,0,0,,,,
RUE,2010,6,24,15,21.8,,,,,,,,947.1,,2.2,,656,378,328.3,0,0,0,0,,,,
RUE,2010,6,24,16,21.6,,,,,,,,946.9,,1.9,,476,155.8,353.4,0,0,0,0,,,,
RUE,2010,6,24,17,21.1,,,,,,,,946.8,,1.7,,274,23.4,258.3,0,0,0,0,,,,
RUE,2010,6,24,18,20.1,,,,,,,,946.9,,1.3,,121,3.5,119.1,0,0,0,0,,,,
RUE,2010,6,24,19,19.6,,,,,,,,947,,0.7,,20,0.2,19.9,0,0,0,0,,,,
RUE,2010,6,24,20,18.2,,,,,,,,947.3,,1.1,,0,0,0,0,0,0,0,,,,
RUE,2010,6,24,21,18.3,,,,,,,,947.4,,0.8,,0,0,0,0,0,0,0,,,,
RUE,2010,6,24,22,17.5,,,,,,,,947.2,,1,,0,0,0,0,0,0,0,,,,
RUE,2010,6,24,23,16.8,,,,,,,,947,,0.6,,0,0,0,0,0,0,0,,,,
RUE,2010,6,25,0,16.1,,,,,,,,946.8,,0.8,,0,0,0,0,0,0,0,,,,
RUE,2010,6,25,1,15.5,,,,,,,,946.5,,0.9,,0,0,0,0,0,0,0,,,,
RUE,2010,6,25,2,15.1,,,,,,,,946.2,,1,,0,0,0,0,0,0,0,,,,
RUE,2010,6,25,3,14.9,,,,,,,,946,,1.2,,1,0,0,0,0,0,0,,,,
RUE,2010,6,25,4,14.5,,,,,,,,945.9,,1.7,,44,0,0,0,0,0,0,,,,
RUE,2010,6,25,5,14.8,,,,,,,,946,,1.7,,180,0,0,0,0,0,0,,,,
RUE,2010,6,25,6,16.4,,,,,,,,946,,1.7,,355,5280.4,58.6,0,0,0,0,,,,
RUE,2010,6,25,7,18.6,,,,,,,,946.2,,2.6,,541,2153.3,89.3,0,0,0,0,,,,
RUE,2010,6,25,8,19.8,,,,,,,,946.2,,2.6,,606,1363.1,100,0,0,0,0,,,,
RUE,2010,6,25,9,21,,,,,,,,946.2,,2.7,,816,1291.3,134.6,0,0,0,0,,,,
RUE,2010,6,25,10,21.2,,,,,,,,946,,2.5,,792,989.7,130.7,0,0,0,0,,,,
RUE,2010,6,25,11,21.6,,,,,,,,945.8,,2.1,,889,947.8,146.7,0,0,0,0,,,,
RUE,2010,6,25,12,22.3,,,,,,,,945.6,,1.4,,926,894,152.8,0,0,0,0,,,,
RUE,2010,6,25,13,23.2,,,,,,,,945.3,,2,,869,757.2,181.9,0,0,0,0,,,,
RUE,2010,6,25,14,23.4,,,,,,,,944.9,,1.6,,705,413.6,329.3,0,0,0,0,,,,
RUE,2010,6,25,15,23.6,,,,,,,,944.7,,1.5,,565,213,380.3,0,0,0,0,,,,
RUE,2010,6,25,16,23.4,,,,,,,,944.4,,1.7,,478,158.6,353.2,0,0,0,0,,,,
RUE,2010,6,25,17,22.8,,,,,,,,944.3,,1.8,,287,29.5,267.1,0,0,0,0,,,,
RUE,2010,6,25,18,21.9,,,,,,,,944.4,,2,,117,3.3,115.3,0,0,0,0,,,,
RUE,2010,6,25,19,20.8,,,,,,,,944.6,,1.3,,16,0.1,16,0,0,0,0,,,,
RUE,2010,6,25,20,19.7,,,,,,,,945.1,,0.9,,0,0,0,0,0,0,0,,,,
RUE,2010,6,25,21,19.6,,,,,,,,945.1,,0.9,,0,0,0,0,0,0,0,,,,
RUE,2010,6,25,22,18.2,,,,,,,,945.1,,0.9,,0,0,0,0,0,0,0,,,,
RUE,2010,6,25,23,17.7,,,,,,,,944.9,,0.8,,0,0,0,0,0,0,0,,,,
RUE,2010,6,26,0,17.1,,,,,,,,944.9,,0.3,,0,0,0,0,0,0,0,,,,
RUE,2010,6,26,1,16.3,,,,,,,,944.7,,0.7,,0,0,0,0,0,0,0,,,,
RUE,2010,6,26,2,15.7,,,,,,,,944.7,,0.5,,0,0,0,0,0,0,0,,,,
RUE,2010,6,26,3,15.5,,,,,,,,944.8,,0.4,,1,0,0,0,0,0,0,,,,
RUE,2010,6,26,4,15.7,,,,,,,,945.1,,0.2,,41,0,0,0,0,0,0,,,,
RUE,2010,6,26,5,16.1,,,,,,,,945.3,,0.3,,173,0,0,0,0,0,0,,,,
RUE,2010,6,26,6,17.9,,,,,,,,945.6,,1.4,,338,5107.2,55.8,0,0,0,0,,,,
RUE,2010,6,26,7,19.3,,,,,,,,945.5,,1.8,,501,2002.9,82.7,0,0,0,0,,,,
RUE,2010,6,26,8,20.5,,,,,,,,945.3,,1.6,,656,1479.2,108.2,0,0,0,0,,,,
RUE,2010,6,26,9,22.2,,,,,,,,945.2,,1.8,,769,1218.8,126.9,0,0,0,0,,,,
RUE,2010,6,26,10,23.3,,,,,,,,945.3,,2.5,,859,1074.6,141.7,0,0,0,0,,,,
RUE,2010,6,26,11,24.1,,,,,,,,945.3,,3.3,,928,990.1,153.1,0,0,0,0,,,,
RUE,2010,6,26,12,25,,,,,,,,945,,2.7,,926,894.5,152.8,0,0,0,0,,,,
RUE,2010,6,26,13,25.3,,,,,,,,944.9,,2.2,,860,740.8,187.9,0,0,0,0,,,,
RUE,2010,6,26,14,25.6,,,,,,,,944.8,,1.8,,765,540.3,274.3,0,0,0,0,,,,
RUE,2010,6,26,15,25.6,,,,,,,,944.6,,2.1,,621,309.2,352.9,0,0,0,0,,,,
RUE,2010,6,26,16,24.7,,,,,,,,944.5,,3.4,,454,126.5,354.5,0,0,0,0,,,,
RUE,2010,6,26,17,23.2,,,,,,,,944.7,,3.1,,261,18.3,248.7,0,0,0,0,,,,
RUE,2010,6,26,18,22.5,,,,,,,,944.9,,0.7,,103,2.5,101.6,0,0,0,0,,,,
RUE,2010,6,26,19,21.3,,,,,,,,945.3,,0.9,,17,0.1,16.9,0,0,0,0,,,,
RUE,2010,6,26,20,20.2,,,,,,,,945.8,,0.8,,0,0,0,0,0,0,0,,,,
RUE,2010,6,26,21,19.9,,,,,,,,946.2,,0.4,,0,0,0,0,0,0,0,,,,
RUE,2010,6,26,22,19.4,,,,,,,,946.5,,0.5,,0,0,0,0,0,0,0,,,,
RUE,2010,6,26,23,18,,,,,,,,946.4,,1.8,,0,0,0,0,0,0,0,,,,
RUE,2010,6,27,0,17.7,,,,,,,,946.4,,1.2,,0,0,0,0,0,0,0,,,,
RUE,2010,6,27,1,17.3,,,,,,,,946.5,,0.9,,0,0,0,0,0,0,0,,,,
RUE,2010,6,27,2,16.5,,,,,,,,946.4,,0.5,,0,0,0,0,0,0,0,,,,
RUE,2010,6,27,3,16.7,,,,,,,,946.6,,0.3,,1,0,0,0,0,0,0,,,,
RUE,2010,6,27,4,16.1,,,,,,,,946.9,,0.6,,39,0,0,0,0,0,0,,,,
RUE,2010,6,27,5,17.1,,,,,,,,947.1,,0.6,,159,0,0,0,0,0,0,,,,
RUE,2010,6,27,6,18.4,,,,,,,,947.4,,1.4,,334,5135.7,55.1,0,0,0,0,,,,
RUE,2010,6,27,7,19.7,,,,,,,,947.5,,2.4,,500,2008.5,82.5,0,0,0,0,,,,
RUE,2010,6,27,8,21.1,,,,,,,,947.4,,2.3,,656,1483,108.2,0,0,0,0,,,,
RUE,2010,6,27,9,22.4,,,,,,,,947.6,,2,,778,1235.2,128.4,0,0,0,0,,,,
RUE,2010,6,27,10,24.1,,,,,,,,947.7,,2.4,,875,1095.9,144.4,0,0,0,0,,,,
RUE,2010,6,27,11,25,,,,,,,,947.7,,2.7,,922,984.5,152.1,0,0,0,0,,,,
RUE,2010,6,27,12,25.6,,,,,,,,947.6,,3.1,,923,892.1,152.3,0,0,0,0,,,,
RUE,2010,6,27,13,26.4,,,,,,,,947.4,,2.2,,866,752.9,183.3,0,0,0,0,,,,
RUE,2010,6,27,14,26.5,,,,,,,,947.3,,2,,755,519.3,283.5,0,0,0,0,,,,
RUE,2010,6,27,15,26.5,,,,,,,,947.2,,1.9,,621,309.4,352.8,0,0,0,0,,,,
RUE,2010,6,27,16,26.1,,,,,,,,946.9,,2,,457,130.3,354.5,0,0,0,0,,,,
RUE,2010,6,27,17,25.6,,,,,,,,946.8,,2.1,,284,28,265.2,0,0,0,0,,,,
RUE,2010,6,27,18,24.3,,,,,,,,947.1,,1.9,,121,3.5,119.1,0,0,0,0,,,,
RUE,2010,6,27,19,23,,,,,,,,947.4,,1.3,,17,0.1,16.9,0,0,0,0,,,,
RUE,2010,6,27,20,22.3,,,,,,,,947.8,,1,,0,0,0,0,0,0,0,,,,
RUE,2010,6,27,21,21.7,,,,,,,,948,,0.6,,0,0,0,0,0,0,0,,,,
RUE,2010,6,27,22,20.4,,,,,,,,948.1,,0.5,,0,0,0,0,0,0,0,,,,
RUE,2010,6,27,23,20,,,,,,,,948.2,,0.6,,0,0,0,0,0,0,0,,,,
RUE,2010,6,28,0,19.3,,,,,,,,948,,0.8,,0,0,0,0,0,0,0,,,,
RUE,2010,6,28,1,18.3,,,,,,,,947.9,,0.5,,0,0,0,0,0,0,0,,,,
RUE,2010,6,28,2,17.9,,,,,,,,947.9,,0.6,,0,0,0,0,0,0,0,,,,
RUE,2010,6,28,3,17.5,,,,,,,,948,,0.6,,1,0,0,0,0,0,0,,,,
RUE,2010,6,28,4,17.6,,,,,,,,948.2,,0.5,,37,0,0,0,0,0,0,,,,
RUE,2010,6,28,5,18.1,,,,,,,,948.4,,0.3,,153,0,0,0,0,0,0,,,,
RUE,2010,6,28,6,19.6,,,,,,,,948.8,,0.9,,317,4969.4,52.3,0,0,0,0,,,,
RUE,2010,6,28,7,21,,,,,,,,948.9,,2.2,,480,1938.2,79.2,0,0,0,0,,,,
RUE,2010,6,28,8,22.2,,,,,,,,949,,1.6,,630,1428.2,104,0,0,0,0,,,,
RUE,2010,6,28,9,23.4,,,,,,,,949,,1.1,,750,1192.9,123.8,0,0,0,0,,,,
RUE,2010,6,28,10,24.8,,,,,,,,949,,0.9,,845,1059.6,139.4,0,0,0,0,,,,
RUE,2010,6,28,11,25.5,,,,,,,,948.8,,1.4,,857,915.9,141.4,0,0,0,0,,,,
RUE,2010,6,28,12,25.8,,,,,,,,948.5,,1,,798,698.5,194.9,0,0,0,0,,,,
RUE,2010,6,28,13,26.3,,,,,,,,948.3,,1.4,,749,509,287.6,0,0,0,0,,,,
RUE,2010,6,28,14,26.8,,,,,,,,948.1,,1.7,,757,524.1,281.3,0,0,0,0,,,,
RUE,2010,6,28,15,26.6,,,,,,,,947.9,,2.3,,639,344.3,340.5,0,0,0,0,,,,
RUE,2010,6,28,16,25.4,,,,,,,,947.7,,2.6,,288,13.8,277.1,0,0,0,0,,,,
RUE,2010,6,28,17,24.8,,,,,,,,947.7,,0.8,,183,5,179.6,0,0,0,0,,,,
RUE,2010,6,28,18,24.5,,,,,,,,947.7,,0.9,,108,2.8,106.5,0,0,0,0,,,,
RUE,2010,6,28,19,23.2,,,,,,,,947.9,,0.5,,14,0.1,14,0,0,0,0,,,,
RUE,2010,6,28,20,22.2,,,,,,,,948.4,,1,,0,0,0,0,0,0,0,,,,
RUE,2010,6,28,21,21.1,,,,,,,,948.6,,0.6,,0,0,0,0,0,0,0,,,,
RUE,2010,6,28,22,20.3,,,,,,,,948.6,,1,,0,0,0,0,0,0,0,,,,
RUE,2010,6,28,23,20.3,,,,,,,,948.6,,0.4,,0,0,0,0,0,0,0,,,,
RUE,2010,6,29,0,19.7,,,,,,,,948.5,,0.5,,0,0,0,0,0,0,0,,,,
RUE,2010,6,29,1,19.1,,,,,,,,948.4,,0.7,,0,0,0,0,0,0,0,,,,
RUE,2010,6,29,2,18.9,,,,,,,,948.3,,0.6,,0,0,0,0,0,0,0,,,,
RUE,2010,6,29,3,18.5,,,,,,,,948.3,,0.6,,1,0,0,0,0,0,0,,,,
RUE,2010,6,29,4,18.7,,,,,,,,948.4,,0.2,,27,0,0,0,0,0,0,,,,
RUE,2010,6,29,5,18.7,,,,,,,,948.5,,0.5,,112,0,0,0,0,0,0,,,,
RUE,2010,6,29,6,20.2,,,,,,,,948.8,,0.3,,310,0,0,0,0,0,0,,,,
RUE,2010,6,29,7,21.5,,,,,,,,949.1,,0.5,,476,1932.8,78.5,0,0,0,0,,,,
RUE,2010,6,29,8,22.7,,,,,,,,949,,0.9,,628,1427.9,103.6,0,0,0,0,,,,
RUE,2010,6,29,9,23.7,,,,,,,,948.9,,1.1,,716,1141,118.1,0,0,0,0,,,,
RUE,2010,6,29,10,24.8,,,,,,,,948.9,,1.3,,839,1053.5,138.4,0,0,0,0,,,,
RUE,2010,6,29,11,25.6,,,,,,,,948.6,,1.5,,880,941.4,145.2,0,0,0,0,,,,
RUE,2010,6,29,12,25.5,,,,,,,,948.6,,2.1,,682,440.5,301.9,0,0,0,0,,,,
RUE,2010,6,29,13,26,,,,,,,,948.4,,2.6,,755,522.8,281.3,0,0,0,0,,,,
RUE,2010,6,29,14,26.7,,,,,,,,948.2,,2.2,,794,604.6,245.4,0,0,0,0,,,,
RUE,2010,6,29,15,26.6,,,,,,,,948,,2.5,,636,338.7,342.4,0,0,0,0,,,,
RUE,2010,6,29,16,25.5,,,,,,,,947.8,,2.1,,324,24.7,304.5,0,0,0,0,,,,
RUE,2010,6,29,17,24.1,,,,,,,,947.9,,2,,102,1.6,100.9,0,0,0,0,,,,
RUE,2010,6,29,18,23.1,,,,,,,,948.2,,1.7,,91,2,89.9,0,0,0,0,,,,
RUE,2010,6,29,19,21.8,,,,,,,,948.5,,2.1,,16,0.1,16,0,0,0,0,,,,
RUE,2010,6,29,20,20.9,,,,,,,,949.1,,1,,0,0,0,0,0,0,0,,,,
RUE,2010,6,29,21,20.4,,,,,,,,949.4,,0.9,,0,0,0,0,0,0,0,,,,
RUE,2010,6,29,22,20.6,,,,,,,,949.6,,1.2,,0,0,0,0,0,0,0,,,,
RUE,2010,6,29,23,20.3,,,,,,,,949.5,,0.9,,0,0,0,0,0,0,0,,,,
RUE,2010,6,30,0,19.8,,,,,,,,949.6,,1,,0,0,0,0,0,0,0,,,,
RUE,2010,6,30,1,19.2,,,,,,,,949.3,,1,,0,0,0,0,0,0,0,,,,
RUE,2010,6,30,2,18.8,,,,,,,,949.2,,1,,0,0,0,0,0,0,0,,,,
RUE,2010,6,30,3,18.2,,,,,,,,949.5,,0.8,,1,0,0,0,0,0,0,,,,
RUE,2010,6,30,4,18.2,,,,,,,,949.5,,0.5,,31,0,0,0,0,0,0,,,,
RUE,2010,6,30,5,18.5,,,,,,,,949.6,,0.8,,142,0,0,0,0,0,0,,,,
RUE,2010,6,30,6,19.1,,,,,,,,949.7,,0.7,,301,0,0,0,0,0,0,,,,
RUE,2010,6,30,7,20.2,,,,,,,,949.9,,1.2,,460,1879,75.9,0,0,0,0,,,,
RUE,2010,6,30,8,21.6,,,,,,,,950,,1,,599,1366.4,98.8,0,0,0,0,,,,
RUE,2010,6,30,9,22.6,,,,,,,,950.1,,1.2,,735,1173.7,121.3,0,0,0,0,,,,
RUE,2010,6,30,10,23.6,,,,,,,,950,,1.9,,838,1053.7,138.3,0,0,0,0,,,,
RUE,2010,6,30,11,24.2,,,,,,,,949.8,,1.8,,691,626.3,202.6,0,0,0,0,,,,
RUE,2010,6,30,12,24.8,,,,,,,,949.5,,2.2,,779,659.8,210.2,0,0,0,0,,,,
RUE,2010,6,30,13,25.1,,,,,,,,949.2,,2.2,,626,270.1,381.4,0,0,0,0,,,,
RUE,2010,6,30,14,25.4,,,,,,,,948.9,,2.9,,722,451,312.9,0,0,0,0,,,,
RUE,2010,6,30,15,25.1,,,,,,,,948.5,,3.2,,593,259.7,368,0,0,0,0,,,,
RUE,2010,6,30,16,25,,,,,,,,948.4,,2.4,,438,107.8,353.2,0,0,0,0,,,,
RUE,2010,6,30,17,24.8,,,,,,,,948.2,,1.8,,271,22.1,256.1,0,0,0,0,,,,
RUE,2010,6,30,18,23.6,,,,,,,,948.3,,2.2,,59,0.8,58.6,0,0,0,0,,,,
RUE,2010,6,30,19,22.7,,,,,,,,948.6,,2,,23,0.3,22.9,0,0,0,0,,,,
RUE,2010,6,30,20,21.5,,,,,,,,949.1,,1.1,,0,0,0,0,0,0,0,,,,
RUE,2010,6,30,21,21,,,,,,,,949.1,,1.1,,0,0,0,0,0,0,0,,,,
RUE,2010,6,30,22,20.3,,,,,,,,949,,0.8,,0,0,0,0,0,0,0,,,,
RUE,2010,6,30,23,19.8,,,,,,,,948.8,,0.6,,0,0,0,0,0,0,0,,,,
RUE,2010,7,1,0,19.4,,,,,,,,948.4,,0.5,,0,0,0,0,0,0,0,,,,
RUE,2010,7,1,1,18.4,,,,,,,,948.2,,0.8,,0,0,0,0,0,0,0,,,,
RUE,2010,7,1,2,18.4,,,,,,,,947.9,,0.9,,0,0,0,0,0,0,0,,,,
RUE,2010,7,1,3,17.7,,,,,,,,947.9,,0.5,,1,0,0,0,0,0,0,,,,
RUE,2010,7,1,4,17.8,,,,,,,,947.9,,0.8,,36,0,0,0,0,0,0,,,,
RUE,2010,7,1,5,18.4,,,,,,,,948,,0.2,,146,0,0,0,0,0,0,,,,
RUE,2010,7,1,6,19.8,,,,,,,,948.1,,0.7,,304,0,0,0,0,0,0,,,,
RUE,2010,7,1,7,21.1,,,,,,,,948.1,,2,,456,1874.6,75.2,0,0,0,0,,,,
RUE,2010,7,1,8,22.3,,,,,,,,947.9,,1.9,,629,1439.6,103.8,0,0,0,0,,,,
RUE,2010,7,1,9,23.9,,,,,,,,947.8,,1.7,,746,1193.8,123.1,0,0,0,0,,,,
RUE,2010,7,1,10,25.1,,,,,,,,947.6,,2.1,,847,1066.7,139.8,0,0,0,0,,,,
RUE,2010,7,1,11,25.8,,,,,,,,947.4,,1.8,,839,899.4,138.4,0,0,0,0,,,,
RUE,2010,7,1,12,26.4,,,,,,,,947.1,,1.4,,821,749.9,175,0,0,0,0,,,,
RUE,2010,7,1,13,26.5,,,,,,,,946.9,,1.4,,707,423.3,323.9,0,0,0,0,,,,
RUE,2010,7,1,14,26.8,,,,,,,,946.4,,1.9,,625,267.2,382.7,0,0,0,0,,,,
RUE,2010,7,1,15,27,,,,,,,,946.1,,2.2,,532,166.4,387.8,0,0,0,0,,,,
RUE,2010,7,1,16,26.8,,,,,,,,946,,0.9,,393,64.9,342,0,0,0,0,,,,
RUE,2010,7,1,17,26,,,,,,,,946.1,,0.5,,201,6.3,196.8,0,0,0,0,,,,
RUE,2010,7,1,18,24.8,,,,,,,,946.1,,0.5,,71,1.2,70.4,0,0,0,0,,,,
RUE,2010,7,1,19,23.6,,,,,,,,946,,0.6,,14,0.1,14,0,0,0,0,,,,
RUE,2010,7,1,20,22.4,,,,,,,,946.3,,1.2,,0,0,0,0,0,0,0,,,,
RUE,2010,7,1,21,22.2,,,,,,,,946.4,,0.9,,0,0,0,0,0,0,0,,,,
RUE,2010,7,1,22,21.8,,,,,,,,946.5,,0.8,,0,0,0,0,0,0,0,,,,
RUE,2010,7,1,23,21.2,,,,,,,,946.5,,0.4,,0,0,0,0,0,0,0,,,,
RUE,2010,7,2,0,20.6,,,,,,,,946.5,,1.3,,0,0,0,0,0,0,0,,,,
RUE,2010,7,2,1,20.5,,,,,,,,946.5,,0.9,,0,0,0,0,0,0,0,,,,
RUE,2010,7,2,2,19.8,,,,,,,,946.5,,1.3,,0,0,0,0,0,0,0,,,,
RUE,2010,7,2,3,19.4,,,,,,,,946.5,,1.7,,0,0,0,0,0,0,0,,,,
RUE,2010,7,2,4,18.7,,,,,,,,946.6,,2,,29,0,0,0,0,0,0,,,,
RUE,2010,7,2,5,19.5,,,,,,,,946.8,,1,,154,0,0,0,0,0,0,,,,
RUE,2010,7,2,6,21.3,,,,,,,,947.1,,1.2,,317,0,0,0,0,0,0,,,,
RUE,2010,7,2,7,23.9,,,,,,,,947.1,,1.8,,485,2007.4,80,0,0,0,0,,,,
RUE,2010,7,2,8,25.1,,,,,,,,947.2,,1.8,,641,1472.4,105.8,0,0,0,0,,,,
RUE,2010,7,2,9,26.1,,,,,,,,947.2,,1.4,,777,1246.3,128.2,0,0,0,0,,,,
RUE,2010,7,2,10,27.2,,,,,,,,947.2,,1.6,,867,1093.6,143.1,0,0,0,0,,,,
RUE,2010,7,2,11,27.6,,,,,,,,947.1,,1.5,,912,978.8,150.5,0,0,0,0,,,,
RUE,2010,7,2,12,28.4,,,,,,,,946.9,,1.2,,885,856.9,147.4,0,0,0,0,,,,
RUE,2010,7,2,13,28.6,,,,,,,,946.6,,1.8,,802,627.5,234.5,0,0,0,0,,,,
RUE,2010,7,2,14,29,,,,,,,,946.3,,1.8,,728,465.1,306.5,0,0,0,0,,,,
RUE,2010,7,2,15,29.1,,,,,,,,946.1,,1.2,,611,292.6,357.7,0,0,0,0,,,,
RUE,2010,7,2,16,29,,,,,,,,945.9,,0.9,,440,110.4,353.2,0,0,0,0,,,,
RUE,2010,7,2,17,28.6,,,,,,,,945.8,,0.8,,289,30.7,268.4,0,0,0,0,,,,
RUE,2010,7,2,18,27.3,,,,,,,,945.9,,0.7,,70,1.2,69.4,0,0,0,0,,,,
RUE,2010,7,2,19,26,,,,,,,,946.2,,1.1,,13,0.1,13,0,0,0,0,,,,
RUE,2010,7,2,20,24.2,,,,,,,,946.8,,1.4,,0,0,0,0,0,0,0,,,,
RUE,2010,7,2,21,24,,,,,,,,947.1,,0.7,,0,0,0,0,0,0,0,,,,
RUE,2010,7,2,22,23.7,,,,,,,,947.1,,0.9,,0,0,0,0,0,0,0,,,,
RUE,2010,7,2,23,23.3,,,,,,,,947.1,,1,,0,0,0,0,0,0,0,,,,
RUE,2010,7,3,0,22.9,,,,,,,,947.1,,1.6,,0,0,0,0,0,0,0,,,,
RUE,2010,7,3,1,22,,,,,,,,947,,1.4,,0,0,0,0,0,0,0,,,,
RUE,2010,7,3,2,21.1,,,,,,,,946.9,,1.6,,0,0,0,0,0,0,0,,,,
RUE,2010,7,3,3,20.2,,,,,,,,947,,1.9,,1,0,0,0,0,0,0,,,,
RUE,2010,7,3,4,20.1,,,,,,,,947.2,,0.7,,36,0,0,0,0,0,0,,,,
RUE,2010,7,3,5,20.8,,,,,,,,947.5,,0.5,,150,0,0,0,0,0,0,,,,
RUE,2010,7,3,6,22.5,,,,,,,,947.7,,0.7,,312,0,0,0,0,0,0,,,,
RUE,2010,7,3,7,24.4,,,,,,,,947.7,,0.6,,472,1967.8,77.9,0,0,0,0,,,,
RUE,2010,7,3,8,25.7,,,,,,,,947.9,,0.9,,617,1422.6,101.8,0,0,0,0,,,,
RUE,2010,7,3,9,26.6,,,,,,,,948.1,,1.1,,733,1178.5,120.9,0,0,0,0,,,,
RUE,2010,7,3,10,27.3,,,,,,,,948.1,,2.3,,821,1037.3,135.5,0,0,0,0,,,,
RUE,2010,7,3,11,27.9,,,,,,,,948,,2.6,,867,931.6,143.1,0,0,0,0,,,,
RUE,2010,7,3,12,28.6,,,,,,,,947.7,,2.2,,880,851.6,147.7,0,0,0,0,,,,
RUE,2010,7,3,13,29.2,,,,,,,,947.3,,2.1,,806,637.3,230,0,0,0,0,,,,
RUE,2010,7,3,14,27.3,,,,,,,,947.3,,2.9,,213,3.8,209.6,0,0,0,0,,,,
RUE,2010,7,3,15,24.9,,,,,,,,947.9,,1.8,,55,0.3,54.8,0,0,0,0,,,,
RUE,2010,7,3,16,24,,,,,,,,948,,1.9,,67,0.5,66.6,0,0,0,0,,,,
RUE,2010,7,3,17,23.1,,,,,,,,948,,1.6,,82,1,81.3,0,0,0,0,,,,
RUE,2010,7,3,18,22.8,,,,,,,,948.3,,1.8,,24,0.1,23.9,0,0,0,0,,,,
RUE,2010,7,3,19,22.4,,,,,,,,948.7,,1.9,,5,0,5,0,0,0,0,,,,
RUE,2010,7,3,20,22.3,,,,,,,,949,,1.2,,0,0,0,0,0,0,0,,,,
RUE,2010,7,3,21,21.2,,,,,,,,949.4,,2.1,,0,0,0,0,0,0,0,,,,
RUE,2010,7,3,22,20.9,,,,,,,,949.5,,0.6,,0,0,0,0,0,0,0,,,,
RUE,2010,7,3,23,20.4,,,,,,,,949.9,,1.4,,0,0,0,0,0,0,0,,,,
RUE,2010,7,4,0,19,,,,,,,,950.3,,1.9,,0,0,0,0,0,0,0,,,,
RUE,2010,7,4,1,18.2,,,,,,,,950,,1.7,,0,0,0,0,0,0,0,,,,
RUE,2010,7,4,2,17.7,,,,,,,,949.7,,1.3,,0,0,0,0,0,0,0,,,,
RUE,2010,7,4,3,17.4,,,,,,,,950.5,,1,,0,0,0,0,0,0,0,,,,
RUE,2010,7,4,4,17.1,,,,,,,,950.7,,0.6,,18,0,0,0,0,0,0,,,,
RUE,2010,7,4,5,17.3,,,,,,,,950.9,,0.5,,104,0,0,0,0,0,0,,,,
RUE,2010,7,4,6,19.2,,,,,,,,951.1,,0.8,,338,0,0,0,0,0,0,,,,
RUE,2010,7,4,7,19.9,,,,,,,,951.2,,0.6,,401,1684.5,66.2,0,0,0,0,,,,
RUE,2010,7,4,8,21.4,,,,,,,,951,,0.9,,621,1437.5,102.5,0,0,0,0,,,,
RUE,2010,7,4,9,22.6,,,,,,,,951,,1.4,,697,1123.5,115,0,0,0,0,,,,
RUE,2010,7,4,10,23.4,,,,,,,,950.9,,1.7,,753,953,124.2,0,0,0,0,,,,
RUE,2010,7,4,11,24,,,,,,,,950.8,,2.7,,738,746.3,158.8,0,0,0,0,,,,
RUE,2010,7,4,12,23.6,,,,,,,,950.5,,3.3,,408,50.6,364.5,0,0,0,0,,,,
RUE,2010,7,4,13,22.3,,,,,,,,950.4,,1.7,,233,4.5,228.9,0,0,0,0,,,,
RUE,2010,7,4,14,23.2,,,,,,,,950.1,,2.2,,337,15,323.4,0,0,0,0,,,,
RUE,2010,7,4,15,23.1,,,,,,,,949.9,,2.8,,240,5.2,235.5,0,0,0,0,,,,
RUE,2010,7,4,16,22.4,,,,,,,,949.8,,2,,148,2.4,146.1,0,0,0,0,,,,
RUE,2010,7,4,17,22.1,,,,,,,,949.7,,0.7,,160,3.9,157.4,0,0,0,0,,,,
RUE,2010,7,4,18,22.1,,,,,,,,949.6,,0.8,,125,3.8,123,0,0,0,0,,,,
RUE,2010,7,4,19,20.8,,,,,,,,949.8,,1,,10,0,10,0,0,0,0,,,,
RUE,2010,7,4,20,20.2,,,,,,,,950.1,,1.2,,0,0,0,0,0,0,0,,,,
RUE,2010,7,4,21,19.3,,,,,,,,950.4,,1.4,,0,0,0,0,0,0,0,,,,
RUE,2010,7,4,22,18.8,,,,,,,,950.5,,0.6,,0,0,0,0,0,0,0,,,,
RUE,2010,7,4,23,18.8,,,,,,,,950.6,,0.7,,0,0,0,0,0,0,0,,,,
RUE,2010,7,5,0,18.2,,,,,,,,950.4,,0.9,,0,0,0,0,0,0,0,,,,
RUE,2010,7,5,1,18.3,,,,,,,,950.1,,0.7,,0,0,0,0,0,0,0,,,,
RUE,2010,7,5,2,17.9,,,,,,,,950,,0.8,,0,0,0,0,0,0,0,,,,
RUE,2010,7,5,3,17.8,,,,,,,,949.8,,0.7,,0,0,0,0,0,0,0,,,,
RUE,2010,7,5,4,17.3,,,,,,,,950,,1,,18,0,0,0,0,0,0,,,,
RUE,2010,7,5,5,17.4,,,,,,,,950.1,,1.2,,76,0,0,0,0,0,0,,,,
RUE,2010,7,5,6,18.2,,,,,,,,950.5,,1.3,,178,0,0,0,0,0,0,,,,
RUE,2010,7,5,7,19.1,,,,,,,,950.7,,1.4,,441,1867.5,72.8,0,0,0,0,,,,
RUE,2010,7,5,8,20.4,,,,,,,,950.7,,1.4,,646,1501.6,106.6,0,0,0,0,,,,
RUE,2010,7,5,9,21.3,,,,,,,,950.6,,1.4,,564,911.5,93.1,0,0,0,0,,,,
RUE,2010,7,5,10,22.5,,,,,,,,950.5,,2.1,,823,1043.6,135.8,0,0,0,0,,,,
RUE,2010,7,5,11,23.1,,,,,,,,950.1,,2,,851,916.9,140.4,0,0,0,0,,,,
RUE,2010,7,5,12,23.6,,,,,,,,949.9,,3.3,,944,918.5,155.8,0,0,0,0,,,,
RUE,2010,7,5,13,24,,,,,,,,949.7,,3.9,,853,736.5,188.4,0,0,0,0,,,,
RUE,2010,7,5,14,24.5,,,,,,,,949.5,,3.5,,714,438.7,317.2,0,0,0,0,,,,
RUE,2010,7,5,15,24.7,,,,,,,,949.2,,4,,637,344.1,339.5,0,0,0,0,,,,
RUE,2010,7,5,16,24.5,,,,,,,,949.1,,3.2,,477,159,352.2,0,0,0,0,,,,
RUE,2010,7,5,17,23.8,,,,,,,,949.3,,3.5,,308,42.6,279.4,0,0,0,0,,,,
RUE,2010,7,5,18,22.7,,,,,,,,949.6,,3,,126,3.8,124,0,0,0,0,,,,
RUE,2010,7,5,19,21.4,,,,,,,,949.8,,2.6,,12,0.1,12,0,0,0,0,,,,
RUE,2010,7,5,20,20.6,,,,,,,,950.4,,2.1,,0,0,0,0,0,0,0,,,,
RUE,2010,7,5,21,20.4,,,,,,,,950.8,,1.6,,0,0,0,0,0,0,0,,,,
RUE,2010,7,5,22,19.8,,,,,,,,951,,1.1,,0,0,0,0,0,0,0,,,,
RUE,2010,7,5,23,19.7,,,,,,,,951.1,,1.1,,0,0,0,0,0,0,0,,,,
RUE,2010,7,6,0,19,,,,,,,,950.9,,0.8,,0,0,0,0,0,0,0,,,,
RUE,2010,7,6,1,18.5,,,,,,,,950.6,,1.5,,0,0,0,0,0,0,0,,,,
RUE,2010,7,6,2,18,,,,,,,,950.4,,1.5,,0,0,0,0,0,0,0,,,,
RUE,2010,7,6,3,17.5,,,,,,,,950.7,,2.7,,0,0,0,0,0,0,0,,,,
RUE,2010,7,6,4,16.2,,,,,,,,951,,1.9,,16,0,0,0,0,0,0,,,,
RUE,2010,7,6,5,16.6,,,,,,,,951.5,,1.9,,89,0,0,0,0,0,0,,,,
RUE,2010,7,6,6,17.3,,,,,,,,951.8,,2.9,,213,0,0,0,0,0,0,,,,
RUE,2010,7,6,7,18.1,,,,,,,,952.2,,2.9,,388,1657,64,0,0,0,0,,,,
RUE,2010,7,6,8,18.7,,,,,,,,952.3,,2.4,,369,860.5,61.2,0,0,0,0,,,,
RUE,2010,7,6,9,19.4,,,,,,,,952.3,,2.4,,604,978.8,99.7,0,0,0,0,,,,
RUE,2010,7,6,10,19.9,,,,,,,,952.4,,2.3,,637,776.6,126.5,0,0,0,0,,,,
RUE,2010,7,6,11,20.4,,,,,,,,952.3,,2.5,,671,589,215.1,0,0,0,0,,,,
RUE,2010,7,6,12,21.2,,,,,,,,952,,3.5,,806,727.5,182.3,0,0,0,0,,,,
RUE,2010,7,6,13,21.9,,,,,,,,951.8,,3.5,,790,607.1,242.6,0,0,0,0,,,,
RUE,2010,7,6,14,22.1,,,,,,,,951.6,,3.5,,747,509.7,286.3,0,0,0,0,,,,
RUE,2010,7,6,15,21.9,,,,,,,,951.4,,3.3,,615,302.6,353.6,0,0,0,0,,,,
RUE,2010,7,6,16,21.1,,,,,,,,951.5,,3.6,,378,54.4,335.3,0,0,0,0,,,,
RUE,2010,7,6,17,20.4,,,,,,,,951.7,,2.7,,247,14.2,237.5,0,0,0,0,,,,
RUE,2010,7,6,18,19.5,,,,,,,,951.8,,2.3,,117,3.3,115.2,0,0,0,0,,,,
RUE,2010,7,6,19,18.4,,,,,,,,951.9,,1.8,,18,0.2,17.9,0,0,0,0,,,,
RUE,2010,7,6,20,17.9,,,,,,,,952.4,,1,,0,0,0,0,0,0,0,,,,
RUE,2010,7,6,21,17,,,,,,,,952.6,,0.8,,0,0,0,0,0,0,0,,,,
RUE,2010,7,6,22,16.4,,,,,,,,952.7,,0.6,,0,0,0,0,0,0,0,,,,
RUE,2010,7,6,23,15.9,,,,,,,,952.8,,0.3,,0,0,0,0,0,0,0,,,,
RUE,2010,7,7,0,15.3,,,,,,,,952.8,,0.4,,0,0,0,0,0,0,0,,,,
RUE,2010,7,7,1,15.1,,,,,,,,952.4,,0.5,,0,0,0,0,0,0,0,,,,
RUE,2010,7,7,2,14.6,,,,,,,,951.9,,0.6,,0,0,0,0,0,0,0,,,,
RUE,2010,7,7,3,13.5,,,,,,,,951.8,,1.6,,0,0,0,0,0,0,0,,,,
RUE,2010,7,7,4,13.1,,,,,,,,951.6,,1.7,,30,0,0,0,0,0,0,,,,
RUE,2010,7,7,5,14.6,,,,,,,,951.8,,1.6,,164,0,0,0,0,0,0,,,,
RUE,2010,7,7,6,15.9,,,,,,,,951.9,,2.9,,340,0,0,0,0,0,0,,,,
RUE,2010,7,7,7,17.4,,,,,,,,952.2,,2.5,,502,2163,82.8,0,0,0,0,,,,
RUE,2010,7,7,8,19,,,,,,,,952.2,,2.5,,657,1540.8,108.4,0,0,0,0,,,,
RUE,2010,7,7,9,20.8,,,,,,,,952.1,,2.9,,782,1270.9,129,0,0,0,0,,,,
RUE,2010,7,7,10,21.4,,,,,,,,952.1,,2.8,,877,1116.4,144.7,0,0,0,0,,,,
RUE,2010,7,7,11,22.4,,,,,,,,951.9,,2.6,,928,1002.7,153.1,0,0,0,0,,,,
RUE,2010,7,7,12,23.2,,,,,,,,951.5,,2.3,,927,904,153,0,0,0,0,,,,
RUE,2010,7,7,13,23.9,,,,,,,,951.1,,3.3,,870,771.3,175.3,0,0,0,0,,,,
RUE,2010,7,7,14,24.2,,,,,,,,950.8,,3.1,,769,558.6,264.5,0,0,0,0,,,,
RUE,2010,7,7,15,24.3,,,,,,,,950.5,,2.9,,645,362,332.5,0,0,0,0,,,,
RUE,2010,7,7,16,24.4,,,,,,,,950.2,,2.4,,483,168.8,350.7,0,0,0,0,,,,
RUE,2010,7,7,17,23.6,,,,,,,,949.9,,2.4,,304,40.3,277,0,0,0,0,,,,
RUE,2010,7,7,18,22.5,,,,,,,,949.9,,1.9,,131,4.2,128.8,0,0,0,0,,,,
RUE,2010,7,7,19,21.1,,,,,,,,950.1,,1.7,,18,0.2,17.9,0,0,0,0,,,,
RUE,2010,7,7,20,20.4,,,,,,,,950.5,,1.7,,0,0,0,0,0,0,0,,,,
RUE,2010,7,7,21,19.8,,,,,,,,950.8,,1.2,,0,0,0,0,0,0,0,,,,
RUE,2010,7,7,22,18.7,,,,,,,,950.8,,1.6,,0,0,0,0,0,0,0,,,,
RUE,2010,7,7,23,18.1,,,,,,,,950.5,,1.6,,0,0,0,0,0,0,0,,,,
RUE,2010,7,8,0,17.1,,,,,,,,950.3,,2.5,,0,0,0,0,0,0,0,,,,
RUE,2010,7,8,1,16.4,,,,,,,,950.1,,2.8,,0,0,0,0,0,0,0,,,,
RUE,2010,7,8,2,15.7,,,,,,,,949.9,,2.5,,0,0,0,0,0,0,0,,,,
RUE,2010,7,8,3,15.3,,,,,,,,949.9,,2.4,,0,0,0,0,0,0,0,,,,
RUE,2010,7,8,4,15.7,,,,,,,,949.8,,1.9,,36,0,0,0,0,0,0,,,,
RUE,2010,7,8,5,17.2,,,,,,,,950.1,,1.6,,167,0,0,0,0,0,0,,,,
RUE,2010,7,8,6,18.8,,,,,,,,950.3,,1.7,,339,0,0,0,0,0,0,,,,
RUE,2010,7,8,7,20.5,,,,,,,,950.6,,1.9,,500,2174.5,82.5,0,0,0,0,,,,
RUE,2010,7,8,8,22,,,,,,,,950.7,,1.9,,651,1533.9,107.4,0,0,0,0,,,,
RUE,2010,7,8,9,23.5,,,,,,,,951,,2.1,,775,1263.3,127.9,0,0,0,0,,,,
RUE,2010,7,8,10,24.9,,,,,,,,951,,1.5,,873,1113.6,144,0,0,0,0,,,,
RUE,2010,7,8,11,26.5,,,,,,,,950.9,,1.5,,917,992.4,151.3,0,0,0,0,,,,
RUE,2010,7,8,12,27.4,,,,,,,,950.7,,1.6,,905,883.6,149.3,0,0,0,0,,,,
RUE,2010,7,8,13,28.5,,,,,,,,950.4,,1.3,,849,733.3,189.1,0,0,0,0,,,,
RUE,2010,7,8,14,28.6,,,,,,,,950.2,,1.4,,753,525.3,279,0,0,0,0,,,,
RUE,2010,7,8,15,28.9,,,,,,,,950.2,,1.5,,627,327.2,344.8,0,0,0,0,,,,
RUE,2010,7,8,16,28.7,,,,,,,,950.1,,1.5,,465,143.8,352.4,0,0,0,0,,,,
RUE,2010,7,8,17,28,,,,,,,,949.9,,1.6,,281,27.2,262.8,0,0,0,0,,,,
RUE,2010,7,8,18,26.6,,,,,,,,950,,1.2,,113,3.1,111.4,0,0,0,0,,,,
RUE,2010,7,8,19,25.3,,,,,,,,949.9,,0.7,,15,0.1,15,0,0,0,0,,,,
RUE,2010,7,8,20,24.1,,,,,,,,950.1,,1.6,,0,0,0,0,0,0,0,,,,
RUE,2010,7,8,21,23.6,,,,,,,,949.9,,1.3,,0,0,0,0,0,0,0,,,,
RUE,2010,7,8,22,22.8,,,,,,,,950,,0.8,,0,0,0,0,0,0,0,,,,
RUE,2010,7,8,23,22.1,,,,,,,,950,,1.1,,0,0,0,0,0,0,0,,,,
RUE,2010,7,9,0,22.1,,,,,,,,950.2,,1.2,,0,0,0,0,0,0,0,,,,
RUE,2010,7,9,1,22,,,,,,,,950.3,,1.1,,0,0,0,0,0,0,0,,,,
RUE,2010,7,9,2,20.9,,,,,,,,950.3,,1.1,,0,0,0,0,0,0,0,,,,
RUE,2010,7,9,3,20.2,,,,,,,,950.2,,1.1,,0,0,0,0,0,0,0,,,,
RUE,2010,7,9,4,20.5,,,,,,,,950.3,,1.2,,30,0,0,0,0,0,0,,,,
RUE,2010,7,9,5,20.5,,,,,,,,950.3,,1.1,,160,0,0,0,0,0,0,,,,
RUE,2010,7,9,6,22.9,,,,,,,,950.3,,1,,327,0,0,0,0,0,0,,,,
RUE,2010,7,9,7,25,,,,,,,,950.3,,1.5,,504,2213.3,83.2,0,0,0,0,,,,
RUE,2010,7,9,8,26.7,,,,,,,,950.1,,1.9,,630,1491.7,104,0,0,0,0,,,,
RUE,2010,7,9,9,27.8,,,,,,,,950.2,,1.4,,725,1185.4,119.6,0,0,0,0,,,,
RUE,2010,7,9,10,28.8,,,,,,,,949.8,,2,,828,1058.5,136.6,0,0,0,0,,,,
RUE,2010,7,9,11,29,,,,,,,,950.1,,1.2,,581,374.2,292.7,0,0,0,0,,,,
RUE,2010,7,9,12,28.9,,,,,,,,950.4,,2.8,,585,260.5,362.5,0,0,0,0,,,,
RUE,2010,7,9,13,29.6,,,,,,,,950.5,,2.8,,732,486,295.1,0,0,0,0,,,,
RUE,2010,7,9,14,30.2,,,,,,,,950.2,,2.7,,717,449.8,311.5,0,0,0,0,,,,
RUE,2010,7,9,15,30.2,,,,,,,,950,,1.8,,618,311,350,0,0,0,0,,,,
RUE,2010,7,9,16,29.7,,,,,,,,949.5,,0.8,,434,106,351.1,0,0,0,0,,,,
RUE,2010,7,9,17,29.1,,,,,,,,949.4,,0.9,,191,5.6,187.3,0,0,0,0,,,,
RUE,2010,7,9,18,27.5,,,,,,,,949.4,,0.9,,73,1.3,72.3,0,0,0,0,,,,
RUE,2010,7,9,19,26.8,,,,,,,,949.4,,0.9,,16,0.1,16,0,0,0,0,,,,
RUE,2010,7,9,20,25.5,,,,,,,,949.8,,0.6,,0,0,0,0,0,0,0,,,,
RUE,2010,7,9,21,24.2,,,,,,,,950.1,,0.9,,0,0,0,0,0,0,0,,,,
RUE,2010,7,9,22,23.9,,,,,,,,950.4,,0.9,,0,0,0,0,0,0,0,,,,
RUE,2010,7,9,23,23.5,,,,,,,,950.5,,0.7,,0,0,0,0,0,0,0,,,,
RUE,2010,7,10,0,22.4,,,,,,,,950.7,,0.8,,0,0,0,0,0,0,0,,,,
RUE,2010,7,10,1,22.2,,,,,,,,950.6,,1,,0,0,0,0,0,0,0,,,,
RUE,2010,7,10,2,22,,,,,,,,950.6,,1.1,,0,0,0,0,0,0,0,,,,
RUE,2010,7,10,3,21.5,,,,,,,,950.5,,1.1,,0,0,0,0,0,0,0,,,,
RUE,2010,7,10,4,21.1,,,,,,,,950.4,,1.7,,29,0,0,0,0,0,0,,,,
RUE,2010,7,10,5,22.5,,,,,,,,950.3,,2.1,,139,0,0,0,0,0,0,,,,
RUE,2010,7,10,6,24,,,,,,,,950.2,,1.6,,295,0,0,0,0,0,0,,,,
RUE,2010,7,10,7,25.3,,,,,,,,950.3,,1.7,,461,2045.1,76.1,0,0,0,0,,,,
RUE,2010,7,10,8,26.5,,,,,,,,950,,2.2,,553,1316.1,91.2,0,0,0,0,,,,
RUE,2010,7,10,9,27.6,,,,,,,,950,,1.5,,663,1087.5,109.4,0,0,0,0,,,,
RUE,2010,7,10,10,28.5,,,,,,,,949.9,,1.1,,793,1016,130.8,0,0,0,0,,,,
RUE,2010,7,10,11,29.4,,,,,,,,949.5,,1.2,,790,855.8,131.8,0,0,0,0,,,,
RUE,2010,7,10,12,30.4,,,,,,,,948.9,,1.1,,867,843.5,147.5,0,0,0,0,,,,
RUE,2010,7,10,13,31.3,,,,,,,,948.5,,1.9,,806,648.4,223.8,0,0,0,0,,,,
RUE,2010,7,10,14,31.8,,,,,,,,947.8,,2,,711,438.6,316,0,0,0,0,,,,
RUE,2010,7,10,15,31.5,,,,,,,,947.6,,1.4,,520,154.8,386.7,0,0,0,0,,,,
RUE,2010,7,10,16,30.4,,,,,,,,947.6,,1.6,,207,4.8,203.3,0,0,0,0,,,,
RUE,2010,7,10,17,28.5,,,,,,,,948.2,,2.1,,82,1,81.3,0,0,0,0,,,,
RUE,2010,7,10,18,26.5,,,,,,,,948.5,,2.3,,8,0,8,0,0,0,0,,,,
RUE,2010,7,10,19,23.3,,,,,,,,948.9,,3,,0,0,0,0,0,0,0,,,,
RUE,2010,7,10,20,21,,,,,,,,949.3,,4.7,,0,0,0,0,0,0,0,,,,
RUE,2010,7,10,21,21.1,,,,,,,,949.6,,2.3,,0,0,0,0,0,0,0,,,,
RUE,2010,7,10,22,20.8,,,,,,,,949.6,,2.2,,0,0,0,0,0,0,0,,,,
RUE,2010,7,10,23,21.3,,,,,,,,948.6,,1.4,,0,0,0,0,0,0,0,,,,
RUE,2010,7,11,0,20.7,,,,,,,,948.3,,0.9,,0,0,0,0,0,0,0,,,,
RUE,2010,7,11,1,20.2,,,,,,,,948,,0.7,,0,0,0,0,0,0,0,,,,
RUE,2010,7,11,2,20,,,,,,,,948.1,,0.5,,0,0,0,0,0,0,0,,,,
RUE,2010,7,11,3,20.1,,,,,,,,948.5,,0.5,,0,0,0,0,0,0,0,,,,
RUE,2010,7,11,4,19.9,,,,,,,,948.8,,0.6,,14,0,0,0,0,0,0,,,,
RUE,2010,7,11,5,19.6,,,,,,,,949,,1.1,,141,0,0,0,0,0,0,,,,
RUE,2010,7,11,6,20.7,,,,,,,,949.2,,1.3,,254,0,0,0,0,0,0,,,,
RUE,2010,7,11,7,21.9,,,,,,,,949.4,,1.6,,296,1327.1,48.8,0,0,0,0,,,,
RUE,2010,7,11,8,22.4,,,,,,,,949.6,,1.2,,283,479.3,115.7,0,0,0,0,,,,
RUE,2010,7,11,9,23.7,,,,,,,,949.8,,1,,348,261.9,215.1,0,0,0,0,,,,
RUE,2010,7,11,10,24.2,,,,,,,,949.7,,1.1,,348,89.8,289.6,0,0,0,0,,,,
RUE,2010,7,11,11,25.9,,,,,,,,949.5,,0.8,,827,899.5,136.5,0,0,0,0,,,,
RUE,2010,7,11,12,27.3,,,,,,,,948.9,,0.9,,861,836.5,148.4,0,0,0,0,,,,
RUE,2010,7,11,13,28.3,,,,,,,,948.4,,1.5,,817,673.6,212.8,0,0,0,0,,,,
RUE,2010,7,11,14,28.5,,,,,,,,948,,1.3,,613,255.1,383.5,0,0,0,0,,,,
RUE,2010,7,11,15,28.9,,,,,,,,947.7,,2,,587,256.8,366.1,0,0,0,0,,,,
RUE,2010,7,11,16,28.7,,,,,,,,947.4,,2.1,,438,111.6,350.9,0,0,0,0,,,,
RUE,2010,7,11,17,28.3,,,,,,,,947.6,,2.3,,341,72.3,292.8,0,0,0,0,,,,
RUE,2010,7,11,18,27.6,,,,,,,,947.7,,1.5,,200,16.5,191.3,0,0,0,0,,,,
RUE,2010,7,11,19,26.1,,,,,,,,948,,1.8,,34,0.6,33.8,0,0,0,0,,,,
RUE,2010,7,11,20,24.6,,,,,,,,948.2,,1.2,,0,0,0,0,0,0,0,,,,
RUE,2010,7,11,21,23.3,,,,,,,,948.2,,1.2,,0,0,0,0,0,0,0,,,,
RUE,2010,7,11,22,23,,,,,,,,948.2,,1.8,,0,0,0,0,0,0,0,,,,
RUE,2010,7,11,23,21.2,,,,,,,,948.1,,2.9,,0,0,0,0,0,0,0,,,,
RUE,2010,7,12,0,20.7,,,,,,,,947.9,,2.3,,0,0,0,0,0,0,0,,,,
RUE,2010,7,12,1,19.8,,,,,,,,947.1,,2,,0,0,0,0,0,0,0,,,,
RUE,2010,7,12,2,19.2,,,,,,,,946.7,,2.7,,0,0,0,0,0,0,0,,,,
RUE,2010,7,12,3,18.9,,,,,,,,946.3,,2.9,,0,0,0,0,0,0,0,,,,
RUE,2010,7,12,4,18.5,,,,,,,,945.8,,1.9,,13,0,0,0,0,0,0,,,,
RUE,2010,7,12,5,19.5,,,,,,,,945.6,,1.6,,117,0,0,0,0,0,0,,,,
RUE,2010,7,12,6,21.9,,,,,,,,945.4,,2.4,,366,0,0,0,0,0,0,,,,
RUE,2010,7,12,7,23.6,,,,,,,,945.5,,2.2,,433,1962.9,71.4,0,0,0,0,,,,
RUE,2010,7,12,8,24.9,,,,,,,,945.8,,1.3,,494,1188.4,81.5,0,0,0,0,,,,
RUE,2010,7,12,9,27,,,,,,,,945.8,,1.9,,734,1212.1,121.1,0,0,0,0,,,,
RUE,2010,7,12,10,28.3,,,,,,,,945.8,,1.9,,855,1100.6,141.1,0,0,0,0,,,,
RUE,2010,7,12,11,28.9,,,,,,,,945.2,,1.2,,818,891.3,135,0,0,0,0,,,,
RUE,2010,7,12,12,29.6,,,,,,,,944.5,,1.7,,784,693.6,194,0,0,0,0,,,,
RUE,2010,7,12,13,29.4,,,,,,,,944.2,,0.9,,572,196,396.4,0,0,0,0,,,,
RUE,2010,7,12,14,24.3,,,,,,,,943.6,,3.2,,70,0.4,69.6,0,0,0,0,,,,
RUE,2010,7,12,15,21.2,,,,,,,,944.8,,3,,201,3.7,197.8,0,0,0,0,,,,
RUE,2010,7,12,16,19.1,,,,,,,,947.1,,5.1,,182,3.7,179.1,0,0,0,0,,,,
RUE,2010,7,12,17,18,,,,,,,,947.6,,3.3,,36,0.2,35.9,0,0,0,0,,,,
RUE,2010,7,12,18,17,,,,,,,,948.1,,1.8,,6,0,6,0,0,0,0,,,,
RUE,2010,7,12,19,16.8,,,,,,,,946.8,,3.3,,3,0,3,0,0,0,0,,,,
RUE,2010,7,12,20,16.8,,,,,,,,946.3,,2.2,,0,0,0,0,0,0,0,,,,
RUE,2010,7,12,21,16.4,,,,,,,,946.9,,1,,0,0,0,0,0,0,0,,,,
RUE,2010,7,12,22,17.9,,,,,,,,945.3,,2.7,,0,0,0,0,0,0,0,,,,
RUE,2010,7,12,23,17.2,,,,,,,,944.7,,1.4,,0,0,0,0,0,0,0,,,,
RUE,2010,7,13,0,16.9,,,,,,,,944.6,,0.9,,0,0,0,0,0,0,0,,,,
RUE,2010,7,13,1,17,,,,,,,,944.5,,0.6,,0,0,0,0,0,0,0,,,,
RUE,2010,7,13,2,16.2,,,,,,,,944.2,,0.5,,0,0,0,0,0,0,0,,,,
RUE,2010,7,13,3,16.3,,,,,,,,944.1,,0.6,,0,0,0,0,0,0,0,,,,
RUE,2010,7,13,4,16.4,,,,,,,,944.3,,0.5,,22,0,0,0,0,0,0,,,,
RUE,2010,7,13,5,17,,,,,,,,944.5,,0.7,,131,0,0,0,0,0,0,,,,
RUE,2010,7,13,6,18.6,,,,,,,,944.6,,0.8,,293,0,0,0,0,0,0,,,,
RUE,2010,7,13,7,19.9,,,,,,,,944.7,,0.6,,453,2077.3,74.7,0,0,0,0,,,,
RUE,2010,7,13,8,20.8,,,,,,,,944.9,,1.4,,497,1202.4,82,0,0,0,0,,,,
RUE,2010,7,13,9,21.5,,,,,,,,945,,1.7,,669,1108.7,110.4,0,0,0,0,,,,
RUE,2010,7,13,10,21.7,,,,,,,,945.1,,2.3,,510,436,227.9,0,0,0,0,,,,
RUE,2010,7,13,11,22.1,,,,,,,,944.8,,1.2,,653,562.5,222.7,0,0,0,0,,,,
RUE,2010,7,13,12,23.5,,,,,,,,944.4,,1.3,,785,698.2,191.9,0,0,0,0,,,,
RUE,2010,7,13,13,24.4,,,,,,,,944,,1.4,,681,386.5,335.3,0,0,0,0,,,,
RUE,2010,7,13,14,24.9,,,,,,,,943.5,,1,,653,327.9,358.7,0,0,0,0,,,,
RUE,2010,7,13,15,25.9,,,,,,,,943.1,,1.5,,596,274.9,360.1,0,0,0,0,,,,
RUE,2010,7,13,16,26,,,,,,,,942.6,,1.4,,440,115.1,350.3,0,0,0,0,,,,
RUE,2010,7,13,17,25.6,,,,,,,,942.3,,2,,261,19.4,248.1,0,0,0,0,,,,
RUE,2010,7,13,18,24.7,,,,,,,,942.2,,1.8,,112,3.1,110.4,0,0,0,0,,,,
RUE,2010,7,13,19,23.6,,,,,,,,942.2,,0.5,,15,0.1,15,0,0,0,0,,,,
RUE,2010,7,13,20,22.7,,,,,,,,942.5,,0.3,,0,0,0,0,0,0,0,,,,
RUE,2010,7,13,21,22.1,,,,,,,,942.7,,0.8,,0,0,0,0,0,0,0,,,,
RUE,2010,7,13,22,21.7,,,,,,,,942.8,,0.6,,0,0,0,0,0,0,0,,,,
RUE,2010,7,13,23,20.9,,,,,,,,942.8,,0.9,,0,0,0,0,0,0,0,,,,
RUE,2010,7,14,0,19.8,,,,,,,,942.7,,0.8,,0,0,0,0,0,0,0,,,,
RUE,2010,7,14,1,19.6,,,,,,,,942.5,,0.8,,0,0,0,0,0,0,0,,,,
RUE,2010,7,14,2,19.5,,,,,,,,942.2,,1.1,,0,0,0,0,0,0,0,,,,
RUE,2010,7,14,3,19.4,,,,,,,,942.1,,1.7,,0,0,0,0,0,0,0,,,,
RUE,2010,7,14,4,19.4,,,,,,,,942.1,,1.6,,27,0,0,0,0,0,0,,,,
RUE,2010,7,14,5,20.2,,,,,,,,942.1,,1.2,,135,0,0,0,0,0,0,,,,
RUE,2010,7,14,6,22.5,,,,,,,,942.1,,2.1,,294,0,0,0,0,0,0,,,,
RUE,2010,7,14,7,24.8,,,,,,,,942,,1.8,,457,2120.8,75.4,0,0,0,0,,,,
RUE,2010,7,14,8,25.9,,,,,,,,941.7,,2.2,,517,1258.1,85.3,0,0,0,0,,,,
RUE,2010,7,14,9,26.9,,,,,,,,941.3,,2,,748,1244.1,123.4,0,0,0,0,,,,
RUE,2010,7,14,10,28.4,,,,,,,,940.9,,2.8,,849,1098.4,140.1,0,0,0,0,,,,
RUE,2010,7,14,11,29.3,,,,,,,,940.4,,2.8,,875,957,144.4,0,0,0,0,,,,
RUE,2010,7,14,12,30.8,,,,,,,,939.6,,2.9,,877,862.9,145.2,0,0,0,0,,,,
RUE,2010,7,14,13,31.8,,,,,,,,939.1,,3.2,,843,733,188.1,0,0,0,0,,,,
RUE,2010,7,14,14,31.9,,,,,,,,938.4,,3,,734,494.1,291,0,0,0,0,,,,
RUE,2010,7,14,15,32,,,,,,,,937.7,,2.3,,591,267.3,361.9,0,0,0,0,,,,
RUE,2010,7,14,16,31.1,,,,,,,,937.7,,1.4,,211,5,207.1,0,0,0,0,,,,
RUE,2010,7,14,17,29.3,,,,,,,,937.6,,1,,78,0.9,77.4,0,0,0,0,,,,
RUE,2010,7,14,18,27.8,,,,,,,,938.6,,4.6,,117,3.4,115.2,0,0,0,0,,,,
RUE,2010,7,14,19,24.4,,,,,,,,940.5,,3.8,,18,0.2,17.9,0,0,0,0,,,,
RUE,2010,7,14,20,20.5,,,,,,,,942,,2.2,,0,0,0,0,0,0,0,,,,
RUE,2010,7,14,21,19.1,,,,,,,,943.3,,2.3,,0,0,0,0,0,0,0,,,,
RUE,2010,7,14,22,19.3,,,,,,,,943.7,,2.2,,0,0,0,0,0,0,0,,,,
RUE,2010,7,14,23,18.8,,,,,,,,944.3,,1.8,,0,0,0,0,0,0,0,,,,
RUE,2010,7,15,0,18.3,,,,,,,,944.5,,1.3,,0,0,0,0,0,0,0,,,,
RUE,2010,7,15,1,17.7,,,,,,,,944.7,,1.5,,0,0,0,0,0,0,0,,,,
RUE,2010,7,15,2,17.5,,,,,,,,944.9,,1,,0,0,0,0,0,0,0,,,,
RUE,2010,7,15,3,17.6,,,,,,,,945.2,,0.5,,0,0,0,0,0,0,0,,,,
RUE,2010,7,15,4,17.5,,,,,,,,945.6,,0.5,,7,0,0,0,0,0,0,,,,
RUE,2010,7,15,5,17.7,,,,,,,,946.2,,0.7,,41,0,0,0,0,0,0,,,,
RUE,2010,7,15,6,17.9,,,,,,,,946.9,,1.7,,75,0,0,0,0,0,0,,,,
RUE,2010,7,15,7,17.8,,,,,,,,947.1,,1.9,,132,353.8,69.1,0,0,0,0,,,,
RUE,2010,7,15,8,18.2,,,,,,,,947.2,,1.8,,224,219.9,149,0,0,0,0,,,,
RUE,2010,7,15,9,18.9,,,,,,,,947.3,,1.3,,451,655.8,123,0,0,0,0,,,,
RUE,2010,7,15,10,19.5,,,,,,,,947.2,,0.9,,316,59.4,277.7,0,0,0,0,,,,
RUE,2010,7,15,11,19.7,,,,,,,,947.1,,1.5,,351,43.4,317.9,0,0,0,0,,,,
RUE,2010,7,15,12,20.8,,,,,,,,946.9,,1.2,,758,643.3,213.3,0,0,0,0,,,,
RUE,2010,7,15,13,22,,,,,,,,946.6,,1.6,,864,774.9,172.6,0,0,0,0,,,,
RUE,2010,7,15,14,23.1,,,,,,,,946.5,,2,,856,754.5,180.4,0,0,0,0,,,,
RUE,2010,7,15,15,22.6,,,,,,,,946.3,,1.3,,351,24.2,330.3,0,0,0,0,,,,
RUE,2010,7,15,16,23.2,,,,,,,,946,,1.5,,468,153.2,349.1,0,0,0,0,,,,
RUE,2010,7,15,17,23,,,,,,,,945.8,,1.4,,284,30.2,264,0,0,0,0,,,,
RUE,2010,7,15,18,21.8,,,,,,,,945.9,,2.3,,116,3.4,114.2,0,0,0,0,,,,
RUE,2010,7,15,19,20.6,,,,,,,,946.3,,1.7,,15,0.1,15,0,0,0,0,,,,
RUE,2010,7,15,20,19.7,,,,,,,,946.9,,1.2,,0,0,0,0,0,0,0,,,,
RUE,2010,7,15,21,18.8,,,,,,,,947,,1,,0,0,0,0,0,0,0,,,,
RUE,2010,7,15,22,18.2,,,,,,,,947.1,,0.8,,0,0,0,0,0,0,0,,,,
RUE,2010,7,15,23,17.9,,,,,,,,946.9,,0.8,,0,0,0,0,0,0,0,,,,
RUE,2010,7,16,0,17.8,,,,,,,,946.5,,1,,0,0,0,0,0,0,0,,,,
RUE,2010,7,16,1,17.7,,,,,,,,946.4,,0.8,,0,0,0,0,0,0,0,,,,
RUE,2010,7,16,2,17.3,,,,,,,,946.3,,1,,0,0,0,0,0,0,0,,,,
RUE,2010,7,16,3,16.9,,,,,,,,946.3,,0.5,,0,0,0,0,0,0,0,,,,
RUE,2010,7,16,4,16.8,,,,,,,,946.6,,1,,23,0,0,0,0,0,0,,,,
RUE,2010,7,16,5,17.8,,,,,,,,946.7,,1.5,,142,0,0,0,0,0,0,,,,
RUE,2010,7,16,6,19.8,,,,,,,,946.8,,1.7,,317,0,0,0,0,0,0,,,,
RUE,2010,7,16,7,21.7,,,,,,,,947.1,,1.4,,482,2294,79.5,0,0,0,0,,,,
RUE,2010,7,16,8,23.3,,,,,,,,947,,0.8,,635,1564.2,104.8,0,0,0,0,,,,
RUE,2010,7,16,9,25.1,,,,,,,,946.9,,1.3,,760,1273.7,125.4,0,0,0,0,,,,
RUE,2010,7,16,10,26.3,,,,,,,,946.8,,1.5,,859,1117.2,141.7,0,0,0,0,,,,
RUE,2010,7,16,11,27.2,,,,,,,,946.5,,1.5,,896,983.9,147.8,0,0,0,0,,,,
RUE,2010,7,16,12,28.4,,,,,,,,946.3,,2,,901,890,148.7,0,0,0,0,,,,
RUE,2010,7,16,13,28.9,,,,,,,,946.1,,2,,852,754.8,179.5,0,0,0,0,,,,
RUE,2010,7,16,14,28.9,,,,,,,,946.1,,3.1,,675,374.9,339.7,0,0,0,0,,,,
RUE,2010,7,16,15,28.5,,,,,,,,946.1,,2.7,,546,196.1,378.4,0,0,0,0,,,,
RUE,2010,7,16,16,28,,,,,,,,946,,2.9,,381,59.7,334.7,0,0,0,0,,,,
RUE,2010,7,16,17,27.7,,,,,,,,946.1,,2.8,,305,43.7,276.1,0,0,0,0,,,,
RUE,2010,7,16,18,26.7,,,,,,,,946.4,,2.8,,115,3.3,113.3,0,0,0,0,,,,
RUE,2010,7,16,19,23.4,,,,,,,,947,,2.4,,3,0,3,0,0,0,0,,,,
RUE,2010,7,16,20,18.7,,,,,,,,948.4,,1.9,,0,0,0,0,0,0,0,,,,
RUE,2010,7,16,21,19,,,,,,,,948.6,,3.4,,0,0,0,0,0,0,0,,,,
RUE,2010,7,16,22,19.3,,,,,,,,948.5,,2.4,,0,0,0,0,0,0,0,,,,
RUE,2010,7,16,23,19.2,,,,,,,,948.2,,1.7,,0,0,0,0,0,0,0,,,,
RUE,2010,7,17,0,19.1,,,,,,,,948,,1.9,,0,0,0,0,0,0,0,,,,
RUE,2010,7,17,1,18.6,,,,,,,,947.9,,1.3,,0,0,0,0,0,0,0,,,,
RUE,2010,7,17,2,17.4,,,,,,,,947.8,,0.9,,0,0,0,0,0,0,0,,,,
RUE,2010,7,17,3,17.3,,,,,,,,947.7,,0.5,,0,0,0,0,0,0,0,,,,
RUE,2010,7,17,4,17.4,,,,,,,,947.9,,0.9,,23,0,0,0,0,0,0,,,,
RUE,2010,7,17,5,18,,,,,,,,948.6,,1.5,,151,0,0,0,0,0,0,,,,
RUE,2010,7,17,6,18.7,,,,,,,,949.2,,2.4,,281,0,0,0,0,0,0,,,,
RUE,2010,7,17,7,19.3,,,,,,,,949.8,,2.8,,385,1857,63.5,0,0,0,0,,,,
RUE,2010,7,17,8,20.4,,,,,,,,950.3,,3.4,,548,1358.5,90.4,0,0,0,0,,,,
RUE,2010,7,17,9,19.9,,,,,,,,950.4,,3.3,,298,150.7,223.2,0,0,0,0,,,,
RUE,2010,7,17,10,19.3,,,,,,,,950.7,,3.2,,272,28.9,253.5,0,0,0,0,,,,
RUE,2010,7,17,11,19.1,,,,,,,,950.9,,2.6,,207,5.1,203.2,0,0,0,0,,,,
RUE,2010,7,17,12,16.6,,,,,,,,951.4,,3.1,,124,1.5,122.8,0,0,0,0,,,,
RUE,2010,7,17,13,16.1,,,,,,,,951.9,,2.3,,107,1,106.1,0,0,0,0,,,,
RUE,2010,7,17,14,15.3,,,,,,,,951.8,,2.4,,188,3,185.3,0,0,0,0,,,,
RUE,2010,7,17,15,15.4,,,,,,,,951.8,,1.5,,96,0.9,95.3,0,0,0,0,,,,
RUE,2010,7,17,16,16.8,,,,,,,,951.5,,2.3,,266,10.3,258,0,0,0,0,,,,
RUE,2010,7,17,17,17.3,,,,,,,,951.8,,2.5,,131,2.7,129.2,0,0,0,0,,,,
RUE,2010,7,17,18,17.3,,,,,,,,952.5,,2.4,,101,2.6,99.7,0,0,0,0,,,,
RUE,2010,7,17,19,17,,,,,,,,953.1,,2.1,,6,0,6,0,0,0,0,,,,
RUE,2010,7,17,20,16.6,,,,,,,,954.1,,1.1,,0,0,0,0,0,0,0,,,,
RUE,2010,7,17,21,16.2,,,,,,,,954.5,,1.4,,0,0,0,0,0,0,0,,,,
RUE,2010,7,17,22,16.3,,,,,,,,955,,1.1,,0,0,0,0,0,0,0,,,,
RUE,2010,7,17,23,16,,,,,,,,955.2,,1.1,,0,0,0,0,0,0,0,,,,
RUE,2010,7,18,0,15.2,,,,,,,,955,,0.7,,0,0,0,0,0,0,0,,,,
RUE,2010,7,18,1,14.9,,,,,,,,954.8,,0.6,,0,0,0,0,0,0,0,,,,
RUE,2010,7,18,2,14,,,,,,,,954.5,,0.8,,0,0,0,0,0,0,0,,,,
RUE,2010,7,18,3,14.2,,,,,,,,954.6,,0.7,,0,0,0,0,0,0,0,,,,
RUE,2010,7,18,4,14.1,,,,,,,,954.7,,0.7,,10,0,0,0,0,0,0,,,,
RUE,2010,7,18,5,14.3,,,,,,,,955.1,,0.5,,70,0,0,0,0,0,0,,,,
RUE,2010,7,18,6,15,,,,,,,,955.4,,0.9,,291,0,0,0,0,0,0,,,,
RUE,2010,7,18,7,16.8,,,,,,,,955.6,,2.7,,442,2161.6,72.9,0,0,0,0,,,,
RUE,2010,7,18,8,18.3,,,,,,,,955.6,,3.3,,701,1749.3,115.7,0,0,0,0,,,,
RUE,2010,7,18,9,19.1,,,,,,,,955.6,,2.9,,770,1300.8,127.1,0,0,0,0,,,,
RUE,2010,7,18,10,20,,,,,,,,955.4,,3.1,,753,984.9,124.2,0,0,0,0,,,,
RUE,2010,7,18,11,20.4,,,,,,,,955.1,,2.6,,737,782.7,144.4,0,0,0,0,,,,
RUE,2010,7,18,12,21.6,,,,,,,,954.6,,3.3,,942,933.7,155.4,0,0,0,0,,,,
RUE,2010,7,18,13,22,,,,,,,,954.1,,3.5,,862,778,170.9,0,0,0,0,,,,
RUE,2010,7,18,14,22.6,,,,,,,,953.7,,3.7,,798,642.6,225,0,0,0,0,,,,
RUE,2010,7,18,15,22.4,,,,,,,,953.5,,3.2,,616,319.7,343.5,0,0,0,0,,,,
RUE,2010,7,18,16,22.4,,,,,,,,952.9,,3.1,,461,146.4,347.9,0,0,0,0,,,,
RUE,2010,7,18,17,21.8,,,,,,,,952.5,,3.5,,290,34.6,267.2,0,0,0,0,,,,
RUE,2010,7,18,18,20.7,,,,,,,,952.4,,2.9,,115,3.4,113.3,0,0,0,0,,,,
RUE,2010,7,18,19,19.2,,,,,,,,952.3,,1.9,,12,0.1,12,0,0,0,0,,,,
RUE,2010,7,18,20,18,,,,,,,,952.6,,1.8,,0,0,0,0,0,0,0,,,,
RUE,2010,7,18,21,17.4,,,,,,,,952.6,,1.7,,0,0,0,0,0,0,0,,,,
RUE,2010,7,18,22,16.5,,,,,,,,952.6,,1.6,,0,0,0,0,0,0,0,,,,
RUE,2010,7,18,23,15.9,,,,,,,,952.5,,1.4,,0,0,0,0,0,0,0,,,,
RUE,2010,7,19,0,14.9,,,,,,,,952.3,,1.6,,0,0,0,0,0,0,0,,,,
RUE,2010,7,19,1,14.6,,,,,,,,951.8,,2.1,,0,0,0,0,0,0,0,,,,
RUE,2010,7,19,2,14.2,,,,,,,,951.2,,2.1,,0,0,0,0,0,0,0,,,,
RUE,2010,7,19,3,14,,,,,,,,951.2,,2.3,,0,0,0,0,0,0,0,,,,
RUE,2010,7,19,4,13.8,,,,,,,,951.2,,1.7,,22,0,0,0,0,0,0,,,,
RUE,2010,7,19,5,14.8,,,,,,,,951.3,,2.7,,144,0,0,0,0,0,0,,,,
RUE,2010,7,19,6,16.1,,,,,,,,951.3,,4.2,,322,0,0,0,0,0,0,,,,
RUE,2010,7,19,7,17.4,,,,,,,,951.4,,3.7,,489,2425.9,80.7,0,0,0,0,,,,
RUE,2010,7,19,8,19,,,,,,,,951.3,,3.5,,643,1615.4,106.1,0,0,0,0,,,,
RUE,2010,7,19,9,20.5,,,,,,,,951,,4.3,,767,1301.2,126.6,0,0,0,0,,,,
RUE,2010,7,19,10,21.8,,,,,,,,950.9,,4.8,,865,1134.6,142.7,0,0,0,0,,,,
RUE,2010,7,19,11,23.1,,,,,,,,950.6,,4.7,,917,1013.5,151.3,0,0,0,0,,,,
RUE,2010,7,19,12,24.1,,,,,,,,950.3,,4.7,,916,909.6,151.1,0,0,0,0,,,,
RUE,2010,7,19,13,24.2,,,,,,,,950,,4.2,,857,771.4,173,0,0,0,0,,,,
RUE,2010,7,19,14,24.7,,,,,,,,949.7,,3.7,,754,548.7,265.6,0,0,0,0,,,,
RUE,2010,7,19,15,24.9,,,,,,,,949.3,,3.2,,622,333.4,338.4,0,0,0,0,,,,
RUE,2010,7,19,16,24.4,,,,,,,,949,,3.4,,457,142,347.5,0,0,0,0,,,,
RUE,2010,7,19,17,23.7,,,,,,,,948.7,,3.7,,282,30.4,262,0,0,0,0,,,,
RUE,2010,7,19,18,22.6,,,,,,,,948.7,,2.5,,110,3.1,108.4,0,0,0,0,,,,
RUE,2010,7,19,19,21.2,,,,,,,,948.9,,2.2,,11,0.1,11,0,0,0,0,,,,
RUE,2010,7,19,20,20,,,,,,,,949,,2.1,,0,0,0,0,0,0,0,,,,
RUE,2010,7,19,21,18.6,,,,,,,,948.8,,1.8,,0,0,0,0,0,0,0,,,,
RUE,2010,7,19,22,18.1,,,,,,,,948.6,,2.8,,0,0,0,0,0,0,0,,,,
RUE,2010,7,19,23,17.5,,,,,,,,948.3,,2.7,,0,0,0,0,0,0,0,,,,
RUE,2010,7,20,0,16.7,,,,,,,,947.8,,2.2,,0,0,0,0,0,0,0,,,,
RUE,2010,7,20,1,16.6,,,,,,,,947.2,,2,,0,0,0,0,0,0,0,,,,
RUE,2010,7,20,2,15.9,,,,,,,,946.8,,1.1,,0,0,0,0,0,0,0,,,,
RUE,2010,7,20,3,15.7,,,,,,,,946.8,,0.7,,0,0,0,0,0,0,0,,,,
RUE,2010,7,20,4,15.5,,,,,,,,946.5,,0.8,,22,0,0,0,0,0,0,,,,
RUE,2010,7,20,5,16.6,,,,,,,,946.2,,1.7,,143,0,0,0,0,0,0,,,,
RUE,2010,7,20,6,18.1,,,,,,,,946,,2.4,,319,0,0,0,0,0,0,,,,
RUE,2010,7,20,7,19.4,,,,,,,,946,,1.9,,485,2442,80,0,0,0,0,,,,
RUE,2010,7,20,8,21.2,,,,,,,,945.8,,1.5,,638,1614,105.3,0,0,0,0,,,,
RUE,2010,7,20,9,22.5,,,,,,,,945.5,,1.6,,757,1289.7,124.9,0,0,0,0,,,,
RUE,2010,7,20,10,23.8,,,,,,,,945.2,,1.1,,859,1130.1,141.7,0,0,0,0,,,,
RUE,2010,7,20,11,24.7,,,,,,,,944.7,,1,,912,1010.3,150.5,0,0,0,0,,,,
RUE,2010,7,20,12,26.2,,,,,,,,944.1,,1.2,,907,902.4,149.7,0,0,0,0,,,,
RUE,2010,7,20,13,26.8,,,,,,,,943.5,,1.8,,844,749.4,180.6,0,0,0,0,,,,
RUE,2010,7,20,14,27.4,,,,,,,,943,,2.1,,743,527,274.6,0,0,0,0,,,,
RUE,2010,7,20,15,27.7,,,,,,,,942.4,,1.5,,611,313.8,344.5,0,0,0,0,,,,
RUE,2010,7,20,16,27.7,,,,,,,,942,,2,,452,136.4,347,0,0,0,0,,,,
RUE,2010,7,20,17,27.1,,,,,,,,941.7,,2.1,,277,28.1,258.6,0,0,0,0,,,,
RUE,2010,7,20,18,25.9,,,,,,,,941.6,,1.6,,106,2.9,104.5,0,0,0,0,,,,
RUE,2010,7,20,19,24.7,,,,,,,,941.8,,1.5,,7,0,7,0,0,0,0,,,,
RUE,2010,7,20,20,23.6,,,,,,,,941.9,,1.1,,0,0,0,0,0,0,0,,,,
RUE,2010,7,20,21,23,,,,,,,,941.8,,1,,0,0,0,0,0,0,0,,,,
RUE,2010,7,20,22,22,,,,,,,,941.7,,1.5,,0,0,0,0,0,0,0,,,,
RUE,2010,7,20,23,20.9,,,,,,,,941.8,,1.3,,0,0,0,0,0,0,0,,,,
RUE,2010,7,21,0,20.7,,,,,,,,941.4,,1.4,,0,0,0,0,0,0,0,,,,
RUE,2010,7,21,1,19.9,,,,,,,,941.3,,1.2,,0,0,0,0,0,0,0,,,,
RUE,2010,7,21,2,19.4,,,,,,,,941.2,,1.4,,0,0,0,0,0,0,0,,,,
RUE,2010,7,21,3,19.5,,,,,,,,941.2,,1.4,,0,0,0,0,0,0,0,,,,
RUE,2010,7,21,4,19.6,,,,,,,,941.3,,1,,20,0,0,0,0,0,0,,,,
RUE,2010,7,21,5,20.4,,,,,,,,941.4,,0.8,,114,0,0,0,0,0,0,,,,
RUE,2010,7,21,6,21.2,,,,,,,,941.7,,1.2,,288,0,0,0,0,0,0,,,,
RUE,2010,7,21,7,23.6,,,,,,,,941.9,,1.1,,411,2101.4,67.8,0,0,0,0,,,,
RUE,2010,7,21,8,25.1,,,,,,,,942.1,,1.1,,601,1531.2,99.2,0,0,0,0,,,,
RUE,2010,7,21,9,26.6,,,,,,,,942,,1.5,,734,1256,121.1,0,0,0,0,,,,
RUE,2010,7,21,10,27.7,,,,,,,,941.9,,2,,833,1099.3,137.4,0,0,0,0,,,,
RUE,2010,7,21,11,28.4,,,,,,,,941.5,,1.1,,891,989.3,147,0,0,0,0,,,,
RUE,2010,7,21,12,29.6,,,,,,,,941,,1.9,,834,815.8,150.6,0,0,0,0,,,,
RUE,2010,7,21,13,30.6,,,,,,,,940.5,,2.5,,767,589.3,246.2,0,0,0,0,,,,
RUE,2010,7,21,14,30.4,,,,,,,,940.4,,2.1,,656,347.2,348,0,0,0,0,,,,
RUE,2010,7,21,15,29,,,,,,,,940.6,,3.9,,435,73.3,372.8,0,0,0,0,,,,
RUE,2010,7,21,16,27.6,,,,,,,,940.8,,3.6,,268,11,259.5,0,0,0,0,,,,
RUE,2010,7,21,17,26.3,,,,,,,,941.1,,3.2,,230,11.4,222.5,0,0,0,0,,,,
RUE,2010,7,21,18,24.8,,,,,,,,941.6,,2,,68,1.2,67.4,0,0,0,0,,,,
RUE,2010,7,21,19,23.7,,,,,,,,942.5,,1.6,,6,0,6,0,0,0,0,,,,
RUE,2010,7,21,20,23.2,,,,,,,,943,,2,,0,0,0,0,0,0,0,,,,
RUE,2010,7,21,21,20,,,,,,,,944,,3.3,,0,0,0,0,0,0,0,,,,
RUE,2010,7,21,22,17.6,,,,,,,,944.6,,0.8,,0,0,0,0,0,0,0,,,,
RUE,2010,7,21,23,17,,,,,,,,944.2,,1.2,,0,0,0,0,0,0,0,,,,
RUE,2010,7,22,0,16.9,,,,,,,,943.7,,0.4,,0,0,0,0,0,0,0,,,,
RUE,2010,7,22,1,16.9,,,,,,,,943.4,,0.7,,0,0,0,0,0,0,0,,,,
RUE,2010,7,22,2,16.7,,,,,,,,943.3,,0.7,,0,0,0,0,0,0,0,,,,
RUE,2010,7,22,3,16.7,,,,,,,,943.5,,0.5,,0,0,0,0,0,0,0,,,,
RUE,2010,7,22,4,16.6,,,,,,,,943.7,,0.6,,18,0,0,0,0,0,0,,,,
RUE,2010,7,22,5,16.9,,,,,,,,944,,0.9,,97,0,0,0,0,0,0,,,,
RUE,2010,7,22,6,17.8,,,,,,,,944.1,,0.5,,136,0,0,0,0,0,0,,,,
RUE,2010,7,22,7,18.9,,,,,,,,944.4,,0.6,,231,1199.9,38.1,0,0,0,0,,,,
RUE,2010,7,22,8,20,,,,,,,,944.4,,1,,428,1098.4,70.6,0,0,0,0,,,,
RUE,2010,7,22,9,20.4,,,,,,,,944.7,,2.1,,274,113.8,218.7,0,0,0,0,,,,
RUE,2010,7,22,10,21.3,,,,,,,,944.7,,2.8,,628,815.7,113.5,0,0,0,0,,,,
RUE,2010,7,22,11,22.2,,,,,,,,944.4,,2.7,,651,588.9,209.2,0,0,0,0,,,,
RUE,2010,7,22,12,21.7,,,,,,,,944.6,,4.1,,536,198.6,369.9,0,0,0,0,,,,
RUE,2010,7,22,13,19.7,,,,,,,,944.8,,3.8,,178,2.8,175.6,0,0,0,0,,,,
RUE,2010,7,22,14,17.6,,,,,,,,945.2,,2.7,,59,0.3,58.7,0,0,0,0,,,,
RUE,2010,7,22,15,17.7,,,,,,,,945.2,,1.7,,169,2.7,166.7,0,0,0,0,,,,
RUE,2010,7,22,16,17.7,,,,,,,,945.1,,1.5,,78,0.7,77.5,0,0,0,0,,,,
RUE,2010,7,22,17,17.6,,,,,,,,945.3,,1.1,,26,0.1,25.9,0,0,0,0,,,,
RUE,2010,7,22,18,17.5,,,,,,,,946,,0.7,,18,0.1,18,0,0,0,0,,,,
RUE,2010,7,22,19,17.5,,,,,,,,946.7,,0.5,,6,0,6,0,0,0,0,,,,
RUE,2010,7,22,20,17.5,,,,,,,,947.3,,0.9,,0,0,0,0,0,0,0,,,,
RUE,2010,7,22,21,17.2,,,,,,,,947.4,,1.2,,0,0,0,0,0,0,0,,,,
RUE,2010,7,22,22,17,,,,,,,,947.4,,1.1,,0,0,0,0,0,0,0,,,,
RUE,2010,7,22,23,16.9,,,,,,,,947.4,,0.3,,0,0,0,0,0,0,0,,,,
RUE,2010,7,23,0,16.7,,,,,,,,947.3,,0.7,,0,0,0,0,0,0,0,,,,
RUE,2010,7,23,1,16.6,,,,,,,,947.2,,0.5,,0,0,0,0,0,0,0,,,,
RUE,2010,7,23,2,16.6,,,,,,,,947.1,,0.3,,0,0,0,0,0,0,0,,,,
RUE,2010,7,23,3,16.4,,,,,,,,946.8,,1.1,,0,0,0,0,0,0,0,,,,
RUE,2010,7,23,4,16.3,,,,,,,,947.1,,1.3,,6,0,0,0,0,0,0,,,,
RUE,2010,7,23,5,16.2,,,,,,,,946.8,,1.8,,39,0,0,0,0,0,0,,,,
RUE,2010,7,23,6,16.1,,,,,,,,947,,2.2,,69,0,0,0,0,0,0,,,,
RUE,2010,7,23,7,15.8,,,,,,,,947.2,,2.1,,55,10.9,53.3,0,0,0,0,,,,
RUE,2010,7,23,8,15.2,,,,,,,,947.2,,2.1,,103,7.7,100.5,0,0,0,0,,,,
RUE,2010,7,23,9,15.5,,,,,,,,947.1,,1.8,,128,4.8,125.7,0,0,0,0,,,,
RUE,2010,7,23,10,14.4,,,,,,,,947.1,,2.1,,49,0.4,48.7,0,0,0,0,,,,
RUE,2010,7,23,11,13.6,,,,,,,,947.3,,2.7,,77,0.7,76.5,0,0,0,0,,,,
RUE,2010,7,23,12,13.8,,,,,,,,947.3,,2.1,,149,2.2,147.2,0,0,0,0,,,,
RUE,2010,7,23,13,14,,,,,,,,948.1,,2.9,,127,1.4,125.8,0,0,0,0,,,,
RUE,2010,7,23,14,15,,,,,,,,948.1,,2.9,,384,32.2,355.5,0,0,0,0,,,,
RUE,2010,7,23,15,14.3,,,,,,,,948.9,,3.4,,182,3.2,179.3,0,0,0,0,,,,
RUE,2010,7,23,16,13.6,,,,,,,,949,,1.5,,139,2.2,137.3,0,0,0,0,,,,
RUE,2010,7,23,17,14,,,,,,,,949.6,,1.2,,151,3.7,148.6,0,0,0,0,,,,
RUE,2010,7,23,18,14.1,,,,,,,,949.7,,1.1,,73,1.4,72.3,0,0,0,0,,,,
RUE,2010,7,23,19,13.4,,,,,,,,949.9,,0.6,,8,0,8,0,0,0,0,,,,
RUE,2010,7,23,20,12.9,,,,,,,,950.3,,0.8,,0,0,0,0,0,0,0,,,,
RUE,2010,7,23,21,12.4,,,,,,,,950.4,,0.9,,0,0,0,0,0,0,0,,,,
RUE,2010,7,23,22,12.6,,,,,,,,950.4,,1.8,,0,0,0,0,0,0,0,,,,
RUE,2010,7,23,23,12.9,,,,,,,,950.4,,1,,0,0,0,0,0,0,0,,,,
RUE,2010,7,24,0,12.2,,,,,,,,950.4,,0.6,,0,0,0,0,0,0,0,,,,
RUE,2010,7,24,1,11.8,,,,,,,,950.2,,0.9,,0,0,0,0,0,0,0,,,,
RUE,2010,7,24,2,12,,,,,,,,950,,0.7,,0,0,0,0,0,0,0,,,,
RUE,2010,7,24,3,12.2,,,,,,,,950,,1.2,,0,0,0,0,0,0,0,,,,
RUE,2010,7,24,4,12.2,,,,,,,,950.4,,1.5,,3,0,0,0,0,0,0,,,,
RUE,2010,7,24,5,12.4,,,,,,,,950.5,,1.5,,42,0,0,0,0,0,0,,,,
RUE,2010,7,24,6,12.3,,,,,,,,950.7,,1.8,,43,0,0,0,0,0,0,,,,
RUE,2010,7,24,7,12.3,,,,,,,,951,,1.7,,46,6.1,45.1,0,0,0,0,,,,
RUE,2010,7,24,8,12.7,,,,,,,,951.3,,1.6,,112,11.1,108.4,0,0,0,0,,,,
RUE,2010,7,24,9,12.9,,,,,,,,951.6,,2.2,,78,1.8,77.1,0,0,0,0,,,,
RUE,2010,7,24,10,13.2,,,,,,,,951.8,,2.3,,170,5,166.9,0,0,0,0,,,,
RUE,2010,7,24,11,14.4,,,,,,,,951.5,,2.7,,393,82.7,331.3,0,0,0,0,,,,
RUE,2010,7,24,12,15.5,,,,,,,,951.1,,2.4,,406,57.3,358.3,0,0,0,0,,,,
RUE,2010,7,24,13,16.4,,,,,,,,950.8,,1.8,,495,112.9,395.7,0,0,0,0,,,,
RUE,2010,7,24,14,16.5,,,,,,,,950.7,,2.2,,180,2.8,177.5,0,0,0,0,,,,
RUE,2010,7,24,15,15.7,,,,,,,,950.6,,1.2,,49,0.2,48.8,0,0,0,0,,,,
RUE,2010,7,24,16,15.1,,,,,,,,950.6,,1.7,,18,0,18,0,0,0,0,,,,
RUE,2010,7,24,17,14.9,,,,,,,,950.6,,2,,23,0.1,22.9,0,0,0,0,,,,
RUE,2010,7,24,18,14.8,,,,,,,,950.6,,1.5,,31,0.3,30.9,0,0,0,0,,,,
RUE,2010,7,24,19,14.4,,,,,,,,950.6,,1.4,,6,0,6,0,0,0,0,,,,
RUE,2010,7,24,20,13.6,,,,,,,,950.7,,0.9,,0,0,0,0,0,0,0,,,,
RUE,2010,7,24,21,13.1,,,,,,,,950.6,,1.2,,0,0,0,0,0,0,0,,,,
RUE,2010,7,24,22,12.5,,,,,,,,950.3,,1.2,,0,0,0,0,0,0,0,,,,
RUE,2010,7,24,23,12.4,,,,,,,,949.9,,0.7,,0,0,0,0,0,0,0,,,,
RUE,2010,7,25,0,11.9,,,,,,,,949.5,,0.6,,0,0,0,0,0,0,0,,,,
RUE,2010,7,25,1,11.6,,,,,,,,949,,0.5,,0,0,0,0,0,0,0,,,,
RUE,2010,7,25,2,11.3,,,,,,,,948.6,,0.7,,0,0,0,0,0,0,0,,,,
RUE,2010,7,25,3,11.5,,,,,,,,948.5,,0.6,,0,0,0,0,0,0,0,,,,
RUE,2010,7,25,4,11.3,,,,,,,,948.5,,0.6,,7,0,0,0,0,0,0,,,,
RUE,2010,7,25,5,11.7,,,,,,,,948.6,,0.4,,54,0,0,0,0,0,0,,,,
RUE,2010,7,25,6,12.4,,,,,,,,948.6,,0.3,,209,0,0,0,0,0,0,,,,
RUE,2010,7,25,7,14,,,,,,,,948.6,,1.3,,452,2470.6,74.6,0,0,0,0,,,,
RUE,2010,7,25,8,14.8,,,,,,,,948.3,,1.6,,584,1533.7,96.4,0,0,0,0,,,,
RUE,2010,7,25,9,16,,,,,,,,948,,2,,731,1274.2,120.6,0,0,0,0,,,,
RUE,2010,7,25,10,16.5,,,,,,,,947.8,,1.7,,672,898.4,110.9,0,0,0,0,,,,
RUE,2010,7,25,11,17.6,,,,,,,,947.3,,1.3,,838,939.8,138.3,0,0,0,0,,,,
RUE,2010,7,25,12,17.9,,,,,,,,947,,1.8,,669,466.8,281.2,0,0,0,0,,,,
RUE,2010,7,25,13,18.1,,,,,,,,946.8,,1,,543,171.1,392.9,0,0,0,0,,,,
RUE,2010,7,25,14,18.4,,,,,,,,946.5,,1,,512,130.1,397.4,0,0,0,0,,,,
RUE,2010,7,25,15,18.1,,,,,,,,946.4,,2.2,,246,5.9,241,0,0,0,0,,,,
RUE,2010,7,25,16,18.9,,,,,,,,946.1,,3.2,,502,222.8,332.4,0,0,0,0,,,,
RUE,2010,7,25,17,17.1,,,,,,,,946.2,,2.8,,161,4.2,158.3,0,0,0,0,,,,
RUE,2010,7,25,18,16.1,,,,,,,,946.2,,1.6,,31,0.3,30.9,0,0,0,0,,,,
RUE,2010,7,25,19,15.7,,,,,,,,946.2,,1.4,,3,0,3,0,0,0,0,,,,
RUE,2010,7,25,20,15.1,,,,,,,,946.1,,1.2,,0,0,0,0,0,0,0,,,,
RUE,2010,7,25,21,15.1,,,,,,,,946,,1.2,,0,0,0,0,0,0,0,,,,
RUE,2010,7,25,22,14.9,,,,,,,,946,,1.2,,0,0,0,0,0,0,0,,,,
RUE,2010,7,25,23,14.2,,,,,,,,945.9,,1,,0,0,0,0,0,0,0,,,,
RUE,2010,7,26,0,14,,,,,,,,945.8,,1.1,,0,0,0,0,0,0,0,,,,
RUE,2010,7,26,1,13.5,,,,,,,,945.3,,0.7,,0,0,0,0,0,0,0,,,,
RUE,2010,7,26,2,12.8,,,,,,,,945.1,,0.5,,0,0,0,0,0,0,0,,,,
RUE,2010,7,26,3,12.4,,,,,,,,944.9,,0.4,,0,0,0,0,0,0,0,,,,
RUE,2010,7,26,4,12.4,,,,,,,,944.8,,0.4,,4,0,0,0,0,0,0,,,,
RUE,2010,7,26,5,12.8,,,,,,,,944.8,,0.4,,38,0,0,0,0,0,0,,,,
RUE,2010,7,26,6,13.5,,,,,,,,944.9,,0.3,,90,0,0,0,0,0,0,,,,
RUE,2010,7,26,7,13.7,,,,,,,,945.1,,0.3,,159,885,26.2,0,0,0,0,,,,
RUE,2010,7,26,8,14.6,,,,,,,,945.2,,0.6,,244,407.2,115.6,0,0,0,0,,,,
RUE,2010,7,26,9,15.5,,,,,,,,945.2,,1.3,,325,254.2,203.8,0,0,0,0,,,,
RUE,2010,7,26,10,17.3,,,,,,,,944.9,,1.5,,598,761,124.3,0,0,0,0,,,,
RUE,2010,7,26,11,18,,,,,,,,944.6,,1.9,,703,737,155.7,0,0,0,0,,,,
RUE,2010,7,26,12,19.2,,,,,,,,944.3,,2.5,,695,530.8,255,0,0,0,0,,,,
RUE,2010,7,26,13,19.5,,,,,,,,944,,2.7,,605,268.3,370.1,0,0,0,0,,,,
RUE,2010,7,26,14,19.3,,,,,,,,943.9,,3.2,,303,10.4,293.8,0,0,0,0,,,,
RUE,2010,7,26,15,18.5,,,,,,,,943.9,,3.4,,276,8.6,268.8,0,0,0,0,,,,
RUE,2010,7,26,16,18.5,,,,,,,,943.7,,2.6,,207,5.1,203.2,0,0,0,0,,,,
RUE,2010,7,26,17,16.8,,,,,,,,944,,4.6,,37,0.2,36.9,0,0,0,0,,,,
RUE,2010,7,26,18,14.6,,,,,,,,944.8,,2.4,,19,0.1,19,0,0,0,0,,,,
RUE,2010,7,26,19,14.4,,,,,,,,944.7,,1.9,,1,0,1,0,0,0,0,,,,
RUE,2010,7,26,20,14.3,,,,,,,,945,,2,,0,0,0,0,0,0,0,,,,
RUE,2010,7,26,21,14.3,,,,,,,,944.9,,2.2,,0,0,0,0,0,0,0,,,,
RUE,2010,7,26,22,14.1,,,,,,,,944.9,,2.7,,0,0,0,0,0,0,0,,,,
RUE,2010,7,26,23,13.3,,,,,,,,945.2,,2.1,,0,0,0,0,0,0,0,,,,
RUE,2010,7,27,0,13.4,,,,,,,,945.1,,1.7,,0,0,0,0,0,0,0,,,,
RUE,2010,7,27,1,13.5,,,,,,,,945.3,,1.7,,0,0,0,0,0,0,0,,,,
RUE,2010,7,27,2,13.4,,,,,,,,945.5,,1.3,,0,0,0,0,0,0,0,,,,
RUE,2010,7,27,3,13.3,,,,,,,,945.7,,1.2,,0,0,0,0,0,0,0,,,,
RUE,2010,7,27,4,13.3,,,,,,,,946.2,,0.8,,7,0,0,0,0,0,0,,,,
RUE,2010,7,27,5,13.4,,,,,,,,946.7,,1.8,,50,0,0,0,0,0,0,,,,
RUE,2010,7,27,6,14.3,,,,,,,,947,,2.7,,295,0,0,0,0,0,0,,,,
RUE,2010,7,27,7,14.6,,,,,,,,947.5,,2.6,,320,1814.9,52.8,0,0,0,0,,,,
RUE,2010,7,27,8,15.7,,,,,,,,947.8,,1.9,,485,1294.6,80,0,0,0,0,,,,
RUE,2010,7,27,9,16.7,,,,,,,,948,,2.5,,618,1087.9,102,0,0,0,0,,,,
RUE,2010,7,27,10,17.5,,,,,,,,948.1,,3.1,,802,1079.7,132.3,0,0,0,0,,,,
RUE,2010,7,27,11,18.7,,,,,,,,948.2,,3,,905,1020.5,149.3,0,0,0,0,,,,
RUE,2010,7,27,12,19.6,,,,,,,,948,,2.5,,865,873.9,142.4,0,0,0,0,,,,
RUE,2010,7,27,13,19.7,,,,,,,,947.8,,2.6,,636,327.2,350.2,0,0,0,0,,,,
RUE,2010,7,27,14,20,,,,,,,,947.8,,2.3,,507,126.7,395.9,0,0,0,0,,,,
RUE,2010,7,27,15,20.9,,,,,,,,947.9,,2.3,,615,337.8,332.1,0,0,0,0,,,,
RUE,2010,7,27,16,20.5,,,,,,,,948,,3.3,,428,114.6,341.2,0,0,0,0,,,,
RUE,2010,7,27,17,19.7,,,,,,,,948.3,,3.1,,252,19.3,239.6,0,0,0,0,,,,
RUE,2010,7,27,18,18.5,,,,,,,,948.7,,1.8,,70,1.3,69.3,0,0,0,0,,,,
RUE,2010,7,27,19,17.7,,,,,,,,949.1,,1.3,,4,0,4,0,0,0,0,,,,
RUE,2010,7,27,20,16.6,,,,,,,,949.6,,1.2,,0,0,0,0,0,0,0,,,,
RUE,2010,7,27,21,16.3,,,,,,,,949.6,,1.3,,0,0,0,0,0,0,0,,,,
RUE,2010,7,27,22,15.6,,,,,,,,949.8,,0.8,,0,0,0,0,0,0,0,,,,
RUE,2010,7,27,23,15.7,,,,,,,,949.6,,0.7,,0,0,0,0,0,0,0,,,,
RUE,2010,7,28,0,15.1,,,,,,,,949.6,,0.4,,0,0,0,0,0,0,0,,,,
RUE,2010,7,28,1,15.4,,,,,,,,949.5,,0.7,,0,0,0,0,0,0,0,,,,
RUE,2010,7,28,2,14.9,,,,,,,,949.1,,0.6,,0,0,0,0,0,0,0,,,,
RUE,2010,7,28,3,14.6,,,,,,,,949.1,,0.7,,0,0,0,0,0,0,0,,,,
RUE,2010,7,28,4,14.8,,,,,,,,949,,1.3,,14,0,0,0,0,0,0,,,,
RUE,2010,7,28,5,15.2,,,,,,,,948.8,,1,,63,0,0,0,0,0,0,,,,
RUE,2010,7,28,6,16.1,,,,,,,,948.6,,0.6,,149,0,0,0,0,0,0,,,,
RUE,2010,7,28,7,17,,,,,,,,948.7,,0.5,,192,1110.3,31.7,0,0,0,0,,,,
RUE,2010,7,28,8,16.7,,,,,,,,948.8,,1.3,,218,285.9,129.3,0,0,0,0,,,,
RUE,2010,7,28,9,16,,,,,,,,949.2,,2,,164,10.8,158.9,0,0,0,0,,,,
RUE,2010,7,28,10,14.4,,,,,,,,949.5,,2.2,,139,3.4,136.9,0,0,0,0,,,,
RUE,2010,7,28,11,14.5,,,,,,,,949.1,,1.1,,148,2.7,146,0,0,0,0,,,,
RUE,2010,7,28,12,15.4,,,,,,,,948.5,,0.8,,150,2.2,148.1,0,0,0,0,,,,
RUE,2010,7,28,13,16.1,,,,,,,,948.1,,1,,201,3.6,197.8,0,0,0,0,,,,
RUE,2010,7,28,14,18,,,,,,,,947.6,,0.7,,528,152.9,394.2,0,0,0,0,,,,
RUE,2010,7,28,15,17.3,,,,,,,,947.2,,1.5,,124,1.5,122.7,0,0,0,0,,,,
RUE,2010,7,28,16,16.9,,,,,,,,946.9,,1,,64,0.5,63.6,0,0,0,0,,,,
RUE,2010,7,28,17,17.7,,,,,,,,946.5,,1.6,,161,4.3,158.2,0,0,0,0,,,,
RUE,2010,7,28,18,17.6,,,,,,,,946.3,,1.5,,32,0.3,31.9,0,0,0,0,,,,
RUE,2010,7,28,19,16.8,,,,,,,,946.5,,1.2,,4,0,4,0,0,0,0,,,,
RUE,2010,7,28,20,16,,,,,,,,946.4,,0.4,,0,0,0,0,0,0,0,,,,
RUE,2010,7,28,21,16.2,,,,,,,,946.1,,1,,0,0,0,0,0,0,0,,,,
RUE,2010,7,28,22,16.5,,,,,,,,945.6,,1.4,,0,0,0,0,0,0,0,,,,
RUE,2010,7,28,23,16.5,,,,,,,,945,,1.2,,0,0,0,0,0,0,0,,,,
RUE,2010,7,29,0,16.4,,,,,,,,944.3,,1.1,,0,0,0,0,0,0,0,,,,
RUE,2010,7,29,1,16.4,,,,,,,,943.5,,0.4,,0,0,0,0,0,0,0,,,,
RUE,2010,7,29,2,15.7,,,,,,,,942.8,,1,,0,0,0,0,0,0,0,,,,
RUE,2010,7,29,3,14.4,,,,,,,,942.5,,1.3,,0,0,0,0,0,0,0,,,,
RUE,2010,7,29,4,14.2,,,,,,,,942,,0.6,,2,0,0,0,0,0,0,,,,
RUE,2010,7,29,5,14.3,,,,,,,,942.2,,0.6,,8,0,0,0,0,0,0,,,,
RUE,2010,7,29,6,14.5,,,,,,,,942.4,,0.5,,31,0,0,0,0,0,0,,,,
RUE,2010,7,29,7,15,,,,,,,,942.1,,0.6,,108,387.5,53.2,0,0,0,0,,,,
RUE,2010,7,29,8,14.6,,,,,,,,942.1,,0.8,,28,0.6,27.8,0,0,0,0,,,,
RUE,2010,7,29,9,14.8,,,,,,,,942.3,,0.9,,47,0.7,46.7,0,0,0,0,,,,
RUE,2010,7,29,10,16.1,,,,,,,,942.3,,2.7,,475,402.4,227.2,0,0,0,0,,,,
RUE,2010,7,29,11,16.5,,,,,,,,942.7,,3.3,,448,158.4,331.4,0,0,0,0,,,,
RUE,2010,7,29,12,16.8,,,,,,,,942.6,,4.1,,494,149.4,371.1,0,0,0,0,,,,
RUE,2010,7,29,13,16,,,,,,,,942.7,,3.5,,223,4.5,219.1,0,0,0,0,,,,
RUE,2010,7,29,14,17,,,,,,,,942.4,,3.1,,487,107.6,393,0,0,0,0,,,,
RUE,2010,7,29,15,15.1,,,,,,,,942.8,,3,,162,2.6,159.9,0,0,0,0,,,,
RUE,2010,7,29,16,15,,,,,,,,943.2,,3.2,,148,2.6,146,0,0,0,0,,,,
RUE,2010,7,29,17,13.7,,,,,,,,943.6,,1.9,,112,2.1,110.7,0,0,0,0,,,,
RUE,2010,7,29,18,13.4,,,,,,,,944.1,,1.6,,25,0.2,24.9,0,0,0,0,,,,
RUE,2010,7,29,19,12.9,,,,,,,,944.4,,1.1,,2,0,2,0,0,0,0,,,,
RUE,2010,7,29,20,12.8,,,,,,,,944.6,,0.5,,0,0,0,0,0,0,0,,,,
RUE,2010,7,29,21,12.7,,,,,,,,944.6,,1,,0,0,0,0,0,0,0,,,,
RUE,2010,7,29,22,12.4,,,,,,,,944.7,,0.9,,0,0,0,0,0,0,0,,,,
RUE,2010,7,29,23,12.4,,,,,,,,944.5,,1.1,,0,0,0,0,0,0,0,,,,
RUE,2010,7,30,0,12.3,,,,,,,,944.4,,0.9,,0,0,0,0,0,0,0,,,,
RUE,2010,7,30,1,12.2,,,,,,,,944.1,,0.8,,0,0,0,0,0,0,0,,,,
RUE,2010,7,30,2,12,,,,,,,,943.9,,0.6,,0,0,0,0,0,0,0,,,,
RUE,2010,7,30,3,11.9,,,,,,,,943.9,,0.6,,0,0,0,0,0,0,0,,,,
RUE,2010,7,30,4,12.1,,,,,,,,944.1,,0.9,,1,0,0,0,0,0,0,,,,
RUE,2010,7,30,5,11.7,,,,,,,,944.5,,1.4,,14,0,0,0,0,0,0,,,,
RUE,2010,7,30,6,11.9,,,,,,,,944.7,,0.9,,109,0,0,0,0,0,0,,,,
RUE,2010,7,30,7,12.9,,,,,,,,945.3,,1.1,,228,1373.4,37.6,0,0,0,0,,,,
RUE,2010,7,30,8,13.4,,,,,,,,945.6,,1.1,,251,500.4,98.5,0,0,0,0,,,,
RUE,2010,7,30,9,14.6,,,,,,,,945.8,,0.7,,511,913.7,84.3,0,0,0,0,,,,
RUE,2010,7,30,10,15.5,,,,,,,,945.8,,2,,585,748.1,126.1,0,0,0,0,,,,
RUE,2010,7,30,11,15.5,,,,,,,,946,,2.3,,470,196.3,325.9,0,0,0,0,,,,
RUE,2010,7,30,12,15,,,,,,,,946.1,,2.3,,482,135.5,370.8,0,0,0,0,,,,
RUE,2010,7,30,13,17,,,,,,,,946,,1.6,,890,853.5,149.5,0,0,0,0,,,,
RUE,2010,7,30,14,18.1,,,,,,,,946,,1.6,,818,722.6,188.6,0,0,0,0,,,,
RUE,2010,7,30,15,18.7,,,,,,,,946,,1.6,,625,367.4,319.6,0,0,0,0,,,,
RUE,2010,7,30,16,18.2,,,,,,,,946.3,,2.2,,384,71.9,330.1,0,0,0,0,,,,
RUE,2010,7,30,17,17.3,,,,,,,,946.5,,2.2,,160,4.3,157.3,0,0,0,0,,,,
RUE,2010,7,30,18,16.6,,,,,,,,946.6,,1.6,,77,1.7,76.2,0,0,0,0,,,,
RUE,2010,7,30,19,15.5,,,,,,,,946.8,,1.3,,4,0,4,0,0,0,0,,,,
RUE,2010,7,30,20,14.6,,,,,,,,947,,1.4,,0,0,0,0,0,0,0,,,,
RUE,2010,7,30,21,14.2,,,,,,,,947,,1,,0,0,0,0,0,0,0,,,,
RUE,2010,7,30,22,12.9,,,,,,,,947.1,,1.4,,0,0,0,0,0,0,0,,,,
RUE,2010,7,30,23,12.3,,,,,,,,946.9,,1.6,,0,0,0,0,0,0,0,,,,
RUE,2010,7,31,0,12.3,,,,,,,,946.9,,1,,0,0,0,0,0,0,0,,,,
RUE,2010,7,31,1,11.9,,,,,,,,946.9,,1.4,,0,0,0,0,0,0,0,,,,
RUE,2010,7,31,2,11.4,,,,,,,,946.7,,0.8,,0,0,0,0,0,0,0,,,,
RUE,2010,7,31,3,11.6,,,,,,,,946.6,,1.1,,0,0,0,0,0,0,0,,,,
RUE,2010,7,31,4,11.1,,,,,,,,946.6,,1.2,,11,0,0,0,0,0,0,,,,
RUE,2010,7,31,5,12.1,,,,,,,,947,,1,,116,0,0,0,0,0,0,,,,
RUE,2010,7,31,6,13.9,,,,,,,,947.2,,1.4,,287,0,0,0,0,0,0,,,,
RUE,2010,7,31,7,15.5,,,,,,,,947.3,,1.4,,466,2868,76.9,0,0,0,0,,,,
RUE,2010,7,31,8,17,,,,,,,,947.4,,1.7,,617,1705.4,101.8,0,0,0,0,,,,
RUE,2010,7,31,9,18.1,,,,,,,,947.4,,1.5,,740,1330.4,122.1,0,0,0,0,,,,
RUE,2010,7,31,10,19.3,,,,,,,,947.3,,1.3,,843,1151.8,139.1,0,0,0,0,,,,
RUE,2010,7,31,11,20.1,,,,,,,,947.1,,1.2,,901,1027.7,148.7,0,0,0,0,,,,
RUE,2010,7,31,12,21.2,,,,,,,,946.7,,1.4,,892,909.6,147.2,0,0,0,0,,,,
RUE,2010,7,31,13,21.8,,,,,,,,946.5,,1.2,,854,801.5,160.3,0,0,0,0,,,,
RUE,2010,7,31,14,22.5,,,,,,,,946.3,,1.2,,747,570.8,250.9,0,0,0,0,,,,
RUE,2010,7,31,15,22.3,,,,,,,,946.2,,1.6,,502,154.9,373.6,0,0,0,0,,,,
RUE,2010,7,31,16,22.6,,,,,,,,946.2,,1.1,,427,119.3,337.8,0,0,0,0,,,,
RUE,2010,7,31,17,22.1,,,,,,,,946.1,,0.8,,245,18,233.6,0,0,0,0,,,,
RUE,2010,7,31,18,21.3,,,,,,,,946.3,,1,,73,1.5,72.3,0,0,0,0,,,,
RUE,2010,7,31,19,20,,,,,,,,946.6,,0.7,,3,0,3,0,0,0,0,,,,
RUE,2010,7,31,20,18.9,,,,,,,,947,,1.3,,0,0,0,0,0,0,0,,,,
RUE,2010,7,31,21,18.5,,,,,,,,947,,1.8,,0,0,0,0,0,0,0,,,,
RUE,2010,7,31,22,19.1,,,,,,,,946.8,,1.5,,0,0,0,0,0,0,0,,,,
RUE,2010,7,31,23,18,,,,,,,,946.7,,1.1,,0,0,0,0,0,0,0,,,,
RUE,2010,8,1,0,17.7,,,,,,,,946.5,,1.4,,0,0,0,0,0,0,0,,,,
RUE,2010,8,1,1,17.3,,,,,,,,946.1,,2,,0,0,0,0,0,0,0,,,,
RUE,2010,8,1,2,17.1,,,,,,,,945.9,,1.4,,0,0,0,0,0,0,0,,,,
RUE,2010,8,1,3,16.9,,,,,,,,946,,1.3,,0,0,0,0,0,0,0,,,,
RUE,2010,8,1,4,17.6,,,,,,,,946.2,,1.9,,11,0,0,0,0,0,0,,,,
RUE,2010,8,1,5,18.7,,,,,,,,946.3,,1.2,,84,0,0,0,0,0,0,,,,
RUE,2010,8,1,6,20.3,,,,,,,,946.5,,0.7,,287,0,0,0,0,0,0,,,,
RUE,2010,8,1,7,21.7,,,,,,,,946.7,,1.5,,457,2875.8,75.4,0,0,0,0,,,,
RUE,2010,8,1,8,22.3,,,,,,,,946.7,,2.3,,595,1659.9,98.2,0,0,0,0,,,,
RUE,2010,8,1,9,23.3,,,,,,,,946.7,,2.5,,712,1287.1,117.5,0,0,0,0,,,,
RUE,2010,8,1,10,24,,,,,,,,946.6,,2.9,,807,1106.9,133.2,0,0,0,0,,,,
RUE,2010,8,1,11,25,,,,,,,,946.2,,2.7,,861,985.1,142.1,0,0,0,0,,,,
RUE,2010,8,1,12,26.1,,,,,,,,945.8,,3,,862,881.6,142,0,0,0,0,,,,
RUE,2010,8,1,13,27.1,,,,,,,,945.1,,4.4,,816,732.9,183.2,0,0,0,0,,,,
RUE,2010,8,1,14,27.5,,,,,,,,944.8,,3.7,,720,513.8,274.6,0,0,0,0,,,,
RUE,2010,8,1,15,26.9,,,,,,,,944.8,,1.9,,575,273.9,348.6,0,0,0,0,,,,
RUE,2010,8,1,16,25.6,,,,,,,,944.9,,2.5,,270,12.9,260.3,0,0,0,0,,,,
RUE,2010,8,1,17,23.4,,,,,,,,945.1,,2.8,,52,0.5,51.7,0,0,0,0,,,,
RUE,2010,8,1,18,21.1,,,,,,,,945.9,,2.2,,10,0,10,0,0,0,0,,,,
RUE,2010,8,1,19,18.7,,,,,,,,946.8,,1.7,,0,0,0,0,0,0,0,,,,
RUE,2010,8,1,20,18.2,,,,,,,,947.1,,0.7,,0,0,0,0,0,0,0,,,,
RUE,2010,8,1,21,17.7,,,,,,,,947.3,,1,,0,0,0,0,0,0,0,,,,
RUE,2010,8,1,22,17.6,,,,,,,,947.3,,1.3,,0,0,0,0,0,0,0,,,,
RUE,2010,8,1,23,17.2,,,,,,,,946.8,,1.3,,0,0,0,0,0,0,0,,,,
RUE,2010,8,2,0,16.7,,,,,,,,946.7,,0.9,,0,0,0,0,0,0,0,,,,
RUE,2010,8,2,1,16.4,,,,,,,,946.8,,0.6,,0,0,0,0,0,0,0,,,,
RUE,2010,8,2,2,16,,,,,,,,946.4,,0.9,,0,0,0,0,0,0,0,,,,
RUE,2010,8,2,3,16.2,,,,,,,,946.5,,1,,0,0,0,0,0,0,0,,,,
RUE,2010,8,2,4,16.4,,,,,,,,946.5,,1.2,,2,0,0,0,0,0,0,,,,
RUE,2010,8,2,5,16.6,,,,,,,,946.3,,0.6,,25,0,0,0,0,0,0,,,,
RUE,2010,8,2,6,17.3,,,,,,,,946.4,,0.4,,115,0,0,0,0,0,0,,,,
RUE,2010,8,2,7,18.3,,,,,,,,946.4,,0.6,,257,1654.9,42.4,0,0,0,0,,,,
RUE,2010,8,2,8,19.4,,,,,,,,946.3,,1.4,,361,1016.6,59.6,0,0,0,0,,,,
RUE,2010,8,2,9,18.9,,,,,,,,946.7,,2.4,,278,154.3,207.1,0,0,0,0,,,,
RUE,2010,8,2,10,17.7,,,,,,,,946.4,,0.9,,180,6.1,176.3,0,0,0,0,,,,
RUE,2010,8,2,11,17.9,,,,,,,,946,,0.6,,174,3.9,171.2,0,0,0,0,,,,
RUE,2010,8,2,12,17.9,,,,,,,,945.9,,0.8,,160,2.6,157.9,0,0,0,0,,,,
RUE,2010,8,2,13,17.3,,,,,,,,946.2,,1.8,,97,0.9,96.3,0,0,0,0,,,,
RUE,2010,8,2,14,17.2,,,,,,,,946,,1.1,,206,3.9,202.7,0,0,0,0,,,,
RUE,2010,8,2,15,17.3,,,,,,,,945.9,,0.4,,109,1.2,108,0,0,0,0,,,,
RUE,2010,8,2,16,17.4,,,,,,,,945.8,,1.7,,136,2.3,134.3,0,0,0,0,,,,
RUE,2010,8,2,17,17.1,,,,,,,,945.7,,1.5,,61,0.6,60.6,0,0,0,0,,,,
RUE,2010,8,2,18,16.9,,,,,,,,945.9,,1,,28,0.2,27.9,0,0,0,0,,,,
RUE,2010,8,2,19,16.4,,,,,,,,945.9,,0.9,,2,0,2,0,0,0,0,,,,
RUE,2010,8,2,20,16,,,,,,,,946,,0.5,,0,0,0,0,0,0,0,,,,
RUE,2010,8,2,21,15.8,,,,,,,,945.9,,0.3,,0,0,0,0,0,0,0,,,,
RUE,2010,8,2,22,15.5,,,,,,,,945.8,,0.7,,0,0,0,0,0,0,0,,,,
RUE,2010,8,2,23,15.4,,,,,,,,945.9,,1,,0,0,0,0,0,0,0,,,,
RUE,2010,8,3,0,15.4,,,,,,,,945.6,,0.9,,0,0,0,0,0,0,0,,,,
RUE,2010,8,3,1,15.2,,,,,,,,945.7,,2.4,,0,0,0,0,0,0,0,,,,
RUE,2010,8,3,2,13.6,,,,,,,,945.6,,2,,0,0,0,0,0,0,0,,,,
RUE,2010,8,3,3,13.3,,,,,,,,945.3,,1.2,,0,0,0,0,0,0,0,,,,
RUE,2010,8,3,4,13.2,,,,,,,,945.2,,0.7,,2,0,0,0,0,0,0,,,,
RUE,2010,8,3,5,13.2,,,,,,,,945.6,,0.8,,33,0,0,0,0,0,0,,,,
RUE,2010,8,3,6,13.7,,,,,,,,946.2,,0.5,,72,0,0,0,0,0,0,,,,
RUE,2010,8,3,7,13.9,,,,,,,,946.6,,1.1,,74,132.3,57.3,0,0,0,0,,,,
RUE,2010,8,3,8,14.9,,,,,,,,946.8,,1.9,,279,741.1,61.4,0,0,0,0,,,,
RUE,2010,8,3,9,15.9,,,,,,,,946.7,,2.8,,347,380.4,173.3,0,0,0,0,,,,
RUE,2010,8,3,10,17.3,,,,,,,,946.4,,2.7,,691,955.4,114,0,0,0,0,,,,
RUE,2010,8,3,11,17.6,,,,,,,,945.9,,2.8,,472,209.6,320,0,0,0,0,,,,
RUE,2010,8,3,12,18.3,,,,,,,,945.9,,3.6,,609,362.7,314.4,0,0,0,0,,,,
RUE,2010,8,3,13,19,,,,,,,,945.9,,4,,748,591.9,239.6,0,0,0,0,,,,
RUE,2010,8,3,14,19,,,,,,,,945.9,,3.1,,672,415.6,313.6,0,0,0,0,,,,
RUE,2010,8,3,15,18.8,,,,,,,,945.9,,2.9,,394,52.2,351.1,0,0,0,0,,,,
RUE,2010,8,3,16,18.8,,,,,,,,945.9,,3.6,,434,133.8,334.9,0,0,0,0,,,,
RUE,2010,8,3,17,18.1,,,,,,,,945.9,,2.9,,244,18.8,232.3,0,0,0,0,,,,
RUE,2010,8,3,18,17,,,,,,,,946.2,,1.7,,60,1.1,59.5,0,0,0,0,,,,
RUE,2010,8,3,19,15.8,,,,,,,,946.4,,1.3,,3,0,3,0,0,0,0,,,,
RUE,2010,8,3,20,15.2,,,,,,,,946.6,,0.9,,0,0,0,0,0,0,0,,,,
RUE,2010,8,3,21,14.5,,,,,,,,946.6,,0.9,,0,0,0,0,0,0,0,,,,
RUE,2010,8,3,22,14.2,,,,,,,,946.3,,0.7,,0,0,0,0,0,0,0,,,,
RUE,2010,8,3,23,13.5,,,,,,,,946,,0.5,,0,0,0,0,0,0,0,,,,
RUE,2010,8,4,0,13.6,,,,,,,,945.6,,1,,0,0,0,0,0,0,0,,,,
RUE,2010,8,4,1,13,,,,,,,,945.1,,0.7,,0,0,0,0,0,0,0,,,,
RUE,2010,8,4,2,12.7,,,,,,,,944.6,,0.2,,0,0,0,0,0,0,0,,,,
RUE,2010,8,4,3,12.3,,,,,,,,944.3,,0.6,,0,0,0,0,0,0,0,,,,
RUE,2010,8,4,4,12,,,,,,,,944.3,,0.7,,10,0,0,0,0,0,0,,,,
RUE,2010,8,4,5,12.9,,,,,,,,944.3,,0.8,,135,0,0,0,0,0,0,,,,
RUE,2010,8,4,6,14.6,,,,,,,,944.2,,0.6,,261,0,0,0,0,0,0,,,,
RUE,2010,8,4,7,15.6,,,,,,,,944,,0.7,,408,2757.8,67.3,0,0,0,0,,,,
RUE,2010,8,4,8,17.2,,,,,,,,943.9,,0.8,,620,1780.4,102.3,0,0,0,0,,,,
RUE,2010,8,4,9,17.5,,,,,,,,943.6,,0.6,,418,687.6,105.8,0,0,0,0,,,,
RUE,2010,8,4,10,17.3,,,,,,,,943.2,,1.3,,202,9.3,196.4,0,0,0,0,,,,
RUE,2010,8,4,11,17.8,,,,,,,,942.5,,0.6,,450,173.9,324.3,0,0,0,0,,,,
RUE,2010,8,4,12,18.6,,,,,,,,942.1,,1.5,,412,69.6,355.7,0,0,0,0,,,,
RUE,2010,8,4,13,19.5,,,,,,,,941.7,,1.5,,645,367.8,329.9,0,0,0,0,,,,
RUE,2010,8,4,14,20.2,,,,,,,,941.4,,1.5,,697,474,289.3,0,0,0,0,,,,
RUE,2010,8,4,15,20.4,,,,,,,,940.9,,1.4,,522,191.5,365.1,0,0,0,0,,,,
RUE,2010,8,4,16,20.2,,,,,,,,940.3,,1.2,,341,43.4,308.9,0,0,0,0,,,,
RUE,2010,8,4,17,19,,,,,,,,940,,1.9,,95,1.6,94,0,0,0,0,,,,
RUE,2010,8,4,18,18.2,,,,,,,,940.2,,2.5,,11,0,11,0,0,0,0,,,,
RUE,2010,8,4,19,17.4,,,,,,,,940,,1.4,,1,0,1,0,0,0,0,,,,
RUE,2010,8,4,20,16.8,,,,,,,,939.8,,0.4,,0,0,0,0,0,0,0,,,,
RUE,2010,8,4,21,16.1,,,,,,,,939.5,,0.8,,0,0,0,0,0,0,0,,,,
RUE,2010,8,4,22,16.2,,,,,,,,939.1,,0.8,,0,0,0,0,0,0,0,,,,
RUE,2010,8,4,23,15.9,,,,,,,,938.8,,0.7,,0,0,0,0,0,0,0,,,,
RUE,2010,8,5,0,15.6,,,,,,,,938.4,,2,,0,0,0,0,0,0,0,,,,
RUE,2010,8,5,1,14.5,,,,,,,,938.1,,0.8,,0,0,0,0,0,0,0,,,,
RUE,2010,8,5,2,14.2,,,,,,,,937.8,,0.8,,0,0,0,0,0,0,0,,,,
RUE,2010,8,5,3,13.7,,,,,,,,937.5,,0.8,,0,0,0,0,0,0,0,,,,
RUE,2010,8,5,4,13.2,,,,,,,,937.2,,1.2,,1,0,0,0,0,0,0,,,,
RUE,2010,8,5,5,13,,,,,,,,937.7,,0.9,,12,0,0,0,0,0,0,,,,
RUE,2010,8,5,6,12.9,,,,,,,,938.3,,1,,20,0,0,0,0,0,0,,,,
RUE,2010,8,5,7,12.2,,,,,,,,938.6,,1.8,,74,164.4,54.2,0,0,0,0,,,,
RUE,2010,8,5,8,12.6,,,,,,,,939,,1,,136,48.5,122.1,0,0,0,0,,,,
RUE,2010,8,5,9,13.3,,,,,,,,939.3,,1.1,,217,52.8,193.1,0,0,0,0,,,,
RUE,2010,8,5,10,13.9,,,,,,,,939.6,,1.9,,233,18.3,222.1,0,0,0,0,,,,
RUE,2010,8,5,11,14.3,,,,,,,,939.7,,2,,291,22,275.1,0,0,0,0,,,,
RUE,2010,8,5,12,14.9,,,,,,,,939.8,,2.2,,342,28,319.4,0,0,0,0,,,,
RUE,2010,8,5,13,15.5,,,,,,,,940,,2,,432,67.5,374.3,0,0,0,0,,,,
RUE,2010,8,5,14,16.1,,,,,,,,940.2,,2.2,,328,16.8,313.6,0,0,0,0,,,,
RUE,2010,8,5,15,15.3,,,,,,,,940.6,,3.8,,144,2.1,142.3,0,0,0,0,,,,
RUE,2010,8,5,16,12.5,,,,,,,,941.3,,2.7,,54,0.4,53.7,0,0,0,0,,,,
RUE,2010,8,5,17,12.7,,,,,,,,941.8,,2.1,,25,0.1,24.9,0,0,0,0,,,,
RUE,2010,8,5,18,12.6,,,,,,,,942.4,,1.7,,15,0.1,15,0,0,0,0,,,,
RUE,2010,8,5,19,12.5,,,,,,,,942.9,,2,,2,0,2,0,0,0,0,,,,
RUE,2010,8,5,20,12.5,,,,,,,,943.5,,1,,0,0,0,0,0,0,0,,,,
RUE,2010,8,5,21,12.6,,,,,,,,943.9,,1.1,,0,0,0,0,0,0,0,,,,
RUE,2010,8,5,22,12.5,,,,,,,,944.3,,2.1,,0,0,0,0,0,0,0,,,,
RUE,2010,8,5,23,11.6,,,,,,,,944.6,,2.5,,0,0,0,0,0,0,0,,,,
RUE,2010,8,6,0,11.3,,,,,,,,944.5,,1.4,,0,0,0,0,0,0,0,,,,
RUE,2010,8,6,1,11.4,,,,,,,,944.6,,1.3,,0,0,0,0,0,0,0,,,,
RUE,2010,8,6,2,11.6,,,,,,,,944.7,,1.4,,0,0,0,0,0,0,0,,,,
RUE,2010,8,6,3,10.7,,,,,,,,945,,0.5,,0,0,0,0,0,0,0,,,,
RUE,2010,8,6,4,10.5,,,,,,,,945.5,,0.4,,3,0,0,0,0,0,0,,,,
RUE,2010,8,6,5,10.4,,,,,,,,946,,0.6,,52,0,0,0,0,0,0,,,,
RUE,2010,8,6,6,11.7,,,,,,,,946.4,,1.3,,211,0,0,0,0,0,0,,,,
RUE,2010,8,6,7,13,,,,,,,,946.7,,1.5,,412,2933.8,68,0,0,0,0,,,,
RUE,2010,8,6,8,14.1,,,,,,,,947,,1.6,,530,1553.3,87.5,0,0,0,0,,,,
RUE,2010,8,6,9,14.6,,,,,,,,947.2,,1.8,,493,917.7,81.3,0,0,0,0,,,,
RUE,2010,8,6,10,15.7,,,,,,,,947.1,,2.2,,717,1004,118.3,0,0,0,0,,,,
RUE,2010,8,6,11,16.4,,,,,,,,947.2,,1.6,,690,759.1,145,0,0,0,0,,,,
RUE,2010,8,6,12,17.6,,,,,,,,947.2,,2.2,,849,880.8,139.8,0,0,0,0,,,,
RUE,2010,8,6,13,18.1,,,,,,,,947.1,,2,,853,821.5,153.1,0,0,0,0,,,,
RUE,2010,8,6,14,18.4,,,,,,,,947.1,,2.2,,725,546,258.1,0,0,0,0,,,,
RUE,2010,8,6,15,18,,,,,,,,947.3,,2,,493,153.9,367.7,0,0,0,0,,,,
RUE,2010,8,6,16,17.7,,,,,,,,947.4,,2.5,,373,69.7,321.9,0,0,0,0,,,,
RUE,2010,8,6,17,16.2,,,,,,,,947.7,,2.2,,89,1.4,88.1,0,0,0,0,,,,
RUE,2010,8,6,18,15.6,,,,,,,,948.1,,1.7,,38,0.4,37.8,0,0,0,0,,,,
RUE,2010,8,6,19,15,,,,,,,,948.5,,1.4,,2,0,2,0,0,0,0,,,,
RUE,2010,8,6,20,13.8,,,,,,,,948.9,,0.8,,0,0,0,0,0,0,0,,,,
RUE,2010,8,6,21,13.6,,,,,,,,949,,0.6,,0,0,0,0,0,0,0,,,,
RUE,2010,8,6,22,12.6,,,,,,,,948.9,,0.7,,0,0,0,0,0,0,0,,,,
RUE,2010,8,6,23,12.3,,,,,,,,948.9,,0.8,,0,0,0,0,0,0,0,,,,
RUE,2010,8,7,0,11.8,,,,,,,,948.8,,0.5,,0,0,0,0,0,0,0,,,,
RUE,2010,8,7,1,11.6,,,,,,,,948.8,,0.7,,0,0,0,0,0,0,0,,,,
RUE,2010,8,7,2,11.2,,,,,,,,948.7,,0.7,,0,0,0,0,0,0,0,,,,
RUE,2010,8,7,3,10.9,,,,,,,,948.7,,0.5,,0,0,0,0,0,0,0,,,,
RUE,2010,8,7,4,10.7,,,,,,,,949,,0.3,,3,0,0,0,0,0,0,,,,
RUE,2010,8,7,5,11.2,,,,,,,,948.9,,0.6,,83,0,0,0,0,0,0,,,,
RUE,2010,8,7,6,12.8,,,,,,,,949.1,,0.7,,257,0,0,0,0,0,0,,,,
RUE,2010,8,7,7,14.5,,,,,,,,949.3,,0.8,,434,3176.6,71.6,0,0,0,0,,,,
RUE,2010,8,7,8,16,,,,,,,,949.4,,1.2,,585,1732.6,96.5,0,0,0,0,,,,
RUE,2010,8,7,9,17.5,,,,,,,,949.2,,1.3,,730,1367.3,120.5,0,0,0,0,,,,
RUE,2010,8,7,10,18.4,,,,,,,,949.1,,1.1,,824,1158.8,136,0,0,0,0,,,,
RUE,2010,8,7,11,18.6,,,,,,,,948.9,,0.9,,601,530.2,221.6,0,0,0,0,,,,
RUE,2010,8,7,12,19.8,,,,,,,,948.7,,1.2,,755,723.1,174.5,0,0,0,0,,,,
RUE,2010,8,7,13,20.4,,,,,,,,948.6,,1.3,,815,756.1,172.7,0,0,0,0,,,,
RUE,2010,8,7,14,20.5,,,,,,,,948.5,,1.1,,482,113.5,385.2,0,0,0,0,,,,
RUE,2010,8,7,15,20.6,,,,,,,,948.3,,0.6,,416,71.9,357.7,0,0,0,0,,,,
RUE,2010,8,7,16,21.1,,,,,,,,948.3,,1.2,,411,111.6,329.5,0,0,0,0,,,,
RUE,2010,8,7,17,20.2,,,,,,,,948.4,,1.9,,211,10.3,204.7,0,0,0,0,,,,
RUE,2010,8,7,18,19.3,,,,,,,,948.5,,1,,57,1,56.5,0,0,0,0,,,,
RUE,2010,8,7,19,18.1,,,,,,,,948.6,,1.2,,1,0,1,0,0,0,0,,,,
RUE,2010,8,7,20,16.9,,,,,,,,948.9,,0.9,,0,0,0,0,0,0,0,,,,
RUE,2010,8,7,21,16.4,,,,,,,,948.8,,0.5,,0,0,0,0,0,0,0,,,,
RUE,2010,8,7,22,16.1,,,,,,,,948.6,,1,,0,0,0,0,0,0,0,,,,
RUE,2010,8,7,23,16.2,,,,,,,,948.4,,1.5,,0,0,0,0,0,0,0,,,,
RUE,2010,8,8,0,16.4,,,,,,,,948,,1.3,,0,0,0,0,0,0,0,,,,
RUE,2010,8,8,1,17,,,,,,,,947.7,,0.6,,0,0,0,0,0,0,0,,,,
RUE,2010,8,8,2,16.6,,,,,,,,947.5,,0.7,,0,0,0,0,0,0,0,,,,
RUE,2010,8,8,3,16.3,,,,,,,,947.2,,0.3,,0,0,0,0,0,0,0,,,,
RUE,2010,8,8,4,16.2,,,,,,,,947,,0.6,,2,0,0,0,0,0,0,,,,
RUE,2010,8,8,5,16.2,,,,,,,,947.1,,0.7,,59,0,0,0,0,0,0,,,,
RUE,2010,8,8,6,15.8,,,,,,,,947.3,,0.8,,127,0,0,0,0,0,0,,,,
RUE,2010,8,8,7,17.9,,,,,,,,947.5,,0.5,,345,2598.3,56.9,0,0,0,0,,,,
RUE,2010,8,8,8,17.7,,,,,,,,947.8,,1.2,,185,225.4,122.1,0,0,0,0,,,,
RUE,2010,8,8,9,18.1,,,,,,,,948.1,,0.5,,234,82.8,197.3,0,0,0,0,,,,
RUE,2010,8,8,10,19.4,,,,,,,,947.9,,1.5,,622,879.1,102.4,0,0,0,0,,,,
RUE,2010,8,8,11,19.3,,,,,,,,947.8,,1.7,,269,15.7,257.8,0,0,0,0,,,,
RUE,2010,8,8,12,19.6,,,,,,,,947.9,,2.8,,526,217.2,352.2,0,0,0,0,,,,
RUE,2010,8,8,13,20.8,,,,,,,,947.6,,3.1,,687,473.9,285.6,0,0,0,0,,,,
RUE,2010,8,8,14,19.4,,,,,,,,947.6,,4.4,,204,3.9,200.7,0,0,0,0,,,,
RUE,2010,8,8,15,19,,,,,,,,948.1,,3.5,,356,33.9,328.6,0,0,0,0,,,,
RUE,2010,8,8,16,19,,,,,,,,948,,4.1,,189,4.6,185.7,0,0,0,0,,,,
RUE,2010,8,8,17,18.8,,,,,,,,947.9,,2.7,,131,3.1,129.1,0,0,0,0,,,,
RUE,2010,8,8,18,18.5,,,,,,,,948,,2.7,,59,1.1,58.5,0,0,0,0,,,,
RUE,2010,8,8,19,17.6,,,,,,,,948.6,,1.7,,2,0,2,0,0,0,0,,,,
RUE,2010,8,8,20,17.1,,,,,,,,948.9,,0.9,,0,0,0,0,0,0,0,,,,
RUE,2010,8,8,21,16.8,,,,,,,,949,,1.1,,0,0,0,0,0,0,0,,,,
RUE,2010,8,8,22,16.5,,,,,,,,949,,1.2,,0,0,0,0,0,0,0,,,,
RUE,2010,8,8,23,15.7,,,,,,,,948.9,,0.4,,0,0,0,0,0,0,0,,,,
RUE,2010,8,9,0,15,,,,,,,,948.6,,0.6,,0,0,0,0,0,0,0,,,,
RUE,2010,8,9,1,15.1,,,,,,,,948.5,,0.7,,0,0,0,0,0,0,0,,,,
RUE,2010,8,9,2,14.3,,,,,,,,948.4,,0.2,,0,0,0,0,0,0,0,,,,
RUE,2010,8,9,3,14.1,,,,,,,,948.2,,0.4,,0,0,0,0,0,0,0,,,,
RUE,2010,8,9,4,13.4,,,,,,,,948.2,,0.3,,5,0,0,0,0,0,0,,,,
RUE,2010,8,9,5,14,,,,,,,,948.3,,0.9,,93,0,0,0,0,0,0,,,,
RUE,2010,8,9,6,15.7,,,,,,,,948.2,,0.7,,261,0,0,0,0,0,0,,,,
RUE,2010,8,9,7,17.1,,,,,,,,948.1,,1.2,,436,3382.3,71.9,0,0,0,0,,,,
RUE,2010,8,9,8,18.4,,,,,,,,948.1,,0.9,,595,1800.8,98.2,0,0,0,0,,,,
RUE,2010,8,9,9,19.5,,,,,,,,947.9,,1.4,,644,1221.7,106.3,0,0,0,0,,,,
RUE,2010,8,9,10,19.7,,,,,,,,947.5,,1.3,,635,901.1,104.8,0,0,0,0,,,,
RUE,2010,8,9,11,20.9,,,,,,,,947.1,,1.9,,777,913.3,128.2,0,0,0,0,,,,
RUE,2010,8,9,12,21.1,,,,,,,,946.7,,1.5,,564,289.8,332.8,0,0,0,0,,,,
RUE,2010,8,9,13,21.6,,,,,,,,946.3,,1.4,,698,503.4,272.9,0,0,0,0,,,,
RUE,2010,8,9,14,22.8,,,,,,,,946.1,,1.8,,787,701.2,192.9,0,0,0,0,,,,
RUE,2010,8,9,15,22.4,,,,,,,,945.9,,2.6,,600,351.5,316.7,0,0,0,0,,,,
RUE,2010,8,9,16,21.9,,,,,,,,945.9,,2.6,,386,86.6,323.3,0,0,0,0,,,,
RUE,2010,8,9,17,21.1,,,,,,,,945.9,,2.5,,208,10.1,201.9,0,0,0,0,,,,
RUE,2010,8,9,18,20,,,,,,,,946,,1.3,,36,0.4,35.8,0,0,0,0,,,,
RUE,2010,8,9,19,19.3,,,,,,,,946.3,,0.6,,1,0,1,0,0,0,0,,,,
RUE,2010,8,9,20,18.4,,,,,,,,946.6,,1,,0,0,0,0,0,0,0,,,,
RUE,2010,8,9,21,17.9,,,,,,,,946.8,,1.5,,0,0,0,0,0,0,0,,,,
RUE,2010,8,9,22,17.7,,,,,,,,947,,1.1,,0,0,0,0,0,0,0,,,,
RUE,2010,8,9,23,17.8,,,,,,,,947.1,,0.9,,0,0,0,0,0,0,0,,,,
RUE,2010,8,10,0,17.2,,,,,,,,947,,0.8,,0,0,0,0,0,0,0,,,,
RUE,2010,8,10,1,16.8,,,,,,,,946.9,,0.2,,0,0,0,0,0,0,0,,,,
RUE,2010,8,10,2,16.2,,,,,,,,946.9,,0.5,,0,0,0,0,0,0,0,,,,
RUE,2010,8,10,3,16.1,,,,,,,,946.8,,1,,0,0,0,0,0,0,0,,,,
RUE,2010,8,10,4,15.9,,,,,,,,946.8,,1.1,,3,0,0,0,0,0,0,,,,
RUE,2010,8,10,5,15.7,,,,,,,,946.9,,0.3,,80,0,0,0,0,0,0,,,,
RUE,2010,8,10,6,17.2,,,,,,,,947.1,,0.8,,244,0,0,0,0,0,0,,,,
RUE,2010,8,10,7,19.3,,,,,,,,947.1,,0.7,,418,3344,69,0,0,0,0,,,,
RUE,2010,8,10,8,20.9,,,,,,,,947.2,,0.6,,577,1766,95.2,0,0,0,0,,,,
RUE,2010,8,10,9,21.6,,,,,,,,947.3,,1,,673,1285.1,111,0,0,0,0,,,,
RUE,2010,8,10,10,22.3,,,,,,,,947.1,,1.5,,790,1126.2,130.3,0,0,0,0,,,,
RUE,2010,8,10,11,23,,,,,,,,946.8,,1.2,,823,970.9,135.8,0,0,0,0,,,,
RUE,2010,8,10,12,23.7,,,,,,,,946.4,,1.1,,798,824.1,142.7,0,0,0,0,,,,
RUE,2010,8,10,13,24,,,,,,,,946.2,,1.3,,832,802,156.9,0,0,0,0,,,,
RUE,2010,8,10,14,23.7,,,,,,,,945.8,,1.9,,509,150.3,382.1,0,0,0,0,,,,
RUE,2010,8,10,15,23.8,,,,,,,,945.5,,2.1,,529,218.6,353.4,0,0,0,0,,,,
RUE,2010,8,10,16,22.8,,,,,,,,945.4,,2.1,,229,7.5,223.6,0,0,0,0,,,,
RUE,2010,8,10,17,22,,,,,,,,945.5,,2,,135,3.4,133,0,0,0,0,,,,
RUE,2010,8,10,18,21.4,,,,,,,,945.6,,1.2,,48,0.7,47.7,0,0,0,0,,,,
RUE,2010,8,10,19,20.5,,,,,,,,945.9,,0.8,,1,0,1,0,0,0,0,,,,
RUE,2010,8,10,20,19.8,,,,,,,,946.1,,0.6,,0,0,0,0,0,0,0,,,,
RUE,2010,8,10,21,20,,,,,,,,946.1,,0.6,,0,0,0,0,0,0,0,,,,
RUE,2010,8,10,22,19.7,,,,,,,,946.1,,0.7,,0,0,0,0,0,0,0,,,,
RUE,2010,8,10,23,19.9,,,,,,,,946,,0.7,,0,0,0,0,0,0,0,,,,
RUE,2010,8,11,0,19.6,,,,,,,,945.9,,0.5,,0,0,0,0,0,0,0,,,,
RUE,2010,8,11,1,19.6,,,,,,,,945.8,,0.3,,0,0,0,0,0,0,0,,,,
RUE,2010,8,11,2,19.4,,,,,,,,945.8,,0.7,,0,0,0,0,0,0,0,,,,
RUE,2010,8,11,3,19,,,,,,,,945.9,,1,,0,0,0,0,0,0,0,,,,
RUE,2010,8,11,4,18.6,,,,,,,,946.2,,1.3,,1,0,0,0,0,0,0,,,,
RUE,2010,8,11,5,18.3,,,,,,,,946.4,,0.9,,44,0,0,0,0,0,0,,,,
RUE,2010,8,11,6,18.5,,,,,,,,946.5,,1.1,,124,0,0,0,0,0,0,,,,
RUE,2010,8,11,7,18.8,,,,,,,,946.8,,1.6,,211,1742.9,34.8,0,0,0,0,,,,
RUE,2010,8,11,8,19.5,,,,,,,,946.8,,1.4,,330,1021.6,54.5,0,0,0,0,,,,
RUE,2010,8,11,9,19.9,,,,,,,,946.9,,1.8,,435,820.9,78.4,0,0,0,0,,,,
RUE,2010,8,11,10,21.2,,,,,,,,946.7,,1.1,,571,788.1,111.6,0,0,0,0,,,,
RUE,2010,8,11,11,22.7,,,,,,,,946.3,,1.5,,737,872.8,121.6,0,0,0,0,,,,
RUE,2010,8,11,12,22.5,,,,,,,,946,,2.1,,585,340.3,315.3,0,0,0,0,,,,
RUE,2010,8,11,13,22.6,,,,,,,,945.8,,2.4,,591,285.1,351.8,0,0,0,0,,,,
RUE,2010,8,11,14,22.3,,,,,,,,945.4,,2.4,,489,127.7,381.5,0,0,0,0,,,,
RUE,2010,8,11,15,22.3,,,,,,,,945.2,,2.8,,451,111.4,361.9,0,0,0,0,,,,
RUE,2010,8,11,16,21.6,,,,,,,,945,,2.4,,201,5.3,197.2,0,0,0,0,,,,
RUE,2010,8,11,17,21,,,,,,,,945,,2.2,,105,2.1,103.8,0,0,0,0,,,,
RUE,2010,8,11,18,20.3,,,,,,,,945.1,,2.6,,32,0.3,31.8,0,0,0,0,,,,
RUE,2010,8,11,19,19.4,,,,,,,,945.3,,2.2,,0,0,0,0,0,0,0,,,,
RUE,2010,8,11,20,18.9,,,,,,,,945.4,,2.3,,0,0,0,0,0,0,0,,,,
RUE,2010,8,11,21,18.3,,,,,,,,945.4,,1.4,,0,0,0,0,0,0,0,,,,
RUE,2010,8,11,22,17.5,,,,,,,,945.2,,1.4,,0,0,0,0,0,0,0,,,,
RUE,2010,8,11,23,16.7,,,,,,,,944.8,,0.6,,0,0,0,0,0,0,0,,,,
RUE,2010,8,12,0,16.1,,,,,,,,944.3,,1.1,,0,0,0,0,0,0,0,,,,
RUE,2010,8,12,1,16,,,,,,,,943.9,,0.6,,0,0,0,0,0,0,0,,,,
RUE,2010,8,12,2,15.9,,,,,,,,943.5,,0.6,,0,0,0,0,0,0,0,,,,
RUE,2010,8,12,3,15.6,,,,,,,,943.1,,0.3,,0,0,0,0,0,0,0,,,,
RUE,2010,8,12,4,15.6,,,,,,,,942.9,,0.7,,0,0,0,0,0,0,0,,,,
RUE,2010,8,12,5,15.1,,,,,,,,943.2,,1,,5,0,0,0,0,0,0,,,,
RUE,2010,8,12,6,15,,,,,,,,943.5,,0.9,,14,0,0,0,0,0,0,,,,
RUE,2010,8,12,7,15.5,,,,,,,,943,,1,,92,722.2,21.4,0,0,0,0,,,,
RUE,2010,8,12,8,16.5,,,,,,,,943.4,,0.8,,145,94.5,119.8,0,0,0,0,,,,
RUE,2010,8,12,9,16.2,,,,,,,,943.7,,1.4,,115,4.8,112.9,0,0,0,0,,,,
RUE,2010,8,12,10,16.3,,,,,,,,944.3,,2.4,,260,36.9,238.6,0,0,0,0,,,,
RUE,2010,8,12,11,17.1,,,,,,,,944.6,,2.3,,288,23.5,271.5,0,0,0,0,,,,
RUE,2010,8,12,12,18.3,,,,,,,,944.5,,2.7,,527,230,345.4,0,0,0,0,,,,
RUE,2010,8,12,13,18.6,,,,,,,,944.6,,2.9,,464,103.5,377.4,0,0,0,0,,,,
RUE,2010,8,12,14,19.5,,,,,,,,944.9,,3.1,,574,254.3,360.6,0,0,0,0,,,,
RUE,2010,8,12,15,19.3,,,,,,,,945.1,,2.9,,354,35.2,325.9,0,0,0,0,,,,
RUE,2010,8,12,16,19.1,,,,,,,,945.1,,2.5,,238,8.9,231.6,0,0,0,0,,,,
RUE,2010,8,12,17,17.9,,,,,,,,945.4,,2.9,,120,2.8,118.4,0,0,0,0,,,,
RUE,2010,8,12,18,17.3,,,,,,,,945.8,,1.4,,38,0.5,37.8,0,0,0,0,,,,
RUE,2010,8,12,19,16.5,,,,,,,,946.3,,1.1,,1,0,1,0,0,0,0,,,,
RUE,2010,8,12,20,16,,,,,,,,946.8,,0.7,,0,0,0,0,0,0,0,,,,
RUE,2010,8,12,21,15.9,,,,,,,,947,,0.8,,0,0,0,0,0,0,0,,,,
RUE,2010,8,12,22,15.5,,,,,,,,947,,0.6,,0,0,0,0,0,0,0,,,,
RUE,2010,8,12,23,15,,,,,,,,946.9,,0.7,,0,0,0,0,0,0,0,,,,
RUE,2010,8,13,0,14.9,,,,,,,,946.6,,0.6,,0,0,0,0,0,0,0,,,,
RUE,2010,8,13,1,14.4,,,,,,,,946.4,,0.5,,0,0,0,0,0,0,0,,,,
RUE,2010,8,13,2,13.8,,,,,,,,946.2,,0.7,,0,0,0,0,0,0,0,,,,
RUE,2010,8,13,3,13.3,,,,,,,,946.2,,0.5,,0,0,0,0,0,0,0,,,,
RUE,2010,8,13,4,13,,,,,,,,946.1,,0.7,,1,0,0,0,0,0,0,,,,
RUE,2010,8,13,5,13.1,,,,,,,,946,,0.7,,36,0,0,0,0,0,0,,,,
RUE,2010,8,13,6,13.5,,,,,,,,946.4,,0.4,,80,0,0,0,0,0,0,,,,
RUE,2010,8,13,7,14.8,,,,,,,,946.5,,1,,297,2625.6,49,0,0,0,0,,,,
RUE,2010,8,13,8,15.8,,,,,,,,946.6,,1.3,,498,1578.5,82.2,0,0,0,0,,,,
RUE,2010,8,13,9,16.9,,,,,,,,946.6,,1.9,,539,1050.3,88.9,0,0,0,0,,,,
RUE,2010,8,13,10,17.7,,,,,,,,946.4,,1.3,,618,893.8,102,0,0,0,0,,,,
RUE,2010,8,13,11,18.4,,,,,,,,945.9,,1.4,,848,1012,139.9,0,0,0,0,,,,
RUE,2010,8,13,12,18.8,,,,,,,,945.8,,1.7,,559,293.8,327.8,0,0,0,0,,,,
RUE,2010,8,13,13,19.1,,,,,,,,945.8,,1.9,,545,211.4,368.7,0,0,0,0,,,,
RUE,2010,8,13,14,19.3,,,,,,,,945.8,,1.8,,519,170.2,376.7,0,0,0,0,,,,
RUE,2010,8,13,15,19.5,,,,,,,,945.8,,1.2,,400,65.6,347.9,0,0,0,0,,,,
RUE,2010,8,13,16,19.3,,,,,,,,945.6,,1,,269,15.8,257.8,0,0,0,0,,,,
RUE,2010,8,13,17,19.3,,,,,,,,945.6,,1,,205,10.5,198.8,0,0,0,0,,,,
RUE,2010,8,13,18,18.5,,,,,,,,945.4,,0.6,,47,0.8,46.7,0,0,0,0,,,,
RUE,2010,8,13,19,17,,,,,,,,945.6,,0.5,,0,0,0,0,0,0,0,,,,
RUE,2010,8,13,20,15.7,,,,,,,,945.9,,0.8,,0,0,0,0,0,0,0,,,,
RUE,2010,8,13,21,15.1,,,,,,,,946,,1,,0,0,0,0,0,0,0,,,,
RUE,2010,8,13,22,14.6,,,,,,,,946,,0.5,,0,0,0,0,0,0,0,,,,
RUE,2010,8,13,23,14,,,,,,,,945.8,,0.4,,0,0,0,0,0,0,0,,,,
RUE,2010,8,14,0,13.2,,,,,,,,945.6,,0.9,,0,0,0,0,0,0,0,,,,
RUE,2010,8,14,1,13.1,,,,,,,,945.6,,0.4,,0,0,0,0,0,0,0,,,,
RUE,2010,8,14,2,13,,,,,,,,945.3,,0.5,,0,0,0,0,0,0,0,,,,
RUE,2010,8,14,3,12.8,,,,,,,,945.2,,0.6,,0,0,0,0,0,0,0,,,,
RUE,2010,8,14,4,12.2,,,,,,,,945.2,,0.3,,2,0,0,0,0,0,0,,,,
RUE,2010,8,14,5,12.4,,,,,,,,945.2,,0.5,,58,0,0,0,0,0,0,,,,
RUE,2010,8,14,6,13.9,,,,,,,,945.2,,0.5,,251,0,0,0,0,0,0,,,,
RUE,2010,8,14,7,14.8,,,,,,,,945.1,,0.9,,179,1640.6,29.5,0,0,0,0,,,,
RUE,2010,8,14,8,14.9,,,,,,,,944.9,,1.5,,140,89.5,116.7,0,0,0,0,,,,
RUE,2010,8,14,9,15.9,,,,,,,,944.9,,1.8,,362,548.7,128.5,0,0,0,0,,,,
RUE,2010,8,14,10,16.8,,,,,,,,944.7,,2.7,,387,238.5,250,0,0,0,0,,,,
RUE,2010,8,14,11,16.8,,,,,,,,944.3,,2.1,,208,6.2,203.7,0,0,0,0,,,,
RUE,2010,8,14,12,17.9,,,,,,,,943.5,,1.8,,460,132.7,355.9,0,0,0,0,,,,
RUE,2010,8,14,13,18.4,,,,,,,,943.1,,1.5,,434,78,369.2,0,0,0,0,,,,
RUE,2010,8,14,14,17,,,,,,,,943,,2.1,,105,1.1,104.1,0,0,0,0,,,,
RUE,2010,8,14,15,15.9,,,,,,,,943,,2,,77,0.6,76.5,0,0,0,0,,,,
RUE,2010,8,14,16,15.3,,,,,,,,942.3,,1.2,,38,0.2,37.9,0,0,0,0,,,,
RUE,2010,8,14,17,15.1,,,,,,,,941.8,,1.2,,27,0.1,26.9,0,0,0,0,,,,
RUE,2010,8,14,18,14.9,,,,,,,,941.4,,2.1,,5,0,5,0,0,0,0,,,,
RUE,2010,8,14,19,15,,,,,,,,940.6,,2.1,,0,0,0,0,0,0,0,,,,
RUE,2010,8,14,20,14.8,,,,,,,,940.2,,1.1,,0,0,0,0,0,0,0,,,,
RUE,2010,8,14,21,14.8,,,,,,,,939.5,,1.4,,0,0,0,0,0,0,0,,,,
RUE,2010,8,14,22,14.7,,,,,,,,938.8,,0.7,,0,0,0,0,0,0,0,,,,
RUE,2010,8,14,23,14.5,,,,,,,,938.4,,1.3,,0,0,0,0,0,0,0,,,,
RUE,2010,8,15,0,13.7,,,,,,,,938.2,,3.1,,0,0,0,0,0,0,0,,,,
RUE,2010,8,15,1,13.2,,,,,,,,938.1,,5,,0,0,0,0,0,0,0,,,,
RUE,2010,8,15,2,13.2,,,,,,,,938.2,,5.5,,0,0,0,0,0,0,0,,,,
RUE,2010,8,15,3,13.3,,,,,,,,938.2,,4.9,,0,0,0,0,0,0,0,,,,
RUE,2010,8,15,4,13.4,,,,,,,,938.7,,4.7,,0,0,0,0,0,0,0,,,,
RUE,2010,8,15,5,13.5,,,,,,,,939.1,,5.3,,17,0,0,0,0,0,0,,,,
RUE,2010,8,15,6,13.7,,,,,,,,939.6,,5.9,,62,0,0,0,0,0,0,,,,
RUE,2010,8,15,7,13.8,,,,,,,,940.4,,3.8,,99,942.2,16.3,0,0,0,0,,,,
RUE,2010,8,15,8,13.7,,,,,,,,941.3,,2.8,,78,6.4,76.3,0,0,0,0,,,,
RUE,2010,8,15,9,13.5,,,,,,,,942.4,,1.6,,128,6.4,125.3,0,0,0,0,,,,
RUE,2010,8,15,10,13.7,,,,,,,,942.9,,1.2,,149,4.6,146.4,0,0,0,0,,,,
RUE,2010,8,15,11,14.2,,,,,,,,943.3,,1.1,,221,7.5,215.8,0,0,0,0,,,,
RUE,2010,8,15,12,15.3,,,,,,,,943.4,,1.7,,445,116.1,354.3,0,0,0,0,,,,
RUE,2010,8,15,13,15.7,,,,,,,,943.5,,3.6,,355,29.4,330.6,0,0,0,0,,,,
RUE,2010,8,15,14,16,,,,,,,,943.8,,2.6,,368,34.8,339.1,0,0,0,0,,,,
RUE,2010,8,15,15,15.9,,,,,,,,943.8,,2.1,,235,6.2,230.2,0,0,0,0,,,,
RUE,2010,8,15,16,15.1,,,,,,,,943.7,,1.3,,111,1.7,109.8,0,0,0,0,,,,
RUE,2010,8,15,17,14.4,,,,,,,,943.8,,1.6,,69,0.9,68.4,0,0,0,0,,,,
RUE,2010,8,15,18,14,,,,,,,,943.9,,1.6,,15,0.1,15,0,0,0,0,,,,
RUE,2010,8,15,19,13,,,,,,,,944.4,,1.6,,0,0,0,0,0,0,0,,,,
RUE,2010,8,15,20,12.5,,,,,,,,944.5,,1.8,,0,0,0,0,0,0,0,,,,
RUE,2010,8,15,21,12.3,,,,,,,,944.3,,3,,0,0,0,0,0,0,0,,,,
RUE,2010,8,15,22,12.3,,,,,,,,944.2,,3.4,,0,0,0,0,0,0,0,,,,
RUE,2010,8,15,23,12.6,,,,,,,,943.8,,3.6,,0,0,0,0,0,0,0,,,,
RUE,2010,8,16,0,12.9,,,,,,,,943.5,,3.4,,0,0,0,0,0,0,0,,,,
RUE,2010,8,16,1,13.2,,,,,,,,942.9,,3.7,,0,0,0,0,0,0,0,,,,
RUE,2010,8,16,2,12.9,,,,,,,,942.6,,5.7,,0,0,0,0,0,0,0,,,,
RUE,2010,8,16,3,12.7,,,,,,,,942.2,,5.8,,0,0,0,0,0,0,0,,,,
RUE,2010,8,16,4,12.4,,,,,,,,942.1,,6.9,,0,0,0,0,0,0,0,,,,
RUE,2010,8,16,5,11.7,,,,,,,,942.3,,6.7,,11,0,0,0,0,0,0,,,,
RUE,2010,8,16,6,11.7,,,,,,,,942.5,,5.7,,24,0,0,0,0,0,0,,,,
RUE,2010,8,16,7,12,,,,,,,,942.7,,4,,58,258.3,36.2,0,0,0,0,,,,
RUE,2010,8,16,8,11.4,,,,,,,,943.4,,1.4,,89,11,86.2,0,0,0,0,,,,
RUE,2010,8,16,9,11.7,,,,,,,,943.9,,2.2,,113,4.9,110.9,0,0,0,0,,,,
RUE,2010,8,16,10,11.4,,,,,,,,944.3,,2.2,,89,1.7,88.1,0,0,0,0,,,,
RUE,2010,8,16,11,12.2,,,,,,,,944.6,,2,,250,12.7,241.2,0,0,0,0,,,,
RUE,2010,8,16,12,12.4,,,,,,,,944.8,,2.5,,161,2.9,158.7,0,0,0,0,,,,
RUE,2010,8,16,13,12.3,,,,,,,,945,,4.8,,168,2.8,165.7,0,0,0,0,,,,
RUE,2010,8,16,14,12.4,,,,,,,,945.1,,4,,60,0.4,59.7,0,0,0,0,,,,
RUE,2010,8,16,15,12.4,,,,,,,,945.2,,4.8,,41,0.2,40.9,0,0,0,0,,,,
RUE,2010,8,16,16,12.1,,,,,,,,945.3,,3.4,,28,0.1,27.9,0,0,0,0,,,,
RUE,2010,8,16,17,11.6,,,,,,,,945.4,,3.2,,11,0,11,0,0,0,0,,,,
RUE,2010,8,16,18,11.4,,,,,,,,945.7,,2.5,,2,0,2,0,0,0,0,,,,
RUE,2010,8,16,19,11.8,,,,,,,,945.9,,2.5,,0,0,0,0,0,0,0,,,,
RUE,2010,8,16,20,12,,,,,,,,946.2,,3.4,,0,0,0,0,0,0,0,,,,
RUE,2010,8,16,21,11.9,,,,,,,,946.5,,3.1,,0,0,0,0,0,0,0,,,,
RUE,2010,8,16,22,12,,,,,,,,946.6,,2.3,,0,0,0,0,0,0,0,,,,
RUE,2010,8,16,23,12.2,,,,,,,,946.3,,3.6,,0,0,0,0,0,0,0,,,,
RUE,2010,8,17,0,11.9,,,,,,,,946.2,,3.2,,0,0,0,0,0,0,0,,,,
RUE,2010,8,17,1,11.8,,,,,,,,946,,2.6,,0,0,0,0,0,0,0,,,,
RUE,2010,8,17,2,11.8,,,,,,,,945.9,,2.3,,0,0,0,0,0,0,0,,,,
RUE,2010,8,17,3,12.2,,,,,,,,945.6,,2.1,,0,0,0,0,0,0,0,,,,
RUE,2010,8,17,4,12.8,,,,,,,,945.4,,2.7,,0,0,0,0,0,0,0,,,,
RUE,2010,8,17,5,13.1,,,,,,,,945.7,,1.5,,5,0,0,0,0,0,0,,,,
RUE,2010,8,17,6,13.3,,,,,,,,946.1,,0.9,,18,0,0,0,0,0,0,,,,
RUE,2010,8,17,7,13.5,,,,,,,,946.2,,0.9,,44,93.6,36.4,0,0,0,0,,,,
RUE,2010,8,17,8,14.4,,,,,,,,946.4,,1.1,,154,162.2,113.4,0,0,0,0,,,,
RUE,2010,8,17,9,15.4,,,,,,,,946.4,,2.3,,265,188.3,186.6,0,0,0,0,,,,
RUE,2010,8,17,10,16.4,,,,,,,,946.2,,2.6,,385,247.6,244.9,0,0,0,0,,,,
RUE,2010,8,17,11,16.3,,,,,,,,946.2,,1.9,,257,14.7,246.9,0,0,0,0,,,,
RUE,2010,8,17,12,16.4,,,,,,,,946.1,,2.2,,296,16.3,283.3,0,0,0,0,,,,
RUE,2010,8,17,13,16.4,,,,,,,,945.9,,2.9,,345,26.3,323.4,0,0,0,0,,,,
RUE,2010,8,17,14,16.5,,,,,,,,945.8,,2.9,,344,25.7,322.9,0,0,0,0,,,,
RUE,2010,8,17,15,16.1,,,,,,,,945.7,,2.2,,194,4.2,190.7,0,0,0,0,,,,
RUE,2010,8,17,16,15.8,,,,,,,,945.4,,1.5,,118,1.9,116.6,0,0,0,0,,,,
RUE,2010,8,17,17,15.3,,,,,,,,944.9,,1,,43,0.4,42.8,0,0,0,0,,,,
RUE,2010,8,17,18,14.6,,,,,,,,944.7,,0.5,,8,0,8,0,0,0,0,,,,
RUE,2010,8,17,19,14.2,,,,,,,,944.6,,0.8,,0,0,0,0,0,0,0,,,,
RUE,2010,8,17,20,14.4,,,,,,,,944.4,,0.8,,0,0,0,0,0,0,0,,,,
RUE,2010,8,17,21,14.7,,,,,,,,944.3,,0.3,,0,0,0,0,0,0,0,,,,
RUE,2010,8,17,22,15.1,,,,,,,,944.2,,0.3,,0,0,0,0,0,0,0,,,,
RUE,2010,8,17,23,15.4,,,,,,,,943.9,,0.5,,0,0,0,0,0,0,0,,,,
RUE,2010,8,18,0,15.6,,,,,,,,943.5,,0.8,,0,0,0,0,0,0,0,,,,
RUE,2010,8,18,1,14.9,,,,,,,,943.1,,0.5,,0,0,0,0,0,0,0,,,,
RUE,2010,8,18,2,15.5,,,,,,,,942.6,,0.8,,0,0,0,0,0,0,0,,,,
RUE,2010,8,18,3,14.6,,,,,,,,942.1,,0.8,,0,0,0,0,0,0,0,,,,
RUE,2010,8,18,4,14.8,,,,,,,,942,,0.5,,1,0,0,0,0,0,0,,,,
RUE,2010,8,18,5,14.6,,,,,,,,941.8,,0.9,,14,0,0,0,0,0,0,,,,
RUE,2010,8,18,6,14.7,,,,,,,,941.7,,0.7,,47,0,0,0,0,0,0,,,,
RUE,2010,8,18,7,14.9,,,,,,,,941.8,,0.5,,85,915.4,14,0,0,0,0,,,,
RUE,2010,8,18,8,15.8,,,,,,,,941.9,,1.1,,153,166.7,111.8,0,0,0,0,,,,
RUE,2010,8,18,9,17.1,,,,,,,,941.9,,0.7,,355,563.3,122.2,0,0,0,0,,,,
RUE,2010,8,18,10,17.3,,,,,,,,942.1,,2.3,,257,40.2,234.4,0,0,0,0,,,,
RUE,2010,8,18,11,15.4,,,,,,,,942.4,,2,,163,3.8,160.4,0,0,0,0,,,,
RUE,2010,8,18,12,15.1,,,,,,,,942.4,,1.4,,173,3.4,170.4,0,0,0,0,,,,
RUE,2010,8,18,13,15.3,,,,,,,,942.6,,1,,185,3.4,182.2,0,0,0,0,,,,
RUE,2010,8,18,14,15.7,,,,,,,,942.5,,0.6,,146,2.1,144.2,0,0,0,0,,,,
RUE,2010,8,18,15,16.2,,,,,,,,942.6,,1.8,,170,3.2,167.5,0,0,0,0,,,,
RUE,2010,8,18,16,16,,,,,,,,942.5,,0.9,,71,0.7,70.5,0,0,0,0,,,,
RUE,2010,8,18,17,15.5,,,,,,,,942.3,,1,,24,0.1,23.9,0,0,0,0,,,,
RUE,2010,8,18,18,14.9,,,,,,,,942.7,,0.7,,5,0,5,0,0,0,0,,,,
RUE,2010,8,18,19,14.4,,,,,,,,943.2,,0.6,,0,0,0,0,0,0,0,,,,
RUE,2010,8,18,20,14.2,,,,,,,,943.6,,0.3,,0,0,0,0,0,0,0,,,,
RUE,2010,8,18,21,14.3,,,,,,,,943.9,,1.5,,0,0,0,0,0,0,0,,,,
RUE,2010,8,18,22,14.1,,,,,,,,944.2,,1.3,,0,0,0,0,0,0,0,,,,
RUE,2010,8,18,23,13.6,,,,,,,,944.6,,1.8,,0,0,0,0,0,0,0,,,,
RUE,2010,8,19,0,13.4,,,,,,,,944.9,,1.4,,0,0,0,0,0,0,0,,,,
RUE,2010,8,19,1,13.3,,,,,,,,945,,0.7,,0,0,0,0,0,0,0,,,,
RUE,2010,8,19,2,13.3,,,,,,,,945.2,,1.8,,0,0,0,0,0,0,0,,,,
RUE,2010,8,19,3,13.3,,,,,,,,945.3,,1.1,,0,0,0,0,0,0,0,,,,
RUE,2010,8,19,4,13.4,,,,,,,,945.7,,0.8,,1,0,0,0,0,0,0,,,,
RUE,2010,8,19,5,13.5,,,,,,,,946.3,,1,,21,0,0,0,0,0,0,,,,
RUE,2010,8,19,6,14.1,,,,,,,,946.8,,0.8,,113,0,0,0,0,0,0,,,,
RUE,2010,8,19,7,14.4,,,,,,,,947.3,,0.9,,139,1566.3,22.9,0,0,0,0,,,,
RUE,2010,8,19,8,15.1,,,,,,,,947.6,,1,,253,863.9,42.2,0,0,0,0,,,,
RUE,2010,8,19,9,16.6,,,,,,,,947.7,,1,,568,1156.5,93.7,0,0,0,0,,,,
RUE,2010,8,19,10,17.3,,,,,,,,947.7,,1,,491,598.5,156,0,0,0,0,,,,
RUE,2010,8,19,11,18.3,,,,,,,,947.5,,1.1,,649,737.8,145.5,0,0,0,0,,,,
RUE,2010,8,19,12,18.5,,,,,,,,947.5,,0.8,,384,62.1,336.2,0,0,0,0,,,,
RUE,2010,8,19,13,18.8,,,,,,,,947.4,,1.4,,353,30.6,328,0,0,0,0,,,,
RUE,2010,8,19,14,19.9,,,,,,,,947.3,,1,,578,287.4,343.1,0,0,0,0,,,,
RUE,2010,8,19,15,20.3,,,,,,,,947.3,,0.8,,486,177.3,348.7,0,0,0,0,,,,
RUE,2010,8,19,16,20.3,,,,,,,,947.5,,1,,307,35.4,282.6,0,0,0,0,,,,
RUE,2010,8,19,17,19.7,,,,,,,,947.7,,0.5,,118,2.9,116.3,0,0,0,0,,,,
RUE,2010,8,19,18,18.8,,,,,,,,947.9,,1.2,,27,0.3,26.9,0,0,0,0,,,,
RUE,2010,8,19,19,18,,,,,,,,948.4,,1.6,,0,0,0,0,0,0,0,,,,
RUE,2010,8,19,20,17.9,,,,,,,,948.7,,1.5,,0,0,0,0,0,0,0,,,,
RUE,2010,8,19,21,17.6,,,,,,,,948.8,,1.3,,0,0,0,0,0,0,0,,,,
RUE,2010,8,19,22,17.4,,,,,,,,948.8,,1.2,,0,0,0,0,0,0,0,,,,
RUE,2010,8,19,23,16.8,,,,,,,,948.7,,1.2,,0,0,0,0,0,0,0,,,,
RUE,2010,8,20,0,16,,,,,,,,948.6,,1.1,,0,0,0,0,0,0,0,,,,
RUE,2010,8,20,1,16,,,,,,,,948.6,,1.6,,0,0,0,0,0,0,0,,,,
RUE,2010,8,20,2,15.9,,,,,,,,948.7,,1.9,,0,0,0,0,0,0,0,,,,
RUE,2010,8,20,3,15.6,,,,,,,,948.6,,1.9,,0,0,0,0,0,0,0,,,,
RUE,2010,8,20,4,15.5,,,,,,,,948.9,,1.9,,1,0,0,0,0,0,0,,,,
RUE,2010,8,20,5,15.6,,,,,,,,949.3,,2,,35,0,0,0,0,0,0,,,,
RUE,2010,8,20,6,16.2,,,,,,,,949.6,,2.1,,109,0,0,0,0,0,0,,,,
RUE,2010,8,20,7,17.9,,,,,,,,949.7,,1.7,,287,3391.4,47.4,0,0,0,0,,,,
RUE,2010,8,20,8,19.7,,,,,,,,950,,1.7,,465,1613.2,76.7,0,0,0,0,,,,
RUE,2010,8,20,9,21.6,,,,,,,,950.4,,1.3,,632,1296.8,104.3,0,0,0,0,,,,
RUE,2010,8,20,10,23.1,,,,,,,,950.7,,1,,705,1057.5,116.3,0,0,0,0,,,,
RUE,2010,8,20,11,24.3,,,,,,,,950.8,,2.4,,745,915.7,122.9,0,0,0,0,,,,
RUE,2010,8,20,12,24.8,,,,,,,,951,,2.2,,776,833.8,136.8,0,0,0,0,,,,
RUE,2010,8,20,13,24.8,,,,,,,,951,,2,,713,598.7,226.6,0,0,0,0,,,,
RUE,2010,8,20,14,24.6,,,,,,,,951,,1.7,,535,214.5,360.4,0,0,0,0,,,,
RUE,2010,8,20,15,24.4,,,,,,,,951.1,,2,,386,63.3,337.2,0,0,0,0,,,,
RUE,2010,8,20,16,23.7,,,,,,,,951.3,,1,,148,3.1,145.8,0,0,0,0,,,,
RUE,2010,8,20,17,23,,,,,,,,951.7,,1,,95,1.9,93.9,0,0,0,0,,,,
RUE,2010,8,20,18,22.5,,,,,,,,952.1,,0.6,,21,0.2,20.9,0,0,0,0,,,,
RUE,2010,8,20,19,21.1,,,,,,,,952.8,,1,,0,0,0,0,0,0,0,,,,
RUE,2010,8,20,20,20.8,,,,,,,,953.3,,1.1,,0,0,0,0,0,0,0,,,,
RUE,2010,8,20,21,20.4,,,,,,,,953.6,,0.5,,0,0,0,0,0,0,0,,,,
RUE,2010,8,20,22,20.3,,,,,,,,953.9,,0.7,,0,0,0,0,0,0,0,,,,
RUE,2010,8,20,23,19.9,,,,,,,,954,,0.9,,0,0,0,0,0,0,0,,,,
RUE,2010,8,21,0,19.7,,,,,,,,953.9,,1.1,,0,0,0,0,0,0,0,,,,
RUE,2010,8,21,1,19.4,,,,,,,,953.9,,1.2,,0,0,0,0,0,0,0,,,,
RUE,2010,8,21,2,18.9,,,,,,,,953.8,,0.7,,0,0,0,0,0,0,0,,,,
RUE,2010,8,21,3,18.6,,,,,,,,953.9,,1,,0,0,0,0,0,0,0,,,,
RUE,2010,8,21,4,18.3,,,,,,,,954.2,,0.4,,1,0,0,0,0,0,0,,,,
RUE,2010,8,21,5,18.2,,,,,,,,954.4,,0.9,,34,0,0,0,0,0,0,,,,
RUE,2010,8,21,6,18.8,,,,,,,,954.7,,0.7,,139,0,0,0,0,0,0,,,,
RUE,2010,8,21,7,20.4,,,,,,,,955,,1.1,,310,3851.3,51.2,0,0,0,0,,,,
RUE,2010,8,21,8,22.9,,,,,,,,955.1,,1.8,,516,1815.4,85.1,0,0,0,0,,,,
RUE,2010,8,21,9,23.7,,,,,,,,955.2,,1.8,,656,1356.6,108.2,0,0,0,0,,,,
RUE,2010,8,21,10,23.9,,,,,,,,955,,1,,506,668.9,135.7,0,0,0,0,,,,
RUE,2010,8,21,11,24.8,,,,,,,,954.6,,1.4,,686,836.5,120.3,0,0,0,0,,,,
RUE,2010,8,21,12,25.6,,,,,,,,954.4,,2.1,,702,679.1,183.5,0,0,0,0,,,,
RUE,2010,8,21,13,26,,,,,,,,954.3,,1.7,,748,688.2,191,0,0,0,0,,,,
RUE,2010,8,21,14,26.4,,,,,,,,953.9,,1.7,,673,506.1,262.8,0,0,0,0,,,,
RUE,2010,8,21,15,26.2,,,,,,,,953.7,,1.9,,518,239.3,334.5,0,0,0,0,,,,
RUE,2010,8,21,16,26.1,,,,,,,,953.4,,1.5,,343,64.7,298.9,0,0,0,0,,,,
RUE,2010,8,21,17,25.4,,,,,,,,953,,1.4,,163,5.7,159.8,0,0,0,0,,,,
RUE,2010,8,21,18,24.2,,,,,,,,953.1,,1.2,,19,0.1,18.9,0,0,0,0,,,,
RUE,2010,8,21,19,22.8,,,,,,,,953.4,,1,,0,0,0,0,0,0,0,,,,
RUE,2010,8,21,20,21.4,,,,,,,,953.5,,1.1,,0,0,0,0,0,0,0,,,,
RUE,2010,8,21,21,21.4,,,,,,,,953.4,,0.9,,0,0,0,0,0,0,0,,,,
RUE,2010,8,21,22,21.1,,,,,,,,953.2,,1,,0,0,0,0,0,0,0,,,,
RUE,2010,8,21,23,20.6,,,,,,,,953,,1.1,,0,0,0,0,0,0,0,,,,
RUE,2010,8,22,0,20,,,,,,,,952.6,,0.7,,0,0,0,0,0,0,0,,,,
RUE,2010,8,22,1,20.2,,,,,,,,952,,1.6,,0,0,0,0,0,0,0,,,,
RUE,2010,8,22,2,19.8,,,,,,,,951.4,,1.4,,0,0,0,0,0,0,0,,,,
RUE,2010,8,22,3,19.5,,,,,,,,951.1,,1,,0,0,0,0,0,0,0,,,,
RUE,2010,8,22,4,18.7,,,,,,,,950.8,,1.1,,1,0,0,0,0,0,0,,,,
RUE,2010,8,22,5,18.8,,,,,,,,950.6,,0.7,,53,0,0,0,0,0,0,,,,
RUE,2010,8,22,6,19.7,,,,,,,,950.6,,1.3,,210,0,0,0,0,0,0,,,,
RUE,2010,8,22,7,22.5,,,,,,,,949.9,,1.6,,392,5134.4,64.7,0,0,0,0,,,,
RUE,2010,8,22,8,23.4,,,,,,,,950,,1.5,,536,1912.9,88.4,0,0,0,0,,,,
RUE,2010,8,22,9,24.9,,,,,,,,949.9,,1.4,,659,1373.8,108.7,0,0,0,0,,,,
RUE,2010,8,22,10,25.7,,,,,,,,949.6,,1.6,,760,1152.9,125.4,0,0,0,0,,,,
RUE,2010,8,22,11,26.3,,,,,,,,949.1,,1.6,,808,1002.2,133.3,0,0,0,0,,,,
RUE,2010,8,22,12,26.9,,,,,,,,948.6,,1.6,,788,863,131.8,0,0,0,0,,,,
RUE,2010,8,22,13,27.1,,,,,,,,948,,1.7,,752,704.1,184.5,0,0,0,0,,,,
RUE,2010,8,22,14,27.1,,,,,,,,947.2,,1.4,,540,230.1,354.3,0,0,0,0,,,,
RUE,2010,8,22,15,26.6,,,,,,,,946.6,,2,,425,104,345.6,0,0,0,0,,,,
RUE,2010,8,22,16,25.6,,,,,,,,946.3,,2.1,,160,3.8,157.5,0,0,0,0,,,,
RUE,2010,8,22,17,24,,,,,,,,946.6,,3.3,,72,1.1,71.4,0,0,0,0,,,,
RUE,2010,8,22,18,22.9,,,,,,,,946.5,,1,,7,0,7,0,0,0,0,,,,
RUE,2010,8,22,19,22,,,,,,,,946.2,,1,,0,0,0,0,0,0,0,,,,
RUE,2010,8,22,20,21.1,,,,,,,,945.8,,1.2,,0,0,0,0,0,0,0,,,,
RUE,2010,8,22,21,21.5,,,,,,,,945.4,,0.8,,0,0,0,0,0,0,0,,,,
RUE,2010,8,22,22,21.4,,,,,,,,945.1,,0.5,,0,0,0,0,0,0,0,,,,
RUE,2010,8,22,23,22.4,,,,,,,,944.8,,1,,0,0,0,0,0,0,0,,,,
RUE,2010,8,23,0,22,,,,,,,,943.7,,0.7,,0,0,0,0,0,0,0,,,,
RUE,2010,8,23,1,21.6,,,,,,,,942.6,,2.7,,0,0,0,0,0,0,0,,,,
RUE,2010,8,23,2,20.6,,,,,,,,942,,2.1,,0,0,0,0,0,0,0,,,,
RUE,2010,8,23,3,20,,,,,,,,941.6,,1.7,,0,0,0,0,0,0,0,,,,
RUE,2010,8,23,4,19.7,,,,,,,,941.1,,1.1,,1,0,0,0,0,0,0,,,,
RUE,2010,8,23,5,20.2,,,,,,,,941.2,,2.1,,19,0,0,0,0,0,0,,,,
RUE,2010,8,23,6,20.7,,,,,,,,941.7,,1,,43,0,0,0,0,0,0,,,,
RUE,2010,8,23,7,19.4,,,,,,,,942.5,,2.2,,68,941.4,11.2,0,0,0,0,,,,
RUE,2010,8,23,8,18.1,,,,,,,,942.8,,1.1,,54,3.7,53.1,0,0,0,0,,,,
RUE,2010,8,23,9,18.1,,,,,,,,942.7,,1.1,,77,2.5,76,0,0,0,0,,,,
RUE,2010,8,23,10,18.7,,,,,,,,942.1,,1.5,,112,2.8,110.5,0,0,0,0,,,,
RUE,2010,8,23,11,19,,,,,,,,940.8,,2.4,,76,0.9,75.4,0,0,0,0,,,,
RUE,2010,8,23,12,19.8,,,,,,,,940.5,,1.9,,58,0.4,57.7,0,0,0,0,,,,
RUE,2010,8,23,13,20.8,,,,,,,,939.7,,1.9,,149,2.3,147.1,0,0,0,0,,,,
RUE,2010,8,23,14,21,,,,,,,,939.4,,1.9,,169,3,166.6,0,0,0,0,,,,
RUE,2010,8,23,15,21.9,,,,,,,,939.3,,1.1,,228,6.2,223.3,0,0,0,0,,,,
RUE,2010,8,23,16,22,,,,,,,,939.2,,0.8,,233,10.3,226.1,0,0,0,0,,,,
RUE,2010,8,23,17,21.5,,,,,,,,939.1,,0.6,,125,3.5,123.1,0,0,0,0,,,,
RUE,2010,8,23,18,20.6,,,,,,,,939.2,,0.4,,13,0.1,13,0,0,0,0,,,,
RUE,2010,8,23,19,19.3,,,,,,,,939.7,,1,,0,0,0,0,0,0,0,,,,
RUE,2010,8,23,20,19.4,,,,,,,,940,,1.3,,0,0,0,0,0,0,0,,,,
RUE,2010,8,23,21,18.4,,,,,,,,940.5,,2.3,,0,0,0,0,0,0,0,,,,
RUE,2010,8,23,22,17.6,,,,,,,,940.5,,1.4,,0,0,0,0,0,0,0,,,,
RUE,2010,8,23,23,17.4,,,,,,,,941.3,,1,,0,0,0,0,0,0,0,,,,
RUE,2010,8,24,0,17.5,,,,,,,,941.3,,1.3,,0,0,0,0,0,0,0,,,,
RUE,2010,8,24,1,17.5,,,,,,,,941.2,,2.2,,0,0,0,0,0,0,0,,,,
RUE,2010,8,24,2,17.1,,,,,,,,940.9,,1,,0,0,0,0,0,0,0,,,,
RUE,2010,8,24,3,16.9,,,,,,,,940.6,,0.5,,0,0,0,0,0,0,0,,,,
RUE,2010,8,24,4,17.3,,,,,,,,940.6,,0.5,,0,0,0,0,0,0,0,,,,
RUE,2010,8,24,5,17.5,,,,,,,,940.5,,1,,47,0,0,0,0,0,0,,,,
RUE,2010,8,24,6,18.4,,,,,,,,940.4,,2.1,,78,0,0,0,0,0,0,,,,
RUE,2010,8,24,7,18.9,,,,,,,,940.8,,1.8,,92,1352.3,15.2,0,0,0,0,,,,
RUE,2010,8,24,8,18.8,,,,,,,,941.5,,2,,293,1076.9,48.3,0,0,0,0,,,,
RUE,2010,8,24,9,19.6,,,,,,,,942,,1.7,,423,896.4,69.8,0,0,0,0,,,,
RUE,2010,8,24,10,19.8,,,,,,,,942.1,,1.1,,548,826.1,98.6,0,0,0,0,,,,
RUE,2010,8,24,11,20.4,,,,,,,,941.8,,1.8,,403,149.4,303.4,0,0,0,0,,,,
RUE,2010,8,24,12,18.7,,,,,,,,942.9,,5,,410,92.9,340,0,0,0,0,,,,
RUE,2010,8,24,13,16.4,,,,,,,,944.6,,5.2,,293,13.3,282.3,0,0,0,0,,,,
RUE,2010,8,24,14,15.4,,,,,,,,945.3,,4.1,,162,2.8,159.8,0,0,0,0,,,,
RUE,2010,8,24,15,15.4,,,,,,,,945.8,,3.2,,100,1.2,99.1,0,0,0,0,,,,
RUE,2010,8,24,16,16.6,,,,,,,,946,,3.3,,230,10,223.3,0,0,0,0,,,,
RUE,2010,8,24,17,16.3,,,,,,,,946,,2.4,,101,2.3,99.7,0,0,0,0,,,,
RUE,2010,8,24,18,15.3,,,,,,,,946.4,,2.9,,9,0,9,0,0,0,0,,,,
RUE,2010,8,24,19,15.1,,,,,,,,947,,2.9,,0,0,0,0,0,0,0,,,,
RUE,2010,8,24,20,14.8,,,,,,,,947.8,,2.1,,0,0,0,0,0,0,0,,,,
RUE,2010,8,24,21,14.2,,,,,,,,948.3,,1.7,,0,0,0,0,0,0,0,,,,
RUE,2010,8,24,22,13.5,,,,,,,,948.6,,1.2,,0,0,0,0,0,0,0,,,,
RUE,2010,8,24,23,13.1,,,,,,,,948.8,,1.5,,0,0,0,0,0,0,0,,,,
RUE,2010,8,25,0,12.7,,,,,,,,948.8,,0.6,,0,0,0,0,0,0,0,,,,
RUE,2010,8,25,1,12.8,,,,,,,,948.8,,1.1,,0,0,0,0,0,0,0,,,,
RUE,2010,8,25,2,12.4,,,,,,,,948.8,,1,,0,0,0,0,0,0,0,,,,
RUE,2010,8,25,3,11.9,,,,,,,,948.5,,0.3,,0,0,0,0,0,0,0,,,,
RUE,2010,8,25,4,11.4,,,,,,,,948.6,,0.8,,0,0,0,0,0,0,0,,,,
RUE,2010,8,25,5,11.8,,,,,,,,948.7,,0.7,,35,0,0,0,0,0,0,,,,
RUE,2010,8,25,6,13.3,,,,,,,,948.7,,0.6,,198,0,0,0,0,0,0,,,,
RUE,2010,8,25,7,14.8,,,,,,,,948.8,,0.6,,317,4963.9,52.3,0,0,0,0,,,,
RUE,2010,8,25,8,15.6,,,,,,,,948.9,,0.7,,533,1989.1,87.9,0,0,0,0,,,,
RUE,2010,8,25,9,16.6,,,,,,,,948.9,,0.9,,656,1401.9,108.2,0,0,0,0,,,,
RUE,2010,8,25,10,17.9,,,,,,,,948.8,,0.6,,761,1174.9,125.6,0,0,0,0,,,,
RUE,2010,8,25,11,18.5,,,,,,,,948.7,,1.2,,728,916.1,120.1,0,0,0,0,,,,
RUE,2010,8,25,12,18.9,,,,,,,,948.5,,1.1,,696,692.1,176.5,0,0,0,0,,,,
RUE,2010,8,25,13,19.7,,,,,,,,948.1,,1.5,,734,683,190.6,0,0,0,0,,,,
RUE,2010,8,25,14,20,,,,,,,,947.8,,0.9,,559,277.5,338.1,0,0,0,0,,,,
RUE,2010,8,25,15,20.3,,,,,,,,947.6,,0.8,,414,98.5,340,0,0,0,0,,,,
RUE,2010,8,25,16,20.3,,,,,,,,947.4,,1.3,,295,34.4,272.2,0,0,0,0,,,,
RUE,2010,8,25,17,19,,,,,,,,947.5,,1.9,,64,0.9,63.5,0,0,0,0,,,,
RUE,2010,8,25,18,18.5,,,,,,,,947.6,,0.4,,13,0.1,13,0,0,0,0,,,,
RUE,2010,8,25,19,17.5,,,,,,,,948,,0.9,,0,0,0,0,0,0,0,,,,
RUE,2010,8,25,20,17.2,,,,,,,,948,,0.4,,0,0,0,0,0,0,0,,,,
RUE,2010,8,25,21,16.8,,,,,,,,948.2,,0.7,,0,0,0,0,0,0,0,,,,
RUE,2010,8,25,22,16.7,,,,,,,,948.3,,0.6,,0,0,0,0,0,0,0,,,,
RUE,2010,8,25,23,17.7,,,,,,,,948.2,,1,,0,0,0,0,0,0,0,,,,
RUE,2010,8,26,0,18.5,,,,,,,,947.9,,0.5,,0,0,0,0,0,0,0,,,,
RUE,2010,8,26,1,19.5,,,,,,,,947.7,,0.4,,0,0,0,0,0,0,0,,,,
RUE,2010,8,26,2,19.2,,,,,,,,947.2,,0.8,,0,0,0,0,0,0,0,,,,
RUE,2010,8,26,3,19,,,,,,,,946.9,,0.9,,0,0,0,0,0,0,0,,,,
RUE,2010,8,26,4,18.7,,,,,,,,946.5,,1,,0,0,0,0,0,0,0,,,,
RUE,2010,8,26,5,17.9,,,,,,,,946.6,,2,,21,0,0,0,0,0,0,,,,
RUE,2010,8,26,6,18.4,,,,,,,,946.3,,1,,82,0,0,0,0,0,0,,,,
RUE,2010,8,26,7,19.7,,,,,,,,946.2,,1.2,,318,0,0,0,0,0,0,,,,
RUE,2010,8,26,8,22.4,,,,,,,,946.1,,0.7,,519,1967.2,85.6,0,0,0,0,,,,
RUE,2010,8,26,9,24,,,,,,,,946.1,,0.9,,642,1383.8,105.9,0,0,0,0,,,,
RUE,2010,8,26,10,25,,,,,,,,945.8,,0.9,,737,1144.8,121.6,0,0,0,0,,,,
RUE,2010,8,26,11,26,,,,,,,,945.3,,1,,794,1004.1,131,0,0,0,0,,,,
RUE,2010,8,26,12,26.6,,,,,,,,944.7,,1.7,,753,826.4,135.6,0,0,0,0,,,,
RUE,2010,8,26,13,26.8,,,,,,,,944.1,,1.2,,687,575.5,231.1,0,0,0,0,,,,
RUE,2010,8,26,14,27.6,,,,,,,,943.3,,0.8,,619,410.8,293.5,0,0,0,0,,,,
RUE,2010,8,26,15,27.9,,,,,,,,942.2,,1,,419,106.5,339.4,0,0,0,0,,,,
RUE,2010,8,26,16,27,,,,,,,,941.3,,1.6,,189,5.5,185.4,0,0,0,0,,,,
RUE,2010,8,26,17,25.9,,,,,,,,940.8,,1.1,,66,1,65.5,0,0,0,0,,,,
RUE,2010,8,26,18,26.1,,,,,,,,940.1,,1.1,,7,0,7,0,0,0,0,,,,
RUE,2010,8,26,19,25.8,,,,,,,,939.6,,1.2,,0,0,0,0,0,0,0,,,,
RUE,2010,8,26,20,27,,,,,,,,938.7,,5.8,,0,0,0,0,0,0,0,,,,
RUE,2010,8,26,21,27.5,,,,,,,,938.4,,8.5,,0,0,0,0,0,0,0,,,,
RUE,2010,8,26,22,27.5,,,,,,,,938.8,,6,,0,0,0,0,0,0,0,,,,
RUE,2010,8,26,23,26.9,,,,,,,,939.6,,4.8,,0,0,0,0,0,0,0,,,,
RUE,2010,8,27,0,23.5,,,,,,,,939.9,,3,,0,0,0,0,0,0,0,,,,
RUE,2010,8,27,1,23.1,,,,,,,,940.1,,2.2,,0,0,0,0,0,0,0,,,,
RUE,2010,8,27,2,22.5,,,,,,,,939.9,,1.4,,0,0,0,0,0,0,0,,,,
RUE,2010,8,27,3,22.9,,,,,,,,939.8,,3.5,,0,0,0,0,0,0,0,,,,
RUE,2010,8,27,4,22.1,,,,,,,,939.8,,4.4,,0,0,0,0,0,0,0,,,,
RUE,2010,8,27,5,18.4,,,,,,,,940.7,,3.6,,1,0,0,0,0,0,0,,,,
RUE,2010,8,27,6,17,,,,,,,,941.1,,3.4,,9,0,0,0,0,0,0,,,,
RUE,2010,8,27,7,16.4,,,,,,,,941.5,,2.5,,37,0,0,0,0,0,0,,,,
RUE,2010,8,27,8,16.1,,,,,,,,941.6,,2.9,,43,2.6,42.4,0,0,0,0,,,,
RUE,2010,8,27,9,16.5,,,,,,,,941.9,,3.5,,103,4.8,101.1,0,0,0,0,,,,
RUE,2010,8,27,10,18.2,,,,,,,,941.4,,3.7,,451,529.9,167.9,0,0,0,0,,,,
RUE,2010,8,27,11,19.6,,,,,,,,940.8,,3.4,,430,208.7,292.9,0,0,0,0,,,,
RUE,2010,8,27,12,21,,,,,,,,940,,2.8,,326,32.2,302,0,0,0,0,,,,
RUE,2010,8,27,13,21.4,,,,,,,,939.7,,1.7,,332,26.3,311.3,0,0,0,0,,,,
RUE,2010,8,27,14,19.5,,,,,,,,939.5,,2.4,,154,2.6,152,0,0,0,0,,,,
RUE,2010,8,27,15,17.7,,,,,,,,939.6,,1.8,,134,2.2,132.4,0,0,0,0,,,,
RUE,2010,8,27,16,18.8,,,,,,,,939.2,,3,,67,0.7,66.5,0,0,0,0,,,,
RUE,2010,8,27,17,19.3,,,,,,,,939.2,,4.1,,20,0.1,19.9,0,0,0,0,,,,
RUE,2010,8,27,18,17.7,,,,,,,,939.9,,3,,1,0,1,0,0,0,0,,,,
RUE,2010,8,27,19,15.9,,,,,,,,940.5,,2.3,,0,0,0,0,0,0,0,,,,
RUE,2010,8,27,20,16,,,,,,,,940.4,,3.2,,0,0,0,0,0,0,0,,,,
RUE,2010,8,27,21,15.9,,,,,,,,940.2,,2.2,,0,0,0,0,0,0,0,,,,
RUE,2010,8,27,22,15.8,,,,,,,,940.7,,2.6,,0,0,0,0,0,0,0,,,,
RUE,2010,8,27,23,15.7,,,,,,,,941.5,,3.3,,0,0,0,0,0,0,0,,,,
RUE,2010,8,28,0,15.6,,,,,,,,941.9,,2.9,,0,0,0,0,0,0,0,,,,
RUE,2010,8,28,1,15.6,,,,,,,,942.2,,2.1,,0,0,0,0,0,0,0,,,,
RUE,2010,8,28,2,15.3,,,,,,,,942,,3,,0,0,0,0,0,0,0,,,,
RUE,2010,8,28,3,14.9,,,,,,,,942.4,,2.5,,0,0,0,0,0,0,0,,,,
RUE,2010,8,28,4,13.6,,,,,,,,942.9,,3.9,,0,0,0,0,0,0,0,,,,
RUE,2010,8,28,5,12.4,,,,,,,,944.2,,3.8,,3,0,0,0,0,0,0,,,,
RUE,2010,8,28,6,11.8,,,,,,,,945.1,,4,,40,0,0,0,0,0,0,,,,
RUE,2010,8,28,7,11.8,,,,,,,,945.8,,4,,103,0,0,0,0,0,0,,,,
RUE,2010,8,28,8,11.8,,,,,,,,946.5,,3.6,,217,838.7,38.1,0,0,0,0,,,,
RUE,2010,8,28,9,12.4,,,,,,,,947.4,,2.1,,278,321.1,155.8,0,0,0,0,,,,
RUE,2010,8,28,10,12.3,,,,,,,,948,,3,,363,248.8,230.9,0,0,0,0,,,,
RUE,2010,8,28,11,12.4,,,,,,,,948.3,,2.9,,482,332.9,264.4,0,0,0,0,,,,
RUE,2010,8,28,12,12,,,,,,,,948.7,,2.4,,333,36.6,305.9,0,0,0,0,,,,
RUE,2010,8,28,13,11.4,,,,,,,,949,,2.2,,206,4.6,202.4,0,0,0,0,,,,
RUE,2010,8,28,14,10.9,,,,,,,,949.2,,1.9,,142,2.2,140.3,0,0,0,0,,,,
RUE,2010,8,28,15,11.4,,,,,,,,948.9,,1.9,,242,8.2,236,0,0,0,0,,,,
RUE,2010,8,28,16,12.5,,,,,,,,948.7,,1.5,,278,28,259.8,0,0,0,0,,,,
RUE,2010,8,28,17,12.6,,,,,,,,948.8,,1.5,,112,3,110.4,0,0,0,0,,,,
RUE,2010,8,28,18,11.6,,,,,,,,949.1,,1.5,,7,0,7,0,0,0,0,,,,
RUE,2010,8,28,19,10.8,,,,,,,,949.5,,0.6,,0,0,0,0,0,0,0,,,,
RUE,2010,8,28,20,10.4,,,,,,,,949.8,,0.7,,0,0,0,0,0,0,0,,,,
RUE,2010,8,28,21,10.2,,,,,,,,949.9,,0.7,,0,0,0,0,0,0,0,,,,
RUE,2010,8,28,22,10,,,,,,,,949.8,,0.7,,0,0,0,0,0,0,0,,,,
RUE,2010,8,28,23,9.6,,,,,,,,949.6,,0.9,,0,0,0,0,0,0,0,,,,
RUE,2010,8,29,0,9.6,,,,,,,,949.3,,0.7,,0,0,0,0,0,0,0,,,,
RUE,2010,8,29,1,9.8,,,,,,,,949,,0.4,,0,0,0,0,0,0,0,,,,
RUE,2010,8,29,2,9.9,,,,,,,,949,,0.6,,0,0,0,0,0,0,0,,,,
RUE,2010,8,29,3,10,,,,,,,,948.8,,1.1,,0,0,0,0,0,0,0,,,,
RUE,2010,8,29,4,9.5,,,,,,,,948.7,,0.7,,0,0,0,0,0,0,0,,,,
RUE,2010,8,29,5,9.9,,,,,,,,948.6,,0.8,,37,0,0,0,0,0,0,,,,
RUE,2010,8,29,6,11,,,,,,,,948.5,,0.5,,173,0,0,0,0,0,0,,,,
RUE,2010,8,29,7,12.7,,,,,,,,948.4,,0.8,,369,0,0,0,0,0,0,,,,
RUE,2010,8,29,8,13.7,,,,,,,,948.5,,1.7,,478,1902.3,78.9,0,0,0,0,,,,
RUE,2010,8,29,9,14.1,,,,,,,,948.2,,2,,455,1007.1,75.1,0,0,0,0,,,,
RUE,2010,8,29,10,13.8,,,,,,,,948,,2.6,,333,178.8,238.7,0,0,0,0,,,,
RUE,2010,8,29,11,14.6,,,,,,,,947.6,,3.3,,532,478.6,220.8,0,0,0,0,,,,
RUE,2010,8,29,12,15.1,,,,,,,,947.3,,3.5,,672,661.4,184.7,0,0,0,0,,,,
RUE,2010,8,29,13,15.7,,,,,,,,946.9,,3.3,,588,358.4,308,0,0,0,0,,,,
RUE,2010,8,29,14,15.2,,,,,,,,946.3,,2.9,,368,46.2,331.9,0,0,0,0,,,,
RUE,2010,8,29,15,15.2,,,,,,,,945.9,,2.7,,287,17.9,273.8,0,0,0,0,,,,
RUE,2010,8,29,16,14.3,,,,,,,,945.6,,2.6,,113,2,111.7,0,0,0,0,,,,
RUE,2010,8,29,17,13.7,,,,,,,,945.2,,1.5,,28,0.2,27.9,0,0,0,0,,,,
RUE,2010,8,29,18,13.2,,,,,,,,945,,1.3,,2,0,2,0,0,0,0,,,,
RUE,2010,8,29,19,13,,,,,,,,944.9,,1.5,,0,0,0,0,0,0,0,,,,
RUE,2010,8,29,20,13,,,,,,,,944.8,,2.8,,0,0,0,0,0,0,0,,,,
RUE,2010,8,29,21,12,,,,,,,,944.4,,2.7,,0,0,0,0,0,0,0,,,,
RUE,2010,8,29,22,11.7,,,,,,,,944,,2.7,,0,0,0,0,0,0,0,,,,
RUE,2010,8,29,23,12.6,,,,,,,,943.2,,4.8,,0,0,0,0,0,0,0,,,,
RUE,2010,8,30,0,10.8,,,,,,,,943.2,,3.4,,0,0,0,0,0,0,0,,,,
RUE,2010,8,30,1,9.8,,,,,,,,943.2,,3.8,,0,0,0,0,0,0,0,,,,
RUE,2010,8,30,2,9.7,,,,,,,,943,,4,,0,0,0,0,0,0,0,,,,
RUE,2010,8,30,3,8.7,,,,,,,,943.1,,3.9,,0,0,0,0,0,0,0,,,,
RUE,2010,8,30,4,8,,,,,,,,943.7,,3.5,,0,0,0,0,0,0,0,,,,
RUE,2010,8,30,5,7.9,,,,,,,,943.9,,3.6,,22,0,0,0,0,0,0,,,,
RUE,2010,8,30,6,8.2,,,,,,,,944.3,,3.9,,112,0,0,0,0,0,0,,,,
RUE,2010,8,30,7,9.1,,,,,,,,944.8,,4.4,,288,0,0,0,0,0,0,,,,
RUE,2010,8,30,8,9.6,,,,,,,,945.2,,3.5,,209,832.8,37.2,0,0,0,0,,,,
RUE,2010,8,30,9,10,,,,,,,,945.6,,4.4,,159,27.5,148.7,0,0,0,0,,,,
RUE,2010,8,30,10,10,,,,,,,,945.9,,4.1,,173,8.4,168.6,0,0,0,0,,,,
RUE,2010,8,30,11,10,,,,,,,,946,,3.9,,219,9.3,213,0,0,0,0,,,,
RUE,2010,8,30,12,10.4,,,,,,,,945.9,,3.3,,184,4.2,180.9,0,0,0,0,,,,
RUE,2010,8,30,13,11.3,,,,,,,,945.9,,4.6,,231,6,226.3,0,0,0,0,,,,
RUE,2010,8,30,14,11,,,,,,,,946.1,,3.8,,96,1,95.2,0,0,0,0,,,,
RUE,2010,8,30,15,10.6,,,,,,,,946.3,,3.7,,47,0.3,46.8,0,0,0,0,,,,
RUE,2010,8,30,16,9.7,,,,,,,,946.8,,2.7,,32,0.2,31.9,0,0,0,0,,,,
RUE,2010,8,30,17,9.7,,,,,,,,946.7,,3.2,,22,0.1,21.9,0,0,0,0,,,,
RUE,2010,8,30,18,9.8,,,,,,,,947,,3.7,,2,0,2,0,0,0,0,,,,
RUE,2010,8,30,19,9.7,,,,,,,,947.4,,3.2,,0,0,0,0,0,0,0,,,,
RUE,2010,8,30,20,9.8,,,,,,,,947.6,,3.3,,0,0,0,0,0,0,0,,,,
RUE,2010,8,30,21,9.9,,,,,,,,948,,2.9,,0,0,0,0,0,0,0,,,,
RUE,2010,8,30,22,9.7,,,,,,,,948.2,,2.1,,0,0,0,0,0,0,0,,,,
RUE,2010,8,30,23,9.7,,,,,,,,948.5,,1,,0,0,0,0,0,0,0,,,,
RUE,2010,8,31,0,9.7,,,,,,,,948.8,,1.4,,0,0,0,0,0,0,0,,,,
RUE,2010,8,31,1,9.5,,,,,,,,949,,1.4,,0,0,0,0,0,0,0,,,,
RUE,2010,8,31,2,9.6,,,,,,,,949.2,,1.5,,0,0,0,0,0,0,0,,,,
RUE,2010,8,31,3,9.5,,,,,,,,949.2,,1,,0,0,0,0,0,0,0,,,,
RUE,2010,8,31,4,9.3,,,,,,,,949.4,,1.2,,0,0,0,0,0,0,0,,,,
RUE,2010,8,31,5,9.4,,,,,,,,949.9,,1.4,,13,0,0,0,0,0,0,,,,
RUE,2010,8,31,6,9.7,,,,,,,,950.3,,1.3,,96,0,0,0,0,0,0,,,,
RUE,2010,8,31,7,10.3,,,,,,,,950.6,,1.2,,232,0,0,0,0,0,0,,,,
RUE,2010,8,31,8,11,,,,,,,,951,,1.2,,374,1540.4,61.7,0,0,0,0,,,,
RUE,2010,8,31,9,12,,,,,,,,951.2,,1.1,,346,702.2,85.9,0,0,0,0,,,,
RUE,2010,8,31,10,13,,,,,,,,951.1,,1.4,,685,1098.5,113,0,0,0,0,,,,
RUE,2010,8,31,11,13.7,,,,,,,,950.9,,1.8,,581,643.3,167.2,0,0,0,0,,,,
RUE,2010,8,31,12,14.1,,,,,,,,950.8,,1.6,,431,133.7,333.4,0,0,0,0,,,,
RUE,2010,8,31,13,14.4,,,,,,,,950.7,,2.3,,390,64,340.5,0,0,0,0,,,,
RUE,2010,8,31,14,14.6,,,,,,,,950.4,,1.8,,449,124.3,353,0,0,0,0,,,,
RUE,2010,8,31,15,15.4,,,,,,,,950,,2,,467,192.5,327.1,0,0,0,0,,,,
RUE,2010,8,31,16,14.8,,,,,,,,949.8,,1.9,,172,4.9,168.9,0,0,0,0,,,,
RUE,2010,8,31,17,13.4,,,,,,,,949.7,,1.1,,37,0.3,36.8,0,0,0,0,,,,
RUE,2010,8,31,18,12.4,,,,,,,,949.8,,1.2,,6,0,6,0,0,0,0,,,,
RUE,2010,8,31,19,11.7,,,,,,,,950,,1.5,,0,0,0,0,0,0,0,,,,
RUE,2010,8,31,20,10.7,,,,,,,,949.9,,2,,0,0,0,0,0,0,0,,,,
RUE,2010,8,31,21,9.9,,,,,,,,949.6,,2,,0,0,0,0,0,0,0,,,,
RUE,2010,8,31,22,9.5,,,,,,,,949.5,,1.9,,0,0,0,0,0,0,0,,,,
RUE,2010,8,31,23,9.3,,,,,,,,949.3,,2.1,,0,0,0,0,0,0,0,,,,
RUE,2010,9,1,0,8.6,,,,,,,,948.8,,2.4,,0,0,0,0,0,0,0,,,,
RUE,2010,9,1,1,8.7,,,,,,,,948.3,,3.8,,0,0,0,0,0,0,0,,,,
RUE,2010,9,1,2,8.3,,,,,,,,948,,3.2,,0,0,0,0,0,0,0,,,,
RUE,2010,9,1,3,7.8,,,,,,,,947.7,,2.5,,0,0,0,0,0,0,0,,,,
RUE,2010,9,1,4,7.7,,,,,,,,947.5,,3.1,,0,0,0,0,0,0,0,,,,
RUE,2010,9,1,5,8,,,,,,,,947.6,,3.2,,34,0,0,0,0,0,0,,,,
RUE,2010,9,1,6,9,,,,,,,,947.7,,4,,177,0,0,0,0,0,0,,,,
RUE,2010,9,1,7,10.2,,,,,,,,947.7,,4.1,,363,0,0,0,0,0,0,,,,
RUE,2010,9,1,8,12,,,,,,,,947.8,,3.4,,519,2176.1,85.6,0,0,0,0,,,,
RUE,2010,9,1,9,13.4,,,,,,,,947.8,,4,,643,1463.6,106.1,0,0,0,0,,,,
RUE,2010,9,1,10,14.1,,,,,,,,947.5,,4.6,,742,1197.9,122.4,0,0,0,0,,,,
RUE,2010,9,1,11,15.2,,,,,,,,947.3,,5.3,,791,1032.5,130.5,0,0,0,0,,,,
RUE,2010,9,1,12,16,,,,,,,,947,,4.8,,778,894.8,128.5,0,0,0,0,,,,
RUE,2010,9,1,13,16.7,,,,,,,,946.7,,4.8,,727,720.2,172.6,0,0,0,0,,,,
RUE,2010,9,1,14,17.1,,,,,,,,946.3,,3.6,,626,470,264.8,0,0,0,0,,,,
RUE,2010,9,1,15,17,,,,,,,,946.1,,4.2,,465,193.7,325.2,0,0,0,0,,,,
RUE,2010,9,1,16,16.7,,,,,,,,946,,3.3,,297,44.7,268.7,0,0,0,0,,,,
RUE,2010,9,1,17,15.5,,,,,,,,946,,2.7,,104,2.8,102.6,0,0,0,0,,,,
RUE,2010,9,1,18,14.4,,,,,,,,946.2,,2,,5,0,5,0,0,0,0,,,,
RUE,2010,9,1,19,14.1,,,,,,,,946.3,,3.1,,0,0,0,0,0,0,0,,,,
RUE,2010,9,1,20,13.3,,,,,,,,946.4,,2.5,,0,0,0,0,0,0,0,,,,
RUE,2010,9,1,21,12.2,,,,,,,,946.5,,2.7,,0,0,0,0,0,0,0,,,,
RUE,2010,9,1,22,11.6,,,,,,,,946.5,,2.8,,0,0,0,0,0,0,0,,,,
RUE,2010,9,1,23,11.1,,,,,,,,946.3,,3.6,,0,0,0,0,0,0,0,,,,
RUE,2010,9,2,0,10.4,,,,,,,,946.1,,2.4,,0,0,0,0,0,0,0,,,,
RUE,2010,9,2,1,10.3,,,,,,,,945.9,,2.6,,0,0,0,0,0,0,0,,,,
RUE,2010,9,2,2,10.1,,,,,,,,945.7,,2.3,,0,0,0,0,0,0,0,,,,
RUE,2010,9,2,3,9.5,,,,,,,,945.6,,2,,0,0,0,0,0,0,0,,,,
RUE,2010,9,2,4,9.4,,,,,,,,945.6,,2.3,,0,0,0,0,0,0,0,,,,
RUE,2010,9,2,5,9.6,,,,,,,,945.8,,2.1,,37,0,0,0,0,0,0,,,,
RUE,2010,9,2,6,10.5,,,,,,,,946.1,,2.3,,166,0,0,0,0,0,0,,,,
RUE,2010,9,2,7,11.5,,,,,,,,946.2,,2.9,,312,0,0,0,0,0,0,,,,
RUE,2010,9,2,8,12.9,,,,,,,,946.4,,2.7,,472,2015.4,77.9,0,0,0,0,,,,
RUE,2010,9,2,9,13.9,,,,,,,,946.4,,3.3,,575,1321.5,94.9,0,0,0,0,,,,
RUE,2010,9,2,10,15.2,,,,,,,,946.2,,2.7,,600,975.3,99,0,0,0,0,,,,
RUE,2010,9,2,11,16.6,,,,,,,,946.2,,2.5,,684,897.9,112.9,0,0,0,0,,,,
RUE,2010,9,2,12,17.9,,,,,,,,946.1,,2.8,,760,878.5,125.6,0,0,0,0,,,,
RUE,2010,9,2,13,18.7,,,,,,,,945.8,,2.7,,693,645.2,198.8,0,0,0,0,,,,
RUE,2010,9,2,14,18.9,,,,,,,,945.6,,2.4,,547,295.3,321.3,0,0,0,0,,,,
RUE,2010,9,2,15,18.7,,,,,,,,945.6,,1.7,,362,64,316.1,0,0,0,0,,,,
RUE,2010,9,2,16,18.3,,,,,,,,945.7,,1.1,,212,9.1,206.3,0,0,0,0,,,,
RUE,2010,9,2,17,17.1,,,,,,,,945.9,,1.2,,85,1.9,84,0,0,0,0,,,,
RUE,2010,9,2,18,15.7,,,,,,,,946.3,,1,,7,0,7,0,0,0,0,,,,
RUE,2010,9,2,19,14.8,,,,,,,,946.8,,0.9,,0,0,0,0,0,0,0,,,,
RUE,2010,9,2,20,14.1,,,,,,,,946.8,,0.7,,0,0,0,0,0,0,0,,,,
RUE,2010,9,2,21,13.6,,,,,,,,946.9,,0.5,,0,0,0,0,0,0,0,,,,
RUE,2010,9,2,22,13.3,,,,,,,,946.9,,0.3,,0,0,0,0,0,0,0,,,,
RUE,2010,9,2,23,12.8,,,,,,,,946.9,,0.1,,0,0,0,0,0,0,0,,,,
RUE,2010,9,3,0,12.2,,,,,,,,946.9,,0.7,,0,0,0,0,0,0,0,,,,
RUE,2010,9,3,1,11.9,,,,,,,,946.8,,0.4,,0,0,0,0,0,0,0,,,,
RUE,2010,9,3,2,11.7,,,,,,,,946.8,,0.8,,0,0,0,0,0,0,0,,,,
RUE,2010,9,3,3,11.2,,,,,,,,946.7,,0.5,,0,0,0,0,0,0,0,,,,
RUE,2010,9,3,4,11.3,,,,,,,,946.7,,0.3,,0,0,0,0,0,0,0,,,,
RUE,2010,9,3,5,10.9,,,,,,,,947,,0.8,,22,0,0,0,0,0,0,,,,
RUE,2010,9,3,6,11.5,,,,,,,,947.4,,0.7,,128,0,0,0,0,0,0,,,,
RUE,2010,9,3,7,13.1,,,,,,,,947.5,,1.9,,324,0,0,0,0,0,0,,,,
RUE,2010,9,3,8,14.8,,,,,,,,947.7,,1.9,,493,2144.7,81.3,0,0,0,0,,,,
RUE,2010,9,3,9,16.1,,,,,,,,947.7,,1.3,,616,1429.8,101.6,0,0,0,0,,,,
RUE,2010,9,3,10,17.6,,,,,,,,947.5,,1.2,,717,1173.6,118.3,0,0,0,0,,,,
RUE,2010,9,3,11,18.6,,,,,,,,947.3,,1.4,,768,1013.9,126.7,0,0,0,0,,,,
RUE,2010,9,3,12,19.5,,,,,,,,947,,1.6,,755,877,125,0,0,0,0,,,,
RUE,2010,9,3,13,19.9,,,,,,,,946.8,,1.5,,700,671.3,188.5,0,0,0,0,,,,
RUE,2010,9,3,14,20.3,,,,,,,,946.5,,1.4,,591,400.1,286.9,0,0,0,0,,,,
RUE,2010,9,3,15,20.3,,,,,,,,946.4,,1.3,,445,169,324.5,0,0,0,0,,,,
RUE,2010,9,3,16,20,,,,,,,,946.4,,1.5,,275,32.7,254.6,0,0,0,0,,,,
RUE,2010,9,3,17,18.9,,,,,,,,946.4,,1.7,,92,2.3,90.9,0,0,0,0,,,,
RUE,2010,9,3,18,17.2,,,,,,,,946.6,,1.4,,4,0,4,0,0,0,0,,,,
RUE,2010,9,3,19,16.1,,,,,,,,947.2,,1,,0,0,0,0,0,0,0,,,,
RUE,2010,9,3,20,15.4,,,,,,,,947.3,,1.2,,0,0,0,0,0,0,0,,,,
RUE,2010,9,3,21,14.9,,,,,,,,947.4,,1.5,,0,0,0,0,0,0,0,,,,
RUE,2010,9,3,22,14.4,,,,,,,,947.4,,1.7,,0,0,0,0,0,0,0,,,,
RUE,2010,9,3,23,14.1,,,,,,,,947.2,,2,,0,0,0,0,0,0,0,,,,
RUE,2010,9,4,0,13.1,,,,,,,,947,,1.4,,0,0,0,0,0,0,0,,,,
RUE,2010,9,4,1,12.7,,,,,,,,946.7,,0.3,,0,0,0,0,0,0,0,,,,
RUE,2010,9,4,2,12.4,,,,,,,,946.5,,0.8,,0,0,0,0,0,0,0,,,,
RUE,2010,9,4,3,11.9,,,,,,,,946.6,,1,,0,0,0,0,0,0,0,,,,
RUE,2010,9,4,4,11.7,,,,,,,,946.4,,0.9,,0,0,0,0,0,0,0,,,,
RUE,2010,9,4,5,11.3,,,,,,,,946.9,,0.4,,23,0,0,0,0,0,0,,,,
RUE,2010,9,4,6,12.1,,,,,,,,947.3,,0.5,,151,0,0,0,0,0,0,,,,
RUE,2010,9,4,7,13.8,,,,,,,,947.5,,1,,314,0,0,0,0,0,0,,,,
RUE,2010,9,4,8,14.7,,,,,,,,947.9,,1.6,,420,1862.4,69.3,0,0,0,0,,,,
RUE,2010,9,4,9,15.8,,,,,,,,948,,1.7,,589,1380.8,97.2,0,0,0,0,,,,
RUE,2010,9,4,10,16.9,,,,,,,,948,,2.3,,704,1160.5,116.2,0,0,0,0,,,,
RUE,2010,9,4,11,18.1,,,,,,,,947.8,,2.4,,839,1114.1,138.4,0,0,0,0,,,,
RUE,2010,9,4,12,18.4,,,,,,,,947.7,,2.5,,778,909.1,128.4,0,0,0,0,,,,
RUE,2010,9,4,13,18.8,,,,,,,,947.5,,2.1,,711,707.2,175,0,0,0,0,,,,
RUE,2010,9,4,14,19,,,,,,,,947.4,,2.9,,598,424.5,277.1,0,0,0,0,,,,
RUE,2010,9,4,15,19,,,,,,,,947.5,,3.5,,444,171.7,322.3,0,0,0,0,,,,
RUE,2010,9,4,16,18.4,,,,,,,,947.6,,2.9,,274,33.3,253.4,0,0,0,0,,,,
RUE,2010,9,4,17,16.8,,,,,,,,947.7,,2.9,,86,2,85,0,0,0,0,,,,
RUE,2010,9,4,18,15.7,,,,,,,,948,,2.2,,3,0,3,0,0,0,0,,,,
RUE,2010,9,4,19,14.9,,,,,,,,948.4,,1.1,,0,0,0,0,0,0,0,,,,
RUE,2010,9,4,20,14.1,,,,,,,,948.5,,0.9,,0,0,0,0,0,0,0,,,,
RUE,2010,9,4,21,13.7,,,,,,,,948.3,,0.6,,0,0,0,0,0,0,0,,,,
RUE,2010,9,4,22,13.6,,,,,,,,948.1,,0.4,,0,0,0,0,0,0,0,,,,
RUE,2010,9,4,23,13,,,,,,,,947.9,,0.9,,0,0,0,0,0,0,0,,,,
RUE,2010,9,5,0,12.2,,,,,,,,947.7,,1.5,,0,0,0,0,0,0,0,,,,
RUE,2010,9,5,1,12,,,,,,,,947.7,,0.9,,0,0,0,0,0,0,0,,,,
RUE,2010,9,5,2,11.6,,,,,,,,947.6,,0.7,,0,0,0,0,0,0,0,,,,
RUE,2010,9,5,3,11,,,,,,,,947.4,,1.2,,0,0,0,0,0,0,0,,,,
RUE,2010,9,5,4,10.5,,,,,,,,947.4,,0.8,,0,0,0,0,0,0,0,,,,
RUE,2010,9,5,5,10.7,,,,,,,,947.6,,0.8,,27,0,0,0,0,0,0,,,,
RUE,2010,9,5,6,11.1,,,,,,,,947.9,,0.4,,153,0,0,0,0,0,0,,,,
RUE,2010,9,5,7,12.7,,,,,,,,947.9,,1.4,,322,0,0,0,0,0,0,,,,
RUE,2010,9,5,8,14.3,,,,,,,,947.9,,2.8,,485,2193.2,80,0,0,0,0,,,,
RUE,2010,9,5,9,15.6,,,,,,,,947.8,,2.5,,621,1470.8,102.5,0,0,0,0,,,,
RUE,2010,9,5,10,16.9,,,,,,,,947.4,,3.8,,716,1188.8,118.1,0,0,0,0,,,,
RUE,2010,9,5,11,17.9,,,,,,,,947.3,,3.2,,720,961.7,118.8,0,0,0,0,,,,
RUE,2010,9,5,12,18.6,,,,,,,,947.3,,1.9,,741,868.1,124.1,0,0,0,0,,,,
RUE,2010,9,5,13,18.5,,,,,,,,947,,1.6,,540,295.1,317.5,0,0,0,0,,,,
RUE,2010,9,5,14,19.1,,,,,,,,946.9,,1.3,,582,393.5,286.2,0,0,0,0,,,,
RUE,2010,9,5,15,18.9,,,,,,,,946.8,,2,,429,152.1,322,0,0,0,0,,,,
RUE,2010,9,5,16,18.2,,,,,,,,946.7,,1.9,,248,20.9,235.2,0,0,0,0,,,,
RUE,2010,9,5,17,17.2,,,,,,,,946.8,,1.4,,98,2.7,96.7,0,0,0,0,,,,
RUE,2010,9,5,18,16.1,,,,,,,,947,,0.6,,7,0,7,0,0,0,0,,,,
RUE,2010,9,5,19,15.1,,,,,,,,947.4,,0.6,,0,0,0,0,0,0,0,,,,
RUE,2010,9,5,20,13.9,,,,,,,,947.3,,0.6,,0,0,0,0,0,0,0,,,,
RUE,2010,9,5,21,13.5,,,,,,,,947.2,,1.4,,0,0,0,0,0,0,0,,,,
RUE,2010,9,5,22,12.3,,,,,,,,946.8,,1.7,,0,0,0,0,0,0,0,,,,
RUE,2010,9,5,23,11.5,,,,,,,,946.6,,2,,0,0,0,0,0,0,0,,,,
RUE,2010,9,6,0,11.4,,,,,,,,946.5,,1.9,,0,0,0,0,0,0,0,,,,
RUE,2010,9,6,1,11.3,,,,,,,,946.2,,2.3,,0,0,0,0,0,0,0,,,,
RUE,2010,9,6,2,11.2,,,,,,,,945.8,,2.7,,0,0,0,0,0,0,0,,,,
RUE,2010,9,6,3,11.1,,,,,,,,945.5,,3.2,,0,0,0,0,0,0,0,,,,
RUE,2010,9,6,4,10.6,,,,,,,,945.2,,3.3,,0,0,0,0,0,0,0,,,,
RUE,2010,9,6,5,10.4,,,,,,,,945.3,,3.3,,27,0,0,0,0,0,0,,,,
RUE,2010,9,6,6,11.2,,,,,,,,945.2,,3.8,,171,0,0,0,0,0,0,,,,
RUE,2010,9,6,7,12.2,,,,,,,,945,,4.4,,321,0,0,0,0,0,0,,,,
RUE,2010,9,6,8,13.1,,,,,,,,944.9,,4.3,,416,1919.4,68.6,0,0,0,0,,,,
RUE,2010,9,6,9,14.8,,,,,,,,944.7,,4.1,,609,1457.4,100.5,0,0,0,0,,,,
RUE,2010,9,6,10,16,,,,,,,,944,,4.3,,689,1152.3,113.7,0,0,0,0,,,,
RUE,2010,9,6,11,17.1,,,,,,,,943.5,,3.9,,664,892.7,109.3,0,0,0,0,,,,
RUE,2010,9,6,12,17.3,,,,,,,,943,,3.4,,487,253.2,308,0,0,0,0,,,,
RUE,2010,9,6,13,17.7,,,,,,,,942.3,,3.3,,461,157.8,342.7,0,0,0,0,,,,
RUE,2010,9,6,14,17.7,,,,,,,,941.7,,3.7,,341,38.7,312.1,0,0,0,0,,,,
RUE,2010,9,6,15,17.1,,,,,,,,941.5,,3.6,,257,13.2,247.8,0,0,0,0,,,,
RUE,2010,9,6,16,16.6,,,,,,,,941.2,,3,,135,3.3,133,0,0,0,0,,,,
RUE,2010,9,6,17,15.9,,,,,,,,941.1,,2.5,,33,0.3,32.8,0,0,0,0,,,,
RUE,2010,9,6,18,15.5,,,,,,,,941.2,,1.8,,1,0,1,0,0,0,0,,,,
RUE,2010,9,6,19,15.2,,,,,,,,941.3,,2.3,,0,0,0,0,0,0,0,,,,
RUE,2010,9,6,20,14.7,,,,,,,,941,,2,,0,0,0,0,0,0,0,,,,
RUE,2010,9,6,21,14.3,,,,,,,,940.4,,3,,0,0,0,0,0,0,0,,,,
RUE,2010,9,6,22,13.3,,,,,,,,940,,3.3,,0,0,0,0,0,0,0,,,,
RUE,2010,9,6,23,12.5,,,,,,,,939.4,,4.2,,0,0,0,0,0,0,0,,,,
RUE,2010,9,7,0,12,,,,,,,,938.8,,4.4,,0,0,0,0,0,0,0,,,,
RUE,2010,9,7,1,11.3,,,,,,,,938.5,,3.6,,0,0,0,0,0,0,0,,,,
RUE,2010,9,7,2,10.7,,,,,,,,937.4,,4.4,,0,0,0,0,0,0,0,,,,
RUE,2010,9,7,3,10.8,,,,,,,,937,,3.1,,0,0,0,0,0,0,0,,,,
RUE,2010,9,7,4,10.7,,,,,,,,936.7,,3.2,,0,0,0,0,0,0,0,,,,
RUE,2010,9,7,5,10.8,,,,,,,,937.4,,2.3,,0,0,0,0,0,0,0,,,,
RUE,2010,9,7,6,11.2,,,,,,,,937.3,,2.2,,23,0,0,0,0,0,0,,,,
RUE,2010,9,7,7,11.7,,,,,,,,937.2,,1.8,,49,0,0,0,0,0,0,,,,
RUE,2010,9,7,8,12.9,,,,,,,,937.4,,1.2,,190,895.1,31.3,0,0,0,0,,,,
RUE,2010,9,7,9,14.9,,,,,,,,937.3,,0.9,,204,132.2,158.3,0,0,0,0,,,,
RUE,2010,9,7,10,15.5,,,,,,,,936.9,,1.3,,168,9.2,163.4,0,0,0,0,,,,
RUE,2010,9,7,11,15.8,,,,,,,,936.5,,1.8,,303,55.3,268.8,0,0,0,0,,,,
RUE,2010,9,7,12,15.7,,,,,,,,936,,2.1,,208,5.9,203.8,0,0,0,0,,,,
RUE,2010,9,7,13,15.1,,,,,,,,935.8,,2,,141,2.4,139.2,0,0,0,0,,,,
RUE,2010,9,7,14,15.5,,,,,,,,935.5,,1.7,,142,2.4,140.2,0,0,0,0,,,,
RUE,2010,9,7,15,15.3,,,,,,,,935.3,,2.5,,109,1.6,107.9,0,0,0,0,,,,
RUE,2010,9,7,16,15.3,,,,,,,,935.3,,1.4,,70,0.9,69.5,0,0,0,0,,,,
RUE,2010,9,7,17,15.1,,,,,,,,934.6,,2.3,,32,0.3,31.9,0,0,0,0,,,,
RUE,2010,9,7,18,15,,,,,,,,935.1,,1.5,,1,0,1,0,0,0,0,,,,
RUE,2010,9,7,19,15,,,,,,,,935.3,,2.6,,0,0,0,0,0,0,0,,,,
RUE,2010,9,7,20,14.9,,,,,,,,935.3,,1.4,,0,0,0,0,0,0,0,,,,
RUE,2010,9,7,21,14.6,,,,,,,,934.7,,1,,0,0,0,0,0,0,0,,,,
RUE,2010,9,7,22,14.3,,,,,,,,934.2,,1.1,,0,0,0,0,0,0,0,,,,
RUE,2010,9,7,23,14.2,,,,,,,,933.7,,1.5,,0,0,0,0,0,0,0,,,,
RUE,2010,9,8,0,14.3,,,,,,,,933.3,,1.2,,0,0,0,0,0,0,0,,,,
RUE,2010,9,8,1,13.8,,,,,,,,933.2,,1,,0,0,0,0,0,0,0,,,,
RUE,2010,9,8,2,13.9,,,,,,,,933.2,,1.5,,0,0,0,0,0,0,0,,,,
RUE,2010,9,8,3,14.2,,,,,,,,933.1,,1.8,,0,0,0,0,0,0,0,,,,
RUE,2010,9,8,4,14.4,,,,,,,,933.1,,1.6,,0,0,0,0,0,0,0,,,,
RUE,2010,9,8,5,14.3,,,,,,,,933.4,,0.4,,3,0,0,0,0,0,0,,,,
RUE,2010,9,8,6,14,,,,,,,,934.3,,0.8,,12,0,0,0,0,0,0,,,,
RUE,2010,9,8,7,14.1,,,,,,,,934.7,,0.6,,25,0,0,0,0,0,0,,,,
RUE,2010,9,8,8,13.7,,,,,,,,935.3,,0.8,,50,5.6,49,0,0,0,0,,,,
RUE,2010,9,8,9,14,,,,,,,,935.4,,0.8,,100,5.7,98,0,0,0,0,,,,
RUE,2010,9,8,10,14.1,,,,,,,,935.8,,1.2,,155,7.1,151.5,0,0,0,0,,,,
RUE,2010,9,8,11,15.5,,,,,,,,936,,0.5,,387,175.2,279.5,0,0,0,0,,,,
RUE,2010,9,8,12,16.7,,,,,,,,936.2,,1.9,,551,417.5,259.2,0,0,0,0,,,,
RUE,2010,9,8,13,16.9,,,,,,,,936.4,,2.2,,367,57.7,324.2,0,0,0,0,,,,
RUE,2010,9,8,14,16.3,,,,,,,,937,,2.3,,158,3.1,155.7,0,0,0,0,,,,
RUE,2010,9,8,15,16.2,,,,,,,,937.8,,3.1,,202,5.7,198,0,0,0,0,,,,
RUE,2010,9,8,16,15.5,,,,,,,,938.6,,4.5,,206,9.8,200.2,0,0,0,0,,,,
RUE,2010,9,8,17,14.3,,,,,,,,939.6,,3.7,,70,1.5,69.3,0,0,0,0,,,,
RUE,2010,9,8,18,13.4,,,,,,,,940.5,,2.8,,2,0,2,0,0,0,0,,,,
RUE,2010,9,8,19,12.9,,,,,,,,941.5,,2,,0,0,0,0,0,0,0,,,,
RUE,2010,9,8,20,13,,,,,,,,942.1,,2,,0,0,0,0,0,0,0,,,,
RUE,2010,9,8,21,12.8,,,,,,,,942.3,,1.9,,0,0,0,0,0,0,0,,,,
RUE,2010,9,8,22,11.9,,,,,,,,942.5,,1.5,,0,0,0,0,0,0,0,,,,
RUE,2010,9,8,23,11.6,,,,,,,,942.6,,1.4,,0,0,0,0,0,0,0,,,,
RUE,2010,9,9,0,11.8,,,,,,,,942.7,,0.5,,0,0,0,0,0,0,0,,,,
RUE,2010,9,9,1,11.4,,,,,,,,942.7,,0.5,,0,0,0,0,0,0,0,,,,
RUE,2010,9,9,2,10.8,,,,,,,,942.9,,1.1,,0,0,0,0,0,0,0,,,,
RUE,2010,9,9,3,11,,,,,,,,943,,0.9,,0,0,0,0,0,0,0,,,,
RUE,2010,9,9,4,11,,,,,,,,943.2,,0.6,,0,0,0,0,0,0,0,,,,
RUE,2010,9,9,5,10.1,,,,,,,,943.8,,1,,8,0,0,0,0,0,0,,,,
RUE,2010,9,9,6,11.2,,,,,,,,944,,0.7,,113,0,0,0,0,0,0,,,,
RUE,2010,9,9,7,13.1,,,,,,,,944.6,,1,,268,0,0,0,0,0,0,,,,
RUE,2010,9,9,8,13.7,,,,,,,,945.5,,1.1,,358,1759.9,59.1,0,0,0,0,,,,
RUE,2010,9,9,9,14.3,,,,,,,,946.1,,1.2,,401,991,66.2,0,0,0,0,,,,
RUE,2010,9,9,10,15.2,,,,,,,,946.5,,1.6,,643,1100,106.1,0,0,0,0,,,,
RUE,2010,9,9,11,15.3,,,,,,,,946.6,,2.1,,542,610,170,0,0,0,0,,,,
RUE,2010,9,9,12,15.3,,,,,,,,946.8,,1.4,,376,88.2,314.7,0,0,0,0,,,,
RUE,2010,9,9,13,13.1,,,,,,,,947.1,,2.6,,170,3.6,167.4,0,0,0,0,,,,
RUE,2010,9,9,14,14,,,,,,,,947.1,,0.7,,283,16.5,270.9,0,0,0,0,,,,
RUE,2010,9,9,15,14.8,,,,,,,,947.3,,0.4,,195,5.4,191.3,0,0,0,0,,,,
RUE,2010,9,9,16,15.4,,,,,,,,947.6,,1,,174,5.7,170.6,0,0,0,0,,,,
RUE,2010,9,9,17,14.5,,,,,,,,948,,1.4,,38,0.4,37.8,0,0,0,0,,,,
RUE,2010,9,9,18,13,,,,,,,,948.8,,1.3,,1,0,1,0,0,0,0,,,,
RUE,2010,9,9,19,13,,,,,,,,949.7,,1.3,,0,0,0,0,0,0,0,,,,
RUE,2010,9,9,20,12.9,,,,,,,,950.3,,0.7,,0,0,0,0,0,0,0,,,,
RUE,2010,9,9,21,12.6,,,,,,,,950.5,,1,,0,0,0,0,0,0,0,,,,
RUE,2010,9,9,22,12.5,,,,,,,,950.8,,0.6,,0,0,0,0,0,0,0,,,,
RUE,2010,9,9,23,12.5,,,,,,,,951.1,,0.6,,0,0,0,0,0,0,0,,,,
RUE,2010,9,10,0,12.2,,,,,,,,951.1,,1.3,,0,0,0,0,0,0,0,,,,
RUE,2010,9,10,1,11.8,,,,,,,,951.1,,0.6,,0,0,0,0,0,0,0,,,,
RUE,2010,9,10,2,12,,,,,,,,951.3,,0.6,,0,0,0,0,0,0,0,,,,
RUE,2010,9,10,3,12.2,,,,,,,,951.3,,0.4,,0,0,0,0,0,0,0,,,,
RUE,2010,9,10,4,12.1,,,,,,,,951.4,,0.3,,0,0,0,0,0,0,0,,,,
RUE,2010,9,10,5,11.9,,,,,,,,951.8,,0.3,,9,0,0,0,0,0,0,,,,
RUE,2010,9,10,6,12.4,,,,,,,,952.1,,0.3,,80,0,0,0,0,0,0,,,,
RUE,2010,9,10,7,13.3,,,,,,,,952.4,,0.5,,237,0,0,0,0,0,0,,,,
RUE,2010,9,10,8,14,,,,,,,,952.7,,0.9,,343,1724.1,56.6,0,0,0,0,,,,
RUE,2010,9,10,9,14.8,,,,,,,,952.7,,1,,527,1317,87,0,0,0,0,,,,
RUE,2010,9,10,10,16.3,,,,,,,,952.4,,1.4,,721,1243.1,119,0,0,0,0,,,,
RUE,2010,9,10,11,17.1,,,,,,,,952.1,,1.5,,767,1056.9,126.6,0,0,0,0,,,,
RUE,2010,9,10,12,17.7,,,,,,,,952.1,,1.8,,682,790.4,136.1,0,0,0,0,,,,
RUE,2010,9,10,13,18,,,,,,,,951.9,,2.1,,721,784.9,145.9,0,0,0,0,,,,
RUE,2010,9,10,14,18.2,,,,,,,,951.6,,1.9,,574,414.4,271.9,0,0,0,0,,,,
RUE,2010,9,10,15,18.1,,,,,,,,951.3,,1.9,,408,140.8,312.3,0,0,0,0,,,,
RUE,2010,9,10,16,17.3,,,,,,,,951.1,,1.5,,203,9.8,197.2,0,0,0,0,,,,
RUE,2010,9,10,17,16.1,,,,,,,,951.1,,1.4,,44,0.6,43.7,0,0,0,0,,,,
RUE,2010,9,10,18,15.1,,,,,,,,951.5,,1.1,,2,0,2,0,0,0,0,,,,
RUE,2010,9,10,19,14.3,,,,,,,,951.9,,1,,0,0,0,0,0,0,0,,,,
RUE,2010,9,10,20,13.6,,,,,,,,952,,0.6,,0,0,0,0,0,0,0,,,,
RUE,2010,9,10,21,13,,,,,,,,951.9,,0.3,,0,0,0,0,0,0,0,,,,
RUE,2010,9,10,22,12.9,,,,,,,,951.7,,0.5,,0,0,0,0,0,0,0,,,,
RUE,2010,9,10,23,12.5,,,,,,,,951.3,,0.8,,0,0,0,0,0,0,0,,,,
RUE,2010,9,11,0,12,,,,,,,,950.9,,1.2,,0,0,0,0,0,0,0,,,,
RUE,2010,9,11,1,11.5,,,,,,,,950.6,,1.1,,0,0,0,0,0,0,0,,,,
RUE,2010,9,11,2,10.9,,,,,,,,950.3,,1.1,,0,0,0,0,0,0,0,,,,
RUE,2010,9,11,3,10.6,,,,,,,,950.1,,1.1,,0,0,0,0,0,0,0,,,,
RUE,2010,9,11,4,10.5,,,,,,,,949.9,,1,,0,0,0,0,0,0,0,,,,
RUE,2010,9,11,5,10.6,,,,,,,,949.8,,1.4,,17,0,0,0,0,0,0,,,,
RUE,2010,9,11,6,12,,,,,,,,949.8,,2.2,,136,0,0,0,0,0,0,,,,
RUE,2010,9,11,7,13.5,,,,,,,,949.9,,1.9,,308,0,0,0,0,0,0,,,,
RUE,2010,9,11,8,14.9,,,,,,,,950.2,,2.3,,468,2406.9,77.2,0,0,0,0,,,,
RUE,2010,9,11,9,16.2,,,,,,,,950.1,,2.3,,587,1483.7,96.9,0,0,0,0,,,,
RUE,2010,9,11,10,17.5,,,,,,,,950.1,,3,,689,1197.4,113.7,0,0,0,0,,,,
RUE,2010,9,11,11,18.5,,,,,,,,949.9,,3.4,,731,1013.9,120.6,0,0,0,0,,,,
RUE,2010,9,11,12,19,,,,,,,,949.6,,3.6,,704,846,123.2,0,0,0,0,,,,
RUE,2010,9,11,13,19.8,,,,,,,,949.2,,3.2,,661,645.6,190.9,0,0,0,0,,,,
RUE,2010,9,11,14,20.1,,,,,,,,948.8,,2.7,,558,383.1,280.5,0,0,0,0,,,,
RUE,2010,9,11,15,20,,,,,,,,948.6,,2.5,,402,135.9,310.2,0,0,0,0,,,,
RUE,2010,9,11,16,19.5,,,,,,,,948.3,,2.3,,226,16.8,216.2,0,0,0,0,,,,
RUE,2010,9,11,17,18.3,,,,,,,,948.3,,2.1,,40,0.5,39.8,0,0,0,0,,,,
RUE,2010,9,11,18,17.2,,,,,,,,948.4,,2.3,,1,0,1,0,0,0,0,,,,
RUE,2010,9,11,19,16.5,,,,,,,,948.6,,1.4,,0,0,0,0,0,0,0,,,,
RUE,2010,9,11,20,15.8,,,,,,,,948.7,,1.1,,0,0,0,0,0,0,0,,,,
RUE,2010,9,11,21,15.2,,,,,,,,948.6,,1.2,,0,0,0,0,0,0,0,,,,
RUE,2010,9,11,22,14.6,,,,,,,,948.5,,1.9,,0,0,0,0,0,0,0,,,,
RUE,2010,9,11,23,14.2,,,,,,,,948.3,,1.6,,0,0,0,0,0,0,0,,,,
RUE,2010,9,12,0,13.9,,,,,,,,948.2,,1.9,,0,0,0,0,0,0,0,,,,
RUE,2010,9,12,1,13.4,,,,,,,,948.1,,1.1,,0,0,0,0,0,0,0,,,,
RUE,2010,9,12,2,12.9,,,,,,,,948.1,,0.8,,0,0,0,0,0,0,0,,,,
RUE,2010,9,12,3,13,,,,,,,,947.9,,1.2,,0,0,0,0,0,0,0,,,,
RUE,2010,9,12,4,12.3,,,,,,,,947.9,,1.3,,0,0,0,0,0,0,0,,,,
RUE,2010,9,12,5,11.9,,,,,,,,948.1,,1.7,,20,0,0,0,0,0,0,,,,
RUE,2010,9,12,6,12.7,,,,,,,,948.3,,1.9,,115,0,0,0,0,0,0,,,,
RUE,2010,9,12,7,14.5,,,,,,,,948.2,,2,,254,0,0,0,0,0,0,,,,
RUE,2010,9,12,8,16.3,,,,,,,,948.5,,1.9,,390,2053.4,64.4,0,0,0,0,,,,
RUE,2010,9,12,9,17.4,,,,,,,,948.7,,1.2,,469,1199.2,77.4,0,0,0,0,,,,
RUE,2010,9,12,10,18.5,,,,,,,,948.6,,1,,598,1047.7,98.7,0,0,0,0,,,,
RUE,2010,9,12,11,19.7,,,,,,,,948.5,,1.3,,649,906.2,107.1,0,0,0,0,,,,
RUE,2010,9,12,12,19.9,,,,,,,,948.4,,2.4,,546,437,247.8,0,0,0,0,,,,
RUE,2010,9,12,13,20.7,,,,,,,,948.3,,2.2,,620,545.1,225.5,0,0,0,0,,,,
RUE,2010,9,12,14,21,,,,,,,,948,,2.9,,469,199.9,325.1,0,0,0,0,,,,
RUE,2010,9,12,15,20.4,,,,,,,,947.9,,2.3,,242,12,233.9,0,0,0,0,,,,
RUE,2010,9,12,16,19.9,,,,,,,,947.7,,1.6,,148,4.4,145.5,0,0,0,0,,,,
RUE,2010,9,12,17,18.9,,,,,,,,947.5,,2.1,,24,0.2,23.9,0,0,0,0,,,,
RUE,2010,9,12,18,17.9,,,,,,,,948.1,,1.3,,0,0,0,0,0,0,0,,,,
RUE,2010,9,12,19,13.3,,,,,,,,950.4,,6,,0,0,0,0,0,0,0,,,,
RUE,2010,9,12,20,12.4,,,,,,,,951.3,,3.4,,0,0,0,0,0,0,0,,,,
RUE,2010,9,12,21,12.4,,,,,,,,951.9,,2.2,,0,0,0,0,0,0,0,,,,
RUE,2010,9,12,22,12.3,,,,,,,,952.5,,1.7,,0,0,0,0,0,0,0,,,,
RUE,2010,9,12,23,12.3,,,,,,,,952.6,,1.4,,0,0,0,0,0,0,0,,,,
RUE,2010,9,13,0,12,,,,,,,,952.7,,1.6,,0,0,0,0,0,0,0,,,,
RUE,2010,9,13,1,11.7,,,,,,,,952.8,,0.9,,0,0,0,0,0,0,0,,,,
RUE,2010,9,13,2,11.7,,,,,,,,952.9,,0.6,,0,0,0,0,0,0,0,,,,
RUE,2010,9,13,3,11.9,,,,,,,,953.1,,1.9,,0,0,0,0,0,0,0,,,,
RUE,2010,9,13,4,11.7,,,,,,,,953.3,,1.8,,0,0,0,0,0,0,0,,,,
RUE,2010,9,13,5,11.3,,,,,,,,953.9,,1.8,,5,0,0,0,0,0,0,,,,
RUE,2010,9,13,6,11.2,,,,,,,,954.3,,0.9,,46,0,0,0,0,0,0,,,,
RUE,2010,9,13,7,11.8,,,,,,,,954.6,,1.4,,186,0,0,0,0,0,0,,,,
RUE,2010,9,13,8,12.4,,,,,,,,955.2,,2.1,,256,1380.8,42.2,0,0,0,0,,,,
RUE,2010,9,13,9,13,,,,,,,,955.5,,1.8,,363,939.1,59.9,0,0,0,0,,,,
RUE,2010,9,13,10,13.5,,,,,,,,955.5,,2.7,,380,443.2,170.5,0,0,0,0,,,,
RUE,2010,9,13,11,14.1,,,,,,,,955.3,,2.7,,361,148.2,273,0,0,0,0,,,,
RUE,2010,9,13,12,15.6,,,,,,,,955.3,,2.2,,744,916.1,122.8,0,0,0,0,,,,
RUE,2010,9,13,13,15.8,,,,,,,,955.3,,3.1,,570,421.9,266.5,0,0,0,0,,,,
RUE,2010,9,13,14,15.6,,,,,,,,955.4,,2.7,,446,165.9,327.4,0,0,0,0,,,,
RUE,2010,9,13,15,15.7,,,,,,,,955.4,,2.3,,389,125,305.8,0,0,0,0,,,,
RUE,2010,9,13,16,14.7,,,,,,,,955.5,,2.7,,202,10.8,195.8,0,0,0,0,,,,
RUE,2010,9,13,17,13.7,,,,,,,,955.7,,1.6,,33,0.4,32.8,0,0,0,0,,,,
RUE,2010,9,13,18,12.7,,,,,,,,955.6,,1.1,,0,0,0,0,0,0,0,,,,
RUE,2010,9,13,19,11.6,,,,,,,,956,,1.3,,0,0,0,0,0,0,0,,,,
RUE,2010,9,13,20,11.1,,,,,,,,956.1,,0.9,,0,0,0,0,0,0,0,,,,
RUE,2010,9,13,21,10.7,,,,,,,,956.4,,1,,0,0,0,0,0,0,0,,,,
RUE,2010,9,13,22,10,,,,,,,,956.1,,0.5,,0,0,0,0,0,0,0,,,,
RUE,2010,9,13,23,9.6,,,,,,,,956,,0.4,,0,0,0,0,0,0,0,,,,
RUE,2010,9,14,0,9,,,,,,,,955.8,,0.8,,0,0,0,0,0,0,0,,,,
RUE,2010,9,14,1,9.4,,,,,,,,955.3,,1,,0,0,0,0,0,0,0,,,,
RUE,2010,9,14,2,9,,,,,,,,955.1,,0.6,,0,0,0,0,0,0,0,,,,
RUE,2010,9,14,3,8.7,,,,,,,,955.1,,0.3,,0,0,0,0,0,0,0,,,,
RUE,2010,9,14,4,8.6,,,,,,,,955.1,,0.6,,0,0,0,0,0,0,0,,,,
RUE,2010,9,14,5,9.3,,,,,,,,955.2,,0.6,,9,0,0,0,0,0,0,,,,
RUE,2010,9,14,6,9.7,,,,,,,,955.4,,0.6,,60,0,0,0,0,0,0,,,,
RUE,2010,9,14,7,11.4,,,,,,,,955.4,,0.3,,144,0,0,0,0,0,0,,,,
RUE,2010,9,14,8,12.8,,,,,,,,955.3,,0.7,,262,1448.8,43.2,0,0,0,0,,,,
RUE,2010,9,14,9,14.2,,,,,,,,955.4,,0.8,,410,1073.4,67.7,0,0,0,0,,,,
RUE,2010,9,14,10,14.9,,,,,,,,955,,0.9,,490,869.6,82.3,0,0,0,0,,,,
RUE,2010,9,14,11,15.3,,,,,,,,954.8,,1.3,,394,220.5,263.9,0,0,0,0,,,,
RUE,2010,9,14,12,16,,,,,,,,954,,1.2,,500,332.8,275.8,0,0,0,0,,,,
RUE,2010,9,14,13,16.9,,,,,,,,953.3,,1,,576,446.2,257,0,0,0,0,,,,
RUE,2010,9,14,14,17.5,,,,,,,,952.7,,1.2,,480,231.5,315.6,0,0,0,0,,,,
RUE,2010,9,14,15,17.8,,,,,,,,952.1,,1.2,,368,100.4,301.7,0,0,0,0,,,,
RUE,2010,9,14,16,17.4,,,,,,,,951.6,,1.5,,192,9,186.9,0,0,0,0,,,,
RUE,2010,9,14,17,16.2,,,,,,,,951.3,,1.2,,23,0.2,22.9,0,0,0,0,,,,
RUE,2010,9,14,18,15.3,,,,,,,,951.3,,0.8,,2,0,2,0,0,0,0,,,,
RUE,2010,9,14,19,14.8,,,,,,,,951.3,,0.6,,0,0,0,0,0,0,0,,,,
RUE,2010,9,14,20,13.9,,,,,,,,951.3,,0.7,,0,0,0,0,0,0,0,,,,
RUE,2010,9,14,21,12.9,,,,,,,,951.2,,1.1,,0,0,0,0,0,0,0,,,,
RUE,2010,9,14,22,12.9,,,,,,,,950.8,,1.1,,0,0,0,0,0,0,0,,,,
RUE,2010,9,14,23,12.9,,,,,,,,950.2,,0.9,,0,0,0,0,0,0,0,,,,
RUE,2010,9,15,0,12.9,,,,,,,,949.6,,0.9,,0,0,0,0,0,0,0,,,,
RUE,2010,9,15,1,12,,,,,,,,949,,1.4,,0,0,0,0,0,0,0,,,,
RUE,2010,9,15,2,13.2,,,,,,,,948.4,,1.6,,0,0,0,0,0,0,0,,,,
RUE,2010,9,15,3,12.7,,,,,,,,947.8,,1.9,,0,0,0,0,0,0,0,,,,
RUE,2010,9,15,4,13.4,,,,,,,,947.4,,2,,0,0,0,0,0,0,0,,,,
RUE,2010,9,15,5,13.6,,,,,,,,947.2,,1.4,,8,0,0,0,0,0,0,,,,
RUE,2010,9,15,6,13.6,,,,,,,,947.3,,1.3,,73,0,0,0,0,0,0,,,,
RUE,2010,9,15,7,14.8,,,,,,,,947.3,,1,,287,0,0,0,0,0,0,,,,
RUE,2010,9,15,8,15.6,,,,,,,,947.3,,0.8,,237,1344.5,39.1,0,0,0,0,,,,
RUE,2010,9,15,9,15.3,,,,,,,,947.1,,0.6,,173,93.3,143.6,0,0,0,0,,,,
RUE,2010,9,15,10,15.5,,,,,,,,946.5,,0.7,,203,30.4,188.9,0,0,0,0,,,,
RUE,2010,9,15,11,15.9,,,,,,,,946.2,,0.5,,182,6.7,178.1,0,0,0,0,,,,
RUE,2010,9,15,12,16.1,,,,,,,,945.7,,0.8,,137,2.8,135.1,0,0,0,0,,,,
RUE,2010,9,15,13,15.6,,,,,,,,945.3,,0.7,,81,0.9,80.4,0,0,0,0,,,,
RUE,2010,9,15,14,14.9,,,,,,,,945,,1.3,,64,0.5,63.6,0,0,0,0,,,,
RUE,2010,9,15,15,14.9,,,,,,,,944.5,,1.6,,58,0.5,57.7,0,0,0,0,,,,
RUE,2010,9,15,16,14.9,,,,,,,,943.9,,2,,39,0.3,38.8,0,0,0,0,,,,
RUE,2010,9,15,17,14.3,,,,,,,,943.9,,2.9,,15,0.1,15,0,0,0,0,,,,
RUE,2010,9,15,18,13.5,,,,,,,,943.9,,2.7,,0,0,0,0,0,0,0,,,,
RUE,2010,9,15,19,12.9,,,,,,,,944.1,,2.2,,0,0,0,0,0,0,0,,,,
RUE,2010,9,15,20,12.4,,,,,,,,944,,1.1,,0,0,0,0,0,0,0,,,,
RUE,2010,9,15,21,12,,,,,,,,944,,0.9,,0,0,0,0,0,0,0,,,,
RUE,2010,9,15,22,11.7,,,,,,,,944.1,,0.6,,0,0,0,0,0,0,0,,,,
RUE,2010,9,15,23,11.6,,,,,,,,944.1,,0.6,,0,0,0,0,0,0,0,,,,
RUE,2010,9,16,0,11.6,,,,,,,,943.7,,1,,0,0,0,0,0,0,0,,,,
RUE,2010,9,16,1,11.6,,,,,,,,943.4,,1.4,,0,0,0,0,0,0,0,,,,
RUE,2010,9,16,2,11.7,,,,,,,,943.3,,1.5,,0,0,0,0,0,0,0,,,,
RUE,2010,9,16,3,12.1,,,,,,,,943.2,,1.8,,0,0,0,0,0,0,0,,,,
RUE,2010,9,16,4,12,,,,,,,,943.3,,1.8,,0,0,0,0,0,0,0,,,,
RUE,2010,9,16,5,11.6,,,,,,,,943.6,,1.9,,1,0,0,0,0,0,0,,,,
RUE,2010,9,16,6,10.8,,,,,,,,943.9,,2.8,,12,0,0,0,0,0,0,,,,
RUE,2010,9,16,7,10.7,,,,,,,,944.2,,1.7,,26,0,0,0,0,0,0,,,,
RUE,2010,9,16,8,10.7,,,,,,,,944.5,,1.5,,51,11.1,49.4,0,0,0,0,,,,
RUE,2010,9,16,9,10.7,,,,,,,,944.6,,2.9,,151,51.4,135,0,0,0,0,,,,
RUE,2010,9,16,10,11.4,,,,,,,,944.5,,2.7,,319,253.8,202,0,0,0,0,,,,
RUE,2010,9,16,11,12.6,,,,,,,,944.3,,3.8,,607,867.3,102.5,0,0,0,0,,,,
RUE,2010,9,16,12,13.1,,,,,,,,943.8,,2.7,,520,400.9,253.3,0,0,0,0,,,,
RUE,2010,9,16,13,13.7,,,,,,,,943.2,,2.7,,384,89.3,321,0,0,0,0,,,,
RUE,2010,9,16,14,13.7,,,,,,,,942.9,,3,,273,17.1,261,0,0,0,0,,,,
RUE,2010,9,16,15,13.5,,,,,,,,942.7,,1.9,,184,5.3,180.5,0,0,0,0,,,,
RUE,2010,9,16,16,12.7,,,,,,,,942.7,,2.5,,84,1.5,83.2,0,0,0,0,,,,
RUE,2010,9,16,17,12.1,,,,,,,,942.5,,1.9,,25,0.2,24.9,0,0,0,0,,,,
RUE,2010,9,16,18,11.9,,,,,,,,942.7,,0.9,,0,0,0,0,0,0,0,,,,
RUE,2010,9,16,19,11.6,,,,,,,,943.1,,0.7,,0,0,0,0,0,0,0,,,,
RUE,2010,9,16,20,11.1,,,,,,,,943.2,,0.8,,0,0,0,0,0,0,0,,,,
RUE,2010,9,16,21,10.8,,,,,,,,943,,0.7,,0,0,0,0,0,0,0,,,,
RUE,2010,9,16,22,10.7,,,,,,,,943,,0.9,,0,0,0,0,0,0,0,,,,
RUE,2010,9,16,23,10.5,,,,,,,,942.7,,1,,0,0,0,0,0,0,0,,,,
RUE,2010,9,17,0,10.4,,,,,,,,942.7,,0.5,,0,0,0,0,0,0,0,,,,
RUE,2010,9,17,1,10.5,,,,,,,,942.5,,1,,0,0,0,0,0,0,0,,,,
RUE,2010,9,17,2,10.7,,,,,,,,942.5,,1.6,,0,0,0,0,0,0,0,,,,
RUE,2010,9,17,3,10.4,,,,,,,,942.7,,1.9,,0,0,0,0,0,0,0,,,,
RUE,2010,9,17,4,10.1,,,,,,,,942.9,,1.7,,0,0,0,0,0,0,0,,,,
RUE,2010,9,17,5,9.5,,,,,,,,943.3,,1.3,,7,0,0,0,0,0,0,,,,
RUE,2010,9,17,6,9.9,,,,,,,,943.6,,1.4,,62,0,0,0,0,0,0,,,,
RUE,2010,9,17,7,10.2,,,,,,,,944,,0.9,,136,0,0,0,0,0,0,,,,
RUE,2010,9,17,8,10.9,,,,,,,,944.4,,1.3,,285,1705.5,47,0,0,0,0,,,,
RUE,2010,9,17,9,11.6,,,,,,,,944.7,,1.4,,335,910.3,55.3,0,0,0,0,,,,
RUE,2010,9,17,10,12,,,,,,,,944.7,,1.4,,303,213.1,205.6,0,0,0,0,,,,
RUE,2010,9,17,11,13.4,,,,,,,,944.6,,1.5,,604,869.9,101.7,0,0,0,0,,,,
RUE,2010,9,17,12,14.1,,,,,,,,944.4,,2.1,,605,657.4,170.6,0,0,0,0,,,,
RUE,2010,9,17,13,14.4,,,,,,,,944.3,,1.4,,472,226.7,313.1,0,0,0,0,,,,
RUE,2010,9,17,14,14,,,,,,,,944.2,,1.2,,279,19.7,265.3,0,0,0,0,,,,
RUE,2010,9,17,15,14.6,,,,,,,,944.1,,1.7,,358,98.1,294.8,0,0,0,0,,,,
RUE,2010,9,17,16,13.7,,,,,,,,944.3,,2,,130,3.7,128,0,0,0,0,,,,
RUE,2010,9,17,17,13,,,,,,,,944.6,,1.7,,35,0.5,34.8,0,0,0,0,,,,
RUE,2010,9,17,18,12,,,,,,,,945,,1.3,,0,0,0,0,0,0,0,,,,
RUE,2010,9,17,19,11.6,,,,,,,,945.6,,0.8,,0,0,0,0,0,0,0,,,,
RUE,2010,9,17,20,11.5,,,,,,,,945.8,,0.9,,0,0,0,0,0,0,0,,,,
RUE,2010,9,17,21,11.1,,,,,,,,946,,0.6,,0,0,0,0,0,0,0,,,,
RUE,2010,9,17,22,10.4,,,,,,,,946,,1,,0,0,0,0,0,0,0,,,,
RUE,2010,9,17,23,9.9,,,,,,,,946,,0.7,,0,0,0,0,0,0,0,,,,
RUE,2010,9,18,0,9.2,,,,,,,,946,,0.4,,0,0,0,0,0,0,0,,,,
RUE,2010,9,18,1,8.5,,,,,,,,945.9,,0.8,,0,0,0,0,0,0,0,,,,
RUE,2010,9,18,2,7.9,,,,,,,,945.6,,0.4,,0,0,0,0,0,0,0,,,,
RUE,2010,9,18,3,7.5,,,,,,,,945.6,,0.5,,0,0,0,0,0,0,0,,,,
RUE,2010,9,18,4,6.9,,,,,,,,945.7,,0.4,,0,0,0,0,0,0,0,,,,
RUE,2010,9,18,5,6.8,,,,,,,,945.9,,0.6,,9,0,0,0,0,0,0,,,,
RUE,2010,9,18,6,6.7,,,,,,,,945.9,,0.3,,107,0,0,0,0,0,0,,,,
RUE,2010,9,18,7,8.8,,,,,,,,946.1,,0.4,,273,0,0,0,0,0,0,,,,
RUE,2010,9,18,8,10.2,,,,,,,,946.3,,0.8,,398,2449.3,65.7,0,0,0,0,,,,
RUE,2010,9,18,9,11.7,,,,,,,,946.2,,1.7,,560,1541.4,92.4,0,0,0,0,,,,
RUE,2010,9,18,10,12.5,,,,,,,,946,,1.7,,474,870.6,79.8,0,0,0,0,,,,
RUE,2010,9,18,11,12.8,,,,,,,,945.9,,2,,462,444.2,207.4,0,0,0,0,,,,
RUE,2010,9,18,12,13.1,,,,,,,,945.5,,2.2,,473,296.2,278.6,0,0,0,0,,,,
RUE,2010,9,18,13,13.2,,,,,,,,945.3,,2,,369,78.5,314.4,0,0,0,0,,,,
RUE,2010,9,18,14,13.8,,,,,,,,945.3,,2.2,,470,236.6,306.7,0,0,0,0,,,,
RUE,2010,9,18,15,13.3,,,,,,,,945.3,,2.4,,267,24.1,251.6,0,0,0,0,,,,
RUE,2010,9,18,16,12.1,,,,,,,,945.5,,2.6,,145,4.7,142.4,0,0,0,0,,,,
RUE,2010,9,18,17,11,,,,,,,,945.7,,1.5,,31,0.4,30.8,0,0,0,0,,,,
RUE,2010,9,18,18,10.5,,,,,,,,945.9,,0.8,,1,0,1,0,0,0,0,,,,
RUE,2010,9,18,19,10,,,,,,,,946.4,,1.5,,0,0,0,0,0,0,0,,,,
RUE,2010,9,18,20,9.4,,,,,,,,946.6,,1.3,,0,0,0,0,0,0,0,,,,
RUE,2010,9,18,21,9.3,,,,,,,,946.7,,1.1,,0,0,0,0,0,0,0,,,,
RUE,2010,9,18,22,8.9,,,,,,,,946.8,,1.1,,0,0,0,0,0,0,0,,,,
RUE,2010,9,18,23,8.2,,,,,,,,946.7,,0.2,,0,0,0,0,0,0,0,,,,
RUE,2010,9,19,0,7.8,,,,,,,,946.6,,0.3,,0,0,0,0,0,0,0,,,,
RUE,2010,9,19,1,7.4,,,,,,,,946.6,,0.3,,0,0,0,0,0,0,0,,,,
RUE,2010,9,19,2,7.2,,,,,,,,946.6,,0.3,,0,0,0,0,0,0,0,,,,
RUE,2010,9,19,3,6.9,,,,,,,,946.6,,0.4,,0,0,0,0,0,0,0,,,,
RUE,2010,9,19,4,6.4,,,,,,,,946.8,,0.5,,0,0,0,0,0,0,0,,,,
RUE,2010,9,19,5,5.9,,,,,,,,947.3,,0.6,,7,0,0,0,0,0,0,,,,
RUE,2010,9,19,6,6.7,,,,,,,,947.6,,0.6,,105,0,0,0,0,0,0,,,,
RUE,2010,9,19,7,8.5,,,,,,,,947.8,,0.3,,270,0,0,0,0,0,0,,,,
RUE,2010,9,19,8,9.8,,,,,,,,948.1,,1.1,,428,2711.1,70.6,0,0,0,0,,,,
RUE,2010,9,19,9,11.3,,,,,,,,948.3,,1.4,,554,1545,91.4,0,0,0,0,,,,
RUE,2010,9,19,10,12.4,,,,,,,,948.3,,1.9,,655,1218.8,108.1,0,0,0,0,,,,
RUE,2010,9,19,11,13.5,,,,,,,,947.9,,1.3,,646,948,106.6,0,0,0,0,,,,
RUE,2010,9,19,12,14,,,,,,,,947.6,,1.4,,682,869.9,115,0,0,0,0,,,,
RUE,2010,9,19,13,14.8,,,,,,,,947.3,,1.6,,621,621.9,190.9,0,0,0,0,,,,
RUE,2010,9,19,14,15,,,,,,,,947.3,,1.4,,509,331.2,282,0,0,0,0,,,,
RUE,2010,9,19,15,14.9,,,,,,,,947.1,,1.8,,356,102.7,290.9,0,0,0,0,,,,
RUE,2010,9,19,16,13.9,,,,,,,,947.2,,1.9,,160,5.8,156.8,0,0,0,0,,,,
RUE,2010,9,19,17,12.6,,,,,,,,947.5,,1.9,,25,0.2,24.9,0,0,0,0,,,,
RUE,2010,9,19,18,12.1,,,,,,,,947.7,,0.8,,0,0,0,0,0,0,0,,,,
RUE,2010,9,19,19,11.1,,,,,,,,948.1,,1,,0,0,0,0,0,0,0,,,,
RUE,2010,9,19,20,10.8,,,,,,,,948.1,,1,,0,0,0,0,0,0,0,,,,
RUE,2010,9,19,21,10.5,,,,,,,,948,,1.1,,0,0,0,0,0,0,0,,,,
RUE,2010,9,19,22,9.3,,,,,,,,947.9,,1.4,,0,0,0,0,0,0,0,,,,
RUE,2010,9,19,23,9.8,,,,,,,,947.5,,0.9,,0,0,0,0,0,0,0,,,,
RUE,2010,9,20,0,9.5,,,,,,,,947.4,,0.8,,0,0,0,0,0,0,0,,,,
RUE,2010,9,20,1,8.8,,,,,,,,947.3,,1.8,,0,0,0,0,0,0,0,,,,
RUE,2010,9,20,2,8.5,,,,,,,,947.2,,1.6,,0,0,0,0,0,0,0,,,,
RUE,2010,9,20,3,8.3,,,,,,,,947,,1.7,,0,0,0,0,0,0,0,,,,
RUE,2010,9,20,4,8.3,,,,,,,,947,,1.8,,0,0,0,0,0,0,0,,,,
RUE,2010,9,20,5,8.3,,,,,,,,947.3,,1.6,,7,0,0,0,0,0,0,,,,
RUE,2010,9,20,6,9.2,,,,,,,,947.5,,1.5,,105,0,0,0,0,0,0,,,,
RUE,2010,9,20,7,11.4,,,,,,,,947.8,,1.4,,276,0,0,0,0,0,0,,,,
RUE,2010,9,20,8,13.1,,,,,,,,948.1,,0.7,,435,2838.8,71.8,0,0,0,0,,,,
RUE,2010,9,20,9,14.9,,,,,,,,948.1,,1.4,,560,1582.7,92.4,0,0,0,0,,,,
RUE,2010,9,20,10,16,,,,,,,,947.8,,2.6,,651,1222.5,107.4,0,0,0,0,,,,
RUE,2010,9,20,11,16.8,,,,,,,,947.5,,2,,679,1004,112,0,0,0,0,,,,
RUE,2010,9,20,12,17.9,,,,,,,,947.1,,1.3,,659,833.1,119.7,0,0,0,0,,,,
RUE,2010,9,20,13,18.3,,,,,,,,946.8,,1.1,,612,607.8,194.5,0,0,0,0,,,,
RUE,2010,9,20,14,18.6,,,,,,,,946.7,,2,,501,320.4,283,0,0,0,0,,,,
RUE,2010,9,20,15,18.3,,,,,,,,946.7,,2.1,,339,84.9,285.6,0,0,0,0,,,,
RUE,2010,9,20,16,17.5,,,,,,,,946.8,,1.4,,155,5.6,152,0,0,0,0,,,,
RUE,2010,9,20,17,16.7,,,,,,,,946.9,,0.7,,17,0.1,17,0,0,0,0,,,,
RUE,2010,9,20,18,15.1,,,,,,,,947.1,,1.3,,0,0,0,0,0,0,0,,,,
RUE,2010,9,20,19,14.5,,,,,,,,947.5,,1.3,,0,0,0,0,0,0,0,,,,
RUE,2010,9,20,20,14.2,,,,,,,,947.9,,1.1,,0,0,0,0,0,0,0,,,,
RUE,2010,9,20,21,14.1,,,,,,,,947.9,,0.5,,0,0,0,0,0,0,0,,,,
RUE,2010,9,20,22,13.1,,,,,,,,948.1,,0.8,,0,0,0,0,0,0,0,,,,
RUE,2010,9,20,23,12.7,,,,,,,,948,,0.7,,0,0,0,0,0,0,0,,,,
RUE,2010,9,21,0,11.9,,,,,,,,948,,0.8,,0,0,0,0,0,0,0,,,,
RUE,2010,9,21,1,11.5,,,,,,,,947.8,,1.2,,0,0,0,0,0,0,0,,,,
RUE,2010,9,21,2,11.4,,,,,,,,947.9,,1.4,,0,0,0,0,0,0,0,,,,
RUE,2010,9,21,3,10.7,,,,,,,,948.1,,1.6,,0,0,0,0,0,0,0,,,,
RUE,2010,9,21,4,10.3,,,,,,,,948.1,,1.9,,0,0,0,0,0,0,0,,,,
RUE,2010,9,21,5,10.1,,,,,,,,948.1,,2,,6,0,0,0,0,0,0,,,,
RUE,2010,9,21,6,10.6,,,,,,,,948.5,,2.1,,102,0,0,0,0,0,0,,,,
RUE,2010,9,21,7,12,,,,,,,,949,,1.7,,268,0,0,0,0,0,0,,,,
RUE,2010,9,21,8,13.7,,,,,,,,949.3,,1.9,,425,2860.4,70.1,0,0,0,0,,,,
RUE,2010,9,21,9,16,,,,,,,,949.4,,1.8,,551,1578.6,90.9,0,0,0,0,,,,
RUE,2010,9,21,10,17.4,,,,,,,,949.3,,1.3,,650,1232.1,107.2,0,0,0,0,,,,
RUE,2010,9,21,11,18.7,,,,,,,,949.1,,1.2,,688,1025.1,113.5,0,0,0,0,,,,
RUE,2010,9,21,12,19.6,,,,,,,,949,,1.4,,660,845,116.9,0,0,0,0,,,,
RUE,2010,9,21,13,20,,,,,,,,948.7,,1,,605,599.4,196.2,0,0,0,0,,,,
RUE,2010,9,21,14,20.1,,,,,,,,948.5,,1.5,,495,314.5,282.6,0,0,0,0,,,,
RUE,2010,9,21,15,20.2,,,,,,,,948.5,,1.2,,344,94.5,285.1,0,0,0,0,,,,
RUE,2010,9,21,16,19.5,,,,,,,,948.6,,0.9,,153,5.6,150.1,0,0,0,0,,,,
RUE,2010,9,21,17,18.1,,,,,,,,948.8,,0.7,,11,0.1,11,0,0,0,0,,,,
RUE,2010,9,21,18,16.2,,,,,,,,949.3,,0.8,,0,0,0,0,0,0,0,,,,
RUE,2010,9,21,19,15.2,,,,,,,,949.6,,0.9,,0,0,0,0,0,0,0,,,,
RUE,2010,9,21,20,15.2,,,,,,,,949.8,,0.7,,0,0,0,0,0,0,0,,,,
RUE,2010,9,21,21,14.5,,,,,,,,950,,0.5,,0,0,0,0,0,0,0,,,,
RUE,2010,9,21,22,13.7,,,,,,,,950.1,,0.7,,0,0,0,0,0,0,0,,,,
RUE,2010,9,21,23,13.6,,,,,,,,950.1,,0.9,,0,0,0,0,0,0,0,,,,
RUE,2010,9,22,0,12.9,,,,,,,,950,,0.5,,0,0,0,0,0,0,0,,,,
RUE,2010,9,22,1,13.1,,,,,,,,949.9,,0.8,,0,0,0,0,0,0,0,,,,
RUE,2010,9,22,2,12.6,,,,,,,,949.9,,0.7,,0,0,0,0,0,0,0,,,,
RUE,2010,9,22,3,12.1,,,,,,,,950,,0.9,,0,0,0,0,0,0,0,,,,
RUE,2010,9,22,4,12.7,,,,,,,,949.9,,1.5,,0,0,0,0,0,0,0,,,,
RUE,2010,9,22,5,12.5,,,,,,,,949.9,,1.6,,4,0,0,0,0,0,0,,,,
RUE,2010,9,22,6,12.3,,,,,,,,950.1,,1.4,,90,0,0,0,0,0,0,,,,
RUE,2010,9,22,7,13.7,,,,,,,,950.3,,1.3,,239,0,0,0,0,0,0,,,,
RUE,2010,9,22,8,15.4,,,,,,,,950.7,,1.4,,410,2848.9,67.7,0,0,0,0,,,,
RUE,2010,9,22,9,16.7,,,,,,,,950.7,,1.8,,530,1539.6,87.5,0,0,0,0,,,,
RUE,2010,9,22,10,18.2,,,,,,,,950.5,,1.4,,635,1215.1,104.8,0,0,0,0,,,,
RUE,2010,9,22,11,19.4,,,,,,,,950.1,,1.3,,661,992.6,109.1,0,0,0,0,,,,
RUE,2010,9,22,12,20.1,,,,,,,,949.5,,0.7,,636,799.8,125.6,0,0,0,0,,,,
RUE,2010,9,22,13,20.5,,,,,,,,949.1,,0.8,,537,418.1,253.9,0,0,0,0,,,,
RUE,2010,9,22,14,20.8,,,,,,,,948.7,,0.7,,464,251.5,295.4,0,0,0,0,,,,
RUE,2010,9,22,15,20.6,,,,,,,,948.4,,1.2,,300,50.9,268.5,0,0,0,0,,,,
RUE,2010,9,22,16,20,,,,,,,,948.4,,0.8,,125,3.8,123,0,0,0,0,,,,
RUE,2010,9,22,17,18.7,,,,,,,,948.2,,0.7,,15,0.1,15,0,0,0,0,,,,
RUE,2010,9,22,18,16.8,,,,,,,,948.3,,0.7,,0,0,0,0,0,0,0,,,,
RUE,2010,9,22,19,16.2,,,,,,,,948.4,,0.8,,0,0,0,0,0,0,0,,,,
RUE,2010,9,22,20,15.6,,,,,,,,948.5,,0.7,,0,0,0,0,0,0,0,,,,
RUE,2010,9,22,21,15.1,,,,,,,,948.5,,0.4,,0,0,0,0,0,0,0,,,,
RUE,2010,9,22,22,15.6,,,,,,,,948.3,,1,,0,0,0,0,0,0,0,,,,
RUE,2010,9,22,23,15.3,,,,,,,,948.1,,1.1,,0,0,0,0,0,0,0,,,,
RUE,2010,9,23,0,14.2,,,,,,,,947.9,,0.9,,0,0,0,0,0,0,0,,,,
RUE,2010,9,23,1,14.2,,,,,,,,947.7,,1.2,,0,0,0,0,0,0,0,,,,
RUE,2010,9,23,2,14,,,,,,,,947.3,,1,,0,0,0,0,0,0,0,,,,
RUE,2010,9,23,3,13.9,,,,,,,,946.9,,1.3,,0,0,0,0,0,0,0,,,,
RUE,2010,9,23,4,13.7,,,,,,,,946.8,,0.8,,0,0,0,0,0,0,0,,,,
RUE,2010,9,23,5,12.7,,,,,,,,946.7,,1.2,,4,0,0,0,0,0,0,,,,
RUE,2010,9,23,6,13,,,,,,,,946.7,,1,,87,0,0,0,0,0,0,,,,
RUE,2010,9,23,7,16,,,,,,,,946.4,,0.5,,249,0,0,0,0,0,0,,,,
RUE,2010,9,23,8,18.7,,,,,,,,946.1,,0.4,,412,2959,68,0,0,0,0,,,,
RUE,2010,9,23,9,19.4,,,,,,,,945.7,,0.6,,508,1496.7,83.8,0,0,0,0,,,,
RUE,2010,9,23,10,20,,,,,,,,945.2,,2.1,,606,1170.8,100,0,0,0,0,,,,
RUE,2010,9,23,11,20,,,,,,,,944.8,,2.1,,459,490.7,188.3,0,0,0,0,,,,
RUE,2010,9,23,12,20.8,,,,,,,,944.1,,3,,586,671.6,160.5,0,0,0,0,,,,
RUE,2010,9,23,13,21.4,,,,,,,,943.4,,3.5,,499,328.8,278,0,0,0,0,,,,
RUE,2010,9,23,14,22,,,,,,,,942.9,,3.7,,429,187.9,304,0,0,0,0,,,,
RUE,2010,9,23,15,20.8,,,,,,,,942.4,,3,,190,6.6,185.9,0,0,0,0,,,,
RUE,2010,9,23,16,21,,,,,,,,942,,2.8,,177,9.3,172.2,0,0,0,0,,,,
RUE,2010,9,23,17,19.7,,,,,,,,941.5,,3.7,,12,0.1,12,0,0,0,0,,,,
RUE,2010,9,23,18,19.1,,,,,,,,941.3,,3,,0,0,0,0,0,0,0,,,,
RUE,2010,9,23,19,18.6,,,,,,,,941.2,,2.4,,0,0,0,0,0,0,0,,,,
RUE,2010,9,23,20,18.2,,,,,,,,940.9,,1,,0,0,0,0,0,0,0,,,,
RUE,2010,9,23,21,18,,,,,,,,940.7,,1.4,,0,0,0,0,0,0,0,,,,
RUE,2010,9,23,22,17.8,,,,,,,,940.5,,1.3,,0,0,0,0,0,0,0,,,,
RUE,2010,9,23,23,16.9,,,,,,,,940.4,,0.8,,0,0,0,0,0,0,0,,,,
RUE,2010,9,24,0,16.1,,,,,,,,939.8,,1.1,,0,0,0,0,0,0,0,,,,
RUE,2010,9,24,1,15,,,,,,,,938.8,,1.8,,0,0,0,0,0,0,0,,,,
RUE,2010,9,24,2,14.2,,,,,,,,938,,0.9,,0,0,0,0,0,0,0,,,,
RUE,2010,9,24,3,14.7,,,,,,,,937.2,,1.4,,0,0,0,0,0,0,0,,,,
RUE,2010,9,24,4,14.9,,,,,,,,936.5,,1.3,,0,0,0,0,0,0,0,,,,
RUE,2010,9,24,5,15.3,,,,,,,,936,,1.3,,3,0,0,0,0,0,0,,,,
RUE,2010,9,24,6,15,,,,,,,,935.7,,0.9,,18,0,0,0,0,0,0,,,,
RUE,2010,9,24,7,15.1,,,,,,,,935.4,,0.6,,31,0,0,0,0,0,0,,,,
RUE,2010,9,24,8,15.6,,,,,,,,935,,0.8,,84,337.2,46.1,0,0,0,0,,,,
RUE,2010,9,24,9,16.9,,,,,,,,934.4,,3.1,,168,138.5,129.3,0,0,0,0,,,,
RUE,2010,9,24,10,16.8,,,,,,,,933.9,,5.8,,104,3.9,102.3,0,0,0,0,,,,
RUE,2010,9,24,11,16.2,,,,,,,,933.9,,5.3,,55,0.7,54.6,0,0,0,0,,,,
RUE,2010,9,24,12,14.3,,,,,,,,934.2,,3.2,,17,0,17,0,0,0,0,,,,
RUE,2010,9,24,13,12.1,,,,,,,,934.3,,0.9,,35,0.2,34.9,0,0,0,0,,,,
RUE,2010,9,24,14,11.3,,,,,,,,934.3,,2.2,,23,0.1,22.9,0,0,0,0,,,,
RUE,2010,9,24,15,10.5,,,,,,,,934.4,,1.1,,23,0.1,22.9,0,0,0,0,,,,
RUE,2010,9,24,16,10.7,,,,,,,,934.5,,0.9,,8,0,8,0,0,0,0,,,,
RUE,2010,9,24,17,10.8,,,,,,,,934.9,,0.9,,0,0,0,0,0,0,0,,,,
RUE,2010,9,24,18,10.6,,,,,,,,935.7,,0.9,,0,0,0,0,0,0,0,,,,
RUE,2010,9,24,19,10.3,,,,,,,,936,,1.3,,0,0,0,0,0,0,0,,,,
RUE,2010,9,24,20,10,,,,,,,,936,,1.1,,0,0,0,0,0,0,0,,,,
RUE,2010,9,24,21,9.9,,,,,,,,935.7,,0.7,,0,0,0,0,0,0,0,,,,
RUE,2010,9,24,22,9.9,,,,,,,,935.5,,0.4,,0,0,0,0,0,0,0,,,,
RUE,2010,9,24,23,9.8,,,,,,,,935.1,,0.8,,0,0,0,0,0,0,0,,,,
RUE,2010,9,25,0,9.7,,,,,,,,934.7,,0.9,,0,0,0,0,0,0,0,,,,
RUE,2010,9,25,1,9.6,,,,,,,,934.3,,1,,0,0,0,0,0,0,0,,,,
RUE,2010,9,25,2,9.5,,,,,,,,933.9,,1.4,,0,0,0,0,0,0,0,,,,
RUE,2010,9,25,3,9.4,,,,,,,,933.6,,1.1,,0,0,0,0,0,0,0,,,,
RUE,2010,9,25,4,9.4,,,,,,,,933.4,,2,,0,0,0,0,0,0,0,,,,
RUE,2010,9,25,5,9.2,,,,,,,,933,,2.1,,0,0,0,0,0,0,0,,,,
RUE,2010,9,25,6,9.1,,,,,,,,933,,2.1,,3,0,0,0,0,0,0,,,,
RUE,2010,9,25,7,9.2,,,,,,,,933.3,,2.8,,27,0,0,0,0,0,0,,,,
RUE,2010,9,25,8,9.4,,,,,,,,933.3,,3.1,,66,145.8,50.2,0,0,0,0,,,,
RUE,2010,9,25,9,9.6,,,,,,,,933.8,,2.8,,46,1.9,45.5,0,0,0,0,,,,
RUE,2010,9,25,10,9.7,,,,,,,,934.1,,2.6,,64,1.5,63.4,0,0,0,0,,,,
RUE,2010,9,25,11,9.9,,,,,,,,934.4,,2.3,,61,0.8,60.5,0,0,0,0,,,,
RUE,2010,9,25,12,10.1,,,,,,,,934.6,,2.2,,85,1.2,84.2,0,0,0,0,,,,
RUE,2010,9,25,13,9.9,,,,,,,,934.9,,2.4,,74,0.8,73.5,0,0,0,0,,,,
RUE,2010,9,25,14,9.8,,,,,,,,935.2,,2,,113,2,111.7,0,0,0,0,,,,
RUE,2010,9,25,15,9.8,,,,,,,,935.5,,2.3,,20,0.1,20,0,0,0,0,,,,
RUE,2010,9,25,16,9,,,,,,,,936.4,,3.5,,8,0,8,0,0,0,0,,,,
RUE,2010,9,25,17,7.9,,,,,,,,937.3,,3.5,,1,0,1,0,0,0,0,,,,
RUE,2010,9,25,18,7.6,,,,,,,,938.1,,3.6,,0,0,0,0,0,0,0,,,,
RUE,2010,9,25,19,7.3,,,,,,,,938.8,,2.4,,0,0,0,0,0,0,0,,,,
RUE,2010,9,25,20,7,,,,,,,,938.9,,1.9,,0,0,0,0,0,0,0,,,,
RUE,2010,9,25,21,6.6,,,,,,,,939,,1.6,,0,0,0,0,0,0,0,,,,
RUE,2010,9,25,22,6.5,,,,,,,,939.1,,0.5,,0,0,0,0,0,0,0,,,,
RUE,2010,9,25,23,6.6,,,,,,,,938.9,,1,,0,0,0,0,0,0,0,,,,
RUE,2010,9,26,0,6.7,,,,,,,,938.8,,1.4,,0,0,0,0,0,0,0,,,,
RUE,2010,9,26,1,6.6,,,,,,,,938.8,,1.4,,0,0,0,0,0,0,0,,,,
RUE,2010,9,26,2,6.5,,,,,,,,938.7,,1.7,,0,0,0,0,0,0,0,,,,
RUE,2010,9,26,3,6,,,,,,,,938.6,,1.7,,0,0,0,0,0,0,0,,,,
RUE,2010,9,26,4,5.7,,,,,,,,938.8,,1.1,,0,0,0,0,0,0,0,,,,
RUE,2010,9,26,5,5.5,,,,,,,,938.7,,1.3,,2,0,0,0,0,0,0,,,,
RUE,2010,9,26,6,5.8,,,,,,,,938.8,,0.8,,25,0,0,0,0,0,0,,,,
RUE,2010,9,26,7,6.2,,,,,,,,938.7,,1,,98,0,0,0,0,0,0,,,,
RUE,2010,9,26,8,7.5,,,,,,,,938.8,,1.3,,452,3612.3,74.6,0,0,0,0,,,,
RUE,2010,9,26,9,8.1,,,,,,,,938.8,,1.2,,373,1148.5,61.5,0,0,0,0,,,,
RUE,2010,9,26,10,8.5,,,,,,,,938.9,,1.8,,249,130.2,194.4,0,0,0,0,,,,
RUE,2010,9,26,11,7.8,,,,,,,,939.1,,2,,207,15.7,198.5,0,0,0,0,,,,
RUE,2010,9,26,12,8.7,,,,,,,,939.1,,1.7,,419,227.4,278.1,0,0,0,0,,,,
RUE,2010,9,26,13,9.1,,,,,,,,939,,1.7,,345,73.7,296.6,0,0,0,0,,,,
RUE,2010,9,26,14,10.2,,,,,,,,938.9,,2.6,,465,285.4,279.7,0,0,0,0,,,,
RUE,2010,9,26,15,9.3,,,,,,,,939.1,,2.9,,207,9.9,201.1,0,0,0,0,,,,
RUE,2010,9,26,16,8.1,,,,,,,,939.6,,2.9,,116,3.6,114.2,0,0,0,0,,,,
RUE,2010,9,26,17,7.2,,,,,,,,939.8,,1.7,,7,0,7,0,0,0,0,,,,
RUE,2010,9,26,18,7.1,,,,,,,,940.2,,1.4,,0,0,0,0,0,0,0,,,,
RUE,2010,9,26,19,6.8,,,,,,,,940.6,,1.4,,0,0,0,0,0,0,0,,,,
RUE,2010,9,26,20,6.7,,,,,,,,941.1,,0.8,,0,0,0,0,0,0,0,,,,
RUE,2010,9,26,21,6.5,,,,,,,,941.2,,0.3,,0,0,0,0,0,0,0,,,,
RUE,2010,9,26,22,6.5,,,,,,,,941.2,,0.6,,0,0,0,0,0,0,0,,,,
RUE,2010,9,26,23,6.3,,,,,,,,941,,0.7,,0,0,0,0,0,0,0,,,,
RUE,2010,9,27,0,6.2,,,,,,,,940.8,,0.8,,0,0,0,0,0,0,0,,,,
RUE,2010,9,27,1,5.6,,,,,,,,940.6,,0.5,,0,0,0,0,0,0,0,,,,
RUE,2010,9,27,2,5.4,,,,,,,,940.4,,0.9,,0,0,0,0,0,0,0,,,,
RUE,2010,9,27,3,5.1,,,,,,,,940.4,,0.8,,0,0,0,0,0,0,0,,,,
RUE,2010,9,27,4,4.8,,,,,,,,940.6,,0.5,,0,0,0,0,0,0,0,,,,
RUE,2010,9,27,5,4.3,,,,,,,,940.7,,0.9,,2,0,0,0,0,0,0,,,,
RUE,2010,9,27,6,4.6,,,,,,,,940.4,,0.6,,76,0,0,0,0,0,0,,,,
RUE,2010,9,27,7,6.4,,,,,,,,940.6,,0.9,,147,0,0,0,0,0,0,,,,
RUE,2010,9,27,8,8.6,,,,,,,,940.8,,1,,405,3363.7,66.8,0,0,0,0,,,,
RUE,2010,9,27,9,10.2,,,,,,,,940.9,,1.3,,579,1810.3,95.5,0,0,0,0,,,,
RUE,2010,9,27,10,9.8,,,,,,,,941,,2,,481,967.4,79.4,0,0,0,0,,,,
RUE,2010,9,27,11,9.8,,,,,,,,941.1,,1.9,,326,147.3,247.3,0,0,0,0,,,,
RUE,2010,9,27,12,11,,,,,,,,941.1,,1.4,,528,540.3,195.9,0,0,0,0,,,,
RUE,2010,9,27,13,11.3,,,,,,,,941,,1.5,,515,408.6,248.5,0,0,0,0,,,,
RUE,2010,9,27,14,10.8,,,,,,,,941.2,,1.3,,246,15.2,236.2,0,0,0,0,,,,
RUE,2010,9,27,15,10.5,,,,,,,,941.3,,0.9,,119,2.7,117.4,0,0,0,0,,,,
RUE,2010,9,27,16,9.9,,,,,,,,941.6,,1.3,,46,0.6,45.7,0,0,0,0,,,,
RUE,2010,9,27,17,9.4,,,,,,,,942,,1.7,,5,0,5,0,0,0,0,,,,
RUE,2010,9,27,18,8.7,,,,,,,,942.7,,1.3,,0,0,0,0,0,0,0,,,,
RUE,2010,9,27,19,7.7,,,,,,,,943.2,,1.3,,0,0,0,0,0,0,0,,,,
RUE,2010,9,27,20,7.3,,,,,,,,943.5,,0.9,,0,0,0,0,0,0,0,,,,
RUE,2010,9,27,21,6.8,,,,,,,,943.6,,0.8,,0,0,0,0,0,0,0,,,,
RUE,2010,9,27,22,6.6,,,,,,,,943.9,,1.6,,0,0,0,0,0,0,0,,,,
RUE,2010,9,27,23,6.3,,,,,,,,943.9,,1.1,,0,0,0,0,0,0,0,,,,
RUE,2010,9,28,0,6.3,,,,,,,,944.1,,0.9,,0,0,0,0,0,0,0,,,,
RUE,2010,9,28,1,6.3,,,,,,,,944,,0.5,,0,0,0,0,0,0,0,,,,
RUE,2010,9,28,2,6.1,,,,,,,,944.2,,1.3,,0,0,0,0,0,0,0,,,,
RUE,2010,9,28,3,5.9,,,,,,,,944.2,,0.9,,0,0,0,0,0,0,0,,,,
RUE,2010,9,28,4,5.7,,,,,,,,944.3,,0.7,,0,0,0,0,0,0,0,,,,
RUE,2010,9,28,5,5.6,,,,,,,,944.7,,0.5,,1,0,0,0,0,0,0,,,,
RUE,2010,9,28,6,5.7,,,,,,,,944.9,,0.8,,35,0,0,0,0,0,0,,,,
RUE,2010,9,28,7,6.4,,,,,,,,945.2,,1,,88,0,0,0,0,0,0,,,,
RUE,2010,9,28,8,7,,,,,,,,945.5,,1.4,,184,1590.8,30.4,0,0,0,0,,,,
RUE,2010,9,28,9,8,,,,,,,,945.9,,1.6,,303,962.3,50,0,0,0,0,,,,
RUE,2010,9,28,10,8.7,,,,,,,,946.3,,1.7,,332,442.2,150.3,0,0,0,0,,,,
RUE,2010,9,28,11,8.9,,,,,,,,946.5,,1.3,,303,110.1,244.7,0,0,0,0,,,,
RUE,2010,9,28,12,9.9,,,,,,,,946.5,,1.9,,381,162.3,282,0,0,0,0,,,,
RUE,2010,9,28,13,10.4,,,,,,,,946.5,,2.1,,365,102.8,298.5,0,0,0,0,,,,
RUE,2010,9,28,14,10.6,,,,,,,,946.7,,1.9,,282,31.2,262.1,0,0,0,0,,,,
RUE,2010,9,28,15,10.3,,,,,,,,946.8,,1.9,,140,3.8,137.8,0,0,0,0,,,,
RUE,2010,9,28,16,10.1,,,,,,,,947,,1.1,,55,0.8,54.6,0,0,0,0,,,,
RUE,2010,9,28,17,9.4,,,,,,,,947.5,,1.6,,5,0,5,0,0,0,0,,,,
RUE,2010,9,28,18,9.1,,,,,,,,947.9,,1.1,,0,0,0,0,0,0,0,,,,
RUE,2010,9,28,19,8.8,,,,,,,,948.2,,0.7,,0,0,0,0,0,0,0,,,,
RUE,2010,9,28,20,8.6,,,,,,,,948.3,,0.7,,0,0,0,0,0,0,0,,,,
RUE,2010,9,28,21,8.3,,,,,,,,948.4,,0.7,,0,0,0,0,0,0,0,,,,
RUE,2010,9,28,22,8.3,,,,,,,,948.5,,0.4,,0,0,0,0,0,0,0,,,,
RUE,2010,9,28,23,8,,,,,,,,948.4,,0.6,,0,0,0,0,0,0,0,,,,
RUE,2010,9,29,0,7.6,,,,,,,,948.2,,0.4,,0,0,0,0,0,0,0,,,,
RUE,2010,9,29,1,7.4,,,,,,,,947.9,,0.8,,0,0,0,0,0,0,0,,,,
RUE,2010,9,29,2,7.5,,,,,,,,947.6,,0.7,,0,0,0,0,0,0,0,,,,
RUE,2010,9,29,3,7.3,,,,,,,,947.4,,0.5,,0,0,0,0,0,0,0,,,,
RUE,2010,9,29,4,7.3,,,,,,,,947.4,,0.6,,0,0,0,0,0,0,0,,,,
RUE,2010,9,29,5,7.3,,,,,,,,947.6,,0.4,,1,0,0,0,0,0,0,,,,
RUE,2010,9,29,6,7.6,,,,,,,,947.8,,0.7,,50,0,0,0,0,0,0,,,,
RUE,2010,9,29,7,8.7,,,,,,,,947.9,,0.7,,102,0,0,0,0,0,0,,,,
RUE,2010,9,29,8,10,,,,,,,,948.1,,0.5,,219,1974.4,36.1,0,0,0,0,,,,
RUE,2010,9,29,9,10.5,,,,,,,,948.1,,0.9,,287,926.1,47.4,0,0,0,0,,,,
RUE,2010,9,29,10,11.6,,,,,,,,947.9,,0.7,,456,936.7,75.2,0,0,0,0,,,,
RUE,2010,9,29,11,12.6,,,,,,,,947.6,,1.1,,512,761.6,112.4,0,0,0,0,,,,
RUE,2010,9,29,12,12.9,,,,,,,,947.4,,1.9,,395,195.3,276.8,0,0,0,0,,,,
RUE,2010,9,29,13,13.4,,,,,,,,947.2,,2.1,,491,363.3,257.7,0,0,0,0,,,,
RUE,2010,9,29,14,12.9,,,,,,,,947.1,,1.9,,250,17.7,238.8,0,0,0,0,,,,
RUE,2010,9,29,15,12.2,,,,,,,,947.3,,1.8,,148,4.3,145.5,0,0,0,0,,,,
RUE,2010,9,29,16,11.5,,,,,,,,947.3,,1.5,,76,1.6,75.2,0,0,0,0,,,,
RUE,2010,9,29,17,10.7,,,,,,,,947.4,,0.8,,7,0,7,0,0,0,0,,,,
RUE,2010,9,29,18,10.3,,,,,,,,947.6,,0.9,,0,0,0,0,0,0,0,,,,
RUE,2010,9,29,19,9.7,,,,,,,,947.9,,1.1,,0,0,0,0,0,0,0,,,,
RUE,2010,9,29,20,9.3,,,,,,,,947.9,,1.3,,0,0,0,0,0,0,0,,,,
RUE,2010,9,29,21,8.9,,,,,,,,947.8,,1,,0,0,0,0,0,0,0,,,,
RUE,2010,9,29,22,8.6,,,,,,,,947.6,,1,,0,0,0,0,0,0,0,,,,
RUE,2010,9,29,23,8.6,,,,,,,,947.3,,0.8,,0,0,0,0,0,0,0,,,,
RUE,2010,9,30,0,8.8,,,,,,,,947.2,,0.7,,0,0,0,0,0,0,0,,,,
RUE,2010,9,30,1,9.1,,,,,,,,946.7,,1.1,,0,0,0,0,0,0,0,,,,
RUE,2010,9,30,2,9.2,,,,,,,,946.3,,0.9,,0,0,0,0,0,0,0,,,,
RUE,2010,9,30,3,8.7,,,,,,,,946.3,,0.6,,0,0,0,0,0,0,0,,,,
RUE,2010,9,30,4,8.7,,,,,,,,946.4,,0.7,,0,0,0,0,0,0,0,,,,
RUE,2010,9,30,5,8.7,,,,,,,,946.2,,0.3,,1,0,0,0,0,0,0,,,,
RUE,2010,9,30,6,9.1,,,,,,,,946.3,,0.5,,42,0,0,0,0,0,0,,,,
RUE,2010,9,30,7,9.7,,,,,,,,946.3,,0.7,,57,0,0,0,0,0,0,,,,
RUE,2010,9,30,8,10.4,,,,,,,,946.2,,0.5,,101,951.3,16.7,0,0,0,0,,,,
RUE,2010,9,30,9,11.9,,,,,,,,946.2,,0.8,,213,495,87,0,0,0,0,,,,
RUE,2010,9,30,10,12.8,,,,,,,,946,,0.7,,338,502.5,135.9,0,0,0,0,,,,
RUE,2010,9,30,11,13.3,,,,,,,,945.7,,0.5,,232,32.7,215,0,0,0,0,,,,
RUE,2010,9,30,12,14,,,,,,,,945.4,,0.9,,391,193.2,275,0,0,0,0,,,,
RUE,2010,9,30,13,14.2,,,,,,,,945.1,,1.7,,272,26.2,255.3,0,0,0,0,,,,
RUE,2010,9,30,14,13.8,,,,,,,,944.9,,1.8,,187,5.9,183.3,0,0,0,0,,,,
RUE,2010,9,30,15,13.8,,,,,,,,944.6,,1,,144,4.2,141.6,0,0,0,0,,,,
RUE,2010,9,30,16,13.2,,,,,,,,944.5,,0.9,,51,0.8,50.6,0,0,0,0,,,,
RUE,2010,9,30,17,12.2,,,,,,,,944.7,,0.6,,2,0,2,0,0,0,0,,,,
RUE,2010,9,30,18,11.5,,,,,,,,944.9,,0.6,,0,0,0,0,0,0,0,,,,
RUE,2010,9,30,19,11.1,,,,,,,,945,,0.6,,0,0,0,0,0,0,0,,,,
RUE,2010,9,30,20,10.9,,,,,,,,944.9,,0.4,,0,0,0,0,0,0,0,,,,
RUE,2010,9,30,21,11.1,,,,,,,,944.7,,0.8,,0,0,0,0,0,0,0,,,,
RUE,2010,9,30,22,11.1,,,,,,,,944.6,,1,,0,0,0,0,0,0,0,,,,
RUE,2010,9,30,23,10.8,,,,,,,,944.6,,0.9,,0,0,0,0,0,0,0,,,,
RUE,2010,10,1,0,10.6,,,,,,,,944.5,,1.1,,0,0,0,0,0,0,0,,,,
RUE,2010,10,1,1,10.4,,,,,,,,944.5,,1,,0,0,0,0,0,0,0,,,,
RUE,2010,10,1,2,10.2,,,,,,,,944.4,,1.1,,0,0,0,0,0,0,0,,,,
RUE,2010,10,1,3,9.9,,,,,,,,944.3,,1.2,,0,0,0,0,0,0,0,,,,
RUE,2010,10,1,4,9.8,,,,,,,,944.3,,1.5,,0,0,0,0,0,0,0,,,,
RUE,2010,10,1,5,9.5,,,,,,,,944.3,,1,,1,0,0,0,0,0,0,,,,
RUE,2010,10,1,6,9.6,,,,,,,,944.6,,0.4,,26,0,0,0,0,0,0,,,,
RUE,2010,10,1,7,10,,,,,,,,944.8,,0.3,,85,0,0,0,0,0,0,,,,
RUE,2010,10,1,8,10.4,,,,,,,,945.1,,0.8,,201,1982.1,33.2,0,0,0,0,,,,
RUE,2010,10,1,9,11,,,,,,,,945.1,,1.3,,301,1003.8,49.7,0,0,0,0,,,,
RUE,2010,10,1,10,11.8,,,,,,,,944.9,,1.4,,480,1007.7,79.2,0,0,0,0,,,,
RUE,2010,10,1,11,12,,,,,,,,944.6,,0.7,,239,39.6,218.6,0,0,0,0,,,,
RUE,2010,10,1,12,12.9,,,,,,,,943.9,,0.7,,394,206,271.3,0,0,0,0,,,,
RUE,2010,10,1,13,13.9,,,,,,,,943.9,,0.8,,600,713,149.5,0,0,0,0,,,,
RUE,2010,10,1,14,14.4,,,,,,,,943.6,,1.2,,488,396,241.5,0,0,0,0,,,,
RUE,2010,10,1,15,13.8,,,,,,,,943.2,,1.3,,188,8.1,183.4,0,0,0,0,,,,
RUE,2010,10,1,16,13.3,,,,,,,,943.2,,1,,91,2.5,89.8,0,0,0,0,,,,
RUE,2010,10,1,17,12,,,,,,,,943.3,,1.5,,6,0,6,0,0,0,0,,,,
RUE,2010,10,1,18,11.4,,,,,,,,943.4,,1.4,,0,0,0,0,0,0,0,,,,
RUE,2010,10,1,19,11.5,,,,,,,,943.6,,1.9,,0,0,0,0,0,0,0,,,,
RUE,2010,10,1,20,11.2,,,,,,,,943.7,,1.6,,0,0,0,0,0,0,0,,,,
RUE,2010,10,1,21,11.4,,,,,,,,943.9,,1.7,,0,0,0,0,0,0,0,,,,
RUE,2010,10,1,22,11.4,,,,,,,,943.9,,1.6,,0,0,0,0,0,0,0,,,,
RUE,2010,10,1,23,10.9,,,,,,,,943.8,,1.6,,0,0,0,0,0,0,0,,,,
RUE,2010,10,2,0,11.1,,,,,,,,944,,1.4,,0,0,0,0,0,0,0,,,,
RUE,2010,10,2,1,11.3,,,,,,,,943.9,,1.6,,0,0,0,0,0,0,0,,,,
RUE,2010,10,2,2,11.7,,,,,,,,943.8,,0.4,,0,0,0,0,0,0,0,,,,
RUE,2010,10,2,3,11.7,,,,,,,,943.5,,0.8,,0,0,0,0,0,0,0,,,,
RUE,2010,10,2,4,12.1,,,,,,,,943.5,,0.6,,0,0,0,0,0,0,0,,,,
RUE,2010,10,2,5,11.8,,,,,,,,943.5,,1.5,,0,0,0,0,0,0,0,,,,
RUE,2010,10,2,6,12.5,,,,,,,,944,,1.6,,25,0,0,0,0,0,0,,,,
RUE,2010,10,2,7,12.7,,,,,,,,944.4,,0.6,,107,0,0,0,0,0,0,,,,
RUE,2010,10,2,8,14.1,,,,,,,,944.6,,0.7,,217,2245.4,35.8,0,0,0,0,,,,
RUE,2010,10,2,9,14.7,,,,,,,,944.9,,0.9,,233,706.7,59,0,0,0,0,,,,
RUE,2010,10,2,10,15.4,,,,,,,,944.9,,1.7,,396,811.5,76.8,0,0,0,0,,,,
RUE,2010,10,2,11,16.9,,,,,,,,944.8,,1,,436,526.5,167.1,0,0,0,0,,,,
RUE,2010,10,2,12,17.3,,,,,,,,944.4,,2.2,,415,262.5,260,0,0,0,0,,,,
RUE,2010,10,2,13,18.2,,,,,,,,944.1,,2,,535,526.6,205,0,0,0,0,,,,
RUE,2010,10,2,14,18.2,,,,,,,,943.9,,1.1,,311,59.7,274.1,0,0,0,0,,,,
RUE,2010,10,2,15,18.5,,,,,,,,943.6,,1.7,,199,10.6,193.1,0,0,0,0,,,,
RUE,2010,10,2,16,17.2,,,,,,,,943.5,,1.4,,74,1.7,73.2,0,0,0,0,,,,
RUE,2010,10,2,17,16.3,,,,,,,,943.6,,1.7,,5,0,5,0,0,0,0,,,,
RUE,2010,10,2,18,15.5,,,,,,,,943.7,,2,,0,0,0,0,0,0,0,,,,
RUE,2010,10,2,19,15.5,,,,,,,,943.6,,1.9,,0,0,0,0,0,0,0,,,,
RUE,2010,10,2,20,15.7,,,,,,,,943.6,,2.3,,0,0,0,0,0,0,0,,,,
RUE,2010,10,2,21,14.1,,,,,,,,943.5,,2.2,,0,0,0,0,0,0,0,,,,
RUE,2010,10,2,22,13.1,,,,,,,,943.2,,2.2,,0,0,0,0,0,0,0,,,,
RUE,2010,10,2,23,12.8,,,,,,,,942.8,,2.4,,0,0,0,0,0,0,0,,,,
RUE,2010,10,3,0,12.6,,,,,,,,942.6,,2.4,,0,0,0,0,0,0,0,,,,
RUE,2010,10,3,1,12.3,,,,,,,,942.2,,2.5,,0,0,0,0,0,0,0,,,,
RUE,2010,10,3,2,12.1,,,,,,,,941.7,,2.7,,0,0,0,0,0,0,0,,,,
RUE,2010,10,3,3,11.7,,,,,,,,941.3,,2.2,,0,0,0,0,0,0,0,,,,
RUE,2010,10,3,4,11.8,,,,,,,,941,,1.8,,0,0,0,0,0,0,0,,,,
RUE,2010,10,3,5,12.2,,,,,,,,941.1,,1.9,,1,0,0,0,0,0,0,,,,
RUE,2010,10,3,6,11.4,,,,,,,,941.5,,1,,42,0,0,0,0,0,0,,,,
RUE,2010,10,3,7,12.2,,,,,,,,941.6,,1.8,,130,0,0,0,0,0,0,,,,
RUE,2010,10,3,8,14,,,,,,,,941.4,,2.4,,305,3319.9,50.3,0,0,0,0,,,,
RUE,2010,10,3,9,16.2,,,,,,,,941.1,,3,,476,1642.8,78.5,0,0,0,0,,,,
RUE,2010,10,3,10,17.3,,,,,,,,940.6,,4.1,,568,1219.7,93.7,0,0,0,0,,,,
RUE,2010,10,3,11,18.4,,,,,,,,940,,4.2,,613,1011.4,101.1,0,0,0,0,,,,
RUE,2010,10,3,12,19.1,,,,,,,,939.3,,3.4,,588,807,115.5,0,0,0,0,,,,
RUE,2010,10,3,13,20,,,,,,,,938.6,,2.4,,536,543,198.5,0,0,0,0,,,,
RUE,2010,10,3,14,20.1,,,,,,,,938.2,,2.2,,411,218.4,277.4,0,0,0,0,,,,
RUE,2010,10,3,15,19.9,,,,,,,,937.7,,2.4,,173,6.6,169.3,0,0,0,0,,,,
RUE,2010,10,3,16,18.9,,,,,,,,937.3,,1.9,,87,2.4,85.9,0,0,0,0,,,,
RUE,2010,10,3,17,17,,,,,,,,937,,1.1,,3,0,3,0,0,0,0,,,,
RUE,2010,10,3,18,16.7,,,,,,,,936.9,,0.9,,0,0,0,0,0,0,0,,,,
RUE,2010,10,3,19,15.7,,,,,,,,936.8,,0.9,,0,0,0,0,0,0,0,,,,
RUE,2010,10,3,20,14.9,,,,,,,,936.6,,1.5,,0,0,0,0,0,0,0,,,,
RUE,2010,10,3,21,14.2,,,,,,,,936.4,,1.7,,0,0,0,0,0,0,0,,,,
RUE,2010,10,3,22,13.9,,,,,,,,936.3,,2.4,,0,0,0,0,0,0,0,,,,
RUE,2010,10,3,23,13.6,,,,,,,,936.3,,2,,0,0,0,0,0,0,0,,,,
RUE,2010,10,4,0,12.9,,,,,,,,935.9,,2.6,,0,0,0,0,0,0,0,,,,
RUE,2010,10,4,1,12.8,,,,,,,,935.3,,3,,0,0,0,0,0,0,0,,,,
RUE,2010,10,4,2,12.5,,,,,,,,934.6,,3.3,,0,0,0,0,0,0,0,,,,
RUE,2010,10,4,3,12.3,,,,,,,,934.2,,3.6,,0,0,0,0,0,0,0,,,,
RUE,2010,10,4,4,11.9,,,,,,,,934,,3.7,,0,0,0,0,0,0,0,,,,
RUE,2010,10,4,5,11.5,,,,,,,,933.7,,4.2,,2,0,0,0,0,0,0,,,,
RUE,2010,10,4,6,12.3,,,,,,,,933.7,,4.2,,70,0,0,0,0,0,0,,,,
RUE,2010,10,4,7,13.2,,,,,,,,933.7,,3.3,,219,0,0,0,0,0,0,,,,
RUE,2010,10,4,8,14.5,,,,,,,,933.6,,3.2,,369,4236.7,60.9,0,0,0,0,,,,
RUE,2010,10,4,9,15.6,,,,,,,,933.3,,2.7,,338,1187.4,55.8,0,0,0,0,,,,
RUE,2010,10,4,10,16.5,,,,,,,,932.5,,3,,299,383.6,151.6,0,0,0,0,,,,
RUE,2010,10,4,11,17.9,,,,,,,,931.9,,3.3,,385,366.1,201.5,0,0,0,0,,,,
RUE,2010,10,4,12,19.8,,,,,,,,930.9,,3.1,,495,523.4,191.2,0,0,0,0,,,,
RUE,2010,10,4,13,20.1,,,,,,,,930.3,,3.1,,338,89.1,283.1,0,0,0,0,,,,
RUE,2010,10,4,14,20.5,,,,,,,,929.9,,3.7,,317,71.1,273.9,0,0,0,0,,,,
RUE,2010,10,4,15,19.4,,,,,,,,929.8,,3.5,,86,1.6,85.1,0,0,0,0,,,,
RUE,2010,10,4,16,18.8,,,,,,,,930.4,,1.4,,28,0.3,27.9,0,0,0,0,,,,
RUE,2010,10,4,17,17,,,,,,,,931.8,,2.7,,1,0,1,0,0,0,0,,,,
RUE,2010,10,4,18,16.2,,,,,,,,933.3,,2.4,,0,0,0,0,0,0,0,,,,
RUE,2010,10,4,19,15.8,,,,,,,,934,,2.2,,0,0,0,0,0,0,0,,,,
RUE,2010,10,4,20,15.2,,,,,,,,934.5,,0.6,,0,0,0,0,0,0,0,,,,
RUE,2010,10,4,21,14.5,,,,,,,,934.4,,1.2,,0,0,0,0,0,0,0,,,,
RUE,2010,10,4,22,14.5,,,,,,,,934.3,,1.4,,0,0,0,0,0,0,0,,,,
RUE,2010,10,4,23,14.1,,,,,,,,934.8,,1,,0,0,0,0,0,0,0,,,,
RUE,2010,10,5,0,13.5,,,,,,,,935.5,,1.1,,0,0,0,0,0,0,0,,,,
RUE,2010,10,5,1,13.4,,,,,,,,936.2,,1,,0,0,0,0,0,0,0,,,,
RUE,2010,10,5,2,13.4,,,,,,,,936.5,,0.5,,0,0,0,0,0,0,0,,,,
RUE,2010,10,5,3,13.3,,,,,,,,936.7,,1,,0,0,0,0,0,0,0,,,,
RUE,2010,10,5,4,13.3,,,,,,,,937,,1,,0,0,0,0,0,0,0,,,,
RUE,2010,10,5,5,13.3,,,,,,,,937.2,,1.7,,0,0,0,0,0,0,0,,,,
RUE,2010,10,5,6,13.2,,,,,,,,937.7,,0.6,,35,0,0,0,0,0,0,,,,
RUE,2010,10,5,7,13.8,,,,,,,,938.2,,0.5,,116,0,0,0,0,0,0,,,,
RUE,2010,10,5,8,14.4,,,,,,,,938.9,,0.9,,180,2186.5,29.7,0,0,0,0,,,,
RUE,2010,10,5,9,15.1,,,,,,,,939.2,,0.7,,257,919.4,42.4,0,0,0,0,,,,
RUE,2010,10,5,10,15.3,,,,,,,,939.3,,0.9,,232,145,176.9,0,0,0,0,,,,
RUE,2010,10,5,11,15.7,,,,,,,,939.4,,1.7,,251,60.1,221.1,0,0,0,0,,,,
RUE,2010,10,5,12,15.7,,,,,,,,939.5,,1.2,,145,4.2,142.6,0,0,0,0,,,,
RUE,2010,10,5,13,13.9,,,,,,,,940.1,,1.9,,22,0.1,21.9,0,0,0,0,,,,
RUE,2010,10,5,14,13.8,,,,,,,,940.4,,1.4,,99,1.8,97.9,0,0,0,0,,,,
RUE,2010,10,5,15,13.7,,,,,,,,940.6,,1,,102,2.3,100.7,0,0,0,0,,,,
RUE,2010,10,5,16,13.6,,,,,,,,941,,0.8,,29,0.3,28.9,0,0,0,0,,,,
RUE,2010,10,5,17,12.8,,,,,,,,941.6,,0.6,,2,0,2,0,0,0,0,,,,
RUE,2010,10,5,18,12.2,,,,,,,,942,,0.5,,0,0,0,0,0,0,0,,,,
RUE,2010,10,5,19,11.9,,,,,,,,942.2,,0.6,,0,0,0,0,0,0,0,,,,
RUE,2010,10,5,20,11.2,,,,,,,,942.5,,0.8,,0,0,0,0,0,0,0,,,,
RUE,2010,10,5,21,11.1,,,,,,,,942.4,,1.1,,0,0,0,0,0,0,0,,,,
RUE,2010,10,5,22,12.2,,,,,,,,942,,1.9,,0,0,0,0,0,0,0,,,,
RUE,2010,10,5,23,12.4,,,,,,,,942,,2.1,,0,0,0,0,0,0,0,,,,
RUE,2010,10,6,0,12.3,,,,,,,,941.9,,2.5,,0,0,0,0,0,0,0,,,,
RUE,2010,10,6,1,11.8,,,,,,,,941.6,,2.2,,0,0,0,0,0,0,0,,,,
RUE,2010,10,6,2,11.1,,,,,,,,941.3,,2.5,,0,0,0,0,0,0,0,,,,
RUE,2010,10,6,3,10.5,,,,,,,,941.2,,2.7,,0,0,0,0,0,0,0,,,,
RUE,2010,10,6,4,10.6,,,,,,,,941.4,,2.3,,0,0,0,0,0,0,0,,,,
RUE,2010,10,6,5,10.5,,,,,,,,941.5,,1.9,,0,0,0,0,0,0,0,,,,
RUE,2010,10,6,6,10.6,,,,,,,,942.1,,1.3,,36,0,0,0,0,0,0,,,,
RUE,2010,10,6,7,11.4,,,,,,,,942.3,,2.2,,138,0,0,0,0,0,0,,,,
RUE,2010,10,6,8,12.3,,,,,,,,942.4,,3.1,,340,4384.3,56.1,0,0,0,0,,,,
RUE,2010,10,6,9,13.5,,,,,,,,942.8,,3.5,,473,1723.7,78,0,0,0,0,,,,
RUE,2010,10,6,10,14.8,,,,,,,,943,,3.3,,516,1147.7,85.1,0,0,0,0,,,,
RUE,2010,10,6,11,16.2,,,,,,,,942.9,,3.2,,577,979.4,95.2,0,0,0,0,,,,
RUE,2010,10,6,12,17.1,,,,,,,,942.9,,2.8,,555,752.2,125.8,0,0,0,0,,,,
RUE,2010,10,6,13,18.2,,,,,,,,943.1,,2.4,,516,520.1,200.9,0,0,0,0,,,,
RUE,2010,10,6,14,18.7,,,,,,,,943.2,,2.1,,393,201.9,272.8,0,0,0,0,,,,
RUE,2010,10,6,15,18.1,,,,,,,,943.6,,2,,139,4.4,136.6,0,0,0,0,,,,
RUE,2010,10,6,16,16.9,,,,,,,,943.9,,2.6,,79,2.1,78.1,0,0,0,0,,,,
RUE,2010,10,6,17,15.8,,,,,,,,944.3,,1.6,,3,0,3,0,0,0,0,,,,
RUE,2010,10,6,18,14.7,,,,,,,,944.9,,1.5,,0,0,0,0,0,0,0,,,,
RUE,2010,10,6,19,13.8,,,,,,,,945.5,,2,,0,0,0,0,0,0,0,,,,
RUE,2010,10,6,20,13.4,,,,,,,,945.9,,1.9,,0,0,0,0,0,0,0,,,,
RUE,2010,10,6,21,13.1,,,,,,,,946.3,,1.6,,0,0,0,0,0,0,0,,,,
RUE,2010,10,6,22,12.9,,,,,,,,946.4,,1.3,,0,0,0,0,0,0,0,,,,
RUE,2010,10,6,23,12.6,,,,,,,,946.5,,1.8,,0,0,0,0,0,0,0,,,,
RUE,2010,10,7,0,12.3,,,,,,,,946.7,,1.8,,0,0,0,0,0,0,0,,,,
RUE,2010,10,7,1,12,,,,,,,,947,,1.7,,0,0,0,0,0,0,0,,,,
RUE,2010,10,7,2,11.9,,,,,,,,947.1,,1.8,,0,0,0,0,0,0,0,,,,
RUE,2010,10,7,3,11.7,,,,,,,,947.3,,2,,0,0,0,0,0,0,0,,,,
RUE,2010,10,7,4,11.4,,,,,,,,947.6,,2.1,,0,0,0,0,0,0,0,,,,
RUE,2010,10,7,5,11.1,,,,,,,,947.8,,2.6,,0,0,0,0,0,0,0,,,,
RUE,2010,10,7,6,11.3,,,,,,,,948.1,,2.3,,18,0,0,0,0,0,0,,,,
RUE,2010,10,7,7,11.6,,,,,,,,948.5,,2.6,,76,0,0,0,0,0,0,,,,
RUE,2010,10,7,8,11.9,,,,,,,,948.8,,2.8,,131,1799.9,21.6,0,0,0,0,,,,
RUE,2010,10,7,9,12.5,,,,,,,,949,,2.1,,151,216.5,102.3,0,0,0,0,,,,
RUE,2010,10,7,10,12.9,,,,,,,,948.9,,2.5,,204,89.8,170.7,0,0,0,0,,,,
RUE,2010,10,7,11,13.3,,,,,,,,948.5,,2.6,,214,29.8,199.5,0,0,0,0,,,,
RUE,2010,10,7,12,14,,,,,,,,948,,2.5,,259,36.7,238.2,0,0,0,0,,,,
RUE,2010,10,7,13,14.9,,,,,,,,947.8,,2.7,,508,508.1,202.8,0,0,0,0,,,,
RUE,2010,10,7,14,15,,,,,,,,947.6,,2.5,,390,202.9,270.3,0,0,0,0,,,,
RUE,2010,10,7,15,14.4,,,,,,,,947.6,,2.9,,187,10,181.7,0,0,0,0,,,,
RUE,2010,10,7,16,13.5,,,,,,,,947.5,,2.8,,49,0.8,48.6,0,0,0,0,,,,
RUE,2010,10,7,17,13.4,,,,,,,,947.7,,3.3,,2,0,2,0,0,0,0,,,,
RUE,2010,10,7,18,13.5,,,,,,,,947.8,,3.1,,0,0,0,0,0,0,0,,,,
RUE,2010,10,7,19,13.7,,,,,,,,948,,3.1,,0,0,0,0,0,0,0,,,,
RUE,2010,10,7,20,13.6,,,,,,,,948,,2.5,,0,0,0,0,0,0,0,,,,
RUE,2010,10,7,21,13.3,,,,,,,,948.2,,2.3,,0,0,0,0,0,0,0,,,,
RUE,2010,10,7,22,13.2,,,,,,,,948.1,,2.5,,0,0,0,0,0,0,0,,,,
RUE,2010,10,7,23,13.3,,,,,,,,947.9,,2.8,,0,0,0,0,0,0,0,,,,
RUE,2010,10,8,0,13.2,,,,,,,,947.8,,2.5,,0,0,0,0,0,0,0,,,,
RUE,2010,10,8,1,13,,,,,,,,947.7,,2.9,,0,0,0,0,0,0,0,,,,
RUE,2010,10,8,2,12.9,,,,,,,,947.4,,2.4,,0,0,0,0,0,0,0,,,,
RUE,2010,10,8,3,12.7,,,,,,,,947.1,,2.7,,0,0,0,0,0,0,0,,,,
RUE,2010,10,8,4,12.5,,,,,,,,947,,2.5,,0,0,0,0,0,0,0,,,,
RUE,2010,10,8,5,12.3,,,,,,,,947.2,,2.6,,0,0,0,0,0,0,0,,,,
RUE,2010,10,8,6,12.4,,,,,,,,947.4,,2.1,,15,0,0,0,0,0,0,,,,
RUE,2010,10,8,7,12.5,,,,,,,,947.6,,3.3,,77,0,0,0,0,0,0,,,,
RUE,2010,10,8,8,12.9,,,,,,,,947.7,,3.6,,161,2367,26.6,0,0,0,0,,,,
RUE,2010,10,8,9,13.4,,,,,,,,947.7,,3.1,,257,973.1,42.4,0,0,0,0,,,,
RUE,2010,10,8,10,13.6,,,,,,,,947.7,,3,,323,577.4,111.5,0,0,0,0,,,,
RUE,2010,10,8,11,14.3,,,,,,,,947.5,,2.8,,514,888,85.6,0,0,0,0,,,,
RUE,2010,10,8,12,15.1,,,,,,,,947.1,,2.5,,537,724.5,131,0,0,0,0,,,,
RUE,2010,10,8,13,15.7,,,,,,,,946.7,,1.6,,482,438.8,220.8,0,0,0,0,,,,
RUE,2010,10,8,14,16.5,,,,,,,,946.6,,1.8,,354,139,272.8,0,0,0,0,,,,
RUE,2010,10,8,15,16.1,,,,,,,,946.6,,1.6,,129,3.9,126.9,0,0,0,0,,,,
RUE,2010,10,8,16,15.1,,,,,,,,946.7,,1.4,,49,0.8,48.6,0,0,0,0,,,,
RUE,2010,10,8,17,14.4,,,,,,,,946.9,,1.5,,2,0,2,0,0,0,0,,,,
RUE,2010,10,8,18,14,,,,,,,,947,,0.7,,0,0,0,0,0,0,0,,,,
RUE,2010,10,8,19,14.1,,,,,,,,947.3,,1.2,,0,0,0,0,0,0,0,,,,
RUE,2010,10,8,20,13.2,,,,,,,,947.3,,1.6,,0,0,0,0,0,0,0,,,,
RUE,2010,10,8,21,12.5,,,,,,,,947.2,,2,,0,0,0,0,0,0,0,,,,
RUE,2010,10,8,22,11.8,,,,,,,,947.1,,1.3,,0,0,0,0,0,0,0,,,,
RUE,2010,10,8,23,11.8,,,,,,,,946.9,,1.8,,0,0,0,0,0,0,0,,,,
RUE,2010,10,9,0,11.9,,,,,,,,946.8,,2.4,,0,0,0,0,0,0,0,,,,
RUE,2010,10,9,1,11.8,,,,,,,,946.8,,2.7,,0,0,0,0,0,0,0,,,,
RUE,2010,10,9,2,11.6,,,,,,,,946.6,,2,,0,0,0,0,0,0,0,,,,
RUE,2010,10,9,3,11.7,,,,,,,,946.3,,2.2,,0,0,0,0,0,0,0,,,,
RUE,2010,10,9,4,11.6,,,,,,,,946.2,,2.5,,0,0,0,0,0,0,0,,,,
RUE,2010,10,9,5,11.5,,,,,,,,946.2,,2.1,,0,0,0,0,0,0,0,,,,
RUE,2010,10,9,6,11.7,,,,,,,,946.3,,1.8,,25,0,0,0,0,0,0,,,,
RUE,2010,10,9,7,12.2,,,,,,,,946.3,,2.2,,104,0,0,0,0,0,0,,,,
RUE,2010,10,9,8,12.6,,,,,,,,946.3,,2.5,,187,2955.7,30.9,0,0,0,0,,,,
RUE,2010,10,9,9,13.1,,,,,,,,946,,2.3,,287,1108.4,47.4,0,0,0,0,,,,
RUE,2010,10,9,10,14.1,,,,,,,,945.6,,2.6,,519,1197.9,85.6,0,0,0,0,,,,
RUE,2010,10,9,11,14.7,,,,,,,,944.9,,2.4,,612,1070.1,101,0,0,0,0,,,,
RUE,2010,10,9,12,15.1,,,,,,,,944.3,,2.7,,489,574.1,170.1,0,0,0,0,,,,
RUE,2010,10,9,13,15.2,,,,,,,,943.8,,2.7,,468,408,227.3,0,0,0,0,,,,
RUE,2010,10,9,14,14.8,,,,,,,,943.5,,3.1,,335,113,269.6,0,0,0,0,,,,
RUE,2010,10,9,15,13.6,,,,,,,,943.3,,3.6,,103,2.5,101.7,0,0,0,0,,,,
RUE,2010,10,9,16,12.5,,,,,,,,943.4,,3.6,,18,0.1,17.9,0,0,0,0,,,,
RUE,2010,10,9,17,11.8,,,,,,,,943.4,,3.2,,0,0,0,0,0,0,0,,,,
RUE,2010,10,9,18,11.6,,,,,,,,943.5,,2.8,,0,0,0,0,0,0,0,,,,
RUE,2010,10,9,19,11.1,,,,,,,,943.4,,2.6,,0,0,0,0,0,0,0,,,,
RUE,2010,10,9,20,11,,,,,,,,943.1,,2.9,,0,0,0,0,0,0,0,,,,
RUE,2010,10,9,21,10.7,,,,,,,,942.7,,2.6,,0,0,0,0,0,0,0,,,,
RUE,2010,10,9,22,10.3,,,,,,,,942.3,,2.2,,0,0,0,0,0,0,0,,,,
RUE,2010,10,9,23,10.1,,,,,,,,941.7,,2.1,,0,0,0,0,0,0,0,,,,
RUE,2010,10,10,0,10.1,,,,,,,,941.2,,2.2,,0,0,0,0,0,0,0,,,,
RUE,2010,10,10,1,10.2,,,,,,,,940.9,,1.7,,0,0,0,0,0,0,0,,,,
RUE,2010,10,10,2,10.2,,,,,,,,940.5,,1.9,,0,0,0,0,0,0,0,,,,
RUE,2010,10,10,3,9.9,,,,,,,,940,,2.1,,0,0,0,0,0,0,0,,,,
RUE,2010,10,10,4,9.8,,,,,,,,939.5,,2.3,,0,0,0,0,0,0,0,,,,
RUE,2010,10,10,5,9.5,,,,,,,,939.1,,2.3,,0,0,0,0,0,0,0,,,,
RUE,2010,10,10,6,9.5,,,,,,,,938.8,,2.4,,10,0,0,0,0,0,0,,,,
RUE,2010,10,10,7,9.6,,,,,,,,938.6,,2.8,,35,0,0,0,0,0,0,,,,
RUE,2010,10,10,8,9.4,,,,,,,,938.8,,2.9,,36,0,0,0,0,0,0,,,,
RUE,2010,10,10,9,9.6,,,,,,,,938.8,,2.8,,75,10.4,72.8,0,0,0,0,,,,
RUE,2010,10,10,10,9.8,,,,,,,,938.5,,3.3,,148,22,140.1,0,0,0,0,,,,
RUE,2010,10,10,11,10.2,,,,,,,,938.3,,3.3,,181,14.9,174,0,0,0,0,,,,
RUE,2010,10,10,12,10.5,,,,,,,,937.9,,4.4,,196,10.7,190.1,0,0,0,0,,,,
RUE,2010,10,10,13,10.8,,,,,,,,937.5,,4.5,,172,5.7,168.7,0,0,0,0,,,,
RUE,2010,10,10,14,10.9,,,,,,,,937.4,,4,,82,1.3,81.2,0,0,0,0,,,,
RUE,2010,10,10,15,10.7,,,,,,,,937.1,,4.4,,56,0.8,55.6,0,0,0,0,,,,
RUE,2010,10,10,16,10,,,,,,,,937.1,,3.7,,53,1,52.6,0,0,0,0,,,,
RUE,2010,10,10,17,9.5,,,,,,,,937.2,,2,,1,0,1,0,0,0,0,,,,
RUE,2010,10,10,18,9,,,,,,,,937,,1.7,,0,0,0,0,0,0,0,,,,
RUE,2010,10,10,19,8.8,,,,,,,,936.6,,3.1,,0,0,0,0,0,0,0,,,,
RUE,2010,10,10,20,8.7,,,,,,,,936.4,,3.3,,0,0,0,0,0,0,0,,,,
RUE,2010,10,10,21,8.4,,,,,,,,936.3,,3.4,,0,0,0,0,0,0,0,,,,
RUE,2010,10,10,22,8.1,,,,,,,,936.2,,3.9,,0,0,0,0,0,0,0,,,,
RUE,2010,10,10,23,7.9,,,,,,,,936.1,,3.3,,0,0,0,0,0,0,0,,,,
RUE,2010,10,11,0,7.5,,,,,,,,936.1,,4.3,,0,0,0,0,0,0,0,,,,
RUE,2010,10,11,1,7,,,,,,,,935.8,,4.7,,0,0,0,0,0,0,0,,,,
RUE,2010,10,11,2,6.5,,,,,,,,935.7,,3.7,,0,0,0,0,0,0,0,,,,
RUE,2010,10,11,3,6,,,,,,,,935.7,,4,,0,0,0,0,0,0,0,,,,
RUE,2010,10,11,4,5.6,,,,,,,,935.8,,3.1,,0,0,0,0,0,0,0,,,,
RUE,2010,10,11,5,5.4,,,,,,,,936.1,,4.1,,0,0,0,0,0,0,0,,,,
RUE,2010,10,11,6,5.4,,,,,,,,936.5,,3.4,,42,0,0,0,0,0,0,,,,
RUE,2010,10,11,7,5.8,,,,,,,,937.1,,4.2,,80,0,0,0,0,0,0,,,,
RUE,2010,10,11,8,6.1,,,,,,,,937.3,,3.5,,146,0,0,0,0,0,0,,,,
RUE,2010,10,11,9,7.2,,,,,,,,937.6,,3.9,,308,1239.2,50.8,0,0,0,0,,,,
RUE,2010,10,11,10,9.1,,,,,,,,937.9,,3.8,,526,1245.6,86.8,0,0,0,0,,,,
RUE,2010,10,11,11,10.7,,,,,,,,937.9,,4.1,,548,977.9,90.4,0,0,0,0,,,,
RUE,2010,10,11,12,11.8,,,,,,,,937.8,,2.6,,504,658.5,144.9,0,0,0,0,,,,
RUE,2010,10,11,13,12.3,,,,,,,,937.9,,3.3,,459,404.9,224.4,0,0,0,0,,,,
RUE,2010,10,11,14,12.7,,,,,,,,938.1,,2.4,,344,138.1,265.6,0,0,0,0,,,,
RUE,2010,10,11,15,12.1,,,,,,,,938.4,,2.1,,94,2.2,92.9,0,0,0,0,,,,
RUE,2010,10,11,16,11,,,,,,,,938.7,,1.8,,46,0.8,45.7,0,0,0,0,,,,
RUE,2010,10,11,17,10,,,,,,,,939.3,,1.9,,1,0,1,0,0,0,0,,,,
RUE,2010,10,11,18,9.6,,,,,,,,939.6,,1.3,,0,0,0,0,0,0,0,,,,
RUE,2010,10,11,19,9.1,,,,,,,,940,,1,,0,0,0,0,0,0,0,,,,
RUE,2010,10,11,20,9.1,,,,,,,,940.1,,0.5,,0,0,0,0,0,0,0,,,,
RUE,2010,10,11,21,8.8,,,,,,,,940.6,,0.4,,0,0,0,0,0,0,0,,,,
RUE,2010,10,11,22,8.2,,,,,,,,940.9,,0.9,,0,0,0,0,0,0,0,,,,
RUE,2010,10,11,23,8.6,,,,,,,,941,,1.1,,0,0,0,0,0,0,0,,,,
RUE,2010,10,12,0,8,,,,,,,,941.2,,0.7,,0,0,0,0,0,0,0,,,,
RUE,2010,10,12,1,7.8,,,,,,,,941.4,,1.3,,0,0,0,0,0,0,0,,,,
RUE,2010,10,12,2,7.4,,,,,,,,941.4,,1.4,,0,0,0,0,0,0,0,,,,
RUE,2010,10,12,3,6.8,,,,,,,,941.5,,1.7,,0,0,0,0,0,0,0,,,,
RUE,2010,10,12,4,6.7,,,,,,,,941.6,,1.2,,0,0,0,0,0,0,0,,,,
RUE,2010,10,12,5,6.1,,,,,,,,941.6,,1.9,,0,0,0,0,0,0,0,,,,
RUE,2010,10,12,6,6.3,,,,,,,,942,,1.1,,35,0,0,0,0,0,0,,,,
RUE,2010,10,12,7,6.9,,,,,,,,942.2,,2.2,,166,0,0,0,0,0,0,,,,
RUE,2010,10,12,8,7.7,,,,,,,,942.3,,4,,308,0,0,0,0,0,0,,,,
RUE,2010,10,12,9,8.7,,,,,,,,942,,3.5,,434,1783.6,71.6,0,0,0,0,,,,
RUE,2010,10,12,10,9.8,,,,,,,,941.9,,4.1,,516,1238,85.1,0,0,0,0,,,,
RUE,2010,10,12,11,11.2,,,,,,,,941.4,,3.2,,554,999,91.4,0,0,0,0,,,,
RUE,2010,10,12,12,12.3,,,,,,,,940.8,,3.2,,522,737,123.9,0,0,0,0,,,,
RUE,2010,10,12,13,13.2,,,,,,,,940.3,,3.2,,459,417.6,219.3,0,0,0,0,,,,
RUE,2010,10,12,14,13.5,,,,,,,,940,,2.2,,334,126.2,263,0,0,0,0,,,,
RUE,2010,10,12,15,12.6,,,,,,,,940,,1.7,,93,2.2,91.9,0,0,0,0,,,,
RUE,2010,10,12,16,10.6,,,,,,,,940.2,,1.5,,43,0.7,42.7,0,0,0,0,,,,
RUE,2010,10,12,17,10.1,,,,,,,,940.5,,0.6,,1,0,1,0,0,0,0,,,,
RUE,2010,10,12,18,9.1,,,,,,,,940.7,,0.9,,0,0,0,0,0,0,0,,,,
RUE,2010,10,12,19,8.9,,,,,,,,940.6,,0.6,,0,0,0,0,0,0,0,,,,
RUE,2010,10,12,20,8.7,,,,,,,,940.7,,1.4,,0,0,0,0,0,0,0,,,,
RUE,2010,10,12,21,8.6,,,,,,,,940.6,,1.2,,0,0,0,0,0,0,0,,,,
RUE,2010,10,12,22,8.4,,,,,,,,940.5,,1,,0,0,0,0,0,0,0,,,,
RUE,2010,10,12,23,7.4,,,,,,,,940.2,,0.6,,0,0,0,0,0,0,0,,,,
RUE,2010,10,13,0,7,,,,,,,,940.1,,0.5,,0,0,0,0,0,0,0,,,,
RUE,2010,10,13,1,6,,,,,,,,940.2,,0.7,,0,0,0,0,0,0,0,,,,
RUE,2010,10,13,2,6.2,,,,,,,,939.9,,0.4,,0,0,0,0,0,0,0,,,,
RUE,2010,10,13,3,5.6,,,,,,,,939.9,,0.4,,0,0,0,0,0,0,0,,,,
RUE,2010,10,13,4,5.1,,,,,,,,939.9,,0.5,,0,0,0,0,0,0,0,,,,
RUE,2010,10,13,5,5,,,,,,,,940.1,,0.4,,0,0,0,0,0,0,0,,,,
RUE,2010,10,13,6,5.7,,,,,,,,940.2,,0.6,,21,0,0,0,0,0,0,,,,
RUE,2010,10,13,7,5,,,,,,,,940.6,,0.9,,71,0,0,0,0,0,0,,,,
RUE,2010,10,13,8,5.7,,,,,,,,940.8,,0.6,,108,0,0,0,0,0,0,,,,
RUE,2010,10,13,9,6.1,,,,,,,,941.1,,1.2,,148,321.6,84.1,0,0,0,0,,,,
RUE,2010,10,13,10,7.4,,,,,,,,941.1,,3.1,,199,112.8,160.3,0,0,0,0,,,,
RUE,2010,10,13,11,8.3,,,,,,,,941,,3.3,,252,88.5,211.4,0,0,0,0,,,,
RUE,2010,10,13,12,8.3,,,,,,,,940.8,,2.8,,213,17.9,203.4,0,0,0,0,,,,
RUE,2010,10,13,13,8.3,,,,,,,,940.4,,3,,207,11.7,200.4,0,0,0,0,,,,
RUE,2010,10,13,14,8.3,,,,,,,,940.4,,2.3,,81,1.4,80.2,0,0,0,0,,,,
RUE,2010,10,13,15,7.9,,,,,,,,940.6,,2.5,,37,0.4,36.8,0,0,0,0,,,,
RUE,2010,10,13,16,7.8,,,,,,,,941,,1.6,,10,0,10,0,0,0,0,,,,
RUE,2010,10,13,17,7.5,,,,,,,,941.6,,1.4,,0,0,0,0,0,0,0,,,,
RUE,2010,10,13,18,7.5,,,,,,,,942.1,,1.4,,0,0,0,0,0,0,0,,,,
RUE,2010,10,13,19,7.2,,,,,,,,942.2,,0.7,,0,0,0,0,0,0,0,,,,
RUE,2010,10,13,20,7.1,,,,,,,,942.2,,0.6,,0,0,0,0,0,0,0,,,,
RUE,2010,10,13,21,7.2,,,,,,,,942,,1.1,,0,0,0,0,0,0,0,,,,
RUE,2010,10,13,22,7.1,,,,,,,,941.8,,0.7,,0,0,0,0,0,0,0,,,,
RUE,2010,10,13,23,6.9,,,,,,,,941.7,,0.5,,0,0,0,0,0,0,0,,,,
RUE,2010,10,14,0,6.9,,,,,,,,941.8,,0.5,,0,0,0,0,0,0,0,,,,
RUE,2010,10,14,1,6.8,,,,,,,,941.7,,0.3,,0,0,0,0,0,0,0,,,,
RUE,2010,10,14,2,6.9,,,,,,,,941.5,,0.7,,0,0,0,0,0,0,0,,,,
RUE,2010,10,14,3,6.8,,,,,,,,941.5,,0.8,,0,0,0,0,0,0,0,,,,
RUE,2010,10,14,4,6.8,,,,,,,,941.6,,1.1,,0,0,0,0,0,0,0,,,,
RUE,2010,10,14,5,6.6,,,,,,,,941.6,,1.1,,0,0,0,0,0,0,0,,,,
RUE,2010,10,14,6,6.5,,,,,,,,941.9,,1,,10,0,0,0,0,0,0,,,,
RUE,2010,10,14,7,6.7,,,,,,,,942.3,,0.7,,52,0,0,0,0,0,0,,,,
RUE,2010,10,14,8,7.2,,,,,,,,942.5,,0.9,,132,0,0,0,0,0,0,,,,
RUE,2010,10,14,9,8.1,,,,,,,,942.4,,1.8,,174,599,57.5,0,0,0,0,,,,
RUE,2010,10,14,10,8.7,,,,,,,,942.6,,1.9,,190,96.8,157.2,0,0,0,0,,,,
RUE,2010,10,14,11,9.1,,,,,,,,942.8,,2.1,,219,47.2,197.6,0,0,0,0,,,,
RUE,2010,10,14,12,8.8,,,,,,,,942.6,,1.5,,270,61.2,237.5,0,0,0,0,,,,
RUE,2010,10,14,13,9,,,,,,,,942.3,,1.2,,297,72.2,256.3,0,0,0,0,,,,
RUE,2010,10,14,14,9.4,,,,,,,,942.3,,1,,293,75,251.6,0,0,0,0,,,,
RUE,2010,10,14,15,8.1,,,,,,,,942.4,,1.8,,91,2.2,89.9,0,0,0,0,,,,
RUE,2010,10,14,16,7.3,,,,,,,,942.7,,0.8,,31,0.4,30.8,0,0,0,0,,,,
RUE,2010,10,14,17,6.9,,,,,,,,943.1,,0.7,,0,0,0,0,0,0,0,,,,
RUE,2010,10,14,18,7,,,,,,,,943.1,,0.6,,0,0,0,0,0,0,0,,,,
RUE,2010,10,14,19,6.8,,,,,,,,943.2,,0.3,,0,0,0,0,0,0,0,,,,
RUE,2010,10,14,20,6.5,,,,,,,,943.2,,0.2,,0,0,0,0,0,0,0,,,,
RUE,2010,10,14,21,6.2,,,,,,,,943.1,,0.2,,0,0,0,0,0,0,0,,,,
RUE,2010,10,14,22,5.9,,,,,,,,942.9,,0.5,,0,0,0,0,0,0,0,,,,
RUE,2010,10,14,23,5.5,,,,,,,,942.8,,0.7,,0,0,0,0,0,0,0,,,,
RUE,2010,10,15,0,5.6,,,,,,,,942.7,,0.5,,0,0,0,0,0,0,0,,,,
RUE,2010,10,15,1,5.4,,,,,,,,942.6,,0.7,,0,0,0,0,0,0,0,,,,
RUE,2010,10,15,2,5.3,,,,,,,,942.3,,0.8,,0,0,0,0,0,0,0,,,,
RUE,2010,10,15,3,5.3,,,,,,,,942,,0.6,,0,0,0,0,0,0,0,,,,
RUE,2010,10,15,4,5.3,,,,,,,,941.9,,1.5,,0,0,0,0,0,0,0,,,,
RUE,2010,10,15,5,5.2,,,,,,,,941.8,,1.4,,0,0,0,0,0,0,0,,,,
RUE,2010,10,15,6,5,,,,,,,,942,,1.3,,10,0,0,0,0,0,0,,,,
RUE,2010,10,15,7,5.1,,,,,,,,942.3,,0.9,,40,0,0,0,0,0,0,,,,
RUE,2010,10,15,8,5.4,,,,,,,,942.5,,1,,105,0,0,0,0,0,0,,,,
RUE,2010,10,15,9,6.1,,,,,,,,942.4,,0.8,,195,834.9,36.3,0,0,0,0,,,,
RUE,2010,10,15,10,6.9,,,,,,,,942.2,,2.4,,182,84.2,153.9,0,0,0,0,,,,
RUE,2010,10,15,11,7.2,,,,,,,,942.1,,2.6,,150,8.2,146.3,0,0,0,0,,,,
RUE,2010,10,15,12,7.3,,,,,,,,941.7,,1.7,,154,5.6,151,0,0,0,0,,,,
RUE,2010,10,15,13,7.1,,,,,,,,941.5,,1.9,,120,3,118.3,0,0,0,0,,,,
RUE,2010,10,15,14,6.4,,,,,,,,941.5,,2.1,,47,0.5,46.7,0,0,0,0,,,,
RUE,2010,10,15,15,6.2,,,,,,,,941.3,,0.9,,20,0.1,19.9,0,0,0,0,,,,
RUE,2010,10,15,16,6,,,,,,,,941.3,,1,,6,0,6,0,0,0,0,,,,
RUE,2010,10,15,17,5.9,,,,,,,,941.6,,0.6,,0,0,0,0,0,0,0,,,,
RUE,2010,10,15,18,5.8,,,,,,,,941.5,,0.5,,0,0,0,0,0,0,0,,,,
RUE,2010,10,15,19,5.6,,,,,,,,941.2,,0.7,,0,0,0,0,0,0,0,,,,
RUE,2010,10,15,20,5.5,,,,,,,,941,,0.6,,0,0,0,0,0,0,0,,,,
RUE,2010,10,15,21,5.3,,,,,,,,940.9,,0.7,,0,0,0,0,0,0,0,,,,
RUE,2010,10,15,22,5.3,,,,,,,,940.6,,0.5,,0,0,0,0,0,0,0,,,,
RUE,2010,10,15,23,5.3,,,,,,,,940.2,,0.5,,0,0,0,0,0,0,0,,,,
RUE,2010,10,16,0,5.3,,,,,,,,939.9,,0.4,,0,0,0,0,0,0,0,,,,
RUE,2010,10,16,1,5.2,,,,,,,,939.4,,0.4,,0,0,0,0,0,0,0,,,,
RUE,2010,10,16,2,5.2,,,,,,,,939,,0.6,,0,0,0,0,0,0,0,,,,
RUE,2010,10,16,3,5.1,,,,,,,,938.6,,0.4,,0,0,0,0,0,0,0,,,,
RUE,2010,10,16,4,4.9,,,,,,,,938.6,,0.6,,0,0,0,0,0,0,0,,,,
RUE,2010,10,16,5,4.5,,,,,,,,938.6,,0.8,,0,0,0,0,0,0,0,,,,
RUE,2010,10,16,6,4.5,,,,,,,,938.7,,0.8,,2,0,0,0,0,0,0,,,,
RUE,2010,10,16,7,4.6,,,,,,,,938.9,,0.9,,26,0,0,0,0,0,0,,,,
RUE,2010,10,16,8,4.8,,,,,,,,939.1,,0.8,,38,0,0,0,0,0,0,,,,
RUE,2010,10,16,9,5.2,,,,,,,,939.1,,1,,131,259.8,82.8,0,0,0,0,,,,
RUE,2010,10,16,10,5.5,,,,,,,,939.2,,1.5,,134,19.7,127.5,0,0,0,0,,,,
RUE,2010,10,16,11,5.6,,,,,,,,939,,1.9,,130,5.6,127.5,0,0,0,0,,,,
RUE,2010,10,16,12,6.1,,,,,,,,938.7,,1.6,,100,2.4,98.7,0,0,0,0,,,,
RUE,2010,10,16,13,6,,,,,,,,938.6,,1.3,,65,0.9,64.5,0,0,0,0,,,,
RUE,2010,10,16,14,6.1,,,,,,,,938.8,,1.3,,58,0.8,57.6,0,0,0,0,,,,
RUE,2010,10,16,15,6.2,,,,,,,,939,,1.2,,32,0.3,31.9,0,0,0,0,,,,
RUE,2010,10,16,16,6.1,,,,,,,,939.2,,0.7,,9,0,9,0,0,0,0,,,,
RUE,2010,10,16,17,6,,,,,,,,939.7,,0.5,,0,0,0,0,0,0,0,,,,
RUE,2010,10,16,18,5.7,,,,,,,,940.2,,0.5,,0,0,0,0,0,0,0,,,,
RUE,2010,10,16,19,5.4,,,,,,,,940.4,,1.7,,0,0,0,0,0,0,0,,,,
RUE,2010,10,16,20,5,,,,,,,,940.5,,0.7,,0,0,0,0,0,0,0,,,,
RUE,2010,10,16,21,4.9,,,,,,,,940.6,,0.5,,0,0,0,0,0,0,0,,,,
RUE,2010,10,16,22,5,,,,,,,,940.6,,0.8,,0,0,0,0,0,0,0,,,,
RUE,2010,10,16,23,5.1,,,,,,,,940.7,,0.5,,0,0,0,0,0,0,0,,,,
RUE,2010,10,17,0,5.3,,,,,,,,940.8,,0.7,,0,0,0,0,0,0,0,,,,
RUE,2010,10,17,1,5.2,,,,,,,,940.8,,0.5,,0,0,0,0,0,0,0,,,,
RUE,2010,10,17,2,5.3,,,,,,,,940.8,,0.7,,0,0,0,0,0,0,0,,,,
RUE,2010,10,17,3,5.3,,,,,,,,940.7,,1.3,,0,0,0,0,0,0,0,,,,
RUE,2010,10,17,4,5.4,,,,,,,,940.9,,1.1,,0,0,0,0,0,0,0,,,,
RUE,2010,10,17,5,4.5,,,,,,,,941.2,,1.9,,0,0,0,0,0,0,0,,,,
RUE,2010,10,17,6,4.1,,,,,,,,941.5,,2,,2,0,0,0,0,0,0,,,,
RUE,2010,10,17,7,4,,,,,,,,941.9,,1.6,,13,0,0,0,0,0,0,,,,
RUE,2010,10,17,8,4.2,,,,,,,,942.3,,1.4,,37,0,0,0,0,0,0,,,,
RUE,2010,10,17,9,4.8,,,,,,,,942.6,,1.1,,110,137.4,85.1,0,0,0,0,,,,
RUE,2010,10,17,10,5.3,,,,,,,,942.9,,0.8,,70,3,69,0,0,0,0,,,,
RUE,2010,10,17,11,5.3,,,,,,,,943,,2.5,,79,2.1,78.1,0,0,0,0,,,,
RUE,2010,10,17,12,5.4,,,,,,,,942.9,,2.7,,138,4.7,135.6,0,0,0,0,,,,
RUE,2010,10,17,13,5.6,,,,,,,,943,,1.2,,81,1.4,80.2,0,0,0,0,,,,
RUE,2010,10,17,14,5.9,,,,,,,,943.2,,1.2,,48,0.5,47.7,0,0,0,0,,,,
RUE,2010,10,17,15,5.9,,,,,,,,943.4,,2.2,,76,1.7,75.2,0,0,0,0,,,,
RUE,2010,10,17,16,5.6,,,,,,,,944,,2,,9,0,9,0,0,0,0,,,,
RUE,2010,10,17,17,5.3,,,,,,,,944.5,,0.9,,0,0,0,0,0,0,0,,,,
RUE,2010,10,17,18,5.2,,,,,,,,944.9,,1.5,,0,0,0,0,0,0,0,,,,
RUE,2010,10,17,19,5,,,,,,,,945.2,,1.6,,0,0,0,0,0,0,0,,,,
RUE,2010,10,17,20,5,,,,,,,,945.5,,1.9,,0,0,0,0,0,0,0,,,,
RUE,2010,10,17,21,5,,,,,,,,945.6,,1,,0,0,0,0,0,0,0,,,,
RUE,2010,10,17,22,5,,,,,,,,945.8,,1.4,,0,0,0,0,0,0,0,,,,
RUE,2010,10,17,23,4.9,,,,,,,,945.9,,1.1,,0,0,0,0,0,0,0,,,,
RUE,2010,10,18,0,4.9,,,,,,,,945.9,,1.4,,0,0,0,0,0,0,0,,,,
RUE,2010,10,18,1,4.7,,,,,,,,946,,0.7,,0,0,0,0,0,0,0,,,,
RUE,2010,10,18,2,4.7,,,,,,,,946,,0.9,,0,0,0,0,0,0,0,,,,
RUE,2010,10,18,3,4.6,,,,,,,,946,,0.8,,0,0,0,0,0,0,0,,,,
RUE,2010,10,18,4,4.6,,,,,,,,946.3,,0.4,,0,0,0,0,0,0,0,,,,
RUE,2010,10,18,5,4.5,,,,,,,,946.6,,0.7,,0,0,0,0,0,0,0,,,,
RUE,2010,10,18,6,4.4,,,,,,,,946.9,,1.6,,1,0,0,0,0,0,0,,,,
RUE,2010,10,18,7,4.3,,,,,,,,947.5,,1.2,,6,0,0,0,0,0,0,,,,
RUE,2010,10,18,8,4.2,,,,,,,,948,,1.6,,13,0,0,0,0,0,0,,,,
RUE,2010,10,18,9,4.2,,,,,,,,948.1,,1.9,,47,4.6,46.2,0,0,0,0,,,,
RUE,2010,10,18,10,4.4,,,,,,,,948.3,,1.8,,88,4.9,86.4,0,0,0,0,,,,
RUE,2010,10,18,11,4.2,,,,,,,,948.2,,1.7,,68,1.6,67.3,0,0,0,0,,,,
RUE,2010,10,18,12,4.4,,,,,,,,947.9,,1.5,,86,1.9,85.1,0,0,0,0,,,,
RUE,2010,10,18,13,4.1,,,,,,,,947.8,,2.3,,49,0.5,48.7,0,0,0,0,,,,
RUE,2010,10,18,14,3.9,,,,,,,,947.7,,2.1,,56,0.7,55.6,0,0,0,0,,,,
RUE,2010,10,18,15,3.9,,,,,,,,947.7,,1.2,,34,0.3,33.8,0,0,0,0,,,,
RUE,2010,10,18,16,3.9,,,,,,,,947.7,,1,,7,0,7,0,0,0,0,,,,
RUE,2010,10,18,17,3.8,,,,,,,,948.2,,1.4,,0,0,0,0,0,0,0,,,,
RUE,2010,10,18,18,3.8,,,,,,,,948.5,,1.2,,0,0,0,0,0,0,0,,,,
RUE,2010,10,18,19,3.5,,,,,,,,948.3,,1,,0,0,0,0,0,0,0,,,,
RUE,2010,10,18,20,3.5,,,,,,,,948.4,,1,,0,0,0,0,0,0,0,,,,
RUE,2010,10,18,21,3.3,,,,,,,,948,,1.2,,0,0,0,0,0,0,0,,,,
RUE,2010,10,18,22,2.9,,,,,,,,947.7,,1,,0,0,0,0,0,0,0,,,,
RUE,2010,10,18,23,2.8,,,,,,,,947.3,,0.8,,0,0,0,0,0,0,0,,,,
RUE,2010,10,19,0,2.5,,,,,,,,946.8,,0.5,,0,0,0,0,0,0,0,,,,
RUE,2010,10,19,1,2.2,,,,,,,,946.4,,1.1,,0,0,0,0,0,0,0,,,,
RUE,2010,10,19,2,2.1,,,,,,,,945.8,,0.7,,0,0,0,0,0,0,0,,,,
RUE,2010,10,19,3,1.8,,,,,,,,945.5,,1.3,,0,0,0,0,0,0,0,,,,
RUE,2010,10,19,4,1.7,,,,,,,,945.4,,1,,0,0,0,0,0,0,0,,,,
RUE,2010,10,19,5,1.4,,,,,,,,944.8,,0.5,,0,0,0,0,0,0,0,,,,
RUE,2010,10,19,6,1.5,,,,,,,,944.9,,0.6,,27,0,0,0,0,0,0,,,,
RUE,2010,10,19,7,3.1,,,,,,,,944.4,,1.2,,81,0,0,0,0,0,0,,,,
RUE,2010,10,19,8,3.9,,,,,,,,943.9,,3,,104,0,0,0,0,0,0,,,,
RUE,2010,10,19,9,5,,,,,,,,943.3,,3,,142,456.4,63.2,0,0,0,0,,,,
RUE,2010,10,19,10,7.1,,,,,,,,942.3,,4.5,,359,949.7,59.2,0,0,0,0,,,,
RUE,2010,10,19,11,7.2,,,,,,,,941.9,,3.6,,135,6.7,132.1,0,0,0,0,,,,
RUE,2010,10,19,12,7.2,,,,,,,,941.2,,2.4,,74,1.4,73.3,0,0,0,0,,,,
RUE,2010,10,19,13,7.2,,,,,,,,940.5,,2.4,,68,1,67.4,0,0,0,0,,,,
RUE,2010,10,19,14,7.3,,,,,,,,940,,3.1,,53,0.7,52.6,0,0,0,0,,,,
RUE,2010,10,19,15,7.7,,,,,,,,939.6,,4.4,,52,0.8,51.6,0,0,0,0,,,,
RUE,2010,10,19,16,7.6,,,,,,,,939.3,,2.8,,3,0,3,0,0,0,0,,,,
RUE,2010,10,19,17,7.8,,,,,,,,939.1,,3.6,,0,0,0,0,0,0,0,,,,
RUE,2010,10,19,18,7.6,,,,,,,,939,,4.2,,0,0,0,0,0,0,0,,,,
RUE,2010,10,19,19,6.8,,,,,,,,938.7,,3,,0,0,0,0,0,0,0,,,,
RUE,2010,10,19,20,7,,,,,,,,938.3,,3.5,,0,0,0,0,0,0,0,,,,
RUE,2010,10,19,21,6.7,,,,,,,,938.1,,3.1,,0,0,0,0,0,0,0,,,,
RUE,2010,10,19,22,6.3,,,,,,,,937.5,,3.4,,0,0,0,0,0,0,0,,,,
RUE,2010,10,19,23,5.9,,,,,,,,936.6,,2.6,,0,0,0,0,0,0,0,,,,
RUE,2010,10,20,0,5.3,,,,,,,,936.3,,3.7,,0,0,0,0,0,0,0,,,,
RUE,2010,10,20,1,5.2,,,,,,,,936.5,,4.6,,0,0,0,0,0,0,0,,,,
RUE,2010,10,20,2,4.6,,,,,,,,937.5,,4.2,,0,0,0,0,0,0,0,,,,
RUE,2010,10,20,3,4.6,,,,,,,,938.2,,3.1,,0,0,0,0,0,0,0,,,,
RUE,2010,10,20,4,4.4,,,,,,,,938.5,,2,,0,0,0,0,0,0,0,,,,
RUE,2010,10,20,5,4.4,,,,,,,,938.8,,3.1,,0,0,0,0,0,0,0,,,,
RUE,2010,10,20,6,4.4,,,,,,,,939.3,,2.8,,7,0,0,0,0,0,0,,,,
RUE,2010,10,20,7,4.4,,,,,,,,940.1,,3.2,,34,0,0,0,0,0,0,,,,
RUE,2010,10,20,8,4.5,,,,,,,,941,,3.6,,63,0,0,0,0,0,0,,,,
RUE,2010,10,20,9,5.4,,,,,,,,941.5,,3.8,,209,1037.6,34.5,0,0,0,0,,,,
RUE,2010,10,20,10,6.2,,,,,,,,941.8,,3.6,,312,797.1,64.1,0,0,0,0,,,,
RUE,2010,10,20,11,6.3,,,,,,,,942.1,,4.2,,245,109.6,198.5,0,0,0,0,,,,
RUE,2010,10,20,12,5.6,,,,,,,,942.5,,4.7,,278,92.3,231.9,0,0,0,0,,,,
RUE,2010,10,20,13,6.1,,,,,,,,942.8,,4.2,,382,277.1,234.6,0,0,0,0,,,,
RUE,2010,10,20,14,5.8,,,,,,,,943.4,,3.5,,215,21.5,203.9,0,0,0,0,,,,
RUE,2010,10,20,15,5.6,,,,,,,,944.1,,3.8,,137,5.7,134.3,0,0,0,0,,,,
RUE,2010,10,20,16,4.6,,,,,,,,945,,2.9,,25,0.3,24.9,0,0,0,0,,,,
RUE,2010,10,20,17,4.1,,,,,,,,946.1,,3.8,,0,0,0,0,0,0,0,,,,
RUE,2010,10,20,18,4.1,,,,,,,,947.3,,4,,0,0,0,0,0,0,0,,,,
RUE,2010,10,20,19,3.8,,,,,,,,948,,2.5,,0,0,0,0,0,0,0,,,,
RUE,2010,10,20,20,3.6,,,,,,,,948.8,,1.9,,0,0,0,0,0,0,0,,,,
RUE,2010,10,20,21,3.4,,,,,,,,949.5,,2.2,,0,0,0,0,0,0,0,,,,
RUE,2010,10,20,22,3.2,,,,,,,,950,,2.7,,0,0,0,0,0,0,0,,,,
RUE,2010,10,20,23,2.4,,,,,,,,950.3,,1.7,,0,0,0,0,0,0,0,,,,
RUE,2010,10,21,0,2.2,,,,,,,,950.7,,1.3,,0,0,0,0,0,0,0,,,,
RUE,2010,10,21,1,1.7,,,,,,,,951.2,,1.3,,0,0,0,0,0,0,0,,,,
RUE,2010,10,21,2,1.4,,,,,,,,951.4,,0.8,,0,0,0,0,0,0,0,,,,
RUE,2010,10,21,3,1.3,,,,,,,,951.5,,1.1,,0,0,0,0,0,0,0,,,,
RUE,2010,10,21,4,0.7,,,,,,,,951.8,,1.6,,0,0,0,0,0,0,0,,,,
RUE,2010,10,21,5,1,,,,,,,,952.2,,1.3,,0,0,0,0,0,0,0,,,,
RUE,2010,10,21,6,0.8,,,,,,,,952.5,,0.8,,19,0,0,0,0,0,0,,,,
RUE,2010,10,21,7,1.4,,,,,,,,953.1,,0.6,,148,0,0,0,0,0,0,,,,
RUE,2010,10,21,8,3.1,,,,,,,,953.5,,0.5,,292,0,0,0,0,0,0,,,,
RUE,2010,10,21,9,4.2,,,,,,,,953.8,,0.8,,416,2120.4,68.6,0,0,0,0,,,,
RUE,2010,10,21,10,4.9,,,,,,,,953.8,,1.1,,569,1550.9,93.9,0,0,0,0,,,,
RUE,2010,10,21,11,5.1,,,,,,,,953.5,,1.8,,414,769.8,91.3,0,0,0,0,,,,
RUE,2010,10,21,12,5.9,,,,,,,,953,,1.4,,496,796.7,102.2,0,0,0,0,,,,
RUE,2010,10,21,13,6.1,,,,,,,,952.8,,1.1,,337,172.2,246.3,0,0,0,0,,,,
RUE,2010,10,21,14,6.4,,,,,,,,952.5,,1.1,,311,135.2,241.6,0,0,0,0,,,,
RUE,2010,10,21,15,5.9,,,,,,,,952.3,,1.1,,54,0.9,53.6,0,0,0,0,,,,
RUE,2010,10,21,16,5,,,,,,,,952.3,,1.6,,17,0.1,16.9,0,0,0,0,,,,
RUE,2010,10,21,17,3.9,,,,,,,,952.3,,1.4,,0,0,0,0,0,0,0,,,,
RUE,2010,10,21,18,3.4,,,,,,,,952.3,,0.9,,0,0,0,0,0,0,0,,,,
RUE,2010,10,21,19,3.1,,,,,,,,952.1,,1.1,,0,0,0,0,0,0,0,,,,
RUE,2010,10,21,20,3.1,,,,,,,,951.9,,0.9,,0,0,0,0,0,0,0,,,,
RUE,2010,10,21,21,2.8,,,,,,,,952.1,,0.9,,0,0,0,0,0,0,0,,,,
RUE,2010,10,21,22,2,,,,,,,,952,,0.9,,0,0,0,0,0,0,0,,,,
RUE,2010,10,21,23,2.2,,,,,,,,951.7,,1.3,,0,0,0,0,0,0,0,,,,
RUE,2010,10,22,0,2.3,,,,,,,,951.5,,1.2,,0,0,0,0,0,0,0,,,,
RUE,2010,10,22,1,2.5,,,,,,,,951.4,,1.4,,0,0,0,0,0,0,0,,,,
RUE,2010,10,22,2,1.8,,,,,,,,951,,0.8,,0,0,0,0,0,0,0,,,,
RUE,2010,10,22,3,1.5,,,,,,,,950.4,,1.1,,0,0,0,0,0,0,0,,,,
RUE,2010,10,22,4,1.7,,,,,,,,950.1,,1.1,,0,0,0,0,0,0,0,,,,
RUE,2010,10,22,5,1.8,,,,,,,,949.9,,1.8,,0,0,0,0,0,0,0,,,,
RUE,2010,10,22,6,1.5,,,,,,,,950,,0.9,,21,0,0,0,0,0,0,,,,
RUE,2010,10,22,7,1.6,,,,,,,,950.1,,0.8,,150,0,0,0,0,0,0,,,,
RUE,2010,10,22,8,3.4,,,,,,,,950.2,,1.3,,233,0,0,0,0,0,0,,,,
RUE,2010,10,22,9,4.2,,,,,,,,950.1,,1.3,,253,1325,41.7,0,0,0,0,,,,
RUE,2010,10,22,10,6.3,,,,,,,,949.8,,2,,255,497.1,105,0,0,0,0,,,,
RUE,2010,10,22,11,7.3,,,,,,,,949.6,,2.1,,266,174.2,193.8,0,0,0,0,,,,
RUE,2010,10,22,12,7.5,,,,,,,,949.2,,0.9,,235,45,213,0,0,0,0,,,,
RUE,2010,10,22,13,7.8,,,,,,,,948.8,,1.2,,161,6.4,157.7,0,0,0,0,,,,
RUE,2010,10,22,14,7.8,,,,,,,,948.6,,1.9,,115,3.3,113.3,0,0,0,0,,,,
RUE,2010,10,22,15,6.9,,,,,,,,948.3,,1.8,,55,1,54.6,0,0,0,0,,,,
RUE,2010,10,22,16,7.4,,,,,,,,948.2,,1.6,,10,0.1,10,0,0,0,0,,,,
RUE,2010,10,22,17,7.9,,,,,,,,948.1,,2.3,,0,0,0,0,0,0,0,,,,
RUE,2010,10,22,18,7.3,,,,,,,,948.1,,0.9,,0,0,0,0,0,0,0,,,,
RUE,2010,10,22,19,6.7,,,,,,,,948.1,,0.8,,0,0,0,0,0,0,0,,,,
RUE,2010,10,22,20,7.4,,,,,,,,947.6,,0.4,,0,0,0,0,0,0,0,,,,
RUE,2010,10,22,21,6.1,,,,,,,,947.4,,1.1,,0,0,0,0,0,0,0,,,,
RUE,2010,10,22,22,6.7,,,,,,,,946.9,,0.9,,0,0,0,0,0,0,0,,,,
RUE,2010,10,22,23,7.8,,,,,,,,946.6,,1.3,,0,0,0,0,0,0,0,,,,
RUE,2010,10,23,0,8.1,,,,,,,,946.4,,1,,0,0,0,0,0,0,0,,,,
RUE,2010,10,23,1,8.1,,,,,,,,946.1,,1.6,,0,0,0,0,0,0,0,,,,
RUE,2010,10,23,2,8.2,,,,,,,,945.7,,2.5,,0,0,0,0,0,0,0,,,,
RUE,2010,10,23,3,8.6,,,,,,,,945,,2.6,,0,0,0,0,0,0,0,,,,
RUE,2010,10,23,4,8.9,,,,,,,,944.7,,2.7,,0,0,0,0,0,0,0,,,,
RUE,2010,10,23,5,8.3,,,,,,,,944.3,,1.5,,0,0,0,0,0,0,0,,,,
RUE,2010,10,23,6,8.1,,,,,,,,943.9,,0.8,,1,0,0,0,0,0,0,,,,
RUE,2010,10,23,7,9.2,,,,,,,,943.9,,2,,39,0,0,0,0,0,0,,,,
RUE,2010,10,23,8,10,,,,,,,,943.9,,2.7,,63,0,0,0,0,0,0,,,,
RUE,2010,10,23,9,10.6,,,,,,,,943.7,,3.4,,66,24.4,62.2,0,0,0,0,,,,
RUE,2010,10,23,10,11,,,,,,,,943.3,,3.9,,116,15.9,111.3,0,0,0,0,,,,
RUE,2010,10,23,11,11.6,,,,,,,,942.7,,4,,144,9.9,140,0,0,0,0,,,,
RUE,2010,10,23,12,12.5,,,,,,,,941.9,,4.1,,258,74.6,221.9,0,0,0,0,,,,
RUE,2010,10,23,13,13.4,,,,,,,,941.1,,7.8,,357,237.2,234.6,0,0,0,0,,,,
RUE,2010,10,23,14,13.3,,,,,,,,940.7,,8.5,,291,109.7,235.8,0,0,0,0,,,,
RUE,2010,10,23,15,12.8,,,,,,,,940.7,,6.6,,117,4.5,115,0,0,0,0,,,,
RUE,2010,10,23,16,12,,,,,,,,940.5,,5.7,,20,0.2,19.9,0,0,0,0,,,,
RUE,2010,10,23,17,11.6,,,,,,,,940,,3.7,,0,0,0,0,0,0,0,,,,
RUE,2010,10,23,18,11.9,,,,,,,,939.7,,5.4,,0,0,0,0,0,0,0,,,,
RUE,2010,10,23,19,12.3,,,,,,,,939.1,,6.2,,0,0,0,0,0,0,0,,,,
RUE,2010,10,23,20,10.7,,,,,,,,939.3,,4.7,,0,0,0,0,0,0,0,,,,
RUE,2010,10,23,21,8.6,,,,,,,,939.8,,2.3,,0,0,0,0,0,0,0,,,,
RUE,2010,10,23,22,7.3,,,,,,,,939.8,,2.8,,0,0,0,0,0,0,0,,,,
RUE,2010,10,23,23,6.6,,,,,,,,939.7,,1.7,,0,0,0,0,0,0,0,,,,
RUE,2010,10,24,0,6.4,,,,,,,,939.5,,0.3,,0,0,0,0,0,0,0,,,,
RUE,2010,10,24,1,6.4,,,,,,,,939.8,,3.9,,0,0,0,0,0,0,0,,,,
RUE,2010,10,24,2,5.6,,,,,,,,940,,3.7,,0,0,0,0,0,0,0,,,,
RUE,2010,10,24,3,5.1,,,,,,,,940.3,,2.5,,0,0,0,0,0,0,0,,,,
RUE,2010,10,24,4,4.8,,,,,,,,940.5,,2.9,,0,0,0,0,0,0,0,,,,
RUE,2010,10,24,5,4.8,,,,,,,,940.8,,2.7,,0,0,0,0,0,0,0,,,,
RUE,2010,10,24,6,4.7,,,,,,,,941.1,,3,,2,0,0,0,0,0,0,,,,
RUE,2010,10,24,7,4.8,,,,,,,,941.5,,3.4,,17,0,0,0,0,0,0,,,,
RUE,2010,10,24,8,5.2,,,,,,,,941.7,,3.6,,74,0,0,0,0,0,0,,,,
RUE,2010,10,24,9,5.2,,,,,,,,941.7,,3.9,,105,243.9,68.2,0,0,0,0,,,,
RUE,2010,10,24,10,5.2,,,,,,,,941.8,,2.8,,94,7.1,91.9,0,0,0,0,,,,
RUE,2010,10,24,11,5.9,,,,,,,,941.4,,2.1,,162,17.9,154.7,0,0,0,0,,,,
RUE,2010,10,24,12,6.7,,,,,,,,941,,1.5,,158,7.7,154.3,0,0,0,0,,,,
RUE,2010,10,24,13,7,,,,,,,,940.5,,1.8,,181,10.2,175.8,0,0,0,0,,,,
RUE,2010,10,24,14,6.5,,,,,,,,940.3,,1.9,,86,1.9,85,0,0,0,0,,,,
RUE,2010,10,24,15,6.4,,,,,,,,940,,0.8,,41,0.6,40.8,0,0,0,0,,,,
RUE,2010,10,24,16,5.6,,,,,,,,940,,1.3,,1,0,1,0,0,0,0,,,,
RUE,2010,10,24,17,5.1,,,,,,,,940.2,,0.6,,0,0,0,0,0,0,0,,,,
RUE,2010,10,24,18,5,,,,,,,,940.5,,0.5,,0,0,0,0,0,0,0,,,,
RUE,2010,10,24,19,4.9,,,,,,,,940.4,,0.4,,0,0,0,0,0,0,0,,,,
RUE,2010,10,24,20,4.8,,,,,,,,940.6,,1,,0,0,0,0,0,0,0,,,,
RUE,2010,10,24,21,4.6,,,,,,,,941.1,,1.5,,0,0,0,0,0,0,0,,,,
RUE,2010,10,24,22,4.5,,,,,,,,941.3,,2,,0,0,0,0,0,0,0,,,,
RUE,2010,10,24,23,4.3,,,,,,,,941.4,,1.3,,0,0,0,0,0,0,0,,,,
RUE,2010,10,25,0,4.3,,,,,,,,941.4,,0.8,,0,0,0,0,0,0,0,,,,
RUE,2010,10,25,1,4.3,,,,,,,,941.5,,1.6,,0,0,0,0,0,0,0,,,,
RUE,2010,10,25,2,4.4,,,,,,,,941.4,,2.4,,0,0,0,0,0,0,0,,,,
RUE,2010,10,25,3,4.3,,,,,,,,941.7,,2.5,,0,0,0,0,0,0,0,,,,
RUE,2010,10,25,4,4,,,,,,,,942.3,,1.7,,0,0,0,0,0,0,0,,,,
RUE,2010,10,25,5,3.7,,,,,,,,942.8,,1.4,,0,0,0,0,0,0,0,,,,
RUE,2010,10,25,6,3.2,,,,,,,,943.4,,1,,3,0,0,0,0,0,0,,,,
RUE,2010,10,25,7,3.2,,,,,,,,944.4,,1.1,,54,0,0,0,0,0,0,,,,
RUE,2010,10,25,8,3.4,,,,,,,,944.8,,1.5,,57,0,0,0,0,0,0,,,,
RUE,2010,10,25,9,3.4,,,,,,,,945.4,,1.1,,39,4.6,38.3,0,0,0,0,,,,
RUE,2010,10,25,10,4.1,,,,,,,,946,,4,,100,9.4,97.3,0,0,0,0,,,,
RUE,2010,10,25,11,4.6,,,,,,,,946.3,,4.9,,201,56.1,178.6,0,0,0,0,,,,
RUE,2010,10,25,12,5,,,,,,,,946.5,,4.6,,189,17.5,180.7,0,0,0,0,,,,
RUE,2010,10,25,13,4.8,,,,,,,,946.8,,6,,108,3,106.5,0,0,0,0,,,,
RUE,2010,10,25,14,4.7,,,,,,,,947.2,,5.2,,111,3.3,109.4,0,0,0,0,,,,
RUE,2010,10,25,15,4.2,,,,,,,,947.7,,5.5,,77,2,76.1,0,0,0,0,,,,
RUE,2010,10,25,16,3.9,,,,,,,,948.3,,5.3,,17,0.2,16.9,0,0,0,0,,,,
RUE,2010,10,25,17,3.6,,,,,,,,949.1,,4.1,,0,0,0,0,0,0,0,,,,
RUE,2010,10,25,18,3.5,,,,,,,,949.8,,4.2,,0,0,0,0,0,0,0,,,,
RUE,2010,10,25,19,3,,,,,,,,950.1,,3.4,,0,0,0,0,0,0,0,,,,
RUE,2010,10,25,20,2.8,,,,,,,,950.7,,2.9,,0,0,0,0,0,0,0,,,,
RUE,2010,10,25,21,3.1,,,,,,,,951.3,,3.6,,0,0,0,0,0,0,0,,,,
RUE,2010,10,25,22,2.5,,,,,,,,951.7,,2.4,,0,0,0,0,0,0,0,,,,
RUE,2010,10,25,23,2.1,,,,,,,,951.9,,1.9,,0,0,0,0,0,0,0,,,,
RUE,2010,10,26,0,1.6,,,,,,,,951.9,,2.8,,0,0,0,0,0,0,0,,,,
RUE,2010,10,26,1,1.2,,,,,,,,951.9,,1.9,,0,0,0,0,0,0,0,,,,
RUE,2010,10,26,2,1,,,,,,,,952.1,,1.8,,0,0,0,0,0,0,0,,,,
RUE,2010,10,26,3,1.3,,,,,,,,952.3,,2.5,,0,0,0,0,0,0,0,,,,
RUE,2010,10,26,4,1.2,,,,,,,,952.7,,3,,0,0,0,0,0,0,0,,,,
RUE,2010,10,26,5,0.8,,,,,,,,953.1,,3.1,,0,0,0,0,0,0,0,,,,
RUE,2010,10,26,6,0.4,,,,,,,,953.6,,3.4,,10,0,0,0,0,0,0,,,,
RUE,2010,10,26,7,1.2,,,,,,,,954.1,,3.1,,111,0,0,0,0,0,0,,,,
RUE,2010,10,26,8,2.5,,,,,,,,954.6,,2.8,,262,0,0,0,0,0,0,,,,
RUE,2010,10,26,9,4.2,,,,,,,,954.9,,3.9,,377,2217.1,62.2,0,0,0,0,,,,
RUE,2010,10,26,10,5.6,,,,,,,,955.1,,3.9,,471,1388.9,77.7,0,0,0,0,,,,
RUE,2010,10,26,11,6.4,,,,,,,,955,,4.5,,485,1025.5,80,0,0,0,0,,,,
RUE,2010,10,26,12,7,,,,,,,,954.9,,4.1,,434,650.3,128.9,0,0,0,0,,,,
RUE,2010,10,26,13,7.1,,,,,,,,954.6,,4.4,,299,125.9,236,0,0,0,0,,,,
RUE,2010,10,26,14,7.1,,,,,,,,954.7,,4,,269,87.7,226.3,0,0,0,0,,,,
RUE,2010,10,26,15,6.3,,,,,,,,954.8,,2.9,,52,1,51.6,0,0,0,0,,,,
RUE,2010,10,26,16,5.1,,,,,,,,954.9,,2.3,,17,0.2,16.9,0,0,0,0,,,,
RUE,2010,10,26,17,4.7,,,,,,,,955.3,,1.4,,0,0,0,0,0,0,0,,,,
RUE,2010,10,26,18,4,,,,,,,,955.3,,1.8,,0,0,0,0,0,0,0,,,,
RUE,2010,10,26,19,3.2,,,,,,,,955.4,,1.9,,0,0,0,0,0,0,0,,,,
RUE,2010,10,26,20,2.7,,,,,,,,955.3,,2.6,,0,0,0,0,0,0,0,,,,
RUE,2010,10,26,21,2.6,,,,,,,,955.1,,2.6,,0,0,0,0,0,0,0,,,,
RUE,2010,10,26,22,2.6,,,,,,,,954.9,,2.8,,0,0,0,0,0,0,0,,,,
RUE,2010,10,26,23,1.9,,,,,,,,954.7,,2.1,,0,0,0,0,0,0,0,,,,
RUE,2010,10,27,0,1.7,,,,,,,,954.5,,1.8,,0,0,0,0,0,0,0,,,,
RUE,2010,10,27,1,1.5,,,,,,,,954.4,,2.1,,0,0,0,0,0,0,0,,,,
RUE,2010,10,27,2,1.6,,,,,,,,954.4,,1.2,,0,0,0,0,0,0,0,,,,
RUE,2010,10,27,3,1.1,,,,,,,,954.4,,1.2,,0,0,0,0,0,0,0,,,,
RUE,2010,10,27,4,0.8,,,,,,,,954.3,,0.5,,0,0,0,0,0,0,0,,,,
RUE,2010,10,27,5,0.9,,,,,,,,954.1,,1.3,,0,0,0,0,0,0,0,,,,
RUE,2010,10,27,6,0.7,,,,,,,,954.1,,1.5,,9,0,0,0,0,0,0,,,,
RUE,2010,10,27,7,1.6,,,,,,,,954.2,,1.4,,88,0,0,0,0,0,0,,,,
RUE,2010,10,27,8,3.3,,,,,,,,954.3,,2.2,,221,0,0,0,0,0,0,,,,
RUE,2010,10,27,9,4.5,,,,,,,,954.3,,2.3,,302,1832.2,49.8,0,0,0,0,,,,
RUE,2010,10,27,10,6.2,,,,,,,,954,,2.1,,447,1339.9,73.8,0,0,0,0,,,,
RUE,2010,10,27,11,7.3,,,,,,,,953.6,,2.3,,421,899.8,70,0,0,0,0,,,,
RUE,2010,10,27,12,8,,,,,,,,953,,2.5,,370,404.5,182.2,0,0,0,0,,,,
RUE,2010,10,27,13,8.6,,,,,,,,952.6,,2,,312,158.7,233.4,0,0,0,0,,,,
RUE,2010,10,27,14,9.1,,,,,,,,952.5,,1.1,,251,66.2,219.1,0,0,0,0,,,,
RUE,2010,10,27,15,8.3,,,,,,,,952.4,,1.6,,56,1.1,55.5,0,0,0,0,,,,
RUE,2010,10,27,16,7.1,,,,,,,,952.3,,1.9,,10,0.1,10,0,0,0,0,,,,
RUE,2010,10,27,17,6.5,,,,,,,,952.4,,2.3,,0,0,0,0,0,0,0,,,,
RUE,2010,10,27,18,6.7,,,,,,,,952.4,,2.4,,0,0,0,0,0,0,0,,,,
RUE,2010,10,27,19,6.2,,,,,,,,952.2,,2,,0,0,0,0,0,0,0,,,,
RUE,2010,10,27,20,5.9,,,,,,,,952.2,,1.4,,0,0,0,0,0,0,0,,,,
RUE,2010,10,27,21,6,,,,,,,,952.4,,1.3,,0,0,0,0,0,0,0,,,,
RUE,2010,10,27,22,6.1,,,,,,,,952.3,,1.1,,0,0,0,0,0,0,0,,,,
RUE,2010,10,27,23,6.3,,,,,,,,951.9,,1.9,,0,0,0,0,0,0,0,,,,
RUE,2010,10,28,0,6,,,,,,,,951.6,,1.5,,0,0,0,0,0,0,0,,,,
RUE,2010,10,28,1,6.2,,,,,,,,951.3,,1.3,,0,0,0,0,0,0,0,,,,
RUE,2010,10,28,2,5,,,,,,,,951.2,,1.4,,0,0,0,0,0,0,0,,,,
RUE,2010,10,28,3,4.2,,,,,,,,951.3,,0.9,,0,0,0,0,0,0,0,,,,
RUE,2010,10,28,4,4.7,,,,,,,,951.4,,0.8,,0,0,0,0,0,0,0,,,,
RUE,2010,10,28,5,4.6,,,,,,,,951.1,,0.9,,0,0,0,0,0,0,0,,,,
RUE,2010,10,28,6,4.7,,,,,,,,951.5,,1.2,,10,0,0,0,0,0,0,,,,
RUE,2010,10,28,7,4.9,,,,,,,,951.9,,0.9,,84,0,0,0,0,0,0,,,,
RUE,2010,10,28,8,7.1,,,,,,,,952.1,,0.5,,222,0,0,0,0,0,0,,,,
RUE,2010,10,28,9,9.5,,,,,,,,952.3,,0.8,,359,2248.8,59.2,0,0,0,0,,,,
RUE,2010,10,28,10,10.5,,,,,,,,952.3,,0.8,,269,756,61.9,0,0,0,0,,,,
RUE,2010,10,28,11,11.1,,,,,,,,952.2,,1,,320,465.4,140.7,0,0,0,0,,,,
RUE,2010,10,28,12,11.2,,,,,,,,951.8,,1.8,,285,148.8,216.7,0,0,0,0,,,,
RUE,2010,10,28,13,11.3,,,,,,,,951.3,,1.2,,219,30.8,203.9,0,0,0,0,,,,
RUE,2010,10,28,14,11.5,,,,,,,,950.9,,1,,229,44.3,207.9,0,0,0,0,,,,
RUE,2010,10,28,15,11.2,,,,,,,,950.7,,0.9,,66,1.6,65.3,0,0,0,0,,,,
RUE,2010,10,28,16,9.9,,,,,,,,950.6,,1.5,,16,0.2,15.9,0,0,0,0,,,,
RUE,2010,10,28,17,9.2,,,,,,,,950.4,,2.1,,0,0,0,0,0,0,0,,,,
RUE,2010,10,28,18,8.9,,,,,,,,950.5,,1.2,,0,0,0,0,0,0,0,,,,
RUE,2010,10,28,19,8.2,,,,,,,,950.2,,1.3,,0,0,0,0,0,0,0,,,,
RUE,2010,10,28,20,7.8,,,,,,,,950.1,,1.5,,0,0,0,0,0,0,0,,,,
RUE,2010,10,28,21,7.4,,,,,,,,950,,1.6,,0,0,0,0,0,0,0,,,,
RUE,2010,10,28,22,7.2,,,,,,,,949.7,,1.7,,0,0,0,0,0,0,0,,,,
RUE,2010,10,28,23,7.4,,,,,,,,949.1,,2.5,,0,0,0,0,0,0,0,,,,
RUE,2010,10,29,0,7.6,,,,,,,,948.4,,1.5,,0,0,0,0,0,0,0,,,,
RUE,2010,10,29,1,7.7,,,,,,,,947.9,,1.8,,0,0,0,0,0,0,0,,,,
RUE,2010,10,29,2,7.3,,,,,,,,947.1,,2.6,,0,0,0,0,0,0,0,,,,
RUE,2010,10,29,3,7.3,,,,,,,,946.5,,2.3,,0,0,0,0,0,0,0,,,,
RUE,2010,10,29,4,8.2,,,,,,,,945.9,,1.7,,0,0,0,0,0,0,0,,,,
RUE,2010,10,29,5,8,,,,,,,,945.4,,2.5,,0,0,0,0,0,0,0,,,,
RUE,2010,10,29,6,7.6,,,,,,,,945.1,,1.8,,9,0,0,0,0,0,0,,,,
RUE,2010,10,29,7,8.8,,,,,,,,945,,2.5,,112,0,0,0,0,0,0,,,,
RUE,2010,10,29,8,10,,,,,,,,944.6,,3.1,,237,0,0,0,0,0,0,,,,
RUE,2010,10,29,9,11.1,,,,,,,,944.2,,3.3,,350,2266,57.8,0,0,0,0,,,,
RUE,2010,10,29,10,12.3,,,,,,,,943.8,,2.8,,436,1351.6,71.9,0,0,0,0,,,,
RUE,2010,10,29,11,13.5,,,,,,,,943.1,,2.8,,454,996.3,74.9,0,0,0,0,,,,
RUE,2010,10,29,12,14.3,,,,,,,,942.1,,3.5,,415,626.1,130.6,0,0,0,0,,,,
RUE,2010,10,29,13,14.6,,,,,,,,941,,4.8,,273,95.1,226.8,0,0,0,0,,,,
RUE,2010,10,29,14,14,,,,,,,,940.3,,3.4,,267,97.8,220.9,0,0,0,0,,,,
RUE,2010,10,29,15,12.9,,,,,,,,940,,1.8,,45,0.8,44.7,0,0,0,0,,,,
RUE,2010,10,29,16,11.2,,,,,,,,939.7,,2.1,,6,0,6,0,0,0,0,,,,
RUE,2010,10,29,17,11.4,,,,,,,,939.3,,3.1,,0,0,0,0,0,0,0,,,,
RUE,2010,10,29,18,11.8,,,,,,,,939,,2.5,,0,0,0,0,0,0,0,,,,
RUE,2010,10,29,19,11.8,,,,,,,,938.2,,3.9,,0,0,0,0,0,0,0,,,,
RUE,2010,10,29,20,11,,,,,,,,937.8,,3.1,,0,0,0,0,0,0,0,,,,
RUE,2010,10,29,21,10.9,,,,,,,,937.4,,1.9,,0,0,0,0,0,0,0,,,,
RUE,2010,10,29,22,9.2,,,,,,,,937.2,,1.6,,0,0,0,0,0,0,0,,,,
RUE,2010,10,29,23,9.1,,,,,,,,937,,1.1,,0,0,0,0,0,0,0,,,,
RUE,2010,10,30,0,8.3,,,,,,,,936.5,,2,,0,0,0,0,0,0,0,,,,
RUE,2010,10,30,1,8.4,,,,,,,,936.2,,2.1,,0,0,0,0,0,0,0,,,,
RUE,2010,10,30,2,8.8,,,,,,,,936,,1.8,,0,0,0,0,0,0,0,,,,
RUE,2010,10,30,3,8.9,,,,,,,,936.4,,1.5,,0,0,0,0,0,0,0,,,,
RUE,2010,10,30,4,10.1,,,,,,,,936.6,,1.1,,0,0,0,0,0,0,0,,,,
RUE,2010,10,30,5,10.1,,,,,,,,936.8,,0.6,,0,0,0,0,0,0,0,,,,
RUE,2010,10,30,6,9.9,,,,,,,,936.9,,0.9,,1,0,0,0,0,0,0,,,,
RUE,2010,10,30,7,9.5,,,,,,,,937.1,,0.9,,24,0,0,0,0,0,0,,,,
RUE,2010,10,30,8,10.5,,,,,,,,937.1,,2.4,,130,0,0,0,0,0,0,,,,
RUE,2010,10,30,9,13,,,,,,,,937,,1.7,,291,1949.2,48,0,0,0,0,,,,
RUE,2010,10,30,10,13.2,,,,,,,,937.5,,2.4,,313,987.1,51.6,0,0,0,0,,,,
RUE,2010,10,30,11,12.3,,,,,,,,938,,2.6,,287,345.1,157.4,0,0,0,0,,,,
RUE,2010,10,30,12,11.9,,,,,,,,937.9,,1.9,,324,276.9,199.6,0,0,0,0,,,,
RUE,2010,10,30,13,11.8,,,,,,,,937.8,,2,,227,40.7,207.4,0,0,0,0,,,,
RUE,2010,10,30,14,11.9,,,,,,,,937.3,,1,,127,4.8,124.8,0,0,0,0,,,,
RUE,2010,10,30,15,11.5,,,,,,,,937,,1.3,,41,0.7,40.7,0,0,0,0,,,,
RUE,2010,10,30,16,10.4,,,,,,,,936.5,,1.5,,6,0,6,0,0,0,0,,,,
RUE,2010,10,30,17,10.3,,,,,,,,935.9,,0.8,,0,0,0,0,0,0,0,,,,
RUE,2010,10,30,18,10.1,,,,,,,,935.9,,0.4,,0,0,0,0,0,0,0,,,,
RUE,2010,10,30,19,9.8,,,,,,,,935,,0.6,,0,0,0,0,0,0,0,,,,
RUE,2010,10,30,20,9,,,,,,,,933.9,,1.3,,0,0,0,0,0,0,0,,,,
RUE,2010,10,30,21,8.5,,,,,,,,933.2,,0.8,,0,0,0,0,0,0,0,,,,
RUE,2010,10,30,22,8.7,,,,,,,,932.3,,1,,0,0,0,0,0,0,0,,,,
RUE,2010,10,30,23,8.7,,,,,,,,931.7,,1.2,,0,0,0,0,0,0,0,,,,
RUE,2010,10,31,0,8.4,,,,,,,,931.3,,1.1,,0,0,0,0,0,0,0,,,,
RUE,2010,10,31,1,7.7,,,,,,,,930.9,,0.9,,0,0,0,0,0,0,0,,,,
RUE,2010,10,31,2,7.3,,,,,,,,931.1,,1.1,,0,0,0,0,0,0,0,,,,
RUE,2010,10,31,3,7.2,,,,,,,,931.1,,0.9,,0,0,0,0,0,0,0,,,,
RUE,2010,10,31,4,7.2,,,,,,,,931.4,,1.3,,0,0,0,0,0,0,0,,,,
RUE,2010,10,31,5,7.2,,,,,,,,931.5,,1.5,,0,0,0,0,0,0,0,,,,
RUE,2010,10,31,6,7,,,,,,,,932,,0.8,,5,0,0,0,0,0,0,,,,
RUE,2010,10,31,7,7.7,,,,,,,,932.3,,0.7,,73,0,0,0,0,0,0,,,,
RUE,2010,10,31,8,8.9,,,,,,,,932.3,,1.3,,105,543.9,39.5,0,0,0,0,,,,
RUE,2010,10,31,9,10.1,,,,,,,,932.2,,0.9,,172,194,121.5,0,0,0,0,,,,
RUE,2010,10,31,10,10.8,,,,,,,,931.9,,2.1,,244,190,173.5,0,0,0,0,,,,
RUE,2010,10,31,11,11.3,,,,,,,,931.1,,3.1,,266,126,210,0,0,0,0,,,,
RUE,2010,10,31,12,11.9,,,,,,,,930.4,,3.1,,201,23.2,190,0,0,0,0,,,,
RUE,2010,10,31,13,12.2,,,,,,,,929.8,,1.7,,157,8.5,153.1,0,0,0,0,,,,
RUE,2010,10,31,14,11.7,,,,,,,,929.6,,1.4,,55,1.2,54.5,0,0,0,0,,,,
RUE,2010,10,31,15,10.2,,,,,,,,929.3,,1.2,,18,0.2,17.9,0,0,0,0,,,,
RUE,2010,10,31,16,9.7,,,,,,,,929.4,,0.9,,2,0,2,0,0,0,0,,,,
RUE,2010,10,31,17,9.1,,,,,,,,929.7,,0.6,,0,0,0,0,0,0,0,,,,
RUE,2010,10,31,18,9,,,,,,,,929.7,,0.6,,0,0,0,0,0,0,0,,,,
RUE,2010,10,31,19,9,,,,,,,,929.7,,0.4,,0,0,0,0,0,0,0,,,,
RUE,2010,10,31,20,8.5,,,,,,,,930,,0.8,,0,0,0,0,0,0,0,,,,
RUE,2010,10,31,21,8.2,,,,,,,,930.5,,0.7,,0,0,0,0,0,0,0,,,,
RUE,2010,10,31,22,8.2,,,,,,,,931.1,,0.4,,0,0,0,0,0,0,0,,,,
RUE,2010,10,31,23,8,,,,,,,,931.3,,0.7,,0,0,0,0,0,0,0,,,,
RUE,2010,11,1,0,8,,,,,,,,931.5,,0.6,,0,0,0,0,0,0,0,,,,
RUE,2010,11,1,1,7.8,,,,,,,,931.8,,0.5,,0,0,0,0,0,0,0,,,,
RUE,2010,11,1,2,7.6,,,,,,,,932.4,,0.5,,0,0,0,0,0,0,0,,,,
RUE,2010,11,1,3,7.5,,,,,,,,933.1,,0.7,,0,0,0,0,0,0,0,,,,
RUE,2010,11,1,4,7.4,,,,,,,,934.1,,1.1,,0,0,0,0,0,0,0,,,,
RUE,2010,11,1,5,7.5,,,,,,,,934.6,,1.7,,0,0,0,0,0,0,0,,,,
RUE,2010,11,1,6,7.5,,,,,,,,935.2,,1.3,,3,0,0,0,0,0,0,,,,
RUE,2010,11,1,7,7.5,,,,,,,,936,,1.5,,51,0,0,0,0,0,0,,,,
RUE,2010,11,1,8,8.5,,,,,,,,936.8,,1.3,,129,927.9,21.3,0,0,0,0,,,,
RUE,2010,11,1,9,9.7,,,,,,,,937,,2.1,,260,813.9,51.9,0,0,0,0,,,,
RUE,2010,11,1,10,10.7,,,,,,,,937.3,,2.8,,400,912.2,65.9,0,0,0,0,,,,
RUE,2010,11,1,11,10.8,,,,,,,,937.3,,3.1,,240,82.3,203.8,0,0,0,0,,,,
RUE,2010,11,1,12,11.6,,,,,,,,937.4,,2.4,,322,223.8,216.7,0,0,0,0,,,,
RUE,2010,11,1,13,11.8,,,,,,,,937.8,,3.3,,258,96.3,214,0,0,0,0,,,,
RUE,2010,11,1,14,11.9,,,,,,,,938.2,,2.9,,211,69.9,183.1,0,0,0,0,,,,
RUE,2010,11,1,15,11.2,,,,,,,,938.6,,2.5,,45,1.4,44.6,0,0,0,0,,,,
RUE,2010,11,1,16,10.5,,,,,,,,938.9,,1.2,,6,0.1,6,0,0,0,0,,,,
RUE,2010,11,1,17,9.6,,,,,,,,940,,1.2,,0,0,0,0,0,0,0,,,,
RUE,2010,11,1,18,9.4,,,,,,,,940.6,,1.5,,0,0,0,0,0,0,0,,,,
RUE,2010,11,1,19,9.1,,,,,,,,940.6,,1.7,,0,0,0,0,0,0,0,,,,
RUE,2010,11,1,20,8.9,,,,,,,,941.1,,1.2,,0,0,0,0,0,0,0,,,,
RUE,2010,11,1,21,8.8,,,,,,,,941.6,,1,,0,0,0,0,0,0,0,,,,
RUE,2010,11,1,22,8.7,,,,,,,,941.7,,1,,0,0,0,0,0,0,0,,,,
RUE,2010,11,1,23,8.4,,,,,,,,942.2,,1.3,,0,0,0,0,0,0,0,,,,
RUE,2010,11,2,0,8.4,,,,,,,,942.4,,0.9,,0,0,0,0,0,0,0,,,,
RUE,2010,11,2,1,8.4,,,,,,,,942.6,,1.3,,0,0,0,0,0,0,0,,,,
RUE,2010,11,2,2,8.4,,,,,,,,942.8,,1.1,,0,0,0,0,0,0,0,,,,
RUE,2010,11,2,3,8.2,,,,,,,,942.9,,1,,0,0,0,0,0,0,0,,,,
RUE,2010,11,2,4,8.4,,,,,,,,943.3,,1.1,,0,0,0,0,0,0,0,,,,
RUE,2010,11,2,5,8.2,,,,,,,,943.8,,0.8,,0,0,0,0,0,0,0,,,,
RUE,2010,11,2,6,7.9,,,,,,,,944.5,,0.8,,1,0,0,0,0,0,0,,,,
RUE,2010,11,2,7,8,,,,,,,,945.2,,0.6,,27,0,0,0,0,0,0,,,,
RUE,2010,11,2,8,7.9,,,,,,,,945.7,,1.8,,25,3.2,24.6,0,0,0,0,,,,
RUE,2010,11,2,9,7.8,,,,,,,,946,,1.4,,46,2.2,45.5,0,0,0,0,,,,
RUE,2010,11,2,10,8,,,,,,,,946.2,,2.5,,100,5,98.2,0,0,0,0,,,,
RUE,2010,11,2,11,8.1,,,,,,,,946.3,,1.9,,104,3.7,102.4,0,0,0,0,,,,
RUE,2010,11,2,12,7.9,,,,,,,,946.5,,2.8,,41,0.5,40.8,0,0,0,0,,,,
RUE,2010,11,2,13,8.2,,,,,,,,946.2,,1.4,,139,6.2,136.2,0,0,0,0,,,,
RUE,2010,11,2,14,9.2,,,,,,,,946.3,,1.9,,157,17,150.3,0,0,0,0,,,,
RUE,2010,11,2,15,8.8,,,,,,,,946.9,,1.8,,24,0.4,23.9,0,0,0,0,,,,
RUE,2010,11,2,16,8.4,,,,,,,,947.4,,1.3,,2,0,2,0,0,0,0,,,,
RUE,2010,11,2,17,8,,,,,,,,948,,1.2,,0,0,0,0,0,0,0,,,,
RUE,2010,11,2,18,7.5,,,,,,,,948.3,,0.8,,0,0,0,0,0,0,0,,,,
RUE,2010,11,2,19,6.7,,,,,,,,948.2,,1,,0,0,0,0,0,0,0,,,,
RUE,2010,11,2,20,6,,,,,,,,948.2,,0.6,,0,0,0,0,0,0,0,,,,
RUE,2010,11,2,21,5.8,,,,,,,,948,,0.7,,0,0,0,0,0,0,0,,,,
RUE,2010,11,2,22,5.3,,,,,,,,948,,0.8,,0,0,0,0,0,0,0,,,,
RUE,2010,11,2,23,5.5,,,,,,,,948.1,,1,,0,0,0,0,0,0,0,,,,
RUE,2010,11,3,0,6.3,,,,,,,,947.9,,0.7,,0,0,0,0,0,0,0,,,,
RUE,2010,11,3,1,6.7,,,,,,,,947.9,,0.6,,0,0,0,0,0,0,0,,,,
RUE,2010,11,3,2,7.3,,,,,,,,947.9,,0.5,,0,0,0,0,0,0,0,,,,
RUE,2010,11,3,3,7.9,,,,,,,,947.8,,0.7,,0,0,0,0,0,0,0,,,,
RUE,2010,11,3,4,8.4,,,,,,,,947.7,,2.2,,0,0,0,0,0,0,0,,,,
RUE,2010,11,3,5,9.4,,,,,,,,947.7,,2.6,,0,0,0,0,0,0,0,,,,
RUE,2010,11,3,6,9.7,,,,,,,,948,,1.9,,5,0,0,0,0,0,0,,,,
RUE,2010,11,3,7,9.9,,,,,,,,948.6,,1.2,,66,0,0,0,0,0,0,,,,
RUE,2010,11,3,8,9.5,,,,,,,,949,,0.4,,67,149.5,50.9,0,0,0,0,,,,
RUE,2010,11,3,9,9.8,,,,,,,,949.3,,0.6,,102,20.6,96.9,0,0,0,0,,,,
RUE,2010,11,3,10,10.3,,,,,,,,949.5,,1.3,,152,23.9,143.5,0,0,0,0,,,,
RUE,2010,11,3,11,11,,,,,,,,949.7,,1,,158,11.7,153,0,0,0,0,,,,
RUE,2010,11,3,12,12,,,,,,,,949.5,,2.1,,215,37.9,197.5,0,0,0,0,,,,
RUE,2010,11,3,13,13.3,,,,,,,,949.5,,3,,263,115.6,211.3,0,0,0,0,,,,
RUE,2010,11,3,14,13.4,,,,,,,,949.9,,2.7,,134,8.8,130.6,0,0,0,0,,,,
RUE,2010,11,3,15,12.7,,,,,,,,950,,2.1,,54,2.2,53.4,0,0,0,0,,,,
RUE,2010,11,3,16,12.3,,,,,,,,950.8,,2.3,,5,0.1,5,0,0,0,0,,,,
RUE,2010,11,3,17,11.7,,,,,,,,951.4,,2,,0,0,0,0,0,0,0,,,,
RUE,2010,11,3,18,10.9,,,,,,,,952.2,,0.8,,0,0,0,0,0,0,0,,,,
RUE,2010,11,3,19,10.8,,,,,,,,952.8,,1.1,,0,0,0,0,0,0,0,,,,
RUE,2010,11,3,20,11.1,,,,,,,,953.4,,1.1,,0,0,0,0,0,0,0,,,,
RUE,2010,11,3,21,11.5,,,,,,,,953.5,,1,,0,0,0,0,0,0,0,,,,
RUE,2010,11,3,22,11.5,,,,,,,,953.5,,0.9,,0,0,0,0,0,0,0,,,,
RUE,2010,11,3,23,11.9,,,,,,,,954,,0.8,,0,0,0,0,0,0,0,,,,
RUE,2010,11,4,0,11.4,,,,,,,,954.7,,1.8,,0,0,0,0,0,0,0,,,,
RUE,2010,11,4,1,12.1,,,,,,,,954.9,,3,,0,0,0,0,0,0,0,,,,
RUE,2010,11,4,2,12,,,,,,,,954.9,,1.9,,0,0,0,0,0,0,0,,,,
RUE,2010,11,4,3,11.7,,,,,,,,954.9,,2.2,,0,0,0,0,0,0,0,,,,
RUE,2010,11,4,4,12,,,,,,,,955.4,,2.6,,0,0,0,0,0,0,0,,,,
RUE,2010,11,4,5,12.5,,,,,,,,955.7,,3.3,,0,0,0,0,0,0,0,,,,
RUE,2010,11,4,6,12.6,,,,,,,,956.2,,2.4,,5,0,0,0,0,0,0,,,,
RUE,2010,11,4,7,13.4,,,,,,,,956.7,,2.3,,101,0,0,0,0,0,0,,,,
RUE,2010,11,4,8,14.4,,,,,,,,957.2,,1.8,,214,1728.9,35.3,0,0,0,0,,,,
RUE,2010,11,4,9,15.5,,,,,,,,957.5,,2.1,,336,1158.7,55.4,0,0,0,0,,,,
RUE,2010,11,4,10,15.8,,,,,,,,957.6,,3.6,,385,912.9,63.5,0,0,0,0,,,,
RUE,2010,11,4,11,15.9,,,,,,,,957.5,,3.2,,371,542,140.6,0,0,0,0,,,,
RUE,2010,11,4,12,15.7,,,,,,,,957.3,,2.1,,223,47.9,201.2,0,0,0,0,,,,
RUE,2010,11,4,13,15.8,,,,,,,,957.2,,2.2,,251,97.8,207.7,0,0,0,0,,,,
RUE,2010,11,4,14,15.9,,,,,,,,957,,2,,228,118.3,182.4,0,0,0,0,,,,
RUE,2010,11,4,15,14.4,,,,,,,,957.1,,1.6,,55,2.3,54.3,0,0,0,0,,,,
RUE,2010,11,4,16,13.3,,,,,,,,957.1,,1.2,,7,0.1,7,0,0,0,0,,,,
RUE,2010,11,4,17,12.6,,,,,,,,957.5,,1.3,,0,0,0,0,0,0,0,,,,
RUE,2010,11,4,18,12.5,,,,,,,,957.8,,0.9,,0,0,0,0,0,0,0,,,,
RUE,2010,11,4,19,12.4,,,,,,,,957.8,,0.9,,0,0,0,0,0,0,0,,,,
RUE,2010,11,4,20,12.5,,,,,,,,958.1,,0.8,,0,0,0,0,0,0,0,,,,
RUE,2010,11,4,21,12.8,,,,,,,,958.2,,1.5,,0,0,0,0,0,0,0,,,,
RUE,2010,11,4,22,13.3,,,,,,,,958.1,,2.7,,0,0,0,0,0,0,0,,,,
RUE,2010,11,4,23,13.3,,,,,,,,957.9,,3.3,,0,0,0,0,0,0,0,,,,
RUE,2010,11,5,0,13,,,,,,,,957.9,,2.1,,0,0,0,0,0,0,0,,,,
RUE,2010,11,5,1,12.8,,,,,,,,957.7,,1.7,,0,0,0,0,0,0,0,,,,
RUE,2010,11,5,2,12.9,,,,,,,,957.4,,1.2,,0,0,0,0,0,0,0,,,,
RUE,2010,11,5,3,12.5,,,,,,,,957.1,,1.1,,0,0,0,0,0,0,0,,,,
RUE,2010,11,5,4,12.3,,,,,,,,957.1,,0.9,,0,0,0,0,0,0,0,,,,
RUE,2010,11,5,5,12.3,,,,,,,,957.2,,1.2,,0,0,0,0,0,0,0,,,,
RUE,2010,11,5,6,12.8,,,,,,,,957.1,,2.7,,2,0,0,0,0,0,0,,,,
RUE,2010,11,5,7,12.5,,,,,,,,957.3,,2.6,,31,0,0,0,0,0,0,,,,
RUE,2010,11,5,8,12.2,,,,,,,,957.5,,0.9,,134,1128.4,22.1,0,0,0,0,,,,
RUE,2010,11,5,9,12.6,,,,,,,,957.5,,0.9,,134,94.9,111.5,0,0,0,0,,,,
RUE,2010,11,5,10,13.5,,,,,,,,957.4,,1.7,,253,284.6,154.1,0,0,0,0,,,,
RUE,2010,11,5,11,13.7,,,,,,,,957,,2.6,,168,17.3,160.7,0,0,0,0,,,,
RUE,2010,11,5,12,14,,,,,,,,956.4,,2.6,,141,6.5,138.1,0,0,0,0,,,,
RUE,2010,11,5,13,14.2,,,,,,,,955.9,,2.1,,132,5.9,129.4,0,0,0,0,,,,
RUE,2010,11,5,14,14.5,,,,,,,,955.4,,2.2,,122,6.9,119.4,0,0,0,0,,,,
RUE,2010,11,5,15,14.1,,,,,,,,955.2,,1.6,,39,1.2,38.7,0,0,0,0,,,,
RUE,2010,11,5,16,13,,,,,,,,955,,2.1,,5,0.1,5,0,0,0,0,,,,
RUE,2010,11,5,17,12.4,,,,,,,,955.1,,1.5,,0,0,0,0,0,0,0,,,,
RUE,2010,11,5,18,12,,,,,,,,955.3,,1,,0,0,0,0,0,0,0,,,,
RUE,2010,11,5,19,11.8,,,,,,,,955.1,,0.9,,0,0,0,0,0,0,0,,,,
RUE,2010,11,5,20,11.8,,,,,,,,954.8,,0.8,,0,0,0,0,0,0,0,,,,
RUE,2010,11,5,21,11.9,,,,,,,,954.4,,1.1,,0,0,0,0,0,0,0,,,,
RUE,2010,11,5,22,11.8,,,,,,,,954,,2.2,,0,0,0,0,0,0,0,,,,
RUE,2010,11,5,23,10.8,,,,,,,,953.5,,1.9,,0,0,0,0,0,0,0,,,,
RUE,2010,11,6,0,10.2,,,,,,,,952.9,,1.2,,0,0,0,0,0,0,0,,,,
RUE,2010,11,6,1,10.1,,,,,,,,952.4,,1,,0,0,0,0,0,0,0,,,,
RUE,2010,11,6,2,9.5,,,,,,,,951.9,,1.5,,0,0,0,0,0,0,0,,,,
RUE,2010,11,6,3,9.8,,,,,,,,951.3,,1.7,,0,0,0,0,0,0,0,,,,
RUE,2010,11,6,4,9.9,,,,,,,,951,,1.2,,0,0,0,0,0,0,0,,,,
RUE,2010,11,6,5,9.2,,,,,,,,950.6,,0.7,,0,0,0,0,0,0,0,,,,
RUE,2010,11,6,6,9.2,,,,,,,,950.1,,1,,3,0,0,0,0,0,0,,,,
RUE,2010,11,6,7,9.5,,,,,,,,950,,1.2,,45,0,0,0,0,0,0,,,,
RUE,2010,11,6,8,11.5,,,,,,,,949.6,,1.3,,263,2311.9,43.4,0,0,0,0,,,,
RUE,2010,11,6,9,11.8,,,,,,,,949.1,,1.6,,224,711.2,58.1,0,0,0,0,,,,
RUE,2010,11,6,10,12.1,,,,,,,,948.7,,1.7,,144,22.1,136.4,0,0,0,0,,,,
RUE,2010,11,6,11,12.7,,,,,,,,947.9,,2.6,,120,5.4,117.8,0,0,0,0,,,,
RUE,2010,11,6,12,13.1,,,,,,,,947,,3.8,,195,27,183,0,0,0,0,,,,
RUE,2010,11,6,13,12.6,,,,,,,,946.2,,3.7,,124,5.3,121.7,0,0,0,0,,,,
RUE,2010,11,6,14,12.4,,,,,,,,945.5,,2.4,,98,4.4,96.3,0,0,0,0,,,,
RUE,2010,11,6,15,11.5,,,,,,,,944.8,,2.4,,49,2,48.4,0,0,0,0,,,,
RUE,2010,11,6,16,10.7,,,,,,,,944.4,,2.6,,3,0,3,0,0,0,0,,,,
RUE,2010,11,6,17,10.3,,,,,,,,944.1,,1.1,,0,0,0,0,0,0,0,,,,
RUE,2010,11,6,18,10.4,,,,,,,,943.4,,1.1,,0,0,0,0,0,0,0,,,,
RUE,2010,11,6,19,10.8,,,,,,,,942.5,,1.5,,0,0,0,0,0,0,0,,,,
RUE,2010,11,6,20,10.4,,,,,,,,941.5,,1.2,,0,0,0,0,0,0,0,,,,
RUE,2010,11,6,21,10.5,,,,,,,,940.8,,1,,0,0,0,0,0,0,0,,,,
RUE,2010,11,6,22,10.4,,,,,,,,940,,0.7,,0,0,0,0,0,0,0,,,,
RUE,2010,11,6,23,10.4,,,,,,,,939,,0.5,,0,0,0,0,0,0,0,,,,
RUE,2010,11,7,0,10,,,,,,,,937.8,,0.9,,0,0,0,0,0,0,0,,,,
RUE,2010,11,7,1,10,,,,,,,,936.5,,0.7,,0,0,0,0,0,0,0,,,,
RUE,2010,11,7,2,9.7,,,,,,,,935.3,,1.1,,0,0,0,0,0,0,0,,,,
RUE,2010,11,7,3,10.1,,,,,,,,934.3,,0.8,,0,0,0,0,0,0,0,,,,
RUE,2010,11,7,4,10.5,,,,,,,,933.4,,0.6,,0,0,0,0,0,0,0,,,,
RUE,2010,11,7,5,10.2,,,,,,,,932.4,,1,,0,0,0,0,0,0,0,,,,
RUE,2010,11,7,6,10.3,,,,,,,,931.6,,1.4,,0,0,0,0,0,0,0,,,,
RUE,2010,11,7,7,10.2,,,,,,,,931.4,,0.7,,13,0,0,0,0,0,0,,,,
RUE,2010,11,7,8,9.2,,,,,,,,931.4,,3,,34,12.6,32.9,0,0,0,0,,,,
RUE,2010,11,7,9,7.4,,,,,,,,931.5,,4,,34,1.4,33.7,0,0,0,0,,,,
RUE,2010,11,7,10,6.8,,,,,,,,931.3,,3.1,,73,3,72,0,0,0,0,,,,
RUE,2010,11,7,11,6.7,,,,,,,,930.8,,3.7,,77,2.3,76.1,0,0,0,0,,,,
RUE,2010,11,7,12,5.1,,,,,,,,930.5,,3.5,,40,0.5,39.8,0,0,0,0,,,,
RUE,2010,11,7,13,4.5,,,,,,,,930.4,,4.4,,34,0.4,33.8,0,0,0,0,,,,
RUE,2010,11,7,14,4.2,,,,,,,,930.9,,2.8,,21,0.2,20.9,0,0,0,0,,,,
RUE,2010,11,7,15,4.5,,,,,,,,930.8,,2.8,,4,0,4,0,0,0,0,,,,
RUE,2010,11,7,16,4.6,,,,,,,,930.8,,3.4,,0,0,0,0,0,0,0,,,,
RUE,2010,11,7,17,4.7,,,,,,,,931.1,,1.5,,0,0,0,0,0,0,0,,,,
RUE,2010,11,7,18,4.6,,,,,,,,931,,1,,0,0,0,0,0,0,0,,,,
RUE,2010,11,7,19,4.5,,,,,,,,930.4,,1,,0,0,0,0,0,0,0,,,,
RUE,2010,11,7,20,4,,,,,,,,929.6,,0.9,,0,0,0,0,0,0,0,,,,
RUE,2010,11,7,21,3.5,,,,,,,,929.3,,0.4,,0,0,0,0,0,0,0,,,,
RUE,2010,11,7,22,3.4,,,,,,,,928.7,,0.9,,0,0,0,0,0,0,0,,,,
RUE,2010,11,7,23,3.2,,,,,,,,927.9,,1.3,,0,0,0,0,0,0,0,,,,
RUE,2010,11,8,0,3.6,,,,,,,,927.1,,0.6,,0,0,0,0,0,0,0,,,,
RUE,2010,11,8,1,3.1,,,,,,,,926.3,,0.7,,0,0,0,0,0,0,0,,,,
RUE,2010,11,8,2,3,,,,,,,,925.3,,1,,0,0,0,0,0,0,0,,,,
RUE,2010,11,8,3,2.9,,,,,,,,924.4,,0.9,,0,0,0,0,0,0,0,,,,
RUE,2010,11,8,4,2.4,,,,,,,,923.3,,0.8,,0,0,0,0,0,0,0,,,,
RUE,2010,11,8,5,1.8,,,,,,,,922.5,,1.1,,0,0,0,0,0,0,0,,,,
RUE,2010,11,8,6,2.1,,,,,,,,921.5,,0.8,,0,0,0,0,0,0,0,,,,
RUE,2010,11,8,7,2.1,,,,,,,,920.7,,0.8,,26,0,0,0,0,0,0,,,,
RUE,2010,11,8,8,2.2,,,,,,,,919.9,,0.3,,25,5.4,24.5,0,0,0,0,,,,
RUE,2010,11,8,9,2.2,,,,,,,,918.9,,1.1,,99,28.2,92.7,0,0,0,0,,,,
RUE,2010,11,8,10,2.7,,,,,,,,917.6,,1.2,,156,37.8,143.4,0,0,0,0,,,,
RUE,2010,11,8,11,3.8,,,,,,,,915.9,,2.7,,196,44.2,178,0,0,0,0,,,,
RUE,2010,11,8,12,4.2,,,,,,,,914.3,,4.2,,214,47.6,193.2,0,0,0,0,,,,
RUE,2010,11,8,13,4.5,,,,,,,,912.9,,2.3,,164,14.7,157.8,0,0,0,0,,,,
RUE,2010,11,8,14,3.9,,,,,,,,911.7,,2.1,,74,2.6,73,0,0,0,0,,,,
RUE,2010,11,8,15,4,,,,,,,,910.8,,2.4,,60,3.1,59.1,0,0,0,0,,,,
RUE,2010,11,8,16,3.2,,,,,,,,910.2,,1.9,,4,0,4,0,0,0,0,,,,
RUE,2010,11,8,17,3,,,,,,,,910,,1,,0,0,0,0,0,0,0,,,,
RUE,2010,11,8,18,3.5,,,,,,,,910.3,,1.8,,0,0,0,0,0,0,0,,,,
RUE,2010,11,8,19,3.2,,,,,,,,910.3,,2.5,,0,0,0,0,0,0,0,,,,
RUE,2010,11,8,20,2.8,,,,,,,,910.3,,3,,0,0,0,0,0,0,0,,,,
RUE,2010,11,8,21,3,,,,,,,,910.3,,3.4,,0,0,0,0,0,0,0,,,,
RUE,2010,11,8,22,3.8,,,,,,,,909.9,,0.8,,0,0,0,0,0,0,0,,,,
RUE,2010,11,8,23,5.1,,,,,,,,909.5,,2,,0,0,0,0,0,0,0,,,,
RUE,2010,11,9,0,4.2,,,,,,,,909.4,,1.1,,0,0,0,0,0,0,0,,,,
RUE,2010,11,9,1,2.8,,,,,,,,909.3,,2.9,,0,0,0,0,0,0,0,,,,
RUE,2010,11,9,2,2.9,,,,,,,,909.2,,4.4,,0,0,0,0,0,0,0,,,,
RUE,2010,11,9,3,3.5,,,,,,,,909.3,,1.9,,0,0,0,0,0,0,0,,,,
RUE,2010,11,9,4,4.5,,,,,,,,909.5,,2.6,,0,0,0,0,0,0,0,,,,
RUE,2010,11,9,5,4.7,,,,,,,,909.9,,1.9,,0,0,0,0,0,0,0,,,,
RUE,2010,11,9,6,4.4,,,,,,,,910,,2,,0,0,0,0,0,0,0,,,,
RUE,2010,11,9,7,4,,,,,,,,910.6,,2.5,,22,0,0,0,0,0,0,,,,
RUE,2010,11,9,8,4.9,,,,,,,,910.9,,2.4,,175,1767.5,28.9,0,0,0,0,,,,
RUE,2010,11,9,9,6.2,,,,,,,,910.8,,3.5,,250,948.3,41.2,0,0,0,0,,,,
RUE,2010,11,9,10,6.7,,,,,,,,911.1,,3.1,,271,443.8,124.8,0,0,0,0,,,,
RUE,2010,11,9,11,7.5,,,,,,,,911.1,,3.1,,366,613,119.6,0,0,0,0,,,,
RUE,2010,11,9,12,7.8,,,,,,,,911.1,,2.2,,188,26.1,176.7,0,0,0,0,,,,
RUE,2010,11,9,13,8.1,,,,,,,,911.1,,2.8,,264,154.6,199.1,0,0,0,0,,,,
RUE,2010,11,9,14,8.1,,,,,,,,911.3,,2.6,,146,17.7,139.6,0,0,0,0,,,,
RUE,2010,11,9,15,7.6,,,,,,,,911.6,,1.7,,41,1.5,40.6,0,0,0,0,,,,
RUE,2010,11,9,16,6.8,,,,,,,,911.6,,2.2,,2,0,2,0,0,0,0,,,,
RUE,2010,11,9,17,6.7,,,,,,,,911.9,,1.7,,0,0,0,0,0,0,0,,,,
RUE,2010,11,9,18,6.6,,,,,,,,912.6,,2,,0,0,0,0,0,0,0,,,,
RUE,2010,11,9,19,6.4,,,,,,,,913,,2.4,,0,0,0,0,0,0,0,,,,
RUE,2010,11,9,20,6.7,,,,,,,,913.7,,2.9,,0,0,0,0,0,0,0,,,,
RUE,2010,11,9,21,7,,,,,,,,914.2,,2.8,,0,0,0,0,0,0,0,,,,
RUE,2010,11,9,22,7.5,,,,,,,,914.2,,2.2,,0,0,0,0,0,0,0,,,,
RUE,2010,11,9,23,7.9,,,,,,,,914.4,,3,,0,0,0,0,0,0,0,,,,
RUE,2010,11,10,0,6.1,,,,,,,,915,,1.7,,0,0,0,0,0,0,0,,,,
RUE,2010,11,10,1,6.1,,,,,,,,915.3,,2,,0,0,0,0,0,0,0,,,,
RUE,2010,11,10,2,6.4,,,,,,,,915.6,,1.6,,0,0,0,0,0,0,0,,,,
RUE,2010,11,10,3,6.8,,,,,,,,916.1,,1.4,,0,0,0,0,0,0,0,,,,
RUE,2010,11,10,4,6.9,,,,,,,,916.6,,0.6,,0,0,0,0,0,0,0,,,,
RUE,2010,11,10,5,6.6,,,,,,,,917,,1.8,,0,0,0,0,0,0,0,,,,
RUE,2010,11,10,6,6.5,,,,,,,,917.9,,1.7,,1,0,0,0,0,0,0,,,,
RUE,2010,11,10,7,6.2,,,,,,,,918.7,,2.6,,43,0,0,0,0,0,0,,,,
RUE,2010,11,10,8,7,,,,,,,,919.6,,3.1,,144,1529,23.8,0,0,0,0,,,,
RUE,2010,11,10,9,7.5,,,,,,,,920.2,,3,,105,46.1,95.1,0,0,0,0,,,,
RUE,2010,11,10,10,8.1,,,,,,,,920.9,,2.4,,152,37.8,139.7,0,0,0,0,,,,
RUE,2010,11,10,11,9.9,,,,,,,,921.4,,2.7,,327,443.1,150.8,0,0,0,0,,,,
RUE,2010,11,10,12,10,,,,,,,,921.9,,6,,213,51.4,191,0,0,0,0,,,,
RUE,2010,11,10,13,8.4,,,,,,,,923.2,,7.1,,98,3.6,96.5,0,0,0,0,,,,
RUE,2010,11,10,14,8.4,,,,,,,,924.1,,5.3,,143,16.9,136.9,0,0,0,0,,,,
RUE,2010,11,10,15,7.9,,,,,,,,925,,5.3,,28,0.7,27.8,0,0,0,0,,,,
RUE,2010,11,10,16,7.5,,,,,,,,926.1,,5.3,,0,0,0,0,0,0,0,,,,
RUE,2010,11,10,17,6.6,,,,,,,,927.7,,3,,0,0,0,0,0,0,0,,,,
RUE,2010,11,10,18,5.8,,,,,,,,929.5,,3.8,,0,0,0,0,0,0,0,,,,
RUE,2010,11,10,19,5,,,,,,,,931.1,,4.8,,0,0,0,0,0,0,0,,,,
RUE,2010,11,10,20,4.6,,,,,,,,933,,4.7,,0,0,0,0,0,0,0,,,,
RUE,2010,11,10,21,4.2,,,,,,,,934.7,,4.5,,0,0,0,0,0,0,0,,,,
RUE,2010,11,10,22,4,,,,,,,,935.8,,3.9,,0,0,0,0,0,0,0,,,,
RUE,2010,11,10,23,4,,,,,,,,937,,3.9,,0,0,0,0,0,0,0,,,,
RUE,2010,11,11,0,3.3,,,,,,,,938,,2.4,,0,0,0,0,0,0,0,,,,
RUE,2010,11,11,1,3.2,,,,,,,,938.8,,1.9,,0,0,0,0,0,0,0,,,,
RUE,2010,11,11,2,3.3,,,,,,,,939.6,,1.7,,0,0,0,0,0,0,0,,,,
RUE,2010,11,11,3,3.3,,,,,,,,940,,1.5,,0,0,0,0,0,0,0,,,,
RUE,2010,11,11,4,2.7,,,,,,,,940.6,,1.3,,0,0,0,0,0,0,0,,,,
RUE,2010,11,11,5,2.8,,,,,,,,941.2,,1.2,,0,0,0,0,0,0,0,,,,
RUE,2010,11,11,6,2.7,,,,,,,,941.3,,1.8,,1,0,0,0,0,0,0,,,,
RUE,2010,11,11,7,2.3,,,,,,,,941.5,,0.9,,60,0,0,0,0,0,0,,,,
RUE,2010,11,11,8,3.8,,,,,,,,941.8,,1,,191,2136.7,31.5,0,0,0,0,,,,
RUE,2010,11,11,9,5,,,,,,,,941.6,,1.1,,301,1187.9,49.7,0,0,0,0,,,,
RUE,2010,11,11,10,6.2,,,,,,,,941.4,,1.1,,380,989.6,62.7,0,0,0,0,,,,
RUE,2010,11,11,11,7.3,,,,,,,,940.7,,4.3,,409,846.4,76.3,0,0,0,0,,,,
RUE,2010,11,11,12,7.2,,,,,,,,939.8,,5.4,,269,159.9,201.2,0,0,0,0,,,,
RUE,2010,11,11,13,7.6,,,,,,,,939,,6.3,,215,65.8,188,0,0,0,0,,,,
RUE,2010,11,11,14,7.5,,,,,,,,938.5,,5.1,,147,20.4,139.7,0,0,0,0,,,,
RUE,2010,11,11,15,7,,,,,,,,938,,5.5,,23,0.5,22.9,0,0,0,0,,,,
RUE,2010,11,11,16,7.9,,,,,,,,937.2,,9.3,,0,0,0,0,0,0,0,,,,
RUE,2010,11,11,17,7.6,,,,,,,,936.3,,11.3,,0,0,0,0,0,0,0,,,,
RUE,2010,11,11,18,5.7,,,,,,,,935.2,,12.3,,0,0,0,0,0,0,0,,,,
RUE,2010,11,11,19,6.6,,,,,,,,933.8,,13.7,,0,0,0,0,0,0,0,,,,
RUE,2010,11,11,20,5.8,,,,,,,,933.7,,13.8,,0,0,0,0,0,0,0,,,,
RUE,2010,11,11,21,7.9,,,,,,,,933.1,,15.4,,0,0,0,0,0,0,0,,,,
RUE,2010,11,11,22,7.6,,,,,,,,932.5,,16.7,,0,0,0,0,0,0,0,,,,
RUE,2010,11,11,23,8.7,,,,,,,,932.3,,14.3,,0,0,0,0,0,0,0,,,,
RUE,2010,11,12,0,9.3,,,,,,,,932.2,,13.8,,0,0,0,0,0,0,0,,,,
RUE,2010,11,12,1,10.1,,,,,,,,932.6,,10.9,,0,0,0,0,0,0,0,,,,
RUE,2010,11,12,2,10.5,,,,,,,,932.6,,11.1,,0,0,0,0,0,0,0,,,,
RUE,2010,11,12,3,11,,,,,,,,932.9,,9.7,,0,0,0,0,0,0,0,,,,
RUE,2010,11,12,4,11.3,,,,,,,,933.2,,9.4,,0,0,0,0,0,0,0,,,,
RUE,2010,11,12,5,10.7,,,,,,,,933.6,,8.5,,0,0,0,0,0,0,0,,,,
RUE,2010,11,12,6,10.6,,,,,,,,934.3,,4.8,,0,0,0,0,0,0,0,,,,
RUE,2010,11,12,7,10.6,,,,,,,,935,,4.1,,1,0,0,0,0,0,0,,,,
RUE,2010,11,12,8,10.7,,,,,,,,936.4,,6,,7,0.6,7,0,0,0,0,,,,
RUE,2010,11,12,9,10,,,,,,,,937,,3.7,,16,0.4,15.9,0,0,0,0,,,,
RUE,2010,11,12,10,9.7,,,,,,,,938,,4,,17,0.2,16.9,0,0,0,0,,,,
RUE,2010,11,12,11,8.7,,,,,,,,938.5,,6.3,,14,0.1,14,0,0,0,0,,,,
RUE,2010,11,12,12,9.2,,,,,,,,938.3,,5.9,,18,0.1,18,0,0,0,0,,,,
RUE,2010,11,12,13,8.9,,,,,,,,938.2,,1.5,,23,0.2,22.9,0,0,0,0,,,,
RUE,2010,11,12,14,9.5,,,,,,,,937.5,,1,,35,0.6,34.8,0,0,0,0,,,,
RUE,2010,11,12,15,12.1,,,,,,,,937.1,,4.5,,16,0.3,15.9,0,0,0,0,,,,
RUE,2010,11,12,16,13.1,,,,,,,,936.8,,6.3,,0,0,0,0,0,0,0,,,,
RUE,2010,11,12,17,13.5,,,,,,,,936.6,,8.2,,0,0,0,0,0,0,0,,,,
RUE,2010,11,12,18,14,,,,,,,,937.3,,10.6,,0,0,0,0,0,0,0,,,,
RUE,2010,11,12,19,13.7,,,,,,,,938.5,,7.4,,0,0,0,0,0,0,0,,,,
RUE,2010,11,12,20,13.5,,,,,,,,938.9,,6.9,,0,0,0,0,0,0,0,,,,
RUE,2010,11,12,21,13.8,,,,,,,,938.8,,7.2,,0,0,0,0,0,0,0,,,,
RUE,2010,11,12,22,14,,,,,,,,938.6,,7.1,,0,0,0,0,0,0,0,,,,
RUE,2010,11,12,23,13.9,,,,,,,,938.3,,6.9,,0,0,0,0,0,0,0,,,,
RUE,2010,11,13,0,13.9,,,,,,,,938.3,,5.9,,0,0,0,0,0,0,0,,,,
RUE,2010,11,13,1,14.3,,,,,,,,938,,7.5,,0,0,0,0,0,0,0,,,,
RUE,2010,11,13,2,13.8,,,,,,,,937.9,,5.9,,0,0,0,0,0,0,0,,,,
RUE,2010,11,13,3,13.4,,,,,,,,938,,5,,0,0,0,0,0,0,0,,,,
RUE,2010,11,13,4,13.7,,,,,,,,937.9,,6.7,,0,0,0,0,0,0,0,,,,
RUE,2010,11,13,5,13.8,,,,,,,,937.8,,8.9,,0,0,0,0,0,0,0,,,,
RUE,2010,11,13,6,13.2,,,,,,,,938.1,,5.8,,1,0,0,0,0,0,0,,,,
RUE,2010,11,13,7,13.5,,,,,,,,938.1,,6.3,,64,0,0,0,0,0,0,,,,
RUE,2010,11,13,8,14.3,,,,,,,,938.2,,7.6,,217,2713.4,35.8,0,0,0,0,,,,
RUE,2010,11,13,9,14.9,,,,,,,,938.1,,5.7,,282,1158.9,46.5,0,0,0,0,,,,
RUE,2010,11,13,10,15.4,,,,,,,,938,,5.8,,349,934,57.6,0,0,0,0,,,,
RUE,2010,11,13,11,15.6,,,,,,,,937.5,,5,,345,585.2,120,0,0,0,0,,,,
RUE,2010,11,13,12,15.4,,,,,,,,936.8,,3.3,,238,100.8,196.1,0,0,0,0,,,,
RUE,2010,11,13,13,15.6,,,,,,,,936.3,,3.2,,234,107.7,190.6,0,0,0,0,,,,
RUE,2010,11,13,14,15.5,,,,,,,,935.7,,1.4,,160,35,147.9,0,0,0,0,,,,
RUE,2010,11,13,15,14.5,,,,,,,,935.4,,0.9,,40,1.6,39.6,0,0,0,0,,,,
RUE,2010,11,13,16,13.4,,,,,,,,935.2,,0.8,,2,0,2,0,0,0,0,,,,
RUE,2010,11,13,17,12.7,,,,,,,,934.9,,1.1,,0,0,0,0,0,0,0,,,,
RUE,2010,11,13,18,12.7,,,,,,,,934.9,,1.8,,0,0,0,0,0,0,0,,,,
RUE,2010,11,13,19,12.7,,,,,,,,934.9,,2.1,,0,0,0,0,0,0,0,,,,
RUE,2010,11,13,20,12.6,,,,,,,,934.8,,2,,0,0,0,0,0,0,0,,,,
RUE,2010,11,13,21,11.7,,,,,,,,934.8,,2.1,,0,0,0,0,0,0,0,,,,
RUE,2010,11,13,22,11.8,,,,,,,,934.6,,2.7,,0,0,0,0,0,0,0,,,,
RUE,2010,11,13,23,10.7,,,,,,,,934.6,,3.4,,0,0,0,0,0,0,0,,,,
RUE,2010,11,14,0,10.4,,,,,,,,934.4,,4.9,,0,0,0,0,0,0,0,,,,
RUE,2010,11,14,1,11.4,,,,,,,,934.1,,4.2,,0,0,0,0,0,0,0,,,,
RUE,2010,11,14,2,11.5,,,,,,,,933.7,,4.7,,0,0,0,0,0,0,0,,,,
RUE,2010,11,14,3,11.1,,,,,,,,933.2,,3.5,,0,0,0,0,0,0,0,,,,
RUE,2010,11,14,4,11.1,,,,,,,,932.8,,1.6,,0,0,0,0,0,0,0,,,,
RUE,2010,11,14,5,11.3,,,,,,,,932.7,,0.9,,0,0,0,0,0,0,0,,,,
RUE,2010,11,14,6,10.7,,,,,,,,932.7,,1,,1,0,0,0,0,0,0,,,,
RUE,2010,11,14,7,11.1,,,,,,,,933.2,,0.8,,51,0,0,0,0,0,0,,,,
RUE,2010,11,14,8,12.3,,,,,,,,933.9,,1.1,,178,2362.4,29.4,0,0,0,0,,,,
RUE,2010,11,14,9,14.5,,,,,,,,933.9,,2.4,,303,1271.1,50,0,0,0,0,,,,
RUE,2010,11,14,10,14.6,,,,,,,,933.6,,3,,377,1022.8,62.2,0,0,0,0,,,,
RUE,2010,11,14,11,15.8,,,,,,,,933.4,,3.8,,409,893.1,69.4,0,0,0,0,,,,
RUE,2010,11,14,12,16,,,,,,,,933.3,,4.6,,307,310,179.5,0,0,0,0,,,,
RUE,2010,11,14,13,16.8,,,,,,,,933.3,,4.9,,283,254.7,181.5,0,0,0,0,,,,
RUE,2010,11,14,14,16.1,,,,,,,,933.6,,4.2,,191,87.9,160.8,0,0,0,0,,,,
RUE,2010,11,14,15,14.7,,,,,,,,934.3,,2.6,,49,2.5,48.4,0,0,0,0,,,,
RUE,2010,11,14,16,14.2,,,,,,,,934.9,,1.4,,1,0,1,0,0,0,0,,,,
RUE,2010,11,14,17,14.4,,,,,,,,935.7,,1.3,,0,0,0,0,0,0,0,,,,
RUE,2010,11,14,18,14.4,,,,,,,,936.2,,1.2,,0,0,0,0,0,0,0,,,,
RUE,2010,11,14,19,14.9,,,,,,,,936.7,,3.3,,0,0,0,0,0,0,0,,,,
RUE,2010,11,14,20,14.9,,,,,,,,937.1,,2.6,,0,0,0,0,0,0,0,,,,
RUE,2010,11,14,21,14.2,,,,,,,,937.8,,1.7,,0,0,0,0,0,0,0,,,,
RUE,2010,11,14,22,12.4,,,,,,,,938.2,,1.6,,0,0,0,0,0,0,0,,,,
RUE,2010,11,14,23,11.2,,,,,,,,938.4,,1.6,,0,0,0,0,0,0,0,,,,
RUE,2010,11,15,0,10.9,,,,,,,,938.3,,1.3,,0,0,0,0,0,0,0,,,,
RUE,2010,11,15,1,10.5,,,,,,,,938.3,,1.6,,0,0,0,0,0,0,0,,,,
RUE,2010,11,15,2,10.1,,,,,,,,938.4,,0.8,,0,0,0,0,0,0,0,,,,
RUE,2010,11,15,3,10.1,,,,,,,,938.2,,0.4,,0,0,0,0,0,0,0,,,,
RUE,2010,11,15,4,10,,,,,,,,938.1,,0.6,,0,0,0,0,0,0,0,,,,
RUE,2010,11,15,5,9.4,,,,,,,,938.2,,1.3,,0,0,0,0,0,0,0,,,,
RUE,2010,11,15,6,8.7,,,,,,,,938.4,,1.6,,0,0,0,0,0,0,0,,,,
RUE,2010,11,15,7,8.6,,,,,,,,938.2,,0.5,,9,0,0,0,0,0,0,,,,
RUE,2010,11,15,8,8.2,,,,,,,,938.3,,1.8,,21,7.8,20.5,0,0,0,0,,,,
RUE,2010,11,15,9,7.3,,,,,,,,938.6,,2.1,,24,1,23.8,0,0,0,0,,,,
RUE,2010,11,15,10,6.6,,,,,,,,939.1,,2.6,,19,0.3,18.9,0,0,0,0,,,,
RUE,2010,11,15,11,6,,,,,,,,939.7,,2.6,,16,0.1,16,0,0,0,0,,,,
RUE,2010,11,15,12,5.7,,,,,,,,939.3,,3.4,,21,0.2,20.9,0,0,0,0,,,,
RUE,2010,11,15,13,5.6,,,,,,,,939.4,,3.7,,17,0.1,17,0,0,0,0,,,,
RUE,2010,11,15,14,5.5,,,,,,,,939.9,,3.8,,7,0,7,0,0,0,0,,,,
RUE,2010,11,15,15,5.6,,,,,,,,940.5,,3.5,,3,0,3,0,0,0,0,,,,
RUE,2010,11,15,16,5.6,,,,,,,,941,,3.8,,0,0,0,0,0,0,0,,,,
RUE,2010,11,15,17,5.4,,,,,,,,941.6,,3.5,,0,0,0,0,0,0,0,,,,
RUE,2010,11,15,18,5.1,,,,,,,,942.1,,2.7,,0,0,0,0,0,0,0,,,,
RUE,2010,11,15,19,4.9,,,,,,,,942.5,,2.9,,0,0,0,0,0,0,0,,,,
RUE,2010,11,15,20,4.8,,,,,,,,943.1,,3.6,,0,0,0,0,0,0,0,,,,
RUE,2010,11,15,21,4.6,,,,,,,,943.3,,2.4,,0,0,0,0,0,0,0,,,,
RUE,2010,11,15,22,4.3,,,,,,,,943.5,,2,,0,0,0,0,0,0,0,,,,
RUE,2010,11,15,23,4.2,,,,,,,,943.4,,1.6,,0,0,0,0,0,0,0,,,,
RUE,2010,11,16,0,4.1,,,,,,,,943.5,,1.9,,0,0,0,0,0,0,0,,,,
RUE,2010,11,16,1,3.9,,,,,,,,943.8,,1.3,,0,0,0,0,0,0,0,,,,
RUE,2010,11,16,2,3.9,,,,,,,,943.7,,1.3,,0,0,0,0,0,0,0,,,,
RUE,2010,11,16,3,4,,,,,,,,943.3,,1.9,,0,0,0,0,0,0,0,,,,
RUE,2010,11,16,4,3.9,,,,,,,,943.9,,1.9,,0,0,0,0,0,0,0,,,,
RUE,2010,11,16,5,3.6,,,,,,,,944.4,,2.2,,0,0,0,0,0,0,0,,,,
RUE,2010,11,16,6,3.4,,,,,,,,944.8,,2.2,,0,0,0,0,0,0,0,,,,
RUE,2010,11,16,7,3.2,,,,,,,,945.3,,2,,4,0,0,0,0,0,0,,,,
RUE,2010,11,16,8,3.3,,,,,,,,945.8,,1.6,,17,5.2,16.7,0,0,0,0,,,,
RUE,2010,11,16,9,3.5,,,,,,,,946,,1.5,,45,3.6,44.3,0,0,0,0,,,,
RUE,2010,11,16,10,3.6,,,,,,,,945.9,,1.6,,59,2.5,58.3,0,0,0,0,,,,
RUE,2010,11,16,11,3.7,,,,,,,,945.6,,1.9,,40,0.7,39.7,0,0,0,0,,,,
RUE,2010,11,16,12,3.8,,,,,,,,945.6,,1.9,,35,0.5,34.8,0,0,0,0,,,,
RUE,2010,11,16,13,3.7,,,,,,,,945.6,,2.2,,25,0.3,24.9,0,0,0,0,,,,
RUE,2010,11,16,14,3.5,,,,,,,,945.6,,2.2,,11,0.1,11,0,0,0,0,,,,
RUE,2010,11,16,15,3.4,,,,,,,,945.8,,2.4,,1,0,1,0,0,0,0,,,,
RUE,2010,11,16,16,3.4,,,,,,,,945.6,,2.2,,0,0,0,0,0,0,0,,,,
RUE,2010,11,16,17,3.3,,,,,,,,945.4,,1.6,,0,0,0,0,0,0,0,,,,
RUE,2010,11,16,18,3.3,,,,,,,,945.4,,1.4,,0,0,0,0,0,0,0,,,,
RUE,2010,11,16,19,3.2,,,,,,,,945.1,,2.1,,0,0,0,0,0,0,0,,,,
RUE,2010,11,16,20,3,,,,,,,,944.9,,1.9,,0,0,0,0,0,0,0,,,,
RUE,2010,11,16,21,3,,,,,,,,944.2,,1.7,,0,0,0,0,0,0,0,,,,
RUE,2010,11,16,22,2.9,,,,,,,,943.9,,1.8,,0,0,0,0,0,0,0,,,,
RUE,2010,11,16,23,2.9,,,,,,,,943.3,,1.4,,0,0,0,0,0,0,0,,,,
RUE,2010,11,17,0,2.9,,,,,,,,942.6,,2,,0,0,0,0,0,0,0,,,,
RUE,2010,11,17,1,2.8,,,,,,,,942,,1.8,,0,0,0,0,0,0,0,,,,
RUE,2010,11,17,2,2.7,,,,,,,,941.2,,2.5,,0,0,0,0,0,0,0,,,,
RUE,2010,11,17,3,2.6,,,,,,,,940.6,,2.4,,0,0,0,0,0,0,0,,,,
RUE,2010,11,17,4,2.4,,,,,,,,940.2,,1.5,,0,0,0,0,0,0,0,,,,
RUE,2010,11,17,5,2.4,,,,,,,,939.8,,0.9,,0,0,0,0,0,0,0,,,,
RUE,2010,11,17,6,2.3,,,,,,,,939.2,,1.2,,0,0,0,0,0,0,0,,,,
RUE,2010,11,17,7,2.3,,,,,,,,939.1,,1.4,,7,0,0,0,0,0,0,,,,
RUE,2010,11,17,8,2.4,,,,,,,,938.8,,1.4,,37,0,0,0,0,0,0,,,,
RUE,2010,11,17,9,2.6,,,,,,,,938.5,,2.3,,101,76,86.8,0,0,0,0,,,,
RUE,2010,11,17,10,3,,,,,,,,938,,3.1,,124,21.6,117.6,0,0,0,0,,,,
RUE,2010,11,17,11,3.1,,,,,,,,937.4,,3.3,,105,5.2,103.1,0,0,0,0,,,,
RUE,2010,11,17,12,3.3,,,,,,,,936.6,,2.8,,96,3.7,94.5,0,0,0,0,,,,
RUE,2010,11,17,13,3.5,,,,,,,,936.2,,2.1,,94,3.8,92.5,0,0,0,0,,,,
RUE,2010,11,17,14,3.4,,,,,,,,935.8,,2.2,,84,4.1,82.6,0,0,0,0,,,,
RUE,2010,11,17,15,3,,,,,,,,935.6,,1.7,,38,1.6,37.6,0,0,0,0,,,,
RUE,2010,11,17,16,2.4,,,,,,,,935.5,,2.2,,0,0,0,0,0,0,0,,,,
RUE,2010,11,17,17,2.4,,,,,,,,935.5,,2.8,,0,0,0,0,0,0,0,,,,
RUE,2010,11,17,18,2.5,,,,,,,,935.6,,2.4,,0,0,0,0,0,0,0,,,,
RUE,2010,11,17,19,3,,,,,,,,935.5,,1.7,,0,0,0,0,0,0,0,,,,
RUE,2010,11,17,20,2.9,,,,,,,,935.6,,1.5,,0,0,0,0,0,0,0,,,,
RUE,2010,11,17,21,2.7,,,,,,,,935.8,,2,,0,0,0,0,0,0,0,,,,
RUE,2010,11,17,22,2.6,,,,,,,,935.9,,1.9,,0,0,0,0,0,0,0,,,,
RUE,2010,11,17,23,2.4,,,,,,,,936,,2.1,,0,0,0,0,0,0,0,,,,
RUE,2010,11,18,0,0.9,,,,,,,,936,,1.6,,0,0,0,0,0,0,0,,,,
RUE,2010,11,18,1,0.5,,,,,,,,936,,2.2,,0,0,0,0,0,0,0,,,,
RUE,2010,11,18,2,0.2,,,,,,,,936,,2.1,,0,0,0,0,0,0,0,,,,
RUE,2010,11,18,3,0.4,,,,,,,,936,,1.5,,0,0,0,0,0,0,0,,,,
RUE,2010,11,18,4,1.2,,,,,,,,935.9,,1.5,,0,0,0,0,0,0,0,,,,
RUE,2010,11,18,5,1.6,,,,,,,,936,,1.2,,0,0,0,0,0,0,0,,,,
RUE,2010,11,18,6,1.6,,,,,,,,936.4,,0.6,,0,0,0,0,0,0,0,,,,
RUE,2010,11,18,7,1.8,,,,,,,,937.2,,0.8,,8,0,0,0,0,0,0,,,,
RUE,2010,11,18,8,2.1,,,,,,,,937.7,,0.8,,19,0,0,0,0,0,0,,,,
RUE,2010,11,18,9,2.8,,,,,,,,938,,0.6,,70,13.7,67.5,0,0,0,0,,,,
RUE,2010,11,18,10,3.9,,,,,,,,938.1,,0.5,,191,181.9,138,0,0,0,0,,,,
RUE,2010,11,18,11,4.4,,,,,,,,938.2,,1,,106,5.5,104,0,0,0,0,,,,
RUE,2010,11,18,12,4.2,,,,,,,,938.4,,1.4,,53,1.2,52.5,0,0,0,0,,,,
RUE,2010,11,18,13,4.4,,,,,,,,938.7,,0.5,,40,0.7,39.7,0,0,0,0,,,,
RUE,2010,11,18,14,4.5,,,,,,,,939.1,,0.6,,29,0.5,28.8,0,0,0,0,,,,
RUE,2010,11,18,15,4.2,,,,,,,,939.6,,0.7,,7,0.1,7,0,0,0,0,,,,
RUE,2010,11,18,16,4.1,,,,,,,,940.1,,0.3,,0,0,0,0,0,0,0,,,,
RUE,2010,11,18,17,4.1,,,,,,,,940.6,,0.6,,0,0,0,0,0,0,0,,,,
RUE,2010,11,18,18,4.1,,,,,,,,941.1,,0.6,,0,0,0,0,0,0,0,,,,
RUE,2010,11,18,19,3.2,,,,,,,,941.6,,0.8,,0,0,0,0,0,0,0,,,,
RUE,2010,11,18,20,3.5,,,,,,,,941.8,,1.4,,0,0,0,0,0,0,0,,,,
RUE,2010,11,18,21,3.6,,,,,,,,942,,1.2,,0,0,0,0,0,0,0,,,,
RUE,2010,11,18,22,4,,,,,,,,942.3,,0.4,,0,0,0,0,0,0,0,,,,
RUE,2010,11,18,23,4.4,,,,,,,,942.3,,0.4,,0,0,0,0,0,0,0,,,,
RUE,2010,11,19,0,4,,,,,,,,942.3,,0.4,,0,0,0,0,0,0,0,,,,
RUE,2010,11,19,1,4.2,,,,,,,,942.6,,0.5,,0,0,0,0,0,0,0,,,,
RUE,2010,11,19,2,3.9,,,,,,,,942.9,,0.4,,0,0,0,0,0,0,0,,,,
RUE,2010,11,19,3,4.2,,,,,,,,942.8,,1.7,,0,0,0,0,0,0,0,,,,
RUE,2010,11,19,4,4.2,,,,,,,,942.9,,1.1,,0,0,0,0,0,0,0,,,,
RUE,2010,11,19,5,4.4,,,,,,,,943.1,,0.7,,0,0,0,0,0,0,0,,,,
RUE,2010,11,19,6,4.1,,,,,,,,943.5,,0.9,,0,0,0,0,0,0,0,,,,
RUE,2010,11,19,7,4,,,,,,,,944,,1.1,,22,0,0,0,0,0,0,,,,
RUE,2010,11,19,8,4.4,,,,,,,,944.5,,0.6,,31,0,0,0,0,0,0,,,,
RUE,2010,11,19,9,4.4,,,,,,,,945,,1,,74,19.9,70.4,0,0,0,0,,,,
RUE,2010,11,19,10,5,,,,,,,,945.1,,0.7,,106,11.6,102.7,0,0,0,0,,,,
RUE,2010,11,19,11,6.1,,,,,,,,944.9,,0.9,,203,92.7,169.6,0,0,0,0,,,,
RUE,2010,11,19,12,6.8,,,,,,,,944.6,,1.9,,201,59.2,177.8,0,0,0,0,,,,
RUE,2010,11,19,13,6.9,,,,,,,,944.1,,2.7,,153,17.6,146.3,0,0,0,0,,,,
RUE,2010,11,19,14,6.5,,,,,,,,944.1,,2.1,,83,4.2,81.6,0,0,0,0,,,,
RUE,2010,11,19,15,6.2,,,,,,,,944.2,,2.1,,39,1.8,38.6,0,0,0,0,,,,
RUE,2010,11,19,16,5.4,,,,,,,,944.7,,1.2,,0,0,0,0,0,0,0,,,,
RUE,2010,11,19,17,4.7,,,,,,,,945,,0.5,,0,0,0,0,0,0,0,,,,
RUE,2010,11,19,18,4.5,,,,,,,,945.4,,0.9,,0,0,0,0,0,0,0,,,,
RUE,2010,11,19,19,4.4,,,,,,,,945.4,,1.6,,0,0,0,0,0,0,0,,,,
RUE,2010,11,19,20,4.2,,,,,,,,945.4,,1.7,,0,0,0,0,0,0,0,,,,
RUE,2010,11,19,21,4.2,,,,,,,,945.3,,1.6,,0,0,0,0,0,0,0,,,,
RUE,2010,11,19,22,4.2,,,,,,,,945.1,,2,,0,0,0,0,0,0,0,,,,
RUE,2010,11,19,23,3.8,,,,,,,,945,,1.7,,0,0,0,0,0,0,0,,,,
RUE,2010,11,20,0,3.1,,,,,,,,944.7,,2,,0,0,0,0,0,0,0,,,,
RUE,2010,11,20,1,2.8,,,,,,,,944.3,,2,,0,0,0,0,0,0,0,,,,
RUE,2010,11,20,2,2.1,,,,,,,,943.9,,2.3,,0,0,0,0,0,0,0,,,,
RUE,2010,11,20,3,1.6,,,,,,,,943.5,,2.2,,0,0,0,0,0,0,0,,,,
RUE,2010,11,20,4,1.2,,,,,,,,943.1,,2.3,,0,0,0,0,0,0,0,,,,
RUE,2010,11,20,5,1,,,,,,,,942.8,,1.9,,0,0,0,0,0,0,0,,,,
RUE,2010,11,20,6,0.7,,,,,,,,942.7,,2.3,,0,0,0,0,0,0,0,,,,
RUE,2010,11,20,7,1.1,,,,,,,,942.8,,2.3,,19,0,0,0,0,0,0,,,,
RUE,2010,11,20,8,1.6,,,,,,,,942.8,,2.3,,90,0,0,0,0,0,0,,,,
RUE,2010,11,20,9,2.4,,,,,,,,942.4,,3,,187,880.8,32.6,0,0,0,0,,,,
RUE,2010,11,20,10,3.5,,,,,,,,941.9,,3.7,,254,577.9,90.1,0,0,0,0,,,,
RUE,2010,11,20,11,4,,,,,,,,941.2,,2.9,,278,363.5,148.5,0,0,0,0,,,,
RUE,2010,11,20,12,4.5,,,,,,,,940.8,,2.5,,302,360.8,162.1,0,0,0,0,,,,
RUE,2010,11,20,13,4.4,,,,,,,,940.2,,2.4,,137,11,132.9,0,0,0,0,,,,
RUE,2010,11,20,14,4.4,,,,,,,,939.7,,2.3,,58,2.1,57.3,0,0,0,0,,,,
RUE,2010,11,20,15,4.8,,,,,,,,939.5,,1.5,,17,0.4,16.9,0,0,0,0,,,,
RUE,2010,11,20,16,4,,,,,,,,939,,2.6,,0,0,0,0,0,0,0,,,,
RUE,2010,11,20,17,3.7,,,,,,,,938.6,,2.7,,0,0,0,0,0,0,0,,,,
RUE,2010,11,20,18,3.8,,,,,,,,938.1,,4.2,,0,0,0,0,0,0,0,,,,
RUE,2010,11,20,19,3.6,,,,,,,,937.5,,4.6,,0,0,0,0,0,0,0,,,,
RUE,2010,11,20,20,3.6,,,,,,,,937.1,,4.4,,0,0,0,0,0,0,0,,,,
RUE,2010,11,20,21,3.1,,,,,,,,936.9,,4.1,,0,0,0,0,0,0,0,,,,
RUE,2010,11,20,22,2.5,,,,,,,,936.4,,3.6,,0,0,0,0,0,0,0,,,,
RUE,2010,11,20,23,2,,,,,,,,936.1,,2.8,,0,0,0,0,0,0,0,,,,
RUE,2010,11,21,0,1.4,,,,,,,,935.5,,3,,0,0,0,0,0,0,0,,,,
RUE,2010,11,21,1,1.2,,,,,,,,935.1,,3.4,,0,0,0,0,0,0,0,,,,
RUE,2010,11,21,2,1.1,,,,,,,,934.6,,2.7,,0,0,0,0,0,0,0,,,,
RUE,2010,11,21,3,1.1,,,,,,,,933.9,,2.8,,0,0,0,0,0,0,0,,,,
RUE,2010,11,21,4,1.2,,,,,,,,933.6,,3.1,,0,0,0,0,0,0,0,,,,
RUE,2010,11,21,5,1,,,,,,,,933.3,,3.9,,0,0,0,0,0,0,0,,,,
RUE,2010,11,21,6,0.8,,,,,,,,933.2,,3.2,,0,0,0,0,0,0,0,,,,
RUE,2010,11,21,7,0.7,,,,,,,,933.3,,3.2,,3,0,0,0,0,0,0,,,,
RUE,2010,11,21,8,0.8,,,,,,,,933.7,,2.6,,14,0,0,0,0,0,0,,,,
RUE,2010,11,21,9,0.9,,,,,,,,933.6,,2.5,,53,6.2,51.9,0,0,0,0,,,,
RUE,2010,11,21,10,1.3,,,,,,,,933.5,,2.7,,60,3,59.2,0,0,0,0,,,,
RUE,2010,11,21,11,1.7,,,,,,,,933.1,,1.6,,66,2.3,65.2,0,0,0,0,,,,
RUE,2010,11,21,12,1.9,,,,,,,,932.7,,1.6,,78,2.6,77,0,0,0,0,,,,
RUE,2010,11,21,13,2.1,,,,,,,,932.3,,1.5,,67,2.1,66.2,0,0,0,0,,,,
RUE,2010,11,21,14,2,,,,,,,,932.1,,1.9,,29,0.5,28.8,0,0,0,0,,,,
RUE,2010,11,21,15,2,,,,,,,,931.8,,2.2,,9,0.1,9,0,0,0,0,,,,
RUE,2010,11,21,16,1.9,,,,,,,,931.9,,2.3,,0,0,0,0,0,0,0,,,,
RUE,2010,11,21,17,1.7,,,,,,,,932,,1.8,,0,0,0,0,0,0,0,,,,
RUE,2010,11,21,18,1.7,,,,,,,,931.7,,1.4,,0,0,0,0,0,0,0,,,,
RUE,2010,11,21,19,2,,,,,,,,931.4,,2.1,,0,0,0,0,0,0,0,,,,
RUE,2010,11,21,20,2,,,,,,,,931.1,,1.7,,0,0,0,0,0,0,0,,,,
RUE,2010,11,21,21,2.1,,,,,,,,930.9,,1.5,,0,0,0,0,0,0,0,,,,
RUE,2010,11,21,22,2.1,,,,,,,,930.6,,1.4,,0,0,0,0,0,0,0,,,,
RUE,2010,11,21,23,2.1,,,,,,,,930.1,,0.6,,0,0,0,0,0,0,0,,,,
RUE,2010,11,22,0,2.1,,,,,,,,929.5,,0.6,,0,0,0,0,0,0,0,,,,
RUE,2010,11,22,1,2.1,,,,,,,,929.5,,0.5,,0,0,0,0,0,0,0,,,,
RUE,2010,11,22,2,2.1,,,,,,,,929.2,,0.4,,0,0,0,0,0,0,0,,,,
RUE,2010,11,22,3,2,,,,,,,,928.8,,0.9,,0,0,0,0,0,0,0,,,,
RUE,2010,11,22,4,1.8,,,,,,,,928.8,,1.6,,0,0,0,0,0,0,0,,,,
RUE,2010,11,22,5,1.8,,,,,,,,928.6,,1.6,,0,0,0,0,0,0,0,,,,
RUE,2010,11,22,6,1.8,,,,,,,,928.7,,1.4,,0,0,0,0,0,0,0,,,,
RUE,2010,11,22,7,1.9,,,,,,,,929,,2,,3,0,0,0,0,0,0,,,,
RUE,2010,11,22,8,2,,,,,,,,929.3,,2.3,,12,0,0,0,0,0,0,,,,
RUE,2010,11,22,9,2.1,,,,,,,,929.4,,2.5,,29,1.9,28.7,0,0,0,0,,,,
RUE,2010,11,22,10,2.1,,,,,,,,929.6,,2.5,,35,1,34.7,0,0,0,0,,,,
RUE,2010,11,22,11,2.3,,,,,,,,929.4,,1.9,,55,1.6,54.4,0,0,0,0,,,,
RUE,2010,11,22,12,2.4,,,,,,,,929.3,,1.5,,22,0.2,21.9,0,0,0,0,,,,
RUE,2010,11,22,13,2.4,,,,,,,,929.2,,1.4,,31,0.5,30.8,0,0,0,0,,,,
RUE,2010,11,22,14,2.3,,,,,,,,929.3,,2.5,,11,0.1,11,0,0,0,0,,,,
RUE,2010,11,22,15,2.2,,,,,,,,929.5,,2.7,,1,0,1,0,0,0,0,,,,
RUE,2010,11,22,16,2.1,,,,,,,,929.8,,2.3,,0,0,0,0,0,0,0,,,,
RUE,2010,11,22,17,2.1,,,,,,,,930.2,,2.8,,0,0,0,0,0,0,0,,,,
RUE,2010,11,22,18,1.9,,,,,,,,930.6,,2.1,,0,0,0,0,0,0,0,,,,
RUE,2010,11,22,19,1.8,,,,,,,,930.7,,2,,0,0,0,0,0,0,0,,,,
RUE,2010,11,22,20,1.7,,,,,,,,931,,2.3,,0,0,0,0,0,0,0,,,,
RUE,2010,11,22,21,1.4,,,,,,,,931.2,,1.8,,0,0,0,0,0,0,0,,,,
RUE,2010,11,22,22,1.4,,,,,,,,931.3,,1.7,,0,0,0,0,0,0,0,,,,
RUE,2010,11,22,23,1.5,,,,,,,,931.5,,1.7,,0,0,0,0,0,0,0,,,,
RUE,2010,11,23,0,1.4,,,,,,,,931.5,,2,,0,0,0,0,0,0,0,,,,
RUE,2010,11,23,1,1.3,,,,,,,,931.6,,1.9,,0,0,0,0,0,0,0,,,,
RUE,2010,11,23,2,0.9,,,,,,,,932,,1.6,,0,0,0,0,0,0,0,,,,
RUE,2010,11,23,3,0.3,,,,,,,,932.1,,1.1,,0,0,0,0,0,0,0,,,,
RUE,2010,11,23,4,0.5,,,,,,,,932.3,,1.4,,0,0,0,0,0,0,0,,,,
RUE,2010,11,23,5,0.3,,,,,,,,932.6,,1.1,,0,0,0,0,0,0,0,,,,
RUE,2010,11,23,6,0.4,,,,,,,,932.8,,1.2,,0,0,0,0,0,0,0,,,,
RUE,2010,11,23,7,0.2,,,,,,,,933.1,,0.8,,6,0,0,0,0,0,0,,,,
RUE,2010,11,23,8,0.3,,,,,,,,933.6,,0.7,,26,0,0,0,0,0,0,,,,
RUE,2010,11,23,9,0.3,,,,,,,,933.9,,0.9,,68,20,64.7,0,0,0,0,,,,
RUE,2010,11,23,10,0.5,,,,,,,,934.2,,1,,55,2.6,54.3,0,0,0,0,,,,
RUE,2010,11,23,11,0.9,,,,,,,,934.2,,1.8,,76,3.1,74.9,0,0,0,0,,,,
RUE,2010,11,23,12,1.4,,,,,,,,934.3,,2.5,,96,4.2,94.4,0,0,0,0,,,,
RUE,2010,11,23,13,1.6,,,,,,,,934.4,,2.8,,93,4.1,91.5,0,0,0,0,,,,
RUE,2010,11,23,14,1.2,,,,,,,,934.9,,2.5,,38,0.9,37.7,0,0,0,0,,,,
RUE,2010,11,23,15,0.5,,,,,,,,935.3,,3.1,,7,0.1,7,0,0,0,0,,,,
RUE,2010,11,23,16,0.1,,,,,,,,935.8,,1.8,,0,0,0,0,0,0,0,,,,
RUE,2010,11,23,17,0.4,,,,,,,,936.2,,1.6,,0,0,0,0,0,0,0,,,,
RUE,2010,11,23,18,0.2,,,,,,,,936.4,,2.2,,0,0,0,0,0,0,0,,,,
RUE,2010,11,23,19,0,,,,,,,,936.5,,1.8,,0,0,0,0,0,0,0,,,,
RUE,2010,11,23,20,0.1,,,,,,,,936.6,,1.9,,0,0,0,0,0,0,0,,,,
RUE,2010,11,23,21,0.1,,,,,,,,936.6,,1.6,,0,0,0,0,0,0,0,,,,
RUE,2010,11,23,22,0.2,,,,,,,,937,,1.1,,0,0,0,0,0,0,0,,,,
RUE,2010,11,23,23,0.5,,,,,,,,937.1,,2.5,,0,0,0,0,0,0,0,,,,
RUE,2010,11,24,0,0.1,,,,,,,,937,,1.9,,0,0,0,0,0,0,0,,,,
RUE,2010,11,24,1,0.1,,,,,,,,937,,2.7,,0,0,0,0,0,0,0,,,,
RUE,2010,11,24,2,0,,,,,,,,937,,2.5,,0,0,0,0,0,0,0,,,,
RUE,2010,11,24,3,-0.1,,,,,,,,936.9,,2.1,,0,0,0,0,0,0,0,,,,
RUE,2010,11,24,4,-0.3,,,,,,,,937.1,,1.1,,0,0,0,0,0,0,0,,,,
RUE,2010,11,24,5,-0.3,,,,,,,,937.3,,0.9,,0,0,0,0,0,0,0,,,,
RUE,2010,11,24,6,-0.4,,,,,,,,937.2,,0.7,,0,0,0,0,0,0,0,,,,
RUE,2010,11,24,7,-0.3,,,,,,,,937.5,,0.9,,5,0,0,0,0,0,0,,,,
RUE,2010,11,24,8,-0.2,,,,,,,,937.8,,0.7,,28,0,0,0,0,0,0,,,,
RUE,2010,11,24,9,0.1,,,,,,,,938,,0.9,,41,4.2,40.3,0,0,0,0,,,,
RUE,2010,11,24,10,0.4,,,,,,,,938.1,,1,,67,4,65.9,0,0,0,0,,,,
RUE,2010,11,24,11,0.9,,,,,,,,937.9,,1.4,,123,10.4,119.5,0,0,0,0,,,,
RUE,2010,11,24,12,1.5,,,,,,,,937.7,,2.7,,173,35,159.9,0,0,0,0,,,,
RUE,2010,11,24,13,1.6,,,,,,,,937.4,,1.9,,122,7.9,119.1,0,0,0,0,,,,
RUE,2010,11,24,14,1.4,,,,,,,,937.3,,1,,84,4.7,82.5,0,0,0,0,,,,
RUE,2010,11,24,15,1.1,,,,,,,,937.3,,0.5,,27,1,26.8,0,0,0,0,,,,
RUE,2010,11,24,16,1,,,,,,,,937.3,,0.5,,0,0,0,0,0,0,0,,,,
RUE,2010,11,24,17,0.9,,,,,,,,937.3,,0.7,,0,0,0,0,0,0,0,,,,
RUE,2010,11,24,18,0.7,,,,,,,,937.3,,0.9,,0,0,0,0,0,0,0,,,,
RUE,2010,11,24,19,0.9,,,,,,,,937.5,,2.3,,0,0,0,0,0,0,0,,,,
RUE,2010,11,24,20,0.7,,,,,,,,937.7,,3.3,,0,0,0,0,0,0,0,,,,
RUE,2010,11,24,21,0.6,,,,,,,,937.8,,2.4,,0,0,0,0,0,0,0,,,,
RUE,2010,11,24,22,0.7,,,,,,,,937.8,,2.7,,0,0,0,0,0,0,0,,,,
RUE,2010,11,24,23,-0.2,,,,,,,,937.6,,1.4,,0,0,0,0,0,0,0,,,,
RUE,2010,11,25,0,-0.3,,,,,,,,937.1,,1.3,,0,0,0,0,0,0,0,,,,
RUE,2010,11,25,1,-0.1,,,,,,,,936.8,,0.9,,0,0,0,0,0,0,0,,,,
RUE,2010,11,25,2,-0.4,,,,,,,,936.5,,1.2,,0,0,0,0,0,0,0,,,,
RUE,2010,11,25,3,-0.5,,,,,,,,935.7,,0.9,,0,0,0,0,0,0,0,,,,
RUE,2010,11,25,4,0.5,,,,,,,,935.1,,4.1,,0,0,0,0,0,0,0,,,,
RUE,2010,11,25,5,1,,,,,,,,934.8,,3.8,,0,0,0,0,0,0,0,,,,
RUE,2010,11,25,6,1.1,,,,,,,,934.3,,4.1,,0,0,0,0,0,0,0,,,,
RUE,2010,11,25,7,0.9,,,,,,,,934.2,,1.5,,10,0,0,0,0,0,0,,,,
RUE,2010,11,25,8,1.4,,,,,,,,933.9,,2,,54,0,0,0,0,0,0,,,,
RUE,2010,11,25,9,1.9,,,,,,,,933.7,,3.9,,102,173.1,74.8,0,0,0,0,,,,
RUE,2010,11,25,10,2.2,,,,,,,,933.1,,3.3,,191,265.3,120.6,0,0,0,0,,,,
RUE,2010,11,25,11,3.2,,,,,,,,932.4,,3.2,,300,558.8,111,0,0,0,0,,,,
RUE,2010,11,25,12,3.3,,,,,,,,931.7,,3,,190,58.2,168.4,0,0,0,0,,,,
RUE,2010,11,25,13,3.5,,,,,,,,930.9,,3.2,,110,6,107.8,0,0,0,0,,,,
RUE,2010,11,25,14,3.3,,,,,,,,930.3,,3.4,,57,2.2,56.3,0,0,0,0,,,,
RUE,2010,11,25,15,2.8,,,,,,,,929.8,,3.3,,12,0.2,12,0,0,0,0,,,,
RUE,2010,11,25,16,2.2,,,,,,,,929.3,,2.7,,0,0,0,0,0,0,0,,,,
RUE,2010,11,25,17,2,,,,,,,,928.8,,1.7,,0,0,0,0,0,0,0,,,,
RUE,2010,11,25,18,1.4,,,,,,,,928.7,,1.1,,0,0,0,0,0,0,0,,,,
RUE,2010,11,25,19,0.7,,,,,,,,928.3,,1.6,,0,0,0,0,0,0,0,,,,
RUE,2010,11,25,20,0.4,,,,,,,,928,,0.9,,0,0,0,0,0,0,0,,,,
RUE,2010,11,25,21,0.5,,,,,,,,927.6,,1.6,,0,0,0,0,0,0,0,,,,
RUE,2010,11,25,22,-0.1,,,,,,,,927.9,,0.9,,0,0,0,0,0,0,0,,,,
RUE,2010,11,25,23,-0.4,,,,,,,,928.5,,2.3,,0,0,0,0,0,0,0,,,,
RUE,2010,11,26,0,-1.4,,,,,,,,929.4,,4.2,,0,0,0,0,0,0,0,,,,
RUE,2010,11,26,1,-1.4,,,,,,,,930.5,,3.9,,0,0,0,0,0,0,0,,,,
RUE,2010,11,26,2,-1.4,,,,,,,,931,,2.2,,0,0,0,0,0,0,0,,,,
RUE,2010,11,26,3,-1.5,,,,,,,,931.4,,3,,0,0,0,0,0,0,0,,,,
RUE,2010,11,26,4,-1.7,,,,,,,,931.8,,3,,0,0,0,0,0,0,0,,,,
RUE,2010,11,26,5,-2,,,,,,,,932.1,,3.2,,0,0,0,0,0,0,0,,,,
RUE,2010,11,26,6,-2.2,,,,,,,,932.4,,2.6,,0,0,0,0,0,0,0,,,,
RUE,2010,11,26,7,-2.3,,,,,,,,932.9,,2.6,,9,0,0,0,0,0,0,,,,
RUE,2010,11,26,8,-2.5,,,,,,,,933.4,,1.7,,64,0,0,0,0,0,0,,,,
RUE,2010,11,26,9,-2.4,,,,,,,,933.6,,1.9,,151,743.4,36.8,0,0,0,0,,,,
RUE,2010,11,26,10,-1.7,,,,,,,,933.6,,2.8,,298,950.1,49.2,0,0,0,0,,,,
RUE,2010,11,26,11,-1.8,,,,,,,,933.4,,2.5,,144,24.1,135.9,0,0,0,0,,,,
RUE,2010,11,26,12,-2,,,,,,,,933.3,,2.1,,108,5.5,106,0,0,0,0,,,,
RUE,2010,11,26,13,-1.8,,,,,,,,933.2,,1.9,,151,22.1,143.1,0,0,0,0,,,,
RUE,2010,11,26,14,-2,,,,,,,,933.3,,2.6,,77,4.1,75.8,0,0,0,0,,,,
RUE,2010,11,26,15,-2.2,,,,,,,,933.3,,2.3,,18,0.5,17.9,0,0,0,0,,,,
RUE,2010,11,26,16,-2.5,,,,,,,,933.4,,1,,0,0,0,0,0,0,0,,,,
RUE,2010,11,26,17,-2.5,,,,,,,,933.6,,0.9,,0,0,0,0,0,0,0,,,,
RUE,2010,11,26,18,-2.8,,,,,,,,933.7,,1,,0,0,0,0,0,0,0,,,,
RUE,2010,11,26,19,-2.8,,,,,,,,934,,0.9,,0,0,0,0,0,0,0,,,,
RUE,2010,11,26,20,-3,,,,,,,,934.1,,0.7,,0,0,0,0,0,0,0,,,,
RUE,2010,11,26,21,-3.2,,,,,,,,934.2,,0.8,,0,0,0,0,0,0,0,,,,
RUE,2010,11,26,22,-3.6,,,,,,,,934.1,,0.3,,0,0,0,0,0,0,0,,,,
RUE,2010,11,26,23,-3.5,,,,,,,,934,,0.3,,0,0,0,0,0,0,0,,,,
RUE,2010,11,27,0,-3.7,,,,,,,,934,,0.4,,0,0,0,0,0,0,0,,,,
RUE,2010,11,27,1,-3.7,,,,,,,,934,,0.9,,0,0,0,0,0,0,0,,,,
RUE,2010,11,27,2,-4.4,,,,,,,,933.7,,1.3,,0,0,0,0,0,0,0,,,,
RUE,2010,11,27,3,-4.8,,,,,,,,933.2,,2.9,,0,0,0,0,0,0,0,,,,
RUE,2010,11,27,4,-5.3,,,,,,,,932.9,,1.8,,0,0,0,0,0,0,0,,,,
RUE,2010,11,27,5,-5.5,,,,,,,,932.4,,1.5,,0,0,0,0,0,0,0,,,,
RUE,2010,11,27,6,-5.2,,,,,,,,931.9,,2.2,,0,0,0,0,0,0,0,,,,
RUE,2010,11,27,7,-5.3,,,,,,,,931.8,,2.1,,25,0,0,0,0,0,0,,,,
RUE,2010,11,27,8,-5.7,,,,,,,,931.7,,1.5,,74,0,0,0,0,0,0,,,,
RUE,2010,11,27,9,-4.9,,,,,,,,931.6,,2.2,,128,490,54.4,0,0,0,0,,,,
RUE,2010,11,27,10,-3.7,,,,,,,,931.8,,2.2,,120,35.3,110.9,0,0,0,0,,,,
RUE,2010,11,27,11,-3.6,,,,,,,,931.5,,2.1,,92,4.9,90.4,0,0,0,0,,,,
RUE,2010,11,27,12,-4.1,,,,,,,,931.3,,1.3,,61,1.8,60.3,0,0,0,0,,,,
RUE,2010,11,27,13,-4.1,,,,,,,,930.9,,0.6,,50,1.3,49.5,0,0,0,0,,,,
RUE,2010,11,27,14,-3.8,,,,,,,,930.8,,1,,34,0.8,33.8,0,0,0,0,,,,
RUE,2010,11,27,15,-3.9,,,,,,,,930.8,,1.1,,10,0.1,10,0,0,0,0,,,,
RUE,2010,11,27,16,-3.7,,,,,,,,930.9,,1.5,,0,0,0,0,0,0,0,,,,
RUE,2010,11,27,17,-3.7,,,,,,,,931.1,,1.9,,0,0,0,0,0,0,0,,,,
RUE,2010,11,27,18,-4.2,,,,,,,,931.3,,1.9,,0,0,0,0,0,0,0,,,,
RUE,2010,11,27,19,-3.7,,,,,,,,931.2,,2.7,,0,0,0,0,0,0,0,,,,
RUE,2010,11,27,20,-2.4,,,,,,,,931.5,,3.2,,0,0,0,0,0,0,0,,,,
RUE,2010,11,27,21,-3,,,,,,,,931.6,,2.9,,0,0,0,0,0,0,0,,,,
RUE,2010,11,27,22,-2.8,,,,,,,,931.8,,3,,0,0,0,0,0,0,0,,,,
RUE,2010,11,27,23,-2.8,,,,,,,,931.9,,2.3,,0,0,0,0,0,0,0,,,,
RUE,2010,11,28,0,-2.4,,,,,,,,932,,1.5,,0,0,0,0,0,0,0,,,,
RUE,2010,11,28,1,-2.6,,,,,,,,932,,2.6,,0,0,0,0,0,0,0,,,,
RUE,2010,11,28,2,-1.9,,,,,,,,931.8,,1.9,,0,0,0,0,0,0,0,,,,
RUE,2010,11,28,3,-1.9,,,,,,,,931.4,,1.4,,0,0,0,0,0,0,0,,,,
RUE,2010,11,28,4,-3.1,,,,,,,,931.2,,1.7,,0,0,0,0,0,0,0,,,,
RUE,2010,11,28,5,-3.8,,,,,,,,931,,2.3,,0,0,0,0,0,0,0,,,,
RUE,2010,11,28,6,-3.9,,,,,,,,930.9,,2.9,,0,0,0,0,0,0,0,,,,
RUE,2010,11,28,7,-3.7,,,,,,,,931,,2.9,,9,0,0,0,0,0,0,,,,
RUE,2010,11,28,8,-3.3,,,,,,,,930.9,,2.5,,49,0,0,0,0,0,0,,,,
RUE,2010,11,28,9,-2.8,,,,,,,,930.9,,3,,95,169.2,70.1,0,0,0,0,,,,
RUE,2010,11,28,10,-2.2,,,,,,,,930.7,,2.2,,176,222.1,119.3,0,0,0,0,,,,
RUE,2010,11,28,11,-1.6,,,,,,,,929.8,,3,,200,130,157.3,0,0,0,0,,,,
RUE,2010,11,28,12,-0.8,,,,,,,,929.3,,2.6,,213,112.3,172.4,0,0,0,0,,,,
RUE,2010,11,28,13,-0.4,,,,,,,,928.7,,2.4,,170,43.4,154.7,0,0,0,0,,,,
RUE,2010,11,28,14,-0.8,,,,,,,,928.2,,1.6,,94,6.4,92.1,0,0,0,0,,,,
RUE,2010,11,28,15,-1.6,,,,,,,,927.8,,0.8,,30,1.3,29.7,0,0,0,0,,,,
RUE,2010,11,28,16,-2.1,,,,,,,,927.8,,1,,0,0,0,0,0,0,0,,,,
RUE,2010,11,28,17,-2.6,,,,,,,,927.9,,1.3,,0,0,0,0,0,0,0,,,,
RUE,2010,11,28,18,-2.9,,,,,,,,927.9,,1.6,,0,0,0,0,0,0,0,,,,
RUE,2010,11,28,19,-3.1,,,,,,,,928.2,,1.7,,0,0,0,0,0,0,0,,,,
RUE,2010,11,28,20,-3.2,,,,,,,,928.2,,0.5,,0,0,0,0,0,0,0,,,,
RUE,2010,11,28,21,-3.3,,,,,,,,928.2,,1.2,,0,0,0,0,0,0,0,,,,
RUE,2010,11,28,22,-3.2,,,,,,,,928.6,,1.1,,0,0,0,0,0,0,0,,,,
RUE,2010,11,28,23,-3.1,,,,,,,,928.8,,0.6,,0,0,0,0,0,0,0,,,,
RUE,2010,11,29,0,-3,,,,,,,,928.8,,0.7,,0,0,0,0,0,0,0,,,,
RUE,2010,11,29,1,-2.9,,,,,,,,928.9,,0.5,,0,0,0,0,0,0,0,,,,
RUE,2010,11,29,2,-2.7,,,,,,,,929.2,,0.7,,0,0,0,0,0,0,0,,,,
RUE,2010,11,29,3,-2.6,,,,,,,,929.4,,1,,0,0,0,0,0,0,0,,,,
RUE,2010,11,29,4,-2.5,,,,,,,,930,,0.9,,0,0,0,0,0,0,0,,,,
RUE,2010,11,29,5,-2.4,,,,,,,,930.4,,0.5,,0,0,0,0,0,0,0,,,,
RUE,2010,11,29,6,-1.9,,,,,,,,930.8,,0.9,,0,0,0,0,0,0,0,,,,
RUE,2010,11,29,7,-1.6,,,,,,,,931.7,,1.3,,3,0,0,0,0,0,0,,,,
RUE,2010,11,29,8,-1.8,,,,,,,,932.7,,1.1,,39,0,0,0,0,0,0,,,,
RUE,2010,11,29,9,-1.2,,,,,,,,933.3,,2.1,,129,577.7,46,0,0,0,0,,,,
RUE,2010,11,29,10,-0.9,,,,,,,,933.7,,2.4,,138,79.5,118,0,0,0,0,,,,
RUE,2010,11,29,11,-1.1,,,,,,,,934.1,,2.3,,117,10.2,113.7,0,0,0,0,,,,
RUE,2010,11,29,12,-0.6,,,,,,,,934.5,,3.6,,168,37,154.7,0,0,0,0,,,,
RUE,2010,11,29,13,-0.3,,,,,,,,934.6,,6.3,,216,139.9,167.2,0,0,0,0,,,,
RUE,2010,11,29,14,-0.3,,,,,,,,934.7,,5.9,,165,84.7,139.8,0,0,0,0,,,,
RUE,2010,11,29,15,-1.5,,,,,,,,935.2,,3.2,,26,1,25.8,0,0,0,0,,,,
RUE,2010,11,29,16,-2.6,,,,,,,,935.9,,2.6,,0,0,0,0,0,0,0,,,,
RUE,2010,11,29,17,-3.3,,,,,,,,936.4,,1.2,,0,0,0,0,0,0,0,,,,
RUE,2010,11,29,18,-3.6,,,,,,,,936.9,,1,,0,0,0,0,0,0,0,,,,
RUE,2010,11,29,19,-3.7,,,,,,,,937.3,,1,,0,0,0,0,0,0,0,,,,
RUE,2010,11,29,20,-3.7,,,,,,,,937.7,,0.9,,0,0,0,0,0,0,0,,,,
RUE,2010,11,29,21,-4.2,,,,,,,,938,,1.1,,0,0,0,0,0,0,0,,,,
RUE,2010,11,29,22,-4.5,,,,,,,,938.1,,1.5,,0,0,0,0,0,0,0,,,,
RUE,2010,11,29,23,-4.4,,,,,,,,938.3,,1.6,,0,0,0,0,0,0,0,,,,
RUE,2010,11,30,0,-4.6,,,,,,,,938,,1.8,,0,0,0,0,0,0,0,,,,
RUE,2010,11,30,1,-5.7,,,,,,,,937.8,,2,,0,0,0,0,0,0,0,,,,
RUE,2010,11,30,2,-5.8,,,,,,,,937.7,,1.6,,0,0,0,0,0,0,0,,,,
RUE,2010,11,30,3,-6,,,,,,,,937.3,,1.5,,0,0,0,0,0,0,0,,,,
RUE,2010,11,30,4,-6.9,,,,,,,,936.9,,2,,0,0,0,0,0,0,0,,,,
RUE,2010,11,30,5,-6.9,,,,,,,,936.3,,2.5,,0,0,0,0,0,0,0,,,,
RUE,2010,11,30,6,-6.9,,,,,,,,936.5,,2.6,,0,0,0,0,0,0,0,,,,
RUE,2010,11,30,7,-6.6,,,,,,,,936.4,,4.7,,18,0,0,0,0,0,0,,,,
RUE,2010,11,30,8,-5.8,,,,,,,,936.2,,5.1,,125,0,0,0,0,0,0,,,,
RUE,2010,11,30,9,-5.4,,,,,,,,935.9,,5.1,,261,1550.3,43.1,0,0,0,0,,,,
RUE,2010,11,30,10,-4.9,,,,,,,,935,,4.3,,280,939.1,46.2,0,0,0,0,,,,
RUE,2010,11,30,11,-4,,,,,,,,934.3,,4.2,,301,647.7,92.2,0,0,0,0,,,,
RUE,2010,11,30,12,-3.5,,,,,,,,933.4,,3.6,,210,112.8,169.9,0,0,0,0,,,,
RUE,2010,11,30,13,-3.2,,,,,,,,932.7,,4.1,,138,16.4,132.3,0,0,0,0,,,,
RUE,2010,11,30,14,-3.1,,,,,,,,932.2,,3.7,,85,5.3,83.4,0,0,0,0,,,,
RUE,2010,11,30,15,-3.4,,,,,,,,931.7,,2.8,,16,0.4,15.9,0,0,0,0,,,,
RUE,2010,11,30,16,-3.6,,,,,,,,931,,2.8,,0,0,0,0,0,0,0,,,,
RUE,2010,11,30,17,-3.7,,,,,,,,930.5,,2.8,,0,0,0,0,0,0,0,,,,
RUE,2010,11,30,18,-3.9,,,,,,,,930.2,,3.3,,0,0,0,0,0,0,0,,,,
RUE,2010,11,30,19,-4.1,,,,,,,,930,,2.7,,0,0,0,0,0,0,0,,,,
RUE,2010,11,30,20,-4.2,,,,,,,,929.7,,3.2,,0,0,0,0,0,0,0,,,,
RUE,2010,11,30,21,-4.3,,,,,,,,929.2,,3.4,,0,0,0,0,0,0,0,,,,
RUE,2010,11,30,22,-4.3,,,,,,,,928.9,,4.1,,0,0,0,0,0,0,0,,,,
RUE,2010,11,30,23,-4.3,,,,,,,,928.8,,3.5,,0,0,0,0,0,0,0,,,,
RUE,2010,12,1,0,-4.3,,,,,,,,927.9,,4.1,,0,0,0,0,0,0,0,,,,
RUE,2010,12,1,1,-4.4,,,,,,,,927.3,,3.8,,0,0,0,0,0,0,0,,,,
RUE,2010,12,1,2,-4.5,,,,,,,,926.8,,4.1,,0,0,0,0,0,0,0,,,,
RUE,2010,12,1,3,-4.5,,,,,,,,926.2,,2.9,,0,0,0,0,0,0,0,,,,
RUE,2010,12,1,4,-4.4,,,,,,,,925.8,,3.3,,0,0,0,0,0,0,0,,,,
RUE,2010,12,1,5,-4.4,,,,,,,,924.9,,3.4,,0,0,0,0,0,0,0,,,,
RUE,2010,12,1,6,-4.4,,,,,,,,924.7,,3.2,,0,0,0,0,0,0,0,,,,
RUE,2010,12,1,7,-4.4,,,,,,,,924.5,,3.4,,3,0,0,0,0,0,0,,,,
RUE,2010,12,1,8,-4.4,,,,,,,,924.4,,2.8,,24,0,0,0,0,0,0,,,,
RUE,2010,12,1,9,-4.3,,,,,,,,924.8,,3.3,,51,11.7,49.4,0,0,0,0,,,,
RUE,2010,12,1,10,-4.2,,,,,,,,924.6,,2.9,,64,4.3,62.9,0,0,0,0,,,,
RUE,2010,12,1,11,-4,,,,,,,,924.1,,2.4,,102,6.7,99.9,0,0,0,0,,,,
RUE,2010,12,1,12,-4.1,,,,,,,,923.7,,2.1,,74,2.8,73,0,0,0,0,,,,
RUE,2010,12,1,13,-4.2,,,,,,,,923.7,,1.8,,38,0.8,37.7,0,0,0,0,,,,
RUE,2010,12,1,14,-4.3,,,,,,,,924.1,,0.7,,19,0.3,18.9,0,0,0,0,,,,
RUE,2010,12,1,15,-4.3,,,,,,,,924.5,,0.5,,4,0,4,0,0,0,0,,,,
RUE,2010,12,1,16,-4.3,,,,,,,,925.3,,0.6,,0,0,0,0,0,0,0,,,,
RUE,2010,12,1,17,-4.1,,,,,,,,926.3,,1.2,,0,0,0,0,0,0,0,,,,
RUE,2010,12,1,18,-4.1,,,,,,,,927,,1.2,,0,0,0,0,0,0,0,,,,
RUE,2010,12,1,19,-4.2,,,,,,,,928.1,,1.4,,0,0,0,0,0,0,0,,,,
RUE,2010,12,1,20,-4.2,,,,,,,,929,,1.2,,0,0,0,0,0,0,0,,,,
RUE,2010,12,1,21,-4.1,,,,,,,,929.9,,1.1,,0,0,0,0,0,0,0,,,,
RUE,2010,12,1,22,-3.9,,,,,,,,930.7,,1.3,,0,0,0,0,0,0,0,,,,
RUE,2010,12,1,23,-3.8,,,,,,,,931.3,,0.9,,0,0,0,0,0,0,0,,,,
RUE,2010,12,2,0,-3.7,,,,,,,,931.6,,0.8,,0,0,0,0,0,0,0,,,,
RUE,2010,12,2,1,-3.4,,,,,,,,931.9,,1.4,,0,0,0,0,0,0,0,,,,
RUE,2010,12,2,2,-3.3,,,,,,,,932.3,,2.1,,0,0,0,0,0,0,0,,,,
RUE,2010,12,2,3,-3.4,,,,,,,,932.5,,2.1,,0,0,0,0,0,0,0,,,,
RUE,2010,12,2,4,-3.7,,,,,,,,932.8,,2.2,,0,0,0,0,0,0,0,,,,
RUE,2010,12,2,5,-3.7,,,,,,,,933.1,,1.9,,0,0,0,0,0,0,0,,,,
RUE,2010,12,2,6,-4,,,,,,,,933.6,,1.3,,0,0,0,0,0,0,0,,,,
RUE,2010,12,2,7,-4.1,,,,,,,,934.3,,1.2,,8,0,0,0,0,0,0,,,,
RUE,2010,12,2,8,-4.7,,,,,,,,934.7,,1.4,,40,0,0,0,0,0,0,,,,
RUE,2010,12,2,9,-5,,,,,,,,934.9,,1.3,,125,638.9,39.1,0,0,0,0,,,,
RUE,2010,12,2,10,-5,,,,,,,,934.9,,0.8,,170,234.7,113,0,0,0,0,,,,
RUE,2010,12,2,11,-4.5,,,,,,,,934.8,,0.9,,174,80.3,148.5,0,0,0,0,,,,
RUE,2010,12,2,12,-4.2,,,,,,,,934.6,,1.2,,177,53.5,158.3,0,0,0,0,,,,
RUE,2010,12,2,13,-4.3,,,,,,,,934.3,,0.7,,182,69.3,158.3,0,0,0,0,,,,
RUE,2010,12,2,14,-4.8,,,,,,,,934.3,,1.4,,118,17.8,112.8,0,0,0,0,,,,
RUE,2010,12,2,15,-5.4,,,,,,,,934.6,,1.4,,25,1,24.8,0,0,0,0,,,,
RUE,2010,12,2,16,-5.8,,,,,,,,934.6,,1.5,,0,0,0,0,0,0,0,,,,
RUE,2010,12,2,17,-5.4,,,,,,,,934.6,,2,,0,0,0,0,0,0,0,,,,
RUE,2010,12,2,18,-4.9,,,,,,,,934.7,,2.5,,0,0,0,0,0,0,0,,,,
RUE,2010,12,2,19,-5.7,,,,,,,,934.8,,1.8,,0,0,0,0,0,0,0,,,,
RUE,2010,12,2,20,-6.3,,,,,,,,934.8,,1.5,,0,0,0,0,0,0,0,,,,
RUE,2010,12,2,21,-5.9,,,,,,,,934.9,,1.1,,0,0,0,0,0,0,0,,,,
RUE,2010,12,2,22,-5.6,,,,,,,,934.9,,0.6,,0,0,0,0,0,0,0,,,,
RUE,2010,12,2,23,-4.9,,,,,,,,934.8,,0.8,,0,0,0,0,0,0,0,,,,
RUE,2010,12,3,0,-5.9,,,,,,,,934.6,,1.3,,0,0,0,0,0,0,0,,,,
RUE,2010,12,3,1,-6.8,,,,,,,,934.5,,1.6,,0,0,0,0,0,0,0,,,,
RUE,2010,12,3,2,-8.2,,,,,,,,934.6,,2.3,,0,0,0,0,0,0,0,,,,
RUE,2010,12,3,3,-8.4,,,,,,,,934.6,,2.3,,0,0,0,0,0,0,0,,,,
RUE,2010,12,3,4,-8.2,,,,,,,,934.4,,2.3,,0,0,0,0,0,0,0,,,,
RUE,2010,12,3,5,-7.9,,,,,,,,934.3,,2.1,,0,0,0,0,0,0,0,,,,
RUE,2010,12,3,6,-8.2,,,,,,,,934.4,,2.2,,0,0,0,0,0,0,0,,,,
RUE,2010,12,3,7,-8.1,,,,,,,,934.5,,2.1,,15,0,0,0,0,0,0,,,,
RUE,2010,12,3,8,-7.4,,,,,,,,934.8,,1.7,,105,0,0,0,0,0,0,,,,
RUE,2010,12,3,9,-6.8,,,,,,,,934.9,,1.5,,201,1275.4,33.2,0,0,0,0,,,,
RUE,2010,12,3,10,-5.9,,,,,,,,935,,1.8,,280,973.5,46.2,0,0,0,0,,,,
RUE,2010,12,3,11,-5.4,,,,,,,,934.9,,1.6,,355,943.6,58.6,0,0,0,0,,,,
RUE,2010,12,3,12,-5.7,,,,,,,,935,,1.7,,225,168.2,166.5,0,0,0,0,,,,
RUE,2010,12,3,13,-5.2,,,,,,,,935.1,,1.8,,227,194,161.1,0,0,0,0,,,,
RUE,2010,12,3,14,-5.7,,,,,,,,935.9,,1.5,,90,6.3,88.2,0,0,0,0,,,,
RUE,2010,12,3,15,-5.9,,,,,,,,936.8,,1,,26,1.1,25.8,0,0,0,0,,,,
RUE,2010,12,3,16,-6.6,,,,,,,,937.8,,0.8,,0,0,0,0,0,0,0,,,,
RUE,2010,12,3,17,-6.7,,,,,,,,938.9,,0.4,,0,0,0,0,0,0,0,,,,
RUE,2010,12,3,18,-6.4,,,,,,,,939.9,,0.6,,0,0,0,0,0,0,0,,,,
RUE,2010,12,3,19,-6.3,,,,,,,,940.8,,0.6,,0,0,0,0,0,0,0,,,,
RUE,2010,12,3,20,-6.2,,,,,,,,941.5,,0.6,,0,0,0,0,0,0,0,,,,
RUE,2010,12,3,21,-5.8,,,,,,,,942.1,,0.7,,0,0,0,0,0,0,0,,,,
RUE,2010,12,3,22,-5.2,,,,,,,,942.4,,0.5,,0,0,0,0,0,0,0,,,,
RUE,2010,12,3,23,-5.3,,,,,,,,942.7,,0.4,,0,0,0,0,0,0,0,,,,
RUE,2010,12,4,0,-5.7,,,,,,,,943,,0.5,,0,0,0,0,0,0,0,,,,
RUE,2010,12,4,1,-5.7,,,,,,,,943.5,,0.2,,0,0,0,0,0,0,0,,,,
RUE,2010,12,4,2,-5.5,,,,,,,,944,,0.4,,0,0,0,0,0,0,0,,,,
RUE,2010,12,4,3,-5.6,,,,,,,,944.2,,0.4,,0,0,0,0,0,0,0,,,,
RUE,2010,12,4,4,-5.2,,,,,,,,944.7,,0.3,,0,0,0,0,0,0,0,,,,
RUE,2010,12,4,5,-5.1,,,,,,,,945.1,,0.5,,0,0,0,0,0,0,0,,,,
RUE,2010,12,4,6,-4.8,,,,,,,,945.5,,0.8,,0,0,0,0,0,0,0,,,,
RUE,2010,12,4,7,-5.5,,,,,,,,945.9,,0.6,,10,0,0,0,0,0,0,,,,
RUE,2010,12,4,8,-5.3,,,,,,,,946.6,,0.7,,100,0,0,0,0,0,0,,,,
RUE,2010,12,4,9,-4.6,,,,,,,,947,,0.4,,182,1180.2,30,0,0,0,0,,,,
RUE,2010,12,4,10,-4.2,,,,,,,,947.2,,0.7,,189,385.4,97.5,0,0,0,0,,,,
RUE,2010,12,4,11,-3.8,,,,,,,,947.2,,0.5,,166,69.3,144.4,0,0,0,0,,,,
RUE,2010,12,4,12,-3.2,,,,,,,,946.3,,1.8,,294,484.3,126.5,0,0,0,0,,,,
RUE,2010,12,4,13,-2.9,,,,,,,,945.9,,3.2,,187,83.4,158.8,0,0,0,0,,,,
RUE,2010,12,4,14,-3,,,,,,,,946.2,,2.5,,137,39.9,125.5,0,0,0,0,,,,
RUE,2010,12,4,15,-3.4,,,,,,,,946.4,,2.1,,28,1.3,27.7,0,0,0,0,,,,
RUE,2010,12,4,16,-4.1,,,,,,,,946.6,,2.4,,0,0,0,0,0,0,0,,,,
RUE,2010,12,4,17,-3.9,,,,,,,,946.6,,3.3,,0,0,0,0,0,0,0,,,,
RUE,2010,12,4,18,-3.5,,,,,,,,946.4,,2.6,,0,0,0,0,0,0,0,,,,
RUE,2010,12,4,19,-3.3,,,,,,,,946.2,,2.6,,0,0,0,0,0,0,0,,,,
RUE,2010,12,4,20,-3.5,,,,,,,,945.5,,0.8,,0,0,0,0,0,0,0,,,,
RUE,2010,12,4,21,-3.4,,,,,,,,945.3,,2.6,,0,0,0,0,0,0,0,,,,
RUE,2010,12,4,22,-3.9,,,,,,,,945.2,,1.4,,0,0,0,0,0,0,0,,,,
RUE,2010,12,4,23,-3.5,,,,,,,,944.7,,1.9,,0,0,0,0,0,0,0,,,,
RUE,2010,12,5,0,-3.1,,,,,,,,943.9,,2.1,,0,0,0,0,0,0,0,,,,
RUE,2010,12,5,1,-3.4,,,,,,,,943.4,,2.2,,0,0,0,0,0,0,0,,,,
RUE,2010,12,5,2,-3.1,,,,,,,,942.7,,2.1,,0,0,0,0,0,0,0,,,,
RUE,2010,12,5,3,-3.4,,,,,,,,941.8,,4.5,,0,0,0,0,0,0,0,,,,
RUE,2010,12,5,4,-3.1,,,,,,,,941,,2.4,,0,0,0,0,0,0,0,,,,
RUE,2010,12,5,5,-3.1,,,,,,,,940,,4.5,,0,0,0,0,0,0,0,,,,
RUE,2010,12,5,6,-1.6,,,,,,,,939.3,,3.2,,0,0,0,0,0,0,0,,,,
RUE,2010,12,5,7,-1.5,,,,,,,,939,,3.1,,6,0,0,0,0,0,0,,,,
RUE,2010,12,5,8,-1.4,,,,,,,,938.8,,3.6,,53,0,0,0,0,0,0,,,,
RUE,2010,12,5,9,-0.4,,,,,,,,938.4,,1.8,,99,366.9,52.8,0,0,0,0,,,,
RUE,2010,12,5,10,-0.7,,,,,,,,938.6,,0.7,,141,121.3,112.5,0,0,0,0,,,,
RUE,2010,12,5,11,0.4,,,,,,,,937.8,,1.1,,104,7.9,101.6,0,0,0,0,,,,
RUE,2010,12,5,12,2.5,,,,,,,,937.4,,3.2,,75,3,74,0,0,0,0,,,,
RUE,2010,12,5,13,4.4,,,,,,,,936.2,,6.2,,65,2.4,64.2,0,0,0,0,,,,
RUE,2010,12,5,14,4.7,,,,,,,,935.4,,4.7,,25,0.5,24.9,0,0,0,0,,,,
RUE,2010,12,5,15,1.8,,,,,,,,935.1,,3.4,,3,0,3,0,0,0,0,,,,
RUE,2010,12,5,16,0.4,,,,,,,,934.8,,4.9,,0,0,0,0,0,0,0,,,,
RUE,2010,12,5,17,0.6,,,,,,,,934.6,,3.8,,0,0,0,0,0,0,0,,,,
RUE,2010,12,5,18,0.4,,,,,,,,934.4,,3.1,,0,0,0,0,0,0,0,,,,
RUE,2010,12,5,19,0.2,,,,,,,,933.9,,3.5,,0,0,0,0,0,0,0,,,,
RUE,2010,12,5,20,0.1,,,,,,,,933.5,,1.9,,0,0,0,0,0,0,0,,,,
RUE,2010,12,5,21,0.3,,,,,,,,933,,1.7,,0,0,0,0,0,0,0,,,,
RUE,2010,12,5,22,0.1,,,,,,,,932.4,,0.3,,0,0,0,0,0,0,0,,,,
RUE,2010,12,5,23,0.7,,,,,,,,931.9,,0.7,,0,0,0,0,0,0,0,,,,
RUE,2010,12,6,0,0.8,,,,,,,,931,,0.9,,0,0,0,0,0,0,0,,,,
RUE,2010,12,6,1,0.5,,,,,,,,930.7,,0.5,,0,0,0,0,0,0,0,,,,
RUE,2010,12,6,2,0.9,,,,,,,,930.1,,2,,0,0,0,0,0,0,0,,,,
RUE,2010,12,6,3,1.1,,,,,,,,929.2,,2.8,,0,0,0,0,0,0,0,,,,
RUE,2010,12,6,4,1.1,,,,,,,,928.4,,1.8,,0,0,0,0,0,0,0,,,,
RUE,2010,12,6,5,0.6,,,,,,,,927.5,,1.8,,0,0,0,0,0,0,0,,,,
RUE,2010,12,6,6,0.4,,,,,,,,926.8,,2,,0,0,0,0,0,0,0,,,,
RUE,2010,12,6,7,0.8,,,,,,,,926.7,,1.9,,1,0,0,0,0,0,0,,,,
RUE,2010,12,6,8,1.8,,,,,,,,926.8,,3,,10,0,0,0,0,0,0,,,,
RUE,2010,12,6,9,2.2,,,,,,,,926.6,,3.9,,37,5.7,36.3,0,0,0,0,,,,
RUE,2010,12,6,10,2.8,,,,,,,,926.2,,5,,67,5.3,65.8,0,0,0,0,,,,
RUE,2010,12,6,11,2.9,,,,,,,,925.7,,3.1,,97,6.5,95,0,0,0,0,,,,
RUE,2010,12,6,12,2.5,,,,,,,,925.4,,2.9,,85,4,83.6,0,0,0,0,,,,
RUE,2010,12,6,13,2.9,,,,,,,,924.9,,2.2,,70,2.8,69.1,0,0,0,0,,,,
RUE,2010,12,6,14,1.8,,,,,,,,924.9,,0.7,,35,1,34.7,0,0,0,0,,,,
RUE,2010,12,6,15,2.2,,,,,,,,924.6,,1.6,,12,0.2,12,0,0,0,0,,,,
RUE,2010,12,6,16,1.9,,,,,,,,924.9,,1,,0,0,0,0,0,0,0,,,,
RUE,2010,12,6,17,3.7,,,,,,,,924.9,,1.4,,0,0,0,0,0,0,0,,,,
RUE,2010,12,6,18,5.8,,,,,,,,925,,1.1,,0,0,0,0,0,0,0,,,,
RUE,2010,12,6,19,7,,,,,,,,925.1,,1.7,,0,0,0,0,0,0,0,,,,
RUE,2010,12,6,20,6.4,,,,,,,,925.2,,2.8,,0,0,0,0,0,0,0,,,,
RUE,2010,12,6,21,5,,,,,,,,925.7,,1.7,,0,0,0,0,0,0,0,,,,
RUE,2010,12,6,22,7.3,,,,,,,,926.2,,2.9,,0,0,0,0,0,0,0,,,,
RUE,2010,12,6,23,8.2,,,,,,,,926.6,,3.7,,0,0,0,0,0,0,0,,,,
RUE,2010,12,7,0,8.4,,,,,,,,926.9,,3.4,,0,0,0,0,0,0,0,,,,
RUE,2010,12,7,1,9.1,,,,,,,,927.6,,5.3,,0,0,0,0,0,0,0,,,,
RUE,2010,12,7,2,9.7,,,,,,,,928.2,,6.2,,0,0,0,0,0,0,0,,,,
RUE,2010,12,7,3,10,,,,,,,,928.5,,6.7,,0,0,0,0,0,0,0,,,,
RUE,2010,12,7,4,10.3,,,,,,,,928.9,,7.4,,0,0,0,0,0,0,0,,,,
RUE,2010,12,7,5,10.6,,,,,,,,929.3,,6.1,,0,0,0,0,0,0,0,,,,
RUE,2010,12,7,6,10.5,,,,,,,,929.7,,5.4,,0,0,0,0,0,0,0,,,,
RUE,2010,12,7,7,10.5,,,,,,,,930.1,,3.5,,10,0,0,0,0,0,0,,,,
RUE,2010,12,7,8,10.8,,,,,,,,930.3,,2.1,,74,0,0,0,0,0,0,,,,
RUE,2010,12,7,9,11.4,,,,,,,,930.5,,1.4,,123,802.7,26,0,0,0,0,,,,
RUE,2010,12,7,10,10.7,,,,,,,,930.3,,0.8,,161,235.3,106.9,0,0,0,0,,,,
RUE,2010,12,7,11,10.4,,,,,,,,929.8,,2.1,,200,179.5,145.3,0,0,0,0,,,,
RUE,2010,12,7,12,10.3,,,,,,,,929.1,,2.6,,155,32.1,144.1,0,0,0,0,,,,
RUE,2010,12,7,13,9.2,,,,,,,,929.4,,1,,76,3.3,74.9,0,0,0,0,,,,
RUE,2010,12,7,14,7.6,,,,,,,,929.4,,1.3,,40,1.3,39.6,0,0,0,0,,,,
RUE,2010,12,7,15,8,,,,,,,,929,,1.2,,7,0.1,7,0,0,0,0,,,,
RUE,2010,12,7,16,9.1,,,,,,,,929.1,,1.2,,0,0,0,0,0,0,0,,,,
RUE,2010,12,7,17,9.2,,,,,,,,929.2,,1.2,,0,0,0,0,0,0,0,,,,
RUE,2010,12,7,18,11.2,,,,,,,,929.7,,2.9,,0,0,0,0,0,0,0,,,,
RUE,2010,12,7,19,11,,,,,,,,929.9,,6.1,,0,0,0,0,0,0,0,,,,
RUE,2010,12,7,20,9.5,,,,,,,,930.9,,3.5,,0,0,0,0,0,0,0,,,,
RUE,2010,12,7,21,8.8,,,,,,,,930.9,,2.4,,0,0,0,0,0,0,0,,,,
RUE,2010,12,7,22,8.3,,,,,,,,931.3,,1.4,,0,0,0,0,0,0,0,,,,
RUE,2010,12,7,23,8,,,,,,,,931.7,,1,,0,0,0,0,0,0,0,,,,
RUE,2010,12,8,0,8.4,,,,,,,,931.6,,2.1,,0,0,0,0,0,0,0,,,,
RUE,2010,12,8,1,8.5,,,,,,,,931.6,,2.5,,0,0,0,0,0,0,0,,,,
RUE,2010,12,8,2,8.5,,,,,,,,931.5,,1.5,,0,0,0,0,0,0,0,,,,
RUE,2010,12,8,3,8.6,,,,,,,,931.4,,1.6,,0,0,0,0,0,0,0,,,,
RUE,2010,12,8,4,9,,,,,,,,931.2,,1.7,,0,0,0,0,0,0,0,,,,
RUE,2010,12,8,5,8.3,,,,,,,,931,,3.2,,0,0,0,0,0,0,0,,,,
RUE,2010,12,8,6,8.5,,,,,,,,930.7,,4.2,,0,0,0,0,0,0,0,,,,
RUE,2010,12,8,7,7.5,,,,,,,,930.8,,2.5,,8,0,0,0,0,0,0,,,,
RUE,2010,12,8,8,8.6,,,,,,,,931.1,,1,,62,0,0,0,0,0,0,,,,
RUE,2010,12,8,9,9.1,,,,,,,,931.4,,1,,44,11.8,42.6,0,0,0,0,,,,
RUE,2010,12,8,10,11,,,,,,,,931.3,,2,,108,39.1,99.1,0,0,0,0,,,,
RUE,2010,12,8,11,11,,,,,,,,931.3,,1.4,,128,21.9,121.4,0,0,0,0,,,,
RUE,2010,12,8,12,11,,,,,,,,930.9,,1.7,,124,11.1,120.2,0,0,0,0,,,,
RUE,2010,12,8,13,12.7,,,,,,,,930.6,,4.2,,167,53.1,149.4,0,0,0,0,,,,
RUE,2010,12,8,14,13.4,,,,,,,,930.6,,8.1,,67,3.6,66,0,0,0,0,,,,
RUE,2010,12,8,15,12.4,,,,,,,,930.8,,5.8,,14,0.3,13.9,0,0,0,0,,,,
RUE,2010,12,8,16,13.1,,,,,,,,930.4,,9.2,,0,0,0,0,0,0,0,,,,
RUE,2010,12,8,17,12.5,,,,,,,,930.6,,10.3,,0,0,0,0,0,0,0,,,,
RUE,2010,12,8,18,11.8,,,,,,,,931.5,,8.2,,0,0,0,0,0,0,0,,,,
RUE,2010,12,8,19,11.5,,,,,,,,931.9,,5.8,,0,0,0,0,0,0,0,,,,
RUE,2010,12,8,20,11.2,,,,,,,,932.6,,5.3,,0,0,0,0,0,0,0,,,,
RUE,2010,12,8,21,9.2,,,,,,,,934,,5,,0,0,0,0,0,0,0,,,,
RUE,2010,12,8,22,6.2,,,,,,,,935.6,,6.2,,0,0,0,0,0,0,0,,,,
RUE,2010,12,8,23,2.6,,,,,,,,937.8,,6,,0,0,0,0,0,0,0,,,,
RUE,2010,12,9,0,0.6,,,,,,,,939.5,,6.1,,0,0,0,0,0,0,0,,,,
RUE,2010,12,9,1,0.1,,,,,,,,941.3,,4.2,,0,0,0,0,0,0,0,,,,
RUE,2010,12,9,2,-0.4,,,,,,,,942.7,,3.9,,0,0,0,0,0,0,0,,,,
RUE,2010,12,9,3,-0.8,,,,,,,,944.1,,5.2,,0,0,0,0,0,0,0,,,,
RUE,2010,12,9,4,-1.1,,,,,,,,946.1,,3.2,,0,0,0,0,0,0,0,,,,
RUE,2010,12,9,5,-1.3,,,,,,,,947.7,,2.9,,0,0,0,0,0,0,0,,,,
RUE,2010,12,9,6,-1.7,,,,,,,,948.9,,3,,0,0,0,0,0,0,0,,,,
RUE,2010,12,9,7,-1.9,,,,,,,,950.1,,3,,7,0,0,0,0,0,0,,,,
RUE,2010,12,9,8,-1.8,,,,,,,,950.9,,3.1,,61,0,0,0,0,0,0,,,,
RUE,2010,12,9,9,-1.2,,,,,,,,951.6,,2.5,,119,816,24.4,0,0,0,0,,,,
RUE,2010,12,9,10,-0.7,,,,,,,,952.1,,3.1,,276,1023.7,45.5,0,0,0,0,,,,
RUE,2010,12,9,11,-0.3,,,,,,,,952.2,,3.2,,321,880,56.7,0,0,0,0,,,,
RUE,2010,12,9,12,-0.3,,,,,,,,952.4,,3.5,,180,70.9,156.2,0,0,0,0,,,,
RUE,2010,12,9,13,-0.4,,,,,,,,952.5,,3.4,,132,16.7,126.5,0,0,0,0,,,,
RUE,2010,12,9,14,-1,,,,,,,,953.2,,4.1,,98,9,95.5,0,0,0,0,,,,
RUE,2010,12,9,15,-1.6,,,,,,,,954.1,,3.7,,18,0.5,17.9,0,0,0,0,,,,
RUE,2010,12,9,16,-1.9,,,,,,,,954.7,,4.1,,0,0,0,0,0,0,0,,,,
RUE,2010,12,9,17,-2.1,,,,,,,,955.4,,3.3,,0,0,0,0,0,0,0,,,,
RUE,2010,12,9,18,-2,,,,,,,,956,,2.9,,0,0,0,0,0,0,0,,,,
RUE,2010,12,9,19,-1.7,,,,,,,,956.4,,2.6,,0,0,0,0,0,0,0,,,,
RUE,2010,12,9,20,-1.7,,,,,,,,956.8,,3.1,,0,0,0,0,0,0,0,,,,
RUE,2010,12,9,21,-2.1,,,,,,,,956.9,,3.7,,0,0,0,0,0,0,0,,,,
RUE,2010,12,9,22,-2.3,,,,,,,,957.3,,2.5,,0,0,0,0,0,0,0,,,,
RUE,2010,12,9,23,-2.5,,,,,,,,957.4,,2.6,,0,0,0,0,0,0,0,,,,
RUE,2010,12,10,0,-2.5,,,,,,,,957.2,,2.3,,0,0,0,0,0,0,0,,,,
RUE,2010,12,10,1,-2,,,,,,,,956.6,,3.4,,0,0,0,0,0,0,0,,,,
RUE,2010,12,10,2,-2.1,,,,,,,,956.9,,3.1,,0,0,0,0,0,0,0,,,,
RUE,2010,12,10,3,-2.1,,,,,,,,956.7,,3.4,,0,0,0,0,0,0,0,,,,
RUE,2010,12,10,4,-1.9,,,,,,,,956.4,,4.2,,0,0,0,0,0,0,0,,,,
RUE,2010,12,10,5,-1.8,,,,,,,,956.9,,3.6,,0,0,0,0,0,0,0,,,,
RUE,2010,12,10,6,-1.8,,,,,,,,957.3,,4.1,,0,0,0,0,0,0,0,,,,
RUE,2010,12,10,7,-1.7,,,,,,,,957.9,,4.4,,1,0,0,0,0,0,0,,,,
RUE,2010,12,10,8,-1.6,,,,,,,,958.4,,4.1,,14,0,0,0,0,0,0,,,,
RUE,2010,12,10,9,-1.2,,,,,,,,958.7,,3.3,,35,6.1,34.3,0,0,0,0,,,,
RUE,2010,12,10,10,-1.1,,,,,,,,958.5,,2.1,,57,4.2,56.1,0,0,0,0,,,,
RUE,2010,12,10,11,-0.9,,,,,,,,958.4,,1.6,,49,1.7,48.5,0,0,0,0,,,,
RUE,2010,12,10,12,-0.9,,,,,,,,958.6,,0.8,,38,0.8,37.7,0,0,0,0,,,,
RUE,2010,12,10,13,-0.5,,,,,,,,958.7,,1.7,,61,2.2,60.3,0,0,0,0,,,,
RUE,2010,12,10,14,-0.5,,,,,,,,958.5,,1.9,,41,1.4,40.6,0,0,0,0,,,,
RUE,2010,12,10,15,-0.5,,,,,,,,958.9,,1.2,,11,0.2,11,0,0,0,0,,,,
RUE,2010,12,10,16,-0.5,,,,,,,,958.8,,0.8,,0,0,0,0,0,0,0,,,,
RUE,2010,12,10,17,-0.6,,,,,,,,958.8,,0.7,,0,0,0,0,0,0,0,,,,
RUE,2010,12,10,18,-0.6,,,,,,,,958.8,,0.4,,0,0,0,0,0,0,0,,,,
RUE,2010,12,10,19,-0.1,,,,,,,,958.5,,0.7,,0,0,0,0,0,0,0,,,,
RUE,2010,12,10,20,0.3,,,,,,,,958.3,,1.2,,0,0,0,0,0,0,0,,,,
RUE,2010,12,10,21,0.3,,,,,,,,957.5,,1.7,,0,0,0,0,0,0,0,,,,
RUE,2010,12,10,22,0.6,,,,,,,,957,,2.1,,0,0,0,0,0,0,0,,,,
RUE,2010,12,10,23,0.6,,,,,,,,956.5,,1.6,,0,0,0,0,0,0,0,,,,
RUE,2010,12,11,0,0.6,,,,,,,,955.8,,1.5,,0,0,0,0,0,0,0,,,,
RUE,2010,12,11,1,0.6,,,,,,,,955.4,,2.2,,0,0,0,0,0,0,0,,,,
RUE,2010,12,11,2,0.7,,,,,,,,955,,2.2,,0,0,0,0,0,0,0,,,,
RUE,2010,12,11,3,1.1,,,,,,,,954.7,,4,,0,0,0,0,0,0,0,,,,
RUE,2010,12,11,4,1.2,,,,,,,,954.1,,3.9,,0,0,0,0,0,0,0,,,,
RUE,2010,12,11,5,1.3,,,,,,,,954.2,,4.4,,0,0,0,0,0,0,0,,,,
RUE,2010,12,11,6,1.4,,,,,,,,954.4,,4.9,,0,0,0,0,0,0,0,,,,
RUE,2010,12,11,7,2,,,,,,,,954.2,,5.1,,9,0,0,0,0,0,0,,,,
RUE,2010,12,11,8,2.6,,,,,,,,954,,4.4,,88,0,0,0,0,0,0,,,,
RUE,2010,12,11,9,2.6,,,,,,,,954,,3,,106,678.2,30.4,0,0,0,0,,,,
RUE,2010,12,11,10,3.3,,,,,,,,953.6,,4.2,,201,597.7,69,0,0,0,0,,,,
RUE,2010,12,11,11,4,,,,,,,,953.3,,4.2,,295,760.1,69.6,0,0,0,0,,,,
RUE,2010,12,11,12,3.9,,,,,,,,952.4,,5.1,,139,20.4,132.2,0,0,0,0,,,,
RUE,2010,12,11,13,3.7,,,,,,,,951.8,,3,,95,5.4,93.2,0,0,0,0,,,,
RUE,2010,12,11,14,3.5,,,,,,,,951.6,,2.9,,63,3.2,62.1,0,0,0,0,,,,
RUE,2010,12,11,15,3.1,,,,,,,,951.2,,4.2,,14,0.3,13.9,0,0,0,0,,,,
RUE,2010,12,11,16,2.7,,,,,,,,950.9,,4.5,,0,0,0,0,0,0,0,,,,
RUE,2010,12,11,17,2.5,,,,,,,,950.3,,3.8,,0,0,0,0,0,0,0,,,,
RUE,2010,12,11,18,2.3,,,,,,,,950.1,,3.3,,0,0,0,0,0,0,0,,,,
RUE,2010,12,11,19,2,,,,,,,,949.5,,3,,0,0,0,0,0,0,0,,,,
RUE,2010,12,11,20,1.9,,,,,,,,949,,2.8,,0,0,0,0,0,0,0,,,,
RUE,2010,12,11,21,1.5,,,,,,,,948.5,,2.4,,0,0,0,0,0,0,0,,,,
RUE,2010,12,11,22,1.4,,,,,,,,947.6,,2.9,,0,0,0,0,0,0,0,,,,
RUE,2010,12,11,23,1.1,,,,,,,,946.9,,3.4,,0,0,0,0,0,0,0,,,,
RUE,2010,12,12,0,1,,,,,,,,946.6,,2.4,,0,0,0,0,0,0,0,,,,
RUE,2010,12,12,1,0.8,,,,,,,,946.1,,2.6,,0,0,0,0,0,0,0,,,,
RUE,2010,12,12,2,0.7,,,,,,,,945.9,,2.5,,0,0,0,0,0,0,0,,,,
RUE,2010,12,12,3,0.6,,,,,,,,945.9,,3,,0,0,0,0,0,0,0,,,,
RUE,2010,12,12,4,0.5,,,,,,,,945.4,,2.5,,0,0,0,0,0,0,0,,,,
RUE,2010,12,12,5,0.4,,,,,,,,944.9,,1.5,,0,0,0,0,0,0,0,,,,
RUE,2010,12,12,6,0.2,,,,,,,,944.8,,0.9,,0,0,0,0,0,0,0,,,,
RUE,2010,12,12,7,0.3,,,,,,,,944.4,,1.4,,3,0,0,0,0,0,0,,,,
RUE,2010,12,12,8,0.2,,,,,,,,944.5,,1,,27,0,0,0,0,0,0,,,,
RUE,2010,12,12,9,0.6,,,,,,,,944.7,,1.3,,106,712.8,28,0,0,0,0,,,,
RUE,2010,12,12,10,1.2,,,,,,,,944.2,,2.1,,143,174.4,104.8,0,0,0,0,,,,
RUE,2010,12,12,11,1.8,,,,,,,,943.8,,2.2,,155,64.4,136,0,0,0,0,,,,
RUE,2010,12,12,12,1.7,,,,,,,,943.4,,2.7,,67,2.6,66.1,0,0,0,0,,,,
RUE,2010,12,12,13,1.6,,,,,,,,943.3,,2.3,,111,8.2,108.3,0,0,0,0,,,,
RUE,2010,12,12,14,1.5,,,,,,,,943.4,,2,,23,0.4,22.9,0,0,0,0,,,,
RUE,2010,12,12,15,0.4,,,,,,,,943.5,,2.3,,5,0,5,0,0,0,0,,,,
RUE,2010,12,12,16,-0.3,,,,,,,,943.6,,1.9,,0,0,0,0,0,0,0,,,,
RUE,2010,12,12,17,0.2,,,,,,,,943.7,,1.5,,0,0,0,0,0,0,0,,,,
RUE,2010,12,12,18,0.5,,,,,,,,943.9,,2.2,,0,0,0,0,0,0,0,,,,
RUE,2010,12,12,19,0.2,,,,,,,,943.8,,1.6,,0,0,0,0,0,0,0,,,,
RUE,2010,12,12,20,-0.1,,,,,,,,943.9,,1.2,,0,0,0,0,0,0,0,,,,
RUE,2010,12,12,21,-0.1,,,,,,,,943.7,,1.9,,0,0,0,0,0,0,0,,,,
RUE,2010,12,12,22,0,,,,,,,,943.6,,1.5,,0,0,0,0,0,0,0,,,,
RUE,2010,12,12,23,0,,,,,,,,943.6,,1.8,,0,0,0,0,0,0,0,,,,
RUE,2010,12,13,0,-0.3,,,,,,,,943.6,,1.8,,0,0,0,0,0,0,0,,,,
RUE,2010,12,13,1,-0.2,,,,,,,,943.7,,1.7,,0,0,0,0,0,0,0,,,,
RUE,2010,12,13,2,-0.4,,,,,,,,944,,2.5,,0,0,0,0,0,0,0,,,,
RUE,2010,12,13,3,-0.7,,,,,,,,944.1,,2.7,,0,0,0,0,0,0,0,,,,
RUE,2010,12,13,4,-0.9,,,,,,,,944.4,,2,,0,0,0,0,0,0,0,,,,
RUE,2010,12,13,5,-1.4,,,,,,,,944.8,,1.7,,0,0,0,0,0,0,0,,,,
RUE,2010,12,13,6,-1.9,,,,,,,,945.2,,2.8,,0,0,0,0,0,0,0,,,,
RUE,2010,12,13,7,-2.1,,,,,,,,945.9,,1.9,,3,0,0,0,0,0,0,,,,
RUE,2010,12,13,8,-2.7,,,,,,,,946.7,,1.9,,11,0,0,0,0,0,0,,,,
RUE,2010,12,13,9,-3.2,,,,,,,,947.4,,1,,55,56.7,48.9,0,0,0,0,,,,
RUE,2010,12,13,10,-2.7,,,,,,,,947.8,,1.5,,205,664.1,60.8,0,0,0,0,,,,
RUE,2010,12,13,11,-2.6,,,,,,,,947.7,,1.7,,137,35.8,126.5,0,0,0,0,,,,
RUE,2010,12,13,12,-2.4,,,,,,,,947.4,,2.8,,211,158.9,158.6,0,0,0,0,,,,
RUE,2010,12,13,13,-2.7,,,,,,,,947.3,,2.2,,131,17.1,125.4,0,0,0,0,,,,
RUE,2010,12,13,14,-2.9,,,,,,,,947.5,,1.7,,93,7.7,90.9,0,0,0,0,,,,
RUE,2010,12,13,15,-3.4,,,,,,,,947.6,,1,,26,1.2,25.8,0,0,0,0,,,,
RUE,2010,12,13,16,-4,,,,,,,,947.9,,0.8,,0,0,0,0,0,0,0,,,,
RUE,2010,12,13,17,-4.8,,,,,,,,948.1,,1.2,,0,0,0,0,0,0,0,,,,
RUE,2010,12,13,18,-5.1,,,,,,,,948.3,,0.7,,0,0,0,0,0,0,0,,,,
RUE,2010,12,13,19,-5.2,,,,,,,,948.2,,0.8,,0,0,0,0,0,0,0,,,,
RUE,2010,12,13,20,-5.3,,,,,,,,948.2,,0.5,,0,0,0,0,0,0,0,,,,
RUE,2010,12,13,21,-5.3,,,,,,,,948.2,,0.6,,0,0,0,0,0,0,0,,,,
RUE,2010,12,13,22,-6,,,,,,,,948,,0.7,,0,0,0,0,0,0,0,,,,
RUE,2010,12,13,23,-6.6,,,,,,,,947.6,,0.6,,0,0,0,0,0,0,0,,,,
RUE,2010,12,14,0,-7.2,,,,,,,,947,,0.8,,0,0,0,0,0,0,0,,,,
RUE,2010,12,14,1,-7.4,,,,,,,,946.9,,0.8,,0,0,0,0,0,0,0,,,,
RUE,2010,12,14,2,-7.2,,,,,,,,946.7,,0.4,,0,0,0,0,0,0,0,,,,
RUE,2010,12,14,3,-6.7,,,,,,,,946.3,,0.7,,0,0,0,0,0,0,0,,,,
RUE,2010,12,14,4,-6.3,,,,,,,,946.5,,0.5,,0,0,0,0,0,0,0,,,,
RUE,2010,12,14,5,-6.1,,,,,,,,946.7,,0.7,,0,0,0,0,0,0,0,,,,
RUE,2010,12,14,6,-6.2,,,,,,,,947,,0.7,,0,0,0,0,0,0,0,,,,
RUE,2010,12,14,7,-6.1,,,,,,,,947.4,,0.6,,1,0,0,0,0,0,0,,,,
RUE,2010,12,14,8,-6,,,,,,,,948.1,,0.4,,27,0,0,0,0,0,0,,,,
RUE,2010,12,14,9,-5.6,,,,,,,,948.6,,0.8,,73,222.4,49.5,0,0,0,0,,,,
RUE,2010,12,14,10,-5.3,,,,,,,,949.1,,1.3,,99,33,91.9,0,0,0,0,,,,
RUE,2010,12,14,11,-5.2,,,,,,,,949.3,,1.7,,136,35.3,125.7,0,0,0,0,,,,
RUE,2010,12,14,12,-5.1,,,,,,,,949.5,,1.6,,155,37.4,142.7,0,0,0,0,,,,
RUE,2010,12,14,13,-5,,,,,,,,949.8,,1.3,,95,5.5,93.2,0,0,0,0,,,,
RUE,2010,12,14,14,-5,,,,,,,,950.1,,1.5,,43,1.5,42.6,0,0,0,0,,,,
RUE,2010,12,14,15,-5.2,,,,,,,,950.6,,1.3,,11,0.2,11,0,0,0,0,,,,
RUE,2010,12,14,16,-5.5,,,,,,,,951.2,,1.4,,0,0,0,0,0,0,0,,,,
RUE,2010,12,14,17,-5.6,,,,,,,,951.7,,1.4,,0,0,0,0,0,0,0,,,,
RUE,2010,12,14,18,-5.6,,,,,,,,952,,1.2,,0,0,0,0,0,0,0,,,,
RUE,2010,12,14,19,-5.8,,,,,,,,952.3,,1.3,,0,0,0,0,0,0,0,,,,
RUE,2010,12,14,20,-6.1,,,,,,,,952.5,,1.6,,0,0,0,0,0,0,0,,,,
RUE,2010,12,14,21,-6.2,,,,,,,,952.8,,1.8,,0,0,0,0,0,0,0,,,,
RUE,2010,12,14,22,-6.3,,,,,,,,953.2,,1.2,,0,0,0,0,0,0,0,,,,
RUE,2010,12,14,23,-6.9,,,,,,,,953.1,,1.3,,0,0,0,0,0,0,0,,,,
RUE,2010,12,15,0,-7.4,,,,,,,,953.2,,1.1,,0,0,0,0,0,0,0,,,,
RUE,2010,12,15,1,-7.6,,,,,,,,953.3,,1,,0,0,0,0,0,0,0,,,,
RUE,2010,12,15,2,-7.7,,,,,,,,953.4,,0.8,,0,0,0,0,0,0,0,,,,
RUE,2010,12,15,3,-7.9,,,,,,,,953.4,,0.6,,0,0,0,0,0,0,0,,,,
RUE,2010,12,15,4,-7.7,,,,,,,,953.3,,0.8,,0,0,0,0,0,0,0,,,,
RUE,2010,12,15,5,-7.5,,,,,,,,953.3,,1.2,,0,0,0,0,0,0,0,,,,
RUE,2010,12,15,6,-7.1,,,,,,,,953.4,,1.2,,0,0,0,0,0,0,0,,,,
RUE,2010,12,15,7,-6.6,,,,,,,,953.7,,1.9,,3,0,0,0,0,0,0,,,,
RUE,2010,12,15,8,-6.7,,,,,,,,953.9,,1.9,,31,0,0,0,0,0,0,,,,
RUE,2010,12,15,9,-6.7,,,,,,,,954.1,,2.5,,68,177.3,49.6,0,0,0,0,,,,
RUE,2010,12,15,10,-6.6,,,,,,,,953.9,,2.5,,116,74.8,100,0,0,0,0,,,,
RUE,2010,12,15,11,-6.5,,,,,,,,953.4,,2.4,,135,34.8,124.9,0,0,0,0,,,,
RUE,2010,12,15,12,-6.3,,,,,,,,952.6,,2,,149,31.1,138.8,0,0,0,0,,,,
RUE,2010,12,15,13,-6.2,,,,,,,,951.9,,1.6,,152,36.9,140.1,0,0,0,0,,,,
RUE,2010,12,15,14,-6.2,,,,,,,,951.7,,0.7,,93,7.8,90.8,0,0,0,0,,,,
RUE,2010,12,15,15,-6.2,,,,,,,,951.5,,1.1,,21,0.8,20.9,0,0,0,0,,,,
RUE,2010,12,15,16,-6.4,,,,,,,,951.3,,1.1,,0,0,0,0,0,0,0,,,,
RUE,2010,12,15,17,-6.7,,,,,,,,951,,0.8,,0,0,0,0,0,0,0,,,,
RUE,2010,12,15,18,-7,,,,,,,,950.6,,0.7,,0,0,0,0,0,0,0,,,,
RUE,2010,12,15,19,-7.2,,,,,,,,950.3,,0.7,,0,0,0,0,0,0,0,,,,
RUE,2010,12,15,20,-7.3,,,,,,,,949.9,,0.7,,0,0,0,0,0,0,0,,,,
RUE,2010,12,15,21,-7.2,,,,,,,,949.5,,0.6,,0,0,0,0,0,0,0,,,,
RUE,2010,12,15,22,-7.2,,,,,,,,949.1,,0.7,,0,0,0,0,0,0,0,,,,
RUE,2010,12,15,23,-7,,,,,,,,948.6,,0.7,,0,0,0,0,0,0,0,,,,
RUE,2010,12,16,0,-6.9,,,,,,,,947.9,,0.7,,0,0,0,0,0,0,0,,,,
RUE,2010,12,16,1,-6.8,,,,,,,,947.2,,0.5,,0,0,0,0,0,0,0,,,,
RUE,2010,12,16,2,-7,,,,,,,,946.7,,0.5,,0,0,0,0,0,0,0,,,,
RUE,2010,12,16,3,-6.8,,,,,,,,946.4,,0.9,,0,0,0,0,0,0,0,,,,
RUE,2010,12,16,4,-6.7,,,,,,,,946.3,,0.8,,0,0,0,0,0,0,0,,,,
RUE,2010,12,16,5,-6.7,,,,,,,,946.1,,0.9,,0,0,0,0,0,0,0,,,,
RUE,2010,12,16,6,-7.1,,,,,,,,945.6,,1,,0,0,0,0,0,0,0,,,,
RUE,2010,12,16,7,-7,,,,,,,,945.2,,1.3,,3,0,0,0,0,0,0,,,,
RUE,2010,12,16,8,-6.6,,,,,,,,944.9,,0.9,,36,0,0,0,0,0,0,,,,
RUE,2010,12,16,9,-6.5,,,,,,,,944.5,,0.8,,85,449.5,39.2,0,0,0,0,,,,
RUE,2010,12,16,10,-6.1,,,,,,,,943.8,,1.2,,149,235.2,99.1,0,0,0,0,,,,
RUE,2010,12,16,11,-6,,,,,,,,942.8,,0.9,,230,380.6,119.9,0,0,0,0,,,,
RUE,2010,12,16,12,-5.7,,,,,,,,941.7,,1,,196,119.1,157.1,0,0,0,0,,,,
RUE,2010,12,16,13,-5.6,,,,,,,,940.6,,0.6,,181,87.5,152.8,0,0,0,0,,,,
RUE,2010,12,16,14,-5.6,,,,,,,,939.7,,0.5,,97,9.1,94.5,0,0,0,0,,,,
RUE,2010,12,16,15,-5.6,,,,,,,,938.9,,0.8,,19,0.6,18.9,0,0,0,0,,,,
RUE,2010,12,16,16,-3.9,,,,,,,,937.3,,4.3,,0,0,0,0,0,0,0,,,,
RUE,2010,12,16,17,-3.5,,,,,,,,936,,3.9,,0,0,0,0,0,0,0,,,,
RUE,2010,12,16,18,-3.3,,,,,,,,934.5,,5.4,,0,0,0,0,0,0,0,,,,
RUE,2010,12,16,19,-3.3,,,,,,,,933.3,,6.3,,0,0,0,0,0,0,0,,,,
RUE,2010,12,16,20,-2.7,,,,,,,,931.8,,5.9,,0,0,0,0,0,0,0,,,,
RUE,2010,12,16,21,-2,,,,,,,,930.2,,7.3,,0,0,0,0,0,0,0,,,,
RUE,2010,12,16,22,-1.5,,,,,,,,928.8,,9.3,,0,0,0,0,0,0,0,,,,
RUE,2010,12,16,23,-1,,,,,,,,927.3,,10.3,,0,0,0,0,0,0,0,,,,
RUE,2010,12,17,0,-0.9,,,,,,,,925.5,,12,,0,0,0,0,0,0,0,,,,
RUE,2010,12,17,1,-0.9,,,,,,,,924.5,,9.8,,0,0,0,0,0,0,0,,,,
RUE,2010,12,17,2,-0.6,,,,,,,,923.1,,9.7,,0,0,0,0,0,0,0,,,,
RUE,2010,12,17,3,-0.4,,,,,,,,922,,7.4,,0,0,0,0,0,0,0,,,,
RUE,2010,12,17,4,0,,,,,,,,921.2,,7,,0,0,0,0,0,0,0,,,,
RUE,2010,12,17,5,0.5,,,,,,,,920.4,,5.9,,0,0,0,0,0,0,0,,,,
RUE,2010,12,17,6,0.1,,,,,,,,920.2,,3.6,,0,0,0,0,0,0,0,,,,
RUE,2010,12,17,7,-0.5,,,,,,,,920.8,,4.9,,0,0,0,0,0,0,0,,,,
RUE,2010,12,17,8,-0.7,,,,,,,,921.5,,5,,41,0,0,0,0,0,0,,,,
RUE,2010,12,17,9,-1,,,,,,,,922.3,,3.6,,51,54.2,45.6,0,0,0,0,,,,
RUE,2010,12,17,10,-2,,,,,,,,923.2,,2.8,,67,6.6,65.6,0,0,0,0,,,,
RUE,2010,12,17,11,-2.2,,,,,,,,923.6,,3.2,,109,12.6,105.4,0,0,0,0,,,,
RUE,2010,12,17,12,-2.7,,,,,,,,923.8,,3.9,,107,7.2,104.6,0,0,0,0,,,,
RUE,2010,12,17,13,-3.3,,,,,,,,924,,3.9,,85,4.4,83.6,0,0,0,0,,,,
RUE,2010,12,17,14,-3.7,,,,,,,,924.6,,3.9,,41,1.4,40.6,0,0,0,0,,,,
RUE,2010,12,17,15,-4,,,,,,,,925.3,,2.8,,12,0.2,12,0,0,0,0,,,,
RUE,2010,12,17,16,-4.4,,,,,,,,925.9,,2.9,,0,0,0,0,0,0,0,,,,
RUE,2010,12,17,17,-4.9,,,,,,,,926.2,,1.5,,0,0,0,0,0,0,0,,,,
RUE,2010,12,17,18,-5.1,,,,,,,,926.4,,1.3,,0,0,0,0,0,0,0,,,,
RUE,2010,12,17,19,-5.5,,,,,,,,926.8,,0.7,,0,0,0,0,0,0,0,,,,
RUE,2010,12,17,20,-5.6,,,,,,,,927.1,,0.9,,0,0,0,0,0,0,0,,,,
RUE,2010,12,17,21,-5.6,,,,,,,,927.2,,0.9,,0,0,0,0,0,0,0,,,,
RUE,2010,12,17,22,-6.2,,,,,,,,927.2,,0.6,,0,0,0,0,0,0,0,,,,
RUE,2010,12,17,23,-6.2,,,,,,,,927.3,,0.6,,0,0,0,0,0,0,0,,,,
RUE,2010,12,18,0,-6.6,,,,,,,,927.2,,0.4,,0,0,0,0,0,0,0,,,,
RUE,2010,12,18,1,-7.1,,,,,,,,927.4,,0.9,,0,0,0,0,0,0,0,,,,
RUE,2010,12,18,2,-6.9,,,,,,,,927.5,,0.7,,0,0,0,0,0,0,0,,,,
RUE,2010,12,18,3,-6.9,,,,,,,,927.4,,0.8,,0,0,0,0,0,0,0,,,,
RUE,2010,12,18,4,-7.1,,,,,,,,927.3,,1.7,,0,0,0,0,0,0,0,,,,
RUE,2010,12,18,5,-6.5,,,,,,,,927.4,,1.3,,0,0,0,0,0,0,0,,,,
RUE,2010,12,18,6,-5.3,,,,,,,,927.6,,3.1,,0,0,0,0,0,0,0,,,,
RUE,2010,12,18,7,-4.7,,,,,,,,928,,3.7,,2,0,0,0,0,0,0,,,,
RUE,2010,12,18,8,-4.5,,,,,,,,928.5,,1.4,,25,0,0,0,0,0,0,,,,
RUE,2010,12,18,9,-3.9,,,,,,,,928.9,,1.4,,129,1088.9,21.3,0,0,0,0,,,,
RUE,2010,12,18,10,-3.1,,,,,,,,929,,4.1,,250,995.8,41.2,0,0,0,0,,,,
RUE,2010,12,18,11,-3.8,,,,,,,,929.1,,1.4,,282,735.3,70.8,0,0,0,0,,,,
RUE,2010,12,18,12,-3.8,,,,,,,,929,,1,,243,300.1,145.3,0,0,0,0,,,,
RUE,2010,12,18,13,-3.5,,,,,,,,929.2,,1,,157,44.2,142.8,0,0,0,0,,,,
RUE,2010,12,18,14,-2.8,,,,,,,,929.6,,1.2,,176,154.6,133.2,0,0,0,0,,,,
RUE,2010,12,18,15,-2.7,,,,,,,,929.7,,2.5,,38,2.5,37.5,0,0,0,0,,,,
RUE,2010,12,18,16,-3,,,,,,,,930,,3.2,,0,0,0,0,0,0,0,,,,
RUE,2010,12,18,17,-3.5,,,,,,,,930.3,,1.8,,0,0,0,0,0,0,0,,,,
RUE,2010,12,18,18,-4,,,,,,,,930.2,,2.3,,0,0,0,0,0,0,0,,,,
RUE,2010,12,18,19,-4.3,,,,,,,,930,,2.8,,0,0,0,0,0,0,0,,,,
RUE,2010,12,18,20,-4.5,,,,,,,,929.8,,3.6,,0,0,0,0,0,0,0,,,,
RUE,2010,12,18,21,-4.9,,,,,,,,929.4,,3.7,,0,0,0,0,0,0,0,,,,
RUE,2010,12,18,22,-4.8,,,,,,,,928.9,,5,,0,0,0,0,0,0,0,,,,
RUE,2010,12,18,23,-4.2,,,,,,,,928.4,,3.1,,0,0,0,0,0,0,0,,,,
RUE,2010,12,19,0,-4.8,,,,,,,,928,,4,,0,0,0,0,0,0,0,,,,
RUE,2010,12,19,1,-0.6,,,,,,,,927.6,,4.4,,0,0,0,0,0,0,0,,,,
RUE,2010,12,19,2,1.8,,,,,,,,927.6,,9.9,,0,0,0,0,0,0,0,,,,
RUE,2010,12,19,3,2.2,,,,,,,,928.3,,7,,0,0,0,0,0,0,0,,,,
RUE,2010,12,19,4,2.5,,,,,,,,928.4,,7.1,,0,0,0,0,0,0,0,,,,
RUE,2010,12,19,5,2,,,,,,,,928.6,,3.2,,0,0,0,0,0,0,0,,,,
RUE,2010,12,19,6,-1.4,,,,,,,,928.8,,2.5,,0,0,0,0,0,0,0,,,,
RUE,2010,12,19,7,-1.4,,,,,,,,928.8,,2.4,,6,0,0,0,0,0,0,,,,
RUE,2010,12,19,8,-0.8,,,,,,,,928.8,,2.6,,35,0,0,0,0,0,0,,,,
RUE,2010,12,19,9,-0.5,,,,,,,,928.7,,4,,71,271.7,44.5,0,0,0,0,,,,
RUE,2010,12,19,10,0.5,,,,,,,,928.5,,2.9,,170,416.1,83.3,0,0,0,0,,,,
RUE,2010,12,19,11,1.1,,,,,,,,927.7,,4,,127,27.4,119.1,0,0,0,0,,,,
RUE,2010,12,19,12,2.8,,,,,,,,927,,4.6,,88,4.7,86.5,0,0,0,0,,,,
RUE,2010,12,19,13,2.8,,,,,,,,926.5,,3.7,,62,2.4,61.2,0,0,0,0,,,,
RUE,2010,12,19,14,1.2,,,,,,,,926.3,,3.5,,38,1.2,37.7,0,0,0,0,,,,
RUE,2010,12,19,15,1.3,,,,,,,,926.4,,5.3,,13,0.3,12.9,0,0,0,0,,,,
RUE,2010,12,19,16,2.8,,,,,,,,926.2,,5.5,,0,0,0,0,0,0,0,,,,
RUE,2010,12,19,17,4.3,,,,,,,,926.1,,6.2,,0,0,0,0,0,0,0,,,,
RUE,2010,12,19,18,6.9,,,,,,,,925.7,,10,,0,0,0,0,0,0,0,,,,
RUE,2010,12,19,19,7.8,,,,,,,,925.3,,15.1,,0,0,0,0,0,0,0,,,,
RUE,2010,12,19,20,7.9,,,,,,,,925.8,,14.8,,0,0,0,0,0,0,0,,,,
RUE,2010,12,19,21,7.9,,,,,,,,926.3,,14,,0,0,0,0,0,0,0,,,,
RUE,2010,12,19,22,7.2,,,,,,,,927.4,,11.8,,0,0,0,0,0,0,0,,,,
RUE,2010,12,19,23,6.3,,,,,,,,928.5,,10.5,,0,0,0,0,0,0,0,,,,
RUE,2010,12,20,0,5.9,,,,,,,,929.5,,7.1,,0,0,0,0,0,0,0,,,,
RUE,2010,12,20,1,5.1,,,,,,,,930.3,,3.5,,0,0,0,0,0,0,0,,,,
RUE,2010,12,20,2,3.4,,,,,,,,931.2,,3.1,,0,0,0,0,0,0,0,,,,
RUE,2010,12,20,3,2,,,,,,,,931.7,,2.9,,0,0,0,0,0,0,0,,,,
RUE,2010,12,20,4,1.6,,,,,,,,931.3,,0.9,,0,0,0,0,0,0,0,,,,
RUE,2010,12,20,5,1.5,,,,,,,,930.9,,0.8,,0,0,0,0,0,0,0,,,,
RUE,2010,12,20,6,1.4,,,,,,,,931,,0.9,,0,0,0,0,0,0,0,,,,
RUE,2010,12,20,7,2.4,,,,,,,,930.5,,2.5,,2,0,0,0,0,0,0,,,,
RUE,2010,12,20,8,6,,,,,,,,930.1,,7.7,,21,0,0,0,0,0,0,,,,
RUE,2010,12,20,9,7.3,,,,,,,,930.1,,10,,132,1144.7,21.8,0,0,0,0,,,,
RUE,2010,12,20,10,8,,,,,,,,930.8,,11.5,,238,958,39.3,0,0,0,0,,,,
RUE,2010,12,20,11,8,,,,,,,,930.9,,11.3,,204,252.1,132,0,0,0,0,,,,
RUE,2010,12,20,12,7.8,,,,,,,,931.2,,11.4,,113,8.9,110.1,0,0,0,0,,,,
RUE,2010,12,20,13,7.2,,,,,,,,931.9,,9.7,,43,1.1,42.6,0,0,0,0,,,,
RUE,2010,12,20,14,7.4,,,,,,,,932.6,,9.6,,52,2.2,51.4,0,0,0,0,,,,
RUE,2010,12,20,15,7.3,,,,,,,,933.5,,8.6,,4,0,4,0,0,0,0,,,,
RUE,2010,12,20,16,7.2,,,,,,,,934.1,,7.6,,0,0,0,0,0,0,0,,,,
RUE,2010,12,20,17,7.2,,,,,,,,934.3,,6.9,,0,0,0,0,0,0,0,,,,
RUE,2010,12,20,18,7.1,,,,,,,,934.8,,5.8,,0,0,0,0,0,0,0,,,,
RUE,2010,12,20,19,5.1,,,,,,,,935.2,,1.7,,0,0,0,0,0,0,0,,,,
RUE,2010,12,20,20,4.5,,,,,,,,935.4,,1.6,,0,0,0,0,0,0,0,,,,
RUE,2010,12,20,21,4.3,,,,,,,,935.5,,0.8,,0,0,0,0,0,0,0,,,,
RUE,2010,12,20,22,4.2,,,,,,,,935.3,,1.5,,0,0,0,0,0,0,0,,,,
RUE,2010,12,20,23,3.9,,,,,,,,935.1,,1.7,,0,0,0,0,0,0,0,,,,
RUE,2010,12,21,0,3.7,,,,,,,,934.9,,1.4,,0,0,0,0,0,0,0,,,,
RUE,2010,12,21,1,3.5,,,,,,,,934.7,,0.9,,0,0,0,0,0,0,0,,,,
RUE,2010,12,21,2,4.9,,,,,,,,934.3,,2.6,,0,0,0,0,0,0,0,,,,
RUE,2010,12,21,3,5.3,,,,,,,,934,,2.5,,0,0,0,0,0,0,0,,,,
RUE,2010,12,21,4,5.9,,,,,,,,933.8,,1.5,,0,0,0,0,0,0,0,,,,
RUE,2010,12,21,5,5.8,,,,,,,,933.7,,0.9,,0,0,0,0,0,0,0,,,,
RUE,2010,12,21,6,4.6,,,,,,,,933.6,,2.1,,0,0,0,0,0,0,0,,,,
RUE,2010,12,21,7,5.1,,,,,,,,933.4,,3.1,,4,0,0,0,0,0,0,,,,
RUE,2010,12,21,8,6.4,,,,,,,,933.7,,4.9,,43,0,0,0,0,0,0,,,,
RUE,2010,12,21,9,6.5,,,,,,,,934.2,,2.2,,94,746.1,23,0,0,0,0,,,,
RUE,2010,12,21,10,7.1,,,,,,,,934.2,,3.4,,94,31.2,87.5,0,0,0,0,,,,
RUE,2010,12,21,11,7.6,,,,,,,,933.7,,4.2,,82,5.3,80.5,0,0,0,0,,,,
RUE,2010,12,21,12,7.2,,,,,,,,933.5,,1.8,,35,0.7,34.8,0,0,0,0,,,,
RUE,2010,12,21,13,5.4,,,,,,,,933.6,,1.1,,20,0.2,19.9,0,0,0,0,,,,
RUE,2010,12,21,14,4.8,,,,,,,,933.2,,1.3,,13,0.1,13,0,0,0,0,,,,
RUE,2010,12,21,15,3.7,,,,,,,,933.1,,1.9,,2,0,2,0,0,0,0,,,,
RUE,2010,12,21,16,3.4,,,,,,,,932.9,,2.1,,0,0,0,0,0,0,0,,,,
RUE,2010,12,21,17,3.4,,,,,,,,932.6,,0.9,,0,0,0,0,0,0,0,,,,
RUE,2010,12,21,18,4,,,,,,,,932.2,,2.4,,0,0,0,0,0,0,0,,,,
RUE,2010,12,21,19,3.6,,,,,,,,932,,1.8,,0,0,0,0,0,0,0,,,,
RUE,2010,12,21,20,3.6,,,,,,,,931.5,,3.9,,0,0,0,0,0,0,0,,,,
RUE,2010,12,21,21,3.3,,,,,,,,931.2,,3.7,,0,0,0,0,0,0,0,,,,
RUE,2010,12,21,22,3.5,,,,,,,,930.7,,3.8,,0,0,0,0,0,0,0,,,,
RUE,2010,12,21,23,3.8,,,,,,,,930.7,,2.5,,0,0,0,0,0,0,0,,,,
RUE,2010,12,22,0,3.8,,,,,,,,930.5,,0.9,,0,0,0,0,0,0,0,,,,
RUE,2010,12,22,1,3.5,,,,,,,,930.6,,0.6,,0,0,0,0,0,0,0,,,,
RUE,2010,12,22,2,3.3,,,,,,,,930.6,,0.6,,0,0,0,0,0,0,0,,,,
RUE,2010,12,22,3,3.4,,,,,,,,930.5,,0.6,,0,0,0,0,0,0,0,,,,
RUE,2010,12,22,4,3.8,,,,,,,,930.4,,1.2,,0,0,0,0,0,0,0,,,,
RUE,2010,12,22,5,4.3,,,,,,,,930.3,,2.3,,0,0,0,0,0,0,0,,,,
RUE,2010,12,22,6,4.1,,,,,,,,930.3,,2.6,,0,0,0,0,0,0,0,,,,
RUE,2010,12,22,7,4,,,,,,,,930.6,,3.1,,0,0,0,0,0,0,0,,,,
RUE,2010,12,22,8,4,,,,,,,,930.8,,3.3,,5,0,0,0,0,0,0,,,,
RUE,2010,12,22,9,3.9,,,,,,,,931,,2.5,,25,4.5,24.6,0,0,0,0,,,,
RUE,2010,12,22,10,4.3,,,,,,,,931,,2.5,,59,5.2,57.9,0,0,0,0,,,,
RUE,2010,12,22,11,4.8,,,,,,,,930.6,,2.1,,66,3.4,65,0,0,0,0,,,,
RUE,2010,12,22,12,4.7,,,,,,,,930.3,,1.8,,69,2.9,68.1,0,0,0,0,,,,
RUE,2010,12,22,13,4.6,,,,,,,,929.9,,2.5,,92,5.2,90.3,0,0,0,0,,,,
RUE,2010,12,22,14,5.1,,,,,,,,929.3,,3.1,,110,15.5,105.7,0,0,0,0,,,,
RUE,2010,12,22,15,4.8,,,,,,,,929,,2.2,,33,1.8,32.6,0,0,0,0,,,,
RUE,2010,12,22,16,4.3,,,,,,,,928.8,,2,,0,0,0,0,0,0,0,,,,
RUE,2010,12,22,17,4.1,,,,,,,,928.7,,2.1,,0,0,0,0,0,0,0,,,,
RUE,2010,12,22,18,3.5,,,,,,,,928.8,,1.2,,0,0,0,0,0,0,0,,,,
RUE,2010,12,22,19,4.3,,,,,,,,928.5,,2.3,,0,0,0,0,0,0,0,,,,
RUE,2010,12,22,20,5.1,,,,,,,,928.2,,2.2,,0,0,0,0,0,0,0,,,,
RUE,2010,12,22,21,4.7,,,,,,,,928,,1.4,,0,0,0,0,0,0,0,,,,
RUE,2010,12,22,22,4.6,,,,,,,,928.1,,1.5,,0,0,0,0,0,0,0,,,,
RUE,2010,12,22,23,4.6,,,,,,,,928.1,,1.3,,0,0,0,0,0,0,0,,,,
RUE,2010,12,23,0,4.6,,,,,,,,927.9,,1.2,,0,0,0,0,0,0,0,,,,
RUE,2010,12,23,1,4.2,,,,,,,,927.5,,1,,0,0,0,0,0,0,0,,,,
RUE,2010,12,23,2,4.2,,,,,,,,927.2,,0.7,,0,0,0,0,0,0,0,,,,
RUE,2010,12,23,3,4.3,,,,,,,,926.4,,1.4,,0,0,0,0,0,0,0,,,,
RUE,2010,12,23,4,3.9,,,,,,,,925.7,,1.6,,0,0,0,0,0,0,0,,,,
RUE,2010,12,23,5,3.9,,,,,,,,925.4,,1.8,,0,0,0,0,0,0,0,,,,
RUE,2010,12,23,6,3.3,,,,,,,,925.1,,1.3,,0,0,0,0,0,0,0,,,,
RUE,2010,12,23,7,4.1,,,,,,,,924.9,,1.1,,4,0,0,0,0,0,0,,,,
RUE,2010,12,23,8,4.1,,,,,,,,924.9,,1.1,,51,0,0,0,0,0,0,,,,
RUE,2010,12,23,9,3.9,,,,,,,,925.1,,1.1,,84,579.2,30,0,0,0,0,,,,
RUE,2010,12,23,10,4.1,,,,,,,,924.9,,0.8,,105,56.3,93.5,0,0,0,0,,,,
RUE,2010,12,23,11,5.4,,,,,,,,924.3,,0.7,,155,76.6,133.3,0,0,0,0,,,,
RUE,2010,12,23,12,6.7,,,,,,,,924.3,,0.4,,167,58,148.2,0,0,0,0,,,,
RUE,2010,12,23,13,6.8,,,,,,,,924.2,,0.6,,112,8.8,109.2,0,0,0,0,,,,
RUE,2010,12,23,14,6.1,,,,,,,,924.1,,0.6,,44,1.6,43.6,0,0,0,0,,,,
RUE,2010,12,23,15,5.3,,,,,,,,924.2,,0.3,,13,0.3,12.9,0,0,0,0,,,,
RUE,2010,12,23,16,4.6,,,,,,,,924.2,,0.7,,0,0,0,0,0,0,0,,,,
RUE,2010,12,23,17,3.8,,,,,,,,924.1,,0.2,,0,0,0,0,0,0,0,,,,
RUE,2010,12,23,18,2.5,,,,,,,,924.2,,0.5,,0,0,0,0,0,0,0,,,,
RUE,2010,12,23,19,1.8,,,,,,,,924.1,,0.6,,0,0,0,0,0,0,0,,,,
RUE,2010,12,23,20,2,,,,,,,,924.2,,1,,0,0,0,0,0,0,0,,,,
RUE,2010,12,23,21,2,,,,,,,,924.4,,1,,0,0,0,0,0,0,0,,,,
RUE,2010,12,23,22,2.2,,,,,,,,924.3,,1.4,,0,0,0,0,0,0,0,,,,
RUE,2010,12,23,23,2.3,,,,,,,,924.4,,1.6,,0,0,0,0,0,0,0,,,,
RUE,2010,12,24,0,2.4,,,,,,,,924.1,,1.9,,0,0,0,0,0,0,0,,,,
RUE,2010,12,24,1,2,,,,,,,,924,,1.8,,0,0,0,0,0,0,0,,,,
RUE,2010,12,24,2,1.7,,,,,,,,924.2,,2.4,,0,0,0,0,0,0,0,,,,
RUE,2010,12,24,3,1.5,,,,,,,,924.4,,2.7,,0,0,0,0,0,0,0,,,,
RUE,2010,12,24,4,1.3,,,,,,,,924.4,,3.9,,0,0,0,0,0,0,0,,,,
RUE,2010,12,24,5,0.6,,,,,,,,924.6,,4.6,,0,0,0,0,0,0,0,,,,
RUE,2010,12,24,6,0.2,,,,,,,,925.3,,4.2,,0,0,0,0,0,0,0,,,,
RUE,2010,12,24,7,-0.2,,,,,,,,926.1,,4.9,,0,0,0,0,0,0,0,,,,
RUE,2010,12,24,8,-0.5,,,,,,,,926.9,,3.6,,6,0,0,0,0,0,0,,,,
RUE,2010,12,24,9,-0.6,,,,,,,,927.6,,4,,34,11.1,33,0,0,0,0,,,,
RUE,2010,12,24,10,-0.7,,,,,,,,928.2,,3,,56,4.8,55,0,0,0,0,,,,
RUE,2010,12,24,11,-0.9,,,,,,,,928.6,,3.7,,72,4.1,70.8,0,0,0,0,,,,
RUE,2010,12,24,12,-1,,,,,,,,928.9,,3.5,,79,3.8,77.8,0,0,0,0,,,,
RUE,2010,12,24,13,-1.1,,,,,,,,929.2,,2.8,,61,2.3,60.3,0,0,0,0,,,,
RUE,2010,12,24,14,-1.2,,,,,,,,929.7,,3.4,,39,1.2,38.7,0,0,0,0,,,,
RUE,2010,12,24,15,-1.5,,,,,,,,930.4,,3.4,,9,0.1,9,0,0,0,0,,,,
RUE,2010,12,24,16,-1.7,,,,,,,,931,,3.1,,0,0,0,0,0,0,0,,,,
RUE,2010,12,24,17,-1.9,,,,,,,,931.6,,2.3,,0,0,0,0,0,0,0,,,,
RUE,2010,12,24,18,-2,,,,,,,,932.2,,2.1,,0,0,0,0,0,0,0,,,,
RUE,2010,12,24,19,-2.1,,,,,,,,932.8,,2.5,,0,0,0,0,0,0,0,,,,
RUE,2010,12,24,20,-2.5,,,,,,,,933.3,,3.2,,0,0,0,0,0,0,0,,,,
RUE,2010,12,24,21,-2.9,,,,,,,,933.6,,2.9,,0,0,0,0,0,0,0,,,,
RUE,2010,12,24,22,-3.1,,,,,,,,934,,1.9,,0,0,0,0,0,0,0,,,,
RUE,2010,12,24,23,-3.5,,,,,,,,934.6,,2.4,,0,0,0,0,0,0,0,,,,
RUE,2010,12,25,0,-3.9,,,,,,,,935.2,,2.3,,0,0,0,0,0,0,0,,,,
RUE,2010,12,25,1,-4.2,,,,,,,,935.8,,1.9,,0,0,0,0,0,0,0,,,,
RUE,2010,12,25,2,-4.4,,,,,,,,936.4,,3.1,,0,0,0,0,0,0,0,,,,
RUE,2010,12,25,3,-4.7,,,,,,,,936.8,,3.6,,0,0,0,0,0,0,0,,,,
RUE,2010,12,25,4,-4.9,,,,,,,,937.3,,3.3,,0,0,0,0,0,0,0,,,,
RUE,2010,12,25,5,-5.1,,,,,,,,938,,4,,0,0,0,0,0,0,0,,,,
RUE,2010,12,25,6,-5.5,,,,,,,,938.9,,3,,0,0,0,0,0,0,0,,,,
RUE,2010,12,25,7,-5.6,,,,,,,,939.6,,3,,1,0,0,0,0,0,0,,,,
RUE,2010,12,25,8,-5.5,,,,,,,,940.4,,1.7,,35,0,0,0,0,0,0,,,,
RUE,2010,12,25,9,-5.5,,,,,,,,941.3,,1.8,,89,714.5,23.5,0,0,0,0,,,,
RUE,2010,12,25,10,-5.3,,,,,,,,942,,1.7,,121,113,97.9,0,0,0,0,,,,
RUE,2010,12,25,11,-5.2,,,,,,,,942.5,,2.1,,152,70.1,132.1,0,0,0,0,,,,
RUE,2010,12,25,12,-5.3,,,,,,,,942.9,,1.4,,79,3.8,77.8,0,0,0,0,,,,
RUE,2010,12,25,13,-5.3,,,,,,,,943.3,,1.2,,62,2.3,61.2,0,0,0,0,,,,
RUE,2010,12,25,14,-5.4,,,,,,,,944,,0.7,,42,1.4,41.6,0,0,0,0,,,,
RUE,2010,12,25,15,-5.6,,,,,,,,944.9,,1.3,,18,0.5,17.9,0,0,0,0,,,,
RUE,2010,12,25,16,-6,,,,,,,,945.7,,0.5,,0,0,0,0,0,0,0,,,,
RUE,2010,12,25,17,-6,,,,,,,,946.5,,0.8,,0,0,0,0,0,0,0,,,,
RUE,2010,12,25,18,-6,,,,,,,,947.1,,1.8,,0,0,0,0,0,0,0,,,,
RUE,2010,12,25,19,-6.4,,,,,,,,947.6,,1.4,,0,0,0,0,0,0,0,,,,
RUE,2010,12,25,20,-6.7,,,,,,,,948.2,,1.7,,0,0,0,0,0,0,0,,,,
RUE,2010,12,25,21,-6.8,,,,,,,,948.8,,1.6,,0,0,0,0,0,0,0,,,,
RUE,2010,12,25,22,-7.5,,,,,,,,949.3,,0.4,,0,0,0,0,0,0,0,,,,
RUE,2010,12,25,23,-7.7,,,,,,,,949.5,,0.6,,0,0,0,0,0,0,0,,,,
RUE,2010,12,26,0,-7.8,,,,,,,,949.6,,1.1,,0,0,0,0,0,0,0,,,,
RUE,2010,12,26,1,-8.1,,,,,,,,949.7,,1.3,,0,0,0,0,0,0,0,,,,
RUE,2010,12,26,2,-8.3,,,,,,,,950.3,,1.4,,0,0,0,0,0,0,0,,,,
RUE,2010,12,26,3,-8.6,,,,,,,,950.7,,1.3,,0,0,0,0,0,0,0,,,,
RUE,2010,12,26,4,-9.1,,,,,,,,950.8,,0.6,,0,0,0,0,0,0,0,,,,
RUE,2010,12,26,5,-9.4,,,,,,,,951.2,,0.5,,0,0,0,0,0,0,0,,,,
RUE,2010,12,26,6,-9.8,,,,,,,,951.6,,0.7,,0,0,0,0,0,0,0,,,,
RUE,2010,12,26,7,-9.8,,,,,,,,952.1,,0.6,,2,0,0,0,0,0,0,,,,
RUE,2010,12,26,8,-10.4,,,,,,,,952.6,,0.3,,78,0,0,0,0,0,0,,,,
RUE,2010,12,26,9,-10,,,,,,,,953.1,,0.5,,180,1651.4,29.7,0,0,0,0,,,,
RUE,2010,12,26,10,-9.6,,,,,,,,953.2,,0.4,,292,1197.3,48.2,0,0,0,0,,,,
RUE,2010,12,26,11,-8.8,,,,,,,,952.9,,0.3,,328,965.6,54.1,0,0,0,0,,,,
RUE,2010,12,26,12,-7.6,,,,,,,,952.4,,1.2,,314,705.6,84.8,0,0,0,0,,,,
RUE,2010,12,26,13,-6.8,,,,,,,,952,,0.7,,176,74.7,151.8,0,0,0,0,,,,
RUE,2010,12,26,14,-6.4,,,,,,,,951.6,,1.1,,160,92.6,133.9,0,0,0,0,,,,
RUE,2010,12,26,15,-7.5,,,,,,,,951.8,,1.5,,37,2.2,36.6,0,0,0,0,,,,
RUE,2010,12,26,16,-8.4,,,,,,,,952.1,,1.4,,0,0,0,0,0,0,0,,,,
RUE,2010,12,26,17,-8.5,,,,,,,,952.4,,0.6,,0,0,0,0,0,0,0,,,,
RUE,2010,12,26,18,-8.7,,,,,,,,952.2,,1,,0,0,0,0,0,0,0,,,,
RUE,2010,12,26,19,-8.7,,,,,,,,952.1,,1.9,,0,0,0,0,0,0,0,,,,
RUE,2010,12,26,20,-8.9,,,,,,,,952.1,,1.2,,0,0,0,0,0,0,0,,,,
RUE,2010,12,26,21,-9.5,,,,,,,,951.9,,1.3,,0,0,0,0,0,0,0,,,,
RUE,2010,12,26,22,-9.9,,,,,,,,952,,1.2,,0,0,0,0,0,0,0,,,,
RUE,2010,12,26,23,-9.1,,,,,,,,951.8,,1.3,,0,0,0,0,0,0,0,,,,
RUE,2010,12,27,0,-9,,,,,,,,951.3,,0.8,,0,0,0,0,0,0,0,,,,
RUE,2010,12,27,1,-9,,,,,,,,951.1,,1,,0,0,0,0,0,0,0,,,,
RUE,2010,12,27,2,-8.5,,,,,,,,951.1,,1.1,,0,0,0,0,0,0,0,,,,
RUE,2010,12,27,3,-8.8,,,,,,,,951.1,,2,,0,0,0,0,0,0,0,,,,
RUE,2010,12,27,4,-9.5,,,,,,,,950.9,,2,,0,0,0,0,0,0,0,,,,
RUE,2010,12,27,5,-9.9,,,,,,,,950.8,,2.5,,0,0,0,0,0,0,0,,,,
RUE,2010,12,27,6,-10.6,,,,,,,,950.9,,2.1,,0,0,0,0,0,0,0,,,,
RUE,2010,12,27,7,-9.4,,,,,,,,950.4,,2.2,,9,0,0,0,0,0,0,,,,
RUE,2010,12,27,8,-8.7,,,,,,,,950.6,,2.1,,61,0,0,0,0,0,0,,,,
RUE,2010,12,27,9,-7.9,,,,,,,,950.8,,1.3,,186,1715.6,30.7,0,0,0,0,,,,
RUE,2010,12,27,10,-6.4,,,,,,,,950.2,,1.9,,260,1067.2,42.9,0,0,0,0,,,,
RUE,2010,12,27,11,-6.5,,,,,,,,950,,2.3,,305,886.4,53.5,0,0,0,0,,,,
RUE,2010,12,27,12,-6.9,,,,,,,,949.8,,3.2,,190,105.3,155.8,0,0,0,0,,,,
RUE,2010,12,27,13,-6.3,,,,,,,,949.5,,2.4,,132,17.6,126.3,0,0,0,0,,,,
RUE,2010,12,27,14,-6,,,,,,,,949,,2.1,,95,7.8,92.8,0,0,0,0,,,,
RUE,2010,12,27,15,-5.7,,,,,,,,948.8,,2,,14,0.3,13.9,0,0,0,0,,,,
RUE,2010,12,27,16,-5.6,,,,,,,,948.6,,2.4,,0,0,0,0,0,0,0,,,,
RUE,2010,12,27,17,-5.9,,,,,,,,948.5,,2.5,,0,0,0,0,0,0,0,,,,
RUE,2010,12,27,18,-5.6,,,,,,,,948.7,,1.4,,0,0,0,0,0,0,0,,,,
RUE,2010,12,27,19,-5.4,,,,,,,,948.2,,2.3,,0,0,0,0,0,0,0,,,,
RUE,2010,12,27,20,-5.3,,,,,,,,948,,3,,0,0,0,0,0,0,0,,,,
RUE,2010,12,27,21,-5.3,,,,,,,,947.8,,3.1,,0,0,0,0,0,0,0,,,,
RUE,2010,12,27,22,-5.6,,,,,,,,947.7,,3.1,,0,0,0,0,0,0,0,,,,
RUE,2010,12,27,23,-5.4,,,,,,,,947.3,,3.7,,0,0,0,0,0,0,0,,,,
RUE,2010,12,28,0,-5.2,,,,,,,,946.8,,2.8,,0,0,0,0,0,0,0,,,,
RUE,2010,12,28,1,-5.2,,,,,,,,946.8,,1.3,,0,0,0,0,0,0,0,,,,
RUE,2010,12,28,2,-5.9,,,,,,,,946.6,,2,,0,0,0,0,0,0,0,,,,
RUE,2010,12,28,3,-5.8,,,,,,,,946.2,,2,,0,0,0,0,0,0,0,,,,
RUE,2010,12,28,4,-6.4,,,,,,,,946,,2.8,,0,0,0,0,0,0,0,,,,
RUE,2010,12,28,5,-6.4,,,,,,,,945.9,,2.3,,0,0,0,0,0,0,0,,,,
RUE,2010,12,28,6,-6.1,,,,,,,,946.3,,2.1,,0,0,0,0,0,0,0,,,,
RUE,2010,12,28,7,-5.8,,,,,,,,946.8,,1.9,,1,0,0,0,0,0,0,,,,
RUE,2010,12,28,8,-5.2,,,,,,,,947.4,,1.9,,20,0,0,0,0,0,0,,,,
RUE,2010,12,28,9,-4.2,,,,,,,,947.7,,1.6,,48,67.9,41.9,0,0,0,0,,,,
RUE,2010,12,28,10,-2.8,,,,,,,,947.4,,1.2,,102,50.7,91.7,0,0,0,0,,,,
RUE,2010,12,28,11,-2,,,,,,,,947.4,,0.8,,130,32,120.9,0,0,0,0,,,,
RUE,2010,12,28,12,-1,,,,,,,,947.4,,0.8,,117,10,113.7,0,0,0,0,,,,
RUE,2010,12,28,13,-0.7,,,,,,,,947.7,,0.5,,62,2.3,61.2,0,0,0,0,,,,
RUE,2010,12,28,14,-0.7,,,,,,,,947.8,,1.7,,39,1.2,38.7,0,0,0,0,,,,
RUE,2010,12,28,15,-0.6,,,,,,,,947.8,,2.4,,11,0.2,11,0,0,0,0,,,,
RUE,2010,12,28,16,-0.4,,,,,,,,947.8,,0.9,,0,0,0,0,0,0,0,,,,
RUE,2010,12,28,17,0.1,,,,,,,,948.1,,0.6,,0,0,0,0,0,0,0,,,,
RUE,2010,12,28,18,0.1,,,,,,,,948.2,,1,,0,0,0,0,0,0,0,,,,
RUE,2010,12,28,19,0.2,,,,,,,,948.4,,1.4,,0,0,0,0,0,0,0,,,,
RUE,2010,12,28,20,0.2,,,,,,,,948.6,,2.2,,0,0,0,0,0,0,0,,,,
RUE,2010,12,28,21,0,,,,,,,,948.4,,1.7,,0,0,0,0,0,0,0,,,,
RUE,2010,12,28,22,-0.4,,,,,,,,948.4,,0.8,,0,0,0,0,0,0,0,,,,
RUE,2010,12,28,23,-1.2,,,,,,,,948.3,,1.5,,0,0,0,0,0,0,0,,,,
RUE,2010,12,29,0,-1.5,,,,,,,,948.4,,1.8,,0,0,0,0,0,0,0,,,,
RUE,2010,12,29,1,-1.3,,,,,,,,948.5,,0.7,,0,0,0,0,0,0,0,,,,
RUE,2010,12,29,2,-0.8,,,,,,,,948.5,,1,,0,0,0,0,0,0,0,,,,
RUE,2010,12,29,3,-0.5,,,,,,,,948.4,,0.9,,0,0,0,0,0,0,0,,,,
RUE,2010,12,29,4,1.2,,,,,,,,948.2,,1.2,,0,0,0,0,0,0,0,,,,
RUE,2010,12,29,5,1.1,,,,,,,,948,,1.1,,0,0,0,0,0,0,0,,,,
RUE,2010,12,29,6,1.1,,,,,,,,948.2,,1.4,,0,0,0,0,0,0,0,,,,
RUE,2010,12,29,7,0.9,,,,,,,,948.2,,1.1,,2,0,0,0,0,0,0,,,,
RUE,2010,12,29,8,0.3,,,,,,,,948.4,,1.8,,45,0,0,0,0,0,0,,,,
RUE,2010,12,29,9,0.4,,,,,,,,948.6,,1.4,,106,984.6,17.5,0,0,0,0,,,,
RUE,2010,12,29,10,0.7,,,,,,,,948.6,,2.2,,172,470.7,76.3,0,0,0,0,,,,
RUE,2010,12,29,11,0.8,,,,,,,,948.5,,1.8,,171,120.1,136.8,0,0,0,0,,,,
RUE,2010,12,29,12,1.2,,,,,,,,948.2,,0.8,,140,23,132.5,0,0,0,0,,,,
RUE,2010,12,29,13,1.2,,,,,,,,948.1,,1.3,,112,8.3,109.3,0,0,0,0,,,,
RUE,2010,12,29,14,0.9,,,,,,,,948,,1.6,,47,1.7,46.5,0,0,0,0,,,,
RUE,2010,12,29,15,0.7,,,,,,,,948.1,,1.5,,9,0.1,9,0,0,0,0,,,,
RUE,2010,12,29,16,0.6,,,,,,,,948.4,,1.4,,0,0,0,0,0,0,0,,,,
RUE,2010,12,29,17,0.5,,,,,,,,948.5,,2.1,,0,0,0,0,0,0,0,,,,
RUE,2010,12,29,18,0.5,,,,,,,,948.6,,3.2,,0,0,0,0,0,0,0,,,,
RUE,2010,12,29,19,0.8,,,,,,,,948.7,,2.7,,0,0,0,0,0,0,0,,,,
RUE,2010,12,29,20,0.9,,,,,,,,948.8,,2.1,,0,0,0,0,0,0,0,,,,
RUE,2010,12,29,21,0.7,,,,,,,,948.8,,2.3,,0,0,0,0,0,0,0,,,,
RUE,2010,12,29,22,0.7,,,,,,,,948.9,,2.5,,0,0,0,0,0,0,0,,,,
RUE,2010,12,29,23,0.6,,,,,,,,949,,2.2,,0,0,0,0,0,0,0,,,,
RUE,2010,12,30,0,0.6,,,,,,,,948.7,,1.9,,0,0,0,0,0,0,0,,,,
RUE,2010,12,30,1,0.8,,,,,,,,948.7,,2.3,,0,0,0,0,0,0,0,,,,
RUE,2010,12,30,2,0.8,,,,,,,,948.9,,1.6,,0,0,0,0,0,0,0,,,,
RUE,2010,12,30,3,0.7,,,,,,,,949.1,,2.1,,0,0,0,0,0,0,0,,,,
RUE,2010,12,30,4,0.7,,,,,,,,949,,1.9,,0,0,0,0,0,0,0,,,,
RUE,2010,12,30,5,0.8,,,,,,,,949.1,,1.5,,0,0,0,0,0,0,0,,,,
RUE,2010,12,30,6,0.9,,,,,,,,949.1,,1.7,,0,0,0,0,0,0,0,,,,
RUE,2010,12,30,7,0.6,,,,,,,,949.2,,1.5,,4,0,0,0,0,0,0,,,,
RUE,2010,12,30,8,0.6,,,,,,,,949.6,,1.6,,27,0,0,0,0,0,0,,,,
RUE,2010,12,30,9,0.8,,,,,,,,949.8,,1.8,,68,316.6,39.6,0,0,0,0,,,,
RUE,2010,12,30,10,0.9,,,,,,,,949.9,,2,,103,53,92.2,0,0,0,0,,,,
RUE,2010,12,30,11,1.4,,,,,,,,949.6,,1.6,,123,23.8,116.2,0,0,0,0,,,,
RUE,2010,12,30,12,1.7,,,,,,,,949,,1.8,,130,15.7,124.8,0,0,0,0,,,,
RUE,2010,12,30,13,1.8,,,,,,,,948.7,,1.3,,84,4.2,82.6,0,0,0,0,,,,
RUE,2010,12,30,14,1.6,,,,,,,,948.8,,1.4,,38,1.1,37.7,0,0,0,0,,,,
RUE,2010,12,30,15,1.3,,,,,,,,949,,1.9,,10,0.1,10,0,0,0,0,,,,
RUE,2010,12,30,16,1.1,,,,,,,,949.1,,1.9,,0,0,0,0,0,0,0,,,,
RUE,2010,12,30,17,1.1,,,,,,,,949,,2.3,,0,0,0,0,0,0,0,,,,
RUE,2010,12,30,18,0.9,,,,,,,,948.8,,2.4,,0,0,0,0,0,0,0,,,,
RUE,2010,12,30,19,0.8,,,,,,,,949,,1.6,,0,0,0,0,0,0,0,,,,
RUE,2010,12,30,20,0.6,,,,,,,,948.8,,1.8,,0,0,0,0,0,0,0,,,,
RUE,2010,12,30,21,0.5,,,,,,,,949,,2.4,,0,0,0,0,0,0,0,,,,
RUE,2010,12,30,22,0.4,,,,,,,,949.2,,2.2,,0,0,0,0,0,0,0,,,,
RUE,2010,12,30,23,0.2,,,,,,,,949.2,,2.5,,0,0,0,0,0,0,0,,,,
RUE,2010,12,31,0,0.2,,,,,,,,949.2,,2.1,,0,0,0,0,0,0,0,,,,
RUE,2010,12,31,1,0,,,,,,,,949.5,,2.2,,0,0,0,0,0,0,0,,,,
RUE,2010,12,31,2,-0.3,,,,,,,,949.5,,2.6,,0,0,0,0,0,0,0,,,,
RUE,2010,12,31,3,-0.3,,,,,,,,949.2,,1.3,,0,0,0,0,0,0,0,,,,
RUE,2010,12,31,4,-0.2,,,,,,,,949.2,,1.3,,0,0,0,0,0,0,0,,,,
RUE,2010,12,31,5,-0.2,,,,,,,,949.5,,0.9,,0,0,0,0,0,0,0,,,,
RUE,2010,12,31,6,-0.3,,,,,,,,949.6,,1.8,,0,0,0,0,0,0,0,,,,
RUE,2010,12,31,7,-0.4,,,,,,,,950.1,,2,,2,0,0,0,0,0,0,,,,
RUE,2010,12,31,8,-0.2,,,,,,,,950.6,,2,,27,0,0,0,0,0,0,,,,
RUE,2010,12,31,9,-0.3,,,,,,,,950.7,,0.8,,88,731.7,22.4,0,0,0,0,,,,
RUE,2010,12,31,10,-0.1,,,,,,,,950.6,,2,,123,122.1,98.1,0,0,0,0,,,,
RUE,2010,12,31,11,-0.1,,,,,,,,950.4,,1.5,,151,65.7,132.2,0,0,0,0,,,,
RUE,2010,12,31,12,0.1,,,,,,,,950,,0.8,,124,12.4,119.9,0,0,0,0,,,,
RUE,2010,12,31,13,0.2,,,,,,,,949.7,,1,,95,5.3,93.3,0,0,0,0,,,,
RUE,2010,12,31,14,-0.1,,,,,,,,949.9,,1.1,,50,1.9,49.4,0,0,0,0,,,,
RUE,2010,12,31,15,-0.4,,,,,,,,950,,0.9,,19,0.5,18.9,0,0,0,0,,,,
RUE,2010,12,31,16,-0.4,,,,,,,,950.1,,0.6,,0,0,0,0,0,0,0,,,,
RUE,2010,12,31,17,-0.5,,,,,,,,950.1,,0.6,,0,0,0,0,0,0,0,,,,
RUE,2010,12,31,18,-0.7,,,,,,,,950.1,,0.7,,0,0,0,0,0,0,0,,,,
RUE,2010,12,31,19,-0.5,,,,,,,,950.3,,1.2,,0,0,0,0,0,0,0,,,,
RUE,2010,12,31,20,-0.7,,,,,,,,950.2,,0.8,,0,0,0,0,0,0,0,,,,
RUE,2010,12,31,21,-0.5,,,,,,,,949.9,,0.9,,0,0,0,0,0,0,0,,,,
RUE,2010,12,31,22,-0.4,,,,,,,,949.9,,0.9,,0,0,0,0,0,0,0,,,,
RUE,2010,12,31,23,-0.3,,,,,,,,949.5,,0.9,,0,0,0,0,0,0,0,,,,
