station,time.yy,time.mm,time.dd,time.hh,temp,relhum,vappres,dewpt,mixratio,wetbulb,enthalpy,precip,airpres,winddir,windmean,windmax,rad.global,rad.direct,rad.diffus,rad.vert.N,rad.vert.E,rad.vert.S,rad.vert.W,ir.horiz,cloudcov,albedo,emissivity
BASSTA,2009,1,1,0,1.4,,,,,,,,988.1,,1.6,,1,0,0,0,0,0,0,,,,
BASSTA,2009,1,1,1,1.5,,,,,,,,988.5,,1.1,,1,0,0,0,0,0,0,,,,
BASSTA,2009,1,1,2,1.4,,,,,,,,989,,0.7,,1,0,0,0,0,0,0,,,,
BASSTA,2009,1,1,3,1.5,,,,,,,,989.2,,1.1,,1,0,0,0,0,0,0,,,,
BASSTA,2009,1,1,4,1.2,,,,,,,,989.5,,1,,1,0,0,0,0,0,0,,,,
BASSTA,2009,1,1,5,1,,,,,,,,989.5,,0.7,,1,0,0,0,0,0,0,,,,
BASSTA,2009,1,1,6,1.2,,,,,,,,990,,1.3,,1,0,0,0,0,0,0,,,,
BASSTA,2009,1,1,7,0.9,,,,,,,,990,,1.9,,4,0,0,0,0,0,0,,,,
BASSTA,2009,1,1,8,0.8,,,,,,,,990,,1.4,,59,0,0,0,0,0,0,,,,
BASSTA,2009,1,1,9,1.6,,,,,,,,990.2,,1,,155,1506.5,25.6,0,0,0,0,,,,
BASSTA,2009,1,1,10,2.3,,,,,,,,990,,2.6,,240,998.6,39.6,0,0,0,0,,,,
BASSTA,2009,1,1,11,2.6,,,,,,,,989.4,,3.3,,295,836.6,57.9,0,0,0,0,,,,
BASSTA,2009,1,1,12,3.3,,,,,,,,988.9,,1.6,,289,540.6,111.9,0,0,0,0,,,,
BASSTA,2009,1,1,13,3.4,,,,,,,,988.4,,1.6,,243,283.7,149.4,0,0,0,0,,,,
BASSTA,2009,1,1,14,3.4,,,,,,,,988.1,,1.6,,132,30.9,123,0,0,0,0,,,,
BASSTA,2009,1,1,15,2.5,,,,,,,,988.1,,2,,47,3.1,46.3,0,0,0,0,,,,
BASSTA,2009,1,1,16,1.4,,,,,,,,988.3,,1.6,,2,0,2,0,0,0,0,,,,
BASSTA,2009,1,1,17,0.6,,,,,,,,988.5,,2.9,,1,0,0,0,0,0,0,,,,
BASSTA,2009,1,1,18,0.4,,,,,,,,988.5,,3.2,,1,0,0,0,0,0,0,,,,
BASSTA,2009,1,1,19,0.7,,,,,,,,988.6,,2.6,,1,0,0,0,0,0,0,,,,
BASSTA,2009,1,1,20,0.8,,,,,,,,988.3,,1.5,,1,0,0,0,0,0,0,,,,
BASSTA,2009,1,1,21,0.8,,,,,,,,987.9,,1.1,,1,0,0,0,0,0,0,,,,
BASSTA,2009,1,1,22,0.9,,,,,,,,987.8,,2.1,,1,0,0,0,0,0,0,,,,
BASSTA,2009,1,1,23,0.9,,,,,,,,987.4,,1.5,,1,0,0,0,0,0,0,,,,
BASSTA,2009,1,2,0,1,,,,,,,,986.9,,1,,1,0,0,0,0,0,0,,,,
BASSTA,2009,1,2,1,0.6,,,,,,,,986.7,,1.2,,1,0,0,0,0,0,0,,,,
BASSTA,2009,1,2,2,-0.3,,,,,,,,986.6,,2.2,,1,0,0,0,0,0,0,,,,
BASSTA,2009,1,2,3,-0.7,,,,,,,,986.5,,2.2,,1,0,0,0,0,0,0,,,,
BASSTA,2009,1,2,4,-0.8,,,,,,,,986.2,,1.7,,1,0,0,0,0,0,0,,,,
BASSTA,2009,1,2,5,-0.8,,,,,,,,986,,1.7,,1,0,0,0,0,0,0,,,,
BASSTA,2009,1,2,6,-1,,,,,,,,986.1,,2.1,,1,0,0,0,0,0,0,,,,
BASSTA,2009,1,2,7,-1.2,,,,,,,,986.3,,2.3,,1,0,0,0,0,0,0,,,,
BASSTA,2009,1,2,8,-1.2,,,,,,,,986.4,,2.2,,6,0,0,0,0,0,0,,,,
BASSTA,2009,1,2,9,-1.2,,,,,,,,986.7,,1.9,,14,1.7,13.9,0,0,0,0,,,,
BASSTA,2009,1,2,10,-1.2,,,,,,,,986.7,,2.2,,23,0.8,22.8,0,0,0,0,,,,
BASSTA,2009,1,2,11,-1.3,,,,,,,,986.4,,2.5,,26,0.5,25.8,0,0,0,0,,,,
BASSTA,2009,1,2,12,-1.3,,,,,,,,986,,2.2,,32,0.6,31.8,0,0,0,0,,,,
BASSTA,2009,1,2,13,-1.3,,,,,,,,985.9,,2.1,,20,0.2,19.9,0,0,0,0,,,,
BASSTA,2009,1,2,14,-1.2,,,,,,,,986.1,,2.1,,14,0.1,14,0,0,0,0,,,,
BASSTA,2009,1,2,15,-1.3,,,,,,,,986.1,,2.2,,6,0.1,6,0,0,0,0,,,,
BASSTA,2009,1,2,16,-1.5,,,,,,,,986.1,,1.9,,1,0,1,0,0,0,0,,,,
BASSTA,2009,1,2,17,-1.6,,,,,,,,986.2,,1.7,,1,0,0,0,0,0,0,,,,
BASSTA,2009,1,2,18,-1.4,,,,,,,,986.4,,1.3,,1,0,0,0,0,0,0,,,,
BASSTA,2009,1,2,19,-1.2,,,,,,,,986.5,,1.5,,1,0,0,0,0,0,0,,,,
BASSTA,2009,1,2,20,-0.8,,,,,,,,986.6,,3,,1,0,0,0,0,0,0,,,,
BASSTA,2009,1,2,21,-1.3,,,,,,,,986.7,,5.1,,1,0,0,0,0,0,0,,,,
BASSTA,2009,1,2,22,-1.6,,,,,,,,986.8,,4.2,,1,0,0,0,0,0,0,,,,
BASSTA,2009,1,2,23,-1.8,,,,,,,,986.8,,3.7,,1,0,0,0,0,0,0,,,,
BASSTA,2009,1,3,0,-1.9,,,,,,,,986.5,,4,,1,0,0,0,0,0,0,,,,
BASSTA,2009,1,3,1,-2.1,,,,,,,,986.5,,4.1,,1,0,0,0,0,0,0,,,,
BASSTA,2009,1,3,2,-2.3,,,,,,,,986.3,,4.1,,1,0,0,0,0,0,0,,,,
BASSTA,2009,1,3,3,-2.3,,,,,,,,986.2,,3.5,,1,0,0,0,0,0,0,,,,
BASSTA,2009,1,3,4,-2.4,,,,,,,,985.9,,3.8,,1,0,0,0,0,0,0,,,,
BASSTA,2009,1,3,5,-2.6,,,,,,,,985.9,,4.3,,1,0,0,0,0,0,0,,,,
BASSTA,2009,1,3,6,-4,,,,,,,,986.1,,1.9,,1,0,0,0,0,0,0,,,,
BASSTA,2009,1,3,7,-5.5,,,,,,,,986.4,,1.5,,2,0,0,0,0,0,0,,,,
BASSTA,2009,1,3,8,-6,,,,,,,,986.6,,1.5,,24,0,0,0,0,0,0,,,,
BASSTA,2009,1,3,9,-5.2,,,,,,,,986.6,,1.2,,115,1109.5,19,0,0,0,0,,,,
BASSTA,2009,1,3,10,-3.2,,,,,,,,986.4,,1.9,,245,1012.9,40.4,0,0,0,0,,,,
BASSTA,2009,1,3,11,-2.4,,,,,,,,985.9,,4.3,,288,783.3,64.5,0,0,0,0,,,,
BASSTA,2009,1,3,12,-2.3,,,,,,,,985.6,,3.4,,269,413.4,132.5,0,0,0,0,,,,
BASSTA,2009,1,3,13,-2.5,,,,,,,,985.4,,2.9,,127,13,122.7,0,0,0,0,,,,
BASSTA,2009,1,3,14,-2.7,,,,,,,,985.5,,2.4,,59,2.6,58.2,0,0,0,0,,,,
BASSTA,2009,1,3,15,-2.8,,,,,,,,985.8,,1.9,,16,0.3,15.9,0,0,0,0,,,,
BASSTA,2009,1,3,16,-2.9,,,,,,,,986.1,,2.2,,1,0,1,0,0,0,0,,,,
BASSTA,2009,1,3,17,-2.9,,,,,,,,986.1,,2.4,,1,0,0,0,0,0,0,,,,
BASSTA,2009,1,3,18,-3,,,,,,,,986.4,,3,,1,0,0,0,0,0,0,,,,
BASSTA,2009,1,3,19,-2.9,,,,,,,,986.5,,2.5,,1,0,0,0,0,0,0,,,,
BASSTA,2009,1,3,20,-2.9,,,,,,,,986.5,,2.6,,1,0,0,0,0,0,0,,,,
BASSTA,2009,1,3,21,-3.1,,,,,,,,986.4,,2.8,,1,0,0,0,0,0,0,,,,
BASSTA,2009,1,3,22,-3.3,,,,,,,,986.3,,3,,1,0,0,0,0,0,0,,,,
BASSTA,2009,1,3,23,-3.4,,,,,,,,986.3,,2.5,,1,0,0,0,0,0,0,,,,
BASSTA,2009,1,4,0,-3.5,,,,,,,,985.8,,2.7,,1,0,0,0,0,0,0,,,,
BASSTA,2009,1,4,1,-3.7,,,,,,,,985.4,,3,,1,0,0,0,0,0,0,,,,
BASSTA,2009,1,4,2,-3.9,,,,,,,,985.1,,2.9,,1,0,0,0,0,0,0,,,,
BASSTA,2009,1,4,3,-4.1,,,,,,,,985,,2.4,,1,0,0,0,0,0,0,,,,
BASSTA,2009,1,4,4,-4.3,,,,,,,,984.9,,2.4,,1,0,0,0,0,0,0,,,,
BASSTA,2009,1,4,5,-4.7,,,,,,,,984.7,,1.9,,1,0,0,0,0,0,0,,,,
BASSTA,2009,1,4,6,-5.8,,,,,,,,984.9,,1.2,,1,0,0,0,0,0,0,,,,
BASSTA,2009,1,4,7,-6.4,,,,,,,,985.1,,1.2,,7,0,0,0,0,0,0,,,,
BASSTA,2009,1,4,8,-6,,,,,,,,985.2,,1.7,,53,0,0,0,0,0,0,,,,
BASSTA,2009,1,4,9,-4.6,,,,,,,,985.2,,0.8,,152,1458,25.1,0,0,0,0,,,,
BASSTA,2009,1,4,10,-3.3,,,,,,,,984.7,,0.9,,208,811.8,43.4,0,0,0,0,,,,
BASSTA,2009,1,4,11,-2.4,,,,,,,,984,,1.1,,288,776,65.6,0,0,0,0,,,,
BASSTA,2009,1,4,12,-1.8,,,,,,,,983.2,,0.4,,295,554.1,111.2,0,0,0,0,,,,
BASSTA,2009,1,4,13,-1.4,,,,,,,,982.6,,0.5,,243,266.7,153.6,0,0,0,0,,,,
BASSTA,2009,1,4,14,-1.4,,,,,,,,982.5,,1.5,,141,38.8,129.5,0,0,0,0,,,,
BASSTA,2009,1,4,15,-2.1,,,,,,,,982.6,,1.8,,34,1.5,33.7,0,0,0,0,,,,
BASSTA,2009,1,4,16,-2.7,,,,,,,,982.6,,1.4,,2,0,2,0,0,0,0,,,,
BASSTA,2009,1,4,17,-3.3,,,,,,,,982.6,,1,,1,0,0,0,0,0,0,,,,
BASSTA,2009,1,4,18,-3.6,,,,,,,,982.6,,0.9,,1,0,0,0,0,0,0,,,,
BASSTA,2009,1,4,19,-4,,,,,,,,982.6,,1.3,,1,0,0,0,0,0,0,,,,
BASSTA,2009,1,4,20,-4,,,,,,,,982.5,,1.2,,1,0,0,0,0,0,0,,,,
BASSTA,2009,1,4,21,-3.6,,,,,,,,982.3,,0.5,,1,0,0,0,0,0,0,,,,
BASSTA,2009,1,4,22,-4,,,,,,,,982,,1.1,,1,0,0,0,0,0,0,,,,
BASSTA,2009,1,4,23,-4.6,,,,,,,,981.5,,1.1,,1,0,0,0,0,0,0,,,,
BASSTA,2009,1,5,0,-5,,,,,,,,981,,1.1,,1,0,0,0,0,0,0,,,,
BASSTA,2009,1,5,1,-5.5,,,,,,,,980.5,,0.9,,1,0,0,0,0,0,0,,,,
BASSTA,2009,1,5,2,-5.7,,,,,,,,980.2,,0.7,,1,0,0,0,0,0,0,,,,
BASSTA,2009,1,5,3,-5.7,,,,,,,,979.9,,0.9,,2,0,0,0,0,0,0,,,,
BASSTA,2009,1,5,4,-6.2,,,,,,,,979.6,,0.9,,2,0,0,0,0,0,0,,,,
BASSTA,2009,1,5,5,-6.1,,,,,,,,979.4,,0.7,,2,0,0,0,0,0,0,,,,
BASSTA,2009,1,5,6,-5.5,,,,,,,,979.2,,1.1,,3,0,0,0,0,0,0,,,,
BASSTA,2009,1,5,7,-5.1,,,,,,,,979.6,,0.9,,4,0,0,0,0,0,0,,,,
BASSTA,2009,1,5,8,-4.8,,,,,,,,979.8,,0.3,,40,0,0,0,0,0,0,,,,
BASSTA,2009,1,5,9,-4.1,,,,,,,,979.9,,0.7,,108,1028.7,17.8,0,0,0,0,,,,
BASSTA,2009,1,5,10,-3.4,,,,,,,,979.9,,0.9,,160,362.2,86.2,0,0,0,0,,,,
BASSTA,2009,1,5,11,-3.2,,,,,,,,979.5,,0.6,,108,12.1,104.5,0,0,0,0,,,,
BASSTA,2009,1,5,12,-2.9,,,,,,,,979,,0.3,,70,2.8,69.1,0,0,0,0,,,,
BASSTA,2009,1,5,13,-2.7,,,,,,,,978.9,,0.4,,66,2.4,65.2,0,0,0,0,,,,
BASSTA,2009,1,5,14,-2.9,,,,,,,,978.9,,0.1,,43,1.3,42.6,0,0,0,0,,,,
BASSTA,2009,1,5,15,-3.1,,,,,,,,979.1,,0.4,,18,0.4,17.9,0,0,0,0,,,,
BASSTA,2009,1,5,16,-3.1,,,,,,,,979.3,,0.1,,3,0,3,0,0,0,0,,,,
BASSTA,2009,1,5,17,-3.1,,,,,,,,979.5,,0.6,,3,0,0,0,0,0,0,,,,
BASSTA,2009,1,5,18,-3,,,,,,,,979.7,,0.6,,3,0,0,0,0,0,0,,,,
BASSTA,2009,1,5,19,-3.1,,,,,,,,979.8,,0.8,,3,0,0,0,0,0,0,,,,
BASSTA,2009,1,5,20,-3.4,,,,,,,,980,,1.9,,3,0,0,0,0,0,0,,,,
BASSTA,2009,1,5,21,-3.8,,,,,,,,980.1,,1.8,,3,0,0,0,0,0,0,,,,
BASSTA,2009,1,5,22,-3.9,,,,,,,,980.1,,1.1,,3,0,0,0,0,0,0,,,,
BASSTA,2009,1,5,23,-3.8,,,,,,,,979.9,,1,,3,0,0,0,0,0,0,,,,
BASSTA,2009,1,6,0,-3.9,,,,,,,,979.5,,1.9,,3,0,0,0,0,0,0,,,,
BASSTA,2009,1,6,1,-4.2,,,,,,,,979.6,,1.9,,3,0,0,0,0,0,0,,,,
BASSTA,2009,1,6,2,-4.4,,,,,,,,979.6,,1.5,,3,0,0,0,0,0,0,,,,
BASSTA,2009,1,6,3,-4.2,,,,,,,,979.3,,1.1,,1,0,0,0,0,0,0,,,,
BASSTA,2009,1,6,4,-3.8,,,,,,,,979.2,,1,,0,0,0,0,0,0,0,,,,
BASSTA,2009,1,6,5,-3.7,,,,,,,,979,,1.2,,0,0,0,0,0,0,0,,,,
BASSTA,2009,1,6,6,-3.7,,,,,,,,979.1,,1.3,,0,0,0,0,0,0,0,,,,
BASSTA,2009,1,6,7,-3.6,,,,,,,,979.2,,1.6,,0,0,0,0,0,0,0,,,,
BASSTA,2009,1,6,8,-3.6,,,,,,,,979.3,,2.1,,8,0,0,0,0,0,0,,,,
BASSTA,2009,1,6,9,-3.7,,,,,,,,979.5,,2.6,,33,11.8,32,0,0,0,0,,,,
BASSTA,2009,1,6,10,-3.5,,,,,,,,979.4,,2.2,,72,9.2,70.1,0,0,0,0,,,,
BASSTA,2009,1,6,11,-3.3,,,,,,,,979,,2.1,,69,3.6,68,0,0,0,0,,,,
BASSTA,2009,1,6,12,-3.5,,,,,,,,978.7,,2.6,,59,2,58.3,0,0,0,0,,,,
BASSTA,2009,1,6,13,-3.8,,,,,,,,978.7,,2.9,,35,0.7,34.8,0,0,0,0,,,,
BASSTA,2009,1,6,14,-4,,,,,,,,979.1,,2.8,,17,0.2,16.9,0,0,0,0,,,,
BASSTA,2009,1,6,15,-4.4,,,,,,,,979.5,,2.9,,5,0,5,0,0,0,0,,,,
BASSTA,2009,1,6,16,-4.6,,,,,,,,979.8,,2.6,,0,0,0,0,0,0,0,,,,
BASSTA,2009,1,6,17,-4.7,,,,,,,,979.8,,2.5,,0,0,0,0,0,0,0,,,,
BASSTA,2009,1,6,18,-4.7,,,,,,,,980,,2.3,,0,0,0,0,0,0,0,,,,
BASSTA,2009,1,6,19,-4.8,,,,,,,,980.1,,2.4,,0,0,0,0,0,0,0,,,,
BASSTA,2009,1,6,20,-4.9,,,,,,,,980.3,,2.1,,0,0,0,0,0,0,0,,,,
BASSTA,2009,1,6,21,-5,,,,,,,,980.4,,2.2,,0,0,0,0,0,0,0,,,,
BASSTA,2009,1,6,22,-5.1,,,,,,,,980.6,,2,,0,0,0,0,0,0,0,,,,
BASSTA,2009,1,6,23,-5.3,,,,,,,,980.6,,1.8,,0,0,0,0,0,0,0,,,,
BASSTA,2009,1,7,0,-5.4,,,,,,,,980.5,,2.4,,0,0,0,0,0,0,0,,,,
BASSTA,2009,1,7,1,-5.6,,,,,,,,980.5,,1.7,,0,0,0,0,0,0,0,,,,
BASSTA,2009,1,7,2,-5.5,,,,,,,,980.6,,1.7,,0,0,0,0,0,0,0,,,,
BASSTA,2009,1,7,3,-5.6,,,,,,,,980.5,,1.9,,0,0,0,0,0,0,0,,,,
BASSTA,2009,1,7,4,-5.7,,,,,,,,980.5,,2,,0,0,0,0,0,0,0,,,,
BASSTA,2009,1,7,5,-5.8,,,,,,,,980.4,,1.9,,0,0,0,0,0,0,0,,,,
BASSTA,2009,1,7,6,-5.7,,,,,,,,980.5,,2.1,,0,0,0,0,0,0,0,,,,
BASSTA,2009,1,7,7,-5.7,,,,,,,,981,,2.4,,0,0,0,0,0,0,0,,,,
BASSTA,2009,1,7,8,-5.6,,,,,,,,981.3,,2.3,,9,0,0,0,0,0,0,,,,
BASSTA,2009,1,7,9,-5.4,,,,,,,,981.9,,2.6,,33,11.3,32,0,0,0,0,,,,
BASSTA,2009,1,7,10,-5.1,,,,,,,,981.9,,2.3,,53,4.2,52.1,0,0,0,0,,,,
BASSTA,2009,1,7,11,-4.7,,,,,,,,981.5,,1.7,,82,5.1,80.5,0,0,0,0,,,,
BASSTA,2009,1,7,12,-4.4,,,,,,,,981.1,,1.9,,88,4.3,86.5,0,0,0,0,,,,
BASSTA,2009,1,7,13,-4.2,,,,,,,,981,,2.1,,66,2.4,65.2,0,0,0,0,,,,
BASSTA,2009,1,7,14,-4,,,,,,,,981.2,,2,,48,1.6,47.5,0,0,0,0,,,,
BASSTA,2009,1,7,15,-4,,,,,,,,981.5,,2.2,,20,0.5,19.9,0,0,0,0,,,,
BASSTA,2009,1,7,16,-4.1,,,,,,,,982.1,,1.8,,0,0,0,0,0,0,0,,,,
BASSTA,2009,1,7,17,-4.4,,,,,,,,982.7,,1.6,,0,0,0,0,0,0,0,,,,
BASSTA,2009,1,7,18,-5.6,,,,,,,,983.4,,2.3,,0,0,0,0,0,0,0,,,,
BASSTA,2009,1,7,19,-6.7,,,,,,,,983.9,,1.5,,0,0,0,0,0,0,0,,,,
BASSTA,2009,1,7,20,-7.6,,,,,,,,984.3,,1.5,,0,0,0,0,0,0,0,,,,
BASSTA,2009,1,7,21,-8.1,,,,,,,,984.6,,1.4,,0,0,0,0,0,0,0,,,,
BASSTA,2009,1,7,22,-8.9,,,,,,,,984.8,,1.1,,0,0,0,0,0,0,0,,,,
BASSTA,2009,1,7,23,-9.5,,,,,,,,984.9,,1.5,,0,0,0,0,0,0,0,,,,
BASSTA,2009,1,8,0,-10,,,,,,,,985,,1.5,,0,0,0,0,0,0,0,,,,
BASSTA,2009,1,8,1,-10.2,,,,,,,,985.1,,2,,0,0,0,0,0,0,0,,,,
BASSTA,2009,1,8,2,-10,,,,,,,,985.4,,1.8,,0,0,0,0,0,0,0,,,,
BASSTA,2009,1,8,3,-9.8,,,,,,,,985.5,,1.1,,1,0,0,0,0,0,0,,,,
BASSTA,2009,1,8,4,-9.6,,,,,,,,985.7,,1.4,,1,0,0,0,0,0,0,,,,
BASSTA,2009,1,8,5,-9.2,,,,,,,,985.8,,1,,2,0,0,0,0,0,0,,,,
BASSTA,2009,1,8,6,-9.3,,,,,,,,986.1,,1.1,,1,0,0,0,0,0,0,,,,
BASSTA,2009,1,8,7,-9.1,,,,,,,,986.4,,0.9,,5,0,0,0,0,0,0,,,,
BASSTA,2009,1,8,8,-8.3,,,,,,,,986.9,,1.5,,56,0,0,0,0,0,0,,,,
BASSTA,2009,1,8,9,-7.2,,,,,,,,987.3,,1.7,,155,1434.5,25.6,0,0,0,0,,,,
BASSTA,2009,1,8,10,-6.1,,,,,,,,987.1,,1.3,,240,966.7,39.6,0,0,0,0,,,,
BASSTA,2009,1,8,11,-4.6,,,,,,,,986.8,,1.4,,295,782.6,66.1,0,0,0,0,,,,
BASSTA,2009,1,8,12,-2.9,,,,,,,,986.5,,2.4,,322,672.7,94,0,0,0,0,,,,
BASSTA,2009,1,8,13,-2.7,,,,,,,,986.5,,3.4,,254,287.6,155.1,0,0,0,0,,,,
BASSTA,2009,1,8,14,-3.2,,,,,,,,986.9,,3.6,,153,49.8,137.8,0,0,0,0,,,,
BASSTA,2009,1,8,15,-3.6,,,,,,,,987.4,,2.9,,51,3.2,50.3,0,0,0,0,,,,
BASSTA,2009,1,8,16,-3.9,,,,,,,,987.9,,2.4,,3,0,3,0,0,0,0,,,,
BASSTA,2009,1,8,17,-3.8,,,,,,,,988.3,,3.1,,1,0,0,0,0,0,0,,,,
BASSTA,2009,1,8,18,-3.1,,,,,,,,988.7,,2.6,,2,0,0,0,0,0,0,,,,
BASSTA,2009,1,8,19,-3.2,,,,,,,,989,,2.7,,2,0,0,0,0,0,0,,,,
BASSTA,2009,1,8,20,-5.3,,,,,,,,989.1,,2.2,,2,0,0,0,0,0,0,,,,
BASSTA,2009,1,8,21,-5.7,,,,,,,,989.2,,2.2,,2,0,0,0,0,0,0,,,,
BASSTA,2009,1,8,22,-6.6,,,,,,,,989.2,,1.8,,2,0,0,0,0,0,0,,,,
BASSTA,2009,1,8,23,-7,,,,,,,,989.2,,1.5,,1,0,0,0,0,0,0,,,,
BASSTA,2009,1,9,0,-7.6,,,,,,,,989.1,,1.2,,1,0,0,0,0,0,0,,,,
BASSTA,2009,1,9,1,-7.8,,,,,,,,989,,1,,1,0,0,0,0,0,0,,,,
BASSTA,2009,1,9,2,-8.4,,,,,,,,989,,1.1,,2,0,0,0,0,0,0,,,,
BASSTA,2009,1,9,3,-9,,,,,,,,989,,1.3,,1,0,0,0,0,0,0,,,,
BASSTA,2009,1,9,4,-9,,,,,,,,988.9,,1.3,,1,0,0,0,0,0,0,,,,
BASSTA,2009,1,9,5,-9.2,,,,,,,,988.9,,1,,2,0,0,0,0,0,0,,,,
BASSTA,2009,1,9,6,-9.4,,,,,,,,989.3,,1.3,,1,0,0,0,0,0,0,,,,
BASSTA,2009,1,9,7,-9.3,,,,,,,,989.9,,1.2,,5,0,0,0,0,0,0,,,,
BASSTA,2009,1,9,8,-8.6,,,,,,,,990.3,,0.7,,61,0,0,0,0,0,0,,,,
BASSTA,2009,1,9,9,-7.3,,,,,,,,990.6,,0.3,,150,1371.6,24.8,0,0,0,0,,,,
BASSTA,2009,1,9,10,-5.6,,,,,,,,990.4,,0.8,,234,936.5,38.5,0,0,0,0,,,,
BASSTA,2009,1,9,11,-4.4,,,,,,,,989.8,,1.4,,286,715.3,75.5,0,0,0,0,,,,
BASSTA,2009,1,9,12,-3.5,,,,,,,,989.4,,1.5,,289,473.5,127.5,0,0,0,0,,,,
BASSTA,2009,1,9,13,-2.8,,,,,,,,989,,1.4,,243,234.4,161.9,0,0,0,0,,,,
BASSTA,2009,1,9,14,-2.4,,,,,,,,989,,1.3,,155,50.9,139.3,0,0,0,0,,,,
BASSTA,2009,1,9,15,-2.9,,,,,,,,989,,1.6,,56,3.7,55.1,0,0,0,0,,,,
BASSTA,2009,1,9,16,-4,,,,,,,,989,,1,,5,0.1,5,0,0,0,0,,,,
BASSTA,2009,1,9,17,-4,,,,,,,,989.2,,0.9,,1,0,0,0,0,0,0,,,,
BASSTA,2009,1,9,18,-3.9,,,,,,,,989.4,,2.4,,1,0,0,0,0,0,0,,,,
BASSTA,2009,1,9,19,-4.2,,,,,,,,989.8,,1.4,,1,0,0,0,0,0,0,,,,
BASSTA,2009,1,9,20,-5.8,,,,,,,,990.1,,0.6,,2,0,0,0,0,0,0,,,,
BASSTA,2009,1,9,21,-6.5,,,,,,,,990.2,,1,,1,0,0,0,0,0,0,,,,
BASSTA,2009,1,9,22,-6.2,,,,,,,,990.2,,0.7,,2,0,0,0,0,0,0,,,,
BASSTA,2009,1,9,23,-5.7,,,,,,,,989.9,,1.1,,1,0,0,0,0,0,0,,,,
BASSTA,2009,1,10,0,-5.4,,,,,,,,989.7,,2.2,,2,0,0,0,0,0,0,,,,
BASSTA,2009,1,10,1,-6.5,,,,,,,,989.5,,1.2,,1,0,0,0,0,0,0,,,,
BASSTA,2009,1,10,2,-7.3,,,,,,,,989.5,,0.4,,1,0,0,0,0,0,0,,,,
BASSTA,2009,1,10,3,-6.9,,,,,,,,989.2,,1.3,,2,0,0,0,0,0,0,,,,
BASSTA,2009,1,10,4,-6.4,,,,,,,,989.1,,1.8,,1,0,0,0,0,0,0,,,,
BASSTA,2009,1,10,5,-7.2,,,,,,,,989.1,,1.2,,1,0,0,0,0,0,0,,,,
BASSTA,2009,1,10,6,-8.9,,,,,,,,989.4,,0.5,,2,0,0,0,0,0,0,,,,
BASSTA,2009,1,10,7,-8.8,,,,,,,,989.8,,0.4,,6,0,0,0,0,0,0,,,,
BASSTA,2009,1,10,8,-8.3,,,,,,,,990.3,,0.4,,62,0,0,0,0,0,0,,,,
BASSTA,2009,1,10,9,-6.2,,,,,,,,990.8,,0.5,,147,1326.6,24.3,0,0,0,0,,,,
BASSTA,2009,1,10,10,-4,,,,,,,,990.6,,1.6,,236,937.5,38.8,0,0,0,0,,,,
BASSTA,2009,1,10,11,-2.6,,,,,,,,990.2,,2.2,,299,784.4,66.7,0,0,0,0,,,,
BASSTA,2009,1,10,12,-1.8,,,,,,,,989.9,,2,,306,558.1,114.4,0,0,0,0,,,,
BASSTA,2009,1,10,13,-1.4,,,,,,,,989.6,,2.3,,259,293.6,156.6,0,0,0,0,,,,
BASSTA,2009,1,10,14,-1.5,,,,,,,,989.9,,2.3,,169,74.3,145.9,0,0,0,0,,,,
BASSTA,2009,1,10,15,-2.3,,,,,,,,990.5,,2.8,,63,4.6,61.9,0,0,0,0,,,,
BASSTA,2009,1,10,16,-3.3,,,,,,,,990.9,,3.2,,3,0,3,0,0,0,0,,,,
BASSTA,2009,1,10,17,-3.9,,,,,,,,991.1,,3.4,,1,0,0,0,0,0,0,,,,
BASSTA,2009,1,10,18,-4.3,,,,,,,,991.5,,3.1,,1,0,0,0,0,0,0,,,,
BASSTA,2009,1,10,19,-4.7,,,,,,,,991.7,,3.8,,1,0,0,0,0,0,0,,,,
BASSTA,2009,1,10,20,-5,,,,,,,,991.9,,3.7,,1,0,0,0,0,0,0,,,,
BASSTA,2009,1,10,21,-5.2,,,,,,,,992.3,,4.2,,1,0,0,0,0,0,0,,,,
BASSTA,2009,1,10,22,-5.5,,,,,,,,992.9,,3.8,,1,0,0,0,0,0,0,,,,
BASSTA,2009,1,10,23,-5.7,,,,,,,,992.7,,3.4,,1,0,0,0,0,0,0,,,,
BASSTA,2009,1,11,0,-5.8,,,,,,,,992.7,,3.2,,1,0,0,0,0,0,0,,,,
BASSTA,2009,1,11,1,-6,,,,,,,,993.2,,3.8,,1,0,0,0,0,0,0,,,,
BASSTA,2009,1,11,2,-6.4,,,,,,,,994.2,,2.3,,2,0,0,0,0,0,0,,,,
BASSTA,2009,1,11,3,-6.9,,,,,,,,994.4,,2.4,,2,0,0,0,0,0,0,,,,
BASSTA,2009,1,11,4,-6.7,,,,,,,,994.2,,3.3,,2,0,0,0,0,0,0,,,,
BASSTA,2009,1,11,5,-6.7,,,,,,,,994.4,,4.6,,2,0,0,0,0,0,0,,,,
BASSTA,2009,1,11,6,-6.8,,,,,,,,994.8,,4.6,,2,0,0,0,0,0,0,,,,
BASSTA,2009,1,11,7,-6.7,,,,,,,,994.9,,4.2,,6,0,0,0,0,0,0,,,,
BASSTA,2009,1,11,8,-6.4,,,,,,,,995.1,,4.7,,75,0,0,0,0,0,0,,,,
BASSTA,2009,1,11,9,-5.3,,,,,,,,995.3,,5,,172,1530.2,28.4,0,0,0,0,,,,
BASSTA,2009,1,11,10,-3.9,,,,,,,,995.6,,3.1,,263,1036,43.4,0,0,0,0,,,,
BASSTA,2009,1,11,11,-2.8,,,,,,,,995,,2.6,,324,901.4,55.2,0,0,0,0,,,,
BASSTA,2009,1,11,12,-1.8,,,,,,,,994.2,,2.3,,328,670.9,96.1,0,0,0,0,,,,
BASSTA,2009,1,11,13,-1.3,,,,,,,,993.5,,2.5,,282,392.7,144.1,0,0,0,0,,,,
BASSTA,2009,1,11,14,-1.5,,,,,,,,993.6,,3.2,,188,117.1,151.2,0,0,0,0,,,,
BASSTA,2009,1,11,15,-2.5,,,,,,,,994,,2.8,,74,6.2,72.5,0,0,0,0,,,,
BASSTA,2009,1,11,16,-3.8,,,,,,,,994.2,,4.2,,5,0.1,5,0,0,0,0,,,,
BASSTA,2009,1,11,17,-4.5,,,,,,,,994.3,,4.1,,2,0,0,0,0,0,0,,,,
BASSTA,2009,1,11,18,-5.1,,,,,,,,994.2,,4.1,,2,0,0,0,0,0,0,,,,
BASSTA,2009,1,11,19,-5.4,,,,,,,,994.4,,4.6,,2,0,0,0,0,0,0,,,,
BASSTA,2009,1,11,20,-5.6,,,,,,,,994.3,,5,,2,0,0,0,0,0,0,,,,
BASSTA,2009,1,11,21,-5.9,,,,,,,,994.1,,4.5,,2,0,0,0,0,0,0,,,,
BASSTA,2009,1,11,22,-6,,,,,,,,993.8,,4.4,,2,0,0,0,0,0,0,,,,
BASSTA,2009,1,11,23,-6.3,,,,,,,,993.3,,3.4,,2,0,0,0,0,0,0,,,,
BASSTA,2009,1,12,0,-6.4,,,,,,,,992.7,,4.4,,2,0,0,0,0,0,0,,,,
BASSTA,2009,1,12,1,-6.5,,,,,,,,992.4,,4.3,,2,0,0,0,0,0,0,,,,
BASSTA,2009,1,12,2,-6.7,,,,,,,,992.1,,4.7,,2,0,0,0,0,0,0,,,,
BASSTA,2009,1,12,3,-6.8,,,,,,,,991.8,,3.9,,2,0,0,0,0,0,0,,,,
BASSTA,2009,1,12,4,-7.3,,,,,,,,991.6,,2.6,,3,0,0,0,0,0,0,,,,
BASSTA,2009,1,12,5,-7.2,,,,,,,,991.4,,4.2,,2,0,0,0,0,0,0,,,,
BASSTA,2009,1,12,6,-7,,,,,,,,991.2,,3.6,,2,0,0,0,0,0,0,,,,
BASSTA,2009,1,12,7,-7.1,,,,,,,,991.4,,3.4,,6,0,0,0,0,0,0,,,,
BASSTA,2009,1,12,8,-6.4,,,,,,,,991.3,,4.7,,76,0,0,0,0,0,0,,,,
BASSTA,2009,1,12,9,-5.4,,,,,,,,991.4,,5,,175,1533.3,28.9,0,0,0,0,,,,
BASSTA,2009,1,12,10,-4.1,,,,,,,,991.3,,4.5,,267,1042.9,44.1,0,0,0,0,,,,
BASSTA,2009,1,12,11,-3.1,,,,,,,,990.5,,5.2,,330,915.5,55.1,0,0,0,0,,,,
BASSTA,2009,1,12,12,-2.2,,,,,,,,989.6,,5,,335,696.9,92.4,0,0,0,0,,,,
BASSTA,2009,1,12,13,-1.7,,,,,,,,989,,4.7,,286,401.8,143.8,0,0,0,0,,,,
BASSTA,2009,1,12,14,-2.1,,,,,,,,988.5,,5.3,,194,129.4,152.9,0,0,0,0,,,,
BASSTA,2009,1,12,15,-2.2,,,,,,,,988,,5.6,,80,7.5,78.2,0,0,0,0,,,,
BASSTA,2009,1,12,16,-2.9,,,,,,,,987.8,,6,,6,0.1,6,0,0,0,0,,,,
BASSTA,2009,1,12,17,-3.3,,,,,,,,987.3,,6.5,,2,0,0,0,0,0,0,,,,
BASSTA,2009,1,12,18,-3.6,,,,,,,,987.1,,5.9,,2,0,0,0,0,0,0,,,,
BASSTA,2009,1,12,19,-4,,,,,,,,986.8,,5.8,,2,0,0,0,0,0,0,,,,
BASSTA,2009,1,12,20,-4,,,,,,,,986.7,,5.5,,2,0,0,0,0,0,0,,,,
BASSTA,2009,1,12,21,-4.3,,,,,,,,986.5,,5.5,,2,0,0,0,0,0,0,,,,
BASSTA,2009,1,12,22,-4.5,,,,,,,,986.2,,5.6,,2,0,0,0,0,0,0,,,,
BASSTA,2009,1,12,23,-4.7,,,,,,,,985.7,,5.9,,3,0,0,0,0,0,0,,,,
BASSTA,2009,1,13,0,-4.9,,,,,,,,985.3,,6,,2,0,0,0,0,0,0,,,,
BASSTA,2009,1,13,1,-5.1,,,,,,,,984.9,,5.8,,3,0,0,0,0,0,0,,,,
BASSTA,2009,1,13,2,-5.5,,,,,,,,984.3,,6,,2,0,0,0,0,0,0,,,,
BASSTA,2009,1,13,3,-5.8,,,,,,,,983.8,,5.7,,1,0,0,0,0,0,0,,,,
BASSTA,2009,1,13,4,-5.9,,,,,,,,983.3,,5.7,,1,0,0,0,0,0,0,,,,
BASSTA,2009,1,13,5,-6,,,,,,,,982.9,,5.6,,1,0,0,0,0,0,0,,,,
BASSTA,2009,1,13,6,-5.9,,,,,,,,982.5,,5.2,,1,0,0,0,0,0,0,,,,
BASSTA,2009,1,13,7,-5.9,,,,,,,,982.1,,5.7,,6,0,0,0,0,0,0,,,,
BASSTA,2009,1,13,8,-5.5,,,,,,,,982.1,,6,,74,0,0,0,0,0,0,,,,
BASSTA,2009,1,13,9,-4.5,,,,,,,,982,,6,,171,1474,28.2,0,0,0,0,,,,
BASSTA,2009,1,13,10,-2.9,,,,,,,,981.7,,5.5,,264,1022,43.6,0,0,0,0,,,,
BASSTA,2009,1,13,11,-1.3,,,,,,,,980.9,,5,,327,894.3,56.5,0,0,0,0,,,,
BASSTA,2009,1,13,12,-0.1,,,,,,,,980.1,,5,,330,655.7,100,0,0,0,0,,,,
BASSTA,2009,1,13,13,0.7,,,,,,,,979.4,,5.6,,285,385.5,147.4,0,0,0,0,,,,
BASSTA,2009,1,13,14,0.7,,,,,,,,979.1,,4.6,,191,115.5,154,0,0,0,0,,,,
BASSTA,2009,1,13,15,0.3,,,,,,,,979.2,,3.8,,80,7.2,78.2,0,0,0,0,,,,
BASSTA,2009,1,13,16,-0.5,,,,,,,,979.1,,4.3,,5,0.1,5,0,0,0,0,,,,
BASSTA,2009,1,13,17,-1.2,,,,,,,,978.9,,4.6,,1,0,0,0,0,0,0,,,,
BASSTA,2009,1,13,18,-1.5,,,,,,,,978.9,,4.8,,1,0,0,0,0,0,0,,,,
BASSTA,2009,1,13,19,-1.8,,,,,,,,979,,4.6,,1,0,0,0,0,0,0,,,,
BASSTA,2009,1,13,20,-2,,,,,,,,979,,4.5,,1,0,0,0,0,0,0,,,,
BASSTA,2009,1,13,21,-2.4,,,,,,,,978.8,,3.8,,1,0,0,0,0,0,0,,,,
BASSTA,2009,1,13,22,-3.1,,,,,,,,978.4,,4.1,,1,0,0,0,0,0,0,,,,
BASSTA,2009,1,13,23,-3.6,,,,,,,,978.5,,3.3,,1,0,0,0,0,0,0,,,,
BASSTA,2009,1,14,0,-4.2,,,,,,,,978.2,,2.8,,2,0,0,0,0,0,0,,,,
BASSTA,2009,1,14,1,-4.6,,,,,,,,978.2,,3.8,,1,0,0,0,0,0,0,,,,
BASSTA,2009,1,14,2,-5,,,,,,,,978.1,,3.7,,1,0,0,0,0,0,0,,,,
BASSTA,2009,1,14,3,-5.7,,,,,,,,978,,4.2,,1,0,0,0,0,0,0,,,,
BASSTA,2009,1,14,4,-5.9,,,,,,,,978.1,,4,,2,0,0,0,0,0,0,,,,
BASSTA,2009,1,14,5,-6,,,,,,,,978.5,,4.5,,1,0,0,0,0,0,0,,,,
BASSTA,2009,1,14,6,-6,,,,,,,,978.9,,4.4,,1,0,0,0,0,0,0,,,,
BASSTA,2009,1,14,7,-6.1,,,,,,,,978.9,,3.9,,5,0,0,0,0,0,0,,,,
BASSTA,2009,1,14,8,-5.4,,,,,,,,979.1,,3.6,,84,0,0,0,0,0,0,,,,
BASSTA,2009,1,14,9,-4.1,,,,,,,,979.3,,1.8,,117,991.3,19.3,0,0,0,0,,,,
BASSTA,2009,1,14,10,-2.9,,,,,,,,979.3,,1.9,,156,254.8,100.5,0,0,0,0,,,,
BASSTA,2009,1,14,11,-2.3,,,,,,,,978.9,,2.6,,108,9.5,105.1,0,0,0,0,,,,
BASSTA,2009,1,14,12,-1.6,,,,,,,,978.4,,2.3,,86,3.8,84.7,0,0,0,0,,,,
BASSTA,2009,1,14,13,-1,,,,,,,,978.4,,1.6,,73,2.6,72.1,0,0,0,0,,,,
BASSTA,2009,1,14,14,-0.4,,,,,,,,978.8,,1.3,,28,0.5,27.8,0,0,0,0,,,,
BASSTA,2009,1,14,15,0,,,,,,,,979.2,,0.4,,11,0.1,11,0,0,0,0,,,,
BASSTA,2009,1,14,16,0.2,,,,,,,,979.6,,0.6,,2,0,2,0,0,0,0,,,,
BASSTA,2009,1,14,17,0.5,,,,,,,,980.2,,0.2,,2,0,0,0,0,0,0,,,,
BASSTA,2009,1,14,18,0.7,,,,,,,,980.5,,0.6,,2,0,0,0,0,0,0,,,,
BASSTA,2009,1,14,19,0.8,,,,,,,,980.6,,0.2,,1,0,0,0,0,0,0,,,,
BASSTA,2009,1,14,20,0.9,,,,,,,,980.6,,0.2,,2,0,0,0,0,0,0,,,,
BASSTA,2009,1,14,21,0.8,,,,,,,,980.8,,0.8,,2,0,0,0,0,0,0,,,,
BASSTA,2009,1,14,22,0.9,,,,,,,,981.1,,0.4,,2,0,0,0,0,0,0,,,,
BASSTA,2009,1,14,23,0.9,,,,,,,,981.2,,0.6,,2,0,0,0,0,0,0,,,,
BASSTA,2009,1,15,0,0.8,,,,,,,,981,,0.1,,1,0,0,0,0,0,0,,,,
BASSTA,2009,1,15,1,0.9,,,,,,,,980.9,,0.4,,2,0,0,0,0,0,0,,,,
BASSTA,2009,1,15,2,0.8,,,,,,,,981.1,,1.2,,2,0,0,0,0,0,0,,,,
BASSTA,2009,1,15,3,0.4,,,,,,,,981.1,,0.9,,1,0,0,0,0,0,0,,,,
BASSTA,2009,1,15,4,0.2,,,,,,,,981.3,,1.2,,1,0,0,0,0,0,0,,,,
BASSTA,2009,1,15,5,0.1,,,,,,,,981.4,,0.7,,1,0,0,0,0,0,0,,,,
BASSTA,2009,1,15,6,0.2,,,,,,,,981.5,,0.9,,1,0,0,0,0,0,0,,,,
BASSTA,2009,1,15,7,0.2,,,,,,,,981.9,,0.1,,3,0,0,0,0,0,0,,,,
BASSTA,2009,1,15,8,0.6,,,,,,,,982.1,,0.7,,27,0,0,0,0,0,0,,,,
BASSTA,2009,1,15,9,0.8,,,,,,,,982.1,,1.2,,74,285.6,45.3,0,0,0,0,,,,
BASSTA,2009,1,15,10,1.5,,,,,,,,981.9,,0.9,,150,208.6,104.1,0,0,0,0,,,,
BASSTA,2009,1,15,11,2,,,,,,,,981.9,,1.2,,107,8.9,104.3,0,0,0,0,,,,
BASSTA,2009,1,15,12,2.2,,,,,,,,981.3,,1.7,,113,6.6,110.7,0,0,0,0,,,,
BASSTA,2009,1,15,13,2.1,,,,,,,,980.9,,1.9,,173,39.4,158.7,0,0,0,0,,,,
BASSTA,2009,1,15,14,2,,,,,,,,981.1,,1.9,,148,30.4,138.1,0,0,0,0,,,,
BASSTA,2009,1,15,15,0.9,,,,,,,,981.6,,2.2,,22,0.5,21.9,0,0,0,0,,,,
BASSTA,2009,1,15,16,0.2,,,,,,,,982.4,,1.8,,2,0,2,0,0,0,0,,,,
BASSTA,2009,1,15,17,0.2,,,,,,,,983,,1.2,,1,0,0,0,0,0,0,,,,
BASSTA,2009,1,15,18,0.2,,,,,,,,983.4,,1,,1,0,0,0,0,0,0,,,,
BASSTA,2009,1,15,19,0.2,,,,,,,,983.8,,1.1,,1,0,0,0,0,0,0,,,,
BASSTA,2009,1,15,20,0.1,,,,,,,,983.8,,1.1,,1,0,0,0,0,0,0,,,,
BASSTA,2009,1,15,21,-0.3,,,,,,,,983.7,,1.2,,1,0,0,0,0,0,0,,,,
BASSTA,2009,1,15,22,-0.7,,,,,,,,983.8,,0.7,,1,0,0,0,0,0,0,,,,
BASSTA,2009,1,15,23,-1.2,,,,,,,,983.9,,0.3,,1,0,0,0,0,0,0,,,,
BASSTA,2009,1,16,0,-1.8,,,,,,,,983.9,,0.5,,1,0,0,0,0,0,0,,,,
BASSTA,2009,1,16,1,-2.4,,,,,,,,984.1,,1.5,,1,0,0,0,0,0,0,,,,
BASSTA,2009,1,16,2,-2.8,,,,,,,,984.4,,1.4,,1,0,0,0,0,0,0,,,,
BASSTA,2009,1,16,3,-2.3,,,,,,,,984.5,,1.2,,1,0,0,0,0,0,0,,,,
BASSTA,2009,1,16,4,-1.8,,,,,,,,984.7,,2.7,,1,0,0,0,0,0,0,,,,
BASSTA,2009,1,16,5,-2.3,,,,,,,,984.8,,2.3,,1,0,0,0,0,0,0,,,,
BASSTA,2009,1,16,6,-2.1,,,,,,,,985.3,,2.4,,1,0,0,0,0,0,0,,,,
BASSTA,2009,1,16,7,-2.2,,,,,,,,985.8,,2.5,,9,0,0,0,0,0,0,,,,
BASSTA,2009,1,16,8,-0.8,,,,,,,,986,,3.2,,87,0,0,0,0,0,0,,,,
BASSTA,2009,1,16,9,0.5,,,,,,,,986.3,,3.7,,189,1543.2,31.2,0,0,0,0,,,,
BASSTA,2009,1,16,10,1.6,,,,,,,,986.6,,4.2,,237,875.9,42.4,0,0,0,0,,,,
BASSTA,2009,1,16,11,2.5,,,,,,,,986.3,,3.9,,315,796.3,68.2,0,0,0,0,,,,
BASSTA,2009,1,16,12,3.3,,,,,,,,986.1,,3.9,,302,462.6,135.9,0,0,0,0,,,,
BASSTA,2009,1,16,13,3.5,,,,,,,,985.8,,3.3,,226,135.7,176.3,0,0,0,0,,,,
BASSTA,2009,1,16,14,3.5,,,,,,,,985.8,,3.2,,180,76.2,154.8,0,0,0,0,,,,
BASSTA,2009,1,16,15,2.4,,,,,,,,986.1,,3.1,,67,4.4,65.9,0,0,0,0,,,,
BASSTA,2009,1,16,16,1.3,,,,,,,,986.5,,3.3,,6,0.1,6,0,0,0,0,,,,
BASSTA,2009,1,16,17,0.6,,,,,,,,986.8,,3.6,,1,0,0,0,0,0,0,,,,
BASSTA,2009,1,16,18,0.3,,,,,,,,986.8,,4.1,,1,0,0,0,0,0,0,,,,
BASSTA,2009,1,16,19,-0.1,,,,,,,,986.5,,4.4,,1,0,0,0,0,0,0,,,,
BASSTA,2009,1,16,20,-0.5,,,,,,,,986.1,,4.4,,1,0,0,0,0,0,0,,,,
BASSTA,2009,1,16,21,-0.7,,,,,,,,986,,5.4,,1,0,0,0,0,0,0,,,,
BASSTA,2009,1,16,22,-1,,,,,,,,985.8,,4.4,,1,0,0,0,0,0,0,,,,
BASSTA,2009,1,16,23,-1.4,,,,,,,,985.7,,3.9,,1,0,0,0,0,0,0,,,,
BASSTA,2009,1,17,0,-1.6,,,,,,,,985.6,,4.6,,1,0,0,0,0,0,0,,,,
BASSTA,2009,1,17,1,-1.8,,,,,,,,985.7,,4.8,,1,0,0,0,0,0,0,,,,
BASSTA,2009,1,17,2,-2,,,,,,,,985.7,,4.8,,1,0,0,0,0,0,0,,,,
BASSTA,2009,1,17,3,-2.3,,,,,,,,985.5,,4,,2,0,0,0,0,0,0,,,,
BASSTA,2009,1,17,4,-2.4,,,,,,,,985.4,,4.2,,2,0,0,0,0,0,0,,,,
BASSTA,2009,1,17,5,-2.6,,,,,,,,985.4,,4.3,,2,0,0,0,0,0,0,,,,
BASSTA,2009,1,17,6,-2.7,,,,,,,,985.4,,4.4,,2,0,0,0,0,0,0,,,,
BASSTA,2009,1,17,7,-2.8,,,,,,,,985.6,,4.4,,7,0,0,0,0,0,0,,,,
BASSTA,2009,1,17,8,-2.5,,,,,,,,985.9,,4,,70,0,0,0,0,0,0,,,,
BASSTA,2009,1,17,9,-1.5,,,,,,,,986.2,,4,,178,1425,29.4,0,0,0,0,,,,
BASSTA,2009,1,17,10,-0.2,,,,,,,,986.2,,3.6,,269,1000.4,44.4,0,0,0,0,,,,
BASSTA,2009,1,17,11,0.9,,,,,,,,985.9,,3.4,,326,840,63.3,0,0,0,0,,,,
BASSTA,2009,1,17,12,2.4,,,,,,,,985.3,,2.8,,351,711.1,93.5,0,0,0,0,,,,
BASSTA,2009,1,17,13,3.1,,,,,,,,984.9,,2.7,,235,155.1,177.7,0,0,0,0,,,,
BASSTA,2009,1,17,14,2.8,,,,,,,,984.6,,1.7,,69,2.7,68.1,0,0,0,0,,,,
BASSTA,2009,1,17,15,2.7,,,,,,,,984.2,,3.1,,22,0.5,21.9,0,0,0,0,,,,
BASSTA,2009,1,17,16,2.5,,,,,,,,984.5,,3.1,,4,0,4,0,0,0,0,,,,
BASSTA,2009,1,17,17,2.3,,,,,,,,984.1,,4.4,,3,0,0,0,0,0,0,,,,
BASSTA,2009,1,17,18,2,,,,,,,,984.1,,4.1,,2,0,0,0,0,0,0,,,,
BASSTA,2009,1,17,19,1.7,,,,,,,,983.4,,4.1,,2,0,0,0,0,0,0,,,,
BASSTA,2009,1,17,20,1.4,,,,,,,,983,,4.6,,2,0,0,0,0,0,0,,,,
BASSTA,2009,1,17,21,1.1,,,,,,,,982.7,,4.2,,2,0,0,0,0,0,0,,,,
BASSTA,2009,1,17,22,0.5,,,,,,,,982.1,,2.9,,2,0,0,0,0,0,0,,,,
BASSTA,2009,1,17,23,0,,,,,,,,981.3,,3.1,,2,0,0,0,0,0,0,,,,
BASSTA,2009,1,18,0,-0.3,,,,,,,,980.4,,4.2,,2,0,0,0,0,0,0,,,,
BASSTA,2009,1,18,1,-0.6,,,,,,,,979.9,,4.6,,2,0,0,0,0,0,0,,,,
BASSTA,2009,1,18,2,-0.8,,,,,,,,979.4,,4.8,,2,0,0,0,0,0,0,,,,
BASSTA,2009,1,18,3,-1,,,,,,,,978.1,,4.8,,2,0,0,0,0,0,0,,,,
BASSTA,2009,1,18,4,-1.4,,,,,,,,976.5,,5.3,,2,0,0,0,0,0,0,,,,
BASSTA,2009,1,18,5,-1.5,,,,,,,,975.8,,3,,3,0,0,0,0,0,0,,,,
BASSTA,2009,1,18,6,-0.4,,,,,,,,973.2,,4.4,,3,0,0,0,0,0,0,,,,
BASSTA,2009,1,18,7,0.6,,,,,,,,972.5,,6.4,,6,0,0,0,0,0,0,,,,
BASSTA,2009,1,18,8,0.9,,,,,,,,972.2,,5.7,,20,0,0,0,0,0,0,,,,
BASSTA,2009,1,18,9,1.5,,,,,,,,971.4,,5,,36,8,35.2,0,0,0,0,,,,
BASSTA,2009,1,18,10,2.2,,,,,,,,970.9,,3.3,,36,1.6,35.6,0,0,0,0,,,,
BASSTA,2009,1,18,11,6.5,,,,,,,,970.4,,4.5,,31,0.6,30.8,0,0,0,0,,,,
BASSTA,2009,1,18,12,8.1,,,,,,,,968.9,,7.5,,83,3.3,81.8,0,0,0,0,,,,
BASSTA,2009,1,18,13,8.3,,,,,,,,968.5,,8.6,,61,1.7,60.4,0,0,0,0,,,,
BASSTA,2009,1,18,14,7.6,,,,,,,,968.9,,7.4,,51,1.5,50.5,0,0,0,0,,,,
BASSTA,2009,1,18,15,5.9,,,,,,,,970.3,,9.1,,16,0.2,15.9,0,0,0,0,,,,
BASSTA,2009,1,18,16,4.3,,,,,,,,971,,4,,4,0,4,0,0,0,0,,,,
BASSTA,2009,1,18,17,5.2,,,,,,,,972,,6.1,,2,0,0,0,0,0,0,,,,
BASSTA,2009,1,18,18,4.9,,,,,,,,973.2,,5.9,,2,0,0,0,0,0,0,,,,
BASSTA,2009,1,18,19,4.9,,,,,,,,974,,5.3,,2,0,0,0,0,0,0,,,,
BASSTA,2009,1,18,20,5.2,,,,,,,,975,,4.7,,1,0,0,0,0,0,0,,,,
BASSTA,2009,1,18,21,5.2,,,,,,,,975.7,,4.6,,2,0,0,0,0,0,0,,,,
BASSTA,2009,1,18,22,4.4,,,,,,,,976.1,,2.5,,2,0,0,0,0,0,0,,,,
BASSTA,2009,1,18,23,3.9,,,,,,,,976,,3.1,,2,0,0,0,0,0,0,,,,
BASSTA,2009,1,19,0,4,,,,,,,,975.7,,2.6,,2,0,0,0,0,0,0,,,,
BASSTA,2009,1,19,1,4.2,,,,,,,,974.8,,3.2,,2,0,0,0,0,0,0,,,,
BASSTA,2009,1,19,2,3.5,,,,,,,,973.5,,2.9,,2,0,0,0,0,0,0,,,,
BASSTA,2009,1,19,3,3.3,,,,,,,,971.5,,4.1,,2,0,0,0,0,0,0,,,,
BASSTA,2009,1,19,4,3,,,,,,,,969.6,,4.5,,2,0,0,0,0,0,0,,,,
BASSTA,2009,1,19,5,2.8,,,,,,,,968.1,,5.4,,3,0,0,0,0,0,0,,,,
BASSTA,2009,1,19,6,3.3,,,,,,,,966.9,,5.9,,2,0,0,0,0,0,0,,,,
BASSTA,2009,1,19,7,4.1,,,,,,,,965.8,,4.7,,2,0,0,0,0,0,0,,,,
BASSTA,2009,1,19,8,4.3,,,,,,,,964.2,,3.7,,16,0,0,0,0,0,0,,,,
BASSTA,2009,1,19,9,5.6,,,,,,,,963.1,,3.6,,25,3.4,24.6,0,0,0,0,,,,
BASSTA,2009,1,19,10,9.7,,,,,,,,962.4,,4.5,,50,3,49.3,0,0,0,0,,,,
BASSTA,2009,1,19,11,10.6,,,,,,,,961.3,,6.8,,142,28.2,133,0,0,0,0,,,,
BASSTA,2009,1,19,12,12.2,,,,,,,,960,,7.3,,215,105.2,176.3,0,0,0,0,,,,
BASSTA,2009,1,19,13,12.4,,,,,,,,959.4,,8.2,,146,14.2,140.7,0,0,0,0,,,,
BASSTA,2009,1,19,14,12,,,,,,,,959.6,,8.6,,79,3.4,77.8,0,0,0,0,,,,
BASSTA,2009,1,19,15,11.1,,,,,,,,959.8,,6.8,,22,0.4,21.9,0,0,0,0,,,,
BASSTA,2009,1,19,16,10.3,,,,,,,,960,,6.6,,3,0,3,0,0,0,0,,,,
BASSTA,2009,1,19,17,9.6,,,,,,,,960.2,,5.7,,2,0,0,0,0,0,0,,,,
BASSTA,2009,1,19,18,8.9,,,,,,,,960.4,,3.9,,2,0,0,0,0,0,0,,,,
BASSTA,2009,1,19,19,8.4,,,,,,,,959.5,,4,,2,0,0,0,0,0,0,,,,
BASSTA,2009,1,19,20,8.8,,,,,,,,958.9,,2.6,,2,0,0,0,0,0,0,,,,
BASSTA,2009,1,19,21,7.9,,,,,,,,959.2,,2,,3,0,0,0,0,0,0,,,,
BASSTA,2009,1,19,22,7.8,,,,,,,,959.4,,2.9,,2,0,0,0,0,0,0,,,,
BASSTA,2009,1,19,23,6.6,,,,,,,,960.4,,5.4,,2,0,0,0,0,0,0,,,,
BASSTA,2009,1,20,0,5.3,,,,,,,,960.5,,4.3,,3,0,0,0,0,0,0,,,,
BASSTA,2009,1,20,1,5.6,,,,,,,,961.4,,4,,2,0,0,0,0,0,0,,,,
BASSTA,2009,1,20,2,5.1,,,,,,,,962.4,,5.2,,3,0,0,0,0,0,0,,,,
BASSTA,2009,1,20,3,4.4,,,,,,,,961.6,,2.6,,3,0,0,0,0,0,0,,,,
BASSTA,2009,1,20,4,4.2,,,,,,,,961.4,,2,,3,0,0,0,0,0,0,,,,
BASSTA,2009,1,20,5,4,,,,,,,,961.7,,0.7,,3,0,0,0,0,0,0,,,,
BASSTA,2009,1,20,6,4.1,,,,,,,,962.1,,1.1,,3,0,0,0,0,0,0,,,,
BASSTA,2009,1,20,7,4.1,,,,,,,,962.5,,2,,4,0,0,0,0,0,0,,,,
BASSTA,2009,1,20,8,3.4,,,,,,,,963,,1.3,,31,0,0,0,0,0,0,,,,
BASSTA,2009,1,20,9,4,,,,,,,,963.4,,0.7,,64,99.2,53,0,0,0,0,,,,
BASSTA,2009,1,20,10,4.6,,,,,,,,963.7,,0.6,,95,18.3,90.8,0,0,0,0,,,,
BASSTA,2009,1,20,11,4.9,,,,,,,,963.4,,1.1,,185,98.6,153.3,0,0,0,0,,,,
BASSTA,2009,1,20,12,5.3,,,,,,,,963,,0.8,,242,171.4,178.3,0,0,0,0,,,,
BASSTA,2009,1,20,13,5.3,,,,,,,,962.7,,1.4,,117,6.1,114.7,0,0,0,0,,,,
BASSTA,2009,1,20,14,5.2,,,,,,,,962.8,,1.1,,94,4.7,92.4,0,0,0,0,,,,
BASSTA,2009,1,20,15,5,,,,,,,,963,,1.3,,52,2.4,51.4,0,0,0,0,,,,
BASSTA,2009,1,20,16,4.7,,,,,,,,963.1,,2.1,,4,0,4,0,0,0,0,,,,
BASSTA,2009,1,20,17,4.4,,,,,,,,963.7,,2.5,,3,0,0,0,0,0,0,,,,
BASSTA,2009,1,20,18,4.1,,,,,,,,964.4,,1.8,,2,0,0,0,0,0,0,,,,
BASSTA,2009,1,20,19,3.8,,,,,,,,964.8,,2.7,,2,0,0,0,0,0,0,,,,
BASSTA,2009,1,20,20,3.5,,,,,,,,965.4,,2.7,,3,0,0,0,0,0,0,,,,
BASSTA,2009,1,20,21,3.2,,,,,,,,965.8,,2.2,,3,0,0,0,0,0,0,,,,
BASSTA,2009,1,20,22,3.2,,,,,,,,966.2,,1.6,,3,0,0,0,0,0,0,,,,
BASSTA,2009,1,20,23,2.7,,,,,,,,966.4,,1.9,,2,0,0,0,0,0,0,,,,
BASSTA,2009,1,21,0,2.3,,,,,,,,966.5,,2.6,,3,0,0,0,0,0,0,,,,
BASSTA,2009,1,21,1,2.1,,,,,,,,966.8,,2.5,,2,0,0,0,0,0,0,,,,
BASSTA,2009,1,21,2,2,,,,,,,,967.1,,1.3,,3,0,0,0,0,0,0,,,,
BASSTA,2009,1,21,3,1.5,,,,,,,,967.4,,1.1,,2,0,0,0,0,0,0,,,,
BASSTA,2009,1,21,4,1.5,,,,,,,,967.8,,1.3,,2,0,0,0,0,0,0,,,,
BASSTA,2009,1,21,5,1.2,,,,,,,,968.3,,0.8,,2,0,0,0,0,0,0,,,,
BASSTA,2009,1,21,6,1.6,,,,,,,,968.8,,1.9,,1,0,0,0,0,0,0,,,,
BASSTA,2009,1,21,7,1.6,,,,,,,,969.4,,2.6,,4,0,0,0,0,0,0,,,,
BASSTA,2009,1,21,8,1.6,,,,,,,,970.2,,1.3,,36,0,0,0,0,0,0,,,,
BASSTA,2009,1,21,9,2.2,,,,,,,,970.9,,1,,99,521.7,39.7,0,0,0,0,,,,
BASSTA,2009,1,21,10,2.8,,,,,,,,971.5,,1.7,,153,171,112.8,0,0,0,0,,,,
BASSTA,2009,1,21,11,3.8,,,,,,,,971.5,,1.1,,216,188.3,154.9,0,0,0,0,,,,
BASSTA,2009,1,21,12,4.6,,,,,,,,971.3,,0.7,,150,16.4,143.9,0,0,0,0,,,,
BASSTA,2009,1,21,13,4.8,,,,,,,,971.5,,0.9,,142,11.5,137.6,0,0,0,0,,,,
BASSTA,2009,1,21,14,4.5,,,,,,,,971.8,,0.7,,54,1.5,53.5,0,0,0,0,,,,
BASSTA,2009,1,21,15,4.4,,,,,,,,972.2,,2.4,,79,5.3,77.5,0,0,0,0,,,,
BASSTA,2009,1,21,16,3.4,,,,,,,,972.4,,2.3,,11,0.3,11,0,0,0,0,,,,
BASSTA,2009,1,21,17,3.1,,,,,,,,972.5,,1.1,,2,0,0,0,0,0,0,,,,
BASSTA,2009,1,21,18,2.4,,,,,,,,973,,1.2,,1,0,0,0,0,0,0,,,,
BASSTA,2009,1,21,19,1.4,,,,,,,,973.6,,1.5,,1,0,0,0,0,0,0,,,,
BASSTA,2009,1,21,20,1.3,,,,,,,,974.3,,1.2,,1,0,0,0,0,0,0,,,,
BASSTA,2009,1,21,21,0.3,,,,,,,,974.7,,0.7,,2,0,0,0,0,0,0,,,,
BASSTA,2009,1,21,22,-0.2,,,,,,,,974.8,,0.7,,1,0,0,0,0,0,0,,,,
BASSTA,2009,1,21,23,-0.1,,,,,,,,974.3,,1.8,,1,0,0,0,0,0,0,,,,
BASSTA,2009,1,22,0,-0.6,,,,,,,,974,,1.3,,1,0,0,0,0,0,0,,,,
BASSTA,2009,1,22,1,-0.7,,,,,,,,973.8,,1.6,,1,0,0,0,0,0,0,,,,
BASSTA,2009,1,22,2,-0.8,,,,,,,,973.6,,2.6,,2,0,0,0,0,0,0,,,,
BASSTA,2009,1,22,3,-0.5,,,,,,,,973,,2.4,,2,0,0,0,0,0,0,,,,
BASSTA,2009,1,22,4,-0.3,,,,,,,,972.3,,2.9,,2,0,0,0,0,0,0,,,,
BASSTA,2009,1,22,5,-0.6,,,,,,,,971.8,,2.9,,2,0,0,0,0,0,0,,,,
BASSTA,2009,1,22,6,-1.4,,,,,,,,971.5,,2.2,,1,0,0,0,0,0,0,,,,
BASSTA,2009,1,22,7,-1.7,,,,,,,,971.4,,2,,8,0,0,0,0,0,0,,,,
BASSTA,2009,1,22,8,-1,,,,,,,,971,,2,,87,0,0,0,0,0,0,,,,
BASSTA,2009,1,22,9,0.7,,,,,,,,970.3,,3.6,,187,1343.9,30.9,0,0,0,0,,,,
BASSTA,2009,1,22,10,2.3,,,,,,,,968.8,,5.8,,293,1027.3,48.3,0,0,0,0,,,,
BASSTA,2009,1,22,11,3.7,,,,,,,,967.9,,4.6,,354,893.3,61.1,0,0,0,0,,,,
BASSTA,2009,1,22,12,3.8,,,,,,,,967,,5.1,,359,671.1,104.9,0,0,0,0,,,,
BASSTA,2009,1,22,13,3.9,,,,,,,,966.1,,5.4,,294,321.4,169.6,0,0,0,0,,,,
BASSTA,2009,1,22,14,3.9,,,,,,,,965.3,,4.9,,210,116.2,169.1,0,0,0,0,,,,
BASSTA,2009,1,22,15,3.7,,,,,,,,964.7,,4.6,,99,9.9,96.3,0,0,0,0,,,,
BASSTA,2009,1,22,16,3.1,,,,,,,,964.4,,4.6,,8,0.1,8,0,0,0,0,,,,
BASSTA,2009,1,22,17,2.5,,,,,,,,963.9,,4.9,,1,0,0,0,0,0,0,,,,
BASSTA,2009,1,22,18,2.5,,,,,,,,963.6,,4.9,,2,0,0,0,0,0,0,,,,
BASSTA,2009,1,22,19,2.5,,,,,,,,963.4,,4.8,,2,0,0,0,0,0,0,,,,
BASSTA,2009,1,22,20,2.5,,,,,,,,963,,5.5,,2,0,0,0,0,0,0,,,,
BASSTA,2009,1,22,21,2.6,,,,,,,,962,,5.8,,2,0,0,0,0,0,0,,,,
BASSTA,2009,1,22,22,2.6,,,,,,,,960.8,,5.8,,2,0,0,0,0,0,0,,,,
BASSTA,2009,1,22,23,2.9,,,,,,,,959.8,,5.6,,2,0,0,0,0,0,0,,,,
BASSTA,2009,1,23,0,3,,,,,,,,959,,5,,2,0,0,0,0,0,0,,,,
BASSTA,2009,1,23,1,2.8,,,,,,,,957.5,,6,,2,0,0,0,0,0,0,,,,
BASSTA,2009,1,23,2,2.8,,,,,,,,955.8,,6.1,,2,0,0,0,0,0,0,,,,
BASSTA,2009,1,23,3,2.8,,,,,,,,954.1,,5.1,,1,0,0,0,0,0,0,,,,
BASSTA,2009,1,23,4,3,,,,,,,,952.9,,6.9,,1,0,0,0,0,0,0,,,,
BASSTA,2009,1,23,5,3.3,,,,,,,,951,,7.6,,1,0,0,0,0,0,0,,,,
BASSTA,2009,1,23,6,4.5,,,,,,,,948.8,,6,,1,0,0,0,0,0,0,,,,
BASSTA,2009,1,23,7,5.9,,,,,,,,947.2,,4.2,,1,0,0,0,0,0,0,,,,
BASSTA,2009,1,23,8,8.8,,,,,,,,945.4,,6.3,,9,0,0,0,0,0,0,,,,
BASSTA,2009,1,23,9,9.8,,,,,,,,944,,10.8,,25,2.8,24.7,0,0,0,0,,,,
BASSTA,2009,1,23,10,10.1,,,,,,,,943.1,,10.7,,40,1.8,39.6,0,0,0,0,,,,
BASSTA,2009,1,23,11,10.5,,,,,,,,941.5,,10.1,,67,2.6,66.1,0,0,0,0,,,,
BASSTA,2009,1,23,12,10.6,,,,,,,,940.4,,10.2,,73,2.3,72.1,0,0,0,0,,,,
BASSTA,2009,1,23,13,9.8,,,,,,,,941.9,,8.4,,22,0.2,21.9,0,0,0,0,,,,
BASSTA,2009,1,23,14,9.4,,,,,,,,943.6,,11.7,,49,1.2,48.6,0,0,0,0,,,,
BASSTA,2009,1,23,15,9.2,,,,,,,,946.4,,11.4,,100,9.7,97.3,0,0,0,0,,,,
BASSTA,2009,1,23,16,5.7,,,,,,,,950.1,,11.6,,5,0.1,5,0,0,0,0,,,,
BASSTA,2009,1,23,17,4.8,,,,,,,,952.3,,7.5,,1,0,0,0,0,0,0,,,,
BASSTA,2009,1,23,18,5.4,,,,,,,,953.9,,8.4,,1,0,0,0,0,0,0,,,,
BASSTA,2009,1,23,19,5.1,,,,,,,,954.6,,8.7,,1,0,0,0,0,0,0,,,,
BASSTA,2009,1,23,20,4.9,,,,,,,,954.7,,9.7,,1,0,0,0,0,0,0,,,,
BASSTA,2009,1,23,21,4.9,,,,,,,,955.1,,6.9,,1,0,0,0,0,0,0,,,,
BASSTA,2009,1,23,22,4.3,,,,,,,,955.2,,3.5,,1,0,0,0,0,0,0,,,,
BASSTA,2009,1,23,23,4.1,,,,,,,,955.1,,2.6,,1,0,0,0,0,0,0,,,,
BASSTA,2009,1,24,0,3.5,,,,,,,,954.9,,1.7,,1,0,0,0,0,0,0,,,,
BASSTA,2009,1,24,1,3.3,,,,,,,,954,,1.5,,1,0,0,0,0,0,0,,,,
BASSTA,2009,1,24,2,2.6,,,,,,,,952.6,,2.3,,1,0,0,0,0,0,0,,,,
BASSTA,2009,1,24,3,1.4,,,,,,,,951.5,,2.4,,2,0,0,0,0,0,0,,,,
BASSTA,2009,1,24,4,1,,,,,,,,950.4,,2.6,,2,0,0,0,0,0,0,,,,
BASSTA,2009,1,24,5,1.2,,,,,,,,949.8,,2.5,,2,0,0,0,0,0,0,,,,
BASSTA,2009,1,24,6,0.7,,,,,,,,949.6,,2.6,,3,0,0,0,0,0,0,,,,
BASSTA,2009,1,24,7,0.9,,,,,,,,949.2,,3.8,,9,0,0,0,0,0,0,,,,
BASSTA,2009,1,24,8,1.5,,,,,,,,948.9,,4.9,,40,0,0,0,0,0,0,,,,
BASSTA,2009,1,24,9,2,,,,,,,,949,,4.8,,80,179,58.2,0,0,0,0,,,,
BASSTA,2009,1,24,10,2.7,,,,,,,,949.3,,3.9,,113,34,104.7,0,0,0,0,,,,
BASSTA,2009,1,24,11,4,,,,,,,,949.4,,2.3,,196,107.2,160.1,0,0,0,0,,,,
BASSTA,2009,1,24,12,4.5,,,,,,,,949,,2.3,,154,16.2,147.7,0,0,0,0,,,,
BASSTA,2009,1,24,13,4.8,,,,,,,,949.1,,1.1,,115,5.4,112.9,0,0,0,0,,,,
BASSTA,2009,1,24,14,4.1,,,,,,,,950.4,,2.2,,88,3.8,86.6,0,0,0,0,,,,
BASSTA,2009,1,24,15,3.7,,,,,,,,952.1,,2.3,,43,1.5,42.6,0,0,0,0,,,,
BASSTA,2009,1,24,16,3.6,,,,,,,,953.9,,2.2,,6,0.1,6,0,0,0,0,,,,
BASSTA,2009,1,24,17,3.3,,,,,,,,955.4,,1.7,,3,0,0,0,0,0,0,,,,
BASSTA,2009,1,24,18,3,,,,,,,,956.9,,2,,2,0,0,0,0,0,0,,,,
BASSTA,2009,1,24,19,2.8,,,,,,,,958.5,,2.3,,3,0,0,0,0,0,0,,,,
BASSTA,2009,1,24,20,2.8,,,,,,,,960,,2.5,,3,0,0,0,0,0,0,,,,
BASSTA,2009,1,24,21,2.6,,,,,,,,961.6,,3.1,,2,0,0,0,0,0,0,,,,
BASSTA,2009,1,24,22,2.1,,,,,,,,963,,2.2,,2,0,0,0,0,0,0,,,,
BASSTA,2009,1,24,23,1.3,,,,,,,,963.9,,1.8,,2,0,0,0,0,0,0,,,,
BASSTA,2009,1,25,0,0.9,,,,,,,,964.7,,1.3,,2,0,0,0,0,0,0,,,,
BASSTA,2009,1,25,1,0.9,,,,,,,,965.1,,0.6,,3,0,0,0,0,0,0,,,,
BASSTA,2009,1,25,2,0,,,,,,,,965.4,,1.3,,2,0,0,0,0,0,0,,,,
BASSTA,2009,1,25,3,0.1,,,,,,,,965.5,,0.6,,2,0,0,0,0,0,0,,,,
BASSTA,2009,1,25,4,0.3,,,,,,,,965.3,,1.7,,1,0,0,0,0,0,0,,,,
BASSTA,2009,1,25,5,0.2,,,,,,,,965.2,,1.8,,2,0,0,0,0,0,0,,,,
BASSTA,2009,1,25,6,-0.3,,,,,,,,965,,1.8,,1,0,0,0,0,0,0,,,,
BASSTA,2009,1,25,7,-0.5,,,,,,,,964.8,,2.6,,11,0,0,0,0,0,0,,,,
BASSTA,2009,1,25,8,0.1,,,,,,,,964.2,,3.2,,92,0,0,0,0,0,0,,,,
BASSTA,2009,1,25,9,1.3,,,,,,,,963.4,,3.5,,192,1285.9,31.7,0,0,0,0,,,,
BASSTA,2009,1,25,10,3,,,,,,,,962.4,,4,,301,1014.9,49.7,0,0,0,0,,,,
BASSTA,2009,1,25,11,4.5,,,,,,,,961.3,,3.5,,369,907.1,62.2,0,0,0,0,,,,
BASSTA,2009,1,25,12,5.4,,,,,,,,960.4,,3.2,,375,698.8,102.6,0,0,0,0,,,,
BASSTA,2009,1,25,13,5.8,,,,,,,,959.7,,3.8,,333,453.6,152.1,0,0,0,0,,,,
BASSTA,2009,1,25,14,5.5,,,,,,,,959.6,,4.4,,240,181,174.1,0,0,0,0,,,,
BASSTA,2009,1,25,15,5.2,,,,,,,,959.6,,3.4,,119,19,113.5,0,0,0,0,,,,
BASSTA,2009,1,25,16,4.4,,,,,,,,959.7,,2.9,,17,0.6,16.9,0,0,0,0,,,,
BASSTA,2009,1,25,17,3.7,,,,,,,,960.2,,2.6,,1,0,0,0,0,0,0,,,,
BASSTA,2009,1,25,18,2.8,,,,,,,,960.1,,2.2,,1,0,0,0,0,0,0,,,,
BASSTA,2009,1,25,19,1.6,,,,,,,,960,,2.8,,1,0,0,0,0,0,0,,,,
BASSTA,2009,1,25,20,1.1,,,,,,,,960.2,,2.2,,1,0,0,0,0,0,0,,,,
BASSTA,2009,1,25,21,0.6,,,,,,,,960.4,,1.7,,1,0,0,0,0,0,0,,,,
BASSTA,2009,1,25,22,0.3,,,,,,,,960.5,,1.8,,1,0,0,0,0,0,0,,,,
BASSTA,2009,1,25,23,0.2,,,,,,,,960.6,,2.7,,1,0,0,0,0,0,0,,,,
BASSTA,2009,1,26,0,0,,,,,,,,960.6,,2.9,,1,0,0,0,0,0,0,,,,
BASSTA,2009,1,26,1,-0.2,,,,,,,,960.7,,3.1,,1,0,0,0,0,0,0,,,,
BASSTA,2009,1,26,2,-0.4,,,,,,,,961,,3.1,,1,0,0,0,0,0,0,,,,
BASSTA,2009,1,26,3,-0.7,,,,,,,,961,,2.9,,2,0,0,0,0,0,0,,,,
BASSTA,2009,1,26,4,-0.9,,,,,,,,961.2,,2.7,,2,0,0,0,0,0,0,,,,
BASSTA,2009,1,26,5,-1,,,,,,,,961.4,,3.2,,2,0,0,0,0,0,0,,,,
BASSTA,2009,1,26,6,-1.1,,,,,,,,961.8,,3.4,,2,0,0,0,0,0,0,,,,
BASSTA,2009,1,26,7,-1,,,,,,,,962.3,,3.6,,15,0,0,0,0,0,0,,,,
BASSTA,2009,1,26,8,-0.6,,,,,,,,962.9,,3.1,,72,0,0,0,0,0,0,,,,
BASSTA,2009,1,26,9,0,,,,,,,,963.7,,2.6,,103,401.5,51.7,0,0,0,0,,,,
BASSTA,2009,1,26,10,0.8,,,,,,,,964.1,,1.2,,115,32.5,106.8,0,0,0,0,,,,
BASSTA,2009,1,26,11,1.8,,,,,,,,963.9,,0.7,,195,95,162.5,0,0,0,0,,,,
BASSTA,2009,1,26,12,2.9,,,,,,,,963.7,,0.6,,264,195.3,187.1,0,0,0,0,,,,
BASSTA,2009,1,26,13,3.7,,,,,,,,963.7,,1,,234,103.6,192.3,0,0,0,0,,,,
BASSTA,2009,1,26,14,4.3,,,,,,,,963.8,,0.6,,193,63.3,169.7,0,0,0,0,,,,
BASSTA,2009,1,26,15,4,,,,,,,,964,,1,,70,3.6,68.9,0,0,0,0,,,,
BASSTA,2009,1,26,16,3.1,,,,,,,,964.6,,1.6,,14,0.4,13.9,0,0,0,0,,,,
BASSTA,2009,1,26,17,2,,,,,,,,965.2,,1.8,,2,0,0,0,0,0,0,,,,
BASSTA,2009,1,26,18,1,,,,,,,,966.2,,1.6,,2,0,0,0,0,0,0,,,,
BASSTA,2009,1,26,19,1.1,,,,,,,,967.2,,1.6,,3,0,0,0,0,0,0,,,,
BASSTA,2009,1,26,20,0.7,,,,,,,,967.7,,1.5,,3,0,0,0,0,0,0,,,,
BASSTA,2009,1,26,21,0.8,,,,,,,,968.4,,1.1,,3,0,0,0,0,0,0,,,,
BASSTA,2009,1,26,22,0.8,,,,,,,,969,,1.4,,3,0,0,0,0,0,0,,,,
BASSTA,2009,1,26,23,0.8,,,,,,,,969.2,,1.6,,3,0,0,0,0,0,0,,,,
BASSTA,2009,1,27,0,0.7,,,,,,,,969.6,,0.3,,3,0,0,0,0,0,0,,,,
BASSTA,2009,1,27,1,-0.1,,,,,,,,969.8,,0.6,,2,0,0,0,0,0,0,,,,
BASSTA,2009,1,27,2,-0.9,,,,,,,,970.3,,0.7,,2,0,0,0,0,0,0,,,,
BASSTA,2009,1,27,3,-1.1,,,,,,,,970.8,,0.5,,2,0,0,0,0,0,0,,,,
BASSTA,2009,1,27,4,-1.2,,,,,,,,971.1,,1.1,,1,0,0,0,0,0,0,,,,
BASSTA,2009,1,27,5,-1,,,,,,,,971.7,,1.3,,2,0,0,0,0,0,0,,,,
BASSTA,2009,1,27,6,-1.1,,,,,,,,972.5,,1.2,,2,0,0,0,0,0,0,,,,
BASSTA,2009,1,27,7,-0.8,,,,,,,,973,,1.2,,5,0,0,0,0,0,0,,,,
BASSTA,2009,1,27,8,-0.2,,,,,,,,973.6,,1,,19,0,0,0,0,0,0,,,,
BASSTA,2009,1,27,9,0.1,,,,,,,,974.2,,1.1,,28,2.9,27.6,0,0,0,0,,,,
BASSTA,2009,1,27,10,0.6,,,,,,,,974.6,,1.4,,86,8,84,0,0,0,0,,,,
BASSTA,2009,1,27,11,0.7,,,,,,,,974.9,,2,,95,4.8,93.3,0,0,0,0,,,,
BASSTA,2009,1,27,12,0.8,,,,,,,,975,,2.6,,93,3.5,91.6,0,0,0,0,,,,
BASSTA,2009,1,27,13,1,,,,,,,,975.1,,1.9,,86,2.9,84.8,0,0,0,0,,,,
BASSTA,2009,1,27,14,1.3,,,,,,,,975.6,,0.9,,122,7.2,119.3,0,0,0,0,,,,
BASSTA,2009,1,27,15,1.2,,,,,,,,976,,2.1,,104,9.1,101.3,0,0,0,0,,,,
BASSTA,2009,1,27,16,0.6,,,,,,,,976.7,,1.5,,20,0.7,19.9,0,0,0,0,,,,
BASSTA,2009,1,27,17,0,,,,,,,,977.3,,1.2,,1,0,0,0,0,0,0,,,,
BASSTA,2009,1,27,18,-0.2,,,,,,,,977.8,,1.5,,2,0,0,0,0,0,0,,,,
BASSTA,2009,1,27,19,-0.1,,,,,,,,978,,1.1,,2,0,0,0,0,0,0,,,,
BASSTA,2009,1,27,20,-0.2,,,,,,,,978.1,,0.6,,1,0,0,0,0,0,0,,,,
BASSTA,2009,1,27,21,-0.6,,,,,,,,978.3,,0.3,,1,0,0,0,0,0,0,,,,
BASSTA,2009,1,27,22,-1.1,,,,,,,,978.4,,0.4,,2,0,0,0,0,0,0,,,,
BASSTA,2009,1,27,23,-1.8,,,,,,,,978.5,,1.1,,1,0,0,0,0,0,0,,,,
BASSTA,2009,1,28,0,-1.8,,,,,,,,978.6,,1.1,,1,0,0,0,0,0,0,,,,
BASSTA,2009,1,28,1,-1.9,,,,,,,,978.7,,0.7,,2,0,0,0,0,0,0,,,,
BASSTA,2009,1,28,2,-2,,,,,,,,978.8,,0.6,,2,0,0,0,0,0,0,,,,
BASSTA,2009,1,28,3,-2,,,,,,,,978.8,,0.6,,1,0,0,0,0,0,0,,,,
BASSTA,2009,1,28,4,-1.8,,,,,,,,978.8,,0.8,,1,0,0,0,0,0,0,,,,
BASSTA,2009,1,28,5,-1.7,,,,,,,,978.8,,0.7,,1,0,0,0,0,0,0,,,,
BASSTA,2009,1,28,6,-1.8,,,,,,,,979.1,,1.3,,1,0,0,0,0,0,0,,,,
BASSTA,2009,1,28,7,-2.1,,,,,,,,979.5,,1.5,,4,0,0,0,0,0,0,,,,
BASSTA,2009,1,28,8,-2.2,,,,,,,,979.6,,1.6,,24,0,0,0,0,0,0,,,,
BASSTA,2009,1,28,9,-1.9,,,,,,,,979.6,,0.9,,66,46.6,59.7,0,0,0,0,,,,
BASSTA,2009,1,28,10,-1.5,,,,,,,,979.7,,0.8,,156,124.3,123.9,0,0,0,0,,,,
BASSTA,2009,1,28,11,-0.4,,,,,,,,979.2,,0.9,,381,906.5,64.2,0,0,0,0,,,,
BASSTA,2009,1,28,12,0.9,,,,,,,,978.6,,1.2,,364,590.7,126.7,0,0,0,0,,,,
BASSTA,2009,1,28,13,1.1,,,,,,,,978.5,,2,,232,90.6,194.8,0,0,0,0,,,,
BASSTA,2009,1,28,14,0.9,,,,,,,,978.9,,1.7,,78,2.7,77,0,0,0,0,,,,
BASSTA,2009,1,28,15,0.5,,,,,,,,979.3,,1.4,,27,0.5,26.8,0,0,0,0,,,,
BASSTA,2009,1,28,16,0.1,,,,,,,,979.2,,1.6,,4,0,4,0,0,0,0,,,,
BASSTA,2009,1,28,17,0,,,,,,,,979.3,,1.2,,1,0,1,0,0,0,0,,,,
BASSTA,2009,1,28,18,0,,,,,,,,979.4,,1.4,,1,0,0,0,0,0,0,,,,
BASSTA,2009,1,28,19,-0.2,,,,,,,,979.5,,1.6,,1,0,0,0,0,0,0,,,,
BASSTA,2009,1,28,20,-0.3,,,,,,,,979.4,,1.5,,1,0,0,0,0,0,0,,,,
BASSTA,2009,1,28,21,-0.2,,,,,,,,979.4,,1,,1,0,0,0,0,0,0,,,,
BASSTA,2009,1,28,22,-0.1,,,,,,,,979.4,,1.2,,1,0,0,0,0,0,0,,,,
BASSTA,2009,1,28,23,0,,,,,,,,979.2,,0.8,,1,0,0,0,0,0,0,,,,
BASSTA,2009,1,29,0,1.2,,,,,,,,979.1,,2.6,,1,0,0,0,0,0,0,,,,
BASSTA,2009,1,29,1,1.1,,,,,,,,979.2,,4.1,,1,0,0,0,0,0,0,,,,
BASSTA,2009,1,29,2,0.9,,,,,,,,979.2,,2.6,,1,0,0,0,0,0,0,,,,
BASSTA,2009,1,29,3,0.7,,,,,,,,979.1,,4.1,,1,0,0,0,0,0,0,,,,
BASSTA,2009,1,29,4,0.6,,,,,,,,979.2,,3.7,,1,0,0,0,0,0,0,,,,
BASSTA,2009,1,29,5,0.6,,,,,,,,979.3,,3.4,,1,0,0,0,0,0,0,,,,
BASSTA,2009,1,29,6,0.6,,,,,,,,979.5,,2.9,,1,0,0,0,0,0,0,,,,
BASSTA,2009,1,29,7,0.6,,,,,,,,979.8,,3.5,,3,0,0,0,0,0,0,,,,
BASSTA,2009,1,29,8,0.6,,,,,,,,980.1,,2.6,,17,0,0,0,0,0,0,,,,
BASSTA,2009,1,29,9,0.7,,,,,,,,980.4,,2.5,,39,5.1,38.3,0,0,0,0,,,,
BASSTA,2009,1,29,10,1.1,,,,,,,,980.7,,2.6,,66,4.1,64.9,0,0,0,0,,,,
BASSTA,2009,1,29,11,0.6,,,,,,,,980.8,,1.8,,66,2.2,65.2,0,0,0,0,,,,
BASSTA,2009,1,29,12,0.3,,,,,,,,980.4,,2.1,,78,2.4,77,0,0,0,0,,,,
BASSTA,2009,1,29,13,1,,,,,,,,980.3,,1.4,,68,1.7,67.3,0,0,0,0,,,,
BASSTA,2009,1,29,14,1.4,,,,,,,,980.7,,1.3,,42,0.8,41.7,0,0,0,0,,,,
BASSTA,2009,1,29,15,1.5,,,,,,,,980.9,,1,,26,0.5,25.9,0,0,0,0,,,,
BASSTA,2009,1,29,16,1.5,,,,,,,,981.1,,1.5,,7,0.1,7,0,0,0,0,,,,
BASSTA,2009,1,29,17,1.3,,,,,,,,981.4,,1.3,,1,0,1,0,0,0,0,,,,
BASSTA,2009,1,29,18,1.3,,,,,,,,981.4,,0.9,,1,0,0,0,0,0,0,,,,
BASSTA,2009,1,29,19,1,,,,,,,,981.3,,0.8,,1,0,0,0,0,0,0,,,,
BASSTA,2009,1,29,20,1.7,,,,,,,,981.6,,1.6,,1,0,0,0,0,0,0,,,,
BASSTA,2009,1,29,21,0.7,,,,,,,,982,,2.3,,2,0,0,0,0,0,0,,,,
BASSTA,2009,1,29,22,-0.7,,,,,,,,982.1,,3.2,,1,0,0,0,0,0,0,,,,
BASSTA,2009,1,29,23,-1,,,,,,,,982.3,,2.7,,1,0,0,0,0,0,0,,,,
BASSTA,2009,1,30,0,-1.3,,,,,,,,982.3,,2.3,,1,0,0,0,0,0,0,,,,
BASSTA,2009,1,30,1,-1.5,,,,,,,,982,,1.5,,1,0,0,0,0,0,0,,,,
BASSTA,2009,1,30,2,-1.5,,,,,,,,982.2,,2.5,,1,0,0,0,0,0,0,,,,
BASSTA,2009,1,30,3,-1.6,,,,,,,,982.3,,1.5,,0,0,0,0,0,0,0,,,,
BASSTA,2009,1,30,4,-1.6,,,,,,,,981.9,,1.5,,0,0,0,0,0,0,0,,,,
BASSTA,2009,1,30,5,-1.8,,,,,,,,982.1,,1.7,,0,0,0,0,0,0,0,,,,
BASSTA,2009,1,30,6,-0.4,,,,,,,,982.2,,3.3,,0,0,0,0,0,0,0,,,,
BASSTA,2009,1,30,7,-0.7,,,,,,,,982.6,,2.8,,3,0,0,0,0,0,0,,,,
BASSTA,2009,1,30,8,-1.2,,,,,,,,982.7,,1.5,,18,0,0,0,0,0,0,,,,
BASSTA,2009,1,30,9,1,,,,,,,,982.4,,4.6,,48,8.2,46.8,0,0,0,0,,,,
BASSTA,2009,1,30,10,1.1,,,,,,,,982.5,,4.7,,69,4.3,67.9,0,0,0,0,,,,
BASSTA,2009,1,30,11,1.2,,,,,,,,982.2,,5.1,,97,4.7,95.3,0,0,0,0,,,,
BASSTA,2009,1,30,12,1.4,,,,,,,,981.6,,5.6,,199,43.6,181.1,0,0,0,0,,,,
BASSTA,2009,1,30,13,1.7,,,,,,,,981,,5.6,,269,161.3,201.3,0,0,0,0,,,,
BASSTA,2009,1,30,14,1.6,,,,,,,,980.7,,5.8,,227,110.1,184.5,0,0,0,0,,,,
BASSTA,2009,1,30,15,1.5,,,,,,,,980.8,,4.9,,102,7.3,99.7,0,0,0,0,,,,
BASSTA,2009,1,30,16,1.2,,,,,,,,981.1,,4.2,,17,0.5,16.9,0,0,0,0,,,,
BASSTA,2009,1,30,17,1,,,,,,,,981.6,,4.1,,0,0,0,0,0,0,0,,,,
BASSTA,2009,1,30,18,1.1,,,,,,,,981.8,,4.2,,0,0,0,0,0,0,0,,,,
BASSTA,2009,1,30,19,1.2,,,,,,,,981.5,,4.3,,0,0,0,0,0,0,0,,,,
BASSTA,2009,1,30,20,1.1,,,,,,,,981,,4.3,,0,0,0,0,0,0,0,,,,
BASSTA,2009,1,30,21,1,,,,,,,,980.8,,3.7,,0,0,0,0,0,0,0,,,,
BASSTA,2009,1,30,22,0.8,,,,,,,,980.7,,4.9,,0,0,0,0,0,0,0,,,,
BASSTA,2009,1,30,23,0.4,,,,,,,,980.5,,3.9,,0,0,0,0,0,0,0,,,,
BASSTA,2009,1,31,0,0,,,,,,,,980,,4.1,,0,0,0,0,0,0,0,,,,
BASSTA,2009,1,31,1,-0.4,,,,,,,,980,,4.6,,0,0,0,0,0,0,0,,,,
BASSTA,2009,1,31,2,-0.5,,,,,,,,980,,5,,0,0,0,0,0,0,0,,,,
BASSTA,2009,1,31,3,-0.7,,,,,,,,979.9,,4.1,,1,0,0,0,0,0,0,,,,
BASSTA,2009,1,31,4,-0.9,,,,,,,,979.6,,3.9,,1,0,0,0,0,0,0,,,,
BASSTA,2009,1,31,5,-1.1,,,,,,,,979.3,,4.5,,1,0,0,0,0,0,0,,,,
BASSTA,2009,1,31,6,-1.5,,,,,,,,979.1,,4.6,,1,0,0,0,0,0,0,,,,
BASSTA,2009,1,31,7,-1.9,,,,,,,,978.8,,5.6,,4,0,0,0,0,0,0,,,,
BASSTA,2009,1,31,8,-2,,,,,,,,978.7,,5.3,,21,0,0,0,0,0,0,,,,
BASSTA,2009,1,31,9,-2,,,,,,,,978.6,,5.4,,44,5.9,43.1,0,0,0,0,,,,
BASSTA,2009,1,31,10,-1.6,,,,,,,,978.4,,4.7,,110,18.3,105.1,0,0,0,0,,,,
BASSTA,2009,1,31,11,-1.4,,,,,,,,977.9,,5.2,,141,14.7,135.7,0,0,0,0,,,,
BASSTA,2009,1,31,12,-1.1,,,,,,,,977.1,,4.7,,158,13.2,152.5,0,0,0,0,,,,
BASSTA,2009,1,31,13,-1,,,,,,,,976.6,,4.9,,101,3.6,99.5,0,0,0,0,,,,
BASSTA,2009,1,31,14,-1.1,,,,,,,,976.3,,5.1,,95,3.8,93.5,0,0,0,0,,,,
BASSTA,2009,1,31,15,-1.2,,,,,,,,976.5,,5.6,,83,4.4,81.6,0,0,0,0,,,,
BASSTA,2009,1,31,16,-1.3,,,,,,,,976.8,,5.3,,11,0.2,11,0,0,0,0,,,,
BASSTA,2009,1,31,17,-1.3,,,,,,,,976.9,,4.6,,1,0,1,0,0,0,0,,,,
BASSTA,2009,1,31,18,-1.2,,,,,,,,976.3,,4.4,,1,0,0,0,0,0,0,,,,
BASSTA,2009,1,31,19,-1,,,,,,,,975.7,,3.6,,1,0,0,0,0,0,0,,,,
BASSTA,2009,1,31,20,-0.8,,,,,,,,975.2,,2.4,,1,0,0,0,0,0,0,,,,
BASSTA,2009,1,31,21,-0.5,,,,,,,,974.7,,3.9,,1,0,0,0,0,0,0,,,,
BASSTA,2009,1,31,22,-0.6,,,,,,,,974.3,,3.6,,1,0,0,0,0,0,0,,,,
BASSTA,2009,1,31,23,-0.7,,,,,,,,973.6,,3.7,,1,0,0,0,0,0,0,,,,
BASSTA,2009,2,1,0,-0.8,,,,,,,,972.9,,4.2,,1,0,0,0,0,0,0,,,,
BASSTA,2009,2,1,1,-0.8,,,,,,,,972.3,,4.4,,1,0,0,0,0,0,0,,,,
BASSTA,2009,2,1,2,-0.9,,,,,,,,971.6,,3.8,,1,0,0,0,0,0,0,,,,
BASSTA,2009,2,1,3,-1,,,,,,,,970.8,,3.7,,1,0,0,0,0,0,0,,,,
BASSTA,2009,2,1,4,-1.1,,,,,,,,970.2,,3.9,,1,0,0,0,0,0,0,,,,
BASSTA,2009,2,1,5,-1.3,,,,,,,,969.4,,4.1,,1,0,0,0,0,0,0,,,,
BASSTA,2009,2,1,6,-1.5,,,,,,,,968.9,,4.4,,1,0,0,0,0,0,0,,,,
BASSTA,2009,2,1,7,-1.5,,,,,,,,968.4,,4.5,,4,0,0,0,0,0,0,,,,
BASSTA,2009,2,1,8,-1.5,,,,,,,,968,,4.8,,16,0,0,0,0,0,0,,,,
BASSTA,2009,2,1,9,-1.5,,,,,,,,967.9,,4.2,,36,3.8,35.4,0,0,0,0,,,,
BASSTA,2009,2,1,10,-1.5,,,,,,,,967.7,,3.6,,103,12.5,99.6,0,0,0,0,,,,
BASSTA,2009,2,1,11,-0.9,,,,,,,,967.1,,4.7,,221,124.5,175.4,0,0,0,0,,,,
BASSTA,2009,2,1,12,-0.7,,,,,,,,966.5,,4.8,,129,6.1,126.5,0,0,0,0,,,,
BASSTA,2009,2,1,13,-0.6,,,,,,,,965.7,,5.1,,109,4.1,107.2,0,0,0,0,,,,
BASSTA,2009,2,1,14,-0.4,,,,,,,,965.2,,5,,94,3.6,92.6,0,0,0,0,,,,
BASSTA,2009,2,1,15,-0.4,,,,,,,,965.1,,4.5,,32,0.6,31.8,0,0,0,0,,,,
BASSTA,2009,2,1,16,-0.7,,,,,,,,965.2,,4.8,,3,0,3,0,0,0,0,,,,
BASSTA,2009,2,1,17,-1.1,,,,,,,,965.2,,3.7,,1,0,1,0,0,0,0,,,,
BASSTA,2009,2,1,18,-0.9,,,,,,,,965.4,,4.9,,1,0,0,0,0,0,0,,,,
BASSTA,2009,2,1,19,-1,,,,,,,,965.3,,4.3,,1,0,0,0,0,0,0,,,,
BASSTA,2009,2,1,20,-1,,,,,,,,965,,4.6,,1,0,0,0,0,0,0,,,,
BASSTA,2009,2,1,21,-1.1,,,,,,,,964.8,,4.6,,1,0,0,0,0,0,0,,,,
BASSTA,2009,2,1,22,-1,,,,,,,,964.8,,3.2,,1,0,0,0,0,0,0,,,,
BASSTA,2009,2,1,23,-0.8,,,,,,,,964.5,,3.3,,1,0,0,0,0,0,0,,,,
BASSTA,2009,2,2,0,-0.9,,,,,,,,964,,2.4,,1,0,0,0,0,0,0,,,,
BASSTA,2009,2,2,1,-1.1,,,,,,,,963.9,,1.2,,1,0,0,0,0,0,0,,,,
BASSTA,2009,2,2,2,-2.2,,,,,,,,963.8,,1.4,,1,0,0,0,0,0,0,,,,
BASSTA,2009,2,2,3,-2.4,,,,,,,,963.3,,1.3,,1,0,0,0,0,0,0,,,,
BASSTA,2009,2,2,4,-2.5,,,,,,,,963.1,,1.8,,1,0,0,0,0,0,0,,,,
BASSTA,2009,2,2,5,-2.4,,,,,,,,963.1,,1.1,,1,0,0,0,0,0,0,,,,
BASSTA,2009,2,2,6,-2.2,,,,,,,,962.9,,1,,1,0,0,0,0,0,0,,,,
BASSTA,2009,2,2,7,-2,,,,,,,,962.4,,1.2,,10,0,0,0,0,0,0,,,,
BASSTA,2009,2,2,8,-1.6,,,,,,,,961.9,,1.8,,52,0,0,0,0,0,0,,,,
BASSTA,2009,2,2,9,-1.8,,,,,,,,961.8,,2.5,,80,65.3,70.1,0,0,0,0,,,,
BASSTA,2009,2,2,10,-1.6,,,,,,,,961.8,,2.1,,110,15.9,105.6,0,0,0,0,,,,
BASSTA,2009,2,2,11,-1,,,,,,,,961.2,,2.1,,175,38.4,160.8,0,0,0,0,,,,
BASSTA,2009,2,2,12,-0.2,,,,,,,,961,,2.2,,240,93.1,200.6,0,0,0,0,,,,
BASSTA,2009,2,2,13,0.3,,,,,,,,960.5,,0.8,,208,41.4,190,0,0,0,0,,,,
BASSTA,2009,2,2,14,0.1,,,,,,,,960.2,,2,,139,8.9,135.4,0,0,0,0,,,,
BASSTA,2009,2,2,15,-0.3,,,,,,,,960.3,,1.4,,71,3.1,70,0,0,0,0,,,,
BASSTA,2009,2,2,16,-1.2,,,,,,,,960.2,,0.7,,27,1,26.8,0,0,0,0,,,,
BASSTA,2009,2,2,17,-1.7,,,,,,,,960.4,,1.3,,1,0,1,0,0,0,0,,,,
BASSTA,2009,2,2,18,-1.8,,,,,,,,960.6,,1.5,,1,0,0,0,0,0,0,,,,
BASSTA,2009,2,2,19,-1.8,,,,,,,,960.9,,1.2,,1,0,0,0,0,0,0,,,,
BASSTA,2009,2,2,20,-1.9,,,,,,,,960.5,,0.3,,1,0,0,0,0,0,0,,,,
BASSTA,2009,2,2,21,-2.1,,,,,,,,961.3,,1.2,,1,0,0,0,0,0,0,,,,
BASSTA,2009,2,2,22,-2.5,,,,,,,,961.6,,0.9,,1,0,0,0,0,0,0,,,,
BASSTA,2009,2,2,23,-2.3,,,,,,,,961.7,,1.2,,1,0,0,0,0,0,0,,,,
BASSTA,2009,2,3,0,-2.7,,,,,,,,961.8,,0.8,,1,0,0,0,0,0,0,,,,
BASSTA,2009,2,3,1,-2.7,,,,,,,,961.8,,0.6,,1,0,0,0,0,0,0,,,,
BASSTA,2009,2,3,2,-3,,,,,,,,962.1,,0.6,,1,0,0,0,0,0,0,,,,
BASSTA,2009,2,3,3,-3.1,,,,,,,,962,,0.5,,1,0,0,0,0,0,0,,,,
BASSTA,2009,2,3,4,-2.3,,,,,,,,962.1,,1.8,,1,0,0,0,0,0,0,,,,
BASSTA,2009,2,3,5,-2.1,,,,,,,,962.4,,1.9,,1,0,0,0,0,0,0,,,,
BASSTA,2009,2,3,6,-2.4,,,,,,,,962.6,,1.8,,1,0,0,0,0,0,0,,,,
BASSTA,2009,2,3,7,-3.1,,,,,,,,963.1,,1.2,,20,0,0,0,0,0,0,,,,
BASSTA,2009,2,3,8,-2,,,,,,,,963,,1,,106,0,0,0,0,0,0,,,,
BASSTA,2009,2,3,9,-0.6,,,,,,,,962.9,,0.9,,233,1248.2,38.4,0,0,0,0,,,,
BASSTA,2009,2,3,10,1.4,,,,,,,,962.8,,0.3,,342,1014.2,56.4,0,0,0,0,,,,
BASSTA,2009,2,3,11,4,,,,,,,,962.4,,0.9,,401,883.7,70.1,0,0,0,0,,,,
BASSTA,2009,2,3,12,5,,,,,,,,962,,1.1,,395,626.6,126.9,0,0,0,0,,,,
BASSTA,2009,2,3,13,5.2,,,,,,,,961.6,,1.6,,347,379,181,0,0,0,0,,,,
BASSTA,2009,2,3,14,5.5,,,,,,,,961.5,,1.6,,232,98.8,192.1,0,0,0,0,,,,
BASSTA,2009,2,3,15,5.9,,,,,,,,961.6,,1,,149,31.1,138.8,0,0,0,0,,,,
BASSTA,2009,2,3,16,4.6,,,,,,,,961.7,,0.8,,18,0.4,17.9,0,0,0,0,,,,
BASSTA,2009,2,3,17,3.3,,,,,,,,962,,0.8,,1,0,1,0,0,0,0,,,,
BASSTA,2009,2,3,18,1.8,,,,,,,,962.4,,1.5,,1,0,0,0,0,0,0,,,,
BASSTA,2009,2,3,19,1.5,,,,,,,,963,,1.8,,1,0,0,0,0,0,0,,,,
BASSTA,2009,2,3,20,1.8,,,,,,,,963.3,,0.9,,1,0,0,0,0,0,0,,,,
BASSTA,2009,2,3,21,0.9,,,,,,,,963.4,,0.3,,1,0,0,0,0,0,0,,,,
BASSTA,2009,2,3,22,0.9,,,,,,,,963.4,,0.9,,1,0,0,0,0,0,0,,,,
BASSTA,2009,2,3,23,0.6,,,,,,,,963.1,,0.7,,1,0,0,0,0,0,0,,,,
BASSTA,2009,2,4,0,0.4,,,,,,,,962.5,,0.8,,1,0,0,0,0,0,0,,,,
BASSTA,2009,2,4,1,0.5,,,,,,,,962.1,,1.5,,1,0,0,0,0,0,0,,,,
BASSTA,2009,2,4,2,0.1,,,,,,,,962,,1.4,,1,0,0,0,0,0,0,,,,
BASSTA,2009,2,4,3,-0.8,,,,,,,,961.7,,1,,2,0,0,0,0,0,0,,,,
BASSTA,2009,2,4,4,0.3,,,,,,,,961.5,,1.1,,2,0,0,0,0,0,0,,,,
BASSTA,2009,2,4,5,0.8,,,,,,,,961.2,,1.7,,2,0,0,0,0,0,0,,,,
BASSTA,2009,2,4,6,1,,,,,,,,961.1,,2.1,,2,0,0,0,0,0,0,,,,
BASSTA,2009,2,4,7,1.2,,,,,,,,961.1,,3.1,,14,0,0,0,0,0,0,,,,
BASSTA,2009,2,4,8,1.9,,,,,,,,961.3,,2.6,,78,0,0,0,0,0,0,,,,
BASSTA,2009,2,4,9,2.8,,,,,,,,961.2,,1.5,,159,762.8,37.1,0,0,0,0,,,,
BASSTA,2009,2,4,10,5,,,,,,,,961.4,,0.8,,397,1159.9,65.5,0,0,0,0,,,,
BASSTA,2009,2,4,11,6.5,,,,,,,,961.1,,1.6,,242,159.9,181.4,0,0,0,0,,,,
BASSTA,2009,2,4,12,6.9,,,,,,,,960.9,,2,,150,8.8,146.2,0,0,0,0,,,,
BASSTA,2009,2,4,13,6.5,,,,,,,,960.8,,1,,183,19.6,174.3,0,0,0,0,,,,
BASSTA,2009,2,4,14,6.4,,,,,,,,960.9,,1.4,,88,3,86.8,0,0,0,0,,,,
BASSTA,2009,2,4,15,6.2,,,,,,,,961,,0.7,,40,0.9,39.7,0,0,0,0,,,,
BASSTA,2009,2,4,16,5.6,,,,,,,,961.1,,1,,17,0.4,16.9,0,0,0,0,,,,
BASSTA,2009,2,4,17,4.8,,,,,,,,961.1,,1.1,,2,0,2,0,0,0,0,,,,
BASSTA,2009,2,4,18,5,,,,,,,,961.2,,1.5,,1,0,0,0,0,0,0,,,,
BASSTA,2009,2,4,19,5,,,,,,,,961.6,,2.1,,1,0,0,0,0,0,0,,,,
BASSTA,2009,2,4,20,4.7,,,,,,,,961.6,,3.1,,1,0,0,0,0,0,0,,,,
BASSTA,2009,2,4,21,4.2,,,,,,,,961.8,,2.8,,1,0,0,0,0,0,0,,,,
BASSTA,2009,2,4,22,3.4,,,,,,,,961.7,,3,,1,0,0,0,0,0,0,,,,
BASSTA,2009,2,4,23,3,,,,,,,,961.4,,2.4,,1,0,0,0,0,0,0,,,,
BASSTA,2009,2,5,0,3.2,,,,,,,,961.1,,3.7,,1,0,0,0,0,0,0,,,,
BASSTA,2009,2,5,1,3.5,,,,,,,,960.7,,4.8,,1,0,0,0,0,0,0,,,,
BASSTA,2009,2,5,2,2.9,,,,,,,,960.6,,3.6,,1,0,0,0,0,0,0,,,,
BASSTA,2009,2,5,3,0.6,,,,,,,,960.5,,1.1,,2,0,0,0,0,0,0,,,,
BASSTA,2009,2,5,4,-0.2,,,,,,,,960.2,,0.9,,2,0,0,0,0,0,0,,,,
BASSTA,2009,2,5,5,-0.2,,,,,,,,960.3,,0.9,,3,0,0,0,0,0,0,,,,
BASSTA,2009,2,5,6,0.2,,,,,,,,960.5,,1.4,,2,0,0,0,0,0,0,,,,
BASSTA,2009,2,5,7,1.2,,,,,,,,960.7,,1.9,,9,0,0,0,0,0,0,,,,
BASSTA,2009,2,5,8,2,,,,,,,,960.7,,3,,42,0,0,0,0,0,0,,,,
BASSTA,2009,2,5,9,1.8,,,,,,,,961.8,,1.6,,61,11.9,59.1,0,0,0,0,,,,
BASSTA,2009,2,5,10,3.5,,,,,,,,962.8,,0.3,,210,269.3,131.9,0,0,0,0,,,,
BASSTA,2009,2,5,11,4.6,,,,,,,,963,,1.4,,114,5.7,111.8,0,0,0,0,,,,
BASSTA,2009,2,5,12,5.3,,,,,,,,962.6,,1.6,,99,3.3,97.6,0,0,0,0,,,,
BASSTA,2009,2,5,13,5.8,,,,,,,,961.9,,2.9,,74,1.8,73.2,0,0,0,0,,,,
BASSTA,2009,2,5,14,6.3,,,,,,,,961.5,,3.7,,42,0.7,41.7,0,0,0,0,,,,
BASSTA,2009,2,5,15,6.8,,,,,,,,961.7,,2.9,,43,1,42.6,0,0,0,0,,,,
BASSTA,2009,2,5,16,6.5,,,,,,,,961.9,,1.7,,17,0.4,16.9,0,0,0,0,,,,
BASSTA,2009,2,5,17,5.7,,,,,,,,961.9,,2.2,,2,0,2,0,0,0,0,,,,
BASSTA,2009,2,5,18,5.5,,,,,,,,961.5,,3,,3,0,0,0,0,0,0,,,,
BASSTA,2009,2,5,19,5.1,,,,,,,,961.3,,2.5,,3,0,0,0,0,0,0,,,,
BASSTA,2009,2,5,20,4.5,,,,,,,,960.8,,1.5,,3,0,0,0,0,0,0,,,,
BASSTA,2009,2,5,21,4.6,,,,,,,,960.5,,2.4,,3,0,0,0,0,0,0,,,,
BASSTA,2009,2,5,22,4.5,,,,,,,,960.3,,1.9,,2,0,0,0,0,0,0,,,,
BASSTA,2009,2,5,23,4.5,,,,,,,,960.1,,2.2,,3,0,0,0,0,0,0,,,,
BASSTA,2009,2,6,0,4.3,,,,,,,,959.8,,1.6,,2,0,0,0,0,0,0,,,,
BASSTA,2009,2,6,1,4.1,,,,,,,,959.5,,1.5,,3,0,0,0,0,0,0,,,,
BASSTA,2009,2,6,2,3.9,,,,,,,,960.3,,1.1,,2,0,0,0,0,0,0,,,,
BASSTA,2009,2,6,3,3.9,,,,,,,,960.2,,1,,2,0,0,0,0,0,0,,,,
BASSTA,2009,2,6,4,4.1,,,,,,,,959.4,,2.6,,2,0,0,0,0,0,0,,,,
BASSTA,2009,2,6,5,4.3,,,,,,,,958.3,,2.5,,1,0,0,0,0,0,0,,,,
BASSTA,2009,2,6,6,4.5,,,,,,,,957.9,,1.5,,2,0,0,0,0,0,0,,,,
BASSTA,2009,2,6,7,4.3,,,,,,,,957.9,,2.1,,9,0,0,0,0,0,0,,,,
BASSTA,2009,2,6,8,4.5,,,,,,,,958,,1.4,,36,0,0,0,0,0,0,,,,
BASSTA,2009,2,6,9,5.1,,,,,,,,957.7,,2.2,,145,509.7,59.3,0,0,0,0,,,,
BASSTA,2009,2,6,10,6,,,,,,,,957.5,,1.7,,181,135.2,141.2,0,0,0,0,,,,
BASSTA,2009,2,6,11,6.9,,,,,,,,956.9,,0.6,,195,52.3,174.7,0,0,0,0,,,,
BASSTA,2009,2,6,12,7.6,,,,,,,,956.5,,1.9,,226,57.1,200.8,0,0,0,0,,,,
BASSTA,2009,2,6,13,7.7,,,,,,,,955.8,,1.5,,181,16.7,173.4,0,0,0,0,,,,
BASSTA,2009,2,6,14,7.7,,,,,,,,955.5,,2,,97,3.4,95.6,0,0,0,0,,,,
BASSTA,2009,2,6,15,7.2,,,,,,,,955.1,,1.7,,51,1.4,50.5,0,0,0,0,,,,
BASSTA,2009,2,6,16,6.3,,,,,,,,954.5,,1.1,,12,0.2,12,0,0,0,0,,,,
BASSTA,2009,2,6,17,5,,,,,,,,953.8,,1,,2,0,2,0,0,0,0,,,,
BASSTA,2009,2,6,18,4.7,,,,,,,,953.3,,1.4,,1,0,0,0,0,0,0,,,,
BASSTA,2009,2,6,19,4.2,,,,,,,,953.1,,0.7,,2,0,0,0,0,0,0,,,,
BASSTA,2009,2,6,20,4.4,,,,,,,,952.9,,1.5,,1,0,0,0,0,0,0,,,,
BASSTA,2009,2,6,21,4.2,,,,,,,,953.7,,1.2,,2,0,0,0,0,0,0,,,,
BASSTA,2009,2,6,22,4.3,,,,,,,,953.4,,0.8,,2,0,0,0,0,0,0,,,,
BASSTA,2009,2,6,23,4,,,,,,,,953.3,,0.9,,2,0,0,0,0,0,0,,,,
BASSTA,2009,2,7,0,3.7,,,,,,,,953.1,,1.5,,2,0,0,0,0,0,0,,,,
BASSTA,2009,2,7,1,3.6,,,,,,,,952.9,,1.6,,2,0,0,0,0,0,0,,,,
BASSTA,2009,2,7,2,3.6,,,,,,,,952.2,,0.6,,2,0,0,0,0,0,0,,,,
BASSTA,2009,2,7,3,3.8,,,,,,,,951.9,,1.1,,1,0,0,0,0,0,0,,,,
BASSTA,2009,2,7,4,3.6,,,,,,,,952,,1.4,,2,0,0,0,0,0,0,,,,
BASSTA,2009,2,7,5,3.6,,,,,,,,951.9,,1.5,,1,0,0,0,0,0,0,,,,
BASSTA,2009,2,7,6,3.2,,,,,,,,951.9,,1.4,,2,0,0,0,0,0,0,,,,
BASSTA,2009,2,7,7,3.1,,,,,,,,952.2,,1.5,,7,0,0,0,0,0,0,,,,
BASSTA,2009,2,7,8,3.4,,,,,,,,952.4,,1.5,,27,0,0,0,0,0,0,,,,
BASSTA,2009,2,7,9,3.8,,,,,,,,952.6,,1.7,,45,4.4,44.2,0,0,0,0,,,,
BASSTA,2009,2,7,10,4,,,,,,,,953.1,,1.6,,75,4,73.8,0,0,0,0,,,,
BASSTA,2009,2,7,11,4.6,,,,,,,,953.1,,1.9,,159,17.7,152,0,0,0,0,,,,
BASSTA,2009,2,7,12,4.4,,,,,,,,953,,2.1,,160,10.1,155.5,0,0,0,0,,,,
BASSTA,2009,2,7,13,4.8,,,,,,,,952.9,,1.7,,147,6.9,143.9,0,0,0,0,,,,
BASSTA,2009,2,7,14,4.7,,,,,,,,953.3,,2.6,,51,0.9,50.6,0,0,0,0,,,,
BASSTA,2009,2,7,15,4.5,,,,,,,,953.6,,2.1,,39,0.8,38.7,0,0,0,0,,,,
BASSTA,2009,2,7,16,4.4,,,,,,,,954.3,,1.9,,8,0.1,8,0,0,0,0,,,,
BASSTA,2009,2,7,17,4,,,,,,,,955,,2.8,,2,0,2,0,0,0,0,,,,
BASSTA,2009,2,7,18,3.6,,,,,,,,955.6,,3.2,,2,0,0,0,0,0,0,,,,
BASSTA,2009,2,7,19,3,,,,,,,,956.3,,3.9,,2,0,0,0,0,0,0,,,,
BASSTA,2009,2,7,20,2.3,,,,,,,,957.1,,3.3,,1,0,0,0,0,0,0,,,,
BASSTA,2009,2,7,21,1.9,,,,,,,,957.7,,1.4,,2,0,0,0,0,0,0,,,,
BASSTA,2009,2,7,22,1.1,,,,,,,,958.4,,0.3,,1,0,0,0,0,0,0,,,,
BASSTA,2009,2,7,23,0.7,,,,,,,,958.9,,0.5,,2,0,0,0,0,0,0,,,,
BASSTA,2009,2,8,0,0.9,,,,,,,,959.3,,0.7,,1,0,0,0,0,0,0,,,,
BASSTA,2009,2,8,1,0.9,,,,,,,,959.8,,0.8,,2,0,0,0,0,0,0,,,,
BASSTA,2009,2,8,2,0.6,,,,,,,,960.5,,0.6,,1,0,0,0,0,0,0,,,,
BASSTA,2009,2,8,3,0.7,,,,,,,,961.1,,1.3,,2,0,0,0,0,0,0,,,,
BASSTA,2009,2,8,4,1.1,,,,,,,,961.9,,1.8,,1,0,0,0,0,0,0,,,,
BASSTA,2009,2,8,5,1.3,,,,,,,,962.9,,3,,2,0,0,0,0,0,0,,,,
BASSTA,2009,2,8,6,1.2,,,,,,,,964,,3,,2,0,0,0,0,0,0,,,,
BASSTA,2009,2,8,7,1.1,,,,,,,,965.2,,2.5,,8,0,0,0,0,0,0,,,,
BASSTA,2009,2,8,8,1.3,,,,,,,,966.4,,2.1,,31,0,0,0,0,0,0,,,,
BASSTA,2009,2,8,9,1.6,,,,,,,,967.1,,2.1,,118,194.7,83.6,0,0,0,0,,,,
BASSTA,2009,2,8,10,1.9,,,,,,,,968,,2.4,,168,83.7,142.6,0,0,0,0,,,,
BASSTA,2009,2,8,11,1.9,,,,,,,,968.6,,2.3,,117,5.6,114.8,0,0,0,0,,,,
BASSTA,2009,2,8,12,1.8,,,,,,,,969.4,,2.7,,81,2.1,80.1,0,0,0,0,,,,
BASSTA,2009,2,8,13,1.2,,,,,,,,969.7,,2.1,,37,0.4,36.8,0,0,0,0,,,,
BASSTA,2009,2,8,14,1.3,,,,,,,,970.1,,2.7,,42,0.6,41.7,0,0,0,0,,,,
BASSTA,2009,2,8,15,1.3,,,,,,,,970.4,,2.5,,33,0.6,32.8,0,0,0,0,,,,
BASSTA,2009,2,8,16,1.2,,,,,,,,971,,2.7,,5,0,5,0,0,0,0,,,,
BASSTA,2009,2,8,17,1,,,,,,,,971.8,,2.7,,2,0,2,0,0,0,0,,,,
BASSTA,2009,2,8,18,0.8,,,,,,,,972,,2.8,,2,0,0,0,0,0,0,,,,
BASSTA,2009,2,8,19,0.7,,,,,,,,972.5,,2.3,,2,0,0,0,0,0,0,,,,
BASSTA,2009,2,8,20,0.4,,,,,,,,973.3,,2.9,,2,0,0,0,0,0,0,,,,
BASSTA,2009,2,8,21,0.3,,,,,,,,973.7,,2.9,,2,0,0,0,0,0,0,,,,
BASSTA,2009,2,8,22,0.1,,,,,,,,973.8,,2.7,,2,0,0,0,0,0,0,,,,
BASSTA,2009,2,8,23,0.1,,,,,,,,974.2,,2.4,,2,0,0,0,0,0,0,,,,
BASSTA,2009,2,9,0,-0.2,,,,,,,,974,,2.1,,1,0,0,0,0,0,0,,,,
BASSTA,2009,2,9,1,-0.7,,,,,,,,974,,2.2,,2,0,0,0,0,0,0,,,,
BASSTA,2009,2,9,2,-1.3,,,,,,,,974,,2.6,,1,0,0,0,0,0,0,,,,
BASSTA,2009,2,9,3,-2.1,,,,,,,,973.8,,2.5,,1,0,0,0,0,0,0,,,,
BASSTA,2009,2,9,4,-2.2,,,,,,,,973.7,,1.8,,1,0,0,0,0,0,0,,,,
BASSTA,2009,2,9,5,-2.6,,,,,,,,973.4,,1.6,,1,0,0,0,0,0,0,,,,
BASSTA,2009,2,9,6,-2.8,,,,,,,,973.9,,1.5,,2,0,0,0,0,0,0,,,,
BASSTA,2009,2,9,7,-2.3,,,,,,,,973.9,,2.1,,20,0,0,0,0,0,0,,,,
BASSTA,2009,2,9,8,-1.1,,,,,,,,974.2,,2.3,,86,0,0,0,0,0,0,,,,
BASSTA,2009,2,9,9,-0.3,,,,,,,,974.2,,2.9,,147,415.9,71.7,0,0,0,0,,,,
BASSTA,2009,2,9,10,0.6,,,,,,,,974.7,,1.7,,210,211.6,144.8,0,0,0,0,,,,
BASSTA,2009,2,9,11,1.3,,,,,,,,974.5,,1.9,,161,16.8,154.2,0,0,0,0,,,,
BASSTA,2009,2,9,12,2.2,,,,,,,,973.4,,2.9,,181,16.1,173.7,0,0,0,0,,,,
BASSTA,2009,2,9,13,3,,,,,,,,972.9,,3.2,,134,5.3,131.5,0,0,0,0,,,,
BASSTA,2009,2,9,14,3.5,,,,,,,,972,,3.6,,111,4.2,109.2,0,0,0,0,,,,
BASSTA,2009,2,9,15,3.4,,,,,,,,971.2,,3.9,,54,1.5,53.5,0,0,0,0,,,,
BASSTA,2009,2,9,16,3.5,,,,,,,,970.4,,2.7,,26,0.7,25.8,0,0,0,0,,,,
BASSTA,2009,2,9,17,3.1,,,,,,,,969.3,,3.7,,2,0,2,0,0,0,0,,,,
BASSTA,2009,2,9,18,3,,,,,,,,967.9,,5.1,,1,0,0,0,0,0,0,,,,
BASSTA,2009,2,9,19,3.8,,,,,,,,966.7,,3.7,,2,0,0,0,0,0,0,,,,
BASSTA,2009,2,9,20,4.7,,,,,,,,966.3,,2.6,,1,0,0,0,0,0,0,,,,
BASSTA,2009,2,9,21,4.3,,,,,,,,965.8,,3.5,,2,0,0,0,0,0,0,,,,
BASSTA,2009,2,9,22,4.4,,,,,,,,964.6,,4.4,,1,0,0,0,0,0,0,,,,
BASSTA,2009,2,9,23,6.7,,,,,,,,963.4,,4,,1,0,0,0,0,0,0,,,,
BASSTA,2009,2,10,0,8.9,,,,,,,,962.3,,4.2,,1,0,0,0,0,0,0,,,,
BASSTA,2009,2,10,1,10.4,,,,,,,,961.6,,4.8,,1,0,0,0,0,0,0,,,,
BASSTA,2009,2,10,2,10.9,,,,,,,,960.6,,7,,2,0,0,0,0,0,0,,,,
BASSTA,2009,2,10,3,10.9,,,,,,,,959.4,,7.7,,1,0,0,0,0,0,0,,,,
BASSTA,2009,2,10,4,11.6,,,,,,,,958.4,,9.8,,1,0,0,0,0,0,0,,,,
BASSTA,2009,2,10,5,11.3,,,,,,,,957.3,,12.2,,1,0,0,0,0,0,0,,,,
BASSTA,2009,2,10,6,11.2,,,,,,,,957.3,,13.8,,1,0,0,0,0,0,0,,,,
BASSTA,2009,2,10,7,10.2,,,,,,,,958,,12,,14,0,0,0,0,0,0,,,,
BASSTA,2009,2,10,8,7.6,,,,,,,,960.1,,12.2,,28,0,0,0,0,0,0,,,,
BASSTA,2009,2,10,9,6.8,,,,,,,,961.1,,9.7,,46,3.9,45.3,0,0,0,0,,,,
BASSTA,2009,2,10,10,7.9,,,,,,,,962.8,,9.1,,141,30.4,131.5,0,0,0,0,,,,
BASSTA,2009,2,10,11,8.8,,,,,,,,964,,10,,170,20.8,161.5,0,0,0,0,,,,
BASSTA,2009,2,10,12,9.1,,,,,,,,964.7,,11.5,,312,205.4,217.2,0,0,0,0,,,,
BASSTA,2009,2,10,13,8.7,,,,,,,,965.6,,11.5,,367,356.4,198.8,0,0,0,0,,,,
BASSTA,2009,2,10,14,5.1,,,,,,,,967.9,,8,,84,2.4,83,0,0,0,0,,,,
BASSTA,2009,2,10,15,4.7,,,,,,,,967.9,,7.6,,93,4.2,91.5,0,0,0,0,,,,
BASSTA,2009,2,10,16,4.1,,,,,,,,969.4,,7.7,,36,1.3,35.7,0,0,0,0,,,,
BASSTA,2009,2,10,17,3.8,,,,,,,,970,,7.5,,2,0,2,0,0,0,0,,,,
BASSTA,2009,2,10,18,2.8,,,,,,,,971.2,,6.3,,1,0,0,0,0,0,0,,,,
BASSTA,2009,2,10,19,2.9,,,,,,,,971.9,,6.8,,1,0,0,0,0,0,0,,,,
BASSTA,2009,2,10,20,2.6,,,,,,,,972.7,,6.9,,1,0,0,0,0,0,0,,,,
BASSTA,2009,2,10,21,2.7,,,,,,,,973.3,,6.7,,1,0,0,0,0,0,0,,,,
BASSTA,2009,2,10,22,2.5,,,,,,,,973.7,,6.3,,1,0,0,0,0,0,0,,,,
BASSTA,2009,2,10,23,2.3,,,,,,,,974.5,,5.3,,1,0,0,0,0,0,0,,,,
BASSTA,2009,2,11,0,2.1,,,,,,,,975,,5.5,,2,0,0,0,0,0,0,,,,
BASSTA,2009,2,11,1,1.7,,,,,,,,975.6,,4.9,,1,0,0,0,0,0,0,,,,
BASSTA,2009,2,11,2,1.9,,,,,,,,975.8,,5.9,,2,0,0,0,0,0,0,,,,
BASSTA,2009,2,11,3,1.7,,,,,,,,976.1,,4.2,,2,0,0,0,0,0,0,,,,
BASSTA,2009,2,11,4,1.6,,,,,,,,976.2,,4.5,,2,0,0,0,0,0,0,,,,
BASSTA,2009,2,11,5,1.7,,,,,,,,976.4,,5.9,,2,0,0,0,0,0,0,,,,
BASSTA,2009,2,11,6,1.4,,,,,,,,976.9,,4.3,,2,0,0,0,0,0,0,,,,
BASSTA,2009,2,11,7,1.3,,,,,,,,977.6,,5,,14,0,0,0,0,0,0,,,,
BASSTA,2009,2,11,8,1.6,,,,,,,,978.2,,5.2,,123,0,0,0,0,0,0,,,,
BASSTA,2009,2,11,9,2.5,,,,,,,,978.5,,4.5,,245,1076.1,40.4,0,0,0,0,,,,
BASSTA,2009,2,11,10,3.2,,,,,,,,978.8,,5.1,,398,1046,65.7,0,0,0,0,,,,
BASSTA,2009,2,11,11,3.7,,,,,,,,978.8,,4.9,,411,770.3,93.6,0,0,0,0,,,,
BASSTA,2009,2,11,12,3.6,,,,,,,,978.7,,5.3,,317,210.1,219,0,0,0,0,,,,
BASSTA,2009,2,11,13,3.6,,,,,,,,978.7,,5.3,,220,34.4,203.6,0,0,0,0,,,,
BASSTA,2009,2,11,14,3.9,,,,,,,,978.7,,4.9,,214,43.3,194.8,0,0,0,0,,,,
BASSTA,2009,2,11,15,3.5,,,,,,,,978.9,,4.6,,73,2.5,72.1,0,0,0,0,,,,
BASSTA,2009,2,11,16,3.3,,,,,,,,979.1,,5,,60,3.6,59.1,0,0,0,0,,,,
BASSTA,2009,2,11,17,2.4,,,,,,,,979.6,,3.3,,2,0,2,0,0,0,0,,,,
BASSTA,2009,2,11,18,1.8,,,,,,,,979.9,,4.1,,1,0,0,0,0,0,0,,,,
BASSTA,2009,2,11,19,1.7,,,,,,,,980,,3.9,,2,0,0,0,0,0,0,,,,
BASSTA,2009,2,11,20,1.5,,,,,,,,979.9,,3.7,,1,0,0,0,0,0,0,,,,
BASSTA,2009,2,11,21,1.3,,,,,,,,979.7,,3.5,,2,0,0,0,0,0,0,,,,
BASSTA,2009,2,11,22,1.5,,,,,,,,979.6,,3.8,,1,0,0,0,0,0,0,,,,
BASSTA,2009,2,11,23,1.1,,,,,,,,979.5,,3.8,,2,0,0,0,0,0,0,,,,
BASSTA,2009,2,12,0,1.1,,,,,,,,979.2,,3.4,,1,0,0,0,0,0,0,,,,
BASSTA,2009,2,12,1,0.9,,,,,,,,979,,1.9,,2,0,0,0,0,0,0,,,,
BASSTA,2009,2,12,2,0.8,,,,,,,,978.2,,3.3,,1,0,0,0,0,0,0,,,,
BASSTA,2009,2,12,3,0.4,,,,,,,,977.5,,1.6,,2,0,0,0,0,0,0,,,,
BASSTA,2009,2,12,4,0.4,,,,,,,,977,,2,,2,0,0,0,0,0,0,,,,
BASSTA,2009,2,12,5,0.1,,,,,,,,976.7,,1.3,,1,0,0,0,0,0,0,,,,
BASSTA,2009,2,12,6,0.1,,,,,,,,976.3,,2.2,,2,0,0,0,0,0,0,,,,
BASSTA,2009,2,12,7,0.7,,,,,,,,976.5,,3.9,,9,0,0,0,0,0,0,,,,
BASSTA,2009,2,12,8,0.5,,,,,,,,977.7,,5.6,,43,0,0,0,0,0,0,,,,
BASSTA,2009,2,12,9,0.3,,,,,,,,979,,4.3,,108,84.9,91.5,0,0,0,0,,,,
BASSTA,2009,2,12,10,0.2,,,,,,,,980.3,,3.7,,111,8.6,108.2,0,0,0,0,,,,
BASSTA,2009,2,12,11,0.3,,,,,,,,981.1,,3.7,,177,22.6,167.6,0,0,0,0,,,,
BASSTA,2009,2,12,12,1.3,,,,,,,,981.5,,3.4,,437,637.6,136.4,0,0,0,0,,,,
BASSTA,2009,2,12,13,1.5,,,,,,,,981.9,,3.4,,332,222.2,224.9,0,0,0,0,,,,
BASSTA,2009,2,12,14,1.6,,,,,,,,981.9,,2.8,,307,217.5,209.6,0,0,0,0,,,,
BASSTA,2009,2,12,15,1.6,,,,,,,,982.3,,3,,186,51.6,166.8,0,0,0,0,,,,
BASSTA,2009,2,12,16,0.7,,,,,,,,982.9,,2.3,,43,1.8,42.5,0,0,0,0,,,,
BASSTA,2009,2,12,17,0.2,,,,,,,,983.5,,1.5,,1,0,1,0,0,0,0,,,,
BASSTA,2009,2,12,18,-0.4,,,,,,,,983.9,,1.1,,1,0,0,0,0,0,0,,,,
BASSTA,2009,2,12,19,-0.9,,,,,,,,983.9,,1.4,,1,0,0,0,0,0,0,,,,
BASSTA,2009,2,12,20,-0.6,,,,,,,,984,,1.8,,1,0,0,0,0,0,0,,,,
BASSTA,2009,2,12,21,-0.8,,,,,,,,984.1,,1.3,,2,0,0,0,0,0,0,,,,
BASSTA,2009,2,12,22,-1,,,,,,,,984.2,,1.7,,1,0,0,0,0,0,0,,,,
BASSTA,2009,2,12,23,-1,,,,,,,,984.2,,1.9,,2,0,0,0,0,0,0,,,,
BASSTA,2009,2,13,0,-1.3,,,,,,,,983.9,,2.3,,1,0,0,0,0,0,0,,,,
BASSTA,2009,2,13,1,-1.3,,,,,,,,983.8,,0.3,,2,0,0,0,0,0,0,,,,
BASSTA,2009,2,13,2,-1.4,,,,,,,,983.8,,1.1,,2,0,0,0,0,0,0,,,,
BASSTA,2009,2,13,3,-1.2,,,,,,,,983.6,,1.6,,1,0,0,0,0,0,0,,,,
BASSTA,2009,2,13,4,-1.7,,,,,,,,983.5,,1,,1,0,0,0,0,0,0,,,,
BASSTA,2009,2,13,5,-1.8,,,,,,,,983.7,,1.8,,1,0,0,0,0,0,0,,,,
BASSTA,2009,2,13,6,-1.6,,,,,,,,983.8,,1.2,,1,0,0,0,0,0,0,,,,
BASSTA,2009,2,13,7,-2.1,,,,,,,,984,,1.5,,28,0,0,0,0,0,0,,,,
BASSTA,2009,2,13,8,-1.2,,,,,,,,984,,1.1,,154,0,0,0,0,0,0,,,,
BASSTA,2009,2,13,9,-0.2,,,,,,,,983.9,,1.7,,288,1205.4,47.5,0,0,0,0,,,,
BASSTA,2009,2,13,10,0.5,,,,,,,,983.8,,1.2,,323,750.8,77.1,0,0,0,0,,,,
BASSTA,2009,2,13,11,0.6,,,,,,,,983.5,,0.9,,208,48,187.7,0,0,0,0,,,,
BASSTA,2009,2,13,12,1.3,,,,,,,,982.9,,2.1,,223,37.1,205.3,0,0,0,0,,,,
BASSTA,2009,2,13,13,1.7,,,,,,,,982.6,,2.3,,221,31.7,205.6,0,0,0,0,,,,
BASSTA,2009,2,13,14,1.6,,,,,,,,982.3,,1.6,,101,3.2,99.6,0,0,0,0,,,,
BASSTA,2009,2,13,15,1.9,,,,,,,,982,,1.5,,115,6,112.7,0,0,0,0,,,,
BASSTA,2009,2,13,16,1.6,,,,,,,,981.7,,1.8,,64,3.8,63,0,0,0,0,,,,
BASSTA,2009,2,13,17,0.4,,,,,,,,981.9,,1.3,,1,0,1,0,0,0,0,,,,
BASSTA,2009,2,13,18,-0.4,,,,,,,,982.1,,1.9,,1,0,0,0,0,0,0,,,,
BASSTA,2009,2,13,19,-0.8,,,,,,,,982.1,,1.5,,1,0,0,0,0,0,0,,,,
BASSTA,2009,2,13,20,-1.1,,,,,,,,982.2,,1.1,,1,0,0,0,0,0,0,,,,
BASSTA,2009,2,13,21,-1.5,,,,,,,,982.3,,1.3,,1,0,0,0,0,0,0,,,,
BASSTA,2009,2,13,22,-1.5,,,,,,,,982.2,,0.8,,1,0,0,0,0,0,0,,,,
BASSTA,2009,2,13,23,-1.5,,,,,,,,982.2,,1.4,,1,0,0,0,0,0,0,,,,
BASSTA,2009,2,14,0,-1.3,,,,,,,,981.9,,1.6,,1,0,0,0,0,0,0,,,,
BASSTA,2009,2,14,1,-1.3,,,,,,,,981.8,,1.6,,1,0,0,0,0,0,0,,,,
BASSTA,2009,2,14,2,-1.3,,,,,,,,981.6,,2.3,,1,0,0,0,0,0,0,,,,
BASSTA,2009,2,14,3,-1.4,,,,,,,,981.6,,0.8,,1,0,0,0,0,0,0,,,,
BASSTA,2009,2,14,4,-1.6,,,,,,,,981.8,,1,,1,0,0,0,0,0,0,,,,
BASSTA,2009,2,14,5,-1.7,,,,,,,,982,,1.9,,1,0,0,0,0,0,0,,,,
BASSTA,2009,2,14,6,-1.9,,,,,,,,982.4,,0.6,,1,0,0,0,0,0,0,,,,
BASSTA,2009,2,14,7,-1.8,,,,,,,,983,,0.8,,10,0,0,0,0,0,0,,,,
BASSTA,2009,2,14,8,-1.6,,,,,,,,983.7,,1.6,,76,1191,12.5,0,0,0,0,,,,
BASSTA,2009,2,14,9,-0.4,,,,,,,,984.3,,2.1,,246,1005.4,40.6,0,0,0,0,,,,
BASSTA,2009,2,14,10,-0.1,,,,,,,,984.9,,2.6,,180,76,154.7,0,0,0,0,,,,
BASSTA,2009,2,14,11,0.2,,,,,,,,985.5,,2.7,,266,144.8,204.1,0,0,0,0,,,,
BASSTA,2009,2,14,12,0.7,,,,,,,,985.9,,2.7,,311,169.6,229.3,0,0,0,0,,,,
BASSTA,2009,2,14,13,1,,,,,,,,986.3,,2.5,,275,88.3,231.5,0,0,0,0,,,,
BASSTA,2009,2,14,14,0.7,,,,,,,,986.7,,2.2,,119,4.3,117,0,0,0,0,,,,
BASSTA,2009,2,14,15,0.8,,,,,,,,987.1,,2.1,,86,3.3,84.8,0,0,0,0,,,,
BASSTA,2009,2,14,16,0.7,,,,,,,,987.4,,2.8,,40,1.4,39.6,0,0,0,0,,,,
BASSTA,2009,2,14,17,0.5,,,,,,,,988,,2.4,,1,0,1,0,0,0,0,,,,
BASSTA,2009,2,14,18,-0.1,,,,,,,,988.5,,1.9,,1,0,0,0,0,0,0,,,,
BASSTA,2009,2,14,19,-0.7,,,,,,,,989,,2.3,,1,0,0,0,0,0,0,,,,
BASSTA,2009,2,14,20,-1.5,,,,,,,,989.6,,1.3,,1,0,0,0,0,0,0,,,,
BASSTA,2009,2,14,21,-2.3,,,,,,,,990,,1.1,,1,0,0,0,0,0,0,,,,
BASSTA,2009,2,14,22,-2.6,,,,,,,,990.2,,1.2,,1,0,0,0,0,0,0,,,,
BASSTA,2009,2,14,23,-2.7,,,,,,,,990.6,,1.2,,1,0,0,0,0,0,0,,,,
BASSTA,2009,2,15,0,-2.8,,,,,,,,990.6,,1.5,,1,0,0,0,0,0,0,,,,
BASSTA,2009,2,15,1,-3.5,,,,,,,,990.7,,1.3,,1,0,0,0,0,0,0,,,,
BASSTA,2009,2,15,2,-3.2,,,,,,,,990.8,,1.2,,1,0,0,0,0,0,0,,,,
BASSTA,2009,2,15,3,-3.1,,,,,,,,990.9,,0.7,,2,0,0,0,0,0,0,,,,
BASSTA,2009,2,15,4,-3.3,,,,,,,,991.1,,1.4,,2,0,0,0,0,0,0,,,,
BASSTA,2009,2,15,5,-3.9,,,,,,,,991.2,,1.9,,2,0,0,0,0,0,0,,,,
BASSTA,2009,2,15,6,-4.6,,,,,,,,991.5,,2.2,,2,0,0,0,0,0,0,,,,
BASSTA,2009,2,15,7,-5.2,,,,,,,,991.8,,1.9,,36,0,0,0,0,0,0,,,,
BASSTA,2009,2,15,8,-4.8,,,,,,,,992.1,,1.7,,165,2384.4,27.2,0,0,0,0,,,,
BASSTA,2009,2,15,9,-3.9,,,,,,,,992.2,,0.8,,273,1089.7,45,0,0,0,0,,,,
BASSTA,2009,2,15,10,-2.8,,,,,,,,991.9,,1,,430,1063.7,71,0,0,0,0,,,,
BASSTA,2009,2,15,11,-1.2,,,,,,,,991.4,,1.3,,483,933,79.6,0,0,0,0,,,,
BASSTA,2009,2,15,12,0.2,,,,,,,,990.9,,1.5,,471,716.8,122.1,0,0,0,0,,,,
BASSTA,2009,2,15,13,0.6,,,,,,,,990.1,,0.9,,441,559.8,162.6,0,0,0,0,,,,
BASSTA,2009,2,15,14,1.2,,,,,,,,989.7,,0.8,,288,144,221.3,0,0,0,0,,,,
BASSTA,2009,2,15,15,1.1,,,,,,,,989.5,,1.6,,186,42.7,169.5,0,0,0,0,,,,
BASSTA,2009,2,15,16,0.4,,,,,,,,989.5,,2.4,,53,2.4,52.3,0,0,0,0,,,,
BASSTA,2009,2,15,17,-0.3,,,,,,,,989.6,,1.2,,2,0,2,0,0,0,0,,,,
BASSTA,2009,2,15,18,-0.7,,,,,,,,989.7,,1.3,,1,0,0,0,0,0,0,,,,
BASSTA,2009,2,15,19,-0.7,,,,,,,,989.7,,1.2,,1,0,0,0,0,0,0,,,,
BASSTA,2009,2,15,20,-0.8,,,,,,,,989.7,,0.9,,2,0,0,0,0,0,0,,,,
BASSTA,2009,2,15,21,-1.1,,,,,,,,989.7,,0.8,,1,0,0,0,0,0,0,,,,
BASSTA,2009,2,15,22,-1,,,,,,,,989.4,,0.9,,2,0,0,0,0,0,0,,,,
BASSTA,2009,2,15,23,-1.4,,,,,,,,989.1,,0.9,,1,0,0,0,0,0,0,,,,
BASSTA,2009,2,16,0,-1.6,,,,,,,,988.6,,1.2,,2,0,0,0,0,0,0,,,,
BASSTA,2009,2,16,1,-1.7,,,,,,,,988.5,,1.1,,2,0,0,0,0,0,0,,,,
BASSTA,2009,2,16,2,-1.8,,,,,,,,988.3,,1,,2,0,0,0,0,0,0,,,,
BASSTA,2009,2,16,3,-2,,,,,,,,988,,1.2,,1,0,0,0,0,0,0,,,,
BASSTA,2009,2,16,4,-1.9,,,,,,,,987.8,,1.9,,1,0,0,0,0,0,0,,,,
BASSTA,2009,2,16,5,-2,,,,,,,,987.6,,1.8,,1,0,0,0,0,0,0,,,,
BASSTA,2009,2,16,6,-2.1,,,,,,,,987.4,,2.7,,2,0,0,0,0,0,0,,,,
BASSTA,2009,2,16,7,-1.9,,,,,,,,987.4,,2.1,,36,0,0,0,0,0,0,,,,
BASSTA,2009,2,16,8,-1.3,,,,,,,,987.5,,1.7,,86,1151.3,14.2,0,0,0,0,,,,
BASSTA,2009,2,16,9,-0.9,,,,,,,,987.6,,1.1,,91,22.9,86.1,0,0,0,0,,,,
BASSTA,2009,2,16,10,-0.9,,,,,,,,987.6,,0.8,,133,14.6,128,0,0,0,0,,,,
BASSTA,2009,2,16,11,-0.8,,,,,,,,987.5,,0.2,,181,20,172.3,0,0,0,0,,,,
BASSTA,2009,2,16,12,-0.3,,,,,,,,987.3,,0.4,,217,27.6,203.4,0,0,0,0,,,,
BASSTA,2009,2,16,13,0.2,,,,,,,,987,,0.3,,146,5.4,143.3,0,0,0,0,,,,
BASSTA,2009,2,16,14,0.8,,,,,,,,986.9,,0.2,,119,4.1,117.1,0,0,0,0,,,,
BASSTA,2009,2,16,15,1.3,,,,,,,,986.9,,1.7,,79,2.6,78,0,0,0,0,,,,
BASSTA,2009,2,16,16,1.3,,,,,,,,987.1,,1.4,,24,0.5,23.9,0,0,0,0,,,,
BASSTA,2009,2,16,17,1,,,,,,,,987.5,,1.4,,2,0,2,0,0,0,0,,,,
BASSTA,2009,2,16,18,1,,,,,,,,987.5,,0.4,,1,0,0,0,0,0,0,,,,
BASSTA,2009,2,16,19,1,,,,,,,,987.5,,0.6,,1,0,0,0,0,0,0,,,,
BASSTA,2009,2,16,20,0.7,,,,,,,,987.4,,0.9,,1,0,0,0,0,0,0,,,,
BASSTA,2009,2,16,21,0.6,,,,,,,,987.1,,1.3,,1,0,0,0,0,0,0,,,,
BASSTA,2009,2,16,22,0.6,,,,,,,,986.9,,0.8,,1,0,0,0,0,0,0,,,,
BASSTA,2009,2,16,23,0.6,,,,,,,,986.6,,1.1,,1,0,0,0,0,0,0,,,,
BASSTA,2009,2,17,0,0.6,,,,,,,,986.3,,1.3,,1,0,0,0,0,0,0,,,,
BASSTA,2009,2,17,1,0.4,,,,,,,,985.9,,1.3,,1,0,0,0,0,0,0,,,,
BASSTA,2009,2,17,2,0.3,,,,,,,,985.3,,1.2,,1,0,0,0,0,0,0,,,,
BASSTA,2009,2,17,3,0.3,,,,,,,,984.8,,0.6,,1,0,0,0,0,0,0,,,,
BASSTA,2009,2,17,4,0.8,,,,,,,,984.1,,0.7,,1,0,0,0,0,0,0,,,,
BASSTA,2009,2,17,5,1.9,,,,,,,,983.4,,2.3,,1,0,0,0,0,0,0,,,,
BASSTA,2009,2,17,6,2.7,,,,,,,,983.3,,3.3,,1,0,0,0,0,0,0,,,,
BASSTA,2009,2,17,7,2.8,,,,,,,,983.2,,4.1,,9,0,0,0,0,0,0,,,,
BASSTA,2009,2,17,8,2.8,,,,,,,,983.1,,4.3,,22,7.4,21.5,0,0,0,0,,,,
BASSTA,2009,2,17,9,2.8,,,,,,,,982.8,,5.3,,52,3.6,51.2,0,0,0,0,,,,
BASSTA,2009,2,17,10,3.1,,,,,,,,982.5,,4.6,,55,1.6,54.4,0,0,0,0,,,,
BASSTA,2009,2,17,11,3.3,,,,,,,,982.2,,4.6,,49,0.8,48.7,0,0,0,0,,,,
BASSTA,2009,2,17,12,3.3,,,,,,,,982,,4.5,,56,0.8,55.6,0,0,0,0,,,,
BASSTA,2009,2,17,13,3.4,,,,,,,,981.8,,4.8,,50,0.6,49.7,0,0,0,0,,,,
BASSTA,2009,2,17,14,3.4,,,,,,,,981.5,,5.7,,41,0.5,40.8,0,0,0,0,,,,
BASSTA,2009,2,17,15,3.5,,,,,,,,981.8,,4.8,,28,0.3,27.9,0,0,0,0,,,,
BASSTA,2009,2,17,16,3.5,,,,,,,,981.8,,5.1,,6,0,6,0,0,0,0,,,,
BASSTA,2009,2,17,17,3.4,,,,,,,,982,,4.2,,1,0,1,0,0,0,0,,,,
BASSTA,2009,2,17,18,3.4,,,,,,,,982.1,,3.6,,1,0,0,0,0,0,0,,,,
BASSTA,2009,2,17,19,3.5,,,,,,,,982,,3.4,,1,0,0,0,0,0,0,,,,
BASSTA,2009,2,17,20,3.6,,,,,,,,982.2,,2.3,,1,0,0,0,0,0,0,,,,
BASSTA,2009,2,17,21,3,,,,,,,,983,,2.7,,1,0,0,0,0,0,0,,,,
BASSTA,2009,2,17,22,1.8,,,,,,,,984,,3.3,,1,0,0,0,0,0,0,,,,
BASSTA,2009,2,17,23,0.8,,,,,,,,984.7,,2.5,,1,0,0,0,0,0,0,,,,
BASSTA,2009,2,18,0,0.5,,,,,,,,985.1,,1.8,,1,0,0,0,0,0,0,,,,
BASSTA,2009,2,18,1,-0.4,,,,,,,,985.5,,3.9,,1,0,0,0,0,0,0,,,,
BASSTA,2009,2,18,2,-1.6,,,,,,,,986,,6.2,,1,0,0,0,0,0,0,,,,
BASSTA,2009,2,18,3,-2.2,,,,,,,,986.3,,6,,2,0,0,0,0,0,0,,,,
BASSTA,2009,2,18,4,-2.9,,,,,,,,986.5,,5.6,,2,0,0,0,0,0,0,,,,
BASSTA,2009,2,18,5,-3.7,,,,,,,,986.7,,4.4,,2,0,0,0,0,0,0,,,,
BASSTA,2009,2,18,6,-4.1,,,,,,,,986.9,,3.6,,3,0,0,0,0,0,0,,,,
BASSTA,2009,2,18,7,-4.2,,,,,,,,987.3,,4.5,,49,0,0,0,0,0,0,,,,
BASSTA,2009,2,18,8,-3.5,,,,,,,,987.3,,4.9,,188,2185.8,31,0,0,0,0,,,,
BASSTA,2009,2,18,9,-2.9,,,,,,,,987.4,,4.6,,344,1281,56.8,0,0,0,0,,,,
BASSTA,2009,2,18,10,-1.8,,,,,,,,987.3,,3.7,,458,1083.3,75.6,0,0,0,0,,,,
BASSTA,2009,2,18,11,-0.6,,,,,,,,986.9,,2.8,,516,961.6,85.1,0,0,0,0,,,,
BASSTA,2009,2,18,12,0.1,,,,,,,,986.3,,3.3,,525,849.9,97.8,0,0,0,0,,,,
BASSTA,2009,2,18,13,0.6,,,,,,,,986,,3.8,,479,653.1,143.9,0,0,0,0,,,,
BASSTA,2009,2,18,14,0.9,,,,,,,,985.9,,3.6,,384,402.2,191.5,0,0,0,0,,,,
BASSTA,2009,2,18,15,0.8,,,,,,,,985.9,,3,,240,121.1,191.4,0,0,0,0,,,,
BASSTA,2009,2,18,16,0,,,,,,,,985.9,,2.6,,94,7.3,91.9,0,0,0,0,,,,
BASSTA,2009,2,18,17,-0.6,,,,,,,,986.1,,2.5,,4,0,4,0,0,0,0,,,,
BASSTA,2009,2,18,18,-1.3,,,,,,,,986.4,,1.5,,2,0,0,0,0,0,0,,,,
BASSTA,2009,2,18,19,-2,,,,,,,,986.5,,2.4,,2,0,0,0,0,0,0,,,,
BASSTA,2009,2,18,20,-2.7,,,,,,,,986.6,,3.1,,2,0,0,0,0,0,0,,,,
BASSTA,2009,2,18,21,-3.2,,,,,,,,986.9,,3.4,,2,0,0,0,0,0,0,,,,
BASSTA,2009,2,18,22,-3.7,,,,,,,,986.7,,4.3,,2,0,0,0,0,0,0,,,,
BASSTA,2009,2,18,23,-4.2,,,,,,,,987,,3.1,,2,0,0,0,0,0,0,,,,
BASSTA,2009,2,19,0,-4.7,,,,,,,,987.1,,2.4,,2,0,0,0,0,0,0,,,,
BASSTA,2009,2,19,1,-5.4,,,,,,,,987.1,,2.1,,2,0,0,0,0,0,0,,,,
BASSTA,2009,2,19,2,-6,,,,,,,,987.1,,2,,2,0,0,0,0,0,0,,,,
BASSTA,2009,2,19,3,-6.7,,,,,,,,987.4,,2.1,,2,0,0,0,0,0,0,,,,
BASSTA,2009,2,19,4,-7.1,,,,,,,,987.9,,1.8,,2,0,0,0,0,0,0,,,,
BASSTA,2009,2,19,5,-7.4,,,,,,,,988,,2.4,,2,0,0,0,0,0,0,,,,
BASSTA,2009,2,19,6,-7.8,,,,,,,,988.4,,2.6,,4,0,0,0,0,0,0,,,,
BASSTA,2009,2,19,7,-7.7,,,,,,,,988.8,,2.1,,63,0,0,0,0,0,0,,,,
BASSTA,2009,2,19,8,-6.5,,,,,,,,989.3,,1.4,,187,2036.8,30.9,0,0,0,0,,,,
BASSTA,2009,2,19,9,-4.8,,,,,,,,989.4,,1.7,,341,1241.3,56.3,0,0,0,0,,,,
BASSTA,2009,2,19,10,-3.1,,,,,,,,989.4,,1.7,,434,1011.4,71.6,0,0,0,0,,,,
BASSTA,2009,2,19,11,-1.5,,,,,,,,989.6,,1.1,,434,699.2,117,0,0,0,0,,,,
BASSTA,2009,2,19,12,-0.4,,,,,,,,989.6,,0.7,,536,865.6,96.3,0,0,0,0,,,,
BASSTA,2009,2,19,13,0.6,,,,,,,,989.4,,0.9,,454,540.6,173.8,0,0,0,0,,,,
BASSTA,2009,2,19,14,1,,,,,,,,989.6,,1.7,,358,298.2,213.7,0,0,0,0,,,,
BASSTA,2009,2,19,15,0.9,,,,,,,,989.6,,1.3,,165,18.3,157.6,0,0,0,0,,,,
BASSTA,2009,2,19,16,0.7,,,,,,,,989.8,,1.4,,90,6.2,88.2,0,0,0,0,,,,
BASSTA,2009,2,19,17,-0.2,,,,,,,,990.2,,1,,5,0.1,5,0,0,0,0,,,,
BASSTA,2009,2,19,18,-1.2,,,,,,,,990.8,,0.6,,2,0,0,0,0,0,0,,,,
BASSTA,2009,2,19,19,-1.8,,,,,,,,990.9,,1.8,,2,0,0,0,0,0,0,,,,
BASSTA,2009,2,19,20,-2.1,,,,,,,,991.2,,1.3,,2,0,0,0,0,0,0,,,,
BASSTA,2009,2,19,21,-2.6,,,,,,,,991.4,,1.7,,2,0,0,0,0,0,0,,,,
BASSTA,2009,2,19,22,-3,,,,,,,,991.6,,2.1,,2,0,0,0,0,0,0,,,,
BASSTA,2009,2,19,23,-3.4,,,,,,,,992,,2,,2,0,0,0,0,0,0,,,,
BASSTA,2009,2,20,0,-3.7,,,,,,,,992.3,,1.9,,3,0,0,0,0,0,0,,,,
BASSTA,2009,2,20,1,-3.8,,,,,,,,992.3,,1.9,,3,0,0,0,0,0,0,,,,
BASSTA,2009,2,20,2,-3.8,,,,,,,,992.1,,2.1,,3,0,0,0,0,0,0,,,,
BASSTA,2009,2,20,3,-3.8,,,,,,,,991.9,,1.7,,2,0,0,0,0,0,0,,,,
BASSTA,2009,2,20,4,-3.6,,,,,,,,991.8,,2.1,,2,0,0,0,0,0,0,,,,
BASSTA,2009,2,20,5,-3.3,,,,,,,,991.9,,1.7,,2,0,0,0,0,0,0,,,,
BASSTA,2009,2,20,6,-2.8,,,,,,,,992.2,,1.5,,2,0,0,0,0,0,0,,,,
BASSTA,2009,2,20,7,-2.3,,,,,,,,992.5,,1.3,,32,0,0,0,0,0,0,,,,
BASSTA,2009,2,20,8,-1.9,,,,,,,,992.8,,1.5,,73,578.2,25.8,0,0,0,0,,,,
BASSTA,2009,2,20,9,-1,,,,,,,,992.8,,1.8,,147,150.2,111.8,0,0,0,0,,,,
BASSTA,2009,2,20,10,-0.3,,,,,,,,993,,1.7,,132,10.9,128.1,0,0,0,0,,,,
BASSTA,2009,2,20,11,1.3,,,,,,,,992.9,,1.1,,323,245.2,210.5,0,0,0,0,,,,
BASSTA,2009,2,20,12,2.3,,,,,,,,992.7,,0.9,,205,16.9,196.3,0,0,0,0,,,,
BASSTA,2009,2,20,13,3,,,,,,,,992.3,,0.4,,135,4.3,132.8,0,0,0,0,,,,
BASSTA,2009,2,20,14,3.5,,,,,,,,992.2,,0.4,,93,2.3,91.9,0,0,0,0,,,,
BASSTA,2009,2,20,15,3.5,,,,,,,,992.2,,0.4,,31,0.4,30.8,0,0,0,0,,,,
BASSTA,2009,2,20,16,3,,,,,,,,992,,1,,19,0.3,18.9,0,0,0,0,,,,
BASSTA,2009,2,20,17,2.5,,,,,,,,992.4,,1.6,,2,0,2,0,0,0,0,,,,
BASSTA,2009,2,20,18,1.9,,,,,,,,992.8,,1.3,,2,0,0,0,0,0,0,,,,
BASSTA,2009,2,20,19,1.2,,,,,,,,992.9,,1.2,,2,0,0,0,0,0,0,,,,
BASSTA,2009,2,20,20,1.1,,,,,,,,992.7,,1.9,,2,0,0,0,0,0,0,,,,
BASSTA,2009,2,20,21,1.6,,,,,,,,992.7,,1.4,,2,0,0,0,0,0,0,,,,
BASSTA,2009,2,20,22,1.7,,,,,,,,992.7,,1.3,,2,0,0,0,0,0,0,,,,
BASSTA,2009,2,20,23,1.5,,,,,,,,992.6,,0.8,,2,0,0,0,0,0,0,,,,
BASSTA,2009,2,21,0,1.6,,,,,,,,992.3,,1.1,,2,0,0,0,0,0,0,,,,
BASSTA,2009,2,21,1,1.6,,,,,,,,992.3,,1.3,,2,0,0,0,0,0,0,,,,
BASSTA,2009,2,21,2,1.6,,,,,,,,992.1,,1.4,,2,0,0,0,0,0,0,,,,
BASSTA,2009,2,21,3,1.6,,,,,,,,992,,0.3,,1,0,0,0,0,0,0,,,,
BASSTA,2009,2,21,4,1.5,,,,,,,,992.1,,0.9,,1,0,0,0,0,0,0,,,,
BASSTA,2009,2,21,5,1.7,,,,,,,,992.2,,1,,1,0,0,0,0,0,0,,,,
BASSTA,2009,2,21,6,1.8,,,,,,,,992.2,,1.2,,1,0,0,0,0,0,0,,,,
BASSTA,2009,2,21,7,2.2,,,,,,,,992.7,,0.6,,16,0,0,0,0,0,0,,,,
BASSTA,2009,2,21,8,2.8,,,,,,,,992.9,,0.7,,75,523,29.7,0,0,0,0,,,,
BASSTA,2009,2,21,9,3.3,,,,,,,,992.9,,1,,76,6.7,74.4,0,0,0,0,,,,
BASSTA,2009,2,21,10,3.4,,,,,,,,993,,1.1,,107,5.4,105,0,0,0,0,,,,
BASSTA,2009,2,21,11,4.1,,,,,,,,993,,1.6,,226,45.8,204.8,0,0,0,0,,,,
BASSTA,2009,2,21,12,4.4,,,,,,,,993,,1.2,,238,34,220.4,0,0,0,0,,,,
BASSTA,2009,2,21,13,4.7,,,,,,,,992.9,,0.8,,204,14.3,196.4,0,0,0,0,,,,
BASSTA,2009,2,21,14,5.6,,,,,,,,992.8,,1,,217,27.2,203.5,0,0,0,0,,,,
BASSTA,2009,2,21,15,5.1,,,,,,,,992.9,,2.2,,61,1.4,60.4,0,0,0,0,,,,
BASSTA,2009,2,21,16,4.9,,,,,,,,993,,1.6,,38,1,37.7,0,0,0,0,,,,
BASSTA,2009,2,21,17,4.4,,,,,,,,993.4,,2.5,,4,0,4,0,0,0,0,,,,
BASSTA,2009,2,21,18,3.9,,,,,,,,993.3,,2.7,,1,0,0,0,0,0,0,,,,
BASSTA,2009,2,21,19,3.6,,,,,,,,993.4,,2.4,,1,0,0,0,0,0,0,,,,
BASSTA,2009,2,21,20,3.2,,,,,,,,993.7,,1.7,,1,0,0,0,0,0,0,,,,
BASSTA,2009,2,21,21,2.1,,,,,,,,993,,2.6,,1,0,0,0,0,0,0,,,,
BASSTA,2009,2,21,22,2.3,,,,,,,,992.8,,1.8,,1,0,0,0,0,0,0,,,,
BASSTA,2009,2,21,23,2.3,,,,,,,,992.3,,0.7,,1,0,0,0,0,0,0,,,,
BASSTA,2009,2,22,0,1.6,,,,,,,,992.4,,0.6,,1,0,0,0,0,0,0,,,,
BASSTA,2009,2,22,1,1.4,,,,,,,,992.1,,1.1,,1,0,0,0,0,0,0,,,,
BASSTA,2009,2,22,2,1.5,,,,,,,,991.8,,2.1,,1,0,0,0,0,0,0,,,,
BASSTA,2009,2,22,3,1.7,,,,,,,,991.6,,2,,1,0,0,0,0,0,0,,,,
BASSTA,2009,2,22,4,1.9,,,,,,,,991.3,,2.5,,1,0,0,0,0,0,0,,,,
BASSTA,2009,2,22,5,1.9,,,,,,,,991,,1.8,,1,0,0,0,0,0,0,,,,
BASSTA,2009,2,22,6,1.8,,,,,,,,990.9,,1.5,,2,0,0,0,0,0,0,,,,
BASSTA,2009,2,22,7,1.5,,,,,,,,991,,0.5,,9,0,0,0,0,0,0,,,,
BASSTA,2009,2,22,8,1.2,,,,,,,,990.8,,2.6,,24,4.4,23.6,0,0,0,0,,,,
BASSTA,2009,2,22,9,1.7,,,,,,,,990,,2.5,,38,1.5,37.6,0,0,0,0,,,,
BASSTA,2009,2,22,10,2.3,,,,,,,,989.9,,0.9,,50,1.1,49.6,0,0,0,0,,,,
BASSTA,2009,2,22,11,3.3,,,,,,,,988.7,,2.1,,156,7.7,152.4,0,0,0,0,,,,
BASSTA,2009,2,22,12,4.3,,,,,,,,988.3,,1.4,,266,56.3,236.5,0,0,0,0,,,,
BASSTA,2009,2,22,13,4.2,,,,,,,,988.6,,3.2,,80,1.4,79.2,0,0,0,0,,,,
BASSTA,2009,2,22,14,4.2,,,,,,,,988,,3.8,,127,4.2,124.9,0,0,0,0,,,,
BASSTA,2009,2,22,15,4.4,,,,,,,,987.6,,3.3,,58,1.2,57.5,0,0,0,0,,,,
BASSTA,2009,2,22,16,4.4,,,,,,,,987.2,,3.8,,24,0.4,23.9,0,0,0,0,,,,
BASSTA,2009,2,22,17,4.3,,,,,,,,987.1,,3.4,,1,0,1,0,0,0,0,,,,
BASSTA,2009,2,22,18,4.2,,,,,,,,987,,3.2,,1,0,0,0,0,0,0,,,,
BASSTA,2009,2,22,19,4,,,,,,,,986.7,,2.8,,1,0,0,0,0,0,0,,,,
BASSTA,2009,2,22,20,4,,,,,,,,986.6,,3.1,,1,0,0,0,0,0,0,,,,
BASSTA,2009,2,22,21,3.9,,,,,,,,986.4,,3.8,,1,0,0,0,0,0,0,,,,
BASSTA,2009,2,22,22,3.9,,,,,,,,985.9,,2.8,,1,0,0,0,0,0,0,,,,
BASSTA,2009,2,22,23,3.9,,,,,,,,985.4,,2.3,,1,0,0,0,0,0,0,,,,
BASSTA,2009,2,23,0,4.1,,,,,,,,985.2,,1.6,,1,0,0,0,0,0,0,,,,
BASSTA,2009,2,23,1,4.4,,,,,,,,984.6,,2.5,,1,0,0,0,0,0,0,,,,
BASSTA,2009,2,23,2,4.4,,,,,,,,984.1,,4.7,,1,0,0,0,0,0,0,,,,
BASSTA,2009,2,23,3,4.2,,,,,,,,983.9,,4,,1,0,0,0,0,0,0,,,,
BASSTA,2009,2,23,4,4.2,,,,,,,,983.9,,3.2,,1,0,0,0,0,0,0,,,,
BASSTA,2009,2,23,5,4.1,,,,,,,,983.7,,2,,1,0,0,0,0,0,0,,,,
BASSTA,2009,2,23,6,4.1,,,,,,,,983.7,,1.8,,1,0,0,0,0,0,0,,,,
BASSTA,2009,2,23,7,4.3,,,,,,,,983.6,,2.6,,18,0,0,0,0,0,0,,,,
BASSTA,2009,2,23,8,3.6,,,,,,,,983.9,,2.6,,26,4.7,25.5,0,0,0,0,,,,
BASSTA,2009,2,23,9,3.9,,,,,,,,983.8,,1.6,,82,7.4,80.2,0,0,0,0,,,,
BASSTA,2009,2,23,10,4.4,,,,,,,,983.7,,2.9,,152,17.2,145.5,0,0,0,0,,,,
BASSTA,2009,2,23,11,4.8,,,,,,,,983.5,,3.3,,262,84.2,222,0,0,0,0,,,,
BASSTA,2009,2,23,12,5.5,,,,,,,,983.5,,3.2,,237,30,221.1,0,0,0,0,,,,
BASSTA,2009,2,23,13,5.8,,,,,,,,983.1,,3.5,,154,5.2,151.2,0,0,0,0,,,,
BASSTA,2009,2,23,14,6.1,,,,,,,,982.8,,3.7,,170,8.1,165.9,0,0,0,0,,,,
BASSTA,2009,2,23,15,5.8,,,,,,,,982.5,,3.7,,77,2.1,76.1,0,0,0,0,,,,
BASSTA,2009,2,23,16,5.3,,,,,,,,982.3,,3.5,,28,0.5,27.8,0,0,0,0,,,,
BASSTA,2009,2,23,17,4.5,,,,,,,,982.4,,3.3,,2,0,2,0,0,0,0,,,,
BASSTA,2009,2,23,18,4.2,,,,,,,,982.6,,3.7,,1,0,0,0,0,0,0,,,,
BASSTA,2009,2,23,19,3.9,,,,,,,,982.5,,3.2,,1,0,0,0,0,0,0,,,,
BASSTA,2009,2,23,20,3.9,,,,,,,,982.4,,3.7,,1,0,0,0,0,0,0,,,,
BASSTA,2009,2,23,21,4.1,,,,,,,,982.6,,3.6,,1,0,0,0,0,0,0,,,,
BASSTA,2009,2,23,22,4.4,,,,,,,,982.6,,3.6,,1,0,0,0,0,0,0,,,,
BASSTA,2009,2,23,23,4.4,,,,,,,,982.5,,3.2,,1,0,0,0,0,0,0,,,,
BASSTA,2009,2,24,0,4.2,,,,,,,,982.7,,1.9,,1,0,0,0,0,0,0,,,,
BASSTA,2009,2,24,1,3.5,,,,,,,,982.8,,1.5,,1,0,0,0,0,0,0,,,,
BASSTA,2009,2,24,2,3,,,,,,,,982.8,,2.1,,1,0,0,0,0,0,0,,,,
BASSTA,2009,2,24,3,3,,,,,,,,982.9,,1.7,,2,0,0,0,0,0,0,,,,
BASSTA,2009,2,24,4,3.3,,,,,,,,983.4,,1.1,,2,0,0,0,0,0,0,,,,
BASSTA,2009,2,24,5,3.2,,,,,,,,983.9,,1.9,,1,0,0,0,0,0,0,,,,
BASSTA,2009,2,24,6,2.9,,,,,,,,984.3,,2.2,,2,0,0,0,0,0,0,,,,
BASSTA,2009,2,24,7,3.1,,,,,,,,984.8,,1.4,,26,0,0,0,0,0,0,,,,
BASSTA,2009,2,24,8,3.7,,,,,,,,985.1,,2.3,,135,1105.1,22.3,0,0,0,0,,,,
BASSTA,2009,2,24,9,4.5,,,,,,,,985.5,,1.3,,188,291.7,113.3,0,0,0,0,,,,
BASSTA,2009,2,24,10,5.1,,,,,,,,986,,2.2,,236,136.5,183.4,0,0,0,0,,,,
BASSTA,2009,2,24,11,5.8,,,,,,,,986.2,,3.2,,281,110.7,227.8,0,0,0,0,,,,
BASSTA,2009,2,24,12,6.1,,,,,,,,986.3,,3.5,,225,22,213.2,0,0,0,0,,,,
BASSTA,2009,2,24,13,5.9,,,,,,,,986.4,,3.4,,161,5.6,157.9,0,0,0,0,,,,
BASSTA,2009,2,24,14,5.6,,,,,,,,986.8,,2.7,,141,4.9,138.5,0,0,0,0,,,,
BASSTA,2009,2,24,15,5.3,,,,,,,,987,,3.1,,94,3.1,92.7,0,0,0,0,,,,
BASSTA,2009,2,24,16,4.8,,,,,,,,987.3,,2.1,,31,0.6,30.8,0,0,0,0,,,,
BASSTA,2009,2,24,17,4.4,,,,,,,,987.9,,2,,4,0,4,0,0,0,0,,,,
BASSTA,2009,2,24,18,4,,,,,,,,988.4,,2,,2,0,0,0,0,0,0,,,,
BASSTA,2009,2,24,19,3.8,,,,,,,,988.5,,1.7,,2,0,0,0,0,0,0,,,,
BASSTA,2009,2,24,20,3.5,,,,,,,,988.8,,1.2,,1,0,0,0,0,0,0,,,,
BASSTA,2009,2,24,21,3.2,,,,,,,,989,,1.2,,2,0,0,0,0,0,0,,,,
BASSTA,2009,2,24,22,2.7,,,,,,,,989.3,,1.2,,2,0,0,0,0,0,0,,,,
BASSTA,2009,2,24,23,1.9,,,,,,,,989.6,,0.7,,1,0,0,0,0,0,0,,,,
BASSTA,2009,2,25,0,1.1,,,,,,,,989.9,,1.1,,1,0,0,0,0,0,0,,,,
BASSTA,2009,2,25,1,0.5,,,,,,,,990.1,,1.4,,1,0,0,0,0,0,0,,,,
BASSTA,2009,2,25,2,0.7,,,,,,,,989.9,,0.9,,2,0,0,0,0,0,0,,,,
BASSTA,2009,2,25,3,0.8,,,,,,,,989.9,,1,,2,0,0,0,0,0,0,,,,
BASSTA,2009,2,25,4,0.7,,,,,,,,990.1,,1.1,,1,0,0,0,0,0,0,,,,
BASSTA,2009,2,25,5,0.1,,,,,,,,990.5,,0.9,,2,0,0,0,0,0,0,,,,
BASSTA,2009,2,25,6,0.2,,,,,,,,990.8,,0.9,,5,0,0,0,0,0,0,,,,
BASSTA,2009,2,25,7,1.4,,,,,,,,991.2,,1.4,,38,0,0,0,0,0,0,,,,
BASSTA,2009,2,25,8,1.9,,,,,,,,991.7,,2.2,,99,636.1,30.8,0,0,0,0,,,,
BASSTA,2009,2,25,9,2.7,,,,,,,,992,,3.2,,184,246.9,119.5,0,0,0,0,,,,
BASSTA,2009,2,25,10,3.6,,,,,,,,992.2,,2.9,,334,502.5,137.6,0,0,0,0,,,,
BASSTA,2009,2,25,11,4.8,,,,,,,,992.2,,2.1,,510,858.7,92.5,0,0,0,0,,,,
BASSTA,2009,2,25,12,5.5,,,,,,,,991.8,,1.7,,531,748.8,126.2,0,0,0,0,,,,
BASSTA,2009,2,25,13,6.4,,,,,,,,991.4,,1.1,,500,607.4,165.6,0,0,0,0,,,,
BASSTA,2009,2,25,14,6.9,,,,,,,,991.1,,0.8,,373,276.3,230.7,0,0,0,0,,,,
BASSTA,2009,2,25,15,7.1,,,,,,,,991,,0.7,,258,116.1,207.3,0,0,0,0,,,,
BASSTA,2009,2,25,16,6.9,,,,,,,,990.9,,0.6,,97,5.9,95.1,0,0,0,0,,,,
BASSTA,2009,2,25,17,5.8,,,,,,,,991,,0.5,,6,0.1,6,0,0,0,0,,,,
BASSTA,2009,2,25,18,4.5,,,,,,,,991.3,,1.1,,1,0,0,0,0,0,0,,,,
BASSTA,2009,2,25,19,3.9,,,,,,,,991.1,,1.2,,1,0,0,0,0,0,0,,,,
BASSTA,2009,2,25,20,2.6,,,,,,,,991.4,,1.3,,1,0,0,0,0,0,0,,,,
BASSTA,2009,2,25,21,2.4,,,,,,,,991.3,,1.8,,1,0,0,0,0,0,0,,,,
BASSTA,2009,2,25,22,1.8,,,,,,,,991.2,,1.8,,1,0,0,0,0,0,0,,,,
BASSTA,2009,2,25,23,1.2,,,,,,,,991.2,,1.9,,1,0,0,0,0,0,0,,,,
BASSTA,2009,2,26,0,0.8,,,,,,,,990.8,,2,,1,0,0,0,0,0,0,,,,
BASSTA,2009,2,26,1,0.4,,,,,,,,990.2,,2.4,,1,0,0,0,0,0,0,,,,
BASSTA,2009,2,26,2,0.3,,,,,,,,989.9,,3.3,,1,0,0,0,0,0,0,,,,
BASSTA,2009,2,26,3,0.3,,,,,,,,989.8,,2.5,,2,0,0,0,0,0,0,,,,
BASSTA,2009,2,26,4,0.3,,,,,,,,989.7,,1.3,,3,0,0,0,0,0,0,,,,
BASSTA,2009,2,26,5,0.1,,,,,,,,989.2,,2.3,,3,0,0,0,0,0,0,,,,
BASSTA,2009,2,26,6,0.4,,,,,,,,988.9,,2.9,,5,0,0,0,0,0,0,,,,
BASSTA,2009,2,26,7,0.9,,,,,,,,988.9,,1.6,,32,0,0,0,0,0,0,,,,
BASSTA,2009,2,26,8,2.1,,,,,,,,988.9,,1,,125,927.3,20.6,0,0,0,0,,,,
BASSTA,2009,2,26,9,3.6,,,,,,,,988.7,,0.5,,194,280.8,119.1,0,0,0,0,,,,
BASSTA,2009,2,26,10,6.2,,,,,,,,988.4,,1,,435,916.3,71.7,0,0,0,0,,,,
BASSTA,2009,2,26,11,7.6,,,,,,,,988.3,,4.6,,387,378.9,200.7,0,0,0,0,,,,
BASSTA,2009,2,26,12,7.6,,,,,,,,987.8,,5.4,,312,99.9,257.5,0,0,0,0,,,,
BASSTA,2009,2,26,13,7.9,,,,,,,,987,,3.6,,221,16.7,211.7,0,0,0,0,,,,
BASSTA,2009,2,26,14,7.8,,,,,,,,986.7,,3.6,,127,3.8,125,0,0,0,0,,,,
BASSTA,2009,2,26,15,7.4,,,,,,,,986.5,,3.1,,68,1.5,67.3,0,0,0,0,,,,
BASSTA,2009,2,26,16,6.9,,,,,,,,986.3,,3.3,,26,0.4,25.9,0,0,0,0,,,,
BASSTA,2009,2,26,17,6.3,,,,,,,,986.2,,2.8,,4,0,4,0,0,0,0,,,,
BASSTA,2009,2,26,18,5.9,,,,,,,,986.1,,2.3,,3,0,0,0,0,0,0,,,,
BASSTA,2009,2,26,19,5.6,,,,,,,,986.1,,2.2,,2,0,0,0,0,0,0,,,,
BASSTA,2009,2,26,20,5.4,,,,,,,,985.9,,2.3,,3,0,0,0,0,0,0,,,,
BASSTA,2009,2,26,21,5.1,,,,,,,,985.7,,2,,2,0,0,0,0,0,0,,,,
BASSTA,2009,2,26,22,5,,,,,,,,985.4,,1.9,,3,0,0,0,0,0,0,,,,
BASSTA,2009,2,26,23,5.1,,,,,,,,985.6,,1.3,,3,0,0,0,0,0,0,,,,
BASSTA,2009,2,27,0,5.3,,,,,,,,985.5,,2.8,,3,0,0,0,0,0,0,,,,
BASSTA,2009,2,27,1,5.3,,,,,,,,985,,3.3,,3,0,0,0,0,0,0,,,,
BASSTA,2009,2,27,2,5.4,,,,,,,,984.8,,3.5,,3,0,0,0,0,0,0,,,,
BASSTA,2009,2,27,3,5.5,,,,,,,,984.8,,4.1,,2,0,0,0,0,0,0,,,,
BASSTA,2009,2,27,4,5.3,,,,,,,,984.8,,4.5,,1,0,0,0,0,0,0,,,,
BASSTA,2009,2,27,5,5.3,,,,,,,,985.1,,4.8,,2,0,0,0,0,0,0,,,,
BASSTA,2009,2,27,6,5.4,,,,,,,,985.5,,4.9,,2,0,0,0,0,0,0,,,,
BASSTA,2009,2,27,7,5.5,,,,,,,,985.9,,3.9,,24,0,0,0,0,0,0,,,,
BASSTA,2009,2,27,8,5.9,,,,,,,,986,,2.9,,81,223.7,54.6,0,0,0,0,,,,
BASSTA,2009,2,27,9,6.8,,,,,,,,986,,1.9,,208,339.3,115.6,0,0,0,0,,,,
BASSTA,2009,2,27,10,7.9,,,,,,,,986,,2.4,,352,544.3,133.1,0,0,0,0,,,,
BASSTA,2009,2,27,11,8.2,,,,,,,,985.7,,2.5,,256,60.9,225.7,0,0,0,0,,,,
BASSTA,2009,2,27,12,8.6,,,,,,,,984.9,,1.3,,355,170.4,261,0,0,0,0,,,,
BASSTA,2009,2,27,13,9.9,,,,,,,,984.4,,1.3,,439,371,230.8,0,0,0,0,,,,
BASSTA,2009,2,27,14,10.6,,,,,,,,984,,1.5,,410,367.5,216.8,0,0,0,0,,,,
BASSTA,2009,2,27,15,10.6,,,,,,,,983.9,,1.1,,226,55.8,201,0,0,0,0,,,,
BASSTA,2009,2,27,16,9.8,,,,,,,,984,,1.4,,60,2.1,59.3,0,0,0,0,,,,
BASSTA,2009,2,27,17,8.8,,,,,,,,984.3,,1,,8,0.1,8,0,0,0,0,,,,
BASSTA,2009,2,27,18,7.5,,,,,,,,984.6,,0.7,,1,0,0,0,0,0,0,,,,
BASSTA,2009,2,27,19,5.7,,,,,,,,984.5,,1.5,,1,0,0,0,0,0,0,,,,
BASSTA,2009,2,27,20,4.6,,,,,,,,984.4,,0.8,,1,0,0,0,0,0,0,,,,
BASSTA,2009,2,27,21,4.5,,,,,,,,984.3,,1.6,,1,0,0,0,0,0,0,,,,
BASSTA,2009,2,27,22,4,,,,,,,,983.8,,1.8,,1,0,0,0,0,0,0,,,,
BASSTA,2009,2,27,23,3.4,,,,,,,,983.5,,1.7,,1,0,0,0,0,0,0,,,,
BASSTA,2009,2,28,0,3,,,,,,,,983.3,,2.3,,1,0,0,0,0,0,0,,,,
BASSTA,2009,2,28,1,2.6,,,,,,,,983,,2.4,,1,0,0,0,0,0,0,,,,
BASSTA,2009,2,28,2,2.1,,,,,,,,982.5,,2.5,,1,0,0,0,0,0,0,,,,
BASSTA,2009,2,28,3,1.7,,,,,,,,982,,3.2,,2,0,0,0,0,0,0,,,,
BASSTA,2009,2,28,4,1.5,,,,,,,,981.5,,3.1,,2,0,0,0,0,0,0,,,,
BASSTA,2009,2,28,5,1.3,,,,,,,,981.5,,2.2,,3,0,0,0,0,0,0,,,,
BASSTA,2009,2,28,6,1.1,,,,,,,,981.3,,2.1,,9,0,0,0,0,0,0,,,,
BASSTA,2009,2,28,7,1.6,,,,,,,,981.1,,2.1,,91,0,0,0,0,0,0,,,,
BASSTA,2009,2,28,8,3.3,,,,,,,,980.6,,2,,236,1596.8,38.9,0,0,0,0,,,,
BASSTA,2009,2,28,9,5.5,,,,,,,,980.1,,0.9,,381,1144.3,62.9,0,0,0,0,,,,
BASSTA,2009,2,28,10,8.9,,,,,,,,979.7,,1.4,,479,981,79,0,0,0,0,,,,
BASSTA,2009,2,28,11,11.1,,,,,,,,979.1,,2.3,,538,886.9,91.9,0,0,0,0,,,,
BASSTA,2009,2,28,12,12.5,,,,,,,,978,,2.4,,543,736.4,132.7,0,0,0,0,,,,
BASSTA,2009,2,28,13,13.1,,,,,,,,977.2,,2.1,,497,548,186.5,0,0,0,0,,,,
BASSTA,2009,2,28,14,13.2,,,,,,,,976.5,,1.7,,407,345.4,223.7,0,0,0,0,,,,
BASSTA,2009,2,28,15,13.5,,,,,,,,976.3,,0.7,,269,120.9,214.3,0,0,0,0,,,,
BASSTA,2009,2,28,16,13.3,,,,,,,,975.9,,1.2,,130,14.8,125,0,0,0,0,,,,
BASSTA,2009,2,28,17,11.9,,,,,,,,975.8,,2.1,,12,0.3,12,0,0,0,0,,,,
BASSTA,2009,2,28,18,10.7,,,,,,,,975.6,,2.3,,2,0,0,0,0,0,0,,,,
BASSTA,2009,2,28,19,9.2,,,,,,,,975.4,,2.5,,2,0,0,0,0,0,0,,,,
BASSTA,2009,2,28,20,8.1,,,,,,,,975.3,,1.8,,2,0,0,0,0,0,0,,,,
BASSTA,2009,2,28,21,7.1,,,,,,,,975,,1.7,,2,0,0,0,0,0,0,,,,
BASSTA,2009,2,28,22,6.1,,,,,,,,975.2,,1.8,,2,0,0,0,0,0,0,,,,
BASSTA,2009,2,28,23,5.4,,,,,,,,975.2,,2,,2,0,0,0,0,0,0,,,,
BASSTA,2009,3,1,0,4.7,,,,,,,,975.3,,2.5,,2,0,0,0,0,0,0,,,,
BASSTA,2009,3,1,1,4.1,,,,,,,,975.3,,2.4,,2,0,0,0,0,0,0,,,,
BASSTA,2009,3,1,2,3.9,,,,,,,,974.8,,2.8,,2,0,0,0,0,0,0,,,,
BASSTA,2009,3,1,3,3.5,,,,,,,,974.6,,2.7,,2,0,0,0,0,0,0,,,,
BASSTA,2009,3,1,4,2.9,,,,,,,,974.8,,2.6,,2,0,0,0,0,0,0,,,,
BASSTA,2009,3,1,5,2.7,,,,,,,,975,,2.3,,2,0,0,0,0,0,0,,,,
BASSTA,2009,3,1,6,2.4,,,,,,,,975.2,,1.8,,9,0,0,0,0,0,0,,,,
BASSTA,2009,3,1,7,3,,,,,,,,975.5,,3.7,,87,0,0,0,0,0,0,,,,
BASSTA,2009,3,1,8,3.9,,,,,,,,975.7,,3.2,,160,1036.5,26.4,0,0,0,0,,,,
BASSTA,2009,3,1,9,5,,,,,,,,975.8,,2.2,,172,131.7,134.6,0,0,0,0,,,,
BASSTA,2009,3,1,10,6.1,,,,,,,,975.8,,2.1,,167,18.2,159.5,0,0,0,0,,,,
BASSTA,2009,3,1,11,7.6,,,,,,,,975.8,,1.9,,219,25.1,206.3,0,0,0,0,,,,
BASSTA,2009,3,1,12,9.2,,,,,,,,975.3,,1.9,,224,16.9,214.5,0,0,0,0,,,,
BASSTA,2009,3,1,13,11.1,,,,,,,,975,,1.5,,307,74.8,264.2,0,0,0,0,,,,
BASSTA,2009,3,1,14,11.6,,,,,,,,974.9,,0.6,,172,7,168.3,0,0,0,0,,,,
BASSTA,2009,3,1,15,11.6,,,,,,,,974.9,,0.8,,75,1.7,74.2,0,0,0,0,,,,
BASSTA,2009,3,1,16,10.8,,,,,,,,975,,2.8,,35,0.7,34.8,0,0,0,0,,,,
BASSTA,2009,3,1,17,9.7,,,,,,,,975.2,,0.6,,8,0.1,8,0,0,0,0,,,,
BASSTA,2009,3,1,18,8.7,,,,,,,,975.5,,1.2,,2,0,0,0,0,0,0,,,,
BASSTA,2009,3,1,19,8.5,,,,,,,,975.6,,2.4,,2,0,0,0,0,0,0,,,,
BASSTA,2009,3,1,20,8.6,,,,,,,,975.7,,2.3,,3,0,0,0,0,0,0,,,,
BASSTA,2009,3,1,21,8.1,,,,,,,,975.8,,1.8,,2,0,0,0,0,0,0,,,,
BASSTA,2009,3,1,22,7.3,,,,,,,,975.8,,2.5,,2,0,0,0,0,0,0,,,,
BASSTA,2009,3,1,23,6.9,,,,,,,,975.8,,3.2,,2,0,0,0,0,0,0,,,,
BASSTA,2009,3,2,0,6.8,,,,,,,,975.9,,3,,3,0,0,0,0,0,0,,,,
BASSTA,2009,3,2,1,6.7,,,,,,,,975.9,,3.3,,3,0,0,0,0,0,0,,,,
BASSTA,2009,3,2,2,6.6,,,,,,,,975.8,,2.3,,2,0,0,0,0,0,0,,,,
BASSTA,2009,3,2,3,6.5,,,,,,,,975.9,,2.3,,2,0,0,0,0,0,0,,,,
BASSTA,2009,3,2,4,6.4,,,,,,,,976.1,,2.1,,1,0,0,0,0,0,0,,,,
BASSTA,2009,3,2,5,6.4,,,,,,,,976.2,,1.9,,1,0,0,0,0,0,0,,,,
BASSTA,2009,3,2,6,6.5,,,,,,,,976.4,,1.9,,2,0,0,0,0,0,0,,,,
BASSTA,2009,3,2,7,6.7,,,,,,,,976.9,,1.1,,15,0,0,0,0,0,0,,,,
BASSTA,2009,3,2,8,7.3,,,,,,,,977.3,,1,,39,5.4,38.3,0,0,0,0,,,,
BASSTA,2009,3,2,9,7.7,,,,,,,,977.8,,1.8,,42,1.4,41.6,0,0,0,0,,,,
BASSTA,2009,3,2,10,8.1,,,,,,,,978.3,,1.8,,57,1.2,56.5,0,0,0,0,,,,
BASSTA,2009,3,2,11,8,,,,,,,,978.7,,2.4,,46,0.5,45.7,0,0,0,0,,,,
BASSTA,2009,3,2,12,7.8,,,,,,,,978.9,,2.4,,70,1,69.4,0,0,0,0,,,,
BASSTA,2009,3,2,13,7.6,,,,,,,,979,,1.8,,73,1,72.4,0,0,0,0,,,,
BASSTA,2009,3,2,14,7.4,,,,,,,,979.2,,2,,55,0.7,54.6,0,0,0,0,,,,
BASSTA,2009,3,2,15,7.2,,,,,,,,979.4,,2.1,,36,0.4,35.8,0,0,0,0,,,,
BASSTA,2009,3,2,16,7,,,,,,,,979.6,,3.1,,15,0.1,15,0,0,0,0,,,,
BASSTA,2009,3,2,17,6.8,,,,,,,,979.9,,2.8,,3,0,3,0,0,0,0,,,,
BASSTA,2009,3,2,18,6.5,,,,,,,,980.4,,2.5,,1,0,0,0,0,0,0,,,,
BASSTA,2009,3,2,19,6.4,,,,,,,,980.6,,1.2,,1,0,0,0,0,0,0,,,,
BASSTA,2009,3,2,20,6.3,,,,,,,,981,,0.5,,2,0,0,0,0,0,0,,,,
BASSTA,2009,3,2,21,6,,,,,,,,981.3,,1,,2,0,0,0,0,0,0,,,,
BASSTA,2009,3,2,22,5.8,,,,,,,,981.4,,2.9,,1,0,0,0,0,0,0,,,,
BASSTA,2009,3,2,23,5.6,,,,,,,,981.5,,1.7,,2,0,0,0,0,0,0,,,,
BASSTA,2009,3,3,0,5.6,,,,,,,,981.6,,0.8,,2,0,0,0,0,0,0,,,,
BASSTA,2009,3,3,1,5.6,,,,,,,,981.4,,1.3,,2,0,0,0,0,0,0,,,,
BASSTA,2009,3,3,2,5.6,,,,,,,,981.2,,1.2,,2,0,0,0,0,0,0,,,,
BASSTA,2009,3,3,3,5.5,,,,,,,,981,,1.4,,0,0,0,0,0,0,0,,,,
BASSTA,2009,3,3,4,5.3,,,,,,,,980.8,,1.5,,0,0,0,0,0,0,0,,,,
BASSTA,2009,3,3,5,5.3,,,,,,,,980.7,,1,,0,0,0,0,0,0,0,,,,
BASSTA,2009,3,3,6,5.3,,,,,,,,980.6,,1,,2,0,0,0,0,0,0,,,,
BASSTA,2009,3,3,7,5.3,,,,,,,,980.4,,2.4,,24,0,0,0,0,0,0,,,,
BASSTA,2009,3,3,8,5.5,,,,,,,,980.2,,1.1,,61,26.7,57.3,0,0,0,0,,,,
BASSTA,2009,3,3,9,5.7,,,,,,,,979.9,,1,,97,7.5,94.8,0,0,0,0,,,,
BASSTA,2009,3,3,10,5.9,,,,,,,,979.6,,1.2,,72,1.9,71.2,0,0,0,0,,,,
BASSTA,2009,3,3,11,6.3,,,,,,,,979.2,,1.7,,99,2.3,97.8,0,0,0,0,,,,
BASSTA,2009,3,3,12,6.6,,,,,,,,978.3,,1,,196,8.6,191.1,0,0,0,0,,,,
BASSTA,2009,3,3,13,6.8,,,,,,,,977.5,,0.8,,198,8.4,193.1,0,0,0,0,,,,
BASSTA,2009,3,3,14,7.4,,,,,,,,976.9,,0.7,,296,78.6,253.1,0,0,0,0,,,,
BASSTA,2009,3,3,15,7.4,,,,,,,,976.1,,0.7,,132,5.2,129.6,0,0,0,0,,,,
BASSTA,2009,3,3,16,7,,,,,,,,975.4,,1.5,,73,2.8,72,0,0,0,0,,,,
BASSTA,2009,3,3,17,6.4,,,,,,,,974.7,,1.9,,11,0.2,11,0,0,0,0,,,,
BASSTA,2009,3,3,18,5.9,,,,,,,,974.1,,2.6,,0,0,0,0,0,0,0,,,,
BASSTA,2009,3,3,19,5.3,,,,,,,,973.3,,2.7,,0,0,0,0,0,0,0,,,,
BASSTA,2009,3,3,20,4.6,,,,,,,,972.5,,2.4,,0,0,0,0,0,0,0,,,,
BASSTA,2009,3,3,21,4.3,,,,,,,,971.6,,3.5,,0,0,0,0,0,0,0,,,,
BASSTA,2009,3,3,22,3.6,,,,,,,,970.8,,3.1,,0,0,0,0,0,0,0,,,,
BASSTA,2009,3,3,23,3.2,,,,,,,,969.9,,3.3,,0,0,0,0,0,0,0,,,,
BASSTA,2009,3,4,0,3,,,,,,,,969.1,,3.3,,0,0,0,0,0,0,0,,,,
BASSTA,2009,3,4,1,2.8,,,,,,,,967.7,,3.8,,0,0,0,0,0,0,0,,,,
BASSTA,2009,3,4,2,3,,,,,,,,966,,3.6,,0,0,0,0,0,0,0,,,,
BASSTA,2009,3,4,3,2.9,,,,,,,,964.7,,4.6,,2,0,0,0,0,0,0,,,,
BASSTA,2009,3,4,4,2.7,,,,,,,,963.9,,4.3,,2,0,0,0,0,0,0,,,,
BASSTA,2009,3,4,5,2.5,,,,,,,,962.9,,5.4,,2,0,0,0,0,0,0,,,,
BASSTA,2009,3,4,6,2.5,,,,,,,,961.9,,5.1,,13,0,0,0,0,0,0,,,,
BASSTA,2009,3,4,7,3,,,,,,,,960.9,,6.1,,119,0,0,0,0,0,0,,,,
BASSTA,2009,3,4,8,4.1,,,,,,,,959.6,,6.5,,226,1295.9,37.3,0,0,0,0,,,,
BASSTA,2009,3,4,9,5,,,,,,,,958.4,,6.5,,284,682,78.9,0,0,0,0,,,,
BASSTA,2009,3,4,10,6.7,,,,,,,,957.2,,6.3,,448,849.3,82.5,0,0,0,0,,,,
BASSTA,2009,3,4,11,8.3,,,,,,,,956,,4.7,,368,244.3,239.6,0,0,0,0,,,,
BASSTA,2009,3,4,12,9,,,,,,,,954.8,,3.7,,272,39,249.4,0,0,0,0,,,,
BASSTA,2009,3,4,13,9.3,,,,,,,,953.7,,4.4,,184,6.5,180.2,0,0,0,0,,,,
BASSTA,2009,3,4,14,9.2,,,,,,,,952.9,,3.1,,98,2,96.9,0,0,0,0,,,,
BASSTA,2009,3,4,15,9.1,,,,,,,,952.4,,1.6,,82,2,81.1,0,0,0,0,,,,
BASSTA,2009,3,4,16,8.8,,,,,,,,951.9,,1.4,,49,1.2,48.6,0,0,0,0,,,,
BASSTA,2009,3,4,17,8.1,,,,,,,,951.4,,1.8,,6,0.1,6,0,0,0,0,,,,
BASSTA,2009,3,4,18,7.5,,,,,,,,951.2,,2.7,,2,0,0,0,0,0,0,,,,
BASSTA,2009,3,4,19,7,,,,,,,,950.7,,3.1,,3,0,0,0,0,0,0,,,,
BASSTA,2009,3,4,20,6.2,,,,,,,,950.4,,2,,3,0,0,0,0,0,0,,,,
BASSTA,2009,3,4,21,5.8,,,,,,,,950.4,,0.4,,3,0,0,0,0,0,0,,,,
BASSTA,2009,3,4,22,5.9,,,,,,,,950.3,,2.3,,3,0,0,0,0,0,0,,,,
BASSTA,2009,3,4,23,5.6,,,,,,,,950.1,,1.8,,3,0,0,0,0,0,0,,,,
BASSTA,2009,3,5,0,4.7,,,,,,,,950.2,,2.7,,2,0,0,0,0,0,0,,,,
BASSTA,2009,3,5,1,3.9,,,,,,,,950.1,,2.2,,2,0,0,0,0,0,0,,,,
BASSTA,2009,3,5,2,3.3,,,,,,,,949.9,,2.1,,3,0,0,0,0,0,0,,,,
BASSTA,2009,3,5,3,2.9,,,,,,,,949.7,,3.5,,2,0,0,0,0,0,0,,,,
BASSTA,2009,3,5,4,2.9,,,,,,,,949.9,,3.3,,2,0,0,0,0,0,0,,,,
BASSTA,2009,3,5,5,2.9,,,,,,,,949.9,,2.3,,2,0,0,0,0,0,0,,,,
BASSTA,2009,3,5,6,3,,,,,,,,949.9,,2.1,,4,0,0,0,0,0,0,,,,
BASSTA,2009,3,5,7,3,,,,,,,,950,,1.9,,34,0,0,0,0,0,0,,,,
BASSTA,2009,3,5,8,3.1,,,,,,,,950.2,,2.3,,69,33.8,63.9,0,0,0,0,,,,
BASSTA,2009,3,5,9,3.2,,,,,,,,950,,2.9,,91,5.7,89.2,0,0,0,0,,,,
BASSTA,2009,3,5,10,3.4,,,,,,,,950.1,,3.5,,75,1.9,74.2,0,0,0,0,,,,
BASSTA,2009,3,5,11,3.9,,,,,,,,950.2,,2.7,,123,3.5,121.2,0,0,0,0,,,,
BASSTA,2009,3,5,12,4.3,,,,,,,,949.8,,2.7,,216,12,209,0,0,0,0,,,,
BASSTA,2009,3,5,13,4.3,,,,,,,,949.6,,2.2,,75,1,74.4,0,0,0,0,,,,
BASSTA,2009,3,5,14,3.9,,,,,,,,949.6,,2.9,,49,0.5,48.7,0,0,0,0,,,,
BASSTA,2009,3,5,15,3.9,,,,,,,,949.8,,2.1,,37,0.4,36.8,0,0,0,0,,,,
BASSTA,2009,3,5,16,3.6,,,,,,,,950.4,,3.3,,18,0.2,17.9,0,0,0,0,,,,
BASSTA,2009,3,5,17,2.9,,,,,,,,951,,2.5,,2,0,2,0,0,0,0,,,,
BASSTA,2009,3,5,18,2.4,,,,,,,,951.9,,1.7,,2,0,0,0,0,0,0,,,,
BASSTA,2009,3,5,19,2.5,,,,,,,,952.5,,1.8,,2,0,0,0,0,0,0,,,,
BASSTA,2009,3,5,20,2.3,,,,,,,,952.8,,4.2,,2,0,0,0,0,0,0,,,,
BASSTA,2009,3,5,21,2.1,,,,,,,,953,,4.2,,1,0,0,0,0,0,0,,,,
BASSTA,2009,3,5,22,2.3,,,,,,,,953.4,,4.6,,2,0,0,0,0,0,0,,,,
BASSTA,2009,3,5,23,2.2,,,,,,,,953.8,,4.3,,2,0,0,0,0,0,0,,,,
BASSTA,2009,3,6,0,2.1,,,,,,,,954.5,,4.1,,2,0,0,0,0,0,0,,,,
BASSTA,2009,3,6,1,1.8,,,,,,,,954.9,,4.1,,2,0,0,0,0,0,0,,,,
BASSTA,2009,3,6,2,1.9,,,,,,,,955.3,,4.2,,2,0,0,0,0,0,0,,,,
BASSTA,2009,3,6,3,2.1,,,,,,,,955.8,,4.8,,1,0,0,0,0,0,0,,,,
BASSTA,2009,3,6,4,1.9,,,,,,,,956.5,,4.3,,2,0,0,0,0,0,0,,,,
BASSTA,2009,3,6,5,1.6,,,,,,,,957.4,,3.8,,2,0,0,0,0,0,0,,,,
BASSTA,2009,3,6,6,1.5,,,,,,,,958.3,,3.7,,5,0,0,0,0,0,0,,,,
BASSTA,2009,3,6,7,1.8,,,,,,,,959.4,,4.5,,25,0,0,0,0,0,0,,,,
BASSTA,2009,3,6,8,1.9,,,,,,,,960.4,,4.3,,66,22.4,62.5,0,0,0,0,,,,
BASSTA,2009,3,6,9,2.2,,,,,,,,961.3,,4.9,,108,9.1,105.2,0,0,0,0,,,,
BASSTA,2009,3,6,10,2.5,,,,,,,,962,,5,,147,7.9,143.5,0,0,0,0,,,,
BASSTA,2009,3,6,11,2.9,,,,,,,,962.6,,5.5,,147,4.9,144.4,0,0,0,0,,,,
BASSTA,2009,3,6,12,2.9,,,,,,,,963,,5.4,,133,3.3,131.1,0,0,0,0,,,,
BASSTA,2009,3,6,13,2.9,,,,,,,,963.5,,5.5,,97,1.7,96,0,0,0,0,,,,
BASSTA,2009,3,6,14,2.8,,,,,,,,964.2,,5.6,,70,1,69.4,0,0,0,0,,,,
BASSTA,2009,3,6,15,2.7,,,,,,,,965,,5.8,,44,0.5,43.7,0,0,0,0,,,,
BASSTA,2009,3,6,16,2.6,,,,,,,,966,,5.4,,17,0.1,16.9,0,0,0,0,,,,
BASSTA,2009,3,6,17,2.5,,,,,,,,967.2,,4.9,,3,0,3,0,0,0,0,,,,
BASSTA,2009,3,6,18,2.4,,,,,,,,968.4,,4.7,,2,0.1,2,0,0,0,0,,,,
BASSTA,2009,3,6,19,2.4,,,,,,,,969.4,,3.8,,2,0,0,0,0,0,0,,,,
BASSTA,2009,3,6,20,2.5,,,,,,,,970.3,,3.4,,1,0,0,0,0,0,0,,,,
BASSTA,2009,3,6,21,2.5,,,,,,,,970.9,,3,,2,0,0,0,0,0,0,,,,
BASSTA,2009,3,6,22,2.5,,,,,,,,971.3,,3.3,,2,0,0,0,0,0,0,,,,
BASSTA,2009,3,6,23,2.6,,,,,,,,971.7,,3.3,,1,0,0,0,0,0,0,,,,
BASSTA,2009,3,7,0,2.7,,,,,,,,972.3,,3.4,,2,0,0,0,0,0,0,,,,
BASSTA,2009,3,7,1,2.6,,,,,,,,972.8,,3,,2,0,0,0,0,0,0,,,,
BASSTA,2009,3,7,2,2.4,,,,,,,,973.1,,2.9,,2,0,0,0,0,0,0,,,,
BASSTA,2009,3,7,3,1.9,,,,,,,,973.5,,3.5,,1,0,0,0,0,0,0,,,,
BASSTA,2009,3,7,4,1.5,,,,,,,,974,,3.6,,1,0,0,0,0,0,0,,,,
BASSTA,2009,3,7,5,1.4,,,,,,,,974.6,,2.9,,2,0,0,0,0,0,0,,,,
BASSTA,2009,3,7,6,1.6,,,,,,,,975.7,,3,,20,0,0,0,0,0,0,,,,
BASSTA,2009,3,7,7,2,,,,,,,,976.5,,1.9,,120,0,0,0,0,0,0,,,,
BASSTA,2009,3,7,8,3,,,,,,,,977.3,,2.1,,274,1406.2,45.2,0,0,0,0,,,,
BASSTA,2009,3,7,9,4.4,,,,,,,,977.9,,1.6,,428,1123.9,70.6,0,0,0,0,,,,
BASSTA,2009,3,7,10,5.2,,,,,,,,978.2,,1.1,,460,830.5,88.2,0,0,0,0,,,,
BASSTA,2009,3,7,11,5.8,,,,,,,,978.3,,1.5,,533,754.7,123.6,0,0,0,0,,,,
BASSTA,2009,3,7,12,6.4,,,,,,,,978.3,,1.6,,524,556.7,192.3,0,0,0,0,,,,
BASSTA,2009,3,7,13,6.9,,,,,,,,978.4,,3.4,,507,478.8,217.7,0,0,0,0,,,,
BASSTA,2009,3,7,14,6.4,,,,,,,,978.3,,3,,184,7.2,179.9,0,0,0,0,,,,
BASSTA,2009,3,7,15,6.6,,,,,,,,978.6,,3.1,,211,26.2,198.2,0,0,0,0,,,,
BASSTA,2009,3,7,16,6.1,,,,,,,,979,,3.3,,79,3,77.9,0,0,0,0,,,,
BASSTA,2009,3,7,17,5.2,,,,,,,,979.5,,3.1,,14,0.3,13.9,0,0,0,0,,,,
BASSTA,2009,3,7,18,4.2,,,,,,,,980.1,,3.4,,1,0,1,0,0,0,0,,,,
BASSTA,2009,3,7,19,3.3,,,,,,,,980.5,,3.3,,1,0,0,0,0,0,0,,,,
BASSTA,2009,3,7,20,2.7,,,,,,,,980.6,,1.8,,1,0,0,0,0,0,0,,,,
BASSTA,2009,3,7,21,1.9,,,,,,,,980.9,,1.9,,1,0,0,0,0,0,0,,,,
BASSTA,2009,3,7,22,1.2,,,,,,,,980.8,,1.8,,1,0,0,0,0,0,0,,,,
BASSTA,2009,3,7,23,1,,,,,,,,980.6,,2,,1,0,0,0,0,0,0,,,,
BASSTA,2009,3,8,0,0.6,,,,,,,,980,,1.6,,1,0,0,0,0,0,0,,,,
BASSTA,2009,3,8,1,0.1,,,,,,,,979.4,,3.4,,1,0,0,0,0,0,0,,,,
BASSTA,2009,3,8,2,0.2,,,,,,,,979.1,,3.9,,2,0,0,0,0,0,0,,,,
BASSTA,2009,3,8,3,0.3,,,,,,,,978.6,,2.8,,2,0,0,0,0,0,0,,,,
BASSTA,2009,3,8,4,0.3,,,,,,,,978.8,,3.7,,2,0,0,0,0,0,0,,,,
BASSTA,2009,3,8,5,0.3,,,,,,,,978.1,,4,,2,0,0,0,0,0,0,,,,
BASSTA,2009,3,8,6,0.6,,,,,,,,978.2,,3,,13,0,0,0,0,0,0,,,,
BASSTA,2009,3,8,7,1.1,,,,,,,,978.2,,3,,50,0,0,0,0,0,0,,,,
BASSTA,2009,3,8,8,2.5,,,,,,,,977.9,,2.8,,198,981.5,32.7,0,0,0,0,,,,
BASSTA,2009,3,8,9,4.5,,,,,,,,977.7,,2.9,,256,390.5,129.6,0,0,0,0,,,,
BASSTA,2009,3,8,10,5.9,,,,,,,,977.5,,2.6,,228,55.3,202.9,0,0,0,0,,,,
BASSTA,2009,3,8,11,6.4,,,,,,,,976.9,,2.4,,186,8.5,181.4,0,0,0,0,,,,
BASSTA,2009,3,8,12,8.7,,,,,,,,975.6,,3.3,,205,8.6,199.8,0,0,0,0,,,,
BASSTA,2009,3,8,13,10.3,,,,,,,,975,,6.1,,274,31.6,254.8,0,0,0,0,,,,
BASSTA,2009,3,8,14,10.2,,,,,,,,974.3,,6.6,,275,44.2,249.7,0,0,0,0,,,,
BASSTA,2009,3,8,15,10,,,,,,,,973.9,,6.8,,184,12.8,177.7,0,0,0,0,,,,
BASSTA,2009,3,8,16,9.6,,,,,,,,973.6,,5.1,,53,1.3,52.5,0,0,0,0,,,,
BASSTA,2009,3,8,17,9.1,,,,,,,,973.7,,3.5,,3,0,3,0,0,0,0,,,,
BASSTA,2009,3,8,18,8.3,,,,,,,,973.5,,4.1,,1,0,1,0,0,0,0,,,,
BASSTA,2009,3,8,19,8.2,,,,,,,,973,,3.4,,1,0,0,0,0,0,0,,,,
BASSTA,2009,3,8,20,8.5,,,,,,,,972.2,,3.8,,1,0,0,0,0,0,0,,,,
BASSTA,2009,3,8,21,8.4,,,,,,,,971.8,,5.4,,1,0,0,0,0,0,0,,,,
BASSTA,2009,3,8,22,8,,,,,,,,972.2,,6.7,,1,0,0,0,0,0,0,,,,
BASSTA,2009,3,8,23,7.1,,,,,,,,972.8,,5.2,,1,0,0,0,0,0,0,,,,
BASSTA,2009,3,9,0,6.6,,,,,,,,972.9,,4.9,,1,0,0,0,0,0,0,,,,
BASSTA,2009,3,9,1,4.5,,,,,,,,973.4,,8.3,,1,0,0,0,0,0,0,,,,
BASSTA,2009,3,9,2,2.8,,,,,,,,975,,7,,2,0,0,0,0,0,0,,,,
BASSTA,2009,3,9,3,3.3,,,,,,,,975.5,,5.6,,2,0,0,0,0,0,0,,,,
BASSTA,2009,3,9,4,3.2,,,,,,,,976,,5,,2,0,0,0,0,0,0,,,,
BASSTA,2009,3,9,5,3.4,,,,,,,,975.9,,8.5,,2,0,0,0,0,0,0,,,,
BASSTA,2009,3,9,6,3.3,,,,,,,,977.2,,5,,9,0,0,0,0,0,0,,,,
BASSTA,2009,3,9,7,3.4,,,,,,,,978,,3.1,,39,0,0,0,0,0,0,,,,
BASSTA,2009,3,9,8,4.1,,,,,,,,978.8,,2.4,,67,14.6,64.5,0,0,0,0,,,,
BASSTA,2009,3,9,9,4.8,,,,,,,,979.4,,4.6,,178,78.3,152.2,0,0,0,0,,,,
BASSTA,2009,3,9,10,5.4,,,,,,,,979.6,,5.3,,184,17.8,175.8,0,0,0,0,,,,
BASSTA,2009,3,9,11,6.4,,,,,,,,979.6,,5,,336,134,261.8,0,0,0,0,,,,
BASSTA,2009,3,9,12,7.2,,,,,,,,979.4,,6.2,,381,155.7,286.5,0,0,0,0,,,,
BASSTA,2009,3,9,13,6.8,,,,,,,,979.2,,6.3,,197,7,192.7,0,0,0,0,,,,
BASSTA,2009,3,9,14,2.9,,,,,,,,980.6,,4,,65,0.8,64.5,0,0,0,0,,,,
BASSTA,2009,3,9,15,3.8,,,,,,,,980.9,,3.7,,165,7.9,161.1,0,0,0,0,,,,
BASSTA,2009,3,9,16,3.5,,,,,,,,981.3,,4,,82,3,80.8,0,0,0,0,,,,
BASSTA,2009,3,9,17,3.7,,,,,,,,981.5,,2.6,,22,0.6,21.9,0,0,0,0,,,,
BASSTA,2009,3,9,18,3.6,,,,,,,,981.9,,2.8,,1,0,1,0,0,0,0,,,,
BASSTA,2009,3,9,19,3.8,,,,,,,,982.2,,3.5,,2,0,0,0,0,0,0,,,,
BASSTA,2009,3,9,20,4.2,,,,,,,,982.4,,3.4,,2,0,0,0,0,0,0,,,,
BASSTA,2009,3,9,21,4.4,,,,,,,,983,,4.7,,2,0,0,0,0,0,0,,,,
BASSTA,2009,3,9,22,3.7,,,,,,,,983.1,,4.8,,2,0,0,0,0,0,0,,,,
BASSTA,2009,3,9,23,4.2,,,,,,,,983.1,,4.8,,2,0,0,0,0,0,0,,,,
BASSTA,2009,3,10,0,4.5,,,,,,,,983.3,,4.4,,2,0,0,0,0,0,0,,,,
BASSTA,2009,3,10,1,4.5,,,,,,,,983.4,,3.7,,3,0,0,0,0,0,0,,,,
BASSTA,2009,3,10,2,3.8,,,,,,,,983,,5.7,,2,0,0,0,0,0,0,,,,
BASSTA,2009,3,10,3,2.9,,,,,,,,982.6,,1.8,,2,0,0,0,0,0,0,,,,
BASSTA,2009,3,10,4,3.2,,,,,,,,982.4,,1.6,,2,0,0,0,0,0,0,,,,
BASSTA,2009,3,10,5,3.8,,,,,,,,982,,1.5,,1,0,0,0,0,0,0,,,,
BASSTA,2009,3,10,6,4.8,,,,,,,,981.7,,2.8,,18,0,0,0,0,0,0,,,,
BASSTA,2009,3,10,7,5.4,,,,,,,,981.4,,2.2,,76,0,0,0,0,0,0,,,,
BASSTA,2009,3,10,8,6.3,,,,,,,,980.8,,2.9,,147,438.4,68.1,0,0,0,0,,,,
BASSTA,2009,3,10,9,7,,,,,,,,980.4,,3.7,,149,29.9,139,0,0,0,0,,,,
BASSTA,2009,3,10,10,6.4,,,,,,,,980,,5.7,,134,5.4,131.5,0,0,0,0,,,,
BASSTA,2009,3,10,11,6.7,,,,,,,,979.4,,3.9,,125,3.2,123.2,0,0,0,0,,,,
BASSTA,2009,3,10,12,6.4,,,,,,,,978.6,,3.3,,96,1.6,95,0,0,0,0,,,,
BASSTA,2009,3,10,13,6.3,,,,,,,,977.9,,3.6,,101,1.7,99.9,0,0,0,0,,,,
BASSTA,2009,3,10,14,5.7,,,,,,,,977.3,,3.9,,62,0.7,61.6,0,0,0,0,,,,
BASSTA,2009,3,10,15,5.5,,,,,,,,976.6,,4.7,,43,0.5,42.8,0,0,0,0,,,,
BASSTA,2009,3,10,16,6.3,,,,,,,,976.2,,3.7,,17,0.1,17,0,0,0,0,,,,
BASSTA,2009,3,10,17,6.8,,,,,,,,976.1,,4.6,,14,0.2,13.9,0,0,0,0,,,,
BASSTA,2009,3,10,18,6.8,,,,,,,,976.3,,4.2,,2,0.1,2,0,0,0,0,,,,
BASSTA,2009,3,10,19,6.7,,,,,,,,976.2,,5.9,,2,0,0,0,0,0,0,,,,
BASSTA,2009,3,10,20,6.7,,,,,,,,976.6,,5.1,,1,0,0,0,0,0,0,,,,
BASSTA,2009,3,10,21,6,,,,,,,,976.7,,6.6,,1,0,0,0,0,0,0,,,,
BASSTA,2009,3,10,22,5.9,,,,,,,,977.5,,6.2,,1,0,0,0,0,0,0,,,,
BASSTA,2009,3,10,23,6,,,,,,,,978,,4.9,,1,0,0,0,0,0,0,,,,
BASSTA,2009,3,11,0,6.1,,,,,,,,978.1,,4.5,,2,0,0,0,0,0,0,,,,
BASSTA,2009,3,11,1,6.5,,,,,,,,978.4,,5.4,,2,0,0,0,0,0,0,,,,
BASSTA,2009,3,11,2,6.4,,,,,,,,978.7,,6.9,,1,0,0,0,0,0,0,,,,
BASSTA,2009,3,11,3,6.5,,,,,,,,979.4,,5.3,,1,0,0,0,0,0,0,,,,
BASSTA,2009,3,11,4,5.9,,,,,,,,980.7,,4.1,,1,0,0,0,0,0,0,,,,
BASSTA,2009,3,11,5,5.4,,,,,,,,981.5,,2.9,,1,0,0,0,0,0,0,,,,
BASSTA,2009,3,11,6,5.2,,,,,,,,982.6,,3.1,,15,0,0,0,0,0,0,,,,
BASSTA,2009,3,11,7,5,,,,,,,,983.3,,3.1,,96,0,0,0,0,0,0,,,,
BASSTA,2009,3,11,8,5.4,,,,,,,,984.2,,2.8,,142,346.1,77.7,0,0,0,0,,,,
BASSTA,2009,3,11,9,5.8,,,,,,,,985.1,,3,,177,64.8,154.9,0,0,0,0,,,,
BASSTA,2009,3,11,10,6,,,,,,,,985.9,,2.5,,196,21.6,185.8,0,0,0,0,,,,
BASSTA,2009,3,11,11,7.1,,,,,,,,986.4,,1.7,,467,457.5,208.5,0,0,0,0,,,,
BASSTA,2009,3,11,12,7,,,,,,,,986.6,,1.8,,219,10.1,212.8,0,0,0,0,,,,
BASSTA,2009,3,11,13,7.3,,,,,,,,986.6,,2.2,,403,174.9,293.6,0,0,0,0,,,,
BASSTA,2009,3,11,14,7.1,,,,,,,,986.8,,1.8,,253,25.6,238,0,0,0,0,,,,
BASSTA,2009,3,11,15,7.4,,,,,,,,987,,2,,275,80.8,234.1,0,0,0,0,,,,
BASSTA,2009,3,11,16,6.5,,,,,,,,987.5,,1.7,,81,2.8,79.9,0,0,0,0,,,,
BASSTA,2009,3,11,17,5.8,,,,,,,,988,,1.1,,30,1,29.8,0,0,0,0,,,,
BASSTA,2009,3,11,18,4.2,,,,,,,,988.6,,1.7,,1,0,1,0,0,0,0,,,,
BASSTA,2009,3,11,19,3.1,,,,,,,,989.1,,2.5,,1,0,0,0,0,0,0,,,,
BASSTA,2009,3,11,20,2.6,,,,,,,,989.4,,2.5,,1,0,0,0,0,0,0,,,,
BASSTA,2009,3,11,21,1.9,,,,,,,,989.8,,0.9,,1,0,0,0,0,0,0,,,,
BASSTA,2009,3,11,22,1.6,,,,,,,,989.8,,1.2,,1,0,0,0,0,0,0,,,,
BASSTA,2009,3,11,23,1.1,,,,,,,,989.9,,1.5,,1,0,0,0,0,0,0,,,,
BASSTA,2009,3,12,0,0.8,,,,,,,,989.8,,2,,1,0,0,0,0,0,0,,,,
BASSTA,2009,3,12,1,0.4,,,,,,,,989.7,,1.9,,1,0,0,0,0,0,0,,,,
BASSTA,2009,3,12,2,0,,,,,,,,989.2,,1.9,,1,0,0,0,0,0,0,,,,
BASSTA,2009,3,12,3,-0.3,,,,,,,,989.1,,2.4,,2,0,0,0,0,0,0,,,,
BASSTA,2009,3,12,4,-0.8,,,,,,,,989.1,,1.2,,3,0,0,0,0,0,0,,,,
BASSTA,2009,3,12,5,-0.3,,,,,,,,989.2,,1.9,,3,0,0,0,0,0,0,,,,
BASSTA,2009,3,12,6,-0.1,,,,,,,,989.5,,1.4,,24,0,0,0,0,0,0,,,,
BASSTA,2009,3,12,7,0.6,,,,,,,,989.9,,1.4,,60,0,0,0,0,0,0,,,,
BASSTA,2009,3,12,8,1.4,,,,,,,,990.2,,1.8,,113,118.4,90.3,0,0,0,0,,,,
BASSTA,2009,3,12,9,2.9,,,,,,,,989.9,,1.6,,203,114.2,163.4,0,0,0,0,,,,
BASSTA,2009,3,12,10,4.3,,,,,,,,989.9,,1.4,,258,79.8,220,0,0,0,0,,,,
BASSTA,2009,3,12,11,6,,,,,,,,989.4,,0.6,,306,76.2,262.5,0,0,0,0,,,,
BASSTA,2009,3,12,12,7.3,,,,,,,,988.6,,0.5,,386,147.5,294.1,0,0,0,0,,,,
BASSTA,2009,3,12,13,8.3,,,,,,,,988.1,,0.6,,196,6.4,191.9,0,0,0,0,,,,
BASSTA,2009,3,12,14,8.7,,,,,,,,987.6,,0.4,,122,2.8,120.4,0,0,0,0,,,,
BASSTA,2009,3,12,15,8.8,,,,,,,,987.1,,1,,67,1.1,66.4,0,0,0,0,,,,
BASSTA,2009,3,12,16,8.5,,,,,,,,986.8,,0.3,,31,0.4,30.8,0,0,0,0,,,,
BASSTA,2009,3,12,17,8.2,,,,,,,,987,,0.4,,8,0.1,8,0,0,0,0,,,,
BASSTA,2009,3,12,18,7.8,,,,,,,,987.1,,0.4,,3,0.1,3,0,0,0,0,,,,
BASSTA,2009,3,12,19,8.4,,,,,,,,986.9,,3.2,,3,0,0,0,0,0,0,,,,
BASSTA,2009,3,12,20,8.5,,,,,,,,986.7,,3,,3,0,0,0,0,0,0,,,,
BASSTA,2009,3,12,21,8.3,,,,,,,,986.8,,2.4,,3,0,0,0,0,0,0,,,,
BASSTA,2009,3,12,22,8,,,,,,,,986.6,,2.5,,3,0,0,0,0,0,0,,,,
BASSTA,2009,3,12,23,8.3,,,,,,,,986.2,,2,,3,0,0,0,0,0,0,,,,
BASSTA,2009,3,13,0,9.4,,,,,,,,985.9,,4.8,,3,0,0,0,0,0,0,,,,
BASSTA,2009,3,13,1,9.5,,,,,,,,985.8,,4.6,,3,0,0,0,0,0,0,,,,
BASSTA,2009,3,13,2,9.3,,,,,,,,985.7,,4,,3,0,0,0,0,0,0,,,,
BASSTA,2009,3,13,3,8.9,,,,,,,,985.5,,2.2,,2,0,0,0,0,0,0,,,,
BASSTA,2009,3,13,4,8.6,,,,,,,,985.5,,3.1,,2,0,0,0,0,0,0,,,,
BASSTA,2009,3,13,5,8.4,,,,,,,,985.5,,3.3,,2,0,0,0,0,0,0,,,,
BASSTA,2009,3,13,6,8.3,,,,,,,,985.9,,3.1,,14,0,0,0,0,0,0,,,,
BASSTA,2009,3,13,7,8.9,,,,,,,,986.1,,3.4,,82,0,0,0,0,0,0,,,,
BASSTA,2009,3,13,8,9.6,,,,,,,,986.2,,3.1,,199,800.6,40.8,0,0,0,0,,,,
BASSTA,2009,3,13,9,10.8,,,,,,,,986.2,,4.2,,430,1017.3,71,0,0,0,0,,,,
BASSTA,2009,3,13,10,11.9,,,,,,,,986.1,,3.8,,566,980.1,93.4,0,0,0,0,,,,
BASSTA,2009,3,13,11,12.5,,,,,,,,985.8,,3.5,,587,818.9,115.1,0,0,0,0,,,,
BASSTA,2009,3,13,12,12.5,,,,,,,,985.2,,3.3,,497,392.9,250,0,0,0,0,,,,
BASSTA,2009,3,13,13,12.3,,,,,,,,984.8,,2.6,,220,9.2,214.2,0,0,0,0,,,,
BASSTA,2009,3,13,14,12.3,,,,,,,,984.4,,3,,250,22.2,236.7,0,0,0,0,,,,
BASSTA,2009,3,13,15,12.3,,,,,,,,984.1,,3.7,,226,28,211.5,0,0,0,0,,,,
BASSTA,2009,3,13,16,11.8,,,,,,,,983.9,,3,,109,4.9,107.1,0,0,0,0,,,,
BASSTA,2009,3,13,17,10.7,,,,,,,,983.9,,2.5,,21,0.5,20.9,0,0,0,0,,,,
BASSTA,2009,3,13,18,9.7,,,,,,,,984,,2.5,,1,0,1,0,0,0,0,,,,
BASSTA,2009,3,13,19,8.4,,,,,,,,984,,1.7,,1,0,0,0,0,0,0,,,,
BASSTA,2009,3,13,20,7.3,,,,,,,,983.9,,0.7,,1,0,0,0,0,0,0,,,,
BASSTA,2009,3,13,21,5.8,,,,,,,,983.8,,0.9,,1,0,0,0,0,0,0,,,,
BASSTA,2009,3,13,22,5.1,,,,,,,,983.8,,0.5,,1,0,0,0,0,0,0,,,,
BASSTA,2009,3,13,23,4.6,,,,,,,,983.5,,0.7,,1,0,0,0,0,0,0,,,,
BASSTA,2009,3,14,0,5,,,,,,,,983.3,,1.7,,1,0,0,0,0,0,0,,,,
BASSTA,2009,3,14,1,4.6,,,,,,,,983,,2.1,,1,0,0,0,0,0,0,,,,
BASSTA,2009,3,14,2,4.2,,,,,,,,982.5,,2,,1,0,0,0,0,0,0,,,,
BASSTA,2009,3,14,3,4,,,,,,,,982.1,,2.1,,2,0,0,0,0,0,0,,,,
BASSTA,2009,3,14,4,3.7,,,,,,,,982,,2.1,,2,0,0,0,0,0,0,,,,
BASSTA,2009,3,14,5,3.1,,,,,,,,982,,2.1,,2,0,0,0,0,0,0,,,,
BASSTA,2009,3,14,6,3.1,,,,,,,,982.5,,1.8,,27,0,0,0,0,0,0,,,,
BASSTA,2009,3,14,7,4.5,,,,,,,,982.7,,1.9,,137,0,0,0,0,0,0,,,,
BASSTA,2009,3,14,8,5.8,,,,,,,,982.7,,2.3,,277,1137,45.7,0,0,0,0,,,,
BASSTA,2009,3,14,9,8,,,,,,,,982.7,,2.2,,365,817.4,71.7,0,0,0,0,,,,
BASSTA,2009,3,14,10,10.1,,,,,,,,982.5,,2,,455,665,130.5,0,0,0,0,,,,
BASSTA,2009,3,14,11,11.9,,,,,,,,982,,1.3,,422,285.2,256.1,0,0,0,0,,,,
BASSTA,2009,3,14,12,13.1,,,,,,,,981.6,,0.9,,383,132.5,299,0,0,0,0,,,,
BASSTA,2009,3,14,13,13.7,,,,,,,,981.2,,1.1,,295,36,271.9,0,0,0,0,,,,
BASSTA,2009,3,14,14,14.1,,,,,,,,981.3,,0.8,,236,16.1,226.3,0,0,0,0,,,,
BASSTA,2009,3,14,15,14.5,,,,,,,,981.3,,0.7,,152,5.5,149.1,0,0,0,0,,,,
BASSTA,2009,3,14,16,14.4,,,,,,,,981.2,,0.9,,74,2.2,73.1,0,0,0,0,,,,
BASSTA,2009,3,14,17,13.2,,,,,,,,981.4,,0.8,,21,0.4,20.9,0,0,0,0,,,,
BASSTA,2009,3,14,18,12.3,,,,,,,,982.3,,0.6,,2,0,2,0,0,0,0,,,,
BASSTA,2009,3,14,19,11.1,,,,,,,,982.8,,0.8,,2,0,0,0,0,0,0,,,,
BASSTA,2009,3,14,20,10.2,,,,,,,,983.1,,2.1,,2,0,0,0,0,0,0,,,,
BASSTA,2009,3,14,21,10.3,,,,,,,,983.6,,3.2,,2,0,0,0,0,0,0,,,,
BASSTA,2009,3,14,22,12.2,,,,,,,,984.1,,4.9,,2,0,0,0,0,0,0,,,,
BASSTA,2009,3,14,23,11.3,,,,,,,,984.9,,5.4,,3,0,0,0,0,0,0,,,,
BASSTA,2009,3,15,0,10.9,,,,,,,,985.6,,4.2,,2,0,0,0,0,0,0,,,,
BASSTA,2009,3,15,1,9.9,,,,,,,,986.3,,3,,2,0,0,0,0,0,0,,,,
BASSTA,2009,3,15,2,8.8,,,,,,,,986.8,,2.7,,2,0,0,0,0,0,0,,,,
BASSTA,2009,3,15,3,8.5,,,,,,,,987.5,,3.8,,2,0,0,0,0,0,0,,,,
BASSTA,2009,3,15,4,8.1,,,,,,,,987.9,,3.5,,3,0,0,0,0,0,0,,,,
BASSTA,2009,3,15,5,7.8,,,,,,,,988.4,,3.7,,2,0,0,0,0,0,0,,,,
BASSTA,2009,3,15,6,7.9,,,,,,,,989.3,,2.6,,14,0,0,0,0,0,0,,,,
BASSTA,2009,3,15,7,8.1,,,,,,,,989.8,,3.3,,82,0,0,0,0,0,0,,,,
BASSTA,2009,3,15,8,9.3,,,,,,,,990.2,,3.6,,256,1021.3,42.2,0,0,0,0,,,,
BASSTA,2009,3,15,9,10.7,,,,,,,,990.4,,3,,411,941.2,67.8,0,0,0,0,,,,
BASSTA,2009,3,15,10,11.1,,,,,,,,990.5,,2.3,,371,327.3,209.4,0,0,0,0,,,,
BASSTA,2009,3,15,11,11.8,,,,,,,,990.4,,3.5,,455,366,240,0,0,0,0,,,,
BASSTA,2009,3,15,12,12.6,,,,,,,,990.1,,3.5,,564,566.7,201.6,0,0,0,0,,,,
BASSTA,2009,3,15,13,12.6,,,,,,,,990,,4.1,,432,205.6,299.1,0,0,0,0,,,,
BASSTA,2009,3,15,14,12.8,,,,,,,,989.9,,3.1,,363,126.7,286,0,0,0,0,,,,
BASSTA,2009,3,15,15,12.3,,,,,,,,989.9,,2.3,,136,4.4,133.7,0,0,0,0,,,,
BASSTA,2009,3,15,16,11.4,,,,,,,,990.1,,3.1,,97,3.7,95.5,0,0,0,0,,,,
BASSTA,2009,3,15,17,10.2,,,,,,,,991,,3.5,,28,0.8,27.8,0,0,0,0,,,,
BASSTA,2009,3,15,18,9.5,,,,,,,,991.9,,1.8,,2,0,2,0,0,0,0,,,,
BASSTA,2009,3,15,19,9.5,,,,,,,,992.5,,2.1,,2,0,0,0,0,0,0,,,,
BASSTA,2009,3,15,20,9.2,,,,,,,,992.8,,1.4,,2,0,0,0,0,0,0,,,,
BASSTA,2009,3,15,21,8.7,,,,,,,,992.9,,1.2,,2,0,0,0,0,0,0,,,,
BASSTA,2009,3,15,22,8.7,,,,,,,,993,,1,,2,0,0,0,0,0,0,,,,
BASSTA,2009,3,15,23,7.9,,,,,,,,993.1,,0.3,,3,0,0,0,0,0,0,,,,
BASSTA,2009,3,16,0,7.8,,,,,,,,993.1,,1.2,,2,0,0,0,0,0,0,,,,
BASSTA,2009,3,16,1,7.5,,,,,,,,993,,2.4,,2,0,0,0,0,0,0,,,,
BASSTA,2009,3,16,2,7.2,,,,,,,,992.6,,1.9,,2,0,0,0,0,0,0,,,,
BASSTA,2009,3,16,3,6.6,,,,,,,,992.5,,1.9,,2,0,0,0,0,0,0,,,,
BASSTA,2009,3,16,4,6.1,,,,,,,,992.8,,1.8,,1,0,0,0,0,0,0,,,,
BASSTA,2009,3,16,5,4.5,,,,,,,,993,,1,,1,0,0,0,0,0,0,,,,
BASSTA,2009,3,16,6,4.4,,,,,,,,993.3,,0.5,,41,0,0,0,0,0,0,,,,
BASSTA,2009,3,16,7,5.7,,,,,,,,993.7,,0.8,,164,0,0,0,0,0,0,,,,
BASSTA,2009,3,16,8,7.2,,,,,,,,993.9,,0.5,,330,1280.5,54.5,0,0,0,0,,,,
BASSTA,2009,3,16,9,8.9,,,,,,,,993.9,,0.9,,477,1075.1,78.7,0,0,0,0,,,,
BASSTA,2009,3,16,10,10.7,,,,,,,,993.8,,1.7,,560,936.3,92.4,0,0,0,0,,,,
BASSTA,2009,3,16,11,10.7,,,,,,,,993.5,,1.7,,289,48.2,260.4,0,0,0,0,,,,
BASSTA,2009,3,16,12,11.7,,,,,,,,993.2,,1.5,,493,349.4,267.6,0,0,0,0,,,,
BASSTA,2009,3,16,13,12.2,,,,,,,,992.8,,1.3,,443,221.2,298.9,0,0,0,0,,,,
BASSTA,2009,3,16,14,12.4,,,,,,,,992.7,,1.8,,203,7.9,198.2,0,0,0,0,,,,
BASSTA,2009,3,16,15,12.9,,,,,,,,992.4,,1.8,,350,195.7,246.2,0,0,0,0,,,,
BASSTA,2009,3,16,16,12,,,,,,,,992.5,,3.2,,153,12.8,147.8,0,0,0,0,,,,
BASSTA,2009,3,16,17,10.8,,,,,,,,992.9,,2.6,,23,0.5,22.9,0,0,0,0,,,,
BASSTA,2009,3,16,18,9.9,,,,,,,,993.2,,2.1,,1,0,1,0,0,0,0,,,,
BASSTA,2009,3,16,19,8.7,,,,,,,,993.1,,1.6,,1,0,0,0,0,0,0,,,,
BASSTA,2009,3,16,20,7,,,,,,,,993.3,,1.3,,1,0,0,0,0,0,0,,,,
BASSTA,2009,3,16,21,6.1,,,,,,,,993.5,,1.1,,1,0,0,0,0,0,0,,,,
BASSTA,2009,3,16,22,5.5,,,,,,,,993.6,,1.6,,1,0,0,0,0,0,0,,,,
BASSTA,2009,3,16,23,4.4,,,,,,,,993.5,,1.3,,1,0,0,0,0,0,0,,,,
BASSTA,2009,3,17,0,3.5,,,,,,,,993.2,,1.3,,1,0,0,0,0,0,0,,,,
BASSTA,2009,3,17,1,3.5,,,,,,,,993.2,,0.9,,1,0,0,0,0,0,0,,,,
BASSTA,2009,3,17,2,2.4,,,,,,,,992.7,,1.6,,1,0,0,0,0,0,0,,,,
BASSTA,2009,3,17,3,2,,,,,,,,992.7,,0.7,,2,0,0,0,0,0,0,,,,
BASSTA,2009,3,17,4,1.7,,,,,,,,992.9,,0.3,,3,0,0,0,0,0,0,,,,
BASSTA,2009,3,17,5,1.1,,,,,,,,993.2,,0.6,,3,0,0,0,0,0,0,,,,
BASSTA,2009,3,17,6,1.7,,,,,,,,993.6,,0.7,,44,0,0,0,0,0,0,,,,
BASSTA,2009,3,17,7,3.8,,,,,,,,993.8,,1.6,,174,0,0,0,0,0,0,,,,
BASSTA,2009,3,17,8,5.7,,,,,,,,994.3,,1.3,,336,1269,55.4,0,0,0,0,,,,
BASSTA,2009,3,17,9,8,,,,,,,,994.4,,1,,475,1054,78.4,0,0,0,0,,,,
BASSTA,2009,3,17,10,9.5,,,,,,,,994.2,,1.1,,572,945.5,94.4,0,0,0,0,,,,
BASSTA,2009,3,17,11,11,,,,,,,,993.9,,1.9,,631,871.6,109.3,0,0,0,0,,,,
BASSTA,2009,3,17,12,12.1,,,,,,,,993.5,,2.4,,613,686.6,166.6,0,0,0,0,,,,
BASSTA,2009,3,17,13,13.5,,,,,,,,993.1,,2.6,,585,585.9,200.3,0,0,0,0,,,,
BASSTA,2009,3,17,14,13.4,,,,,,,,992.8,,2.3,,403,187.1,287.5,0,0,0,0,,,,
BASSTA,2009,3,17,15,13.6,,,,,,,,992.5,,2.7,,326,139,251.7,0,0,0,0,,,,
BASSTA,2009,3,17,16,12.7,,,,,,,,992.4,,2.1,,141,8.6,137.4,0,0,0,0,,,,
BASSTA,2009,3,17,17,11.8,,,,,,,,992.7,,2.2,,35,1.1,34.7,0,0,0,0,,,,
BASSTA,2009,3,17,18,10.6,,,,,,,,993.1,,2.4,,2,0,2,0,0,0,0,,,,
BASSTA,2009,3,17,19,9.2,,,,,,,,993.6,,3,,1,0,0,0,0,0,0,,,,
BASSTA,2009,3,17,20,8.2,,,,,,,,994.2,,2.2,,2,0,0,0,0,0,0,,,,
BASSTA,2009,3,17,21,7.1,,,,,,,,994.5,,1.9,,2,0,0,0,0,0,0,,,,
BASSTA,2009,3,17,22,6.3,,,,,,,,994.8,,1.6,,2,0,0,0,0,0,0,,,,
BASSTA,2009,3,17,23,4.9,,,,,,,,994.8,,1.5,,2,0,0,0,0,0,0,,,,
BASSTA,2009,3,18,0,4.4,,,,,,,,994.7,,1,,2,0,0,0,0,0,0,,,,
BASSTA,2009,3,18,1,3.7,,,,,,,,994.8,,1.1,,2,0,0,0,0,0,0,,,,
BASSTA,2009,3,18,2,3.1,,,,,,,,994.3,,1.1,,3,0,0,0,0,0,0,,,,
BASSTA,2009,3,18,3,2.6,,,,,,,,994.2,,1,,2,0,0,0,0,0,0,,,,
BASSTA,2009,3,18,4,2.1,,,,,,,,994.2,,1.5,,3,0,0,0,0,0,0,,,,
BASSTA,2009,3,18,5,2.9,,,,,,,,994.1,,0.8,,3,0,0,0,0,0,0,,,,
BASSTA,2009,3,18,6,3,,,,,,,,994.1,,0.4,,45,0,0,0,0,0,0,,,,
BASSTA,2009,3,18,7,3.5,,,,,,,,993.7,,0.7,,113,1631.8,18.6,0,0,0,0,,,,
BASSTA,2009,3,18,8,4.4,,,,,,,,993.5,,1.3,,284,1044.8,46.9,0,0,0,0,,,,
BASSTA,2009,3,18,9,5.6,,,,,,,,993.4,,2.7,,466,1018.3,76.9,0,0,0,0,,,,
BASSTA,2009,3,18,10,8,,,,,,,,992.9,,2.4,,595,972.6,98.2,0,0,0,0,,,,
BASSTA,2009,3,18,11,10.4,,,,,,,,992.3,,2.8,,658,909.9,108.3,0,0,0,0,,,,
BASSTA,2009,3,18,12,11.4,,,,,,,,991.6,,2.1,,648,771.2,142.4,0,0,0,0,,,,
BASSTA,2009,3,18,13,12.3,,,,,,,,990.9,,2.3,,605,632.3,186.6,0,0,0,0,,,,
BASSTA,2009,3,18,14,13.2,,,,,,,,990.1,,2.2,,508,443.4,232.2,0,0,0,0,,,,
BASSTA,2009,3,18,15,13.7,,,,,,,,989.6,,2.1,,390,283.7,237,0,0,0,0,,,,
BASSTA,2009,3,18,16,13.3,,,,,,,,989.2,,2.1,,173,20.9,164.2,0,0,0,0,,,,
BASSTA,2009,3,18,17,12.3,,,,,,,,989.2,,1.7,,56,2.8,55.2,0,0,0,0,,,,
BASSTA,2009,3,18,18,10.7,,,,,,,,989.3,,1.6,,2,0,2,0,0,0,0,,,,
BASSTA,2009,3,18,19,9.1,,,,,,,,989.1,,0.8,,2,0,0,0,0,0,0,,,,
BASSTA,2009,3,18,20,7.5,,,,,,,,988.9,,1.8,,1,0,0,0,0,0,0,,,,
BASSTA,2009,3,18,21,6.1,,,,,,,,988.8,,2,,2,0,0,0,0,0,0,,,,
BASSTA,2009,3,18,22,4.3,,,,,,,,988.4,,1.9,,2,0,0,0,0,0,0,,,,
BASSTA,2009,3,18,23,3.1,,,,,,,,988,,1.5,,2,0,0,0,0,0,0,,,,
BASSTA,2009,3,19,0,2,,,,,,,,987.8,,1.2,,2,0,0,0,0,0,0,,,,
BASSTA,2009,3,19,1,1.3,,,,,,,,987.6,,1.2,,2,0,0,0,0,0,0,,,,
BASSTA,2009,3,19,2,0.4,,,,,,,,986.8,,0.4,,3,0,0,0,0,0,0,,,,
BASSTA,2009,3,19,3,0.6,,,,,,,,986.4,,0.5,,2,0,0,0,0,0,0,,,,
BASSTA,2009,3,19,4,0,,,,,,,,986.2,,0.7,,3,0,0,0,0,0,0,,,,
BASSTA,2009,3,19,5,-0.3,,,,,,,,986,,0.8,,3,0,0,0,0,0,0,,,,
BASSTA,2009,3,19,6,0.5,,,,,,,,985.8,,1.1,,66,0,0,0,0,0,0,,,,
BASSTA,2009,3,19,7,2.3,,,,,,,,985.7,,0.5,,198,2602.3,32.7,0,0,0,0,,,,
BASSTA,2009,3,19,8,4.6,,,,,,,,985.7,,0.6,,360,1290.9,59.4,0,0,0,0,,,,
BASSTA,2009,3,19,9,6.5,,,,,,,,985.5,,1.3,,467,1005.2,77.1,0,0,0,0,,,,
BASSTA,2009,3,19,10,8.1,,,,,,,,985.2,,1.8,,614,992.6,101.3,0,0,0,0,,,,
BASSTA,2009,3,19,11,10.2,,,,,,,,985,,3.4,,671,919.1,110.7,0,0,0,0,,,,
BASSTA,2009,3,19,12,12.1,,,,,,,,984.4,,4.5,,634,719.3,158.7,0,0,0,0,,,,
BASSTA,2009,3,19,13,12.4,,,,,,,,983.8,,4,,565,502.3,230.1,0,0,0,0,,,,
BASSTA,2009,3,19,14,12.9,,,,,,,,983.5,,4.3,,584,666.5,166.2,0,0,0,0,,,,
BASSTA,2009,3,19,15,11.8,,,,,,,,983.4,,4.2,,269,52.2,240.6,0,0,0,0,,,,
BASSTA,2009,3,19,16,10.7,,,,,,,,983.7,,5,,183,26.4,171.8,0,0,0,0,,,,
BASSTA,2009,3,19,17,9.4,,,,,,,,984.4,,3.5,,61,3.2,60.1,0,0,0,0,,,,
BASSTA,2009,3,19,18,8.2,,,,,,,,985.3,,3.2,,2,0,2,0,0,0,0,,,,
BASSTA,2009,3,19,19,8.1,,,,,,,,986.1,,1.6,,2,0,0,0,0,0,0,,,,
BASSTA,2009,3,19,20,7.8,,,,,,,,986.7,,2.6,,2,0,0,0,0,0,0,,,,
BASSTA,2009,3,19,21,7,,,,,,,,987.1,,3.7,,2,0,0,0,0,0,0,,,,
BASSTA,2009,3,19,22,6,,,,,,,,987.5,,3.6,,2,0,0,0,0,0,0,,,,
BASSTA,2009,3,19,23,5.1,,,,,,,,987.7,,3.9,,1,0,0,0,0,0,0,,,,
BASSTA,2009,3,20,0,4.4,,,,,,,,987.6,,3.1,,2,0,0,0,0,0,0,,,,
BASSTA,2009,3,20,1,3.8,,,,,,,,988,,2.9,,2,0,0,0,0,0,0,,,,
BASSTA,2009,3,20,2,2.9,,,,,,,,988,,2.2,,2,0,0,0,0,0,0,,,,
BASSTA,2009,3,20,3,2.3,,,,,,,,988,,2.4,,2,0,0,0,0,0,0,,,,
BASSTA,2009,3,20,4,1.6,,,,,,,,988,,1.6,,2,0,0,0,0,0,0,,,,
BASSTA,2009,3,20,5,-0.1,,,,,,,,988.3,,1.6,,4,0,0,0,0,0,0,,,,
BASSTA,2009,3,20,6,-0.2,,,,,,,,988.6,,1.3,,58,0,0,0,0,0,0,,,,
BASSTA,2009,3,20,7,1,,,,,,,,989,,1.2,,179,2157.7,29.5,0,0,0,0,,,,
BASSTA,2009,3,20,8,2.6,,,,,,,,989.1,,1.3,,234,757.6,53.1,0,0,0,0,,,,
BASSTA,2009,3,20,9,4.5,,,,,,,,989,,4.7,,467,990.4,77.1,0,0,0,0,,,,
BASSTA,2009,3,20,10,4.5,,,,,,,,989.3,,4.2,,292,94.5,242.7,0,0,0,0,,,,
BASSTA,2009,3,20,11,5.2,,,,,,,,989.5,,4.4,,447,290.4,268.4,0,0,0,0,,,,
BASSTA,2009,3,20,12,5.1,,,,,,,,989.5,,4.5,,379,102.3,310.8,0,0,0,0,,,,
BASSTA,2009,3,20,13,5.2,,,,,,,,989.5,,5.5,,412,143.6,315.6,0,0,0,0,,,,
BASSTA,2009,3,20,14,5.8,,,,,,,,989.4,,5.4,,516,445.1,234.8,0,0,0,0,,,,
BASSTA,2009,3,20,15,5.1,,,,,,,,989.6,,4.5,,212,15.2,203.6,0,0,0,0,,,,
BASSTA,2009,3,20,16,4.5,,,,,,,,989.9,,4.8,,124,5.5,121.7,0,0,0,0,,,,
BASSTA,2009,3,20,17,3.9,,,,,,,,990.1,,4.1,,62,3.2,61.1,0,0,0,0,,,,
BASSTA,2009,3,20,18,3.2,,,,,,,,990.4,,3.3,,2,0,2,0,0,0,0,,,,
BASSTA,2009,3,20,19,2.5,,,,,,,,990.5,,2.8,,2,0,0,0,0,0,0,,,,
BASSTA,2009,3,20,20,2.2,,,,,,,,990.6,,2.3,,2,0,0,0,0,0,0,,,,
BASSTA,2009,3,20,21,1.6,,,,,,,,990.5,,1.9,,2,0,0,0,0,0,0,,,,
BASSTA,2009,3,20,22,0.9,,,,,,,,990.3,,1.5,,2,0,0,0,0,0,0,,,,
BASSTA,2009,3,20,23,0,,,,,,,,990.1,,1.3,,2,0,0,0,0,0,0,,,,
BASSTA,2009,3,21,0,-0.9,,,,,,,,990,,1.1,,2,0,0,0,0,0,0,,,,
BASSTA,2009,3,21,1,-1.7,,,,,,,,989.7,,1.2,,3,0,0,0,0,0,0,,,,
BASSTA,2009,3,21,2,-1.8,,,,,,,,989.5,,1.3,,2,0,0,0,0,0,0,,,,
BASSTA,2009,3,21,3,-2.6,,,,,,,,989.6,,1.2,,3,0,0,0,0,0,0,,,,
BASSTA,2009,3,21,4,-2.7,,,,,,,,989.6,,1,,2,0,0,0,0,0,0,,,,
BASSTA,2009,3,21,5,-3.3,,,,,,,,989.8,,1.1,,3,0,0,0,0,0,0,,,,
BASSTA,2009,3,21,6,-2.8,,,,,,,,990.2,,1,,62,0,0,0,0,0,0,,,,
BASSTA,2009,3,21,7,-1.6,,,,,,,,990.5,,0.7,,210,2337,34.6,0,0,0,0,,,,
BASSTA,2009,3,21,8,0.2,,,,,,,,990.6,,0.5,,378,1290.3,62.4,0,0,0,0,,,,
BASSTA,2009,3,21,9,2.7,,,,,,,,990.4,,1.6,,515,1076.4,85,0,0,0,0,,,,
BASSTA,2009,3,21,10,3.6,,,,,,,,990.1,,2.1,,613,969.9,101.1,0,0,0,0,,,,
BASSTA,2009,3,21,11,4.8,,,,,,,,989.9,,1.9,,657,878.4,111.9,0,0,0,0,,,,
BASSTA,2009,3,21,12,6.1,,,,,,,,989.5,,1.9,,677,806.5,135.6,0,0,0,0,,,,
BASSTA,2009,3,21,13,6.6,,,,,,,,989,,2.1,,623,646.5,185.5,0,0,0,0,,,,
BASSTA,2009,3,21,14,7.6,,,,,,,,988.7,,1.9,,521,449,235.3,0,0,0,0,,,,
BASSTA,2009,3,21,15,7.9,,,,,,,,988.3,,2.4,,382,237.6,250.6,0,0,0,0,,,,
BASSTA,2009,3,21,16,7.3,,,,,,,,988,,2.8,,212,50.1,190.3,0,0,0,0,,,,
BASSTA,2009,3,21,17,6.5,,,,,,,,988.1,,2.6,,56,2.6,55.3,0,0,0,0,,,,
BASSTA,2009,3,21,18,5.6,,,,,,,,988.7,,2,,2,0,2,0,0,0,0,,,,
BASSTA,2009,3,21,19,4.2,,,,,,,,989.3,,1.4,,1,0,0,0,0,0,0,,,,
BASSTA,2009,3,21,20,3.8,,,,,,,,989.6,,1.9,,1,0,0,0,0,0,0,,,,
BASSTA,2009,3,21,21,2.8,,,,,,,,989.7,,1.3,,1,0,0,0,0,0,0,,,,
BASSTA,2009,3,21,22,0.8,,,,,,,,989.7,,0.7,,2,0,0,0,0,0,0,,,,
BASSTA,2009,3,21,23,0.1,,,,,,,,989.7,,1,,2,0,0,0,0,0,0,,,,
BASSTA,2009,3,22,0,-0.1,,,,,,,,989.6,,1.5,,2,0,0,0,0,0,0,,,,
BASSTA,2009,3,22,1,-0.5,,,,,,,,989.3,,1.2,,2,0,0,0,0,0,0,,,,
BASSTA,2009,3,22,2,-0.8,,,,,,,,989.2,,1.8,,2,0,0,0,0,0,0,,,,
BASSTA,2009,3,22,3,-1.2,,,,,,,,989.2,,1.8,,2,0,0,0,0,0,0,,,,
BASSTA,2009,3,22,4,-1.1,,,,,,,,989.2,,1.4,,2,0,0,0,0,0,0,,,,
BASSTA,2009,3,22,5,-1.3,,,,,,,,989.3,,1.2,,3,0,0,0,0,0,0,,,,
BASSTA,2009,3,22,6,-0.7,,,,,,,,989.6,,1.4,,40,0,0,0,0,0,0,,,,
BASSTA,2009,3,22,7,0.4,,,,,,,,989.5,,1.6,,133,1374.3,21.9,0,0,0,0,,,,
BASSTA,2009,3,22,8,2.1,,,,,,,,989.8,,1,,306,1020.1,50.5,0,0,0,0,,,,
BASSTA,2009,3,22,9,4.9,,,,,,,,989.6,,1.7,,405,791.9,84.1,0,0,0,0,,,,
BASSTA,2009,3,22,10,6.9,,,,,,,,989.3,,0.5,,498,672.5,139.3,0,0,0,0,,,,
BASSTA,2009,3,22,11,9.2,,,,,,,,989.1,,1.1,,660,873.4,113.4,0,0,0,0,,,,
BASSTA,2009,3,22,12,10.5,,,,,,,,988.4,,0.7,,683,808.8,135.9,0,0,0,0,,,,
BASSTA,2009,3,22,13,11.4,,,,,,,,987.8,,1.6,,627,645.6,186.9,0,0,0,0,,,,
BASSTA,2009,3,22,14,12,,,,,,,,987.5,,1.6,,516,424,244.1,0,0,0,0,,,,
BASSTA,2009,3,22,15,12,,,,,,,,987.3,,2.2,,368,197.4,257.9,0,0,0,0,,,,
BASSTA,2009,3,22,16,11.6,,,,,,,,987.4,,2.1,,196,32.2,181.9,0,0,0,0,,,,
BASSTA,2009,3,22,17,10.7,,,,,,,,987.7,,1.7,,43,1.5,42.6,0,0,0,0,,,,
BASSTA,2009,3,22,18,8.1,,,,,,,,988.3,,2.9,,3,0,3,0,0,0,0,,,,
BASSTA,2009,3,22,19,6.9,,,,,,,,989,,3.4,,1,0,0,0,0,0,0,,,,
BASSTA,2009,3,22,20,5.9,,,,,,,,989.6,,3.1,,2,0,0,0,0,0,0,,,,
BASSTA,2009,3,22,21,5.3,,,,,,,,989.8,,3.6,,2,0,0,0,0,0,0,,,,
BASSTA,2009,3,22,22,5,,,,,,,,989.7,,3.5,,2,0,0,0,0,0,0,,,,
BASSTA,2009,3,22,23,4.2,,,,,,,,989.6,,2.7,,2,0,0,0,0,0,0,,,,
BASSTA,2009,3,23,0,3,,,,,,,,989.3,,2.5,,2,0,0,0,0,0,0,,,,
BASSTA,2009,3,23,1,3.5,,,,,,,,988.9,,2.4,,3,0,0,0,0,0,0,,,,
BASSTA,2009,3,23,2,3.6,,,,,,,,988.5,,1.3,,3,0,0,0,0,0,0,,,,
BASSTA,2009,3,23,3,3.3,,,,,,,,988.2,,0.8,,1,0,0,0,0,0,0,,,,
BASSTA,2009,3,23,4,3.3,,,,,,,,987.8,,1,,2,0,0,0,0,0,0,,,,
BASSTA,2009,3,23,5,2.9,,,,,,,,987.3,,2.3,,2,0,0,0,0,0,0,,,,
BASSTA,2009,3,23,6,3.6,,,,,,,,986.5,,3.1,,43,0,0,0,0,0,0,,,,
BASSTA,2009,3,23,7,4.1,,,,,,,,986.4,,1.6,,129,1243.8,21.3,0,0,0,0,,,,
BASSTA,2009,3,23,8,5.2,,,,,,,,985.9,,1.3,,246,722.3,60.9,0,0,0,0,,,,
BASSTA,2009,3,23,9,6.8,,,,,,,,985.4,,0.5,,391,706.6,100.6,0,0,0,0,,,,
BASSTA,2009,3,23,10,10,,,,,,,,983.9,,3.1,,574,886.1,96.5,0,0,0,0,,,,
BASSTA,2009,3,23,11,10.6,,,,,,,,982.7,,6.2,,480,346.4,261.3,0,0,0,0,,,,
BASSTA,2009,3,23,12,11.5,,,,,,,,981.7,,6.4,,456,209.4,313.3,0,0,0,0,,,,
BASSTA,2009,3,23,13,11.3,,,,,,,,980.7,,6.4,,312,34.5,288.3,0,0,0,0,,,,
BASSTA,2009,3,23,14,10.5,,,,,,,,979.6,,6.5,,107,1.8,105.8,0,0,0,0,,,,
BASSTA,2009,3,23,15,10.3,,,,,,,,978.3,,6.3,,66,0.9,65.5,0,0,0,0,,,,
BASSTA,2009,3,23,16,10.2,,,,,,,,977.2,,6.2,,22,0.2,21.9,0,0,0,0,,,,
BASSTA,2009,3,23,17,10.4,,,,,,,,976.2,,6,,31,0.7,30.8,0,0,0,0,,,,
BASSTA,2009,3,23,18,10.2,,,,,,,,975.3,,4.1,,3,0,3,0,0,0,0,,,,
BASSTA,2009,3,23,19,10,,,,,,,,974.4,,4.3,,1,0,0,0,0,0,0,,,,
BASSTA,2009,3,23,20,10,,,,,,,,973.1,,5.6,,1,0,0,0,0,0,0,,,,
BASSTA,2009,3,23,21,10.1,,,,,,,,972,,6.7,,1,0,0,0,0,0,0,,,,
BASSTA,2009,3,23,22,10.4,,,,,,,,970.6,,8.7,,1,0,0,0,0,0,0,,,,
BASSTA,2009,3,23,23,8.6,,,,,,,,970.2,,9.3,,1,0,0,0,0,0,0,,,,
BASSTA,2009,3,24,0,7,,,,,,,,969.9,,7.8,,1,0,0,0,0,0,0,,,,
BASSTA,2009,3,24,1,6,,,,,,,,969.6,,7.6,,2,0,0,0,0,0,0,,,,
BASSTA,2009,3,24,2,3,,,,,,,,970.7,,3,,1,0,0,0,0,0,0,,,,
BASSTA,2009,3,24,3,1.6,,,,,,,,970.8,,3.6,,2,0,0,0,0,0,0,,,,
BASSTA,2009,3,24,4,1,,,,,,,,971.1,,2.7,,1,0,0,0,0,0,0,,,,
BASSTA,2009,3,24,5,0.9,,,,,,,,971.4,,1.3,,3,0,0,0,0,0,0,,,,
BASSTA,2009,3,24,6,1.7,,,,,,,,971.9,,1.4,,44,0,0,0,0,0,0,,,,
BASSTA,2009,3,24,7,2.9,,,,,,,,972.7,,3.1,,146,1319.4,24.1,0,0,0,0,,,,
BASSTA,2009,3,24,8,4,,,,,,,,973.3,,4.2,,319,1016,52.6,0,0,0,0,,,,
BASSTA,2009,3,24,9,4.7,,,,,,,,973.5,,6.1,,414,783,87.7,0,0,0,0,,,,
BASSTA,2009,3,24,10,5.7,,,,,,,,974,,6.3,,541,783.3,114.5,0,0,0,0,,,,
BASSTA,2009,3,24,11,5.6,,,,,,,,974.4,,6,,522,453.5,233.3,0,0,0,0,,,,
BASSTA,2009,3,24,12,6.4,,,,,,,,974.8,,7.1,,373,83.1,315.9,0,0,0,0,,,,
BASSTA,2009,3,24,13,7,,,,,,,,974.9,,5.1,,415,131.5,324.1,0,0,0,0,,,,
BASSTA,2009,3,24,14,6.2,,,,,,,,975,,5.8,,215,7.9,209.9,0,0,0,0,,,,
BASSTA,2009,3,24,15,5.5,,,,,,,,975.5,,6.4,,80,1.3,79.3,0,0,0,0,,,,
BASSTA,2009,3,24,16,5.4,,,,,,,,975.6,,4.5,,156,9.8,151.6,0,0,0,0,,,,
BASSTA,2009,3,24,17,5,,,,,,,,976,,4.4,,16,0.2,15.9,0,0,0,0,,,,
BASSTA,2009,3,24,18,4.5,,,,,,,,976.4,,5.4,,2,0,2,0,0,0,0,,,,
BASSTA,2009,3,24,19,3.9,,,,,,,,977.1,,2.9,,1,0,0,0,0,0,0,,,,
BASSTA,2009,3,24,20,4.2,,,,,,,,977,,5,,1,0,0,0,0,0,0,,,,
BASSTA,2009,3,24,21,4.1,,,,,,,,977.4,,4.7,,1,0,0,0,0,0,0,,,,
BASSTA,2009,3,24,22,4.1,,,,,,,,977.6,,4.7,,1,0,0,0,0,0,0,,,,
BASSTA,2009,3,24,23,4.1,,,,,,,,977.5,,4.4,,1,0,0,0,0,0,0,,,,
BASSTA,2009,3,25,0,3.9,,,,,,,,977.4,,4.4,,1,0,0,0,0,0,0,,,,
BASSTA,2009,3,25,1,3.6,,,,,,,,977.3,,4.9,,1,0,0,0,0,0,0,,,,
BASSTA,2009,3,25,2,3.3,,,,,,,,977.1,,5,,1,0,0,0,0,0,0,,,,
BASSTA,2009,3,25,3,2.7,,,,,,,,977,,4.7,,1,0,0,0,0,0,0,,,,
BASSTA,2009,3,25,4,2.6,,,,,,,,976.6,,3.9,,1,0,0,0,0,0,0,,,,
BASSTA,2009,3,25,5,2.4,,,,,,,,976,,2.1,,6,0,0,0,0,0,0,,,,
BASSTA,2009,3,25,6,3.1,,,,,,,,975.5,,0.7,,28,0,0,0,0,0,0,,,,
BASSTA,2009,3,25,7,3.5,,,,,,,,974.7,,1.1,,34,9.4,33.1,0,0,0,0,,,,
BASSTA,2009,3,25,8,4.6,,,,,,,,974,,5.8,,53,2.6,52.3,0,0,0,0,,,,
BASSTA,2009,3,25,9,3.7,,,,,,,,973.7,,6.2,,77,2.2,76.1,0,0,0,0,,,,
BASSTA,2009,3,25,10,4.1,,,,,,,,972.3,,5.8,,107,2.5,105.6,0,0,0,0,,,,
BASSTA,2009,3,25,11,5.6,,,,,,,,971.2,,6.2,,162,4.2,159.3,0,0,0,0,,,,
BASSTA,2009,3,25,12,6.1,,,,,,,,969.8,,5.6,,147,3,145,0,0,0,0,,,,
BASSTA,2009,3,25,13,6,,,,,,,,969,,6,,82,0.9,81.4,0,0,0,0,,,,
BASSTA,2009,3,25,14,7,,,,,,,,968.4,,7.3,,150,3.4,147.7,0,0,0,0,,,,
BASSTA,2009,3,25,15,6.7,,,,,,,,968.1,,8.6,,204,10.7,197.9,0,0,0,0,,,,
BASSTA,2009,3,25,16,6,,,,,,,,967.9,,7,,134,5.8,131.4,0,0,0,0,,,,
BASSTA,2009,3,25,17,6.1,,,,,,,,968.1,,4.6,,38,1,37.7,0,0,0,0,,,,
BASSTA,2009,3,25,18,5.8,,,,,,,,968.6,,6.4,,2,0,2,0,0,0,0,,,,
BASSTA,2009,3,25,19,5.5,,,,,,,,969.4,,5.1,,1,0,0,0,0,0,0,,,,
BASSTA,2009,3,25,20,5.5,,,,,,,,969.3,,5.7,,1,0,0,0,0,0,0,,,,
BASSTA,2009,3,25,21,6.3,,,,,,,,969.3,,5.3,,1,0,0,0,0,0,0,,,,
BASSTA,2009,3,25,22,4.7,,,,,,,,970.5,,7.1,,2,0,0,0,0,0,0,,,,
BASSTA,2009,3,25,23,3.6,,,,,,,,971.6,,4.3,,1,0,0,0,0,0,0,,,,
BASSTA,2009,3,26,0,3.5,,,,,,,,972.6,,4.2,,1,0,0,0,0,0,0,,,,
BASSTA,2009,3,26,1,3.4,,,,,,,,973.5,,4.4,,1,0,0,0,0,0,0,,,,
BASSTA,2009,3,26,2,3.5,,,,,,,,974,,3.4,,1,0,0,0,0,0,0,,,,
BASSTA,2009,3,26,3,3.6,,,,,,,,974.3,,1.5,,2,0,0,0,0,0,0,,,,
BASSTA,2009,3,26,4,4.3,,,,,,,,974.6,,0.6,,3,0,0,0,0,0,0,,,,
BASSTA,2009,3,26,5,4.5,,,,,,,,974.9,,1.8,,5,0,0,0,0,0,0,,,,
BASSTA,2009,3,26,6,5,,,,,,,,975.3,,2.2,,48,0,0,0,0,0,0,,,,
BASSTA,2009,3,26,7,5.7,,,,,,,,975.9,,2.1,,48,37.6,44.1,0,0,0,0,,,,
BASSTA,2009,3,26,8,6.5,,,,,,,,976.4,,1.9,,160,117.1,127.9,0,0,0,0,,,,
BASSTA,2009,3,26,9,8,,,,,,,,976.8,,3.3,,242,100.6,198.9,0,0,0,0,,,,
BASSTA,2009,3,26,10,8.7,,,,,,,,976.7,,5.4,,247,31.2,229.7,0,0,0,0,,,,
BASSTA,2009,3,26,11,9,,,,,,,,976.4,,4.7,,265,20.6,251.7,0,0,0,0,,,,
BASSTA,2009,3,26,12,9,,,,,,,,976,,5.6,,225,7.3,219.9,0,0,0,0,,,,
BASSTA,2009,3,26,13,9.4,,,,,,,,975.3,,5.9,,255,11.7,246.8,0,0,0,0,,,,
BASSTA,2009,3,26,14,10.2,,,,,,,,974.6,,5.6,,307,39.2,281.1,0,0,0,0,,,,
BASSTA,2009,3,26,15,9.9,,,,,,,,973.6,,4.9,,126,3.1,124.2,0,0,0,0,,,,
BASSTA,2009,3,26,16,9.4,,,,,,,,973.3,,3.2,,24,0.2,23.9,0,0,0,0,,,,
BASSTA,2009,3,26,17,9.1,,,,,,,,973,,1.8,,6,0,6,0,0,0,0,,,,
BASSTA,2009,3,26,18,8.6,,,,,,,,972.6,,0.8,,3,0,3,0,0,0,0,,,,
BASSTA,2009,3,26,19,7.7,,,,,,,,972.9,,1.3,,2,0,0,0,0,0,0,,,,
BASSTA,2009,3,26,20,6.9,,,,,,,,973.1,,1.8,,2,0,0,0,0,0,0,,,,
BASSTA,2009,3,26,21,6.7,,,,,,,,973,,2,,3,0,0,0,0,0,0,,,,
BASSTA,2009,3,26,22,7.2,,,,,,,,972.9,,1,,2,0,0,0,0,0,0,,,,
BASSTA,2009,3,26,23,7.6,,,,,,,,972.8,,2,,2,0,0,0,0,0,0,,,,
BASSTA,2009,3,27,0,8,,,,,,,,972.2,,3.1,,2,0,0,0,0,0,0,,,,
BASSTA,2009,3,27,1,8.4,,,,,,,,971.6,,4.5,,2,0,0,0,0,0,0,,,,
BASSTA,2009,3,27,2,7.5,,,,,,,,971.3,,4.8,,2,0,0,0,0,0,0,,,,
BASSTA,2009,3,27,3,6.8,,,,,,,,970.7,,1.9,,3,0,0,0,0,0,0,,,,
BASSTA,2009,3,27,4,6.9,,,,,,,,970.5,,1.5,,3,0,0,0,0,0,0,,,,
BASSTA,2009,3,27,5,7.1,,,,,,,,970.2,,4.1,,3,0,0,0,0,0,0,,,,
BASSTA,2009,3,27,6,7.5,,,,,,,,970.3,,4.4,,24,0,0,0,0,0,0,,,,
BASSTA,2009,3,27,7,8,,,,,,,,970.5,,5.4,,66,133.2,51.4,0,0,0,0,,,,
BASSTA,2009,3,27,8,8.8,,,,,,,,970.6,,6.3,,165,122.7,130.7,0,0,0,0,,,,
BASSTA,2009,3,27,9,8.9,,,,,,,,970.9,,5.7,,212,50.2,190.2,0,0,0,0,,,,
BASSTA,2009,3,27,10,9.9,,,,,,,,970.6,,5.9,,396,262.4,248.8,0,0,0,0,,,,
BASSTA,2009,3,27,11,11.3,,,,,,,,969.8,,6.3,,419,177.8,303,0,0,0,0,,,,
BASSTA,2009,3,27,12,12.5,,,,,,,,969.5,,8.5,,714,823.4,136.2,0,0,0,0,,,,
BASSTA,2009,3,27,13,9.8,,,,,,,,969.5,,6.3,,282,18.2,269.1,0,0,0,0,,,,
BASSTA,2009,3,27,14,8.9,,,,,,,,969.2,,6,,195,5.7,191.2,0,0,0,0,,,,
BASSTA,2009,3,27,15,9.8,,,,,,,,969,,4.5,,246,24.6,231.7,0,0,0,0,,,,
BASSTA,2009,3,27,16,8.9,,,,,,,,968.8,,5.7,,89,2.5,87.9,0,0,0,0,,,,
BASSTA,2009,3,27,17,9.6,,,,,,,,968.1,,6.6,,60,2.5,59.2,0,0,0,0,,,,
BASSTA,2009,3,27,18,9.4,,,,,,,,968.1,,4.8,,3,0,3,0,0,0,0,,,,
BASSTA,2009,3,27,19,9.1,,,,,,,,968,,1.8,,3,0,0,0,0,0,0,,,,
BASSTA,2009,3,27,20,9.1,,,,,,,,967.9,,0.9,,3,0,0,0,0,0,0,,,,
BASSTA,2009,3,27,21,9.3,,,,,,,,967.9,,1.7,,3,0,0,0,0,0,0,,,,
BASSTA,2009,3,27,22,9,,,,,,,,967.3,,0.9,,3,0,0,0,0,0,0,,,,
BASSTA,2009,3,27,23,8.9,,,,,,,,966.5,,1.5,,3,0,0,0,0,0,0,,,,
BASSTA,2009,3,28,0,8.6,,,,,,,,965.3,,2.5,,3,0,0,0,0,0,0,,,,
BASSTA,2009,3,28,1,8.4,,,,,,,,964.6,,2.1,,3,0,0,0,0,0,0,,,,
BASSTA,2009,3,28,2,8.1,,,,,,,,963.7,,2.8,,3,0,0,0,0,0,0,,,,
BASSTA,2009,3,28,3,8,,,,,,,,963.3,,2.7,,2,0,0,0,0,0,0,,,,
BASSTA,2009,3,28,4,7.6,,,,,,,,963,,2,,1,0,0,0,0,0,0,,,,
BASSTA,2009,3,28,5,7.3,,,,,,,,962.6,,2.6,,2,0,0,0,0,0,0,,,,
BASSTA,2009,3,28,6,7.3,,,,,,,,962.6,,1,,11,0,0,0,0,0,0,,,,
BASSTA,2009,3,28,7,7.3,,,,,,,,962.4,,1.6,,25,3.1,24.6,0,0,0,0,,,,
BASSTA,2009,3,28,8,7.4,,,,,,,,962.6,,2,,22,0.4,21.9,0,0,0,0,,,,
BASSTA,2009,3,28,9,7.5,,,,,,,,963,,2.1,,28,0.3,27.9,0,0,0,0,,,,
BASSTA,2009,3,28,10,7.8,,,,,,,,964.2,,2.4,,56,0.6,55.6,0,0,0,0,,,,
BASSTA,2009,3,28,11,7.6,,,,,,,,965.3,,4.1,,122,2.3,120.5,0,0,0,0,,,,
BASSTA,2009,3,28,12,7.7,,,,,,,,965.9,,3.9,,154,3.1,151.8,0,0,0,0,,,,
BASSTA,2009,3,28,13,7.1,,,,,,,,966.6,,5.2,,89,1,88.3,0,0,0,0,,,,
BASSTA,2009,3,28,14,6.5,,,,,,,,966.9,,5.3,,61,0.5,60.6,0,0,0,0,,,,
BASSTA,2009,3,28,15,7.1,,,,,,,,967.3,,2.1,,73,1,72.4,0,0,0,0,,,,
BASSTA,2009,3,28,16,7.4,,,,,,,,967.5,,1.9,,45,0.6,44.7,0,0,0,0,,,,
BASSTA,2009,3,28,17,7.1,,,,,,,,968.2,,1.2,,8,0,8,0,0,0,0,,,,
BASSTA,2009,3,28,18,6.5,,,,,,,,968.7,,2.3,,1,0,1,0,0,0,0,,,,
BASSTA,2009,3,28,19,6,,,,,,,,969.4,,3.1,,1,0,0,0,0,0,0,,,,
BASSTA,2009,3,28,20,5.9,,,,,,,,969.9,,2.3,,2,0,0,0,0,0,0,,,,
BASSTA,2009,3,28,21,5.8,,,,,,,,970.1,,1.9,,2,0,0,0,0,0,0,,,,
BASSTA,2009,3,28,22,5.6,,,,,,,,970.3,,2.3,,1,0,0,0,0,0,0,,,,
BASSTA,2009,3,28,23,5.4,,,,,,,,970.5,,2.5,,2,0,0,0,0,0,0,,,,
BASSTA,2009,3,29,0,5.2,,,,,,,,970.6,,2.7,,1,0,0,0,0,0,0,,,,
BASSTA,2009,3,29,1,5.1,,,,,,,,970.4,,2.7,,1,0,0,0,0,0,0,,,,
BASSTA,2009,3,29,2,4.9,,,,,,,,970.5,,2.5,,1,0,0,0,0,0,0,,,,
BASSTA,2009,3,29,3,4.7,,,,,,,,970.5,,2.1,,2,0,0,0,0,0,0,,,,
BASSTA,2009,3,29,4,4.7,,,,,,,,970.7,,1.9,,2,0,0,0,0,0,0,,,,
BASSTA,2009,3,29,5,4.5,,,,,,,,970.7,,2.4,,4,0,0,0,0,0,0,,,,
BASSTA,2009,3,29,6,4.6,,,,,,,,971.2,,2,,29,0,0,0,0,0,0,,,,
BASSTA,2009,3,29,7,5.2,,,,,,,,971.3,,2.1,,115,0,0,0,0,0,0,,,,
BASSTA,2009,3,29,8,6.1,,,,,,,,971.1,,2.3,,300,2064.5,49.5,0,0,0,0,,,,
BASSTA,2009,3,29,9,6.7,,,,,,,,971.4,,2.1,,256,571.7,89.6,0,0,0,0,,,,
BASSTA,2009,3,29,10,7,,,,,,,,971.4,,1,,218,51.1,195.3,0,0,0,0,,,,
BASSTA,2009,3,29,11,6.4,,,,,,,,971.6,,2.3,,86,1.5,85.2,0,0,0,0,,,,
BASSTA,2009,3,29,12,6.9,,,,,,,,971.3,,0.7,,224,8.6,218.3,0,0,0,0,,,,
BASSTA,2009,3,29,13,8.1,,,,,,,,970.9,,0.9,,401,99.8,330,0,0,0,0,,,,
BASSTA,2009,3,29,14,8.3,,,,,,,,970.9,,1.9,,166,3.5,163.5,0,0,0,0,,,,
BASSTA,2009,3,29,15,8.1,,,,,,,,971,,1.6,,92,1.2,91.2,0,0,0,0,,,,
BASSTA,2009,3,29,16,8.3,,,,,,,,971.3,,1.7,,79,1.2,78.3,0,0,0,0,,,,
BASSTA,2009,3,29,17,8,,,,,,,,971.8,,3.6,,35,0.4,34.8,0,0,0,0,,,,
BASSTA,2009,3,29,18,7.5,,,,,,,,972.5,,2.9,,4,0,4,0,0,0,0,,,,
BASSTA,2009,3,29,19,7.2,,,,,,,,973.3,,1.8,,2,0,2,0,0,0,0,,,,
BASSTA,2009,3,29,20,7,,,,,,,,973.8,,1.7,,2,0,0,0,0,0,0,,,,
BASSTA,2009,3,29,21,6.2,,,,,,,,974.4,,1.2,,2,0,0,0,0,0,0,,,,
BASSTA,2009,3,29,22,5.6,,,,,,,,974.9,,1.3,,3,0,0,0,0,0,0,,,,
BASSTA,2009,3,29,23,5.1,,,,,,,,975.3,,1.7,,2,0,0,0,0,0,0,,,,
BASSTA,2009,3,30,0,4.5,,,,,,,,975.8,,1.9,,3,0,0,0,0,0,0,,,,
BASSTA,2009,3,30,1,4.1,,,,,,,,976.1,,1.7,,3,0,0,0,0,0,0,,,,
BASSTA,2009,3,30,2,3.8,,,,,,,,976.5,,2.1,,2,0,0,0,0,0,0,,,,
BASSTA,2009,3,30,3,3.5,,,,,,,,976.7,,2,,2,0,0,0,0,0,0,,,,
BASSTA,2009,3,30,4,3.4,,,,,,,,977,,1.7,,2,0,0,0,0,0,0,,,,
BASSTA,2009,3,30,5,3.2,,,,,,,,977.6,,2.1,,5,0,0,0,0,0,0,,,,
BASSTA,2009,3,30,6,3.2,,,,,,,,978.4,,2,,61,0,0,0,0,0,0,,,,
BASSTA,2009,3,30,7,3.9,,,,,,,,978.9,,2.6,,246,0,0,0,0,0,0,,,,
BASSTA,2009,3,30,8,4.3,,,,,,,,979.4,,2.5,,229,1504.5,37.8,0,0,0,0,,,,
BASSTA,2009,3,30,9,5.1,,,,,,,,979.7,,2.1,,210,266.3,131,0,0,0,0,,,,
BASSTA,2009,3,30,10,5.9,,,,,,,,980,,1.2,,204,34.5,188.4,0,0,0,0,,,,
BASSTA,2009,3,30,11,6.7,,,,,,,,979.9,,0.8,,145,4.2,142.6,0,0,0,0,,,,
BASSTA,2009,3,30,12,7.2,,,,,,,,979.8,,1.1,,112,1.8,110.8,0,0,0,0,,,,
BASSTA,2009,3,30,13,7.7,,,,,,,,979.8,,0.7,,54,0.4,53.7,0,0,0,0,,,,
BASSTA,2009,3,30,14,7.9,,,,,,,,980.2,,1.1,,60,0.5,59.7,0,0,0,0,,,,
BASSTA,2009,3,30,15,8.1,,,,,,,,980.6,,2.2,,30,0.1,29.9,0,0,0,0,,,,
BASSTA,2009,3,30,16,8.3,,,,,,,,980.7,,1.8,,24,0.1,23.9,0,0,0,0,,,,
BASSTA,2009,3,30,17,8.1,,,,,,,,980.9,,0.8,,8,0,8,0,0,0,0,,,,
BASSTA,2009,3,30,18,8,,,,,,,,981.4,,1,,1,0,1,0,0,0,0,,,,
BASSTA,2009,3,30,19,8.4,,,,,,,,982.1,,1.6,,2,0,2,0,0,0,0,,,,
BASSTA,2009,3,30,20,8.3,,,,,,,,982.4,,2.1,,1,0,0,0,0,0,0,,,,
BASSTA,2009,3,30,21,8.1,,,,,,,,982.6,,1.5,,2,0,0,0,0,0,0,,,,
BASSTA,2009,3,30,22,7.8,,,,,,,,982.8,,1.4,,1,0,0,0,0,0,0,,,,
BASSTA,2009,3,30,23,7.9,,,,,,,,982.6,,1.9,,1,0,0,0,0,0,0,,,,
BASSTA,2009,3,31,0,7.5,,,,,,,,982.4,,1.2,,2,0,0,0,0,0,0,,,,
BASSTA,2009,3,31,1,6.9,,,,,,,,982.1,,1,,2,0,0,0,0,0,0,,,,
BASSTA,2009,3,31,2,6.7,,,,,,,,982,,1.7,,1,0,0,0,0,0,0,,,,
BASSTA,2009,3,31,3,6.3,,,,,,,,982.1,,1.9,,1,0,0,0,0,0,0,,,,
BASSTA,2009,3,31,4,6,,,,,,,,982.4,,1.8,,2,0,0,0,0,0,0,,,,
BASSTA,2009,3,31,5,4.2,,,,,,,,982.5,,0.8,,8,0,0,0,0,0,0,,,,
BASSTA,2009,3,31,6,5.2,,,,,,,,982.5,,2.3,,38,0,0,0,0,0,0,,,,
BASSTA,2009,3,31,7,6.1,,,,,,,,982.9,,2.5,,66,0,0,0,0,0,0,,,,
BASSTA,2009,3,31,8,6.5,,,,,,,,982.8,,3.6,,165,1037.2,27.2,0,0,0,0,,,,
BASSTA,2009,3,31,9,8.2,,,,,,,,982.6,,4.7,,563,1554.7,92.9,0,0,0,0,,,,
BASSTA,2009,3,31,10,9.4,,,,,,,,982.3,,4.3,,684,1252.9,112.9,0,0,0,0,,,,
BASSTA,2009,3,31,11,10.3,,,,,,,,981.7,,2.7,,363,157.7,271.2,0,0,0,0,,,,
BASSTA,2009,3,31,12,11.3,,,,,,,,981.1,,3,,486,289.1,291.5,0,0,0,0,,,,
BASSTA,2009,3,31,13,12,,,,,,,,980.6,,4.5,,571,405.9,278.3,0,0,0,0,,,,
BASSTA,2009,3,31,14,12.4,,,,,,,,980.1,,5.3,,551,351.4,296.5,0,0,0,0,,,,
BASSTA,2009,3,31,15,11.7,,,,,,,,979.8,,6,,343,58.4,303.2,0,0,0,0,,,,
BASSTA,2009,3,31,16,10.6,,,,,,,,979.6,,6.4,,131,3.2,129.1,0,0,0,0,,,,
BASSTA,2009,3,31,17,10,,,,,,,,979.6,,6.9,,68,1.3,67.4,0,0,0,0,,,,
BASSTA,2009,3,31,18,9.7,,,,,,,,979.8,,4.8,,4,0,4,0,0,0,0,,,,
BASSTA,2009,3,31,19,9.4,,,,,,,,979.6,,3.4,,1,0,1,0,0,0,0,,,,
BASSTA,2009,3,31,20,9.4,,,,,,,,979.3,,3.5,,1,0,0,0,0,0,0,,,,
BASSTA,2009,3,31,21,9.2,,,,,,,,978.9,,3.9,,1,0,0,0,0,0,0,,,,
BASSTA,2009,3,31,22,9,,,,,,,,978.1,,3.9,,2,0,0,0,0,0,0,,,,
BASSTA,2009,3,31,23,8.7,,,,,,,,977.5,,3.4,,1,0,0,0,0,0,0,,,,
BASSTA,2009,4,1,0,7.9,,,,,,,,977.2,,1.6,,1,0,0,0,0,0,0,,,,
BASSTA,2009,4,1,1,6.5,,,,,,,,976.7,,1.2,,1,0,0,0,0,0,0,,,,
BASSTA,2009,4,1,2,5.4,,,,,,,,976.2,,1.5,,1,0,0,0,0,0,0,,,,
BASSTA,2009,4,1,3,4.7,,,,,,,,975.9,,1.4,,2,0,0,0,0,0,0,,,,
BASSTA,2009,4,1,4,4.7,,,,,,,,975.7,,1.4,,3,0,0,0,0,0,0,,,,
BASSTA,2009,4,1,5,4.7,,,,,,,,975.7,,1.7,,10,0,0,0,0,0,0,,,,
BASSTA,2009,4,1,6,4.6,,,,,,,,976,,2,,46,0,0,0,0,0,0,,,,
BASSTA,2009,4,1,7,4.9,,,,,,,,976.3,,2.3,,61,0,0,0,0,0,0,,,,
BASSTA,2009,4,1,8,6,,,,,,,,976.6,,1.2,,127,646.2,37.5,0,0,0,0,,,,
BASSTA,2009,4,1,9,8.4,,,,,,,,977.1,,3.5,,254,467.3,110.1,0,0,0,0,,,,
BASSTA,2009,4,1,10,9.2,,,,,,,,977.4,,4.3,,353,359.6,187.1,0,0,0,0,,,,
BASSTA,2009,4,1,11,9.5,,,,,,,,977.5,,3.1,,332,101.8,272.2,0,0,0,0,,,,
BASSTA,2009,4,1,12,10.3,,,,,,,,977.4,,2.6,,386,105.5,314.5,0,0,0,0,,,,
BASSTA,2009,4,1,13,10.8,,,,,,,,977.3,,2.3,,370,62.4,324.7,0,0,0,0,,,,
BASSTA,2009,4,1,14,11.1,,,,,,,,977.4,,2.2,,272,13.3,262.3,0,0,0,0,,,,
BASSTA,2009,4,1,15,10.9,,,,,,,,977.3,,2.5,,192,5.2,188.5,0,0,0,0,,,,
BASSTA,2009,4,1,16,10.4,,,,,,,,977.4,,3.5,,90,1.5,89.1,0,0,0,0,,,,
BASSTA,2009,4,1,17,9.8,,,,,,,,977.6,,3.9,,20,0.1,19.9,0,0,0,0,,,,
BASSTA,2009,4,1,18,9.6,,,,,,,,977.9,,3.6,,4,0,4,0,0,0,0,,,,
BASSTA,2009,4,1,19,9.6,,,,,,,,977.8,,1.9,,3,0,3,0,0,0,0,,,,
BASSTA,2009,4,1,20,9.5,,,,,,,,977.5,,1.2,,2,0,0,0,0,0,0,,,,
BASSTA,2009,4,1,21,9.4,,,,,,,,977.1,,1.1,,3,0,0,0,0,0,0,,,,
BASSTA,2009,4,1,22,8.7,,,,,,,,976.8,,1.9,,3,0,0,0,0,0,0,,,,
BASSTA,2009,4,1,23,8.3,,,,,,,,976.5,,1.3,,2,0,0,0,0,0,0,,,,
BASSTA,2009,4,2,0,8.2,,,,,,,,976.1,,0.7,,3,0,0,0,0,0,0,,,,
BASSTA,2009,4,2,1,8.4,,,,,,,,975.8,,0.7,,3,0,0,0,0,0,0,,,,
BASSTA,2009,4,2,2,8.2,,,,,,,,975.7,,1.5,,3,0,0,0,0,0,0,,,,
BASSTA,2009,4,2,3,7.6,,,,,,,,975.6,,1.9,,1,0,0,0,0,0,0,,,,
BASSTA,2009,4,2,4,7,,,,,,,,975.5,,1.6,,1,0,0,0,0,0,0,,,,
BASSTA,2009,4,2,5,6.9,,,,,,,,975.9,,1.4,,3,0,0,0,0,0,0,,,,
BASSTA,2009,4,2,6,6.9,,,,,,,,976,,2,,25,0,0,0,0,0,0,,,,
BASSTA,2009,4,2,7,7.2,,,,,,,,976.3,,1.6,,56,0,0,0,0,0,0,,,,
BASSTA,2009,4,2,8,8.3,,,,,,,,976.5,,1.3,,111,367.7,58,0,0,0,0,,,,
BASSTA,2009,4,2,9,10.2,,,,,,,,976.7,,1.2,,179,106.7,145.5,0,0,0,0,,,,
BASSTA,2009,4,2,10,12.1,,,,,,,,976.5,,0.8,,270,113.5,217,0,0,0,0,,,,
BASSTA,2009,4,2,11,13.3,,,,,,,,976.3,,1.8,,465,394.3,231.3,0,0,0,0,,,,
BASSTA,2009,4,2,12,14.1,,,,,,,,976.1,,2,,552,438,253,0,0,0,0,,,,
BASSTA,2009,4,2,13,15,,,,,,,,976.1,,1.5,,383,71.6,330.7,0,0,0,0,,,,
BASSTA,2009,4,2,14,16.1,,,,,,,,976.1,,1.7,,474,184.9,338.5,0,0,0,0,,,,
BASSTA,2009,4,2,15,16.7,,,,,,,,976,,1.5,,347,58.4,306.7,0,0,0,0,,,,
BASSTA,2009,4,2,16,16.6,,,,,,,,976,,1.8,,196,7.5,191.5,0,0,0,0,,,,
BASSTA,2009,4,2,17,15.9,,,,,,,,976.4,,2.2,,74,1.5,73.3,0,0,0,0,,,,
BASSTA,2009,4,2,18,14.8,,,,,,,,977,,2.6,,4,0,4,0,0,0,0,,,,
BASSTA,2009,4,2,19,13.6,,,,,,,,977.3,,2.8,,1,0,1,0,0,0,0,,,,
BASSTA,2009,4,2,20,13.5,,,,,,,,977.3,,3.3,,1,0,0,0,0,0,0,,,,
BASSTA,2009,4,2,21,13,,,,,,,,977.4,,3.7,,1,0,0,0,0,0,0,,,,
BASSTA,2009,4,2,22,12.1,,,,,,,,977.8,,1.8,,1,0,0,0,0,0,0,,,,
BASSTA,2009,4,2,23,12.3,,,,,,,,978,,2.3,,1,0,0,0,0,0,0,,,,
BASSTA,2009,4,3,0,11.9,,,,,,,,978.2,,0.6,,1,0,0,0,0,0,0,,,,
BASSTA,2009,4,3,1,11.6,,,,,,,,978.4,,1.2,,1,0,0,0,0,0,0,,,,
BASSTA,2009,4,3,2,11.7,,,,,,,,978.8,,0.7,,1,0,0,0,0,0,0,,,,
BASSTA,2009,4,3,3,12.1,,,,,,,,978.9,,2.2,,2,0,0,0,0,0,0,,,,
BASSTA,2009,4,3,4,11.8,,,,,,,,979.5,,2.3,,1,0,0,0,0,0,0,,,,
BASSTA,2009,4,3,5,11.5,,,,,,,,980,,1.3,,5,0,0,0,0,0,0,,,,
BASSTA,2009,4,3,6,11.3,,,,,,,,980.7,,1.5,,62,0,0,0,0,0,0,,,,
BASSTA,2009,4,3,7,11.9,,,,,,,,981.2,,1.7,,162,0,0,0,0,0,0,,,,
BASSTA,2009,4,3,8,13.4,,,,,,,,981.5,,2.3,,373,2077.7,61.5,0,0,0,0,,,,
BASSTA,2009,4,3,9,15,,,,,,,,981.4,,2.5,,575,1504.4,94.9,0,0,0,0,,,,
BASSTA,2009,4,3,10,16,,,,,,,,981.3,,0.8,,636,1125,104.9,0,0,0,0,,,,
BASSTA,2009,4,3,11,16.8,,,,,,,,981.2,,1.1,,393,198.9,274.1,0,0,0,0,,,,
BASSTA,2009,4,3,12,17.6,,,,,,,,981,,1.5,,614,601.6,200.4,0,0,0,0,,,,
BASSTA,2009,4,3,13,18.3,,,,,,,,980.9,,1,,562,359.4,297.8,0,0,0,0,,,,
BASSTA,2009,4,3,14,18.5,,,,,,,,980.5,,1.3,,440,130.6,343.7,0,0,0,0,,,,
BASSTA,2009,4,3,15,18.2,,,,,,,,980.4,,1.3,,176,4.2,173.1,0,0,0,0,,,,
BASSTA,2009,4,3,16,18.2,,,,,,,,980.5,,1.2,,119,2.5,117.5,0,0,0,0,,,,
BASSTA,2009,4,3,17,17.7,,,,,,,,980.7,,2.5,,101,2.8,99.6,0,0,0,0,,,,
BASSTA,2009,4,3,18,15.8,,,,,,,,981.2,,1.8,,3,0,3,0,0,0,0,,,,
BASSTA,2009,4,3,19,14.1,,,,,,,,981.8,,2.1,,1,0,1,0,0,0,0,,,,
BASSTA,2009,4,3,20,14.4,,,,,,,,982.3,,2.6,,1,0,0,0,0,0,0,,,,
BASSTA,2009,4,3,21,14.2,,,,,,,,982.8,,3,,1,0,0,0,0,0,0,,,,
BASSTA,2009,4,3,22,12.4,,,,,,,,983.1,,1.8,,1,0,0,0,0,0,0,,,,
BASSTA,2009,4,3,23,11.3,,,,,,,,983.1,,1.4,,1,0,0,0,0,0,0,,,,
BASSTA,2009,4,4,0,10.3,,,,,,,,983.3,,1,,1,0,0,0,0,0,0,,,,
BASSTA,2009,4,4,1,9.4,,,,,,,,983,,0.6,,1,0,0,0,0,0,0,,,,
BASSTA,2009,4,4,2,8.8,,,,,,,,983,,0.7,,1,0,0,0,0,0,0,,,,
BASSTA,2009,4,4,3,8.7,,,,,,,,983.1,,1.5,,2,0,0,0,0,0,0,,,,
BASSTA,2009,4,4,4,8.5,,,,,,,,983.2,,1.3,,3,0,0,0,0,0,0,,,,
BASSTA,2009,4,4,5,7.7,,,,,,,,983.4,,1.2,,11,0,0,0,0,0,0,,,,
BASSTA,2009,4,4,6,7.9,,,,,,,,983.7,,1.2,,69,0,0,0,0,0,0,,,,
BASSTA,2009,4,4,7,9.4,,,,,,,,983.9,,0.8,,141,0,0,0,0,0,0,,,,
BASSTA,2009,4,4,8,9.9,,,,,,,,984.3,,1,,147,702.6,37.7,0,0,0,0,,,,
BASSTA,2009,4,4,9,12.4,,,,,,,,984.2,,0.9,,408,1049.3,67.3,0,0,0,0,,,,
BASSTA,2009,4,4,10,14.8,,,,,,,,983.9,,0.5,,577,1009.3,95.2,0,0,0,0,,,,
BASSTA,2009,4,4,11,15.5,,,,,,,,983.5,,0.7,,406,220.1,273.3,0,0,0,0,,,,
BASSTA,2009,4,4,12,15.6,,,,,,,,983.3,,1.1,,168,3.9,165.3,0,0,0,0,,,,
BASSTA,2009,4,4,13,16.2,,,,,,,,983,,0.5,,309,23.2,291.8,0,0,0,0,,,,
BASSTA,2009,4,4,14,17.1,,,,,,,,982.8,,0.5,,366,53.5,326.3,0,0,0,0,,,,
BASSTA,2009,4,4,15,16.8,,,,,,,,982.5,,1,,158,3.4,155.6,0,0,0,0,,,,
BASSTA,2009,4,4,16,16.5,,,,,,,,982.5,,1,,122,2.6,120.4,0,0,0,0,,,,
BASSTA,2009,4,4,17,15.6,,,,,,,,982.7,,1.5,,62,1.1,61.5,0,0,0,0,,,,
BASSTA,2009,4,4,18,14.3,,,,,,,,983.2,,1.4,,5,0,5,0,0,0,0,,,,
BASSTA,2009,4,4,19,14.5,,,,,,,,984.1,,2.4,,3,0,3,0,0,0,0,,,,
BASSTA,2009,4,4,20,13.1,,,,,,,,984.6,,2.2,,2,0,0,0,0,0,0,,,,
BASSTA,2009,4,4,21,12.4,,,,,,,,984.8,,2.1,,3,0,0,0,0,0,0,,,,
BASSTA,2009,4,4,22,11.6,,,,,,,,984.8,,1.8,,2,0,0,0,0,0,0,,,,
BASSTA,2009,4,4,23,11.2,,,,,,,,984.8,,1.8,,3,0,0,0,0,0,0,,,,
BASSTA,2009,4,5,0,10.7,,,,,,,,984.8,,1.1,,3,0,0,0,0,0,0,,,,
BASSTA,2009,4,5,1,9.9,,,,,,,,984.9,,1,,3,0,0,0,0,0,0,,,,
BASSTA,2009,4,5,2,9.6,,,,,,,,984.8,,2.2,,3,0,0,0,0,0,0,,,,
BASSTA,2009,4,5,3,9.4,,,,,,,,984.8,,2.3,,2,0,0,0,0,0,0,,,,
BASSTA,2009,4,5,4,9.1,,,,,,,,984.7,,1.9,,2,0,0,0,0,0,0,,,,
BASSTA,2009,4,5,5,9,,,,,,,,984.9,,1.6,,12,0,0,0,0,0,0,,,,
BASSTA,2009,4,5,6,9.6,,,,,,,,985.1,,0.8,,73,0,0,0,0,0,0,,,,
BASSTA,2009,4,5,7,10.6,,,,,,,,985.2,,0.1,,133,0,0,0,0,0,0,,,,
BASSTA,2009,4,5,8,11.5,,,,,,,,985.3,,0.4,,233,1207.4,38.4,0,0,0,0,,,,
BASSTA,2009,4,5,9,13.2,,,,,,,,985.3,,1.2,,492,1244.4,81.2,0,0,0,0,,,,
BASSTA,2009,4,5,10,14.8,,,,,,,,985,,1.4,,628,1086.5,103.6,0,0,0,0,,,,
BASSTA,2009,4,5,11,15.8,,,,,,,,984.4,,1.7,,657,903,108.1,0,0,0,0,,,,
BASSTA,2009,4,5,12,17.1,,,,,,,,983.8,,2.6,,646,668.4,180.1,0,0,0,0,,,,
BASSTA,2009,4,5,13,17.6,,,,,,,,983.1,,2.3,,559,337.8,307.6,0,0,0,0,,,,
BASSTA,2009,4,5,14,18.1,,,,,,,,982.4,,2,,505,224.8,337.2,0,0,0,0,,,,
BASSTA,2009,4,5,15,17.8,,,,,,,,981.9,,2.4,,362,66.2,315.5,0,0,0,0,,,,
BASSTA,2009,4,5,16,17.4,,,,,,,,981.5,,1.9,,209,8.8,203.6,0,0,0,0,,,,
BASSTA,2009,4,5,17,16.7,,,,,,,,981.3,,1.9,,80,1.7,79.1,0,0,0,0,,,,
BASSTA,2009,4,5,18,15.6,,,,,,,,981.2,,1.3,,5,0,5,0,0,0,0,,,,
BASSTA,2009,4,5,19,14,,,,,,,,981.5,,1.2,,1,0,1,0,0,0,0,,,,
BASSTA,2009,4,5,20,12,,,,,,,,981.7,,1.6,,2,0,0,0,0,0,0,,,,
BASSTA,2009,4,5,21,11.5,,,,,,,,981.6,,0.8,,2,0,0,0,0,0,0,,,,
BASSTA,2009,4,5,22,10.6,,,,,,,,981.4,,0.6,,2,0,0,0,0,0,0,,,,
BASSTA,2009,4,5,23,9.3,,,,,,,,981.3,,0.6,,2,0,0,0,0,0,0,,,,
BASSTA,2009,4,6,0,8.9,,,,,,,,981,,0.8,,2,0,0,0,0,0,0,,,,
BASSTA,2009,4,6,1,8.8,,,,,,,,980.7,,0.7,,2,0,0,0,0,0,0,,,,
BASSTA,2009,4,6,2,8.1,,,,,,,,980.5,,0.9,,2,0,0,0,0,0,0,,,,
BASSTA,2009,4,6,3,7.4,,,,,,,,980.2,,1.2,,2,0,0,0,0,0,0,,,,
BASSTA,2009,4,6,4,8.2,,,,,,,,980,,2.5,,2,0,0,0,0,0,0,,,,
BASSTA,2009,4,6,5,8,,,,,,,,980.1,,2,,14,0,0,0,0,0,0,,,,
BASSTA,2009,4,6,6,8.5,,,,,,,,980.2,,2.4,,93,0,0,0,0,0,0,,,,
BASSTA,2009,4,6,7,10,,,,,,,,980.1,,1.6,,255,0,0,0,0,0,0,,,,
BASSTA,2009,4,6,8,12.6,,,,,,,,979.9,,1,,417,2088.8,68.8,0,0,0,0,,,,
BASSTA,2009,4,6,9,15,,,,,,,,979.7,,1.5,,551,1371.1,90.9,0,0,0,0,,,,
BASSTA,2009,4,6,10,17,,,,,,,,979.1,,0.7,,650,1112.6,107.2,0,0,0,0,,,,
BASSTA,2009,4,6,11,18.3,,,,,,,,978.2,,1.2,,702,956.6,115.8,0,0,0,0,,,,
BASSTA,2009,4,6,12,19.1,,,,,,,,977.3,,1.2,,710,818.9,135.3,0,0,0,0,,,,
BASSTA,2009,4,6,13,20.2,,,,,,,,976.5,,1.9,,586,393.1,291.7,0,0,0,0,,,,
BASSTA,2009,4,6,14,20.6,,,,,,,,975.6,,1.4,,453,138.4,349.1,0,0,0,0,,,,
BASSTA,2009,4,6,15,21.2,,,,,,,,974.9,,1.7,,400,103.4,326.9,0,0,0,0,,,,
BASSTA,2009,4,6,16,20.7,,,,,,,,974.4,,1.7,,206,8.1,200.9,0,0,0,0,,,,
BASSTA,2009,4,6,17,19.2,,,,,,,,974.4,,2.3,,98,2.5,96.7,0,0,0,0,,,,
BASSTA,2009,4,6,18,16.9,,,,,,,,974.5,,1.4,,6,0,6,0,0,0,0,,,,
BASSTA,2009,4,6,19,15.2,,,,,,,,974.9,,2.2,,1,0,1,0,0,0,0,,,,
BASSTA,2009,4,6,20,14,,,,,,,,974.9,,2.5,,1,0,0,0,0,0,0,,,,
BASSTA,2009,4,6,21,13.1,,,,,,,,974.8,,1.2,,1,0,0,0,0,0,0,,,,
BASSTA,2009,4,6,22,12.8,,,,,,,,974.7,,3.1,,1,0,0,0,0,0,0,,,,
BASSTA,2009,4,6,23,12.4,,,,,,,,974.6,,3.2,,2,0,0,0,0,0,0,,,,
BASSTA,2009,4,7,0,11.9,,,,,,,,974.5,,2.5,,2,0,0,0,0,0,0,,,,
BASSTA,2009,4,7,1,11.5,,,,,,,,974.4,,2.4,,2,0,0,0,0,0,0,,,,
BASSTA,2009,4,7,2,11,,,,,,,,974.5,,1.6,,3,0,0,0,0,0,0,,,,
BASSTA,2009,4,7,3,10.6,,,,,,,,974.3,,3.1,,2,0,0,0,0,0,0,,,,
BASSTA,2009,4,7,4,10,,,,,,,,974.1,,2.6,,2,0,0,0,0,0,0,,,,
BASSTA,2009,4,7,5,10,,,,,,,,974.2,,2.5,,7,0,0,0,0,0,0,,,,
BASSTA,2009,4,7,6,10.1,,,,,,,,974.5,,2.5,,53,0,0,0,0,0,0,,,,
BASSTA,2009,4,7,7,12.1,,,,,,,,974.7,,2.2,,322,0,0,0,0,0,0,,,,
BASSTA,2009,4,7,8,14.2,,,,,,,,974.7,,1,,424,2055.7,70,0,0,0,0,,,,
BASSTA,2009,4,7,9,15.9,,,,,,,,974.8,,0.7,,581,1423,95.9,0,0,0,0,,,,
BASSTA,2009,4,7,10,18.1,,,,,,,,974.7,,1.6,,667,1129.7,110.1,0,0,0,0,,,,
BASSTA,2009,4,7,11,19,,,,,,,,974.5,,2.2,,733,990.9,120.9,0,0,0,0,,,,
BASSTA,2009,4,7,12,19.2,,,,,,,,974.1,,1.8,,566,427.4,264.1,0,0,0,0,,,,
BASSTA,2009,4,7,13,19.4,,,,,,,,973.9,,1.2,,442,122.4,349.8,0,0,0,0,,,,
BASSTA,2009,4,7,14,19.9,,,,,,,,973.7,,2.1,,365,48.9,328.1,0,0,0,0,,,,
BASSTA,2009,4,7,15,18.4,,,,,,,,974.1,,6.4,,287,19.7,273,0,0,0,0,,,,
BASSTA,2009,4,7,16,16.8,,,,,,,,975,,6.8,,229,12.4,221.3,0,0,0,0,,,,
BASSTA,2009,4,7,17,14.9,,,,,,,,976.2,,5.3,,45,0.5,44.7,0,0,0,0,,,,
BASSTA,2009,4,7,18,13.4,,,,,,,,977.3,,5,,3,0,3,0,0,0,0,,,,
BASSTA,2009,4,7,19,12.5,,,,,,,,978.4,,3.1,,1,0,1,0,0,0,0,,,,
BASSTA,2009,4,7,20,12.1,,,,,,,,979,,1.9,,2,0,0,0,0,0,0,,,,
BASSTA,2009,4,7,21,11.7,,,,,,,,979.2,,0.4,,2,0,0,0,0,0,0,,,,
BASSTA,2009,4,7,22,11.8,,,,,,,,979.4,,0.5,,2,0,0,0,0,0,0,,,,
BASSTA,2009,4,7,23,11.3,,,,,,,,979.4,,0.7,,2,0,0,0,0,0,0,,,,
BASSTA,2009,4,8,0,10.8,,,,,,,,979.3,,1.2,,2,0,0,0,0,0,0,,,,
BASSTA,2009,4,8,1,10.3,,,,,,,,979.1,,1.2,,2,0,0,0,0,0,0,,,,
BASSTA,2009,4,8,2,9.9,,,,,,,,978.9,,1.1,,2,0,0,0,0,0,0,,,,
BASSTA,2009,4,8,3,9.9,,,,,,,,978.9,,0.7,,2,0,0,0,0,0,0,,,,
BASSTA,2009,4,8,4,9.4,,,,,,,,979.2,,1.4,,2,0,0,0,0,0,0,,,,
BASSTA,2009,4,8,5,9.4,,,,,,,,979.4,,0.9,,15,0,0,0,0,0,0,,,,
BASSTA,2009,4,8,6,10.2,,,,,,,,979.4,,2.3,,78,0,0,0,0,0,0,,,,
BASSTA,2009,4,8,7,11.5,,,,,,,,979.6,,1.5,,195,0,0,0,0,0,0,,,,
BASSTA,2009,4,8,8,12.5,,,,,,,,980.1,,0.8,,231,1085.4,38.1,0,0,0,0,,,,
BASSTA,2009,4,8,9,13.1,,,,,,,,980.6,,2,,286,474.4,121.7,0,0,0,0,,,,
BASSTA,2009,4,8,10,13.5,,,,,,,,980.6,,3,,364,306.2,211.5,0,0,0,0,,,,
BASSTA,2009,4,8,11,13.4,,,,,,,,980.4,,2.4,,346,95.6,286.5,0,0,0,0,,,,
BASSTA,2009,4,8,12,14.5,,,,,,,,980.2,,1.5,,579,452.4,257.4,0,0,0,0,,,,
BASSTA,2009,4,8,13,15.3,,,,,,,,979.8,,1.3,,462,145.5,351.8,0,0,0,0,,,,
BASSTA,2009,4,8,14,15.2,,,,,,,,979.6,,2.4,,251,8.1,244.9,0,0,0,0,,,,
BASSTA,2009,4,8,15,15.6,,,,,,,,979.6,,2.2,,280,17,267.8,0,0,0,0,,,,
BASSTA,2009,4,8,16,15.4,,,,,,,,979.7,,2,,159,4.2,156.3,0,0,0,0,,,,
BASSTA,2009,4,8,17,15.2,,,,,,,,979.8,,1.4,,90,2.1,88.9,0,0,0,0,,,,
BASSTA,2009,4,8,18,13.8,,,,,,,,980.2,,1,,7,0,7,0,0,0,0,,,,
BASSTA,2009,4,8,19,12.5,,,,,,,,981,,1.4,,1,0,1,0,0,0,0,,,,
BASSTA,2009,4,8,20,11.6,,,,,,,,981.3,,1.5,,2,0,0,0,0,0,0,,,,
BASSTA,2009,4,8,21,10.6,,,,,,,,981.5,,2,,2,0,0,0,0,0,0,,,,
BASSTA,2009,4,8,22,9.9,,,,,,,,981.6,,2.1,,1,0,0,0,0,0,0,,,,
BASSTA,2009,4,8,23,9.9,,,,,,,,981.8,,1,,2,0,0,0,0,0,0,,,,
BASSTA,2009,4,9,0,9.1,,,,,,,,981.6,,1,,2,0,0,0,0,0,0,,,,
BASSTA,2009,4,9,1,8.6,,,,,,,,981.4,,1.2,,2,0,0,0,0,0,0,,,,
BASSTA,2009,4,9,2,8.1,,,,,,,,981.4,,1.5,,2,0,0,0,0,0,0,,,,
BASSTA,2009,4,9,3,7.4,,,,,,,,981.4,,1.3,,2,0,0,0,0,0,0,,,,
BASSTA,2009,4,9,4,7.2,,,,,,,,981.4,,1.6,,3,0,0,0,0,0,0,,,,
BASSTA,2009,4,9,5,7.2,,,,,,,,981.4,,1.8,,22,0,0,0,0,0,0,,,,
BASSTA,2009,4,9,6,8.2,,,,,,,,981.5,,2.2,,130,0,0,0,0,0,0,,,,
BASSTA,2009,4,9,7,9.8,,,,,,,,981.2,,2.7,,284,0,0,0,0,0,0,,,,
BASSTA,2009,4,9,8,12.2,,,,,,,,981,,1.9,,462,2106.3,76.2,0,0,0,0,,,,
BASSTA,2009,4,9,9,15.1,,,,,,,,980.6,,1.8,,592,1406.2,97.7,0,0,0,0,,,,
BASSTA,2009,4,9,10,16.7,,,,,,,,979.9,,2.2,,683,1133.5,112.7,0,0,0,0,,,,
BASSTA,2009,4,9,11,18.3,,,,,,,,979,,1.8,,728,969,120.1,0,0,0,0,,,,
BASSTA,2009,4,9,12,19.9,,,,,,,,978,,1.9,,720,811.7,139.2,0,0,0,0,,,,
BASSTA,2009,4,9,13,20.5,,,,,,,,977.2,,2.4,,668,573.8,230.9,0,0,0,0,,,,
BASSTA,2009,4,9,14,20.8,,,,,,,,976.5,,2.1,,562,316.2,320.8,0,0,0,0,,,,
BASSTA,2009,4,9,15,21.1,,,,,,,,976,,1.8,,431,135.3,333.8,0,0,0,0,,,,
BASSTA,2009,4,9,16,20.8,,,,,,,,975.6,,2.1,,259,21.3,245.6,0,0,0,0,,,,
BASSTA,2009,4,9,17,20.1,,,,,,,,975.4,,2.1,,100,2.5,98.7,0,0,0,0,,,,
BASSTA,2009,4,9,18,18.7,,,,,,,,975.3,,1.4,,9,0,9,0,0,0,0,,,,
BASSTA,2009,4,9,19,16,,,,,,,,975.6,,0.6,,1,0,1,0,0,0,0,,,,
BASSTA,2009,4,9,20,14.2,,,,,,,,975.8,,0.3,,1,0,0,0,0,0,0,,,,
BASSTA,2009,4,9,21,12.7,,,,,,,,975.8,,0.8,,2,0,0,0,0,0,0,,,,
BASSTA,2009,4,9,22,11.4,,,,,,,,975.7,,0.9,,1,0,0,0,0,0,0,,,,
BASSTA,2009,4,9,23,11.6,,,,,,,,975.7,,1.4,,2,0,0,0,0,0,0,,,,
BASSTA,2009,4,10,0,9.9,,,,,,,,975.6,,1.5,,1,0,0,0,0,0,0,,,,
BASSTA,2009,4,10,1,9.4,,,,,,,,975.3,,1,,2,0,0,0,0,0,0,,,,
BASSTA,2009,4,10,2,9.3,,,,,,,,975.1,,2.2,,2,0,0,0,0,0,0,,,,
BASSTA,2009,4,10,3,9.4,,,,,,,,975,,2.7,,2,0,0,0,0,0,0,,,,
BASSTA,2009,4,10,4,8.9,,,,,,,,974.8,,2.6,,2,0,0,0,0,0,0,,,,
BASSTA,2009,4,10,5,8.4,,,,,,,,974.7,,2.2,,24,0,0,0,0,0,0,,,,
BASSTA,2009,4,10,6,9.2,,,,,,,,974.7,,2.2,,142,0,0,0,0,0,0,,,,
BASSTA,2009,4,10,7,11.3,,,,,,,,974.5,,1.5,,312,0,0,0,0,0,0,,,,
BASSTA,2009,4,10,8,14.3,,,,,,,,974,,1.7,,477,2112.5,78.7,0,0,0,0,,,,
BASSTA,2009,4,10,9,16.5,,,,,,,,973.5,,0.8,,604,1413.7,99.7,0,0,0,0,,,,
BASSTA,2009,4,10,10,18.4,,,,,,,,972.7,,0.5,,704,1156.9,116.2,0,0,0,0,,,,
BASSTA,2009,4,10,11,20.3,,,,,,,,971.9,,0.8,,749,989.5,123.6,0,0,0,0,,,,
BASSTA,2009,4,10,12,21.6,,,,,,,,971,,1.6,,743,849.6,131.3,0,0,0,0,,,,
BASSTA,2009,4,10,13,22.8,,,,,,,,970.2,,1.4,,694,631.5,210.3,0,0,0,0,,,,
BASSTA,2009,4,10,14,22.7,,,,,,,,969.4,,1.4,,595,383.3,301,0,0,0,0,,,,
BASSTA,2009,4,10,15,23.2,,,,,,,,968.9,,1.5,,453,164.6,334,0,0,0,0,,,,
BASSTA,2009,4,10,16,22.9,,,,,,,,968.6,,1.6,,282,31.8,261.8,0,0,0,0,,,,
BASSTA,2009,4,10,17,22,,,,,,,,968.3,,1.4,,112,3.1,110.4,0,0,0,0,,,,
BASSTA,2009,4,10,18,20.7,,,,,,,,968.4,,1.5,,7,0,7,0,0,0,0,,,,
BASSTA,2009,4,10,19,18.6,,,,,,,,968.9,,1.9,,0,0,0,0,0,0,0,,,,
BASSTA,2009,4,10,20,17.2,,,,,,,,969.1,,2.7,,1,0,0,0,0,0,0,,,,
BASSTA,2009,4,10,21,14.8,,,,,,,,969.6,,2.1,,1,0,0,0,0,0,0,,,,
BASSTA,2009,4,10,22,12.7,,,,,,,,970.1,,1.6,,1,0,0,0,0,0,0,,,,
BASSTA,2009,4,10,23,13.6,,,,,,,,970.5,,2,,1,0,0,0,0,0,0,,,,
BASSTA,2009,4,11,0,11.8,,,,,,,,970.6,,1.1,,1,0,0,0,0,0,0,,,,
BASSTA,2009,4,11,1,11.3,,,,,,,,970.6,,1.4,,2,0,0,0,0,0,0,,,,
BASSTA,2009,4,11,2,11,,,,,,,,970.6,,1.7,,1,0,0,0,0,0,0,,,,
BASSTA,2009,4,11,3,10.2,,,,,,,,970.8,,2.4,,2,0,0,0,0,0,0,,,,
BASSTA,2009,4,11,4,9.4,,,,,,,,971.1,,2.9,,2,0,0,0,0,0,0,,,,
BASSTA,2009,4,11,5,9.2,,,,,,,,971.6,,2.6,,26,0,0,0,0,0,0,,,,
BASSTA,2009,4,11,6,10.3,,,,,,,,971.9,,1.8,,164,0,0,0,0,0,0,,,,
BASSTA,2009,4,11,7,12.7,,,,,,,,972.1,,1.1,,307,0,0,0,0,0,0,,,,
BASSTA,2009,4,11,8,14.9,,,,,,,,972.1,,0.5,,396,1705.4,65.3,0,0,0,0,,,,
BASSTA,2009,4,11,9,16.5,,,,,,,,972,,1.1,,466,1075.2,76.9,0,0,0,0,,,,
BASSTA,2009,4,11,10,18,,,,,,,,971.5,,1,,716,1165.3,118.1,0,0,0,0,,,,
BASSTA,2009,4,11,11,19.6,,,,,,,,970.8,,1.5,,734,962.6,121.1,0,0,0,0,,,,
BASSTA,2009,4,11,12,20.9,,,,,,,,970.3,,1.5,,753,859.7,130.2,0,0,0,0,,,,
BASSTA,2009,4,11,13,22,,,,,,,,969.9,,2,,674,571.7,233.7,0,0,0,0,,,,
BASSTA,2009,4,11,14,22.1,,,,,,,,969.5,,1.1,,454,125.4,357.4,0,0,0,0,,,,
BASSTA,2009,4,11,15,22.6,,,,,,,,969.3,,1.5,,363,57.9,320.9,0,0,0,0,,,,
BASSTA,2009,4,11,16,22,,,,,,,,969.4,,2,,185,5.5,181.5,0,0,0,0,,,,
BASSTA,2009,4,11,17,20.9,,,,,,,,969.5,,1.7,,83,1.7,82.1,0,0,0,0,,,,
BASSTA,2009,4,11,18,19.1,,,,,,,,969.8,,1,,7,0,7,0,0,0,0,,,,
BASSTA,2009,4,11,19,17.4,,,,,,,,970.4,,1.9,,1,0,1,0,0,0,0,,,,
BASSTA,2009,4,11,20,16.1,,,,,,,,970.7,,1.2,,1,0,0,0,0,0,0,,,,
BASSTA,2009,4,11,21,15.2,,,,,,,,970.6,,1.5,,1,0,0,0,0,0,0,,,,
BASSTA,2009,4,11,22,13.4,,,,,,,,970.7,,1.5,,2,0,0,0,0,0,0,,,,
BASSTA,2009,4,11,23,12.2,,,,,,,,970.9,,0.7,,2,0,0,0,0,0,0,,,,
BASSTA,2009,4,12,0,10.8,,,,,,,,971.3,,1.7,,1,0,0,0,0,0,0,,,,
BASSTA,2009,4,12,1,10.8,,,,,,,,971.5,,0.7,,3,0,0,0,0,0,0,,,,
BASSTA,2009,4,12,2,10.6,,,,,,,,971.6,,1,,2,0,0,0,0,0,0,,,,
BASSTA,2009,4,12,3,10.4,,,,,,,,971.7,,1.7,,3,0,0,0,0,0,0,,,,
BASSTA,2009,4,12,4,9.9,,,,,,,,971.7,,1.7,,3,0,0,0,0,0,0,,,,
BASSTA,2009,4,12,5,9.9,,,,,,,,972,,1.8,,14,0,0,0,0,0,0,,,,
BASSTA,2009,4,12,6,9.9,,,,,,,,972.2,,1.4,,77,0,0,0,0,0,0,,,,
BASSTA,2009,4,12,7,11.1,,,,,,,,972.4,,0.4,,161,0,0,0,0,0,0,,,,
BASSTA,2009,4,12,8,12.6,,,,,,,,972.5,,0.5,,255,1068.9,42.1,0,0,0,0,,,,
BASSTA,2009,4,12,9,14,,,,,,,,972.6,,0.7,,361,776.3,76.1,0,0,0,0,,,,
BASSTA,2009,4,12,10,15.1,,,,,,,,972.5,,0.9,,397,368.1,206.4,0,0,0,0,,,,
BASSTA,2009,4,12,11,16,,,,,,,,972.4,,0.9,,494,374.6,253.7,0,0,0,0,,,,
BASSTA,2009,4,12,12,17.6,,,,,,,,972,,0.9,,624,535.4,233.8,0,0,0,0,,,,
BASSTA,2009,4,12,13,18.4,,,,,,,,971.6,,1,,500,187.5,354.8,0,0,0,0,,,,
BASSTA,2009,4,12,14,18.7,,,,,,,,971.4,,1.2,,331,26.5,310.5,0,0,0,0,,,,
BASSTA,2009,4,12,15,18.7,,,,,,,,971.3,,1.6,,223,6.3,218.4,0,0,0,0,,,,
BASSTA,2009,4,12,16,18.2,,,,,,,,971.5,,1.4,,107,1.8,105.8,0,0,0,0,,,,
BASSTA,2009,4,12,17,17.2,,,,,,,,971.7,,1.7,,43,0.5,42.8,0,0,0,0,,,,
BASSTA,2009,4,12,18,15.7,,,,,,,,972.1,,1.6,,6,0,6,0,0,0,0,,,,
BASSTA,2009,4,12,19,13.9,,,,,,,,972.5,,1.9,,2,0,2,0,0,0,0,,,,
BASSTA,2009,4,12,20,13.1,,,,,,,,972.6,,3.1,,2,0,0,0,0,0,0,,,,
BASSTA,2009,4,12,21,12.7,,,,,,,,972.5,,3.2,,2,0,0,0,0,0,0,,,,
BASSTA,2009,4,12,22,11.9,,,,,,,,972.4,,1.5,,3,0,0,0,0,0,0,,,,
BASSTA,2009,4,12,23,11.1,,,,,,,,972.4,,1.4,,2,0,0,0,0,0,0,,,,
BASSTA,2009,4,13,0,10.2,,,,,,,,972.2,,1,,3,0,0,0,0,0,0,,,,
BASSTA,2009,4,13,1,10.1,,,,,,,,971.9,,0.9,,2,0,0,0,0,0,0,,,,
BASSTA,2009,4,13,2,9.3,,,,,,,,971.8,,1.2,,3,0,0,0,0,0,0,,,,
BASSTA,2009,4,13,3,8.5,,,,,,,,971.7,,1,,2,0,0,0,0,0,0,,,,
BASSTA,2009,4,13,4,8.6,,,,,,,,971.8,,1.5,,3,0,0,0,0,0,0,,,,
BASSTA,2009,4,13,5,8.4,,,,,,,,972,,1.2,,32,0,0,0,0,0,0,,,,
BASSTA,2009,4,13,6,9.6,,,,,,,,972.2,,0.8,,147,0,0,0,0,0,0,,,,
BASSTA,2009,4,13,7,11.6,,,,,,,,972.3,,0.9,,307,0,0,0,0,0,0,,,,
BASSTA,2009,4,13,8,13.9,,,,,,,,972.2,,0.6,,470,1919.7,77.5,0,0,0,0,,,,
BASSTA,2009,4,13,9,16.4,,,,,,,,972,,1.4,,593,1330.8,97.8,0,0,0,0,,,,
BASSTA,2009,4,13,10,17.9,,,,,,,,971.5,,1.5,,689,1100.6,113.7,0,0,0,0,,,,
BASSTA,2009,4,13,11,18.9,,,,,,,,971.1,,2.1,,585,633,176.2,0,0,0,0,,,,
BASSTA,2009,4,13,12,20,,,,,,,,970.7,,2.5,,679,672.6,185.9,0,0,0,0,,,,
BASSTA,2009,4,13,13,20.5,,,,,,,,970.4,,2.3,,470,140.7,360.5,0,0,0,0,,,,
BASSTA,2009,4,13,14,20.6,,,,,,,,969.8,,2.5,,352,35.4,324.5,0,0,0,0,,,,
BASSTA,2009,4,13,15,21.5,,,,,,,,969.3,,2.5,,370,60.8,325.4,0,0,0,0,,,,
BASSTA,2009,4,13,16,20.7,,,,,,,,969.2,,1.5,,189,5.6,185.3,0,0,0,0,,,,
BASSTA,2009,4,13,17,18.9,,,,,,,,969.5,,3.6,,48,0.6,47.7,0,0,0,0,,,,
BASSTA,2009,4,13,18,16.9,,,,,,,,970.1,,1.5,,7,0,7,0,0,0,0,,,,
BASSTA,2009,4,13,19,15.9,,,,,,,,970.8,,2.2,,2,0,2,0,0,0,0,,,,
BASSTA,2009,4,13,20,15,,,,,,,,971.1,,1.5,,3,0,0,0,0,0,0,,,,
BASSTA,2009,4,13,21,14.1,,,,,,,,971.1,,2.6,,2,0,0,0,0,0,0,,,,
BASSTA,2009,4,13,22,13,,,,,,,,971.4,,0.8,,3,0,0,0,0,0,0,,,,
BASSTA,2009,4,13,23,12.7,,,,,,,,971.6,,1,,2,0,0,0,0,0,0,,,,
BASSTA,2009,4,14,0,11.8,,,,,,,,971.7,,0.6,,3,0,0,0,0,0,0,,,,
BASSTA,2009,4,14,1,11.3,,,,,,,,971.6,,0.7,,3,0,0,0,0,0,0,,,,
BASSTA,2009,4,14,2,10.9,,,,,,,,971.8,,1.4,,3,0,0,0,0,0,0,,,,
BASSTA,2009,4,14,3,9.8,,,,,,,,971.7,,1.2,,3,0,0,0,0,0,0,,,,
BASSTA,2009,4,14,4,9.7,,,,,,,,971.7,,0.9,,2,0,0,0,0,0,0,,,,
BASSTA,2009,4,14,5,9.3,,,,,,,,971.9,,0.8,,28,0,0,0,0,0,0,,,,
BASSTA,2009,4,14,6,10.1,,,,,,,,972.2,,1,,134,0,0,0,0,0,0,,,,
BASSTA,2009,4,14,7,12.3,,,,,,,,972.4,,1.1,,289,0,0,0,0,0,0,,,,
BASSTA,2009,4,14,8,14.5,,,,,,,,972.3,,1.2,,434,1728.8,71.6,0,0,0,0,,,,
BASSTA,2009,4,14,9,16.2,,,,,,,,972.1,,0.5,,570,1262.3,94.1,0,0,0,0,,,,
BASSTA,2009,4,14,10,17.8,,,,,,,,971.7,,0.6,,677,1071.7,111.7,0,0,0,0,,,,
BASSTA,2009,4,14,11,19.4,,,,,,,,971.2,,1,,737,946.3,121.6,0,0,0,0,,,,
BASSTA,2009,4,14,12,21.2,,,,,,,,970.8,,1.6,,730,788.2,148.9,0,0,0,0,,,,
BASSTA,2009,4,14,13,21.1,,,,,,,,970.4,,1.1,,410,73.4,352.6,0,0,0,0,,,,
BASSTA,2009,4,14,14,22.9,,,,,,,,969.9,,1.8,,596,360.9,313.6,0,0,0,0,,,,
BASSTA,2009,4,14,15,23.1,,,,,,,,969.7,,2.2,,462,165.3,340.1,0,0,0,0,,,,
BASSTA,2009,4,14,16,22.5,,,,,,,,969.7,,2.3,,278,26.6,260.7,0,0,0,0,,,,
BASSTA,2009,4,14,17,20.9,,,,,,,,969.7,,1.6,,100,2.4,98.7,0,0,0,0,,,,
BASSTA,2009,4,14,18,19.1,,,,,,,,969.9,,1.4,,7,0,7,0,0,0,0,,,,
BASSTA,2009,4,14,19,16.6,,,,,,,,970.8,,2.1,,1,0,1,0,0,0,0,,,,
BASSTA,2009,4,14,20,15.1,,,,,,,,971.2,,2.9,,1,0,0,0,0,0,0,,,,
BASSTA,2009,4,14,21,13.5,,,,,,,,971.3,,2.2,,1,0,0,0,0,0,0,,,,
BASSTA,2009,4,14,22,12.7,,,,,,,,971.3,,0.6,,1,0,0,0,0,0,0,,,,
BASSTA,2009,4,14,23,11.8,,,,,,,,971.4,,1.2,,1,0,0,0,0,0,0,,,,
BASSTA,2009,4,15,0,11,,,,,,,,971.4,,1.6,,1,0,0,0,0,0,0,,,,
BASSTA,2009,4,15,1,10.4,,,,,,,,971.6,,1.6,,1,0,0,0,0,0,0,,,,
BASSTA,2009,4,15,2,10,,,,,,,,971.6,,1.5,,1,0,0,0,0,0,0,,,,
BASSTA,2009,4,15,3,9,,,,,,,,971.8,,1.8,,3,0,0,0,0,0,0,,,,
BASSTA,2009,4,15,4,8.3,,,,,,,,971.8,,1.7,,2,0,0,0,0,0,0,,,,
BASSTA,2009,4,15,5,8.8,,,,,,,,972.2,,1.4,,34,0,0,0,0,0,0,,,,
BASSTA,2009,4,15,6,10.1,,,,,,,,972.3,,1.7,,158,0,0,0,0,0,0,,,,
BASSTA,2009,4,15,7,12.6,,,,,,,,972.5,,0.9,,320,0,0,0,0,0,0,,,,
BASSTA,2009,4,15,8,15.3,,,,,,,,972.3,,0.9,,471,1831.3,77.7,0,0,0,0,,,,
BASSTA,2009,4,15,9,17.4,,,,,,,,972,,0.8,,610,1333.5,100.7,0,0,0,0,,,,
BASSTA,2009,4,15,10,19.4,,,,,,,,971.4,,0.7,,708,1111,116.8,0,0,0,0,,,,
BASSTA,2009,4,15,11,20.6,,,,,,,,970.8,,1,,757,965.4,124.9,0,0,0,0,,,,
BASSTA,2009,4,15,12,22,,,,,,,,970.4,,1.2,,712,737.2,165.4,0,0,0,0,,,,
BASSTA,2009,4,15,13,23.1,,,,,,,,969.8,,1.5,,648,475.4,274.2,0,0,0,0,,,,
BASSTA,2009,4,15,14,23.5,,,,,,,,969.2,,2,,465,128.8,363.7,0,0,0,0,,,,
BASSTA,2009,4,15,15,23.4,,,,,,,,968.9,,2.1,,393,77.8,335.3,0,0,0,0,,,,
BASSTA,2009,4,15,16,22.9,,,,,,,,968.8,,2.1,,238,12.1,230.1,0,0,0,0,,,,
BASSTA,2009,4,15,17,22,,,,,,,,968.7,,1.5,,97,2.2,95.8,0,0,0,0,,,,
BASSTA,2009,4,15,18,19.7,,,,,,,,968.9,,0.9,,8,0,8,0,0,0,0,,,,
BASSTA,2009,4,15,19,17.6,,,,,,,,969.2,,0.5,,2,0,2,0,0,0,0,,,,
BASSTA,2009,4,15,20,15.7,,,,,,,,969.4,,0.5,,1,0,0,0,0,0,0,,,,
BASSTA,2009,4,15,21,15.6,,,,,,,,970.2,,2.8,,2,0,0,0,0,0,0,,,,
BASSTA,2009,4,15,22,15.6,,,,,,,,971.3,,3.3,,1,0,0,0,0,0,0,,,,
BASSTA,2009,4,15,23,14.7,,,,,,,,971.7,,2.4,,2,0,0,0,0,0,0,,,,
BASSTA,2009,4,16,0,14,,,,,,,,971.8,,2.9,,2,0,0,0,0,0,0,,,,
BASSTA,2009,4,16,1,13.1,,,,,,,,971.6,,2.4,,2,0,0,0,0,0,0,,,,
BASSTA,2009,4,16,2,12.7,,,,,,,,971.9,,2.6,,3,0,0,0,0,0,0,,,,
BASSTA,2009,4,16,3,12.6,,,,,,,,971.7,,2.8,,3,0,0,0,0,0,0,,,,
BASSTA,2009,4,16,4,12.6,,,,,,,,971.3,,3,,3,0,0,0,0,0,0,,,,
BASSTA,2009,4,16,5,12.9,,,,,,,,971.3,,2,,16,0,0,0,0,0,0,,,,
BASSTA,2009,4,16,6,12.8,,,,,,,,971.1,,2.3,,49,0,0,0,0,0,0,,,,
BASSTA,2009,4,16,7,13.2,,,,,,,,970.8,,2.8,,78,0,0,0,0,0,0,,,,
BASSTA,2009,4,16,8,13.3,,,,,,,,970.8,,3.5,,120,89.4,100.3,0,0,0,0,,,,
BASSTA,2009,4,16,9,13.5,,,,,,,,970.5,,2.9,,146,14.5,140.4,0,0,0,0,,,,
BASSTA,2009,4,16,10,13.8,,,,,,,,970.2,,2.6,,189,10.5,183.3,0,0,0,0,,,,
BASSTA,2009,4,16,11,15.3,,,,,,,,970,,3.4,,538,461,234.1,0,0,0,0,,,,
BASSTA,2009,4,16,12,13.4,,,,,,,,970.9,,7,,240,7.4,234.5,0,0,0,0,,,,
BASSTA,2009,4,16,13,8.4,,,,,,,,972.5,,3,,57,0.3,56.7,0,0,0,0,,,,
BASSTA,2009,4,16,14,9.4,,,,,,,,972.6,,0.8,,122,1.6,120.7,0,0,0,0,,,,
BASSTA,2009,4,16,15,9.8,,,,,,,,972.3,,1.1,,182,4,179,0,0,0,0,,,,
BASSTA,2009,4,16,16,9.7,,,,,,,,972.3,,1.6,,92,1.3,91.1,0,0,0,0,,,,
BASSTA,2009,4,16,17,9.5,,,,,,,,972.1,,1.8,,32,0.2,31.9,0,0,0,0,,,,
BASSTA,2009,4,16,18,9.3,,,,,,,,972,,2.1,,6,0,6,0,0,0,0,,,,
BASSTA,2009,4,16,19,9.2,,,,,,,,972.1,,1.4,,3,0,3,0,0,0,0,,,,
BASSTA,2009,4,16,20,9.1,,,,,,,,972.4,,1,,3,0,0,0,0,0,0,,,,
BASSTA,2009,4,16,21,9,,,,,,,,972.2,,0.8,,3,0,0,0,0,0,0,,,,
BASSTA,2009,4,16,22,9.2,,,,,,,,972.4,,1,,3,0,0,0,0,0,0,,,,
BASSTA,2009,4,16,23,9.3,,,,,,,,972.3,,0.5,,3,0,0,0,0,0,0,,,,
BASSTA,2009,4,17,0,9.1,,,,,,,,972.2,,0.7,,3,0,0,0,0,0,0,,,,
BASSTA,2009,4,17,1,8.9,,,,,,,,971.8,,0.4,,3,0,0,0,0,0,0,,,,
BASSTA,2009,4,17,2,8.7,,,,,,,,972.2,,1.3,,3,0,0,0,0,0,0,,,,
BASSTA,2009,4,17,3,8.5,,,,,,,,972.5,,1.1,,2,0,0,0,0,0,0,,,,
BASSTA,2009,4,17,4,8.2,,,,,,,,972.4,,1.1,,2,0,0,0,0,0,0,,,,
BASSTA,2009,4,17,5,8.3,,,,,,,,972.8,,0.5,,26,0,0,0,0,0,0,,,,
BASSTA,2009,4,17,6,9.2,,,,,,,,973.2,,1.7,,135,0,0,0,0,0,0,,,,
BASSTA,2009,4,17,7,10.9,,,,,,,,973.4,,3.3,,292,4492.4,48.2,0,0,0,0,,,,
BASSTA,2009,4,17,8,12.6,,,,,,,,973.7,,5.1,,465,1726.9,76.7,0,0,0,0,,,,
BASSTA,2009,4,17,9,11.7,,,,,,,,973.9,,5.1,,227,118.1,180.8,0,0,0,0,,,,
BASSTA,2009,4,17,10,12.8,,,,,,,,973.7,,4.1,,360,214,244.2,0,0,0,0,,,,
BASSTA,2009,4,17,11,12.6,,,,,,,,973.6,,4.2,,478,294.4,282.7,0,0,0,0,,,,
BASSTA,2009,4,17,12,13.7,,,,,,,,973.4,,4.3,,589,405.2,285.3,0,0,0,0,,,,
BASSTA,2009,4,17,13,14.7,,,,,,,,973.2,,3.7,,514,191.3,362.1,0,0,0,0,,,,
BASSTA,2009,4,17,14,13.7,,,,,,,,973.1,,5.1,,309,16.9,295.6,0,0,0,0,,,,
BASSTA,2009,4,17,15,13.3,,,,,,,,973.3,,3.6,,170,3.4,167.4,0,0,0,0,,,,
BASSTA,2009,4,17,16,12.6,,,,,,,,973.6,,4.3,,83,1,82.3,0,0,0,0,,,,
BASSTA,2009,4,17,17,12.7,,,,,,,,973.7,,3.5,,105,2.5,103.6,0,0,0,0,,,,
BASSTA,2009,4,17,18,11.9,,,,,,,,974,,3.1,,8,0,8,0,0,0,0,,,,
BASSTA,2009,4,17,19,11.4,,,,,,,,974.4,,2.5,,1,0,1,0,0,0,0,,,,
BASSTA,2009,4,17,20,10.9,,,,,,,,974.8,,1.7,,1,0,0,0,0,0,0,,,,
BASSTA,2009,4,17,21,10.4,,,,,,,,975,,2.2,,1,0,0,0,0,0,0,,,,
BASSTA,2009,4,17,22,9.6,,,,,,,,974.9,,1.9,,1,0,0,0,0,0,0,,,,
BASSTA,2009,4,17,23,9.6,,,,,,,,975.1,,0.5,,1,0,0,0,0,0,0,,,,
BASSTA,2009,4,18,0,9,,,,,,,,975.2,,0.5,,1,0,0,0,0,0,0,,,,
BASSTA,2009,4,18,1,8.2,,,,,,,,975.1,,1.2,,1,0,0,0,0,0,0,,,,
BASSTA,2009,4,18,2,7.8,,,,,,,,975.2,,0.7,,1,0,0,0,0,0,0,,,,
BASSTA,2009,4,18,3,7.4,,,,,,,,975.1,,2,,2,0,0,0,0,0,0,,,,
BASSTA,2009,4,18,4,7.6,,,,,,,,975.2,,1.8,,2,0,0,0,0,0,0,,,,
BASSTA,2009,4,18,5,7.7,,,,,,,,975.5,,1.8,,41,0,0,0,0,0,0,,,,
BASSTA,2009,4,18,6,9.3,,,,,,,,975.8,,0.8,,184,0,0,0,0,0,0,,,,
BASSTA,2009,4,18,7,10.6,,,,,,,,976.2,,0.9,,265,3736.5,43.7,0,0,0,0,,,,
BASSTA,2009,4,18,8,12.3,,,,,,,,976.3,,1.4,,506,1838.7,83.5,0,0,0,0,,,,
BASSTA,2009,4,18,9,13.5,,,,,,,,976.3,,3.1,,467,983.8,77.1,0,0,0,0,,,,
BASSTA,2009,4,18,10,14.3,,,,,,,,976.2,,4.2,,502,663.5,139.9,0,0,0,0,,,,
BASSTA,2009,4,18,11,15.6,,,,,,,,975.9,,4.2,,738,923.1,121.8,0,0,0,0,,,,
BASSTA,2009,4,18,12,13.4,,,,,,,,976,,6.1,,395,74.2,339.1,0,0,0,0,,,,
BASSTA,2009,4,18,13,14.6,,,,,,,,975.7,,3.6,,512,184.9,364.5,0,0,0,0,,,,
BASSTA,2009,4,18,14,15,,,,,,,,975.5,,3,,319,19.4,303.6,0,0,0,0,,,,
BASSTA,2009,4,18,15,14.7,,,,,,,,975.7,,6,,404,83.5,341.3,0,0,0,0,,,,
BASSTA,2009,4,18,16,13.1,,,,,,,,976.4,,2,,129,2.5,127.3,0,0,0,0,,,,
BASSTA,2009,4,18,17,12.6,,,,,,,,976.8,,1.7,,172,7.1,168.1,0,0,0,0,,,,
BASSTA,2009,4,18,18,11.2,,,,,,,,977.2,,2,,19,0.2,18.9,0,0,0,0,,,,
BASSTA,2009,4,18,19,9.7,,,,,,,,977.7,,1.5,,2,0,2,0,0,0,0,,,,
BASSTA,2009,4,18,20,8.4,,,,,,,,978.1,,1.8,,1,0,1,0,0,0,0,,,,
BASSTA,2009,4,18,21,7.9,,,,,,,,978.4,,1.9,,2,0,0,0,0,0,0,,,,
BASSTA,2009,4,18,22,7.9,,,,,,,,978.6,,1.4,,2,0,0,0,0,0,0,,,,
BASSTA,2009,4,18,23,7.4,,,,,,,,978.7,,1.2,,2,0,0,0,0,0,0,,,,
BASSTA,2009,4,19,0,7.2,,,,,,,,978.7,,1.3,,2,0,0,0,0,0,0,,,,
BASSTA,2009,4,19,1,6.6,,,,,,,,978.8,,1,,2,0,0,0,0,0,0,,,,
BASSTA,2009,4,19,2,5.2,,,,,,,,979.1,,0.7,,2,0,0,0,0,0,0,,,,
BASSTA,2009,4,19,3,4.5,,,,,,,,979.2,,1.5,,3,0,0,0,0,0,0,,,,
BASSTA,2009,4,19,4,4.2,,,,,,,,979.6,,1.3,,4,0,0,0,0,0,0,,,,
BASSTA,2009,4,19,5,5.1,,,,,,,,979.9,,1.5,,29,0,0,0,0,0,0,,,,
BASSTA,2009,4,19,6,6.3,,,,,,,,980.4,,1.1,,137,0,0,0,0,0,0,,,,
BASSTA,2009,4,19,7,7.3,,,,,,,,980.7,,1.6,,271,3528.6,44.7,0,0,0,0,,,,
BASSTA,2009,4,19,8,8.5,,,,,,,,980.8,,1.9,,372,1323.6,61.4,0,0,0,0,,,,
BASSTA,2009,4,19,9,9.5,,,,,,,,981.1,,2,,598,1245.2,98.7,0,0,0,0,,,,
BASSTA,2009,4,19,10,11.3,,,,,,,,981,,2,,619,939.5,102.1,0,0,0,0,,,,
BASSTA,2009,4,19,11,13.4,,,,,,,,980.8,,1.5,,656,768,140.1,0,0,0,0,,,,
BASSTA,2009,4,19,12,14.2,,,,,,,,980.6,,2.2,,604,427.7,280,0,0,0,0,,,,
BASSTA,2009,4,19,13,15.7,,,,,,,,980.4,,2.5,,657,469.8,280.6,0,0,0,0,,,,
BASSTA,2009,4,19,14,17,,,,,,,,980.3,,2,,569,280.2,344.7,0,0,0,0,,,,
BASSTA,2009,4,19,15,16.8,,,,,,,,980.1,,2.5,,312,22.8,294.8,0,0,0,0,,,,
BASSTA,2009,4,19,16,16.8,,,,,,,,980.1,,2.3,,180,4.8,176.8,0,0,0,0,,,,
BASSTA,2009,4,19,17,16.6,,,,,,,,980.2,,2.2,,91,1.8,90,0,0,0,0,,,,
BASSTA,2009,4,19,18,15.7,,,,,,,,980.4,,2.1,,14,0.1,14,0,0,0,0,,,,
BASSTA,2009,4,19,19,14.8,,,,,,,,980.8,,1.9,,2,0,2,0,0,0,0,,,,
BASSTA,2009,4,19,20,13.3,,,,,,,,981,,1.4,,1,0,1,0,0,0,0,,,,
BASSTA,2009,4,19,21,12.8,,,,,,,,981,,1.8,,3,0,0,0,0,0,0,,,,
BASSTA,2009,4,19,22,12.2,,,,,,,,981.1,,1.9,,2,0,0,0,0,0,0,,,,
BASSTA,2009,4,19,23,11.6,,,,,,,,981.3,,1.9,,2,0,0,0,0,0,0,,,,
BASSTA,2009,4,20,0,10.8,,,,,,,,981.1,,1.6,,2,0,0,0,0,0,0,,,,
BASSTA,2009,4,20,1,10,,,,,,,,981.1,,1.8,,2,0,0,0,0,0,0,,,,
BASSTA,2009,4,20,2,9.8,,,,,,,,981.1,,1.9,,3,0,0,0,0,0,0,,,,
BASSTA,2009,4,20,3,9.5,,,,,,,,981.3,,1.8,,3,0,0,0,0,0,0,,,,
BASSTA,2009,4,20,4,9.6,,,,,,,,981.5,,1.8,,3,0,0,0,0,0,0,,,,
BASSTA,2009,4,20,5,9.7,,,,,,,,981.9,,1.5,,28,0,0,0,0,0,0,,,,
BASSTA,2009,4,20,6,10,,,,,,,,982.2,,1.7,,93,0,0,0,0,0,0,,,,
BASSTA,2009,4,20,7,10.4,,,,,,,,982.2,,1.9,,167,2021,27.6,0,0,0,0,,,,
BASSTA,2009,4,20,8,11.4,,,,,,,,982.1,,2,,322,1122.7,53.1,0,0,0,0,,,,
BASSTA,2009,4,20,9,12.9,,,,,,,,982,,1.9,,502,1033.5,82.8,0,0,0,0,,,,
BASSTA,2009,4,20,10,14.4,,,,,,,,981.9,,1.2,,522,705.6,130.8,0,0,0,0,,,,
BASSTA,2009,4,20,11,15.2,,,,,,,,981.6,,1.5,,363,83.6,306.5,0,0,0,0,,,,
BASSTA,2009,4,20,12,16.7,,,,,,,,981.3,,1.3,,489,186.2,347.3,0,0,0,0,,,,
BASSTA,2009,4,20,13,18.4,,,,,,,,980.8,,2.1,,714,601,230.3,0,0,0,0,,,,
BASSTA,2009,4,20,14,19.3,,,,,,,,980.2,,1.8,,586,309.1,337.5,0,0,0,0,,,,
BASSTA,2009,4,20,15,19.3,,,,,,,,979.8,,1.6,,225,5.9,220.6,0,0,0,0,,,,
BASSTA,2009,4,20,16,18,,,,,,,,979.8,,3.3,,85,1.1,84.3,0,0,0,0,,,,
BASSTA,2009,4,20,17,16.8,,,,,,,,980.1,,2,,30,0.2,29.9,0,0,0,0,,,,
BASSTA,2009,4,20,18,15.3,,,,,,,,980.4,,2,,3,0,3,0,0,0,0,,,,
BASSTA,2009,4,20,19,14.3,,,,,,,,981,,2.3,,2,0,2,0,0,0,0,,,,
BASSTA,2009,4,20,20,13.7,,,,,,,,981.3,,2.4,,2,0.1,2,0,0,0,0,,,,
BASSTA,2009,4,20,21,12.8,,,,,,,,981.2,,2.6,,2,0,0,0,0,0,0,,,,
BASSTA,2009,4,20,22,12.7,,,,,,,,981.6,,3.1,,3,0,0,0,0,0,0,,,,
BASSTA,2009,4,20,23,12.5,,,,,,,,981.7,,2.1,,2,0,0,0,0,0,0,,,,
BASSTA,2009,4,21,0,11.4,,,,,,,,981.5,,2.1,,2,0,0,0,0,0,0,,,,
BASSTA,2009,4,21,1,11,,,,,,,,981.3,,2.4,,2,0,0,0,0,0,0,,,,
BASSTA,2009,4,21,2,10.5,,,,,,,,981.3,,2.3,,2,0,0,0,0,0,0,,,,
BASSTA,2009,4,21,3,10.4,,,,,,,,981.4,,2.1,,3,0,0,0,0,0,0,,,,
BASSTA,2009,4,21,4,9.9,,,,,,,,981.7,,2,,3,0,0,0,0,0,0,,,,
BASSTA,2009,4,21,5,10.2,,,,,,,,982.3,,1.9,,60,0,0,0,0,0,0,,,,
BASSTA,2009,4,21,6,11.5,,,,,,,,982.6,,2,,162,0,0,0,0,0,0,,,,
BASSTA,2009,4,21,7,12.3,,,,,,,,982.8,,1.7,,268,3031.6,44.2,0,0,0,0,,,,
BASSTA,2009,4,21,8,13.6,,,,,,,,982.9,,1.4,,488,1668.4,80.5,0,0,0,0,,,,
BASSTA,2009,4,21,9,15.3,,,,,,,,982.7,,2.2,,615,1252.2,101.5,0,0,0,0,,,,
BASSTA,2009,4,21,10,16.3,,,,,,,,982.4,,2.1,,690,1031.2,113.9,0,0,0,0,,,,
BASSTA,2009,4,21,11,18.2,,,,,,,,981.9,,2.4,,792,972.9,130.7,0,0,0,0,,,,
BASSTA,2009,4,21,12,19.4,,,,,,,,981.7,,2.4,,722,710.6,178.4,0,0,0,0,,,,
BASSTA,2009,4,21,13,20.6,,,,,,,,981.1,,2.9,,605,341.7,328.7,0,0,0,0,,,,
BASSTA,2009,4,21,14,20.7,,,,,,,,980.6,,2.9,,387,48.3,348,0,0,0,0,,,,
BASSTA,2009,4,21,15,17.4,,,,,,,,980.7,,2.9,,44,0.2,43.8,0,0,0,0,,,,
BASSTA,2009,4,21,16,14.2,,,,,,,,981.3,,2,,7,0,7,0,0,0,0,,,,
BASSTA,2009,4,21,17,13.9,,,,,,,,981.5,,2.8,,7,0,7,0,0,0,0,,,,
BASSTA,2009,4,21,18,13.9,,,,,,,,982,,1.8,,4,0,4,0,0,0,0,,,,
BASSTA,2009,4,21,19,13.8,,,,,,,,982.5,,2.6,,2,0,2,0,0,0,0,,,,
BASSTA,2009,4,21,20,13.7,,,,,,,,983,,2.8,,2,0.1,2,0,0,0,0,,,,
BASSTA,2009,4,21,21,13.5,,,,,,,,983.1,,3.5,,3,0,0,0,0,0,0,,,,
BASSTA,2009,4,21,22,13.2,,,,,,,,983.1,,2.6,,3,0,0,0,0,0,0,,,,
BASSTA,2009,4,21,23,13.1,,,,,,,,983.3,,2.3,,3,0,0,0,0,0,0,,,,
BASSTA,2009,4,22,0,12.9,,,,,,,,983.2,,2.7,,3,0,0,0,0,0,0,,,,
BASSTA,2009,4,22,1,12.5,,,,,,,,983.2,,2.7,,2,0,0,0,0,0,0,,,,
BASSTA,2009,4,22,2,12.3,,,,,,,,983.3,,2.4,,3,0,0,0,0,0,0,,,,
BASSTA,2009,4,22,3,11.7,,,,,,,,983.4,,2.2,,2,0,0,0,0,0,0,,,,
BASSTA,2009,4,22,4,11.1,,,,,,,,983.4,,2.3,,4,0,0,0,0,0,0,,,,
BASSTA,2009,4,22,5,11,,,,,,,,983.8,,2.1,,37,0,0,0,0,0,0,,,,
BASSTA,2009,4,22,6,11.7,,,,,,,,984,,2.1,,134,0,0,0,0,0,0,,,,
BASSTA,2009,4,22,7,12.9,,,,,,,,984.2,,1.2,,229,2433.2,37.8,0,0,0,0,,,,
BASSTA,2009,4,22,8,14.4,,,,,,,,984.2,,2.1,,426,1429.1,70.3,0,0,0,0,,,,
BASSTA,2009,4,22,9,15.6,,,,,,,,984.3,,2.3,,562,1132,92.7,0,0,0,0,,,,
BASSTA,2009,4,22,10,17.1,,,,,,,,983.8,,2.8,,675,1001.3,111.4,0,0,0,0,,,,
BASSTA,2009,4,22,11,19,,,,,,,,983.3,,3.2,,772,942.9,127.4,0,0,0,0,,,,
BASSTA,2009,4,22,12,20.1,,,,,,,,982.8,,3,,776,822.2,144.1,0,0,0,0,,,,
BASSTA,2009,4,22,13,20.6,,,,,,,,982.2,,2.6,,731,628.2,221,0,0,0,0,,,,
BASSTA,2009,4,22,14,20.7,,,,,,,,981.9,,2.5,,556,244.5,357.8,0,0,0,0,,,,
BASSTA,2009,4,22,15,20.3,,,,,,,,981.6,,3,,389,64.6,339.6,0,0,0,0,,,,
BASSTA,2009,4,22,16,19.2,,,,,,,,981.8,,3.1,,238,10.5,230.9,0,0,0,0,,,,
BASSTA,2009,4,22,17,17.8,,,,,,,,982.1,,3.1,,82,1.5,81.2,0,0,0,0,,,,
BASSTA,2009,4,22,18,16.7,,,,,,,,982.8,,2.6,,10,0,10,0,0,0,0,,,,
BASSTA,2009,4,22,19,15.7,,,,,,,,983.4,,2.1,,1,0,1,0,0,0,0,,,,
BASSTA,2009,4,22,20,14.8,,,,,,,,983.9,,2,,2,0.1,2,0,0,0,0,,,,
BASSTA,2009,4,22,21,13.9,,,,,,,,984.1,,2,,2,0,0,0,0,0,0,,,,
BASSTA,2009,4,22,22,13.5,,,,,,,,984,,1.7,,2,0,0,0,0,0,0,,,,
BASSTA,2009,4,22,23,12.5,,,,,,,,983.9,,2.4,,2,0,0,0,0,0,0,,,,
BASSTA,2009,4,23,0,11.6,,,,,,,,983.9,,3.2,,2,0,0,0,0,0,0,,,,
BASSTA,2009,4,23,1,11.2,,,,,,,,983.9,,2.8,,2,0,0,0,0,0,0,,,,
BASSTA,2009,4,23,2,10.3,,,,,,,,983.9,,1.8,,2,0,0,0,0,0,0,,,,
BASSTA,2009,4,23,3,9.6,,,,,,,,984,,1.7,,2,0,0,0,0,0,0,,,,
BASSTA,2009,4,23,4,8.5,,,,,,,,984.1,,1.7,,4,0,0,0,0,0,0,,,,
BASSTA,2009,4,23,5,8,,,,,,,,984.3,,1.7,,50,0,0,0,0,0,0,,,,
BASSTA,2009,4,23,6,9,,,,,,,,984.7,,2.7,,196,0,0,0,0,0,0,,,,
BASSTA,2009,4,23,7,10.1,,,,,,,,984.8,,2.5,,368,3688.9,60.7,0,0,0,0,,,,
BASSTA,2009,4,23,8,11.3,,,,,,,,984.7,,2.5,,527,1735.8,87,0,0,0,0,,,,
BASSTA,2009,4,23,9,13.1,,,,,,,,984.6,,2,,675,1345.5,111.4,0,0,0,0,,,,
BASSTA,2009,4,23,10,13.8,,,,,,,,984.4,,2.3,,768,1131,126.7,0,0,0,0,,,,
BASSTA,2009,4,23,11,15.1,,,,,,,,983.9,,2.8,,814,988.6,134.3,0,0,0,0,,,,
BASSTA,2009,4,23,12,15.5,,,,,,,,983.5,,2.9,,813,877.6,135.3,0,0,0,0,,,,
BASSTA,2009,4,23,13,16,,,,,,,,983.1,,2.8,,772,717.2,187.2,0,0,0,0,,,,
BASSTA,2009,4,23,14,16.2,,,,,,,,982.6,,2.5,,664,464.3,286.1,0,0,0,0,,,,
BASSTA,2009,4,23,15,15.7,,,,,,,,982.4,,2.7,,510,214.7,345.1,0,0,0,0,,,,
BASSTA,2009,4,23,16,14.6,,,,,,,,982.5,,3.2,,332,52.7,296.1,0,0,0,0,,,,
BASSTA,2009,4,23,17,13.2,,,,,,,,982.6,,2.9,,159,5.4,156,0,0,0,0,,,,
BASSTA,2009,4,23,18,12.3,,,,,,,,983,,2.5,,27,0.3,26.9,0,0,0,0,,,,
BASSTA,2009,4,23,19,11.2,,,,,,,,983.5,,2.6,,2,0,2,0,0,0,0,,,,
BASSTA,2009,4,23,20,11.3,,,,,,,,983.9,,1.7,,2,0,2,0,0,0,0,,,,
BASSTA,2009,4,23,21,10.9,,,,,,,,983.9,,2,,2,0,0,0,0,0,0,,,,
BASSTA,2009,4,23,22,10,,,,,,,,983.5,,3.1,,2,0,0,0,0,0,0,,,,
BASSTA,2009,4,23,23,9,,,,,,,,983.4,,2.8,,2,0,0,0,0,0,0,,,,
BASSTA,2009,4,24,0,8.1,,,,,,,,983,,2.7,,1,0,0,0,0,0,0,,,,
BASSTA,2009,4,24,1,7.3,,,,,,,,982.6,,2,,2,0,0,0,0,0,0,,,,
BASSTA,2009,4,24,2,6.8,,,,,,,,982,,1.9,,1,0,0,0,0,0,0,,,,
BASSTA,2009,4,24,3,6,,,,,,,,981.6,,1.4,,2,0,0,0,0,0,0,,,,
BASSTA,2009,4,24,4,5.8,,,,,,,,981.3,,1.5,,4,0,0,0,0,0,0,,,,
BASSTA,2009,4,24,5,6.3,,,,,,,,981.3,,2,,48,0,0,0,0,0,0,,,,
BASSTA,2009,4,24,6,7.5,,,,,,,,981.1,,1.8,,213,0,0,0,0,0,0,,,,
BASSTA,2009,4,24,7,8.4,,,,,,,,980.9,,1.4,,332,3151.9,54.8,0,0,0,0,,,,
BASSTA,2009,4,24,8,9.4,,,,,,,,980.5,,1,,412,1333.2,68,0,0,0,0,,,,
BASSTA,2009,4,24,9,11.3,,,,,,,,980.1,,1.2,,606,1195.7,100,0,0,0,0,,,,
BASSTA,2009,4,24,10,13.2,,,,,,,,979.5,,2.4,,790,1155.2,130.3,0,0,0,0,,,,
BASSTA,2009,4,24,11,14.6,,,,,,,,979.1,,2.9,,802,968.7,132.3,0,0,0,0,,,,
BASSTA,2009,4,24,12,14.3,,,,,,,,978.7,,2.7,,443,111.9,356.2,0,0,0,0,,,,
BASSTA,2009,4,24,13,15.3,,,,,,,,978,,2.5,,416,64.6,363.1,0,0,0,0,,,,
BASSTA,2009,4,24,14,16.4,,,,,,,,977.6,,3.9,,539,209.3,367.9,0,0,0,0,,,,
BASSTA,2009,4,24,15,16.4,,,,,,,,977.5,,4.8,,419,88.9,350.5,0,0,0,0,,,,
BASSTA,2009,4,24,16,13.9,,,,,,,,977.5,,5.6,,157,3.5,154.6,0,0,0,0,,,,
BASSTA,2009,4,24,17,14.9,,,,,,,,976.9,,3.2,,180,7.4,175.8,0,0,0,0,,,,
BASSTA,2009,4,24,18,13.3,,,,,,,,977,,3.6,,33,0.4,32.8,0,0,0,0,,,,
BASSTA,2009,4,24,19,12.2,,,,,,,,976.6,,2.6,,2,0,2,0,0,0,0,,,,
BASSTA,2009,4,24,20,11.3,,,,,,,,976.2,,2.3,,3,0.1,3,0,0,0,0,,,,
BASSTA,2009,4,24,21,11.8,,,,,,,,976.6,,6.9,,2,0,0,0,0,0,0,,,,
BASSTA,2009,4,24,22,10.4,,,,,,,,976.3,,2.6,,2,0,0,0,0,0,0,,,,
BASSTA,2009,4,24,23,9.6,,,,,,,,976.1,,4.1,,2,0,0,0,0,0,0,,,,
BASSTA,2009,4,25,0,10,,,,,,,,975.9,,3.5,,3,0,0,0,0,0,0,,,,
BASSTA,2009,4,25,1,9.7,,,,,,,,976,,2.2,,4,0,0,0,0,0,0,,,,
BASSTA,2009,4,25,2,10.7,,,,,,,,975.6,,4.5,,3,0,0,0,0,0,0,,,,
BASSTA,2009,4,25,3,10.4,,,,,,,,975.6,,3.5,,2,0,0,0,0,0,0,,,,
BASSTA,2009,4,25,4,10.2,,,,,,,,975.9,,3.2,,3,0,0,0,0,0,0,,,,
BASSTA,2009,4,25,5,10,,,,,,,,976.5,,3.1,,34,0,0,0,0,0,0,,,,
BASSTA,2009,4,25,6,11.3,,,,,,,,977.1,,3.1,,215,0,0,0,0,0,0,,,,
BASSTA,2009,4,25,7,13.2,,,,,,,,977.3,,2.5,,390,3518.8,64.4,0,0,0,0,,,,
BASSTA,2009,4,25,8,15.5,,,,,,,,977.3,,1.7,,546,1736.8,90.1,0,0,0,0,,,,
BASSTA,2009,4,25,9,17.8,,,,,,,,977,,1.9,,665,1299.2,109.7,0,0,0,0,,,,
BASSTA,2009,4,25,10,19.3,,,,,,,,976.8,,2.1,,728,1057.3,120.1,0,0,0,0,,,,
BASSTA,2009,4,25,11,20.3,,,,,,,,976.2,,1.3,,722,862.3,122.7,0,0,0,0,,,,
BASSTA,2009,4,25,12,21.4,,,,,,,,975.9,,2,,740,723.5,176.2,0,0,0,0,,,,
BASSTA,2009,4,25,13,21.9,,,,,,,,975.4,,2.7,,606,325.2,338.7,0,0,0,0,,,,
BASSTA,2009,4,25,14,22.6,,,,,,,,974.9,,2.2,,600,315.6,341.1,0,0,0,0,,,,
BASSTA,2009,4,25,15,22.8,,,,,,,,974.2,,2.6,,494,182.4,352.8,0,0,0,0,,,,
BASSTA,2009,4,25,16,21.9,,,,,,,,973.7,,3,,193,5.3,189.4,0,0,0,0,,,,
BASSTA,2009,4,25,17,20.8,,,,,,,,973.5,,1.7,,82,1.4,81.2,0,0,0,0,,,,
BASSTA,2009,4,25,18,19.1,,,,,,,,973.5,,0.9,,16,0.1,16,0,0,0,0,,,,
BASSTA,2009,4,25,19,16.5,,,,,,,,973.9,,0.5,,1,0,1,0,0,0,0,,,,
BASSTA,2009,4,25,20,14.2,,,,,,,,974.1,,0.4,,2,0,2,0,0,0,0,,,,
BASSTA,2009,4,25,21,12.2,,,,,,,,973.9,,1,,1,0,0,0,0,0,0,,,,
BASSTA,2009,4,25,22,11.9,,,,,,,,974,,1.4,,2,0,0,0,0,0,0,,,,
BASSTA,2009,4,25,23,11.2,,,,,,,,974.3,,1.4,,2,0,0,0,0,0,0,,,,
BASSTA,2009,4,26,0,11,,,,,,,,974.2,,0.7,,2,0,0,0,0,0,0,,,,
BASSTA,2009,4,26,1,10.5,,,,,,,,974.1,,1.8,,2,0,0,0,0,0,0,,,,
BASSTA,2009,4,26,2,10.4,,,,,,,,973.9,,2.3,,2,0,0,0,0,0,0,,,,
BASSTA,2009,4,26,3,10,,,,,,,,973.8,,1.8,,2,0,0,0,0,0,0,,,,
BASSTA,2009,4,26,4,9.6,,,,,,,,973.8,,1.8,,3,0,0,0,0,0,0,,,,
BASSTA,2009,4,26,5,9.7,,,,,,,,973.8,,1.3,,30,0,0,0,0,0,0,,,,
BASSTA,2009,4,26,6,10.2,,,,,,,,974.2,,1.1,,67,0,0,0,0,0,0,,,,
BASSTA,2009,4,26,7,11.4,,,,,,,,974.1,,1.8,,218,1875.2,36,0,0,0,0,,,,
BASSTA,2009,4,26,8,13.3,,,,,,,,973.1,,1.9,,343,1073.1,56.6,0,0,0,0,,,,
BASSTA,2009,4,26,9,15.7,,,,,,,,972.5,,1.8,,584,1130,96.4,0,0,0,0,,,,
BASSTA,2009,4,26,10,18.3,,,,,,,,971.7,,1.4,,717,1034.3,118.3,0,0,0,0,,,,
BASSTA,2009,4,26,11,19,,,,,,,,970.8,,1.2,,542,392.3,267.9,0,0,0,0,,,,
BASSTA,2009,4,26,12,20.2,,,,,,,,970.1,,1.3,,572,315.2,325.3,0,0,0,0,,,,
BASSTA,2009,4,26,13,20.2,,,,,,,,969.4,,1.2,,427,70.9,368.5,0,0,0,0,,,,
BASSTA,2009,4,26,14,20.2,,,,,,,,968.7,,1.5,,295,11.6,285.5,0,0,0,0,,,,
BASSTA,2009,4,26,15,19.8,,,,,,,,968.3,,2.6,,242,6.8,236.7,0,0,0,0,,,,
BASSTA,2009,4,26,16,19.2,,,,,,,,968,,2.6,,127,2.3,125.4,0,0,0,0,,,,
BASSTA,2009,4,26,17,18.4,,,,,,,,967.5,,2.5,,84,1.5,83.2,0,0,0,0,,,,
BASSTA,2009,4,26,18,16.4,,,,,,,,967.8,,3.9,,20,0.2,19.9,0,0,0,0,,,,
BASSTA,2009,4,26,19,15.1,,,,,,,,968.5,,4.5,,2,0,2,0,0,0,0,,,,
BASSTA,2009,4,26,20,13.4,,,,,,,,969,,2.7,,1,0,1,0,0,0,0,,,,
BASSTA,2009,4,26,21,12.3,,,,,,,,969.2,,0.8,,2,0,0,0,0,0,0,,,,
BASSTA,2009,4,26,22,11.7,,,,,,,,969.6,,1.9,,2,0,0,0,0,0,0,,,,
BASSTA,2009,4,26,23,11.3,,,,,,,,970.2,,2.5,,2,0,0,0,0,0,0,,,,
BASSTA,2009,4,27,0,11.8,,,,,,,,970.9,,2,,2,0,0,0,0,0,0,,,,
BASSTA,2009,4,27,1,11.7,,,,,,,,971.1,,1.2,,2,0,0,0,0,0,0,,,,
BASSTA,2009,4,27,2,11.1,,,,,,,,970.8,,0.5,,2,0,0,0,0,0,0,,,,
BASSTA,2009,4,27,3,11.2,,,,,,,,970.9,,0.6,,2,0,0,0,0,0,0,,,,
BASSTA,2009,4,27,4,11.5,,,,,,,,971.1,,0.7,,3,0,0,0,0,0,0,,,,
BASSTA,2009,4,27,5,11.7,,,,,,,,971.5,,1.9,,15,0,0,0,0,0,0,,,,
BASSTA,2009,4,27,6,11.7,,,,,,,,971.7,,1.9,,42,0,0,0,0,0,0,,,,
BASSTA,2009,4,27,7,11.4,,,,,,,,971.8,,1.8,,68,224,45.3,0,0,0,0,,,,
BASSTA,2009,4,27,8,11.3,,,,,,,,971.6,,2.8,,164,145.4,124.6,0,0,0,0,,,,
BASSTA,2009,4,27,9,11.7,,,,,,,,971.8,,1.9,,247,109,199.5,0,0,0,0,,,,
BASSTA,2009,4,27,10,12.1,,,,,,,,971.2,,2.2,,203,10.3,197,0,0,0,0,,,,
BASSTA,2009,4,27,11,12.4,,,,,,,,970.6,,2,,185,4.6,181.7,0,0,0,0,,,,
BASSTA,2009,4,27,12,12.3,,,,,,,,970.2,,2.2,,146,2.3,144.2,0,0,0,0,,,,
BASSTA,2009,4,27,13,12.4,,,,,,,,970,,2.4,,154,2.3,152.1,0,0,0,0,,,,
BASSTA,2009,4,27,14,12.5,,,,,,,,969.5,,2.1,,170,2.8,167.7,0,0,0,0,,,,
BASSTA,2009,4,27,15,12.4,,,,,,,,969,,2,,103,1.2,102.1,0,0,0,0,,,,
BASSTA,2009,4,27,16,12.2,,,,,,,,968.6,,2.5,,92,1.2,91.2,0,0,0,0,,,,
BASSTA,2009,4,27,17,11.8,,,,,,,,968.1,,1.8,,49,0.5,48.7,0,0,0,0,,,,
BASSTA,2009,4,27,18,11.5,,,,,,,,967.8,,1.4,,16,0.1,16,0,0,0,0,,,,
BASSTA,2009,4,27,19,11.3,,,,,,,,967.7,,1.4,,3,0,3,0,0,0,0,,,,
BASSTA,2009,4,27,20,11.1,,,,,,,,967.4,,1.3,,3,0.1,3,0,0,0,0,,,,
BASSTA,2009,4,27,21,10.9,,,,,,,,967,,1.1,,2,0,0,0,0,0,0,,,,
BASSTA,2009,4,27,22,10.8,,,,,,,,966.7,,1.1,,3,0,0,0,0,0,0,,,,
BASSTA,2009,4,27,23,10.7,,,,,,,,966.5,,1.7,,3,0,0,0,0,0,0,,,,
BASSTA,2009,4,28,0,10.7,,,,,,,,966,,1.9,,2,0,0,0,0,0,0,,,,
BASSTA,2009,4,28,1,10.3,,,,,,,,965.9,,0.7,,2,0,0,0,0,0,0,,,,
BASSTA,2009,4,28,2,10.1,,,,,,,,965.9,,1,,3,0,0,0,0,0,0,,,,
BASSTA,2009,4,28,3,9.9,,,,,,,,965.8,,1,,2,0,0,0,0,0,0,,,,
BASSTA,2009,4,28,4,9.8,,,,,,,,965.9,,0.8,,2,0,0,0,0,0,0,,,,
BASSTA,2009,4,28,5,9.9,,,,,,,,966.1,,0.9,,15,0,0,0,0,0,0,,,,
BASSTA,2009,4,28,6,9.9,,,,,,,,966.4,,2.2,,51,0,0,0,0,0,0,,,,
BASSTA,2009,4,28,7,9.6,,,,,,,,967.4,,2.3,,49,41,44.7,0,0,0,0,,,,
BASSTA,2009,4,28,8,8.5,,,,,,,,968.5,,4.5,,93,9,90.5,0,0,0,0,,,,
BASSTA,2009,4,28,9,7.8,,,,,,,,969.6,,3.2,,154,10.5,149.4,0,0,0,0,,,,
BASSTA,2009,4,28,10,8.3,,,,,,,,970.1,,2.2,,226,16.4,216.4,0,0,0,0,,,,
BASSTA,2009,4,28,11,9.2,,,,,,,,969.9,,2.2,,280,19,266.6,0,0,0,0,,,,
BASSTA,2009,4,28,12,9.8,,,,,,,,970.3,,1.4,,232,5.8,227.4,0,0,0,0,,,,
BASSTA,2009,4,28,13,10.3,,,,,,,,970.3,,0.7,,251,6.2,245.8,0,0,0,0,,,,
BASSTA,2009,4,28,14,10.5,,,,,,,,970.2,,0.9,,265,7.4,258.9,0,0,0,0,,,,
BASSTA,2009,4,28,15,10.9,,,,,,,,970,,1.4,,223,5.4,218.8,0,0,0,0,,,,
BASSTA,2009,4,28,16,11.1,,,,,,,,970,,2,,136,2.5,134.2,0,0,0,0,,,,
BASSTA,2009,4,28,17,10.3,,,,,,,,969.9,,2.6,,61,0.8,60.6,0,0,0,0,,,,
BASSTA,2009,4,28,18,9.5,,,,,,,,969.8,,3.1,,15,0.1,15,0,0,0,0,,,,
BASSTA,2009,4,28,19,9,,,,,,,,970.1,,2.9,,1,0,1,0,0,0,0,,,,
BASSTA,2009,4,28,20,8.4,,,,,,,,970.4,,3.5,,1,0,1,0,0,0,0,,,,
BASSTA,2009,4,28,21,7.9,,,,,,,,970.3,,3.8,,2,0,0,0,0,0,0,,,,
BASSTA,2009,4,28,22,7.7,,,,,,,,970.4,,3.5,,1,0,0,0,0,0,0,,,,
BASSTA,2009,4,28,23,7.5,,,,,,,,970.6,,2.7,,1,0,0,0,0,0,0,,,,
BASSTA,2009,4,29,0,7.4,,,,,,,,970.5,,2.6,,2,0,0,0,0,0,0,,,,
BASSTA,2009,4,29,1,7.4,,,,,,,,969.8,,3.1,,2,0,0,0,0,0,0,,,,
BASSTA,2009,4,29,2,7.2,,,,,,,,969.8,,3.4,,1,0,0,0,0,0,0,,,,
BASSTA,2009,4,29,3,7.4,,,,,,,,969.9,,1.7,,2,0,0,0,0,0,0,,,,
BASSTA,2009,4,29,4,7.4,,,,,,,,970.3,,2.2,,2,0,0,0,0,0,0,,,,
BASSTA,2009,4,29,5,7.6,,,,,,,,971,,2.3,,12,0,0,0,0,0,0,,,,
BASSTA,2009,4,29,6,7.7,,,,,,,,971.6,,1.5,,37,0,0,0,0,0,0,,,,
BASSTA,2009,4,29,7,8.3,,,,,,,,972.1,,2.7,,114,857.3,19.5,0,0,0,0,,,,
BASSTA,2009,4,29,8,9,,,,,,,,972.6,,2.7,,208,338.5,113.4,0,0,0,0,,,,
BASSTA,2009,4,29,9,9.9,,,,,,,,973.3,,3.5,,340,377.6,172.5,0,0,0,0,,,,
BASSTA,2009,4,29,10,10.9,,,,,,,,973.7,,4.1,,470,431.9,215.2,0,0,0,0,,,,
BASSTA,2009,4,29,11,11.5,,,,,,,,973.9,,3,,412,122.2,325.3,0,0,0,0,,,,
BASSTA,2009,4,29,12,12,,,,,,,,974,,3.6,,361,38.1,330.8,0,0,0,0,,,,
BASSTA,2009,4,29,13,13.2,,,,,,,,974.2,,5.1,,567,238.2,368.2,0,0,0,0,,,,
BASSTA,2009,4,29,14,13.6,,,,,,,,974.5,,5.5,,640,381.5,322.5,0,0,0,0,,,,
BASSTA,2009,4,29,15,12.8,,,,,,,,975.1,,4.4,,459,124.8,360.9,0,0,0,0,,,,
BASSTA,2009,4,29,16,11.2,,,,,,,,975.9,,5.1,,186,4.7,182.7,0,0,0,0,,,,
BASSTA,2009,4,29,17,10.8,,,,,,,,976.4,,2.8,,94,1.8,93,0,0,0,0,,,,
BASSTA,2009,4,29,18,9.7,,,,,,,,977.1,,3.5,,24,0.2,23.9,0,0,0,0,,,,
BASSTA,2009,4,29,19,8.8,,,,,,,,978,,3.2,,1,0,1,0,0,0,0,,,,
BASSTA,2009,4,29,20,8.6,,,,,,,,978.8,,1.3,,2,0,2,0,0,0,0,,,,
BASSTA,2009,4,29,21,8.3,,,,,,,,979.1,,1.2,,1,0,0,0,0,0,0,,,,
BASSTA,2009,4,29,22,7.3,,,,,,,,979.5,,0.8,,1,0,0,0,0,0,0,,,,
BASSTA,2009,4,29,23,6.3,,,,,,,,979.7,,1.7,,1,0,0,0,0,0,0,,,,
BASSTA,2009,4,30,0,5.8,,,,,,,,979.8,,0.9,,2,0,0,0,0,0,0,,,,
BASSTA,2009,4,30,1,5,,,,,,,,979.9,,1.1,,1,0,0,0,0,0,0,,,,
BASSTA,2009,4,30,2,4.4,,,,,,,,980.3,,0.7,,1,0,0,0,0,0,0,,,,
BASSTA,2009,4,30,3,4.1,,,,,,,,980.5,,1.2,,2,0,0,0,0,0,0,,,,
BASSTA,2009,4,30,4,4.6,,,,,,,,980.9,,0.4,,5,0,0,0,0,0,0,,,,
BASSTA,2009,4,30,5,5,,,,,,,,981.1,,0.6,,47,0,0,0,0,0,0,,,,
BASSTA,2009,4,30,6,6.8,,,,,,,,981.2,,0.5,,197,0,0,0,0,0,0,,,,
BASSTA,2009,4,30,7,9,,,,,,,,981.5,,0.7,,404,2946.2,66.7,0,0,0,0,,,,
BASSTA,2009,4,30,8,10.6,,,,,,,,981.3,,0.8,,562,1654.6,92.7,0,0,0,0,,,,
BASSTA,2009,4,30,9,12.1,,,,,,,,981,,0.7,,710,1325.5,117.2,0,0,0,0,,,,
BASSTA,2009,4,30,10,13.6,,,,,,,,980.8,,1.1,,671,944,110.7,0,0,0,0,,,,
BASSTA,2009,4,30,11,13.9,,,,,,,,980.5,,1,,449,174.8,324.5,0,0,0,0,,,,
BASSTA,2009,4,30,12,15.1,,,,,,,,980.2,,1.5,,757,729.7,176.5,0,0,0,0,,,,
BASSTA,2009,4,30,13,15.3,,,,,,,,980,,1.2,,486,121.8,384,0,0,0,0,,,,
BASSTA,2009,4,30,14,15.2,,,,,,,,979.8,,1.5,,351,25.4,329.8,0,0,0,0,,,,
BASSTA,2009,4,30,15,15,,,,,,,,979.9,,1.4,,199,4.3,195.6,0,0,0,0,,,,
BASSTA,2009,4,30,16,15,,,,,,,,980,,1.5,,173,4.1,170.1,0,0,0,0,,,,
BASSTA,2009,4,30,17,14.5,,,,,,,,980.1,,1.7,,55,0.6,54.7,0,0,0,0,,,,
BASSTA,2009,4,30,18,13.8,,,,,,,,980.5,,2.7,,9,0,9,0,0,0,0,,,,
BASSTA,2009,4,30,19,13.2,,,,,,,,980.9,,2.2,,2,0,2,0,0,0,0,,,,
BASSTA,2009,4,30,20,12.8,,,,,,,,981.1,,1.8,,2,0,2,0,0,0,0,,,,
BASSTA,2009,4,30,21,12.4,,,,,,,,981.4,,1.6,,2,0,0,0,0,0,0,,,,
BASSTA,2009,4,30,22,12.1,,,,,,,,981.6,,1.4,,2,0,0,0,0,0,0,,,,
BASSTA,2009,4,30,23,11.9,,,,,,,,982,,2.1,,3,0,0,0,0,0,0,,,,
BASSTA,2009,5,1,0,11.7,,,,,,,,982,,3,,2,0,0,0,0,0,0,,,,
BASSTA,2009,5,1,1,11,,,,,,,,981.7,,1.4,,2,0,0,0,0,0,0,,,,
BASSTA,2009,5,1,2,9.4,,,,,,,,981.7,,1,,2,0,0,0,0,0,0,,,,
BASSTA,2009,5,1,3,8.3,,,,,,,,982.1,,1.3,,2,0,0,0,0,0,0,,,,
BASSTA,2009,5,1,4,7.5,,,,,,,,982.5,,0.9,,6,0,0,0,0,0,0,,,,
BASSTA,2009,5,1,5,7.6,,,,,,,,983.2,,1.2,,70,0,0,0,0,0,0,,,,
BASSTA,2009,5,1,6,8.8,,,,,,,,983.8,,0.8,,223,0,0,0,0,0,0,,,,
BASSTA,2009,5,1,7,11.2,,,,,,,,984.1,,0.6,,396,2786.3,65.3,0,0,0,0,,,,
BASSTA,2009,5,1,8,12.9,,,,,,,,984.4,,1.4,,552,1602.6,91.1,0,0,0,0,,,,
BASSTA,2009,5,1,9,14.2,,,,,,,,984.5,,1.2,,694,1284.9,114.5,0,0,0,0,,,,
BASSTA,2009,5,1,10,15.2,,,,,,,,984.5,,1.3,,755,1056,124.6,0,0,0,0,,,,
BASSTA,2009,5,1,11,16.4,,,,,,,,984.4,,1.7,,613,548.2,220.8,0,0,0,0,,,,
BASSTA,2009,5,1,12,17.2,,,,,,,,984.4,,2,,631,421.1,294.8,0,0,0,0,,,,
BASSTA,2009,5,1,13,17.8,,,,,,,,984.3,,1.6,,393,43.6,356.3,0,0,0,0,,,,
BASSTA,2009,5,1,14,17.8,,,,,,,,984.4,,1.8,,262,6.9,256.2,0,0,0,0,,,,
BASSTA,2009,5,1,15,18.7,,,,,,,,984.4,,1.9,,402,65.3,350.3,0,0,0,0,,,,
BASSTA,2009,5,1,16,19.1,,,,,,,,984.4,,2.7,,332,45.2,300.1,0,0,0,0,,,,
BASSTA,2009,5,1,17,18.4,,,,,,,,984.6,,2,,139,3.8,136.8,0,0,0,0,,,,
BASSTA,2009,5,1,18,17.7,,,,,,,,984.9,,1.8,,50,0.9,49.6,0,0,0,0,,,,
BASSTA,2009,5,1,19,16.2,,,,,,,,986,,1.4,,3,0,3,0,0,0,0,,,,
BASSTA,2009,5,1,20,14.9,,,,,,,,986.6,,1.6,,1,0,1,0,0,0,0,,,,
BASSTA,2009,5,1,21,12.7,,,,,,,,986.9,,1.4,,2,0,0,0,0,0,0,,,,
BASSTA,2009,5,1,22,12.1,,,,,,,,987.1,,1.9,,2,0,0,0,0,0,0,,,,
BASSTA,2009,5,1,23,11.5,,,,,,,,987.4,,1.2,,2,0,0,0,0,0,0,,,,
BASSTA,2009,5,2,0,11.4,,,,,,,,987.5,,1.6,,2,0,0,0,0,0,0,,,,
BASSTA,2009,5,2,1,11.8,,,,,,,,987.5,,1.5,,2,0,0,0,0,0,0,,,,
BASSTA,2009,5,2,2,11.1,,,,,,,,987.8,,1.8,,2,0,0,0,0,0,0,,,,
BASSTA,2009,5,2,3,10.9,,,,,,,,988.1,,1.7,,2,0,0,0,0,0,0,,,,
BASSTA,2009,5,2,4,11,,,,,,,,988.4,,2.2,,7,0,0,0,0,0,0,,,,
BASSTA,2009,5,2,5,11.3,,,,,,,,988.8,,1.4,,53,0,0,0,0,0,0,,,,
BASSTA,2009,5,2,6,12.8,,,,,,,,989.1,,0.8,,217,0,0,0,0,0,0,,,,
BASSTA,2009,5,2,7,14.6,,,,,,,,989.5,,0.8,,380,2584.6,62.7,0,0,0,0,,,,
BASSTA,2009,5,2,8,15.6,,,,,,,,989.7,,1.5,,464,1329.1,76.6,0,0,0,0,,,,
BASSTA,2009,5,2,9,17.2,,,,,,,,989.6,,1.7,,590,1083.6,97.4,0,0,0,0,,,,
BASSTA,2009,5,2,10,18.5,,,,,,,,989.4,,1.3,,642,893.2,105.7,0,0,0,0,,,,
BASSTA,2009,5,2,11,18.3,,,,,,,,989.1,,2.3,,438,151.7,329,0,0,0,0,,,,
BASSTA,2009,5,2,12,19.1,,,,,,,,988.9,,3.4,,666,498.6,266.3,0,0,0,0,,,,
BASSTA,2009,5,2,13,19.1,,,,,,,,988.9,,3.9,,515,153.2,385.8,0,0,0,0,,,,
BASSTA,2009,5,2,14,14,,,,,,,,989.6,,4.2,,147,2,145.3,0,0,0,0,,,,
BASSTA,2009,5,2,15,14.1,,,,,,,,989.2,,2.2,,112,1.3,110.9,0,0,0,0,,,,
BASSTA,2009,5,2,16,13.9,,,,,,,,989.4,,0.9,,41,0.2,40.8,0,0,0,0,,,,
BASSTA,2009,5,2,17,13.9,,,,,,,,989.4,,0.9,,107,2.2,105.7,0,0,0,0,,,,
BASSTA,2009,5,2,18,13.1,,,,,,,,989.6,,1.8,,21,0.2,20.9,0,0,0,0,,,,
BASSTA,2009,5,2,19,13,,,,,,,,990.2,,1.4,,2,0,2,0,0,0,0,,,,
BASSTA,2009,5,2,20,12,,,,,,,,990,,1.8,,2,0,2,0,0,0,0,,,,
BASSTA,2009,5,2,21,12.2,,,,,,,,990,,1.3,,2,0,0,0,0,0,0,,,,
BASSTA,2009,5,2,22,12.4,,,,,,,,989.7,,1.2,,2,0,0,0,0,0,0,,,,
BASSTA,2009,5,2,23,11.2,,,,,,,,989.1,,1.5,,2,0,0,0,0,0,0,,,,
BASSTA,2009,5,3,0,11,,,,,,,,988.8,,1.3,,2,0,0,0,0,0,0,,,,
BASSTA,2009,5,3,1,9.7,,,,,,,,988.6,,1.5,,2,0,0,0,0,0,0,,,,
BASSTA,2009,5,3,2,9.9,,,,,,,,988.4,,2.3,,2,0,0,0,0,0,0,,,,
BASSTA,2009,5,3,3,9.8,,,,,,,,988,,2.4,,2,0,0,0,0,0,0,,,,
BASSTA,2009,5,3,4,10.1,,,,,,,,988,,2.2,,5,0,0,0,0,0,0,,,,
BASSTA,2009,5,3,5,9.6,,,,,,,,988.1,,2.6,,66,0,0,0,0,0,0,,,,
BASSTA,2009,5,3,6,10.5,,,,,,,,988,,2,,165,0,0,0,0,0,0,,,,
BASSTA,2009,5,3,7,11.3,,,,,,,,988,,1.8,,316,2081.2,52.1,0,0,0,0,,,,
BASSTA,2009,5,3,8,13.3,,,,,,,,987.8,,0.9,,548,1549.5,90.4,0,0,0,0,,,,
BASSTA,2009,5,3,9,15.4,,,,,,,,987.5,,0.5,,681,1241,112.4,0,0,0,0,,,,
BASSTA,2009,5,3,10,17.6,,,,,,,,986.9,,0.7,,774,1070.5,127.7,0,0,0,0,,,,
BASSTA,2009,5,3,11,19.3,,,,,,,,986.1,,0.7,,808,934.7,133.3,0,0,0,0,,,,
BASSTA,2009,5,3,12,20.3,,,,,,,,985.5,,1,,814,829.3,146.9,0,0,0,0,,,,
BASSTA,2009,5,3,13,20.9,,,,,,,,985,,1.8,,638,357.8,335.3,0,0,0,0,,,,
BASSTA,2009,5,3,14,20.2,,,,,,,,984.5,,3.4,,396,44.7,358.3,0,0,0,0,,,,
BASSTA,2009,5,3,15,18.9,,,,,,,,984.5,,5.4,,247,6.7,241.6,0,0,0,0,,,,
BASSTA,2009,5,3,16,18.5,,,,,,,,984.6,,2.6,,192,4.9,188.5,0,0,0,0,,,,
BASSTA,2009,5,3,17,17.4,,,,,,,,984.7,,3,,49,0.5,48.7,0,0,0,0,,,,
BASSTA,2009,5,3,18,16.6,,,,,,,,985.2,,2.1,,30,0.3,29.9,0,0,0,0,,,,
BASSTA,2009,5,3,19,15.7,,,,,,,,985.6,,2.2,,2,0,2,0,0,0,0,,,,
BASSTA,2009,5,3,20,14.7,,,,,,,,986.1,,4,,2,0,2,0,0,0,0,,,,
BASSTA,2009,5,3,21,13.7,,,,,,,,986.9,,3.3,,2,0,0,0,0,0,0,,,,
BASSTA,2009,5,3,22,12.2,,,,,,,,987.2,,3.9,,2,0,0,0,0,0,0,,,,
BASSTA,2009,5,3,23,11.2,,,,,,,,987.3,,3.1,,2,0,0,0,0,0,0,,,,
BASSTA,2009,5,4,0,10.6,,,,,,,,987.2,,2.5,,2,0,0,0,0,0,0,,,,
BASSTA,2009,5,4,1,10.4,,,,,,,,987,,1.4,,2,0,0,0,0,0,0,,,,
BASSTA,2009,5,4,2,10.3,,,,,,,,986.7,,1.4,,2,0,0,0,0,0,0,,,,
BASSTA,2009,5,4,3,10.3,,,,,,,,986.4,,0.8,,2,0,0,0,0,0,0,,,,
BASSTA,2009,5,4,4,10.3,,,,,,,,986.4,,1.5,,3,0,0,0,0,0,0,,,,
BASSTA,2009,5,4,5,10.2,,,,,,,,986.7,,1.2,,6,0,0,0,0,0,0,,,,
BASSTA,2009,5,4,6,10,,,,,,,,986.9,,2.2,,23,0,0,0,0,0,0,,,,
BASSTA,2009,5,4,7,9.6,,,,,,,,987.3,,2.7,,73,103,59.5,0,0,0,0,,,,
BASSTA,2009,5,4,8,9.7,,,,,,,,987.5,,2.3,,180,144.2,136.9,0,0,0,0,,,,
BASSTA,2009,5,4,9,10.4,,,,,,,,987.7,,2.9,,318,253.5,201,0,0,0,0,,,,
BASSTA,2009,5,4,10,10.9,,,,,,,,987.5,,2.1,,339,103,276.5,0,0,0,0,,,,
BASSTA,2009,5,4,11,12.8,,,,,,,,987.1,,1.9,,643,609.6,201.2,0,0,0,0,,,,
BASSTA,2009,5,4,12,14,,,,,,,,986.7,,2.3,,756,704.2,187.5,0,0,0,0,,,,
BASSTA,2009,5,4,13,14.4,,,,,,,,986.4,,1.9,,635,348.1,339.6,0,0,0,0,,,,
BASSTA,2009,5,4,14,15,,,,,,,,986.1,,2.2,,656,395.6,321.3,0,0,0,0,,,,
BASSTA,2009,5,4,15,14.9,,,,,,,,985.9,,2,,469,128.4,366.3,0,0,0,0,,,,
BASSTA,2009,5,4,16,14.5,,,,,,,,985.9,,2.2,,362,65.7,315.2,0,0,0,0,,,,
BASSTA,2009,5,4,17,13.6,,,,,,,,986,,2.2,,200,9.1,194.6,0,0,0,0,,,,
BASSTA,2009,5,4,18,12.6,,,,,,,,986.3,,1.9,,49,0.8,48.6,0,0,0,0,,,,
BASSTA,2009,5,4,19,11.4,,,,,,,,986.8,,1.7,,2,0,2,0,0,0,0,,,,
BASSTA,2009,5,4,20,10.1,,,,,,,,987.4,,0.9,,1,0,1,0,0,0,0,,,,
BASSTA,2009,5,4,21,7.4,,,,,,,,987.6,,1.2,,2,0,0,0,0,0,0,,,,
BASSTA,2009,5,4,22,6.5,,,,,,,,987.7,,1.1,,2,0,0,0,0,0,0,,,,
BASSTA,2009,5,4,23,6.1,,,,,,,,987.7,,1.2,,3,0,0,0,0,0,0,,,,
BASSTA,2009,5,5,0,5.2,,,,,,,,987.4,,0.6,,2,0,0,0,0,0,0,,,,
BASSTA,2009,5,5,1,4.8,,,,,,,,987,,0.9,,2,0,0,0,0,0,0,,,,
BASSTA,2009,5,5,2,4.7,,,,,,,,987.1,,1.6,,3,0,0,0,0,0,0,,,,
BASSTA,2009,5,5,3,3.9,,,,,,,,987,,1,,2,0,0,0,0,0,0,,,,
BASSTA,2009,5,5,4,4.7,,,,,,,,987.4,,1.2,,8,0,0,0,0,0,0,,,,
BASSTA,2009,5,5,5,5.2,,,,,,,,988,,1.3,,36,0,0,0,0,0,0,,,,
BASSTA,2009,5,5,6,6.2,,,,,,,,988.4,,1.1,,74,0,0,0,0,0,0,,,,
BASSTA,2009,5,5,7,7.7,,,,,,,,988.6,,1.6,,143,887.7,23.5,0,0,0,0,,,,
BASSTA,2009,5,5,8,9.7,,,,,,,,988.5,,2.1,,320,882.9,52.7,0,0,0,0,,,,
BASSTA,2009,5,5,9,11.5,,,,,,,,988.5,,0.9,,375,453.3,164.2,0,0,0,0,,,,
BASSTA,2009,5,5,10,13,,,,,,,,988.5,,4.1,,527,564.5,182.6,0,0,0,0,,,,
BASSTA,2009,5,5,11,13.6,,,,,,,,988.2,,4.6,,587,453.8,256.7,0,0,0,0,,,,
BASSTA,2009,5,5,12,13.8,,,,,,,,988.1,,4.6,,565,266.9,348.8,0,0,0,0,,,,
BASSTA,2009,5,5,13,14.2,,,,,,,,988,,4.6,,494,122.8,389.4,0,0,0,0,,,,
BASSTA,2009,5,5,14,14.7,,,,,,,,987.7,,4.3,,566,223.1,376.7,0,0,0,0,,,,
BASSTA,2009,5,5,15,14.7,,,,,,,,987.5,,4.1,,488,151.1,366.7,0,0,0,0,,,,
BASSTA,2009,5,5,16,14.2,,,,,,,,987.6,,4.1,,198,5.1,194.3,0,0,0,0,,,,
BASSTA,2009,5,5,17,13.7,,,,,,,,987.5,,3.7,,107,2.2,105.7,0,0,0,0,,,,
BASSTA,2009,5,5,18,12.9,,,,,,,,987.7,,3.1,,29,0.3,28.9,0,0,0,0,,,,
BASSTA,2009,5,5,19,12.2,,,,,,,,987.6,,2,,2,0,2,0,0,0,0,,,,
BASSTA,2009,5,5,20,11.4,,,,,,,,987.8,,1.9,,2,0,2,0,0,0,0,,,,
BASSTA,2009,5,5,21,11.5,,,,,,,,987.7,,2,,2,0,0,0,0,0,0,,,,
BASSTA,2009,5,5,22,11.8,,,,,,,,987.7,,2.7,,3,0,0,0,0,0,0,,,,
BASSTA,2009,5,5,23,11.6,,,,,,,,987.5,,3,,2,0,0,0,0,0,0,,,,
BASSTA,2009,5,6,0,11.4,,,,,,,,986.9,,2.4,,2,0,0,0,0,0,0,,,,
BASSTA,2009,5,6,1,11.6,,,,,,,,986.5,,2.7,,3,0,0,0,0,0,0,,,,
BASSTA,2009,5,6,2,11.9,,,,,,,,986.2,,3.3,,3,0,0,0,0,0,0,,,,
BASSTA,2009,5,6,3,11.6,,,,,,,,986,,1.8,,2,0,0,0,0,0,0,,,,
BASSTA,2009,5,6,4,11.6,,,,,,,,986,,1.1,,6,0,0,0,0,0,0,,,,
BASSTA,2009,5,6,5,11.8,,,,,,,,986.1,,0.6,,32,0,0,0,0,0,0,,,,
BASSTA,2009,5,6,6,13.2,,,,,,,,986.2,,2.5,,175,0,0,0,0,0,0,,,,
BASSTA,2009,5,6,7,13.4,,,,,,,,986.1,,4.6,,132,737.2,30,0,0,0,0,,,,
BASSTA,2009,5,6,8,14.1,,,,,,,,985.9,,3.9,,166,90,138.4,0,0,0,0,,,,
BASSTA,2009,5,6,9,15.5,,,,,,,,985.8,,3.7,,451,752.6,98.5,0,0,0,0,,,,
BASSTA,2009,5,6,10,15.8,,,,,,,,985.7,,4.3,,258,25.9,242.1,0,0,0,0,,,,
BASSTA,2009,5,6,11,15.8,,,,,,,,985.8,,5.7,,326,34.8,300.6,0,0,0,0,,,,
BASSTA,2009,5,6,12,17.2,,,,,,,,985.3,,6.5,,697,553,247.6,0,0,0,0,,,,
BASSTA,2009,5,6,13,17.9,,,,,,,,984.8,,5.7,,657,386.1,327.3,0,0,0,0,,,,
BASSTA,2009,5,6,14,18.9,,,,,,,,984.2,,6.2,,688,457.6,298.5,0,0,0,0,,,,
BASSTA,2009,5,6,15,18.9,,,,,,,,984,,6.4,,561,266.4,346.6,0,0,0,0,,,,
BASSTA,2009,5,6,16,18.6,,,,,,,,983.8,,5.2,,398,99.6,326.4,0,0,0,0,,,,
BASSTA,2009,5,6,17,17.8,,,,,,,,983.7,,4.3,,217,12.6,209.5,0,0,0,0,,,,
BASSTA,2009,5,6,18,16.7,,,,,,,,983.8,,3,,59,1.2,58.5,0,0,0,0,,,,
BASSTA,2009,5,6,19,14,,,,,,,,984,,1.7,,1,0,1,0,0,0,0,,,,
BASSTA,2009,5,6,20,12.4,,,,,,,,984.1,,2.6,,1,0,1,0,0,0,0,,,,
BASSTA,2009,5,6,21,11.4,,,,,,,,984.1,,2.6,,1,0,0,0,0,0,0,,,,
BASSTA,2009,5,6,22,11.1,,,,,,,,984.1,,1.8,,1,0,0,0,0,0,0,,,,
BASSTA,2009,5,6,23,9.8,,,,,,,,983.9,,0.4,,1,0,0,0,0,0,0,,,,
BASSTA,2009,5,7,0,9.6,,,,,,,,983.6,,1.4,,2,0,0,0,0,0,0,,,,
BASSTA,2009,5,7,1,9.3,,,,,,,,983.5,,2.1,,1,0,0,0,0,0,0,,,,
BASSTA,2009,5,7,2,8.1,,,,,,,,983.4,,1.1,,2,0,0,0,0,0,0,,,,
BASSTA,2009,5,7,3,8,,,,,,,,983.3,,1.7,,2,0,0,0,0,0,0,,,,
BASSTA,2009,5,7,4,8,,,,,,,,983.4,,1.9,,12,0,0,0,0,0,0,,,,
BASSTA,2009,5,7,5,8.6,,,,,,,,983.5,,1.9,,88,0,0,0,0,0,0,,,,
BASSTA,2009,5,7,6,10.5,,,,,,,,983.6,,2.1,,281,0,0,0,0,0,0,,,,
BASSTA,2009,5,7,7,13,,,,,,,,983.7,,1.7,,448,2633.8,73.9,0,0,0,0,,,,
BASSTA,2009,5,7,8,15.7,,,,,,,,983.4,,0.7,,598,1612.2,98.7,0,0,0,0,,,,
BASSTA,2009,5,7,9,17.9,,,,,,,,983,,0.6,,738,1306.7,121.8,0,0,0,0,,,,
BASSTA,2009,5,7,10,19.5,,,,,,,,982.5,,0.9,,821,1112.6,135.5,0,0,0,0,,,,
BASSTA,2009,5,7,11,21,,,,,,,,981.9,,0.9,,855,973.5,141.1,0,0,0,0,,,,
BASSTA,2009,5,7,12,22.8,,,,,,,,981.3,,0.6,,846,863.1,142.3,0,0,0,0,,,,
BASSTA,2009,5,7,13,23.7,,,,,,,,980.6,,1.5,,785,668.6,212.5,0,0,0,0,,,,
BASSTA,2009,5,7,14,24.3,,,,,,,,980.1,,1.5,,687,451.5,301.6,0,0,0,0,,,,
BASSTA,2009,5,7,15,24.6,,,,,,,,979.5,,1.5,,554,250.8,351.5,0,0,0,0,,,,
BASSTA,2009,5,7,16,24.1,,,,,,,,979.2,,0.8,,372,71.5,320.5,0,0,0,0,,,,
BASSTA,2009,5,7,17,23.7,,,,,,,,978.8,,1.1,,206,9.8,200.1,0,0,0,0,,,,
BASSTA,2009,5,7,18,22.2,,,,,,,,978.6,,1,,58,1.1,57.5,0,0,0,0,,,,
BASSTA,2009,5,7,19,19,,,,,,,,978.6,,1.1,,1,0,1,0,0,0,0,,,,
BASSTA,2009,5,7,20,17.3,,,,,,,,978.8,,0.7,,2,0,2,0,0,0,0,,,,
BASSTA,2009,5,7,21,16.4,,,,,,,,978.9,,1,,2,0,0,0,0,0,0,,,,
BASSTA,2009,5,7,22,16.6,,,,,,,,978.8,,2.1,,2,0,0,0,0,0,0,,,,
BASSTA,2009,5,7,23,16.4,,,,,,,,978.9,,2.1,,3,0,0,0,0,0,0,,,,
BASSTA,2009,5,8,0,16.1,,,,,,,,979.1,,1.6,,3,0,0,0,0,0,0,,,,
BASSTA,2009,5,8,1,15.6,,,,,,,,979.3,,1.1,,3,0,0,0,0,0,0,,,,
BASSTA,2009,5,8,2,14.9,,,,,,,,978.9,,1.4,,2,0,0,0,0,0,0,,,,
BASSTA,2009,5,8,3,14.1,,,,,,,,979.7,,1.5,,2,0,0,0,0,0,0,,,,
BASSTA,2009,5,8,4,13.7,,,,,,,,979.2,,1.8,,6,0,0,0,0,0,0,,,,
BASSTA,2009,5,8,5,14.1,,,,,,,,979.3,,1.8,,49,0,0,0,0,0,0,,,,
BASSTA,2009,5,8,6,15.1,,,,,,,,979.4,,3,,123,0,0,0,0,0,0,,,,
BASSTA,2009,5,8,7,16,,,,,,,,979.5,,3,,293,1680,48.3,0,0,0,0,,,,
BASSTA,2009,5,8,8,18.5,,,,,,,,979.4,,2.4,,515,1373.4,85,0,0,0,0,,,,
BASSTA,2009,5,8,9,21,,,,,,,,979.3,,1.3,,687,1208.3,113.4,0,0,0,0,,,,
BASSTA,2009,5,8,10,22.8,,,,,,,,978.9,,2.1,,708,955,116.8,0,0,0,0,,,,
BASSTA,2009,5,8,11,22.7,,,,,,,,978.8,,3,,454,161.4,335.2,0,0,0,0,,,,
BASSTA,2009,5,8,12,18.1,,,,,,,,979.2,,3,,124,1.5,122.7,0,0,0,0,,,,
BASSTA,2009,5,8,13,19,,,,,,,,979.2,,0.9,,564,210.4,383.3,0,0,0,0,,,,
BASSTA,2009,5,8,14,19.4,,,,,,,,979.5,,0.4,,323,15.1,310.1,0,0,0,0,,,,
BASSTA,2009,5,8,15,19.1,,,,,,,,979.8,,1.2,,151,2.3,149.1,0,0,0,0,,,,
BASSTA,2009,5,8,16,19.2,,,,,,,,980.2,,1,,68,0.6,67.6,0,0,0,0,,,,
BASSTA,2009,5,8,17,19,,,,,,,,980.6,,0.9,,48,0.4,47.7,0,0,0,0,,,,
BASSTA,2009,5,8,18,17.4,,,,,,,,981.5,,4,,14,0.1,14,0,0,0,0,,,,
BASSTA,2009,5,8,19,15.5,,,,,,,,982.7,,3.5,,5,0,5,0,0,0,0,,,,
BASSTA,2009,5,8,20,14.8,,,,,,,,983.9,,1.3,,3,0,3,0,0,0,0,,,,
BASSTA,2009,5,8,21,14.4,,,,,,,,984.2,,1.5,,3,0,0,0,0,0,0,,,,
BASSTA,2009,5,8,22,14.1,,,,,,,,984.2,,2.1,,3,0,0,0,0,0,0,,,,
BASSTA,2009,5,8,23,13.9,,,,,,,,984,,2,,4,0,0,0,0,0,0,,,,
BASSTA,2009,5,9,0,13.8,,,,,,,,983.7,,1.3,,3,0,0,0,0,0,0,,,,
BASSTA,2009,5,9,1,13.7,,,,,,,,983.4,,1.1,,3,0,0,0,0,0,0,,,,
BASSTA,2009,5,9,2,13.5,,,,,,,,983.1,,0.8,,3,0,0,0,0,0,0,,,,
BASSTA,2009,5,9,3,12.7,,,,,,,,982.6,,1,,2,0,0,0,0,0,0,,,,
BASSTA,2009,5,9,4,12.6,,,,,,,,982.6,,0.8,,12,0,0,0,0,0,0,,,,
BASSTA,2009,5,9,5,12.8,,,,,,,,982.7,,0.5,,76,0,0,0,0,0,0,,,,
BASSTA,2009,5,9,6,13.1,,,,,,,,982.6,,1,,176,0,0,0,0,0,0,,,,
BASSTA,2009,5,9,7,15.4,,,,,,,,981.9,,1.5,,351,1965.2,57.9,0,0,0,0,,,,
BASSTA,2009,5,9,8,16.7,,,,,,,,981.5,,2.2,,450,1187.6,74.2,0,0,0,0,,,,
BASSTA,2009,5,9,9,18.6,,,,,,,,980.9,,2.6,,692,1209.4,114.2,0,0,0,0,,,,
BASSTA,2009,5,9,10,20.3,,,,,,,,980.2,,3.3,,794,1066.2,131,0,0,0,0,,,,
BASSTA,2009,5,9,11,21.5,,,,,,,,979.3,,3.5,,763,857.9,129.3,0,0,0,0,,,,
BASSTA,2009,5,9,12,22.2,,,,,,,,978.5,,3,,477,124.8,374.6,0,0,0,0,,,,
BASSTA,2009,5,9,13,23,,,,,,,,978,,2.7,,468,91.6,389.1,0,0,0,0,,,,
BASSTA,2009,5,9,14,23,,,,,,,,977.6,,3.3,,413,51,369.2,0,0,0,0,,,,
BASSTA,2009,5,9,15,22.6,,,,,,,,977.2,,2.9,,256,7.1,250.2,0,0,0,0,,,,
BASSTA,2009,5,9,16,19.3,,,,,,,,978,,3.9,,30,0.1,29.9,0,0,0,0,,,,
BASSTA,2009,5,9,17,16.3,,,,,,,,979.2,,2.2,,146,3.9,143.6,0,0,0,0,,,,
BASSTA,2009,5,9,18,16.7,,,,,,,,979.2,,2.2,,40,0.5,39.8,0,0,0,0,,,,
BASSTA,2009,5,9,19,16.1,,,,,,,,979.5,,1.6,,4,0,4,0,0,0,0,,,,
BASSTA,2009,5,9,20,15.7,,,,,,,,980,,2.2,,1,0,1,0,0,0,0,,,,
BASSTA,2009,5,9,21,15.3,,,,,,,,980.3,,2,,2,0,0,0,0,0,0,,,,
BASSTA,2009,5,9,22,14.8,,,,,,,,980.6,,2.1,,2,0,0,0,0,0,0,,,,
BASSTA,2009,5,9,23,14.5,,,,,,,,981.1,,2.5,,2,0,0,0,0,0,0,,,,
BASSTA,2009,5,10,0,14,,,,,,,,981.5,,2.1,,2,0,0,0,0,0,0,,,,
BASSTA,2009,5,10,1,13.4,,,,,,,,981.5,,1.7,,2,0,0,0,0,0,0,,,,
BASSTA,2009,5,10,2,13.4,,,,,,,,981.4,,1.8,,2,0,0,0,0,0,0,,,,
BASSTA,2009,5,10,3,13.2,,,,,,,,981,,2.7,,2,0,0,0,0,0,0,,,,
BASSTA,2009,5,10,4,12.8,,,,,,,,980.9,,3.2,,11,0,0,0,0,0,0,,,,
BASSTA,2009,5,10,5,12.9,,,,,,,,981.1,,2.5,,67,0,0,0,0,0,0,,,,
BASSTA,2009,5,10,6,13.9,,,,,,,,981.4,,1.4,,216,0,0,0,0,0,0,,,,
BASSTA,2009,5,10,7,15.6,,,,,,,,981.5,,1.5,,373,2041.5,61.5,0,0,0,0,,,,
BASSTA,2009,5,10,8,17.4,,,,,,,,981.7,,0.7,,437,1141.7,72.1,0,0,0,0,,,,
BASSTA,2009,5,10,9,18.5,,,,,,,,981.7,,0.5,,525,911.9,86.6,0,0,0,0,,,,
BASSTA,2009,5,10,10,20.2,,,,,,,,981.5,,0.9,,723,966.6,119.3,0,0,0,0,,,,
BASSTA,2009,5,10,11,20.7,,,,,,,,981,,1,,572,391.9,281.5,0,0,0,0,,,,
BASSTA,2009,5,10,12,21,,,,,,,,980.6,,0.8,,259,7.1,253.1,0,0,0,0,,,,
BASSTA,2009,5,10,13,20.7,,,,,,,,980.5,,1.2,,181,3,178.4,0,0,0,0,,,,
BASSTA,2009,5,10,14,19.8,,,,,,,,980.7,,3,,190,3.3,187.2,0,0,0,0,,,,
BASSTA,2009,5,10,15,18.8,,,,,,,,980.5,,1.3,,148,2.2,146.2,0,0,0,0,,,,
BASSTA,2009,5,10,16,19,,,,,,,,979.5,,0.9,,169,3.6,166.4,0,0,0,0,,,,
BASSTA,2009,5,10,17,18.3,,,,,,,,979.1,,3.1,,85,1.3,84.2,0,0,0,0,,,,
BASSTA,2009,5,10,18,17.3,,,,,,,,979.8,,3.4,,11,0,11,0,0,0,0,,,,
BASSTA,2009,5,10,19,16.7,,,,,,,,980.3,,3,,2,0,2,0,0,0,0,,,,
BASSTA,2009,5,10,20,15.8,,,,,,,,980.7,,1.3,,2,0,2,0,0,0,0,,,,
BASSTA,2009,5,10,21,15.6,,,,,,,,980.5,,1.3,,2,0,0,0,0,0,0,,,,
BASSTA,2009,5,10,22,15.1,,,,,,,,980.2,,0.9,,2,0,0,0,0,0,0,,,,
BASSTA,2009,5,10,23,14.9,,,,,,,,979.9,,0.5,,2,0,0,0,0,0,0,,,,
BASSTA,2009,5,11,0,14.8,,,,,,,,979.9,,0.7,,3,0,0,0,0,0,0,,,,
BASSTA,2009,5,11,1,14.7,,,,,,,,979.9,,0.7,,2,0,0,0,0,0,0,,,,
BASSTA,2009,5,11,2,14.7,,,,,,,,979.6,,0.9,,3,0,0,0,0,0,0,,,,
BASSTA,2009,5,11,3,14.7,,,,,,,,979,,1.5,,2,0,0,0,0,0,0,,,,
BASSTA,2009,5,11,4,14.6,,,,,,,,978.9,,1.4,,5,0,0,0,0,0,0,,,,
BASSTA,2009,5,11,5,14.6,,,,,,,,979.4,,1.4,,29,0,0,0,0,0,0,,,,
BASSTA,2009,5,11,6,14.8,,,,,,,,979.1,,2.1,,53,0,0,0,0,0,0,,,,
BASSTA,2009,5,11,7,15.5,,,,,,,,979,,3,,211,1130.2,34.8,0,0,0,0,,,,
BASSTA,2009,5,11,8,16.3,,,,,,,,979,,2.6,,261,461,112.2,0,0,0,0,,,,
BASSTA,2009,5,11,9,17.4,,,,,,,,978.9,,3,,323,226.3,213.6,0,0,0,0,,,,
BASSTA,2009,5,11,10,19.2,,,,,,,,978.4,,3.4,,550,593.3,177.9,0,0,0,0,,,,
BASSTA,2009,5,11,11,20.1,,,,,,,,978.1,,3.3,,418,107.4,338.2,0,0,0,0,,,,
BASSTA,2009,5,11,12,21.2,,,,,,,,977.8,,3.4,,490,137.6,376.5,0,0,0,0,,,,
BASSTA,2009,5,11,13,21.8,,,,,,,,977.5,,4,,539,168.9,392.8,0,0,0,0,,,,
BASSTA,2009,5,11,14,22.2,,,,,,,,977.1,,2.3,,518,144.2,393.6,0,0,0,0,,,,
BASSTA,2009,5,11,15,21.6,,,,,,,,976.8,,2.8,,350,28.7,326.6,0,0,0,0,,,,
BASSTA,2009,5,11,16,21.3,,,,,,,,976.4,,3.2,,360,57.6,317.9,0,0,0,0,,,,
BASSTA,2009,5,11,17,20.7,,,,,,,,976.3,,2.7,,164,4.9,161,0,0,0,0,,,,
BASSTA,2009,5,11,18,19.5,,,,,,,,976.5,,1.8,,38,0.5,37.8,0,0,0,0,,,,
BASSTA,2009,5,11,19,18.5,,,,,,,,976.8,,2.4,,1,0,1,0,0,0,0,,,,
BASSTA,2009,5,11,20,17.7,,,,,,,,977.2,,2,,1,0,1,0,0,0,0,,,,
BASSTA,2009,5,11,21,17.1,,,,,,,,977.6,,1.8,,1,0,0,0,0,0,0,,,,
BASSTA,2009,5,11,22,16.1,,,,,,,,978,,0.9,,1,0,0,0,0,0,0,,,,
BASSTA,2009,5,11,23,15.3,,,,,,,,978.1,,1.7,,1,0,0,0,0,0,0,,,,
BASSTA,2009,5,12,0,14.8,,,,,,,,978.2,,2.4,,1,0,0,0,0,0,0,,,,
BASSTA,2009,5,12,1,14.7,,,,,,,,978.4,,1.4,,1,0,0,0,0,0,0,,,,
BASSTA,2009,5,12,2,14.7,,,,,,,,978.4,,0.9,,1,0,0,0,0,0,0,,,,
BASSTA,2009,5,12,3,14.9,,,,,,,,978,,0.8,,2,0,0,0,0,0,0,,,,
BASSTA,2009,5,12,4,14.8,,,,,,,,978.9,,1.7,,3,0,0,0,0,0,0,,,,
BASSTA,2009,5,12,5,15,,,,,,,,978.8,,0.7,,11,0,0,0,0,0,0,,,,
BASSTA,2009,5,12,6,15.2,,,,,,,,978.6,,0.8,,55,0,0,0,0,0,0,,,,
BASSTA,2009,5,12,7,15.9,,,,,,,,978.7,,1.4,,186,976,30.7,0,0,0,0,,,,
BASSTA,2009,5,12,8,17.3,,,,,,,,978.6,,0.9,,476,1220.2,78.5,0,0,0,0,,,,
BASSTA,2009,5,12,9,18.4,,,,,,,,978.8,,1.2,,445,667.5,120.3,0,0,0,0,,,,
BASSTA,2009,5,12,10,17.1,,,,,,,,979.5,,3.6,,209,8.6,203.6,0,0,0,0,,,,
BASSTA,2009,5,12,11,17.5,,,,,,,,979.6,,1,,545,321.7,305,0,0,0,0,,,,
BASSTA,2009,5,12,12,18.8,,,,,,,,979,,0.6,,467,109.7,376.3,0,0,0,0,,,,
BASSTA,2009,5,12,13,20.7,,,,,,,,978.5,,1,,523,146.9,395.5,0,0,0,0,,,,
BASSTA,2009,5,12,14,22,,,,,,,,978,,2.6,,400,42.1,363.5,0,0,0,0,,,,
BASSTA,2009,5,12,15,20.9,,,,,,,,978,,4,,90,0.8,89.3,0,0,0,0,,,,
BASSTA,2009,5,12,16,19.8,,,,,,,,977.6,,4,,57,0.4,56.7,0,0,0,0,,,,
BASSTA,2009,5,12,17,17.4,,,,,,,,977.6,,4,,13,0,13,0,0,0,0,,,,
BASSTA,2009,5,12,18,17,,,,,,,,977.7,,2.8,,14,0.1,14,0,0,0,0,,,,
BASSTA,2009,5,12,19,16.1,,,,,,,,978.4,,1.8,,1,0,1,0,0,0,0,,,,
BASSTA,2009,5,12,20,15.8,,,,,,,,979,,1.1,,1,0,1,0,0,0,0,,,,
BASSTA,2009,5,12,21,15.8,,,,,,,,979.1,,0.8,,1,0,0,0,0,0,0,,,,
BASSTA,2009,5,12,22,15.6,,,,,,,,979.5,,1.2,,1,0,0,0,0,0,0,,,,
BASSTA,2009,5,12,23,15.5,,,,,,,,979.7,,1.3,,1,0,0,0,0,0,0,,,,
BASSTA,2009,5,13,0,15.4,,,,,,,,979.5,,1.4,,1,0,0,0,0,0,0,,,,
BASSTA,2009,5,13,1,15.1,,,,,,,,979.3,,1.3,,1,0,0,0,0,0,0,,,,
BASSTA,2009,5,13,2,14.7,,,,,,,,979.3,,1,,1,0,0,0,0,0,0,,,,
BASSTA,2009,5,13,3,14.1,,,,,,,,979,,1.3,,2,0,0,0,0,0,0,,,,
BASSTA,2009,5,13,4,14,,,,,,,,978.9,,1.2,,14,0,0,0,0,0,0,,,,
BASSTA,2009,5,13,5,14.3,,,,,,,,978.8,,1,,87,0,0,0,0,0,0,,,,
BASSTA,2009,5,13,6,14.9,,,,,,,,979,,0.8,,135,0,0,0,0,0,0,,,,
BASSTA,2009,5,13,7,15.7,,,,,,,,979.1,,0.3,,320,1646.5,52.8,0,0,0,0,,,,
BASSTA,2009,5,13,8,17.7,,,,,,,,978.9,,1.2,,572,1453.3,94.4,0,0,0,0,,,,
BASSTA,2009,5,13,9,18.9,,,,,,,,978.5,,1,,651,1111.4,107.4,0,0,0,0,,,,
BASSTA,2009,5,13,10,20,,,,,,,,978.1,,1.2,,679,896.7,112,0,0,0,0,,,,
BASSTA,2009,5,13,11,21.9,,,,,,,,977.5,,1.1,,747,812.4,139,0,0,0,0,,,,
BASSTA,2009,5,13,12,23.2,,,,,,,,977,,2.1,,754,656.9,209.1,0,0,0,0,,,,
BASSTA,2009,5,13,13,23.6,,,,,,,,976.4,,1.5,,671,392.7,329.4,0,0,0,0,,,,
BASSTA,2009,5,13,14,22.2,,,,,,,,975.9,,1.7,,172,2.6,169.7,0,0,0,0,,,,
BASSTA,2009,5,13,15,19.6,,,,,,,,976,,2.1,,26,0.1,25.9,0,0,0,0,,,,
BASSTA,2009,5,13,16,18.5,,,,,,,,976.1,,1.4,,138,2.4,136.3,0,0,0,0,,,,
BASSTA,2009,5,13,17,19.1,,,,,,,,975.5,,1.2,,160,4.6,157.2,0,0,0,0,,,,
BASSTA,2009,5,13,18,18.6,,,,,,,,975.4,,1.2,,19,0.1,18.9,0,0,0,0,,,,
BASSTA,2009,5,13,19,18.1,,,,,,,,975.4,,1.2,,2,0,2,0,0,0,0,,,,
BASSTA,2009,5,13,20,17.3,,,,,,,,975.6,,1.3,,2,0,2,0,0,0,0,,,,
BASSTA,2009,5,13,21,16.8,,,,,,,,975.5,,1.1,,2,0,0,0,0,0,0,,,,
BASSTA,2009,5,13,22,16.8,,,,,,,,975.3,,0.8,,2,0,0,0,0,0,0,,,,
BASSTA,2009,5,13,23,16.7,,,,,,,,975,,0.5,,2,0,0,0,0,0,0,,,,
BASSTA,2009,5,14,0,16.7,,,,,,,,974.6,,0.6,,2,0,0,0,0,0,0,,,,
BASSTA,2009,5,14,1,16.6,,,,,,,,974.3,,1,,2,0,0,0,0,0,0,,,,
BASSTA,2009,5,14,2,16.3,,,,,,,,974,,0.8,,2,0,0,0,0,0,0,,,,
BASSTA,2009,5,14,3,15.7,,,,,,,,973.3,,1.4,,3,0,0,0,0,0,0,,,,
BASSTA,2009,5,14,4,15.6,,,,,,,,973,,1,,12,0,0,0,0,0,0,,,,
BASSTA,2009,5,14,5,16,,,,,,,,972.9,,1.7,,58,0,0,0,0,0,0,,,,
BASSTA,2009,5,14,6,16.6,,,,,,,,972.8,,1.5,,212,0,0,0,0,0,0,,,,
BASSTA,2009,5,14,7,17.7,,,,,,,,972.7,,1.2,,277,1398.9,45.7,0,0,0,0,,,,
BASSTA,2009,5,14,8,18.3,,,,,,,,972.5,,1,,310,706.6,75.8,0,0,0,0,,,,
BASSTA,2009,5,14,9,18.7,,,,,,,,972.4,,0.5,,258,78.3,219.5,0,0,0,0,,,,
BASSTA,2009,5,14,10,19.8,,,,,,,,972.2,,0.6,,597,716.5,142.2,0,0,0,0,,,,
BASSTA,2009,5,14,11,20.4,,,,,,,,971.9,,1.4,,427,113.9,341.5,0,0,0,0,,,,
BASSTA,2009,5,14,12,20.6,,,,,,,,971.4,,1.7,,436,78.1,371.1,0,0,0,0,,,,
BASSTA,2009,5,14,13,20.7,,,,,,,,970.9,,1.2,,417,50,373.4,0,0,0,0,,,,
BASSTA,2009,5,14,14,20.5,,,,,,,,970.5,,0.7,,285,8.2,277.8,0,0,0,0,,,,
BASSTA,2009,5,14,15,20.6,,,,,,,,970.2,,1.1,,265,7.7,258.7,0,0,0,0,,,,
BASSTA,2009,5,14,16,20,,,,,,,,969.8,,1.9,,152,2.9,149.9,0,0,0,0,,,,
BASSTA,2009,5,14,17,19.1,,,,,,,,969.7,,1,,98,1.7,97,0,0,0,0,,,,
BASSTA,2009,5,14,18,18.4,,,,,,,,969.8,,0.8,,44,0.6,43.7,0,0,0,0,,,,
BASSTA,2009,5,14,19,17.5,,,,,,,,970.4,,1.4,,6,0,6,0,0,0,0,,,,
BASSTA,2009,5,14,20,17.4,,,,,,,,970.9,,1.4,,2,0,2,0,0,0,0,,,,
BASSTA,2009,5,14,21,16.9,,,,,,,,971,,1.4,,3,0,0,0,0,0,0,,,,
BASSTA,2009,5,14,22,16.1,,,,,,,,971.5,,1.1,,2,0,0,0,0,0,0,,,,
BASSTA,2009,5,14,23,15.7,,,,,,,,971.5,,1.2,,1,0,0,0,0,0,0,,,,
BASSTA,2009,5,15,0,15.5,,,,,,,,971.1,,0.7,,2,0,0,0,0,0,0,,,,
BASSTA,2009,5,15,1,15.4,,,,,,,,971,,0.4,,3,0,0,0,0,0,0,,,,
BASSTA,2009,5,15,2,15.5,,,,,,,,971,,0.3,,3,0,0,0,0,0,0,,,,
BASSTA,2009,5,15,3,14.9,,,,,,,,970.8,,0.6,,2,0,0,0,0,0,0,,,,
BASSTA,2009,5,15,4,14.8,,,,,,,,970.8,,0.4,,5,0,0,0,0,0,0,,,,
BASSTA,2009,5,15,5,14.9,,,,,,,,971,,0.2,,43,0,0,0,0,0,0,,,,
BASSTA,2009,5,15,6,15,,,,,,,,971.2,,0.2,,77,0,0,0,0,0,0,,,,
BASSTA,2009,5,15,7,15.2,,,,,,,,971.2,,0.9,,97,121,76.6,0,0,0,0,,,,
BASSTA,2009,5,15,8,15.5,,,,,,,,971.4,,1,,166,60.3,145.9,0,0,0,0,,,,
BASSTA,2009,5,15,9,15.8,,,,,,,,971.6,,1.3,,154,6.9,150.6,0,0,0,0,,,,
BASSTA,2009,5,15,10,15.9,,,,,,,,971.7,,1.8,,155,4,152.5,0,0,0,0,,,,
BASSTA,2009,5,15,11,14.2,,,,,,,,972.1,,4.1,,92,1,91.2,0,0,0,0,,,,
BASSTA,2009,5,15,12,13.9,,,,,,,,972.6,,3.9,,170,2.8,167.7,0,0,0,0,,,,
BASSTA,2009,5,15,13,13.8,,,,,,,,973,,4.3,,100,0.9,99.2,0,0,0,0,,,,
BASSTA,2009,5,15,14,13.3,,,,,,,,973.5,,3.7,,76,0.5,75.6,0,0,0,0,,,,
BASSTA,2009,5,15,15,13.2,,,,,,,,973.9,,3,,136,1.8,134.5,0,0,0,0,,,,
BASSTA,2009,5,15,16,13.2,,,,,,,,974.1,,1.6,,77,0.7,76.5,0,0,0,0,,,,
BASSTA,2009,5,15,17,13.4,,,,,,,,974.4,,1,,28,0.1,27.9,0,0,0,0,,,,
BASSTA,2009,5,15,18,13.3,,,,,,,,975.2,,0.7,,10,0,10,0,0,0,0,,,,
BASSTA,2009,5,15,19,13.1,,,,,,,,975.9,,0.8,,2,0,2,0,0,0,0,,,,
BASSTA,2009,5,15,20,12.7,,,,,,,,976.6,,2,,2,0,2,0,0,0,0,,,,
BASSTA,2009,5,15,21,11.8,,,,,,,,977.2,,2.2,,2,0,0,0,0,0,0,,,,
BASSTA,2009,5,15,22,11.5,,,,,,,,977.5,,2.4,,2,0,0,0,0,0,0,,,,
BASSTA,2009,5,15,23,11,,,,,,,,978.1,,3,,2,0,0,0,0,0,0,,,,
BASSTA,2009,5,16,0,9.9,,,,,,,,978.5,,3.3,,3,0,0,0,0,0,0,,,,
BASSTA,2009,5,16,1,9.8,,,,,,,,978.4,,2,,3,0,0,0,0,0,0,,,,
BASSTA,2009,5,16,2,9.9,,,,,,,,978.3,,1.4,,2,0,0,0,0,0,0,,,,
BASSTA,2009,5,16,3,9.8,,,,,,,,978.5,,0.7,,2,0,0,0,0,0,0,,,,
BASSTA,2009,5,16,4,10,,,,,,,,979,,0.8,,9,0,0,0,0,0,0,,,,
BASSTA,2009,5,16,5,10.4,,,,,,,,979.1,,0.9,,42,0,0,0,0,0,0,,,,
BASSTA,2009,5,16,6,11,,,,,,,,979.4,,1.1,,117,0,0,0,0,0,0,,,,
BASSTA,2009,5,16,7,12,,,,,,,,979.5,,0.8,,247,1204.9,40.8,0,0,0,0,,,,
BASSTA,2009,5,16,8,13.4,,,,,,,,979.5,,1.2,,626,1551.6,103.3,0,0,0,0,,,,
BASSTA,2009,5,16,9,14.3,,,,,,,,979.5,,1.4,,638,1072.6,105.3,0,0,0,0,,,,
BASSTA,2009,5,16,10,15.7,,,,,,,,979.4,,1.3,,605,727.9,139.7,0,0,0,0,,,,
BASSTA,2009,5,16,11,16.3,,,,,,,,979,,1.1,,606,452.1,264.7,0,0,0,0,,,,
BASSTA,2009,5,16,12,16.8,,,,,,,,978.8,,1,,441,80.8,373.5,0,0,0,0,,,,
BASSTA,2009,5,16,13,18.1,,,,,,,,978.4,,1.1,,706,458.3,304.6,0,0,0,0,,,,
BASSTA,2009,5,16,14,18.9,,,,,,,,978.2,,1.2,,618,286.8,367.6,0,0,0,0,,,,
BASSTA,2009,5,16,15,18.9,,,,,,,,978.2,,1.9,,500,149.6,376.2,0,0,0,0,,,,
BASSTA,2009,5,16,16,18.6,,,,,,,,978.2,,1.9,,329,34.4,303.5,0,0,0,0,,,,
BASSTA,2009,5,16,17,18.2,,,,,,,,978.3,,1.5,,159,4.4,156.3,0,0,0,0,,,,
BASSTA,2009,5,16,18,17.7,,,,,,,,978.7,,1.2,,94,2.6,92.8,0,0,0,0,,,,
BASSTA,2009,5,16,19,16,,,,,,,,979,,1,,4,0,4,0,0,0,0,,,,
BASSTA,2009,5,16,20,14.3,,,,,,,,979.3,,1.6,,1,0,1,0,0,0,0,,,,
BASSTA,2009,5,16,21,13.6,,,,,,,,979.1,,0.9,,1,0,0,0,0,0,0,,,,
BASSTA,2009,5,16,22,12.9,,,,,,,,978.7,,1.3,,1,0,0,0,0,0,0,,,,
BASSTA,2009,5,16,23,12.5,,,,,,,,978.7,,1.2,,1,0,0,0,0,0,0,,,,
BASSTA,2009,5,17,0,12,,,,,,,,978.2,,1.8,,1,0,0,0,0,0,0,,,,
BASSTA,2009,5,17,1,11.6,,,,,,,,977.7,,1.6,,1,0,0,0,0,0,0,,,,
BASSTA,2009,5,17,2,11.3,,,,,,,,977.1,,2,,1,0,0,0,0,0,0,,,,
BASSTA,2009,5,17,3,11.4,,,,,,,,976.8,,1.4,,2,0,0,0,0,0,0,,,,
BASSTA,2009,5,17,4,12.7,,,,,,,,976.5,,3.5,,18,0,0,0,0,0,0,,,,
BASSTA,2009,5,17,5,14.4,,,,,,,,976.3,,4.2,,134,0,0,0,0,0,0,,,,
BASSTA,2009,5,17,6,15.8,,,,,,,,976.3,,4.8,,292,0,0,0,0,0,0,,,,
BASSTA,2009,5,17,7,17.7,,,,,,,,976.3,,4.4,,475,2280.3,78.4,0,0,0,0,,,,
BASSTA,2009,5,17,8,19.3,,,,,,,,976.4,,3.1,,605,1488.3,99.8,0,0,0,0,,,,
BASSTA,2009,5,17,9,20.7,,,,,,,,976.2,,2.6,,740,1238.3,122.1,0,0,0,0,,,,
BASSTA,2009,5,17,10,22.7,,,,,,,,976,,1.9,,828,1078,136.6,0,0,0,0,,,,
BASSTA,2009,5,17,11,24.4,,,,,,,,975.7,,2.3,,889,980.8,146.7,0,0,0,0,,,,
BASSTA,2009,5,17,12,26.5,,,,,,,,975.1,,3.4,,826,795.6,159.7,0,0,0,0,,,,
BASSTA,2009,5,17,13,25.3,,,,,,,,975.6,,4.6,,675,390.3,332.5,0,0,0,0,,,,
BASSTA,2009,5,17,14,23.7,,,,,,,,976.3,,5.1,,387,34,357.2,0,0,0,0,,,,
BASSTA,2009,5,17,15,22.7,,,,,,,,976.6,,2.4,,257,6.8,251.3,0,0,0,0,,,,
BASSTA,2009,5,17,16,22,,,,,,,,976.7,,1.6,,143,2.5,141.1,0,0,0,0,,,,
BASSTA,2009,5,17,17,21.7,,,,,,,,976.9,,2.5,,128,2.8,126.2,0,0,0,0,,,,
BASSTA,2009,5,17,18,18.7,,,,,,,,978,,2.6,,26,0.2,25.9,0,0,0,0,,,,
BASSTA,2009,5,17,19,17.3,,,,,,,,978.8,,2,,9,0.1,9,0,0,0,0,,,,
BASSTA,2009,5,17,20,16.9,,,,,,,,980.4,,4.6,,3,0,3,0,0,0,0,,,,
BASSTA,2009,5,17,21,16.1,,,,,,,,981.6,,4.9,,2,0,0,0,0,0,0,,,,
BASSTA,2009,5,17,22,15.6,,,,,,,,982.9,,3.9,,2,0,0,0,0,0,0,,,,
BASSTA,2009,5,17,23,14.5,,,,,,,,983.7,,3.2,,2,0,0,0,0,0,0,,,,
BASSTA,2009,5,18,0,13.8,,,,,,,,983.4,,3.6,,1,0,0,0,0,0,0,,,,
BASSTA,2009,5,18,1,13.4,,,,,,,,983,,3.9,,3,0,0,0,0,0,0,,,,
BASSTA,2009,5,18,2,13.3,,,,,,,,982.7,,3,,3,0,0,0,0,0,0,,,,
BASSTA,2009,5,18,3,13.1,,,,,,,,983,,1.7,,2,0,0,0,0,0,0,,,,
BASSTA,2009,5,18,4,12.6,,,,,,,,983.3,,1.7,,17,0,0,0,0,0,0,,,,
BASSTA,2009,5,18,5,13.3,,,,,,,,983.6,,0.8,,162,0,0,0,0,0,0,,,,
BASSTA,2009,5,18,6,14.5,,,,,,,,984,,0.9,,286,0,0,0,0,0,0,,,,
BASSTA,2009,5,18,7,14.6,,,,,,,,984.3,,2,,190,898.3,31.4,0,0,0,0,,,,
BASSTA,2009,5,18,8,14.2,,,,,,,,984.4,,1.4,,111,8,108.3,0,0,0,0,,,,
BASSTA,2009,5,18,9,14.3,,,,,,,,984.7,,0.5,,200,20.3,189.8,0,0,0,0,,,,
BASSTA,2009,5,18,10,14.7,,,,,,,,984.7,,0.2,,191,6.1,187.1,0,0,0,0,,,,
BASSTA,2009,5,18,11,15.8,,,,,,,,984.7,,1.1,,545,304,314.3,0,0,0,0,,,,
BASSTA,2009,5,18,12,17.2,,,,,,,,984.4,,2.5,,690,489.9,278.8,0,0,0,0,,,,
BASSTA,2009,5,18,13,17.3,,,,,,,,984.1,,2,,341,17.6,325.6,0,0,0,0,,,,
BASSTA,2009,5,18,14,18,,,,,,,,983.8,,2.3,,349,20,331.5,0,0,0,0,,,,
BASSTA,2009,5,18,15,18.3,,,,,,,,983.7,,2.2,,299,12.3,288.8,0,0,0,0,,,,
BASSTA,2009,5,18,16,18.7,,,,,,,,983.5,,2.4,,371,61,325.5,0,0,0,0,,,,
BASSTA,2009,5,18,17,18.5,,,,,,,,983.3,,2,,208,8.7,202.6,0,0,0,0,,,,
BASSTA,2009,5,18,18,17.5,,,,,,,,983.6,,2.5,,44,0.6,43.7,0,0,0,0,,,,
BASSTA,2009,5,18,19,16.7,,,,,,,,983.7,,2.2,,3,0,3,0,0,0,0,,,,
BASSTA,2009,5,18,20,15.4,,,,,,,,984.1,,2.7,,1,0,1,0,0,0,0,,,,
BASSTA,2009,5,18,21,14.4,,,,,,,,984.6,,3,,2,0,0,0,0,0,0,,,,
BASSTA,2009,5,18,22,13.8,,,,,,,,984.6,,3.1,,1,0,0,0,0,0,0,,,,
BASSTA,2009,5,18,23,12.6,,,,,,,,984.7,,0.9,,2,0,0,0,0,0,0,,,,
BASSTA,2009,5,19,0,12,,,,,,,,984.6,,1.3,,2,0,0,0,0,0,0,,,,
BASSTA,2009,5,19,1,11.3,,,,,,,,984.4,,1.4,,2,0,0,0,0,0,0,,,,
BASSTA,2009,5,19,2,11,,,,,,,,984.4,,1.7,,2,0,0,0,0,0,0,,,,
BASSTA,2009,5,19,3,10.5,,,,,,,,984.4,,1.7,,2,0,0,0,0,0,0,,,,
BASSTA,2009,5,19,4,10.2,,,,,,,,984.4,,1.5,,24,0,0,0,0,0,0,,,,
BASSTA,2009,5,19,5,11,,,,,,,,984.6,,1.2,,140,0,0,0,0,0,0,,,,
BASSTA,2009,5,19,6,12.9,,,,,,,,984.8,,1,,307,0,0,0,0,0,0,,,,
BASSTA,2009,5,19,7,15.5,,,,,,,,984.8,,1.5,,471,2194.8,77.7,0,0,0,0,,,,
BASSTA,2009,5,19,8,17.6,,,,,,,,984.8,,2,,616,1494.1,101.6,0,0,0,0,,,,
BASSTA,2009,5,19,9,19,,,,,,,,984.4,,2.2,,748,1240.7,123.4,0,0,0,0,,,,
BASSTA,2009,5,19,10,20.6,,,,,,,,984.2,,2,,835,1080.3,137.8,0,0,0,0,,,,
BASSTA,2009,5,19,11,21.9,,,,,,,,983.8,,0.9,,872,957.3,143.9,0,0,0,0,,,,
BASSTA,2009,5,19,12,22.5,,,,,,,,983.3,,1.3,,734,589.1,238.5,0,0,0,0,,,,
BASSTA,2009,5,19,13,23.2,,,,,,,,982.8,,1.1,,793,642,227.3,0,0,0,0,,,,
BASSTA,2009,5,19,14,24,,,,,,,,982.5,,2.5,,739,527.3,275.8,0,0,0,0,,,,
BASSTA,2009,5,19,15,24,,,,,,,,982.5,,2.9,,580,269.9,355.2,0,0,0,0,,,,
BASSTA,2009,5,19,16,23.6,,,,,,,,982.6,,2.5,,408,94.7,337.2,0,0,0,0,,,,
BASSTA,2009,5,19,17,22.9,,,,,,,,982.9,,3.2,,248,19.1,236,0,0,0,0,,,,
BASSTA,2009,5,19,18,21.8,,,,,,,,983.3,,2.3,,91,2.4,89.8,0,0,0,0,,,,
BASSTA,2009,5,19,19,19.1,,,,,,,,983.5,,1.3,,5,0,5,0,0,0,0,,,,
BASSTA,2009,5,19,20,17,,,,,,,,984.2,,1.9,,1,0,1,0,0,0,0,,,,
BASSTA,2009,5,19,21,16,,,,,,,,984.4,,1.1,,1,0,0,0,0,0,0,,,,
BASSTA,2009,5,19,22,15,,,,,,,,984.5,,1.4,,1,0,0,0,0,0,0,,,,
BASSTA,2009,5,19,23,13.9,,,,,,,,984.5,,1.5,,1,0,0,0,0,0,0,,,,
BASSTA,2009,5,20,0,13.8,,,,,,,,984.5,,1.7,,1,0,0,0,0,0,0,,,,
BASSTA,2009,5,20,1,13.2,,,,,,,,984.2,,2.5,,2,0,0,0,0,0,0,,,,
BASSTA,2009,5,20,2,12.5,,,,,,,,984.2,,1.7,,1,0,0,0,0,0,0,,,,
BASSTA,2009,5,20,3,11.6,,,,,,,,984,,2,,2,0,0,0,0,0,0,,,,
BASSTA,2009,5,20,4,11.5,,,,,,,,984.1,,1.4,,22,0,0,0,0,0,0,,,,
BASSTA,2009,5,20,5,12.6,,,,,,,,984.3,,1.7,,131,0,0,0,0,0,0,,,,
BASSTA,2009,5,20,6,14.6,,,,,,,,984.7,,1.1,,295,0,0,0,0,0,0,,,,
BASSTA,2009,5,20,7,16.7,,,,,,,,984.9,,0.4,,460,2114.3,75.9,0,0,0,0,,,,
BASSTA,2009,5,20,8,19.2,,,,,,,,984.6,,1.2,,602,1450.6,99.3,0,0,0,0,,,,
BASSTA,2009,5,20,9,21.9,,,,,,,,984.1,,1.1,,729,1204.3,120.3,0,0,0,0,,,,
BASSTA,2009,5,20,10,23.9,,,,,,,,983.5,,1,,795,1025.5,131.2,0,0,0,0,,,,
BASSTA,2009,5,20,11,25.6,,,,,,,,982.8,,1.2,,842,922.2,138.9,0,0,0,0,,,,
BASSTA,2009,5,20,12,26.9,,,,,,,,982,,2.4,,800,734.6,180.9,0,0,0,0,,,,
BASSTA,2009,5,20,13,27.9,,,,,,,,981.5,,2.9,,773,595,247.7,0,0,0,0,,,,
BASSTA,2009,5,20,14,28.2,,,,,,,,980.9,,1.5,,692,422.7,319.9,0,0,0,0,,,,
BASSTA,2009,5,20,15,28.3,,,,,,,,980.4,,2,,565,241.5,363.4,0,0,0,0,,,,
BASSTA,2009,5,20,16,28.2,,,,,,,,979.8,,1.6,,402,87.4,336.4,0,0,0,0,,,,
BASSTA,2009,5,20,17,27.5,,,,,,,,979.4,,2.4,,231,13.3,222.6,0,0,0,0,,,,
BASSTA,2009,5,20,18,25.5,,,,,,,,979.5,,3.7,,71,1.4,70.3,0,0,0,0,,,,
BASSTA,2009,5,20,19,23.4,,,,,,,,979.6,,2.6,,4,0,4,0,0,0,0,,,,
BASSTA,2009,5,20,20,21.4,,,,,,,,979.9,,1.9,,1,0,1,0,0,0,0,,,,
BASSTA,2009,5,20,21,20,,,,,,,,979.6,,1.8,,2,0,0,0,0,0,0,,,,
BASSTA,2009,5,20,22,19.1,,,,,,,,979.3,,2.4,,1,0,0,0,0,0,0,,,,
BASSTA,2009,5,20,23,18.4,,,,,,,,978.9,,3.1,,2,0,0,0,0,0,0,,,,
BASSTA,2009,5,21,0,17,,,,,,,,979,,1.6,,3,0,0,0,0,0,0,,,,
BASSTA,2009,5,21,1,16.9,,,,,,,,979,,2.4,,2,0,0,0,0,0,0,,,,
BASSTA,2009,5,21,2,16.3,,,,,,,,978.7,,2,,3,0,0,0,0,0,0,,,,
BASSTA,2009,5,21,3,15.5,,,,,,,,979,,1.2,,3,0,0,0,0,0,0,,,,
BASSTA,2009,5,21,4,16.3,,,,,,,,979.9,,2,,6,0,0,0,0,0,0,,,,
BASSTA,2009,5,21,5,16.4,,,,,,,,980.3,,1.6,,37,0,0,0,0,0,0,,,,
BASSTA,2009,5,21,6,17.2,,,,,,,,980.1,,1.1,,120,0,0,0,0,0,0,,,,
BASSTA,2009,5,21,7,17.4,,,,,,,,979.7,,1.3,,103,106.9,83.3,0,0,0,0,,,,
BASSTA,2009,5,21,8,19.5,,,,,,,,979.3,,2.6,,438,1048.8,72.3,0,0,0,0,,,,
BASSTA,2009,5,21,9,22.3,,,,,,,,979.1,,1.7,,572,941.2,94.4,0,0,0,0,,,,
BASSTA,2009,5,21,10,24.5,,,,,,,,978.6,,1.3,,806,1036.8,133,0,0,0,0,,,,
BASSTA,2009,5,21,11,25.8,,,,,,,,977.8,,0.7,,795,867.7,132,0,0,0,0,,,,
BASSTA,2009,5,21,12,26.5,,,,,,,,977.3,,1.4,,658,410.5,311.4,0,0,0,0,,,,
BASSTA,2009,5,21,13,25.2,,,,,,,,977.2,,1.4,,302,9.8,293.4,0,0,0,0,,,,
BASSTA,2009,5,21,14,25.6,,,,,,,,977.2,,3.8,,483,96.8,397.7,0,0,0,0,,,,
BASSTA,2009,5,21,15,23.2,,,,,,,,977.1,,4.2,,277,8.6,269.8,0,0,0,0,,,,
BASSTA,2009,5,21,16,21.8,,,,,,,,977.2,,3.6,,147,2.6,145.1,0,0,0,0,,,,
BASSTA,2009,5,21,17,20.8,,,,,,,,977.5,,1.6,,99,1.7,98,0,0,0,0,,,,
BASSTA,2009,5,21,18,20,,,,,,,,977.4,,1.4,,55,0.9,54.6,0,0,0,0,,,,
BASSTA,2009,5,21,19,18.9,,,,,,,,977.6,,1.7,,3,0,3,0,0,0,0,,,,
BASSTA,2009,5,21,20,18,,,,,,,,978.2,,1.4,,3,0,3,0,0,0,0,,,,
BASSTA,2009,5,21,21,15.5,,,,,,,,979.2,,3.5,,3,0,0,0,0,0,0,,,,
BASSTA,2009,5,21,22,15.7,,,,,,,,978.7,,1.3,,3,0,0,0,0,0,0,,,,
BASSTA,2009,5,21,23,15.7,,,,,,,,977.9,,1.7,,3,0,0,0,0,0,0,,,,
BASSTA,2009,5,22,0,15.7,,,,,,,,977.6,,2.6,,3,0,0,0,0,0,0,,,,
BASSTA,2009,5,22,1,15.6,,,,,,,,978.4,,1.7,,3,0,0,0,0,0,0,,,,
BASSTA,2009,5,22,2,15.7,,,,,,,,977.9,,1.4,,3,0,0,0,0,0,0,,,,
BASSTA,2009,5,22,3,15.8,,,,,,,,977.7,,2.9,,3,0,0,0,0,0,0,,,,
BASSTA,2009,5,22,4,15.8,,,,,,,,977.8,,1,,3,0,0,0,0,0,0,,,,
BASSTA,2009,5,22,5,15.7,,,,,,,,978.3,,2.2,,28,0,0,0,0,0,0,,,,
BASSTA,2009,5,22,6,15.9,,,,,,,,978.8,,2.3,,74,0,0,0,0,0,0,,,,
BASSTA,2009,5,22,7,16.6,,,,,,,,979.3,,1.1,,151,469,63.6,0,0,0,0,,,,
BASSTA,2009,5,22,8,17.4,,,,,,,,979.8,,0.9,,242,261.3,150.4,0,0,0,0,,,,
BASSTA,2009,5,22,9,17.9,,,,,,,,980.4,,2.1,,179,11.1,173.4,0,0,0,0,,,,
BASSTA,2009,5,22,10,18.5,,,,,,,,980.6,,0.8,,181,5.2,177.6,0,0,0,0,,,,
BASSTA,2009,5,22,11,20.2,,,,,,,,980.8,,3.8,,503,214.6,338.7,0,0,0,0,,,,
BASSTA,2009,5,22,12,21.1,,,,,,,,980.9,,5,,626,341.4,337.2,0,0,0,0,,,,
BASSTA,2009,5,22,13,22.5,,,,,,,,980.8,,5.4,,836,724.9,193.6,0,0,0,0,,,,
BASSTA,2009,5,22,14,22.2,,,,,,,,980.9,,5.7,,653,339.8,352.8,0,0,0,0,,,,
BASSTA,2009,5,22,15,22,,,,,,,,980.8,,5.7,,571,248.3,362.8,0,0,0,0,,,,
BASSTA,2009,5,22,16,21.6,,,,,,,,980.6,,5.4,,402,85.7,337.4,0,0,0,0,,,,
BASSTA,2009,5,22,17,20.7,,,,,,,,980.9,,3.9,,254,20.6,240.9,0,0,0,0,,,,
BASSTA,2009,5,22,18,19.8,,,,,,,,981.3,,2.8,,98,2.7,96.7,0,0,0,0,,,,
BASSTA,2009,5,22,19,17.9,,,,,,,,981.6,,1.8,,10,0.1,10,0,0,0,0,,,,
BASSTA,2009,5,22,20,16.4,,,,,,,,982,,2.1,,1,0,1,0,0,0,0,,,,
BASSTA,2009,5,22,21,15.1,,,,,,,,982.3,,1.2,,1,0,0,0,0,0,0,,,,
BASSTA,2009,5,22,22,14.5,,,,,,,,982.3,,1.3,,1,0,0,0,0,0,0,,,,
BASSTA,2009,5,22,23,14.1,,,,,,,,982.3,,1.2,,1,0,0,0,0,0,0,,,,
BASSTA,2009,5,23,0,13.4,,,,,,,,982.3,,0.6,,2,0,0,0,0,0,0,,,,
BASSTA,2009,5,23,1,12.6,,,,,,,,982.1,,0.7,,1,0,0,0,0,0,0,,,,
BASSTA,2009,5,23,2,11.7,,,,,,,,981.8,,1.1,,2,0,0,0,0,0,0,,,,
BASSTA,2009,5,23,3,11.1,,,,,,,,981.8,,1.2,,2,0,0,0,0,0,0,,,,
BASSTA,2009,5,23,4,11.2,,,,,,,,981.9,,1.2,,27,0,0,0,0,0,0,,,,
BASSTA,2009,5,23,5,12.2,,,,,,,,982.1,,0.4,,139,0,0,0,0,0,0,,,,
BASSTA,2009,5,23,6,14,,,,,,,,982.2,,0.4,,292,0,0,0,0,0,0,,,,
BASSTA,2009,5,23,7,16,,,,,,,,982,,1,,453,2006.4,74.7,0,0,0,0,,,,
BASSTA,2009,5,23,8,18.3,,,,,,,,981.8,,1.2,,595,1408.3,98.2,0,0,0,0,,,,
BASSTA,2009,5,23,9,20.3,,,,,,,,981.3,,1.6,,717,1171.3,118.3,0,0,0,0,,,,
BASSTA,2009,5,23,10,22.1,,,,,,,,980.9,,1.4,,800,1023.7,132,0,0,0,0,,,,
BASSTA,2009,5,23,11,23.3,,,,,,,,980.5,,1.5,,834,907.7,137.6,0,0,0,0,,,,
BASSTA,2009,5,23,12,24.5,,,,,,,,980.1,,1.5,,820,767.3,169.8,0,0,0,0,,,,
BASSTA,2009,5,23,13,25.2,,,,,,,,979.5,,1.5,,756,549.7,268.1,0,0,0,0,,,,
BASSTA,2009,5,23,14,26.4,,,,,,,,979.1,,1,,649,330.4,356.6,0,0,0,0,,,,
BASSTA,2009,5,23,15,25.5,,,,,,,,979.1,,2.4,,412,57.4,363.8,0,0,0,0,,,,
BASSTA,2009,5,23,16,24.8,,,,,,,,979.2,,2,,235,6.9,229.8,0,0,0,0,,,,
BASSTA,2009,5,23,17,24,,,,,,,,979.8,,2.7,,195,6.6,190.8,0,0,0,0,,,,
BASSTA,2009,5,23,18,23,,,,,,,,980,,1.3,,58,0.9,57.5,0,0,0,0,,,,
BASSTA,2009,5,23,19,21.8,,,,,,,,979.9,,0.8,,7,0,7,0,0,0,0,,,,
BASSTA,2009,5,23,20,20.8,,,,,,,,979.9,,0.5,,2,0,2,0,0,0,0,,,,
BASSTA,2009,5,23,21,20.6,,,,,,,,979.9,,1.5,,2,0,0,0,0,0,0,,,,
BASSTA,2009,5,23,22,20.5,,,,,,,,979.8,,2.8,,1,0,0,0,0,0,0,,,,
BASSTA,2009,5,23,23,20.4,,,,,,,,979.8,,3.1,,2,0,0,0,0,0,0,,,,
BASSTA,2009,5,24,0,20.1,,,,,,,,980,,3.2,,2,0,0,0,0,0,0,,,,
BASSTA,2009,5,24,1,18.8,,,,,,,,980.5,,1.8,,2,0,0,0,0,0,0,,,,
BASSTA,2009,5,24,2,18.8,,,,,,,,980.7,,1.7,,3,0,0,0,0,0,0,,,,
BASSTA,2009,5,24,3,18.6,,,,,,,,980.9,,2.3,,3,0,0,0,0,0,0,,,,
BASSTA,2009,5,24,4,18.3,,,,,,,,981.2,,1.6,,22,0,0,0,0,0,0,,,,
BASSTA,2009,5,24,5,18.6,,,,,,,,981.5,,2.3,,71,0,0,0,0,0,0,,,,
BASSTA,2009,5,24,6,20.3,,,,,,,,982,,1.3,,234,0,0,0,0,0,0,,,,
BASSTA,2009,5,24,7,22.2,,,,,,,,982.3,,1.4,,409,1791.7,67.5,0,0,0,0,,,,
BASSTA,2009,5,24,8,24.7,,,,,,,,982.2,,1.6,,572,1346.7,94.4,0,0,0,0,,,,
BASSTA,2009,5,24,9,26.7,,,,,,,,982.2,,1.1,,702,1143,115.8,0,0,0,0,,,,
BASSTA,2009,5,24,10,28.4,,,,,,,,982.1,,0.7,,779,994.5,128.5,0,0,0,0,,,,
BASSTA,2009,5,24,11,29.3,,,,,,,,982.1,,1.3,,809,879.2,133.2,0,0,0,0,,,,
BASSTA,2009,5,24,12,30.4,,,,,,,,981.9,,1.8,,800,723.9,185.5,0,0,0,0,,,,
BASSTA,2009,5,24,13,30.8,,,,,,,,981.7,,2,,755,545.2,270.3,0,0,0,0,,,,
BASSTA,2009,5,24,14,30.8,,,,,,,,981.4,,2.2,,672,373.2,341.1,0,0,0,0,,,,
BASSTA,2009,5,24,15,30.7,,,,,,,,981.1,,2.1,,548,207.4,373.5,0,0,0,0,,,,
BASSTA,2009,5,24,16,30.1,,,,,,,,980.8,,1.3,,382,65.9,332.1,0,0,0,0,,,,
BASSTA,2009,5,24,17,29.2,,,,,,,,980.7,,1.5,,230,12.4,222.1,0,0,0,0,,,,
BASSTA,2009,5,24,18,27.4,,,,,,,,980.5,,1.1,,83,1.9,82.1,0,0,0,0,,,,
BASSTA,2009,5,24,19,25.3,,,,,,,,980.6,,2.7,,8,0,8,0,0,0,0,,,,
BASSTA,2009,5,24,20,24.2,,,,,,,,981.2,,1.4,,1,0,1,0,0,0,0,,,,
BASSTA,2009,5,24,21,22.4,,,,,,,,981.3,,1,,2,0,0,0,0,0,0,,,,
BASSTA,2009,5,24,22,21.2,,,,,,,,981.3,,0.8,,2,0,0,0,0,0,0,,,,
BASSTA,2009,5,24,23,20,,,,,,,,981.1,,0.6,,2,0,0,0,0,0,0,,,,
BASSTA,2009,5,25,0,19.2,,,,,,,,980.9,,1.2,,1,0,0,0,0,0,0,,,,
BASSTA,2009,5,25,1,18.8,,,,,,,,980.7,,0.9,,2,0,0,0,0,0,0,,,,
BASSTA,2009,5,25,2,18.4,,,,,,,,980.6,,1.1,,3,0,0,0,0,0,0,,,,
BASSTA,2009,5,25,3,18.4,,,,,,,,980.5,,1.5,,2,0,0,0,0,0,0,,,,
BASSTA,2009,5,25,4,17.9,,,,,,,,980.7,,1.3,,28,0,0,0,0,0,0,,,,
BASSTA,2009,5,25,5,18.5,,,,,,,,981,,1,,132,0,0,0,0,0,0,,,,
BASSTA,2009,5,25,6,20.4,,,,,,,,981.1,,1.4,,281,0,0,0,0,0,0,,,,
BASSTA,2009,5,25,7,22.5,,,,,,,,981.1,,1.1,,437,1894.6,72.1,0,0,0,0,,,,
BASSTA,2009,5,25,8,24.4,,,,,,,,980.9,,1.1,,580,1358.6,95.7,0,0,0,0,,,,
BASSTA,2009,5,25,9,26.4,,,,,,,,980.7,,0.6,,710,1152.3,117.2,0,0,0,0,,,,
BASSTA,2009,5,25,10,28.8,,,,,,,,980.4,,0.7,,794,1011.3,131,0,0,0,0,,,,
BASSTA,2009,5,25,11,30,,,,,,,,979.9,,2.1,,833,903.2,137.4,0,0,0,0,,,,
BASSTA,2009,5,25,12,30.9,,,,,,,,979.3,,0.9,,800,721.5,186.5,0,0,0,0,,,,
BASSTA,2009,5,25,13,31.6,,,,,,,,978.5,,1,,770,576.1,257.1,0,0,0,0,,,,
BASSTA,2009,5,25,14,31.8,,,,,,,,977.6,,1.6,,658,344,352.5,0,0,0,0,,,,
BASSTA,2009,5,25,15,31.6,,,,,,,,976.9,,1.6,,552,212.3,373,0,0,0,0,,,,
BASSTA,2009,5,25,16,31.2,,,,,,,,976.3,,1.4,,387,69.4,334.3,0,0,0,0,,,,
BASSTA,2009,5,25,17,30.7,,,,,,,,975.8,,1.1,,241,15.2,231.2,0,0,0,0,,,,
BASSTA,2009,5,25,18,29.2,,,,,,,,975.5,,0.8,,89,2.2,87.9,0,0,0,0,,,,
BASSTA,2009,5,25,19,26.3,,,,,,,,975.7,,1.7,,7,0,7,0,0,0,0,,,,
BASSTA,2009,5,25,20,24.6,,,,,,,,975.9,,2.2,,1,0,1,0,0,0,0,,,,
BASSTA,2009,5,25,21,22.4,,,,,,,,975.7,,0.9,,1,0,0,0,0,0,0,,,,
BASSTA,2009,5,25,22,21.9,,,,,,,,976.1,,1.3,,2,0,0,0,0,0,0,,,,
BASSTA,2009,5,25,23,21.5,,,,,,,,976,,1.2,,1,0,0,0,0,0,0,,,,
BASSTA,2009,5,26,0,20.6,,,,,,,,975.5,,1.4,,2,0,0,0,0,0,0,,,,
BASSTA,2009,5,26,1,19.9,,,,,,,,975.4,,2.2,,2,0,0,0,0,0,0,,,,
BASSTA,2009,5,26,2,20.3,,,,,,,,976,,1.5,,2,0,0,0,0,0,0,,,,
BASSTA,2009,5,26,3,20.9,,,,,,,,976.7,,1.2,,3,0,0,0,0,0,0,,,,
BASSTA,2009,5,26,4,18.5,,,,,,,,977.6,,2.7,,4,0,0,0,0,0,0,,,,
BASSTA,2009,5,26,5,18.1,,,,,,,,978,,2.1,,46,0,0,0,0,0,0,,,,
BASSTA,2009,5,26,6,19.2,,,,,,,,977.9,,3.9,,199,0,0,0,0,0,0,,,,
BASSTA,2009,5,26,7,20.3,,,,,,,,978.2,,2.1,,221,948.8,36.5,0,0,0,0,,,,
BASSTA,2009,5,26,8,20.1,,,,,,,,978.7,,2.9,,229,192.7,160,0,0,0,0,,,,
BASSTA,2009,5,26,9,22.1,,,,,,,,978.7,,2.6,,704,1139.2,116.2,0,0,0,0,,,,
BASSTA,2009,5,26,10,22.7,,,,,,,,978.3,,5.1,,636,768.9,130.8,0,0,0,0,,,,
BASSTA,2009,5,26,11,20.7,,,,,,,,978.6,,5.1,,221,5.6,216.7,0,0,0,0,,,,
BASSTA,2009,5,26,12,17.6,,,,,,,,979.9,,5.4,,15,0,15,0,0,0,0,,,,
BASSTA,2009,5,26,13,16.4,,,,,,,,980.5,,1.7,,9,0,9,0,0,0,0,,,,
BASSTA,2009,5,26,14,16.5,,,,,,,,980.6,,1.6,,54,0.2,53.8,0,0,0,0,,,,
BASSTA,2009,5,26,15,16.8,,,,,,,,980.2,,2.3,,94,0.8,93.3,0,0,0,0,,,,
BASSTA,2009,5,26,16,16.3,,,,,,,,980,,3.3,,63,0.5,62.6,0,0,0,0,,,,
BASSTA,2009,5,26,17,15.9,,,,,,,,980.3,,2.4,,36,0.2,35.9,0,0,0,0,,,,
BASSTA,2009,5,26,18,15.8,,,,,,,,980.9,,2.2,,21,0.1,20.9,0,0,0,0,,,,
BASSTA,2009,5,26,19,15.5,,,,,,,,981.1,,2.4,,4,0,4,0,0,0,0,,,,
BASSTA,2009,5,26,20,15,,,,,,,,982.4,,2.4,,3,0,3,0,0,0,0,,,,
BASSTA,2009,5,26,21,14.4,,,,,,,,983.7,,3,,3,0,0,0,0,0,0,,,,
BASSTA,2009,5,26,22,14,,,,,,,,985.1,,2.7,,3,0,0,0,0,0,0,,,,
BASSTA,2009,5,26,23,13.7,,,,,,,,985.8,,2.2,,3,0,0,0,0,0,0,,,,
BASSTA,2009,5,27,0,13.4,,,,,,,,986.4,,2.6,,3,0,0,0,0,0,0,,,,
BASSTA,2009,5,27,1,12.7,,,,,,,,987.4,,2.9,,3,0,0,0,0,0,0,,,,
BASSTA,2009,5,27,2,11.8,,,,,,,,988.3,,2.9,,3,0,0,0,0,0,0,,,,
BASSTA,2009,5,27,3,11.1,,,,,,,,988.8,,2.7,,3,0,0,0,0,0,0,,,,
BASSTA,2009,5,27,4,10.4,,,,,,,,989.3,,2,,19,0,0,0,0,0,0,,,,
BASSTA,2009,5,27,5,10.5,,,,,,,,989.9,,2.1,,125,0,0,0,0,0,0,,,,
BASSTA,2009,5,27,6,11.1,,,,,,,,990.3,,2.5,,120,0,0,0,0,0,0,,,,
BASSTA,2009,5,27,7,11.8,,,,,,,,990.9,,2.2,,218,927.4,36,0,0,0,0,,,,
BASSTA,2009,5,27,8,13.3,,,,,,,,990.8,,1.3,,478,1109.4,78.9,0,0,0,0,,,,
BASSTA,2009,5,27,9,14.2,,,,,,,,990.6,,1.1,,545,879.9,89.7,0,0,0,0,,,,
BASSTA,2009,5,27,10,14.9,,,,,,,,990.5,,1.1,,620,723.7,143.5,0,0,0,0,,,,
BASSTA,2009,5,27,11,15.9,,,,,,,,990.2,,2.1,,795,855.7,133.8,0,0,0,0,,,,
BASSTA,2009,5,27,12,16.5,,,,,,,,990.1,,2.4,,596,276.4,360.3,0,0,0,0,,,,
BASSTA,2009,5,27,13,17.4,,,,,,,,990,,2.9,,762,554.4,266.9,0,0,0,0,,,,
BASSTA,2009,5,27,14,17.8,,,,,,,,989.8,,2.5,,723,473.4,301.3,0,0,0,0,,,,
BASSTA,2009,5,27,15,17.9,,,,,,,,989.4,,2.5,,632,354.8,331.7,0,0,0,0,,,,
BASSTA,2009,5,27,16,17.4,,,,,,,,989.3,,2.8,,438,121.3,345.5,0,0,0,0,,,,
BASSTA,2009,5,27,17,16.4,,,,,,,,989.5,,3.3,,183,5.4,179.5,0,0,0,0,,,,
BASSTA,2009,5,27,18,15.2,,,,,,,,989.7,,2.8,,60,1,59.5,0,0,0,0,,,,
BASSTA,2009,5,27,19,14.4,,,,,,,,990.1,,2,,10,0.1,10,0,0,0,0,,,,
BASSTA,2009,5,27,20,13.6,,,,,,,,990.5,,1.1,,2,0,2,0,0,0,0,,,,
BASSTA,2009,5,27,21,13.6,,,,,,,,990.9,,1.8,,3,0,0,0,0,0,0,,,,
BASSTA,2009,5,27,22,13.6,,,,,,,,991.1,,1.9,,2,0,0,0,0,0,0,,,,
BASSTA,2009,5,27,23,13.4,,,,,,,,991.2,,2.3,,2,0,0,0,0,0,0,,,,
BASSTA,2009,5,28,0,13.1,,,,,,,,991.3,,2.1,,3,0,0,0,0,0,0,,,,
BASSTA,2009,5,28,1,13.1,,,,,,,,991.1,,2,,2,0,0,0,0,0,0,,,,
BASSTA,2009,5,28,2,12.8,,,,,,,,990.9,,1.9,,3,0,0,0,0,0,0,,,,
BASSTA,2009,5,28,3,12.6,,,,,,,,990.9,,1.9,,3,0,0,0,0,0,0,,,,
BASSTA,2009,5,28,4,13,,,,,,,,991.1,,1.9,,22,0,0,0,0,0,0,,,,
BASSTA,2009,5,28,5,13.1,,,,,,,,991.5,,2.1,,89,0,0,0,0,0,0,,,,
BASSTA,2009,5,28,6,13.4,,,,,,,,991.7,,2.5,,158,0,0,0,0,0,0,,,,
BASSTA,2009,5,28,7,13.7,,,,,,,,992,,1.9,,209,881.9,34.4,0,0,0,0,,,,
BASSTA,2009,5,28,8,14.6,,,,,,,,992.3,,2.5,,251,270.3,153.4,0,0,0,0,,,,
BASSTA,2009,5,28,9,15.8,,,,,,,,992.3,,2.9,,450,582.3,147.9,0,0,0,0,,,,
BASSTA,2009,5,28,10,16.7,,,,,,,,992.3,,2.7,,511,404.8,244,0,0,0,0,,,,
BASSTA,2009,5,28,11,17.5,,,,,,,,992.5,,3.4,,564,324.6,312.8,0,0,0,0,,,,
BASSTA,2009,5,28,12,17.4,,,,,,,,992.4,,3,,404,48.4,362.6,0,0,0,0,,,,
BASSTA,2009,5,28,13,18.3,,,,,,,,992.1,,3.1,,649,319.5,363.3,0,0,0,0,,,,
BASSTA,2009,5,28,14,18.6,,,,,,,,992,,3.2,,435,56.2,384.9,0,0,0,0,,,,
BASSTA,2009,5,28,15,17.8,,,,,,,,992.2,,3.3,,95,0.9,94.3,0,0,0,0,,,,
BASSTA,2009,5,28,16,17.2,,,,,,,,992.1,,2.9,,42,0.2,41.8,0,0,0,0,,,,
BASSTA,2009,5,28,17,17.7,,,,,,,,992,,1.4,,193,6.2,189,0,0,0,0,,,,
BASSTA,2009,5,28,18,17.4,,,,,,,,992.3,,1.6,,97,2.5,95.7,0,0,0,0,,,,
BASSTA,2009,5,28,19,15.8,,,,,,,,992.5,,0.9,,8,0,8,0,0,0,0,,,,
BASSTA,2009,5,28,20,14.5,,,,,,,,992.7,,1.5,,2,0,2,0,0,0,0,,,,
BASSTA,2009,5,28,21,13.8,,,,,,,,992.6,,2.2,,2,0,0,0,0,0,0,,,,
BASSTA,2009,5,28,22,13.6,,,,,,,,992.7,,2.4,,2,0,0,0,0,0,0,,,,
BASSTA,2009,5,28,23,13.1,,,,,,,,992.4,,2.8,,2,0,0,0,0,0,0,,,,
BASSTA,2009,5,29,0,13.1,,,,,,,,991.9,,2.6,,2,0,0,0,0,0,0,,,,
BASSTA,2009,5,29,1,13.2,,,,,,,,991.7,,2.2,,2,0,0,0,0,0,0,,,,
BASSTA,2009,5,29,2,13.2,,,,,,,,991.4,,1.8,,2,0,0,0,0,0,0,,,,
BASSTA,2009,5,29,3,13.5,,,,,,,,991.1,,1.6,,2,0,0,0,0,0,0,,,,
BASSTA,2009,5,29,4,13.8,,,,,,,,991,,1.5,,21,0,0,0,0,0,0,,,,
BASSTA,2009,5,29,5,14.1,,,,,,,,991.1,,1.6,,51,0,0,0,0,0,0,,,,
BASSTA,2009,5,29,6,14.4,,,,,,,,991.1,,1.5,,102,0,0,0,0,0,0,,,,
BASSTA,2009,5,29,7,15.6,,,,,,,,991,,1.1,,214,895.3,35.3,0,0,0,0,,,,
BASSTA,2009,5,29,8,15.8,,,,,,,,990.8,,1.9,,182,64.6,158.6,0,0,0,0,,,,
BASSTA,2009,5,29,9,16.7,,,,,,,,990.5,,1.5,,390,360.7,202.4,0,0,0,0,,,,
BASSTA,2009,5,29,10,17.7,,,,,,,,990.1,,1.5,,510,399.9,245.8,0,0,0,0,,,,
BASSTA,2009,5,29,11,18.8,,,,,,,,989.6,,2.1,,633,484.1,257.8,0,0,0,0,,,,
BASSTA,2009,5,29,12,19.9,,,,,,,,988.9,,1.9,,692,469.8,290.3,0,0,0,0,,,,
BASSTA,2009,5,29,13,19.8,,,,,,,,988.4,,1.9,,528,136.6,405.7,0,0,0,0,,,,
BASSTA,2009,5,29,14,21.1,,,,,,,,987.8,,2.7,,694,409,328.6,0,0,0,0,,,,
BASSTA,2009,5,29,15,21.2,,,,,,,,987.3,,2.7,,623,333.1,340.2,0,0,0,0,,,,
BASSTA,2009,5,29,16,20.5,,,,,,,,986.9,,3.2,,455,141.4,346.8,0,0,0,0,,,,
BASSTA,2009,5,29,17,19.7,,,,,,,,986.9,,2.8,,290,36.6,266.3,0,0,0,0,,,,
BASSTA,2009,5,29,18,18.5,,,,,,,,987.1,,3.5,,124,4.1,121.9,0,0,0,0,,,,
BASSTA,2009,5,29,19,16.8,,,,,,,,987.4,,4,,15,0.1,15,0,0,0,0,,,,
BASSTA,2009,5,29,20,15.6,,,,,,,,987.8,,3.4,,1,0,1,0,0,0,0,,,,
BASSTA,2009,5,29,21,14.4,,,,,,,,988.1,,3,,1,0,0,0,0,0,0,,,,
BASSTA,2009,5,29,22,13.4,,,,,,,,987.7,,2.6,,1,0,0,0,0,0,0,,,,
BASSTA,2009,5,29,23,12.9,,,,,,,,987.2,,2.5,,1,0,0,0,0,0,0,,,,
BASSTA,2009,5,30,0,12,,,,,,,,986.5,,2.8,,1,0,0,0,0,0,0,,,,
BASSTA,2009,5,30,1,11.9,,,,,,,,985.8,,3,,2,0,0,0,0,0,0,,,,
BASSTA,2009,5,30,2,11.4,,,,,,,,985.3,,2.3,,1,0,0,0,0,0,0,,,,
BASSTA,2009,5,30,3,11.1,,,,,,,,984.8,,1.9,,3,0,0,0,0,0,0,,,,
BASSTA,2009,5,30,4,11.2,,,,,,,,984.5,,1.5,,34,0,0,0,0,0,0,,,,
BASSTA,2009,5,30,5,12.5,,,,,,,,984.1,,3,,168,0,0,0,0,0,0,,,,
BASSTA,2009,5,30,6,14.2,,,,,,,,984.1,,3.2,,334,0,0,0,0,0,0,,,,
BASSTA,2009,5,30,7,15.8,,,,,,,,984,,3.4,,500,2076.2,82.5,0,0,0,0,,,,
BASSTA,2009,5,30,8,17.6,,,,,,,,983.5,,3.6,,645,1479.4,106.4,0,0,0,0,,,,
BASSTA,2009,5,30,9,19,,,,,,,,982.9,,4.8,,779,1247.8,128.5,0,0,0,0,,,,
BASSTA,2009,5,30,10,19.9,,,,,,,,982.5,,4.6,,864,1090.1,142.6,0,0,0,0,,,,
BASSTA,2009,5,30,11,20.7,,,,,,,,982.2,,4.7,,902,970.6,148.8,0,0,0,0,,,,
BASSTA,2009,5,30,12,21.7,,,,,,,,982,,4.2,,887,863.9,147.4,0,0,0,0,,,,
BASSTA,2009,5,30,13,21.9,,,,,,,,981.5,,5,,831,697.7,205.5,0,0,0,0,,,,
BASSTA,2009,5,30,14,22.2,,,,,,,,981.1,,4.4,,744,513.3,284.8,0,0,0,0,,,,
BASSTA,2009,5,30,15,21.7,,,,,,,,981,,5.2,,602,291.2,354.3,0,0,0,0,,,,
BASSTA,2009,5,30,16,20.9,,,,,,,,980.8,,5.1,,437,117.2,347.1,0,0,0,0,,,,
BASSTA,2009,5,30,17,20.1,,,,,,,,980.8,,4.9,,276,28.2,257.7,0,0,0,0,,,,
BASSTA,2009,5,30,18,19.4,,,,,,,,981.1,,3.7,,102,2.7,100.6,0,0,0,0,,,,
BASSTA,2009,5,30,19,18.2,,,,,,,,981.4,,3.6,,13,0.1,13,0,0,0,0,,,,
BASSTA,2009,5,30,20,17.3,,,,,,,,981.8,,2.1,,1,0,1,0,0,0,0,,,,
BASSTA,2009,5,30,21,16.1,,,,,,,,982.1,,2.3,,2,0,0,0,0,0,0,,,,
BASSTA,2009,5,30,22,14.8,,,,,,,,982.3,,1.7,,2,0,0,0,0,0,0,,,,
BASSTA,2009,5,30,23,14.5,,,,,,,,982.1,,1.8,,2,0,0,0,0,0,0,,,,
BASSTA,2009,5,31,0,13.3,,,,,,,,981.9,,1.3,,1,0,0,0,0,0,0,,,,
BASSTA,2009,5,31,1,12.1,,,,,,,,982,,0.6,,3,0,0,0,0,0,0,,,,
BASSTA,2009,5,31,2,11.4,,,,,,,,982,,1.3,,3,0,0,0,0,0,0,,,,
BASSTA,2009,5,31,3,10.5,,,,,,,,982,,1,,3,0,0,0,0,0,0,,,,
BASSTA,2009,5,31,4,10,,,,,,,,982.1,,0.9,,33,0,0,0,0,0,0,,,,
BASSTA,2009,5,31,5,11.3,,,,,,,,982.3,,1,,156,0,0,0,0,0,0,,,,
BASSTA,2009,5,31,6,12.9,,,,,,,,982.4,,0.6,,318,0,0,0,0,0,0,,,,
BASSTA,2009,5,31,7,15,,,,,,,,982.5,,1.5,,480,1979.4,79.2,0,0,0,0,,,,
BASSTA,2009,5,31,8,17.2,,,,,,,,982.3,,2,,621,1419.5,102.5,0,0,0,0,,,,
BASSTA,2009,5,31,9,17.9,,,,,,,,982.1,,1.8,,739,1181.2,121.9,0,0,0,0,,,,
BASSTA,2009,5,31,10,19.1,,,,,,,,981.8,,2.1,,790,995.2,130.3,0,0,0,0,,,,
BASSTA,2009,5,31,11,18.8,,,,,,,,981.8,,2,,678,593.7,216.7,0,0,0,0,,,,
BASSTA,2009,5,31,12,19.5,,,,,,,,981.4,,1.7,,515,148.7,387.6,0,0,0,0,,,,
BASSTA,2009,5,31,13,19.7,,,,,,,,981.1,,2.2,,494,100.3,404,0,0,0,0,,,,
BASSTA,2009,5,31,14,20.7,,,,,,,,980.7,,3.4,,693,403.9,331.2,0,0,0,0,,,,
BASSTA,2009,5,31,15,21,,,,,,,,980.3,,3.3,,615,314.4,347.3,0,0,0,0,,,,
BASSTA,2009,5,31,16,20.5,,,,,,,,980.1,,3.9,,449,131.4,348,0,0,0,0,,,,
BASSTA,2009,5,31,17,19.5,,,,,,,,980.2,,3.9,,175,4.9,171.8,0,0,0,0,,,,
BASSTA,2009,5,31,18,18.6,,,,,,,,980.5,,4.7,,62,1,61.5,0,0,0,0,,,,
BASSTA,2009,5,31,19,17.3,,,,,,,,980.9,,4.2,,9,0,9,0,0,0,0,,,,
BASSTA,2009,5,31,20,16.1,,,,,,,,981.6,,2.4,,2,0,2,0,0,0,0,,,,
BASSTA,2009,5,31,21,14.5,,,,,,,,982,,1.5,,2,0,0,0,0,0,0,,,,
BASSTA,2009,5,31,22,13,,,,,,,,982,,0.9,,1,0,0,0,0,0,0,,,,
BASSTA,2009,5,31,23,13,,,,,,,,981.7,,0.8,,2,0,0,0,0,0,0,,,,
BASSTA,2009,6,1,0,11.6,,,,,,,,981.5,,1.1,,3,0,0,0,0,0,0,,,,
BASSTA,2009,6,1,1,9.8,,,,,,,,981,,1.4,,2,0,0,0,0,0,0,,,,
BASSTA,2009,6,1,2,9.6,,,,,,,,980.7,,1.2,,3,0,0,0,0,0,0,,,,
BASSTA,2009,6,1,3,9.3,,,,,,,,980.8,,1.3,,3,0,0,0,0,0,0,,,,
BASSTA,2009,6,1,4,9.6,,,,,,,,981.1,,1.8,,27,0,0,0,0,0,0,,,,
BASSTA,2009,6,1,5,10.8,,,,,,,,981.4,,1,,93,0,0,0,0,0,0,,,,
BASSTA,2009,6,1,6,12.5,,,,,,,,981.6,,0.8,,295,0,0,0,0,0,0,,,,
BASSTA,2009,6,1,7,14.2,,,,,,,,981.5,,0.9,,494,2024,81.5,0,0,0,0,,,,
BASSTA,2009,6,1,8,16.7,,,,,,,,981.1,,1.3,,620,1412.7,102.3,0,0,0,0,,,,
BASSTA,2009,6,1,9,17.7,,,,,,,,980.8,,1.5,,669,1067.2,110.4,0,0,0,0,,,,
BASSTA,2009,6,1,10,18.9,,,,,,,,980.7,,2.4,,681,852.9,114.9,0,0,0,0,,,,
BASSTA,2009,6,1,11,19.6,,,,,,,,980.2,,2,,640,496.6,253.7,0,0,0,0,,,,
BASSTA,2009,6,1,12,19.8,,,,,,,,979.8,,1.8,,355,24.8,333.7,0,0,0,0,,,,
BASSTA,2009,6,1,13,18.9,,,,,,,,979.8,,2.1,,103,0.9,102.2,0,0,0,0,,,,
BASSTA,2009,6,1,14,18.9,,,,,,,,979.6,,0.9,,189,3,186.3,0,0,0,0,,,,
BASSTA,2009,6,1,15,19.1,,,,,,,,979.3,,1.7,,187,3.3,184.2,0,0,0,0,,,,
BASSTA,2009,6,1,16,19.2,,,,,,,,979.2,,0.9,,132,2,130.5,0,0,0,0,,,,
BASSTA,2009,6,1,17,19.6,,,,,,,,979.2,,1.5,,220,9.3,213.9,0,0,0,0,,,,
BASSTA,2009,6,1,18,19.3,,,,,,,,979.2,,1,,77,1.5,76.2,0,0,0,0,,,,
BASSTA,2009,6,1,19,18.1,,,,,,,,979.3,,0.5,,11,0.1,11,0,0,0,0,,,,
BASSTA,2009,6,1,20,16.9,,,,,,,,979.9,,0.9,,3,0,3,0,0,0,0,,,,
BASSTA,2009,6,1,21,15.1,,,,,,,,980.4,,0.7,,3,0,0,0,0,0,0,,,,
BASSTA,2009,6,1,22,14.4,,,,,,,,980.7,,1.3,,3,0,0,0,0,0,0,,,,
BASSTA,2009,6,1,23,13.4,,,,,,,,980.5,,1.6,,2,0,0,0,0,0,0,,,,
BASSTA,2009,6,2,0,12.7,,,,,,,,980.3,,1.6,,3,0,0,0,0,0,0,,,,
BASSTA,2009,6,2,1,12.4,,,,,,,,980.2,,2,,3,0,0,0,0,0,0,,,,
BASSTA,2009,6,2,2,11.9,,,,,,,,980.1,,1.9,,3,0,0,0,0,0,0,,,,
BASSTA,2009,6,2,3,11.5,,,,,,,,980.2,,2.2,,3,0,0,0,0,0,0,,,,
BASSTA,2009,6,2,4,11.6,,,,,,,,980.4,,2,,34,0,0,0,0,0,0,,,,
BASSTA,2009,6,2,5,12.9,,,,,,,,980.6,,0.7,,154,0,0,0,0,0,0,,,,
BASSTA,2009,6,2,6,14.8,,,,,,,,980.8,,0.6,,320,0,0,0,0,0,0,,,,
BASSTA,2009,6,2,7,16.6,,,,,,,,981,,1.4,,484,1971.3,79.9,0,0,0,0,,,,
BASSTA,2009,6,2,8,18.1,,,,,,,,980.9,,1.8,,600,1363.2,99,0,0,0,0,,,,
BASSTA,2009,6,2,9,19.8,,,,,,,,980.6,,1.3,,730,1162.4,120.5,0,0,0,0,,,,
BASSTA,2009,6,2,10,21.5,,,,,,,,980.4,,1.7,,833,1046.5,137.4,0,0,0,0,,,,
BASSTA,2009,6,2,11,22.2,,,,,,,,980.1,,1.1,,623,453.4,269.9,0,0,0,0,,,,
BASSTA,2009,6,2,12,21.6,,,,,,,,980,,1.7,,408,49.7,365.3,0,0,0,0,,,,
BASSTA,2009,6,2,13,18.2,,,,,,,,980.5,,2.5,,154,2,152.2,0,0,0,0,,,,
BASSTA,2009,6,2,14,19.8,,,,,,,,980.1,,1.7,,441,58.6,388.4,0,0,0,0,,,,
BASSTA,2009,6,2,15,21.5,,,,,,,,979.6,,2.4,,510,144.9,386.2,0,0,0,0,,,,
BASSTA,2009,6,2,16,22.3,,,,,,,,979.2,,1.5,,437,114.8,348.5,0,0,0,0,,,,
BASSTA,2009,6,2,17,22.3,,,,,,,,979.1,,1.5,,225,10.2,218.3,0,0,0,0,,,,
BASSTA,2009,6,2,18,21.1,,,,,,,,979.2,,1.7,,106,2.9,104.5,0,0,0,0,,,,
BASSTA,2009,6,2,19,18.6,,,,,,,,979.4,,1,,10,0.1,10,0,0,0,0,,,,
BASSTA,2009,6,2,20,17.1,,,,,,,,979.8,,0.5,,1,0,1,0,0,0,0,,,,
BASSTA,2009,6,2,21,15.4,,,,,,,,980,,1.2,,1,0,0,0,0,0,0,,,,
BASSTA,2009,6,2,22,14.2,,,,,,,,980,,1.5,,2,0,0,0,0,0,0,,,,
BASSTA,2009,6,2,23,14,,,,,,,,979.9,,1.2,,1,0,0,0,0,0,0,,,,
BASSTA,2009,6,3,0,12.7,,,,,,,,979.9,,1.2,,2,0,0,0,0,0,0,,,,
BASSTA,2009,6,3,1,13,,,,,,,,979.9,,1.5,,1,0,0,0,0,0,0,,,,
BASSTA,2009,6,3,2,12.2,,,,,,,,979.6,,1.7,,2,0,0,0,0,0,0,,,,
BASSTA,2009,6,3,3,12,,,,,,,,979.5,,1.1,,3,0,0,0,0,0,0,,,,
BASSTA,2009,6,3,4,11.7,,,,,,,,979.7,,0.6,,34,0,0,0,0,0,0,,,,
BASSTA,2009,6,3,5,13.1,,,,,,,,980,,0.6,,151,0,0,0,0,0,0,,,,
BASSTA,2009,6,3,6,15.4,,,,,,,,980.1,,1.9,,272,0,0,0,0,0,0,,,,
BASSTA,2009,6,3,7,16.8,,,,,,,,980.1,,3,,434,1758.1,71.6,0,0,0,0,,,,
BASSTA,2009,6,3,8,18.7,,,,,,,,979.9,,4,,630,1427.6,104,0,0,0,0,,,,
BASSTA,2009,6,3,9,19.8,,,,,,,,979.7,,3.6,,765,1216.2,126.2,0,0,0,0,,,,
BASSTA,2009,6,3,10,20.6,,,,,,,,979.5,,2.7,,849,1065.3,140.1,0,0,0,0,,,,
BASSTA,2009,6,3,11,21.5,,,,,,,,979.2,,2.4,,874,936.2,144.2,0,0,0,0,,,,
BASSTA,2009,6,3,12,21.5,,,,,,,,978.7,,2.5,,851,805.5,158.6,0,0,0,0,,,,
BASSTA,2009,6,3,13,22.1,,,,,,,,978.2,,2.5,,768,556.4,267,0,0,0,0,,,,
BASSTA,2009,6,3,14,21.6,,,,,,,,977.8,,2.4,,519,125.1,406.6,0,0,0,0,,,,
BASSTA,2009,6,3,15,21.7,,,,,,,,977.3,,1.7,,352,24.2,331.3,0,0,0,0,,,,
BASSTA,2009,6,3,16,21,,,,,,,,977,,2.3,,238,6.8,232.8,0,0,0,0,,,,
BASSTA,2009,6,3,17,20.1,,,,,,,,977,,1.9,,111,1.9,109.7,0,0,0,0,,,,
BASSTA,2009,6,3,18,19.6,,,,,,,,976.9,,1.4,,34,0.3,33.8,0,0,0,0,,,,
BASSTA,2009,6,3,19,19,,,,,,,,977,,1.9,,7,0,7,0,0,0,0,,,,
BASSTA,2009,6,3,20,18.4,,,,,,,,977.5,,2.1,,3,0,3,0,0,0,0,,,,
BASSTA,2009,6,3,21,17.5,,,,,,,,977.6,,1.4,,3,0,0,0,0,0,0,,,,
BASSTA,2009,6,3,22,16.8,,,,,,,,977.5,,1.6,,3,0,0,0,0,0,0,,,,
BASSTA,2009,6,3,23,16.1,,,,,,,,977.5,,2.4,,2,0,0,0,0,0,0,,,,
BASSTA,2009,6,4,0,15.6,,,,,,,,977.5,,2.7,,3,0,0,0,0,0,0,,,,
BASSTA,2009,6,4,1,14.6,,,,,,,,977.5,,2.4,,3,0,0,0,0,0,0,,,,
BASSTA,2009,6,4,2,13.4,,,,,,,,977.4,,2.3,,3,0,0,0,0,0,0,,,,
BASSTA,2009,6,4,3,12.4,,,,,,,,977.3,,2.1,,2,0,0,0,0,0,0,,,,
BASSTA,2009,6,4,4,12,,,,,,,,977.8,,2.4,,20,0,0,0,0,0,0,,,,
BASSTA,2009,6,4,5,12.4,,,,,,,,978.1,,2.1,,146,0,0,0,0,0,0,,,,
BASSTA,2009,6,4,6,13.6,,,,,,,,978.3,,2.2,,321,0,0,0,0,0,0,,,,
BASSTA,2009,6,4,7,14.3,,,,,,,,978.5,,2.4,,487,1963.1,80.4,0,0,0,0,,,,
BASSTA,2009,6,4,8,15.6,,,,,,,,978.3,,2,,640,1446.8,105.6,0,0,0,0,,,,
BASSTA,2009,6,4,9,17.1,,,,,,,,978,,2.7,,750,1190.6,123.8,0,0,0,0,,,,
BASSTA,2009,6,4,10,17.5,,,,,,,,977.6,,2.7,,858,1075.5,141.6,0,0,0,0,,,,
BASSTA,2009,6,4,11,19,,,,,,,,977.3,,2.9,,889,951.4,146.7,0,0,0,0,,,,
BASSTA,2009,6,4,12,19.8,,,,,,,,976.8,,3.2,,885,856.3,148.3,0,0,0,0,,,,
BASSTA,2009,6,4,13,20.5,,,,,,,,976.5,,4.5,,839,706.8,202.1,0,0,0,0,,,,
BASSTA,2009,6,4,14,20.8,,,,,,,,976.3,,5,,702,417.1,326.7,0,0,0,0,,,,
BASSTA,2009,6,4,15,20.5,,,,,,,,975.9,,4,,623,324.4,345.2,0,0,0,0,,,,
BASSTA,2009,6,4,16,19.8,,,,,,,,975.5,,4.4,,448,126.7,350,0,0,0,0,,,,
BASSTA,2009,6,4,17,19,,,,,,,,975.4,,4.4,,288,33.1,266.2,0,0,0,0,,,,
BASSTA,2009,6,4,18,17.6,,,,,,,,975.4,,3.3,,119,3.6,117.1,0,0,0,0,,,,
BASSTA,2009,6,4,19,15.9,,,,,,,,975.5,,2.3,,14,0.1,14,0,0,0,0,,,,
BASSTA,2009,6,4,20,14.5,,,,,,,,975.9,,2.1,,1,0,1,0,0,0,0,,,,
BASSTA,2009,6,4,21,12.9,,,,,,,,975.9,,1.8,,1,0,0,0,0,0,0,,,,
BASSTA,2009,6,4,22,11.6,,,,,,,,975.8,,1.9,,1,0,0,0,0,0,0,,,,
BASSTA,2009,6,4,23,10.9,,,,,,,,975.7,,2.1,,1,0,0,0,0,0,0,,,,
BASSTA,2009,6,5,0,10.1,,,,,,,,975.4,,1.7,,1,0,0,0,0,0,0,,,,
BASSTA,2009,6,5,1,9,,,,,,,,975,,1.8,,2,0,0,0,0,0,0,,,,
BASSTA,2009,6,5,2,8.6,,,,,,,,974.9,,1.8,,1,0,0,0,0,0,0,,,,
BASSTA,2009,6,5,3,8.4,,,,,,,,974.8,,1.5,,3,0,0,0,0,0,0,,,,
BASSTA,2009,6,5,4,8.8,,,,,,,,974.8,,1.2,,47,0,0,0,0,0,0,,,,
BASSTA,2009,6,5,5,9.8,,,,,,,,974.5,,1.2,,153,0,0,0,0,0,0,,,,
BASSTA,2009,6,5,6,10.7,,,,,,,,974.3,,0.7,,276,4320.9,45.5,0,0,0,0,,,,
BASSTA,2009,6,5,7,11.8,,,,,,,,974.1,,0.8,,406,1629.3,67,0,0,0,0,,,,
BASSTA,2009,6,5,8,13.4,,,,,,,,973.6,,0.6,,610,1376,100.7,0,0,0,0,,,,
BASSTA,2009,6,5,9,15.3,,,,,,,,973,,1,,755,1196.9,124.6,0,0,0,0,,,,
BASSTA,2009,6,5,10,17.1,,,,,,,,972.4,,1.6,,815,1020.6,134.5,0,0,0,0,,,,
BASSTA,2009,6,5,11,18.5,,,,,,,,971.9,,1.7,,873,933.6,144,0,0,0,0,,,,
BASSTA,2009,6,5,12,19.5,,,,,,,,970.9,,2.3,,821,747.1,177.8,0,0,0,0,,,,
BASSTA,2009,6,5,13,19.9,,,,,,,,970.1,,1.8,,681,371.9,345.6,0,0,0,0,,,,
BASSTA,2009,6,5,14,20,,,,,,,,969.5,,2,,466,75.5,398,0,0,0,0,,,,
BASSTA,2009,6,5,15,19.6,,,,,,,,969,,1.6,,295,10.3,286.2,0,0,0,0,,,,
BASSTA,2009,6,5,16,19.8,,,,,,,,968.5,,1.3,,310,21,293.7,0,0,0,0,,,,
BASSTA,2009,6,5,17,18.9,,,,,,,,968.1,,2.1,,102,1.6,100.9,0,0,0,0,,,,
BASSTA,2009,6,5,18,17.9,,,,,,,,967.7,,2,,31,0.2,30.9,0,0,0,0,,,,
BASSTA,2009,6,5,19,16.9,,,,,,,,967.6,,2.3,,6,0,6,0,0,0,0,,,,
BASSTA,2009,6,5,20,16.1,,,,,,,,967.3,,2.8,,3,0,3,0,0,0,0,,,,
BASSTA,2009,6,5,21,15.3,,,,,,,,967,,1.8,,3,0,0,0,0,0,0,,,,
BASSTA,2009,6,5,22,13.3,,,,,,,,966.5,,2.3,,1,0,0,0,0,0,0,,,,
BASSTA,2009,6,5,23,12.1,,,,,,,,965.3,,1.8,,3,0,0,0,0,0,0,,,,
BASSTA,2009,6,6,0,11,,,,,,,,965,,3.4,,3,0,0,0,0,0,0,,,,
BASSTA,2009,6,6,1,10.6,,,,,,,,963.9,,1.3,,3,0,0,0,0,0,0,,,,
BASSTA,2009,6,6,2,11,,,,,,,,963.3,,1,,3,0,0,0,0,0,0,,,,
BASSTA,2009,6,6,3,10.7,,,,,,,,963.2,,1,,2,0,0,0,0,0,0,,,,
BASSTA,2009,6,6,4,10.5,,,,,,,,963.4,,1,,6,0,0,0,0,0,0,,,,
BASSTA,2009,6,6,5,11.2,,,,,,,,963,,1.4,,11,0,0,0,0,0,0,,,,
BASSTA,2009,6,6,6,12.3,,,,,,,,962.3,,2.2,,53,579.6,21.5,0,0,0,0,,,,
BASSTA,2009,6,6,7,13.5,,,,,,,,962.2,,1.7,,227,907.4,37.5,0,0,0,0,,,,
BASSTA,2009,6,6,8,14.4,,,,,,,,962.8,,1.9,,132,11.9,127.6,0,0,0,0,,,,
BASSTA,2009,6,6,9,14.8,,,,,,,,963.4,,1.3,,111,3,109.4,0,0,0,0,,,,
BASSTA,2009,6,6,10,15.7,,,,,,,,963.6,,0.9,,286,29.8,266.1,0,0,0,0,,,,
BASSTA,2009,6,6,11,17.5,,,,,,,,963,,1.5,,726,703.7,176.1,0,0,0,0,,,,
BASSTA,2009,6,6,12,18,,,,,,,,962.7,,2.7,,504,132.9,389.5,0,0,0,0,,,,
BASSTA,2009,6,6,13,15.5,,,,,,,,963.2,,4.4,,162,2.2,160,0,0,0,0,,,,
BASSTA,2009,6,6,14,15.9,,,,,,,,963.7,,2.6,,186,2.9,183.4,0,0,0,0,,,,
BASSTA,2009,6,6,15,17.4,,,,,,,,962.9,,3.9,,553,201.1,380.4,0,0,0,0,,,,
BASSTA,2009,6,6,16,18.4,,,,,,,,963.2,,3,,388,64.1,338.3,0,0,0,0,,,,
BASSTA,2009,6,6,17,18.1,,,,,,,,963.8,,3.6,,159,3.9,156.4,0,0,0,0,,,,
BASSTA,2009,6,6,18,17.1,,,,,,,,964.2,,3.7,,54,0.7,53.6,0,0,0,0,,,,
BASSTA,2009,6,6,19,16.3,,,,,,,,964.7,,2.2,,11,0.1,11,0,0,0,0,,,,
BASSTA,2009,6,6,20,15.8,,,,,,,,965.6,,2.4,,2,0,2,0,0,0,0,,,,
BASSTA,2009,6,6,21,15.1,,,,,,,,965.9,,2.4,,2,0,0,0,0,0,0,,,,
BASSTA,2009,6,6,22,15.1,,,,,,,,966.2,,2.9,,3,0,0,0,0,0,0,,,,
BASSTA,2009,6,6,23,14.4,,,,,,,,966.4,,2.5,,3,0,0,0,0,0,0,,,,
BASSTA,2009,6,7,0,13.9,,,,,,,,966.5,,1.9,,2,0,0,0,0,0,0,,,,
BASSTA,2009,6,7,1,13.4,,,,,,,,967,,1.5,,3,0,0,0,0,0,0,,,,
BASSTA,2009,6,7,2,12.8,,,,,,,,967.3,,1.2,,1,0,0,0,0,0,0,,,,
BASSTA,2009,6,7,3,13.4,,,,,,,,967.5,,1.4,,3,0,0,0,0,0,0,,,,
BASSTA,2009,6,7,4,13.5,,,,,,,,967.9,,0.7,,17,0,0,0,0,0,0,,,,
BASSTA,2009,6,7,5,14.2,,,,,,,,968.1,,1.3,,99,0,0,0,0,0,0,,,,
BASSTA,2009,6,7,6,15.6,,,,,,,,968.4,,1.5,,316,4786.4,52.1,0,0,0,0,,,,
BASSTA,2009,6,7,7,18.2,,,,,,,,968.5,,1.7,,532,2119.1,87.8,0,0,0,0,,,,
BASSTA,2009,6,7,8,19.3,,,,,,,,968.4,,3.2,,550,1236.3,90.8,0,0,0,0,,,,
BASSTA,2009,6,7,9,16.5,,,,,,,,969,,3.7,,143,5,140.4,0,0,0,0,,,,
BASSTA,2009,6,7,10,15.5,,,,,,,,970,,3.4,,137,2.9,135.1,0,0,0,0,,,,
BASSTA,2009,6,7,11,15.3,,,,,,,,970.6,,4.2,,216,5.2,211.9,0,0,0,0,,,,
BASSTA,2009,6,7,12,16.1,,,,,,,,970.5,,3.7,,379,33.9,349.7,0,0,0,0,,,,
BASSTA,2009,6,7,13,18.2,,,,,,,,969.9,,2.8,,554,163.6,406.3,0,0,0,0,,,,
BASSTA,2009,6,7,14,15.8,,,,,,,,970.9,,7.4,,354,19.1,336.7,0,0,0,0,,,,
BASSTA,2009,6,7,15,17,,,,,,,,971,,6.1,,593,265.6,364.7,0,0,0,0,,,,
BASSTA,2009,6,7,16,16.6,,,,,,,,971.1,,4.2,,191,4.1,187.8,0,0,0,0,,,,
BASSTA,2009,6,7,17,15,,,,,,,,972.1,,3.4,,98,1.5,97,0,0,0,0,,,,
BASSTA,2009,6,7,18,15.1,,,,,,,,972.4,,1.9,,116,3.4,114.2,0,0,0,0,,,,
BASSTA,2009,6,7,19,14.6,,,,,,,,972.8,,1.4,,20,0.2,19.9,0,0,0,0,,,,
BASSTA,2009,6,7,20,13.8,,,,,,,,973.2,,1,,2,0,2,0,0,0,0,,,,
BASSTA,2009,6,7,21,13.3,,,,,,,,973.5,,1.3,,2,0,0,0,0,0,0,,,,
BASSTA,2009,6,7,22,13.3,,,,,,,,973.8,,1,,3,0,0,0,0,0,0,,,,
BASSTA,2009,6,7,23,13.3,,,,,,,,974.1,,0.7,,3,0,0,0,0,0,0,,,,
BASSTA,2009,6,8,0,12.9,,,,,,,,974.2,,1.1,,3,0,0,0,0,0,0,,,,
BASSTA,2009,6,8,1,12.9,,,,,,,,973.9,,1,,1,0,0,0,0,0,0,,,,
BASSTA,2009,6,8,2,12.5,,,,,,,,973.8,,1.3,,2,0,0,0,0,0,0,,,,
BASSTA,2009,6,8,3,12.2,,,,,,,,974,,1.4,,3,0,0,0,0,0,0,,,,
BASSTA,2009,6,8,4,12.2,,,,,,,,974.2,,1.5,,18,0,0,0,0,0,0,,,,
BASSTA,2009,6,8,5,12.6,,,,,,,,974.3,,2.3,,99,0,0,0,0,0,0,,,,
BASSTA,2009,6,8,6,14,,,,,,,,974.2,,1.7,,275,4109.4,45.4,0,0,0,0,,,,
BASSTA,2009,6,8,7,16.1,,,,,,,,974,,1.8,,495,1965.7,81.7,0,0,0,0,,,,
BASSTA,2009,6,8,8,18.1,,,,,,,,973.5,,1,,613,1375.9,101.1,0,0,0,0,,,,
BASSTA,2009,6,8,9,19.6,,,,,,,,972.9,,1.4,,757,1196.4,124.9,0,0,0,0,,,,
BASSTA,2009,6,8,10,20.3,,,,,,,,972.4,,1.5,,799,998.3,131.8,0,0,0,0,,,,
BASSTA,2009,6,8,11,20.4,,,,,,,,972,,1.2,,426,96.2,350.7,0,0,0,0,,,,
BASSTA,2009,6,8,12,18.1,,,,,,,,972.1,,2.5,,332,17.4,317,0,0,0,0,,,,
BASSTA,2009,6,8,13,18.7,,,,,,,,972.1,,1.2,,254,5.4,249.2,0,0,0,0,,,,
BASSTA,2009,6,8,14,18.6,,,,,,,,972,,0.9,,182,2.8,179.5,0,0,0,0,,,,
BASSTA,2009,6,8,15,18.4,,,,,,,,971.8,,0.9,,185,3.1,182.3,0,0,0,0,,,,
BASSTA,2009,6,8,16,18,,,,,,,,971.9,,1.2,,87,0.8,86.3,0,0,0,0,,,,
BASSTA,2009,6,8,17,17.2,,,,,,,,972.1,,1.4,,40,0.2,39.8,0,0,0,0,,,,
BASSTA,2009,6,8,18,16.2,,,,,,,,972.1,,2.2,,8,0,8,0,0,0,0,,,,
BASSTA,2009,6,8,19,15.9,,,,,,,,971.8,,3.6,,3,0,3,0,0,0,0,,,,
BASSTA,2009,6,8,20,15.6,,,,,,,,973.2,,1.9,,2,0,2,0,0,0,0,,,,
BASSTA,2009,6,8,21,15.3,,,,,,,,972.3,,3.6,,3,0,0,0,0,0,0,,,,
BASSTA,2009,6,8,22,15.3,,,,,,,,971.9,,2.3,,3,0,0,0,0,0,0,,,,
BASSTA,2009,6,8,23,14.4,,,,,,,,973.1,,3.9,,2,0,0,0,0,0,0,,,,
BASSTA,2009,6,9,0,13.4,,,,,,,,973.4,,1.6,,2,0,0,0,0,0,0,,,,
BASSTA,2009,6,9,1,13.4,,,,,,,,973.5,,0.5,,3,0,0,0,0,0,0,,,,
BASSTA,2009,6,9,2,13.4,,,,,,,,974.2,,0.8,,2,0,0,0,0,0,0,,,,
BASSTA,2009,6,9,3,13.1,,,,,,,,974.4,,1.6,,3,0,0,0,0,0,0,,,,
BASSTA,2009,6,9,4,13,,,,,,,,974.6,,2,,6,0,0,0,0,0,0,,,,
BASSTA,2009,6,9,5,12.9,,,,,,,,974.7,,2.8,,35,0,0,0,0,0,0,,,,
BASSTA,2009,6,9,6,13.4,,,,,,,,974.9,,2.6,,132,1949.7,21.8,0,0,0,0,,,,
BASSTA,2009,6,9,7,14.7,,,,,,,,975.3,,2.1,,337,1334.8,55.6,0,0,0,0,,,,
BASSTA,2009,6,9,8,17.4,,,,,,,,975.4,,1.7,,640,1434.8,105.6,0,0,0,0,,,,
BASSTA,2009,6,9,9,18.4,,,,,,,,975.3,,1.8,,636,1004.5,104.9,0,0,0,0,,,,
BASSTA,2009,6,9,10,18.7,,,,,,,,975.5,,0.5,,542,475.6,224,0,0,0,0,,,,
BASSTA,2009,6,9,11,19.3,,,,,,,,975.6,,0.9,,442,113.8,353,0,0,0,0,,,,
BASSTA,2009,6,9,12,17.7,,,,,,,,975.6,,1.2,,243,5.4,238.4,0,0,0,0,,,,
BASSTA,2009,6,9,13,16.4,,,,,,,,975.7,,1,,80,0.5,79.5,0,0,0,0,,,,
BASSTA,2009,6,9,14,17.4,,,,,,,,975.5,,0.9,,385,29,358.8,0,0,0,0,,,,
BASSTA,2009,6,9,15,17.9,,,,,,,,975.6,,1.6,,256,6.1,250.7,0,0,0,0,,,,
BASSTA,2009,6,9,16,18.6,,,,,,,,976,,1.2,,285,13.6,274.4,0,0,0,0,,,,
BASSTA,2009,6,9,17,18.2,,,,,,,,976.5,,1.6,,85,1.1,84.3,0,0,0,0,,,,
BASSTA,2009,6,9,18,17.2,,,,,,,,977,,3,,55,0.7,54.6,0,0,0,0,,,,
BASSTA,2009,6,9,19,16.5,,,,,,,,977.4,,2.4,,21,0.2,20.9,0,0,0,0,,,,
BASSTA,2009,6,9,20,16.1,,,,,,,,978.1,,2.5,,1,0,1,0,0,0,0,,,,
BASSTA,2009,6,9,21,15.5,,,,,,,,978.8,,1.4,,1,0,0,0,0,0,0,,,,
BASSTA,2009,6,9,22,14.5,,,,,,,,979.3,,1.6,,1,0,0,0,0,0,0,,,,
BASSTA,2009,6,9,23,13.8,,,,,,,,979.6,,1.6,,1,0,0,0,0,0,0,,,,
BASSTA,2009,6,10,0,13.4,,,,,,,,979.7,,2.8,,1,0,0,0,0,0,0,,,,
BASSTA,2009,6,10,1,13.9,,,,,,,,980.1,,2.2,,2,0,0,0,0,0,0,,,,
BASSTA,2009,6,10,2,14.5,,,,,,,,980.2,,2,,2,0,0,0,0,0,0,,,,
BASSTA,2009,6,10,3,14.1,,,,,,,,980.4,,1.5,,3,0,0,0,0,0,0,,,,
BASSTA,2009,6,10,4,14,,,,,,,,980.7,,1.2,,17,0,0,0,0,0,0,,,,
BASSTA,2009,6,10,5,14.6,,,,,,,,980.8,,1.3,,86,0,0,0,0,0,0,,,,
BASSTA,2009,6,10,6,15.3,,,,,,,,981.1,,0.7,,253,3700.3,41.7,0,0,0,0,,,,
BASSTA,2009,6,10,7,16.5,,,,,,,,981.3,,1.4,,419,1656.1,69.1,0,0,0,0,,,,
BASSTA,2009,6,10,8,17.3,,,,,,,,981.1,,0.9,,446,998.9,73.6,0,0,0,0,,,,
BASSTA,2009,6,10,9,18.3,,,,,,,,980.8,,0.6,,784,1237.5,129.4,0,0,0,0,,,,
BASSTA,2009,6,10,10,19.4,,,,,,,,980.4,,1.2,,862,1076,142.2,0,0,0,0,,,,
BASSTA,2009,6,10,11,20.5,,,,,,,,980.1,,1.6,,855,911.7,141.1,0,0,0,0,,,,
BASSTA,2009,6,10,12,21.2,,,,,,,,979.8,,1.6,,866,824.9,153.6,0,0,0,0,,,,
BASSTA,2009,6,10,13,22,,,,,,,,979.3,,2,,724,455.9,311.5,0,0,0,0,,,,
BASSTA,2009,6,10,14,21.6,,,,,,,,978.9,,1.8,,464,72.9,398.1,0,0,0,0,,,,
BASSTA,2009,6,10,15,21.6,,,,,,,,978.4,,0.7,,434,66.7,376.6,0,0,0,0,,,,
BASSTA,2009,6,10,16,22,,,,,,,,977.6,,0.7,,283,13.1,272.8,0,0,0,0,,,,
BASSTA,2009,6,10,17,21.6,,,,,,,,977.4,,1.1,,188,5.4,184.4,0,0,0,0,,,,
BASSTA,2009,6,10,18,20.8,,,,,,,,977.4,,1.9,,24,0.1,23.9,0,0,0,0,,,,
BASSTA,2009,6,10,19,19.5,,,,,,,,977.2,,1.6,,5,0,5,0,0,0,0,,,,
BASSTA,2009,6,10,20,18.5,,,,,,,,976.7,,1.5,,1,0,1,0,0,0,0,,,,
BASSTA,2009,6,10,21,16.8,,,,,,,,977.1,,1.8,,1,0,1,0,0,0,0,,,,
BASSTA,2009,6,10,22,16,,,,,,,,977.6,,2.3,,3,0,0,0,0,0,0,,,,
BASSTA,2009,6,10,23,16.1,,,,,,,,977,,2.9,,2,0,0,0,0,0,0,,,,
BASSTA,2009,6,11,0,16.5,,,,,,,,976.5,,3.6,,3,0,0,0,0,0,0,,,,
BASSTA,2009,6,11,1,16.4,,,,,,,,976,,2.1,,2,0,0,0,0,0,0,,,,
BASSTA,2009,6,11,2,17,,,,,,,,976.1,,3.3,,2,0,0,0,0,0,0,,,,
BASSTA,2009,6,11,3,17.4,,,,,,,,976.6,,4.5,,3,0,0,0,0,0,0,,,,
BASSTA,2009,6,11,4,17.3,,,,,,,,977.7,,5.5,,25,0,0,0,0,0,0,,,,
BASSTA,2009,6,11,5,17,,,,,,,,978.8,,7.2,,116,0,0,0,0,0,0,,,,
BASSTA,2009,6,11,6,17.4,,,,,,,,979.8,,6.4,,285,4134.8,47,0,0,0,0,,,,
BASSTA,2009,6,11,7,17.8,,,,,,,,980.9,,8,,397,1566.5,65.5,0,0,0,0,,,,
BASSTA,2009,6,11,8,17.1,,,,,,,,981.6,,6.3,,282,374.8,142.2,0,0,0,0,,,,
BASSTA,2009,6,11,9,17.8,,,,,,,,982.4,,6.1,,443,527.5,163.9,0,0,0,0,,,,
BASSTA,2009,6,11,10,18.7,,,,,,,,983,,6.2,,680,842.3,116.4,0,0,0,0,,,,
BASSTA,2009,6,11,11,19.4,,,,,,,,983.2,,6.6,,849,905,140.1,0,0,0,0,,,,
BASSTA,2009,6,11,12,20,,,,,,,,983.3,,6.2,,830,760.8,172.8,0,0,0,0,,,,
BASSTA,2009,6,11,13,20.5,,,,,,,,983.6,,6.5,,723,453.3,312.6,0,0,0,0,,,,
BASSTA,2009,6,11,14,20.7,,,,,,,,983.6,,6.6,,623,263.9,384.2,0,0,0,0,,,,
BASSTA,2009,6,11,15,19.8,,,,,,,,983.7,,6.4,,422,58,372,0,0,0,0,,,,
BASSTA,2009,6,11,16,19.5,,,,,,,,983.7,,6.1,,376,53.5,334.2,0,0,0,0,,,,
BASSTA,2009,6,11,17,19.1,,,,,,,,983.9,,5.8,,316,49.7,282.9,0,0,0,0,,,,
BASSTA,2009,6,11,18,18.2,,,,,,,,984.3,,4.8,,134,4.4,131.7,0,0,0,0,,,,
BASSTA,2009,6,11,19,16.8,,,,,,,,984.7,,3.1,,21,0.2,20.9,0,0,0,0,,,,
BASSTA,2009,6,11,20,15.7,,,,,,,,985.4,,2.8,,1,0,1,0,0,0,0,,,,
BASSTA,2009,6,11,21,14.2,,,,,,,,985.8,,1.5,,1,0,1,0,0,0,0,,,,
BASSTA,2009,6,11,22,13.6,,,,,,,,985.7,,2.5,,2,0,0,0,0,0,0,,,,
BASSTA,2009,6,11,23,13.4,,,,,,,,985.8,,2.8,,1,0,0,0,0,0,0,,,,
BASSTA,2009,6,12,0,12.6,,,,,,,,986,,2.2,,2,0,0,0,0,0,0,,,,
BASSTA,2009,6,12,1,11.7,,,,,,,,986,,2.4,,2,0,0,0,0,0,0,,,,
BASSTA,2009,6,12,2,11.5,,,,,,,,986.2,,1.9,,2,0,0,0,0,0,0,,,,
BASSTA,2009,6,12,3,11.3,,,,,,,,986.2,,1.2,,3,0,0,0,0,0,0,,,,
BASSTA,2009,6,12,4,11.8,,,,,,,,986.4,,1.9,,50,0,0,0,0,0,0,,,,
BASSTA,2009,6,12,5,12.9,,,,,,,,986.4,,1.2,,178,0,0,0,0,0,0,,,,
BASSTA,2009,6,12,6,15,,,,,,,,986.5,,0.8,,340,4901.5,56.1,0,0,0,0,,,,
BASSTA,2009,6,12,7,16.7,,,,,,,,986.3,,1.2,,477,1879.8,78.7,0,0,0,0,,,,
BASSTA,2009,6,12,8,17.5,,,,,,,,986.1,,1.7,,431,964.2,71.1,0,0,0,0,,,,
BASSTA,2009,6,12,9,18.8,,,,,,,,985.8,,2.7,,642,1012.7,105.9,0,0,0,0,,,,
BASSTA,2009,6,12,10,19.6,,,,,,,,985.5,,3.9,,596,632.1,172.9,0,0,0,0,,,,
BASSTA,2009,6,12,11,20.8,,,,,,,,985.2,,3.8,,855,911.2,141.1,0,0,0,0,,,,
BASSTA,2009,6,12,12,21,,,,,,,,984.9,,4.1,,701,477.6,288.3,0,0,0,0,,,,
BASSTA,2009,6,12,13,21,,,,,,,,984.7,,3.9,,545,151.2,408.1,0,0,0,0,,,,
BASSTA,2009,6,12,14,21.3,,,,,,,,984.5,,4.2,,512,114.8,408.1,0,0,0,0,,,,
BASSTA,2009,6,12,15,20.4,,,,,,,,984.4,,5.2,,226,4.7,222,0,0,0,0,,,,
BASSTA,2009,6,12,16,20,,,,,,,,984.5,,4.7,,198,4.4,194.6,0,0,0,0,,,,
BASSTA,2009,6,12,17,19.8,,,,,,,,984.8,,3.7,,201,6.4,196.7,0,0,0,0,,,,
BASSTA,2009,6,12,18,19.4,,,,,,,,985,,2.8,,112,3.1,110.4,0,0,0,0,,,,
BASSTA,2009,6,12,19,18.6,,,,,,,,985,,1.5,,14,0.1,14,0,0,0,0,,,,
BASSTA,2009,6,12,20,17.2,,,,,,,,985.3,,1.4,,2,0,2,0,0,0,0,,,,
BASSTA,2009,6,12,21,15.6,,,,,,,,985.4,,2.1,,2,0.1,2,0,0,0,0,,,,
BASSTA,2009,6,12,22,14.6,,,,,,,,985.4,,2.7,,2,0,0,0,0,0,0,,,,
BASSTA,2009,6,12,23,14.3,,,,,,,,985.4,,2.1,,2,0,0,0,0,0,0,,,,
BASSTA,2009,6,13,0,14.3,,,,,,,,985.3,,0.7,,3,0,0,0,0,0,0,,,,
BASSTA,2009,6,13,1,13.8,,,,,,,,985.2,,1.3,,2,0,0,0,0,0,0,,,,
BASSTA,2009,6,13,2,12.6,,,,,,,,985,,1.3,,2,0,0,0,0,0,0,,,,
BASSTA,2009,6,13,3,12.5,,,,,,,,984.9,,1.2,,3,0,0,0,0,0,0,,,,
BASSTA,2009,6,13,4,12.7,,,,,,,,985.1,,1.4,,43,0,0,0,0,0,0,,,,
BASSTA,2009,6,13,5,13.9,,,,,,,,985.2,,1.2,,165,0,0,0,0,0,0,,,,
BASSTA,2009,6,13,6,15.3,,,,,,,,985.3,,0.9,,330,4735.2,54.5,0,0,0,0,,,,
BASSTA,2009,6,13,7,17.4,,,,,,,,985.4,,0.7,,490,1929.4,80.9,0,0,0,0,,,,
BASSTA,2009,6,13,8,19.2,,,,,,,,985.2,,0.7,,644,1440.3,106.3,0,0,0,0,,,,
BASSTA,2009,6,13,9,20.7,,,,,,,,985.1,,0.8,,777,1225.5,128.2,0,0,0,0,,,,
BASSTA,2009,6,13,10,22.2,,,,,,,,984.9,,1,,813,1014.2,134.1,0,0,0,0,,,,
BASSTA,2009,6,13,11,23.1,,,,,,,,984.7,,1.9,,901,960.1,148.7,0,0,0,0,,,,
BASSTA,2009,6,13,12,23.4,,,,,,,,984.4,,1.9,,879,843.4,150,0,0,0,0,,,,
BASSTA,2009,6,13,13,24.1,,,,,,,,983.9,,1.5,,828,677.1,214.6,0,0,0,0,,,,
BASSTA,2009,6,13,14,24.6,,,,,,,,983.5,,1.8,,744,497.2,293.6,0,0,0,0,,,,
BASSTA,2009,6,13,15,24.9,,,,,,,,983.2,,2.3,,614,298.9,355.8,0,0,0,0,,,,
BASSTA,2009,6,13,16,24.5,,,,,,,,983,,2,,458,133.7,353.3,0,0,0,0,,,,
BASSTA,2009,6,13,17,24.2,,,,,,,,982.8,,1.5,,300,37.9,274.7,0,0,0,0,,,,
BASSTA,2009,6,13,18,23.5,,,,,,,,982.8,,1.2,,140,4.8,137.5,0,0,0,0,,,,
BASSTA,2009,6,13,19,21.9,,,,,,,,982.9,,0.9,,24,0.3,23.9,0,0,0,0,,,,
BASSTA,2009,6,13,20,19.2,,,,,,,,983,,1.6,,0,0,0,0,0,0,0,,,,
BASSTA,2009,6,13,21,18.3,,,,,,,,983,,1.4,,1,0,1,0,0,0,0,,,,
BASSTA,2009,6,13,22,17.1,,,,,,,,983.2,,1.2,,1,0,0,0,0,0,0,,,,
BASSTA,2009,6,13,23,15.7,,,,,,,,983.5,,0.4,,1,0,0,0,0,0,0,,,,
BASSTA,2009,6,14,0,14.6,,,,,,,,983.6,,0.7,,2,0,0,0,0,0,0,,,,
BASSTA,2009,6,14,1,14.4,,,,,,,,983.5,,1.2,,2,0,0,0,0,0,0,,,,
BASSTA,2009,6,14,2,14.4,,,,,,,,983.1,,1.5,,1,0,0,0,0,0,0,,,,
BASSTA,2009,6,14,3,14.1,,,,,,,,983.2,,1.6,,4,0,0,0,0,0,0,,,,
BASSTA,2009,6,14,4,14.2,,,,,,,,983.1,,2.1,,45,0,0,0,0,0,0,,,,
BASSTA,2009,6,14,5,14.7,,,,,,,,983,,1.6,,121,0,0,0,0,0,0,,,,
BASSTA,2009,6,14,6,17.2,,,,,,,,982.9,,1.6,,320,4577.8,52.8,0,0,0,0,,,,
BASSTA,2009,6,14,7,20.2,,,,,,,,982.8,,1.9,,483,1901.1,79.7,0,0,0,0,,,,
BASSTA,2009,6,14,8,22.4,,,,,,,,982.5,,1.6,,626,1400,103.3,0,0,0,0,,,,
BASSTA,2009,6,14,9,24.2,,,,,,,,982.4,,1.2,,709,1118.3,117,0,0,0,0,,,,
BASSTA,2009,6,14,10,25.7,,,,,,,,982.1,,1,,628,722,144.7,0,0,0,0,,,,
BASSTA,2009,6,14,11,27,,,,,,,,982.2,,1.4,,855,911,141.1,0,0,0,0,,,,
BASSTA,2009,6,14,12,27.6,,,,,,,,982.1,,2.4,,682,435.6,305.4,0,0,0,0,,,,
BASSTA,2009,6,14,13,27.5,,,,,,,,981.9,,1.5,,413,40.9,375.9,0,0,0,0,,,,
BASSTA,2009,6,14,14,27.4,,,,,,,,981.7,,3.1,,283,7.1,276.6,0,0,0,0,,,,
BASSTA,2009,6,14,15,26.6,,,,,,,,982.4,,4.3,,174,2.8,171.6,0,0,0,0,,,,
BASSTA,2009,6,14,16,24.9,,,,,,,,983.3,,7,,109,1.3,108,0,0,0,0,,,,
BASSTA,2009,6,14,17,23.8,,,,,,,,982.6,,3.2,,59,0.5,58.6,0,0,0,0,,,,
BASSTA,2009,6,14,18,23,,,,,,,,982.8,,2.3,,30,0.2,29.9,0,0,0,0,,,,
BASSTA,2009,6,14,19,21.9,,,,,,,,982.8,,2.2,,5,0,5,0,0,0,0,,,,
BASSTA,2009,6,14,20,20.8,,,,,,,,983,,1.5,,1,0,1,0,0,0,0,,,,
BASSTA,2009,6,14,21,20.3,,,,,,,,982.5,,1.6,,2,0.1,2,0,0,0,0,,,,
BASSTA,2009,6,14,22,20.1,,,,,,,,982.4,,1.1,,3,0,0,0,0,0,0,,,,
BASSTA,2009,6,14,23,19.7,,,,,,,,982.9,,1.2,,4,0,0,0,0,0,0,,,,
BASSTA,2009,6,15,0,19.6,,,,,,,,982.8,,0.7,,3,0,0,0,0,0,0,,,,
BASSTA,2009,6,15,1,19.4,,,,,,,,982.4,,1.7,,3,0,0,0,0,0,0,,,,
BASSTA,2009,6,15,2,19.1,,,,,,,,982,,1.5,,3,0,0,0,0,0,0,,,,
BASSTA,2009,6,15,3,18.9,,,,,,,,981.9,,1.4,,3,0,0,0,0,0,0,,,,
BASSTA,2009,6,15,4,18.8,,,,,,,,981.5,,2.1,,11,0,0,0,0,0,0,,,,
BASSTA,2009,6,15,5,19.1,,,,,,,,981.4,,2.5,,33,0,0,0,0,0,0,,,,
BASSTA,2009,6,15,6,19,,,,,,,,982,,1.6,,28,34.3,26,0,0,0,0,,,,
BASSTA,2009,6,15,7,18.9,,,,,,,,982.2,,1.9,,46,3.2,45.3,0,0,0,0,,,,
BASSTA,2009,6,15,8,19.4,,,,,,,,981.5,,2.2,,107,5.6,104.9,0,0,0,0,,,,
BASSTA,2009,6,15,9,19.4,,,,,,,,981.1,,1.9,,83,1.7,82.1,0,0,0,0,,,,
BASSTA,2009,6,15,10,19.4,,,,,,,,981.5,,0.8,,25,0.1,24.9,0,0,0,0,,,,
BASSTA,2009,6,15,11,19.2,,,,,,,,981.8,,1.3,,43,0.2,42.8,0,0,0,0,,,,
BASSTA,2009,6,15,12,19.7,,,,,,,,980.7,,1.5,,160,2.3,158,0,0,0,0,,,,
BASSTA,2009,6,15,13,20.3,,,,,,,,979.9,,2.2,,259,5.6,254,0,0,0,0,,,,
BASSTA,2009,6,15,14,21.1,,,,,,,,978.4,,3.6,,424,46.6,381.8,0,0,0,0,,,,
BASSTA,2009,6,15,15,21.6,,,,,,,,977.4,,2.4,,242,5.3,237.4,0,0,0,0,,,,
BASSTA,2009,6,15,16,21.8,,,,,,,,977.9,,1,,119,1.6,117.8,0,0,0,0,,,,
BASSTA,2009,6,15,17,21,,,,,,,,978.4,,3.6,,39,0.2,38.8,0,0,0,0,,,,
BASSTA,2009,6,15,18,19.6,,,,,,,,979.3,,4.6,,15,0.1,15,0,0,0,0,,,,
BASSTA,2009,6,15,19,18.7,,,,,,,,979.9,,3.3,,3,0,3,0,0,0,0,,,,
BASSTA,2009,6,15,20,18.4,,,,,,,,981,,3.3,,2,0,2,0,0,0,0,,,,
BASSTA,2009,6,15,21,16.8,,,,,,,,981.9,,2.8,,3,0.2,3,0,0,0,0,,,,
BASSTA,2009,6,15,22,16.6,,,,,,,,982,,1,,2,0,0,0,0,0,0,,,,
BASSTA,2009,6,15,23,16.9,,,,,,,,981.9,,1.2,,2,0,0,0,0,0,0,,,,
BASSTA,2009,6,16,0,16.3,,,,,,,,982.1,,2.3,,2,0,0,0,0,0,0,,,,
BASSTA,2009,6,16,1,16.1,,,,,,,,981.9,,1.1,,3,0,0,0,0,0,0,,,,
BASSTA,2009,6,16,2,16.3,,,,,,,,982.1,,0.4,,3,0,0,0,0,0,0,,,,
BASSTA,2009,6,16,3,16.4,,,,,,,,982.6,,0.8,,3,0,0,0,0,0,0,,,,
BASSTA,2009,6,16,4,16.6,,,,,,,,983.2,,1.9,,13,0,0,0,0,0,0,,,,
BASSTA,2009,6,16,5,16.7,,,,,,,,983.8,,2.5,,53,0,0,0,0,0,0,,,,
BASSTA,2009,6,16,6,17.3,,,,,,,,984.5,,2.9,,203,2900.6,33.5,0,0,0,0,,,,
BASSTA,2009,6,16,7,18.6,,,,,,,,985.2,,4.1,,460,1811.6,75.9,0,0,0,0,,,,
BASSTA,2009,6,16,8,19.6,,,,,,,,985.6,,4.7,,634,1418.7,104.6,0,0,0,0,,,,
BASSTA,2009,6,16,9,20,,,,,,,,985.9,,4.5,,637,1005.2,105.1,0,0,0,0,,,,
BASSTA,2009,6,16,10,21,,,,,,,,986.3,,4.7,,743,927.1,122.6,0,0,0,0,,,,
BASSTA,2009,6,16,11,21.7,,,,,,,,986.5,,5.4,,830,884.4,137,0,0,0,0,,,,
BASSTA,2009,6,16,12,21.7,,,,,,,,986.6,,5.1,,781,657.5,212.5,0,0,0,0,,,,
BASSTA,2009,6,16,13,21.9,,,,,,,,986.7,,5.4,,725,456.1,311.4,0,0,0,0,,,,
BASSTA,2009,6,16,14,22,,,,,,,,986.5,,4.6,,709,422.6,325.7,0,0,0,0,,,,
BASSTA,2009,6,16,15,21.8,,,,,,,,986.5,,4.6,,532,166.2,388.2,0,0,0,0,,,,
BASSTA,2009,6,16,16,21.4,,,,,,,,986.5,,4.4,,357,40.6,325.1,0,0,0,0,,,,
BASSTA,2009,6,16,17,20.9,,,,,,,,986.7,,3.1,,290,31.4,268.9,0,0,0,0,,,,
BASSTA,2009,6,16,18,19.9,,,,,,,,987.1,,2.7,,121,3.5,119.1,0,0,0,0,,,,
BASSTA,2009,6,16,19,18.1,,,,,,,,987.5,,1.6,,24,0.3,23.9,0,0,0,0,,,,
BASSTA,2009,6,16,20,16.1,,,,,,,,988,,1.5,,1,0,1,0,0,0,0,,,,
BASSTA,2009,6,16,21,14.8,,,,,,,,988.1,,1.8,,1,0,1,0,0,0,0,,,,
BASSTA,2009,6,16,22,14.1,,,,,,,,988,,1.1,,2,0,0,0,0,0,0,,,,
BASSTA,2009,6,16,23,13.5,,,,,,,,987.8,,0.8,,2,0,0,0,0,0,0,,,,
BASSTA,2009,6,17,0,12.8,,,,,,,,987.7,,0.7,,1,0,0,0,0,0,0,,,,
BASSTA,2009,6,17,1,12.4,,,,,,,,987.7,,0.6,,2,0,0,0,0,0,0,,,,
BASSTA,2009,6,17,2,12.1,,,,,,,,987.3,,0.2,,2,0,0,0,0,0,0,,,,
BASSTA,2009,6,17,3,11.4,,,,,,,,987.2,,1.1,,5,0,0,0,0,0,0,,,,
BASSTA,2009,6,17,4,11.7,,,,,,,,986.9,,0.4,,41,0,0,0,0,0,0,,,,
BASSTA,2009,6,17,5,13.1,,,,,,,,986.8,,0.4,,137,0,0,0,0,0,0,,,,
BASSTA,2009,6,17,6,14.7,,,,,,,,986.5,,0.4,,311,4451.9,51.3,0,0,0,0,,,,
BASSTA,2009,6,17,7,17.5,,,,,,,,986,,1.4,,500,1970.9,82.5,0,0,0,0,,,,
BASSTA,2009,6,17,8,19.8,,,,,,,,985.5,,2.7,,650,1455.4,107.2,0,0,0,0,,,,
BASSTA,2009,6,17,9,21.6,,,,,,,,985.3,,2.3,,779,1229.8,128.5,0,0,0,0,,,,
BASSTA,2009,6,17,10,22.8,,,,,,,,985.1,,1.8,,861,1074.6,142.1,0,0,0,0,,,,
BASSTA,2009,6,17,11,23.6,,,,,,,,984.5,,1.8,,900,959.1,148.5,0,0,0,0,,,,
BASSTA,2009,6,17,12,24.7,,,,,,,,984.1,,1,,888,855.2,148.5,0,0,0,0,,,,
BASSTA,2009,6,17,13,25.8,,,,,,,,983.6,,1.3,,834,688.6,209.5,0,0,0,0,,,,
BASSTA,2009,6,17,14,26,,,,,,,,983.1,,1.3,,749,506.2,289.7,0,0,0,0,,,,
BASSTA,2009,6,17,15,26.7,,,,,,,,982.6,,1.4,,604,278.6,362.7,0,0,0,0,,,,
BASSTA,2009,6,17,16,25.9,,,,,,,,982.1,,1.5,,359,41.6,326.3,0,0,0,0,,,,
BASSTA,2009,6,17,17,25.1,,,,,,,,981.9,,1.6,,186,5.2,182.5,0,0,0,0,,,,
BASSTA,2009,6,17,18,24.3,,,,,,,,981.8,,1.6,,155,5.9,151.9,0,0,0,0,,,,
BASSTA,2009,6,17,19,21.5,,,,,,,,982.1,,1.3,,11,0.1,11,0,0,0,0,,,,
BASSTA,2009,6,17,20,19.7,,,,,,,,982.8,,1.9,,1,0,1,0,0,0,0,,,,
BASSTA,2009,6,17,21,18.9,,,,,,,,983,,1.3,,1,0,1,0,0,0,0,,,,
BASSTA,2009,6,17,22,18.4,,,,,,,,983.3,,1.3,,1,0,0,0,0,0,0,,,,
BASSTA,2009,6,17,23,18.1,,,,,,,,983.5,,1.7,,1,0,0,0,0,0,0,,,,
BASSTA,2009,6,18,0,17.3,,,,,,,,983.5,,1.8,,2,0,0,0,0,0,0,,,,
BASSTA,2009,6,18,1,16.7,,,,,,,,983.5,,2,,1,0,0,0,0,0,0,,,,
BASSTA,2009,6,18,2,16.2,,,,,,,,983.3,,2.1,,2,0,0,0,0,0,0,,,,
BASSTA,2009,6,18,3,15.7,,,,,,,,983.3,,2.1,,3,0,0,0,0,0,0,,,,
BASSTA,2009,6,18,4,15.8,,,,,,,,983.2,,1.8,,41,0,0,0,0,0,0,,,,
BASSTA,2009,6,18,5,16.5,,,,,,,,983.4,,1.9,,123,0,0,0,0,0,0,,,,
BASSTA,2009,6,18,6,17.7,,,,,,,,983.7,,1.9,,153,2197.6,25.2,0,0,0,0,,,,
BASSTA,2009,6,18,7,19.8,,,,,,,,983.8,,1.5,,282,1113,46.5,0,0,0,0,,,,
BASSTA,2009,6,18,8,23.1,,,,,,,,983.7,,1.5,,474,1062.2,78.2,0,0,0,0,,,,
BASSTA,2009,6,18,9,25.3,,,,,,,,983.6,,0.9,,675,1066.2,111.4,0,0,0,0,,,,
BASSTA,2009,6,18,10,26.4,,,,,,,,983.2,,1.1,,730,911.5,120.5,0,0,0,0,,,,
BASSTA,2009,6,18,11,28,,,,,,,,982.6,,2.3,,777,810.4,142.1,0,0,0,0,,,,
BASSTA,2009,6,18,12,28.4,,,,,,,,982,,2.8,,738,561.2,252.8,0,0,0,0,,,,
BASSTA,2009,6,18,13,28.1,,,,,,,,981.4,,2.9,,457,67.2,396,0,0,0,0,,,,
BASSTA,2009,6,18,14,29.2,,,,,,,,980.9,,2.7,,772,555.5,267.9,0,0,0,0,,,,
BASSTA,2009,6,18,15,28.7,,,,,,,,980.4,,2.8,,549,189.3,385,0,0,0,0,,,,
BASSTA,2009,6,18,16,25.6,,,,,,,,980.2,,3.4,,196,4.2,192.7,0,0,0,0,,,,
BASSTA,2009,6,18,17,25.6,,,,,,,,980.2,,1.7,,283,27.5,264.5,0,0,0,0,,,,
BASSTA,2009,6,18,18,24.9,,,,,,,,980,,0.7,,109,2.8,107.5,0,0,0,0,,,,
BASSTA,2009,6,18,19,24,,,,,,,,979.8,,1.2,,18,0.2,17.9,0,0,0,0,,,,
BASSTA,2009,6,18,20,23.4,,,,,,,,980.3,,2,,3,0,3,0,0,0,0,,,,
BASSTA,2009,6,18,21,23.7,,,,,,,,980.4,,2.2,,2,0.1,2,0,0,0,0,,,,
BASSTA,2009,6,18,22,23.3,,,,,,,,980.5,,2.7,,3,0,0,0,0,0,0,,,,
BASSTA,2009,6,18,23,22.8,,,,,,,,980.4,,2.1,,3,0,0,0,0,0,0,,,,
BASSTA,2009,6,19,0,21.3,,,,,,,,980.6,,2.6,,3,0,0,0,0,0,0,,,,
BASSTA,2009,6,19,1,20.7,,,,,,,,980.8,,2,,2,0,0,0,0,0,0,,,,
BASSTA,2009,6,19,2,19.5,,,,,,,,980.7,,1.4,,3,0,0,0,0,0,0,,,,
BASSTA,2009,6,19,3,19.4,,,,,,,,980.7,,0.8,,3,0,0,0,0,0,0,,,,
BASSTA,2009,6,19,4,19.4,,,,,,,,981.1,,1.3,,17,0,0,0,0,0,0,,,,
BASSTA,2009,6,19,5,19.7,,,,,,,,981,,1.3,,66,0,0,0,0,0,0,,,,
BASSTA,2009,6,19,6,20,,,,,,,,981.1,,0.8,,79,1140.4,13,0,0,0,0,,,,
BASSTA,2009,6,19,7,20.1,,,,,,,,981.3,,1.8,,87,24.7,81.8,0,0,0,0,,,,
BASSTA,2009,6,19,8,20.1,,,,,,,,981.6,,2.9,,132,11.9,127.6,0,0,0,0,,,,
BASSTA,2009,6,19,9,17.9,,,,,,,,982,,3.9,,75,1.4,74.3,0,0,0,0,,,,
BASSTA,2009,6,19,10,17.4,,,,,,,,982.5,,3,,108,1.8,106.8,0,0,0,0,,,,
BASSTA,2009,6,19,11,17.1,,,,,,,,982.8,,2.1,,276,11.5,267,0,0,0,0,,,,
BASSTA,2009,6,19,12,17.1,,,,,,,,982.9,,2.1,,102,0.9,101.2,0,0,0,0,,,,
BASSTA,2009,6,19,13,16.9,,,,,,,,983.1,,1.6,,123,1.3,121.9,0,0,0,0,,,,
BASSTA,2009,6,19,14,17.6,,,,,,,,983.1,,1.7,,154,2,152.2,0,0,0,0,,,,
BASSTA,2009,6,19,15,16.8,,,,,,,,983.3,,3,,85,0.7,84.4,0,0,0,0,,,,
BASSTA,2009,6,19,16,15.6,,,,,,,,983.5,,3.3,,63,0.4,62.7,0,0,0,0,,,,
BASSTA,2009,6,19,17,14.4,,,,,,,,984.1,,3.5,,47,0.3,46.8,0,0,0,0,,,,
BASSTA,2009,6,19,18,14.2,,,,,,,,985,,1.5,,18,0.1,18,0,0,0,0,,,,
BASSTA,2009,6,19,19,14,,,,,,,,985.5,,2.1,,14,0.1,14,0,0,0,0,,,,
BASSTA,2009,6,19,20,13.6,,,,,,,,986,,2.5,,3,0,3,0,0,0,0,,,,
BASSTA,2009,6,19,21,13,,,,,,,,985.8,,3,,3,0.1,3,0,0,0,0,,,,
BASSTA,2009,6,19,22,12.6,,,,,,,,985.9,,2.2,,3,0,0,0,0,0,0,,,,
BASSTA,2009,6,19,23,12,,,,,,,,985.8,,1.6,,3,0,0,0,0,0,0,,,,
BASSTA,2009,6,20,0,12.2,,,,,,,,985.4,,1.5,,3,0,0,0,0,0,0,,,,
BASSTA,2009,6,20,1,12,,,,,,,,985.2,,1.8,,3,0,0,0,0,0,0,,,,
BASSTA,2009,6,20,2,12.1,,,,,,,,984.8,,1.2,,3,0,0,0,0,0,0,,,,
BASSTA,2009,6,20,3,11.7,,,,,,,,984.6,,0.8,,2,0,0,0,0,0,0,,,,
BASSTA,2009,6,20,4,11.6,,,,,,,,984.7,,0.9,,39,0,0,0,0,0,0,,,,
BASSTA,2009,6,20,5,13,,,,,,,,984.6,,0.7,,165,0,0,0,0,0,0,,,,
BASSTA,2009,6,20,6,14.2,,,,,,,,984.7,,0.6,,311,4519.3,51.3,0,0,0,0,,,,
BASSTA,2009,6,20,7,15,,,,,,,,984.7,,0.7,,313,1240.2,51.6,0,0,0,0,,,,
BASSTA,2009,6,20,8,16.5,,,,,,,,984.7,,2,,455,1022,75.1,0,0,0,0,,,,
BASSTA,2009,6,20,9,17,,,,,,,,984.6,,1.5,,469,630,136.5,0,0,0,0,,,,
BASSTA,2009,6,20,10,18.7,,,,,,,,984.1,,1.3,,883,1103.7,145.7,0,0,0,0,,,,
BASSTA,2009,6,20,11,18.5,,,,,,,,983.7,,2.2,,501,197.4,346.5,0,0,0,0,,,,
BASSTA,2009,6,20,12,19.6,,,,,,,,983.3,,3.2,,801,702.2,194.1,0,0,0,0,,,,
BASSTA,2009,6,20,13,18.7,,,,,,,,983.2,,3.6,,448,61.1,392.6,0,0,0,0,,,,
BASSTA,2009,6,20,14,18.4,,,,,,,,983,,3,,304,9.2,295.6,0,0,0,0,,,,
BASSTA,2009,6,20,15,18.5,,,,,,,,982.9,,3,,353,23.3,332.8,0,0,0,0,,,,
BASSTA,2009,6,20,16,17.9,,,,,,,,982.8,,3,,232,6,227.3,0,0,0,0,,,,
BASSTA,2009,6,20,17,16.6,,,,,,,,983.3,,4.7,,96,1.4,95.1,0,0,0,0,,,,
BASSTA,2009,6,20,18,14,,,,,,,,984.3,,3.4,,17,0.1,17,0,0,0,0,,,,
BASSTA,2009,6,20,19,12.7,,,,,,,,984.1,,3.3,,2,0,2,0,0,0,0,,,,
BASSTA,2009,6,20,20,12.6,,,,,,,,984.8,,2.4,,1,0,1,0,0,0,0,,,,
BASSTA,2009,6,20,21,12.6,,,,,,,,985,,0.5,,2,0.1,2,0,0,0,0,,,,
BASSTA,2009,6,20,22,12.5,,,,,,,,985.1,,1.4,,1,0,0,0,0,0,0,,,,
BASSTA,2009,6,20,23,12.2,,,,,,,,985,,2.1,,2,0,0,0,0,0,0,,,,
BASSTA,2009,6,21,0,12.1,,,,,,,,984.7,,1.6,,2,0,0,0,0,0,0,,,,
BASSTA,2009,6,21,1,12,,,,,,,,984.7,,1.2,,2,0,0,0,0,0,0,,,,
BASSTA,2009,6,21,2,12.1,,,,,,,,984.6,,0.8,,2,0,0,0,0,0,0,,,,
BASSTA,2009,6,21,3,11.5,,,,,,,,984.8,,0.8,,3,0,0,0,0,0,0,,,,
BASSTA,2009,6,21,4,11.5,,,,,,,,984.8,,1.2,,33,0,0,0,0,0,0,,,,
BASSTA,2009,6,21,5,12.2,,,,,,,,984.9,,1.2,,155,0,0,0,0,0,0,,,,
BASSTA,2009,6,21,6,13.3,,,,,,,,984.9,,2,,318,4659.2,52.5,0,0,0,0,,,,
BASSTA,2009,6,21,7,14.3,,,,,,,,985.1,,2.6,,485,1926.6,80,0,0,0,0,,,,
BASSTA,2009,6,21,8,15.2,,,,,,,,985.1,,2.5,,613,1378.9,101.1,0,0,0,0,,,,
BASSTA,2009,6,21,9,16.6,,,,,,,,985.1,,2.9,,747,1182.9,123.3,0,0,0,0,,,,
BASSTA,2009,6,21,10,17.4,,,,,,,,984.9,,2.7,,818,1023.1,135,0,0,0,0,,,,
BASSTA,2009,6,21,11,18,,,,,,,,984.5,,3.4,,858,915.6,141.6,0,0,0,0,,,,
BASSTA,2009,6,21,12,18.3,,,,,,,,984.1,,2.9,,610,292.3,357.5,0,0,0,0,,,,
BASSTA,2009,6,21,13,18.9,,,,,,,,983.7,,2.9,,755,520.4,283,0,0,0,0,,,,
BASSTA,2009,6,21,14,18.9,,,,,,,,983.6,,3.8,,562,171.6,406.2,0,0,0,0,,,,
BASSTA,2009,6,21,15,18,,,,,,,,983.5,,2.9,,382,34.7,351.9,0,0,0,0,,,,
BASSTA,2009,6,21,16,18.4,,,,,,,,983.2,,2,,397,67.6,343.8,0,0,0,0,,,,
BASSTA,2009,6,21,17,17.2,,,,,,,,983.3,,2.5,,101,1.5,100,0,0,0,0,,,,
BASSTA,2009,6,21,18,14.2,,,,,,,,983.6,,2.9,,24,0.1,23.9,0,0,0,0,,,,
BASSTA,2009,6,21,19,13.5,,,,,,,,983.6,,2.1,,17,0.1,16.9,0,0,0,0,,,,
BASSTA,2009,6,21,20,13.7,,,,,,,,984.1,,1.5,,2,0,2,0,0,0,0,,,,
BASSTA,2009,6,21,21,12.7,,,,,,,,984.7,,1.7,,3,0.1,3,0,0,0,0,,,,
BASSTA,2009,6,21,22,12.7,,,,,,,,984.8,,1.6,,2,0,0,0,0,0,0,,,,
BASSTA,2009,6,21,23,12.3,,,,,,,,984.7,,2,,2,0,0,0,0,0,0,,,,
BASSTA,2009,6,22,0,12,,,,,,,,984.4,,1.6,,2,0,0,0,0,0,0,,,,
BASSTA,2009,6,22,1,11.9,,,,,,,,984.2,,1.2,,2,0,0,0,0,0,0,,,,
BASSTA,2009,6,22,2,11.6,,,,,,,,984.1,,1,,2,0,0,0,0,0,0,,,,
BASSTA,2009,6,22,3,11.2,,,,,,,,984.3,,0.9,,3,0,0,0,0,0,0,,,,
BASSTA,2009,6,22,4,11.6,,,,,,,,984.5,,1.2,,19,0,0,0,0,0,0,,,,
BASSTA,2009,6,22,5,12,,,,,,,,984.9,,0.9,,54,0,0,0,0,0,0,,,,
BASSTA,2009,6,22,6,12.2,,,,,,,,985.4,,2.6,,190,2811.4,31.4,0,0,0,0,,,,
BASSTA,2009,6,22,7,13.2,,,,,,,,985.7,,2.2,,345,1374.6,56.9,0,0,0,0,,,,
BASSTA,2009,6,22,8,14.4,,,,,,,,985.6,,3.4,,573,1291.1,94.5,0,0,0,0,,,,
BASSTA,2009,6,22,9,15.8,,,,,,,,985.7,,3.8,,776,1230.2,128,0,0,0,0,,,,
BASSTA,2009,6,22,10,15.6,,,,,,,,985.9,,3.8,,836,1046.4,137.9,0,0,0,0,,,,
BASSTA,2009,6,22,11,16.5,,,,,,,,985.9,,3.5,,929,991.8,153.3,0,0,0,0,,,,
BASSTA,2009,6,22,12,15.9,,,,,,,,986,,3,,897,867,148,0,0,0,0,,,,
BASSTA,2009,6,22,13,15.5,,,,,,,,985.9,,3.2,,769,551,269.4,0,0,0,0,,,,
BASSTA,2009,6,22,14,16.3,,,,,,,,985.5,,3.1,,681,366.2,348.5,0,0,0,0,,,,
BASSTA,2009,6,22,15,16.1,,,,,,,,985.3,,3.4,,542,178.7,387,0,0,0,0,,,,
BASSTA,2009,6,22,16,15.4,,,,,,,,985.6,,2,,207,4.7,203.3,0,0,0,0,,,,
BASSTA,2009,6,22,17,13.9,,,,,,,,986.1,,2.7,,73,0.8,72.5,0,0,0,0,,,,
BASSTA,2009,6,22,18,13.5,,,,,,,,986.3,,1,,116,3.2,114.3,0,0,0,0,,,,
BASSTA,2009,6,22,19,13.2,,,,,,,,986.5,,1.9,,31,0.5,30.8,0,0,0,0,,,,
BASSTA,2009,6,22,20,13.1,,,,,,,,987,,1.6,,3,0,3,0,0,0,0,,,,
BASSTA,2009,6,22,21,12.8,,,,,,,,987.1,,1.7,,3,0.1,3,0,0,0,0,,,,
BASSTA,2009,6,22,22,12.7,,,,,,,,987,,1.6,,3,0,0,0,0,0,0,,,,
BASSTA,2009,6,22,23,12.3,,,,,,,,986.8,,1.4,,3,0,0,0,0,0,0,,,,
BASSTA,2009,6,23,0,12.1,,,,,,,,986.4,,1.7,,3,0,0,0,0,0,0,,,,
BASSTA,2009,6,23,1,12.1,,,,,,,,986,,1.5,,3,0,0,0,0,0,0,,,,
BASSTA,2009,6,23,2,12.3,,,,,,,,985.6,,1.9,,3,0,0,0,0,0,0,,,,
BASSTA,2009,6,23,3,12.3,,,,,,,,985.5,,2,,1,0,0,0,0,0,0,,,,
BASSTA,2009,6,23,4,12.4,,,,,,,,985.5,,2,,7,0,0,0,0,0,0,,,,
BASSTA,2009,6,23,5,12.3,,,,,,,,985.6,,1.9,,11,0,0,0,0,0,0,,,,
BASSTA,2009,6,23,6,12.6,,,,,,,,985.7,,1.6,,114,1706.4,18.8,0,0,0,0,,,,
BASSTA,2009,6,23,7,14.3,,,,,,,,985.5,,2,,436,1743,71.9,0,0,0,0,,,,
BASSTA,2009,6,23,8,14.8,,,,,,,,985.3,,2.4,,298,468.9,124.6,0,0,0,0,,,,
BASSTA,2009,6,23,9,15.2,,,,,,,,985,,2.4,,255,55.9,225.6,0,0,0,0,,,,
BASSTA,2009,6,23,10,15.5,,,,,,,,984.9,,1.6,,129,2.6,127.3,0,0,0,0,,,,
BASSTA,2009,6,23,11,15.8,,,,,,,,984.6,,1.2,,165,3,162.6,0,0,0,0,,,,
BASSTA,2009,6,23,12,16.3,,,,,,,,984.2,,1.1,,195,3.5,192,0,0,0,0,,,,
BASSTA,2009,6,23,13,16.8,,,,,,,,983.9,,1.8,,312,10.4,302.6,0,0,0,0,,,,
BASSTA,2009,6,23,14,16.7,,,,,,,,984,,2.6,,213,3.7,209.6,0,0,0,0,,,,
BASSTA,2009,6,23,15,15.2,,,,,,,,984.2,,3.1,,66,0.4,65.7,0,0,0,0,,,,
BASSTA,2009,6,23,16,15.1,,,,,,,,984.1,,1.5,,65,0.5,64.6,0,0,0,0,,,,
BASSTA,2009,6,23,17,14,,,,,,,,984,,1.4,,11,0,11,0,0,0,0,,,,
BASSTA,2009,6,23,18,13.4,,,,,,,,984.1,,2.2,,7,0,7,0,0,0,0,,,,
BASSTA,2009,6,23,19,13.2,,,,,,,,983.9,,2,,2,0,2,0,0,0,0,,,,
BASSTA,2009,6,23,20,13.2,,,,,,,,984.1,,1.1,,1,0,1,0,0,0,0,,,,
BASSTA,2009,6,23,21,13.3,,,,,,,,983.9,,1,,2,0.1,2,0,0,0,0,,,,
BASSTA,2009,6,23,22,13.3,,,,,,,,983.5,,0.7,,2,0,0,0,0,0,0,,,,
BASSTA,2009,6,23,23,13.4,,,,,,,,982.7,,1,,1,0,0,0,0,0,0,,,,
BASSTA,2009,6,24,0,13.3,,,,,,,,981.9,,0.6,,2,0,0,0,0,0,0,,,,
BASSTA,2009,6,24,1,13.2,,,,,,,,981.1,,0.6,,1,0,0,0,0,0,0,,,,
BASSTA,2009,6,24,2,13.1,,,,,,,,980.5,,1.5,,1,0,0,0,0,0,0,,,,
BASSTA,2009,6,24,3,12.8,,,,,,,,979.9,,1.2,,2,0,0,0,0,0,0,,,,
BASSTA,2009,6,24,4,12.6,,,,,,,,979.5,,1.4,,19,0,0,0,0,0,0,,,,
BASSTA,2009,6,24,5,12.7,,,,,,,,979.5,,1.8,,90,0,0,0,0,0,0,,,,
BASSTA,2009,6,24,6,14.4,,,,,,,,979.5,,1.1,,250,3792,41.2,0,0,0,0,,,,
BASSTA,2009,6,24,7,15.5,,,,,,,,979.4,,1.1,,300,1203.9,49.5,0,0,0,0,,,,
BASSTA,2009,6,24,8,16.1,,,,,,,,979.1,,1,,207,111.3,165.9,0,0,0,0,,,,
BASSTA,2009,6,24,9,18.6,,,,,,,,978.6,,2.4,,755,1200.1,124.6,0,0,0,0,,,,
BASSTA,2009,6,24,10,19.8,,,,,,,,978.3,,2.5,,822,1030.8,135.6,0,0,0,0,,,,
BASSTA,2009,6,24,11,20,,,,,,,,977.9,,1.9,,783,825.5,138.2,0,0,0,0,,,,
BASSTA,2009,6,24,12,21.3,,,,,,,,977.3,,1.5,,787,674.8,204.5,0,0,0,0,,,,
BASSTA,2009,6,24,13,21,,,,,,,,977.1,,1.3,,177,2.6,174.6,0,0,0,0,,,,
BASSTA,2009,6,24,14,21.6,,,,,,,,976.7,,1.1,,261,5.6,255.9,0,0,0,0,,,,
BASSTA,2009,6,24,15,21.7,,,,,,,,976.7,,2.5,,190,3.3,187.2,0,0,0,0,,,,
BASSTA,2009,6,24,16,20.8,,,,,,,,976.8,,5.6,,245,7,239.5,0,0,0,0,,,,
BASSTA,2009,6,24,17,20.7,,,,,,,,976.6,,5.1,,309,42.1,280.6,0,0,0,0,,,,
BASSTA,2009,6,24,18,19.7,,,,,,,,976.9,,3.8,,117,3.2,115.3,0,0,0,0,,,,
BASSTA,2009,6,24,19,18.8,,,,,,,,977.2,,3.6,,14,0.1,14,0,0,0,0,,,,
BASSTA,2009,6,24,20,18.3,,,,,,,,977.3,,3.8,,1,0,1,0,0,0,0,,,,
BASSTA,2009,6,24,21,18,,,,,,,,977,,4,,1,0,1,0,0,0,0,,,,
BASSTA,2009,6,24,22,17.6,,,,,,,,976.6,,2.8,,1,0,0,0,0,0,0,,,,
BASSTA,2009,6,24,23,17.6,,,,,,,,976.3,,2,,1,0,0,0,0,0,0,,,,
BASSTA,2009,6,25,0,17.5,,,,,,,,976,,1.5,,2,0,0,0,0,0,0,,,,
BASSTA,2009,6,25,1,17.5,,,,,,,,975.8,,2,,1,0,0,0,0,0,0,,,,
BASSTA,2009,6,25,2,17.5,,,,,,,,975.5,,1.5,,1,0,0,0,0,0,0,,,,
BASSTA,2009,6,25,3,17.4,,,,,,,,975.3,,2,,2,0,0,0,0,0,0,,,,
BASSTA,2009,6,25,4,17.3,,,,,,,,975.3,,1.4,,9,0,0,0,0,0,0,,,,
BASSTA,2009,6,25,5,17.3,,,,,,,,975.2,,1.9,,28,0,0,0,0,0,0,,,,
BASSTA,2009,6,25,6,17.4,,,,,,,,975.4,,1.7,,66,1009.4,11.3,0,0,0,0,,,,
BASSTA,2009,6,25,7,17.8,,,,,,,,975.3,,2.1,,149,313.8,84,0,0,0,0,,,,
BASSTA,2009,6,25,8,18.6,,,,,,,,975,,2.9,,251,255.3,157,0,0,0,0,,,,
BASSTA,2009,6,25,9,19.4,,,,,,,,975,,3,,321,163.7,235.1,0,0,0,0,,,,
BASSTA,2009,6,25,10,19.8,,,,,,,,974.9,,3.6,,471,296,274.1,0,0,0,0,,,,
BASSTA,2009,6,25,11,21.8,,,,,,,,974.6,,3.5,,852,911.4,140.6,0,0,0,0,,,,
BASSTA,2009,6,25,12,22.9,,,,,,,,974,,4.5,,899,870.4,148.1,0,0,0,0,,,,
BASSTA,2009,6,25,13,23.1,,,,,,,,973.5,,3.2,,721,450,313.2,0,0,0,0,,,,
BASSTA,2009,6,25,14,24.1,,,,,,,,972.8,,2.9,,743,493.7,294.9,0,0,0,0,,,,
BASSTA,2009,6,25,15,24.2,,,,,,,,972.3,,2,,467,92.2,387,0,0,0,0,,,,
BASSTA,2009,6,25,16,24,,,,,,,,972.3,,1.1,,315,21.2,298.3,0,0,0,0,,,,
BASSTA,2009,6,25,17,23.5,,,,,,,,972,,1,,184,5.1,180.6,0,0,0,0,,,,
BASSTA,2009,6,25,18,22.7,,,,,,,,972.2,,0.9,,82,1.6,81.1,0,0,0,0,,,,
BASSTA,2009,6,25,19,21.2,,,,,,,,972.5,,0.8,,16,0.1,16,0,0,0,0,,,,
BASSTA,2009,6,25,20,20.4,,,,,,,,972.6,,0.9,,1,0,1,0,0,0,0,,,,
BASSTA,2009,6,25,21,19.4,,,,,,,,972.8,,1.4,,1,0,1,0,0,0,0,,,,
BASSTA,2009,6,25,22,19.3,,,,,,,,973.4,,1.2,,2,0,0,0,0,0,0,,,,
BASSTA,2009,6,25,23,19.2,,,,,,,,973.5,,1.6,,2,0,0,0,0,0,0,,,,
BASSTA,2009,6,26,0,18.2,,,,,,,,973,,1.2,,2,0,0,0,0,0,0,,,,
BASSTA,2009,6,26,1,17.8,,,,,,,,973,,0.4,,2,0,0,0,0,0,0,,,,
BASSTA,2009,6,26,2,17.8,,,,,,,,973.2,,1,,2,0,0,0,0,0,0,,,,
BASSTA,2009,6,26,3,17.4,,,,,,,,973.2,,1.8,,3,0,0,0,0,0,0,,,,
BASSTA,2009,6,26,4,17.4,,,,,,,,973.4,,2,,34,0,0,0,0,0,0,,,,
BASSTA,2009,6,26,5,17.7,,,,,,,,973.7,,1.8,,104,0,0,0,0,0,0,,,,
BASSTA,2009,6,26,6,18.5,,,,,,,,973.9,,1.1,,188,2943.4,31,0,0,0,0,,,,
BASSTA,2009,6,26,7,20.5,,,,,,,,973.8,,1.2,,379,1534.3,62.5,0,0,0,0,,,,
BASSTA,2009,6,26,8,21.6,,,,,,,,973.9,,0.7,,484,1100.2,79.9,0,0,0,0,,,,
BASSTA,2009,6,26,9,23.1,,,,,,,,973.7,,1,,650,1036.4,107.2,0,0,0,0,,,,
BASSTA,2009,6,26,10,23,,,,,,,,973.4,,1.3,,280,27.8,261.5,0,0,0,0,,,,
BASSTA,2009,6,26,11,24.7,,,,,,,,973.1,,1.3,,912,976.4,150.5,0,0,0,0,,,,
BASSTA,2009,6,26,12,21.9,,,,,,,,973.2,,3.9,,294,10,285.4,0,0,0,0,,,,
BASSTA,2009,6,26,13,17.8,,,,,,,,973.8,,3.6,,26,0.1,25.9,0,0,0,0,,,,
BASSTA,2009,6,26,14,18.2,,,,,,,,973.9,,1.1,,70,0.4,69.6,0,0,0,0,,,,
BASSTA,2009,6,26,15,18.8,,,,,,,,973.8,,0.8,,182,3,179.4,0,0,0,0,,,,
BASSTA,2009,6,26,16,19.5,,,,,,,,973.6,,0.5,,298,16.1,285.3,0,0,0,0,,,,
BASSTA,2009,6,26,17,20.1,,,,,,,,973.9,,1.4,,227,9.4,220.6,0,0,0,0,,,,
BASSTA,2009,6,26,18,19.6,,,,,,,,974.5,,2.1,,95,2.1,93.9,0,0,0,0,,,,
BASSTA,2009,6,26,19,18.7,,,,,,,,975.2,,1.9,,12,0.1,12,0,0,0,0,,,,
BASSTA,2009,6,26,20,18.1,,,,,,,,975.8,,2.4,,2,0,2,0,0,0,0,,,,
BASSTA,2009,6,26,21,17.7,,,,,,,,975.9,,1.4,,2,0.1,2,0,0,0,0,,,,
BASSTA,2009,6,26,22,17.2,,,,,,,,976.2,,1.1,,2,0,0,0,0,0,0,,,,
BASSTA,2009,6,26,23,16.9,,,,,,,,976.5,,0.8,,3,0,0,0,0,0,0,,,,
BASSTA,2009,6,27,0,17.3,,,,,,,,976.8,,1.2,,3,0,0,0,0,0,0,,,,
BASSTA,2009,6,27,1,17.1,,,,,,,,976.7,,0.5,,2,0,0,0,0,0,0,,,,
BASSTA,2009,6,27,2,17,,,,,,,,976.7,,0.9,,3,0,0,0,0,0,0,,,,
BASSTA,2009,6,27,3,17,,,,,,,,976.8,,1.2,,3,0,0,0,0,0,0,,,,
BASSTA,2009,6,27,4,17,,,,,,,,976.9,,1.7,,9,0,0,0,0,0,0,,,,
BASSTA,2009,6,27,5,17.4,,,,,,,,976.9,,0.7,,62,0,0,0,0,0,0,,,,
BASSTA,2009,6,27,6,18.1,,,,,,,,977.3,,1.7,,123,1961.9,20.3,0,0,0,0,,,,
BASSTA,2009,6,27,7,18.1,,,,,,,,977.5,,2.4,,106,75.9,90.4,0,0,0,0,,,,
BASSTA,2009,6,27,8,18.7,,,,,,,,977.6,,2.5,,218,145.1,164.9,0,0,0,0,,,,
BASSTA,2009,6,27,9,19.8,,,,,,,,977.6,,3.4,,431,505.4,166.8,0,0,0,0,,,,
BASSTA,2009,6,27,10,20.7,,,,,,,,977.6,,2.8,,552,519.7,207.1,0,0,0,0,,,,
BASSTA,2009,6,27,11,21.8,,,,,,,,977.6,,2,,555,302.8,319,0,0,0,0,,,,
BASSTA,2009,6,27,12,22.7,,,,,,,,977.2,,2.8,,645,363.9,331.4,0,0,0,0,,,,
BASSTA,2009,6,27,13,23.2,,,,,,,,977.1,,3.9,,549,157.3,406.5,0,0,0,0,,,,
BASSTA,2009,6,27,14,19.4,,,,,,,,977.8,,3.4,,111,1,110.1,0,0,0,0,,,,
BASSTA,2009,6,27,15,18.3,,,,,,,,977.8,,1.3,,100,0.9,99.2,0,0,0,0,,,,
BASSTA,2009,6,27,16,18.7,,,,,,,,977.8,,1.8,,106,1.2,105,0,0,0,0,,,,
BASSTA,2009,6,27,17,18.7,,,,,,,,977.8,,1.3,,97,1.4,96.1,0,0,0,0,,,,
BASSTA,2009,6,27,18,18.5,,,,,,,,977.9,,1.4,,50,0.6,49.7,0,0,0,0,,,,
BASSTA,2009,6,27,19,17.9,,,,,,,,978,,1.6,,22,0.2,21.9,0,0,0,0,,,,
BASSTA,2009,6,27,20,17.4,,,,,,,,978.6,,1.4,,2,0,2,0,0,0,0,,,,
BASSTA,2009,6,27,21,17.1,,,,,,,,978.7,,1.3,,2,0.1,2,0,0,0,0,,,,
BASSTA,2009,6,27,22,16.9,,,,,,,,978.8,,1,,2,0,0,0,0,0,0,,,,
BASSTA,2009,6,27,23,16.5,,,,,,,,978.7,,1.2,,2,0,0,0,0,0,0,,,,
BASSTA,2009,6,28,0,16,,,,,,,,978.5,,1.5,,2,0,0,0,0,0,0,,,,
BASSTA,2009,6,28,1,15.9,,,,,,,,978.3,,1.7,,2,0,0,0,0,0,0,,,,
BASSTA,2009,6,28,2,15.9,,,,,,,,978.2,,1.4,,2,0,0,0,0,0,0,,,,
BASSTA,2009,6,28,3,16.1,,,,,,,,978.3,,0.6,,3,0,0,0,0,0,0,,,,
BASSTA,2009,6,28,4,16.1,,,,,,,,978.4,,1,,15,0,0,0,0,0,0,,,,
BASSTA,2009,6,28,5,16.3,,,,,,,,978.2,,1.4,,50,0,0,0,0,0,0,,,,
BASSTA,2009,6,28,6,16.3,,,,,,,,978.2,,1.1,,103,0,0,0,0,0,0,,,,
BASSTA,2009,6,28,7,17,,,,,,,,978.5,,0.5,,226,924.4,37.3,0,0,0,0,,,,
BASSTA,2009,6,28,8,18.2,,,,,,,,978.4,,0.7,,574,1312.1,94.7,0,0,0,0,,,,
BASSTA,2009,6,28,9,20.7,,,,,,,,978.2,,0.9,,706,1129.7,116.5,0,0,0,0,,,,
BASSTA,2009,6,28,10,22.5,,,,,,,,978,,1.2,,790,995.2,130.3,0,0,0,0,,,,
BASSTA,2009,6,28,11,23.1,,,,,,,,977.7,,1.1,,761,789.5,146.3,0,0,0,0,,,,
BASSTA,2009,6,28,12,24.1,,,,,,,,977.5,,0.9,,706,496.5,278.5,0,0,0,0,,,,
BASSTA,2009,6,28,13,24.8,,,,,,,,977.4,,1.9,,674,357.4,350.5,0,0,0,0,,,,
BASSTA,2009,6,28,14,25.4,,,,,,,,977.2,,1.3,,606,235.8,392.1,0,0,0,0,,,,
BASSTA,2009,6,28,15,26.1,,,,,,,,977,,1.1,,564,211.4,380.6,0,0,0,0,,,,
BASSTA,2009,6,28,16,25.8,,,,,,,,976.9,,1.4,,445,114.8,354.5,0,0,0,0,,,,
BASSTA,2009,6,28,17,25.4,,,,,,,,976.8,,1.9,,295,33.3,272.5,0,0,0,0,,,,
BASSTA,2009,6,28,18,24.7,,,,,,,,977.2,,1.8,,143,4.8,140.4,0,0,0,0,,,,
BASSTA,2009,6,28,19,23.8,,,,,,,,977.6,,1.5,,21,0.2,20.9,0,0,0,0,,,,
BASSTA,2009,6,28,20,21.7,,,,,,,,978,,1.1,,1,0,1,0,0,0,0,,,,
BASSTA,2009,6,28,21,20.1,,,,,,,,978.2,,1.1,,1,0,1,0,0,0,0,,,,
BASSTA,2009,6,28,22,19.5,,,,,,,,978.6,,1.3,,1,0,0,0,0,0,0,,,,
BASSTA,2009,6,28,23,19,,,,,,,,978.8,,1.1,,2,0,0,0,0,0,0,,,,
BASSTA,2009,6,29,0,18.3,,,,,,,,978.9,,0.6,,1,0,0,0,0,0,0,,,,
BASSTA,2009,6,29,1,17.9,,,,,,,,978.9,,0.3,,1,0,0,0,0,0,0,,,,
BASSTA,2009,6,29,2,17.5,,,,,,,,979.1,,0.8,,2,0,0,0,0,0,0,,,,
BASSTA,2009,6,29,3,16.9,,,,,,,,979.2,,0.2,,3,0,0,0,0,0,0,,,,
BASSTA,2009,6,29,4,17.1,,,,,,,,979.4,,0.7,,33,0,0,0,0,0,0,,,,
BASSTA,2009,6,29,5,18.3,,,,,,,,979.6,,0.9,,139,0,0,0,0,0,0,,,,
BASSTA,2009,6,29,6,19.6,,,,,,,,979.9,,0.8,,288,0,0,0,0,0,0,,,,
BASSTA,2009,6,29,7,21.6,,,,,,,,979.9,,0.8,,443,1822.5,73.1,0,0,0,0,,,,
BASSTA,2009,6,29,8,23.6,,,,,,,,979.9,,1.1,,588,1348.3,97,0,0,0,0,,,,
BASSTA,2009,6,29,9,24.8,,,,,,,,979.8,,1.4,,720,1154.4,118.8,0,0,0,0,,,,
BASSTA,2009,6,29,10,25.1,,,,,,,,979.8,,1.2,,554,530,203.2,0,0,0,0,,,,
BASSTA,2009,6,29,11,26.5,,,,,,,,979.5,,0.9,,877,941.5,144.7,0,0,0,0,,,,
BASSTA,2009,6,29,12,27.1,,,,,,,,979.3,,1.4,,732,556.6,253,0,0,0,0,,,,
BASSTA,2009,6,29,13,27.2,,,,,,,,979.3,,2.1,,584,205.2,398.4,0,0,0,0,,,,
BASSTA,2009,6,29,14,27.6,,,,,,,,979,,2.4,,548,155.2,407.3,0,0,0,0,,,,
BASSTA,2009,6,29,15,27.7,,,,,,,,978.9,,2.5,,575,229,376.5,0,0,0,0,,,,
BASSTA,2009,6,29,16,27.5,,,,,,,,978.9,,2.7,,479,159,353.6,0,0,0,0,,,,
BASSTA,2009,6,29,17,26.3,,,,,,,,979.3,,2.8,,272,22.1,257.1,0,0,0,0,,,,
BASSTA,2009,6,29,18,25.2,,,,,,,,979.7,,2.3,,120,3.4,118.2,0,0,0,0,,,,
BASSTA,2009,6,29,19,23.2,,,,,,,,979.8,,1,,19,0.2,18.9,0,0,0,0,,,,
BASSTA,2009,6,29,20,22,,,,,,,,980.5,,0.9,,2,0,2,0,0,0,0,,,,
BASSTA,2009,6,29,21,21,,,,,,,,981.1,,1,,2,0.1,2,0,0,0,0,,,,
BASSTA,2009,6,29,22,20.3,,,,,,,,981.2,,1,,2,0,0,0,0,0,0,,,,
BASSTA,2009,6,29,23,19.1,,,,,,,,981.2,,0.9,,2,0,0,0,0,0,0,,,,
BASSTA,2009,6,30,0,18.7,,,,,,,,981.3,,0.6,,3,0,0,0,0,0,0,,,,
BASSTA,2009,6,30,1,18.8,,,,,,,,981.4,,1,,2,0,0,0,0,0,0,,,,
BASSTA,2009,6,30,2,18.3,,,,,,,,981.3,,0.9,,2,0,0,0,0,0,0,,,,
BASSTA,2009,6,30,3,17.9,,,,,,,,981.3,,0.9,,3,0,0,0,0,0,0,,,,
BASSTA,2009,6,30,4,17.9,,,,,,,,981.5,,0.8,,34,0,0,0,0,0,0,,,,
BASSTA,2009,6,30,5,19,,,,,,,,981.7,,1.2,,135,0,0,0,0,0,0,,,,
BASSTA,2009,6,30,6,20.4,,,,,,,,982,,0.4,,277,0,0,0,0,0,0,,,,
BASSTA,2009,6,30,7,21.8,,,,,,,,982.2,,0.6,,431,1784.2,71.1,0,0,0,0,,,,
BASSTA,2009,6,30,8,23.6,,,,,,,,982.3,,0.5,,576,1325.1,95,0,0,0,0,,,,
BASSTA,2009,6,30,9,25.1,,,,,,,,982.1,,0.7,,689,1107,113.7,0,0,0,0,,,,
BASSTA,2009,6,30,10,25.8,,,,,,,,981.9,,1.5,,595,653.5,163.1,0,0,0,0,,,,
BASSTA,2009,6,30,11,27,,,,,,,,981.8,,1.9,,759,788.7,146.2,0,0,0,0,,,,
BASSTA,2009,6,30,12,27,,,,,,,,981.5,,1.4,,611,300.3,352.8,0,0,0,0,,,,
BASSTA,2009,6,30,13,27.1,,,,,,,,981.3,,1.8,,491,96.2,404,0,0,0,0,,,,
BASSTA,2009,6,30,14,27.6,,,,,,,,981,,2,,536,141.2,408,0,0,0,0,,,,
BASSTA,2009,6,30,15,28.2,,,,,,,,981,,1.6,,571,222.9,377.8,0,0,0,0,,,,
BASSTA,2009,6,30,16,27.8,,,,,,,,980.9,,1.7,,379,53.9,336.5,0,0,0,0,,,,
BASSTA,2009,6,30,17,27.4,,,,,,,,980.9,,1.6,,294,32.8,271.8,0,0,0,0,,,,
BASSTA,2009,6,30,18,26.6,,,,,,,,981,,1.4,,112,3,110.4,0,0,0,0,,,,
BASSTA,2009,6,30,19,25.3,,,,,,,,981.3,,1.1,,19,0.2,18.9,0,0,0,0,,,,
BASSTA,2009,6,30,20,23,,,,,,,,981.8,,1.2,,1,0,1,0,0,0,0,,,,
BASSTA,2009,6,30,21,21.7,,,,,,,,982.5,,1.6,,1,0,1,0,0,0,0,,,,
BASSTA,2009,6,30,22,20.8,,,,,,,,982.8,,1.4,,1,0,0,0,0,0,0,,,,
BASSTA,2009,6,30,23,19.6,,,,,,,,983,,1.1,,2,0,0,0,0,0,0,,,,
BASSTA,2009,7,1,0,19.1,,,,,,,,982.9,,1.8,,2,0,0,0,0,0,0,,,,
BASSTA,2009,7,1,1,18.9,,,,,,,,982.9,,1,,2,0,0,0,0,0,0,,,,
BASSTA,2009,7,1,2,18.6,,,,,,,,982.6,,0.8,,3,0,0,0,0,0,0,,,,
BASSTA,2009,7,1,3,18,,,,,,,,982.4,,0.5,,3,0,0,0,0,0,0,,,,
BASSTA,2009,7,1,4,18.1,,,,,,,,982.6,,0.6,,30,0,0,0,0,0,0,,,,
BASSTA,2009,7,1,5,19.1,,,,,,,,982.9,,0.6,,130,0,0,0,0,0,0,,,,
BASSTA,2009,7,1,6,20.4,,,,,,,,983,,0.4,,272,0,0,0,0,0,0,,,,
BASSTA,2009,7,1,7,21.9,,,,,,,,983.1,,0.4,,423,1762.6,69.8,0,0,0,0,,,,
BASSTA,2009,7,1,8,23.7,,,,,,,,983.1,,0.7,,562,1297.4,92.7,0,0,0,0,,,,
BASSTA,2009,7,1,9,25.2,,,,,,,,982.8,,0.9,,688,1107.9,113.5,0,0,0,0,,,,
BASSTA,2009,7,1,10,26.4,,,,,,,,982.6,,0.7,,791,1000.9,130.5,0,0,0,0,,,,
BASSTA,2009,7,1,11,27.4,,,,,,,,982.4,,1.5,,716,695.5,176.2,0,0,0,0,,,,
BASSTA,2009,7,1,12,27.7,,,,,,,,981.9,,1.3,,833,777.1,165.3,0,0,0,0,,,,
BASSTA,2009,7,1,13,28.6,,,,,,,,981.3,,1.6,,851,730.4,191.1,0,0,0,0,,,,
BASSTA,2009,7,1,14,29.5,,,,,,,,981.1,,2.4,,812,645.8,226.9,0,0,0,0,,,,
BASSTA,2009,7,1,15,28.7,,,,,,,,981.2,,3.2,,630,327.4,346.3,0,0,0,0,,,,
BASSTA,2009,7,1,16,28,,,,,,,,980.9,,2.5,,348,35.3,320.2,0,0,0,0,,,,
BASSTA,2009,7,1,17,27.5,,,,,,,,980.9,,1.7,,244,13,235.2,0,0,0,0,,,,
BASSTA,2009,7,1,18,26.2,,,,,,,,981.2,,1.8,,36,0.3,35.8,0,0,0,0,,,,
BASSTA,2009,7,1,19,24.9,,,,,,,,981.4,,0.9,,18,0.2,17.9,0,0,0,0,,,,
BASSTA,2009,7,1,20,23.4,,,,,,,,981.7,,0.9,,0,0,0,0,0,0,0,,,,
BASSTA,2009,7,1,21,22.6,,,,,,,,981.7,,1.3,,0,0,0,0,0,0,0,,,,
BASSTA,2009,7,1,22,21.4,,,,,,,,982.1,,1.2,,0,0,0,0,0,0,0,,,,
BASSTA,2009,7,1,23,20,,,,,,,,982.1,,0.6,,1,0,0,0,0,0,0,,,,
BASSTA,2009,7,2,0,18.9,,,,,,,,981.7,,0.9,,1,0,0,0,0,0,0,,,,
BASSTA,2009,7,2,1,18.5,,,,,,,,981.5,,0.9,,1,0,0,0,0,0,0,,,,
BASSTA,2009,7,2,2,18.2,,,,,,,,981.2,,0.7,,1,0,0,0,0,0,0,,,,
BASSTA,2009,7,2,3,17.9,,,,,,,,981.1,,1.2,,2,0,0,0,0,0,0,,,,
BASSTA,2009,7,2,4,18.1,,,,,,,,981.1,,1.3,,31,0,0,0,0,0,0,,,,
BASSTA,2009,7,2,5,18.8,,,,,,,,981.1,,2,,130,0,0,0,0,0,0,,,,
BASSTA,2009,7,2,6,20,,,,,,,,981.2,,1.2,,275,0,0,0,0,0,0,,,,
BASSTA,2009,7,2,7,22.2,,,,,,,,981.1,,1,,429,1800.1,70.8,0,0,0,0,,,,
BASSTA,2009,7,2,8,24.6,,,,,,,,980.9,,1.4,,568,1316,93.7,0,0,0,0,,,,
BASSTA,2009,7,2,9,26.2,,,,,,,,980.7,,1.6,,688,1110.5,113.5,0,0,0,0,,,,
BASSTA,2009,7,2,10,27.8,,,,,,,,980.3,,1.7,,784,993.6,129.4,0,0,0,0,,,,
BASSTA,2009,7,2,11,28.7,,,,,,,,979.8,,2,,847,912.3,139.8,0,0,0,0,,,,
BASSTA,2009,7,2,12,29.8,,,,,,,,979,,1.2,,920,894.9,151.8,0,0,0,0,,,,
BASSTA,2009,7,2,13,29.7,,,,,,,,978.6,,3.1,,827,683.2,210.2,0,0,0,0,,,,
BASSTA,2009,7,2,14,29.8,,,,,,,,978.2,,2.3,,744,500.2,291.1,0,0,0,0,,,,
BASSTA,2009,7,2,15,29.4,,,,,,,,977.7,,1.1,,603,277.7,362.5,0,0,0,0,,,,
BASSTA,2009,7,2,16,29,,,,,,,,977.6,,2.3,,435,104.1,353.1,0,0,0,0,,,,
BASSTA,2009,7,2,17,27,,,,,,,,977.7,,3.7,,375,107,302.8,0,0,0,0,,,,
BASSTA,2009,7,2,18,25.8,,,,,,,,977.6,,2.1,,152,5.5,149.1,0,0,0,0,,,,
BASSTA,2009,7,2,19,24.2,,,,,,,,978,,2.4,,24,0.3,23.9,0,0,0,0,,,,
BASSTA,2009,7,2,20,22.5,,,,,,,,978.5,,1.6,,1,0,1,0,0,0,0,,,,
BASSTA,2009,7,2,21,21.3,,,,,,,,978.7,,3.4,,2,0.1,2,0,0,0,0,,,,
BASSTA,2009,7,2,22,20.5,,,,,,,,978.4,,2.5,,1,0,0,0,0,0,0,,,,
BASSTA,2009,7,2,23,20.3,,,,,,,,977.9,,2,,2,0,0,0,0,0,0,,,,
BASSTA,2009,7,3,0,19.5,,,,,,,,977.8,,1.1,,2,0,0,0,0,0,0,,,,
BASSTA,2009,7,3,1,18.9,,,,,,,,977.7,,1.8,,2,0,0,0,0,0,0,,,,
BASSTA,2009,7,3,2,18.7,,,,,,,,977.8,,2.1,,4,0,0,0,0,0,0,,,,
BASSTA,2009,7,3,3,18.5,,,,,,,,978.3,,1.8,,3,0,0,0,0,0,0,,,,
BASSTA,2009,7,3,4,18.7,,,,,,,,978.3,,1.7,,19,0,0,0,0,0,0,,,,
BASSTA,2009,7,3,5,19.5,,,,,,,,978.5,,1.5,,126,0,0,0,0,0,0,,,,
BASSTA,2009,7,3,6,21.6,,,,,,,,978.7,,0.9,,261,0,0,0,0,0,0,,,,
BASSTA,2009,7,3,7,23,,,,,,,,978.8,,1.6,,346,1462.6,57.1,0,0,0,0,,,,
BASSTA,2009,7,3,8,24.3,,,,,,,,978.9,,3.6,,511,1188.5,84.3,0,0,0,0,,,,
BASSTA,2009,7,3,9,23.9,,,,,,,,978.9,,3,,321,175.7,230.3,0,0,0,0,,,,
BASSTA,2009,7,3,10,25.6,,,,,,,,978.6,,4.5,,578,612.1,175.4,0,0,0,0,,,,
BASSTA,2009,7,3,11,25.8,,,,,,,,978.4,,4.6,,807,870.7,132.9,0,0,0,0,,,,
BASSTA,2009,7,3,12,26.6,,,,,,,,977.8,,3.5,,796,705.7,190.7,0,0,0,0,,,,
BASSTA,2009,7,3,13,27.5,,,,,,,,977.3,,4,,764,549.3,268.4,0,0,0,0,,,,
BASSTA,2009,7,3,14,28.3,,,,,,,,977.1,,5,,780,578.9,256.1,0,0,0,0,,,,
BASSTA,2009,7,3,15,26.8,,,,,,,,977.1,,4.3,,569,220.9,377.7,0,0,0,0,,,,
BASSTA,2009,7,3,16,23.3,,,,,,,,977.7,,2.2,,231,6,226.3,0,0,0,0,,,,
BASSTA,2009,7,3,17,22.8,,,,,,,,977.9,,2.3,,168,4.2,165.1,0,0,0,0,,,,
BASSTA,2009,7,3,18,22.4,,,,,,,,978.1,,1,,49,0.6,48.7,0,0,0,0,,,,
BASSTA,2009,7,3,19,21.2,,,,,,,,978,,2.3,,15,0.1,15,0,0,0,0,,,,
BASSTA,2009,7,3,20,20.2,,,,,,,,978.1,,0.7,,2,0,2,0,0,0,0,,,,
BASSTA,2009,7,3,21,20.4,,,,,,,,978.3,,1.5,,2,0.1,2,0,0,0,0,,,,
BASSTA,2009,7,3,22,20.1,,,,,,,,978.1,,1.3,,3,0,0,0,0,0,0,,,,
BASSTA,2009,7,3,23,19.8,,,,,,,,977.9,,1.5,,2,0,0,0,0,0,0,,,,
BASSTA,2009,7,4,0,19.3,,,,,,,,977.8,,1.4,,3,0,0,0,0,0,0,,,,
BASSTA,2009,7,4,1,18.6,,,,,,,,977.5,,1.7,,2,0,0,0,0,0,0,,,,
BASSTA,2009,7,4,2,18.2,,,,,,,,977.3,,1.4,,2,0,0,0,0,0,0,,,,
BASSTA,2009,7,4,3,17.7,,,,,,,,977.4,,1.3,,3,0,0,0,0,0,0,,,,
BASSTA,2009,7,4,4,17.6,,,,,,,,977.5,,1.5,,31,0,0,0,0,0,0,,,,
BASSTA,2009,7,4,5,18.1,,,,,,,,977.4,,1.6,,138,0,0,0,0,0,0,,,,
BASSTA,2009,7,4,6,19,,,,,,,,977.3,,1.1,,319,0,0,0,0,0,0,,,,
BASSTA,2009,7,4,7,20.5,,,,,,,,977.3,,1,,446,1900.2,73.6,0,0,0,0,,,,
BASSTA,2009,7,4,8,22.7,,,,,,,,977.1,,0.8,,585,1366.1,96.5,0,0,0,0,,,,
BASSTA,2009,7,4,9,24.4,,,,,,,,976.8,,0.6,,617,1000.9,101.8,0,0,0,0,,,,
BASSTA,2009,7,4,10,26.5,,,,,,,,976.4,,0.8,,804,1022.5,132.7,0,0,0,0,,,,
BASSTA,2009,7,4,11,27.2,,,,,,,,976,,1.2,,868,937.3,143.2,0,0,0,0,,,,
BASSTA,2009,7,4,12,27.6,,,,,,,,975.4,,1.6,,655,392.7,318.5,0,0,0,0,,,,
BASSTA,2009,7,4,13,28.4,,,,,,,,974.9,,2.5,,803,635.1,230.4,0,0,0,0,,,,
BASSTA,2009,7,4,14,27.1,,,,,,,,974.8,,3.4,,655,322.7,363.1,0,0,0,0,,,,
BASSTA,2009,7,4,15,25.9,,,,,,,,975,,3.2,,475,101.1,387.5,0,0,0,0,,,,
BASSTA,2009,7,4,16,24.3,,,,,,,,975.4,,3.4,,197,4.3,193.6,0,0,0,0,,,,
BASSTA,2009,7,4,17,24.1,,,,,,,,975.4,,2.3,,168,4.2,165.1,0,0,0,0,,,,
BASSTA,2009,7,4,18,22.9,,,,,,,,975.3,,1.6,,79,1.5,78.2,0,0,0,0,,,,
BASSTA,2009,7,4,19,21.4,,,,,,,,975.5,,2.3,,19,0.2,18.9,0,0,0,0,,,,
BASSTA,2009,7,4,20,20.4,,,,,,,,976.1,,2.7,,1,0,1,0,0,0,0,,,,
BASSTA,2009,7,4,21,19.6,,,,,,,,976.3,,2.6,,2,0.1,2,0,0,0,0,,,,
BASSTA,2009,7,4,22,18.7,,,,,,,,976.2,,1.1,,2,0,0,0,0,0,0,,,,
BASSTA,2009,7,4,23,18.2,,,,,,,,976.1,,1.2,,2,0,0,0,0,0,0,,,,
BASSTA,2009,7,5,0,18.1,,,,,,,,975.9,,1.8,,1,0,0,0,0,0,0,,,,
BASSTA,2009,7,5,1,18.1,,,,,,,,975.6,,1.5,,3,0,0,0,0,0,0,,,,
BASSTA,2009,7,5,2,17.8,,,,,,,,975.3,,1.9,,2,0,0,0,0,0,0,,,,
BASSTA,2009,7,5,3,17.7,,,,,,,,975.1,,2.4,,3,0,0,0,0,0,0,,,,
BASSTA,2009,7,5,4,17.7,,,,,,,,975.2,,1.8,,14,0,0,0,0,0,0,,,,
BASSTA,2009,7,5,5,18.6,,,,,,,,975.2,,1.3,,102,0,0,0,0,0,0,,,,
BASSTA,2009,7,5,6,19.4,,,,,,,,975.3,,0.9,,159,0,0,0,0,0,0,,,,
BASSTA,2009,7,5,7,20.2,,,,,,,,975.4,,0.8,,282,1211.4,46.5,0,0,0,0,,,,
BASSTA,2009,7,5,8,21.7,,,,,,,,975.3,,0.5,,436,1022.5,71.9,0,0,0,0,,,,
BASSTA,2009,7,5,9,23.9,,,,,,,,975,,0.9,,700,1138.6,115.5,0,0,0,0,,,,
BASSTA,2009,7,5,10,25.4,,,,,,,,974.6,,0.7,,747,951.8,123.3,0,0,0,0,,,,
BASSTA,2009,7,5,11,27.1,,,,,,,,974.1,,1.5,,867,937.6,143.1,0,0,0,0,,,,
BASSTA,2009,7,5,12,27.6,,,,,,,,973.4,,2.6,,803,724,183.4,0,0,0,0,,,,
BASSTA,2009,7,5,13,28.5,,,,,,,,972.9,,2.5,,759,541.1,271.6,0,0,0,0,,,,
BASSTA,2009,7,5,14,27.7,,,,,,,,972.8,,2.4,,479,85.9,401.4,0,0,0,0,,,,
BASSTA,2009,7,5,15,26.4,,,,,,,,972.8,,2.7,,244,5.4,239.3,0,0,0,0,,,,
BASSTA,2009,7,5,16,26,,,,,,,,972.7,,1.5,,188,3.9,184.9,0,0,0,0,,,,
BASSTA,2009,7,5,17,24.4,,,,,,,,972.6,,2.6,,70,0.7,69.5,0,0,0,0,,,,
BASSTA,2009,7,5,18,18.9,,,,,,,,974.2,,4.6,,7,0,7,0,0,0,0,,,,
BASSTA,2009,7,5,19,18.7,,,,,,,,974.3,,2.5,,5,0,5,0,0,0,0,,,,
BASSTA,2009,7,5,20,18.6,,,,,,,,974.3,,3.9,,2,0,2,0,0,0,0,,,,
BASSTA,2009,7,5,21,18.5,,,,,,,,974.9,,2.5,,1,0,1,0,0,0,0,,,,
BASSTA,2009,7,5,22,18.3,,,,,,,,974.8,,2.6,,2,0,0,0,0,0,0,,,,
BASSTA,2009,7,5,23,18.2,,,,,,,,975.1,,2.8,,3,0,0,0,0,0,0,,,,
BASSTA,2009,7,6,0,18.1,,,,,,,,974.7,,1.9,,1,0,0,0,0,0,0,,,,
BASSTA,2009,7,6,1,18.1,,,,,,,,974.5,,1.6,,3,0,0,0,0,0,0,,,,
BASSTA,2009,7,6,2,18.1,,,,,,,,974.4,,1.2,,2,0,0,0,0,0,0,,,,
BASSTA,2009,7,6,3,18.2,,,,,,,,974.4,,1.5,,3,0,0,0,0,0,0,,,,
BASSTA,2009,7,6,4,18.4,,,,,,,,974.5,,0.5,,13,0,0,0,0,0,0,,,,
BASSTA,2009,7,6,5,18.6,,,,,,,,974.5,,1.2,,75,0,0,0,0,0,0,,,,
BASSTA,2009,7,6,6,19.7,,,,,,,,975,,1.1,,270,0,0,0,0,0,0,,,,
BASSTA,2009,7,6,7,20.5,,,,,,,,975.3,,2.4,,413,1789.5,68.1,0,0,0,0,,,,
BASSTA,2009,7,6,8,21,,,,,,,,975.3,,3,,369,869.5,60.8,0,0,0,0,,,,
BASSTA,2009,7,6,9,23.1,,,,,,,,975.2,,3.6,,678,1105.9,111.9,0,0,0,0,,,,
BASSTA,2009,7,6,10,23.8,,,,,,,,975.1,,4.3,,699,892.4,115.3,0,0,0,0,,,,
BASSTA,2009,7,6,11,24.4,,,,,,,,974.8,,4.1,,738,756.8,154.5,0,0,0,0,,,,
BASSTA,2009,7,6,12,24.6,,,,,,,,974.3,,4.4,,786,689.6,196.4,0,0,0,0,,,,
BASSTA,2009,7,6,13,25.4,,,,,,,,974,,3.7,,764,553.5,265.9,0,0,0,0,,,,
BASSTA,2009,7,6,14,25.9,,,,,,,,973.6,,3.6,,690,391.9,336.1,0,0,0,0,,,,
BASSTA,2009,7,6,15,25.6,,,,,,,,973.2,,4.8,,529,164.2,387.1,0,0,0,0,,,,
BASSTA,2009,7,6,16,25.3,,,,,,,,972.9,,3.3,,429,98.7,351.5,0,0,0,0,,,,
BASSTA,2009,7,6,17,24.4,,,,,,,,972.8,,3.4,,234,10.9,226.7,0,0,0,0,,,,
BASSTA,2009,7,6,18,24,,,,,,,,973,,4.1,,158,6.1,154.7,0,0,0,0,,,,
BASSTA,2009,7,6,19,21.4,,,,,,,,973.6,,4.9,,26,0.3,25.9,0,0,0,0,,,,
BASSTA,2009,7,6,20,19.2,,,,,,,,974.1,,1.7,,1,0,1,0,0,0,0,,,,
BASSTA,2009,7,6,21,18.5,,,,,,,,974.6,,1.1,,2,0.1,2,0,0,0,0,,,,
BASSTA,2009,7,6,22,17.8,,,,,,,,974.8,,1.2,,2,0,0,0,0,0,0,,,,
BASSTA,2009,7,6,23,17.3,,,,,,,,974.8,,1.8,,2,0,0,0,0,0,0,,,,
BASSTA,2009,7,7,0,17.2,,,,,,,,974.5,,2.8,,3,0,0,0,0,0,0,,,,
BASSTA,2009,7,7,1,17.7,,,,,,,,974.1,,0.9,,3,0,0,0,0,0,0,,,,
BASSTA,2009,7,7,2,17.4,,,,,,,,973.9,,1,,3,0,0,0,0,0,0,,,,
BASSTA,2009,7,7,3,17.6,,,,,,,,974.1,,0.9,,2,0,0,0,0,0,0,,,,
BASSTA,2009,7,7,4,17.5,,,,,,,,974.5,,3,,6,0,0,0,0,0,0,,,,
BASSTA,2009,7,7,5,15.8,,,,,,,,974.8,,3.1,,24,0,0,0,0,0,0,,,,
BASSTA,2009,7,7,6,16.1,,,,,,,,974.9,,2.4,,57,0,0,0,0,0,0,,,,
BASSTA,2009,7,7,7,16.8,,,,,,,,975,,2.2,,118,170.8,85.4,0,0,0,0,,,,
BASSTA,2009,7,7,8,17.6,,,,,,,,975.2,,1.8,,207,136.4,158.9,0,0,0,0,,,,
BASSTA,2009,7,7,9,18.4,,,,,,,,975.2,,2.9,,330,206.5,224.6,0,0,0,0,,,,
BASSTA,2009,7,7,10,18.9,,,,,,,,974.9,,2.5,,363,107.3,293,0,0,0,0,,,,
BASSTA,2009,7,7,11,19.2,,,,,,,,974.6,,3.4,,303,19.7,287.8,0,0,0,0,,,,
BASSTA,2009,7,7,12,19.8,,,,,,,,974.1,,2.9,,502,137.6,384.5,0,0,0,0,,,,
BASSTA,2009,7,7,13,20.6,,,,,,,,973.3,,3.4,,541,152.3,404,0,0,0,0,,,,
BASSTA,2009,7,7,14,20.5,,,,,,,,973.2,,5.3,,354,19.4,336.5,0,0,0,0,,,,
BASSTA,2009,7,7,15,17.3,,,,,,,,974.2,,6.7,,187,3.2,184.2,0,0,0,0,,,,
BASSTA,2009,7,7,16,16.7,,,,,,,,974.1,,3.6,,390,63.1,340.5,0,0,0,0,,,,
BASSTA,2009,7,7,17,17.8,,,,,,,,974.1,,2,,339,67.8,293.4,0,0,0,0,,,,
BASSTA,2009,7,7,18,17.4,,,,,,,,974.1,,2.4,,102,2.5,100.7,0,0,0,0,,,,
BASSTA,2009,7,7,19,16.9,,,,,,,,974.9,,2.3,,12,0.1,12,0,0,0,0,,,,
BASSTA,2009,7,7,20,15.8,,,,,,,,975.3,,2,,1,0,1,0,0,0,0,,,,
BASSTA,2009,7,7,21,14.8,,,,,,,,975.5,,2.2,,2,0.1,2,0,0,0,0,,,,
BASSTA,2009,7,7,22,14.8,,,,,,,,975.8,,2.2,,1,0,0,0,0,0,0,,,,
BASSTA,2009,7,7,23,14.1,,,,,,,,975.9,,1.6,,2,0,0,0,0,0,0,,,,
BASSTA,2009,7,8,0,13.6,,,,,,,,975.7,,1.5,,1,0,0,0,0,0,0,,,,
BASSTA,2009,7,8,1,13.8,,,,,,,,975.9,,1.1,,2,0,0,0,0,0,0,,,,
BASSTA,2009,7,8,2,13.4,,,,,,,,976.1,,1.2,,2,0,0,0,0,0,0,,,,
BASSTA,2009,7,8,3,14,,,,,,,,976.2,,2,,2,0,0,0,0,0,0,,,,
BASSTA,2009,7,8,4,14.8,,,,,,,,976.3,,3,,16,0,0,0,0,0,0,,,,
BASSTA,2009,7,8,5,15,,,,,,,,976.9,,3.9,,55,0,0,0,0,0,0,,,,
BASSTA,2009,7,8,6,15.2,,,,,,,,977.3,,3.7,,99,0,0,0,0,0,0,,,,
BASSTA,2009,7,8,7,15.6,,,,,,,,977.7,,3.7,,153,475.4,63.1,0,0,0,0,,,,
BASSTA,2009,7,8,8,16.8,,,,,,,,977.8,,4.9,,327,711.3,77.2,0,0,0,0,,,,
BASSTA,2009,7,8,9,17.4,,,,,,,,978,,4.8,,247,56.3,218.3,0,0,0,0,,,,
BASSTA,2009,7,8,10,18.1,,,,,,,,978,,3.8,,296,40.7,269.5,0,0,0,0,,,,
BASSTA,2009,7,8,11,18.7,,,,,,,,977.9,,4.5,,365,50.6,326.1,0,0,0,0,,,,
BASSTA,2009,7,8,12,19.1,,,,,,,,977.8,,5.2,,326,17,311.5,0,0,0,0,,,,
BASSTA,2009,7,8,13,19,,,,,,,,978,,5.9,,507,114.7,403.9,0,0,0,0,,,,
BASSTA,2009,7,8,14,19.1,,,,,,,,978.1,,5.5,,514,120,405.8,0,0,0,0,,,,
BASSTA,2009,7,8,15,18,,,,,,,,978.2,,4.4,,206,3.9,202.6,0,0,0,0,,,,
BASSTA,2009,7,8,16,18.5,,,,,,,,978.5,,4.6,,267,9.9,259.2,0,0,0,0,,,,
BASSTA,2009,7,8,17,17.9,,,,,,,,978.8,,2.4,,124,2.3,122.4,0,0,0,0,,,,
BASSTA,2009,7,8,18,17.9,,,,,,,,978.9,,2.2,,54,0.7,53.6,0,0,0,0,,,,
BASSTA,2009,7,8,19,15.9,,,,,,,,979.7,,4.2,,3,0,3,0,0,0,0,,,,
BASSTA,2009,7,8,20,15.5,,,,,,,,980.3,,2.2,,2,0,2,0,0,0,0,,,,
BASSTA,2009,7,8,21,15.1,,,,,,,,980.8,,3.4,,3,0.2,3,0,0,0,0,,,,
BASSTA,2009,7,8,22,14,,,,,,,,981,,4.2,,2,0,0,0,0,0,0,,,,
BASSTA,2009,7,8,23,13.8,,,,,,,,980.4,,3,,2,0,0,0,0,0,0,,,,
BASSTA,2009,7,9,0,13.8,,,,,,,,980.1,,3.7,,2,0,0,0,0,0,0,,,,
BASSTA,2009,7,9,1,13.5,,,,,,,,980,,3.7,,3,0,0,0,0,0,0,,,,
BASSTA,2009,7,9,2,13.6,,,,,,,,979.8,,1,,3,0,0,0,0,0,0,,,,
BASSTA,2009,7,9,3,13.6,,,,,,,,979.9,,1.5,,2,0,0,0,0,0,0,,,,
BASSTA,2009,7,9,4,13.7,,,,,,,,979.9,,2,,6,0,0,0,0,0,0,,,,
BASSTA,2009,7,9,5,13.9,,,,,,,,980.1,,1.4,,27,0,0,0,0,0,0,,,,
BASSTA,2009,7,9,6,14.8,,,,,,,,980.2,,1.3,,175,0,0,0,0,0,0,,,,
BASSTA,2009,7,9,7,16.8,,,,,,,,980.3,,1.4,,460,2050.7,75.9,0,0,0,0,,,,
BASSTA,2009,7,9,8,18,,,,,,,,980.4,,2.3,,346,808.8,63.4,0,0,0,0,,,,
BASSTA,2009,7,9,9,19,,,,,,,,980.3,,4.9,,659,1084.6,108.7,0,0,0,0,,,,
BASSTA,2009,7,9,10,19.2,,,,,,,,980,,5.2,,664,849.7,111.8,0,0,0,0,,,,
BASSTA,2009,7,9,11,19.2,,,,,,,,979.9,,5.1,,589,398.1,283.5,0,0,0,0,,,,
BASSTA,2009,7,9,12,18.8,,,,,,,,979.8,,4.5,,350,24.5,329.2,0,0,0,0,,,,
BASSTA,2009,7,9,13,19.1,,,,,,,,979.6,,2.4,,353,19.7,335.4,0,0,0,0,,,,
BASSTA,2009,7,9,14,19.7,,,,,,,,979.1,,1.9,,416,44.1,376.3,0,0,0,0,,,,
BASSTA,2009,7,9,15,17.5,,,,,,,,979.4,,3.6,,129,1.5,127.7,0,0,0,0,,,,
BASSTA,2009,7,9,16,16.7,,,,,,,,979.5,,2.9,,90,0.9,89.3,0,0,0,0,,,,
BASSTA,2009,7,9,17,17.2,,,,,,,,979.3,,2.5,,99,1.5,98,0,0,0,0,,,,
BASSTA,2009,7,9,18,16.7,,,,,,,,979.4,,2.9,,43,0.4,42.8,0,0,0,0,,,,
BASSTA,2009,7,9,19,15.1,,,,,,,,979.9,,3.1,,6,0,6,0,0,0,0,,,,
BASSTA,2009,7,9,20,14.7,,,,,,,,980.3,,3.2,,2,0,2,0,0,0,0,,,,
BASSTA,2009,7,9,21,14.4,,,,,,,,980.4,,3.4,,2,0.1,2,0,0,0,0,,,,
BASSTA,2009,7,9,22,14.4,,,,,,,,980.7,,3.1,,2,0,0,0,0,0,0,,,,
BASSTA,2009,7,9,23,14.2,,,,,,,,980.7,,3.2,,2,0,0,0,0,0,0,,,,
BASSTA,2009,7,10,0,13.5,,,,,,,,980.5,,2.7,,2,0,0,0,0,0,0,,,,
BASSTA,2009,7,10,1,12.6,,,,,,,,980.4,,3.1,,2,0,0,0,0,0,0,,,,
BASSTA,2009,7,10,2,12.7,,,,,,,,980.4,,2.6,,2,0,0,0,0,0,0,,,,
BASSTA,2009,7,10,3,12.7,,,,,,,,980.3,,1.7,,2,0,0,0,0,0,0,,,,
BASSTA,2009,7,10,4,12.8,,,,,,,,980.4,,1.3,,12,0,0,0,0,0,0,,,,
BASSTA,2009,7,10,5,13.4,,,,,,,,980.5,,1.9,,63,0,0,0,0,0,0,,,,
BASSTA,2009,7,10,6,14.1,,,,,,,,980.7,,1.3,,115,0,0,0,0,0,0,,,,
BASSTA,2009,7,10,7,15.6,,,,,,,,980.8,,1.2,,238,1072.1,39.3,0,0,0,0,,,,
BASSTA,2009,7,10,8,16.8,,,,,,,,981,,2.2,,352,838.9,60.4,0,0,0,0,,,,
BASSTA,2009,7,10,9,17.7,,,,,,,,981,,4.5,,438,587.2,141.1,0,0,0,0,,,,
BASSTA,2009,7,10,10,19.1,,,,,,,,980.8,,4.3,,615,741.8,134,0,0,0,0,,,,
BASSTA,2009,7,10,11,19.3,,,,,,,,980.6,,4.9,,531,272.8,322,0,0,0,0,,,,
BASSTA,2009,7,10,12,20.3,,,,,,,,980.2,,4.2,,654,400.4,313.4,0,0,0,0,,,,
BASSTA,2009,7,10,13,19.1,,,,,,,,980.3,,5.7,,350,18.9,333,0,0,0,0,,,,
BASSTA,2009,7,10,14,19.4,,,,,,,,980.5,,5.2,,474,83.4,399,0,0,0,0,,,,
BASSTA,2009,7,10,15,20,,,,,,,,980.3,,3.9,,533,172,384.9,0,0,0,0,,,,
BASSTA,2009,7,10,16,19.9,,,,,,,,980.3,,5,,364,45.6,328.3,0,0,0,0,,,,
BASSTA,2009,7,10,17,19.3,,,,,,,,980.5,,4.2,,264,19.8,250.7,0,0,0,0,,,,
BASSTA,2009,7,10,18,18.7,,,,,,,,980.5,,2.2,,112,3,110.4,0,0,0,0,,,,
BASSTA,2009,7,10,19,18.1,,,,,,,,980.9,,1.8,,19,0.2,18.9,0,0,0,0,,,,
BASSTA,2009,7,10,20,17.4,,,,,,,,981.3,,2.1,,2,0,2,0,0,0,0,,,,
BASSTA,2009,7,10,21,16.7,,,,,,,,981.4,,2.2,,2,0.1,2,0,0,0,0,,,,
BASSTA,2009,7,10,22,16.3,,,,,,,,981.6,,1.6,,2,0,0,0,0,0,0,,,,
BASSTA,2009,7,10,23,15.9,,,,,,,,981.9,,2.2,,2,0,0,0,0,0,0,,,,
BASSTA,2009,7,11,0,14.4,,,,,,,,982,,1.6,,2,0,0,0,0,0,0,,,,
BASSTA,2009,7,11,1,13.8,,,,,,,,981.9,,2.2,,2,0,0,0,0,0,0,,,,
BASSTA,2009,7,11,2,13.8,,,,,,,,981.6,,2.9,,2,0,0,0,0,0,0,,,,
BASSTA,2009,7,11,3,13.5,,,,,,,,981.5,,2,,2,0,0,0,0,0,0,,,,
BASSTA,2009,7,11,4,13.7,,,,,,,,981.7,,0.7,,14,0,0,0,0,0,0,,,,
BASSTA,2009,7,11,5,14.3,,,,,,,,981.8,,0.4,,54,0,0,0,0,0,0,,,,
BASSTA,2009,7,11,6,14.9,,,,,,,,981.8,,0.7,,117,0,0,0,0,0,0,,,,
BASSTA,2009,7,11,7,15.7,,,,,,,,981.9,,0.7,,210,956.2,34.6,0,0,0,0,,,,
BASSTA,2009,7,11,8,16.6,,,,,,,,982.1,,1.9,,306,623.9,90.3,0,0,0,0,,,,
BASSTA,2009,7,11,9,17.3,,,,,,,,982.3,,2.4,,399,442.8,175.9,0,0,0,0,,,,
BASSTA,2009,7,11,10,17.4,,,,,,,,982.4,,3.2,,323,64.6,281.2,0,0,0,0,,,,
BASSTA,2009,7,11,11,17.8,,,,,,,,982.3,,2,,458,149.2,343.9,0,0,0,0,,,,
BASSTA,2009,7,11,12,19.9,,,,,,,,981.8,,1.5,,797,723.8,182.2,0,0,0,0,,,,
BASSTA,2009,7,11,13,19.8,,,,,,,,981.5,,1.3,,532,144.2,402.9,0,0,0,0,,,,
BASSTA,2009,7,11,14,20.6,,,,,,,,981,,0.7,,532,141.7,404.7,0,0,0,0,,,,
BASSTA,2009,7,11,15,21.3,,,,,,,,980.7,,2,,508,140.3,387.3,0,0,0,0,,,,
BASSTA,2009,7,11,16,21.1,,,,,,,,980.2,,1.8,,499,195.7,346,0,0,0,0,,,,
BASSTA,2009,7,11,17,20.9,,,,,,,,980,,1.1,,299,37.4,274,0,0,0,0,,,,
BASSTA,2009,7,11,18,20.2,,,,,,,,980.1,,0.9,,105,2.7,103.6,0,0,0,0,,,,
BASSTA,2009,7,11,19,18.9,,,,,,,,980.1,,1,,12,0.1,12,0,0,0,0,,,,
BASSTA,2009,7,11,20,17.6,,,,,,,,980.3,,2,,1,0,1,0,0,0,0,,,,
BASSTA,2009,7,11,21,16,,,,,,,,980.1,,1.2,,1,0,1,0,0,0,0,,,,
BASSTA,2009,7,11,22,15.4,,,,,,,,979.9,,1.9,,1,0,0,0,0,0,0,,,,
BASSTA,2009,7,11,23,14.8,,,,,,,,979.7,,2.6,,2,0,0,0,0,0,0,,,,
BASSTA,2009,7,12,0,14.2,,,,,,,,979.4,,2.9,,2,0,0,0,0,0,0,,,,
BASSTA,2009,7,12,1,13.7,,,,,,,,978.7,,3,,2,0,0,0,0,0,0,,,,
BASSTA,2009,7,12,2,13.3,,,,,,,,978.3,,3.2,,2,0,0,0,0,0,0,,,,
BASSTA,2009,7,12,3,13.3,,,,,,,,978.4,,2.7,,3,0,0,0,0,0,0,,,,
BASSTA,2009,7,12,4,13.4,,,,,,,,978.3,,2.8,,9,0,0,0,0,0,0,,,,
BASSTA,2009,7,12,5,13.8,,,,,,,,978.4,,2.8,,48,0,0,0,0,0,0,,,,
BASSTA,2009,7,12,6,14.1,,,,,,,,978.7,,2,,64,0,0,0,0,0,0,,,,
BASSTA,2009,7,12,7,15.2,,,,,,,,978.6,,2.2,,172,742,37.5,0,0,0,0,,,,
BASSTA,2009,7,12,8,16.2,,,,,,,,978.1,,2.8,,234,253.9,146.7,0,0,0,0,,,,
BASSTA,2009,7,12,9,17.5,,,,,,,,977.7,,3.2,,250,63.6,218,0,0,0,0,,,,
BASSTA,2009,7,12,10,19,,,,,,,,977.3,,2.9,,395,163.9,289.3,0,0,0,0,,,,
BASSTA,2009,7,12,11,20.8,,,,,,,,977,,2.7,,499,215.9,334.2,0,0,0,0,,,,
BASSTA,2009,7,12,12,22.2,,,,,,,,976.7,,3,,535,186.1,377.1,0,0,0,0,,,,
BASSTA,2009,7,12,13,23.3,,,,,,,,976.6,,1.8,,455,70.8,391.7,0,0,0,0,,,,
BASSTA,2009,7,12,14,24.1,,,,,,,,976.5,,1.7,,387,31.1,359,0,0,0,0,,,,
BASSTA,2009,7,12,15,24.1,,,,,,,,976.5,,1.1,,203,3.8,199.7,0,0,0,0,,,,
BASSTA,2009,7,12,16,22.8,,,,,,,,976.7,,2.6,,89,0.9,88.3,0,0,0,0,,,,
BASSTA,2009,7,12,17,21.8,,,,,,,,976.9,,1.7,,49,0.4,48.8,0,0,0,0,,,,
BASSTA,2009,7,12,18,20.9,,,,,,,,977.5,,2.5,,22,0.1,21.9,0,0,0,0,,,,
BASSTA,2009,7,12,19,19.7,,,,,,,,977.9,,3.1,,4,0,4,0,0,0,0,,,,
BASSTA,2009,7,12,20,18.8,,,,,,,,978.1,,1.6,,1,0,1,0,0,0,0,,,,
BASSTA,2009,7,12,21,18.5,,,,,,,,977.9,,2.3,,1,0,1,0,0,0,0,,,,
BASSTA,2009,7,12,22,18.4,,,,,,,,977.7,,2.6,,1,0,0,0,0,0,0,,,,
BASSTA,2009,7,12,23,18.5,,,,,,,,977.8,,1.8,,2,0,0,0,0,0,0,,,,
BASSTA,2009,7,13,0,18.2,,,,,,,,978,,1.5,,2,0,0,0,0,0,0,,,,
BASSTA,2009,7,13,1,18.2,,,,,,,,977.8,,1.3,,2,0,0,0,0,0,0,,,,
BASSTA,2009,7,13,2,18.3,,,,,,,,977.9,,1.6,,2,0,0,0,0,0,0,,,,
BASSTA,2009,7,13,3,18.2,,,,,,,,978,,1.6,,3,0,0,0,0,0,0,,,,
BASSTA,2009,7,13,4,18,,,,,,,,978,,1.9,,15,0,0,0,0,0,0,,,,
BASSTA,2009,7,13,5,18.4,,,,,,,,978,,2.1,,98,0,0,0,0,0,0,,,,
BASSTA,2009,7,13,6,19.4,,,,,,,,978.4,,1.6,,241,0,0,0,0,0,0,,,,
BASSTA,2009,7,13,7,21.2,,,,,,,,978.3,,1.5,,357,1663.4,58.9,0,0,0,0,,,,
BASSTA,2009,7,13,8,22.2,,,,,,,,978.1,,1.1,,277,477.9,113.6,0,0,0,0,,,,
BASSTA,2009,7,13,9,22.5,,,,,,,,978.1,,1.7,,208,25.9,195,0,0,0,0,,,,
BASSTA,2009,7,13,10,23.2,,,,,,,,977.7,,1.7,,341,85.5,285.9,0,0,0,0,,,,
BASSTA,2009,7,13,11,25,,,,,,,,977.2,,1.9,,647,553.5,225.2,0,0,0,0,,,,
BASSTA,2009,7,13,12,25.9,,,,,,,,976.6,,1.6,,562,229.4,367.7,0,0,0,0,,,,
BASSTA,2009,7,13,13,26.5,,,,,,,,976.1,,2.1,,370,25.5,347.2,0,0,0,0,,,,
BASSTA,2009,7,13,14,27,,,,,,,,975.5,,2.5,,399,36.5,366.2,0,0,0,0,,,,
BASSTA,2009,7,13,15,27.3,,,,,,,,974.8,,2.4,,387,39.1,353.5,0,0,0,0,,,,
BASSTA,2009,7,13,16,27.1,,,,,,,,974.6,,2.6,,278,12.2,268.5,0,0,0,0,,,,
BASSTA,2009,7,13,17,26.9,,,,,,,,974.7,,2.1,,266,21,252,0,0,0,0,,,,
BASSTA,2009,7,13,18,25.3,,,,,,,,974.9,,1.5,,46,0.5,45.7,0,0,0,0,,,,
BASSTA,2009,7,13,19,24.2,,,,,,,,975.3,,1.7,,8,0,8,0,0,0,0,,,,
BASSTA,2009,7,13,20,22.9,,,,,,,,975.1,,1.1,,2,0,2,0,0,0,0,,,,
BASSTA,2009,7,13,21,22,,,,,,,,974.8,,0.8,,1,0,0,0,0,0,0,,,,
BASSTA,2009,7,13,22,22.5,,,,,,,,973.9,,1.4,,2,0,0,0,0,0,0,,,,
BASSTA,2009,7,13,23,21.6,,,,,,,,974.1,,1.2,,1,0,0,0,0,0,0,,,,
BASSTA,2009,7,14,0,20.5,,,,,,,,974.8,,1.8,,3,0,0,0,0,0,0,,,,
BASSTA,2009,7,14,1,20.4,,,,,,,,975.4,,0.9,,2,0,0,0,0,0,0,,,,
BASSTA,2009,7,14,2,20.1,,,,,,,,975.5,,1,,3,0,0,0,0,0,0,,,,
BASSTA,2009,7,14,3,20.2,,,,,,,,977.3,,2.5,,2,0,0,0,0,0,0,,,,
BASSTA,2009,7,14,4,20.1,,,,,,,,978.4,,1.5,,3,0,0,0,0,0,0,,,,
BASSTA,2009,7,14,5,20.1,,,,,,,,978.5,,1,,89,0,0,0,0,0,0,,,,
BASSTA,2009,7,14,6,20.8,,,,,,,,978.4,,0.6,,168,0,0,0,0,0,0,,,,
BASSTA,2009,7,14,7,22.2,,,,,,,,978.7,,1,,430,2028.1,71,0,0,0,0,,,,
BASSTA,2009,7,14,8,23.3,,,,,,,,978.4,,1.5,,364,894.3,60.1,0,0,0,0,,,,
BASSTA,2009,7,14,9,24.5,,,,,,,,977.9,,2,,485,781.9,95.1,0,0,0,0,,,,
BASSTA,2009,7,14,10,25.8,,,,,,,,977.7,,1.5,,557,589.4,178.5,0,0,0,0,,,,
BASSTA,2009,7,14,11,27.2,,,,,,,,977.1,,1.3,,768,835.3,132.7,0,0,0,0,,,,
BASSTA,2009,7,14,12,27,,,,,,,,976.7,,1.2,,476,113.2,380.3,0,0,0,0,,,,
BASSTA,2009,7,14,13,27.8,,,,,,,,976.6,,2.3,,593,231.3,386.7,0,0,0,0,,,,
BASSTA,2009,7,14,14,28.5,,,,,,,,976.3,,1.6,,602,241.5,385.7,0,0,0,0,,,,
BASSTA,2009,7,14,15,28,,,,,,,,975.9,,1.5,,352,24.4,331.1,0,0,0,0,,,,
BASSTA,2009,7,14,16,27.2,,,,,,,,976,,1.8,,216,5.2,211.9,0,0,0,0,,,,
BASSTA,2009,7,14,17,26.4,,,,,,,,976,,1.6,,165,4.2,162.2,0,0,0,0,,,,
BASSTA,2009,7,14,18,24.7,,,,,,,,976.2,,3.5,,40,0.4,39.8,0,0,0,0,,,,
BASSTA,2009,7,14,19,22.7,,,,,,,,976.7,,2.7,,4,0,4,0,0,0,0,,,,
BASSTA,2009,7,14,20,21.8,,,,,,,,977.3,,1.7,,1,0,1,0,0,0,0,,,,
BASSTA,2009,7,14,21,21.2,,,,,,,,978.7,,1.7,,1,0,0,0,0,0,0,,,,
BASSTA,2009,7,14,22,20.5,,,,,,,,978.8,,1.5,,1,0,0,0,0,0,0,,,,
BASSTA,2009,7,14,23,19.8,,,,,,,,979.7,,2.4,,2,0,0,0,0,0,0,,,,
BASSTA,2009,7,15,0,18.9,,,,,,,,980.5,,2.4,,3,0,0,0,0,0,0,,,,
BASSTA,2009,7,15,1,18.5,,,,,,,,980.7,,1.4,,2,0,0,0,0,0,0,,,,
BASSTA,2009,7,15,2,18.4,,,,,,,,980.8,,1.9,,3,0,0,0,0,0,0,,,,
BASSTA,2009,7,15,3,18.3,,,,,,,,980.9,,1.5,,2,0,0,0,0,0,0,,,,
BASSTA,2009,7,15,4,18.3,,,,,,,,981.2,,2.9,,3,0,0,0,0,0,0,,,,
BASSTA,2009,7,15,5,18.4,,,,,,,,981.5,,3.7,,5,0,0,0,0,0,0,,,,
BASSTA,2009,7,15,6,18.8,,,,,,,,982,,2.7,,21,0,0,0,0,0,0,,,,
BASSTA,2009,7,15,7,19,,,,,,,,982.4,,2.8,,84,53.5,74.6,0,0,0,0,,,,
BASSTA,2009,7,15,8,19.8,,,,,,,,982.4,,2.6,,241,304.6,138.1,0,0,0,0,,,,
BASSTA,2009,7,15,9,21.3,,,,,,,,982.6,,2.6,,637,1070.8,105.1,0,0,0,0,,,,
BASSTA,2009,7,15,10,22.8,,,,,,,,982.6,,1.5,,693,903.6,114.3,0,0,0,0,,,,
BASSTA,2009,7,15,11,23.9,,,,,,,,982.6,,1.1,,524,268.4,320.3,0,0,0,0,,,,
BASSTA,2009,7,15,12,25,,,,,,,,982.4,,1.5,,718,555.9,248.7,0,0,0,0,,,,
BASSTA,2009,7,15,13,24.8,,,,,,,,982.5,,0.8,,328,14.2,315.4,0,0,0,0,,,,
BASSTA,2009,7,15,14,24.1,,,,,,,,982.6,,2.2,,161,2.2,159,0,0,0,0,,,,
BASSTA,2009,7,15,15,22.4,,,,,,,,983.1,,1.4,,138,1.8,136.5,0,0,0,0,,,,
BASSTA,2009,7,15,16,22.4,,,,,,,,983.1,,2.5,,163,3,160.7,0,0,0,0,,,,
BASSTA,2009,7,15,17,22.8,,,,,,,,983.1,,1.3,,102,1.6,100.9,0,0,0,0,,,,
BASSTA,2009,7,15,18,22.3,,,,,,,,983.3,,1.5,,63,1,62.5,0,0,0,0,,,,
BASSTA,2009,7,15,19,21.6,,,,,,,,983.6,,1.3,,9,0,9,0,0,0,0,,,,
BASSTA,2009,7,15,20,21.1,,,,,,,,984.3,,1.5,,2,0,2,0,0,0,0,,,,
BASSTA,2009,7,15,21,21.1,,,,,,,,984.7,,1.2,,2,0,0,0,0,0,0,,,,
BASSTA,2009,7,15,22,20.7,,,,,,,,985,,1.5,,2,0,0,0,0,0,0,,,,
BASSTA,2009,7,15,23,20.6,,,,,,,,985.2,,1.5,,2,0,0,0,0,0,0,,,,
BASSTA,2009,7,16,0,20.5,,,,,,,,985.2,,1,,2,0,0,0,0,0,0,,,,
BASSTA,2009,7,16,1,20.1,,,,,,,,985.4,,0.8,,2,0,0,0,0,0,0,,,,
BASSTA,2009,7,16,2,19.5,,,,,,,,985.4,,0.7,,2,0,0,0,0,0,0,,,,
BASSTA,2009,7,16,3,19.3,,,,,,,,985.6,,1,,3,0,0,0,0,0,0,,,,
BASSTA,2009,7,16,4,19.5,,,,,,,,985.7,,0.6,,9,0,0,0,0,0,0,,,,
BASSTA,2009,7,16,5,19.4,,,,,,,,985.8,,0.7,,60,0,0,0,0,0,0,,,,
BASSTA,2009,7,16,6,20.1,,,,,,,,985.9,,0.1,,143,0,0,0,0,0,0,,,,
BASSTA,2009,7,16,7,21,,,,,,,,985.9,,0.5,,264,1277.8,43.6,0,0,0,0,,,,
BASSTA,2009,7,16,8,22.4,,,,,,,,985.6,,0.7,,508,1263.7,83.8,0,0,0,0,,,,
BASSTA,2009,7,16,9,24.8,,,,,,,,985.1,,1.8,,680,1147.6,112.2,0,0,0,0,,,,
BASSTA,2009,7,16,10,25.8,,,,,,,,984.6,,1.3,,769,1005.4,126.9,0,0,0,0,,,,
BASSTA,2009,7,16,11,27.1,,,,,,,,984.1,,1.2,,832,917.2,137.3,0,0,0,0,,,,
BASSTA,2009,7,16,12,27.7,,,,,,,,983.4,,0.9,,676,461.9,286.7,0,0,0,0,,,,
BASSTA,2009,7,16,13,28.7,,,,,,,,982.9,,1,,763,570.8,255.5,0,0,0,0,,,,
BASSTA,2009,7,16,14,28.9,,,,,,,,982.5,,1.2,,672,370.3,341.2,0,0,0,0,,,,
BASSTA,2009,7,16,15,29,,,,,,,,981.9,,1.3,,601,288,354.8,0,0,0,0,,,,
BASSTA,2009,7,16,16,28.7,,,,,,,,981.3,,1.5,,428,102.9,348.1,0,0,0,0,,,,
BASSTA,2009,7,16,17,28.2,,,,,,,,980.7,,1.2,,272,24.2,256,0,0,0,0,,,,
BASSTA,2009,7,16,18,27.6,,,,,,,,980.1,,1.2,,122,3.7,120.1,0,0,0,0,,,,
BASSTA,2009,7,16,19,25.8,,,,,,,,979.3,,1.2,,17,0.1,16.9,0,0,0,0,,,,
BASSTA,2009,7,16,20,24.1,,,,,,,,978.6,,1.1,,1,0,1,0,0,0,0,,,,
BASSTA,2009,7,16,21,23,,,,,,,,978.1,,1.3,,1,0,0,0,0,0,0,,,,
BASSTA,2009,7,16,22,22.5,,,,,,,,977.4,,1.4,,1,0,0,0,0,0,0,,,,
BASSTA,2009,7,16,23,21.7,,,,,,,,976.6,,1,,1,0,0,0,0,0,0,,,,
BASSTA,2009,7,17,0,21.2,,,,,,,,976.3,,0.9,,2,0,0,0,0,0,0,,,,
BASSTA,2009,7,17,1,21.3,,,,,,,,976.7,,4,,2,0,0,0,0,0,0,,,,
BASSTA,2009,7,17,2,21.1,,,,,,,,976.7,,4.2,,1,0,0,0,0,0,0,,,,
BASSTA,2009,7,17,3,20.4,,,,,,,,978.6,,2.4,,2,0,0,0,0,0,0,,,,
BASSTA,2009,7,17,4,19.4,,,,,,,,979.1,,1.7,,5,0,0,0,0,0,0,,,,
BASSTA,2009,7,17,5,19.7,,,,,,,,979,,1.2,,42,0,0,0,0,0,0,,,,
BASSTA,2009,7,17,6,19,,,,,,,,979.3,,2.6,,36,0,0,0,0,0,0,,,,
BASSTA,2009,7,17,7,17.9,,,,,,,,978.9,,3.4,,124,329.5,67.9,0,0,0,0,,,,
BASSTA,2009,7,17,8,18.7,,,,,,,,977.9,,3.1,,223,236.4,144.2,0,0,0,0,,,,
BASSTA,2009,7,17,9,19.6,,,,,,,,977.9,,1,,192,18.7,182.8,0,0,0,0,,,,
BASSTA,2009,7,17,10,19.7,,,,,,,,977.7,,2.1,,181,5.5,177.5,0,0,0,0,,,,
BASSTA,2009,7,17,11,19,,,,,,,,977.3,,3.4,,223,6,218.4,0,0,0,0,,,,
BASSTA,2009,7,17,12,18.6,,,,,,,,976.6,,3.7,,99,0.9,98.2,0,0,0,0,,,,
BASSTA,2009,7,17,13,16.6,,,,,,,,976.6,,4.4,,39,0.1,38.9,0,0,0,0,,,,
BASSTA,2009,7,17,14,14.9,,,,,,,,976.5,,3.5,,33,0.1,32.9,0,0,0,0,,,,
BASSTA,2009,7,17,15,14.5,,,,,,,,976.9,,3.3,,30,0.1,29.9,0,0,0,0,,,,
BASSTA,2009,7,17,16,13.7,,,,,,,,976.9,,1.1,,15,0,15,0,0,0,0,,,,
BASSTA,2009,7,17,17,14.3,,,,,,,,976.6,,0.5,,33,0.2,32.9,0,0,0,0,,,,
BASSTA,2009,7,17,18,14.3,,,,,,,,977.3,,1.4,,25,0.2,24.9,0,0,0,0,,,,
BASSTA,2009,7,17,19,14.4,,,,,,,,977.6,,1.1,,6,0,6,0,0,0,0,,,,
BASSTA,2009,7,17,20,14.1,,,,,,,,978,,1.3,,3,0,3,0,0,0,0,,,,
BASSTA,2009,7,17,21,14,,,,,,,,977.7,,1.1,,3,0,0,0,0,0,0,,,,
BASSTA,2009,7,17,22,13.6,,,,,,,,978,,2.1,,3,0,0,0,0,0,0,,,,
BASSTA,2009,7,17,23,13.4,,,,,,,,978.2,,1.6,,3,0,0,0,0,0,0,,,,
BASSTA,2009,7,18,0,13.3,,,,,,,,978.2,,2.1,,4,0,0,0,0,0,0,,,,
BASSTA,2009,7,18,1,13.2,,,,,,,,978.1,,2.5,,3,0,0,0,0,0,0,,,,
BASSTA,2009,7,18,2,13.1,,,,,,,,978.2,,2.4,,3,0,0,0,0,0,0,,,,
BASSTA,2009,7,18,3,13.2,,,,,,,,978.3,,2.2,,2,0,0,0,0,0,0,,,,
BASSTA,2009,7,18,4,12.8,,,,,,,,978.1,,2,,3,0,0,0,0,0,0,,,,
BASSTA,2009,7,18,5,12.8,,,,,,,,977.7,,2.6,,29,0,0,0,0,0,0,,,,
BASSTA,2009,7,18,6,13.4,,,,,,,,977.8,,3.4,,81,0,0,0,0,0,0,,,,
BASSTA,2009,7,18,7,13.9,,,,,,,,978,,4.9,,144,571,48.2,0,0,0,0,,,,
BASSTA,2009,7,18,8,13.8,,,,,,,,978.2,,5.2,,95,5.6,93.1,0,0,0,0,,,,
BASSTA,2009,7,18,9,14.1,,,,,,,,978.9,,6,,134,5.1,131.5,0,0,0,0,,,,
BASSTA,2009,7,18,10,14.4,,,,,,,,980.1,,5.4,,117,2.3,115.5,0,0,0,0,,,,
BASSTA,2009,7,18,11,14.4,,,,,,,,980.8,,5.4,,192,4.4,188.7,0,0,0,0,,,,
BASSTA,2009,7,18,12,15.5,,,,,,,,981,,5.9,,464,103.8,376.8,0,0,0,0,,,,
BASSTA,2009,7,18,13,15.3,,,,,,,,981.2,,4.7,,224,4.3,220.1,0,0,0,0,,,,
BASSTA,2009,7,18,14,15.7,,,,,,,,981.3,,3.9,,186,3,183.4,0,0,0,0,,,,
BASSTA,2009,7,18,15,16.9,,,,,,,,981.2,,3.4,,300,11.5,290.2,0,0,0,0,,,,
BASSTA,2009,7,18,16,16.7,,,,,,,,981,,3.3,,191,4.2,187.8,0,0,0,0,,,,
BASSTA,2009,7,18,17,16.9,,,,,,,,981.1,,4.9,,213,8,207.7,0,0,0,0,,,,
BASSTA,2009,7,18,18,16.3,,,,,,,,981.5,,3.1,,58,0.8,57.6,0,0,0,0,,,,
BASSTA,2009,7,18,19,15.5,,,,,,,,981.6,,3.5,,17,0.1,16.9,0,0,0,0,,,,
BASSTA,2009,7,18,20,14.7,,,,,,,,982,,3.6,,1,0,1,0,0,0,0,,,,
BASSTA,2009,7,18,21,14.3,,,,,,,,982.1,,3.4,,1,0,0,0,0,0,0,,,,
BASSTA,2009,7,18,22,13.7,,,,,,,,982.2,,3,,1,0,0,0,0,0,0,,,,
BASSTA,2009,7,18,23,13.1,,,,,,,,982.1,,1.6,,1,0,0,0,0,0,0,,,,
BASSTA,2009,7,19,0,13,,,,,,,,981.8,,2.3,,1,0,0,0,0,0,0,,,,
BASSTA,2009,7,19,1,12.7,,,,,,,,981.6,,2.4,,1,0,0,0,0,0,0,,,,
BASSTA,2009,7,19,2,12.8,,,,,,,,981.4,,2,,2,0,0,0,0,0,0,,,,
BASSTA,2009,7,19,3,12.6,,,,,,,,981.3,,2.7,,2,0,0,0,0,0,0,,,,
BASSTA,2009,7,19,4,12.8,,,,,,,,981.5,,2.5,,6,0,0,0,0,0,0,,,,
BASSTA,2009,7,19,5,12.9,,,,,,,,981.9,,2.6,,41,0,0,0,0,0,0,,,,
BASSTA,2009,7,19,6,13.6,,,,,,,,982,,2.5,,92,0,0,0,0,0,0,,,,
BASSTA,2009,7,19,7,15.1,,,,,,,,982.2,,1.7,,213,1075.8,35.1,0,0,0,0,,,,
BASSTA,2009,7,19,8,16.8,,,,,,,,982.4,,3.3,,246,362,126.9,0,0,0,0,,,,
BASSTA,2009,7,19,9,17.8,,,,,,,,982.7,,4.7,,491,828.4,86.2,0,0,0,0,,,,
BASSTA,2009,7,19,10,18.5,,,,,,,,982.8,,4.7,,463,333.6,251.7,0,0,0,0,,,,
BASSTA,2009,7,19,11,19.7,,,,,,,,982.7,,6,,565,367.5,288.5,0,0,0,0,,,,
BASSTA,2009,7,19,12,19.7,,,,,,,,982.7,,4.7,,599,305.9,342.5,0,0,0,0,,,,
BASSTA,2009,7,19,13,20.7,,,,,,,,982.6,,5.5,,785,626.9,230.2,0,0,0,0,,,,
BASSTA,2009,7,19,14,21.2,,,,,,,,982.6,,6.4,,731,500,286.4,0,0,0,0,,,,
BASSTA,2009,7,19,15,21.2,,,,,,,,982.6,,6.4,,620,329.5,339.7,0,0,0,0,,,,
BASSTA,2009,7,19,16,20.7,,,,,,,,982.7,,5.5,,462,148.2,347.6,0,0,0,0,,,,
BASSTA,2009,7,19,17,20,,,,,,,,982.8,,5.2,,291,35.2,267.8,0,0,0,0,,,,
BASSTA,2009,7,19,18,19.1,,,,,,,,983,,4,,133,4.5,130.7,0,0,0,0,,,,
BASSTA,2009,7,19,19,17.6,,,,,,,,983.3,,2.1,,17,0.2,16.9,0,0,0,0,,,,
BASSTA,2009,7,19,20,15.6,,,,,,,,983.6,,1.5,,1,0,1,0,0,0,0,,,,
BASSTA,2009,7,19,21,14.5,,,,,,,,983.7,,1.7,,1,0,0,0,0,0,0,,,,
BASSTA,2009,7,19,22,14.8,,,,,,,,983.9,,0.6,,1,0,0,0,0,0,0,,,,
BASSTA,2009,7,19,23,14.7,,,,,,,,984,,1.6,,1,0,0,0,0,0,0,,,,
BASSTA,2009,7,20,0,14.5,,,,,,,,984,,1.7,,1,0,0,0,0,0,0,,,,
BASSTA,2009,7,20,1,14.4,,,,,,,,983.8,,1.7,,1,0,0,0,0,0,0,,,,
BASSTA,2009,7,20,2,14.3,,,,,,,,983.7,,1.9,,1,0,0,0,0,0,0,,,,
BASSTA,2009,7,20,3,14.1,,,,,,,,983.5,,2.2,,2,0,0,0,0,0,0,,,,
BASSTA,2009,7,20,4,14.2,,,,,,,,983.5,,1.5,,15,0,0,0,0,0,0,,,,
BASSTA,2009,7,20,5,14.6,,,,,,,,983.6,,1.6,,75,0,0,0,0,0,0,,,,
BASSTA,2009,7,20,6,17.3,,,,,,,,983.5,,1.2,,247,0,0,0,0,0,0,,,,
BASSTA,2009,7,20,7,19.5,,,,,,,,983.7,,2.9,,280,1435.9,46.2,0,0,0,0,,,,
BASSTA,2009,7,20,8,20.9,,,,,,,,983.7,,3.9,,510,1303.6,84.2,0,0,0,0,,,,
BASSTA,2009,7,20,9,22.1,,,,,,,,983.7,,4.6,,605,1038.2,99.8,0,0,0,0,,,,
BASSTA,2009,7,20,10,22.5,,,,,,,,983.5,,4.3,,757,1001.3,124.9,0,0,0,0,,,,
BASSTA,2009,7,20,11,23.3,,,,,,,,983.3,,4.5,,780,867.6,128.7,0,0,0,0,,,,
BASSTA,2009,7,20,12,24.3,,,,,,,,983,,4.4,,819,791,157.2,0,0,0,0,,,,
BASSTA,2009,7,20,13,24.8,,,,,,,,982.5,,4.2,,787,634.1,226.8,0,0,0,0,,,,
BASSTA,2009,7,20,14,24.7,,,,,,,,982.2,,4.2,,679,392.2,330.8,0,0,0,0,,,,
BASSTA,2009,7,20,15,24.8,,,,,,,,981.7,,4,,592,278.2,355.8,0,0,0,0,,,,
BASSTA,2009,7,20,16,24.6,,,,,,,,981.3,,3.3,,436,115.6,346.9,0,0,0,0,,,,
BASSTA,2009,7,20,17,23.9,,,,,,,,981.1,,2.6,,284,31.5,263.3,0,0,0,0,,,,
BASSTA,2009,7,20,18,23.1,,,,,,,,981.1,,2.1,,111,3.1,109.4,0,0,0,0,,,,
BASSTA,2009,7,20,19,21,,,,,,,,981.1,,0.9,,10,0.1,10,0,0,0,0,,,,
BASSTA,2009,7,20,20,19.3,,,,,,,,981.4,,1.5,,1,0,1,0,0,0,0,,,,
BASSTA,2009,7,20,21,18.2,,,,,,,,981.4,,0.8,,1,0,0,0,0,0,0,,,,
BASSTA,2009,7,20,22,17.7,,,,,,,,981.5,,1.6,,2,0,0,0,0,0,0,,,,
BASSTA,2009,7,20,23,17.4,,,,,,,,981.2,,2.2,,1,0,0,0,0,0,0,,,,
BASSTA,2009,7,21,0,16.8,,,,,,,,980.8,,2.2,,2,0,0,0,0,0,0,,,,
BASSTA,2009,7,21,1,16.1,,,,,,,,980.2,,2.7,,1,0,0,0,0,0,0,,,,
BASSTA,2009,7,21,2,15.7,,,,,,,,980.1,,3,,2,0,0,0,0,0,0,,,,
BASSTA,2009,7,21,3,15.5,,,,,,,,979.9,,2.9,,2,0,0,0,0,0,0,,,,
BASSTA,2009,7,21,4,15.4,,,,,,,,979.7,,2.7,,20,0,0,0,0,0,0,,,,
BASSTA,2009,7,21,5,16,,,,,,,,979.8,,2.1,,78,0,0,0,0,0,0,,,,
BASSTA,2009,7,21,6,17.7,,,,,,,,979.9,,2.6,,253,0,0,0,0,0,0,,,,
BASSTA,2009,7,21,7,20.1,,,,,,,,979.6,,2.3,,409,2130.8,67.5,0,0,0,0,,,,
BASSTA,2009,7,21,8,22.7,,,,,,,,979.3,,2.9,,564,1452.1,93.1,0,0,0,0,,,,
BASSTA,2009,7,21,9,24.8,,,,,,,,979,,2.6,,685,1180.7,113,0,0,0,0,,,,
BASSTA,2009,7,21,10,26.4,,,,,,,,978.7,,2.3,,768,1019.1,126.7,0,0,0,0,,,,
BASSTA,2009,7,21,11,28.1,,,,,,,,978.2,,1.7,,781,871.1,128.6,0,0,0,0,,,,
BASSTA,2009,7,21,12,29,,,,,,,,977.5,,2,,817,790.2,157.1,0,0,0,0,,,,
BASSTA,2009,7,21,13,30.3,,,,,,,,976.8,,2.2,,781,623.8,230.9,0,0,0,0,,,,
BASSTA,2009,7,21,14,31.6,,,,,,,,976.3,,2.5,,694,425.5,316.9,0,0,0,0,,,,
BASSTA,2009,7,21,15,32.2,,,,,,,,975.9,,5.5,,566,234.5,367.2,0,0,0,0,,,,
BASSTA,2009,7,21,16,31.5,,,,,,,,975.4,,5,,417,95.1,343.9,0,0,0,0,,,,
BASSTA,2009,7,21,17,30.4,,,,,,,,975.2,,4.4,,247,15.8,236.6,0,0,0,0,,,,
BASSTA,2009,7,21,18,28.7,,,,,,,,975,,3.8,,123,3.9,121,0,0,0,0,,,,
BASSTA,2009,7,21,19,26.9,,,,,,,,975,,1.7,,9,0,9,0,0,0,0,,,,
BASSTA,2009,7,21,20,24.8,,,,,,,,975.2,,2.3,,1,0,1,0,0,0,0,,,,
BASSTA,2009,7,21,21,23.4,,,,,,,,974.8,,3.4,,1,0,0,0,0,0,0,,,,
BASSTA,2009,7,21,22,22.1,,,,,,,,974.5,,3.1,,2,0,0,0,0,0,0,,,,
BASSTA,2009,7,21,23,21.5,,,,,,,,974.4,,3.4,,2,0,0,0,0,0,0,,,,
BASSTA,2009,7,22,0,21.1,,,,,,,,974.3,,4,,1,0,0,0,0,0,0,,,,
BASSTA,2009,7,22,1,20.8,,,,,,,,974.3,,2.9,,3,0,0,0,0,0,0,,,,
BASSTA,2009,7,22,2,20.4,,,,,,,,974.9,,2.4,,3,0,0,0,0,0,0,,,,
BASSTA,2009,7,22,3,20,,,,,,,,973.9,,3.6,,3,0,0,0,0,0,0,,,,
BASSTA,2009,7,22,4,19.8,,,,,,,,974.2,,2.2,,4,0,0,0,0,0,0,,,,
BASSTA,2009,7,22,5,20.5,,,,,,,,976.6,,2,,36,0,0,0,0,0,0,,,,
BASSTA,2009,7,22,6,20.5,,,,,,,,977.6,,1.8,,39,0,0,0,0,0,0,,,,
BASSTA,2009,7,22,7,19.7,,,,,,,,977.4,,1.2,,64,22.9,60.4,0,0,0,0,,,,
BASSTA,2009,7,22,8,20.2,,,,,,,,978.1,,1.6,,211,217.6,141,0,0,0,0,,,,
BASSTA,2009,7,22,9,21.4,,,,,,,,978.8,,2.3,,276,121.6,217.4,0,0,0,0,,,,
BASSTA,2009,7,22,10,20.8,,,,,,,,978.5,,1.9,,174,5.2,170.7,0,0,0,0,,,,
BASSTA,2009,7,22,11,20.8,,,,,,,,977.1,,3.4,,373,64.3,325,0,0,0,0,,,,
BASSTA,2009,7,22,12,25.1,,,,,,,,975.4,,4.1,,820,798.6,154.4,0,0,0,0,,,,
BASSTA,2009,7,22,13,26.2,,,,,,,,974.9,,4.2,,690,426.7,314.4,0,0,0,0,,,,
BASSTA,2009,7,22,14,26.2,,,,,,,,973.8,,4.5,,440,63.1,384.2,0,0,0,0,,,,
BASSTA,2009,7,22,15,26.2,,,,,,,,973.1,,3.5,,268,7.5,261.7,0,0,0,0,,,,
BASSTA,2009,7,22,16,25.5,,,,,,,,972.8,,3.3,,222,5.7,217.6,0,0,0,0,,,,
BASSTA,2009,7,22,17,24.9,,,,,,,,972,,3.5,,178,5,174.7,0,0,0,0,,,,
BASSTA,2009,7,22,18,24.2,,,,,,,,971.5,,2.9,,51,0.7,50.7,0,0,0,0,,,,
BASSTA,2009,7,22,19,23.6,,,,,,,,971.3,,3,,8,0,8,0,0,0,0,,,,
BASSTA,2009,7,22,20,23.2,,,,,,,,971.6,,2.1,,3,0,3,0,0,0,0,,,,
BASSTA,2009,7,22,21,22.9,,,,,,,,971.5,,3.9,,2,0,0,0,0,0,0,,,,
BASSTA,2009,7,22,22,22.4,,,,,,,,971.1,,3.3,,3,0,0,0,0,0,0,,,,
BASSTA,2009,7,22,23,21.9,,,,,,,,970.4,,2.6,,3,0,0,0,0,0,0,,,,
BASSTA,2009,7,23,0,21.6,,,,,,,,970.1,,2.9,,3,0,0,0,0,0,0,,,,
BASSTA,2009,7,23,1,21.6,,,,,,,,969.7,,2.9,,3,0,0,0,0,0,0,,,,
BASSTA,2009,7,23,2,21.4,,,,,,,,969.6,,2.9,,3,0,0,0,0,0,0,,,,
BASSTA,2009,7,23,3,20.8,,,,,,,,969.1,,2.6,,2,0,0,0,0,0,0,,,,
BASSTA,2009,7,23,4,20,,,,,,,,968.9,,1.6,,5,0,0,0,0,0,0,,,,
BASSTA,2009,7,23,5,20.1,,,,,,,,968.5,,1.3,,15,0,0,0,0,0,0,,,,
BASSTA,2009,7,23,6,20.3,,,,,,,,969.7,,1.6,,37,0,0,0,0,0,0,,,,
BASSTA,2009,7,23,7,21.5,,,,,,,,970.6,,0.9,,122,432.4,55,0,0,0,0,,,,
BASSTA,2009,7,23,8,21.9,,,,,,,,970.4,,0.7,,198,172.2,143,0,0,0,0,,,,
BASSTA,2009,7,23,9,24.5,,,,,,,,970.5,,0.5,,387,469,161.9,0,0,0,0,,,,
BASSTA,2009,7,23,10,22.6,,,,,,,,971.5,,1.2,,85,1.3,84.2,0,0,0,0,,,,
BASSTA,2009,7,23,11,21.1,,,,,,,,973.7,,3.8,,196,4.7,192.5,0,0,0,0,,,,
BASSTA,2009,7,23,12,21.8,,,,,,,,973.5,,1.1,,383,43.2,347.1,0,0,0,0,,,,
BASSTA,2009,7,23,13,21.4,,,,,,,,973.4,,1.5,,178,2.8,175.5,0,0,0,0,,,,
BASSTA,2009,7,23,14,20.2,,,,,,,,973.1,,1,,71,0.4,70.6,0,0,0,0,,,,
BASSTA,2009,7,23,15,20.6,,,,,,,,973,,1.2,,226,4.9,221.9,0,0,0,0,,,,
BASSTA,2009,7,23,16,20.6,,,,,,,,974.6,,1.7,,107,1.3,106,0,0,0,0,,,,
BASSTA,2009,7,23,17,21,,,,,,,,975,,1.7,,140,3.1,138,0,0,0,0,,,,
BASSTA,2009,7,23,18,20.6,,,,,,,,976,,2.3,,31,0.3,30.9,0,0,0,0,,,,
BASSTA,2009,7,23,19,18.5,,,,,,,,977.4,,4.2,,9,0,9,0,0,0,0,,,,
BASSTA,2009,7,23,20,18,,,,,,,,978.2,,3.1,,1,0,1,0,0,0,0,,,,
BASSTA,2009,7,23,21,18.3,,,,,,,,978.9,,2.1,,1,0,0,0,0,0,0,,,,
BASSTA,2009,7,23,22,17.9,,,,,,,,979.6,,0.8,,2,0,0,0,0,0,0,,,,
BASSTA,2009,7,23,23,17.2,,,,,,,,979.9,,1,,2,0,0,0,0,0,0,,,,
BASSTA,2009,7,24,0,16.5,,,,,,,,979.9,,2.4,,2,0,0,0,0,0,0,,,,
BASSTA,2009,7,24,1,16.7,,,,,,,,979.8,,2.2,,2,0,0,0,0,0,0,,,,
BASSTA,2009,7,24,2,16,,,,,,,,979.7,,1.5,,2,0,0,0,0,0,0,,,,
BASSTA,2009,7,24,3,15.2,,,,,,,,979.8,,1.1,,2,0,0,0,0,0,0,,,,
BASSTA,2009,7,24,4,15,,,,,,,,980,,1.3,,15,0,0,0,0,0,0,,,,
BASSTA,2009,7,24,5,15.7,,,,,,,,980.2,,0.7,,76,0,0,0,0,0,0,,,,
BASSTA,2009,7,24,6,17.8,,,,,,,,980.2,,0.7,,208,0,0,0,0,0,0,,,,
BASSTA,2009,7,24,7,20,,,,,,,,980.2,,2.3,,367,2011.5,60.6,0,0,0,0,,,,
BASSTA,2009,7,24,8,20.3,,,,,,,,980.2,,2.4,,494,1301.4,81.5,0,0,0,0,,,,
BASSTA,2009,7,24,9,20.7,,,,,,,,980.3,,2.6,,446,714.1,104.9,0,0,0,0,,,,
BASSTA,2009,7,24,10,21,,,,,,,,980.3,,3.5,,462,350.3,243.7,0,0,0,0,,,,
BASSTA,2009,7,24,11,20.8,,,,,,,,980.2,,3.6,,336,39.3,306.8,0,0,0,0,,,,
BASSTA,2009,7,24,12,20.9,,,,,,,,980.1,,3.4,,269,8.1,262.3,0,0,0,0,,,,
BASSTA,2009,7,24,13,20.6,,,,,,,,980.1,,3.5,,194,3.3,191.1,0,0,0,0,,,,
BASSTA,2009,7,24,14,20.2,,,,,,,,980.4,,4.1,,305,10.6,295.6,0,0,0,0,,,,
BASSTA,2009,7,24,15,20.9,,,,,,,,980,,1.8,,375,36.3,344.4,0,0,0,0,,,,
BASSTA,2009,7,24,16,20.6,,,,,,,,979.9,,1.6,,217,5.5,212.8,0,0,0,0,,,,
BASSTA,2009,7,24,17,20,,,,,,,,980.4,,1.8,,66,0.7,65.5,0,0,0,0,,,,
BASSTA,2009,7,24,18,19.6,,,,,,,,980.7,,1.3,,30,0.2,29.9,0,0,0,0,,,,
BASSTA,2009,7,24,19,16.4,,,,,,,,982.8,,4.7,,3,0,3,0,0,0,0,,,,
BASSTA,2009,7,24,20,15.4,,,,,,,,984.2,,3.1,,1,0,1,0,0,0,0,,,,
BASSTA,2009,7,24,21,15.5,,,,,,,,984.7,,2.4,,2,0,0,0,0,0,0,,,,
BASSTA,2009,7,24,22,15.8,,,,,,,,985.1,,3,,3,0,0,0,0,0,0,,,,
BASSTA,2009,7,24,23,15.3,,,,,,,,985.3,,2.6,,2,0,0,0,0,0,0,,,,
BASSTA,2009,7,25,0,14.9,,,,,,,,985.4,,2.7,,2,0,0,0,0,0,0,,,,
BASSTA,2009,7,25,1,14.9,,,,,,,,985.6,,2.6,,2,0,0,0,0,0,0,,,,
BASSTA,2009,7,25,2,14.3,,,,,,,,985.7,,2.2,,2,0,0,0,0,0,0,,,,
BASSTA,2009,7,25,3,14.6,,,,,,,,986,,2.5,,3,0,0,0,0,0,0,,,,
BASSTA,2009,7,25,4,14.2,,,,,,,,986.5,,3.5,,5,0,0,0,0,0,0,,,,
BASSTA,2009,7,25,5,14.1,,,,,,,,986.8,,1.4,,43,0,0,0,0,0,0,,,,
BASSTA,2009,7,25,6,15.3,,,,,,,,987.1,,0.8,,154,0,0,0,0,0,0,,,,
BASSTA,2009,7,25,7,16.8,,,,,,,,987.6,,2.2,,354,1975.7,58.4,0,0,0,0,,,,
BASSTA,2009,7,25,8,17.2,,,,,,,,987.9,,3.4,,272,583.1,88.7,0,0,0,0,,,,
BASSTA,2009,7,25,9,18.2,,,,,,,,988.1,,3.5,,371,420,171.4,0,0,0,0,,,,
BASSTA,2009,7,25,10,19,,,,,,,,988.4,,4.6,,577,705.7,138.8,0,0,0,0,,,,
BASSTA,2009,7,25,11,20,,,,,,,,988.4,,4.3,,733,805.5,135.9,0,0,0,0,,,,
BASSTA,2009,7,25,12,21.1,,,,,,,,988,,3.4,,765,696,188.7,0,0,0,0,,,,
BASSTA,2009,7,25,13,21.5,,,,,,,,987.9,,4.3,,754,576.1,249.8,0,0,0,0,,,,
BASSTA,2009,7,25,14,22,,,,,,,,987.7,,4,,697,442.3,308,0,0,0,0,,,,
BASSTA,2009,7,25,15,22,,,,,,,,987.6,,4,,608,319,339.7,0,0,0,0,,,,
BASSTA,2009,7,25,16,21.7,,,,,,,,987.5,,3.8,,450,139.6,343.6,0,0,0,0,,,,
BASSTA,2009,7,25,17,20.9,,,,,,,,987.5,,3.7,,278,30.3,258.4,0,0,0,0,,,,
BASSTA,2009,7,25,18,20,,,,,,,,987.7,,2.9,,122,4,120,0,0,0,0,,,,
BASSTA,2009,7,25,19,18.4,,,,,,,,987.8,,2,,14,0.1,14,0,0,0,0,,,,
BASSTA,2009,7,25,20,16.7,,,,,,,,988,,1.9,,1,0,1,0,0,0,0,,,,
BASSTA,2009,7,25,21,15.5,,,,,,,,988.2,,2,,1,0,0,0,0,0,0,,,,
BASSTA,2009,7,25,22,15,,,,,,,,988.3,,1.5,,2,0,0,0,0,0,0,,,,
BASSTA,2009,7,25,23,14,,,,,,,,988.2,,0.8,,1,0,0,0,0,0,0,,,,
BASSTA,2009,7,26,0,14.2,,,,,,,,987.9,,1.8,,2,0,0,0,0,0,0,,,,
BASSTA,2009,7,26,1,13.6,,,,,,,,987.6,,1.8,,1,0,0,0,0,0,0,,,,
BASSTA,2009,7,26,2,13.1,,,,,,,,987.2,,1.8,,2,0,0,0,0,0,0,,,,
BASSTA,2009,7,26,3,12.7,,,,,,,,987,,1.5,,2,0,0,0,0,0,0,,,,
BASSTA,2009,7,26,4,12.4,,,,,,,,987,,1.6,,12,0,0,0,0,0,0,,,,
BASSTA,2009,7,26,5,13,,,,,,,,986.7,,1.9,,96,0,0,0,0,0,0,,,,
BASSTA,2009,7,26,6,14.3,,,,,,,,986.4,,1.4,,250,0,0,0,0,0,0,,,,
BASSTA,2009,7,26,7,16.4,,,,,,,,986.3,,1.3,,416,2365.7,68.6,0,0,0,0,,,,
BASSTA,2009,7,26,8,19,,,,,,,,986,,2,,569,1523.6,93.9,0,0,0,0,,,,
BASSTA,2009,7,26,9,21,,,,,,,,985.6,,2.3,,699,1234,115.3,0,0,0,0,,,,
BASSTA,2009,7,26,10,21.9,,,,,,,,985.3,,2,,789,1064.6,130.2,0,0,0,0,,,,
BASSTA,2009,7,26,11,22.6,,,,,,,,984.6,,1.4,,850,960,140.2,0,0,0,0,,,,
BASSTA,2009,7,26,12,23.7,,,,,,,,984.1,,1.3,,847,853.1,142.2,0,0,0,0,,,,
BASSTA,2009,7,26,13,24.4,,,,,,,,983.7,,1.2,,796,672.5,208.7,0,0,0,0,,,,
BASSTA,2009,7,26,14,25.1,,,,,,,,983.2,,1.1,,705,462.4,299.1,0,0,0,0,,,,
BASSTA,2009,7,26,15,25.3,,,,,,,,982.7,,1.1,,604,313.6,340.8,0,0,0,0,,,,
BASSTA,2009,7,26,16,25.2,,,,,,,,982.2,,1.2,,455,148.1,342.5,0,0,0,0,,,,
BASSTA,2009,7,26,17,24.3,,,,,,,,981.8,,1.2,,221,10.1,214.5,0,0,0,0,,,,
BASSTA,2009,7,26,18,23,,,,,,,,981.5,,1.2,,79,1.7,78.2,0,0,0,0,,,,
BASSTA,2009,7,26,19,20.7,,,,,,,,981.3,,0.9,,14,0.1,14,0,0,0,0,,,,
BASSTA,2009,7,26,20,18.9,,,,,,,,981.3,,0.9,,2,0,2,0,0,0,0,,,,
BASSTA,2009,7,26,21,17.5,,,,,,,,981,,0.9,,2,0,0,0,0,0,0,,,,
BASSTA,2009,7,26,22,17.7,,,,,,,,980.9,,1.7,,1,0,0,0,0,0,0,,,,
BASSTA,2009,7,26,23,16.6,,,,,,,,980.7,,1.9,,3,0,0,0,0,0,0,,,,
BASSTA,2009,7,27,0,16.1,,,,,,,,980.2,,1.9,,1,0,0,0,0,0,0,,,,
BASSTA,2009,7,27,1,15.2,,,,,,,,979.9,,2.4,,3,0,0,0,0,0,0,,,,
BASSTA,2009,7,27,2,14.6,,,,,,,,979.5,,2.6,,2,0,0,0,0,0,0,,,,
BASSTA,2009,7,27,3,14.2,,,,,,,,979.1,,3.2,,3,0,0,0,0,0,0,,,,
BASSTA,2009,7,27,4,14,,,,,,,,979,,3.3,,10,0,0,0,0,0,0,,,,
BASSTA,2009,7,27,5,14.8,,,,,,,,978.7,,3.2,,88,0,0,0,0,0,0,,,,
BASSTA,2009,7,27,6,16.8,,,,,,,,978.7,,2.8,,251,0,0,0,0,0,0,,,,
BASSTA,2009,7,27,7,19.2,,,,,,,,978.5,,3,,417,2417.7,68.8,0,0,0,0,,,,
BASSTA,2009,7,27,8,21.8,,,,,,,,977.9,,3.1,,563,1520.3,92.9,0,0,0,0,,,,
BASSTA,2009,7,27,9,24.3,,,,,,,,977.4,,2.3,,683,1211.9,112.7,0,0,0,0,,,,
BASSTA,2009,7,27,10,26.5,,,,,,,,976.5,,3.3,,777,1052.1,128.2,0,0,0,0,,,,
BASSTA,2009,7,27,11,27.7,,,,,,,,976.4,,1.9,,812,919.6,134,0,0,0,0,,,,
BASSTA,2009,7,27,12,28.8,,,,,,,,976.3,,1.3,,771,716.8,180.3,0,0,0,0,,,,
BASSTA,2009,7,27,13,28.5,,,,,,,,975.9,,1.2,,370,28.6,345.1,0,0,0,0,,,,
BASSTA,2009,7,27,14,27.8,,,,,,,,975.3,,1.6,,248,5.5,243.2,0,0,0,0,,,,
BASSTA,2009,7,27,15,27,,,,,,,,976.1,,2.8,,343,23.9,323,0,0,0,0,,,,
BASSTA,2009,7,27,16,26.9,,,,,,,,976.4,,2.7,,242,7.7,236.2,0,0,0,0,,,,
BASSTA,2009,7,27,17,25.9,,,,,,,,976.5,,2.6,,55,0.5,54.7,0,0,0,0,,,,
BASSTA,2009,7,27,18,24.3,,,,,,,,977.2,,3.1,,13,0,13,0,0,0,0,,,,
BASSTA,2009,7,27,19,21,,,,,,,,978.2,,2.7,,3,0,3,0,0,0,0,,,,
BASSTA,2009,7,27,20,20.2,,,,,,,,979.4,,2.6,,3,0,3,0,0,0,0,,,,
BASSTA,2009,7,27,21,19.5,,,,,,,,980.7,,4.2,,3,0,0,0,0,0,0,,,,
BASSTA,2009,7,27,22,18.7,,,,,,,,981.7,,4.6,,3,0,0,0,0,0,0,,,,
BASSTA,2009,7,27,23,18,,,,,,,,982.6,,3.2,,3,0,0,0,0,0,0,,,,
BASSTA,2009,7,28,0,17.1,,,,,,,,983.4,,3.3,,3,0,0,0,0,0,0,,,,
BASSTA,2009,7,28,1,16.5,,,,,,,,983.6,,2.8,,3,0,0,0,0,0,0,,,,
BASSTA,2009,7,28,2,16.4,,,,,,,,983.8,,3,,3,0,0,0,0,0,0,,,,
BASSTA,2009,7,28,3,15.9,,,,,,,,984.2,,0.7,,2,0,0,0,0,0,0,,,,
BASSTA,2009,7,28,4,15.1,,,,,,,,984.6,,0.5,,8,0,0,0,0,0,0,,,,
BASSTA,2009,7,28,5,16,,,,,,,,984.8,,0.5,,85,0,0,0,0,0,0,,,,
BASSTA,2009,7,28,6,17,,,,,,,,984.9,,1.2,,229,0,0,0,0,0,0,,,,
BASSTA,2009,7,28,7,18.1,,,,,,,,985.2,,0.6,,336,1987.5,55.4,0,0,0,0,,,,
BASSTA,2009,7,28,8,19,,,,,,,,985.2,,1,,416,1133,68.6,0,0,0,0,,,,
BASSTA,2009,7,28,9,19.9,,,,,,,,985,,1.4,,622,1109.4,102.6,0,0,0,0,,,,
BASSTA,2009,7,28,10,21,,,,,,,,984.9,,1.1,,677,920.1,111.7,0,0,0,0,,,,
BASSTA,2009,7,28,11,22.1,,,,,,,,984.5,,1.5,,718,786.5,139.8,0,0,0,0,,,,
BASSTA,2009,7,28,12,22.7,,,,,,,,984,,1.5,,680,507.9,262.4,0,0,0,0,,,,
BASSTA,2009,7,28,13,22.8,,,,,,,,983.8,,1.6,,522,149.5,392,0,0,0,0,,,,
BASSTA,2009,7,28,14,23.8,,,,,,,,983.6,,1.7,,664,381.7,330.4,0,0,0,0,,,,
BASSTA,2009,7,28,15,24.1,,,,,,,,983.2,,1.7,,565,246.3,359.3,0,0,0,0,,,,
BASSTA,2009,7,28,16,23.8,,,,,,,,983,,1.3,,459,157.4,340.1,0,0,0,0,,,,
BASSTA,2009,7,28,17,23.1,,,,,,,,982.9,,1.2,,245,16.9,234.2,0,0,0,0,,,,
BASSTA,2009,7,28,18,22.3,,,,,,,,983,,1.4,,94,2.4,92.8,0,0,0,0,,,,
BASSTA,2009,7,28,19,21,,,,,,,,983.3,,1.5,,6,0,6,0,0,0,0,,,,
BASSTA,2009,7,28,20,19.2,,,,,,,,983.6,,1.4,,1,0,1,0,0,0,0,,,,
BASSTA,2009,7,28,21,17.3,,,,,,,,983.5,,1.3,,1,0,0,0,0,0,0,,,,
BASSTA,2009,7,28,22,16.1,,,,,,,,983.6,,1.6,,1,0,0,0,0,0,0,,,,
BASSTA,2009,7,28,23,15.3,,,,,,,,983.6,,1.4,,1,0,0,0,0,0,0,,,,
BASSTA,2009,7,29,0,14.8,,,,,,,,983.5,,1.2,,1,0,0,0,0,0,0,,,,
BASSTA,2009,7,29,1,14.5,,,,,,,,983.2,,0.9,,2,0,0,0,0,0,0,,,,
BASSTA,2009,7,29,2,14.3,,,,,,,,982.9,,1,,2,0,0,0,0,0,0,,,,
BASSTA,2009,7,29,3,14.5,,,,,,,,982.7,,1.4,,3,0,0,0,0,0,0,,,,
BASSTA,2009,7,29,4,14,,,,,,,,982.6,,1,,9,0,0,0,0,0,0,,,,
BASSTA,2009,7,29,5,15.2,,,,,,,,982.7,,1.5,,82,0,0,0,0,0,0,,,,
BASSTA,2009,7,29,6,17.3,,,,,,,,982.7,,1.2,,244,0,0,0,0,0,0,,,,
BASSTA,2009,7,29,7,19.5,,,,,,,,982.6,,2.2,,396,2391.5,65.3,0,0,0,0,,,,
BASSTA,2009,7,29,8,21.6,,,,,,,,982.4,,1.6,,543,1492,89.6,0,0,0,0,,,,
BASSTA,2009,7,29,9,23.4,,,,,,,,981.9,,1,,672,1204.9,110.9,0,0,0,0,,,,
BASSTA,2009,7,29,10,25,,,,,,,,981.5,,0.9,,769,1049,126.9,0,0,0,0,,,,
BASSTA,2009,7,29,11,26.3,,,,,,,,981,,1.1,,805,917,132.8,0,0,0,0,,,,
BASSTA,2009,7,29,12,27.6,,,,,,,,980.2,,1.5,,806,795.8,153.3,0,0,0,0,,,,
BASSTA,2009,7,29,13,28.2,,,,,,,,979.7,,1.5,,753,587.7,243.1,0,0,0,0,,,,
BASSTA,2009,7,29,14,28.5,,,,,,,,979.1,,1.4,,660,376.4,331.8,0,0,0,0,,,,
BASSTA,2009,7,29,15,28.9,,,,,,,,978.9,,1,,545,214.9,365.9,0,0,0,0,,,,
BASSTA,2009,7,29,16,28.3,,,,,,,,978.6,,1.8,,395,80.7,334.2,0,0,0,0,,,,
BASSTA,2009,7,29,17,27.8,,,,,,,,978.7,,1.3,,229,12.4,221.1,0,0,0,0,,,,
BASSTA,2009,7,29,18,26.5,,,,,,,,978.5,,1.4,,93,2.4,91.8,0,0,0,0,,,,
BASSTA,2009,7,29,19,24.2,,,,,,,,978.3,,1.8,,2,0,2,0,0,0,0,,,,
BASSTA,2009,7,29,20,22.9,,,,,,,,978.2,,1.8,,1,0,1,0,0,0,0,,,,
BASSTA,2009,7,29,21,22.2,,,,,,,,977.9,,2.6,,3,0,0,0,0,0,0,,,,
BASSTA,2009,7,29,22,21.5,,,,,,,,977.6,,3.4,,3,0,0,0,0,0,0,,,,
BASSTA,2009,7,29,23,21.4,,,,,,,,977.6,,3.4,,3,0,0,0,0,0,0,,,,
BASSTA,2009,7,30,0,20.1,,,,,,,,978.2,,1.6,,2,0,0,0,0,0,0,,,,
BASSTA,2009,7,30,1,22.9,,,,,,,,980,,6.4,,4,0,0,0,0,0,0,,,,
BASSTA,2009,7,30,2,22.4,,,,,,,,981.5,,4.9,,3,0,0,0,0,0,0,,,,
BASSTA,2009,7,30,3,21.7,,,,,,,,982.4,,4.6,,3,0,0,0,0,0,0,,,,
BASSTA,2009,7,30,4,20.4,,,,,,,,983.4,,5.4,,11,0,0,0,0,0,0,,,,
BASSTA,2009,7,30,5,19.7,,,,,,,,984.3,,5.7,,80,0,0,0,0,0,0,,,,
BASSTA,2009,7,30,6,20.1,,,,,,,,985,,5.9,,234,0,0,0,0,0,0,,,,
BASSTA,2009,7,30,7,19.8,,,,,,,,985.7,,5.4,,263,1622.7,43.4,0,0,0,0,,,,
BASSTA,2009,7,30,8,20.2,,,,,,,,986.1,,4.2,,328,909.4,54.1,0,0,0,0,,,,
BASSTA,2009,7,30,9,20.6,,,,,,,,986.3,,5,,319,263.9,196.8,0,0,0,0,,,,
BASSTA,2009,7,30,10,21.4,,,,,,,,986.4,,5,,475,416.1,221.3,0,0,0,0,,,,
BASSTA,2009,7,30,11,21.6,,,,,,,,986.3,,4.8,,505,267.3,309.6,0,0,0,0,,,,
BASSTA,2009,7,30,12,22,,,,,,,,986.1,,3.9,,577,289.4,340.2,0,0,0,0,,,,
BASSTA,2009,7,30,13,22.4,,,,,,,,986.1,,3.7,,686,441.4,303.9,0,0,0,0,,,,
BASSTA,2009,7,30,14,22.7,,,,,,,,985.8,,3.3,,617,295.8,359.7,0,0,0,0,,,,
BASSTA,2009,7,30,15,23.2,,,,,,,,985.8,,4,,606,328.6,333,0,0,0,0,,,,
BASSTA,2009,7,30,16,22.6,,,,,,,,985.6,,3.8,,411,98.5,337,0,0,0,0,,,,
BASSTA,2009,7,30,17,21.9,,,,,,,,985.6,,3.8,,254,20.9,240.7,0,0,0,0,,,,
BASSTA,2009,7,30,18,21.1,,,,,,,,985.7,,2.8,,98,2.7,96.7,0,0,0,0,,,,
BASSTA,2009,7,30,19,19.7,,,,,,,,986.1,,2.5,,4,0,4,0,0,0,0,,,,
BASSTA,2009,7,30,20,18.2,,,,,,,,986.6,,2.2,,1,0,1,0,0,0,0,,,,
BASSTA,2009,7,30,21,17.6,,,,,,,,986.7,,2.2,,2,0,0,0,0,0,0,,,,
BASSTA,2009,7,30,22,18,,,,,,,,986.8,,2,,2,0,0,0,0,0,0,,,,
BASSTA,2009,7,30,23,17.1,,,,,,,,986.9,,1.1,,2,0,0,0,0,0,0,,,,
BASSTA,2009,7,31,0,15.6,,,,,,,,986.8,,2,,2,0,0,0,0,0,0,,,,
BASSTA,2009,7,31,1,15,,,,,,,,986.6,,1.2,,1,0,0,0,0,0,0,,,,
BASSTA,2009,7,31,2,14.2,,,,,,,,986.4,,0.9,,2,0,0,0,0,0,0,,,,
BASSTA,2009,7,31,3,14,,,,,,,,986.4,,0.9,,3,0,0,0,0,0,0,,,,
BASSTA,2009,7,31,4,14.1,,,,,,,,986.1,,0.5,,7,0,0,0,0,0,0,,,,
BASSTA,2009,7,31,5,14.5,,,,,,,,985.8,,0.4,,57,0,0,0,0,0,0,,,,
BASSTA,2009,7,31,6,15.3,,,,,,,,985.8,,0.5,,114,0,0,0,0,0,0,,,,
BASSTA,2009,7,31,7,16.3,,,,,,,,985.4,,1.2,,262,1652.7,43.2,0,0,0,0,,,,
BASSTA,2009,7,31,8,17.8,,,,,,,,984.9,,1.1,,364,1018.6,60.1,0,0,0,0,,,,
BASSTA,2009,7,31,9,19.1,,,,,,,,984.5,,1.4,,560,1015.1,92.4,0,0,0,0,,,,
BASSTA,2009,7,31,10,20.1,,,,,,,,984.4,,1.9,,609,824.3,108.3,0,0,0,0,,,,
BASSTA,2009,7,31,11,21.5,,,,,,,,983.9,,2.3,,750,857.2,125.4,0,0,0,0,,,,
BASSTA,2009,7,31,12,22.4,,,,,,,,983.5,,1.3,,754,694.9,187,0,0,0,0,,,,
BASSTA,2009,7,31,13,23.3,,,,,,,,982.9,,1.4,,692,457.9,296.6,0,0,0,0,,,,
BASSTA,2009,7,31,14,23.8,,,,,,,,982.4,,1.4,,615,294.7,359.3,0,0,0,0,,,,
BASSTA,2009,7,31,15,23.9,,,,,,,,981.9,,1.3,,436,82,368.1,0,0,0,0,,,,
BASSTA,2009,7,31,16,23.5,,,,,,,,981.6,,1.6,,367,58.3,323.3,0,0,0,0,,,,
BASSTA,2009,7,31,17,22.8,,,,,,,,981.3,,1.3,,150,3.8,147.6,0,0,0,0,,,,
BASSTA,2009,7,31,18,22.1,,,,,,,,981.3,,1.6,,60,1,59.5,0,0,0,0,,,,
BASSTA,2009,7,31,19,21.3,,,,,,,,981.3,,1.4,,6,0,6,0,0,0,0,,,,
BASSTA,2009,7,31,20,20.2,,,,,,,,981.4,,1.3,,2,0,2,0,0,0,0,,,,
BASSTA,2009,7,31,21,18.9,,,,,,,,981.1,,1.2,,3,0,0,0,0,0,0,,,,
BASSTA,2009,7,31,22,17.7,,,,,,,,980.9,,0.9,,2,0,0,0,0,0,0,,,,
BASSTA,2009,7,31,23,16.6,,,,,,,,980.9,,0.9,,2,0,0,0,0,0,0,,,,
BASSTA,2009,8,1,0,15.8,,,,,,,,980.4,,1.2,,2,0,0,0,0,0,0,,,,
BASSTA,2009,8,1,1,15.2,,,,,,,,980.1,,0.4,,2,0,0,0,0,0,0,,,,
BASSTA,2009,8,1,2,14.5,,,,,,,,979.9,,0.4,,3,0,0,0,0,0,0,,,,
BASSTA,2009,8,1,3,15.2,,,,,,,,979.7,,1.3,,3,0,0,0,0,0,0,,,,
BASSTA,2009,8,1,4,15.5,,,,,,,,979.6,,1.9,,12,0,0,0,0,0,0,,,,
BASSTA,2009,8,1,5,15.7,,,,,,,,979.7,,1.9,,68,0,0,0,0,0,0,,,,
BASSTA,2009,8,1,6,17.4,,,,,,,,979.4,,1.7,,215,0,0,0,0,0,0,,,,
BASSTA,2009,8,1,7,19.4,,,,,,,,979.1,,2.5,,363,2342.9,59.9,0,0,0,0,,,,
BASSTA,2009,8,1,8,21.6,,,,,,,,978.7,,1.9,,524,1480.2,86.5,0,0,0,0,,,,
BASSTA,2009,8,1,9,24,,,,,,,,978.1,,2,,661,1204.9,109.1,0,0,0,0,,,,
BASSTA,2009,8,1,10,25.4,,,,,,,,977.4,,1.8,,755,1041.9,124.6,0,0,0,0,,,,
BASSTA,2009,8,1,11,27.2,,,,,,,,976.7,,1.1,,792,910.4,130.7,0,0,0,0,,,,
BASSTA,2009,8,1,12,28.3,,,,,,,,976,,1.2,,791,778.3,157.6,0,0,0,0,,,,
BASSTA,2009,8,1,13,29.1,,,,,,,,975.4,,1.5,,738,565.1,251.3,0,0,0,0,,,,
BASSTA,2009,8,1,14,29.6,,,,,,,,974.7,,1.1,,648,361.1,335.4,0,0,0,0,,,,
BASSTA,2009,8,1,15,29.9,,,,,,,,974.1,,1.5,,538,210.2,364.3,0,0,0,0,,,,
BASSTA,2009,8,1,16,29.4,,,,,,,,973.6,,1.9,,388,77.4,330.2,0,0,0,0,,,,
BASSTA,2009,8,1,17,28.8,,,,,,,,973.1,,2.5,,228,12.8,219.9,0,0,0,0,,,,
BASSTA,2009,8,1,18,27.9,,,,,,,,972.6,,3.2,,84,2,83,0,0,0,0,,,,
BASSTA,2009,8,1,19,25.9,,,,,,,,972.4,,2,,4,0,4,0,0,0,0,,,,
BASSTA,2009,8,1,20,24.6,,,,,,,,972.3,,2.3,,1,0,1,0,0,0,0,,,,
BASSTA,2009,8,1,21,23.4,,,,,,,,972.2,,1.8,,2,0,0,0,0,0,0,,,,
BASSTA,2009,8,1,22,23,,,,,,,,972.2,,2,,2,0,0,0,0,0,0,,,,
BASSTA,2009,8,1,23,22.9,,,,,,,,971.8,,2.3,,3,0,0,0,0,0,0,,,,
BASSTA,2009,8,2,0,22.7,,,,,,,,972.4,,2.8,,3,0,0,0,0,0,0,,,,
BASSTA,2009,8,2,1,22,,,,,,,,973.7,,2.7,,3,0,0,0,0,0,0,,,,
BASSTA,2009,8,2,2,22.6,,,,,,,,974.2,,3.1,,3,0,0,0,0,0,0,,,,
BASSTA,2009,8,2,3,20.8,,,,,,,,974.7,,2.7,,1,0,0,0,0,0,0,,,,
BASSTA,2009,8,2,4,19.1,,,,,,,,974.8,,1.5,,3,0,0,0,0,0,0,,,,
BASSTA,2009,8,2,5,18.7,,,,,,,,975,,1.7,,20,0,0,0,0,0,0,,,,
BASSTA,2009,8,2,6,18.9,,,,,,,,976.1,,0.9,,69,0,0,0,0,0,0,,,,
BASSTA,2009,8,2,7,19.4,,,,,,,,976.7,,0.3,,76,150.3,57,0,0,0,0,,,,
BASSTA,2009,8,2,8,19.5,,,,,,,,976.7,,0.9,,64,3.2,63.1,0,0,0,0,,,,
BASSTA,2009,8,2,9,19.2,,,,,,,,976.9,,1.5,,85,2.4,83.9,0,0,0,0,,,,
BASSTA,2009,8,2,10,19.9,,,,,,,,977.1,,1.3,,301,63.8,262.5,0,0,0,0,,,,
BASSTA,2009,8,2,11,19.8,,,,,,,,977.3,,1.8,,120,1.9,118.6,0,0,0,0,,,,
BASSTA,2009,8,2,12,20.2,,,,,,,,977.4,,2.6,,309,16.5,295.6,0,0,0,0,,,,
BASSTA,2009,8,2,13,20.7,,,,,,,,977.3,,2.9,,360,26.6,337.1,0,0,0,0,,,,
BASSTA,2009,8,2,14,19.5,,,,,,,,977.1,,2.3,,135,1.7,133.6,0,0,0,0,,,,
BASSTA,2009,8,2,15,17.8,,,,,,,,978.1,,1.9,,137,1.9,135.5,0,0,0,0,,,,
BASSTA,2009,8,2,16,19.4,,,,,,,,978.5,,1.6,,310,25.9,290.7,0,0,0,0,,,,
BASSTA,2009,8,2,17,19.5,,,,,,,,978.6,,2.6,,155,4.1,152.4,0,0,0,0,,,,
BASSTA,2009,8,2,18,17.7,,,,,,,,979.1,,3.5,,50,0.7,49.7,0,0,0,0,,,,
BASSTA,2009,8,2,19,16.9,,,,,,,,979.6,,2.9,,3,0,3,0,0,0,0,,,,
BASSTA,2009,8,2,20,16.6,,,,,,,,979.9,,1.4,,3,0,3,0,0,0,0,,,,
BASSTA,2009,8,2,21,16.5,,,,,,,,980.3,,1.1,,3,0,0,0,0,0,0,,,,
BASSTA,2009,8,2,22,16.4,,,,,,,,980.1,,0.9,,2,0,0,0,0,0,0,,,,
BASSTA,2009,8,2,23,16.3,,,,,,,,979.8,,0.7,,3,0,0,0,0,0,0,,,,
BASSTA,2009,8,3,0,16.3,,,,,,,,979.7,,0.7,,3,0,0,0,0,0,0,,,,
BASSTA,2009,8,3,1,16.2,,,,,,,,979.3,,0.8,,3,0,0,0,0,0,0,,,,
BASSTA,2009,8,3,2,16.3,,,,,,,,979.2,,0.7,,3,0,0,0,0,0,0,,,,
BASSTA,2009,8,3,3,16.2,,,,,,,,979.1,,0.8,,2,0,0,0,0,0,0,,,,
BASSTA,2009,8,3,4,15.9,,,,,,,,979.1,,1.1,,3,0,0,0,0,0,0,,,,
BASSTA,2009,8,3,5,15.9,,,,,,,,979.2,,1.1,,14,0,0,0,0,0,0,,,,
BASSTA,2009,8,3,6,15.8,,,,,,,,979.3,,1.4,,23,0,0,0,0,0,0,,,,
BASSTA,2009,8,3,7,16.1,,,,,,,,979.5,,0.6,,51,24.9,47.9,0,0,0,0,,,,
BASSTA,2009,8,3,8,16.3,,,,,,,,979.6,,1.4,,85,5.9,83.3,0,0,0,0,,,,
BASSTA,2009,8,3,9,16.1,,,,,,,,979.7,,0.6,,88,2.6,86.8,0,0,0,0,,,,
BASSTA,2009,8,3,10,16.5,,,,,,,,979.6,,1,,103,2,101.8,0,0,0,0,,,,
BASSTA,2009,8,3,11,17.3,,,,,,,,979.7,,1.2,,221,6.7,216.2,0,0,0,0,,,,
BASSTA,2009,8,3,12,17.7,,,,,,,,979.5,,2.7,,248,6.7,242.6,0,0,0,0,,,,
BASSTA,2009,8,3,13,17.9,,,,,,,,979.5,,2.3,,165,2.5,162.8,0,0,0,0,,,,
BASSTA,2009,8,3,14,18.6,,,,,,,,979.4,,1.2,,234,5,229.7,0,0,0,0,,,,
BASSTA,2009,8,3,15,18.9,,,,,,,,979.4,,1.1,,115,1.3,113.9,0,0,0,0,,,,
BASSTA,2009,8,3,16,18.6,,,,,,,,979.5,,1.2,,87,0.9,86.3,0,0,0,0,,,,
BASSTA,2009,8,3,17,18,,,,,,,,979.7,,2.1,,44,0.3,43.8,0,0,0,0,,,,
BASSTA,2009,8,3,18,17.7,,,,,,,,980.1,,2.2,,22,0.1,21.9,0,0,0,0,,,,
BASSTA,2009,8,3,19,17.4,,,,,,,,980.6,,2,,2,0,2,0,0,0,0,,,,
BASSTA,2009,8,3,20,17,,,,,,,,981.1,,1.6,,2,0,2,0,0,0,0,,,,
BASSTA,2009,8,3,21,16.8,,,,,,,,981.5,,0.9,,1,0,0,0,0,0,0,,,,
BASSTA,2009,8,3,22,17.1,,,,,,,,981.9,,1.1,,2,0,0,0,0,0,0,,,,
BASSTA,2009,8,3,23,16.6,,,,,,,,981.9,,1.4,,1,0,0,0,0,0,0,,,,
BASSTA,2009,8,4,0,16.4,,,,,,,,981.9,,1.4,,2,0,0,0,0,0,0,,,,
BASSTA,2009,8,4,1,16.1,,,,,,,,981.9,,0.7,,1,0,0,0,0,0,0,,,,
BASSTA,2009,8,4,2,15.8,,,,,,,,982.1,,0.8,,1,0,0,0,0,0,0,,,,
BASSTA,2009,8,4,3,15.2,,,,,,,,982.6,,1,,2,0,0,0,0,0,0,,,,
BASSTA,2009,8,4,4,15,,,,,,,,983,,0.8,,6,0,0,0,0,0,0,,,,
BASSTA,2009,8,4,5,15.3,,,,,,,,983.4,,0.7,,57,0,0,0,0,0,0,,,,
BASSTA,2009,8,4,6,15.9,,,,,,,,983.6,,0.4,,103,0,0,0,0,0,0,,,,
BASSTA,2009,8,4,7,16.4,,,,,,,,983.9,,0.5,,200,1389.7,33,0,0,0,0,,,,
BASSTA,2009,8,4,8,18,,,,,,,,983.8,,0.1,,389,1131.7,64.2,0,0,0,0,,,,
BASSTA,2009,8,4,9,19.9,,,,,,,,983.7,,1.2,,640,1187.3,105.6,0,0,0,0,,,,
BASSTA,2009,8,4,10,21,,,,,,,,983.7,,1.3,,565,732.6,127.2,0,0,0,0,,,,
BASSTA,2009,8,4,11,21.4,,,,,,,,983.5,,1.8,,551,391,269.7,0,0,0,0,,,,
BASSTA,2009,8,4,12,22.1,,,,,,,,983.3,,1.8,,774,756.3,163.6,0,0,0,0,,,,
BASSTA,2009,8,4,13,23.1,,,,,,,,982.9,,1.8,,719,533.9,262.7,0,0,0,0,,,,
BASSTA,2009,8,4,14,23.5,,,,,,,,982.5,,1.1,,620,315.3,349.2,0,0,0,0,,,,
BASSTA,2009,8,4,15,23.5,,,,,,,,982.3,,1.4,,399,56.4,352.8,0,0,0,0,,,,
BASSTA,2009,8,4,16,23.3,,,,,,,,982.2,,1.9,,355,52.8,316,0,0,0,0,,,,
BASSTA,2009,8,4,17,22.8,,,,,,,,982,,1.9,,222,12,214.5,0,0,0,0,,,,
BASSTA,2009,8,4,18,21.6,,,,,,,,982.1,,1.4,,77,1.8,76.2,0,0,0,0,,,,
BASSTA,2009,8,4,19,20.4,,,,,,,,982.5,,0.8,,2,0,2,0,0,0,0,,,,
BASSTA,2009,8,4,20,18.7,,,,,,,,982.8,,0.9,,0,0,0,0,0,0,0,,,,
BASSTA,2009,8,4,21,16.8,,,,,,,,983.1,,0.5,,1,0,0,0,0,0,0,,,,
BASSTA,2009,8,4,22,16,,,,,,,,983.3,,0.5,,1,0,0,0,0,0,0,,,,
BASSTA,2009,8,4,23,15,,,,,,,,983.4,,1.1,,1,0,0,0,0,0,0,,,,
BASSTA,2009,8,5,0,14.5,,,,,,,,983.2,,1.7,,1,0,0,0,0,0,0,,,,
BASSTA,2009,8,5,1,14.2,,,,,,,,983,,2,,1,0,0,0,0,0,0,,,,
BASSTA,2009,8,5,2,13.7,,,,,,,,982.9,,1,,1,0,0,0,0,0,0,,,,
BASSTA,2009,8,5,3,13.3,,,,,,,,982.8,,1.4,,2,0,0,0,0,0,0,,,,
BASSTA,2009,8,5,4,13.2,,,,,,,,982.9,,1.1,,6,0,0,0,0,0,0,,,,
BASSTA,2009,8,5,5,13.7,,,,,,,,983,,0.8,,67,0,0,0,0,0,0,,,,
BASSTA,2009,8,5,6,15.2,,,,,,,,983,,0.6,,235,0,0,0,0,0,0,,,,
BASSTA,2009,8,5,7,17.4,,,,,,,,982.9,,0.6,,377,2689.7,62.2,0,0,0,0,,,,
BASSTA,2009,8,5,8,19.9,,,,,,,,982.7,,1,,511,1501.9,84.3,0,0,0,0,,,,
BASSTA,2009,8,5,9,22,,,,,,,,982.4,,1.9,,595,1110.5,98.2,0,0,0,0,,,,
BASSTA,2009,8,5,10,22.6,,,,,,,,982.2,,1.5,,694,973.8,114.5,0,0,0,0,,,,
BASSTA,2009,8,5,11,24,,,,,,,,982,,1.6,,712,810,131.2,0,0,0,0,,,,
BASSTA,2009,8,5,12,25.3,,,,,,,,981.7,,1.5,,793,798.7,150.3,0,0,0,0,,,,
BASSTA,2009,8,5,13,26.2,,,,,,,,981.4,,1.5,,746,600.3,234.5,0,0,0,0,,,,
BASSTA,2009,8,5,14,26.6,,,,,,,,981.1,,1,,650,378.6,325.8,0,0,0,0,,,,
BASSTA,2009,8,5,15,26.6,,,,,,,,981,,1.2,,483,139.2,369.3,0,0,0,0,,,,
BASSTA,2009,8,5,16,26.2,,,,,,,,980.9,,1.3,,283,17.3,270.3,0,0,0,0,,,,
BASSTA,2009,8,5,17,25.9,,,,,,,,980.7,,1.9,,199,7.8,194.2,0,0,0,0,,,,
BASSTA,2009,8,5,18,24.9,,,,,,,,980.8,,1.8,,71,1.5,70.3,0,0,0,0,,,,
BASSTA,2009,8,5,19,22,,,,,,,,981.1,,0.6,,3,0,3,0,0,0,0,,,,
BASSTA,2009,8,5,20,20.8,,,,,,,,981.4,,0.9,,1,0,1,0,0,0,0,,,,
BASSTA,2009,8,5,21,18.8,,,,,,,,981.5,,0.7,,1,0,0,0,0,0,0,,,,
BASSTA,2009,8,5,22,17.8,,,,,,,,981.6,,0.8,,1,0,0,0,0,0,0,,,,
BASSTA,2009,8,5,23,17.2,,,,,,,,981.5,,0.4,,1,0,0,0,0,0,0,,,,
BASSTA,2009,8,6,0,16.4,,,,,,,,981.4,,0.8,,1,0,0,0,0,0,0,,,,
BASSTA,2009,8,6,1,15.9,,,,,,,,981.4,,0.3,,2,0,0,0,0,0,0,,,,
BASSTA,2009,8,6,2,15.4,,,,,,,,981.4,,0.2,,2,0,0,0,0,0,0,,,,
BASSTA,2009,8,6,3,14.9,,,,,,,,981.5,,0.5,,2,0,0,0,0,0,0,,,,
BASSTA,2009,8,6,4,14.7,,,,,,,,981.6,,0.5,,6,0,0,0,0,0,0,,,,
BASSTA,2009,8,6,5,15.8,,,,,,,,981.5,,0.8,,60,0,0,0,0,0,0,,,,
BASSTA,2009,8,6,6,17.5,,,,,,,,981.5,,1,,226,0,0,0,0,0,0,,,,
BASSTA,2009,8,6,7,19.7,,,,,,,,981.4,,1.2,,384,2815.6,63.4,0,0,0,0,,,,
BASSTA,2009,8,6,8,22.2,,,,,,,,981.2,,2.1,,532,1580.1,87.8,0,0,0,0,,,,
BASSTA,2009,8,6,9,23.8,,,,,,,,981,,2,,654,1228.1,107.9,0,0,0,0,,,,
BASSTA,2009,8,6,10,25.3,,,,,,,,980.9,,1.6,,730,1028.7,120.5,0,0,0,0,,,,
BASSTA,2009,8,6,11,26.6,,,,,,,,980.4,,1.6,,782,913.8,129,0,0,0,0,,,,
BASSTA,2009,8,6,12,27.4,,,,,,,,980.1,,1.3,,799,814,146,0,0,0,0,,,,
BASSTA,2009,8,6,13,28.3,,,,,,,,979.6,,1.5,,742,595.6,235.9,0,0,0,0,,,,
BASSTA,2009,8,6,14,28.4,,,,,,,,979.4,,1.4,,655,392.7,319.7,0,0,0,0,,,,
BASSTA,2009,8,6,15,28.7,,,,,,,,979.2,,1.5,,543,231.2,354.8,0,0,0,0,,,,
BASSTA,2009,8,6,16,28.3,,,,,,,,978.9,,1.5,,383,78.9,325.2,0,0,0,0,,,,
BASSTA,2009,8,6,17,27.5,,,,,,,,978.8,,1.5,,194,7.3,189.5,0,0,0,0,,,,
BASSTA,2009,8,6,18,26.1,,,,,,,,978.9,,1.3,,31,0.3,30.9,0,0,0,0,,,,
BASSTA,2009,8,6,19,23.2,,,,,,,,979.1,,0.7,,4,0,4,0,0,0,0,,,,
BASSTA,2009,8,6,20,21.6,,,,,,,,979.3,,0.8,,1,0,1,0,0,0,0,,,,
BASSTA,2009,8,6,21,20.3,,,,,,,,979.2,,0.4,,1,0,0,0,0,0,0,,,,
BASSTA,2009,8,6,22,19.4,,,,,,,,979.3,,1.1,,1,0,0,0,0,0,0,,,,
BASSTA,2009,8,6,23,18.7,,,,,,,,979.3,,1,,1,0,0,0,0,0,0,,,,
BASSTA,2009,8,7,0,17.8,,,,,,,,979.2,,0.5,,1,0,0,0,0,0,0,,,,
BASSTA,2009,8,7,1,17.3,,,,,,,,979,,0.4,,2,0,0,0,0,0,0,,,,
BASSTA,2009,8,7,2,17.6,,,,,,,,979.1,,1,,1,0,0,0,0,0,0,,,,
BASSTA,2009,8,7,3,17.5,,,,,,,,979.2,,1.3,,2,0,0,0,0,0,0,,,,
BASSTA,2009,8,7,4,17.5,,,,,,,,979.4,,1.5,,6,0,0,0,0,0,0,,,,
BASSTA,2009,8,7,5,17.9,,,,,,,,979.6,,2.4,,64,0,0,0,0,0,0,,,,
BASSTA,2009,8,7,6,19.1,,,,,,,,979.6,,1.8,,218,0,0,0,0,0,0,,,,
BASSTA,2009,8,7,7,21,,,,,,,,979.7,,1.5,,343,2587.4,56.6,0,0,0,0,,,,
BASSTA,2009,8,7,8,23.1,,,,,,,,979.6,,1.1,,485,1456,80,0,0,0,0,,,,
BASSTA,2009,8,7,9,25,,,,,,,,979.8,,0.8,,620,1171.6,102.3,0,0,0,0,,,,
BASSTA,2009,8,7,10,26.4,,,,,,,,979.7,,1.5,,705,997.9,116.3,0,0,0,0,,,,
BASSTA,2009,8,7,11,27.3,,,,,,,,979.6,,1.3,,755,885.3,124.6,0,0,0,0,,,,
BASSTA,2009,8,7,12,28.3,,,,,,,,979.4,,2.1,,785,792.1,151.4,0,0,0,0,,,,
BASSTA,2009,8,7,13,29,,,,,,,,979.3,,1.8,,743,602.6,232.4,0,0,0,0,,,,
BASSTA,2009,8,7,14,29.1,,,,,,,,979,,2.2,,635,355,332.8,0,0,0,0,,,,
BASSTA,2009,8,7,15,28.7,,,,,,,,978.8,,2.5,,409,66.4,355.1,0,0,0,0,,,,
BASSTA,2009,8,7,16,28.2,,,,,,,,978.6,,2.9,,296,22.4,279.6,0,0,0,0,,,,
BASSTA,2009,8,7,17,26.7,,,,,,,,979.1,,4.5,,115,2.4,113.5,0,0,0,0,,,,
BASSTA,2009,8,7,18,23.8,,,,,,,,979.9,,4.1,,17,0.1,17,0,0,0,0,,,,
BASSTA,2009,8,7,19,22.6,,,,,,,,980.2,,1.7,,3,0,3,0,0,0,0,,,,
BASSTA,2009,8,7,20,22.3,,,,,,,,980.5,,1.4,,2,0,2,0,0,0,0,,,,
BASSTA,2009,8,7,21,21.6,,,,,,,,980.7,,0.9,,2,0,0,0,0,0,0,,,,
BASSTA,2009,8,7,22,21.2,,,,,,,,980.8,,0.7,,3,0,0,0,0,0,0,,,,
BASSTA,2009,8,7,23,21.4,,,,,,,,980.6,,1.3,,3,0,0,0,0,0,0,,,,
BASSTA,2009,8,8,0,21,,,,,,,,980.3,,0.7,,3,0,0,0,0,0,0,,,,
BASSTA,2009,8,8,1,20.8,,,,,,,,980.1,,0.4,,3,0,0,0,0,0,0,,,,
BASSTA,2009,8,8,2,20.6,,,,,,,,979.8,,0.3,,3,0,0,0,0,0,0,,,,
BASSTA,2009,8,8,3,20.5,,,,,,,,979.6,,0.2,,2,0,0,0,0,0,0,,,,
BASSTA,2009,8,8,4,20.4,,,,,,,,979.6,,0,,5,0,0,0,0,0,0,,,,
BASSTA,2009,8,8,5,20.5,,,,,,,,979.9,,0.8,,21,0,0,0,0,0,0,,,,
BASSTA,2009,8,8,6,20.1,,,,,,,,980.5,,0.9,,28,0,0,0,0,0,0,,,,
BASSTA,2009,8,8,7,19.5,,,,,,,,980.8,,1.5,,9,0.5,8.9,0,0,0,0,,,,
BASSTA,2009,8,8,8,19.5,,,,,,,,980.9,,0.6,,24,0.5,23.9,0,0,0,0,,,,
BASSTA,2009,8,8,9,19.5,,,,,,,,981.1,,1.4,,43,0.7,42.7,0,0,0,0,,,,
BASSTA,2009,8,8,10,19.7,,,,,,,,981.2,,1.2,,42,0.3,41.8,0,0,0,0,,,,
BASSTA,2009,8,8,11,19.5,,,,,,,,981.3,,1.2,,30,0.1,29.9,0,0,0,0,,,,
BASSTA,2009,8,8,12,19.3,,,,,,,,981.3,,1.4,,52,0.3,51.8,0,0,0,0,,,,
BASSTA,2009,8,8,13,19.2,,,,,,,,981.1,,0.8,,100,0.9,99.2,0,0,0,0,,,,
BASSTA,2009,8,8,14,19.4,,,,,,,,981.1,,1.6,,145,2,143.3,0,0,0,0,,,,
BASSTA,2009,8,8,15,19.7,,,,,,,,980.9,,1.6,,138,2,136.4,0,0,0,0,,,,
BASSTA,2009,8,8,16,19.8,,,,,,,,980.8,,0.8,,139,2.5,137.2,0,0,0,0,,,,
BASSTA,2009,8,8,17,19.8,,,,,,,,980.5,,0.6,,116,2.5,114.5,0,0,0,0,,,,
BASSTA,2009,8,8,18,19.9,,,,,,,,980.4,,0.1,,52,0.8,51.6,0,0,0,0,,,,
BASSTA,2009,8,8,19,19.5,,,,,,,,980.9,,0.6,,3,0,3,0,0,0,0,,,,
BASSTA,2009,8,8,20,19.1,,,,,,,,981.1,,0.7,,3,0,3,0,0,0,0,,,,
BASSTA,2009,8,8,21,18.5,,,,,,,,980.8,,1,,2,0,0,0,0,0,0,,,,
BASSTA,2009,8,8,22,17.9,,,,,,,,980.5,,1.3,,2,0,0,0,0,0,0,,,,
BASSTA,2009,8,8,23,18.1,,,,,,,,980.6,,1.1,,2,0,0,0,0,0,0,,,,
BASSTA,2009,8,9,0,18.3,,,,,,,,980.7,,0.7,,3,0,0,0,0,0,0,,,,
BASSTA,2009,8,9,1,18.2,,,,,,,,980.5,,0.7,,3,0,0,0,0,0,0,,,,
BASSTA,2009,8,9,2,17.8,,,,,,,,980,,1.5,,3,0,0,0,0,0,0,,,,
BASSTA,2009,8,9,3,17.8,,,,,,,,980,,1.9,,2,0,0,0,0,0,0,,,,
BASSTA,2009,8,9,4,17.6,,,,,,,,980.2,,1,,5,0,0,0,0,0,0,,,,
BASSTA,2009,8,9,5,17.7,,,,,,,,980.3,,0.8,,25,0,0,0,0,0,0,,,,
BASSTA,2009,8,9,6,17.8,,,,,,,,980.4,,1,,77,0,0,0,0,0,0,,,,
BASSTA,2009,8,9,7,18.5,,,,,,,,980.4,,0.1,,180,1441.9,29.7,0,0,0,0,,,,
BASSTA,2009,8,9,8,19.8,,,,,,,,979.9,,0.6,,390,1196.9,64.4,0,0,0,0,,,,
BASSTA,2009,8,9,9,21.5,,,,,,,,979.8,,1.1,,616,1179.2,101.6,0,0,0,0,,,,
BASSTA,2009,8,9,10,23.2,,,,,,,,979.6,,1.5,,779,1112.7,128.5,0,0,0,0,,,,
BASSTA,2009,8,9,11,23.6,,,,,,,,979.2,,1.3,,646,673.2,170.1,0,0,0,0,,,,
BASSTA,2009,8,9,12,24.2,,,,,,,,978.8,,1.3,,595,358.9,309.7,0,0,0,0,,,,
BASSTA,2009,8,9,13,25.3,,,,,,,,978.3,,1.8,,638,374.6,322.5,0,0,0,0,,,,
BASSTA,2009,8,9,14,25.4,,,,,,,,977.8,,1.7,,556,217,372.4,0,0,0,0,,,,
BASSTA,2009,8,9,15,25.6,,,,,,,,977.5,,1.6,,481,144.4,364.6,0,0,0,0,,,,
BASSTA,2009,8,9,16,25,,,,,,,,977.4,,1.8,,300,24.9,281.9,0,0,0,0,,,,
BASSTA,2009,8,9,17,24.2,,,,,,,,977.2,,2,,125,2.9,123.3,0,0,0,0,,,,
BASSTA,2009,8,9,18,23.5,,,,,,,,977.4,,2.1,,31,0.3,30.9,0,0,0,0,,,,
BASSTA,2009,8,9,19,22.4,,,,,,,,978,,1.4,,1,0,1,0,0,0,0,,,,
BASSTA,2009,8,9,20,21.6,,,,,,,,978.4,,1.6,,1,0,1,0,0,0,0,,,,
BASSTA,2009,8,9,21,21.2,,,,,,,,978.5,,1.7,,1,0,0,0,0,0,0,,,,
BASSTA,2009,8,9,22,20.5,,,,,,,,978.4,,1.7,,1,0,0,0,0,0,0,,,,
BASSTA,2009,8,9,23,20.1,,,,,,,,978.6,,1.5,,1,0,0,0,0,0,0,,,,
BASSTA,2009,8,10,0,20.2,,,,,,,,978.4,,1.3,,1,0,0,0,0,0,0,,,,
BASSTA,2009,8,10,1,20.2,,,,,,,,978.4,,1.3,,1,0,0,0,0,0,0,,,,
BASSTA,2009,8,10,2,20.1,,,,,,,,978.5,,0.9,,1,0,0,0,0,0,0,,,,
BASSTA,2009,8,10,3,19.7,,,,,,,,978.4,,1.7,,2,0,0,0,0,0,0,,,,
BASSTA,2009,8,10,4,19.1,,,,,,,,978.7,,1,,3,0,0,0,0,0,0,,,,
BASSTA,2009,8,10,5,19.3,,,,,,,,979.3,,1,,27,0,0,0,0,0,0,,,,
BASSTA,2009,8,10,6,20,,,,,,,,979.4,,0.6,,57,0,0,0,0,0,0,,,,
BASSTA,2009,8,10,7,20.3,,,,,,,,979.7,,0.5,,71,283.6,42.4,0,0,0,0,,,,
BASSTA,2009,8,10,8,20.9,,,,,,,,980,,1.1,,311,965.4,51.3,0,0,0,0,,,,
BASSTA,2009,8,10,9,22.2,,,,,,,,980,,1.4,,561,1081,92.6,0,0,0,0,,,,
BASSTA,2009,8,10,10,22.9,,,,,,,,979.9,,2,,483,509.9,186.3,0,0,0,0,,,,
BASSTA,2009,8,10,11,23.2,,,,,,,,979.6,,1.6,,436,168.8,317.1,0,0,0,0,,,,
BASSTA,2009,8,10,12,21,,,,,,,,979.6,,1.6,,103,1.1,102.1,0,0,0,0,,,,
BASSTA,2009,8,10,13,18.9,,,,,,,,980.6,,2.8,,23,0.1,23,0,0,0,0,,,,
BASSTA,2009,8,10,14,18.8,,,,,,,,980.9,,1.3,,30,0.1,29.9,0,0,0,0,,,,
BASSTA,2009,8,10,15,19.1,,,,,,,,980.7,,1.1,,120,1.5,118.8,0,0,0,0,,,,
BASSTA,2009,8,10,16,20.2,,,,,,,,980.4,,0.9,,293,22.6,276.7,0,0,0,0,,,,
BASSTA,2009,8,10,17,20.4,,,,,,,,980.4,,1.5,,171,5.4,167.7,0,0,0,0,,,,
BASSTA,2009,8,10,18,20.3,,,,,,,,981,,1.5,,66,1.4,65.4,0,0,0,0,,,,
BASSTA,2009,8,10,19,19.4,,,,,,,,981.5,,1.2,,3,0,3,0,0,0,0,,,,
BASSTA,2009,8,10,20,19.3,,,,,,,,981.9,,2.8,,3,0,3,0,0,0,0,,,,
BASSTA,2009,8,10,21,19,,,,,,,,982.2,,1.2,,3,0,0,0,0,0,0,,,,
BASSTA,2009,8,10,22,18.8,,,,,,,,982.4,,1.9,,3,0,0,0,0,0,0,,,,
BASSTA,2009,8,10,23,18.7,,,,,,,,982.7,,1.1,,3,0,0,0,0,0,0,,,,
BASSTA,2009,8,11,0,18.6,,,,,,,,982.8,,1.5,,3,0,0,0,0,0,0,,,,
BASSTA,2009,8,11,1,18.4,,,,,,,,982.9,,1,,3,0,0,0,0,0,0,,,,
BASSTA,2009,8,11,2,18,,,,,,,,982.7,,2.1,,3,0,0,0,0,0,0,,,,
BASSTA,2009,8,11,3,18,,,,,,,,982.5,,2,,3,0,0,0,0,0,0,,,,
BASSTA,2009,8,11,4,17.6,,,,,,,,982.9,,0.9,,4,0,0,0,0,0,0,,,,
BASSTA,2009,8,11,5,17.7,,,,,,,,983.3,,0.9,,41,0,0,0,0,0,0,,,,
BASSTA,2009,8,11,6,19.1,,,,,,,,983.6,,1.3,,206,0,0,0,0,0,0,,,,
BASSTA,2009,8,11,7,20.6,,,,,,,,983.7,,1.7,,375,3205.8,61.9,0,0,0,0,,,,
BASSTA,2009,8,11,8,21.7,,,,,,,,983.9,,3.2,,530,1664.4,87.5,0,0,0,0,,,,
BASSTA,2009,8,11,9,22.7,,,,,,,,984.1,,3.9,,643,1247.4,106.1,0,0,0,0,,,,
BASSTA,2009,8,11,10,22.8,,,,,,,,984.1,,4,,589,841.8,101.5,0,0,0,0,,,,
BASSTA,2009,8,11,11,22.4,,,,,,,,984,,3.4,,343,56.9,303.1,0,0,0,0,,,,
BASSTA,2009,8,11,12,23.1,,,,,,,,983.9,,3.2,,406,72.7,348.6,0,0,0,0,,,,
BASSTA,2009,8,11,13,22.7,,,,,,,,984,,4.1,,337,21.5,319,0,0,0,0,,,,
BASSTA,2009,8,11,14,23.3,,,,,,,,984,,3.3,,357,28.2,333.3,0,0,0,0,,,,
BASSTA,2009,8,11,15,23.3,,,,,,,,984,,3.9,,391,56.9,345.5,0,0,0,0,,,,
BASSTA,2009,8,11,16,22.8,,,,,,,,983.9,,3.2,,255,11.7,246.6,0,0,0,0,,,,
BASSTA,2009,8,11,17,22.2,,,,,,,,984,,2.9,,159,4.8,156.1,0,0,0,0,,,,
BASSTA,2009,8,11,18,21.6,,,,,,,,984.1,,2.7,,27,0.2,26.9,0,0,0,0,,,,
BASSTA,2009,8,11,19,20.7,,,,,,,,984.2,,1.1,,3,0,3,0,0,0,0,,,,
BASSTA,2009,8,11,20,19.8,,,,,,,,984.4,,0.8,,2,0,2,0,0,0,0,,,,
BASSTA,2009,8,11,21,18.8,,,,,,,,984.5,,1.2,,1,0,0,0,0,0,0,,,,
BASSTA,2009,8,11,22,18.5,,,,,,,,984.5,,1.2,,2,0,0,0,0,0,0,,,,
BASSTA,2009,8,11,23,17.9,,,,,,,,984.5,,0.7,,3,0,0,0,0,0,0,,,,
BASSTA,2009,8,12,0,17.7,,,,,,,,984.4,,1.5,,2,0,0,0,0,0,0,,,,
BASSTA,2009,8,12,1,17.9,,,,,,,,984.1,,1.1,,3,0,0,0,0,0,0,,,,
BASSTA,2009,8,12,2,17.9,,,,,,,,984,,1.2,,2,0,0,0,0,0,0,,,,
BASSTA,2009,8,12,3,17.8,,,,,,,,984.3,,0.7,,2,0,0,0,0,0,0,,,,
BASSTA,2009,8,12,4,17,,,,,,,,984.6,,0.8,,3,0,0,0,0,0,0,,,,
BASSTA,2009,8,12,5,17,,,,,,,,985,,0.9,,38,0,0,0,0,0,0,,,,
BASSTA,2009,8,12,6,18,,,,,,,,985.1,,1.3,,172,0,0,0,0,0,0,,,,
BASSTA,2009,8,12,7,19.7,,,,,,,,985.1,,1.3,,325,2876,53.6,0,0,0,0,,,,
BASSTA,2009,8,12,8,21,,,,,,,,985.1,,1.1,,392,1245.8,64.7,0,0,0,0,,,,
BASSTA,2009,8,12,9,22,,,,,,,,985,,1.2,,420,792.6,81.2,0,0,0,0,,,,
BASSTA,2009,8,12,10,23.2,,,,,,,,984.5,,1.2,,667,966.4,110.1,0,0,0,0,,,,
BASSTA,2009,8,12,11,24.2,,,,,,,,984.1,,1.9,,702,824.9,125.5,0,0,0,0,,,,
BASSTA,2009,8,12,12,25.1,,,,,,,,983.7,,2,,808,853.5,136.4,0,0,0,0,,,,
BASSTA,2009,8,12,13,25.6,,,,,,,,983.3,,2.5,,760,667,203.6,0,0,0,0,,,,
BASSTA,2009,8,12,14,25.7,,,,,,,,982.8,,2,,657,422.4,303.2,0,0,0,0,,,,
BASSTA,2009,8,12,15,25.7,,,,,,,,982.4,,2.6,,531,229,348.5,0,0,0,0,,,,
BASSTA,2009,8,12,16,25.2,,,,,,,,982,,3.2,,379,84.1,318.9,0,0,0,0,,,,
BASSTA,2009,8,12,17,24.4,,,,,,,,981.7,,2.9,,217,13.1,209.2,0,0,0,0,,,,
BASSTA,2009,8,12,18,22.9,,,,,,,,981.7,,2.2,,57,1.1,56.5,0,0,0,0,,,,
BASSTA,2009,8,12,19,21.6,,,,,,,,982,,2.1,,1,0,1,0,0,0,0,,,,
BASSTA,2009,8,12,20,20.6,,,,,,,,982.3,,3.3,,1,0,1,0,0,0,0,,,,
BASSTA,2009,8,12,21,20.1,,,,,,,,982.3,,4.1,,1,0,0,0,0,0,0,,,,
BASSTA,2009,8,12,22,18.9,,,,,,,,982.3,,1.6,,2,0,0,0,0,0,0,,,,
BASSTA,2009,8,12,23,18.2,,,,,,,,982.3,,1.3,,1,0,0,0,0,0,0,,,,
BASSTA,2009,8,13,0,18,,,,,,,,982,,1.1,,2,0,0,0,0,0,0,,,,
BASSTA,2009,8,13,1,17.6,,,,,,,,981.7,,1.2,,1,0,0,0,0,0,0,,,,
BASSTA,2009,8,13,2,17.1,,,,,,,,981.5,,1.5,,2,0,0,0,0,0,0,,,,
BASSTA,2009,8,13,3,16.7,,,,,,,,981.3,,1.4,,3,0,0,0,0,0,0,,,,
BASSTA,2009,8,13,4,16.6,,,,,,,,981.1,,1.6,,3,0,0,0,0,0,0,,,,
BASSTA,2009,8,13,5,16.8,,,,,,,,981.1,,1.8,,51,0,0,0,0,0,0,,,,
BASSTA,2009,8,13,6,18.4,,,,,,,,981.3,,1.5,,202,0,0,0,0,0,0,,,,
BASSTA,2009,8,13,7,20.5,,,,,,,,981.3,,1.3,,353,3238.3,58.2,0,0,0,0,,,,
BASSTA,2009,8,13,8,22.8,,,,,,,,981,,1,,506,1627.7,83.5,0,0,0,0,,,,
BASSTA,2009,8,13,9,24.3,,,,,,,,980.8,,0.7,,612,1203.8,101,0,0,0,0,,,,
BASSTA,2009,8,13,10,25.6,,,,,,,,980.5,,3.2,,729,1061.5,120.3,0,0,0,0,,,,
BASSTA,2009,8,13,11,25.9,,,,,,,,980.3,,4.3,,669,757.2,141.9,0,0,0,0,,,,
BASSTA,2009,8,13,12,25.4,,,,,,,,980.1,,4.6,,561,302.2,324,0,0,0,0,,,,
BASSTA,2009,8,13,13,26.2,,,,,,,,979.8,,4.6,,677,478.4,279.3,0,0,0,0,,,,
BASSTA,2009,8,13,14,26.4,,,,,,,,979.4,,4.8,,648,407.3,308.1,0,0,0,0,,,,
BASSTA,2009,8,13,15,26.1,,,,,,,,978.8,,3.7,,445,108.6,358.8,0,0,0,0,,,,
BASSTA,2009,8,13,16,26.1,,,,,,,,978.5,,3.9,,356,63.7,310.7,0,0,0,0,,,,
BASSTA,2009,8,13,17,25.2,,,,,,,,978.4,,3.5,,184,6.9,179.9,0,0,0,0,,,,
BASSTA,2009,8,13,18,24.3,,,,,,,,978.4,,2.6,,38,0.5,37.8,0,0,0,0,,,,
BASSTA,2009,8,13,19,23.2,,,,,,,,978.9,,2,,3,0,3,0,0,0,0,,,,
BASSTA,2009,8,13,20,22.2,,,,,,,,979.5,,2.8,,3,0,3,0,0,0,0,,,,
BASSTA,2009,8,13,21,20.5,,,,,,,,979.9,,3,,2,0,0,0,0,0,0,,,,
BASSTA,2009,8,13,22,19.6,,,,,,,,980.3,,3,,3,0,0,0,0,0,0,,,,
BASSTA,2009,8,13,23,19,,,,,,,,980.4,,1.5,,2,0,0,0,0,0,0,,,,
BASSTA,2009,8,14,0,19,,,,,,,,980.2,,1.1,,3,0,0,0,0,0,0,,,,
BASSTA,2009,8,14,1,18.9,,,,,,,,980.1,,0.9,,3,0,0,0,0,0,0,,,,
BASSTA,2009,8,14,2,18.7,,,,,,,,980.1,,0.8,,3,0,0,0,0,0,0,,,,
BASSTA,2009,8,14,3,18.5,,,,,,,,980.1,,0.7,,2,0,0,0,0,0,0,,,,
BASSTA,2009,8,14,4,18.1,,,,,,,,980.2,,1,,4,0,0,0,0,0,0,,,,
BASSTA,2009,8,14,5,18.1,,,,,,,,980.4,,0.8,,40,0,0,0,0,0,0,,,,
BASSTA,2009,8,14,6,18.4,,,,,,,,980.6,,1.1,,104,0,0,0,0,0,0,,,,
BASSTA,2009,8,14,7,18.2,,,,,,,,981,,1.5,,124,1181.2,20.5,0,0,0,0,,,,
BASSTA,2009,8,14,8,18.5,,,,,,,,981.6,,2,,199,406.4,94.8,0,0,0,0,,,,
BASSTA,2009,8,14,9,19,,,,,,,,981.6,,2.1,,293,270.2,179.1,0,0,0,0,,,,
BASSTA,2009,8,14,10,20.7,,,,,,,,981.4,,2,,563,798.5,107.4,0,0,0,0,,,,
BASSTA,2009,8,14,11,22.2,,,,,,,,981.2,,2,,647,707.5,156.5,0,0,0,0,,,,
BASSTA,2009,8,14,12,23.1,,,,,,,,981,,1.8,,628,457.8,270.3,0,0,0,0,,,,
BASSTA,2009,8,14,13,23.9,,,,,,,,980.8,,2.3,,650,421.9,300.5,0,0,0,0,,,,
BASSTA,2009,8,14,14,24.3,,,,,,,,980.6,,2.3,,572,259.2,356.4,0,0,0,0,,,,
BASSTA,2009,8,14,15,24,,,,,,,,980.4,,1.8,,348,33.7,321.4,0,0,0,0,,,,
BASSTA,2009,8,14,16,24.2,,,,,,,,980.3,,1.7,,383,92.1,317.8,0,0,0,0,,,,
BASSTA,2009,8,14,17,23.5,,,,,,,,980.1,,1.1,,155,4.7,152.2,0,0,0,0,,,,
BASSTA,2009,8,14,18,22.6,,,,,,,,980.2,,0.7,,37,0.5,36.8,0,0,0,0,,,,
BASSTA,2009,8,14,19,21.7,,,,,,,,980.7,,1.4,,2,0,2,0,0,0,0,,,,
BASSTA,2009,8,14,20,21,,,,,,,,981.3,,1.6,,1,0,1,0,0,0,0,,,,
BASSTA,2009,8,14,21,19.8,,,,,,,,981.4,,1.5,,2,0,0,0,0,0,0,,,,
BASSTA,2009,8,14,22,19.1,,,,,,,,981.7,,1.2,,2,0,0,0,0,0,0,,,,
BASSTA,2009,8,14,23,18.7,,,,,,,,981.8,,0.8,,1,0,0,0,0,0,0,,,,
BASSTA,2009,8,15,0,18.5,,,,,,,,981.5,,0,,2,0,0,0,0,0,0,,,,
BASSTA,2009,8,15,1,17.5,,,,,,,,981.4,,1.3,,2,0,0,0,0,0,0,,,,
BASSTA,2009,8,15,2,16.9,,,,,,,,981.4,,0.7,,1,0,0,0,0,0,0,,,,
BASSTA,2009,8,15,3,16.4,,,,,,,,981.3,,1.1,,2,0,0,0,0,0,0,,,,
BASSTA,2009,8,15,4,16.2,,,,,,,,981.3,,1.2,,3,0,0,0,0,0,0,,,,
BASSTA,2009,8,15,5,16.8,,,,,,,,981.5,,0.8,,44,0,0,0,0,0,0,,,,
BASSTA,2009,8,15,6,18,,,,,,,,981.6,,1.5,,192,0,0,0,0,0,0,,,,
BASSTA,2009,8,15,7,19.5,,,,,,,,981.7,,1.7,,356,3527.1,58.7,0,0,0,0,,,,
BASSTA,2009,8,15,8,21.5,,,,,,,,981.7,,1.1,,507,1672.2,83.7,0,0,0,0,,,,
BASSTA,2009,8,15,9,23.3,,,,,,,,981.6,,0.6,,639,1275.1,105.4,0,0,0,0,,,,
BASSTA,2009,8,15,10,25.1,,,,,,,,981.4,,0.8,,730,1073.8,120.5,0,0,0,0,,,,
BASSTA,2009,8,15,11,26.5,,,,,,,,981.1,,0.9,,773,934.8,127.5,0,0,0,0,,,,
BASSTA,2009,8,15,12,27.6,,,,,,,,980.9,,1.2,,770,802,145.7,0,0,0,0,,,,
BASSTA,2009,8,15,13,28.1,,,,,,,,980.6,,1.2,,723,597.5,229.8,0,0,0,0,,,,
BASSTA,2009,8,15,14,28.4,,,,,,,,980.3,,1.7,,632,382,315.5,0,0,0,0,,,,
BASSTA,2009,8,15,15,28.6,,,,,,,,979.9,,1,,515,211.7,348.4,0,0,0,0,,,,
BASSTA,2009,8,15,16,28.6,,,,,,,,979.6,,1.1,,364,74.1,311.8,0,0,0,0,,,,
BASSTA,2009,8,15,17,27.8,,,,,,,,979.4,,0.5,,193,8.5,188,0,0,0,0,,,,
BASSTA,2009,8,15,18,26.8,,,,,,,,979.5,,1.2,,51,0.9,50.6,0,0,0,0,,,,
BASSTA,2009,8,15,19,24.2,,,,,,,,979.9,,1,,2,0,2,0,0,0,0,,,,
BASSTA,2009,8,15,20,22.2,,,,,,,,980.5,,0.7,,1,0,1,0,0,0,0,,,,
BASSTA,2009,8,15,21,21.9,,,,,,,,980.8,,1.1,,2,0,0,0,0,0,0,,,,
BASSTA,2009,8,15,22,21.1,,,,,,,,980.8,,1.3,,2,0,0,0,0,0,0,,,,
BASSTA,2009,8,15,23,20.9,,,,,,,,980.8,,2,,2,0,0,0,0,0,0,,,,
BASSTA,2009,8,16,0,20.4,,,,,,,,980.6,,2.3,,2,0,0,0,0,0,0,,,,
BASSTA,2009,8,16,1,19.8,,,,,,,,980.6,,2.4,,3,0,0,0,0,0,0,,,,
BASSTA,2009,8,16,2,19.3,,,,,,,,980.7,,2.3,,2,0,0,0,0,0,0,,,,
BASSTA,2009,8,16,3,18.9,,,,,,,,980.8,,1.8,,2,0,0,0,0,0,0,,,,
BASSTA,2009,8,16,4,18.6,,,,,,,,980.8,,1.9,,3,0,0,0,0,0,0,,,,
BASSTA,2009,8,16,5,18.7,,,,,,,,981.1,,2.3,,44,0,0,0,0,0,0,,,,
BASSTA,2009,8,16,6,20,,,,,,,,981.4,,2.2,,192,0,0,0,0,0,0,,,,
BASSTA,2009,8,16,7,21.8,,,,,,,,981.3,,1.6,,349,3603.2,57.6,0,0,0,0,,,,
BASSTA,2009,8,16,8,23.8,,,,,,,,981.3,,1.5,,484,1617.1,79.9,0,0,0,0,,,,
BASSTA,2009,8,16,9,25.9,,,,,,,,981.3,,0.8,,567,1139.8,93.6,0,0,0,0,,,,
BASSTA,2009,8,16,10,27.3,,,,,,,,981,,0.3,,677,1001,111.7,0,0,0,0,,,,
BASSTA,2009,8,16,11,28.8,,,,,,,,980.6,,1,,705,851.1,119.8,0,0,0,0,,,,
BASSTA,2009,8,16,12,29,,,,,,,,980.2,,1,,513,221.1,341.6,0,0,0,0,,,,
BASSTA,2009,8,16,13,29.5,,,,,,,,979.9,,0.7,,539,212.7,364,0,0,0,0,,,,
BASSTA,2009,8,16,14,29.8,,,,,,,,979.7,,0.3,,422,70.2,364,0,0,0,0,,,,
BASSTA,2009,8,16,15,30.3,,,,,,,,979.4,,1,,512,210.1,347.4,0,0,0,0,,,,
BASSTA,2009,8,16,16,30.2,,,,,,,,979.1,,1.6,,354,66.4,307.5,0,0,0,0,,,,
BASSTA,2009,8,16,17,28.6,,,,,,,,978.9,,0.9,,154,4.7,151.2,0,0,0,0,,,,
BASSTA,2009,8,16,18,26.4,,,,,,,,979,,1.1,,41,0.6,40.7,0,0,0,0,,,,
BASSTA,2009,8,16,19,24.5,,,,,,,,979.3,,2.8,,1,0,1,0,0,0,0,,,,
BASSTA,2009,8,16,20,23.4,,,,,,,,979.7,,0.9,,1,0,1,0,0,0,0,,,,
BASSTA,2009,8,16,21,22.8,,,,,,,,979.9,,1.9,,0,0,0,0,0,0,0,,,,
BASSTA,2009,8,16,22,21.9,,,,,,,,980.1,,1.6,,1,0,0,0,0,0,0,,,,
BASSTA,2009,8,16,23,21.1,,,,,,,,980.2,,1.9,,1,0,0,0,0,0,0,,,,
BASSTA,2009,8,17,0,20.5,,,,,,,,980.1,,1.9,,2,0,0,0,0,0,0,,,,
BASSTA,2009,8,17,1,20,,,,,,,,979.9,,2,,1,0,0,0,0,0,0,,,,
BASSTA,2009,8,17,2,19.5,,,,,,,,979.9,,2.5,,1,0,0,0,0,0,0,,,,
BASSTA,2009,8,17,3,19.1,,,,,,,,979.5,,3.3,,2,0,0,0,0,0,0,,,,
BASSTA,2009,8,17,4,18.7,,,,,,,,979.4,,3.5,,4,0,0,0,0,0,0,,,,
BASSTA,2009,8,17,5,18.7,,,,,,,,979.7,,2.6,,45,0,0,0,0,0,0,,,,
BASSTA,2009,8,17,6,20,,,,,,,,980,,2,,174,0,0,0,0,0,0,,,,
BASSTA,2009,8,17,7,21.8,,,,,,,,979.9,,1.9,,309,3331,51,0,0,0,0,,,,
BASSTA,2009,8,17,8,24.2,,,,,,,,980,,1.7,,475,1608.1,78.4,0,0,0,0,,,,
BASSTA,2009,8,17,9,26.8,,,,,,,,980,,1,,610,1235.5,100.7,0,0,0,0,,,,
BASSTA,2009,8,17,10,28.5,,,,,,,,979.8,,0.7,,659,979.6,108.7,0,0,0,0,,,,
BASSTA,2009,8,17,11,29.8,,,,,,,,979.4,,0.8,,649,733,147.2,0,0,0,0,,,,
BASSTA,2009,8,17,12,30.5,,,,,,,,978.9,,0.6,,653,536.6,238.4,0,0,0,0,,,,
BASSTA,2009,8,17,13,31.5,,,,,,,,978.3,,1.4,,660,459.7,283.3,0,0,0,0,,,,
BASSTA,2009,8,17,14,31.1,,,,,,,,977.9,,1.5,,382,43.9,345.9,0,0,0,0,,,,
BASSTA,2009,8,17,15,31.1,,,,,,,,977.5,,3.8,,385,59,338.9,0,0,0,0,,,,
BASSTA,2009,8,17,16,30.1,,,,,,,,977.4,,3.4,,328,46.8,295.4,0,0,0,0,,,,
BASSTA,2009,8,17,17,28.6,,,,,,,,977.8,,2.6,,55,0.6,54.6,0,0,0,0,,,,
BASSTA,2009,8,17,18,22.8,,,,,,,,979.4,,5.5,,4,0,4,0,0,0,0,,,,
BASSTA,2009,8,17,19,21.3,,,,,,,,979.7,,4.3,,0,0,0,0,0,0,0,,,,
BASSTA,2009,8,17,20,20.7,,,,,,,,980.1,,3,,1,0,1,0,0,0,0,,,,
BASSTA,2009,8,17,21,20.4,,,,,,,,980.7,,1.1,,1,0,0,0,0,0,0,,,,
BASSTA,2009,8,17,22,20.2,,,,,,,,980.9,,1.3,,1,0,0,0,0,0,0,,,,
BASSTA,2009,8,17,23,19.8,,,,,,,,981.2,,1.3,,2,0,0,0,0,0,0,,,,
BASSTA,2009,8,18,0,19.9,,,,,,,,981.4,,1,,2,0,0,0,0,0,0,,,,
BASSTA,2009,8,18,1,20,,,,,,,,981.6,,1,,2,0,0,0,0,0,0,,,,
BASSTA,2009,8,18,2,19.3,,,,,,,,981.7,,0.7,,2,0,0,0,0,0,0,,,,
BASSTA,2009,8,18,3,18.8,,,,,,,,981.8,,0.8,,2,0,0,0,0,0,0,,,,
BASSTA,2009,8,18,4,18.6,,,,,,,,982.2,,1.3,,3,0,0,0,0,0,0,,,,
BASSTA,2009,8,18,5,18.7,,,,,,,,982.8,,1,,40,0,0,0,0,0,0,,,,
BASSTA,2009,8,18,6,19.2,,,,,,,,983.1,,1.2,,169,0,0,0,0,0,0,,,,
BASSTA,2009,8,18,7,20.2,,,,,,,,983.4,,0.7,,327,3688.6,54,0,0,0,0,,,,
BASSTA,2009,8,18,8,21.4,,,,,,,,983.5,,0.4,,471,1616.2,77.7,0,0,0,0,,,,
BASSTA,2009,8,18,9,23.5,,,,,,,,983.6,,0.5,,597,1218.4,98.5,0,0,0,0,,,,
BASSTA,2009,8,18,10,25.1,,,,,,,,983.4,,0.8,,689,1029.7,113.7,0,0,0,0,,,,
BASSTA,2009,8,18,11,26.6,,,,,,,,983.2,,1.5,,741,907.6,122.3,0,0,0,0,,,,
BASSTA,2009,8,18,12,27.9,,,,,,,,982.9,,1.4,,739,754.2,158.6,0,0,0,0,,,,
BASSTA,2009,8,18,13,28.3,,,,,,,,982.5,,1.3,,678,507.5,263.7,0,0,0,0,,,,
BASSTA,2009,8,18,14,29,,,,,,,,982.1,,2.3,,601,330.9,330,0,0,0,0,,,,
BASSTA,2009,8,18,15,29,,,,,,,,981.7,,1.5,,474,157.1,352,0,0,0,0,,,,
BASSTA,2009,8,18,16,28,,,,,,,,981.5,,1.9,,287,24.5,270,0,0,0,0,,,,
BASSTA,2009,8,18,17,26.3,,,,,,,,981.5,,1.9,,87,1.6,86.1,0,0,0,0,,,,
BASSTA,2009,8,18,18,24.8,,,,,,,,981.9,,2.3,,17,0.1,17,0,0,0,0,,,,
BASSTA,2009,8,18,19,23.2,,,,,,,,982.6,,2.2,,1,0,1,0,0,0,0,,,,
BASSTA,2009,8,18,20,21.7,,,,,,,,982.9,,1.5,,1,0,1,0,0,0,0,,,,
BASSTA,2009,8,18,21,20.6,,,,,,,,983,,1.2,,1,0,0,0,0,0,0,,,,
BASSTA,2009,8,18,22,19.7,,,,,,,,982.9,,1.3,,1,0,0,0,0,0,0,,,,
BASSTA,2009,8,18,23,18.9,,,,,,,,983.1,,1.2,,2,0,0,0,0,0,0,,,,
BASSTA,2009,8,19,0,18.2,,,,,,,,983.1,,1.3,,1,0,0,0,0,0,0,,,,
BASSTA,2009,8,19,1,17.9,,,,,,,,983.1,,1.1,,2,0,0,0,0,0,0,,,,
BASSTA,2009,8,19,2,17.4,,,,,,,,983.2,,0.9,,1,0,0,0,0,0,0,,,,
BASSTA,2009,8,19,3,17.4,,,,,,,,983,,0.5,,2,0,0,0,0,0,0,,,,
BASSTA,2009,8,19,4,17.5,,,,,,,,982.9,,0.9,,3,0,0,0,0,0,0,,,,
BASSTA,2009,8,19,5,18.4,,,,,,,,983.1,,1.5,,41,0,0,0,0,0,0,,,,
BASSTA,2009,8,19,6,19.9,,,,,,,,983.3,,1.4,,172,0,0,0,0,0,0,,,,
BASSTA,2009,8,19,7,21.8,,,,,,,,983.5,,0.9,,322,3809.6,53.1,0,0,0,0,,,,
BASSTA,2009,8,19,8,24.3,,,,,,,,983.6,,1.7,,467,1624.7,77.1,0,0,0,0,,,,
BASSTA,2009,8,19,9,26.6,,,,,,,,983.8,,1.1,,593,1219.7,97.8,0,0,0,0,,,,
BASSTA,2009,8,19,10,28.2,,,,,,,,983.6,,1,,681,1023.3,112.4,0,0,0,0,,,,
BASSTA,2009,8,19,11,30.1,,,,,,,,983.3,,1,,733,901.8,120.9,0,0,0,0,,,,
BASSTA,2009,8,19,12,31.4,,,,,,,,982.9,,1.3,,736,753.7,158.3,0,0,0,0,,,,
BASSTA,2009,8,19,13,32.3,,,,,,,,982.3,,1.3,,684,527.7,254.9,0,0,0,0,,,,
BASSTA,2009,8,19,14,32.7,,,,,,,,982.1,,1.9,,588,309.2,335.8,0,0,0,0,,,,
BASSTA,2009,8,19,15,32.4,,,,,,,,981.8,,1.5,,466,148.6,351.1,0,0,0,0,,,,
BASSTA,2009,8,19,16,31.8,,,,,,,,981.7,,1.3,,313,39,286.1,0,0,0,0,,,,
BASSTA,2009,8,19,17,31,,,,,,,,981.7,,1.1,,157,5.1,154.1,0,0,0,0,,,,
BASSTA,2009,8,19,18,28.3,,,,,,,,981.9,,0.8,,30,0.3,29.9,0,0,0,0,,,,
BASSTA,2009,8,19,19,25.9,,,,,,,,982.4,,1.5,,0,0,0,0,0,0,0,,,,
BASSTA,2009,8,19,20,24.2,,,,,,,,982.8,,0.5,,1,0,1,0,0,0,0,,,,
BASSTA,2009,8,19,21,23.4,,,,,,,,983.1,,0.6,,0,0,0,0,0,0,0,,,,
BASSTA,2009,8,19,22,22.9,,,,,,,,983.4,,1.3,,1,0,0,0,0,0,0,,,,
BASSTA,2009,8,19,23,22.8,,,,,,,,983.3,,2,,1,0,0,0,0,0,0,,,,
BASSTA,2009,8,20,0,22,,,,,,,,982.9,,2.5,,2,0,0,0,0,0,0,,,,
BASSTA,2009,8,20,1,21.5,,,,,,,,982.8,,2.6,,1,0,0,0,0,0,0,,,,
BASSTA,2009,8,20,2,20.7,,,,,,,,983,,1.4,,1,0,0,0,0,0,0,,,,
BASSTA,2009,8,20,3,20,,,,,,,,983,,1.5,,2,0,0,0,0,0,0,,,,
BASSTA,2009,8,20,4,20.4,,,,,,,,982.7,,2.5,,2,0,0,0,0,0,0,,,,
BASSTA,2009,8,20,5,20.3,,,,,,,,982.8,,2.7,,41,0,0,0,0,0,0,,,,
BASSTA,2009,8,20,6,21.3,,,,,,,,982.8,,2.2,,162,0,0,0,0,0,0,,,,
BASSTA,2009,8,20,7,23.5,,,,,,,,983,,1.8,,315,3919,52,0,0,0,0,,,,
BASSTA,2009,8,20,8,26,,,,,,,,983,,2.8,,461,1626.5,76.1,0,0,0,0,,,,
BASSTA,2009,8,20,9,28.4,,,,,,,,983,,2.3,,586,1214.8,96.7,0,0,0,0,,,,
BASSTA,2009,8,20,10,30.2,,,,,,,,982.7,,2,,676,1021.5,111.5,0,0,0,0,,,,
BASSTA,2009,8,20,11,31.8,,,,,,,,982.3,,1.9,,722,892.3,119.1,0,0,0,0,,,,
BASSTA,2009,8,20,12,33.2,,,,,,,,981.8,,1.5,,721,725.6,167.1,0,0,0,0,,,,
BASSTA,2009,8,20,13,34.1,,,,,,,,981.1,,2.5,,681,526.5,254.5,0,0,0,0,,,,
BASSTA,2009,8,20,14,34.2,,,,,,,,980.5,,2.2,,593,323.9,330,0,0,0,0,,,,
BASSTA,2009,8,20,15,34.1,,,,,,,,980.2,,1.9,,455,136.4,350,0,0,0,0,,,,
BASSTA,2009,8,20,16,33.3,,,,,,,,980,,1.8,,291,27.7,272,0,0,0,0,,,,
BASSTA,2009,8,20,17,31.1,,,,,,,,979.9,,1.2,,65,0.9,64.5,0,0,0,0,,,,
BASSTA,2009,8,20,18,28.2,,,,,,,,980.3,,1.7,,25,0.2,24.9,0,0,0,0,,,,
BASSTA,2009,8,20,19,26.4,,,,,,,,980.7,,2,,0,0,0,0,0,0,0,,,,
BASSTA,2009,8,20,20,25.8,,,,,,,,981,,1.8,,1,0,1,0,0,0,0,,,,
BASSTA,2009,8,20,21,24.9,,,,,,,,981,,2.3,,0,0,0,0,0,0,0,,,,
BASSTA,2009,8,20,22,23.8,,,,,,,,981.3,,2,,1,0,0,0,0,0,0,,,,
BASSTA,2009,8,20,23,22.7,,,,,,,,981.6,,2,,0,0,0,0,0,0,0,,,,
BASSTA,2009,8,21,0,21.8,,,,,,,,981.7,,1.7,,1,0,0,0,0,0,0,,,,
BASSTA,2009,8,21,1,22,,,,,,,,981.6,,1.8,,1,0,0,0,0,0,0,,,,
BASSTA,2009,8,21,2,20.9,,,,,,,,982,,0.8,,1,0,0,0,0,0,0,,,,
BASSTA,2009,8,21,3,20,,,,,,,,982.9,,1.1,,2,0,0,0,0,0,0,,,,
BASSTA,2009,8,21,4,21.1,,,,,,,,983.5,,3.3,,2,0,0,0,0,0,0,,,,
BASSTA,2009,8,21,5,21.1,,,,,,,,984.3,,2.2,,25,0,0,0,0,0,0,,,,
BASSTA,2009,8,21,6,21.2,,,,,,,,984.4,,2.6,,67,0,0,0,0,0,0,,,,
BASSTA,2009,8,21,7,21.8,,,,,,,,984.8,,1.7,,97,1272.6,16,0,0,0,0,,,,
BASSTA,2009,8,21,8,22.6,,,,,,,,985.7,,0.7,,171,328.2,94.4,0,0,0,0,,,,
BASSTA,2009,8,21,9,23.2,,,,,,,,985.7,,1.3,,359,639,103.7,0,0,0,0,,,,
BASSTA,2009,8,21,10,23,,,,,,,,985.1,,2.5,,212,17.1,202.6,0,0,0,0,,,,
BASSTA,2009,8,21,11,23.4,,,,,,,,984.1,,2.4,,326,53.8,289.8,0,0,0,0,,,,
BASSTA,2009,8,21,12,25.3,,,,,,,,984,,1,,613,459.6,263.5,0,0,0,0,,,,
BASSTA,2009,8,21,13,26.4,,,,,,,,983.3,,1.2,,629,410,298.2,0,0,0,0,,,,
BASSTA,2009,8,21,14,25.8,,,,,,,,983,,3.4,,308,16.1,295,0,0,0,0,,,,
BASSTA,2009,8,21,15,25.2,,,,,,,,983.2,,4.7,,263,10,255.4,0,0,0,0,,,,
BASSTA,2009,8,21,16,24.1,,,,,,,,983.8,,4.9,,166,4,163.3,0,0,0,0,,,,
BASSTA,2009,8,21,17,22.6,,,,,,,,984.2,,4,,36,0.3,35.8,0,0,0,0,,,,
BASSTA,2009,8,21,18,20.8,,,,,,,,984.6,,2.9,,15,0.1,15,0,0,0,0,,,,
BASSTA,2009,8,21,19,19.6,,,,,,,,985.1,,4,,2,0,2,0,0,0,0,,,,
BASSTA,2009,8,21,20,18.9,,,,,,,,985.4,,3.1,,4,0.2,4,0,0,0,0,,,,
BASSTA,2009,8,21,21,18.7,,,,,,,,985.4,,2.2,,4,0,0,0,0,0,0,,,,
BASSTA,2009,8,21,22,18.5,,,,,,,,985.5,,2.3,,2,0,0,0,0,0,0,,,,
BASSTA,2009,8,21,23,17.9,,,,,,,,985.5,,1.7,,2,0,0,0,0,0,0,,,,
BASSTA,2009,8,22,0,17.7,,,,,,,,985.3,,2.3,,4,0,0,0,0,0,0,,,,
BASSTA,2009,8,22,1,17.3,,,,,,,,985.3,,2.8,,4,0,0,0,0,0,0,,,,
BASSTA,2009,8,22,2,16.7,,,,,,,,985.3,,2,,2,0,0,0,0,0,0,,,,
BASSTA,2009,8,22,3,16.1,,,,,,,,985.4,,1.9,,3,0,0,0,0,0,0,,,,
BASSTA,2009,8,22,4,15.3,,,,,,,,985.5,,1.4,,2,0,0,0,0,0,0,,,,
BASSTA,2009,8,22,5,15.4,,,,,,,,985.8,,0.8,,33,0,0,0,0,0,0,,,,
BASSTA,2009,8,22,6,16.1,,,,,,,,985.9,,0.4,,115,0,0,0,0,0,0,,,,
BASSTA,2009,8,22,7,17.3,,,,,,,,986,,0.6,,290,4024.9,47.9,0,0,0,0,,,,
BASSTA,2009,8,22,8,19,,,,,,,,985.9,,1,,362,1314.8,59.7,0,0,0,0,,,,
BASSTA,2009,8,22,9,19.9,,,,,,,,986.2,,1.4,,346,588.9,112.6,0,0,0,0,,,,
BASSTA,2009,8,22,10,19.9,,,,,,,,986.2,,0.8,,395,311.5,224.9,0,0,0,0,,,,
BASSTA,2009,8,22,11,21.2,,,,,,,,986.1,,0.8,,558,511.7,215.5,0,0,0,0,,,,
BASSTA,2009,8,22,12,22.2,,,,,,,,985.9,,0.7,,726,750.4,157.8,0,0,0,0,,,,
BASSTA,2009,8,22,13,21.9,,,,,,,,985.5,,0.6,,444,100.3,363.4,0,0,0,0,,,,
BASSTA,2009,8,22,14,22.9,,,,,,,,985.1,,0.7,,574,295.1,336.4,0,0,0,0,,,,
BASSTA,2009,8,22,15,23.3,,,,,,,,985,,0.9,,435,116.2,346.5,0,0,0,0,,,,
BASSTA,2009,8,22,16,22.8,,,,,,,,985.1,,1.9,,308,39.1,281.5,0,0,0,0,,,,
BASSTA,2009,8,22,17,21.7,,,,,,,,985.1,,3,,153,5.1,150.2,0,0,0,0,,,,
BASSTA,2009,8,22,18,20.4,,,,,,,,985.4,,3.5,,26,0.3,25.9,0,0,0,0,,,,
BASSTA,2009,8,22,19,19.7,,,,,,,,985.9,,2.5,,1,0,1,0,0,0,0,,,,
BASSTA,2009,8,22,20,18.9,,,,,,,,986.3,,2.1,,2,0.1,2,0,0,0,0,,,,
BASSTA,2009,8,22,21,17.9,,,,,,,,986.5,,1.5,,2,0,0,0,0,0,0,,,,
BASSTA,2009,8,22,22,17.2,,,,,,,,986.5,,1.2,,1,0,0,0,0,0,0,,,,
BASSTA,2009,8,22,23,15.9,,,,,,,,986.2,,0.8,,1,0,0,0,0,0,0,,,,
BASSTA,2009,8,23,0,15.7,,,,,,,,985.9,,1.4,,2,0,0,0,0,0,0,,,,
BASSTA,2009,8,23,1,14.9,,,,,,,,985.4,,0.9,,2,0,0,0,0,0,0,,,,
BASSTA,2009,8,23,2,14,,,,,,,,984.9,,0.9,,2,0,0,0,0,0,0,,,,
BASSTA,2009,8,23,3,13.6,,,,,,,,984.5,,1.2,,2,0,0,0,0,0,0,,,,
BASSTA,2009,8,23,4,13.2,,,,,,,,984.3,,0.9,,2,0,0,0,0,0,0,,,,
BASSTA,2009,8,23,5,13.1,,,,,,,,984.4,,1.3,,41,0,0,0,0,0,0,,,,
BASSTA,2009,8,23,6,14.3,,,,,,,,984.3,,1.1,,172,0,0,0,0,0,0,,,,
BASSTA,2009,8,23,7,16.2,,,,,,,,984.2,,0.9,,319,4699.7,52.6,0,0,0,0,,,,
BASSTA,2009,8,23,8,19.3,,,,,,,,983.7,,2.2,,485,1788.1,80,0,0,0,0,,,,
BASSTA,2009,8,23,9,21,,,,,,,,983.1,,3.2,,608,1291.7,100.3,0,0,0,0,,,,
BASSTA,2009,8,23,10,22.5,,,,,,,,982.4,,3.7,,717,1102.3,118.3,0,0,0,0,,,,
BASSTA,2009,8,23,11,23.6,,,,,,,,981.7,,3.1,,769,963.8,126.9,0,0,0,0,,,,
BASSTA,2009,8,23,12,24.6,,,,,,,,981.1,,3.3,,769,843.5,133.1,0,0,0,0,,,,
BASSTA,2009,8,23,13,25.2,,,,,,,,980.4,,3.6,,723,648.1,204.5,0,0,0,0,,,,
BASSTA,2009,8,23,14,25.9,,,,,,,,979.5,,3.9,,627,413.8,295.3,0,0,0,0,,,,
BASSTA,2009,8,23,15,25.8,,,,,,,,978.9,,4,,497,210.9,337,0,0,0,0,,,,
BASSTA,2009,8,23,16,25.2,,,,,,,,978.4,,4.8,,343,68.2,297.1,0,0,0,0,,,,
BASSTA,2009,8,23,17,24.2,,,,,,,,978.1,,4.9,,175,7.3,171,0,0,0,0,,,,
BASSTA,2009,8,23,18,23.1,,,,,,,,977.8,,4,,32,0.4,31.8,0,0,0,0,,,,
BASSTA,2009,8,23,19,22,,,,,,,,977.8,,2.6,,0,0,0,0,0,0,0,,,,
BASSTA,2009,8,23,20,21.1,,,,,,,,977.6,,2.4,,1,0,1,0,0,0,0,,,,
BASSTA,2009,8,23,21,20.6,,,,,,,,977.3,,3.8,,1,0,0,0,0,0,0,,,,
BASSTA,2009,8,23,22,19.8,,,,,,,,977.1,,4.2,,1,0,0,0,0,0,0,,,,
BASSTA,2009,8,23,23,19.1,,,,,,,,976.9,,3.5,,2,0,0,0,0,0,0,,,,
BASSTA,2009,8,24,0,18.2,,,,,,,,976.7,,2.3,,1,0,0,0,0,0,0,,,,
BASSTA,2009,8,24,1,17.2,,,,,,,,976.3,,2.3,,2,0,0,0,0,0,0,,,,
BASSTA,2009,8,24,2,16.5,,,,,,,,976,,2.4,,2,0,0,0,0,0,0,,,,
BASSTA,2009,8,24,3,16.1,,,,,,,,975.9,,2.7,,2,0,0,0,0,0,0,,,,
BASSTA,2009,8,24,4,16.2,,,,,,,,975.5,,3.3,,3,0,0,0,0,0,0,,,,
BASSTA,2009,8,24,5,16.4,,,,,,,,975.5,,3.1,,36,0,0,0,0,0,0,,,,
BASSTA,2009,8,24,6,17.5,,,,,,,,975.3,,3.6,,166,0,0,0,0,0,0,,,,
BASSTA,2009,8,24,7,19.7,,,,,,,,975.1,,3.2,,323,5071.1,53.3,0,0,0,0,,,,
BASSTA,2009,8,24,8,21.9,,,,,,,,974.9,,3.1,,472,1767,77.9,0,0,0,0,,,,
BASSTA,2009,8,24,9,24.1,,,,,,,,974.7,,2.8,,598,1281.2,98.7,0,0,0,0,,,,
BASSTA,2009,8,24,10,26.3,,,,,,,,974.4,,2.4,,692,1070.3,114.2,0,0,0,0,,,,
BASSTA,2009,8,24,11,28.2,,,,,,,,973.9,,2.1,,734,924.5,121.1,0,0,0,0,,,,
BASSTA,2009,8,24,12,29.4,,,,,,,,973.5,,1.5,,721,752.6,156.1,0,0,0,0,,,,
BASSTA,2009,8,24,13,30.2,,,,,,,,973.1,,0.9,,670,525.3,251.5,0,0,0,0,,,,
BASSTA,2009,8,24,14,30.1,,,,,,,,972.8,,1,,407,68.5,352.3,0,0,0,0,,,,
BASSTA,2009,8,24,15,30.6,,,,,,,,972.3,,1.2,,471,171.8,341.4,0,0,0,0,,,,
BASSTA,2009,8,24,16,30.5,,,,,,,,972,,1.5,,293,32.2,271.5,0,0,0,0,,,,
BASSTA,2009,8,24,17,29.4,,,,,,,,971.6,,1.8,,134,4,131.8,0,0,0,0,,,,
BASSTA,2009,8,24,18,27.9,,,,,,,,971.3,,2.2,,13,0.1,13,0,0,0,0,,,,
BASSTA,2009,8,24,19,26.5,,,,,,,,971.6,,2.2,,2,0,2,0,0,0,0,,,,
BASSTA,2009,8,24,20,25.6,,,,,,,,971.8,,2.1,,3,0.2,3,0,0,0,0,,,,
BASSTA,2009,8,24,21,24.1,,,,,,,,972.3,,1.6,,2,0,0,0,0,0,0,,,,
BASSTA,2009,8,24,22,23.2,,,,,,,,973.3,,1.7,,3,0,0,0,0,0,0,,,,
BASSTA,2009,8,24,23,24.2,,,,,,,,974.5,,2.4,,2,0,0,0,0,0,0,,,,
BASSTA,2009,8,25,0,23.5,,,,,,,,974.8,,2.2,,3,0,0,0,0,0,0,,,,
BASSTA,2009,8,25,1,21.5,,,,,,,,974.4,,2.1,,2,0,0,0,0,0,0,,,,
BASSTA,2009,8,25,2,21,,,,,,,,973.9,,3.7,,2,0,0,0,0,0,0,,,,
BASSTA,2009,8,25,3,22.1,,,,,,,,974,,2.5,,3,0,0,0,0,0,0,,,,
BASSTA,2009,8,25,4,20.6,,,,,,,,974.9,,1.6,,3,0,0,0,0,0,0,,,,
BASSTA,2009,8,25,5,20.7,,,,,,,,975.8,,2.2,,34,0,0,0,0,0,0,,,,
BASSTA,2009,8,25,6,20.5,,,,,,,,975.7,,1.6,,86,0,0,0,0,0,0,,,,
BASSTA,2009,8,25,7,20.7,,,,,,,,975.9,,1.2,,221,0,0,0,0,0,0,,,,
BASSTA,2009,8,25,8,22.3,,,,,,,,975.9,,0.8,,466,1772,76.9,0,0,0,0,,,,
BASSTA,2009,8,25,9,24.1,,,,,,,,975.9,,0.9,,589,1272.8,97.2,0,0,0,0,,,,
BASSTA,2009,8,25,10,25.6,,,,,,,,975.8,,0.7,,694,1079.9,114.5,0,0,0,0,,,,
BASSTA,2009,8,25,11,26.1,,,,,,,,975.7,,1.6,,566,557.9,198,0,0,0,0,,,,
BASSTA,2009,8,25,12,26.2,,,,,,,,975.6,,1.3,,487,205.7,333.3,0,0,0,0,,,,
BASSTA,2009,8,25,13,23.9,,,,,,,,976,,3.4,,153,2.5,151,0,0,0,0,,,,
BASSTA,2009,8,25,14,21.1,,,,,,,,977.1,,2,,101,1.1,100.1,0,0,0,0,,,,
BASSTA,2009,8,25,15,20.9,,,,,,,,977.3,,2.2,,61,0.4,60.7,0,0,0,0,,,,
BASSTA,2009,8,25,16,20.9,,,,,,,,977.1,,2.2,,77,0.9,76.4,0,0,0,0,,,,
BASSTA,2009,8,25,17,20.6,,,,,,,,977.1,,1.1,,77,1.4,76.3,0,0,0,0,,,,
BASSTA,2009,8,25,18,20.1,,,,,,,,977.9,,1.3,,10,0,10,0,0,0,0,,,,
BASSTA,2009,8,25,19,20.1,,,,,,,,978.5,,1.1,,3,0,3,0,0,0,0,,,,
BASSTA,2009,8,25,20,19.9,,,,,,,,978.6,,0.9,,3,0.2,3,0,0,0,0,,,,
BASSTA,2009,8,25,21,19.9,,,,,,,,978.6,,1.4,,3,0,0,0,0,0,0,,,,
BASSTA,2009,8,25,22,19.5,,,,,,,,978.9,,1.1,,3,0,0,0,0,0,0,,,,
BASSTA,2009,8,25,23,19.4,,,,,,,,979.6,,1,,3,0,0,0,0,0,0,,,,
BASSTA,2009,8,26,0,19.3,,,,,,,,979.6,,1.2,,3,0,0,0,0,0,0,,,,
BASSTA,2009,8,26,1,19.3,,,,,,,,979.2,,1.3,,3,0,0,0,0,0,0,,,,
BASSTA,2009,8,26,2,19.1,,,,,,,,979,,1.5,,3,0,0,0,0,0,0,,,,
BASSTA,2009,8,26,3,18.9,,,,,,,,978.9,,0.8,,2,0,0,0,0,0,0,,,,
BASSTA,2009,8,26,4,18.8,,,,,,,,978.9,,1.2,,3,0,0,0,0,0,0,,,,
BASSTA,2009,8,26,5,18.7,,,,,,,,979,,1.3,,21,0,0,0,0,0,0,,,,
BASSTA,2009,8,26,6,18.9,,,,,,,,979.4,,0.9,,54,0,0,0,0,0,0,,,,
BASSTA,2009,8,26,7,19.2,,,,,,,,979.8,,0.6,,113,0,0,0,0,0,0,,,,
BASSTA,2009,8,26,8,19.6,,,,,,,,980.2,,1.1,,199,679.5,52.2,0,0,0,0,,,,
BASSTA,2009,8,26,9,20.2,,,,,,,,980.3,,1.1,,305,438.5,137.1,0,0,0,0,,,,
BASSTA,2009,8,26,10,21.4,,,,,,,,980.1,,1,,523,785.3,104.2,0,0,0,0,,,,
BASSTA,2009,8,26,11,23.3,,,,,,,,979.9,,0.8,,664,831.6,118.1,0,0,0,0,,,,
BASSTA,2009,8,26,12,24.9,,,,,,,,979.4,,0.9,,736,799.3,141.5,0,0,0,0,,,,
BASSTA,2009,8,26,13,25.9,,,,,,,,978.9,,1.5,,667,531.6,247.3,0,0,0,0,,,,
BASSTA,2009,8,26,14,26,,,,,,,,978.6,,1.2,,429,91.6,356.6,0,0,0,0,,,,
BASSTA,2009,8,26,15,25.9,,,,,,,,978.4,,1.2,,260,10.5,252.1,0,0,0,0,,,,
BASSTA,2009,8,26,16,25.2,,,,,,,,978.3,,2.3,,139,3,137,0,0,0,0,,,,
BASSTA,2009,8,26,17,23.4,,,,,,,,978.8,,1,,25,0.1,24.9,0,0,0,0,,,,
BASSTA,2009,8,26,18,22.2,,,,,,,,979,,2.1,,15,0.1,15,0,0,0,0,,,,
BASSTA,2009,8,26,19,21.4,,,,,,,,979.3,,2,,1,0,1,0,0,0,0,,,,
BASSTA,2009,8,26,20,21.1,,,,,,,,979.6,,1.4,,2,0,0,0,0,0,0,,,,
BASSTA,2009,8,26,21,20.5,,,,,,,,979.9,,1.1,,2,0,0,0,0,0,0,,,,
BASSTA,2009,8,26,22,19.4,,,,,,,,980.4,,1,,2,0,0,0,0,0,0,,,,
BASSTA,2009,8,26,23,19.1,,,,,,,,980.7,,1.2,,1,0,0,0,0,0,0,,,,
BASSTA,2009,8,27,0,19,,,,,,,,980.9,,1.2,,2,0,0,0,0,0,0,,,,
BASSTA,2009,8,27,1,18.7,,,,,,,,981.1,,1.4,,1,0,0,0,0,0,0,,,,
BASSTA,2009,8,27,2,18.3,,,,,,,,981.4,,1.4,,2,0,0,0,0,0,0,,,,
BASSTA,2009,8,27,3,18,,,,,,,,981.6,,1.4,,2,0,0,0,0,0,0,,,,
BASSTA,2009,8,27,4,17.8,,,,,,,,981.8,,1.9,,3,0,0,0,0,0,0,,,,
BASSTA,2009,8,27,5,17.6,,,,,,,,982,,2,,32,0,0,0,0,0,0,,,,
BASSTA,2009,8,27,6,18.3,,,,,,,,982.4,,2.1,,145,0,0,0,0,0,0,,,,
BASSTA,2009,8,27,7,19.4,,,,,,,,982.8,,1.8,,276,0,0,0,0,0,0,,,,
BASSTA,2009,8,27,8,21.6,,,,,,,,982.9,,1.5,,464,1822.3,76.6,0,0,0,0,,,,
BASSTA,2009,8,27,9,24.1,,,,,,,,982.8,,1.3,,591,1299.8,97.5,0,0,0,0,,,,
BASSTA,2009,8,27,10,25.4,,,,,,,,982.1,,0.5,,679,1069.8,112,0,0,0,0,,,,
BASSTA,2009,8,27,11,26.3,,,,,,,,981.5,,0.8,,691,884,113.7,0,0,0,0,,,,
BASSTA,2009,8,27,12,27,,,,,,,,981,,0.8,,721,773.8,148.1,0,0,0,0,,,,
BASSTA,2009,8,27,13,28.2,,,,,,,,980.4,,1,,685,583.5,226.4,0,0,0,0,,,,
BASSTA,2009,8,27,14,28.7,,,,,,,,979.9,,1.4,,600,376.9,303.5,0,0,0,0,,,,
BASSTA,2009,8,27,15,28.5,,,,,,,,979.4,,1.7,,455,158,337.7,0,0,0,0,,,,
BASSTA,2009,8,27,16,28,,,,,,,,979.1,,1.2,,298,38.5,272.8,0,0,0,0,,,,
BASSTA,2009,8,27,17,27,,,,,,,,979.1,,0.8,,138,4.5,135.6,0,0,0,0,,,,
BASSTA,2009,8,27,18,24.9,,,,,,,,979.3,,1.4,,18,0.1,17.9,0,0,0,0,,,,
BASSTA,2009,8,27,19,22.7,,,,,,,,979.8,,2.1,,1,0,1,0,0,0,0,,,,
BASSTA,2009,8,27,20,21.5,,,,,,,,980.1,,3.3,,0,0,0,0,0,0,0,,,,
BASSTA,2009,8,27,21,20.6,,,,,,,,980.1,,2.4,,1,0,0,0,0,0,0,,,,
BASSTA,2009,8,27,22,19.8,,,,,,,,980,,0.9,,1,0,0,0,0,0,0,,,,
BASSTA,2009,8,27,23,19.7,,,,,,,,979.8,,1.5,,2,0,0,0,0,0,0,,,,
BASSTA,2009,8,28,0,19.3,,,,,,,,979.2,,1.6,,2,0,0,0,0,0,0,,,,
BASSTA,2009,8,28,1,18.8,,,,,,,,978.9,,1.7,,2,0,0,0,0,0,0,,,,
BASSTA,2009,8,28,2,17.8,,,,,,,,978.8,,1.6,,2,0,0,0,0,0,0,,,,
BASSTA,2009,8,28,3,17.8,,,,,,,,978.6,,1.7,,2,0,0,0,0,0,0,,,,
BASSTA,2009,8,28,4,17.9,,,,,,,,978.6,,1.4,,3,0,0,0,0,0,0,,,,
BASSTA,2009,8,28,5,17.9,,,,,,,,979,,1,,21,0,0,0,0,0,0,,,,
BASSTA,2009,8,28,6,18.8,,,,,,,,979.3,,0.7,,105,0,0,0,0,0,0,,,,
BASSTA,2009,8,28,7,20.3,,,,,,,,979.9,,0.5,,162,0,0,0,0,0,0,,,,
BASSTA,2009,8,28,8,22.1,,,,,,,,980,,3.4,,296,1182.1,48.8,0,0,0,0,,,,
BASSTA,2009,8,28,9,23.4,,,,,,,,979.9,,3.7,,434,963.1,71.6,0,0,0,0,,,,
BASSTA,2009,8,28,10,23.4,,,,,,,,979.6,,3.8,,377,297.7,220.2,0,0,0,0,,,,
BASSTA,2009,8,28,11,23.1,,,,,,,,979.7,,4.9,,409,177.1,293.9,0,0,0,0,,,,
BASSTA,2009,8,28,12,23.1,,,,,,,,979.9,,5.9,,411,103.7,334.6,0,0,0,0,,,,
BASSTA,2009,8,28,13,22.6,,,,,,,,980.2,,6,,310,19.3,294.9,0,0,0,0,,,,
BASSTA,2009,8,28,14,21.5,,,,,,,,980.4,,4.4,,91,0.9,90.3,0,0,0,0,,,,
BASSTA,2009,8,28,15,21,,,,,,,,980.5,,4.7,,180,4,177,0,0,0,0,,,,
BASSTA,2009,8,28,16,22,,,,,,,,980.3,,3.2,,376,120.7,297.3,0,0,0,0,,,,
BASSTA,2009,8,28,17,21.5,,,,,,,,980.2,,2.7,,153,5.6,150,0,0,0,0,,,,
BASSTA,2009,8,28,18,20.5,,,,,,,,980.3,,2.7,,18,0.2,17.9,0,0,0,0,,,,
BASSTA,2009,8,28,19,19.8,,,,,,,,981,,2.5,,2,0,2,0,0,0,0,,,,
BASSTA,2009,8,28,20,19.1,,,,,,,,981.5,,2.2,,2,0,0,0,0,0,0,,,,
BASSTA,2009,8,28,21,18.1,,,,,,,,981.7,,1.7,,2,0,0,0,0,0,0,,,,
BASSTA,2009,8,28,22,17.1,,,,,,,,981.7,,2.4,,2,0,0,0,0,0,0,,,,
BASSTA,2009,8,28,23,16.6,,,,,,,,981.6,,3.3,,2,0,0,0,0,0,0,,,,
BASSTA,2009,8,29,0,17.8,,,,,,,,981.7,,4.2,,2,0,0,0,0,0,0,,,,
BASSTA,2009,8,29,1,16.9,,,,,,,,982,,4.7,,2,0,0,0,0,0,0,,,,
BASSTA,2009,8,29,2,16.4,,,,,,,,982.5,,4.4,,2,0,0,0,0,0,0,,,,
BASSTA,2009,8,29,3,15.5,,,,,,,,983.1,,2.9,,3,0,0,0,0,0,0,,,,
BASSTA,2009,8,29,4,15.2,,,,,,,,983.6,,2.6,,3,0,0,0,0,0,0,,,,
BASSTA,2009,8,29,5,15.1,,,,,,,,984,,2.3,,25,0,0,0,0,0,0,,,,
BASSTA,2009,8,29,6,15.6,,,,,,,,984.4,,1.5,,130,0,0,0,0,0,0,,,,
BASSTA,2009,8,29,7,15.8,,,,,,,,984.7,,2,,170,0,0,0,0,0,0,,,,
BASSTA,2009,8,29,8,16.7,,,,,,,,985,,2.6,,317,1287.7,52.3,0,0,0,0,,,,
BASSTA,2009,8,29,9,18.7,,,,,,,,985.3,,3.5,,630,1411,104,0,0,0,0,,,,
BASSTA,2009,8,29,10,19.4,,,,,,,,985.3,,4.4,,697,1112.3,115,0,0,0,0,,,,
BASSTA,2009,8,29,11,19.7,,,,,,,,985,,4.4,,772,997.5,127.4,0,0,0,0,,,,
BASSTA,2009,8,29,12,20.2,,,,,,,,984.9,,3.5,,769,875.1,127.2,0,0,0,0,,,,
BASSTA,2009,8,29,13,20.8,,,,,,,,984.7,,3.6,,719,683,187.2,0,0,0,0,,,,
BASSTA,2009,8,29,14,20.7,,,,,,,,984.6,,3.5,,618,431.9,281.6,0,0,0,0,,,,
BASSTA,2009,8,29,15,20.5,,,,,,,,984.4,,3.2,,477,201.9,328.8,0,0,0,0,,,,
BASSTA,2009,8,29,16,20,,,,,,,,984.4,,3.9,,301,43.2,273.1,0,0,0,0,,,,
BASSTA,2009,8,29,17,18.9,,,,,,,,984.7,,2.3,,128,4,125.9,0,0,0,0,,,,
BASSTA,2009,8,29,18,17.6,,,,,,,,985.1,,1.7,,18,0.2,17.9,0,0,0,0,,,,
BASSTA,2009,8,29,19,15.5,,,,,,,,985.5,,1.3,,2,0,2,0,0,0,0,,,,
BASSTA,2009,8,29,20,13.6,,,,,,,,985.7,,1.4,,2,0,0,0,0,0,0,,,,
BASSTA,2009,8,29,21,12.4,,,,,,,,985.6,,2.1,,2,0,0,0,0,0,0,,,,
BASSTA,2009,8,29,22,12.1,,,,,,,,985.7,,1.4,,2,0,0,0,0,0,0,,,,
BASSTA,2009,8,29,23,11.3,,,,,,,,985.6,,1,,3,0,0,0,0,0,0,,,,
BASSTA,2009,8,30,0,10.8,,,,,,,,985.2,,0.9,,3,0,0,0,0,0,0,,,,
BASSTA,2009,8,30,1,10.3,,,,,,,,985.1,,1.3,,3,0,0,0,0,0,0,,,,
BASSTA,2009,8,30,2,9.6,,,,,,,,985.1,,1.3,,3,0,0,0,0,0,0,,,,
BASSTA,2009,8,30,3,9,,,,,,,,985.1,,0.7,,2,0,0,0,0,0,0,,,,
BASSTA,2009,8,30,4,8.6,,,,,,,,985.1,,0.8,,2,0,0,0,0,0,0,,,,
BASSTA,2009,8,30,5,9,,,,,,,,985.3,,0.8,,27,0,0,0,0,0,0,,,,
BASSTA,2009,8,30,6,10.8,,,,,,,,985.3,,1.1,,158,0,0,0,0,0,0,,,,
BASSTA,2009,8,30,7,12.9,,,,,,,,985.4,,0.7,,324,0,0,0,0,0,0,,,,
BASSTA,2009,8,30,8,15.1,,,,,,,,985.5,,0.3,,477,1971.8,78.7,0,0,0,0,,,,
BASSTA,2009,8,30,9,17.3,,,,,,,,985.5,,0.6,,607,1372.2,100.2,0,0,0,0,,,,
BASSTA,2009,8,30,10,19,,,,,,,,985.3,,1.2,,701,1126.1,115.7,0,0,0,0,,,,
BASSTA,2009,8,30,11,20.1,,,,,,,,984.8,,1.1,,754,979.5,124.4,0,0,0,0,,,,
BASSTA,2009,8,30,12,20.7,,,,,,,,984.3,,1,,750,851.8,128.4,0,0,0,0,,,,
BASSTA,2009,8,30,13,21.9,,,,,,,,983.8,,1.3,,703,651.7,198.1,0,0,0,0,,,,
BASSTA,2009,8,30,14,22,,,,,,,,983.3,,1,,605,408.1,288.8,0,0,0,0,,,,
BASSTA,2009,8,30,15,22.4,,,,,,,,983,,1.5,,471,196,328,0,0,0,0,,,,
BASSTA,2009,8,30,16,22.2,,,,,,,,983,,1.9,,312,53.3,277.7,0,0,0,0,,,,
BASSTA,2009,8,30,17,21.3,,,,,,,,982.9,,1.7,,146,5.3,143.2,0,0,0,0,,,,
BASSTA,2009,8,30,18,18.7,,,,,,,,983,,1,,12,0.1,12,0,0,0,0,,,,
BASSTA,2009,8,30,19,16,,,,,,,,983.5,,2.1,,1,0,1,0,0,0,0,,,,
BASSTA,2009,8,30,20,14.3,,,,,,,,984,,2,,1,0,0,0,0,0,0,,,,
BASSTA,2009,8,30,21,13.4,,,,,,,,984.1,,1,,2,0,0,0,0,0,0,,,,
BASSTA,2009,8,30,22,12.2,,,,,,,,984.2,,1.4,,1,0,0,0,0,0,0,,,,
BASSTA,2009,8,30,23,12,,,,,,,,984,,1.3,,1,0,0,0,0,0,0,,,,
BASSTA,2009,8,31,0,11.9,,,,,,,,983.9,,1.6,,2,0,0,0,0,0,0,,,,
BASSTA,2009,8,31,1,11.8,,,,,,,,983.8,,1.8,,1,0,0,0,0,0,0,,,,
BASSTA,2009,8,31,2,10.8,,,,,,,,983.6,,1.4,,2,0,0,0,0,0,0,,,,
BASSTA,2009,8,31,3,10.4,,,,,,,,983.3,,1.4,,2,0,0,0,0,0,0,,,,
BASSTA,2009,8,31,4,10.1,,,,,,,,983.1,,1.7,,3,0,0,0,0,0,0,,,,
BASSTA,2009,8,31,5,10.5,,,,,,,,983.2,,1.6,,27,0,0,0,0,0,0,,,,
BASSTA,2009,8,31,6,11.7,,,,,,,,983.2,,2.2,,160,0,0,0,0,0,0,,,,
BASSTA,2009,8,31,7,14,,,,,,,,983,,1.3,,325,0,0,0,0,0,0,,,,
BASSTA,2009,8,31,8,17.6,,,,,,,,982.7,,2,,474,1994.6,78.2,0,0,0,0,,,,
BASSTA,2009,8,31,9,20.9,,,,,,,,982.4,,2.3,,600,1369.3,99,0,0,0,0,,,,
BASSTA,2009,8,31,10,22.9,,,,,,,,981.7,,2.1,,688,1112.6,113.5,0,0,0,0,,,,
BASSTA,2009,8,31,11,24.6,,,,,,,,980.8,,2.4,,733,957.5,120.9,0,0,0,0,,,,
BASSTA,2009,8,31,12,25.8,,,,,,,,980.1,,2.3,,729,819.5,134,0,0,0,0,,,,
BASSTA,2009,8,31,13,27,,,,,,,,979.2,,2.6,,672,581.6,223.6,0,0,0,0,,,,
BASSTA,2009,8,31,14,27.5,,,,,,,,978.4,,2.5,,573,341.7,309.6,0,0,0,0,,,,
BASSTA,2009,8,31,15,27.6,,,,,,,,978,,2.7,,441,151.6,331,0,0,0,0,,,,
BASSTA,2009,8,31,16,27,,,,,,,,977.6,,2.5,,286,35.7,263.2,0,0,0,0,,,,
BASSTA,2009,8,31,17,26,,,,,,,,977.3,,2.1,,123,3.8,121,0,0,0,0,,,,
BASSTA,2009,8,31,18,24.3,,,,,,,,977.3,,2.2,,12,0.1,12,0,0,0,0,,,,
BASSTA,2009,8,31,19,21.8,,,,,,,,977.8,,1.3,,2,0,2,0,0,0,0,,,,
BASSTA,2009,8,31,20,20.6,,,,,,,,978.1,,1.7,,2,0,0,0,0,0,0,,,,
BASSTA,2009,8,31,21,20.6,,,,,,,,978.2,,3,,2,0,0,0,0,0,0,,,,
BASSTA,2009,8,31,22,19.9,,,,,,,,978.3,,3.2,,3,0,0,0,0,0,0,,,,
BASSTA,2009,8,31,23,19.1,,,,,,,,978.4,,3,,2,0,0,0,0,0,0,,,,
BASSTA,2009,9,1,0,18.3,,,,,,,,978.2,,3.5,,3,0,0,0,0,0,0,,,,
BASSTA,2009,9,1,1,17.8,,,,,,,,978.2,,3.8,,2,0,0,0,0,0,0,,,,
BASSTA,2009,9,1,2,17.7,,,,,,,,978.4,,3.7,,3,0,0,0,0,0,0,,,,
BASSTA,2009,9,1,3,17.5,,,,,,,,978.4,,3.3,,3,0,0,0,0,0,0,,,,
BASSTA,2009,9,1,4,16.9,,,,,,,,978.4,,3.5,,3,0,0,0,0,0,0,,,,
BASSTA,2009,9,1,5,16.6,,,,,,,,978.6,,3.4,,27,0,0,0,0,0,0,,,,
BASSTA,2009,9,1,6,17.9,,,,,,,,978.8,,3.7,,141,0,0,0,0,0,0,,,,
BASSTA,2009,9,1,7,20.2,,,,,,,,978.6,,3.4,,295,0,0,0,0,0,0,,,,
BASSTA,2009,9,1,8,22.8,,,,,,,,978.4,,4.1,,441,1890,72.8,0,0,0,0,,,,
BASSTA,2009,9,1,9,25.6,,,,,,,,977.9,,3.6,,567,1306.6,93.6,0,0,0,0,,,,
BASSTA,2009,9,1,10,28.3,,,,,,,,977.3,,2.6,,652,1061.6,107.6,0,0,0,0,,,,
BASSTA,2009,9,1,11,29.7,,,,,,,,976.4,,2.2,,693,910.3,114.3,0,0,0,0,,,,
BASSTA,2009,9,1,12,30.4,,,,,,,,975.9,,1.4,,685,727.2,159.7,0,0,0,0,,,,
BASSTA,2009,9,1,13,30.7,,,,,,,,975.7,,2.1,,606,423.9,280.8,0,0,0,0,,,,
BASSTA,2009,9,1,14,29.5,,,,,,,,976.4,,5.6,,330,29.1,307.7,0,0,0,0,,,,
BASSTA,2009,9,1,15,26.7,,,,,,,,977.4,,5.7,,135,2.4,133.3,0,0,0,0,,,,
BASSTA,2009,9,1,16,26.3,,,,,,,,977.9,,4.4,,136,3.1,134,0,0,0,0,,,,
BASSTA,2009,9,1,17,22.8,,,,,,,,979,,5.1,,16,0.1,16,0,0,0,0,,,,
BASSTA,2009,9,1,18,19.8,,,,,,,,981.1,,4.2,,3,0,3,0,0,0,0,,,,
BASSTA,2009,9,1,19,19.2,,,,,,,,981.2,,3.1,,3,0,3,0,0,0,0,,,,
BASSTA,2009,9,1,20,18.8,,,,,,,,980.4,,2.6,,2,0,0,0,0,0,0,,,,
BASSTA,2009,9,1,21,18.6,,,,,,,,981,,1.1,,3,0,0,0,0,0,0,,,,
BASSTA,2009,9,1,22,18.4,,,,,,,,981.1,,1.9,,3,0,0,0,0,0,0,,,,
BASSTA,2009,9,1,23,18.2,,,,,,,,981.3,,0.7,,3,0,0,0,0,0,0,,,,
BASSTA,2009,9,2,0,18.3,,,,,,,,981.1,,1.1,,3,0,0,0,0,0,0,,,,
BASSTA,2009,9,2,1,18.3,,,,,,,,980.8,,1.4,,3,0,0,0,0,0,0,,,,
BASSTA,2009,9,2,2,18.3,,,,,,,,980.8,,0.8,,3,0,0,0,0,0,0,,,,
BASSTA,2009,9,2,3,18.4,,,,,,,,980.5,,1,,2,0,0,0,0,0,0,,,,
BASSTA,2009,9,2,4,18.4,,,,,,,,980.5,,1,,1,0,0,0,0,0,0,,,,
BASSTA,2009,9,2,5,18.2,,,,,,,,980.8,,1.1,,3,0,0,0,0,0,0,,,,
BASSTA,2009,9,2,6,17.5,,,,,,,,981,,2.3,,16,0,0,0,0,0,0,,,,
BASSTA,2009,9,2,7,17.7,,,,,,,,980.9,,1.4,,48,0,0,0,0,0,0,,,,
BASSTA,2009,9,2,8,18.4,,,,,,,,980.8,,0.7,,170,614.5,52.5,0,0,0,0,,,,
BASSTA,2009,9,2,9,19.1,,,,,,,,980.7,,0.5,,208,122.5,164.1,0,0,0,0,,,,
BASSTA,2009,9,2,10,19.3,,,,,,,,980.5,,0.8,,152,6.1,148.9,0,0,0,0,,,,
BASSTA,2009,9,2,11,19.5,,,,,,,,980,,0.9,,147,3.6,144.7,0,0,0,0,,,,
BASSTA,2009,9,2,12,18.8,,,,,,,,979.9,,1.1,,59,0.5,58.7,0,0,0,0,,,,
BASSTA,2009,9,2,13,19.2,,,,,,,,979.2,,1.6,,192,4.2,188.8,0,0,0,0,,,,
BASSTA,2009,9,2,14,19.9,,,,,,,,978.6,,1.3,,297,17.6,283.6,0,0,0,0,,,,
BASSTA,2009,9,2,15,20.7,,,,,,,,977.6,,1.3,,219,6.5,214.4,0,0,0,0,,,,
BASSTA,2009,9,2,16,20.6,,,,,,,,976.9,,1.5,,122,2.5,120.4,0,0,0,0,,,,
BASSTA,2009,9,2,17,20.3,,,,,,,,976.4,,1.4,,17,0.1,17,0,0,0,0,,,,
BASSTA,2009,9,2,18,19.9,,,,,,,,976,,1.7,,3,0,3,0,0,0,0,,,,
BASSTA,2009,9,2,19,19.2,,,,,,,,975.6,,1.4,,1,0,1,0,0,0,0,,,,
BASSTA,2009,9,2,20,19.2,,,,,,,,975,,1.8,,1,0,0,0,0,0,0,,,,
BASSTA,2009,9,2,21,18.7,,,,,,,,974.4,,2,,1,0,0,0,0,0,0,,,,
BASSTA,2009,9,2,22,18.4,,,,,,,,973.8,,3.2,,1,0,0,0,0,0,0,,,,
BASSTA,2009,9,2,23,18.4,,,,,,,,973,,2.9,,1,0,0,0,0,0,0,,,,
BASSTA,2009,9,3,0,18.6,,,,,,,,972.3,,1.6,,2,0,0,0,0,0,0,,,,
BASSTA,2009,9,3,1,18.7,,,,,,,,972.3,,1.6,,1,0,0,0,0,0,0,,,,
BASSTA,2009,9,3,2,18.8,,,,,,,,972.3,,1.5,,2,0,0,0,0,0,0,,,,
BASSTA,2009,9,3,3,18.7,,,,,,,,972.2,,1.4,,1,0,0,0,0,0,0,,,,
BASSTA,2009,9,3,4,18.6,,,,,,,,971.8,,1.7,,1,0,0,0,0,0,0,,,,
BASSTA,2009,9,3,5,18.6,,,,,,,,971.5,,1,,6,0,0,0,0,0,0,,,,
BASSTA,2009,9,3,6,18.8,,,,,,,,971.2,,1,,78,0,0,0,0,0,0,,,,
BASSTA,2009,9,3,7,19.2,,,,,,,,971.3,,1.4,,69,0,0,0,0,0,0,,,,
BASSTA,2009,9,3,8,18.8,,,,,,,,972.1,,3.5,,90,49.9,80.6,0,0,0,0,,,,
BASSTA,2009,9,3,9,18.9,,,,,,,,973,,3.9,,111,6.9,108.5,0,0,0,0,,,,
BASSTA,2009,9,3,10,19.3,,,,,,,,973.4,,5.4,,250,57.9,220.7,0,0,0,0,,,,
BASSTA,2009,9,3,11,19.7,,,,,,,,973.7,,5.7,,313,60,275.3,0,0,0,0,,,,
BASSTA,2009,9,3,12,20.6,,,,,,,,973.6,,5.9,,490,249.1,311.9,0,0,0,0,,,,
BASSTA,2009,9,3,13,20.9,,,,,,,,973.5,,7.1,,424,103.2,345.6,0,0,0,0,,,,
BASSTA,2009,9,3,14,21.1,,,,,,,,973.5,,6.5,,375,58,331,0,0,0,0,,,,
BASSTA,2009,9,3,15,18.3,,,,,,,,974.6,,6.7,,240,9.1,233.5,0,0,0,0,,,,
BASSTA,2009,9,3,16,18.1,,,,,,,,974.6,,3.8,,159,4.4,156.3,0,0,0,0,,,,
BASSTA,2009,9,3,17,17.8,,,,,,,,974.5,,2.6,,27,0.2,26.9,0,0,0,0,,,,
BASSTA,2009,9,3,18,17.6,,,,,,,,974.7,,0.9,,1,0,1,0,0,0,0,,,,
BASSTA,2009,9,3,19,17.4,,,,,,,,975.1,,0.8,,1,0,1,0,0,0,0,,,,
BASSTA,2009,9,3,20,17.1,,,,,,,,975,,0.7,,1,0,0,0,0,0,0,,,,
BASSTA,2009,9,3,21,17,,,,,,,,974.9,,1.4,,1,0,0,0,0,0,0,,,,
BASSTA,2009,9,3,22,17.4,,,,,,,,974.7,,1,,1,0,0,0,0,0,0,,,,
BASSTA,2009,9,3,23,17.4,,,,,,,,974.5,,2.3,,1,0,0,0,0,0,0,,,,
BASSTA,2009,9,4,0,16.4,,,,,,,,974.5,,3.5,,1,0,0,0,0,0,0,,,,
BASSTA,2009,9,4,1,15.4,,,,,,,,974.4,,3.4,,1,0,0,0,0,0,0,,,,
BASSTA,2009,9,4,2,15.8,,,,,,,,974.3,,2.6,,1,0,0,0,0,0,0,,,,
BASSTA,2009,9,4,3,16,,,,,,,,974.3,,1.7,,2,0,0,0,0,0,0,,,,
BASSTA,2009,9,4,4,15.7,,,,,,,,974.3,,1.8,,3,0,0,0,0,0,0,,,,
BASSTA,2009,9,4,5,15.5,,,,,,,,974.1,,0.9,,6,0,0,0,0,0,0,,,,
BASSTA,2009,9,4,6,15.6,,,,,,,,973.5,,0.6,,58,0,0,0,0,0,0,,,,
BASSTA,2009,9,4,7,15.9,,,,,,,,972.9,,1.1,,114,0,0,0,0,0,0,,,,
BASSTA,2009,9,4,8,16.8,,,,,,,,972.4,,1.3,,312,1416.2,51.5,0,0,0,0,,,,
BASSTA,2009,9,4,9,17.3,,,,,,,,972.3,,0.6,,260,333.1,142.9,0,0,0,0,,,,
BASSTA,2009,9,4,10,15.8,,,,,,,,972.6,,2.9,,59,0.9,58.5,0,0,0,0,,,,
BASSTA,2009,9,4,11,15.8,,,,,,,,972.1,,0.7,,107,2,105.8,0,0,0,0,,,,
BASSTA,2009,9,4,12,16.2,,,,,,,,971.7,,2.9,,143,2.7,141.1,0,0,0,0,,,,
BASSTA,2009,9,4,13,18.8,,,,,,,,971.9,,6.8,,474,173,343.4,0,0,0,0,,,,
BASSTA,2009,9,4,14,16.2,,,,,,,,974.1,,7.1,,118,1.6,116.8,0,0,0,0,,,,
BASSTA,2009,9,4,15,16.3,,,,,,,,975.6,,5.7,,220,6.8,215.2,0,0,0,0,,,,
BASSTA,2009,9,4,16,14.5,,,,,,,,976.3,,6,,34,0.2,33.9,0,0,0,0,,,,
BASSTA,2009,9,4,17,13.6,,,,,,,,977.7,,5.5,,39,0.4,38.8,0,0,0,0,,,,
BASSTA,2009,9,4,18,13.4,,,,,,,,979.7,,4.3,,6,0,6,0,0,0,0,,,,
BASSTA,2009,9,4,19,12.2,,,,,,,,981.5,,6.1,,3,0,3,0,0,0,0,,,,
BASSTA,2009,9,4,20,11.5,,,,,,,,982.5,,5.1,,3,0,0,0,0,0,0,,,,
BASSTA,2009,9,4,21,11.5,,,,,,,,983.7,,4.7,,2,0,0,0,0,0,0,,,,
BASSTA,2009,9,4,22,11.5,,,,,,,,984.9,,4.2,,3,0,0,0,0,0,0,,,,
BASSTA,2009,9,4,23,11.4,,,,,,,,985,,3.9,,3,0,0,0,0,0,0,,,,
BASSTA,2009,9,5,0,11,,,,,,,,985.1,,3.1,,2,0,0,0,0,0,0,,,,
BASSTA,2009,9,5,1,10.2,,,,,,,,985.2,,3.1,,2,0,0,0,0,0,0,,,,
BASSTA,2009,9,5,2,10.5,,,,,,,,985.4,,2.1,,3,0,0,0,0,0,0,,,,
BASSTA,2009,9,5,3,9.8,,,,,,,,985.4,,1.3,,2,0,0,0,0,0,0,,,,
BASSTA,2009,9,5,4,9.2,,,,,,,,985.6,,0.8,,2,0,0,0,0,0,0,,,,
BASSTA,2009,9,5,5,9,,,,,,,,985.8,,1,,18,0,0,0,0,0,0,,,,
BASSTA,2009,9,5,6,10.3,,,,,,,,986.2,,1.3,,139,0,0,0,0,0,0,,,,
BASSTA,2009,9,5,7,12.3,,,,,,,,986.7,,1.1,,277,0,0,0,0,0,0,,,,
BASSTA,2009,9,5,8,13.5,,,,,,,,987.1,,2,,313,1449.6,51.6,0,0,0,0,,,,
BASSTA,2009,9,5,9,15,,,,,,,,987.2,,2.6,,500,1199.6,82.5,0,0,0,0,,,,
BASSTA,2009,9,5,10,15.6,,,,,,,,987.2,,3.3,,522,872.9,86.8,0,0,0,0,,,,
BASSTA,2009,9,5,11,16.8,,,,,,,,987,,2.9,,708,951.9,116.8,0,0,0,0,,,,
BASSTA,2009,9,5,12,17.7,,,,,,,,986.8,,3.3,,769,908,126.9,0,0,0,0,,,,
BASSTA,2009,9,5,13,18,,,,,,,,986.7,,3.3,,724,753.3,158.3,0,0,0,0,,,,
BASSTA,2009,9,5,14,18.2,,,,,,,,986.7,,3.8,,594,426.4,274.4,0,0,0,0,,,,
BASSTA,2009,9,5,15,17.9,,,,,,,,986.6,,3.5,,434,160.9,320.9,0,0,0,0,,,,
BASSTA,2009,9,5,16,17.3,,,,,,,,986.8,,3.2,,283,40.7,258,0,0,0,0,,,,
BASSTA,2009,9,5,17,15.8,,,,,,,,987.2,,3.8,,109,3.3,107.4,0,0,0,0,,,,
BASSTA,2009,9,5,18,13.9,,,,,,,,988,,2.4,,5,0,5,0,0,0,0,,,,
BASSTA,2009,9,5,19,12.6,,,,,,,,988.5,,2.1,,2,0,2,0,0,0,0,,,,
BASSTA,2009,9,5,20,12.8,,,,,,,,988.9,,1.4,,2,0,0,0,0,0,0,,,,
BASSTA,2009,9,5,21,12.8,,,,,,,,989.1,,1.1,,2,0,0,0,0,0,0,,,,
BASSTA,2009,9,5,22,12.7,,,,,,,,989.3,,1.1,,2,0,0,0,0,0,0,,,,
BASSTA,2009,9,5,23,11.6,,,,,,,,989.4,,1.2,,2,0,0,0,0,0,0,,,,
BASSTA,2009,9,6,0,10.4,,,,,,,,989.3,,1.5,,2,0,0,0,0,0,0,,,,
BASSTA,2009,9,6,1,9.9,,,,,,,,989.2,,1.5,,2,0,0,0,0,0,0,,,,
BASSTA,2009,9,6,2,9.6,,,,,,,,989.2,,1.6,,2,0,0,0,0,0,0,,,,
BASSTA,2009,9,6,3,9.2,,,,,,,,989.2,,1.5,,2,0,0,0,0,0,0,,,,
BASSTA,2009,9,6,4,9.1,,,,,,,,989.3,,1.4,,3,0,0,0,0,0,0,,,,
BASSTA,2009,9,6,5,8.9,,,,,,,,989.5,,1.7,,21,0,0,0,0,0,0,,,,
BASSTA,2009,9,6,6,9.8,,,,,,,,989.9,,1.8,,131,0,0,0,0,0,0,,,,
BASSTA,2009,9,6,7,11.5,,,,,,,,989.7,,1.7,,289,0,0,0,0,0,0,,,,
BASSTA,2009,9,6,8,13.5,,,,,,,,989.7,,1.5,,448,2118,73.9,0,0,0,0,,,,
BASSTA,2009,9,6,9,16.1,,,,,,,,989.6,,1.8,,575,1394.1,94.9,0,0,0,0,,,,
BASSTA,2009,9,6,10,17.6,,,,,,,,989.4,,1.3,,668,1127.2,110.2,0,0,0,0,,,,
BASSTA,2009,9,6,11,18.7,,,,,,,,989,,1,,718,971.3,118.5,0,0,0,0,,,,
BASSTA,2009,9,6,12,19.7,,,,,,,,988.5,,1.1,,713,831.7,128.1,0,0,0,0,,,,
BASSTA,2009,9,6,13,20.1,,,,,,,,987.7,,1.2,,662,607.1,208.6,0,0,0,0,,,,
BASSTA,2009,9,6,14,20.5,,,,,,,,987.2,,1.3,,565,364.4,293.5,0,0,0,0,,,,
BASSTA,2009,9,6,15,20.7,,,,,,,,986.7,,1.4,,429,157.3,319.2,0,0,0,0,,,,
BASSTA,2009,9,6,16,20.1,,,,,,,,986.4,,1,,268,32.2,248.4,0,0,0,0,,,,
BASSTA,2009,9,6,17,19,,,,,,,,986.3,,1.1,,90,2.3,88.9,0,0,0,0,,,,
BASSTA,2009,9,6,18,15.9,,,,,,,,986.3,,0.9,,4,0,4,0,0,0,0,,,,
BASSTA,2009,9,6,19,14,,,,,,,,986.5,,0.6,,1,0,1,0,0,0,0,,,,
BASSTA,2009,9,6,20,13.6,,,,,,,,986.4,,1.4,,2,0,0,0,0,0,0,,,,
BASSTA,2009,9,6,21,13.4,,,,,,,,986.4,,1.4,,1,0,0,0,0,0,0,,,,
BASSTA,2009,9,6,22,13,,,,,,,,986.3,,1.9,,2,0,0,0,0,0,0,,,,
BASSTA,2009,9,6,23,12.2,,,,,,,,986.4,,1.6,,2,0,0,0,0,0,0,,,,
BASSTA,2009,9,7,0,11.4,,,,,,,,986.3,,1.3,,2,0,0,0,0,0,0,,,,
BASSTA,2009,9,7,1,11.1,,,,,,,,986,,1.9,,2,0,0,0,0,0,0,,,,
BASSTA,2009,9,7,2,10.4,,,,,,,,985.7,,1.8,,2,0,0,0,0,0,0,,,,
BASSTA,2009,9,7,3,10,,,,,,,,985.6,,1.8,,2,0,0,0,0,0,0,,,,
BASSTA,2009,9,7,4,9.8,,,,,,,,985.5,,2,,3,0,0,0,0,0,0,,,,
BASSTA,2009,9,7,5,9.6,,,,,,,,985.7,,1.9,,19,0,0,0,0,0,0,,,,
BASSTA,2009,9,7,6,10.7,,,,,,,,985.8,,2,,128,0,0,0,0,0,0,,,,
BASSTA,2009,9,7,7,12.6,,,,,,,,985.9,,1,,275,0,0,0,0,0,0,,,,
BASSTA,2009,9,7,8,15.6,,,,,,,,986.1,,1.2,,425,2052.2,70.1,0,0,0,0,,,,
BASSTA,2009,9,7,9,18.3,,,,,,,,986.3,,2.1,,553,1355.2,91.2,0,0,0,0,,,,
BASSTA,2009,9,7,10,19.8,,,,,,,,986.2,,1.4,,579,984.4,95.5,0,0,0,0,,,,
BASSTA,2009,9,7,11,21.4,,,,,,,,986,,0.5,,668,909.2,110.2,0,0,0,0,,,,
BASSTA,2009,9,7,12,22.4,,,,,,,,985.9,,0.7,,407,123.6,320.6,0,0,0,0,,,,
BASSTA,2009,9,7,13,23.3,,,,,,,,985.6,,0.6,,450,147.7,340.3,0,0,0,0,,,,
BASSTA,2009,9,7,14,23.8,,,,,,,,985.2,,1,,488,210.9,331.8,0,0,0,0,,,,
BASSTA,2009,9,7,15,23.9,,,,,,,,984.8,,1.2,,311,35.4,286.5,0,0,0,0,,,,
BASSTA,2009,9,7,16,23.5,,,,,,,,984.8,,0.8,,203,8.9,197.6,0,0,0,0,,,,
BASSTA,2009,9,7,17,21.8,,,,,,,,984.8,,1.5,,60,1.1,59.5,0,0,0,0,,,,
BASSTA,2009,9,7,18,20,,,,,,,,985.1,,1.6,,4,0,4,0,0,0,0,,,,
BASSTA,2009,9,7,19,17.5,,,,,,,,985.5,,1.3,,1,0,1,0,0,0,0,,,,
BASSTA,2009,9,7,20,15.8,,,,,,,,985.6,,1.1,,2,0,0,0,0,0,0,,,,
BASSTA,2009,9,7,21,15.6,,,,,,,,985.7,,1.5,,1,0,0,0,0,0,0,,,,
BASSTA,2009,9,7,22,15.1,,,,,,,,985.7,,1.5,,1,0,0,0,0,0,0,,,,
BASSTA,2009,9,7,23,14,,,,,,,,985.7,,1.2,,2,0,0,0,0,0,0,,,,
BASSTA,2009,9,8,0,13.7,,,,,,,,985.9,,1.7,,2,0,0,0,0,0,0,,,,
BASSTA,2009,9,8,1,13.3,,,,,,,,985.9,,2.1,,2,0,0,0,0,0,0,,,,
BASSTA,2009,9,8,2,12.9,,,,,,,,986,,2.6,,1,0,0,0,0,0,0,,,,
BASSTA,2009,9,8,3,12.4,,,,,,,,986,,2,,2,0,0,0,0,0,0,,,,
BASSTA,2009,9,8,4,12.1,,,,,,,,986,,2.4,,3,0,0,0,0,0,0,,,,
BASSTA,2009,9,8,5,12.1,,,,,,,,986.4,,3.1,,17,0,0,0,0,0,0,,,,
BASSTA,2009,9,8,6,12.8,,,,,,,,986.6,,2.7,,116,0,0,0,0,0,0,,,,
BASSTA,2009,9,8,7,14.5,,,,,,,,986.7,,1.7,,268,0,0,0,0,0,0,,,,
BASSTA,2009,9,8,8,17.4,,,,,,,,986.8,,1.7,,419,2067.7,69.1,0,0,0,0,,,,
BASSTA,2009,9,8,9,20.1,,,,,,,,986.5,,1.5,,549,1360.1,90.6,0,0,0,0,,,,
BASSTA,2009,9,8,10,22.6,,,,,,,,986.1,,2.2,,647,1108.4,106.8,0,0,0,0,,,,
BASSTA,2009,9,8,11,24,,,,,,,,985.7,,2.5,,696,953.3,114.8,0,0,0,0,,,,
BASSTA,2009,9,8,12,25.1,,,,,,,,985.4,,1.6,,693,805.9,132.7,0,0,0,0,,,,
BASSTA,2009,9,8,13,25.9,,,,,,,,984.8,,0.7,,636,556.7,224.9,0,0,0,0,,,,
BASSTA,2009,9,8,14,26.2,,,,,,,,984.3,,1.1,,532,303.9,308.3,0,0,0,0,,,,
BASSTA,2009,9,8,15,26.3,,,,,,,,983.9,,1.4,,393,112.9,315.2,0,0,0,0,,,,
BASSTA,2009,9,8,16,25.7,,,,,,,,983.7,,1.3,,236,18.4,225,0,0,0,0,,,,
BASSTA,2009,9,8,17,24.1,,,,,,,,983.5,,1.2,,80,1.9,79.1,0,0,0,0,,,,
BASSTA,2009,9,8,18,20.8,,,,,,,,983.7,,0.9,,4,0,4,0,0,0,0,,,,
BASSTA,2009,9,8,19,18.4,,,,,,,,984.1,,0.7,,2,0,2,0,0,0,0,,,,
BASSTA,2009,9,8,20,16.8,,,,,,,,984.3,,0.4,,2,0,0,0,0,0,0,,,,
BASSTA,2009,9,8,21,15.5,,,,,,,,984.4,,0.5,,2,0,0,0,0,0,0,,,,
BASSTA,2009,9,8,22,14.7,,,,,,,,984.5,,0.7,,3,0,0,0,0,0,0,,,,
BASSTA,2009,9,8,23,13.7,,,,,,,,984.5,,0.8,,3,0,0,0,0,0,0,,,,
BASSTA,2009,9,9,0,13.2,,,,,,,,984.3,,0.6,,3,0,0,0,0,0,0,,,,
BASSTA,2009,9,9,1,12.5,,,,,,,,984.2,,0.6,,3,0,0,0,0,0,0,,,,
BASSTA,2009,9,9,2,12.4,,,,,,,,984.1,,0.9,,2,0,0,0,0,0,0,,,,
BASSTA,2009,9,9,3,11.9,,,,,,,,984,,1.1,,3,0,0,0,0,0,0,,,,
BASSTA,2009,9,9,4,12.3,,,,,,,,984.3,,2.3,,3,0,0,0,0,0,0,,,,
BASSTA,2009,9,9,5,12.1,,,,,,,,984.8,,1.5,,17,0,0,0,0,0,0,,,,
BASSTA,2009,9,9,6,13,,,,,,,,985.3,,0.9,,126,0,0,0,0,0,0,,,,
BASSTA,2009,9,9,7,14.8,,,,,,,,985.4,,0.9,,281,0,0,0,0,0,0,,,,
BASSTA,2009,9,9,8,17.2,,,,,,,,985.6,,0.9,,432,2179.9,71.3,0,0,0,0,,,,
BASSTA,2009,9,9,9,19.7,,,,,,,,985.6,,1.6,,566,1417.9,93.4,0,0,0,0,,,,
BASSTA,2009,9,9,10,20.8,,,,,,,,985.5,,0.6,,660,1139.5,108.9,0,0,0,0,,,,
BASSTA,2009,9,9,11,22.6,,,,,,,,985,,0.9,,705,971.8,116.3,0,0,0,0,,,,
BASSTA,2009,9,9,12,24.2,,,,,,,,984.7,,0.7,,701,831.3,126.4,0,0,0,0,,,,
BASSTA,2009,9,9,13,24.6,,,,,,,,984.5,,1.3,,636,566.1,220.4,0,0,0,0,,,,
BASSTA,2009,9,9,14,25.2,,,,,,,,984.4,,1.2,,538,324.1,300.9,0,0,0,0,,,,
BASSTA,2009,9,9,15,25.4,,,,,,,,984.2,,1.5,,388,109.8,312.9,0,0,0,0,,,,
BASSTA,2009,9,9,16,24.1,,,,,,,,984.4,,1.9,,179,6.2,175.3,0,0,0,0,,,,
BASSTA,2009,9,9,17,22.4,,,,,,,,984.6,,2,,42,0.5,41.7,0,0,0,0,,,,
BASSTA,2009,9,9,18,19.9,,,,,,,,985.1,,1.6,,3,0,3,0,0,0,0,,,,
BASSTA,2009,9,9,19,17.5,,,,,,,,985.9,,1.3,,2,0,2,0,0,0,0,,,,
BASSTA,2009,9,9,20,16,,,,,,,,986.4,,0.8,,2,0,0,0,0,0,0,,,,
BASSTA,2009,9,9,21,14.9,,,,,,,,986.9,,1.6,,3,0,0,0,0,0,0,,,,
BASSTA,2009,9,9,22,14.3,,,,,,,,987.1,,2,,2,0,0,0,0,0,0,,,,
BASSTA,2009,9,9,23,13.7,,,,,,,,987.2,,1.2,,3,0,0,0,0,0,0,,,,
BASSTA,2009,9,10,0,13.2,,,,,,,,987.1,,0.9,,2,0,0,0,0,0,0,,,,
BASSTA,2009,9,10,1,12.2,,,,,,,,987.1,,1.1,,3,0,0,0,0,0,0,,,,
BASSTA,2009,9,10,2,12,,,,,,,,987.1,,0.8,,2,0,0,0,0,0,0,,,,
BASSTA,2009,9,10,3,11.7,,,,,,,,987,,1,,3,0,0,0,0,0,0,,,,
BASSTA,2009,9,10,4,10.7,,,,,,,,987.3,,0.7,,3,0,0,0,0,0,0,,,,
BASSTA,2009,9,10,5,11.2,,,,,,,,987.9,,1.3,,16,0,0,0,0,0,0,,,,
BASSTA,2009,9,10,6,12,,,,,,,,988.4,,1,,108,0,0,0,0,0,0,,,,
BASSTA,2009,9,10,7,14.4,,,,,,,,988.5,,0.7,,257,0,0,0,0,0,0,,,,
BASSTA,2009,9,10,8,17,,,,,,,,988.6,,0.9,,406,2096.1,67,0,0,0,0,,,,
BASSTA,2009,9,10,9,18.3,,,,,,,,988.7,,2.4,,532,1347.9,87.8,0,0,0,0,,,,
BASSTA,2009,9,10,10,19.1,,,,,,,,988.5,,2.1,,623,1084.2,102.8,0,0,0,0,,,,
BASSTA,2009,9,10,11,20.7,,,,,,,,988.2,,1.8,,662,918.5,109.2,0,0,0,0,,,,
BASSTA,2009,9,10,12,22.1,,,,,,,,987.8,,2.2,,653,726.7,153.7,0,0,0,0,,,,
BASSTA,2009,9,10,13,23.2,,,,,,,,987.3,,1.8,,594,464,255.4,0,0,0,0,,,,
BASSTA,2009,9,10,14,23.6,,,,,,,,987,,2.1,,456,170.7,331.9,0,0,0,0,,,,
BASSTA,2009,9,10,15,23.6,,,,,,,,986.9,,2.5,,295,30,274.6,0,0,0,0,,,,
BASSTA,2009,9,10,16,22.8,,,,,,,,986.8,,2.8,,188,7.4,183.7,0,0,0,0,,,,
BASSTA,2009,9,10,17,21.4,,,,,,,,987,,2.6,,29,0.3,28.9,0,0,0,0,,,,
BASSTA,2009,9,10,18,20.3,,,,,,,,987.5,,1.6,,2,0,2,0,0,0,0,,,,
BASSTA,2009,9,10,19,19.5,,,,,,,,988,,1.8,,2,0,2,0,0,0,0,,,,
BASSTA,2009,9,10,20,18.5,,,,,,,,988.4,,2.5,,2,0,0,0,0,0,0,,,,
BASSTA,2009,9,10,21,17.2,,,,,,,,988.8,,2.2,,2,0,0,0,0,0,0,,,,
BASSTA,2009,9,10,22,16.3,,,,,,,,989.2,,2.7,,2,0,0,0,0,0,0,,,,
BASSTA,2009,9,10,23,15.9,,,,,,,,989.2,,2.5,,3,0,0,0,0,0,0,,,,
BASSTA,2009,9,11,0,15.6,,,,,,,,989.1,,2.9,,3,0,0,0,0,0,0,,,,
BASSTA,2009,9,11,1,15.4,,,,,,,,988.8,,2.8,,3,0,0,0,0,0,0,,,,
BASSTA,2009,9,11,2,15,,,,,,,,988.7,,2.4,,3,0,0,0,0,0,0,,,,
BASSTA,2009,9,11,3,14.6,,,,,,,,988.7,,3.2,,2,0,0,0,0,0,0,,,,
BASSTA,2009,9,11,4,14.2,,,,,,,,988.8,,2.2,,2,0,0,0,0,0,0,,,,
BASSTA,2009,9,11,5,14,,,,,,,,989.1,,2.3,,4,0,0,0,0,0,0,,,,
BASSTA,2009,9,11,6,13.9,,,,,,,,989.4,,2.4,,23,0,0,0,0,0,0,,,,
BASSTA,2009,9,11,7,14.2,,,,,,,,989.6,,1.8,,45,0,0,0,0,0,0,,,,
BASSTA,2009,9,11,8,15.1,,,,,,,,989.7,,2,,159,819.6,29.5,0,0,0,0,,,,
BASSTA,2009,9,11,9,16.1,,,,,,,,989.5,,2,,244,345.9,131.3,0,0,0,0,,,,
BASSTA,2009,9,11,10,16.8,,,,,,,,989.2,,1.1,,119,4.2,117,0,0,0,0,,,,
BASSTA,2009,9,11,11,17.6,,,,,,,,988.9,,1,,119,2.6,117.4,0,0,0,0,,,,
BASSTA,2009,9,11,12,18.4,,,,,,,,988.6,,2.3,,206,6.2,201.8,0,0,0,0,,,,
BASSTA,2009,9,11,13,19,,,,,,,,988.1,,1,,238,8.1,232.1,0,0,0,0,,,,
BASSTA,2009,9,11,14,19.8,,,,,,,,987.5,,0.9,,344,47.4,309.8,0,0,0,0,,,,
BASSTA,2009,9,11,15,20.2,,,,,,,,986.8,,2.2,,296,31.6,274.7,0,0,0,0,,,,
BASSTA,2009,9,11,16,19.2,,,,,,,,986.7,,3.1,,122,2.9,120.3,0,0,0,0,,,,
BASSTA,2009,9,11,17,18.3,,,,,,,,986.8,,2.2,,47,0.7,46.7,0,0,0,0,,,,
BASSTA,2009,9,11,18,17.9,,,,,,,,987.1,,1.5,,2,0,2,0,0,0,0,,,,
BASSTA,2009,9,11,19,16.9,,,,,,,,987.6,,2.1,,2,0,2,0,0,0,0,,,,
BASSTA,2009,9,11,20,16.2,,,,,,,,987.8,,1.8,,2,0,0,0,0,0,0,,,,
BASSTA,2009,9,11,21,15.1,,,,,,,,987.4,,1.8,,2,0,0,0,0,0,0,,,,
BASSTA,2009,9,11,22,14.3,,,,,,,,986.9,,1.9,,1,0,0,0,0,0,0,,,,
BASSTA,2009,9,11,23,14,,,,,,,,986.4,,1.4,,2,0,0,0,0,0,0,,,,
BASSTA,2009,9,12,0,14,,,,,,,,986,,1.4,,2,0,0,0,0,0,0,,,,
BASSTA,2009,9,12,1,13.8,,,,,,,,985.6,,1.9,,2,0,0,0,0,0,0,,,,
BASSTA,2009,9,12,2,13.6,,,,,,,,985.2,,1.9,,2,0,0,0,0,0,0,,,,
BASSTA,2009,9,12,3,13.1,,,,,,,,985,,2.3,,2,0,0,0,0,0,0,,,,
BASSTA,2009,9,12,4,12.7,,,,,,,,984.9,,2.1,,2,0,0,0,0,0,0,,,,
BASSTA,2009,9,12,5,12.4,,,,,,,,985,,2.2,,6,0,0,0,0,0,0,,,,
BASSTA,2009,9,12,6,12.5,,,,,,,,984.8,,2,,54,0,0,0,0,0,0,,,,
BASSTA,2009,9,12,7,13,,,,,,,,984.6,,2.1,,179,0,0,0,0,0,0,,,,
BASSTA,2009,9,12,8,14.3,,,,,,,,984.6,,2.8,,434,2350.4,71.6,0,0,0,0,,,,
BASSTA,2009,9,12,9,15,,,,,,,,984.5,,2.7,,343,889.9,56.5,0,0,0,0,,,,
BASSTA,2009,9,12,10,16.4,,,,,,,,984,,2.1,,333,275.1,203.1,0,0,0,0,,,,
BASSTA,2009,9,12,11,17.9,,,,,,,,983.7,,1.3,,342,116.8,272.6,0,0,0,0,,,,
BASSTA,2009,9,12,12,18.7,,,,,,,,983.6,,0.9,,318,43.6,288.4,0,0,0,0,,,,
BASSTA,2009,9,12,13,19.4,,,,,,,,983.3,,0.8,,233,7.6,227.5,0,0,0,0,,,,
BASSTA,2009,9,12,14,19.8,,,,,,,,982.9,,0.7,,203,5.3,199.2,0,0,0,0,,,,
BASSTA,2009,9,12,15,20,,,,,,,,982.5,,0.7,,76,0.9,75.4,0,0,0,0,,,,
BASSTA,2009,9,12,16,19.7,,,,,,,,982.4,,0.8,,73,1.1,72.4,0,0,0,0,,,,
BASSTA,2009,9,12,17,19.4,,,,,,,,982.8,,1.5,,19,0.1,18.9,0,0,0,0,,,,
BASSTA,2009,9,12,18,18.7,,,,,,,,983.2,,1.4,,2,0,2,0,0,0,0,,,,
BASSTA,2009,9,12,19,18,,,,,,,,983.6,,0.8,,2,0,2,0,0,0,0,,,,
BASSTA,2009,9,12,20,16.8,,,,,,,,983.6,,0.5,,1,0,0,0,0,0,0,,,,
BASSTA,2009,9,12,21,15.5,,,,,,,,983.6,,2,,2,0,0,0,0,0,0,,,,
BASSTA,2009,9,12,22,14.2,,,,,,,,983.7,,2,,1,0,0,0,0,0,0,,,,
BASSTA,2009,9,12,23,13.1,,,,,,,,983.5,,1.6,,2,0,0,0,0,0,0,,,,
BASSTA,2009,9,13,0,12.3,,,,,,,,983.6,,1.8,,2,0,0,0,0,0,0,,,,
BASSTA,2009,9,13,1,11.5,,,,,,,,983.6,,1.9,,1,0,0,0,0,0,0,,,,
BASSTA,2009,9,13,2,10.8,,,,,,,,983.6,,2,,2,0,0,0,0,0,0,,,,
BASSTA,2009,9,13,3,10.5,,,,,,,,983.6,,1.7,,3,0,0,0,0,0,0,,,,
BASSTA,2009,9,13,4,11.4,,,,,,,,983.5,,1.3,,3,0,0,0,0,0,0,,,,
BASSTA,2009,9,13,5,11.5,,,,,,,,983.6,,1.2,,7,0,0,0,0,0,0,,,,
BASSTA,2009,9,13,6,11.5,,,,,,,,983.8,,1.2,,39,0,0,0,0,0,0,,,,
BASSTA,2009,9,13,7,12.1,,,,,,,,983.6,,1.7,,127,0,0,0,0,0,0,,,,
BASSTA,2009,9,13,8,13,,,,,,,,983.5,,1.6,,332,1843.4,54.8,0,0,0,0,,,,
BASSTA,2009,9,13,9,14.5,,,,,,,,983,,2,,534,1401.4,88.1,0,0,0,0,,,,
BASSTA,2009,9,13,10,16.3,,,,,,,,982.6,,1.9,,624,1112.8,103,0,0,0,0,,,,
BASSTA,2009,9,13,11,18,,,,,,,,981.9,,1.5,,671,950,110.7,0,0,0,0,,,,
BASSTA,2009,9,13,12,19.5,,,,,,,,981.2,,2,,671,801,130.8,0,0,0,0,,,,
BASSTA,2009,9,13,13,20,,,,,,,,980.4,,1.6,,618,556.3,219.4,0,0,0,0,,,,
BASSTA,2009,9,13,14,20.7,,,,,,,,979.8,,2.8,,525,324.1,294,0,0,0,0,,,,
BASSTA,2009,9,13,15,20.3,,,,,,,,979.2,,2.6,,381,114.8,304.8,0,0,0,0,,,,
BASSTA,2009,9,13,16,18.9,,,,,,,,979.2,,2.5,,96,1.9,94.9,0,0,0,0,,,,
BASSTA,2009,9,13,17,17.8,,,,,,,,979.3,,2.5,,21,0.1,20.9,0,0,0,0,,,,
BASSTA,2009,9,13,18,17,,,,,,,,979.6,,2.5,,3,0,3,0,0,0,0,,,,
BASSTA,2009,9,13,19,15.9,,,,,,,,980.1,,2.8,,3,0,3,0,0,0,0,,,,
BASSTA,2009,9,13,20,15,,,,,,,,980.6,,2.9,,3,0,0,0,0,0,0,,,,
BASSTA,2009,9,13,21,14.4,,,,,,,,980.6,,3.2,,3,0,0,0,0,0,0,,,,
BASSTA,2009,9,13,22,13.9,,,,,,,,980.3,,3.2,,3,0,0,0,0,0,0,,,,
BASSTA,2009,9,13,23,13.2,,,,,,,,979.9,,2.3,,3,0,0,0,0,0,0,,,,
BASSTA,2009,9,14,0,12.5,,,,,,,,979.7,,2.5,,2,0,0,0,0,0,0,,,,
BASSTA,2009,9,14,1,12.4,,,,,,,,979.5,,2.3,,3,0,0,0,0,0,0,,,,
BASSTA,2009,9,14,2,12.5,,,,,,,,979.3,,1.5,,3,0,0,0,0,0,0,,,,
BASSTA,2009,9,14,3,12.2,,,,,,,,979,,2,,3,0,0,0,0,0,0,,,,
BASSTA,2009,9,14,4,12,,,,,,,,978.8,,2.1,,3,0,0,0,0,0,0,,,,
BASSTA,2009,9,14,5,11.3,,,,,,,,979,,1.8,,6,0,0,0,0,0,0,,,,
BASSTA,2009,9,14,6,11.7,,,,,,,,979.2,,1.4,,28,0,0,0,0,0,0,,,,
BASSTA,2009,9,14,7,12,,,,,,,,979.2,,1.9,,60,0,0,0,0,0,0,,,,
BASSTA,2009,9,14,8,12.6,,,,,,,,979.1,,2,,200,1139.4,33,0,0,0,0,,,,
BASSTA,2009,9,14,9,12.9,,,,,,,,978.8,,1.9,,246,403.6,119.1,0,0,0,0,,,,
BASSTA,2009,9,14,10,13.9,,,,,,,,978.3,,1.5,,422,646.4,121.9,0,0,0,0,,,,
BASSTA,2009,9,14,11,14.2,,,,,,,,977.8,,2.1,,245,24.5,230.6,0,0,0,0,,,,
BASSTA,2009,9,14,12,14.1,,,,,,,,977.6,,2,,186,5.1,182.6,0,0,0,0,,,,
BASSTA,2009,9,14,13,14.2,,,,,,,,977.5,,1.6,,233,8,227.3,0,0,0,0,,,,
BASSTA,2009,9,14,14,14.6,,,,,,,,977.2,,1.3,,282,19.2,268.4,0,0,0,0,,,,
BASSTA,2009,9,14,15,14.6,,,,,,,,976.9,,0.8,,365,97.5,300.8,0,0,0,0,,,,
BASSTA,2009,9,14,16,14.5,,,,,,,,976.6,,1.1,,140,4.1,137.7,0,0,0,0,,,,
BASSTA,2009,9,14,17,14,,,,,,,,976.5,,0.9,,57,1.1,56.5,0,0,0,0,,,,
BASSTA,2009,9,14,18,12.8,,,,,,,,976.4,,1.1,,2,0,2,0,0,0,0,,,,
BASSTA,2009,9,14,19,10.7,,,,,,,,976.6,,1.3,,2,0,2,0,0,0,0,,,,
BASSTA,2009,9,14,20,10.4,,,,,,,,976.8,,1,,2,0,0,0,0,0,0,,,,
BASSTA,2009,9,14,21,9.6,,,,,,,,977,,1.4,,2,0,0,0,0,0,0,,,,
BASSTA,2009,9,14,22,9.7,,,,,,,,977,,1.1,,2,0,0,0,0,0,0,,,,
BASSTA,2009,9,14,23,9.5,,,,,,,,977.2,,1.3,,2,0,0,0,0,0,0,,,,
BASSTA,2009,9,15,0,9.9,,,,,,,,977.1,,0.8,,3,0,0,0,0,0,0,,,,
BASSTA,2009,9,15,1,10,,,,,,,,976.9,,0.5,,3,0,0,0,0,0,0,,,,
BASSTA,2009,9,15,2,10.1,,,,,,,,976.9,,0.7,,3,0,0,0,0,0,0,,,,
BASSTA,2009,9,15,3,10.1,,,,,,,,976.9,,0.7,,2,0,0,0,0,0,0,,,,
BASSTA,2009,9,15,4,10.1,,,,,,,,977,,1.1,,2,0,0,0,0,0,0,,,,
BASSTA,2009,9,15,5,9.9,,,,,,,,977.1,,1,,2,0,0,0,0,0,0,,,,
BASSTA,2009,9,15,6,9.9,,,,,,,,977.2,,1,,26,0,0,0,0,0,0,,,,
BASSTA,2009,9,15,7,10.2,,,,,,,,977.6,,1.3,,65,0,0,0,0,0,0,,,,
BASSTA,2009,9,15,8,11.2,,,,,,,,977.9,,1.2,,137,740.8,31.3,0,0,0,0,,,,
BASSTA,2009,9,15,9,12.3,,,,,,,,977.7,,1,,211,236.3,137.6,0,0,0,0,,,,
BASSTA,2009,9,15,10,13.1,,,,,,,,977.7,,1,,211,38.8,193.1,0,0,0,0,,,,
BASSTA,2009,9,15,11,14,,,,,,,,977.5,,1.4,,370,179.8,265.5,0,0,0,0,,,,
BASSTA,2009,9,15,12,15,,,,,,,,977.3,,2,,513,381.3,259.1,0,0,0,0,,,,
BASSTA,2009,9,15,13,15,,,,,,,,977,,2.2,,329,41.8,299.5,0,0,0,0,,,,
BASSTA,2009,9,15,14,15,,,,,,,,977,,1.8,,265,14.6,254.7,0,0,0,0,,,,
BASSTA,2009,9,15,15,15.1,,,,,,,,977.1,,1.8,,256,17.6,244.5,0,0,0,0,,,,
BASSTA,2009,9,15,16,15,,,,,,,,976.9,,1.7,,142,4.3,139.6,0,0,0,0,,,,
BASSTA,2009,9,15,17,14.4,,,,,,,,976.9,,1.4,,38,0.5,37.8,0,0,0,0,,,,
BASSTA,2009,9,15,18,13.3,,,,,,,,977.2,,1.5,,1,0,1,0,0,0,0,,,,
BASSTA,2009,9,15,19,13,,,,,,,,977.5,,1.9,,1,0,1,0,0,0,0,,,,
BASSTA,2009,9,15,20,13.1,,,,,,,,977.3,,1.5,,1,0,0,0,0,0,0,,,,
BASSTA,2009,9,15,21,13.2,,,,,,,,977.1,,1.5,,1,0,0,0,0,0,0,,,,
BASSTA,2009,9,15,22,13.3,,,,,,,,976.9,,1.5,,2,0,0,0,0,0,0,,,,
BASSTA,2009,9,15,23,13.1,,,,,,,,976.6,,1.5,,2,0,0,0,0,0,0,,,,
BASSTA,2009,9,16,0,12.7,,,,,,,,976.1,,1.7,,2,0,0,0,0,0,0,,,,
BASSTA,2009,9,16,1,12.5,,,,,,,,975.6,,1.6,,2,0,0,0,0,0,0,,,,
BASSTA,2009,9,16,2,12.3,,,,,,,,975,,1.9,,2,0,0,0,0,0,0,,,,
BASSTA,2009,9,16,3,12.2,,,,,,,,974.6,,1.2,,1,0,0,0,0,0,0,,,,
BASSTA,2009,9,16,4,12,,,,,,,,973.8,,1.9,,1,0,0,0,0,0,0,,,,
BASSTA,2009,9,16,5,11.9,,,,,,,,973.4,,1.3,,1,0,0,0,0,0,0,,,,
BASSTA,2009,9,16,6,12.2,,,,,,,,973.3,,1.1,,18,0,0,0,0,0,0,,,,
BASSTA,2009,9,16,7,12.8,,,,,,,,973.2,,1.3,,91,0,0,0,0,0,0,,,,
BASSTA,2009,9,16,8,13.8,,,,,,,,973.2,,1.2,,138,797.6,27.2,0,0,0,0,,,,
BASSTA,2009,9,16,9,14.3,,,,,,,,973,,1.9,,140,38,128.3,0,0,0,0,,,,
BASSTA,2009,9,16,10,14.8,,,,,,,,972.9,,1.5,,114,4.2,112.1,0,0,0,0,,,,
BASSTA,2009,9,16,11,15.3,,,,,,,,972.7,,1.4,,78,1.2,77.3,0,0,0,0,,,,
BASSTA,2009,9,16,12,15.6,,,,,,,,972.5,,1.7,,96,1.4,95.1,0,0,0,0,,,,
BASSTA,2009,9,16,13,15.8,,,,,,,,972.5,,2.1,,90,1.1,89.2,0,0,0,0,,,,
BASSTA,2009,9,16,14,15.9,,,,,,,,972.3,,1.9,,63,0.5,62.6,0,0,0,0,,,,
BASSTA,2009,9,16,15,16,,,,,,,,972.4,,1.8,,36,0.2,35.9,0,0,0,0,,,,
BASSTA,2009,9,16,16,16.2,,,,,,,,972.7,,1.4,,33,0.2,32.9,0,0,0,0,,,,
BASSTA,2009,9,16,17,16.4,,,,,,,,972.9,,1.2,,9,0,9,0,0,0,0,,,,
BASSTA,2009,9,16,18,16.2,,,,,,,,973.1,,1.4,,1,0,1,0,0,0,0,,,,
BASSTA,2009,9,16,19,16.2,,,,,,,,973.5,,1.3,,1,0,1,0,0,0,0,,,,
BASSTA,2009,9,16,20,16.3,,,,,,,,973.8,,1.4,,1,0,0,0,0,0,0,,,,
BASSTA,2009,9,16,21,16.2,,,,,,,,974,,1.3,,1,0,0,0,0,0,0,,,,
BASSTA,2009,9,16,22,16.2,,,,,,,,974.2,,1.5,,1,0,0,0,0,0,0,,,,
BASSTA,2009,9,16,23,16.2,,,,,,,,974.3,,1.5,,1,0,0,0,0,0,0,,,,
BASSTA,2009,9,17,0,16.4,,,,,,,,974.3,,1.4,,1,0,0,0,0,0,0,,,,
BASSTA,2009,9,17,1,16.4,,,,,,,,974.4,,1.2,,1,0,0,0,0,0,0,,,,
BASSTA,2009,9,17,2,16.4,,,,,,,,974.4,,1.3,,1,0,0,0,0,0,0,,,,
BASSTA,2009,9,17,3,16.2,,,,,,,,974.5,,1.7,,1,0,0,0,0,0,0,,,,
BASSTA,2009,9,17,4,16,,,,,,,,974.6,,1.8,,2,0,0,0,0,0,0,,,,
BASSTA,2009,9,17,5,15.8,,,,,,,,975,,1.6,,2,0,0,0,0,0,0,,,,
BASSTA,2009,9,17,6,15.7,,,,,,,,975.4,,1.6,,10,0,0,0,0,0,0,,,,
BASSTA,2009,9,17,7,15.8,,,,,,,,975.8,,1.4,,27,0,0,0,0,0,0,,,,
BASSTA,2009,9,17,8,16,,,,,,,,976.4,,1.4,,54,19.4,51.4,0,0,0,0,,,,
BASSTA,2009,9,17,9,16.3,,,,,,,,977,,1.2,,54,2.1,53.4,0,0,0,0,,,,
BASSTA,2009,9,17,10,16.4,,,,,,,,977.1,,1.1,,57,1.1,56.5,0,0,0,0,,,,
BASSTA,2009,9,17,11,16.6,,,,,,,,977.3,,0.9,,79,1.3,78.3,0,0,0,0,,,,
BASSTA,2009,9,17,12,17,,,,,,,,977.8,,1,,69,0.7,68.5,0,0,0,0,,,,
BASSTA,2009,9,17,13,17.2,,,,,,,,977.9,,1.3,,68,0.6,67.6,0,0,0,0,,,,
BASSTA,2009,9,17,14,17.4,,,,,,,,978,,1.3,,92,1.2,91.2,0,0,0,0,,,,
BASSTA,2009,9,17,15,17.9,,,,,,,,978.1,,1.8,,125,2.5,123.4,0,0,0,0,,,,
BASSTA,2009,9,17,16,17.6,,,,,,,,978.4,,1.6,,28,0.2,27.9,0,0,0,0,,,,
BASSTA,2009,9,17,17,17.4,,,,,,,,978.6,,1.3,,5,0,5,0,0,0,0,,,,
BASSTA,2009,9,17,18,17.1,,,,,,,,979.1,,2.3,,2,0,2,0,0,0,0,,,,
BASSTA,2009,9,17,19,16.6,,,,,,,,979.6,,2,,2,0,2,0,0,0,0,,,,
BASSTA,2009,9,17,20,16.3,,,,,,,,979.8,,1.7,,2,0,0,0,0,0,0,,,,
BASSTA,2009,9,17,21,16,,,,,,,,979.8,,1.3,,2,0,0,0,0,0,0,,,,
BASSTA,2009,9,17,22,15.9,,,,,,,,979.7,,1,,2,0,0,0,0,0,0,,,,
BASSTA,2009,9,17,23,15.8,,,,,,,,979.6,,0.8,,2,0,0,0,0,0,0,,,,
BASSTA,2009,9,18,0,15.6,,,,,,,,979.5,,0.6,,2,0,0,0,0,0,0,,,,
BASSTA,2009,9,18,1,15.6,,,,,,,,979.4,,0.8,,2,0,0,0,0,0,0,,,,
BASSTA,2009,9,18,2,15.5,,,,,,,,979.3,,0.6,,2,0,0,0,0,0,0,,,,
BASSTA,2009,9,18,3,15.6,,,,,,,,979.1,,0.5,,1,0,0,0,0,0,0,,,,
BASSTA,2009,9,18,4,15.5,,,,,,,,978.8,,0.6,,1,0,0,0,0,0,0,,,,
BASSTA,2009,9,18,5,15.5,,,,,,,,978.9,,0.4,,4,0,0,0,0,0,0,,,,
BASSTA,2009,9,18,6,15.7,,,,,,,,979,,0.8,,25,0,0,0,0,0,0,,,,
BASSTA,2009,9,18,7,15.9,,,,,,,,979,,0.9,,42,0,0,0,0,0,0,,,,
BASSTA,2009,9,18,8,16.2,,,,,,,,979.1,,1.2,,94,289.8,56,0,0,0,0,,,,
BASSTA,2009,9,18,9,16.8,,,,,,,,979.4,,1.3,,189,174.8,136.8,0,0,0,0,,,,
BASSTA,2009,9,18,10,18,,,,,,,,979.3,,1,,287,183.8,204.6,0,0,0,0,,,,
BASSTA,2009,9,18,11,18.9,,,,,,,,978.8,,1.1,,371,198.3,258.2,0,0,0,0,,,,
BASSTA,2009,9,18,12,19.9,,,,,,,,978.2,,0.8,,283,29.2,264,0,0,0,0,,,,
BASSTA,2009,9,18,13,19.9,,,,,,,,977.9,,0.9,,177,4.3,174,0,0,0,0,,,,
BASSTA,2009,9,18,14,20.3,,,,,,,,977.5,,1,,193,5.2,189.4,0,0,0,0,,,,
BASSTA,2009,9,18,15,20.4,,,,,,,,977.3,,1.5,,171,4.8,168,0,0,0,0,,,,
BASSTA,2009,9,18,16,20,,,,,,,,977,,1.2,,144,4.6,141.5,0,0,0,0,,,,
BASSTA,2009,9,18,17,19.2,,,,,,,,977.1,,0.9,,19,0.1,18.9,0,0,0,0,,,,
BASSTA,2009,9,18,18,18,,,,,,,,977.1,,0.2,,1,0,1,0,0,0,0,,,,
BASSTA,2009,9,18,19,17.2,,,,,,,,977.2,,1.1,,1,0,1,0,0,0,0,,,,
BASSTA,2009,9,18,20,17.2,,,,,,,,977.5,,1.4,,1,0,0,0,0,0,0,,,,
BASSTA,2009,9,18,21,17,,,,,,,,977.5,,1.2,,1,0,0,0,0,0,0,,,,
BASSTA,2009,9,18,22,16.8,,,,,,,,977.7,,1.4,,1,0,0,0,0,0,0,,,,
BASSTA,2009,9,18,23,17,,,,,,,,977.9,,1.5,,1,0,0,0,0,0,0,,,,
BASSTA,2009,9,19,0,17.1,,,,,,,,977.9,,0.9,,1,0,0,0,0,0,0,,,,
BASSTA,2009,9,19,1,17,,,,,,,,977.8,,0.2,,1,0,0,0,0,0,0,,,,
BASSTA,2009,9,19,2,17,,,,,,,,977.8,,0.5,,1,0,0,0,0,0,0,,,,
BASSTA,2009,9,19,3,16.8,,,,,,,,978,,0.6,,1,0,0,0,0,0,0,,,,
BASSTA,2009,9,19,4,16.9,,,,,,,,978.2,,0.2,,2,0,0,0,0,0,0,,,,
BASSTA,2009,9,19,5,17,,,,,,,,978.4,,0.7,,3,0,0,0,0,0,0,,,,
BASSTA,2009,9,19,6,17.1,,,,,,,,979,,0.2,,15,0,0,0,0,0,0,,,,
BASSTA,2009,9,19,7,17.4,,,,,,,,979.3,,0.8,,63,0,0,0,0,0,0,,,,
BASSTA,2009,9,19,8,17.4,,,,,,,,979.7,,0.4,,32,4.2,31.5,0,0,0,0,,,,
BASSTA,2009,9,19,9,17.3,,,,,,,,980,,1.7,,110,13.8,105.9,0,0,0,0,,,,
BASSTA,2009,9,19,10,17.1,,,,,,,,980.2,,2.5,,173,17,165.5,0,0,0,0,,,,
BASSTA,2009,9,19,11,17.4,,,,,,,,980.2,,2.3,,203,11.6,196.4,0,0,0,0,,,,
BASSTA,2009,9,19,12,18,,,,,,,,980.1,,3.2,,370,110.8,298.2,0,0,0,0,,,,
BASSTA,2009,9,19,13,19,,,,,,,,979.7,,2.4,,397,115.8,317.2,0,0,0,0,,,,
BASSTA,2009,9,19,14,20.1,,,,,,,,979.4,,2.3,,469,244.3,302.1,0,0,0,0,,,,
BASSTA,2009,9,19,15,19.8,,,,,,,,979.3,,1.5,,229,12,221.4,0,0,0,0,,,,
BASSTA,2009,9,19,16,19.4,,,,,,,,979.4,,1.4,,114,3,112.4,0,0,0,0,,,,
BASSTA,2009,9,19,17,18.4,,,,,,,,979.4,,1.5,,27,0.3,26.9,0,0,0,0,,,,
BASSTA,2009,9,19,18,17.7,,,,,,,,979.8,,2.1,,1,0,1,0,0,0,0,,,,
BASSTA,2009,9,19,19,17.5,,,,,,,,980.1,,2.6,,1,0,1,0,0,0,0,,,,
BASSTA,2009,9,19,20,17.2,,,,,,,,980.5,,1.7,,1,0,0,0,0,0,0,,,,
BASSTA,2009,9,19,21,16.9,,,,,,,,980.5,,1.5,,1,0,0,0,0,0,0,,,,
BASSTA,2009,9,19,22,16.8,,,,,,,,981,,1.9,,1,0,0,0,0,0,0,,,,
BASSTA,2009,9,19,23,16.8,,,,,,,,981.2,,3,,1,0,0,0,0,0,0,,,,
BASSTA,2009,9,20,0,16.6,,,,,,,,981.3,,2,,2,0,0,0,0,0,0,,,,
BASSTA,2009,9,20,1,16.7,,,,,,,,981.4,,1.2,,1,0,0,0,0,0,0,,,,
BASSTA,2009,9,20,2,16.5,,,,,,,,981.3,,0.8,,1,0,0,0,0,0,0,,,,
BASSTA,2009,9,20,3,16.5,,,,,,,,981.1,,0.6,,1,0,0,0,0,0,0,,,,
BASSTA,2009,9,20,4,16.4,,,,,,,,981.1,,0.7,,2,0,0,0,0,0,0,,,,
BASSTA,2009,9,20,5,16.1,,,,,,,,981.4,,0.5,,2,0,0,0,0,0,0,,,,
BASSTA,2009,9,20,6,16.3,,,,,,,,981.8,,0.3,,22,0,0,0,0,0,0,,,,
BASSTA,2009,9,20,7,16.9,,,,,,,,982.2,,0.1,,127,0,0,0,0,0,0,,,,
BASSTA,2009,9,20,8,17.3,,,,,,,,982.6,,0.4,,152,1028.6,25.1,0,0,0,0,,,,
BASSTA,2009,9,20,9,17.7,,,,,,,,982.6,,1.2,,267,661.1,74.8,0,0,0,0,,,,
BASSTA,2009,9,20,10,18.7,,,,,,,,982.6,,0.7,,372,518.6,143.8,0,0,0,0,,,,
BASSTA,2009,9,20,11,19.7,,,,,,,,982.5,,1.1,,494,589.1,163.9,0,0,0,0,,,,
BASSTA,2009,9,20,12,20.8,,,,,,,,982,,1.2,,581,630.7,175.1,0,0,0,0,,,,
BASSTA,2009,9,20,13,21.4,,,,,,,,981.7,,1.5,,480,266.6,297.7,0,0,0,0,,,,
BASSTA,2009,9,20,14,21.4,,,,,,,,981.5,,0.8,,354,72.7,304.7,0,0,0,0,,,,
BASSTA,2009,9,20,15,21.5,,,,,,,,981.2,,0.5,,237,14.6,227.8,0,0,0,0,,,,
BASSTA,2009,9,20,16,20.6,,,,,,,,981.2,,1.5,,97,2.2,95.8,0,0,0,0,,,,
BASSTA,2009,9,20,17,19,,,,,,,,981.5,,1.2,,17,0.1,17,0,0,0,0,,,,
BASSTA,2009,9,20,18,18.7,,,,,,,,982.2,,1.6,,1,0,1,0,0,0,0,,,,
BASSTA,2009,9,20,19,18.2,,,,,,,,982.8,,1,,1,0,1,0,0,0,0,,,,
BASSTA,2009,9,20,20,17.6,,,,,,,,983.2,,1.5,,1,0,0,0,0,0,0,,,,
BASSTA,2009,9,20,21,17.1,,,,,,,,983.5,,1.7,,1,0,0,0,0,0,0,,,,
BASSTA,2009,9,20,22,16.4,,,,,,,,983.7,,1.4,,1,0,0,0,0,0,0,,,,
BASSTA,2009,9,20,23,15.7,,,,,,,,983.9,,1.3,,1,0,0,0,0,0,0,,,,
BASSTA,2009,9,21,0,15.1,,,,,,,,984,,1.2,,1,0,0,0,0,0,0,,,,
BASSTA,2009,9,21,1,15.5,,,,,,,,984,,1.3,,2,0,0,0,0,0,0,,,,
BASSTA,2009,9,21,2,15.6,,,,,,,,983.8,,0.9,,1,0,0,0,0,0,0,,,,
BASSTA,2009,9,21,3,15.3,,,,,,,,983.9,,0.7,,2,0,0,0,0,0,0,,,,
BASSTA,2009,9,21,4,15.6,,,,,,,,984.1,,0.8,,2,0,0,0,0,0,0,,,,
BASSTA,2009,9,21,5,15.6,,,,,,,,984.6,,0.8,,3,0,0,0,0,0,0,,,,
BASSTA,2009,9,21,6,15.8,,,,,,,,985.2,,0.8,,31,0,0,0,0,0,0,,,,
BASSTA,2009,9,21,7,16.1,,,,,,,,985.6,,1,,70,0,0,0,0,0,0,,,,
BASSTA,2009,9,21,8,16.1,,,,,,,,985.9,,1.7,,104,566.6,36.3,0,0,0,0,,,,
BASSTA,2009,9,21,9,16.4,,,,,,,,986.1,,1.6,,145,62.3,127.1,0,0,0,0,,,,
BASSTA,2009,9,21,10,16.4,,,,,,,,986.1,,1.8,,166,15.2,159.4,0,0,0,0,,,,
BASSTA,2009,9,21,11,17.2,,,,,,,,986.1,,1.5,,172,6.6,168.3,0,0,0,0,,,,
BASSTA,2009,9,21,12,18.1,,,,,,,,985.8,,1.4,,229,11.4,221.7,0,0,0,0,,,,
BASSTA,2009,9,21,13,19.2,,,,,,,,985.4,,1.2,,422,161,312.7,0,0,0,0,,,,
BASSTA,2009,9,21,14,20.4,,,,,,,,985.2,,1.4,,344,65.6,299.9,0,0,0,0,,,,
BASSTA,2009,9,21,15,20.9,,,,,,,,984.9,,1.6,,190,6.4,186,0,0,0,0,,,,
BASSTA,2009,9,21,16,20.9,,,,,,,,985,,2.2,,79,1.5,78.2,0,0,0,0,,,,
BASSTA,2009,9,21,17,20.3,,,,,,,,985.3,,2.4,,13,0.1,13,0,0,0,0,,,,
BASSTA,2009,9,21,18,19.2,,,,,,,,985.9,,2.5,,1,0,1,0,0,0,0,,,,
BASSTA,2009,9,21,19,18.4,,,,,,,,986.4,,2.4,,1,0,1,0,0,0,0,,,,
BASSTA,2009,9,21,20,17.5,,,,,,,,986.7,,1.7,,1,0,0,0,0,0,0,,,,
BASSTA,2009,9,21,21,17.4,,,,,,,,986.9,,1.9,,1,0,0,0,0,0,0,,,,
BASSTA,2009,9,21,22,17.3,,,,,,,,987.2,,1.9,,2,0,0,0,0,0,0,,,,
BASSTA,2009,9,21,23,17.1,,,,,,,,987.3,,1.6,,1,0,0,0,0,0,0,,,,
BASSTA,2009,9,22,0,17.1,,,,,,,,987.4,,1.5,,2,0,0,0,0,0,0,,,,
BASSTA,2009,9,22,1,17,,,,,,,,987.3,,1,,2,0,0,0,0,0,0,,,,
BASSTA,2009,9,22,2,16.9,,,,,,,,987.4,,1.1,,1,0,0,0,0,0,0,,,,
BASSTA,2009,9,22,3,16.7,,,,,,,,987.6,,1.1,,2,0,0,0,0,0,0,,,,
BASSTA,2009,9,22,4,16.8,,,,,,,,987.7,,0.9,,2,0,0,0,0,0,0,,,,
BASSTA,2009,9,22,5,16.8,,,,,,,,987.9,,0.3,,2,0,0,0,0,0,0,,,,
BASSTA,2009,9,22,6,16.9,,,,,,,,988.2,,0.4,,21,0,0,0,0,0,0,,,,
BASSTA,2009,9,22,7,17,,,,,,,,988.6,,1.3,,46,0,0,0,0,0,0,,,,
BASSTA,2009,9,22,8,16.9,,,,,,,,988.9,,1.8,,59,65.1,51.5,0,0,0,0,,,,
BASSTA,2009,9,22,9,17.1,,,,,,,,989.1,,1.4,,127,34.6,117.2,0,0,0,0,,,,
BASSTA,2009,9,22,10,17.7,,,,,,,,989.2,,1,,238,93.8,197.5,0,0,0,0,,,,
BASSTA,2009,9,22,11,19,,,,,,,,988.7,,0.9,,533,748.4,120.1,0,0,0,0,,,,
BASSTA,2009,9,22,12,20.9,,,,,,,,988.2,,0.8,,589,679,158.3,0,0,0,0,,,,
BASSTA,2009,9,22,13,21.9,,,,,,,,987.8,,1,,509,350.9,272.5,0,0,0,0,,,,
BASSTA,2009,9,22,14,22.2,,,,,,,,987.5,,1.1,,401,138,308.8,0,0,0,0,,,,
BASSTA,2009,9,22,15,22,,,,,,,,987.4,,1,,272,31.5,252.6,0,0,0,0,,,,
BASSTA,2009,9,22,16,21.5,,,,,,,,987.3,,0.7,,134,4.4,131.7,0,0,0,0,,,,
BASSTA,2009,9,22,17,19.9,,,,,,,,987.5,,1,,21,0.2,20.9,0,0,0,0,,,,
BASSTA,2009,9,22,18,18.6,,,,,,,,988.1,,1.6,,1,0,1,0,0,0,0,,,,
BASSTA,2009,9,22,19,18,,,,,,,,988.6,,1.8,,1,0,1,0,0,0,0,,,,
BASSTA,2009,9,22,20,17.4,,,,,,,,988.7,,3.3,,1,0,0,0,0,0,0,,,,
BASSTA,2009,9,22,21,16.6,,,,,,,,988.9,,1.6,,1,0,0,0,0,0,0,,,,
BASSTA,2009,9,22,22,16.2,,,,,,,,989,,2.1,,1,0,0,0,0,0,0,,,,
BASSTA,2009,9,22,23,16,,,,,,,,989.1,,2.9,,1,0,0,0,0,0,0,,,,
BASSTA,2009,9,23,0,15.4,,,,,,,,989.2,,1.9,,1,0,0,0,0,0,0,,,,
BASSTA,2009,9,23,1,15.1,,,,,,,,989.1,,0.4,,1,0,0,0,0,0,0,,,,
BASSTA,2009,9,23,2,14.7,,,,,,,,988.9,,1.4,,1,0,0,0,0,0,0,,,,
BASSTA,2009,9,23,3,14.7,,,,,,,,988.9,,1.5,,2,0,0,0,0,0,0,,,,
BASSTA,2009,9,23,4,15,,,,,,,,988.9,,1.4,,3,0,0,0,0,0,0,,,,
BASSTA,2009,9,23,5,15.4,,,,,,,,989.2,,1,,4,0,0,0,0,0,0,,,,
BASSTA,2009,9,23,6,15.8,,,,,,,,989.4,,0.6,,26,0,0,0,0,0,0,,,,
BASSTA,2009,9,23,7,16.2,,,,,,,,989.7,,0.6,,62,0,0,0,0,0,0,,,,
BASSTA,2009,9,23,8,16.8,,,,,,,,989.9,,0.3,,107,734.1,25.1,0,0,0,0,,,,
BASSTA,2009,9,23,9,17.4,,,,,,,,990,,0.2,,153,91.9,127.4,0,0,0,0,,,,
BASSTA,2009,9,23,10,18,,,,,,,,990,,0.5,,180,24.8,169.4,0,0,0,0,,,,
BASSTA,2009,9,23,11,18.4,,,,,,,,989.7,,0.7,,244,33.2,225.9,0,0,0,0,,,,
BASSTA,2009,9,23,12,19.1,,,,,,,,989.3,,0.8,,336,80.2,285.5,0,0,0,0,,,,
BASSTA,2009,9,23,13,20.6,,,,,,,,988.6,,0.3,,518,383.4,261.5,0,0,0,0,,,,
BASSTA,2009,9,23,14,21.7,,,,,,,,987.7,,0.4,,422,177.8,304.2,0,0,0,0,,,,
BASSTA,2009,9,23,15,22.1,,,,,,,,987,,0.7,,268,30.5,249.4,0,0,0,0,,,,
BASSTA,2009,9,23,16,21.7,,,,,,,,986.6,,0.5,,145,5.2,142.3,0,0,0,0,,,,
BASSTA,2009,9,23,17,19.9,,,,,,,,986.5,,1.2,,25,0.3,24.9,0,0,0,0,,,,
BASSTA,2009,9,23,18,18.5,,,,,,,,986.7,,2.5,,1,0,1,0,0,0,0,,,,
BASSTA,2009,9,23,19,17.5,,,,,,,,987.1,,1.2,,2,0.1,2,0,0,0,0,,,,
BASSTA,2009,9,23,20,17,,,,,,,,987.1,,1.7,,3,0,0,0,0,0,0,,,,
BASSTA,2009,9,23,21,15.9,,,,,,,,986.9,,2.1,,2,0,0,0,0,0,0,,,,
BASSTA,2009,9,23,22,15.4,,,,,,,,986.8,,0.8,,2,0,0,0,0,0,0,,,,
BASSTA,2009,9,23,23,15,,,,,,,,986.6,,1.4,,2,0,0,0,0,0,0,,,,
BASSTA,2009,9,24,0,14.6,,,,,,,,986.4,,0.7,,2,0,0,0,0,0,0,,,,
BASSTA,2009,9,24,1,14.6,,,,,,,,986.2,,1,,2,0,0,0,0,0,0,,,,
BASSTA,2009,9,24,2,14,,,,,,,,985.9,,1.2,,3,0,0,0,0,0,0,,,,
BASSTA,2009,9,24,3,14.6,,,,,,,,985.6,,1.2,,3,0,0,0,0,0,0,,,,
BASSTA,2009,9,24,4,14.3,,,,,,,,985.5,,1,,2,0,0,0,0,0,0,,,,
BASSTA,2009,9,24,5,14.1,,,,,,,,985.5,,1.2,,5,0,0,0,0,0,0,,,,
BASSTA,2009,9,24,6,14,,,,,,,,985.7,,1.1,,39,0,0,0,0,0,0,,,,
BASSTA,2009,9,24,7,14.3,,,,,,,,985.9,,1.3,,98,0,0,0,0,0,0,,,,
BASSTA,2009,9,24,8,15.2,,,,,,,,986,,0.4,,290,2248.4,47.9,0,0,0,0,,,,
BASSTA,2009,9,24,9,16.5,,,,,,,,985.9,,0.3,,413,1256.3,68.1,0,0,0,0,,,,
BASSTA,2009,9,24,10,18.5,,,,,,,,985.5,,0.5,,531,1047.7,87.6,0,0,0,0,,,,
BASSTA,2009,9,24,11,20.2,,,,,,,,985.1,,1.2,,583,897.3,96,0,0,0,0,,,,
BASSTA,2009,9,24,12,21.4,,,,,,,,984.5,,0.9,,551,586.6,184.4,0,0,0,0,,,,
BASSTA,2009,9,24,13,22.7,,,,,,,,984,,1,,531,428.7,246.3,0,0,0,0,,,,
BASSTA,2009,9,24,14,23,,,,,,,,983.6,,1.4,,364,95.1,301.5,0,0,0,0,,,,
BASSTA,2009,9,24,15,22.5,,,,,,,,983.3,,1.7,,236,16.8,225.8,0,0,0,0,,,,
BASSTA,2009,9,24,16,21.1,,,,,,,,983.4,,2.1,,118,3.5,116.2,0,0,0,0,,,,
BASSTA,2009,9,24,17,19.7,,,,,,,,983.6,,1.8,,25,0.3,24.9,0,0,0,0,,,,
BASSTA,2009,9,24,18,18.3,,,,,,,,984.1,,1.8,,1,0,1,0,0,0,0,,,,
BASSTA,2009,9,24,19,17.3,,,,,,,,984.5,,1.5,,2,0.1,2,0,0,0,0,,,,
BASSTA,2009,9,24,20,16.6,,,,,,,,984.8,,1.2,,2,0,0,0,0,0,0,,,,
BASSTA,2009,9,24,21,16.7,,,,,,,,985,,1.4,,2,0,0,0,0,0,0,,,,
BASSTA,2009,9,24,22,16.4,,,,,,,,985.1,,1.6,,2,0,0,0,0,0,0,,,,
BASSTA,2009,9,24,23,16.2,,,,,,,,985.3,,1.6,,2,0,0,0,0,0,0,,,,
BASSTA,2009,9,25,0,15.8,,,,,,,,985.5,,2.4,,2,0,0,0,0,0,0,,,,
BASSTA,2009,9,25,1,15.3,,,,,,,,985.4,,2.2,,2,0,0,0,0,0,0,,,,
BASSTA,2009,9,25,2,15.1,,,,,,,,985.4,,2.5,,3,0,0,0,0,0,0,,,,
BASSTA,2009,9,25,3,15,,,,,,,,985.3,,1.8,,2,0,0,0,0,0,0,,,,
BASSTA,2009,9,25,4,14.8,,,,,,,,985.1,,2,,2,0,0,0,0,0,0,,,,
BASSTA,2009,9,25,5,14.6,,,,,,,,985.3,,1.7,,3,0,0,0,0,0,0,,,,
BASSTA,2009,9,25,6,14.5,,,,,,,,985.6,,1.6,,19,0,0,0,0,0,0,,,,
BASSTA,2009,9,25,7,14.4,,,,,,,,985.9,,1.3,,37,0,0,0,0,0,0,,,,
BASSTA,2009,9,25,8,14.9,,,,,,,,986.2,,1.7,,151,1215.2,24.9,0,0,0,0,,,,
BASSTA,2009,9,25,9,15.4,,,,,,,,986.6,,1.8,,245,633.8,73.6,0,0,0,0,,,,
BASSTA,2009,9,25,10,15.9,,,,,,,,986.5,,2.1,,341,455,150.4,0,0,0,0,,,,
BASSTA,2009,9,25,11,16.8,,,,,,,,986.2,,2.1,,469,565.5,164.5,0,0,0,0,,,,
BASSTA,2009,9,25,12,18,,,,,,,,985.7,,1.3,,524,513.9,205.2,0,0,0,0,,,,
BASSTA,2009,9,25,13,19.8,,,,,,,,985.3,,1.4,,521,411.4,249.8,0,0,0,0,,,,
BASSTA,2009,9,25,14,20.1,,,,,,,,984.9,,1.9,,276,25.3,259.5,0,0,0,0,,,,
BASSTA,2009,9,25,15,20.5,,,,,,,,984.6,,1.8,,240,19.1,228.5,0,0,0,0,,,,
BASSTA,2009,9,25,16,19.9,,,,,,,,984.6,,1.5,,72,1.3,71.3,0,0,0,0,,,,
BASSTA,2009,9,25,17,19.4,,,,,,,,985,,1.4,,6,0,6,0,0,0,0,,,,
BASSTA,2009,9,25,18,18.6,,,,,,,,985.5,,0.9,,2,0,2,0,0,0,0,,,,
BASSTA,2009,9,25,19,17.9,,,,,,,,985.9,,1.8,,2,0.1,2,0,0,0,0,,,,
BASSTA,2009,9,25,20,16.8,,,,,,,,986.1,,1.9,,2,0,0,0,0,0,0,,,,
BASSTA,2009,9,25,21,15.5,,,,,,,,986.3,,1.7,,2,0,0,0,0,0,0,,,,
BASSTA,2009,9,25,22,14.5,,,,,,,,986.5,,1.9,,2,0,0,0,0,0,0,,,,
BASSTA,2009,9,25,23,14.2,,,,,,,,986.6,,1.6,,2,0,0,0,0,0,0,,,,
BASSTA,2009,9,26,0,13.8,,,,,,,,986.6,,1.6,,2,0,0,0,0,0,0,,,,
BASSTA,2009,9,26,1,13,,,,,,,,986.6,,1.4,,2,0,0,0,0,0,0,,,,
BASSTA,2009,9,26,2,12.9,,,,,,,,986.5,,1.2,,2,0,0,0,0,0,0,,,,
BASSTA,2009,9,26,3,12.5,,,,,,,,986.5,,1.3,,2,0,0,0,0,0,0,,,,
BASSTA,2009,9,26,4,11.9,,,,,,,,986.5,,1,,2,0,0,0,0,0,0,,,,
BASSTA,2009,9,26,5,11.7,,,,,,,,986.6,,1.3,,4,0,0,0,0,0,0,,,,
BASSTA,2009,9,26,6,11.4,,,,,,,,986.9,,1.6,,53,0,0,0,0,0,0,,,,
BASSTA,2009,9,26,7,12,,,,,,,,987.2,,1.7,,141,0,0,0,0,0,0,,,,
BASSTA,2009,9,26,8,13.2,,,,,,,,987.3,,1.5,,326,2727.4,53.8,0,0,0,0,,,,
BASSTA,2009,9,26,9,14.6,,,,,,,,987.2,,1.3,,462,1448.7,76.2,0,0,0,0,,,,
BASSTA,2009,9,26,10,16.2,,,,,,,,986.8,,1.6,,547,1101.5,90.3,0,0,0,0,,,,
BASSTA,2009,9,26,11,17.6,,,,,,,,986.5,,1.4,,589,921.3,97.2,0,0,0,0,,,,
BASSTA,2009,9,26,12,19,,,,,,,,986.1,,1.4,,577,693.3,150.2,0,0,0,0,,,,
BASSTA,2009,9,26,13,19.8,,,,,,,,985.6,,1.4,,513,399.6,251.6,0,0,0,0,,,,
BASSTA,2009,9,26,14,20.6,,,,,,,,985.3,,1.4,,412,176.8,297.6,0,0,0,0,,,,
BASSTA,2009,9,26,15,20.7,,,,,,,,985.2,,1.5,,275,39.6,251.4,0,0,0,0,,,,
BASSTA,2009,9,26,16,20.1,,,,,,,,985.4,,1.2,,120,3.8,118.1,0,0,0,0,,,,
BASSTA,2009,9,26,17,18.5,,,,,,,,985.6,,1.1,,15,0.1,15,0,0,0,0,,,,
BASSTA,2009,9,26,18,16.7,,,,,,,,986.1,,1.1,,1,0,1,0,0,0,0,,,,
BASSTA,2009,9,26,19,15.2,,,,,,,,986.5,,1.6,,1,0,0,0,0,0,0,,,,
BASSTA,2009,9,26,20,14.8,,,,,,,,986.7,,1.2,,2,0,0,0,0,0,0,,,,
BASSTA,2009,9,26,21,13.7,,,,,,,,986.9,,1.1,,2,0,0,0,0,0,0,,,,
BASSTA,2009,9,26,22,13.1,,,,,,,,986.9,,0.5,,1,0,0,0,0,0,0,,,,
BASSTA,2009,9,26,23,12.5,,,,,,,,987.1,,0.6,,2,0,0,0,0,0,0,,,,
BASSTA,2009,9,27,0,12.2,,,,,,,,987.1,,0,,2,0,0,0,0,0,0,,,,
BASSTA,2009,9,27,1,11.8,,,,,,,,987.2,,0.2,,2,0,0,0,0,0,0,,,,
BASSTA,2009,9,27,2,11.3,,,,,,,,987.3,,0.4,,2,0,0,0,0,0,0,,,,
BASSTA,2009,9,27,3,11.4,,,,,,,,987.3,,1.2,,2,0,0,0,0,0,0,,,,
BASSTA,2009,9,27,4,11.9,,,,,,,,987.4,,1.9,,2,0,0,0,0,0,0,,,,
BASSTA,2009,9,27,5,11.7,,,,,,,,987.6,,1.9,,3,0,0,0,0,0,0,,,,
BASSTA,2009,9,27,6,11.8,,,,,,,,987.8,,1.4,,58,0,0,0,0,0,0,,,,
BASSTA,2009,9,27,7,12.8,,,,,,,,987.9,,1.7,,182,0,0,0,0,0,0,,,,
BASSTA,2009,9,27,8,14.4,,,,,,,,988.1,,1.1,,327,2848.7,54,0,0,0,0,,,,
BASSTA,2009,9,27,9,16.2,,,,,,,,988,,0.6,,446,1420.6,73.6,0,0,0,0,,,,
BASSTA,2009,9,27,10,18.5,,,,,,,,987.8,,1,,533,1084.6,87.9,0,0,0,0,,,,
BASSTA,2009,9,27,11,20.2,,,,,,,,987.4,,0.9,,574,905.6,94.7,0,0,0,0,,,,
BASSTA,2009,9,27,12,21.4,,,,,,,,987.1,,1,,568,678.7,153.5,0,0,0,0,,,,
BASSTA,2009,9,27,13,22,,,,,,,,986.7,,0.6,,511,404.5,248.5,0,0,0,0,,,,
BASSTA,2009,9,27,14,22.4,,,,,,,,986.4,,1.1,,409,177.2,295.3,0,0,0,0,,,,
BASSTA,2009,9,27,15,22.3,,,,,,,,986.2,,1.1,,275,41.4,250.6,0,0,0,0,,,,
BASSTA,2009,9,27,16,21.3,,,,,,,,986.3,,1.6,,115,3.6,113.2,0,0,0,0,,,,
BASSTA,2009,9,27,17,19.4,,,,,,,,986.6,,1,,15,0.1,15,0,0,0,0,,,,
BASSTA,2009,9,27,18,17,,,,,,,,986.9,,1.8,,1,0,1,0,0,0,0,,,,
BASSTA,2009,9,27,19,15.8,,,,,,,,987.4,,2.2,,1,0,0,0,0,0,0,,,,
BASSTA,2009,9,27,20,14.8,,,,,,,,987.7,,1.9,,2,0,0,0,0,0,0,,,,
BASSTA,2009,9,27,21,14.2,,,,,,,,987.8,,1.6,,1,0,0,0,0,0,0,,,,
BASSTA,2009,9,27,22,13.3,,,,,,,,987.8,,1.8,,2,0,0,0,0,0,0,,,,
BASSTA,2009,9,27,23,12.7,,,,,,,,987.6,,1.8,,1,0,0,0,0,0,0,,,,
BASSTA,2009,9,28,0,13.2,,,,,,,,987.3,,1.6,,2,0,0,0,0,0,0,,,,
BASSTA,2009,9,28,1,12.4,,,,,,,,987.4,,0.9,,2,0,0,0,0,0,0,,,,
BASSTA,2009,9,28,2,12.1,,,,,,,,987.4,,1.1,,2,0,0,0,0,0,0,,,,
BASSTA,2009,9,28,3,11.5,,,,,,,,987.5,,1,,2,0,0,0,0,0,0,,,,
BASSTA,2009,9,28,4,11.3,,,,,,,,987.6,,0.8,,2,0,0,0,0,0,0,,,,
BASSTA,2009,9,28,5,11.2,,,,,,,,987.7,,1,,4,0,0,0,0,0,0,,,,
BASSTA,2009,9,28,6,11.8,,,,,,,,987.9,,1.4,,55,0,0,0,0,0,0,,,,
BASSTA,2009,9,28,7,13,,,,,,,,987.9,,0.8,,186,0,0,0,0,0,0,,,,
BASSTA,2009,9,28,8,14.8,,,,,,,,987.9,,0.7,,327,2971.6,54,0,0,0,0,,,,
BASSTA,2009,9,28,9,16.7,,,,,,,,988,,0.4,,448,1450,73.9,0,0,0,0,,,,
BASSTA,2009,9,28,10,18.4,,,,,,,,987.7,,0.9,,538,1106.5,88.8,0,0,0,0,,,,
BASSTA,2009,9,28,11,19.6,,,,,,,,987.3,,1.2,,569,905.6,93.8,0,0,0,0,,,,
BASSTA,2009,9,28,12,20.9,,,,,,,,986.5,,0.8,,544,615.6,171,0,0,0,0,,,,
BASSTA,2009,9,28,13,21.8,,,,,,,,986,,1.1,,511,415.1,243.6,0,0,0,0,,,,
BASSTA,2009,9,28,14,22.1,,,,,,,,985.5,,1.4,,421,206.8,289.4,0,0,0,0,,,,
BASSTA,2009,9,28,15,22,,,,,,,,985,,1,,288,54.5,256.2,0,0,0,0,,,,
BASSTA,2009,9,28,16,21.3,,,,,,,,984.7,,1.2,,126,4.4,123.9,0,0,0,0,,,,
BASSTA,2009,9,28,17,18.3,,,,,,,,984.9,,1.5,,14,0.1,14,0,0,0,0,,,,
BASSTA,2009,9,28,18,16.5,,,,,,,,985,,2.4,,1,0,1,0,0,0,0,,,,
BASSTA,2009,9,28,19,15.6,,,,,,,,985.4,,2.5,,1,0,0,0,0,0,0,,,,
BASSTA,2009,9,28,20,15.1,,,,,,,,985.5,,1.5,,1,0,0,0,0,0,0,,,,
BASSTA,2009,9,28,21,13.6,,,,,,,,985.5,,1.2,,1,0,0,0,0,0,0,,,,
BASSTA,2009,9,28,22,13.9,,,,,,,,985.5,,0.8,,1,0,0,0,0,0,0,,,,
BASSTA,2009,9,28,23,12.9,,,,,,,,985.4,,1.1,,2,0,0,0,0,0,0,,,,
BASSTA,2009,9,29,0,12.4,,,,,,,,985.4,,0.9,,2,0,0,0,0,0,0,,,,
BASSTA,2009,9,29,1,12.1,,,,,,,,985.2,,1.2,,1,0,0,0,0,0,0,,,,
BASSTA,2009,9,29,2,11.9,,,,,,,,985,,1.4,,2,0,0,0,0,0,0,,,,
BASSTA,2009,9,29,3,11.4,,,,,,,,985.1,,1.4,,2,0,0,0,0,0,0,,,,
BASSTA,2009,9,29,4,10.7,,,,,,,,984.8,,1.4,,3,0,0,0,0,0,0,,,,
BASSTA,2009,9,29,5,11,,,,,,,,984.9,,1.9,,5,0,0,0,0,0,0,,,,
BASSTA,2009,9,29,6,11.6,,,,,,,,985.2,,1.5,,66,0,0,0,0,0,0,,,,
BASSTA,2009,9,29,7,12.9,,,,,,,,985.5,,0.8,,203,0,0,0,0,0,0,,,,
BASSTA,2009,9,29,8,15.5,,,,,,,,985.6,,1,,346,3286.1,57.1,0,0,0,0,,,,
BASSTA,2009,9,29,9,17.3,,,,,,,,985.4,,0.3,,465,1529.7,76.7,0,0,0,0,,,,
BASSTA,2009,9,29,10,19,,,,,,,,984.7,,1,,554,1151.8,91.4,0,0,0,0,,,,
BASSTA,2009,9,29,11,20,,,,,,,,984.1,,1.3,,586,940.7,96.7,0,0,0,0,,,,
BASSTA,2009,9,29,12,21.1,,,,,,,,983.3,,0.9,,576,730.1,137.1,0,0,0,0,,,,
BASSTA,2009,9,29,13,22.3,,,,,,,,982.7,,2,,520,452.3,231,0,0,0,0,,,,
BASSTA,2009,9,29,14,22.4,,,,,,,,982.3,,2.8,,427,226.6,284,0,0,0,0,,,,
BASSTA,2009,9,29,15,21.8,,,,,,,,982,,2.6,,286,55.1,254.2,0,0,0,0,,,,
BASSTA,2009,9,29,16,21.1,,,,,,,,981.9,,2.5,,137,5.3,134.4,0,0,0,0,,,,
BASSTA,2009,9,29,17,18.6,,,,,,,,982.4,,2.3,,15,0.1,15,0,0,0,0,,,,
BASSTA,2009,9,29,18,16.8,,,,,,,,982.9,,2.2,,1,0,1,0,0,0,0,,,,
BASSTA,2009,9,29,19,15.7,,,,,,,,983.3,,2,,2,0,0,0,0,0,0,,,,
BASSTA,2009,9,29,20,14.1,,,,,,,,983.3,,2,,2,0,0,0,0,0,0,,,,
BASSTA,2009,9,29,21,13.1,,,,,,,,983.3,,1.7,,3,0,0,0,0,0,0,,,,
BASSTA,2009,9,29,22,12.3,,,,,,,,983.3,,1.6,,2,0,0,0,0,0,0,,,,
BASSTA,2009,9,29,23,11.7,,,,,,,,983.1,,1.5,,3,0,0,0,0,0,0,,,,
BASSTA,2009,9,30,0,11.1,,,,,,,,983,,1.2,,3,0,0,0,0,0,0,,,,
BASSTA,2009,9,30,1,10.8,,,,,,,,982.8,,0.5,,3,0,0,0,0,0,0,,,,
BASSTA,2009,9,30,2,10.5,,,,,,,,982.4,,1,,3,0,0,0,0,0,0,,,,
BASSTA,2009,9,30,3,10.1,,,,,,,,982.3,,0.3,,2,0,0,0,0,0,0,,,,
BASSTA,2009,9,30,4,10.8,,,,,,,,982.3,,1.5,,3,0,0,0,0,0,0,,,,
BASSTA,2009,9,30,5,10.8,,,,,,,,982.4,,1.1,,5,0,0,0,0,0,0,,,,
BASSTA,2009,9,30,6,11.1,,,,,,,,982.5,,1,,48,0,0,0,0,0,0,,,,
BASSTA,2009,9,30,7,12.3,,,,,,,,982.4,,1.1,,179,0,0,0,0,0,0,,,,
BASSTA,2009,9,30,8,14.2,,,,,,,,982.3,,1,,316,3143.2,52.1,0,0,0,0,,,,
BASSTA,2009,9,30,9,16.4,,,,,,,,981.8,,1.2,,439,1468.4,72.4,0,0,0,0,,,,
BASSTA,2009,9,30,10,17.9,,,,,,,,981.4,,1.3,,538,1130.8,88.8,0,0,0,0,,,,
BASSTA,2009,9,30,11,19,,,,,,,,980.9,,1.4,,562,910.2,92.7,0,0,0,0,,,,
BASSTA,2009,9,30,12,20,,,,,,,,980,,0.9,,557,684.7,148.7,0,0,0,0,,,,
BASSTA,2009,9,30,13,21.1,,,,,,,,979.4,,1.6,,499,402.8,243.7,0,0,0,0,,,,
BASSTA,2009,9,30,14,21.5,,,,,,,,979,,1.5,,383,148,290.4,0,0,0,0,,,,
BASSTA,2009,9,30,15,21.4,,,,,,,,978.6,,1.5,,257,33.8,237.6,0,0,0,0,,,,
BASSTA,2009,9,30,16,20.9,,,,,,,,978.1,,0.8,,130,4.9,127.7,0,0,0,0,,,,
BASSTA,2009,9,30,17,19.3,,,,,,,,978.1,,1.4,,12,0.1,12,0,0,0,0,,,,
BASSTA,2009,9,30,18,17.8,,,,,,,,978.4,,2.4,,1,0,1,0,0,0,0,,,,
BASSTA,2009,9,30,19,15.9,,,,,,,,978.6,,2.5,,1,0,0,0,0,0,0,,,,
BASSTA,2009,9,30,20,14.8,,,,,,,,979,,2.4,,1,0,0,0,0,0,0,,,,
BASSTA,2009,9,30,21,13.9,,,,,,,,979.2,,2,,2,0,0,0,0,0,0,,,,
BASSTA,2009,9,30,22,13,,,,,,,,979.1,,1.7,,1,0,0,0,0,0,0,,,,
BASSTA,2009,9,30,23,12.2,,,,,,,,978.8,,1.1,,2,0,0,0,0,0,0,,,,
BASSTA,2009,10,1,0,11.9,,,,,,,,978.6,,0.8,,2,0,0,0,0,0,0,,,,
BASSTA,2009,10,1,1,11.3,,,,,,,,978.3,,0.5,,2,0,0,0,0,0,0,,,,
BASSTA,2009,10,1,2,10.7,,,,,,,,978.1,,0.9,,2,0,0,0,0,0,0,,,,
BASSTA,2009,10,1,3,10.6,,,,,,,,978,,1.2,,2,0,0,0,0,0,0,,,,
BASSTA,2009,10,1,4,11,,,,,,,,978,,1.2,,2,0,0,0,0,0,0,,,,
BASSTA,2009,10,1,5,10.3,,,,,,,,978.1,,1.2,,3,0,0,0,0,0,0,,,,
BASSTA,2009,10,1,6,10.8,,,,,,,,978.5,,0.9,,60,0,0,0,0,0,0,,,,
BASSTA,2009,10,1,7,12.2,,,,,,,,979,,0.3,,108,0,0,0,0,0,0,,,,
BASSTA,2009,10,1,8,13.6,,,,,,,,979.4,,0.2,,210,2192.6,34.6,0,0,0,0,,,,
BASSTA,2009,10,1,9,15.6,,,,,,,,979.4,,0.6,,391,1330.3,64.5,0,0,0,0,,,,
BASSTA,2009,10,1,10,17.9,,,,,,,,979.2,,2.3,,517,1098.9,85.3,0,0,0,0,,,,
BASSTA,2009,10,1,11,19.1,,,,,,,,979,,2.4,,548,895.8,90.4,0,0,0,0,,,,
BASSTA,2009,10,1,12,20.3,,,,,,,,978.4,,2.8,,602,828.9,111.8,0,0,0,0,,,,
BASSTA,2009,10,1,13,20.9,,,,,,,,977.9,,3.1,,595,707.2,150.4,0,0,0,0,,,,
BASSTA,2009,10,1,14,20.7,,,,,,,,977.8,,3.3,,410,205,282.8,0,0,0,0,,,,
BASSTA,2009,10,1,15,20.6,,,,,,,,977.8,,3.9,,276,50.7,247.3,0,0,0,0,,,,
BASSTA,2009,10,1,16,19.3,,,,,,,,978.1,,3.8,,127,4.8,124.7,0,0,0,0,,,,
BASSTA,2009,10,1,17,17.9,,,,,,,,978.7,,2.5,,11,0.1,11,0,0,0,0,,,,
BASSTA,2009,10,1,18,16.5,,,,,,,,979.5,,1.9,,1,0,1,0,0,0,0,,,,
BASSTA,2009,10,1,19,15.2,,,,,,,,980.2,,1.8,,1,0,0,0,0,0,0,,,,
BASSTA,2009,10,1,20,14.3,,,,,,,,980.5,,2.3,,2,0,0,0,0,0,0,,,,
BASSTA,2009,10,1,21,13.7,,,,,,,,980.6,,2.1,,2,0,0,0,0,0,0,,,,
BASSTA,2009,10,1,22,12.6,,,,,,,,980.5,,2.5,,1,0,0,0,0,0,0,,,,
BASSTA,2009,10,1,23,12.1,,,,,,,,980.4,,2.4,,2,0,0,0,0,0,0,,,,
BASSTA,2009,10,2,0,11.4,,,,,,,,980.4,,1.5,,2,0,0,0,0,0,0,,,,
BASSTA,2009,10,2,1,10.6,,,,,,,,980.3,,1.7,,2,0,0,0,0,0,0,,,,
BASSTA,2009,10,2,2,10.2,,,,,,,,980.2,,2.3,,2,0,0,0,0,0,0,,,,
BASSTA,2009,10,2,3,9.7,,,,,,,,980.4,,1.5,,2,0,0,0,0,0,0,,,,
BASSTA,2009,10,2,4,9.1,,,,,,,,980.5,,0.7,,3,0,0,0,0,0,0,,,,
BASSTA,2009,10,2,5,8.7,,,,,,,,980.5,,1.2,,3,0,0,0,0,0,0,,,,
BASSTA,2009,10,2,6,9.2,,,,,,,,981,,0.4,,54,0,0,0,0,0,0,,,,
BASSTA,2009,10,2,7,11,,,,,,,,981.3,,0.7,,174,0,0,0,0,0,0,,,,
BASSTA,2009,10,2,8,13.1,,,,,,,,981.4,,0.6,,381,4186.1,62.9,0,0,0,0,,,,
BASSTA,2009,10,2,9,14.9,,,,,,,,981.3,,1.9,,446,1544,73.6,0,0,0,0,,,,
BASSTA,2009,10,2,10,15.3,,,,,,,,981.4,,2.6,,356,649.5,103.7,0,0,0,0,,,,
BASSTA,2009,10,2,11,16.1,,,,,,,,981.1,,3,,335,205.5,231,0,0,0,0,,,,
BASSTA,2009,10,2,12,17,,,,,,,,980.7,,3.7,,454,378.2,232.2,0,0,0,0,,,,
BASSTA,2009,10,2,13,17.5,,,,,,,,980.3,,3.9,,537,541.5,199.4,0,0,0,0,,,,
BASSTA,2009,10,2,14,16.8,,,,,,,,980.2,,4.6,,317,66.7,276,0,0,0,0,,,,
BASSTA,2009,10,2,15,16,,,,,,,,980.3,,4.9,,202,11.4,195.6,0,0,0,0,,,,
BASSTA,2009,10,2,16,14.7,,,,,,,,980.7,,3.2,,73,1.6,72.2,0,0,0,0,,,,
BASSTA,2009,10,2,17,13.8,,,,,,,,981.2,,3,,11,0.1,11,0,0,0,0,,,,
BASSTA,2009,10,2,18,13.2,,,,,,,,981.9,,2.9,,2,0,2,0,0,0,0,,,,
BASSTA,2009,10,2,19,12.8,,,,,,,,982.5,,2,,3,0,0,0,0,0,0,,,,
BASSTA,2009,10,2,20,12.2,,,,,,,,982.8,,1.2,,3,0,0,0,0,0,0,,,,
BASSTA,2009,10,2,21,10.8,,,,,,,,982.7,,2.1,,2,0,0,0,0,0,0,,,,
BASSTA,2009,10,2,22,9.7,,,,,,,,982.6,,2.8,,2,0,0,0,0,0,0,,,,
BASSTA,2009,10,2,23,9.3,,,,,,,,982.8,,1.4,,2,0,0,0,0,0,0,,,,
BASSTA,2009,10,3,0,8.7,,,,,,,,982.8,,1.4,,2,0,0,0,0,0,0,,,,
BASSTA,2009,10,3,1,7.7,,,,,,,,982.5,,0.8,,3,0,0,0,0,0,0,,,,
BASSTA,2009,10,3,2,7.2,,,,,,,,982.1,,0.8,,2,0,0,0,0,0,0,,,,
BASSTA,2009,10,3,3,7.1,,,,,,,,981.6,,1.2,,3,0,0,0,0,0,0,,,,
BASSTA,2009,10,3,4,6.9,,,,,,,,981.4,,1.5,,2,0,0,0,0,0,0,,,,
BASSTA,2009,10,3,5,6.6,,,,,,,,981.3,,1.7,,3,0,0,0,0,0,0,,,,
BASSTA,2009,10,3,6,7,,,,,,,,981.4,,1.5,,46,0,0,0,0,0,0,,,,
BASSTA,2009,10,3,7,9,,,,,,,,981.7,,1.7,,193,0,0,0,0,0,0,,,,
BASSTA,2009,10,3,8,11.3,,,,,,,,981.8,,1,,327,3791.2,54,0,0,0,0,,,,
BASSTA,2009,10,3,9,13.4,,,,,,,,981.4,,0.7,,447,1575.1,73.8,0,0,0,0,,,,
BASSTA,2009,10,3,10,15.1,,,,,,,,980.9,,1,,509,1106.9,84,0,0,0,0,,,,
BASSTA,2009,10,3,11,16.8,,,,,,,,980.3,,1.9,,551,917.3,90.9,0,0,0,0,,,,
BASSTA,2009,10,3,12,17.5,,,,,,,,979.6,,2.9,,560,736.5,131.7,0,0,0,0,,,,
BASSTA,2009,10,3,13,18.1,,,,,,,,979.1,,3.3,,476,370.1,247.2,0,0,0,0,,,,
BASSTA,2009,10,3,14,18,,,,,,,,978.6,,3.6,,339,95.5,280.8,0,0,0,0,,,,
BASSTA,2009,10,3,15,17.5,,,,,,,,978,,2.7,,217,16.7,207.7,0,0,0,0,,,,
BASSTA,2009,10,3,16,16.7,,,,,,,,977.9,,2.2,,76,1.8,75.2,0,0,0,0,,,,
BASSTA,2009,10,3,17,14.8,,,,,,,,978.2,,2.2,,6,0,6,0,0,0,0,,,,
BASSTA,2009,10,3,18,12.8,,,,,,,,978.4,,1.3,,1,0,1,0,0,0,0,,,,
BASSTA,2009,10,3,19,11.5,,,,,,,,978.7,,0.9,,2,0,0,0,0,0,0,,,,
BASSTA,2009,10,3,20,10.6,,,,,,,,979,,0.7,,2,0,0,0,0,0,0,,,,
BASSTA,2009,10,3,21,9.6,,,,,,,,979.5,,1.3,,1,0,0,0,0,0,0,,,,
BASSTA,2009,10,3,22,9.3,,,,,,,,979.5,,1.6,,2,0,0,0,0,0,0,,,,
BASSTA,2009,10,3,23,8.8,,,,,,,,979.5,,0.8,,2,0,0,0,0,0,0,,,,
BASSTA,2009,10,4,0,8.5,,,,,,,,979.4,,0.8,,2,0,0,0,0,0,0,,,,
BASSTA,2009,10,4,1,9.5,,,,,,,,979.3,,1.8,,2,0,0,0,0,0,0,,,,
BASSTA,2009,10,4,2,10.3,,,,,,,,979,,1.8,,2,0,0,0,0,0,0,,,,
BASSTA,2009,10,4,3,9.6,,,,,,,,979.3,,1.4,,3,0,0,0,0,0,0,,,,
BASSTA,2009,10,4,4,10,,,,,,,,979.5,,1.2,,3,0,0,0,0,0,0,,,,
BASSTA,2009,10,4,5,10.6,,,,,,,,979.6,,1.3,,3,0,0,0,0,0,0,,,,
BASSTA,2009,10,4,6,11.4,,,,,,,,980,,1.1,,16,0,0,0,0,0,0,,,,
BASSTA,2009,10,4,7,12.5,,,,,,,,980.6,,0.9,,42,0,0,0,0,0,0,,,,
BASSTA,2009,10,4,8,12.9,,,,,,,,981.2,,2.2,,55,438.8,25.1,0,0,0,0,,,,
BASSTA,2009,10,4,9,13.2,,,,,,,,981.5,,3.3,,102,29.6,95.1,0,0,0,0,,,,
BASSTA,2009,10,4,10,13.9,,,,,,,,981.3,,3.9,,251,204.3,173.5,0,0,0,0,,,,
BASSTA,2009,10,4,11,15.2,,,,,,,,980.9,,4.4,,509,837.2,93,0,0,0,0,,,,
BASSTA,2009,10,4,12,16.3,,,,,,,,980.2,,5.3,,584,820.1,111.2,0,0,0,0,,,,
BASSTA,2009,10,4,13,16.9,,,,,,,,979.8,,5.5,,504,464.6,219.1,0,0,0,0,,,,
BASSTA,2009,10,4,14,16.9,,,,,,,,979.4,,4.9,,400,205.5,275.9,0,0,0,0,,,,
BASSTA,2009,10,4,15,16.6,,,,,,,,979.1,,5,,264,46.9,238.2,0,0,0,0,,,,
BASSTA,2009,10,4,16,15.4,,,,,,,,979.3,,4.1,,108,3.7,106.3,0,0,0,0,,,,
BASSTA,2009,10,4,17,13.5,,,,,,,,980.2,,3.7,,7,0,7,0,0,0,0,,,,
BASSTA,2009,10,4,18,11.5,,,,,,,,980.9,,1.7,,2,0,2,0,0,0,0,,,,
BASSTA,2009,10,4,19,10.7,,,,,,,,981.5,,2.3,,1,0,0,0,0,0,0,,,,
BASSTA,2009,10,4,20,9.9,,,,,,,,982,,2.7,,2,0,0,0,0,0,0,,,,
BASSTA,2009,10,4,21,9.7,,,,,,,,982.2,,2.7,,2,0,0,0,0,0,0,,,,
BASSTA,2009,10,4,22,9.1,,,,,,,,982.3,,1.9,,3,0,0,0,0,0,0,,,,
BASSTA,2009,10,4,23,9.3,,,,,,,,982.1,,1.3,,2,0,0,0,0,0,0,,,,
BASSTA,2009,10,5,0,8.7,,,,,,,,982,,1.7,,2,0,0,0,0,0,0,,,,
BASSTA,2009,10,5,1,8.8,,,,,,,,981.7,,2.4,,3,0,0,0,0,0,0,,,,
BASSTA,2009,10,5,2,8.4,,,,,,,,981.4,,2.2,,2,0,0,0,0,0,0,,,,
BASSTA,2009,10,5,3,8,,,,,,,,981.1,,2.7,,2,0,0,0,0,0,0,,,,
BASSTA,2009,10,5,4,7.8,,,,,,,,981,,2.8,,2,0,0,0,0,0,0,,,,
BASSTA,2009,10,5,5,7.8,,,,,,,,980.7,,3.3,,4,0,0,0,0,0,0,,,,
BASSTA,2009,10,5,6,8.2,,,,,,,,980.5,,2.9,,29,0,0,0,0,0,0,,,,
BASSTA,2009,10,5,7,9.4,,,,,,,,980.5,,2.7,,113,0,0,0,0,0,0,,,,
BASSTA,2009,10,5,8,11.5,,,,,,,,980.4,,3,,225,2932.3,37.1,0,0,0,0,,,,
BASSTA,2009,10,5,9,13.7,,,,,,,,980.1,,2.7,,277,1012.5,45.7,0,0,0,0,,,,
BASSTA,2009,10,5,10,15.5,,,,,,,,979.6,,2.3,,369,772.3,79.4,0,0,0,0,,,,
BASSTA,2009,10,5,11,17.2,,,,,,,,979,,2.7,,393,420.3,186.2,0,0,0,0,,,,
BASSTA,2009,10,5,12,17.3,,,,,,,,978.3,,2.4,,208,11.9,201.2,0,0,0,0,,,,
BASSTA,2009,10,5,13,17.6,,,,,,,,977.5,,2.7,,232,14.8,223,0,0,0,0,,,,
BASSTA,2009,10,5,14,17,,,,,,,,977.5,,2.4,,111,2.3,109.6,0,0,0,0,,,,
BASSTA,2009,10,5,15,17,,,,,,,,977.3,,2.6,,103,2.4,101.7,0,0,0,0,,,,
BASSTA,2009,10,5,16,16.4,,,,,,,,977.6,,1.2,,12,0,12,0,0,0,0,,,,
BASSTA,2009,10,5,17,15.8,,,,,,,,978.1,,2.5,,4,0,4,0,0,0,0,,,,
BASSTA,2009,10,5,18,15.4,,,,,,,,978.4,,2,,2,0,2,0,0,0,0,,,,
BASSTA,2009,10,5,19,14.4,,,,,,,,978.7,,1.8,,2,0,0,0,0,0,0,,,,
BASSTA,2009,10,5,20,14.4,,,,,,,,979,,2.9,,2,0,0,0,0,0,0,,,,
BASSTA,2009,10,5,21,14.2,,,,,,,,979.4,,2.7,,2,0,0,0,0,0,0,,,,
BASSTA,2009,10,5,22,14.4,,,,,,,,979.4,,3,,2,0,0,0,0,0,0,,,,
BASSTA,2009,10,5,23,14,,,,,,,,979.5,,2.6,,2,0,0,0,0,0,0,,,,
BASSTA,2009,10,6,0,13.6,,,,,,,,979.6,,2.1,,3,0,0,0,0,0,0,,,,
BASSTA,2009,10,6,1,13.5,,,,,,,,979.5,,2.1,,2,0,0,0,0,0,0,,,,
BASSTA,2009,10,6,2,13.4,,,,,,,,979.6,,1.9,,2,0,0,0,0,0,0,,,,
BASSTA,2009,10,6,3,13.2,,,,,,,,979.8,,2.1,,2,0,0,0,0,0,0,,,,
BASSTA,2009,10,6,4,13,,,,,,,,979.7,,2.4,,2,0,0,0,0,0,0,,,,
BASSTA,2009,10,6,5,12.9,,,,,,,,979.5,,2.4,,3,0,0,0,0,0,0,,,,
BASSTA,2009,10,6,6,13.4,,,,,,,,979.6,,2.8,,42,0,0,0,0,0,0,,,,
BASSTA,2009,10,6,7,14.5,,,,,,,,979.8,,2.5,,149,0,0,0,0,0,0,,,,
BASSTA,2009,10,6,8,16.1,,,,,,,,979.9,,2.3,,204,2834.3,33.7,0,0,0,0,,,,
BASSTA,2009,10,6,9,17.5,,,,,,,,979.8,,2.4,,269,1002,44.4,0,0,0,0,,,,
BASSTA,2009,10,6,10,20.2,,,,,,,,979.5,,2.3,,459,1034.4,75.7,0,0,0,0,,,,
BASSTA,2009,10,6,11,22.2,,,,,,,,978.9,,2.4,,396,445.4,178.9,0,0,0,0,,,,
BASSTA,2009,10,6,12,22.6,,,,,,,,979,,1.1,,184,7.5,179.7,0,0,0,0,,,,
BASSTA,2009,10,6,13,22.3,,,,,,,,979.2,,0.4,,151,4.1,148.5,0,0,0,0,,,,
BASSTA,2009,10,6,14,22.2,,,,,,,,979.9,,0.6,,138,3.6,135.9,0,0,0,0,,,,
BASSTA,2009,10,6,15,21.7,,,,,,,,980,,0.6,,57,0.7,56.6,0,0,0,0,,,,
BASSTA,2009,10,6,16,21.2,,,,,,,,979.8,,1.5,,21,0.1,20.9,0,0,0,0,,,,
BASSTA,2009,10,6,17,20.8,,,,,,,,980.2,,1.9,,2,0,2,0,0,0,0,,,,
BASSTA,2009,10,6,18,20.7,,,,,,,,980.6,,1.8,,2,0,2,0,0,0,0,,,,
BASSTA,2009,10,6,19,19.7,,,,,,,,980.6,,5.2,,0,0,0,0,0,0,0,,,,
BASSTA,2009,10,6,20,19.8,,,,,,,,980.8,,3.9,,2,0,0,0,0,0,0,,,,
BASSTA,2009,10,6,21,18,,,,,,,,981.3,,0.8,,2,0,0,0,0,0,0,,,,
BASSTA,2009,10,6,22,17.8,,,,,,,,981.5,,2,,2,0,0,0,0,0,0,,,,
BASSTA,2009,10,6,23,17.7,,,,,,,,981.4,,2.3,,2,0,0,0,0,0,0,,,,
BASSTA,2009,10,7,0,17.6,,,,,,,,981.4,,2.6,,3,0,0,0,0,0,0,,,,
BASSTA,2009,10,7,1,16.8,,,,,,,,981.3,,1.8,,2,0,0,0,0,0,0,,,,
BASSTA,2009,10,7,2,16.4,,,,,,,,981.3,,1.6,,2,0,0,0,0,0,0,,,,
BASSTA,2009,10,7,3,16.1,,,,,,,,981.3,,2.3,,3,0,0,0,0,0,0,,,,
BASSTA,2009,10,7,4,15.5,,,,,,,,981.1,,2.5,,2,0,0,0,0,0,0,,,,
BASSTA,2009,10,7,5,15.1,,,,,,,,980.7,,2.7,,3,0,0,0,0,0,0,,,,
BASSTA,2009,10,7,6,15.2,,,,,,,,980.7,,2.5,,31,0,0,0,0,0,0,,,,
BASSTA,2009,10,7,7,16.1,,,,,,,,980.9,,2.6,,159,0,0,0,0,0,0,,,,
BASSTA,2009,10,7,8,18.1,,,,,,,,981,,2.4,,303,4507.1,50,0,0,0,0,,,,
BASSTA,2009,10,7,9,20.6,,,,,,,,980.7,,2.4,,424,1610.2,70,0,0,0,0,,,,
BASSTA,2009,10,7,10,23.3,,,,,,,,980.1,,2.5,,501,1143,82.7,0,0,0,0,,,,
BASSTA,2009,10,7,11,25.3,,,,,,,,979.2,,2.4,,532,920.5,87.8,0,0,0,0,,,,
BASSTA,2009,10,7,12,26.5,,,,,,,,978.3,,2.5,,518,657.7,148.7,0,0,0,0,,,,
BASSTA,2009,10,7,13,27.6,,,,,,,,977.3,,3,,473,406.8,230,0,0,0,0,,,,
BASSTA,2009,10,7,14,27.8,,,,,,,,976.3,,2.9,,370,165.1,273,0,0,0,0,,,,
BASSTA,2009,10,7,15,27,,,,,,,,975.5,,2.6,,157,5.7,154,0,0,0,0,,,,
BASSTA,2009,10,7,16,25.4,,,,,,,,975,,2.6,,62,1.3,61.4,0,0,0,0,,,,
BASSTA,2009,10,7,17,23,,,,,,,,975.2,,2.4,,3,0,3,0,0,0,0,,,,
BASSTA,2009,10,7,18,20.4,,,,,,,,975.6,,1.6,,1,0,1,0,0,0,0,,,,
BASSTA,2009,10,7,19,20.3,,,,,,,,975.9,,1.1,,1,0,0,0,0,0,0,,,,
BASSTA,2009,10,7,20,20,,,,,,,,976.1,,1.1,,2,0,0,0,0,0,0,,,,
BASSTA,2009,10,7,21,19.7,,,,,,,,975.6,,2.1,,2,0,0,0,0,0,0,,,,
BASSTA,2009,10,7,22,19.4,,,,,,,,975.8,,1.9,,2,0,0,0,0,0,0,,,,
BASSTA,2009,10,7,23,18.5,,,,,,,,976,,1.2,,2,0,0,0,0,0,0,,,,
BASSTA,2009,10,8,0,17.6,,,,,,,,976.6,,0.6,,2,0,0,0,0,0,0,,,,
BASSTA,2009,10,8,1,17.4,,,,,,,,976.8,,0.8,,3,0,0,0,0,0,0,,,,
BASSTA,2009,10,8,2,17.6,,,,,,,,976.8,,0.8,,2,0,0,0,0,0,0,,,,
BASSTA,2009,10,8,3,17.4,,,,,,,,977.7,,2.8,,2,0,0,0,0,0,0,,,,
BASSTA,2009,10,8,4,17.2,,,,,,,,978.1,,3.1,,3,0,0,0,0,0,0,,,,
BASSTA,2009,10,8,5,17.1,,,,,,,,977.8,,2.5,,1,0,0,0,0,0,0,,,,
BASSTA,2009,10,8,6,17,,,,,,,,978.3,,1.1,,16,0,0,0,0,0,0,,,,
BASSTA,2009,10,8,7,17.4,,,,,,,,978.6,,0.7,,64,0,0,0,0,0,0,,,,
BASSTA,2009,10,8,8,18,,,,,,,,979,,1.5,,120,0,0,0,0,0,0,,,,
BASSTA,2009,10,8,9,18.7,,,,,,,,979.5,,1.2,,220,830,41.1,0,0,0,0,,,,
BASSTA,2009,10,8,10,19,,,,,,,,979.6,,1.2,,225,156.7,168.4,0,0,0,0,,,,
BASSTA,2009,10,8,11,19.3,,,,,,,,979.3,,0.8,,169,10.4,164,0,0,0,0,,,,
BASSTA,2009,10,8,12,18.1,,,,,,,,979.3,,0.9,,44,0.4,43.8,0,0,0,0,,,,
BASSTA,2009,10,8,13,17.8,,,,,,,,979.5,,0.7,,68,0.9,67.5,0,0,0,0,,,,
BASSTA,2009,10,8,14,17.7,,,,,,,,979.2,,0.6,,54,0.6,53.7,0,0,0,0,,,,
BASSTA,2009,10,8,15,17.9,,,,,,,,979.2,,0.5,,47,0.5,46.7,0,0,0,0,,,,
BASSTA,2009,10,8,16,17.8,,,,,,,,979.3,,0.5,,19,0.1,18.9,0,0,0,0,,,,
BASSTA,2009,10,8,17,17.7,,,,,,,,979.7,,0.5,,3,0,3,0,0,0,0,,,,
BASSTA,2009,10,8,18,17.4,,,,,,,,980.1,,0.5,,2,0,2,0,0,0,0,,,,
BASSTA,2009,10,8,19,17.3,,,,,,,,980.3,,0.8,,3,0,0,0,0,0,0,,,,
BASSTA,2009,10,8,20,16.1,,,,,,,,980.9,,1.4,,3,0,0,0,0,0,0,,,,
BASSTA,2009,10,8,21,16.2,,,,,,,,981.1,,1.1,,3,0,0,0,0,0,0,,,,
BASSTA,2009,10,8,22,16.1,,,,,,,,981,,0.9,,2,0,0,0,0,0,0,,,,
BASSTA,2009,10,8,23,15.9,,,,,,,,980.9,,1.3,,3,0,0,0,0,0,0,,,,
BASSTA,2009,10,9,0,16,,,,,,,,981,,1.4,,3,0,0,0,0,0,0,,,,
BASSTA,2009,10,9,1,15.9,,,,,,,,980.8,,1.2,,3,0,0,0,0,0,0,,,,
BASSTA,2009,10,9,2,15.7,,,,,,,,980.7,,0.7,,2,0,0,0,0,0,0,,,,
BASSTA,2009,10,9,3,15.2,,,,,,,,980.7,,1.1,,3,0,0,0,0,0,0,,,,
BASSTA,2009,10,9,4,15.3,,,,,,,,980.6,,0.7,,2,0,0,0,0,0,0,,,,
BASSTA,2009,10,9,5,14.9,,,,,,,,980.6,,2,,3,0,0,0,0,0,0,,,,
BASSTA,2009,10,9,6,13.9,,,,,,,,981,,2.4,,8,0,0,0,0,0,0,,,,
BASSTA,2009,10,9,7,13.7,,,,,,,,981.7,,2.7,,15,0,0,0,0,0,0,,,,
BASSTA,2009,10,9,8,13.5,,,,,,,,982,,3,,46,0,0,0,0,0,0,,,,
BASSTA,2009,10,9,9,13.3,,,,,,,,982.2,,2.3,,67,6.9,65.5,0,0,0,0,,,,
BASSTA,2009,10,9,10,13.5,,,,,,,,982.2,,1.9,,87,3.9,85.6,0,0,0,0,,,,
BASSTA,2009,10,9,11,13.7,,,,,,,,981.9,,1.9,,123,4.4,120.9,0,0,0,0,,,,
BASSTA,2009,10,9,12,14.2,,,,,,,,981.4,,1.1,,133,3.8,130.9,0,0,0,0,,,,
BASSTA,2009,10,9,13,14,,,,,,,,981.3,,1.6,,103,2,101.8,0,0,0,0,,,,
BASSTA,2009,10,9,14,13.8,,,,,,,,980.8,,1.1,,97,1.9,95.9,0,0,0,0,,,,
BASSTA,2009,10,9,15,14.1,,,,,,,,980.2,,0.4,,81,1.6,80.2,0,0,0,0,,,,
BASSTA,2009,10,9,16,14.1,,,,,,,,979.9,,1.2,,22,0.2,21.9,0,0,0,0,,,,
BASSTA,2009,10,9,17,13.8,,,,,,,,980.1,,1.7,,3,0,3,0,0,0,0,,,,
BASSTA,2009,10,9,18,13.7,,,,,,,,980.4,,0.7,,3,0,3,0,0,0,0,,,,
BASSTA,2009,10,9,19,13.9,,,,,,,,980.2,,1,,3,0,0,0,0,0,0,,,,
BASSTA,2009,10,9,20,14.1,,,,,,,,980.2,,0.6,,3,0,0,0,0,0,0,,,,
BASSTA,2009,10,9,21,14,,,,,,,,980.2,,0.8,,3,0,0,0,0,0,0,,,,
BASSTA,2009,10,9,22,13.9,,,,,,,,979.9,,0.3,,3,0,0,0,0,0,0,,,,
BASSTA,2009,10,9,23,14.1,,,,,,,,979.5,,0.5,,3,0,0,0,0,0,0,,,,
BASSTA,2009,10,10,0,14.2,,,,,,,,979.3,,0.8,,2,0,0,0,0,0,0,,,,
BASSTA,2009,10,10,1,14.2,,,,,,,,979,,0.7,,3,0,0,0,0,0,0,,,,
BASSTA,2009,10,10,2,14.2,,,,,,,,978.6,,0.5,,3,0,0,0,0,0,0,,,,
BASSTA,2009,10,10,3,14.3,,,,,,,,978.1,,1,,1,0,0,0,0,0,0,,,,
BASSTA,2009,10,10,4,14.3,,,,,,,,977.9,,1,,1,0,0,0,0,0,0,,,,
BASSTA,2009,10,10,5,14.4,,,,,,,,977.7,,0.9,,1,0,0,0,0,0,0,,,,
BASSTA,2009,10,10,6,14.6,,,,,,,,977.8,,0.9,,4,0,0,0,0,0,0,,,,
BASSTA,2009,10,10,7,14.8,,,,,,,,978.2,,1.6,,12,0,0,0,0,0,0,,,,
BASSTA,2009,10,10,8,15.3,,,,,,,,978.5,,1.6,,55,0,0,0,0,0,0,,,,
BASSTA,2009,10,10,9,16,,,,,,,,978.9,,2.7,,169,450.9,75.7,0,0,0,0,,,,
BASSTA,2009,10,10,10,16.3,,,,,,,,979.2,,3.5,,185,71.6,159.8,0,0,0,0,,,,
BASSTA,2009,10,10,11,17.5,,,,,,,,979.2,,3.5,,394,497.8,160.9,0,0,0,0,,,,
BASSTA,2009,10,10,12,16.8,,,,,,,,979.2,,3.4,,225,21.3,213.3,0,0,0,0,,,,
BASSTA,2009,10,10,13,18.1,,,,,,,,979,,3.3,,392,218.7,264.9,0,0,0,0,,,,
BASSTA,2009,10,10,14,17.2,,,,,,,,979.1,,4,,130,3.4,128.1,0,0,0,0,,,,
BASSTA,2009,10,10,15,16.3,,,,,,,,979.1,,4.1,,90,2,89,0,0,0,0,,,,
BASSTA,2009,10,10,16,15.6,,,,,,,,979.7,,3.8,,36,0.5,35.8,0,0,0,0,,,,
BASSTA,2009,10,10,17,15.3,,,,,,,,980.4,,2.5,,2,0,2,0,0,0,0,,,,
BASSTA,2009,10,10,18,14.7,,,,,,,,980.7,,1.9,,1,0,1,0,0,0,0,,,,
BASSTA,2009,10,10,19,14.7,,,,,,,,981,,2.2,,1,0,0,0,0,0,0,,,,
BASSTA,2009,10,10,20,14.5,,,,,,,,981.6,,3.4,,1,0,0,0,0,0,0,,,,
BASSTA,2009,10,10,21,14.1,,,,,,,,982,,3.5,,1,0,0,0,0,0,0,,,,
BASSTA,2009,10,10,22,13.8,,,,,,,,982,,4.7,,1,0,0,0,0,0,0,,,,
BASSTA,2009,10,10,23,13.7,,,,,,,,982.2,,2.8,,1,0,0,0,0,0,0,,,,
BASSTA,2009,10,11,0,13.6,,,,,,,,982.1,,3.1,,1,0,0,0,0,0,0,,,,
BASSTA,2009,10,11,1,13.2,,,,,,,,982.2,,3.2,,1,0,0,0,0,0,0,,,,
BASSTA,2009,10,11,2,12.6,,,,,,,,982.5,,2.4,,1,0,0,0,0,0,0,,,,
BASSTA,2009,10,11,3,12.1,,,,,,,,982.6,,2.4,,1,0,0,0,0,0,0,,,,
BASSTA,2009,10,11,4,12.1,,,,,,,,982.7,,3.7,,2,0,0,0,0,0,0,,,,
BASSTA,2009,10,11,5,11.8,,,,,,,,982.7,,2.2,,2,0,0,0,0,0,0,,,,
BASSTA,2009,10,11,6,11.4,,,,,,,,982.8,,0.6,,35,0,0,0,0,0,0,,,,
BASSTA,2009,10,11,7,12.3,,,,,,,,983,,0.5,,90,0,0,0,0,0,0,,,,
BASSTA,2009,10,11,8,12.8,,,,,,,,983.1,,0.8,,159,0,0,0,0,0,0,,,,
BASSTA,2009,10,11,9,13.9,,,,,,,,983,,1.3,,324,1335.6,53.5,0,0,0,0,,,,
BASSTA,2009,10,11,10,15.4,,,,,,,,982.5,,1.8,,387,929.3,63.9,0,0,0,0,,,,
BASSTA,2009,10,11,11,16.4,,,,,,,,981.8,,3,,412,590,138.6,0,0,0,0,,,,
BASSTA,2009,10,11,12,16.3,,,,,,,,981,,3.9,,289,77.3,247.1,0,0,0,0,,,,
BASSTA,2009,10,11,13,16.6,,,,,,,,980.3,,3.2,,260,33.8,240.5,0,0,0,0,,,,
BASSTA,2009,10,11,14,16.2,,,,,,,,979.9,,3.2,,146,4.4,143.5,0,0,0,0,,,,
BASSTA,2009,10,11,15,15.5,,,,,,,,979.4,,2.7,,60,0.9,59.5,0,0,0,0,,,,
BASSTA,2009,10,11,16,15.2,,,,,,,,979.1,,2,,23,0.2,22.9,0,0,0,0,,,,
BASSTA,2009,10,11,17,14.9,,,,,,,,979.3,,2.1,,2,0,2,0,0,0,0,,,,
BASSTA,2009,10,11,18,14.8,,,,,,,,979.3,,2.3,,2,0,2,0,0,0,0,,,,
BASSTA,2009,10,11,19,14.4,,,,,,,,979,,2.9,,2,0,0,0,0,0,0,,,,
BASSTA,2009,10,11,20,14.1,,,,,,,,978.4,,2.8,,2,0,0,0,0,0,0,,,,
BASSTA,2009,10,11,21,14.4,,,,,,,,978,,5.3,,2,0,0,0,0,0,0,,,,
BASSTA,2009,10,11,22,13.4,,,,,,,,976.9,,4,,2,0,0,0,0,0,0,,,,
BASSTA,2009,10,11,23,13.6,,,,,,,,975.6,,3.3,,2,0,0,0,0,0,0,,,,
BASSTA,2009,10,12,0,13.8,,,,,,,,974.8,,4.1,,2,0,0,0,0,0,0,,,,
BASSTA,2009,10,12,1,13.7,,,,,,,,973.9,,5.6,,2,0,0,0,0,0,0,,,,
BASSTA,2009,10,12,2,13.7,,,,,,,,973.5,,6.4,,2,0,0,0,0,0,0,,,,
BASSTA,2009,10,12,3,12.1,,,,,,,,974.4,,7,,3,0,0,0,0,0,0,,,,
BASSTA,2009,10,12,4,11.3,,,,,,,,976.3,,3.7,,3,0,0,0,0,0,0,,,,
BASSTA,2009,10,12,5,10.2,,,,,,,,977.8,,3.4,,3,0,0,0,0,0,0,,,,
BASSTA,2009,10,12,6,10.3,,,,,,,,979.3,,2.8,,41,0,0,0,0,0,0,,,,
BASSTA,2009,10,12,7,10.6,,,,,,,,980.4,,2.4,,79,0,0,0,0,0,0,,,,
BASSTA,2009,10,12,8,10.9,,,,,,,,981.1,,3.5,,115,0,0,0,0,0,0,,,,
BASSTA,2009,10,12,9,11.3,,,,,,,,981.6,,5.1,,301,1268.1,49.7,0,0,0,0,,,,
BASSTA,2009,10,12,10,11.9,,,,,,,,981.8,,5.2,,318,662.7,90.6,0,0,0,0,,,,
BASSTA,2009,10,12,11,12.1,,,,,,,,982,,5.8,,246,79,209.8,0,0,0,0,,,,
BASSTA,2009,10,12,12,11.6,,,,,,,,982.4,,3.8,,174,7.4,170,0,0,0,0,,,,
BASSTA,2009,10,12,13,11.9,,,,,,,,982.7,,4.3,,127,3.2,125.1,0,0,0,0,,,,
BASSTA,2009,10,12,14,11.3,,,,,,,,983.4,,3.7,,61,0.8,60.6,0,0,0,0,,,,
BASSTA,2009,10,12,15,11.8,,,,,,,,984.2,,3,,131,4.4,128.8,0,0,0,0,,,,
BASSTA,2009,10,12,16,11.3,,,,,,,,985.6,,2.4,,38,0.6,37.8,0,0,0,0,,,,
BASSTA,2009,10,12,17,10.6,,,,,,,,986.8,,2.3,,3,0,3,0,0,0,0,,,,
BASSTA,2009,10,12,18,9.8,,,,,,,,987.5,,1.6,,3,0,3,0,0,0,0,,,,
BASSTA,2009,10,12,19,8.8,,,,,,,,988.4,,1.7,,3,0,0,0,0,0,0,,,,
BASSTA,2009,10,12,20,8.7,,,,,,,,989.1,,1.7,,3,0,0,0,0,0,0,,,,
BASSTA,2009,10,12,21,8.3,,,,,,,,989.4,,1.8,,3,0,0,0,0,0,0,,,,
BASSTA,2009,10,12,22,8.2,,,,,,,,989.5,,1.7,,3,0,0,0,0,0,0,,,,
BASSTA,2009,10,12,23,7.7,,,,,,,,989.3,,2.4,,3,0,0,0,0,0,0,,,,
BASSTA,2009,10,13,0,7.8,,,,,,,,989.2,,1.7,,3,0,0,0,0,0,0,,,,
BASSTA,2009,10,13,1,7.9,,,,,,,,988.9,,1,,3,0,0,0,0,0,0,,,,
BASSTA,2009,10,13,2,7.3,,,,,,,,988.6,,1.5,,3,0,0,0,0,0,0,,,,
BASSTA,2009,10,13,3,7.2,,,,,,,,988.4,,2,,2,0,0,0,0,0,0,,,,
BASSTA,2009,10,13,4,7.4,,,,,,,,988.9,,1,,1,0,0,0,0,0,0,,,,
BASSTA,2009,10,13,5,7.3,,,,,,,,989,,1.6,,2,0,0,0,0,0,0,,,,
BASSTA,2009,10,13,6,7.1,,,,,,,,989.5,,1.3,,26,0,0,0,0,0,0,,,,
BASSTA,2009,10,13,7,8.1,,,,,,,,990.1,,0.7,,151,0,0,0,0,0,0,,,,
BASSTA,2009,10,13,8,9,,,,,,,,990.6,,1.4,,174,0,0,0,0,0,0,,,,
BASSTA,2009,10,13,9,10.1,,,,,,,,990.4,,1.8,,356,1533.6,58.7,0,0,0,0,,,,
BASSTA,2009,10,13,10,10.4,,,,,,,,990.3,,2.5,,394,971.9,65,0,0,0,0,,,,
BASSTA,2009,10,13,11,10.9,,,,,,,,990,,2,,554,1019.7,91.4,0,0,0,0,,,,
BASSTA,2009,10,13,12,11.5,,,,,,,,989.4,,2.3,,534,804.1,106.9,0,0,0,0,,,,
BASSTA,2009,10,13,13,11.8,,,,,,,,989,,1.9,,393,246,253.9,0,0,0,0,,,,
BASSTA,2009,10,13,14,11.4,,,,,,,,988.8,,1.4,,285,64.1,249.5,0,0,0,0,,,,
BASSTA,2009,10,13,15,10.8,,,,,,,,988.7,,1.2,,151,6.1,148,0,0,0,0,,,,
BASSTA,2009,10,13,16,10.4,,,,,,,,988.8,,0.7,,46,0.9,45.7,0,0,0,0,,,,
BASSTA,2009,10,13,17,9.8,,,,,,,,989.3,,0.4,,2,0,2,0,0,0,0,,,,
BASSTA,2009,10,13,18,9.1,,,,,,,,989.3,,1.2,,1,0,1,0,0,0,0,,,,
BASSTA,2009,10,13,19,8.2,,,,,,,,989.4,,1.5,,1,0,0,0,0,0,0,,,,
BASSTA,2009,10,13,20,7.8,,,,,,,,989.3,,1.3,,1,0,0,0,0,0,0,,,,
BASSTA,2009,10,13,21,7.1,,,,,,,,988.9,,2.1,,1,0,0,0,0,0,0,,,,
BASSTA,2009,10,13,22,7.3,,,,,,,,988.5,,2.3,,2,0,0,0,0,0,0,,,,
BASSTA,2009,10,13,23,6.7,,,,,,,,988.3,,1,,1,0,0,0,0,0,0,,,,
BASSTA,2009,10,14,0,5.6,,,,,,,,988.4,,1.6,,1,0,0,0,0,0,0,,,,
BASSTA,2009,10,14,1,5.3,,,,,,,,988.2,,1.6,,1,0,0,0,0,0,0,,,,
BASSTA,2009,10,14,2,5,,,,,,,,988.3,,1.5,,1,0,0,0,0,0,0,,,,
BASSTA,2009,10,14,3,4.4,,,,,,,,988.5,,1.9,,2,0,0,0,0,0,0,,,,
BASSTA,2009,10,14,4,4,,,,,,,,988.4,,1.9,,2,0,0,0,0,0,0,,,,
BASSTA,2009,10,14,5,4.1,,,,,,,,988.5,,1.5,,2,0,0,0,0,0,0,,,,
BASSTA,2009,10,14,6,4.3,,,,,,,,988.7,,2,,17,0,0,0,0,0,0,,,,
BASSTA,2009,10,14,7,4.7,,,,,,,,988.9,,1.9,,50,0,0,0,0,0,0,,,,
BASSTA,2009,10,14,8,5.3,,,,,,,,989.2,,1.4,,114,0,0,0,0,0,0,,,,
BASSTA,2009,10,14,9,6.3,,,,,,,,989.3,,1.4,,208,916.5,34.4,0,0,0,0,,,,
BASSTA,2009,10,14,10,6.5,,,,,,,,989.2,,2.1,,149,31.7,138.4,0,0,0,0,,,,
BASSTA,2009,10,14,11,7.3,,,,,,,,989,,2.1,,235,70,203.6,0,0,0,0,,,,
BASSTA,2009,10,14,12,7.9,,,,,,,,988.5,,1.5,,211,18.5,201.3,0,0,0,0,,,,
BASSTA,2009,10,14,13,8.7,,,,,,,,988.3,,2.3,,343,144,262.3,0,0,0,0,,,,
BASSTA,2009,10,14,14,8.9,,,,,,,,988,,3.2,,359,191,254.1,0,0,0,0,,,,
BASSTA,2009,10,14,15,8.3,,,,,,,,988.1,,3.1,,188,14.4,180.9,0,0,0,0,,,,
BASSTA,2009,10,14,16,7.2,,,,,,,,988.4,,3.4,,42,0.7,41.7,0,0,0,0,,,,
BASSTA,2009,10,14,17,6,,,,,,,,989,,2.7,,2,0,2,0,0,0,0,,,,
BASSTA,2009,10,14,18,5,,,,,,,,989.2,,1.7,,2,0,2,0,0,0,0,,,,
BASSTA,2009,10,14,19,4.8,,,,,,,,989.4,,1.2,,2,0,0,0,0,0,0,,,,
BASSTA,2009,10,14,20,4.2,,,,,,,,989.3,,1.6,,2,0,0,0,0,0,0,,,,
BASSTA,2009,10,14,21,3.1,,,,,,,,989.1,,1.8,,3,0,0,0,0,0,0,,,,
BASSTA,2009,10,14,22,2,,,,,,,,988.9,,2,,2,0,0,0,0,0,0,,,,
BASSTA,2009,10,14,23,1.2,,,,,,,,989.1,,2.2,,2,0,0,0,0,0,0,,,,
BASSTA,2009,10,15,0,0.9,,,,,,,,988.8,,1.4,,2,0,0,0,0,0,0,,,,
BASSTA,2009,10,15,1,0.8,,,,,,,,988.7,,1.2,,3,0,0,0,0,0,0,,,,
BASSTA,2009,10,15,2,0.8,,,,,,,,988.5,,0.5,,3,0,0,0,0,0,0,,,,
BASSTA,2009,10,15,3,0.6,,,,,,,,988.3,,1.1,,1,0,0,0,0,0,0,,,,
BASSTA,2009,10,15,4,0.1,,,,,,,,988.2,,0.9,,1,0,0,0,0,0,0,,,,
BASSTA,2009,10,15,5,-0.3,,,,,,,,988.2,,0.7,,1,0,0,0,0,0,0,,,,
BASSTA,2009,10,15,6,-0.1,,,,,,,,988.5,,1,,25,0,0,0,0,0,0,,,,
BASSTA,2009,10,15,7,0.9,,,,,,,,988.6,,0.5,,132,0,0,0,0,0,0,,,,
BASSTA,2009,10,15,8,2.6,,,,,,,,988.9,,1.5,,278,0,0,0,0,0,0,,,,
BASSTA,2009,10,15,9,3.7,,,,,,,,988.6,,1.8,,412,1858.7,68,0,0,0,0,,,,
BASSTA,2009,10,15,10,4.8,,,,,,,,988.3,,1.3,,398,1009.4,65.7,0,0,0,0,,,,
BASSTA,2009,10,15,11,5.8,,,,,,,,987.9,,1.4,,424,714.7,106.7,0,0,0,0,,,,
BASSTA,2009,10,15,12,6.1,,,,,,,,987.6,,2.6,,344,198.9,240.4,0,0,0,0,,,,
BASSTA,2009,10,15,13,6.7,,,,,,,,987.2,,2.2,,380,231,251.8,0,0,0,0,,,,
BASSTA,2009,10,15,14,6.3,,,,,,,,987.4,,3.5,,230,24.1,216.9,0,0,0,0,,,,
BASSTA,2009,10,15,15,5.8,,,,,,,,987.6,,3.2,,169,9.4,164.4,0,0,0,0,,,,
BASSTA,2009,10,15,16,5.2,,,,,,,,987.8,,2.9,,52,1.2,51.5,0,0,0,0,,,,
BASSTA,2009,10,15,17,4.1,,,,,,,,988.4,,1.8,,2,0,2,0,0,0,0,,,,
BASSTA,2009,10,15,18,3.3,,,,,,,,988.8,,1.6,,1,0,1,0,0,0,0,,,,
BASSTA,2009,10,15,19,3,,,,,,,,988.8,,1.4,,1,0,0,0,0,0,0,,,,
BASSTA,2009,10,15,20,1.6,,,,,,,,989.2,,0.6,,1,0,0,0,0,0,0,,,,
BASSTA,2009,10,15,21,0.8,,,,,,,,989.2,,2,,1,0,0,0,0,0,0,,,,
BASSTA,2009,10,15,22,0.9,,,,,,,,989.2,,1.6,,1,0,0,0,0,0,0,,,,
BASSTA,2009,10,15,23,1.4,,,,,,,,989.3,,1.4,,1,0,0,0,0,0,0,,,,
BASSTA,2009,10,16,0,1.1,,,,,,,,989,,1.4,,1,0,0,0,0,0,0,,,,
BASSTA,2009,10,16,1,1.5,,,,,,,,988.6,,1.1,,1,0,0,0,0,0,0,,,,
BASSTA,2009,10,16,2,1.6,,,,,,,,988,,1.3,,1,0,0,0,0,0,0,,,,
BASSTA,2009,10,16,3,1.2,,,,,,,,988.2,,0.8,,1,0,0,0,0,0,0,,,,
BASSTA,2009,10,16,4,1.4,,,,,,,,988.6,,1.3,,1,0,0,0,0,0,0,,,,
BASSTA,2009,10,16,5,0.4,,,,,,,,989.2,,1.9,,1,0,0,0,0,0,0,,,,
BASSTA,2009,10,16,6,0.4,,,,,,,,989.8,,2.2,,16,0,0,0,0,0,0,,,,
BASSTA,2009,10,16,7,2.3,,,,,,,,989.5,,2.2,,125,0,0,0,0,0,0,,,,
BASSTA,2009,10,16,8,4.6,,,,,,,,989.6,,1.1,,222,0,0,0,0,0,0,,,,
BASSTA,2009,10,16,9,5.8,,,,,,,,989.1,,0.6,,241,1113.7,39.8,0,0,0,0,,,,
BASSTA,2009,10,16,10,7.4,,,,,,,,988.6,,0.4,,432,1111.3,71.3,0,0,0,0,,,,
BASSTA,2009,10,16,11,8,,,,,,,,987.7,,1.3,,297,219.4,200.7,0,0,0,0,,,,
BASSTA,2009,10,16,12,8.4,,,,,,,,986.8,,1.4,,192,12.9,185.4,0,0,0,0,,,,
BASSTA,2009,10,16,13,8.4,,,,,,,,986.2,,2.9,,59,0.8,58.6,0,0,0,0,,,,
BASSTA,2009,10,16,14,7.4,,,,,,,,986,,4,,23,0.1,22.9,0,0,0,0,,,,
BASSTA,2009,10,16,15,6.6,,,,,,,,985.6,,3.7,,7,0,7,0,0,0,0,,,,
BASSTA,2009,10,16,16,6.3,,,,,,,,985.5,,5.2,,2,0,2,0,0,0,0,,,,
BASSTA,2009,10,16,17,6.4,,,,,,,,985.8,,6.4,,1,0,1,0,0,0,0,,,,
BASSTA,2009,10,16,18,6.4,,,,,,,,985.9,,5.7,,1,0,1,0,0,0,0,,,,
BASSTA,2009,10,16,19,6.3,,,,,,,,985.6,,4.5,,1,0,0,0,0,0,0,,,,
BASSTA,2009,10,16,20,6.6,,,,,,,,985.6,,2.3,,1,0,0,0,0,0,0,,,,
BASSTA,2009,10,16,21,6,,,,,,,,985.1,,2.6,,1,0,0,0,0,0,0,,,,
BASSTA,2009,10,16,22,6.2,,,,,,,,984.9,,1.2,,1,0,0,0,0,0,0,,,,
BASSTA,2009,10,16,23,6.3,,,,,,,,984.8,,2.5,,1,0,0,0,0,0,0,,,,
BASSTA,2009,10,17,0,6.3,,,,,,,,984.5,,3.5,,1,0,0,0,0,0,0,,,,
BASSTA,2009,10,17,1,6.3,,,,,,,,984.3,,3.4,,1,0,0,0,0,0,0,,,,
BASSTA,2009,10,17,2,6.1,,,,,,,,984.1,,3.1,,1,0,0,0,0,0,0,,,,
BASSTA,2009,10,17,3,6.1,,,,,,,,984.1,,3.2,,1,0,0,0,0,0,0,,,,
BASSTA,2009,10,17,4,5.9,,,,,,,,984,,3.2,,2,0,0,0,0,0,0,,,,
BASSTA,2009,10,17,5,5.9,,,,,,,,983.9,,3.2,,2,0,0,0,0,0,0,,,,
BASSTA,2009,10,17,6,6,,,,,,,,983.9,,3.9,,5,0,0,0,0,0,0,,,,
BASSTA,2009,10,17,7,6.2,,,,,,,,984.2,,2.7,,30,0,0,0,0,0,0,,,,
BASSTA,2009,10,17,8,6.3,,,,,,,,984.3,,3.5,,56,0,0,0,0,0,0,,,,
BASSTA,2009,10,17,9,6.9,,,,,,,,984.4,,3.8,,129,299.2,76.2,0,0,0,0,,,,
BASSTA,2009,10,17,10,7.3,,,,,,,,984.1,,2.5,,143,31.7,132.9,0,0,0,0,,,,
BASSTA,2009,10,17,11,7.8,,,,,,,,983.9,,3,,179,21.1,169.8,0,0,0,0,,,,
BASSTA,2009,10,17,12,8.4,,,,,,,,983.7,,2.6,,289,100.3,237.8,0,0,0,0,,,,
BASSTA,2009,10,17,13,8.4,,,,,,,,983.4,,2.6,,227,22.3,214.8,0,0,0,0,,,,
BASSTA,2009,10,17,14,8,,,,,,,,983.4,,1.9,,221,21.8,209.4,0,0,0,0,,,,
BASSTA,2009,10,17,15,6.8,,,,,,,,983.8,,2.2,,46,0.6,45.7,0,0,0,0,,,,
BASSTA,2009,10,17,16,5.5,,,,,,,,983.8,,1,,33,0.5,32.8,0,0,0,0,,,,
BASSTA,2009,10,17,17,5.3,,,,,,,,984.5,,0.7,,1,0,1,0,0,0,0,,,,
BASSTA,2009,10,17,18,5.4,,,,,,,,984.7,,1.1,,2,0,2,0,0,0,0,,,,
BASSTA,2009,10,17,19,5,,,,,,,,985,,1.5,,2,0,0,0,0,0,0,,,,
BASSTA,2009,10,17,20,4.7,,,,,,,,985.1,,0.9,,2,0,0,0,0,0,0,,,,
BASSTA,2009,10,17,21,4,,,,,,,,985.1,,1.1,,1,0,0,0,0,0,0,,,,
BASSTA,2009,10,17,22,4.1,,,,,,,,984.9,,1.3,,2,0,0,0,0,0,0,,,,
BASSTA,2009,10,17,23,4.4,,,,,,,,985.1,,0.5,,2,0,0,0,0,0,0,,,,
BASSTA,2009,10,18,0,4.6,,,,,,,,984.8,,1.1,,2,0,0,0,0,0,0,,,,
BASSTA,2009,10,18,1,4.2,,,,,,,,984.6,,1.4,,2,0,0,0,0,0,0,,,,
BASSTA,2009,10,18,2,4,,,,,,,,984.3,,0.7,,2,0,0,0,0,0,0,,,,
BASSTA,2009,10,18,3,4.5,,,,,,,,984.3,,0.5,,1,0,0,0,0,0,0,,,,
BASSTA,2009,10,18,4,4.5,,,,,,,,984.3,,0.6,,1,0,0,0,0,0,0,,,,
BASSTA,2009,10,18,5,4.4,,,,,,,,984.4,,0.8,,1,0,0,0,0,0,0,,,,
BASSTA,2009,10,18,6,4.5,,,,,,,,984.6,,0.7,,7,0,0,0,0,0,0,,,,
BASSTA,2009,10,18,7,4.7,,,,,,,,984.9,,1.4,,19,0,0,0,0,0,0,,,,
BASSTA,2009,10,18,8,4.8,,,,,,,,985.1,,0.8,,94,0,0,0,0,0,0,,,,
BASSTA,2009,10,18,9,5.3,,,,,,,,985.2,,1,,162,688.6,43.6,0,0,0,0,,,,
BASSTA,2009,10,18,10,6.3,,,,,,,,985,,1.6,,329,858.8,58.2,0,0,0,0,,,,
BASSTA,2009,10,18,11,7.3,,,,,,,,984.6,,1.3,,311,287.7,187.5,0,0,0,0,,,,
BASSTA,2009,10,18,12,7.3,,,,,,,,984.3,,3.1,,138,4.9,135.5,0,0,0,0,,,,
BASSTA,2009,10,18,13,7.6,,,,,,,,984.3,,2.7,,197,11.8,190.6,0,0,0,0,,,,
BASSTA,2009,10,18,14,7.7,,,,,,,,984.3,,2.5,,266,57.9,235.5,0,0,0,0,,,,
BASSTA,2009,10,18,15,6.8,,,,,,,,984.3,,2.4,,114,3.8,112.2,0,0,0,0,,,,
BASSTA,2009,10,18,16,6,,,,,,,,984.5,,2.2,,21,0.2,20.9,0,0,0,0,,,,
BASSTA,2009,10,18,17,5.4,,,,,,,,984.5,,2,,1,0,1,0,0,0,0,,,,
BASSTA,2009,10,18,18,4.2,,,,,,,,984.5,,1.4,,1,0,1,0,0,0,0,,,,
BASSTA,2009,10,18,19,4.3,,,,,,,,984.6,,1.2,,1,0,0,0,0,0,0,,,,
BASSTA,2009,10,18,20,4.6,,,,,,,,984.8,,1.2,,1,0,0,0,0,0,0,,,,
BASSTA,2009,10,18,21,4.3,,,,,,,,984.5,,1.1,,1,0,0,0,0,0,0,,,,
BASSTA,2009,10,18,22,3.2,,,,,,,,984.4,,0.8,,1,0,0,0,0,0,0,,,,
BASSTA,2009,10,18,23,2,,,,,,,,984.2,,1,,1,0,0,0,0,0,0,,,,
BASSTA,2009,10,19,0,1.8,,,,,,,,984.1,,0.9,,1,0,0,0,0,0,0,,,,
BASSTA,2009,10,19,1,2.4,,,,,,,,983.7,,1,,1,0,0,0,0,0,0,,,,
BASSTA,2009,10,19,2,2.8,,,,,,,,983.4,,1,,1,0,0,0,0,0,0,,,,
BASSTA,2009,10,19,3,2.1,,,,,,,,983.2,,0.4,,1,0,0,0,0,0,0,,,,
BASSTA,2009,10,19,4,2.7,,,,,,,,983.2,,0.4,,1,0,0,0,0,0,0,,,,
BASSTA,2009,10,19,5,2.6,,,,,,,,983.1,,0.5,,1,0,0,0,0,0,0,,,,
BASSTA,2009,10,19,6,2.8,,,,,,,,983,,0.2,,14,0,0,0,0,0,0,,,,
BASSTA,2009,10,19,7,3.1,,,,,,,,983,,0.6,,115,0,0,0,0,0,0,,,,
BASSTA,2009,10,19,8,3.2,,,,,,,,983,,1.3,,160,0,0,0,0,0,0,,,,
BASSTA,2009,10,19,9,3.9,,,,,,,,982.6,,1,,264,1315.9,43.6,0,0,0,0,,,,
BASSTA,2009,10,19,10,7.2,,,,,,,,981.9,,2.4,,402,1080.6,66.3,0,0,0,0,,,,
BASSTA,2009,10,19,11,7.9,,,,,,,,981.2,,2.5,,394,661.4,113.3,0,0,0,0,,,,
BASSTA,2009,10,19,12,8.9,,,,,,,,980.2,,2.4,,481,723.3,119,0,0,0,0,,,,
BASSTA,2009,10,19,13,9.2,,,,,,,,979.5,,2.9,,410,358.1,218.9,0,0,0,0,,,,
BASSTA,2009,10,19,14,9,,,,,,,,979,,2.6,,297,102.5,243.5,0,0,0,0,,,,
BASSTA,2009,10,19,15,8.4,,,,,,,,978.6,,2.6,,155,8,151.3,0,0,0,0,,,,
BASSTA,2009,10,19,16,7.4,,,,,,,,978.3,,2.2,,37,0.7,36.8,0,0,0,0,,,,
BASSTA,2009,10,19,17,6.5,,,,,,,,978,,2.3,,1,0,1,0,0,0,0,,,,
BASSTA,2009,10,19,18,6.1,,,,,,,,977.6,,2.5,,1,0,1,0,0,0,0,,,,
BASSTA,2009,10,19,19,5.3,,,,,,,,977.2,,2.1,,1,0,0,0,0,0,0,,,,
BASSTA,2009,10,19,20,4.9,,,,,,,,976.9,,3,,1,0,0,0,0,0,0,,,,
BASSTA,2009,10,19,21,4.4,,,,,,,,976.6,,4,,1,0,0,0,0,0,0,,,,
BASSTA,2009,10,19,22,4,,,,,,,,975.9,,4,,1,0,0,0,0,0,0,,,,
BASSTA,2009,10,19,23,3.6,,,,,,,,975.4,,3.7,,1,0,0,0,0,0,0,,,,
BASSTA,2009,10,20,0,3.2,,,,,,,,974.8,,3.2,,1,0,0,0,0,0,0,,,,
BASSTA,2009,10,20,1,2.8,,,,,,,,974.3,,2.9,,1,0,0,0,0,0,0,,,,
BASSTA,2009,10,20,2,2.6,,,,,,,,974,,2.5,,1,0,0,0,0,0,0,,,,
BASSTA,2009,10,20,3,2.6,,,,,,,,974,,3.1,,1,0,0,0,0,0,0,,,,
BASSTA,2009,10,20,4,2.6,,,,,,,,974,,3.9,,1,0,0,0,0,0,0,,,,
BASSTA,2009,10,20,5,2.3,,,,,,,,973.9,,4.2,,1,0,0,0,0,0,0,,,,
BASSTA,2009,10,20,6,2.4,,,,,,,,973.9,,4.2,,21,0,0,0,0,0,0,,,,
BASSTA,2009,10,20,7,3.2,,,,,,,,973.9,,4.4,,126,0,0,0,0,0,0,,,,
BASSTA,2009,10,20,8,4.5,,,,,,,,973.9,,5.6,,217,0,0,0,0,0,0,,,,
BASSTA,2009,10,20,9,6.4,,,,,,,,973.5,,5,,379,1940,62.5,0,0,0,0,,,,
BASSTA,2009,10,20,10,8,,,,,,,,973,,4.3,,442,1206.2,72.9,0,0,0,0,,,,
BASSTA,2009,10,20,11,9.2,,,,,,,,972.3,,5.4,,453,901.4,74.9,0,0,0,0,,,,
BASSTA,2009,10,20,12,10.6,,,,,,,,971.5,,5.6,,406,449.8,183.2,0,0,0,0,,,,
BASSTA,2009,10,20,13,11.1,,,,,,,,970.9,,5.2,,326,147,248.3,0,0,0,0,,,,
BASSTA,2009,10,20,14,10.5,,,,,,,,970.6,,5.9,,165,7,161.4,0,0,0,0,,,,
BASSTA,2009,10,20,15,10.5,,,,,,,,970.3,,6.2,,122,4.6,119.9,0,0,0,0,,,,
BASSTA,2009,10,20,16,9.6,,,,,,,,970,,5.8,,21,0.2,20.9,0,0,0,0,,,,
BASSTA,2009,10,20,17,9,,,,,,,,970.1,,5.2,,1,0,1,0,0,0,0,,,,
BASSTA,2009,10,20,18,8.7,,,,,,,,970.3,,5,,1,0,1,0,0,0,0,,,,
BASSTA,2009,10,20,19,8.5,,,,,,,,970.3,,5,,1,0,0,0,0,0,0,,,,
BASSTA,2009,10,20,20,8.6,,,,,,,,970.3,,4.2,,1,0,0,0,0,0,0,,,,
BASSTA,2009,10,20,21,8.3,,,,,,,,970.3,,3,,1,0,0,0,0,0,0,,,,
BASSTA,2009,10,20,22,8.2,,,,,,,,970.3,,2.1,,1,0,0,0,0,0,0,,,,
BASSTA,2009,10,20,23,7.9,,,,,,,,970.2,,1.7,,1,0,0,0,0,0,0,,,,
BASSTA,2009,10,21,0,8.1,,,,,,,,970,,2.1,,1,0,0,0,0,0,0,,,,
BASSTA,2009,10,21,1,8,,,,,,,,969.9,,1.8,,1,0,0,0,0,0,0,,,,
BASSTA,2009,10,21,2,7.8,,,,,,,,969.5,,2.5,,1,0,0,0,0,0,0,,,,
BASSTA,2009,10,21,3,7.6,,,,,,,,969.3,,2.6,,0,0,0,0,0,0,0,,,,
BASSTA,2009,10,21,4,7.7,,,,,,,,969.4,,1.5,,0,0,0,0,0,0,0,,,,
BASSTA,2009,10,21,5,7.4,,,,,,,,969.2,,1.1,,0,0,0,0,0,0,0,,,,
BASSTA,2009,10,21,6,7.3,,,,,,,,968.8,,1.6,,8,0,0,0,0,0,0,,,,
BASSTA,2009,10,21,7,7.3,,,,,,,,969.1,,2.7,,80,0,0,0,0,0,0,,,,
BASSTA,2009,10,21,8,9.4,,,,,,,,969.3,,2,,227,0,0,0,0,0,0,,,,
BASSTA,2009,10,21,9,10.2,,,,,,,,968.8,,2.3,,161,814.5,31.7,0,0,0,0,,,,
BASSTA,2009,10,21,10,10.8,,,,,,,,968.1,,3.9,,152,57.5,134.7,0,0,0,0,,,,
BASSTA,2009,10,21,11,11.6,,,,,,,,967.3,,4.2,,274,197.4,192.2,0,0,0,0,,,,
BASSTA,2009,10,21,12,12.8,,,,,,,,966.4,,3.1,,289,119.9,230.2,0,0,0,0,,,,
BASSTA,2009,10,21,13,13.1,,,,,,,,965.5,,1.9,,128,3.9,126,0,0,0,0,,,,
BASSTA,2009,10,21,14,13.7,,,,,,,,964.8,,1.7,,188,12.1,181.8,0,0,0,0,,,,
BASSTA,2009,10,21,15,12.8,,,,,,,,964,,1.2,,33,0.3,32.8,0,0,0,0,,,,
BASSTA,2009,10,21,16,11.7,,,,,,,,963.5,,1.9,,9,0,9,0,0,0,0,,,,
BASSTA,2009,10,21,17,10.2,,,,,,,,963.2,,1.5,,0,0,0,0,0,0,0,,,,
BASSTA,2009,10,21,18,9.9,,,,,,,,963.7,,1.9,,0,0,0,0,0,0,0,,,,
BASSTA,2009,10,21,19,9,,,,,,,,963.8,,1.8,,0,0,0,0,0,0,0,,,,
BASSTA,2009,10,21,20,8.7,,,,,,,,964.4,,0.8,,0,0,0,0,0,0,0,,,,
BASSTA,2009,10,21,21,7.9,,,,,,,,964.8,,0.8,,0,0,0,0,0,0,0,,,,
BASSTA,2009,10,21,22,8.4,,,,,,,,965.1,,0.9,,0,0,0,0,0,0,0,,,,
BASSTA,2009,10,21,23,8.5,,,,,,,,965.6,,1.1,,0,0,0,0,0,0,0,,,,
BASSTA,2009,10,22,0,8.5,,,,,,,,965.7,,1.3,,0,0,0,0,0,0,0,,,,
BASSTA,2009,10,22,1,8.4,,,,,,,,965.9,,1.1,,0,0,0,0,0,0,0,,,,
BASSTA,2009,10,22,2,8.4,,,,,,,,965.6,,1.1,,0,0,0,0,0,0,0,,,,
BASSTA,2009,10,22,3,8.5,,,,,,,,965.4,,1.9,,0,0,0,0,0,0,0,,,,
BASSTA,2009,10,22,4,8.2,,,,,,,,964.9,,1.9,,0,0,0,0,0,0,0,,,,
BASSTA,2009,10,22,5,7.9,,,,,,,,964.8,,2.4,,0,0,0,0,0,0,0,,,,
BASSTA,2009,10,22,6,8,,,,,,,,964.9,,2.5,,8,0,0,0,0,0,0,,,,
BASSTA,2009,10,22,7,8.8,,,,,,,,965.4,,1.3,,54,0,0,0,0,0,0,,,,
BASSTA,2009,10,22,8,9.5,,,,,,,,966,,1.9,,95,0,0,0,0,0,0,,,,
BASSTA,2009,10,22,9,10.5,,,,,,,,966.3,,0.9,,164,882,27.9,0,0,0,0,,,,
BASSTA,2009,10,22,10,12,,,,,,,,966.8,,1.8,,246,466.5,107.6,0,0,0,0,,,,
BASSTA,2009,10,22,11,13,,,,,,,,966.8,,2,,284,239.8,185.8,0,0,0,0,,,,
BASSTA,2009,10,22,12,13.2,,,,,,,,966.7,,1.9,,137,5.2,134.5,0,0,0,0,,,,
BASSTA,2009,10,22,13,14.4,,,,,,,,966.5,,3,,373,278.9,228.5,0,0,0,0,,,,
BASSTA,2009,10,22,14,15,,,,,,,,966.4,,2.6,,281,91,235,0,0,0,0,,,,
BASSTA,2009,10,22,15,14.4,,,,,,,,966.6,,2.4,,122,4.8,119.8,0,0,0,0,,,,
BASSTA,2009,10,22,16,13.1,,,,,,,,966.9,,1.9,,12,0.1,12,0,0,0,0,,,,
BASSTA,2009,10,22,17,12.1,,,,,,,,967.2,,2.8,,0,0,0,0,0,0,0,,,,
BASSTA,2009,10,22,18,11.9,,,,,,,,967.8,,2.8,,0,0,0,0,0,0,0,,,,
BASSTA,2009,10,22,19,11,,,,,,,,968,,1.9,,0,0,0,0,0,0,0,,,,
BASSTA,2009,10,22,20,10.6,,,,,,,,968.6,,0.9,,0,0,0,0,0,0,0,,,,
BASSTA,2009,10,22,21,9.2,,,,,,,,969,,0.5,,0,0,0,0,0,0,0,,,,
BASSTA,2009,10,22,22,8.1,,,,,,,,969.5,,1.4,,0,0,0,0,0,0,0,,,,
BASSTA,2009,10,22,23,7.6,,,,,,,,969.9,,0.8,,0,0,0,0,0,0,0,,,,
BASSTA,2009,10,23,0,7.2,,,,,,,,970.3,,0.4,,0,0,0,0,0,0,0,,,,
BASSTA,2009,10,23,1,7.1,,,,,,,,971,,0.8,,0,0,0,0,0,0,0,,,,
BASSTA,2009,10,23,2,7.6,,,,,,,,971.6,,1,,0,0,0,0,0,0,0,,,,
BASSTA,2009,10,23,3,8.3,,,,,,,,972.1,,1.8,,1,0,0,0,0,0,0,,,,
BASSTA,2009,10,23,4,8.3,,,,,,,,972.5,,2.4,,1,0,0,0,0,0,0,,,,
BASSTA,2009,10,23,5,8.8,,,,,,,,973.1,,1.6,,1,0,0,0,0,0,0,,,,
BASSTA,2009,10,23,6,9.4,,,,,,,,973.7,,1.2,,3,0,0,0,0,0,0,,,,
BASSTA,2009,10,23,7,10.5,,,,,,,,974.7,,2.6,,14,0,0,0,0,0,0,,,,
BASSTA,2009,10,23,8,10.4,,,,,,,,975.4,,2.8,,40,0,0,0,0,0,0,,,,
BASSTA,2009,10,23,9,10.7,,,,,,,,976.1,,2.4,,67,31.2,62.3,0,0,0,0,,,,
BASSTA,2009,10,23,10,11.1,,,,,,,,976.8,,1,,83,5.3,81.5,0,0,0,0,,,,
BASSTA,2009,10,23,11,11.1,,,,,,,,976.9,,1.3,,103,4.2,101.3,0,0,0,0,,,,
BASSTA,2009,10,23,12,11.2,,,,,,,,976.8,,0.7,,109,3.4,107.4,0,0,0,0,,,,
BASSTA,2009,10,23,13,11.8,,,,,,,,976.9,,0.2,,208,19.2,198.2,0,0,0,0,,,,
BASSTA,2009,10,23,14,11.8,,,,,,,,977.5,,0.7,,88,2,87,0,0,0,0,,,,
BASSTA,2009,10,23,15,11.9,,,,,,,,978,,0.9,,41,0.6,40.8,0,0,0,0,,,,
BASSTA,2009,10,23,16,11.6,,,,,,,,978.5,,1.3,,10,0.1,10,0,0,0,0,,,,
BASSTA,2009,10,23,17,11.2,,,,,,,,979,,1.4,,1,0,1,0,0,0,0,,,,
BASSTA,2009,10,23,18,11.1,,,,,,,,979.3,,2,,1,0,1,0,0,0,0,,,,
BASSTA,2009,10,23,19,10.9,,,,,,,,979.7,,1.6,,1,0,0,0,0,0,0,,,,
BASSTA,2009,10,23,20,10.8,,,,,,,,979.9,,0.7,,1,0,0,0,0,0,0,,,,
BASSTA,2009,10,23,21,10.5,,,,,,,,980.2,,0.7,,1,0,0,0,0,0,0,,,,
BASSTA,2009,10,23,22,9.4,,,,,,,,980.3,,1,,1,0,0,0,0,0,0,,,,
BASSTA,2009,10,23,23,8.6,,,,,,,,980.6,,0.9,,1,0,0,0,0,0,0,,,,
BASSTA,2009,10,24,0,8.2,,,,,,,,980.5,,1.7,,1,0,0,0,0,0,0,,,,
BASSTA,2009,10,24,1,7.3,,,,,,,,980.7,,0.9,,1,0,0,0,0,0,0,,,,
BASSTA,2009,10,24,2,6.9,,,,,,,,980.9,,1,,1,0,0,0,0,0,0,,,,
BASSTA,2009,10,24,3,7.2,,,,,,,,980.7,,1.4,,2,0,0,0,0,0,0,,,,
BASSTA,2009,10,24,4,7.1,,,,,,,,981,,1.9,,2,0,0,0,0,0,0,,,,
BASSTA,2009,10,24,5,7.5,,,,,,,,981.1,,2.6,,2,0,0,0,0,0,0,,,,
BASSTA,2009,10,24,6,7.8,,,,,,,,981.1,,2.9,,11,0,0,0,0,0,0,,,,
BASSTA,2009,10,24,7,8,,,,,,,,980.9,,2.3,,86,0,0,0,0,0,0,,,,
BASSTA,2009,10,24,8,9.3,,,,,,,,981.2,,2.4,,191,0,0,0,0,0,0,,,,
BASSTA,2009,10,24,9,10.9,,,,,,,,981.1,,2.9,,294,1686.2,48.5,0,0,0,0,,,,
BASSTA,2009,10,24,10,12.1,,,,,,,,980.9,,3.2,,404,1173.8,66.7,0,0,0,0,,,,
BASSTA,2009,10,24,11,13.2,,,,,,,,980.3,,3.4,,487,1016.8,80.4,0,0,0,0,,,,
BASSTA,2009,10,24,12,13.6,,,,,,,,979.8,,3.8,,402,497.6,165.6,0,0,0,0,,,,
BASSTA,2009,10,24,13,13.5,,,,,,,,979.4,,3.8,,335,195.1,236,0,0,0,0,,,,
BASSTA,2009,10,24,14,12.5,,,,,,,,979.6,,4.2,,136,4.9,133.6,0,0,0,0,,,,
BASSTA,2009,10,24,15,12.2,,,,,,,,979.8,,3.5,,84,2.4,83,0,0,0,0,,,,
BASSTA,2009,10,24,16,11.7,,,,,,,,980.1,,3.1,,9,0,9,0,0,0,0,,,,
BASSTA,2009,10,24,17,11.6,,,,,,,,980.3,,2.7,,2,0,2,0,0,0,0,,,,
BASSTA,2009,10,24,18,11.5,,,,,,,,980.3,,3.3,,2,0.1,2,0,0,0,0,,,,
BASSTA,2009,10,24,19,11.4,,,,,,,,980.6,,3,,2,0,0,0,0,0,0,,,,
BASSTA,2009,10,24,20,11.2,,,,,,,,980.4,,2.9,,2,0,0,0,0,0,0,,,,
BASSTA,2009,10,24,21,11,,,,,,,,980.2,,3.2,,2,0,0,0,0,0,0,,,,
BASSTA,2009,10,24,22,11.1,,,,,,,,980.2,,3,,2,0,0,0,0,0,0,,,,
BASSTA,2009,10,24,23,11,,,,,,,,980,,2.9,,2,0,0,0,0,0,0,,,,
BASSTA,2009,10,25,0,11,,,,,,,,979.9,,3.1,,2,0,0,0,0,0,0,,,,
BASSTA,2009,10,25,1,10.7,,,,,,,,979.6,,3.4,,2,0,0,0,0,0,0,,,,
BASSTA,2009,10,25,2,10.7,,,,,,,,979.5,,2.5,,2,0,0,0,0,0,0,,,,
BASSTA,2009,10,25,3,10.8,,,,,,,,979.4,,2.8,,1,0,0,0,0,0,0,,,,
BASSTA,2009,10,25,4,10.9,,,,,,,,979.6,,2.7,,1,0,0,0,0,0,0,,,,
BASSTA,2009,10,25,5,10.8,,,,,,,,979.6,,2.3,,1,0,0,0,0,0,0,,,,
BASSTA,2009,10,25,6,10.8,,,,,,,,979.8,,2.8,,3,0,0,0,0,0,0,,,,
BASSTA,2009,10,25,7,10.9,,,,,,,,980.1,,2.7,,14,0,0,0,0,0,0,,,,
BASSTA,2009,10,25,8,11.3,,,,,,,,980.5,,1.7,,43,6.1,42.1,0,0,0,0,,,,
BASSTA,2009,10,25,9,12.1,,,,,,,,980.7,,1.1,,94,7.9,91.8,0,0,0,0,,,,
BASSTA,2009,10,25,10,13.4,,,,,,,,980.8,,1,,85,3,83.8,0,0,0,0,,,,
BASSTA,2009,10,25,11,14.6,,,,,,,,980.8,,0.6,,130,5,127.7,0,0,0,0,,,,
BASSTA,2009,10,25,12,14.5,,,,,,,,980.8,,0.8,,86,1.9,85,0,0,0,0,,,,
BASSTA,2009,10,25,13,15,,,,,,,,980.8,,0.2,,119,3.8,117.1,0,0,0,0,,,,
BASSTA,2009,10,25,14,15.2,,,,,,,,980.7,,1.1,,73,1.8,72.2,0,0,0,0,,,,
BASSTA,2009,10,25,15,14.7,,,,,,,,980.8,,2,,26,0.4,25.9,0,0,0,0,,,,
BASSTA,2009,10,25,16,14.3,,,,,,,,981.1,,2.1,,8,0.1,8,0,0,0,0,,,,
BASSTA,2009,10,25,17,13.8,,,,,,,,981.5,,2.7,,1,0,1,0,0,0,0,,,,
BASSTA,2009,10,25,18,13.3,,,,,,,,981.6,,2.6,,1,0,0,0,0,0,0,,,,
BASSTA,2009,10,25,19,13.2,,,,,,,,981.7,,1.3,,1,0,0,0,0,0,0,,,,
BASSTA,2009,10,25,20,12.8,,,,,,,,981.9,,1.3,,1,0,0,0,0,0,0,,,,
BASSTA,2009,10,25,21,12.6,,,,,,,,982.1,,0.9,,1,0,0,0,0,0,0,,,,
BASSTA,2009,10,25,22,12.4,,,,,,,,982.1,,0.6,,1,0,0,0,0,0,0,,,,
BASSTA,2009,10,25,23,12.2,,,,,,,,982.2,,0.4,,1,0,0,0,0,0,0,,,,
BASSTA,2009,10,26,0,12,,,,,,,,982.1,,0.4,,1,0,0,0,0,0,0,,,,
BASSTA,2009,10,26,1,11.8,,,,,,,,982,,0.6,,1,0,0,0,0,0,0,,,,
BASSTA,2009,10,26,2,11.8,,,,,,,,982,,0.2,,1,0,0,0,0,0,0,,,,
BASSTA,2009,10,26,3,11.8,,,,,,,,982.2,,0.6,,1,0,0,0,0,0,0,,,,
BASSTA,2009,10,26,4,11.8,,,,,,,,982.5,,0.9,,1,0,0,0,0,0,0,,,,
BASSTA,2009,10,26,5,11.9,,,,,,,,982.6,,1.8,,1,0,0,0,0,0,0,,,,
BASSTA,2009,10,26,6,11.9,,,,,,,,983,,2.6,,7,0,0,0,0,0,0,,,,
BASSTA,2009,10,26,7,12,,,,,,,,983.6,,3.5,,56,0,0,0,0,0,0,,,,
BASSTA,2009,10,26,8,12.2,,,,,,,,983.9,,3.3,,83,134.8,64.5,0,0,0,0,,,,
BASSTA,2009,10,26,9,12.8,,,,,,,,984.4,,2.6,,128,36,118,0,0,0,0,,,,
BASSTA,2009,10,26,10,12.9,,,,,,,,984.6,,2.8,,123,6.7,120.4,0,0,0,0,,,,
BASSTA,2009,10,26,11,13.3,,,,,,,,984.3,,2.8,,174,12.9,168,0,0,0,0,,,,
BASSTA,2009,10,26,12,13.6,,,,,,,,984.1,,2.7,,193,15.3,185.4,0,0,0,0,,,,
BASSTA,2009,10,26,13,14.3,,,,,,,,984,,3.5,,291,128.7,228.6,0,0,0,0,,,,
BASSTA,2009,10,26,14,14.1,,,,,,,,984.1,,3.5,,131,6.2,128.4,0,0,0,0,,,,
BASSTA,2009,10,26,15,14,,,,,,,,984.4,,3.1,,132,17.2,126.3,0,0,0,0,,,,
BASSTA,2009,10,26,16,11.9,,,,,,,,985,,2.2,,10,0.2,10,0,0,0,0,,,,
BASSTA,2009,10,26,17,11,,,,,,,,985.5,,1.6,,1,0,0,0,0,0,0,,,,
BASSTA,2009,10,26,18,11,,,,,,,,985.8,,1.3,,1,0,0,0,0,0,0,,,,
BASSTA,2009,10,26,19,11,,,,,,,,986.1,,0.4,,1,0,0,0,0,0,0,,,,
BASSTA,2009,10,26,20,10.5,,,,,,,,986.4,,1.9,,1,0,0,0,0,0,0,,,,
BASSTA,2009,10,26,21,10.1,,,,,,,,986.4,,1.5,,1,0,0,0,0,0,0,,,,
BASSTA,2009,10,26,22,8.6,,,,,,,,986.2,,2.2,,1,0,0,0,0,0,0,,,,
BASSTA,2009,10,26,23,8.1,,,,,,,,986.2,,1.3,,1,0,0,0,0,0,0,,,,
BASSTA,2009,10,27,0,6.9,,,,,,,,986.2,,1.5,,1,0,0,0,0,0,0,,,,
BASSTA,2009,10,27,1,6.5,,,,,,,,986.1,,1.4,,1,0,0,0,0,0,0,,,,
BASSTA,2009,10,27,2,6.3,,,,,,,,985.8,,1.4,,1,0,0,0,0,0,0,,,,
BASSTA,2009,10,27,3,5.4,,,,,,,,985.7,,1.4,,2,0,0,0,0,0,0,,,,
BASSTA,2009,10,27,4,5.8,,,,,,,,985.7,,2.3,,3,0,0,0,0,0,0,,,,
BASSTA,2009,10,27,5,5.6,,,,,,,,985.6,,2.4,,3,0,0,0,0,0,0,,,,
BASSTA,2009,10,27,6,5.3,,,,,,,,985.8,,1.9,,17,0,0,0,0,0,0,,,,
BASSTA,2009,10,27,7,6,,,,,,,,986.2,,1.8,,109,0,0,0,0,0,0,,,,
BASSTA,2009,10,27,8,7.1,,,,,,,,986.4,,1.5,,189,1190.9,31.2,0,0,0,0,,,,
BASSTA,2009,10,27,9,9.4,,,,,,,,986.3,,1.2,,336,1025.8,55.4,0,0,0,0,,,,
BASSTA,2009,10,27,10,12.1,,,,,,,,985.7,,1.6,,412,888.6,69.5,0,0,0,0,,,,
BASSTA,2009,10,27,11,14.6,,,,,,,,985.1,,2.3,,445,730,109.2,0,0,0,0,,,,
BASSTA,2009,10,27,12,15.3,,,,,,,,984.5,,2.5,,419,505.5,170.2,0,0,0,0,,,,
BASSTA,2009,10,27,13,15.3,,,,,,,,984.3,,1.9,,302,158.6,225.9,0,0,0,0,,,,
BASSTA,2009,10,27,14,15.3,,,,,,,,984.1,,1.6,,201,42,183.2,0,0,0,0,,,,
BASSTA,2009,10,27,15,14.9,,,,,,,,984.1,,1.4,,133,19.3,126.7,0,0,0,0,,,,
BASSTA,2009,10,27,16,13,,,,,,,,984.5,,0.9,,16,0.4,15.9,0,0,0,0,,,,
BASSTA,2009,10,27,17,10.3,,,,,,,,984.7,,0.8,,1,0,0,0,0,0,0,,,,
BASSTA,2009,10,27,18,9,,,,,,,,984.5,,0.6,,2,0,0,0,0,0,0,,,,
BASSTA,2009,10,27,19,8.5,,,,,,,,984.4,,1,,2,0,0,0,0,0,0,,,,
BASSTA,2009,10,27,20,8.4,,,,,,,,984.6,,1.1,,2,0,0,0,0,0,0,,,,
BASSTA,2009,10,27,21,7,,,,,,,,984.7,,0.9,,2,0,0,0,0,0,0,,,,
BASSTA,2009,10,27,22,6,,,,,,,,984.4,,0.7,,2,0,0,0,0,0,0,,,,
BASSTA,2009,10,27,23,6.2,,,,,,,,984.1,,1.4,,2,0,0,0,0,0,0,,,,
BASSTA,2009,10,28,0,5.5,,,,,,,,983.9,,1.4,,2,0,0,0,0,0,0,,,,
BASSTA,2009,10,28,1,5.3,,,,,,,,984,,1.8,,2,0,0,0,0,0,0,,,,
BASSTA,2009,10,28,2,5.3,,,,,,,,983.9,,1.7,,3,0,0,0,0,0,0,,,,
BASSTA,2009,10,28,3,6.4,,,,,,,,983.8,,2.5,,1,0,0,0,0,0,0,,,,
BASSTA,2009,10,28,4,6.3,,,,,,,,983.8,,2.5,,2,0,0,0,0,0,0,,,,
BASSTA,2009,10,28,5,6.4,,,,,,,,984,,2.4,,2,0,0,0,0,0,0,,,,
BASSTA,2009,10,28,6,6.7,,,,,,,,984.4,,3.2,,9,0,0,0,0,0,0,,,,
BASSTA,2009,10,28,7,6.9,,,,,,,,984.5,,3.1,,71,0,0,0,0,0,0,,,,
BASSTA,2009,10,28,8,8.1,,,,,,,,984.4,,3.6,,197,1283.3,32.5,0,0,0,0,,,,
BASSTA,2009,10,28,9,9.3,,,,,,,,984.2,,3.6,,313,972,51.6,0,0,0,0,,,,
BASSTA,2009,10,28,10,10.6,,,,,,,,984.2,,2.5,,327,520.2,129,0,0,0,0,,,,
BASSTA,2009,10,28,11,11.7,,,,,,,,983.8,,2.2,,352,362.4,187.1,0,0,0,0,,,,
BASSTA,2009,10,28,12,12.9,,,,,,,,983.5,,1.7,,342,249.8,220.3,0,0,0,0,,,,
BASSTA,2009,10,28,13,14,,,,,,,,983.1,,1.7,,264,90.5,221,0,0,0,0,,,,
BASSTA,2009,10,28,14,14.5,,,,,,,,982.8,,1.8,,196,39.3,179.6,0,0,0,0,,,,
BASSTA,2009,10,28,15,13.9,,,,,,,,982.6,,1.5,,83,4.3,81.6,0,0,0,0,,,,
BASSTA,2009,10,28,16,12.6,,,,,,,,982.6,,1.8,,12,0.3,12,0,0,0,0,,,,
BASSTA,2009,10,28,17,11.6,,,,,,,,982.5,,2.4,,1,0,0,0,0,0,0,,,,
BASSTA,2009,10,28,18,11.1,,,,,,,,982.6,,2.6,,2,0,0,0,0,0,0,,,,
BASSTA,2009,10,28,19,10.5,,,,,,,,982.7,,2.3,,1,0,0,0,0,0,0,,,,
BASSTA,2009,10,28,20,9.5,,,,,,,,982.7,,1.8,,1,0,0,0,0,0,0,,,,
BASSTA,2009,10,28,21,9.2,,,,,,,,982.9,,1.9,,2,0,0,0,0,0,0,,,,
BASSTA,2009,10,28,22,9,,,,,,,,983,,2.1,,1,0,0,0,0,0,0,,,,
BASSTA,2009,10,28,23,8.2,,,,,,,,983,,1.8,,2,0,0,0,0,0,0,,,,
BASSTA,2009,10,29,0,8.2,,,,,,,,982.9,,2.4,,1,0,0,0,0,0,0,,,,
BASSTA,2009,10,29,1,7.6,,,,,,,,982.7,,2.3,,2,0,0,0,0,0,0,,,,
BASSTA,2009,10,29,2,7.8,,,,,,,,982.9,,2.2,,2,0,0,0,0,0,0,,,,
BASSTA,2009,10,29,3,7.2,,,,,,,,982.7,,1.5,,1,0,0,0,0,0,0,,,,
BASSTA,2009,10,29,4,6.7,,,,,,,,982.8,,1.8,,1,0,0,0,0,0,0,,,,
BASSTA,2009,10,29,5,6.1,,,,,,,,983.1,,2.2,,1,0,0,0,0,0,0,,,,
BASSTA,2009,10,29,6,6,,,,,,,,983.5,,2.1,,6,0,0,0,0,0,0,,,,
BASSTA,2009,10,29,7,6.5,,,,,,,,983.8,,2.3,,42,0,0,0,0,0,0,,,,
BASSTA,2009,10,29,8,7.1,,,,,,,,984.1,,2.1,,118,701.4,31.1,0,0,0,0,,,,
BASSTA,2009,10,29,9,8.8,,,,,,,,984.2,,1.6,,281,881.2,48.1,0,0,0,0,,,,
BASSTA,2009,10,29,10,10.5,,,,,,,,984.3,,1.5,,389,843.2,72.1,0,0,0,0,,,,
BASSTA,2009,10,29,11,12.3,,,,,,,,984.1,,0.8,,385,512.1,154.5,0,0,0,0,,,,
BASSTA,2009,10,29,12,14,,,,,,,,983.6,,0.7,,388,417.2,186.9,0,0,0,0,,,,
BASSTA,2009,10,29,13,14.7,,,,,,,,983.4,,1.6,,312,199.1,218.5,0,0,0,0,,,,
BASSTA,2009,10,29,14,15.1,,,,,,,,983.6,,1,,234,98.2,193.4,0,0,0,0,,,,
BASSTA,2009,10,29,15,14.4,,,,,,,,983.8,,1.5,,103,7.3,100.7,0,0,0,0,,,,
BASSTA,2009,10,29,16,12.8,,,,,,,,984,,1.1,,7,0.1,7,0,0,0,0,,,,
BASSTA,2009,10,29,17,11.3,,,,,,,,984.6,,2.3,,0,0,0,0,0,0,0,,,,
BASSTA,2009,10,29,18,10.2,,,,,,,,985.1,,2.1,,1,0,0,0,0,0,0,,,,
BASSTA,2009,10,29,19,9.1,,,,,,,,985.5,,1.7,,1,0,0,0,0,0,0,,,,
BASSTA,2009,10,29,20,8.4,,,,,,,,986.1,,2.1,,1,0,0,0,0,0,0,,,,
BASSTA,2009,10,29,21,8,,,,,,,,986.8,,2.3,,1,0,0,0,0,0,0,,,,
BASSTA,2009,10,29,22,7.9,,,,,,,,987.2,,1.2,,1,0,0,0,0,0,0,,,,
BASSTA,2009,10,29,23,7.9,,,,,,,,986.7,,0.6,,1,0,0,0,0,0,0,,,,
BASSTA,2009,10,30,0,8.1,,,,,,,,986.4,,0.8,,1,0,0,0,0,0,0,,,,
BASSTA,2009,10,30,1,8.2,,,,,,,,986.8,,0.8,,1,0,0,0,0,0,0,,,,
BASSTA,2009,10,30,2,8.3,,,,,,,,986.6,,0.2,,1,0,0,0,0,0,0,,,,
BASSTA,2009,10,30,3,8.5,,,,,,,,986.4,,0.5,,0,0,0,0,0,0,0,,,,
BASSTA,2009,10,30,4,8.5,,,,,,,,986.7,,0.5,,0,0,0,0,0,0,0,,,,
BASSTA,2009,10,30,5,8.7,,,,,,,,986.9,,0.7,,0,0,0,0,0,0,0,,,,
BASSTA,2009,10,30,6,9,,,,,,,,987.1,,2.3,,0,0,0,0,0,0,0,,,,
BASSTA,2009,10,30,7,8.9,,,,,,,,987.4,,3.1,,12,0,0,0,0,0,0,,,,
BASSTA,2009,10,30,8,8.8,,,,,,,,987.7,,3,,27,3.3,26.6,0,0,0,0,,,,
BASSTA,2009,10,30,9,9.2,,,,,,,,987.6,,2.7,,47,2.1,46.4,0,0,0,0,,,,
BASSTA,2009,10,30,10,9.5,,,,,,,,987.6,,3.3,,75,2.7,74,0,0,0,0,,,,
BASSTA,2009,10,30,11,9.6,,,,,,,,987.6,,3.9,,80,2.1,79.1,0,0,0,0,,,,
BASSTA,2009,10,30,12,9.8,,,,,,,,987.6,,3,,77,1.7,76.2,0,0,0,0,,,,
BASSTA,2009,10,30,13,10,,,,,,,,987.1,,3,,104,3.3,102.5,0,0,0,0,,,,
BASSTA,2009,10,30,14,10.1,,,,,,,,987,,2.8,,134,7.5,130.9,0,0,0,0,,,,
BASSTA,2009,10,30,15,10,,,,,,,,986.9,,3,,93,5.8,91.2,0,0,0,0,,,,
BASSTA,2009,10,30,16,9.6,,,,,,,,986.9,,3.3,,8,0.1,8,0,0,0,0,,,,
BASSTA,2009,10,30,17,9.8,,,,,,,,987.3,,2.6,,0,0,0,0,0,0,0,,,,
BASSTA,2009,10,30,18,9.4,,,,,,,,987.5,,1.9,,0,0,0,0,0,0,0,,,,
BASSTA,2009,10,30,19,7.1,,,,,,,,987.6,,1.6,,0,0,0,0,0,0,0,,,,
BASSTA,2009,10,30,20,6.3,,,,,,,,987.5,,0.9,,0,0,0,0,0,0,0,,,,
BASSTA,2009,10,30,21,5.6,,,,,,,,987.3,,1.1,,0,0,0,0,0,0,0,,,,
BASSTA,2009,10,30,22,4.7,,,,,,,,987.2,,1.2,,0,0,0,0,0,0,0,,,,
BASSTA,2009,10,30,23,4.4,,,,,,,,987.3,,1.4,,0,0,0,0,0,0,0,,,,
BASSTA,2009,10,31,0,3.8,,,,,,,,987.2,,1.1,,0,0,0,0,0,0,0,,,,
BASSTA,2009,10,31,1,3.3,,,,,,,,987.2,,1.6,,0,0,0,0,0,0,0,,,,
BASSTA,2009,10,31,2,2.8,,,,,,,,987,,1,,0,0,0,0,0,0,0,,,,
BASSTA,2009,10,31,3,2.9,,,,,,,,987.1,,1.6,,1,0,0,0,0,0,0,,,,
BASSTA,2009,10,31,4,2.4,,,,,,,,987.2,,1.4,,2,0,0,0,0,0,0,,,,
BASSTA,2009,10,31,5,2.5,,,,,,,,987.3,,0.8,,2,0,0,0,0,0,0,,,,
BASSTA,2009,10,31,6,3.2,,,,,,,,987.7,,0.6,,8,0,0,0,0,0,0,,,,
BASSTA,2009,10,31,7,4.4,,,,,,,,988.4,,0.5,,50,0,0,0,0,0,0,,,,
BASSTA,2009,10,31,8,5.9,,,,,,,,988.4,,0.4,,108,670.1,30.8,0,0,0,0,,,,
BASSTA,2009,10,31,9,8.4,,,,,,,,988.4,,0.7,,204,406.4,100.3,0,0,0,0,,,,
BASSTA,2009,10,31,10,9.9,,,,,,,,988.5,,1.1,,205,92.6,171.1,0,0,0,0,,,,
BASSTA,2009,10,31,11,11.3,,,,,,,,987.9,,0.5,,306,238.6,201,0,0,0,0,,,,
BASSTA,2009,10,31,12,13.1,,,,,,,,987.5,,1.4,,354,321.3,202.3,0,0,0,0,,,,
BASSTA,2009,10,31,13,13.9,,,,,,,,986.9,,1.6,,284,145.3,217.2,0,0,0,0,,,,
BASSTA,2009,10,31,14,13.4,,,,,,,,986.8,,1.3,,153,13.6,147.5,0,0,0,0,,,,
BASSTA,2009,10,31,15,12.9,,,,,,,,987.1,,1.2,,89,5.4,87.3,0,0,0,0,,,,
BASSTA,2009,10,31,16,11.6,,,,,,,,987.4,,0.8,,8,0.1,8,0,0,0,0,,,,
BASSTA,2009,10,31,17,11.4,,,,,,,,987.8,,1.6,,1,0,0,0,0,0,0,,,,
BASSTA,2009,10,31,18,10.7,,,,,,,,987.7,,1.7,,2,0,0,0,0,0,0,,,,
BASSTA,2009,10,31,19,10.1,,,,,,,,987.7,,1.7,,1,0,0,0,0,0,0,,,,
BASSTA,2009,10,31,20,9.1,,,,,,,,988,,0.9,,1,0,0,0,0,0,0,,,,
BASSTA,2009,10,31,21,8.4,,,,,,,,987.8,,1.2,,1,0,0,0,0,0,0,,,,
BASSTA,2009,10,31,22,7.6,,,,,,,,987.5,,1.4,,1,0,0,0,0,0,0,,,,
BASSTA,2009,10,31,23,7.6,,,,,,,,987.3,,2,,1,0,0,0,0,0,0,,,,
BASSTA,2009,11,1,0,7.3,,,,,,,,986.9,,2.6,,1,0,0,0,0,0,0,,,,
BASSTA,2009,11,1,1,6.7,,,,,,,,986.5,,2.6,,1,0,0,0,0,0,0,,,,
BASSTA,2009,11,1,2,6.2,,,,,,,,986.3,,2.2,,2,0,0,0,0,0,0,,,,
BASSTA,2009,11,1,3,5.5,,,,,,,,985.9,,2.1,,1,0,0,0,0,0,0,,,,
BASSTA,2009,11,1,4,5.5,,,,,,,,985.6,,3,,2,0,0,0,0,0,0,,,,
BASSTA,2009,11,1,5,5.8,,,,,,,,985.2,,2.9,,2,0,0,0,0,0,0,,,,
BASSTA,2009,11,1,6,6,,,,,,,,984.5,,3.3,,5,0,0,0,0,0,0,,,,
BASSTA,2009,11,1,7,6.3,,,,,,,,984.3,,3.7,,32,0,0,0,0,0,0,,,,
BASSTA,2009,11,1,8,6.9,,,,,,,,983.5,,3.9,,110,769.9,24.5,0,0,0,0,,,,
BASSTA,2009,11,1,9,8.6,,,,,,,,983.1,,2.6,,304,1012.8,50.2,0,0,0,0,,,,
BASSTA,2009,11,1,10,10.3,,,,,,,,982,,2.6,,392,904.4,65,0,0,0,0,,,,
BASSTA,2009,11,1,11,12,,,,,,,,980.5,,2.7,,405,656.2,119.3,0,0,0,0,,,,
BASSTA,2009,11,1,12,12.6,,,,,,,,978.9,,3.7,,339,282.8,206.9,0,0,0,0,,,,
BASSTA,2009,11,1,13,13.1,,,,,,,,977.8,,3.5,,253,90,212.1,0,0,0,0,,,,
BASSTA,2009,11,1,14,12.6,,,,,,,,976.6,,3.1,,124,6.4,121.4,0,0,0,0,,,,
BASSTA,2009,11,1,15,12.2,,,,,,,,975.6,,3.2,,52,1.9,51.4,0,0,0,0,,,,
BASSTA,2009,11,1,16,11.9,,,,,,,,974.5,,4.2,,8,0.1,8,0,0,0,0,,,,
BASSTA,2009,11,1,17,12,,,,,,,,973.7,,4,,2,0,0,0,0,0,0,,,,
BASSTA,2009,11,1,18,12.2,,,,,,,,972.9,,5,,2,0,0,0,0,0,0,,,,
BASSTA,2009,11,1,19,12.1,,,,,,,,972.1,,5.5,,1,0,0,0,0,0,0,,,,
BASSTA,2009,11,1,20,12.3,,,,,,,,971.2,,4.8,,2,0,0,0,0,0,0,,,,
BASSTA,2009,11,1,21,12.2,,,,,,,,970.6,,3.4,,2,0,0,0,0,0,0,,,,
BASSTA,2009,11,1,22,12,,,,,,,,969.9,,2.2,,2,0,0,0,0,0,0,,,,
BASSTA,2009,11,1,23,11.2,,,,,,,,969.1,,3.4,,1,0,0,0,0,0,0,,,,
BASSTA,2009,11,2,0,10.9,,,,,,,,969.4,,1.7,,1,0,0,0,0,0,0,,,,
BASSTA,2009,11,2,1,10.6,,,,,,,,969.3,,2.7,,2,0,0,0,0,0,0,,,,
BASSTA,2009,11,2,2,10.6,,,,,,,,969.6,,3.1,,2,0,0,0,0,0,0,,,,
BASSTA,2009,11,2,3,11.3,,,,,,,,969.7,,2.1,,1,0,0,0,0,0,0,,,,
BASSTA,2009,11,2,4,11,,,,,,,,969.4,,2.4,,1,0,0,0,0,0,0,,,,
BASSTA,2009,11,2,5,11,,,,,,,,969,,2,,1,0,0,0,0,0,0,,,,
BASSTA,2009,11,2,6,11.2,,,,,,,,968.3,,2.5,,1,0,0,0,0,0,0,,,,
BASSTA,2009,11,2,7,11.4,,,,,,,,968.2,,0.8,,10,0,0,0,0,0,0,,,,
BASSTA,2009,11,2,8,11.3,,,,,,,,968.6,,3.2,,22,2.8,21.7,0,0,0,0,,,,
BASSTA,2009,11,2,9,10.8,,,,,,,,969,,3.3,,33,1.2,32.7,0,0,0,0,,,,
BASSTA,2009,11,2,10,10.5,,,,,,,,968.4,,1.5,,52,1.4,51.5,0,0,0,0,,,,
BASSTA,2009,11,2,11,10.3,,,,,,,,968,,3.4,,60,1.3,59.5,0,0,0,0,,,,
BASSTA,2009,11,2,12,10.2,,,,,,,,968,,2.6,,54,0.9,53.6,0,0,0,0,,,,
BASSTA,2009,11,2,13,8.5,,,,,,,,968.8,,6.2,,46,0.7,45.7,0,0,0,0,,,,
BASSTA,2009,11,2,14,7.9,,,,,,,,969.7,,5,,36,0.5,35.8,0,0,0,0,,,,
BASSTA,2009,11,2,15,7.5,,,,,,,,970.2,,4.4,,39,1.1,38.7,0,0,0,0,,,,
BASSTA,2009,11,2,16,7.8,,,,,,,,970.6,,3.4,,14,0.4,13.9,0,0,0,0,,,,
BASSTA,2009,11,2,17,7.3,,,,,,,,970.7,,2.8,,1,0,0,0,0,0,0,,,,
BASSTA,2009,11,2,18,6.8,,,,,,,,971,,3.7,,1,0,0,0,0,0,0,,,,
BASSTA,2009,11,2,19,6.1,,,,,,,,970.4,,3.3,,1,0,0,0,0,0,0,,,,
BASSTA,2009,11,2,20,6.9,,,,,,,,970.3,,3,,1,0,0,0,0,0,0,,,,
BASSTA,2009,11,2,21,6.8,,,,,,,,969.9,,2.4,,1,0,0,0,0,0,0,,,,
BASSTA,2009,11,2,22,6,,,,,,,,969,,2.3,,1,0,0,0,0,0,0,,,,
BASSTA,2009,11,2,23,5.8,,,,,,,,968,,2,,1,0,0,0,0,0,0,,,,
BASSTA,2009,11,3,0,5.9,,,,,,,,967.2,,2.1,,1,0,0,0,0,0,0,,,,
BASSTA,2009,11,3,1,5.6,,,,,,,,966.6,,2.6,,1,0,0,0,0,0,0,,,,
BASSTA,2009,11,3,2,5.5,,,,,,,,966.4,,1,,1,0,0,0,0,0,0,,,,
BASSTA,2009,11,3,3,5.6,,,,,,,,966.3,,0.6,,2,0,0,0,0,0,0,,,,
BASSTA,2009,11,3,4,5.7,,,,,,,,966.2,,0.8,,2,0,0,0,0,0,0,,,,
BASSTA,2009,11,3,5,5.4,,,,,,,,966.1,,0.7,,1,0,0,0,0,0,0,,,,
BASSTA,2009,11,3,6,5.6,,,,,,,,966.4,,0.8,,2,0,0,0,0,0,0,,,,
BASSTA,2009,11,3,7,6,,,,,,,,966.6,,0.5,,37,0,0,0,0,0,0,,,,
BASSTA,2009,11,3,8,7,,,,,,,,966.5,,1.1,,110,891.8,18.6,0,0,0,0,,,,
BASSTA,2009,11,3,9,8.2,,,,,,,,966.5,,0.9,,181,318.8,104,0,0,0,0,,,,
BASSTA,2009,11,3,10,8.9,,,,,,,,966,,1,,245,238.4,161,0,0,0,0,,,,
BASSTA,2009,11,3,11,10,,,,,,,,965.3,,1.9,,245,104.6,200.5,0,0,0,0,,,,
BASSTA,2009,11,3,12,10.4,,,,,,,,964.5,,2.7,,194,23.4,183.3,0,0,0,0,,,,
BASSTA,2009,11,3,13,10.8,,,,,,,,963.8,,2,,164,11.9,158.7,0,0,0,0,,,,
BASSTA,2009,11,3,14,10.8,,,,,,,,963.2,,2,,87,3.2,85.7,0,0,0,0,,,,
BASSTA,2009,11,3,15,10.4,,,,,,,,962.8,,2.2,,44,1.5,43.6,0,0,0,0,,,,
BASSTA,2009,11,3,16,10,,,,,,,,962.6,,1.7,,3,0,3,0,0,0,0,,,,
BASSTA,2009,11,3,17,9.7,,,,,,,,962.3,,2.3,,1,0,0,0,0,0,0,,,,
BASSTA,2009,11,3,18,9.1,,,,,,,,961.9,,3,,2,0,0,0,0,0,0,,,,
BASSTA,2009,11,3,19,9.4,,,,,,,,961.5,,2.2,,2,0,0,0,0,0,0,,,,
BASSTA,2009,11,3,20,9.6,,,,,,,,961,,2.3,,2,0,0,0,0,0,0,,,,
BASSTA,2009,11,3,21,9.5,,,,,,,,960.1,,2.6,,2,0,0,0,0,0,0,,,,
BASSTA,2009,11,3,22,10,,,,,,,,959.3,,1.2,,2,0,0,0,0,0,0,,,,
BASSTA,2009,11,3,23,9.9,,,,,,,,958.3,,1.8,,2,0,0,0,0,0,0,,,,
BASSTA,2009,11,4,0,11,,,,,,,,956.5,,3,,2,0,0,0,0,0,0,,,,
BASSTA,2009,11,4,1,12.3,,,,,,,,955,,4.2,,2,0,0,0,0,0,0,,,,
BASSTA,2009,11,4,2,12.3,,,,,,,,953.8,,5.4,,1,0,0,0,0,0,0,,,,
BASSTA,2009,11,4,3,12.2,,,,,,,,953.5,,5.5,,1,0,0,0,0,0,0,,,,
BASSTA,2009,11,4,4,12.3,,,,,,,,954.4,,7.3,,1,0,0,0,0,0,0,,,,
BASSTA,2009,11,4,5,11,,,,,,,,955.7,,7.8,,1,0,0,0,0,0,0,,,,
BASSTA,2009,11,4,6,10.4,,,,,,,,957.2,,5.4,,2,0,0,0,0,0,0,,,,
BASSTA,2009,11,4,7,10.1,,,,,,,,958,,5.5,,24,0,0,0,0,0,0,,,,
BASSTA,2009,11,4,8,9.4,,,,,,,,958.8,,6.8,,58,117,46.5,0,0,0,0,,,,
BASSTA,2009,11,4,9,9.6,,,,,,,,959.4,,5.3,,176,307.2,103.2,0,0,0,0,,,,
BASSTA,2009,11,4,10,9.5,,,,,,,,960,,5.9,,143,20.1,136,0,0,0,0,,,,
BASSTA,2009,11,4,11,9.9,,,,,,,,960.1,,5,,320,335.9,178.5,0,0,0,0,,,,
BASSTA,2009,11,4,12,11.3,,,,,,,,960,,7.5,,309,220.3,209.3,0,0,0,0,,,,
BASSTA,2009,11,4,13,11.1,,,,,,,,960,,5.3,,240,81.3,204.2,0,0,0,0,,,,
BASSTA,2009,11,4,14,11.6,,,,,,,,959.9,,4.9,,211,84,178.7,0,0,0,0,,,,
BASSTA,2009,11,4,15,10.8,,,,,,,,959.9,,3.5,,106,11.6,102.6,0,0,0,0,,,,
BASSTA,2009,11,4,16,8.8,,,,,,,,960.1,,1.9,,7,0.1,7,0,0,0,0,,,,
BASSTA,2009,11,4,17,8,,,,,,,,960.6,,2.1,,1,0,0,0,0,0,0,,,,
BASSTA,2009,11,4,18,9,,,,,,,,960.9,,2.9,,1,0,0,0,0,0,0,,,,
BASSTA,2009,11,4,19,8,,,,,,,,961.3,,4.3,,1,0,0,0,0,0,0,,,,
BASSTA,2009,11,4,20,7.6,,,,,,,,961.7,,1.8,,1,0,0,0,0,0,0,,,,
BASSTA,2009,11,4,21,7.4,,,,,,,,961.8,,2.7,,1,0,0,0,0,0,0,,,,
BASSTA,2009,11,4,22,7.8,,,,,,,,962.1,,1.8,,1,0,0,0,0,0,0,,,,
BASSTA,2009,11,4,23,7.6,,,,,,,,962.4,,2.9,,1,0,0,0,0,0,0,,,,
BASSTA,2009,11,5,0,7.3,,,,,,,,962.5,,2.8,,1,0,0,0,0,0,0,,,,
BASSTA,2009,11,5,1,6.7,,,,,,,,962.5,,2.3,,1,0,0,0,0,0,0,,,,
BASSTA,2009,11,5,2,6.6,,,,,,,,962.6,,1.6,,1,0,0,0,0,0,0,,,,
BASSTA,2009,11,5,3,7,,,,,,,,962.9,,1.9,,2,0,0,0,0,0,0,,,,
BASSTA,2009,11,5,4,7,,,,,,,,963,,1.9,,1,0,0,0,0,0,0,,,,
BASSTA,2009,11,5,5,5.5,,,,,,,,963.1,,1.4,,1,0,0,0,0,0,0,,,,
BASSTA,2009,11,5,6,5.6,,,,,,,,963.5,,2.9,,5,0,0,0,0,0,0,,,,
BASSTA,2009,11,5,7,5.9,,,,,,,,964.2,,2,,65,0,0,0,0,0,0,,,,
BASSTA,2009,11,5,8,6.9,,,,,,,,964.6,,2.2,,124,1099.7,20.5,0,0,0,0,,,,
BASSTA,2009,11,5,9,8.2,,,,,,,,964.5,,1.7,,202,532.5,78.1,0,0,0,0,,,,
BASSTA,2009,11,5,10,11,,,,,,,,964.5,,2.7,,283,450.8,128.4,0,0,0,0,,,,
BASSTA,2009,11,5,11,11.9,,,,,,,,964.2,,3.9,,324,366.2,171.5,0,0,0,0,,,,
BASSTA,2009,11,5,12,11.6,,,,,,,,964.2,,3.8,,199,29.5,185.8,0,0,0,0,,,,
BASSTA,2009,11,5,13,11,,,,,,,,964.3,,4,,167,14.2,160.8,0,0,0,0,,,,
BASSTA,2009,11,5,14,10.7,,,,,,,,964.6,,3.1,,121,6.8,118.4,0,0,0,0,,,,
BASSTA,2009,11,5,15,9.7,,,,,,,,965,,1.8,,79,5,77.6,0,0,0,0,,,,
BASSTA,2009,11,5,16,7.9,,,,,,,,965.7,,2,,3,0,3,0,0,0,0,,,,
BASSTA,2009,11,5,17,6.2,,,,,,,,966.4,,1.8,,1,0,0,0,0,0,0,,,,
BASSTA,2009,11,5,18,6.5,,,,,,,,967.1,,1.5,,1,0,0,0,0,0,0,,,,
BASSTA,2009,11,5,19,5.5,,,,,,,,967.7,,0.5,,1,0,0,0,0,0,0,,,,
BASSTA,2009,11,5,20,5.3,,,,,,,,968.2,,1.5,,1,0,0,0,0,0,0,,,,
BASSTA,2009,11,5,21,6,,,,,,,,968.7,,1.3,,1,0,0,0,0,0,0,,,,
BASSTA,2009,11,5,22,6.1,,,,,,,,969,,1.5,,1,0,0,0,0,0,0,,,,
BASSTA,2009,11,5,23,5.9,,,,,,,,969.2,,2.2,,1,0,0,0,0,0,0,,,,
BASSTA,2009,11,6,0,5.5,,,,,,,,969.4,,2.1,,1,0,0,0,0,0,0,,,,
BASSTA,2009,11,6,1,5.6,,,,,,,,969.8,,1.4,,2,0,0,0,0,0,0,,,,
BASSTA,2009,11,6,2,5.5,,,,,,,,969.9,,1.5,,1,0,0,0,0,0,0,,,,
BASSTA,2009,11,6,3,5.4,,,,,,,,970.1,,1.8,,2,0,0,0,0,0,0,,,,
BASSTA,2009,11,6,4,5.6,,,,,,,,970.5,,1.5,,2,0,0,0,0,0,0,,,,
BASSTA,2009,11,6,5,5.2,,,,,,,,970.8,,1.5,,2,0,0,0,0,0,0,,,,
BASSTA,2009,11,6,6,5.1,,,,,,,,971.5,,1.9,,3,0,0,0,0,0,0,,,,
BASSTA,2009,11,6,7,5.6,,,,,,,,972.2,,2.1,,33,0,0,0,0,0,0,,,,
BASSTA,2009,11,6,8,6.4,,,,,,,,972.7,,1.4,,109,1011.3,18,0,0,0,0,,,,
BASSTA,2009,11,6,9,8,,,,,,,,973,,1,,254,928.8,42,0,0,0,0,,,,
BASSTA,2009,11,6,10,9.1,,,,,,,,973.2,,0.6,,209,143.4,160.5,0,0,0,0,,,,
BASSTA,2009,11,6,11,9.6,,,,,,,,972.9,,2.1,,192,37.6,176.5,0,0,0,0,,,,
BASSTA,2009,11,6,12,10.2,,,,,,,,973,,2.3,,251,96.6,208.2,0,0,0,0,,,,
BASSTA,2009,11,6,13,9.7,,,,,,,,973,,1.8,,112,4.4,110.1,0,0,0,0,,,,
BASSTA,2009,11,6,14,10,,,,,,,,973,,1.2,,127,8.3,123.9,0,0,0,0,,,,
BASSTA,2009,11,6,15,9.5,,,,,,,,973.2,,1.1,,102,11.2,98.9,0,0,0,0,,,,
BASSTA,2009,11,6,16,7,,,,,,,,973.3,,1.2,,6,0.1,6,0,0,0,0,,,,
BASSTA,2009,11,6,17,6.1,,,,,,,,973.7,,2.2,,2,0,0,0,0,0,0,,,,
BASSTA,2009,11,6,18,5.8,,,,,,,,974,,1.3,,2,0,0,0,0,0,0,,,,
BASSTA,2009,11,6,19,4.4,,,,,,,,973.8,,0.5,,2,0,0,0,0,0,0,,,,
BASSTA,2009,11,6,20,4.1,,,,,,,,973.6,,1,,2,0,0,0,0,0,0,,,,
BASSTA,2009,11,6,21,4,,,,,,,,973.3,,1.5,,2,0,0,0,0,0,0,,,,
BASSTA,2009,11,6,22,3.7,,,,,,,,972.6,,1.8,,2,0,0,0,0,0,0,,,,
BASSTA,2009,11,6,23,3.4,,,,,,,,972.1,,2.3,,2,0,0,0,0,0,0,,,,
BASSTA,2009,11,7,0,3.2,,,,,,,,971.3,,2.8,,2,0,0,0,0,0,0,,,,
BASSTA,2009,11,7,1,2.5,,,,,,,,970.4,,3,,2,0,0,0,0,0,0,,,,
BASSTA,2009,11,7,2,2.1,,,,,,,,969.5,,2.3,,2,0,0,0,0,0,0,,,,
BASSTA,2009,11,7,3,2.3,,,,,,,,968.5,,3.7,,2,0,0,0,0,0,0,,,,
BASSTA,2009,11,7,4,2.5,,,,,,,,967.4,,4.3,,1,0,0,0,0,0,0,,,,
BASSTA,2009,11,7,5,3,,,,,,,,966.8,,3.2,,2,0,0,0,0,0,0,,,,
BASSTA,2009,11,7,6,3.3,,,,,,,,966.5,,2.7,,3,0,0,0,0,0,0,,,,
BASSTA,2009,11,7,7,3.6,,,,,,,,967,,2.2,,28,0,0,0,0,0,0,,,,
BASSTA,2009,11,7,8,4.2,,,,,,,,966.3,,4.5,,41,42.2,37.4,0,0,0,0,,,,
BASSTA,2009,11,7,9,5,,,,,,,,965.8,,4.2,,70,6.5,68.6,0,0,0,0,,,,
BASSTA,2009,11,7,10,5.7,,,,,,,,965.7,,3.7,,79,3.6,77.8,0,0,0,0,,,,
BASSTA,2009,11,7,11,6.8,,,,,,,,965.1,,2.7,,166,19.1,158.2,0,0,0,0,,,,
BASSTA,2009,11,7,12,8.5,,,,,,,,964.7,,2.8,,292,197.5,205.4,0,0,0,0,,,,
BASSTA,2009,11,7,13,9.2,,,,,,,,964.1,,2.6,,182,24,171.8,0,0,0,0,,,,
BASSTA,2009,11,7,14,9.1,,,,,,,,964,,1.8,,78,2.9,76.9,0,0,0,0,,,,
BASSTA,2009,11,7,15,8.6,,,,,,,,964,,2,,28,0.7,27.8,0,0,0,0,,,,
BASSTA,2009,11,7,16,7.8,,,,,,,,964.3,,1.3,,1,0,1,0,0,0,0,,,,
BASSTA,2009,11,7,17,7.5,,,,,,,,965,,1.4,,2,0,0,0,0,0,0,,,,
BASSTA,2009,11,7,18,6.7,,,,,,,,965.7,,2.9,,1,0,0,0,0,0,0,,,,
BASSTA,2009,11,7,19,6.5,,,,,,,,966.1,,1.6,,2,0,0,0,0,0,0,,,,
BASSTA,2009,11,7,20,6.3,,,,,,,,966.7,,2.7,,1,0,0,0,0,0,0,,,,
BASSTA,2009,11,7,21,5.8,,,,,,,,967.1,,3.3,,2,0,0,0,0,0,0,,,,
BASSTA,2009,11,7,22,5.6,,,,,,,,967.5,,2,,1,0,0,0,0,0,0,,,,
BASSTA,2009,11,7,23,5.7,,,,,,,,967.7,,0.6,,1,0,0,0,0,0,0,,,,
BASSTA,2009,11,8,0,5.8,,,,,,,,967.9,,0.8,,2,0,0,0,0,0,0,,,,
BASSTA,2009,11,8,1,6,,,,,,,,968,,1.9,,2,0,0,0,0,0,0,,,,
BASSTA,2009,11,8,2,5.9,,,,,,,,967.9,,1,,2,0,0,0,0,0,0,,,,
BASSTA,2009,11,8,3,5.8,,,,,,,,967.5,,0.7,,1,0,0,0,0,0,0,,,,
BASSTA,2009,11,8,4,5.7,,,,,,,,967.2,,0.9,,1,0,0,0,0,0,0,,,,
BASSTA,2009,11,8,5,5.5,,,,,,,,966.7,,1.5,,1,0,0,0,0,0,0,,,,
BASSTA,2009,11,8,6,5.2,,,,,,,,966.5,,1.3,,2,0,0,0,0,0,0,,,,
BASSTA,2009,11,8,7,5.1,,,,,,,,966.6,,1.7,,51,0,0,0,0,0,0,,,,
BASSTA,2009,11,8,8,5.4,,,,,,,,966.7,,1.4,,102,1041.2,16.8,0,0,0,0,,,,
BASSTA,2009,11,8,9,6.1,,,,,,,,966.5,,1,,168,342.9,92.7,0,0,0,0,,,,
BASSTA,2009,11,8,10,6.6,,,,,,,,966.4,,0.8,,159,44.5,144.3,0,0,0,0,,,,
BASSTA,2009,11,8,11,7,,,,,,,,965.9,,0.7,,162,17.8,154.8,0,0,0,0,,,,
BASSTA,2009,11,8,12,7.3,,,,,,,,965.5,,2,,133,6.2,130.3,0,0,0,0,,,,
BASSTA,2009,11,8,13,7.2,,,,,,,,965.4,,2,,87,2.8,85.8,0,0,0,0,,,,
BASSTA,2009,11,8,14,6.9,,,,,,,,965.4,,1.9,,18,0.2,17.9,0,0,0,0,,,,
BASSTA,2009,11,8,15,6.6,,,,,,,,965.4,,2.2,,6,0,6,0,0,0,0,,,,
BASSTA,2009,11,8,16,6.7,,,,,,,,965.6,,2.1,,1,0,1,0,0,0,0,,,,
BASSTA,2009,11,8,17,6.6,,,,,,,,966,,2,,1,0,0,0,0,0,0,,,,
BASSTA,2009,11,8,18,6.6,,,,,,,,966.1,,1.7,,1,0,0,0,0,0,0,,,,
BASSTA,2009,11,8,19,6.6,,,,,,,,966.3,,1.8,,1,0,0,0,0,0,0,,,,
BASSTA,2009,11,8,20,6.5,,,,,,,,966.4,,2.1,,1,0,0,0,0,0,0,,,,
BASSTA,2009,11,8,21,6.6,,,,,,,,966.6,,2.5,,1,0,0,0,0,0,0,,,,
BASSTA,2009,11,8,22,6.4,,,,,,,,966.9,,1.8,,1,0,0,0,0,0,0,,,,
BASSTA,2009,11,8,23,6.3,,,,,,,,967.5,,1,,1,0,0,0,0,0,0,,,,
BASSTA,2009,11,9,0,5.6,,,,,,,,967.6,,2.4,,1,0,0,0,0,0,0,,,,
BASSTA,2009,11,9,1,5.3,,,,,,,,967.9,,2.4,,1,0,0,0,0,0,0,,,,
BASSTA,2009,11,9,2,5.1,,,,,,,,968.1,,2.4,,1,0,0,0,0,0,0,,,,
BASSTA,2009,11,9,3,5.1,,,,,,,,968.5,,1.9,,2,0,0,0,0,0,0,,,,
BASSTA,2009,11,9,4,5,,,,,,,,968.9,,1.2,,1,0,0,0,0,0,0,,,,
BASSTA,2009,11,9,5,5.1,,,,,,,,969,,1.6,,1,0,0,0,0,0,0,,,,
BASSTA,2009,11,9,6,5.1,,,,,,,,969.4,,2.1,,2,0,0,0,0,0,0,,,,
BASSTA,2009,11,9,7,5.4,,,,,,,,970.1,,1.6,,11,0,0,0,0,0,0,,,,
BASSTA,2009,11,9,8,5.8,,,,,,,,970.4,,2.3,,29,12.4,28,0,0,0,0,,,,
BASSTA,2009,11,9,9,6.1,,,,,,,,970.8,,1.7,,44,2.7,43.4,0,0,0,0,,,,
BASSTA,2009,11,9,10,6,,,,,,,,971.1,,2.6,,20,0.2,19.9,0,0,0,0,,,,
BASSTA,2009,11,9,11,5.9,,,,,,,,971.3,,2.8,,57,1.3,56.5,0,0,0,0,,,,
BASSTA,2009,11,9,12,5.7,,,,,,,,971.7,,1.9,,74,1.9,73.2,0,0,0,0,,,,
BASSTA,2009,11,9,13,5.3,,,,,,,,972,,1.6,,44,0.7,43.7,0,0,0,0,,,,
BASSTA,2009,11,9,14,5,,,,,,,,972.4,,1.6,,29,0.4,28.8,0,0,0,0,,,,
BASSTA,2009,11,9,15,4.9,,,,,,,,972.8,,1.2,,11,0.1,11,0,0,0,0,,,,
BASSTA,2009,11,9,16,4.5,,,,,,,,973.3,,0.7,,3,0,3,0,0,0,0,,,,
BASSTA,2009,11,9,17,4.5,,,,,,,,973.8,,1.3,,2,0,0,0,0,0,0,,,,
BASSTA,2009,11,9,18,4.3,,,,,,,,974.1,,1.6,,1,0,0,0,0,0,0,,,,
BASSTA,2009,11,9,19,4.3,,,,,,,,974.4,,1.6,,2,0,0,0,0,0,0,,,,
BASSTA,2009,11,9,20,4.4,,,,,,,,974.8,,1.6,,1,0,0,0,0,0,0,,,,
BASSTA,2009,11,9,21,4.1,,,,,,,,974.9,,2.5,,1,0,0,0,0,0,0,,,,
BASSTA,2009,11,9,22,3.9,,,,,,,,975,,2,,2,0,0,0,0,0,0,,,,
BASSTA,2009,11,9,23,3.9,,,,,,,,975.1,,2,,1,0,0,0,0,0,0,,,,
BASSTA,2009,11,10,0,3.8,,,,,,,,974.9,,2.4,,1,0,0,0,0,0,0,,,,
BASSTA,2009,11,10,1,4,,,,,,,,975.2,,1,,1,0,0,0,0,0,0,,,,
BASSTA,2009,11,10,2,4.1,,,,,,,,975.1,,1.6,,1,0,0,0,0,0,0,,,,
BASSTA,2009,11,10,3,4.3,,,,,,,,975.1,,1.6,,2,0,0,0,0,0,0,,,,
BASSTA,2009,11,10,4,4.5,,,,,,,,975,,1.3,,3,0,0,0,0,0,0,,,,
BASSTA,2009,11,10,5,4.6,,,,,,,,975.1,,0.6,,2,0,0,0,0,0,0,,,,
BASSTA,2009,11,10,6,4.7,,,,,,,,975.2,,1.5,,3,0,0,0,0,0,0,,,,
BASSTA,2009,11,10,7,4.8,,,,,,,,975.4,,0.8,,10,0,0,0,0,0,0,,,,
BASSTA,2009,11,10,8,5,,,,,,,,975.4,,1.3,,25,8.3,24.4,0,0,0,0,,,,
BASSTA,2009,11,10,9,5.3,,,,,,,,975.5,,0.8,,36,1.9,35.6,0,0,0,0,,,,
BASSTA,2009,11,10,10,5.5,,,,,,,,975.5,,0.8,,51,1.6,50.5,0,0,0,0,,,,
BASSTA,2009,11,10,11,5.7,,,,,,,,975.2,,1.5,,59,1.5,58.4,0,0,0,0,,,,
BASSTA,2009,11,10,12,5.9,,,,,,,,974.8,,1.8,,40,0.6,39.8,0,0,0,0,,,,
BASSTA,2009,11,10,13,5.8,,,,,,,,974.6,,2,,31,0.4,30.8,0,0,0,0,,,,
BASSTA,2009,11,10,14,6.1,,,,,,,,974.4,,1.7,,45,1,44.6,0,0,0,0,,,,
BASSTA,2009,11,10,15,6.1,,,,,,,,974.3,,1.8,,12,0.1,12,0,0,0,0,,,,
BASSTA,2009,11,10,16,5.8,,,,,,,,974.3,,2,,3,0,3,0,0,0,0,,,,
BASSTA,2009,11,10,17,5.7,,,,,,,,974.6,,1.7,,2,0,0,0,0,0,0,,,,
BASSTA,2009,11,10,18,5.7,,,,,,,,974.5,,1.6,,3,0,0,0,0,0,0,,,,
BASSTA,2009,11,10,19,5.6,,,,,,,,974.6,,1.9,,3,0,0,0,0,0,0,,,,
BASSTA,2009,11,10,20,5.6,,,,,,,,974.7,,1.2,,3,0,0,0,0,0,0,,,,
BASSTA,2009,11,10,21,5.5,,,,,,,,974.7,,0.7,,3,0,0,0,0,0,0,,,,
BASSTA,2009,11,10,22,5.6,,,,,,,,974.5,,0.7,,3,0,0,0,0,0,0,,,,
BASSTA,2009,11,10,23,5.4,,,,,,,,974.3,,0.7,,3,0,0,0,0,0,0,,,,
BASSTA,2009,11,11,0,5.4,,,,,,,,974.2,,0.7,,2,0,0,0,0,0,0,,,,
BASSTA,2009,11,11,1,5.4,,,,,,,,974.2,,0.7,,3,0,0,0,0,0,0,,,,
BASSTA,2009,11,11,2,5.5,,,,,,,,974,,0.4,,3,0,0,0,0,0,0,,,,
BASSTA,2009,11,11,3,5.5,,,,,,,,973.9,,0.6,,2,0,0,0,0,0,0,,,,
BASSTA,2009,11,11,4,5.5,,,,,,,,974,,0.3,,2,0,0,0,0,0,0,,,,
BASSTA,2009,11,11,5,5.5,,,,,,,,973.9,,0.7,,2,0,0,0,0,0,0,,,,
BASSTA,2009,11,11,6,5.6,,,,,,,,973.9,,0.7,,2,0,0,0,0,0,0,,,,
BASSTA,2009,11,11,7,5.8,,,,,,,,974.2,,0.8,,21,0,0,0,0,0,0,,,,
BASSTA,2009,11,11,8,6.2,,,,,,,,974.2,,1,,75,893.1,12.7,0,0,0,0,,,,
BASSTA,2009,11,11,9,6.5,,,,,,,,974.3,,0.7,,75,10.9,72.7,0,0,0,0,,,,
BASSTA,2009,11,11,10,6.7,,,,,,,,974.3,,0.2,,67,2.9,66.1,0,0,0,0,,,,
BASSTA,2009,11,11,11,7.2,,,,,,,,973.8,,0.2,,133,8.6,129.7,0,0,0,0,,,,
BASSTA,2009,11,11,12,7.5,,,,,,,,973.6,,0.3,,147,9.3,143.1,0,0,0,0,,,,
BASSTA,2009,11,11,13,8,,,,,,,,973.4,,0.6,,247,129,194.3,0,0,0,0,,,,
BASSTA,2009,11,11,14,8.4,,,,,,,,973.4,,0.7,,196,86.5,165.4,0,0,0,0,,,,
BASSTA,2009,11,11,15,8,,,,,,,,973.5,,0.8,,75,5.4,73.6,0,0,0,0,,,,
BASSTA,2009,11,11,16,6.6,,,,,,,,973.8,,1,,4,0.1,4,0,0,0,0,,,,
BASSTA,2009,11,11,17,4.9,,,,,,,,974,,2,,1,0,0,0,0,0,0,,,,
BASSTA,2009,11,11,18,4.2,,,,,,,,974.4,,1.9,,1,0,0,0,0,0,0,,,,
BASSTA,2009,11,11,19,3.8,,,,,,,,974.8,,1.1,,1,0,0,0,0,0,0,,,,
BASSTA,2009,11,11,20,2.7,,,,,,,,975.2,,0.8,,1,0,0,0,0,0,0,,,,
BASSTA,2009,11,11,21,2.9,,,,,,,,974.8,,1.5,,1,0,0,0,0,0,0,,,,
BASSTA,2009,11,11,22,2.9,,,,,,,,974.6,,2.3,,1,0,0,0,0,0,0,,,,
BASSTA,2009,11,11,23,2.6,,,,,,,,974.9,,2.4,,1,0,0,0,0,0,0,,,,
BASSTA,2009,11,12,0,1.8,,,,,,,,975,,1.8,,1,0,0,0,0,0,0,,,,
BASSTA,2009,11,12,1,1.9,,,,,,,,974.8,,2.7,,1,0,0,0,0,0,0,,,,
BASSTA,2009,11,12,2,1.4,,,,,,,,974.4,,2.8,,1,0,0,0,0,0,0,,,,
BASSTA,2009,11,12,3,1.7,,,,,,,,974.2,,3.1,,3,0,0,0,0,0,0,,,,
BASSTA,2009,11,12,4,2.1,,,,,,,,973.8,,4.1,,2,0,0,0,0,0,0,,,,
BASSTA,2009,11,12,5,2.6,,,,,,,,973.8,,4.4,,3,0,0,0,0,0,0,,,,
BASSTA,2009,11,12,6,3,,,,,,,,973.6,,4.9,,3,0,0,0,0,0,0,,,,
BASSTA,2009,11,12,7,3.6,,,,,,,,974.3,,3.5,,25,0,0,0,0,0,0,,,,
BASSTA,2009,11,12,8,3.5,,,,,,,,975.1,,2.9,,38,104.6,31.1,0,0,0,0,,,,
BASSTA,2009,11,12,9,4,,,,,,,,975.6,,2.3,,62,6.1,60.8,0,0,0,0,,,,
BASSTA,2009,11,12,10,4.4,,,,,,,,976.1,,1.6,,88,5.1,86.4,0,0,0,0,,,,
BASSTA,2009,11,12,11,5.2,,,,,,,,976.3,,1.6,,93,3.8,91.6,0,0,0,0,,,,
BASSTA,2009,11,12,12,6.2,,,,,,,,976.3,,0.9,,147,9.7,143,0,0,0,0,,,,
BASSTA,2009,11,12,13,7.6,,,,,,,,976,,1.3,,187,35.6,172.6,0,0,0,0,,,,
BASSTA,2009,11,12,14,7.8,,,,,,,,976.1,,2,,127,11,123.2,0,0,0,0,,,,
BASSTA,2009,11,12,15,8.1,,,,,,,,976.1,,2.2,,27,0.7,26.8,0,0,0,0,,,,
BASSTA,2009,11,12,16,7.9,,,,,,,,976.2,,2.7,,3,0,3,0,0,0,0,,,,
BASSTA,2009,11,12,17,7.8,,,,,,,,976.6,,1.7,,3,0,0,0,0,0,0,,,,
BASSTA,2009,11,12,18,7.6,,,,,,,,976.9,,1.9,,3,0,0,0,0,0,0,,,,
BASSTA,2009,11,12,19,7.8,,,,,,,,977.1,,3,,3,0,0,0,0,0,0,,,,
BASSTA,2009,11,12,20,7.8,,,,,,,,977.3,,2.8,,3,0,0,0,0,0,0,,,,
BASSTA,2009,11,12,21,7.8,,,,,,,,977.2,,4.1,,3,0,0,0,0,0,0,,,,
BASSTA,2009,11,12,22,7.9,,,,,,,,977.4,,4.2,,3,0,0,0,0,0,0,,,,
BASSTA,2009,11,12,23,7.9,,,,,,,,977.3,,3.9,,3,0,0,0,0,0,0,,,,
BASSTA,2009,11,13,0,8,,,,,,,,977.6,,3.4,,3,0,0,0,0,0,0,,,,
BASSTA,2009,11,13,1,8.1,,,,,,,,977.7,,3.5,,3,0,0,0,0,0,0,,,,
BASSTA,2009,11,13,2,8.3,,,,,,,,977.7,,3.7,,3,0,0,0,0,0,0,,,,
BASSTA,2009,11,13,3,8.4,,,,,,,,977.5,,3.9,,2,0,0,0,0,0,0,,,,
BASSTA,2009,11,13,4,8.5,,,,,,,,977.7,,4.4,,1,0,0,0,0,0,0,,,,
BASSTA,2009,11,13,5,8.5,,,,,,,,977.7,,4,,1,0,0,0,0,0,0,,,,
BASSTA,2009,11,13,6,8.6,,,,,,,,977.9,,4.1,,3,0,0,0,0,0,0,,,,
BASSTA,2009,11,13,7,8.9,,,,,,,,978.2,,4.6,,39,0,0,0,0,0,0,,,,
BASSTA,2009,11,13,8,9.6,,,,,,,,978.8,,3.9,,104,1402.4,17.2,0,0,0,0,,,,
BASSTA,2009,11,13,9,10.6,,,,,,,,979,,3.5,,171,517,68.5,0,0,0,0,,,,
BASSTA,2009,11,13,10,11.6,,,,,,,,978.5,,4.2,,221,267.7,138.7,0,0,0,0,,,,
BASSTA,2009,11,13,11,12.5,,,,,,,,978.3,,3.1,,215,94.5,179,0,0,0,0,,,,
BASSTA,2009,11,13,12,13,,,,,,,,978,,2.7,,257,147.7,196.1,0,0,0,0,,,,
BASSTA,2009,11,13,13,13.5,,,,,,,,977.9,,2.4,,202,54.9,180,0,0,0,0,,,,
BASSTA,2009,11,13,14,13.2,,,,,,,,977.9,,2.5,,98,5.2,96.2,0,0,0,0,,,,
BASSTA,2009,11,13,15,12.7,,,,,,,,977.9,,2.7,,45,2.1,44.5,0,0,0,0,,,,
BASSTA,2009,11,13,16,12,,,,,,,,978.1,,3.5,,3,0,3,0,0,0,0,,,,
BASSTA,2009,11,13,17,11.6,,,,,,,,978.6,,3.3,,1,0,0,0,0,0,0,,,,
BASSTA,2009,11,13,18,11.2,,,,,,,,978.5,,4.1,,1,0,0,0,0,0,0,,,,
BASSTA,2009,11,13,19,10.9,,,,,,,,978.3,,4.3,,1,0,0,0,0,0,0,,,,
BASSTA,2009,11,13,20,10.7,,,,,,,,978.2,,4.2,,1,0,0,0,0,0,0,,,,
BASSTA,2009,11,13,21,10.4,,,,,,,,978,,4.5,,1,0,0,0,0,0,0,,,,
BASSTA,2009,11,13,22,10.1,,,,,,,,977.3,,4.6,,1,0,0,0,0,0,0,,,,
BASSTA,2009,11,13,23,10,,,,,,,,976.6,,5,,1,0,0,0,0,0,0,,,,
BASSTA,2009,11,14,0,10.1,,,,,,,,976.3,,5.3,,1,0,0,0,0,0,0,,,,
BASSTA,2009,11,14,1,9.8,,,,,,,,975.8,,4.8,,1,0,0,0,0,0,0,,,,
BASSTA,2009,11,14,2,9.7,,,,,,,,975.5,,4.5,,1,0,0,0,0,0,0,,,,
BASSTA,2009,11,14,3,9.5,,,,,,,,975.4,,4.3,,2,0,0,0,0,0,0,,,,
BASSTA,2009,11,14,4,8.9,,,,,,,,975.3,,3.8,,2,0,0,0,0,0,0,,,,
BASSTA,2009,11,14,5,8.8,,,,,,,,975,,3.9,,2,0,0,0,0,0,0,,,,
BASSTA,2009,11,14,6,8.5,,,,,,,,975.1,,3.1,,3,0,0,0,0,0,0,,,,
BASSTA,2009,11,14,7,8.4,,,,,,,,975.1,,5.7,,14,0,0,0,0,0,0,,,,
BASSTA,2009,11,14,8,8.6,,,,,,,,975,,5.7,,95,1365.8,15.7,0,0,0,0,,,,
BASSTA,2009,11,14,9,10,,,,,,,,974.8,,5.1,,206,874.6,36.2,0,0,0,0,,,,
BASSTA,2009,11,14,10,11.6,,,,,,,,974.9,,3.7,,303,778,67.1,0,0,0,0,,,,
BASSTA,2009,11,14,11,13.3,,,,,,,,974.8,,3.1,,281,310.3,164.2,0,0,0,0,,,,
BASSTA,2009,11,14,12,13.4,,,,,,,,975.2,,2.1,,120,5.6,117.7,0,0,0,0,,,,
BASSTA,2009,11,14,13,13.1,,,,,,,,975.8,,2.1,,69,2,68.2,0,0,0,0,,,,
BASSTA,2009,11,14,14,13,,,,,,,,975.6,,2.1,,23,0.3,22.9,0,0,0,0,,,,
BASSTA,2009,11,14,15,12.6,,,,,,,,976.8,,2.2,,11,0.1,11,0,0,0,0,,,,
BASSTA,2009,11,14,16,10.7,,,,,,,,979.2,,4.7,,2,0,2,0,0,0,0,,,,
BASSTA,2009,11,14,17,10.2,,,,,,,,979.5,,3.3,,3,0,0,0,0,0,0,,,,
BASSTA,2009,11,14,18,10.4,,,,,,,,979.4,,1.7,,2,0,0,0,0,0,0,,,,
BASSTA,2009,11,14,19,9.9,,,,,,,,979.8,,2.8,,2,0,0,0,0,0,0,,,,
BASSTA,2009,11,14,20,9.4,,,,,,,,980.5,,3.3,,2,0,0,0,0,0,0,,,,
BASSTA,2009,11,14,21,9.2,,,,,,,,981.1,,2.4,,2,0,0,0,0,0,0,,,,
BASSTA,2009,11,14,22,8.4,,,,,,,,981.4,,3.1,,2,0,0,0,0,0,0,,,,
BASSTA,2009,11,14,23,7.8,,,,,,,,981.4,,3.1,,2,0,0,0,0,0,0,,,,
BASSTA,2009,11,15,0,7.2,,,,,,,,981.3,,3.2,,2,0,0,0,0,0,0,,,,
BASSTA,2009,11,15,1,7.1,,,,,,,,981.3,,2.8,,2,0,0,0,0,0,0,,,,
BASSTA,2009,11,15,2,7,,,,,,,,981.1,,3.2,,3,0,0,0,0,0,0,,,,
BASSTA,2009,11,15,3,6.9,,,,,,,,980.5,,3.1,,2,0,0,0,0,0,0,,,,
BASSTA,2009,11,15,4,6.7,,,,,,,,980,,2.9,,2,0,0,0,0,0,0,,,,
BASSTA,2009,11,15,5,7,,,,,,,,980.2,,3,,2,0,0,0,0,0,0,,,,
BASSTA,2009,11,15,6,7.1,,,,,,,,980,,3.6,,2,0,0,0,0,0,0,,,,
BASSTA,2009,11,15,7,7,,,,,,,,980.2,,3.7,,22,0,0,0,0,0,0,,,,
BASSTA,2009,11,15,8,7.5,,,,,,,,980.4,,3.4,,43,227.5,30.6,0,0,0,0,,,,
BASSTA,2009,11,15,9,8.1,,,,,,,,980.2,,4.6,,71,12.4,68.7,0,0,0,0,,,,
BASSTA,2009,11,15,10,8.9,,,,,,,,980,,4.2,,110,11.5,106.6,0,0,0,0,,,,
BASSTA,2009,11,15,11,9.8,,,,,,,,979.6,,3.7,,152,19,144.9,0,0,0,0,,,,
BASSTA,2009,11,15,12,10.1,,,,,,,,979.3,,3.7,,107,4.5,105.2,0,0,0,0,,,,
BASSTA,2009,11,15,13,10.3,,,,,,,,978.9,,3.9,,80,2.7,78.9,0,0,0,0,,,,
BASSTA,2009,11,15,14,10.4,,,,,,,,978.5,,4,,65,2.4,64.2,0,0,0,0,,,,
BASSTA,2009,11,15,15,10.3,,,,,,,,978,,3,,15,0.2,14.9,0,0,0,0,,,,
BASSTA,2009,11,15,16,10.1,,,,,,,,977.7,,3.4,,2,0,2,0,0,0,0,,,,
BASSTA,2009,11,15,17,10.1,,,,,,,,977.3,,3.7,,1,0,0,0,0,0,0,,,,
BASSTA,2009,11,15,18,10.1,,,,,,,,976.9,,3.5,,2,0,0,0,0,0,0,,,,
BASSTA,2009,11,15,19,10,,,,,,,,976.7,,2.4,,2,0,0,0,0,0,0,,,,
BASSTA,2009,11,15,20,10,,,,,,,,976.5,,1.5,,2,0,0,0,0,0,0,,,,
BASSTA,2009,11,15,21,10.1,,,,,,,,976.8,,2,,2,0,0,0,0,0,0,,,,
BASSTA,2009,11,15,22,10,,,,,,,,976.5,,2.5,,2,0,0,0,0,0,0,,,,
BASSTA,2009,11,15,23,10.1,,,,,,,,976.3,,4.6,,2,0,0,0,0,0,0,,,,
BASSTA,2009,11,16,0,10.1,,,,,,,,975.7,,5.5,,1,0,0,0,0,0,0,,,,
BASSTA,2009,11,16,1,10.2,,,,,,,,975.5,,4.4,,2,0,0,0,0,0,0,,,,
BASSTA,2009,11,16,2,10.1,,,,,,,,975.2,,4.6,,2,0,0,0,0,0,0,,,,
BASSTA,2009,11,16,3,10.1,,,,,,,,975.3,,4.2,,1,0,0,0,0,0,0,,,,
BASSTA,2009,11,16,4,10.1,,,,,,,,975.3,,4,,1,0,0,0,0,0,0,,,,
BASSTA,2009,11,16,5,10.2,,,,,,,,975.6,,4,,1,0,0,0,0,0,0,,,,
BASSTA,2009,11,16,6,10.3,,,,,,,,975.9,,4,,1,0,0,0,0,0,0,,,,
BASSTA,2009,11,16,7,10.5,,,,,,,,976.3,,4.2,,9,0,0,0,0,0,0,,,,
BASSTA,2009,11,16,8,10.8,,,,,,,,976,,4.5,,42,0,0,0,0,0,0,,,,
BASSTA,2009,11,16,9,11.3,,,,,,,,976.1,,4.1,,66,9.9,64.2,0,0,0,0,,,,
BASSTA,2009,11,16,10,11.9,,,,,,,,976.1,,4,,72,3.8,70.9,0,0,0,0,,,,
BASSTA,2009,11,16,11,12.6,,,,,,,,976.1,,3.5,,139,13,134.2,0,0,0,0,,,,
BASSTA,2009,11,16,12,13.2,,,,,,,,976,,2.4,,97,3.8,95.5,0,0,0,0,,,,
BASSTA,2009,11,16,13,13.8,,,,,,,,975.8,,2.4,,130,7.9,126.9,0,0,0,0,,,,
BASSTA,2009,11,16,14,13.8,,,,,,,,975.8,,2.1,,54,1.7,53.4,0,0,0,0,,,,
BASSTA,2009,11,16,15,13.5,,,,,,,,976,,2,,16,0.3,15.9,0,0,0,0,,,,
BASSTA,2009,11,16,16,13.4,,,,,,,,976.2,,1.6,,1,0,1,0,0,0,0,,,,
BASSTA,2009,11,16,17,13.3,,,,,,,,976.4,,2.6,,1,0,0,0,0,0,0,,,,
BASSTA,2009,11,16,18,13.1,,,,,,,,976.7,,2.7,,1,0,0,0,0,0,0,,,,
BASSTA,2009,11,16,19,12.9,,,,,,,,976.8,,2.5,,1,0,0,0,0,0,0,,,,
BASSTA,2009,11,16,20,12.2,,,,,,,,977.1,,2.1,,1,0,0,0,0,0,0,,,,
BASSTA,2009,11,16,21,12,,,,,,,,977.5,,2,,1,0,0,0,0,0,0,,,,
BASSTA,2009,11,16,22,11.7,,,,,,,,977.7,,1.9,,1,0,0,0,0,0,0,,,,
BASSTA,2009,11,16,23,11.5,,,,,,,,977.9,,2.2,,1,0,0,0,0,0,0,,,,
BASSTA,2009,11,17,0,11,,,,,,,,977.6,,3,,1,0,0,0,0,0,0,,,,
BASSTA,2009,11,17,1,10.8,,,,,,,,977.2,,3.7,,1,0,0,0,0,0,0,,,,
BASSTA,2009,11,17,2,10.6,,,,,,,,977,,3.4,,1,0,0,0,0,0,0,,,,
BASSTA,2009,11,17,3,10.3,,,,,,,,976.8,,4.1,,2,0,0,0,0,0,0,,,,
BASSTA,2009,11,17,4,10.1,,,,,,,,976.6,,3.5,,2,0,0,0,0,0,0,,,,
BASSTA,2009,11,17,5,10,,,,,,,,976.1,,4,,1,0,0,0,0,0,0,,,,
BASSTA,2009,11,17,6,10.3,,,,,,,,975.7,,6.4,,2,0,0,0,0,0,0,,,,
BASSTA,2009,11,17,7,10.8,,,,,,,,975.5,,6.1,,17,0,0,0,0,0,0,,,,
BASSTA,2009,11,17,8,11.6,,,,,,,,975.7,,4.4,,64,0,0,0,0,0,0,,,,
BASSTA,2009,11,17,9,12.5,,,,,,,,975.8,,4.6,,144,382.8,74.3,0,0,0,0,,,,
BASSTA,2009,11,17,10,12.8,,,,,,,,975.6,,5.1,,80,4.9,78.6,0,0,0,0,,,,
BASSTA,2009,11,17,11,13.6,,,,,,,,975.3,,4.4,,140,14.1,134.9,0,0,0,0,,,,
BASSTA,2009,11,17,12,15.3,,,,,,,,975.8,,2.1,,206,63.3,180.9,0,0,0,0,,,,
BASSTA,2009,11,17,13,15,,,,,,,,975.4,,2.6,,162,22,153.5,0,0,0,0,,,,
BASSTA,2009,11,17,14,14.8,,,,,,,,975.9,,1.6,,88,4.6,86.5,0,0,0,0,,,,
BASSTA,2009,11,17,15,14.4,,,,,,,,976.6,,1.1,,24,0.7,23.8,0,0,0,0,,,,
BASSTA,2009,11,17,16,14.6,,,,,,,,977.5,,1.5,,2,0,2,0,0,0,0,,,,
BASSTA,2009,11,17,17,14.6,,,,,,,,978.5,,1.5,,1,0,0,0,0,0,0,,,,
BASSTA,2009,11,17,18,13.9,,,,,,,,979.6,,0.8,,2,0,0,0,0,0,0,,,,
BASSTA,2009,11,17,19,15.3,,,,,,,,980.8,,4.5,,1,0,0,0,0,0,0,,,,
BASSTA,2009,11,17,20,14,,,,,,,,982,,6,,1,0,0,0,0,0,0,,,,
BASSTA,2009,11,17,21,12.5,,,,,,,,983.3,,4.7,,2,0,0,0,0,0,0,,,,
BASSTA,2009,11,17,22,11.8,,,,,,,,984.1,,4.8,,1,0,0,0,0,0,0,,,,
BASSTA,2009,11,17,23,11.3,,,,,,,,985,,4.2,,1,0,0,0,0,0,0,,,,
BASSTA,2009,11,18,0,10.5,,,,,,,,985.5,,2.6,,1,0,0,0,0,0,0,,,,
BASSTA,2009,11,18,1,10,,,,,,,,985.6,,1.9,,2,0,0,0,0,0,0,,,,
BASSTA,2009,11,18,2,9.8,,,,,,,,985.9,,1.6,,1,0,0,0,0,0,0,,,,
BASSTA,2009,11,18,3,9.6,,,,,,,,986.1,,1.2,,2,0,0,0,0,0,0,,,,
BASSTA,2009,11,18,4,9.3,,,,,,,,986.4,,1.8,,1,0,0,0,0,0,0,,,,
BASSTA,2009,11,18,5,8.8,,,,,,,,986.7,,0.9,,2,0,0,0,0,0,0,,,,
BASSTA,2009,11,18,6,8.4,,,,,,,,987,,1,,1,0,0,0,0,0,0,,,,
BASSTA,2009,11,18,7,8.8,,,,,,,,987.3,,1,,24,0,0,0,0,0,0,,,,
BASSTA,2009,11,18,8,9.6,,,,,,,,987.8,,0.6,,98,0,0,0,0,0,0,,,,
BASSTA,2009,11,18,9,10,,,,,,,,988,,1.4,,152,497,63.5,0,0,0,0,,,,
BASSTA,2009,11,18,10,10.8,,,,,,,,988.1,,1,,176,136.3,136.9,0,0,0,0,,,,
BASSTA,2009,11,18,11,11.3,,,,,,,,987.4,,0.7,,252,239.2,165.9,0,0,0,0,,,,
BASSTA,2009,11,18,12,12.6,,,,,,,,987.4,,0.9,,313,395.3,158,0,0,0,0,,,,
BASSTA,2009,11,18,13,12.8,,,,,,,,986.9,,1.4,,259,212.1,178.2,0,0,0,0,,,,
BASSTA,2009,11,18,14,13.2,,,,,,,,987,,0.6,,166,55.7,147.8,0,0,0,0,,,,
BASSTA,2009,11,18,15,12.7,,,,,,,,987,,1.1,,56,3.6,55.1,0,0,0,0,,,,
BASSTA,2009,11,18,16,10.9,,,,,,,,987.3,,0.5,,1,0,1,0,0,0,0,,,,
BASSTA,2009,11,18,17,9.4,,,,,,,,987.9,,0.5,,1,0,0,0,0,0,0,,,,
BASSTA,2009,11,18,18,8.4,,,,,,,,988.3,,1.2,,1,0,0,0,0,0,0,,,,
BASSTA,2009,11,18,19,7.8,,,,,,,,988.7,,1,,1,0,0,0,0,0,0,,,,
BASSTA,2009,11,18,20,7.2,,,,,,,,988.9,,1.3,,1,0,0,0,0,0,0,,,,
BASSTA,2009,11,18,21,6.6,,,,,,,,989.2,,1,,1,0,0,0,0,0,0,,,,
BASSTA,2009,11,18,22,6.1,,,,,,,,989.2,,1.1,,1,0,0,0,0,0,0,,,,
BASSTA,2009,11,18,23,6.1,,,,,,,,989.1,,2.2,,1,0,0,0,0,0,0,,,,
BASSTA,2009,11,19,0,6.1,,,,,,,,989,,2.8,,1,0,0,0,0,0,0,,,,
BASSTA,2009,11,19,1,5.9,,,,,,,,988.9,,1.7,,1,0,0,0,0,0,0,,,,
BASSTA,2009,11,19,2,5.4,,,,,,,,988.7,,3,,1,0,0,0,0,0,0,,,,
BASSTA,2009,11,19,3,5,,,,,,,,988.5,,3.4,,2,0,0,0,0,0,0,,,,
BASSTA,2009,11,19,4,5.2,,,,,,,,988.4,,4.2,,3,0,0,0,0,0,0,,,,
BASSTA,2009,11,19,5,5.2,,,,,,,,988.2,,4.2,,2,0,0,0,0,0,0,,,,
BASSTA,2009,11,19,6,5.6,,,,,,,,988.1,,3.6,,3,0,0,0,0,0,0,,,,
BASSTA,2009,11,19,7,6.4,,,,,,,,988.1,,3.8,,31,0,0,0,0,0,0,,,,
BASSTA,2009,11,19,8,7.6,,,,,,,,988.1,,5,,115,0,0,0,0,0,0,,,,
BASSTA,2009,11,19,9,9.1,,,,,,,,987.9,,5,,202,968,33.3,0,0,0,0,,,,
BASSTA,2009,11,19,10,10.4,,,,,,,,987.8,,4.6,,285,789.6,61.5,0,0,0,0,,,,
BASSTA,2009,11,19,11,11.3,,,,,,,,987.2,,4.1,,321,590,110.9,0,0,0,0,,,,
BASSTA,2009,11,19,12,11.9,,,,,,,,986.8,,4.3,,306,376.9,159.7,0,0,0,0,,,,
BASSTA,2009,11,19,13,12.2,,,,,,,,986.6,,4.1,,246,177.5,179,0,0,0,0,,,,
BASSTA,2009,11,19,14,11.9,,,,,,,,986.4,,3.9,,148,33,137.3,0,0,0,0,,,,
BASSTA,2009,11,19,15,10.8,,,,,,,,986.5,,4.7,,43,2.2,42.5,0,0,0,0,,,,
BASSTA,2009,11,19,16,10.1,,,,,,,,986.8,,4.8,,4,0.1,4,0,0,0,0,,,,
BASSTA,2009,11,19,17,9.6,,,,,,,,987,,4.7,,2,0,0,0,0,0,0,,,,
BASSTA,2009,11,19,18,9.4,,,,,,,,987,,4.5,,2,0,0,0,0,0,0,,,,
BASSTA,2009,11,19,19,9.3,,,,,,,,986.8,,4.5,,3,0,0,0,0,0,0,,,,
BASSTA,2009,11,19,20,9.3,,,,,,,,986.7,,4.4,,2,0,0,0,0,0,0,,,,
BASSTA,2009,11,19,21,9.3,,,,,,,,986.5,,4.6,,3,0,0,0,0,0,0,,,,
BASSTA,2009,11,19,22,9.1,,,,,,,,986.4,,4.4,,2,0,0,0,0,0,0,,,,
BASSTA,2009,11,19,23,8.9,,,,,,,,986.2,,4.5,,3,0,0,0,0,0,0,,,,
BASSTA,2009,11,20,0,8.5,,,,,,,,985.9,,4.4,,3,0,0,0,0,0,0,,,,
BASSTA,2009,11,20,1,8.2,,,,,,,,985.6,,4.9,,2,0,0,0,0,0,0,,,,
BASSTA,2009,11,20,2,8.1,,,,,,,,985.4,,5.2,,2,0,0,0,0,0,0,,,,
BASSTA,2009,11,20,3,7.8,,,,,,,,985.5,,3.8,,2,0,0,0,0,0,0,,,,
BASSTA,2009,11,20,4,7.9,,,,,,,,985.6,,4.4,,2,0,0,0,0,0,0,,,,
BASSTA,2009,11,20,5,7.7,,,,,,,,985.7,,4.8,,2,0,0,0,0,0,0,,,,
BASSTA,2009,11,20,6,7.4,,,,,,,,986,,5,,2,0,0,0,0,0,0,,,,
BASSTA,2009,11,20,7,7.3,,,,,,,,986.4,,4.9,,26,0,0,0,0,0,0,,,,
BASSTA,2009,11,20,8,7.8,,,,,,,,986.8,,4.9,,95,0,0,0,0,0,0,,,,
BASSTA,2009,11,20,9,8.8,,,,,,,,987.2,,3.7,,194,950.5,32,0,0,0,0,,,,
BASSTA,2009,11,20,10,10.4,,,,,,,,987.6,,3.1,,266,689.9,73.4,0,0,0,0,,,,
BASSTA,2009,11,20,11,11.7,,,,,,,,987.4,,3.3,,316,580.9,111.4,0,0,0,0,,,,
BASSTA,2009,11,20,12,12.2,,,,,,,,987.2,,3.5,,284,294.8,170.6,0,0,0,0,,,,
BASSTA,2009,11,20,13,12.8,,,,,,,,987.2,,3.2,,259,228.6,173.5,0,0,0,0,,,,
BASSTA,2009,11,20,14,12.7,,,,,,,,987.2,,2.7,,152,39.6,139.3,0,0,0,0,,,,
BASSTA,2009,11,20,15,11.5,,,,,,,,987.3,,3.4,,41,2.1,40.5,0,0,0,0,,,,
BASSTA,2009,11,20,16,10.6,,,,,,,,988,,2.9,,2,0,2,0,0,0,0,,,,
BASSTA,2009,11,20,17,10.3,,,,,,,,988.7,,3.3,,2,0,0,0,0,0,0,,,,
BASSTA,2009,11,20,18,9.8,,,,,,,,989.4,,3.1,,2,0,0,0,0,0,0,,,,
BASSTA,2009,11,20,19,9,,,,,,,,989.8,,3.3,,2,0,0,0,0,0,0,,,,
BASSTA,2009,11,20,20,8.7,,,,,,,,990.2,,3.5,,2,0,0,0,0,0,0,,,,
BASSTA,2009,11,20,21,7.9,,,,,,,,990.1,,3.4,,2,0,0,0,0,0,0,,,,
BASSTA,2009,11,20,22,7.3,,,,,,,,990.3,,3.6,,2,0,0,0,0,0,0,,,,
BASSTA,2009,11,20,23,6.8,,,,,,,,990.3,,4,,2,0,0,0,0,0,0,,,,
BASSTA,2009,11,21,0,6.4,,,,,,,,990.2,,4.3,,2,0,0,0,0,0,0,,,,
BASSTA,2009,11,21,1,6.5,,,,,,,,990.3,,4.8,,2,0,0,0,0,0,0,,,,
BASSTA,2009,11,21,2,6.3,,,,,,,,990.3,,5,,2,0,0,0,0,0,0,,,,
BASSTA,2009,11,21,3,6.4,,,,,,,,990.2,,4.7,,2,0,0,0,0,0,0,,,,
BASSTA,2009,11,21,4,6.3,,,,,,,,990.2,,5,,2,0,0,0,0,0,0,,,,
BASSTA,2009,11,21,5,6.3,,,,,,,,990.2,,3.7,,2,0,0,0,0,0,0,,,,
BASSTA,2009,11,21,6,6.5,,,,,,,,990.1,,4.1,,3,0,0,0,0,0,0,,,,
BASSTA,2009,11,21,7,6.7,,,,,,,,990.2,,4.9,,25,0,0,0,0,0,0,,,,
BASSTA,2009,11,21,8,7.4,,,,,,,,990.1,,4.1,,95,0,0,0,0,0,0,,,,
BASSTA,2009,11,21,9,8.5,,,,,,,,989.8,,4.7,,117,241,76.8,0,0,0,0,,,,
BASSTA,2009,11,21,10,9.5,,,,,,,,989.5,,4.2,,177,166.7,131.1,0,0,0,0,,,,
BASSTA,2009,11,21,11,10.6,,,,,,,,988.8,,3.8,,136,15,130.8,0,0,0,0,,,,
BASSTA,2009,11,21,12,11.4,,,,,,,,987.8,,4.5,,198,62.5,174.2,0,0,0,0,,,,
BASSTA,2009,11,21,13,12,,,,,,,,986.9,,3.4,,126,8.3,122.9,0,0,0,0,,,,
BASSTA,2009,11,21,14,12.2,,,,,,,,986.4,,3.1,,147,35.1,135.8,0,0,0,0,,,,
BASSTA,2009,11,21,15,11.5,,,,,,,,985.8,,3.5,,45,2.5,44.4,0,0,0,0,,,,
BASSTA,2009,11,21,16,10.7,,,,,,,,985.4,,3.7,,2,0,2,0,0,0,0,,,,
BASSTA,2009,11,21,17,9.9,,,,,,,,985.4,,4.1,,2,0,0,0,0,0,0,,,,
BASSTA,2009,11,21,18,9.4,,,,,,,,984.8,,4.1,,2,0,0,0,0,0,0,,,,
BASSTA,2009,11,21,19,9.4,,,,,,,,984.3,,5.3,,2,0,0,0,0,0,0,,,,
BASSTA,2009,11,21,20,9.3,,,,,,,,983.9,,5.6,,2,0,0,0,0,0,0,,,,
BASSTA,2009,11,21,21,9.2,,,,,,,,983.3,,5.1,,2,0,0,0,0,0,0,,,,
BASSTA,2009,11,21,22,8.8,,,,,,,,982.8,,4.1,,2,0,0,0,0,0,0,,,,
BASSTA,2009,11,21,23,8,,,,,,,,982.3,,3.2,,2,0,0,0,0,0,0,,,,
BASSTA,2009,11,22,0,7.6,,,,,,,,981.6,,4,,2,0,0,0,0,0,0,,,,
BASSTA,2009,11,22,1,7.4,,,,,,,,981.4,,4.6,,2,0,0,0,0,0,0,,,,
BASSTA,2009,11,22,2,5.8,,,,,,,,981.8,,1.7,,2,0,0,0,0,0,0,,,,
BASSTA,2009,11,22,3,6.1,,,,,,,,981.8,,2.4,,2,0,0,0,0,0,0,,,,
BASSTA,2009,11,22,4,5.8,,,,,,,,982.4,,3,,2,0,0,0,0,0,0,,,,
BASSTA,2009,11,22,5,5.5,,,,,,,,983,,2.5,,3,0,0,0,0,0,0,,,,
BASSTA,2009,11,22,6,5.7,,,,,,,,983.2,,3.5,,3,0,0,0,0,0,0,,,,
BASSTA,2009,11,22,7,5.9,,,,,,,,982.9,,3.9,,9,0,0,0,0,0,0,,,,
BASSTA,2009,11,22,8,6.4,,,,,,,,983,,4.6,,24,0,0,0,0,0,0,,,,
BASSTA,2009,11,22,9,7.2,,,,,,,,982.9,,3.9,,60,11.5,58.1,0,0,0,0,,,,
BASSTA,2009,11,22,10,8.1,,,,,,,,983.3,,2.3,,33,0.9,32.7,0,0,0,0,,,,
BASSTA,2009,11,22,11,11.3,,,,,,,,983.2,,3.5,,27,0.4,26.9,0,0,0,0,,,,
BASSTA,2009,11,22,12,10.8,,,,,,,,982.7,,1.6,,20,0.2,19.9,0,0,0,0,,,,
BASSTA,2009,11,22,13,10.7,,,,,,,,982,,1.4,,27,0.3,26.9,0,0,0,0,,,,
BASSTA,2009,11,22,14,10.5,,,,,,,,981.8,,1.1,,32,0.7,31.8,0,0,0,0,,,,
BASSTA,2009,11,22,15,10.5,,,,,,,,981.7,,1.9,,20,0.5,19.9,0,0,0,0,,,,
BASSTA,2009,11,22,16,11.4,,,,,,,,981.6,,1.8,,3,0.1,3,0,0,0,0,,,,
BASSTA,2009,11,22,17,11.9,,,,,,,,981.4,,3.6,,2,0,0,0,0,0,0,,,,
BASSTA,2009,11,22,18,11.3,,,,,,,,981.2,,2.9,,2,0,0,0,0,0,0,,,,
BASSTA,2009,11,22,19,10.6,,,,,,,,981.1,,2.2,,2,0,0,0,0,0,0,,,,
BASSTA,2009,11,22,20,11.7,,,,,,,,980.9,,3.4,,2,0,0,0,0,0,0,,,,
BASSTA,2009,11,22,21,11.6,,,,,,,,980.8,,7,,2,0,0,0,0,0,0,,,,
BASSTA,2009,11,22,22,10,,,,,,,,980.6,,4.1,,1,0,0,0,0,0,0,,,,
BASSTA,2009,11,22,23,9.6,,,,,,,,980.6,,3.6,,2,0,0,0,0,0,0,,,,
BASSTA,2009,11,23,0,10.7,,,,,,,,980.6,,6.3,,3,0,0,0,0,0,0,,,,
BASSTA,2009,11,23,1,9.1,,,,,,,,981.6,,7.9,,2,0,0,0,0,0,0,,,,
BASSTA,2009,11,23,2,8.7,,,,,,,,981.6,,4.6,,2,0,0,0,0,0,0,,,,
BASSTA,2009,11,23,3,9.1,,,,,,,,982,,5.2,,2,0,0,0,0,0,0,,,,
BASSTA,2009,11,23,4,9.3,,,,,,,,982,,4.7,,3,0,0,0,0,0,0,,,,
BASSTA,2009,11,23,5,9.7,,,,,,,,982,,4.7,,3,0,0,0,0,0,0,,,,
BASSTA,2009,11,23,6,10.2,,,,,,,,981.7,,3.7,,3,0,0,0,0,0,0,,,,
BASSTA,2009,11,23,7,10.6,,,,,,,,981.9,,2.7,,10,0,0,0,0,0,0,,,,
BASSTA,2009,11,23,8,11.6,,,,,,,,982.4,,7.2,,43,0,0,0,0,0,0,,,,
BASSTA,2009,11,23,9,10.9,,,,,,,,983,,6.7,,80,52.6,71.6,0,0,0,0,,,,
BASSTA,2009,11,23,10,12.5,,,,,,,,982.6,,6.3,,253,671.6,73,0,0,0,0,,,,
BASSTA,2009,11,23,11,13.1,,,,,,,,981.6,,6,,281,438.3,131.4,0,0,0,0,,,,
BASSTA,2009,11,23,12,12.7,,,,,,,,980.9,,6.5,,153,18.8,146,0,0,0,0,,,,
BASSTA,2009,11,23,13,12.3,,,,,,,,980.6,,3.7,,38,0.7,37.7,0,0,0,0,,,,
BASSTA,2009,11,23,14,12.6,,,,,,,,980.3,,5.5,,31,0.6,30.8,0,0,0,0,,,,
BASSTA,2009,11,23,15,12.7,,,,,,,,979.9,,5.4,,7,0.1,7,0,0,0,0,,,,
BASSTA,2009,11,23,16,13.1,,,,,,,,979.4,,6.7,,3,0.1,3,0,0,0,0,,,,
BASSTA,2009,11,23,17,13.1,,,,,,,,979.2,,6.8,,3,0,0,0,0,0,0,,,,
BASSTA,2009,11,23,18,13.2,,,,,,,,979.3,,7.2,,3,0,0,0,0,0,0,,,,
BASSTA,2009,11,23,19,13.2,,,,,,,,979,,7,,3,0,0,0,0,0,0,,,,
BASSTA,2009,11,23,20,12.4,,,,,,,,978.9,,8.5,,3,0,0,0,0,0,0,,,,
BASSTA,2009,11,23,21,11.2,,,,,,,,979,,7.3,,2,0,0,0,0,0,0,,,,
BASSTA,2009,11,23,22,10.9,,,,,,,,978.8,,8.5,,2,0,0,0,0,0,0,,,,
BASSTA,2009,11,23,23,11.2,,,,,,,,978.6,,7.8,,3,0,0,0,0,0,0,,,,
BASSTA,2009,11,24,0,10.6,,,,,,,,978.7,,6.8,,3,0,0,0,0,0,0,,,,
BASSTA,2009,11,24,1,10.7,,,,,,,,978.6,,7.7,,2,0,0,0,0,0,0,,,,
BASSTA,2009,11,24,2,11.9,,,,,,,,979.4,,6.1,,3,0,0,0,0,0,0,,,,
BASSTA,2009,11,24,3,11.7,,,,,,,,979.8,,5.2,,2,0,0,0,0,0,0,,,,
BASSTA,2009,11,24,4,12.1,,,,,,,,979.9,,4.8,,2,0,0,0,0,0,0,,,,
BASSTA,2009,11,24,5,12.4,,,,,,,,980.2,,5,,2,0,0,0,0,0,0,,,,
BASSTA,2009,11,24,6,12.5,,,,,,,,980.3,,5.2,,2,0,0,0,0,0,0,,,,
BASSTA,2009,11,24,7,13,,,,,,,,981.3,,5.6,,4,0,0,0,0,0,0,,,,
BASSTA,2009,11,24,8,13.2,,,,,,,,982.2,,4,,15,0,0,0,0,0,0,,,,
BASSTA,2009,11,24,9,13.3,,,,,,,,982.7,,5.5,,34,3.1,33.5,0,0,0,0,,,,
BASSTA,2009,11,24,10,13.1,,,,,,,,983.6,,7,,54,2.7,53.3,0,0,0,0,,,,
BASSTA,2009,11,24,11,13.1,,,,,,,,983.8,,5.9,,79,3.5,77.8,0,0,0,0,,,,
BASSTA,2009,11,24,12,13.4,,,,,,,,983.8,,6.6,,144,14.6,138.6,0,0,0,0,,,,
BASSTA,2009,11,24,13,14,,,,,,,,983.7,,5.6,,225,145.3,172.6,0,0,0,0,,,,
BASSTA,2009,11,24,14,13.6,,,,,,,,984.4,,5.2,,63,2.7,62.2,0,0,0,0,,,,
BASSTA,2009,11,24,15,13.2,,,,,,,,984.5,,4.6,,12,0.2,12,0,0,0,0,,,,
BASSTA,2009,11,24,16,13.1,,,,,,,,984.3,,3.6,,2,0,2,0,0,0,0,,,,
BASSTA,2009,11,24,17,12.7,,,,,,,,984.8,,4.1,,3,0,0,0,0,0,0,,,,
BASSTA,2009,11,24,18,12.4,,,,,,,,984.8,,3.5,,3,0,0,0,0,0,0,,,,
BASSTA,2009,11,24,19,12.2,,,,,,,,984.5,,2.9,,2,0,0,0,0,0,0,,,,
BASSTA,2009,11,24,20,11.7,,,,,,,,984.3,,2.4,,2,0,0,0,0,0,0,,,,
BASSTA,2009,11,24,21,11.2,,,,,,,,983.9,,2.2,,2,0,0,0,0,0,0,,,,
BASSTA,2009,11,24,22,9.5,,,,,,,,983.4,,2,,2,0,0,0,0,0,0,,,,
BASSTA,2009,11,24,23,9.4,,,,,,,,983,,2.6,,2,0,0,0,0,0,0,,,,
BASSTA,2009,11,25,0,8.8,,,,,,,,982.3,,2.9,,2,0,0,0,0,0,0,,,,
BASSTA,2009,11,25,1,7.5,,,,,,,,981.6,,2.6,,2,0,0,0,0,0,0,,,,
BASSTA,2009,11,25,2,7.5,,,,,,,,981,,2.9,,2,0,0,0,0,0,0,,,,
BASSTA,2009,11,25,3,7.1,,,,,,,,980.1,,3.4,,2,0,0,0,0,0,0,,,,
BASSTA,2009,11,25,4,6.5,,,,,,,,979.4,,3.6,,2,0,0,0,0,0,0,,,,
BASSTA,2009,11,25,5,6.5,,,,,,,,978.6,,4.6,,2,0,0,0,0,0,0,,,,
BASSTA,2009,11,25,6,6.8,,,,,,,,978.3,,5.3,,2,0,0,0,0,0,0,,,,
BASSTA,2009,11,25,7,6.7,,,,,,,,978.6,,4.8,,20,0,0,0,0,0,0,,,,
BASSTA,2009,11,25,8,7.5,,,,,,,,978.5,,5.7,,109,0,0,0,0,0,0,,,,
BASSTA,2009,11,25,9,8.6,,,,,,,,978.3,,5.5,,192,1052.8,31.7,0,0,0,0,,,,
BASSTA,2009,11,25,10,10.4,,,,,,,,977.8,,5.1,,277,873,49.2,0,0,0,0,,,,
BASSTA,2009,11,25,11,11.7,,,,,,,,976.6,,5.1,,334,772.7,75.6,0,0,0,0,,,,
BASSTA,2009,11,25,12,12.2,,,,,,,,975.3,,4.7,,241,180.7,174.6,0,0,0,0,,,,
BASSTA,2009,11,25,13,12.9,,,,,,,,974.6,,3,,216,125.6,171.1,0,0,0,0,,,,
BASSTA,2009,11,25,14,13.3,,,,,,,,975,,1.1,,110,10.3,106.9,0,0,0,0,,,,
BASSTA,2009,11,25,15,11.6,,,,,,,,975.2,,2,,27,1,26.8,0,0,0,0,,,,
BASSTA,2009,11,25,16,10.4,,,,,,,,975.1,,2.7,,2,0,2,0,0,0,0,,,,
BASSTA,2009,11,25,17,9.9,,,,,,,,975.4,,3.3,,2,0,0,0,0,0,0,,,,
BASSTA,2009,11,25,18,9.5,,,,,,,,975.8,,3.2,,2,0,0,0,0,0,0,,,,
BASSTA,2009,11,25,19,8.6,,,,,,,,976.2,,2,,2,0,0,0,0,0,0,,,,
BASSTA,2009,11,25,20,8.2,,,,,,,,976.3,,2.3,,2,0,0,0,0,0,0,,,,
BASSTA,2009,11,25,21,7.7,,,,,,,,976.9,,1.9,,2,0,0,0,0,0,0,,,,
BASSTA,2009,11,25,22,7.7,,,,,,,,977.1,,1,,3,0,0,0,0,0,0,,,,
BASSTA,2009,11,25,23,11.5,,,,,,,,977.7,,4.6,,2,0,0,0,0,0,0,,,,
BASSTA,2009,11,26,0,11.7,,,,,,,,978.5,,5.6,,2,0,0,0,0,0,0,,,,
BASSTA,2009,11,26,1,10.6,,,,,,,,979.1,,4,,2,0,0,0,0,0,0,,,,
BASSTA,2009,11,26,2,10.2,,,,,,,,979.5,,5.2,,3,0,0,0,0,0,0,,,,
BASSTA,2009,11,26,3,10.4,,,,,,,,979.2,,3.9,,2,0,0,0,0,0,0,,,,
BASSTA,2009,11,26,4,9.9,,,,,,,,979.2,,2.3,,3,0,0,0,0,0,0,,,,
BASSTA,2009,11,26,5,9.8,,,,,,,,979.3,,3.6,,3,0,0,0,0,0,0,,,,
BASSTA,2009,11,26,6,9.3,,,,,,,,979.4,,4.2,,2,0,0,0,0,0,0,,,,
BASSTA,2009,11,26,7,9.2,,,,,,,,979.9,,1.6,,8,0,0,0,0,0,0,,,,
BASSTA,2009,11,26,8,9.4,,,,,,,,980.1,,2.1,,24,0,0,0,0,0,0,,,,
BASSTA,2009,11,26,9,9.6,,,,,,,,980.5,,2.4,,54,10.7,52.4,0,0,0,0,,,,
BASSTA,2009,11,26,10,10.5,,,,,,,,980.7,,2.7,,159,138.9,123.2,0,0,0,0,,,,
BASSTA,2009,11,26,11,11.4,,,,,,,,980.2,,4.7,,278,467.5,123.2,0,0,0,0,,,,
BASSTA,2009,11,26,12,12.3,,,,,,,,979.4,,5.3,,305,462.6,136.4,0,0,0,0,,,,
BASSTA,2009,11,26,13,12.1,,,,,,,,978.9,,5.1,,239,201.7,167.4,0,0,0,0,,,,
BASSTA,2009,11,26,14,11.8,,,,,,,,978.7,,4.9,,148,45.4,134.2,0,0,0,0,,,,
BASSTA,2009,11,26,15,10.9,,,,,,,,978.6,,4.7,,43,2.6,42.4,0,0,0,0,,,,
BASSTA,2009,11,26,16,9.5,,,,,,,,978.8,,2.3,,2,0,2,0,0,0,0,,,,
BASSTA,2009,11,26,17,7.4,,,,,,,,978.8,,1.7,,2,0,0,0,0,0,0,,,,
BASSTA,2009,11,26,18,6.7,,,,,,,,978.7,,1.3,,2,0,0,0,0,0,0,,,,
BASSTA,2009,11,26,19,6.4,,,,,,,,978.4,,2.2,,2,0,0,0,0,0,0,,,,
BASSTA,2009,11,26,20,5.5,,,,,,,,978.3,,1.5,,2,0,0,0,0,0,0,,,,
BASSTA,2009,11,26,21,4.9,,,,,,,,977.9,,1.6,,2,0,0,0,0,0,0,,,,
BASSTA,2009,11,26,22,4.7,,,,,,,,977.3,,2.4,,2,0,0,0,0,0,0,,,,
BASSTA,2009,11,26,23,4.4,,,,,,,,976.8,,2.6,,2,0,0,0,0,0,0,,,,
BASSTA,2009,11,27,0,3.8,,,,,,,,976.1,,3.6,,2,0,0,0,0,0,0,,,,
BASSTA,2009,11,27,1,3.7,,,,,,,,975.6,,4,,2,0,0,0,0,0,0,,,,
BASSTA,2009,11,27,2,3.4,,,,,,,,975.3,,4.1,,2,0,0,0,0,0,0,,,,
BASSTA,2009,11,27,3,3.7,,,,,,,,974.7,,2.9,,2,0,0,0,0,0,0,,,,
BASSTA,2009,11,27,4,3.6,,,,,,,,974.3,,3.6,,2,0,0,0,0,0,0,,,,
BASSTA,2009,11,27,5,3.8,,,,,,,,974.4,,2.6,,2,0,0,0,0,0,0,,,,
BASSTA,2009,11,27,6,7.5,,,,,,,,974.2,,3.2,,2,0,0,0,0,0,0,,,,
BASSTA,2009,11,27,7,9.6,,,,,,,,974.5,,5.3,,12,0,0,0,0,0,0,,,,
BASSTA,2009,11,27,8,10.2,,,,,,,,974.8,,6,,41,0,0,0,0,0,0,,,,
BASSTA,2009,11,27,9,10.9,,,,,,,,975,,5.6,,69,39.4,63.3,0,0,0,0,,,,
BASSTA,2009,11,27,10,11.4,,,,,,,,975.1,,5.5,,122,41.9,111.4,0,0,0,0,,,,
BASSTA,2009,11,27,11,11.5,,,,,,,,974.9,,7,,136,20.1,129.4,0,0,0,0,,,,
BASSTA,2009,11,27,12,10.5,,,,,,,,975.2,,6.6,,80,3.1,78.9,0,0,0,0,,,,
BASSTA,2009,11,27,13,9.4,,,,,,,,975.4,,7.5,,72,2.7,71.1,0,0,0,0,,,,
BASSTA,2009,11,27,14,8.5,,,,,,,,975.8,,6.3,,38,1,37.7,0,0,0,0,,,,
BASSTA,2009,11,27,15,8.3,,,,,,,,975.8,,4.8,,17,0.4,16.9,0,0,0,0,,,,
BASSTA,2009,11,27,16,8.3,,,,,,,,976.1,,1.9,,2,0,2,0,0,0,0,,,,
BASSTA,2009,11,27,17,7.5,,,,,,,,976.1,,1.2,,3,0,0,0,0,0,0,,,,
BASSTA,2009,11,27,18,6.7,,,,,,,,976,,1,,2,0,0,0,0,0,0,,,,
BASSTA,2009,11,27,19,6.7,,,,,,,,975.9,,1.3,,3,0,0,0,0,0,0,,,,
BASSTA,2009,11,27,20,6.9,,,,,,,,976,,1.6,,2,0,0,0,0,0,0,,,,
BASSTA,2009,11,27,21,6.5,,,,,,,,976.1,,1.7,,2,0,0,0,0,0,0,,,,
BASSTA,2009,11,27,22,7.2,,,,,,,,976.1,,1,,3,0,0,0,0,0,0,,,,
BASSTA,2009,11,27,23,8.3,,,,,,,,976.2,,2.7,,2,0,0,0,0,0,0,,,,
BASSTA,2009,11,28,0,7.5,,,,,,,,976.1,,1.3,,3,0,0,0,0,0,0,,,,
BASSTA,2009,11,28,1,8.2,,,,,,,,976.1,,1.7,,3,0,0,0,0,0,0,,,,
BASSTA,2009,11,28,2,8.3,,,,,,,,976,,3.1,,2,0,0,0,0,0,0,,,,
BASSTA,2009,11,28,3,8.2,,,,,,,,975.9,,4.5,,1,0,0,0,0,0,0,,,,
BASSTA,2009,11,28,4,7.6,,,,,,,,975.8,,2.7,,1,0,0,0,0,0,0,,,,
BASSTA,2009,11,28,5,6.9,,,,,,,,976.1,,2.7,,1,0,0,0,0,0,0,,,,
BASSTA,2009,11,28,6,6.5,,,,,,,,976.2,,1.3,,1,0,0,0,0,0,0,,,,
BASSTA,2009,11,28,7,6,,,,,,,,976.1,,1.6,,23,0,0,0,0,0,0,,,,
BASSTA,2009,11,28,8,6.8,,,,,,,,976.1,,2.2,,104,0,0,0,0,0,0,,,,
BASSTA,2009,11,28,9,10.2,,,,,,,,975.7,,3.8,,175,1027.5,28.9,0,0,0,0,,,,
BASSTA,2009,11,28,10,12,,,,,,,,975.3,,4.8,,261,841.1,50,0,0,0,0,,,,
BASSTA,2009,11,28,11,13.2,,,,,,,,974.4,,5.4,,349,889.5,60.2,0,0,0,0,,,,
BASSTA,2009,11,28,12,13,,,,,,,,973.8,,5,,164,32.9,152.2,0,0,0,0,,,,
BASSTA,2009,11,28,13,12.9,,,,,,,,973.5,,6.3,,161,34,149.1,0,0,0,0,,,,
BASSTA,2009,11,28,14,12.8,,,,,,,,973.2,,4.2,,154,59.6,136.2,0,0,0,0,,,,
BASSTA,2009,11,28,15,12.5,,,,,,,,973,,5.4,,47,3.2,46.3,0,0,0,0,,,,
BASSTA,2009,11,28,16,11.5,,,,,,,,972.7,,3.7,,1,0,1,0,0,0,0,,,,
BASSTA,2009,11,28,17,9.3,,,,,,,,972.3,,2.1,,1,0,0,0,0,0,0,,,,
BASSTA,2009,11,28,18,8.6,,,,,,,,971.9,,1.8,,1,0,0,0,0,0,0,,,,
BASSTA,2009,11,28,19,7.5,,,,,,,,972,,2.6,,1,0,0,0,0,0,0,,,,
BASSTA,2009,11,28,20,7.2,,,,,,,,971.5,,4.3,,1,0,0,0,0,0,0,,,,
BASSTA,2009,11,28,21,6.5,,,,,,,,970.9,,3.9,,1,0,0,0,0,0,0,,,,
BASSTA,2009,11,28,22,5.7,,,,,,,,970.5,,4.1,,1,0,0,0,0,0,0,,,,
BASSTA,2009,11,28,23,5.1,,,,,,,,970,,3.2,,1,0,0,0,0,0,0,,,,
BASSTA,2009,11,29,0,5,,,,,,,,969,,4.6,,1,0,0,0,0,0,0,,,,
BASSTA,2009,11,29,1,4.5,,,,,,,,968.9,,3.4,,1,0,0,0,0,0,0,,,,
BASSTA,2009,11,29,2,3.6,,,,,,,,968.5,,2.3,,1,0,0,0,0,0,0,,,,
BASSTA,2009,11,29,3,4.4,,,,,,,,967.9,,4.2,,2,0,0,0,0,0,0,,,,
BASSTA,2009,11,29,4,4.5,,,,,,,,967.2,,5.5,,2,0,0,0,0,0,0,,,,
BASSTA,2009,11,29,5,4.7,,,,,,,,966.5,,4.8,,2,0,0,0,0,0,0,,,,
BASSTA,2009,11,29,6,5.2,,,,,,,,966.5,,4.2,,2,0,0,0,0,0,0,,,,
BASSTA,2009,11,29,7,5.9,,,,,,,,966.2,,4.3,,15,0,0,0,0,0,0,,,,
BASSTA,2009,11,29,8,5.5,,,,,,,,966.1,,5.3,,76,0,0,0,0,0,0,,,,
BASSTA,2009,11,29,9,6.2,,,,,,,,966.1,,5.6,,112,404.1,55.8,0,0,0,0,,,,
BASSTA,2009,11,29,10,7.1,,,,,,,,965.9,,5.4,,138,86.3,116.6,0,0,0,0,,,,
BASSTA,2009,11,29,11,6.9,,,,,,,,964.6,,5.4,,57,2,56.4,0,0,0,0,,,,
BASSTA,2009,11,29,12,7.3,,,,,,,,963.6,,4.5,,60,1.8,59.4,0,0,0,0,,,,
BASSTA,2009,11,29,13,7.3,,,,,,,,963.1,,3.8,,59,1.9,58.4,0,0,0,0,,,,
BASSTA,2009,11,29,14,7.3,,,,,,,,962.6,,3.6,,32,0.7,31.8,0,0,0,0,,,,
BASSTA,2009,11,29,15,7.6,,,,,,,,961.8,,4.2,,8,0.1,8,0,0,0,0,,,,
BASSTA,2009,11,29,16,7.4,,,,,,,,960.9,,5,,2,0,2,0,0,0,0,,,,
BASSTA,2009,11,29,17,7.3,,,,,,,,960.4,,4.8,,2,0,0,0,0,0,0,,,,
BASSTA,2009,11,29,18,7,,,,,,,,960.9,,1.6,,3,0,0,0,0,0,0,,,,
BASSTA,2009,11,29,19,6.4,,,,,,,,960.8,,1.2,,3,0,0,0,0,0,0,,,,
BASSTA,2009,11,29,20,6.9,,,,,,,,960.4,,1.9,,2,0,0,0,0,0,0,,,,
BASSTA,2009,11,29,21,6.8,,,,,,,,960.9,,1.8,,3,0,0,0,0,0,0,,,,
BASSTA,2009,11,29,22,7.4,,,,,,,,961.3,,5.1,,3,0,0,0,0,0,0,,,,
BASSTA,2009,11,29,23,6.5,,,,,,,,961.4,,2.5,,3,0,0,0,0,0,0,,,,
BASSTA,2009,11,30,0,5.7,,,,,,,,961.5,,1.6,,2,0,0,0,0,0,0,,,,
BASSTA,2009,11,30,1,5,,,,,,,,961.3,,1.2,,3,0,0,0,0,0,0,,,,
BASSTA,2009,11,30,2,4.9,,,,,,,,960.9,,1.1,,2,0,0,0,0,0,0,,,,
BASSTA,2009,11,30,3,4.9,,,,,,,,960.8,,1,,2,0,0,0,0,0,0,,,,
BASSTA,2009,11,30,4,4.7,,,,,,,,960.8,,2.6,,2,0,0,0,0,0,0,,,,
BASSTA,2009,11,30,5,4,,,,,,,,960.7,,4.1,,2,0,0,0,0,0,0,,,,
BASSTA,2009,11,30,6,4,,,,,,,,960.7,,4,,2,0,0,0,0,0,0,,,,
BASSTA,2009,11,30,7,4.1,,,,,,,,961,,2.7,,4,0,0,0,0,0,0,,,,
BASSTA,2009,11,30,8,4.3,,,,,,,,961.5,,0.5,,11,0,0,0,0,0,0,,,,
BASSTA,2009,11,30,9,4.7,,,,,,,,962,,0.7,,24,2,23.7,0,0,0,0,,,,
BASSTA,2009,11,30,10,5,,,,,,,,962,,1,,39,1.6,38.6,0,0,0,0,,,,
BASSTA,2009,11,30,11,5,,,,,,,,961.9,,1.2,,37,0.9,36.7,0,0,0,0,,,,
BASSTA,2009,11,30,12,4.9,,,,,,,,961.8,,1.7,,32,0.5,31.8,0,0,0,0,,,,
BASSTA,2009,11,30,13,4.8,,,,,,,,961.9,,1.6,,22,0.3,21.9,0,0,0,0,,,,
BASSTA,2009,11,30,14,4.7,,,,,,,,962.1,,1.6,,15,0.2,15,0,0,0,0,,,,
BASSTA,2009,11,30,15,4.6,,,,,,,,962.6,,1.8,,5,0,5,0,0,0,0,,,,
BASSTA,2009,11,30,16,4.1,,,,,,,,963,,2.2,,2,0,2,0,0,0,0,,,,
BASSTA,2009,11,30,17,3.5,,,,,,,,963.5,,2.8,,2,0,0,0,0,0,0,,,,
BASSTA,2009,11,30,18,3.4,,,,,,,,964.2,,2.2,,2,0,0,0,0,0,0,,,,
BASSTA,2009,11,30,19,3.2,,,,,,,,964.8,,2.1,,2,0,0,0,0,0,0,,,,
BASSTA,2009,11,30,20,3.1,,,,,,,,965.1,,1.6,,2,0,0,0,0,0,0,,,,
BASSTA,2009,11,30,21,2.9,,,,,,,,965.8,,2.1,,2,0,0,0,0,0,0,,,,
BASSTA,2009,11,30,22,2.8,,,,,,,,966.4,,1.6,,2,0,0,0,0,0,0,,,,
BASSTA,2009,11,30,23,2.8,,,,,,,,966.6,,1.8,,2,0,0,0,0,0,0,,,,
BASSTA,2009,12,1,0,2.8,,,,,,,,966.6,,2.1,,1,0,0,0,0,0,0,,,,
BASSTA,2009,12,1,1,3.1,,,,,,,,967,,1.5,,2,0,0,0,0,0,0,,,,
BASSTA,2009,12,1,2,3.3,,,,,,,,967.4,,2.1,,2,0,0,0,0,0,0,,,,
BASSTA,2009,12,1,3,3.2,,,,,,,,967.8,,1.4,,1,0,0,0,0,0,0,,,,
BASSTA,2009,12,1,4,3.6,,,,,,,,968.4,,0.7,,1,0,0,0,0,0,0,,,,
BASSTA,2009,12,1,5,3.9,,,,,,,,969.1,,0.9,,1,0,0,0,0,0,0,,,,
BASSTA,2009,12,1,6,4,,,,,,,,969.8,,0.9,,1,0,0,0,0,0,0,,,,
BASSTA,2009,12,1,7,4,,,,,,,,970.6,,0.9,,10,0,0,0,0,0,0,,,,
BASSTA,2009,12,1,8,4.5,,,,,,,,971.5,,1.3,,31,0,0,0,0,0,0,,,,
BASSTA,2009,12,1,9,5.1,,,,,,,,972.4,,0.8,,68,57.3,60.4,0,0,0,0,,,,
BASSTA,2009,12,1,10,5.7,,,,,,,,972.9,,1.7,,90,11.9,87.1,0,0,0,0,,,,
BASSTA,2009,12,1,11,5.7,,,,,,,,973.3,,1.6,,61,2.4,60.2,0,0,0,0,,,,
BASSTA,2009,12,1,12,6,,,,,,,,973.5,,1.8,,103,5.5,101.1,0,0,0,0,,,,
BASSTA,2009,12,1,13,6.1,,,,,,,,973.8,,1.9,,70,2.7,69.1,0,0,0,0,,,,
BASSTA,2009,12,1,14,5.4,,,,,,,,974.1,,2.4,,25,0.5,24.9,0,0,0,0,,,,
BASSTA,2009,12,1,15,5.6,,,,,,,,974.7,,1.6,,18,0.5,17.9,0,0,0,0,,,,
BASSTA,2009,12,1,16,5,,,,,,,,975.5,,2.7,,1,0,1,0,0,0,0,,,,
BASSTA,2009,12,1,17,4.8,,,,,,,,976,,3,,1,0,0,0,0,0,0,,,,
BASSTA,2009,12,1,18,4.9,,,,,,,,976.4,,2.5,,1,0,0,0,0,0,0,,,,
BASSTA,2009,12,1,19,4.8,,,,,,,,976.8,,1.4,,1,0,0,0,0,0,0,,,,
BASSTA,2009,12,1,20,4.8,,,,,,,,977.1,,1.1,,1,0,0,0,0,0,0,,,,
BASSTA,2009,12,1,21,4.7,,,,,,,,977.3,,0.8,,1,0,0,0,0,0,0,,,,
BASSTA,2009,12,1,22,4.3,,,,,,,,977.4,,1.3,,1,0,0,0,0,0,0,,,,
BASSTA,2009,12,1,23,3.4,,,,,,,,977.3,,1.4,,1,0,0,0,0,0,0,,,,
BASSTA,2009,12,2,0,3,,,,,,,,977.4,,1.4,,1,0,0,0,0,0,0,,,,
BASSTA,2009,12,2,1,3.2,,,,,,,,977.6,,1.7,,1,0,0,0,0,0,0,,,,
BASSTA,2009,12,2,2,2.3,,,,,,,,977.6,,1.5,,1,0,0,0,0,0,0,,,,
BASSTA,2009,12,2,3,1.7,,,,,,,,977.6,,1.1,,1,0,0,0,0,0,0,,,,
BASSTA,2009,12,2,4,1.5,,,,,,,,977.4,,2.5,,1,0,0,0,0,0,0,,,,
BASSTA,2009,12,2,5,1.5,,,,,,,,977,,2.2,,1,0,0,0,0,0,0,,,,
BASSTA,2009,12,2,6,2,,,,,,,,977.2,,2.2,,2,0,0,0,0,0,0,,,,
BASSTA,2009,12,2,7,2,,,,,,,,977.1,,2.7,,8,0,0,0,0,0,0,,,,
BASSTA,2009,12,2,8,2.5,,,,,,,,977.1,,3.9,,80,0,0,0,0,0,0,,,,
BASSTA,2009,12,2,9,3.4,,,,,,,,976.9,,4.5,,171,1099.6,28.2,0,0,0,0,,,,
BASSTA,2009,12,2,10,4.3,,,,,,,,976.6,,4.6,,228,689.1,63.5,0,0,0,0,,,,
BASSTA,2009,12,2,11,5,,,,,,,,976,,4.6,,253,407,125.6,0,0,0,0,,,,
BASSTA,2009,12,2,12,5.5,,,,,,,,975.3,,4.6,,235,203.6,164.2,0,0,0,0,,,,
BASSTA,2009,12,2,13,5.7,,,,,,,,974.6,,4.5,,198,105.9,162,0,0,0,0,,,,
BASSTA,2009,12,2,14,5.5,,,,,,,,974.2,,5,,123,22.2,116.6,0,0,0,0,,,,
BASSTA,2009,12,2,15,4.9,,,,,,,,974.3,,5,,25,1,24.8,0,0,0,0,,,,
BASSTA,2009,12,2,16,4.3,,,,,,,,974.4,,4.8,,1,0,1,0,0,0,0,,,,
BASSTA,2009,12,2,17,4.3,,,,,,,,974.2,,4.9,,2,0,0,0,0,0,0,,,,
BASSTA,2009,12,2,18,4.3,,,,,,,,974.1,,5.4,,1,0,0,0,0,0,0,,,,
BASSTA,2009,12,2,19,4.4,,,,,,,,973.8,,5.6,,2,0,0,0,0,0,0,,,,
BASSTA,2009,12,2,20,4.5,,,,,,,,973.5,,5.4,,2,0,0,0,0,0,0,,,,
BASSTA,2009,12,2,21,4.2,,,,,,,,973.3,,5.6,,1,0,0,0,0,0,0,,,,
BASSTA,2009,12,2,22,4.1,,,,,,,,973.2,,5.1,,1,0,0,0,0,0,0,,,,
BASSTA,2009,12,2,23,4.2,,,,,,,,972.9,,5.4,,2,0,0,0,0,0,0,,,,
BASSTA,2009,12,3,0,4,,,,,,,,972.5,,6,,1,0,0,0,0,0,0,,,,
BASSTA,2009,12,3,1,3.4,,,,,,,,972.2,,7.3,,1,0,0,0,0,0,0,,,,
BASSTA,2009,12,3,2,3,,,,,,,,972,,6.7,,1,0,0,0,0,0,0,,,,
BASSTA,2009,12,3,3,2.7,,,,,,,,971.8,,6.7,,2,0,0,0,0,0,0,,,,
BASSTA,2009,12,3,4,2.5,,,,,,,,971.8,,6.3,,2,0,0,0,0,0,0,,,,
BASSTA,2009,12,3,5,2.4,,,,,,,,971.5,,6.3,,2,0,0,0,0,0,0,,,,
BASSTA,2009,12,3,6,2.5,,,,,,,,971.8,,5.5,,2,0,0,0,0,0,0,,,,
BASSTA,2009,12,3,7,2.6,,,,,,,,972.1,,5,,9,0,0,0,0,0,0,,,,
BASSTA,2009,12,3,8,3,,,,,,,,972.2,,5,,58,0,0,0,0,0,0,,,,
BASSTA,2009,12,3,9,3.6,,,,,,,,972.1,,5,,99,357.5,53.6,0,0,0,0,,,,
BASSTA,2009,12,3,10,4.4,,,,,,,,971.8,,5.5,,157,190.7,112,0,0,0,0,,,,
BASSTA,2009,12,3,11,5.8,,,,,,,,971.3,,4.4,,168,74.7,144.8,0,0,0,0,,,,
BASSTA,2009,12,3,12,6.3,,,,,,,,970.6,,4.3,,132,13.4,127.4,0,0,0,0,,,,
BASSTA,2009,12,3,13,6.9,,,,,,,,970,,3.4,,132,14.9,127,0,0,0,0,,,,
BASSTA,2009,12,3,14,7,,,,,,,,970.1,,2.2,,52,2.1,51.4,0,0,0,0,,,,
BASSTA,2009,12,3,15,6.6,,,,,,,,970.1,,2.6,,8,0.1,8,0,0,0,0,,,,
BASSTA,2009,12,3,16,6.3,,,,,,,,970,,3.7,,3,0.1,3,0,0,0,0,,,,
BASSTA,2009,12,3,17,6,,,,,,,,970,,2.5,,2,0,0,0,0,0,0,,,,
BASSTA,2009,12,3,18,5.6,,,,,,,,969.7,,4,,2,0,0,0,0,0,0,,,,
BASSTA,2009,12,3,19,5.5,,,,,,,,969.7,,3.6,,2,0,0,0,0,0,0,,,,
BASSTA,2009,12,3,20,5.6,,,,,,,,969.7,,3.5,,3,0,0,0,0,0,0,,,,
BASSTA,2009,12,3,21,5.9,,,,,,,,969.7,,2.6,,2,0,0,0,0,0,0,,,,
BASSTA,2009,12,3,22,6.3,,,,,,,,969.7,,2,,3,0,0,0,0,0,0,,,,
BASSTA,2009,12,3,23,6,,,,,,,,969.8,,2.6,,3,0,0,0,0,0,0,,,,
BASSTA,2009,12,4,0,5.3,,,,,,,,970.7,,4.5,,2,0,0,0,0,0,0,,,,
BASSTA,2009,12,4,1,4.5,,,,,,,,971.1,,3.7,,2,0,0,0,0,0,0,,,,
BASSTA,2009,12,4,2,4.1,,,,,,,,971,,2.6,,2,0,0,0,0,0,0,,,,
BASSTA,2009,12,4,3,4.1,,,,,,,,970.9,,3,,2,0,0,0,0,0,0,,,,
BASSTA,2009,12,4,4,3.3,,,,,,,,971.1,,3.9,,3,0,0,0,0,0,0,,,,
BASSTA,2009,12,4,5,3.1,,,,,,,,971,,4.1,,2,0,0,0,0,0,0,,,,
BASSTA,2009,12,4,6,2.7,,,,,,,,971.1,,2,,2,0,0,0,0,0,0,,,,
BASSTA,2009,12,4,7,2.6,,,,,,,,971.5,,1.2,,7,0,0,0,0,0,0,,,,
BASSTA,2009,12,4,8,2.8,,,,,,,,972.1,,1.2,,39,0,0,0,0,0,0,,,,
BASSTA,2009,12,4,9,3.3,,,,,,,,972.8,,0.8,,117,663.5,34.6,0,0,0,0,,,,
BASSTA,2009,12,4,10,4.6,,,,,,,,973.6,,0.6,,189,411.1,93.1,0,0,0,0,,,,
BASSTA,2009,12,4,11,5.7,,,,,,,,973.9,,1.8,,258,461,116,0,0,0,0,,,,
BASSTA,2009,12,4,12,5.9,,,,,,,,974.3,,1.4,,196,96.7,162.8,0,0,0,0,,,,
BASSTA,2009,12,4,13,6.4,,,,,,,,974.8,,1.3,,186,83.6,157.9,0,0,0,0,,,,
BASSTA,2009,12,4,14,5.9,,,,,,,,975.4,,1.5,,72,4,70.8,0,0,0,0,,,,
BASSTA,2009,12,4,15,5.3,,,,,,,,976.2,,2.2,,37,2.2,36.6,0,0,0,0,,,,
BASSTA,2009,12,4,16,3.8,,,,,,,,976.9,,2.3,,2,0,2,0,0,0,0,,,,
BASSTA,2009,12,4,17,2.3,,,,,,,,977.4,,2.4,,2,0,0,0,0,0,0,,,,
BASSTA,2009,12,4,18,2.1,,,,,,,,978,,2.7,,2,0,0,0,0,0,0,,,,
BASSTA,2009,12,4,19,2.1,,,,,,,,978.5,,1,,2,0,0,0,0,0,0,,,,
BASSTA,2009,12,4,20,2.1,,,,,,,,978.9,,1.2,,3,0,0,0,0,0,0,,,,
BASSTA,2009,12,4,21,2.2,,,,,,,,979,,1.2,,2,0,0,0,0,0,0,,,,
BASSTA,2009,12,4,22,1.1,,,,,,,,979.2,,1,,2,0,0,0,0,0,0,,,,
BASSTA,2009,12,4,23,0.9,,,,,,,,979,,0.8,,2,0,0,0,0,0,0,,,,
BASSTA,2009,12,5,0,0.6,,,,,,,,978.8,,1.4,,2,0,0,0,0,0,0,,,,
BASSTA,2009,12,5,1,0.1,,,,,,,,978.6,,1.7,,2,0,0,0,0,0,0,,,,
BASSTA,2009,12,5,2,0,,,,,,,,978.4,,2.8,,3,0,0,0,0,0,0,,,,
BASSTA,2009,12,5,3,-0.2,,,,,,,,978.5,,2.6,,2,0,0,0,0,0,0,,,,
BASSTA,2009,12,5,4,-0.1,,,,,,,,978.3,,3.3,,2,0,0,0,0,0,0,,,,
BASSTA,2009,12,5,5,0.2,,,,,,,,978.3,,3.5,,2,0,0,0,0,0,0,,,,
BASSTA,2009,12,5,6,0.6,,,,,,,,978.3,,3.7,,3,0,0,0,0,0,0,,,,
BASSTA,2009,12,5,7,0.7,,,,,,,,978,,4.5,,7,0,0,0,0,0,0,,,,
BASSTA,2009,12,5,8,1.2,,,,,,,,977.9,,4.4,,37,0,0,0,0,0,0,,,,
BASSTA,2009,12,5,9,2,,,,,,,,978.2,,4.9,,120,749.9,28.9,0,0,0,0,,,,
BASSTA,2009,12,5,10,2.9,,,,,,,,978.1,,5.1,,105,31.8,97.7,0,0,0,0,,,,
BASSTA,2009,12,5,11,3.4,,,,,,,,978.2,,4.4,,106,8.8,103.3,0,0,0,0,,,,
BASSTA,2009,12,5,12,3.9,,,,,,,,978.1,,3.9,,97,5.2,95.2,0,0,0,0,,,,
BASSTA,2009,12,5,13,4.4,,,,,,,,978.2,,3.5,,69,2.7,68.1,0,0,0,0,,,,
BASSTA,2009,12,5,14,4.5,,,,,,,,978.2,,4,,40,1.3,39.6,0,0,0,0,,,,
BASSTA,2009,12,5,15,4.6,,,,,,,,977.8,,4.3,,27,1.2,26.8,0,0,0,0,,,,
BASSTA,2009,12,5,16,4.8,,,,,,,,977.9,,4.7,,3,0.1,3,0,0,0,0,,,,
BASSTA,2009,12,5,17,4.9,,,,,,,,978.1,,4.5,,3,0,0,0,0,0,0,,,,
BASSTA,2009,12,5,18,5,,,,,,,,978.1,,4.3,,3,0,0,0,0,0,0,,,,
BASSTA,2009,12,5,19,4.8,,,,,,,,978.2,,4.2,,3,0,0,0,0,0,0,,,,
BASSTA,2009,12,5,20,4.5,,,,,,,,978.2,,4.8,,2,0,0,0,0,0,0,,,,
BASSTA,2009,12,5,21,4.3,,,,,,,,977.7,,4.6,,2,0,0,0,0,0,0,,,,
BASSTA,2009,12,5,22,4.1,,,,,,,,977.9,,5.1,,2,0,0,0,0,0,0,,,,
BASSTA,2009,12,5,23,4.3,,,,,,,,978.1,,4.7,,3,0,0,0,0,0,0,,,,
BASSTA,2009,12,6,0,4.3,,,,,,,,978.5,,3.9,,3,0,0,0,0,0,0,,,,
BASSTA,2009,12,6,1,4,,,,,,,,978,,5.3,,2,0,0,0,0,0,0,,,,
BASSTA,2009,12,6,2,4.1,,,,,,,,977.4,,5.6,,2,0,0,0,0,0,0,,,,
BASSTA,2009,12,6,3,4.3,,,,,,,,977.1,,6,,2,0,0,0,0,0,0,,,,
BASSTA,2009,12,6,4,4.4,,,,,,,,976.8,,5.8,,1,0,0,0,0,0,0,,,,
BASSTA,2009,12,6,5,4.7,,,,,,,,976.1,,6.2,,1,0,0,0,0,0,0,,,,
BASSTA,2009,12,6,6,5,,,,,,,,975.9,,6.3,,1,0,0,0,0,0,0,,,,
BASSTA,2009,12,6,7,5.3,,,,,,,,975.8,,6.2,,4,0,0,0,0,0,0,,,,
BASSTA,2009,12,6,8,5.7,,,,,,,,975.9,,6.4,,28,0,0,0,0,0,0,,,,
BASSTA,2009,12,6,9,6.2,,,,,,,,975.8,,6.7,,86,268.1,54.1,0,0,0,0,,,,
BASSTA,2009,12,6,10,6.8,,,,,,,,975.7,,5.6,,94,19.2,89.6,0,0,0,0,,,,
BASSTA,2009,12,6,11,7.2,,,,,,,,975,,5.7,,85,5,83.5,0,0,0,0,,,,
BASSTA,2009,12,6,12,7.7,,,,,,,,974.4,,5.4,,106,6.4,103.8,0,0,0,0,,,,
BASSTA,2009,12,6,13,8.1,,,,,,,,973.9,,5,,67,2.6,66.1,0,0,0,0,,,,
BASSTA,2009,12,6,14,8.3,,,,,,,,974.2,,4.1,,31,0.8,30.8,0,0,0,0,,,,
BASSTA,2009,12,6,15,8,,,,,,,,973.7,,6.2,,8,0.1,8,0,0,0,0,,,,
BASSTA,2009,12,6,16,7.8,,,,,,,,974,,4.7,,2,0,2,0,0,0,0,,,,
BASSTA,2009,12,6,17,7.6,,,,,,,,974.8,,3.3,,1,0,0,0,0,0,0,,,,
BASSTA,2009,12,6,18,7.5,,,,,,,,975.2,,4.1,,1,0,0,0,0,0,0,,,,
BASSTA,2009,12,6,19,7.4,,,,,,,,975.3,,4.2,,1,0,0,0,0,0,0,,,,
BASSTA,2009,12,6,20,7.8,,,,,,,,975.5,,4.1,,2,0,0,0,0,0,0,,,,
BASSTA,2009,12,6,21,7.7,,,,,,,,976,,4,,2,0,0,0,0,0,0,,,,
BASSTA,2009,12,6,22,7.9,,,,,,,,976.5,,4.3,,2,0,0,0,0,0,0,,,,
BASSTA,2009,12,6,23,8.1,,,,,,,,977,,3,,2,0,0,0,0,0,0,,,,
BASSTA,2009,12,7,0,8.7,,,,,,,,977,,3.5,,1,0,0,0,0,0,0,,,,
BASSTA,2009,12,7,1,8.7,,,,,,,,977.4,,2,,1,0,0,0,0,0,0,,,,
BASSTA,2009,12,7,2,8.6,,,,,,,,977.7,,1,,2,0,0,0,0,0,0,,,,
BASSTA,2009,12,7,3,8.7,,,,,,,,977.9,,1.4,,1,0,0,0,0,0,0,,,,
BASSTA,2009,12,7,4,8.9,,,,,,,,978,,0.7,,2,0,0,0,0,0,0,,,,
BASSTA,2009,12,7,5,9.1,,,,,,,,978.2,,1.6,,1,0,0,0,0,0,0,,,,
BASSTA,2009,12,7,6,9.1,,,,,,,,978,,2.5,,1,0,0,0,0,0,0,,,,
BASSTA,2009,12,7,7,8.9,,,,,,,,977.7,,2.2,,4,0,0,0,0,0,0,,,,
BASSTA,2009,12,7,8,9,,,,,,,,977.5,,2.5,,24,0,0,0,0,0,0,,,,
BASSTA,2009,12,7,9,9.2,,,,,,,,976.9,,2.6,,91,361.3,49,0,0,0,0,,,,
BASSTA,2009,12,7,10,9.6,,,,,,,,976.6,,3.4,,98,25,92.4,0,0,0,0,,,,
BASSTA,2009,12,7,11,10.1,,,,,,,,976.2,,3.5,,87,5.3,85.4,0,0,0,0,,,,
BASSTA,2009,12,7,12,10.2,,,,,,,,975.6,,3.3,,49,1.4,48.5,0,0,0,0,,,,
BASSTA,2009,12,7,13,10.2,,,,,,,,974.9,,4.1,,40,0.9,39.7,0,0,0,0,,,,
BASSTA,2009,12,7,14,9.9,,,,,,,,974.5,,3.5,,13,0.1,13,0,0,0,0,,,,
BASSTA,2009,12,7,15,9.7,,,,,,,,974.5,,4,,4,0,4,0,0,0,0,,,,
BASSTA,2009,12,7,16,9.6,,,,,,,,974.4,,3.2,,2,0,2,0,0,0,0,,,,
BASSTA,2009,12,7,17,9.6,,,,,,,,974.1,,3.6,,1,0,0,0,0,0,0,,,,
BASSTA,2009,12,7,18,9.7,,,,,,,,973.7,,4,,2,0,0,0,0,0,0,,,,
BASSTA,2009,12,7,19,9.7,,,,,,,,973,,3.8,,1,0,0,0,0,0,0,,,,
BASSTA,2009,12,7,20,9.7,,,,,,,,972.4,,3.8,,2,0,0,0,0,0,0,,,,
BASSTA,2009,12,7,21,9.6,,,,,,,,971.9,,4.7,,1,0,0,0,0,0,0,,,,
BASSTA,2009,12,7,22,9.7,,,,,,,,972.1,,3.7,,2,0,0,0,0,0,0,,,,
BASSTA,2009,12,7,23,9.6,,,,,,,,972.5,,3.7,,2,0,0,0,0,0,0,,,,
BASSTA,2009,12,8,0,9.6,,,,,,,,972.4,,4.3,,1,0,0,0,0,0,0,,,,
BASSTA,2009,12,8,1,8.8,,,,,,,,973.2,,5.6,,1,0,0,0,0,0,0,,,,
BASSTA,2009,12,8,2,8.6,,,,,,,,972.8,,4.8,,1,0,0,0,0,0,0,,,,
BASSTA,2009,12,8,3,7.1,,,,,,,,974.3,,6.3,,2,0,0,0,0,0,0,,,,
BASSTA,2009,12,8,4,6.5,,,,,,,,975.1,,4.8,,1,0,0,0,0,0,0,,,,
BASSTA,2009,12,8,5,6.1,,,,,,,,976.7,,5.6,,1,0,0,0,0,0,0,,,,
BASSTA,2009,12,8,6,5.8,,,,,,,,978.1,,3.6,,1,0,0,0,0,0,0,,,,
BASSTA,2009,12,8,7,6,,,,,,,,979.2,,3.6,,5,0,0,0,0,0,0,,,,
BASSTA,2009,12,8,8,6.3,,,,,,,,979.9,,3,,44,0,0,0,0,0,0,,,,
BASSTA,2009,12,8,9,6.7,,,,,,,,980.5,,3.5,,88,345,48.7,0,0,0,0,,,,
BASSTA,2009,12,8,10,7.5,,,,,,,,980.9,,3.4,,179,394.4,91,0,0,0,0,,,,
BASSTA,2009,12,8,11,7.8,,,,,,,,980.8,,3.9,,140,36.5,129.1,0,0,0,0,,,,
BASSTA,2009,12,8,12,7.9,,,,,,,,981,,3.7,,149,28.1,139.6,0,0,0,0,,,,
BASSTA,2009,12,8,13,8.1,,,,,,,,981,,3.8,,165,51.4,148.1,0,0,0,0,,,,
BASSTA,2009,12,8,14,8,,,,,,,,981.5,,3.9,,113,16.9,108.2,0,0,0,0,,,,
BASSTA,2009,12,8,15,6.9,,,,,,,,982,,3.1,,26,1.1,25.8,0,0,0,0,,,,
BASSTA,2009,12,8,16,6.6,,,,,,,,982.7,,2.7,,1,0,1,0,0,0,0,,,,
BASSTA,2009,12,8,17,5.9,,,,,,,,983.3,,3.2,,1,0,0,0,0,0,0,,,,
BASSTA,2009,12,8,18,6,,,,,,,,983.7,,3.8,,1,0,0,0,0,0,0,,,,
BASSTA,2009,12,8,19,6.4,,,,,,,,984,,3.8,,2,0,0,0,0,0,0,,,,
BASSTA,2009,12,8,20,6.4,,,,,,,,984.5,,4.1,,1,0,0,0,0,0,0,,,,
BASSTA,2009,12,8,21,6.3,,,,,,,,984.9,,2.3,,1,0,0,0,0,0,0,,,,
BASSTA,2009,12,8,22,6.1,,,,,,,,985.3,,2.1,,2,0,0,0,0,0,0,,,,
BASSTA,2009,12,8,23,5.4,,,,,,,,985.4,,2.7,,1,0,0,0,0,0,0,,,,
BASSTA,2009,12,9,0,3.9,,,,,,,,985.8,,2.5,,1,0,0,0,0,0,0,,,,
BASSTA,2009,12,9,1,3.5,,,,,,,,986,,1.1,,1,0,0,0,0,0,0,,,,
BASSTA,2009,12,9,2,3.2,,,,,,,,986.2,,1.7,,1,0,0,0,0,0,0,,,,
BASSTA,2009,12,9,3,2.7,,,,,,,,986.5,,1.3,,2,0,0,0,0,0,0,,,,
BASSTA,2009,12,9,4,2.3,,,,,,,,986.9,,2.1,,2,0,0,0,0,0,0,,,,
BASSTA,2009,12,9,5,2.3,,,,,,,,987.4,,2,,2,0,0,0,0,0,0,,,,
BASSTA,2009,12,9,6,2,,,,,,,,988,,2.6,,2,0,0,0,0,0,0,,,,
BASSTA,2009,12,9,7,2.1,,,,,,,,988.3,,3.6,,9,0,0,0,0,0,0,,,,
BASSTA,2009,12,9,8,2.3,,,,,,,,988.3,,3.4,,74,0,0,0,0,0,0,,,,
BASSTA,2009,12,9,9,3.8,,,,,,,,988.7,,2.3,,160,1198.6,26.4,0,0,0,0,,,,
BASSTA,2009,12,9,10,5.8,,,,,,,,988.8,,2.3,,232,852.9,43.5,0,0,0,0,,,,
BASSTA,2009,12,9,11,7.1,,,,,,,,988.5,,2.7,,279,657.4,83.9,0,0,0,0,,,,
BASSTA,2009,12,9,12,8.3,,,,,,,,988.2,,2.9,,271,414.7,132.8,0,0,0,0,,,,
BASSTA,2009,12,9,13,8.6,,,,,,,,988.2,,2,,219,193.4,155.7,0,0,0,0,,,,
BASSTA,2009,12,9,14,8.5,,,,,,,,988.4,,1.9,,107,13.3,103.3,0,0,0,0,,,,
BASSTA,2009,12,9,15,7.5,,,,,,,,988.8,,2.2,,29,1.4,28.7,0,0,0,0,,,,
BASSTA,2009,12,9,16,6.6,,,,,,,,989,,1.8,,0,0,0,0,0,0,0,,,,
BASSTA,2009,12,9,17,5.5,,,,,,,,989.4,,2.3,,0,0,0,0,0,0,0,,,,
BASSTA,2009,12,9,18,4.8,,,,,,,,989.8,,2.6,,0,0,0,0,0,0,0,,,,
BASSTA,2009,12,9,19,3.9,,,,,,,,990.3,,2.8,,0,0,0,0,0,0,0,,,,
BASSTA,2009,12,9,20,3.4,,,,,,,,990.3,,2.8,,0,0,0,0,0,0,0,,,,
BASSTA,2009,12,9,21,2.9,,,,,,,,990.2,,3.2,,0,0,0,0,0,0,0,,,,
BASSTA,2009,12,9,22,2.7,,,,,,,,990.2,,3,,0,0,0,0,0,0,0,,,,
BASSTA,2009,12,9,23,2.4,,,,,,,,990.1,,2.7,,0,0,0,0,0,0,0,,,,
BASSTA,2009,12,10,0,2.6,,,,,,,,990,,2.6,,0,0,0,0,0,0,0,,,,
BASSTA,2009,12,10,1,2.6,,,,,,,,989.7,,3.2,,0,0,0,0,0,0,0,,,,
BASSTA,2009,12,10,2,2.7,,,,,,,,989.6,,2.7,,0,0,0,0,0,0,0,,,,
BASSTA,2009,12,10,3,2.9,,,,,,,,989.5,,2.5,,0,0,0,0,0,0,0,,,,
BASSTA,2009,12,10,4,2.8,,,,,,,,989.3,,2.9,,0,0,0,0,0,0,0,,,,
BASSTA,2009,12,10,5,3,,,,,,,,989,,2.7,,0,0,0,0,0,0,0,,,,
BASSTA,2009,12,10,6,3.2,,,,,,,,988.7,,2.9,,0,0,0,0,0,0,0,,,,
BASSTA,2009,12,10,7,3,,,,,,,,989,,2.6,,1,0,0,0,0,0,0,,,,
BASSTA,2009,12,10,8,3.4,,,,,,,,988.8,,2.3,,17,0,0,0,0,0,0,,,,
BASSTA,2009,12,10,9,4.1,,,,,,,,988.7,,2.3,,32,0,45,0,0,0,0,,,,
BASSTA,2009,12,10,10,4.6,,,,,,,,988.9,,1.9,,41,0,54,0,0,0,0,,,,
BASSTA,2009,12,10,11,7.6,,,,,,,,988.6,,1.8,,43,0,50,0,0,0,0,,,,
BASSTA,2009,12,10,12,10.7,,,,,,,,988.5,,4.3,,86,0,92,0,0,0,0,,,,
BASSTA,2009,12,10,13,10.8,,,,,,,,988.6,,4.1,,161,236.1,84,0,0,0,0,,,,
BASSTA,2009,12,10,14,10.4,,,,,,,,988.7,,4.9,,96,146.8,55,0,0,0,0,,,,
BASSTA,2009,12,10,15,9.5,,,,,,,,989.1,,2.7,,14,0,26,0,0,0,0,,,,
BASSTA,2009,12,10,16,9.1,,,,,,,,989.3,,3.4,,0,0,0,0,0,0,0,,,,
BASSTA,2009,12,10,17,8.2,,,,,,,,989.4,,3.6,,0,0,0,0,0,0,0,,,,
BASSTA,2009,12,10,18,7.9,,,,,,,,989.5,,3.5,,0,0,0,0,0,0,0,,,,
BASSTA,2009,12,10,19,7.3,,,,,,,,989.5,,3.5,,0,0,0,0,0,0,0,,,,
BASSTA,2009,12,10,20,7.3,,,,,,,,989.6,,3.4,,0,0,0,0,0,0,0,,,,
BASSTA,2009,12,10,21,6.6,,,,,,,,989.5,,3.7,,0,0,0,0,0,0,0,,,,
BASSTA,2009,12,10,22,6.7,,,,,,,,989.6,,1.4,,0,0,0,0,0,0,0,,,,
BASSTA,2009,12,10,23,6.7,,,,,,,,989.5,,2.8,,0,0,0,0,0,0,0,,,,
BASSTA,2009,12,11,0,6.1,,,,,,,,989.1,,3.2,,0,0,0,0,0,0,0,,,,
BASSTA,2009,12,11,1,5.8,,,,,,,,988.7,,3.3,,0,0,0,0,0,0,0,,,,
BASSTA,2009,12,11,2,5.6,,,,,,,,988.4,,3.6,,0,0,0,0,0,0,0,,,,
BASSTA,2009,12,11,3,5.6,,,,,,,,988.4,,1,,0,0,0,0,0,0,0,,,,
BASSTA,2009,12,11,4,5.6,,,,,,,,987.9,,2.2,,0,0,0,0,0,0,0,,,,
BASSTA,2009,12,11,5,5.5,,,,,,,,987.8,,0.6,,0,0,0,0,0,0,0,,,,
BASSTA,2009,12,11,6,5.3,,,,,,,,987.6,,2.2,,0,0,0,0,0,0,0,,,,
BASSTA,2009,12,11,7,5.4,,,,,,,,987.3,,2.6,,1,0,0,0,0,0,0,,,,
BASSTA,2009,12,11,8,5.5,,,,,,,,987.1,,2.3,,12,0,0,0,0,0,0,,,,
BASSTA,2009,12,11,9,5.4,,,,,,,,986.6,,3.9,,31,0,47,0,0,0,0,,,,
BASSTA,2009,12,11,10,5.5,,,,,,,,986.3,,2.9,,23,0,38,0,0,0,0,,,,
BASSTA,2009,12,11,11,5.6,,,,,,,,985.8,,2.7,,26,0,39,0,0,0,0,,,,
BASSTA,2009,12,11,12,5.6,,,,,,,,985.1,,3.4,,32,0,46,0,0,0,0,,,,
BASSTA,2009,12,11,13,5.7,,,,,,,,984.7,,2.9,,17,0,32,0,0,0,0,,,,
BASSTA,2009,12,11,14,5.8,,,,,,,,984.3,,3.5,,26,0,43,0,0,0,0,,,,
BASSTA,2009,12,11,15,5.2,,,,,,,,984.9,,2.4,,1,0,21,0,0,0,0,,,,
BASSTA,2009,12,11,16,4.3,,,,,,,,985.2,,1.8,,0,0,0,0,0,0,0,,,,
BASSTA,2009,12,11,17,4.3,,,,,,,,985.4,,1.7,,0,0,0,0,0,0,0,,,,
BASSTA,2009,12,11,18,4.3,,,,,,,,985.3,,2.2,,0,0,0,0,0,0,0,,,,
BASSTA,2009,12,11,19,4,,,,,,,,985.3,,2.6,,0,0,0,0,0,0,0,,,,
BASSTA,2009,12,11,20,3.7,,,,,,,,985.4,,1.8,,0,0,0,0,0,0,0,,,,
BASSTA,2009,12,11,21,3.6,,,,,,,,985.3,,1.7,,0,0,0,0,0,0,0,,,,
BASSTA,2009,12,11,22,3.4,,,,,,,,985.2,,1.4,,0,0,0,0,0,0,0,,,,
BASSTA,2009,12,11,23,3.2,,,,,,,,985.2,,1.7,,0,0,0,0,0,0,0,,,,
BASSTA,2009,12,12,0,3.3,,,,,,,,984.9,,2.1,,0,0,0,0,0,0,0,,,,
BASSTA,2009,12,12,1,3,,,,,,,,984.5,,1.8,,0,0,0,0,0,0,0,,,,
BASSTA,2009,12,12,2,2.9,,,,,,,,984.2,,2.3,,0,0,0,0,0,0,0,,,,
BASSTA,2009,12,12,3,2.6,,,,,,,,984,,1.9,,0,0,0,0,0,0,0,,,,
BASSTA,2009,12,12,4,1.9,,,,,,,,983.8,,2.8,,0,0,0,0,0,0,0,,,,
BASSTA,2009,12,12,5,1.1,,,,,,,,983.6,,2.4,,0,0,0,0,0,0,0,,,,
BASSTA,2009,12,12,6,0.6,,,,,,,,983.6,,1.4,,0,0,0,0,0,0,0,,,,
BASSTA,2009,12,12,7,0.5,,,,,,,,983.6,,1.5,,0,0,0,0,0,0,0,,,,
BASSTA,2009,12,12,8,0.5,,,,,,,,983.6,,1,,3,0,0,0,0,0,0,,,,
BASSTA,2009,12,12,9,0.8,,,,,,,,983.3,,1.6,,24,0,52,0,0,0,0,,,,
BASSTA,2009,12,12,10,1.2,,,,,,,,983.1,,1.8,,45,0,68,0,0,0,0,,,,
BASSTA,2009,12,12,11,1.4,,,,,,,,982.6,,1.9,,49,0,69,0,0,0,0,,,,
BASSTA,2009,12,12,12,1.6,,,,,,,,982,,2,,38,0,59,0,0,0,0,,,,
BASSTA,2009,12,12,13,1.8,,,,,,,,981.6,,1.6,,27,0,47,0,0,0,0,,,,
BASSTA,2009,12,12,14,2.1,,,,,,,,981.5,,1.7,,17,0,39,0,0,0,0,,,,
BASSTA,2009,12,12,15,2,,,,,,,,981.5,,1.8,,2,0,25,0,0,0,0,,,,
BASSTA,2009,12,12,16,1.9,,,,,,,,981.5,,1.6,,0,0,0,0,0,0,0,,,,
BASSTA,2009,12,12,17,1.9,,,,,,,,981.3,,2.2,,0,0,0,0,0,0,0,,,,
BASSTA,2009,12,12,18,1.7,,,,,,,,981.3,,1.8,,0,0,0,0,0,0,0,,,,
BASSTA,2009,12,12,19,1.6,,,,,,,,981.3,,1.7,,0,0,0,0,0,0,0,,,,
BASSTA,2009,12,12,20,1.5,,,,,,,,981.3,,1.5,,0,0,0,0,0,0,0,,,,
BASSTA,2009,12,12,21,1.4,,,,,,,,981.2,,1.1,,0,0,0,0,0,0,0,,,,
BASSTA,2009,12,12,22,1.4,,,,,,,,981.1,,1.1,,0,0,0,0,0,0,0,,,,
BASSTA,2009,12,12,23,1.2,,,,,,,,980.9,,1.6,,0,0,0,0,0,0,0,,,,
BASSTA,2009,12,13,0,1.1,,,,,,,,980.5,,1.5,,0,0,0,0,0,0,0,,,,
BASSTA,2009,12,13,1,1.2,,,,,,,,980.1,,1.6,,0,0,0,0,0,0,0,,,,
BASSTA,2009,12,13,2,1.1,,,,,,,,979.8,,1.9,,0,0,0,0,0,0,0,,,,
BASSTA,2009,12,13,3,0.7,,,,,,,,979.4,,2.1,,0,0,0,0,0,0,0,,,,
BASSTA,2009,12,13,4,0.1,,,,,,,,979.2,,1.6,,0,0,0,0,0,0,0,,,,
BASSTA,2009,12,13,5,-0.5,,,,,,,,979.1,,2.1,,0,0,0,0,0,0,0,,,,
BASSTA,2009,12,13,6,-1,,,,,,,,979.3,,1.9,,0,0,0,0,0,0,0,,,,
BASSTA,2009,12,13,7,-1.4,,,,,,,,979.6,,1.6,,2,0,0,0,0,0,0,,,,
BASSTA,2009,12,13,8,-1.7,,,,,,,,979.9,,1.4,,25,0,0,0,0,0,0,,,,
BASSTA,2009,12,13,9,-1.6,,,,,,,,979.9,,1.4,,55,0,87,0,0,0,0,,,,
BASSTA,2009,12,13,10,-1.1,,,,,,,,979.8,,1.6,,98,0,126,0,0,0,0,,,,
BASSTA,2009,12,13,11,-0.4,,,,,,,,979.5,,1.2,,111,0,136,0,0,0,0,,,,
BASSTA,2009,12,13,12,0.7,,,,,,,,979,,1.2,,110,0,131,0,0,0,0,,,,
BASSTA,2009,12,13,13,0.8,,,,,,,,978.6,,1.6,,52,0,72,0,0,0,0,,,,
BASSTA,2009,12,13,14,0.9,,,,,,,,978.5,,1.1,,17,0,39,0,0,0,0,,,,
BASSTA,2009,12,13,15,0.9,,,,,,,,978.5,,2.1,,3,0,27,0,0,0,0,,,,
BASSTA,2009,12,13,16,0.8,,,,,,,,978.5,,2,,0,0,0,0,0,0,0,,,,
BASSTA,2009,12,13,17,0.6,,,,,,,,978.3,,1.4,,0,0,0,0,0,0,0,,,,
BASSTA,2009,12,13,18,0.2,,,,,,,,978.3,,1.7,,0,0,0,0,0,0,0,,,,
BASSTA,2009,12,13,19,0.1,,,,,,,,978.3,,1.2,,0,0,0,0,0,0,0,,,,
BASSTA,2009,12,13,20,0.1,,,,,,,,978.3,,0.7,,0,0,0,0,0,0,0,,,,
BASSTA,2009,12,13,21,0,,,,,,,,978.5,,0.8,,0,0,0,0,0,0,0,,,,
BASSTA,2009,12,13,22,-0.3,,,,,,,,978.7,,0.6,,0,0,0,0,0,0,0,,,,
BASSTA,2009,12,13,23,-0.4,,,,,,,,978.7,,0.6,,0,0,0,0,0,0,0,,,,
BASSTA,2009,12,14,0,-0.1,,,,,,,,978.3,,1.4,,0,0,0,0,0,0,0,,,,
BASSTA,2009,12,14,1,-0.1,,,,,,,,978.1,,3.8,,0,0,0,0,0,0,0,,,,
BASSTA,2009,12,14,2,-0.3,,,,,,,,978.1,,4.1,,0,0,0,0,0,0,0,,,,
BASSTA,2009,12,14,3,-0.4,,,,,,,,978,,3.2,,0,0,0,0,0,0,0,,,,
BASSTA,2009,12,14,4,-0.5,,,,,,,,977.7,,2.9,,0,0,0,0,0,0,0,,,,
BASSTA,2009,12,14,5,-0.5,,,,,,,,977.6,,3.7,,0,0,0,0,0,0,0,,,,
BASSTA,2009,12,14,6,-0.6,,,,,,,,977.4,,3.7,,0,0,0,0,0,0,0,,,,
BASSTA,2009,12,14,7,-0.9,,,,,,,,977.4,,3.5,,5,0,0,0,0,0,0,,,,
BASSTA,2009,12,14,8,-0.6,,,,,,,,977.7,,4,,48,0,0,0,0,0,0,,,,
BASSTA,2009,12,14,9,-0.6,,,,,,,,977.8,,4.6,,32,0,63,0,0,0,0,,,,
BASSTA,2009,12,14,10,-0.7,,,,,,,,977.9,,4.3,,42,0,73,0,0,0,0,,,,
BASSTA,2009,12,14,11,-0.9,,,,,,,,977.6,,4.2,,66,0,97,0,0,0,0,,,,
BASSTA,2009,12,14,12,-0.8,,,,,,,,977.3,,3.8,,81,0,112,0,0,0,0,,,,
BASSTA,2009,12,14,13,-0.9,,,,,,,,977.2,,3.6,,91,0,122,0,0,0,0,,,,
BASSTA,2009,12,14,14,-0.8,,,,,,,,977.1,,3.8,,50,0,83,0,0,0,0,,,,
BASSTA,2009,12,14,15,-0.9,,,,,,,,977.2,,5.1,,8,0,44,0,0,0,0,,,,
BASSTA,2009,12,14,16,-1.1,,,,,,,,977.4,,4.4,,0,0,0,0,0,0,0,,,,
BASSTA,2009,12,14,17,-1.4,,,,,,,,977.4,,4,,0,0,0,0,0,0,0,,,,
BASSTA,2009,12,14,18,-1.6,,,,,,,,977.4,,4,,0,0,0,0,0,0,0,,,,
BASSTA,2009,12,14,19,-1.7,,,,,,,,977.6,,3.9,,0,0,0,0,0,0,0,,,,
BASSTA,2009,12,14,20,-1.6,,,,,,,,977.4,,3.8,,0,0,0,0,0,0,0,,,,
BASSTA,2009,12,14,21,-1.5,,,,,,,,977.2,,3.2,,0,0,0,0,0,0,0,,,,
BASSTA,2009,12,14,22,-1.5,,,,,,,,977,,3.5,,0,0,0,0,0,0,0,,,,
BASSTA,2009,12,14,23,-1.5,,,,,,,,976.8,,3.6,,0,0,0,0,0,0,0,,,,
BASSTA,2009,12,15,0,-1.6,,,,,,,,976.6,,3.6,,0,0,0,0,0,0,0,,,,
BASSTA,2009,12,15,1,-1.8,,,,,,,,976.3,,3,,0,0,0,0,0,0,0,,,,
BASSTA,2009,12,15,2,-2,,,,,,,,976.1,,3.1,,0,0,0,0,0,0,0,,,,
BASSTA,2009,12,15,3,-2.2,,,,,,,,975.9,,3.8,,0,0,0,0,0,0,0,,,,
BASSTA,2009,12,15,4,-2.3,,,,,,,,975.6,,3.2,,0,0,0,0,0,0,0,,,,
BASSTA,2009,12,15,5,-2.3,,,,,,,,975.4,,3.4,,0,0,0,0,0,0,0,,,,
BASSTA,2009,12,15,6,-2.3,,,,,,,,975.4,,3.1,,0,0,0,0,0,0,0,,,,
BASSTA,2009,12,15,7,-2.4,,,,,,,,975.6,,2.9,,0,0,0,0,0,0,0,,,,
BASSTA,2009,12,15,8,-2.4,,,,,,,,975.8,,3.2,,4,0,0,0,0,0,0,,,,
BASSTA,2009,12,15,9,-2.6,,,,,,,,975.9,,2.7,,11,0,55,0,0,0,0,,,,
BASSTA,2009,12,15,10,-2.5,,,,,,,,975.8,,2.2,,29,0,71,0,0,0,0,,,,
BASSTA,2009,12,15,11,-2.4,,,,,,,,975.4,,1.6,,73,0,112,0,0,0,0,,,,
BASSTA,2009,12,15,12,-2.1,,,,,,,,974.7,,0.9,,79,0,117,0,0,0,0,,,,
BASSTA,2009,12,15,13,-1.8,,,,,,,,974.5,,1.3,,43,0,80,0,0,0,0,,,,
BASSTA,2009,12,15,14,-1.8,,,,,,,,974.4,,1.3,,19,0,57,0,0,0,0,,,,
BASSTA,2009,12,15,15,-1.8,,,,,,,,974.6,,3,,2,0,44,0,0,0,0,,,,
BASSTA,2009,12,15,16,-2,,,,,,,,974.7,,2.5,,0,0,0,0,0,0,0,,,,
BASSTA,2009,12,15,17,-2.2,,,,,,,,974.6,,2.8,,0,0,0,0,0,0,0,,,,
BASSTA,2009,12,15,18,-2.2,,,,,,,,974.6,,2.8,,0,0,0,0,0,0,0,,,,
BASSTA,2009,12,15,19,-2,,,,,,,,974.6,,2.7,,0,0,0,0,0,0,0,,,,
BASSTA,2009,12,15,20,-2,,,,,,,,974.4,,2,,0,0,0,0,0,0,0,,,,
BASSTA,2009,12,15,21,-2,,,,,,,,974.3,,2.4,,0,0,0,0,0,0,0,,,,
BASSTA,2009,12,15,22,-2,,,,,,,,974.4,,2.4,,0,0,0,0,0,0,0,,,,
BASSTA,2009,12,15,23,-1.8,,,,,,,,974.4,,2.3,,0,0,0,0,0,0,0,,,,
BASSTA,2009,12,16,0,-1.8,,,,,,,,974.4,,2.1,,0,0,0,0,0,0,0,,,,
BASSTA,2009,12,16,1,-1.5,,,,,,,,974.1,,1.9,,0,0,0,0,0,0,0,,,,
BASSTA,2009,12,16,2,-1.9,,,,,,,,974,,1.2,,0,0,0,0,0,0,0,,,,
BASSTA,2009,12,16,3,-2,,,,,,,,973.9,,1.4,,0,0,0,0,0,0,0,,,,
BASSTA,2009,12,16,4,-2.2,,,,,,,,973.8,,1,,0,0,0,0,0,0,0,,,,
BASSTA,2009,12,16,5,-2.3,,,,,,,,973.7,,0.9,,0,0,0,0,0,0,0,,,,
BASSTA,2009,12,16,6,-2.4,,,,,,,,973.5,,0.8,,0,0,0,0,0,0,0,,,,
BASSTA,2009,12,16,7,-2.4,,,,,,,,973.2,,0.8,,0,0,0,0,0,0,0,,,,
BASSTA,2009,12,16,8,-2.4,,,,,,,,973.1,,0.9,,3,0,0,0,0,0,0,,,,
BASSTA,2009,12,16,9,-2.5,,,,,,,,972.9,,0.8,,43,0,84,0,0,0,0,,,,
BASSTA,2009,12,16,10,-2.2,,,,,,,,972.7,,0.9,,77,0,113,0,0,0,0,,,,
BASSTA,2009,12,16,11,-2.1,,,,,,,,972.2,,1,,47,0,83,0,0,0,0,,,,
BASSTA,2009,12,16,12,-1.8,,,,,,,,971.7,,0.6,,69,0,103,0,0,0,0,,,,
BASSTA,2009,12,16,13,-1.9,,,,,,,,971.4,,0.7,,29,0,65,0,0,0,0,,,,
BASSTA,2009,12,16,14,-1.8,,,,,,,,971.2,,0.3,,19,0,56,0,0,0,0,,,,
BASSTA,2009,12,16,15,-1.9,,,,,,,,970.9,,0.4,,3,0,42,0,0,0,0,,,,
BASSTA,2009,12,16,16,-2.1,,,,,,,,970.8,,0.7,,0,0,0,0,0,0,0,,,,
BASSTA,2009,12,16,17,-2.2,,,,,,,,970.6,,0.3,,0,0,0,0,0,0,0,,,,
BASSTA,2009,12,16,18,-2.3,,,,,,,,970.4,,0.5,,0,0,0,0,0,0,0,,,,
BASSTA,2009,12,16,19,-2.5,,,,,,,,970.2,,0.7,,0,0,0,0,0,0,0,,,,
BASSTA,2009,12,16,20,-2.5,,,,,,,,970.3,,1.1,,0,0,0,0,0,0,0,,,,
BASSTA,2009,12,16,21,-2.7,,,,,,,,970.4,,1.4,,0,0,0,0,0,0,0,,,,
BASSTA,2009,12,16,22,-2.9,,,,,,,,970.2,,1.3,,0,0,0,0,0,0,0,,,,
BASSTA,2009,12,16,23,-2.9,,,,,,,,970.2,,0.7,,0,0,0,0,0,0,0,,,,
BASSTA,2009,12,17,0,-3.1,,,,,,,,970.1,,0.9,,0,0,0,0,0,0,0,,,,
BASSTA,2009,12,17,1,-3,,,,,,,,970.3,,0.9,,0,0,0,0,0,0,0,,,,
BASSTA,2009,12,17,2,-3.1,,,,,,,,970.4,,0.8,,0,0,0,0,0,0,0,,,,
BASSTA,2009,12,17,3,-3.4,,,,,,,,970.2,,0.8,,0,0,0,0,0,0,0,,,,
BASSTA,2009,12,17,4,-3.5,,,,,,,,970.2,,0.8,,0,0,0,0,0,0,0,,,,
BASSTA,2009,12,17,5,-3.6,,,,,,,,970.3,,1.2,,0,0,0,0,0,0,0,,,,
BASSTA,2009,12,17,6,-3.8,,,,,,,,970.4,,1.3,,0,0,0,0,0,0,0,,,,
BASSTA,2009,12,17,7,-3.9,,,,,,,,970.6,,1,,1,0,0,0,0,0,0,,,,
BASSTA,2009,12,17,8,-3.6,,,,,,,,970.9,,0.7,,23,0,0,0,0,0,0,,,,
BASSTA,2009,12,17,9,-3.3,,,,,,,,971.2,,0.8,,57,0,102,0,0,0,0,,,,
BASSTA,2009,12,17,10,-2.9,,,,,,,,971.1,,1.1,,102,0,144,0,0,0,0,,,,
BASSTA,2009,12,17,11,-2.7,,,,,,,,970.9,,1,,111,0,150,0,0,0,0,,,,
BASSTA,2009,12,17,12,-2.6,,,,,,,,970.6,,0.7,,111,0,150,0,0,0,0,,,,
BASSTA,2009,12,17,13,-2.5,,,,,,,,970.6,,0.9,,96,0,137,0,0,0,0,,,,
BASSTA,2009,12,17,14,-2.6,,,,,,,,970.8,,1.1,,51,0,94,0,0,0,0,,,,
BASSTA,2009,12,17,15,-2.7,,,,,,,,970.9,,0.9,,14,0,59,0,0,0,0,,,,
BASSTA,2009,12,17,16,-3.1,,,,,,,,970.9,,0.8,,0,0,0,0,0,0,0,,,,
BASSTA,2009,12,17,17,-3.6,,,,,,,,970.6,,0.9,,0,0,0,0,0,0,0,,,,
BASSTA,2009,12,17,18,-3.9,,,,,,,,970.4,,0.7,,0,0,0,0,0,0,0,,,,
BASSTA,2009,12,17,19,-4.6,,,,,,,,970.3,,0.7,,0,0,0,0,0,0,0,,,,
BASSTA,2009,12,17,20,-5.8,,,,,,,,970.3,,1.1,,0,0,0,0,0,0,0,,,,
BASSTA,2009,12,17,21,-6.1,,,,,,,,970.4,,1.5,,0,0,0,0,0,0,0,,,,
BASSTA,2009,12,17,22,-5.1,,,,,,,,970.2,,1,,0,0,0,0,0,0,0,,,,
BASSTA,2009,12,17,23,-5.5,,,,,,,,969.9,,1,,0,0,0,0,0,0,0,,,,
BASSTA,2009,12,18,0,-5.3,,,,,,,,969.4,,1.5,,0,0,0,0,0,0,0,,,,
BASSTA,2009,12,18,1,-4.6,,,,,,,,969.2,,2.3,,0,0,0,0,0,0,0,,,,
BASSTA,2009,12,18,2,-4.3,,,,,,,,968.9,,2.4,,0,0,0,0,0,0,0,,,,
BASSTA,2009,12,18,3,-4,,,,,,,,968.4,,2.1,,0,0,0,0,0,0,0,,,,
BASSTA,2009,12,18,4,-3.8,,,,,,,,967.8,,2.5,,0,0,0,0,0,0,0,,,,
BASSTA,2009,12,18,5,-3.6,,,,,,,,967.5,,2.4,,0,0,0,0,0,0,0,,,,
BASSTA,2009,12,18,6,-3.6,,,,,,,,967.4,,2,,0,0,0,0,0,0,0,,,,
BASSTA,2009,12,18,7,-3.5,,,,,,,,967.3,,2.5,,3,0,0,0,0,0,0,,,,
BASSTA,2009,12,18,8,-3.4,,,,,,,,967.5,,3.2,,27,0,0,0,0,0,0,,,,
BASSTA,2009,12,18,9,-3.1,,,,,,,,967.4,,2.9,,76,0,122,0,0,0,0,,,,
BASSTA,2009,12,18,10,-2.7,,,,,,,,967.2,,2.6,,128,0,172,0,0,0,0,,,,
BASSTA,2009,12,18,11,-2.4,,,,,,,,966.6,,2.6,,144,0,181,0,0,0,0,,,,
BASSTA,2009,12,18,12,-2.3,,,,,,,,966.3,,2.4,,128,0,163,0,0,0,0,,,,
BASSTA,2009,12,18,13,-1.9,,,,,,,,965.9,,2,,163,62.4,143,0,0,0,0,,,,
BASSTA,2009,12,18,14,-1.9,,,,,,,,965.8,,0.9,,98,0,121,0,0,0,0,,,,
BASSTA,2009,12,18,15,-2.5,,,,,,,,966,,1.7,,25,0,71,0,0,0,0,,,,
BASSTA,2009,12,18,16,-2.9,,,,,,,,966.1,,1.6,,0,0,0,0,0,0,0,,,,
BASSTA,2009,12,18,17,-3.2,,,,,,,,966.2,,1.9,,0,0,0,0,0,0,0,,,,
BASSTA,2009,12,18,18,-3.4,,,,,,,,966.4,,1.8,,0,0,0,0,0,0,0,,,,
BASSTA,2009,12,18,19,-3.6,,,,,,,,966.3,,1.6,,0,0,0,0,0,0,0,,,,
BASSTA,2009,12,18,20,-4.4,,,,,,,,966.4,,1.8,,0,0,0,0,0,0,0,,,,
BASSTA,2009,12,18,21,-5.4,,,,,,,,966.3,,1.4,,0,0,0,0,0,0,0,,,,
BASSTA,2009,12,18,22,-6.1,,,,,,,,966.4,,1.5,,0,0,0,0,0,0,0,,,,
BASSTA,2009,12,18,23,-5.9,,,,,,,,966.4,,1.9,,0,0,0,0,0,0,0,,,,
BASSTA,2009,12,19,0,-5.3,,,,,,,,966.2,,1.3,,0,0,0,0,0,0,0,,,,
BASSTA,2009,12,19,1,-5.3,,,,,,,,966.5,,1,,0,0,0,0,0,0,0,,,,
BASSTA,2009,12,19,2,-5.4,,,,,,,,966.5,,1,,0,0,0,0,0,0,0,,,,
BASSTA,2009,12,19,3,-5.6,,,,,,,,966.2,,2.2,,0,0,0,0,0,0,0,,,,
BASSTA,2009,12,19,4,-5.5,,,,,,,,965.7,,1.9,,0,0,0,0,0,0,0,,,,
BASSTA,2009,12,19,5,-5.2,,,,,,,,965.5,,2.8,,0,0,0,0,0,0,0,,,,
BASSTA,2009,12,19,6,-5.3,,,,,,,,965.3,,2.6,,0,0,0,0,0,0,0,,,,
BASSTA,2009,12,19,7,-5.6,,,,,,,,965.5,,1.7,,1,0,0,0,0,0,0,,,,
BASSTA,2009,12,19,8,-6.5,,,,,,,,966.1,,2.2,,13,0,0,0,0,0,0,,,,
BASSTA,2009,12,19,9,-8.7,,,,,,,,966.7,,3.2,,61,0,136,0,0,0,0,,,,
BASSTA,2009,12,19,10,-9.4,,,,,,,,967.2,,2.1,,61,0,137,0,0,0,0,,,,
BASSTA,2009,12,19,11,-10,,,,,,,,967.3,,2.5,,84,0,162,0,0,0,0,,,,
BASSTA,2009,12,19,12,-10.4,,,,,,,,967.3,,2.3,,134,0,213,0,0,0,0,,,,
BASSTA,2009,12,19,13,-10.7,,,,,,,,967.7,,2.5,,92,0,173,0,0,0,0,,,,
BASSTA,2009,12,19,14,-11,,,,,,,,968.4,,2.6,,58,0,141,0,0,0,0,,,,
BASSTA,2009,12,19,15,-11.3,,,,,,,,969.3,,2,,16,0,100,0,0,0,0,,,,
BASSTA,2009,12,19,16,-11.5,,,,,,,,970.3,,1.9,,0,0,0,0,0,0,0,,,,
BASSTA,2009,12,19,17,-11.7,,,,,,,,971,,1.9,,0,0,0,0,0,0,0,,,,
BASSTA,2009,12,19,18,-11.9,,,,,,,,971.3,,1.8,,0,0,0,0,0,0,0,,,,
BASSTA,2009,12,19,19,-12.5,,,,,,,,972.1,,1.4,,0,0,0,0,0,0,0,,,,
BASSTA,2009,12,19,20,-12.9,,,,,,,,972.8,,1.1,,0,0,0,0,0,0,0,,,,
BASSTA,2009,12,19,21,-13.6,,,,,,,,972.9,,1.1,,0,0,0,0,0,0,0,,,,
BASSTA,2009,12,19,22,-13.8,,,,,,,,973.1,,1.1,,0,0,0,0,0,0,0,,,,
BASSTA,2009,12,19,23,-14.6,,,,,,,,973.5,,1.6,,0,0,0,0,0,0,0,,,,
BASSTA,2009,12,20,0,-14.6,,,,,,,,973.5,,1.8,,0,0,0,0,0,0,0,,,,
BASSTA,2009,12,20,1,-14,,,,,,,,973.5,,1.2,,0,0,0,0,0,0,0,,,,
BASSTA,2009,12,20,2,-14.4,,,,,,,,973.9,,1,,0,0,0,0,0,0,0,,,,
BASSTA,2009,12,20,3,-15.1,,,,,,,,974.1,,1.1,,0,0,0,0,0,0,0,,,,
BASSTA,2009,12,20,4,-15.2,,,,,,,,974,,1,,0,0,0,0,0,0,0,,,,
BASSTA,2009,12,20,5,-15.3,,,,,,,,974,,0.7,,0,0,0,0,0,0,0,,,,
BASSTA,2009,12,20,6,-15.2,,,,,,,,973.7,,0.6,,0,0,0,0,0,0,0,,,,
BASSTA,2009,12,20,7,-14.4,,,,,,,,973.3,,1,,4,0,0,0,0,0,0,,,,
BASSTA,2009,12,20,8,-13.7,,,,,,,,972.8,,2,,62,0,0,0,0,0,0,,,,
BASSTA,2009,12,20,9,-12.3,,,,,,,,972.3,,2.6,,143,0,163,0,0,0,0,,,,
BASSTA,2009,12,20,10,-10,,,,,,,,971.3,,3.1,,276,461.8,182,0,0,0,0,,,,
BASSTA,2009,12,20,11,-7.7,,,,,,,,970.1,,3.6,,253,85,229,0,0,0,0,,,,
BASSTA,2009,12,20,12,-6.2,,,,,,,,968.9,,3.5,,174,0,221,0,0,0,0,,,,
BASSTA,2009,12,20,13,-5.5,,,,,,,,967.5,,3.6,,101,0,154,0,0,0,0,,,,
BASSTA,2009,12,20,14,-4.7,,,,,,,,966.4,,3.3,,52,0,105,0,0,0,0,,,,
BASSTA,2009,12,20,15,-3.8,,,,,,,,965.9,,2.4,,6,0,58,0,0,0,0,,,,
BASSTA,2009,12,20,16,-3.2,,,,,,,,965.6,,1.8,,0,0,0,0,0,0,0,,,,
BASSTA,2009,12,20,17,-2.9,,,,,,,,966.1,,1.8,,0,0,0,0,0,0,0,,,,
BASSTA,2009,12,20,18,-2.4,,,,,,,,966.4,,2,,0,0,0,0,0,0,0,,,,
BASSTA,2009,12,20,19,-2.1,,,,,,,,966.9,,1.5,,0,0,0,0,0,0,0,,,,
BASSTA,2009,12,20,20,-1.8,,,,,,,,967.5,,1.4,,0,0,0,0,0,0,0,,,,
BASSTA,2009,12,20,21,-1.6,,,,,,,,967.9,,1.4,,0,0,0,0,0,0,0,,,,
BASSTA,2009,12,20,22,-1.3,,,,,,,,968.3,,1.2,,0,0,0,0,0,0,0,,,,
BASSTA,2009,12,20,23,-0.9,,,,,,,,968.6,,1,,0,0,0,0,0,0,0,,,,
BASSTA,2009,12,21,0,-0.5,,,,,,,,968.7,,1.1,,0,0,0,0,0,0,0,,,,
BASSTA,2009,12,21,1,-0.3,,,,,,,,968.9,,1.4,,0,0,0,0,0,0,0,,,,
BASSTA,2009,12,21,2,0.1,,,,,,,,968.9,,1.8,,0,0,0,0,0,0,0,,,,
BASSTA,2009,12,21,3,0.3,,,,,,,,968.3,,1.8,,0,0,0,0,0,0,0,,,,
BASSTA,2009,12,21,4,0.5,,,,,,,,968.1,,1.6,,0,0,0,0,0,0,0,,,,
BASSTA,2009,12,21,5,0.5,,,,,,,,968.4,,1.3,,0,0,0,0,0,0,0,,,,
BASSTA,2009,12,21,6,0.5,,,,,,,,968.3,,1.7,,0,0,0,0,0,0,0,,,,
BASSTA,2009,12,21,7,0.4,,,,,,,,967.4,,2.5,,1,0,0,0,0,0,0,,,,
BASSTA,2009,12,21,8,0.9,,,,,,,,966.5,,3.3,,43,0,0,0,0,0,0,,,,
BASSTA,2009,12,21,9,1,,,,,,,,965.1,,3.4,,113,0,118,0,0,0,0,,,,
BASSTA,2009,12,21,10,1.5,,,,,,,,965.5,,2.7,,153,0,162,0,0,0,0,,,,
BASSTA,2009,12,21,11,1.6,,,,,,,,964.9,,2.6,,139,0,149,0,0,0,0,,,,
BASSTA,2009,12,21,12,1.9,,,,,,,,963.9,,2.4,,124,0,133,0,0,0,0,,,,
BASSTA,2009,12,21,13,2,,,,,,,,962.2,,3.6,,92,0,103,0,0,0,0,,,,
BASSTA,2009,12,21,14,2,,,,,,,,961.5,,4,,32,0,47,0,0,0,0,,,,
BASSTA,2009,12,21,15,1.9,,,,,,,,960.9,,5.2,,2,0,22,0,0,0,0,,,,
BASSTA,2009,12,21,16,1.7,,,,,,,,960.1,,4.6,,0,0,0,0,0,0,0,,,,
BASSTA,2009,12,21,17,1.8,,,,,,,,958.8,,3.7,,0,0,0,0,0,0,0,,,,
BASSTA,2009,12,21,18,1.8,,,,,,,,958.1,,2.3,,0,0,0,0,0,0,0,,,,
BASSTA,2009,12,21,19,2,,,,,,,,957.4,,2.2,,0,0,0,0,0,0,0,,,,
BASSTA,2009,12,21,20,2.2,,,,,,,,956.9,,2.7,,0,0,0,0,0,0,0,,,,
BASSTA,2009,12,21,21,1.8,,,,,,,,956.6,,3.7,,0,0,0,0,0,0,0,,,,
BASSTA,2009,12,21,22,1.8,,,,,,,,956.3,,3.7,,0,0,0,0,0,0,0,,,,
BASSTA,2009,12,21,23,2.2,,,,,,,,955.9,,3.5,,0,0,0,0,0,0,0,,,,
BASSTA,2009,12,22,0,2.5,,,,,,,,955.3,,3.4,,0,0,0,0,0,0,0,,,,
BASSTA,2009,12,22,1,3,,,,,,,,955,,3.7,,0,0,0,0,0,0,0,,,,
BASSTA,2009,12,22,2,3.4,,,,,,,,954.4,,4,,0,0,0,0,0,0,0,,,,
BASSTA,2009,12,22,3,3.6,,,,,,,,953.9,,4.1,,0,0,0,0,0,0,0,,,,
BASSTA,2009,12,22,4,4,,,,,,,,953.7,,3,,0,0,0,0,0,0,0,,,,
BASSTA,2009,12,22,5,9.9,,,,,,,,953.7,,4.7,,0,0,0,0,0,0,0,,,,
BASSTA,2009,12,22,6,11.3,,,,,,,,953.6,,6.1,,0,0,0,0,0,0,0,,,,
BASSTA,2009,12,22,7,11.9,,,,,,,,954.2,,7.7,,4,0,0,0,0,0,0,,,,
BASSTA,2009,12,22,8,12.2,,,,,,,,954.9,,8.5,,43,0,0,0,0,0,0,,,,
BASSTA,2009,12,22,9,13.4,,,,,,,,955.4,,7.9,,71,0,75,0,0,0,0,,,,
BASSTA,2009,12,22,10,13.4,,,,,,,,955.7,,7.7,,44,0,50,0,0,0,0,,,,
BASSTA,2009,12,22,11,13.3,,,,,,,,955.7,,9,,69,0,74,0,0,0,0,,,,
BASSTA,2009,12,22,12,13.8,,,,,,,,955.5,,7.3,,120,40.4,107,0,0,0,0,,,,
BASSTA,2009,12,22,13,14.1,,,,,,,,954.9,,4,,120,0,127,0,0,0,0,,,,
BASSTA,2009,12,22,14,13.4,,,,,,,,954.6,,2.9,,71,0,82,0,0,0,0,,,,
BASSTA,2009,12,22,15,9.3,,,,,,,,954.8,,1.5,,19,0,36,0,0,0,0,,,,
BASSTA,2009,12,22,16,7.5,,,,,,,,954.5,,0.4,,0,0,0,0,0,0,0,,,,
BASSTA,2009,12,22,17,7.2,,,,,,,,954.5,,1,,0,0,0,0,0,0,0,,,,
BASSTA,2009,12,22,18,6.7,,,,,,,,954.5,,1,,0,0,0,0,0,0,0,,,,
BASSTA,2009,12,22,19,5.9,,,,,,,,953.8,,1.6,,0,0,0,0,0,0,0,,,,
BASSTA,2009,12,22,20,5.5,,,,,,,,953.1,,0.6,,0,0,0,0,0,0,0,,,,
BASSTA,2009,12,22,21,5.2,,,,,,,,952.9,,0.6,,0,0,0,0,0,0,0,,,,
BASSTA,2009,12,22,22,4.9,,,,,,,,952.5,,1.7,,0,0,0,0,0,0,0,,,,
BASSTA,2009,12,22,23,4.4,,,,,,,,953,,1.6,,0,0,0,0,0,0,0,,,,
BASSTA,2009,12,23,0,3.4,,,,,,,,953.3,,2.5,,0,0,0,0,0,0,0,,,,
BASSTA,2009,12,23,1,2.8,,,,,,,,954,,2.7,,0,0,0,0,0,0,0,,,,
BASSTA,2009,12,23,2,2.1,,,,,,,,955.2,,3.1,,0,0,0,0,0,0,0,,,,
BASSTA,2009,12,23,3,0.7,,,,,,,,957,,2.2,,0,0,0,0,0,0,0,,,,
BASSTA,2009,12,23,4,0.8,,,,,,,,958.5,,1.8,,0,0,0,0,0,0,0,,,,
BASSTA,2009,12,23,5,0.9,,,,,,,,959.5,,1.3,,0,0,0,0,0,0,0,,,,
BASSTA,2009,12,23,6,1.2,,,,,,,,960.9,,0.5,,0,0,0,0,0,0,0,,,,
BASSTA,2009,12,23,7,1.6,,,,,,,,962.3,,0.7,,1,0,0,0,0,0,0,,,,
BASSTA,2009,12,23,8,2,,,,,,,,963.2,,0.5,,18,0,0,0,0,0,0,,,,
BASSTA,2009,12,23,9,2.3,,,,,,,,963.9,,1.6,,69,0,82,0,0,0,0,,,,
BASSTA,2009,12,23,10,2.8,,,,,,,,963.5,,2.6,,150,198.8,110,0,0,0,0,,,,
BASSTA,2009,12,23,11,3.6,,,,,,,,963,,2.9,,231,309.8,144,0,0,0,0,,,,
BASSTA,2009,12,23,12,3.7,,,,,,,,961.8,,3.3,,203,102.6,170,0,0,0,0,,,,
BASSTA,2009,12,23,13,4.2,,,,,,,,961.6,,2,,126,0,132,0,0,0,0,,,,
BASSTA,2009,12,23,14,4.3,,,,,,,,961.6,,1.5,,52,0,68,0,0,0,0,,,,
BASSTA,2009,12,23,15,4.3,,,,,,,,961.8,,2,,14,0,31,0,0,0,0,,,,
BASSTA,2009,12,23,16,4.2,,,,,,,,961.1,,3.2,,0,0,0,0,0,0,0,,,,
BASSTA,2009,12,23,17,4.2,,,,,,,,960.8,,2.9,,0,0,0,0,0,0,0,,,,
BASSTA,2009,12,23,18,3.9,,,,,,,,960.6,,1.8,,0,0,0,0,0,0,0,,,,
BASSTA,2009,12,23,19,3.7,,,,,,,,960.3,,1,,0,0,0,0,0,0,0,,,,
BASSTA,2009,12,23,20,3.4,,,,,,,,960,,0.7,,0,0,0,0,0,0,0,,,,
BASSTA,2009,12,23,21,3,,,,,,,,959.8,,1,,0,0,0,0,0,0,0,,,,
BASSTA,2009,12,23,22,2.7,,,,,,,,959.6,,1.3,,0,0,0,0,0,0,0,,,,
BASSTA,2009,12,23,23,2.6,,,,,,,,959.8,,0.8,,0,0,0,0,0,0,0,,,,
BASSTA,2009,12,24,0,2.4,,,,,,,,959.7,,0.9,,0,0,0,0,0,0,0,,,,
BASSTA,2009,12,24,1,2.4,,,,,,,,959.6,,0.5,,0,0,0,0,0,0,0,,,,
BASSTA,2009,12,24,2,2.5,,,,,,,,959.1,,0.5,,0,0,0,0,0,0,0,,,,
BASSTA,2009,12,24,3,3.1,,,,,,,,958.7,,2,,0,0,0,0,0,0,0,,,,
BASSTA,2009,12,24,4,3.2,,,,,,,,958.2,,2.7,,0,0,0,0,0,0,0,,,,
BASSTA,2009,12,24,5,3.4,,,,,,,,957.8,,3.4,,0,0,0,0,0,0,0,,,,
BASSTA,2009,12,24,6,3.5,,,,,,,,957.2,,3.6,,0,0,0,0,0,0,0,,,,
BASSTA,2009,12,24,7,3.5,,,,,,,,957.4,,3,,1,0,0,0,0,0,0,,,,
BASSTA,2009,12,24,8,3.5,,,,,,,,957,,4,,43,0,0,0,0,0,0,,,,
BASSTA,2009,12,24,9,3.8,,,,,,,,956.7,,3.4,,57,0,71,0,0,0,0,,,,
BASSTA,2009,12,24,10,4.2,,,,,,,,956.5,,3.5,,62,0,71,0,0,0,0,,,,
BASSTA,2009,12,24,11,4.6,,,,,,,,956.2,,2.7,,42,0,54,0,0,0,0,,,,
BASSTA,2009,12,24,12,4.6,,,,,,,,955.3,,2.2,,59,0,70,0,0,0,0,,,,
BASSTA,2009,12,24,13,5.2,,,,,,,,954.4,,2.7,,38,0,53,0,0,0,0,,,,
BASSTA,2009,12,24,14,4.6,,,,,,,,953.8,,4.2,,12,0,30,0,0,0,0,,,,
BASSTA,2009,12,24,15,4.3,,,,,,,,952.8,,3.2,,1,0,20,0,0,0,0,,,,
BASSTA,2009,12,24,16,4.6,,,,,,,,951.1,,2.4,,0,0,0,0,0,0,0,,,,
BASSTA,2009,12,24,17,4.8,,,,,,,,950.5,,1.5,,0,0,0,0,0,0,0,,,,
BASSTA,2009,12,24,18,3.9,,,,,,,,950,,1.1,,0,0,0,0,0,0,0,,,,
BASSTA,2009,12,24,19,3.9,,,,,,,,949.8,,0.6,,0,0,0,0,0,0,0,,,,
BASSTA,2009,12,24,20,4.2,,,,,,,,948.5,,2.1,,0,0,0,0,0,0,0,,,,
BASSTA,2009,12,24,21,4.2,,,,,,,,948.7,,2.6,,0,0,0,0,0,0,0,,,,
BASSTA,2009,12,24,22,4.9,,,,,,,,949,,3.3,,0,0,0,0,0,0,0,,,,
BASSTA,2009,12,24,23,5.3,,,,,,,,950.1,,2.9,,0,0,0,0,0,0,0,,,,
BASSTA,2009,12,25,0,6.9,,,,,,,,950.7,,3.2,,0,0,0,0,0,0,0,,,,
BASSTA,2009,12,25,1,10.4,,,,,,,,950.9,,4.5,,0,0,0,0,0,0,0,,,,
BASSTA,2009,12,25,2,10.1,,,,,,,,951.5,,3.7,,0,0,0,0,0,0,0,,,,
BASSTA,2009,12,25,3,8.8,,,,,,,,952.1,,1.9,,0,0,0,0,0,0,0,,,,
BASSTA,2009,12,25,4,9.6,,,,,,,,952.6,,3.1,,0,0,0,0,0,0,0,,,,
BASSTA,2009,12,25,5,9.8,,,,,,,,955.1,,6.5,,0,0,0,0,0,0,0,,,,
BASSTA,2009,12,25,6,8.9,,,,,,,,958,,6.6,,0,0,0,0,0,0,0,,,,
BASSTA,2009,12,25,7,6.9,,,,,,,,960.6,,6.4,,1,0,0,0,0,0,0,,,,
BASSTA,2009,12,25,8,6.4,,,,,,,,962.5,,4.5,,17,0,0,0,0,0,0,,,,
BASSTA,2009,12,25,9,6.3,,,,,,,,963.6,,4.1,,27,0,41,0,0,0,0,,,,
BASSTA,2009,12,25,10,6.2,,,,,,,,964.7,,5.1,,59,0,70,0,0,0,0,,,,
BASSTA,2009,12,25,11,6.1,,,,,,,,965.8,,4.7,,115,53.5,100,0,0,0,0,,,,
BASSTA,2009,12,25,12,6,,,,,,,,966.5,,4.5,,39,0,50,0,0,0,0,,,,
BASSTA,2009,12,25,13,5.8,,,,,,,,967.5,,5.2,,62,0,74,0,0,0,0,,,,
BASSTA,2009,12,25,14,5.6,,,,,,,,968.7,,4.2,,41,0,56,0,0,0,0,,,,
BASSTA,2009,12,25,15,3.6,,,,,,,,969.9,,5,,17,0,36,0,0,0,0,,,,
BASSTA,2009,12,25,16,4.1,,,,,,,,970.6,,4.1,,0,0,0,0,0,0,0,,,,
BASSTA,2009,12,25,17,4.6,,,,,,,,971.4,,3.9,,0,0,0,0,0,0,0,,,,
BASSTA,2009,12,25,18,4.7,,,,,,,,972.5,,3.9,,0,0,0,0,0,0,0,,,,
BASSTA,2009,12,25,19,4.8,,,,,,,,973.5,,3.8,,0,0,0,0,0,0,0,,,,
BASSTA,2009,12,25,20,4.8,,,,,,,,974.3,,3.6,,0,0,0,0,0,0,0,,,,
BASSTA,2009,12,25,21,4.5,,,,,,,,975.4,,2.5,,0,0,0,0,0,0,0,,,,
BASSTA,2009,12,25,22,3.3,,,,,,,,976.1,,2.1,,0,0,0,0,0,0,0,,,,
BASSTA,2009,12,25,23,2.1,,,,,,,,976.2,,1.4,,0,0,0,0,0,0,0,,,,
BASSTA,2009,12,26,0,1.7,,,,,,,,975.8,,2.1,,0,0,0,0,0,0,0,,,,
BASSTA,2009,12,26,1,1,,,,,,,,975.4,,1.8,,0,0,0,0,0,0,0,,,,
BASSTA,2009,12,26,2,0.4,,,,,,,,975.5,,1.7,,0,0,0,0,0,0,0,,,,
BASSTA,2009,12,26,3,-0.2,,,,,,,,975.3,,1.6,,0,0,0,0,0,0,0,,,,
BASSTA,2009,12,26,4,-0.6,,,,,,,,974.9,,1.7,,0,0,0,0,0,0,0,,,,
BASSTA,2009,12,26,5,-0.7,,,,,,,,974.4,,1.8,,0,0,0,0,0,0,0,,,,
BASSTA,2009,12,26,6,-0.8,,,,,,,,974.1,,1.8,,0,0,0,0,0,0,0,,,,
BASSTA,2009,12,26,7,-1.3,,,,,,,,973.9,,1.6,,2,0,0,0,0,0,0,,,,
BASSTA,2009,12,26,8,-1.2,,,,,,,,973.5,,1.4,,67,0,0,0,0,0,0,,,,
BASSTA,2009,12,26,9,-0.1,,,,,,,,973.3,,0.8,,172,1161.8,71,0,0,0,0,,,,
BASSTA,2009,12,26,10,1.7,,,,,,,,972.9,,0.8,,213,610.4,91,0,0,0,0,,,,
BASSTA,2009,12,26,11,2.6,,,,,,,,972.5,,0.8,,328,645.3,147,0,0,0,0,,,,
BASSTA,2009,12,26,12,3.7,,,,,,,,971.6,,1,,270,542.8,95,0,0,0,0,,,,
BASSTA,2009,12,26,13,3.8,,,,,,,,971.3,,0.5,,133,139.5,88,0,0,0,0,,,,
BASSTA,2009,12,26,14,3.4,,,,,,,,971.1,,0.7,,76,0,79,0,0,0,0,,,,
BASSTA,2009,12,26,15,1.9,,,,,,,,971,,0.3,,25,0,45,0,0,0,0,,,,
BASSTA,2009,12,26,16,0.7,,,,,,,,971.1,,0.6,,0,0,0,0,0,0,0,,,,
BASSTA,2009,12,26,17,-0.2,,,,,,,,971.2,,0.8,,0,0,0,0,0,0,0,,,,
BASSTA,2009,12,26,18,-0.3,,,,,,,,971.3,,1.1,,0,0,0,0,0,0,0,,,,
BASSTA,2009,12,26,19,-0.3,,,,,,,,971.2,,1.5,,0,0,0,0,0,0,0,,,,
BASSTA,2009,12,26,20,-0.9,,,,,,,,971.3,,1.3,,0,0,0,0,0,0,0,,,,
BASSTA,2009,12,26,21,-0.9,,,,,,,,971.5,,0.9,,0,0,0,0,0,0,0,,,,
BASSTA,2009,12,26,22,-1.7,,,,,,,,972.1,,0.4,,0,0,0,0,0,0,0,,,,
BASSTA,2009,12,26,23,-1.7,,,,,,,,972.5,,1.1,,0,0,0,0,0,0,0,,,,
BASSTA,2009,12,27,0,-1.6,,,,,,,,972.5,,0.8,,0,0,0,0,0,0,0,,,,
BASSTA,2009,12,27,1,-1.4,,,,,,,,972.4,,1.2,,0,0,0,0,0,0,0,,,,
BASSTA,2009,12,27,2,-1.4,,,,,,,,972.5,,1.3,,0,0,0,0,0,0,0,,,,
BASSTA,2009,12,27,3,-2.2,,,,,,,,972.5,,0.7,,0,0,0,0,0,0,0,,,,
BASSTA,2009,12,27,4,-2.3,,,,,,,,972.7,,0.5,,0,0,0,0,0,0,0,,,,
BASSTA,2009,12,27,5,-2.7,,,,,,,,972.8,,0.7,,0,0,0,0,0,0,0,,,,
BASSTA,2009,12,27,6,-3.3,,,,,,,,973.3,,0.4,,0,0,0,0,0,0,0,,,,
BASSTA,2009,12,27,7,-3.3,,,,,,,,974,,0.6,,2,0,0,0,0,0,0,,,,
BASSTA,2009,12,27,8,-3.3,,,,,,,,974.4,,0.7,,51,0,0,0,0,0,0,,,,
BASSTA,2009,12,27,9,-1.4,,,,,,,,974.3,,1.5,,179,1202.7,75,0,0,0,0,,,,
BASSTA,2009,12,27,10,1,,,,,,,,973.6,,2.4,,238,646,109,0,0,0,0,,,,
BASSTA,2009,12,27,11,2.4,,,,,,,,972.5,,2.6,,185,53.4,170,0,0,0,0,,,,
BASSTA,2009,12,27,12,3,,,,,,,,971.9,,2.3,,137,0,150,0,0,0,0,,,,
BASSTA,2009,12,27,13,3.3,,,,,,,,971.4,,2.2,,70,0,81,0,0,0,0,,,,
BASSTA,2009,12,27,14,2.8,,,,,,,,971.6,,1.1,,15,0,35,0,0,0,0,,,,
BASSTA,2009,12,27,15,2.5,,,,,,,,971.9,,1.2,,9,0,30,0,0,0,0,,,,
BASSTA,2009,12,27,16,3.1,,,,,,,,972.1,,1.5,,0,0,0,0,0,0,0,,,,
BASSTA,2009,12,27,17,3.9,,,,,,,,972.5,,2,,0,0,0,0,0,0,0,,,,
BASSTA,2009,12,27,18,4.9,,,,,,,,972.6,,3.2,,0,0,0,0,0,0,0,,,,
BASSTA,2009,12,27,19,5.1,,,,,,,,972.5,,4.1,,0,0,0,0,0,0,0,,,,
BASSTA,2009,12,27,20,5.2,,,,,,,,972.6,,5.2,,0,0,0,0,0,0,0,,,,
BASSTA,2009,12,27,21,4,,,,,,,,973.1,,5,,0,0,0,0,0,0,0,,,,
BASSTA,2009,12,27,22,3.3,,,,,,,,973.6,,2.4,,0,0,0,0,0,0,0,,,,
BASSTA,2009,12,27,23,3.1,,,,,,,,973.5,,2.6,,0,0,0,0,0,0,0,,,,
BASSTA,2009,12,28,0,3.9,,,,,,,,973.4,,4.1,,0,0,0,0,0,0,0,,,,
BASSTA,2009,12,28,1,4.3,,,,,,,,972.9,,4.8,,0,0,0,0,0,0,0,,,,
BASSTA,2009,12,28,2,4,,,,,,,,972.8,,2.9,,0,0,0,0,0,0,0,,,,
BASSTA,2009,12,28,3,3.4,,,,,,,,972,,1.9,,0,0,0,0,0,0,0,,,,
BASSTA,2009,12,28,4,1.6,,,,,,,,971.6,,0.9,,0,0,0,0,0,0,0,,,,
BASSTA,2009,12,28,5,1.6,,,,,,,,971.8,,1.1,,0,0,0,0,0,0,0,,,,
BASSTA,2009,12,28,6,1.5,,,,,,,,971.2,,1.7,,0,0,0,0,0,0,0,,,,
BASSTA,2009,12,28,7,1.5,,,,,,,,970.4,,1.8,,2,0,0,0,0,0,0,,,,
BASSTA,2009,12,28,8,1.5,,,,,,,,970.1,,2.2,,44,0,0,0,0,0,0,,,,
BASSTA,2009,12,28,9,1.8,,,,,,,,970.1,,2.1,,114,116.1,104,0,0,0,0,,,,
BASSTA,2009,12,28,10,2.7,,,,,,,,970,,2.2,,121,0,137,0,0,0,0,,,,
BASSTA,2009,12,28,11,3.4,,,,,,,,969.5,,2.2,,106,0,118,0,0,0,0,,,,
BASSTA,2009,12,28,12,4,,,,,,,,969,,1.4,,94,0,106,0,0,0,0,,,,
BASSTA,2009,12,28,13,4.5,,,,,,,,968.6,,1.7,,99,0,113,0,0,0,0,,,,
BASSTA,2009,12,28,14,4.7,,,,,,,,968.5,,2.4,,71,0,84,0,0,0,0,,,,
BASSTA,2009,12,28,15,4.4,,,,,,,,968.4,,2.2,,19,0,37,0,0,0,0,,,,
BASSTA,2009,12,28,16,4.1,,,,,,,,968.3,,2.3,,0,0,0,0,0,0,0,,,,
BASSTA,2009,12,28,17,3.8,,,,,,,,968.3,,2.1,,0,0,0,0,0,0,0,,,,
BASSTA,2009,12,28,18,3.5,,,,,,,,968.4,,2.6,,0,0,0,0,0,0,0,,,,
BASSTA,2009,12,28,19,3.5,,,,,,,,968.4,,2.6,,0,0,0,0,0,0,0,,,,
BASSTA,2009,12,28,20,3.5,,,,,,,,968.3,,2.6,,0,0,0,0,0,0,0,,,,
BASSTA,2009,12,28,21,3.4,,,,,,,,968.3,,2.7,,0,0,0,0,0,0,0,,,,
BASSTA,2009,12,28,22,3.5,,,,,,,,968.1,,2.8,,0,0,0,0,0,0,0,,,,
BASSTA,2009,12,28,23,3.3,,,,,,,,967.8,,3,,0,0,0,0,0,0,0,,,,
BASSTA,2009,12,29,0,3.1,,,,,,,,967.1,,3.7,,0,0,0,0,0,0,0,,,,
BASSTA,2009,12,29,1,2.9,,,,,,,,966.8,,4.1,,0,0,0,0,0,0,0,,,,
BASSTA,2009,12,29,2,2.7,,,,,,,,966.7,,4,,0,0,0,0,0,0,0,,,,
BASSTA,2009,12,29,3,2.5,,,,,,,,966.1,,4.5,,0,0,0,0,0,0,0,,,,
BASSTA,2009,12,29,4,2.6,,,,,,,,965.6,,4.8,,0,0,0,0,0,0,0,,,,
BASSTA,2009,12,29,5,2.8,,,,,,,,965.4,,4.5,,0,0,0,0,0,0,0,,,,
BASSTA,2009,12,29,6,2.6,,,,,,,,965.2,,4.4,,0,0,0,0,0,0,0,,,,
BASSTA,2009,12,29,7,2.6,,,,,,,,965,,5,,5,0,0,0,0,0,0,,,,
BASSTA,2009,12,29,8,2.9,,,,,,,,965.1,,5.3,,35,0,0,0,0,0,0,,,,
BASSTA,2009,12,29,9,3.4,,,,,,,,964.8,,4.8,,65,0,78,0,0,0,0,,,,
BASSTA,2009,12,29,10,3.8,,,,,,,,964.5,,4.9,,86,0,96,0,0,0,0,,,,
BASSTA,2009,12,29,11,3.9,,,,,,,,964.6,,3.5,,41,0,55,0,0,0,0,,,,
BASSTA,2009,12,29,12,4.1,,,,,,,,964.3,,3.9,,68,0,78,0,0,0,0,,,,
BASSTA,2009,12,29,13,4.8,,,,,,,,963.7,,4.5,,143,64.5,122,0,0,0,0,,,,
BASSTA,2009,12,29,14,4.8,,,,,,,,963.6,,3.9,,62,0,74,0,0,0,0,,,,
BASSTA,2009,12,29,15,4.7,,,,,,,,963.5,,3.4,,13,0,30,0,0,0,0,,,,
BASSTA,2009,12,29,16,4.8,,,,,,,,963.6,,2.6,,0,0,0,0,0,0,0,,,,
BASSTA,2009,12,29,17,5.1,,,,,,,,963.1,,2.4,,0,0,0,0,0,0,0,,,,
BASSTA,2009,12,29,18,5.3,,,,,,,,963.1,,2.8,,0,0,0,0,0,0,0,,,,
BASSTA,2009,12,29,19,6.7,,,,,,,,963.3,,1.7,,0,0,0,0,0,0,0,,,,
BASSTA,2009,12,29,20,6.4,,,,,,,,963.5,,1.9,,0,0,0,0,0,0,0,,,,
BASSTA,2009,12,29,21,8,,,,,,,,964,,2.1,,0,0,0,0,0,0,0,,,,
BASSTA,2009,12,29,22,9.1,,,,,,,,963.9,,1.9,,0,0,0,0,0,0,0,,,,
BASSTA,2009,12,29,23,8.4,,,,,,,,963.1,,2.1,,0,0,0,0,0,0,0,,,,
BASSTA,2009,12,30,0,7.7,,,,,,,,962.6,,2.5,,0,0,0,0,0,0,0,,,,
BASSTA,2009,12,30,1,7.7,,,,,,,,962.3,,2.3,,0,0,0,0,0,0,0,,,,
BASSTA,2009,12,30,2,7.7,,,,,,,,962.9,,1.1,,0,0,0,0,0,0,0,,,,
BASSTA,2009,12,30,3,8,,,,,,,,963.1,,1,,0,0,0,0,0,0,0,,,,
BASSTA,2009,12,30,4,8,,,,,,,,962.6,,2.1,,0,0,0,0,0,0,0,,,,
BASSTA,2009,12,30,5,7.8,,,,,,,,961.9,,2.4,,0,0,0,0,0,0,0,,,,
BASSTA,2009,12,30,6,7.9,,,,,,,,961.4,,2.9,,0,0,0,0,0,0,0,,,,
BASSTA,2009,12,30,7,8,,,,,,,,961.1,,2.4,,0,0,0,0,0,0,0,,,,
BASSTA,2009,12,30,8,8,,,,,,,,960.4,,3.6,,18,0,0,0,0,0,0,,,,
BASSTA,2009,12,30,9,8.2,,,,,,,,959.2,,4.4,,18,0,32,0,0,0,0,,,,
BASSTA,2009,12,30,10,8.3,,,,,,,,958.6,,4.2,,29,0,40,0,0,0,0,,,,
BASSTA,2009,12,30,11,9.4,,,,,,,,958,,1.9,,44,0,51,0,0,0,0,,,,
BASSTA,2009,12,30,12,11,,,,,,,,957.6,,4.4,,27,0,36,0,0,0,0,,,,
BASSTA,2009,12,30,13,10.6,,,,,,,,957.8,,3.6,,22,0,34,0,0,0,0,,,,
BASSTA,2009,12,30,14,9.6,,,,,,,,958.5,,5.1,,9,0,24,0,0,0,0,,,,
BASSTA,2009,12,30,15,9.2,,,,,,,,959.2,,1.8,,2,0,18,0,0,0,0,,,,
BASSTA,2009,12,30,16,8.9,,,,,,,,959.7,,0.4,,0,0,0,0,0,0,0,,,,
BASSTA,2009,12,30,17,8.8,,,,,,,,960.2,,0.8,,0,0,0,0,0,0,0,,,,
BASSTA,2009,12,30,18,8.6,,,,,,,,960.3,,0.6,,0,0,0,0,0,0,0,,,,
BASSTA,2009,12,30,19,8.4,,,,,,,,960.4,,0.8,,0,0,0,0,0,0,0,,,,
BASSTA,2009,12,30,20,8.1,,,,,,,,960.7,,1.5,,0,0,0,0,0,0,0,,,,
BASSTA,2009,12,30,21,8.1,,,,,,,,961.2,,1.7,,0,0,0,0,0,0,0,,,,
BASSTA,2009,12,30,22,7.8,,,,,,,,961.3,,1.1,,0,0,0,0,0,0,0,,,,
BASSTA,2009,12,30,23,7.6,,,,,,,,960.9,,2.3,,0,0,0,0,0,0,0,,,,
BASSTA,2009,12,31,0,7.5,,,,,,,,960.3,,1.9,,0,0,0,0,0,0,0,,,,
BASSTA,2009,12,31,1,7.3,,,,,,,,959.6,,2.4,,0,0,0,0,0,0,0,,,,
BASSTA,2009,12,31,2,7.1,,,,,,,,959.4,,2,,0,0,0,0,0,0,0,,,,
BASSTA,2009,12,31,3,7.5,,,,,,,,960.1,,1.3,,0,0,0,0,0,0,0,,,,
BASSTA,2009,12,31,4,7.2,,,,,,,,959.6,,1.6,,0,0,0,0,0,0,0,,,,
BASSTA,2009,12,31,5,7.1,,,,,,,,959.5,,1.8,,0,0,0,0,0,0,0,,,,
BASSTA,2009,12,31,6,7.1,,,,,,,,959.7,,1.1,,0,0,0,0,0,0,0,,,,
BASSTA,2009,12,31,7,7,,,,,,,,959.5,,2.3,,2,0,0,0,0,0,0,,,,
BASSTA,2009,12,31,8,7,,,,,,,,959.3,,2.1,,20,0,0,0,0,0,0,,,,
BASSTA,2009,12,31,9,7.2,,,,,,,,959.5,,2,,14,0,28,0,0,0,0,,,,
BASSTA,2009,12,31,10,7.3,,,,,,,,959.7,,2.5,,13,0,28,0,0,0,0,,,,
BASSTA,2009,12,31,11,6.8,,,,,,,,959.5,,5.1,,20,0,34,0,0,0,0,,,,
BASSTA,2009,12,31,12,7,,,,,,,,958.8,,3.8,,95,0,101,0,0,0,0,,,,
BASSTA,2009,12,31,13,7.8,,,,,,,,958,,2,,130,0,130,0,0,0,0,,,,
BASSTA,2009,12,31,14,7.5,,,,,,,,957.6,,2.5,,79,0,92,0,0,0,0,,,,
BASSTA,2009,12,31,15,7,,,,,,,,957.1,,3,,27,0,41,0,0,0,0,,,,
BASSTA,2009,12,31,16,6.4,,,,,,,,956.9,,2.4,,1,0,18,0,0,0,0,,,,
BASSTA,2009,12,31,17,6,,,,,,,,956.7,,2.4,,0,0,0,0,0,0,0,,,,
BASSTA,2009,12,31,18,5.7,,,,,,,,956.8,,1.9,,0,0,0,0,0,0,0,,,,
BASSTA,2009,12,31,19,5.6,,,,,,,,956.6,,2.1,,0,0,0,0,0,0,0,,,,
BASSTA,2009,12,31,20,5.5,,,,,,,,956.2,,1.8,,0,0,0,0,0,0,0,,,,
BASSTA,2009,12,31,21,5.1,,,,,,,,955.9,,2.1,,0,0,0,0,0,0,0,,,,
BASSTA,2009,12,31,22,4.5,,,,,,,,955.6,,1.5,,0,0,0,0,0,0,0,,,,
BASSTA,2009,12,31,23,4.4,,,,,,,,955.3,,1.9,,0,0,0,0,0,0,0,,,,
