station,time.yy,time.mm,time.dd,time.hh,temp,relhum,vappres,dewpt,mixratio,wetbulb,enthalpy,precip,airpres,winddir,windmean,windmax,rad.global,rad.direct,rad.diffus,rad.vert.N,rad.vert.E,rad.vert.S,rad.vert.W,ir.horiz,cloudcov,albedo,emissivity
ZUESTA,2009,1,1,0,0.2,,,,,,,,957.3,,0.3,,0,0,0,0,0,0,0,,,,
ZUESTA,2009,1,1,1,0.3,,,,,,,,958.1,,1.6,,0,0,0,0,0,0,0,,,,
ZUESTA,2009,1,1,2,0.1,,,,,,,,958.9,,1.6,,0,0,0,0,0,0,0,,,,
ZUESTA,2009,1,1,3,-0.1,,,,,,,,959.4,,0.9,,0,0,0,0,0,0,0,,,,
ZUESTA,2009,1,1,4,-0.3,,,,,,,,959.6,,1.1,,0,0,0,0,0,0,0,,,,
ZUESTA,2009,1,1,5,-0.4,,,,,,,,959.8,,0.6,,0,0,0,0,0,0,0,,,,
ZUESTA,2009,1,1,6,-0.2,,,,,,,,960.2,,0.7,,0,0,0,0,0,0,0,,,,
ZUESTA,2009,1,1,7,-1,,,,,,,,960.5,,0.3,,4,0,0,0,0,0,0,,,,
ZUESTA,2009,1,1,8,-1.5,,,,,,,,960.7,,0.8,,82,0,0,0,0,0,0,,,,
ZUESTA,2009,1,1,9,-0.6,,,,,,,,960.9,,0.5,,200,1739.8,33,0,0,0,0,,,,
ZUESTA,2009,1,1,10,0,,,,,,,,960.6,,0.6,,240,956.7,39.6,0,0,0,0,,,,
ZUESTA,2009,1,1,11,0.5,,,,,,,,960,,0.6,,228,362.8,122.7,0,0,0,0,,,,
ZUESTA,2009,1,1,12,0.8,,,,,,,,959.4,,1.1,,193,103,158.8,0,0,0,0,,,,
ZUESTA,2009,1,1,13,0.5,,,,,,,,959,,1.1,,166,50.2,149.4,0,0,0,0,,,,
ZUESTA,2009,1,1,14,0.3,,,,,,,,958.9,,1.5,,70,3.7,68.9,0,0,0,0,,,,
ZUESTA,2009,1,1,15,-0.3,,,,,,,,958.9,,1.5,,21,0.6,20.9,0,0,0,0,,,,
ZUESTA,2009,1,1,16,-0.6,,,,,,,,958.8,,1.5,,0,0,0,0,0,0,0,,,,
ZUESTA,2009,1,1,17,-0.9,,,,,,,,958.8,,2,,0,0,0,0,0,0,0,,,,
ZUESTA,2009,1,1,18,-1.1,,,,,,,,958.7,,1.5,,0,0,0,0,0,0,0,,,,
ZUESTA,2009,1,1,19,-1.2,,,,,,,,958.6,,1.2,,0,0,0,0,0,0,0,,,,
ZUESTA,2009,1,1,20,-1.4,,,,,,,,958.5,,1.5,,0,0,0,0,0,0,0,,,,
ZUESTA,2009,1,1,21,-1.5,,,,,,,,958.1,,1.7,,0,0,0,0,0,0,0,,,,
ZUESTA,2009,1,1,22,-1.7,,,,,,,,957.8,,1.4,,0,0,0,0,0,0,0,,,,
ZUESTA,2009,1,1,23,-1.8,,,,,,,,957.5,,2.4,,0,0,0,0,0,0,0,,,,
ZUESTA,2009,1,2,0,-1.8,,,,,,,,957,,0.7,,0,0,0,0,0,0,0,,,,
ZUESTA,2009,1,2,1,-1.6,,,,,,,,956.9,,0.4,,0,0,0,0,0,0,0,,,,
ZUESTA,2009,1,2,2,-1.6,,,,,,,,956.7,,0.7,,0,0,0,0,0,0,0,,,,
ZUESTA,2009,1,2,3,-1.8,,,,,,,,956.6,,0.7,,0,0,0,0,0,0,0,,,,
ZUESTA,2009,1,2,4,-1.9,,,,,,,,956.3,,0.9,,0,0,0,0,0,0,0,,,,
ZUESTA,2009,1,2,5,-1.9,,,,,,,,956.1,,0.6,,0,0,0,0,0,0,0,,,,
ZUESTA,2009,1,2,6,-1.8,,,,,,,,956.2,,1,,0,0,0,0,0,0,0,,,,
ZUESTA,2009,1,2,7,-1.9,,,,,,,,956.3,,1,,0,0,0,0,0,0,0,,,,
ZUESTA,2009,1,2,8,-2,,,,,,,,956.3,,0.8,,7,0,0,0,0,0,0,,,,
ZUESTA,2009,1,2,9,-1.9,,,,,,,,956.5,,0.8,,17,2,16.8,0,0,0,0,,,,
ZUESTA,2009,1,2,10,-2,,,,,,,,956.6,,1.1,,32,1.5,31.7,0,0,0,0,,,,
ZUESTA,2009,1,2,11,-1.8,,,,,,,,956.3,,1.3,,51,2,50.4,0,0,0,0,,,,
ZUESTA,2009,1,2,12,-1.8,,,,,,,,955.9,,1.4,,46,1.2,45.6,0,0,0,0,,,,
ZUESTA,2009,1,2,13,-1.6,,,,,,,,955.7,,0.7,,48,1.3,47.6,0,0,0,0,,,,
ZUESTA,2009,1,2,14,-1.5,,,,,,,,955.9,,0.6,,27,0.5,26.8,0,0,0,0,,,,
ZUESTA,2009,1,2,15,-1.5,,,,,,,,956,,1.2,,5,0,5,0,0,0,0,,,,
ZUESTA,2009,1,2,16,-1.5,,,,,,,,956,,2.1,,0,0,0,0,0,0,0,,,,
ZUESTA,2009,1,2,17,-2.2,,,,,,,,956.1,,2.5,,0,0,0,0,0,0,0,,,,
ZUESTA,2009,1,2,18,-2.4,,,,,,,,956.4,,2.7,,0,0,0,0,0,0,0,,,,
ZUESTA,2009,1,2,19,-2.8,,,,,,,,956.7,,2.6,,0,0,0,0,0,0,0,,,,
ZUESTA,2009,1,2,20,-3.3,,,,,,,,956.6,,2.1,,0,0,0,0,0,0,0,,,,
ZUESTA,2009,1,2,21,-3.7,,,,,,,,956.7,,2.5,,0,0,0,0,0,0,0,,,,
ZUESTA,2009,1,2,22,-4.1,,,,,,,,956.7,,3.2,,0,0,0,0,0,0,0,,,,
ZUESTA,2009,1,2,23,-4.4,,,,,,,,956.5,,3.3,,0,0,0,0,0,0,0,,,,
ZUESTA,2009,1,3,0,-4.5,,,,,,,,956.2,,2.2,,0,0,0,0,0,0,0,,,,
ZUESTA,2009,1,3,1,-4.8,,,,,,,,956.1,,2.7,,0,0,0,0,0,0,0,,,,
ZUESTA,2009,1,3,2,-4.9,,,,,,,,956,,2.6,,0,0,0,0,0,0,0,,,,
ZUESTA,2009,1,3,3,-5,,,,,,,,955.8,,2.8,,0,0,0,0,0,0,0,,,,
ZUESTA,2009,1,3,4,-5.1,,,,,,,,955.5,,3.1,,0,0,0,0,0,0,0,,,,
ZUESTA,2009,1,3,5,-5.1,,,,,,,,955.5,,2.8,,0,0,0,0,0,0,0,,,,
ZUESTA,2009,1,3,6,-5.2,,,,,,,,955.6,,2.6,,0,0,0,0,0,0,0,,,,
ZUESTA,2009,1,3,7,-5.4,,,,,,,,955.7,,2.4,,1,0,0,0,0,0,0,,,,
ZUESTA,2009,1,3,8,-5.5,,,,,,,,956,,2.1,,15,0,0,0,0,0,0,,,,
ZUESTA,2009,1,3,9,-5.4,,,,,,,,956.1,,2.2,,46,39,42.2,0,0,0,0,,,,
ZUESTA,2009,1,3,10,-5.4,,,,,,,,956,,2.5,,65,6.1,63.7,0,0,0,0,,,,
ZUESTA,2009,1,3,11,-5.2,,,,,,,,955.7,,3.1,,107,10.9,103.8,0,0,0,0,,,,
ZUESTA,2009,1,3,12,-4.9,,,,,,,,955.2,,3.9,,127,12.7,122.7,0,0,0,0,,,,
ZUESTA,2009,1,3,13,-5,,,,,,,,955.1,,3.3,,78,3.5,76.8,0,0,0,0,,,,
ZUESTA,2009,1,3,14,-5,,,,,,,,955.2,,2.9,,41,1.2,40.6,0,0,0,0,,,,
ZUESTA,2009,1,3,15,-5,,,,,,,,955.4,,2.7,,11,0.2,11,0,0,0,0,,,,
ZUESTA,2009,1,3,16,-5.1,,,,,,,,955.7,,1.6,,0,0,0,0,0,0,0,,,,
ZUESTA,2009,1,3,17,-5.1,,,,,,,,955.9,,0.9,,0,0,0,0,0,0,0,,,,
ZUESTA,2009,1,3,18,-5.1,,,,,,,,955.9,,0.7,,0,0,0,0,0,0,0,,,,
ZUESTA,2009,1,3,19,-5,,,,,,,,956.2,,0.4,,0,0,0,0,0,0,0,,,,
ZUESTA,2009,1,3,20,-5.1,,,,,,,,956.3,,0.5,,0,0,0,0,0,0,0,,,,
ZUESTA,2009,1,3,21,-5,,,,,,,,956.3,,0.8,,0,0,0,0,0,0,0,,,,
ZUESTA,2009,1,3,22,-5,,,,,,,,956.2,,1.1,,0,0,0,0,0,0,0,,,,
ZUESTA,2009,1,3,23,-5,,,,,,,,956.1,,0.9,,0,0,0,0,0,0,0,,,,
ZUESTA,2009,1,4,0,-5.1,,,,,,,,955.8,,1.2,,0,0,0,0,0,0,0,,,,
ZUESTA,2009,1,4,1,-5.2,,,,,,,,955.4,,1.2,,0,0,0,0,0,0,0,,,,
ZUESTA,2009,1,4,2,-5.1,,,,,,,,955.1,,1.2,,0,0,0,0,0,0,0,,,,
ZUESTA,2009,1,4,3,-5.2,,,,,,,,955.1,,0.9,,0,0,0,0,0,0,0,,,,
ZUESTA,2009,1,4,4,-5.3,,,,,,,,955,,0.6,,0,0,0,0,0,0,0,,,,
ZUESTA,2009,1,4,5,-5.4,,,,,,,,954.7,,0.9,,0,0,0,0,0,0,0,,,,
ZUESTA,2009,1,4,6,-5.5,,,,,,,,954.8,,1.1,,0,0,0,0,0,0,0,,,,
ZUESTA,2009,1,4,7,-5.6,,,,,,,,955,,0.6,,1,0,0,0,0,0,0,,,,
ZUESTA,2009,1,4,8,-5.6,,,,,,,,955.1,,0.5,,25,0,0,0,0,0,0,,,,
ZUESTA,2009,1,4,9,-5.2,,,,,,,,955.1,,0.5,,75,339.6,42,0,0,0,0,,,,
ZUESTA,2009,1,4,10,-4.8,,,,,,,,954.8,,1,,124,106.7,101.4,0,0,0,0,,,,
ZUESTA,2009,1,4,11,-4.5,,,,,,,,954,,1.1,,183,141.5,141.5,0,0,0,0,,,,
ZUESTA,2009,1,4,12,-3.9,,,,,,,,953.3,,1.5,,362,889,63.2,0,0,0,0,,,,
ZUESTA,2009,1,4,13,-3.7,,,,,,,,952.7,,1.4,,248,283.2,152.6,0,0,0,0,,,,
ZUESTA,2009,1,4,14,-3.8,,,,,,,,952.3,,1.4,,182,133.8,142.5,0,0,0,0,,,,
ZUESTA,2009,1,4,15,-4.3,,,,,,,,952.3,,1.8,,49,3.3,48.3,0,0,0,0,,,,
ZUESTA,2009,1,4,16,-5.4,,,,,,,,952.4,,1.7,,1,0,1,0,0,0,0,,,,
ZUESTA,2009,1,4,17,-5.9,,,,,,,,952.4,,1.4,,0,0,0,0,0,0,0,,,,
ZUESTA,2009,1,4,18,-6.4,,,,,,,,952.3,,0.5,,0,0,0,0,0,0,0,,,,
ZUESTA,2009,1,4,19,-6.5,,,,,,,,952.4,,0.9,,0,0,0,0,0,0,0,,,,
ZUESTA,2009,1,4,20,-6.1,,,,,,,,952.3,,1.5,,0,0,0,0,0,0,0,,,,
ZUESTA,2009,1,4,21,-6.3,,,,,,,,952.2,,1.4,,0,0,0,0,0,0,0,,,,
ZUESTA,2009,1,4,22,-6.4,,,,,,,,951.9,,0.7,,0,0,0,0,0,0,0,,,,
ZUESTA,2009,1,4,23,-5.9,,,,,,,,951.6,,1.4,,0,0,0,0,0,0,0,,,,
ZUESTA,2009,1,5,0,-6,,,,,,,,950.9,,1.7,,0,0,0,0,0,0,0,,,,
ZUESTA,2009,1,5,1,-6.2,,,,,,,,950.5,,1.1,,0,0,0,0,0,0,0,,,,
ZUESTA,2009,1,5,2,-6.2,,,,,,,,950.1,,1,,0,0,0,0,0,0,0,,,,
ZUESTA,2009,1,5,3,-6.4,,,,,,,,949.9,,1.4,,0,0,0,0,0,0,0,,,,
ZUESTA,2009,1,5,4,-6.5,,,,,,,,949.7,,0.8,,0,0,0,0,0,0,0,,,,
ZUESTA,2009,1,5,5,-6.4,,,,,,,,949.4,,1,,0,0,0,0,0,0,0,,,,
ZUESTA,2009,1,5,6,-6.6,,,,,,,,949.4,,1.4,,0,0,0,0,0,0,0,,,,
ZUESTA,2009,1,5,7,-6.7,,,,,,,,949.5,,1.2,,3,0,0,0,0,0,0,,,,
ZUESTA,2009,1,5,8,-6.6,,,,,,,,949.8,,1.2,,40,0,0,0,0,0,0,,,,
ZUESTA,2009,1,5,9,-6,,,,,,,,949.9,,1.3,,135,1152.7,22.3,0,0,0,0,,,,
ZUESTA,2009,1,5,10,-5.6,,,,,,,,949.8,,1.4,,132,138.7,102.5,0,0,0,0,,,,
ZUESTA,2009,1,5,11,-5.1,,,,,,,,949.3,,0.9,,104,9.3,101.3,0,0,0,0,,,,
ZUESTA,2009,1,5,12,-4.9,,,,,,,,948.9,,1.1,,85,4,83.6,0,0,0,0,,,,
ZUESTA,2009,1,5,13,-4.9,,,,,,,,948.8,,0.8,,65,2.3,64.2,0,0,0,0,,,,
ZUESTA,2009,1,5,14,-4.7,,,,,,,,948.9,,0.8,,57,2.3,56.3,0,0,0,0,,,,
ZUESTA,2009,1,5,15,-4.9,,,,,,,,949,,0.6,,25,0.8,24.8,0,0,0,0,,,,
ZUESTA,2009,1,5,16,-5.2,,,,,,,,949.2,,1.2,,0,0,0,0,0,0,0,,,,
ZUESTA,2009,1,5,17,-5.4,,,,,,,,949.3,,1.4,,0,0,0,0,0,0,0,,,,
ZUESTA,2009,1,5,18,-5.7,,,,,,,,949.5,,0.9,,0,0,0,0,0,0,0,,,,
ZUESTA,2009,1,5,19,-5.7,,,,,,,,949.6,,0.9,,0,0,0,0,0,0,0,,,,
ZUESTA,2009,1,5,20,-5.7,,,,,,,,949.6,,0.9,,0,0,0,0,0,0,0,,,,
ZUESTA,2009,1,5,21,-5.7,,,,,,,,949.6,,1.2,,0,0,0,0,0,0,0,,,,
ZUESTA,2009,1,5,22,-5.7,,,,,,,,949.6,,1.4,,0,0,0,0,0,0,0,,,,
ZUESTA,2009,1,5,23,-5.8,,,,,,,,949.4,,1.3,,0,0,0,0,0,0,0,,,,
ZUESTA,2009,1,6,0,-5.7,,,,,,,,948.9,,1.3,,0,0,0,0,0,0,0,,,,
ZUESTA,2009,1,6,1,-5.8,,,,,,,,948.9,,1.5,,0,0,0,0,0,0,0,,,,
ZUESTA,2009,1,6,2,-5.6,,,,,,,,948.9,,1.2,,0,0,0,0,0,0,0,,,,
ZUESTA,2009,1,6,3,-5.6,,,,,,,,948.6,,1.2,,0,0,0,0,0,0,0,,,,
ZUESTA,2009,1,6,4,-5.3,,,,,,,,948.6,,1.3,,0,0,0,0,0,0,0,,,,
ZUESTA,2009,1,6,5,-5,,,,,,,,948.5,,1.1,,0,0,0,0,0,0,0,,,,
ZUESTA,2009,1,6,6,-4.9,,,,,,,,948.6,,1.8,,0,0,0,0,0,0,0,,,,
ZUESTA,2009,1,6,7,-4.7,,,,,,,,948.6,,2,,0,0,0,0,0,0,0,,,,
ZUESTA,2009,1,6,8,-4.5,,,,,,,,948.6,,2,,12,0,0,0,0,0,0,,,,
ZUESTA,2009,1,6,9,-4.2,,,,,,,,948.6,,2.7,,77,355.5,42,0,0,0,0,,,,
ZUESTA,2009,1,6,10,-4,,,,,,,,948.5,,2.5,,69,6.9,67.5,0,0,0,0,,,,
ZUESTA,2009,1,6,11,-4,,,,,,,,948.2,,2.1,,52,2,51.4,0,0,0,0,,,,
ZUESTA,2009,1,6,12,-3.9,,,,,,,,947.8,,2.1,,41,0.9,40.7,0,0,0,0,,,,
ZUESTA,2009,1,6,13,-3.8,,,,,,,,947.7,,1.6,,44,1.1,43.6,0,0,0,0,,,,
ZUESTA,2009,1,6,14,-3.7,,,,,,,,948,,1.2,,19,0.3,18.9,0,0,0,0,,,,
ZUESTA,2009,1,6,15,-3.8,,,,,,,,948.6,,1.2,,6,0,6,0,0,0,0,,,,
ZUESTA,2009,1,6,16,-4.1,,,,,,,,949,,1.3,,0,0,0,0,0,0,0,,,,
ZUESTA,2009,1,6,17,-4.2,,,,,,,,949.1,,1.6,,0,0,0,0,0,0,0,,,,
ZUESTA,2009,1,6,18,-4.3,,,,,,,,949.3,,1.9,,0,0,0,0,0,0,0,,,,
ZUESTA,2009,1,6,19,-4.4,,,,,,,,949.4,,1.2,,0,0,0,0,0,0,0,,,,
ZUESTA,2009,1,6,20,-4.5,,,,,,,,949.6,,1,,0,0,0,0,0,0,0,,,,
ZUESTA,2009,1,6,21,-4.5,,,,,,,,949.6,,1.5,,0,0,0,0,0,0,0,,,,
ZUESTA,2009,1,6,22,-4.6,,,,,,,,949.7,,1.8,,0,0,0,0,0,0,0,,,,
ZUESTA,2009,1,6,23,-4.7,,,,,,,,949.9,,1.8,,0,0,0,0,0,0,0,,,,
ZUESTA,2009,1,7,0,-4.8,,,,,,,,949.8,,2.7,,0,0,0,0,0,0,0,,,,
ZUESTA,2009,1,7,1,-4.8,,,,,,,,949.8,,3.9,,0,0,0,0,0,0,0,,,,
ZUESTA,2009,1,7,2,-4.8,,,,,,,,949.9,,1.7,,0,0,0,0,0,0,0,,,,
ZUESTA,2009,1,7,3,-4.9,,,,,,,,949.7,,1.6,,0,0,0,0,0,0,0,,,,
ZUESTA,2009,1,7,4,-5,,,,,,,,949.7,,0.9,,0,0,0,0,0,0,0,,,,
ZUESTA,2009,1,7,5,-5.1,,,,,,,,949.7,,1.5,,0,0,0,0,0,0,0,,,,
ZUESTA,2009,1,7,6,-5,,,,,,,,949.8,,1.5,,0,0,0,0,0,0,0,,,,
ZUESTA,2009,1,7,7,-5.1,,,,,,,,950.1,,1.6,,1,0,0,0,0,0,0,,,,
ZUESTA,2009,1,7,8,-5,,,,,,,,950.5,,1.9,,7,0,0,0,0,0,0,,,,
ZUESTA,2009,1,7,9,-5,,,,,,,,950.9,,2.4,,28,5,27.5,0,0,0,0,,,,
ZUESTA,2009,1,7,10,-5,,,,,,,,951,,3.3,,50,3.4,49.3,0,0,0,0,,,,
ZUESTA,2009,1,7,11,-5.1,,,,,,,,950.9,,3,,59,2.5,58.3,0,0,0,0,,,,
ZUESTA,2009,1,7,12,-5.2,,,,,,,,950.5,,3.1,,65,2.3,64.2,0,0,0,0,,,,
ZUESTA,2009,1,7,13,-5.3,,,,,,,,950.3,,3,,57,1.8,56.4,0,0,0,0,,,,
ZUESTA,2009,1,7,14,-5.4,,,,,,,,950.6,,3.2,,35,0.9,34.7,0,0,0,0,,,,
ZUESTA,2009,1,7,15,-5.5,,,,,,,,951,,3.2,,10,0.1,10,0,0,0,0,,,,
ZUESTA,2009,1,7,16,-5.7,,,,,,,,951.5,,3.2,,0,0,0,0,0,0,0,,,,
ZUESTA,2009,1,7,17,-5.6,,,,,,,,952,,4,,0,0,0,0,0,0,0,,,,
ZUESTA,2009,1,7,18,-5.5,,,,,,,,952.5,,3.3,,0,0,0,0,0,0,0,,,,
ZUESTA,2009,1,7,19,-5.4,,,,,,,,953.1,,2.4,,0,0,0,0,0,0,0,,,,
ZUESTA,2009,1,7,20,-5.7,,,,,,,,953.5,,2.7,,0,0,0,0,0,0,0,,,,
ZUESTA,2009,1,7,21,-6,,,,,,,,953.7,,3.1,,0,0,0,0,0,0,0,,,,
ZUESTA,2009,1,7,22,-6.4,,,,,,,,954.1,,3,,0,0,0,0,0,0,0,,,,
ZUESTA,2009,1,7,23,-7.3,,,,,,,,954,,3.1,,0,0,0,0,0,0,0,,,,
ZUESTA,2009,1,8,0,-7.5,,,,,,,,954,,3.6,,0,0,0,0,0,0,0,,,,
ZUESTA,2009,1,8,1,-7.3,,,,,,,,954.3,,4,,0,0,0,0,0,0,0,,,,
ZUESTA,2009,1,8,2,-7.9,,,,,,,,954.5,,2.4,,0,0,0,0,0,0,0,,,,
ZUESTA,2009,1,8,3,-7.7,,,,,,,,954.7,,2.7,,0,0,0,0,0,0,0,,,,
ZUESTA,2009,1,8,4,-6.5,,,,,,,,954.8,,3,,0,0,0,0,0,0,0,,,,
ZUESTA,2009,1,8,5,-6.1,,,,,,,,954.9,,3.3,,0,0,0,0,0,0,0,,,,
ZUESTA,2009,1,8,6,-6.2,,,,,,,,955.3,,2.4,,0,0,0,0,0,0,0,,,,
ZUESTA,2009,1,8,7,-6.2,,,,,,,,955.8,,2.4,,1,0,0,0,0,0,0,,,,
ZUESTA,2009,1,8,8,-6.1,,,,,,,,956.1,,3.1,,23,0,0,0,0,0,0,,,,
ZUESTA,2009,1,8,9,-6,,,,,,,,956.6,,2.9,,52,59.3,46,0,0,0,0,,,,
ZUESTA,2009,1,8,10,-5.9,,,,,,,,956.6,,2.7,,75,8.7,73.1,0,0,0,0,,,,
ZUESTA,2009,1,8,11,-5.7,,,,,,,,956.4,,3,,122,17.9,116.6,0,0,0,0,,,,
ZUESTA,2009,1,8,12,-4.8,,,,,,,,956.2,,3.7,,281,419.7,136.8,0,0,0,0,,,,
ZUESTA,2009,1,8,13,-4.7,,,,,,,,956.2,,3,,108,6.3,105.8,0,0,0,0,,,,
ZUESTA,2009,1,8,14,-4.5,,,,,,,,956.5,,2.4,,83,4.7,81.6,0,0,0,0,,,,
ZUESTA,2009,1,8,15,-4.6,,,,,,,,956.9,,2.3,,29,1.1,28.8,0,0,0,0,,,,
ZUESTA,2009,1,8,16,-5.8,,,,,,,,957.5,,1.2,,1,0,1,0,0,0,0,,,,
ZUESTA,2009,1,8,17,-6.5,,,,,,,,958,,1.9,,0,0,0,0,0,0,0,,,,
ZUESTA,2009,1,8,18,-7.1,,,,,,,,958.5,,0.8,,0,0,0,0,0,0,0,,,,
ZUESTA,2009,1,8,19,-7.5,,,,,,,,959,,0.9,,0,0,0,0,0,0,0,,,,
ZUESTA,2009,1,8,20,-8,,,,,,,,959.4,,0.4,,0,0,0,0,0,0,0,,,,
ZUESTA,2009,1,8,21,-8.3,,,,,,,,959.4,,0.8,,0,0,0,0,0,0,0,,,,
ZUESTA,2009,1,8,22,-8,,,,,,,,959.7,,1.1,,0,0,0,0,0,0,0,,,,
ZUESTA,2009,1,8,23,-7,,,,,,,,959.8,,0.9,,0,0,0,0,0,0,0,,,,
ZUESTA,2009,1,9,0,-6.5,,,,,,,,959.8,,0.3,,0,0,0,0,0,0,0,,,,
ZUESTA,2009,1,9,1,-5.9,,,,,,,,959.8,,0.7,,0,0,0,0,0,0,0,,,,
ZUESTA,2009,1,9,2,-5.9,,,,,,,,959.7,,0.5,,0,0,0,0,0,0,0,,,,
ZUESTA,2009,1,9,3,-5.8,,,,,,,,959.6,,0.8,,0,0,0,0,0,0,0,,,,
ZUESTA,2009,1,9,4,-6.1,,,,,,,,959.5,,1.3,,0,0,0,0,0,0,0,,,,
ZUESTA,2009,1,9,5,-6.1,,,,,,,,959.4,,1.4,,0,0,0,0,0,0,0,,,,
ZUESTA,2009,1,9,6,-6,,,,,,,,959.8,,1.1,,0,0,0,0,0,0,0,,,,
ZUESTA,2009,1,9,7,-6.1,,,,,,,,960.3,,1.2,,2,0,0,0,0,0,0,,,,
ZUESTA,2009,1,9,8,-5.9,,,,,,,,960.7,,1.1,,29,0,0,0,0,0,0,,,,
ZUESTA,2009,1,9,9,-5.4,,,,,,,,961,,0.7,,62,128.9,48.9,0,0,0,0,,,,
ZUESTA,2009,1,9,10,-5,,,,,,,,960.9,,1,,100,32.7,92.9,0,0,0,0,,,,
ZUESTA,2009,1,9,11,-4.7,,,,,,,,960.5,,0.8,,141,35.9,130.2,0,0,0,0,,,,
ZUESTA,2009,1,9,12,-4.3,,,,,,,,960,,0.7,,152,26.2,143,0,0,0,0,,,,
ZUESTA,2009,1,9,13,-4.2,,,,,,,,959.5,,1,,128,11.1,124.1,0,0,0,0,,,,
ZUESTA,2009,1,9,14,-4.3,,,,,,,,959.5,,1.3,,93,5.8,91.2,0,0,0,0,,,,
ZUESTA,2009,1,9,15,-4.5,,,,,,,,959.4,,1.5,,36,1.6,35.6,0,0,0,0,,,,
ZUESTA,2009,1,9,16,-5,,,,,,,,959.4,,1.8,,1,0,1,0,0,0,0,,,,
ZUESTA,2009,1,9,17,-5.7,,,,,,,,959.7,,2.6,,0,0,0,0,0,0,0,,,,
ZUESTA,2009,1,9,18,-5.9,,,,,,,,959.8,,2,,0,0,0,0,0,0,0,,,,
ZUESTA,2009,1,9,19,-6,,,,,,,,960,,1.8,,0,0,0,0,0,0,0,,,,
ZUESTA,2009,1,9,20,-6.2,,,,,,,,960.2,,1.7,,0,0,0,0,0,0,0,,,,
ZUESTA,2009,1,9,21,-6.3,,,,,,,,960.3,,2.3,,0,0,0,0,0,0,0,,,,
ZUESTA,2009,1,9,22,-6.6,,,,,,,,960.3,,2.2,,0,0,0,0,0,0,0,,,,
ZUESTA,2009,1,9,23,-6.6,,,,,,,,960.1,,2.2,,0,0,0,0,0,0,0,,,,
ZUESTA,2009,1,10,0,-6.7,,,,,,,,959.9,,1.8,,0,0,0,0,0,0,0,,,,
ZUESTA,2009,1,10,1,-6.8,,,,,,,,959.7,,1.5,,0,0,0,0,0,0,0,,,,
ZUESTA,2009,1,10,2,-6.8,,,,,,,,959.8,,1.6,,0,0,0,0,0,0,0,,,,
ZUESTA,2009,1,10,3,-6.7,,,,,,,,959.6,,1.2,,0,0,0,0,0,0,0,,,,
ZUESTA,2009,1,10,4,-6.8,,,,,,,,959.4,,1.3,,0,0,0,0,0,0,0,,,,
ZUESTA,2009,1,10,5,-7.1,,,,,,,,959.4,,1.1,,0,0,0,0,0,0,0,,,,
ZUESTA,2009,1,10,6,-7.2,,,,,,,,959.6,,1.4,,0,0,0,0,0,0,0,,,,
ZUESTA,2009,1,10,7,-7.1,,,,,,,,959.9,,1,,3,0,0,0,0,0,0,,,,
ZUESTA,2009,1,10,8,-6.9,,,,,,,,960.4,,0.9,,31,0,0,0,0,0,0,,,,
ZUESTA,2009,1,10,9,-6.9,,,,,,,,960.7,,0.7,,58,89.8,48.8,0,0,0,0,,,,
ZUESTA,2009,1,10,10,-6.4,,,,,,,,960.9,,0.4,,107,44.3,97.3,0,0,0,0,,,,
ZUESTA,2009,1,10,11,-5.8,,,,,,,,960.5,,0.6,,139,32.4,129.2,0,0,0,0,,,,
ZUESTA,2009,1,10,12,-5.1,,,,,,,,960.3,,0.8,,125,10,121.5,0,0,0,0,,,,
ZUESTA,2009,1,10,13,-5,,,,,,,,960.3,,0.7,,105,5.7,103,0,0,0,0,,,,
ZUESTA,2009,1,10,14,-4.9,,,,,,,,960.5,,0.6,,75,3.7,73.8,0,0,0,0,,,,
ZUESTA,2009,1,10,15,-4.9,,,,,,,,961.1,,0.6,,27,0.9,26.8,0,0,0,0,,,,
ZUESTA,2009,1,10,16,-5.1,,,,,,,,961.6,,0.7,,1,0,1,0,0,0,0,,,,
ZUESTA,2009,1,10,17,-5.4,,,,,,,,961.8,,0.8,,0,0,0,0,0,0,0,,,,
ZUESTA,2009,1,10,18,-5.5,,,,,,,,962.1,,0.8,,0,0,0,0,0,0,0,,,,
ZUESTA,2009,1,10,19,-5.6,,,,,,,,962.3,,0.7,,0,0,0,0,0,0,0,,,,
ZUESTA,2009,1,10,20,-5.5,,,,,,,,962.6,,0.5,,0,0,0,0,0,0,0,,,,
ZUESTA,2009,1,10,21,-5.2,,,,,,,,962.8,,0.9,,0,0,0,0,0,0,0,,,,
ZUESTA,2009,1,10,22,-5.7,,,,,,,,963.2,,0.6,,0,0,0,0,0,0,0,,,,
ZUESTA,2009,1,10,23,-5.8,,,,,,,,963.4,,0.6,,0,0,0,0,0,0,0,,,,
ZUESTA,2009,1,11,0,-6.2,,,,,,,,963.4,,0.5,,0,0,0,0,0,0,0,,,,
ZUESTA,2009,1,11,1,-5.7,,,,,,,,963.5,,0.7,,0,0,0,0,0,0,0,,,,
ZUESTA,2009,1,11,2,-5.5,,,,,,,,963.9,,0.6,,0,0,0,0,0,0,0,,,,
ZUESTA,2009,1,11,3,-6,,,,,,,,964.5,,0.6,,0,0,0,0,0,0,0,,,,
ZUESTA,2009,1,11,4,-6.1,,,,,,,,964.9,,0.5,,0,0,0,0,0,0,0,,,,
ZUESTA,2009,1,11,5,-5.7,,,,,,,,965,,1,,0,0,0,0,0,0,0,,,,
ZUESTA,2009,1,11,6,-6,,,,,,,,965.1,,1.1,,0,0,0,0,0,0,0,,,,
ZUESTA,2009,1,11,7,-6.1,,,,,,,,965.5,,0.5,,2,0,0,0,0,0,0,,,,
ZUESTA,2009,1,11,8,-5.9,,,,,,,,965.9,,0.6,,25,0,0,0,0,0,0,,,,
ZUESTA,2009,1,11,9,-5.6,,,,,,,,966,,0.6,,63,123.8,50.1,0,0,0,0,,,,
ZUESTA,2009,1,11,10,-5.3,,,,,,,,965.9,,0.5,,88,16,84.5,0,0,0,0,,,,
ZUESTA,2009,1,11,11,-5.2,,,,,,,,965.3,,0.6,,112,11,108.6,0,0,0,0,,,,
ZUESTA,2009,1,11,12,-4.7,,,,,,,,964.9,,0.3,,135,13.7,130.2,0,0,0,0,,,,
ZUESTA,2009,1,11,13,-4.7,,,,,,,,964.5,,0.9,,165,35.6,152.4,0,0,0,0,,,,
ZUESTA,2009,1,11,14,-4.6,,,,,,,,964.5,,0.8,,82,4.4,80.6,0,0,0,0,,,,
ZUESTA,2009,1,11,15,-4.8,,,,,,,,964.8,,0.7,,27,0.8,26.8,0,0,0,0,,,,
ZUESTA,2009,1,11,16,-4.8,,,,,,,,964.8,,0.6,,1,0,1,0,0,0,0,,,,
ZUESTA,2009,1,11,17,-5.2,,,,,,,,964.9,,1.3,,0,0,0,0,0,0,0,,,,
ZUESTA,2009,1,11,18,-5.7,,,,,,,,964.9,,1.5,,0,0,0,0,0,0,0,,,,
ZUESTA,2009,1,11,19,-6,,,,,,,,965,,1.4,,0,0,0,0,0,0,0,,,,
ZUESTA,2009,1,11,20,-5.6,,,,,,,,965.1,,0.9,,0,0,0,0,0,0,0,,,,
ZUESTA,2009,1,11,21,-5.5,,,,,,,,964.9,,0.7,,0,0,0,0,0,0,0,,,,
ZUESTA,2009,1,11,22,-5.7,,,,,,,,964.6,,0.5,,0,0,0,0,0,0,0,,,,
ZUESTA,2009,1,11,23,-6.1,,,,,,,,964.2,,1.1,,0,0,0,0,0,0,0,,,,
ZUESTA,2009,1,12,0,-6.5,,,,,,,,963.9,,0.9,,0,0,0,0,0,0,0,,,,
ZUESTA,2009,1,12,1,-6.9,,,,,,,,963.7,,0.8,,0,0,0,0,0,0,0,,,,
ZUESTA,2009,1,12,2,-6.7,,,,,,,,963.5,,0.7,,0,0,0,0,0,0,0,,,,
ZUESTA,2009,1,12,3,-6.5,,,,,,,,963.3,,0.6,,0,0,0,0,0,0,0,,,,
ZUESTA,2009,1,12,4,-6.5,,,,,,,,962.9,,0.3,,0,0,0,0,0,0,0,,,,
ZUESTA,2009,1,12,5,-6.6,,,,,,,,962.7,,0.4,,0,0,0,0,0,0,0,,,,
ZUESTA,2009,1,12,6,-6.6,,,,,,,,962.7,,0.6,,0,0,0,0,0,0,0,,,,
ZUESTA,2009,1,12,7,-6.1,,,,,,,,962.5,,0.8,,2,0,0,0,0,0,0,,,,
ZUESTA,2009,1,12,8,-5.9,,,,,,,,962.6,,0.9,,29,0,0,0,0,0,0,,,,
ZUESTA,2009,1,12,9,-5.8,,,,,,,,962.6,,0.5,,85,397.2,43.1,0,0,0,0,,,,
ZUESTA,2009,1,12,10,-5.5,,,,,,,,962.6,,0.8,,155,226.2,104.6,0,0,0,0,,,,
ZUESTA,2009,1,12,11,-4.8,,,,,,,,961.9,,0.5,,215,231.4,143.9,0,0,0,0,,,,
ZUESTA,2009,1,12,12,-4,,,,,,,,961,,0.9,,301,485.5,129.8,0,0,0,0,,,,
ZUESTA,2009,1,12,13,-2.7,,,,,,,,960.4,,1.3,,299,460.7,135.1,0,0,0,0,,,,
ZUESTA,2009,1,12,14,-2.4,,,,,,,,960,,1.4,,198,143.6,152.6,0,0,0,0,,,,
ZUESTA,2009,1,12,15,-2.6,,,,,,,,959.9,,1.4,,72,5.9,70.6,0,0,0,0,,,,
ZUESTA,2009,1,12,16,-3.3,,,,,,,,959.6,,1.1,,2,0,2,0,0,0,0,,,,
ZUESTA,2009,1,12,17,-3.6,,,,,,,,959.3,,0.6,,0,0,0,0,0,0,0,,,,
ZUESTA,2009,1,12,18,-4.2,,,,,,,,959,,0.3,,0,0,0,0,0,0,0,,,,
ZUESTA,2009,1,12,19,-5.4,,,,,,,,958.7,,0,,0,0,0,0,0,0,0,,,,
ZUESTA,2009,1,12,20,-6.5,,,,,,,,958.5,,0,,0,0,0,0,0,0,0,,,,
ZUESTA,2009,1,12,21,-6.7,,,,,,,,958.4,,0.1,,0,0,0,0,0,0,0,,,,
ZUESTA,2009,1,12,22,-6.5,,,,,,,,958,,0.3,,0,0,0,0,0,0,0,,,,
ZUESTA,2009,1,12,23,-6.3,,,,,,,,957.5,,0.6,,0,0,0,0,0,0,0,,,,
ZUESTA,2009,1,13,0,-6.7,,,,,,,,957.2,,0.6,,0,0,0,0,0,0,0,,,,
ZUESTA,2009,1,13,1,-6.9,,,,,,,,956.8,,0.3,,0,0,0,0,0,0,0,,,,
ZUESTA,2009,1,13,2,-7,,,,,,,,956.4,,0.5,,0,0,0,0,0,0,0,,,,
ZUESTA,2009,1,13,3,-7.2,,,,,,,,955.9,,0.7,,0,0,0,0,0,0,0,,,,
ZUESTA,2009,1,13,4,-6.7,,,,,,,,955.6,,0.6,,0,0,0,0,0,0,0,,,,
ZUESTA,2009,1,13,5,-6.6,,,,,,,,955,,0.4,,0,0,0,0,0,0,0,,,,
ZUESTA,2009,1,13,6,-7,,,,,,,,954.5,,0.5,,0,0,0,0,0,0,0,,,,
ZUESTA,2009,1,13,7,-8.2,,,,,,,,954.1,,0.8,,5,0,0,0,0,0,0,,,,
ZUESTA,2009,1,13,8,-8.5,,,,,,,,954,,0.9,,60,0,0,0,0,0,0,,,,
ZUESTA,2009,1,13,9,-7,,,,,,,,953.8,,0.3,,196,1527.7,32.3,0,0,0,0,,,,
ZUESTA,2009,1,13,10,-5.5,,,,,,,,953.6,,0.5,,316,1174.5,52.1,0,0,0,0,,,,
ZUESTA,2009,1,13,11,-3.9,,,,,,,,952.8,,0.8,,367,990.1,60.6,0,0,0,0,,,,
ZUESTA,2009,1,13,12,-2.6,,,,,,,,952.4,,1,,360,791,79,0,0,0,0,,,,
ZUESTA,2009,1,13,13,-1.6,,,,,,,,951.7,,1.1,,300,453.5,137.3,0,0,0,0,,,,
ZUESTA,2009,1,13,14,-1.5,,,,,,,,951.2,,0.8,,198,137.6,154,0,0,0,0,,,,
ZUESTA,2009,1,13,15,-2,,,,,,,,950.9,,0.5,,75,6.3,73.5,0,0,0,0,,,,
ZUESTA,2009,1,13,16,-2.5,,,,,,,,950.6,,0.3,,3,0,3,0,0,0,0,,,,
ZUESTA,2009,1,13,17,-2.9,,,,,,,,950.6,,0.6,,0,0,0,0,0,0,0,,,,
ZUESTA,2009,1,13,18,-3.6,,,,,,,,950.7,,0.3,,0,0,0,0,0,0,0,,,,
ZUESTA,2009,1,13,19,-4.4,,,,,,,,950.5,,0.2,,0,0,0,0,0,0,0,,,,
ZUESTA,2009,1,13,20,-4.8,,,,,,,,950.4,,0,,0,0,0,0,0,0,0,,,,
ZUESTA,2009,1,13,21,-4.7,,,,,,,,950,,0,,0,0,0,0,0,0,0,,,,
ZUESTA,2009,1,13,22,-4.1,,,,,,,,949.5,,0,,0,0,0,0,0,0,0,,,,
ZUESTA,2009,1,13,23,-4.3,,,,,,,,949.3,,0,,0,0,0,0,0,0,0,,,,
ZUESTA,2009,1,14,0,-4.6,,,,,,,,949.2,,0.9,,0,0,0,0,0,0,0,,,,
ZUESTA,2009,1,14,1,-4.6,,,,,,,,949.2,,0.7,,0,0,0,0,0,0,0,,,,
ZUESTA,2009,1,14,2,-4.4,,,,,,,,949.1,,0.7,,0,0,0,0,0,0,0,,,,
ZUESTA,2009,1,14,3,-4.7,,,,,,,,949.1,,1,,0,0,0,0,0,0,0,,,,
ZUESTA,2009,1,14,4,-5.1,,,,,,,,949.2,,0.6,,0,0,0,0,0,0,0,,,,
ZUESTA,2009,1,14,5,-5.2,,,,,,,,949.5,,0.2,,0,0,0,0,0,0,0,,,,
ZUESTA,2009,1,14,6,-5.3,,,,,,,,949.7,,0.2,,0,0,0,0,0,0,0,,,,
ZUESTA,2009,1,14,7,-5.6,,,,,,,,949.7,,0.3,,4,0,0,0,0,0,0,,,,
ZUESTA,2009,1,14,8,-5.5,,,,,,,,949.7,,0.2,,50,0,0,0,0,0,0,,,,
ZUESTA,2009,1,14,9,-5.2,,,,,,,,949.8,,0.5,,158,1212.3,26.1,0,0,0,0,,,,
ZUESTA,2009,1,14,10,-4,,,,,,,,949.8,,0.5,,308,1134.4,50.8,0,0,0,0,,,,
ZUESTA,2009,1,14,11,-2.1,,,,,,,,949.5,,1,,361,966.4,59.6,0,0,0,0,,,,
ZUESTA,2009,1,14,12,-0.5,,,,,,,,949,,0.8,,304,477.8,133,0,0,0,0,,,,
ZUESTA,2009,1,14,13,-0.4,,,,,,,,948.8,,0.8,,151,20.2,143.7,0,0,0,0,,,,
ZUESTA,2009,1,14,14,-0.4,,,,,,,,949.1,,0.8,,82,4.1,80.7,0,0,0,0,,,,
ZUESTA,2009,1,14,15,-0.5,,,,,,,,949.5,,0.4,,31,1,30.7,0,0,0,0,,,,
ZUESTA,2009,1,14,16,-0.4,,,,,,,,950,,0.8,,2,0,2,0,0,0,0,,,,
ZUESTA,2009,1,14,17,-0.5,,,,,,,,950.5,,0.4,,0,0,0,0,0,0,0,,,,
ZUESTA,2009,1,14,18,-0.6,,,,,,,,950.9,,0.7,,0,0,0,0,0,0,0,,,,
ZUESTA,2009,1,14,19,-0.8,,,,,,,,951,,0.4,,0,0,0,0,0,0,0,,,,
ZUESTA,2009,1,14,20,-0.6,,,,,,,,951,,0.1,,0,0,0,0,0,0,0,,,,
ZUESTA,2009,1,14,21,-0.6,,,,,,,,951.2,,0,,0,0,0,0,0,0,0,,,,
ZUESTA,2009,1,14,22,-0.6,,,,,,,,951.3,,0.3,,0,0,0,0,0,0,0,,,,
ZUESTA,2009,1,14,23,-0.5,,,,,,,,951.6,,0,,0,0,0,0,0,0,0,,,,
ZUESTA,2009,1,15,0,-0.7,,,,,,,,951.4,,0.3,,0,0,0,0,0,0,0,,,,
ZUESTA,2009,1,15,1,-0.6,,,,,,,,951.4,,0.5,,0,0,0,0,0,0,0,,,,
ZUESTA,2009,1,15,2,-0.7,,,,,,,,951.4,,0.6,,0,0,0,0,0,0,0,,,,
ZUESTA,2009,1,15,3,-0.8,,,,,,,,951.3,,0.9,,0,0,0,0,0,0,0,,,,
ZUESTA,2009,1,15,4,-0.7,,,,,,,,951.4,,0.9,,0,0,0,0,0,0,0,,,,
ZUESTA,2009,1,15,5,-1,,,,,,,,951.5,,2.1,,0,0,0,0,0,0,0,,,,
ZUESTA,2009,1,15,6,-1.2,,,,,,,,951.7,,1.5,,0,0,0,0,0,0,0,,,,
ZUESTA,2009,1,15,7,-1,,,,,,,,952.1,,1.4,,3,0,0,0,0,0,0,,,,
ZUESTA,2009,1,15,8,-0.7,,,,,,,,952.6,,1.3,,31,0,0,0,0,0,0,,,,
ZUESTA,2009,1,15,9,-0.4,,,,,,,,952.9,,1.5,,74,191.9,52.8,0,0,0,0,,,,
ZUESTA,2009,1,15,10,0,,,,,,,,952.8,,1.9,,138,121.9,110.1,0,0,0,0,,,,
ZUESTA,2009,1,15,11,0.7,,,,,,,,952,,1.7,,281,563.7,103.8,0,0,0,0,,,,
ZUESTA,2009,1,15,12,1.5,,,,,,,,951.3,,1.7,,329,599.2,112.8,0,0,0,0,,,,
ZUESTA,2009,1,15,13,1.3,,,,,,,,951,,2.1,,190,61.2,167.7,0,0,0,0,,,,
ZUESTA,2009,1,15,14,1,,,,,,,,951.2,,4,,190,104.3,156,0,0,0,0,,,,
ZUESTA,2009,1,15,15,0.5,,,,,,,,951.5,,4.1,,49,2.5,48.4,0,0,0,0,,,,
ZUESTA,2009,1,15,16,0.1,,,,,,,,952.4,,0.8,,2,0,2,0,0,0,0,,,,
ZUESTA,2009,1,15,17,0.3,,,,,,,,953.3,,0.2,,0,0,0,0,0,0,0,,,,
ZUESTA,2009,1,15,18,0.3,,,,,,,,953.9,,0.5,,0,0,0,0,0,0,0,,,,
ZUESTA,2009,1,15,19,0.4,,,,,,,,954.5,,1.1,,0,0,0,0,0,0,0,,,,
ZUESTA,2009,1,15,20,0.3,,,,,,,,954.6,,1.1,,0,0,0,0,0,0,0,,,,
ZUESTA,2009,1,15,21,0.3,,,,,,,,954.8,,0.9,,0,0,0,0,0,0,0,,,,
ZUESTA,2009,1,15,22,0.3,,,,,,,,954.9,,0.8,,0,0,0,0,0,0,0,,,,
ZUESTA,2009,1,15,23,0.3,,,,,,,,955.1,,0.8,,0,0,0,0,0,0,0,,,,
ZUESTA,2009,1,16,0,0.1,,,,,,,,955.2,,1.3,,0,0,0,0,0,0,0,,,,
ZUESTA,2009,1,16,1,-0.2,,,,,,,,955.4,,0.9,,0,0,0,0,0,0,0,,,,
ZUESTA,2009,1,16,2,-0.3,,,,,,,,955.7,,1.1,,0,0,0,0,0,0,0,,,,
ZUESTA,2009,1,16,3,-0.5,,,,,,,,955.9,,1.2,,0,0,0,0,0,0,0,,,,
ZUESTA,2009,1,16,4,-0.8,,,,,,,,956.1,,1.2,,0,0,0,0,0,0,0,,,,
ZUESTA,2009,1,16,5,-1,,,,,,,,956.3,,1.2,,0,0,0,0,0,0,0,,,,
ZUESTA,2009,1,16,6,-1.3,,,,,,,,956.8,,0.8,,0,0,0,0,0,0,0,,,,
ZUESTA,2009,1,16,7,-1.3,,,,,,,,957.3,,0.8,,4,0,0,0,0,0,0,,,,
ZUESTA,2009,1,16,8,-1.4,,,,,,,,957.7,,0.9,,33,0,0,0,0,0,0,,,,
ZUESTA,2009,1,16,9,-1.1,,,,,,,,958,,0.7,,82,272.2,51.4,0,0,0,0,,,,
ZUESTA,2009,1,16,10,-1,,,,,,,,958.3,,0.8,,165,251.1,106.9,0,0,0,0,,,,
ZUESTA,2009,1,16,11,-0.4,,,,,,,,958,,0.7,,268,470.8,118.7,0,0,0,0,,,,
ZUESTA,2009,1,16,12,0.5,,,,,,,,957.7,,0.9,,345,671.1,100.9,0,0,0,0,,,,
ZUESTA,2009,1,16,13,1,,,,,,,,957.5,,1.1,,278,314,162.5,0,0,0,0,,,,
ZUESTA,2009,1,16,14,1.1,,,,,,,,957.4,,1.1,,207,146.7,158.7,0,0,0,0,,,,
ZUESTA,2009,1,16,15,0.7,,,,,,,,957.5,,1.2,,65,4.3,63.9,0,0,0,0,,,,
ZUESTA,2009,1,16,16,-0.1,,,,,,,,957.8,,0.9,,5,0.1,5,0,0,0,0,,,,
ZUESTA,2009,1,16,17,-0.9,,,,,,,,958,,0.8,,0,0,0,0,0,0,0,,,,
ZUESTA,2009,1,16,18,-1.8,,,,,,,,958.1,,0.3,,0,0,0,0,0,0,0,,,,
ZUESTA,2009,1,16,19,-2,,,,,,,,958,,0.7,,0,0,0,0,0,0,0,,,,
ZUESTA,2009,1,16,20,-2.3,,,,,,,,957.8,,0.4,,0,0,0,0,0,0,0,,,,
ZUESTA,2009,1,16,21,-2.6,,,,,,,,957.6,,0.5,,0,0,0,0,0,0,0,,,,
ZUESTA,2009,1,16,22,-3.1,,,,,,,,957.3,,0.7,,0,0,0,0,0,0,0,,,,
ZUESTA,2009,1,16,23,-3.4,,,,,,,,957.2,,0.1,,0,0,0,0,0,0,0,,,,
ZUESTA,2009,1,17,0,-3.8,,,,,,,,957.1,,0,,0,0,0,0,0,0,0,,,,
ZUESTA,2009,1,17,1,-3.9,,,,,,,,957.1,,0.3,,0,0,0,0,0,0,0,,,,
ZUESTA,2009,1,17,2,-4.1,,,,,,,,957.2,,0.2,,0,0,0,0,0,0,0,,,,
ZUESTA,2009,1,17,3,-4.5,,,,,,,,957.1,,0.1,,0,0,0,0,0,0,0,,,,
ZUESTA,2009,1,17,4,-4.5,,,,,,,,956.8,,0.2,,0,0,0,0,0,0,0,,,,
ZUESTA,2009,1,17,5,-4.2,,,,,,,,956.8,,0.3,,0,0,0,0,0,0,0,,,,
ZUESTA,2009,1,17,6,-4.3,,,,,,,,956.7,,0.4,,0,0,0,0,0,0,0,,,,
ZUESTA,2009,1,17,7,-4.4,,,,,,,,957,,0.4,,4,0,0,0,0,0,0,,,,
ZUESTA,2009,1,17,8,-4.2,,,,,,,,957.2,,0.4,,59,0,0,0,0,0,0,,,,
ZUESTA,2009,1,17,9,-3.7,,,,,,,,957.4,,0.5,,133,968.8,21.9,0,0,0,0,,,,
ZUESTA,2009,1,17,10,-2,,,,,,,,957.5,,0.7,,304,1086.9,50.2,0,0,0,0,,,,
ZUESTA,2009,1,17,11,-0.2,,,,,,,,957.3,,0.8,,337,857.5,62.8,0,0,0,0,,,,
ZUESTA,2009,1,17,12,1.5,,,,,,,,956.8,,0.9,,384,847.1,73.4,0,0,0,0,,,,
ZUESTA,2009,1,17,13,3,,,,,,,,956.2,,1.2,,349,655,105.9,0,0,0,0,,,,
ZUESTA,2009,1,17,14,4.2,,,,,,,,956.1,,1.6,,210,149.3,160.3,0,0,0,0,,,,
ZUESTA,2009,1,17,15,3.9,,,,,,,,955.8,,2.3,,88,8.7,85.8,0,0,0,0,,,,
ZUESTA,2009,1,17,16,3.2,,,,,,,,955.8,,2.1,,5,0.1,5,0,0,0,0,,,,
ZUESTA,2009,1,17,17,2.6,,,,,,,,956,,1.4,,0,0,0,0,0,0,0,,,,
ZUESTA,2009,1,17,18,3.2,,,,,,,,955.8,,2.4,,0,0,0,0,0,0,0,,,,
ZUESTA,2009,1,17,19,2.6,,,,,,,,955.6,,1.1,,0,0,0,0,0,0,0,,,,
ZUESTA,2009,1,17,20,1.2,,,,,,,,954.9,,1,,0,0,0,0,0,0,0,,,,
ZUESTA,2009,1,17,21,0.6,,,,,,,,954.3,,0.7,,0,0,0,0,0,0,0,,,,
ZUESTA,2009,1,17,22,0,,,,,,,,953.5,,0.3,,0,0,0,0,0,0,0,,,,
ZUESTA,2009,1,17,23,-0.1,,,,,,,,952.8,,0.7,,0,0,0,0,0,0,0,,,,
ZUESTA,2009,1,18,0,-0.1,,,,,,,,951.9,,0.7,,0,0,0,0,0,0,0,,,,
ZUESTA,2009,1,18,1,-0.4,,,,,,,,951.6,,0.5,,0,0,0,0,0,0,0,,,,
ZUESTA,2009,1,18,2,-0.6,,,,,,,,951.4,,0.8,,0,0,0,0,0,0,0,,,,
ZUESTA,2009,1,18,3,-0.6,,,,,,,,950.4,,0.6,,0,0,0,0,0,0,0,,,,
ZUESTA,2009,1,18,4,-1.1,,,,,,,,949.1,,0.7,,0,0,0,0,0,0,0,,,,
ZUESTA,2009,1,18,5,-1.3,,,,,,,,947.8,,0.4,,0,0,0,0,0,0,0,,,,
ZUESTA,2009,1,18,6,-0.4,,,,,,,,947.5,,0.8,,0,0,0,0,0,0,0,,,,
ZUESTA,2009,1,18,7,0.6,,,,,,,,946.1,,1.4,,4,0,0,0,0,0,0,,,,
ZUESTA,2009,1,18,8,0.9,,,,,,,,945,,1.5,,23,0,0,0,0,0,0,,,,
ZUESTA,2009,1,18,9,1,,,,,,,,944.9,,1.4,,38,7,37.2,0,0,0,0,,,,
ZUESTA,2009,1,18,10,2.8,,,,,,,,944.1,,1.3,,63,4.5,61.9,0,0,0,0,,,,
ZUESTA,2009,1,18,11,4.2,,,,,,,,943,,5.6,,69,2.9,68.1,0,0,0,0,,,,
ZUESTA,2009,1,18,12,3.8,,,,,,,,942.6,,8.4,,41,0.8,40.7,0,0,0,0,,,,
ZUESTA,2009,1,18,13,3.5,,,,,,,,941.8,,4,,46,1,45.6,0,0,0,0,,,,
ZUESTA,2009,1,18,14,3,,,,,,,,941.8,,4.5,,22,0.3,21.9,0,0,0,0,,,,
ZUESTA,2009,1,18,15,2.7,,,,,,,,942.1,,5.8,,11,0.1,11,0,0,0,0,,,,
ZUESTA,2009,1,18,16,2.9,,,,,,,,942.4,,6,,0,0,0,0,0,0,0,,,,
ZUESTA,2009,1,18,17,3.2,,,,,,,,943.3,,7.2,,0,0,0,0,0,0,0,,,,
ZUESTA,2009,1,18,18,4.3,,,,,,,,944,,7.6,,0,0,0,0,0,0,0,,,,
ZUESTA,2009,1,18,19,3.8,,,,,,,,945.1,,6.5,,0,0,0,0,0,0,0,,,,
ZUESTA,2009,1,18,20,3.7,,,,,,,,945.9,,5.8,,0,0,0,0,0,0,0,,,,
ZUESTA,2009,1,18,21,3.9,,,,,,,,946.6,,5.6,,0,0,0,0,0,0,0,,,,
ZUESTA,2009,1,18,22,3.6,,,,,,,,947.3,,3.4,,0,0,0,0,0,0,0,,,,
ZUESTA,2009,1,18,23,2.9,,,,,,,,947.5,,2.6,,0,0,0,0,0,0,0,,,,
ZUESTA,2009,1,19,0,3.4,,,,,,,,947.3,,3.4,,0,0,0,0,0,0,0,,,,
ZUESTA,2009,1,19,1,3.6,,,,,,,,946.7,,3.7,,0,0,0,0,0,0,0,,,,
ZUESTA,2009,1,19,2,3.3,,,,,,,,945.6,,2.7,,0,0,0,0,0,0,0,,,,
ZUESTA,2009,1,19,3,2.2,,,,,,,,944,,1,,0,0,0,0,0,0,0,,,,
ZUESTA,2009,1,19,4,1.6,,,,,,,,942.6,,1,,0,0,0,0,0,0,0,,,,
ZUESTA,2009,1,19,5,1.4,,,,,,,,941.3,,0.9,,0,0,0,0,0,0,0,,,,
ZUESTA,2009,1,19,6,1.8,,,,,,,,940.1,,1.6,,0,0,0,0,0,0,0,,,,
ZUESTA,2009,1,19,7,2,,,,,,,,939.7,,1,,2,0,0,0,0,0,0,,,,
ZUESTA,2009,1,19,8,2.6,,,,,,,,938.9,,0.9,,9,0,0,0,0,0,0,,,,
ZUESTA,2009,1,19,9,2.1,,,,,,,,937.4,,0.9,,38,6.7,37.2,0,0,0,0,,,,
ZUESTA,2009,1,19,10,2.4,,,,,,,,936.4,,0.6,,96,16.8,92,0,0,0,0,,,,
ZUESTA,2009,1,19,11,4,,,,,,,,935.9,,0.6,,115,9.4,111.9,0,0,0,0,,,,
ZUESTA,2009,1,19,12,4,,,,,,,,934.8,,2.7,,87,3.5,85.7,0,0,0,0,,,,
ZUESTA,2009,1,19,13,4.9,,,,,,,,934,,1.1,,77,2.6,76,0,0,0,0,,,,
ZUESTA,2009,1,19,14,4.6,,,,,,,,933.9,,2.4,,35,0.7,34.8,0,0,0,0,,,,
ZUESTA,2009,1,19,15,5.1,,,,,,,,934,,4.9,,7,0,7,0,0,0,0,,,,
ZUESTA,2009,1,19,16,5.5,,,,,,,,933.7,,5.6,,0,0,0,0,0,0,0,,,,
ZUESTA,2009,1,19,17,5.4,,,,,,,,934,,4.5,,0,0,0,0,0,0,0,,,,
ZUESTA,2009,1,19,18,5.3,,,,,,,,933.9,,1.6,,0,0,0,0,0,0,0,,,,
ZUESTA,2009,1,19,19,5.4,,,,,,,,933.8,,2.7,,0,0,0,0,0,0,0,,,,
ZUESTA,2009,1,19,20,5,,,,,,,,933.4,,2.3,,0,0,0,0,0,0,0,,,,
ZUESTA,2009,1,19,21,5.5,,,,,,,,932.8,,3.6,,0,0,0,0,0,0,0,,,,
ZUESTA,2009,1,19,22,5,,,,,,,,932.4,,2,,0,0,0,0,0,0,0,,,,
ZUESTA,2009,1,19,23,4.6,,,,,,,,932.3,,1.9,,0,0,0,0,0,0,0,,,,
ZUESTA,2009,1,20,0,4.4,,,,,,,,932.6,,2.2,,0,0,0,0,0,0,0,,,,
ZUESTA,2009,1,20,1,3.5,,,,,,,,933.3,,4.4,,0,0,0,0,0,0,0,,,,
ZUESTA,2009,1,20,2,3.2,,,,,,,,933.9,,3.6,,0,0,0,0,0,0,0,,,,
ZUESTA,2009,1,20,3,2.9,,,,,,,,934.1,,3.6,,0,0,0,0,0,0,0,,,,
ZUESTA,2009,1,20,4,2.3,,,,,,,,933.7,,2.7,,0,0,0,0,0,0,0,,,,
ZUESTA,2009,1,20,5,2.4,,,,,,,,933.6,,2.5,,0,0,0,0,0,0,0,,,,
ZUESTA,2009,1,20,6,2.1,,,,,,,,933.8,,2.2,,0,0,0,0,0,0,0,,,,
ZUESTA,2009,1,20,7,2,,,,,,,,934.6,,1.6,,0,0,0,0,0,0,0,,,,
ZUESTA,2009,1,20,8,1.7,,,,,,,,934.9,,1.2,,12,0,0,0,0,0,0,,,,
ZUESTA,2009,1,20,9,1.7,,,,,,,,935,,0.7,,42,8.6,40.9,0,0,0,0,,,,
ZUESTA,2009,1,20,10,1.9,,,,,,,,935.6,,1.1,,56,3.4,55.2,0,0,0,0,,,,
ZUESTA,2009,1,20,11,2,,,,,,,,935.2,,1.2,,64,2.4,63.2,0,0,0,0,,,,
ZUESTA,2009,1,20,12,1.9,,,,,,,,934.5,,1.5,,90,3.6,88.6,0,0,0,0,,,,
ZUESTA,2009,1,20,13,1.7,,,,,,,,934.4,,0.8,,88,3.4,86.7,0,0,0,0,,,,
ZUESTA,2009,1,20,14,2,,,,,,,,934.5,,0.4,,79,3.4,77.8,0,0,0,0,,,,
ZUESTA,2009,1,20,15,2,,,,,,,,934.6,,0.9,,38,1.3,37.7,0,0,0,0,,,,
ZUESTA,2009,1,20,16,1.6,,,,,,,,934.5,,0.4,,3,0,3,0,0,0,0,,,,
ZUESTA,2009,1,20,17,1.4,,,,,,,,934.8,,0.7,,0,0,0,0,0,0,0,,,,
ZUESTA,2009,1,20,18,1.3,,,,,,,,935.4,,0.5,,0,0,0,0,0,0,0,,,,
ZUESTA,2009,1,20,19,1.2,,,,,,,,936,,0.7,,0,0,0,0,0,0,0,,,,
ZUESTA,2009,1,20,20,1.2,,,,,,,,936.6,,0.4,,0,0,0,0,0,0,0,,,,
ZUESTA,2009,1,20,21,1.1,,,,,,,,937.2,,0.3,,0,0,0,0,0,0,0,,,,
ZUESTA,2009,1,20,22,1,,,,,,,,937.4,,0.3,,0,0,0,0,0,0,0,,,,
ZUESTA,2009,1,20,23,1,,,,,,,,937.7,,0,,0,0,0,0,0,0,0,,,,
ZUESTA,2009,1,21,0,0.9,,,,,,,,938,,0.2,,0,0,0,0,0,0,0,,,,
ZUESTA,2009,1,21,1,0.9,,,,,,,,938.3,,0.3,,0,0,0,0,0,0,0,,,,
ZUESTA,2009,1,21,2,0.8,,,,,,,,938.5,,0.4,,0,0,0,0,0,0,0,,,,
ZUESTA,2009,1,21,3,0.7,,,,,,,,938.5,,0.3,,0,0,0,0,0,0,0,,,,
ZUESTA,2009,1,21,4,0.6,,,,,,,,939,,0.6,,0,0,0,0,0,0,0,,,,
ZUESTA,2009,1,21,5,0.4,,,,,,,,939.3,,0.9,,0,0,0,0,0,0,0,,,,
ZUESTA,2009,1,21,6,0.6,,,,,,,,940.1,,0.4,,0,0,0,0,0,0,0,,,,
ZUESTA,2009,1,21,7,0.8,,,,,,,,940.9,,0.5,,2,0,0,0,0,0,0,,,,
ZUESTA,2009,1,21,8,1,,,,,,,,941.5,,0.4,,25,0,0,0,0,0,0,,,,
ZUESTA,2009,1,21,9,1.2,,,,,,,,942.1,,0.6,,62,50.2,55.8,0,0,0,0,,,,
ZUESTA,2009,1,21,10,1.3,,,,,,,,942.6,,1.5,,74,5.9,72.6,0,0,0,0,,,,
ZUESTA,2009,1,21,11,1.5,,,,,,,,942.8,,1,,126,12.8,121.7,0,0,0,0,,,,
ZUESTA,2009,1,21,12,2,,,,,,,,942.5,,0.7,,177,35.3,163.6,0,0,0,0,,,,
ZUESTA,2009,1,21,13,2.4,,,,,,,,942.7,,0.9,,193,50.7,173.5,0,0,0,0,,,,
ZUESTA,2009,1,21,14,2.8,,,,,,,,943,,0.5,,137,15.3,131.7,0,0,0,0,,,,
ZUESTA,2009,1,21,15,2.7,,,,,,,,943.4,,0.5,,81,5.8,79.4,0,0,0,0,,,,
ZUESTA,2009,1,21,16,1.5,,,,,,,,943.5,,0.7,,4,0,4,0,0,0,0,,,,
ZUESTA,2009,1,21,17,1.4,,,,,,,,943.5,,0.6,,0,0,0,0,0,0,0,,,,
ZUESTA,2009,1,21,18,1.2,,,,,,,,944,,0.4,,0,0,0,0,0,0,0,,,,
ZUESTA,2009,1,21,19,1,,,,,,,,944.6,,0.4,,0,0,0,0,0,0,0,,,,
ZUESTA,2009,1,21,20,1,,,,,,,,945.1,,0.5,,0,0,0,0,0,0,0,,,,
ZUESTA,2009,1,21,21,1,,,,,,,,945.5,,0.7,,0,0,0,0,0,0,0,,,,
ZUESTA,2009,1,21,22,1,,,,,,,,945.7,,0.7,,0,0,0,0,0,0,0,,,,
ZUESTA,2009,1,21,23,0.9,,,,,,,,945.6,,0.7,,0,0,0,0,0,0,0,,,,
ZUESTA,2009,1,22,0,0.8,,,,,,,,945.2,,0.8,,0,0,0,0,0,0,0,,,,
ZUESTA,2009,1,22,1,0.6,,,,,,,,945,,0.6,,0,0,0,0,0,0,0,,,,
ZUESTA,2009,1,22,2,-0.1,,,,,,,,944.5,,0.5,,0,0,0,0,0,0,0,,,,
ZUESTA,2009,1,22,3,-0.4,,,,,,,,943.9,,0.5,,0,0,0,0,0,0,0,,,,
ZUESTA,2009,1,22,4,-1,,,,,,,,943.6,,1.3,,0,0,0,0,0,0,0,,,,
ZUESTA,2009,1,22,5,-1.2,,,,,,,,943.1,,1,,0,0,0,0,0,0,0,,,,
ZUESTA,2009,1,22,6,-1.1,,,,,,,,942.9,,0.2,,0,0,0,0,0,0,0,,,,
ZUESTA,2009,1,22,7,-1,,,,,,,,942.7,,0.6,,4,0,0,0,0,0,0,,,,
ZUESTA,2009,1,22,8,-0.9,,,,,,,,942.4,,1.2,,25,0,0,0,0,0,0,,,,
ZUESTA,2009,1,22,9,-0.9,,,,,,,,942.3,,1.3,,31,3.8,30.5,0,0,0,0,,,,
ZUESTA,2009,1,22,10,-0.8,,,,,,,,942.1,,1.9,,76,6,74.5,0,0,0,0,,,,
ZUESTA,2009,1,22,11,-0.4,,,,,,,,941,,1.6,,287,493.4,121.7,0,0,0,0,,,,
ZUESTA,2009,1,22,12,1.1,,,,,,,,939.3,,2.2,,397,829.6,79,0,0,0,0,,,,
ZUESTA,2009,1,22,13,1.6,,,,,,,,938.5,,1.5,,345,551.8,130.4,0,0,0,0,,,,
ZUESTA,2009,1,22,14,2.1,,,,,,,,938.2,,1.5,,242,217.7,165.5,0,0,0,0,,,,
ZUESTA,2009,1,22,15,1.7,,,,,,,,937.8,,1.5,,100,10.9,97,0,0,0,0,,,,
ZUESTA,2009,1,22,16,1.1,,,,,,,,937.2,,1.2,,10,0.2,10,0,0,0,0,,,,
ZUESTA,2009,1,22,17,0.3,,,,,,,,936.6,,0.9,,0,0,0,0,0,0,0,,,,
ZUESTA,2009,1,22,18,0.1,,,,,,,,936.3,,1.2,,0,0,0,0,0,0,0,,,,
ZUESTA,2009,1,22,19,0.8,,,,,,,,936.2,,1.5,,0,0,0,0,0,0,0,,,,
ZUESTA,2009,1,22,20,1,,,,,,,,936.2,,1.2,,0,0,0,0,0,0,0,,,,
ZUESTA,2009,1,22,21,1.1,,,,,,,,935.6,,2.2,,0,0,0,0,0,0,0,,,,
ZUESTA,2009,1,22,22,1.5,,,,,,,,934.5,,2,,0,0,0,0,0,0,0,,,,
ZUESTA,2009,1,22,23,1.2,,,,,,,,933.3,,1.2,,0,0,0,0,0,0,0,,,,
ZUESTA,2009,1,23,0,0.1,,,,,,,,932,,1,,0,0,0,0,0,0,0,,,,
ZUESTA,2009,1,23,1,1.2,,,,,,,,931.4,,1.4,,0,0,0,0,0,0,0,,,,
ZUESTA,2009,1,23,2,0.9,,,,,,,,930.2,,1.7,,0,0,0,0,0,0,0,,,,
ZUESTA,2009,1,23,3,0.7,,,,,,,,928.3,,1.4,,0,0,0,0,0,0,0,,,,
ZUESTA,2009,1,23,4,0,,,,,,,,927.4,,0.8,,0,0,0,0,0,0,0,,,,
ZUESTA,2009,1,23,5,0.6,,,,,,,,926.2,,0.7,,0,0,0,0,0,0,0,,,,
ZUESTA,2009,1,23,6,1,,,,,,,,924.5,,0.7,,0,0,0,0,0,0,0,,,,
ZUESTA,2009,1,23,7,1.4,,,,,,,,923.3,,1.1,,2,0,0,0,0,0,0,,,,
ZUESTA,2009,1,23,8,1.3,,,,,,,,922,,0.9,,7,0,0,0,0,0,0,,,,
ZUESTA,2009,1,23,9,0.6,,,,,,,,920.6,,0.8,,19,1.4,18.8,0,0,0,0,,,,
ZUESTA,2009,1,23,10,1,,,,,,,,919.5,,1.1,,16,0.3,15.9,0,0,0,0,,,,
ZUESTA,2009,1,23,11,2.2,,,,,,,,917.7,,1.5,,25,0.3,24.9,0,0,0,0,,,,
ZUESTA,2009,1,23,12,3,,,,,,,,915.6,,0.9,,39,0.6,38.7,0,0,0,0,,,,
ZUESTA,2009,1,23,13,4.1,,,,,,,,914.9,,3.1,,25,0.3,24.9,0,0,0,0,,,,
ZUESTA,2009,1,23,14,6.6,,,,,,,,916.3,,10.9,,29,0.4,28.8,0,0,0,0,,,,
ZUESTA,2009,1,23,15,6.1,,,,,,,,918.7,,13.3,,12,0.1,12,0,0,0,0,,,,
ZUESTA,2009,1,23,16,5.9,,,,,,,,921.1,,8.7,,14,0.5,13.9,0,0,0,0,,,,
ZUESTA,2009,1,23,17,3.1,,,,,,,,923.7,,7.9,,0,0,0,0,0,0,0,,,,
ZUESTA,2009,1,23,18,2.9,,,,,,,,925.5,,7.6,,0,0,0,0,0,0,0,,,,
ZUESTA,2009,1,23,19,3.1,,,,,,,,926.6,,6.5,,0,0,0,0,0,0,0,,,,
ZUESTA,2009,1,23,20,3,,,,,,,,926.8,,7,,0,0,0,0,0,0,0,,,,
ZUESTA,2009,1,23,21,2.1,,,,,,,,927.2,,7.1,,0,0,0,0,0,0,0,,,,
ZUESTA,2009,1,23,22,2.2,,,,,,,,927.3,,6.1,,0,0,0,0,0,0,0,,,,
ZUESTA,2009,1,23,23,2.1,,,,,,,,926.8,,7.3,,0,0,0,0,0,0,0,,,,
ZUESTA,2009,1,24,0,2,,,,,,,,926.7,,4.5,,0,0,0,0,0,0,0,,,,
ZUESTA,2009,1,24,1,1.8,,,,,,,,926.5,,3.9,,0,0,0,0,0,0,0,,,,
ZUESTA,2009,1,24,2,1,,,,,,,,925.3,,1.4,,0,0,0,0,0,0,0,,,,
ZUESTA,2009,1,24,3,-0.2,,,,,,,,924,,0.7,,0,0,0,0,0,0,0,,,,
ZUESTA,2009,1,24,4,-0.3,,,,,,,,922.8,,0.6,,0,0,0,0,0,0,0,,,,
ZUESTA,2009,1,24,5,-0.2,,,,,,,,922.2,,0.5,,0,0,0,0,0,0,0,,,,
ZUESTA,2009,1,24,6,-0.2,,,,,,,,922,,0.8,,0,0,0,0,0,0,0,,,,
ZUESTA,2009,1,24,7,0.1,,,,,,,,921.8,,0.3,,14,0,0,0,0,0,0,,,,
ZUESTA,2009,1,24,8,0.3,,,,,,,,921.3,,0.4,,89,0,0,0,0,0,0,,,,
ZUESTA,2009,1,24,9,0.9,,,,,,,,921.3,,1.4,,71,71.4,61.6,0,0,0,0,,,,
ZUESTA,2009,1,24,10,1,,,,,,,,921.5,,1.4,,134,66.1,117.2,0,0,0,0,,,,
ZUESTA,2009,1,24,11,1.7,,,,,,,,921.4,,1,,226,183.7,163.2,0,0,0,0,,,,
ZUESTA,2009,1,24,12,1.8,,,,,,,,921,,2.2,,149,13.1,143.9,0,0,0,0,,,,
ZUESTA,2009,1,24,13,2.3,,,,,,,,920.8,,2.5,,112,5.1,110,0,0,0,0,,,,
ZUESTA,2009,1,24,14,2.9,,,,,,,,921.5,,2.8,,115,6.7,112.6,0,0,0,0,,,,
ZUESTA,2009,1,24,15,2.8,,,,,,,,922.8,,2.3,,20,0.3,19.9,0,0,0,0,,,,
ZUESTA,2009,1,24,16,2.7,,,,,,,,924.5,,1.6,,2,0,2,0,0,0,0,,,,
ZUESTA,2009,1,24,17,2.4,,,,,,,,926.2,,1.5,,0,0,0,0,0,0,0,,,,
ZUESTA,2009,1,24,18,1.9,,,,,,,,927.8,,1.1,,0,0,0,0,0,0,0,,,,
ZUESTA,2009,1,24,19,1.4,,,,,,,,929.2,,0.9,,0,0,0,0,0,0,0,,,,
ZUESTA,2009,1,24,20,1.5,,,,,,,,930.6,,1.6,,0,0,0,0,0,0,0,,,,
ZUESTA,2009,1,24,21,1.4,,,,,,,,932,,1.1,,0,0,0,0,0,0,0,,,,
ZUESTA,2009,1,24,22,1.5,,,,,,,,933.5,,1.4,,0,0,0,0,0,0,0,,,,
ZUESTA,2009,1,24,23,1.4,,,,,,,,934.7,,1,,0,0,0,0,0,0,0,,,,
ZUESTA,2009,1,25,0,0.4,,,,,,,,935.5,,0.9,,0,0,0,0,0,0,0,,,,
ZUESTA,2009,1,25,1,0.4,,,,,,,,936,,1.3,,0,0,0,0,0,0,0,,,,
ZUESTA,2009,1,25,2,0.4,,,,,,,,936.3,,0.8,,0,0,0,0,0,0,0,,,,
ZUESTA,2009,1,25,3,0.3,,,,,,,,936.4,,0.9,,0,0,0,0,0,0,0,,,,
ZUESTA,2009,1,25,4,-0.2,,,,,,,,936.4,,0.5,,0,0,0,0,0,0,0,,,,
ZUESTA,2009,1,25,5,-0.6,,,,,,,,936.6,,0.2,,0,0,0,0,0,0,0,,,,
ZUESTA,2009,1,25,6,-0.9,,,,,,,,936.5,,0.4,,0,0,0,0,0,0,0,,,,
ZUESTA,2009,1,25,7,-1,,,,,,,,936.4,,0.5,,8,0,0,0,0,0,0,,,,
ZUESTA,2009,1,25,8,-0.8,,,,,,,,936.1,,0.8,,100,0,0,0,0,0,0,,,,
ZUESTA,2009,1,25,9,0.9,,,,,,,,935.3,,0.6,,248,1532.3,40.9,0,0,0,0,,,,
ZUESTA,2009,1,25,10,2.2,,,,,,,,934.3,,1.6,,355,1154.4,58.6,0,0,0,0,,,,
ZUESTA,2009,1,25,11,3,,,,,,,,933.1,,1.8,,406,981.5,67,0,0,0,0,,,,
ZUESTA,2009,1,25,12,3.7,,,,,,,,931.9,,2.4,,401,798.4,86,0,0,0,0,,,,
ZUESTA,2009,1,25,13,4.3,,,,,,,,931.3,,3.4,,345,502.4,143.7,0,0,0,0,,,,
ZUESTA,2009,1,25,14,4.4,,,,,,,,931.3,,3,,249,213.4,171.4,0,0,0,0,,,,
ZUESTA,2009,1,25,15,4.1,,,,,,,,931.3,,3.2,,113,15.6,108.5,0,0,0,0,,,,
ZUESTA,2009,1,25,16,2.7,,,,,,,,931.3,,2.7,,12,0.3,11.9,0,0,0,0,,,,
ZUESTA,2009,1,25,17,1.5,,,,,,,,931.5,,3.1,,0,0,0,0,0,0,0,,,,
ZUESTA,2009,1,25,18,0.8,,,,,,,,931.7,,2.4,,0,0,0,0,0,0,0,,,,
ZUESTA,2009,1,25,19,-0.3,,,,,,,,931.8,,1,,0,0,0,0,0,0,0,,,,
ZUESTA,2009,1,25,20,-1,,,,,,,,931.9,,1.2,,0,0,0,0,0,0,0,,,,
ZUESTA,2009,1,25,21,-1,,,,,,,,932.2,,0.9,,0,0,0,0,0,0,0,,,,
ZUESTA,2009,1,25,22,-1.3,,,,,,,,932.5,,0.2,,0,0,0,0,0,0,0,,,,
ZUESTA,2009,1,25,23,-1.4,,,,,,,,932.6,,0.2,,0,0,0,0,0,0,0,,,,
ZUESTA,2009,1,26,0,-1.7,,,,,,,,932.6,,0.2,,0,0,0,0,0,0,0,,,,
ZUESTA,2009,1,26,1,-1.9,,,,,,,,932.8,,0,,0,0,0,0,0,0,0,,,,
ZUESTA,2009,1,26,2,-2.1,,,,,,,,933,,0,,0,0,0,0,0,0,0,,,,
ZUESTA,2009,1,26,3,-2.3,,,,,,,,933.1,,0.2,,0,0,0,0,0,0,0,,,,
ZUESTA,2009,1,26,4,-2,,,,,,,,933.1,,0.4,,0,0,0,0,0,0,0,,,,
ZUESTA,2009,1,26,5,-1.8,,,,,,,,933.2,,0.3,,0,0,0,0,0,0,0,,,,
ZUESTA,2009,1,26,6,-2.4,,,,,,,,933.5,,0.4,,0,0,0,0,0,0,0,,,,
ZUESTA,2009,1,26,7,-2.7,,,,,,,,933.9,,0.4,,16,0,0,0,0,0,0,,,,
ZUESTA,2009,1,26,8,-1.6,,,,,,,,934.2,,0.5,,134,0,0,0,0,0,0,,,,
ZUESTA,2009,1,26,9,-0.1,,,,,,,,934.7,,0.6,,231,1395.7,38.1,0,0,0,0,,,,
ZUESTA,2009,1,26,10,1.2,,,,,,,,934.9,,0.8,,255,733.4,64.2,0,0,0,0,,,,
ZUESTA,2009,1,26,11,1.6,,,,,,,,935,,1.2,,262,307.7,154.6,0,0,0,0,,,,
ZUESTA,2009,1,26,12,2.2,,,,,,,,934.9,,1,,337,473.9,148.2,0,0,0,0,,,,
ZUESTA,2009,1,26,13,3.3,,,,,,,,934.9,,1.1,,288,249.4,187.1,0,0,0,0,,,,
ZUESTA,2009,1,26,14,3.2,,,,,,,,935,,1.1,,119,7,116.4,0,0,0,0,,,,
ZUESTA,2009,1,26,15,3,,,,,,,,935.3,,0.8,,76,4.4,74.7,0,0,0,0,,,,
ZUESTA,2009,1,26,16,2.2,,,,,,,,935.7,,1,,16,0.5,15.9,0,0,0,0,,,,
ZUESTA,2009,1,26,17,0.6,,,,,,,,936.1,,1.4,,0,0,0,0,0,0,0,,,,
ZUESTA,2009,1,26,18,0.1,,,,,,,,936.9,,0.6,,0,0,0,0,0,0,0,,,,
ZUESTA,2009,1,26,19,-0.1,,,,,,,,937.7,,0.3,,0,0,0,0,0,0,0,,,,
ZUESTA,2009,1,26,20,-0.3,,,,,,,,938,,0.8,,0,0,0,0,0,0,0,,,,
ZUESTA,2009,1,26,21,-0.1,,,,,,,,938.7,,0.3,,0,0,0,0,0,0,0,,,,
ZUESTA,2009,1,26,22,0.2,,,,,,,,939.4,,0,,0,0,0,0,0,0,0,,,,
ZUESTA,2009,1,26,23,0.3,,,,,,,,939.6,,0.3,,0,0,0,0,0,0,0,,,,
ZUESTA,2009,1,27,0,-0.4,,,,,,,,940.1,,0.2,,0,0,0,0,0,0,0,,,,
ZUESTA,2009,1,27,1,-1,,,,,,,,940.5,,0.3,,0,0,0,0,0,0,0,,,,
ZUESTA,2009,1,27,2,-1.1,,,,,,,,941.1,,0.3,,0,0,0,0,0,0,0,,,,
ZUESTA,2009,1,27,3,-0.9,,,,,,,,941.2,,0.6,,0,0,0,0,0,0,0,,,,
ZUESTA,2009,1,27,4,-1.4,,,,,,,,941.3,,1.3,,0,0,0,0,0,0,0,,,,
ZUESTA,2009,1,27,5,-0.8,,,,,,,,942,,0.9,,0,0,0,0,0,0,0,,,,
ZUESTA,2009,1,27,6,-0.5,,,,,,,,942.3,,0.7,,0,0,0,0,0,0,0,,,,
ZUESTA,2009,1,27,7,-0.7,,,,,,,,943,,1,,4,0,0,0,0,0,0,,,,
ZUESTA,2009,1,27,8,-0.5,,,,,,,,943.6,,0.6,,35,0,0,0,0,0,0,,,,
ZUESTA,2009,1,27,9,-0.7,,,,,,,,944.2,,0.7,,48,8.1,46.9,0,0,0,0,,,,
ZUESTA,2009,1,27,10,-0.8,,,,,,,,944.6,,0.3,,100,12.8,96.6,0,0,0,0,,,,
ZUESTA,2009,1,27,11,-0.4,,,,,,,,944.7,,1.1,,153,24.7,144.3,0,0,0,0,,,,
ZUESTA,2009,1,27,12,-0.1,,,,,,,,944.9,,1.7,,133,7.4,130,0,0,0,0,,,,
ZUESTA,2009,1,27,13,0.1,,,,,,,,945.2,,2.1,,111,4.7,109.1,0,0,0,0,,,,
ZUESTA,2009,1,27,14,0.3,,,,,,,,945.6,,2.4,,93,4,91.5,0,0,0,0,,,,
ZUESTA,2009,1,27,15,0.1,,,,,,,,946.1,,2.7,,31,0.7,30.8,0,0,0,0,,,,
ZUESTA,2009,1,27,16,0,,,,,,,,947,,2.1,,2,0,2,0,0,0,0,,,,
ZUESTA,2009,1,27,17,-0.2,,,,,,,,947.4,,1.3,,0,0,0,0,0,0,0,,,,
ZUESTA,2009,1,27,18,-0.1,,,,,,,,948,,0.9,,0,0,0,0,0,0,0,,,,
ZUESTA,2009,1,27,19,-0.3,,,,,,,,948.2,,0.9,,0,0,0,0,0,0,0,,,,
ZUESTA,2009,1,27,20,-0.4,,,,,,,,948.5,,1.7,,0,0,0,0,0,0,0,,,,
ZUESTA,2009,1,27,21,-0.4,,,,,,,,948.6,,1.4,,0,0,0,0,0,0,0,,,,
ZUESTA,2009,1,27,22,-0.4,,,,,,,,948.7,,1.6,,0,0,0,0,0,0,0,,,,
ZUESTA,2009,1,27,23,-0.4,,,,,,,,948.7,,1.8,,0,0,0,0,0,0,0,,,,
ZUESTA,2009,1,28,0,-0.6,,,,,,,,948.7,,2.5,,0,0,0,0,0,0,0,,,,
ZUESTA,2009,1,28,1,-0.7,,,,,,,,948.7,,2.3,,0,0,0,0,0,0,0,,,,
ZUESTA,2009,1,28,2,-0.8,,,,,,,,948.8,,2.5,,0,0,0,0,0,0,0,,,,
ZUESTA,2009,1,28,3,-0.9,,,,,,,,948.8,,2.6,,0,0,0,0,0,0,0,,,,
ZUESTA,2009,1,28,4,-1,,,,,,,,948.8,,2.8,,0,0,0,0,0,0,0,,,,
ZUESTA,2009,1,28,5,-1,,,,,,,,948.8,,2.9,,0,0,0,0,0,0,0,,,,
ZUESTA,2009,1,28,6,-1,,,,,,,,949,,2.9,,0,0,0,0,0,0,0,,,,
ZUESTA,2009,1,28,7,-1.1,,,,,,,,949.2,,2.8,,2,0,0,0,0,0,0,,,,
ZUESTA,2009,1,28,8,-1.1,,,,,,,,949.3,,2.8,,22,0,0,0,0,0,0,,,,
ZUESTA,2009,1,28,9,-1.1,,,,,,,,949.3,,3.6,,40,4.9,39.3,0,0,0,0,,,,
ZUESTA,2009,1,28,10,-1,,,,,,,,949.5,,4,,60,3.2,59.1,0,0,0,0,,,,
ZUESTA,2009,1,28,11,-1.1,,,,,,,,949.4,,3.6,,62,1.9,61.3,0,0,0,0,,,,
ZUESTA,2009,1,28,12,-1,,,,,,,,949.2,,3.4,,58,1.3,57.5,0,0,0,0,,,,
ZUESTA,2009,1,28,13,-0.8,,,,,,,,948.8,,3.3,,65,1.6,64.3,0,0,0,0,,,,
ZUESTA,2009,1,28,14,-0.6,,,,,,,,949.1,,2.6,,59,1.6,58.4,0,0,0,0,,,,
ZUESTA,2009,1,28,15,-0.5,,,,,,,,949.3,,2.7,,31,0.7,30.8,0,0,0,0,,,,
ZUESTA,2009,1,28,16,-0.5,,,,,,,,949.6,,2.6,,9,0.2,9,0,0,0,0,,,,
ZUESTA,2009,1,28,17,-0.6,,,,,,,,949.7,,1.4,,0,0,0,0,0,0,0,,,,
ZUESTA,2009,1,28,18,-0.7,,,,,,,,949.7,,1.2,,0,0,0,0,0,0,0,,,,
ZUESTA,2009,1,28,19,-0.6,,,,,,,,949.7,,1.1,,0,0,0,0,0,0,0,,,,
ZUESTA,2009,1,28,20,-0.7,,,,,,,,949.7,,1.5,,0,0,0,0,0,0,0,,,,
ZUESTA,2009,1,28,21,-0.7,,,,,,,,949.7,,1.8,,0,0,0,0,0,0,0,,,,
ZUESTA,2009,1,28,22,-0.6,,,,,,,,949.8,,1.7,,0,0,0,0,0,0,0,,,,
ZUESTA,2009,1,28,23,-0.7,,,,,,,,949.7,,2.3,,0,0,0,0,0,0,0,,,,
ZUESTA,2009,1,29,0,-0.8,,,,,,,,949.7,,2.3,,0,0,0,0,0,0,0,,,,
ZUESTA,2009,1,29,1,-1,,,,,,,,949.7,,2.4,,0,0,0,0,0,0,0,,,,
ZUESTA,2009,1,29,2,-1.1,,,,,,,,949.6,,2,,0,0,0,0,0,0,0,,,,
ZUESTA,2009,1,29,3,-1.3,,,,,,,,949.4,,2.1,,0,0,0,0,0,0,0,,,,
ZUESTA,2009,1,29,4,-1.4,,,,,,,,949.3,,2.2,,0,0,0,0,0,0,0,,,,
ZUESTA,2009,1,29,5,-1.4,,,,,,,,949.3,,2.2,,0,0,0,0,0,0,0,,,,
ZUESTA,2009,1,29,6,-1.3,,,,,,,,949.6,,2,,0,0,0,0,0,0,0,,,,
ZUESTA,2009,1,29,7,-1.4,,,,,,,,949.9,,2.4,,2,0,0,0,0,0,0,,,,
ZUESTA,2009,1,29,8,-1.2,,,,,,,,950.2,,2,,14,0,0,0,0,0,0,,,,
ZUESTA,2009,1,29,9,-1,,,,,,,,950.3,,1.7,,24,1.7,23.8,0,0,0,0,,,,
ZUESTA,2009,1,29,10,-0.7,,,,,,,,950.7,,1.8,,38,1.3,37.7,0,0,0,0,,,,
ZUESTA,2009,1,29,11,-0.3,,,,,,,,950.6,,1.8,,42,0.9,41.7,0,0,0,0,,,,
ZUESTA,2009,1,29,12,-0.2,,,,,,,,950.4,,1.9,,37,0.5,36.8,0,0,0,0,,,,
ZUESTA,2009,1,29,13,0,,,,,,,,950.3,,1.3,,34,0.4,33.8,0,0,0,0,,,,
ZUESTA,2009,1,29,14,0.2,,,,,,,,950.6,,1.8,,23,0.2,22.9,0,0,0,0,,,,
ZUESTA,2009,1,29,15,0.3,,,,,,,,951.1,,0.8,,10,0.1,10,0,0,0,0,,,,
ZUESTA,2009,1,29,16,0.3,,,,,,,,951.5,,1,,1,0,1,0,0,0,0,,,,
ZUESTA,2009,1,29,17,0.2,,,,,,,,951.7,,0.8,,0,0,0,0,0,0,0,,,,
ZUESTA,2009,1,29,18,0.1,,,,,,,,951.8,,1,,0,0,0,0,0,0,0,,,,
ZUESTA,2009,1,29,19,0,,,,,,,,951.9,,0.8,,0,0,0,0,0,0,0,,,,
ZUESTA,2009,1,29,20,-0.1,,,,,,,,952,,1.3,,0,0,0,0,0,0,0,,,,
ZUESTA,2009,1,29,21,-0.2,,,,,,,,952.2,,1.2,,0,0,0,0,0,0,0,,,,
ZUESTA,2009,1,29,22,-0.3,,,,,,,,952.3,,1.1,,0,0,0,0,0,0,0,,,,
ZUESTA,2009,1,29,23,-0.3,,,,,,,,952.4,,1,,0,0,0,0,0,0,0,,,,
ZUESTA,2009,1,30,0,-0.3,,,,,,,,952.5,,1,,0,0,0,0,0,0,0,,,,
ZUESTA,2009,1,30,1,-0.3,,,,,,,,952.6,,1.5,,0,0,0,0,0,0,0,,,,
ZUESTA,2009,1,30,2,-0.4,,,,,,,,952.5,,1.7,,0,0,0,0,0,0,0,,,,
ZUESTA,2009,1,30,3,-0.6,,,,,,,,952.7,,2.2,,0,0,0,0,0,0,0,,,,
ZUESTA,2009,1,30,4,-0.8,,,,,,,,952.6,,1.8,,0,0,0,0,0,0,0,,,,
ZUESTA,2009,1,30,5,-0.8,,,,,,,,952.5,,1.8,,0,0,0,0,0,0,0,,,,
ZUESTA,2009,1,30,6,-0.9,,,,,,,,952.5,,2.2,,0,0,0,0,0,0,0,,,,
ZUESTA,2009,1,30,7,-1,,,,,,,,952.8,,2.2,,4,0,0,0,0,0,0,,,,
ZUESTA,2009,1,30,8,-1,,,,,,,,952.9,,1.8,,21,0,0,0,0,0,0,,,,
ZUESTA,2009,1,30,9,-0.7,,,,,,,,953.1,,1.9,,46,5.9,45.1,0,0,0,0,,,,
ZUESTA,2009,1,30,10,-0.7,,,,,,,,953.3,,2.7,,82,5.7,80.4,0,0,0,0,,,,
ZUESTA,2009,1,30,11,-0.6,,,,,,,,952.9,,3.4,,121,7.5,118.3,0,0,0,0,,,,
ZUESTA,2009,1,30,12,-0.5,,,,,,,,952.4,,2.7,,117,5.1,114.9,0,0,0,0,,,,
ZUESTA,2009,1,30,13,-0.8,,,,,,,,951.9,,3.2,,90,2.9,88.8,0,0,0,0,,,,
ZUESTA,2009,1,30,14,-0.6,,,,,,,,951.7,,2.9,,80,2.8,78.9,0,0,0,0,,,,
ZUESTA,2009,1,30,15,-0.5,,,,,,,,951.6,,3.3,,57,2.2,56.3,0,0,0,0,,,,
ZUESTA,2009,1,30,16,-0.5,,,,,,,,951.9,,2.4,,6,0.1,6,0,0,0,0,,,,
ZUESTA,2009,1,30,17,-0.6,,,,,,,,952.3,,2.6,,0,0,0,0,0,0,0,,,,
ZUESTA,2009,1,30,18,-0.8,,,,,,,,952.6,,2.5,,0,0,0,0,0,0,0,,,,
ZUESTA,2009,1,30,19,-1,,,,,,,,952.4,,1.4,,0,0,0,0,0,0,0,,,,
ZUESTA,2009,1,30,20,-1,,,,,,,,952,,1.3,,0,0,0,0,0,0,0,,,,
ZUESTA,2009,1,30,21,-1.1,,,,,,,,951.8,,1.5,,0,0,0,0,0,0,0,,,,
ZUESTA,2009,1,30,22,-1.5,,,,,,,,951.6,,1.9,,0,0,0,0,0,0,0,,,,
ZUESTA,2009,1,30,23,-1.8,,,,,,,,951.3,,2.4,,0,0,0,0,0,0,0,,,,
ZUESTA,2009,1,31,0,-2,,,,,,,,951,,2.1,,0,0,0,0,0,0,0,,,,
ZUESTA,2009,1,31,1,-2.1,,,,,,,,950.7,,2,,0,0,0,0,0,0,0,,,,
ZUESTA,2009,1,31,2,-2.2,,,,,,,,950.6,,1.8,,0,0,0,0,0,0,0,,,,
ZUESTA,2009,1,31,3,-2.7,,,,,,,,950.4,,2.5,,0,0,0,0,0,0,0,,,,
ZUESTA,2009,1,31,4,-3,,,,,,,,950.2,,2.3,,0,0,0,0,0,0,0,,,,
ZUESTA,2009,1,31,5,-3.3,,,,,,,,950,,2.4,,0,0,0,0,0,0,0,,,,
ZUESTA,2009,1,31,6,-3.5,,,,,,,,949.9,,2.6,,0,0,0,0,0,0,0,,,,
ZUESTA,2009,1,31,7,-3.6,,,,,,,,949.6,,2.5,,1,0,0,0,0,0,0,,,,
ZUESTA,2009,1,31,8,-3.5,,,,,,,,949.3,,2.3,,12,0,0,0,0,0,0,,,,
ZUESTA,2009,1,31,9,-3.4,,,,,,,,948.8,,2.4,,29,2.2,28.7,0,0,0,0,,,,
ZUESTA,2009,1,31,10,-3.3,,,,,,,,948.6,,2.5,,44,1.6,43.6,0,0,0,0,,,,
ZUESTA,2009,1,31,11,-3.2,,,,,,,,948.2,,2.6,,60,1.7,59.4,0,0,0,0,,,,
ZUESTA,2009,1,31,12,-3,,,,,,,,947.4,,3.4,,92,3.1,90.7,0,0,0,0,,,,
ZUESTA,2009,1,31,13,-3,,,,,,,,947,,2.9,,74,1.9,73.2,0,0,0,0,,,,
ZUESTA,2009,1,31,14,-3.2,,,,,,,,947,,2.5,,41,0.7,40.7,0,0,0,0,,,,
ZUESTA,2009,1,31,15,-3.4,,,,,,,,947.1,,2.7,,17,0.2,16.9,0,0,0,0,,,,
ZUESTA,2009,1,31,16,-3.5,,,,,,,,947.3,,2.8,,2,0,2,0,0,0,0,,,,
ZUESTA,2009,1,31,17,-3.5,,,,,,,,947.4,,2.5,,0,0,0,0,0,0,0,,,,
ZUESTA,2009,1,31,18,-3.4,,,,,,,,946.7,,3.7,,0,0,0,0,0,0,0,,,,
ZUESTA,2009,1,31,19,-3.4,,,,,,,,946.2,,2.6,,0,0,0,0,0,0,0,,,,
ZUESTA,2009,1,31,20,-3.4,,,,,,,,946,,1.5,,0,0,0,0,0,0,0,,,,
ZUESTA,2009,1,31,21,-3.3,,,,,,,,945.4,,1.7,,0,0,0,0,0,0,0,,,,
ZUESTA,2009,1,31,22,-3.1,,,,,,,,944.9,,1.8,,0,0,0,0,0,0,0,,,,
ZUESTA,2009,1,31,23,-3.1,,,,,,,,944.3,,1.9,,0,0,0,0,0,0,0,,,,
ZUESTA,2009,2,1,0,-3.1,,,,,,,,943.6,,1.5,,0,0,0,0,0,0,0,,,,
ZUESTA,2009,2,1,1,-3.1,,,,,,,,943,,1.4,,0,0,0,0,0,0,0,,,,
ZUESTA,2009,2,1,2,-3.1,,,,,,,,942.4,,1.3,,0,0,0,0,0,0,0,,,,
ZUESTA,2009,2,1,3,-3.1,,,,,,,,941.6,,2.2,,0,0,0,0,0,0,0,,,,
ZUESTA,2009,2,1,4,-3.1,,,,,,,,940.9,,2.3,,0,0,0,0,0,0,0,,,,
ZUESTA,2009,2,1,5,-3.2,,,,,,,,940.3,,2.5,,0,0,0,0,0,0,0,,,,
ZUESTA,2009,2,1,6,-3.4,,,,,,,,939.8,,2.6,,0,0,0,0,0,0,0,,,,
ZUESTA,2009,2,1,7,-3.5,,,,,,,,939.2,,2.3,,2,0,0,0,0,0,0,,,,
ZUESTA,2009,2,1,8,-3.2,,,,,,,,938.8,,3.2,,37,0,0,0,0,0,0,,,,
ZUESTA,2009,2,1,9,-3,,,,,,,,938.4,,3.2,,73,33.3,67.7,0,0,0,0,,,,
ZUESTA,2009,2,1,10,-2.6,,,,,,,,938.1,,3.3,,113,16.6,108.3,0,0,0,0,,,,
ZUESTA,2009,2,1,11,-2.3,,,,,,,,937.9,,2.3,,105,5.1,103.1,0,0,0,0,,,,
ZUESTA,2009,2,1,12,-2.6,,,,,,,,937.4,,2.7,,58,1.2,57.5,0,0,0,0,,,,
ZUESTA,2009,2,1,13,-2.8,,,,,,,,937,,2.6,,40,0.6,39.8,0,0,0,0,,,,
ZUESTA,2009,2,1,14,-2.7,,,,,,,,936.6,,2.7,,33,0.4,32.8,0,0,0,0,,,,
ZUESTA,2009,2,1,15,-2.8,,,,,,,,936.8,,2.4,,21,0.3,20.9,0,0,0,0,,,,
ZUESTA,2009,2,1,16,-2.8,,,,,,,,936.5,,2.4,,2,0,2,0,0,0,0,,,,
ZUESTA,2009,2,1,17,-2.7,,,,,,,,936.4,,2.7,,0,0,0,0,0,0,0,,,,
ZUESTA,2009,2,1,18,-2.7,,,,,,,,936.4,,3.4,,0,0,0,0,0,0,0,,,,
ZUESTA,2009,2,1,19,-2.6,,,,,,,,936.5,,2.7,,0,0,0,0,0,0,0,,,,
ZUESTA,2009,2,1,20,-2.5,,,,,,,,936.4,,2.4,,0,0,0,0,0,0,0,,,,
ZUESTA,2009,2,1,21,-2.5,,,,,,,,936.2,,1.4,,0,0,0,0,0,0,0,,,,
ZUESTA,2009,2,1,22,-2.6,,,,,,,,936.3,,0.9,,0,0,0,0,0,0,0,,,,
ZUESTA,2009,2,1,23,-2.6,,,,,,,,936.1,,1.3,,0,0,0,0,0,0,0,,,,
ZUESTA,2009,2,2,0,-3,,,,,,,,935.5,,2.5,,0,0,0,0,0,0,0,,,,
ZUESTA,2009,2,2,1,-3.1,,,,,,,,935.5,,3.1,,0,0,0,0,0,0,0,,,,
ZUESTA,2009,2,2,2,-3.1,,,,,,,,935.1,,3.4,,0,0,0,0,0,0,0,,,,
ZUESTA,2009,2,2,3,-3,,,,,,,,934.7,,2.2,,0,0,0,0,0,0,0,,,,
ZUESTA,2009,2,2,4,-2.9,,,,,,,,934.4,,2.5,,0,0,0,0,0,0,0,,,,
ZUESTA,2009,2,2,5,-2.9,,,,,,,,934.2,,2.5,,0,0,0,0,0,0,0,,,,
ZUESTA,2009,2,2,6,-2.7,,,,,,,,934.3,,2.1,,0,0,0,0,0,0,0,,,,
ZUESTA,2009,2,2,7,-2.7,,,,,,,,934.2,,2.1,,8,0,0,0,0,0,0,,,,
ZUESTA,2009,2,2,8,-2.5,,,,,,,,933.8,,2.7,,40,0,0,0,0,0,0,,,,
ZUESTA,2009,2,2,9,-1.9,,,,,,,,933.4,,2.2,,109,196.3,77.1,0,0,0,0,,,,
ZUESTA,2009,2,2,10,-0.5,,,,,,,,933.1,,1.7,,219,331,124.1,0,0,0,0,,,,
ZUESTA,2009,2,2,11,0.1,,,,,,,,932.6,,2.3,,176,35.9,162.5,0,0,0,0,,,,
ZUESTA,2009,2,2,12,0.3,,,,,,,,932.2,,1.6,,149,9,145.2,0,0,0,0,,,,
ZUESTA,2009,2,2,13,0.3,,,,,,,,931.8,,1.5,,110,4.1,108.2,0,0,0,0,,,,
ZUESTA,2009,2,2,14,0.8,,,,,,,,931.4,,1.6,,132,7.5,129,0,0,0,0,,,,
ZUESTA,2009,2,2,15,1.4,,,,,,,,931.2,,1.7,,119,11.7,115.2,0,0,0,0,,,,
ZUESTA,2009,2,2,16,0.8,,,,,,,,931.3,,1.6,,24,0.9,23.8,0,0,0,0,,,,
ZUESTA,2009,2,2,17,0.1,,,,,,,,931.4,,1.8,,0,0,0,0,0,0,0,,,,
ZUESTA,2009,2,2,18,0.6,,,,,,,,931.4,,1.5,,0,0,0,0,0,0,0,,,,
ZUESTA,2009,2,2,19,1.1,,,,,,,,931.6,,1.5,,0,0,0,0,0,0,0,,,,
ZUESTA,2009,2,2,20,1.5,,,,,,,,931.6,,1.2,,0,0,0,0,0,0,0,,,,
ZUESTA,2009,2,2,21,1.1,,,,,,,,931.7,,0.9,,0,0,0,0,0,0,0,,,,
ZUESTA,2009,2,2,22,1,,,,,,,,932,,0.4,,0,0,0,0,0,0,0,,,,
ZUESTA,2009,2,2,23,1.4,,,,,,,,932.5,,1.4,,0,0,0,0,0,0,0,,,,
ZUESTA,2009,2,3,0,1,,,,,,,,932.8,,0.7,,0,0,0,0,0,0,0,,,,
ZUESTA,2009,2,3,1,0.3,,,,,,,,932.9,,0.3,,0,0,0,0,0,0,0,,,,
ZUESTA,2009,2,3,2,-0.1,,,,,,,,932.9,,0.4,,0,0,0,0,0,0,0,,,,
ZUESTA,2009,2,3,3,0.2,,,,,,,,933,,0.6,,0,0,0,0,0,0,0,,,,
ZUESTA,2009,2,3,4,0.1,,,,,,,,933.3,,0.4,,0,0,0,0,0,0,0,,,,
ZUESTA,2009,2,3,5,0.1,,,,,,,,933.5,,0.7,,0,0,0,0,0,0,0,,,,
ZUESTA,2009,2,3,6,-0.5,,,,,,,,934,,0.9,,0,0,0,0,0,0,0,,,,
ZUESTA,2009,2,3,7,-0.5,,,,,,,,934.1,,0.5,,24,0,0,0,0,0,0,,,,
ZUESTA,2009,2,3,8,0.8,,,,,,,,934.2,,0.3,,161,0,0,0,0,0,0,,,,
ZUESTA,2009,2,3,9,2.8,,,,,,,,934.1,,0.5,,285,1429.6,47,0,0,0,0,,,,
ZUESTA,2009,2,3,10,4.4,,,,,,,,934,,0.9,,389,1117.1,64.2,0,0,0,0,,,,
ZUESTA,2009,2,3,11,6.2,,,,,,,,933.7,,0.9,,431,943,71.1,0,0,0,0,,,,
ZUESTA,2009,2,3,12,7.4,,,,,,,,933.3,,2.1,,442,809.9,91.7,0,0,0,0,,,,
ZUESTA,2009,2,3,13,8.3,,,,,,,,932.7,,2.9,,368,458.8,166.2,0,0,0,0,,,,
ZUESTA,2009,2,3,14,7.9,,,,,,,,932.5,,1.4,,153,12.9,147.8,0,0,0,0,,,,
ZUESTA,2009,2,3,15,7.9,,,,,,,,932.5,,1.3,,131,17.2,125.4,0,0,0,0,,,,
ZUESTA,2009,2,3,16,6.2,,,,,,,,932.7,,0.6,,28,1.1,27.8,0,0,0,0,,,,
ZUESTA,2009,2,3,17,3.8,,,,,,,,933.1,,0.7,,0,0,0,0,0,0,0,,,,
ZUESTA,2009,2,3,18,3.1,,,,,,,,933.3,,0.6,,0,0,0,0,0,0,0,,,,
ZUESTA,2009,2,3,19,2.6,,,,,,,,933.5,,0.5,,0,0,0,0,0,0,0,,,,
ZUESTA,2009,2,3,20,2.1,,,,,,,,933.8,,0.5,,0,0,0,0,0,0,0,,,,
ZUESTA,2009,2,3,21,2.3,,,,,,,,934,,1.1,,0,0,0,0,0,0,0,,,,
ZUESTA,2009,2,3,22,2.3,,,,,,,,934.1,,1.4,,0,0,0,0,0,0,0,,,,
ZUESTA,2009,2,3,23,0.9,,,,,,,,934.1,,0.4,,0,0,0,0,0,0,0,,,,
ZUESTA,2009,2,4,0,0.3,,,,,,,,933.8,,0.1,,0,0,0,0,0,0,0,,,,
ZUESTA,2009,2,4,1,0,,,,,,,,933.6,,0.5,,0,0,0,0,0,0,0,,,,
ZUESTA,2009,2,4,2,-0.1,,,,,,,,933.4,,0.4,,0,0,0,0,0,0,0,,,,
ZUESTA,2009,2,4,3,0.2,,,,,,,,933.2,,0.6,,0,0,0,0,0,0,0,,,,
ZUESTA,2009,2,4,4,0.4,,,,,,,,933.1,,0.4,,0,0,0,0,0,0,0,,,,
ZUESTA,2009,2,4,5,0.6,,,,,,,,933,,0.5,,0,0,0,0,0,0,0,,,,
ZUESTA,2009,2,4,6,0.1,,,,,,,,933,,0.2,,0,0,0,0,0,0,0,,,,
ZUESTA,2009,2,4,7,0.2,,,,,,,,933.2,,0.5,,27,0,0,0,0,0,0,,,,
ZUESTA,2009,2,4,8,1.1,,,,,,,,933.3,,0.3,,166,0,0,0,0,0,0,,,,
ZUESTA,2009,2,4,9,2.7,,,,,,,,933.3,,0.7,,282,1381.6,46.5,0,0,0,0,,,,
ZUESTA,2009,2,4,10,3.7,,,,,,,,933.4,,1,,364,1030.2,60.1,0,0,0,0,,,,
ZUESTA,2009,2,4,11,5.5,,,,,,,,933.3,,1.1,,417,895.4,71.3,0,0,0,0,,,,
ZUESTA,2009,2,4,12,6.7,,,,,,,,933.2,,1.1,,442,791.9,95.9,0,0,0,0,,,,
ZUESTA,2009,2,4,13,8,,,,,,,,932.9,,1.2,,364,426.4,174.5,0,0,0,0,,,,
ZUESTA,2009,2,4,14,8,,,,,,,,933,,1.1,,176,24.2,166.1,0,0,0,0,,,,
ZUESTA,2009,2,4,15,7.7,,,,,,,,933.1,,1.2,,117,9.7,113.8,0,0,0,0,,,,
ZUESTA,2009,2,4,16,6.6,,,,,,,,933.5,,0.4,,17,0.4,16.9,0,0,0,0,,,,
ZUESTA,2009,2,4,17,5.2,,,,,,,,933.6,,0.7,,0,0,0,0,0,0,0,,,,
ZUESTA,2009,2,4,18,5.7,,,,,,,,933.8,,0.9,,0,0,0,0,0,0,0,,,,
ZUESTA,2009,2,4,19,4.9,,,,,,,,934,,0.5,,0,0,0,0,0,0,0,,,,
ZUESTA,2009,2,4,20,3.5,,,,,,,,934.1,,0.9,,0,0,0,0,0,0,0,,,,
ZUESTA,2009,2,4,21,2.8,,,,,,,,934.2,,0.5,,0,0,0,0,0,0,0,,,,
ZUESTA,2009,2,4,22,2.7,,,,,,,,934.2,,0.5,,0,0,0,0,0,0,0,,,,
ZUESTA,2009,2,4,23,2.1,,,,,,,,933.9,,0.4,,0,0,0,0,0,0,0,,,,
ZUESTA,2009,2,5,0,1.6,,,,,,,,933.7,,0.5,,0,0,0,0,0,0,0,,,,
ZUESTA,2009,2,5,1,0.7,,,,,,,,933.4,,1.7,,0,0,0,0,0,0,0,,,,
ZUESTA,2009,2,5,2,0.4,,,,,,,,933,,1.3,,0,0,0,0,0,0,0,,,,
ZUESTA,2009,2,5,3,0.4,,,,,,,,932.5,,2.7,,0,0,0,0,0,0,0,,,,
ZUESTA,2009,2,5,4,0,,,,,,,,932.3,,1.9,,0,0,0,0,0,0,0,,,,
ZUESTA,2009,2,5,5,-0.3,,,,,,,,932.1,,1.7,,0,0,0,0,0,0,0,,,,
ZUESTA,2009,2,5,6,0,,,,,,,,931.9,,1.4,,0,0,0,0,0,0,0,,,,
ZUESTA,2009,2,5,7,-0.3,,,,,,,,932.4,,1.3,,24,0,0,0,0,0,0,,,,
ZUESTA,2009,2,5,8,1.2,,,,,,,,933,,1.3,,60,0,0,0,0,0,0,,,,
ZUESTA,2009,2,5,9,1.8,,,,,,,,933,,1.2,,179,816.8,36.5,0,0,0,0,,,,
ZUESTA,2009,2,5,10,3.4,,,,,,,,934.1,,0.9,,350,976.3,57.8,0,0,0,0,,,,
ZUESTA,2009,2,5,11,5.2,,,,,,,,934.7,,1.3,,335,499.4,139.9,0,0,0,0,,,,
ZUESTA,2009,2,5,12,6.7,,,,,,,,934.6,,1.5,,391,552.4,147,0,0,0,0,,,,
ZUESTA,2009,2,5,13,7.3,,,,,,,,934.5,,1.8,,264,110.2,214.5,0,0,0,0,,,,
ZUESTA,2009,2,5,14,7.5,,,,,,,,934.3,,0.8,,252,131.2,197.8,0,0,0,0,,,,
ZUESTA,2009,2,5,15,7.6,,,,,,,,933.7,,1.6,,114,8.3,111.2,0,0,0,0,,,,
ZUESTA,2009,2,5,16,6.2,,,,,,,,933.6,,1.3,,16,0.3,15.9,0,0,0,0,,,,
ZUESTA,2009,2,5,17,5.2,,,,,,,,933.7,,1.1,,0,0,0,0,0,0,0,,,,
ZUESTA,2009,2,5,18,4.8,,,,,,,,933.6,,1.9,,0,0,0,0,0,0,0,,,,
ZUESTA,2009,2,5,19,4.1,,,,,,,,933.6,,1.5,,0,0,0,0,0,0,0,,,,
ZUESTA,2009,2,5,20,4.1,,,,,,,,933.1,,1.7,,0,0,0,0,0,0,0,,,,
ZUESTA,2009,2,5,21,4,,,,,,,,932.6,,0.6,,0,0,0,0,0,0,0,,,,
ZUESTA,2009,2,5,22,4,,,,,,,,932,,0.8,,0,0,0,0,0,0,0,,,,
ZUESTA,2009,2,5,23,3.2,,,,,,,,932,,1.6,,0,0,0,0,0,0,0,,,,
ZUESTA,2009,2,6,0,3.3,,,,,,,,931.8,,1.2,,0,0,0,0,0,0,0,,,,
ZUESTA,2009,2,6,1,3.3,,,,,,,,931.9,,0.6,,0,0,0,0,0,0,0,,,,
ZUESTA,2009,2,6,2,3.1,,,,,,,,931.4,,1.1,,0,0,0,0,0,0,0,,,,
ZUESTA,2009,2,6,3,3,,,,,,,,931.1,,0.7,,0,0,0,0,0,0,0,,,,
ZUESTA,2009,2,6,4,2.7,,,,,,,,931.3,,1,,0,0,0,0,0,0,0,,,,
ZUESTA,2009,2,6,5,2.1,,,,,,,,930.9,,0.5,,0,0,0,0,0,0,0,,,,
ZUESTA,2009,2,6,6,1.9,,,,,,,,930.4,,0.8,,0,0,0,0,0,0,0,,,,
ZUESTA,2009,2,6,7,2,,,,,,,,930.1,,0.5,,16,0,0,0,0,0,0,,,,
ZUESTA,2009,2,6,8,2.3,,,,,,,,929.6,,0.4,,54,0,0,0,0,0,0,,,,
ZUESTA,2009,2,6,9,3.2,,,,,,,,929.8,,0.6,,111,141.9,85.7,0,0,0,0,,,,
ZUESTA,2009,2,6,10,4.5,,,,,,,,929.4,,0.9,,253,453.1,115.4,0,0,0,0,,,,
ZUESTA,2009,2,6,11,5.3,,,,,,,,928.7,,0.8,,299,320,172.5,0,0,0,0,,,,
ZUESTA,2009,2,6,12,6.5,,,,,,,,928.2,,1.1,,362,412.5,177.8,0,0,0,0,,,,
ZUESTA,2009,2,6,13,7.5,,,,,,,,927.3,,1.1,,363,392.3,184.9,0,0,0,0,,,,
ZUESTA,2009,2,6,14,7.4,,,,,,,,926.9,,0.9,,186,28.6,174.1,0,0,0,0,,,,
ZUESTA,2009,2,6,15,7.1,,,,,,,,926.8,,1.6,,85,4,83.6,0,0,0,0,,,,
ZUESTA,2009,2,6,16,6.1,,,,,,,,926.3,,1.6,,17,0.4,16.9,0,0,0,0,,,,
ZUESTA,2009,2,6,17,4.6,,,,,,,,925.9,,2,,0,0,0,0,0,0,0,,,,
ZUESTA,2009,2,6,18,4.3,,,,,,,,925.4,,1.9,,0,0,0,0,0,0,0,,,,
ZUESTA,2009,2,6,19,4.3,,,,,,,,924.8,,2.3,,0,0,0,0,0,0,0,,,,
ZUESTA,2009,2,6,20,3.3,,,,,,,,924.4,,1.2,,0,0,0,0,0,0,0,,,,
ZUESTA,2009,2,6,21,3,,,,,,,,924.3,,1.4,,0,0,0,0,0,0,0,,,,
ZUESTA,2009,2,6,22,2.5,,,,,,,,924.6,,0.8,,0,0,0,0,0,0,0,,,,
ZUESTA,2009,2,6,23,2.1,,,,,,,,925,,0.7,,0,0,0,0,0,0,0,,,,
ZUESTA,2009,2,7,0,2.3,,,,,,,,924.9,,0.6,,0,0,0,0,0,0,0,,,,
ZUESTA,2009,2,7,1,2.5,,,,,,,,924.5,,0.6,,0,0,0,0,0,0,0,,,,
ZUESTA,2009,2,7,2,2.8,,,,,,,,924.1,,1,,0,0,0,0,0,0,0,,,,
ZUESTA,2009,2,7,3,2.3,,,,,,,,923.6,,0.3,,0,0,0,0,0,0,0,,,,
ZUESTA,2009,2,7,4,2.3,,,,,,,,923.6,,0.5,,0,0,0,0,0,0,0,,,,
ZUESTA,2009,2,7,5,2.5,,,,,,,,923.4,,0.7,,0,0,0,0,0,0,0,,,,
ZUESTA,2009,2,7,6,3,,,,,,,,923.5,,1.9,,0,0,0,0,0,0,0,,,,
ZUESTA,2009,2,7,7,2.9,,,,,,,,923.8,,1.9,,5,0,0,0,0,0,0,,,,
ZUESTA,2009,2,7,8,3,,,,,,,,923.9,,1.7,,23,0,0,0,0,0,0,,,,
ZUESTA,2009,2,7,9,3.2,,,,,,,,924.1,,2.3,,57,6.3,55.8,0,0,0,0,,,,
ZUESTA,2009,2,7,10,3.6,,,,,,,,924.5,,2.2,,112,10.7,108.7,0,0,0,0,,,,
ZUESTA,2009,2,7,11,3.8,,,,,,,,924.5,,2.5,,129,6.9,126.2,0,0,0,0,,,,
ZUESTA,2009,2,7,12,4,,,,,,,,924.4,,3.3,,130,5.3,127.6,0,0,0,0,,,,
ZUESTA,2009,2,7,13,4.1,,,,,,,,924.3,,3.2,,120,4.4,118,0,0,0,0,,,,
ZUESTA,2009,2,7,14,3.9,,,,,,,,924.7,,2.6,,72,1.9,71.2,0,0,0,0,,,,
ZUESTA,2009,2,7,15,3.3,,,,,,,,925.2,,3,,32,0.6,31.8,0,0,0,0,,,,
ZUESTA,2009,2,7,16,2.9,,,,,,,,925.7,,2.5,,3,0,3,0,0,0,0,,,,
ZUESTA,2009,2,7,17,2.5,,,,,,,,926.4,,2.7,,0,0,0,0,0,0,0,,,,
ZUESTA,2009,2,7,18,2.4,,,,,,,,927,,2,,0,0,0,0,0,0,0,,,,
ZUESTA,2009,2,7,19,2.1,,,,,,,,927.6,,1.9,,0,0,0,0,0,0,0,,,,
ZUESTA,2009,2,7,20,2,,,,,,,,928.2,,2.1,,0,0,0,0,0,0,0,,,,
ZUESTA,2009,2,7,21,1.8,,,,,,,,928.6,,2.8,,0,0,0,0,0,0,0,,,,
ZUESTA,2009,2,7,22,1.3,,,,,,,,929.3,,2.9,,0,0,0,0,0,0,0,,,,
ZUESTA,2009,2,7,23,0.7,,,,,,,,929.8,,3.1,,0,0,0,0,0,0,0,,,,
ZUESTA,2009,2,8,0,0.4,,,,,,,,930.1,,2.8,,0,0,0,0,0,0,0,,,,
ZUESTA,2009,2,8,1,0.3,,,,,,,,930.6,,2.7,,0,0,0,0,0,0,0,,,,
ZUESTA,2009,2,8,2,0.2,,,,,,,,931,,2.3,,0,0,0,0,0,0,0,,,,
ZUESTA,2009,2,8,3,0.2,,,,,,,,931.4,,1.9,,0,0,0,0,0,0,0,,,,
ZUESTA,2009,2,8,4,0.2,,,,,,,,932.2,,1.5,,0,0,0,0,0,0,0,,,,
ZUESTA,2009,2,8,5,0.1,,,,,,,,933,,1.3,,0,0,0,0,0,0,0,,,,
ZUESTA,2009,2,8,6,0.2,,,,,,,,934,,1.2,,0,0,0,0,0,0,0,,,,
ZUESTA,2009,2,8,7,0.1,,,,,,,,935.2,,0.9,,0,0,0,0,0,0,0,,,,
ZUESTA,2009,2,8,8,0.2,,,,,,,,936.3,,0.5,,12,0,0,0,0,0,0,,,,
ZUESTA,2009,2,8,9,0.2,,,,,,,,937.4,,0.8,,23,1,22.8,0,0,0,0,,,,
ZUESTA,2009,2,8,10,0.2,,,,,,,,938.1,,0.9,,56,2.1,55.4,0,0,0,0,,,,
ZUESTA,2009,2,8,11,0.3,,,,,,,,938.8,,0.4,,55,1.2,54.5,0,0,0,0,,,,
ZUESTA,2009,2,8,12,0.3,,,,,,,,939.3,,0.8,,65,1.3,64.4,0,0,0,0,,,,
ZUESTA,2009,2,8,13,0.1,,,,,,,,939.7,,1.7,,39,0.5,38.8,0,0,0,0,,,,
ZUESTA,2009,2,8,14,0.1,,,,,,,,940.4,,1.1,,48,0.8,47.7,0,0,0,0,,,,
ZUESTA,2009,2,8,15,0.2,,,,,,,,940.9,,1.4,,33,0.6,32.8,0,0,0,0,,,,
ZUESTA,2009,2,8,16,-0.1,,,,,,,,941.3,,1.8,,9,0.1,9,0,0,0,0,,,,
ZUESTA,2009,2,8,17,-0.3,,,,,,,,942.2,,2.6,,0,0,0,0,0,0,0,,,,
ZUESTA,2009,2,8,18,-0.6,,,,,,,,942.6,,1.8,,0,0,0,0,0,0,0,,,,
ZUESTA,2009,2,8,19,-0.7,,,,,,,,942.9,,1.5,,0,0,0,0,0,0,0,,,,
ZUESTA,2009,2,8,20,-1,,,,,,,,943.6,,1.3,,0,0,0,0,0,0,0,,,,
ZUESTA,2009,2,8,21,-1.2,,,,,,,,944.3,,2,,0,0,0,0,0,0,0,,,,
ZUESTA,2009,2,8,22,-1.3,,,,,,,,944.7,,1.4,,0,0,0,0,0,0,0,,,,
ZUESTA,2009,2,8,23,-1.4,,,,,,,,944.7,,1,,0,0,0,0,0,0,0,,,,
ZUESTA,2009,2,9,0,-1.5,,,,,,,,944.8,,0.9,,0,0,0,0,0,0,0,,,,
ZUESTA,2009,2,9,1,-1.5,,,,,,,,944.8,,0.7,,0,0,0,0,0,0,0,,,,
ZUESTA,2009,2,9,2,-1.6,,,,,,,,944.6,,0.7,,0,0,0,0,0,0,0,,,,
ZUESTA,2009,2,9,3,-1.5,,,,,,,,944.7,,0.9,,0,0,0,0,0,0,0,,,,
ZUESTA,2009,2,9,4,-1.6,,,,,,,,944.6,,1.6,,0,0,0,0,0,0,0,,,,
ZUESTA,2009,2,9,5,-1.7,,,,,,,,944.5,,2.4,,0,0,0,0,0,0,0,,,,
ZUESTA,2009,2,9,6,-1.8,,,,,,,,944.8,,3.2,,0,0,0,0,0,0,0,,,,
ZUESTA,2009,2,9,7,-1.6,,,,,,,,945,,3,,35,0,0,0,0,0,0,,,,
ZUESTA,2009,2,9,8,-1,,,,,,,,945.2,,2.9,,170,0,0,0,0,0,0,,,,
ZUESTA,2009,2,9,9,-0.1,,,,,,,,945.7,,2.2,,288,1254.6,47.5,0,0,0,0,,,,
ZUESTA,2009,2,9,10,0.1,,,,,,,,945.8,,2.1,,220,226.9,148,0,0,0,0,,,,
ZUESTA,2009,2,9,11,0.6,,,,,,,,946.2,,1.9,,199,44.5,180.8,0,0,0,0,,,,
ZUESTA,2009,2,9,12,1.5,,,,,,,,945.4,,2.6,,270,109.1,219.7,0,0,0,0,,,,
ZUESTA,2009,2,9,13,2,,,,,,,,944.7,,2.9,,263,89.4,221.1,0,0,0,0,,,,
ZUESTA,2009,2,9,14,2.1,,,,,,,,944.1,,2.5,,139,6.9,136,0,0,0,0,,,,
ZUESTA,2009,2,9,15,2.1,,,,,,,,943.3,,1.6,,61,1.9,60.3,0,0,0,0,,,,
ZUESTA,2009,2,9,16,1.7,,,,,,,,942.6,,1.9,,20,0.5,19.9,0,0,0,0,,,,
ZUESTA,2009,2,9,17,1.4,,,,,,,,942.4,,1.5,,0,0,0,0,0,0,0,,,,
ZUESTA,2009,2,9,18,2,,,,,,,,941.9,,2.8,,0,0,0,0,0,0,0,,,,
ZUESTA,2009,2,9,19,0.6,,,,,,,,940.8,,2,,0,0,0,0,0,0,0,,,,
ZUESTA,2009,2,9,20,0.6,,,,,,,,940.3,,1.3,,0,0,0,0,0,0,0,,,,
ZUESTA,2009,2,9,21,1.2,,,,,,,,939.9,,2.4,,0,0,0,0,0,0,0,,,,
ZUESTA,2009,2,9,22,1.7,,,,,,,,939.2,,2,,0,0,0,0,0,0,0,,,,
ZUESTA,2009,2,9,23,2.1,,,,,,,,938.1,,0.9,,0,0,0,0,0,0,0,,,,
ZUESTA,2009,2,10,0,2.1,,,,,,,,937.1,,1.9,,0,0,0,0,0,0,0,,,,
ZUESTA,2009,2,10,1,2.7,,,,,,,,935.8,,1.2,,0,0,0,0,0,0,0,,,,
ZUESTA,2009,2,10,2,2.5,,,,,,,,935,,0.8,,0,0,0,0,0,0,0,,,,
ZUESTA,2009,2,10,3,3.6,,,,,,,,933.8,,2.7,,0,0,0,0,0,0,0,,,,
ZUESTA,2009,2,10,4,3.6,,,,,,,,933,,2.1,,0,0,0,0,0,0,0,,,,
ZUESTA,2009,2,10,5,3.2,,,,,,,,932.1,,1.4,,0,0,0,0,0,0,0,,,,
ZUESTA,2009,2,10,6,4.7,,,,,,,,931.6,,4.7,,0,0,0,0,0,0,0,,,,
ZUESTA,2009,2,10,7,7.5,,,,,,,,931.3,,8.9,,35,0,0,0,0,0,0,,,,
ZUESTA,2009,2,10,8,8.9,,,,,,,,932,,9.8,,91,0,0,0,0,0,0,,,,
ZUESTA,2009,2,10,9,7.5,,,,,,,,933.3,,12.9,,55,5,54,0,0,0,0,,,,
ZUESTA,2009,2,10,10,6.4,,,,,,,,934.6,,12.3,,71,3.1,70,0,0,0,0,,,,
ZUESTA,2009,2,10,11,6.3,,,,,,,,935.5,,10.4,,122,5.6,119.7,0,0,0,0,,,,
ZUESTA,2009,2,10,12,6.3,,,,,,,,936.1,,10.9,,190,18.4,181.4,0,0,0,0,,,,
ZUESTA,2009,2,10,13,6,,,,,,,,936.6,,10.8,,205,24.8,193.2,0,0,0,0,,,,
ZUESTA,2009,2,10,14,5.9,,,,,,,,937.2,,11.8,,126,5.3,123.7,0,0,0,0,,,,
ZUESTA,2009,2,10,15,4.7,,,,,,,,938.3,,11.7,,57,1.6,56.4,0,0,0,0,,,,
ZUESTA,2009,2,10,16,5.2,,,,,,,,938.9,,10.8,,23,0.6,22.9,0,0,0,0,,,,
ZUESTA,2009,2,10,17,3.4,,,,,,,,940.5,,9.7,,0,0,0,0,0,0,0,,,,
ZUESTA,2009,2,10,18,2.2,,,,,,,,941.3,,7.9,,0,0,0,0,0,0,0,,,,
ZUESTA,2009,2,10,19,1.4,,,,,,,,942.1,,6.4,,0,0,0,0,0,0,0,,,,
ZUESTA,2009,2,10,20,0.9,,,,,,,,942.6,,6.4,,0,0,0,0,0,0,0,,,,
ZUESTA,2009,2,10,21,0.9,,,,,,,,943.3,,5.8,,0,0,0,0,0,0,0,,,,
ZUESTA,2009,2,10,22,0.8,,,,,,,,944.1,,5,,0,0,0,0,0,0,0,,,,
ZUESTA,2009,2,10,23,0.9,,,,,,,,944.6,,5.3,,0,0,0,0,0,0,0,,,,
ZUESTA,2009,2,11,0,0.8,,,,,,,,945,,4.7,,0,0,0,0,0,0,0,,,,
ZUESTA,2009,2,11,1,0.4,,,,,,,,945.4,,4.7,,0,0,0,0,0,0,0,,,,
ZUESTA,2009,2,11,2,0.3,,,,,,,,945.8,,5,,0,0,0,0,0,0,0,,,,
ZUESTA,2009,2,11,3,0.2,,,,,,,,946,,4.5,,0,0,0,0,0,0,0,,,,
ZUESTA,2009,2,11,4,0.1,,,,,,,,946.3,,5.1,,0,0,0,0,0,0,0,,,,
ZUESTA,2009,2,11,5,-0.3,,,,,,,,946.6,,4.8,,0,0,0,0,0,0,0,,,,
ZUESTA,2009,2,11,6,-0.4,,,,,,,,946.8,,3.7,,0,0,0,0,0,0,0,,,,
ZUESTA,2009,2,11,7,-0.4,,,,,,,,947.2,,3.1,,11,0,0,0,0,0,0,,,,
ZUESTA,2009,2,11,8,-0.3,,,,,,,,947.8,,3.3,,23,0,0,0,0,0,0,,,,
ZUESTA,2009,2,11,9,0,,,,,,,,948.5,,3.8,,145,268.6,91.1,0,0,0,0,,,,
ZUESTA,2009,2,11,10,0.3,,,,,,,,948.9,,3.6,,157,42,143.3,0,0,0,0,,,,
ZUESTA,2009,2,11,11,0.5,,,,,,,,949,,2.8,,134,6.8,131.2,0,0,0,0,,,,
ZUESTA,2009,2,11,12,1,,,,,,,,948.9,,2.9,,157,7.7,153.4,0,0,0,0,,,,
ZUESTA,2009,2,11,13,1.7,,,,,,,,948.8,,3.3,,201,21.3,190.8,0,0,0,0,,,,
ZUESTA,2009,2,11,14,2.5,,,,,,,,948.9,,4.7,,301,211.7,207.5,0,0,0,0,,,,
ZUESTA,2009,2,11,15,2.3,,,,,,,,949,,3.5,,198,78.3,169.6,0,0,0,0,,,,
ZUESTA,2009,2,11,16,1.4,,,,,,,,949.4,,3.3,,32,1.1,31.7,0,0,0,0,,,,
ZUESTA,2009,2,11,17,0.6,,,,,,,,949.8,,3.1,,0,0,0,0,0,0,0,,,,
ZUESTA,2009,2,11,18,0.1,,,,,,,,950.1,,3,,0,0,0,0,0,0,0,,,,
ZUESTA,2009,2,11,19,-0.3,,,,,,,,950.3,,3,,0,0,0,0,0,0,0,,,,
ZUESTA,2009,2,11,20,-0.3,,,,,,,,950.3,,2.8,,0,0,0,0,0,0,0,,,,
ZUESTA,2009,2,11,21,-0.2,,,,,,,,950.2,,2.3,,0,0,0,0,0,0,0,,,,
ZUESTA,2009,2,11,22,-0.3,,,,,,,,950,,2.6,,0,0,0,0,0,0,0,,,,
ZUESTA,2009,2,11,23,-0.4,,,,,,,,949.8,,2.9,,0,0,0,0,0,0,0,,,,
ZUESTA,2009,2,12,0,-0.5,,,,,,,,949.7,,2.8,,0,0,0,0,0,0,0,,,,
ZUESTA,2009,2,12,1,-0.7,,,,,,,,949.5,,4.1,,0,0,0,0,0,0,0,,,,
ZUESTA,2009,2,12,2,-1.2,,,,,,,,949,,4.4,,0,0,0,0,0,0,0,,,,
ZUESTA,2009,2,12,3,-1.6,,,,,,,,948.6,,3.3,,0,0,0,0,0,0,0,,,,
ZUESTA,2009,2,12,4,-1.9,,,,,,,,948.2,,2.7,,0,0,0,0,0,0,0,,,,
ZUESTA,2009,2,12,5,-1.6,,,,,,,,947.7,,2.7,,0,0,0,0,0,0,0,,,,
ZUESTA,2009,2,12,6,-1.8,,,,,,,,947.6,,2.7,,0,0,0,0,0,0,0,,,,
ZUESTA,2009,2,12,7,-2.1,,,,,,,,947.4,,2.3,,8,0,0,0,0,0,0,,,,
ZUESTA,2009,2,12,8,-1.9,,,,,,,,947.6,,2,,25,16.3,24.1,0,0,0,0,,,,
ZUESTA,2009,2,12,9,-2,,,,,,,,948.1,,0.7,,34,1.8,33.6,0,0,0,0,,,,
ZUESTA,2009,2,12,10,-1.6,,,,,,,,948.8,,0.9,,73,3.1,72,0,0,0,0,,,,
ZUESTA,2009,2,12,11,-0.7,,,,,,,,949.5,,1.2,,240,93.4,200.4,0,0,0,0,,,,
ZUESTA,2009,2,12,12,-0.1,,,,,,,,950.3,,1.5,,328,222.3,222.2,0,0,0,0,,,,
ZUESTA,2009,2,12,13,0.4,,,,,,,,950.8,,1.6,,459,679.6,130.2,0,0,0,0,,,,
ZUESTA,2009,2,12,14,0,,,,,,,,951.1,,2,,314,240.7,206.4,0,0,0,0,,,,
ZUESTA,2009,2,12,15,-0.7,,,,,,,,951.8,,1.5,,101,4.8,99.2,0,0,0,0,,,,
ZUESTA,2009,2,12,16,-1.3,,,,,,,,952.4,,0.6,,20,0.4,19.9,0,0,0,0,,,,
ZUESTA,2009,2,12,17,-1.4,,,,,,,,953,,1.3,,0,0,0,0,0,0,0,,,,
ZUESTA,2009,2,12,18,-1.8,,,,,,,,953.5,,1.3,,0,0,0,0,0,0,0,,,,
ZUESTA,2009,2,12,19,-2.4,,,,,,,,953.8,,1,,0,0,0,0,0,0,0,,,,
ZUESTA,2009,2,12,20,-3,,,,,,,,953.8,,1.1,,0,0,0,0,0,0,0,,,,
ZUESTA,2009,2,12,21,-3.4,,,,,,,,954,,1.1,,0,0,0,0,0,0,0,,,,
ZUESTA,2009,2,12,22,-3.5,,,,,,,,954,,1,,0,0,0,0,0,0,0,,,,
ZUESTA,2009,2,12,23,-3.1,,,,,,,,954,,1.5,,0,0,0,0,0,0,0,,,,
ZUESTA,2009,2,13,0,-3.1,,,,,,,,953.8,,2.4,,0,0,0,0,0,0,0,,,,
ZUESTA,2009,2,13,1,-3.3,,,,,,,,953.6,,2,,0,0,0,0,0,0,0,,,,
ZUESTA,2009,2,13,2,-3.5,,,,,,,,953.5,,2.4,,0,0,0,0,0,0,0,,,,
ZUESTA,2009,2,13,3,-3.8,,,,,,,,953.4,,1.8,,0,0,0,0,0,0,0,,,,
ZUESTA,2009,2,13,4,-3.5,,,,,,,,953.6,,2.1,,0,0,0,0,0,0,0,,,,
ZUESTA,2009,2,13,5,-3.6,,,,,,,,953.6,,1.9,,0,0,0,0,0,0,0,,,,
ZUESTA,2009,2,13,6,-3.6,,,,,,,,953.7,,2.3,,0,0,0,0,0,0,0,,,,
ZUESTA,2009,2,13,7,-3.6,,,,,,,,953.9,,2.4,,21,0,0,0,0,0,0,,,,
ZUESTA,2009,2,13,8,-3.3,,,,,,,,954,,2.3,,77,1074.6,12.7,0,0,0,0,,,,
ZUESTA,2009,2,13,9,-2.9,,,,,,,,954,,2.5,,121,101.4,99.7,0,0,0,0,,,,
ZUESTA,2009,2,13,10,-2.4,,,,,,,,954.1,,2.2,,141,21.1,133.9,0,0,0,0,,,,
ZUESTA,2009,2,13,11,-2.1,,,,,,,,953.8,,3.2,,206,42,188,0,0,0,0,,,,
ZUESTA,2009,2,13,12,-1.5,,,,,,,,953.3,,3,,226,37.7,207.8,0,0,0,0,,,,
ZUESTA,2009,2,13,13,-1.1,,,,,,,,953,,2.7,,205,21.3,194.6,0,0,0,0,,,,
ZUESTA,2009,2,13,14,-0.8,,,,,,,,952.9,,2,,203,30.1,189.4,0,0,0,0,,,,
ZUESTA,2009,2,13,15,-0.2,,,,,,,,952.5,,1.6,,195,64.2,171.1,0,0,0,0,,,,
ZUESTA,2009,2,13,16,-1,,,,,,,,952.4,,2.1,,68,4.5,66.8,0,0,0,0,,,,
ZUESTA,2009,2,13,17,-1.8,,,,,,,,952.4,,1,,1,0,1,0,0,0,0,,,,
ZUESTA,2009,2,13,18,-2.8,,,,,,,,952.6,,0.8,,0,0,0,0,0,0,0,,,,
ZUESTA,2009,2,13,19,-3.3,,,,,,,,952.5,,0.6,,0,0,0,0,0,0,0,,,,
ZUESTA,2009,2,13,20,-3.2,,,,,,,,952.6,,0.8,,0,0,0,0,0,0,0,,,,
ZUESTA,2009,2,13,21,-3.4,,,,,,,,952.7,,1.2,,0,0,0,0,0,0,0,,,,
ZUESTA,2009,2,13,22,-3.3,,,,,,,,952.5,,0.9,,0,0,0,0,0,0,0,,,,
ZUESTA,2009,2,13,23,-3.1,,,,,,,,952.4,,0.6,,0,0,0,0,0,0,0,,,,
ZUESTA,2009,2,14,0,-3,,,,,,,,952.2,,0.8,,0,0,0,0,0,0,0,,,,
ZUESTA,2009,2,14,1,-3,,,,,,,,952.1,,0.8,,0,0,0,0,0,0,0,,,,
ZUESTA,2009,2,14,2,-3.2,,,,,,,,952,,1.1,,0,0,0,0,0,0,0,,,,
ZUESTA,2009,2,14,3,-3.5,,,,,,,,951.9,,1.6,,0,0,0,0,0,0,0,,,,
ZUESTA,2009,2,14,4,-3.6,,,,,,,,951.8,,1.7,,0,0,0,0,0,0,0,,,,
ZUESTA,2009,2,14,5,-3.6,,,,,,,,952,,1.8,,0,0,0,0,0,0,0,,,,
ZUESTA,2009,2,14,6,-3.6,,,,,,,,952.4,,1.8,,0,0,0,0,0,0,0,,,,
ZUESTA,2009,2,14,7,-3.5,,,,,,,,952.9,,1.5,,11,0,0,0,0,0,0,,,,
ZUESTA,2009,2,14,8,-3.4,,,,,,,,953.5,,1.7,,50,347.3,27.7,0,0,0,0,,,,
ZUESTA,2009,2,14,9,-3.2,,,,,,,,954,,1.4,,89,20,84.7,0,0,0,0,,,,
ZUESTA,2009,2,14,10,-2.7,,,,,,,,954.6,,1.1,,125,11.1,121.2,0,0,0,0,,,,
ZUESTA,2009,2,14,11,-2.2,,,,,,,,955.1,,1.6,,254,109.1,206.6,0,0,0,0,,,,
ZUESTA,2009,2,14,12,-2,,,,,,,,955.5,,1.4,,190,15.1,182.7,0,0,0,0,,,,
ZUESTA,2009,2,14,13,-1.8,,,,,,,,955.9,,1.3,,160,7.1,156.5,0,0,0,0,,,,
ZUESTA,2009,2,14,14,-1.3,,,,,,,,956.4,,1.4,,146,6.8,142.9,0,0,0,0,,,,
ZUESTA,2009,2,14,15,-1.3,,,,,,,,956.8,,1.3,,76,2.6,75,0,0,0,0,,,,
ZUESTA,2009,2,14,16,-1.6,,,,,,,,957.1,,0.7,,33,1,32.7,0,0,0,0,,,,
ZUESTA,2009,2,14,17,-1.8,,,,,,,,957.6,,0.7,,1,0,1,0,0,0,0,,,,
ZUESTA,2009,2,14,18,-2.2,,,,,,,,958.2,,1.1,,0,0,0,0,0,0,0,,,,
ZUESTA,2009,2,14,19,-3.3,,,,,,,,958.7,,1.8,,0,0,0,0,0,0,0,,,,
ZUESTA,2009,2,14,20,-4.1,,,,,,,,959.2,,1.5,,0,0,0,0,0,0,0,,,,
ZUESTA,2009,2,14,21,-4.2,,,,,,,,959.8,,0.9,,0,0,0,0,0,0,0,,,,
ZUESTA,2009,2,14,22,-3.6,,,,,,,,960.1,,1.4,,0,0,0,0,0,0,0,,,,
ZUESTA,2009,2,14,23,-3.6,,,,,,,,960.3,,1.6,,0,0,0,0,0,0,0,,,,
ZUESTA,2009,2,15,0,-4.7,,,,,,,,960.3,,1.3,,0,0,0,0,0,0,0,,,,
ZUESTA,2009,2,15,1,-5.6,,,,,,,,960.3,,1.6,,0,0,0,0,0,0,0,,,,
ZUESTA,2009,2,15,2,-6.1,,,,,,,,960.3,,2,,0,0,0,0,0,0,0,,,,
ZUESTA,2009,2,15,3,-6.7,,,,,,,,960.3,,2.1,,0,0,0,0,0,0,0,,,,
ZUESTA,2009,2,15,4,-6.7,,,,,,,,960.4,,2.3,,0,0,0,0,0,0,0,,,,
ZUESTA,2009,2,15,5,-7.3,,,,,,,,960.5,,1.1,,0,0,0,0,0,0,0,,,,
ZUESTA,2009,2,15,6,-7.7,,,,,,,,960.7,,1.9,,1,0,0,0,0,0,0,,,,
ZUESTA,2009,2,15,7,-7.1,,,,,,,,961,,1.6,,62,0,0,0,0,0,0,,,,
ZUESTA,2009,2,15,8,-6.1,,,,,,,,961.4,,1.2,,219,2656.8,36.1,0,0,0,0,,,,
ZUESTA,2009,2,15,9,-4.3,,,,,,,,961.5,,1.1,,372,1412.8,61.4,0,0,0,0,,,,
ZUESTA,2009,2,15,10,-3.5,,,,,,,,961.4,,1.5,,451,1086,74.4,0,0,0,0,,,,
ZUESTA,2009,2,15,11,-2.5,,,,,,,,961,,1.4,,489,929.5,80.5,0,0,0,0,,,,
ZUESTA,2009,2,15,12,-1.6,,,,,,,,960.6,,1.9,,460,656.2,137.5,0,0,0,0,,,,
ZUESTA,2009,2,15,13,-0.7,,,,,,,,960,,1.8,,486,728,122.5,0,0,0,0,,,,
ZUESTA,2009,2,15,14,-0.8,,,,,,,,959.6,,1.8,,336,277,208,0,0,0,0,,,,
ZUESTA,2009,2,15,15,-1.1,,,,,,,,959.4,,2,,188,47.3,169.9,0,0,0,0,,,,
ZUESTA,2009,2,15,16,-1.8,,,,,,,,959.5,,1.5,,43,1.7,42.6,0,0,0,0,,,,
ZUESTA,2009,2,15,17,-2.6,,,,,,,,959.6,,2.1,,0,0,0,0,0,0,0,,,,
ZUESTA,2009,2,15,18,-3.7,,,,,,,,959.8,,1.5,,0,0,0,0,0,0,0,,,,
ZUESTA,2009,2,15,19,-3.7,,,,,,,,959.8,,1.1,,0,0,0,0,0,0,0,,,,
ZUESTA,2009,2,15,20,-3.3,,,,,,,,959.7,,0.6,,0,0,0,0,0,0,0,,,,
ZUESTA,2009,2,15,21,-3.1,,,,,,,,959.7,,0.8,,0,0,0,0,0,0,0,,,,
ZUESTA,2009,2,15,22,-3.2,,,,,,,,959.7,,1.1,,0,0,0,0,0,0,0,,,,
ZUESTA,2009,2,15,23,-3.3,,,,,,,,959.4,,1.3,,0,0,0,0,0,0,0,,,,
ZUESTA,2009,2,16,0,-3.4,,,,,,,,958.9,,1,,0,0,0,0,0,0,0,,,,
ZUESTA,2009,2,16,1,-3.5,,,,,,,,958.4,,0.9,,0,0,0,0,0,0,0,,,,
ZUESTA,2009,2,16,2,-3.8,,,,,,,,958.3,,1,,0,0,0,0,0,0,0,,,,
ZUESTA,2009,2,16,3,-3.9,,,,,,,,958,,1.3,,0,0,0,0,0,0,0,,,,
ZUESTA,2009,2,16,4,-3.8,,,,,,,,958,,1.1,,0,0,0,0,0,0,0,,,,
ZUESTA,2009,2,16,5,-3.8,,,,,,,,957.9,,1.3,,0,0,0,0,0,0,0,,,,
ZUESTA,2009,2,16,6,-3.7,,,,,,,,957.8,,1.6,,1,0,0,0,0,0,0,,,,
ZUESTA,2009,2,16,7,-3.3,,,,,,,,957.7,,1.5,,46,0,0,0,0,0,0,,,,
ZUESTA,2009,2,16,8,-2.5,,,,,,,,957.7,,2,,155,1761.8,25.6,0,0,0,0,,,,
ZUESTA,2009,2,16,9,-1.7,,,,,,,,957.5,,1.9,,259,962,42.7,0,0,0,0,,,,
ZUESTA,2009,2,16,10,-0.7,,,,,,,,957.4,,2.4,,305,521.6,121.5,0,0,0,0,,,,
ZUESTA,2009,2,16,11,0,,,,,,,,957.3,,2.3,,288,172.2,211.4,0,0,0,0,,,,
ZUESTA,2009,2,16,12,-0.4,,,,,,,,957.2,,2.7,,180,10.7,174.7,0,0,0,0,,,,
ZUESTA,2009,2,16,13,-1,,,,,,,,957.1,,2.2,,119,3.6,117.2,0,0,0,0,,,,
ZUESTA,2009,2,16,14,-1.1,,,,,,,,957,,1.9,,106,3.3,104.5,0,0,0,0,,,,
ZUESTA,2009,2,16,15,-0.9,,,,,,,,957.1,,2.2,,71,2.2,70.2,0,0,0,0,,,,
ZUESTA,2009,2,16,16,-0.8,,,,,,,,957.2,,2.3,,19,0.3,18.9,0,0,0,0,,,,
ZUESTA,2009,2,16,17,-0.7,,,,,,,,957.6,,2.3,,1,0,1,0,0,0,0,,,,
ZUESTA,2009,2,16,18,-0.6,,,,,,,,958,,1.7,,0,0,0,0,0,0,0,,,,
ZUESTA,2009,2,16,19,-0.7,,,,,,,,957.7,,1.8,,0,0,0,0,0,0,0,,,,
ZUESTA,2009,2,16,20,-0.8,,,,,,,,957.3,,1.6,,0,0,0,0,0,0,0,,,,
ZUESTA,2009,2,16,21,-1,,,,,,,,957.1,,1.3,,0,0,0,0,0,0,0,,,,
ZUESTA,2009,2,16,22,-0.8,,,,,,,,956.9,,2.1,,0,0,0,0,0,0,0,,,,
ZUESTA,2009,2,16,23,-0.7,,,,,,,,956.7,,2.2,,0,0,0,0,0,0,0,,,,
ZUESTA,2009,2,17,0,-0.6,,,,,,,,956.6,,1.9,,0,0,0,0,0,0,0,,,,
ZUESTA,2009,2,17,1,-0.2,,,,,,,,956.2,,2.7,,0,0,0,0,0,0,0,,,,
ZUESTA,2009,2,17,2,-0.4,,,,,,,,955.7,,3.5,,0,0,0,0,0,0,0,,,,
ZUESTA,2009,2,17,3,-0.5,,,,,,,,955,,3.3,,0,0,0,0,0,0,0,,,,
ZUESTA,2009,2,17,4,-0.1,,,,,,,,954.6,,3.7,,0,0,0,0,0,0,0,,,,
ZUESTA,2009,2,17,5,0.1,,,,,,,,954,,4.1,,0,0,0,0,0,0,0,,,,
ZUESTA,2009,2,17,6,0.3,,,,,,,,953.6,,5,,0,0,0,0,0,0,0,,,,
ZUESTA,2009,2,17,7,0.3,,,,,,,,953.4,,5.1,,2,0,0,0,0,0,0,,,,
ZUESTA,2009,2,17,8,0.6,,,,,,,,953.3,,6,,11,1.3,10.9,0,0,0,0,,,,
ZUESTA,2009,2,17,9,0.7,,,,,,,,953.1,,6,,25,0.8,24.8,0,0,0,0,,,,
ZUESTA,2009,2,17,10,0.7,,,,,,,,952.8,,5.1,,31,0.5,30.8,0,0,0,0,,,,
ZUESTA,2009,2,17,11,0.8,,,,,,,,952.8,,5.1,,36,0.4,35.8,0,0,0,0,,,,
ZUESTA,2009,2,17,12,0.7,,,,,,,,952.4,,4.9,,32,0.3,31.9,0,0,0,0,,,,
ZUESTA,2009,2,17,13,1.1,,,,,,,,951.8,,4.6,,23,0.1,22.9,0,0,0,0,,,,
ZUESTA,2009,2,17,14,1.2,,,,,,,,951.8,,5.1,,19,0.1,19,0,0,0,0,,,,
ZUESTA,2009,2,17,15,1.2,,,,,,,,951.6,,5.3,,8,0,8,0,0,0,0,,,,
ZUESTA,2009,2,17,16,1,,,,,,,,952,,4.1,,2,0,2,0,0,0,0,,,,
ZUESTA,2009,2,17,17,0.9,,,,,,,,952.1,,3,,0,0,0,0,0,0,0,,,,
ZUESTA,2009,2,17,18,0.9,,,,,,,,952.2,,2.7,,0,0,0,0,0,0,0,,,,
ZUESTA,2009,2,17,19,0.7,,,,,,,,952.2,,1.6,,0,0,0,0,0,0,0,,,,
ZUESTA,2009,2,17,20,0.8,,,,,,,,952.7,,1.6,,0,0,0,0,0,0,0,,,,
ZUESTA,2009,2,17,21,0.6,,,,,,,,953.3,,2,,0,0,0,0,0,0,0,,,,
ZUESTA,2009,2,17,22,-1,,,,,,,,954.4,,4.8,,0,0,0,0,0,0,0,,,,
ZUESTA,2009,2,17,23,-2.1,,,,,,,,955.1,,4,,0,0,0,0,0,0,0,,,,
ZUESTA,2009,2,18,0,-3,,,,,,,,955.7,,2.9,,0,0,0,0,0,0,0,,,,
ZUESTA,2009,2,18,1,-4.1,,,,,,,,956.3,,3.4,,0,0,0,0,0,0,0,,,,
ZUESTA,2009,2,18,2,-5.2,,,,,,,,956.5,,3.5,,0,0,0,0,0,0,0,,,,
ZUESTA,2009,2,18,3,-6.4,,,,,,,,956.5,,4.9,,0,0,0,0,0,0,0,,,,
ZUESTA,2009,2,18,4,-7,,,,,,,,956.5,,4.4,,0,0,0,0,0,0,0,,,,
ZUESTA,2009,2,18,5,-7.6,,,,,,,,956.6,,3.7,,0,0,0,0,0,0,0,,,,
ZUESTA,2009,2,18,6,-7.7,,,,,,,,956.7,,4.6,,3,0,0,0,0,0,0,,,,
ZUESTA,2009,2,18,7,-7.6,,,,,,,,957,,4,,65,0,0,0,0,0,0,,,,
ZUESTA,2009,2,18,8,-7,,,,,,,,956.9,,4,,186,1871.8,30.7,0,0,0,0,,,,
ZUESTA,2009,2,18,9,-6.4,,,,,,,,957.1,,4,,255,903.7,42.7,0,0,0,0,,,,
ZUESTA,2009,2,18,10,-5.4,,,,,,,,957.2,,4.8,,383,868.3,68.4,0,0,0,0,,,,
ZUESTA,2009,2,18,11,-4.5,,,,,,,,957,,4,,578,1060.2,95.4,0,0,0,0,,,,
ZUESTA,2009,2,18,12,-3.4,,,,,,,,956.6,,2.4,,596,981,98.3,0,0,0,0,,,,
ZUESTA,2009,2,18,13,-2.9,,,,,,,,956.3,,2.9,,500,724.9,126.8,0,0,0,0,,,,
ZUESTA,2009,2,18,14,-2.6,,,,,,,,956.3,,2.4,,398,459.2,178.7,0,0,0,0,,,,
ZUESTA,2009,2,18,15,-2.7,,,,,,,,956.3,,2.4,,250,151.7,189.7,0,0,0,0,,,,
ZUESTA,2009,2,18,16,-3.4,,,,,,,,956.2,,2.1,,82,5.5,80.5,0,0,0,0,,,,
ZUESTA,2009,2,18,17,-4.7,,,,,,,,956.5,,0.8,,1,0,1,0,0,0,0,,,,
ZUESTA,2009,2,18,18,-6.2,,,,,,,,956.8,,0.5,,0,0,0,0,0,0,0,,,,
ZUESTA,2009,2,18,19,-7.1,,,,,,,,956.8,,0.7,,0,0,0,0,0,0,0,,,,
ZUESTA,2009,2,18,20,-7.2,,,,,,,,956.9,,2.1,,0,0,0,0,0,0,0,,,,
ZUESTA,2009,2,18,21,-6.9,,,,,,,,956.8,,2.9,,0,0,0,0,0,0,0,,,,
ZUESTA,2009,2,18,22,-7.3,,,,,,,,956.7,,3.6,,0,0,0,0,0,0,0,,,,
ZUESTA,2009,2,18,23,-7.5,,,,,,,,956.7,,3.5,,0,0,0,0,0,0,0,,,,
ZUESTA,2009,2,19,0,-8.1,,,,,,,,956.8,,3.1,,0,0,0,0,0,0,0,,,,
ZUESTA,2009,2,19,1,-8.6,,,,,,,,956.9,,2.5,,0,0,0,0,0,0,0,,,,
ZUESTA,2009,2,19,2,-8.9,,,,,,,,956.7,,3.4,,0,0,0,0,0,0,0,,,,
ZUESTA,2009,2,19,3,-9.2,,,,,,,,956.8,,3.5,,0,0,0,0,0,0,0,,,,
ZUESTA,2009,2,19,4,-9.6,,,,,,,,957.3,,1.9,,0,0,0,0,0,0,0,,,,
ZUESTA,2009,2,19,5,-10,,,,,,,,957.5,,1.3,,0,0,0,0,0,0,0,,,,
ZUESTA,2009,2,19,6,-9.8,,,,,,,,957.9,,1.2,,2,0,0,0,0,0,0,,,,
ZUESTA,2009,2,19,7,-9.7,,,,,,,,958.3,,1.6,,69,0,0,0,0,0,0,,,,
ZUESTA,2009,2,19,8,-8.5,,,,,,,,958.9,,1.6,,235,2233.7,38.8,0,0,0,0,,,,
ZUESTA,2009,2,19,9,-7,,,,,,,,959.2,,2,,368,1280.1,60.7,0,0,0,0,,,,
ZUESTA,2009,2,19,10,-5.2,,,,,,,,959.2,,1,,462,1049.6,76.2,0,0,0,0,,,,
ZUESTA,2009,2,19,11,-3.7,,,,,,,,959.2,,1.4,,494,888.7,84.7,0,0,0,0,,,,
ZUESTA,2009,2,19,12,-2.8,,,,,,,,959.5,,1.9,,544,873.9,96,0,0,0,0,,,,
ZUESTA,2009,2,19,13,-2.6,,,,,,,,959.5,,1.4,,367,247,238.5,0,0,0,0,,,,
ZUESTA,2009,2,19,14,-1.9,,,,,,,,959.7,,1.4,,360,307.4,211.6,0,0,0,0,,,,
ZUESTA,2009,2,19,15,-1.6,,,,,,,,959.8,,1.1,,218,76.6,187.2,0,0,0,0,,,,
ZUESTA,2009,2,19,16,-2.1,,,,,,,,960,,1.1,,53,2.2,52.4,0,0,0,0,,,,
ZUESTA,2009,2,19,17,-3,,,,,,,,960.5,,0.9,,3,0,3,0,0,0,0,,,,
ZUESTA,2009,2,19,18,-4,,,,,,,,960.9,,0.7,,0,0,0,0,0,0,0,,,,
ZUESTA,2009,2,19,19,-4.7,,,,,,,,961.2,,0.6,,0,0,0,0,0,0,0,,,,
ZUESTA,2009,2,19,20,-4.7,,,,,,,,961.3,,0.7,,0,0,0,0,0,0,0,,,,
ZUESTA,2009,2,19,21,-5.4,,,,,,,,961.6,,0.5,,0,0,0,0,0,0,0,,,,
ZUESTA,2009,2,19,22,-5.1,,,,,,,,961.7,,1,,0,0,0,0,0,0,0,,,,
ZUESTA,2009,2,19,23,-5.1,,,,,,,,961.9,,0.9,,0,0,0,0,0,0,0,,,,
ZUESTA,2009,2,20,0,-5.4,,,,,,,,962.3,,0.5,,0,0,0,0,0,0,0,,,,
ZUESTA,2009,2,20,1,-5.5,,,,,,,,962.5,,0.9,,0,0,0,0,0,0,0,,,,
ZUESTA,2009,2,20,2,-5.2,,,,,,,,962.2,,0.9,,0,0,0,0,0,0,0,,,,
ZUESTA,2009,2,20,3,-5.2,,,,,,,,961.9,,0.8,,0,0,0,0,0,0,0,,,,
ZUESTA,2009,2,20,4,-4.9,,,,,,,,961.9,,1,,0,0,0,0,0,0,0,,,,
ZUESTA,2009,2,20,5,-4.6,,,,,,,,962,,1.1,,0,0,0,0,0,0,0,,,,
ZUESTA,2009,2,20,6,-4.1,,,,,,,,962.2,,1.3,,1,0,0,0,0,0,0,,,,
ZUESTA,2009,2,20,7,-3.5,,,,,,,,962.7,,1.1,,27,0,0,0,0,0,0,,,,
ZUESTA,2009,2,20,8,-2.8,,,,,,,,962.8,,1.7,,63,211.4,43.4,0,0,0,0,,,,
ZUESTA,2009,2,20,9,-2.2,,,,,,,,962.9,,1.9,,95,14.6,91.4,0,0,0,0,,,,
ZUESTA,2009,2,20,10,-1.7,,,,,,,,963.4,,1.4,,130,9.2,126.6,0,0,0,0,,,,
ZUESTA,2009,2,20,11,-1.3,,,,,,,,963,,2.5,,167,10.3,162.2,0,0,0,0,,,,
ZUESTA,2009,2,20,12,-0.7,,,,,,,,962.9,,1.2,,129,4,126.9,0,0,0,0,,,,
ZUESTA,2009,2,20,13,-0.3,,,,,,,,962.5,,1.6,,160,6,156.9,0,0,0,0,,,,
ZUESTA,2009,2,20,14,0.2,,,,,,,,962.6,,1.4,,135,4.9,132.6,0,0,0,0,,,,
ZUESTA,2009,2,20,15,0.4,,,,,,,,962.6,,1.4,,104,4.2,102.3,0,0,0,0,,,,
ZUESTA,2009,2,20,16,0.2,,,,,,,,962.5,,1.8,,23,0.4,22.9,0,0,0,0,,,,
ZUESTA,2009,2,20,17,0,,,,,,,,962.6,,0.9,,1,0,1,0,0,0,0,,,,
ZUESTA,2009,2,20,18,0,,,,,,,,962.9,,1.3,,0,0,0,0,0,0,0,,,,
ZUESTA,2009,2,20,19,-0.2,,,,,,,,963,,1.1,,0,0,0,0,0,0,0,,,,
ZUESTA,2009,2,20,20,-0.3,,,,,,,,963,,1,,0,0,0,0,0,0,0,,,,
ZUESTA,2009,2,20,21,-0.2,,,,,,,,963,,0.5,,0,0,0,0,0,0,0,,,,
ZUESTA,2009,2,20,22,-0.1,,,,,,,,962.9,,0.7,,0,0,0,0,0,0,0,,,,
ZUESTA,2009,2,20,23,-0.1,,,,,,,,962.8,,0.6,,0,0,0,0,0,0,0,,,,
ZUESTA,2009,2,21,0,-0.1,,,,,,,,962.6,,0.5,,0,0,0,0,0,0,0,,,,
ZUESTA,2009,2,21,1,0,,,,,,,,962.5,,0.7,,0,0,0,0,0,0,0,,,,
ZUESTA,2009,2,21,2,0.1,,,,,,,,962.2,,0.6,,0,0,0,0,0,0,0,,,,
ZUESTA,2009,2,21,3,0.2,,,,,,,,962.1,,0.5,,0,0,0,0,0,0,0,,,,
ZUESTA,2009,2,21,4,0.3,,,,,,,,962.2,,0.6,,0,0,0,0,0,0,0,,,,
ZUESTA,2009,2,21,5,0.3,,,,,,,,962.4,,0.4,,0,0,0,0,0,0,0,,,,
ZUESTA,2009,2,21,6,0.2,,,,,,,,962.5,,0.1,,1,0,0,0,0,0,0,,,,
ZUESTA,2009,2,21,7,0.4,,,,,,,,962.9,,0,,14,0,0,0,0,0,0,,,,
ZUESTA,2009,2,21,8,0.7,,,,,,,,963.1,,0,,57,108.5,46.4,0,0,0,0,,,,
ZUESTA,2009,2,21,9,1,,,,,,,,963.3,,0.7,,76,5.9,74.5,0,0,0,0,,,,
ZUESTA,2009,2,21,10,1.5,,,,,,,,963.3,,0.5,,185,46.8,167.3,0,0,0,0,,,,
ZUESTA,2009,2,21,11,2.3,,,,,,,,963,,1.2,,292,143,224.6,0,0,0,0,,,,
ZUESTA,2009,2,21,12,3.1,,,,,,,,962.9,,1.3,,351,201.1,245.7,0,0,0,0,,,,
ZUESTA,2009,2,21,13,3.5,,,,,,,,962.9,,1.6,,260,47.2,235,0,0,0,0,,,,
ZUESTA,2009,2,21,14,4.2,,,,,,,,962.9,,2,,378,342,209.4,0,0,0,0,,,,
ZUESTA,2009,2,21,15,4.1,,,,,,,,962.9,,1,,232,91.8,194.1,0,0,0,0,,,,
ZUESTA,2009,2,21,16,3.7,,,,,,,,963,,0.4,,59,2.6,58.2,0,0,0,0,,,,
ZUESTA,2009,2,21,17,2.7,,,,,,,,963.4,,0.8,,3,0,3,0,0,0,0,,,,
ZUESTA,2009,2,21,18,2,,,,,,,,963.5,,0.4,,0,0,0,0,0,0,0,,,,
ZUESTA,2009,2,21,19,1.8,,,,,,,,963.5,,0.4,,0,0,0,0,0,0,0,,,,
ZUESTA,2009,2,21,20,2,,,,,,,,964,,0.8,,0,0,0,0,0,0,0,,,,
ZUESTA,2009,2,21,21,1.7,,,,,,,,963.3,,0.8,,0,0,0,0,0,0,0,,,,
ZUESTA,2009,2,21,22,1.3,,,,,,,,963,,0.3,,0,0,0,0,0,0,0,,,,
ZUESTA,2009,2,21,23,1.1,,,,,,,,962.5,,0.4,,0,0,0,0,0,0,0,,,,
ZUESTA,2009,2,22,0,1.1,,,,,,,,962.5,,0.5,,0,0,0,0,0,0,0,,,,
ZUESTA,2009,2,22,1,1.1,,,,,,,,962.2,,0.5,,0,0,0,0,0,0,0,,,,
ZUESTA,2009,2,22,2,1,,,,,,,,961.9,,0.6,,0,0,0,0,0,0,0,,,,
ZUESTA,2009,2,22,3,0.5,,,,,,,,962,,1,,0,0,0,0,0,0,0,,,,
ZUESTA,2009,2,22,4,0.2,,,,,,,,961.8,,1,,0,0,0,0,0,0,0,,,,
ZUESTA,2009,2,22,5,0.2,,,,,,,,961.5,,0.6,,0,0,0,0,0,0,0,,,,
ZUESTA,2009,2,22,6,0,,,,,,,,961,,0.6,,0,0,0,0,0,0,0,,,,
ZUESTA,2009,2,22,7,0.1,,,,,,,,961,,0.6,,6,0,0,0,0,0,0,,,,
ZUESTA,2009,2,22,8,0.2,,,,,,,,960.9,,0.9,,33,6.9,32.3,0,0,0,0,,,,
ZUESTA,2009,2,22,9,0.3,,,,,,,,960.6,,1.5,,66,4.3,64.9,0,0,0,0,,,,
ZUESTA,2009,2,22,10,0.6,,,,,,,,960.3,,2.2,,100,4.4,98.3,0,0,0,0,,,,
ZUESTA,2009,2,22,11,1.2,,,,,,,,959.9,,3,,104,3.1,102.5,0,0,0,0,,,,
ZUESTA,2009,2,22,12,1.6,,,,,,,,959.2,,3.4,,108,2.7,106.6,0,0,0,0,,,,
ZUESTA,2009,2,22,13,1.7,,,,,,,,958.9,,2.7,,69,1.1,68.4,0,0,0,0,,,,
ZUESTA,2009,2,22,14,1.9,,,,,,,,958.6,,3,,39,0.4,38.8,0,0,0,0,,,,
ZUESTA,2009,2,22,15,1.8,,,,,,,,958.2,,3.3,,23,0.2,22.9,0,0,0,0,,,,
ZUESTA,2009,2,22,16,1.7,,,,,,,,957.9,,2.4,,9,0.1,9,0,0,0,0,,,,
ZUESTA,2009,2,22,17,1.8,,,,,,,,957.6,,2.4,,0,0,0,0,0,0,0,,,,
ZUESTA,2009,2,22,18,1.7,,,,,,,,957.7,,2.7,,0,0,0,0,0,0,0,,,,
ZUESTA,2009,2,22,19,1.5,,,,,,,,957.5,,2.8,,0,0,0,0,0,0,0,,,,
ZUESTA,2009,2,22,20,1.6,,,,,,,,957.3,,2.3,,0,0,0,0,0,0,0,,,,
ZUESTA,2009,2,22,21,1.7,,,,,,,,957.1,,2.2,,0,0,0,0,0,0,0,,,,
ZUESTA,2009,2,22,22,1.8,,,,,,,,956.8,,2.2,,0,0,0,0,0,0,0,,,,
ZUESTA,2009,2,22,23,1.8,,,,,,,,956.1,,2.4,,0,0,0,0,0,0,0,,,,
ZUESTA,2009,2,23,0,1.8,,,,,,,,955.9,,2.7,,0,0,0,0,0,0,0,,,,
ZUESTA,2009,2,23,1,1.8,,,,,,,,955.4,,3.3,,0,0,0,0,0,0,0,,,,
ZUESTA,2009,2,23,2,1.8,,,,,,,,955,,3.4,,0,0,0,0,0,0,0,,,,
ZUESTA,2009,2,23,3,1.4,,,,,,,,954.6,,3.5,,0,0,0,0,0,0,0,,,,
ZUESTA,2009,2,23,4,1.4,,,,,,,,954.5,,2.7,,0,0,0,0,0,0,0,,,,
ZUESTA,2009,2,23,5,1.5,,,,,,,,954.1,,2.6,,0,0,0,0,0,0,0,,,,
ZUESTA,2009,2,23,6,1.6,,,,,,,,954,,2.3,,0,0,0,0,0,0,0,,,,
ZUESTA,2009,2,23,7,1.8,,,,,,,,953.8,,2.2,,6,0,0,0,0,0,0,,,,
ZUESTA,2009,2,23,8,2.2,,,,,,,,953.9,,2.8,,45,20.9,42.7,0,0,0,0,,,,
ZUESTA,2009,2,23,9,2.2,,,,,,,,953.8,,2.7,,49,2.3,48.4,0,0,0,0,,,,
ZUESTA,2009,2,23,10,2.4,,,,,,,,954,,2.5,,84,3,82.8,0,0,0,0,,,,
ZUESTA,2009,2,23,11,2.6,,,,,,,,954.1,,1.9,,152,6.6,148.8,0,0,0,0,,,,
ZUESTA,2009,2,23,12,3.2,,,,,,,,953.9,,2.6,,222,20.7,210.9,0,0,0,0,,,,
ZUESTA,2009,2,23,13,3,,,,,,,,953.8,,3.1,,131,3.8,129,0,0,0,0,,,,
ZUESTA,2009,2,23,14,2.7,,,,,,,,953.5,,2.9,,100,2.5,98.7,0,0,0,0,,,,
ZUESTA,2009,2,23,15,2.5,,,,,,,,953.3,,3,,78,2.2,77.1,0,0,0,0,,,,
ZUESTA,2009,2,23,16,2.6,,,,,,,,952.9,,2.9,,37,0.9,36.7,0,0,0,0,,,,
ZUESTA,2009,2,23,17,2.3,,,,,,,,953,,3.1,,1,0,1,0,0,0,0,,,,
ZUESTA,2009,2,23,18,2.1,,,,,,,,953.1,,3,,0,0,0,0,0,0,0,,,,
ZUESTA,2009,2,23,19,1.7,,,,,,,,953.1,,3.2,,0,0,0,0,0,0,0,,,,
ZUESTA,2009,2,23,20,1.5,,,,,,,,953.1,,2.9,,0,0,0,0,0,0,0,,,,
ZUESTA,2009,2,23,21,1.5,,,,,,,,953.3,,1.8,,0,0,0,0,0,0,0,,,,
ZUESTA,2009,2,23,22,1.4,,,,,,,,953.2,,1.3,,0,0,0,0,0,0,0,,,,
ZUESTA,2009,2,23,23,1.5,,,,,,,,953.1,,1,,0,0,0,0,0,0,0,,,,
ZUESTA,2009,2,24,0,1,,,,,,,,953.1,,1.3,,0,0,0,0,0,0,0,,,,
ZUESTA,2009,2,24,1,0.6,,,,,,,,953,,0.7,,0,0,0,0,0,0,0,,,,
ZUESTA,2009,2,24,2,0.8,,,,,,,,953.1,,0.8,,0,0,0,0,0,0,0,,,,
ZUESTA,2009,2,24,3,0.9,,,,,,,,953.3,,0.7,,0,0,0,0,0,0,0,,,,
ZUESTA,2009,2,24,4,0.9,,,,,,,,953.5,,0.5,,0,0,0,0,0,0,0,,,,
ZUESTA,2009,2,24,5,1.1,,,,,,,,954,,1,,0,0,0,0,0,0,0,,,,
ZUESTA,2009,2,24,6,1.1,,,,,,,,954.4,,0.8,,1,0,0,0,0,0,0,,,,
ZUESTA,2009,2,24,7,1.5,,,,,,,,955,,1.1,,19,0,0,0,0,0,0,,,,
ZUESTA,2009,2,24,8,1.7,,,,,,,,955.5,,0.8,,70,142,53.9,0,0,0,0,,,,
ZUESTA,2009,2,24,9,2,,,,,,,,955.9,,0.7,,149,89.9,125,0,0,0,0,,,,
ZUESTA,2009,2,24,10,2.4,,,,,,,,956.4,,0.5,,178,31.4,165.6,0,0,0,0,,,,
ZUESTA,2009,2,24,11,2.9,,,,,,,,956.7,,0.8,,169,9,164.6,0,0,0,0,,,,
ZUESTA,2009,2,24,12,3.1,,,,,,,,956.7,,0.4,,152,5.1,149.2,0,0,0,0,,,,
ZUESTA,2009,2,24,13,2.9,,,,,,,,956.8,,0.9,,95,1.9,93.9,0,0,0,0,,,,
ZUESTA,2009,2,24,14,2.8,,,,,,,,957.1,,1.2,,69,1.2,68.4,0,0,0,0,,,,
ZUESTA,2009,2,24,15,2.7,,,,,,,,957.4,,1,,65,1.5,64.4,0,0,0,0,,,,
ZUESTA,2009,2,24,16,2.5,,,,,,,,957.7,,0.8,,18,0.2,17.9,0,0,0,0,,,,
ZUESTA,2009,2,24,17,2.1,,,,,,,,958.3,,1.1,,1,0,1,0,0,0,0,,,,
ZUESTA,2009,2,24,18,1.6,,,,,,,,958.8,,0.9,,0,0,0,0,0,0,0,,,,
ZUESTA,2009,2,24,19,1.3,,,,,,,,959,,0.5,,0,0,0,0,0,0,0,,,,
ZUESTA,2009,2,24,20,1.2,,,,,,,,959.3,,0.5,,0,0,0,0,0,0,0,,,,
ZUESTA,2009,2,24,21,0.9,,,,,,,,959.5,,0.9,,0,0,0,0,0,0,0,,,,
ZUESTA,2009,2,24,22,0.2,,,,,,,,959.7,,1.5,,0,0,0,0,0,0,0,,,,
ZUESTA,2009,2,24,23,-0.4,,,,,,,,959.9,,2.7,,0,0,0,0,0,0,0,,,,
ZUESTA,2009,2,25,0,-0.2,,,,,,,,960.1,,2.5,,0,0,0,0,0,0,0,,,,
ZUESTA,2009,2,25,1,-0.5,,,,,,,,960.3,,2.7,,0,0,0,0,0,0,0,,,,
ZUESTA,2009,2,25,2,-1.1,,,,,,,,960.2,,1.2,,0,0,0,0,0,0,0,,,,
ZUESTA,2009,2,25,3,-1.5,,,,,,,,960.2,,1.4,,0,0,0,0,0,0,0,,,,
ZUESTA,2009,2,25,4,-1.4,,,,,,,,960.3,,2.3,,0,0,0,0,0,0,0,,,,
ZUESTA,2009,2,25,5,-1.5,,,,,,,,960.6,,2.3,,0,0,0,0,0,0,0,,,,
ZUESTA,2009,2,25,6,-1.4,,,,,,,,961,,3.4,,4,0,0,0,0,0,0,,,,
ZUESTA,2009,2,25,7,-1.1,,,,,,,,961.5,,3.4,,55,0,0,0,0,0,0,,,,
ZUESTA,2009,2,25,8,-0.2,,,,,,,,961.8,,2.6,,277,1950.9,45.7,0,0,0,0,,,,
ZUESTA,2009,2,25,9,1,,,,,,,,962.3,,1.7,,434,1332.1,71.6,0,0,0,0,,,,
ZUESTA,2009,2,25,10,1.7,,,,,,,,962.5,,1.7,,466,972.5,76.9,0,0,0,0,,,,
ZUESTA,2009,2,25,11,2.7,,,,,,,,962.7,,1.1,,565,956.4,93.2,0,0,0,0,,,,
ZUESTA,2009,2,25,12,3.6,,,,,,,,962.4,,1.5,,565,840.1,107,0,0,0,0,,,,
ZUESTA,2009,2,25,13,4,,,,,,,,962.1,,1.4,,519,669.2,149.5,0,0,0,0,,,,
ZUESTA,2009,2,25,14,4.5,,,,,,,,961.9,,1.1,,410,397.7,205.7,0,0,0,0,,,,
ZUESTA,2009,2,25,15,4.5,,,,,,,,961.8,,2.2,,273,155.8,205.6,0,0,0,0,,,,
ZUESTA,2009,2,25,16,4,,,,,,,,961.9,,1.9,,107,8.4,104.4,0,0,0,0,,,,
ZUESTA,2009,2,25,17,2.9,,,,,,,,962.2,,2,,5,0.1,5,0,0,0,0,,,,
ZUESTA,2009,2,25,18,2.1,,,,,,,,962.3,,1.5,,0,0,0,0,0,0,0,,,,
ZUESTA,2009,2,25,19,1.6,,,,,,,,962.3,,1.4,,0,0,0,0,0,0,0,,,,
ZUESTA,2009,2,25,20,0.9,,,,,,,,962.3,,1.2,,0,0,0,0,0,0,0,,,,
ZUESTA,2009,2,25,21,0.6,,,,,,,,962.2,,1.3,,0,0,0,0,0,0,0,,,,
ZUESTA,2009,2,25,22,0.4,,,,,,,,962.1,,0.5,,0,0,0,0,0,0,0,,,,
ZUESTA,2009,2,25,23,0.1,,,,,,,,962,,0.6,,0,0,0,0,0,0,0,,,,
ZUESTA,2009,2,26,0,-0.1,,,,,,,,961.9,,1,,0,0,0,0,0,0,0,,,,
ZUESTA,2009,2,26,1,-0.6,,,,,,,,961.3,,1,,0,0,0,0,0,0,0,,,,
ZUESTA,2009,2,26,2,-0.5,,,,,,,,960.7,,1.2,,0,0,0,0,0,0,0,,,,
ZUESTA,2009,2,26,3,-0.5,,,,,,,,960.5,,1.2,,0,0,0,0,0,0,0,,,,
ZUESTA,2009,2,26,4,-0.5,,,,,,,,960.4,,1,,0,0,0,0,0,0,0,,,,
ZUESTA,2009,2,26,5,-0.3,,,,,,,,960.1,,0.8,,0,0,0,0,0,0,0,,,,
ZUESTA,2009,2,26,6,0.5,,,,,,,,959.8,,2.1,,4,0,0,0,0,0,0,,,,
ZUESTA,2009,2,26,7,1.3,,,,,,,,959.4,,1.4,,44,0,0,0,0,0,0,,,,
ZUESTA,2009,2,26,8,1.8,,,,,,,,959.3,,1.6,,157,1058.1,25.9,0,0,0,0,,,,
ZUESTA,2009,2,26,9,3.2,,,,,,,,959.1,,2.4,,194,240.3,127.3,0,0,0,0,,,,
ZUESTA,2009,2,26,10,4,,,,,,,,959,,2.1,,325,404,161.1,0,0,0,0,,,,
ZUESTA,2009,2,26,11,5.1,,,,,,,,958.8,,2.9,,327,184.1,235.2,0,0,0,0,,,,
ZUESTA,2009,2,26,12,5.5,,,,,,,,958.4,,3.2,,325,116,261.1,0,0,0,0,,,,
ZUESTA,2009,2,26,13,5.4,,,,,,,,958,,2.7,,178,6.8,174.2,0,0,0,0,,,,
ZUESTA,2009,2,26,14,5.3,,,,,,,,957.5,,3.2,,116,3.2,114.3,0,0,0,0,,,,
ZUESTA,2009,2,26,15,5.2,,,,,,,,957.3,,2.4,,52,0.9,51.6,0,0,0,0,,,,
ZUESTA,2009,2,26,16,5,,,,,,,,957,,1.5,,15,0.1,15,0,0,0,0,,,,
ZUESTA,2009,2,26,17,4.3,,,,,,,,957,,0.8,,1,0,1,0,0,0,0,,,,
ZUESTA,2009,2,26,18,3.8,,,,,,,,956.8,,0.5,,0,0,0,0,0,0,0,,,,
ZUESTA,2009,2,26,19,3.6,,,,,,,,956.8,,0.7,,0,0,0,0,0,0,0,,,,
ZUESTA,2009,2,26,20,3.6,,,,,,,,956.3,,0.8,,0,0,0,0,0,0,0,,,,
ZUESTA,2009,2,26,21,3.5,,,,,,,,956.1,,0.8,,0,0,0,0,0,0,0,,,,
ZUESTA,2009,2,26,22,3.7,,,,,,,,956.1,,1.1,,0,0,0,0,0,0,0,,,,
ZUESTA,2009,2,26,23,3.8,,,,,,,,955.9,,1.8,,0,0,0,0,0,0,0,,,,
ZUESTA,2009,2,27,0,3.8,,,,,,,,956,,2.3,,0,0,0,0,0,0,0,,,,
ZUESTA,2009,2,27,1,3.8,,,,,,,,955.6,,2.3,,0,0,0,0,0,0,0,,,,
ZUESTA,2009,2,27,2,3.8,,,,,,,,955.4,,1.9,,0,0,0,0,0,0,0,,,,
ZUESTA,2009,2,27,3,3.7,,,,,,,,955.4,,1.7,,0,0,0,0,0,0,0,,,,
ZUESTA,2009,2,27,4,3.8,,,,,,,,955.7,,1.9,,0,0,0,0,0,0,0,,,,
ZUESTA,2009,2,27,5,3.7,,,,,,,,955.9,,2.4,,0,0,0,0,0,0,0,,,,
ZUESTA,2009,2,27,6,3.6,,,,,,,,956.1,,2.9,,0,0,0,0,0,0,0,,,,
ZUESTA,2009,2,27,7,4.1,,,,,,,,956.7,,2.6,,11,0,0,0,0,0,0,,,,
ZUESTA,2009,2,27,8,4.3,,,,,,,,956.8,,2.5,,39,5.9,38.2,0,0,0,0,,,,
ZUESTA,2009,2,27,9,4.8,,,,,,,,956.8,,2.6,,117,20.3,111.3,0,0,0,0,,,,
ZUESTA,2009,2,27,10,5.1,,,,,,,,956.9,,2,,193,38.5,177.2,0,0,0,0,,,,
ZUESTA,2009,2,27,11,5.6,,,,,,,,956.6,,1.8,,404,404,200.2,0,0,0,0,,,,
ZUESTA,2009,2,27,12,6.4,,,,,,,,955.9,,1.9,,477,509.8,193.5,0,0,0,0,,,,
ZUESTA,2009,2,27,13,6.9,,,,,,,,955.5,,2.5,,404,267.4,253.4,0,0,0,0,,,,
ZUESTA,2009,2,27,14,7.3,,,,,,,,955.5,,2.3,,393,316.7,227,0,0,0,0,,,,
ZUESTA,2009,2,27,15,7.4,,,,,,,,955.3,,2.2,,243,82.9,206.3,0,0,0,0,,,,
ZUESTA,2009,2,27,16,6.9,,,,,,,,955.2,,1.9,,105,7.1,102.7,0,0,0,0,,,,
ZUESTA,2009,2,27,17,5.9,,,,,,,,955.7,,0.7,,10,0.2,10,0,0,0,0,,,,
ZUESTA,2009,2,27,18,4.3,,,,,,,,956.1,,0.5,,0,0,0,0,0,0,0,,,,
ZUESTA,2009,2,27,19,3.8,,,,,,,,955.9,,0.6,,0,0,0,0,0,0,0,,,,
ZUESTA,2009,2,27,20,3.7,,,,,,,,955.7,,0.3,,0,0,0,0,0,0,0,,,,
ZUESTA,2009,2,27,21,2.5,,,,,,,,955.5,,0.4,,0,0,0,0,0,0,0,,,,
ZUESTA,2009,2,27,22,1.8,,,,,,,,955.2,,0.2,,0,0,0,0,0,0,0,,,,
ZUESTA,2009,2,27,23,1.7,,,,,,,,954.5,,0.1,,0,0,0,0,0,0,0,,,,
ZUESTA,2009,2,28,0,1.7,,,,,,,,954.4,,0,,0,0,0,0,0,0,0,,,,
ZUESTA,2009,2,28,1,1.1,,,,,,,,954.1,,0,,0,0,0,0,0,0,0,,,,
ZUESTA,2009,2,28,2,1,,,,,,,,953.8,,1.5,,0,0,0,0,0,0,0,,,,
ZUESTA,2009,2,28,3,0.8,,,,,,,,953.5,,1.1,,0,0,0,0,0,0,0,,,,
ZUESTA,2009,2,28,4,0.8,,,,,,,,953,,1.3,,0,0,0,0,0,0,0,,,,
ZUESTA,2009,2,28,5,0.2,,,,,,,,952.4,,0.9,,0,0,0,0,0,0,0,,,,
ZUESTA,2009,2,28,6,0.8,,,,,,,,952.6,,0.4,,8,0,0,0,0,0,0,,,,
ZUESTA,2009,2,28,7,1.4,,,,,,,,952.3,,1.7,,125,0,0,0,0,0,0,,,,
ZUESTA,2009,2,28,8,3.1,,,,,,,,951.9,,1.3,,290,1797.3,47.9,0,0,0,0,,,,
ZUESTA,2009,2,28,9,4.5,,,,,,,,951.4,,1.2,,435,1258.3,71.8,0,0,0,0,,,,
ZUESTA,2009,2,28,10,6.1,,,,,,,,950.9,,2,,540,1081.7,89.1,0,0,0,0,,,,
ZUESTA,2009,2,28,11,8.1,,,,,,,,950.9,,0.8,,591,967.6,97.5,0,0,0,0,,,,
ZUESTA,2009,2,28,12,9,,,,,,,,950.2,,2.1,,587,854.1,107.3,0,0,0,0,,,,
ZUESTA,2009,2,28,13,9.5,,,,,,,,949.4,,1.5,,536,677.2,151.2,0,0,0,0,,,,
ZUESTA,2009,2,28,14,10.2,,,,,,,,948.8,,1.7,,434,438.7,201.7,0,0,0,0,,,,
ZUESTA,2009,2,28,15,10.4,,,,,,,,948.5,,1.7,,300,202.4,209.4,0,0,0,0,,,,
ZUESTA,2009,2,28,16,9,,,,,,,,948.3,,1.5,,143,26.2,134.4,0,0,0,0,,,,
ZUESTA,2009,2,28,17,7.5,,,,,,,,948.3,,0.5,,13,0.3,12.9,0,0,0,0,,,,
ZUESTA,2009,2,28,18,5.8,,,,,,,,948.3,,0.4,,0,0,0,0,0,0,0,,,,
ZUESTA,2009,2,28,19,5.9,,,,,,,,947.9,,0.6,,0,0,0,0,0,0,0,,,,
ZUESTA,2009,2,28,20,4.8,,,,,,,,947.6,,0.4,,0,0,0,0,0,0,0,,,,
ZUESTA,2009,2,28,21,4.6,,,,,,,,947.2,,1.2,,0,0,0,0,0,0,0,,,,
ZUESTA,2009,2,28,22,3.4,,,,,,,,947,,0.4,,0,0,0,0,0,0,0,,,,
ZUESTA,2009,2,28,23,3.2,,,,,,,,947.2,,0.4,,0,0,0,0,0,0,0,,,,
ZUESTA,2009,3,1,0,3.2,,,,,,,,947.2,,0.5,,0,0,0,0,0,0,0,,,,
ZUESTA,2009,3,1,1,2.4,,,,,,,,947.4,,0.3,,0,0,0,0,0,0,0,,,,
ZUESTA,2009,3,1,2,2.4,,,,,,,,947.1,,0.5,,0,0,0,0,0,0,0,,,,
ZUESTA,2009,3,1,3,1.9,,,,,,,,946.8,,0.4,,0,0,0,0,0,0,0,,,,
ZUESTA,2009,3,1,4,1.7,,,,,,,,946.8,,0.3,,0,0,0,0,0,0,0,,,,
ZUESTA,2009,3,1,5,1.7,,,,,,,,946.8,,0.5,,0,0,0,0,0,0,0,,,,
ZUESTA,2009,3,1,6,1.6,,,,,,,,946.8,,0.4,,13,0,0,0,0,0,0,,,,
ZUESTA,2009,3,1,7,2.4,,,,,,,,947.4,,0.4,,137,0,0,0,0,0,0,,,,
ZUESTA,2009,3,1,8,3.4,,,,,,,,947.6,,0.4,,170,1012.3,28.1,0,0,0,0,,,,
ZUESTA,2009,3,1,9,5.8,,,,,,,,947.5,,0.8,,277,674.1,78.6,0,0,0,0,,,,
ZUESTA,2009,3,1,10,7,,,,,,,,947.7,,1.4,,315,311.1,183.6,0,0,0,0,,,,
ZUESTA,2009,3,1,11,9,,,,,,,,947.7,,1.2,,293,98,242.5,0,0,0,0,,,,
ZUESTA,2009,3,1,12,9.3,,,,,,,,947.3,,1.1,,219,14.6,210.7,0,0,0,0,,,,
ZUESTA,2009,3,1,13,9.4,,,,,,,,946.9,,1,,172,5.8,168.7,0,0,0,0,,,,
ZUESTA,2009,3,1,14,9.6,,,,,,,,946.7,,0.8,,144,4.7,141.5,0,0,0,0,,,,
ZUESTA,2009,3,1,15,9.3,,,,,,,,946.7,,0.7,,103,3.3,101.5,0,0,0,0,,,,
ZUESTA,2009,3,1,16,8.9,,,,,,,,946.7,,0.3,,41,1,40.7,0,0,0,0,,,,
ZUESTA,2009,3,1,17,7.8,,,,,,,,947,,0,,4,0,4,0,0,0,0,,,,
ZUESTA,2009,3,1,18,7.3,,,,,,,,947.3,,0.7,,0,0,0,0,0,0,0,,,,
ZUESTA,2009,3,1,19,7.3,,,,,,,,947.4,,1.2,,0,0,0,0,0,0,0,,,,
ZUESTA,2009,3,1,20,6.8,,,,,,,,947.6,,1.4,,0,0,0,0,0,0,0,,,,
ZUESTA,2009,3,1,21,6.5,,,,,,,,947.8,,1.1,,0,0,0,0,0,0,0,,,,
ZUESTA,2009,3,1,22,5.8,,,,,,,,947.8,,0.5,,0,0,0,0,0,0,0,,,,
ZUESTA,2009,3,1,23,5.6,,,,,,,,947.8,,0.6,,0,0,0,0,0,0,0,,,,
ZUESTA,2009,3,2,0,5.8,,,,,,,,948,,0.6,,0,0,0,0,0,0,0,,,,
ZUESTA,2009,3,2,1,5.1,,,,,,,,948.1,,0.2,,0,0,0,0,0,0,0,,,,
ZUESTA,2009,3,2,2,5,,,,,,,,947.9,,1,,0,0,0,0,0,0,0,,,,
ZUESTA,2009,3,2,3,4.7,,,,,,,,947.7,,0.8,,0,0,0,0,0,0,0,,,,
ZUESTA,2009,3,2,4,3.9,,,,,,,,947.9,,0.6,,0,0,0,0,0,0,0,,,,
ZUESTA,2009,3,2,5,4.1,,,,,,,,947.9,,0.3,,0,0,0,0,0,0,0,,,,
ZUESTA,2009,3,2,6,4.1,,,,,,,,948,,0.6,,2,0,0,0,0,0,0,,,,
ZUESTA,2009,3,2,7,4.8,,,,,,,,948.3,,0.3,,31,0,0,0,0,0,0,,,,
ZUESTA,2009,3,2,8,5.3,,,,,,,,948.7,,0,,69,40.5,63.1,0,0,0,0,,,,
ZUESTA,2009,3,2,9,5.7,,,,,,,,949.1,,0.1,,131,27,122.9,0,0,0,0,,,,
ZUESTA,2009,3,2,10,6,,,,,,,,949.5,,0.8,,117,4.8,114.9,0,0,0,0,,,,
ZUESTA,2009,3,2,11,6.2,,,,,,,,949.8,,1.4,,62,0.9,61.5,0,0,0,0,,,,
ZUESTA,2009,3,2,12,6.2,,,,,,,,949.9,,2,,41,0.3,40.8,0,0,0,0,,,,
ZUESTA,2009,3,2,13,6.1,,,,,,,,949.9,,2.3,,34,0.2,33.9,0,0,0,0,,,,
ZUESTA,2009,3,2,14,6,,,,,,,,950.1,,2.2,,28,0.2,27.9,0,0,0,0,,,,
ZUESTA,2009,3,2,15,5.9,,,,,,,,950.4,,2.3,,22,0.1,21.9,0,0,0,0,,,,
ZUESTA,2009,3,2,16,5.6,,,,,,,,950.7,,1.7,,10,0.1,10,0,0,0,0,,,,
ZUESTA,2009,3,2,17,5.2,,,,,,,,951.1,,1.5,,0,0,0,0,0,0,0,,,,
ZUESTA,2009,3,2,18,5.2,,,,,,,,951.5,,1.2,,0,0,0,0,0,0,0,,,,
ZUESTA,2009,3,2,19,5,,,,,,,,951.7,,1.1,,0,0,0,0,0,0,0,,,,
ZUESTA,2009,3,2,20,5,,,,,,,,951.9,,1,,0,0,0,0,0,0,0,,,,
ZUESTA,2009,3,2,21,4.9,,,,,,,,952.1,,1,,0,0,0,0,0,0,0,,,,
ZUESTA,2009,3,2,22,4.8,,,,,,,,952.3,,0.9,,0,0,0,0,0,0,0,,,,
ZUESTA,2009,3,2,23,4.6,,,,,,,,952.3,,1.6,,0,0,0,0,0,0,0,,,,
ZUESTA,2009,3,3,0,4.4,,,,,,,,952.5,,1.1,,0,0,0,0,0,0,0,,,,
ZUESTA,2009,3,3,1,4.4,,,,,,,,952.5,,1.1,,0,0,0,0,0,0,0,,,,
ZUESTA,2009,3,3,2,4.3,,,,,,,,952.1,,0.9,,0,0,0,0,0,0,0,,,,
ZUESTA,2009,3,3,3,4.1,,,,,,,,951.9,,0.9,,0,0,0,0,0,0,0,,,,
ZUESTA,2009,3,3,4,3.9,,,,,,,,951.7,,0.7,,0,0,0,0,0,0,0,,,,
ZUESTA,2009,3,3,5,3.7,,,,,,,,951.5,,0.9,,0,0,0,0,0,0,0,,,,
ZUESTA,2009,3,3,6,3.5,,,,,,,,951.4,,0.9,,1,0,0,0,0,0,0,,,,
ZUESTA,2009,3,3,7,3.5,,,,,,,,951.4,,0.7,,23,0,0,0,0,0,0,,,,
ZUESTA,2009,3,3,8,3.6,,,,,,,,951.1,,0.8,,41,4.8,40.3,0,0,0,0,,,,
ZUESTA,2009,3,3,9,3.7,,,,,,,,950.7,,0.6,,60,2.5,59.2,0,0,0,0,,,,
ZUESTA,2009,3,3,10,4.2,,,,,,,,950.4,,0.6,,132,6,129.4,0,0,0,0,,,,
ZUESTA,2009,3,3,11,4.6,,,,,,,,950,,0.8,,146,5,143.4,0,0,0,0,,,,
ZUESTA,2009,3,3,12,4.6,,,,,,,,949.3,,0.6,,55,0.6,54.7,0,0,0,0,,,,
ZUESTA,2009,3,3,13,4.9,,,,,,,,948.5,,0.5,,94,1.7,93,0,0,0,0,,,,
ZUESTA,2009,3,3,14,5.1,,,,,,,,948,,0.3,,35,0.3,34.9,0,0,0,0,,,,
ZUESTA,2009,3,3,15,4.9,,,,,,,,947.4,,1,,25,0.2,24.9,0,0,0,0,,,,
ZUESTA,2009,3,3,16,4.9,,,,,,,,946.8,,0.9,,18,0.2,17.9,0,0,0,0,,,,
ZUESTA,2009,3,3,17,4.7,,,,,,,,946.4,,0.9,,2,0,2,0,0,0,0,,,,
ZUESTA,2009,3,3,18,4.4,,,,,,,,945.9,,1.1,,0,0,0,0,0,0,0,,,,
ZUESTA,2009,3,3,19,4.1,,,,,,,,945,,1.2,,0,0,0,0,0,0,0,,,,
ZUESTA,2009,3,3,20,2.9,,,,,,,,944.1,,0.6,,0,0,0,0,0,0,0,,,,
ZUESTA,2009,3,3,21,2.5,,,,,,,,943.5,,0.5,,0,0,0,0,0,0,0,,,,
ZUESTA,2009,3,3,22,2.2,,,,,,,,942.8,,0.7,,0,0,0,0,0,0,0,,,,
ZUESTA,2009,3,3,23,2,,,,,,,,942,,1.1,,0,0,0,0,0,0,0,,,,
ZUESTA,2009,3,4,0,1.4,,,,,,,,941.2,,0.4,,0,0,0,0,0,0,0,,,,
ZUESTA,2009,3,4,1,1.5,,,,,,,,940.3,,0.5,,0,0,0,0,0,0,0,,,,
ZUESTA,2009,3,4,2,0.7,,,,,,,,938.7,,0.4,,0,0,0,0,0,0,0,,,,
ZUESTA,2009,3,4,3,0.6,,,,,,,,937.4,,0.5,,0,0,0,0,0,0,0,,,,
ZUESTA,2009,3,4,4,0,,,,,,,,936.3,,0.5,,0,0,0,0,0,0,0,,,,
ZUESTA,2009,3,4,5,-0.9,,,,,,,,935.4,,1.2,,0,0,0,0,0,0,0,,,,
ZUESTA,2009,3,4,6,-1,,,,,,,,934.5,,1.8,,9,0,0,0,0,0,0,,,,
ZUESTA,2009,3,4,7,-0.8,,,,,,,,933.6,,1,,66,0,0,0,0,0,0,,,,
ZUESTA,2009,3,4,8,-0.6,,,,,,,,932.3,,1.3,,139,567.1,50,0,0,0,0,,,,
ZUESTA,2009,3,4,9,0.3,,,,,,,,931.1,,1.5,,163,66.8,142.2,0,0,0,0,,,,
ZUESTA,2009,3,4,10,0.8,,,,,,,,930.2,,1.2,,140,6.8,137,0,0,0,0,,,,
ZUESTA,2009,3,4,11,1.6,,,,,,,,929.1,,1.7,,128,3.7,126,0,0,0,0,,,,
ZUESTA,2009,3,4,12,2.2,,,,,,,,927.8,,1.2,,132,3.3,130.1,0,0,0,0,,,,
ZUESTA,2009,3,4,13,2.6,,,,,,,,926.5,,1.1,,128,3.1,126.2,0,0,0,0,,,,
ZUESTA,2009,3,4,14,3.3,,,,,,,,925.6,,1,,119,3,117.3,0,0,0,0,,,,
ZUESTA,2009,3,4,15,3.6,,,,,,,,925.2,,0.4,,81,1.9,80.1,0,0,0,0,,,,
ZUESTA,2009,3,4,16,3.5,,,,,,,,924.8,,0.7,,32,0.5,31.8,0,0,0,0,,,,
ZUESTA,2009,3,4,17,3.1,,,,,,,,924.3,,0.8,,6,0.1,6,0,0,0,0,,,,
ZUESTA,2009,3,4,18,2.8,,,,,,,,924,,0.6,,0,0,0,0,0,0,0,,,,
ZUESTA,2009,3,4,19,2.4,,,,,,,,923.4,,1.1,,0,0,0,0,0,0,0,,,,
ZUESTA,2009,3,4,20,2.1,,,,,,,,922.7,,0.7,,0,0,0,0,0,0,0,,,,
ZUESTA,2009,3,4,21,1.8,,,,,,,,922.1,,0.7,,0,0,0,0,0,0,0,,,,
ZUESTA,2009,3,4,22,1.7,,,,,,,,921.7,,0.7,,0,0,0,0,0,0,0,,,,
ZUESTA,2009,3,4,23,1.8,,,,,,,,921.6,,0.8,,0,0,0,0,0,0,0,,,,
ZUESTA,2009,3,5,0,1.8,,,,,,,,921.7,,0.9,,0,0,0,0,0,0,0,,,,
ZUESTA,2009,3,5,1,2.2,,,,,,,,921.4,,0.9,,0,0,0,0,0,0,0,,,,
ZUESTA,2009,3,5,2,2.3,,,,,,,,921.1,,0.6,,0,0,0,0,0,0,0,,,,
ZUESTA,2009,3,5,3,1.8,,,,,,,,921.1,,1.2,,0,0,0,0,0,0,0,,,,
ZUESTA,2009,3,5,4,1.3,,,,,,,,921.3,,2.2,,0,0,0,0,0,0,0,,,,
ZUESTA,2009,3,5,5,0.4,,,,,,,,921.4,,1.5,,0,0,0,0,0,0,0,,,,
ZUESTA,2009,3,5,6,0.3,,,,,,,,921.3,,0.8,,0,0,0,0,0,0,0,,,,
ZUESTA,2009,3,5,7,0.3,,,,,,,,921.4,,0.6,,7,0,0,0,0,0,0,,,,
ZUESTA,2009,3,5,8,0.3,,,,,,,,921.3,,1,,34,2.8,33.5,0,0,0,0,,,,
ZUESTA,2009,3,5,9,0.3,,,,,,,,921.3,,0.7,,63,2.6,62.2,0,0,0,0,,,,
ZUESTA,2009,3,5,10,0.8,,,,,,,,921.5,,0.8,,157,9.8,152.6,0,0,0,0,,,,
ZUESTA,2009,3,5,11,1,,,,,,,,921.4,,1.1,,81,1.5,80.2,0,0,0,0,,,,
ZUESTA,2009,3,5,12,1.4,,,,,,,,921,,1.5,,102,1.9,100.9,0,0,0,0,,,,
ZUESTA,2009,3,5,13,1.4,,,,,,,,920.8,,2.1,,64,0.7,63.6,0,0,0,0,,,,
ZUESTA,2009,3,5,14,1.7,,,,,,,,920.8,,2,,36,0.3,35.8,0,0,0,0,,,,
ZUESTA,2009,3,5,15,1.5,,,,,,,,920.9,,2.6,,14,0.1,14,0,0,0,0,,,,
ZUESTA,2009,3,5,16,1.3,,,,,,,,921.3,,2.4,,2,0,2,0,0,0,0,,,,
ZUESTA,2009,3,5,17,0.8,,,,,,,,922,,1.6,,0,0,0,0,0,0,0,,,,
ZUESTA,2009,3,5,18,0.6,,,,,,,,922.8,,1.8,,0,0,0,0,0,0,0,,,,
ZUESTA,2009,3,5,19,0.5,,,,,,,,923.2,,2.3,,0,0,0,0,0,0,0,,,,
ZUESTA,2009,3,5,20,0.4,,,,,,,,923.7,,2.2,,0,0,0,0,0,0,0,,,,
ZUESTA,2009,3,5,21,0.5,,,,,,,,923.9,,2.3,,0,0,0,0,0,0,0,,,,
ZUESTA,2009,3,5,22,0.8,,,,,,,,924.3,,2.6,,0,0,0,0,0,0,0,,,,
ZUESTA,2009,3,5,23,0.9,,,,,,,,924.7,,2.7,,0,0,0,0,0,0,0,,,,
ZUESTA,2009,3,6,0,0.7,,,,,,,,925.3,,3.2,,0,0,0,0,0,0,0,,,,
ZUESTA,2009,3,6,1,0.8,,,,,,,,925.7,,3.3,,0,0,0,0,0,0,0,,,,
ZUESTA,2009,3,6,2,0.6,,,,,,,,926.2,,3,,0,0,0,0,0,0,0,,,,
ZUESTA,2009,3,6,3,0.5,,,,,,,,926.7,,2.9,,0,0,0,0,0,0,0,,,,
ZUESTA,2009,3,6,4,0.4,,,,,,,,927.5,,2.6,,0,0,0,0,0,0,0,,,,
ZUESTA,2009,3,6,5,0.5,,,,,,,,928.3,,2.7,,0,0,0,0,0,0,0,,,,
ZUESTA,2009,3,6,6,0.5,,,,,,,,929.1,,2.8,,0,0,0,0,0,0,0,,,,
ZUESTA,2009,3,6,7,0.4,,,,,,,,930.1,,2.2,,10,0,0,0,0,0,0,,,,
ZUESTA,2009,3,6,8,0.6,,,,,,,,931.1,,3,,43,4.2,42.3,0,0,0,0,,,,
ZUESTA,2009,3,6,9,0.9,,,,,,,,932,,3.8,,96,5.7,94.1,0,0,0,0,,,,
ZUESTA,2009,3,6,10,1.2,,,,,,,,932.7,,4.3,,103,3.4,101.5,0,0,0,0,,,,
ZUESTA,2009,3,6,11,1.5,,,,,,,,933.3,,4.2,,106,2.5,104.7,0,0,0,0,,,,
ZUESTA,2009,3,6,12,1.6,,,,,,,,933.9,,4.4,,105,2,103.8,0,0,0,0,,,,
ZUESTA,2009,3,6,13,1.4,,,,,,,,934.3,,4.6,,89,1.4,88.1,0,0,0,0,,,,
ZUESTA,2009,3,6,14,1.4,,,,,,,,935,,4.7,,72,1.1,71.4,0,0,0,0,,,,
ZUESTA,2009,3,6,15,1.1,,,,,,,,935.8,,4.8,,49,0.7,48.7,0,0,0,0,,,,
ZUESTA,2009,3,6,16,1.2,,,,,,,,936.6,,4.4,,17,0.1,16.9,0,0,0,0,,,,
ZUESTA,2009,3,6,17,0.9,,,,,,,,937.7,,4.4,,0,0,0,0,0,0,0,,,,
ZUESTA,2009,3,6,18,0.7,,,,,,,,938.9,,3.4,,0,0,0,0,0,0,0,,,,
ZUESTA,2009,3,6,19,0.4,,,,,,,,939.8,,2.6,,0,0,0,0,0,0,0,,,,
ZUESTA,2009,3,6,20,0.4,,,,,,,,940.6,,2.6,,0,0,0,0,0,0,0,,,,
ZUESTA,2009,3,6,21,0.3,,,,,,,,941.1,,2,,0,0,0,0,0,0,0,,,,
ZUESTA,2009,3,6,22,0.3,,,,,,,,941.7,,1.9,,0,0,0,0,0,0,0,,,,
ZUESTA,2009,3,6,23,0.3,,,,,,,,942.4,,2.1,,0,0,0,0,0,0,0,,,,
ZUESTA,2009,3,7,0,0.2,,,,,,,,942.9,,1.4,,0,0,0,0,0,0,0,,,,
ZUESTA,2009,3,7,1,0.1,,,,,,,,943.3,,0.9,,0,0,0,0,0,0,0,,,,
ZUESTA,2009,3,7,2,0.3,,,,,,,,943.6,,1.3,,0,0,0,0,0,0,0,,,,
ZUESTA,2009,3,7,3,0.3,,,,,,,,944.2,,1.3,,0,0,0,0,0,0,0,,,,
ZUESTA,2009,3,7,4,0.5,,,,,,,,944.6,,1.4,,0,0,0,0,0,0,0,,,,
ZUESTA,2009,3,7,5,0.5,,,,,,,,945.1,,1.5,,0,0,0,0,0,0,0,,,,
ZUESTA,2009,3,7,6,0.5,,,,,,,,945.8,,2.1,,4,0,0,0,0,0,0,,,,
ZUESTA,2009,3,7,7,0.5,,,,,,,,946.8,,2.2,,56,0,0,0,0,0,0,,,,
ZUESTA,2009,3,7,8,0.4,,,,,,,,947.6,,2.6,,150,522.8,59,0,0,0,0,,,,
ZUESTA,2009,3,7,9,0.9,,,,,,,,948.4,,3.1,,259,385.8,132.3,0,0,0,0,,,,
ZUESTA,2009,3,7,10,1.8,,,,,,,,948.8,,2.7,,357,374.2,186.1,0,0,0,0,,,,
ZUESTA,2009,3,7,11,2.7,,,,,,,,949.1,,2.6,,516,673.6,145.9,0,0,0,0,,,,
ZUESTA,2009,3,7,12,3.7,,,,,,,,949.1,,2.5,,615,825.9,119.3,0,0,0,0,,,,
ZUESTA,2009,3,7,13,3.9,,,,,,,,949.1,,2,,438,278.8,269.1,0,0,0,0,,,,
ZUESTA,2009,3,7,14,3.6,,,,,,,,949.4,,1.5,,171,5.9,167.6,0,0,0,0,,,,
ZUESTA,2009,3,7,15,4.8,,,,,,,,949.5,,1.6,,370,349,201.6,0,0,0,0,,,,
ZUESTA,2009,3,7,16,4.5,,,,,,,,949.8,,1.9,,161,29.8,150.2,0,0,0,0,,,,
ZUESTA,2009,3,7,17,3,,,,,,,,950.4,,1.2,,12,0.2,12,0,0,0,0,,,,
ZUESTA,2009,3,7,18,1.3,,,,,,,,951.1,,1,,0,0,0,0,0,0,0,,,,
ZUESTA,2009,3,7,19,1.5,,,,,,,,951.6,,1.3,,0,0,0,0,0,0,0,,,,
ZUESTA,2009,3,7,20,0.8,,,,,,,,951.9,,1,,0,0,0,0,0,0,0,,,,
ZUESTA,2009,3,7,21,0.6,,,,,,,,952.1,,1,,0,0,0,0,0,0,0,,,,
ZUESTA,2009,3,7,22,-0.5,,,,,,,,952,,0.3,,0,0,0,0,0,0,0,,,,
ZUESTA,2009,3,7,23,-0.6,,,,,,,,951.8,,0.5,,0,0,0,0,0,0,0,,,,
ZUESTA,2009,3,8,0,-0.5,,,,,,,,951.3,,0.9,,0,0,0,0,0,0,0,,,,
ZUESTA,2009,3,8,1,-0.7,,,,,,,,950.9,,0.9,,0,0,0,0,0,0,0,,,,
ZUESTA,2009,3,8,2,-0.8,,,,,,,,950.6,,1.3,,0,0,0,0,0,0,0,,,,
ZUESTA,2009,3,8,3,-1,,,,,,,,950.2,,1.4,,0,0,0,0,0,0,0,,,,
ZUESTA,2009,3,8,4,-1.1,,,,,,,,950.7,,1.7,,0,0,0,0,0,0,0,,,,
ZUESTA,2009,3,8,5,-0.8,,,,,,,,950.4,,3.1,,0,0,0,0,0,0,0,,,,
ZUESTA,2009,3,8,6,-0.4,,,,,,,,949.8,,2.2,,21,0,0,0,0,0,0,,,,
ZUESTA,2009,3,8,7,0,,,,,,,,949.8,,2.6,,170,0,0,0,0,0,0,,,,
ZUESTA,2009,3,8,8,1,,,,,,,,950,,3,,247,1147.2,40.8,0,0,0,0,,,,
ZUESTA,2009,3,8,9,3,,,,,,,,949.8,,3.9,,427,1066.4,70.5,0,0,0,0,,,,
ZUESTA,2009,3,8,10,4.5,,,,,,,,949.5,,4.1,,426,639.3,130.4,0,0,0,0,,,,
ZUESTA,2009,3,8,11,4.7,,,,,,,,949.1,,4,,228,20.1,216.9,0,0,0,0,,,,
ZUESTA,2009,3,8,12,5,,,,,,,,948,,4,,184,6,180.4,0,0,0,0,,,,
ZUESTA,2009,3,8,13,6.7,,,,,,,,946.8,,4.5,,425,239.2,278.8,0,0,0,0,,,,
ZUESTA,2009,3,8,14,6.8,,,,,,,,946.1,,4.7,,213,12.6,205.8,0,0,0,0,,,,
ZUESTA,2009,3,8,15,6.8,,,,,,,,945.9,,4.9,,101,2.8,99.6,0,0,0,0,,,,
ZUESTA,2009,3,8,16,6.6,,,,,,,,945.6,,5.5,,77,2.9,76,0,0,0,0,,,,
ZUESTA,2009,3,8,17,6.4,,,,,,,,945.4,,5.6,,11,0.2,11,0,0,0,0,,,,
ZUESTA,2009,3,8,18,6.3,,,,,,,,945.5,,5.6,,0,0,0,0,0,0,0,,,,
ZUESTA,2009,3,8,19,5.8,,,,,,,,945.1,,5.7,,0,0,0,0,0,0,0,,,,
ZUESTA,2009,3,8,20,5.3,,,,,,,,944.6,,6.6,,0,0,0,0,0,0,0,,,,
ZUESTA,2009,3,8,21,5.1,,,,,,,,944.3,,7.8,,0,0,0,0,0,0,0,,,,
ZUESTA,2009,3,8,22,4.8,,,,,,,,943.9,,7,,0,0,0,0,0,0,0,,,,
ZUESTA,2009,3,8,23,4.7,,,,,,,,943.9,,7.1,,0,0,0,0,0,0,0,,,,
ZUESTA,2009,3,9,0,4.7,,,,,,,,943.9,,7.4,,0,0,0,0,0,0,0,,,,
ZUESTA,2009,3,9,1,4.5,,,,,,,,944.1,,6.8,,0,0,0,0,0,0,0,,,,
ZUESTA,2009,3,9,2,2.3,,,,,,,,944.4,,6.6,,0,0,0,0,0,0,0,,,,
ZUESTA,2009,3,9,3,1.6,,,,,,,,945.8,,5.9,,0,0,0,0,0,0,0,,,,
ZUESTA,2009,3,9,4,1.8,,,,,,,,947.2,,5.4,,0,0,0,0,0,0,0,,,,
ZUESTA,2009,3,9,5,1.9,,,,,,,,947.8,,5.3,,0,0,0,0,0,0,0,,,,
ZUESTA,2009,3,9,6,2.1,,,,,,,,948.1,,5.8,,6,0,0,0,0,0,0,,,,
ZUESTA,2009,3,9,7,2.5,,,,,,,,948.9,,5.8,,35,0,0,0,0,0,0,,,,
ZUESTA,2009,3,9,8,2.2,,,,,,,,949.5,,5.1,,58,6.5,56.8,0,0,0,0,,,,
ZUESTA,2009,3,9,9,2.8,,,,,,,,949.8,,5,,156,35,144.1,0,0,0,0,,,,
ZUESTA,2009,3,9,10,4.2,,,,,,,,950.1,,5.5,,352,324.9,199.9,0,0,0,0,,,,
ZUESTA,2009,3,9,11,6.2,,,,,,,,950.2,,6.3,,740,1102.1,122.1,0,0,0,0,,,,
ZUESTA,2009,3,9,12,6.3,,,,,,,,949.9,,6.2,,621,813.1,124,0,0,0,0,,,,
ZUESTA,2009,3,9,13,6.4,,,,,,,,949.9,,6.6,,515,473.5,223.2,0,0,0,0,,,,
ZUESTA,2009,3,9,14,5.5,,,,,,,,950.1,,6.6,,144,4.1,141.7,0,0,0,0,,,,
ZUESTA,2009,3,9,15,2.4,,,,,,,,951.3,,5.6,,65,1.1,64.4,0,0,0,0,,,,
ZUESTA,2009,3,9,16,2.1,,,,,,,,951.9,,3.9,,101,4.8,99.2,0,0,0,0,,,,
ZUESTA,2009,3,9,17,2.1,,,,,,,,952.4,,3.3,,12,0.2,12,0,0,0,0,,,,
ZUESTA,2009,3,9,18,2.2,,,,,,,,952.9,,4.2,,0,0,0,0,0,0,0,,,,
ZUESTA,2009,3,9,19,2.6,,,,,,,,953.3,,4.4,,0,0,0,0,0,0,0,,,,
ZUESTA,2009,3,9,20,2.7,,,,,,,,953.4,,5.1,,0,0,0,0,0,0,0,,,,
ZUESTA,2009,3,9,21,2.9,,,,,,,,953.7,,5.2,,0,0,0,0,0,0,0,,,,
ZUESTA,2009,3,9,22,2.7,,,,,,,,954.1,,5.8,,0,0,0,0,0,0,0,,,,
ZUESTA,2009,3,9,23,1,,,,,,,,954.5,,3.9,,0,0,0,0,0,0,0,,,,
ZUESTA,2009,3,10,0,1.7,,,,,,,,954.6,,4.7,,0,0,0,0,0,0,0,,,,
ZUESTA,2009,3,10,1,1.6,,,,,,,,954.4,,4.7,,0,0,0,0,0,0,0,,,,
ZUESTA,2009,3,10,2,1.6,,,,,,,,954.2,,4.7,,0,0,0,0,0,0,0,,,,
ZUESTA,2009,3,10,3,1.9,,,,,,,,954,,5.8,,0,0,0,0,0,0,0,,,,
ZUESTA,2009,3,10,4,2.1,,,,,,,,953.7,,4.7,,0,0,0,0,0,0,0,,,,
ZUESTA,2009,3,10,5,2.4,,,,,,,,953.4,,5.2,,0,0,0,0,0,0,0,,,,
ZUESTA,2009,3,10,6,2.7,,,,,,,,953.1,,4.7,,12,0,0,0,0,0,0,,,,
ZUESTA,2009,3,10,7,3.6,,,,,,,,952.9,,5.1,,133,0,0,0,0,0,0,,,,
ZUESTA,2009,3,10,8,4.5,,,,,,,,952.6,,4.7,,273,1191.3,45,0,0,0,0,,,,
ZUESTA,2009,3,10,9,4.9,,,,,,,,952,,4.9,,242,245.6,157,0,0,0,0,,,,
ZUESTA,2009,3,10,10,4.9,,,,,,,,951.4,,4.7,,175,12.1,169.3,0,0,0,0,,,,
ZUESTA,2009,3,10,11,5.1,,,,,,,,950.9,,5.2,,166,5.6,162.8,0,0,0,0,,,,
ZUESTA,2009,3,10,12,4.6,,,,,,,,950.1,,6.4,,110,2.1,108.7,0,0,0,0,,,,
ZUESTA,2009,3,10,13,3.8,,,,,,,,949.4,,6.4,,112,2.1,110.7,0,0,0,0,,,,
ZUESTA,2009,3,10,14,3.1,,,,,,,,949,,6.4,,87,1.5,86.2,0,0,0,0,,,,
ZUESTA,2009,3,10,15,2.6,,,,,,,,948.4,,5.5,,49,0.6,48.7,0,0,0,0,,,,
ZUESTA,2009,3,10,16,2.2,,,,,,,,948.1,,5,,15,0.1,15,0,0,0,0,,,,
ZUESTA,2009,3,10,17,2.6,,,,,,,,947.9,,6.7,,2,0,2,0,0,0,0,,,,
ZUESTA,2009,3,10,18,2.9,,,,,,,,948,,6.9,,0,0,0,0,0,0,0,,,,
ZUESTA,2009,3,10,19,3.3,,,,,,,,948.1,,7.4,,0,0,0,0,0,0,0,,,,
ZUESTA,2009,3,10,20,3.2,,,,,,,,947.9,,7.9,,0,0,0,0,0,0,0,,,,
ZUESTA,2009,3,10,21,2.8,,,,,,,,948.3,,6,,0,0,0,0,0,0,0,,,,
ZUESTA,2009,3,10,22,3,,,,,,,,948.2,,6.8,,0,0,0,0,0,0,0,,,,
ZUESTA,2009,3,10,23,2.8,,,,,,,,948.8,,5.7,,0,0,0,0,0,0,0,,,,
ZUESTA,2009,3,11,0,3,,,,,,,,949,,5.5,,0,0,0,0,0,0,0,,,,
ZUESTA,2009,3,11,1,3.4,,,,,,,,949.2,,5.8,,0,0,0,0,0,0,0,,,,
ZUESTA,2009,3,11,2,3.3,,,,,,,,949.3,,4.7,,0,0,0,0,0,0,0,,,,
ZUESTA,2009,3,11,3,3.2,,,,,,,,949.6,,4.3,,0,0,0,0,0,0,0,,,,
ZUESTA,2009,3,11,4,3.1,,,,,,,,950.5,,2.9,,0,0,0,0,0,0,0,,,,
ZUESTA,2009,3,11,5,3.3,,,,,,,,951.5,,1.3,,0,0,0,0,0,0,0,,,,
ZUESTA,2009,3,11,6,3.3,,,,,,,,952.5,,1.1,,19,0,0,0,0,0,0,,,,
ZUESTA,2009,3,11,7,3.5,,,,,,,,953.4,,1.3,,77,0,0,0,0,0,0,,,,
ZUESTA,2009,3,11,8,3.5,,,,,,,,954.2,,2.6,,95,45.1,86.1,0,0,0,0,,,,
ZUESTA,2009,3,11,9,3.3,,,,,,,,955.2,,2.4,,202,104.8,165.1,0,0,0,0,,,,
ZUESTA,2009,3,11,10,3.2,,,,,,,,956,,1.8,,191,17.3,182.7,0,0,0,0,,,,
ZUESTA,2009,3,11,11,4.7,,,,,,,,956.6,,2.2,,342,126,269.9,0,0,0,0,,,,
ZUESTA,2009,3,11,12,3.7,,,,,,,,957.1,,2.7,,253,19.2,241.1,0,0,0,0,,,,
ZUESTA,2009,3,11,13,4.7,,,,,,,,957.1,,2.3,,472,327.8,266.5,0,0,0,0,,,,
ZUESTA,2009,3,11,14,5.8,,,,,,,,957.2,,2.6,,324,88,272.4,0,0,0,0,,,,
ZUESTA,2009,3,11,15,6,,,,,,,,957.3,,3.1,,240,43.4,218.2,0,0,0,0,,,,
ZUESTA,2009,3,11,16,5.8,,,,,,,,957.7,,3.2,,178,38.8,163.2,0,0,0,0,,,,
ZUESTA,2009,3,11,17,4.7,,,,,,,,958.4,,2.5,,29,1,28.8,0,0,0,0,,,,
ZUESTA,2009,3,11,18,3.7,,,,,,,,959.2,,1.5,,0,0,0,0,0,0,0,,,,
ZUESTA,2009,3,11,19,2.2,,,,,,,,959.8,,1,,0,0,0,0,0,0,0,,,,
ZUESTA,2009,3,11,20,1.4,,,,,,,,960.1,,0.7,,0,0,0,0,0,0,0,,,,
ZUESTA,2009,3,11,21,1.2,,,,,,,,960.6,,0.9,,0,0,0,0,0,0,0,,,,
ZUESTA,2009,3,11,22,0.9,,,,,,,,960.6,,0.5,,0,0,0,0,0,0,0,,,,
ZUESTA,2009,3,11,23,0.7,,,,,,,,960.5,,0.3,,0,0,0,0,0,0,0,,,,
ZUESTA,2009,3,12,0,0.4,,,,,,,,960.4,,0.4,,0,0,0,0,0,0,0,,,,
ZUESTA,2009,3,12,1,0.2,,,,,,,,960.4,,0.7,,0,0,0,0,0,0,0,,,,
ZUESTA,2009,3,12,2,0.1,,,,,,,,959.9,,1,,0,0,0,0,0,0,0,,,,
ZUESTA,2009,3,12,3,-0.4,,,,,,,,959.5,,0.4,,0,0,0,0,0,0,0,,,,
ZUESTA,2009,3,12,4,-0.8,,,,,,,,959.5,,0.6,,0,0,0,0,0,0,0,,,,
ZUESTA,2009,3,12,5,-0.7,,,,,,,,959.8,,0.4,,0,0,0,0,0,0,0,,,,
ZUESTA,2009,3,12,6,-0.2,,,,,,,,960,,0.7,,17,0,0,0,0,0,0,,,,
ZUESTA,2009,3,12,7,0.2,,,,,,,,960.5,,0.4,,67,0,0,0,0,0,0,,,,
ZUESTA,2009,3,12,8,0.9,,,,,,,,961,,1.2,,122,129.1,95.8,0,0,0,0,,,,
ZUESTA,2009,3,12,9,1.6,,,,,,,,960.9,,1.3,,154,25.7,144.8,0,0,0,0,,,,
ZUESTA,2009,3,12,10,3.1,,,,,,,,960.6,,1.5,,292,129.7,229.1,0,0,0,0,,,,
ZUESTA,2009,3,12,11,4,,,,,,,,960.5,,1.4,,347,129,272.5,0,0,0,0,,,,
ZUESTA,2009,3,12,12,4.5,,,,,,,,959.9,,2.2,,218,9.3,212.1,0,0,0,0,,,,
ZUESTA,2009,3,12,13,4.9,,,,,,,,959.1,,2.9,,168,4.6,165.1,0,0,0,0,,,,
ZUESTA,2009,3,12,14,5,,,,,,,,958.9,,2.7,,76,1.1,75.4,0,0,0,0,,,,
ZUESTA,2009,3,12,15,5.1,,,,,,,,958.4,,3,,59,0.9,58.6,0,0,0,0,,,,
ZUESTA,2009,3,12,16,5.3,,,,,,,,958.1,,2.5,,29,0.4,28.9,0,0,0,0,,,,
ZUESTA,2009,3,12,17,5.2,,,,,,,,958,,2.4,,4,0,4,0,0,0,0,,,,
ZUESTA,2009,3,12,18,5.2,,,,,,,,958.3,,2.1,,0,0,0,0,0,0,0,,,,
ZUESTA,2009,3,12,19,5.3,,,,,,,,958.1,,1.7,,0,0,0,0,0,0,0,,,,
ZUESTA,2009,3,12,20,4.7,,,,,,,,957.9,,0.9,,0,0,0,0,0,0,0,,,,
ZUESTA,2009,3,12,21,4.4,,,,,,,,957.9,,0.9,,0,0,0,0,0,0,0,,,,
ZUESTA,2009,3,12,22,4.4,,,,,,,,957.8,,1.3,,0,0,0,0,0,0,0,,,,
ZUESTA,2009,3,12,23,5.5,,,,,,,,957.5,,2.6,,0,0,0,0,0,0,0,,,,
ZUESTA,2009,3,13,0,6.4,,,,,,,,957.3,,3.1,,0,0,0,0,0,0,0,,,,
ZUESTA,2009,3,13,1,6.6,,,,,,,,957.2,,2.9,,0,0,0,0,0,0,0,,,,
ZUESTA,2009,3,13,2,6.5,,,,,,,,956.8,,2.7,,0,0,0,0,0,0,0,,,,
ZUESTA,2009,3,13,3,6.4,,,,,,,,956.6,,1.9,,0,0,0,0,0,0,0,,,,
ZUESTA,2009,3,13,4,6.4,,,,,,,,956.4,,2.5,,0,0,0,0,0,0,0,,,,
ZUESTA,2009,3,13,5,6.7,,,,,,,,956.3,,3.1,,0,0,0,0,0,0,0,,,,
ZUESTA,2009,3,13,6,6.3,,,,,,,,956.8,,2,,11,0,0,0,0,0,0,,,,
ZUESTA,2009,3,13,7,6.8,,,,,,,,957.3,,1.8,,83,0,0,0,0,0,0,,,,
ZUESTA,2009,3,13,8,7.7,,,,,,,,957.4,,2.4,,266,1063.5,43.9,0,0,0,0,,,,
ZUESTA,2009,3,13,9,8.5,,,,,,,,957.3,,3.2,,255,249.9,164.2,0,0,0,0,,,,
ZUESTA,2009,3,13,10,9.2,,,,,,,,957.2,,3,,371,332.7,207.6,0,0,0,0,,,,
ZUESTA,2009,3,13,11,10,,,,,,,,957.1,,2.3,,300,62.5,263.5,0,0,0,0,,,,
ZUESTA,2009,3,13,12,10.5,,,,,,,,956.6,,2.6,,351,89.5,294.4,0,0,0,0,,,,
ZUESTA,2009,3,13,13,10.3,,,,,,,,956.1,,2.1,,191,5.8,187.3,0,0,0,0,,,,
ZUESTA,2009,3,13,14,10.4,,,,,,,,955.9,,1.2,,133,3.2,131.1,0,0,0,0,,,,
ZUESTA,2009,3,13,15,10.4,,,,,,,,955.7,,1.1,,92,2.1,90.9,0,0,0,0,,,,
ZUESTA,2009,3,13,16,10.5,,,,,,,,955.5,,1.1,,120,6.3,117.6,0,0,0,0,,,,
ZUESTA,2009,3,13,17,9.2,,,,,,,,955.5,,0.9,,22,0.5,21.9,0,0,0,0,,,,
ZUESTA,2009,3,13,18,7.2,,,,,,,,955.6,,1,,0,0,0,0,0,0,0,,,,
ZUESTA,2009,3,13,19,6.6,,,,,,,,955.5,,0.9,,0,0,0,0,0,0,0,,,,
ZUESTA,2009,3,13,20,6,,,,,,,,955.5,,0.2,,0,0,0,0,0,0,0,,,,
ZUESTA,2009,3,13,21,5.8,,,,,,,,955.3,,0.2,,0,0,0,0,0,0,0,,,,
ZUESTA,2009,3,13,22,4.7,,,,,,,,955.3,,0.3,,0,0,0,0,0,0,0,,,,
ZUESTA,2009,3,13,23,4.3,,,,,,,,954.9,,0.4,,0,0,0,0,0,0,0,,,,
ZUESTA,2009,3,14,0,4.7,,,,,,,,954.8,,0.3,,0,0,0,0,0,0,0,,,,
ZUESTA,2009,3,14,1,4,,,,,,,,954.6,,0.4,,0,0,0,0,0,0,0,,,,
ZUESTA,2009,3,14,2,3.9,,,,,,,,954.3,,0.3,,0,0,0,0,0,0,0,,,,
ZUESTA,2009,3,14,3,3.3,,,,,,,,953.8,,0.3,,0,0,0,0,0,0,0,,,,
ZUESTA,2009,3,14,4,2.9,,,,,,,,953.6,,0.3,,0,0,0,0,0,0,0,,,,
ZUESTA,2009,3,14,5,2.9,,,,,,,,953.5,,0.2,,0,0,0,0,0,0,0,,,,
ZUESTA,2009,3,14,6,2.5,,,,,,,,953.7,,0.2,,46,0,0,0,0,0,0,,,,
ZUESTA,2009,3,14,7,3.8,,,,,,,,954.1,,0.9,,156,0,0,0,0,0,0,,,,
ZUESTA,2009,3,14,8,5.5,,,,,,,,954.1,,0.7,,321,1248.4,53,0,0,0,0,,,,
ZUESTA,2009,3,14,9,7.4,,,,,,,,954.1,,1,,472,1067.3,77.9,0,0,0,0,,,,
ZUESTA,2009,3,14,10,9.1,,,,,,,,954,,1.7,,445,592.9,150.4,0,0,0,0,,,,
ZUESTA,2009,3,14,11,10.1,,,,,,,,953.8,,1.7,,486,457.7,216.6,0,0,0,0,,,,
ZUESTA,2009,3,14,12,11.1,,,,,,,,953.4,,1.9,,400,155.9,300.5,0,0,0,0,,,,
ZUESTA,2009,3,14,13,11.9,,,,,,,,953,,1.7,,395,143.5,302.8,0,0,0,0,,,,
ZUESTA,2009,3,14,14,12.3,,,,,,,,952.9,,1.9,,262,27.5,245.5,0,0,0,0,,,,
ZUESTA,2009,3,14,15,12.4,,,,,,,,953.1,,2.3,,192,12.6,185.5,0,0,0,0,,,,
ZUESTA,2009,3,14,16,11.9,,,,,,,,953.3,,2.2,,74,2.3,73.1,0,0,0,0,,,,
ZUESTA,2009,3,14,17,11.5,,,,,,,,953.7,,1.6,,10,0.1,10,0,0,0,0,,,,
ZUESTA,2009,3,14,18,10.9,,,,,,,,954,,0.9,,0,0,0,0,0,0,0,,,,
ZUESTA,2009,3,14,19,10.3,,,,,,,,954.5,,1,,0,0,0,0,0,0,0,,,,
ZUESTA,2009,3,14,20,8.9,,,,,,,,954.7,,0.6,,0,0,0,0,0,0,0,,,,
ZUESTA,2009,3,14,21,9.7,,,,,,,,955.1,,1,,0,0,0,0,0,0,0,,,,
ZUESTA,2009,3,14,22,8.7,,,,,,,,955.5,,0.7,,0,0,0,0,0,0,0,,,,
ZUESTA,2009,3,14,23,8.8,,,,,,,,955.8,,1.4,,0,0,0,0,0,0,0,,,,
ZUESTA,2009,3,15,0,9.2,,,,,,,,956.4,,1.6,,0,0,0,0,0,0,0,,,,
ZUESTA,2009,3,15,1,8.5,,,,,,,,956.8,,2,,0,0,0,0,0,0,0,,,,
ZUESTA,2009,3,15,2,7.9,,,,,,,,957,,1.1,,0,0,0,0,0,0,0,,,,
ZUESTA,2009,3,15,3,8.2,,,,,,,,957.3,,2.5,,0,0,0,0,0,0,0,,,,
ZUESTA,2009,3,15,4,7.8,,,,,,,,958,,3.1,,0,0,0,0,0,0,0,,,,
ZUESTA,2009,3,15,5,7.1,,,,,,,,958.8,,2.7,,0,0,0,0,0,0,0,,,,
ZUESTA,2009,3,15,6,6.6,,,,,,,,959.6,,2.6,,19,0,0,0,0,0,0,,,,
ZUESTA,2009,3,15,7,6.5,,,,,,,,960.5,,2.7,,48,0,0,0,0,0,0,,,,
ZUESTA,2009,3,15,8,6.8,,,,,,,,961.2,,3,,85,14.9,81.7,0,0,0,0,,,,
ZUESTA,2009,3,15,9,7.6,,,,,,,,961.6,,2.4,,202,78.3,172.6,0,0,0,0,,,,
ZUESTA,2009,3,15,10,8.2,,,,,,,,961.5,,1.9,,225,31.4,209.2,0,0,0,0,,,,
ZUESTA,2009,3,15,11,8.3,,,,,,,,961.4,,2,,147,4,144.6,0,0,0,0,,,,
ZUESTA,2009,3,15,12,9.3,,,,,,,,961.1,,2.6,,336,67.4,292.6,0,0,0,0,,,,
ZUESTA,2009,3,15,13,9.2,,,,,,,,961,,2.1,,104,1.7,102.9,0,0,0,0,,,,
ZUESTA,2009,3,15,14,9.3,,,,,,,,961.2,,2.4,,103,1.9,101.9,0,0,0,0,,,,
ZUESTA,2009,3,15,15,8.6,,,,,,,,961.2,,2.1,,73,1.3,72.3,0,0,0,0,,,,
ZUESTA,2009,3,15,16,8.4,,,,,,,,961.2,,1.8,,51,1.1,50.6,0,0,0,0,,,,
ZUESTA,2009,3,15,17,8.1,,,,,,,,961.7,,0.7,,15,0.2,14.9,0,0,0,0,,,,
ZUESTA,2009,3,15,18,8,,,,,,,,962.6,,1.6,,0,0,0,0,0,0,0,,,,
ZUESTA,2009,3,15,19,7.2,,,,,,,,963.3,,1.4,,0,0,0,0,0,0,0,,,,
ZUESTA,2009,3,15,20,6.7,,,,,,,,963.6,,1.7,,0,0,0,0,0,0,0,,,,
ZUESTA,2009,3,15,21,6,,,,,,,,964,,1.1,,0,0,0,0,0,0,0,,,,
ZUESTA,2009,3,15,22,4.5,,,,,,,,964.3,,1.4,,0,0,0,0,0,0,0,,,,
ZUESTA,2009,3,15,23,3.8,,,,,,,,964.3,,1.3,,0,0,0,0,0,0,0,,,,
ZUESTA,2009,3,16,0,3.2,,,,,,,,964.3,,1.7,,0,0,0,0,0,0,0,,,,
ZUESTA,2009,3,16,1,3.4,,,,,,,,964.1,,2.1,,0,0,0,0,0,0,0,,,,
ZUESTA,2009,3,16,2,3.4,,,,,,,,963.8,,2,,0,0,0,0,0,0,0,,,,
ZUESTA,2009,3,16,3,3,,,,,,,,963.5,,1.8,,0,0,0,0,0,0,0,,,,
ZUESTA,2009,3,16,4,2,,,,,,,,963.6,,1.5,,0,0,0,0,0,0,0,,,,
ZUESTA,2009,3,16,5,1.7,,,,,,,,963.8,,1.1,,0,0,0,0,0,0,0,,,,
ZUESTA,2009,3,16,6,1.7,,,,,,,,963.9,,1.4,,51,0,0,0,0,0,0,,,,
ZUESTA,2009,3,16,7,3.4,,,,,,,,964.2,,0.9,,221,3217,36.5,0,0,0,0,,,,
ZUESTA,2009,3,16,8,5,,,,,,,,964.6,,1.3,,395,1456.5,65.2,0,0,0,0,,,,
ZUESTA,2009,3,16,9,7,,,,,,,,964.7,,2.1,,550,1205.7,90.8,0,0,0,0,,,,
ZUESTA,2009,3,16,10,8.9,,,,,,,,964.7,,3,,669,1099,110.4,0,0,0,0,,,,
ZUESTA,2009,3,16,11,9.7,,,,,,,,964.4,,3.1,,703,978.7,116,0,0,0,0,,,,
ZUESTA,2009,3,16,12,10.2,,,,,,,,964.2,,2.7,,679,860.8,120.3,0,0,0,0,,,,
ZUESTA,2009,3,16,13,10.9,,,,,,,,963.9,,2.6,,665,820.7,129.3,0,0,0,0,,,,
ZUESTA,2009,3,16,14,11.2,,,,,,,,963.8,,2.8,,525,524.5,204.8,0,0,0,0,,,,
ZUESTA,2009,3,16,15,11.1,,,,,,,,963.6,,2.3,,369,252,236.6,0,0,0,0,,,,
ZUESTA,2009,3,16,16,10.7,,,,,,,,963.7,,2.3,,192,42.9,174.7,0,0,0,0,,,,
ZUESTA,2009,3,16,17,9.2,,,,,,,,964.1,,2.6,,40,1.6,39.6,0,0,0,0,,,,
ZUESTA,2009,3,16,18,7.7,,,,,,,,964.5,,2.6,,0,0,0,0,0,0,0,,,,
ZUESTA,2009,3,16,19,6.9,,,,,,,,964.5,,3.1,,0,0,0,0,0,0,0,,,,
ZUESTA,2009,3,16,20,6.3,,,,,,,,964.4,,4,,0,0,0,0,0,0,0,,,,
ZUESTA,2009,3,16,21,5.8,,,,,,,,964.3,,3.6,,0,0,0,0,0,0,0,,,,
ZUESTA,2009,3,16,22,5.3,,,,,,,,964.3,,3.2,,0,0,0,0,0,0,0,,,,
ZUESTA,2009,3,16,23,4.7,,,,,,,,964.3,,3,,0,0,0,0,0,0,0,,,,
ZUESTA,2009,3,17,0,4,,,,,,,,964,,2.9,,0,0,0,0,0,0,0,,,,
ZUESTA,2009,3,17,1,3.4,,,,,,,,963.7,,2.7,,0,0,0,0,0,0,0,,,,
ZUESTA,2009,3,17,2,2.3,,,,,,,,963.5,,0.4,,0,0,0,0,0,0,0,,,,
ZUESTA,2009,3,17,3,1.8,,,,,,,,963.3,,0.8,,0,0,0,0,0,0,0,,,,
ZUESTA,2009,3,17,4,1.5,,,,,,,,963.4,,1.9,,0,0,0,0,0,0,0,,,,
ZUESTA,2009,3,17,5,1.5,,,,,,,,963.9,,1.8,,0,0,0,0,0,0,0,,,,
ZUESTA,2009,3,17,6,1.7,,,,,,,,964.2,,0.7,,51,0,0,0,0,0,0,,,,
ZUESTA,2009,3,17,7,3.2,,,,,,,,964.6,,0.2,,214,2834.3,35.3,0,0,0,0,,,,
ZUESTA,2009,3,17,8,5.2,,,,,,,,964.7,,0.7,,390,1401.7,64.4,0,0,0,0,,,,
ZUESTA,2009,3,17,9,6.9,,,,,,,,965,,1.2,,525,1133.6,86.6,0,0,0,0,,,,
ZUESTA,2009,3,17,10,8.6,,,,,,,,964.9,,1.5,,617,1002.3,101.8,0,0,0,0,,,,
ZUESTA,2009,3,17,11,10.3,,,,,,,,964.7,,1.6,,696,960.1,114.8,0,0,0,0,,,,
ZUESTA,2009,3,17,12,11.8,,,,,,,,964.4,,1.9,,685,862,120.9,0,0,0,0,,,,
ZUESTA,2009,3,17,13,12,,,,,,,,964,,2,,586,585.7,200.8,0,0,0,0,,,,
ZUESTA,2009,3,17,14,12.7,,,,,,,,963.8,,2.3,,406,195.4,285.7,0,0,0,0,,,,
ZUESTA,2009,3,17,15,12.5,,,,,,,,963.6,,2.3,,261,50.8,234,0,0,0,0,,,,
ZUESTA,2009,3,17,16,12.3,,,,,,,,963.4,,2,,183,31.9,170,0,0,0,0,,,,
ZUESTA,2009,3,17,17,10.7,,,,,,,,963.7,,1.7,,29,0.8,28.8,0,0,0,0,,,,
ZUESTA,2009,3,17,18,9.1,,,,,,,,964.1,,2,,0,0,0,0,0,0,0,,,,
ZUESTA,2009,3,17,19,7.7,,,,,,,,964.6,,1.8,,0,0,0,0,0,0,0,,,,
ZUESTA,2009,3,17,20,6.9,,,,,,,,965.1,,1.6,,0,0,0,0,0,0,0,,,,
ZUESTA,2009,3,17,21,6,,,,,,,,965.5,,1.2,,0,0,0,0,0,0,0,,,,
ZUESTA,2009,3,17,22,5.6,,,,,,,,965.7,,1.6,,0,0,0,0,0,0,0,,,,
ZUESTA,2009,3,17,23,5.6,,,,,,,,965.6,,3.3,,0,0,0,0,0,0,0,,,,
ZUESTA,2009,3,18,0,5,,,,,,,,965.6,,3.4,,0,0,0,0,0,0,0,,,,
ZUESTA,2009,3,18,1,4.4,,,,,,,,965.3,,3.6,,0,0,0,0,0,0,0,,,,
ZUESTA,2009,3,18,2,3.8,,,,,,,,965,,2.9,,0,0,0,0,0,0,0,,,,
ZUESTA,2009,3,18,3,3.4,,,,,,,,964.8,,3.5,,0,0,0,0,0,0,0,,,,
ZUESTA,2009,3,18,4,2.6,,,,,,,,964.8,,2,,0,0,0,0,0,0,0,,,,
ZUESTA,2009,3,18,5,2,,,,,,,,964.8,,0.6,,0,0,0,0,0,0,0,,,,
ZUESTA,2009,3,18,6,1.8,,,,,,,,964.7,,0.4,,50,0,0,0,0,0,0,,,,
ZUESTA,2009,3,18,7,3.7,,,,,,,,964.4,,1.2,,211,2562.2,34.8,0,0,0,0,,,,
ZUESTA,2009,3,18,8,5.6,,,,,,,,964.1,,2.3,,395,1384.6,65.2,0,0,0,0,,,,
ZUESTA,2009,3,18,9,7.1,,,,,,,,963.9,,2.5,,515,1095.5,85,0,0,0,0,,,,
ZUESTA,2009,3,18,10,8.3,,,,,,,,963.7,,3.3,,613,985,101.1,0,0,0,0,,,,
ZUESTA,2009,3,18,11,10.1,,,,,,,,963.1,,3.6,,715,977.5,118,0,0,0,0,,,,
ZUESTA,2009,3,18,12,11,,,,,,,,962.6,,4,,730,924.1,120.5,0,0,0,0,,,,
ZUESTA,2009,3,18,13,11.6,,,,,,,,961.9,,4.2,,627,693.3,167.4,0,0,0,0,,,,
ZUESTA,2009,3,18,14,11.8,,,,,,,,961.4,,4,,524,496.7,215.9,0,0,0,0,,,,
ZUESTA,2009,3,18,15,11,,,,,,,,961.1,,3.4,,271,58.7,239.6,0,0,0,0,,,,
ZUESTA,2009,3,18,16,10.2,,,,,,,,960.9,,3.2,,149,11.1,144.4,0,0,0,0,,,,
ZUESTA,2009,3,18,17,9.3,,,,,,,,961,,3.1,,24,0.6,23.9,0,0,0,0,,,,
ZUESTA,2009,3,18,18,8.4,,,,,,,,961,,2.2,,0,0,0,0,0,0,0,,,,
ZUESTA,2009,3,18,19,7.3,,,,,,,,960.6,,1.7,,0,0,0,0,0,0,0,,,,
ZUESTA,2009,3,18,20,5.8,,,,,,,,960.1,,1.3,,0,0,0,0,0,0,0,,,,
ZUESTA,2009,3,18,21,4.6,,,,,,,,959.7,,1.7,,0,0,0,0,0,0,0,,,,
ZUESTA,2009,3,18,22,3.7,,,,,,,,959.3,,2.1,,0,0,0,0,0,0,0,,,,
ZUESTA,2009,3,18,23,3.1,,,,,,,,958.9,,2.7,,0,0,0,0,0,0,0,,,,
ZUESTA,2009,3,19,0,2.8,,,,,,,,958.6,,2.6,,0,0,0,0,0,0,0,,,,
ZUESTA,2009,3,19,1,1.6,,,,,,,,958.4,,0.7,,0,0,0,0,0,0,0,,,,
ZUESTA,2009,3,19,2,1,,,,,,,,957.8,,1.3,,0,0,0,0,0,0,0,,,,
ZUESTA,2009,3,19,3,0.7,,,,,,,,957.3,,0.5,,0,0,0,0,0,0,0,,,,
ZUESTA,2009,3,19,4,0.6,,,,,,,,956.9,,0.4,,0,0,0,0,0,0,0,,,,
ZUESTA,2009,3,19,5,1,,,,,,,,956.6,,0.5,,1,0,0,0,0,0,0,,,,
ZUESTA,2009,3,19,6,0.4,,,,,,,,956.4,,1.8,,26,0,0,0,0,0,0,,,,
ZUESTA,2009,3,19,7,1.9,,,,,,,,956.3,,1.1,,174,1950,28.7,0,0,0,0,,,,
ZUESTA,2009,3,19,8,4.3,,,,,,,,956.2,,0.7,,300,1026.3,49.5,0,0,0,0,,,,
ZUESTA,2009,3,19,9,5.7,,,,,,,,956,,0.8,,489,1025.1,80.7,0,0,0,0,,,,
ZUESTA,2009,3,19,10,8,,,,,,,,955.7,,1.6,,649,1031.6,107.1,0,0,0,0,,,,
ZUESTA,2009,3,19,11,9.3,,,,,,,,955.5,,1.7,,537,548.9,198.8,0,0,0,0,,,,
ZUESTA,2009,3,19,12,9.7,,,,,,,,955.2,,2,,323,47.8,291.2,0,0,0,0,,,,
ZUESTA,2009,3,19,13,10.2,,,,,,,,954.7,,1.7,,417,155,313.5,0,0,0,0,,,,
ZUESTA,2009,3,19,14,10.3,,,,,,,,954.4,,2,,382,141.1,293.8,0,0,0,0,,,,
ZUESTA,2009,3,19,15,9.3,,,,,,,,954.5,,2.8,,105,2.5,103.7,0,0,0,0,,,,
ZUESTA,2009,3,19,16,8.2,,,,,,,,955,,3.5,,60,1.4,59.4,0,0,0,0,,,,
ZUESTA,2009,3,19,17,7.3,,,,,,,,955.7,,2.7,,17,0.3,16.9,0,0,0,0,,,,
ZUESTA,2009,3,19,18,6.5,,,,,,,,956.5,,2.6,,0,0,0,0,0,0,0,,,,
ZUESTA,2009,3,19,19,6.1,,,,,,,,957.1,,2.7,,0,0,0,0,0,0,0,,,,
ZUESTA,2009,3,19,20,5.3,,,,,,,,957.7,,2.9,,0,0,0,0,0,0,0,,,,
ZUESTA,2009,3,19,21,3.9,,,,,,,,958.1,,4.4,,0,0,0,0,0,0,0,,,,
ZUESTA,2009,3,19,22,2.5,,,,,,,,958.3,,2.9,,0,0,0,0,0,0,0,,,,
ZUESTA,2009,3,19,23,2,,,,,,,,958.4,,1.7,,0,0,0,0,0,0,0,,,,
ZUESTA,2009,3,20,0,1.2,,,,,,,,958.6,,1.3,,0,0,0,0,0,0,0,,,,
ZUESTA,2009,3,20,1,0.5,,,,,,,,958.8,,2,,0,0,0,0,0,0,0,,,,
ZUESTA,2009,3,20,2,-0.1,,,,,,,,958.6,,3.4,,0,0,0,0,0,0,0,,,,
ZUESTA,2009,3,20,3,-0.7,,,,,,,,958.3,,2.8,,0,0,0,0,0,0,0,,,,
ZUESTA,2009,3,20,4,-1.1,,,,,,,,958.2,,2.6,,0,0,0,0,0,0,0,,,,
ZUESTA,2009,3,20,5,-1.2,,,,,,,,958.4,,2.4,,0,0,0,0,0,0,0,,,,
ZUESTA,2009,3,20,6,-0.7,,,,,,,,958.7,,2.3,,51,0,0,0,0,0,0,,,,
ZUESTA,2009,3,20,7,-0.8,,,,,,,,959.2,,3,,46,105.7,37.5,0,0,0,0,,,,
ZUESTA,2009,3,20,8,-0.7,,,,,,,,959.4,,2.7,,153,142.3,117.4,0,0,0,0,,,,
ZUESTA,2009,3,20,9,0.9,,,,,,,,959.6,,3.4,,396,757.3,90,0,0,0,0,,,,
ZUESTA,2009,3,20,10,1.6,,,,,,,,959.9,,3.6,,389,299.6,229.9,0,0,0,0,,,,
ZUESTA,2009,3,20,11,2.5,,,,,,,,960,,4.1,,475,350.9,256.8,0,0,0,0,,,,
ZUESTA,2009,3,20,12,2.4,,,,,,,,960,,4.1,,362,80.3,308.2,0,0,0,0,,,,
ZUESTA,2009,3,20,13,2.5,,,,,,,,959.8,,4,,296,29.1,276.4,0,0,0,0,,,,
ZUESTA,2009,3,20,14,3.4,,,,,,,,959.7,,4.3,,551,556.3,200.6,0,0,0,0,,,,
ZUESTA,2009,3,20,15,3.4,,,,,,,,959.9,,4.4,,392,281.1,239.1,0,0,0,0,,,,
ZUESTA,2009,3,20,16,2.5,,,,,,,,960.1,,3,,114,4.8,112,0,0,0,0,,,,
ZUESTA,2009,3,20,17,1.9,,,,,,,,960.3,,2.5,,41,1.5,40.6,0,0,0,0,,,,
ZUESTA,2009,3,20,18,1.1,,,,,,,,960.6,,2.2,,0,0,0,0,0,0,0,,,,
ZUESTA,2009,3,20,19,0.2,,,,,,,,960.8,,2.2,,0,0,0,0,0,0,0,,,,
ZUESTA,2009,3,20,20,-0.4,,,,,,,,960.7,,1.4,,0,0,0,0,0,0,0,,,,
ZUESTA,2009,3,20,21,-0.7,,,,,,,,960.6,,1.3,,0,0,0,0,0,0,0,,,,
ZUESTA,2009,3,20,22,-1.1,,,,,,,,960.4,,1.9,,0,0,0,0,0,0,0,,,,
ZUESTA,2009,3,20,23,-1.7,,,,,,,,960.2,,0.8,,0,0,0,0,0,0,0,,,,
ZUESTA,2009,3,21,0,-1.7,,,,,,,,959.9,,2.6,,0,0,0,0,0,0,0,,,,
ZUESTA,2009,3,21,1,-1.9,,,,,,,,959.5,,2.4,,0,0,0,0,0,0,0,,,,
ZUESTA,2009,3,21,2,-2.3,,,,,,,,959.2,,2.4,,0,0,0,0,0,0,0,,,,
ZUESTA,2009,3,21,3,-2.8,,,,,,,,959.4,,1.6,,0,0,0,0,0,0,0,,,,
ZUESTA,2009,3,21,4,-3.5,,,,,,,,959.6,,0.3,,0,0,0,0,0,0,0,,,,
ZUESTA,2009,3,21,5,-3.9,,,,,,,,959.7,,1,,1,0,0,0,0,0,0,,,,
ZUESTA,2009,3,21,6,-3.8,,,,,,,,960,,0.8,,71,0,0,0,0,0,0,,,,
ZUESTA,2009,3,21,7,-2.2,,,,,,,,960.2,,1.6,,225,2183.2,37.1,0,0,0,0,,,,
ZUESTA,2009,3,21,8,-1,,,,,,,,960.4,,1.9,,378,1233.9,62.4,0,0,0,0,,,,
ZUESTA,2009,3,21,9,0.8,,,,,,,,960.3,,3,,538,1096.1,88.8,0,0,0,0,,,,
ZUESTA,2009,3,21,10,2.7,,,,,,,,960.2,,3.2,,704,1095.6,116.2,0,0,0,0,,,,
ZUESTA,2009,3,21,11,3.6,,,,,,,,960,,3.8,,743,989.3,122.6,0,0,0,0,,,,
ZUESTA,2009,3,21,12,4.2,,,,,,,,959.9,,3.2,,693,834.2,129.7,0,0,0,0,,,,
ZUESTA,2009,3,21,13,4.7,,,,,,,,959.6,,3.5,,648,714.2,163.9,0,0,0,0,,,,
ZUESTA,2009,3,21,14,5.2,,,,,,,,959.5,,3.2,,547,532,209.5,0,0,0,0,,,,
ZUESTA,2009,3,21,15,5.1,,,,,,,,959.3,,2.8,,374,225.8,250.2,0,0,0,0,,,,
ZUESTA,2009,3,21,16,4.5,,,,,,,,959.1,,2.2,,209,50.8,187.4,0,0,0,0,,,,
ZUESTA,2009,3,21,17,3.5,,,,,,,,959.3,,1.8,,49,2.1,48.4,0,0,0,0,,,,
ZUESTA,2009,3,21,18,1.8,,,,,,,,959.7,,1.1,,0,0,0,0,0,0,0,,,,
ZUESTA,2009,3,21,19,1,,,,,,,,960.1,,1.4,,0,0,0,0,0,0,0,,,,
ZUESTA,2009,3,21,20,1,,,,,,,,960.1,,2.1,,0,0,0,0,0,0,0,,,,
ZUESTA,2009,3,21,21,0.9,,,,,,,,960.2,,2.1,,0,0,0,0,0,0,0,,,,
ZUESTA,2009,3,21,22,0,,,,,,,,960.2,,1.7,,0,0,0,0,0,0,0,,,,
ZUESTA,2009,3,21,23,-0.7,,,,,,,,960.1,,1.5,,0,0,0,0,0,0,0,,,,
ZUESTA,2009,3,22,0,-1.2,,,,,,,,960.1,,0.6,,0,0,0,0,0,0,0,,,,
ZUESTA,2009,3,22,1,-1.4,,,,,,,,959.9,,0.3,,0,0,0,0,0,0,0,,,,
ZUESTA,2009,3,22,2,-1.8,,,,,,,,959.6,,0.4,,0,0,0,0,0,0,0,,,,
ZUESTA,2009,3,22,3,-1.9,,,,,,,,959.5,,0.6,,0,0,0,0,0,0,0,,,,
ZUESTA,2009,3,22,4,-2,,,,,,,,959.6,,0.3,,0,0,0,0,0,0,0,,,,
ZUESTA,2009,3,22,5,-1.7,,,,,,,,959.7,,0.2,,1,0,0,0,0,0,0,,,,
ZUESTA,2009,3,22,6,-1.1,,,,,,,,959.9,,0.7,,44,0,0,0,0,0,0,,,,
ZUESTA,2009,3,22,7,-0.5,,,,,,,,960.1,,0.7,,152,1381.8,25.1,0,0,0,0,,,,
ZUESTA,2009,3,22,8,0.6,,,,,,,,960.1,,1.1,,266,819.8,51.5,0,0,0,0,,,,
ZUESTA,2009,3,22,9,2.2,,,,,,,,960.4,,1,,400,726.8,97.9,0,0,0,0,,,,
ZUESTA,2009,3,22,10,3.7,,,,,,,,960.1,,1.7,,499,646.9,148.3,0,0,0,0,,,,
ZUESTA,2009,3,22,11,4.9,,,,,,,,959.9,,1.1,,535,501.4,217.9,0,0,0,0,,,,
ZUESTA,2009,3,22,12,6.9,,,,,,,,959.4,,1.5,,743,912.3,122.3,0,0,0,0,,,,
ZUESTA,2009,3,22,13,8,,,,,,,,958.8,,2,,680,786.3,143.2,0,0,0,0,,,,
ZUESTA,2009,3,22,14,9.4,,,,,,,,958.4,,1.5,,560,560,202.1,0,0,0,0,,,,
ZUESTA,2009,3,22,15,9.8,,,,,,,,958.1,,1.8,,352,169.5,258.3,0,0,0,0,,,,
ZUESTA,2009,3,22,16,9.7,,,,,,,,958.4,,2,,199,37.9,182.7,0,0,0,0,,,,
ZUESTA,2009,3,22,17,8.8,,,,,,,,958.8,,2.3,,47,1.9,46.5,0,0,0,0,,,,
ZUESTA,2009,3,22,18,6.9,,,,,,,,959.3,,0.8,,0,0,0,0,0,0,0,,,,
ZUESTA,2009,3,22,19,5.7,,,,,,,,959.8,,1.9,,0,0,0,0,0,0,0,,,,
ZUESTA,2009,3,22,20,5,,,,,,,,960.1,,2.8,,0,0,0,0,0,0,0,,,,
ZUESTA,2009,3,22,21,4,,,,,,,,960.3,,1.9,,0,0,0,0,0,0,0,,,,
ZUESTA,2009,3,22,22,3.1,,,,,,,,960.1,,0.6,,0,0,0,0,0,0,0,,,,
ZUESTA,2009,3,22,23,2.5,,,,,,,,959.9,,1.6,,0,0,0,0,0,0,0,,,,
ZUESTA,2009,3,23,0,2.1,,,,,,,,959.6,,1,,0,0,0,0,0,0,0,,,,
ZUESTA,2009,3,23,1,1.6,,,,,,,,959.3,,0.5,,0,0,0,0,0,0,0,,,,
ZUESTA,2009,3,23,2,1.2,,,,,,,,959.1,,0.4,,0,0,0,0,0,0,0,,,,
ZUESTA,2009,3,23,3,1.3,,,,,,,,958.7,,0.4,,0,0,0,0,0,0,0,,,,
ZUESTA,2009,3,23,4,1.7,,,,,,,,958.5,,0.7,,0,0,0,0,0,0,0,,,,
ZUESTA,2009,3,23,5,1.9,,,,,,,,958.3,,0.6,,1,0,0,0,0,0,0,,,,
ZUESTA,2009,3,23,6,2.1,,,,,,,,957.8,,0.9,,42,0,0,0,0,0,0,,,,
ZUESTA,2009,3,23,7,3.1,,,,,,,,957.3,,2.2,,197,1684.5,32.5,0,0,0,0,,,,
ZUESTA,2009,3,23,8,5,,,,,,,,956.7,,3.9,,397,1239.3,65.5,0,0,0,0,,,,
ZUESTA,2009,3,23,9,6.4,,,,,,,,955.9,,2.8,,388,648.5,114.8,0,0,0,0,,,,
ZUESTA,2009,3,23,10,7.8,,,,,,,,954.9,,3.4,,545,785.3,114.9,0,0,0,0,,,,
ZUESTA,2009,3,23,11,9.4,,,,,,,,953.5,,4,,666,860.4,117.3,0,0,0,0,,,,
ZUESTA,2009,3,23,12,10.4,,,,,,,,952.1,,5.8,,565,460.7,249.2,0,0,0,0,,,,
ZUESTA,2009,3,23,13,11.2,,,,,,,,951,,6.6,,513,322.6,291.2,0,0,0,0,,,,
ZUESTA,2009,3,23,14,10.6,,,,,,,,950,,6,,212,7.8,207,0,0,0,0,,,,
ZUESTA,2009,3,23,15,10.6,,,,,,,,949.1,,5,,213,14.6,204.9,0,0,0,0,,,,
ZUESTA,2009,3,23,16,10.3,,,,,,,,948,,7.7,,56,1.1,55.5,0,0,0,0,,,,
ZUESTA,2009,3,23,17,9.9,,,,,,,,947.2,,7,,12,0.1,12,0,0,0,0,,,,
ZUESTA,2009,3,23,18,9.8,,,,,,,,946.7,,5.1,,0,0,0,0,0,0,0,,,,
ZUESTA,2009,3,23,19,9.5,,,,,,,,945.7,,6.3,,0,0,0,0,0,0,0,,,,
ZUESTA,2009,3,23,20,9.4,,,,,,,,944.4,,6.7,,0,0,0,0,0,0,0,,,,
ZUESTA,2009,3,23,21,9.4,,,,,,,,943.2,,8.6,,0,0,0,0,0,0,0,,,,
ZUESTA,2009,3,23,22,9.1,,,,,,,,941.9,,9.9,,0,0,0,0,0,0,0,,,,
ZUESTA,2009,3,23,23,8.9,,,,,,,,940.7,,9.1,,0,0,0,0,0,0,0,,,,
ZUESTA,2009,3,24,0,6.5,,,,,,,,940.3,,10.6,,0,0,0,0,0,0,0,,,,
ZUESTA,2009,3,24,1,5,,,,,,,,940.1,,8.9,,0,0,0,0,0,0,0,,,,
ZUESTA,2009,3,24,2,2.1,,,,,,,,940.3,,4.8,,0,0,0,0,0,0,0,,,,
ZUESTA,2009,3,24,3,0.6,,,,,,,,941,,1.6,,0,0,0,0,0,0,0,,,,
ZUESTA,2009,3,24,4,0.3,,,,,,,,941.5,,0.6,,0,0,0,0,0,0,0,,,,
ZUESTA,2009,3,24,5,0.4,,,,,,,,942.2,,0.9,,1,0,0,0,0,0,0,,,,
ZUESTA,2009,3,24,6,0.4,,,,,,,,942.8,,1.4,,23,0,0,0,0,0,0,,,,
ZUESTA,2009,3,24,7,0.5,,,,,,,,943.1,,1.7,,34,7.7,33.2,0,0,0,0,,,,
ZUESTA,2009,3,24,8,1.2,,,,,,,,943.6,,2.1,,202,311.8,116.8,0,0,0,0,,,,
ZUESTA,2009,3,24,9,1.6,,,,,,,,944.1,,3.8,,184,26.5,172.7,0,0,0,0,,,,
ZUESTA,2009,3,24,10,2.8,,,,,,,,944.4,,3.7,,379,231.3,251,0,0,0,0,,,,
ZUESTA,2009,3,24,11,1.2,,,,,,,,944.6,,3.7,,137,3,135.1,0,0,0,0,,,,
ZUESTA,2009,3,24,12,3.5,,,,,,,,944.8,,4,,610,575.5,212.6,0,0,0,0,,,,
ZUESTA,2009,3,24,13,3.8,,,,,,,,945.3,,5.7,,507,300.9,298.7,0,0,0,0,,,,
ZUESTA,2009,3,24,14,4.9,,,,,,,,945.5,,4.9,,409,163.5,303,0,0,0,0,,,,
ZUESTA,2009,3,24,15,5.6,,,,,,,,945.7,,5,,417,316.9,239,0,0,0,0,,,,
ZUESTA,2009,3,24,16,2.8,,,,,,,,946.4,,5.1,,33,0.4,32.8,0,0,0,0,,,,
ZUESTA,2009,3,24,17,1.5,,,,,,,,946.7,,2.9,,30,0.7,29.8,0,0,0,0,,,,
ZUESTA,2009,3,24,18,2,,,,,,,,947.2,,4.7,,0,0,0,0,0,0,0,,,,
ZUESTA,2009,3,24,19,2.1,,,,,,,,947.6,,3.9,,0,0,0,0,0,0,0,,,,
ZUESTA,2009,3,24,20,1.7,,,,,,,,947.8,,3.7,,0,0,0,0,0,0,0,,,,
ZUESTA,2009,3,24,21,1.5,,,,,,,,947.8,,2.9,,0,0,0,0,0,0,0,,,,
ZUESTA,2009,3,24,22,1.5,,,,,,,,948,,3.6,,0,0,0,0,0,0,0,,,,
ZUESTA,2009,3,24,23,1.3,,,,,,,,948,,2.9,,0,0,0,0,0,0,0,,,,
ZUESTA,2009,3,25,0,1.3,,,,,,,,948,,3.2,,0,0,0,0,0,0,0,,,,
ZUESTA,2009,3,25,1,1.7,,,,,,,,947.9,,2.1,,0,0,0,0,0,0,0,,,,
ZUESTA,2009,3,25,2,1.6,,,,,,,,947.6,,2.9,,0,0,0,0,0,0,0,,,,
ZUESTA,2009,3,25,3,1.6,,,,,,,,947.6,,3.4,,0,0,0,0,0,0,0,,,,
ZUESTA,2009,3,25,4,1.5,,,,,,,,947.4,,3.7,,0,0,0,0,0,0,0,,,,
ZUESTA,2009,3,25,5,1.6,,,,,,,,947,,4.6,,3,0,0,0,0,0,0,,,,
ZUESTA,2009,3,25,6,1.8,,,,,,,,946.5,,4.7,,58,0,0,0,0,0,0,,,,
ZUESTA,2009,3,25,7,2.2,,,,,,,,945.8,,5.5,,70,175.2,50.9,0,0,0,0,,,,
ZUESTA,2009,3,25,8,2.5,,,,,,,,945.1,,5.5,,83,5.8,81.4,0,0,0,0,,,,
ZUESTA,2009,3,25,9,2.1,,,,,,,,944.7,,8,,94,3.1,92.7,0,0,0,0,,,,
ZUESTA,2009,3,25,10,1.3,,,,,,,,944.1,,7.3,,122,3.1,120.3,0,0,0,0,,,,
ZUESTA,2009,3,25,11,2,,,,,,,,943.1,,6.8,,246,14.1,236.8,0,0,0,0,,,,
ZUESTA,2009,3,25,12,3.7,,,,,,,,941.8,,7.7,,365,70.6,315.9,0,0,0,0,,,,
ZUESTA,2009,3,25,13,4,,,,,,,,940.6,,8.2,,196,5.2,192.4,0,0,0,0,,,,
ZUESTA,2009,3,25,14,3.6,,,,,,,,940.1,,8,,83,1.1,82.3,0,0,0,0,,,,
ZUESTA,2009,3,25,15,3.4,,,,,,,,939.7,,7.6,,91,1.7,90,0,0,0,0,,,,
ZUESTA,2009,3,25,16,3.2,,,,,,,,939.8,,8.8,,25,0.2,24.9,0,0,0,0,,,,
ZUESTA,2009,3,25,17,2.5,,,,,,,,939.9,,8.3,,3,0,3,0,0,0,0,,,,
ZUESTA,2009,3,25,18,2.3,,,,,,,,940.1,,7.9,,0,0,0,0,0,0,0,,,,
ZUESTA,2009,3,25,19,2.6,,,,,,,,940.3,,7.2,,0,0,0,0,0,0,0,,,,
ZUESTA,2009,3,25,20,2.3,,,,,,,,940.9,,5.6,,0,0,0,0,0,0,0,,,,
ZUESTA,2009,3,25,21,2.7,,,,,,,,940.7,,6.5,,0,0,0,0,0,0,0,,,,
ZUESTA,2009,3,25,22,2.9,,,,,,,,940.6,,6.6,,0,0,0,0,0,0,0,,,,
ZUESTA,2009,3,25,23,2.3,,,,,,,,941.5,,6.4,,0,0,0,0,0,0,0,,,,
ZUESTA,2009,3,26,0,1.5,,,,,,,,943,,3.9,,0,0,0,0,0,0,0,,,,
ZUESTA,2009,3,26,1,1.5,,,,,,,,944,,3,,0,0,0,0,0,0,0,,,,
ZUESTA,2009,3,26,2,1.6,,,,,,,,944.6,,2.3,,0,0,0,0,0,0,0,,,,
ZUESTA,2009,3,26,3,1.6,,,,,,,,945,,2.2,,0,0,0,0,0,0,0,,,,
ZUESTA,2009,3,26,4,1.6,,,,,,,,945.5,,2.6,,0,0,0,0,0,0,0,,,,
ZUESTA,2009,3,26,5,1.9,,,,,,,,946.1,,2,,4,0,0,0,0,0,0,,,,
ZUESTA,2009,3,26,6,2.5,,,,,,,,946.4,,2.9,,51,0,0,0,0,0,0,,,,
ZUESTA,2009,3,26,7,3.3,,,,,,,,947.1,,2.8,,68,123.2,53.8,0,0,0,0,,,,
ZUESTA,2009,3,26,8,4.1,,,,,,,,947.8,,3.4,,157,89.3,131.5,0,0,0,0,,,,
ZUESTA,2009,3,26,9,4.9,,,,,,,,948.3,,4.5,,205,40.2,187.4,0,0,0,0,,,,
ZUESTA,2009,3,26,10,6.3,,,,,,,,948.3,,4.9,,381,219,257.5,0,0,0,0,,,,
ZUESTA,2009,3,26,11,7.3,,,,,,,,947.7,,4.7,,304,39.1,278.4,0,0,0,0,,,,
ZUESTA,2009,3,26,12,7.6,,,,,,,,947.3,,5.8,,313,31.9,290.6,0,0,0,0,,,,
ZUESTA,2009,3,26,13,7.6,,,,,,,,946.9,,5.9,,572,445.1,259.6,0,0,0,0,,,,
ZUESTA,2009,3,26,14,8.9,,,,,,,,946.2,,5.6,,390,125.1,307.7,0,0,0,0,,,,
ZUESTA,2009,3,26,15,7.8,,,,,,,,945.7,,5.6,,99,2,97.9,0,0,0,0,,,,
ZUESTA,2009,3,26,16,7.8,,,,,,,,945,,4.6,,50,0.8,49.6,0,0,0,0,,,,
ZUESTA,2009,3,26,17,7.8,,,,,,,,944.6,,4.5,,10,0.1,10,0,0,0,0,,,,
ZUESTA,2009,3,26,18,7.4,,,,,,,,944.4,,5.1,,0,0,0,0,0,0,0,,,,
ZUESTA,2009,3,26,19,6.7,,,,,,,,944.4,,4.7,,0,0,0,0,0,0,0,,,,
ZUESTA,2009,3,26,20,5.9,,,,,,,,944.6,,6.4,,0,0,0,0,0,0,0,,,,
ZUESTA,2009,3,26,21,5.6,,,,,,,,944.8,,4.8,,0,0,0,0,0,0,0,,,,
ZUESTA,2009,3,26,22,5.6,,,,,,,,944.8,,5.2,,0,0,0,0,0,0,0,,,,
ZUESTA,2009,3,26,23,5.4,,,,,,,,944.4,,3.8,,0,0,0,0,0,0,0,,,,
ZUESTA,2009,3,27,0,4.9,,,,,,,,944,,3.2,,0,0,0,0,0,0,0,,,,
ZUESTA,2009,3,27,1,5,,,,,,,,943.5,,2.3,,0,0,0,0,0,0,0,,,,
ZUESTA,2009,3,27,2,4.9,,,,,,,,942.9,,2.2,,0,0,0,0,0,0,0,,,,
ZUESTA,2009,3,27,3,5.1,,,,,,,,942.4,,3.9,,0,0,0,0,0,0,0,,,,
ZUESTA,2009,3,27,4,5.7,,,,,,,,942.1,,6.2,,0,0,0,0,0,0,0,,,,
ZUESTA,2009,3,27,5,5.7,,,,,,,,941.9,,6,,0,0,0,0,0,0,0,,,,
ZUESTA,2009,3,27,6,5.9,,,,,,,,942,,5.7,,17,0,0,0,0,0,0,,,,
ZUESTA,2009,3,27,7,6.2,,,,,,,,942.1,,5.6,,100,469.4,43.3,0,0,0,0,,,,
ZUESTA,2009,3,27,8,7.2,,,,,,,,942.2,,5.1,,190,191.6,134.3,0,0,0,0,,,,
ZUESTA,2009,3,27,9,9,,,,,,,,941.9,,6.2,,356,421.9,168.7,0,0,0,0,,,,
ZUESTA,2009,3,27,10,9.9,,,,,,,,941.8,,8.5,,414,294.1,246.5,0,0,0,0,,,,
ZUESTA,2009,3,27,11,11.4,,,,,,,,941.2,,9.2,,673,829.7,126.4,0,0,0,0,,,,
ZUESTA,2009,3,27,12,11.7,,,,,,,,940.8,,7.6,,519,307.8,301.9,0,0,0,0,,,,
ZUESTA,2009,3,27,13,12.6,,,,,,,,940.3,,7.5,,603,518.9,236.3,0,0,0,0,,,,
ZUESTA,2009,3,27,14,13.8,,,,,,,,939.7,,7.5,,592,598.8,195.5,0,0,0,0,,,,
ZUESTA,2009,3,27,15,12.1,,,,,,,,939.3,,6.7,,264,36.8,242.9,0,0,0,0,,,,
ZUESTA,2009,3,27,16,9.2,,,,,,,,939.6,,3.9,,159,10.2,154.4,0,0,0,0,,,,
ZUESTA,2009,3,27,17,8.3,,,,,,,,940,,3.3,,50,1.8,49.5,0,0,0,0,,,,
ZUESTA,2009,3,27,18,7.6,,,,,,,,940,,1.6,,1,0,1,0,0,0,0,,,,
ZUESTA,2009,3,27,19,7.3,,,,,,,,940.3,,1,,0,0,0,0,0,0,0,,,,
ZUESTA,2009,3,27,20,6.9,,,,,,,,939.9,,0.7,,0,0,0,0,0,0,0,,,,
ZUESTA,2009,3,27,21,6.5,,,,,,,,939.8,,0.8,,0,0,0,0,0,0,0,,,,
ZUESTA,2009,3,27,22,6.3,,,,,,,,939.6,,1.3,,0,0,0,0,0,0,0,,,,
ZUESTA,2009,3,27,23,6.4,,,,,,,,939.1,,1.2,,0,0,0,0,0,0,0,,,,
ZUESTA,2009,3,28,0,6,,,,,,,,938.2,,0.4,,0,0,0,0,0,0,0,,,,
ZUESTA,2009,3,28,1,5.7,,,,,,,,937.3,,0.5,,0,0,0,0,0,0,0,,,,
ZUESTA,2009,3,28,2,5.6,,,,,,,,936.5,,0.4,,0,0,0,0,0,0,0,,,,
ZUESTA,2009,3,28,3,5.6,,,,,,,,935.9,,1.2,,0,0,0,0,0,0,0,,,,
ZUESTA,2009,3,28,4,5.1,,,,,,,,935.3,,0.6,,0,0,0,0,0,0,0,,,,
ZUESTA,2009,3,28,5,4.5,,,,,,,,934.7,,0.6,,3,0,0,0,0,0,0,,,,
ZUESTA,2009,3,28,6,4.9,,,,,,,,934.5,,0.4,,52,0,0,0,0,0,0,,,,
ZUESTA,2009,3,28,7,6.1,,,,,,,,934.4,,0.7,,135,888.1,22.5,0,0,0,0,,,,
ZUESTA,2009,3,28,8,6.7,,,,,,,,934.7,,0.8,,128,27,120,0,0,0,0,,,,
ZUESTA,2009,3,28,9,7.4,,,,,,,,935.1,,1.1,,179,18,170.9,0,0,0,0,,,,
ZUESTA,2009,3,28,10,7.5,,,,,,,,935.8,,1.6,,103,2.1,101.8,0,0,0,0,,,,
ZUESTA,2009,3,28,11,7.5,,,,,,,,936.5,,6,,58,0.5,57.7,0,0,0,0,,,,
ZUESTA,2009,3,28,12,6.7,,,,,,,,937.1,,4.5,,59,0.5,58.7,0,0,0,0,,,,
ZUESTA,2009,3,28,13,5.8,,,,,,,,937.9,,3,,57,0.4,56.7,0,0,0,0,,,,
ZUESTA,2009,3,28,14,5.7,,,,,,,,938.5,,2,,31,0.1,30.9,0,0,0,0,,,,
ZUESTA,2009,3,28,15,4.8,,,,,,,,939.3,,2.9,,47,0.4,46.7,0,0,0,0,,,,
ZUESTA,2009,3,28,16,4.1,,,,,,,,939.9,,2.3,,26,0.2,25.9,0,0,0,0,,,,
ZUESTA,2009,3,28,17,3.8,,,,,,,,940.6,,3.6,,7,0,7,0,0,0,0,,,,
ZUESTA,2009,3,28,18,3.4,,,,,,,,941.1,,2.6,,0,0,0,0,0,0,0,,,,
ZUESTA,2009,3,28,19,3.5,,,,,,,,941.5,,2.1,,0,0,0,0,0,0,0,,,,
ZUESTA,2009,3,28,20,3.3,,,,,,,,942.1,,2.2,,0,0,0,0,0,0,0,,,,
ZUESTA,2009,3,28,21,3.3,,,,,,,,942.3,,1.8,,0,0,0,0,0,0,0,,,,
ZUESTA,2009,3,28,22,3.2,,,,,,,,942.5,,1.4,,0,0,0,0,0,0,0,,,,
ZUESTA,2009,3,28,23,3.2,,,,,,,,942.7,,1.1,,0,0,0,0,0,0,0,,,,
ZUESTA,2009,3,29,0,2.9,,,,,,,,942.6,,0.6,,0,0,0,0,0,0,0,,,,
ZUESTA,2009,3,29,1,3,,,,,,,,942.3,,0.6,,0,0,0,0,0,0,0,,,,
ZUESTA,2009,3,29,2,2.8,,,,,,,,942.2,,0.4,,0,0,0,0,0,0,0,,,,
ZUESTA,2009,3,29,3,2.6,,,,,,,,942.1,,0.9,,0,0,0,0,0,0,0,,,,
ZUESTA,2009,3,29,4,2.4,,,,,,,,942.3,,0.7,,0,0,0,0,0,0,0,,,,
ZUESTA,2009,3,29,5,2.5,,,,,,,,942.3,,0.4,,3,0,0,0,0,0,0,,,,
ZUESTA,2009,3,29,6,2.8,,,,,,,,942.5,,0.3,,40,0,0,0,0,0,0,,,,
ZUESTA,2009,3,29,7,3.3,,,,,,,,942.7,,0.5,,114,0,0,0,0,0,0,,,,
ZUESTA,2009,3,29,8,3.7,,,,,,,,942.6,,1.2,,192,1210.9,31.7,0,0,0,0,,,,
ZUESTA,2009,3,29,9,4.3,,,,,,,,942.6,,1.5,,287,708.1,73.1,0,0,0,0,,,,
ZUESTA,2009,3,29,10,5,,,,,,,,942.5,,1.8,,267,120,212.4,0,0,0,0,,,,
ZUESTA,2009,3,29,11,5.6,,,,,,,,942.4,,1.9,,241,22.2,228.1,0,0,0,0,,,,
ZUESTA,2009,3,29,12,5.9,,,,,,,,942.2,,2.5,,249,13,240.3,0,0,0,0,,,,
ZUESTA,2009,3,29,13,5.9,,,,,,,,942.1,,2.2,,173,3.8,170.3,0,0,0,0,,,,
ZUESTA,2009,3,29,14,6,,,,,,,,942.2,,2.2,,153,3,150.9,0,0,0,0,,,,
ZUESTA,2009,3,29,15,5.7,,,,,,,,942.5,,2,,111,1.8,109.8,0,0,0,0,,,,
ZUESTA,2009,3,29,16,5,,,,,,,,942.8,,2,,55,0.6,54.7,0,0,0,0,,,,
ZUESTA,2009,3,29,17,4.1,,,,,,,,943.3,,2.2,,6,0,6,0,0,0,0,,,,
ZUESTA,2009,3,29,18,3.7,,,,,,,,943.8,,2.2,,0,0,0,0,0,0,0,,,,
ZUESTA,2009,3,29,19,3.7,,,,,,,,944.5,,2.3,,0,0,0,0,0,0,0,,,,
ZUESTA,2009,3,29,20,3.5,,,,,,,,945,,2.2,,0,0,0,0,0,0,0,,,,
ZUESTA,2009,3,29,21,3.4,,,,,,,,945.4,,1.5,,0,0,0,0,0,0,0,,,,
ZUESTA,2009,3,29,22,3.4,,,,,,,,945.9,,1.8,,0,0,0,0,0,0,0,,,,
ZUESTA,2009,3,29,23,3.3,,,,,,,,946.3,,1.9,,0,0,0,0,0,0,0,,,,
ZUESTA,2009,3,30,0,3.2,,,,,,,,946.5,,1.8,,0,0,0,0,0,0,0,,,,
ZUESTA,2009,3,30,1,3.2,,,,,,,,946.8,,1.9,,0,0,0,0,0,0,0,,,,
ZUESTA,2009,3,30,2,3.3,,,,,,,,946.8,,2.5,,0,0,0,0,0,0,0,,,,
ZUESTA,2009,3,30,3,3.2,,,,,,,,947.1,,2.8,,0,0,0,0,0,0,0,,,,
ZUESTA,2009,3,30,4,2.9,,,,,,,,947.4,,3.2,,0,0,0,0,0,0,0,,,,
ZUESTA,2009,3,30,5,2.8,,,,,,,,947.8,,2.8,,2,0,0,0,0,0,0,,,,
ZUESTA,2009,3,30,6,3.2,,,,,,,,948.5,,3.1,,27,0,0,0,0,0,0,,,,
ZUESTA,2009,3,30,7,3.5,,,,,,,,949.1,,2.5,,56,0,0,0,0,0,0,,,,
ZUESTA,2009,3,30,8,4,,,,,,,,949.5,,2.5,,85,148.5,64.5,0,0,0,0,,,,
ZUESTA,2009,3,30,9,4.5,,,,,,,,950.1,,2.5,,92,5.9,90.2,0,0,0,0,,,,
ZUESTA,2009,3,30,10,5.3,,,,,,,,950.2,,2.7,,177,15.2,170,0,0,0,0,,,,
ZUESTA,2009,3,30,11,6.1,,,,,,,,950.3,,3.3,,251,26.2,235.7,0,0,0,0,,,,
ZUESTA,2009,3,30,12,6.3,,,,,,,,950.3,,3.5,,165,3.9,162.3,0,0,0,0,,,,
ZUESTA,2009,3,30,13,6,,,,,,,,950.5,,3.5,,84,0.9,83.4,0,0,0,0,,,,
ZUESTA,2009,3,30,14,5.8,,,,,,,,950.9,,3,,93,1.1,92.2,0,0,0,0,,,,
ZUESTA,2009,3,30,15,6,,,,,,,,951.2,,2.1,,79,0.9,78.4,0,0,0,0,,,,
ZUESTA,2009,3,30,16,6,,,,,,,,951.6,,1.4,,32,0.2,31.9,0,0,0,0,,,,
ZUESTA,2009,3,30,17,5.9,,,,,,,,951.8,,0.7,,8,0,8,0,0,0,0,,,,
ZUESTA,2009,3,30,18,5.9,,,,,,,,952.3,,0.7,,0,0,0,0,0,0,0,,,,
ZUESTA,2009,3,30,19,5.8,,,,,,,,953,,1.4,,0,0,0,0,0,0,0,,,,
ZUESTA,2009,3,30,20,5.7,,,,,,,,953.5,,1.9,,0,0,0,0,0,0,0,,,,
ZUESTA,2009,3,30,21,5.5,,,,,,,,953.7,,2.3,,0,0,0,0,0,0,0,,,,
ZUESTA,2009,3,30,22,5.4,,,,,,,,953.6,,3.5,,0,0,0,0,0,0,0,,,,
ZUESTA,2009,3,30,23,4.9,,,,,,,,953.6,,1.2,,0,0,0,0,0,0,0,,,,
ZUESTA,2009,3,31,0,4.4,,,,,,,,953.4,,2,,0,0,0,0,0,0,0,,,,
ZUESTA,2009,3,31,1,4,,,,,,,,953.1,,2.2,,0,0,0,0,0,0,0,,,,
ZUESTA,2009,3,31,2,3.4,,,,,,,,952.9,,1.8,,0,0,0,0,0,0,0,,,,
ZUESTA,2009,3,31,3,3.2,,,,,,,,953,,3,,0,0,0,0,0,0,0,,,,
ZUESTA,2009,3,31,4,3.2,,,,,,,,953.2,,3.2,,0,0,0,0,0,0,0,,,,
ZUESTA,2009,3,31,5,3.2,,,,,,,,953.6,,2.5,,1,0,0,0,0,0,0,,,,
ZUESTA,2009,3,31,6,3,,,,,,,,953.7,,2.4,,14,0,0,0,0,0,0,,,,
ZUESTA,2009,3,31,7,3.2,,,,,,,,953.8,,2.5,,51,0,0,0,0,0,0,,,,
ZUESTA,2009,3,31,8,3.4,,,,,,,,953.7,,2.1,,67,39.8,61.3,0,0,0,0,,,,
ZUESTA,2009,3,31,9,3.9,,,,,,,,953.9,,2.4,,114,11.8,110.3,0,0,0,0,,,,
ZUESTA,2009,3,31,10,4.7,,,,,,,,953.7,,2.3,,150,7.3,146.6,0,0,0,0,,,,
ZUESTA,2009,3,31,11,5.5,,,,,,,,953.4,,2.3,,166,5.2,162.9,0,0,0,0,,,,
ZUESTA,2009,3,31,12,5.9,,,,,,,,953.2,,2,,138,2.7,136.2,0,0,0,0,,,,
ZUESTA,2009,3,31,13,6.8,,,,,,,,952.6,,2.4,,213,5.7,208.9,0,0,0,0,,,,
ZUESTA,2009,3,31,14,7.5,,,,,,,,952.2,,2.4,,144,2.6,142.1,0,0,0,0,,,,
ZUESTA,2009,3,31,15,7.4,,,,,,,,951.8,,2.4,,67,0.6,66.6,0,0,0,0,,,,
ZUESTA,2009,3,31,16,7.4,,,,,,,,951.6,,1.9,,49,0.5,48.7,0,0,0,0,,,,
ZUESTA,2009,3,31,17,7.3,,,,,,,,951.2,,2.5,,15,0.1,15,0,0,0,0,,,,
ZUESTA,2009,3,31,18,7.1,,,,,,,,951.1,,2.6,,0,0,0,0,0,0,0,,,,
ZUESTA,2009,3,31,19,6.7,,,,,,,,950.9,,2,,0,0,0,0,0,0,0,,,,
ZUESTA,2009,3,31,20,6.6,,,,,,,,950.6,,1.9,,0,0,0,0,0,0,0,,,,
ZUESTA,2009,3,31,21,6.4,,,,,,,,950.1,,1.7,,0,0,0,0,0,0,0,,,,
ZUESTA,2009,3,31,22,6.2,,,,,,,,949.4,,1.6,,0,0,0,0,0,0,0,,,,
ZUESTA,2009,3,31,23,6,,,,,,,,948.8,,1.6,,0,0,0,0,0,0,0,,,,
ZUESTA,2009,4,1,0,5.7,,,,,,,,948.4,,2.3,,0,0,0,0,0,0,0,,,,
ZUESTA,2009,4,1,1,5.4,,,,,,,,947.8,,3,,0,0,0,0,0,0,0,,,,
ZUESTA,2009,4,1,2,5.1,,,,,,,,947.4,,3,,0,0,0,0,0,0,0,,,,
ZUESTA,2009,4,1,3,4.8,,,,,,,,947,,3.2,,0,0,0,0,0,0,0,,,,
ZUESTA,2009,4,1,4,4.7,,,,,,,,946.8,,3.1,,0,0,0,0,0,0,0,,,,
ZUESTA,2009,4,1,5,4.6,,,,,,,,946.8,,3.2,,12,0,0,0,0,0,0,,,,
ZUESTA,2009,4,1,6,4.9,,,,,,,,946.9,,4.2,,60,0,0,0,0,0,0,,,,
ZUESTA,2009,4,1,7,5.1,,,,,,,,947.2,,4.4,,86,0,0,0,0,0,0,,,,
ZUESTA,2009,4,1,8,5.3,,,,,,,,947.6,,3.6,,113,343,61.7,0,0,0,0,,,,
ZUESTA,2009,4,1,9,5.7,,,,,,,,948.1,,2.9,,154,47.8,138.8,0,0,0,0,,,,
ZUESTA,2009,4,1,10,6.4,,,,,,,,948.5,,2.9,,237,58.3,209.5,0,0,0,0,,,,
ZUESTA,2009,4,1,11,6.9,,,,,,,,948.8,,2.9,,307,65.7,267.9,0,0,0,0,,,,
ZUESTA,2009,4,1,12,7,,,,,,,,948.9,,3,,239,9.9,232.2,0,0,0,0,,,,
ZUESTA,2009,4,1,13,7.3,,,,,,,,949,,2.6,,200,4.9,196.4,0,0,0,0,,,,
ZUESTA,2009,4,1,14,7.4,,,,,,,,949.1,,2.8,,138,2.4,136.3,0,0,0,0,,,,
ZUESTA,2009,4,1,15,7.6,,,,,,,,949,,2.6,,136,2.6,134.2,0,0,0,0,,,,
ZUESTA,2009,4,1,16,7.3,,,,,,,,949,,2.6,,46,0.4,45.8,0,0,0,0,,,,
ZUESTA,2009,4,1,17,7,,,,,,,,949.2,,1.9,,12,0,12,0,0,0,0,,,,
ZUESTA,2009,4,1,18,6.9,,,,,,,,949.4,,1.5,,0,0,0,0,0,0,0,,,,
ZUESTA,2009,4,1,19,7,,,,,,,,949.3,,1.2,,0,0,0,0,0,0,0,,,,
ZUESTA,2009,4,1,20,6.5,,,,,,,,949,,0.9,,0,0,0,0,0,0,0,,,,
ZUESTA,2009,4,1,21,5.2,,,,,,,,948.6,,0.5,,0,0,0,0,0,0,0,,,,
ZUESTA,2009,4,1,22,4.9,,,,,,,,948.3,,0.8,,0,0,0,0,0,0,0,,,,
ZUESTA,2009,4,1,23,5.7,,,,,,,,948,,0.4,,0,0,0,0,0,0,0,,,,
ZUESTA,2009,4,2,0,6.4,,,,,,,,947.8,,0.3,,0,0,0,0,0,0,0,,,,
ZUESTA,2009,4,2,1,6.7,,,,,,,,947.5,,1,,0,0,0,0,0,0,0,,,,
ZUESTA,2009,4,2,2,6.9,,,,,,,,947.4,,0.5,,0,0,0,0,0,0,0,,,,
ZUESTA,2009,4,2,3,7.1,,,,,,,,947.1,,0.8,,0,0,0,0,0,0,0,,,,
ZUESTA,2009,4,2,4,7.2,,,,,,,,947.1,,1.4,,0,0,0,0,0,0,0,,,,
ZUESTA,2009,4,2,5,6.9,,,,,,,,947.3,,1.7,,6,0,0,0,0,0,0,,,,
ZUESTA,2009,4,2,6,6.9,,,,,,,,947.4,,1.8,,25,0,0,0,0,0,0,,,,
ZUESTA,2009,4,2,7,8,,,,,,,,947.7,,1.9,,83,0,0,0,0,0,0,,,,
ZUESTA,2009,4,2,8,8.5,,,,,,,,947.9,,2.4,,138,592.5,46,0,0,0,0,,,,
ZUESTA,2009,4,2,9,9.6,,,,,,,,948.1,,3.1,,324,795.7,65.8,0,0,0,0,,,,
ZUESTA,2009,4,2,10,11.2,,,,,,,,948,,3.3,,590,1033.3,97.4,0,0,0,0,,,,
ZUESTA,2009,4,2,11,13.1,,,,,,,,947.7,,2.7,,743,1032.2,122.6,0,0,0,0,,,,
ZUESTA,2009,4,2,12,14.1,,,,,,,,947.7,,2.7,,640,670.8,177.9,0,0,0,0,,,,
ZUESTA,2009,4,2,13,15.1,,,,,,,,947.5,,2.2,,494,218.4,333.6,0,0,0,0,,,,
ZUESTA,2009,4,2,14,15.8,,,,,,,,947.6,,1.9,,483,199.3,336.8,0,0,0,0,,,,
ZUESTA,2009,4,2,15,15.8,,,,,,,,947.5,,1.2,,278,19.5,264.6,0,0,0,0,,,,
ZUESTA,2009,4,2,16,15.7,,,,,,,,947.6,,1.2,,238,17.9,227.3,0,0,0,0,,,,
ZUESTA,2009,4,2,17,14.3,,,,,,,,948.1,,0.7,,45,0.6,44.7,0,0,0,0,,,,
ZUESTA,2009,4,2,18,13.1,,,,,,,,948.5,,1.6,,2,0,2,0,0,0,0,,,,
ZUESTA,2009,4,2,19,12,,,,,,,,949,,1.8,,0,0,0,0,0,0,0,,,,
ZUESTA,2009,4,2,20,11.3,,,,,,,,949.2,,2.3,,0,0,0,0,0,0,0,,,,
ZUESTA,2009,4,2,21,11.3,,,,,,,,949.3,,2.7,,0,0,0,0,0,0,0,,,,
ZUESTA,2009,4,2,22,10.9,,,,,,,,949.7,,2.6,,0,0,0,0,0,0,0,,,,
ZUESTA,2009,4,2,23,10.4,,,,,,,,950,,1.8,,0,0,0,0,0,0,0,,,,
ZUESTA,2009,4,3,0,9.8,,,,,,,,950.1,,1.6,,0,0,0,0,0,0,0,,,,
ZUESTA,2009,4,3,1,9.1,,,,,,,,950.4,,1.2,,0,0,0,0,0,0,0,,,,
ZUESTA,2009,4,3,2,9.6,,,,,,,,950.6,,1.7,,0,0,0,0,0,0,0,,,,
ZUESTA,2009,4,3,3,9.3,,,,,,,,950.9,,1.6,,0,0,0,0,0,0,0,,,,
ZUESTA,2009,4,3,4,7.9,,,,,,,,951.1,,1.1,,0,0,0,0,0,0,0,,,,
ZUESTA,2009,4,3,5,8.1,,,,,,,,951.6,,1.1,,11,0,0,0,0,0,0,,,,
ZUESTA,2009,4,3,6,8.1,,,,,,,,952.3,,0.8,,102,0,0,0,0,0,0,,,,
ZUESTA,2009,4,3,7,9.7,,,,,,,,952.9,,1.3,,273,0,0,0,0,0,0,,,,
ZUESTA,2009,4,3,8,11,,,,,,,,953.3,,1.5,,442,2293.6,72.9,0,0,0,0,,,,
ZUESTA,2009,4,3,9,12.3,,,,,,,,953.6,,1.9,,573,1449.5,94.5,0,0,0,0,,,,
ZUESTA,2009,4,3,10,13.7,,,,,,,,953.6,,2.2,,650,1125.8,107.2,0,0,0,0,,,,
ZUESTA,2009,4,3,11,15,,,,,,,,953.5,,1.7,,760,1046.9,125.4,0,0,0,0,,,,
ZUESTA,2009,4,3,12,15.8,,,,,,,,953.4,,1.9,,711,837.4,130.1,0,0,0,0,,,,
ZUESTA,2009,4,3,13,16.1,,,,,,,,953.1,,2.5,,540,303.9,315.5,0,0,0,0,,,,
ZUESTA,2009,4,3,14,16.7,,,,,,,,952.9,,2.5,,553,333.3,306.9,0,0,0,0,,,,
ZUESTA,2009,4,3,15,17,,,,,,,,952.9,,3,,421,142.2,322.6,0,0,0,0,,,,
ZUESTA,2009,4,3,16,16.3,,,,,,,,952.9,,2.4,,248,21.2,235.2,0,0,0,0,,,,
ZUESTA,2009,4,3,17,15.4,,,,,,,,952.9,,2.2,,81,1.9,80.1,0,0,0,0,,,,
ZUESTA,2009,4,3,18,13.9,,,,,,,,953.3,,1.2,,3,0,3,0,0,0,0,,,,
ZUESTA,2009,4,3,19,12.8,,,,,,,,953.8,,1.2,,0,0,0,0,0,0,0,,,,
ZUESTA,2009,4,3,20,12,,,,,,,,954.2,,0.8,,0,0,0,0,0,0,0,,,,
ZUESTA,2009,4,3,21,10.8,,,,,,,,954.6,,0.5,,0,0,0,0,0,0,0,,,,
ZUESTA,2009,4,3,22,9.9,,,,,,,,954.8,,0.3,,0,0,0,0,0,0,0,,,,
ZUESTA,2009,4,3,23,9.4,,,,,,,,954.8,,0.3,,0,0,0,0,0,0,0,,,,
ZUESTA,2009,4,4,0,9.2,,,,,,,,954.7,,0.2,,0,0,0,0,0,0,0,,,,
ZUESTA,2009,4,4,1,8.7,,,,,,,,954.5,,0.2,,0,0,0,0,0,0,0,,,,
ZUESTA,2009,4,4,2,8.4,,,,,,,,954.6,,0.1,,0,0,0,0,0,0,0,,,,
ZUESTA,2009,4,4,3,8.2,,,,,,,,954.7,,0.3,,0,0,0,0,0,0,0,,,,
ZUESTA,2009,4,4,4,7.7,,,,,,,,954.7,,0.3,,0,0,0,0,0,0,0,,,,
ZUESTA,2009,4,4,5,8,,,,,,,,954.7,,0.2,,5,0,0,0,0,0,0,,,,
ZUESTA,2009,4,4,6,8.2,,,,,,,,955,,0.4,,25,0,0,0,0,0,0,,,,
ZUESTA,2009,4,4,7,8.8,,,,,,,,955.1,,0.3,,132,0,0,0,0,0,0,,,,
ZUESTA,2009,4,4,8,10.2,,,,,,,,955.5,,0.7,,319,1599.5,52.6,0,0,0,0,,,,
ZUESTA,2009,4,4,9,11.6,,,,,,,,955.7,,1.9,,493,1226.7,81.3,0,0,0,0,,,,
ZUESTA,2009,4,4,10,12.7,,,,,,,,955.6,,1.6,,411,504.9,164.9,0,0,0,0,,,,
ZUESTA,2009,4,4,11,14,,,,,,,,955.3,,1.4,,668,912.6,110.2,0,0,0,0,,,,
ZUESTA,2009,4,4,12,14.4,,,,,,,,955,,1.1,,419,134.1,325.3,0,0,0,0,,,,
ZUESTA,2009,4,4,13,14.9,,,,,,,,954.8,,0.7,,363,50.9,325.2,0,0,0,0,,,,
ZUESTA,2009,4,4,14,15.4,,,,,,,,954.6,,0.8,,358,47.8,322.5,0,0,0,0,,,,
ZUESTA,2009,4,4,15,15.7,,,,,,,,954.4,,1.1,,286,21.3,271.2,0,0,0,0,,,,
ZUESTA,2009,4,4,16,15.4,,,,,,,,954.2,,0.8,,111,2.2,109.7,0,0,0,0,,,,
ZUESTA,2009,4,4,17,14.1,,,,,,,,954.5,,1.4,,43,0.5,42.7,0,0,0,0,,,,
ZUESTA,2009,4,4,18,12.1,,,,,,,,955,,2.1,,2,0,2,0,0,0,0,,,,
ZUESTA,2009,4,4,19,11,,,,,,,,955.6,,2.6,,0,0,0,0,0,0,0,,,,
ZUESTA,2009,4,4,20,10.4,,,,,,,,956.1,,1.6,,0,0,0,0,0,0,0,,,,
ZUESTA,2009,4,4,21,10.1,,,,,,,,956.3,,1.2,,0,0,0,0,0,0,0,,,,
ZUESTA,2009,4,4,22,9.4,,,,,,,,956.3,,0.6,,0,0,0,0,0,0,0,,,,
ZUESTA,2009,4,4,23,9.4,,,,,,,,956.4,,0.3,,0,0,0,0,0,0,0,,,,
ZUESTA,2009,4,5,0,8.5,,,,,,,,956.4,,0.3,,0,0,0,0,0,0,0,,,,
ZUESTA,2009,4,5,1,8.3,,,,,,,,956.3,,0.4,,0,0,0,0,0,0,0,,,,
ZUESTA,2009,4,5,2,8.7,,,,,,,,956.2,,0.4,,0,0,0,0,0,0,0,,,,
ZUESTA,2009,4,5,3,8.3,,,,,,,,956.1,,0.4,,0,0,0,0,0,0,0,,,,
ZUESTA,2009,4,5,4,8.2,,,,,,,,956.2,,0.2,,0,0,0,0,0,0,0,,,,
ZUESTA,2009,4,5,5,8,,,,,,,,956.3,,0.3,,22,0,0,0,0,0,0,,,,
ZUESTA,2009,4,5,6,8.4,,,,,,,,956.5,,0.3,,101,0,0,0,0,0,0,,,,
ZUESTA,2009,4,5,7,9.3,,,,,,,,956.5,,0.6,,254,0,0,0,0,0,0,,,,
ZUESTA,2009,4,5,8,10.9,,,,,,,,956.4,,0.9,,447,2168.6,73.8,0,0,0,0,,,,
ZUESTA,2009,4,5,9,13,,,,,,,,956.4,,1.5,,594,1454.4,98,0,0,0,0,,,,
ZUESTA,2009,4,5,10,14.2,,,,,,,,956.1,,1.2,,697,1181.4,115,0,0,0,0,,,,
ZUESTA,2009,4,5,11,15.5,,,,,,,,955.5,,1.8,,608,777.9,128.7,0,0,0,0,,,,
ZUESTA,2009,4,5,12,16.3,,,,,,,,955,,2.9,,631,611.1,201.2,0,0,0,0,,,,
ZUESTA,2009,4,5,13,17.2,,,,,,,,954.5,,2.3,,639,527.3,244.7,0,0,0,0,,,,
ZUESTA,2009,4,5,14,16.6,,,,,,,,954,,2.4,,270,11.6,261.4,0,0,0,0,,,,
ZUESTA,2009,4,5,15,17,,,,,,,,953.4,,2.2,,367,71.9,316.7,0,0,0,0,,,,
ZUESTA,2009,4,5,16,16.5,,,,,,,,953.2,,1.5,,124,2.7,122.3,0,0,0,0,,,,
ZUESTA,2009,4,5,17,15.2,,,,,,,,953.1,,2.1,,53,0.8,52.6,0,0,0,0,,,,
ZUESTA,2009,4,5,18,13.4,,,,,,,,953.1,,2.6,,4,0,4,0,0,0,0,,,,
ZUESTA,2009,4,5,19,12.4,,,,,,,,953.5,,2.8,,0,0,0,0,0,0,0,,,,
ZUESTA,2009,4,5,20,11.4,,,,,,,,953.7,,2.1,,0,0,0,0,0,0,0,,,,
ZUESTA,2009,4,5,21,10.5,,,,,,,,953.6,,2,,0,0,0,0,0,0,0,,,,
ZUESTA,2009,4,5,22,9.8,,,,,,,,953.4,,1.8,,0,0,0,0,0,0,0,,,,
ZUESTA,2009,4,5,23,9,,,,,,,,953.1,,0.6,,0,0,0,0,0,0,0,,,,
ZUESTA,2009,4,6,0,8.6,,,,,,,,952.8,,0.6,,0,0,0,0,0,0,0,,,,
ZUESTA,2009,4,6,1,8,,,,,,,,952.5,,0.9,,0,0,0,0,0,0,0,,,,
ZUESTA,2009,4,6,2,7.8,,,,,,,,952.2,,0.7,,0,0,0,0,0,0,0,,,,
ZUESTA,2009,4,6,3,7.4,,,,,,,,952.1,,0.3,,0,0,0,0,0,0,0,,,,
ZUESTA,2009,4,6,4,6.9,,,,,,,,951.9,,0.5,,0,0,0,0,0,0,0,,,,
ZUESTA,2009,4,6,5,6.8,,,,,,,,952.1,,0.3,,20,0,0,0,0,0,0,,,,
ZUESTA,2009,4,6,6,7.8,,,,,,,,952.4,,0,,143,0,0,0,0,0,0,,,,
ZUESTA,2009,4,6,7,9.2,,,,,,,,952.3,,0.7,,316,0,0,0,0,0,0,,,,
ZUESTA,2009,4,6,8,10.7,,,,,,,,952.3,,0.9,,475,2232.4,78.4,0,0,0,0,,,,
ZUESTA,2009,4,6,9,12.8,,,,,,,,952.1,,0.9,,625,1506.5,103.1,0,0,0,0,,,,
ZUESTA,2009,4,6,10,14.5,,,,,,,,951.6,,1.2,,721,1209.4,119,0,0,0,0,,,,
ZUESTA,2009,4,6,11,16,,,,,,,,950.8,,1.1,,775,1041.9,127.9,0,0,0,0,,,,
ZUESTA,2009,4,6,12,17.9,,,,,,,,950,,1.3,,768,906.2,126.5,0,0,0,0,,,,
ZUESTA,2009,4,6,13,18.9,,,,,,,,949.3,,1.4,,723,733.5,171.3,0,0,0,0,,,,
ZUESTA,2009,4,6,14,19.3,,,,,,,,948.6,,1.2,,603,429.7,280.2,0,0,0,0,,,,
ZUESTA,2009,4,6,15,18.7,,,,,,,,947.9,,1.7,,280,18.2,267.2,0,0,0,0,,,,
ZUESTA,2009,4,6,16,18.3,,,,,,,,947.5,,0.9,,151,4,148.6,0,0,0,0,,,,
ZUESTA,2009,4,6,17,17.9,,,,,,,,947.4,,1,,91,2.3,89.9,0,0,0,0,,,,
ZUESTA,2009,4,6,18,15.7,,,,,,,,947.4,,0.7,,5,0,5,0,0,0,0,,,,
ZUESTA,2009,4,6,19,14.2,,,,,,,,947.7,,1.3,,0,0,0,0,0,0,0,,,,
ZUESTA,2009,4,6,20,13.3,,,,,,,,947.8,,0.3,,0,0,0,0,0,0,0,,,,
ZUESTA,2009,4,6,21,12.2,,,,,,,,947.5,,0.2,,0,0,0,0,0,0,0,,,,
ZUESTA,2009,4,6,22,11.2,,,,,,,,947.4,,0,,0,0,0,0,0,0,0,,,,
ZUESTA,2009,4,6,23,10.5,,,,,,,,947.3,,0,,0,0,0,0,0,0,0,,,,
ZUESTA,2009,4,7,0,10,,,,,,,,947.2,,0.5,,0,0,0,0,0,0,0,,,,
ZUESTA,2009,4,7,1,9.7,,,,,,,,947,,0.4,,0,0,0,0,0,0,0,,,,
ZUESTA,2009,4,7,2,8.5,,,,,,,,946.9,,0.2,,0,0,0,0,0,0,0,,,,
ZUESTA,2009,4,7,3,8.2,,,,,,,,946.9,,0.4,,0,0,0,0,0,0,0,,,,
ZUESTA,2009,4,7,4,8.8,,,,,,,,946.8,,0.6,,0,0,0,0,0,0,0,,,,
ZUESTA,2009,4,7,5,8.7,,,,,,,,946.9,,0.5,,19,0,0,0,0,0,0,,,,
ZUESTA,2009,4,7,6,8.7,,,,,,,,947.1,,0.4,,155,0,0,0,0,0,0,,,,
ZUESTA,2009,4,7,7,10.7,,,,,,,,947.1,,0.5,,336,0,0,0,0,0,0,,,,
ZUESTA,2009,4,7,8,13.6,,,,,,,,947.1,,0.9,,510,2324.8,84.2,0,0,0,0,,,,
ZUESTA,2009,4,7,9,15.3,,,,,,,,947.1,,1.3,,652,1547.7,107.6,0,0,0,0,,,,
ZUESTA,2009,4,7,10,16.5,,,,,,,,946.8,,1.5,,754,1251.9,124.4,0,0,0,0,,,,
ZUESTA,2009,4,7,11,18,,,,,,,,946.6,,1.6,,800,1067.1,132,0,0,0,0,,,,
ZUESTA,2009,4,7,12,19.2,,,,,,,,946.4,,1.8,,785,919.9,129.5,0,0,0,0,,,,
ZUESTA,2009,4,7,13,19.8,,,,,,,,946.1,,2,,719,714.2,178.7,0,0,0,0,,,,
ZUESTA,2009,4,7,14,19.9,,,,,,,,946,,1.9,,617,456.7,272.1,0,0,0,0,,,,
ZUESTA,2009,4,7,15,20,,,,,,,,945.9,,2.1,,437,152.5,328.9,0,0,0,0,,,,
ZUESTA,2009,4,7,16,19.6,,,,,,,,946,,2.1,,266,26.8,249.4,0,0,0,0,,,,
ZUESTA,2009,4,7,17,17.9,,,,,,,,946.3,,2.5,,69,1.3,68.4,0,0,0,0,,,,
ZUESTA,2009,4,7,18,14.5,,,,,,,,947.4,,3.7,,2,0,2,0,0,0,0,,,,
ZUESTA,2009,4,7,19,12.9,,,,,,,,948.6,,4.1,,0,0,0,0,0,0,0,,,,
ZUESTA,2009,4,7,20,11.9,,,,,,,,950,,4.1,,0,0,0,0,0,0,0,,,,
ZUESTA,2009,4,7,21,11,,,,,,,,950.6,,3.3,,0,0,0,0,0,0,0,,,,
ZUESTA,2009,4,7,22,10.5,,,,,,,,951.1,,2.6,,0,0,0,0,0,0,0,,,,
ZUESTA,2009,4,7,23,10.2,,,,,,,,951.3,,1.6,,0,0,0,0,0,0,0,,,,
ZUESTA,2009,4,8,0,9.4,,,,,,,,951.3,,0.4,,0,0,0,0,0,0,0,,,,
ZUESTA,2009,4,8,1,8.6,,,,,,,,951.1,,0.3,,0,0,0,0,0,0,0,,,,
ZUESTA,2009,4,8,2,8.1,,,,,,,,950.9,,0.4,,0,0,0,0,0,0,0,,,,
ZUESTA,2009,4,8,3,7.9,,,,,,,,950.9,,0.3,,0,0,0,0,0,0,0,,,,
ZUESTA,2009,4,8,4,7.8,,,,,,,,950.9,,0.3,,0,0,0,0,0,0,0,,,,
ZUESTA,2009,4,8,5,8.7,,,,,,,,951.3,,0.6,,15,0,0,0,0,0,0,,,,
ZUESTA,2009,4,8,6,9.3,,,,,,,,951.7,,0.5,,118,0,0,0,0,0,0,,,,
ZUESTA,2009,4,8,7,10,,,,,,,,951.9,,1,,299,0,0,0,0,0,0,,,,
ZUESTA,2009,4,8,8,11,,,,,,,,952,,1.2,,299,1323.5,49.3,0,0,0,0,,,,
ZUESTA,2009,4,8,9,12.3,,,,,,,,952,,1.7,,416,972.8,68.6,0,0,0,0,,,,
ZUESTA,2009,4,8,10,13,,,,,,,,952,,1,,357,263.1,223.4,0,0,0,0,,,,
ZUESTA,2009,4,8,11,13.6,,,,,,,,951.8,,1.3,,363,112.2,292.2,0,0,0,0,,,,
ZUESTA,2009,4,8,12,15.3,,,,,,,,951.6,,1.3,,765,890.2,126.6,0,0,0,0,,,,
ZUESTA,2009,4,8,13,15.6,,,,,,,,951.3,,0.9,,506,210.4,345.9,0,0,0,0,,,,
ZUESTA,2009,4,8,14,15.9,,,,,,,,951.1,,1.7,,258,9,251.2,0,0,0,0,,,,
ZUESTA,2009,4,8,15,15.9,,,,,,,,951.1,,1.2,,246,9.5,239.2,0,0,0,0,,,,
ZUESTA,2009,4,8,16,15.6,,,,,,,,951.3,,0.8,,120,2.4,118.5,0,0,0,0,,,,
ZUESTA,2009,4,8,17,15,,,,,,,,951.6,,1.4,,47,0.6,46.7,0,0,0,0,,,,
ZUESTA,2009,4,8,18,13.8,,,,,,,,952,,0.8,,3,0,3,0,0,0,0,,,,
ZUESTA,2009,4,8,19,12.7,,,,,,,,952.5,,0.9,,0,0,0,0,0,0,0,,,,
ZUESTA,2009,4,8,20,12.1,,,,,,,,952.9,,0.7,,0,0,0,0,0,0,0,,,,
ZUESTA,2009,4,8,21,11.4,,,,,,,,953.1,,0.3,,0,0,0,0,0,0,0,,,,
ZUESTA,2009,4,8,22,10.8,,,,,,,,953.2,,0.6,,0,0,0,0,0,0,0,,,,
ZUESTA,2009,4,8,23,10.7,,,,,,,,953.4,,1,,0,0,0,0,0,0,0,,,,
ZUESTA,2009,4,9,0,9.7,,,,,,,,953.4,,0.5,,0,0,0,0,0,0,0,,,,
ZUESTA,2009,4,9,1,9,,,,,,,,953.2,,0.6,,0,0,0,0,0,0,0,,,,
ZUESTA,2009,4,9,2,8.6,,,,,,,,953.1,,0.4,,0,0,0,0,0,0,0,,,,
ZUESTA,2009,4,9,3,8.6,,,,,,,,953.1,,0.5,,0,0,0,0,0,0,0,,,,
ZUESTA,2009,4,9,4,8,,,,,,,,953.1,,0.6,,0,0,0,0,0,0,0,,,,
ZUESTA,2009,4,9,5,7.7,,,,,,,,953.1,,0,,27,0,0,0,0,0,0,,,,
ZUESTA,2009,4,9,6,8.3,,,,,,,,953.2,,0,,142,0,0,0,0,0,0,,,,
ZUESTA,2009,4,9,7,10,,,,,,,,953,,0.8,,319,0,0,0,0,0,0,,,,
ZUESTA,2009,4,9,8,11.5,,,,,,,,952.9,,1.1,,479,2061,79,0,0,0,0,,,,
ZUESTA,2009,4,9,9,13.3,,,,,,,,952.6,,2,,630,1451.9,104,0,0,0,0,,,,
ZUESTA,2009,4,9,10,15,,,,,,,,951.9,,1.7,,739,1202.8,121.9,0,0,0,0,,,,
ZUESTA,2009,4,9,11,16.6,,,,,,,,951,,1.8,,782,1027.4,129,0,0,0,0,,,,
ZUESTA,2009,4,9,12,18.2,,,,,,,,950.3,,2.1,,763,880.5,127.6,0,0,0,0,,,,
ZUESTA,2009,4,9,13,18.6,,,,,,,,949.7,,1.8,,711,675.6,194,0,0,0,0,,,,
ZUESTA,2009,4,9,14,19.5,,,,,,,,949.1,,1.7,,601,403.2,293.2,0,0,0,0,,,,
ZUESTA,2009,4,9,15,19.7,,,,,,,,948.7,,1,,457,177.1,330.1,0,0,0,0,,,,
ZUESTA,2009,4,9,16,19.5,,,,,,,,948.4,,1.2,,281,33.5,260,0,0,0,0,,,,
ZUESTA,2009,4,9,17,18.9,,,,,,,,948.3,,1.5,,103,2.8,101.6,0,0,0,0,,,,
ZUESTA,2009,4,9,18,16.7,,,,,,,,948.1,,2.3,,6,0,6,0,0,0,0,,,,
ZUESTA,2009,4,9,19,16,,,,,,,,948.3,,2.6,,0,0,0,0,0,0,0,,,,
ZUESTA,2009,4,9,20,15,,,,,,,,948.3,,1.7,,0,0,0,0,0,0,0,,,,
ZUESTA,2009,4,9,21,13.2,,,,,,,,948.3,,0.8,,0,0,0,0,0,0,0,,,,
ZUESTA,2009,4,9,22,11.9,,,,,,,,948.2,,0.7,,0,0,0,0,0,0,0,,,,
ZUESTA,2009,4,9,23,11.2,,,,,,,,948.1,,0.6,,0,0,0,0,0,0,0,,,,
ZUESTA,2009,4,10,0,9.9,,,,,,,,947.9,,0.3,,0,0,0,0,0,0,0,,,,
ZUESTA,2009,4,10,1,10.2,,,,,,,,947.5,,0.4,,0,0,0,0,0,0,0,,,,
ZUESTA,2009,4,10,2,9.4,,,,,,,,947.3,,0.2,,0,0,0,0,0,0,0,,,,
ZUESTA,2009,4,10,3,8.9,,,,,,,,947.2,,0.4,,0,0,0,0,0,0,0,,,,
ZUESTA,2009,4,10,4,8.5,,,,,,,,946.9,,0.6,,0,0,0,0,0,0,0,,,,
ZUESTA,2009,4,10,5,8.6,,,,,,,,946.7,,1,,26,0,0,0,0,0,0,,,,
ZUESTA,2009,4,10,6,9.4,,,,,,,,946.6,,0.4,,166,0,0,0,0,0,0,,,,
ZUESTA,2009,4,10,7,11.7,,,,,,,,946.4,,0.4,,350,0,0,0,0,0,0,,,,
ZUESTA,2009,4,10,8,13.8,,,,,,,,946,,0.9,,532,2227.3,87.8,0,0,0,0,,,,
ZUESTA,2009,4,10,9,16.8,,,,,,,,945.5,,1.4,,679,1542.7,112,0,0,0,0,,,,
ZUESTA,2009,4,10,10,18.9,,,,,,,,945,,2,,770,1241.3,127.1,0,0,0,0,,,,
ZUESTA,2009,4,10,11,19.9,,,,,,,,944.4,,1.1,,817,1065.5,134.8,0,0,0,0,,,,
ZUESTA,2009,4,10,12,21.1,,,,,,,,943.9,,2.5,,805,925.8,132.8,0,0,0,0,,,,
ZUESTA,2009,4,10,13,21.4,,,,,,,,943.3,,2.9,,740,737,172.9,0,0,0,0,,,,
ZUESTA,2009,4,10,14,21.6,,,,,,,,942.6,,3.6,,628,461.2,274.1,0,0,0,0,,,,
ZUESTA,2009,4,10,15,21.3,,,,,,,,942.4,,4.9,,474,202.3,328.3,0,0,0,0,,,,
ZUESTA,2009,4,10,16,20.4,,,,,,,,942.3,,4.4,,298,43.7,270.4,0,0,0,0,,,,
ZUESTA,2009,4,10,17,19.1,,,,,,,,942.1,,3.5,,116,3.5,114.2,0,0,0,0,,,,
ZUESTA,2009,4,10,18,17.5,,,,,,,,942.3,,3,,6,0,6,0,0,0,0,,,,
ZUESTA,2009,4,10,19,16.8,,,,,,,,942.6,,2.8,,0,0,0,0,0,0,0,,,,
ZUESTA,2009,4,10,20,16.1,,,,,,,,942.8,,2.8,,0,0,0,0,0,0,0,,,,
ZUESTA,2009,4,10,21,16,,,,,,,,942.9,,3,,0,0,0,0,0,0,0,,,,
ZUESTA,2009,4,10,22,15.6,,,,,,,,943.1,,2.9,,0,0,0,0,0,0,0,,,,
ZUESTA,2009,4,10,23,15.2,,,,,,,,943.1,,2.5,,0,0,0,0,0,0,0,,,,
ZUESTA,2009,4,11,0,13.2,,,,,,,,943.2,,0.9,,0,0,0,0,0,0,0,,,,
ZUESTA,2009,4,11,1,11.5,,,,,,,,943.1,,0.4,,0,0,0,0,0,0,0,,,,
ZUESTA,2009,4,11,2,11.5,,,,,,,,943,,0.4,,0,0,0,0,0,0,0,,,,
ZUESTA,2009,4,11,3,10.5,,,,,,,,943.1,,0.4,,0,0,0,0,0,0,0,,,,
ZUESTA,2009,4,11,4,10.1,,,,,,,,943.1,,1.2,,0,0,0,0,0,0,0,,,,
ZUESTA,2009,4,11,5,9.9,,,,,,,,943.4,,0.7,,30,0,0,0,0,0,0,,,,
ZUESTA,2009,4,11,6,10.8,,,,,,,,943.6,,0.3,,186,0,0,0,0,0,0,,,,
ZUESTA,2009,4,11,7,12.9,,,,,,,,943.7,,0.5,,371,0,0,0,0,0,0,,,,
ZUESTA,2009,4,11,8,14.5,,,,,,,,943.9,,0.9,,471,1920.6,77.7,0,0,0,0,,,,
ZUESTA,2009,4,11,9,16.7,,,,,,,,943.9,,1.4,,602,1348.9,99.3,0,0,0,0,,,,
ZUESTA,2009,4,11,10,18.7,,,,,,,,943.7,,1.6,,739,1180.2,121.9,0,0,0,0,,,,
ZUESTA,2009,4,11,11,19.2,,,,,,,,943.3,,1.1,,573,597.9,187.4,0,0,0,0,,,,
ZUESTA,2009,4,11,12,20.6,,,,,,,,942.8,,2,,789,902.4,129.9,0,0,0,0,,,,
ZUESTA,2009,4,11,13,20.9,,,,,,,,942.6,,2.3,,674,564.3,237.5,0,0,0,0,,,,
ZUESTA,2009,4,11,14,21.3,,,,,,,,942.5,,4.6,,637,476.1,269.8,0,0,0,0,,,,
ZUESTA,2009,4,11,15,20.3,,,,,,,,942.6,,5.3,,397,90.4,331.6,0,0,0,0,,,,
ZUESTA,2009,4,11,16,19.3,,,,,,,,942.7,,5,,270,25.9,253.6,0,0,0,0,,,,
ZUESTA,2009,4,11,17,18.5,,,,,,,,943,,4.2,,97,2.4,95.8,0,0,0,0,,,,
ZUESTA,2009,4,11,18,17.2,,,,,,,,943.4,,4.1,,5,0,5,0,0,0,0,,,,
ZUESTA,2009,4,11,19,16.5,,,,,,,,943.8,,3,,0,0,0,0,0,0,0,,,,
ZUESTA,2009,4,11,20,16.1,,,,,,,,943.8,,3.4,,0,0,0,0,0,0,0,,,,
ZUESTA,2009,4,11,21,15.6,,,,,,,,943.6,,2.6,,0,0,0,0,0,0,0,,,,
ZUESTA,2009,4,11,22,15.2,,,,,,,,943.5,,2.4,,0,0,0,0,0,0,0,,,,
ZUESTA,2009,4,11,23,13.4,,,,,,,,943.5,,0.7,,0,0,0,0,0,0,0,,,,
ZUESTA,2009,4,12,0,12.6,,,,,,,,943.4,,0.5,,0,0,0,0,0,0,0,,,,
ZUESTA,2009,4,12,1,11.8,,,,,,,,943.4,,0.6,,0,0,0,0,0,0,0,,,,
ZUESTA,2009,4,12,2,11.6,,,,,,,,943.5,,0.8,,0,0,0,0,0,0,0,,,,
ZUESTA,2009,4,12,3,11.1,,,,,,,,943.7,,0.7,,0,0,0,0,0,0,0,,,,
ZUESTA,2009,4,12,4,10.5,,,,,,,,943.7,,0.5,,0,0,0,0,0,0,0,,,,
ZUESTA,2009,4,12,5,10.7,,,,,,,,943.9,,0.4,,18,0,0,0,0,0,0,,,,
ZUESTA,2009,4,12,6,10.8,,,,,,,,944.1,,0.3,,66,0,0,0,0,0,0,,,,
ZUESTA,2009,4,12,7,11.5,,,,,,,,944.2,,0.4,,175,0,0,0,0,0,0,,,,
ZUESTA,2009,4,12,8,12.9,,,,,,,,944.3,,1.1,,342,1359.5,56.4,0,0,0,0,,,,
ZUESTA,2009,4,12,9,14.5,,,,,,,,944.3,,1.2,,478,1056.6,78.9,0,0,0,0,,,,
ZUESTA,2009,4,12,10,15.5,,,,,,,,944.1,,1.7,,521,782.5,108.1,0,0,0,0,,,,
ZUESTA,2009,4,12,11,17.1,,,,,,,,943.9,,0.9,,634,763.6,138.1,0,0,0,0,,,,
ZUESTA,2009,4,12,12,19,,,,,,,,943.5,,1.9,,650,591.1,215.7,0,0,0,0,,,,
ZUESTA,2009,4,12,13,19,,,,,,,,943.4,,2.7,,537,247.1,344.9,0,0,0,0,,,,
ZUESTA,2009,4,12,14,19,,,,,,,,943.2,,2,,366,43.9,332,0,0,0,0,,,,
ZUESTA,2009,4,12,15,18.6,,,,,,,,943.1,,2.1,,171,3.7,168.3,0,0,0,0,,,,
ZUESTA,2009,4,12,16,18.5,,,,,,,,943.3,,1.2,,131,2.8,129.2,0,0,0,0,,,,
ZUESTA,2009,4,12,17,16.9,,,,,,,,943.5,,0.8,,52,0.7,51.7,0,0,0,0,,,,
ZUESTA,2009,4,12,18,15.8,,,,,,,,943.8,,1.5,,6,0,6,0,0,0,0,,,,
ZUESTA,2009,4,12,19,14.2,,,,,,,,944.2,,1.1,,0,0,0,0,0,0,0,,,,
ZUESTA,2009,4,12,20,12.6,,,,,,,,944.4,,0.4,,0,0,0,0,0,0,0,,,,
ZUESTA,2009,4,12,21,13.1,,,,,,,,944.4,,1.2,,0,0,0,0,0,0,0,,,,
ZUESTA,2009,4,12,22,12.8,,,,,,,,944.3,,1.4,,0,0,0,0,0,0,0,,,,
ZUESTA,2009,4,12,23,11.6,,,,,,,,944.2,,0.9,,0,0,0,0,0,0,0,,,,
ZUESTA,2009,4,13,0,10.5,,,,,,,,944,,0.3,,0,0,0,0,0,0,0,,,,
ZUESTA,2009,4,13,1,10,,,,,,,,943.9,,0.3,,0,0,0,0,0,0,0,,,,
ZUESTA,2009,4,13,2,9.1,,,,,,,,943.8,,0.2,,0,0,0,0,0,0,0,,,,
ZUESTA,2009,4,13,3,8.9,,,,,,,,943.7,,0.2,,0,0,0,0,0,0,0,,,,
ZUESTA,2009,4,13,4,8,,,,,,,,943.6,,0.1,,0,0,0,0,0,0,0,,,,
ZUESTA,2009,4,13,5,8.1,,,,,,,,943.8,,0.2,,37,0,0,0,0,0,0,,,,
ZUESTA,2009,4,13,6,9.3,,,,,,,,944.1,,0.3,,186,0,0,0,0,0,0,,,,
ZUESTA,2009,4,13,7,10.9,,,,,,,,944,,0.5,,350,0,0,0,0,0,0,,,,
ZUESTA,2009,4,13,8,13.2,,,,,,,,944,,0.9,,479,1857.9,79,0,0,0,0,,,,
ZUESTA,2009,4,13,9,15,,,,,,,,943.8,,1.1,,649,1415.8,107.1,0,0,0,0,,,,
ZUESTA,2009,4,13,10,16,,,,,,,,943.6,,1.3,,487,650.1,140.8,0,0,0,0,,,,
ZUESTA,2009,4,13,11,18,,,,,,,,943.1,,1.2,,828,1057.2,136.6,0,0,0,0,,,,
ZUESTA,2009,4,13,12,19.6,,,,,,,,942.7,,1.6,,762,849.5,134.3,0,0,0,0,,,,
ZUESTA,2009,4,13,13,20.8,,,,,,,,942.3,,1.3,,720,662.8,201.9,0,0,0,0,,,,
ZUESTA,2009,4,13,14,21.1,,,,,,,,941.8,,2.3,,559,287.8,334.8,0,0,0,0,,,,
ZUESTA,2009,4,13,15,21,,,,,,,,941.5,,2.2,,440,138.3,338.8,0,0,0,0,,,,
ZUESTA,2009,4,13,16,20.6,,,,,,,,941.4,,2.2,,267,23.2,252.1,0,0,0,0,,,,
ZUESTA,2009,4,13,17,19.7,,,,,,,,941.6,,1.6,,115,3.3,113.3,0,0,0,0,,,,
ZUESTA,2009,4,13,18,17,,,,,,,,941.9,,1.6,,7,0,7,0,0,0,0,,,,
ZUESTA,2009,4,13,19,14.9,,,,,,,,942.4,,2.2,,0,0,0,0,0,0,0,,,,
ZUESTA,2009,4,13,20,14.8,,,,,,,,942.6,,2.4,,0,0,0,0,0,0,0,,,,
ZUESTA,2009,4,13,21,13.3,,,,,,,,942.9,,1,,0,0,0,0,0,0,0,,,,
ZUESTA,2009,4,13,22,12.4,,,,,,,,943.2,,0.8,,0,0,0,0,0,0,0,,,,
ZUESTA,2009,4,13,23,11.4,,,,,,,,943.3,,0.5,,0,0,0,0,0,0,0,,,,
ZUESTA,2009,4,14,0,10.9,,,,,,,,943.4,,0.3,,0,0,0,0,0,0,0,,,,
ZUESTA,2009,4,14,1,10.5,,,,,,,,943.5,,0.8,,0,0,0,0,0,0,0,,,,
ZUESTA,2009,4,14,2,9.8,,,,,,,,943.6,,1,,0,0,0,0,0,0,0,,,,
ZUESTA,2009,4,14,3,9.4,,,,,,,,943.6,,0.4,,0,0,0,0,0,0,0,,,,
ZUESTA,2009,4,14,4,8.8,,,,,,,,943.7,,0.2,,0,0,0,0,0,0,0,,,,
ZUESTA,2009,4,14,5,8.9,,,,,,,,944.1,,0.4,,34,0,0,0,0,0,0,,,,
ZUESTA,2009,4,14,6,9.9,,,,,,,,944.4,,0.3,,140,0,0,0,0,0,0,,,,
ZUESTA,2009,4,14,7,11.1,,,,,,,,944.5,,0.6,,318,0,0,0,0,0,0,,,,
ZUESTA,2009,4,14,8,13.3,,,,,,,,944.5,,0.9,,513,1943.2,84.6,0,0,0,0,,,,
ZUESTA,2009,4,14,9,14.8,,,,,,,,944.5,,1,,657,1415,108.4,0,0,0,0,,,,
ZUESTA,2009,4,14,10,17,,,,,,,,944.2,,1.2,,756,1175.1,124.7,0,0,0,0,,,,
ZUESTA,2009,4,14,11,18.4,,,,,,,,943.8,,0.9,,736,933.4,121.4,0,0,0,0,,,,
ZUESTA,2009,4,14,12,19.3,,,,,,,,943.4,,1.9,,604,453.1,267.2,0,0,0,0,,,,
ZUESTA,2009,4,14,13,20.4,,,,,,,,943.2,,1.9,,648,476.1,274,0,0,0,0,,,,
ZUESTA,2009,4,14,14,20.6,,,,,,,,942.9,,2,,526,222,352.2,0,0,0,0,,,,
ZUESTA,2009,4,14,15,20.8,,,,,,,,942.7,,2.3,,522,277,318.4,0,0,0,0,,,,
ZUESTA,2009,4,14,16,20.4,,,,,,,,942.6,,2.2,,300,40.7,273.7,0,0,0,0,,,,
ZUESTA,2009,4,14,17,19.5,,,,,,,,942.7,,1.5,,121,3.6,119.1,0,0,0,0,,,,
ZUESTA,2009,4,14,18,17.1,,,,,,,,942.9,,1.7,,8,0,8,0,0,0,0,,,,
ZUESTA,2009,4,14,19,15.5,,,,,,,,943.3,,2.2,,0,0,0,0,0,0,0,,,,
ZUESTA,2009,4,14,20,14.6,,,,,,,,943.6,,1.9,,0,0,0,0,0,0,0,,,,
ZUESTA,2009,4,14,21,13.7,,,,,,,,943.8,,0.4,,0,0,0,0,0,0,0,,,,
ZUESTA,2009,4,14,22,12.3,,,,,,,,943.8,,0.5,,0,0,0,0,0,0,0,,,,
ZUESTA,2009,4,14,23,12.1,,,,,,,,943.8,,0.9,,0,0,0,0,0,0,0,,,,
ZUESTA,2009,4,15,0,11.1,,,,,,,,944,,0.5,,0,0,0,0,0,0,0,,,,
ZUESTA,2009,4,15,1,10.4,,,,,,,,943.9,,0.9,,0,0,0,0,0,0,0,,,,
ZUESTA,2009,4,15,2,9.9,,,,,,,,944,,0.4,,0,0,0,0,0,0,0,,,,
ZUESTA,2009,4,15,3,9.2,,,,,,,,944.1,,0.7,,0,0,0,0,0,0,0,,,,
ZUESTA,2009,4,15,4,8.8,,,,,,,,944.1,,0.3,,0,0,0,0,0,0,0,,,,
ZUESTA,2009,4,15,5,8.8,,,,,,,,944.5,,0.6,,42,0,0,0,0,0,0,,,,
ZUESTA,2009,4,15,6,10.3,,,,,,,,944.7,,0.4,,198,0,0,0,0,0,0,,,,
ZUESTA,2009,4,15,7,12.4,,,,,,,,944.8,,0.6,,379,5856.2,62.5,0,0,0,0,,,,
ZUESTA,2009,4,15,8,14,,,,,,,,944.9,,1.1,,543,2010.2,89.6,0,0,0,0,,,,
ZUESTA,2009,4,15,9,16.5,,,,,,,,944.7,,1,,676,1437.7,111.5,0,0,0,0,,,,
ZUESTA,2009,4,15,10,18.8,,,,,,,,944.2,,1.1,,770,1186.6,127.1,0,0,0,0,,,,
ZUESTA,2009,4,15,11,20.8,,,,,,,,943.5,,1.8,,823,1036.8,135.8,0,0,0,0,,,,
ZUESTA,2009,4,15,12,21.3,,,,,,,,943.3,,2.3,,815,910.7,134.5,0,0,0,0,,,,
ZUESTA,2009,4,15,13,22.2,,,,,,,,943,,3.1,,713,629.2,216.3,0,0,0,0,,,,
ZUESTA,2009,4,15,14,22,,,,,,,,942.5,,2.5,,601,365.6,313.4,0,0,0,0,,,,
ZUESTA,2009,4,15,15,21.8,,,,,,,,942.2,,3,,432,122.5,341.5,0,0,0,0,,,,
ZUESTA,2009,4,15,16,21,,,,,,,,942.3,,3.5,,253,16.9,242,0,0,0,0,,,,
ZUESTA,2009,4,15,17,19.8,,,,,,,,942.3,,3,,88,1.9,87,0,0,0,0,,,,
ZUESTA,2009,4,15,18,18.3,,,,,,,,942.4,,2.8,,7,0,7,0,0,0,0,,,,
ZUESTA,2009,4,15,19,17.8,,,,,,,,942.9,,3.5,,0,0,0,0,0,0,0,,,,
ZUESTA,2009,4,15,20,17.3,,,,,,,,943,,2.3,,0,0,0,0,0,0,0,,,,
ZUESTA,2009,4,15,21,17.1,,,,,,,,943,,2.8,,0,0,0,0,0,0,0,,,,
ZUESTA,2009,4,15,22,16.7,,,,,,,,943.2,,2.6,,0,0,0,0,0,0,0,,,,
ZUESTA,2009,4,15,23,16,,,,,,,,943.1,,2.5,,0,0,0,0,0,0,0,,,,
ZUESTA,2009,4,16,0,13.4,,,,,,,,943.5,,1.9,,0,0,0,0,0,0,0,,,,
ZUESTA,2009,4,16,1,13,,,,,,,,943.2,,3.2,,0,0,0,0,0,0,0,,,,
ZUESTA,2009,4,16,2,12.5,,,,,,,,943.7,,2.6,,0,0,0,0,0,0,0,,,,
ZUESTA,2009,4,16,3,11.9,,,,,,,,943.4,,0.9,,0,0,0,0,0,0,0,,,,
ZUESTA,2009,4,16,4,11.2,,,,,,,,943.3,,0.9,,0,0,0,0,0,0,0,,,,
ZUESTA,2009,4,16,5,11.1,,,,,,,,942.9,,0.8,,16,0,0,0,0,0,0,,,,
ZUESTA,2009,4,16,6,11.5,,,,,,,,942.6,,1.5,,69,0,0,0,0,0,0,,,,
ZUESTA,2009,4,16,7,11.9,,,,,,,,942.4,,1.7,,142,2007.1,23.4,0,0,0,0,,,,
ZUESTA,2009,4,16,8,12.5,,,,,,,,942.1,,1.4,,241,867.8,40.9,0,0,0,0,,,,
ZUESTA,2009,4,16,9,13.1,,,,,,,,941.7,,1.9,,299,345.8,161.5,0,0,0,0,,,,
ZUESTA,2009,4,16,10,14.2,,,,,,,,941.4,,1.8,,640,978,105.6,0,0,0,0,,,,
ZUESTA,2009,4,16,11,16,,,,,,,,940.9,,1.9,,848,1061.4,139.9,0,0,0,0,,,,
ZUESTA,2009,4,16,12,16.4,,,,,,,,940.9,,2.1,,567,349.8,304.2,0,0,0,0,,,,
ZUESTA,2009,4,16,13,11.7,,,,,,,,942.7,,7.4,,169,3,166.6,0,0,0,0,,,,
ZUESTA,2009,4,16,14,8,,,,,,,,943.8,,7.2,,96,1,95.2,0,0,0,0,,,,
ZUESTA,2009,4,16,15,7.9,,,,,,,,944.5,,3.7,,59,0.4,58.7,0,0,0,0,,,,
ZUESTA,2009,4,16,16,8,,,,,,,,944.8,,2.2,,16,0,16,0,0,0,0,,,,
ZUESTA,2009,4,16,17,7.9,,,,,,,,944.3,,1.9,,28,0.2,27.9,0,0,0,0,,,,
ZUESTA,2009,4,16,18,8.1,,,,,,,,944.1,,2.5,,3,0,3,0,0,0,0,,,,
ZUESTA,2009,4,16,19,8.2,,,,,,,,944.2,,1.8,,0,0,0,0,0,0,0,,,,
ZUESTA,2009,4,16,20,8.1,,,,,,,,944,,2.5,,0,0,0,0,0,0,0,,,,
ZUESTA,2009,4,16,21,7.7,,,,,,,,944.1,,1.9,,0,0,0,0,0,0,0,,,,
ZUESTA,2009,4,16,22,8,,,,,,,,944,,2.8,,0,0,0,0,0,0,0,,,,
ZUESTA,2009,4,16,23,8.2,,,,,,,,944,,3,,0,0,0,0,0,0,0,,,,
ZUESTA,2009,4,17,0,7.8,,,,,,,,943.8,,2.7,,0,0,0,0,0,0,0,,,,
ZUESTA,2009,4,17,1,7.7,,,,,,,,943.8,,3,,0,0,0,0,0,0,0,,,,
ZUESTA,2009,4,17,2,7.7,,,,,,,,944,,2.6,,0,0,0,0,0,0,0,,,,
ZUESTA,2009,4,17,3,7.6,,,,,,,,944.1,,3.8,,0,0,0,0,0,0,0,,,,
ZUESTA,2009,4,17,4,7.6,,,,,,,,944.2,,4.2,,0,0,0,0,0,0,0,,,,
ZUESTA,2009,4,17,5,7.6,,,,,,,,944.5,,4.3,,10,0,0,0,0,0,0,,,,
ZUESTA,2009,4,17,6,7.6,,,,,,,,944.8,,3.9,,34,0,0,0,0,0,0,,,,
ZUESTA,2009,4,17,7,8,,,,,,,,945.3,,4.2,,71,925.2,11.7,0,0,0,0,,,,
ZUESTA,2009,4,17,8,9,,,,,,,,945.6,,4.5,,253,897.2,41.6,0,0,0,0,,,,
ZUESTA,2009,4,17,9,10.4,,,,,,,,945.6,,4.3,,412,841.5,73.5,0,0,0,0,,,,
ZUESTA,2009,4,17,10,12.3,,,,,,,,945.4,,5.1,,691,1047.3,114,0,0,0,0,,,,
ZUESTA,2009,4,17,11,10.1,,,,,,,,945.3,,3.2,,151,3.4,148.7,0,0,0,0,,,,
ZUESTA,2009,4,17,12,9,,,,,,,,945.6,,3.2,,224,5.8,219.6,0,0,0,0,,,,
ZUESTA,2009,4,17,13,11.8,,,,,,,,945.4,,1.5,,718,625.9,219.1,0,0,0,0,,,,
ZUESTA,2009,4,17,14,12.5,,,,,,,,945.1,,2.3,,521,202.6,360.2,0,0,0,0,,,,
ZUESTA,2009,4,17,15,14.2,,,,,,,,944.8,,3.6,,435,121.6,344.3,0,0,0,0,,,,
ZUESTA,2009,4,17,16,13.5,,,,,,,,944.8,,4.2,,245,13.8,236,0,0,0,0,,,,
ZUESTA,2009,4,17,17,11.5,,,,,,,,945.3,,3.6,,103,2.5,101.7,0,0,0,0,,,,
ZUESTA,2009,4,17,18,10.4,,,,,,,,945.7,,2,,9,0,9,0,0,0,0,,,,
ZUESTA,2009,4,17,19,9.4,,,,,,,,946.2,,1.2,,0,0,0,0,0,0,0,,,,
ZUESTA,2009,4,17,20,9.3,,,,,,,,946.6,,1.4,,0,0,0,0,0,0,0,,,,
ZUESTA,2009,4,17,21,9.4,,,,,,,,946.8,,1.5,,0,0,0,0,0,0,0,,,,
ZUESTA,2009,4,17,22,8.7,,,,,,,,946.8,,1.1,,0,0,0,0,0,0,0,,,,
ZUESTA,2009,4,17,23,8.5,,,,,,,,947,,1.3,,0,0,0,0,0,0,0,,,,
ZUESTA,2009,4,18,0,8,,,,,,,,947,,1.1,,0,0,0,0,0,0,0,,,,
ZUESTA,2009,4,18,1,7.9,,,,,,,,946.9,,1.5,,0,0,0,0,0,0,0,,,,
ZUESTA,2009,4,18,2,7.7,,,,,,,,946.9,,1.3,,0,0,0,0,0,0,0,,,,
ZUESTA,2009,4,18,3,7.5,,,,,,,,946.9,,0.9,,0,0,0,0,0,0,0,,,,
ZUESTA,2009,4,18,4,7.5,,,,,,,,947,,0.9,,1,0,0,0,0,0,0,,,,
ZUESTA,2009,4,18,5,7.2,,,,,,,,947.2,,1,,37,0,0,0,0,0,0,,,,
ZUESTA,2009,4,18,6,8.4,,,,,,,,947.5,,1.4,,143,0,0,0,0,0,0,,,,
ZUESTA,2009,4,18,7,9.6,,,,,,,,947.9,,2.5,,299,3615.8,49.3,0,0,0,0,,,,
ZUESTA,2009,4,18,8,10.9,,,,,,,,948.1,,3.3,,491,1704.6,81,0,0,0,0,,,,
ZUESTA,2009,4,18,9,11.4,,,,,,,,948.3,,3,,459,941.9,75.7,0,0,0,0,,,,
ZUESTA,2009,4,18,10,12,,,,,,,,948.2,,2.8,,322,118.5,256.2,0,0,0,0,,,,
ZUESTA,2009,4,18,11,13.9,,,,,,,,947.8,,3,,594,584.4,199.2,0,0,0,0,,,,
ZUESTA,2009,4,18,12,12.3,,,,,,,,947.7,,3.5,,207,4.9,203.3,0,0,0,0,,,,
ZUESTA,2009,4,18,13,12.2,,,,,,,,947.8,,2.9,,367,38.3,336.3,0,0,0,0,,,,
ZUESTA,2009,4,18,14,13.4,,,,,,,,947.6,,2.7,,469,126.4,368.2,0,0,0,0,,,,
ZUESTA,2009,4,18,15,12.9,,,,,,,,947.7,,2.1,,264,10.6,256.1,0,0,0,0,,,,
ZUESTA,2009,4,18,16,13.7,,,,,,,,947.7,,1.3,,325,55,288.7,0,0,0,0,,,,
ZUESTA,2009,4,18,17,12.8,,,,,,,,948.2,,1.8,,69,1.1,68.4,0,0,0,0,,,,
ZUESTA,2009,4,18,18,10.8,,,,,,,,948.8,,1.5,,13,0.1,13,0,0,0,0,,,,
ZUESTA,2009,4,18,19,9.5,,,,,,,,949.5,,2.2,,0,0,0,0,0,0,0,,,,
ZUESTA,2009,4,18,20,8.8,,,,,,,,949.9,,2.4,,0,0,0,0,0,0,0,,,,
ZUESTA,2009,4,18,21,7.9,,,,,,,,950.2,,2.1,,0,0,0,0,0,0,0,,,,
ZUESTA,2009,4,18,22,7.3,,,,,,,,950.3,,2.6,,0,0,0,0,0,0,0,,,,
ZUESTA,2009,4,18,23,7.2,,,,,,,,950.3,,2.9,,0,0,0,0,0,0,0,,,,
ZUESTA,2009,4,19,0,6.3,,,,,,,,950.1,,1.8,,0,0,0,0,0,0,0,,,,
ZUESTA,2009,4,19,1,5.9,,,,,,,,950,,2.4,,0,0,0,0,0,0,0,,,,
ZUESTA,2009,4,19,2,5.2,,,,,,,,950.1,,1.8,,0,0,0,0,0,0,0,,,,
ZUESTA,2009,4,19,3,5.1,,,,,,,,950.1,,2.8,,0,0,0,0,0,0,0,,,,
ZUESTA,2009,4,19,4,4.8,,,,,,,,950.2,,3.1,,1,0,0,0,0,0,0,,,,
ZUESTA,2009,4,19,5,5.2,,,,,,,,950.6,,2.9,,29,0,0,0,0,0,0,,,,
ZUESTA,2009,4,19,6,6.1,,,,,,,,951,,2.3,,107,0,0,0,0,0,0,,,,
ZUESTA,2009,4,19,7,7.1,,,,,,,,951.3,,2.4,,210,2370.5,34.6,0,0,0,0,,,,
ZUESTA,2009,4,19,8,7.9,,,,,,,,951.6,,2.9,,421,1432.6,69.5,0,0,0,0,,,,
ZUESTA,2009,4,19,9,9.2,,,,,,,,952,,2.3,,570,1156.5,94.1,0,0,0,0,,,,
ZUESTA,2009,4,19,10,10.4,,,,,,,,952.1,,1.9,,612,913,101,0,0,0,0,,,,
ZUESTA,2009,4,19,11,13.3,,,,,,,,951.9,,1.8,,769,944.8,126.9,0,0,0,0,,,,
ZUESTA,2009,4,19,12,14.5,,,,,,,,951.7,,2.5,,768,816.2,145.1,0,0,0,0,,,,
ZUESTA,2009,4,19,13,16.2,,,,,,,,951.6,,2.6,,801,799.6,157.8,0,0,0,0,,,,
ZUESTA,2009,4,19,14,17.3,,,,,,,,951.4,,2.8,,670,501.9,268.1,0,0,0,0,,,,
ZUESTA,2009,4,19,15,16.5,,,,,,,,951.5,,2,,287,15.3,275.5,0,0,0,0,,,,
ZUESTA,2009,4,19,16,16.4,,,,,,,,951.6,,1.4,,144,3.1,141.9,0,0,0,0,,,,
ZUESTA,2009,4,19,17,16,,,,,,,,951.6,,0.5,,77,1.4,76.3,0,0,0,0,,,,
ZUESTA,2009,4,19,18,15,,,,,,,,951.8,,0.7,,6,0,6,0,0,0,0,,,,
ZUESTA,2009,4,19,19,14.1,,,,,,,,952.5,,0.7,,0,0,0,0,0,0,0,,,,
ZUESTA,2009,4,19,20,13.1,,,,,,,,952.8,,0.6,,0,0,0,0,0,0,0,,,,
ZUESTA,2009,4,19,21,11.8,,,,,,,,952.7,,0.9,,0,0,0,0,0,0,0,,,,
ZUESTA,2009,4,19,22,10.6,,,,,,,,952.7,,0.8,,0,0,0,0,0,0,0,,,,
ZUESTA,2009,4,19,23,10,,,,,,,,952.6,,0.8,,0,0,0,0,0,0,0,,,,
ZUESTA,2009,4,20,0,9.4,,,,,,,,952.4,,0.4,,0,0,0,0,0,0,0,,,,
ZUESTA,2009,4,20,1,8.6,,,,,,,,952.3,,0.2,,0,0,0,0,0,0,0,,,,
ZUESTA,2009,4,20,2,8.2,,,,,,,,952.3,,0.5,,0,0,0,0,0,0,0,,,,
ZUESTA,2009,4,20,3,8.1,,,,,,,,952.3,,1,,0,0,0,0,0,0,0,,,,
ZUESTA,2009,4,20,4,8,,,,,,,,952.4,,1,,1,0,0,0,0,0,0,,,,
ZUESTA,2009,4,20,5,8.5,,,,,,,,952.8,,0.6,,47,0,0,0,0,0,0,,,,
ZUESTA,2009,4,20,6,9.9,,,,,,,,953.1,,1.8,,146,0,0,0,0,0,0,,,,
ZUESTA,2009,4,20,7,10.7,,,,,,,,953.1,,2.4,,340,3600.6,56.1,0,0,0,0,,,,
ZUESTA,2009,4,20,8,11.9,,,,,,,,953.1,,2.1,,554,1849.1,91.4,0,0,0,0,,,,
ZUESTA,2009,4,20,9,13.2,,,,,,,,953.2,,1.9,,621,1246.2,102.5,0,0,0,0,,,,
ZUESTA,2009,4,20,10,14,,,,,,,,953.2,,1.9,,573,830.7,104.5,0,0,0,0,,,,
ZUESTA,2009,4,20,11,15.8,,,,,,,,952.9,,2.3,,808,986.8,133.3,0,0,0,0,,,,
ZUESTA,2009,4,20,12,17,,,,,,,,952.7,,2.3,,832,905.9,137.3,0,0,0,0,,,,
ZUESTA,2009,4,20,13,18.4,,,,,,,,952.4,,2.8,,733,640.2,215.7,0,0,0,0,,,,
ZUESTA,2009,4,20,14,19.1,,,,,,,,952.2,,2.5,,676,510.1,265.8,0,0,0,0,,,,
ZUESTA,2009,4,20,15,18.7,,,,,,,,951.9,,2.2,,355,43.6,322.1,0,0,0,0,,,,
ZUESTA,2009,4,20,16,18.5,,,,,,,,951.8,,2.2,,233,10.3,226.1,0,0,0,0,,,,
ZUESTA,2009,4,20,17,17.6,,,,,,,,951.8,,1.5,,78,1.4,77.3,0,0,0,0,,,,
ZUESTA,2009,4,20,18,16.1,,,,,,,,952,,1.1,,13,0.1,13,0,0,0,0,,,,
ZUESTA,2009,4,20,19,15.4,,,,,,,,952.4,,1.4,,0,0,0,0,0,0,0,,,,
ZUESTA,2009,4,20,20,14.9,,,,,,,,953,,2.3,,0,0,0,0,0,0,0,,,,
ZUESTA,2009,4,20,21,13,,,,,,,,953,,1.5,,0,0,0,0,0,0,0,,,,
ZUESTA,2009,4,20,22,11.9,,,,,,,,953.1,,0.9,,0,0,0,0,0,0,0,,,,
ZUESTA,2009,4,20,23,11.1,,,,,,,,953.1,,1.3,,0,0,0,0,0,0,0,,,,
ZUESTA,2009,4,21,0,11,,,,,,,,953,,1.8,,0,0,0,0,0,0,0,,,,
ZUESTA,2009,4,21,1,10.7,,,,,,,,952.8,,0.4,,0,0,0,0,0,0,0,,,,
ZUESTA,2009,4,21,2,9.9,,,,,,,,952.8,,0.5,,0,0,0,0,0,0,0,,,,
ZUESTA,2009,4,21,3,9.4,,,,,,,,952.9,,0.6,,0,0,0,0,0,0,0,,,,
ZUESTA,2009,4,21,4,9,,,,,,,,953.1,,0.6,,2,0,0,0,0,0,0,,,,
ZUESTA,2009,4,21,5,8.9,,,,,,,,953.4,,0.4,,46,0,0,0,0,0,0,,,,
ZUESTA,2009,4,21,6,10.1,,,,,,,,953.7,,0.5,,192,0,0,0,0,0,0,,,,
ZUESTA,2009,4,21,7,12,,,,,,,,953.9,,1.7,,386,3852,63.7,0,0,0,0,,,,
ZUESTA,2009,4,21,8,12.8,,,,,,,,953.9,,0.9,,387,1267.8,63.9,0,0,0,0,,,,
ZUESTA,2009,4,21,9,14.8,,,,,,,,953.9,,2,,644,1278.6,106.3,0,0,0,0,,,,
ZUESTA,2009,4,21,10,16,,,,,,,,953.6,,2.2,,766,1125.6,126.4,0,0,0,0,,,,
ZUESTA,2009,4,21,11,17.5,,,,,,,,953.4,,3,,817,992.1,134.8,0,0,0,0,,,,
ZUESTA,2009,4,21,12,19,,,,,,,,953.2,,3.2,,854,925.3,140.9,0,0,0,0,,,,
ZUESTA,2009,4,21,13,19.6,,,,,,,,953,,2.9,,784,750.8,174.7,0,0,0,0,,,,
ZUESTA,2009,4,21,14,20,,,,,,,,952.5,,3.3,,505,166.3,370.7,0,0,0,0,,,,
ZUESTA,2009,4,21,15,19.8,,,,,,,,952.2,,2,,303,19.2,288.4,0,0,0,0,,,,
ZUESTA,2009,4,21,16,19.2,,,,,,,,952,,1.9,,218,7.8,212.8,0,0,0,0,,,,
ZUESTA,2009,4,21,17,16.9,,,,,,,,952.3,,0.9,,62,0.9,61.5,0,0,0,0,,,,
ZUESTA,2009,4,21,18,16.3,,,,,,,,952.9,,0.3,,9,0,9,0,0,0,0,,,,
ZUESTA,2009,4,21,19,15.8,,,,,,,,953.7,,0.8,,0,0,0,0,0,0,0,,,,
ZUESTA,2009,4,21,20,14.4,,,,,,,,954.3,,0.9,,0,0,0,0,0,0,0,,,,
ZUESTA,2009,4,21,21,12.8,,,,,,,,954.6,,0.9,,0,0,0,0,0,0,0,,,,
ZUESTA,2009,4,21,22,11.8,,,,,,,,954.7,,0.6,,0,0,0,0,0,0,0,,,,
ZUESTA,2009,4,21,23,10.8,,,,,,,,954.8,,1.2,,0,0,0,0,0,0,0,,,,
ZUESTA,2009,4,22,0,10.3,,,,,,,,954.8,,0.8,,0,0,0,0,0,0,0,,,,
ZUESTA,2009,4,22,1,9.9,,,,,,,,954.8,,0.3,,0,0,0,0,0,0,0,,,,
ZUESTA,2009,4,22,2,9.5,,,,,,,,954.9,,0.1,,0,0,0,0,0,0,0,,,,
ZUESTA,2009,4,22,3,9.8,,,,,,,,955,,0.3,,0,0,0,0,0,0,0,,,,
ZUESTA,2009,4,22,4,9.4,,,,,,,,955,,0.4,,2,0,0,0,0,0,0,,,,
ZUESTA,2009,4,22,5,9,,,,,,,,955.2,,0.4,,62,0,0,0,0,0,0,,,,
ZUESTA,2009,4,22,6,9.8,,,,,,,,955.5,,0.4,,208,0,0,0,0,0,0,,,,
ZUESTA,2009,4,22,7,11.3,,,,,,,,955.5,,0.6,,327,3087.2,54,0,0,0,0,,,,
ZUESTA,2009,4,22,8,13.3,,,,,,,,955.4,,0.6,,559,1798.4,92.2,0,0,0,0,,,,
ZUESTA,2009,4,22,9,15.5,,,,,,,,955.4,,0.8,,618,1214.2,102,0,0,0,0,,,,
ZUESTA,2009,4,22,10,16.9,,,,,,,,955.1,,1,,678,989.1,111.9,0,0,0,0,,,,
ZUESTA,2009,4,22,11,18.1,,,,,,,,954.6,,1.3,,666,746,150.1,0,0,0,0,,,,
ZUESTA,2009,4,22,12,18.3,,,,,,,,954.1,,1,,541,263.3,337.1,0,0,0,0,,,,
ZUESTA,2009,4,22,13,18.9,,,,,,,,953.6,,1.3,,386,45.6,348.9,0,0,0,0,,,,
ZUESTA,2009,4,22,14,19,,,,,,,,953.3,,1.9,,323,19.1,307.5,0,0,0,0,,,,
ZUESTA,2009,4,22,15,19.2,,,,,,,,953.1,,2.8,,314,22.6,296.8,0,0,0,0,,,,
ZUESTA,2009,4,22,16,18.4,,,,,,,,953.1,,3.3,,207,6.5,202.6,0,0,0,0,,,,
ZUESTA,2009,4,22,17,17.7,,,,,,,,953.3,,2.3,,49,0.5,48.7,0,0,0,0,,,,
ZUESTA,2009,4,22,18,16.3,,,,,,,,953.9,,2.3,,10,0,10,0,0,0,0,,,,
ZUESTA,2009,4,22,19,15.1,,,,,,,,954.5,,2,,0,0,0,0,0,0,0,,,,
ZUESTA,2009,4,22,20,14.1,,,,,,,,954.9,,1.1,,0,0,0,0,0,0,0,,,,
ZUESTA,2009,4,22,21,13.6,,,,,,,,955.2,,1.9,,0,0,0,0,0,0,0,,,,
ZUESTA,2009,4,22,22,13.1,,,,,,,,955.3,,1.3,,0,0,0,0,0,0,0,,,,
ZUESTA,2009,4,22,23,12.2,,,,,,,,955.1,,2.3,,0,0,0,0,0,0,0,,,,
ZUESTA,2009,4,23,0,11.1,,,,,,,,955.1,,4,,0,0,0,0,0,0,0,,,,
ZUESTA,2009,4,23,1,10.3,,,,,,,,955.1,,3,,0,0,0,0,0,0,0,,,,
ZUESTA,2009,4,23,2,9.9,,,,,,,,955.1,,2.5,,0,0,0,0,0,0,0,,,,
ZUESTA,2009,4,23,3,9.3,,,,,,,,955.1,,1.3,,0,0,0,0,0,0,0,,,,
ZUESTA,2009,4,23,4,8.3,,,,,,,,955.1,,1.4,,2,0,0,0,0,0,0,,,,
ZUESTA,2009,4,23,5,7.8,,,,,,,,955.3,,1.6,,59,0,0,0,0,0,0,,,,
ZUESTA,2009,4,23,6,8.6,,,,,,,,955.6,,1.6,,227,0,0,0,0,0,0,,,,
ZUESTA,2009,4,23,7,9.8,,,,,,,,955.6,,1.3,,427,3827.4,70.5,0,0,0,0,,,,
ZUESTA,2009,4,23,8,10.8,,,,,,,,955.6,,1.4,,591,1868.4,97.5,0,0,0,0,,,,
ZUESTA,2009,4,23,9,11.7,,,,,,,,955.5,,1.5,,653,1270,107.7,0,0,0,0,,,,
ZUESTA,2009,4,23,10,12.2,,,,,,,,955.4,,1.6,,766,1109.6,126.4,0,0,0,0,,,,
ZUESTA,2009,4,23,11,13.3,,,,,,,,954.9,,1.5,,828,994.3,136.6,0,0,0,0,,,,
ZUESTA,2009,4,23,12,14.3,,,,,,,,954.4,,1.4,,647,494.9,262,0,0,0,0,,,,
ZUESTA,2009,4,23,13,14,,,,,,,,954,,1.1,,561,244.4,361,0,0,0,0,,,,
ZUESTA,2009,4,23,14,14,,,,,,,,953.4,,2.1,,185,3.4,182.2,0,0,0,0,,,,
ZUESTA,2009,4,23,15,12.6,,,,,,,,953.4,,3.3,,179,3.6,176.2,0,0,0,0,,,,
ZUESTA,2009,4,23,16,12.1,,,,,,,,953.5,,3.7,,188,5.2,184.5,0,0,0,0,,,,
ZUESTA,2009,4,23,17,10.3,,,,,,,,954,,3.3,,69,1,68.4,0,0,0,0,,,,
ZUESTA,2009,4,23,18,9.5,,,,,,,,954.7,,1.8,,11,0.1,11,0,0,0,0,,,,
ZUESTA,2009,4,23,19,8.9,,,,,,,,955.4,,2.2,,0,0,0,0,0,0,0,,,,
ZUESTA,2009,4,23,20,8.1,,,,,,,,955.7,,1.7,,0,0,0,0,0,0,0,,,,
ZUESTA,2009,4,23,21,7.7,,,,,,,,955.7,,1.3,,0,0,0,0,0,0,0,,,,
ZUESTA,2009,4,23,22,6.2,,,,,,,,955.4,,1.4,,0,0,0,0,0,0,0,,,,
ZUESTA,2009,4,23,23,5.3,,,,,,,,955.2,,2.1,,0,0,0,0,0,0,0,,,,
ZUESTA,2009,4,24,0,4.7,,,,,,,,954.9,,2.5,,0,0,0,0,0,0,0,,,,
ZUESTA,2009,4,24,1,4.3,,,,,,,,954.1,,3,,0,0,0,0,0,0,0,,,,
ZUESTA,2009,4,24,2,3.8,,,,,,,,953.7,,2.8,,0,0,0,0,0,0,0,,,,
ZUESTA,2009,4,24,3,3.3,,,,,,,,953,,2.3,,0,0,0,0,0,0,0,,,,
ZUESTA,2009,4,24,4,3.2,,,,,,,,952.6,,3.3,,2,0,0,0,0,0,0,,,,
ZUESTA,2009,4,24,5,3.4,,,,,,,,952.3,,5.1,,32,0,0,0,0,0,0,,,,
ZUESTA,2009,4,24,6,4,,,,,,,,951.9,,3.6,,151,0,0,0,0,0,0,,,,
ZUESTA,2009,4,24,7,5.1,,,,,,,,951.7,,3.5,,289,2467.3,47.7,0,0,0,0,,,,
ZUESTA,2009,4,24,8,6.8,,,,,,,,951.6,,3.5,,613,1905.4,101.1,0,0,0,0,,,,
ZUESTA,2009,4,24,9,8.7,,,,,,,,951.4,,4,,739,1423.2,121.9,0,0,0,0,,,,
ZUESTA,2009,4,24,10,10.7,,,,,,,,951.1,,3.1,,832,1196.9,137.3,0,0,0,0,,,,
ZUESTA,2009,4,24,11,12.6,,,,,,,,950.7,,3.1,,875,1045.1,144.4,0,0,0,0,,,,
ZUESTA,2009,4,24,12,14,,,,,,,,950.1,,3,,854,912.6,140.9,0,0,0,0,,,,
ZUESTA,2009,4,24,13,15.5,,,,,,,,949.7,,1.9,,797,759.1,173.3,0,0,0,0,,,,
ZUESTA,2009,4,24,14,15.7,,,,,,,,949.4,,1.6,,367,35,338.4,0,0,0,0,,,,
ZUESTA,2009,4,24,15,15.2,,,,,,,,949.2,,1.8,,251,7.9,244.9,0,0,0,0,,,,
ZUESTA,2009,4,24,16,14.9,,,,,,,,949,,3.3,,369,89.2,308.5,0,0,0,0,,,,
ZUESTA,2009,4,24,17,13.9,,,,,,,,949,,1.9,,113,2.8,111.5,0,0,0,0,,,,
ZUESTA,2009,4,24,18,12.6,,,,,,,,949.3,,2.5,,10,0,10,0,0,0,0,,,,
ZUESTA,2009,4,24,19,11.7,,,,,,,,949.4,,0.9,,0,0,0,0,0,0,0,,,,
ZUESTA,2009,4,24,20,10.2,,,,,,,,948.9,,2.4,,0,0,0,0,0,0,0,,,,
ZUESTA,2009,4,24,21,10.3,,,,,,,,948.9,,0.7,,0,0,0,0,0,0,0,,,,
ZUESTA,2009,4,24,22,10.8,,,,,,,,948.5,,1.4,,0,0,0,0,0,0,0,,,,
ZUESTA,2009,4,24,23,10.4,,,,,,,,948.3,,1.5,,0,0,0,0,0,0,0,,,,
ZUESTA,2009,4,25,0,9.6,,,,,,,,948.3,,2.4,,0,0,0,0,0,0,0,,,,
ZUESTA,2009,4,25,1,8.4,,,,,,,,948.3,,2.5,,0,0,0,0,0,0,0,,,,
ZUESTA,2009,4,25,2,8.6,,,,,,,,948.3,,2.1,,0,0,0,0,0,0,0,,,,
ZUESTA,2009,4,25,3,8.9,,,,,,,,948.5,,2.4,,0,0,0,0,0,0,0,,,,
ZUESTA,2009,4,25,4,8.3,,,,,,,,948.6,,0.9,,3,0,0,0,0,0,0,,,,
ZUESTA,2009,4,25,5,8,,,,,,,,948.9,,0.5,,93,0,0,0,0,0,0,,,,
ZUESTA,2009,4,25,6,10.2,,,,,,,,949.4,,0.5,,282,0,0,0,0,0,0,,,,
ZUESTA,2009,4,25,7,11.8,,,,,,,,949.7,,0.9,,445,3628.9,73.4,0,0,0,0,,,,
ZUESTA,2009,4,25,8,14,,,,,,,,949.6,,0.7,,598,1828.6,98.7,0,0,0,0,,,,
ZUESTA,2009,4,25,9,16.3,,,,,,,,949.7,,1.5,,728,1388.6,120.1,0,0,0,0,,,,
ZUESTA,2009,4,25,10,18.4,,,,,,,,949.4,,1.7,,832,1188.8,137.3,0,0,0,0,,,,
ZUESTA,2009,4,25,11,19.6,,,,,,,,948.9,,2.1,,821,975.5,135.5,0,0,0,0,,,,
ZUESTA,2009,4,25,12,20.3,,,,,,,,948.4,,1.2,,840,894.1,138.3,0,0,0,0,,,,
ZUESTA,2009,4,25,13,20.9,,,,,,,,948.1,,1.5,,777,709.2,191.9,0,0,0,0,,,,
ZUESTA,2009,4,25,14,21.4,,,,,,,,947.6,,2,,618,352.1,329.1,0,0,0,0,,,,
ZUESTA,2009,4,25,15,21.4,,,,,,,,947.1,,2.3,,441,112.5,354.2,0,0,0,0,,,,
ZUESTA,2009,4,25,16,21.2,,,,,,,,946.9,,2.5,,369,87.5,309.4,0,0,0,0,,,,
ZUESTA,2009,4,25,17,20.1,,,,,,,,946.6,,1.9,,113,2.7,111.5,0,0,0,0,,,,
ZUESTA,2009,4,25,18,17.8,,,,,,,,946.6,,2.6,,16,0.1,16,0,0,0,0,,,,
ZUESTA,2009,4,25,19,16.3,,,,,,,,946.7,,2.3,,0,0,0,0,0,0,0,,,,
ZUESTA,2009,4,25,20,15.4,,,,,,,,947.1,,2.8,,0,0,0,0,0,0,0,,,,
ZUESTA,2009,4,25,21,15.2,,,,,,,,946.9,,3.2,,0,0,0,0,0,0,0,,,,
ZUESTA,2009,4,25,22,14.7,,,,,,,,946.6,,2.6,,0,0,0,0,0,0,0,,,,
ZUESTA,2009,4,25,23,14.6,,,,,,,,946.4,,2.1,,0,0,0,0,0,0,0,,,,
ZUESTA,2009,4,26,0,13.6,,,,,,,,946.4,,1.1,,0,0,0,0,0,0,0,,,,
ZUESTA,2009,4,26,1,11.9,,,,,,,,946.4,,0.6,,0,0,0,0,0,0,0,,,,
ZUESTA,2009,4,26,2,11.5,,,,,,,,946.1,,0.4,,0,0,0,0,0,0,0,,,,
ZUESTA,2009,4,26,3,10.7,,,,,,,,945.9,,0.6,,0,0,0,0,0,0,0,,,,
ZUESTA,2009,4,26,4,10.7,,,,,,,,945.8,,0.6,,2,0,0,0,0,0,0,,,,
ZUESTA,2009,4,26,5,11.2,,,,,,,,945.6,,1.1,,22,0,0,0,0,0,0,,,,
ZUESTA,2009,4,26,6,11.1,,,,,,,,946.1,,0.5,,50,0,0,0,0,0,0,,,,
ZUESTA,2009,4,26,7,12.5,,,,,,,,946.3,,1.1,,76,283.4,45.7,0,0,0,0,,,,
ZUESTA,2009,4,26,8,13.2,,,,,,,,946,,0.6,,387,1164.8,63.9,0,0,0,0,,,,
ZUESTA,2009,4,26,9,16.2,,,,,,,,945,,2.5,,660,1247.2,108.9,0,0,0,0,,,,
ZUESTA,2009,4,26,10,17.8,,,,,,,,944.2,,2.5,,769,1091.6,126.9,0,0,0,0,,,,
ZUESTA,2009,4,26,11,20.2,,,,,,,,943.3,,2,,817,965.8,134.8,0,0,0,0,,,,
ZUESTA,2009,4,26,12,20.9,,,,,,,,942.6,,1.7,,839,889.2,138.2,0,0,0,0,,,,
ZUESTA,2009,4,26,13,22.2,,,,,,,,941.8,,1.8,,783,716.4,189.7,0,0,0,0,,,,
ZUESTA,2009,4,26,14,21.3,,,,,,,,941.2,,2.5,,379,39.8,346.2,0,0,0,0,,,,
ZUESTA,2009,4,26,15,19.7,,,,,,,,940.8,,2.9,,127,1.8,125.6,0,0,0,0,,,,
ZUESTA,2009,4,26,16,18.8,,,,,,,,940.7,,2.5,,153,3.3,150.7,0,0,0,0,,,,
ZUESTA,2009,4,26,17,18.3,,,,,,,,940.2,,2.8,,98,2,96.9,0,0,0,0,,,,
ZUESTA,2009,4,26,18,17.4,,,,,,,,940.1,,1.9,,16,0.1,16,0,0,0,0,,,,
ZUESTA,2009,4,26,19,16.9,,,,,,,,940.5,,2.4,,0,0,0,0,0,0,0,,,,
ZUESTA,2009,4,26,20,16.2,,,,,,,,941,,1.9,,0,0,0,0,0,0,0,,,,
ZUESTA,2009,4,26,21,13.5,,,,,,,,941,,1.3,,0,0,0,0,0,0,0,,,,
ZUESTA,2009,4,26,22,12.3,,,,,,,,940.7,,1.9,,0,0,0,0,0,0,0,,,,
ZUESTA,2009,4,26,23,11.3,,,,,,,,940.9,,1.2,,0,0,0,0,0,0,0,,,,
ZUESTA,2009,4,27,0,11.3,,,,,,,,941.6,,2.4,,0,0,0,0,0,0,0,,,,
ZUESTA,2009,4,27,1,10.6,,,,,,,,942.2,,2.4,,0,0,0,0,0,0,0,,,,
ZUESTA,2009,4,27,2,10.1,,,,,,,,942.9,,2.5,,0,0,0,0,0,0,0,,,,
ZUESTA,2009,4,27,3,9.9,,,,,,,,943.2,,0.9,,0,0,0,0,0,0,0,,,,
ZUESTA,2009,4,27,4,9.7,,,,,,,,943.2,,0.8,,2,0,0,0,0,0,0,,,,
ZUESTA,2009,4,27,5,10,,,,,,,,943.4,,0.6,,30,0,0,0,0,0,0,,,,
ZUESTA,2009,4,27,6,10.6,,,,,,,,943.7,,0.5,,36,0,0,0,0,0,0,,,,
ZUESTA,2009,4,27,7,10.3,,,,,,,,943.7,,0.9,,31,5.2,30.4,0,0,0,0,,,,
ZUESTA,2009,4,27,8,10.3,,,,,,,,943.4,,0.8,,63,3.3,62.1,0,0,0,0,,,,
ZUESTA,2009,4,27,9,10.3,,,,,,,,943.3,,1.3,,116,4.5,114,0,0,0,0,,,,
ZUESTA,2009,4,27,10,10.2,,,,,,,,943,,1.3,,171,5.6,167.7,0,0,0,0,,,,
ZUESTA,2009,4,27,11,10.4,,,,,,,,942.4,,1.1,,250,10.8,242.4,0,0,0,0,,,,
ZUESTA,2009,4,27,12,11.7,,,,,,,,941.6,,1.1,,423,82.8,357.5,0,0,0,0,,,,
ZUESTA,2009,4,27,13,12.5,,,,,,,,941,,1.7,,379,38.1,347.3,0,0,0,0,,,,
ZUESTA,2009,4,27,14,12.8,,,,,,,,940.7,,2.1,,231,5.2,226.7,0,0,0,0,,,,
ZUESTA,2009,4,27,15,12,,,,,,,,940.4,,2.3,,61,0.4,60.7,0,0,0,0,,,,
ZUESTA,2009,4,27,16,11.4,,,,,,,,940,,2.7,,61,0.5,60.6,0,0,0,0,,,,
ZUESTA,2009,4,27,17,11,,,,,,,,939.6,,2.6,,28,0.2,27.9,0,0,0,0,,,,
ZUESTA,2009,4,27,18,10.6,,,,,,,,939.5,,2.8,,4,0,4,0,0,0,0,,,,
ZUESTA,2009,4,27,19,10.4,,,,,,,,939.3,,2.6,,0,0,0,0,0,0,0,,,,
ZUESTA,2009,4,27,20,10,,,,,,,,939.2,,2.9,,0,0,0,0,0,0,0,,,,
ZUESTA,2009,4,27,21,9.6,,,,,,,,938.8,,2.8,,0,0,0,0,0,0,0,,,,
ZUESTA,2009,4,27,22,9.5,,,,,,,,938.5,,2.3,,0,0,0,0,0,0,0,,,,
ZUESTA,2009,4,27,23,9.4,,,,,,,,938.5,,2.8,,0,0,0,0,0,0,0,,,,
ZUESTA,2009,4,28,0,9.2,,,,,,,,938.4,,2.9,,0,0,0,0,0,0,0,,,,
ZUESTA,2009,4,28,1,9,,,,,,,,938.2,,2.9,,0,0,0,0,0,0,0,,,,
ZUESTA,2009,4,28,2,8.5,,,,,,,,938.3,,1.6,,0,0,0,0,0,0,0,,,,
ZUESTA,2009,4,28,3,8.2,,,,,,,,938.3,,1.9,,0,0,0,0,0,0,0,,,,
ZUESTA,2009,4,28,4,7.8,,,,,,,,938.3,,2.2,,0,0,0,0,0,0,0,,,,
ZUESTA,2009,4,28,5,7.8,,,,,,,,938.5,,1.7,,11,0,0,0,0,0,0,,,,
ZUESTA,2009,4,28,6,8.1,,,,,,,,938.9,,2.4,,40,0,0,0,0,0,0,,,,
ZUESTA,2009,4,28,7,8,,,,,,,,939.4,,2,,70,145.7,53.1,0,0,0,0,,,,
ZUESTA,2009,4,28,8,8.4,,,,,,,,939.7,,2.4,,151,78.5,128.6,0,0,0,0,,,,
ZUESTA,2009,4,28,9,8.5,,,,,,,,940.3,,2.9,,150,8.6,146.1,0,0,0,0,,,,
ZUESTA,2009,4,28,10,8,,,,,,,,940.9,,3.7,,135,3.4,133,0,0,0,0,,,,
ZUESTA,2009,4,28,11,6.7,,,,,,,,941.8,,4,,213,6.1,208.7,0,0,0,0,,,,
ZUESTA,2009,4,28,12,7.5,,,,,,,,942.2,,3.2,,235,5.8,230.4,0,0,0,0,,,,
ZUESTA,2009,4,28,13,8,,,,,,,,942.5,,3.5,,255,6.4,249.6,0,0,0,0,,,,
ZUESTA,2009,4,28,14,7.7,,,,,,,,942.8,,4,,190,3.5,187.1,0,0,0,0,,,,
ZUESTA,2009,4,28,15,6.8,,,,,,,,943.1,,3.3,,66,0.5,65.6,0,0,0,0,,,,
ZUESTA,2009,4,28,16,6.1,,,,,,,,943.3,,3,,30,0.1,29.9,0,0,0,0,,,,
ZUESTA,2009,4,28,17,5.6,,,,,,,,943.3,,2.9,,19,0.1,19,0,0,0,0,,,,
ZUESTA,2009,4,28,18,5.3,,,,,,,,943.2,,1.5,,6,0,6,0,0,0,0,,,,
ZUESTA,2009,4,28,19,5.3,,,,,,,,943,,1.3,,0,0,0,0,0,0,0,,,,
ZUESTA,2009,4,28,20,5.4,,,,,,,,943.2,,1,,0,0,0,0,0,0,0,,,,
ZUESTA,2009,4,28,21,5.4,,,,,,,,942.9,,1,,0,0,0,0,0,0,0,,,,
ZUESTA,2009,4,28,22,5.3,,,,,,,,942.9,,0.4,,0,0,0,0,0,0,0,,,,
ZUESTA,2009,4,28,23,5.3,,,,,,,,942.8,,0.7,,0,0,0,0,0,0,0,,,,
ZUESTA,2009,4,29,0,5.4,,,,,,,,942.3,,0.8,,0,0,0,0,0,0,0,,,,
ZUESTA,2009,4,29,1,5.4,,,,,,,,942.2,,1.1,,0,0,0,0,0,0,0,,,,
ZUESTA,2009,4,29,2,5.3,,,,,,,,942.3,,0.7,,0,0,0,0,0,0,0,,,,
ZUESTA,2009,4,29,3,5.2,,,,,,,,942,,1.4,,0,0,0,0,0,0,0,,,,
ZUESTA,2009,4,29,4,5.5,,,,,,,,942,,0.7,,2,0,0,0,0,0,0,,,,
ZUESTA,2009,4,29,5,5.9,,,,,,,,941.9,,0.6,,32,0,0,0,0,0,0,,,,
ZUESTA,2009,4,29,6,6.4,,,,,,,,942.3,,0.6,,63,0,0,0,0,0,0,,,,
ZUESTA,2009,4,29,7,6.7,,,,,,,,942.9,,2.4,,67,101.7,54.8,0,0,0,0,,,,
ZUESTA,2009,4,29,8,6,,,,,,,,943.8,,3.4,,53,2.2,52.4,0,0,0,0,,,,
ZUESTA,2009,4,29,9,5.6,,,,,,,,944.7,,3.6,,77,1.9,76.1,0,0,0,0,,,,
ZUESTA,2009,4,29,10,5.4,,,,,,,,945.5,,3.3,,146,4,143.6,0,0,0,0,,,,
ZUESTA,2009,4,29,11,6.2,,,,,,,,946.1,,3,,251,10.5,243.4,0,0,0,0,,,,
ZUESTA,2009,4,29,12,8.1,,,,,,,,946.2,,2.2,,468,127.5,366.3,0,0,0,0,,,,
ZUESTA,2009,4,29,13,9.6,,,,,,,,946.2,,2.4,,559,221.8,373.3,0,0,0,0,,,,
ZUESTA,2009,4,29,14,10,,,,,,,,946.2,,2.3,,241,5.6,236.3,0,0,0,0,,,,
ZUESTA,2009,4,29,15,8.5,,,,,,,,946.7,,1.5,,166,3,163.6,0,0,0,0,,,,
ZUESTA,2009,4,29,16,9.3,,,,,,,,947.2,,2.6,,151,3.2,148.8,0,0,0,0,,,,
ZUESTA,2009,4,29,17,8.5,,,,,,,,947.8,,3.6,,39,0.3,38.8,0,0,0,0,,,,
ZUESTA,2009,4,29,18,6.9,,,,,,,,948.7,,3.4,,3,0,3,0,0,0,0,,,,
ZUESTA,2009,4,29,19,6.5,,,,,,,,949.4,,1.4,,0,0,0,0,0,0,0,,,,
ZUESTA,2009,4,29,20,6.3,,,,,,,,950.1,,1.5,,0,0,0,0,0,0,0,,,,
ZUESTA,2009,4,29,21,6.1,,,,,,,,950.4,,1.9,,0,0,0,0,0,0,0,,,,
ZUESTA,2009,4,29,22,6.3,,,,,,,,950.9,,1.7,,0,0,0,0,0,0,0,,,,
ZUESTA,2009,4,29,23,5.8,,,,,,,,951.2,,1.2,,0,0,0,0,0,0,0,,,,
ZUESTA,2009,4,30,0,5.5,,,,,,,,951.2,,1.3,,0,0,0,0,0,0,0,,,,
ZUESTA,2009,4,30,1,5.2,,,,,,,,951.2,,0.6,,0,0,0,0,0,0,0,,,,
ZUESTA,2009,4,30,2,4.6,,,,,,,,951.5,,0.4,,0,0,0,0,0,0,0,,,,
ZUESTA,2009,4,30,3,4.5,,,,,,,,951.6,,0.4,,0,0,0,0,0,0,0,,,,
ZUESTA,2009,4,30,4,5.1,,,,,,,,951.9,,0.3,,3,0,0,0,0,0,0,,,,
ZUESTA,2009,4,30,5,5.6,,,,,,,,952.2,,0.5,,37,0,0,0,0,0,0,,,,
ZUESTA,2009,4,30,6,6.3,,,,,,,,952.5,,1.2,,109,0,0,0,0,0,0,,,,
ZUESTA,2009,4,30,7,7,,,,,,,,952.6,,1.4,,166,1115.2,27.4,0,0,0,0,,,,
ZUESTA,2009,4,30,8,7.6,,,,,,,,952.9,,1,,290,789.1,58,0,0,0,0,,,,
ZUESTA,2009,4,30,9,8.4,,,,,,,,953,,1.3,,383,509.6,149.9,0,0,0,0,,,,
ZUESTA,2009,4,30,10,9.7,,,,,,,,952.9,,1,,623,856.9,106.5,0,0,0,0,,,,
ZUESTA,2009,4,30,11,10.9,,,,,,,,952.4,,0.9,,566,413.1,268.6,0,0,0,0,,,,
ZUESTA,2009,4,30,12,11.9,,,,,,,,952.2,,1.5,,716,620.6,218.9,0,0,0,0,,,,
ZUESTA,2009,4,30,13,12.6,,,,,,,,952,,1.7,,439,74.8,376.2,0,0,0,0,,,,
ZUESTA,2009,4,30,14,12.4,,,,,,,,951.8,,2,,317,15.3,304.2,0,0,0,0,,,,
ZUESTA,2009,4,30,15,12.7,,,,,,,,951.9,,2.2,,353,35.5,325.1,0,0,0,0,,,,
ZUESTA,2009,4,30,16,12.2,,,,,,,,952.1,,1.9,,161,3.6,158.5,0,0,0,0,,,,
ZUESTA,2009,4,30,17,11.4,,,,,,,,952.3,,1.3,,72,1.1,71.4,0,0,0,0,,,,
ZUESTA,2009,4,30,18,10.7,,,,,,,,952.6,,0.9,,16,0.1,16,0,0,0,0,,,,
ZUESTA,2009,4,30,19,8.9,,,,,,,,952.9,,0.7,,0,0,0,0,0,0,0,,,,
ZUESTA,2009,4,30,20,7.7,,,,,,,,953.1,,1.3,,0,0,0,0,0,0,0,,,,
ZUESTA,2009,4,30,21,8,,,,,,,,953.4,,1.6,,0,0,0,0,0,0,0,,,,
ZUESTA,2009,4,30,22,7.9,,,,,,,,953.3,,2.4,,0,0,0,0,0,0,0,,,,
ZUESTA,2009,4,30,23,7.1,,,,,,,,953.6,,2.4,,0,0,0,0,0,0,0,,,,
ZUESTA,2009,5,1,0,6.8,,,,,,,,953.5,,2.3,,0,0,0,0,0,0,0,,,,
ZUESTA,2009,5,1,1,5.9,,,,,,,,953.2,,1.7,,0,0,0,0,0,0,0,,,,
ZUESTA,2009,5,1,2,5.1,,,,,,,,953.2,,1.9,,0,0,0,0,0,0,0,,,,
ZUESTA,2009,5,1,3,4.9,,,,,,,,953.5,,2.2,,0,0,0,0,0,0,0,,,,
ZUESTA,2009,5,1,4,4.8,,,,,,,,953.7,,1.8,,6,0,0,0,0,0,0,,,,
ZUESTA,2009,5,1,5,5,,,,,,,,954.2,,0.8,,93,0,0,0,0,0,0,,,,
ZUESTA,2009,5,1,6,6.7,,,,,,,,954.6,,1.6,,266,0,0,0,0,0,0,,,,
ZUESTA,2009,5,1,7,8.2,,,,,,,,955.1,,1.7,,430,2795.4,71,0,0,0,0,,,,
ZUESTA,2009,5,1,8,9.8,,,,,,,,955.6,,1.5,,619,1734.4,102.1,0,0,0,0,,,,
ZUESTA,2009,5,1,9,11.6,,,,,,,,955.8,,1.8,,790,1430.3,130.3,0,0,0,0,,,,
ZUESTA,2009,5,1,10,12.9,,,,,,,,955.9,,1.6,,849,1169.4,140.1,0,0,0,0,,,,
ZUESTA,2009,5,1,11,14.4,,,,,,,,955.8,,1.7,,892,1029.9,147.2,0,0,0,0,,,,
ZUESTA,2009,5,1,12,15.2,,,,,,,,955.9,,1.5,,675,514.8,261.1,0,0,0,0,,,,
ZUESTA,2009,5,1,13,15.5,,,,,,,,955.9,,1.7,,584,258,366.4,0,0,0,0,,,,
ZUESTA,2009,5,1,14,16.7,,,,,,,,955.9,,0.9,,578,253.7,365.4,0,0,0,0,,,,
ZUESTA,2009,5,1,15,16.9,,,,,,,,956,,1.1,,468,134.5,361.9,0,0,0,0,,,,
ZUESTA,2009,5,1,16,16.9,,,,,,,,956.1,,1.2,,275,18.2,262.2,0,0,0,0,,,,
ZUESTA,2009,5,1,17,16.1,,,,,,,,956.3,,1,,57,0.7,56.6,0,0,0,0,,,,
ZUESTA,2009,5,1,18,15.6,,,,,,,,956.8,,1.7,,6,0,6,0,0,0,0,,,,
ZUESTA,2009,5,1,19,13.5,,,,,,,,957.7,,1.2,,0,0,0,0,0,0,0,,,,
ZUESTA,2009,5,1,20,12.8,,,,,,,,958.3,,1.4,,0,0,0,0,0,0,0,,,,
ZUESTA,2009,5,1,21,13.3,,,,,,,,958.6,,1.1,,0,0,0,0,0,0,0,,,,
ZUESTA,2009,5,1,22,11.9,,,,,,,,958.8,,0.8,,0,0,0,0,0,0,0,,,,
ZUESTA,2009,5,1,23,11.1,,,,,,,,959.2,,0.7,,0,0,0,0,0,0,0,,,,
ZUESTA,2009,5,2,0,11.1,,,,,,,,959.4,,0.6,,0,0,0,0,0,0,0,,,,
ZUESTA,2009,5,2,1,10.6,,,,,,,,959.2,,0.6,,0,0,0,0,0,0,0,,,,
ZUESTA,2009,5,2,2,10.7,,,,,,,,959.5,,0.7,,0,0,0,0,0,0,0,,,,
ZUESTA,2009,5,2,3,10.5,,,,,,,,959.8,,0.9,,0,0,0,0,0,0,0,,,,
ZUESTA,2009,5,2,4,10.2,,,,,,,,959.9,,0.6,,2,0,0,0,0,0,0,,,,
ZUESTA,2009,5,2,5,10.1,,,,,,,,960.3,,0.7,,30,0,0,0,0,0,0,,,,
ZUESTA,2009,5,2,6,10.6,,,,,,,,960.6,,1.3,,80,0,0,0,0,0,0,,,,
ZUESTA,2009,5,2,7,11.1,,,,,,,,961.2,,2.4,,316,1991,52.1,0,0,0,0,,,,
ZUESTA,2009,5,2,8,12,,,,,,,,961.6,,1.7,,334,923.8,55.1,0,0,0,0,,,,
ZUESTA,2009,5,2,9,12.5,,,,,,,,961.9,,1.8,,294,178,211.3,0,0,0,0,,,,
ZUESTA,2009,5,2,10,13.1,,,,,,,,961.8,,2.1,,596,776,123,0,0,0,0,,,,
ZUESTA,2009,5,2,11,14.9,,,,,,,,961.5,,1.6,,860,988.7,141.9,0,0,0,0,,,,
ZUESTA,2009,5,2,12,16.3,,,,,,,,961.1,,2.1,,709,591.9,231.4,0,0,0,0,,,,
ZUESTA,2009,5,2,13,16.2,,,,,,,,960.8,,2.4,,276,8,269.3,0,0,0,0,,,,
ZUESTA,2009,5,2,14,12.3,,,,,,,,961.2,,2.1,,158,2.4,156,0,0,0,0,,,,
ZUESTA,2009,5,2,15,13.3,,,,,,,,961.1,,1.8,,245,6.7,239.7,0,0,0,0,,,,
ZUESTA,2009,5,2,16,13.8,,,,,,,,960.9,,1.6,,120,2,118.6,0,0,0,0,,,,
ZUESTA,2009,5,2,17,13.8,,,,,,,,960.8,,1.2,,108,2.3,106.6,0,0,0,0,,,,
ZUESTA,2009,5,2,18,12.9,,,,,,,,961.3,,1.5,,12,0.1,12,0,0,0,0,,,,
ZUESTA,2009,5,2,19,12,,,,,,,,961.9,,2,,0,0,0,0,0,0,0,,,,
ZUESTA,2009,5,2,20,10.9,,,,,,,,962.2,,0.7,,0,0,0,0,0,0,0,,,,
ZUESTA,2009,5,2,21,9.9,,,,,,,,961.8,,1,,0,0,0,0,0,0,0,,,,
ZUESTA,2009,5,2,22,9.8,,,,,,,,961.9,,1.5,,0,0,0,0,0,0,0,,,,
ZUESTA,2009,5,2,23,9.3,,,,,,,,961.3,,0.8,,0,0,0,0,0,0,0,,,,
ZUESTA,2009,5,3,0,9,,,,,,,,960.8,,0.6,,0,0,0,0,0,0,0,,,,
ZUESTA,2009,5,3,1,8.5,,,,,,,,960.3,,0.7,,0,0,0,0,0,0,0,,,,
ZUESTA,2009,5,3,2,8.7,,,,,,,,960.2,,0.7,,0,0,0,0,0,0,0,,,,
ZUESTA,2009,5,3,3,7.7,,,,,,,,959.8,,0.5,,0,0,0,0,0,0,0,,,,
ZUESTA,2009,5,3,4,7.3,,,,,,,,959.6,,0.5,,6,0,0,0,0,0,0,,,,
ZUESTA,2009,5,3,5,7.8,,,,,,,,959.7,,0.3,,88,0,0,0,0,0,0,,,,
ZUESTA,2009,5,3,6,8.4,,,,,,,,959.7,,0.6,,286,0,0,0,0,0,0,,,,
ZUESTA,2009,5,3,7,9.7,,,,,,,,959.5,,0.9,,469,2868.5,77.4,0,0,0,0,,,,
ZUESTA,2009,5,3,8,11.9,,,,,,,,959.3,,0.8,,637,1740.1,105.1,0,0,0,0,,,,
ZUESTA,2009,5,3,9,13.9,,,,,,,,959.1,,1,,775,1381.7,127.9,0,0,0,0,,,,
ZUESTA,2009,5,3,10,15.4,,,,,,,,958.7,,1.4,,869,1183.9,143.4,0,0,0,0,,,,
ZUESTA,2009,5,3,11,17,,,,,,,,958.1,,1.6,,910,1041.8,150.2,0,0,0,0,,,,
ZUESTA,2009,5,3,12,18.2,,,,,,,,957.5,,1.5,,900,928,148.5,0,0,0,0,,,,
ZUESTA,2009,5,3,13,19.1,,,,,,,,957,,1.4,,838,792.3,165.6,0,0,0,0,,,,
ZUESTA,2009,5,3,14,19.5,,,,,,,,956.5,,1.4,,672,434.3,305.7,0,0,0,0,,,,
ZUESTA,2009,5,3,15,19.3,,,,,,,,956.2,,1.7,,437,95.9,360.8,0,0,0,0,,,,
ZUESTA,2009,5,3,16,18.6,,,,,,,,955.9,,1.9,,264,14.4,253.8,0,0,0,0,,,,
ZUESTA,2009,5,3,17,17.2,,,,,,,,956,,1.5,,69,0.9,68.5,0,0,0,0,,,,
ZUESTA,2009,5,3,18,16,,,,,,,,956.5,,2.7,,18,0.1,17.9,0,0,0,0,,,,
ZUESTA,2009,5,3,19,14.3,,,,,,,,957.3,,3.7,,0,0,0,0,0,0,0,,,,
ZUESTA,2009,5,3,20,12.3,,,,,,,,957.9,,2.4,,0,0,0,0,0,0,0,,,,
ZUESTA,2009,5,3,21,11,,,,,,,,958.1,,1.1,,0,0,0,0,0,0,0,,,,
ZUESTA,2009,5,3,22,10.8,,,,,,,,958,,0.6,,0,0,0,0,0,0,0,,,,
ZUESTA,2009,5,3,23,10.5,,,,,,,,957.9,,0.7,,0,0,0,0,0,0,0,,,,
ZUESTA,2009,5,4,0,10.6,,,,,,,,957.8,,1.1,,0,0,0,0,0,0,0,,,,
ZUESTA,2009,5,4,1,10.2,,,,,,,,957.7,,2,,0,0,0,0,0,0,0,,,,
ZUESTA,2009,5,4,2,8.8,,,,,,,,957.7,,1.7,,0,0,0,0,0,0,0,,,,
ZUESTA,2009,5,4,3,8.5,,,,,,,,957.6,,0.7,,0,0,0,0,0,0,0,,,,
ZUESTA,2009,5,4,4,8.5,,,,,,,,957.5,,0.6,,0,0,0,0,0,0,0,,,,
ZUESTA,2009,5,4,5,8.5,,,,,,,,957.7,,1.2,,16,0,0,0,0,0,0,,,,
ZUESTA,2009,5,4,6,8.3,,,,,,,,957.8,,1,,37,0,0,0,0,0,0,,,,
ZUESTA,2009,5,4,7,8.3,,,,,,,,958,,0.6,,36,4.4,35.4,0,0,0,0,,,,
ZUESTA,2009,5,4,8,8.4,,,,,,,,958,,1.9,,59,2.4,58.2,0,0,0,0,,,,
ZUESTA,2009,5,4,9,8.4,,,,,,,,958.2,,2.8,,132,5.2,129.5,0,0,0,0,,,,
ZUESTA,2009,5,4,10,7.7,,,,,,,,958.5,,2.6,,127,2.8,125.2,0,0,0,0,,,,
ZUESTA,2009,5,4,11,8.1,,,,,,,,958.5,,2.8,,352,50.3,315.2,0,0,0,0,,,,
ZUESTA,2009,5,4,12,8.9,,,,,,,,958.2,,2.1,,326,20.3,309.5,0,0,0,0,,,,
ZUESTA,2009,5,4,13,9,,,,,,,,958.3,,1,,193,3.4,190.1,0,0,0,0,,,,
ZUESTA,2009,5,4,14,9.1,,,,,,,,958.2,,1.1,,175,2.9,172.6,0,0,0,0,,,,
ZUESTA,2009,5,4,15,9.1,,,,,,,,958,,2.3,,207,4.5,203.4,0,0,0,0,,,,
ZUESTA,2009,5,4,16,9.7,,,,,,,,957.9,,2,,271,16.1,259.6,0,0,0,0,,,,
ZUESTA,2009,5,4,17,9.1,,,,,,,,958,,2.5,,149,4.4,146.5,0,0,0,0,,,,
ZUESTA,2009,5,4,18,8.2,,,,,,,,958.2,,1.3,,24,0.2,23.9,0,0,0,0,,,,
ZUESTA,2009,5,4,19,7.3,,,,,,,,958.5,,0.9,,0,0,0,0,0,0,0,,,,
ZUESTA,2009,5,4,20,6.2,,,,,,,,958.8,,1.1,,0,0,0,0,0,0,0,,,,
ZUESTA,2009,5,4,21,6.7,,,,,,,,959,,2.4,,0,0,0,0,0,0,0,,,,
ZUESTA,2009,5,4,22,6.2,,,,,,,,959,,2.7,,0,0,0,0,0,0,0,,,,
ZUESTA,2009,5,4,23,5.5,,,,,,,,958.9,,1.7,,0,0,0,0,0,0,0,,,,
ZUESTA,2009,5,5,0,4.7,,,,,,,,958.6,,0.5,,0,0,0,0,0,0,0,,,,
ZUESTA,2009,5,5,1,4.2,,,,,,,,958.2,,0.7,,0,0,0,0,0,0,0,,,,
ZUESTA,2009,5,5,2,4.6,,,,,,,,958.2,,0.6,,0,0,0,0,0,0,0,,,,
ZUESTA,2009,5,5,3,4.2,,,,,,,,958,,0.3,,0,0,0,0,0,0,0,,,,
ZUESTA,2009,5,5,4,4.1,,,,,,,,958.2,,0.3,,10,0,0,0,0,0,0,,,,
ZUESTA,2009,5,5,5,4.8,,,,,,,,958.8,,0.4,,72,0,0,0,0,0,0,,,,
ZUESTA,2009,5,5,6,5.8,,,,,,,,959.3,,0.4,,105,0,0,0,0,0,0,,,,
ZUESTA,2009,5,5,7,6.7,,,,,,,,959.8,,0.8,,163,943.3,26.9,0,0,0,0,,,,
ZUESTA,2009,5,5,8,7.5,,,,,,,,959.9,,0.9,,187,139.8,143.2,0,0,0,0,,,,
ZUESTA,2009,5,5,9,8.2,,,,,,,,959.8,,1.4,,218,40,199,0,0,0,0,,,,
ZUESTA,2009,5,5,10,8.9,,,,,,,,959.8,,1.4,,273,32.7,252.7,0,0,0,0,,,,
ZUESTA,2009,5,5,11,10,,,,,,,,959.7,,2,,345,44.7,312.1,0,0,0,0,,,,
ZUESTA,2009,5,5,12,11.1,,,,,,,,959.4,,2.9,,446,93.8,369.6,0,0,0,0,,,,
ZUESTA,2009,5,5,13,11.6,,,,,,,,959.2,,3.9,,460,87.2,385.5,0,0,0,0,,,,
ZUESTA,2009,5,5,14,12.5,,,,,,,,958.9,,3.5,,419,57.5,370.2,0,0,0,0,,,,
ZUESTA,2009,5,5,15,12.5,,,,,,,,958.7,,3.8,,239,6.1,234.1,0,0,0,0,,,,
ZUESTA,2009,5,5,16,12.2,,,,,,,,958.9,,3.7,,168,3.8,165.3,0,0,0,0,,,,
ZUESTA,2009,5,5,17,12.1,,,,,,,,958.8,,3.5,,94,1.7,93,0,0,0,0,,,,
ZUESTA,2009,5,5,18,11.6,,,,,,,,958.8,,2.6,,15,0.1,15,0,0,0,0,,,,
ZUESTA,2009,5,5,19,11,,,,,,,,958.9,,1.9,,0,0,0,0,0,0,0,,,,
ZUESTA,2009,5,5,20,10.7,,,,,,,,959.1,,2,,0,0,0,0,0,0,0,,,,
ZUESTA,2009,5,5,21,10.2,,,,,,,,959.1,,1.8,,0,0,0,0,0,0,0,,,,
ZUESTA,2009,5,5,22,9.5,,,,,,,,958.9,,1.9,,0,0,0,0,0,0,0,,,,
ZUESTA,2009,5,5,23,9.8,,,,,,,,958.7,,1.8,,0,0,0,0,0,0,0,,,,
ZUESTA,2009,5,6,0,9.8,,,,,,,,958.2,,2.5,,0,0,0,0,0,0,0,,,,
ZUESTA,2009,5,6,1,9.7,,,,,,,,957.8,,3.3,,0,0,0,0,0,0,0,,,,
ZUESTA,2009,5,6,2,9.5,,,,,,,,957.7,,3.7,,0,0,0,0,0,0,0,,,,
ZUESTA,2009,5,6,3,9.6,,,,,,,,957.6,,4.1,,0,0,0,0,0,0,0,,,,
ZUESTA,2009,5,6,4,9.8,,,,,,,,957.5,,3.7,,2,0,0,0,0,0,0,,,,
ZUESTA,2009,5,6,5,10,,,,,,,,957.4,,3.2,,20,0,0,0,0,0,0,,,,
ZUESTA,2009,5,6,6,10.4,,,,,,,,957.6,,2.8,,53,0,0,0,0,0,0,,,,
ZUESTA,2009,5,6,7,10.7,,,,,,,,957.7,,3.7,,86,123.6,67.7,0,0,0,0,,,,
ZUESTA,2009,5,6,8,11.8,,,,,,,,957.6,,4,,246,399.9,119.4,0,0,0,0,,,,
ZUESTA,2009,5,6,9,14.3,,,,,,,,957.4,,4.4,,738,1288,121.8,0,0,0,0,,,,
ZUESTA,2009,5,6,10,15.8,,,,,,,,957.3,,4.8,,653,875.5,108.2,0,0,0,0,,,,
ZUESTA,2009,5,6,11,16.8,,,,,,,,956.9,,5,,805,910.7,132.8,0,0,0,0,,,,
ZUESTA,2009,5,6,12,17.7,,,,,,,,956.4,,5.6,,687,518.2,263.1,0,0,0,0,,,,
ZUESTA,2009,5,6,13,17.5,,,,,,,,956.1,,4.3,,700,474.6,293.5,0,0,0,0,,,,
ZUESTA,2009,5,6,14,17.9,,,,,,,,955.5,,4,,648,371.8,331.6,0,0,0,0,,,,
ZUESTA,2009,5,6,15,17.4,,,,,,,,955.3,,3.9,,462,119,366.6,0,0,0,0,,,,
ZUESTA,2009,5,6,16,16.2,,,,,,,,955.4,,2.2,,249,10.5,241.5,0,0,0,0,,,,
ZUESTA,2009,5,6,17,16.6,,,,,,,,955.3,,2.8,,218,13.7,209.9,0,0,0,0,,,,
ZUESTA,2009,5,6,18,15.4,,,,,,,,955.4,,2.8,,52,0.9,51.6,0,0,0,0,,,,
ZUESTA,2009,5,6,19,13.4,,,,,,,,955.8,,1,,1,0,1,0,0,0,0,,,,
ZUESTA,2009,5,6,20,11.7,,,,,,,,956.1,,0.8,,0,0,0,0,0,0,0,,,,
ZUESTA,2009,5,6,21,11.4,,,,,,,,956.3,,0.9,,0,0,0,0,0,0,0,,,,
ZUESTA,2009,5,6,22,10.6,,,,,,,,956.2,,0.7,,0,0,0,0,0,0,0,,,,
ZUESTA,2009,5,6,23,10,,,,,,,,956,,0.6,,0,0,0,0,0,0,0,,,,
ZUESTA,2009,5,7,0,9.6,,,,,,,,955.8,,0.6,,0,0,0,0,0,0,0,,,,
ZUESTA,2009,5,7,1,9,,,,,,,,955.5,,0.3,,0,0,0,0,0,0,0,,,,
ZUESTA,2009,5,7,2,9.1,,,,,,,,955.2,,0.4,,0,0,0,0,0,0,0,,,,
ZUESTA,2009,5,7,3,8.8,,,,,,,,955,,0.5,,0,0,0,0,0,0,0,,,,
ZUESTA,2009,5,7,4,8.3,,,,,,,,955.2,,0.4,,11,0,0,0,0,0,0,,,,
ZUESTA,2009,5,7,5,8.7,,,,,,,,955.3,,0.3,,132,0,0,0,0,0,0,,,,
ZUESTA,2009,5,7,6,10.2,,,,,,,,955.5,,0.5,,315,0,0,0,0,0,0,,,,
ZUESTA,2009,5,7,7,11.9,,,,,,,,955.5,,0.8,,503,2768.7,83,0,0,0,0,,,,
ZUESTA,2009,5,7,8,14.4,,,,,,,,955.4,,1,,667,1740.6,110.1,0,0,0,0,,,,
ZUESTA,2009,5,7,9,16.6,,,,,,,,955.2,,2,,797,1381.7,131.5,0,0,0,0,,,,
ZUESTA,2009,5,7,10,18.4,,,,,,,,954.9,,2,,885,1181.9,146,0,0,0,0,,,,
ZUESTA,2009,5,7,11,19.5,,,,,,,,954.5,,1.9,,929,1047.1,153.3,0,0,0,0,,,,
ZUESTA,2009,5,7,12,20.6,,,,,,,,953.9,,1.7,,917,933.1,151.3,0,0,0,0,,,,
ZUESTA,2009,5,7,13,21.5,,,,,,,,953.5,,2,,850,797.2,165.2,0,0,0,0,,,,
ZUESTA,2009,5,7,14,22,,,,,,,,953,,1.7,,732,553.5,259.6,0,0,0,0,,,,
ZUESTA,2009,5,7,15,23,,,,,,,,952.5,,1.4,,581,306.1,334.7,0,0,0,0,,,,
ZUESTA,2009,5,7,16,22.5,,,,,,,,952.3,,1.7,,397,100.6,325,0,0,0,0,,,,
ZUESTA,2009,5,7,17,22,,,,,,,,952,,1.1,,224,15.3,215,0,0,0,0,,,,
ZUESTA,2009,5,7,18,19.8,,,,,,,,951.8,,0.7,,63,1.4,62.4,0,0,0,0,,,,
ZUESTA,2009,5,7,19,16.8,,,,,,,,951.8,,0.7,,0,0,0,0,0,0,0,,,,
ZUESTA,2009,5,7,20,16,,,,,,,,952,,0.5,,0,0,0,0,0,0,0,,,,
ZUESTA,2009,5,7,21,15.3,,,,,,,,951.9,,0.4,,0,0,0,0,0,0,0,,,,
ZUESTA,2009,5,7,22,15.3,,,,,,,,951.6,,1,,0,0,0,0,0,0,0,,,,
ZUESTA,2009,5,7,23,14.7,,,,,,,,951.6,,1,,0,0,0,0,0,0,0,,,,
ZUESTA,2009,5,8,0,14.6,,,,,,,,951.8,,1.4,,0,0,0,0,0,0,0,,,,
ZUESTA,2009,5,8,1,15.4,,,,,,,,952.1,,1.5,,0,0,0,0,0,0,0,,,,
ZUESTA,2009,5,8,2,15.7,,,,,,,,951.8,,1.6,,0,0,0,0,0,0,0,,,,
ZUESTA,2009,5,8,3,15.2,,,,,,,,951.3,,1.1,,0,0,0,0,0,0,0,,,,
ZUESTA,2009,5,8,4,13.9,,,,,,,,952.2,,1.4,,3,0,0,0,0,0,0,,,,
ZUESTA,2009,5,8,5,13.3,,,,,,,,952.3,,0.9,,21,0,0,0,0,0,0,,,,
ZUESTA,2009,5,8,6,14.1,,,,,,,,952.5,,0.6,,121,0,0,0,0,0,0,,,,
ZUESTA,2009,5,8,7,16.3,,,,,,,,952.5,,0.7,,392,2108,64.7,0,0,0,0,,,,
ZUESTA,2009,5,8,8,17.4,,,,,,,,952.4,,1,,518,1337.7,85.5,0,0,0,0,,,,
ZUESTA,2009,5,8,9,19.5,,,,,,,,952.4,,1.3,,741,1276.4,122.3,0,0,0,0,,,,
ZUESTA,2009,5,8,10,21,,,,,,,,951.9,,1.9,,851,1131.3,140.4,0,0,0,0,,,,
ZUESTA,2009,5,8,11,22.4,,,,,,,,951.6,,2.7,,765,852.9,130.9,0,0,0,0,,,,
ZUESTA,2009,5,8,12,23,,,,,,,,951.4,,2.8,,698,535.2,257.5,0,0,0,0,,,,
ZUESTA,2009,5,8,13,22.2,,,,,,,,951.1,,3.7,,317,13.4,305.5,0,0,0,0,,,,
ZUESTA,2009,5,8,14,20,,,,,,,,951.4,,2.7,,399,43.5,361.7,0,0,0,0,,,,
ZUESTA,2009,5,8,15,18.5,,,,,,,,952.5,,4.3,,235,5.7,230.4,0,0,0,0,,,,
ZUESTA,2009,5,8,16,18.1,,,,,,,,953.2,,3.6,,121,1.9,119.6,0,0,0,0,,,,
ZUESTA,2009,5,8,17,17,,,,,,,,953.2,,2.5,,48,0.4,47.7,0,0,0,0,,,,
ZUESTA,2009,5,8,18,15.8,,,,,,,,953.8,,1.4,,9,0,9,0,0,0,0,,,,
ZUESTA,2009,5,8,19,14.5,,,,,,,,954.5,,0.8,,0,0,0,0,0,0,0,,,,
ZUESTA,2009,5,8,20,14.8,,,,,,,,955.4,,1,,0,0,0,0,0,0,0,,,,
ZUESTA,2009,5,8,21,14.5,,,,,,,,956,,1.2,,0,0,0,0,0,0,0,,,,
ZUESTA,2009,5,8,22,14.4,,,,,,,,956.3,,1.3,,0,0,0,0,0,0,0,,,,
ZUESTA,2009,5,8,23,13.6,,,,,,,,956.2,,0.7,,0,0,0,0,0,0,0,,,,
ZUESTA,2009,5,9,0,12.8,,,,,,,,956,,0.4,,0,0,0,0,0,0,0,,,,
ZUESTA,2009,5,9,1,12.7,,,,,,,,955.8,,0.9,,0,0,0,0,0,0,0,,,,
ZUESTA,2009,5,9,2,12,,,,,,,,955.4,,0.6,,0,0,0,0,0,0,0,,,,
ZUESTA,2009,5,9,3,11.2,,,,,,,,955.1,,0.6,,0,0,0,0,0,0,0,,,,
ZUESTA,2009,5,9,4,11,,,,,,,,954.8,,0.2,,16,0,0,0,0,0,0,,,,
ZUESTA,2009,5,9,5,11.3,,,,,,,,955,,0.2,,105,0,0,0,0,0,0,,,,
ZUESTA,2009,5,9,6,12.7,,,,,,,,954.8,,0.4,,294,0,0,0,0,0,0,,,,
ZUESTA,2009,5,9,7,14.2,,,,,,,,954.4,,0.8,,469,2466.6,77.4,0,0,0,0,,,,
ZUESTA,2009,5,9,8,16.2,,,,,,,,954,,1.7,,647,1654.1,106.8,0,0,0,0,,,,
ZUESTA,2009,5,9,9,18.1,,,,,,,,953.5,,2,,769,1316.4,126.9,0,0,0,0,,,,
ZUESTA,2009,5,9,10,19.7,,,,,,,,953,,2,,857,1134.3,141.4,0,0,0,0,,,,
ZUESTA,2009,5,9,11,21,,,,,,,,952.6,,1.6,,822,920,135.6,0,0,0,0,,,,
ZUESTA,2009,5,9,12,21.9,,,,,,,,951.9,,2.2,,619,353,327.6,0,0,0,0,,,,
ZUESTA,2009,5,9,13,22.2,,,,,,,,951.3,,2,,441,68.1,382.1,0,0,0,0,,,,
ZUESTA,2009,5,9,14,22.4,,,,,,,,950.4,,1.9,,384,35.5,353.5,0,0,0,0,,,,
ZUESTA,2009,5,9,15,22.3,,,,,,,,950,,0.9,,242,6.1,237,0,0,0,0,,,,
ZUESTA,2009,5,9,16,19.2,,,,,,,,951.5,,4.4,,51,0.3,50.8,0,0,0,0,,,,
ZUESTA,2009,5,9,17,13.7,,,,,,,,952.9,,3.9,,5,0,5,0,0,0,0,,,,
ZUESTA,2009,5,9,18,13.5,,,,,,,,952.4,,0.8,,38,0.5,37.8,0,0,0,0,,,,
ZUESTA,2009,5,9,19,12.9,,,,,,,,952.6,,1.5,,1,0,1,0,0,0,0,,,,
ZUESTA,2009,5,9,20,12.8,,,,,,,,952.5,,1.1,,0,0,0,0,0,0,0,,,,
ZUESTA,2009,5,9,21,12.4,,,,,,,,952.7,,0.3,,0,0,0,0,0,0,0,,,,
ZUESTA,2009,5,9,22,12.5,,,,,,,,953.2,,0.5,,0,0,0,0,0,0,0,,,,
ZUESTA,2009,5,9,23,12.4,,,,,,,,953.6,,0.7,,0,0,0,0,0,0,0,,,,
ZUESTA,2009,5,10,0,12.3,,,,,,,,953.8,,0.6,,0,0,0,0,0,0,0,,,,
ZUESTA,2009,5,10,1,12.1,,,,,,,,953.9,,0.3,,0,0,0,0,0,0,0,,,,
ZUESTA,2009,5,10,2,12,,,,,,,,954.1,,0.7,,0,0,0,0,0,0,0,,,,
ZUESTA,2009,5,10,3,11.5,,,,,,,,953.7,,0.8,,0,0,0,0,0,0,0,,,,
ZUESTA,2009,5,10,4,11.9,,,,,,,,953.8,,0.5,,11,0,0,0,0,0,0,,,,
ZUESTA,2009,5,10,5,12.5,,,,,,,,953.6,,0.4,,134,0,0,0,0,0,0,,,,
ZUESTA,2009,5,10,6,12.9,,,,,,,,953.6,,0.5,,260,0,0,0,0,0,0,,,,
ZUESTA,2009,5,10,7,14.5,,,,,,,,953.6,,0.6,,479,2466.3,79,0,0,0,0,,,,
ZUESTA,2009,5,10,8,16.5,,,,,,,,953.6,,0.8,,524,1326.8,86.5,0,0,0,0,,,,
ZUESTA,2009,5,10,9,18.2,,,,,,,,953.9,,1.4,,608,1034.6,100.3,0,0,0,0,,,,
ZUESTA,2009,5,10,10,19,,,,,,,,953.9,,1.9,,514,465.2,219.3,0,0,0,0,,,,
ZUESTA,2009,5,10,11,20.3,,,,,,,,953.5,,2,,767,847.9,132.2,0,0,0,0,,,,
ZUESTA,2009,5,10,12,21,,,,,,,,953,,2.3,,540,205.1,370.2,0,0,0,0,,,,
ZUESTA,2009,5,10,13,20.8,,,,,,,,952.8,,2.3,,322,14.1,309.8,0,0,0,0,,,,
ZUESTA,2009,5,10,14,20.5,,,,,,,,952.6,,2.2,,251,5.7,246.1,0,0,0,0,,,,
ZUESTA,2009,5,10,15,20,,,,,,,,952.4,,1.7,,121,1.5,119.8,0,0,0,0,,,,
ZUESTA,2009,5,10,16,20,,,,,,,,951.9,,1.8,,147,2.8,145,0,0,0,0,,,,
ZUESTA,2009,5,10,17,19.7,,,,,,,,951.4,,1.4,,137,3.5,134.9,0,0,0,0,,,,
ZUESTA,2009,5,10,18,19.1,,,,,,,,951.3,,2,,52,0.9,51.6,0,0,0,0,,,,
ZUESTA,2009,5,10,19,18.1,,,,,,,,951.6,,3.1,,0,0,0,0,0,0,0,,,,
ZUESTA,2009,5,10,20,16.9,,,,,,,,951.9,,2.7,,0,0,0,0,0,0,0,,,,
ZUESTA,2009,5,10,21,16.3,,,,,,,,952.2,,1.6,,0,0,0,0,0,0,0,,,,
ZUESTA,2009,5,10,22,15.3,,,,,,,,952.3,,1.3,,0,0,0,0,0,0,0,,,,
ZUESTA,2009,5,10,23,13.5,,,,,,,,952.3,,0.7,,0,0,0,0,0,0,0,,,,
ZUESTA,2009,5,11,0,12.9,,,,,,,,952,,0.8,,0,0,0,0,0,0,0,,,,
ZUESTA,2009,5,11,1,12.5,,,,,,,,951.9,,0.8,,0,0,0,0,0,0,0,,,,
ZUESTA,2009,5,11,2,12,,,,,,,,951.9,,0.8,,0,0,0,0,0,0,0,,,,
ZUESTA,2009,5,11,3,12,,,,,,,,951.7,,1.2,,0,0,0,0,0,0,0,,,,
ZUESTA,2009,5,11,4,11.7,,,,,,,,951.4,,0.9,,13,0,0,0,0,0,0,,,,
ZUESTA,2009,5,11,5,12.7,,,,,,,,951.4,,0.7,,144,0,0,0,0,0,0,,,,
ZUESTA,2009,5,11,6,13.8,,,,,,,,951.7,,1.4,,106,0,0,0,0,0,0,,,,
ZUESTA,2009,5,11,7,14.6,,,,,,,,952.1,,1.6,,242,1221.1,39.9,0,0,0,0,,,,
ZUESTA,2009,5,11,8,15.2,,,,,,,,951.9,,1.1,,156,45,141,0,0,0,0,,,,
ZUESTA,2009,5,11,9,15.8,,,,,,,,951.9,,1,,297,145.7,225.1,0,0,0,0,,,,
ZUESTA,2009,5,11,10,17.4,,,,,,,,951.5,,1.1,,498,412.4,235.6,0,0,0,0,,,,
ZUESTA,2009,5,11,11,17.3,,,,,,,,951.6,,1.4,,159,3,156.7,0,0,0,0,,,,
ZUESTA,2009,5,11,12,17.1,,,,,,,,951.4,,1.7,,232,5.3,227.6,0,0,0,0,,,,
ZUESTA,2009,5,11,13,17.1,,,,,,,,951.3,,1.8,,178,2.8,175.5,0,0,0,0,,,,
ZUESTA,2009,5,11,14,17.5,,,,,,,,950.8,,1.4,,228,4.7,223.9,0,0,0,0,,,,
ZUESTA,2009,5,11,15,18.6,,,,,,,,950.5,,0.9,,344,26.8,322.2,0,0,0,0,,,,
ZUESTA,2009,5,11,16,18.1,,,,,,,,949.9,,1.5,,145,2.7,143,0,0,0,0,,,,
ZUESTA,2009,5,11,17,17.8,,,,,,,,949.6,,1.4,,100,1.9,98.9,0,0,0,0,,,,
ZUESTA,2009,5,11,18,16.8,,,,,,,,949.5,,1,,36,0.4,35.8,0,0,0,0,,,,
ZUESTA,2009,5,11,19,15.8,,,,,,,,950,,1.8,,0,0,0,0,0,0,0,,,,
ZUESTA,2009,5,11,20,14.9,,,,,,,,950.3,,1.8,,0,0,0,0,0,0,0,,,,
ZUESTA,2009,5,11,21,14.5,,,,,,,,950.5,,0.6,,0,0,0,0,0,0,0,,,,
ZUESTA,2009,5,11,22,14.1,,,,,,,,950.6,,0.6,,0,0,0,0,0,0,0,,,,
ZUESTA,2009,5,11,23,13.6,,,,,,,,950.6,,0.3,,0,0,0,0,0,0,0,,,,
ZUESTA,2009,5,12,0,14.1,,,,,,,,950.3,,0.6,,0,0,0,0,0,0,0,,,,
ZUESTA,2009,5,12,1,14.2,,,,,,,,950.4,,2.2,,0,0,0,0,0,0,0,,,,
ZUESTA,2009,5,12,2,14.2,,,,,,,,950.6,,2.2,,0,0,0,0,0,0,0,,,,
ZUESTA,2009,5,12,3,13.6,,,,,,,,950.2,,2.5,,0,0,0,0,0,0,0,,,,
ZUESTA,2009,5,12,4,12.8,,,,,,,,950.5,,1.7,,10,0,0,0,0,0,0,,,,
ZUESTA,2009,5,12,5,13.6,,,,,,,,950.7,,2.5,,70,0,0,0,0,0,0,,,,
ZUESTA,2009,5,12,6,14.6,,,,,,,,951,,0.6,,150,0,0,0,0,0,0,,,,
ZUESTA,2009,5,12,7,14.8,,,,,,,,951.4,,1.5,,163,760.9,34.6,0,0,0,0,,,,
ZUESTA,2009,5,12,8,15.7,,,,,,,,951.4,,2.5,,407,1011.9,67.2,0,0,0,0,,,,
ZUESTA,2009,5,12,9,17.7,,,,,,,,951.5,,1.7,,651,1095.2,107.4,0,0,0,0,,,,
ZUESTA,2009,5,12,10,19.8,,,,,,,,951.3,,1.6,,817,1068,134.8,0,0,0,0,,,,
ZUESTA,2009,5,12,11,21.1,,,,,,,,951.4,,1.3,,802,889.1,132.1,0,0,0,0,,,,
ZUESTA,2009,5,12,12,20.7,,,,,,,,951.6,,2.3,,643,394.2,314.9,0,0,0,0,,,,
ZUESTA,2009,5,12,13,18.2,,,,,,,,952.2,,2.7,,199,3.5,195.9,0,0,0,0,,,,
ZUESTA,2009,5,12,14,18.7,,,,,,,,952,,4.6,,304,10.9,294.5,0,0,0,0,,,,
ZUESTA,2009,5,12,15,16.4,,,,,,,,952.2,,2.9,,75,0.6,74.5,0,0,0,0,,,,
ZUESTA,2009,5,12,16,17,,,,,,,,952,,2.3,,60,0.5,59.7,0,0,0,0,,,,
ZUESTA,2009,5,12,17,17.1,,,,,,,,951.8,,1.4,,38,0.3,37.8,0,0,0,0,,,,
ZUESTA,2009,5,12,18,14.9,,,,,,,,951.6,,1.2,,3,0,3,0,0,0,0,,,,
ZUESTA,2009,5,12,19,14.4,,,,,,,,951.1,,1.1,,0,0,0,0,0,0,0,,,,
ZUESTA,2009,5,12,20,14.3,,,,,,,,951.4,,0.5,,0,0,0,0,0,0,0,,,,
ZUESTA,2009,5,12,21,14.3,,,,,,,,951.7,,0.4,,0,0,0,0,0,0,0,,,,
ZUESTA,2009,5,12,22,13.6,,,,,,,,951.9,,2.3,,0,0,0,0,0,0,0,,,,
ZUESTA,2009,5,12,23,13.5,,,,,,,,951.9,,2.5,,0,0,0,0,0,0,0,,,,
ZUESTA,2009,5,13,0,13.4,,,,,,,,951.8,,1.7,,0,0,0,0,0,0,0,,,,
ZUESTA,2009,5,13,1,12.9,,,,,,,,952,,1.6,,0,0,0,0,0,0,0,,,,
ZUESTA,2009,5,13,2,12.5,,,,,,,,951.8,,1,,0,0,0,0,0,0,0,,,,
ZUESTA,2009,5,13,3,12.4,,,,,,,,951.6,,0.7,,0,0,0,0,0,0,0,,,,
ZUESTA,2009,5,13,4,12.8,,,,,,,,951.4,,0.3,,14,0,0,0,0,0,0,,,,
ZUESTA,2009,5,13,5,13.3,,,,,,,,951.4,,0.1,,76,0,0,0,0,0,0,,,,
ZUESTA,2009,5,13,6,14.1,,,,,,,,951.3,,0.4,,196,0,0,0,0,0,0,,,,
ZUESTA,2009,5,13,7,15.1,,,,,,,,951.4,,0.9,,315,1530.7,52,0,0,0,0,,,,
ZUESTA,2009,5,13,8,16.6,,,,,,,,951.3,,0.7,,552,1360.6,91.1,0,0,0,0,,,,
ZUESTA,2009,5,13,9,18.8,,,,,,,,951.1,,1,,681,1139.6,112.4,0,0,0,0,,,,
ZUESTA,2009,5,13,10,20,,,,,,,,950.6,,1.3,,690,898.5,113.9,0,0,0,0,,,,
ZUESTA,2009,5,13,11,21.1,,,,,,,,950.2,,1.7,,656,577.1,219.9,0,0,0,0,,,,
ZUESTA,2009,5,13,12,22.2,,,,,,,,949.8,,1.8,,718,561.8,249.1,0,0,0,0,,,,
ZUESTA,2009,5,13,13,21.8,,,,,,,,949.4,,2.1,,386,33.8,356.5,0,0,0,0,,,,
ZUESTA,2009,5,13,14,20.8,,,,,,,,948.9,,2.7,,242,5.2,237.5,0,0,0,0,,,,
ZUESTA,2009,5,13,15,20.6,,,,,,,,948.8,,1.1,,168,2.8,165.7,0,0,0,0,,,,
ZUESTA,2009,5,13,16,21.5,,,,,,,,948.5,,2.1,,283,17.4,270.3,0,0,0,0,,,,
ZUESTA,2009,5,13,17,20,,,,,,,,948.5,,2.5,,62,0.7,61.6,0,0,0,0,,,,
ZUESTA,2009,5,13,18,16.4,,,,,,,,948.8,,2,,22,0.2,21.9,0,0,0,0,,,,
ZUESTA,2009,5,13,19,15.8,,,,,,,,948.4,,0.8,,0,0,0,0,0,0,0,,,,
ZUESTA,2009,5,13,20,15.4,,,,,,,,948.8,,0.9,,0,0,0,0,0,0,0,,,,
ZUESTA,2009,5,13,21,15.3,,,,,,,,948.4,,0.6,,0,0,0,0,0,0,0,,,,
ZUESTA,2009,5,13,22,14.8,,,,,,,,948.1,,0.2,,0,0,0,0,0,0,0,,,,
ZUESTA,2009,5,13,23,14.8,,,,,,,,947.6,,0.8,,0,0,0,0,0,0,0,,,,
ZUESTA,2009,5,14,0,15,,,,,,,,947,,0.6,,0,0,0,0,0,0,0,,,,
ZUESTA,2009,5,14,1,14.7,,,,,,,,946.7,,0.6,,0,0,0,0,0,0,0,,,,
ZUESTA,2009,5,14,2,14.6,,,,,,,,946.5,,0.6,,0,0,0,0,0,0,0,,,,
ZUESTA,2009,5,14,3,14.7,,,,,,,,946.3,,0.3,,0,0,0,0,0,0,0,,,,
ZUESTA,2009,5,14,4,14.5,,,,,,,,946,,0.9,,5,0,0,0,0,0,0,,,,
ZUESTA,2009,5,14,5,14.5,,,,,,,,945.8,,0.8,,31,0,0,0,0,0,0,,,,
ZUESTA,2009,5,14,6,14.9,,,,,,,,945.5,,0.5,,116,0,0,0,0,0,0,,,,
ZUESTA,2009,5,14,7,15.6,,,,,,,,945.3,,0.9,,353,1685.6,58.2,0,0,0,0,,,,
ZUESTA,2009,5,14,8,16.5,,,,,,,,945.1,,0.8,,236,260.3,147.1,0,0,0,0,,,,
ZUESTA,2009,5,14,9,16.9,,,,,,,,945.2,,1.1,,277,99.5,227.1,0,0,0,0,,,,
ZUESTA,2009,5,14,10,18.7,,,,,,,,945,,1.4,,684,887.8,112.6,0,0,0,0,,,,
ZUESTA,2009,5,14,11,19.8,,,,,,,,944.6,,1.3,,705,697.3,176.5,0,0,0,0,,,,
ZUESTA,2009,5,14,12,20.6,,,,,,,,944,,1.4,,553,217.8,370.8,0,0,0,0,,,,
ZUESTA,2009,5,14,13,20.8,,,,,,,,943.6,,1.3,,371,27.4,347,0,0,0,0,,,,
ZUESTA,2009,5,14,14,19.9,,,,,,,,943.2,,1.3,,182,3,179.4,0,0,0,0,,,,
ZUESTA,2009,5,14,15,19.1,,,,,,,,943.1,,1.9,,189,3.6,186.1,0,0,0,0,,,,
ZUESTA,2009,5,14,16,17.8,,,,,,,,943.1,,1.7,,107,1.4,105.9,0,0,0,0,,,,
ZUESTA,2009,5,14,17,17.7,,,,,,,,942.7,,1.8,,138,3.4,135.9,0,0,0,0,,,,
ZUESTA,2009,5,14,18,17.1,,,,,,,,943,,0.9,,23,0.2,22.9,0,0,0,0,,,,
ZUESTA,2009,5,14,19,16.4,,,,,,,,943.2,,1,,1,0,1,0,0,0,0,,,,
ZUESTA,2009,5,14,20,15.6,,,,,,,,943.6,,1.1,,0,0,0,0,0,0,0,,,,
ZUESTA,2009,5,14,21,14.7,,,,,,,,943.4,,0.9,,0,0,0,0,0,0,0,,,,
ZUESTA,2009,5,14,22,14.6,,,,,,,,943.8,,1.2,,0,0,0,0,0,0,0,,,,
ZUESTA,2009,5,14,23,13.9,,,,,,,,943.9,,1.7,,0,0,0,0,0,0,0,,,,
ZUESTA,2009,5,15,0,13.8,,,,,,,,943.8,,1.9,,0,0,0,0,0,0,0,,,,
ZUESTA,2009,5,15,1,13.7,,,,,,,,943.6,,1.6,,0,0,0,0,0,0,0,,,,
ZUESTA,2009,5,15,2,13.2,,,,,,,,943.6,,1,,0,0,0,0,0,0,0,,,,
ZUESTA,2009,5,15,3,13,,,,,,,,943.2,,0.5,,0,0,0,0,0,0,0,,,,
ZUESTA,2009,5,15,4,13.1,,,,,,,,943.1,,0.3,,13,0,0,0,0,0,0,,,,
ZUESTA,2009,5,15,5,13.5,,,,,,,,943.3,,0.9,,55,0,0,0,0,0,0,,,,
ZUESTA,2009,5,15,6,14.1,,,,,,,,943.4,,0.9,,151,0,0,0,0,0,0,,,,
ZUESTA,2009,5,15,7,14.4,,,,,,,,943.4,,0.8,,159,629.2,47.1,0,0,0,0,,,,
ZUESTA,2009,5,15,8,15,,,,,,,,943.3,,0.5,,186,90,155,0,0,0,0,,,,
ZUESTA,2009,5,15,9,15.6,,,,,,,,943.4,,0.9,,259,71,223.2,0,0,0,0,,,,
ZUESTA,2009,5,15,10,16.2,,,,,,,,943.3,,1.2,,242,14.8,232.5,0,0,0,0,,,,
ZUESTA,2009,5,15,11,15.7,,,,,,,,943.4,,3.4,,196,4.5,192.6,0,0,0,0,,,,
ZUESTA,2009,5,15,12,15.9,,,,,,,,943.6,,3.5,,286,9.6,277.9,0,0,0,0,,,,
ZUESTA,2009,5,15,13,15.2,,,,,,,,944,,4.3,,178,2.8,175.6,0,0,0,0,,,,
ZUESTA,2009,5,15,14,13.6,,,,,,,,944.5,,4.3,,79,0.6,78.5,0,0,0,0,,,,
ZUESTA,2009,5,15,15,12.8,,,,,,,,945.2,,4.7,,76,0.6,75.5,0,0,0,0,,,,
ZUESTA,2009,5,15,16,12,,,,,,,,945.8,,4.3,,92,1.1,91.2,0,0,0,0,,,,
ZUESTA,2009,5,15,17,12.1,,,,,,,,946.4,,3.2,,49,0.4,48.7,0,0,0,0,,,,
ZUESTA,2009,5,15,18,12.1,,,,,,,,947.2,,3.2,,15,0.1,15,0,0,0,0,,,,
ZUESTA,2009,5,15,19,11.9,,,,,,,,948,,2.5,,0,0,0,0,0,0,0,,,,
ZUESTA,2009,5,15,20,11.9,,,,,,,,948.3,,2.4,,0,0,0,0,0,0,0,,,,
ZUESTA,2009,5,15,21,11.2,,,,,,,,948.8,,2.3,,0,0,0,0,0,0,0,,,,
ZUESTA,2009,5,15,22,10.1,,,,,,,,949.4,,2.5,,0,0,0,0,0,0,0,,,,
ZUESTA,2009,5,15,23,9.7,,,,,,,,949.9,,2,,0,0,0,0,0,0,0,,,,
ZUESTA,2009,5,16,0,9.7,,,,,,,,950.1,,1.8,,0,0,0,0,0,0,0,,,,
ZUESTA,2009,5,16,1,9.7,,,,,,,,950.3,,1.2,,0,0,0,0,0,0,0,,,,
ZUESTA,2009,5,16,2,8.6,,,,,,,,950.3,,1.5,,0,0,0,0,0,0,0,,,,
ZUESTA,2009,5,16,3,8.6,,,,,,,,950.3,,1,,0,0,0,0,0,0,0,,,,
ZUESTA,2009,5,16,4,8.2,,,,,,,,950.7,,1,,4,0,0,0,0,0,0,,,,
ZUESTA,2009,5,16,5,8.5,,,,,,,,951,,0.5,,85,0,0,0,0,0,0,,,,
ZUESTA,2009,5,16,6,9.3,,,,,,,,951.2,,0.5,,100,0,0,0,0,0,0,,,,
ZUESTA,2009,5,16,7,10,,,,,,,,951.4,,0.7,,195,901.3,32.2,0,0,0,0,,,,
ZUESTA,2009,5,16,8,11,,,,,,,,951.6,,0.7,,428,1030.1,70.6,0,0,0,0,,,,
ZUESTA,2009,5,16,9,12.5,,,,,,,,951.6,,1,,617,1017.2,101.8,0,0,0,0,,,,
ZUESTA,2009,5,16,10,13.7,,,,,,,,951.6,,1,,780,1004.9,128.7,0,0,0,0,,,,
ZUESTA,2009,5,16,11,15.3,,,,,,,,951.3,,1.2,,700,676.3,184.6,0,0,0,0,,,,
ZUESTA,2009,5,16,12,15.4,,,,,,,,951.2,,1.1,,515,158.7,381.6,0,0,0,0,,,,
ZUESTA,2009,5,16,13,17.5,,,,,,,,950.9,,1.4,,873,806.8,164.3,0,0,0,0,,,,
ZUESTA,2009,5,16,14,18.2,,,,,,,,950.7,,2.2,,742,543.3,267.8,0,0,0,0,,,,
ZUESTA,2009,5,16,15,18.7,,,,,,,,950.7,,1.6,,597,312.9,339,0,0,0,0,,,,
ZUESTA,2009,5,16,16,18.4,,,,,,,,950.6,,1.6,,404,97,332.6,0,0,0,0,,,,
ZUESTA,2009,5,16,17,18.2,,,,,,,,950.6,,1.6,,237,17.1,226.5,0,0,0,0,,,,
ZUESTA,2009,5,16,18,16.9,,,,,,,,950.9,,0.8,,65,1.3,64.4,0,0,0,0,,,,
ZUESTA,2009,5,16,19,14.5,,,,,,,,951.3,,0.9,,2,0,2,0,0,0,0,,,,
ZUESTA,2009,5,16,20,13.5,,,,,,,,951.7,,2.1,,0,0,0,0,0,0,0,,,,
ZUESTA,2009,5,16,21,13.2,,,,,,,,951.5,,1.4,,0,0,0,0,0,0,0,,,,
ZUESTA,2009,5,16,22,12.5,,,,,,,,951.3,,0.6,,0,0,0,0,0,0,0,,,,
ZUESTA,2009,5,16,23,12.3,,,,,,,,951.1,,0.6,,0,0,0,0,0,0,0,,,,
ZUESTA,2009,5,17,0,12,,,,,,,,950.9,,1.1,,0,0,0,0,0,0,0,,,,
ZUESTA,2009,5,17,1,11.2,,,,,,,,950.5,,1.9,,0,0,0,0,0,0,0,,,,
ZUESTA,2009,5,17,2,10.7,,,,,,,,950.1,,1.7,,0,0,0,0,0,0,0,,,,
ZUESTA,2009,5,17,3,10.3,,,,,,,,949.9,,2,,0,0,0,0,0,0,0,,,,
ZUESTA,2009,5,17,4,10.1,,,,,,,,949.7,,2.5,,19,0,0,0,0,0,0,,,,
ZUESTA,2009,5,17,5,10.4,,,,,,,,949.7,,0.6,,171,0,0,0,0,0,0,,,,
ZUESTA,2009,5,17,6,12.6,,,,,,,,949.8,,0.7,,337,0,0,0,0,0,0,,,,
ZUESTA,2009,5,17,7,14.4,,,,,,,,949.7,,0.9,,509,2317.4,84,0,0,0,0,,,,
ZUESTA,2009,5,17,8,16.8,,,,,,,,949.5,,0.8,,672,1605.7,110.9,0,0,0,0,,,,
ZUESTA,2009,5,17,9,19.6,,,,,,,,949.2,,1.1,,807,1324.4,133.2,0,0,0,0,,,,
ZUESTA,2009,5,17,10,22.1,,,,,,,,949,,1.3,,893,1146.7,147.3,0,0,0,0,,,,
ZUESTA,2009,5,17,11,24.7,,,,,,,,948.7,,1.4,,930,1016.3,153.5,0,0,0,0,,,,
ZUESTA,2009,5,17,12,25.5,,,,,,,,948.7,,2.4,,693,490.1,280,0,0,0,0,,,,
ZUESTA,2009,5,17,13,24.6,,,,,,,,948.6,,1.5,,327,14.2,314.5,0,0,0,0,,,,
ZUESTA,2009,5,17,14,23.7,,,,,,,,948.6,,2.6,,198,3.5,195,0,0,0,0,,,,
ZUESTA,2009,5,17,15,22.6,,,,,,,,948.9,,4,,199,3.9,195.8,0,0,0,0,,,,
ZUESTA,2009,5,17,16,21.9,,,,,,,,949.1,,3.7,,151,2.8,148.9,0,0,0,0,,,,
ZUESTA,2009,5,17,17,20.3,,,,,,,,950.1,,3.7,,75,1,74.4,0,0,0,0,,,,
ZUESTA,2009,5,17,18,16.9,,,,,,,,951.5,,4.9,,10,0,10,0,0,0,0,,,,
ZUESTA,2009,5,17,19,15.1,,,,,,,,951.6,,1.9,,0,0,0,0,0,0,0,,,,
ZUESTA,2009,5,17,20,14.3,,,,,,,,952.3,,2.8,,0,0,0,0,0,0,0,,,,
ZUESTA,2009,5,17,21,14,,,,,,,,952.7,,1.7,,0,0,0,0,0,0,0,,,,
ZUESTA,2009,5,17,22,13.6,,,,,,,,954,,3,,0,0,0,0,0,0,0,,,,
ZUESTA,2009,5,17,23,12.1,,,,,,,,955.2,,3.2,,0,0,0,0,0,0,0,,,,
ZUESTA,2009,5,18,0,11.5,,,,,,,,956,,2.1,,0,0,0,0,0,0,0,,,,
ZUESTA,2009,5,18,1,11.1,,,,,,,,956.3,,2.3,,0,0,0,0,0,0,0,,,,
ZUESTA,2009,5,18,2,10.8,,,,,,,,956.1,,2.1,,0,0,0,0,0,0,0,,,,
ZUESTA,2009,5,18,3,10.7,,,,,,,,955.5,,1.3,,0,0,0,0,0,0,0,,,,
ZUESTA,2009,5,18,4,10.7,,,,,,,,955.3,,1,,15,0,0,0,0,0,0,,,,
ZUESTA,2009,5,18,5,11.1,,,,,,,,955.3,,0.7,,43,0,0,0,0,0,0,,,,
ZUESTA,2009,5,18,6,11.8,,,,,,,,955.7,,0.5,,153,0,0,0,0,0,0,,,,
ZUESTA,2009,5,18,7,12.8,,,,,,,,955.9,,1,,208,933.5,34.3,0,0,0,0,,,,
ZUESTA,2009,5,18,8,12.7,,,,,,,,956.3,,1.3,,173,57.6,152.7,0,0,0,0,,,,
ZUESTA,2009,5,18,9,12.7,,,,,,,,956.6,,1.1,,117,3.5,115.2,0,0,0,0,,,,
ZUESTA,2009,5,18,10,13.1,,,,,,,,956.7,,1.1,,152,3.7,149.6,0,0,0,0,,,,
ZUESTA,2009,5,18,11,13.4,,,,,,,,956.9,,1.2,,188,4.1,184.9,0,0,0,0,,,,
ZUESTA,2009,5,18,12,13.9,,,,,,,,956.8,,1.4,,388,41.3,353.2,0,0,0,0,,,,
ZUESTA,2009,5,18,13,14.7,,,,,,,,956.8,,1.1,,471,85.6,395.5,0,0,0,0,,,,
ZUESTA,2009,5,18,14,14.7,,,,,,,,956.7,,0.5,,241,5.1,236.5,0,0,0,0,,,,
ZUESTA,2009,5,18,15,14.8,,,,,,,,956.6,,0.9,,196,3.8,192.9,0,0,0,0,,,,
ZUESTA,2009,5,18,16,14.9,,,,,,,,956.5,,1.7,,188,4.3,184.8,0,0,0,0,,,,
ZUESTA,2009,5,18,17,14.6,,,,,,,,956.3,,1.4,,128,2.9,126.2,0,0,0,0,,,,
ZUESTA,2009,5,18,18,14,,,,,,,,956.5,,1,,41,0.5,40.8,0,0,0,0,,,,
ZUESTA,2009,5,18,19,12.6,,,,,,,,956.7,,0.5,,3,0,3,0,0,0,0,,,,
ZUESTA,2009,5,18,20,11.8,,,,,,,,957.1,,0.6,,0,0,0,0,0,0,0,,,,
ZUESTA,2009,5,18,21,12.3,,,,,,,,957.1,,0.7,,0,0,0,0,0,0,0,,,,
ZUESTA,2009,5,18,22,11.8,,,,,,,,956.9,,0.6,,0,0,0,0,0,0,0,,,,
ZUESTA,2009,5,18,23,10.6,,,,,,,,956.8,,1.2,,0,0,0,0,0,0,0,,,,
ZUESTA,2009,5,19,0,10.6,,,,,,,,956.8,,1,,0,0,0,0,0,0,0,,,,
ZUESTA,2009,5,19,1,10.3,,,,,,,,956.7,,2.3,,0,0,0,0,0,0,0,,,,
ZUESTA,2009,5,19,2,9.6,,,,,,,,956.5,,2.1,,0,0,0,0,0,0,0,,,,
ZUESTA,2009,5,19,3,9.1,,,,,,,,956.4,,1.7,,0,0,0,0,0,0,0,,,,
ZUESTA,2009,5,19,4,9.1,,,,,,,,956.3,,2,,19,0,0,0,0,0,0,,,,
ZUESTA,2009,5,19,5,10,,,,,,,,956.4,,0.6,,166,0,0,0,0,0,0,,,,
ZUESTA,2009,5,19,6,11.1,,,,,,,,956.6,,1.9,,347,0,0,0,0,0,0,,,,
ZUESTA,2009,5,19,7,12.5,,,,,,,,956.8,,0.9,,537,2377.3,88.6,0,0,0,0,,,,
ZUESTA,2009,5,19,8,13.9,,,,,,,,956.9,,1.6,,598,1409.6,98.7,0,0,0,0,,,,
ZUESTA,2009,5,19,9,15.7,,,,,,,,957,,0.9,,800,1301.8,132,0,0,0,0,,,,
ZUESTA,2009,5,19,10,17.4,,,,,,,,956.9,,1.1,,887,1132.1,146.4,0,0,0,0,,,,
ZUESTA,2009,5,19,11,19,,,,,,,,956.6,,1.3,,931,1012.5,153.6,0,0,0,0,,,,
ZUESTA,2009,5,19,12,20.5,,,,,,,,956.3,,1.6,,833,793.3,161.7,0,0,0,0,,,,
ZUESTA,2009,5,19,13,21.6,,,,,,,,955.9,,1.7,,859,773.1,175.7,0,0,0,0,,,,
ZUESTA,2009,5,19,14,22.3,,,,,,,,955.5,,2.9,,719,483.5,294.3,0,0,0,0,,,,
ZUESTA,2009,5,19,15,22,,,,,,,,955.4,,1.9,,542,208.5,368.9,0,0,0,0,,,,
ZUESTA,2009,5,19,16,22.4,,,,,,,,955.4,,2.2,,427,120.7,337.4,0,0,0,0,,,,
ZUESTA,2009,5,19,17,21.5,,,,,,,,955.5,,1.4,,246,19.5,233.9,0,0,0,0,,,,
ZUESTA,2009,5,19,18,20.5,,,,,,,,955.8,,1.4,,80,1.9,79.1,0,0,0,0,,,,
ZUESTA,2009,5,19,19,17.5,,,,,,,,956.2,,0.4,,3,0,3,0,0,0,0,,,,
ZUESTA,2009,5,19,20,16.2,,,,,,,,956.8,,0.6,,0,0,0,0,0,0,0,,,,
ZUESTA,2009,5,19,21,15.3,,,,,,,,957.1,,0.7,,0,0,0,0,0,0,0,,,,
ZUESTA,2009,5,19,22,14.6,,,,,,,,957.3,,0.3,,0,0,0,0,0,0,0,,,,
ZUESTA,2009,5,19,23,14,,,,,,,,957.3,,0.3,,0,0,0,0,0,0,0,,,,
ZUESTA,2009,5,20,0,14,,,,,,,,957.1,,0.4,,0,0,0,0,0,0,0,,,,
ZUESTA,2009,5,20,1,13.3,,,,,,,,956.9,,0.5,,0,0,0,0,0,0,0,,,,
ZUESTA,2009,5,20,2,12.4,,,,,,,,956.8,,0.5,,0,0,0,0,0,0,0,,,,
ZUESTA,2009,5,20,3,11.8,,,,,,,,956.7,,0.5,,0,0,0,0,0,0,0,,,,
ZUESTA,2009,5,20,4,12,,,,,,,,956.7,,0.4,,23,0,0,0,0,0,0,,,,
ZUESTA,2009,5,20,5,13,,,,,,,,956.8,,0.3,,165,0,0,0,0,0,0,,,,
ZUESTA,2009,5,20,6,14.2,,,,,,,,957.1,,0.5,,345,0,0,0,0,0,0,,,,
ZUESTA,2009,5,20,7,16.5,,,,,,,,957.4,,0.9,,519,2268,85.6,0,0,0,0,,,,
ZUESTA,2009,5,20,8,18.7,,,,,,,,957.3,,0.9,,680,1592.8,112.2,0,0,0,0,,,,
ZUESTA,2009,5,20,9,21,,,,,,,,957,,1,,803,1301.4,132.5,0,0,0,0,,,,
ZUESTA,2009,5,20,10,22.9,,,,,,,,956.6,,1.2,,889,1131.4,146.7,0,0,0,0,,,,
ZUESTA,2009,5,20,11,24.2,,,,,,,,956.1,,1.1,,930,1009.1,153.5,0,0,0,0,,,,
ZUESTA,2009,5,20,12,25.3,,,,,,,,955.5,,1,,871,853.1,147.8,0,0,0,0,,,,
ZUESTA,2009,5,20,13,26.2,,,,,,,,955.1,,1.7,,842,737.4,189,0,0,0,0,,,,
ZUESTA,2009,5,20,14,26.1,,,,,,,,954.7,,1.4,,708,457,305.8,0,0,0,0,,,,
ZUESTA,2009,5,20,15,26.6,,,,,,,,954.3,,1.8,,599,307.6,343.1,0,0,0,0,,,,
ZUESTA,2009,5,20,16,26.2,,,,,,,,953.9,,1.4,,410,99.2,336.1,0,0,0,0,,,,
ZUESTA,2009,5,20,17,25.3,,,,,,,,953.6,,1,,234,15,224.6,0,0,0,0,,,,
ZUESTA,2009,5,20,18,22.8,,,,,,,,953.5,,1.4,,62,1.1,61.5,0,0,0,0,,,,
ZUESTA,2009,5,20,19,20.4,,,,,,,,953.6,,2.1,,3,0,3,0,0,0,0,,,,
ZUESTA,2009,5,20,20,20,,,,,,,,953.7,,1.9,,0,0,0,0,0,0,0,,,,
ZUESTA,2009,5,20,21,18.5,,,,,,,,953.5,,0.5,,0,0,0,0,0,0,0,,,,
ZUESTA,2009,5,20,22,17.6,,,,,,,,953.1,,0.9,,0,0,0,0,0,0,0,,,,
ZUESTA,2009,5,20,23,16.7,,,,,,,,952.6,,0.6,,0,0,0,0,0,0,0,,,,
ZUESTA,2009,5,21,0,16.5,,,,,,,,952.3,,0.8,,0,0,0,0,0,0,0,,,,
ZUESTA,2009,5,21,1,16.3,,,,,,,,952.3,,0.6,,0,0,0,0,0,0,0,,,,
ZUESTA,2009,5,21,2,16,,,,,,,,952.2,,0.5,,0,0,0,0,0,0,0,,,,
ZUESTA,2009,5,21,3,15.8,,,,,,,,951.9,,0.6,,0,0,0,0,0,0,0,,,,
ZUESTA,2009,5,21,4,16.1,,,,,,,,952.7,,0.9,,18,0,0,0,0,0,0,,,,
ZUESTA,2009,5,21,5,18.2,,,,,,,,953.2,,4.7,,49,0,0,0,0,0,0,,,,
ZUESTA,2009,5,21,6,18.9,,,,,,,,953.3,,3.7,,153,0,0,0,0,0,0,,,,
ZUESTA,2009,5,21,7,19.1,,,,,,,,953.2,,1.5,,163,531,60.3,0,0,0,0,,,,
ZUESTA,2009,5,21,8,19.6,,,,,,,,952.7,,1.2,,282,423.4,130.2,0,0,0,0,,,,
ZUESTA,2009,5,21,9,20.9,,,,,,,,952.4,,1.8,,561,905.8,92.6,0,0,0,0,,,,
ZUESTA,2009,5,21,10,22.7,,,,,,,,952,,1.5,,788,1000.1,130,0,0,0,0,,,,
ZUESTA,2009,5,21,11,24.4,,,,,,,,951.5,,1,,889,962.5,146.7,0,0,0,0,,,,
ZUESTA,2009,5,21,12,25.3,,,,,,,,950.8,,1,,813,748.7,177,0,0,0,0,,,,
ZUESTA,2009,5,21,13,25.5,,,,,,,,950.2,,1.7,,514,125,403.1,0,0,0,0,,,,
ZUESTA,2009,5,21,14,25.7,,,,,,,,949.7,,2.5,,554,178,397,0,0,0,0,,,,
ZUESTA,2009,5,21,15,24.4,,,,,,,,949.7,,2.8,,237,5.5,232.4,0,0,0,0,,,,
ZUESTA,2009,5,21,16,24.7,,,,,,,,949.1,,1.8,,360,52.8,320.6,0,0,0,0,,,,
ZUESTA,2009,5,21,17,23.5,,,,,,,,949.5,,2.1,,170,5,166.9,0,0,0,0,,,,
ZUESTA,2009,5,21,18,21.4,,,,,,,,949.9,,1.7,,48,0.7,47.7,0,0,0,0,,,,
ZUESTA,2009,5,21,19,19.7,,,,,,,,950.1,,1.8,,2,0,2,0,0,0,0,,,,
ZUESTA,2009,5,21,20,19,,,,,,,,951.1,,2.5,,0,0,0,0,0,0,0,,,,
ZUESTA,2009,5,21,21,18.4,,,,,,,,951.4,,2.3,,0,0,0,0,0,0,0,,,,
ZUESTA,2009,5,21,22,17.3,,,,,,,,951.7,,3.6,,0,0,0,0,0,0,0,,,,
ZUESTA,2009,5,21,23,15.5,,,,,,,,950.9,,3.9,,0,0,0,0,0,0,0,,,,
ZUESTA,2009,5,22,0,14.7,,,,,,,,950,,4.2,,0,0,0,0,0,0,0,,,,
ZUESTA,2009,5,22,1,14.8,,,,,,,,950,,1.2,,0,0,0,0,0,0,0,,,,
ZUESTA,2009,5,22,2,14.4,,,,,,,,950.4,,0.7,,0,0,0,0,0,0,0,,,,
ZUESTA,2009,5,22,3,13.9,,,,,,,,950.6,,1.1,,0,0,0,0,0,0,0,,,,
ZUESTA,2009,5,22,4,14.2,,,,,,,,950.9,,0.9,,6,0,0,0,0,0,0,,,,
ZUESTA,2009,5,22,5,14.6,,,,,,,,950.8,,1.2,,43,0,0,0,0,0,0,,,,
ZUESTA,2009,5,22,6,15.3,,,,,,,,951,,0.8,,188,0,0,0,0,0,0,,,,
ZUESTA,2009,5,22,7,16.4,,,,,,,,951.6,,0.8,,347,1480.5,57.3,0,0,0,0,,,,
ZUESTA,2009,5,22,8,18.1,,,,,,,,951.8,,1.4,,627,1451.5,103.5,0,0,0,0,,,,
ZUESTA,2009,5,22,9,20,,,,,,,,952.3,,3,,632,1016.7,104.3,0,0,0,0,,,,
ZUESTA,2009,5,22,10,19.4,,,,,,,,952.6,,4.4,,545,499.5,215.5,0,0,0,0,,,,
ZUESTA,2009,5,22,11,18.1,,,,,,,,953,,2.9,,349,38,319.6,0,0,0,0,,,,
ZUESTA,2009,5,22,12,18.2,,,,,,,,953.1,,2.9,,386,38.9,352.9,0,0,0,0,,,,
ZUESTA,2009,5,22,13,20.6,,,,,,,,953.2,,3.4,,744,520.9,281.1,0,0,0,0,,,,
ZUESTA,2009,5,22,14,20.6,,,,,,,,953.2,,2.4,,370,26,347,0,0,0,0,,,,
ZUESTA,2009,5,22,15,21.1,,,,,,,,953,,2.9,,481,121.7,379.3,0,0,0,0,,,,
ZUESTA,2009,5,22,16,20.9,,,,,,,,952.9,,2.6,,355,48.7,318.5,0,0,0,0,,,,
ZUESTA,2009,5,22,17,20.4,,,,,,,,953.1,,2.7,,241,16.9,230.4,0,0,0,0,,,,
ZUESTA,2009,5,22,18,19.5,,,,,,,,953.6,,2.8,,80,1.9,79.1,0,0,0,0,,,,
ZUESTA,2009,5,22,19,18.9,,,,,,,,954.1,,1.9,,3,0,3,0,0,0,0,,,,
ZUESTA,2009,5,22,20,18.5,,,,,,,,954.6,,1.3,,0,0,0,0,0,0,0,,,,
ZUESTA,2009,5,22,21,17.7,,,,,,,,954.8,,0.8,,0,0,0,0,0,0,0,,,,
ZUESTA,2009,5,22,22,16.9,,,,,,,,954.8,,0.5,,0,0,0,0,0,0,0,,,,
ZUESTA,2009,5,22,23,16.6,,,,,,,,954.6,,1.2,,0,0,0,0,0,0,0,,,,
ZUESTA,2009,5,23,0,16.3,,,,,,,,954.3,,2.7,,0,0,0,0,0,0,0,,,,
ZUESTA,2009,5,23,1,15,,,,,,,,954,,3.1,,0,0,0,0,0,0,0,,,,
ZUESTA,2009,5,23,2,14,,,,,,,,953.6,,3.3,,0,0,0,0,0,0,0,,,,
ZUESTA,2009,5,23,3,13.2,,,,,,,,953.5,,3.2,,0,0,0,0,0,0,0,,,,
ZUESTA,2009,5,23,4,12.9,,,,,,,,953.6,,3.2,,25,0,0,0,0,0,0,,,,
ZUESTA,2009,5,23,5,13.6,,,,,,,,953.9,,2.3,,164,0,0,0,0,0,0,,,,
ZUESTA,2009,5,23,6,14.9,,,,,,,,954.1,,2.1,,334,0,0,0,0,0,0,,,,
ZUESTA,2009,5,23,7,16.2,,,,,,,,954.2,,2.9,,501,2114.2,82.7,0,0,0,0,,,,
ZUESTA,2009,5,23,8,17.8,,,,,,,,954.1,,2.6,,658,1515,108.6,0,0,0,0,,,,
ZUESTA,2009,5,23,9,19.7,,,,,,,,953.9,,2.8,,772,1237.7,127.4,0,0,0,0,,,,
ZUESTA,2009,5,23,10,21.3,,,,,,,,953.7,,2.4,,869,1097.3,143.4,0,0,0,0,,,,
ZUESTA,2009,5,23,11,22.4,,,,,,,,953.5,,2.4,,903,973.7,149,0,0,0,0,,,,
ZUESTA,2009,5,23,12,23.8,,,,,,,,953.2,,2.3,,881,860.5,147.5,0,0,0,0,,,,
ZUESTA,2009,5,23,13,24.8,,,,,,,,952.9,,1.9,,816,675.9,214.3,0,0,0,0,,,,
ZUESTA,2009,5,23,14,25.4,,,,,,,,952.6,,1.5,,698,428.8,318.5,0,0,0,0,,,,
ZUESTA,2009,5,23,15,26,,,,,,,,952.2,,1.6,,560,231.4,366.3,0,0,0,0,,,,
ZUESTA,2009,5,23,16,25.6,,,,,,,,952.1,,2.1,,301,21,285.2,0,0,0,0,,,,
ZUESTA,2009,5,23,17,24.4,,,,,,,,952.5,,2.9,,140,3.3,137.9,0,0,0,0,,,,
ZUESTA,2009,5,23,18,23,,,,,,,,953,,2.5,,53,0.8,52.6,0,0,0,0,,,,
ZUESTA,2009,5,23,19,21.2,,,,,,,,953.4,,2.8,,3,0,3,0,0,0,0,,,,
ZUESTA,2009,5,23,20,20.2,,,,,,,,953.6,,1,,0,0,0,0,0,0,0,,,,
ZUESTA,2009,5,23,21,20.7,,,,,,,,953.1,,1.9,,0,0,0,0,0,0,0,,,,
ZUESTA,2009,5,23,22,19.4,,,,,,,,953.4,,0.8,,0,0,0,0,0,0,0,,,,
ZUESTA,2009,5,23,23,18.9,,,,,,,,953.3,,0.5,,0,0,0,0,0,0,0,,,,
ZUESTA,2009,5,24,0,19.2,,,,,,,,953.4,,0.4,,0,0,0,0,0,0,0,,,,
ZUESTA,2009,5,24,1,19.2,,,,,,,,953.5,,0.4,,0,0,0,0,0,0,0,,,,
ZUESTA,2009,5,24,2,18.1,,,,,,,,953.9,,0.4,,0,0,0,0,0,0,0,,,,
ZUESTA,2009,5,24,3,19,,,,,,,,954,,0.9,,0,0,0,0,0,0,0,,,,
ZUESTA,2009,5,24,4,19.2,,,,,,,,954.3,,0.3,,10,0,0,0,0,0,0,,,,
ZUESTA,2009,5,24,5,19,,,,,,,,954.7,,0.3,,49,0,0,0,0,0,0,,,,
ZUESTA,2009,5,24,6,19.5,,,,,,,,955.1,,0.3,,128,0,0,0,0,0,0,,,,
ZUESTA,2009,5,24,7,21.1,,,,,,,,955.5,,0.5,,358,1495.1,59.1,0,0,0,0,,,,
ZUESTA,2009,5,24,8,23.5,,,,,,,,955.5,,1.4,,589,1349.1,97.2,0,0,0,0,,,,
ZUESTA,2009,5,24,9,25,,,,,,,,955.6,,1.6,,716,1144.2,118.1,0,0,0,0,,,,
ZUESTA,2009,5,24,10,27,,,,,,,,955.6,,1.9,,861,1084.7,142.1,0,0,0,0,,,,
ZUESTA,2009,5,24,11,28.3,,,,,,,,955.5,,1.8,,904,972.9,149.2,0,0,0,0,,,,
ZUESTA,2009,5,24,12,29.2,,,,,,,,955.3,,2.3,,875,850.5,148.7,0,0,0,0,,,,
ZUESTA,2009,5,24,13,30.2,,,,,,,,955.1,,3.3,,818,677.8,213.7,0,0,0,0,,,,
ZUESTA,2009,5,24,14,30.4,,,,,,,,954.7,,2.6,,707,445.7,311.9,0,0,0,0,,,,
ZUESTA,2009,5,24,15,30.3,,,,,,,,954.5,,1.7,,534,189,375.5,0,0,0,0,,,,
ZUESTA,2009,5,24,16,28.2,,,,,,,,954.6,,1.5,,114,1.6,112.8,0,0,0,0,,,,
ZUESTA,2009,5,24,17,28.1,,,,,,,,954.4,,1.1,,246,18.1,234.5,0,0,0,0,,,,
ZUESTA,2009,5,24,18,26,,,,,,,,954.4,,0.9,,66,1.2,65.4,0,0,0,0,,,,
ZUESTA,2009,5,24,19,24.5,,,,,,,,954.6,,1,,5,0,5,0,0,0,0,,,,
ZUESTA,2009,5,24,20,24.4,,,,,,,,955,,2,,0,0,0,0,0,0,0,,,,
ZUESTA,2009,5,24,21,22.6,,,,,,,,955.1,,0.6,,0,0,0,0,0,0,0,,,,
ZUESTA,2009,5,24,22,21.6,,,,,,,,955,,0.7,,0,0,0,0,0,0,0,,,,
ZUESTA,2009,5,24,23,20.4,,,,,,,,954.7,,0.6,,0,0,0,0,0,0,0,,,,
ZUESTA,2009,5,25,0,19.7,,,,,,,,954.3,,1,,0,0,0,0,0,0,0,,,,
ZUESTA,2009,5,25,1,19.1,,,,,,,,954,,1.1,,0,0,0,0,0,0,0,,,,
ZUESTA,2009,5,25,2,19.4,,,,,,,,953.8,,1.3,,0,0,0,0,0,0,0,,,,
ZUESTA,2009,5,25,3,18.9,,,,,,,,953.7,,0.7,,0,0,0,0,0,0,0,,,,
ZUESTA,2009,5,25,4,17.8,,,,,,,,953.6,,0.2,,27,0,0,0,0,0,0,,,,
ZUESTA,2009,5,25,5,17.9,,,,,,,,953.9,,0.3,,161,0,0,0,0,0,0,,,,
ZUESTA,2009,5,25,6,20,,,,,,,,954.1,,0.4,,337,0,0,0,0,0,0,,,,
ZUESTA,2009,5,25,7,21.9,,,,,,,,954.3,,0.5,,509,2105,84,0,0,0,0,,,,
ZUESTA,2009,5,25,8,23.7,,,,,,,,954.3,,1,,658,1499.9,108.6,0,0,0,0,,,,
ZUESTA,2009,5,25,9,25.7,,,,,,,,954.3,,1,,785,1250.6,129.5,0,0,0,0,,,,
ZUESTA,2009,5,25,10,27.3,,,,,,,,954,,1.4,,871,1094.8,143.7,0,0,0,0,,,,
ZUESTA,2009,5,25,11,28.5,,,,,,,,953.7,,1.2,,912,979.8,150.5,0,0,0,0,,,,
ZUESTA,2009,5,25,12,29.9,,,,,,,,953,,1.1,,890,868.2,147.5,0,0,0,0,,,,
ZUESTA,2009,5,25,13,30.7,,,,,,,,952.2,,1.7,,815,669.1,217.5,0,0,0,0,,,,
ZUESTA,2009,5,25,14,31.2,,,,,,,,951.3,,1.6,,715,460.7,306,0,0,0,0,,,,
ZUESTA,2009,5,25,15,30.9,,,,,,,,950.6,,1.8,,574,252.1,362.1,0,0,0,0,,,,
ZUESTA,2009,5,25,16,29.7,,,,,,,,950.3,,1.9,,288,16.5,275.5,0,0,0,0,,,,
ZUESTA,2009,5,25,17,28.7,,,,,,,,950,,1.6,,263,25,247.1,0,0,0,0,,,,
ZUESTA,2009,5,25,18,26.5,,,,,,,,949.8,,2,,104,3.1,102.5,0,0,0,0,,,,
ZUESTA,2009,5,25,19,24.8,,,,,,,,949.6,,2.3,,10,0.1,10,0,0,0,0,,,,
ZUESTA,2009,5,25,20,23.4,,,,,,,,949.8,,2.1,,0,0,0,0,0,0,0,,,,
ZUESTA,2009,5,25,21,22.2,,,,,,,,949.6,,2.3,,0,0,0,0,0,0,0,,,,
ZUESTA,2009,5,25,22,21.9,,,,,,,,949.3,,1.1,,0,0,0,0,0,0,0,,,,
ZUESTA,2009,5,25,23,21.1,,,,,,,,949.3,,0.5,,0,0,0,0,0,0,0,,,,
ZUESTA,2009,5,26,0,20.1,,,,,,,,949.1,,0.5,,0,0,0,0,0,0,0,,,,
ZUESTA,2009,5,26,1,20.7,,,,,,,,948.8,,1,,0,0,0,0,0,0,0,,,,
ZUESTA,2009,5,26,2,19.6,,,,,,,,948.5,,0.5,,0,0,0,0,0,0,0,,,,
ZUESTA,2009,5,26,3,18.7,,,,,,,,948.7,,0.9,,0,0,0,0,0,0,0,,,,
ZUESTA,2009,5,26,4,19.8,,,,,,,,949.7,,2.3,,29,0,0,0,0,0,0,,,,
ZUESTA,2009,5,26,5,20.6,,,,,,,,950.4,,1.7,,90,0,0,0,0,0,0,,,,
ZUESTA,2009,5,26,6,20.7,,,,,,,,951.3,,1.9,,289,0,0,0,0,0,0,,,,
ZUESTA,2009,5,26,7,21.3,,,,,,,,951.4,,2.7,,400,1639,66,0,0,0,0,,,,
ZUESTA,2009,5,26,8,22.6,,,,,,,,951.1,,2.1,,535,1213.9,88.3,0,0,0,0,,,,
ZUESTA,2009,5,26,9,22,,,,,,,,950.7,,1.8,,286,94.5,236.3,0,0,0,0,,,,
ZUESTA,2009,5,26,10,23.1,,,,,,,,950,,2,,716,898.1,118.1,0,0,0,0,,,,
ZUESTA,2009,5,26,11,23.5,,,,,,,,949.9,,2.9,,711,670.5,189,0,0,0,0,,,,
ZUESTA,2009,5,26,12,23.7,,,,,,,,949.2,,2.9,,706,497.4,280,0,0,0,0,,,,
ZUESTA,2009,5,26,13,17.4,,,,,,,,950.7,,7.4,,14,0,14,0,0,0,0,,,,
ZUESTA,2009,5,26,14,14.3,,,,,,,,951.1,,3.7,,6,0,6,0,0,0,0,,,,
ZUESTA,2009,5,26,15,14.6,,,,,,,,952.5,,3.1,,22,0,22,0,0,0,0,,,,
ZUESTA,2009,5,26,16,14.4,,,,,,,,952,,2.5,,7,0,7,0,0,0,0,,,,
ZUESTA,2009,5,26,17,14.2,,,,,,,,952.5,,1.4,,5,0,5,0,0,0,0,,,,
ZUESTA,2009,5,26,18,14.1,,,,,,,,953.2,,1.9,,2,0,2,0,0,0,0,,,,
ZUESTA,2009,5,26,19,13,,,,,,,,954.2,,2,,0,0,0,0,0,0,0,,,,
ZUESTA,2009,5,26,20,12.7,,,,,,,,955.1,,2.2,,0,0,0,0,0,0,0,,,,
ZUESTA,2009,5,26,21,12.6,,,,,,,,955.3,,2.9,,0,0,0,0,0,0,0,,,,
ZUESTA,2009,5,26,22,12.2,,,,,,,,955.9,,1.3,,0,0,0,0,0,0,0,,,,
ZUESTA,2009,5,26,23,12.4,,,,,,,,956.4,,1.6,,0,0,0,0,0,0,0,,,,
ZUESTA,2009,5,27,0,11.9,,,,,,,,957.5,,2.1,,0,0,0,0,0,0,0,,,,
ZUESTA,2009,5,27,1,11.6,,,,,,,,958.2,,1.4,,0,0,0,0,0,0,0,,,,
ZUESTA,2009,5,27,2,11.4,,,,,,,,958.8,,1.3,,0,0,0,0,0,0,0,,,,
ZUESTA,2009,5,27,3,11.2,,,,,,,,959.2,,1.9,,0,0,0,0,0,0,0,,,,
ZUESTA,2009,5,27,4,10.4,,,,,,,,960,,1.4,,8,0,0,0,0,0,0,,,,
ZUESTA,2009,5,27,5,9.8,,,,,,,,961,,0.8,,136,0,0,0,0,0,0,,,,
ZUESTA,2009,5,27,6,10.3,,,,,,,,961.6,,1.5,,339,0,0,0,0,0,0,,,,
ZUESTA,2009,5,27,7,10.3,,,,,,,,962.2,,1.4,,163,438.1,72.9,0,0,0,0,,,,
ZUESTA,2009,5,27,8,10.6,,,,,,,,962.5,,0.7,,111,6.3,108.7,0,0,0,0,,,,
ZUESTA,2009,5,27,9,11.1,,,,,,,,962.4,,0.5,,248,47.1,223.2,0,0,0,0,,,,
ZUESTA,2009,5,27,10,11.8,,,,,,,,962.3,,1,,401,148.3,302.1,0,0,0,0,,,,
ZUESTA,2009,5,27,11,13.7,,,,,,,,961.9,,0.8,,802,855.3,135.1,0,0,0,0,,,,
ZUESTA,2009,5,27,12,14.6,,,,,,,,961.7,,1.5,,640,353.6,336.7,0,0,0,0,,,,
ZUESTA,2009,5,27,13,15,,,,,,,,961.6,,1.9,,737,495.3,293.5,0,0,0,0,,,,
ZUESTA,2009,5,27,14,15.7,,,,,,,,961.4,,1.2,,541,155.2,402.8,0,0,0,0,,,,
ZUESTA,2009,5,27,15,16.5,,,,,,,,961.2,,2.3,,569,240.6,366.1,0,0,0,0,,,,
ZUESTA,2009,5,27,16,16.1,,,,,,,,961.1,,2.4,,407,89.6,339.2,0,0,0,0,,,,
ZUESTA,2009,5,27,17,15.8,,,,,,,,961.2,,2,,269,27.3,251.6,0,0,0,0,,,,
ZUESTA,2009,5,27,18,14.7,,,,,,,,961.3,,2,,76,1.6,75.2,0,0,0,0,,,,
ZUESTA,2009,5,27,19,12.9,,,,,,,,961.5,,1.1,,5,0,5,0,0,0,0,,,,
ZUESTA,2009,5,27,20,12.4,,,,,,,,961.9,,1.8,,0,0,0,0,0,0,0,,,,
ZUESTA,2009,5,27,21,12.5,,,,,,,,962.3,,1.5,,0,0,0,0,0,0,0,,,,
ZUESTA,2009,5,27,22,12.4,,,,,,,,962.4,,2.4,,0,0,0,0,0,0,0,,,,
ZUESTA,2009,5,27,23,12.4,,,,,,,,962.6,,2.5,,0,0,0,0,0,0,0,,,,
ZUESTA,2009,5,28,0,12.2,,,,,,,,962.9,,2.4,,0,0,0,0,0,0,0,,,,
ZUESTA,2009,5,28,1,12.1,,,,,,,,962.8,,2.2,,0,0,0,0,0,0,0,,,,
ZUESTA,2009,5,28,2,11.8,,,,,,,,962.6,,2.2,,0,0,0,0,0,0,0,,,,
ZUESTA,2009,5,28,3,11.6,,,,,,,,962.7,,1.7,,0,0,0,0,0,0,0,,,,
ZUESTA,2009,5,28,4,11.8,,,,,,,,962.8,,1.7,,21,0,0,0,0,0,0,,,,
ZUESTA,2009,5,28,5,12.1,,,,,,,,963,,1.6,,85,0,0,0,0,0,0,,,,
ZUESTA,2009,5,28,6,12.7,,,,,,,,963.2,,2.2,,229,0,0,0,0,0,0,,,,
ZUESTA,2009,5,28,7,13.4,,,,,,,,963.3,,2.2,,386,1555.2,63.7,0,0,0,0,,,,
ZUESTA,2009,5,28,8,14.1,,,,,,,,963.7,,2.3,,515,1158.8,85,0,0,0,0,,,,
ZUESTA,2009,5,28,9,15.5,,,,,,,,963.7,,2.9,,749,1183.6,123.6,0,0,0,0,,,,
ZUESTA,2009,5,28,10,16.2,,,,,,,,963.7,,2.3,,862,1077.1,142.2,0,0,0,0,,,,
ZUESTA,2009,5,28,11,16.8,,,,,,,,963.7,,2.1,,828,885.4,136.5,0,0,0,0,,,,
ZUESTA,2009,5,28,12,17.5,,,,,,,,963.6,,2,,716,516.3,272.5,0,0,0,0,,,,
ZUESTA,2009,5,28,13,17.7,,,,,,,,963.4,,2.3,,514,120.2,406.2,0,0,0,0,,,,
ZUESTA,2009,5,28,14,17.2,,,,,,,,963.3,,2.3,,200,3.4,197,0,0,0,0,,,,
ZUESTA,2009,5,28,15,16.7,,,,,,,,963.6,,2.2,,76,0.5,75.5,0,0,0,0,,,,
ZUESTA,2009,5,28,16,16.4,,,,,,,,963.7,,1.9,,50,0.3,49.8,0,0,0,0,,,,
ZUESTA,2009,5,28,17,16.3,,,,,,,,963.7,,2,,40,0.3,39.8,0,0,0,0,,,,
ZUESTA,2009,5,28,18,16.2,,,,,,,,963.9,,1.4,,36,0.4,35.8,0,0,0,0,,,,
ZUESTA,2009,5,28,19,15.8,,,,,,,,964.2,,1.3,,4,0,4,0,0,0,0,,,,
ZUESTA,2009,5,28,20,15.3,,,,,,,,964.4,,0.8,,0,0,0,0,0,0,0,,,,
ZUESTA,2009,5,28,21,14.7,,,,,,,,964.4,,1,,0,0,0,0,0,0,0,,,,
ZUESTA,2009,5,28,22,14.6,,,,,,,,964.4,,1.5,,0,0,0,0,0,0,0,,,,
ZUESTA,2009,5,28,23,14.2,,,,,,,,964.1,,1.6,,0,0,0,0,0,0,0,,,,
ZUESTA,2009,5,29,0,13.5,,,,,,,,963.6,,1,,0,0,0,0,0,0,0,,,,
ZUESTA,2009,5,29,1,13.4,,,,,,,,963.3,,1,,0,0,0,0,0,0,0,,,,
ZUESTA,2009,5,29,2,13.4,,,,,,,,962.9,,0.8,,0,0,0,0,0,0,0,,,,
ZUESTA,2009,5,29,3,12.4,,,,,,,,962.7,,1,,0,0,0,0,0,0,0,,,,
ZUESTA,2009,5,29,4,12.6,,,,,,,,962.7,,1.4,,10,0,0,0,0,0,0,,,,
ZUESTA,2009,5,29,5,12.7,,,,,,,,962.7,,1.8,,78,0,0,0,0,0,0,,,,
ZUESTA,2009,5,29,6,13.2,,,,,,,,962.7,,2.3,,182,0,0,0,0,0,0,,,,
ZUESTA,2009,5,29,7,13.5,,,,,,,,962.8,,2.7,,271,1083.6,44.7,0,0,0,0,,,,
ZUESTA,2009,5,29,8,14.6,,,,,,,,962.5,,3.5,,684,1533.2,112.9,0,0,0,0,,,,
ZUESTA,2009,5,29,9,15.4,,,,,,,,962.4,,3.4,,774,1220.1,127.7,0,0,0,0,,,,
ZUESTA,2009,5,29,10,16.4,,,,,,,,962.2,,3.4,,812,1012.9,134,0,0,0,0,,,,
ZUESTA,2009,5,29,11,17.2,,,,,,,,961.8,,2.8,,850,907.5,140.2,0,0,0,0,,,,
ZUESTA,2009,5,29,12,18,,,,,,,,961.4,,3.3,,965,936.9,159.2,0,0,0,0,,,,
ZUESTA,2009,5,29,13,18.2,,,,,,,,961,,3.8,,901,823.9,161.2,0,0,0,0,,,,
ZUESTA,2009,5,29,14,18.7,,,,,,,,960.5,,2.9,,797,631.6,232.9,0,0,0,0,,,,
ZUESTA,2009,5,29,15,18.4,,,,,,,,960,,3,,649,391.2,318,0,0,0,0,,,,
ZUESTA,2009,5,29,16,18,,,,,,,,959.8,,3.3,,471,169.5,342.2,0,0,0,0,,,,
ZUESTA,2009,5,29,17,17,,,,,,,,959.8,,3.5,,281,33.2,259.7,0,0,0,0,,,,
ZUESTA,2009,5,29,18,15,,,,,,,,960,,3.2,,106,3.1,104.5,0,0,0,0,,,,
ZUESTA,2009,5,29,19,13.1,,,,,,,,960.2,,2.2,,9,0,9,0,0,0,0,,,,
ZUESTA,2009,5,29,20,12.1,,,,,,,,960.4,,2.5,,0,0,0,0,0,0,0,,,,
ZUESTA,2009,5,29,21,11.4,,,,,,,,960.1,,3.4,,0,0,0,0,0,0,0,,,,
ZUESTA,2009,5,29,22,10.4,,,,,,,,959.8,,2.1,,0,0,0,0,0,0,0,,,,
ZUESTA,2009,5,29,23,9.8,,,,,,,,959.3,,1.3,,0,0,0,0,0,0,0,,,,
ZUESTA,2009,5,30,0,9.7,,,,,,,,958.5,,2.1,,0,0,0,0,0,0,0,,,,
ZUESTA,2009,5,30,1,9.7,,,,,,,,957.7,,2.2,,0,0,0,0,0,0,0,,,,
ZUESTA,2009,5,30,2,9.5,,,,,,,,957.1,,2.1,,0,0,0,0,0,0,0,,,,
ZUESTA,2009,5,30,3,9.2,,,,,,,,956.7,,1.5,,1,0,0,0,0,0,0,,,,
ZUESTA,2009,5,30,4,9.3,,,,,,,,956.5,,3.3,,23,0,0,0,0,0,0,,,,
ZUESTA,2009,5,30,5,10,,,,,,,,956.1,,3.5,,193,0,0,0,0,0,0,,,,
ZUESTA,2009,5,30,6,11,,,,,,,,955.7,,5.2,,373,5839.4,61.5,0,0,0,0,,,,
ZUESTA,2009,5,30,7,12.5,,,,,,,,955.5,,5.4,,549,2179.7,90.6,0,0,0,0,,,,
ZUESTA,2009,5,30,8,13.9,,,,,,,,955.4,,6.1,,712,1590.4,117.5,0,0,0,0,,,,
ZUESTA,2009,5,30,9,15.7,,,,,,,,955.1,,4.8,,836,1315,137.9,0,0,0,0,,,,
ZUESTA,2009,5,30,10,17,,,,,,,,954.5,,5.2,,925,1152,152.6,0,0,0,0,,,,
ZUESTA,2009,5,30,11,18.2,,,,,,,,954.3,,4.6,,964,1027.9,159.1,0,0,0,0,,,,
ZUESTA,2009,5,30,12,19.1,,,,,,,,954.1,,4,,945,916.4,155.9,0,0,0,0,,,,
ZUESTA,2009,5,30,13,19.6,,,,,,,,953.9,,4.1,,879,785.8,172.6,0,0,0,0,,,,
ZUESTA,2009,5,30,14,19.5,,,,,,,,953.7,,4.8,,770,570.6,259.7,0,0,0,0,,,,
ZUESTA,2009,5,30,15,19.2,,,,,,,,953.5,,4.4,,625,339.8,337,0,0,0,0,,,,
ZUESTA,2009,5,30,16,18.8,,,,,,,,953.5,,3.4,,455,144.9,344.7,0,0,0,0,,,,
ZUESTA,2009,5,30,17,18.3,,,,,,,,953.3,,3.4,,272,27.8,254.1,0,0,0,0,,,,
ZUESTA,2009,5,30,18,16.7,,,,,,,,953.5,,3.3,,102,2.8,100.6,0,0,0,0,,,,
ZUESTA,2009,5,30,19,15.2,,,,,,,,953.8,,2.6,,9,0,9,0,0,0,0,,,,
ZUESTA,2009,5,30,20,14,,,,,,,,954.2,,3,,0,0,0,0,0,0,0,,,,
ZUESTA,2009,5,30,21,13,,,,,,,,954.4,,2.6,,0,0,0,0,0,0,0,,,,
ZUESTA,2009,5,30,22,12.2,,,,,,,,954.3,,2.4,,0,0,0,0,0,0,0,,,,
ZUESTA,2009,5,30,23,11.6,,,,,,,,954.1,,2.2,,0,0,0,0,0,0,0,,,,
ZUESTA,2009,5,31,0,10.8,,,,,,,,953.8,,2.1,,0,0,0,0,0,0,0,,,,
ZUESTA,2009,5,31,1,10,,,,,,,,953.8,,1.7,,0,0,0,0,0,0,0,,,,
ZUESTA,2009,5,31,2,9.3,,,,,,,,953.8,,1.2,,0,0,0,0,0,0,0,,,,
ZUESTA,2009,5,31,3,9.1,,,,,,,,953.7,,1.9,,0,0,0,0,0,0,0,,,,
ZUESTA,2009,5,31,4,8.7,,,,,,,,953.7,,2.1,,14,0,0,0,0,0,0,,,,
ZUESTA,2009,5,31,5,9.2,,,,,,,,953.9,,1.5,,125,0,0,0,0,0,0,,,,
ZUESTA,2009,5,31,6,10.9,,,,,,,,954.1,,2.6,,299,4551.9,49.3,0,0,0,0,,,,
ZUESTA,2009,5,31,7,11.4,,,,,,,,954.3,,2.8,,297,1171.5,49,0,0,0,0,,,,
ZUESTA,2009,5,31,8,13.2,,,,,,,,954.2,,3,,561,1249,92.6,0,0,0,0,,,,
ZUESTA,2009,5,31,9,14.4,,,,,,,,954.1,,4,,592,929.2,97.7,0,0,0,0,,,,
ZUESTA,2009,5,31,10,15.9,,,,,,,,954.1,,4.2,,903,1122.9,149,0,0,0,0,,,,
ZUESTA,2009,5,31,11,16.9,,,,,,,,954.1,,3.9,,858,913.7,141.6,0,0,0,0,,,,
ZUESTA,2009,5,31,12,16.8,,,,,,,,953.9,,3.8,,748,584.2,244.4,0,0,0,0,,,,
ZUESTA,2009,5,31,13,17.9,,,,,,,,953.7,,3.5,,876,778.9,175,0,0,0,0,,,,
ZUESTA,2009,5,31,14,18.1,,,,,,,,953.3,,3.3,,722,464.7,305.9,0,0,0,0,,,,
ZUESTA,2009,5,31,15,18.4,,,,,,,,953,,3.7,,623,334.2,339.3,0,0,0,0,,,,
ZUESTA,2009,5,31,16,18.3,,,,,,,,952.9,,4,,466,159.6,344.2,0,0,0,0,,,,
ZUESTA,2009,5,31,17,17.4,,,,,,,,952.9,,3.7,,279,31.3,258.9,0,0,0,0,,,,
ZUESTA,2009,5,31,18,16,,,,,,,,953.2,,3.2,,108,3.2,106.4,0,0,0,0,,,,
ZUESTA,2009,5,31,19,14.4,,,,,,,,953.5,,2.2,,6,0,6,0,0,0,0,,,,
ZUESTA,2009,5,31,20,12.5,,,,,,,,953.8,,1.5,,0,0,0,0,0,0,0,,,,
ZUESTA,2009,5,31,21,12,,,,,,,,954.1,,2.2,,0,0,0,0,0,0,0,,,,
ZUESTA,2009,5,31,22,11.7,,,,,,,,953.9,,2.9,,0,0,0,0,0,0,0,,,,
ZUESTA,2009,5,31,23,11,,,,,,,,953.6,,2,,0,0,0,0,0,0,0,,,,
ZUESTA,2009,6,1,0,10.4,,,,,,,,953,,2.2,,0,0,0,0,0,0,0,,,,
ZUESTA,2009,6,1,1,9.3,,,,,,,,952.5,,1.8,,0,0,0,0,0,0,0,,,,
ZUESTA,2009,6,1,2,9.2,,,,,,,,952.2,,1,,0,0,0,0,0,0,0,,,,
ZUESTA,2009,6,1,3,8.8,,,,,,,,952.1,,1,,1,0,0,0,0,0,0,,,,
ZUESTA,2009,6,1,4,9.1,,,,,,,,952.5,,1.2,,39,0,0,0,0,0,0,,,,
ZUESTA,2009,6,1,5,10.3,,,,,,,,952.8,,2.7,,205,0,0,0,0,0,0,,,,
ZUESTA,2009,6,1,6,11.5,,,,,,,,953,,2.5,,372,5520.7,61.4,0,0,0,0,,,,
ZUESTA,2009,6,1,7,13.1,,,,,,,,952.9,,2.8,,543,2128.8,89.6,0,0,0,0,,,,
ZUESTA,2009,6,1,8,15.3,,,,,,,,952.5,,3.2,,685,1520.4,113,0,0,0,0,,,,
ZUESTA,2009,6,1,9,16.6,,,,,,,,952.5,,3,,680,1065.3,112.2,0,0,0,0,,,,
ZUESTA,2009,6,1,10,17.2,,,,,,,,952.3,,3.3,,721,895.3,119,0,0,0,0,,,,
ZUESTA,2009,6,1,11,17.6,,,,,,,,952.2,,2.7,,490,175.3,352.4,0,0,0,0,,,,
ZUESTA,2009,6,1,12,18.4,,,,,,,,951.9,,2.7,,610,290.2,359.6,0,0,0,0,,,,
ZUESTA,2009,6,1,13,18.7,,,,,,,,951.7,,3.3,,493,97.7,405,0,0,0,0,,,,
ZUESTA,2009,6,1,14,19.8,,,,,,,,951.4,,3.5,,756,536.5,275,0,0,0,0,,,,
ZUESTA,2009,6,1,15,19.4,,,,,,,,951.2,,3.3,,439,74.6,375.6,0,0,0,0,,,,
ZUESTA,2009,6,1,16,18.1,,,,,,,,951.3,,2.6,,232,6.5,227,0,0,0,0,,,,
ZUESTA,2009,6,1,17,18.3,,,,,,,,951.3,,2.1,,241,14.9,231.4,0,0,0,0,,,,
ZUESTA,2009,6,1,18,17.8,,,,,,,,951.4,,1.7,,101,2.7,99.6,0,0,0,0,,,,
ZUESTA,2009,6,1,19,16,,,,,,,,951.6,,1.1,,10,0.1,10,0,0,0,0,,,,
ZUESTA,2009,6,1,20,15,,,,,,,,952.1,,1.5,,0,0,0,0,0,0,0,,,,
ZUESTA,2009,6,1,21,14.2,,,,,,,,952.3,,1.3,,0,0,0,0,0,0,0,,,,
ZUESTA,2009,6,1,22,13.8,,,,,,,,952.5,,1.7,,0,0,0,0,0,0,0,,,,
ZUESTA,2009,6,1,23,12.6,,,,,,,,952.4,,0.8,,0,0,0,0,0,0,0,,,,
ZUESTA,2009,6,2,0,11.6,,,,,,,,952.3,,1,,0,0,0,0,0,0,0,,,,
ZUESTA,2009,6,2,1,11.3,,,,,,,,952.1,,1.5,,0,0,0,0,0,0,0,,,,
ZUESTA,2009,6,2,2,11.2,,,,,,,,951.9,,1.8,,0,0,0,0,0,0,0,,,,
ZUESTA,2009,6,2,3,10.7,,,,,,,,951.9,,1.6,,1,0,0,0,0,0,0,,,,
ZUESTA,2009,6,2,4,10.6,,,,,,,,952.1,,1.1,,28,0,0,0,0,0,0,,,,
ZUESTA,2009,6,2,5,11.8,,,,,,,,952.4,,1.7,,119,0,0,0,0,0,0,,,,
ZUESTA,2009,6,2,6,13.7,,,,,,,,952.4,,1.8,,359,5205.6,59.2,0,0,0,0,,,,
ZUESTA,2009,6,2,7,15.3,,,,,,,,952.6,,2.1,,529,2062.3,87.3,0,0,0,0,,,,
ZUESTA,2009,6,2,8,16.8,,,,,,,,952.6,,2.4,,686,1518.4,113.2,0,0,0,0,,,,
ZUESTA,2009,6,2,9,18.3,,,,,,,,952.6,,2.7,,789,1234,130.2,0,0,0,0,,,,
ZUESTA,2009,6,2,10,19.6,,,,,,,,952.5,,2.8,,928,1150.9,153.1,0,0,0,0,,,,
ZUESTA,2009,6,2,11,20.4,,,,,,,,952.5,,2.3,,952,1011.6,157.1,0,0,0,0,,,,
ZUESTA,2009,6,2,12,20.8,,,,,,,,952.3,,2,,857,808.5,158.6,0,0,0,0,,,,
ZUESTA,2009,6,2,13,21.1,,,,,,,,952.1,,2.3,,662,334.7,360.1,0,0,0,0,,,,
ZUESTA,2009,6,2,14,21.4,,,,,,,,951.9,,1.6,,703,422,324.2,0,0,0,0,,,,
ZUESTA,2009,6,2,15,21.2,,,,,,,,951.6,,1.3,,449,82.5,378.8,0,0,0,0,,,,
ZUESTA,2009,6,2,16,21.6,,,,,,,,951.3,,1.2,,461,150.3,346,0,0,0,0,,,,
ZUESTA,2009,6,2,17,21.4,,,,,,,,951.4,,2,,263,22.7,248.3,0,0,0,0,,,,
ZUESTA,2009,6,2,18,20.2,,,,,,,,951.7,,1.7,,109,3.2,107.4,0,0,0,0,,,,
ZUESTA,2009,6,2,19,17.6,,,,,,,,951.9,,1,,11,0.1,11,0,0,0,0,,,,
ZUESTA,2009,6,2,20,15.8,,,,,,,,952.5,,0.6,,0,0,0,0,0,0,0,,,,
ZUESTA,2009,6,2,21,15.1,,,,,,,,952.6,,0.7,,0,0,0,0,0,0,0,,,,
ZUESTA,2009,6,2,22,14.4,,,,,,,,952.5,,0.5,,0,0,0,0,0,0,0,,,,
ZUESTA,2009,6,2,23,13.9,,,,,,,,952.3,,0.5,,0,0,0,0,0,0,0,,,,
ZUESTA,2009,6,3,0,13.8,,,,,,,,952.1,,0.9,,0,0,0,0,0,0,0,,,,
ZUESTA,2009,6,3,1,12.4,,,,,,,,952,,1,,0,0,0,0,0,0,0,,,,
ZUESTA,2009,6,3,2,12.2,,,,,,,,951.7,,0.3,,0,0,0,0,0,0,0,,,,
ZUESTA,2009,6,3,3,12.2,,,,,,,,951.4,,0.3,,1,0,0,0,0,0,0,,,,
ZUESTA,2009,6,3,4,12.3,,,,,,,,951.4,,0.4,,32,0,0,0,0,0,0,,,,
ZUESTA,2009,6,3,5,12.7,,,,,,,,951.6,,0.2,,164,0,0,0,0,0,0,,,,
ZUESTA,2009,6,3,6,14.4,,,,,,,,951.8,,0.8,,333,4728,54.9,0,0,0,0,,,,
ZUESTA,2009,6,3,7,16,,,,,,,,951.7,,1.3,,498,1931.5,82.2,0,0,0,0,,,,
ZUESTA,2009,6,3,8,17.2,,,,,,,,951.5,,1.3,,670,1479.3,110.6,0,0,0,0,,,,
ZUESTA,2009,6,3,9,18.4,,,,,,,,951.3,,1.2,,805,1257,132.8,0,0,0,0,,,,
ZUESTA,2009,6,3,10,19.9,,,,,,,,950.9,,2.1,,927,1148.3,153,0,0,0,0,,,,
ZUESTA,2009,6,3,11,20.9,,,,,,,,950.7,,2.8,,942,1000,155.4,0,0,0,0,,,,
ZUESTA,2009,6,3,12,21.7,,,,,,,,950.2,,3.3,,948,915.6,156.4,0,0,0,0,,,,
ZUESTA,2009,6,3,13,22,,,,,,,,949.9,,3.5,,881,783.7,173.5,0,0,0,0,,,,
ZUESTA,2009,6,3,14,21.7,,,,,,,,949.7,,3.3,,680,374.3,343.6,0,0,0,0,,,,
ZUESTA,2009,6,3,15,21.3,,,,,,,,949.5,,3.9,,603,291.7,354.4,0,0,0,0,,,,
ZUESTA,2009,6,3,16,21,,,,,,,,949.4,,2.7,,469,160.8,345.6,0,0,0,0,,,,
ZUESTA,2009,6,3,17,20.5,,,,,,,,949.1,,2.7,,285,33.7,263.1,0,0,0,0,,,,
ZUESTA,2009,6,3,18,19.5,,,,,,,,949,,2.1,,101,2.7,99.6,0,0,0,0,,,,
ZUESTA,2009,6,3,19,18.2,,,,,,,,949,,1.3,,6,0,6,0,0,0,0,,,,
ZUESTA,2009,6,3,20,17.4,,,,,,,,949.4,,1.8,,0,0,0,0,0,0,0,,,,
ZUESTA,2009,6,3,21,16.5,,,,,,,,949.6,,2,,0,0,0,0,0,0,0,,,,
ZUESTA,2009,6,3,22,15.6,,,,,,,,949.6,,1.6,,0,0,0,0,0,0,0,,,,
ZUESTA,2009,6,3,23,15.2,,,,,,,,949.4,,1,,0,0,0,0,0,0,0,,,,
ZUESTA,2009,6,4,0,14.6,,,,,,,,949.3,,1.6,,0,0,0,0,0,0,0,,,,
ZUESTA,2009,6,4,1,13.9,,,,,,,,949.1,,2.4,,0,0,0,0,0,0,0,,,,
ZUESTA,2009,6,4,2,13.3,,,,,,,,948.8,,1.9,,0,0,0,0,0,0,0,,,,
ZUESTA,2009,6,4,3,12.8,,,,,,,,948.7,,0.9,,0,0,0,0,0,0,0,,,,
ZUESTA,2009,6,4,4,12.4,,,,,,,,948.8,,1.4,,11,0,0,0,0,0,0,,,,
ZUESTA,2009,6,4,5,12.1,,,,,,,,949.2,,2.2,,67,0,0,0,0,0,0,,,,
ZUESTA,2009,6,4,6,12.5,,,,,,,,949.6,,1.1,,171,2382.2,28.2,0,0,0,0,,,,
ZUESTA,2009,6,4,7,13.2,,,,,,,,949.8,,1,,204,728.7,46.4,0,0,0,0,,,,
ZUESTA,2009,6,4,8,14.5,,,,,,,,949.8,,1.7,,515,1134.4,85,0,0,0,0,,,,
ZUESTA,2009,6,4,9,15.7,,,,,,,,949.6,,3,,778,1213.1,128.4,0,0,0,0,,,,
ZUESTA,2009,6,4,10,17.4,,,,,,,,949.2,,3.7,,906,1121.1,149.5,0,0,0,0,,,,
ZUESTA,2009,6,4,11,18.4,,,,,,,,948.9,,3.7,,993,1053.2,163.8,0,0,0,0,,,,
ZUESTA,2009,6,4,12,18.5,,,,,,,,948.6,,3.2,,917,884.8,151.4,0,0,0,0,,,,
ZUESTA,2009,6,4,13,18.9,,,,,,,,948.4,,2.9,,874,770,178.3,0,0,0,0,,,,
ZUESTA,2009,6,4,14,19.1,,,,,,,,948.2,,3.2,,766,553.8,267.8,0,0,0,0,,,,
ZUESTA,2009,6,4,15,19.3,,,,,,,,948,,3,,602,288.6,355.7,0,0,0,0,,,,
ZUESTA,2009,6,4,16,19.2,,,,,,,,947.6,,2.7,,466,155.5,346.5,0,0,0,0,,,,
ZUESTA,2009,6,4,17,18.6,,,,,,,,947.4,,2.6,,278,29.4,258.9,0,0,0,0,,,,
ZUESTA,2009,6,4,18,17.7,,,,,,,,947.5,,2.1,,115,3.5,113.2,0,0,0,0,,,,
ZUESTA,2009,6,4,19,15.8,,,,,,,,947.7,,1.6,,12,0.1,12,0,0,0,0,,,,
ZUESTA,2009,6,4,20,14.9,,,,,,,,947.9,,1.7,,0,0,0,0,0,0,0,,,,
ZUESTA,2009,6,4,21,14.5,,,,,,,,947.9,,1.4,,0,0,0,0,0,0,0,,,,
ZUESTA,2009,6,4,22,13.2,,,,,,,,947.6,,1.8,,0,0,0,0,0,0,0,,,,
ZUESTA,2009,6,4,23,12,,,,,,,,947.5,,2.3,,0,0,0,0,0,0,0,,,,
ZUESTA,2009,6,5,0,11.2,,,,,,,,947.3,,2.4,,0,0,0,0,0,0,0,,,,
ZUESTA,2009,6,5,1,10.1,,,,,,,,946.9,,2.5,,0,0,0,0,0,0,0,,,,
ZUESTA,2009,6,5,2,9.4,,,,,,,,946.5,,2.2,,0,0,0,0,0,0,0,,,,
ZUESTA,2009,6,5,3,8.8,,,,,,,,946.4,,1.2,,1,0,0,0,0,0,0,,,,
ZUESTA,2009,6,5,4,9,,,,,,,,946.4,,1.2,,49,0,0,0,0,0,0,,,,
ZUESTA,2009,6,5,5,10.2,,,,,,,,946.2,,1,,161,0,0,0,0,0,0,,,,
ZUESTA,2009,6,5,6,11.2,,,,,,,,946,,2.6,,349,4779.6,57.6,0,0,0,0,,,,
ZUESTA,2009,6,5,7,12.3,,,,,,,,945.8,,1.5,,413,1587.7,68.1,0,0,0,0,,,,
ZUESTA,2009,6,5,8,14.2,,,,,,,,945.5,,0.6,,681,1497,112.4,0,0,0,0,,,,
ZUESTA,2009,6,5,9,15.7,,,,,,,,944.9,,1.2,,674,1049.6,111.2,0,0,0,0,,,,
ZUESTA,2009,6,5,10,17.3,,,,,,,,944.4,,0.9,,742,917.3,122.4,0,0,0,0,,,,
ZUESTA,2009,6,5,11,18.4,,,,,,,,944,,1.3,,871,923.1,143.7,0,0,0,0,,,,
ZUESTA,2009,6,5,12,19.3,,,,,,,,943.4,,1.7,,912,879.8,150.1,0,0,0,0,,,,
ZUESTA,2009,6,5,13,20.7,,,,,,,,942.5,,1.5,,861,744.5,187.7,0,0,0,0,,,,
ZUESTA,2009,6,5,14,20.6,,,,,,,,941.9,,1.8,,581,202.3,398.9,0,0,0,0,,,,
ZUESTA,2009,6,5,15,20.3,,,,,,,,941.5,,0.4,,358,26.6,335.3,0,0,0,0,,,,
ZUESTA,2009,6,5,16,20.4,,,,,,,,940.8,,1.1,,231,6.3,226.2,0,0,0,0,,,,
ZUESTA,2009,6,5,17,19.8,,,,,,,,940.5,,0.9,,103,1.7,101.9,0,0,0,0,,,,
ZUESTA,2009,6,5,18,18.9,,,,,,,,940.4,,1.2,,25,0.2,24.9,0,0,0,0,,,,
ZUESTA,2009,6,5,19,17.9,,,,,,,,939.9,,1.1,,6,0,6,0,0,0,0,,,,
ZUESTA,2009,6,5,20,17.5,,,,,,,,939.7,,2.1,,0,0,0,0,0,0,0,,,,
ZUESTA,2009,6,5,21,17,,,,,,,,939.1,,2.3,,0,0,0,0,0,0,0,,,,
ZUESTA,2009,6,5,22,15.5,,,,,,,,938.8,,1.9,,0,0,0,0,0,0,0,,,,
ZUESTA,2009,6,5,23,13.7,,,,,,,,937.4,,2.4,,0,0,0,0,0,0,0,,,,
ZUESTA,2009,6,6,0,13,,,,,,,,936.2,,3.3,,0,0,0,0,0,0,0,,,,
ZUESTA,2009,6,6,1,12.7,,,,,,,,935.9,,2,,0,0,0,0,0,0,0,,,,
ZUESTA,2009,6,6,2,11.7,,,,,,,,935.6,,2.7,,0,0,0,0,0,0,0,,,,
ZUESTA,2009,6,6,3,11.2,,,,,,,,935.5,,0.7,,1,0,0,0,0,0,0,,,,
ZUESTA,2009,6,6,4,11.4,,,,,,,,935.7,,0.8,,15,0,0,0,0,0,0,,,,
ZUESTA,2009,6,6,5,12.4,,,,,,,,935.8,,2.3,,18,0,0,0,0,0,0,,,,
ZUESTA,2009,6,6,6,12.8,,,,,,,,935.8,,1.8,,17,4.9,16.7,0,0,0,0,,,,
ZUESTA,2009,6,6,7,12.3,,,,,,,,935.9,,1.6,,16,0.4,15.9,0,0,0,0,,,,
ZUESTA,2009,6,6,8,12.1,,,,,,,,936,,2.2,,19,0.2,18.9,0,0,0,0,,,,
ZUESTA,2009,6,6,9,12.9,,,,,,,,936.3,,2.3,,101,2.4,99.7,0,0,0,0,,,,
ZUESTA,2009,6,6,10,14.1,,,,,,,,936.3,,2.8,,299,35,275.4,0,0,0,0,,,,
ZUESTA,2009,6,6,11,14.1,,,,,,,,936.3,,3.2,,197,4.2,193.7,0,0,0,0,,,,
ZUESTA,2009,6,6,12,13.9,,,,,,,,936.6,,2.6,,100,0.9,99.2,0,0,0,0,,,,
ZUESTA,2009,6,6,13,15.4,,,,,,,,936.1,,2.8,,552,159.5,407.6,0,0,0,0,,,,
ZUESTA,2009,6,6,14,16.5,,,,,,,,935.3,,3.1,,468,76.9,398.7,0,0,0,0,,,,
ZUESTA,2009,6,6,15,12.6,,,,,,,,936.4,,2.2,,15,0,15,0,0,0,0,,,,
ZUESTA,2009,6,6,16,12.4,,,,,,,,937,,2.1,,67,0.5,66.6,0,0,0,0,,,,
ZUESTA,2009,6,6,17,12.3,,,,,,,,937.2,,1.7,,28,0.1,27.9,0,0,0,0,,,,
ZUESTA,2009,6,6,18,12.4,,,,,,,,937.8,,1.9,,27,0.2,26.9,0,0,0,0,,,,
ZUESTA,2009,6,6,19,12.2,,,,,,,,938.2,,3.2,,7,0,7,0,0,0,0,,,,
ZUESTA,2009,6,6,20,11.9,,,,,,,,938.8,,3.6,,0,0,0,0,0,0,0,,,,
ZUESTA,2009,6,6,21,11.9,,,,,,,,939,,3.6,,0,0,0,0,0,0,0,,,,
ZUESTA,2009,6,6,22,11.9,,,,,,,,939.1,,4,,0,0,0,0,0,0,0,,,,
ZUESTA,2009,6,6,23,12,,,,,,,,939.4,,3.7,,0,0,0,0,0,0,0,,,,
ZUESTA,2009,6,7,0,12.1,,,,,,,,939.8,,4.8,,0,0,0,0,0,0,0,,,,
ZUESTA,2009,6,7,1,12.3,,,,,,,,940.3,,5.9,,0,0,0,0,0,0,0,,,,
ZUESTA,2009,6,7,2,12.1,,,,,,,,940.3,,5.6,,0,0,0,0,0,0,0,,,,
ZUESTA,2009,6,7,3,11.8,,,,,,,,940.6,,3.7,,1,0,0,0,0,0,0,,,,
ZUESTA,2009,6,7,4,11,,,,,,,,941,,1.1,,33,0,0,0,0,0,0,,,,
ZUESTA,2009,6,7,5,11.9,,,,,,,,941.4,,1.6,,71,0,0,0,0,0,0,,,,
ZUESTA,2009,6,7,6,13.3,,,,,,,,941.7,,3.8,,306,4072.1,50.5,0,0,0,0,,,,
ZUESTA,2009,6,7,7,14.5,,,,,,,,941.8,,3.1,,499,1904.9,82.3,0,0,0,0,,,,
ZUESTA,2009,6,7,8,15.6,,,,,,,,941.9,,3.6,,403,883,66.5,0,0,0,0,,,,
ZUESTA,2009,6,7,9,17.4,,,,,,,,942,,4.4,,807,1254.1,133.2,0,0,0,0,,,,
ZUESTA,2009,6,7,10,18.4,,,,,,,,942.2,,4.4,,743,917.1,122.6,0,0,0,0,,,,
ZUESTA,2009,6,7,11,18.7,,,,,,,,942.3,,5.2,,547,270.5,333.6,0,0,0,0,,,,
ZUESTA,2009,6,7,12,19,,,,,,,,942.4,,6.6,,733,542.4,262.6,0,0,0,0,,,,
ZUESTA,2009,6,7,13,18.9,,,,,,,,942.4,,7.2,,832,684.5,212,0,0,0,0,,,,
ZUESTA,2009,6,7,14,19,,,,,,,,942.4,,5.7,,529,134.5,407.7,0,0,0,0,,,,
ZUESTA,2009,6,7,15,18.5,,,,,,,,942.6,,6.1,,234,5.1,229.7,0,0,0,0,,,,
ZUESTA,2009,6,7,16,16.5,,,,,,,,943.1,,2.7,,151,2.6,149,0,0,0,0,,,,
ZUESTA,2009,6,7,17,16.4,,,,,,,,943.8,,2,,239,13.5,230.2,0,0,0,0,,,,
ZUESTA,2009,6,7,18,16,,,,,,,,944.5,,5.7,,59,0.9,58.5,0,0,0,0,,,,
ZUESTA,2009,6,7,19,14.9,,,,,,,,945.4,,1.8,,15,0.1,15,0,0,0,0,,,,
ZUESTA,2009,6,7,20,13.9,,,,,,,,946.1,,1.2,,0,0,0,0,0,0,0,,,,
ZUESTA,2009,6,7,21,14.5,,,,,,,,946.5,,3,,0,0,0,0,0,0,0,,,,
ZUESTA,2009,6,7,22,14.2,,,,,,,,946.6,,3.4,,0,0,0,0,0,0,0,,,,
ZUESTA,2009,6,7,23,13.9,,,,,,,,946.6,,2.8,,0,0,0,0,0,0,0,,,,
ZUESTA,2009,6,8,0,13.2,,,,,,,,946.5,,1.7,,0,0,0,0,0,0,0,,,,
ZUESTA,2009,6,8,1,12.2,,,,,,,,946.4,,0.6,,0,0,0,0,0,0,0,,,,
ZUESTA,2009,6,8,2,11.6,,,,,,,,946.4,,0.7,,0,0,0,0,0,0,0,,,,
ZUESTA,2009,6,8,3,11.1,,,,,,,,946.7,,0.6,,1,0,0,0,0,0,0,,,,
ZUESTA,2009,6,8,4,11.5,,,,,,,,947,,1,,40,0,0,0,0,0,0,,,,
ZUESTA,2009,6,8,5,12.2,,,,,,,,946.9,,0.7,,167,0,0,0,0,0,0,,,,
ZUESTA,2009,6,8,6,13.1,,,,,,,,946.9,,1,,353,4642.6,58.2,0,0,0,0,,,,
ZUESTA,2009,6,8,7,14.7,,,,,,,,946.6,,1,,531,2021.3,87.6,0,0,0,0,,,,
ZUESTA,2009,6,8,8,16.5,,,,,,,,946.3,,0.8,,690,1509.6,113.9,0,0,0,0,,,,
ZUESTA,2009,6,8,9,17.9,,,,,,,,946.1,,1.3,,711,1104,117.3,0,0,0,0,,,,
ZUESTA,2009,6,8,10,18.5,,,,,,,,945.7,,0.8,,608,646.1,170.7,0,0,0,0,,,,
ZUESTA,2009,6,8,11,19.1,,,,,,,,945.3,,1.4,,708,643.5,200,0,0,0,0,,,,
ZUESTA,2009,6,8,12,20.3,,,,,,,,944.8,,1.3,,739,555.3,257.2,0,0,0,0,,,,
ZUESTA,2009,6,8,13,20.6,,,,,,,,944.4,,1.8,,548,153.9,408.5,0,0,0,0,,,,
ZUESTA,2009,6,8,14,20.3,,,,,,,,944.2,,2.1,,357,19.9,339,0,0,0,0,,,,
ZUESTA,2009,6,8,15,16.9,,,,,,,,944.4,,2.1,,64,0.4,63.7,0,0,0,0,,,,
ZUESTA,2009,6,8,16,15.9,,,,,,,,944.3,,2.1,,191,4.1,187.8,0,0,0,0,,,,
ZUESTA,2009,6,8,17,15.6,,,,,,,,944.7,,1.5,,95,1.4,94.1,0,0,0,0,,,,
ZUESTA,2009,6,8,18,15.2,,,,,,,,944.9,,1.8,,35,0.3,34.8,0,0,0,0,,,,
ZUESTA,2009,6,8,19,14.7,,,,,,,,945,,1.7,,5,0,5,0,0,0,0,,,,
ZUESTA,2009,6,8,20,14.9,,,,,,,,945.7,,1.8,,0,0,0,0,0,0,0,,,,
ZUESTA,2009,6,8,21,14.3,,,,,,,,945.9,,1.6,,0,0,0,0,0,0,0,,,,
ZUESTA,2009,6,8,22,13.6,,,,,,,,945.6,,0.8,,0,0,0,0,0,0,0,,,,
ZUESTA,2009,6,8,23,13.1,,,,,,,,945.3,,1,,0,0,0,0,0,0,0,,,,
ZUESTA,2009,6,9,0,13.2,,,,,,,,944.9,,1.4,,0,0,0,0,0,0,0,,,,
ZUESTA,2009,6,9,1,13.6,,,,,,,,945.4,,2.5,,0,0,0,0,0,0,0,,,,
ZUESTA,2009,6,9,2,13.2,,,,,,,,945.4,,1.3,,0,0,0,0,0,0,0,,,,
ZUESTA,2009,6,9,3,12.1,,,,,,,,946.4,,3.3,,0,0,0,0,0,0,0,,,,
ZUESTA,2009,6,9,4,11.4,,,,,,,,947.3,,2.4,,9,0,0,0,0,0,0,,,,
ZUESTA,2009,6,9,5,11.3,,,,,,,,948,,2.2,,44,0,0,0,0,0,0,,,,
ZUESTA,2009,6,9,6,11.2,,,,,,,,948.3,,1.5,,47,322.4,26.3,0,0,0,0,,,,
ZUESTA,2009,6,9,7,11.4,,,,,,,,948.5,,1.8,,90,23.7,84.8,0,0,0,0,,,,
ZUESTA,2009,6,9,8,12.1,,,,,,,,948.6,,2,,140,13.7,134.8,0,0,0,0,,,,
ZUESTA,2009,6,9,9,13.8,,,,,,,,948.9,,2.2,,585,907.7,96.5,0,0,0,0,,,,
ZUESTA,2009,6,9,10,14.7,,,,,,,,949.2,,1.5,,745,918.6,122.9,0,0,0,0,,,,
ZUESTA,2009,6,9,11,16.8,,,,,,,,949.2,,1.5,,895,946.3,147.7,0,0,0,0,,,,
ZUESTA,2009,6,9,12,18.4,,,,,,,,948.8,,2.4,,941,905.1,155.3,0,0,0,0,,,,
ZUESTA,2009,6,9,13,19.4,,,,,,,,948.3,,2.5,,890,793.6,170.3,0,0,0,0,,,,
ZUESTA,2009,6,9,14,19.6,,,,,,,,948.3,,2.5,,652,315.8,366.7,0,0,0,0,,,,
ZUESTA,2009,6,9,15,19.2,,,,,,,,948.3,,2.4,,495,125.2,387.5,0,0,0,0,,,,
ZUESTA,2009,6,9,16,16.5,,,,,,,,948.5,,1.4,,78,0.7,77.5,0,0,0,0,,,,
ZUESTA,2009,6,9,17,15.4,,,,,,,,949,,1.5,,249,16.2,238.4,0,0,0,0,,,,
ZUESTA,2009,6,9,18,15.5,,,,,,,,949.5,,0.9,,69,1.2,68.4,0,0,0,0,,,,
ZUESTA,2009,6,9,19,14.9,,,,,,,,950.2,,1.1,,11,0.1,11,0,0,0,0,,,,
ZUESTA,2009,6,9,20,14.4,,,,,,,,951.1,,1.6,,0,0,0,0,0,0,0,,,,
ZUESTA,2009,6,9,21,13,,,,,,,,952.1,,2.3,,0,0,0,0,0,0,0,,,,
ZUESTA,2009,6,9,22,13,,,,,,,,952,,1.5,,0,0,0,0,0,0,0,,,,
ZUESTA,2009,6,9,23,13.1,,,,,,,,952.2,,1.8,,0,0,0,0,0,0,0,,,,
ZUESTA,2009,6,10,0,12.7,,,,,,,,952.3,,1.1,,0,0,0,0,0,0,0,,,,
ZUESTA,2009,6,10,1,12.4,,,,,,,,952.5,,1.2,,0,0,0,0,0,0,0,,,,
ZUESTA,2009,6,10,2,12.1,,,,,,,,952.6,,1.9,,0,0,0,0,0,0,0,,,,
ZUESTA,2009,6,10,3,11.8,,,,,,,,952.8,,0.7,,1,0,0,0,0,0,0,,,,
ZUESTA,2009,6,10,4,11.9,,,,,,,,953.1,,0.5,,24,0,0,0,0,0,0,,,,
ZUESTA,2009,6,10,5,12.2,,,,,,,,953.1,,0.5,,124,0,0,0,0,0,0,,,,
ZUESTA,2009,6,10,6,13.3,,,,,,,,953.4,,0.9,,302,3898.4,49.8,0,0,0,0,,,,
ZUESTA,2009,6,10,7,13.9,,,,,,,,953.6,,0.8,,341,1292.3,56.3,0,0,0,0,,,,
ZUESTA,2009,6,10,8,15.3,,,,,,,,953.4,,1.4,,685,1495.6,113,0,0,0,0,,,,
ZUESTA,2009,6,10,9,17.3,,,,,,,,953.3,,1.8,,892,1383.3,147.2,0,0,0,0,,,,
ZUESTA,2009,6,10,10,18.3,,,,,,,,953.2,,2,,955,1177,157.6,0,0,0,0,,,,
ZUESTA,2009,6,10,11,19.4,,,,,,,,952.9,,1.9,,897,948,148,0,0,0,0,,,,
ZUESTA,2009,6,10,12,20.4,,,,,,,,952.5,,1.9,,966,928.7,159.4,0,0,0,0,,,,
ZUESTA,2009,6,10,13,21.1,,,,,,,,952.1,,2,,850,718.6,197.9,0,0,0,0,,,,
ZUESTA,2009,6,10,14,21.2,,,,,,,,951.7,,3,,642,297.3,373.2,0,0,0,0,,,,
ZUESTA,2009,6,10,15,20.8,,,,,,,,951.3,,3.2,,391,40.6,356.1,0,0,0,0,,,,
ZUESTA,2009,6,10,16,21.1,,,,,,,,950.9,,2.7,,303,18.9,288.4,0,0,0,0,,,,
ZUESTA,2009,6,10,17,20.5,,,,,,,,950.8,,2.8,,111,1.9,109.7,0,0,0,0,,,,
ZUESTA,2009,6,10,18,19.9,,,,,,,,950.9,,2.1,,41,0.4,40.8,0,0,0,0,,,,
ZUESTA,2009,6,10,19,18.5,,,,,,,,950.8,,1.2,,3,0,3,0,0,0,0,,,,
ZUESTA,2009,6,10,20,17.8,,,,,,,,950.6,,1,,0,0,0,0,0,0,0,,,,
ZUESTA,2009,6,10,21,17.3,,,,,,,,949.9,,0.7,,0,0,0,0,0,0,0,,,,
ZUESTA,2009,6,10,22,17.1,,,,,,,,949.5,,1.1,,0,0,0,0,0,0,0,,,,
ZUESTA,2009,6,10,23,14.3,,,,,,,,950.7,,2.6,,0,0,0,0,0,0,0,,,,
ZUESTA,2009,6,11,0,14.1,,,,,,,,950.9,,2.8,,0,0,0,0,0,0,0,,,,
ZUESTA,2009,6,11,1,14,,,,,,,,950.3,,3.7,,0,0,0,0,0,0,0,,,,
ZUESTA,2009,6,11,2,13.7,,,,,,,,949.5,,1.8,,0,0,0,0,0,0,0,,,,
ZUESTA,2009,6,11,3,13.8,,,,,,,,949.5,,1.8,,1,0,0,0,0,0,0,,,,
ZUESTA,2009,6,11,4,14.8,,,,,,,,950,,5.8,,10,0,0,0,0,0,0,,,,
ZUESTA,2009,6,11,5,14.4,,,,,,,,950.7,,8.2,,38,0,0,0,0,0,0,,,,
ZUESTA,2009,6,11,6,15.4,,,,,,,,951.5,,8,,299,3832.8,49.3,0,0,0,0,,,,
ZUESTA,2009,6,11,7,16,,,,,,,,952.2,,7.3,,348,1316.8,57.4,0,0,0,0,,,,
ZUESTA,2009,6,11,8,16.7,,,,,,,,952.9,,7.1,,510,1112.8,84.2,0,0,0,0,,,,
ZUESTA,2009,6,11,9,17.7,,,,,,,,953.3,,6.4,,673,1043.3,111,0,0,0,0,,,,
ZUESTA,2009,6,11,10,18,,,,,,,,953.8,,5.7,,637,724.5,146,0,0,0,0,,,,
ZUESTA,2009,6,11,11,18.8,,,,,,,,954.4,,5.7,,901,951.9,148.7,0,0,0,0,,,,
ZUESTA,2009,6,11,12,18.9,,,,,,,,954.8,,6.4,,843,776.4,168.5,0,0,0,0,,,,
ZUESTA,2009,6,11,13,19.1,,,,,,,,955,,4.8,,596,218.2,398,0,0,0,0,,,,
ZUESTA,2009,6,11,14,19.7,,,,,,,,955.2,,5.2,,776,568,262.2,0,0,0,0,,,,
ZUESTA,2009,6,11,15,19.1,,,,,,,,955.3,,5.1,,450,80.2,381,0,0,0,0,,,,
ZUESTA,2009,6,11,16,19.2,,,,,,,,955.2,,5.6,,469,154.2,349.4,0,0,0,0,,,,
ZUESTA,2009,6,11,17,18.3,,,,,,,,955.5,,5,,280,28.8,261.1,0,0,0,0,,,,
ZUESTA,2009,6,11,18,17.2,,,,,,,,955.9,,4.4,,124,3.9,122,0,0,0,0,,,,
ZUESTA,2009,6,11,19,16.3,,,,,,,,956.4,,3.5,,17,0.2,16.9,0,0,0,0,,,,
ZUESTA,2009,6,11,20,15.5,,,,,,,,957,,3.1,,0,0,0,0,0,0,0,,,,
ZUESTA,2009,6,11,21,15,,,,,,,,957.5,,2.7,,0,0,0,0,0,0,0,,,,
ZUESTA,2009,6,11,22,14.6,,,,,,,,957.8,,3.3,,0,0,0,0,0,0,0,,,,
ZUESTA,2009,6,11,23,14.4,,,,,,,,957.9,,2.4,,0,0,0,0,0,0,0,,,,
ZUESTA,2009,6,12,0,13.9,,,,,,,,957.9,,2.1,,0,0,0,0,0,0,0,,,,
ZUESTA,2009,6,12,1,13.5,,,,,,,,958,,1.9,,0,0,0,0,0,0,0,,,,
ZUESTA,2009,6,12,2,13.1,,,,,,,,958.1,,1.4,,0,0,0,0,0,0,0,,,,
ZUESTA,2009,6,12,3,12.6,,,,,,,,958.2,,1,,1,0,0,0,0,0,0,,,,
ZUESTA,2009,6,12,4,12.6,,,,,,,,958.3,,1.2,,25,0,0,0,0,0,0,,,,
ZUESTA,2009,6,12,5,12.9,,,,,,,,958.3,,1,,97,0,0,0,0,0,0,,,,
ZUESTA,2009,6,12,6,13.8,,,,,,,,958.4,,1.9,,373,4755.2,61.5,0,0,0,0,,,,
ZUESTA,2009,6,12,7,14.8,,,,,,,,958.5,,2.4,,409,1545.8,67.5,0,0,0,0,,,,
ZUESTA,2009,6,12,8,16,,,,,,,,958.1,,2.8,,512,1116.6,84.5,0,0,0,0,,,,
ZUESTA,2009,6,12,9,17.1,,,,,,,,957.9,,3.5,,679,1052.3,112,0,0,0,0,,,,
ZUESTA,2009,6,12,10,17.8,,,,,,,,957.6,,3.1,,831,1023.7,137.1,0,0,0,0,,,,
ZUESTA,2009,6,12,11,19.2,,,,,,,,957.3,,3.5,,959,1013,158.2,0,0,0,0,,,,
ZUESTA,2009,6,12,12,19.3,,,,,,,,956.9,,3.5,,684,431.7,308.8,0,0,0,0,,,,
ZUESTA,2009,6,12,13,19.4,,,,,,,,956.8,,2.5,,533,135.5,410,0,0,0,0,,,,
ZUESTA,2009,6,12,14,19.4,,,,,,,,956.5,,2.5,,391,31.2,362.8,0,0,0,0,,,,
ZUESTA,2009,6,12,15,19.3,,,,,,,,956.4,,2.7,,225,4.7,221,0,0,0,0,,,,
ZUESTA,2009,6,12,16,18.8,,,,,,,,956.5,,2.6,,158,2.8,155.8,0,0,0,0,,,,
ZUESTA,2009,6,12,17,18.5,,,,,,,,956.8,,2.6,,139,3,137,0,0,0,0,,,,
ZUESTA,2009,6,12,18,18,,,,,,,,957.1,,1.9,,56,0.8,55.6,0,0,0,0,,,,
ZUESTA,2009,6,12,19,17.3,,,,,,,,957.3,,1.3,,5,0,5,0,0,0,0,,,,
ZUESTA,2009,6,12,20,17.1,,,,,,,,957.7,,1.4,,0,0,0,0,0,0,0,,,,
ZUESTA,2009,6,12,21,16.7,,,,,,,,957.8,,1.2,,0,0,0,0,0,0,0,,,,
ZUESTA,2009,6,12,22,16,,,,,,,,957.8,,0.6,,0,0,0,0,0,0,0,,,,
ZUESTA,2009,6,12,23,14.5,,,,,,,,957.9,,0.4,,0,0,0,0,0,0,0,,,,
ZUESTA,2009,6,13,0,14,,,,,,,,957.7,,0.5,,0,0,0,0,0,0,0,,,,
ZUESTA,2009,6,13,1,13.4,,,,,,,,957.4,,0.3,,0,0,0,0,0,0,0,,,,
ZUESTA,2009,6,13,2,12.4,,,,,,,,957.2,,0.9,,0,0,0,0,0,0,0,,,,
ZUESTA,2009,6,13,3,12.1,,,,,,,,957.1,,1.1,,1,0,0,0,0,0,0,,,,
ZUESTA,2009,6,13,4,11.8,,,,,,,,957.2,,0.5,,32,0,0,0,0,0,0,,,,
ZUESTA,2009,6,13,5,12.8,,,,,,,,957.1,,0.3,,198,0,0,0,0,0,0,,,,
ZUESTA,2009,6,13,6,14.9,,,,,,,,957.3,,0.6,,372,4723.6,61.4,0,0,0,0,,,,
ZUESTA,2009,6,13,7,16.7,,,,,,,,957.3,,0.6,,544,2054.5,89.8,0,0,0,0,,,,
ZUESTA,2009,6,13,8,18.1,,,,,,,,957.3,,0.7,,509,1109.8,84,0,0,0,0,,,,
ZUESTA,2009,6,13,9,19.1,,,,,,,,957.4,,1,,636,985.5,104.9,0,0,0,0,,,,
ZUESTA,2009,6,13,10,20.4,,,,,,,,957.4,,1.3,,875,1077.7,144.4,0,0,0,0,,,,
ZUESTA,2009,6,13,11,21.3,,,,,,,,957.1,,1.2,,971,1025.5,160.2,0,0,0,0,,,,
ZUESTA,2009,6,13,12,22.5,,,,,,,,956.9,,1.6,,998,958.6,164.7,0,0,0,0,,,,
ZUESTA,2009,6,13,13,23.1,,,,,,,,956.7,,1.4,,892,794.8,169.9,0,0,0,0,,,,
ZUESTA,2009,6,13,14,23.7,,,,,,,,956.3,,1.5,,784,583.8,255.2,0,0,0,0,,,,
ZUESTA,2009,6,13,15,24.5,,,,,,,,955.9,,2.2,,648,369.5,329.9,0,0,0,0,,,,
ZUESTA,2009,6,13,16,24.4,,,,,,,,955.7,,1.7,,479,167.6,348.7,0,0,0,0,,,,
ZUESTA,2009,6,13,17,23.9,,,,,,,,955.5,,1,,297,38.2,271.8,0,0,0,0,,,,
ZUESTA,2009,6,13,18,22.7,,,,,,,,955.5,,1,,126,4,123.9,0,0,0,0,,,,
ZUESTA,2009,6,13,19,20.6,,,,,,,,955.7,,2.2,,16,0.1,16,0,0,0,0,,,,
ZUESTA,2009,6,13,20,18.3,,,,,,,,956,,2.3,,0,0,0,0,0,0,0,,,,
ZUESTA,2009,6,13,21,17.3,,,,,,,,956,,1,,0,0,0,0,0,0,0,,,,
ZUESTA,2009,6,13,22,16.7,,,,,,,,956,,0.5,,0,0,0,0,0,0,0,,,,
ZUESTA,2009,6,13,23,15.9,,,,,,,,956.1,,0.5,,0,0,0,0,0,0,0,,,,
ZUESTA,2009,6,14,0,15.2,,,,,,,,956.1,,0.3,,0,0,0,0,0,0,0,,,,
ZUESTA,2009,6,14,1,14.7,,,,,,,,956,,0.6,,0,0,0,0,0,0,0,,,,
ZUESTA,2009,6,14,2,14,,,,,,,,955.9,,1.1,,0,0,0,0,0,0,0,,,,
ZUESTA,2009,6,14,3,13.8,,,,,,,,956,,1,,2,0,0,0,0,0,0,,,,
ZUESTA,2009,6,14,4,14.1,,,,,,,,956.1,,0.5,,34,0,0,0,0,0,0,,,,
ZUESTA,2009,6,14,5,15,,,,,,,,956.1,,0.1,,169,0,0,0,0,0,0,,,,
ZUESTA,2009,6,14,6,16.4,,,,,,,,956.1,,0.4,,236,2989.1,38.9,0,0,0,0,,,,
ZUESTA,2009,6,14,7,18.1,,,,,,,,956,,0.7,,522,1970.8,86.1,0,0,0,0,,,,
ZUESTA,2009,6,14,8,20.5,,,,,,,,955.8,,1,,701,1528.4,115.7,0,0,0,0,,,,
ZUESTA,2009,6,14,9,22.7,,,,,,,,955.7,,1.7,,792,1227.3,130.7,0,0,0,0,,,,
ZUESTA,2009,6,14,10,25.1,,,,,,,,955.6,,2.6,,909,1119.6,150,0,0,0,0,,,,
ZUESTA,2009,6,14,11,26.3,,,,,,,,955.3,,2.5,,834,880.9,137.5,0,0,0,0,,,,
ZUESTA,2009,6,14,12,27.5,,,,,,,,955.1,,4.5,,875,830,153.3,0,0,0,0,,,,
ZUESTA,2009,6,14,13,28.3,,,,,,,,955.1,,4.3,,860,736.3,190.8,0,0,0,0,,,,
ZUESTA,2009,6,14,14,28.4,,,,,,,,955,,3,,622,261.3,385.2,0,0,0,0,,,,
ZUESTA,2009,6,14,15,27.4,,,,,,,,954.9,,2.5,,305,11.7,294.9,0,0,0,0,,,,
ZUESTA,2009,6,14,16,26.5,,,,,,,,955.2,,2.6,,189,4,185.9,0,0,0,0,,,,
ZUESTA,2009,6,14,17,24.7,,,,,,,,955.8,,3.8,,85,1.1,84.3,0,0,0,0,,,,
ZUESTA,2009,6,14,18,23.3,,,,,,,,955.7,,2,,28,0.2,27.9,0,0,0,0,,,,
ZUESTA,2009,6,14,19,21.4,,,,,,,,956.9,,1.7,,1,0,1,0,0,0,0,,,,
ZUESTA,2009,6,14,20,18.4,,,,,,,,956.7,,2.4,,0,0,0,0,0,0,0,,,,
ZUESTA,2009,6,14,21,18,,,,,,,,955.9,,1.5,,0,0,0,0,0,0,0,,,,
ZUESTA,2009,6,14,22,17.9,,,,,,,,955.7,,1.1,,0,0,0,0,0,0,0,,,,
ZUESTA,2009,6,14,23,18.1,,,,,,,,955.9,,1.6,,0,0,0,0,0,0,0,,,,
ZUESTA,2009,6,15,0,17.7,,,,,,,,956.5,,3.8,,0,0,0,0,0,0,0,,,,
ZUESTA,2009,6,15,1,17.3,,,,,,,,956.3,,1.8,,0,0,0,0,0,0,0,,,,
ZUESTA,2009,6,15,2,17,,,,,,,,955.8,,2,,0,0,0,0,0,0,0,,,,
ZUESTA,2009,6,15,3,17.1,,,,,,,,955.4,,1.1,,0,0,0,0,0,0,0,,,,
ZUESTA,2009,6,15,4,16.9,,,,,,,,955.4,,1.3,,11,0,0,0,0,0,0,,,,
ZUESTA,2009,6,15,5,17,,,,,,,,955.4,,1.3,,23,0,0,0,0,0,0,,,,
ZUESTA,2009,6,15,6,17,,,,,,,,955.4,,2.3,,36,97.5,29.6,0,0,0,0,,,,
ZUESTA,2009,6,15,7,16.8,,,,,,,,955.5,,2.9,,31,1.3,30.7,0,0,0,0,,,,
ZUESTA,2009,6,15,8,17,,,,,,,,955.1,,1.5,,79,2.9,77.9,0,0,0,0,,,,
ZUESTA,2009,6,15,9,18,,,,,,,,954.2,,1.8,,435,470.9,181.3,0,0,0,0,,,,
ZUESTA,2009,6,15,10,18.1,,,,,,,,953.9,,1.2,,336,62,294,0,0,0,0,,,,
ZUESTA,2009,6,15,11,18.5,,,,,,,,954.1,,1.1,,257,8.2,250.5,0,0,0,0,,,,
ZUESTA,2009,6,15,12,19.3,,,,,,,,954.2,,0.1,,240,5.2,235.5,0,0,0,0,,,,
ZUESTA,2009,6,15,13,19.6,,,,,,,,953.6,,0.3,,224,4.1,220.2,0,0,0,0,,,,
ZUESTA,2009,6,15,14,20.5,,,,,,,,952.3,,1.1,,381,27.2,356.3,0,0,0,0,,,,
ZUESTA,2009,6,15,15,21.4,,,,,,,,950.6,,1.1,,465,92.6,385.2,0,0,0,0,,,,
ZUESTA,2009,6,15,16,22.1,,,,,,,,950,,1.3,,335,30.6,311.1,0,0,0,0,,,,
ZUESTA,2009,6,15,17,21.8,,,,,,,,950.6,,1.9,,172,4.6,169,0,0,0,0,,,,
ZUESTA,2009,6,15,18,20.6,,,,,,,,950.9,,2,,12,0,12,0,0,0,0,,,,
ZUESTA,2009,6,15,19,18.6,,,,,,,,951.4,,3.4,,5,0,5,0,0,0,0,,,,
ZUESTA,2009,6,15,20,17.3,,,,,,,,952.8,,4.2,,0,0,0,0,0,0,0,,,,
ZUESTA,2009,6,15,21,16.2,,,,,,,,954.1,,5.1,,0,0,0,0,0,0,0,,,,
ZUESTA,2009,6,15,22,16.2,,,,,,,,954.5,,4,,0,0,0,0,0,0,0,,,,
ZUESTA,2009,6,15,23,16,,,,,,,,954.3,,3.2,,0,0,0,0,0,0,0,,,,
ZUESTA,2009,6,16,0,16.2,,,,,,,,954.5,,3.4,,1,0,0,0,0,0,0,,,,
ZUESTA,2009,6,16,1,16.5,,,,,,,,954.4,,4.2,,0,0,0,0,0,0,0,,,,
ZUESTA,2009,6,16,2,16.2,,,,,,,,954.2,,3.6,,0,0,0,0,0,0,0,,,,
ZUESTA,2009,6,16,3,16,,,,,,,,954.3,,3.6,,0,0,0,0,0,0,0,,,,
ZUESTA,2009,6,16,4,15.4,,,,,,,,954.8,,2.9,,6,0,0,0,0,0,0,,,,
ZUESTA,2009,6,16,5,15.3,,,,,,,,955.5,,2.9,,32,0,0,0,0,0,0,,,,
ZUESTA,2009,6,16,6,15.3,,,,,,,,956.2,,2.7,,86,1088.4,14.2,0,0,0,0,,,,
ZUESTA,2009,6,16,7,15.9,,,,,,,,957,,2.3,,138,177.5,98.8,0,0,0,0,,,,
ZUESTA,2009,6,16,8,16.7,,,,,,,,957.7,,3,,293,393,142.6,0,0,0,0,,,,
ZUESTA,2009,6,16,9,17.4,,,,,,,,958.1,,3.4,,333,170.4,241.2,0,0,0,0,,,,
ZUESTA,2009,6,16,10,18.6,,,,,,,,958.3,,3.2,,561,510.3,215.1,0,0,0,0,,,,
ZUESTA,2009,6,16,11,19.5,,,,,,,,958.5,,3,,555,285.3,329.4,0,0,0,0,,,,
ZUESTA,2009,6,16,12,20,,,,,,,,958.6,,3.3,,607,279.2,364.2,0,0,0,0,,,,
ZUESTA,2009,6,16,13,20.6,,,,,,,,958.7,,2.9,,729,460.2,310.5,0,0,0,0,,,,
ZUESTA,2009,6,16,14,20.6,,,,,,,,958.6,,2.8,,567,178.6,405,0,0,0,0,,,,
ZUESTA,2009,6,16,15,21.3,,,,,,,,958.6,,2.9,,703,485.6,284.1,0,0,0,0,,,,
ZUESTA,2009,6,16,16,20,,,,,,,,958.7,,2.7,,299,17.2,285.6,0,0,0,0,,,,
ZUESTA,2009,6,16,17,19.6,,,,,,,,959,,2.6,,215,8.1,209.6,0,0,0,0,,,,
ZUESTA,2009,6,16,18,19.1,,,,,,,,959.3,,2,,86,1.8,85,0,0,0,0,,,,
ZUESTA,2009,6,16,19,18.4,,,,,,,,959.8,,1,,10,0.1,10,0,0,0,0,,,,
ZUESTA,2009,6,16,20,17.7,,,,,,,,960.3,,1.2,,0,0,0,0,0,0,0,,,,
ZUESTA,2009,6,16,21,16,,,,,,,,960.4,,1.8,,0,0,0,0,0,0,0,,,,
ZUESTA,2009,6,16,22,14.9,,,,,,,,960.2,,2.2,,0,0,0,0,0,0,0,,,,
ZUESTA,2009,6,16,23,14.5,,,,,,,,959.9,,2.9,,0,0,0,0,0,0,0,,,,
ZUESTA,2009,6,17,0,14,,,,,,,,959.6,,3,,0,0,0,0,0,0,0,,,,
ZUESTA,2009,6,17,1,13.5,,,,,,,,959.5,,3.3,,0,0,0,0,0,0,0,,,,
ZUESTA,2009,6,17,2,13,,,,,,,,959.1,,2.5,,0,0,0,0,0,0,0,,,,
ZUESTA,2009,6,17,3,12.1,,,,,,,,959,,1.5,,2,0,0,0,0,0,0,,,,
ZUESTA,2009,6,17,4,12,,,,,,,,958.9,,1.5,,34,0,0,0,0,0,0,,,,
ZUESTA,2009,6,17,5,13,,,,,,,,958.6,,1.3,,120,0,0,0,0,0,0,,,,
ZUESTA,2009,6,17,6,14.2,,,,,,,,958.4,,2.2,,313,3968.1,51.6,0,0,0,0,,,,
ZUESTA,2009,6,17,7,15.3,,,,,,,,958,,2.2,,389,1470.8,64.2,0,0,0,0,,,,
ZUESTA,2009,6,17,8,17,,,,,,,,957.7,,2.5,,726,1584.8,119.8,0,0,0,0,,,,
ZUESTA,2009,6,17,9,18.6,,,,,,,,957.6,,1.9,,840,1302.9,138.6,0,0,0,0,,,,
ZUESTA,2009,6,17,10,20.1,,,,,,,,957.6,,2.1,,929,1144.9,153.3,0,0,0,0,,,,
ZUESTA,2009,6,17,11,21.6,,,,,,,,957.5,,1.5,,973,1027.7,160.5,0,0,0,0,,,,
ZUESTA,2009,6,17,12,22.4,,,,,,,,957,,1.6,,960,921.7,158.4,0,0,0,0,,,,
ZUESTA,2009,6,17,13,23.3,,,,,,,,956.6,,1.1,,901,808.7,165.6,0,0,0,0,,,,
ZUESTA,2009,6,17,14,24.2,,,,,,,,956.3,,1,,786,586.2,254.2,0,0,0,0,,,,
ZUESTA,2009,6,17,15,24.8,,,,,,,,956.1,,1.6,,641,352.8,336.5,0,0,0,0,,,,
ZUESTA,2009,6,17,16,24.8,,,,,,,,955.7,,2.8,,450,125.9,351.8,0,0,0,0,,,,
ZUESTA,2009,6,17,17,24,,,,,,,,955.3,,1.5,,281,28.3,262.2,0,0,0,0,,,,
ZUESTA,2009,6,17,18,22.2,,,,,,,,955.2,,0.9,,85,1.8,84.1,0,0,0,0,,,,
ZUESTA,2009,6,17,19,20.1,,,,,,,,955.3,,0.9,,17,0.1,16.9,0,0,0,0,,,,
ZUESTA,2009,6,17,20,18.8,,,,,,,,955.6,,0.8,,0,0,0,0,0,0,0,,,,
ZUESTA,2009,6,17,21,18.4,,,,,,,,956.1,,0.7,,0,0,0,0,0,0,0,,,,
ZUESTA,2009,6,17,22,18.3,,,,,,,,956.3,,0.8,,0,0,0,0,0,0,0,,,,
ZUESTA,2009,6,17,23,18.2,,,,,,,,956.5,,1.2,,0,0,0,0,0,0,0,,,,
ZUESTA,2009,6,18,0,17.9,,,,,,,,956.5,,1.2,,0,0,0,0,0,0,0,,,,
ZUESTA,2009,6,18,1,17.2,,,,,,,,956.5,,0.5,,0,0,0,0,0,0,0,,,,
ZUESTA,2009,6,18,2,16.5,,,,,,,,956.4,,0.5,,0,0,0,0,0,0,0,,,,
ZUESTA,2009,6,18,3,16,,,,,,,,956.3,,0.6,,1,0,0,0,0,0,0,,,,
ZUESTA,2009,6,18,4,16.1,,,,,,,,956.3,,0.4,,41,0,0,0,0,0,0,,,,
ZUESTA,2009,6,18,5,16.8,,,,,,,,956.3,,0.3,,177,0,0,0,0,0,0,,,,
ZUESTA,2009,6,18,6,17.9,,,,,,,,956.6,,0.4,,275,3497.4,45.4,0,0,0,0,,,,
ZUESTA,2009,6,18,7,19.8,,,,,,,,956.9,,0.5,,463,1752.8,76.4,0,0,0,0,,,,
ZUESTA,2009,6,18,8,21.9,,,,,,,,957,,1,,586,1280.3,96.7,0,0,0,0,,,,
ZUESTA,2009,6,18,9,23.5,,,,,,,,956.8,,1.4,,748,1160.8,123.4,0,0,0,0,,,,
ZUESTA,2009,6,18,10,24.5,,,,,,,,956.5,,1.8,,723,891.3,119.3,0,0,0,0,,,,
ZUESTA,2009,6,18,11,25.9,,,,,,,,956,,2,,939,992,154.9,0,0,0,0,,,,
ZUESTA,2009,6,18,12,26.8,,,,,,,,955.5,,2.3,,797,682.9,203.1,0,0,0,0,,,,
ZUESTA,2009,6,18,13,27.1,,,,,,,,954.8,,2.6,,716,433.2,322,0,0,0,0,,,,
ZUESTA,2009,6,18,14,28,,,,,,,,954.3,,3,,735,476.4,302.7,0,0,0,0,,,,
ZUESTA,2009,6,18,15,28.4,,,,,,,,953.7,,3.4,,624,319,348.5,0,0,0,0,,,,
ZUESTA,2009,6,18,16,27.9,,,,,,,,953.1,,2.9,,426,97.9,349.6,0,0,0,0,,,,
ZUESTA,2009,6,18,17,26.6,,,,,,,,953.1,,1.9,,148,3.4,145.8,0,0,0,0,,,,
ZUESTA,2009,6,18,18,25.5,,,,,,,,953.1,,1.6,,111,3.1,109.4,0,0,0,0,,,,
ZUESTA,2009,6,18,19,23.6,,,,,,,,953.3,,0.9,,13,0.1,13,0,0,0,0,,,,
ZUESTA,2009,6,18,20,22,,,,,,,,953.5,,1.1,,0,0,0,0,0,0,0,,,,
ZUESTA,2009,6,18,21,20.1,,,,,,,,954,,1.2,,0,0,0,0,0,0,0,,,,
ZUESTA,2009,6,18,22,19.7,,,,,,,,953.8,,0.7,,0,0,0,0,0,0,0,,,,
ZUESTA,2009,6,18,23,19,,,,,,,,953.7,,1.2,,0,0,0,0,0,0,0,,,,
ZUESTA,2009,6,19,0,18.8,,,,,,,,953.4,,1.8,,0,0,0,0,0,0,0,,,,
ZUESTA,2009,6,19,1,18.8,,,,,,,,953.3,,2.1,,0,0,0,0,0,0,0,,,,
ZUESTA,2009,6,19,2,18.2,,,,,,,,953.3,,2.5,,0,0,0,0,0,0,0,,,,
ZUESTA,2009,6,19,3,18.2,,,,,,,,953.4,,2,,1,0,0,0,0,0,0,,,,
ZUESTA,2009,6,19,4,18.2,,,,,,,,953.8,,2,,25,0,0,0,0,0,0,,,,
ZUESTA,2009,6,19,5,18.3,,,,,,,,953.9,,1.5,,80,0,0,0,0,0,0,,,,
ZUESTA,2009,6,19,6,18.8,,,,,,,,953.8,,1.5,,163,2082.5,26.9,0,0,0,0,,,,
ZUESTA,2009,6,19,7,19.3,,,,,,,,953.7,,1.8,,221,826.9,38.9,0,0,0,0,,,,
ZUESTA,2009,6,19,8,19.7,,,,,,,,953.7,,1.6,,253,227.6,166.1,0,0,0,0,,,,
ZUESTA,2009,6,19,9,17.7,,,,,,,,953.8,,0.9,,127,3.8,125,0,0,0,0,,,,
ZUESTA,2009,6,19,10,17.2,,,,,,,,954.2,,2,,79,0.9,78.4,0,0,0,0,,,,
ZUESTA,2009,6,19,11,16.8,,,,,,,,954.5,,1.2,,78,0.7,77.5,0,0,0,0,,,,
ZUESTA,2009,6,19,12,15.1,,,,,,,,954.9,,3.6,,101,0.9,100.2,0,0,0,0,,,,
ZUESTA,2009,6,19,13,14.2,,,,,,,,955,,3.6,,102,0.9,101.2,0,0,0,0,,,,
ZUESTA,2009,6,19,14,14.2,,,,,,,,955.2,,2.3,,73,0.4,72.6,0,0,0,0,,,,
ZUESTA,2009,6,19,15,14.3,,,,,,,,955.2,,0.5,,57,0.3,56.7,0,0,0,0,,,,
ZUESTA,2009,6,19,16,14.2,,,,,,,,955.5,,1.1,,30,0.1,29.9,0,0,0,0,,,,
ZUESTA,2009,6,19,17,13.6,,,,,,,,955.9,,1.5,,19,0.1,19,0,0,0,0,,,,
ZUESTA,2009,6,19,18,13.4,,,,,,,,956.7,,1.9,,3,0,3,0,0,0,0,,,,
ZUESTA,2009,6,19,19,12.6,,,,,,,,957,,2.9,,0,0,0,0,0,0,0,,,,
ZUESTA,2009,6,19,20,11.7,,,,,,,,957.9,,2.9,,0,0,0,0,0,0,0,,,,
ZUESTA,2009,6,19,21,11.5,,,,,,,,958,,1.2,,0,0,0,0,0,0,0,,,,
ZUESTA,2009,6,19,22,11.4,,,,,,,,957.6,,0.4,,0,0,0,0,0,0,0,,,,
ZUESTA,2009,6,19,23,11.5,,,,,,,,957.7,,0.4,,0,0,0,0,0,0,0,,,,
ZUESTA,2009,6,20,0,11.5,,,,,,,,957.4,,0.7,,0,0,0,0,0,0,0,,,,
ZUESTA,2009,6,20,1,11.3,,,,,,,,957.2,,0.6,,0,0,0,0,0,0,0,,,,
ZUESTA,2009,6,20,2,11,,,,,,,,956.8,,0.6,,0,0,0,0,0,0,0,,,,
ZUESTA,2009,6,20,3,10.6,,,,,,,,956.5,,0.5,,1,0,0,0,0,0,0,,,,
ZUESTA,2009,6,20,4,11,,,,,,,,956.6,,0.6,,28,0,0,0,0,0,0,,,,
ZUESTA,2009,6,20,5,11.8,,,,,,,,956.5,,0.5,,138,0,0,0,0,0,0,,,,
ZUESTA,2009,6,20,6,12.3,,,,,,,,956.5,,1.1,,270,3470.3,44.6,0,0,0,0,,,,
ZUESTA,2009,6,20,7,12.8,,,,,,,,956.3,,1.3,,293,1113.4,48.3,0,0,0,0,,,,
ZUESTA,2009,6,20,8,13.2,,,,,,,,956.3,,0.5,,253,228.9,165.7,0,0,0,0,,,,
ZUESTA,2009,6,20,9,14.8,,,,,,,,956.2,,0.9,,611,949.7,100.8,0,0,0,0,,,,
ZUESTA,2009,6,20,10,15.9,,,,,,,,955.9,,0.9,,502,351.9,263.9,0,0,0,0,,,,
ZUESTA,2009,6,20,11,15.9,,,,,,,,955.7,,1.2,,334,28.2,311.7,0,0,0,0,,,,
ZUESTA,2009,6,20,12,15.6,,,,,,,,955.4,,1.3,,183,3,180.4,0,0,0,0,,,,
ZUESTA,2009,6,20,13,15.9,,,,,,,,955.1,,1.3,,269,6.1,263.5,0,0,0,0,,,,
ZUESTA,2009,6,20,14,16.7,,,,,,,,954.8,,1.9,,462,70.6,397.9,0,0,0,0,,,,
ZUESTA,2009,6,20,15,15.7,,,,,,,,954.7,,2.4,,264,6.7,258.2,0,0,0,0,,,,
ZUESTA,2009,6,20,16,15.7,,,,,,,,954.7,,3.3,,274,11.3,265.2,0,0,0,0,,,,
ZUESTA,2009,6,20,17,15,,,,,,,,954.9,,2.2,,149,3.4,146.7,0,0,0,0,,,,
ZUESTA,2009,6,20,18,14.2,,,,,,,,955.1,,2,,78,1.5,77.2,0,0,0,0,,,,
ZUESTA,2009,6,20,19,13.3,,,,,,,,955.5,,1,,9,0,9,0,0,0,0,,,,
ZUESTA,2009,6,20,20,12.7,,,,,,,,956.2,,1.4,,0,0,0,0,0,0,0,,,,
ZUESTA,2009,6,20,21,11.6,,,,,,,,956.4,,0.9,,0,0,0,0,0,0,0,,,,
ZUESTA,2009,6,20,22,11.1,,,,,,,,956.3,,1.1,,0,0,0,0,0,0,0,,,,
ZUESTA,2009,6,20,23,11.1,,,,,,,,956.2,,1,,0,0,0,0,0,0,0,,,,
ZUESTA,2009,6,21,0,11,,,,,,,,956,,1.2,,0,0,0,0,0,0,0,,,,
ZUESTA,2009,6,21,1,11,,,,,,,,955.9,,1.8,,0,0,0,0,0,0,0,,,,
ZUESTA,2009,6,21,2,10.8,,,,,,,,955.7,,2.1,,0,0,0,0,0,0,0,,,,
ZUESTA,2009,6,21,3,10.8,,,,,,,,955.8,,0.8,,1,0,0,0,0,0,0,,,,
ZUESTA,2009,6,21,4,10.8,,,,,,,,955.9,,1.4,,12,0,0,0,0,0,0,,,,
ZUESTA,2009,6,21,5,10.7,,,,,,,,956,,1.6,,49,0,0,0,0,0,0,,,,
ZUESTA,2009,6,21,6,10.7,,,,,,,,956.3,,0.9,,43,228,28.3,0,0,0,0,,,,
ZUESTA,2009,6,21,7,11.1,,,,,,,,956.5,,1.4,,114,78.3,96.8,0,0,0,0,,,,
ZUESTA,2009,6,21,8,11.8,,,,,,,,956.6,,0.7,,235,169.5,170.5,0,0,0,0,,,,
ZUESTA,2009,6,21,9,13.7,,,,,,,,956.5,,0.7,,716,1113.9,118.1,0,0,0,0,,,,
ZUESTA,2009,6,21,10,14.5,,,,,,,,956.2,,1.1,,396,135,304.7,0,0,0,0,,,,
ZUESTA,2009,6,21,11,14.3,,,,,,,,956.2,,1.8,,256,8.1,249.6,0,0,0,0,,,,
ZUESTA,2009,6,21,12,15.6,,,,,,,,955.8,,1.8,,791,671.3,207.5,0,0,0,0,,,,
ZUESTA,2009,6,21,13,15,,,,,,,,955.7,,1.9,,248,5.1,243.4,0,0,0,0,,,,
ZUESTA,2009,6,21,14,13.8,,,,,,,,955.9,,2.7,,307,9.6,298.3,0,0,0,0,,,,
ZUESTA,2009,6,21,15,13.4,,,,,,,,956,,3,,286,8.8,278.4,0,0,0,0,,,,
ZUESTA,2009,6,21,16,13.6,,,,,,,,955.7,,2.8,,250,7.7,243.9,0,0,0,0,,,,
ZUESTA,2009,6,21,17,13.5,,,,,,,,955.7,,2.5,,129,2.6,127.3,0,0,0,0,,,,
ZUESTA,2009,6,21,18,13.5,,,,,,,,955.7,,2.3,,105,2.7,103.6,0,0,0,0,,,,
ZUESTA,2009,6,21,19,12.2,,,,,,,,955.7,,1.8,,9,0,9,0,0,0,0,,,,
ZUESTA,2009,6,21,20,12,,,,,,,,955.7,,1.6,,0,0,0,0,0,0,0,,,,
ZUESTA,2009,6,21,21,12.2,,,,,,,,955.9,,0.8,,0,0,0,0,0,0,0,,,,
ZUESTA,2009,6,21,22,11.8,,,,,,,,956,,1.1,,0,0,0,0,0,0,0,,,,
ZUESTA,2009,6,21,23,10.8,,,,,,,,955.9,,1,,0,0,0,0,0,0,0,,,,
ZUESTA,2009,6,22,0,10.3,,,,,,,,955.5,,2.4,,0,0,0,0,0,0,0,,,,
ZUESTA,2009,6,22,1,9.7,,,,,,,,955.4,,1.5,,0,0,0,0,0,0,0,,,,
ZUESTA,2009,6,22,2,9.6,,,,,,,,955.2,,0.3,,0,0,0,0,0,0,0,,,,
ZUESTA,2009,6,22,3,9.4,,,,,,,,955.5,,0.4,,0,0,0,0,0,0,0,,,,
ZUESTA,2009,6,22,4,10,,,,,,,,955.9,,0.5,,31,0,0,0,0,0,0,,,,
ZUESTA,2009,6,22,5,10.3,,,,,,,,956.2,,1.1,,72,0,0,0,0,0,0,,,,
ZUESTA,2009,6,22,6,10.6,,,,,,,,956.6,,1.5,,223,2913.2,36.8,0,0,0,0,,,,
ZUESTA,2009,6,22,7,11.1,,,,,,,,956.7,,1.7,,448,1711.5,73.9,0,0,0,0,,,,
ZUESTA,2009,6,22,8,12.2,,,,,,,,956.7,,1.9,,509,1118,84,0,0,0,0,,,,
ZUESTA,2009,6,22,9,12.7,,,,,,,,956.9,,2.1,,638,993.7,105.3,0,0,0,0,,,,
ZUESTA,2009,6,22,10,13.2,,,,,,,,957.1,,1.9,,677,824.9,119.7,0,0,0,0,,,,
ZUESTA,2009,6,22,11,13.2,,,,,,,,957.1,,1.4,,353,37.5,323.4,0,0,0,0,,,,
ZUESTA,2009,6,22,12,12.6,,,,,,,,957.1,,2.2,,433,63.9,377.5,0,0,0,0,,,,
ZUESTA,2009,6,22,13,10.1,,,,,,,,957.5,,2.5,,162,2.2,160,0,0,0,0,,,,
ZUESTA,2009,6,22,14,9.5,,,,,,,,957.7,,2.2,,82,0.6,81.5,0,0,0,0,,,,
ZUESTA,2009,6,22,15,10.8,,,,,,,,957.5,,1.8,,420,56.4,371.2,0,0,0,0,,,,
ZUESTA,2009,6,22,16,11.4,,,,,,,,957.5,,1.1,,280,12.4,270.3,0,0,0,0,,,,
ZUESTA,2009,6,22,17,10.6,,,,,,,,957.8,,1.1,,51,0.4,50.7,0,0,0,0,,,,
ZUESTA,2009,6,22,18,10.3,,,,,,,,958.1,,0.9,,32,0.3,31.9,0,0,0,0,,,,
ZUESTA,2009,6,22,19,10.1,,,,,,,,958.1,,1,,12,0.1,12,0,0,0,0,,,,
ZUESTA,2009,6,22,20,9.6,,,,,,,,958.6,,1,,0,0,0,0,0,0,0,,,,
ZUESTA,2009,6,22,21,9.5,,,,,,,,958.7,,0.4,,0,0,0,0,0,0,0,,,,
ZUESTA,2009,6,22,22,9.6,,,,,,,,958.5,,0.5,,0,0,0,0,0,0,0,,,,
ZUESTA,2009,6,22,23,9.9,,,,,,,,958.2,,1.1,,0,0,0,0,0,0,0,,,,
ZUESTA,2009,6,23,0,9.7,,,,,,,,957.6,,0.8,,0,0,0,0,0,0,0,,,,
ZUESTA,2009,6,23,1,9.8,,,,,,,,957.2,,0.7,,0,0,0,0,0,0,0,,,,
ZUESTA,2009,6,23,2,9.8,,,,,,,,956.9,,0.7,,0,0,0,0,0,0,0,,,,
ZUESTA,2009,6,23,3,10,,,,,,,,956.7,,1,,0,0,0,0,0,0,0,,,,
ZUESTA,2009,6,23,4,10.1,,,,,,,,956.6,,1.2,,3,0,0,0,0,0,0,,,,
ZUESTA,2009,6,23,5,10.5,,,,,,,,956.7,,1,,49,0,0,0,0,0,0,,,,
ZUESTA,2009,6,23,6,11.1,,,,,,,,956.8,,0.4,,81,1069.1,13.4,0,0,0,0,,,,
ZUESTA,2009,6,23,7,11.5,,,,,,,,956.8,,0.8,,126,127.8,98.2,0,0,0,0,,,,
ZUESTA,2009,6,23,8,11.5,,,,,,,,956.9,,1.5,,142,15.3,136.2,0,0,0,0,,,,
ZUESTA,2009,6,23,9,12.5,,,,,,,,956.6,,2.9,,507,738.6,111.5,0,0,0,0,,,,
ZUESTA,2009,6,23,10,12.6,,,,,,,,956.7,,3.9,,378,110.4,303.5,0,0,0,0,,,,
ZUESTA,2009,6,23,11,12.1,,,,,,,,956.7,,2.2,,166,3,163.6,0,0,0,0,,,,
ZUESTA,2009,6,23,12,12.4,,,,,,,,956.4,,1.9,,201,3.6,197.8,0,0,0,0,,,,
ZUESTA,2009,6,23,13,12.4,,,,,,,,956.2,,1.5,,135,1.5,133.6,0,0,0,0,,,,
ZUESTA,2009,6,23,14,11.8,,,,,,,,956.3,,1.2,,92,0.7,91.4,0,0,0,0,,,,
ZUESTA,2009,6,23,15,11.8,,,,,,,,956.1,,1,,88,0.7,87.4,0,0,0,0,,,,
ZUESTA,2009,6,23,16,11.7,,,,,,,,956,,1,,70,0.5,69.6,0,0,0,0,,,,
ZUESTA,2009,6,23,17,11.4,,,,,,,,955.8,,0.8,,37,0.2,36.9,0,0,0,0,,,,
ZUESTA,2009,6,23,18,11.2,,,,,,,,955.7,,0.8,,7,0,7,0,0,0,0,,,,
ZUESTA,2009,6,23,19,11.1,,,,,,,,955.5,,0.8,,0,0,0,0,0,0,0,,,,
ZUESTA,2009,6,23,20,11.2,,,,,,,,955.8,,0.9,,0,0,0,0,0,0,0,,,,
ZUESTA,2009,6,23,21,11.2,,,,,,,,955.7,,0.7,,0,0,0,0,0,0,0,,,,
ZUESTA,2009,6,23,22,11.3,,,,,,,,955.4,,1,,0,0,0,0,0,0,0,,,,
ZUESTA,2009,6,23,23,11.3,,,,,,,,954.9,,1.2,,0,0,0,0,0,0,0,,,,
ZUESTA,2009,6,24,0,11.4,,,,,,,,954.2,,1.2,,0,0,0,0,0,0,0,,,,
ZUESTA,2009,6,24,1,11.4,,,,,,,,953.5,,2.2,,0,0,0,0,0,0,0,,,,
ZUESTA,2009,6,24,2,11.3,,,,,,,,952.8,,2.6,,0,0,0,0,0,0,0,,,,
ZUESTA,2009,6,24,3,11.3,,,,,,,,952.2,,2.7,,1,0,0,0,0,0,0,,,,
ZUESTA,2009,6,24,4,11.3,,,,,,,,951.5,,3.6,,13,0,0,0,0,0,0,,,,
ZUESTA,2009,6,24,5,11.4,,,,,,,,951.4,,2.4,,29,0,0,0,0,0,0,,,,
ZUESTA,2009,6,24,6,11.9,,,,,,,,951.6,,2,,86,1148.6,14.2,0,0,0,0,,,,
ZUESTA,2009,6,24,7,12.2,,,,,,,,951.7,,1.2,,73,9.4,71,0,0,0,0,,,,
ZUESTA,2009,6,24,8,12.7,,,,,,,,951.5,,1.8,,131,10.6,127,0,0,0,0,,,,
ZUESTA,2009,6,24,9,14.2,,,,,,,,951.2,,2.4,,457,564.1,155.3,0,0,0,0,,,,
ZUESTA,2009,6,24,10,16.8,,,,,,,,950.8,,2.8,,917,1135.3,151.3,0,0,0,0,,,,
ZUESTA,2009,6,24,11,17.8,,,,,,,,950.4,,3.6,,964,1021.2,159.1,0,0,0,0,,,,
ZUESTA,2009,6,24,12,16.7,,,,,,,,950.5,,2.6,,408,48,366.4,0,0,0,0,,,,
ZUESTA,2009,6,24,13,17.6,,,,,,,,950.5,,3.7,,646,300.1,373.2,0,0,0,0,,,,
ZUESTA,2009,6,24,14,17.4,,,,,,,,950.2,,5.3,,430,49.9,384.7,0,0,0,0,,,,
ZUESTA,2009,6,24,15,17.6,,,,,,,,950.1,,4.9,,506,134.6,389.6,0,0,0,0,,,,
ZUESTA,2009,6,24,16,16.4,,,,,,,,950.2,,2.7,,159,2.8,156.8,0,0,0,0,,,,
ZUESTA,2009,6,24,17,16,,,,,,,,950.2,,1.2,,62,0.6,61.6,0,0,0,0,,,,
ZUESTA,2009,6,24,18,15.4,,,,,,,,950,,2.4,,59,0.9,58.5,0,0,0,0,,,,
ZUESTA,2009,6,24,19,14.7,,,,,,,,949.8,,2.4,,22,0.2,21.9,0,0,0,0,,,,
ZUESTA,2009,6,24,20,14,,,,,,,,949.8,,2.2,,0,0,0,0,0,0,0,,,,
ZUESTA,2009,6,24,21,13.5,,,,,,,,949.7,,0.8,,0,0,0,0,0,0,0,,,,
ZUESTA,2009,6,24,22,13.1,,,,,,,,949.4,,0.6,,0,0,0,0,0,0,0,,,,
ZUESTA,2009,6,24,23,12.6,,,,,,,,949,,0.8,,0,0,0,0,0,0,0,,,,
ZUESTA,2009,6,25,0,13.2,,,,,,,,948.8,,1.3,,1,0,0,0,0,0,0,,,,
ZUESTA,2009,6,25,1,13.5,,,,,,,,948.5,,0.7,,0,0,0,0,0,0,0,,,,
ZUESTA,2009,6,25,2,13.7,,,,,,,,948.2,,0.7,,1,0,0,0,0,0,0,,,,
ZUESTA,2009,6,25,3,13.8,,,,,,,,948.1,,0.7,,1,0,0,0,0,0,0,,,,
ZUESTA,2009,6,25,4,13.8,,,,,,,,947.9,,0.9,,13,0,0,0,0,0,0,,,,
ZUESTA,2009,6,25,5,14.1,,,,,,,,947.9,,1.4,,46,0,0,0,0,0,0,,,,
ZUESTA,2009,6,25,6,14.4,,,,,,,,948,,1.8,,163,2206.1,26.9,0,0,0,0,,,,
ZUESTA,2009,6,25,7,15.2,,,,,,,,948,,1.8,,263,1015.8,43.4,0,0,0,0,,,,
ZUESTA,2009,6,25,8,15.4,,,,,,,,947.9,,1.5,,296,427.1,134.6,0,0,0,0,,,,
ZUESTA,2009,6,25,9,17.1,,,,,,,,947.7,,1.3,,521,786.7,100.9,0,0,0,0,,,,
ZUESTA,2009,6,25,10,18.3,,,,,,,,947.6,,1.5,,708,877.7,116.6,0,0,0,0,,,,
ZUESTA,2009,6,25,11,19,,,,,,,,947.5,,2,,453,124.7,354.8,0,0,0,0,,,,
ZUESTA,2009,6,25,12,20,,,,,,,,947.2,,1.7,,547,185.6,386,0,0,0,0,,,,
ZUESTA,2009,6,25,13,21.2,,,,,,,,946.8,,1.8,,805,625.2,236.8,0,0,0,0,,,,
ZUESTA,2009,6,25,14,21.7,,,,,,,,946.2,,1.3,,760,530.2,278.7,0,0,0,0,,,,
ZUESTA,2009,6,25,15,22.2,,,,,,,,945.5,,1.1,,631,331.5,344.4,0,0,0,0,,,,
ZUESTA,2009,6,25,16,22.5,,,,,,,,945.3,,1,,464,142.5,352.5,0,0,0,0,,,,
ZUESTA,2009,6,25,17,21.8,,,,,,,,945.2,,0.8,,238,12.2,229.9,0,0,0,0,,,,
ZUESTA,2009,6,25,18,20.5,,,,,,,,945.3,,0.6,,74,1.3,73.3,0,0,0,0,,,,
ZUESTA,2009,6,25,19,18.6,,,,,,,,945.6,,1.5,,8,0,8,0,0,0,0,,,,
ZUESTA,2009,6,25,20,17.7,,,,,,,,945.9,,2.2,,0,0,0,0,0,0,0,,,,
ZUESTA,2009,6,25,21,18.1,,,,,,,,946,,2.4,,0,0,0,0,0,0,0,,,,
ZUESTA,2009,6,25,22,18,,,,,,,,946.3,,2.4,,0,0,0,0,0,0,0,,,,
ZUESTA,2009,6,25,23,17.8,,,,,,,,946.3,,3,,0,0,0,0,0,0,0,,,,
ZUESTA,2009,6,26,0,17.1,,,,,,,,946,,1.7,,0,0,0,0,0,0,0,,,,
ZUESTA,2009,6,26,1,16.2,,,,,,,,946.1,,1.8,,0,0,0,0,0,0,0,,,,
ZUESTA,2009,6,26,2,15.4,,,,,,,,946.1,,1.7,,0,0,0,0,0,0,0,,,,
ZUESTA,2009,6,26,3,15.1,,,,,,,,946.1,,0.7,,1,0,0,0,0,0,0,,,,
ZUESTA,2009,6,26,4,14.8,,,,,,,,946.3,,1.3,,31,0,0,0,0,0,0,,,,
ZUESTA,2009,6,26,5,15.8,,,,,,,,946.5,,0.4,,169,0,0,0,0,0,0,,,,
ZUESTA,2009,6,26,6,16.9,,,,,,,,946.7,,0.7,,335,4601.9,55.3,0,0,0,0,,,,
ZUESTA,2009,6,26,7,18.2,,,,,,,,946.8,,0.8,,437,1695.2,72.1,0,0,0,0,,,,
ZUESTA,2009,6,26,8,19.2,,,,,,,,946.8,,0.8,,408,903.9,67.3,0,0,0,0,,,,
ZUESTA,2009,6,26,9,21.1,,,,,,,,946.7,,1,,760,1190.3,125.4,0,0,0,0,,,,
ZUESTA,2009,6,26,10,22.5,,,,,,,,946.6,,1.7,,836,1037.2,137.9,0,0,0,0,,,,
ZUESTA,2009,6,26,11,22,,,,,,,,946.4,,2.3,,589,363.7,302.8,0,0,0,0,,,,
ZUESTA,2009,6,26,12,19.5,,,,,,,,947,,5.4,,398,42.6,361,0,0,0,0,,,,
ZUESTA,2009,6,26,13,18.2,,,,,,,,947.1,,3.4,,229,4.3,225.1,0,0,0,0,,,,
ZUESTA,2009,6,26,14,18.9,,,,,,,,947.1,,1.3,,377,25.8,353.6,0,0,0,0,,,,
ZUESTA,2009,6,26,15,19.2,,,,,,,,946.8,,2.3,,201,3.7,197.8,0,0,0,0,,,,
ZUESTA,2009,6,26,16,19.7,,,,,,,,946.5,,1.5,,319,23.4,300.7,0,0,0,0,,,,
ZUESTA,2009,6,26,17,20.1,,,,,,,,946.5,,1.2,,236,11.7,228.2,0,0,0,0,,,,
ZUESTA,2009,6,26,18,19.9,,,,,,,,946.8,,1.2,,83,1.7,82.1,0,0,0,0,,,,
ZUESTA,2009,6,26,19,19.5,,,,,,,,947.4,,1.6,,10,0,10,0,0,0,0,,,,
ZUESTA,2009,6,26,20,18.6,,,,,,,,948.3,,1.4,,0,0,0,0,0,0,0,,,,
ZUESTA,2009,6,26,21,18,,,,,,,,948.5,,2.6,,0,0,0,0,0,0,0,,,,
ZUESTA,2009,6,26,22,16.2,,,,,,,,948.7,,2.8,,0,0,0,0,0,0,0,,,,
ZUESTA,2009,6,26,23,15.7,,,,,,,,948.9,,2.7,,0,0,0,0,0,0,0,,,,
ZUESTA,2009,6,27,0,15.7,,,,,,,,949.2,,2.5,,0,0,0,0,0,0,0,,,,
ZUESTA,2009,6,27,1,15.8,,,,,,,,949.2,,2.2,,0,0,0,0,0,0,0,,,,
ZUESTA,2009,6,27,2,15.5,,,,,,,,949.1,,2.1,,0,0,0,0,0,0,0,,,,
ZUESTA,2009,6,27,3,15.4,,,,,,,,949.2,,2.2,,0,0,0,0,0,0,0,,,,
ZUESTA,2009,6,27,4,15.4,,,,,,,,949.2,,2,,12,0,0,0,0,0,0,,,,
ZUESTA,2009,6,27,5,15.5,,,,,,,,949.3,,2.2,,38,0,0,0,0,0,0,,,,
ZUESTA,2009,6,27,6,15.6,,,,,,,,949.7,,2.5,,50,436,23.9,0,0,0,0,,,,
ZUESTA,2009,6,27,7,15.4,,,,,,,,950,,2.1,,48,3.4,47.3,0,0,0,0,,,,
ZUESTA,2009,6,27,8,15.5,,,,,,,,950.2,,2.1,,112,6.2,109.7,0,0,0,0,,,,
ZUESTA,2009,6,27,9,16.2,,,,,,,,950.3,,1.9,,203,16.8,194,0,0,0,0,,,,
ZUESTA,2009,6,27,10,16.6,,,,,,,,950.4,,1.8,,213,7.5,208,0,0,0,0,,,,
ZUESTA,2009,6,27,11,17.8,,,,,,,,950.4,,2.2,,410,79.4,347.6,0,0,0,0,,,,
ZUESTA,2009,6,27,12,16.4,,,,,,,,950.6,,1.1,,58,0.3,57.7,0,0,0,0,,,,
ZUESTA,2009,6,27,13,16,,,,,,,,950.5,,0.8,,199,3.3,196,0,0,0,0,,,,
ZUESTA,2009,6,27,14,17.3,,,,,,,,950.6,,0.8,,429,49.5,384.1,0,0,0,0,,,,
ZUESTA,2009,6,27,15,18.9,,,,,,,,950.3,,1,,609,290.2,358.1,0,0,0,0,,,,
ZUESTA,2009,6,27,16,18.9,,,,,,,,950.3,,0.9,,347,35.8,318.9,0,0,0,0,,,,
ZUESTA,2009,6,27,17,18.4,,,,,,,,950.2,,1.4,,133,2.7,131.2,0,0,0,0,,,,
ZUESTA,2009,6,27,18,18.5,,,,,,,,950.5,,1.4,,111,3,109.4,0,0,0,0,,,,
ZUESTA,2009,6,27,19,17.8,,,,,,,,950.8,,1.4,,10,0,10,0,0,0,0,,,,
ZUESTA,2009,6,27,20,17,,,,,,,,951.2,,0.7,,0,0,0,0,0,0,0,,,,
ZUESTA,2009,6,27,21,16.8,,,,,,,,951.4,,0.4,,0,0,0,0,0,0,0,,,,
ZUESTA,2009,6,27,22,16.7,,,,,,,,951.5,,0.4,,0,0,0,0,0,0,0,,,,
ZUESTA,2009,6,27,23,16.3,,,,,,,,951.3,,0.5,,0,0,0,0,0,0,0,,,,
ZUESTA,2009,6,28,0,16.3,,,,,,,,951.2,,0.3,,0,0,0,0,0,0,0,,,,
ZUESTA,2009,6,28,1,16.2,,,,,,,,951,,0.7,,0,0,0,0,0,0,0,,,,
ZUESTA,2009,6,28,2,15.7,,,,,,,,950.9,,1.1,,0,0,0,0,0,0,0,,,,
ZUESTA,2009,6,28,3,15.1,,,,,,,,950.8,,1.6,,1,0,0,0,0,0,0,,,,
ZUESTA,2009,6,28,4,15.1,,,,,,,,950.8,,0.4,,32,0,0,0,0,0,0,,,,
ZUESTA,2009,6,28,5,15.7,,,,,,,,950.7,,0.8,,106,0,0,0,0,0,0,,,,
ZUESTA,2009,6,28,6,16.4,,,,,,,,950.6,,1,,171,2431.5,28.2,0,0,0,0,,,,
ZUESTA,2009,6,28,7,17.4,,,,,,,,950.9,,1.3,,302,1183.2,49.8,0,0,0,0,,,,
ZUESTA,2009,6,28,8,18.3,,,,,,,,950.9,,1.6,,355,739.3,77.9,0,0,0,0,,,,
ZUESTA,2009,6,28,9,20.2,,,,,,,,950.9,,1.9,,690,1084.5,113.9,0,0,0,0,,,,
ZUESTA,2009,6,28,10,21.5,,,,,,,,950.6,,1.9,,908,1129.2,149.8,0,0,0,0,,,,
ZUESTA,2009,6,28,11,22.6,,,,,,,,950.3,,2,,852,905.5,140.6,0,0,0,0,,,,
ZUESTA,2009,6,28,12,23.3,,,,,,,,950.3,,2.1,,894,860.8,148.3,0,0,0,0,,,,
ZUESTA,2009,6,28,13,24,,,,,,,,950.3,,1.4,,871,760.7,180.5,0,0,0,0,,,,
ZUESTA,2009,6,28,14,24.4,,,,,,,,950.1,,1.4,,752,514.3,285.4,0,0,0,0,,,,
ZUESTA,2009,6,28,15,24.3,,,,,,,,950,,1.2,,511,140.8,389.2,0,0,0,0,,,,
ZUESTA,2009,6,28,16,24.8,,,,,,,,950,,1.5,,466,145.3,352.3,0,0,0,0,,,,
ZUESTA,2009,6,28,17,24.1,,,,,,,,950,,1.5,,264,20.1,250.5,0,0,0,0,,,,
ZUESTA,2009,6,28,18,22.6,,,,,,,,950.2,,1.6,,108,2.9,106.5,0,0,0,0,,,,
ZUESTA,2009,6,28,19,20.9,,,,,,,,950.7,,1.7,,10,0,10,0,0,0,0,,,,
ZUESTA,2009,6,28,20,20.1,,,,,,,,951.2,,1.7,,0,0,0,0,0,0,0,,,,
ZUESTA,2009,6,28,21,19.7,,,,,,,,951.2,,2.2,,0,0,0,0,0,0,0,,,,
ZUESTA,2009,6,28,22,19.5,,,,,,,,951.4,,2.3,,0,0,0,0,0,0,0,,,,
ZUESTA,2009,6,28,23,19.2,,,,,,,,951.6,,2.3,,0,0,0,0,0,0,0,,,,
ZUESTA,2009,6,29,0,19.1,,,,,,,,951.8,,2.9,,0,0,0,0,0,0,0,,,,
ZUESTA,2009,6,29,1,18.5,,,,,,,,951.7,,0.6,,0,0,0,0,0,0,0,,,,
ZUESTA,2009,6,29,2,17.8,,,,,,,,951.9,,0.4,,0,0,0,0,0,0,0,,,,
ZUESTA,2009,6,29,3,16.8,,,,,,,,951.9,,0.5,,1,0,0,0,0,0,0,,,,
ZUESTA,2009,6,29,4,16.5,,,,,,,,952.1,,1.6,,28,0,0,0,0,0,0,,,,
ZUESTA,2009,6,29,5,17.3,,,,,,,,952.3,,0.8,,160,0,0,0,0,0,0,,,,
ZUESTA,2009,6,29,6,18.5,,,,,,,,952.5,,0.9,,323,4684.6,53.3,0,0,0,0,,,,
ZUESTA,2009,6,29,7,19.8,,,,,,,,952.6,,1.1,,505,1989.5,83.3,0,0,0,0,,,,
ZUESTA,2009,6,29,8,21.3,,,,,,,,952.6,,1.6,,645,1441,106.4,0,0,0,0,,,,
ZUESTA,2009,6,29,9,22.9,,,,,,,,952.6,,2.3,,776,1222,128,0,0,0,0,,,,
ZUESTA,2009,6,29,10,23.9,,,,,,,,952.7,,2.3,,855,1064.7,141.1,0,0,0,0,,,,
ZUESTA,2009,6,29,11,24.7,,,,,,,,952.5,,2,,933,992.5,153.9,0,0,0,0,,,,
ZUESTA,2009,6,29,12,25.6,,,,,,,,952.3,,1.9,,937,903.8,154.6,0,0,0,0,,,,
ZUESTA,2009,6,29,13,25.9,,,,,,,,952.3,,1.7,,776,565.9,262.5,0,0,0,0,,,,
ZUESTA,2009,6,29,14,25.6,,,,,,,,952.2,,1.9,,532,136.3,408.4,0,0,0,0,,,,
ZUESTA,2009,6,29,15,25.1,,,,,,,,952.3,,2.3,,484,110.6,388.4,0,0,0,0,,,,
ZUESTA,2009,6,29,16,25.2,,,,,,,,952.3,,2,,463,141.3,352.4,0,0,0,0,,,,
ZUESTA,2009,6,29,17,24.7,,,,,,,,952.5,,1.4,,276,25.2,259.2,0,0,0,0,,,,
ZUESTA,2009,6,29,18,22.9,,,,,,,,952.7,,1.5,,25,0.2,24.9,0,0,0,0,,,,
ZUESTA,2009,6,29,19,21.3,,,,,,,,953,,1.3,,9,0,9,0,0,0,0,,,,
ZUESTA,2009,6,29,20,20.4,,,,,,,,953.7,,1.9,,0,0,0,0,0,0,0,,,,
ZUESTA,2009,6,29,21,20.2,,,,,,,,953.9,,2.1,,0,0,0,0,0,0,0,,,,
ZUESTA,2009,6,29,22,19.6,,,,,,,,953.9,,2.2,,0,0,0,0,0,0,0,,,,
ZUESTA,2009,6,29,23,18.9,,,,,,,,954,,1.9,,0,0,0,0,0,0,0,,,,
ZUESTA,2009,6,30,0,18.4,,,,,,,,954.1,,1.1,,0,0,0,0,0,0,0,,,,
ZUESTA,2009,6,30,1,17.7,,,,,,,,954.2,,0.8,,0,0,0,0,0,0,0,,,,
ZUESTA,2009,6,30,2,17.1,,,,,,,,954.1,,1.3,,0,0,0,0,0,0,0,,,,
ZUESTA,2009,6,30,3,16.9,,,,,,,,954,,1.6,,1,0,0,0,0,0,0,,,,
ZUESTA,2009,6,30,4,17,,,,,,,,954.2,,1.2,,30,0,0,0,0,0,0,,,,
ZUESTA,2009,6,30,5,17.7,,,,,,,,954.4,,0.9,,161,0,0,0,0,0,0,,,,
ZUESTA,2009,6,30,6,18.9,,,,,,,,954.7,,0.5,,320,4742.2,52.8,0,0,0,0,,,,
ZUESTA,2009,6,30,7,20.2,,,,,,,,955,,1.3,,495,1961.7,81.7,0,0,0,0,,,,
ZUESTA,2009,6,30,8,21.8,,,,,,,,955.1,,1.3,,652,1461.3,107.6,0,0,0,0,,,,
ZUESTA,2009,6,30,9,23.3,,,,,,,,955,,1.4,,779,1229.3,128.5,0,0,0,0,,,,
ZUESTA,2009,6,30,10,24.7,,,,,,,,954.9,,1.9,,884,1102.4,145.9,0,0,0,0,,,,
ZUESTA,2009,6,30,11,25.5,,,,,,,,954.8,,2.5,,932,992.5,153.8,0,0,0,0,,,,
ZUESTA,2009,6,30,12,25.9,,,,,,,,954.5,,1.9,,801,701.7,194,0,0,0,0,,,,
ZUESTA,2009,6,30,13,26.1,,,,,,,,954.3,,2,,802,623,237.1,0,0,0,0,,,,
ZUESTA,2009,6,30,14,26.3,,,,,,,,954.2,,1.7,,649,309.1,368.8,0,0,0,0,,,,
ZUESTA,2009,6,30,15,26.5,,,,,,,,954.2,,2,,647,364.6,331.9,0,0,0,0,,,,
ZUESTA,2009,6,30,16,26.3,,,,,,,,954.1,,1.8,,497,191.7,347,0,0,0,0,,,,
ZUESTA,2009,6,30,17,25.7,,,,,,,,954.3,,1.8,,289,31.9,267.7,0,0,0,0,,,,
ZUESTA,2009,6,30,18,24.4,,,,,,,,954.5,,1.7,,117,3.4,115.2,0,0,0,0,,,,
ZUESTA,2009,6,30,19,22.7,,,,,,,,954.9,,2.5,,12,0.1,12,0,0,0,0,,,,
ZUESTA,2009,6,30,20,21.3,,,,,,,,955.2,,1.6,,0,0,0,0,0,0,0,,,,
ZUESTA,2009,6,30,21,19.8,,,,,,,,955.5,,1.2,,0,0,0,0,0,0,0,,,,
ZUESTA,2009,6,30,22,19.3,,,,,,,,955.8,,1,,0,0,0,0,0,0,0,,,,
ZUESTA,2009,6,30,23,18.7,,,,,,,,956,,0.9,,0,0,0,0,0,0,0,,,,
ZUESTA,2009,7,1,0,18.3,,,,,,,,956.1,,1.3,,0,0,0,0,0,0,0,,,,
ZUESTA,2009,7,1,1,18.1,,,,,,,,955.9,,1.4,,0,0,0,0,0,0,0,,,,
ZUESTA,2009,7,1,2,17.9,,,,,,,,955.5,,1,,0,0,0,0,0,0,0,,,,
ZUESTA,2009,7,1,3,17.7,,,,,,,,955.3,,0.6,,1,0,0,0,0,0,0,,,,
ZUESTA,2009,7,1,4,17.3,,,,,,,,955.3,,0.5,,29,0,0,0,0,0,0,,,,
ZUESTA,2009,7,1,5,17.9,,,,,,,,955.6,,0.4,,156,0,0,0,0,0,0,,,,
ZUESTA,2009,7,1,6,19.4,,,,,,,,955.8,,0.7,,315,4778.7,52,0,0,0,0,,,,
ZUESTA,2009,7,1,7,20.5,,,,,,,,956,,1.2,,481,1918.2,79.4,0,0,0,0,,,,
ZUESTA,2009,7,1,8,22,,,,,,,,955.9,,1.1,,643,1446,106.1,0,0,0,0,,,,
ZUESTA,2009,7,1,9,23.9,,,,,,,,955.8,,1.6,,776,1227.2,128,0,0,0,0,,,,
ZUESTA,2009,7,1,10,25.1,,,,,,,,955.5,,1.8,,870,1086.6,143.6,0,0,0,0,,,,
ZUESTA,2009,7,1,11,25.8,,,,,,,,955.4,,1.8,,971,1035.1,160.2,0,0,0,0,,,,
ZUESTA,2009,7,1,12,26.5,,,,,,,,954.9,,1.9,,892,860.8,147.9,0,0,0,0,,,,
ZUESTA,2009,7,1,13,27,,,,,,,,954.4,,1.8,,753,518.3,283.3,0,0,0,0,,,,
ZUESTA,2009,7,1,14,26.2,,,,,,,,954.4,,2,,450,63,392.9,0,0,0,0,,,,
ZUESTA,2009,7,1,15,25.5,,,,,,,,954.3,,2.2,,244,5.4,239.3,0,0,0,0,,,,
ZUESTA,2009,7,1,16,24.7,,,,,,,,954.3,,1.8,,274,11.3,265.2,0,0,0,0,,,,
ZUESTA,2009,7,1,17,24,,,,,,,,954.3,,1.8,,191,5.6,187.3,0,0,0,0,,,,
ZUESTA,2009,7,1,18,23.2,,,,,,,,954.5,,2.2,,77,1.5,76.2,0,0,0,0,,,,
ZUESTA,2009,7,1,19,21.6,,,,,,,,954.8,,1.5,,11,0.1,11,0,0,0,0,,,,
ZUESTA,2009,7,1,20,20.4,,,,,,,,955.1,,2,,0,0,0,0,0,0,0,,,,
ZUESTA,2009,7,1,21,19.5,,,,,,,,955,,1.4,,0,0,0,0,0,0,0,,,,
ZUESTA,2009,7,1,22,18.8,,,,,,,,955.2,,1.1,,0,0,0,0,0,0,0,,,,
ZUESTA,2009,7,1,23,18.5,,,,,,,,955,,0.8,,0,0,0,0,0,0,0,,,,
ZUESTA,2009,7,2,0,18,,,,,,,,954.7,,0.8,,0,0,0,0,0,0,0,,,,
ZUESTA,2009,7,2,1,17.6,,,,,,,,954.4,,0.6,,0,0,0,0,0,0,0,,,,
ZUESTA,2009,7,2,2,17.3,,,,,,,,954.1,,0.7,,0,0,0,0,0,0,0,,,,
ZUESTA,2009,7,2,3,17.2,,,,,,,,954.1,,0.5,,1,0,0,0,0,0,0,,,,
ZUESTA,2009,7,2,4,17.2,,,,,,,,954.1,,0.6,,29,0,0,0,0,0,0,,,,
ZUESTA,2009,7,2,5,17.7,,,,,,,,954.2,,0.5,,154,0,0,0,0,0,0,,,,
ZUESTA,2009,7,2,6,18.9,,,,,,,,954.2,,0.5,,310,4823.6,51.2,0,0,0,0,,,,
ZUESTA,2009,7,2,7,20.2,,,,,,,,954.2,,0.7,,452,1814.6,74.6,0,0,0,0,,,,
ZUESTA,2009,7,2,8,21.8,,,,,,,,954,,1.5,,645,1455.6,106.4,0,0,0,0,,,,
ZUESTA,2009,7,2,9,23.6,,,,,,,,953.8,,1.2,,763,1209.4,125.9,0,0,0,0,,,,
ZUESTA,2009,7,2,10,25,,,,,,,,953.6,,2,,867,1084.6,143.1,0,0,0,0,,,,
ZUESTA,2009,7,2,11,25.7,,,,,,,,953.1,,1.7,,891,950.9,147,0,0,0,0,,,,
ZUESTA,2009,7,2,12,26.4,,,,,,,,952.5,,1.5,,950,918.5,156.8,0,0,0,0,,,,
ZUESTA,2009,7,2,13,26.4,,,,,,,,952.2,,1.2,,586,207.2,398.3,0,0,0,0,,,,
ZUESTA,2009,7,2,14,26.4,,,,,,,,951.9,,1.7,,488,92.8,404,0,0,0,0,,,,
ZUESTA,2009,7,2,15,26.1,,,,,,,,951.4,,1.5,,366,28.6,341.3,0,0,0,0,,,,
ZUESTA,2009,7,2,16,26.8,,,,,,,,951.2,,1.8,,425,96.5,349.6,0,0,0,0,,,,
ZUESTA,2009,7,2,17,25.2,,,,,,,,951.4,,2.8,,258,18.1,246,0,0,0,0,,,,
ZUESTA,2009,7,2,18,23.7,,,,,,,,951.4,,2,,54,0.7,53.6,0,0,0,0,,,,
ZUESTA,2009,7,2,19,22.6,,,,,,,,951.5,,2.1,,15,0.1,15,0,0,0,0,,,,
ZUESTA,2009,7,2,20,21.4,,,,,,,,951.9,,2,,0,0,0,0,0,0,0,,,,
ZUESTA,2009,7,2,21,20.6,,,,,,,,952,,0.7,,0,0,0,0,0,0,0,,,,
ZUESTA,2009,7,2,22,20.1,,,,,,,,951.9,,0.5,,0,0,0,0,0,0,0,,,,
ZUESTA,2009,7,2,23,19.9,,,,,,,,951.6,,0.4,,0,0,0,0,0,0,0,,,,
ZUESTA,2009,7,3,0,19.6,,,,,,,,951.1,,1,,0,0,0,0,0,0,0,,,,
ZUESTA,2009,7,3,1,19.2,,,,,,,,950.8,,0.8,,0,0,0,0,0,0,0,,,,
ZUESTA,2009,7,3,2,18.3,,,,,,,,950.8,,0.7,,0,0,0,0,0,0,0,,,,
ZUESTA,2009,7,3,3,18.1,,,,,,,,951.1,,0.4,,2,0,0,0,0,0,0,,,,
ZUESTA,2009,7,3,4,18.6,,,,,,,,951.3,,0.9,,31,0,0,0,0,0,0,,,,
ZUESTA,2009,7,3,5,19.4,,,,,,,,951.4,,2.1,,112,0,0,0,0,0,0,,,,
ZUESTA,2009,7,3,6,19.6,,,,,,,,951.8,,1.7,,127,0,0,0,0,0,0,,,,
ZUESTA,2009,7,3,7,19.2,,,,,,,,952.1,,1.3,,91,34.8,83.8,0,0,0,0,,,,
ZUESTA,2009,7,3,8,20.1,,,,,,,,952.3,,3.3,,517,1171.1,85.3,0,0,0,0,,,,
ZUESTA,2009,7,3,9,21.3,,,,,,,,952.3,,4,,749,1190,123.6,0,0,0,0,,,,
ZUESTA,2009,7,3,10,22.9,,,,,,,,952,,3.8,,883,1106.4,145.7,0,0,0,0,,,,
ZUESTA,2009,7,3,11,24,,,,,,,,951.6,,2.7,,833,890.1,137.4,0,0,0,0,,,,
ZUESTA,2009,7,3,12,24.7,,,,,,,,951.1,,3.8,,732,552.5,255.3,0,0,0,0,,,,
ZUESTA,2009,7,3,13,24,,,,,,,,951.2,,3,,503,107,406.2,0,0,0,0,,,,
ZUESTA,2009,7,3,14,23.5,,,,,,,,950.8,,2.9,,385,29.2,358.6,0,0,0,0,,,,
ZUESTA,2009,7,3,15,23.8,,,,,,,,950.7,,2.7,,489,116.8,388.2,0,0,0,0,,,,
ZUESTA,2009,7,3,16,22.7,,,,,,,,950.8,,1.6,,106,1.3,105,0,0,0,0,,,,
ZUESTA,2009,7,3,17,20,,,,,,,,951.2,,3.2,,78,0.9,77.4,0,0,0,0,,,,
ZUESTA,2009,7,3,18,18.9,,,,,,,,951.2,,0.6,,58,0.8,57.6,0,0,0,0,,,,
ZUESTA,2009,7,3,19,18.4,,,,,,,,951,,0.5,,15,0.1,15,0,0,0,0,,,,
ZUESTA,2009,7,3,20,18,,,,,,,,951.5,,0.3,,0,0,0,0,0,0,0,,,,
ZUESTA,2009,7,3,21,17.8,,,,,,,,951.5,,0.4,,0,0,0,0,0,0,0,,,,
ZUESTA,2009,7,3,22,17.6,,,,,,,,951.4,,0.6,,0,0,0,0,0,0,0,,,,
ZUESTA,2009,7,3,23,17.4,,,,,,,,951.2,,0.4,,0,0,0,0,0,0,0,,,,
ZUESTA,2009,7,4,0,17.1,,,,,,,,950.9,,0.8,,0,0,0,0,0,0,0,,,,
ZUESTA,2009,7,4,1,17.3,,,,,,,,950.6,,0.3,,0,0,0,0,0,0,0,,,,
ZUESTA,2009,7,4,2,17.3,,,,,,,,950.4,,0.8,,0,0,0,0,0,0,0,,,,
ZUESTA,2009,7,4,3,16.7,,,,,,,,950.4,,0.3,,1,0,0,0,0,0,0,,,,
ZUESTA,2009,7,4,4,17.2,,,,,,,,950.4,,0.4,,16,0,0,0,0,0,0,,,,
ZUESTA,2009,7,4,5,17.4,,,,,,,,950.4,,0.4,,69,0,0,0,0,0,0,,,,
ZUESTA,2009,7,4,6,18,,,,,,,,950.4,,0.5,,324,0,0,0,0,0,0,,,,
ZUESTA,2009,7,4,7,19.3,,,,,,,,950.3,,0.6,,477,1943,78.7,0,0,0,0,,,,
ZUESTA,2009,7,4,8,21.2,,,,,,,,950.2,,1.6,,666,1514.5,109.9,0,0,0,0,,,,
ZUESTA,2009,7,4,9,22.7,,,,,,,,950,,1.5,,794,1264.6,131,0,0,0,0,,,,
ZUESTA,2009,7,4,10,23.8,,,,,,,,949.9,,1.7,,872,1094.5,143.9,0,0,0,0,,,,
ZUESTA,2009,7,4,11,25,,,,,,,,949.5,,1.5,,944,1010,155.8,0,0,0,0,,,,
ZUESTA,2009,7,4,12,25.7,,,,,,,,948.9,,1.2,,935,905.7,154.3,0,0,0,0,,,,
ZUESTA,2009,7,4,13,26.4,,,,,,,,948.3,,1.5,,867,759.6,180.1,0,0,0,0,,,,
ZUESTA,2009,7,4,14,26.7,,,,,,,,947.9,,1.9,,750,515,284.2,0,0,0,0,,,,
ZUESTA,2009,7,4,15,25.6,,,,,,,,948,,2.7,,455,84,382.5,0,0,0,0,,,,
ZUESTA,2009,7,4,16,25.6,,,,,,,,947.8,,2.4,,488,178.8,348.3,0,0,0,0,,,,
ZUESTA,2009,7,4,17,24.7,,,,,,,,948,,1.5,,164,4.1,161.2,0,0,0,0,,,,
ZUESTA,2009,7,4,18,22.6,,,,,,,,948.5,,2.6,,26,0.2,25.9,0,0,0,0,,,,
ZUESTA,2009,7,4,19,21,,,,,,,,949.2,,2.3,,4,0,4,0,0,0,0,,,,
ZUESTA,2009,7,4,20,19.8,,,,,,,,949.7,,2.6,,0,0,0,0,0,0,0,,,,
ZUESTA,2009,7,4,21,19,,,,,,,,949.9,,1.8,,0,0,0,0,0,0,0,,,,
ZUESTA,2009,7,4,22,18.6,,,,,,,,949.6,,0.9,,0,0,0,0,0,0,0,,,,
ZUESTA,2009,7,4,23,18.1,,,,,,,,949.4,,1.8,,0,0,0,0,0,0,0,,,,
ZUESTA,2009,7,5,0,17.2,,,,,,,,949.1,,0.9,,0,0,0,0,0,0,0,,,,
ZUESTA,2009,7,5,1,16.9,,,,,,,,949,,0.7,,0,0,0,0,0,0,0,,,,
ZUESTA,2009,7,5,2,17.1,,,,,,,,948.7,,0.9,,0,0,0,0,0,0,0,,,,
ZUESTA,2009,7,5,3,16.5,,,,,,,,948.6,,0.6,,1,0,0,0,0,0,0,,,,
ZUESTA,2009,7,5,4,16.5,,,,,,,,948.5,,1,,26,0,0,0,0,0,0,,,,
ZUESTA,2009,7,5,5,16.7,,,,,,,,948.3,,0.6,,166,0,0,0,0,0,0,,,,
ZUESTA,2009,7,5,6,17.7,,,,,,,,948.4,,1,,326,0,0,0,0,0,0,,,,
ZUESTA,2009,7,5,7,19.1,,,,,,,,948.7,,0.6,,521,2138.9,86,0,0,0,0,,,,
ZUESTA,2009,7,5,8,21.3,,,,,,,,948.4,,0.8,,663,1513.9,109.4,0,0,0,0,,,,
ZUESTA,2009,7,5,9,23,,,,,,,,948.3,,1.1,,862,1376.5,142.2,0,0,0,0,,,,
ZUESTA,2009,7,5,10,23.7,,,,,,,,948,,1.5,,903,1135.5,149,0,0,0,0,,,,
ZUESTA,2009,7,5,11,24.7,,,,,,,,947.4,,1.5,,747,759.1,155.4,0,0,0,0,,,,
ZUESTA,2009,7,5,12,25.6,,,,,,,,946.9,,1.8,,793,692.5,196.7,0,0,0,0,,,,
ZUESTA,2009,7,5,13,25.5,,,,,,,,946.5,,1.1,,528,134,406.9,0,0,0,0,,,,
ZUESTA,2009,7,5,14,26,,,,,,,,946.2,,2.2,,639,294.6,372.7,0,0,0,0,,,,
ZUESTA,2009,7,5,15,26,,,,,,,,945.9,,1.9,,577,237.8,372,0,0,0,0,,,,
ZUESTA,2009,7,5,16,25.3,,,,,,,,945.9,,2.2,,292,15.3,280,0,0,0,0,,,,
ZUESTA,2009,7,5,17,23.3,,,,,,,,946.1,,2.2,,159,3.9,156.4,0,0,0,0,,,,
ZUESTA,2009,7,5,18,21.2,,,,,,,,946.4,,2.6,,29,0.2,28.9,0,0,0,0,,,,
ZUESTA,2009,7,5,19,17.9,,,,,,,,947.7,,1.7,,0,0,0,0,0,0,0,,,,
ZUESTA,2009,7,5,20,17,,,,,,,,947.9,,1.1,,0,0,0,0,0,0,0,,,,
ZUESTA,2009,7,5,21,16.3,,,,,,,,948,,1.1,,0,0,0,0,0,0,0,,,,
ZUESTA,2009,7,5,22,16.5,,,,,,,,947.9,,0.4,,0,0,0,0,0,0,0,,,,
ZUESTA,2009,7,5,23,16.7,,,,,,,,947.9,,0.4,,0,0,0,0,0,0,0,,,,
ZUESTA,2009,7,6,0,16.8,,,,,,,,947.7,,1.1,,0,0,0,0,0,0,0,,,,
ZUESTA,2009,7,6,1,16.9,,,,,,,,947.6,,1.1,,0,0,0,0,0,0,0,,,,
ZUESTA,2009,7,6,2,16.7,,,,,,,,947.6,,2.5,,0,0,0,0,0,0,0,,,,
ZUESTA,2009,7,6,3,16.7,,,,,,,,947.4,,0.9,,0,0,0,0,0,0,0,,,,
ZUESTA,2009,7,6,4,16.8,,,,,,,,947.6,,1.3,,7,0,0,0,0,0,0,,,,
ZUESTA,2009,7,6,5,16.8,,,,,,,,947.5,,1.8,,48,0,0,0,0,0,0,,,,
ZUESTA,2009,7,6,6,17,,,,,,,,947.9,,1.9,,60,0,0,0,0,0,0,,,,
ZUESTA,2009,7,6,7,17.3,,,,,,,,948.2,,1.8,,71,11.5,68.7,0,0,0,0,,,,
ZUESTA,2009,7,6,8,18.1,,,,,,,,948.3,,2.7,,249,258.9,154.7,0,0,0,0,,,,
ZUESTA,2009,7,6,9,19.4,,,,,,,,948.3,,2.2,,391,366.6,199.8,0,0,0,0,,,,
ZUESTA,2009,7,6,10,18.6,,,,,,,,948.4,,2.4,,116,2.1,114.6,0,0,0,0,,,,
ZUESTA,2009,7,6,11,18.8,,,,,,,,948.3,,0.7,,361,45.1,325.9,0,0,0,0,,,,
ZUESTA,2009,7,6,12,17.1,,,,,,,,947.9,,2.4,,163,2.4,160.9,0,0,0,0,,,,
ZUESTA,2009,7,6,13,20,,,,,,,,947.5,,0.8,,614,253.5,385.2,0,0,0,0,,,,
ZUESTA,2009,7,6,14,21.8,,,,,,,,947.1,,1.7,,721,455.4,309.7,0,0,0,0,,,,
ZUESTA,2009,7,6,15,22.8,,,,,,,,946.8,,2.1,,537,177.3,384.2,0,0,0,0,,,,
ZUESTA,2009,7,6,16,22.7,,,,,,,,946.5,,1.5,,382,58.8,336.2,0,0,0,0,,,,
ZUESTA,2009,7,6,17,22.7,,,,,,,,946.3,,1.8,,266,21.3,251.8,0,0,0,0,,,,
ZUESTA,2009,7,6,18,21.4,,,,,,,,946.4,,1.6,,82,1.7,81.1,0,0,0,0,,,,
ZUESTA,2009,7,6,19,19.7,,,,,,,,946.6,,0.7,,7,0,7,0,0,0,0,,,,
ZUESTA,2009,7,6,20,19.3,,,,,,,,947,,0.9,,0,0,0,0,0,0,0,,,,
ZUESTA,2009,7,6,21,19.1,,,,,,,,947.3,,1.6,,0,0,0,0,0,0,0,,,,
ZUESTA,2009,7,6,22,18.5,,,,,,,,947.8,,2.2,,0,0,0,0,0,0,0,,,,
ZUESTA,2009,7,6,23,17.4,,,,,,,,948,,1.5,,0,0,0,0,0,0,0,,,,
ZUESTA,2009,7,7,0,16.3,,,,,,,,947.9,,0.8,,0,0,0,0,0,0,0,,,,
ZUESTA,2009,7,7,1,15.1,,,,,,,,947.5,,0.6,,0,0,0,0,0,0,0,,,,
ZUESTA,2009,7,7,2,14.8,,,,,,,,947.4,,0.6,,0,0,0,0,0,0,0,,,,
ZUESTA,2009,7,7,3,14.9,,,,,,,,947,,0.6,,0,0,0,0,0,0,0,,,,
ZUESTA,2009,7,7,4,15.6,,,,,,,,946.8,,0.4,,27,0,0,0,0,0,0,,,,
ZUESTA,2009,7,7,5,16.2,,,,,,,,947,,0.8,,41,0,0,0,0,0,0,,,,
ZUESTA,2009,7,7,6,16.1,,,,,,,,947.4,,2.8,,85,0,0,0,0,0,0,,,,
ZUESTA,2009,7,7,7,14.8,,,,,,,,947.8,,4.4,,54,5,53,0,0,0,0,,,,
ZUESTA,2009,7,7,8,13.6,,,,,,,,948.3,,2,,58,1.7,57.4,0,0,0,0,,,,
ZUESTA,2009,7,7,9,14.1,,,,,,,,948.4,,1.9,,114,3.3,112.3,0,0,0,0,,,,
ZUESTA,2009,7,7,10,14.7,,,,,,,,948.3,,1.7,,206,7.1,201.3,0,0,0,0,,,,
ZUESTA,2009,7,7,11,15.2,,,,,,,,947.9,,1.7,,251,8.1,244.7,0,0,0,0,,,,
ZUESTA,2009,7,7,12,15.4,,,,,,,,947.3,,1.5,,144,1.9,142.4,0,0,0,0,,,,
ZUESTA,2009,7,7,13,16.8,,,,,,,,946.7,,2.7,,405,38.3,370.4,0,0,0,0,,,,
ZUESTA,2009,7,7,14,17.5,,,,,,,,946.3,,2.9,,493,98.8,403.8,0,0,0,0,,,,
ZUESTA,2009,7,7,15,16.9,,,,,,,,946,,2.8,,360,26.8,337,0,0,0,0,,,,
ZUESTA,2009,7,7,16,15.6,,,,,,,,946.2,,3.5,,206,4.8,202.3,0,0,0,0,,,,
ZUESTA,2009,7,7,17,15.1,,,,,,,,946.9,,2.8,,243,13.7,233.9,0,0,0,0,,,,
ZUESTA,2009,7,7,18,14.3,,,,,,,,947.3,,1.9,,39,0.4,38.8,0,0,0,0,,,,
ZUESTA,2009,7,7,19,14.1,,,,,,,,947.9,,2.6,,7,0,7,0,0,0,0,,,,
ZUESTA,2009,7,7,20,14.2,,,,,,,,948.6,,3.6,,0,0,0,0,0,0,0,,,,
ZUESTA,2009,7,7,21,14.4,,,,,,,,948.7,,4.1,,0,0,0,0,0,0,0,,,,
ZUESTA,2009,7,7,22,14.4,,,,,,,,948.7,,3,,0,0,0,0,0,0,0,,,,
ZUESTA,2009,7,7,23,14.3,,,,,,,,948.6,,3.6,,0,0,0,0,0,0,0,,,,
ZUESTA,2009,7,8,0,13.2,,,,,,,,948.5,,3.3,,0,0,0,0,0,0,0,,,,
ZUESTA,2009,7,8,1,13.2,,,,,,,,948.6,,2.9,,0,0,0,0,0,0,0,,,,
ZUESTA,2009,7,8,2,13.4,,,,,,,,948.5,,5.4,,0,0,0,0,0,0,0,,,,
ZUESTA,2009,7,8,3,12.7,,,,,,,,948.8,,4.2,,0,0,0,0,0,0,0,,,,
ZUESTA,2009,7,8,4,12.3,,,,,,,,949.1,,5.8,,19,0,0,0,0,0,0,,,,
ZUESTA,2009,7,8,5,12,,,,,,,,949.5,,5,,46,0,0,0,0,0,0,,,,
ZUESTA,2009,7,8,6,12.2,,,,,,,,949.9,,5,,94,0,0,0,0,0,0,,,,
ZUESTA,2009,7,8,7,13.8,,,,,,,,950.2,,4.6,,311,1310.2,51.3,0,0,0,0,,,,
ZUESTA,2009,7,8,8,14,,,,,,,,950.5,,4.7,,217,152,162.2,0,0,0,0,,,,
ZUESTA,2009,7,8,9,15.1,,,,,,,,950.6,,5.2,,317,163.2,232.4,0,0,0,0,,,,
ZUESTA,2009,7,8,10,16.3,,,,,,,,950.8,,6.7,,760,961.4,125.4,0,0,0,0,,,,
ZUESTA,2009,7,8,11,18.1,,,,,,,,950.7,,6.2,,860,925.4,141.9,0,0,0,0,,,,
ZUESTA,2009,7,8,12,17,,,,,,,,950.7,,5.5,,382,36.7,350.5,0,0,0,0,,,,
ZUESTA,2009,7,8,13,18.6,,,,,,,,950.4,,5,,701,417.4,324.9,0,0,0,0,,,,
ZUESTA,2009,7,8,14,17.9,,,,,,,,950.5,,6,,606,241.7,388.1,0,0,0,0,,,,
ZUESTA,2009,7,8,15,17.4,,,,,,,,950.8,,4.8,,370,30.9,343.4,0,0,0,0,,,,
ZUESTA,2009,7,8,16,16.5,,,,,,,,950.9,,4.2,,262,9.4,254.6,0,0,0,0,,,,
ZUESTA,2009,7,8,17,13.8,,,,,,,,951.6,,2.7,,44,0.3,43.8,0,0,0,0,,,,
ZUESTA,2009,7,8,18,13.1,,,,,,,,951.9,,2.1,,19,0.1,19,0,0,0,0,,,,
ZUESTA,2009,7,8,19,13.3,,,,,,,,952.1,,1.1,,11,0.1,11,0,0,0,0,,,,
ZUESTA,2009,7,8,20,13.3,,,,,,,,952.7,,1.2,,0,0,0,0,0,0,0,,,,
ZUESTA,2009,7,8,21,13.3,,,,,,,,953.1,,0.7,,0,0,0,0,0,0,0,,,,
ZUESTA,2009,7,8,22,13.3,,,,,,,,953.2,,1.1,,0,0,0,0,0,0,0,,,,
ZUESTA,2009,7,8,23,12.9,,,,,,,,953.4,,1.5,,0,0,0,0,0,0,0,,,,
ZUESTA,2009,7,9,0,12,,,,,,,,953,,1.7,,0,0,0,0,0,0,0,,,,
ZUESTA,2009,7,9,1,11.9,,,,,,,,952.8,,1.3,,0,0,0,0,0,0,0,,,,
ZUESTA,2009,7,9,2,11.8,,,,,,,,952.8,,1.9,,0,0,0,0,0,0,0,,,,
ZUESTA,2009,7,9,3,11.5,,,,,,,,952.5,,1.3,,0,0,0,0,0,0,0,,,,
ZUESTA,2009,7,9,4,11.4,,,,,,,,952.5,,0.7,,13,0,0,0,0,0,0,,,,
ZUESTA,2009,7,9,5,12,,,,,,,,952.7,,0.9,,57,0,0,0,0,0,0,,,,
ZUESTA,2009,7,9,6,13,,,,,,,,952.8,,0.9,,176,0,0,0,0,0,0,,,,
ZUESTA,2009,7,9,7,13.3,,,,,,,,952.9,,0.6,,174,626.4,51,0,0,0,0,,,,
ZUESTA,2009,7,9,8,15,,,,,,,,952.9,,2.2,,554,1288.2,91.4,0,0,0,0,,,,
ZUESTA,2009,7,9,9,17,,,,,,,,952.8,,3.3,,702,1134,115.8,0,0,0,0,,,,
ZUESTA,2009,7,9,10,17,,,,,,,,952.6,,2.7,,479,327.7,263.2,0,0,0,0,,,,
ZUESTA,2009,7,9,11,14.8,,,,,,,,952.5,,2.5,,233,6.4,228.1,0,0,0,0,,,,
ZUESTA,2009,7,9,12,15.3,,,,,,,,952.3,,3.4,,337,19.6,320.2,0,0,0,0,,,,
ZUESTA,2009,7,9,13,16,,,,,,,,952.3,,3.7,,329,13.7,316.7,0,0,0,0,,,,
ZUESTA,2009,7,9,14,15.3,,,,,,,,952.4,,4,,220,4.1,216.3,0,0,0,0,,,,
ZUESTA,2009,7,9,15,17,,,,,,,,952,,2.2,,567,224.4,374.1,0,0,0,0,,,,
ZUESTA,2009,7,9,16,17.2,,,,,,,,951.7,,2.3,,291,15.3,279.1,0,0,0,0,,,,
ZUESTA,2009,7,9,17,14.6,,,,,,,,952.1,,2.9,,64,0.6,63.6,0,0,0,0,,,,
ZUESTA,2009,7,9,18,13.8,,,,,,,,952,,0.6,,29,0.2,28.9,0,0,0,0,,,,
ZUESTA,2009,7,9,19,14.2,,,,,,,,952.2,,1.1,,8,0,8,0,0,0,0,,,,
ZUESTA,2009,7,9,20,14.6,,,,,,,,952.8,,2.6,,0,0,0,0,0,0,0,,,,
ZUESTA,2009,7,9,21,14.2,,,,,,,,952.8,,1.6,,0,0,0,0,0,0,0,,,,
ZUESTA,2009,7,9,22,13.8,,,,,,,,952.9,,1.4,,0,0,0,0,0,0,0,,,,
ZUESTA,2009,7,9,23,14,,,,,,,,953,,2.2,,0,0,0,0,0,0,0,,,,
ZUESTA,2009,7,10,0,13.8,,,,,,,,952.8,,2.2,,0,0,0,0,0,0,0,,,,
ZUESTA,2009,7,10,1,13.5,,,,,,,,952.7,,2.2,,0,0,0,0,0,0,0,,,,
ZUESTA,2009,7,10,2,13.3,,,,,,,,952.7,,2.5,,0,0,0,0,0,0,0,,,,
ZUESTA,2009,7,10,3,13.3,,,,,,,,952.7,,2.3,,0,0,0,0,0,0,0,,,,
ZUESTA,2009,7,10,4,13.1,,,,,,,,952.7,,1.9,,13,0,0,0,0,0,0,,,,
ZUESTA,2009,7,10,5,13.2,,,,,,,,952.8,,2.1,,48,0,0,0,0,0,0,,,,
ZUESTA,2009,7,10,6,13.6,,,,,,,,953,,2.5,,149,0,0,0,0,0,0,,,,
ZUESTA,2009,7,10,7,14.1,,,,,,,,953.3,,2.3,,271,1163.9,44.7,0,0,0,0,,,,
ZUESTA,2009,7,10,8,15,,,,,,,,953.2,,2.7,,417,974.5,68.8,0,0,0,0,,,,
ZUESTA,2009,7,10,9,15.9,,,,,,,,953.3,,3.4,,439,559.4,150.8,0,0,0,0,,,,
ZUESTA,2009,7,10,10,16.7,,,,,,,,953,,3.5,,498,380.5,247.9,0,0,0,0,,,,
ZUESTA,2009,7,10,11,16.4,,,,,,,,953,,4.1,,226,5.9,221.4,0,0,0,0,,,,
ZUESTA,2009,7,10,12,17.1,,,,,,,,952.9,,4.4,,508,143.4,385.2,0,0,0,0,,,,
ZUESTA,2009,7,10,13,18.5,,,,,,,,952.7,,4.7,,689,395.9,333,0,0,0,0,,,,
ZUESTA,2009,7,10,14,18.6,,,,,,,,952.6,,4.2,,490,97.3,402.4,0,0,0,0,,,,
ZUESTA,2009,7,10,15,17.8,,,,,,,,952.7,,3.9,,238,5.2,233.5,0,0,0,0,,,,
ZUESTA,2009,7,10,16,17,,,,,,,,953,,3.6,,200,4.5,196.5,0,0,0,0,,,,
ZUESTA,2009,7,10,17,16.4,,,,,,,,953,,2.2,,193,5.9,189.1,0,0,0,0,,,,
ZUESTA,2009,7,10,18,16.4,,,,,,,,953.1,,1.5,,86,1.9,85,0,0,0,0,,,,
ZUESTA,2009,7,10,19,15.3,,,,,,,,953.4,,1.2,,13,0.1,13,0,0,0,0,,,,
ZUESTA,2009,7,10,20,14.2,,,,,,,,953.9,,0.5,,0,0,0,0,0,0,0,,,,
ZUESTA,2009,7,10,21,13.3,,,,,,,,954,,0.9,,0,0,0,0,0,0,0,,,,
ZUESTA,2009,7,10,22,13.3,,,,,,,,953.9,,0.8,,0,0,0,0,0,0,0,,,,
ZUESTA,2009,7,10,23,13.2,,,,,,,,954,,1.7,,0,0,0,0,0,0,0,,,,
ZUESTA,2009,7,11,0,13,,,,,,,,954.2,,1.1,,0,0,0,0,0,0,0,,,,
ZUESTA,2009,7,11,1,12.5,,,,,,,,954.1,,0.7,,0,0,0,0,0,0,0,,,,
ZUESTA,2009,7,11,2,12.5,,,,,,,,954,,0.7,,0,0,0,0,0,0,0,,,,
ZUESTA,2009,7,11,3,12.6,,,,,,,,953.8,,0.3,,0,0,0,0,0,0,0,,,,
ZUESTA,2009,7,11,4,12.9,,,,,,,,953.7,,0.9,,10,0,0,0,0,0,0,,,,
ZUESTA,2009,7,11,5,13.2,,,,,,,,954,,0.7,,40,0,0,0,0,0,0,,,,
ZUESTA,2009,7,11,6,13.6,,,,,,,,954.1,,0.8,,62,0,0,0,0,0,0,,,,
ZUESTA,2009,7,11,7,13.8,,,,,,,,954.2,,1.1,,109,116.5,86.6,0,0,0,0,,,,
ZUESTA,2009,7,11,8,14.3,,,,,,,,954.4,,2,,223,182,158.3,0,0,0,0,,,,
ZUESTA,2009,7,11,9,15,,,,,,,,954.6,,2.1,,366,303.6,210.1,0,0,0,0,,,,
ZUESTA,2009,7,11,10,15.5,,,,,,,,954.8,,2.3,,307,47.2,276.1,0,0,0,0,,,,
ZUESTA,2009,7,11,11,16.1,,,,,,,,954.7,,2.9,,424,101.2,345.9,0,0,0,0,,,,
ZUESTA,2009,7,11,12,17.1,,,,,,,,954.4,,2.6,,583,256.2,364,0,0,0,0,,,,
ZUESTA,2009,7,11,13,18.1,,,,,,,,954.2,,2.2,,643,309,365.5,0,0,0,0,,,,
ZUESTA,2009,7,11,14,18.1,,,,,,,,954.1,,1.5,,425,49.5,380.5,0,0,0,0,,,,
ZUESTA,2009,7,11,15,19.3,,,,,,,,953.7,,2.4,,651,382.9,322.6,0,0,0,0,,,,
ZUESTA,2009,7,11,16,19.2,,,,,,,,953.4,,2.6,,483,175.6,346.7,0,0,0,0,,,,
ZUESTA,2009,7,11,17,18.7,,,,,,,,953.2,,2.5,,293,35.8,269.3,0,0,0,0,,,,
ZUESTA,2009,7,11,18,17.8,,,,,,,,953.2,,1.4,,114,3.3,112.3,0,0,0,0,,,,
ZUESTA,2009,7,11,19,15.9,,,,,,,,953.2,,0.7,,8,0,8,0,0,0,0,,,,
ZUESTA,2009,7,11,20,14.6,,,,,,,,953.6,,0.7,,0,0,0,0,0,0,0,,,,
ZUESTA,2009,7,11,21,14.3,,,,,,,,953.5,,1,,0,0,0,0,0,0,0,,,,
ZUESTA,2009,7,11,22,14.1,,,,,,,,953.2,,1.2,,0,0,0,0,0,0,0,,,,
ZUESTA,2009,7,11,23,13.8,,,,,,,,952.8,,1.4,,0,0,0,0,0,0,0,,,,
ZUESTA,2009,7,12,0,13.4,,,,,,,,952.3,,1.4,,0,0,0,0,0,0,0,,,,
ZUESTA,2009,7,12,1,12.9,,,,,,,,951.8,,1.1,,0,0,0,0,0,0,0,,,,
ZUESTA,2009,7,12,2,12.4,,,,,,,,951.6,,0.5,,0,0,0,0,0,0,0,,,,
ZUESTA,2009,7,12,3,12.3,,,,,,,,951.5,,0.6,,1,0,0,0,0,0,0,,,,
ZUESTA,2009,7,12,4,12.8,,,,,,,,951.6,,0.6,,12,0,0,0,0,0,0,,,,
ZUESTA,2009,7,12,5,13.2,,,,,,,,951.6,,0.6,,31,0,0,0,0,0,0,,,,
ZUESTA,2009,7,12,6,13.7,,,,,,,,951.7,,0.8,,118,0,0,0,0,0,0,,,,
ZUESTA,2009,7,12,7,14.5,,,,,,,,951.9,,1,,161,546.7,56.9,0,0,0,0,,,,
ZUESTA,2009,7,12,8,15.6,,,,,,,,951.8,,1,,289,491.7,115.1,0,0,0,0,,,,
ZUESTA,2009,7,12,9,16.7,,,,,,,,951.5,,1.2,,293,122.1,230.5,0,0,0,0,,,,
ZUESTA,2009,7,12,10,18,,,,,,,,951.2,,1.1,,400,163.2,293.3,0,0,0,0,,,,
ZUESTA,2009,7,12,11,19.6,,,,,,,,950.8,,1.6,,642,522,239.6,0,0,0,0,,,,
ZUESTA,2009,7,12,12,19.7,,,,,,,,950.5,,1.3,,426,64.5,371,0,0,0,0,,,,
ZUESTA,2009,7,12,13,20.1,,,,,,,,950.3,,1.5,,316,11.6,305.6,0,0,0,0,,,,
ZUESTA,2009,7,12,14,20.5,,,,,,,,950.3,,0.6,,349,18.5,332.4,0,0,0,0,,,,
ZUESTA,2009,7,12,15,21.6,,,,,,,,950.2,,1.1,,391,41.5,355.4,0,0,0,0,,,,
ZUESTA,2009,7,12,16,20.8,,,,,,,,950.1,,1.6,,116,1.5,114.8,0,0,0,0,,,,
ZUESTA,2009,7,12,17,20,,,,,,,,950.3,,1.8,,82,1.1,81.3,0,0,0,0,,,,
ZUESTA,2009,7,12,18,19.8,,,,,,,,950.2,,1.1,,25,0.2,24.9,0,0,0,0,,,,
ZUESTA,2009,7,12,19,18.3,,,,,,,,950.5,,0.8,,3,0,3,0,0,0,0,,,,
ZUESTA,2009,7,12,20,17.6,,,,,,,,951,,0.4,,0,0,0,0,0,0,0,,,,
ZUESTA,2009,7,12,21,17.7,,,,,,,,951.1,,0.8,,0,0,0,0,0,0,0,,,,
ZUESTA,2009,7,12,22,16.8,,,,,,,,951.1,,0.9,,0,0,0,0,0,0,0,,,,
ZUESTA,2009,7,12,23,16.2,,,,,,,,951.1,,0.8,,0,0,0,0,0,0,0,,,,
ZUESTA,2009,7,13,0,16.4,,,,,,,,951,,0.3,,0,0,0,0,0,0,0,,,,
ZUESTA,2009,7,13,1,16.3,,,,,,,,951,,0.3,,0,0,0,0,0,0,0,,,,
ZUESTA,2009,7,13,2,16.6,,,,,,,,951.1,,0.4,,0,0,0,0,0,0,0,,,,
ZUESTA,2009,7,13,3,16.6,,,,,,,,951.2,,0.5,,0,0,0,0,0,0,0,,,,
ZUESTA,2009,7,13,4,16.7,,,,,,,,951.4,,0.7,,11,0,0,0,0,0,0,,,,
ZUESTA,2009,7,13,5,16.9,,,,,,,,951.3,,0.6,,69,0,0,0,0,0,0,,,,
ZUESTA,2009,7,13,6,17.5,,,,,,,,951.5,,0.6,,207,0,0,0,0,0,0,,,,
ZUESTA,2009,7,13,7,19.3,,,,,,,,951.6,,0.7,,495,2195.1,81.7,0,0,0,0,,,,
ZUESTA,2009,7,13,8,21.3,,,,,,,,951.5,,0.8,,575,1365.5,94.9,0,0,0,0,,,,
ZUESTA,2009,7,13,9,22,,,,,,,,951.4,,0.6,,448,610.7,136.5,0,0,0,0,,,,
ZUESTA,2009,7,13,10,21.9,,,,,,,,951.4,,1.1,,260,20.9,246.3,0,0,0,0,,,,
ZUESTA,2009,7,13,11,22.7,,,,,,,,951.1,,0.9,,494,200.6,339.7,0,0,0,0,,,,
ZUESTA,2009,7,13,12,23.9,,,,,,,,950.5,,1.1,,549,203.2,375.8,0,0,0,0,,,,
ZUESTA,2009,7,13,13,24.6,,,,,,,,950.1,,1.3,,641,308.1,364.9,0,0,0,0,,,,
ZUESTA,2009,7,13,14,26,,,,,,,,949.5,,1.8,,687,395,332.7,0,0,0,0,,,,
ZUESTA,2009,7,13,15,26.3,,,,,,,,948.9,,1.7,,481,112.6,384.7,0,0,0,0,,,,
ZUESTA,2009,7,13,16,26.4,,,,,,,,948.3,,2.8,,438,115.6,348.5,0,0,0,0,,,,
ZUESTA,2009,7,13,17,24.9,,,,,,,,948.2,,3.4,,203,6.8,198.5,0,0,0,0,,,,
ZUESTA,2009,7,13,18,23.7,,,,,,,,948.3,,3.6,,50,0.6,49.7,0,0,0,0,,,,
ZUESTA,2009,7,13,19,22.6,,,,,,,,948.6,,3.3,,3,0,3,0,0,0,0,,,,
ZUESTA,2009,7,13,20,21.4,,,,,,,,949,,2.9,,0,0,0,0,0,0,0,,,,
ZUESTA,2009,7,13,21,20,,,,,,,,949,,0.8,,0,0,0,0,0,0,0,,,,
ZUESTA,2009,7,13,22,19.4,,,,,,,,948.3,,1.5,,0,0,0,0,0,0,0,,,,
ZUESTA,2009,7,13,23,19.5,,,,,,,,947.7,,0.7,,0,0,0,0,0,0,0,,,,
ZUESTA,2009,7,14,0,18.6,,,,,,,,948.2,,0.5,,0,0,0,0,0,0,0,,,,
ZUESTA,2009,7,14,1,18.9,,,,,,,,948.6,,0.9,,1,0,0,0,0,0,0,,,,
ZUESTA,2009,7,14,2,20.1,,,,,,,,948.6,,0.8,,0,0,0,0,0,0,0,,,,
ZUESTA,2009,7,14,3,19.1,,,,,,,,949.4,,0.6,,0,0,0,0,0,0,0,,,,
ZUESTA,2009,7,14,4,19.3,,,,,,,,950.6,,1.8,,4,0,0,0,0,0,0,,,,
ZUESTA,2009,7,14,5,19.2,,,,,,,,951.7,,1.6,,23,0,0,0,0,0,0,,,,
ZUESTA,2009,7,14,6,19.5,,,,,,,,952.3,,1.4,,68,0,0,0,0,0,0,,,,
ZUESTA,2009,7,14,7,19.6,,,,,,,,952.5,,0.7,,161,584.6,52.2,0,0,0,0,,,,
ZUESTA,2009,7,14,8,20.6,,,,,,,,952.5,,1.4,,502,1198.9,82.8,0,0,0,0,,,,
ZUESTA,2009,7,14,9,21.7,,,,,,,,952.1,,1.5,,602,989,99.3,0,0,0,0,,,,
ZUESTA,2009,7,14,10,21.5,,,,,,,,951.6,,1,,246,16.1,235.5,0,0,0,0,,,,
ZUESTA,2009,7,14,11,22.7,,,,,,,,951.1,,1,,576,366.7,294.4,0,0,0,0,,,,
ZUESTA,2009,7,14,12,25.2,,,,,,,,950.5,,1.6,,801,729,180.6,0,0,0,0,,,,
ZUESTA,2009,7,14,13,26.4,,,,,,,,950.3,,1.3,,610,255.7,381.3,0,0,0,0,,,,
ZUESTA,2009,7,14,14,26.1,,,,,,,,950.1,,2.5,,469,80.9,396.5,0,0,0,0,,,,
ZUESTA,2009,7,14,15,25.5,,,,,,,,950.1,,1.9,,336,19.6,319.3,0,0,0,0,,,,
ZUESTA,2009,7,14,16,25.6,,,,,,,,949.7,,2.3,,341,34.9,314,0,0,0,0,,,,
ZUESTA,2009,7,14,17,25.1,,,,,,,,949.5,,2.9,,247,15.6,236.8,0,0,0,0,,,,
ZUESTA,2009,7,14,18,24.2,,,,,,,,949.4,,2.4,,88,2,87,0,0,0,0,,,,
ZUESTA,2009,7,14,19,22.5,,,,,,,,948.7,,2.9,,5,0,5,0,0,0,0,,,,
ZUESTA,2009,7,14,20,22.7,,,,,,,,950,,3,,0,0,0,0,0,0,0,,,,
ZUESTA,2009,7,14,21,21,,,,,,,,950.7,,3.4,,0,0,0,0,0,0,0,,,,
ZUESTA,2009,7,14,22,19.8,,,,,,,,952.8,,2.3,,0,0,0,0,0,0,0,,,,
ZUESTA,2009,7,14,23,19.2,,,,,,,,952.3,,2.9,,0,0,0,0,0,0,0,,,,
ZUESTA,2009,7,15,0,19.2,,,,,,,,952.3,,0.9,,0,0,0,0,0,0,0,,,,
ZUESTA,2009,7,15,1,18.7,,,,,,,,953.8,,2.8,,0,0,0,0,0,0,0,,,,
ZUESTA,2009,7,15,2,17.4,,,,,,,,954.2,,1.8,,0,0,0,0,0,0,0,,,,
ZUESTA,2009,7,15,3,18,,,,,,,,954,,2.3,,0,0,0,0,0,0,0,,,,
ZUESTA,2009,7,15,4,17.5,,,,,,,,954.9,,2.2,,6,0,0,0,0,0,0,,,,
ZUESTA,2009,7,15,5,17.2,,,,,,,,955.7,,2.7,,5,0,0,0,0,0,0,,,,
ZUESTA,2009,7,15,6,16.8,,,,,,,,956.1,,1.2,,6,0,0,0,0,0,0,,,,
ZUESTA,2009,7,15,7,16.8,,,,,,,,956.1,,0.8,,31,1.9,30.6,0,0,0,0,,,,
ZUESTA,2009,7,15,8,17.5,,,,,,,,956.3,,1.4,,96,5.2,94.2,0,0,0,0,,,,
ZUESTA,2009,7,15,9,18,,,,,,,,956.1,,1,,148,5.9,145,0,0,0,0,,,,
ZUESTA,2009,7,15,10,18.7,,,,,,,,956,,0.9,,226,10.9,218.9,0,0,0,0,,,,
ZUESTA,2009,7,15,11,20.4,,,,,,,,956.1,,0.8,,725,737.3,159.9,0,0,0,0,,,,
ZUESTA,2009,7,15,12,21.5,,,,,,,,956,,1.5,,583,262.1,360.3,0,0,0,0,,,,
ZUESTA,2009,7,15,13,22.5,,,,,,,,956,,2.2,,600,240.6,385,0,0,0,0,,,,
ZUESTA,2009,7,15,14,23.8,,,,,,,,955.8,,1.8,,734,497.3,289.1,0,0,0,0,,,,
ZUESTA,2009,7,15,15,24.2,,,,,,,,955.9,,1.9,,573,240.4,367.8,0,0,0,0,,,,
ZUESTA,2009,7,15,16,24.5,,,,,,,,956,,1.5,,436,114.7,347.4,0,0,0,0,,,,
ZUESTA,2009,7,15,17,24,,,,,,,,955.9,,1.9,,264,21.8,249.7,0,0,0,0,,,,
ZUESTA,2009,7,15,18,23.1,,,,,,,,956.3,,1.4,,115,3.4,113.3,0,0,0,0,,,,
ZUESTA,2009,7,15,19,21.7,,,,,,,,956.6,,2.1,,8,0,8,0,0,0,0,,,,
ZUESTA,2009,7,15,20,20.5,,,,,,,,957.1,,1.7,,0,0,0,0,0,0,0,,,,
ZUESTA,2009,7,15,21,19.7,,,,,,,,957.4,,0.7,,0,0,0,0,0,0,0,,,,
ZUESTA,2009,7,15,22,19.1,,,,,,,,957.7,,0.8,,0,0,0,0,0,0,0,,,,
ZUESTA,2009,7,15,23,19,,,,,,,,957.9,,0.6,,0,0,0,0,0,0,0,,,,
ZUESTA,2009,7,16,0,18.8,,,,,,,,958.1,,0.7,,0,0,0,0,0,0,0,,,,
ZUESTA,2009,7,16,1,18.6,,,,,,,,958.2,,0.9,,0,0,0,0,0,0,0,,,,
ZUESTA,2009,7,16,2,18.4,,,,,,,,958.3,,0.9,,0,0,0,0,0,0,0,,,,
ZUESTA,2009,7,16,3,18.4,,,,,,,,958.4,,0.2,,0,0,0,0,0,0,0,,,,
ZUESTA,2009,7,16,4,18.5,,,,,,,,958.6,,0.5,,22,0,0,0,0,0,0,,,,
ZUESTA,2009,7,16,5,18.7,,,,,,,,958.6,,1.4,,66,0,0,0,0,0,0,,,,
ZUESTA,2009,7,16,6,19.4,,,,,,,,958.6,,1.2,,193,0,0,0,0,0,0,,,,
ZUESTA,2009,7,16,7,19.9,,,,,,,,958.8,,1,,222,1020.5,36.6,0,0,0,0,,,,
ZUESTA,2009,7,16,8,20.5,,,,,,,,958.8,,1.4,,304,613.8,92,0,0,0,0,,,,
ZUESTA,2009,7,16,9,22.4,,,,,,,,958.4,,1.2,,788,1304.3,130,0,0,0,0,,,,
ZUESTA,2009,7,16,10,23.8,,,,,,,,958.1,,1,,893,1151.5,147.3,0,0,0,0,,,,
ZUESTA,2009,7,16,11,25.2,,,,,,,,957.7,,0.8,,920,1004.4,151.8,0,0,0,0,,,,
ZUESTA,2009,7,16,12,26.4,,,,,,,,957.1,,1,,921,906.6,152,0,0,0,0,,,,
ZUESTA,2009,7,16,13,27.3,,,,,,,,956.7,,1.3,,817,682.3,208.3,0,0,0,0,,,,
ZUESTA,2009,7,16,14,27.3,,,,,,,,956.2,,1,,615,265.2,378,0,0,0,0,,,,
ZUESTA,2009,7,16,15,27.4,,,,,,,,955.6,,1.2,,548,201.6,376.2,0,0,0,0,,,,
ZUESTA,2009,7,16,16,28.1,,,,,,,,955.1,,1.2,,498,205.3,339.7,0,0,0,0,,,,
ZUESTA,2009,7,16,17,27.1,,,,,,,,954.6,,1.1,,284,31.9,263.1,0,0,0,0,,,,
ZUESTA,2009,7,16,18,26,,,,,,,,954.3,,0.9,,108,3,106.5,0,0,0,0,,,,
ZUESTA,2009,7,16,19,23.8,,,,,,,,953.6,,2.1,,11,0.1,11,0,0,0,0,,,,
ZUESTA,2009,7,16,20,23.5,,,,,,,,952.8,,2.8,,0,0,0,0,0,0,0,,,,
ZUESTA,2009,7,16,21,23,,,,,,,,952.3,,2.6,,0,0,0,0,0,0,0,,,,
ZUESTA,2009,7,16,22,21.3,,,,,,,,951.4,,1.4,,0,0,0,0,0,0,0,,,,
ZUESTA,2009,7,16,23,20.7,,,,,,,,950.5,,0.5,,0,0,0,0,0,0,0,,,,
ZUESTA,2009,7,17,0,20.1,,,,,,,,949.5,,0.8,,0,0,0,0,0,0,0,,,,
ZUESTA,2009,7,17,1,19.9,,,,,,,,949.4,,0.9,,0,0,0,0,0,0,0,,,,
ZUESTA,2009,7,17,2,21,,,,,,,,950.9,,3.1,,0,0,0,0,0,0,0,,,,
ZUESTA,2009,7,17,3,20.4,,,,,,,,951.7,,3,,0,0,0,0,0,0,0,,,,
ZUESTA,2009,7,17,4,18.7,,,,,,,,952.3,,2.4,,2,0,0,0,0,0,0,,,,
ZUESTA,2009,7,17,5,18.1,,,,,,,,952.7,,2.3,,6,0,0,0,0,0,0,,,,
ZUESTA,2009,7,17,6,17.7,,,,,,,,952.6,,1.8,,18,0,0,0,0,0,0,,,,
ZUESTA,2009,7,17,7,17.5,,,,,,,,952.3,,1.4,,46,4.5,45.2,0,0,0,0,,,,
ZUESTA,2009,7,17,8,17.7,,,,,,,,952,,1.1,,55,1.7,54.4,0,0,0,0,,,,
ZUESTA,2009,7,17,9,17.5,,,,,,,,951.6,,1.8,,53,0.8,52.6,0,0,0,0,,,,
ZUESTA,2009,7,17,10,17.2,,,,,,,,950.7,,1.3,,68,0.8,67.5,0,0,0,0,,,,
ZUESTA,2009,7,17,11,18.5,,,,,,,,950,,2.2,,545,305.5,311.9,0,0,0,0,,,,
ZUESTA,2009,7,17,12,19.2,,,,,,,,948.9,,1.5,,628,351.6,330.3,0,0,0,0,,,,
ZUESTA,2009,7,17,13,20.6,,,,,,,,947.8,,1.1,,632,298.1,366.5,0,0,0,0,,,,
ZUESTA,2009,7,17,14,19,,,,,,,,946.8,,2.8,,224,4.3,220.2,0,0,0,0,,,,
ZUESTA,2009,7,17,15,15.5,,,,,,,,946.9,,5.1,,18,0,18,0,0,0,0,,,,
ZUESTA,2009,7,17,16,13.4,,,,,,,,948.7,,4.8,,15,0,15,0,0,0,0,,,,
ZUESTA,2009,7,17,17,12.7,,,,,,,,949.6,,3,,14,0,14,0,0,0,0,,,,
ZUESTA,2009,7,17,18,13,,,,,,,,949.8,,2.6,,9,0,9,0,0,0,0,,,,
ZUESTA,2009,7,17,19,12.6,,,,,,,,950.7,,3.5,,0,0,0,0,0,0,0,,,,
ZUESTA,2009,7,17,20,12.5,,,,,,,,950.8,,2.6,,0,0,0,0,0,0,0,,,,
ZUESTA,2009,7,17,21,12.5,,,,,,,,950.3,,2.6,,0,0,0,0,0,0,0,,,,
ZUESTA,2009,7,17,22,12,,,,,,,,950.5,,3.8,,0,0,0,0,0,0,0,,,,
ZUESTA,2009,7,17,23,11.4,,,,,,,,951,,4.2,,0,0,0,0,0,0,0,,,,
ZUESTA,2009,7,18,0,11,,,,,,,,951,,3.5,,0,0,0,0,0,0,0,,,,
ZUESTA,2009,7,18,1,10.9,,,,,,,,950.8,,3.7,,0,0,0,0,0,0,0,,,,
ZUESTA,2009,7,18,2,10.7,,,,,,,,950.7,,3.4,,0,0,0,0,0,0,0,,,,
ZUESTA,2009,7,18,3,10.6,,,,,,,,950.6,,2.8,,0,0,0,0,0,0,0,,,,
ZUESTA,2009,7,18,4,10.7,,,,,,,,950.5,,3.7,,5,0,0,0,0,0,0,,,,
ZUESTA,2009,7,18,5,10.9,,,,,,,,949.9,,3.9,,26,0,0,0,0,0,0,,,,
ZUESTA,2009,7,18,6,11.3,,,,,,,,950.4,,4.2,,49,0,0,0,0,0,0,,,,
ZUESTA,2009,7,18,7,11,,,,,,,,950.5,,3.6,,45,4.4,44.2,0,0,0,0,,,,
ZUESTA,2009,7,18,8,11.7,,,,,,,,950.5,,4,,141,25.2,132.4,0,0,0,0,,,,
ZUESTA,2009,7,18,9,11.9,,,,,,,,950.9,,3.9,,82,1.8,81.1,0,0,0,0,,,,
ZUESTA,2009,7,18,10,12.1,,,,,,,,951.6,,4.5,,81,1.1,80.3,0,0,0,0,,,,
ZUESTA,2009,7,18,11,12.4,,,,,,,,952.2,,4.6,,110,1.4,108.9,0,0,0,0,,,,
ZUESTA,2009,7,18,12,13.3,,,,,,,,952.5,,5.4,,317,15.5,303.9,0,0,0,0,,,,
ZUESTA,2009,7,18,13,15.1,,,,,,,,952.6,,5.4,,579,211.9,390.5,0,0,0,0,,,,
ZUESTA,2009,7,18,14,15.6,,,,,,,,952.9,,5.6,,503,114.6,400.9,0,0,0,0,,,,
ZUESTA,2009,7,18,15,15.3,,,,,,,,953.2,,5.4,,325,17.1,310.5,0,0,0,0,,,,
ZUESTA,2009,7,18,16,14.9,,,,,,,,953.3,,4.8,,176,3.6,173.3,0,0,0,0,,,,
ZUESTA,2009,7,18,17,14.7,,,,,,,,953.6,,3.7,,164,4.3,161.2,0,0,0,0,,,,
ZUESTA,2009,7,18,18,13.8,,,,,,,,953.9,,4,,58,0.9,57.6,0,0,0,0,,,,
ZUESTA,2009,7,18,19,13.5,,,,,,,,954.4,,3,,8,0,8,0,0,0,0,,,,
ZUESTA,2009,7,18,20,13.1,,,,,,,,954.8,,2.7,,0,0,0,0,0,0,0,,,,
ZUESTA,2009,7,18,21,13.5,,,,,,,,955,,3.5,,0,0,0,0,0,0,0,,,,
ZUESTA,2009,7,18,22,13.2,,,,,,,,955.3,,3.6,,0,0,0,0,0,0,0,,,,
ZUESTA,2009,7,18,23,13.2,,,,,,,,955.1,,3.8,,0,0,0,0,0,0,0,,,,
ZUESTA,2009,7,19,0,12.5,,,,,,,,954.9,,2.3,,0,0,0,0,0,0,0,,,,
ZUESTA,2009,7,19,1,12.4,,,,,,,,954.5,,2,,0,0,0,0,0,0,0,,,,
ZUESTA,2009,7,19,2,12.3,,,,,,,,954.3,,1.6,,0,0,0,0,0,0,0,,,,
ZUESTA,2009,7,19,3,12.2,,,,,,,,954.1,,1.3,,0,0,0,0,0,0,0,,,,
ZUESTA,2009,7,19,4,12.1,,,,,,,,954.4,,2.9,,3,0,0,0,0,0,0,,,,
ZUESTA,2009,7,19,5,11.8,,,,,,,,954.7,,2.7,,23,0,0,0,0,0,0,,,,
ZUESTA,2009,7,19,6,12.1,,,,,,,,955.2,,3.9,,53,0,0,0,0,0,0,,,,
ZUESTA,2009,7,19,7,13,,,,,,,,955.4,,4.3,,131,367.3,66.9,0,0,0,0,,,,
ZUESTA,2009,7,19,8,14.1,,,,,,,,955.4,,3.3,,336,810.3,61.4,0,0,0,0,,,,
ZUESTA,2009,7,19,9,15.3,,,,,,,,955.3,,2.9,,393,435.9,175.7,0,0,0,0,,,,
ZUESTA,2009,7,19,10,15.5,,,,,,,,955.6,,4,,438,255.7,273.8,0,0,0,0,,,,
ZUESTA,2009,7,19,11,17.5,,,,,,,,955.5,,4.7,,661,593.6,210,0,0,0,0,,,,
ZUESTA,2009,7,19,12,19.2,,,,,,,,955.2,,4.8,,815,770.6,164.8,0,0,0,0,,,,
ZUESTA,2009,7,19,13,20.3,,,,,,,,954.9,,5.3,,881,811,160.8,0,0,0,0,,,,
ZUESTA,2009,7,19,14,20.9,,,,,,,,954.8,,5.3,,767,578.7,252.2,0,0,0,0,,,,
ZUESTA,2009,7,19,15,20.2,,,,,,,,954.8,,3.6,,623,339.2,335.3,0,0,0,0,,,,
ZUESTA,2009,7,19,16,20.1,,,,,,,,954.9,,3.2,,466,158.5,344.5,0,0,0,0,,,,
ZUESTA,2009,7,19,17,19.2,,,,,,,,955.1,,2.9,,281,31.2,260.7,0,0,0,0,,,,
ZUESTA,2009,7,19,18,18.1,,,,,,,,955.6,,2.3,,117,3.6,115.2,0,0,0,0,,,,
ZUESTA,2009,7,19,19,16.9,,,,,,,,956,,1.5,,12,0.1,12,0,0,0,0,,,,
ZUESTA,2009,7,19,20,16,,,,,,,,956.5,,0.8,,0,0,0,0,0,0,0,,,,
ZUESTA,2009,7,19,21,15.6,,,,,,,,956.6,,0.5,,0,0,0,0,0,0,0,,,,
ZUESTA,2009,7,19,22,15.1,,,,,,,,956.7,,0.5,,0,0,0,0,0,0,0,,,,
ZUESTA,2009,7,19,23,15.4,,,,,,,,956.8,,0.8,,0,0,0,0,0,0,0,,,,
ZUESTA,2009,7,20,0,15.4,,,,,,,,956.8,,1.2,,0,0,0,0,0,0,0,,,,
ZUESTA,2009,7,20,1,15.3,,,,,,,,956.6,,1,,0,0,0,0,0,0,0,,,,
ZUESTA,2009,7,20,2,15.2,,,,,,,,956.3,,1.2,,0,0,0,0,0,0,0,,,,
ZUESTA,2009,7,20,3,15,,,,,,,,956.5,,0.6,,0,0,0,0,0,0,0,,,,
ZUESTA,2009,7,20,4,14.5,,,,,,,,956.4,,0.8,,12,0,0,0,0,0,0,,,,
ZUESTA,2009,7,20,5,14.8,,,,,,,,956.5,,0.9,,79,0,0,0,0,0,0,,,,
ZUESTA,2009,7,20,6,15.8,,,,,,,,956.4,,1.2,,181,0,0,0,0,0,0,,,,
ZUESTA,2009,7,20,7,17.2,,,,,,,,956.6,,2,,329,1597.1,54.3,0,0,0,0,,,,
ZUESTA,2009,7,20,8,18.3,,,,,,,,956.7,,2.4,,621,1540.8,102.5,0,0,0,0,,,,
ZUESTA,2009,7,20,9,20,,,,,,,,956.7,,3.7,,800,1345.8,132,0,0,0,0,,,,
ZUESTA,2009,7,20,10,21.2,,,,,,,,956.5,,4.2,,854,1113.9,140.9,0,0,0,0,,,,
ZUESTA,2009,7,20,11,22.1,,,,,,,,956.2,,5,,847,932.9,139.8,0,0,0,0,,,,
ZUESTA,2009,7,20,12,22.6,,,,,,,,956,,3.4,,795,733.2,177.5,0,0,0,0,,,,
ZUESTA,2009,7,20,13,23.2,,,,,,,,955.7,,2.7,,847,753.1,179.4,0,0,0,0,,,,
ZUESTA,2009,7,20,14,23.2,,,,,,,,955.4,,2,,754,552.6,263.3,0,0,0,0,,,,
ZUESTA,2009,7,20,15,23.4,,,,,,,,954.9,,1.3,,617,329.2,338.3,0,0,0,0,,,,
ZUESTA,2009,7,20,16,23.4,,,,,,,,954.6,,1.4,,448,134.5,345.1,0,0,0,0,,,,
ZUESTA,2009,7,20,17,22.9,,,,,,,,954.3,,1.2,,267,24.4,251.1,0,0,0,0,,,,
ZUESTA,2009,7,20,18,21.5,,,,,,,,954.3,,1.3,,100,2.6,98.7,0,0,0,0,,,,
ZUESTA,2009,7,20,19,19.6,,,,,,,,954.4,,1.8,,8,0,8,0,0,0,0,,,,
ZUESTA,2009,7,20,20,17.9,,,,,,,,954.6,,1.8,,0,0,0,0,0,0,0,,,,
ZUESTA,2009,7,20,21,17,,,,,,,,954.7,,1.5,,0,0,0,0,0,0,0,,,,
ZUESTA,2009,7,20,22,16.5,,,,,,,,954.7,,0.5,,0,0,0,0,0,0,0,,,,
ZUESTA,2009,7,20,23,16.2,,,,,,,,954.6,,0.4,,0,0,0,0,0,0,0,,,,
ZUESTA,2009,7,21,0,16,,,,,,,,954.3,,0.3,,0,0,0,0,0,0,0,,,,
ZUESTA,2009,7,21,1,15.9,,,,,,,,953.8,,0.5,,0,0,0,0,0,0,0,,,,
ZUESTA,2009,7,21,2,15.7,,,,,,,,953.5,,0.8,,0,0,0,0,0,0,0,,,,
ZUESTA,2009,7,21,3,15.5,,,,,,,,953.3,,0.4,,0,0,0,0,0,0,0,,,,
ZUESTA,2009,7,21,4,15.1,,,,,,,,953.2,,0.3,,14,0,0,0,0,0,0,,,,
ZUESTA,2009,7,21,5,15.3,,,,,,,,953.2,,0.2,,143,0,0,0,0,0,0,,,,
ZUESTA,2009,7,21,6,17,,,,,,,,953.7,,0.7,,235,0,0,0,0,0,0,,,,
ZUESTA,2009,7,21,7,17.8,,,,,,,,953.6,,0.7,,375,1847.6,61.9,0,0,0,0,,,,
ZUESTA,2009,7,21,8,19.2,,,,,,,,953.4,,1.3,,605,1511.7,99.8,0,0,0,0,,,,
ZUESTA,2009,7,21,9,22.5,,,,,,,,953.1,,0.8,,764,1290.8,126.1,0,0,0,0,,,,
ZUESTA,2009,7,21,10,24.7,,,,,,,,952.8,,1,,861,1126.4,142.1,0,0,0,0,,,,
ZUESTA,2009,7,21,11,25.3,,,,,,,,952.6,,1.3,,704,709.3,167.5,0,0,0,0,,,,
ZUESTA,2009,7,21,12,27.1,,,,,,,,952.2,,1.6,,887,881.2,146.3,0,0,0,0,,,,
ZUESTA,2009,7,21,13,28,,,,,,,,951.8,,2,,846,753.8,178.9,0,0,0,0,,,,
ZUESTA,2009,7,21,14,28.5,,,,,,,,951.4,,1.5,,739,522.1,276.1,0,0,0,0,,,,
ZUESTA,2009,7,21,15,28.6,,,,,,,,950.9,,1.8,,570,244.2,363.6,0,0,0,0,,,,
ZUESTA,2009,7,21,16,28.6,,,,,,,,950.8,,2.5,,419,100.3,342.4,0,0,0,0,,,,
ZUESTA,2009,7,21,17,28,,,,,,,,950.3,,2.1,,264,23.4,248.9,0,0,0,0,,,,
ZUESTA,2009,7,21,18,26.6,,,,,,,,950.1,,1.6,,88,2.1,87,0,0,0,0,,,,
ZUESTA,2009,7,21,19,24.1,,,,,,,,950,,1.2,,8,0,8,0,0,0,0,,,,
ZUESTA,2009,7,21,20,23.1,,,,,,,,950.1,,0.9,,0,0,0,0,0,0,0,,,,
ZUESTA,2009,7,21,21,21.5,,,,,,,,949.8,,0.4,,0,0,0,0,0,0,0,,,,
ZUESTA,2009,7,21,22,20.5,,,,,,,,949.5,,0.6,,0,0,0,0,0,0,0,,,,
ZUESTA,2009,7,21,23,20.4,,,,,,,,949.1,,1.5,,0,0,0,0,0,0,0,,,,
ZUESTA,2009,7,22,0,19.9,,,,,,,,948.9,,0.9,,0,0,0,0,0,0,0,,,,
ZUESTA,2009,7,22,1,18.8,,,,,,,,948.9,,0.5,,0,0,0,0,0,0,0,,,,
ZUESTA,2009,7,22,2,18.3,,,,,,,,948.8,,0.7,,0,0,0,0,0,0,0,,,,
ZUESTA,2009,7,22,3,19.5,,,,,,,,949,,1.1,,0,0,0,0,0,0,0,,,,
ZUESTA,2009,7,22,4,20.2,,,,,,,,948.5,,1.5,,21,0,0,0,0,0,0,,,,
ZUESTA,2009,7,22,5,20,,,,,,,,948.9,,1,,34,0,0,0,0,0,0,,,,
ZUESTA,2009,7,22,6,20.7,,,,,,,,950.2,,1.1,,114,0,0,0,0,0,0,,,,
ZUESTA,2009,7,22,7,20.9,,,,,,,,951.3,,2.4,,151,660.7,40.7,0,0,0,0,,,,
ZUESTA,2009,7,22,8,19,,,,,,,,951.5,,1,,80,4,78.7,0,0,0,0,,,,
ZUESTA,2009,7,22,9,18.8,,,,,,,,952.8,,0.8,,169,10.3,163.9,0,0,0,0,,,,
ZUESTA,2009,7,22,10,20.6,,,,,,,,952.5,,2.3,,323,69.6,278.7,0,0,0,0,,,,
ZUESTA,2009,7,22,11,22.5,,,,,,,,952.2,,1.8,,555,340.5,298.1,0,0,0,0,,,,
ZUESTA,2009,7,22,12,23.6,,,,,,,,950.9,,1.8,,676,468.4,283.1,0,0,0,0,,,,
ZUESTA,2009,7,22,13,23.8,,,,,,,,949.7,,2.2,,426,54.3,378,0,0,0,0,,,,
ZUESTA,2009,7,22,14,23.3,,,,,,,,949.3,,3.1,,293,8.8,285.2,0,0,0,0,,,,
ZUESTA,2009,7,22,15,24.6,,,,,,,,947.8,,3.3,,358,28.7,333.8,0,0,0,0,,,,
ZUESTA,2009,7,22,16,24.9,,,,,,,,947,,2,,206,5,202.2,0,0,0,0,,,,
ZUESTA,2009,7,22,17,23.7,,,,,,,,946.6,,0.8,,115,2.2,113.6,0,0,0,0,,,,
ZUESTA,2009,7,22,18,23,,,,,,,,946.3,,1.5,,66,1.2,65.4,0,0,0,0,,,,
ZUESTA,2009,7,22,19,21.2,,,,,,,,945.9,,2.2,,4,0,4,0,0,0,0,,,,
ZUESTA,2009,7,22,20,21.2,,,,,,,,945.9,,0.8,,0,0,0,0,0,0,0,,,,
ZUESTA,2009,7,22,21,20.5,,,,,,,,945.6,,1.8,,0,0,0,0,0,0,0,,,,
ZUESTA,2009,7,22,22,19.8,,,,,,,,945.6,,1.4,,0,0,0,0,0,0,0,,,,
ZUESTA,2009,7,22,23,19.9,,,,,,,,945.6,,2.3,,0,0,0,0,0,0,0,,,,
ZUESTA,2009,7,23,0,19.5,,,,,,,,944.8,,1.7,,0,0,0,0,0,0,0,,,,
ZUESTA,2009,7,23,1,19.3,,,,,,,,944,,0.7,,0,0,0,0,0,0,0,,,,
ZUESTA,2009,7,23,2,18.9,,,,,,,,943.7,,0.8,,0,0,0,0,0,0,0,,,,
ZUESTA,2009,7,23,3,18.4,,,,,,,,943.8,,2,,0,0,0,0,0,0,0,,,,
ZUESTA,2009,7,23,4,18.8,,,,,,,,943.6,,2.4,,20,0,0,0,0,0,0,,,,
ZUESTA,2009,7,23,5,20.7,,,,,,,,942.9,,1.7,,87,0,0,0,0,0,0,,,,
ZUESTA,2009,7,23,6,21,,,,,,,,942.4,,1,,283,0,0,0,0,0,0,,,,
ZUESTA,2009,7,23,7,23.1,,,,,,,,942.9,,1.2,,451,2292.6,74.4,0,0,0,0,,,,
ZUESTA,2009,7,23,8,24.1,,,,,,,,944,,2.4,,541,1371.5,89.3,0,0,0,0,,,,
ZUESTA,2009,7,23,9,25.8,,,,,,,,944.6,,1.9,,575,980.2,94.9,0,0,0,0,,,,
ZUESTA,2009,7,23,10,26.8,,,,,,,,944.5,,3.4,,776,1021.6,128,0,0,0,0,,,,
ZUESTA,2009,7,23,11,26.5,,,,,,,,945.2,,5.2,,600,451.5,260.1,0,0,0,0,,,,
ZUESTA,2009,7,23,12,25.3,,,,,,,,946.2,,5.5,,295,11.5,285.4,0,0,0,0,,,,
ZUESTA,2009,7,23,13,22.9,,,,,,,,946.4,,2.4,,415,48.1,372.5,0,0,0,0,,,,
ZUESTA,2009,7,23,14,21,,,,,,,,945.9,,2,,62,0.3,61.7,0,0,0,0,,,,
ZUESTA,2009,7,23,15,18.2,,,,,,,,946.4,,3,,36,0.1,35.9,0,0,0,0,,,,
ZUESTA,2009,7,23,16,17.2,,,,,,,,948.5,,1.8,,8,0,8,0,0,0,0,,,,
ZUESTA,2009,7,23,17,17,,,,,,,,949.2,,1.6,,44,0.3,43.8,0,0,0,0,,,,
ZUESTA,2009,7,23,18,16.9,,,,,,,,950,,2.4,,32,0.3,31.9,0,0,0,0,,,,
ZUESTA,2009,7,23,19,17.1,,,,,,,,950.9,,1.8,,4,0,4,0,0,0,0,,,,
ZUESTA,2009,7,23,20,17.3,,,,,,,,951.5,,1.3,,0,0,0,0,0,0,0,,,,
ZUESTA,2009,7,23,21,17,,,,,,,,951.9,,0.8,,0,0,0,0,0,0,0,,,,
ZUESTA,2009,7,23,22,17.3,,,,,,,,952.3,,2.4,,0,0,0,0,0,0,0,,,,
ZUESTA,2009,7,23,23,17.6,,,,,,,,952.7,,3.9,,0,0,0,0,0,0,0,,,,
ZUESTA,2009,7,24,0,17.2,,,,,,,,952.9,,2.5,,0,0,0,0,0,0,0,,,,
ZUESTA,2009,7,24,1,16.4,,,,,,,,952.9,,1.4,,0,0,0,0,0,0,0,,,,
ZUESTA,2009,7,24,2,15.4,,,,,,,,952.9,,0.7,,0,0,0,0,0,0,0,,,,
ZUESTA,2009,7,24,3,14.7,,,,,,,,952.9,,0.7,,0,0,0,0,0,0,0,,,,
ZUESTA,2009,7,24,4,14.7,,,,,,,,953.2,,0.4,,12,0,0,0,0,0,0,,,,
ZUESTA,2009,7,24,5,15.7,,,,,,,,953.2,,0.9,,135,0,0,0,0,0,0,,,,
ZUESTA,2009,7,24,6,16.6,,,,,,,,953,,0.8,,313,0,0,0,0,0,0,,,,
ZUESTA,2009,7,24,7,18.1,,,,,,,,953.1,,0.6,,487,2516.5,80.4,0,0,0,0,,,,
ZUESTA,2009,7,24,8,19,,,,,,,,953.1,,1,,532,1358.9,87.8,0,0,0,0,,,,
ZUESTA,2009,7,24,9,19.8,,,,,,,,953.1,,0.7,,523,895.7,86.3,0,0,0,0,,,,
ZUESTA,2009,7,24,10,20.9,,,,,,,,952.7,,0.8,,657,867.7,108.4,0,0,0,0,,,,
ZUESTA,2009,7,24,11,22.5,,,,,,,,952.4,,1.4,,806,896.4,133,0,0,0,0,,,,
ZUESTA,2009,7,24,12,22.5,,,,,,,,952.1,,1.1,,577,268,353.2,0,0,0,0,,,,
ZUESTA,2009,7,24,13,22.4,,,,,,,,951.9,,1.8,,590,238.2,380.4,0,0,0,0,,,,
ZUESTA,2009,7,24,14,20.7,,,,,,,,952.2,,2.9,,217,4.1,213.4,0,0,0,0,,,,
ZUESTA,2009,7,24,15,19,,,,,,,,952.5,,2.9,,89,0.8,88.4,0,0,0,0,,,,
ZUESTA,2009,7,24,16,17.6,,,,,,,,952.3,,2.6,,60,0.4,59.7,0,0,0,0,,,,
ZUESTA,2009,7,24,17,16.5,,,,,,,,953.3,,3.2,,16,0,16,0,0,0,0,,,,
ZUESTA,2009,7,24,18,15.9,,,,,,,,954,,1.7,,34,0.3,33.8,0,0,0,0,,,,
ZUESTA,2009,7,24,19,16.2,,,,,,,,954.7,,2.3,,1,0,1,0,0,0,0,,,,
ZUESTA,2009,7,24,20,15.2,,,,,,,,956.1,,3.4,,0,0,0,0,0,0,0,,,,
ZUESTA,2009,7,24,21,13.7,,,,,,,,956.8,,2.9,,0,0,0,0,0,0,0,,,,
ZUESTA,2009,7,24,22,14,,,,,,,,957.3,,3.5,,0,0,0,0,0,0,0,,,,
ZUESTA,2009,7,24,23,13.8,,,,,,,,957.6,,2,,0,0,0,0,0,0,0,,,,
ZUESTA,2009,7,25,0,13.2,,,,,,,,957.7,,1.2,,0,0,0,0,0,0,0,,,,
ZUESTA,2009,7,25,1,13.5,,,,,,,,957.8,,2.3,,0,0,0,0,0,0,0,,,,
ZUESTA,2009,7,25,2,14,,,,,,,,958,,2.5,,0,0,0,0,0,0,0,,,,
ZUESTA,2009,7,25,3,13.8,,,,,,,,958.3,,1.9,,0,0,0,0,0,0,0,,,,
ZUESTA,2009,7,25,4,13.9,,,,,,,,958.6,,1.7,,9,0,0,0,0,0,0,,,,
ZUESTA,2009,7,25,5,14.4,,,,,,,,958.9,,2.6,,90,0,0,0,0,0,0,,,,
ZUESTA,2009,7,25,6,14.1,,,,,,,,959.5,,3,,112,0,0,0,0,0,0,,,,
ZUESTA,2009,7,25,7,13.9,,,,,,,,959.9,,2.8,,161,839.1,27.7,0,0,0,0,,,,
ZUESTA,2009,7,25,8,15.2,,,,,,,,960.2,,3.2,,519,1336,85.6,0,0,0,0,,,,
ZUESTA,2009,7,25,9,16.8,,,,,,,,960.4,,2.9,,562,967.1,92.7,0,0,0,0,,,,
ZUESTA,2009,7,25,10,17.2,,,,,,,,960.6,,3,,572,665.9,152.4,0,0,0,0,,,,
ZUESTA,2009,7,25,11,18.6,,,,,,,,960.7,,3.8,,876,976.8,144.5,0,0,0,0,,,,
ZUESTA,2009,7,25,12,19.6,,,,,,,,960.5,,3.4,,827,810.5,151.5,0,0,0,0,,,,
ZUESTA,2009,7,25,13,19.4,,,,,,,,960.3,,2.9,,604,263.3,372.7,0,0,0,0,,,,
ZUESTA,2009,7,25,14,20.3,,,,,,,,960.3,,2.9,,689,424.8,315.2,0,0,0,0,,,,
ZUESTA,2009,7,25,15,20.3,,,,,,,,960.2,,2.2,,601,308.9,342,0,0,0,0,,,,
ZUESTA,2009,7,25,16,20.2,,,,,,,,960,,2.4,,443,134.3,341.4,0,0,0,0,,,,
ZUESTA,2009,7,25,17,19.9,,,,,,,,960.1,,2.7,,265,25.2,248.9,0,0,0,0,,,,
ZUESTA,2009,7,25,18,19,,,,,,,,960.2,,1.8,,98,2.6,96.7,0,0,0,0,,,,
ZUESTA,2009,7,25,19,16.9,,,,,,,,960.4,,1.2,,7,0,7,0,0,0,0,,,,
ZUESTA,2009,7,25,20,15.5,,,,,,,,960.7,,1.2,,0,0,0,0,0,0,0,,,,
ZUESTA,2009,7,25,21,15.1,,,,,,,,960.8,,1.4,,0,0,0,0,0,0,0,,,,
ZUESTA,2009,7,25,22,14,,,,,,,,961,,1.2,,0,0,0,0,0,0,0,,,,
ZUESTA,2009,7,25,23,13.8,,,,,,,,960.7,,1.9,,0,0,0,0,0,0,0,,,,
ZUESTA,2009,7,26,0,13.8,,,,,,,,960.3,,1.2,,0,0,0,0,0,0,0,,,,
ZUESTA,2009,7,26,1,12.7,,,,,,,,959.8,,1.4,,0,0,0,0,0,0,0,,,,
ZUESTA,2009,7,26,2,12,,,,,,,,959.5,,1.4,,0,0,0,0,0,0,0,,,,
ZUESTA,2009,7,26,3,11.7,,,,,,,,959.4,,2,,0,0,0,0,0,0,0,,,,
ZUESTA,2009,7,26,4,11.3,,,,,,,,959.3,,2.1,,12,0,0,0,0,0,0,,,,
ZUESTA,2009,7,26,5,11.8,,,,,,,,959.1,,1.4,,131,0,0,0,0,0,0,,,,
ZUESTA,2009,7,26,6,14.1,,,,,,,,958.8,,0.8,,309,0,0,0,0,0,0,,,,
ZUESTA,2009,7,26,7,15.4,,,,,,,,958.6,,1.7,,488,2610.1,80.5,0,0,0,0,,,,
ZUESTA,2009,7,26,8,16.8,,,,,,,,958.4,,2,,646,1676.1,106.6,0,0,0,0,,,,
ZUESTA,2009,7,26,9,19,,,,,,,,958.1,,2.1,,779,1347,128.5,0,0,0,0,,,,
ZUESTA,2009,7,26,10,20.2,,,,,,,,957.9,,1.4,,875,1163.6,144.4,0,0,0,0,,,,
ZUESTA,2009,7,26,11,21,,,,,,,,957.5,,1.4,,921,1029.7,152,0,0,0,0,,,,
ZUESTA,2009,7,26,12,22,,,,,,,,957,,1.6,,916,919.7,151.1,0,0,0,0,,,,
ZUESTA,2009,7,26,13,22.6,,,,,,,,956.7,,1.5,,858,790.5,165.2,0,0,0,0,,,,
ZUESTA,2009,7,26,14,23,,,,,,,,956.4,,1.8,,748,556.9,259,0,0,0,0,,,,
ZUESTA,2009,7,26,15,23.1,,,,,,,,956.1,,1.7,,591,292.1,346.7,0,0,0,0,,,,
ZUESTA,2009,7,26,16,23.2,,,,,,,,955.7,,1.4,,418,104.5,339.1,0,0,0,0,,,,
ZUESTA,2009,7,26,17,22.9,,,,,,,,955.3,,1.1,,276,31.5,255.9,0,0,0,0,,,,
ZUESTA,2009,7,26,18,20.9,,,,,,,,955,,1.3,,73,1.5,72.3,0,0,0,0,,,,
ZUESTA,2009,7,26,19,18.7,,,,,,,,954.9,,2.8,,6,0,6,0,0,0,0,,,,
ZUESTA,2009,7,26,20,17.8,,,,,,,,954.9,,2.5,,0,0,0,0,0,0,0,,,,
ZUESTA,2009,7,26,21,16.8,,,,,,,,954.5,,0.7,,0,0,0,0,0,0,0,,,,
ZUESTA,2009,7,26,22,16.7,,,,,,,,954.3,,0.6,,0,0,0,0,0,0,0,,,,
ZUESTA,2009,7,26,23,15.8,,,,,,,,954,,0.3,,0,0,0,0,0,0,0,,,,
ZUESTA,2009,7,27,0,15.3,,,,,,,,953.6,,0.4,,0,0,0,0,0,0,0,,,,
ZUESTA,2009,7,27,1,14.6,,,,,,,,953.4,,0.6,,0,0,0,0,0,0,0,,,,
ZUESTA,2009,7,27,2,14.4,,,,,,,,953.2,,0.4,,0,0,0,0,0,0,0,,,,
ZUESTA,2009,7,27,3,14.2,,,,,,,,952.8,,0.3,,0,0,0,0,0,0,0,,,,
ZUESTA,2009,7,27,4,13.9,,,,,,,,952.6,,0.4,,10,0,0,0,0,0,0,,,,
ZUESTA,2009,7,27,5,14.5,,,,,,,,952.4,,0.3,,133,0,0,0,0,0,0,,,,
ZUESTA,2009,7,27,6,16,,,,,,,,952.4,,0.5,,309,0,0,0,0,0,0,,,,
ZUESTA,2009,7,27,7,17.9,,,,,,,,952.3,,0.6,,489,2663.2,80.7,0,0,0,0,,,,
ZUESTA,2009,7,27,8,20.1,,,,,,,,951.9,,0.6,,646,1689.7,106.6,0,0,0,0,,,,
ZUESTA,2009,7,27,9,22.7,,,,,,,,951.4,,0.9,,775,1346.7,127.9,0,0,0,0,,,,
ZUESTA,2009,7,27,10,24.4,,,,,,,,951.1,,1,,871,1162.3,143.7,0,0,0,0,,,,
ZUESTA,2009,7,27,11,26,,,,,,,,950.3,,1,,916,1026.9,151.1,0,0,0,0,,,,
ZUESTA,2009,7,27,12,27.5,,,,,,,,950.1,,1.9,,904,909.7,149.2,0,0,0,0,,,,
ZUESTA,2009,7,27,13,28.1,,,,,,,,949.9,,1.3,,800,678.6,206.6,0,0,0,0,,,,
ZUESTA,2009,7,27,14,26.7,,,,,,,,949.5,,1.1,,261,6.2,255.6,0,0,0,0,,,,
ZUESTA,2009,7,27,15,26.5,,,,,,,,949.3,,1.3,,384,42.9,348.2,0,0,0,0,,,,
ZUESTA,2009,7,27,16,26.8,,,,,,,,949.8,,1.8,,242,7.9,236.1,0,0,0,0,,,,
ZUESTA,2009,7,27,17,26.2,,,,,,,,949.8,,1.9,,204,7.8,199,0,0,0,0,,,,
ZUESTA,2009,7,27,18,25,,,,,,,,950.1,,2.1,,37,0.4,36.8,0,0,0,0,,,,
ZUESTA,2009,7,27,19,24.4,,,,,,,,950.6,,2.4,,2,0,2,0,0,0,0,,,,
ZUESTA,2009,7,27,20,21.3,,,,,,,,952.2,,2.5,,0,0,0,0,0,0,0,,,,
ZUESTA,2009,7,27,21,16.9,,,,,,,,953.9,,2.6,,0,0,0,0,0,0,0,,,,
ZUESTA,2009,7,27,22,16.3,,,,,,,,954.5,,2.3,,0,0,0,0,0,0,0,,,,
ZUESTA,2009,7,27,23,16,,,,,,,,954.8,,2.6,,0,0,0,0,0,0,0,,,,
ZUESTA,2009,7,28,0,16.4,,,,,,,,955.3,,2.7,,0,0,0,0,0,0,0,,,,
ZUESTA,2009,7,28,1,16.4,,,,,,,,955.6,,3,,0,0,0,0,0,0,0,,,,
ZUESTA,2009,7,28,2,15.5,,,,,,,,956.2,,2.7,,0,0,0,0,0,0,0,,,,
ZUESTA,2009,7,28,3,14.8,,,,,,,,956.8,,2,,0,0,0,0,0,0,0,,,,
ZUESTA,2009,7,28,4,14.4,,,,,,,,957.1,,1.1,,8,0,0,0,0,0,0,,,,
ZUESTA,2009,7,28,5,14.4,,,,,,,,957.3,,0.7,,115,0,0,0,0,0,0,,,,
ZUESTA,2009,7,28,6,15,,,,,,,,957.4,,0.7,,152,0,0,0,0,0,0,,,,
ZUESTA,2009,7,28,7,15.9,,,,,,,,957.6,,1.6,,294,1631.4,48.5,0,0,0,0,,,,
ZUESTA,2009,7,28,8,17,,,,,,,,957.8,,1.2,,446,1176.3,73.6,0,0,0,0,,,,
ZUESTA,2009,7,28,9,18.6,,,,,,,,957.7,,1.4,,759,1325.6,125.2,0,0,0,0,,,,
ZUESTA,2009,7,28,10,19.1,,,,,,,,957.5,,1.5,,494,441.4,218.8,0,0,0,0,,,,
ZUESTA,2009,7,28,11,20.6,,,,,,,,957.3,,1.6,,941,1057.8,155.3,0,0,0,0,,,,
ZUESTA,2009,7,28,12,20.9,,,,,,,,956.9,,1.5,,627,377.6,314.4,0,0,0,0,,,,
ZUESTA,2009,7,28,13,22.2,,,,,,,,956.5,,1.5,,846,775.1,169.6,0,0,0,0,,,,
ZUESTA,2009,7,28,14,21.8,,,,,,,,956.5,,1.5,,523,147.3,394.2,0,0,0,0,,,,
ZUESTA,2009,7,28,15,22.1,,,,,,,,956.3,,1.6,,477,121.6,375.7,0,0,0,0,,,,
ZUESTA,2009,7,28,16,21,,,,,,,,956.1,,1.2,,217,5.7,212.7,0,0,0,0,,,,
ZUESTA,2009,7,28,17,20.6,,,,,,,,956,,0.9,,154,4,151.5,0,0,0,0,,,,
ZUESTA,2009,7,28,18,19.9,,,,,,,,956.1,,0.9,,83,2,82,0,0,0,0,,,,
ZUESTA,2009,7,28,19,18.4,,,,,,,,956.4,,2.1,,5,0,5,0,0,0,0,,,,
ZUESTA,2009,7,28,20,18.2,,,,,,,,956.6,,2.8,,0,0,0,0,0,0,0,,,,
ZUESTA,2009,7,28,21,17,,,,,,,,956.4,,2.1,,0,0,0,0,0,0,0,,,,
ZUESTA,2009,7,28,22,16.2,,,,,,,,956.4,,0.8,,0,0,0,0,0,0,0,,,,
ZUESTA,2009,7,28,23,15.7,,,,,,,,956.5,,1.2,,0,0,0,0,0,0,0,,,,
ZUESTA,2009,7,29,0,15,,,,,,,,956.2,,1.6,,0,0,0,0,0,0,0,,,,
ZUESTA,2009,7,29,1,15.1,,,,,,,,956.1,,1.3,,0,0,0,0,0,0,0,,,,
ZUESTA,2009,7,29,2,14.6,,,,,,,,956,,1,,0,0,0,0,0,0,0,,,,
ZUESTA,2009,7,29,3,14,,,,,,,,955.8,,2,,0,0,0,0,0,0,0,,,,
ZUESTA,2009,7,29,4,13.6,,,,,,,,955.7,,1.9,,9,0,0,0,0,0,0,,,,
ZUESTA,2009,7,29,5,14,,,,,,,,955.7,,0.5,,126,0,0,0,0,0,0,,,,
ZUESTA,2009,7,29,6,15.7,,,,,,,,956,,0.4,,302,0,0,0,0,0,0,,,,
ZUESTA,2009,7,29,7,17.3,,,,,,,,955.8,,0.7,,480,2715.3,79.2,0,0,0,0,,,,
ZUESTA,2009,7,29,8,19,,,,,,,,955.7,,0.9,,634,1686.3,104.6,0,0,0,0,,,,
ZUESTA,2009,7,29,9,21.3,,,,,,,,955.3,,0.9,,764,1341.2,126.1,0,0,0,0,,,,
ZUESTA,2009,7,29,10,23.1,,,,,,,,955,,1,,855,1149.2,141.1,0,0,0,0,,,,
ZUESTA,2009,7,29,11,24.4,,,,,,,,954.6,,1,,912,1028.1,150.5,0,0,0,0,,,,
ZUESTA,2009,7,29,12,25.8,,,,,,,,953.9,,1.1,,904,914.1,149.2,0,0,0,0,,,,
ZUESTA,2009,7,29,13,26.8,,,,,,,,953.4,,1.2,,851,787.6,165.3,0,0,0,0,,,,
ZUESTA,2009,7,29,14,27.4,,,,,,,,953.1,,1.4,,749,569.5,252.2,0,0,0,0,,,,
ZUESTA,2009,7,29,15,27.8,,,,,,,,952.8,,1.8,,601,319.3,335.8,0,0,0,0,,,,
ZUESTA,2009,7,29,16,27.2,,,,,,,,952.5,,1.3,,428,120.7,337.7,0,0,0,0,,,,
ZUESTA,2009,7,29,17,26.5,,,,,,,,952.5,,1.3,,244,17.8,232.7,0,0,0,0,,,,
ZUESTA,2009,7,29,18,24.2,,,,,,,,952.6,,0.7,,80,1.8,79.1,0,0,0,0,,,,
ZUESTA,2009,7,29,19,21.7,,,,,,,,952.8,,0.8,,4,0,4,0,0,0,0,,,,
ZUESTA,2009,7,29,20,21,,,,,,,,952.8,,1.2,,0,0,0,0,0,0,0,,,,
ZUESTA,2009,7,29,21,20.5,,,,,,,,952.6,,1.3,,0,0,0,0,0,0,0,,,,
ZUESTA,2009,7,29,22,20.4,,,,,,,,952.1,,1.4,,0,0,0,0,0,0,0,,,,
ZUESTA,2009,7,29,23,19.6,,,,,,,,951.9,,1.2,,0,0,0,0,0,0,0,,,,
ZUESTA,2009,7,30,0,19.4,,,,,,,,951.8,,0.9,,0,0,0,0,0,0,0,,,,
ZUESTA,2009,7,30,1,19.5,,,,,,,,952.5,,2.1,,0,0,0,0,0,0,0,,,,
ZUESTA,2009,7,30,2,21.3,,,,,,,,953.8,,5.4,,0,0,0,0,0,0,0,,,,
ZUESTA,2009,7,30,3,20.4,,,,,,,,955.1,,2,,0,0,0,0,0,0,0,,,,
ZUESTA,2009,7,30,4,20.2,,,,,,,,955.8,,2.2,,2,0,0,0,0,0,0,,,,
ZUESTA,2009,7,30,5,19.9,,,,,,,,956.5,,2.6,,11,0,0,0,0,0,0,,,,
ZUESTA,2009,7,30,6,18.7,,,,,,,,957.3,,3.9,,39,0,0,0,0,0,0,,,,
ZUESTA,2009,7,30,7,18.4,,,,,,,,957.8,,2.9,,70,54.8,62.1,0,0,0,0,,,,
ZUESTA,2009,7,30,8,18.8,,,,,,,,958.4,,3.3,,313,828.6,55.1,0,0,0,0,,,,
ZUESTA,2009,7,30,9,19.4,,,,,,,,958.9,,3.2,,477,831.8,83.4,0,0,0,0,,,,
ZUESTA,2009,7,30,10,19.6,,,,,,,,959,,2.7,,421,251.3,265.5,0,0,0,0,,,,
ZUESTA,2009,7,30,11,19.9,,,,,,,,958.9,,1.6,,364,60,319.7,0,0,0,0,,,,
ZUESTA,2009,7,30,12,20,,,,,,,,958.7,,2,,346,27,323.7,0,0,0,0,,,,
ZUESTA,2009,7,30,13,20.4,,,,,,,,958.6,,1.7,,472,95.4,389.1,0,0,0,0,,,,
ZUESTA,2009,7,30,14,20.3,,,,,,,,958.5,,2,,338,18.2,322.1,0,0,0,0,,,,
ZUESTA,2009,7,30,15,20.4,,,,,,,,958.6,,1.6,,290,11.1,280.8,0,0,0,0,,,,
ZUESTA,2009,7,30,16,20.3,,,,,,,,958.6,,1.8,,207,5.2,203.1,0,0,0,0,,,,
ZUESTA,2009,7,30,17,20.2,,,,,,,,958.7,,1.8,,168,4.9,164.9,0,0,0,0,,,,
ZUESTA,2009,7,30,18,19.5,,,,,,,,958.7,,1,,52,0.8,51.6,0,0,0,0,,,,
ZUESTA,2009,7,30,19,18.8,,,,,,,,958.9,,1,,2,0,2,0,0,0,0,,,,
ZUESTA,2009,7,30,20,18.7,,,,,,,,959.2,,0.8,,0,0,0,0,0,0,0,,,,
ZUESTA,2009,7,30,21,18.7,,,,,,,,959.3,,0.9,,0,0,0,0,0,0,0,,,,
ZUESTA,2009,7,30,22,18.3,,,,,,,,959.3,,1.2,,0,0,0,0,0,0,0,,,,
ZUESTA,2009,7,30,23,17.7,,,,,,,,959.4,,1.1,,0,0,0,0,0,0,0,,,,
ZUESTA,2009,7,31,0,16.7,,,,,,,,959.2,,2.5,,0,0,0,0,0,0,0,,,,
ZUESTA,2009,7,31,1,16.1,,,,,,,,959,,3.6,,0,0,0,0,0,0,0,,,,
ZUESTA,2009,7,31,2,15.3,,,,,,,,958.8,,3.5,,0,0,0,0,0,0,0,,,,
ZUESTA,2009,7,31,3,14.8,,,,,,,,958.5,,3.5,,0,0,0,0,0,0,0,,,,
ZUESTA,2009,7,31,4,14.7,,,,,,,,958.5,,3.9,,6,0,0,0,0,0,0,,,,
ZUESTA,2009,7,31,5,14.7,,,,,,,,958.1,,2.8,,100,0,0,0,0,0,0,,,,
ZUESTA,2009,7,31,6,15.8,,,,,,,,957.9,,2.5,,266,0,0,0,0,0,0,,,,
ZUESTA,2009,7,31,7,16.6,,,,,,,,957.5,,3,,446,2627.3,73.6,0,0,0,0,,,,
ZUESTA,2009,7,31,8,17.8,,,,,,,,957.1,,2.9,,571,1545.5,94.2,0,0,0,0,,,,
ZUESTA,2009,7,31,9,18.5,,,,,,,,956.7,,3,,595,1055.6,98.2,0,0,0,0,,,,
ZUESTA,2009,7,31,10,19.6,,,,,,,,956.4,,3.2,,775,1049.5,127.9,0,0,0,0,,,,
ZUESTA,2009,7,31,11,20.2,,,,,,,,956.2,,3.2,,722,792.1,138.8,0,0,0,0,,,,
ZUESTA,2009,7,31,12,20.9,,,,,,,,955.9,,3,,734,636.8,210.8,0,0,0,0,,,,
ZUESTA,2009,7,31,13,21.4,,,,,,,,955.7,,2.6,,610,287.1,361.2,0,0,0,0,,,,
ZUESTA,2009,7,31,14,21.8,,,,,,,,955.5,,2.4,,554,193.6,385.9,0,0,0,0,,,,
ZUESTA,2009,7,31,15,22,,,,,,,,955.2,,2.1,,504,159.9,371.9,0,0,0,0,,,,
ZUESTA,2009,7,31,16,21.5,,,,,,,,955,,2,,323,32,299.2,0,0,0,0,,,,
ZUESTA,2009,7,31,17,20.9,,,,,,,,954.8,,1.9,,182,5.7,178.4,0,0,0,0,,,,
ZUESTA,2009,7,31,18,19.6,,,,,,,,954.5,,1.9,,62,1.1,61.5,0,0,0,0,,,,
ZUESTA,2009,7,31,19,18.3,,,,,,,,954.5,,2.1,,4,0,4,0,0,0,0,,,,
ZUESTA,2009,7,31,20,17.5,,,,,,,,954.5,,2.6,,0,0,0,0,0,0,0,,,,
ZUESTA,2009,7,31,21,17.1,,,,,,,,954.3,,2.7,,0,0,0,0,0,0,0,,,,
ZUESTA,2009,7,31,22,16.7,,,,,,,,954,,2.2,,0,0,0,0,0,0,0,,,,
ZUESTA,2009,7,31,23,16.4,,,,,,,,953.9,,2.3,,0,0,0,0,0,0,0,,,,
ZUESTA,2009,8,1,0,15.4,,,,,,,,953.6,,1.5,,0,0,0,0,0,0,0,,,,
ZUESTA,2009,8,1,1,15,,,,,,,,953.4,,1.4,,0,0,0,0,0,0,0,,,,
ZUESTA,2009,8,1,2,14.6,,,,,,,,953.2,,0.7,,0,0,0,0,0,0,0,,,,
ZUESTA,2009,8,1,3,14.3,,,,,,,,953,,0.6,,0,0,0,0,0,0,0,,,,
ZUESTA,2009,8,1,4,14.3,,,,,,,,952.9,,0.4,,9,0,0,0,0,0,0,,,,
ZUESTA,2009,8,1,5,14.7,,,,,,,,952.9,,0.3,,109,0,0,0,0,0,0,,,,
ZUESTA,2009,8,1,6,16.3,,,,,,,,952.8,,0.4,,278,0,0,0,0,0,0,,,,
ZUESTA,2009,8,1,7,17.3,,,,,,,,952.7,,0.7,,230,1384,38,0,0,0,0,,,,
ZUESTA,2009,8,1,8,18.4,,,,,,,,952.3,,0.6,,350,955.9,57.8,0,0,0,0,,,,
ZUESTA,2009,8,1,9,20.9,,,,,,,,951.9,,0.7,,767,1368.2,126.6,0,0,0,0,,,,
ZUESTA,2009,8,1,10,23.2,,,,,,,,951.4,,0.7,,854,1160.9,140.9,0,0,0,0,,,,
ZUESTA,2009,8,1,11,24.8,,,,,,,,950.9,,1,,894,1016.9,147.5,0,0,0,0,,,,
ZUESTA,2009,8,1,12,26.2,,,,,,,,950.3,,0.8,,886,902.8,146.2,0,0,0,0,,,,
ZUESTA,2009,8,1,13,26.9,,,,,,,,949.7,,0.9,,822,743.1,179.7,0,0,0,0,,,,
ZUESTA,2009,8,1,14,27.3,,,,,,,,949.2,,1.1,,704,479.7,288.6,0,0,0,0,,,,
ZUESTA,2009,8,1,15,27.6,,,,,,,,948.9,,0.8,,559,248.4,354.3,0,0,0,0,,,,
ZUESTA,2009,8,1,16,27.4,,,,,,,,948.4,,1.1,,396,88,330.8,0,0,0,0,,,,
ZUESTA,2009,8,1,17,25,,,,,,,,947.9,,1.1,,109,2.1,107.7,0,0,0,0,,,,
ZUESTA,2009,8,1,18,23.7,,,,,,,,947.7,,1.1,,51,0.8,50.6,0,0,0,0,,,,
ZUESTA,2009,8,1,19,22.1,,,,,,,,947.5,,0.9,,4,0,4,0,0,0,0,,,,
ZUESTA,2009,8,1,20,21.3,,,,,,,,947.4,,1.6,,0,0,0,0,0,0,0,,,,
ZUESTA,2009,8,1,21,21.6,,,,,,,,947,,0.8,,0,0,0,0,0,0,0,,,,
ZUESTA,2009,8,1,22,20.6,,,,,,,,946.9,,0.8,,0,0,0,0,0,0,0,,,,
ZUESTA,2009,8,1,23,20.9,,,,,,,,946.5,,1.6,,0,0,0,0,0,0,0,,,,
ZUESTA,2009,8,2,0,19.6,,,,,,,,946,,0.4,,0,0,0,0,0,0,0,,,,
ZUESTA,2009,8,2,1,18.8,,,,,,,,945.8,,0.6,,0,0,0,0,0,0,0,,,,
ZUESTA,2009,8,2,2,19.5,,,,,,,,947.3,,2.8,,0,0,0,0,0,0,0,,,,
ZUESTA,2009,8,2,3,19.7,,,,,,,,948.2,,2.8,,0,0,0,0,0,0,0,,,,
ZUESTA,2009,8,2,4,20.2,,,,,,,,948.4,,1.6,,7,0,0,0,0,0,0,,,,
ZUESTA,2009,8,2,5,18.9,,,,,,,,948.6,,0.8,,55,0,0,0,0,0,0,,,,
ZUESTA,2009,8,2,6,20.3,,,,,,,,948.9,,1.8,,139,0,0,0,0,0,0,,,,
ZUESTA,2009,8,2,7,20.1,,,,,,,,949.3,,2.3,,110,474.3,45.6,0,0,0,0,,,,
ZUESTA,2009,8,2,8,19.1,,,,,,,,950.3,,2.8,,59,2.6,58.2,0,0,0,0,,,,
ZUESTA,2009,8,2,9,17.9,,,,,,,,950.5,,2.4,,55,0.9,54.6,0,0,0,0,,,,
ZUESTA,2009,8,2,10,16.4,,,,,,,,951.2,,3.4,,33,0.2,32.9,0,0,0,0,,,,
ZUESTA,2009,8,2,11,15.4,,,,,,,,951.7,,2.5,,30,0.1,29.9,0,0,0,0,,,,
ZUESTA,2009,8,2,12,15.3,,,,,,,,951.3,,2.3,,54,0.3,53.8,0,0,0,0,,,,
ZUESTA,2009,8,2,13,16.5,,,,,,,,950.9,,1.1,,326,15.9,312.3,0,0,0,0,,,,
ZUESTA,2009,8,2,14,17.4,,,,,,,,951,,1.6,,334,17.8,318.6,0,0,0,0,,,,
ZUESTA,2009,8,2,15,17.7,,,,,,,,950.8,,2,,248,6.4,242.7,0,0,0,0,,,,
ZUESTA,2009,8,2,16,17,,,,,,,,951.3,,1.9,,42,0.2,41.8,0,0,0,0,,,,
ZUESTA,2009,8,2,17,16.5,,,,,,,,951.9,,2.5,,58,0.6,57.6,0,0,0,0,,,,
ZUESTA,2009,8,2,18,16,,,,,,,,952.1,,1.3,,46,0.6,45.7,0,0,0,0,,,,
ZUESTA,2009,8,2,19,15.4,,,,,,,,952,,1.1,,2,0,2,0,0,0,0,,,,
ZUESTA,2009,8,2,20,15.1,,,,,,,,952.4,,0.8,,0,0,0,0,0,0,0,,,,
ZUESTA,2009,8,2,21,15.1,,,,,,,,952.7,,1,,0,0,0,0,0,0,0,,,,
ZUESTA,2009,8,2,22,15.3,,,,,,,,952.8,,0.9,,0,0,0,0,0,0,0,,,,
ZUESTA,2009,8,2,23,15.2,,,,,,,,952.6,,0.9,,0,0,0,0,0,0,0,,,,
ZUESTA,2009,8,3,0,14.8,,,,,,,,952.1,,0.3,,0,0,0,0,0,0,0,,,,
ZUESTA,2009,8,3,1,14.7,,,,,,,,951.9,,0.7,,0,0,0,0,0,0,0,,,,
ZUESTA,2009,8,3,2,14.4,,,,,,,,951.7,,1.3,,0,0,0,0,0,0,0,,,,
ZUESTA,2009,8,3,3,14.3,,,,,,,,951.6,,1.1,,0,0,0,0,0,0,0,,,,
ZUESTA,2009,8,3,4,14.2,,,,,,,,951.4,,0.7,,4,0,0,0,0,0,0,,,,
ZUESTA,2009,8,3,5,14.4,,,,,,,,951.3,,1.2,,22,0,0,0,0,0,0,,,,
ZUESTA,2009,8,3,6,14.7,,,,,,,,951.3,,1.5,,51,0,0,0,0,0,0,,,,
ZUESTA,2009,8,3,7,14.8,,,,,,,,951.6,,1,,38,5.6,37.3,0,0,0,0,,,,
ZUESTA,2009,8,3,8,15,,,,,,,,951.5,,1.7,,65,3.2,64,0,0,0,0,,,,
ZUESTA,2009,8,3,9,15,,,,,,,,951.6,,1.8,,92,2.7,90.8,0,0,0,0,,,,
ZUESTA,2009,8,3,10,14.8,,,,,,,,951.6,,2.6,,143,3.7,140.7,0,0,0,0,,,,
ZUESTA,2009,8,3,11,15,,,,,,,,951.6,,2.7,,221,6.5,216.3,0,0,0,0,,,,
ZUESTA,2009,8,3,12,15.5,,,,,,,,951.5,,2.2,,301,14.2,289.4,0,0,0,0,,,,
ZUESTA,2009,8,3,13,16.3,,,,,,,,951.5,,1.6,,355,24.6,333.8,0,0,0,0,,,,
ZUESTA,2009,8,3,14,17.1,,,,,,,,951.4,,1,,349,22.4,329.7,0,0,0,0,,,,
ZUESTA,2009,8,3,15,15.8,,,,,,,,951.6,,2,,68,0.5,67.6,0,0,0,0,,,,
ZUESTA,2009,8,3,16,15.6,,,,,,,,952,,1.2,,57,0.4,56.7,0,0,0,0,,,,
ZUESTA,2009,8,3,17,15.5,,,,,,,,952.2,,1.1,,40,0.3,39.8,0,0,0,0,,,,
ZUESTA,2009,8,3,18,15.3,,,,,,,,952.9,,1,,10,0,10,0,0,0,0,,,,
ZUESTA,2009,8,3,19,15.1,,,,,,,,953.4,,0.8,,1,0,1,0,0,0,0,,,,
ZUESTA,2009,8,3,20,15.2,,,,,,,,953.8,,0.8,,0,0,0,0,0,0,0,,,,
ZUESTA,2009,8,3,21,15,,,,,,,,954.1,,1.1,,0,0,0,0,0,0,0,,,,
ZUESTA,2009,8,3,22,14.7,,,,,,,,954.3,,1.2,,0,0,0,0,0,0,0,,,,
ZUESTA,2009,8,3,23,14.5,,,,,,,,954.4,,1.3,,0,0,0,0,0,0,0,,,,
ZUESTA,2009,8,4,0,14.2,,,,,,,,954.4,,1.3,,0,0,0,0,0,0,0,,,,
ZUESTA,2009,8,4,1,13.9,,,,,,,,954.5,,1.3,,0,0,0,0,0,0,0,,,,
ZUESTA,2009,8,4,2,13.6,,,,,,,,954.6,,0.8,,0,0,0,0,0,0,0,,,,
ZUESTA,2009,8,4,3,13.3,,,,,,,,955,,1.1,,0,0,0,0,0,0,0,,,,
ZUESTA,2009,8,4,4,13.1,,,,,,,,955.3,,0.6,,7,0,0,0,0,0,0,,,,
ZUESTA,2009,8,4,5,13.4,,,,,,,,955.6,,0.8,,58,0,0,0,0,0,0,,,,
ZUESTA,2009,8,4,6,14.1,,,,,,,,955.9,,0.5,,181,0,0,0,0,0,0,,,,
ZUESTA,2009,8,4,7,14.4,,,,,,,,956.1,,0.9,,270,1739.2,44.6,0,0,0,0,,,,
ZUESTA,2009,8,4,8,15.3,,,,,,,,956.3,,0.7,,505,1418.8,83.3,0,0,0,0,,,,
ZUESTA,2009,8,4,9,17.1,,,,,,,,956.3,,1.3,,735,1333.6,121.3,0,0,0,0,,,,
ZUESTA,2009,8,4,10,18.5,,,,,,,,956.3,,1.7,,766,1053.9,126.4,0,0,0,0,,,,
ZUESTA,2009,8,4,11,20,,,,,,,,956.1,,2.2,,931,1069.1,153.6,0,0,0,0,,,,
ZUESTA,2009,8,4,12,20.8,,,,,,,,955.9,,2.5,,918,943.2,151.5,0,0,0,0,,,,
ZUESTA,2009,8,4,13,21.6,,,,,,,,955.8,,2.2,,873,843.6,149.4,0,0,0,0,,,,
ZUESTA,2009,8,4,14,22,,,,,,,,955.6,,2.1,,716,518.5,270.6,0,0,0,0,,,,
ZUESTA,2009,8,4,15,22.1,,,,,,,,955.4,,2.3,,587,310,333.8,0,0,0,0,,,,
ZUESTA,2009,8,4,16,21.7,,,,,,,,955.3,,2.6,,409,107,330.5,0,0,0,0,,,,
ZUESTA,2009,8,4,17,21.1,,,,,,,,955.3,,2.2,,230,15.1,220.7,0,0,0,0,,,,
ZUESTA,2009,8,4,18,19.1,,,,,,,,955.4,,1.6,,69,1.5,68.3,0,0,0,0,,,,
ZUESTA,2009,8,4,19,17.1,,,,,,,,955.7,,2,,2,0,2,0,0,0,0,,,,
ZUESTA,2009,8,4,20,16.6,,,,,,,,955.8,,2.5,,0,0,0,0,0,0,0,,,,
ZUESTA,2009,8,4,21,16.1,,,,,,,,955.9,,2.4,,0,0,0,0,0,0,0,,,,
ZUESTA,2009,8,4,22,15.4,,,,,,,,955.8,,2,,0,0,0,0,0,0,0,,,,
ZUESTA,2009,8,4,23,14.3,,,,,,,,955.9,,1.3,,0,0,0,0,0,0,0,,,,
ZUESTA,2009,8,5,0,13.7,,,,,,,,955.5,,1.8,,0,0,0,0,0,0,0,,,,
ZUESTA,2009,8,5,1,13.5,,,,,,,,955.6,,1.4,,0,0,0,0,0,0,0,,,,
ZUESTA,2009,8,5,2,12.9,,,,,,,,955.6,,1.7,,0,0,0,0,0,0,0,,,,
ZUESTA,2009,8,5,3,12.8,,,,,,,,955.3,,2.2,,0,0,0,0,0,0,0,,,,
ZUESTA,2009,8,5,4,12.6,,,,,,,,955.5,,2.3,,6,0,0,0,0,0,0,,,,
ZUESTA,2009,8,5,5,12.8,,,,,,,,955.6,,1.8,,99,0,0,0,0,0,0,,,,
ZUESTA,2009,8,5,6,14.4,,,,,,,,955.5,,1.3,,274,0,0,0,0,0,0,,,,
ZUESTA,2009,8,5,7,16,,,,,,,,955.3,,1.7,,456,3009.6,75.2,0,0,0,0,,,,
ZUESTA,2009,8,5,8,17.6,,,,,,,,955.2,,2.5,,615,1744.9,101.5,0,0,0,0,,,,
ZUESTA,2009,8,5,9,19.4,,,,,,,,955.2,,2.7,,748,1365.1,123.4,0,0,0,0,,,,
ZUESTA,2009,8,5,10,21,,,,,,,,955.1,,2.7,,838,1157.8,138.3,0,0,0,0,,,,
ZUESTA,2009,8,5,11,22.1,,,,,,,,955,,2.8,,893,1028.8,147.3,0,0,0,0,,,,
ZUESTA,2009,8,5,12,22.7,,,,,,,,954.7,,2.7,,687,546.1,244.4,0,0,0,0,,,,
ZUESTA,2009,8,5,13,23.8,,,,,,,,954.6,,2.1,,697,482.2,284.6,0,0,0,0,,,,
ZUESTA,2009,8,5,14,24.6,,,,,,,,954.5,,2.3,,735,566.2,250,0,0,0,0,,,,
ZUESTA,2009,8,5,15,24.6,,,,,,,,954.5,,2.2,,582,303.5,334.9,0,0,0,0,,,,
ZUESTA,2009,8,5,16,24.7,,,,,,,,954.5,,2.3,,438,147.6,330.1,0,0,0,0,,,,
ZUESTA,2009,8,5,17,23.5,,,,,,,,954.4,,2.3,,211,10.3,204.7,0,0,0,0,,,,
ZUESTA,2009,8,5,18,21.6,,,,,,,,954.4,,1.5,,67,1.4,66.3,0,0,0,0,,,,
ZUESTA,2009,8,5,19,20.2,,,,,,,,954.6,,1.9,,4,0,4,0,0,0,0,,,,
ZUESTA,2009,8,5,20,19.3,,,,,,,,954.8,,2.6,,0,0,0,0,0,0,0,,,,
ZUESTA,2009,8,5,21,19,,,,,,,,954.7,,3.3,,0,0,0,0,0,0,0,,,,
ZUESTA,2009,8,5,22,18.5,,,,,,,,954.7,,3.5,,0,0,0,0,0,0,0,,,,
ZUESTA,2009,8,5,23,16.9,,,,,,,,954.6,,2.1,,0,0,0,0,0,0,0,,,,
ZUESTA,2009,8,6,0,16.3,,,,,,,,954.5,,1.9,,0,0,0,0,0,0,0,,,,
ZUESTA,2009,8,6,1,16.1,,,,,,,,954.2,,3.1,,0,0,0,0,0,0,0,,,,
ZUESTA,2009,8,6,2,15.6,,,,,,,,954.3,,2.1,,0,0,0,0,0,0,0,,,,
ZUESTA,2009,8,6,3,15.1,,,,,,,,954.3,,1.4,,0,0,0,0,0,0,0,,,,
ZUESTA,2009,8,6,4,14.5,,,,,,,,954.4,,1.4,,6,0,0,0,0,0,0,,,,
ZUESTA,2009,8,6,5,14.9,,,,,,,,954.5,,1.1,,95,0,0,0,0,0,0,,,,
ZUESTA,2009,8,6,6,16.5,,,,,,,,954.6,,0.8,,266,0,0,0,0,0,0,,,,
ZUESTA,2009,8,6,7,17.8,,,,,,,,954.5,,0.8,,442,2991.4,72.9,0,0,0,0,,,,
ZUESTA,2009,8,6,8,19.4,,,,,,,,954.4,,1,,600,1719.4,99,0,0,0,0,,,,
ZUESTA,2009,8,6,9,21.1,,,,,,,,954.4,,1.5,,732,1343.9,120.8,0,0,0,0,,,,
ZUESTA,2009,8,6,10,22.5,,,,,,,,954.5,,1.4,,821,1139.1,135.5,0,0,0,0,,,,
ZUESTA,2009,8,6,11,23.7,,,,,,,,954.2,,1.3,,872,1008,143.9,0,0,0,0,,,,
ZUESTA,2009,8,6,12,24.7,,,,,,,,953.9,,1.4,,869,898.1,143.4,0,0,0,0,,,,
ZUESTA,2009,8,6,13,25.5,,,,,,,,953.5,,1.5,,809,737.5,179.9,0,0,0,0,,,,
ZUESTA,2009,8,6,14,26.1,,,,,,,,953.2,,1.3,,708,509,273.3,0,0,0,0,,,,
ZUESTA,2009,8,6,15,26.3,,,,,,,,953,,1.2,,553,251.8,348.7,0,0,0,0,,,,
ZUESTA,2009,8,6,16,26.3,,,,,,,,952.9,,1.5,,389,87.7,325.1,0,0,0,0,,,,
ZUESTA,2009,8,6,17,25.4,,,,,,,,952.6,,1.4,,216,11.7,208.9,0,0,0,0,,,,
ZUESTA,2009,8,6,18,23.3,,,,,,,,952.7,,1.4,,56,1,55.5,0,0,0,0,,,,
ZUESTA,2009,8,6,19,21,,,,,,,,952.8,,2,,1,0,1,0,0,0,0,,,,
ZUESTA,2009,8,6,20,20.4,,,,,,,,952.9,,2.1,,0,0,0,0,0,0,0,,,,
ZUESTA,2009,8,6,21,19.5,,,,,,,,952.9,,1.3,,0,0,0,0,0,0,0,,,,
ZUESTA,2009,8,6,22,19.1,,,,,,,,952.7,,2.1,,0,0,0,0,0,0,0,,,,
ZUESTA,2009,8,6,23,18,,,,,,,,952.9,,1.3,,0,0,0,0,0,0,0,,,,
ZUESTA,2009,8,7,0,17.6,,,,,,,,952.7,,1.3,,0,0,0,0,0,0,0,,,,
ZUESTA,2009,8,7,1,17.2,,,,,,,,952.5,,1.2,,0,0,0,0,0,0,0,,,,
ZUESTA,2009,8,7,2,16.6,,,,,,,,952.5,,1.2,,0,0,0,0,0,0,0,,,,
ZUESTA,2009,8,7,3,16.2,,,,,,,,952.6,,1.3,,0,0,0,0,0,0,0,,,,
ZUESTA,2009,8,7,4,15.9,,,,,,,,952.7,,1,,7,0,0,0,0,0,0,,,,
ZUESTA,2009,8,7,5,16.8,,,,,,,,953,,0.6,,74,0,0,0,0,0,0,,,,
ZUESTA,2009,8,7,6,18,,,,,,,,953.1,,0.3,,246,0,0,0,0,0,0,,,,
ZUESTA,2009,8,7,7,19.1,,,,,,,,953.1,,0.6,,377,2618.7,62.2,0,0,0,0,,,,
ZUESTA,2009,8,7,8,20.5,,,,,,,,953,,0.7,,547,1583.7,90.3,0,0,0,0,,,,
ZUESTA,2009,8,7,9,22.5,,,,,,,,953.1,,0.8,,682,1259.8,112.5,0,0,0,0,,,,
ZUESTA,2009,8,7,10,24.3,,,,,,,,953,,0.9,,795,1107.8,131.2,0,0,0,0,,,,
ZUESTA,2009,8,7,11,25.5,,,,,,,,952.9,,1.3,,862,999.9,142.2,0,0,0,0,,,,
ZUESTA,2009,8,7,12,25.8,,,,,,,,952.8,,1,,544,242.6,348.6,0,0,0,0,,,,
ZUESTA,2009,8,7,13,26.7,,,,,,,,952.7,,1.5,,660,408.5,312.6,0,0,0,0,,,,
ZUESTA,2009,8,7,14,27.4,,,,,,,,952.5,,1.5,,606,297.7,352.5,0,0,0,0,,,,
ZUESTA,2009,8,7,15,27.6,,,,,,,,952.2,,1.5,,561,269.7,342.9,0,0,0,0,,,,
ZUESTA,2009,8,7,16,27.2,,,,,,,,952,,1.5,,391,91.4,324.7,0,0,0,0,,,,
ZUESTA,2009,8,7,17,26.8,,,,,,,,952.1,,1,,198,8.3,193,0,0,0,0,,,,
ZUESTA,2009,8,7,18,25.8,,,,,,,,952.4,,2.5,,47,0.7,46.7,0,0,0,0,,,,
ZUESTA,2009,8,7,19,24.4,,,,,,,,952.8,,2.6,,1,0,1,0,0,0,0,,,,
ZUESTA,2009,8,7,20,22.8,,,,,,,,953.3,,1.5,,0,0,0,0,0,0,0,,,,
ZUESTA,2009,8,7,21,21.3,,,,,,,,953.6,,0.8,,0,0,0,0,0,0,0,,,,
ZUESTA,2009,8,7,22,20.9,,,,,,,,953.8,,1.1,,0,0,0,0,0,0,0,,,,
ZUESTA,2009,8,7,23,20.2,,,,,,,,953.7,,1.1,,0,0,0,0,0,0,0,,,,
ZUESTA,2009,8,8,0,19.2,,,,,,,,953.4,,0.7,,0,0,0,0,0,0,0,,,,
ZUESTA,2009,8,8,1,19.1,,,,,,,,953.2,,0.6,,0,0,0,0,0,0,0,,,,
ZUESTA,2009,8,8,2,18.5,,,,,,,,952.8,,0.9,,0,0,0,0,0,0,0,,,,
ZUESTA,2009,8,8,3,18.1,,,,,,,,952.6,,0.5,,0,0,0,0,0,0,0,,,,
ZUESTA,2009,8,8,4,18,,,,,,,,952.5,,0.4,,4,0,0,0,0,0,0,,,,
ZUESTA,2009,8,8,5,18.4,,,,,,,,952.8,,0.9,,50,0,0,0,0,0,0,,,,
ZUESTA,2009,8,8,6,19.5,,,,,,,,953,,1.3,,170,0,0,0,0,0,0,,,,
ZUESTA,2009,8,8,7,20.1,,,,,,,,953.1,,2,,211,1505.7,34.8,0,0,0,0,,,,
ZUESTA,2009,8,8,8,20.6,,,,,,,,953.1,,1.7,,301,881,49.6,0,0,0,0,,,,
ZUESTA,2009,8,8,9,20.6,,,,,,,,953.1,,1.1,,139,6.9,135.9,0,0,0,0,,,,
ZUESTA,2009,8,8,10,19.7,,,,,,,,953.2,,2,,56,0.6,55.6,0,0,0,0,,,,
ZUESTA,2009,8,8,11,18.4,,,,,,,,952.9,,2.4,,58,0.4,57.7,0,0,0,0,,,,
ZUESTA,2009,8,8,12,17.8,,,,,,,,953.1,,2.6,,15,0,15,0,0,0,0,,,,
ZUESTA,2009,8,8,13,17.7,,,,,,,,953.5,,2.4,,29,0.1,28.9,0,0,0,0,,,,
ZUESTA,2009,8,8,14,17.7,,,,,,,,953.8,,1.9,,42,0.2,41.9,0,0,0,0,,,,
ZUESTA,2009,8,8,15,18,,,,,,,,953.9,,0.6,,103,1.1,102.1,0,0,0,0,,,,
ZUESTA,2009,8,8,16,18.1,,,,,,,,953.8,,0.7,,84,0.9,83.3,0,0,0,0,,,,
ZUESTA,2009,8,8,17,18.1,,,,,,,,953.7,,0.6,,66,0.8,65.5,0,0,0,0,,,,
ZUESTA,2009,8,8,18,17.8,,,,,,,,953.5,,0.6,,36,0.4,35.8,0,0,0,0,,,,
ZUESTA,2009,8,8,19,17.3,,,,,,,,953.6,,0.9,,1,0,1,0,0,0,0,,,,
ZUESTA,2009,8,8,20,17.5,,,,,,,,953.9,,0.6,,0,0,0,0,0,0,0,,,,
ZUESTA,2009,8,8,21,17.6,,,,,,,,953.9,,1,,0,0,0,0,0,0,0,,,,
ZUESTA,2009,8,8,22,17.3,,,,,,,,953.9,,0.5,,0,0,0,0,0,0,0,,,,
ZUESTA,2009,8,8,23,16.9,,,,,,,,953.7,,0.6,,0,0,0,0,0,0,0,,,,
ZUESTA,2009,8,9,0,16.4,,,,,,,,953.3,,0.7,,0,0,0,0,0,0,0,,,,
ZUESTA,2009,8,9,1,16.6,,,,,,,,953.1,,1.4,,0,0,0,0,0,0,0,,,,
ZUESTA,2009,8,9,2,16.9,,,,,,,,953,,0.4,,1,0,0,0,0,0,0,,,,
ZUESTA,2009,8,9,3,16.9,,,,,,,,953,,0.9,,0,0,0,0,0,0,0,,,,
ZUESTA,2009,8,9,4,16.9,,,,,,,,953,,0.7,,2,0,0,0,0,0,0,,,,
ZUESTA,2009,8,9,5,17,,,,,,,,953.1,,0.7,,34,0,0,0,0,0,0,,,,
ZUESTA,2009,8,9,6,17.2,,,,,,,,953,,0.8,,120,0,0,0,0,0,0,,,,
ZUESTA,2009,8,9,7,17.6,,,,,,,,952.9,,0.8,,151,1108.1,24.9,0,0,0,0,,,,
ZUESTA,2009,8,9,8,18.2,,,,,,,,952.7,,0.8,,222,426.5,101.6,0,0,0,0,,,,
ZUESTA,2009,8,9,9,19.2,,,,,,,,952.6,,1.3,,388,586.7,126.1,0,0,0,0,,,,
ZUESTA,2009,8,9,10,20.6,,,,,,,,952.4,,1.6,,667,937.7,110.1,0,0,0,0,,,,
ZUESTA,2009,8,9,11,21.8,,,,,,,,952.2,,1.9,,680,741.8,149.8,0,0,0,0,,,,
ZUESTA,2009,8,9,12,22.7,,,,,,,,952.1,,1.9,,822,853.8,138.6,0,0,0,0,,,,
ZUESTA,2009,8,9,13,23.8,,,,,,,,951.7,,1.7,,838,806.6,156.1,0,0,0,0,,,,
ZUESTA,2009,8,9,14,23.8,,,,,,,,951.4,,1.6,,671,439.1,299.4,0,0,0,0,,,,
ZUESTA,2009,8,9,15,24.1,,,,,,,,951.1,,1.4,,498,170.1,361.4,0,0,0,0,,,,
ZUESTA,2009,8,9,16,23.8,,,,,,,,950.8,,1.3,,345,52.1,307.5,0,0,0,0,,,,
ZUESTA,2009,8,9,17,22.8,,,,,,,,950.6,,1,,148,4.1,145.5,0,0,0,0,,,,
ZUESTA,2009,8,9,18,21,,,,,,,,950.6,,1.2,,29,0.3,28.9,0,0,0,0,,,,
ZUESTA,2009,8,9,19,19.7,,,,,,,,951.1,,1.6,,0,0,0,0,0,0,0,,,,
ZUESTA,2009,8,9,20,19.4,,,,,,,,951.6,,1.2,,0,0,0,0,0,0,0,,,,
ZUESTA,2009,8,9,21,19.1,,,,,,,,951.8,,0.7,,0,0,0,0,0,0,0,,,,
ZUESTA,2009,8,9,22,19.3,,,,,,,,952,,1.4,,0,0,0,0,0,0,0,,,,
ZUESTA,2009,8,9,23,19.6,,,,,,,,952.2,,2,,0,0,0,0,0,0,0,,,,
ZUESTA,2009,8,10,0,19.5,,,,,,,,952.4,,1.6,,0,0,0,0,0,0,0,,,,
ZUESTA,2009,8,10,1,18.8,,,,,,,,952.2,,1.4,,0,0,0,0,0,0,0,,,,
ZUESTA,2009,8,10,2,18,,,,,,,,952.2,,1.6,,0,0,0,0,0,0,0,,,,
ZUESTA,2009,8,10,3,17.6,,,,,,,,952.2,,1.3,,0,0,0,0,0,0,0,,,,
ZUESTA,2009,8,10,4,17.7,,,,,,,,952.2,,1.4,,2,0,0,0,0,0,0,,,,
ZUESTA,2009,8,10,5,17.8,,,,,,,,952.3,,1.5,,26,0,0,0,0,0,0,,,,
ZUESTA,2009,8,10,6,18,,,,,,,,952.8,,1.8,,94,0,0,0,0,0,0,,,,
ZUESTA,2009,8,10,7,18.7,,,,,,,,952.9,,1.3,,131,989.5,21.6,0,0,0,0,,,,
ZUESTA,2009,8,10,8,19.5,,,,,,,,953.1,,1.7,,220,428.8,100.2,0,0,0,0,,,,
ZUESTA,2009,8,10,9,19.9,,,,,,,,953.3,,2.7,,249,109.5,200.4,0,0,0,0,,,,
ZUESTA,2009,8,10,10,20.6,,,,,,,,953.3,,2.1,,492,513.9,188.2,0,0,0,0,,,,
ZUESTA,2009,8,10,11,20.9,,,,,,,,953.2,,2.1,,335,47.1,301.4,0,0,0,0,,,,
ZUESTA,2009,8,10,12,21.3,,,,,,,,953.1,,2.6,,311,18.3,296.4,0,0,0,0,,,,
ZUESTA,2009,8,10,13,22.1,,,,,,,,952.7,,2.6,,498,137.9,381.8,0,0,0,0,,,,
ZUESTA,2009,8,10,14,21.9,,,,,,,,952.8,,3.8,,369,32.8,341.4,0,0,0,0,,,,
ZUESTA,2009,8,10,15,18.2,,,,,,,,953.2,,3.6,,92,0.9,91.3,0,0,0,0,,,,
ZUESTA,2009,8,10,16,18.1,,,,,,,,953.6,,2.3,,103,1.4,102,0,0,0,0,,,,
ZUESTA,2009,8,10,17,18.2,,,,,,,,953.7,,1.2,,39,0.3,38.8,0,0,0,0,,,,
ZUESTA,2009,8,10,18,18,,,,,,,,953.8,,1.2,,7,0,7,0,0,0,0,,,,
ZUESTA,2009,8,10,19,18,,,,,,,,954.5,,1.2,,1,0,1,0,0,0,0,,,,
ZUESTA,2009,8,10,20,18.1,,,,,,,,955,,1.8,,1,0,1,0,0,0,0,,,,
ZUESTA,2009,8,10,21,18.1,,,,,,,,955.2,,1.9,,0,0,0,0,0,0,0,,,,
ZUESTA,2009,8,10,22,17.9,,,,,,,,955.5,,1.9,,0,0,0,0,0,0,0,,,,
ZUESTA,2009,8,10,23,18.1,,,,,,,,955.8,,1.3,,0,0,0,0,0,0,0,,,,
ZUESTA,2009,8,11,0,17.9,,,,,,,,955.9,,1.6,,0,0,0,0,0,0,0,,,,
ZUESTA,2009,8,11,1,17.4,,,,,,,,955.8,,1,,0,0,0,0,0,0,0,,,,
ZUESTA,2009,8,11,2,17.3,,,,,,,,955.7,,1.4,,0,0,0,0,0,0,0,,,,
ZUESTA,2009,8,11,3,17.4,,,,,,,,955.6,,1,,0,0,0,0,0,0,0,,,,
ZUESTA,2009,8,11,4,16.8,,,,,,,,955.8,,1.1,,4,0,0,0,0,0,0,,,,
ZUESTA,2009,8,11,5,17.2,,,,,,,,956.2,,1,,48,0,0,0,0,0,0,,,,
ZUESTA,2009,8,11,6,17.8,,,,,,,,956.4,,1.9,,125,0,0,0,0,0,0,,,,
ZUESTA,2009,8,11,7,18.5,,,,,,,,956.5,,2.3,,358,2786.8,59.1,0,0,0,0,,,,
ZUESTA,2009,8,11,8,19.5,,,,,,,,956.7,,2.3,,520,1571.7,85.8,0,0,0,0,,,,
ZUESTA,2009,8,11,9,20.8,,,,,,,,956.9,,3.2,,618,1171,102,0,0,0,0,,,,
ZUESTA,2009,8,11,10,21.6,,,,,,,,956.8,,3.4,,656,930.8,108.2,0,0,0,0,,,,
ZUESTA,2009,8,11,11,22.5,,,,,,,,956.8,,3.7,,795,935.7,131.2,0,0,0,0,,,,
ZUESTA,2009,8,11,12,22.8,,,,,,,,956.6,,2.7,,557,279,335.1,0,0,0,0,,,,
ZUESTA,2009,8,11,13,23.3,,,,,,,,956.5,,2.4,,663,431.5,300.5,0,0,0,0,,,,
ZUESTA,2009,8,11,14,23,,,,,,,,956.5,,2.5,,339,21.7,320.8,0,0,0,0,,,,
ZUESTA,2009,8,11,15,22.3,,,,,,,,956.8,,2.5,,243,6.5,237.8,0,0,0,0,,,,
ZUESTA,2009,8,11,16,21.9,,,,,,,,956.7,,2,,205,5.6,201,0,0,0,0,,,,
ZUESTA,2009,8,11,17,21.6,,,,,,,,956.6,,2,,197,8.8,191.8,0,0,0,0,,,,
ZUESTA,2009,8,11,18,20.7,,,,,,,,956.9,,1.8,,36,0.4,35.8,0,0,0,0,,,,
ZUESTA,2009,8,11,19,20.3,,,,,,,,957.1,,1.9,,1,0,1,0,0,0,0,,,,
ZUESTA,2009,8,11,20,19.7,,,,,,,,957.4,,1.8,,0,0,0,0,0,0,0,,,,
ZUESTA,2009,8,11,21,19.5,,,,,,,,957.6,,1.6,,0,0,0,0,0,0,0,,,,
ZUESTA,2009,8,11,22,19.1,,,,,,,,957.5,,1.1,,0,0,0,0,0,0,0,,,,
ZUESTA,2009,8,11,23,18.8,,,,,,,,957.5,,1.1,,0,0,0,0,0,0,0,,,,
ZUESTA,2009,8,12,0,18.4,,,,,,,,957.3,,0.8,,0,0,0,0,0,0,0,,,,
ZUESTA,2009,8,12,1,17.9,,,,,,,,956.9,,0.7,,0,0,0,0,0,0,0,,,,
ZUESTA,2009,8,12,2,17,,,,,,,,956.9,,1.1,,0,0,0,0,0,0,0,,,,
ZUESTA,2009,8,12,3,16.9,,,,,,,,957,,0.9,,0,0,0,0,0,0,0,,,,
ZUESTA,2009,8,12,4,16.9,,,,,,,,957.2,,0.5,,3,0,0,0,0,0,0,,,,
ZUESTA,2009,8,12,5,17.1,,,,,,,,957.5,,0.3,,48,0,0,0,0,0,0,,,,
ZUESTA,2009,8,12,6,18,,,,,,,,957.7,,0.4,,130,0,0,0,0,0,0,,,,
ZUESTA,2009,8,12,7,18.8,,,,,,,,957.8,,1.1,,247,1983.8,40.8,0,0,0,0,,,,
ZUESTA,2009,8,12,8,19.4,,,,,,,,957.8,,1.2,,477,1458.2,78.7,0,0,0,0,,,,
ZUESTA,2009,8,12,9,20.3,,,,,,,,957.7,,1.1,,633,1207.4,104.4,0,0,0,0,,,,
ZUESTA,2009,8,12,10,21.7,,,,,,,,957.5,,1.2,,644,918.1,106.3,0,0,0,0,,,,
ZUESTA,2009,8,12,11,23,,,,,,,,957,,1.4,,865,1021.9,142.7,0,0,0,0,,,,
ZUESTA,2009,8,12,12,23.6,,,,,,,,956.6,,1.9,,833,878,137.1,0,0,0,0,,,,
ZUESTA,2009,8,12,13,24.4,,,,,,,,956.3,,2.2,,776,696.3,192.9,0,0,0,0,,,,
ZUESTA,2009,8,12,14,24.4,,,,,,,,955.9,,1.9,,611,325,338.7,0,0,0,0,,,,
ZUESTA,2009,8,12,15,24.6,,,,,,,,955.5,,2.5,,561,288.1,332.2,0,0,0,0,,,,
ZUESTA,2009,8,12,16,24.2,,,,,,,,955.1,,2.4,,370,77.7,314.9,0,0,0,0,,,,
ZUESTA,2009,8,12,17,23.5,,,,,,,,954.8,,2,,192,8.2,187.2,0,0,0,0,,,,
ZUESTA,2009,8,12,18,22.4,,,,,,,,954.8,,1.8,,44,0.7,43.7,0,0,0,0,,,,
ZUESTA,2009,8,12,19,20.8,,,,,,,,955.2,,1,,1,0,1,0,0,0,0,,,,
ZUESTA,2009,8,12,20,19.1,,,,,,,,955.4,,0.6,,0,0,0,0,0,0,0,,,,
ZUESTA,2009,8,12,21,18.4,,,,,,,,955.5,,0.3,,0,0,0,0,0,0,0,,,,
ZUESTA,2009,8,12,22,17.8,,,,,,,,955.4,,0.4,,0,0,0,0,0,0,0,,,,
ZUESTA,2009,8,12,23,17.3,,,,,,,,955.3,,0.8,,0,0,0,0,0,0,0,,,,
ZUESTA,2009,8,13,0,16.9,,,,,,,,955.1,,0.3,,0,0,0,0,0,0,0,,,,
ZUESTA,2009,8,13,1,16.9,,,,,,,,954.8,,0.7,,0,0,0,0,0,0,0,,,,
ZUESTA,2009,8,13,2,16.6,,,,,,,,954.6,,0.5,,0,0,0,0,0,0,0,,,,
ZUESTA,2009,8,13,3,16.5,,,,,,,,954.3,,0.5,,0,0,0,0,0,0,0,,,,
ZUESTA,2009,8,13,4,16.5,,,,,,,,954.3,,0.8,,4,0,0,0,0,0,0,,,,
ZUESTA,2009,8,13,5,16.8,,,,,,,,954.2,,1.1,,74,0,0,0,0,0,0,,,,
ZUESTA,2009,8,13,6,17.6,,,,,,,,954.3,,0.8,,240,0,0,0,0,0,0,,,,
ZUESTA,2009,8,13,7,19,,,,,,,,954.4,,0.9,,415,3443.1,68.5,0,0,0,0,,,,
ZUESTA,2009,8,13,8,20.5,,,,,,,,954.4,,1.3,,570,1762.8,94.1,0,0,0,0,,,,
ZUESTA,2009,8,13,9,22.1,,,,,,,,954.1,,1.7,,706,1355.8,116.5,0,0,0,0,,,,
ZUESTA,2009,8,13,10,23.4,,,,,,,,953.7,,1.9,,794,1137.4,131,0,0,0,0,,,,
ZUESTA,2009,8,13,11,24.3,,,,,,,,953.4,,2.6,,880,1043.7,145.2,0,0,0,0,,,,
ZUESTA,2009,8,13,12,24,,,,,,,,953.1,,2.8,,464,133.8,358.3,0,0,0,0,,,,
ZUESTA,2009,8,13,13,23.9,,,,,,,,952.9,,2,,490,133.6,378.5,0,0,0,0,,,,
ZUESTA,2009,8,13,14,24.3,,,,,,,,952.6,,2.9,,504,150.8,378.1,0,0,0,0,,,,
ZUESTA,2009,8,13,15,25,,,,,,,,952.3,,2.6,,550,270.6,335.9,0,0,0,0,,,,
ZUESTA,2009,8,13,16,24.4,,,,,,,,951.9,,2.6,,325,42.2,295.2,0,0,0,0,,,,
ZUESTA,2009,8,13,17,24,,,,,,,,951.6,,2.4,,170,5.7,166.7,0,0,0,0,,,,
ZUESTA,2009,8,13,18,23.3,,,,,,,,951.6,,2.3,,37,0.5,36.8,0,0,0,0,,,,
ZUESTA,2009,8,13,19,22.6,,,,,,,,952,,1.6,,0,0,0,0,0,0,0,,,,
ZUESTA,2009,8,13,20,21.7,,,,,,,,952.6,,1.3,,0,0,0,0,0,0,0,,,,
ZUESTA,2009,8,13,21,20.4,,,,,,,,952.7,,0.6,,0,0,0,0,0,0,0,,,,
ZUESTA,2009,8,13,22,20,,,,,,,,953.1,,2.6,,0,0,0,0,0,0,0,,,,
ZUESTA,2009,8,13,23,18.7,,,,,,,,953.3,,2.8,,0,0,0,0,0,0,0,,,,
ZUESTA,2009,8,14,0,18.2,,,,,,,,953.1,,2.6,,0,0,0,0,0,0,0,,,,
ZUESTA,2009,8,14,1,17.8,,,,,,,,953.1,,1.3,,0,0,0,0,0,0,0,,,,
ZUESTA,2009,8,14,2,16.7,,,,,,,,952.9,,1.7,,0,0,0,0,0,0,0,,,,
ZUESTA,2009,8,14,3,16.3,,,,,,,,952.7,,2,,0,0,0,0,0,0,0,,,,
ZUESTA,2009,8,14,4,15.8,,,,,,,,952.9,,1.5,,4,0,0,0,0,0,0,,,,
ZUESTA,2009,8,14,5,16.1,,,,,,,,953.2,,0.5,,58,0,0,0,0,0,0,,,,
ZUESTA,2009,8,14,6,17.2,,,,,,,,953.4,,0.4,,225,0,0,0,0,0,0,,,,
ZUESTA,2009,8,14,7,18.6,,,,,,,,953.6,,0.9,,404,3467,66.7,0,0,0,0,,,,
ZUESTA,2009,8,14,8,20.2,,,,,,,,953.9,,1,,575,1799.4,94.9,0,0,0,0,,,,
ZUESTA,2009,8,14,9,21.9,,,,,,,,953.9,,1.3,,752,1454.1,124.1,0,0,0,0,,,,
ZUESTA,2009,8,14,10,22,,,,,,,,953.9,,1.5,,507,594.4,162.2,0,0,0,0,,,,
ZUESTA,2009,8,14,11,23.7,,,,,,,,953.7,,1.5,,809,963.3,133.5,0,0,0,0,,,,
ZUESTA,2009,8,14,12,24.5,,,,,,,,953.5,,1.3,,800,840.4,138.5,0,0,0,0,,,,
ZUESTA,2009,8,14,13,25,,,,,,,,953.3,,1.5,,661,440.9,294.3,0,0,0,0,,,,
ZUESTA,2009,8,14,14,23.9,,,,,,,,953.4,,1.9,,403,54.2,357.9,0,0,0,0,,,,
ZUESTA,2009,8,14,15,23.8,,,,,,,,953.4,,1.5,,380,53,338.2,0,0,0,0,,,,
ZUESTA,2009,8,14,16,24.2,,,,,,,,953.5,,1.4,,373,84.3,313.8,0,0,0,0,,,,
ZUESTA,2009,8,14,17,23.6,,,,,,,,953.4,,1.2,,182,7.1,177.9,0,0,0,0,,,,
ZUESTA,2009,8,14,18,21.9,,,,,,,,953.4,,1.4,,38,0.5,37.8,0,0,0,0,,,,
ZUESTA,2009,8,14,19,21,,,,,,,,953.7,,1.6,,0,0,0,0,0,0,0,,,,
ZUESTA,2009,8,14,20,20.1,,,,,,,,954.2,,1.5,,0,0,0,0,0,0,0,,,,
ZUESTA,2009,8,14,21,18.5,,,,,,,,954.5,,1,,0,0,0,0,0,0,0,,,,
ZUESTA,2009,8,14,22,18.3,,,,,,,,954.8,,0.7,,0,0,0,0,0,0,0,,,,
ZUESTA,2009,8,14,23,17.5,,,,,,,,954.9,,0.4,,0,0,0,0,0,0,0,,,,
ZUESTA,2009,8,15,0,17.4,,,,,,,,954.6,,0.3,,0,0,0,0,0,0,0,,,,
ZUESTA,2009,8,15,1,17,,,,,,,,954.4,,0.3,,0,0,0,0,0,0,0,,,,
ZUESTA,2009,8,15,2,16.4,,,,,,,,954.2,,0.3,,0,0,0,0,0,0,0,,,,
ZUESTA,2009,8,15,3,16.1,,,,,,,,954.1,,0.4,,0,0,0,0,0,0,0,,,,
ZUESTA,2009,8,15,4,15.9,,,,,,,,954.3,,0.4,,3,0,0,0,0,0,0,,,,
ZUESTA,2009,8,15,5,16.1,,,,,,,,954.6,,0,,67,0,0,0,0,0,0,,,,
ZUESTA,2009,8,15,6,17.3,,,,,,,,954.8,,0.7,,232,0,0,0,0,0,0,,,,
ZUESTA,2009,8,15,7,18.7,,,,,,,,954.8,,0.7,,412,3662.4,68,0,0,0,0,,,,
ZUESTA,2009,8,15,8,20.5,,,,,,,,954.9,,0.7,,575,1821.2,94.9,0,0,0,0,,,,
ZUESTA,2009,8,15,9,22.6,,,,,,,,955,,1.1,,711,1384.5,117.3,0,0,0,0,,,,
ZUESTA,2009,8,15,10,24.4,,,,,,,,954.9,,1.7,,808,1168.9,133.3,0,0,0,0,,,,
ZUESTA,2009,8,15,11,25.9,,,,,,,,954.6,,1.8,,856,1023.4,141.2,0,0,0,0,,,,
ZUESTA,2009,8,15,12,27.1,,,,,,,,954.5,,2,,840,894.4,138.6,0,0,0,0,,,,
ZUESTA,2009,8,15,13,27.7,,,,,,,,954.4,,3.2,,786,734.6,177.2,0,0,0,0,,,,
ZUESTA,2009,8,15,14,28.1,,,,,,,,954.1,,3,,683,496.2,271.7,0,0,0,0,,,,
ZUESTA,2009,8,15,15,28.5,,,,,,,,953.7,,2.6,,537,253.8,337.8,0,0,0,0,,,,
ZUESTA,2009,8,15,16,27.8,,,,,,,,953.5,,2.5,,361,73.8,309.4,0,0,0,0,,,,
ZUESTA,2009,8,15,17,27.1,,,,,,,,953.3,,1.4,,178,6.7,174.1,0,0,0,0,,,,
ZUESTA,2009,8,15,18,24.4,,,,,,,,953.4,,0.7,,36,0.5,35.8,0,0,0,0,,,,
ZUESTA,2009,8,15,19,22.5,,,,,,,,953.9,,1.2,,0,0,0,0,0,0,0,,,,
ZUESTA,2009,8,15,20,21.6,,,,,,,,954.3,,0.5,,0,0,0,0,0,0,0,,,,
ZUESTA,2009,8,15,21,21.3,,,,,,,,954.5,,0.8,,0,0,0,0,0,0,0,,,,
ZUESTA,2009,8,15,22,21,,,,,,,,954.5,,0.8,,0,0,0,0,0,0,0,,,,
ZUESTA,2009,8,15,23,19.6,,,,,,,,954.6,,0.4,,0,0,0,0,0,0,0,,,,
ZUESTA,2009,8,16,0,19.1,,,,,,,,954.5,,0.2,,0,0,0,0,0,0,0,,,,
ZUESTA,2009,8,16,1,18.7,,,,,,,,954.4,,0.4,,0,0,0,0,0,0,0,,,,
ZUESTA,2009,8,16,2,18.1,,,,,,,,954.4,,0.4,,0,0,0,0,0,0,0,,,,
ZUESTA,2009,8,16,3,17.9,,,,,,,,954.4,,0.2,,0,0,0,0,0,0,0,,,,
ZUESTA,2009,8,16,4,17.5,,,,,,,,954.5,,0.2,,3,0,0,0,0,0,0,,,,
ZUESTA,2009,8,16,5,18.1,,,,,,,,954.8,,0.4,,66,0,0,0,0,0,0,,,,
ZUESTA,2009,8,16,6,18.8,,,,,,,,955.1,,0.7,,234,0,0,0,0,0,0,,,,
ZUESTA,2009,8,16,7,20.3,,,,,,,,955.1,,0.9,,412,3799.4,68,0,0,0,0,,,,
ZUESTA,2009,8,16,8,22.5,,,,,,,,955,,0.9,,575,1843.7,94.9,0,0,0,0,,,,
ZUESTA,2009,8,16,9,24.5,,,,,,,,955.1,,1.1,,704,1380.7,116.2,0,0,0,0,,,,
ZUESTA,2009,8,16,10,26.2,,,,,,,,954.8,,1.7,,803,1167.6,132.5,0,0,0,0,,,,
ZUESTA,2009,8,16,11,27.6,,,,,,,,954.5,,1.7,,796,955.6,131.3,0,0,0,0,,,,
ZUESTA,2009,8,16,12,28.2,,,,,,,,954.2,,1.6,,685,598.7,217.2,0,0,0,0,,,,
ZUESTA,2009,8,16,13,28.3,,,,,,,,953.9,,1.3,,546,220.7,363.8,0,0,0,0,,,,
ZUESTA,2009,8,16,14,28.6,,,,,,,,953.6,,1.5,,542,214.2,365.1,0,0,0,0,,,,
ZUESTA,2009,8,16,15,28.5,,,,,,,,953.4,,2,,392,64.1,341.9,0,0,0,0,,,,
ZUESTA,2009,8,16,16,28.9,,,,,,,,953.2,,1.8,,381,97.3,313.4,0,0,0,0,,,,
ZUESTA,2009,8,16,17,27.8,,,,,,,,952.9,,1.9,,161,5.3,157.9,0,0,0,0,,,,
ZUESTA,2009,8,16,18,25.4,,,,,,,,953,,0.7,,37,0.5,36.8,0,0,0,0,,,,
ZUESTA,2009,8,16,19,23.3,,,,,,,,953.4,,0.4,,0,0,0,0,0,0,0,,,,
ZUESTA,2009,8,16,20,22.8,,,,,,,,953.7,,1,,0,0,0,0,0,0,0,,,,
ZUESTA,2009,8,16,21,22.1,,,,,,,,953.7,,0.5,,0,0,0,0,0,0,0,,,,
ZUESTA,2009,8,16,22,21.7,,,,,,,,953.9,,0.5,,0,0,0,0,0,0,0,,,,
ZUESTA,2009,8,16,23,21.2,,,,,,,,954.1,,0.7,,0,0,0,0,0,0,0,,,,
ZUESTA,2009,8,17,0,20.4,,,,,,,,953.9,,0.7,,0,0,0,0,0,0,0,,,,
ZUESTA,2009,8,17,1,20.5,,,,,,,,953.8,,1.1,,0,0,0,0,0,0,0,,,,
ZUESTA,2009,8,17,2,20.4,,,,,,,,953.8,,1,,0,0,0,0,0,0,0,,,,
ZUESTA,2009,8,17,3,20,,,,,,,,953.7,,0.6,,0,0,0,0,0,0,0,,,,
ZUESTA,2009,8,17,4,19.4,,,,,,,,953.6,,0.5,,2,0,0,0,0,0,0,,,,
ZUESTA,2009,8,17,5,19.1,,,,,,,,953.8,,0.4,,63,0,0,0,0,0,0,,,,
ZUESTA,2009,8,17,6,20,,,,,,,,954,,0.6,,234,0,0,0,0,0,0,,,,
ZUESTA,2009,8,17,7,21.4,,,,,,,,954,,0.9,,409,3919.1,67.5,0,0,0,0,,,,
ZUESTA,2009,8,17,8,23.1,,,,,,,,954.1,,1,,565,1834.5,93.2,0,0,0,0,,,,
ZUESTA,2009,8,17,9,25.5,,,,,,,,954.2,,1.5,,689,1361.1,113.7,0,0,0,0,,,,
ZUESTA,2009,8,17,10,26.9,,,,,,,,954,,1.6,,799,1167.8,131.8,0,0,0,0,,,,
ZUESTA,2009,8,17,11,28,,,,,,,,953.8,,1.8,,816,983.7,134.6,0,0,0,0,,,,
ZUESTA,2009,8,17,12,28.3,,,,,,,,953.4,,2.5,,623,450.1,272.6,0,0,0,0,,,,
ZUESTA,2009,8,17,13,28.7,,,,,,,,953,,2.2,,567,260.3,352.9,0,0,0,0,,,,
ZUESTA,2009,8,17,14,29.7,,,,,,,,952.4,,3,,694,533.7,255,0,0,0,0,,,,
ZUESTA,2009,8,17,15,29.6,,,,,,,,951.7,,2.9,,486,174.1,350.6,0,0,0,0,,,,
ZUESTA,2009,8,17,16,28.7,,,,,,,,951.3,,3.2,,206,6.1,201.8,0,0,0,0,,,,
ZUESTA,2009,8,17,17,26.3,,,,,,,,951.7,,2.8,,35,0.3,34.9,0,0,0,0,,,,
ZUESTA,2009,8,17,18,22.8,,,,,,,,952.4,,2.9,,7,0,7,0,0,0,0,,,,
ZUESTA,2009,8,17,19,19,,,,,,,,953,,1.7,,1,0,1,0,0,0,0,,,,
ZUESTA,2009,8,17,20,19.4,,,,,,,,953.9,,1.5,,0,0,0,0,0,0,0,,,,
ZUESTA,2009,8,17,21,19.1,,,,,,,,954.1,,1,,0,0,0,0,0,0,0,,,,
ZUESTA,2009,8,17,22,19.4,,,,,,,,954.6,,1.4,,0,0,0,0,0,0,0,,,,
ZUESTA,2009,8,17,23,19.4,,,,,,,,954.9,,0.9,,0,0,0,0,0,0,0,,,,
ZUESTA,2009,8,18,0,19.3,,,,,,,,954.8,,0.7,,0,0,0,0,0,0,0,,,,
ZUESTA,2009,8,18,1,19,,,,,,,,954.9,,0.6,,0,0,0,0,0,0,0,,,,
ZUESTA,2009,8,18,2,18.5,,,,,,,,954.9,,0.9,,0,0,0,0,0,0,0,,,,
ZUESTA,2009,8,18,3,18.4,,,,,,,,954.8,,0.6,,0,0,0,0,0,0,0,,,,
ZUESTA,2009,8,18,4,18,,,,,,,,955.1,,0.7,,2,0,0,0,0,0,0,,,,
ZUESTA,2009,8,18,5,18.2,,,,,,,,955.5,,0.5,,53,0,0,0,0,0,0,,,,
ZUESTA,2009,8,18,6,18.9,,,,,,,,955.9,,0.3,,165,0,0,0,0,0,0,,,,
ZUESTA,2009,8,18,7,20.2,,,,,,,,956.2,,0.6,,382,3810.1,63,0,0,0,0,,,,
ZUESTA,2009,8,18,8,21.6,,,,,,,,956.5,,0.9,,544,1789.1,89.8,0,0,0,0,,,,
ZUESTA,2009,8,18,9,23.3,,,,,,,,956.6,,1.2,,683,1359.2,112.7,0,0,0,0,,,,
ZUESTA,2009,8,18,10,24.9,,,,,,,,956.7,,1.3,,785,1153.4,129.5,0,0,0,0,,,,
ZUESTA,2009,8,18,11,26.3,,,,,,,,956.5,,0.9,,830,1004.9,137,0,0,0,0,,,,
ZUESTA,2009,8,18,12,27.1,,,,,,,,956.3,,1.3,,744,752.8,160.2,0,0,0,0,,,,
ZUESTA,2009,8,18,13,27.7,,,,,,,,956,,1.3,,760,694.9,190.4,0,0,0,0,,,,
ZUESTA,2009,8,18,14,28.2,,,,,,,,955.6,,1.3,,633,398.4,306.6,0,0,0,0,,,,
ZUESTA,2009,8,18,15,28.3,,,,,,,,955.3,,1.3,,499,198,345.7,0,0,0,0,,,,
ZUESTA,2009,8,18,16,28,,,,,,,,955.1,,1.2,,338,57.7,298.3,0,0,0,0,,,,
ZUESTA,2009,8,18,17,27,,,,,,,,955,,1.1,,156,5.1,153.1,0,0,0,0,,,,
ZUESTA,2009,8,18,18,24.6,,,,,,,,955.3,,1,,15,0.1,15,0,0,0,0,,,,
ZUESTA,2009,8,18,19,22.9,,,,,,,,955.7,,1,,0,0,0,0,0,0,0,,,,
ZUESTA,2009,8,18,20,22.2,,,,,,,,956.1,,1.8,,0,0,0,0,0,0,0,,,,
ZUESTA,2009,8,18,21,21.3,,,,,,,,956.2,,0.9,,0,0,0,0,0,0,0,,,,
ZUESTA,2009,8,18,22,20.8,,,,,,,,956.2,,2.2,,0,0,0,0,0,0,0,,,,
ZUESTA,2009,8,18,23,20.6,,,,,,,,956.3,,3.2,,0,0,0,0,0,0,0,,,,
ZUESTA,2009,8,19,0,19.9,,,,,,,,956.2,,3.1,,0,0,0,0,0,0,0,,,,
ZUESTA,2009,8,19,1,19.3,,,,,,,,956.3,,2.3,,0,0,0,0,0,0,0,,,,
ZUESTA,2009,8,19,2,18.7,,,,,,,,956.5,,2.3,,0,0,0,0,0,0,0,,,,
ZUESTA,2009,8,19,3,18.1,,,,,,,,956.4,,1.2,,0,0,0,0,0,0,0,,,,
ZUESTA,2009,8,19,4,17.8,,,,,,,,956.5,,0.8,,2,0,0,0,0,0,0,,,,
ZUESTA,2009,8,19,5,17.9,,,,,,,,956.7,,0.5,,58,0,0,0,0,0,0,,,,
ZUESTA,2009,8,19,6,19.2,,,,,,,,957,,0.2,,210,0,0,0,0,0,0,,,,
ZUESTA,2009,8,19,7,20.8,,,,,,,,957.3,,0.4,,394,4098.1,65,0,0,0,0,,,,
ZUESTA,2009,8,19,8,22.8,,,,,,,,957.5,,0.8,,553,1842.7,91.2,0,0,0,0,,,,
ZUESTA,2009,8,19,9,24.7,,,,,,,,957.7,,1,,682,1367.5,112.5,0,0,0,0,,,,
ZUESTA,2009,8,19,10,26.5,,,,,,,,957.6,,0.6,,771,1138.9,127.2,0,0,0,0,,,,
ZUESTA,2009,8,19,11,28.3,,,,,,,,957.4,,1.3,,816,992.2,134.6,0,0,0,0,,,,
ZUESTA,2009,8,19,12,29.6,,,,,,,,957.2,,1.5,,803,866.8,133.5,0,0,0,0,,,,
ZUESTA,2009,8,19,13,30.6,,,,,,,,957,,1.8,,749,676,197.1,0,0,0,0,,,,
ZUESTA,2009,8,19,14,31,,,,,,,,956.7,,1.7,,650,442.3,289.1,0,0,0,0,,,,
ZUESTA,2009,8,19,15,30.9,,,,,,,,956.3,,1.7,,510,220.5,340,0,0,0,0,,,,
ZUESTA,2009,8,19,16,30.4,,,,,,,,956.2,,1.4,,327,50.4,292.5,0,0,0,0,,,,
ZUESTA,2009,8,19,17,28.9,,,,,,,,956.2,,1,,154,5.1,151.1,0,0,0,0,,,,
ZUESTA,2009,8,19,18,26.5,,,,,,,,956.3,,0.8,,24,0.2,23.9,0,0,0,0,,,,
ZUESTA,2009,8,19,19,24.3,,,,,,,,956.8,,0.5,,0,0,0,0,0,0,0,,,,
ZUESTA,2009,8,19,20,24,,,,,,,,957.1,,0.5,,0,0,0,0,0,0,0,,,,
ZUESTA,2009,8,19,21,23.2,,,,,,,,957.3,,0.6,,0,0,0,0,0,0,0,,,,
ZUESTA,2009,8,19,22,22.1,,,,,,,,957.5,,0.7,,0,0,0,0,0,0,0,,,,
ZUESTA,2009,8,19,23,21.5,,,,,,,,957.5,,0.6,,0,0,0,0,0,0,0,,,,
ZUESTA,2009,8,20,0,20.7,,,,,,,,957.3,,0.6,,0,0,0,0,0,0,0,,,,
ZUESTA,2009,8,20,1,20.1,,,,,,,,957,,0.5,,0,0,0,0,0,0,0,,,,
ZUESTA,2009,8,20,2,19.9,,,,,,,,956.9,,0.7,,0,0,0,0,0,0,0,,,,
ZUESTA,2009,8,20,3,19.3,,,,,,,,957,,0.7,,0,0,0,0,0,0,0,,,,
ZUESTA,2009,8,20,4,18.6,,,,,,,,956.9,,0.4,,2,0,0,0,0,0,0,,,,
ZUESTA,2009,8,20,5,18.6,,,,,,,,956.9,,0.2,,53,0,0,0,0,0,0,,,,
ZUESTA,2009,8,20,6,20.1,,,,,,,,957.1,,0.3,,208,0,0,0,0,0,0,,,,
ZUESTA,2009,8,20,7,21.6,,,,,,,,957.2,,0.6,,383,4162.7,63.2,0,0,0,0,,,,
ZUESTA,2009,8,20,8,23.8,,,,,,,,957.3,,0.6,,546,1843.8,90.1,0,0,0,0,,,,
ZUESTA,2009,8,20,9,26,,,,,,,,957.3,,0.9,,683,1380,112.7,0,0,0,0,,,,
ZUESTA,2009,8,20,10,28,,,,,,,,957.1,,0.7,,775,1151.1,127.9,0,0,0,0,,,,
ZUESTA,2009,8,20,11,29.6,,,,,,,,956.8,,1.9,,818,999.1,135,0,0,0,0,,,,
ZUESTA,2009,8,20,12,30.1,,,,,,,,956.5,,1.9,,808,877.2,133.2,0,0,0,0,,,,
ZUESTA,2009,8,20,13,30.8,,,,,,,,956.1,,2.1,,748,680,194.9,0,0,0,0,,,,
ZUESTA,2009,8,20,14,31.1,,,,,,,,955.7,,2,,645,436.5,290.3,0,0,0,0,,,,
ZUESTA,2009,8,20,15,31.3,,,,,,,,955.4,,2,,503,212.2,340.2,0,0,0,0,,,,
ZUESTA,2009,8,20,16,31,,,,,,,,955,,1.9,,328,52.5,292.3,0,0,0,0,,,,
ZUESTA,2009,8,20,17,29.6,,,,,,,,954.7,,1.5,,141,4.3,138.6,0,0,0,0,,,,
ZUESTA,2009,8,20,18,27.5,,,,,,,,954.9,,1,,20,0.2,19.9,0,0,0,0,,,,
ZUESTA,2009,8,20,19,25.1,,,,,,,,955.3,,0.4,,0,0,0,0,0,0,0,,,,
ZUESTA,2009,8,20,20,24.5,,,,,,,,955.6,,0.8,,0,0,0,0,0,0,0,,,,
ZUESTA,2009,8,20,21,24.4,,,,,,,,955.6,,1,,0,0,0,0,0,0,0,,,,
ZUESTA,2009,8,20,22,25.3,,,,,,,,955.6,,1.7,,0,0,0,0,0,0,0,,,,
ZUESTA,2009,8,20,23,25.2,,,,,,,,955.7,,1.6,,0,0,0,0,0,0,0,,,,
ZUESTA,2009,8,21,0,25.2,,,,,,,,955.5,,0.8,,0,0,0,0,0,0,0,,,,
ZUESTA,2009,8,21,1,25.1,,,,,,,,955.4,,1.7,,0,0,0,0,0,0,0,,,,
ZUESTA,2009,8,21,2,24.5,,,,,,,,955.1,,1.5,,0,0,0,0,0,0,0,,,,
ZUESTA,2009,8,21,3,22.6,,,,,,,,955.2,,1.1,,0,0,0,0,0,0,0,,,,
ZUESTA,2009,8,21,4,22.3,,,,,,,,955.9,,2.2,,1,0,0,0,0,0,0,,,,
ZUESTA,2009,8,21,5,21.7,,,,,,,,956.8,,2,,17,0,0,0,0,0,0,,,,
ZUESTA,2009,8,21,6,21.2,,,,,,,,957.8,,2.1,,118,0,0,0,0,0,0,,,,
ZUESTA,2009,8,21,7,21.1,,,,,,,,958.2,,1.6,,150,1707.3,24.8,0,0,0,0,,,,
ZUESTA,2009,8,21,8,21.4,,,,,,,,958.7,,1.1,,194,439.1,86.9,0,0,0,0,,,,
ZUESTA,2009,8,21,9,19.3,,,,,,,,959.3,,1.9,,88,3.1,86.7,0,0,0,0,,,,
ZUESTA,2009,8,21,10,19.9,,,,,,,,959.1,,2.2,,338,150.3,254,0,0,0,0,,,,
ZUESTA,2009,8,21,11,20.8,,,,,,,,958.7,,1.3,,405,140.2,309.6,0,0,0,0,,,,
ZUESTA,2009,8,21,12,22.7,,,,,,,,957.5,,2.1,,594,402,286,0,0,0,0,,,,
ZUESTA,2009,8,21,13,24.4,,,,,,,,956.7,,1.5,,707,588.9,230,0,0,0,0,,,,
ZUESTA,2009,8,21,14,25.1,,,,,,,,956,,1.4,,596,334.3,325.5,0,0,0,0,,,,
ZUESTA,2009,8,21,15,25.5,,,,,,,,956.1,,1.6,,432,111.9,346.6,0,0,0,0,,,,
ZUESTA,2009,8,21,16,24.8,,,,,,,,956.2,,1.6,,217,7.7,211.8,0,0,0,0,,,,
ZUESTA,2009,8,21,17,24.4,,,,,,,,956.2,,1.9,,136,4.1,133.7,0,0,0,0,,,,
ZUESTA,2009,8,21,18,22.2,,,,,,,,956.6,,2.6,,16,0.1,16,0,0,0,0,,,,
ZUESTA,2009,8,21,19,21.4,,,,,,,,957.1,,1.8,,0,0,0,0,0,0,0,,,,
ZUESTA,2009,8,21,20,20.6,,,,,,,,957.6,,3,,0,0,0,0,0,0,0,,,,
ZUESTA,2009,8,21,21,19.9,,,,,,,,957.8,,1.1,,0,0,0,0,0,0,0,,,,
ZUESTA,2009,8,21,22,19.4,,,,,,,,957.8,,1.2,,0,0,0,0,0,0,0,,,,
ZUESTA,2009,8,21,23,18.3,,,,,,,,957.8,,1.7,,0,0,0,0,0,0,0,,,,
ZUESTA,2009,8,22,0,17.8,,,,,,,,957.6,,2.2,,0,0,0,0,0,0,0,,,,
ZUESTA,2009,8,22,1,16.8,,,,,,,,957.4,,3,,0,0,0,0,0,0,0,,,,
ZUESTA,2009,8,22,2,14.6,,,,,,,,957.8,,3.1,,0,0,0,0,0,0,0,,,,
ZUESTA,2009,8,22,3,14.5,,,,,,,,957.8,,2.5,,0,0,0,0,0,0,0,,,,
ZUESTA,2009,8,22,4,14.5,,,,,,,,957.9,,2,,0,0,0,0,0,0,0,,,,
ZUESTA,2009,8,22,5,14.1,,,,,,,,958.2,,2.1,,7,0,0,0,0,0,0,,,,
ZUESTA,2009,8,22,6,13.8,,,,,,,,958.3,,2.9,,37,0,0,0,0,0,0,,,,
ZUESTA,2009,8,22,7,14,,,,,,,,958.4,,3.2,,82,979.8,13.5,0,0,0,0,,,,
ZUESTA,2009,8,22,8,14.4,,,,,,,,958.6,,2.6,,140,126.9,109.5,0,0,0,0,,,,
ZUESTA,2009,8,22,9,15.2,,,,,,,,958.8,,2.3,,281,261,174.8,0,0,0,0,,,,
ZUESTA,2009,8,22,10,15.4,,,,,,,,958.8,,2.1,,229,23.7,215.8,0,0,0,0,,,,
ZUESTA,2009,8,22,11,16.4,,,,,,,,958.9,,3,,426,177.8,305.6,0,0,0,0,,,,
ZUESTA,2009,8,22,12,17.6,,,,,,,,958.9,,2.9,,572,356.2,300.2,0,0,0,0,,,,
ZUESTA,2009,8,22,13,17.8,,,,,,,,958.8,,2.5,,435,89.5,362.8,0,0,0,0,,,,
ZUESTA,2009,8,22,14,17.8,,,,,,,,958.8,,2.2,,261,7.9,254.6,0,0,0,0,,,,
ZUESTA,2009,8,22,15,17.7,,,,,,,,958.8,,2.2,,218,5.6,213.8,0,0,0,0,,,,
ZUESTA,2009,8,22,16,17.5,,,,,,,,958.8,,2.2,,207,6.7,202.5,0,0,0,0,,,,
ZUESTA,2009,8,22,17,17.1,,,,,,,,958.8,,1.6,,162,6,158.7,0,0,0,0,,,,
ZUESTA,2009,8,22,18,15.3,,,,,,,,959,,0.6,,18,0.1,17.9,0,0,0,0,,,,
ZUESTA,2009,8,22,19,13.7,,,,,,,,959.3,,1.3,,0,0,0,0,0,0,0,,,,
ZUESTA,2009,8,22,20,13.3,,,,,,,,959.3,,1.8,,0,0,0,0,0,0,0,,,,
ZUESTA,2009,8,22,21,12.9,,,,,,,,959.4,,2.1,,0,0,0,0,0,0,0,,,,
ZUESTA,2009,8,22,22,12.6,,,,,,,,959.3,,1.9,,0,0,0,0,0,0,0,,,,
ZUESTA,2009,8,22,23,12.3,,,,,,,,959.1,,1.5,,0,0,0,0,0,0,0,,,,
ZUESTA,2009,8,23,0,12,,,,,,,,958.7,,2,,0,0,0,0,0,0,0,,,,
ZUESTA,2009,8,23,1,11.8,,,,,,,,958.2,,2,,0,0,0,0,0,0,0,,,,
ZUESTA,2009,8,23,2,11.6,,,,,,,,957.6,,1.9,,0,0,0,0,0,0,0,,,,
ZUESTA,2009,8,23,3,11.5,,,,,,,,957.1,,2.2,,0,0,0,0,0,0,0,,,,
ZUESTA,2009,8,23,4,11.4,,,,,,,,956.9,,2.3,,1,0,0,0,0,0,0,,,,
ZUESTA,2009,8,23,5,11.4,,,,,,,,956.6,,2.1,,41,0,0,0,0,0,0,,,,
ZUESTA,2009,8,23,6,12.4,,,,,,,,956.6,,2.4,,101,0,0,0,0,0,0,,,,
ZUESTA,2009,8,23,7,13.8,,,,,,,,956.5,,3,,344,4326.1,56.8,0,0,0,0,,,,
ZUESTA,2009,8,23,8,15.4,,,,,,,,956.4,,2.8,,564,1985.8,93.1,0,0,0,0,,,,
ZUESTA,2009,8,23,9,17.3,,,,,,,,956.2,,2,,684,1415.1,112.9,0,0,0,0,,,,
ZUESTA,2009,8,23,10,19,,,,,,,,955.7,,2.1,,798,1205.5,131.7,0,0,0,0,,,,
ZUESTA,2009,8,23,11,20.3,,,,,,,,955,,3.1,,847,1048.9,139.8,0,0,0,0,,,,
ZUESTA,2009,8,23,12,21.5,,,,,,,,954.4,,2.9,,827,908.9,136.5,0,0,0,0,,,,
ZUESTA,2009,8,23,13,22.5,,,,,,,,953.8,,3.2,,769,747.2,168.8,0,0,0,0,,,,
ZUESTA,2009,8,23,14,23.2,,,,,,,,953.2,,3,,661,493,265.6,0,0,0,0,,,,
ZUESTA,2009,8,23,15,23.3,,,,,,,,952.6,,2.7,,508,233.7,331.4,0,0,0,0,,,,
ZUESTA,2009,8,23,16,22.9,,,,,,,,952.3,,2.3,,327,56.2,289.5,0,0,0,0,,,,
ZUESTA,2009,8,23,17,21.8,,,,,,,,951.9,,2.3,,143,4.6,140.5,0,0,0,0,,,,
ZUESTA,2009,8,23,18,20.1,,,,,,,,951.6,,2.7,,19,0.2,18.9,0,0,0,0,,,,
ZUESTA,2009,8,23,19,19.2,,,,,,,,951.6,,3.4,,0,0,0,0,0,0,0,,,,
ZUESTA,2009,8,23,20,18.4,,,,,,,,951.4,,3.7,,0,0,0,0,0,0,0,,,,
ZUESTA,2009,8,23,21,17.4,,,,,,,,951.1,,3.1,,0,0,0,0,0,0,0,,,,
ZUESTA,2009,8,23,22,16.6,,,,,,,,950.9,,2.7,,0,0,0,0,0,0,0,,,,
ZUESTA,2009,8,23,23,16,,,,,,,,950.6,,2.7,,0,0,0,0,0,0,0,,,,
ZUESTA,2009,8,24,0,15.2,,,,,,,,950.3,,1.9,,0,0,0,0,0,0,0,,,,
ZUESTA,2009,8,24,1,14.5,,,,,,,,950.1,,0.9,,0,0,0,0,0,0,0,,,,
ZUESTA,2009,8,24,2,13.8,,,,,,,,950,,1.2,,0,0,0,0,0,0,0,,,,
ZUESTA,2009,8,24,3,13.7,,,,,,,,949.9,,0.4,,0,0,0,0,0,0,0,,,,
ZUESTA,2009,8,24,4,13.9,,,,,,,,949.7,,0.4,,1,0,0,0,0,0,0,,,,
ZUESTA,2009,8,24,5,14,,,,,,,,949.8,,0.3,,48,0,0,0,0,0,0,,,,
ZUESTA,2009,8,24,6,15.5,,,,,,,,949.7,,0.3,,204,0,0,0,0,0,0,,,,
ZUESTA,2009,8,24,7,17.4,,,,,,,,949.5,,0.7,,399,5296.5,65.8,0,0,0,0,,,,
ZUESTA,2009,8,24,8,19.4,,,,,,,,949.3,,0.9,,552,1971.9,91.1,0,0,0,0,,,,
ZUESTA,2009,8,24,9,21.9,,,,,,,,949.1,,0.7,,672,1401.7,110.9,0,0,0,0,,,,
ZUESTA,2009,8,24,10,23.8,,,,,,,,948.8,,0.6,,766,1163.9,126.4,0,0,0,0,,,,
ZUESTA,2009,8,24,11,25.6,,,,,,,,948.4,,1,,813,1011.6,134.1,0,0,0,0,,,,
ZUESTA,2009,8,24,12,27.5,,,,,,,,948.1,,1.4,,802,885.7,132,0,0,0,0,,,,
ZUESTA,2009,8,24,13,28.2,,,,,,,,947.8,,1.7,,737,681.4,192,0,0,0,0,,,,
ZUESTA,2009,8,24,14,28.5,,,,,,,,947.3,,2.4,,635,437.7,285.5,0,0,0,0,,,,
ZUESTA,2009,8,24,15,28.8,,,,,,,,947.1,,1.8,,491,207.4,335,0,0,0,0,,,,
ZUESTA,2009,8,24,16,28.5,,,,,,,,946.8,,1.3,,310,44.5,280.5,0,0,0,0,,,,
ZUESTA,2009,8,24,17,26.9,,,,,,,,946.5,,0.8,,111,2.8,109.5,0,0,0,0,,,,
ZUESTA,2009,8,24,18,24,,,,,,,,946.4,,0.7,,13,0.1,13,0,0,0,0,,,,
ZUESTA,2009,8,24,19,22.6,,,,,,,,946.6,,0.5,,0,0,0,0,0,0,0,,,,
ZUESTA,2009,8,24,20,22.1,,,,,,,,946.7,,1.3,,0,0,0,0,0,0,0,,,,
ZUESTA,2009,8,24,21,21.7,,,,,,,,946.3,,1.1,,0,0,0,0,0,0,0,,,,
ZUESTA,2009,8,24,22,21.6,,,,,,,,946.4,,0.8,,0,0,0,0,0,0,0,,,,
ZUESTA,2009,8,24,23,21.5,,,,,,,,947,,1.2,,0,0,0,0,0,0,0,,,,
ZUESTA,2009,8,25,0,21.9,,,,,,,,948,,2.6,,0,0,0,0,0,0,0,,,,
ZUESTA,2009,8,25,1,21.7,,,,,,,,948.6,,3,,0,0,0,0,0,0,0,,,,
ZUESTA,2009,8,25,2,20.6,,,,,,,,949.4,,4.5,,0,0,0,0,0,0,0,,,,
ZUESTA,2009,8,25,3,19.2,,,,,,,,949.5,,3.1,,0,0,0,0,0,0,0,,,,
ZUESTA,2009,8,25,4,19.1,,,,,,,,949.4,,2.7,,0,0,0,0,0,0,0,,,,
ZUESTA,2009,8,25,5,17.8,,,,,,,,949.7,,1.9,,6,0,0,0,0,0,0,,,,
ZUESTA,2009,8,25,6,17.4,,,,,,,,950,,2.5,,57,0,0,0,0,0,0,,,,
ZUESTA,2009,8,25,7,17.8,,,,,,,,949.5,,0.7,,71,998,11.7,0,0,0,0,,,,
ZUESTA,2009,8,25,8,18.8,,,,,,,,949.5,,1,,258,935.4,42.6,0,0,0,0,,,,
ZUESTA,2009,8,25,9,19.7,,,,,,,,949.7,,1.2,,473,994.8,78,0,0,0,0,,,,
ZUESTA,2009,8,25,10,22.2,,,,,,,,949.6,,1.3,,773,1181.5,127.5,0,0,0,0,,,,
ZUESTA,2009,8,25,11,23.5,,,,,,,,949.5,,1.4,,837,1046.6,138.1,0,0,0,0,,,,
ZUESTA,2009,8,25,12,24.8,,,,,,,,949.5,,1.5,,737,782.4,147.8,0,0,0,0,,,,
ZUESTA,2009,8,25,13,25.6,,,,,,,,949.3,,1.8,,709,621.1,214.3,0,0,0,0,,,,
ZUESTA,2009,8,25,14,25.6,,,,,,,,949.2,,2.4,,463,126.9,362.1,0,0,0,0,,,,
ZUESTA,2009,8,25,15,23.2,,,,,,,,949.7,,3.1,,149,2.7,147,0,0,0,0,,,,
ZUESTA,2009,8,25,16,20.4,,,,,,,,950.7,,3.1,,4,0,4,0,0,0,0,,,,
ZUESTA,2009,8,25,17,18.3,,,,,,,,951.6,,1.6,,3,0,3,0,0,0,0,,,,
ZUESTA,2009,8,25,18,17.7,,,,,,,,951.9,,2.1,,1,0,1,0,0,0,0,,,,
ZUESTA,2009,8,25,19,17.4,,,,,,,,951.9,,1.1,,0,0,0,0,0,0,0,,,,
ZUESTA,2009,8,25,20,17.1,,,,,,,,951.9,,1,,0,0,0,0,0,0,0,,,,
ZUESTA,2009,8,25,21,17.2,,,,,,,,952,,0.7,,0,0,0,0,0,0,0,,,,
ZUESTA,2009,8,25,22,17.1,,,,,,,,952,,0.4,,0,0,0,0,0,0,0,,,,
ZUESTA,2009,8,25,23,17.3,,,,,,,,952.5,,0.6,,0,0,0,0,0,0,0,,,,
ZUESTA,2009,8,26,0,17.4,,,,,,,,952.9,,0.6,,0,0,0,0,0,0,0,,,,
ZUESTA,2009,8,26,1,17.3,,,,,,,,952.9,,0.5,,0,0,0,0,0,0,0,,,,
ZUESTA,2009,8,26,2,17,,,,,,,,952.6,,1.2,,0,0,0,0,0,0,0,,,,
ZUESTA,2009,8,26,3,17.1,,,,,,,,952.1,,0.6,,0,0,0,0,0,0,0,,,,
ZUESTA,2009,8,26,4,16.9,,,,,,,,952.2,,0.8,,0,0,0,0,0,0,0,,,,
ZUESTA,2009,8,26,5,16.8,,,,,,,,952.1,,1.2,,29,0,0,0,0,0,0,,,,
ZUESTA,2009,8,26,6,17.1,,,,,,,,952.3,,0.6,,61,0,0,0,0,0,0,,,,
ZUESTA,2009,8,26,7,17.9,,,,,,,,952.7,,0.8,,193,2883,31.8,0,0,0,0,,,,
ZUESTA,2009,8,26,8,18.4,,,,,,,,952.9,,0.8,,194,551.9,68.8,0,0,0,0,,,,
ZUESTA,2009,8,26,9,18.5,,,,,,,,953.5,,0.6,,152,17.1,145.3,0,0,0,0,,,,
ZUESTA,2009,8,26,10,18.6,,,,,,,,953.6,,0.8,,101,2.3,99.7,0,0,0,0,,,,
ZUESTA,2009,8,26,11,19,,,,,,,,953.6,,0.7,,173,4.6,170,0,0,0,0,,,,
ZUESTA,2009,8,26,12,19.8,,,,,,,,953.4,,0.6,,360,50.9,321.8,0,0,0,0,,,,
ZUESTA,2009,8,26,13,21.7,,,,,,,,953.1,,0.7,,723,662.4,197.8,0,0,0,0,,,,
ZUESTA,2009,8,26,14,22.8,,,,,,,,952.8,,1.2,,615,404,295.4,0,0,0,0,,,,
ZUESTA,2009,8,26,15,22.8,,,,,,,,952.8,,1.7,,391,78.8,332.4,0,0,0,0,,,,
ZUESTA,2009,8,26,16,22.6,,,,,,,,952.4,,1.5,,226,10.1,219.4,0,0,0,0,,,,
ZUESTA,2009,8,26,17,21.9,,,,,,,,952.6,,0.8,,86,1.8,85.1,0,0,0,0,,,,
ZUESTA,2009,8,26,18,20.8,,,,,,,,952.9,,0.4,,13,0.1,13,0,0,0,0,,,,
ZUESTA,2009,8,26,19,19.5,,,,,,,,953.4,,0.7,,0,0,0,0,0,0,0,,,,
ZUESTA,2009,8,26,20,19.4,,,,,,,,953.8,,1,,0,0,0,0,0,0,0,,,,
ZUESTA,2009,8,26,21,19.5,,,,,,,,953.8,,1.2,,0,0,0,0,0,0,0,,,,
ZUESTA,2009,8,26,22,18.9,,,,,,,,953.7,,1.1,,0,0,0,0,0,0,0,,,,
ZUESTA,2009,8,26,23,18.6,,,,,,,,954,,0.7,,0,0,0,0,0,0,0,,,,
ZUESTA,2009,8,27,0,17.9,,,,,,,,954.3,,0.5,,0,0,0,0,0,0,0,,,,
ZUESTA,2009,8,27,1,17.7,,,,,,,,954.6,,0.6,,0,0,0,0,0,0,0,,,,
ZUESTA,2009,8,27,2,17.7,,,,,,,,954.7,,0.9,,0,0,0,0,0,0,0,,,,
ZUESTA,2009,8,27,3,17.4,,,,,,,,954.9,,0.9,,0,0,0,0,0,0,0,,,,
ZUESTA,2009,8,27,4,17,,,,,,,,955.1,,0.4,,0,0,0,0,0,0,0,,,,
ZUESTA,2009,8,27,5,17.4,,,,,,,,955.4,,0.6,,42,0,0,0,0,0,0,,,,
ZUESTA,2009,8,27,6,18.3,,,,,,,,955.8,,0.4,,168,0,0,0,0,0,0,,,,
ZUESTA,2009,8,27,7,19.3,,,,,,,,956.1,,0.5,,355,5657.8,58.6,0,0,0,0,,,,
ZUESTA,2009,8,27,8,20.9,,,,,,,,956.4,,0.8,,504,1883.9,83.2,0,0,0,0,,,,
ZUESTA,2009,8,27,9,22.5,,,,,,,,956.5,,0.8,,661,1414.1,109.1,0,0,0,0,,,,
ZUESTA,2009,8,27,10,22.8,,,,,,,,955.9,,0.7,,369,249.1,234.6,0,0,0,0,,,,
ZUESTA,2009,8,27,11,24.3,,,,,,,,955.3,,1,,622,716,148.6,0,0,0,0,,,,
ZUESTA,2009,8,27,12,25.1,,,,,,,,954.9,,1.2,,667,626.9,199.1,0,0,0,0,,,,
ZUESTA,2009,8,27,13,26,,,,,,,,954.3,,1.4,,716,652.9,200.7,0,0,0,0,,,,
ZUESTA,2009,8,27,14,26.4,,,,,,,,953.9,,2,,609,396.6,296.8,0,0,0,0,,,,
ZUESTA,2009,8,27,15,26.5,,,,,,,,953.5,,1.9,,464,174.4,335,0,0,0,0,,,,
ZUESTA,2009,8,27,16,26,,,,,,,,953.1,,1.9,,287,33.2,265.4,0,0,0,0,,,,
ZUESTA,2009,8,27,17,25.1,,,,,,,,953,,1.8,,120,3.5,118.2,0,0,0,0,,,,
ZUESTA,2009,8,27,18,23.4,,,,,,,,953.2,,0.9,,12,0.1,12,0,0,0,0,,,,
ZUESTA,2009,8,27,19,22,,,,,,,,953.5,,0.8,,0,0,0,0,0,0,0,,,,
ZUESTA,2009,8,27,20,21.8,,,,,,,,953.7,,0.9,,0,0,0,0,0,0,0,,,,
ZUESTA,2009,8,27,21,21.1,,,,,,,,953.7,,0.5,,0,0,0,0,0,0,0,,,,
ZUESTA,2009,8,27,22,20.5,,,,,,,,953.5,,1,,0,0,0,0,0,0,0,,,,
ZUESTA,2009,8,27,23,19.8,,,,,,,,953.3,,0.6,,0,0,0,0,0,0,0,,,,
ZUESTA,2009,8,28,0,19.3,,,,,,,,952.8,,0.3,,0,0,0,0,0,0,0,,,,
ZUESTA,2009,8,28,1,18.8,,,,,,,,952.5,,0.2,,0,0,0,0,0,0,0,,,,
ZUESTA,2009,8,28,2,18.6,,,,,,,,952.3,,0.6,,0,0,0,0,0,0,0,,,,
ZUESTA,2009,8,28,3,18.6,,,,,,,,951.9,,1.1,,0,0,0,0,0,0,0,,,,
ZUESTA,2009,8,28,4,17.9,,,,,,,,952,,0.3,,0,0,0,0,0,0,0,,,,
ZUESTA,2009,8,28,5,17.8,,,,,,,,952.1,,0.3,,39,0,0,0,0,0,0,,,,
ZUESTA,2009,8,28,6,19.2,,,,,,,,952.3,,0.4,,229,0,0,0,0,0,0,,,,
ZUESTA,2009,8,28,7,20.2,,,,,,,,952.8,,1.1,,180,0,0,0,0,0,0,,,,
ZUESTA,2009,8,28,8,21.3,,,,,,,,953.1,,1.9,,410,1556.9,67.7,0,0,0,0,,,,
ZUESTA,2009,8,28,9,22.3,,,,,,,,953.1,,1.7,,486,1048.8,80.2,0,0,0,0,,,,
ZUESTA,2009,8,28,10,23,,,,,,,,952.5,,1.7,,648,1008.8,106.9,0,0,0,0,,,,
ZUESTA,2009,8,28,11,24.5,,,,,,,,952,,3.2,,766,972.4,126.4,0,0,0,0,,,,
ZUESTA,2009,8,28,12,24.8,,,,,,,,951.9,,2.8,,714,752,155.4,0,0,0,0,,,,
ZUESTA,2009,8,28,13,24.4,,,,,,,,952.2,,3.3,,569,311.2,324.5,0,0,0,0,,,,
ZUESTA,2009,8,28,14,23.6,,,,,,,,952.5,,4,,630,452.8,275.4,0,0,0,0,,,,
ZUESTA,2009,8,28,15,22.3,,,,,,,,952.6,,4.1,,326,33.9,301,0,0,0,0,,,,
ZUESTA,2009,8,28,16,20.8,,,,,,,,953,,3.6,,86,1.2,85.2,0,0,0,0,,,,
ZUESTA,2009,8,28,17,19.8,,,,,,,,953.1,,3.1,,72,1.3,71.3,0,0,0,0,,,,
ZUESTA,2009,8,28,18,19.2,,,,,,,,953.2,,2.7,,2,0,2,0,0,0,0,,,,
ZUESTA,2009,8,28,19,19.2,,,,,,,,953.7,,1.9,,0,0,0,0,0,0,0,,,,
ZUESTA,2009,8,28,20,19.1,,,,,,,,954.3,,1.8,,0,0,0,0,0,0,0,,,,
ZUESTA,2009,8,28,21,18.7,,,,,,,,954.5,,1.7,,0,0,0,0,0,0,0,,,,
ZUESTA,2009,8,28,22,18.4,,,,,,,,954.6,,2,,0,0,0,0,0,0,0,,,,
ZUESTA,2009,8,28,23,18,,,,,,,,954.4,,1.8,,0,0,0,0,0,0,0,,,,
ZUESTA,2009,8,29,0,17.9,,,,,,,,954.3,,1.1,,0,0,0,0,0,0,0,,,,
ZUESTA,2009,8,29,1,17.9,,,,,,,,954.1,,1.9,,0,0,0,0,0,0,0,,,,
ZUESTA,2009,8,29,2,17.5,,,,,,,,954.5,,2.6,,0,0,0,0,0,0,0,,,,
ZUESTA,2009,8,29,3,16.7,,,,,,,,954.9,,3.4,,0,0,0,0,0,0,0,,,,
ZUESTA,2009,8,29,4,15.7,,,,,,,,955.4,,3,,0,0,0,0,0,0,0,,,,
ZUESTA,2009,8,29,5,14.9,,,,,,,,955.9,,2.7,,5,0,0,0,0,0,0,,,,
ZUESTA,2009,8,29,6,14.5,,,,,,,,956.6,,1.7,,29,0,0,0,0,0,0,,,,
ZUESTA,2009,8,29,7,14.3,,,,,,,,956.9,,1.3,,76,0,0,0,0,0,0,,,,
ZUESTA,2009,8,29,8,14.7,,,,,,,,957.3,,1.3,,133,159.6,98.5,0,0,0,0,,,,
ZUESTA,2009,8,29,9,15.2,,,,,,,,957.5,,1.2,,316,489.7,128.2,0,0,0,0,,,,
ZUESTA,2009,8,29,10,16.1,,,,,,,,957.6,,2,,328,160.4,242.5,0,0,0,0,,,,
ZUESTA,2009,8,29,11,17.3,,,,,,,,957.5,,2.9,,626,743.6,139.4,0,0,0,0,,,,
ZUESTA,2009,8,29,12,17.9,,,,,,,,957.3,,2.1,,592,445.5,262.6,0,0,0,0,,,,
ZUESTA,2009,8,29,13,19,,,,,,,,957,,2.5,,672,558.8,235.1,0,0,0,0,,,,
ZUESTA,2009,8,29,14,19.3,,,,,,,,957,,3,,626,450.3,275.1,0,0,0,0,,,,
ZUESTA,2009,8,29,15,19.5,,,,,,,,957,,2,,507,262.1,315.3,0,0,0,0,,,,
ZUESTA,2009,8,29,16,18.9,,,,,,,,957,,1.8,,310,52,276.6,0,0,0,0,,,,
ZUESTA,2009,8,29,17,18.2,,,,,,,,957.3,,1.2,,112,3.2,110.4,0,0,0,0,,,,
ZUESTA,2009,8,29,18,16.2,,,,,,,,957.5,,1.3,,12,0.1,12,0,0,0,0,,,,
ZUESTA,2009,8,29,19,15.4,,,,,,,,958,,1.9,,0,0,0,0,0,0,0,,,,
ZUESTA,2009,8,29,20,14.2,,,,,,,,958.2,,2.1,,0,0,0,0,0,0,0,,,,
ZUESTA,2009,8,29,21,13.3,,,,,,,,958.2,,2.6,,0,0,0,0,0,0,0,,,,
ZUESTA,2009,8,29,22,12.8,,,,,,,,958.1,,2.7,,0,0,0,0,0,0,0,,,,
ZUESTA,2009,8,29,23,12.2,,,,,,,,957.9,,2.6,,0,0,0,0,0,0,0,,,,
ZUESTA,2009,8,30,0,11.4,,,,,,,,957.3,,2.5,,0,0,0,0,0,0,0,,,,
ZUESTA,2009,8,30,1,10.5,,,,,,,,956.9,,2,,0,0,0,0,0,0,0,,,,
ZUESTA,2009,8,30,2,9.9,,,,,,,,956.9,,1.6,,0,0,0,0,0,0,0,,,,
ZUESTA,2009,8,30,3,9.7,,,,,,,,956.9,,1.8,,0,0,0,0,0,0,0,,,,
ZUESTA,2009,8,30,4,9.2,,,,,,,,956.9,,0.4,,0,0,0,0,0,0,0,,,,
ZUESTA,2009,8,30,5,9.3,,,,,,,,957.1,,0.3,,39,0,0,0,0,0,0,,,,
ZUESTA,2009,8,30,6,10.5,,,,,,,,957.3,,1.5,,189,0,0,0,0,0,0,,,,
ZUESTA,2009,8,30,7,12.4,,,,,,,,957.2,,1.3,,380,0,0,0,0,0,0,,,,
ZUESTA,2009,8,30,8,13.8,,,,,,,,957.3,,1.8,,547,2145.9,90.3,0,0,0,0,,,,
ZUESTA,2009,8,30,9,16,,,,,,,,957.3,,1,,683,1500.5,112.7,0,0,0,0,,,,
ZUESTA,2009,8,30,10,17.6,,,,,,,,957.3,,1.8,,781,1231.4,128.9,0,0,0,0,,,,
ZUESTA,2009,8,30,11,19,,,,,,,,957,,2,,823,1055.8,135.8,0,0,0,0,,,,
ZUESTA,2009,8,30,12,19.7,,,,,,,,956.8,,1.5,,805,913.7,132.8,0,0,0,0,,,,
ZUESTA,2009,8,30,13,20.3,,,,,,,,956.4,,0.9,,747,749.1,164.2,0,0,0,0,,,,
ZUESTA,2009,8,30,14,21,,,,,,,,955.9,,1,,636,482.2,262.2,0,0,0,0,,,,
ZUESTA,2009,8,30,15,21,,,,,,,,955.8,,1.1,,486,226.2,321.5,0,0,0,0,,,,
ZUESTA,2009,8,30,16,20.8,,,,,,,,955.8,,1.2,,302,47.3,271.9,0,0,0,0,,,,
ZUESTA,2009,8,30,17,19.7,,,,,,,,955.8,,1,,119,3.6,117.1,0,0,0,0,,,,
ZUESTA,2009,8,30,18,16.8,,,,,,,,956,,1.4,,8,0,8,0,0,0,0,,,,
ZUESTA,2009,8,30,19,15.2,,,,,,,,956.4,,1.4,,0,0,0,0,0,0,0,,,,
ZUESTA,2009,8,30,20,14.4,,,,,,,,956.7,,0.6,,0,0,0,0,0,0,0,,,,
ZUESTA,2009,8,30,21,13.6,,,,,,,,956.7,,0.8,,0,0,0,0,0,0,0,,,,
ZUESTA,2009,8,30,22,13.5,,,,,,,,956.8,,0.6,,0,0,0,0,0,0,0,,,,
ZUESTA,2009,8,30,23,13.3,,,,,,,,956.8,,0.6,,0,0,0,0,0,0,0,,,,
ZUESTA,2009,8,31,0,13.3,,,,,,,,956.6,,0.6,,0,0,0,0,0,0,0,,,,
ZUESTA,2009,8,31,1,12.1,,,,,,,,956.3,,0.6,,0,0,0,0,0,0,0,,,,
ZUESTA,2009,8,31,2,11.8,,,,,,,,956.1,,0.6,,0,0,0,0,0,0,0,,,,
ZUESTA,2009,8,31,3,11.5,,,,,,,,955.9,,1.2,,0,0,0,0,0,0,0,,,,
ZUESTA,2009,8,31,4,10.9,,,,,,,,955.6,,1.9,,0,0,0,0,0,0,0,,,,
ZUESTA,2009,8,31,5,10.8,,,,,,,,955.7,,2.5,,32,0,0,0,0,0,0,,,,
ZUESTA,2009,8,31,6,12.1,,,,,,,,955.9,,2,,195,0,0,0,0,0,0,,,,
ZUESTA,2009,8,31,7,14.5,,,,,,,,955.7,,0.5,,375,0,0,0,0,0,0,,,,
ZUESTA,2009,8,31,8,16.1,,,,,,,,955.6,,0.9,,537,2142.4,88.6,0,0,0,0,,,,
ZUESTA,2009,8,31,9,17.9,,,,,,,,955.6,,0.7,,667,1478.9,110.1,0,0,0,0,,,,
ZUESTA,2009,8,31,10,19.9,,,,,,,,955.1,,1.3,,760,1206.2,125.4,0,0,0,0,,,,
ZUESTA,2009,8,31,11,21.5,,,,,,,,954.6,,0.7,,798,1029.3,131.7,0,0,0,0,,,,
ZUESTA,2009,8,31,12,23.3,,,,,,,,954,,1.1,,778,887.9,128,0,0,0,0,,,,
ZUESTA,2009,8,31,13,24.4,,,,,,,,953.5,,1.8,,719,691.6,183.5,0,0,0,0,,,,
ZUESTA,2009,8,31,14,24.7,,,,,,,,952.8,,1.4,,607,419.1,283.8,0,0,0,0,,,,
ZUESTA,2009,8,31,15,25.2,,,,,,,,952.4,,1.4,,459,182.7,326.9,0,0,0,0,,,,
ZUESTA,2009,8,31,16,24.7,,,,,,,,952.1,,1.5,,280,33.5,258.8,0,0,0,0,,,,
ZUESTA,2009,8,31,17,23.7,,,,,,,,951.7,,1.3,,106,2.9,104.5,0,0,0,0,,,,
ZUESTA,2009,8,31,18,21,,,,,,,,951.7,,0.5,,7,0,7,0,0,0,0,,,,
ZUESTA,2009,8,31,19,19.6,,,,,,,,952.2,,0.8,,0,0,0,0,0,0,0,,,,
ZUESTA,2009,8,31,20,19.7,,,,,,,,952.3,,1.1,,0,0,0,0,0,0,0,,,,
ZUESTA,2009,8,31,21,19,,,,,,,,952.5,,0.3,,0,0,0,0,0,0,0,,,,
ZUESTA,2009,8,31,22,18.9,,,,,,,,952.6,,1,,0,0,0,0,0,0,0,,,,
ZUESTA,2009,8,31,23,18.5,,,,,,,,952.6,,0.8,,0,0,0,0,0,0,0,,,,
ZUESTA,2009,9,1,0,17.7,,,,,,,,952.5,,1.2,,0,0,0,0,0,0,0,,,,
ZUESTA,2009,9,1,1,17.6,,,,,,,,952.3,,1,,0,0,0,0,0,0,0,,,,
ZUESTA,2009,9,1,2,17,,,,,,,,952.4,,0.7,,0,0,0,0,0,0,0,,,,
ZUESTA,2009,9,1,3,16.7,,,,,,,,952.5,,0.5,,0,0,0,0,0,0,0,,,,
ZUESTA,2009,9,1,4,16.2,,,,,,,,952.6,,0.4,,0,0,0,0,0,0,0,,,,
ZUESTA,2009,9,1,5,16.4,,,,,,,,952.9,,0.5,,30,0,0,0,0,0,0,,,,
ZUESTA,2009,9,1,6,17.4,,,,,,,,952.9,,0.5,,184,0,0,0,0,0,0,,,,
ZUESTA,2009,9,1,7,19,,,,,,,,952.9,,0.6,,363,0,0,0,0,0,0,,,,
ZUESTA,2009,9,1,8,21.4,,,,,,,,952.9,,0.6,,528,2143,87.1,0,0,0,0,,,,
ZUESTA,2009,9,1,9,23.3,,,,,,,,952.7,,0.7,,657,1470.3,108.4,0,0,0,0,,,,
ZUESTA,2009,9,1,10,25.3,,,,,,,,952,,1.2,,751,1199.8,123.9,0,0,0,0,,,,
ZUESTA,2009,9,1,11,26.6,,,,,,,,951,,1.4,,792,1027.1,130.7,0,0,0,0,,,,
ZUESTA,2009,9,1,12,27.8,,,,,,,,950.4,,1.4,,773,886.6,127.2,0,0,0,0,,,,
ZUESTA,2009,9,1,13,29.3,,,,,,,,949.8,,1.2,,707,670.5,190.4,0,0,0,0,,,,
ZUESTA,2009,9,1,14,29.9,,,,,,,,949.6,,2.2,,592,390.8,292.3,0,0,0,0,,,,
ZUESTA,2009,9,1,15,29.4,,,,,,,,950,,4.9,,439,154.7,327.8,0,0,0,0,,,,
ZUESTA,2009,9,1,16,26.9,,,,,,,,950.4,,5.4,,134,3.1,132.1,0,0,0,0,,,,
ZUESTA,2009,9,1,17,24.4,,,,,,,,951.5,,4.9,,27,0.2,26.9,0,0,0,0,,,,
ZUESTA,2009,9,1,18,23.8,,,,,,,,952.5,,1.9,,3,0,3,0,0,0,0,,,,
ZUESTA,2009,9,1,19,21.1,,,,,,,,954.4,,4.7,,0,0,0,0,0,0,0,,,,
ZUESTA,2009,9,1,20,17.4,,,,,,,,954.4,,1.2,,0,0,0,0,0,0,0,,,,
ZUESTA,2009,9,1,21,17,,,,,,,,954.6,,2.4,,0,0,0,0,0,0,0,,,,
ZUESTA,2009,9,1,22,16.9,,,,,,,,954.7,,1.1,,0,0,0,0,0,0,0,,,,
ZUESTA,2009,9,1,23,16.8,,,,,,,,954.5,,1,,0,0,0,0,0,0,0,,,,
ZUESTA,2009,9,2,0,16.9,,,,,,,,954.3,,0.6,,0,0,0,0,0,0,0,,,,
ZUESTA,2009,9,2,1,16.7,,,,,,,,954.1,,0.6,,0,0,0,0,0,0,0,,,,
ZUESTA,2009,9,2,2,16.5,,,,,,,,953.8,,0.5,,0,0,0,0,0,0,0,,,,
ZUESTA,2009,9,2,3,16.8,,,,,,,,953.8,,0.3,,0,0,0,0,0,0,0,,,,
ZUESTA,2009,9,2,4,16.9,,,,,,,,953.6,,0.4,,0,0,0,0,0,0,0,,,,
ZUESTA,2009,9,2,5,17.2,,,,,,,,953.7,,0.4,,15,0,0,0,0,0,0,,,,
ZUESTA,2009,9,2,6,17.5,,,,,,,,953.8,,0.8,,60,0,0,0,0,0,0,,,,
ZUESTA,2009,9,2,7,17.8,,,,,,,,953.8,,0.8,,94,0,0,0,0,0,0,,,,
ZUESTA,2009,9,2,8,18.5,,,,,,,,953.7,,0.5,,210,864.3,35.3,0,0,0,0,,,,
ZUESTA,2009,9,2,9,19.3,,,,,,,,953.4,,0.6,,417,942.1,68.8,0,0,0,0,,,,
ZUESTA,2009,9,2,10,20.9,,,,,,,,952.9,,1.1,,521,818.3,96.2,0,0,0,0,,,,
ZUESTA,2009,9,2,11,22.2,,,,,,,,952.3,,1,,633,795.5,123.6,0,0,0,0,,,,
ZUESTA,2009,9,2,12,22.5,,,,,,,,951.6,,1.4,,450,165.7,329.9,0,0,0,0,,,,
ZUESTA,2009,9,2,13,20.5,,,,,,,,951.9,,2.3,,48,0.3,47.8,0,0,0,0,,,,
ZUESTA,2009,9,2,14,18.3,,,,,,,,951.5,,1.4,,25,0.1,24.9,0,0,0,0,,,,
ZUESTA,2009,9,2,15,18.4,,,,,,,,951.2,,1.9,,58,0.4,57.7,0,0,0,0,,,,
ZUESTA,2009,9,2,16,18.5,,,,,,,,950.8,,1.4,,88,1.3,87.2,0,0,0,0,,,,
ZUESTA,2009,9,2,17,18.1,,,,,,,,950,,1.2,,41,0.5,40.8,0,0,0,0,,,,
ZUESTA,2009,9,2,18,17.2,,,,,,,,949.6,,1,,3,0,3,0,0,0,0,,,,
ZUESTA,2009,9,2,19,16.6,,,,,,,,949.4,,0.7,,0,0,0,0,0,0,0,,,,
ZUESTA,2009,9,2,20,16.2,,,,,,,,949,,0.6,,0,0,0,0,0,0,0,,,,
ZUESTA,2009,9,2,21,16.4,,,,,,,,948.5,,1.1,,0,0,0,0,0,0,0,,,,
ZUESTA,2009,9,2,22,16.2,,,,,,,,947.9,,1.1,,0,0,0,0,0,0,0,,,,
ZUESTA,2009,9,2,23,16.3,,,,,,,,947.3,,1.6,,0,0,0,0,0,0,0,,,,
ZUESTA,2009,9,3,0,16.2,,,,,,,,946.4,,1.1,,0,0,0,0,0,0,0,,,,
ZUESTA,2009,9,3,1,16.6,,,,,,,,946.3,,1.5,,0,0,0,0,0,0,0,,,,
ZUESTA,2009,9,3,2,16.8,,,,,,,,946.4,,4.7,,0,0,0,0,0,0,0,,,,
ZUESTA,2009,9,3,3,16.9,,,,,,,,946,,4,,0,0,0,0,0,0,0,,,,
ZUESTA,2009,9,3,4,16.7,,,,,,,,945.4,,3.2,,0,0,0,0,0,0,0,,,,
ZUESTA,2009,9,3,5,16.7,,,,,,,,945.1,,2.3,,22,0,0,0,0,0,0,,,,
ZUESTA,2009,9,3,6,17.1,,,,,,,,944.9,,3,,120,0,0,0,0,0,0,,,,
ZUESTA,2009,9,3,7,18.6,,,,,,,,944.5,,3.9,,296,0,0,0,0,0,0,,,,
ZUESTA,2009,9,3,8,20.1,,,,,,,,944.6,,4.4,,258,1085.1,42.6,0,0,0,0,,,,
ZUESTA,2009,9,3,9,18.8,,,,,,,,945.6,,7.8,,155,26.7,145.2,0,0,0,0,,,,
ZUESTA,2009,9,3,10,17.8,,,,,,,,946.4,,8.7,,220,27.7,205.7,0,0,0,0,,,,
ZUESTA,2009,9,3,11,19.7,,,,,,,,946.1,,6.1,,592,692.5,151.1,0,0,0,0,,,,
ZUESTA,2009,9,3,12,17.9,,,,,,,,946.2,,4.6,,404,104.9,328.4,0,0,0,0,,,,
ZUESTA,2009,9,3,13,17.3,,,,,,,,946.2,,2.8,,179,3.7,176.2,0,0,0,0,,,,
ZUESTA,2009,9,3,14,17.8,,,,,,,,946.3,,2.4,,261,9.9,253.5,0,0,0,0,,,,
ZUESTA,2009,9,3,15,19,,,,,,,,946.5,,3.6,,192,4.9,188.5,0,0,0,0,,,,
ZUESTA,2009,9,3,16,17.6,,,,,,,,947,,4.1,,148,3.8,145.6,0,0,0,0,,,,
ZUESTA,2009,9,3,17,16.5,,,,,,,,947.3,,2,,23,0.1,22.9,0,0,0,0,,,,
ZUESTA,2009,9,3,18,15.5,,,,,,,,947.7,,0.6,,2,0,2,0,0,0,0,,,,
ZUESTA,2009,9,3,19,15.2,,,,,,,,948.2,,0.9,,0,0,0,0,0,0,0,,,,
ZUESTA,2009,9,3,20,15,,,,,,,,948.1,,1.1,,0,0,0,0,0,0,0,,,,
ZUESTA,2009,9,3,21,15.4,,,,,,,,948,,0.5,,1,0,0,0,0,0,0,,,,
ZUESTA,2009,9,3,22,15.6,,,,,,,,947.7,,0.5,,0,0,0,0,0,0,0,,,,
ZUESTA,2009,9,3,23,15.7,,,,,,,,947.5,,1,,0,0,0,0,0,0,0,,,,
ZUESTA,2009,9,4,0,15.8,,,,,,,,947.3,,0.7,,0,0,0,0,0,0,0,,,,
ZUESTA,2009,9,4,1,15.2,,,,,,,,947,,0.5,,0,0,0,0,0,0,0,,,,
ZUESTA,2009,9,4,2,15.2,,,,,,,,947,,2.3,,0,0,0,0,0,0,0,,,,
ZUESTA,2009,9,4,3,13.5,,,,,,,,947.2,,4.6,,0,0,0,0,0,0,0,,,,
ZUESTA,2009,9,4,4,12.8,,,,,,,,947.1,,2.4,,0,0,0,0,0,0,0,,,,
ZUESTA,2009,9,4,5,13.1,,,,,,,,947.1,,1.7,,4,0,0,0,0,0,0,,,,
ZUESTA,2009,9,4,6,13.6,,,,,,,,947,,1.6,,28,0,0,0,0,0,0,,,,
ZUESTA,2009,9,4,7,14.5,,,,,,,,946.3,,1.2,,202,0,0,0,0,0,0,,,,
ZUESTA,2009,9,4,8,15.1,,,,,,,,945.7,,0.8,,229,981,37.8,0,0,0,0,,,,
ZUESTA,2009,9,4,9,15.3,,,,,,,,945.4,,0.8,,223,158.7,165.5,0,0,0,0,,,,
ZUESTA,2009,9,4,10,15.9,,,,,,,,945.3,,1.5,,230,35.9,211.6,0,0,0,0,,,,
ZUESTA,2009,9,4,11,15.1,,,,,,,,945.6,,3.6,,78,1,77.4,0,0,0,0,,,,
ZUESTA,2009,9,4,12,15.5,,,,,,,,945.3,,4.5,,371,72,319.4,0,0,0,0,,,,
ZUESTA,2009,9,4,13,15.8,,,,,,,,945,,4.5,,187,4.1,183.9,0,0,0,0,,,,
ZUESTA,2009,9,4,14,16.2,,,,,,,,945.5,,8,,248,8.2,241.8,0,0,0,0,,,,
ZUESTA,2009,9,4,15,14.5,,,,,,,,947.3,,7.7,,121,2,119.6,0,0,0,0,,,,
ZUESTA,2009,9,4,16,14.9,,,,,,,,948.5,,5.2,,185,6.2,181.2,0,0,0,0,,,,
ZUESTA,2009,9,4,17,13,,,,,,,,949.7,,5.7,,5,0,5,0,0,0,0,,,,
ZUESTA,2009,9,4,18,11,,,,,,,,951.3,,5.1,,0,0,0,0,0,0,0,,,,
ZUESTA,2009,9,4,19,10.9,,,,,,,,952.9,,4.1,,0,0,0,0,0,0,0,,,,
ZUESTA,2009,9,4,20,10.4,,,,,,,,954.6,,4.7,,0,0,0,0,0,0,0,,,,
ZUESTA,2009,9,4,21,9.4,,,,,,,,955.9,,4.4,,0,0,0,0,0,0,0,,,,
ZUESTA,2009,9,4,22,9.6,,,,,,,,956.9,,4.3,,0,0,0,0,0,0,0,,,,
ZUESTA,2009,9,4,23,9.7,,,,,,,,957.4,,3.8,,0,0,0,0,0,0,0,,,,
ZUESTA,2009,9,5,0,9.5,,,,,,,,957.3,,3.4,,0,0,0,0,0,0,0,,,,
ZUESTA,2009,9,5,1,9.3,,,,,,,,957.4,,2.5,,0,0,0,0,0,0,0,,,,
ZUESTA,2009,9,5,2,8.6,,,,,,,,957.5,,1.5,,0,0,0,0,0,0,0,,,,
ZUESTA,2009,9,5,3,8.6,,,,,,,,957.6,,1.9,,0,0,0,0,0,0,0,,,,
ZUESTA,2009,9,5,4,8.4,,,,,,,,957.7,,1.8,,0,0,0,0,0,0,0,,,,
ZUESTA,2009,9,5,5,8.1,,,,,,,,958,,1.1,,24,0,0,0,0,0,0,,,,
ZUESTA,2009,9,5,6,9.1,,,,,,,,958.2,,0.9,,178,0,0,0,0,0,0,,,,
ZUESTA,2009,9,5,7,10.5,,,,,,,,958.6,,0.9,,356,0,0,0,0,0,0,,,,
ZUESTA,2009,9,5,8,11.7,,,,,,,,959.1,,2.4,,518,2261.3,85.5,0,0,0,0,,,,
ZUESTA,2009,9,5,9,13,,,,,,,,959.3,,2.5,,503,1170.4,83,0,0,0,0,,,,
ZUESTA,2009,9,5,10,13.1,,,,,,,,959.4,,2.5,,317,167.9,231.7,0,0,0,0,,,,
ZUESTA,2009,9,5,11,14.1,,,,,,,,959.3,,1.4,,452,298.3,264.3,0,0,0,0,,,,
ZUESTA,2009,9,5,12,15.1,,,,,,,,959.1,,2.1,,669,706.7,165,0,0,0,0,,,,
ZUESTA,2009,9,5,13,15.8,,,,,,,,958.8,,1.9,,721,738.8,163.7,0,0,0,0,,,,
ZUESTA,2009,9,5,14,15.8,,,,,,,,958.8,,2.1,,482,190.8,338.9,0,0,0,0,,,,
ZUESTA,2009,9,5,15,16.4,,,,,,,,958.7,,2.5,,491,271.5,300.8,0,0,0,0,,,,
ZUESTA,2009,9,5,16,15.9,,,,,,,,958.9,,2.9,,269,33,248.9,0,0,0,0,,,,
ZUESTA,2009,9,5,17,14.8,,,,,,,,959.3,,2.3,,81,1.9,80.1,0,0,0,0,,,,
ZUESTA,2009,9,5,18,12.7,,,,,,,,959.9,,1.1,,4,0,4,0,0,0,0,,,,
ZUESTA,2009,9,5,19,10.9,,,,,,,,960.4,,1,,0,0,0,0,0,0,0,,,,
ZUESTA,2009,9,5,20,10.7,,,,,,,,960.9,,0.7,,0,0,0,0,0,0,0,,,,
ZUESTA,2009,9,5,21,10,,,,,,,,961.1,,0.8,,0,0,0,0,0,0,0,,,,
ZUESTA,2009,9,5,22,9.4,,,,,,,,961.4,,0.7,,0,0,0,0,0,0,0,,,,
ZUESTA,2009,9,5,23,9.1,,,,,,,,961.5,,0.6,,0,0,0,0,0,0,0,,,,
ZUESTA,2009,9,6,0,8.7,,,,,,,,961.3,,1.2,,0,0,0,0,0,0,0,,,,
ZUESTA,2009,9,6,1,8.2,,,,,,,,961.1,,0.8,,0,0,0,0,0,0,0,,,,
ZUESTA,2009,9,6,2,8,,,,,,,,961.1,,0.9,,0,0,0,0,0,0,0,,,,
ZUESTA,2009,9,6,3,7.8,,,,,,,,961,,0.6,,0,0,0,0,0,0,0,,,,
ZUESTA,2009,9,6,4,7.7,,,,,,,,961,,0.7,,0,0,0,0,0,0,0,,,,
ZUESTA,2009,9,6,5,7.6,,,,,,,,961.4,,0.9,,22,0,0,0,0,0,0,,,,
ZUESTA,2009,9,6,6,8.6,,,,,,,,961.7,,0.8,,170,0,0,0,0,0,0,,,,
ZUESTA,2009,9,6,7,10.4,,,,,,,,961.9,,0.8,,347,0,0,0,0,0,0,,,,
ZUESTA,2009,9,6,8,12.1,,,,,,,,961.8,,1.1,,503,2238.6,83,0,0,0,0,,,,
ZUESTA,2009,9,6,9,14.2,,,,,,,,961.6,,1.5,,647,1520.8,106.8,0,0,0,0,,,,
ZUESTA,2009,9,6,10,15.6,,,,,,,,961.6,,1.5,,746,1234.2,123.1,0,0,0,0,,,,
ZUESTA,2009,9,6,11,16.8,,,,,,,,961.2,,1.6,,792,1057.3,130.7,0,0,0,0,,,,
ZUESTA,2009,9,6,12,17.9,,,,,,,,960.9,,1.4,,774,911.2,127.7,0,0,0,0,,,,
ZUESTA,2009,9,6,13,18.1,,,,,,,,960.5,,1.3,,706,711.7,172.1,0,0,0,0,,,,
ZUESTA,2009,9,6,14,18.9,,,,,,,,959.9,,1.6,,596,438.8,268.9,0,0,0,0,,,,
ZUESTA,2009,9,6,15,19,,,,,,,,959.5,,1.3,,440,178.1,316.1,0,0,0,0,,,,
ZUESTA,2009,9,6,16,18.5,,,,,,,,959.3,,1.6,,249,23.2,235,0,0,0,0,,,,
ZUESTA,2009,9,6,17,16.8,,,,,,,,959.2,,1.8,,79,1.8,78.1,0,0,0,0,,,,
ZUESTA,2009,9,6,18,14.8,,,,,,,,959.3,,2.7,,2,0,2,0,0,0,0,,,,
ZUESTA,2009,9,6,19,14.2,,,,,,,,959.4,,2.9,,0,0,0,0,0,0,0,,,,
ZUESTA,2009,9,6,20,13.3,,,,,,,,959.2,,2.1,,0,0,0,0,0,0,0,,,,
ZUESTA,2009,9,6,21,12.2,,,,,,,,959.1,,0.7,,0,0,0,0,0,0,0,,,,
ZUESTA,2009,9,6,22,12,,,,,,,,959,,0.4,,0,0,0,0,0,0,0,,,,
ZUESTA,2009,9,6,23,11.5,,,,,,,,959,,0.9,,0,0,0,0,0,0,0,,,,
ZUESTA,2009,9,7,0,10.9,,,,,,,,958.9,,0.5,,0,0,0,0,0,0,0,,,,
ZUESTA,2009,9,7,1,10.4,,,,,,,,958.7,,0.4,,0,0,0,0,0,0,0,,,,
ZUESTA,2009,9,7,2,10.1,,,,,,,,958.5,,0.8,,0,0,0,0,0,0,0,,,,
ZUESTA,2009,9,7,3,9.5,,,,,,,,958.2,,1.2,,0,0,0,0,0,0,0,,,,
ZUESTA,2009,9,7,4,9.1,,,,,,,,958.2,,1.6,,0,0,0,0,0,0,0,,,,
ZUESTA,2009,9,7,5,9.2,,,,,,,,958.3,,0.9,,21,0,0,0,0,0,0,,,,
ZUESTA,2009,9,7,6,9.9,,,,,,,,958.6,,0.3,,162,0,0,0,0,0,0,,,,
ZUESTA,2009,9,7,7,11.8,,,,,,,,958.9,,0.4,,336,0,0,0,0,0,0,,,,
ZUESTA,2009,9,7,8,13.9,,,,,,,,959.1,,0.8,,493,2238,81.3,0,0,0,0,,,,
ZUESTA,2009,9,7,9,15.9,,,,,,,,959.3,,0.9,,617,1465.3,101.8,0,0,0,0,,,,
ZUESTA,2009,9,7,10,17.8,,,,,,,,959.2,,0.9,,665,1108.3,109.7,0,0,0,0,,,,
ZUESTA,2009,9,7,11,19.3,,,,,,,,959.1,,0.9,,711,955,117.3,0,0,0,0,,,,
ZUESTA,2009,9,7,12,20.8,,,,,,,,959,,0.8,,752,890.8,123.8,0,0,0,0,,,,
ZUESTA,2009,9,7,13,21.5,,,,,,,,958.7,,1.1,,680,655.4,191.1,0,0,0,0,,,,
ZUESTA,2009,9,7,14,22.1,,,,,,,,958.5,,1.2,,550,336.3,300.7,0,0,0,0,,,,
ZUESTA,2009,9,7,15,22.2,,,,,,,,958.3,,1.3,,379,94.3,313.8,0,0,0,0,,,,
ZUESTA,2009,9,7,16,21.6,,,,,,,,958,,1.1,,215,11.8,207.9,0,0,0,0,,,,
ZUESTA,2009,9,7,17,19.4,,,,,,,,958.1,,1.8,,47,0.7,46.7,0,0,0,0,,,,
ZUESTA,2009,9,7,18,17.1,,,,,,,,958.3,,2.9,,2,0,2,0,0,0,0,,,,
ZUESTA,2009,9,7,19,15.7,,,,,,,,958.6,,1.8,,0,0,0,0,0,0,0,,,,
ZUESTA,2009,9,7,20,15.2,,,,,,,,958.7,,0.9,,0,0,0,0,0,0,0,,,,
ZUESTA,2009,9,7,21,14.5,,,,,,,,958.7,,0.5,,0,0,0,0,0,0,0,,,,
ZUESTA,2009,9,7,22,13.8,,,,,,,,958.7,,0.6,,0,0,0,0,0,0,0,,,,
ZUESTA,2009,9,7,23,13.2,,,,,,,,958.6,,1,,0,0,0,0,0,0,0,,,,
ZUESTA,2009,9,8,0,12.8,,,,,,,,958.5,,0.7,,0,0,0,0,0,0,0,,,,
ZUESTA,2009,9,8,1,12.4,,,,,,,,958.6,,1.7,,0,0,0,0,0,0,0,,,,
ZUESTA,2009,9,8,2,12.2,,,,,,,,958.7,,1.7,,0,0,0,0,0,0,0,,,,
ZUESTA,2009,9,8,3,11.4,,,,,,,,958.7,,1.9,,0,0,0,0,0,0,0,,,,
ZUESTA,2009,9,8,4,11.2,,,,,,,,958.8,,2,,0,0,0,0,0,0,0,,,,
ZUESTA,2009,9,8,5,10.9,,,,,,,,959.2,,0.9,,19,0,0,0,0,0,0,,,,
ZUESTA,2009,9,8,6,12.1,,,,,,,,959.4,,0.8,,152,0,0,0,0,0,0,,,,
ZUESTA,2009,9,8,7,13.9,,,,,,,,959.5,,0.9,,325,0,0,0,0,0,0,,,,
ZUESTA,2009,9,8,8,15.5,,,,,,,,959.8,,1.4,,489,2265.3,80.7,0,0,0,0,,,,
ZUESTA,2009,9,8,9,17.5,,,,,,,,959.6,,1.2,,621,1490.4,102.5,0,0,0,0,,,,
ZUESTA,2009,9,8,10,18.9,,,,,,,,959.1,,2.2,,719,1207.2,118.6,0,0,0,0,,,,
ZUESTA,2009,9,8,11,20.8,,,,,,,,958.6,,1.8,,759,1025.8,125.2,0,0,0,0,,,,
ZUESTA,2009,9,8,12,22.7,,,,,,,,958.1,,2.8,,745,887.5,122.7,0,0,0,0,,,,
ZUESTA,2009,9,8,13,23.7,,,,,,,,957.8,,3,,679,662.3,187.7,0,0,0,0,,,,
ZUESTA,2009,9,8,14,24.1,,,,,,,,957.5,,2.6,,566,381.3,285.2,0,0,0,0,,,,
ZUESTA,2009,9,8,15,24.2,,,,,,,,957.2,,2.5,,410,138.8,314.8,0,0,0,0,,,,
ZUESTA,2009,9,8,16,23.4,,,,,,,,957.1,,2.1,,231,17.3,220.7,0,0,0,0,,,,
ZUESTA,2009,9,8,17,21.2,,,,,,,,957,,1.1,,67,1.4,66.4,0,0,0,0,,,,
ZUESTA,2009,9,8,18,18.8,,,,,,,,957.1,,2.1,,2,0,2,0,0,0,0,,,,
ZUESTA,2009,9,8,19,17.7,,,,,,,,957.3,,2.5,,0,0,0,0,0,0,0,,,,
ZUESTA,2009,9,8,20,17.3,,,,,,,,957.3,,3.3,,0,0,0,0,0,0,0,,,,
ZUESTA,2009,9,8,21,17.2,,,,,,,,957.2,,3.8,,0,0,0,0,0,0,0,,,,
ZUESTA,2009,9,8,22,16,,,,,,,,957.2,,2.8,,0,0,0,0,0,0,0,,,,
ZUESTA,2009,9,8,23,14.4,,,,,,,,957.1,,1.4,,0,0,0,0,0,0,0,,,,
ZUESTA,2009,9,9,0,13.6,,,,,,,,956.9,,1.8,,0,0,0,0,0,0,0,,,,
ZUESTA,2009,9,9,1,12.8,,,,,,,,956.8,,1.6,,0,0,0,0,0,0,0,,,,
ZUESTA,2009,9,9,2,12.4,,,,,,,,956.7,,0.3,,0,0,0,0,0,0,0,,,,
ZUESTA,2009,9,9,3,11.7,,,,,,,,956.6,,1.5,,0,0,0,0,0,0,0,,,,
ZUESTA,2009,9,9,4,11.6,,,,,,,,956.8,,2.1,,0,0,0,0,0,0,0,,,,
ZUESTA,2009,9,9,5,11.4,,,,,,,,957.2,,1.9,,16,0,0,0,0,0,0,,,,
ZUESTA,2009,9,9,6,12.1,,,,,,,,957.6,,1.2,,152,0,0,0,0,0,0,,,,
ZUESTA,2009,9,9,7,14,,,,,,,,957.8,,0.9,,329,0,0,0,0,0,0,,,,
ZUESTA,2009,9,9,8,15.3,,,,,,,,958,,1.5,,498,2355.5,82.2,0,0,0,0,,,,
ZUESTA,2009,9,9,9,17.1,,,,,,,,958.2,,1.3,,630,1528.3,104,0,0,0,0,,,,
ZUESTA,2009,9,9,10,18.8,,,,,,,,958,,1.5,,728,1231.7,120.1,0,0,0,0,,,,
ZUESTA,2009,9,9,11,20.4,,,,,,,,957.8,,2.1,,772,1049.9,127.4,0,0,0,0,,,,
ZUESTA,2009,9,9,12,21.4,,,,,,,,957.6,,2.2,,757,906.6,124.9,0,0,0,0,,,,
ZUESTA,2009,9,9,13,22.4,,,,,,,,957.4,,2.5,,693,707.6,171.2,0,0,0,0,,,,
ZUESTA,2009,9,9,14,22.9,,,,,,,,957.2,,2.4,,572,404.1,276.2,0,0,0,0,,,,
ZUESTA,2009,9,9,15,22.6,,,,,,,,957.4,,2.3,,413,147.6,312.5,0,0,0,0,,,,
ZUESTA,2009,9,9,16,22,,,,,,,,957.7,,1.9,,237,20.5,225,0,0,0,0,,,,
ZUESTA,2009,9,9,17,19.4,,,,,,,,957.9,,1.5,,62,1.2,61.4,0,0,0,0,,,,
ZUESTA,2009,9,9,18,16.9,,,,,,,,958.3,,1.6,,1,0,1,0,0,0,0,,,,
ZUESTA,2009,9,9,19,15.8,,,,,,,,958.8,,1.7,,0,0,0,0,0,0,0,,,,
ZUESTA,2009,9,9,20,14.8,,,,,,,,959,,1.4,,0,0,0,0,0,0,0,,,,
ZUESTA,2009,9,9,21,14.2,,,,,,,,959.3,,1.6,,0,0,0,0,0,0,0,,,,
ZUESTA,2009,9,9,22,13.6,,,,,,,,959.6,,2.1,,0,0,0,0,0,0,0,,,,
ZUESTA,2009,9,9,23,13.2,,,,,,,,959.8,,1.9,,0,0,0,0,0,0,0,,,,
ZUESTA,2009,9,10,0,12.6,,,,,,,,959.6,,1,,0,0,0,0,0,0,0,,,,
ZUESTA,2009,9,10,1,12.2,,,,,,,,959.4,,0.7,,0,0,0,0,0,0,0,,,,
ZUESTA,2009,9,10,2,11.7,,,,,,,,959.3,,0.6,,0,0,0,0,0,0,0,,,,
ZUESTA,2009,9,10,3,11.3,,,,,,,,959.2,,0.8,,0,0,0,0,0,0,0,,,,
ZUESTA,2009,9,10,4,11.3,,,,,,,,959.2,,2,,0,0,0,0,0,0,0,,,,
ZUESTA,2009,9,10,5,11.1,,,,,,,,959.5,,2,,15,0,0,0,0,0,0,,,,
ZUESTA,2009,9,10,6,11.9,,,,,,,,960,,0.6,,141,0,0,0,0,0,0,,,,
ZUESTA,2009,9,10,7,13.6,,,,,,,,960.4,,0.7,,314,0,0,0,0,0,0,,,,
ZUESTA,2009,9,10,8,15.8,,,,,,,,960.7,,0.9,,479,2314.6,79,0,0,0,0,,,,
ZUESTA,2009,9,10,9,17.5,,,,,,,,960.7,,1.2,,604,1481.3,99.7,0,0,0,0,,,,
ZUESTA,2009,9,10,10,19.3,,,,,,,,960.5,,1.1,,692,1179.8,114.2,0,0,0,0,,,,
ZUESTA,2009,9,10,11,21,,,,,,,,960.2,,2,,734,1004.6,121.1,0,0,0,0,,,,
ZUESTA,2009,9,10,12,22,,,,,,,,960,,2.4,,720,862.9,121.9,0,0,0,0,,,,
ZUESTA,2009,9,10,13,22.5,,,,,,,,959.7,,2.3,,649,602.6,207.2,0,0,0,0,,,,
ZUESTA,2009,9,10,14,22.7,,,,,,,,959.6,,2.3,,540,335.3,296.1,0,0,0,0,,,,
ZUESTA,2009,9,10,15,22.3,,,,,,,,959.5,,2,,374,97.4,308.2,0,0,0,0,,,,
ZUESTA,2009,9,10,16,21.5,,,,,,,,959.5,,1.4,,196,8.9,190.8,0,0,0,0,,,,
ZUESTA,2009,9,10,17,19.4,,,,,,,,959.8,,0.8,,28,0.3,27.9,0,0,0,0,,,,
ZUESTA,2009,9,10,18,17.4,,,,,,,,960.1,,1.3,,0,0,0,0,0,0,0,,,,
ZUESTA,2009,9,10,19,16.6,,,,,,,,960.5,,1.1,,0,0,0,0,0,0,0,,,,
ZUESTA,2009,9,10,20,15.7,,,,,,,,960.5,,0.9,,0,0,0,0,0,0,0,,,,
ZUESTA,2009,9,10,21,15.7,,,,,,,,960.8,,1.3,,0,0,0,0,0,0,0,,,,
ZUESTA,2009,9,10,22,15.2,,,,,,,,960.9,,1.6,,0,0,0,0,0,0,0,,,,
ZUESTA,2009,9,10,23,15,,,,,,,,960.9,,1.8,,0,0,0,0,0,0,0,,,,
ZUESTA,2009,9,11,0,14.4,,,,,,,,960.6,,2.1,,0,0,0,0,0,0,0,,,,
ZUESTA,2009,9,11,1,14.6,,,,,,,,960.3,,2.8,,0,0,0,0,0,0,0,,,,
ZUESTA,2009,9,11,2,14.2,,,,,,,,960.3,,2.6,,0,0,0,0,0,0,0,,,,
ZUESTA,2009,9,11,3,13.9,,,,,,,,960.2,,3.3,,0,0,0,0,0,0,0,,,,
ZUESTA,2009,9,11,4,13.3,,,,,,,,960.2,,2.9,,0,0,0,0,0,0,0,,,,
ZUESTA,2009,9,11,5,13.4,,,,,,,,960.7,,2.4,,8,0,0,0,0,0,0,,,,
ZUESTA,2009,9,11,6,13.8,,,,,,,,960.9,,2.3,,46,0,0,0,0,0,0,,,,
ZUESTA,2009,9,11,7,14.1,,,,,,,,961.1,,2.6,,75,0,0,0,0,0,0,,,,
ZUESTA,2009,9,11,8,14.4,,,,,,,,961.3,,2.6,,77,37.9,70.6,0,0,0,0,,,,
ZUESTA,2009,9,11,9,14.7,,,,,,,,961.4,,2.5,,83,4.1,81.6,0,0,0,0,,,,
ZUESTA,2009,9,11,10,15,,,,,,,,961.2,,2.6,,104,3.1,102.5,0,0,0,0,,,,
ZUESTA,2009,9,11,11,15.4,,,,,,,,961,,2.3,,156,4.4,153.3,0,0,0,0,,,,
ZUESTA,2009,9,11,12,16.2,,,,,,,,960.7,,2.7,,249,12.1,240.7,0,0,0,0,,,,
ZUESTA,2009,9,11,13,17.5,,,,,,,,960.3,,2.8,,369,64,322.4,0,0,0,0,,,,
ZUESTA,2009,9,11,14,18.6,,,,,,,,959.6,,2.8,,449,163.5,330.8,0,0,0,0,,,,
ZUESTA,2009,9,11,15,18.6,,,,,,,,959.1,,2.9,,333,57.9,294.1,0,0,0,0,,,,
ZUESTA,2009,9,11,16,18,,,,,,,,959.1,,2.5,,199,9.8,193.4,0,0,0,0,,,,
ZUESTA,2009,9,11,17,16.5,,,,,,,,959.3,,2.2,,47,0.7,46.7,0,0,0,0,,,,
ZUESTA,2009,9,11,18,15.2,,,,,,,,959.5,,1.5,,1,0,1,0,0,0,0,,,,
ZUESTA,2009,9,11,19,14.7,,,,,,,,959.8,,1.4,,0,0,0,0,0,0,0,,,,
ZUESTA,2009,9,11,20,14.7,,,,,,,,959.7,,1.8,,0,0,0,0,0,0,0,,,,
ZUESTA,2009,9,11,21,14.8,,,,,,,,959.2,,2.2,,0,0,0,0,0,0,0,,,,
ZUESTA,2009,9,11,22,14.5,,,,,,,,958.7,,2.2,,0,0,0,0,0,0,0,,,,
ZUESTA,2009,9,11,23,13.9,,,,,,,,958.1,,1.9,,0,0,0,0,0,0,0,,,,
ZUESTA,2009,9,12,0,13.7,,,,,,,,957.7,,1.6,,0,0,0,0,0,0,0,,,,
ZUESTA,2009,9,12,1,14.3,,,,,,,,957.1,,1.6,,0,0,0,0,0,0,0,,,,
ZUESTA,2009,9,12,2,13.9,,,,,,,,956.6,,3,,0,0,0,0,0,0,0,,,,
ZUESTA,2009,9,12,3,13.5,,,,,,,,956.4,,3.7,,0,0,0,0,0,0,0,,,,
ZUESTA,2009,9,12,4,12.9,,,,,,,,956.3,,2.6,,0,0,0,0,0,0,0,,,,
ZUESTA,2009,9,12,5,12.5,,,,,,,,956.4,,2.9,,6,0,0,0,0,0,0,,,,
ZUESTA,2009,9,12,6,12.5,,,,,,,,956.5,,1.4,,35,0,0,0,0,0,0,,,,
ZUESTA,2009,9,12,7,12.9,,,,,,,,956.3,,1.1,,115,0,0,0,0,0,0,,,,
ZUESTA,2009,9,12,8,13.6,,,,,,,,956.2,,1.8,,134,456.7,58.5,0,0,0,0,,,,
ZUESTA,2009,9,12,9,14.5,,,,,,,,955.9,,2,,168,62.8,147.1,0,0,0,0,,,,
ZUESTA,2009,9,12,10,15.4,,,,,,,,955.6,,2.7,,280,121.4,221.5,0,0,0,0,,,,
ZUESTA,2009,9,12,11,17.4,,,,,,,,955.5,,3.5,,579,745.7,130,0,0,0,0,,,,
ZUESTA,2009,9,12,12,18.1,,,,,,,,955.5,,3.5,,576,515.2,223.2,0,0,0,0,,,,
ZUESTA,2009,9,12,13,17.5,,,,,,,,955.5,,2.6,,204,5.3,200.2,0,0,0,0,,,,
ZUESTA,2009,9,12,14,17.8,,,,,,,,955.3,,2,,169,3.7,166.3,0,0,0,0,,,,
ZUESTA,2009,9,12,15,18,,,,,,,,955.1,,2.2,,248,13.8,238.8,0,0,0,0,,,,
ZUESTA,2009,9,12,16,17.1,,,,,,,,955.1,,2.2,,37,0.3,36.8,0,0,0,0,,,,
ZUESTA,2009,9,12,17,16.7,,,,,,,,955.3,,1.1,,10,0,10,0,0,0,0,,,,
ZUESTA,2009,9,12,18,16.2,,,,,,,,955.6,,0.8,,1,0,1,0,0,0,0,,,,
ZUESTA,2009,9,12,19,16.2,,,,,,,,955.8,,2.6,,0,0,0,0,0,0,0,,,,
ZUESTA,2009,9,12,20,15.7,,,,,,,,955.8,,1.9,,0,0,0,0,0,0,0,,,,
ZUESTA,2009,9,12,21,15.1,,,,,,,,955.6,,1.3,,0,0,0,0,0,0,0,,,,
ZUESTA,2009,9,12,22,14.1,,,,,,,,955.4,,1.1,,0,0,0,0,0,0,0,,,,
ZUESTA,2009,9,12,23,13.1,,,,,,,,955.3,,1.4,,0,0,0,0,0,0,0,,,,
ZUESTA,2009,9,13,0,12.7,,,,,,,,955.2,,0.6,,0,0,0,0,0,0,0,,,,
ZUESTA,2009,9,13,1,13.2,,,,,,,,955.1,,0.9,,0,0,0,0,0,0,0,,,,
ZUESTA,2009,9,13,2,13,,,,,,,,954.9,,2,,0,0,0,0,0,0,0,,,,
ZUESTA,2009,9,13,3,13,,,,,,,,954.8,,3.2,,0,0,0,0,0,0,0,,,,
ZUESTA,2009,9,13,4,12.7,,,,,,,,954.8,,2.1,,0,0,0,0,0,0,0,,,,
ZUESTA,2009,9,13,5,12.4,,,,,,,,954.9,,0.7,,4,0,0,0,0,0,0,,,,
ZUESTA,2009,9,13,6,12.6,,,,,,,,954.9,,1.7,,35,0,0,0,0,0,0,,,,
ZUESTA,2009,9,13,7,12.7,,,,,,,,954.9,,1.5,,106,0,0,0,0,0,0,,,,
ZUESTA,2009,9,13,8,13.3,,,,,,,,954.9,,1.5,,160,794.3,31.7,0,0,0,0,,,,
ZUESTA,2009,9,13,9,14.2,,,,,,,,954.6,,0.8,,276,509.5,108.3,0,0,0,0,,,,
ZUESTA,2009,9,13,10,15.9,,,,,,,,954.3,,1.2,,520,908,85.8,0,0,0,0,,,,
ZUESTA,2009,9,13,11,16.7,,,,,,,,953.7,,1.2,,520,569.9,179.2,0,0,0,0,,,,
ZUESTA,2009,9,13,12,17.6,,,,,,,,953.1,,1,,459,229.9,302.5,0,0,0,0,,,,
ZUESTA,2009,9,13,13,18.3,,,,,,,,952.5,,1.3,,486,230.9,319.8,0,0,0,0,,,,
ZUESTA,2009,9,13,14,18.6,,,,,,,,951.9,,1.5,,515,300.7,300.5,0,0,0,0,,,,
ZUESTA,2009,9,13,15,18.7,,,,,,,,951.2,,2.3,,325,55.1,288.6,0,0,0,0,,,,
ZUESTA,2009,9,13,16,18,,,,,,,,951.1,,2.5,,100,2.1,98.8,0,0,0,0,,,,
ZUESTA,2009,9,13,17,17.7,,,,,,,,950.9,,2.9,,36,0.5,35.8,0,0,0,0,,,,
ZUESTA,2009,9,13,18,16.1,,,,,,,,951.3,,2.1,,0,0,0,0,0,0,0,,,,
ZUESTA,2009,9,13,19,14.6,,,,,,,,951.8,,2.3,,0,0,0,0,0,0,0,,,,
ZUESTA,2009,9,13,20,13.6,,,,,,,,952.1,,2.1,,0,0,0,0,0,0,0,,,,
ZUESTA,2009,9,13,21,13.3,,,,,,,,952.3,,1.3,,0,0,0,0,0,0,0,,,,
ZUESTA,2009,9,13,22,12,,,,,,,,952.2,,1.3,,0,0,0,0,0,0,0,,,,
ZUESTA,2009,9,13,23,10.8,,,,,,,,951.8,,0.7,,0,0,0,0,0,0,0,,,,
ZUESTA,2009,9,14,0,10.2,,,,,,,,951.5,,1.1,,0,0,0,0,0,0,0,,,,
ZUESTA,2009,9,14,1,10.1,,,,,,,,951.3,,1.4,,0,0,0,0,0,0,0,,,,
ZUESTA,2009,9,14,2,10.4,,,,,,,,951.3,,2.4,,0,0,0,0,0,0,0,,,,
ZUESTA,2009,9,14,3,10,,,,,,,,951,,1.3,,0,0,0,0,0,0,0,,,,
ZUESTA,2009,9,14,4,9.2,,,,,,,,950.7,,1.6,,0,0,0,0,0,0,0,,,,
ZUESTA,2009,9,14,5,8.4,,,,,,,,950.8,,0.9,,10,0,0,0,0,0,0,,,,
ZUESTA,2009,9,14,6,9.4,,,,,,,,950.9,,1,,61,0,0,0,0,0,0,,,,
ZUESTA,2009,9,14,7,10.2,,,,,,,,950.9,,1.8,,141,0,0,0,0,0,0,,,,
ZUESTA,2009,9,14,8,10.8,,,,,,,,950.8,,2.2,,233,1233.7,38.4,0,0,0,0,,,,
ZUESTA,2009,9,14,9,11.5,,,,,,,,950.6,,2.1,,254,400.4,123.8,0,0,0,0,,,,
ZUESTA,2009,9,14,10,11.5,,,,,,,,950.2,,2.3,,250,77.2,213.4,0,0,0,0,,,,
ZUESTA,2009,9,14,11,12.7,,,,,,,,949.8,,1.8,,414,261.7,258.5,0,0,0,0,,,,
ZUESTA,2009,9,14,12,12.8,,,,,,,,949.4,,2.4,,322,47.1,290.2,0,0,0,0,,,,
ZUESTA,2009,9,14,13,13.1,,,,,,,,949.2,,2,,347,51.6,310.1,0,0,0,0,,,,
ZUESTA,2009,9,14,14,13.6,,,,,,,,948.9,,2.9,,520,319.6,293.6,0,0,0,0,,,,
ZUESTA,2009,9,14,15,13.9,,,,,,,,948.8,,2,,365,99.3,299.9,0,0,0,0,,,,
ZUESTA,2009,9,14,16,13.6,,,,,,,,948.6,,1.6,,212,14.7,203.8,0,0,0,0,,,,
ZUESTA,2009,9,14,17,12.1,,,,,,,,948.5,,1.2,,35,0.4,34.8,0,0,0,0,,,,
ZUESTA,2009,9,14,18,10.3,,,,,,,,948.5,,1.4,,0,0,0,0,0,0,0,,,,
ZUESTA,2009,9,14,19,9.7,,,,,,,,948.6,,2.2,,0,0,0,0,0,0,0,,,,
ZUESTA,2009,9,14,20,9.7,,,,,,,,948.6,,3.4,,0,0,0,0,0,0,0,,,,
ZUESTA,2009,9,14,21,9.7,,,,,,,,948.7,,2.4,,0,0,0,0,0,0,0,,,,
ZUESTA,2009,9,14,22,9.7,,,,,,,,948.7,,1.8,,0,0,0,0,0,0,0,,,,
ZUESTA,2009,9,14,23,9.5,,,,,,,,948.6,,1.4,,0,0,0,0,0,0,0,,,,
ZUESTA,2009,9,15,0,9.5,,,,,,,,948.5,,2.3,,0,0,0,0,0,0,0,,,,
ZUESTA,2009,9,15,1,9.4,,,,,,,,948.5,,2.5,,0,0,0,0,0,0,0,,,,
ZUESTA,2009,9,15,2,9.3,,,,,,,,948.7,,2.6,,0,0,0,0,0,0,0,,,,
ZUESTA,2009,9,15,3,9.1,,,,,,,,948.6,,2.2,,0,0,0,0,0,0,0,,,,
ZUESTA,2009,9,15,4,9,,,,,,,,948.6,,3.2,,0,0,0,0,0,0,0,,,,
ZUESTA,2009,9,15,5,9,,,,,,,,948.8,,3.3,,8,0,0,0,0,0,0,,,,
ZUESTA,2009,9,15,6,9.2,,,,,,,,949,,2.2,,52,0,0,0,0,0,0,,,,
ZUESTA,2009,9,15,7,9.8,,,,,,,,949.3,,2.1,,118,0,0,0,0,0,0,,,,
ZUESTA,2009,9,15,8,10.6,,,,,,,,949.7,,2.6,,219,1188.3,36.1,0,0,0,0,,,,
ZUESTA,2009,9,15,9,11.6,,,,,,,,949.6,,2.3,,382,992.4,63,0,0,0,0,,,,
ZUESTA,2009,9,15,10,12.4,,,,,,,,949.3,,2.8,,559,992.5,92.2,0,0,0,0,,,,
ZUESTA,2009,9,15,11,13.3,,,,,,,,949.1,,3.1,,574,764.2,123.2,0,0,0,0,,,,
ZUESTA,2009,9,15,12,14.2,,,,,,,,949.3,,1.5,,685,836.9,122.7,0,0,0,0,,,,
ZUESTA,2009,9,15,13,14.8,,,,,,,,948.9,,1.3,,365,68,316.7,0,0,0,0,,,,
ZUESTA,2009,9,15,14,14.9,,,,,,,,948.7,,0.7,,175,4.1,172.1,0,0,0,0,,,,
ZUESTA,2009,9,15,15,15.5,,,,,,,,948.7,,1.1,,228,10.4,221.2,0,0,0,0,,,,
ZUESTA,2009,9,15,16,15.6,,,,,,,,948.6,,1.3,,140,4.2,137.7,0,0,0,0,,,,
ZUESTA,2009,9,15,17,14.9,,,,,,,,948.7,,0.6,,38,0.5,37.8,0,0,0,0,,,,
ZUESTA,2009,9,15,18,14.1,,,,,,,,948.9,,1,,0,0,0,0,0,0,0,,,,
ZUESTA,2009,9,15,19,13.5,,,,,,,,949.2,,0.9,,0,0,0,0,0,0,0,,,,
ZUESTA,2009,9,15,20,13.5,,,,,,,,948.9,,3.2,,0,0,0,0,0,0,0,,,,
ZUESTA,2009,9,15,21,13.1,,,,,,,,948.7,,4.1,,0,0,0,0,0,0,0,,,,
ZUESTA,2009,9,15,22,12.4,,,,,,,,948.5,,4.1,,0,0,0,0,0,0,0,,,,
ZUESTA,2009,9,15,23,12,,,,,,,,948.3,,3.4,,0,0,0,0,0,0,0,,,,
ZUESTA,2009,9,16,0,12.2,,,,,,,,947.8,,4.1,,0,0,0,0,0,0,0,,,,
ZUESTA,2009,9,16,1,12.4,,,,,,,,947.1,,4.3,,0,0,0,0,0,0,0,,,,
ZUESTA,2009,9,16,2,12.5,,,,,,,,946.8,,4.9,,0,0,0,0,0,0,0,,,,
ZUESTA,2009,9,16,3,12.4,,,,,,,,946.3,,5,,0,0,0,0,0,0,0,,,,
ZUESTA,2009,9,16,4,12.3,,,,,,,,945.6,,4.1,,0,0,0,0,0,0,0,,,,
ZUESTA,2009,9,16,5,12.4,,,,,,,,945.3,,2.9,,4,0,0,0,0,0,0,,,,
ZUESTA,2009,9,16,6,12.9,,,,,,,,945.2,,2.5,,61,0,0,0,0,0,0,,,,
ZUESTA,2009,9,16,7,13.5,,,,,,,,945.1,,2.1,,144,0,0,0,0,0,0,,,,
ZUESTA,2009,9,16,8,13.9,,,,,,,,945,,3.3,,179,996,29.5,0,0,0,0,,,,
ZUESTA,2009,9,16,9,14.5,,,,,,,,944.9,,3.6,,203,183.2,144.8,0,0,0,0,,,,
ZUESTA,2009,9,16,10,14.6,,,,,,,,944.7,,3.4,,138,5.8,135.3,0,0,0,0,,,,
ZUESTA,2009,9,16,11,14.7,,,,,,,,944.6,,3,,106,2.2,104.7,0,0,0,0,,,,
ZUESTA,2009,9,16,12,15.2,,,,,,,,944.6,,2.6,,124,2.3,122.5,0,0,0,0,,,,
ZUESTA,2009,9,16,13,15.2,,,,,,,,944.5,,2.1,,94,1.2,93.2,0,0,0,0,,,,
ZUESTA,2009,9,16,14,15.6,,,,,,,,944.4,,1.7,,129,2.3,127.4,0,0,0,0,,,,
ZUESTA,2009,9,16,15,15.8,,,,,,,,944.5,,0.9,,106,1.8,104.8,0,0,0,0,,,,
ZUESTA,2009,9,16,16,15.8,,,,,,,,944.7,,0.7,,52,0.6,51.7,0,0,0,0,,,,
ZUESTA,2009,9,16,17,15.4,,,,,,,,944.6,,1.4,,12,0.1,12,0,0,0,0,,,,
ZUESTA,2009,9,16,18,15.2,,,,,,,,944.9,,2,,0,0,0,0,0,0,0,,,,
ZUESTA,2009,9,16,19,15.1,,,,,,,,945.5,,1.9,,0,0,0,0,0,0,0,,,,
ZUESTA,2009,9,16,20,15.1,,,,,,,,945.8,,1.4,,0,0,0,0,0,0,0,,,,
ZUESTA,2009,9,16,21,14.7,,,,,,,,946.1,,0.3,,0,0,0,0,0,0,0,,,,
ZUESTA,2009,9,16,22,14.6,,,,,,,,946.4,,0.2,,0,0,0,0,0,0,0,,,,
ZUESTA,2009,9,16,23,14.8,,,,,,,,946.6,,0.3,,1,0,0,0,0,0,0,,,,
ZUESTA,2009,9,17,0,15.1,,,,,,,,946.8,,0.6,,1,0,0,0,0,0,0,,,,
ZUESTA,2009,9,17,1,15,,,,,,,,946.9,,0.4,,0,0,0,0,0,0,0,,,,
ZUESTA,2009,9,17,2,14.8,,,,,,,,947,,0.1,,0,0,0,0,0,0,0,,,,
ZUESTA,2009,9,17,3,14.6,,,,,,,,947,,0.4,,0,0,0,0,0,0,0,,,,
ZUESTA,2009,9,17,4,14.7,,,,,,,,947.1,,0.4,,0,0,0,0,0,0,0,,,,
ZUESTA,2009,9,17,5,14.6,,,,,,,,947.4,,0.6,,3,0,0,0,0,0,0,,,,
ZUESTA,2009,9,17,6,14.7,,,,,,,,947.7,,0.3,,19,0,0,0,0,0,0,,,,
ZUESTA,2009,9,17,7,14.8,,,,,,,,948.2,,0.5,,22,0,0,0,0,0,0,,,,
ZUESTA,2009,9,17,8,14.9,,,,,,,,948.8,,0.6,,32,3.2,31.5,0,0,0,0,,,,
ZUESTA,2009,9,17,9,14.9,,,,,,,,949.3,,1.1,,46,1.4,45.6,0,0,0,0,,,,
ZUESTA,2009,9,17,10,15.2,,,,,,,,949.4,,0.6,,56,1,55.5,0,0,0,0,,,,
ZUESTA,2009,9,17,11,15.6,,,,,,,,949.6,,0.8,,110,2.4,108.6,0,0,0,0,,,,
ZUESTA,2009,9,17,12,15.9,,,,,,,,950,,0.5,,96,1.4,95.1,0,0,0,0,,,,
ZUESTA,2009,9,17,13,16.1,,,,,,,,950.1,,0.8,,140,2.7,138.1,0,0,0,0,,,,
ZUESTA,2009,9,17,14,16.7,,,,,,,,950.2,,1,,257,13.4,247.7,0,0,0,0,,,,
ZUESTA,2009,9,17,15,16.9,,,,,,,,950.3,,0.8,,148,3.6,145.7,0,0,0,0,,,,
ZUESTA,2009,9,17,16,16.7,,,,,,,,950.6,,0.5,,64,0.9,63.5,0,0,0,0,,,,
ZUESTA,2009,9,17,17,16.4,,,,,,,,950.9,,0.7,,9,0,9,0,0,0,0,,,,
ZUESTA,2009,9,17,18,16.1,,,,,,,,951.4,,1.8,,0,0,0,0,0,0,0,,,,
ZUESTA,2009,9,17,19,15.8,,,,,,,,951.9,,2.5,,0,0,0,0,0,0,0,,,,
ZUESTA,2009,9,17,20,15.6,,,,,,,,952.1,,2.1,,0,0,0,0,0,0,0,,,,
ZUESTA,2009,9,17,21,15.3,,,,,,,,952.1,,1.5,,0,0,0,0,0,0,0,,,,
ZUESTA,2009,9,17,22,15.4,,,,,,,,952,,2,,0,0,0,0,0,0,0,,,,
ZUESTA,2009,9,17,23,15.4,,,,,,,,951.9,,2,,0,0,0,0,0,0,0,,,,
ZUESTA,2009,9,18,0,15.3,,,,,,,,951.8,,1.7,,0,0,0,0,0,0,0,,,,
ZUESTA,2009,9,18,1,15.3,,,,,,,,951.7,,2.8,,0,0,0,0,0,0,0,,,,
ZUESTA,2009,9,18,2,15.2,,,,,,,,951.6,,1.6,,1,0,0,0,0,0,0,,,,
ZUESTA,2009,9,18,3,15.1,,,,,,,,951.5,,2.2,,0,0,0,0,0,0,0,,,,
ZUESTA,2009,9,18,4,15,,,,,,,,951.3,,3.5,,0,0,0,0,0,0,0,,,,
ZUESTA,2009,9,18,5,14.9,,,,,,,,951.3,,3.5,,5,0,0,0,0,0,0,,,,
ZUESTA,2009,9,18,6,15.1,,,,,,,,951.4,,2,,25,0,0,0,0,0,0,,,,
ZUESTA,2009,9,18,7,15.3,,,,,,,,951.4,,1.7,,54,0,0,0,0,0,0,,,,
ZUESTA,2009,9,18,8,15.7,,,,,,,,951.4,,1.9,,112,408.9,53.8,0,0,0,0,,,,
ZUESTA,2009,9,18,9,16.2,,,,,,,,951.6,,1.4,,150,50.8,134.3,0,0,0,0,,,,
ZUESTA,2009,9,18,10,17.2,,,,,,,,951.8,,1.6,,302,207.3,207,0,0,0,0,,,,
ZUESTA,2009,9,18,11,17.9,,,,,,,,951.5,,1.8,,327,107.1,265.2,0,0,0,0,,,,
ZUESTA,2009,9,18,12,18.2,,,,,,,,951,,1.4,,232,10.6,225,0,0,0,0,,,,
ZUESTA,2009,9,18,13,19,,,,,,,,950.6,,1.9,,415,134.4,321.4,0,0,0,0,,,,
ZUESTA,2009,9,18,14,19.6,,,,,,,,950.3,,2.2,,456,211.4,310.5,0,0,0,0,,,,
ZUESTA,2009,9,18,15,19.1,,,,,,,,950,,2.1,,245,16.2,234.7,0,0,0,0,,,,
ZUESTA,2009,9,18,16,18.9,,,,,,,,949.9,,1.5,,129,3.8,127,0,0,0,0,,,,
ZUESTA,2009,9,18,17,17.2,,,,,,,,949.9,,0.2,,24,0.2,23.9,0,0,0,0,,,,
ZUESTA,2009,9,18,18,15.8,,,,,,,,949.8,,0.7,,0,0,0,0,0,0,0,,,,
ZUESTA,2009,9,18,19,15.2,,,,,,,,949.8,,1.3,,0,0,0,0,0,0,0,,,,
ZUESTA,2009,9,18,20,15.1,,,,,,,,949.8,,1.3,,0,0,0,0,0,0,0,,,,
ZUESTA,2009,9,18,21,15.3,,,,,,,,949.8,,2.8,,0,0,0,0,0,0,0,,,,
ZUESTA,2009,9,18,22,15,,,,,,,,950.1,,1.3,,0,0,0,0,0,0,0,,,,
ZUESTA,2009,9,18,23,14.4,,,,,,,,950,,1.1,,0,0,0,0,0,0,0,,,,
ZUESTA,2009,9,19,0,14.2,,,,,,,,950.2,,0.4,,0,0,0,0,0,0,0,,,,
ZUESTA,2009,9,19,1,14.9,,,,,,,,950.3,,0.6,,1,0,0,0,0,0,0,,,,
ZUESTA,2009,9,19,2,15.3,,,,,,,,950.4,,0.5,,1,0,0,0,0,0,0,,,,
ZUESTA,2009,9,19,3,15.5,,,,,,,,950.5,,0.6,,1,0,0,0,0,0,0,,,,
ZUESTA,2009,9,19,4,15.4,,,,,,,,950.6,,0.5,,0,0,0,0,0,0,0,,,,
ZUESTA,2009,9,19,5,15.4,,,,,,,,950.8,,0.9,,5,0,0,0,0,0,0,,,,
ZUESTA,2009,9,19,6,15.5,,,,,,,,951.3,,0.7,,48,0,0,0,0,0,0,,,,
ZUESTA,2009,9,19,7,15.8,,,,,,,,951.7,,0.8,,70,0,0,0,0,0,0,,,,
ZUESTA,2009,9,19,8,16.3,,,,,,,,952,,0.6,,148,892.8,24.4,0,0,0,0,,,,
ZUESTA,2009,9,19,9,17.7,,,,,,,,952.2,,1,,507,1384.8,83.7,0,0,0,0,,,,
ZUESTA,2009,9,19,10,18.4,,,,,,,,952.1,,1.1,,423,686.4,111.3,0,0,0,0,,,,
ZUESTA,2009,9,19,11,19.2,,,,,,,,951.9,,1.4,,500,572.2,172.1,0,0,0,0,,,,
ZUESTA,2009,9,19,12,20.2,,,,,,,,951.7,,1.1,,509,392.8,252.1,0,0,0,0,,,,
ZUESTA,2009,9,19,13,20.5,,,,,,,,951.5,,1.9,,458,210.8,312.2,0,0,0,0,,,,
ZUESTA,2009,9,19,14,20.7,,,,,,,,951.4,,2,,331,50.5,296.4,0,0,0,0,,,,
ZUESTA,2009,9,19,15,19.8,,,,,,,,951.4,,1.4,,121,2.5,119.5,0,0,0,0,,,,
ZUESTA,2009,9,19,16,20.4,,,,,,,,951.6,,1.1,,171,7.3,167.1,0,0,0,0,,,,
ZUESTA,2009,9,19,17,18.5,,,,,,,,951.9,,1.5,,24,0.2,23.9,0,0,0,0,,,,
ZUESTA,2009,9,19,18,17.3,,,,,,,,952.1,,0.9,,0,0,0,0,0,0,0,,,,
ZUESTA,2009,9,19,19,16.9,,,,,,,,952.5,,1.1,,0,0,0,0,0,0,0,,,,
ZUESTA,2009,9,19,20,16.3,,,,,,,,953,,0.5,,0,0,0,0,0,0,0,,,,
ZUESTA,2009,9,19,21,15.5,,,,,,,,953.1,,1.2,,0,0,0,0,0,0,0,,,,
ZUESTA,2009,9,19,22,15.1,,,,,,,,953.3,,0.8,,0,0,0,0,0,0,0,,,,
ZUESTA,2009,9,19,23,15.4,,,,,,,,953.4,,1.1,,0,0,0,0,0,0,0,,,,
ZUESTA,2009,9,20,0,15.6,,,,,,,,953.7,,0.9,,0,0,0,0,0,0,0,,,,
ZUESTA,2009,9,20,1,15.4,,,,,,,,953.7,,1,,1,0,0,0,0,0,0,,,,
ZUESTA,2009,9,20,2,15.2,,,,,,,,953.6,,1.4,,0,0,0,0,0,0,0,,,,
ZUESTA,2009,9,20,3,15.2,,,,,,,,953.5,,1,,0,0,0,0,0,0,0,,,,
ZUESTA,2009,9,20,4,15.1,,,,,,,,953.6,,0.8,,0,0,0,0,0,0,0,,,,
ZUESTA,2009,9,20,5,14.9,,,,,,,,953.8,,0.9,,2,0,0,0,0,0,0,,,,
ZUESTA,2009,9,20,6,14.9,,,,,,,,954.2,,0.7,,41,0,0,0,0,0,0,,,,
ZUESTA,2009,9,20,7,15.2,,,,,,,,954.6,,0.5,,88,0,0,0,0,0,0,,,,
ZUESTA,2009,9,20,8,15.7,,,,,,,,955,,0.8,,228,1414.5,37.6,0,0,0,0,,,,
ZUESTA,2009,9,20,9,16.2,,,,,,,,955,,0.7,,282,691.7,73.3,0,0,0,0,,,,
ZUESTA,2009,9,20,10,17.3,,,,,,,,954.9,,1.3,,441,773.4,93,0,0,0,0,,,,
ZUESTA,2009,9,20,11,18.3,,,,,,,,954.6,,1.6,,619,908.9,102.1,0,0,0,0,,,,
ZUESTA,2009,9,20,12,19.2,,,,,,,,954.4,,1.5,,466,290.1,277.5,0,0,0,0,,,,
ZUESTA,2009,9,20,13,19.6,,,,,,,,954.1,,1.3,,400,120.8,317,0,0,0,0,,,,
ZUESTA,2009,9,20,14,20.2,,,,,,,,954,,1.9,,415,150.3,313,0,0,0,0,,,,
ZUESTA,2009,9,20,15,20,,,,,,,,953.9,,1.5,,267,27,250.2,0,0,0,0,,,,
ZUESTA,2009,9,20,16,19,,,,,,,,953.8,,1.3,,106,2.7,104.6,0,0,0,0,,,,
ZUESTA,2009,9,20,17,17.6,,,,,,,,954.1,,1.3,,18,0.1,17.9,0,0,0,0,,,,
ZUESTA,2009,9,20,18,16.2,,,,,,,,954.7,,1.5,,0,0,0,0,0,0,0,,,,
ZUESTA,2009,9,20,19,15.7,,,,,,,,955.2,,1.3,,0,0,0,0,0,0,0,,,,
ZUESTA,2009,9,20,20,15.8,,,,,,,,955.6,,1.3,,0,0,0,0,0,0,0,,,,
ZUESTA,2009,9,20,21,15.7,,,,,,,,955.8,,1.7,,0,0,0,0,0,0,0,,,,
ZUESTA,2009,9,20,22,15.9,,,,,,,,956.1,,1.5,,0,0,0,0,0,0,0,,,,
ZUESTA,2009,9,20,23,15.5,,,,,,,,956.2,,0.9,,0,0,0,0,0,0,0,,,,
ZUESTA,2009,9,21,0,15.2,,,,,,,,956,,1.1,,0,0,0,0,0,0,0,,,,
ZUESTA,2009,9,21,1,14.7,,,,,,,,956,,1.5,,0,0,0,0,0,0,0,,,,
ZUESTA,2009,9,21,2,14.7,,,,,,,,956.1,,1.7,,0,0,0,0,0,0,0,,,,
ZUESTA,2009,9,21,3,14.7,,,,,,,,955.8,,1.7,,0,0,0,0,0,0,0,,,,
ZUESTA,2009,9,21,4,14.8,,,,,,,,955.9,,1.1,,0,0,0,0,0,0,0,,,,
ZUESTA,2009,9,21,5,14.5,,,,,,,,956.4,,1,,5,0,0,0,0,0,0,,,,
ZUESTA,2009,9,21,6,14.9,,,,,,,,957,,1.5,,62,0,0,0,0,0,0,,,,
ZUESTA,2009,9,21,7,15.6,,,,,,,,957.3,,1.9,,206,0,0,0,0,0,0,,,,
ZUESTA,2009,9,21,8,16.4,,,,,,,,957.6,,1.8,,298,1903.9,49.2,0,0,0,0,,,,
ZUESTA,2009,9,21,9,17.9,,,,,,,,957.7,,1.3,,402,1127.4,66.3,0,0,0,0,,,,
ZUESTA,2009,9,21,10,19.3,,,,,,,,957.6,,1.7,,534,1000.1,88.1,0,0,0,0,,,,
ZUESTA,2009,9,21,11,20.3,,,,,,,,957.4,,2.2,,450,426.6,209.3,0,0,0,0,,,,
ZUESTA,2009,9,21,12,21.6,,,,,,,,957,,2.6,,629,764.8,135.7,0,0,0,0,,,,
ZUESTA,2009,9,21,13,21.3,,,,,,,,957,,2.5,,287,24.8,270.1,0,0,0,0,,,,
ZUESTA,2009,9,21,14,21.9,,,,,,,,956.9,,2.3,,367,89,307.1,0,0,0,0,,,,
ZUESTA,2009,9,21,15,21.5,,,,,,,,956.9,,1.3,,267,28.1,249.6,0,0,0,0,,,,
ZUESTA,2009,9,21,16,20.3,,,,,,,,957,,0.9,,87,1.8,86,0,0,0,0,,,,
ZUESTA,2009,9,21,17,18.7,,,,,,,,957.5,,0.9,,15,0.1,15,0,0,0,0,,,,
ZUESTA,2009,9,21,18,17.8,,,,,,,,958,,1.5,,0,0,0,0,0,0,0,,,,
ZUESTA,2009,9,21,19,18.1,,,,,,,,958.5,,1.8,,0,0,0,0,0,0,0,,,,
ZUESTA,2009,9,21,20,17.1,,,,,,,,958.7,,2.1,,0,0,0,0,0,0,0,,,,
ZUESTA,2009,9,21,21,16.7,,,,,,,,959,,2.4,,0,0,0,0,0,0,0,,,,
ZUESTA,2009,9,21,22,15.9,,,,,,,,959.1,,1.8,,0,0,0,0,0,0,0,,,,
ZUESTA,2009,9,21,23,15.5,,,,,,,,959.3,,1.6,,0,0,0,0,0,0,0,,,,
ZUESTA,2009,9,22,0,16,,,,,,,,959.2,,2.4,,0,0,0,0,0,0,0,,,,
ZUESTA,2009,9,22,1,15.9,,,,,,,,959.3,,1.4,,0,0,0,0,0,0,0,,,,
ZUESTA,2009,9,22,2,15.7,,,,,,,,959.3,,2.2,,0,0,0,0,0,0,0,,,,
ZUESTA,2009,9,22,3,15.5,,,,,,,,959.5,,1.7,,0,0,0,0,0,0,0,,,,
ZUESTA,2009,9,22,4,15.1,,,,,,,,959.5,,1.6,,0,0,0,0,0,0,0,,,,
ZUESTA,2009,9,22,5,15.1,,,,,,,,959.8,,1.7,,5,0,0,0,0,0,0,,,,
ZUESTA,2009,9,22,6,15.2,,,,,,,,960.2,,0.7,,53,0,0,0,0,0,0,,,,
ZUESTA,2009,9,22,7,16.1,,,,,,,,960.6,,0.9,,104,0,0,0,0,0,0,,,,
ZUESTA,2009,9,22,8,16.7,,,,,,,,960.8,,1.4,,201,1323.8,33.2,0,0,0,0,,,,
ZUESTA,2009,9,22,9,17.6,,,,,,,,961,,1.1,,259,588.4,86.2,0,0,0,0,,,,
ZUESTA,2009,9,22,10,18.3,,,,,,,,961,,1.2,,360,459,157.3,0,0,0,0,,,,
ZUESTA,2009,9,22,11,19.1,,,,,,,,960.8,,1.4,,363,192.1,255.4,0,0,0,0,,,,
ZUESTA,2009,9,22,12,19.7,,,,,,,,960.5,,1.1,,448,262.1,280.1,0,0,0,0,,,,
ZUESTA,2009,9,22,13,20.5,,,,,,,,960.1,,1,,417,154.1,312.6,0,0,0,0,,,,
ZUESTA,2009,9,22,14,20.6,,,,,,,,959.9,,0.8,,292,30,271.9,0,0,0,0,,,,
ZUESTA,2009,9,22,15,20.6,,,,,,,,960,,1,,220,11.4,213,0,0,0,0,,,,
ZUESTA,2009,9,22,16,20.2,,,,,,,,960.1,,1,,125,3.9,123,0,0,0,0,,,,
ZUESTA,2009,9,22,17,18.2,,,,,,,,960.2,,1.7,,19,0.2,18.9,0,0,0,0,,,,
ZUESTA,2009,9,22,18,16.9,,,,,,,,960.7,,1.8,,0,0,0,0,0,0,0,,,,
ZUESTA,2009,9,22,19,16.3,,,,,,,,961.1,,1.2,,0,0,0,0,0,0,0,,,,
ZUESTA,2009,9,22,20,15.7,,,,,,,,961.3,,0.4,,0,0,0,0,0,0,0,,,,
ZUESTA,2009,9,22,21,15.2,,,,,,,,961.3,,0.9,,0,0,0,0,0,0,0,,,,
ZUESTA,2009,9,22,22,15.1,,,,,,,,961.4,,0.6,,0,0,0,0,0,0,0,,,,
ZUESTA,2009,9,22,23,15.4,,,,,,,,961.5,,0.4,,0,0,0,0,0,0,0,,,,
ZUESTA,2009,9,23,0,15.1,,,,,,,,961.6,,0.4,,0,0,0,0,0,0,0,,,,
ZUESTA,2009,9,23,1,15.4,,,,,,,,961.5,,0.4,,0,0,0,0,0,0,0,,,,
ZUESTA,2009,9,23,2,14.8,,,,,,,,961.4,,0.7,,0,0,0,0,0,0,0,,,,
ZUESTA,2009,9,23,3,14.2,,,,,,,,961.3,,0.6,,0,0,0,0,0,0,0,,,,
ZUESTA,2009,9,23,4,13.9,,,,,,,,961.2,,0.4,,0,0,0,0,0,0,0,,,,
ZUESTA,2009,9,23,5,14.1,,,,,,,,961.4,,0.6,,5,0,0,0,0,0,0,,,,
ZUESTA,2009,9,23,6,14.8,,,,,,,,961.6,,0.5,,44,0,0,0,0,0,0,,,,
ZUESTA,2009,9,23,7,15.2,,,,,,,,961.9,,0.7,,85,0,0,0,0,0,0,,,,
ZUESTA,2009,9,23,8,15.6,,,,,,,,962.3,,0.6,,152,1033,25.1,0,0,0,0,,,,
ZUESTA,2009,9,23,9,16.8,,,,,,,,962.3,,0.7,,277,730.2,65.5,0,0,0,0,,,,
ZUESTA,2009,9,23,10,17.4,,,,,,,,962.3,,0.5,,264,140.9,202.4,0,0,0,0,,,,
ZUESTA,2009,9,23,11,19,,,,,,,,962,,1.3,,620,931.9,102.3,0,0,0,0,,,,
ZUESTA,2009,9,23,12,20.1,,,,,,,,961.6,,1.5,,572,622.9,176,0,0,0,0,,,,
ZUESTA,2009,9,23,13,20.5,,,,,,,,961.1,,0.8,,410,147.5,310.8,0,0,0,0,,,,
ZUESTA,2009,9,23,14,20.9,,,,,,,,960.3,,1,,385,118.6,306.4,0,0,0,0,,,,
ZUESTA,2009,9,23,15,20.9,,,,,,,,959.8,,0.9,,228,14,219.5,0,0,0,0,,,,
ZUESTA,2009,9,23,16,20.6,,,,,,,,959.4,,0.6,,133,4.5,130.7,0,0,0,0,,,,
ZUESTA,2009,9,23,17,18.2,,,,,,,,959.2,,1.3,,17,0.1,16.9,0,0,0,0,,,,
ZUESTA,2009,9,23,18,16.7,,,,,,,,959.4,,1.8,,0,0,0,0,0,0,0,,,,
ZUESTA,2009,9,23,19,15.9,,,,,,,,959.7,,1,,0,0,0,0,0,0,0,,,,
ZUESTA,2009,9,23,20,15.4,,,,,,,,959.7,,1,,0,0,0,0,0,0,0,,,,
ZUESTA,2009,9,23,21,15.1,,,,,,,,959.6,,0.9,,0,0,0,0,0,0,0,,,,
ZUESTA,2009,9,23,22,15,,,,,,,,959.4,,0.8,,0,0,0,0,0,0,0,,,,
ZUESTA,2009,9,23,23,14.9,,,,,,,,959.2,,0.4,,0,0,0,0,0,0,0,,,,
ZUESTA,2009,9,24,0,14.7,,,,,,,,958.9,,0.4,,0,0,0,0,0,0,0,,,,
ZUESTA,2009,9,24,1,14.2,,,,,,,,958.5,,0.6,,0,0,0,0,0,0,0,,,,
ZUESTA,2009,9,24,2,13.9,,,,,,,,958.2,,0.6,,0,0,0,0,0,0,0,,,,
ZUESTA,2009,9,24,3,13.7,,,,,,,,958,,1.6,,0,0,0,0,0,0,0,,,,
ZUESTA,2009,9,24,4,13.8,,,,,,,,957.7,,1.2,,0,0,0,0,0,0,0,,,,
ZUESTA,2009,9,24,5,13.8,,,,,,,,957.7,,1.3,,5,0,0,0,0,0,0,,,,
ZUESTA,2009,9,24,6,13.7,,,,,,,,957.7,,1.1,,38,0,0,0,0,0,0,,,,
ZUESTA,2009,9,24,7,13.9,,,,,,,,958,,1.5,,72,0,0,0,0,0,0,,,,
ZUESTA,2009,9,24,8,14.2,,,,,,,,958.2,,1.4,,118,791.8,23.8,0,0,0,0,,,,
ZUESTA,2009,9,24,9,14.7,,,,,,,,958.3,,1.1,,173,143,132.2,0,0,0,0,,,,
ZUESTA,2009,9,24,10,15.2,,,,,,,,957.9,,1.2,,196,35.6,180.6,0,0,0,0,,,,
ZUESTA,2009,9,24,11,16.5,,,,,,,,957.5,,1.3,,392,278.8,238.4,0,0,0,0,,,,
ZUESTA,2009,9,24,12,18.8,,,,,,,,957,,1.2,,638,821.4,119.7,0,0,0,0,,,,
ZUESTA,2009,9,24,13,20.4,,,,,,,,956.5,,1.7,,568,526.7,216.4,0,0,0,0,,,,
ZUESTA,2009,9,24,14,21.2,,,,,,,,956.2,,1.8,,459,258.4,289,0,0,0,0,,,,
ZUESTA,2009,9,24,15,21.2,,,,,,,,955.9,,1.4,,301,58.1,266,0,0,0,0,,,,
ZUESTA,2009,9,24,16,20,,,,,,,,956,,0.7,,119,3.7,117.1,0,0,0,0,,,,
ZUESTA,2009,9,24,17,17.7,,,,,,,,956.1,,0.9,,11,0.1,11,0,0,0,0,,,,
ZUESTA,2009,9,24,18,16.4,,,,,,,,956.5,,0.8,,0,0,0,0,0,0,0,,,,
ZUESTA,2009,9,24,19,15.8,,,,,,,,956.9,,0.9,,0,0,0,0,0,0,0,,,,
ZUESTA,2009,9,24,20,15.8,,,,,,,,957.2,,1.4,,0,0,0,0,0,0,0,,,,
ZUESTA,2009,9,24,21,15.6,,,,,,,,957.3,,1.4,,0,0,0,0,0,0,0,,,,
ZUESTA,2009,9,24,22,15.3,,,,,,,,957.3,,2.2,,0,0,0,0,0,0,0,,,,
ZUESTA,2009,9,24,23,14.7,,,,,,,,957.3,,2,,0,0,0,0,0,0,0,,,,
ZUESTA,2009,9,25,0,14.1,,,,,,,,957.3,,1.8,,0,0,0,0,0,0,0,,,,
ZUESTA,2009,9,25,1,13.9,,,,,,,,957.2,,2.4,,0,0,0,0,0,0,0,,,,
ZUESTA,2009,9,25,2,13.4,,,,,,,,957.1,,2.4,,0,0,0,0,0,0,0,,,,
ZUESTA,2009,9,25,3,12.9,,,,,,,,957,,1.8,,0,0,0,0,0,0,0,,,,
ZUESTA,2009,9,25,4,13,,,,,,,,956.9,,2.4,,0,0,0,0,0,0,0,,,,
ZUESTA,2009,9,25,5,13,,,,,,,,957,,2.1,,4,0,0,0,0,0,0,,,,
ZUESTA,2009,9,25,6,13.3,,,,,,,,957.1,,1.8,,48,0,0,0,0,0,0,,,,
ZUESTA,2009,9,25,7,14,,,,,,,,957.6,,2.1,,140,0,0,0,0,0,0,,,,
ZUESTA,2009,9,25,8,14.4,,,,,,,,957.9,,2.3,,136,987.6,22.4,0,0,0,0,,,,
ZUESTA,2009,9,25,9,14.9,,,,,,,,958.1,,2.3,,146,69.8,126.4,0,0,0,0,,,,
ZUESTA,2009,9,25,10,15.7,,,,,,,,958.1,,1.9,,180,24.3,169.6,0,0,0,0,,,,
ZUESTA,2009,9,25,11,15.9,,,,,,,,958,,1.9,,127,3.6,125,0,0,0,0,,,,
ZUESTA,2009,9,25,12,16.5,,,,,,,,957.7,,1.8,,180,5.5,176.6,0,0,0,0,,,,
ZUESTA,2009,9,25,13,17,,,,,,,,957.5,,2,,225,9,219,0,0,0,0,,,,
ZUESTA,2009,9,25,14,17.2,,,,,,,,957.5,,2,,249,15.1,239.1,0,0,0,0,,,,
ZUESTA,2009,9,25,15,17,,,,,,,,957.5,,1.3,,160,4.8,157.2,0,0,0,0,,,,
ZUESTA,2009,9,25,16,16.5,,,,,,,,957.5,,1.1,,117,3.6,115.2,0,0,0,0,,,,
ZUESTA,2009,9,25,17,15.2,,,,,,,,957.8,,1.1,,14,0.1,14,0,0,0,0,,,,
ZUESTA,2009,9,25,18,14.5,,,,,,,,958,,2,,0,0,0,0,0,0,0,,,,
ZUESTA,2009,9,25,19,14.6,,,,,,,,958.3,,1,,0,0,0,0,0,0,0,,,,
ZUESTA,2009,9,25,20,14.8,,,,,,,,958.4,,0.3,,0,0,0,0,0,0,0,,,,
ZUESTA,2009,9,25,21,14.3,,,,,,,,958.3,,1,,0,0,0,0,0,0,0,,,,
ZUESTA,2009,9,25,22,13.5,,,,,,,,958.3,,1.1,,0,0,0,0,0,0,0,,,,
ZUESTA,2009,9,25,23,12.7,,,,,,,,958.2,,0.7,,0,0,0,0,0,0,0,,,,
ZUESTA,2009,9,26,0,12.1,,,,,,,,958.1,,0.3,,0,0,0,0,0,0,0,,,,
ZUESTA,2009,9,26,1,12,,,,,,,,957.9,,1.7,,0,0,0,0,0,0,0,,,,
ZUESTA,2009,9,26,2,11.6,,,,,,,,957.9,,1.7,,0,0,0,0,0,0,0,,,,
ZUESTA,2009,9,26,3,11.5,,,,,,,,957.9,,1.9,,0,0,0,0,0,0,0,,,,
ZUESTA,2009,9,26,4,11.1,,,,,,,,957.9,,0.7,,0,0,0,0,0,0,0,,,,
ZUESTA,2009,9,26,5,11.5,,,,,,,,958,,0.6,,4,0,0,0,0,0,0,,,,
ZUESTA,2009,9,26,6,11.6,,,,,,,,958.2,,0.8,,67,0,0,0,0,0,0,,,,
ZUESTA,2009,9,26,7,12.2,,,,,,,,958.5,,2,,172,0,0,0,0,0,0,,,,
ZUESTA,2009,9,26,8,13.2,,,,,,,,958.7,,1.3,,272,2045.4,44.9,0,0,0,0,,,,
ZUESTA,2009,9,26,9,13.6,,,,,,,,958.7,,1.5,,214,377,109.4,0,0,0,0,,,,
ZUESTA,2009,9,26,10,14.3,,,,,,,,958.7,,1.6,,203,46.7,183.2,0,0,0,0,,,,
ZUESTA,2009,9,26,11,15,,,,,,,,958.6,,1.2,,230,25.6,216.1,0,0,0,0,,,,
ZUESTA,2009,9,26,12,15.9,,,,,,,,958.3,,1.7,,372,135,288.1,0,0,0,0,,,,
ZUESTA,2009,9,26,13,17.6,,,,,,,,958.1,,1.4,,513,392.6,254.9,0,0,0,0,,,,
ZUESTA,2009,9,26,14,18.3,,,,,,,,957.8,,1.7,,412,176.4,297.8,0,0,0,0,,,,
ZUESTA,2009,9,26,15,17.8,,,,,,,,957.9,,1.4,,258,29.4,240.6,0,0,0,0,,,,
ZUESTA,2009,9,26,16,16.8,,,,,,,,958.1,,1.2,,112,3.4,110.3,0,0,0,0,,,,
ZUESTA,2009,9,26,17,15.7,,,,,,,,958.5,,0.5,,12,0.1,12,0,0,0,0,,,,
ZUESTA,2009,9,26,18,14.3,,,,,,,,958.8,,0.6,,0,0,0,0,0,0,0,,,,
ZUESTA,2009,9,26,19,13.8,,,,,,,,959.1,,1.2,,0,0,0,0,0,0,0,,,,
ZUESTA,2009,9,26,20,13.6,,,,,,,,959.1,,1.4,,0,0,0,0,0,0,0,,,,
ZUESTA,2009,9,26,21,13,,,,,,,,959.1,,1.5,,0,0,0,0,0,0,0,,,,
ZUESTA,2009,9,26,22,12.8,,,,,,,,959,,2.5,,0,0,0,0,0,0,0,,,,
ZUESTA,2009,9,26,23,12.1,,,,,,,,959.1,,0.7,,0,0,0,0,0,0,0,,,,
ZUESTA,2009,9,27,0,11.5,,,,,,,,959.1,,0.8,,0,0,0,0,0,0,0,,,,
ZUESTA,2009,9,27,1,11,,,,,,,,959.1,,0.9,,0,0,0,0,0,0,0,,,,
ZUESTA,2009,9,27,2,10.7,,,,,,,,959.3,,1.3,,0,0,0,0,0,0,0,,,,
ZUESTA,2009,9,27,3,10.6,,,,,,,,959.4,,1.1,,0,0,0,0,0,0,0,,,,
ZUESTA,2009,9,27,4,10.2,,,,,,,,959.5,,0.9,,0,0,0,0,0,0,0,,,,
ZUESTA,2009,9,27,5,10.3,,,,,,,,959.6,,0.2,,3,0,0,0,0,0,0,,,,
ZUESTA,2009,9,27,6,10.7,,,,,,,,959.9,,0.8,,65,0,0,0,0,0,0,,,,
ZUESTA,2009,9,27,7,12.2,,,,,,,,960.1,,0.7,,209,0,0,0,0,0,0,,,,
ZUESTA,2009,9,27,8,13.6,,,,,,,,960.3,,0.6,,367,2861.8,60.6,0,0,0,0,,,,
ZUESTA,2009,9,27,9,15.6,,,,,,,,960.3,,1,,506,1546.2,83.5,0,0,0,0,,,,
ZUESTA,2009,9,27,10,17.3,,,,,,,,960.1,,1.1,,603,1197.7,99.5,0,0,0,0,,,,
ZUESTA,2009,9,27,11,18.5,,,,,,,,959.9,,1,,636,987.8,104.9,0,0,0,0,,,,
ZUESTA,2009,9,27,12,19.3,,,,,,,,959.6,,0.8,,590,728.4,140.8,0,0,0,0,,,,
ZUESTA,2009,9,27,13,20.1,,,,,,,,959.3,,1,,525,436.5,240.2,0,0,0,0,,,,
ZUESTA,2009,9,27,14,20.5,,,,,,,,959,,1.2,,420,197.7,293,0,0,0,0,,,,
ZUESTA,2009,9,27,15,20.3,,,,,,,,958.8,,1,,261,32.6,241.9,0,0,0,0,,,,
ZUESTA,2009,9,27,16,19.6,,,,,,,,958.9,,0.7,,104,3,102.5,0,0,0,0,,,,
ZUESTA,2009,9,27,17,16.8,,,,,,,,959.1,,0.8,,7,0,7,0,0,0,0,,,,
ZUESTA,2009,9,27,18,15.6,,,,,,,,959.5,,0.8,,0,0,0,0,0,0,0,,,,
ZUESTA,2009,9,27,19,15.3,,,,,,,,960,,0.9,,0,0,0,0,0,0,0,,,,
ZUESTA,2009,9,27,20,14.7,,,,,,,,960.1,,0.4,,0,0,0,0,0,0,0,,,,
ZUESTA,2009,9,27,21,14.2,,,,,,,,960,,0.3,,0,0,0,0,0,0,0,,,,
ZUESTA,2009,9,27,22,14,,,,,,,,959.9,,0.2,,0,0,0,0,0,0,0,,,,
ZUESTA,2009,9,27,23,13.7,,,,,,,,959.8,,0.3,,0,0,0,0,0,0,0,,,,
ZUESTA,2009,9,28,0,13.5,,,,,,,,959.6,,0.3,,0,0,0,0,0,0,0,,,,
ZUESTA,2009,9,28,1,13.1,,,,,,,,959.4,,0.6,,0,0,0,0,0,0,0,,,,
ZUESTA,2009,9,28,2,12.9,,,,,,,,959.4,,0.7,,0,0,0,0,0,0,0,,,,
ZUESTA,2009,9,28,3,12.5,,,,,,,,959.3,,0.5,,0,0,0,0,0,0,0,,,,
ZUESTA,2009,9,28,4,12.2,,,,,,,,959.5,,0.7,,0,0,0,0,0,0,0,,,,
ZUESTA,2009,9,28,5,12.2,,,,,,,,959.8,,0.8,,3,0,0,0,0,0,0,,,,
ZUESTA,2009,9,28,6,13,,,,,,,,960.1,,0.3,,28,0,0,0,0,0,0,,,,
ZUESTA,2009,9,28,7,13.3,,,,,,,,960.1,,0.6,,77,0,0,0,0,0,0,,,,
ZUESTA,2009,9,28,8,13.7,,,,,,,,960.2,,0.9,,164,1328,27.1,0,0,0,0,,,,
ZUESTA,2009,9,28,9,14.7,,,,,,,,960.2,,0.9,,277,846.2,49.3,0,0,0,0,,,,
ZUESTA,2009,9,28,10,16.2,,,,,,,,959.9,,1.1,,544,1091.8,89.8,0,0,0,0,,,,
ZUESTA,2009,9,28,11,18.2,,,,,,,,959.5,,1.5,,635,994.7,104.8,0,0,0,0,,,,
ZUESTA,2009,9,28,12,19.4,,,,,,,,958.9,,0.9,,588,735.5,137.9,0,0,0,0,,,,
ZUESTA,2009,9,28,13,20.3,,,,,,,,958.4,,0.9,,542,497.6,219.9,0,0,0,0,,,,
ZUESTA,2009,9,28,14,20.7,,,,,,,,958,,1.1,,421,206.4,289.6,0,0,0,0,,,,
ZUESTA,2009,9,28,15,20.5,,,,,,,,957.5,,0.6,,270,40.4,246.5,0,0,0,0,,,,
ZUESTA,2009,9,28,16,20.1,,,,,,,,957.4,,0.8,,120,4.1,118,0,0,0,0,,,,
ZUESTA,2009,9,28,17,17.3,,,,,,,,957.6,,0.7,,10,0.1,10,0,0,0,0,,,,
ZUESTA,2009,9,28,18,15.5,,,,,,,,957.7,,0.6,,0,0,0,0,0,0,0,,,,
ZUESTA,2009,9,28,19,14.7,,,,,,,,957.9,,0.6,,0,0,0,0,0,0,0,,,,
ZUESTA,2009,9,28,20,14.3,,,,,,,,958,,0.9,,0,0,0,0,0,0,0,,,,
ZUESTA,2009,9,28,21,13.9,,,,,,,,957.9,,0.6,,0,0,0,0,0,0,0,,,,
ZUESTA,2009,9,28,22,13.6,,,,,,,,957.8,,0.3,,0,0,0,0,0,0,0,,,,
ZUESTA,2009,9,28,23,13,,,,,,,,957.7,,0.7,,0,0,0,0,0,0,0,,,,
ZUESTA,2009,9,29,0,12.8,,,,,,,,957.7,,0.6,,0,0,0,0,0,0,0,,,,
ZUESTA,2009,9,29,1,12.6,,,,,,,,957.5,,0.4,,0,0,0,0,0,0,0,,,,
ZUESTA,2009,9,29,2,12.9,,,,,,,,957.1,,0.4,,0,0,0,0,0,0,0,,,,
ZUESTA,2009,9,29,3,12.8,,,,,,,,957.1,,0.8,,0,0,0,0,0,0,0,,,,
ZUESTA,2009,9,29,4,12.2,,,,,,,,957,,0.2,,0,0,0,0,0,0,0,,,,
ZUESTA,2009,9,29,5,11.9,,,,,,,,956.9,,0.3,,3,0,0,0,0,0,0,,,,
ZUESTA,2009,9,29,6,12.5,,,,,,,,957,,0.3,,77,0,0,0,0,0,0,,,,
ZUESTA,2009,9,29,7,13.3,,,,,,,,957.4,,0.4,,215,0,0,0,0,0,0,,,,
ZUESTA,2009,9,29,8,14.5,,,,,,,,957.7,,0.8,,318,2678.3,52.5,0,0,0,0,,,,
ZUESTA,2009,9,29,9,16.4,,,,,,,,957.6,,1,,528,1664.1,87.1,0,0,0,0,,,,
ZUESTA,2009,9,29,10,18.1,,,,,,,,957.1,,1.6,,603,1223,99.5,0,0,0,0,,,,
ZUESTA,2009,9,29,11,19.1,,,,,,,,956.4,,1.9,,652,1030.2,107.6,0,0,0,0,,,,
ZUESTA,2009,9,29,12,20,,,,,,,,955.7,,2.1,,594,766,129,0,0,0,0,,,,
ZUESTA,2009,9,29,13,21,,,,,,,,955.2,,1.6,,564,576.6,193.7,0,0,0,0,,,,
ZUESTA,2009,9,29,14,21.2,,,,,,,,954.8,,1.6,,437,248.2,280.3,0,0,0,0,,,,
ZUESTA,2009,9,29,15,21.1,,,,,,,,954.5,,1.9,,283,53.5,252.3,0,0,0,0,,,,
ZUESTA,2009,9,29,16,20.2,,,,,,,,954.7,,2.4,,120,4.2,118,0,0,0,0,,,,
ZUESTA,2009,9,29,17,18.1,,,,,,,,954.9,,1.7,,9,0,9,0,0,0,0,,,,
ZUESTA,2009,9,29,18,15.1,,,,,,,,955.4,,0.8,,0,0,0,0,0,0,0,,,,
ZUESTA,2009,9,29,19,14.2,,,,,,,,955.6,,1,,0,0,0,0,0,0,0,,,,
ZUESTA,2009,9,29,20,13.7,,,,,,,,955.5,,0.8,,0,0,0,0,0,0,0,,,,
ZUESTA,2009,9,29,21,13.1,,,,,,,,955.5,,0.5,,0,0,0,0,0,0,0,,,,
ZUESTA,2009,9,29,22,12.7,,,,,,,,955.4,,0.8,,0,0,0,0,0,0,0,,,,
ZUESTA,2009,9,29,23,12,,,,,,,,955.1,,1.1,,0,0,0,0,0,0,0,,,,
ZUESTA,2009,9,30,0,11.6,,,,,,,,955,,1.4,,0,0,0,0,0,0,0,,,,
ZUESTA,2009,9,30,1,11.2,,,,,,,,954.8,,1.6,,0,0,0,0,0,0,0,,,,
ZUESTA,2009,9,30,2,10.4,,,,,,,,954.4,,0.7,,0,0,0,0,0,0,0,,,,
ZUESTA,2009,9,30,3,10,,,,,,,,954.3,,1.1,,0,0,0,0,0,0,0,,,,
ZUESTA,2009,9,30,4,9.8,,,,,,,,954.2,,0.5,,0,0,0,0,0,0,0,,,,
ZUESTA,2009,9,30,5,9.7,,,,,,,,954.3,,1.5,,3,0,0,0,0,0,0,,,,
ZUESTA,2009,9,30,6,10.4,,,,,,,,954.4,,1.4,,77,0,0,0,0,0,0,,,,
ZUESTA,2009,9,30,7,11.9,,,,,,,,954.5,,0.7,,221,0,0,0,0,0,0,,,,
ZUESTA,2009,9,30,8,13.5,,,,,,,,954.4,,1.7,,393,3448.3,64.8,0,0,0,0,,,,
ZUESTA,2009,9,30,9,15.4,,,,,,,,954.1,,1.4,,521,1668.4,86,0,0,0,0,,,,
ZUESTA,2009,9,30,10,16.9,,,,,,,,953.6,,1.9,,603,1236.1,99.5,0,0,0,0,,,,
ZUESTA,2009,9,30,11,18,,,,,,,,953.4,,2.3,,634,1010.6,104.6,0,0,0,0,,,,
ZUESTA,2009,9,30,12,18.7,,,,,,,,952.8,,2.3,,609,819.1,115.7,0,0,0,0,,,,
ZUESTA,2009,9,30,13,19.3,,,,,,,,952.1,,1.4,,545,531.4,206.4,0,0,0,0,,,,
ZUESTA,2009,9,30,14,19.8,,,,,,,,951.8,,1.1,,412,201.7,285.7,0,0,0,0,,,,
ZUESTA,2009,9,30,15,20.2,,,,,,,,951.5,,1.3,,340,132.3,264.6,0,0,0,0,,,,
ZUESTA,2009,9,30,16,19.4,,,,,,,,951.3,,1.4,,122,4.4,119.9,0,0,0,0,,,,
ZUESTA,2009,9,30,17,17.1,,,,,,,,951.1,,1.9,,10,0.1,10,0,0,0,0,,,,
ZUESTA,2009,9,30,18,15.5,,,,,,,,951.1,,2.1,,0,0,0,0,0,0,0,,,,
ZUESTA,2009,9,30,19,14.4,,,,,,,,951.1,,1.1,,0,0,0,0,0,0,0,,,,
ZUESTA,2009,9,30,20,13.9,,,,,,,,951,,0.4,,0,0,0,0,0,0,0,,,,
ZUESTA,2009,9,30,21,13.3,,,,,,,,951.2,,0.2,,0,0,0,0,0,0,0,,,,
ZUESTA,2009,9,30,22,13,,,,,,,,951.1,,0.3,,0,0,0,0,0,0,0,,,,
ZUESTA,2009,9,30,23,12.6,,,,,,,,950.9,,0.3,,0,0,0,0,0,0,0,,,,
ZUESTA,2009,10,1,0,12.2,,,,,,,,950.8,,0.8,,0,0,0,0,0,0,0,,,,
ZUESTA,2009,10,1,1,11.7,,,,,,,,950.5,,0.6,,0,0,0,0,0,0,0,,,,
ZUESTA,2009,10,1,2,11.5,,,,,,,,950.2,,0.5,,0,0,0,0,0,0,0,,,,
ZUESTA,2009,10,1,3,11.2,,,,,,,,950.3,,0.4,,0,0,0,0,0,0,0,,,,
ZUESTA,2009,10,1,4,10.9,,,,,,,,950.2,,0.4,,0,0,0,0,0,0,0,,,,
ZUESTA,2009,10,1,5,11.2,,,,,,,,950.3,,0.6,,3,0,0,0,0,0,0,,,,
ZUESTA,2009,10,1,6,11.6,,,,,,,,950.5,,0.3,,64,0,0,0,0,0,0,,,,
ZUESTA,2009,10,1,7,12.3,,,,,,,,951,,0.6,,145,0,0,0,0,0,0,,,,
ZUESTA,2009,10,1,8,13.8,,,,,,,,951.3,,0.7,,349,3196,57.6,0,0,0,0,,,,
ZUESTA,2009,10,1,9,15,,,,,,,,951.5,,1.6,,285,927.6,47,0,0,0,0,,,,
ZUESTA,2009,10,1,10,16.4,,,,,,,,951.5,,2.3,,505,1046.5,83.3,0,0,0,0,,,,
ZUESTA,2009,10,1,11,17.7,,,,,,,,951.3,,2.6,,579,931.1,95.5,0,0,0,0,,,,
ZUESTA,2009,10,1,12,18.2,,,,,,,,950.9,,2.8,,547,648.6,159.6,0,0,0,0,,,,
ZUESTA,2009,10,1,13,17.8,,,,,,,,950.4,,1.7,,292,39,267.4,0,0,0,0,,,,
ZUESTA,2009,10,1,14,17.7,,,,,,,,950.3,,2.2,,137,3.2,135,0,0,0,0,,,,
ZUESTA,2009,10,1,15,17.9,,,,,,,,950.3,,3,,182,7.4,177.8,0,0,0,0,,,,
ZUESTA,2009,10,1,16,17.6,,,,,,,,950.6,,2.1,,83,2.1,82,0,0,0,0,,,,
ZUESTA,2009,10,1,17,15.6,,,,,,,,950.9,,1.1,,6,0,6,0,0,0,0,,,,
ZUESTA,2009,10,1,18,15.2,,,,,,,,951.4,,0.9,,0,0,0,0,0,0,0,,,,
ZUESTA,2009,10,1,19,15.4,,,,,,,,952.2,,2.2,,0,0,0,0,0,0,0,,,,
ZUESTA,2009,10,1,20,14.7,,,,,,,,952.6,,2.1,,0,0,0,0,0,0,0,,,,
ZUESTA,2009,10,1,21,13.9,,,,,,,,952.8,,0.7,,0,0,0,0,0,0,0,,,,
ZUESTA,2009,10,1,22,13.8,,,,,,,,952.8,,0.6,,0,0,0,0,0,0,0,,,,
ZUESTA,2009,10,1,23,13.5,,,,,,,,952.4,,0.8,,0,0,0,0,0,0,0,,,,
ZUESTA,2009,10,2,0,13.2,,,,,,,,952.3,,1.1,,0,0,0,0,0,0,0,,,,
ZUESTA,2009,10,2,1,12.6,,,,,,,,952.2,,1,,0,0,0,0,0,0,0,,,,
ZUESTA,2009,10,2,2,11.9,,,,,,,,952,,0.5,,0,0,0,0,0,0,0,,,,
ZUESTA,2009,10,2,3,11.3,,,,,,,,952,,0.8,,0,0,0,0,0,0,0,,,,
ZUESTA,2009,10,2,4,11.9,,,,,,,,952.2,,1,,0,0,0,0,0,0,0,,,,
ZUESTA,2009,10,2,5,11.3,,,,,,,,952.3,,0.5,,2,0,0,0,0,0,0,,,,
ZUESTA,2009,10,2,6,11.2,,,,,,,,952.4,,0.4,,65,0,0,0,0,0,0,,,,
ZUESTA,2009,10,2,7,12,,,,,,,,952.7,,0.6,,223,0,0,0,0,0,0,,,,
ZUESTA,2009,10,2,8,13.2,,,,,,,,952.8,,1,,382,3658.1,63,0,0,0,0,,,,
ZUESTA,2009,10,2,9,14,,,,,,,,952.8,,1.1,,338,1118.5,55.8,0,0,0,0,,,,
ZUESTA,2009,10,2,10,15.4,,,,,,,,952.7,,1.5,,530,1110.5,87.5,0,0,0,0,,,,
ZUESTA,2009,10,2,11,16.2,,,,,,,,952.6,,2.4,,597,968.8,98.5,0,0,0,0,,,,
ZUESTA,2009,10,2,12,16.5,,,,,,,,952.3,,2.6,,541,643,160.1,0,0,0,0,,,,
ZUESTA,2009,10,2,13,16.7,,,,,,,,952,,3,,535,526.5,205,0,0,0,0,,,,
ZUESTA,2009,10,2,14,16.3,,,,,,,,951.9,,3.2,,411,213.9,279.4,0,0,0,0,,,,
ZUESTA,2009,10,2,15,15.4,,,,,,,,951.9,,3.1,,212,14.6,203.9,0,0,0,0,,,,
ZUESTA,2009,10,2,16,14.7,,,,,,,,952.3,,1.7,,67,1.4,66.4,0,0,0,0,,,,
ZUESTA,2009,10,2,17,14,,,,,,,,952.8,,1.8,,5,0,5,0,0,0,0,,,,
ZUESTA,2009,10,2,18,13.4,,,,,,,,953.5,,1.9,,0,0,0,0,0,0,0,,,,
ZUESTA,2009,10,2,19,12.7,,,,,,,,954.2,,2,,0,0,0,0,0,0,0,,,,
ZUESTA,2009,10,2,20,12.2,,,,,,,,954.7,,1.6,,0,0,0,0,0,0,0,,,,
ZUESTA,2009,10,2,21,11.6,,,,,,,,954.7,,0.7,,0,0,0,0,0,0,0,,,,
ZUESTA,2009,10,2,22,11.1,,,,,,,,954.5,,0.6,,0,0,0,0,0,0,0,,,,
ZUESTA,2009,10,2,23,10.4,,,,,,,,954.5,,0.8,,0,0,0,0,0,0,0,,,,
ZUESTA,2009,10,3,0,9.8,,,,,,,,954.6,,0.7,,0,0,0,0,0,0,0,,,,
ZUESTA,2009,10,3,1,9.7,,,,,,,,954.3,,0.5,,0,0,0,0,0,0,0,,,,
ZUESTA,2009,10,3,2,8.4,,,,,,,,953.8,,0.7,,0,0,0,0,0,0,0,,,,
ZUESTA,2009,10,3,3,7.7,,,,,,,,953.4,,0.7,,0,0,0,0,0,0,0,,,,
ZUESTA,2009,10,3,4,7.4,,,,,,,,952.9,,0.8,,0,0,0,0,0,0,0,,,,
ZUESTA,2009,10,3,5,7.2,,,,,,,,952.9,,0.4,,2,0,0,0,0,0,0,,,,
ZUESTA,2009,10,3,6,7.3,,,,,,,,952.9,,0.5,,69,0,0,0,0,0,0,,,,
ZUESTA,2009,10,3,7,8.9,,,,,,,,953.2,,0.3,,230,0,0,0,0,0,0,,,,
ZUESTA,2009,10,3,8,10.8,,,,,,,,953.4,,0.7,,379,3803.4,62.5,0,0,0,0,,,,
ZUESTA,2009,10,3,9,12.6,,,,,,,,953.3,,1.2,,516,1736.6,85.1,0,0,0,0,,,,
ZUESTA,2009,10,3,10,14.1,,,,,,,,952.9,,1.4,,578,1224.8,95.4,0,0,0,0,,,,
ZUESTA,2009,10,3,11,15.4,,,,,,,,952.3,,1.9,,594,972.8,98,0,0,0,0,,,,
ZUESTA,2009,10,3,12,16.3,,,,,,,,951.6,,2.1,,591,809.7,115.3,0,0,0,0,,,,
ZUESTA,2009,10,3,13,17.1,,,,,,,,951.2,,2.5,,533,533.4,201.4,0,0,0,0,,,,
ZUESTA,2009,10,3,14,17.5,,,,,,,,950.9,,2.4,,421,244.1,272.2,0,0,0,0,,,,
ZUESTA,2009,10,3,15,16.9,,,,,,,,950.5,,2.8,,230,22.8,217.4,0,0,0,0,,,,
ZUESTA,2009,10,3,16,16,,,,,,,,950.3,,2.5,,75,1.8,74.2,0,0,0,0,,,,
ZUESTA,2009,10,3,17,14.2,,,,,,,,950.4,,1.1,,4,0,4,0,0,0,0,,,,
ZUESTA,2009,10,3,18,12.5,,,,,,,,950.6,,0.5,,0,0,0,0,0,0,0,,,,
ZUESTA,2009,10,3,19,11.7,,,,,,,,950.8,,0.6,,0,0,0,0,0,0,0,,,,
ZUESTA,2009,10,3,20,11.5,,,,,,,,950.9,,0.6,,0,0,0,0,0,0,0,,,,
ZUESTA,2009,10,3,21,10.8,,,,,,,,951.1,,0.8,,0,0,0,0,0,0,0,,,,
ZUESTA,2009,10,3,22,11.5,,,,,,,,951.5,,1.9,,0,0,0,0,0,0,0,,,,
ZUESTA,2009,10,3,23,10.1,,,,,,,,951.5,,1,,0,0,0,0,0,0,0,,,,
ZUESTA,2009,10,4,0,9.4,,,,,,,,951.6,,0.8,,0,0,0,0,0,0,0,,,,
ZUESTA,2009,10,4,1,10.8,,,,,,,,951.6,,1.9,,0,0,0,0,0,0,0,,,,
ZUESTA,2009,10,4,2,11.6,,,,,,,,951.5,,2.5,,0,0,0,0,0,0,0,,,,
ZUESTA,2009,10,4,3,11.9,,,,,,,,951.3,,3,,0,0,0,0,0,0,0,,,,
ZUESTA,2009,10,4,4,11.9,,,,,,,,951.2,,3.2,,0,0,0,0,0,0,0,,,,
ZUESTA,2009,10,4,5,11,,,,,,,,951.3,,2.4,,1,0,0,0,0,0,0,,,,
ZUESTA,2009,10,4,6,10.5,,,,,,,,951.6,,1.9,,64,0,0,0,0,0,0,,,,
ZUESTA,2009,10,4,7,11.7,,,,,,,,952,,1.5,,233,0,0,0,0,0,0,,,,
ZUESTA,2009,10,4,8,12.7,,,,,,,,952.5,,2.5,,391,4121.7,64.5,0,0,0,0,,,,
ZUESTA,2009,10,4,9,13.6,,,,,,,,952.7,,2.7,,514,1760,84.8,0,0,0,0,,,,
ZUESTA,2009,10,4,10,14.5,,,,,,,,952.5,,2.5,,604,1294.6,99.7,0,0,0,0,,,,
ZUESTA,2009,10,4,11,15.4,,,,,,,,952.3,,2.4,,637,1052.9,105.1,0,0,0,0,,,,
ZUESTA,2009,10,4,12,16,,,,,,,,951.9,,2,,601,847.4,107.4,0,0,0,0,,,,
ZUESTA,2009,10,4,13,16.1,,,,,,,,951.3,,2.1,,529,534.3,199.7,0,0,0,0,,,,
ZUESTA,2009,10,4,14,16.1,,,,,,,,951.1,,2.2,,414,236.1,271.3,0,0,0,0,,,,
ZUESTA,2009,10,4,15,15.1,,,,,,,,951,,2.4,,258,42.8,234.6,0,0,0,0,,,,
ZUESTA,2009,10,4,16,14.5,,,,,,,,951.2,,2.2,,90,2.7,88.8,0,0,0,0,,,,
ZUESTA,2009,10,4,17,13.3,,,,,,,,951.8,,1.4,,4,0,4,0,0,0,0,,,,
ZUESTA,2009,10,4,18,12.4,,,,,,,,952.6,,1.4,,0,0,0,0,0,0,0,,,,
ZUESTA,2009,10,4,19,11.7,,,,,,,,953.3,,1.1,,0,0,0,0,0,0,0,,,,
ZUESTA,2009,10,4,20,11.2,,,,,,,,954,,1.6,,0,0,0,0,0,0,0,,,,
ZUESTA,2009,10,4,21,11.3,,,,,,,,954.3,,1.2,,0,0,0,0,0,0,0,,,,
ZUESTA,2009,10,4,22,10.1,,,,,,,,954.5,,0.8,,0,0,0,0,0,0,0,,,,
ZUESTA,2009,10,4,23,9,,,,,,,,954.5,,1,,0,0,0,0,0,0,0,,,,
ZUESTA,2009,10,5,0,8.3,,,,,,,,954.3,,0.9,,0,0,0,0,0,0,0,,,,
ZUESTA,2009,10,5,1,8.1,,,,,,,,953.9,,0.7,,0,0,0,0,0,0,0,,,,
ZUESTA,2009,10,5,2,7.7,,,,,,,,953.6,,0.5,,0,0,0,0,0,0,0,,,,
ZUESTA,2009,10,5,3,7.6,,,,,,,,953.4,,0.5,,0,0,0,0,0,0,0,,,,
ZUESTA,2009,10,5,4,7.5,,,,,,,,953.2,,0.4,,0,0,0,0,0,0,0,,,,
ZUESTA,2009,10,5,5,7.7,,,,,,,,953.2,,0.4,,2,0,0,0,0,0,0,,,,
ZUESTA,2009,10,5,6,8.5,,,,,,,,953.1,,0.1,,49,0,0,0,0,0,0,,,,
ZUESTA,2009,10,5,7,10.1,,,,,,,,953,,0.6,,186,0,0,0,0,0,0,,,,
ZUESTA,2009,10,5,8,11.1,,,,,,,,953.1,,0.7,,262,2908.5,43.2,0,0,0,0,,,,
ZUESTA,2009,10,5,9,12.9,,,,,,,,953.1,,0.8,,457,1592.7,75.4,0,0,0,0,,,,
ZUESTA,2009,10,5,10,14.4,,,,,,,,952.7,,1,,381,781.5,80,0,0,0,0,,,,
ZUESTA,2009,10,5,11,15.3,,,,,,,,952.3,,1,,270,82.3,228.8,0,0,0,0,,,,
ZUESTA,2009,10,5,12,15.3,,,,,,,,951.9,,1.2,,148,4.3,145.5,0,0,0,0,,,,
ZUESTA,2009,10,5,13,14.7,,,,,,,,951.6,,0.6,,59,0.6,58.6,0,0,0,0,,,,
ZUESTA,2009,10,5,14,14.8,,,,,,,,951.2,,1.2,,92,1.6,91.1,0,0,0,0,,,,
ZUESTA,2009,10,5,15,14.7,,,,,,,,950.9,,1.2,,42,0.4,41.8,0,0,0,0,,,,
ZUESTA,2009,10,5,16,14.8,,,,,,,,950.8,,1,,45,0.7,44.7,0,0,0,0,,,,
ZUESTA,2009,10,5,17,14.9,,,,,,,,951.4,,2.1,,1,0,1,0,0,0,0,,,,
ZUESTA,2009,10,5,18,14.7,,,,,,,,951.8,,2,,0,0,0,0,0,0,0,,,,
ZUESTA,2009,10,5,19,14.4,,,,,,,,952.2,,2.7,,0,0,0,0,0,0,0,,,,
ZUESTA,2009,10,5,20,14.3,,,,,,,,952.7,,1.4,,0,0,0,0,0,0,0,,,,
ZUESTA,2009,10,5,21,14.3,,,,,,,,952.9,,1.6,,0,0,0,0,0,0,0,,,,
ZUESTA,2009,10,5,22,13.2,,,,,,,,953,,0.7,,0,0,0,0,0,0,0,,,,
ZUESTA,2009,10,5,23,14.6,,,,,,,,953,,1.6,,0,0,0,0,0,0,0,,,,
ZUESTA,2009,10,6,0,15.8,,,,,,,,953.1,,2.2,,0,0,0,0,0,0,0,,,,
ZUESTA,2009,10,6,1,15.4,,,,,,,,952.9,,1.8,,0,0,0,0,0,0,0,,,,
ZUESTA,2009,10,6,2,14.3,,,,,,,,952.9,,1.2,,0,0,0,0,0,0,0,,,,
ZUESTA,2009,10,6,3,15.3,,,,,,,,953,,1.2,,0,0,0,0,0,0,0,,,,
ZUESTA,2009,10,6,4,14.9,,,,,,,,953.1,,1,,0,0,0,0,0,0,0,,,,
ZUESTA,2009,10,6,5,14.3,,,,,,,,952.9,,0.7,,2,0,0,0,0,0,0,,,,
ZUESTA,2009,10,6,6,14.3,,,,,,,,953,,0.4,,32,0,0,0,0,0,0,,,,
ZUESTA,2009,10,6,7,15.1,,,,,,,,953.1,,0.7,,77,0,0,0,0,0,0,,,,
ZUESTA,2009,10,6,8,17.2,,,,,,,,953.4,,1.6,,254,2977.8,41.9,0,0,0,0,,,,
ZUESTA,2009,10,6,9,18.7,,,,,,,,953.6,,2.7,,244,853.9,43.1,0,0,0,0,,,,
ZUESTA,2009,10,6,10,18.5,,,,,,,,953.5,,1.2,,219,110.8,176.8,0,0,0,0,,,,
ZUESTA,2009,10,6,11,19.5,,,,,,,,953.2,,1.3,,251,60.6,221,0,0,0,0,,,,
ZUESTA,2009,10,6,12,19.3,,,,,,,,952.7,,1.6,,142,4,139.7,0,0,0,0,,,,
ZUESTA,2009,10,6,13,20.2,,,,,,,,952.8,,2.7,,168,5.1,164.9,0,0,0,0,,,,
ZUESTA,2009,10,6,14,20.9,,,,,,,,952.9,,4.5,,86,1.4,85.2,0,0,0,0,,,,
ZUESTA,2009,10,6,15,19.5,,,,,,,,953.4,,3.6,,61,0.9,60.5,0,0,0,0,,,,
ZUESTA,2009,10,6,16,18,,,,,,,,953.6,,1.6,,9,0,9,0,0,0,0,,,,
ZUESTA,2009,10,6,17,18,,,,,,,,953.8,,1.4,,1,0,1,0,0,0,0,,,,
ZUESTA,2009,10,6,18,17.4,,,,,,,,954.2,,0.5,,0,0,0,0,0,0,0,,,,
ZUESTA,2009,10,6,19,16.8,,,,,,,,954.8,,0.7,,0,0,0,0,0,0,0,,,,
ZUESTA,2009,10,6,20,17.1,,,,,,,,955,,1.5,,0,0,0,0,0,0,0,,,,
ZUESTA,2009,10,6,21,17.5,,,,,,,,954.9,,2.7,,1,0,0,0,0,0,0,,,,
ZUESTA,2009,10,6,22,17.6,,,,,,,,954.8,,1.5,,0,0,0,0,0,0,0,,,,
ZUESTA,2009,10,6,23,17.6,,,,,,,,954.6,,1.2,,0,0,0,0,0,0,0,,,,
ZUESTA,2009,10,7,0,17.8,,,,,,,,954.7,,1.7,,0,0,0,0,0,0,0,,,,
ZUESTA,2009,10,7,1,17.4,,,,,,,,954.8,,1.4,,0,0,0,0,0,0,0,,,,
ZUESTA,2009,10,7,2,16.4,,,,,,,,954.6,,1,,0,0,0,0,0,0,0,,,,
ZUESTA,2009,10,7,3,15.9,,,,,,,,954.6,,1.1,,0,0,0,0,0,0,0,,,,
ZUESTA,2009,10,7,4,14.7,,,,,,,,954.4,,0.8,,0,0,0,0,0,0,0,,,,
ZUESTA,2009,10,7,5,14.3,,,,,,,,954.3,,0.4,,2,0,0,0,0,0,0,,,,
ZUESTA,2009,10,7,6,14.4,,,,,,,,954,,0.4,,55,0,0,0,0,0,0,,,,
ZUESTA,2009,10,7,7,15.9,,,,,,,,954.1,,0.4,,203,0,0,0,0,0,0,,,,
ZUESTA,2009,10,7,8,17.9,,,,,,,,954.3,,0.8,,361,4483.7,59.6,0,0,0,0,,,,
ZUESTA,2009,10,7,9,20.2,,,,,,,,954.6,,1.2,,481,1738.5,79.4,0,0,0,0,,,,
ZUESTA,2009,10,7,10,21.5,,,,,,,,954.2,,1.4,,572,1270,94.4,0,0,0,0,,,,
ZUESTA,2009,10,7,11,22.6,,,,,,,,953.6,,1.5,,572,972.9,94.4,0,0,0,0,,,,
ZUESTA,2009,10,7,12,23.4,,,,,,,,952.8,,1.2,,574,816.4,110.7,0,0,0,0,,,,
ZUESTA,2009,10,7,13,24.3,,,,,,,,952,,1.2,,503,492,207.5,0,0,0,0,,,,
ZUESTA,2009,10,7,14,24.4,,,,,,,,951.3,,1.3,,385,195,270.4,0,0,0,0,,,,
ZUESTA,2009,10,7,15,23.3,,,,,,,,950.6,,1,,162,6.3,158.7,0,0,0,0,,,,
ZUESTA,2009,10,7,16,21.7,,,,,,,,950,,0.5,,42,0.6,41.7,0,0,0,0,,,,
ZUESTA,2009,10,7,17,19.9,,,,,,,,949.7,,0.9,,1,0,1,0,0,0,0,,,,
ZUESTA,2009,10,7,18,19.8,,,,,,,,949.7,,0.8,,0,0,0,0,0,0,0,,,,
ZUESTA,2009,10,7,19,20.5,,,,,,,,949.6,,1,,0,0,0,0,0,0,0,,,,
ZUESTA,2009,10,7,20,20.6,,,,,,,,949.8,,1.2,,0,0,0,0,0,0,0,,,,
ZUESTA,2009,10,7,21,19.8,,,,,,,,949.8,,1.2,,0,0,0,0,0,0,0,,,,
ZUESTA,2009,10,7,22,20.1,,,,,,,,949.5,,2.5,,0,0,0,0,0,0,0,,,,
ZUESTA,2009,10,7,23,21.2,,,,,,,,949.4,,4.4,,0,0,0,0,0,0,0,,,,
ZUESTA,2009,10,8,0,20.6,,,,,,,,949.4,,3.6,,0,0,0,0,0,0,0,,,,
ZUESTA,2009,10,8,1,19.7,,,,,,,,949.6,,3.5,,0,0,0,0,0,0,0,,,,
ZUESTA,2009,10,8,2,19.1,,,,,,,,949.6,,1.2,,0,0,0,0,0,0,0,,,,
ZUESTA,2009,10,8,3,18.5,,,,,,,,950,,1.8,,0,0,0,0,0,0,0,,,,
ZUESTA,2009,10,8,4,19.5,,,,,,,,950.6,,4.3,,0,0,0,0,0,0,0,,,,
ZUESTA,2009,10,8,5,17.3,,,,,,,,951.7,,1.9,,0,0,0,0,0,0,0,,,,
ZUESTA,2009,10,8,6,15.8,,,,,,,,952,,1.6,,3,0,0,0,0,0,0,,,,
ZUESTA,2009,10,8,7,15.7,,,,,,,,952.1,,0.8,,26,0,0,0,0,0,0,,,,
ZUESTA,2009,10,8,8,16.1,,,,,,,,952.4,,2.1,,83,1095.9,13.7,0,0,0,0,,,,
ZUESTA,2009,10,8,9,16.9,,,,,,,,952.7,,2.1,,156,238.6,101.9,0,0,0,0,,,,
ZUESTA,2009,10,8,10,17.2,,,,,,,,952.8,,2,,163,29.5,152,0,0,0,0,,,,
ZUESTA,2009,10,8,11,17,,,,,,,,952.6,,2.2,,121,4.1,119,0,0,0,0,,,,
ZUESTA,2009,10,8,12,16.7,,,,,,,,952.3,,1.9,,78,1.3,77.3,0,0,0,0,,,,
ZUESTA,2009,10,8,13,16.5,,,,,,,,952.2,,2,,89,1.5,88.1,0,0,0,0,,,,
ZUESTA,2009,10,8,14,16.1,,,,,,,,952.5,,1.6,,46,0.4,45.8,0,0,0,0,,,,
ZUESTA,2009,10,8,15,15.8,,,,,,,,952.5,,0.9,,23,0.1,22.9,0,0,0,0,,,,
ZUESTA,2009,10,8,16,15.5,,,,,,,,952.2,,1.1,,13,0.1,13,0,0,0,0,,,,
ZUESTA,2009,10,8,17,15.5,,,,,,,,952.5,,0.7,,1,0,1,0,0,0,0,,,,
ZUESTA,2009,10,8,18,15.4,,,,,,,,952.8,,0.8,,0,0,0,0,0,0,0,,,,
ZUESTA,2009,10,8,19,15.3,,,,,,,,953,,0.9,,0,0,0,0,0,0,0,,,,
ZUESTA,2009,10,8,20,15.2,,,,,,,,953.3,,0.7,,0,0,0,0,0,0,0,,,,
ZUESTA,2009,10,8,21,14.8,,,,,,,,953.6,,1.9,,0,0,0,0,0,0,0,,,,
ZUESTA,2009,10,8,22,14.1,,,,,,,,953.7,,1.9,,0,0,0,0,0,0,0,,,,
ZUESTA,2009,10,8,23,14.2,,,,,,,,953.6,,1.1,,0,0,0,0,0,0,0,,,,
ZUESTA,2009,10,9,0,14.1,,,,,,,,953.6,,0.9,,0,0,0,0,0,0,0,,,,
ZUESTA,2009,10,9,1,14.2,,,,,,,,953.4,,1,,0,0,0,0,0,0,0,,,,
ZUESTA,2009,10,9,2,14,,,,,,,,953.1,,0.6,,0,0,0,0,0,0,0,,,,
ZUESTA,2009,10,9,3,13.8,,,,,,,,953,,0.6,,0,0,0,0,0,0,0,,,,
ZUESTA,2009,10,9,4,13.9,,,,,,,,952.9,,0.5,,0,0,0,0,0,0,0,,,,
ZUESTA,2009,10,9,5,13.7,,,,,,,,952.9,,0.5,,1,0,0,0,0,0,0,,,,
ZUESTA,2009,10,9,6,13.8,,,,,,,,953.1,,0.4,,32,0,0,0,0,0,0,,,,
ZUESTA,2009,10,9,7,14.2,,,,,,,,953.3,,0.7,,113,0,0,0,0,0,0,,,,
ZUESTA,2009,10,9,8,14.8,,,,,,,,953.7,,0.4,,182,2564.9,30,0,0,0,0,,,,
ZUESTA,2009,10,9,9,15.3,,,,,,,,953.7,,0.6,,135,140.1,103.8,0,0,0,0,,,,
ZUESTA,2009,10,9,10,15.8,,,,,,,,953.6,,1.5,,203,91.8,169.3,0,0,0,0,,,,
ZUESTA,2009,10,9,11,17.2,,,,,,,,953.4,,1.6,,441,644.3,130.9,0,0,0,0,,,,
ZUESTA,2009,10,9,12,17.4,,,,,,,,952.9,,0.9,,288,66.3,251,0,0,0,0,,,,
ZUESTA,2009,10,9,13,17.2,,,,,,,,952.6,,1.6,,286,48.5,257.4,0,0,0,0,,,,
ZUESTA,2009,10,9,14,17.4,,,,,,,,952.4,,1.7,,248,26.5,232.7,0,0,0,0,,,,
ZUESTA,2009,10,9,15,16.8,,,,,,,,952.1,,1.1,,85,1.8,84.1,0,0,0,0,,,,
ZUESTA,2009,10,9,16,16.4,,,,,,,,951.8,,0.8,,43,0.7,42.7,0,0,0,0,,,,
ZUESTA,2009,10,9,17,15.5,,,,,,,,951.8,,1.4,,1,0,1,0,0,0,0,,,,
ZUESTA,2009,10,9,18,15.3,,,,,,,,952,,1.7,,0,0,0,0,0,0,0,,,,
ZUESTA,2009,10,9,19,15,,,,,,,,952.1,,0.9,,0,0,0,0,0,0,0,,,,
ZUESTA,2009,10,9,20,14.7,,,,,,,,952,,0.8,,0,0,0,0,0,0,0,,,,
ZUESTA,2009,10,9,21,14.3,,,,,,,,951.9,,0.7,,0,0,0,0,0,0,0,,,,
ZUESTA,2009,10,9,22,14.4,,,,,,,,951.7,,1.1,,0,0,0,0,0,0,0,,,,
ZUESTA,2009,10,9,23,14.6,,,,,,,,951.6,,0.4,,1,0,0,0,0,0,0,,,,
ZUESTA,2009,10,10,0,14.6,,,,,,,,951.4,,0.4,,0,0,0,0,0,0,0,,,,
ZUESTA,2009,10,10,1,14.7,,,,,,,,951.1,,0.6,,0,0,0,0,0,0,0,,,,
ZUESTA,2009,10,10,2,14.5,,,,,,,,950.7,,1,,0,0,0,0,0,0,0,,,,
ZUESTA,2009,10,10,3,14.3,,,,,,,,950.4,,0.6,,0,0,0,0,0,0,0,,,,
ZUESTA,2009,10,10,4,14.4,,,,,,,,950.2,,0.8,,0,0,0,0,0,0,0,,,,
ZUESTA,2009,10,10,5,14.4,,,,,,,,950,,1.1,,0,0,0,0,0,0,0,,,,
ZUESTA,2009,10,10,6,14.2,,,,,,,,950.3,,1.6,,4,0,0,0,0,0,0,,,,
ZUESTA,2009,10,10,7,14,,,,,,,,950.4,,1.5,,31,0,0,0,0,0,0,,,,
ZUESTA,2009,10,10,8,14.5,,,,,,,,950.5,,1.9,,64,906.4,13.9,0,0,0,0,,,,
ZUESTA,2009,10,10,9,13.6,,,,,,,,951.1,,2.5,,26,0.9,25.8,0,0,0,0,,,,
ZUESTA,2009,10,10,10,13.4,,,,,,,,951.5,,2,,87,3.8,85.6,0,0,0,0,,,,
ZUESTA,2009,10,10,11,14.2,,,,,,,,951.6,,2.3,,172,11.3,166.6,0,0,0,0,,,,
ZUESTA,2009,10,10,12,14.2,,,,,,,,951.6,,2.5,,100,2.2,98.8,0,0,0,0,,,,
ZUESTA,2009,10,10,13,14.8,,,,,,,,951.5,,3.3,,199,8.9,193.8,0,0,0,0,,,,
ZUESTA,2009,10,10,14,14.4,,,,,,,,951.5,,2.9,,70,1,69.4,0,0,0,0,,,,
ZUESTA,2009,10,10,15,14.6,,,,,,,,951.4,,2.5,,107,2.9,105.5,0,0,0,0,,,,
ZUESTA,2009,10,10,16,14.6,,,,,,,,951.6,,2.4,,32,0.4,31.8,0,0,0,0,,,,
ZUESTA,2009,10,10,17,13.9,,,,,,,,952.2,,2.2,,1,0,1,0,0,0,0,,,,
ZUESTA,2009,10,10,18,13.3,,,,,,,,952.7,,2.1,,0,0,0,0,0,0,0,,,,
ZUESTA,2009,10,10,19,12.6,,,,,,,,953.1,,1.2,,0,0,0,0,0,0,0,,,,
ZUESTA,2009,10,10,20,12.8,,,,,,,,953.5,,1.5,,0,0,0,0,0,0,0,,,,
ZUESTA,2009,10,10,21,12.8,,,,,,,,953.6,,2.9,,0,0,0,0,0,0,0,,,,
ZUESTA,2009,10,10,22,12.3,,,,,,,,954,,2,,0,0,0,0,0,0,0,,,,
ZUESTA,2009,10,10,23,11.9,,,,,,,,954.1,,1.5,,0,0,0,0,0,0,0,,,,
ZUESTA,2009,10,11,0,11.6,,,,,,,,954.1,,1.8,,0,0,0,0,0,0,0,,,,
ZUESTA,2009,10,11,1,11.3,,,,,,,,954,,2,,0,0,0,0,0,0,0,,,,
ZUESTA,2009,10,11,2,11.6,,,,,,,,954.2,,2,,0,0,0,0,0,0,0,,,,
ZUESTA,2009,10,11,3,11.1,,,,,,,,954.4,,1.3,,0,0,0,0,0,0,0,,,,
ZUESTA,2009,10,11,4,10.9,,,,,,,,954.6,,0.6,,0,0,0,0,0,0,0,,,,
ZUESTA,2009,10,11,5,10.4,,,,,,,,954.6,,1,,1,0,0,0,0,0,0,,,,
ZUESTA,2009,10,11,6,10.3,,,,,,,,954.7,,1.2,,34,0,0,0,0,0,0,,,,
ZUESTA,2009,10,11,7,11.2,,,,,,,,954.7,,1.6,,176,0,0,0,0,0,0,,,,
ZUESTA,2009,10,11,8,12,,,,,,,,954.7,,1.8,,315,0,0,0,0,0,0,,,,
ZUESTA,2009,10,11,9,13,,,,,,,,954.6,,2.6,,323,1262,53.3,0,0,0,0,,,,
ZUESTA,2009,10,11,10,13.7,,,,,,,,954.4,,3.3,,394,919.5,65,0,0,0,0,,,,
ZUESTA,2009,10,11,11,14.3,,,,,,,,953.9,,3.5,,412,559.3,148.2,0,0,0,0,,,,
ZUESTA,2009,10,11,12,14.9,,,,,,,,953.2,,3.6,,410,330.5,229.1,0,0,0,0,,,,
ZUESTA,2009,10,11,13,14.9,,,,,,,,952.4,,2.9,,322,93.4,267.9,0,0,0,0,,,,
ZUESTA,2009,10,11,14,14.7,,,,,,,,951.9,,2.8,,166,5.6,162.8,0,0,0,0,,,,
ZUESTA,2009,10,11,15,13.9,,,,,,,,951.6,,1.8,,43,0.5,42.8,0,0,0,0,,,,
ZUESTA,2009,10,11,16,13.5,,,,,,,,951.4,,2.3,,15,0.1,15,0,0,0,0,,,,
ZUESTA,2009,10,11,17,13.4,,,,,,,,951.1,,2.4,,1,0,1,0,0,0,0,,,,
ZUESTA,2009,10,11,18,13.2,,,,,,,,950.9,,2.7,,0,0,0,0,0,0,0,,,,
ZUESTA,2009,10,11,19,13.2,,,,,,,,950.6,,4.5,,0,0,0,0,0,0,0,,,,
ZUESTA,2009,10,11,20,12.8,,,,,,,,950.5,,5.2,,0,0,0,0,0,0,0,,,,
ZUESTA,2009,10,11,21,12.9,,,,,,,,950,,6.1,,0,0,0,0,0,0,0,,,,
ZUESTA,2009,10,11,22,12,,,,,,,,949.2,,6.5,,0,0,0,0,0,0,0,,,,
ZUESTA,2009,10,11,23,11.3,,,,,,,,947.9,,6.2,,0,0,0,0,0,0,0,,,,
ZUESTA,2009,10,12,0,11.8,,,,,,,,946.8,,6.9,,0,0,0,0,0,0,0,,,,
ZUESTA,2009,10,12,1,11.2,,,,,,,,945.7,,8.2,,0,0,0,0,0,0,0,,,,
ZUESTA,2009,10,12,2,11.3,,,,,,,,944.6,,8.8,,0,0,0,0,0,0,0,,,,
ZUESTA,2009,10,12,3,11.2,,,,,,,,944.3,,7,,0,0,0,0,0,0,0,,,,
ZUESTA,2009,10,12,4,9.8,,,,,,,,946.1,,3.1,,0,0,0,0,0,0,0,,,,
ZUESTA,2009,10,12,5,8.6,,,,,,,,947.7,,2.8,,0,0,0,0,0,0,0,,,,
ZUESTA,2009,10,12,6,8,,,,,,,,949.8,,2.2,,31,0,0,0,0,0,0,,,,
ZUESTA,2009,10,12,7,8.7,,,,,,,,951.4,,2.1,,76,0,0,0,0,0,0,,,,
ZUESTA,2009,10,12,8,9.5,,,,,,,,952,,3.6,,229,0,0,0,0,0,0,,,,
ZUESTA,2009,10,12,9,9.6,,,,,,,,952.1,,4.3,,165,397.1,81.9,0,0,0,0,,,,
ZUESTA,2009,10,12,10,10.7,,,,,,,,952.4,,5.1,,458,1082.8,75.6,0,0,0,0,,,,
ZUESTA,2009,10,12,11,10.5,,,,,,,,952.7,,4.5,,335,279.9,204.3,0,0,0,0,,,,
ZUESTA,2009,10,12,12,9.9,,,,,,,,952.9,,3.1,,328,137.1,253.7,0,0,0,0,,,,
ZUESTA,2009,10,12,13,11.2,,,,,,,,953.2,,3.5,,354,149.1,268.4,0,0,0,0,,,,
ZUESTA,2009,10,12,14,9.6,,,,,,,,954,,3.4,,84,1.5,83.2,0,0,0,0,,,,
ZUESTA,2009,10,12,15,9.5,,,,,,,,954.9,,1.8,,140,5.1,137.4,0,0,0,0,,,,
ZUESTA,2009,10,12,16,8.6,,,,,,,,956.1,,1.8,,44,0.8,43.7,0,0,0,0,,,,
ZUESTA,2009,10,12,17,7.8,,,,,,,,957.5,,2.2,,0,0,0,0,0,0,0,,,,
ZUESTA,2009,10,12,18,7.5,,,,,,,,958.6,,1,,0,0,0,0,0,0,0,,,,
ZUESTA,2009,10,12,19,7.4,,,,,,,,959.4,,0.8,,0,0,0,0,0,0,0,,,,
ZUESTA,2009,10,12,20,7.2,,,,,,,,960,,1.5,,0,0,0,0,0,0,0,,,,
ZUESTA,2009,10,12,21,6.4,,,,,,,,960.5,,0.9,,0,0,0,0,0,0,0,,,,
ZUESTA,2009,10,12,22,6.4,,,,,,,,960.5,,0.6,,0,0,0,0,0,0,0,,,,
ZUESTA,2009,10,12,23,6.6,,,,,,,,960.4,,0.5,,0,0,0,0,0,0,0,,,,
ZUESTA,2009,10,13,0,6.1,,,,,,,,960.3,,0.5,,0,0,0,0,0,0,0,,,,
ZUESTA,2009,10,13,1,6.1,,,,,,,,959.9,,0.5,,0,0,0,0,0,0,0,,,,
ZUESTA,2009,10,13,2,6.5,,,,,,,,959.5,,0.7,,0,0,0,0,0,0,0,,,,
ZUESTA,2009,10,13,3,6.7,,,,,,,,959.5,,0.9,,0,0,0,0,0,0,0,,,,
ZUESTA,2009,10,13,4,6.5,,,,,,,,959.6,,1.8,,0,0,0,0,0,0,0,,,,
ZUESTA,2009,10,13,5,6.3,,,,,,,,959.9,,1.3,,0,0,0,0,0,0,0,,,,
ZUESTA,2009,10,13,6,6.1,,,,,,,,960.3,,1.3,,21,0,0,0,0,0,0,,,,
ZUESTA,2009,10,13,7,6.4,,,,,,,,961,,0.9,,106,0,0,0,0,0,0,,,,
ZUESTA,2009,10,13,8,7,,,,,,,,961.4,,1.7,,185,0,0,0,0,0,0,,,,
ZUESTA,2009,10,13,9,7.9,,,,,,,,961.4,,1.5,,415,1690.5,68.5,0,0,0,0,,,,
ZUESTA,2009,10,13,10,8.5,,,,,,,,961.1,,1.5,,539,1291.1,88.9,0,0,0,0,,,,
ZUESTA,2009,10,13,11,8.9,,,,,,,,960.6,,1.3,,491,884.3,82.5,0,0,0,0,,,,
ZUESTA,2009,10,13,12,9.2,,,,,,,,960.1,,1.8,,266,53.5,237.3,0,0,0,0,,,,
ZUESTA,2009,10,13,13,9.7,,,,,,,,959.7,,2.2,,248,28.2,231.9,0,0,0,0,,,,
ZUESTA,2009,10,13,14,8.6,,,,,,,,959.6,,1.3,,109,2.5,107.6,0,0,0,0,,,,
ZUESTA,2009,10,13,15,9,,,,,,,,959.6,,1,,112,3.3,110.3,0,0,0,0,,,,
ZUESTA,2009,10,13,16,8,,,,,,,,959.9,,1.4,,18,0.1,17.9,0,0,0,0,,,,
ZUESTA,2009,10,13,17,8,,,,,,,,960.2,,1.5,,0,0,0,0,0,0,0,,,,
ZUESTA,2009,10,13,18,7.7,,,,,,,,960.2,,1.1,,0,0,0,0,0,0,0,,,,
ZUESTA,2009,10,13,19,7.5,,,,,,,,960.1,,1.1,,0,0,0,0,0,0,0,,,,
ZUESTA,2009,10,13,20,7,,,,,,,,960.2,,0.7,,0,0,0,0,0,0,0,,,,
ZUESTA,2009,10,13,21,7,,,,,,,,959.7,,0.9,,0,0,0,0,0,0,0,,,,
ZUESTA,2009,10,13,22,6,,,,,,,,959.4,,0.8,,0,0,0,0,0,0,0,,,,
ZUESTA,2009,10,13,23,5.2,,,,,,,,959.1,,0.6,,0,0,0,0,0,0,0,,,,
ZUESTA,2009,10,14,0,5.2,,,,,,,,959,,0.8,,0,0,0,0,0,0,0,,,,
ZUESTA,2009,10,14,1,6,,,,,,,,958.9,,1.1,,0,0,0,0,0,0,0,,,,
ZUESTA,2009,10,14,2,4.2,,,,,,,,959.1,,3.1,,0,0,0,0,0,0,0,,,,
ZUESTA,2009,10,14,3,3.4,,,,,,,,959.1,,1.1,,0,0,0,0,0,0,0,,,,
ZUESTA,2009,10,14,4,3.4,,,,,,,,959.2,,0.7,,0,0,0,0,0,0,0,,,,
ZUESTA,2009,10,14,5,3.6,,,,,,,,959.3,,0.8,,0,0,0,0,0,0,0,,,,
ZUESTA,2009,10,14,6,3.3,,,,,,,,959.3,,1.5,,26,0,0,0,0,0,0,,,,
ZUESTA,2009,10,14,7,3.5,,,,,,,,959.5,,1.3,,114,0,0,0,0,0,0,,,,
ZUESTA,2009,10,14,8,4.2,,,,,,,,959.6,,1.9,,259,0,0,0,0,0,0,,,,
ZUESTA,2009,10,14,9,4.8,,,,,,,,959.9,,2.7,,339,1411,55.9,0,0,0,0,,,,
ZUESTA,2009,10,14,10,5.3,,,,,,,,959.9,,3.2,,364,878.7,61.8,0,0,0,0,,,,
ZUESTA,2009,10,14,11,6.3,,,,,,,,959.8,,2.9,,548,1001.1,90.4,0,0,0,0,,,,
ZUESTA,2009,10,14,12,7,,,,,,,,959.4,,2.2,,584,916.5,96.4,0,0,0,0,,,,
ZUESTA,2009,10,14,13,6.7,,,,,,,,959.2,,2.5,,376,208,258.8,0,0,0,0,,,,
ZUESTA,2009,10,14,14,6.4,,,,,,,,959.2,,2.4,,235,25.6,221,0,0,0,0,,,,
ZUESTA,2009,10,14,15,6.2,,,,,,,,959.3,,2.6,,183,13,176.6,0,0,0,0,,,,
ZUESTA,2009,10,14,16,5,,,,,,,,959.6,,2.1,,57,1.4,56.5,0,0,0,0,,,,
ZUESTA,2009,10,14,17,3.5,,,,,,,,959.9,,0.9,,0,0,0,0,0,0,0,,,,
ZUESTA,2009,10,14,18,2.6,,,,,,,,960,,1.4,,0,0,0,0,0,0,0,,,,
ZUESTA,2009,10,14,19,2.1,,,,,,,,960.1,,2.2,,0,0,0,0,0,0,0,,,,
ZUESTA,2009,10,14,20,1.4,,,,,,,,960,,2.2,,0,0,0,0,0,0,0,,,,
ZUESTA,2009,10,14,21,1.2,,,,,,,,959.6,,2,,0,0,0,0,0,0,0,,,,
ZUESTA,2009,10,14,22,0.4,,,,,,,,959.3,,1.7,,0,0,0,0,0,0,0,,,,
ZUESTA,2009,10,14,23,0.6,,,,,,,,959.2,,2.8,,0,0,0,0,0,0,0,,,,
ZUESTA,2009,10,15,0,0.3,,,,,,,,958.9,,3.2,,0,0,0,0,0,0,0,,,,
ZUESTA,2009,10,15,1,-0.1,,,,,,,,958.9,,2.2,,0,0,0,0,0,0,0,,,,
ZUESTA,2009,10,15,2,0,,,,,,,,958.6,,2.4,,0,0,0,0,0,0,0,,,,
ZUESTA,2009,10,15,3,-0.1,,,,,,,,958.3,,1.5,,0,0,0,0,0,0,0,,,,
ZUESTA,2009,10,15,4,-0.2,,,,,,,,958.3,,1.1,,0,0,0,0,0,0,0,,,,
ZUESTA,2009,10,15,5,-0.5,,,,,,,,958.3,,1.4,,0,0,0,0,0,0,0,,,,
ZUESTA,2009,10,15,6,-1,,,,,,,,958.4,,1.5,,23,0,0,0,0,0,0,,,,
ZUESTA,2009,10,15,7,0.1,,,,,,,,958.6,,1.9,,183,0,0,0,0,0,0,,,,
ZUESTA,2009,10,15,8,1.6,,,,,,,,958.9,,2.6,,353,0,0,0,0,0,0,,,,
ZUESTA,2009,10,15,9,2.8,,,,,,,,958.9,,3.1,,476,2025.5,78.5,0,0,0,0,,,,
ZUESTA,2009,10,15,10,4,,,,,,,,958.6,,2.6,,555,1365.7,91.6,0,0,0,0,,,,
ZUESTA,2009,10,15,11,4.6,,,,,,,,958.4,,2.8,,527,973.1,87,0,0,0,0,,,,
ZUESTA,2009,10,15,12,4.5,,,,,,,,958,,2.3,,433,457.1,192.2,0,0,0,0,,,,
ZUESTA,2009,10,15,13,4.6,,,,,,,,957.8,,2,,311,93.7,258.7,0,0,0,0,,,,
ZUESTA,2009,10,15,14,4.9,,,,,,,,957.9,,1.7,,286,71.2,247.3,0,0,0,0,,,,
ZUESTA,2009,10,15,15,4.3,,,,,,,,958,,1.1,,90,2.3,88.9,0,0,0,0,,,,
ZUESTA,2009,10,15,16,3.8,,,,,,,,958.2,,1.3,,41,0.7,40.7,0,0,0,0,,,,
ZUESTA,2009,10,15,17,3.4,,,,,,,,958.9,,0.8,,0,0,0,0,0,0,0,,,,
ZUESTA,2009,10,15,18,3.1,,,,,,,,959.2,,0.5,,0,0,0,0,0,0,0,,,,
ZUESTA,2009,10,15,19,3,,,,,,,,959.6,,0.6,,0,0,0,0,0,0,0,,,,
ZUESTA,2009,10,15,20,3.1,,,,,,,,959.7,,0.6,,0,0,0,0,0,0,0,,,,
ZUESTA,2009,10,15,21,2.9,,,,,,,,959.8,,1,,0,0,0,0,0,0,0,,,,
ZUESTA,2009,10,15,22,2.6,,,,,,,,959.7,,1.1,,0,0,0,0,0,0,0,,,,
ZUESTA,2009,10,15,23,2.4,,,,,,,,959.6,,1,,0,0,0,0,0,0,0,,,,
ZUESTA,2009,10,16,0,2.3,,,,,,,,959.2,,1.9,,0,0,0,0,0,0,0,,,,
ZUESTA,2009,10,16,1,1.7,,,,,,,,958.8,,1.6,,0,0,0,0,0,0,0,,,,
ZUESTA,2009,10,16,2,2,,,,,,,,958.5,,1,,0,0,0,0,0,0,0,,,,
ZUESTA,2009,10,16,3,1.7,,,,,,,,958.3,,1.2,,0,0,0,0,0,0,0,,,,
ZUESTA,2009,10,16,4,1.5,,,,,,,,958.9,,1.6,,0,0,0,0,0,0,0,,,,
ZUESTA,2009,10,16,5,1.8,,,,,,,,959.1,,0.4,,0,0,0,0,0,0,0,,,,
ZUESTA,2009,10,16,6,2.5,,,,,,,,959.9,,1,,5,0,0,0,0,0,0,,,,
ZUESTA,2009,10,16,7,2.7,,,,,,,,960.5,,1.3,,34,0,0,0,0,0,0,,,,
ZUESTA,2009,10,16,8,3.8,,,,,,,,960.3,,2.1,,278,0,0,0,0,0,0,,,,
ZUESTA,2009,10,16,9,5.3,,,,,,,,959.9,,2.3,,371,1614.8,61.2,0,0,0,0,,,,
ZUESTA,2009,10,16,10,5.9,,,,,,,,959.1,,2,,282,495.9,116,0,0,0,0,,,,
ZUESTA,2009,10,16,11,6.4,,,,,,,,958.1,,2.7,,284,168,208.8,0,0,0,0,,,,
ZUESTA,2009,10,16,12,6.9,,,,,,,,957.4,,2.8,,255,49.7,229,0,0,0,0,,,,
ZUESTA,2009,10,16,13,7.1,,,,,,,,956.9,,3.5,,138,4.1,135.7,0,0,0,0,,,,
ZUESTA,2009,10,16,14,6.9,,,,,,,,956.4,,3.5,,62,0.9,61.5,0,0,0,0,,,,
ZUESTA,2009,10,16,15,6.8,,,,,,,,956.2,,3.2,,18,0.1,18,0,0,0,0,,,,
ZUESTA,2009,10,16,16,5.8,,,,,,,,956.3,,4.3,,3,0,3,0,0,0,0,,,,
ZUESTA,2009,10,16,17,5,,,,,,,,956.6,,4.1,,0,0,0,0,0,0,0,,,,
ZUESTA,2009,10,16,18,4.5,,,,,,,,956.9,,2.6,,0,0,0,0,0,0,0,,,,
ZUESTA,2009,10,16,19,4.9,,,,,,,,956.6,,3,,0,0,0,0,0,0,0,,,,
ZUESTA,2009,10,16,20,4.9,,,,,,,,956.3,,3,,0,0,0,0,0,0,0,,,,
ZUESTA,2009,10,16,21,4.5,,,,,,,,956,,1.4,,0,0,0,0,0,0,0,,,,
ZUESTA,2009,10,16,22,4.6,,,,,,,,955.7,,1.9,,0,0,0,0,0,0,0,,,,
ZUESTA,2009,10,16,23,4.6,,,,,,,,955.5,,2.2,,0,0,0,0,0,0,0,,,,
ZUESTA,2009,10,17,0,4.4,,,,,,,,955.1,,2,,0,0,0,0,0,0,0,,,,
ZUESTA,2009,10,17,1,4.4,,,,,,,,954.9,,2.4,,0,0,0,0,0,0,0,,,,
ZUESTA,2009,10,17,2,4.5,,,,,,,,954.6,,2.6,,0,0,0,0,0,0,0,,,,
ZUESTA,2009,10,17,3,4.4,,,,,,,,954.4,,3.1,,0,0,0,0,0,0,0,,,,
ZUESTA,2009,10,17,4,4.4,,,,,,,,954.4,,2.7,,0,0,0,0,0,0,0,,,,
ZUESTA,2009,10,17,5,4.5,,,,,,,,954.3,,2.5,,0,0,0,0,0,0,0,,,,
ZUESTA,2009,10,17,6,4.4,,,,,,,,954.5,,2.8,,2,0,0,0,0,0,0,,,,
ZUESTA,2009,10,17,7,4.5,,,,,,,,954.7,,2.4,,13,0,0,0,0,0,0,,,,
ZUESTA,2009,10,17,8,4.5,,,,,,,,954.6,,2.7,,30,0,0,0,0,0,0,,,,
ZUESTA,2009,10,17,9,4.6,,,,,,,,954.7,,2.7,,36,2.4,35.5,0,0,0,0,,,,
ZUESTA,2009,10,17,10,4.6,,,,,,,,954.5,,2.5,,57,2,56.4,0,0,0,0,,,,
ZUESTA,2009,10,17,11,4.9,,,,,,,,954.3,,2.1,,67,1.5,66.3,0,0,0,0,,,,
ZUESTA,2009,10,17,12,5.2,,,,,,,,954.1,,2.5,,86,1.8,85.1,0,0,0,0,,,,
ZUESTA,2009,10,17,13,4.9,,,,,,,,954.1,,1,,163,5.8,159.8,0,0,0,0,,,,
ZUESTA,2009,10,17,14,5.2,,,,,,,,953.9,,1.3,,123,3.5,121.1,0,0,0,0,,,,
ZUESTA,2009,10,17,15,4.4,,,,,,,,954.3,,1.2,,31,0.3,30.9,0,0,0,0,,,,
ZUESTA,2009,10,17,16,3.8,,,,,,,,954.7,,0.6,,13,0.1,13,0,0,0,0,,,,
ZUESTA,2009,10,17,17,3.4,,,,,,,,955.1,,0.4,,0,0,0,0,0,0,0,,,,
ZUESTA,2009,10,17,18,3.7,,,,,,,,955.5,,0.4,,0,0,0,0,0,0,0,,,,
ZUESTA,2009,10,17,19,3.7,,,,,,,,955.8,,0.6,,0,0,0,0,0,0,0,,,,
ZUESTA,2009,10,17,20,2.5,,,,,,,,956,,1.1,,0,0,0,0,0,0,0,,,,
ZUESTA,2009,10,17,21,1.9,,,,,,,,955.9,,1.1,,0,0,0,0,0,0,0,,,,
ZUESTA,2009,10,17,22,2.5,,,,,,,,955.8,,0.8,,0,0,0,0,0,0,0,,,,
ZUESTA,2009,10,17,23,2.5,,,,,,,,955.6,,0.5,,0,0,0,0,0,0,0,,,,
ZUESTA,2009,10,18,0,2.7,,,,,,,,955.5,,0.4,,0,0,0,0,0,0,0,,,,
ZUESTA,2009,10,18,1,2.5,,,,,,,,955.3,,0.5,,0,0,0,0,0,0,0,,,,
ZUESTA,2009,10,18,2,2.7,,,,,,,,955.1,,0.7,,0,0,0,0,0,0,0,,,,
ZUESTA,2009,10,18,3,2.6,,,,,,,,954.9,,0.8,,0,0,0,0,0,0,0,,,,
ZUESTA,2009,10,18,4,2.3,,,,,,,,955,,0.6,,0,0,0,0,0,0,0,,,,
ZUESTA,2009,10,18,5,2.7,,,,,,,,955.1,,0.5,,0,0,0,0,0,0,0,,,,
ZUESTA,2009,10,18,6,2.8,,,,,,,,955.4,,0.7,,5,0,0,0,0,0,0,,,,
ZUESTA,2009,10,18,7,2.9,,,,,,,,955.7,,0.4,,39,0,0,0,0,0,0,,,,
ZUESTA,2009,10,18,8,3.1,,,,,,,,955.7,,0.9,,94,0,0,0,0,0,0,,,,
ZUESTA,2009,10,18,9,3.6,,,,,,,,955.8,,1,,121,198.6,84.6,0,0,0,0,,,,
ZUESTA,2009,10,18,10,3.7,,,,,,,,955.7,,1.9,,147,33.4,136.1,0,0,0,0,,,,
ZUESTA,2009,10,18,11,3.3,,,,,,,,955.6,,1,,133,6.1,130.3,0,0,0,0,,,,
ZUESTA,2009,10,18,12,4.2,,,,,,,,955.3,,1,,210,20.6,199.5,0,0,0,0,,,,
ZUESTA,2009,10,18,13,4.9,,,,,,,,955.2,,0.7,,266,50.4,238.7,0,0,0,0,,,,
ZUESTA,2009,10,18,14,5,,,,,,,,955.1,,0.4,,148,5.1,145.3,0,0,0,0,,,,
ZUESTA,2009,10,18,15,4.4,,,,,,,,955.2,,1.3,,40,0.5,39.8,0,0,0,0,,,,
ZUESTA,2009,10,18,16,3.8,,,,,,,,955.5,,1.4,,9,0,9,0,0,0,0,,,,
ZUESTA,2009,10,18,17,3.5,,,,,,,,955.6,,1,,0,0,0,0,0,0,0,,,,
ZUESTA,2009,10,18,18,3.3,,,,,,,,955.8,,0.7,,0,0,0,0,0,0,0,,,,
ZUESTA,2009,10,18,19,3.3,,,,,,,,955.8,,1,,0,0,0,0,0,0,0,,,,
ZUESTA,2009,10,18,20,3.1,,,,,,,,955.6,,0.8,,0,0,0,0,0,0,0,,,,
ZUESTA,2009,10,18,21,2.8,,,,,,,,955.5,,0.8,,0,0,0,0,0,0,0,,,,
ZUESTA,2009,10,18,22,2.2,,,,,,,,955.4,,0.4,,0,0,0,0,0,0,0,,,,
ZUESTA,2009,10,18,23,1.6,,,,,,,,955,,1,,0,0,0,0,0,0,0,,,,
ZUESTA,2009,10,19,0,1.8,,,,,,,,954.6,,1.7,,0,0,0,0,0,0,0,,,,
ZUESTA,2009,10,19,1,1.8,,,,,,,,954.2,,1.9,,0,0,0,0,0,0,0,,,,
ZUESTA,2009,10,19,2,1.6,,,,,,,,954,,2.1,,0,0,0,0,0,0,0,,,,
ZUESTA,2009,10,19,3,1.5,,,,,,,,953.8,,0.7,,0,0,0,0,0,0,0,,,,
ZUESTA,2009,10,19,4,1,,,,,,,,953.6,,0.6,,0,0,0,0,0,0,0,,,,
ZUESTA,2009,10,19,5,1.2,,,,,,,,953.6,,1,,0,0,0,0,0,0,0,,,,
ZUESTA,2009,10,19,6,1.1,,,,,,,,953.7,,1.6,,11,0,0,0,0,0,0,,,,
ZUESTA,2009,10,19,7,1.9,,,,,,,,953.8,,1.4,,68,0,0,0,0,0,0,,,,
ZUESTA,2009,10,19,8,2.7,,,,,,,,953.9,,1.1,,152,0,0,0,0,0,0,,,,
ZUESTA,2009,10,19,9,3.6,,,,,,,,953.7,,1.1,,215,1004.9,35.5,0,0,0,0,,,,
ZUESTA,2009,10,19,10,4.2,,,,,,,,953.3,,1.2,,256,411.1,124.2,0,0,0,0,,,,
ZUESTA,2009,10,19,11,5.4,,,,,,,,952.6,,2.1,,378,554.3,138.2,0,0,0,0,,,,
ZUESTA,2009,10,19,12,5.9,,,,,,,,951.9,,2.4,,470,660.5,135.5,0,0,0,0,,,,
ZUESTA,2009,10,19,13,6.6,,,,,,,,951.2,,1.8,,419,379,215.5,0,0,0,0,,,,
ZUESTA,2009,10,19,14,6.6,,,,,,,,950.6,,1.7,,272,67.4,236.8,0,0,0,0,,,,
ZUESTA,2009,10,19,15,5.7,,,,,,,,950.2,,1.5,,59,1.1,58.5,0,0,0,0,,,,
ZUESTA,2009,10,19,16,4.6,,,,,,,,950.3,,2,,12,0.1,12,0,0,0,0,,,,
ZUESTA,2009,10,19,17,3.4,,,,,,,,950.1,,2.3,,0,0,0,0,0,0,0,,,,
ZUESTA,2009,10,19,18,3,,,,,,,,949.9,,3,,0,0,0,0,0,0,0,,,,
ZUESTA,2009,10,19,19,2.3,,,,,,,,949.5,,2.8,,0,0,0,0,0,0,0,,,,
ZUESTA,2009,10,19,20,1.5,,,,,,,,949.1,,2,,0,0,0,0,0,0,0,,,,
ZUESTA,2009,10,19,21,1,,,,,,,,948.6,,2.3,,0,0,0,0,0,0,0,,,,
ZUESTA,2009,10,19,22,0.6,,,,,,,,948,,2.2,,0,0,0,0,0,0,0,,,,
ZUESTA,2009,10,19,23,0.4,,,,,,,,947.6,,1.8,,0,0,0,0,0,0,0,,,,
ZUESTA,2009,10,20,0,0.3,,,,,,,,947.1,,2,,0,0,0,0,0,0,0,,,,
ZUESTA,2009,10,20,1,0.3,,,,,,,,946.8,,2.1,,0,0,0,0,0,0,0,,,,
ZUESTA,2009,10,20,2,0.2,,,,,,,,946.5,,1.8,,0,0,0,0,0,0,0,,,,
ZUESTA,2009,10,20,3,-0.3,,,,,,,,946.4,,2,,0,0,0,0,0,0,0,,,,
ZUESTA,2009,10,20,4,-1,,,,,,,,946.5,,2.2,,0,0,0,0,0,0,0,,,,
ZUESTA,2009,10,20,5,-1.3,,,,,,,,946.8,,1.1,,0,0,0,0,0,0,0,,,,
ZUESTA,2009,10,20,6,-0.9,,,,,,,,946.9,,0.3,,12,0,0,0,0,0,0,,,,
ZUESTA,2009,10,20,7,0.1,,,,,,,,947.1,,0.8,,52,0,0,0,0,0,0,,,,
ZUESTA,2009,10,20,8,0.6,,,,,,,,947.1,,0.8,,121,0,0,0,0,0,0,,,,
ZUESTA,2009,10,20,9,1.6,,,,,,,,946.9,,0.4,,219,1049.4,36.1,0,0,0,0,,,,
ZUESTA,2009,10,20,10,3.7,,,,,,,,946.5,,0.7,,455,1202.1,75.1,0,0,0,0,,,,
ZUESTA,2009,10,20,11,6.1,,,,,,,,945.8,,1.1,,506,987.8,83.5,0,0,0,0,,,,
ZUESTA,2009,10,20,12,8.3,,,,,,,,945.1,,1.3,,519,846.7,94.5,0,0,0,0,,,,
ZUESTA,2009,10,20,13,9.2,,,,,,,,944.4,,1.8,,380,271.6,235.6,0,0,0,0,,,,
ZUESTA,2009,10,20,14,9.5,,,,,,,,944.1,,1.4,,307,124.3,242.8,0,0,0,0,,,,
ZUESTA,2009,10,20,15,9,,,,,,,,943.8,,1.8,,114,4,112.1,0,0,0,0,,,,
ZUESTA,2009,10,20,16,7.6,,,,,,,,943.6,,2.2,,16,0.1,16,0,0,0,0,,,,
ZUESTA,2009,10,20,17,6.4,,,,,,,,943.4,,3.4,,0,0,0,0,0,0,0,,,,
ZUESTA,2009,10,20,18,5.5,,,,,,,,943.5,,3.1,,0,0,0,0,0,0,0,,,,
ZUESTA,2009,10,20,19,4.8,,,,,,,,943.4,,2.6,,0,0,0,0,0,0,0,,,,
ZUESTA,2009,10,20,20,4.5,,,,,,,,943.3,,2.7,,0,0,0,0,0,0,0,,,,
ZUESTA,2009,10,20,21,4.4,,,,,,,,943.1,,2.7,,0,0,0,0,0,0,0,,,,
ZUESTA,2009,10,20,22,4.3,,,,,,,,943.1,,2.9,,0,0,0,0,0,0,0,,,,
ZUESTA,2009,10,20,23,4.1,,,,,,,,942.9,,2.6,,0,0,0,0,0,0,0,,,,
ZUESTA,2009,10,21,0,3.8,,,,,,,,942.8,,3.1,,0,0,0,0,0,0,0,,,,
ZUESTA,2009,10,21,1,3.9,,,,,,,,942.5,,2.2,,0,0,0,0,0,0,0,,,,
ZUESTA,2009,10,21,2,3.6,,,,,,,,942.3,,3.1,,0,0,0,0,0,0,0,,,,
ZUESTA,2009,10,21,3,3.8,,,,,,,,942.1,,3.2,,0,0,0,0,0,0,0,,,,
ZUESTA,2009,10,21,4,3.8,,,,,,,,941.7,,3.2,,0,0,0,0,0,0,0,,,,
ZUESTA,2009,10,21,5,3.8,,,,,,,,941.3,,3.5,,0,0,0,0,0,0,0,,,,
ZUESTA,2009,10,21,6,4.2,,,,,,,,941.3,,2.8,,28,0,0,0,0,0,0,,,,
ZUESTA,2009,10,21,7,5.1,,,,,,,,941.3,,3.1,,94,0,0,0,0,0,0,,,,
ZUESTA,2009,10,21,8,6.1,,,,,,,,941.6,,1.9,,189,0,0,0,0,0,0,,,,
ZUESTA,2009,10,21,9,6.5,,,,,,,,941.7,,1.1,,155,629.1,48.1,0,0,0,0,,,,
ZUESTA,2009,10,21,10,8.6,,,,,,,,941.4,,1.1,,341,914.8,56.1,0,0,0,0,,,,
ZUESTA,2009,10,21,11,9.3,,,,,,,,940.5,,2.1,,285,214.2,194.4,0,0,0,0,,,,
ZUESTA,2009,10,21,12,10.7,,,,,,,,939.4,,2.6,,387,377.2,199.8,0,0,0,0,,,,
ZUESTA,2009,10,21,13,11.6,,,,,,,,938.4,,2.5,,255,47,230.2,0,0,0,0,,,,
ZUESTA,2009,10,21,14,12.3,,,,,,,,937.5,,2.4,,226,29.6,210.8,0,0,0,0,,,,
ZUESTA,2009,10,21,15,11.8,,,,,,,,936.8,,2.2,,92,2.7,90.8,0,0,0,0,,,,
ZUESTA,2009,10,21,16,10.7,,,,,,,,936.1,,2.4,,13,0.1,13,0,0,0,0,,,,
ZUESTA,2009,10,21,17,10.4,,,,,,,,935.4,,4.4,,0,0,0,0,0,0,0,,,,
ZUESTA,2009,10,21,18,10.4,,,,,,,,935,,4.7,,0,0,0,0,0,0,0,,,,
ZUESTA,2009,10,21,19,10.3,,,,,,,,935,,4.4,,0,0,0,0,0,0,0,,,,
ZUESTA,2009,10,21,20,9.2,,,,,,,,935.4,,2.7,,0,0,0,0,0,0,0,,,,
ZUESTA,2009,10,21,21,8.5,,,,,,,,935.9,,1.9,,0,0,0,0,0,0,0,,,,
ZUESTA,2009,10,21,22,8.3,,,,,,,,936.9,,1.4,,0,0,0,0,0,0,0,,,,
ZUESTA,2009,10,21,23,8.9,,,,,,,,937.9,,2.5,,0,0,0,0,0,0,0,,,,
ZUESTA,2009,10,22,0,8.7,,,,,,,,938.4,,1.2,,0,0,0,0,0,0,0,,,,
ZUESTA,2009,10,22,1,7.3,,,,,,,,938.4,,0.4,,0,0,0,0,0,0,0,,,,
ZUESTA,2009,10,22,2,7.7,,,,,,,,938.3,,0.9,,0,0,0,0,0,0,0,,,,
ZUESTA,2009,10,22,3,7.9,,,,,,,,938.5,,0.4,,0,0,0,0,0,0,0,,,,
ZUESTA,2009,10,22,4,7.4,,,,,,,,938.1,,0.6,,0,0,0,0,0,0,0,,,,
ZUESTA,2009,10,22,5,7,,,,,,,,937.9,,0.8,,0,0,0,0,0,0,0,,,,
ZUESTA,2009,10,22,6,7.4,,,,,,,,937.7,,0.5,,9,0,0,0,0,0,0,,,,
ZUESTA,2009,10,22,7,8,,,,,,,,937.9,,1.3,,39,0,0,0,0,0,0,,,,
ZUESTA,2009,10,22,8,8.6,,,,,,,,938.3,,0.3,,77,0,0,0,0,0,0,,,,
ZUESTA,2009,10,22,9,9,,,,,,,,939,,0.3,,98,122.3,77.8,0,0,0,0,,,,
ZUESTA,2009,10,22,10,9.3,,,,,,,,939.5,,1.6,,151,50.9,135.4,0,0,0,0,,,,
ZUESTA,2009,10,22,11,10.4,,,,,,,,939.7,,1.5,,214,61.7,188.2,0,0,0,0,,,,
ZUESTA,2009,10,22,12,11.3,,,,,,,,939.7,,0.5,,224,34.7,207,0,0,0,0,,,,
ZUESTA,2009,10,22,13,12,,,,,,,,939.5,,1,,239,35.6,220.4,0,0,0,0,,,,
ZUESTA,2009,10,22,14,13.1,,,,,,,,939.4,,1.7,,332,190.7,235.5,0,0,0,0,,,,
ZUESTA,2009,10,22,15,12.8,,,,,,,,939.8,,1.6,,137,6.2,134.2,0,0,0,0,,,,
ZUESTA,2009,10,22,16,11.1,,,,,,,,939.9,,1.6,,19,0.2,18.9,0,0,0,0,,,,
ZUESTA,2009,10,22,17,9.5,,,,,,,,939.9,,2.6,,0,0,0,0,0,0,0,,,,
ZUESTA,2009,10,22,18,8.6,,,,,,,,940.4,,2.4,,0,0,0,0,0,0,0,,,,
ZUESTA,2009,10,22,19,7.9,,,,,,,,940.6,,2.7,,0,0,0,0,0,0,0,,,,
ZUESTA,2009,10,22,20,8,,,,,,,,940.7,,3.2,,0,0,0,0,0,0,0,,,,
ZUESTA,2009,10,22,21,7.6,,,,,,,,940.9,,2.4,,0,0,0,0,0,0,0,,,,
ZUESTA,2009,10,22,22,7.4,,,,,,,,941.3,,2.3,,0,0,0,0,0,0,0,,,,
ZUESTA,2009,10,22,23,7.1,,,,,,,,941.4,,2.6,,0,0,0,0,0,0,0,,,,
ZUESTA,2009,10,23,0,6.9,,,,,,,,941.8,,1.8,,0,0,0,0,0,0,0,,,,
ZUESTA,2009,10,23,1,6.5,,,,,,,,942.4,,0.9,,0,0,0,0,0,0,0,,,,
ZUESTA,2009,10,23,2,6.3,,,,,,,,943,,0.5,,0,0,0,0,0,0,0,,,,
ZUESTA,2009,10,23,3,6.3,,,,,,,,943.6,,0.6,,0,0,0,0,0,0,0,,,,
ZUESTA,2009,10,23,4,6.9,,,,,,,,944.4,,0.5,,0,0,0,0,0,0,0,,,,
ZUESTA,2009,10,23,5,7.9,,,,,,,,945,,1.3,,0,0,0,0,0,0,0,,,,
ZUESTA,2009,10,23,6,8.3,,,,,,,,945.6,,1.1,,5,0,0,0,0,0,0,,,,
ZUESTA,2009,10,23,7,8.8,,,,,,,,946.3,,0.7,,20,0,0,0,0,0,0,,,,
ZUESTA,2009,10,23,8,9.1,,,,,,,,946.8,,1.3,,48,0,0,0,0,0,0,,,,
ZUESTA,2009,10,23,9,9.5,,,,,,,,947.5,,1.3,,49,6.1,48,0,0,0,0,,,,
ZUESTA,2009,10,23,10,9.5,,,,,,,,948.1,,1.5,,79,4.5,77.7,0,0,0,0,,,,
ZUESTA,2009,10,23,11,9.3,,,,,,,,948.3,,1.6,,39,0.6,38.8,0,0,0,0,,,,
ZUESTA,2009,10,23,12,9.1,,,,,,,,948.5,,2.4,,43,0.5,42.8,0,0,0,0,,,,
ZUESTA,2009,10,23,13,9.3,,,,,,,,948.9,,2,,59,0.9,58.6,0,0,0,0,,,,
ZUESTA,2009,10,23,14,9.4,,,,,,,,949.4,,1.6,,43,0.5,42.8,0,0,0,0,,,,
ZUESTA,2009,10,23,15,9.3,,,,,,,,950,,0.9,,25,0.2,24.9,0,0,0,0,,,,
ZUESTA,2009,10,23,16,9.1,,,,,,,,950.5,,1.5,,6,0,6,0,0,0,0,,,,
ZUESTA,2009,10,23,17,8.7,,,,,,,,951.1,,1.2,,0,0,0,0,0,0,0,,,,
ZUESTA,2009,10,23,18,8.6,,,,,,,,951.3,,1.2,,0,0,0,0,0,0,0,,,,
ZUESTA,2009,10,23,19,8.4,,,,,,,,951.5,,1,,0,0,0,0,0,0,0,,,,
ZUESTA,2009,10,23,20,8.4,,,,,,,,951.8,,1.1,,0,0,0,0,0,0,0,,,,
ZUESTA,2009,10,23,21,8.6,,,,,,,,952.1,,1.3,,0,0,0,0,0,0,0,,,,
ZUESTA,2009,10,23,22,8.7,,,,,,,,952.2,,0.8,,0,0,0,0,0,0,0,,,,
ZUESTA,2009,10,23,23,8.6,,,,,,,,952.3,,0.9,,0,0,0,0,0,0,0,,,,
ZUESTA,2009,10,24,0,8.6,,,,,,,,952.5,,0.8,,0,0,0,0,0,0,0,,,,
ZUESTA,2009,10,24,1,8.7,,,,,,,,952.5,,0.5,,0,0,0,0,0,0,0,,,,
ZUESTA,2009,10,24,2,8.7,,,,,,,,952.5,,0.4,,0,0,0,0,0,0,0,,,,
ZUESTA,2009,10,24,3,8.7,,,,,,,,952.9,,0.7,,0,0,0,0,0,0,0,,,,
ZUESTA,2009,10,24,4,8.3,,,,,,,,952.9,,0.5,,0,0,0,0,0,0,0,,,,
ZUESTA,2009,10,24,5,8.4,,,,,,,,953,,0.8,,0,0,0,0,0,0,0,,,,
ZUESTA,2009,10,24,6,8.4,,,,,,,,953.2,,0.9,,14,0,0,0,0,0,0,,,,
ZUESTA,2009,10,24,7,8.4,,,,,,,,953.3,,1,,69,0,0,0,0,0,0,,,,
ZUESTA,2009,10,24,8,8.8,,,,,,,,953.2,,0.7,,225,0,0,0,0,0,0,,,,
ZUESTA,2009,10,24,9,9.6,,,,,,,,953.3,,1.2,,227,1209.7,37.5,0,0,0,0,,,,
ZUESTA,2009,10,24,10,9.9,,,,,,,,953.3,,1.5,,260,551.8,95.9,0,0,0,0,,,,
ZUESTA,2009,10,24,11,10.8,,,,,,,,953,,1.1,,388,700.3,102.1,0,0,0,0,,,,
ZUESTA,2009,10,24,12,12.1,,,,,,,,952.5,,0.9,,416,533.6,159.3,0,0,0,0,,,,
ZUESTA,2009,10,24,13,12.3,,,,,,,,952.1,,1.7,,402,387.8,203.8,0,0,0,0,,,,
ZUESTA,2009,10,24,14,12.2,,,,,,,,952.1,,2.1,,255,62.8,223.9,0,0,0,0,,,,
ZUESTA,2009,10,24,15,11.3,,,,,,,,952.4,,1.3,,112,4.3,110.1,0,0,0,0,,,,
ZUESTA,2009,10,24,16,10.2,,,,,,,,952.6,,1.1,,16,0.1,16,0,0,0,0,,,,
ZUESTA,2009,10,24,17,9.1,,,,,,,,952.8,,0.7,,0,0,0,0,0,0,0,,,,
ZUESTA,2009,10,24,18,9.1,,,,,,,,953.1,,0.4,,0,0,0,0,0,0,0,,,,
ZUESTA,2009,10,24,19,9.1,,,,,,,,953.1,,0.3,,0,0,0,0,0,0,0,,,,
ZUESTA,2009,10,24,20,9.6,,,,,,,,953.3,,0.7,,0,0,0,0,0,0,0,,,,
ZUESTA,2009,10,24,21,9.5,,,,,,,,953.3,,1.3,,0,0,0,0,0,0,0,,,,
ZUESTA,2009,10,24,22,9.7,,,,,,,,952.9,,1.1,,0,0,0,0,0,0,0,,,,
ZUESTA,2009,10,24,23,9.8,,,,,,,,952.9,,0.5,,0,0,0,0,0,0,0,,,,
ZUESTA,2009,10,25,0,9.7,,,,,,,,952.8,,1.2,,0,0,0,0,0,0,0,,,,
ZUESTA,2009,10,25,1,9.7,,,,,,,,952.5,,0.7,,0,0,0,0,0,0,0,,,,
ZUESTA,2009,10,25,2,9.4,,,,,,,,952.1,,0.5,,0,0,0,0,0,0,0,,,,
ZUESTA,2009,10,25,3,8.5,,,,,,,,952,,0.5,,0,0,0,0,0,0,0,,,,
ZUESTA,2009,10,25,4,8.3,,,,,,,,952.2,,0.6,,0,0,0,0,0,0,0,,,,
ZUESTA,2009,10,25,5,8.4,,,,,,,,952.2,,0.4,,0,0,0,0,0,0,0,,,,
ZUESTA,2009,10,25,6,9.1,,,,,,,,952.4,,0.4,,10,0,0,0,0,0,0,,,,
ZUESTA,2009,10,25,7,9.6,,,,,,,,952.7,,1,,44,0,0,0,0,0,0,,,,
ZUESTA,2009,10,25,8,10.6,,,,,,,,952.8,,1.1,,143,677.6,39.8,0,0,0,0,,,,
ZUESTA,2009,10,25,9,11,,,,,,,,952.8,,1.1,,135,36.4,124.3,0,0,0,0,,,,
ZUESTA,2009,10,25,10,10.7,,,,,,,,953,,0.9,,90,3.2,88.7,0,0,0,0,,,,
ZUESTA,2009,10,25,11,11.3,,,,,,,,952.9,,0.6,,108,3.4,106.4,0,0,0,0,,,,
ZUESTA,2009,10,25,12,11.8,,,,,,,,952.7,,1,,102,2.6,100.7,0,0,0,0,,,,
ZUESTA,2009,10,25,13,12,,,,,,,,952.8,,1.4,,44,0.5,43.7,0,0,0,0,,,,
ZUESTA,2009,10,25,14,12.2,,,,,,,,952.9,,1.1,,51,0.9,50.6,0,0,0,0,,,,
ZUESTA,2009,10,25,15,12.3,,,,,,,,953.1,,0.7,,27,0.4,26.9,0,0,0,0,,,,
ZUESTA,2009,10,25,16,12.1,,,,,,,,953.3,,0.6,,1,0,1,0,0,0,0,,,,
ZUESTA,2009,10,25,17,12,,,,,,,,953.7,,0.4,,0,0,0,0,0,0,0,,,,
ZUESTA,2009,10,25,18,11.9,,,,,,,,953.8,,0.2,,0,0,0,0,0,0,0,,,,
ZUESTA,2009,10,25,19,11.8,,,,,,,,953.8,,0.1,,0,0,0,0,0,0,0,,,,
ZUESTA,2009,10,25,20,11.7,,,,,,,,954,,0.2,,0,0,0,0,0,0,0,,,,
ZUESTA,2009,10,25,21,11.7,,,,,,,,954.2,,0.4,,0,0,0,0,0,0,0,,,,
ZUESTA,2009,10,25,22,11.5,,,,,,,,954,,0.1,,0,0,0,0,0,0,0,,,,
ZUESTA,2009,10,25,23,11.2,,,,,,,,954.1,,0.5,,0,0,0,0,0,0,0,,,,
ZUESTA,2009,10,26,0,11.1,,,,,,,,954,,0.6,,0,0,0,0,0,0,0,,,,
ZUESTA,2009,10,26,1,10.8,,,,,,,,953.8,,0.6,,0,0,0,0,0,0,0,,,,
ZUESTA,2009,10,26,2,10.8,,,,,,,,953.8,,0.5,,0,0,0,0,0,0,0,,,,
ZUESTA,2009,10,26,3,10.6,,,,,,,,953.8,,0,,0,0,0,0,0,0,0,,,,
ZUESTA,2009,10,26,4,10.5,,,,,,,,954.1,,0.2,,0,0,0,0,0,0,0,,,,
ZUESTA,2009,10,26,5,10.5,,,,,,,,954.2,,0.1,,0,0,0,0,0,0,0,,,,
ZUESTA,2009,10,26,6,10.7,,,,,,,,954.6,,0.9,,5,0,0,0,0,0,0,,,,
ZUESTA,2009,10,26,7,10.8,,,,,,,,955.1,,0.8,,30,0,0,0,0,0,0,,,,
ZUESTA,2009,10,26,8,11,,,,,,,,955.5,,0.7,,64,26.3,60.1,0,0,0,0,,,,
ZUESTA,2009,10,26,9,11,,,,,,,,956,,1.2,,58,2.6,57.2,0,0,0,0,,,,
ZUESTA,2009,10,26,10,11.2,,,,,,,,956.3,,1.5,,104,4.4,102.2,0,0,0,0,,,,
ZUESTA,2009,10,26,11,11.4,,,,,,,,955.9,,1.7,,106,3.3,104.4,0,0,0,0,,,,
ZUESTA,2009,10,26,12,11.5,,,,,,,,955.8,,1.6,,95,2.3,93.8,0,0,0,0,,,,
ZUESTA,2009,10,26,13,11.7,,,,,,,,955.9,,1.3,,94,2.4,92.8,0,0,0,0,,,,
ZUESTA,2009,10,26,14,11.9,,,,,,,,956,,2.2,,173,19.2,164.8,0,0,0,0,,,,
ZUESTA,2009,10,26,15,11.6,,,,,,,,956.3,,1.4,,53,1.7,52.4,0,0,0,0,,,,
ZUESTA,2009,10,26,16,10.9,,,,,,,,956.8,,0.7,,6,0.1,6,0,0,0,0,,,,
ZUESTA,2009,10,26,17,10.3,,,,,,,,957.3,,0.4,,0,0,0,0,0,0,0,,,,
ZUESTA,2009,10,26,18,9.8,,,,,,,,957.6,,0.4,,0,0,0,0,0,0,0,,,,
ZUESTA,2009,10,26,19,9.6,,,,,,,,957.7,,0.2,,0,0,0,0,0,0,0,,,,
ZUESTA,2009,10,26,20,9.4,,,,,,,,958.1,,0.9,,0,0,0,0,0,0,0,,,,
ZUESTA,2009,10,26,21,8.6,,,,,,,,958.3,,1,,0,0,0,0,0,0,0,,,,
ZUESTA,2009,10,26,22,8.2,,,,,,,,958.1,,0.4,,0,0,0,0,0,0,0,,,,
ZUESTA,2009,10,26,23,8,,,,,,,,958.1,,1.2,,0,0,0,0,0,0,0,,,,
ZUESTA,2009,10,27,0,7.4,,,,,,,,957.9,,1.6,,0,0,0,0,0,0,0,,,,
ZUESTA,2009,10,27,1,6.4,,,,,,,,957.7,,1.4,,0,0,0,0,0,0,0,,,,
ZUESTA,2009,10,27,2,6.5,,,,,,,,957.4,,0.7,,0,0,0,0,0,0,0,,,,
ZUESTA,2009,10,27,3,5.7,,,,,,,,957.2,,1.1,,0,0,0,0,0,0,0,,,,
ZUESTA,2009,10,27,4,5.5,,,,,,,,957.3,,1.7,,0,0,0,0,0,0,0,,,,
ZUESTA,2009,10,27,5,5.4,,,,,,,,957.2,,0.9,,0,0,0,0,0,0,0,,,,
ZUESTA,2009,10,27,6,5.2,,,,,,,,957.3,,1,,13,0,0,0,0,0,0,,,,
ZUESTA,2009,10,27,7,6.2,,,,,,,,957.6,,1.1,,133,0,0,0,0,0,0,,,,
ZUESTA,2009,10,27,8,7.7,,,,,,,,957.8,,0.5,,257,1494.6,42.4,0,0,0,0,,,,
ZUESTA,2009,10,27,9,9.5,,,,,,,,957.9,,1.4,,398,1172.1,65.7,0,0,0,0,,,,
ZUESTA,2009,10,27,10,10.8,,,,,,,,957.6,,1.9,,465,986.3,76.7,0,0,0,0,,,,
ZUESTA,2009,10,27,11,11.9,,,,,,,,957,,1.8,,501,895.4,83.7,0,0,0,0,,,,
ZUESTA,2009,10,27,12,13.4,,,,,,,,956.5,,2.3,,449,612.7,145.4,0,0,0,0,,,,
ZUESTA,2009,10,27,13,13.6,,,,,,,,956.2,,2.7,,365,340.5,201.5,0,0,0,0,,,,
ZUESTA,2009,10,27,14,13.2,,,,,,,,956.1,,2.1,,215,60.3,189.6,0,0,0,0,,,,
ZUESTA,2009,10,27,15,12.6,,,,,,,,956.1,,1.8,,123,14.2,118.4,0,0,0,0,,,,
ZUESTA,2009,10,27,16,10.7,,,,,,,,956.6,,2,,21,0.8,20.8,0,0,0,0,,,,
ZUESTA,2009,10,27,17,8.9,,,,,,,,956.8,,2.2,,0,0,0,0,0,0,0,,,,
ZUESTA,2009,10,27,18,8.4,,,,,,,,956.8,,1.8,,0,0,0,0,0,0,0,,,,
ZUESTA,2009,10,27,19,7.8,,,,,,,,956.6,,0.9,,0,0,0,0,0,0,0,,,,
ZUESTA,2009,10,27,20,7.6,,,,,,,,956.7,,0.5,,0,0,0,0,0,0,0,,,,
ZUESTA,2009,10,27,21,7.2,,,,,,,,956.8,,0.6,,0,0,0,0,0,0,0,,,,
ZUESTA,2009,10,27,22,6.9,,,,,,,,956.7,,0.5,,0,0,0,0,0,0,0,,,,
ZUESTA,2009,10,27,23,6.5,,,,,,,,956.5,,0.2,,0,0,0,0,0,0,0,,,,
ZUESTA,2009,10,28,0,6.4,,,,,,,,956.4,,0.6,,0,0,0,0,0,0,0,,,,
ZUESTA,2009,10,28,1,5.9,,,,,,,,956.4,,0.4,,0,0,0,0,0,0,0,,,,
ZUESTA,2009,10,28,2,5.9,,,,,,,,956.4,,0.2,,0,0,0,0,0,0,0,,,,
ZUESTA,2009,10,28,3,6.2,,,,,,,,956.3,,0.7,,0,0,0,0,0,0,0,,,,
ZUESTA,2009,10,28,4,6.2,,,,,,,,956.3,,0.8,,0,0,0,0,0,0,0,,,,
ZUESTA,2009,10,28,5,6.5,,,,,,,,956.3,,0.7,,0,0,0,0,0,0,0,,,,
ZUESTA,2009,10,28,6,6.1,,,,,,,,956.5,,0.3,,12,0,0,0,0,0,0,,,,
ZUESTA,2009,10,28,7,6.1,,,,,,,,956.9,,0.2,,61,0,0,0,0,0,0,,,,
ZUESTA,2009,10,28,8,6.6,,,,,,,,956.8,,0.5,,128,637.8,39.2,0,0,0,0,,,,
ZUESTA,2009,10,28,9,8.3,,,,,,,,956.7,,0.7,,351,1050.7,57.9,0,0,0,0,,,,
ZUESTA,2009,10,28,10,10.2,,,,,,,,956.6,,1.1,,414,883.2,70.5,0,0,0,0,,,,
ZUESTA,2009,10,28,11,11.5,,,,,,,,956.1,,1.1,,383,465.8,168.3,0,0,0,0,,,,
ZUESTA,2009,10,28,12,12.2,,,,,,,,955.7,,1,,340,237.4,223.6,0,0,0,0,,,,
ZUESTA,2009,10,28,13,12.9,,,,,,,,955.4,,0.8,,308,179.8,222.6,0,0,0,0,,,,
ZUESTA,2009,10,28,14,13.9,,,,,,,,955.3,,1.1,,220,71.4,190.3,0,0,0,0,,,,
ZUESTA,2009,10,28,15,13.3,,,,,,,,955.1,,1.4,,96,6,94.1,0,0,0,0,,,,
ZUESTA,2009,10,28,16,11.2,,,,,,,,955.1,,0.8,,11,0.2,11,0,0,0,0,,,,
ZUESTA,2009,10,28,17,9.5,,,,,,,,955.2,,0.3,,0,0,0,0,0,0,0,,,,
ZUESTA,2009,10,28,18,9.3,,,,,,,,954.9,,0.6,,0,0,0,0,0,0,0,,,,
ZUESTA,2009,10,28,19,8.2,,,,,,,,954.9,,0.9,,0,0,0,0,0,0,0,,,,
ZUESTA,2009,10,28,20,8.7,,,,,,,,954.9,,0.7,,0,0,0,0,0,0,0,,,,
ZUESTA,2009,10,28,21,8.9,,,,,,,,954.9,,0.4,,0,0,0,0,0,0,0,,,,
ZUESTA,2009,10,28,22,7.7,,,,,,,,955,,0.4,,0,0,0,0,0,0,0,,,,
ZUESTA,2009,10,28,23,7.2,,,,,,,,955,,0.2,,0,0,0,0,0,0,0,,,,
ZUESTA,2009,10,29,0,7.2,,,,,,,,955,,0.3,,0,0,0,0,0,0,0,,,,
ZUESTA,2009,10,29,1,7.5,,,,,,,,954.8,,0.3,,0,0,0,0,0,0,0,,,,
ZUESTA,2009,10,29,2,7.1,,,,,,,,954.7,,0.4,,0,0,0,0,0,0,0,,,,
ZUESTA,2009,10,29,3,6.8,,,,,,,,954.6,,0.3,,0,0,0,0,0,0,0,,,,
ZUESTA,2009,10,29,4,6.5,,,,,,,,954.6,,0.3,,0,0,0,0,0,0,0,,,,
ZUESTA,2009,10,29,5,6.1,,,,,,,,954.8,,0.2,,0,0,0,0,0,0,0,,,,
ZUESTA,2009,10,29,6,6,,,,,,,,955.1,,0.2,,8,0,0,0,0,0,0,,,,
ZUESTA,2009,10,29,7,6.2,,,,,,,,955.6,,0.3,,116,0,0,0,0,0,0,,,,
ZUESTA,2009,10,29,8,7.4,,,,,,,,955.7,,0.5,,266,1646.5,43.9,0,0,0,0,,,,
ZUESTA,2009,10,29,9,9.1,,,,,,,,955.9,,0.6,,329,1001.4,54.3,0,0,0,0,,,,
ZUESTA,2009,10,29,10,10.9,,,,,,,,955.9,,0.8,,457,993.6,75.4,0,0,0,0,,,,
ZUESTA,2009,10,29,11,13.1,,,,,,,,955.7,,0.7,,493,901.3,81.9,0,0,0,0,,,,
ZUESTA,2009,10,29,12,14,,,,,,,,955.3,,1.2,,461,695.9,123.2,0,0,0,0,,,,
ZUESTA,2009,10,29,13,14.1,,,,,,,,955.3,,1.8,,379,420.3,181.5,0,0,0,0,,,,
ZUESTA,2009,10,29,14,14.2,,,,,,,,955.5,,1.6,,268,184.2,192.3,0,0,0,0,,,,
ZUESTA,2009,10,29,15,13.9,,,,,,,,955.6,,0.9,,116,12.5,112.1,0,0,0,0,,,,
ZUESTA,2009,10,29,16,11.3,,,,,,,,955.9,,1.8,,10,0.2,10,0,0,0,0,,,,
ZUESTA,2009,10,29,17,9.6,,,,,,,,956.2,,2.7,,0,0,0,0,0,0,0,,,,
ZUESTA,2009,10,29,18,8.6,,,,,,,,956.4,,1.6,,0,0,0,0,0,0,0,,,,
ZUESTA,2009,10,29,19,8.7,,,,,,,,956.8,,2.6,,0,0,0,0,0,0,0,,,,
ZUESTA,2009,10,29,20,8.3,,,,,,,,957.2,,2.9,,0,0,0,0,0,0,0,,,,
ZUESTA,2009,10,29,21,8.1,,,,,,,,957.5,,3.2,,0,0,0,0,0,0,0,,,,
ZUESTA,2009,10,29,22,7.4,,,,,,,,957.9,,1,,0,0,0,0,0,0,0,,,,
ZUESTA,2009,10,29,23,6.7,,,,,,,,958.4,,0.7,,0,0,0,0,0,0,0,,,,
ZUESTA,2009,10,30,0,6.4,,,,,,,,957.9,,2.7,,0,0,0,0,0,0,0,,,,
ZUESTA,2009,10,30,1,6.6,,,,,,,,957.7,,4.8,,0,0,0,0,0,0,0,,,,
ZUESTA,2009,10,30,2,6.9,,,,,,,,957.7,,4.1,,0,0,0,0,0,0,0,,,,
ZUESTA,2009,10,30,3,6.9,,,,,,,,957.8,,2.6,,0,0,0,0,0,0,0,,,,
ZUESTA,2009,10,30,4,6.8,,,,,,,,958.1,,1.8,,0,0,0,0,0,0,0,,,,
ZUESTA,2009,10,30,5,6.8,,,,,,,,958.3,,1.6,,0,0,0,0,0,0,0,,,,
ZUESTA,2009,10,30,6,6.9,,,,,,,,958.7,,1.3,,1,0,0,0,0,0,0,,,,
ZUESTA,2009,10,30,7,7.1,,,,,,,,959.2,,1,,14,0,0,0,0,0,0,,,,
ZUESTA,2009,10,30,8,7.4,,,,,,,,959.2,,1.2,,47,10.8,45.6,0,0,0,0,,,,
ZUESTA,2009,10,30,9,7.5,,,,,,,,959.4,,1.5,,46,1.9,45.5,0,0,0,0,,,,
ZUESTA,2009,10,30,10,7.5,,,,,,,,959.4,,1.8,,58,1.5,57.4,0,0,0,0,,,,
ZUESTA,2009,10,30,11,7.8,,,,,,,,959,,2.1,,70,1.6,69.3,0,0,0,0,,,,
ZUESTA,2009,10,30,12,8.1,,,,,,,,958.9,,1.7,,65,1.2,64.4,0,0,0,0,,,,
ZUESTA,2009,10,30,13,8.3,,,,,,,,958.7,,1.8,,80,1.9,79.1,0,0,0,0,,,,
ZUESTA,2009,10,30,14,8.4,,,,,,,,958.8,,1.7,,42,0.7,41.7,0,0,0,0,,,,
ZUESTA,2009,10,30,15,8.4,,,,,,,,958.7,,1.5,,24,0.4,23.9,0,0,0,0,,,,
ZUESTA,2009,10,30,16,8.2,,,,,,,,958.7,,0.7,,3,0,3,0,0,0,0,,,,
ZUESTA,2009,10,30,17,7.8,,,,,,,,958.8,,0.4,,0,0,0,0,0,0,0,,,,
ZUESTA,2009,10,30,18,7.8,,,,,,,,959.1,,0.3,,0,0,0,0,0,0,0,,,,
ZUESTA,2009,10,30,19,7.9,,,,,,,,959.3,,0.5,,0,0,0,0,0,0,0,,,,
ZUESTA,2009,10,30,20,8.1,,,,,,,,959.4,,0.9,,0,0,0,0,0,0,0,,,,
ZUESTA,2009,10,30,21,8,,,,,,,,959.3,,1,,0,0,0,0,0,0,0,,,,
ZUESTA,2009,10,30,22,8,,,,,,,,959.2,,0.7,,0,0,0,0,0,0,0,,,,
ZUESTA,2009,10,30,23,8,,,,,,,,959.1,,0.7,,0,0,0,0,0,0,0,,,,
ZUESTA,2009,10,31,0,7.9,,,,,,,,959.1,,0.6,,0,0,0,0,0,0,0,,,,
ZUESTA,2009,10,31,1,7.8,,,,,,,,959.2,,0.5,,0,0,0,0,0,0,0,,,,
ZUESTA,2009,10,31,2,7.7,,,,,,,,958.9,,0.9,,0,0,0,0,0,0,0,,,,
ZUESTA,2009,10,31,3,7.6,,,,,,,,958.9,,1.5,,0,0,0,0,0,0,0,,,,
ZUESTA,2009,10,31,4,7.2,,,,,,,,959.2,,1.6,,0,0,0,0,0,0,0,,,,
ZUESTA,2009,10,31,5,7,,,,,,,,959.5,,1.2,,0,0,0,0,0,0,0,,,,
ZUESTA,2009,10,31,6,7,,,,,,,,959.7,,1.4,,7,0,0,0,0,0,0,,,,
ZUESTA,2009,10,31,7,7.2,,,,,,,,960.3,,1.4,,35,0,0,0,0,0,0,,,,
ZUESTA,2009,10,31,8,7.4,,,,,,,,960.5,,1.5,,96,338.4,53.3,0,0,0,0,,,,
ZUESTA,2009,10,31,9,7.7,,,,,,,,960.5,,1.6,,179,211.7,122.9,0,0,0,0,,,,
ZUESTA,2009,10,31,10,8.3,,,,,,,,960.5,,1,,246,188.9,175.3,0,0,0,0,,,,
ZUESTA,2009,10,31,11,9.3,,,,,,,,960.1,,0.6,,380,503.4,155.3,0,0,0,0,,,,
ZUESTA,2009,10,31,12,10.7,,,,,,,,959.6,,1.1,,439,643.8,132.9,0,0,0,0,,,,
ZUESTA,2009,10,31,13,10.9,,,,,,,,959.3,,0.9,,263,102.3,216,0,0,0,0,,,,
ZUESTA,2009,10,31,14,10.8,,,,,,,,959,,0.9,,116,5.4,113.8,0,0,0,0,,,,
ZUESTA,2009,10,31,15,10.7,,,,,,,,959.1,,0.8,,86,5.3,84.4,0,0,0,0,,,,
ZUESTA,2009,10,31,16,9.9,,,,,,,,959.5,,0.7,,9,0.2,9,0,0,0,0,,,,
ZUESTA,2009,10,31,17,9.2,,,,,,,,959.9,,0.8,,0,0,0,0,0,0,0,,,,
ZUESTA,2009,10,31,18,8.5,,,,,,,,959.8,,0.8,,0,0,0,0,0,0,0,,,,
ZUESTA,2009,10,31,19,7.6,,,,,,,,959.7,,0.4,,0,0,0,0,0,0,0,,,,
ZUESTA,2009,10,31,20,7.6,,,,,,,,959.8,,0.7,,0,0,0,0,0,0,0,,,,
ZUESTA,2009,10,31,21,7.1,,,,,,,,959.7,,0.3,,0,0,0,0,0,0,0,,,,
ZUESTA,2009,10,31,22,6.8,,,,,,,,959.3,,0.4,,0,0,0,0,0,0,0,,,,
ZUESTA,2009,10,31,23,7,,,,,,,,959,,0.5,,0,0,0,0,0,0,0,,,,
ZUESTA,2009,11,1,0,6.7,,,,,,,,958.8,,0.4,,0,0,0,0,0,0,0,,,,
ZUESTA,2009,11,1,1,6.1,,,,,,,,958.5,,0.3,,0,0,0,0,0,0,0,,,,
ZUESTA,2009,11,1,2,5.8,,,,,,,,958.2,,0.3,,0,0,0,0,0,0,0,,,,
ZUESTA,2009,11,1,3,5.9,,,,,,,,957.9,,0.6,,0,0,0,0,0,0,0,,,,
ZUESTA,2009,11,1,4,6.2,,,,,,,,957.5,,0.9,,0,0,0,0,0,0,0,,,,
ZUESTA,2009,11,1,5,6.1,,,,,,,,957.1,,0.5,,0,0,0,0,0,0,0,,,,
ZUESTA,2009,11,1,6,5.7,,,,,,,,956.8,,0.6,,6,0,0,0,0,0,0,,,,
ZUESTA,2009,11,1,7,5.4,,,,,,,,956.6,,0.4,,71,0,0,0,0,0,0,,,,
ZUESTA,2009,11,1,8,6.2,,,,,,,,956.2,,0.4,,198,1355.2,32.7,0,0,0,0,,,,
ZUESTA,2009,11,1,9,7.9,,,,,,,,955.6,,0.7,,371,1188.5,61.2,0,0,0,0,,,,
ZUESTA,2009,11,1,10,9.9,,,,,,,,954.6,,1.1,,448,1011.5,73.9,0,0,0,0,,,,
ZUESTA,2009,11,1,11,11.6,,,,,,,,953.4,,1.1,,482,911.9,79.5,0,0,0,0,,,,
ZUESTA,2009,11,1,12,13.1,,,,,,,,952,,1.1,,434,641.3,132.3,0,0,0,0,,,,
ZUESTA,2009,11,1,13,13.4,,,,,,,,950.7,,1.3,,329,278.9,202.1,0,0,0,0,,,,
ZUESTA,2009,11,1,14,13.1,,,,,,,,950.1,,0.7,,161,19,153.5,0,0,0,0,,,,
ZUESTA,2009,11,1,15,12.2,,,,,,,,949.2,,0.9,,62,2.8,61.2,0,0,0,0,,,,
ZUESTA,2009,11,1,16,10.5,,,,,,,,948.7,,0.7,,5,0.1,5,0,0,0,0,,,,
ZUESTA,2009,11,1,17,10.2,,,,,,,,947.9,,1,,0,0,0,0,0,0,0,,,,
ZUESTA,2009,11,1,18,10,,,,,,,,947.3,,0.4,,0,0,0,0,0,0,0,,,,
ZUESTA,2009,11,1,19,9.9,,,,,,,,946.5,,0.4,,0,0,0,0,0,0,0,,,,
ZUESTA,2009,11,1,20,9.7,,,,,,,,945.8,,1,,0,0,0,0,0,0,0,,,,
ZUESTA,2009,11,1,21,9.6,,,,,,,,944.9,,0.5,,0,0,0,0,0,0,0,,,,
ZUESTA,2009,11,1,22,9.8,,,,,,,,944,,0.8,,0,0,0,0,0,0,0,,,,
ZUESTA,2009,11,1,23,9.8,,,,,,,,943,,0.3,,0,0,0,0,0,0,0,,,,
ZUESTA,2009,11,2,0,9.3,,,,,,,,942.6,,0.3,,0,0,0,0,0,0,0,,,,
ZUESTA,2009,11,2,1,10.4,,,,,,,,942.8,,3.2,,0,0,0,0,0,0,0,,,,
ZUESTA,2009,11,2,2,10.7,,,,,,,,943,,2.4,,0,0,0,0,0,0,0,,,,
ZUESTA,2009,11,2,3,11.2,,,,,,,,942.8,,5.9,,0,0,0,0,0,0,0,,,,
ZUESTA,2009,11,2,4,10.5,,,,,,,,942.9,,2.6,,0,0,0,0,0,0,0,,,,
ZUESTA,2009,11,2,5,10.1,,,,,,,,942.3,,2,,0,0,0,0,0,0,0,,,,
ZUESTA,2009,11,2,6,10.1,,,,,,,,941.6,,1.5,,1,0,0,0,0,0,0,,,,
ZUESTA,2009,11,2,7,10.1,,,,,,,,941.3,,2.2,,12,0,0,0,0,0,0,,,,
ZUESTA,2009,11,2,8,10,,,,,,,,941.1,,3.6,,15,1.1,14.9,0,0,0,0,,,,
ZUESTA,2009,11,2,9,10.1,,,,,,,,940.8,,2.4,,36,1.3,35.7,0,0,0,0,,,,
ZUESTA,2009,11,2,10,9.6,,,,,,,,940.5,,4.1,,25,0.3,24.9,0,0,0,0,,,,
ZUESTA,2009,11,2,11,8.5,,,,,,,,940.5,,3.1,,40,0.5,39.8,0,0,0,0,,,,
ZUESTA,2009,11,2,12,8.7,,,,,,,,940.1,,3.3,,59,1,58.5,0,0,0,0,,,,
ZUESTA,2009,11,2,13,8.1,,,,,,,,939.9,,3.9,,30,0.3,29.9,0,0,0,0,,,,
ZUESTA,2009,11,2,14,6.8,,,,,,,,940.9,,4,,12,0.1,12,0,0,0,0,,,,
ZUESTA,2009,11,2,15,6.5,,,,,,,,941.6,,5,,7,0,7,0,0,0,0,,,,
ZUESTA,2009,11,2,16,5.8,,,,,,,,942.2,,5.6,,0,0,0,0,0,0,0,,,,
ZUESTA,2009,11,2,17,5.4,,,,,,,,942.7,,4.7,,0,0,0,0,0,0,0,,,,
ZUESTA,2009,11,2,18,5.5,,,,,,,,942.6,,5,,0,0,0,0,0,0,0,,,,
ZUESTA,2009,11,2,19,5.5,,,,,,,,942.5,,3.9,,0,0,0,0,0,0,0,,,,
ZUESTA,2009,11,2,20,5.5,,,,,,,,942.5,,3.2,,0,0,0,0,0,0,0,,,,
ZUESTA,2009,11,2,21,5.6,,,,,,,,942,,3.1,,0,0,0,0,0,0,0,,,,
ZUESTA,2009,11,2,22,5.6,,,,,,,,941.2,,3.7,,0,0,0,0,0,0,0,,,,
ZUESTA,2009,11,2,23,5.2,,,,,,,,940.3,,4.1,,0,0,0,0,0,0,0,,,,
ZUESTA,2009,11,3,0,5.1,,,,,,,,939.6,,4,,0,0,0,0,0,0,0,,,,
ZUESTA,2009,11,3,1,4.7,,,,,,,,939,,2.4,,0,0,0,0,0,0,0,,,,
ZUESTA,2009,11,3,2,4.8,,,,,,,,938.5,,2.5,,0,0,0,0,0,0,0,,,,
ZUESTA,2009,11,3,3,4.5,,,,,,,,938.4,,1,,0,0,0,0,0,0,0,,,,
ZUESTA,2009,11,3,4,4.9,,,,,,,,938.4,,1.8,,0,0,0,0,0,0,0,,,,
ZUESTA,2009,11,3,5,5,,,,,,,,938.4,,2,,0,0,0,0,0,0,0,,,,
ZUESTA,2009,11,3,6,4.9,,,,,,,,938.5,,1,,4,0,0,0,0,0,0,,,,
ZUESTA,2009,11,3,7,4.8,,,,,,,,938.5,,0.7,,59,0,0,0,0,0,0,,,,
ZUESTA,2009,11,3,8,6.1,,,,,,,,938.6,,1.9,,184,1353.7,30.4,0,0,0,0,,,,
ZUESTA,2009,11,3,9,6.6,,,,,,,,938.6,,1.6,,200,396.5,100.2,0,0,0,0,,,,
ZUESTA,2009,11,3,10,7.6,,,,,,,,938.6,,2.6,,225,150.9,170.6,0,0,0,0,,,,
ZUESTA,2009,11,3,11,8,,,,,,,,938.1,,2.5,,295,221.4,199.4,0,0,0,0,,,,
ZUESTA,2009,11,3,12,8.6,,,,,,,,937.4,,2.5,,404,550.5,150.3,0,0,0,0,,,,
ZUESTA,2009,11,3,13,8.8,,,,,,,,936.8,,2,,209,39,191.6,0,0,0,0,,,,
ZUESTA,2009,11,3,14,8.8,,,,,,,,936.4,,2.7,,114,5.6,111.8,0,0,0,0,,,,
ZUESTA,2009,11,3,15,8.5,,,,,,,,936,,2.4,,47,1.7,46.5,0,0,0,0,,,,
ZUESTA,2009,11,3,16,7.7,,,,,,,,936,,2.5,,2,0,2,0,0,0,0,,,,
ZUESTA,2009,11,3,17,7,,,,,,,,935.8,,2.1,,0,0,0,0,0,0,0,,,,
ZUESTA,2009,11,3,18,6.8,,,,,,,,935.5,,2.2,,0,0,0,0,0,0,0,,,,
ZUESTA,2009,11,3,19,6.5,,,,,,,,934.9,,2.4,,0,0,0,0,0,0,0,,,,
ZUESTA,2009,11,3,20,7.2,,,,,,,,934.4,,3.6,,0,0,0,0,0,0,0,,,,
ZUESTA,2009,11,3,21,8.6,,,,,,,,933.7,,5.3,,0,0,0,0,0,0,0,,,,
ZUESTA,2009,11,3,22,8.6,,,,,,,,932.7,,2.8,,0,0,0,0,0,0,0,,,,
ZUESTA,2009,11,3,23,8.1,,,,,,,,932.1,,1.9,,0,0,0,0,0,0,0,,,,
ZUESTA,2009,11,4,0,7.8,,,,,,,,931.2,,0.9,,0,0,0,0,0,0,0,,,,
ZUESTA,2009,11,4,1,7.5,,,,,,,,929.5,,2.2,,0,0,0,0,0,0,0,,,,
ZUESTA,2009,11,4,2,7.2,,,,,,,,928.2,,1.8,,0,0,0,0,0,0,0,,,,
ZUESTA,2009,11,4,3,7.3,,,,,,,,927.4,,1.6,,0,0,0,0,0,0,0,,,,
ZUESTA,2009,11,4,4,8.5,,,,,,,,927.2,,5.2,,0,0,0,0,0,0,0,,,,
ZUESTA,2009,11,4,5,8.7,,,,,,,,927.7,,6.9,,0,0,0,0,0,0,0,,,,
ZUESTA,2009,11,4,6,8.6,,,,,,,,929.1,,6.4,,1,0,0,0,0,0,0,,,,
ZUESTA,2009,11,4,7,8.6,,,,,,,,930.5,,6.7,,28,0,0,0,0,0,0,,,,
ZUESTA,2009,11,4,8,7.9,,,,,,,,931,,4.4,,71,179.2,51.4,0,0,0,0,,,,
ZUESTA,2009,11,4,9,8.1,,,,,,,,931.6,,6.7,,84,8.5,81.9,0,0,0,0,,,,
ZUESTA,2009,11,4,10,7.7,,,,,,,,931.9,,7,,183,61.3,161.2,0,0,0,0,,,,
ZUESTA,2009,11,4,11,9.4,,,,,,,,931.8,,9.4,,340,398.2,169.9,0,0,0,0,,,,
ZUESTA,2009,11,4,12,10.5,,,,,,,,931.9,,8,,399,546.5,149.8,0,0,0,0,,,,
ZUESTA,2009,11,4,13,11,,,,,,,,931.9,,6.9,,400,610.9,130.8,0,0,0,0,,,,
ZUESTA,2009,11,4,14,10.4,,,,,,,,932,,7.2,,244,166.7,180.3,0,0,0,0,,,,
ZUESTA,2009,11,4,15,9.4,,,,,,,,932.3,,5.5,,90,6.7,88.1,0,0,0,0,,,,
ZUESTA,2009,11,4,16,8.6,,,,,,,,932.6,,4.5,,3,0,3,0,0,0,0,,,,
ZUESTA,2009,11,4,17,8.1,,,,,,,,933.1,,4.9,,0,0,0,0,0,0,0,,,,
ZUESTA,2009,11,4,18,7.6,,,,,,,,933.4,,4,,0,0,0,0,0,0,0,,,,
ZUESTA,2009,11,4,19,7.4,,,,,,,,933.8,,4.6,,0,0,0,0,0,0,0,,,,
ZUESTA,2009,11,4,20,6.9,,,,,,,,934.1,,5.1,,0,0,0,0,0,0,0,,,,
ZUESTA,2009,11,4,21,5.4,,,,,,,,934.5,,4.2,,0,0,0,0,0,0,0,,,,
ZUESTA,2009,11,4,22,6.1,,,,,,,,934.5,,5.1,,0,0,0,0,0,0,0,,,,
ZUESTA,2009,11,4,23,5.9,,,,,,,,934.6,,3.9,,0,0,0,0,0,0,0,,,,
ZUESTA,2009,11,5,0,4.7,,,,,,,,935.2,,3,,0,0,0,0,0,0,0,,,,
ZUESTA,2009,11,5,1,4.7,,,,,,,,935.1,,3.1,,0,0,0,0,0,0,0,,,,
ZUESTA,2009,11,5,2,4.9,,,,,,,,935.1,,3.3,,0,0,0,0,0,0,0,,,,
ZUESTA,2009,11,5,3,5.1,,,,,,,,935.3,,3.1,,0,0,0,0,0,0,0,,,,
ZUESTA,2009,11,5,4,4.9,,,,,,,,935.4,,2.1,,0,0,0,0,0,0,0,,,,
ZUESTA,2009,11,5,5,5.1,,,,,,,,935.5,,3.4,,0,0,0,0,0,0,0,,,,
ZUESTA,2009,11,5,6,5.2,,,,,,,,935.9,,4.2,,3,0,0,0,0,0,0,,,,
ZUESTA,2009,11,5,7,5.4,,,,,,,,936.6,,3.6,,43,0,0,0,0,0,0,,,,
ZUESTA,2009,11,5,8,6.3,,,,,,,,937.1,,2.5,,171,1358.8,28.2,0,0,0,0,,,,
ZUESTA,2009,11,5,9,7.6,,,,,,,,937.2,,3.2,,370,1273,61.1,0,0,0,0,,,,
ZUESTA,2009,11,5,10,8.6,,,,,,,,937.4,,3.5,,372,874.5,64.9,0,0,0,0,,,,
ZUESTA,2009,11,5,11,9.1,,,,,,,,937.3,,3.2,,369,543.2,139.5,0,0,0,0,,,,
ZUESTA,2009,11,5,12,10.2,,,,,,,,937.1,,2.4,,446,763,101.7,0,0,0,0,,,,
ZUESTA,2009,11,5,13,10,,,,,,,,937,,2.7,,274,155,206.4,0,0,0,0,,,,
ZUESTA,2009,11,5,14,10.1,,,,,,,,936.9,,2.4,,209,87.3,176,0,0,0,0,,,,
ZUESTA,2009,11,5,15,9.3,,,,,,,,937.1,,1.6,,60,3,59.2,0,0,0,0,,,,
ZUESTA,2009,11,5,16,7.5,,,,,,,,937.8,,0.4,,2,0,2,0,0,0,0,,,,
ZUESTA,2009,11,5,17,6.9,,,,,,,,938.6,,0.4,,0,0,0,0,0,0,0,,,,
ZUESTA,2009,11,5,18,7.4,,,,,,,,939.3,,0.9,,0,0,0,0,0,0,0,,,,
ZUESTA,2009,11,5,19,7.8,,,,,,,,939.7,,1.5,,0,0,0,0,0,0,0,,,,
ZUESTA,2009,11,5,20,7.5,,,,,,,,940.1,,2.8,,0,0,0,0,0,0,0,,,,
ZUESTA,2009,11,5,21,6.9,,,,,,,,940.6,,2.8,,0,0,0,0,0,0,0,,,,
ZUESTA,2009,11,5,22,6.5,,,,,,,,941.1,,3.7,,0,0,0,0,0,0,0,,,,
ZUESTA,2009,11,5,23,6.5,,,,,,,,941.4,,2.4,,0,0,0,0,0,0,0,,,,
ZUESTA,2009,11,6,0,6.5,,,,,,,,941.8,,1.4,,0,0,0,0,0,0,0,,,,
ZUESTA,2009,11,6,1,6,,,,,,,,941.9,,1.5,,0,0,0,0,0,0,0,,,,
ZUESTA,2009,11,6,2,5.2,,,,,,,,942,,1.9,,0,0,0,0,0,0,0,,,,
ZUESTA,2009,11,6,3,5.4,,,,,,,,942.1,,1.3,,0,0,0,0,0,0,0,,,,
ZUESTA,2009,11,6,4,5.3,,,,,,,,942.5,,0.9,,0,0,0,0,0,0,0,,,,
ZUESTA,2009,11,6,5,4.9,,,,,,,,942.9,,0.5,,0,0,0,0,0,0,0,,,,
ZUESTA,2009,11,6,6,5.3,,,,,,,,943.4,,0.5,,3,0,0,0,0,0,0,,,,
ZUESTA,2009,11,6,7,5.4,,,,,,,,944,,0.6,,40,0,0,0,0,0,0,,,,
ZUESTA,2009,11,6,8,6.4,,,,,,,,944.4,,1.2,,205,1696.3,33.8,0,0,0,0,,,,
ZUESTA,2009,11,6,9,7.1,,,,,,,,944.8,,1.4,,261,914.8,43,0,0,0,0,,,,
ZUESTA,2009,11,6,10,7.5,,,,,,,,944.9,,1.6,,165,41.7,150.6,0,0,0,0,,,,
ZUESTA,2009,11,6,11,7.9,,,,,,,,944.8,,1.5,,237,97.5,196.3,0,0,0,0,,,,
ZUESTA,2009,11,6,12,8.7,,,,,,,,944.7,,1.4,,298,199.8,208.8,0,0,0,0,,,,
ZUESTA,2009,11,6,13,8.7,,,,,,,,944.6,,1.5,,215,52.4,192.4,0,0,0,0,,,,
ZUESTA,2009,11,6,14,8.5,,,,,,,,944.7,,0.5,,84,3.3,82.8,0,0,0,0,,,,
ZUESTA,2009,11,6,15,8.8,,,,,,,,944.9,,1,,65,3.6,64,0,0,0,0,,,,
ZUESTA,2009,11,6,16,7.4,,,,,,,,945.1,,0.8,,5,0.1,5,0,0,0,0,,,,
ZUESTA,2009,11,6,17,5.5,,,,,,,,945.4,,0.7,,0,0,0,0,0,0,0,,,,
ZUESTA,2009,11,6,18,5.2,,,,,,,,945.7,,1.3,,0,0,0,0,0,0,0,,,,
ZUESTA,2009,11,6,19,4.6,,,,,,,,945.5,,0.9,,0,0,0,0,0,0,0,,,,
ZUESTA,2009,11,6,20,4.2,,,,,,,,945.3,,0.7,,0,0,0,0,0,0,0,,,,
ZUESTA,2009,11,6,21,3.7,,,,,,,,944.8,,0.7,,0,0,0,0,0,0,0,,,,
ZUESTA,2009,11,6,22,3.3,,,,,,,,944.4,,0.2,,0,0,0,0,0,0,0,,,,
ZUESTA,2009,11,6,23,3.2,,,,,,,,944.1,,0.5,,0,0,0,0,0,0,0,,,,
ZUESTA,2009,11,7,0,3.3,,,,,,,,943.4,,0.6,,0,0,0,0,0,0,0,,,,
ZUESTA,2009,11,7,1,3.2,,,,,,,,942.6,,0.6,,0,0,0,0,0,0,0,,,,
ZUESTA,2009,11,7,2,2.9,,,,,,,,941.8,,0.7,,0,0,0,0,0,0,0,,,,
ZUESTA,2009,11,7,3,2.5,,,,,,,,941.2,,0.8,,0,0,0,0,0,0,0,,,,
ZUESTA,2009,11,7,4,2.6,,,,,,,,940.4,,0.5,,0,0,0,0,0,0,0,,,,
ZUESTA,2009,11,7,5,2,,,,,,,,939.4,,0.3,,0,0,0,0,0,0,0,,,,
ZUESTA,2009,11,7,6,1.6,,,,,,,,939,,0.4,,3,0,0,0,0,0,0,,,,
ZUESTA,2009,11,7,7,2.3,,,,,,,,939.1,,0.5,,60,0,0,0,0,0,0,,,,
ZUESTA,2009,11,7,8,3.5,,,,,,,,939.2,,0.9,,84,531.2,32.6,0,0,0,0,,,,
ZUESTA,2009,11,7,9,5.2,,,,,,,,939.2,,1.6,,114,46.8,103.1,0,0,0,0,,,,
ZUESTA,2009,11,7,10,6.3,,,,,,,,938.8,,2.7,,74,3,73,0,0,0,0,,,,
ZUESTA,2009,11,7,11,6.7,,,,,,,,938.3,,2,,108,4.4,106.2,0,0,0,0,,,,
ZUESTA,2009,11,7,12,6.2,,,,,,,,937.6,,2.8,,69,1.6,68.3,0,0,0,0,,,,
ZUESTA,2009,11,7,13,6.6,,,,,,,,937.4,,1.9,,100,3.6,98.5,0,0,0,0,,,,
ZUESTA,2009,11,7,14,6.7,,,,,,,,937,,1.2,,91,3.9,89.5,0,0,0,0,,,,
ZUESTA,2009,11,7,15,6.6,,,,,,,,936.9,,1.1,,39,1.3,38.6,0,0,0,0,,,,
ZUESTA,2009,11,7,16,6.4,,,,,,,,936.8,,1,,2,0,2,0,0,0,0,,,,
ZUESTA,2009,11,7,17,5.9,,,,,,,,937.1,,0.9,,0,0,0,0,0,0,0,,,,
ZUESTA,2009,11,7,18,5.2,,,,,,,,937.1,,1.4,,0,0,0,0,0,0,0,,,,
ZUESTA,2009,11,7,19,6,,,,,,,,937.8,,3.5,,0,0,0,0,0,0,0,,,,
ZUESTA,2009,11,7,20,5.9,,,,,,,,938.2,,3.4,,0,0,0,0,0,0,0,,,,
ZUESTA,2009,11,7,21,5.5,,,,,,,,938.6,,2.9,,0,0,0,0,0,0,0,,,,
ZUESTA,2009,11,7,22,5.2,,,,,,,,939.1,,4.3,,0,0,0,0,0,0,0,,,,
ZUESTA,2009,11,7,23,4.7,,,,,,,,939.7,,2.7,,0,0,0,0,0,0,0,,,,
ZUESTA,2009,11,8,0,4.6,,,,,,,,939.8,,2.1,,0,0,0,0,0,0,0,,,,
ZUESTA,2009,11,8,1,4.5,,,,,,,,940,,2,,0,0,0,0,0,0,0,,,,
ZUESTA,2009,11,8,2,4.4,,,,,,,,939.8,,1.9,,0,0,0,0,0,0,0,,,,
ZUESTA,2009,11,8,3,4.3,,,,,,,,939.4,,0.9,,0,0,0,0,0,0,0,,,,
ZUESTA,2009,11,8,4,4.3,,,,,,,,939.2,,1,,0,0,0,0,0,0,0,,,,
ZUESTA,2009,11,8,5,4.3,,,,,,,,938.7,,0.8,,0,0,0,0,0,0,0,,,,
ZUESTA,2009,11,8,6,4.1,,,,,,,,938.5,,1,,1,0,0,0,0,0,0,,,,
ZUESTA,2009,11,8,7,4.2,,,,,,,,938.5,,1.1,,18,0,0,0,0,0,0,,,,
ZUESTA,2009,11,8,8,4.6,,,,,,,,938.3,,1.5,,89,710.3,23.2,0,0,0,0,,,,
ZUESTA,2009,11,8,9,5,,,,,,,,938,,1.9,,165,269.8,103.1,0,0,0,0,,,,
ZUESTA,2009,11,8,10,5.7,,,,,,,,937.8,,2,,234,233.1,155.3,0,0,0,0,,,,
ZUESTA,2009,11,8,11,5.7,,,,,,,,937.1,,2.2,,161,16.1,154.4,0,0,0,0,,,,
ZUESTA,2009,11,8,12,5.4,,,,,,,,936.8,,2.2,,90,2.7,88.8,0,0,0,0,,,,
ZUESTA,2009,11,8,13,4.8,,,,,,,,936.7,,1.5,,28,0.3,27.9,0,0,0,0,,,,
ZUESTA,2009,11,8,14,4.9,,,,,,,,936.6,,1.2,,16,0.1,16,0,0,0,0,,,,
ZUESTA,2009,11,8,15,4.9,,,,,,,,936.6,,1.2,,6,0,6,0,0,0,0,,,,
ZUESTA,2009,11,8,16,4.9,,,,,,,,936.7,,1.3,,0,0,0,0,0,0,0,,,,
ZUESTA,2009,11,8,17,4.9,,,,,,,,937,,2.3,,0,0,0,0,0,0,0,,,,
ZUESTA,2009,11,8,18,4.4,,,,,,,,937.3,,2.4,,0,0,0,0,0,0,0,,,,
ZUESTA,2009,11,8,19,3.9,,,,,,,,937.5,,2.1,,0,0,0,0,0,0,0,,,,
ZUESTA,2009,11,8,20,3.5,,,,,,,,937.9,,2.6,,0,0,0,0,0,0,0,,,,
ZUESTA,2009,11,8,21,3.5,,,,,,,,938.1,,2.2,,0,0,0,0,0,0,0,,,,
ZUESTA,2009,11,8,22,3.4,,,,,,,,938.3,,1.2,,0,0,0,0,0,0,0,,,,
ZUESTA,2009,11,8,23,3.3,,,,,,,,938.3,,3,,0,0,0,0,0,0,0,,,,
ZUESTA,2009,11,9,0,3.4,,,,,,,,938.5,,1.4,,0,0,0,0,0,0,0,,,,
ZUESTA,2009,11,9,1,3.5,,,,,,,,938.8,,2,,0,0,0,0,0,0,0,,,,
ZUESTA,2009,11,9,2,3,,,,,,,,939.2,,2.5,,0,0,0,0,0,0,0,,,,
ZUESTA,2009,11,9,3,2.8,,,,,,,,939.5,,1.8,,0,0,0,0,0,0,0,,,,
ZUESTA,2009,11,9,4,2.8,,,,,,,,939.8,,1.6,,0,0,0,0,0,0,0,,,,
ZUESTA,2009,11,9,5,2.9,,,,,,,,940,,0.7,,0,0,0,0,0,0,0,,,,
ZUESTA,2009,11,9,6,3,,,,,,,,940.5,,1.2,,0,0,0,0,0,0,0,,,,
ZUESTA,2009,11,9,7,2.9,,,,,,,,941.2,,0.4,,14,0,0,0,0,0,0,,,,
ZUESTA,2009,11,9,8,3.1,,,,,,,,941.6,,0.4,,62,242,40.6,0,0,0,0,,,,
ZUESTA,2009,11,9,9,3.5,,,,,,,,941.9,,0.9,,80,10,77.7,0,0,0,0,,,,
ZUESTA,2009,11,9,10,3.9,,,,,,,,942.2,,1,,91,4.8,89.4,0,0,0,0,,,,
ZUESTA,2009,11,9,11,4.3,,,,,,,,942.4,,1.5,,59,1.4,58.4,0,0,0,0,,,,
ZUESTA,2009,11,9,12,4.4,,,,,,,,942.6,,1.3,,44,0.7,43.7,0,0,0,0,,,,
ZUESTA,2009,11,9,13,4.2,,,,,,,,942.9,,1.1,,35,0.5,34.8,0,0,0,0,,,,
ZUESTA,2009,11,9,14,4,,,,,,,,943.1,,1.6,,33,0.5,32.8,0,0,0,0,,,,
ZUESTA,2009,11,9,15,4,,,,,,,,943.5,,1.9,,5,0,5,0,0,0,0,,,,
ZUESTA,2009,11,9,16,3.8,,,,,,,,944,,2.2,,0,0,0,0,0,0,0,,,,
ZUESTA,2009,11,9,17,3.5,,,,,,,,944.7,,2.7,,0,0,0,0,0,0,0,,,,
ZUESTA,2009,11,9,18,3.3,,,,,,,,945.1,,2.1,,0,0,0,0,0,0,0,,,,
ZUESTA,2009,11,9,19,3.2,,,,,,,,945.4,,2.1,,0,0,0,0,0,0,0,,,,
ZUESTA,2009,11,9,20,3.2,,,,,,,,945.8,,1.6,,0,0,0,0,0,0,0,,,,
ZUESTA,2009,11,9,21,3.1,,,,,,,,945.8,,1.5,,0,0,0,0,0,0,0,,,,
ZUESTA,2009,11,9,22,3,,,,,,,,946,,1.9,,0,0,0,0,0,0,0,,,,
ZUESTA,2009,11,9,23,2.6,,,,,,,,946.2,,1.1,,0,0,0,0,0,0,0,,,,
ZUESTA,2009,11,10,0,2.5,,,,,,,,946.2,,1.3,,0,0,0,0,0,0,0,,,,
ZUESTA,2009,11,10,1,2.5,,,,,,,,946.4,,1.3,,0,0,0,0,0,0,0,,,,
ZUESTA,2009,11,10,2,2.5,,,,,,,,946.4,,1.5,,0,0,0,0,0,0,0,,,,
ZUESTA,2009,11,10,3,2.5,,,,,,,,946.2,,1.5,,0,0,0,0,0,0,0,,,,
ZUESTA,2009,11,10,4,2.6,,,,,,,,946.3,,1.4,,0,0,0,0,0,0,0,,,,
ZUESTA,2009,11,10,5,2.7,,,,,,,,946.4,,1.3,,0,0,0,0,0,0,0,,,,
ZUESTA,2009,11,10,6,2.9,,,,,,,,946.5,,1.4,,0,0,0,0,0,0,0,,,,
ZUESTA,2009,11,10,7,3.3,,,,,,,,946.8,,1.6,,5,0,0,0,0,0,0,,,,
ZUESTA,2009,11,10,8,3.4,,,,,,,,946.8,,1.6,,11,1.1,10.9,0,0,0,0,,,,
ZUESTA,2009,11,10,9,3.6,,,,,,,,946.8,,1.6,,21,0.6,20.9,0,0,0,0,,,,
ZUESTA,2009,11,10,10,4,,,,,,,,946.8,,1.2,,32,0.6,31.8,0,0,0,0,,,,
ZUESTA,2009,11,10,11,4.3,,,,,,,,946.6,,1.9,,42,0.7,41.7,0,0,0,0,,,,
ZUESTA,2009,11,10,12,4.3,,,,,,,,946.3,,2,,39,0.5,38.8,0,0,0,0,,,,
ZUESTA,2009,11,10,13,4.2,,,,,,,,945.9,,2,,28,0.3,27.9,0,0,0,0,,,,
ZUESTA,2009,11,10,14,4.3,,,,,,,,945.8,,1.9,,18,0.2,17.9,0,0,0,0,,,,
ZUESTA,2009,11,10,15,4.3,,,,,,,,945.6,,2.4,,3,0,3,0,0,0,0,,,,
ZUESTA,2009,11,10,16,4.4,,,,,,,,945.6,,1.6,,0,0,0,0,0,0,0,,,,
ZUESTA,2009,11,10,17,4.4,,,,,,,,945.9,,1.5,,0,0,0,0,0,0,0,,,,
ZUESTA,2009,11,10,18,4.4,,,,,,,,946,,1.4,,0,0,0,0,0,0,0,,,,
ZUESTA,2009,11,10,19,4.3,,,,,,,,945.9,,0.5,,0,0,0,0,0,0,0,,,,
ZUESTA,2009,11,10,20,4.3,,,,,,,,945.9,,1,,0,0,0,0,0,0,0,,,,
ZUESTA,2009,11,10,21,4.3,,,,,,,,945.9,,1.7,,0,0,0,0,0,0,0,,,,
ZUESTA,2009,11,10,22,4.2,,,,,,,,945.8,,1.5,,0,0,0,0,0,0,0,,,,
ZUESTA,2009,11,10,23,4.1,,,,,,,,945.6,,0.8,,0,0,0,0,0,0,0,,,,
ZUESTA,2009,11,11,0,4.1,,,,,,,,945.5,,0.9,,0,0,0,0,0,0,0,,,,
ZUESTA,2009,11,11,1,4,,,,,,,,945.5,,0.9,,0,0,0,0,0,0,0,,,,
ZUESTA,2009,11,11,2,4,,,,,,,,945.3,,1.1,,0,0,0,0,0,0,0,,,,
ZUESTA,2009,11,11,3,3.9,,,,,,,,945.3,,0.6,,0,0,0,0,0,0,0,,,,
ZUESTA,2009,11,11,4,3.9,,,,,,,,945.3,,0.7,,0,0,0,0,0,0,0,,,,
ZUESTA,2009,11,11,5,3.9,,,,,,,,945.3,,0.7,,0,0,0,0,0,0,0,,,,
ZUESTA,2009,11,11,6,3.8,,,,,,,,945.3,,0.4,,1,0,0,0,0,0,0,,,,
ZUESTA,2009,11,11,7,4,,,,,,,,945.6,,0.5,,21,0,0,0,0,0,0,,,,
ZUESTA,2009,11,11,8,4.3,,,,,,,,945.7,,0.6,,72,579.6,25.3,0,0,0,0,,,,
ZUESTA,2009,11,11,9,5,,,,,,,,945.6,,1,,240,925.4,39.5,0,0,0,0,,,,
ZUESTA,2009,11,11,10,5.2,,,,,,,,945.6,,0.8,,116,10.3,112.7,0,0,0,0,,,,
ZUESTA,2009,11,11,11,5.5,,,,,,,,945.2,,0.5,,175,28.7,163.7,0,0,0,0,,,,
ZUESTA,2009,11,11,12,5.9,,,,,,,,945,,0.9,,187,28,175.1,0,0,0,0,,,,
ZUESTA,2009,11,11,13,6.3,,,,,,,,945,,1.4,,208,57.1,184.6,0,0,0,0,,,,
ZUESTA,2009,11,11,14,7.1,,,,,,,,945,,1.3,,193,82.9,163.9,0,0,0,0,,,,
ZUESTA,2009,11,11,15,6.5,,,,,,,,945.1,,1,,71,5,69.7,0,0,0,0,,,,
ZUESTA,2009,11,11,16,4.7,,,,,,,,945.4,,1.3,,2,0,2,0,0,0,0,,,,
ZUESTA,2009,11,11,17,3.5,,,,,,,,945.8,,1.1,,0,0,0,0,0,0,0,,,,
ZUESTA,2009,11,11,18,3.1,,,,,,,,945.9,,0.9,,0,0,0,0,0,0,0,,,,
ZUESTA,2009,11,11,19,2.9,,,,,,,,946.3,,0.6,,0,0,0,0,0,0,0,,,,
ZUESTA,2009,11,11,20,2.7,,,,,,,,946.8,,0.6,,0,0,0,0,0,0,0,,,,
ZUESTA,2009,11,11,21,2.4,,,,,,,,946.7,,0.4,,0,0,0,0,0,0,0,,,,
ZUESTA,2009,11,11,22,2.4,,,,,,,,946.5,,0.8,,0,0,0,0,0,0,0,,,,
ZUESTA,2009,11,11,23,2,,,,,,,,946.6,,0.6,,0,0,0,0,0,0,0,,,,
ZUESTA,2009,11,12,0,2,,,,,,,,947,,0.7,,0,0,0,0,0,0,0,,,,
ZUESTA,2009,11,12,1,2.2,,,,,,,,947.3,,0.9,,0,0,0,0,0,0,0,,,,
ZUESTA,2009,11,12,2,2.4,,,,,,,,946.8,,1,,0,0,0,0,0,0,0,,,,
ZUESTA,2009,11,12,3,2,,,,,,,,946.6,,0.7,,0,0,0,0,0,0,0,,,,
ZUESTA,2009,11,12,4,1.4,,,,,,,,946.6,,0.7,,0,0,0,0,0,0,0,,,,
ZUESTA,2009,11,12,5,1.4,,,,,,,,946.6,,1.4,,0,0,0,0,0,0,0,,,,
ZUESTA,2009,11,12,6,2.6,,,,,,,,946.7,,3,,2,0,0,0,0,0,0,,,,
ZUESTA,2009,11,12,7,3.4,,,,,,,,946.7,,3.7,,23,0,0,0,0,0,0,,,,
ZUESTA,2009,11,12,8,4.2,,,,,,,,947.1,,2.6,,35,33.6,32.4,0,0,0,0,,,,
ZUESTA,2009,11,12,9,4,,,,,,,,947.7,,1.7,,56,4.5,55,0,0,0,0,,,,
ZUESTA,2009,11,12,10,4.2,,,,,,,,948,,1.8,,61,2.3,60.2,0,0,0,0,,,,
ZUESTA,2009,11,12,11,5,,,,,,,,948.1,,1.7,,98,4.1,96.4,0,0,0,0,,,,
ZUESTA,2009,11,12,12,6.3,,,,,,,,948.1,,1.6,,117,5,114.9,0,0,0,0,,,,
ZUESTA,2009,11,12,13,7.7,,,,,,,,948.2,,1.4,,191,39.3,175.1,0,0,0,0,,,,
ZUESTA,2009,11,12,14,8,,,,,,,,948.3,,1,,138,16.6,132.2,0,0,0,0,,,,
ZUESTA,2009,11,12,15,7.2,,,,,,,,948.4,,1,,52,2.8,51.3,0,0,0,0,,,,
ZUESTA,2009,11,12,16,6.6,,,,,,,,948.7,,0.7,,2,0,2,0,0,0,0,,,,
ZUESTA,2009,11,12,17,6.5,,,,,,,,949.1,,0.5,,0,0,0,0,0,0,0,,,,
ZUESTA,2009,11,12,18,6.3,,,,,,,,949.3,,0.6,,0,0,0,0,0,0,0,,,,
ZUESTA,2009,11,12,19,7.2,,,,,,,,949.6,,0.9,,0,0,0,0,0,0,0,,,,
ZUESTA,2009,11,12,20,7.7,,,,,,,,950,,1.2,,0,0,0,0,0,0,0,,,,
ZUESTA,2009,11,12,21,7.6,,,,,,,,950.2,,1,,0,0,0,0,0,0,0,,,,
ZUESTA,2009,11,12,22,8,,,,,,,,950.4,,1.1,,0,0,0,0,0,0,0,,,,
ZUESTA,2009,11,12,23,6.7,,,,,,,,950.4,,1.2,,0,0,0,0,0,0,0,,,,
ZUESTA,2009,11,13,0,6.5,,,,,,,,950.4,,1.2,,0,0,0,0,0,0,0,,,,
ZUESTA,2009,11,13,1,7,,,,,,,,950.6,,1.1,,0,0,0,0,0,0,0,,,,
ZUESTA,2009,11,13,2,7,,,,,,,,950.4,,0.7,,0,0,0,0,0,0,0,,,,
ZUESTA,2009,11,13,3,7.3,,,,,,,,950.5,,0.5,,0,0,0,0,0,0,0,,,,
ZUESTA,2009,11,13,4,7,,,,,,,,950.6,,0.6,,0,0,0,0,0,0,0,,,,
ZUESTA,2009,11,13,5,6.8,,,,,,,,950.8,,0.5,,0,0,0,0,0,0,0,,,,
ZUESTA,2009,11,13,6,6.5,,,,,,,,951.1,,0.7,,2,0,0,0,0,0,0,,,,
ZUESTA,2009,11,13,7,6.8,,,,,,,,951.6,,0.5,,37,0,0,0,0,0,0,,,,
ZUESTA,2009,11,13,8,8.2,,,,,,,,951.7,,0.7,,144,1655.1,23.8,0,0,0,0,,,,
ZUESTA,2009,11,13,9,8.9,,,,,,,,951.9,,0.4,,180,520.8,71.6,0,0,0,0,,,,
ZUESTA,2009,11,13,10,9.8,,,,,,,,951.8,,0.4,,205,176,149.4,0,0,0,0,,,,
ZUESTA,2009,11,13,11,10.5,,,,,,,,951.3,,0.6,,188,45.8,170.3,0,0,0,0,,,,
ZUESTA,2009,11,13,12,10.9,,,,,,,,950.8,,0.5,,178,24.1,168,0,0,0,0,,,,
ZUESTA,2009,11,13,13,11.6,,,,,,,,950.9,,0.7,,203,55.8,180.6,0,0,0,0,,,,
ZUESTA,2009,11,13,14,12.5,,,,,,,,951,,0.7,,129,12.7,124.6,0,0,0,0,,,,
ZUESTA,2009,11,13,15,11,,,,,,,,951.5,,0.9,,34,1.2,33.7,0,0,0,0,,,,
ZUESTA,2009,11,13,16,10.1,,,,,,,,951.5,,0.9,,1,0,1,0,0,0,0,,,,
ZUESTA,2009,11,13,17,8.9,,,,,,,,951.8,,0.7,,0,0,0,0,0,0,0,,,,
ZUESTA,2009,11,13,18,9.5,,,,,,,,952,,1.4,,0,0,0,0,0,0,0,,,,
ZUESTA,2009,11,13,19,9,,,,,,,,952,,0.7,,0,0,0,0,0,0,0,,,,
ZUESTA,2009,11,13,20,8.2,,,,,,,,951.9,,0.5,,0,0,0,0,0,0,0,,,,
ZUESTA,2009,11,13,21,7.9,,,,,,,,951.6,,0.4,,0,0,0,0,0,0,0,,,,
ZUESTA,2009,11,13,22,8.1,,,,,,,,951,,0.8,,0,0,0,0,0,0,0,,,,
ZUESTA,2009,11,13,23,7.3,,,,,,,,950.3,,0.3,,0,0,0,0,0,0,0,,,,
ZUESTA,2009,11,14,0,7.6,,,,,,,,949.6,,0.5,,0,0,0,0,0,0,0,,,,
ZUESTA,2009,11,14,1,6.5,,,,,,,,949.3,,0.2,,0,0,0,0,0,0,0,,,,
ZUESTA,2009,11,14,2,6.3,,,,,,,,948.9,,0.4,,0,0,0,0,0,0,0,,,,
ZUESTA,2009,11,14,3,6.5,,,,,,,,948.4,,0.8,,0,0,0,0,0,0,0,,,,
ZUESTA,2009,11,14,4,6.3,,,,,,,,948.4,,0.6,,0,0,0,0,0,0,0,,,,
ZUESTA,2009,11,14,5,6.2,,,,,,,,948.3,,0.5,,0,0,0,0,0,0,0,,,,
ZUESTA,2009,11,14,6,6.3,,,,,,,,948.2,,0.4,,0,0,0,0,0,0,0,,,,
ZUESTA,2009,11,14,7,6.5,,,,,,,,948.6,,0.4,,21,0,0,0,0,0,0,,,,
ZUESTA,2009,11,14,8,7.6,,,,,,,,948.5,,0.5,,61,564.4,22.2,0,0,0,0,,,,
ZUESTA,2009,11,14,9,7.5,,,,,,,,948.5,,0.5,,125,136.1,97.2,0,0,0,0,,,,
ZUESTA,2009,11,14,10,10,,,,,,,,948.5,,0.3,,177,96.8,146.8,0,0,0,0,,,,
ZUESTA,2009,11,14,11,11.6,,,,,,,,948.7,,0.7,,323,482.9,138.4,0,0,0,0,,,,
ZUESTA,2009,11,14,12,14.4,,,,,,,,948.6,,1.6,,331,408.2,163.1,0,0,0,0,,,,
ZUESTA,2009,11,14,13,14.9,,,,,,,,948.6,,2.7,,138,9.1,134.4,0,0,0,0,,,,
ZUESTA,2009,11,14,14,15.9,,,,,,,,948.5,,7.2,,68,2.6,67.1,0,0,0,0,,,,
ZUESTA,2009,11,14,15,14.7,,,,,,,,948.8,,4.1,,19,0.4,18.9,0,0,0,0,,,,
ZUESTA,2009,11,14,16,13.6,,,,,,,,949.4,,2.7,,0,0,0,0,0,0,0,,,,
ZUESTA,2009,11,14,17,11.1,,,,,,,,951.2,,5,,0,0,0,0,0,0,0,,,,
ZUESTA,2009,11,14,18,8.7,,,,,,,,952.6,,3.1,,0,0,0,0,0,0,0,,,,
ZUESTA,2009,11,14,19,8.6,,,,,,,,953.2,,2.5,,0,0,0,0,0,0,0,,,,
ZUESTA,2009,11,14,20,9.4,,,,,,,,952.8,,5.8,,0,0,0,0,0,0,0,,,,
ZUESTA,2009,11,14,21,9.8,,,,,,,,953.4,,4.2,,0,0,0,0,0,0,0,,,,
ZUESTA,2009,11,14,22,9.7,,,,,,,,953.5,,3.9,,0,0,0,0,0,0,0,,,,
ZUESTA,2009,11,14,23,9.1,,,,,,,,953.5,,2.8,,0,0,0,0,0,0,0,,,,
ZUESTA,2009,11,15,0,8.5,,,,,,,,953.7,,1.5,,0,0,0,0,0,0,0,,,,
ZUESTA,2009,11,15,1,8.6,,,,,,,,953.6,,1.5,,0,0,0,0,0,0,0,,,,
ZUESTA,2009,11,15,2,8.2,,,,,,,,953.4,,0.9,,0,0,0,0,0,0,0,,,,
ZUESTA,2009,11,15,3,7.1,,,,,,,,952.9,,0.5,,0,0,0,0,0,0,0,,,,
ZUESTA,2009,11,15,4,7.3,,,,,,,,952.4,,0.8,,0,0,0,0,0,0,0,,,,
ZUESTA,2009,11,15,5,7.7,,,,,,,,952.3,,1,,0,0,0,0,0,0,0,,,,
ZUESTA,2009,11,15,6,7.3,,,,,,,,952.5,,0.7,,1,0,0,0,0,0,0,,,,
ZUESTA,2009,11,15,7,7.4,,,,,,,,952.5,,0.5,,29,0,0,0,0,0,0,,,,
ZUESTA,2009,11,15,8,7.9,,,,,,,,952.9,,0.5,,38,110.3,30.8,0,0,0,0,,,,
ZUESTA,2009,11,15,9,8.3,,,,,,,,952.8,,0.4,,63,6.6,61.7,0,0,0,0,,,,
ZUESTA,2009,11,15,10,8.3,,,,,,,,952.7,,0.5,,62,2.6,61.2,0,0,0,0,,,,
ZUESTA,2009,11,15,11,9,,,,,,,,952.2,,0.4,,81,3,79.9,0,0,0,0,,,,
ZUESTA,2009,11,15,12,9.1,,,,,,,,952,,0.3,,63,1.5,62.4,0,0,0,0,,,,
ZUESTA,2009,11,15,13,9.5,,,,,,,,951.8,,0.7,,41,0.7,40.7,0,0,0,0,,,,
ZUESTA,2009,11,15,14,9.1,,,,,,,,951.6,,0.6,,38,0.8,37.7,0,0,0,0,,,,
ZUESTA,2009,11,15,15,9,,,,,,,,951,,0.6,,12,0.2,12,0,0,0,0,,,,
ZUESTA,2009,11,15,16,8.8,,,,,,,,950.4,,0.4,,0,0,0,0,0,0,0,,,,
ZUESTA,2009,11,15,17,8.8,,,,,,,,950.2,,1,,0,0,0,0,0,0,0,,,,
ZUESTA,2009,11,15,18,8.7,,,,,,,,949.4,,1.5,,0,0,0,0,0,0,0,,,,
ZUESTA,2009,11,15,19,8.5,,,,,,,,948.8,,0.6,,0,0,0,0,0,0,0,,,,
ZUESTA,2009,11,15,20,8.4,,,,,,,,948.5,,1.4,,0,0,0,0,0,0,0,,,,
ZUESTA,2009,11,15,21,8.2,,,,,,,,948.9,,0.7,,0,0,0,0,0,0,0,,,,
ZUESTA,2009,11,15,22,8.1,,,,,,,,949.3,,1.2,,0,0,0,0,0,0,0,,,,
ZUESTA,2009,11,15,23,8.1,,,,,,,,949.1,,0.4,,0,0,0,0,0,0,0,,,,
ZUESTA,2009,11,16,0,8.2,,,,,,,,949.1,,0.5,,0,0,0,0,0,0,0,,,,
ZUESTA,2009,11,16,1,8.4,,,,,,,,948.7,,1.1,,0,0,0,0,0,0,0,,,,
ZUESTA,2009,11,16,2,8.5,,,,,,,,948.5,,1.1,,0,0,0,0,0,0,0,,,,
ZUESTA,2009,11,16,3,8.7,,,,,,,,948.2,,1.2,,0,0,0,0,0,0,0,,,,
ZUESTA,2009,11,16,4,8.9,,,,,,,,948.6,,1.3,,0,0,0,0,0,0,0,,,,
ZUESTA,2009,11,16,5,9,,,,,,,,948.7,,1.6,,0,0,0,0,0,0,0,,,,
ZUESTA,2009,11,16,6,9.1,,,,,,,,949.1,,0.8,,0,0,0,0,0,0,0,,,,
ZUESTA,2009,11,16,7,9.5,,,,,,,,949.6,,0.8,,2,0,0,0,0,0,0,,,,
ZUESTA,2009,11,16,8,9.5,,,,,,,,949.6,,0.8,,37,103.4,30.7,0,0,0,0,,,,
ZUESTA,2009,11,16,9,9.6,,,,,,,,949.2,,1,,86,27.1,80.7,0,0,0,0,,,,
ZUESTA,2009,11,16,10,10,,,,,,,,949,,0.5,,102,8,99.6,0,0,0,0,,,,
ZUESTA,2009,11,16,11,11,,,,,,,,948.8,,0.7,,140,12.4,135.3,0,0,0,0,,,,
ZUESTA,2009,11,16,12,11.9,,,,,,,,948.6,,0.9,,168,20.8,159.6,0,0,0,0,,,,
ZUESTA,2009,11,16,13,12.3,,,,,,,,948.4,,0.4,,124,6.8,121.4,0,0,0,0,,,,
ZUESTA,2009,11,16,14,12.8,,,,,,,,948.5,,0.5,,85,4.2,83.6,0,0,0,0,,,,
ZUESTA,2009,11,16,15,12.4,,,,,,,,948.5,,0.4,,18,0.4,17.9,0,0,0,0,,,,
ZUESTA,2009,11,16,16,12,,,,,,,,948.9,,0.8,,1,0,1,0,0,0,0,,,,
ZUESTA,2009,11,16,17,11.6,,,,,,,,949.3,,0.4,,0,0,0,0,0,0,0,,,,
ZUESTA,2009,11,16,18,10.9,,,,,,,,949.5,,0.4,,0,0,0,0,0,0,0,,,,
ZUESTA,2009,11,16,19,10.3,,,,,,,,949.6,,0.5,,0,0,0,0,0,0,0,,,,
ZUESTA,2009,11,16,20,10.2,,,,,,,,949.7,,0.5,,0,0,0,0,0,0,0,,,,
ZUESTA,2009,11,16,21,10,,,,,,,,949.9,,0.4,,0,0,0,0,0,0,0,,,,
ZUESTA,2009,11,16,22,9.4,,,,,,,,950.1,,0.4,,0,0,0,0,0,0,0,,,,
ZUESTA,2009,11,16,23,9.5,,,,,,,,950.3,,0.5,,0,0,0,0,0,0,0,,,,
ZUESTA,2009,11,17,0,9.3,,,,,,,,950.2,,0.4,,0,0,0,0,0,0,0,,,,
ZUESTA,2009,11,17,1,9,,,,,,,,950,,0.7,,0,0,0,0,0,0,0,,,,
ZUESTA,2009,11,17,2,7.9,,,,,,,,950,,0.6,,0,0,0,0,0,0,0,,,,
ZUESTA,2009,11,17,3,7.8,,,,,,,,949.7,,0.5,,0,0,0,0,0,0,0,,,,
ZUESTA,2009,11,17,4,7.8,,,,,,,,949.8,,0.4,,0,0,0,0,0,0,0,,,,
ZUESTA,2009,11,17,5,7.9,,,,,,,,949.6,,0.7,,0,0,0,0,0,0,0,,,,
ZUESTA,2009,11,17,6,8.2,,,,,,,,949.5,,0.7,,2,0,0,0,0,0,0,,,,
ZUESTA,2009,11,17,7,9,,,,,,,,949.8,,0.8,,60,0,0,0,0,0,0,,,,
ZUESTA,2009,11,17,8,9.5,,,,,,,,949.7,,0.8,,142,2064.9,23.4,0,0,0,0,,,,
ZUESTA,2009,11,17,9,10.2,,,,,,,,949.9,,0.6,,212,922.3,34.9,0,0,0,0,,,,
ZUESTA,2009,11,17,10,13.5,,,,,,,,950.1,,1.7,,355,990.8,58.6,0,0,0,0,,,,
ZUESTA,2009,11,17,11,15.1,,,,,,,,949.5,,2.4,,398,892.5,67.8,0,0,0,0,,,,
ZUESTA,2009,11,17,12,15.1,,,,,,,,949,,1.7,,302,324,172.6,0,0,0,0,,,,
ZUESTA,2009,11,17,13,15.5,,,,,,,,948.9,,2.2,,173,30.4,161.3,0,0,0,0,,,,
ZUESTA,2009,11,17,14,16.2,,,,,,,,948.6,,1.7,,177,74.6,152.5,0,0,0,0,,,,
ZUESTA,2009,11,17,15,15.7,,,,,,,,948.8,,2.9,,20,0.5,19.9,0,0,0,0,,,,
ZUESTA,2009,11,17,16,15.3,,,,,,,,949.5,,2.7,,0,0,0,0,0,0,0,,,,
ZUESTA,2009,11,17,17,14.1,,,,,,,,950.7,,2.2,,0,0,0,0,0,0,0,,,,
ZUESTA,2009,11,17,18,13.8,,,,,,,,951.8,,2.2,,0,0,0,0,0,0,0,,,,
ZUESTA,2009,11,17,19,13.6,,,,,,,,952.7,,1.3,,0,0,0,0,0,0,0,,,,
ZUESTA,2009,11,17,20,13,,,,,,,,953.7,,2,,0,0,0,0,0,0,0,,,,
ZUESTA,2009,11,17,21,11.8,,,,,,,,954.6,,1.2,,0,0,0,0,0,0,0,,,,
ZUESTA,2009,11,17,22,11.8,,,,,,,,955.2,,1.2,,0,0,0,0,0,0,0,,,,
ZUESTA,2009,11,17,23,10.9,,,,,,,,956.1,,2.2,,0,0,0,0,0,0,0,,,,
ZUESTA,2009,11,18,0,9.9,,,,,,,,956.6,,2.2,,0,0,0,0,0,0,0,,,,
ZUESTA,2009,11,18,1,9.6,,,,,,,,956.9,,1.5,,0,0,0,0,0,0,0,,,,
ZUESTA,2009,11,18,2,9.2,,,,,,,,957.2,,1.3,,0,0,0,0,0,0,0,,,,
ZUESTA,2009,11,18,3,8.8,,,,,,,,957.6,,0.7,,0,0,0,0,0,0,0,,,,
ZUESTA,2009,11,18,4,8.6,,,,,,,,957.8,,0.8,,0,0,0,0,0,0,0,,,,
ZUESTA,2009,11,18,5,8.4,,,,,,,,958.4,,1.4,,0,0,0,0,0,0,0,,,,
ZUESTA,2009,11,18,6,8.2,,,,,,,,958.6,,0.6,,0,0,0,0,0,0,0,,,,
ZUESTA,2009,11,18,7,8.4,,,,,,,,959.2,,0.9,,6,0,0,0,0,0,0,,,,
ZUESTA,2009,11,18,8,8.8,,,,,,,,959.2,,1.2,,86,1336.1,14.2,0,0,0,0,,,,
ZUESTA,2009,11,18,9,9.3,,,,,,,,959.2,,1,,169,584.9,59,0,0,0,0,,,,
ZUESTA,2009,11,18,10,10.3,,,,,,,,959.2,,0.7,,301,811.2,61.5,0,0,0,0,,,,
ZUESTA,2009,11,18,11,11.6,,,,,,,,958.9,,1,,390,879.4,68.1,0,0,0,0,,,,
ZUESTA,2009,11,18,12,12.4,,,,,,,,958.6,,1.4,,390,752.5,92.3,0,0,0,0,,,,
ZUESTA,2009,11,18,13,12.4,,,,,,,,958.6,,1.5,,255,197.2,179.7,0,0,0,0,,,,
ZUESTA,2009,11,18,14,12.3,,,,,,,,958.5,,1.3,,148,32.4,137.5,0,0,0,0,,,,
ZUESTA,2009,11,18,15,11.5,,,,,,,,958.7,,0.5,,36,1.6,35.6,0,0,0,0,,,,
ZUESTA,2009,11,18,16,10,,,,,,,,958.9,,0.9,,1,0,1,0,0,0,0,,,,
ZUESTA,2009,11,18,17,9.2,,,,,,,,959.4,,0.6,,0,0,0,0,0,0,0,,,,
ZUESTA,2009,11,18,18,8.7,,,,,,,,959.8,,0.5,,0,0,0,0,0,0,0,,,,
ZUESTA,2009,11,18,19,8.3,,,,,,,,960.2,,0.5,,0,0,0,0,0,0,0,,,,
ZUESTA,2009,11,18,20,8.7,,,,,,,,960.6,,0.4,,0,0,0,0,0,0,0,,,,
ZUESTA,2009,11,18,21,8.1,,,,,,,,960.7,,0.4,,0,0,0,0,0,0,0,,,,
ZUESTA,2009,11,18,22,7.7,,,,,,,,960.8,,0.2,,0,0,0,0,0,0,0,,,,
ZUESTA,2009,11,18,23,7.6,,,,,,,,960.8,,0.4,,0,0,0,0,0,0,0,,,,
ZUESTA,2009,11,19,0,7.1,,,,,,,,960.7,,0.2,,0,0,0,0,0,0,0,,,,
ZUESTA,2009,11,19,1,6.7,,,,,,,,960.7,,0.2,,0,0,0,0,0,0,0,,,,
ZUESTA,2009,11,19,2,6.4,,,,,,,,960.5,,0.1,,0,0,0,0,0,0,0,,,,
ZUESTA,2009,11,19,3,6,,,,,,,,960.5,,0.4,,0,0,0,0,0,0,0,,,,
ZUESTA,2009,11,19,4,5.5,,,,,,,,960.5,,0.4,,0,0,0,0,0,0,0,,,,
ZUESTA,2009,11,19,5,5,,,,,,,,960.4,,0.4,,0,0,0,0,0,0,0,,,,
ZUESTA,2009,11,19,6,5,,,,,,,,960.3,,0.6,,1,0,0,0,0,0,0,,,,
ZUESTA,2009,11,19,7,5.7,,,,,,,,960.5,,0.4,,31,0,0,0,0,0,0,,,,
ZUESTA,2009,11,19,8,6.7,,,,,,,,960.6,,0.5,,94,0,0,0,0,0,0,,,,
ZUESTA,2009,11,19,9,6.8,,,,,,,,960.6,,0.5,,118,164.7,87.7,0,0,0,0,,,,
ZUESTA,2009,11,19,10,7.3,,,,,,,,960.5,,0.6,,182,147.7,139,0,0,0,0,,,,
ZUESTA,2009,11,19,11,8.6,,,,,,,,960.1,,0.8,,322,565.8,117.1,0,0,0,0,,,,
ZUESTA,2009,11,19,12,10.1,,,,,,,,959.7,,0.8,,346,554.1,128.9,0,0,0,0,,,,
ZUESTA,2009,11,19,13,10.7,,,,,,,,959.6,,1,,264,236.4,174.6,0,0,0,0,,,,
ZUESTA,2009,11,19,14,10.8,,,,,,,,959.5,,1,,157,45.8,142.2,0,0,0,0,,,,
ZUESTA,2009,11,19,15,10.2,,,,,,,,959.4,,0.8,,37,1.7,36.6,0,0,0,0,,,,
ZUESTA,2009,11,19,16,8.9,,,,,,,,959.6,,0.5,,1,0,1,0,0,0,0,,,,
ZUESTA,2009,11,19,17,8.1,,,,,,,,959.8,,0.3,,0,0,0,0,0,0,0,,,,
ZUESTA,2009,11,19,18,7.8,,,,,,,,960.1,,0.2,,0,0,0,0,0,0,0,,,,
ZUESTA,2009,11,19,19,7.7,,,,,,,,960,,0.5,,0,0,0,0,0,0,0,,,,
ZUESTA,2009,11,19,20,7.2,,,,,,,,960,,1,,0,0,0,0,0,0,0,,,,
ZUESTA,2009,11,19,21,6.8,,,,,,,,959.9,,2.1,,0,0,0,0,0,0,0,,,,
ZUESTA,2009,11,19,22,6.6,,,,,,,,959.5,,1.9,,0,0,0,0,0,0,0,,,,
ZUESTA,2009,11,19,23,5.7,,,,,,,,959.4,,1,,0,0,0,0,0,0,0,,,,
ZUESTA,2009,11,20,0,5.3,,,,,,,,959.1,,0.5,,0,0,0,0,0,0,0,,,,
ZUESTA,2009,11,20,1,4.8,,,,,,,,958.9,,0.4,,0,0,0,0,0,0,0,,,,
ZUESTA,2009,11,20,2,4.3,,,,,,,,958.9,,0.4,,0,0,0,0,0,0,0,,,,
ZUESTA,2009,11,20,3,4.1,,,,,,,,958.7,,0.3,,0,0,0,0,0,0,0,,,,
ZUESTA,2009,11,20,4,3.8,,,,,,,,958.6,,0.3,,0,0,0,0,0,0,0,,,,
ZUESTA,2009,11,20,5,4.2,,,,,,,,958.7,,0.3,,0,0,0,0,0,0,0,,,,
ZUESTA,2009,11,20,6,4.4,,,,,,,,959.1,,0.4,,0,0,0,0,0,0,0,,,,
ZUESTA,2009,11,20,7,4.6,,,,,,,,959.7,,0.5,,21,0,0,0,0,0,0,,,,
ZUESTA,2009,11,20,8,5.3,,,,,,,,960,,0.4,,113,0,0,0,0,0,0,,,,
ZUESTA,2009,11,20,9,5.8,,,,,,,,960,,0.6,,185,820.3,37,0,0,0,0,,,,
ZUESTA,2009,11,20,10,7.1,,,,,,,,960.2,,0.9,,216,315.4,125.3,0,0,0,0,,,,
ZUESTA,2009,11,20,11,10.2,,,,,,,,959.8,,0.7,,354,755.1,83.4,0,0,0,0,,,,
ZUESTA,2009,11,20,12,11.7,,,,,,,,959.8,,1.1,,328,480.3,141.6,0,0,0,0,,,,
ZUESTA,2009,11,20,13,12.6,,,,,,,,959.7,,0.9,,254,209.2,175.6,0,0,0,0,,,,
ZUESTA,2009,11,20,14,12.3,,,,,,,,959.9,,0.8,,156,46.6,141.1,0,0,0,0,,,,
ZUESTA,2009,11,20,15,11.4,,,,,,,,960.1,,0.2,,46,2.7,45.4,0,0,0,0,,,,
ZUESTA,2009,11,20,16,9.8,,,,,,,,960.5,,0.5,,0,0,0,0,0,0,0,,,,
ZUESTA,2009,11,20,17,9.7,,,,,,,,961.1,,0.5,,0,0,0,0,0,0,0,,,,
ZUESTA,2009,11,20,18,8.9,,,,,,,,961.7,,0.4,,0,0,0,0,0,0,0,,,,
ZUESTA,2009,11,20,19,8,,,,,,,,962.2,,0.4,,0,0,0,0,0,0,0,,,,
ZUESTA,2009,11,20,20,7.9,,,,,,,,962.6,,0.3,,0,0,0,0,0,0,0,,,,
ZUESTA,2009,11,20,21,7.9,,,,,,,,962.7,,0.3,,0,0,0,0,0,0,0,,,,
ZUESTA,2009,11,20,22,7.6,,,,,,,,962.6,,0.2,,0,0,0,0,0,0,0,,,,
ZUESTA,2009,11,20,23,7,,,,,,,,962.6,,0.4,,0,0,0,0,0,0,0,,,,
ZUESTA,2009,11,21,0,6.8,,,,,,,,962.7,,0.3,,0,0,0,0,0,0,0,,,,
ZUESTA,2009,11,21,1,7.6,,,,,,,,962.6,,0.9,,0,0,0,0,0,0,0,,,,
ZUESTA,2009,11,21,2,6.8,,,,,,,,962.6,,0.4,,0,0,0,0,0,0,0,,,,
ZUESTA,2009,11,21,3,6.8,,,,,,,,962.5,,0.5,,0,0,0,0,0,0,0,,,,
ZUESTA,2009,11,21,4,6.7,,,,,,,,962.4,,0.4,,0,0,0,0,0,0,0,,,,
ZUESTA,2009,11,21,5,6.4,,,,,,,,962.6,,0.9,,0,0,0,0,0,0,0,,,,
ZUESTA,2009,11,21,6,5.8,,,,,,,,962.7,,0.6,,1,0,0,0,0,0,0,,,,
ZUESTA,2009,11,21,7,5.9,,,,,,,,962.9,,0.5,,34,0,0,0,0,0,0,,,,
ZUESTA,2009,11,21,8,6.8,,,,,,,,962.8,,0.6,,104,0,0,0,0,0,0,,,,
ZUESTA,2009,11,21,9,7.7,,,,,,,,962.6,,0.6,,268,1267.1,44.2,0,0,0,0,,,,
ZUESTA,2009,11,21,10,8.7,,,,,,,,962.3,,2,,201,250.3,130,0,0,0,0,,,,
ZUESTA,2009,11,21,11,9,,,,,,,,961.6,,1.1,,150,22.3,142.1,0,0,0,0,,,,
ZUESTA,2009,11,21,12,10.4,,,,,,,,960.8,,0.7,,320,455.6,144.8,0,0,0,0,,,,
ZUESTA,2009,11,21,13,11.5,,,,,,,,959.9,,0.6,,243,180.2,176.1,0,0,0,0,,,,
ZUESTA,2009,11,21,14,11.3,,,,,,,,959.4,,0.7,,113,10.2,109.8,0,0,0,0,,,,
ZUESTA,2009,11,21,15,10.4,,,,,,,,959,,0.5,,26,0.9,25.8,0,0,0,0,,,,
ZUESTA,2009,11,21,16,8.7,,,,,,,,958.8,,0.5,,0,0,0,0,0,0,0,,,,
ZUESTA,2009,11,21,17,8,,,,,,,,958.7,,0.5,,0,0,0,0,0,0,0,,,,
ZUESTA,2009,11,21,18,8,,,,,,,,958.4,,0.4,,0,0,0,0,0,0,0,,,,
ZUESTA,2009,11,21,19,7.8,,,,,,,,957.8,,0.3,,0,0,0,0,0,0,0,,,,
ZUESTA,2009,11,21,20,7.4,,,,,,,,957.3,,0.3,,0,0,0,0,0,0,0,,,,
ZUESTA,2009,11,21,21,6.4,,,,,,,,956.6,,0.3,,0,0,0,0,0,0,0,,,,
ZUESTA,2009,11,21,22,5.9,,,,,,,,956,,0.6,,0,0,0,0,0,0,0,,,,
ZUESTA,2009,11,21,23,5.4,,,,,,,,955.5,,0.8,,0,0,0,0,0,0,0,,,,
ZUESTA,2009,11,22,0,5.4,,,,,,,,954.9,,0.3,,0,0,0,0,0,0,0,,,,
ZUESTA,2009,11,22,1,5.1,,,,,,,,954.4,,0.3,,0,0,0,0,0,0,0,,,,
ZUESTA,2009,11,22,2,3.9,,,,,,,,954.1,,0.3,,0,0,0,0,0,0,0,,,,
ZUESTA,2009,11,22,3,4,,,,,,,,954.2,,0.5,,0,0,0,0,0,0,0,,,,
ZUESTA,2009,11,22,4,4.3,,,,,,,,954.5,,0.7,,0,0,0,0,0,0,0,,,,
ZUESTA,2009,11,22,5,4.9,,,,,,,,955,,1.5,,0,0,0,0,0,0,0,,,,
ZUESTA,2009,11,22,6,7.4,,,,,,,,955.6,,2.2,,2,0,0,0,0,0,0,,,,
ZUESTA,2009,11,22,7,8.9,,,,,,,,956.2,,2.5,,33,0,0,0,0,0,0,,,,
ZUESTA,2009,11,22,8,9.5,,,,,,,,956.1,,2.1,,31,0,0,0,0,0,0,,,,
ZUESTA,2009,11,22,9,9.7,,,,,,,,955.8,,1.9,,55,6.7,53.8,0,0,0,0,,,,
ZUESTA,2009,11,22,10,9.7,,,,,,,,955.3,,1.6,,59,2.9,58.2,0,0,0,0,,,,
ZUESTA,2009,11,22,11,10.4,,,,,,,,954.6,,3.2,,73,2.8,72,0,0,0,0,,,,
ZUESTA,2009,11,22,12,11.3,,,,,,,,954.2,,5,,96,4.1,94.4,0,0,0,0,,,,
ZUESTA,2009,11,22,13,10,,,,,,,,954.1,,2.7,,69,2.3,68.2,0,0,0,0,,,,
ZUESTA,2009,11,22,14,9.6,,,,,,,,954.1,,0.9,,13,0.1,13,0,0,0,0,,,,
ZUESTA,2009,11,22,15,9.5,,,,,,,,954,,2.2,,5,0,5,0,0,0,0,,,,
ZUESTA,2009,11,22,16,9.6,,,,,,,,954,,4,,0,0,0,0,0,0,0,,,,
ZUESTA,2009,11,22,17,9.7,,,,,,,,954.2,,4,,0,0,0,0,0,0,0,,,,
ZUESTA,2009,11,22,18,9.3,,,,,,,,954.3,,4.4,,0,0,0,0,0,0,0,,,,
ZUESTA,2009,11,22,19,9,,,,,,,,954.1,,4.3,,0,0,0,0,0,0,0,,,,
ZUESTA,2009,11,22,20,9,,,,,,,,953.4,,3.9,,0,0,0,0,0,0,0,,,,
ZUESTA,2009,11,22,21,8.5,,,,,,,,953.1,,2.8,,0,0,0,0,0,0,0,,,,
ZUESTA,2009,11,22,22,9.3,,,,,,,,952.9,,4.7,,0,0,0,0,0,0,0,,,,
ZUESTA,2009,11,22,23,9.8,,,,,,,,952.3,,7.2,,0,0,0,0,0,0,0,,,,
ZUESTA,2009,11,23,0,10,,,,,,,,952.2,,7.5,,0,0,0,0,0,0,0,,,,
ZUESTA,2009,11,23,1,9.4,,,,,,,,952.8,,9.4,,0,0,0,0,0,0,0,,,,
ZUESTA,2009,11,23,2,9.6,,,,,,,,953,,8.5,,0,0,0,0,0,0,0,,,,
ZUESTA,2009,11,23,3,9.3,,,,,,,,953.1,,9.5,,0,0,0,0,0,0,0,,,,
ZUESTA,2009,11,23,4,8.7,,,,,,,,953.5,,9.7,,0,0,0,0,0,0,0,,,,
ZUESTA,2009,11,23,5,8.5,,,,,,,,953.7,,8.2,,0,0,0,0,0,0,0,,,,
ZUESTA,2009,11,23,6,8.6,,,,,,,,953.6,,8.4,,0,0,0,0,0,0,0,,,,
ZUESTA,2009,11,23,7,8.9,,,,,,,,953.5,,7.7,,23,0,0,0,0,0,0,,,,
ZUESTA,2009,11,23,8,9.6,,,,,,,,953.6,,8.2,,97,0,0,0,0,0,0,,,,
ZUESTA,2009,11,23,9,9.9,,,,,,,,954.2,,7.6,,214,1055.6,35.3,0,0,0,0,,,,
ZUESTA,2009,11,23,10,10.7,,,,,,,,954.3,,6.7,,302,911.4,50.2,0,0,0,0,,,,
ZUESTA,2009,11,23,11,11.1,,,,,,,,953.7,,6.6,,246,248.9,159.5,0,0,0,0,,,,
ZUESTA,2009,11,23,12,11.2,,,,,,,,952.9,,8.6,,148,15.3,142.2,0,0,0,0,,,,
ZUESTA,2009,11,23,13,11,,,,,,,,952.5,,6.9,,121,7.6,118.2,0,0,0,0,,,,
ZUESTA,2009,11,23,14,10.5,,,,,,,,952.5,,7.7,,30,0.6,29.8,0,0,0,0,,,,
ZUESTA,2009,11,23,15,10.5,,,,,,,,952.1,,7,,18,0.4,17.9,0,0,0,0,,,,
ZUESTA,2009,11,23,16,10.7,,,,,,,,951.8,,6.9,,0,0,0,0,0,0,0,,,,
ZUESTA,2009,11,23,17,11.1,,,,,,,,951.5,,7.3,,0,0,0,0,0,0,0,,,,
ZUESTA,2009,11,23,18,10.7,,,,,,,,951.4,,9.1,,0,0,0,0,0,0,0,,,,
ZUESTA,2009,11,23,19,10.2,,,,,,,,951.3,,7.3,,0,0,0,0,0,0,0,,,,
ZUESTA,2009,11,23,20,10.6,,,,,,,,951.1,,7.8,,0,0,0,0,0,0,0,,,,
ZUESTA,2009,11,23,21,9.6,,,,,,,,951.4,,8.6,,0,0,0,0,0,0,0,,,,
ZUESTA,2009,11,23,22,9.6,,,,,,,,951.6,,8.6,,0,0,0,0,0,0,0,,,,
ZUESTA,2009,11,23,23,8.8,,,,,,,,951.6,,7.8,,0,0,0,0,0,0,0,,,,
ZUESTA,2009,11,24,0,9,,,,,,,,951.2,,9.3,,0,0,0,0,0,0,0,,,,
ZUESTA,2009,11,24,1,8.6,,,,,,,,951.4,,10,,0,0,0,0,0,0,0,,,,
ZUESTA,2009,11,24,2,8.5,,,,,,,,951.9,,10.2,,0,0,0,0,0,0,0,,,,
ZUESTA,2009,11,24,3,8.8,,,,,,,,952.3,,8.3,,0,0,0,0,0,0,0,,,,
ZUESTA,2009,11,24,4,8.9,,,,,,,,952.4,,6.9,,0,0,0,0,0,0,0,,,,
ZUESTA,2009,11,24,5,8.8,,,,,,,,952.7,,7.1,,0,0,0,0,0,0,0,,,,
ZUESTA,2009,11,24,6,9.1,,,,,,,,953,,6.8,,0,0,0,0,0,0,0,,,,
ZUESTA,2009,11,24,7,9,,,,,,,,953.7,,6.1,,2,0,0,0,0,0,0,,,,
ZUESTA,2009,11,24,8,9.3,,,,,,,,954.6,,7,,17,0,0,0,0,0,0,,,,
ZUESTA,2009,11,24,9,9.9,,,,,,,,955.2,,7.5,,36,3,35.5,0,0,0,0,,,,
ZUESTA,2009,11,24,10,10.2,,,,,,,,955.6,,7.3,,54,2.5,53.3,0,0,0,0,,,,
ZUESTA,2009,11,24,11,10,,,,,,,,955.8,,7.3,,77,3.2,75.9,0,0,0,0,,,,
ZUESTA,2009,11,24,12,10.7,,,,,,,,955.8,,7.2,,140,12.3,135.4,0,0,0,0,,,,
ZUESTA,2009,11,24,13,11.3,,,,,,,,955.9,,7.2,,145,17,138.8,0,0,0,0,,,,
ZUESTA,2009,11,24,14,11.4,,,,,,,,956.3,,6.1,,76,3.9,74.8,0,0,0,0,,,,
ZUESTA,2009,11,24,15,11.3,,,,,,,,956.2,,5.6,,28,1.1,27.8,0,0,0,0,,,,
ZUESTA,2009,11,24,16,11.1,,,,,,,,956.2,,5.8,,0,0,0,0,0,0,0,,,,
ZUESTA,2009,11,24,17,10.7,,,,,,,,956.5,,4.6,,0,0,0,0,0,0,0,,,,
ZUESTA,2009,11,24,18,10.6,,,,,,,,956.6,,4.7,,0,0,0,0,0,0,0,,,,
ZUESTA,2009,11,24,19,10.3,,,,,,,,956.5,,4.5,,0,0,0,0,0,0,0,,,,
ZUESTA,2009,11,24,20,10.2,,,,,,,,956.3,,5.2,,0,0,0,0,0,0,0,,,,
ZUESTA,2009,11,24,21,10,,,,,,,,956,,4.6,,0,0,0,0,0,0,0,,,,
ZUESTA,2009,11,24,22,9.6,,,,,,,,955.8,,3.3,,0,0,0,0,0,0,0,,,,
ZUESTA,2009,11,24,23,8.8,,,,,,,,955.4,,2.6,,0,0,0,0,0,0,0,,,,
ZUESTA,2009,11,25,0,8.2,,,,,,,,955,,2,,0,0,0,0,0,0,0,,,,
ZUESTA,2009,11,25,1,7.8,,,,,,,,954.5,,1.8,,0,0,0,0,0,0,0,,,,
ZUESTA,2009,11,25,2,6.9,,,,,,,,953.8,,1.2,,0,0,0,0,0,0,0,,,,
ZUESTA,2009,11,25,3,6.4,,,,,,,,953,,0.7,,0,0,0,0,0,0,0,,,,
ZUESTA,2009,11,25,4,6.1,,,,,,,,952.5,,1,,0,0,0,0,0,0,0,,,,
ZUESTA,2009,11,25,5,5.7,,,,,,,,952.1,,1,,0,0,0,0,0,0,0,,,,
ZUESTA,2009,11,25,6,5.4,,,,,,,,951.6,,0.6,,0,0,0,0,0,0,0,,,,
ZUESTA,2009,11,25,7,5.3,,,,,,,,951.8,,0.5,,29,0,0,0,0,0,0,,,,
ZUESTA,2009,11,25,8,6.3,,,,,,,,952.1,,0.9,,158,0,0,0,0,0,0,,,,
ZUESTA,2009,11,25,9,8.2,,,,,,,,951.8,,2.1,,278,1431,45.9,0,0,0,0,,,,
ZUESTA,2009,11,25,10,9.6,,,,,,,,951.4,,2.4,,354,1098,58.4,0,0,0,0,,,,
ZUESTA,2009,11,25,11,10,,,,,,,,950.4,,2,,375,919.3,61.9,0,0,0,0,,,,
ZUESTA,2009,11,25,12,10.7,,,,,,,,949.3,,1.7,,313,475,136.7,0,0,0,0,,,,
ZUESTA,2009,11,25,13,11.4,,,,,,,,948.1,,1.4,,206,100,170.1,0,0,0,0,,,,
ZUESTA,2009,11,25,14,11.9,,,,,,,,947.3,,0.9,,111,11,107.7,0,0,0,0,,,,
ZUESTA,2009,11,25,15,11.7,,,,,,,,947.1,,1,,49,3.4,48.3,0,0,0,0,,,,
ZUESTA,2009,11,25,16,9.9,,,,,,,,947.7,,1.8,,0,0,0,0,0,0,0,,,,
ZUESTA,2009,11,25,17,9.2,,,,,,,,948,,0.9,,0,0,0,0,0,0,0,,,,
ZUESTA,2009,11,25,18,8,,,,,,,,948.3,,0.6,,0,0,0,0,0,0,0,,,,
ZUESTA,2009,11,25,19,9.7,,,,,,,,948.6,,2.5,,0,0,0,0,0,0,0,,,,
ZUESTA,2009,11,25,20,10.6,,,,,,,,949.1,,4.7,,0,0,0,0,0,0,0,,,,
ZUESTA,2009,11,25,21,10.5,,,,,,,,949.3,,4.7,,0,0,0,0,0,0,0,,,,
ZUESTA,2009,11,25,22,10.5,,,,,,,,949.4,,6.2,,0,0,0,0,0,0,0,,,,
ZUESTA,2009,11,25,23,10.3,,,,,,,,949.8,,6.3,,0,0,0,0,0,0,0,,,,
ZUESTA,2009,11,26,0,10.4,,,,,,,,950,,5.6,,0,0,0,0,0,0,0,,,,
ZUESTA,2009,11,26,1,10.3,,,,,,,,950.3,,5.3,,0,0,0,0,0,0,0,,,,
ZUESTA,2009,11,26,2,9.5,,,,,,,,951.1,,2.4,,0,0,0,0,0,0,0,,,,
ZUESTA,2009,11,26,3,8.1,,,,,,,,951.3,,1.2,,0,0,0,0,0,0,0,,,,
ZUESTA,2009,11,26,4,8.1,,,,,,,,951.1,,1.5,,0,0,0,0,0,0,0,,,,
ZUESTA,2009,11,26,5,8.6,,,,,,,,951,,3.8,,0,0,0,0,0,0,0,,,,
ZUESTA,2009,11,26,6,9,,,,,,,,951,,3.6,,0,0,0,0,0,0,0,,,,
ZUESTA,2009,11,26,7,8.9,,,,,,,,951.3,,2.2,,5,0,0,0,0,0,0,,,,
ZUESTA,2009,11,26,8,8.2,,,,,,,,951.8,,1.1,,26,0,0,0,0,0,0,,,,
ZUESTA,2009,11,26,9,7.6,,,,,,,,952.1,,0.7,,15,0.6,14.9,0,0,0,0,,,,
ZUESTA,2009,11,26,10,7.4,,,,,,,,952.4,,0.5,,26,0.6,25.8,0,0,0,0,,,,
ZUESTA,2009,11,26,11,7.5,,,,,,,,952,,0.4,,38,0.8,37.7,0,0,0,0,,,,
ZUESTA,2009,11,26,12,7.9,,,,,,,,951.5,,0.4,,85,3.4,83.7,0,0,0,0,,,,
ZUESTA,2009,11,26,13,8.6,,,,,,,,951,,0.7,,97,4.8,95.3,0,0,0,0,,,,
ZUESTA,2009,11,26,14,8.9,,,,,,,,950.7,,2,,69,3.4,68,0,0,0,0,,,,
ZUESTA,2009,11,26,15,8.8,,,,,,,,950.7,,1.2,,16,0.4,15.9,0,0,0,0,,,,
ZUESTA,2009,11,26,16,9,,,,,,,,950.7,,1.8,,0,0,0,0,0,0,0,,,,
ZUESTA,2009,11,26,17,8.9,,,,,,,,950.8,,2.3,,0,0,0,0,0,0,0,,,,
ZUESTA,2009,11,26,18,9.1,,,,,,,,950.7,,3,,0,0,0,0,0,0,0,,,,
ZUESTA,2009,11,26,19,8.5,,,,,,,,950.5,,3.1,,0,0,0,0,0,0,0,,,,
ZUESTA,2009,11,26,20,8.5,,,,,,,,950.4,,4.2,,0,0,0,0,0,0,0,,,,
ZUESTA,2009,11,26,21,8.4,,,,,,,,950,,3.8,,0,0,0,0,0,0,0,,,,
ZUESTA,2009,11,26,22,8.5,,,,,,,,949.5,,5.1,,0,0,0,0,0,0,0,,,,
ZUESTA,2009,11,26,23,7.4,,,,,,,,949.2,,3.4,,0,0,0,0,0,0,0,,,,
ZUESTA,2009,11,27,0,5.8,,,,,,,,948.6,,1,,0,0,0,0,0,0,0,,,,
ZUESTA,2009,11,27,1,5.6,,,,,,,,947.9,,1.5,,0,0,0,0,0,0,0,,,,
ZUESTA,2009,11,27,2,5.4,,,,,,,,947.5,,1.2,,0,0,0,0,0,0,0,,,,
ZUESTA,2009,11,27,3,5.2,,,,,,,,947.3,,1,,0,0,0,0,0,0,0,,,,
ZUESTA,2009,11,27,4,5.4,,,,,,,,947,,1.2,,0,0,0,0,0,0,0,,,,
ZUESTA,2009,11,27,5,7.3,,,,,,,,946.4,,7.6,,0,0,0,0,0,0,0,,,,
ZUESTA,2009,11,27,6,7.4,,,,,,,,946.7,,7.5,,0,0,0,0,0,0,0,,,,
ZUESTA,2009,11,27,7,7.3,,,,,,,,947,,5.5,,18,0,0,0,0,0,0,,,,
ZUESTA,2009,11,27,8,8.1,,,,,,,,947.1,,6,,140,0,0,0,0,0,0,,,,
ZUESTA,2009,11,27,9,8.4,,,,,,,,947.5,,5.5,,82,66.7,71.6,0,0,0,0,,,,
ZUESTA,2009,11,27,10,8.8,,,,,,,,947.5,,5.5,,138,65.6,120.8,0,0,0,0,,,,
ZUESTA,2009,11,27,11,9.4,,,,,,,,947.1,,5.6,,186,86.3,157.2,0,0,0,0,,,,
ZUESTA,2009,11,27,12,9.1,,,,,,,,946.9,,5.7,,55,1.5,54.5,0,0,0,0,,,,
ZUESTA,2009,11,27,13,7.9,,,,,,,,947.1,,7.4,,25,0.3,24.9,0,0,0,0,,,,
ZUESTA,2009,11,27,14,6.8,,,,,,,,947.4,,7.6,,15,0.2,15,0,0,0,0,,,,
ZUESTA,2009,11,27,15,6.7,,,,,,,,947.5,,6,,6,0.1,6,0,0,0,0,,,,
ZUESTA,2009,11,27,16,6.4,,,,,,,,947.8,,5.3,,0,0,0,0,0,0,0,,,,
ZUESTA,2009,11,27,17,6.5,,,,,,,,947.8,,5.7,,0,0,0,0,0,0,0,,,,
ZUESTA,2009,11,27,18,6.7,,,,,,,,947.8,,5.7,,0,0,0,0,0,0,0,,,,
ZUESTA,2009,11,27,19,6.5,,,,,,,,947.8,,3.2,,0,0,0,0,0,0,0,,,,
ZUESTA,2009,11,27,20,6.7,,,,,,,,947.9,,3.2,,0,0,0,0,0,0,0,,,,
ZUESTA,2009,11,27,21,6.9,,,,,,,,947.9,,3.6,,0,0,0,0,0,0,0,,,,
ZUESTA,2009,11,27,22,6.6,,,,,,,,948,,3.1,,0,0,0,0,0,0,0,,,,
ZUESTA,2009,11,27,23,6.4,,,,,,,,948.1,,2.8,,0,0,0,0,0,0,0,,,,
ZUESTA,2009,11,28,0,6.8,,,,,,,,948.2,,3.7,,0,0,0,0,0,0,0,,,,
ZUESTA,2009,11,28,1,6.8,,,,,,,,948.1,,4,,0,0,0,0,0,0,0,,,,
ZUESTA,2009,11,28,2,7,,,,,,,,948,,4.2,,0,0,0,0,0,0,0,,,,
ZUESTA,2009,11,28,3,6.6,,,,,,,,947.8,,5.6,,0,0,0,0,0,0,0,,,,
ZUESTA,2009,11,28,4,6.2,,,,,,,,948,,3.8,,0,0,0,0,0,0,0,,,,
ZUESTA,2009,11,28,5,5.5,,,,,,,,948.1,,3.4,,0,0,0,0,0,0,0,,,,
ZUESTA,2009,11,28,6,5.4,,,,,,,,948.4,,3.8,,0,0,0,0,0,0,0,,,,
ZUESTA,2009,11,28,7,6.1,,,,,,,,948.4,,4.1,,23,0,0,0,0,0,0,,,,
ZUESTA,2009,11,28,8,6.8,,,,,,,,948.5,,4.4,,146,0,0,0,0,0,0,,,,
ZUESTA,2009,11,28,9,7.4,,,,,,,,948.6,,4.3,,255,1399.6,42.1,0,0,0,0,,,,
ZUESTA,2009,11,28,10,8,,,,,,,,948.3,,3.4,,315,1014.8,52,0,0,0,0,,,,
ZUESTA,2009,11,28,11,9,,,,,,,,947.3,,3,,369,931.6,60.7,0,0,0,0,,,,
ZUESTA,2009,11,28,12,9.6,,,,,,,,946.8,,3.1,,320,551.6,120.3,0,0,0,0,,,,
ZUESTA,2009,11,28,13,10.2,,,,,,,,946.4,,4.2,,206,111,167.1,0,0,0,0,,,,
ZUESTA,2009,11,28,14,10.5,,,,,,,,946.1,,4.1,,161,76.2,138.4,0,0,0,0,,,,
ZUESTA,2009,11,28,15,9.2,,,,,,,,945.7,,3.3,,33,1.7,32.7,0,0,0,0,,,,
ZUESTA,2009,11,28,16,8.4,,,,,,,,945.5,,2.4,,0,0,0,0,0,0,0,,,,
ZUESTA,2009,11,28,17,8.1,,,,,,,,945.4,,2.4,,0,0,0,0,0,0,0,,,,
ZUESTA,2009,11,28,18,7.6,,,,,,,,945.1,,2.7,,0,0,0,0,0,0,0,,,,
ZUESTA,2009,11,28,19,5.9,,,,,,,,944.9,,1.7,,0,0,0,0,0,0,0,,,,
ZUESTA,2009,11,28,20,5.4,,,,,,,,944.7,,1,,0,0,0,0,0,0,0,,,,
ZUESTA,2009,11,28,21,5.3,,,,,,,,944.2,,0.7,,0,0,0,0,0,0,0,,,,
ZUESTA,2009,11,28,22,4.7,,,,,,,,943.7,,0.8,,0,0,0,0,0,0,0,,,,
ZUESTA,2009,11,28,23,3.9,,,,,,,,943.2,,0.5,,0,0,0,0,0,0,0,,,,
ZUESTA,2009,11,29,0,4.1,,,,,,,,942.3,,0.6,,0,0,0,0,0,0,0,,,,
ZUESTA,2009,11,29,1,4.6,,,,,,,,941.5,,0.9,,0,0,0,0,0,0,0,,,,
ZUESTA,2009,11,29,2,4.8,,,,,,,,941,,1.2,,0,0,0,0,0,0,0,,,,
ZUESTA,2009,11,29,3,5.2,,,,,,,,940.8,,1.1,,0,0,0,0,0,0,0,,,,
ZUESTA,2009,11,29,4,4.2,,,,,,,,940.6,,0.5,,0,0,0,0,0,0,0,,,,
ZUESTA,2009,11,29,5,3.6,,,,,,,,940.2,,0.8,,0,0,0,0,0,0,0,,,,
ZUESTA,2009,11,29,6,3.7,,,,,,,,940.2,,1,,0,0,0,0,0,0,0,,,,
ZUESTA,2009,11,29,7,3.9,,,,,,,,940,,0.7,,18,0,0,0,0,0,0,,,,
ZUESTA,2009,11,29,8,4,,,,,,,,939.3,,0.4,,68,0,0,0,0,0,0,,,,
ZUESTA,2009,11,29,9,5.3,,,,,,,,938.9,,0.3,,126,478.2,54.8,0,0,0,0,,,,
ZUESTA,2009,11,29,10,6.2,,,,,,,,938.5,,0.3,,157,134.1,122.7,0,0,0,0,,,,
ZUESTA,2009,11,29,11,6.3,,,,,,,,937.9,,1.4,,124,12.8,119.8,0,0,0,0,,,,
ZUESTA,2009,11,29,12,6.6,,,,,,,,936.9,,2.2,,135,12.4,130.5,0,0,0,0,,,,
ZUESTA,2009,11,29,13,6.8,,,,,,,,936,,1,,147,22,139.4,0,0,0,0,,,,
ZUESTA,2009,11,29,14,6.6,,,,,,,,935.4,,0.5,,51,1.9,50.4,0,0,0,0,,,,
ZUESTA,2009,11,29,15,6.1,,,,,,,,934.6,,0.7,,6,0.1,6,0,0,0,0,,,,
ZUESTA,2009,11,29,16,5.6,,,,,,,,933.8,,1.2,,0,0,0,0,0,0,0,,,,
ZUESTA,2009,11,29,17,5.7,,,,,,,,932.8,,1.3,,0,0,0,0,0,0,0,,,,
ZUESTA,2009,11,29,18,4.9,,,,,,,,932.8,,0.2,,0,0,0,0,0,0,0,,,,
ZUESTA,2009,11,29,19,5.5,,,,,,,,932.9,,1.8,,0,0,0,0,0,0,0,,,,
ZUESTA,2009,11,29,20,5.1,,,,,,,,932.4,,0.6,,0,0,0,0,0,0,0,,,,
ZUESTA,2009,11,29,21,5.8,,,,,,,,932,,2.6,,0,0,0,0,0,0,0,,,,
ZUESTA,2009,11,29,22,5.7,,,,,,,,932.1,,1.4,,0,0,0,0,0,0,0,,,,
ZUESTA,2009,11,29,23,5.4,,,,,,,,932.7,,2.9,,0,0,0,0,0,0,0,,,,
ZUESTA,2009,11,30,0,4.6,,,,,,,,932.7,,1.8,,0,0,0,0,0,0,0,,,,
ZUESTA,2009,11,30,1,4.3,,,,,,,,932.5,,1.6,,0,0,0,0,0,0,0,,,,
ZUESTA,2009,11,30,2,4.4,,,,,,,,932.2,,2.3,,0,0,0,0,0,0,0,,,,
ZUESTA,2009,11,30,3,4.3,,,,,,,,931.9,,2.3,,0,0,0,0,0,0,0,,,,
ZUESTA,2009,11,30,4,4,,,,,,,,932.3,,1.8,,0,0,0,0,0,0,0,,,,
ZUESTA,2009,11,30,5,3.3,,,,,,,,932.6,,2.4,,0,0,0,0,0,0,0,,,,
ZUESTA,2009,11,30,6,2.8,,,,,,,,932.9,,1.4,,0,0,0,0,0,0,0,,,,
ZUESTA,2009,11,30,7,2.4,,,,,,,,933,,0.9,,0,0,0,0,0,0,0,,,,
ZUESTA,2009,11,30,8,2.2,,,,,,,,933.3,,1.1,,1,0,0,0,0,0,0,,,,
ZUESTA,2009,11,30,9,1.7,,,,,,,,933.7,,1.2,,5,0.1,5,0,0,0,0,,,,
ZUESTA,2009,11,30,10,1.2,,,,,,,,934,,1,,9,0.1,9,0,0,0,0,,,,
ZUESTA,2009,11,30,11,0.6,,,,,,,,933.8,,0.4,,16,0.2,15.9,0,0,0,0,,,,
ZUESTA,2009,11,30,12,0.5,,,,,,,,933.7,,0.3,,11,0.1,11,0,0,0,0,,,,
ZUESTA,2009,11,30,13,0.1,,,,,,,,933.8,,0.7,,6,0,6,0,0,0,0,,,,
ZUESTA,2009,11,30,14,0.1,,,,,,,,934,,0.3,,1,0,1,0,0,0,0,,,,
ZUESTA,2009,11,30,15,0.1,,,,,,,,934.2,,0.3,,0,0,0,0,0,0,0,,,,
ZUESTA,2009,11,30,16,0,,,,,,,,934.3,,0.2,,0,0,0,0,0,0,0,,,,
ZUESTA,2009,11,30,17,0,,,,,,,,934.8,,0.1,,0,0,0,0,0,0,0,,,,
ZUESTA,2009,11,30,18,-0.1,,,,,,,,935.4,,0.3,,0,0,0,0,0,0,0,,,,
ZUESTA,2009,11,30,19,0.1,,,,,,,,935.9,,0.1,,0,0,0,0,0,0,0,,,,
ZUESTA,2009,11,30,20,0.1,,,,,,,,936.1,,0.5,,0,0,0,0,0,0,0,,,,
ZUESTA,2009,11,30,21,0.1,,,,,,,,936.8,,0.4,,0,0,0,0,0,0,0,,,,
ZUESTA,2009,11,30,22,0,,,,,,,,937.5,,0.3,,0,0,0,0,0,0,0,,,,
ZUESTA,2009,11,30,23,0.2,,,,,,,,937.6,,0.4,,0,0,0,0,0,0,0,,,,
ZUESTA,2009,12,1,0,0.2,,,,,,,,937.9,,0.4,,0,0,0,0,0,0,0,,,,
ZUESTA,2009,12,1,1,0.4,,,,,,,,938.3,,0.6,,0,0,0,0,0,0,0,,,,
ZUESTA,2009,12,1,2,0.2,,,,,,,,938.8,,0.4,,0,0,0,0,0,0,0,,,,
ZUESTA,2009,12,1,3,0.2,,,,,,,,939.2,,0.5,,0,0,0,0,0,0,0,,,,
ZUESTA,2009,12,1,4,0.2,,,,,,,,939.7,,0.5,,0,0,0,0,0,0,0,,,,
ZUESTA,2009,12,1,5,0.2,,,,,,,,940.4,,0.4,,0,0,0,0,0,0,0,,,,
ZUESTA,2009,12,1,6,0.1,,,,,,,,941,,0.3,,0,0,0,0,0,0,0,,,,
ZUESTA,2009,12,1,7,0.2,,,,,,,,941.8,,0.2,,2,0,0,0,0,0,0,,,,
ZUESTA,2009,12,1,8,0.5,,,,,,,,942.6,,0.7,,13,0,0,0,0,0,0,,,,
ZUESTA,2009,12,1,9,0.5,,,,,,,,943.5,,0.5,,40,5,39.3,0,0,0,0,,,,
ZUESTA,2009,12,1,10,0.8,,,,,,,,944.2,,0.7,,50,2.6,49.4,0,0,0,0,,,,
ZUESTA,2009,12,1,11,1.1,,,,,,,,944.6,,0.7,,60,2.2,59.3,0,0,0,0,,,,
ZUESTA,2009,12,1,12,1.7,,,,,,,,944.8,,1.9,,65,2.2,64.2,0,0,0,0,,,,
ZUESTA,2009,12,1,13,1.8,,,,,,,,945.1,,2,,41,0.9,40.7,0,0,0,0,,,,
ZUESTA,2009,12,1,14,1.8,,,,,,,,945.5,,1.2,,22,0.4,21.9,0,0,0,0,,,,
ZUESTA,2009,12,1,15,1.8,,,,,,,,946,,1.3,,1,0,1,0,0,0,0,,,,
ZUESTA,2009,12,1,16,1.9,,,,,,,,946.8,,1,,0,0,0,0,0,0,0,,,,
ZUESTA,2009,12,1,17,2,,,,,,,,947.5,,0.7,,0,0,0,0,0,0,0,,,,
ZUESTA,2009,12,1,18,2.1,,,,,,,,948,,0.5,,0,0,0,0,0,0,0,,,,
ZUESTA,2009,12,1,19,2.1,,,,,,,,948.3,,0.9,,0,0,0,0,0,0,0,,,,
ZUESTA,2009,12,1,20,1.8,,,,,,,,948.5,,1.1,,0,0,0,0,0,0,0,,,,
ZUESTA,2009,12,1,21,1.8,,,,,,,,948.8,,1.3,,0,0,0,0,0,0,0,,,,
ZUESTA,2009,12,1,22,1.9,,,,,,,,949,,1,,0,0,0,0,0,0,0,,,,
ZUESTA,2009,12,1,23,1.8,,,,,,,,948.9,,0.8,,0,0,0,0,0,0,0,,,,
ZUESTA,2009,12,2,0,1.6,,,,,,,,948.9,,0.5,,0,0,0,0,0,0,0,,,,
ZUESTA,2009,12,2,1,1.3,,,,,,,,949,,0.6,,0,0,0,0,0,0,0,,,,
ZUESTA,2009,12,2,2,1.3,,,,,,,,948.9,,0.8,,0,0,0,0,0,0,0,,,,
ZUESTA,2009,12,2,3,1.2,,,,,,,,949,,0.6,,0,0,0,0,0,0,0,,,,
ZUESTA,2009,12,2,4,0.7,,,,,,,,948.9,,0.2,,0,0,0,0,0,0,0,,,,
ZUESTA,2009,12,2,5,0.4,,,,,,,,948.9,,0.8,,0,0,0,0,0,0,0,,,,
ZUESTA,2009,12,2,6,0.6,,,,,,,,948.8,,1.1,,0,0,0,0,0,0,0,,,,
ZUESTA,2009,12,2,7,0.7,,,,,,,,948.9,,1.1,,28,0,0,0,0,0,0,,,,
ZUESTA,2009,12,2,8,0.7,,,,,,,,949.1,,0.8,,32,0,0,0,0,0,0,,,,
ZUESTA,2009,12,2,9,0.9,,,,,,,,949.3,,0.6,,38,4.7,37.3,0,0,0,0,,,,
ZUESTA,2009,12,2,10,1.3,,,,,,,,949.1,,0.8,,93,12.5,89.9,0,0,0,0,,,,
ZUESTA,2009,12,2,11,2.5,,,,,,,,948.4,,1.1,,318,764.7,73.8,0,0,0,0,,,,
ZUESTA,2009,12,2,12,3,,,,,,,,947.9,,1.6,,335,685.6,94.1,0,0,0,0,,,,
ZUESTA,2009,12,2,13,3.1,,,,,,,,947.7,,0.8,,184,74,158.8,0,0,0,0,,,,
ZUESTA,2009,12,2,14,3.4,,,,,,,,947.4,,1.2,,104,10.3,101,0,0,0,0,,,,
ZUESTA,2009,12,2,15,2.8,,,,,,,,946.9,,0.8,,32,1.7,31.7,0,0,0,0,,,,
ZUESTA,2009,12,2,16,2.1,,,,,,,,947,,0.9,,0,0,0,0,0,0,0,,,,
ZUESTA,2009,12,2,17,2.3,,,,,,,,947,,1.1,,0,0,0,0,0,0,0,,,,
ZUESTA,2009,12,2,18,1.9,,,,,,,,947,,1.5,,0,0,0,0,0,0,0,,,,
ZUESTA,2009,12,2,19,1.6,,,,,,,,947,,0.9,,0,0,0,0,0,0,0,,,,
ZUESTA,2009,12,2,20,1.5,,,,,,,,946.6,,0.9,,0,0,0,0,0,0,0,,,,
ZUESTA,2009,12,2,21,0.8,,,,,,,,946.3,,0.5,,0,0,0,0,0,0,0,,,,
ZUESTA,2009,12,2,22,0.8,,,,,,,,946.5,,0.7,,0,0,0,0,0,0,0,,,,
ZUESTA,2009,12,2,23,1.4,,,,,,,,946.5,,1.4,,0,0,0,0,0,0,0,,,,
ZUESTA,2009,12,3,0,1.3,,,,,,,,946.1,,1.8,,0,0,0,0,0,0,0,,,,
ZUESTA,2009,12,3,1,1.1,,,,,,,,946,,2.3,,0,0,0,0,0,0,0,,,,
ZUESTA,2009,12,3,2,1.2,,,,,,,,945.5,,1.3,,0,0,0,0,0,0,0,,,,
ZUESTA,2009,12,3,3,0.6,,,,,,,,945,,0.8,,0,0,0,0,0,0,0,,,,
ZUESTA,2009,12,3,4,0.4,,,,,,,,944.9,,0.4,,0,0,0,0,0,0,0,,,,
ZUESTA,2009,12,3,5,-0.5,,,,,,,,944.8,,0.6,,0,0,0,0,0,0,0,,,,
ZUESTA,2009,12,3,6,-0.9,,,,,,,,944.7,,0.5,,0,0,0,0,0,0,0,,,,
ZUESTA,2009,12,3,7,-0.5,,,,,,,,944.9,,0.4,,15,0,0,0,0,0,0,,,,
ZUESTA,2009,12,3,8,-0.1,,,,,,,,945.2,,0.5,,71,0,0,0,0,0,0,,,,
ZUESTA,2009,12,3,9,0.3,,,,,,,,945.5,,0.5,,134,733.6,33.6,0,0,0,0,,,,
ZUESTA,2009,12,3,10,1,,,,,,,,944.9,,1.1,,178,276.1,110.6,0,0,0,0,,,,
ZUESTA,2009,12,3,11,2.5,,,,,,,,944.4,,1.7,,263,447.4,121.3,0,0,0,0,,,,
ZUESTA,2009,12,3,12,4.2,,,,,,,,943.7,,1.1,,324,636.7,101.8,0,0,0,0,,,,
ZUESTA,2009,12,3,13,5.1,,,,,,,,943.1,,1.2,,244,263.7,154.7,0,0,0,0,,,,
ZUESTA,2009,12,3,14,5.4,,,,,,,,942.8,,1.3,,89,6.3,87.2,0,0,0,0,,,,
ZUESTA,2009,12,3,15,4.8,,,,,,,,942.5,,0.5,,23,0.9,22.8,0,0,0,0,,,,
ZUESTA,2009,12,3,16,4,,,,,,,,942.4,,0.5,,0,0,0,0,0,0,0,,,,
ZUESTA,2009,12,3,17,4.2,,,,,,,,942.3,,1,,0,0,0,0,0,0,0,,,,
ZUESTA,2009,12,3,18,4.3,,,,,,,,942.1,,1.1,,0,0,0,0,0,0,0,,,,
ZUESTA,2009,12,3,19,3.8,,,,,,,,942.4,,1.2,,0,0,0,0,0,0,0,,,,
ZUESTA,2009,12,3,20,4.3,,,,,,,,942.5,,2.6,,0,0,0,0,0,0,0,,,,
ZUESTA,2009,12,3,21,4.4,,,,,,,,942.4,,1.4,,0,0,0,0,0,0,0,,,,
ZUESTA,2009,12,3,22,4.3,,,,,,,,942.2,,1.1,,0,0,0,0,0,0,0,,,,
ZUESTA,2009,12,3,23,4.2,,,,,,,,942.1,,2.6,,0,0,0,0,0,0,0,,,,
ZUESTA,2009,12,4,0,4,,,,,,,,941.7,,2.9,,0,0,0,0,0,0,0,,,,
ZUESTA,2009,12,4,1,3.7,,,,,,,,942.2,,2.8,,0,0,0,0,0,0,0,,,,
ZUESTA,2009,12,4,2,3.2,,,,,,,,942.6,,2.3,,0,0,0,0,0,0,0,,,,
ZUESTA,2009,12,4,3,3,,,,,,,,942.4,,2,,0,0,0,0,0,0,0,,,,
ZUESTA,2009,12,4,4,2.8,,,,,,,,942.2,,0.9,,0,0,0,0,0,0,0,,,,
ZUESTA,2009,12,4,5,2.2,,,,,,,,942.3,,1.1,,0,0,0,0,0,0,0,,,,
ZUESTA,2009,12,4,6,2.3,,,,,,,,942.5,,0.9,,0,0,0,0,0,0,0,,,,
ZUESTA,2009,12,4,7,2.5,,,,,,,,942.9,,1.1,,4,0,0,0,0,0,0,,,,
ZUESTA,2009,12,4,8,2.4,,,,,,,,943.3,,1.1,,47,0,0,0,0,0,0,,,,
ZUESTA,2009,12,4,9,3,,,,,,,,943.9,,0.8,,112,456.2,50.8,0,0,0,0,,,,
ZUESTA,2009,12,4,10,3.2,,,,,,,,944.7,,0.9,,126,62.6,110.9,0,0,0,0,,,,
ZUESTA,2009,12,4,11,3.5,,,,,,,,945.1,,0.9,,176,88,148.4,0,0,0,0,,,,
ZUESTA,2009,12,4,12,3.9,,,,,,,,945.5,,0.8,,203,108.1,165.5,0,0,0,0,,,,
ZUESTA,2009,12,4,13,4.2,,,,,,,,946,,1.4,,141,20.8,134,0,0,0,0,,,,
ZUESTA,2009,12,4,14,4.2,,,,,,,,946.6,,1.6,,116,18.1,110.8,0,0,0,0,,,,
ZUESTA,2009,12,4,15,3.9,,,,,,,,947.3,,1.9,,55,5.1,54,0,0,0,0,,,,
ZUESTA,2009,12,4,16,2.9,,,,,,,,947.9,,1.7,,1,0,1,0,0,0,0,,,,
ZUESTA,2009,12,4,17,1.6,,,,,,,,948.7,,0.6,,0,0,0,0,0,0,0,,,,
ZUESTA,2009,12,4,18,1,,,,,,,,949.4,,0.5,,0,0,0,0,0,0,0,,,,
ZUESTA,2009,12,4,19,1,,,,,,,,949.7,,0.4,,0,0,0,0,0,0,0,,,,
ZUESTA,2009,12,4,20,0.8,,,,,,,,949.7,,0.8,,0,0,0,0,0,0,0,,,,
ZUESTA,2009,12,4,21,0.2,,,,,,,,950,,0.8,,0,0,0,0,0,0,0,,,,
ZUESTA,2009,12,4,22,0.3,,,,,,,,950.4,,0.4,,0,0,0,0,0,0,0,,,,
ZUESTA,2009,12,4,23,-0.1,,,,,,,,950.2,,0.5,,0,0,0,0,0,0,0,,,,
ZUESTA,2009,12,5,0,-0.2,,,,,,,,950,,0.4,,0,0,0,0,0,0,0,,,,
ZUESTA,2009,12,5,1,-0.1,,,,,,,,949.8,,0.7,,0,0,0,0,0,0,0,,,,
ZUESTA,2009,12,5,2,-0.4,,,,,,,,950.1,,1,,0,0,0,0,0,0,0,,,,
ZUESTA,2009,12,5,3,-0.3,,,,,,,,950,,0.6,,0,0,0,0,0,0,0,,,,
ZUESTA,2009,12,5,4,0,,,,,,,,950.2,,0.8,,0,0,0,0,0,0,0,,,,
ZUESTA,2009,12,5,5,0.2,,,,,,,,950,,1.2,,0,0,0,0,0,0,0,,,,
ZUESTA,2009,12,5,6,-0.3,,,,,,,,950.3,,1.2,,0,0,0,0,0,0,0,,,,
ZUESTA,2009,12,5,7,-0.5,,,,,,,,950.4,,1.2,,18,0,0,0,0,0,0,,,,
ZUESTA,2009,12,5,8,0.1,,,,,,,,950.5,,1.1,,62,0,0,0,0,0,0,,,,
ZUESTA,2009,12,5,9,1.2,,,,,,,,950.6,,1.6,,91,224.8,61.5,0,0,0,0,,,,
ZUESTA,2009,12,5,10,2.2,,,,,,,,950.8,,2.4,,164,216.5,112.3,0,0,0,0,,,,
ZUESTA,2009,12,5,11,2.9,,,,,,,,950.7,,2.3,,133,22.8,125.9,0,0,0,0,,,,
ZUESTA,2009,12,5,12,3.6,,,,,,,,950.7,,2.9,,103,5.7,101,0,0,0,0,,,,
ZUESTA,2009,12,5,13,3.9,,,,,,,,950.6,,2.2,,61,2.1,60.3,0,0,0,0,,,,
ZUESTA,2009,12,5,14,3.9,,,,,,,,950.6,,2.2,,48,1.8,47.5,0,0,0,0,,,,
ZUESTA,2009,12,5,15,3.6,,,,,,,,950.6,,2.6,,21,0.7,20.9,0,0,0,0,,,,
ZUESTA,2009,12,5,16,3.2,,,,,,,,950.5,,2.7,,0,0,0,0,0,0,0,,,,
ZUESTA,2009,12,5,17,3.2,,,,,,,,950.8,,1.9,,0,0,0,0,0,0,0,,,,
ZUESTA,2009,12,5,18,2.7,,,,,,,,950.8,,1.8,,0,0,0,0,0,0,0,,,,
ZUESTA,2009,12,5,19,2.5,,,,,,,,950.8,,0.9,,0,0,0,0,0,0,0,,,,
ZUESTA,2009,12,5,20,2.6,,,,,,,,950.7,,0.9,,0,0,0,0,0,0,0,,,,
ZUESTA,2009,12,5,21,2.4,,,,,,,,950.7,,1.2,,0,0,0,0,0,0,0,,,,
ZUESTA,2009,12,5,22,2.1,,,,,,,,950.5,,1,,0,0,0,0,0,0,0,,,,
ZUESTA,2009,12,5,23,2.2,,,,,,,,950.7,,0.8,,0,0,0,0,0,0,0,,,,
ZUESTA,2009,12,6,0,2.7,,,,,,,,950.6,,0.5,,0,0,0,0,0,0,0,,,,
ZUESTA,2009,12,6,1,3.4,,,,,,,,951,,1.2,,0,0,0,0,0,0,0,,,,
ZUESTA,2009,12,6,2,3.2,,,,,,,,950.9,,0.9,,0,0,0,0,0,0,0,,,,
ZUESTA,2009,12,6,3,2.8,,,,,,,,950.2,,0.9,,0,0,0,0,0,0,0,,,,
ZUESTA,2009,12,6,4,3.3,,,,,,,,950.1,,1.3,,0,0,0,0,0,0,0,,,,
ZUESTA,2009,12,6,5,3.5,,,,,,,,949.8,,1.6,,0,0,0,0,0,0,0,,,,
ZUESTA,2009,12,6,6,3.6,,,,,,,,949.4,,1.1,,0,0,0,0,0,0,0,,,,
ZUESTA,2009,12,6,7,3.5,,,,,,,,949.4,,0.6,,9,0,0,0,0,0,0,,,,
ZUESTA,2009,12,6,8,3.8,,,,,,,,949.2,,0.4,,38,0,0,0,0,0,0,,,,
ZUESTA,2009,12,6,9,4.5,,,,,,,,949.1,,0.4,,76,112,61.6,0,0,0,0,,,,
ZUESTA,2009,12,6,10,5,,,,,,,,948.9,,0.5,,136,99.5,112.5,0,0,0,0,,,,
ZUESTA,2009,12,6,11,5.5,,,,,,,,948.7,,0.5,,104,7.9,101.6,0,0,0,0,,,,
ZUESTA,2009,12,6,12,5.5,,,,,,,,947.9,,0.7,,52,1.5,51.5,0,0,0,0,,,,
ZUESTA,2009,12,6,13,6,,,,,,,,947.7,,1.1,,65,2.4,64.2,0,0,0,0,,,,
ZUESTA,2009,12,6,14,6.2,,,,,,,,947.6,,0.6,,32,0.8,31.8,0,0,0,0,,,,
ZUESTA,2009,12,6,15,6.9,,,,,,,,947.4,,1.1,,6,0.1,6,0,0,0,0,,,,
ZUESTA,2009,12,6,16,6.3,,,,,,,,947.4,,1.3,,0,0,0,0,0,0,0,,,,
ZUESTA,2009,12,6,17,6.4,,,,,,,,947.6,,1,,0,0,0,0,0,0,0,,,,
ZUESTA,2009,12,6,18,6.7,,,,,,,,948.5,,4.1,,0,0,0,0,0,0,0,,,,
ZUESTA,2009,12,6,19,6.6,,,,,,,,949,,3.7,,0,0,0,0,0,0,0,,,,
ZUESTA,2009,12,6,20,6.4,,,,,,,,949,,2.1,,0,0,0,0,0,0,0,,,,
ZUESTA,2009,12,6,21,5.9,,,,,,,,949.1,,1.9,,0,0,0,0,0,0,0,,,,
ZUESTA,2009,12,6,22,6.5,,,,,,,,949.3,,1.6,,0,0,0,0,0,0,0,,,,
ZUESTA,2009,12,6,23,6.6,,,,,,,,949.5,,1.4,,0,0,0,0,0,0,0,,,,
ZUESTA,2009,12,7,0,6.6,,,,,,,,949.5,,1.6,,0,0,0,0,0,0,0,,,,
ZUESTA,2009,12,7,1,6.4,,,,,,,,949.7,,1.7,,0,0,0,0,0,0,0,,,,
ZUESTA,2009,12,7,2,6.8,,,,,,,,949.9,,1.6,,0,0,0,0,0,0,0,,,,
ZUESTA,2009,12,7,3,6.6,,,,,,,,950.2,,1.6,,0,0,0,0,0,0,0,,,,
ZUESTA,2009,12,7,4,6.7,,,,,,,,950.2,,1.1,,0,0,0,0,0,0,0,,,,
ZUESTA,2009,12,7,5,6.4,,,,,,,,950.2,,0.6,,0,0,0,0,0,0,0,,,,
ZUESTA,2009,12,7,6,6.3,,,,,,,,950.3,,0.4,,0,0,0,0,0,0,0,,,,
ZUESTA,2009,12,7,7,6.3,,,,,,,,950.1,,0.9,,1,0,0,0,0,0,0,,,,
ZUESTA,2009,12,7,8,6.5,,,,,,,,950.2,,0.3,,14,0,0,0,0,0,0,,,,
ZUESTA,2009,12,7,9,6.5,,,,,,,,949.9,,0.5,,21,1.8,20.8,0,0,0,0,,,,
ZUESTA,2009,12,7,10,6.6,,,,,,,,949.3,,0.7,,39,1.8,38.6,0,0,0,0,,,,
ZUESTA,2009,12,7,11,6.5,,,,,,,,948.9,,0.6,,50,1.7,49.5,0,0,0,0,,,,
ZUESTA,2009,12,7,12,6.8,,,,,,,,948.5,,0.2,,43,1,42.7,0,0,0,0,,,,
ZUESTA,2009,12,7,13,7.2,,,,,,,,948,,0.7,,32,0.6,31.8,0,0,0,0,,,,
ZUESTA,2009,12,7,14,6.7,,,,,,,,947.4,,0.6,,17,0.2,16.9,0,0,0,0,,,,
ZUESTA,2009,12,7,15,6.8,,,,,,,,947.2,,0.8,,2,0,2,0,0,0,0,,,,
ZUESTA,2009,12,7,16,7.1,,,,,,,,947.5,,0.6,,0,0,0,0,0,0,0,,,,
ZUESTA,2009,12,7,17,7.4,,,,,,,,947.5,,1.4,,0,0,0,0,0,0,0,,,,
ZUESTA,2009,12,7,18,7.4,,,,,,,,946.8,,1.5,,0,0,0,0,0,0,0,,,,
ZUESTA,2009,12,7,19,6.9,,,,,,,,946.1,,1.4,,0,0,0,0,0,0,0,,,,
ZUESTA,2009,12,7,20,6.6,,,,,,,,945.5,,1.1,,0,0,0,0,0,0,0,,,,
ZUESTA,2009,12,7,21,6.6,,,,,,,,945,,0.5,,0,0,0,0,0,0,0,,,,
ZUESTA,2009,12,7,22,6.4,,,,,,,,944.8,,0.6,,0,0,0,0,0,0,0,,,,
ZUESTA,2009,12,7,23,6.5,,,,,,,,944.8,,0.5,,0,0,0,0,0,0,0,,,,
ZUESTA,2009,12,8,0,7.1,,,,,,,,945.4,,1.6,,0,0,0,0,0,0,0,,,,
ZUESTA,2009,12,8,1,7.4,,,,,,,,945.3,,2.9,,0,0,0,0,0,0,0,,,,
ZUESTA,2009,12,8,2,7.1,,,,,,,,946,,4.5,,0,0,0,0,0,0,0,,,,
ZUESTA,2009,12,8,3,6.6,,,,,,,,945.3,,3.3,,0,0,0,0,0,0,0,,,,
ZUESTA,2009,12,8,4,5.5,,,,,,,,945.7,,5.7,,0,0,0,0,0,0,0,,,,
ZUESTA,2009,12,8,5,4.2,,,,,,,,947.5,,5.4,,0,0,0,0,0,0,0,,,,
ZUESTA,2009,12,8,6,3.9,,,,,,,,949.5,,5,,0,0,0,0,0,0,0,,,,
ZUESTA,2009,12,8,7,2.9,,,,,,,,950.9,,4.7,,1,0,0,0,0,0,0,,,,
ZUESTA,2009,12,8,8,3.9,,,,,,,,951.3,,4.5,,38,0,0,0,0,0,0,,,,
ZUESTA,2009,12,8,9,4.6,,,,,,,,951.6,,5.6,,135,907.5,22.7,0,0,0,0,,,,
ZUESTA,2009,12,8,10,5.6,,,,,,,,952,,5.2,,202,524.7,80.5,0,0,0,0,,,,
ZUESTA,2009,12,8,11,6.2,,,,,,,,952,,5,,243,384.7,125.6,0,0,0,0,,,,
ZUESTA,2009,12,8,12,7.3,,,,,,,,952.1,,4.7,,328,712.2,86.8,0,0,0,0,,,,
ZUESTA,2009,12,8,13,7.4,,,,,,,,952.1,,4.9,,264,391,135,0,0,0,0,,,,
ZUESTA,2009,12,8,14,7,,,,,,,,952.6,,5.6,,174,141.7,134.4,0,0,0,0,,,,
ZUESTA,2009,12,8,15,6.1,,,,,,,,953.2,,4.5,,36,2.3,35.6,0,0,0,0,,,,
ZUESTA,2009,12,8,16,5.5,,,,,,,,953.6,,4.4,,0,0,0,0,0,0,0,,,,
ZUESTA,2009,12,8,17,5.7,,,,,,,,954.2,,3.8,,0,0,0,0,0,0,0,,,,
ZUESTA,2009,12,8,18,5.5,,,,,,,,954.8,,4.1,,0,0,0,0,0,0,0,,,,
ZUESTA,2009,12,8,19,5.2,,,,,,,,955.2,,5.1,,0,0,0,0,0,0,0,,,,
ZUESTA,2009,12,8,20,5,,,,,,,,955.6,,4.5,,0,0,0,0,0,0,0,,,,
ZUESTA,2009,12,8,21,4.9,,,,,,,,956,,3.8,,0,0,0,0,0,0,0,,,,
ZUESTA,2009,12,8,22,4.7,,,,,,,,956.6,,2.5,,0,0,0,0,0,0,0,,,,
ZUESTA,2009,12,8,23,4.6,,,,,,,,956.9,,2.7,,0,0,0,0,0,0,0,,,,
ZUESTA,2009,12,9,0,4.5,,,,,,,,957.1,,2.6,,0,0,0,0,0,0,0,,,,
ZUESTA,2009,12,9,1,4.3,,,,,,,,957.4,,1.7,,0,0,0,0,0,0,0,,,,
ZUESTA,2009,12,9,2,3.4,,,,,,,,957.7,,0.6,,0,0,0,0,0,0,0,,,,
ZUESTA,2009,12,9,3,2.3,,,,,,,,958,,0.5,,0,0,0,0,0,0,0,,,,
ZUESTA,2009,12,9,4,2.5,,,,,,,,958.4,,0.8,,0,0,0,0,0,0,0,,,,
ZUESTA,2009,12,9,5,2.4,,,,,,,,958.8,,0.7,,0,0,0,0,0,0,0,,,,
ZUESTA,2009,12,9,6,1.9,,,,,,,,959.4,,0.4,,0,0,0,0,0,0,0,,,,
ZUESTA,2009,12,9,7,1.8,,,,,,,,960,,0.6,,10,0,0,0,0,0,0,,,,
ZUESTA,2009,12,9,8,2.6,,,,,,,,960.1,,0.8,,108,0,0,0,0,0,0,,,,
ZUESTA,2009,12,9,9,3.6,,,,,,,,960.1,,0.8,,224,1540.8,37,0,0,0,0,,,,
ZUESTA,2009,12,9,10,5,,,,,,,,960.3,,0.7,,303,1102.8,50,0,0,0,0,,,,
ZUESTA,2009,12,9,11,5.6,,,,,,,,960.4,,1.1,,331,908.6,55.6,0,0,0,0,,,,
ZUESTA,2009,12,9,12,6.8,,,,,,,,960.2,,1,,310,617.9,101.8,0,0,0,0,,,,
ZUESTA,2009,12,9,13,7.3,,,,,,,,959.9,,1.2,,242,286.2,147.9,0,0,0,0,,,,
ZUESTA,2009,12,9,14,7.4,,,,,,,,960.1,,0.6,,141,53.6,126.1,0,0,0,0,,,,
ZUESTA,2009,12,9,15,6.4,,,,,,,,960.5,,0.6,,30,1.6,29.7,0,0,0,0,,,,
ZUESTA,2009,12,9,16,4.2,,,,,,,,961,,0.7,,0,0,0,0,0,0,0,,,,
ZUESTA,2009,12,9,17,3.3,,,,,,,,961.4,,0.6,,0,0,0,0,0,0,0,,,,
ZUESTA,2009,12,9,18,2.7,,,,,,,,961.8,,0.3,,0,0,0,0,0,0,0,,,,
ZUESTA,2009,12,9,19,2.7,,,,,,,,962.1,,0.7,,0,0,0,0,0,0,0,,,,
ZUESTA,2009,12,9,20,2.2,,,,,,,,962.3,,0.6,,0,0,0,0,0,0,0,,,,
ZUESTA,2009,12,9,21,2.3,,,,,,,,962.4,,1.2,,0,0,0,0,0,0,0,,,,
ZUESTA,2009,12,9,22,2.5,,,,,,,,962.2,,0.9,,0,0,0,0,0,0,0,,,,
ZUESTA,2009,12,9,23,2.5,,,,,,,,961.9,,0.8,,0,0,0,0,0,0,0,,,,
ZUESTA,2009,12,10,0,2.1,,,,,,,,961.8,,0.8,,0,0,0,0,0,0,0,,,,
ZUESTA,2009,12,10,1,2,,,,,,,,961.7,,0.9,,0,0,0,0,0,0,0,,,,
ZUESTA,2009,12,10,2,2.3,,,,,,,,961.4,,1,,0,0,0,0,0,0,0,,,,
ZUESTA,2009,12,10,3,2.3,,,,,,,,961.3,,0.9,,0,0,0,0,0,0,0,,,,
ZUESTA,2009,12,10,4,2.6,,,,,,,,961.1,,1.3,,0,0,0,0,0,0,0,,,,
ZUESTA,2009,12,10,5,2.6,,,,,,,,960.9,,1.2,,0,0,0,0,0,0,0,,,,
ZUESTA,2009,12,10,6,3,,,,,,,,960.8,,1.3,,0,0,0,0,0,0,0,,,,
ZUESTA,2009,12,10,7,3.5,,,,,,,,960.8,,0.8,,6,0,0,0,0,0,0,,,,
ZUESTA,2009,12,10,8,3.4,,,,,,,,960.9,,0.7,,10,0,0,0,0,0,0,,,,
ZUESTA,2009,12,10,9,3.5,,,,,,,,961.1,,1.6,,31,4.3,30.5,0,0,0,0,,,,
ZUESTA,2009,12,10,10,3.8,,,,,,,,961,,1.9,,48,2.8,47.4,0,0,0,0,,,,
ZUESTA,2009,12,10,11,4,,,,,,,,960.5,,2.7,,74,3.9,72.8,0,0,0,0,,,,
ZUESTA,2009,12,10,12,4.5,,,,,,,,960.1,,2,,47,1.3,46.6,0,0,0,0,,,,
ZUESTA,2009,12,10,13,5.1,,,,,,,,959.8,,2.5,,44,1.2,43.6,0,0,0,0,,,,
ZUESTA,2009,12,10,14,5.7,,,,,,,,959.9,,1.6,,52,2.2,51.4,0,0,0,0,,,,
ZUESTA,2009,12,10,15,5.6,,,,,,,,960.1,,1.8,,20,0.7,19.9,0,0,0,0,,,,
ZUESTA,2009,12,10,16,5.2,,,,,,,,960.5,,2.8,,0,0,0,0,0,0,0,,,,
ZUESTA,2009,12,10,17,5.2,,,,,,,,960.7,,2,,0,0,0,0,0,0,0,,,,
ZUESTA,2009,12,10,18,5,,,,,,,,960.8,,1.7,,0,0,0,0,0,0,0,,,,
ZUESTA,2009,12,10,19,5.2,,,,,,,,960.8,,2.3,,0,0,0,0,0,0,0,,,,
ZUESTA,2009,12,10,20,4.8,,,,,,,,960.8,,1.9,,0,0,0,0,0,0,0,,,,
ZUESTA,2009,12,10,21,4.4,,,,,,,,960.6,,1.6,,0,0,0,0,0,0,0,,,,
ZUESTA,2009,12,10,22,4.6,,,,,,,,960.5,,2.1,,0,0,0,0,0,0,0,,,,
ZUESTA,2009,12,10,23,4.3,,,,,,,,960.3,,2.3,,0,0,0,0,0,0,0,,,,
ZUESTA,2009,12,11,0,4.4,,,,,,,,960,,2.6,,0,0,0,0,0,0,0,,,,
ZUESTA,2009,12,11,1,4,,,,,,,,959.8,,2.4,,0,0,0,0,0,0,0,,,,
ZUESTA,2009,12,11,2,3.9,,,,,,,,959.7,,2.2,,0,0,0,0,0,0,0,,,,
ZUESTA,2009,12,11,3,4.1,,,,,,,,959.4,,2.3,,0,0,0,0,0,0,0,,,,
ZUESTA,2009,12,11,4,4.1,,,,,,,,958.9,,2.2,,0,0,0,0,0,0,0,,,,
ZUESTA,2009,12,11,5,4.3,,,,,,,,958.5,,2.5,,0,0,0,0,0,0,0,,,,
ZUESTA,2009,12,11,6,4.2,,,,,,,,958.2,,3.6,,0,0,0,0,0,0,0,,,,
ZUESTA,2009,12,11,7,4.1,,,,,,,,957.9,,2.6,,2,0,0,0,0,0,0,,,,
ZUESTA,2009,12,11,8,4.1,,,,,,,,957.6,,3.2,,22,0,0,0,0,0,0,,,,
ZUESTA,2009,12,11,9,3.9,,,,,,,,957.3,,3.5,,19,1.7,18.8,0,0,0,0,,,,
ZUESTA,2009,12,11,10,4,,,,,,,,956.8,,3.6,,36,1.6,35.6,0,0,0,0,,,,
ZUESTA,2009,12,11,11,3.9,,,,,,,,956.5,,2.9,,25,0.4,24.9,0,0,0,0,,,,
ZUESTA,2009,12,11,12,3.7,,,,,,,,955.8,,3,,20,0.2,19.9,0,0,0,0,,,,
ZUESTA,2009,12,11,13,3.6,,,,,,,,955.3,,2.2,,9,0,9,0,0,0,0,,,,
ZUESTA,2009,12,11,14,3.2,,,,,,,,955.2,,1.7,,2,0,2,0,0,0,0,,,,
ZUESTA,2009,12,11,15,2.8,,,,,,,,955.4,,1,,0,0,0,0,0,0,0,,,,
ZUESTA,2009,12,11,16,1.7,,,,,,,,955.8,,1.5,,0,0,0,0,0,0,0,,,,
ZUESTA,2009,12,11,17,1.6,,,,,,,,956,,0.5,,0,0,0,0,0,0,0,,,,
ZUESTA,2009,12,11,18,2,,,,,,,,956,,0.7,,0,0,0,0,0,0,0,,,,
ZUESTA,2009,12,11,19,2.1,,,,,,,,956.1,,0.6,,0,0,0,0,0,0,0,,,,
ZUESTA,2009,12,11,20,2.1,,,,,,,,956,,0.8,,0,0,0,0,0,0,0,,,,
ZUESTA,2009,12,11,21,2,,,,,,,,955.9,,1.2,,0,0,0,0,0,0,0,,,,
ZUESTA,2009,12,11,22,1.7,,,,,,,,955.7,,1.6,,0,0,0,0,0,0,0,,,,
ZUESTA,2009,12,11,23,1.8,,,,,,,,955.7,,1.3,,0,0,0,0,0,0,0,,,,
ZUESTA,2009,12,12,0,1.8,,,,,,,,955.4,,2,,0,0,0,0,0,0,0,,,,
ZUESTA,2009,12,12,1,1.7,,,,,,,,955.1,,1.1,,0,0,0,0,0,0,0,,,,
ZUESTA,2009,12,12,2,1.5,,,,,,,,954.9,,1.2,,0,0,0,0,0,0,0,,,,
ZUESTA,2009,12,12,3,1.5,,,,,,,,954.4,,2.3,,0,0,0,0,0,0,0,,,,
ZUESTA,2009,12,12,4,1.1,,,,,,,,954.2,,2.8,,0,0,0,0,0,0,0,,,,
ZUESTA,2009,12,12,5,0.9,,,,,,,,954,,2.5,,0,0,0,0,0,0,0,,,,
ZUESTA,2009,12,12,6,0.5,,,,,,,,953.8,,2.5,,0,0,0,0,0,0,0,,,,
ZUESTA,2009,12,12,7,0.3,,,,,,,,953.8,,2.9,,0,0,0,0,0,0,0,,,,
ZUESTA,2009,12,12,8,0.1,,,,,,,,953.7,,3.6,,14,0,0,0,0,0,0,,,,
ZUESTA,2009,12,12,9,0.3,,,,,,,,953.5,,2.8,,33,5.3,32.4,0,0,0,0,,,,
ZUESTA,2009,12,12,10,0.3,,,,,,,,953.3,,2.9,,43,2.4,42.5,0,0,0,0,,,,
ZUESTA,2009,12,12,11,0.4,,,,,,,,952.7,,2.7,,36,0.9,35.7,0,0,0,0,,,,
ZUESTA,2009,12,12,12,0.5,,,,,,,,952.2,,3.2,,42,1,41.7,0,0,0,0,,,,
ZUESTA,2009,12,12,13,0.7,,,,,,,,952,,2.4,,22,0.3,21.9,0,0,0,0,,,,
ZUESTA,2009,12,12,14,0.6,,,,,,,,951.9,,3.1,,26,0.6,25.8,0,0,0,0,,,,
ZUESTA,2009,12,12,15,0.4,,,,,,,,951.9,,3,,1,0,1,0,0,0,0,,,,
ZUESTA,2009,12,12,16,0.2,,,,,,,,951.9,,2.8,,0,0,0,0,0,0,0,,,,
ZUESTA,2009,12,12,17,0.1,,,,,,,,951.7,,2.8,,0,0,0,0,0,0,0,,,,
ZUESTA,2009,12,12,18,0.1,,,,,,,,951.7,,3.4,,0,0,0,0,0,0,0,,,,
ZUESTA,2009,12,12,19,-0.3,,,,,,,,951.8,,4,,0,0,0,0,0,0,0,,,,
ZUESTA,2009,12,12,20,-0.5,,,,,,,,951.6,,3.8,,0,0,0,0,0,0,0,,,,
ZUESTA,2009,12,12,21,-0.6,,,,,,,,951.6,,2.9,,0,0,0,0,0,0,0,,,,
ZUESTA,2009,12,12,22,-0.7,,,,,,,,951.4,,4.1,,0,0,0,0,0,0,0,,,,
ZUESTA,2009,12,12,23,-0.6,,,,,,,,951.3,,2.6,,0,0,0,0,0,0,0,,,,
ZUESTA,2009,12,13,0,-0.4,,,,,,,,951,,2,,0,0,0,0,0,0,0,,,,
ZUESTA,2009,12,13,1,-0.3,,,,,,,,950.6,,2.9,,0,0,0,0,0,0,0,,,,
ZUESTA,2009,12,13,2,-0.4,,,,,,,,950.3,,2.5,,0,0,0,0,0,0,0,,,,
ZUESTA,2009,12,13,3,-0.6,,,,,,,,949.8,,3,,0,0,0,0,0,0,0,,,,
ZUESTA,2009,12,13,4,-0.9,,,,,,,,949.3,,4.6,,0,0,0,0,0,0,0,,,,
ZUESTA,2009,12,13,5,-1.2,,,,,,,,949.1,,4.4,,0,0,0,0,0,0,0,,,,
ZUESTA,2009,12,13,6,-1.4,,,,,,,,949.4,,3.3,,0,0,0,0,0,0,0,,,,
ZUESTA,2009,12,13,7,-1.4,,,,,,,,949.5,,3.3,,0,0,0,0,0,0,0,,,,
ZUESTA,2009,12,13,8,-1.4,,,,,,,,949.8,,3,,12,0,0,0,0,0,0,,,,
ZUESTA,2009,12,13,9,-1.3,,,,,,,,949.8,,3.3,,41,10.5,39.8,0,0,0,0,,,,
ZUESTA,2009,12,13,10,-1.2,,,,,,,,949.6,,2.9,,48,3,47.3,0,0,0,0,,,,
ZUESTA,2009,12,13,11,-1.4,,,,,,,,949.4,,2.6,,33,0.8,32.8,0,0,0,0,,,,
ZUESTA,2009,12,13,12,-1.5,,,,,,,,949.2,,2.5,,23,0.3,22.9,0,0,0,0,,,,
ZUESTA,2009,12,13,13,-1.8,,,,,,,,949,,2.8,,16,0.2,15.9,0,0,0,0,,,,
ZUESTA,2009,12,13,14,-1.9,,,,,,,,949,,2.9,,15,0.2,14.9,0,0,0,0,,,,
ZUESTA,2009,12,13,15,-1.8,,,,,,,,949.1,,2.6,,3,0,3,0,0,0,0,,,,
ZUESTA,2009,12,13,16,-1.7,,,,,,,,949,,2.5,,0,0,0,0,0,0,0,,,,
ZUESTA,2009,12,13,17,-1.6,,,,,,,,948.9,,3,,0,0,0,0,0,0,0,,,,
ZUESTA,2009,12,13,18,-1.6,,,,,,,,948.8,,3,,0,0,0,0,0,0,0,,,,
ZUESTA,2009,12,13,19,-1.5,,,,,,,,948.9,,3.3,,0,0,0,0,0,0,0,,,,
ZUESTA,2009,12,13,20,-1.7,,,,,,,,948.8,,4.9,,0,0,0,0,0,0,0,,,,
ZUESTA,2009,12,13,21,-1.8,,,,,,,,948.8,,5.4,,0,0,0,0,0,0,0,,,,
ZUESTA,2009,12,13,22,-2,,,,,,,,949,,5.8,,0,0,0,0,0,0,0,,,,
ZUESTA,2009,12,13,23,-2.3,,,,,,,,949.1,,5.6,,0,0,0,0,0,0,0,,,,
ZUESTA,2009,12,14,0,-2.5,,,,,,,,949,,4.5,,0,0,0,0,0,0,0,,,,
ZUESTA,2009,12,14,1,-2.7,,,,,,,,948.7,,4.3,,0,0,0,0,0,0,0,,,,
ZUESTA,2009,12,14,2,-2.8,,,,,,,,948.6,,5.7,,0,0,0,0,0,0,0,,,,
ZUESTA,2009,12,14,3,-3,,,,,,,,948.5,,4.9,,0,0,0,0,0,0,0,,,,
ZUESTA,2009,12,14,4,-3,,,,,,,,948.4,,4.7,,0,0,0,0,0,0,0,,,,
ZUESTA,2009,12,14,5,-2.9,,,,,,,,948.5,,3.9,,0,0,0,0,0,0,0,,,,
ZUESTA,2009,12,14,6,-2.9,,,,,,,,948.5,,2.4,,0,0,0,0,0,0,0,,,,
ZUESTA,2009,12,14,7,-2.9,,,,,,,,948.5,,2.4,,1,0,0,0,0,0,0,,,,
ZUESTA,2009,12,14,8,-3,,,,,,,,948.6,,2.3,,14,0,0,0,0,0,0,,,,
ZUESTA,2009,12,14,9,-3,,,,,,,,948.6,,2.6,,31,5,30.4,0,0,0,0,,,,
ZUESTA,2009,12,14,10,-2.8,,,,,,,,948.3,,2.6,,46,2.8,45.4,0,0,0,0,,,,
ZUESTA,2009,12,14,11,-2.8,,,,,,,,948,,2.6,,47,1.6,46.5,0,0,0,0,,,,
ZUESTA,2009,12,14,12,-2.7,,,,,,,,947.8,,2.9,,49,1.4,48.5,0,0,0,0,,,,
ZUESTA,2009,12,14,13,-2.9,,,,,,,,947.7,,2.5,,29,0.5,28.8,0,0,0,0,,,,
ZUESTA,2009,12,14,14,-2.9,,,,,,,,947.9,,2.6,,13,0.1,13,0,0,0,0,,,,
ZUESTA,2009,12,14,15,-3.2,,,,,,,,948.1,,2.6,,1,0,1,0,0,0,0,,,,
ZUESTA,2009,12,14,16,-3.3,,,,,,,,948,,2.4,,0,0,0,0,0,0,0,,,,
ZUESTA,2009,12,14,17,-3.4,,,,,,,,947.9,,2.2,,0,0,0,0,0,0,0,,,,
ZUESTA,2009,12,14,18,-3.3,,,,,,,,947.7,,2.4,,0,0,0,0,0,0,0,,,,
ZUESTA,2009,12,14,19,-3.3,,,,,,,,947.8,,2.1,,0,0,0,0,0,0,0,,,,
ZUESTA,2009,12,14,20,-3.4,,,,,,,,947.7,,1.9,,0,0,0,0,0,0,0,,,,
ZUESTA,2009,12,14,21,-3.4,,,,,,,,947.6,,2,,0,0,0,0,0,0,0,,,,
ZUESTA,2009,12,14,22,-3.5,,,,,,,,947.4,,2.5,,0,0,0,0,0,0,0,,,,
ZUESTA,2009,12,14,23,-3.7,,,,,,,,947.1,,2.3,,0,0,0,0,0,0,0,,,,
ZUESTA,2009,12,15,0,-3.8,,,,,,,,947,,2.4,,0,0,0,0,0,0,0,,,,
ZUESTA,2009,12,15,1,-3.9,,,,,,,,946.8,,2.3,,0,0,0,0,0,0,0,,,,
ZUESTA,2009,12,15,2,-3.9,,,,,,,,946.4,,2.1,,0,0,0,0,0,0,0,,,,
ZUESTA,2009,12,15,3,-4,,,,,,,,946.1,,2.1,,0,0,0,0,0,0,0,,,,
ZUESTA,2009,12,15,4,-4,,,,,,,,945.9,,2.4,,0,0,0,0,0,0,0,,,,
ZUESTA,2009,12,15,5,-4.2,,,,,,,,945.7,,2.5,,0,0,0,0,0,0,0,,,,
ZUESTA,2009,12,15,6,-4.2,,,,,,,,945.7,,2.3,,0,0,0,0,0,0,0,,,,
ZUESTA,2009,12,15,7,-4.1,,,,,,,,945.9,,2.3,,0,0,0,0,0,0,0,,,,
ZUESTA,2009,12,15,8,-4.1,,,,,,,,946,,2.5,,6,0,0,0,0,0,0,,,,
ZUESTA,2009,12,15,9,-4.1,,,,,,,,946,,2,,16,1.4,15.9,0,0,0,0,,,,
ZUESTA,2009,12,15,10,-4.2,,,,,,,,945.9,,2.2,,26,0.9,25.8,0,0,0,0,,,,
ZUESTA,2009,12,15,11,-4.1,,,,,,,,945.4,,2.4,,31,0.7,30.8,0,0,0,0,,,,
ZUESTA,2009,12,15,12,-4.2,,,,,,,,945,,2.2,,27,0.4,26.9,0,0,0,0,,,,
ZUESTA,2009,12,15,13,-4.2,,,,,,,,944.8,,2,,20,0.2,19.9,0,0,0,0,,,,
ZUESTA,2009,12,15,14,-4.2,,,,,,,,944.9,,1.8,,9,0.1,9,0,0,0,0,,,,
ZUESTA,2009,12,15,15,-4.3,,,,,,,,945,,2,,1,0,1,0,0,0,0,,,,
ZUESTA,2009,12,15,16,-4.4,,,,,,,,945,,1.6,,0,0,0,0,0,0,0,,,,
ZUESTA,2009,12,15,17,-4.3,,,,,,,,945,,1.5,,0,0,0,0,0,0,0,,,,
ZUESTA,2009,12,15,18,-4.2,,,,,,,,944.9,,2.1,,0,0,0,0,0,0,0,,,,
ZUESTA,2009,12,15,19,-4.2,,,,,,,,944.8,,1.5,,0,0,0,0,0,0,0,,,,
ZUESTA,2009,12,15,20,-4.1,,,,,,,,944.8,,1.5,,0,0,0,0,0,0,0,,,,
ZUESTA,2009,12,15,21,-4.1,,,,,,,,944.6,,1.5,,0,0,0,0,0,0,0,,,,
ZUESTA,2009,12,15,22,-4,,,,,,,,944.5,,1.5,,0,0,0,0,0,0,0,,,,
ZUESTA,2009,12,15,23,-3.9,,,,,,,,944.5,,1.3,,0,0,0,0,0,0,0,,,,
ZUESTA,2009,12,16,0,-3.9,,,,,,,,944.6,,0.8,,0,0,0,0,0,0,0,,,,
ZUESTA,2009,12,16,1,-3.8,,,,,,,,944.5,,0.6,,0,0,0,0,0,0,0,,,,
ZUESTA,2009,12,16,2,-3.8,,,,,,,,944.4,,1,,0,0,0,0,0,0,0,,,,
ZUESTA,2009,12,16,3,-3.8,,,,,,,,944.2,,0.7,,0,0,0,0,0,0,0,,,,
ZUESTA,2009,12,16,4,-3.7,,,,,,,,944.2,,0.6,,0,0,0,0,0,0,0,,,,
ZUESTA,2009,12,16,5,-3.8,,,,,,,,944.2,,0.7,,0,0,0,0,0,0,0,,,,
ZUESTA,2009,12,16,6,-3.9,,,,,,,,943.9,,0.8,,0,0,0,0,0,0,0,,,,
ZUESTA,2009,12,16,7,-3.9,,,,,,,,943.9,,0.9,,1,0,0,0,0,0,0,,,,
ZUESTA,2009,12,16,8,-3.8,,,,,,,,943.7,,1.6,,19,0,0,0,0,0,0,,,,
ZUESTA,2009,12,16,9,-3.7,,,,,,,,943.4,,1,,110,807.2,23.1,0,0,0,0,,,,
ZUESTA,2009,12,16,10,-3.1,,,,,,,,943.1,,1.3,,244,939.7,40.2,0,0,0,0,,,,
ZUESTA,2009,12,16,11,-2.9,,,,,,,,942.6,,1.8,,156,69,135.8,0,0,0,0,,,,
ZUESTA,2009,12,16,12,-3,,,,,,,,942.2,,1.6,,68,2.7,67.1,0,0,0,0,,,,
ZUESTA,2009,12,16,13,-3.1,,,,,,,,941.9,,1.7,,53,1.7,52.4,0,0,0,0,,,,
ZUESTA,2009,12,16,14,-2.9,,,,,,,,941.8,,1.7,,29,0.7,28.8,0,0,0,0,,,,
ZUESTA,2009,12,16,15,-3.1,,,,,,,,941.6,,1.4,,7,0.1,7,0,0,0,0,,,,
ZUESTA,2009,12,16,16,-3.3,,,,,,,,941.4,,1.9,,0,0,0,0,0,0,0,,,,
ZUESTA,2009,12,16,17,-3.5,,,,,,,,941.2,,1.5,,0,0,0,0,0,0,0,,,,
ZUESTA,2009,12,16,18,-3.7,,,,,,,,940.9,,1.3,,0,0,0,0,0,0,0,,,,
ZUESTA,2009,12,16,19,-3.8,,,,,,,,940.8,,1.4,,0,0,0,0,0,0,0,,,,
ZUESTA,2009,12,16,20,-3.8,,,,,,,,940.7,,1.6,,0,0,0,0,0,0,0,,,,
ZUESTA,2009,12,16,21,-3.9,,,,,,,,940.9,,1.3,,0,0,0,0,0,0,0,,,,
ZUESTA,2009,12,16,22,-4.1,,,,,,,,940.8,,2.3,,0,0,0,0,0,0,0,,,,
ZUESTA,2009,12,16,23,-4.3,,,,,,,,940.7,,2.2,,0,0,0,0,0,0,0,,,,
ZUESTA,2009,12,17,0,-4.4,,,,,,,,940.6,,2.6,,0,0,0,0,0,0,0,,,,
ZUESTA,2009,12,17,1,-4.6,,,,,,,,940.9,,1.1,,0,0,0,0,0,0,0,,,,
ZUESTA,2009,12,17,2,-5,,,,,,,,941.1,,1.8,,0,0,0,0,0,0,0,,,,
ZUESTA,2009,12,17,3,-5.4,,,,,,,,940.8,,2.7,,0,0,0,0,0,0,0,,,,
ZUESTA,2009,12,17,4,-5.6,,,,,,,,940.8,,2.6,,0,0,0,0,0,0,0,,,,
ZUESTA,2009,12,17,5,-5.5,,,,,,,,940.8,,2.2,,0,0,0,0,0,0,0,,,,
ZUESTA,2009,12,17,6,-5.5,,,,,,,,941,,2.4,,0,0,0,0,0,0,0,,,,
ZUESTA,2009,12,17,7,-5.4,,,,,,,,941.1,,2.4,,6,0,0,0,0,0,0,,,,
ZUESTA,2009,12,17,8,-5.1,,,,,,,,941.5,,2.1,,35,0,0,0,0,0,0,,,,
ZUESTA,2009,12,17,9,-4.8,,,,,,,,941.6,,1.4,,71,193.1,50.5,0,0,0,0,,,,
ZUESTA,2009,12,17,10,-4.5,,,,,,,,941.7,,1,,106,46.3,96,0,0,0,0,,,,
ZUESTA,2009,12,17,11,-4.2,,,,,,,,941.4,,1.4,,139,39.7,127.4,0,0,0,0,,,,
ZUESTA,2009,12,17,12,-4.1,,,,,,,,941.2,,1.2,,121,11.3,117.3,0,0,0,0,,,,
ZUESTA,2009,12,17,13,-3.9,,,,,,,,941.1,,1,,101,6.4,98.9,0,0,0,0,,,,
ZUESTA,2009,12,17,14,-3.8,,,,,,,,941.4,,0.6,,53,2.4,52.3,0,0,0,0,,,,
ZUESTA,2009,12,17,15,-3.9,,,,,,,,941.6,,0.7,,15,0.4,14.9,0,0,0,0,,,,
ZUESTA,2009,12,17,16,-4,,,,,,,,941.8,,0.8,,0,0,0,0,0,0,0,,,,
ZUESTA,2009,12,17,17,-4.2,,,,,,,,941.5,,0.8,,0,0,0,0,0,0,0,,,,
ZUESTA,2009,12,17,18,-4.3,,,,,,,,941.4,,1.1,,0,0,0,0,0,0,0,,,,
ZUESTA,2009,12,17,19,-4.4,,,,,,,,941.3,,1.5,,0,0,0,0,0,0,0,,,,
ZUESTA,2009,12,17,20,-4.4,,,,,,,,941.3,,1.7,,0,0,0,0,0,0,0,,,,
ZUESTA,2009,12,17,21,-4.6,,,,,,,,941.2,,1.4,,0,0,0,0,0,0,0,,,,
ZUESTA,2009,12,17,22,-5.2,,,,,,,,941,,1.4,,0,0,0,0,0,0,0,,,,
ZUESTA,2009,12,17,23,-5.2,,,,,,,,940.8,,0.8,,0,0,0,0,0,0,0,,,,
ZUESTA,2009,12,18,0,-5,,,,,,,,940.6,,1.1,,0,0,0,0,0,0,0,,,,
ZUESTA,2009,12,18,1,-5.1,,,,,,,,940.5,,2,,0,0,0,0,0,0,0,,,,
ZUESTA,2009,12,18,2,-5.1,,,,,,,,940.4,,1.6,,0,0,0,0,0,0,0,,,,
ZUESTA,2009,12,18,3,-5.2,,,,,,,,939.9,,0.6,,0,0,0,0,0,0,0,,,,
ZUESTA,2009,12,18,4,-5.2,,,,,,,,939.3,,0.9,,0,0,0,0,0,0,0,,,,
ZUESTA,2009,12,18,5,-5.5,,,,,,,,938.9,,0.9,,0,0,0,0,0,0,0,,,,
ZUESTA,2009,12,18,6,-5.8,,,,,,,,938.6,,1.7,,0,0,0,0,0,0,0,,,,
ZUESTA,2009,12,18,7,-5.6,,,,,,,,938.6,,1.4,,3,0,0,0,0,0,0,,,,
ZUESTA,2009,12,18,8,-5.5,,,,,,,,938.5,,1.6,,33,0,0,0,0,0,0,,,,
ZUESTA,2009,12,18,9,-5.1,,,,,,,,938.4,,2.5,,141,1125.5,23.3,0,0,0,0,,,,
ZUESTA,2009,12,18,10,-4.7,,,,,,,,938,,2.7,,168,361.4,90.6,0,0,0,0,,,,
ZUESTA,2009,12,18,11,-4.1,,,,,,,,937.4,,2.3,,203,231.3,135.8,0,0,0,0,,,,
ZUESTA,2009,12,18,12,-3.7,,,,,,,,936.8,,2.1,,171,62.5,150.6,0,0,0,0,,,,
ZUESTA,2009,12,18,13,-3.3,,,,,,,,936.6,,2.2,,260,403,130.3,0,0,0,0,,,,
ZUESTA,2009,12,18,14,-3.7,,,,,,,,936.4,,2.3,,98,9.7,95.3,0,0,0,0,,,,
ZUESTA,2009,12,18,15,-4.3,,,,,,,,936.6,,2.1,,22,0.9,21.8,0,0,0,0,,,,
ZUESTA,2009,12,18,16,-4.8,,,,,,,,936.7,,1.2,,0,0,0,0,0,0,0,,,,
ZUESTA,2009,12,18,17,-5,,,,,,,,936.6,,0.8,,0,0,0,0,0,0,0,,,,
ZUESTA,2009,12,18,18,-4.9,,,,,,,,936.8,,0.8,,0,0,0,0,0,0,0,,,,
ZUESTA,2009,12,18,19,-5.1,,,,,,,,936.7,,1.1,,0,0,0,0,0,0,0,,,,
ZUESTA,2009,12,18,20,-5.4,,,,,,,,936.5,,1.3,,0,0,0,0,0,0,0,,,,
ZUESTA,2009,12,18,21,-5.7,,,,,,,,936.4,,2,,0,0,0,0,0,0,0,,,,
ZUESTA,2009,12,18,22,-5.8,,,,,,,,936.5,,1.1,,0,0,0,0,0,0,0,,,,
ZUESTA,2009,12,18,23,-5.8,,,,,,,,936.4,,1,,0,0,0,0,0,0,0,,,,
ZUESTA,2009,12,19,0,-5.8,,,,,,,,936.3,,1.1,,0,0,0,0,0,0,0,,,,
ZUESTA,2009,12,19,1,-5.6,,,,,,,,936.3,,1.7,,0,0,0,0,0,0,0,,,,
ZUESTA,2009,12,19,2,-6.1,,,,,,,,936.5,,1.9,,0,0,0,0,0,0,0,,,,
ZUESTA,2009,12,19,3,-6.5,,,,,,,,936.3,,1.9,,0,0,0,0,0,0,0,,,,
ZUESTA,2009,12,19,4,-6.6,,,,,,,,936.1,,2.1,,0,0,0,0,0,0,0,,,,
ZUESTA,2009,12,19,5,-6.7,,,,,,,,936,,2,,0,0,0,0,0,0,0,,,,
ZUESTA,2009,12,19,6,-6.5,,,,,,,,936,,2.4,,0,0,0,0,0,0,0,,,,
ZUESTA,2009,12,19,7,-6.5,,,,,,,,935.9,,2.3,,2,0,0,0,0,0,0,,,,
ZUESTA,2009,12,19,8,-6.2,,,,,,,,936.1,,2.5,,30,0,0,0,0,0,0,,,,
ZUESTA,2009,12,19,9,-6,,,,,,,,936.1,,3.8,,105,797.8,22.6,0,0,0,0,,,,
ZUESTA,2009,12,19,10,-5.8,,,,,,,,935.9,,3.6,,101,38.3,92.8,0,0,0,0,,,,
ZUESTA,2009,12,19,11,-6.5,,,,,,,,935.8,,2.9,,92,6.6,90.1,0,0,0,0,,,,
ZUESTA,2009,12,19,12,-6.8,,,,,,,,935.8,,3.6,,125,13.3,120.7,0,0,0,0,,,,
ZUESTA,2009,12,19,13,-7.5,,,,,,,,936.2,,4.2,,89,4.9,87.4,0,0,0,0,,,,
ZUESTA,2009,12,19,14,-7.8,,,,,,,,936.7,,3.8,,48,1.9,47.5,0,0,0,0,,,,
ZUESTA,2009,12,19,15,-8.7,,,,,,,,937.5,,3.5,,10,0.2,10,0,0,0,0,,,,
ZUESTA,2009,12,19,16,-9.6,,,,,,,,938.5,,3,,0,0,0,0,0,0,0,,,,
ZUESTA,2009,12,19,17,-10.5,,,,,,,,939.3,,3.3,,0,0,0,0,0,0,0,,,,
ZUESTA,2009,12,19,18,-11,,,,,,,,940.1,,2.9,,0,0,0,0,0,0,0,,,,
ZUESTA,2009,12,19,19,-11.6,,,,,,,,941,,2.5,,0,0,0,0,0,0,0,,,,
ZUESTA,2009,12,19,20,-12.1,,,,,,,,941.9,,3,,0,0,0,0,0,0,0,,,,
ZUESTA,2009,12,19,21,-12.6,,,,,,,,942.2,,2.6,,0,0,0,0,0,0,0,,,,
ZUESTA,2009,12,19,22,-12.8,,,,,,,,942.4,,1.4,,0,0,0,0,0,0,0,,,,
ZUESTA,2009,12,19,23,-12.9,,,,,,,,942.7,,1.2,,0,0,0,0,0,0,0,,,,
ZUESTA,2009,12,20,0,-12.8,,,,,,,,942.9,,1,,0,0,0,0,0,0,0,,,,
ZUESTA,2009,12,20,1,-12.9,,,,,,,,943.2,,0.8,,0,0,0,0,0,0,0,,,,
ZUESTA,2009,12,20,2,-12.9,,,,,,,,943.3,,0.9,,0,0,0,0,0,0,0,,,,
ZUESTA,2009,12,20,3,-12.3,,,,,,,,943.3,,1.4,,0,0,0,0,0,0,0,,,,
ZUESTA,2009,12,20,4,-12.4,,,,,,,,943.5,,1.1,,0,0,0,0,0,0,0,,,,
ZUESTA,2009,12,20,5,-12.2,,,,,,,,943.7,,1.2,,0,0,0,0,0,0,0,,,,
ZUESTA,2009,12,20,6,-10.7,,,,,,,,943.8,,1.9,,0,0,0,0,0,0,0,,,,
ZUESTA,2009,12,20,7,-10.9,,,,,,,,943.7,,1.2,,4,0,0,0,0,0,0,,,,
ZUESTA,2009,12,20,8,-10.1,,,,,,,,943.5,,1.4,,101,0,0,0,0,0,0,,,,
ZUESTA,2009,12,20,9,-8.3,,,,,,,,943.2,,3,,202,1653.2,33.3,0,0,0,0,,,,
ZUESTA,2009,12,20,10,-7.4,,,,,,,,942.6,,3,,288,1133.7,47.5,0,0,0,0,,,,
ZUESTA,2009,12,20,11,-6.6,,,,,,,,941.7,,2.4,,320,924.9,52.9,0,0,0,0,,,,
ZUESTA,2009,12,20,12,-5.9,,,,,,,,941,,3.2,,239,278.8,148.1,0,0,0,0,,,,
ZUESTA,2009,12,20,13,-5.5,,,,,,,,940,,3,,118,11,114.5,0,0,0,0,,,,
ZUESTA,2009,12,20,14,-4.6,,,,,,,,939.5,,4.5,,48,1.9,47.5,0,0,0,0,,,,
ZUESTA,2009,12,20,15,-4.6,,,,,,,,938.7,,3.5,,10,0.2,10,0,0,0,0,,,,
ZUESTA,2009,12,20,16,-4.2,,,,,,,,938.3,,3.7,,0,0,0,0,0,0,0,,,,
ZUESTA,2009,12,20,17,-4.6,,,,,,,,938.3,,3.5,,0,0,0,0,0,0,0,,,,
ZUESTA,2009,12,20,18,-4.3,,,,,,,,938.6,,3.2,,0,0,0,0,0,0,0,,,,
ZUESTA,2009,12,20,19,-3.2,,,,,,,,938.9,,4,,0,0,0,0,0,0,0,,,,
ZUESTA,2009,12,20,20,-2.7,,,,,,,,939.5,,4.2,,0,0,0,0,0,0,0,,,,
ZUESTA,2009,12,20,21,-1.9,,,,,,,,939.8,,5.5,,0,0,0,0,0,0,0,,,,
ZUESTA,2009,12,20,22,-1.2,,,,,,,,940,,5.7,,0,0,0,0,0,0,0,,,,
ZUESTA,2009,12,20,23,-0.9,,,,,,,,940.2,,5.4,,0,0,0,0,0,0,0,,,,
ZUESTA,2009,12,21,0,-0.5,,,,,,,,940.4,,5.6,,0,0,0,0,0,0,0,,,,
ZUESTA,2009,12,21,1,-0.3,,,,,,,,940.7,,4.7,,0,0,0,0,0,0,0,,,,
ZUESTA,2009,12,21,2,0.3,,,,,,,,940.9,,4.3,,0,0,0,0,0,0,0,,,,
ZUESTA,2009,12,21,3,-0.1,,,,,,,,940.6,,3.5,,0,0,0,0,0,0,0,,,,
ZUESTA,2009,12,21,4,-0.4,,,,,,,,940.4,,1.8,,0,0,0,0,0,0,0,,,,
ZUESTA,2009,12,21,5,-0.4,,,,,,,,940.6,,1.6,,0,0,0,0,0,0,0,,,,
ZUESTA,2009,12,21,6,-0.4,,,,,,,,940.7,,1.1,,0,0,0,0,0,0,0,,,,
ZUESTA,2009,12,21,7,-0.4,,,,,,,,940,,0.8,,4,0,0,0,0,0,0,,,,
ZUESTA,2009,12,21,8,-0.8,,,,,,,,939.5,,0.6,,52,0,0,0,0,0,0,,,,
ZUESTA,2009,12,21,9,-0.8,,,,,,,,938.2,,0.5,,141,1166.9,23.3,0,0,0,0,,,,
ZUESTA,2009,12,21,10,-0.4,,,,,,,,937.8,,0.8,,175,439.5,82.2,0,0,0,0,,,,
ZUESTA,2009,12,21,11,0.5,,,,,,,,937.2,,0.7,,172,116.4,138.5,0,0,0,0,,,,
ZUESTA,2009,12,21,12,0.9,,,,,,,,935.6,,1.4,,166,54.8,148.1,0,0,0,0,,,,
ZUESTA,2009,12,21,13,0.9,,,,,,,,935,,1.1,,104,6.9,101.8,0,0,0,0,,,,
ZUESTA,2009,12,21,14,0.3,,,,,,,,934.1,,1.2,,49,2,48.4,0,0,0,0,,,,
ZUESTA,2009,12,21,15,0.2,,,,,,,,933.9,,0.8,,8,0.1,8,0,0,0,0,,,,
ZUESTA,2009,12,21,16,0.1,,,,,,,,933.3,,1.9,,0,0,0,0,0,0,0,,,,
ZUESTA,2009,12,21,17,-0.1,,,,,,,,931.7,,3.3,,0,0,0,0,0,0,0,,,,
ZUESTA,2009,12,21,18,-0.2,,,,,,,,930.6,,1.6,,0,0,0,0,0,0,0,,,,
ZUESTA,2009,12,21,19,0.1,,,,,,,,929.7,,1.7,,0,0,0,0,0,0,0,,,,
ZUESTA,2009,12,21,20,0.4,,,,,,,,929.2,,0.5,,0,0,0,0,0,0,0,,,,
ZUESTA,2009,12,21,21,0.5,,,,,,,,929.2,,0.8,,0,0,0,0,0,0,0,,,,
ZUESTA,2009,12,21,22,0.6,,,,,,,,929.8,,2.8,,0,0,0,0,0,0,0,,,,
ZUESTA,2009,12,21,23,0.9,,,,,,,,929.5,,2.3,,0,0,0,0,0,0,0,,,,
ZUESTA,2009,12,22,0,0.8,,,,,,,,929.1,,1.3,,0,0,0,0,0,0,0,,,,
ZUESTA,2009,12,22,1,0.3,,,,,,,,928.9,,2,,0,0,0,0,0,0,0,,,,
ZUESTA,2009,12,22,2,0.8,,,,,,,,928.8,,1.1,,0,0,0,0,0,0,0,,,,
ZUESTA,2009,12,22,3,0.6,,,,,,,,928.6,,1.1,,0,0,0,0,0,0,0,,,,
ZUESTA,2009,12,22,4,0.5,,,,,,,,928.4,,0.7,,0,0,0,0,0,0,0,,,,
ZUESTA,2009,12,22,5,1,,,,,,,,928.4,,0.9,,0,0,0,0,0,0,0,,,,
ZUESTA,2009,12,22,6,1.4,,,,,,,,928.5,,0.8,,0,0,0,0,0,0,0,,,,
ZUESTA,2009,12,22,7,2,,,,,,,,929.1,,1.1,,8,0,0,0,0,0,0,,,,
ZUESTA,2009,12,22,8,4.2,,,,,,,,929.5,,1.3,,97,0,0,0,0,0,0,,,,
ZUESTA,2009,12,22,9,5.3,,,,,,,,930.5,,0.7,,138,1153.7,22.8,0,0,0,0,,,,
ZUESTA,2009,12,22,10,5.6,,,,,,,,930.4,,1.4,,147,229.9,98.6,0,0,0,0,,,,
ZUESTA,2009,12,22,11,7.1,,,,,,,,930,,1.5,,256,555.7,96.1,0,0,0,0,,,,
ZUESTA,2009,12,22,12,8,,,,,,,,929.8,,0.9,,325,763.1,76.4,0,0,0,0,,,,
ZUESTA,2009,12,22,13,8.6,,,,,,,,929.5,,1.5,,168,61.7,148.1,0,0,0,0,,,,
ZUESTA,2009,12,22,14,8.2,,,,,,,,929.3,,1.6,,87,6.4,85.2,0,0,0,0,,,,
ZUESTA,2009,12,22,15,6.7,,,,,,,,928.8,,0.8,,18,0.6,17.9,0,0,0,0,,,,
ZUESTA,2009,12,22,16,5.5,,,,,,,,927.9,,1.3,,0,0,0,0,0,0,0,,,,
ZUESTA,2009,12,22,17,5.2,,,,,,,,927,,0.6,,0,0,0,0,0,0,0,,,,
ZUESTA,2009,12,22,18,5.2,,,,,,,,927.1,,1,,0,0,0,0,0,0,0,,,,
ZUESTA,2009,12,22,19,4.7,,,,,,,,927.1,,1.1,,0,0,0,0,0,0,0,,,,
ZUESTA,2009,12,22,20,5.1,,,,,,,,925.8,,1,,0,0,0,0,0,0,0,,,,
ZUESTA,2009,12,22,21,4,,,,,,,,925,,0.6,,0,0,0,0,0,0,0,,,,
ZUESTA,2009,12,22,22,3.6,,,,,,,,925.2,,1.3,,0,0,0,0,0,0,0,,,,
ZUESTA,2009,12,22,23,4.1,,,,,,,,925.7,,1.6,,0,0,0,0,0,0,0,,,,
ZUESTA,2009,12,23,0,4.3,,,,,,,,925.5,,1.3,,0,0,0,0,0,0,0,,,,
ZUESTA,2009,12,23,1,4.2,,,,,,,,925.8,,1.4,,0,0,0,0,0,0,0,,,,
ZUESTA,2009,12,23,2,4.1,,,,,,,,926.1,,1.7,,0,0,0,0,0,0,0,,,,
ZUESTA,2009,12,23,3,4,,,,,,,,926.8,,1.5,,0,0,0,0,0,0,0,,,,
ZUESTA,2009,12,23,4,3.6,,,,,,,,928.3,,3.9,,0,0,0,0,0,0,0,,,,
ZUESTA,2009,12,23,5,2.3,,,,,,,,930.2,,2.8,,0,0,0,0,0,0,0,,,,
ZUESTA,2009,12,23,6,2,,,,,,,,932.2,,3.2,,0,0,0,0,0,0,0,,,,
ZUESTA,2009,12,23,7,1.9,,,,,,,,934,,1.5,,1,0,0,0,0,0,0,,,,
ZUESTA,2009,12,23,8,2.2,,,,,,,,934.9,,1.2,,26,0,0,0,0,0,0,,,,
ZUESTA,2009,12,23,9,2.6,,,,,,,,935.5,,1.5,,93,653.5,28.3,0,0,0,0,,,,
ZUESTA,2009,12,23,10,2.9,,,,,,,,935.6,,1,,88,20.7,83.7,0,0,0,0,,,,
ZUESTA,2009,12,23,11,3.4,,,,,,,,935.4,,0.7,,145,52.3,130,0,0,0,0,,,,
ZUESTA,2009,12,23,12,3.1,,,,,,,,934.2,,1.5,,104,6.7,101.8,0,0,0,0,,,,
ZUESTA,2009,12,23,13,3.2,,,,,,,,933.6,,1,,94,5.4,92.3,0,0,0,0,,,,
ZUESTA,2009,12,23,14,3,,,,,,,,933.9,,1.4,,56,2.6,55.3,0,0,0,0,,,,
ZUESTA,2009,12,23,15,2.8,,,,,,,,934.2,,1.4,,12,0.2,12,0,0,0,0,,,,
ZUESTA,2009,12,23,16,2.5,,,,,,,,933.6,,3.7,,0,0,0,0,0,0,0,,,,
ZUESTA,2009,12,23,17,2.2,,,,,,,,932.8,,1.6,,0,0,0,0,0,0,0,,,,
ZUESTA,2009,12,23,18,2.2,,,,,,,,932.4,,2.3,,0,0,0,0,0,0,0,,,,
ZUESTA,2009,12,23,19,2,,,,,,,,931.9,,2.1,,0,0,0,0,0,0,0,,,,
ZUESTA,2009,12,23,20,2,,,,,,,,931.5,,2.5,,0,0,0,0,0,0,0,,,,
ZUESTA,2009,12,23,21,1.9,,,,,,,,931.4,,1.8,,0,0,0,0,0,0,0,,,,
ZUESTA,2009,12,23,22,1.9,,,,,,,,931,,1.4,,0,0,0,0,0,0,0,,,,
ZUESTA,2009,12,23,23,1.8,,,,,,,,930.9,,1,,0,0,0,0,0,0,0,,,,
ZUESTA,2009,12,24,0,1.6,,,,,,,,931.3,,1.1,,0,0,0,0,0,0,0,,,,
ZUESTA,2009,12,24,1,1.5,,,,,,,,931.5,,0.7,,0,0,0,0,0,0,0,,,,
ZUESTA,2009,12,24,2,1.6,,,,,,,,931.4,,1.4,,0,0,0,0,0,0,0,,,,
ZUESTA,2009,12,24,3,1.5,,,,,,,,931.1,,1,,0,0,0,0,0,0,0,,,,
ZUESTA,2009,12,24,4,1.3,,,,,,,,931.2,,0.7,,0,0,0,0,0,0,0,,,,
ZUESTA,2009,12,24,5,1.4,,,,,,,,931,,0.4,,0,0,0,0,0,0,0,,,,
ZUESTA,2009,12,24,6,1.5,,,,,,,,930.5,,0.5,,0,0,0,0,0,0,0,,,,
ZUESTA,2009,12,24,7,1.4,,,,,,,,930.6,,0.8,,1,0,0,0,0,0,0,,,,
ZUESTA,2009,12,24,8,1.6,,,,,,,,930.5,,0.9,,23,0,0,0,0,0,0,,,,
ZUESTA,2009,12,24,9,1.7,,,,,,,,929.9,,1,,65,183.7,47,0,0,0,0,,,,
ZUESTA,2009,12,24,10,1.9,,,,,,,,929.5,,1.5,,56,4.6,55,0,0,0,0,,,,
ZUESTA,2009,12,24,11,2.1,,,,,,,,928.7,,1.7,,93,6.9,91,0,0,0,0,,,,
ZUESTA,2009,12,24,12,1.9,,,,,,,,928.5,,1,,82,4,80.7,0,0,0,0,,,,
ZUESTA,2009,12,24,13,1.7,,,,,,,,927.8,,0.8,,55,1.8,54.4,0,0,0,0,,,,
ZUESTA,2009,12,24,14,1.8,,,,,,,,927.7,,0.5,,28,0.6,27.8,0,0,0,0,,,,
ZUESTA,2009,12,24,15,1.8,,,,,,,,926.4,,1.2,,6,0.1,6,0,0,0,0,,,,
ZUESTA,2009,12,24,16,1.6,,,,,,,,925.4,,0.8,,0,0,0,0,0,0,0,,,,
ZUESTA,2009,12,24,17,1.6,,,,,,,,923.4,,1.2,,0,0,0,0,0,0,0,,,,
ZUESTA,2009,12,24,18,1.8,,,,,,,,922.2,,1,,0,0,0,0,0,0,0,,,,
ZUESTA,2009,12,24,19,2,,,,,,,,921.8,,1.1,,0,0,0,0,0,0,0,,,,
ZUESTA,2009,12,24,20,2.1,,,,,,,,921.8,,1.7,,0,0,0,0,0,0,0,,,,
ZUESTA,2009,12,24,21,2,,,,,,,,921.6,,0.7,,0,0,0,0,0,0,0,,,,
ZUESTA,2009,12,24,22,3.3,,,,,,,,923.3,,3.2,,0,0,0,0,0,0,0,,,,
ZUESTA,2009,12,24,23,3.2,,,,,,,,923.5,,1.7,,0,0,0,0,0,0,0,,,,
ZUESTA,2009,12,25,0,4.9,,,,,,,,925.5,,3.8,,0,0,0,0,0,0,0,,,,
ZUESTA,2009,12,25,1,6.4,,,,,,,,925.6,,3.3,,0,0,0,0,0,0,0,,,,
ZUESTA,2009,12,25,2,5.8,,,,,,,,925.7,,1.6,,0,0,0,0,0,0,0,,,,
ZUESTA,2009,12,25,3,6.1,,,,,,,,926.1,,3.3,,0,0,0,0,0,0,0,,,,
ZUESTA,2009,12,25,4,7.3,,,,,,,,926.3,,4,,0,0,0,0,0,0,0,,,,
ZUESTA,2009,12,25,5,7.8,,,,,,,,927.1,,5.8,,0,0,0,0,0,0,0,,,,
ZUESTA,2009,12,25,6,8.2,,,,,,,,928.6,,9.7,,0,0,0,0,0,0,0,,,,
ZUESTA,2009,12,25,7,7.5,,,,,,,,930.6,,9.5,,1,0,0,0,0,0,0,,,,
ZUESTA,2009,12,25,8,6.3,,,,,,,,933.1,,6.6,,5,0,0,0,0,0,0,,,,
ZUESTA,2009,12,25,9,5.3,,,,,,,,934.7,,6,,38,14.4,36.6,0,0,0,0,,,,
ZUESTA,2009,12,25,10,5.4,,,,,,,,936.1,,4.1,,100,40.2,91.6,0,0,0,0,,,,
ZUESTA,2009,12,25,11,5.4,,,,,,,,936.9,,4.8,,63,3.1,62.1,0,0,0,0,,,,
ZUESTA,2009,12,25,12,5.9,,,,,,,,937.7,,5.3,,166,54.5,148.2,0,0,0,0,,,,
ZUESTA,2009,12,25,13,5.4,,,,,,,,938.6,,7,,83,4.2,81.6,0,0,0,0,,,,
ZUESTA,2009,12,25,14,3.9,,,,,,,,940.1,,6.8,,64,3.4,63.1,0,0,0,0,,,,
ZUESTA,2009,12,25,15,3.3,,,,,,,,941.1,,4.8,,38,2.4,37.5,0,0,0,0,,,,
ZUESTA,2009,12,25,16,3.1,,,,,,,,942.2,,5.5,,0,0,0,0,0,0,0,,,,
ZUESTA,2009,12,25,17,3,,,,,,,,943.2,,5.8,,0,0,0,0,0,0,0,,,,
ZUESTA,2009,12,25,18,3.4,,,,,,,,944.1,,6.1,,0,0,0,0,0,0,0,,,,
ZUESTA,2009,12,25,19,3.7,,,,,,,,945,,6.3,,0,0,0,0,0,0,0,,,,
ZUESTA,2009,12,25,20,3.7,,,,,,,,945.8,,6.4,,0,0,0,0,0,0,0,,,,
ZUESTA,2009,12,25,21,3.7,,,,,,,,946.5,,6.9,,0,0,0,0,0,0,0,,,,
ZUESTA,2009,12,25,22,3.5,,,,,,,,947.5,,6,,0,0,0,0,0,0,0,,,,
ZUESTA,2009,12,25,23,2.4,,,,,,,,947.6,,2.9,,0,0,0,0,0,0,0,,,,
ZUESTA,2009,12,26,0,1.4,,,,,,,,947.3,,1.6,,0,0,0,0,0,0,0,,,,
ZUESTA,2009,12,26,1,0.4,,,,,,,,947.1,,1,,0,0,0,0,0,0,0,,,,
ZUESTA,2009,12,26,2,0,,,,,,,,947.2,,0.6,,0,0,0,0,0,0,0,,,,
ZUESTA,2009,12,26,3,-0.1,,,,,,,,947.2,,0.7,,0,0,0,0,0,0,0,,,,
ZUESTA,2009,12,26,4,-0.6,,,,,,,,946.6,,0.6,,0,0,0,0,0,0,0,,,,
ZUESTA,2009,12,26,5,-1.1,,,,,,,,946.2,,1,,0,0,0,0,0,0,0,,,,
ZUESTA,2009,12,26,6,-1.1,,,,,,,,945.6,,1.3,,0,0,0,0,0,0,0,,,,
ZUESTA,2009,12,26,7,-0.9,,,,,,,,945.2,,1.4,,3,0,0,0,0,0,0,,,,
ZUESTA,2009,12,26,8,-0.9,,,,,,,,944.8,,1.9,,72,0,0,0,0,0,0,,,,
ZUESTA,2009,12,26,9,-0.1,,,,,,,,944.2,,1.5,,190,1636.6,31.4,0,0,0,0,,,,
ZUESTA,2009,12,26,10,1.1,,,,,,,,943.8,,1.9,,270,1081,44.6,0,0,0,0,,,,
ZUESTA,2009,12,26,11,2,,,,,,,,943.3,,2.4,,268,640.7,84,0,0,0,0,,,,
ZUESTA,2009,12,26,12,2.2,,,,,,,,942.8,,1.9,,245,304.8,145.4,0,0,0,0,,,,
ZUESTA,2009,12,26,13,2,,,,,,,,942.6,,1.4,,164,52.9,146.9,0,0,0,0,,,,
ZUESTA,2009,12,26,14,1.9,,,,,,,,942.6,,0.9,,95,8,92.7,0,0,0,0,,,,
ZUESTA,2009,12,26,15,1.2,,,,,,,,942.5,,1.1,,25,1,24.8,0,0,0,0,,,,
ZUESTA,2009,12,26,16,0.3,,,,,,,,942.7,,1,,0,0,0,0,0,0,0,,,,
ZUESTA,2009,12,26,17,-0.2,,,,,,,,942.9,,0.7,,0,0,0,0,0,0,0,,,,
ZUESTA,2009,12,26,18,-0.6,,,,,,,,942.9,,0.3,,0,0,0,0,0,0,0,,,,
ZUESTA,2009,12,26,19,-0.9,,,,,,,,942.9,,0.2,,0,0,0,0,0,0,0,,,,
ZUESTA,2009,12,26,20,-1,,,,,,,,943,,0.2,,0,0,0,0,0,0,0,,,,
ZUESTA,2009,12,26,21,-1.1,,,,,,,,943.2,,0.2,,0,0,0,0,0,0,0,,,,
ZUESTA,2009,12,26,22,-1.2,,,,,,,,943.4,,0.3,,0,0,0,0,0,0,0,,,,
ZUESTA,2009,12,26,23,-1.1,,,,,,,,943.6,,0.5,,0,0,0,0,0,0,0,,,,
ZUESTA,2009,12,27,0,-1.3,,,,,,,,943.7,,0.3,,0,0,0,0,0,0,0,,,,
ZUESTA,2009,12,27,1,-1.2,,,,,,,,943.6,,0.7,,0,0,0,0,0,0,0,,,,
ZUESTA,2009,12,27,2,-1.1,,,,,,,,943.7,,0.9,,0,0,0,0,0,0,0,,,,
ZUESTA,2009,12,27,3,-0.8,,,,,,,,943.6,,0.9,,0,0,0,0,0,0,0,,,,
ZUESTA,2009,12,27,4,-1.2,,,,,,,,943.7,,0.3,,0,0,0,0,0,0,0,,,,
ZUESTA,2009,12,27,5,-1,,,,,,,,943.9,,0.5,,0,0,0,0,0,0,0,,,,
ZUESTA,2009,12,27,6,-0.7,,,,,,,,944.2,,0.9,,0,0,0,0,0,0,0,,,,
ZUESTA,2009,12,27,7,-0.9,,,,,,,,945,,2.4,,3,0,0,0,0,0,0,,,,
ZUESTA,2009,12,27,8,-0.6,,,,,,,,945.7,,1.4,,49,0,0,0,0,0,0,,,,
ZUESTA,2009,12,27,9,0.1,,,,,,,,945.8,,1.4,,115,995.2,19,0,0,0,0,,,,
ZUESTA,2009,12,27,10,1.9,,,,,,,,945.6,,2,,291,1166,48,0,0,0,0,,,,
ZUESTA,2009,12,27,11,3.3,,,,,,,,945,,2.9,,331,962,54.6,0,0,0,0,,,,
ZUESTA,2009,12,27,12,4.3,,,,,,,,944.3,,3.7,,348,871.1,63,0,0,0,0,,,,
ZUESTA,2009,12,27,13,5.1,,,,,,,,943.5,,3.9,,199,130.3,156.6,0,0,0,0,,,,
ZUESTA,2009,12,27,14,4.8,,,,,,,,943.1,,3.9,,70,3.9,68.9,0,0,0,0,,,,
ZUESTA,2009,12,27,15,3.6,,,,,,,,943.3,,5.3,,16,0.4,15.9,0,0,0,0,,,,
ZUESTA,2009,12,27,16,1.5,,,,,,,,944,,5.1,,0,0,0,0,0,0,0,,,,
ZUESTA,2009,12,27,17,1.8,,,,,,,,944.4,,4.8,,0,0,0,0,0,0,0,,,,
ZUESTA,2009,12,27,18,2.2,,,,,,,,944.8,,6,,0,0,0,0,0,0,0,,,,
ZUESTA,2009,12,27,19,2.8,,,,,,,,944.8,,5.8,,0,0,0,0,0,0,0,,,,
ZUESTA,2009,12,27,20,3.1,,,,,,,,945,,5.6,,0,0,0,0,0,0,0,,,,
ZUESTA,2009,12,27,21,3.4,,,,,,,,944.8,,5.8,,0,0,0,0,0,0,0,,,,
ZUESTA,2009,12,27,22,3.6,,,,,,,,944.8,,5.8,,0,0,0,0,0,0,0,,,,
ZUESTA,2009,12,27,23,3.3,,,,,,,,945.2,,5.9,,0,0,0,0,0,0,0,,,,
ZUESTA,2009,12,28,0,2.9,,,,,,,,945.2,,5.3,,0,0,0,0,0,0,0,,,,
ZUESTA,2009,12,28,1,2.6,,,,,,,,944.9,,4.9,,0,0,0,0,0,0,0,,,,
ZUESTA,2009,12,28,2,2.8,,,,,,,,944.5,,4.9,,0,0,0,0,0,0,0,,,,
ZUESTA,2009,12,28,3,2.9,,,,,,,,943.8,,5.8,,0,0,0,0,0,0,0,,,,
ZUESTA,2009,12,28,4,2.6,,,,,,,,943.4,,4.3,,0,0,0,0,0,0,0,,,,
ZUESTA,2009,12,28,5,1.9,,,,,,,,943.6,,2.1,,0,0,0,0,0,0,0,,,,
ZUESTA,2009,12,28,6,1.6,,,,,,,,943.1,,0.9,,0,0,0,0,0,0,0,,,,
ZUESTA,2009,12,28,7,0.8,,,,,,,,942.7,,0.5,,10,0,0,0,0,0,0,,,,
ZUESTA,2009,12,28,8,1.5,,,,,,,,942.3,,0.8,,83,0,0,0,0,0,0,,,,
ZUESTA,2009,12,28,9,2,,,,,,,,942.2,,1.3,,199,1728.2,32.8,0,0,0,0,,,,
ZUESTA,2009,12,28,10,2.5,,,,,,,,942,,0.9,,193,627,62.4,0,0,0,0,,,,
ZUESTA,2009,12,28,11,2.5,,,,,,,,941.4,,0.7,,102,9.5,99.3,0,0,0,0,,,,
ZUESTA,2009,12,28,12,3,,,,,,,,940.9,,0.4,,83,4.1,81.7,0,0,0,0,,,,
ZUESTA,2009,12,28,13,3.1,,,,,,,,940.8,,0.4,,60,2.2,59.3,0,0,0,0,,,,
ZUESTA,2009,12,28,14,3.1,,,,,,,,940.9,,0.5,,52,2.2,51.4,0,0,0,0,,,,
ZUESTA,2009,12,28,15,3.1,,,,,,,,940.9,,0.5,,23,0.8,22.8,0,0,0,0,,,,
ZUESTA,2009,12,28,16,2.8,,,,,,,,940.7,,0.7,,0,0,0,0,0,0,0,,,,
ZUESTA,2009,12,28,17,2.3,,,,,,,,940.5,,0.9,,0,0,0,0,0,0,0,,,,
ZUESTA,2009,12,28,18,2.3,,,,,,,,940.6,,0.6,,0,0,0,0,0,0,0,,,,
ZUESTA,2009,12,28,19,1.9,,,,,,,,940.7,,0.2,,0,0,0,0,0,0,0,,,,
ZUESTA,2009,12,28,20,2.1,,,,,,,,940.6,,0.3,,0,0,0,0,0,0,0,,,,
ZUESTA,2009,12,28,21,1.9,,,,,,,,940.5,,0.5,,0,0,0,0,0,0,0,,,,
ZUESTA,2009,12,28,22,1.7,,,,,,,,940.4,,1.9,,0,0,0,0,0,0,0,,,,
ZUESTA,2009,12,28,23,1.7,,,,,,,,940.2,,0.9,,0,0,0,0,0,0,0,,,,
ZUESTA,2009,12,29,0,1.1,,,,,,,,940.1,,0.5,,0,0,0,0,0,0,0,,,,
ZUESTA,2009,12,29,1,0.7,,,,,,,,939.9,,0.2,,0,0,0,0,0,0,0,,,,
ZUESTA,2009,12,29,2,0.6,,,,,,,,939.7,,0.3,,0,0,0,0,0,0,0,,,,
ZUESTA,2009,12,29,3,0.6,,,,,,,,939.4,,0.9,,0,0,0,0,0,0,0,,,,
ZUESTA,2009,12,29,4,0.6,,,,,,,,939.2,,0.7,,0,0,0,0,0,0,0,,,,
ZUESTA,2009,12,29,5,0.8,,,,,,,,939,,0.4,,0,0,0,0,0,0,0,,,,
ZUESTA,2009,12,29,6,0.9,,,,,,,,938.8,,0.4,,0,0,0,0,0,0,0,,,,
ZUESTA,2009,12,29,7,1.2,,,,,,,,938.6,,0.6,,0,0,0,0,0,0,0,,,,
ZUESTA,2009,12,29,8,1.5,,,,,,,,938.7,,1.1,,22,0,0,0,0,0,0,,,,
ZUESTA,2009,12,29,9,2,,,,,,,,938.5,,0.8,,38,15.6,36.5,0,0,0,0,,,,
ZUESTA,2009,12,29,10,2.7,,,,,,,,938.3,,0.5,,51,3.8,50.2,0,0,0,0,,,,
ZUESTA,2009,12,29,11,3.6,,,,,,,,937.8,,0.6,,86,5.7,84.4,0,0,0,0,,,,
ZUESTA,2009,12,29,12,4.1,,,,,,,,937.7,,0.9,,52,1.6,51.5,0,0,0,0,,,,
ZUESTA,2009,12,29,13,5.6,,,,,,,,937.5,,4.1,,51,1.5,50.5,0,0,0,0,,,,
ZUESTA,2009,12,29,14,6.1,,,,,,,,937.4,,1.9,,41,1.3,40.6,0,0,0,0,,,,
ZUESTA,2009,12,29,15,6.1,,,,,,,,937.3,,1.1,,11,0.2,11,0,0,0,0,,,,
ZUESTA,2009,12,29,16,6,,,,,,,,937.2,,0.9,,0,0,0,0,0,0,0,,,,
ZUESTA,2009,12,29,17,6.1,,,,,,,,937,,1.2,,0,0,0,0,0,0,0,,,,
ZUESTA,2009,12,29,18,6.2,,,,,,,,936.7,,1.1,,0,0,0,0,0,0,0,,,,
ZUESTA,2009,12,29,19,6.6,,,,,,,,936.8,,1.9,,0,0,0,0,0,0,0,,,,
ZUESTA,2009,12,29,20,7,,,,,,,,937,,0.9,,0,0,0,0,0,0,0,,,,
ZUESTA,2009,12,29,21,7.2,,,,,,,,937.1,,1.2,,0,0,0,0,0,0,0,,,,
ZUESTA,2009,12,29,22,7.2,,,,,,,,937.6,,2.1,,0,0,0,0,0,0,0,,,,
ZUESTA,2009,12,29,23,7.6,,,,,,,,937.2,,2.2,,0,0,0,0,0,0,0,,,,
ZUESTA,2009,12,30,0,7.7,,,,,,,,936.5,,2.7,,0,0,0,0,0,0,0,,,,
ZUESTA,2009,12,30,1,7.1,,,,,,,,935.5,,2,,0,0,0,0,0,0,0,,,,
ZUESTA,2009,12,30,2,6.2,,,,,,,,935.8,,2.5,,0,0,0,0,0,0,0,,,,
ZUESTA,2009,12,30,3,7.4,,,,,,,,935.9,,3.5,,0,0,0,0,0,0,0,,,,
ZUESTA,2009,12,30,4,7.3,,,,,,,,936.3,,3.6,,0,0,0,0,0,0,0,,,,
ZUESTA,2009,12,30,5,7.2,,,,,,,,935.7,,2.6,,0,0,0,0,0,0,0,,,,
ZUESTA,2009,12,30,6,6.4,,,,,,,,935.3,,1.6,,0,0,0,0,0,0,0,,,,
ZUESTA,2009,12,30,7,5.8,,,,,,,,934.6,,0.7,,1,0,0,0,0,0,0,,,,
ZUESTA,2009,12,30,8,5.7,,,,,,,,934.1,,1,,18,0,0,0,0,0,0,,,,
ZUESTA,2009,12,30,9,5.8,,,,,,,,933.2,,0.5,,48,50.3,43.2,0,0,0,0,,,,
ZUESTA,2009,12,30,10,5.9,,,,,,,,932.3,,0.7,,37,2,36.6,0,0,0,0,,,,
ZUESTA,2009,12,30,11,6.3,,,,,,,,932.5,,1.6,,30,0.7,29.8,0,0,0,0,,,,
ZUESTA,2009,12,30,12,6.9,,,,,,,,931.9,,2.8,,26,0.4,25.9,0,0,0,0,,,,
ZUESTA,2009,12,30,13,7.5,,,,,,,,931.1,,1.3,,24,0.3,23.9,0,0,0,0,,,,
ZUESTA,2009,12,30,14,7.4,,,,,,,,931,,2.6,,14,0.2,14,0,0,0,0,,,,
ZUESTA,2009,12,30,15,7.5,,,,,,,,931.7,,4.9,,10,0.2,10,0,0,0,0,,,,
ZUESTA,2009,12,30,16,7.6,,,,,,,,932.5,,6.6,,0,0,0,0,0,0,0,,,,
ZUESTA,2009,12,30,17,8,,,,,,,,932.8,,6.2,,0,0,0,0,0,0,0,,,,
ZUESTA,2009,12,30,18,7.8,,,,,,,,933.2,,3.9,,0,0,0,0,0,0,0,,,,
ZUESTA,2009,12,30,19,8.1,,,,,,,,933,,5.6,,0,0,0,0,0,0,0,,,,
ZUESTA,2009,12,30,20,8.3,,,,,,,,933.4,,5.7,,0,0,0,0,0,0,0,,,,
ZUESTA,2009,12,30,21,7.6,,,,,,,,934,,4.5,,0,0,0,0,0,0,0,,,,
ZUESTA,2009,12,30,22,7.3,,,,,,,,934.4,,4.3,,0,0,0,0,0,0,0,,,,
ZUESTA,2009,12,30,23,6.8,,,,,,,,934.3,,4,,0,0,0,0,0,0,0,,,,
ZUESTA,2009,12,31,0,6.7,,,,,,,,933.6,,2.2,,0,0,0,0,0,0,0,,,,
ZUESTA,2009,12,31,1,7.2,,,,,,,,933,,1.2,,0,0,0,0,0,0,0,,,,
ZUESTA,2009,12,31,2,5.9,,,,,,,,932.5,,1.3,,0,0,0,0,0,0,0,,,,
ZUESTA,2009,12,31,3,5.5,,,,,,,,931.9,,0.8,,0,0,0,0,0,0,0,,,,
ZUESTA,2009,12,31,4,5.6,,,,,,,,932.3,,1.7,,0,0,0,0,0,0,0,,,,
ZUESTA,2009,12,31,5,5.7,,,,,,,,932.5,,1,,0,0,0,0,0,0,0,,,,
ZUESTA,2009,12,31,6,5.8,,,,,,,,932.4,,3.1,,0,0,0,0,0,0,0,,,,
ZUESTA,2009,12,31,7,5.9,,,,,,,,932.7,,2.4,,0,0,0,0,0,0,0,,,,
ZUESTA,2009,12,31,8,5.8,,,,,,,,932.8,,1.6,,7,0,0,0,0,0,0,,,,
ZUESTA,2009,12,31,9,5.9,,,,,,,,932.6,,2,,40,20.1,38.1,0,0,0,0,,,,
ZUESTA,2009,12,31,10,5.7,,,,,,,,932.3,,1.1,,70,7.7,68.4,0,0,0,0,,,,
ZUESTA,2009,12,31,11,5.9,,,,,,,,932,,1.9,,78,4.6,76.7,0,0,0,0,,,,
ZUESTA,2009,12,31,12,6,,,,,,,,931.8,,1.8,,52,1.6,51.5,0,0,0,0,,,,
ZUESTA,2009,12,31,13,5.5,,,,,,,,931.5,,1.1,,34,0.7,33.8,0,0,0,0,,,,
ZUESTA,2009,12,31,14,5.4,,,,,,,,931,,1.1,,21,0.3,20.9,0,0,0,0,,,,
ZUESTA,2009,12,31,15,5.5,,,,,,,,930.5,,1.5,,12,0.2,12,0,0,0,0,,,,
ZUESTA,2009,12,31,16,5.3,,,,,,,,930,,0.8,,1,0,1,0,0,0,0,,,,
ZUESTA,2009,12,31,17,5.2,,,,,,,,929.8,,0.8,,0,0,0,0,0,0,0,,,,
ZUESTA,2009,12,31,18,4.9,,,,,,,,929.5,,1.4,,0,0,0,0,0,0,0,,,,
ZUESTA,2009,12,31,19,4.7,,,,,,,,929.4,,0.5,,0,0,0,0,0,0,0,,,,
ZUESTA,2009,12,31,20,4.4,,,,,,,,929,,0.5,,0,0,0,0,0,0,0,,,,
ZUESTA,2009,12,31,21,3.5,,,,,,,,928.6,,0.5,,0,0,0,0,0,0,0,,,,
ZUESTA,2009,12,31,22,3.9,,,,,,,,928.2,,0.5,,0,0,0,0,0,0,0,,,,
ZUESTA,2009,12,31,23,4.2,,,,,,,,927.9,,0.3,,0,0,0,0,0,0,0,,,,
