station,time.yy,time.mm,time.dd,time.hh,temp,relhum,vappres,dewpt,mixratio,wetbulb,enthalpy,precip,airpres,winddir,windmean,windmax,rad.global,rad.direct,rad.diffus,rad.vert.N,rad.vert.E,rad.vert.S,rad.vert.W,ir.horiz,cloudcov,albedo,emissivity
KLO,2012,1,1,0,7.5,,,,,,,,968.8,,4.4,,0,0,0,0,0,0,0,,,,
KLO,2012,1,1,1,7.7,,,,,,,,969,,5.1,,0,0,0,0,0,0,0,,,,
KLO,2012,1,1,2,7.8,,,,,,,,969.1,,5.5,,0,0,0,0,0,0,0,,,,
KLO,2012,1,1,3,8,,,,,,,,968.8,,4.8,,0,0,0,0,0,0,0,,,,
KLO,2012,1,1,4,8.3,,,,,,,,968.8,,5.1,,0,0,0,0,0,0,0,,,,
KLO,2012,1,1,5,8.5,,,,,,,,969.1,,4.9,,0,0,0,0,0,0,0,,,,
KLO,2012,1,1,6,8.5,,,,,,,,969.4,,4.3,,0,0,0,0,0,0,0,,,,
KLO,2012,1,1,7,8.6,,,,,,,,969.7,,5.6,,3,0,0,0,0,0,0,,,,
KLO,2012,1,1,8,8.8,,,,,,,,970,,5,,33,0,0,0,0,0,0,,,,
KLO,2012,1,1,9,9.7,,,,,,,,970.2,,5.6,,79,447.6,36.6,0,0,0,0,,,,
KLO,2012,1,1,10,10,,,,,,,,970.2,,6.2,,115,81.7,98,0,0,0,0,,,,
KLO,2012,1,1,11,10.4,,,,,,,,969.8,,3.6,,128,27.5,120.1,0,0,0,0,,,,
KLO,2012,1,1,12,10.4,,,,,,,,969.4,,3.1,,96,5.4,94.2,0,0,0,0,,,,
KLO,2012,1,1,13,10.9,,,,,,,,968.9,,3.4,,95,5.3,93.3,0,0,0,0,,,,
KLO,2012,1,1,14,11.3,,,,,,,,968.4,,4.3,,104,10.5,101,0,0,0,0,,,,
KLO,2012,1,1,15,10.7,,,,,,,,968.2,,4.3,,22,0.7,21.8,0,0,0,0,,,,
KLO,2012,1,1,16,10.1,,,,,,,,968.4,,4.5,,0,0,0,0,0,0,0,,,,
KLO,2012,1,1,17,9.6,,,,,,,,968.4,,4.2,,0,0,0,0,0,0,0,,,,
KLO,2012,1,1,18,9,,,,,,,,968.3,,2.5,,0,0,0,0,0,0,0,,,,
KLO,2012,1,1,19,7.6,,,,,,,,968.2,,2.8,,0,0,0,0,0,0,0,,,,
KLO,2012,1,1,20,6.2,,,,,,,,967.9,,2.2,,0,0,0,0,0,0,0,,,,
KLO,2012,1,1,21,5.4,,,,,,,,967.4,,2.3,,0,0,0,0,0,0,0,,,,
KLO,2012,1,1,22,5.3,,,,,,,,966.6,,2.3,,0,0,0,0,0,0,0,,,,
KLO,2012,1,1,23,5.6,,,,,,,,965.9,,2.5,,0,0,0,0,0,0,0,,,,
KLO,2012,1,2,0,5.3,,,,,,,,965.4,,3.5,,0,0,0,0,0,0,0,,,,
KLO,2012,1,2,1,4.8,,,,,,,,965,,3.4,,0,0,0,0,0,0,0,,,,
KLO,2012,1,2,2,4.6,,,,,,,,964.6,,2.6,,0,0,0,0,0,0,0,,,,
KLO,2012,1,2,3,4.6,,,,,,,,963.8,,3.3,,0,0,0,0,0,0,0,,,,
KLO,2012,1,2,4,6.3,,,,,,,,963.1,,3.7,,0,0,0,0,0,0,0,,,,
KLO,2012,1,2,5,6,,,,,,,,962.6,,4.4,,0,0,0,0,0,0,0,,,,
KLO,2012,1,2,6,6.1,,,,,,,,962.1,,4.3,,0,0,0,0,0,0,0,,,,
KLO,2012,1,2,7,7.2,,,,,,,,961.9,,3.3,,2,0,0,0,0,0,0,,,,
KLO,2012,1,2,8,9.8,,,,,,,,962,,3.6,,27,0,0,0,0,0,0,,,,
KLO,2012,1,2,9,9.8,,,,,,,,962.3,,4.4,,34,9.9,33.1,0,0,0,0,,,,
KLO,2012,1,2,10,9.9,,,,,,,,962.5,,5.3,,64,6,62.7,0,0,0,0,,,,
KLO,2012,1,2,11,9.2,,,,,,,,962.7,,6.2,,23,0.4,22.9,0,0,0,0,,,,
KLO,2012,1,2,12,8.4,,,,,,,,963.3,,5.6,,39,0.9,38.7,0,0,0,0,,,,
KLO,2012,1,2,13,7.6,,,,,,,,964.5,,4.8,,81,3.8,79.7,0,0,0,0,,,,
KLO,2012,1,2,14,7.2,,,,,,,,965.8,,3.8,,27,0.6,26.8,0,0,0,0,,,,
KLO,2012,1,2,15,6.2,,,,,,,,967,,4.8,,4,0,4,0,0,0,0,,,,
KLO,2012,1,2,16,5.3,,,,,,,,967.7,,3.3,,0,0,0,0,0,0,0,,,,
KLO,2012,1,2,17,5.5,,,,,,,,968.1,,1.6,,0,0,0,0,0,0,0,,,,
KLO,2012,1,2,18,5.9,,,,,,,,968.6,,2.8,,0,0,0,0,0,0,0,,,,
KLO,2012,1,2,19,5.7,,,,,,,,969.4,,2.2,,0,0,0,0,0,0,0,,,,
KLO,2012,1,2,20,4.9,,,,,,,,970.3,,1.2,,0,0,0,0,0,0,0,,,,
KLO,2012,1,2,21,5,,,,,,,,970.9,,0.7,,0,0,0,0,0,0,0,,,,
KLO,2012,1,2,22,4.6,,,,,,,,971.7,,1.2,,0,0,0,0,0,0,0,,,,
KLO,2012,1,2,23,4.3,,,,,,,,972.3,,0.8,,0,0,0,0,0,0,0,,,,
KLO,2012,1,3,0,3.9,,,,,,,,973.1,,2.8,,0,0,0,0,0,0,0,,,,
KLO,2012,1,3,1,3.6,,,,,,,,974,,0.9,,0,0,0,0,0,0,0,,,,
KLO,2012,1,3,2,3.5,,,,,,,,974.7,,0.8,,0,0,0,0,0,0,0,,,,
KLO,2012,1,3,3,2.9,,,,,,,,975.2,,2,,0,0,0,0,0,0,0,,,,
KLO,2012,1,3,4,2.8,,,,,,,,975.6,,1.6,,0,0,0,0,0,0,0,,,,
KLO,2012,1,3,5,3,,,,,,,,976.1,,0.8,,0,0,0,0,0,0,0,,,,
KLO,2012,1,3,6,2.3,,,,,,,,975.9,,1.8,,0,0,0,0,0,0,0,,,,
KLO,2012,1,3,7,1.4,,,,,,,,975.6,,2.3,,6,0,0,0,0,0,0,,,,
KLO,2012,1,3,8,1.9,,,,,,,,975.6,,1.7,,80,0,0,0,0,0,0,,,,
KLO,2012,1,3,9,4.3,,,,,,,,975.3,,3.5,,214,1875.2,35.3,0,0,0,0,,,,
KLO,2012,1,3,10,5.5,,,,,,,,974.7,,4.9,,305,1219,50.3,0,0,0,0,,,,
KLO,2012,1,3,11,5.9,,,,,,,,974,,5.6,,262,582.4,93.2,0,0,0,0,,,,
KLO,2012,1,3,12,6.7,,,,,,,,973.1,,5.7,,322,711.3,85.9,0,0,0,0,,,,
KLO,2012,1,3,13,7.1,,,,,,,,972.2,,6.2,,195,107.7,159.2,0,0,0,0,,,,
KLO,2012,1,3,14,6.9,,,,,,,,971.9,,4.5,,87,5.7,85.3,0,0,0,0,,,,
KLO,2012,1,3,15,6.2,,,,,,,,971.7,,4.4,,33,1.6,32.7,0,0,0,0,,,,
KLO,2012,1,3,16,5.7,,,,,,,,971.3,,6.1,,0,0,0,0,0,0,0,,,,
KLO,2012,1,3,17,6,,,,,,,,970.9,,8.8,,0,0,0,0,0,0,0,,,,
KLO,2012,1,3,18,5.7,,,,,,,,971.2,,6.1,,0,0,0,0,0,0,0,,,,
KLO,2012,1,3,19,6.6,,,,,,,,970.4,,5.9,,0,0,0,0,0,0,0,,,,
KLO,2012,1,3,20,7.8,,,,,,,,969.4,,5.5,,0,0,0,0,0,0,0,,,,
KLO,2012,1,3,21,8.2,,,,,,,,968.9,,7.4,,0,0,0,0,0,0,0,,,,
KLO,2012,1,3,22,7.3,,,,,,,,968.1,,5.8,,0,0,0,0,0,0,0,,,,
KLO,2012,1,3,23,7.8,,,,,,,,967.3,,6.2,,0,0,0,0,0,0,0,,,,
KLO,2012,1,4,0,7.8,,,,,,,,966.5,,7.2,,0,0,0,0,0,0,0,,,,
KLO,2012,1,4,1,7.5,,,,,,,,965.7,,7.1,,0,0,0,0,0,0,0,,,,
KLO,2012,1,4,2,7.9,,,,,,,,964.8,,7.8,,0,0,0,0,0,0,0,,,,
KLO,2012,1,4,3,7.1,,,,,,,,964.3,,7.8,,0,0,0,0,0,0,0,,,,
KLO,2012,1,4,4,7.5,,,,,,,,964.1,,9,,0,0,0,0,0,0,0,,,,
KLO,2012,1,4,5,6.8,,,,,,,,965.6,,6.3,,0,0,0,0,0,0,0,,,,
KLO,2012,1,4,6,5.3,,,,,,,,967.7,,5,,0,0,0,0,0,0,0,,,,
KLO,2012,1,4,7,4.9,,,,,,,,969,,4.6,,0,0,0,0,0,0,0,,,,
KLO,2012,1,4,8,5.4,,,,,,,,970.6,,5.1,,8,0,0,0,0,0,0,,,,
KLO,2012,1,4,9,5.4,,,,,,,,971.6,,6.3,,57,114.9,46,0,0,0,0,,,,
KLO,2012,1,4,10,6,,,,,,,,972.4,,5.9,,160,325.2,91.8,0,0,0,0,,,,
KLO,2012,1,4,11,5,,,,,,,,972.9,,6.5,,281,703,76.4,0,0,0,0,,,,
KLO,2012,1,4,12,4,,,,,,,,973.3,,5.4,,183,78.5,156.8,0,0,0,0,,,,
KLO,2012,1,4,13,4.8,,,,,,,,973.7,,3.6,,118,9.4,114.9,0,0,0,0,,,,
KLO,2012,1,4,14,4.7,,,,,,,,974.2,,4,,79,4.6,77.6,0,0,0,0,,,,
KLO,2012,1,4,15,4.4,,,,,,,,974.9,,3.9,,47,3.1,46.3,0,0,0,0,,,,
KLO,2012,1,4,16,3.6,,,,,,,,975.1,,3,,0,0,0,0,0,0,0,,,,
KLO,2012,1,4,17,3.6,,,,,,,,975.1,,3.7,,0,0,0,0,0,0,0,,,,
KLO,2012,1,4,18,3.6,,,,,,,,975.1,,3.1,,0,0,0,0,0,0,0,,,,
KLO,2012,1,4,19,3.6,,,,,,,,975.1,,4.4,,0,0,0,0,0,0,0,,,,
KLO,2012,1,4,20,3.9,,,,,,,,974.7,,4.8,,0,0,0,0,0,0,0,,,,
KLO,2012,1,4,21,4.3,,,,,,,,973.2,,5.3,,0,0,0,0,0,0,0,,,,
KLO,2012,1,4,22,4.5,,,,,,,,972.2,,6.4,,0,0,0,0,0,0,0,,,,
KLO,2012,1,4,23,4.6,,,,,,,,970.8,,6.7,,0,0,0,0,0,0,0,,,,
KLO,2012,1,5,0,4.7,,,,,,,,968.7,,6.9,,0,0,0,0,0,0,0,,,,
KLO,2012,1,5,1,4.6,,,,,,,,967.2,,7.5,,0,0,0,0,0,0,0,,,,
KLO,2012,1,5,2,4.8,,,,,,,,966.2,,9,,0,0,0,0,0,0,0,,,,
KLO,2012,1,5,3,5.4,,,,,,,,964.1,,10.8,,0,0,0,0,0,0,0,,,,
KLO,2012,1,5,4,5.3,,,,,,,,962.3,,10.4,,0,0,0,0,0,0,0,,,,
KLO,2012,1,5,5,4.3,,,,,,,,961.3,,9.7,,0,0,0,0,0,0,0,,,,
KLO,2012,1,5,6,4.3,,,,,,,,960.2,,7.8,,0,0,0,0,0,0,0,,,,
KLO,2012,1,5,7,3.9,,,,,,,,959.4,,8.1,,0,0,0,0,0,0,0,,,,
KLO,2012,1,5,8,3.9,,,,,,,,958.1,,8.9,,5,0,0,0,0,0,0,,,,
KLO,2012,1,5,9,3.7,,,,,,,,957.1,,8.3,,18,2.2,17.8,0,0,0,0,,,,
KLO,2012,1,5,10,3.9,,,,,,,,955.8,,11.1,,43,2.7,42.4,0,0,0,0,,,,
KLO,2012,1,5,11,4.2,,,,,,,,953.6,,10.9,,52,2,51.4,0,0,0,0,,,,
KLO,2012,1,5,12,4.6,,,,,,,,952.1,,10.4,,33,0.6,32.8,0,0,0,0,,,,
KLO,2012,1,5,13,5.5,,,,,,,,950.3,,10.7,,21,0.2,20.9,0,0,0,0,,,,
KLO,2012,1,5,14,6,,,,,,,,948.5,,11.6,,22,0.4,21.9,0,0,0,0,,,,
KLO,2012,1,5,15,6.1,,,,,,,,948.6,,10.1,,1,0,1,0,0,0,0,,,,
KLO,2012,1,5,16,1.8,,,,,,,,951.8,,5.7,,0,0,0,0,0,0,0,,,,
KLO,2012,1,5,17,2.2,,,,,,,,952.6,,4.7,,0,0,0,0,0,0,0,,,,
KLO,2012,1,5,18,2.8,,,,,,,,953.8,,4.8,,0,0,0,0,0,0,0,,,,
KLO,2012,1,5,19,3.6,,,,,,,,954.1,,4.3,,0,0,0,0,0,0,0,,,,
KLO,2012,1,5,20,3.6,,,,,,,,954.5,,7.2,,0,0,0,0,0,0,0,,,,
KLO,2012,1,5,21,3.4,,,,,,,,954.9,,6.4,,0,0,0,0,0,0,0,,,,
KLO,2012,1,5,22,3.6,,,,,,,,955.2,,5.8,,0,0,0,0,0,0,0,,,,
KLO,2012,1,5,23,3,,,,,,,,955.7,,4.9,,0,0,0,0,0,0,0,,,,
KLO,2012,1,6,0,2.6,,,,,,,,956.9,,5.9,,0,0,0,0,0,0,0,,,,
KLO,2012,1,6,1,2.3,,,,,,,,958.7,,5.3,,0,0,0,0,0,0,0,,,,
KLO,2012,1,6,2,1.8,,,,,,,,960,,5.2,,0,0,0,0,0,0,0,,,,
KLO,2012,1,6,3,1.7,,,,,,,,961.2,,5.5,,0,0,0,0,0,0,0,,,,
KLO,2012,1,6,4,1.5,,,,,,,,962.3,,3.9,,0,0,0,0,0,0,0,,,,
KLO,2012,1,6,5,1.4,,,,,,,,963.1,,4.6,,0,0,0,0,0,0,0,,,,
KLO,2012,1,6,6,1.4,,,,,,,,964,,4.9,,0,0,0,0,0,0,0,,,,
KLO,2012,1,6,7,1.7,,,,,,,,965,,4.5,,2,0,0,0,0,0,0,,,,
KLO,2012,1,6,8,1.8,,,,,,,,966,,4.3,,69,0,0,0,0,0,0,,,,
KLO,2012,1,6,9,2.4,,,,,,,,966.8,,5,,100,821.6,20.4,0,0,0,0,,,,
KLO,2012,1,6,10,2.7,,,,,,,,967.6,,5.5,,89,20.9,84.6,0,0,0,0,,,,
KLO,2012,1,6,11,3.1,,,,,,,,968.3,,5.9,,107,10.6,103.9,0,0,0,0,,,,
KLO,2012,1,6,12,3.8,,,,,,,,968.7,,5.1,,184,77,158.1,0,0,0,0,,,,
KLO,2012,1,6,13,3.6,,,,,,,,969.5,,4.6,,109,6.9,106.7,0,0,0,0,,,,
KLO,2012,1,6,14,3.4,,,,,,,,970.7,,4.3,,72,3.7,70.9,0,0,0,0,,,,
KLO,2012,1,6,15,2.8,,,,,,,,972.2,,4.6,,10,0.1,10,0,0,0,0,,,,
KLO,2012,1,6,16,2.5,,,,,,,,973.5,,4.2,,0,0,0,0,0,0,0,,,,
KLO,2012,1,6,17,2.3,,,,,,,,974.5,,3.5,,0,0,0,0,0,0,0,,,,
KLO,2012,1,6,18,1.9,,,,,,,,975,,2.6,,0,0,0,0,0,0,0,,,,
KLO,2012,1,6,19,2.3,,,,,,,,975.5,,3.3,,0,0,0,0,0,0,0,,,,
KLO,2012,1,6,20,2.4,,,,,,,,976.1,,2.2,,0,0,0,0,0,0,0,,,,
KLO,2012,1,6,21,2.2,,,,,,,,976.1,,2.6,,0,0,0,0,0,0,0,,,,
KLO,2012,1,6,22,2.2,,,,,,,,976.2,,2.9,,0,0,0,0,0,0,0,,,,
KLO,2012,1,6,23,2.2,,,,,,,,976.2,,2.4,,0,0,0,0,0,0,0,,,,
KLO,2012,1,7,0,2.3,,,,,,,,976.1,,2.2,,0,0,0,0,0,0,0,,,,
KLO,2012,1,7,1,2,,,,,,,,975.9,,1.3,,0,0,0,0,0,0,0,,,,
KLO,2012,1,7,2,1.4,,,,,,,,975.8,,2.1,,0,0,0,0,0,0,0,,,,
KLO,2012,1,7,3,0.6,,,,,,,,975.4,,2.9,,0,0,0,0,0,0,0,,,,
KLO,2012,1,7,4,0.2,,,,,,,,975.2,,2.6,,0,0,0,0,0,0,0,,,,
KLO,2012,1,7,5,0.7,,,,,,,,975.2,,2.1,,0,0,0,0,0,0,0,,,,
KLO,2012,1,7,6,1.1,,,,,,,,975.2,,2.4,,0,0,0,0,0,0,0,,,,
KLO,2012,1,7,7,1.3,,,,,,,,975,,2.5,,3,0,0,0,0,0,0,,,,
KLO,2012,1,7,8,2,,,,,,,,974.6,,4.1,,26,0,0,0,0,0,0,,,,
KLO,2012,1,7,9,2.2,,,,,,,,974.1,,5.2,,52,67.7,45.4,0,0,0,0,,,,
KLO,2012,1,7,10,2.4,,,,,,,,973.5,,6.7,,43,2.6,42.4,0,0,0,0,,,,
KLO,2012,1,7,11,2.2,,,,,,,,973,,6.1,,56,2.3,55.3,0,0,0,0,,,,
KLO,2012,1,7,12,1.9,,,,,,,,972.3,,6.4,,46,1.2,45.6,0,0,0,0,,,,
KLO,2012,1,7,13,1.7,,,,,,,,971.7,,5.9,,48,1.3,47.6,0,0,0,0,,,,
KLO,2012,1,7,14,2.1,,,,,,,,971.4,,5.6,,18,0.2,17.9,0,0,0,0,,,,
KLO,2012,1,7,15,2.8,,,,,,,,971.1,,6.5,,3,0,3,0,0,0,0,,,,
KLO,2012,1,7,16,3.4,,,,,,,,970.9,,6.4,,0,0,0,0,0,0,0,,,,
KLO,2012,1,7,17,3.9,,,,,,,,971,,6,,0,0,0,0,0,0,0,,,,
KLO,2012,1,7,18,4,,,,,,,,971,,6.3,,0,0,0,0,0,0,0,,,,
KLO,2012,1,7,19,4.2,,,,,,,,971,,6.3,,0,0,0,0,0,0,0,,,,
KLO,2012,1,7,20,4.3,,,,,,,,971.7,,3.4,,0,0,0,0,0,0,0,,,,
KLO,2012,1,7,21,4.3,,,,,,,,972,,2.8,,0,0,0,0,0,0,0,,,,
KLO,2012,1,7,22,4.2,,,,,,,,971.8,,4.8,,0,0,0,0,0,0,0,,,,
KLO,2012,1,7,23,4,,,,,,,,971.8,,3.9,,0,0,0,0,0,0,0,,,,
KLO,2012,1,8,0,3.8,,,,,,,,972,,3.3,,0,0,0,0,0,0,0,,,,
KLO,2012,1,8,1,4,,,,,,,,972,,2.8,,0,0,0,0,0,0,0,,,,
KLO,2012,1,8,2,4.4,,,,,,,,972.1,,2.2,,0,0,0,0,0,0,0,,,,
KLO,2012,1,8,3,4.2,,,,,,,,972.4,,2.2,,0,0,0,0,0,0,0,,,,
KLO,2012,1,8,4,4.1,,,,,,,,972.4,,2.9,,0,0,0,0,0,0,0,,,,
KLO,2012,1,8,5,4.2,,,,,,,,971.8,,3.4,,0,0,0,0,0,0,0,,,,
KLO,2012,1,8,6,4.1,,,,,,,,971.6,,2.2,,0,0,0,0,0,0,0,,,,
KLO,2012,1,8,7,4.2,,,,,,,,971.7,,3.2,,0,0,0,0,0,0,0,,,,
KLO,2012,1,8,8,4.3,,,,,,,,971.7,,3.1,,4,0,0,0,0,0,0,,,,
KLO,2012,1,8,9,4.7,,,,,,,,971.9,,4.3,,9,0.5,8.9,0,0,0,0,,,,
KLO,2012,1,8,10,4.8,,,,,,,,972.1,,3.8,,11,0.2,11,0,0,0,0,,,,
KLO,2012,1,8,11,3.8,,,,,,,,972.4,,4.8,,21,0.3,20.9,0,0,0,0,,,,
KLO,2012,1,8,12,4.3,,,,,,,,972.2,,3.4,,80,3.5,78.8,0,0,0,0,,,,
KLO,2012,1,8,13,5,,,,,,,,972.1,,4.8,,198,100.8,163.5,0,0,0,0,,,,
KLO,2012,1,8,14,4.4,,,,,,,,972.7,,3.7,,35,0.9,34.7,0,0,0,0,,,,
KLO,2012,1,8,15,3.9,,,,,,,,973.3,,2.4,,31,1.2,30.7,0,0,0,0,,,,
KLO,2012,1,8,16,3.6,,,,,,,,973.6,,2.3,,1,0,1,0,0,0,0,,,,
KLO,2012,1,8,17,3.7,,,,,,,,974.2,,3,,0,0,0,0,0,0,0,,,,
KLO,2012,1,8,18,3.5,,,,,,,,974.7,,2.2,,0,0,0,0,0,0,0,,,,
KLO,2012,1,8,19,3.6,,,,,,,,975.1,,2.1,,0,0,0,0,0,0,0,,,,
KLO,2012,1,8,20,3.4,,,,,,,,975.7,,1,,0,0,0,0,0,0,0,,,,
KLO,2012,1,8,21,3.1,,,,,,,,976,,2.5,,0,0,0,0,0,0,0,,,,
KLO,2012,1,8,22,2.9,,,,,,,,976,,2.8,,0,0,0,0,0,0,0,,,,
KLO,2012,1,8,23,2.6,,,,,,,,976.4,,1,,0,0,0,0,0,0,0,,,,
KLO,2012,1,9,0,2.9,,,,,,,,976.6,,2.7,,0,0,0,0,0,0,0,,,,
KLO,2012,1,9,1,3.1,,,,,,,,977.2,,3.2,,0,0,0,0,0,0,0,,,,
KLO,2012,1,9,2,2.9,,,,,,,,977.7,,3.1,,0,0,0,0,0,0,0,,,,
KLO,2012,1,9,3,2.3,,,,,,,,977.9,,2.8,,0,0,0,0,0,0,0,,,,
KLO,2012,1,9,4,2.2,,,,,,,,978.1,,2.9,,0,0,0,0,0,0,0,,,,
KLO,2012,1,9,5,2.6,,,,,,,,978.4,,1.1,,0,0,0,0,0,0,0,,,,
KLO,2012,1,9,6,2.2,,,,,,,,978.8,,1.1,,0,0,0,0,0,0,0,,,,
KLO,2012,1,9,7,1.9,,,,,,,,978.9,,1.6,,2,0,0,0,0,0,0,,,,
KLO,2012,1,9,8,2,,,,,,,,979.2,,1.5,,39,0,0,0,0,0,0,,,,
KLO,2012,1,9,9,3.3,,,,,,,,979.8,,1.2,,79,375,41.6,0,0,0,0,,,,
KLO,2012,1,9,10,4.2,,,,,,,,980,,1.7,,155,259.4,99.1,0,0,0,0,,,,
KLO,2012,1,9,11,4.9,,,,,,,,979.7,,2.6,,164,79.1,140.4,0,0,0,0,,,,
KLO,2012,1,9,12,5.2,,,,,,,,979.5,,2.3,,127,11.5,123.1,0,0,0,0,,,,
KLO,2012,1,9,13,5.3,,,,,,,,979.5,,1.9,,80,3.4,78.8,0,0,0,0,,,,
KLO,2012,1,9,14,5,,,,,,,,979.8,,2.1,,33,0.7,32.8,0,0,0,0,,,,
KLO,2012,1,9,15,4.6,,,,,,,,980,,1.9,,11,0.2,11,0,0,0,0,,,,
KLO,2012,1,9,16,4.5,,,,,,,,980.4,,1.3,,0,0,0,0,0,0,0,,,,
KLO,2012,1,9,17,4.7,,,,,,,,980.9,,1.7,,0,0,0,0,0,0,0,,,,
KLO,2012,1,9,18,4.7,,,,,,,,981.4,,3.5,,0,0,0,0,0,0,0,,,,
KLO,2012,1,9,19,4.5,,,,,,,,981.7,,3.1,,0,0,0,0,0,0,0,,,,
KLO,2012,1,9,20,4.3,,,,,,,,982,,3.2,,0,0,0,0,0,0,0,,,,
KLO,2012,1,9,21,4.2,,,,,,,,982.2,,1.8,,0,0,0,0,0,0,0,,,,
KLO,2012,1,9,22,4.3,,,,,,,,982.3,,1.5,,0,0,0,0,0,0,0,,,,
KLO,2012,1,9,23,4,,,,,,,,982.3,,1.2,,0,0,0,0,0,0,0,,,,
KLO,2012,1,10,0,3.9,,,,,,,,982.2,,1.2,,0,0,0,0,0,0,0,,,,
KLO,2012,1,10,1,3.9,,,,,,,,982.5,,0.8,,0,0,0,0,0,0,0,,,,
KLO,2012,1,10,2,3.8,,,,,,,,982.8,,1.1,,0,0,0,0,0,0,0,,,,
KLO,2012,1,10,3,3.6,,,,,,,,982.4,,1.2,,0,0,0,0,0,0,0,,,,
KLO,2012,1,10,4,3.5,,,,,,,,982.2,,1.5,,0,0,0,0,0,0,0,,,,
KLO,2012,1,10,5,3.5,,,,,,,,982.4,,1.3,,0,0,0,0,0,0,0,,,,
KLO,2012,1,10,6,3.6,,,,,,,,982.6,,1.2,,0,0,0,0,0,0,0,,,,
KLO,2012,1,10,7,3.9,,,,,,,,983,,1.3,,1,0,0,0,0,0,0,,,,
KLO,2012,1,10,8,4.2,,,,,,,,983.2,,1.2,,17,0,0,0,0,0,0,,,,
KLO,2012,1,10,9,4.7,,,,,,,,983.8,,1.2,,35,8.8,34.1,0,0,0,0,,,,
KLO,2012,1,10,10,5.3,,,,,,,,983.8,,1.6,,96,27.1,90.1,0,0,0,0,,,,
KLO,2012,1,10,11,6.1,,,,,,,,983.6,,1.2,,133,27.2,124.8,0,0,0,0,,,,
KLO,2012,1,10,12,6.6,,,,,,,,983.2,,1.4,,151,25.7,142.1,0,0,0,0,,,,
KLO,2012,1,10,13,7.1,,,,,,,,983.1,,1.2,,222,158.4,167,0,0,0,0,,,,
KLO,2012,1,10,14,7,,,,,,,,983.2,,1.7,,146,38.8,134.1,0,0,0,0,,,,
KLO,2012,1,10,15,6.5,,,,,,,,983.3,,1,,66,5.4,64.8,0,0,0,0,,,,
KLO,2012,1,10,16,4.9,,,,,,,,983.4,,1.3,,1,0,1,0,0,0,0,,,,
KLO,2012,1,10,17,2.8,,,,,,,,983.3,,1.1,,0,0,0,0,0,0,0,,,,
KLO,2012,1,10,18,1.9,,,,,,,,983.1,,1.1,,0,0,0,0,0,0,0,,,,
KLO,2012,1,10,19,1.2,,,,,,,,983.1,,0.6,,0,0,0,0,0,0,0,,,,
KLO,2012,1,10,20,-0.1,,,,,,,,983.1,,1,,0,0,0,0,0,0,0,,,,
KLO,2012,1,10,21,-1.5,,,,,,,,983.2,,0.6,,0,0,0,0,0,0,0,,,,
KLO,2012,1,10,22,0.3,,,,,,,,983.4,,0.6,,0,0,0,0,0,0,0,,,,
KLO,2012,1,10,23,1,,,,,,,,983.1,,0.9,,0,0,0,0,0,0,0,,,,
KLO,2012,1,11,0,2.3,,,,,,,,983.1,,1.2,,0,0,0,0,0,0,0,,,,
KLO,2012,1,11,1,2.6,,,,,,,,983.3,,1.1,,0,0,0,0,0,0,0,,,,
KLO,2012,1,11,2,2.7,,,,,,,,983.3,,1.6,,0,0,0,0,0,0,0,,,,
KLO,2012,1,11,3,2.7,,,,,,,,982.9,,1.1,,0,0,0,0,0,0,0,,,,
KLO,2012,1,11,4,2.1,,,,,,,,982.8,,2.1,,0,0,0,0,0,0,0,,,,
KLO,2012,1,11,5,2,,,,,,,,982.8,,0.8,,0,0,0,0,0,0,0,,,,
KLO,2012,1,11,6,2,,,,,,,,983,,0.9,,0,0,0,0,0,0,0,,,,
KLO,2012,1,11,7,1.9,,,,,,,,983.4,,1.5,,1,0,0,0,0,0,0,,,,
KLO,2012,1,11,8,1.9,,,,,,,,984.1,,1.6,,19,0,0,0,0,0,0,,,,
KLO,2012,1,11,9,2.1,,,,,,,,984.6,,1.8,,34,7.6,33.2,0,0,0,0,,,,
KLO,2012,1,11,10,2.3,,,,,,,,985,,1.7,,59,4.6,58,0,0,0,0,,,,
KLO,2012,1,11,11,2.4,,,,,,,,984.8,,1.5,,69,3.3,68,0,0,0,0,,,,
KLO,2012,1,11,12,2.5,,,,,,,,984.4,,1.1,,69,2.5,68.1,0,0,0,0,,,,
KLO,2012,1,11,13,2.7,,,,,,,,984.1,,0.6,,74,2.9,73,0,0,0,0,,,,
KLO,2012,1,11,14,2.8,,,,,,,,984,,1.3,,54,1.9,53.4,0,0,0,0,,,,
KLO,2012,1,11,15,2.8,,,,,,,,984.1,,2.2,,17,0.3,16.9,0,0,0,0,,,,
KLO,2012,1,11,16,2.7,,,,,,,,984.3,,2.2,,1,0,1,0,0,0,0,,,,
KLO,2012,1,11,17,2.6,,,,,,,,984.3,,1.4,,0,0,0,0,0,0,0,,,,
KLO,2012,1,11,18,2.3,,,,,,,,984.4,,2.1,,0,0,0,0,0,0,0,,,,
KLO,2012,1,11,19,2,,,,,,,,984.5,,2.1,,0,0,0,0,0,0,0,,,,
KLO,2012,1,11,20,1.5,,,,,,,,984.3,,2.2,,0,0,0,0,0,0,0,,,,
KLO,2012,1,11,21,1.4,,,,,,,,984,,2,,0,0,0,0,0,0,0,,,,
KLO,2012,1,11,22,1.1,,,,,,,,983.5,,1.9,,0,0,0,0,0,0,0,,,,
KLO,2012,1,11,23,1,,,,,,,,983.3,,1.5,,0,0,0,0,0,0,0,,,,
KLO,2012,1,12,0,0.8,,,,,,,,982.9,,1.4,,0,0,0,0,0,0,0,,,,
KLO,2012,1,12,1,0.6,,,,,,,,982.4,,0.7,,0,0,0,0,0,0,0,,,,
KLO,2012,1,12,2,0.7,,,,,,,,982.1,,0.5,,0,0,0,0,0,0,0,,,,
KLO,2012,1,12,3,0.8,,,,,,,,981.6,,0.8,,0,0,0,0,0,0,0,,,,
KLO,2012,1,12,4,0.9,,,,,,,,981,,1.5,,0,0,0,0,0,0,0,,,,
KLO,2012,1,12,5,0.9,,,,,,,,980.5,,1.6,,0,0,0,0,0,0,0,,,,
KLO,2012,1,12,6,0.7,,,,,,,,980,,2,,0,0,0,0,0,0,0,,,,
KLO,2012,1,12,7,0.8,,,,,,,,979.8,,2,,1,0,0,0,0,0,0,,,,
KLO,2012,1,12,8,0.7,,,,,,,,980,,2.5,,15,0,0,0,0,0,0,,,,
KLO,2012,1,12,9,0.7,,,,,,,,979.9,,2.4,,37,9.8,36,0,0,0,0,,,,
KLO,2012,1,12,10,0.8,,,,,,,,979.8,,3.2,,69,6.4,67.6,0,0,0,0,,,,
KLO,2012,1,12,11,1.4,,,,,,,,978.8,,3.4,,108,9.6,105.1,0,0,0,0,,,,
KLO,2012,1,12,12,2.1,,,,,,,,977.9,,2.9,,122,9,118.9,0,0,0,0,,,,
KLO,2012,1,12,13,2.5,,,,,,,,977.2,,2.4,,167,38.3,153.5,0,0,0,0,,,,
KLO,2012,1,12,14,3.1,,,,,,,,976.7,,3,,173,81.6,147.5,0,0,0,0,,,,
KLO,2012,1,12,15,2.3,,,,,,,,976.6,,2.2,,56,3.7,55.1,0,0,0,0,,,,
KLO,2012,1,12,16,1,,,,,,,,976.6,,3.2,,1,0,1,0,0,0,0,,,,
KLO,2012,1,12,17,1.5,,,,,,,,976.6,,2.1,,0,0,0,0,0,0,0,,,,
KLO,2012,1,12,18,1.4,,,,,,,,977.3,,2.1,,0,0,0,0,0,0,0,,,,
KLO,2012,1,12,19,1,,,,,,,,977.9,,2,,0,0,0,0,0,0,0,,,,
KLO,2012,1,12,20,0.7,,,,,,,,978,,1.4,,0,0,0,0,0,0,0,,,,
KLO,2012,1,12,21,0.8,,,,,,,,978.2,,1.6,,0,0,0,0,0,0,0,,,,
KLO,2012,1,12,22,1,,,,,,,,978.2,,2.3,,0,0,0,0,0,0,0,,,,
KLO,2012,1,12,23,1,,,,,,,,977.9,,1.8,,0,0,0,0,0,0,0,,,,
KLO,2012,1,13,0,1.2,,,,,,,,977.4,,1.4,,0,0,0,0,0,0,0,,,,
KLO,2012,1,13,1,1.4,,,,,,,,977.3,,1.8,,0,0,0,0,0,0,0,,,,
KLO,2012,1,13,2,1.4,,,,,,,,977.2,,1.4,,0,0,0,0,0,0,0,,,,
KLO,2012,1,13,3,1.5,,,,,,,,977.3,,1.4,,0,0,0,0,0,0,0,,,,
KLO,2012,1,13,4,1.7,,,,,,,,977.2,,2.3,,0,0,0,0,0,0,0,,,,
KLO,2012,1,13,5,1.7,,,,,,,,977,,2,,0,0,0,0,0,0,0,,,,
KLO,2012,1,13,6,1.8,,,,,,,,977,,1.3,,0,0,0,0,0,0,0,,,,
KLO,2012,1,13,7,2.2,,,,,,,,977.1,,0.5,,1,0,0,0,0,0,0,,,,
KLO,2012,1,13,8,2.5,,,,,,,,977.4,,2.4,,21,0,0,0,0,0,0,,,,
KLO,2012,1,13,9,2.8,,,,,,,,977.5,,2.3,,53,52.5,47.5,0,0,0,0,,,,
KLO,2012,1,13,10,3.4,,,,,,,,977.5,,2.4,,110,47.8,99.4,0,0,0,0,,,,
KLO,2012,1,13,11,4.2,,,,,,,,976.9,,3.9,,301,735.2,75.7,0,0,0,0,,,,
KLO,2012,1,13,12,4.8,,,,,,,,976.5,,4.2,,398,944.7,65.7,0,0,0,0,,,,
KLO,2012,1,13,13,5,,,,,,,,976,,3.5,,294,438.5,138.3,0,0,0,0,,,,
KLO,2012,1,13,14,4.8,,,,,,,,975.9,,1.7,,195,135.6,152.2,0,0,0,0,,,,
KLO,2012,1,13,15,4,,,,,,,,976.2,,3,,78,7.3,76.3,0,0,0,0,,,,
KLO,2012,1,13,16,2.6,,,,,,,,976.5,,2.1,,3,0,3,0,0,0,0,,,,
KLO,2012,1,13,17,1,,,,,,,,976.9,,1.7,,0,0,0,0,0,0,0,,,,
KLO,2012,1,13,18,1,,,,,,,,977.3,,1.1,,0,0,0,0,0,0,0,,,,
KLO,2012,1,13,19,-0.5,,,,,,,,977.3,,0.7,,0,0,0,0,0,0,0,,,,
KLO,2012,1,13,20,-1.3,,,,,,,,977.3,,1,,0,0,0,0,0,0,0,,,,
KLO,2012,1,13,21,-2.2,,,,,,,,977.2,,0.9,,0,0,0,0,0,0,0,,,,
KLO,2012,1,13,22,-2.7,,,,,,,,977,,1.5,,0,0,0,0,0,0,0,,,,
KLO,2012,1,13,23,-2.6,,,,,,,,976.8,,1.3,,0,0,0,0,0,0,0,,,,
KLO,2012,1,14,0,-3.3,,,,,,,,976.6,,0.6,,0,0,0,0,0,0,0,,,,
KLO,2012,1,14,1,-3.9,,,,,,,,976.6,,0.4,,0,0,0,0,0,0,0,,,,
KLO,2012,1,14,2,-4.7,,,,,,,,976.9,,0.6,,0,0,0,0,0,0,0,,,,
KLO,2012,1,14,3,-4.3,,,,,,,,976.8,,1,,0,0,0,0,0,0,0,,,,
KLO,2012,1,14,4,-5.5,,,,,,,,976.4,,0.5,,0,0,0,0,0,0,0,,,,
KLO,2012,1,14,5,-5.1,,,,,,,,976.3,,0.8,,0,0,0,0,0,0,0,,,,
KLO,2012,1,14,6,-5,,,,,,,,976.2,,0.8,,0,0,0,0,0,0,0,,,,
KLO,2012,1,14,7,-5.2,,,,,,,,976.2,,0.5,,5,0,0,0,0,0,0,,,,
KLO,2012,1,14,8,-5.5,,,,,,,,976.1,,0.8,,57,0,0,0,0,0,0,,,,
KLO,2012,1,14,9,-3.4,,,,,,,,975.9,,0.5,,109,807.6,22.9,0,0,0,0,,,,
KLO,2012,1,14,10,-2.2,,,,,,,,975.8,,0.7,,307,1144.8,50.7,0,0,0,0,,,,
KLO,2012,1,14,11,0.3,,,,,,,,975.1,,0.7,,360,973.8,59.4,0,0,0,0,,,,
KLO,2012,1,14,12,2.7,,,,,,,,974.3,,3.5,,364,814.5,75.3,0,0,0,0,,,,
KLO,2012,1,14,13,3.2,,,,,,,,973.7,,4.6,,308,499.4,129.3,0,0,0,0,,,,
KLO,2012,1,14,14,3.1,,,,,,,,973.6,,4.6,,205,161.9,153.4,0,0,0,0,,,,
KLO,2012,1,14,15,2.5,,,,,,,,973.7,,4,,78,7,76.3,0,0,0,0,,,,
KLO,2012,1,14,16,1.2,,,,,,,,973.9,,2.8,,3,0,3,0,0,0,0,,,,
KLO,2012,1,14,17,-0.5,,,,,,,,973.9,,2.7,,0,0,0,0,0,0,0,,,,
KLO,2012,1,14,18,-0.6,,,,,,,,973.8,,3,,0,0,0,0,0,0,0,,,,
KLO,2012,1,14,19,-1.6,,,,,,,,973.8,,3.7,,0,0,0,0,0,0,0,,,,
KLO,2012,1,14,20,-2.5,,,,,,,,973.8,,4.1,,0,0,0,0,0,0,0,,,,
KLO,2012,1,14,21,-2.8,,,,,,,,973.6,,3.4,,0,0,0,0,0,0,0,,,,
KLO,2012,1,14,22,-3,,,,,,,,973.3,,2.3,,0,0,0,0,0,0,0,,,,
KLO,2012,1,14,23,-3.8,,,,,,,,973.1,,1.8,,0,0,0,0,0,0,0,,,,
KLO,2012,1,15,0,-4,,,,,,,,972.7,,1.6,,0,0,0,0,0,0,0,,,,
KLO,2012,1,15,1,-4.7,,,,,,,,972.6,,2.5,,0,0,0,0,0,0,0,,,,
KLO,2012,1,15,2,-4.8,,,,,,,,972.5,,2.5,,0,0,0,0,0,0,0,,,,
KLO,2012,1,15,3,-5.3,,,,,,,,972.2,,2.2,,0,0,0,0,0,0,0,,,,
KLO,2012,1,15,4,-5.1,,,,,,,,972,,1.8,,0,0,0,0,0,0,0,,,,
KLO,2012,1,15,5,-4.9,,,,,,,,972.2,,1.4,,0,0,0,0,0,0,0,,,,
KLO,2012,1,15,6,-4.5,,,,,,,,972.3,,1.6,,0,0,0,0,0,0,0,,,,
KLO,2012,1,15,7,-4.8,,,,,,,,972.4,,1.2,,11,0,0,0,0,0,0,,,,
KLO,2012,1,15,8,-3.5,,,,,,,,972.4,,2.2,,107,0,0,0,0,0,0,,,,
KLO,2012,1,15,9,-1.9,,,,,,,,972.4,,2.1,,225,1734.9,37.1,0,0,0,0,,,,
KLO,2012,1,15,10,-0.6,,,,,,,,972.1,,2.7,,322,1189.7,53.1,0,0,0,0,,,,
KLO,2012,1,15,11,0.2,,,,,,,,971.4,,3.3,,367,985,60.6,0,0,0,0,,,,
KLO,2012,1,15,12,1.1,,,,,,,,970.7,,5.4,,359,776.9,81.5,0,0,0,0,,,,
KLO,2012,1,15,13,1.8,,,,,,,,970,,5,,302,454.7,137.9,0,0,0,0,,,,
KLO,2012,1,15,14,2.2,,,,,,,,969.8,,5.7,,205,155.1,155,0,0,0,0,,,,
KLO,2012,1,15,15,1.8,,,,,,,,969.8,,5,,80,7.3,78.2,0,0,0,0,,,,
KLO,2012,1,15,16,0.6,,,,,,,,970,,3.2,,3,0,3,0,0,0,0,,,,
KLO,2012,1,15,17,0.3,,,,,,,,970.2,,3.9,,0,0,0,0,0,0,0,,,,
KLO,2012,1,15,18,0,,,,,,,,970.4,,3.1,,0,0,0,0,0,0,0,,,,
KLO,2012,1,15,19,-1.6,,,,,,,,970.5,,3,,0,0,0,0,0,0,0,,,,
KLO,2012,1,15,20,-3,,,,,,,,970.7,,3.1,,0,0,0,0,0,0,0,,,,
KLO,2012,1,15,21,-3.4,,,,,,,,970.7,,3.1,,0,0,0,0,0,0,0,,,,
KLO,2012,1,15,22,-3.7,,,,,,,,970.7,,2.9,,0,0,0,0,0,0,0,,,,
KLO,2012,1,15,23,-4,,,,,,,,970.6,,3.6,,0,0,0,0,0,0,0,,,,
KLO,2012,1,16,0,-3.5,,,,,,,,970.6,,3.3,,0,0,0,0,0,0,0,,,,
KLO,2012,1,16,1,-3.4,,,,,,,,970.5,,3.6,,0,0,0,0,0,0,0,,,,
KLO,2012,1,16,2,-3.5,,,,,,,,970.6,,3.4,,0,0,0,0,0,0,0,,,,
KLO,2012,1,16,3,-4.2,,,,,,,,970.7,,2.6,,0,0,0,0,0,0,0,,,,
KLO,2012,1,16,4,-4.8,,,,,,,,970.9,,2.6,,0,0,0,0,0,0,0,,,,
KLO,2012,1,16,5,-5.7,,,,,,,,971.2,,2,,0,0,0,0,0,0,0,,,,
KLO,2012,1,16,6,-6,,,,,,,,971.5,,2.2,,0,0,0,0,0,0,0,,,,
KLO,2012,1,16,7,-4.7,,,,,,,,971.8,,1.9,,8,0,0,0,0,0,0,,,,
KLO,2012,1,16,8,-3.8,,,,,,,,972.2,,2.6,,99,0,0,0,0,0,0,,,,
KLO,2012,1,16,9,-2.7,,,,,,,,972.4,,2.2,,232,1758.7,38.3,0,0,0,0,,,,
KLO,2012,1,16,10,-1.8,,,,,,,,972.6,,3.6,,317,1159.9,52.3,0,0,0,0,,,,
KLO,2012,1,16,11,-0.8,,,,,,,,972.4,,3,,367,977.1,60.6,0,0,0,0,,,,
KLO,2012,1,16,12,0.4,,,,,,,,971.9,,3.6,,364,787.6,80.5,0,0,0,0,,,,
KLO,2012,1,16,13,1,,,,,,,,971.5,,4.1,,309,477.5,135.2,0,0,0,0,,,,
KLO,2012,1,16,14,1.3,,,,,,,,971.8,,4.4,,208,158.1,156.5,0,0,0,0,,,,
KLO,2012,1,16,15,1,,,,,,,,972.1,,3.6,,83,7.8,81.1,0,0,0,0,,,,
KLO,2012,1,16,16,0,,,,,,,,972.6,,2.6,,4,0.1,4,0,0,0,0,,,,
KLO,2012,1,16,17,-0.8,,,,,,,,973.3,,2.6,,0,0,0,0,0,0,0,,,,
KLO,2012,1,16,18,-1.3,,,,,,,,974,,2.8,,0,0,0,0,0,0,0,,,,
KLO,2012,1,16,19,-2.3,,,,,,,,974.6,,3.2,,0,0,0,0,0,0,0,,,,
KLO,2012,1,16,20,-2.8,,,,,,,,975,,4.4,,0,0,0,0,0,0,0,,,,
KLO,2012,1,16,21,-3.3,,,,,,,,975.3,,3.4,,0,0,0,0,0,0,0,,,,
KLO,2012,1,16,22,-4.3,,,,,,,,975.6,,1.6,,0,0,0,0,0,0,0,,,,
KLO,2012,1,16,23,-4.9,,,,,,,,975.8,,0.8,,0,0,0,0,0,0,0,,,,
KLO,2012,1,17,0,-5.8,,,,,,,,976,,1.4,,0,0,0,0,0,0,0,,,,
KLO,2012,1,17,1,-6.4,,,,,,,,976.3,,1,,0,0,0,0,0,0,0,,,,
KLO,2012,1,17,2,-7,,,,,,,,976.6,,0.7,,0,0,0,0,0,0,0,,,,
KLO,2012,1,17,3,-7.7,,,,,,,,976.9,,0.6,,0,0,0,0,0,0,0,,,,
KLO,2012,1,17,4,-7.6,,,,,,,,977.3,,0.7,,0,0,0,0,0,0,0,,,,
KLO,2012,1,17,5,-7.9,,,,,,,,977.5,,1.2,,0,0,0,0,0,0,0,,,,
KLO,2012,1,17,6,-7.9,,,,,,,,977.8,,0.7,,0,0,0,0,0,0,0,,,,
KLO,2012,1,17,7,-7.6,,,,,,,,978.3,,0.8,,12,0,0,0,0,0,0,,,,
KLO,2012,1,17,8,-6.4,,,,,,,,978.6,,0.5,,84,0,0,0,0,0,0,,,,
KLO,2012,1,17,9,-4.3,,,,,,,,979.1,,0.4,,195,1452.3,32.2,0,0,0,0,,,,
KLO,2012,1,17,10,-2.3,,,,,,,,979.3,,0.6,,298,1079.4,49.2,0,0,0,0,,,,
KLO,2012,1,17,11,-0.6,,,,,,,,979.1,,0.5,,349,920.3,57.9,0,0,0,0,,,,
KLO,2012,1,17,12,0.8,,,,,,,,978.6,,0.4,,350,701.7,95.3,0,0,0,0,,,,
KLO,2012,1,17,13,1.7,,,,,,,,978.3,,0.6,,286,352.2,156.7,0,0,0,0,,,,
KLO,2012,1,17,14,2.2,,,,,,,,978.2,,0.8,,190,100.5,157,0,0,0,0,,,,
KLO,2012,1,17,15,1.4,,,,,,,,978.4,,1.1,,63,4,62,0,0,0,0,,,,
KLO,2012,1,17,16,-0.7,,,,,,,,978.7,,1.3,,4,0.1,4,0,0,0,0,,,,
KLO,2012,1,17,17,-1.6,,,,,,,,979,,0.6,,0,0,0,0,0,0,0,,,,
KLO,2012,1,17,18,-2.1,,,,,,,,979.4,,0.6,,0,0,0,0,0,0,0,,,,
KLO,2012,1,17,19,-3.5,,,,,,,,979.5,,1,,0,0,0,0,0,0,0,,,,
KLO,2012,1,17,20,-3.7,,,,,,,,979.7,,0.9,,0,0,0,0,0,0,0,,,,
KLO,2012,1,17,21,-4.2,,,,,,,,979.9,,0.6,,0,0,0,0,0,0,0,,,,
KLO,2012,1,17,22,-4.9,,,,,,,,980.1,,0.7,,0,0,0,0,0,0,0,,,,
KLO,2012,1,17,23,-5.8,,,,,,,,980.3,,1.3,,0,0,0,0,0,0,0,,,,
KLO,2012,1,18,0,-6,,,,,,,,980.4,,1.2,,0,0,0,0,0,0,0,,,,
KLO,2012,1,18,1,-6.7,,,,,,,,980.4,,0.5,,0,0,0,0,0,0,0,,,,
KLO,2012,1,18,2,-6.8,,,,,,,,980.4,,0.6,,0,0,0,0,0,0,0,,,,
KLO,2012,1,18,3,-6.8,,,,,,,,980.4,,0.5,,0,0,0,0,0,0,0,,,,
KLO,2012,1,18,4,-7.5,,,,,,,,980.5,,0.5,,0,0,0,0,0,0,0,,,,
KLO,2012,1,18,5,-7.4,,,,,,,,980.9,,0.8,,0,0,0,0,0,0,0,,,,
KLO,2012,1,18,6,-7.4,,,,,,,,981.3,,0.6,,0,0,0,0,0,0,0,,,,
KLO,2012,1,18,7,-7.2,,,,,,,,981.6,,0.6,,9,0,0,0,0,0,0,,,,
KLO,2012,1,18,8,-6.2,,,,,,,,981.5,,0.5,,91,0,0,0,0,0,0,,,,
KLO,2012,1,18,9,-3.7,,,,,,,,981.4,,0.6,,214,1564.7,35.3,0,0,0,0,,,,
KLO,2012,1,18,10,-2,,,,,,,,981.2,,0.6,,288,1032.3,47.5,0,0,0,0,,,,
KLO,2012,1,18,11,-0.4,,,,,,,,980.8,,0.8,,330,827,66.1,0,0,0,0,,,,
KLO,2012,1,18,12,1.6,,,,,,,,980.3,,0.5,,348,675.8,100.7,0,0,0,0,,,,
KLO,2012,1,18,13,3.3,,,,,,,,979.8,,1.5,,293,372.7,154.9,0,0,0,0,,,,
KLO,2012,1,18,14,4,,,,,,,,979.7,,2.7,,199,118.4,159.7,0,0,0,0,,,,
KLO,2012,1,18,15,3.2,,,,,,,,979.9,,2,,73,5.3,71.7,0,0,0,0,,,,
KLO,2012,1,18,16,1,,,,,,,,980,,2.6,,3,0,3,0,0,0,0,,,,
KLO,2012,1,18,17,1.6,,,,,,,,980.2,,1.4,,0,0,0,0,0,0,0,,,,
KLO,2012,1,18,18,0.6,,,,,,,,980.5,,1,,0,0,0,0,0,0,0,,,,
KLO,2012,1,18,19,-1.6,,,,,,,,980.4,,1.9,,0,0,0,0,0,0,0,,,,
KLO,2012,1,18,20,-1.2,,,,,,,,980.5,,2.3,,0,0,0,0,0,0,0,,,,
KLO,2012,1,18,21,-1.7,,,,,,,,980.4,,1.8,,0,0,0,0,0,0,0,,,,
KLO,2012,1,18,22,-1.2,,,,,,,,980.3,,3.5,,0,0,0,0,0,0,0,,,,
KLO,2012,1,18,23,-1.3,,,,,,,,980.2,,4.3,,0,0,0,0,0,0,0,,,,
KLO,2012,1,19,0,0,,,,,,,,979.8,,3.3,,0,0,0,0,0,0,0,,,,
KLO,2012,1,19,1,1.6,,,,,,,,979.7,,2.3,,0,0,0,0,0,0,0,,,,
KLO,2012,1,19,2,1.1,,,,,,,,979.3,,1.7,,0,0,0,0,0,0,0,,,,
KLO,2012,1,19,3,1.7,,,,,,,,978.9,,2.4,,0,0,0,0,0,0,0,,,,
KLO,2012,1,19,4,2.4,,,,,,,,978.8,,1.6,,0,0,0,0,0,0,0,,,,
KLO,2012,1,19,5,2.7,,,,,,,,978.6,,2.4,,0,0,0,0,0,0,0,,,,
KLO,2012,1,19,6,2.5,,,,,,,,978.1,,1.6,,0,0,0,0,0,0,0,,,,
KLO,2012,1,19,7,4.2,,,,,,,,977.9,,3.3,,1,0,0,0,0,0,0,,,,
KLO,2012,1,19,8,4.6,,,,,,,,977.6,,4.6,,18,0,0,0,0,0,0,,,,
KLO,2012,1,19,9,6,,,,,,,,977,,5.7,,41,9.3,39.9,0,0,0,0,,,,
KLO,2012,1,19,10,6.9,,,,,,,,976.5,,7.3,,62,4.4,61,0,0,0,0,,,,
KLO,2012,1,19,11,7,,,,,,,,976,,8,,58,2.1,57.3,0,0,0,0,,,,
KLO,2012,1,19,12,6.8,,,,,,,,975.4,,7.9,,69,2.2,68.2,0,0,0,0,,,,
KLO,2012,1,19,13,7.6,,,,,,,,974.6,,8.8,,52,1.2,51.5,0,0,0,0,,,,
KLO,2012,1,19,14,8,,,,,,,,974.2,,7.9,,34,0.7,33.8,0,0,0,0,,,,
KLO,2012,1,19,15,8.8,,,,,,,,973.5,,7.8,,12,0.1,12,0,0,0,0,,,,
KLO,2012,1,19,16,8.8,,,,,,,,972.9,,7.7,,0,0,0,0,0,0,0,,,,
KLO,2012,1,19,17,9,,,,,,,,972.3,,8,,0,0,0,0,0,0,0,,,,
KLO,2012,1,19,18,9.2,,,,,,,,972.1,,8.9,,0,0,0,0,0,0,0,,,,
KLO,2012,1,19,19,8.4,,,,,,,,972.2,,7.7,,0,0,0,0,0,0,0,,,,
KLO,2012,1,19,20,7.5,,,,,,,,971.5,,7.6,,0,0,0,0,0,0,0,,,,
KLO,2012,1,19,21,7.4,,,,,,,,970.8,,8.2,,0,0,0,0,0,0,0,,,,
KLO,2012,1,19,22,7.5,,,,,,,,970.4,,8.9,,0,0,0,0,0,0,0,,,,
KLO,2012,1,19,23,7.6,,,,,,,,969.8,,10,,0,0,0,0,0,0,0,,,,
KLO,2012,1,20,0,7.6,,,,,,,,969.2,,10.3,,0,0,0,0,0,0,0,,,,
KLO,2012,1,20,1,7.5,,,,,,,,968.8,,9.7,,0,0,0,0,0,0,0,,,,
KLO,2012,1,20,2,7.4,,,,,,,,968.4,,8.6,,0,0,0,0,0,0,0,,,,
KLO,2012,1,20,3,7.3,,,,,,,,967.4,,9,,0,0,0,0,0,0,0,,,,
KLO,2012,1,20,4,7,,,,,,,,966.5,,7.9,,0,0,0,0,0,0,0,,,,
KLO,2012,1,20,5,5.8,,,,,,,,967,,8.1,,0,0,0,0,0,0,0,,,,
KLO,2012,1,20,6,5.9,,,,,,,,967.7,,8.3,,0,0,0,0,0,0,0,,,,
KLO,2012,1,20,7,5.7,,,,,,,,967.6,,6.3,,0,0,0,0,0,0,0,,,,
KLO,2012,1,20,8,4.5,,,,,,,,968.6,,6.5,,3,0,0,0,0,0,0,,,,
KLO,2012,1,20,9,2.9,,,,,,,,969.9,,4.4,,15,1,14.9,0,0,0,0,,,,
KLO,2012,1,20,10,3.8,,,,,,,,970.7,,5.2,,138,101.8,113.7,0,0,0,0,,,,
KLO,2012,1,20,11,3.5,,,,,,,,971.2,,5.1,,104,6.7,101.8,0,0,0,0,,,,
KLO,2012,1,20,12,4,,,,,,,,970.8,,4.8,,252,202.1,176.7,0,0,0,0,,,,
KLO,2012,1,20,13,5.2,,,,,,,,970,,5.8,,250,184.8,180.3,0,0,0,0,,,,
KLO,2012,1,20,14,4.6,,,,,,,,969.5,,5.2,,112,7.4,109.5,0,0,0,0,,,,
KLO,2012,1,20,15,3.7,,,,,,,,968.9,,5.3,,16,0.2,15.9,0,0,0,0,,,,
KLO,2012,1,20,16,2.6,,,,,,,,968.4,,4.4,,0,0,0,0,0,0,0,,,,
KLO,2012,1,20,17,2.6,,,,,,,,967.7,,6.2,,0,0,0,0,0,0,0,,,,
KLO,2012,1,20,18,2.2,,,,,,,,967.4,,6.4,,0,0,0,0,0,0,0,,,,
KLO,2012,1,20,19,2.3,,,,,,,,967.1,,6.2,,0,0,0,0,0,0,0,,,,
KLO,2012,1,20,20,2.5,,,,,,,,967.1,,6.3,,0,0,0,0,0,0,0,,,,
KLO,2012,1,20,21,2.8,,,,,,,,967.2,,5.8,,0,0,0,0,0,0,0,,,,
KLO,2012,1,20,22,3.1,,,,,,,,967.3,,4,,0,0,0,0,0,0,0,,,,
KLO,2012,1,20,23,3.4,,,,,,,,967.6,,4.1,,0,0,0,0,0,0,0,,,,
KLO,2012,1,21,0,3.6,,,,,,,,968,,4.4,,0,0,0,0,0,0,0,,,,
KLO,2012,1,21,1,3.6,,,,,,,,968.5,,4.2,,0,0,0,0,0,0,0,,,,
KLO,2012,1,21,2,3.5,,,,,,,,968.8,,3.3,,0,0,0,0,0,0,0,,,,
KLO,2012,1,21,3,3.5,,,,,,,,968.6,,2.3,,0,0,0,0,0,0,0,,,,
KLO,2012,1,21,4,3.5,,,,,,,,968.3,,1.7,,0,0,0,0,0,0,0,,,,
KLO,2012,1,21,5,3.7,,,,,,,,967.9,,3.9,,0,0,0,0,0,0,0,,,,
KLO,2012,1,21,6,3.7,,,,,,,,968.1,,6.7,,0,0,0,0,0,0,0,,,,
KLO,2012,1,21,7,3.7,,,,,,,,968.4,,6.6,,0,0,0,0,0,0,0,,,,
KLO,2012,1,21,8,4.4,,,,,,,,968.8,,6.7,,6,0,0,0,0,0,0,,,,
KLO,2012,1,21,9,5,,,,,,,,968.5,,7.4,,27,3.2,26.6,0,0,0,0,,,,
KLO,2012,1,21,10,5.6,,,,,,,,968.3,,8.1,,50,2.7,49.3,0,0,0,0,,,,
KLO,2012,1,21,11,5.7,,,,,,,,967.6,,8.4,,70,2.9,69,0,0,0,0,,,,
KLO,2012,1,21,12,5.8,,,,,,,,967.3,,8.6,,56,1.4,55.5,0,0,0,0,,,,
KLO,2012,1,21,13,6.1,,,,,,,,967,,7.5,,47,1,46.6,0,0,0,0,,,,
KLO,2012,1,21,14,6.5,,,,,,,,966.5,,8.1,,43,1,42.7,0,0,0,0,,,,
KLO,2012,1,21,15,7.2,,,,,,,,965.9,,8.2,,21,0.4,20.9,0,0,0,0,,,,
KLO,2012,1,21,16,7.5,,,,,,,,965,,8.6,,2,0,2,0,0,0,0,,,,
KLO,2012,1,21,17,7.5,,,,,,,,964.6,,9.4,,0,0,0,0,0,0,0,,,,
KLO,2012,1,21,18,7.4,,,,,,,,964.2,,8.5,,0,0,0,0,0,0,0,,,,
KLO,2012,1,21,19,7.6,,,,,,,,963.7,,8.8,,0,0,0,0,0,0,0,,,,
KLO,2012,1,21,20,7.9,,,,,,,,962.9,,10.1,,0,0,0,0,0,0,0,,,,
KLO,2012,1,21,21,7.9,,,,,,,,963.1,,10.5,,0,0,0,0,0,0,0,,,,
KLO,2012,1,21,22,8.3,,,,,,,,962.5,,11,,0,0,0,0,0,0,0,,,,
KLO,2012,1,21,23,7.9,,,,,,,,962.7,,10,,0,0,0,0,0,0,0,,,,
KLO,2012,1,22,0,8,,,,,,,,962.8,,8,,0,0,0,0,0,0,0,,,,
KLO,2012,1,22,1,8.2,,,,,,,,963.2,,7.4,,0,0,0,0,0,0,0,,,,
KLO,2012,1,22,2,8,,,,,,,,963.9,,6.9,,0,0,0,0,0,0,0,,,,
KLO,2012,1,22,3,8,,,,,,,,964.3,,6.3,,0,0,0,0,0,0,0,,,,
KLO,2012,1,22,4,6.5,,,,,,,,965,,5.9,,0,0,0,0,0,0,0,,,,
KLO,2012,1,22,5,6,,,,,,,,965.4,,2.4,,0,0,0,0,0,0,0,,,,
KLO,2012,1,22,6,5.5,,,,,,,,965.1,,2.9,,0,0,0,0,0,0,0,,,,
KLO,2012,1,22,7,5.2,,,,,,,,965.5,,3.9,,1,0,0,0,0,0,0,,,,
KLO,2012,1,22,8,5,,,,,,,,966.3,,5.3,,22,0,0,0,0,0,0,,,,
KLO,2012,1,22,9,5.2,,,,,,,,966.4,,5.2,,131,865.5,23.9,0,0,0,0,,,,
KLO,2012,1,22,10,6.4,,,,,,,,966.4,,6,,227,637.9,71.5,0,0,0,0,,,,
KLO,2012,1,22,11,6.5,,,,,,,,966.3,,7.6,,190,97.4,157.7,0,0,0,0,,,,
KLO,2012,1,22,12,7.4,,,,,,,,965.6,,6.2,,252,187.4,180.9,0,0,0,0,,,,
KLO,2012,1,22,13,7.6,,,,,,,,965,,4.2,,133,8.7,129.7,0,0,0,0,,,,
KLO,2012,1,22,14,7.4,,,,,,,,965,,4.6,,41,0.9,40.7,0,0,0,0,,,,
KLO,2012,1,22,15,7.6,,,,,,,,964.7,,4.3,,33,1,32.7,0,0,0,0,,,,
KLO,2012,1,22,16,7.7,,,,,,,,965.1,,5.1,,1,0,1,0,0,0,0,,,,
KLO,2012,1,22,17,6.5,,,,,,,,965.9,,5.6,,0,0,0,0,0,0,0,,,,
KLO,2012,1,22,18,5.9,,,,,,,,966.2,,2,,0,0,0,0,0,0,0,,,,
KLO,2012,1,22,19,6.2,,,,,,,,966.9,,3.8,,0,0,0,0,0,0,0,,,,
KLO,2012,1,22,20,6.4,,,,,,,,967.1,,3.5,,0,0,0,0,0,0,0,,,,
KLO,2012,1,22,21,6.9,,,,,,,,967.4,,5.7,,0,0,0,0,0,0,0,,,,
KLO,2012,1,22,22,6.6,,,,,,,,967.6,,5,,0,0,0,0,0,0,0,,,,
KLO,2012,1,22,23,6.8,,,,,,,,967.7,,5.4,,0,0,0,0,0,0,0,,,,
KLO,2012,1,23,0,6.6,,,,,,,,967.8,,4.1,,0,0,0,0,0,0,0,,,,
KLO,2012,1,23,1,6.4,,,,,,,,967.9,,4.1,,0,0,0,0,0,0,0,,,,
KLO,2012,1,23,2,6,,,,,,,,967.8,,4.7,,0,0,0,0,0,0,0,,,,
KLO,2012,1,23,3,6,,,,,,,,967.7,,5,,0,0,0,0,0,0,0,,,,
KLO,2012,1,23,4,5.8,,,,,,,,967.6,,4.4,,0,0,0,0,0,0,0,,,,
KLO,2012,1,23,5,5.5,,,,,,,,967.6,,3,,0,0,0,0,0,0,0,,,,
KLO,2012,1,23,6,5.5,,,,,,,,967.8,,2.9,,0,0,0,0,0,0,0,,,,
KLO,2012,1,23,7,5.3,,,,,,,,967.9,,2.9,,2,0,0,0,0,0,0,,,,
KLO,2012,1,23,8,5.6,,,,,,,,968.1,,3.5,,18,0,0,0,0,0,0,,,,
KLO,2012,1,23,9,5.7,,,,,,,,968.3,,2.9,,33,4.4,32.5,0,0,0,0,,,,
KLO,2012,1,23,10,6.4,,,,,,,,968.3,,4.3,,100,17.5,95.7,0,0,0,0,,,,
KLO,2012,1,23,11,6.5,,,,,,,,968,,5.1,,74,3.1,73,0,0,0,0,,,,
KLO,2012,1,23,12,5.7,,,,,,,,968,,3.4,,41,0.7,40.7,0,0,0,0,,,,
KLO,2012,1,23,13,5.8,,,,,,,,967.7,,3,,45,0.9,44.7,0,0,0,0,,,,
KLO,2012,1,23,14,6.5,,,,,,,,967.6,,4.1,,81,3.4,79.8,0,0,0,0,,,,
KLO,2012,1,23,15,6.6,,,,,,,,967.5,,3.6,,65,3.6,64,0,0,0,0,,,,
KLO,2012,1,23,16,6.2,,,,,,,,967.5,,3.1,,8,0.2,8,0,0,0,0,,,,
KLO,2012,1,23,17,6,,,,,,,,967.6,,3.8,,0,0,0,0,0,0,0,,,,
KLO,2012,1,23,18,5.4,,,,,,,,967.9,,5.4,,0,0,0,0,0,0,0,,,,
KLO,2012,1,23,19,5.3,,,,,,,,967.7,,5.6,,0,0,0,0,0,0,0,,,,
KLO,2012,1,23,20,5.5,,,,,,,,967.5,,4.7,,0,0,0,0,0,0,0,,,,
KLO,2012,1,23,21,5.3,,,,,,,,967.5,,3.6,,0,0,0,0,0,0,0,,,,
KLO,2012,1,23,22,4.4,,,,,,,,967.8,,2.9,,0,0,0,0,0,0,0,,,,
KLO,2012,1,23,23,4.1,,,,,,,,967.8,,2.8,,0,0,0,0,0,0,0,,,,
KLO,2012,1,24,0,4.4,,,,,,,,967.6,,3.8,,0,0,0,0,0,0,0,,,,
KLO,2012,1,24,1,4.1,,,,,,,,967.7,,4.5,,0,0,0,0,0,0,0,,,,
KLO,2012,1,24,2,3.1,,,,,,,,968,,3.5,,0,0,0,0,0,0,0,,,,
KLO,2012,1,24,3,3.3,,,,,,,,968.1,,3.5,,0,0,0,0,0,0,0,,,,
KLO,2012,1,24,4,2.9,,,,,,,,968.5,,2.7,,0,0,0,0,0,0,0,,,,
KLO,2012,1,24,5,0.9,,,,,,,,969.4,,3.6,,0,0,0,0,0,0,0,,,,
KLO,2012,1,24,6,0.7,,,,,,,,969.7,,1,,0,0,0,0,0,0,0,,,,
KLO,2012,1,24,7,1.5,,,,,,,,970,,1.1,,5,0,0,0,0,0,0,,,,
KLO,2012,1,24,8,1,,,,,,,,970.5,,1.3,,44,0,0,0,0,0,0,,,,
KLO,2012,1,24,9,1.7,,,,,,,,971.2,,1,,203,1312.8,33.5,0,0,0,0,,,,
KLO,2012,1,24,10,3.2,,,,,,,,971.7,,0.9,,254,797.9,54.6,0,0,0,0,,,,
KLO,2012,1,24,11,4.4,,,,,,,,971.4,,3.5,,370,911.9,61.9,0,0,0,0,,,,
KLO,2012,1,24,12,4.3,,,,,,,,971.3,,2.5,,154,16.2,147.8,0,0,0,0,,,,
KLO,2012,1,24,13,4.7,,,,,,,,971.1,,2.9,,189,41.8,172.6,0,0,0,0,,,,
KLO,2012,1,24,14,4.4,,,,,,,,971,,2.7,,119,7.8,116.2,0,0,0,0,,,,
KLO,2012,1,24,15,4.1,,,,,,,,970.9,,1.8,,53,2.3,52.4,0,0,0,0,,,,
KLO,2012,1,24,16,3.4,,,,,,,,970.8,,1.5,,4,0,4,0,0,0,0,,,,
KLO,2012,1,24,17,3.3,,,,,,,,971,,1.2,,0,0,0,0,0,0,0,,,,
KLO,2012,1,24,18,2.6,,,,,,,,971.1,,0.9,,0,0,0,0,0,0,0,,,,
KLO,2012,1,24,19,2.2,,,,,,,,971.3,,1.5,,0,0,0,0,0,0,0,,,,
KLO,2012,1,24,20,1.8,,,,,,,,971.3,,1.6,,0,0,0,0,0,0,0,,,,
KLO,2012,1,24,21,1.4,,,,,,,,971.2,,1.4,,0,0,0,0,0,0,0,,,,
KLO,2012,1,24,22,1.7,,,,,,,,971.5,,0.6,,0,0,0,0,0,0,0,,,,
KLO,2012,1,24,23,1.5,,,,,,,,971.5,,0.7,,0,0,0,0,0,0,0,,,,
KLO,2012,1,25,0,1.9,,,,,,,,971.3,,0.9,,0,0,0,0,0,0,0,,,,
KLO,2012,1,25,1,1.5,,,,,,,,971,,1.3,,0,0,0,0,0,0,0,,,,
KLO,2012,1,25,2,1.4,,,,,,,,971.1,,1,,0,0,0,0,0,0,0,,,,
KLO,2012,1,25,3,1.3,,,,,,,,970.8,,1.1,,0,0,0,0,0,0,0,,,,
KLO,2012,1,25,4,1.2,,,,,,,,970.8,,1.8,,0,0,0,0,0,0,0,,,,
KLO,2012,1,25,5,1.2,,,,,,,,970.7,,2.9,,0,0,0,0,0,0,0,,,,
KLO,2012,1,25,6,1.2,,,,,,,,970.8,,2.6,,0,0,0,0,0,0,0,,,,
KLO,2012,1,25,7,1.3,,,,,,,,971,,1.9,,4,0,0,0,0,0,0,,,,
KLO,2012,1,25,8,1.6,,,,,,,,971.1,,2.1,,23,0,0,0,0,0,0,,,,
KLO,2012,1,25,9,1.8,,,,,,,,971,,1.9,,57,24.1,53.8,0,0,0,0,,,,
KLO,2012,1,25,10,2.1,,,,,,,,970.9,,1.9,,111,26,104.4,0,0,0,0,,,,
KLO,2012,1,25,11,2.6,,,,,,,,970.6,,1.3,,155,31.1,144.4,0,0,0,0,,,,
KLO,2012,1,25,12,3.1,,,,,,,,970.2,,1.3,,169,24.5,159.5,0,0,0,0,,,,
KLO,2012,1,25,13,3.3,,,,,,,,969.8,,1.1,,97,3.8,95.5,0,0,0,0,,,,
KLO,2012,1,25,14,3.5,,,,,,,,969.6,,1.2,,55,1.5,54.5,0,0,0,0,,,,
KLO,2012,1,25,15,3.5,,,,,,,,969.4,,1.7,,31,0.8,30.8,0,0,0,0,,,,
KLO,2012,1,25,16,3.3,,,,,,,,969.4,,1.6,,1,0,1,0,0,0,0,,,,
KLO,2012,1,25,17,3.3,,,,,,,,969.4,,0.7,,0,0,0,0,0,0,0,,,,
KLO,2012,1,25,18,3.2,,,,,,,,969.4,,1.5,,0,0,0,0,0,0,0,,,,
KLO,2012,1,25,19,2.9,,,,,,,,969.3,,0.6,,0,0,0,0,0,0,0,,,,
KLO,2012,1,25,20,2.9,,,,,,,,969.2,,1,,0,0,0,0,0,0,0,,,,
KLO,2012,1,25,21,2.6,,,,,,,,969.1,,1.8,,0,0,0,0,0,0,0,,,,
KLO,2012,1,25,22,2.2,,,,,,,,968.8,,1.8,,0,0,0,0,0,0,0,,,,
KLO,2012,1,25,23,1.9,,,,,,,,968.7,,1.7,,0,0,0,0,0,0,0,,,,
KLO,2012,1,26,0,1.5,,,,,,,,968.6,,2,,0,0,0,0,0,0,0,,,,
KLO,2012,1,26,1,1,,,,,,,,968.4,,0.9,,0,0,0,0,0,0,0,,,,
KLO,2012,1,26,2,1.2,,,,,,,,968.2,,1.3,,0,0,0,0,0,0,0,,,,
KLO,2012,1,26,3,1.1,,,,,,,,967.9,,2.2,,0,0,0,0,0,0,0,,,,
KLO,2012,1,26,4,0.9,,,,,,,,967.9,,1.9,,0,0,0,0,0,0,0,,,,
KLO,2012,1,26,5,0.8,,,,,,,,967.8,,2.2,,0,0,0,0,0,0,0,,,,
KLO,2012,1,26,6,0.7,,,,,,,,967.9,,2.4,,0,0,0,0,0,0,0,,,,
KLO,2012,1,26,7,0.6,,,,,,,,968.1,,1.9,,3,0,0,0,0,0,0,,,,
KLO,2012,1,26,8,0.8,,,,,,,,968.2,,1.5,,23,0,0,0,0,0,0,,,,
KLO,2012,1,26,9,0.9,,,,,,,,968.2,,2.2,,47,8.9,45.8,0,0,0,0,,,,
KLO,2012,1,26,10,1.1,,,,,,,,968.2,,1.2,,77,5.8,75.5,0,0,0,0,,,,
KLO,2012,1,26,11,1.4,,,,,,,,968,,1.4,,93,4.6,91.4,0,0,0,0,,,,
KLO,2012,1,26,12,1.7,,,,,,,,967.9,,1.2,,92,3.5,90.6,0,0,0,0,,,,
KLO,2012,1,26,13,2,,,,,,,,967.6,,1.3,,75,2.2,74.1,0,0,0,0,,,,
KLO,2012,1,26,14,2.3,,,,,,,,967.5,,0.7,,53,1.4,52.5,0,0,0,0,,,,
KLO,2012,1,26,15,2.3,,,,,,,,967.5,,1.1,,17,0.2,16.9,0,0,0,0,,,,
KLO,2012,1,26,16,2,,,,,,,,967.6,,1.7,,1,0,1,0,0,0,0,,,,
KLO,2012,1,26,17,1.7,,,,,,,,968.1,,1.6,,0,0,0,0,0,0,0,,,,
KLO,2012,1,26,18,1.7,,,,,,,,968.4,,0.6,,0,0,0,0,0,0,0,,,,
KLO,2012,1,26,19,1.9,,,,,,,,968.4,,1.2,,0,0,0,0,0,0,0,,,,
KLO,2012,1,26,20,1.8,,,,,,,,968.6,,1,,0,0,0,0,0,0,0,,,,
KLO,2012,1,26,21,1.7,,,,,,,,968.7,,1.3,,0,0,0,0,0,0,0,,,,
KLO,2012,1,26,22,1.8,,,,,,,,968.9,,1.2,,0,0,0,0,0,0,0,,,,
KLO,2012,1,26,23,1.6,,,,,,,,969,,1.7,,0,0,0,0,0,0,0,,,,
KLO,2012,1,27,0,1.7,,,,,,,,969.1,,1.6,,0,0,0,0,0,0,0,,,,
KLO,2012,1,27,1,1.6,,,,,,,,969.2,,2,,0,0,0,0,0,0,0,,,,
KLO,2012,1,27,2,1.6,,,,,,,,969.3,,1.4,,0,0,0,0,0,0,0,,,,
KLO,2012,1,27,3,1.6,,,,,,,,969.5,,1.4,,0,0,0,0,0,0,0,,,,
KLO,2012,1,27,4,1.8,,,,,,,,969.6,,0.8,,0,0,0,0,0,0,0,,,,
KLO,2012,1,27,5,1.8,,,,,,,,969.9,,0.9,,0,0,0,0,0,0,0,,,,
KLO,2012,1,27,6,1.9,,,,,,,,970.4,,0.6,,0,0,0,0,0,0,0,,,,
KLO,2012,1,27,7,2,,,,,,,,970.7,,1.1,,2,0,0,0,0,0,0,,,,
KLO,2012,1,27,8,2.4,,,,,,,,971,,1.2,,18,0,0,0,0,0,0,,,,
KLO,2012,1,27,9,2.7,,,,,,,,971.4,,1.4,,35,4.1,34.4,0,0,0,0,,,,
KLO,2012,1,27,10,3.1,,,,,,,,971.8,,1.3,,49,2.3,48.4,0,0,0,0,,,,
KLO,2012,1,27,11,3.5,,,,,,,,971.8,,1.3,,55,1.6,54.4,0,0,0,0,,,,
KLO,2012,1,27,12,3.7,,,,,,,,972,,1.5,,45,0.8,44.7,0,0,0,0,,,,
KLO,2012,1,27,13,3.9,,,,,,,,971.9,,1.1,,53,1.1,52.6,0,0,0,0,,,,
KLO,2012,1,27,14,4.3,,,,,,,,972.1,,1.3,,34,0.5,33.8,0,0,0,0,,,,
KLO,2012,1,27,15,4.3,,,,,,,,972.5,,0.8,,12,0.1,12,0,0,0,0,,,,
KLO,2012,1,27,16,4,,,,,,,,972.6,,1.9,,1,0,1,0,0,0,0,,,,
KLO,2012,1,27,17,3.6,,,,,,,,973.1,,2.8,,0,0,0,0,0,0,0,,,,
KLO,2012,1,27,18,3.3,,,,,,,,973.3,,2.7,,0,0,0,0,0,0,0,,,,
KLO,2012,1,27,19,3.1,,,,,,,,973.6,,2.4,,0,0,0,0,0,0,0,,,,
KLO,2012,1,27,20,2.7,,,,,,,,973.7,,2.4,,0,0,0,0,0,0,0,,,,
KLO,2012,1,27,21,2.5,,,,,,,,974,,2.1,,0,0,0,0,0,0,0,,,,
KLO,2012,1,27,22,2.2,,,,,,,,974.1,,2,,0,0,0,0,0,0,0,,,,
KLO,2012,1,27,23,1.9,,,,,,,,974.2,,2.2,,0,0,0,0,0,0,0,,,,
KLO,2012,1,28,0,1.6,,,,,,,,974.2,,2.1,,0,0,0,0,0,0,0,,,,
KLO,2012,1,28,1,0.6,,,,,,,,974.3,,1.9,,0,0,0,0,0,0,0,,,,
KLO,2012,1,28,2,0.3,,,,,,,,974.4,,1.1,,0,0,0,0,0,0,0,,,,
KLO,2012,1,28,3,0.3,,,,,,,,974.2,,1.1,,0,0,0,0,0,0,0,,,,
KLO,2012,1,28,4,0.3,,,,,,,,974.2,,1.2,,0,0,0,0,0,0,0,,,,
KLO,2012,1,28,5,0.4,,,,,,,,974.2,,1.3,,0,0,0,0,0,0,0,,,,
KLO,2012,1,28,6,0.4,,,,,,,,974.3,,1.5,,0,0,0,0,0,0,0,,,,
KLO,2012,1,28,7,0.4,,,,,,,,974.5,,1.7,,3,0,0,0,0,0,0,,,,
KLO,2012,1,28,8,0.7,,,,,,,,974.6,,1.6,,31,0,0,0,0,0,0,,,,
KLO,2012,1,28,9,0.9,,,,,,,,974.6,,1.7,,56,15.8,53.8,0,0,0,0,,,,
KLO,2012,1,28,10,1.3,,,,,,,,974.7,,2.1,,146,83.3,124.1,0,0,0,0,,,,
KLO,2012,1,28,11,2,,,,,,,,974.3,,2.3,,187,67.6,163.2,0,0,0,0,,,,
KLO,2012,1,28,12,2.3,,,,,,,,973.7,,2.6,,148,11.2,143.5,0,0,0,0,,,,
KLO,2012,1,28,13,2.5,,,,,,,,973.2,,2.7,,58,1.3,57.5,0,0,0,0,,,,
KLO,2012,1,28,14,2.5,,,,,,,,973,,3.1,,44,0.9,43.7,0,0,0,0,,,,
KLO,2012,1,28,15,2.6,,,,,,,,972.9,,3,,26,0.5,25.9,0,0,0,0,,,,
KLO,2012,1,28,16,2.4,,,,,,,,972.8,,2.9,,4,0,4,0,0,0,0,,,,
KLO,2012,1,28,17,2.3,,,,,,,,972.8,,2.9,,0,0,0,0,0,0,0,,,,
KLO,2012,1,28,18,2.2,,,,,,,,972.7,,3.5,,0,0,0,0,0,0,0,,,,
KLO,2012,1,28,19,1.7,,,,,,,,972.6,,4.2,,0,0,0,0,0,0,0,,,,
KLO,2012,1,28,20,1.5,,,,,,,,972.5,,3.7,,0,0,0,0,0,0,0,,,,
KLO,2012,1,28,21,1.3,,,,,,,,972.2,,3.1,,0,0,0,0,0,0,0,,,,
KLO,2012,1,28,22,0.9,,,,,,,,972.1,,2.4,,0,0,0,0,0,0,0,,,,
KLO,2012,1,28,23,1,,,,,,,,971.9,,3.9,,0,0,0,0,0,0,0,,,,
KLO,2012,1,29,0,1.2,,,,,,,,971.3,,6.5,,0,0,0,0,0,0,0,,,,
KLO,2012,1,29,1,1.1,,,,,,,,970.8,,9.4,,0,0,0,0,0,0,0,,,,
KLO,2012,1,29,2,0.9,,,,,,,,970.1,,9.7,,0,0,0,0,0,0,0,,,,
KLO,2012,1,29,3,0.7,,,,,,,,969.9,,8.4,,0,0,0,0,0,0,0,,,,
KLO,2012,1,29,4,0.4,,,,,,,,970.1,,4.6,,0,0,0,0,0,0,0,,,,
KLO,2012,1,29,5,0.1,,,,,,,,970.1,,3,,0,0,0,0,0,0,0,,,,
KLO,2012,1,29,6,0,,,,,,,,970.4,,3.3,,0,0,0,0,0,0,0,,,,
KLO,2012,1,29,7,-0.1,,,,,,,,970.6,,2.3,,1,0,0,0,0,0,0,,,,
KLO,2012,1,29,8,-0.1,,,,,,,,970.6,,3.1,,11,0,0,0,0,0,0,,,,
KLO,2012,1,29,9,0.1,,,,,,,,970.5,,4,,36,4,35.4,0,0,0,0,,,,
KLO,2012,1,29,10,0.2,,,,,,,,970.6,,2.5,,51,2.3,50.4,0,0,0,0,,,,
KLO,2012,1,29,11,0.4,,,,,,,,970.4,,3.4,,53,1.4,52.5,0,0,0,0,,,,
KLO,2012,1,29,12,0.4,,,,,,,,970.1,,2.9,,39,0.6,38.8,0,0,0,0,,,,
KLO,2012,1,29,13,0.3,,,,,,,,969.9,,3.2,,27,0.3,26.9,0,0,0,0,,,,
KLO,2012,1,29,14,0.3,,,,,,,,970.1,,2.1,,23,0.2,22.9,0,0,0,0,,,,
KLO,2012,1,29,15,0.2,,,,,,,,970.4,,2.5,,4,0,4,0,0,0,0,,,,
KLO,2012,1,29,16,0.1,,,,,,,,970.7,,2.5,,0,0,0,0,0,0,0,,,,
KLO,2012,1,29,17,0,,,,,,,,971,,3.1,,0,0,0,0,0,0,0,,,,
KLO,2012,1,29,18,-0.2,,,,,,,,971.2,,3.5,,0,0,0,0,0,0,0,,,,
KLO,2012,1,29,19,-0.3,,,,,,,,971.3,,2.7,,0,0,0,0,0,0,0,,,,
KLO,2012,1,29,20,-0.4,,,,,,,,971.2,,2.8,,0,0,0,0,0,0,0,,,,
KLO,2012,1,29,21,-0.5,,,,,,,,971.1,,2.8,,0,0,0,0,0,0,0,,,,
KLO,2012,1,29,22,-0.5,,,,,,,,971.1,,3,,0,0,0,0,0,0,0,,,,
KLO,2012,1,29,23,-0.6,,,,,,,,971,,2.6,,0,0,0,0,0,0,0,,,,
KLO,2012,1,30,0,-0.6,,,,,,,,971,,2.3,,0,0,0,0,0,0,0,,,,
KLO,2012,1,30,1,-0.8,,,,,,,,971.1,,2.2,,0,0,0,0,0,0,0,,,,
KLO,2012,1,30,2,-0.8,,,,,,,,971.2,,2,,0,0,0,0,0,0,0,,,,
KLO,2012,1,30,3,-0.9,,,,,,,,971.3,,2,,0,0,0,0,0,0,0,,,,
KLO,2012,1,30,4,-1,,,,,,,,971.5,,1.6,,0,0,0,0,0,0,0,,,,
KLO,2012,1,30,5,-1,,,,,,,,971.6,,1.6,,0,0,0,0,0,0,0,,,,
KLO,2012,1,30,6,-1,,,,,,,,971.9,,1.2,,0,0,0,0,0,0,0,,,,
KLO,2012,1,30,7,-0.9,,,,,,,,972.1,,0.7,,2,0,0,0,0,0,0,,,,
KLO,2012,1,30,8,-0.8,,,,,,,,972.3,,0.4,,14,0,0,0,0,0,0,,,,
KLO,2012,1,30,9,-0.7,,,,,,,,972.1,,1,,30,2.6,29.6,0,0,0,0,,,,
KLO,2012,1,30,10,-0.5,,,,,,,,972.3,,0.8,,52,2.4,51.4,0,0,0,0,,,,
KLO,2012,1,30,11,-0.2,,,,,,,,972.2,,0.5,,58,1.7,57.4,0,0,0,0,,,,
KLO,2012,1,30,12,0.1,,,,,,,,971.8,,1.1,,73,2,72.2,0,0,0,0,,,,
KLO,2012,1,30,13,0.3,,,,,,,,971.5,,0.8,,59,1.3,58.5,0,0,0,0,,,,
KLO,2012,1,30,14,0.2,,,,,,,,971.6,,1,,33,0.5,32.8,0,0,0,0,,,,
KLO,2012,1,30,15,0.3,,,,,,,,971.5,,1,,21,0.3,20.9,0,0,0,0,,,,
KLO,2012,1,30,16,-0.1,,,,,,,,971.5,,0.8,,2,0,2,0,0,0,0,,,,
KLO,2012,1,30,17,-0.7,,,,,,,,971.5,,0.9,,0,0,0,0,0,0,0,,,,
KLO,2012,1,30,18,-0.8,,,,,,,,971.4,,0.8,,0,0,0,0,0,0,0,,,,
KLO,2012,1,30,19,-0.8,,,,,,,,971.2,,1.6,,0,0,0,0,0,0,0,,,,
KLO,2012,1,30,20,-0.9,,,,,,,,970.9,,1.6,,0,0,0,0,0,0,0,,,,
KLO,2012,1,30,21,-1.1,,,,,,,,970.5,,1.8,,0,0,0,0,0,0,0,,,,
KLO,2012,1,30,22,-1.2,,,,,,,,969.9,,1.8,,0,0,0,0,0,0,0,,,,
KLO,2012,1,30,23,-1,,,,,,,,969.6,,2,,0,0,0,0,0,0,0,,,,
KLO,2012,1,31,0,-1,,,,,,,,969,,2.8,,0,0,0,0,0,0,0,,,,
KLO,2012,1,31,1,-1.3,,,,,,,,968.5,,3.3,,0,0,0,0,0,0,0,,,,
KLO,2012,1,31,2,-1.4,,,,,,,,968,,2.4,,0,0,0,0,0,0,0,,,,
KLO,2012,1,31,3,-1.3,,,,,,,,967.1,,1.4,,0,0,0,0,0,0,0,,,,
KLO,2012,1,31,4,-1.4,,,,,,,,966.7,,2.2,,0,0,0,0,0,0,0,,,,
KLO,2012,1,31,5,-1.4,,,,,,,,966.1,,2.7,,0,0,0,0,0,0,0,,,,
KLO,2012,1,31,6,-1.4,,,,,,,,965.4,,2.6,,0,0,0,0,0,0,0,,,,
KLO,2012,1,31,7,-1.3,,,,,,,,965.2,,3.3,,6,0,0,0,0,0,0,,,,
KLO,2012,1,31,8,-1.4,,,,,,,,965.1,,3.3,,19,0,0,0,0,0,0,,,,
KLO,2012,1,31,9,-1.3,,,,,,,,965.2,,3.1,,61,17.1,58.4,0,0,0,0,,,,
KLO,2012,1,31,10,-1.1,,,,,,,,965.4,,3.2,,81,5.6,79.5,0,0,0,0,,,,
KLO,2012,1,31,11,-1.1,,,,,,,,965.3,,3.4,,64,2,63.3,0,0,0,0,,,,
KLO,2012,1,31,12,-0.8,,,,,,,,965.1,,3.7,,195,37.4,179.5,0,0,0,0,,,,
KLO,2012,1,31,13,-0.7,,,,,,,,964.9,,3.1,,99,3.5,97.5,0,0,0,0,,,,
KLO,2012,1,31,14,-0.6,,,,,,,,965.1,,3.3,,73,2.3,72.1,0,0,0,0,,,,
KLO,2012,1,31,15,-1.1,,,,,,,,965.5,,3.9,,55,2.1,54.4,0,0,0,0,,,,
KLO,2012,1,31,16,-1.5,,,,,,,,966,,3.4,,10,0.2,10,0,0,0,0,,,,
KLO,2012,1,31,17,-2.2,,,,,,,,966.8,,5.1,,0,0,0,0,0,0,0,,,,
KLO,2012,1,31,18,-3.1,,,,,,,,967.6,,5.6,,0,0,0,0,0,0,0,,,,
KLO,2012,1,31,19,-3.8,,,,,,,,968.3,,4.1,,0,0,0,0,0,0,0,,,,
KLO,2012,1,31,20,-4.5,,,,,,,,968.6,,3.5,,0,0,0,0,0,0,0,,,,
KLO,2012,1,31,21,-4.5,,,,,,,,968.8,,3.1,,0,0,0,0,0,0,0,,,,
KLO,2012,1,31,22,-4.4,,,,,,,,968.8,,2.9,,0,0,0,0,0,0,0,,,,
KLO,2012,1,31,23,-4.3,,,,,,,,968.8,,2.9,,0,0,0,0,0,0,0,,,,
KLO,2012,2,1,0,-4.2,,,,,,,,968.8,,3.4,,0,0,0,0,0,0,0,,,,
KLO,2012,2,1,1,-4.2,,,,,,,,968.6,,2.8,,0,0,0,0,0,0,0,,,,
KLO,2012,2,1,2,-4.4,,,,,,,,968.5,,3.6,,0,0,0,0,0,0,0,,,,
KLO,2012,2,1,3,-4.6,,,,,,,,968.4,,3.6,,0,0,0,0,0,0,0,,,,
KLO,2012,2,1,4,-5.1,,,,,,,,968.2,,4,,0,0,0,0,0,0,0,,,,
KLO,2012,2,1,5,-5.5,,,,,,,,968.2,,3.9,,0,0,0,0,0,0,0,,,,
KLO,2012,2,1,6,-5.8,,,,,,,,968.1,,3.8,,0,0,0,0,0,0,0,,,,
KLO,2012,2,1,7,-5.9,,,,,,,,968.1,,2.9,,7,0,0,0,0,0,0,,,,
KLO,2012,2,1,8,-5.9,,,,,,,,968.1,,3.5,,63,0,0,0,0,0,0,,,,
KLO,2012,2,1,9,-5.9,,,,,,,,968,,4.7,,122,368,64.9,0,0,0,0,,,,
KLO,2012,2,1,10,-5.5,,,,,,,,967.8,,6.2,,183,180.2,132.8,0,0,0,0,,,,
KLO,2012,2,1,11,-5.1,,,,,,,,967.5,,4.9,,220,118,176.5,0,0,0,0,,,,
KLO,2012,2,1,12,-5,,,,,,,,967,,6.2,,132,6.5,129.3,0,0,0,0,,,,
KLO,2012,2,1,13,-4.9,,,,,,,,966.9,,4.9,,81,2.3,80,0,0,0,0,,,,
KLO,2012,2,1,14,-4.8,,,,,,,,966.8,,5,,59,1.5,58.4,0,0,0,0,,,,
KLO,2012,2,1,15,-5.2,,,,,,,,966.8,,6.1,,32,0.7,31.8,0,0,0,0,,,,
KLO,2012,2,1,16,-5.4,,,,,,,,966.9,,6,,8,0.1,8,0,0,0,0,,,,
KLO,2012,2,1,17,-5.3,,,,,,,,967.3,,5.5,,0,0,0,0,0,0,0,,,,
KLO,2012,2,1,18,-5.2,,,,,,,,967.1,,5.7,,0,0,0,0,0,0,0,,,,
KLO,2012,2,1,19,-5.1,,,,,,,,966.8,,4.9,,0,0,0,0,0,0,0,,,,
KLO,2012,2,1,20,-5,,,,,,,,966.5,,6,,0,0,0,0,0,0,0,,,,
KLO,2012,2,1,21,-5.1,,,,,,,,966.4,,5.8,,0,0,0,0,0,0,0,,,,
KLO,2012,2,1,22,-5.2,,,,,,,,966.4,,6.1,,0,0,0,0,0,0,0,,,,
KLO,2012,2,1,23,-5.9,,,,,,,,966.4,,6.5,,0,0,0,0,0,0,0,,,,
KLO,2012,2,2,0,-6.4,,,,,,,,966.4,,5.2,,0,0,0,0,0,0,0,,,,
KLO,2012,2,2,1,-6.8,,,,,,,,966.6,,4.7,,0,0,0,0,0,0,0,,,,
KLO,2012,2,2,2,-7.3,,,,,,,,966.5,,5.9,,0,0,0,0,0,0,0,,,,
KLO,2012,2,2,3,-7.7,,,,,,,,966.5,,4.9,,0,0,0,0,0,0,0,,,,
KLO,2012,2,2,4,-8.1,,,,,,,,966.8,,2.9,,0,0,0,0,0,0,0,,,,
KLO,2012,2,2,5,-8.5,,,,,,,,966.9,,2.7,,0,0,0,0,0,0,0,,,,
KLO,2012,2,2,6,-8.8,,,,,,,,967.1,,2.6,,0,0,0,0,0,0,0,,,,
KLO,2012,2,2,7,-9,,,,,,,,967.7,,2.4,,20,0,0,0,0,0,0,,,,
KLO,2012,2,2,8,-8.9,,,,,,,,968.2,,4.3,,70,0,0,0,0,0,0,,,,
KLO,2012,2,2,9,-8.8,,,,,,,,968.6,,3.6,,152,691.2,42.2,0,0,0,0,,,,
KLO,2012,2,2,10,-8.4,,,,,,,,969.1,,2.7,,242,496.7,101.7,0,0,0,0,,,,
KLO,2012,2,2,11,-8.1,,,,,,,,969,,5.2,,284,327.6,161.9,0,0,0,0,,,,
KLO,2012,2,2,12,-8.2,,,,,,,,969.2,,6.1,,248,108.5,202.1,0,0,0,0,,,,
KLO,2012,2,2,13,-8.3,,,,,,,,969.6,,4.7,,171,16.1,164.1,0,0,0,0,,,,
KLO,2012,2,2,14,-8.3,,,,,,,,970,,4.7,,119,5.8,116.7,0,0,0,0,,,,
KLO,2012,2,2,15,-8.6,,,,,,,,970.3,,3.6,,77,3.8,75.8,0,0,0,0,,,,
KLO,2012,2,2,16,-8.7,,,,,,,,970.6,,3,,11,0.2,11,0,0,0,0,,,,
KLO,2012,2,2,17,-8.7,,,,,,,,970.9,,2.5,,0,0,0,0,0,0,0,,,,
KLO,2012,2,2,18,-8.5,,,,,,,,971,,2.8,,0,0,0,0,0,0,0,,,,
KLO,2012,2,2,19,-8.3,,,,,,,,971.1,,4.7,,0,0,0,0,0,0,0,,,,
KLO,2012,2,2,20,-8.2,,,,,,,,971.4,,4.6,,0,0,0,0,0,0,0,,,,
KLO,2012,2,2,21,-8.2,,,,,,,,971.7,,4.5,,0,0,0,0,0,0,0,,,,
KLO,2012,2,2,22,-8.3,,,,,,,,971.9,,4.3,,0,0,0,0,0,0,0,,,,
KLO,2012,2,2,23,-8.8,,,,,,,,972.3,,4.7,,0,0,0,0,0,0,0,,,,
KLO,2012,2,3,0,-9.2,,,,,,,,972.6,,3.5,,0,0,0,0,0,0,0,,,,
KLO,2012,2,3,1,-9.8,,,,,,,,973,,4.4,,0,0,0,0,0,0,0,,,,
KLO,2012,2,3,2,-10.5,,,,,,,,973.3,,4.5,,0,0,0,0,0,0,0,,,,
KLO,2012,2,3,3,-11.3,,,,,,,,973.4,,3.7,,0,0,0,0,0,0,0,,,,
KLO,2012,2,3,4,-12.1,,,,,,,,973.5,,3,,0,0,0,0,0,0,0,,,,
KLO,2012,2,3,5,-12.6,,,,,,,,973.7,,2.6,,0,0,0,0,0,0,0,,,,
KLO,2012,2,3,6,-13,,,,,,,,974.3,,3.4,,0,0,0,0,0,0,0,,,,
KLO,2012,2,3,7,-13.1,,,,,,,,974.8,,2.8,,15,0,0,0,0,0,0,,,,
KLO,2012,2,3,8,-13,,,,,,,,975.5,,3.5,,66,0,0,0,0,0,0,,,,
KLO,2012,2,3,9,-12.1,,,,,,,,976,,4.1,,217,1113.8,35.8,0,0,0,0,,,,
KLO,2012,2,3,10,-11.3,,,,,,,,976.3,,4.3,,262,609,87.5,0,0,0,0,,,,
KLO,2012,2,3,11,-10.1,,,,,,,,976.2,,4.2,,460,1018.8,75.9,0,0,0,0,,,,
KLO,2012,2,3,12,-9.5,,,,,,,,976.1,,5.4,,407,681.8,115.4,0,0,0,0,,,,
KLO,2012,2,3,13,-9.1,,,,,,,,976.1,,4.4,,384,547.4,145.9,0,0,0,0,,,,
KLO,2012,2,3,14,-9,,,,,,,,976.5,,4.4,,293,286.4,178.9,0,0,0,0,,,,
KLO,2012,2,3,15,-9.3,,,,,,,,976.9,,3.9,,154,41.8,140.6,0,0,0,0,,,,
KLO,2012,2,3,16,-11.2,,,,,,,,977.6,,3.6,,26,1,25.8,0,0,0,0,,,,
KLO,2012,2,3,17,-12.1,,,,,,,,978.4,,3.6,,0,0,0,0,0,0,0,,,,
KLO,2012,2,3,18,-12.8,,,,,,,,978.7,,1.5,,0,0,0,0,0,0,0,,,,
KLO,2012,2,3,19,-13.3,,,,,,,,979.1,,1.5,,0,0,0,0,0,0,0,,,,
KLO,2012,2,3,20,-14.7,,,,,,,,979.3,,1.9,,0,0,0,0,0,0,0,,,,
KLO,2012,2,3,21,-16.3,,,,,,,,979.4,,2,,0,0,0,0,0,0,0,,,,
KLO,2012,2,3,22,-17.3,,,,,,,,979.4,,2.3,,0,0,0,0,0,0,0,,,,
KLO,2012,2,3,23,-17.3,,,,,,,,979.3,,1.1,,0,0,0,0,0,0,0,,,,
KLO,2012,2,4,0,-17.5,,,,,,,,979.1,,0.6,,0,0,0,0,0,0,0,,,,
KLO,2012,2,4,1,-18.2,,,,,,,,979.1,,0.8,,0,0,0,0,0,0,0,,,,
KLO,2012,2,4,2,-19,,,,,,,,978.9,,0.7,,0,0,0,0,0,0,0,,,,
KLO,2012,2,4,3,-19.1,,,,,,,,978.6,,1.1,,0,0,0,0,0,0,0,,,,
KLO,2012,2,4,4,-16.9,,,,,,,,978.8,,1.8,,0,0,0,0,0,0,0,,,,
KLO,2012,2,4,5,-14.2,,,,,,,,978.8,,4.2,,0,0,0,0,0,0,0,,,,
KLO,2012,2,4,6,-14,,,,,,,,979.1,,4.7,,0,0,0,0,0,0,0,,,,
KLO,2012,2,4,7,-14.1,,,,,,,,979.5,,4.3,,24,0,0,0,0,0,0,,,,
KLO,2012,2,4,8,-13,,,,,,,,979.9,,4,,156,0,0,0,0,0,0,,,,
KLO,2012,2,4,9,-11.7,,,,,,,,979.9,,4.3,,307,1538.7,50.7,0,0,0,0,,,,
KLO,2012,2,4,10,-10.2,,,,,,,,979.9,,5.9,,397,1140.3,65.5,0,0,0,0,,,,
KLO,2012,2,4,11,-9.1,,,,,,,,979.7,,6,,464,1015.8,76.6,0,0,0,0,,,,
KLO,2012,2,4,12,-8.3,,,,,,,,979.4,,5.9,,443,815.2,90.7,0,0,0,0,,,,
KLO,2012,2,4,13,-7.7,,,,,,,,979.2,,6.8,,355,406.2,176.4,0,0,0,0,,,,
KLO,2012,2,4,14,-7.6,,,,,,,,979.1,,7.6,,276,215,189.3,0,0,0,0,,,,
KLO,2012,2,4,15,-8,,,,,,,,979.4,,7.2,,159,45.7,144.1,0,0,0,0,,,,
KLO,2012,2,4,16,-9.3,,,,,,,,979.7,,5.1,,18,0.5,17.9,0,0,0,0,,,,
KLO,2012,2,4,17,-10.2,,,,,,,,980.2,,3.7,,0,0,0,0,0,0,0,,,,
KLO,2012,2,4,18,-10.3,,,,,,,,980.6,,3.4,,0,0,0,0,0,0,0,,,,
KLO,2012,2,4,19,-11.7,,,,,,,,980.9,,3.2,,0,0,0,0,0,0,0,,,,
KLO,2012,2,4,20,-13,,,,,,,,981,,2.8,,0,0,0,0,0,0,0,,,,
KLO,2012,2,4,21,-15.5,,,,,,,,980.9,,1.7,,0,0,0,0,0,0,0,,,,
KLO,2012,2,4,22,-15.6,,,,,,,,980.7,,1.9,,0,0,0,0,0,0,0,,,,
KLO,2012,2,4,23,-16.1,,,,,,,,980.2,,1.5,,0,0,0,0,0,0,0,,,,
KLO,2012,2,5,0,-15.7,,,,,,,,979.5,,2.6,,0,0,0,0,0,0,0,,,,
KLO,2012,2,5,1,-14.5,,,,,,,,979,,2.7,,0,0,0,0,0,0,0,,,,
KLO,2012,2,5,2,-14.3,,,,,,,,978.6,,3.5,,0,0,0,0,0,0,0,,,,
KLO,2012,2,5,3,-13.6,,,,,,,,978.4,,3.8,,0,0,0,0,0,0,0,,,,
KLO,2012,2,5,4,-13.9,,,,,,,,978.1,,3.9,,0,0,0,0,0,0,0,,,,
KLO,2012,2,5,5,-14.5,,,,,,,,977.4,,3,,0,0,0,0,0,0,0,,,,
KLO,2012,2,5,6,-14.4,,,,,,,,977.2,,4.9,,0,0,0,0,0,0,0,,,,
KLO,2012,2,5,7,-14.4,,,,,,,,977,,3.2,,18,0,0,0,0,0,0,,,,
KLO,2012,2,5,8,-13.6,,,,,,,,977.1,,3.3,,116,0,0,0,0,0,0,,,,
KLO,2012,2,5,9,-12.4,,,,,,,,977,,2.4,,321,1571.1,53,0,0,0,0,,,,
KLO,2012,2,5,10,-11.3,,,,,,,,976.9,,3.9,,403,1140.7,66.5,0,0,0,0,,,,
KLO,2012,2,5,11,-10.3,,,,,,,,976.5,,3.6,,499,1079.7,82.3,0,0,0,0,,,,
KLO,2012,2,5,12,-9.5,,,,,,,,976.1,,3.9,,478,911.8,79.7,0,0,0,0,,,,
KLO,2012,2,5,13,-8.6,,,,,,,,975.7,,4.1,,412,635.3,129.8,0,0,0,0,,,,
KLO,2012,2,5,14,-8.2,,,,,,,,975.7,,4.3,,304,302.5,180.7,0,0,0,0,,,,
KLO,2012,2,5,15,-8.5,,,,,,,,975.8,,3.2,,159,42.6,144.9,0,0,0,0,,,,
KLO,2012,2,5,16,-9.4,,,,,,,,976.1,,2.4,,30,1.2,29.7,0,0,0,0,,,,
KLO,2012,2,5,17,-10.7,,,,,,,,976.5,,1.6,,0,0,0,0,0,0,0,,,,
KLO,2012,2,5,18,-11.2,,,,,,,,976.9,,2.4,,0,0,0,0,0,0,0,,,,
KLO,2012,2,5,19,-12.1,,,,,,,,977,,1.9,,0,0,0,0,0,0,0,,,,
KLO,2012,2,5,20,-14.1,,,,,,,,977.3,,2.1,,0,0,0,0,0,0,0,,,,
KLO,2012,2,5,21,-14.5,,,,,,,,977.4,,3.5,,0,0,0,0,0,0,0,,,,
KLO,2012,2,5,22,-14.6,,,,,,,,977.3,,4,,0,0,0,0,0,0,0,,,,
KLO,2012,2,5,23,-14.5,,,,,,,,977.4,,3.7,,0,0,0,0,0,0,0,,,,
KLO,2012,2,6,0,-14.8,,,,,,,,977.5,,2,,0,0,0,0,0,0,0,,,,
KLO,2012,2,6,1,-15.1,,,,,,,,977.8,,0.8,,0,0,0,0,0,0,0,,,,
KLO,2012,2,6,2,-16.6,,,,,,,,977.8,,1.8,,0,0,0,0,0,0,0,,,,
KLO,2012,2,6,3,-16.9,,,,,,,,977.5,,2.8,,0,0,0,0,0,0,0,,,,
KLO,2012,2,6,4,-15.6,,,,,,,,977.5,,3.8,,0,0,0,0,0,0,0,,,,
KLO,2012,2,6,5,-15.9,,,,,,,,977.6,,2.4,,0,0,0,0,0,0,0,,,,
KLO,2012,2,6,6,-16.3,,,,,,,,977.9,,2,,0,0,0,0,0,0,0,,,,
KLO,2012,2,6,7,-15.1,,,,,,,,978.2,,2.2,,25,0,0,0,0,0,0,,,,
KLO,2012,2,6,8,-14.1,,,,,,,,978.6,,3.6,,169,0,0,0,0,0,0,,,,
KLO,2012,2,6,9,-12.5,,,,,,,,978.6,,4.7,,310,1481.6,51.2,0,0,0,0,,,,
KLO,2012,2,6,10,-11.4,,,,,,,,978.6,,3.5,,448,1249.7,73.9,0,0,0,0,,,,
KLO,2012,2,6,11,-10.4,,,,,,,,978.3,,4,,492,1052.2,81.2,0,0,0,0,,,,
KLO,2012,2,6,12,-9.8,,,,,,,,977.8,,4.3,,491,929,80.8,0,0,0,0,,,,
KLO,2012,2,6,13,-9.1,,,,,,,,977.3,,3.5,,420,651.3,127.6,0,0,0,0,,,,
KLO,2012,2,6,14,-8.6,,,,,,,,977.1,,3.9,,308,304.5,182.4,0,0,0,0,,,,
KLO,2012,2,6,15,-8.9,,,,,,,,977.2,,3.8,,165,47.9,149,0,0,0,0,,,,
KLO,2012,2,6,16,-9.7,,,,,,,,977.5,,2.8,,34,1.5,33.7,0,0,0,0,,,,
KLO,2012,2,6,17,-10.6,,,,,,,,978,,2.5,,0,0,0,0,0,0,0,,,,
KLO,2012,2,6,18,-10.9,,,,,,,,978.4,,2.9,,0,0,0,0,0,0,0,,,,
KLO,2012,2,6,19,-11.9,,,,,,,,978.4,,3.2,,0,0,0,0,0,0,0,,,,
KLO,2012,2,6,20,-13.3,,,,,,,,978.4,,3.1,,0,0,0,0,0,0,0,,,,
KLO,2012,2,6,21,-14.6,,,,,,,,978,,2.5,,0,0,0,0,0,0,0,,,,
KLO,2012,2,6,22,-14.7,,,,,,,,977.8,,4,,0,0,0,0,0,0,0,,,,
KLO,2012,2,6,23,-14.7,,,,,,,,977.8,,4.4,,0,0,0,0,0,0,0,,,,
KLO,2012,2,7,0,-14.3,,,,,,,,977.8,,4.5,,0,0,0,0,0,0,0,,,,
KLO,2012,2,7,1,-14.2,,,,,,,,977.7,,5,,0,0,0,0,0,0,0,,,,
KLO,2012,2,7,2,-14.1,,,,,,,,977.2,,5.7,,0,0,0,0,0,0,0,,,,
KLO,2012,2,7,3,-14.3,,,,,,,,976.9,,4.7,,0,0,0,0,0,0,0,,,,
KLO,2012,2,7,4,-14.2,,,,,,,,976.6,,3.6,,0,0,0,0,0,0,0,,,,
KLO,2012,2,7,5,-13.7,,,,,,,,976.4,,2.3,,0,0,0,0,0,0,0,,,,
KLO,2012,2,7,6,-12.7,,,,,,,,976.4,,2.7,,0,0,0,0,0,0,0,,,,
KLO,2012,2,7,7,-12.5,,,,,,,,976.4,,4.1,,13,0,0,0,0,0,0,,,,
KLO,2012,2,7,8,-11.8,,,,,,,,976.3,,4.8,,77,0,0,0,0,0,0,,,,
KLO,2012,2,7,9,-11.4,,,,,,,,976.1,,5.3,,187,848.2,35.3,0,0,0,0,,,,
KLO,2012,2,7,10,-10.7,,,,,,,,976,,4.7,,293,707.8,78,0,0,0,0,,,,
KLO,2012,2,7,11,-9.8,,,,,,,,975.6,,4.4,,370,654,111.6,0,0,0,0,,,,
KLO,2012,2,7,12,-9.4,,,,,,,,975.3,,4.7,,267,120,213.5,0,0,0,0,,,,
KLO,2012,2,7,13,-9,,,,,,,,975.2,,6.4,,336,294.8,202.2,0,0,0,0,,,,
KLO,2012,2,7,14,-9.4,,,,,,,,975.3,,6.3,,133,6.7,130.2,0,0,0,0,,,,
KLO,2012,2,7,15,-9.7,,,,,,,,975.6,,6.5,,51,1.4,50.5,0,0,0,0,,,,
KLO,2012,2,7,16,-10.1,,,,,,,,976,,7.2,,11,0.2,11,0,0,0,0,,,,
KLO,2012,2,7,17,-10.6,,,,,,,,976.4,,6.7,,0,0,0,0,0,0,0,,,,
KLO,2012,2,7,18,-10.9,,,,,,,,976.6,,5.6,,0,0,0,0,0,0,0,,,,
KLO,2012,2,7,19,-10.8,,,,,,,,976.6,,4.7,,0,0,0,0,0,0,0,,,,
KLO,2012,2,7,20,-10.6,,,,,,,,976.6,,4.4,,0,0,0,0,0,0,0,,,,
KLO,2012,2,7,21,-10.1,,,,,,,,976.2,,4.2,,0,0,0,0,0,0,0,,,,
KLO,2012,2,7,22,-9.9,,,,,,,,976,,3.9,,0,0,0,0,0,0,0,,,,
KLO,2012,2,7,23,-9.7,,,,,,,,975.9,,4.9,,0,0,0,0,0,0,0,,,,
KLO,2012,2,8,0,-9.6,,,,,,,,975.9,,5.4,,0,0,0,0,0,0,0,,,,
KLO,2012,2,8,1,-9.5,,,,,,,,976,,5.2,,0,0,0,0,0,0,0,,,,
KLO,2012,2,8,2,-9.5,,,,,,,,975.9,,5.6,,0,0,0,0,0,0,0,,,,
KLO,2012,2,8,3,-9.6,,,,,,,,975.8,,5.4,,0,0,0,0,0,0,0,,,,
KLO,2012,2,8,4,-9.6,,,,,,,,975.9,,5.9,,0,0,0,0,0,0,0,,,,
KLO,2012,2,8,5,-9.6,,,,,,,,976.1,,5.7,,0,0,0,0,0,0,0,,,,
KLO,2012,2,8,6,-9.5,,,,,,,,976.5,,5,,0,0,0,0,0,0,0,,,,
KLO,2012,2,8,7,-9.5,,,,,,,,977.1,,5.8,,13,0,0,0,0,0,0,,,,
KLO,2012,2,8,8,-9.5,,,,,,,,977.6,,5.7,,109,0,0,0,0,0,0,,,,
KLO,2012,2,8,9,-9,,,,,,,,978,,6,,224,1021.1,37,0,0,0,0,,,,
KLO,2012,2,8,10,-8.5,,,,,,,,978.3,,5.5,,243,373.5,127.9,0,0,0,0,,,,
KLO,2012,2,8,11,-8,,,,,,,,978.3,,5.9,,274,216.6,187.4,0,0,0,0,,,,
KLO,2012,2,8,12,-7.4,,,,,,,,978.2,,5,,287,157.9,215.8,0,0,0,0,,,,
KLO,2012,2,8,13,-6.8,,,,,,,,978.4,,4.9,,265,102.3,218.1,0,0,0,0,,,,
KLO,2012,2,8,14,-6.5,,,,,,,,978.8,,3.8,,197,36.3,181.7,0,0,0,0,,,,
KLO,2012,2,8,15,-6.7,,,,,,,,979,,4.7,,111,7,108.6,0,0,0,0,,,,
KLO,2012,2,8,16,-7.2,,,,,,,,979.4,,3.7,,21,0.5,20.9,0,0,0,0,,,,
KLO,2012,2,8,17,-7.5,,,,,,,,979.6,,3.3,,0,0,0,0,0,0,0,,,,
KLO,2012,2,8,18,-7.8,,,,,,,,979.8,,2.7,,0,0,0,0,0,0,0,,,,
KLO,2012,2,8,19,-8.1,,,,,,,,979.8,,2.4,,0,0,0,0,0,0,0,,,,
KLO,2012,2,8,20,-9.8,,,,,,,,980,,2.1,,0,0,0,0,0,0,0,,,,
KLO,2012,2,8,21,-11.6,,,,,,,,980.3,,2,,0,0,0,0,0,0,0,,,,
KLO,2012,2,8,22,-11.9,,,,,,,,980.4,,1.3,,0,0,0,0,0,0,0,,,,
KLO,2012,2,8,23,-10.4,,,,,,,,980.6,,3,,0,0,0,0,0,0,0,,,,
KLO,2012,2,9,0,-9.7,,,,,,,,981,,2.7,,0,0,0,0,0,0,0,,,,
KLO,2012,2,9,1,-11.7,,,,,,,,980.8,,1.3,,0,0,0,0,0,0,0,,,,
KLO,2012,2,9,2,-13.5,,,,,,,,980.4,,1.6,,0,0,0,0,0,0,0,,,,
KLO,2012,2,9,3,-14,,,,,,,,980.2,,0.8,,0,0,0,0,0,0,0,,,,
KLO,2012,2,9,4,-14.8,,,,,,,,980.3,,0.6,,0,0,0,0,0,0,0,,,,
KLO,2012,2,9,5,-15.1,,,,,,,,980.1,,0.9,,0,0,0,0,0,0,0,,,,
KLO,2012,2,9,6,-15.1,,,,,,,,980.2,,1.3,,0,0,0,0,0,0,0,,,,
KLO,2012,2,9,7,-14.9,,,,,,,,980.2,,0.6,,31,0,0,0,0,0,0,,,,
KLO,2012,2,9,8,-13.5,,,,,,,,980,,0.3,,145,0,0,0,0,0,0,,,,
KLO,2012,2,9,9,-11.5,,,,,,,,979.9,,0.8,,282,1255.6,46.5,0,0,0,0,,,,
KLO,2012,2,9,10,-9.5,,,,,,,,979.5,,1,,396,1056.8,65.3,0,0,0,0,,,,
KLO,2012,2,9,11,-7.3,,,,,,,,978.7,,0.7,,435,890.3,74.9,0,0,0,0,,,,
KLO,2012,2,9,12,-5.7,,,,,,,,978.1,,0.8,,331,273.5,206.3,0,0,0,0,,,,
KLO,2012,2,9,13,-5.3,,,,,,,,977.4,,0.9,,205,27.6,192.2,0,0,0,0,,,,
KLO,2012,2,9,14,-4.9,,,,,,,,976.9,,1.5,,115,4.6,113,0,0,0,0,,,,
KLO,2012,2,9,15,-4.7,,,,,,,,976.5,,2,,32,0.5,31.8,0,0,0,0,,,,
KLO,2012,2,9,16,-5.2,,,,,,,,976.6,,1.5,,4,0,4,0,0,0,0,,,,
KLO,2012,2,9,17,-6.2,,,,,,,,977.2,,2.8,,0,0,0,0,0,0,0,,,,
KLO,2012,2,9,18,-5.9,,,,,,,,977.7,,2.3,,0,0,0,0,0,0,0,,,,
KLO,2012,2,9,19,-6.1,,,,,,,,978.5,,4.6,,0,0,0,0,0,0,0,,,,
KLO,2012,2,9,20,-6.6,,,,,,,,979.1,,4.1,,0,0,0,0,0,0,0,,,,
KLO,2012,2,9,21,-7.3,,,,,,,,979.5,,2.8,,0,0,0,0,0,0,0,,,,
KLO,2012,2,9,22,-7.3,,,,,,,,979.8,,5.2,,0,0,0,0,0,0,0,,,,
KLO,2012,2,9,23,-8.3,,,,,,,,980,,3.7,,0,0,0,0,0,0,0,,,,
KLO,2012,2,10,0,-9.2,,,,,,,,979.9,,2.9,,0,0,0,0,0,0,0,,,,
KLO,2012,2,10,1,-9.6,,,,,,,,979.8,,2.7,,0,0,0,0,0,0,0,,,,
KLO,2012,2,10,2,-9.6,,,,,,,,979.6,,2.3,,0,0,0,0,0,0,0,,,,
KLO,2012,2,10,3,-9.5,,,,,,,,979.3,,1.4,,0,0,0,0,0,0,0,,,,
KLO,2012,2,10,4,-11,,,,,,,,979,,2.5,,0,0,0,0,0,0,0,,,,
KLO,2012,2,10,5,-10.1,,,,,,,,979.1,,2.3,,0,0,0,0,0,0,0,,,,
KLO,2012,2,10,6,-10.7,,,,,,,,979.1,,1,,0,0,0,0,0,0,0,,,,
KLO,2012,2,10,7,-8.7,,,,,,,,979.1,,1.7,,25,0,0,0,0,0,0,,,,
KLO,2012,2,10,8,-7.9,,,,,,,,979.1,,2.3,,115,0,0,0,0,0,0,,,,
KLO,2012,2,10,9,-7.1,,,,,,,,979.1,,3.9,,187,726.9,47.4,0,0,0,0,,,,
KLO,2012,2,10,10,-6.1,,,,,,,,979,,5.6,,400,1051.8,66,0,0,0,0,,,,
KLO,2012,2,10,11,-6.6,,,,,,,,978.9,,5.7,,263,165.1,195.4,0,0,0,0,,,,
KLO,2012,2,10,12,-6.2,,,,,,,,978.4,,6.8,,340,291.6,205.6,0,0,0,0,,,,
KLO,2012,2,10,13,-6.7,,,,,,,,978.2,,6,,167,9.9,162.4,0,0,0,0,,,,
KLO,2012,2,10,14,-7.1,,,,,,,,978.2,,6,,130,5.8,127.5,0,0,0,0,,,,
KLO,2012,2,10,15,-7.3,,,,,,,,977.9,,6.8,,126,9.9,122.5,0,0,0,0,,,,
KLO,2012,2,10,16,-8,,,,,,,,977.9,,6.3,,12,0.2,12,0,0,0,0,,,,
KLO,2012,2,10,17,-8.3,,,,,,,,978.1,,5.9,,0,0,0,0,0,0,0,,,,
KLO,2012,2,10,18,-8.6,,,,,,,,978,,6.6,,0,0,0,0,0,0,0,,,,
KLO,2012,2,10,19,-8.8,,,,,,,,977.8,,6.1,,0,0,0,0,0,0,0,,,,
KLO,2012,2,10,20,-9,,,,,,,,977.5,,6.3,,0,0,0,0,0,0,0,,,,
KLO,2012,2,10,21,-8.9,,,,,,,,977.1,,6.5,,0,0,0,0,0,0,0,,,,
KLO,2012,2,10,22,-8.8,,,,,,,,976.7,,6.3,,0,0,0,0,0,0,0,,,,
KLO,2012,2,10,23,-8.9,,,,,,,,976.1,,8,,0,0,0,0,0,0,0,,,,
KLO,2012,2,11,0,-8.9,,,,,,,,975.5,,7.5,,0,0,0,0,0,0,0,,,,
KLO,2012,2,11,1,-9.1,,,,,,,,975.1,,7.2,,0,0,0,0,0,0,0,,,,
KLO,2012,2,11,2,-9.4,,,,,,,,974.6,,6.7,,0,0,0,0,0,0,0,,,,
KLO,2012,2,11,3,-9.7,,,,,,,,974.2,,7.2,,0,0,0,0,0,0,0,,,,
KLO,2012,2,11,4,-9.9,,,,,,,,974,,5.9,,0,0,0,0,0,0,0,,,,
KLO,2012,2,11,5,-10.1,,,,,,,,973.9,,4.7,,0,0,0,0,0,0,0,,,,
KLO,2012,2,11,6,-10,,,,,,,,973.9,,5.8,,0,0,0,0,0,0,0,,,,
KLO,2012,2,11,7,-9.9,,,,,,,,973.8,,5.7,,20,0,0,0,0,0,0,,,,
KLO,2012,2,11,8,-9.7,,,,,,,,973.8,,6,,99,0,0,0,0,0,0,,,,
KLO,2012,2,11,9,-9.5,,,,,,,,973.7,,6.2,,188,694.5,51.5,0,0,0,0,,,,
KLO,2012,2,11,10,-9.1,,,,,,,,973.6,,6.2,,236,283.5,144.6,0,0,0,0,,,,
KLO,2012,2,11,11,-8.8,,,,,,,,973.5,,6.5,,242,108.2,197.2,0,0,0,0,,,,
KLO,2012,2,11,12,-8.5,,,,,,,,973.1,,6.8,,250,72.6,216.2,0,0,0,0,,,,
KLO,2012,2,11,13,-8.6,,,,,,,,973.1,,5.5,,149,6.5,145.9,0,0,0,0,,,,
KLO,2012,2,11,14,-8.5,,,,,,,,973.3,,4.4,,95,3,93.7,0,0,0,0,,,,
KLO,2012,2,11,15,-8.5,,,,,,,,973.7,,5.8,,53,1.4,52.5,0,0,0,0,,,,
KLO,2012,2,11,16,-8.8,,,,,,,,974.2,,5.7,,14,0.2,13.9,0,0,0,0,,,,
KLO,2012,2,11,17,-9.1,,,,,,,,974.9,,5.6,,0,0,0,0,0,0,0,,,,
KLO,2012,2,11,18,-9.1,,,,,,,,975.4,,6.4,,0,0,0,0,0,0,0,,,,
KLO,2012,2,11,19,-9.1,,,,,,,,975.5,,6.6,,0,0,0,0,0,0,0,,,,
KLO,2012,2,11,20,-9.1,,,,,,,,975.6,,4.5,,0,0,0,0,0,0,0,,,,
KLO,2012,2,11,21,-9.1,,,,,,,,975.7,,5.2,,0,0,0,0,0,0,0,,,,
KLO,2012,2,11,22,-9.8,,,,,,,,975.8,,5.8,,0,0,0,0,0,0,0,,,,
KLO,2012,2,11,23,-10.6,,,,,,,,975.9,,5,,0,0,0,0,0,0,0,,,,
KLO,2012,2,12,0,-11.2,,,,,,,,975.8,,3.6,,0,0,0,0,0,0,0,,,,
KLO,2012,2,12,1,-12.2,,,,,,,,975.5,,2.8,,0,0,0,0,0,0,0,,,,
KLO,2012,2,12,2,-13.5,,,,,,,,975.3,,2.7,,0,0,0,0,0,0,0,,,,
KLO,2012,2,12,3,-13.9,,,,,,,,975.2,,3.3,,0,0,0,0,0,0,0,,,,
KLO,2012,2,12,4,-13.2,,,,,,,,975.4,,4.2,,0,0,0,0,0,0,0,,,,
KLO,2012,2,12,5,-14.1,,,,,,,,975.6,,1.9,,0,0,0,0,0,0,0,,,,
KLO,2012,2,12,6,-14.9,,,,,,,,975.9,,1.8,,0,0,0,0,0,0,0,,,,
KLO,2012,2,12,7,-13.5,,,,,,,,976.1,,2.3,,34,0,0,0,0,0,0,,,,
KLO,2012,2,12,8,-12,,,,,,,,976.1,,3.4,,142,0,0,0,0,0,0,,,,
KLO,2012,2,12,9,-11.2,,,,,,,,976.4,,5.7,,353,1465.5,58.2,0,0,0,0,,,,
KLO,2012,2,12,10,-10.7,,,,,,,,976.6,,4.6,,387,987.9,63.9,0,0,0,0,,,,
KLO,2012,2,12,11,-9.7,,,,,,,,976.4,,3.2,,498,992,82.2,0,0,0,0,,,,
KLO,2012,2,12,12,-8.8,,,,,,,,975.9,,1.8,,469,768,107.4,0,0,0,0,,,,
KLO,2012,2,12,13,-7.5,,,,,,,,975.3,,1.8,,416,524.5,165,0,0,0,0,,,,
KLO,2012,2,12,14,-7.1,,,,,,,,975,,2.9,,314,252.2,202.6,0,0,0,0,,,,
KLO,2012,2,12,15,-7.3,,,,,,,,974.9,,2.6,,180,49.3,162.1,0,0,0,0,,,,
KLO,2012,2,12,16,-8.2,,,,,,,,975.2,,2.5,,46,2.2,45.5,0,0,0,0,,,,
KLO,2012,2,12,17,-9.1,,,,,,,,975.7,,1.2,,0,0,0,0,0,0,0,,,,
KLO,2012,2,12,18,-9.8,,,,,,,,975.7,,0.8,,0,0,0,0,0,0,0,,,,
KLO,2012,2,12,19,-11.3,,,,,,,,975.6,,1.7,,0,0,0,0,0,0,0,,,,
KLO,2012,2,12,20,-13.1,,,,,,,,975.9,,1.4,,0,0,0,0,0,0,0,,,,
KLO,2012,2,12,21,-14,,,,,,,,976,,0.8,,0,0,0,0,0,0,0,,,,
KLO,2012,2,12,22,-14.6,,,,,,,,976.1,,0.8,,0,0,0,0,0,0,0,,,,
KLO,2012,2,12,23,-15.3,,,,,,,,976,,0.5,,0,0,0,0,0,0,0,,,,
KLO,2012,2,13,0,-16.2,,,,,,,,976.2,,0.7,,0,0,0,0,0,0,0,,,,
KLO,2012,2,13,1,-16.8,,,,,,,,976,,0.7,,0,0,0,0,0,0,0,,,,
KLO,2012,2,13,2,-17.3,,,,,,,,975.8,,0.8,,0,0,0,0,0,0,0,,,,
KLO,2012,2,13,3,-17.5,,,,,,,,975.4,,0.6,,0,0,0,0,0,0,0,,,,
KLO,2012,2,13,4,-17.9,,,,,,,,975.4,,1.2,,0,0,0,0,0,0,0,,,,
KLO,2012,2,13,5,-17.3,,,,,,,,975.2,,0.5,,0,0,0,0,0,0,0,,,,
KLO,2012,2,13,6,-15.6,,,,,,,,974.9,,0.7,,1,0,0,0,0,0,0,,,,
KLO,2012,2,13,7,-14.2,,,,,,,,975,,1,,29,0,0,0,0,0,0,,,,
KLO,2012,2,13,8,-12.9,,,,,,,,975,,0.6,,88,1309.9,14.5,0,0,0,0,,,,
KLO,2012,2,13,9,-11.5,,,,,,,,974.8,,0.4,,139,204.9,96.8,0,0,0,0,,,,
KLO,2012,2,13,10,-9.8,,,,,,,,974.6,,0.5,,172,61.4,151.6,0,0,0,0,,,,
KLO,2012,2,13,11,-8.4,,,,,,,,974,,0.7,,216,56.4,192.1,0,0,0,0,,,,
KLO,2012,2,13,12,-7,,,,,,,,972.9,,1,,224,38.1,205.9,0,0,0,0,,,,
KLO,2012,2,13,13,-6.3,,,,,,,,972,,1.2,,213,27.2,199.8,0,0,0,0,,,,
KLO,2012,2,13,14,-5.1,,,,,,,,971.2,,1.9,,177,16.1,169.8,0,0,0,0,,,,
KLO,2012,2,13,15,-5,,,,,,,,970.9,,1.9,,86,3.5,84.7,0,0,0,0,,,,
KLO,2012,2,13,16,-5,,,,,,,,970.6,,2.4,,19,0.4,18.9,0,0,0,0,,,,
KLO,2012,2,13,17,-5.2,,,,,,,,970.2,,1.7,,0,0,0,0,0,0,0,,,,
KLO,2012,2,13,18,-5.4,,,,,,,,969.9,,1.6,,0,0,0,0,0,0,0,,,,
KLO,2012,2,13,19,-5.8,,,,,,,,969.5,,1.2,,0,0,0,0,0,0,0,,,,
KLO,2012,2,13,20,-5.8,,,,,,,,969.2,,0.8,,0,0,0,0,0,0,0,,,,
KLO,2012,2,13,21,-5.7,,,,,,,,968.7,,1.1,,0,0,0,0,0,0,0,,,,
KLO,2012,2,13,22,-5.7,,,,,,,,968.1,,1.1,,0,0,0,0,0,0,0,,,,
KLO,2012,2,13,23,-5.5,,,,,,,,967.6,,1.1,,0,0,0,0,0,0,0,,,,
KLO,2012,2,14,0,-5.4,,,,,,,,967.4,,1.1,,0,0,0,0,0,0,0,,,,
KLO,2012,2,14,1,-5.4,,,,,,,,967.1,,1.6,,0,0,0,0,0,0,0,,,,
KLO,2012,2,14,2,-5.2,,,,,,,,966.7,,1.5,,0,0,0,0,0,0,0,,,,
KLO,2012,2,14,3,-5.1,,,,,,,,966.4,,1.8,,0,0,0,0,0,0,0,,,,
KLO,2012,2,14,4,-4.7,,,,,,,,966.3,,1.9,,0,0,0,0,0,0,0,,,,
KLO,2012,2,14,5,-4.8,,,,,,,,966.2,,2.1,,0,0,0,0,0,0,0,,,,
KLO,2012,2,14,6,-4.4,,,,,,,,966.3,,2,,0,0,0,0,0,0,0,,,,
KLO,2012,2,14,7,-4.2,,,,,,,,966.4,,1.3,,19,0,0,0,0,0,0,,,,
KLO,2012,2,14,8,-3.7,,,,,,,,966.7,,1.6,,50,369.1,27.7,0,0,0,0,,,,
KLO,2012,2,14,9,-3.1,,,,,,,,966.8,,1.4,,178,479.5,77,0,0,0,0,,,,
KLO,2012,2,14,10,-2.2,,,,,,,,967.1,,2,,257,332.7,144.9,0,0,0,0,,,,
KLO,2012,2,14,11,-1.7,,,,,,,,967.2,,1.8,,265,139.3,205.2,0,0,0,0,,,,
KLO,2012,2,14,12,-0.9,,,,,,,,966.9,,2,,266,84,225.6,0,0,0,0,,,,
KLO,2012,2,14,13,-0.5,,,,,,,,966.9,,2,,243,50.2,218.5,0,0,0,0,,,,
KLO,2012,2,14,14,-0.4,,,,,,,,966.8,,1.9,,144,6.7,141,0,0,0,0,,,,
KLO,2012,2,14,15,-0.2,,,,,,,,966.5,,2,,103,4.9,101.2,0,0,0,0,,,,
KLO,2012,2,14,16,-0.5,,,,,,,,966.5,,1.5,,29,0.8,28.8,0,0,0,0,,,,
KLO,2012,2,14,17,-0.5,,,,,,,,967,,1.2,,0,0,0,0,0,0,0,,,,
KLO,2012,2,14,18,-0.7,,,,,,,,967.3,,1.5,,0,0,0,0,0,0,0,,,,
KLO,2012,2,14,19,-0.5,,,,,,,,967.4,,2.3,,0,0,0,0,0,0,0,,,,
KLO,2012,2,14,20,-0.7,,,,,,,,967.2,,2.7,,0,0,0,0,0,0,0,,,,
KLO,2012,2,14,21,-0.8,,,,,,,,967.1,,3.1,,0,0,0,0,0,0,0,,,,
KLO,2012,2,14,22,-0.6,,,,,,,,967,,3.6,,0,0,0,0,0,0,0,,,,
KLO,2012,2,14,23,-0.5,,,,,,,,966.7,,3,,0,0,0,0,0,0,0,,,,
KLO,2012,2,15,0,-0.4,,,,,,,,966.5,,2.4,,0,0,0,0,0,0,0,,,,
KLO,2012,2,15,1,-0.3,,,,,,,,966,,3,,0,0,0,0,0,0,0,,,,
KLO,2012,2,15,2,0,,,,,,,,965.6,,4,,0,0,0,0,0,0,0,,,,
KLO,2012,2,15,3,0.2,,,,,,,,965,,6.5,,0,0,0,0,0,0,0,,,,
KLO,2012,2,15,4,0.3,,,,,,,,964.5,,6.4,,0,0,0,0,0,0,0,,,,
KLO,2012,2,15,5,0.4,,,,,,,,964.3,,7.5,,0,0,0,0,0,0,0,,,,
KLO,2012,2,15,6,0.3,,,,,,,,963.8,,7.1,,0,0,0,0,0,0,0,,,,
KLO,2012,2,15,7,0.6,,,,,,,,963.9,,7.9,,10,0,0,0,0,0,0,,,,
KLO,2012,2,15,8,0.7,,,,,,,,963.9,,7.9,,38,109.2,30.9,0,0,0,0,,,,
KLO,2012,2,15,9,0.8,,,,,,,,964.1,,6.6,,56,4.3,55.1,0,0,0,0,,,,
KLO,2012,2,15,10,1.2,,,,,,,,964.3,,5,,70,2.7,69.1,0,0,0,0,,,,
KLO,2012,2,15,11,1.5,,,,,,,,964.4,,4.9,,112,4.3,110.1,0,0,0,0,,,,
KLO,2012,2,15,12,1.5,,,,,,,,964.4,,5,,114,3.5,112.3,0,0,0,0,,,,
KLO,2012,2,15,13,1.7,,,,,,,,964.3,,4.4,,117,3.6,115.2,0,0,0,0,,,,
KLO,2012,2,15,14,1.8,,,,,,,,964.3,,4.4,,85,2.2,84,0,0,0,0,,,,
KLO,2012,2,15,15,1.5,,,,,,,,964.4,,4.6,,49,1.1,48.6,0,0,0,0,,,,
KLO,2012,2,15,16,1.7,,,,,,,,965.1,,5,,18,0.3,17.9,0,0,0,0,,,,
KLO,2012,2,15,17,2,,,,,,,,966.3,,4,,0,0,0,0,0,0,0,,,,
KLO,2012,2,15,18,1.9,,,,,,,,967.1,,3.5,,0,0,0,0,0,0,0,,,,
KLO,2012,2,15,19,1.9,,,,,,,,967.4,,4.1,,0,0,0,0,0,0,0,,,,
KLO,2012,2,15,20,1.8,,,,,,,,967.8,,4.5,,0,0,0,0,0,0,0,,,,
KLO,2012,2,15,21,1.7,,,,,,,,968.1,,3.3,,0,0,0,0,0,0,0,,,,
KLO,2012,2,15,22,1.6,,,,,,,,968.4,,2.8,,0,0,0,0,0,0,0,,,,
KLO,2012,2,15,23,1.5,,,,,,,,968.7,,2.9,,0,0,0,0,0,0,0,,,,
KLO,2012,2,16,0,1.5,,,,,,,,969,,2.7,,0,0,0,0,0,0,0,,,,
KLO,2012,2,16,1,1.6,,,,,,,,969.3,,4,,0,0,0,0,0,0,0,,,,
KLO,2012,2,16,2,1.7,,,,,,,,969.5,,3.7,,0,0,0,0,0,0,0,,,,
KLO,2012,2,16,3,1.7,,,,,,,,969.8,,1.4,,0,0,0,0,0,0,0,,,,
KLO,2012,2,16,4,1.4,,,,,,,,970.1,,1.6,,0,0,0,0,0,0,0,,,,
KLO,2012,2,16,5,1.2,,,,,,,,970.8,,1,,0,0,0,0,0,0,0,,,,
KLO,2012,2,16,6,1.2,,,,,,,,971.2,,1.1,,0,0,0,0,0,0,0,,,,
KLO,2012,2,16,7,1.4,,,,,,,,971.9,,1.3,,31,0,0,0,0,0,0,,,,
KLO,2012,2,16,8,1.5,,,,,,,,972.6,,1.1,,96,1152.8,15.8,0,0,0,0,,,,
KLO,2012,2,16,9,2.3,,,,,,,,973.1,,0.7,,186,478.4,80.6,0,0,0,0,,,,
KLO,2012,2,16,10,3,,,,,,,,973.6,,0.8,,343,756,80.7,0,0,0,0,,,,
KLO,2012,2,16,11,3.1,,,,,,,,973.9,,1.5,,303,223.9,204.6,0,0,0,0,,,,
KLO,2012,2,16,12,3.2,,,,,,,,973.8,,1.9,,271,83.2,230.1,0,0,0,0,,,,
KLO,2012,2,16,13,2.9,,,,,,,,973.6,,1.4,,141,5.1,138.4,0,0,0,0,,,,
KLO,2012,2,16,14,2.8,,,,,,,,973.6,,1.9,,45,0.6,44.7,0,0,0,0,,,,
KLO,2012,2,16,15,2.6,,,,,,,,974,,1.5,,48,1,47.6,0,0,0,0,,,,
KLO,2012,2,16,16,2.1,,,,,,,,974.5,,0.6,,24,0.5,23.9,0,0,0,0,,,,
KLO,2012,2,16,17,1.1,,,,,,,,974.7,,1.2,,1,0,1,0,0,0,0,,,,
KLO,2012,2,16,18,-0.5,,,,,,,,975.2,,1,,0,0,0,0,0,0,0,,,,
KLO,2012,2,16,19,-1.9,,,,,,,,975.4,,0.7,,0,0,0,0,0,0,0,,,,
KLO,2012,2,16,20,-2.5,,,,,,,,975.6,,1.4,,0,0,0,0,0,0,0,,,,
KLO,2012,2,16,21,-3,,,,,,,,975.8,,1.1,,0,0,0,0,0,0,0,,,,
KLO,2012,2,16,22,-3,,,,,,,,975.8,,1.1,,0,0,0,0,0,0,0,,,,
KLO,2012,2,16,23,-2.3,,,,,,,,975.7,,2.1,,0,0,0,0,0,0,0,,,,
KLO,2012,2,17,0,-1.5,,,,,,,,975.7,,1.7,,0,0,0,0,0,0,0,,,,
KLO,2012,2,17,1,-1.3,,,,,,,,975.5,,2,,0,0,0,0,0,0,0,,,,
KLO,2012,2,17,2,-1,,,,,,,,975.3,,1.4,,0,0,0,0,0,0,0,,,,
KLO,2012,2,17,3,-1.2,,,,,,,,975.1,,1.1,,0,0,0,0,0,0,0,,,,
KLO,2012,2,17,4,-1.6,,,,,,,,975.1,,1.3,,0,0,0,0,0,0,0,,,,
KLO,2012,2,17,5,-1.5,,,,,,,,975.3,,1.3,,0,0,0,0,0,0,0,,,,
KLO,2012,2,17,6,-1,,,,,,,,975.7,,1.9,,0,0,0,0,0,0,0,,,,
KLO,2012,2,17,7,-0.4,,,,,,,,976.1,,2,,19,0,0,0,0,0,0,,,,
KLO,2012,2,17,8,-0.1,,,,,,,,976,,2.8,,84,945.4,13.9,0,0,0,0,,,,
KLO,2012,2,17,9,0.8,,,,,,,,976.1,,1.5,,159,246.7,103.4,0,0,0,0,,,,
KLO,2012,2,17,10,1.6,,,,,,,,976,,0.8,,246,236.7,162.6,0,0,0,0,,,,
KLO,2012,2,17,11,2.4,,,,,,,,975.9,,0.9,,341,340.4,189.6,0,0,0,0,,,,
KLO,2012,2,17,12,3.5,,,,,,,,975.4,,1.7,,345,231.3,230.1,0,0,0,0,,,,
KLO,2012,2,17,13,4.3,,,,,,,,975,,2.4,,287,96.6,238.3,0,0,0,0,,,,
KLO,2012,2,17,14,4.5,,,,,,,,974.8,,2.4,,241,60.5,212.7,0,0,0,0,,,,
KLO,2012,2,17,15,4.7,,,,,,,,974.8,,2,,198,57.5,175.7,0,0,0,0,,,,
KLO,2012,2,17,16,3.7,,,,,,,,974.7,,2,,43,1.6,42.6,0,0,0,0,,,,
KLO,2012,2,17,17,3.1,,,,,,,,974.9,,2.1,,0,0,0,0,0,0,0,,,,
KLO,2012,2,17,18,2.7,,,,,,,,974.8,,2.3,,0,0,0,0,0,0,0,,,,
KLO,2012,2,17,19,2,,,,,,,,974.5,,0.8,,0,0,0,0,0,0,0,,,,
KLO,2012,2,17,20,0.7,,,,,,,,974.3,,1.6,,0,0,0,0,0,0,0,,,,
KLO,2012,2,17,21,0.1,,,,,,,,974.2,,2.4,,0,0,0,0,0,0,0,,,,
KLO,2012,2,17,22,-0.2,,,,,,,,974.2,,2.4,,0,0,0,0,0,0,0,,,,
KLO,2012,2,17,23,0.1,,,,,,,,974.1,,2.5,,0,0,0,0,0,0,0,,,,
KLO,2012,2,18,0,0.4,,,,,,,,973.8,,2.4,,0,0,0,0,0,0,0,,,,
KLO,2012,2,18,1,0.5,,,,,,,,973.3,,2.4,,0,0,0,0,0,0,0,,,,
KLO,2012,2,18,2,0.4,,,,,,,,972.9,,1.5,,0,0,0,0,0,0,0,,,,
KLO,2012,2,18,3,0.2,,,,,,,,972.3,,1.7,,0,0,0,0,0,0,0,,,,
KLO,2012,2,18,4,0.3,,,,,,,,972,,1.9,,0,0,0,0,0,0,0,,,,
KLO,2012,2,18,5,0.5,,,,,,,,971.7,,2,,0,0,0,0,0,0,0,,,,
KLO,2012,2,18,6,0.5,,,,,,,,971.4,,2.1,,1,0,0,0,0,0,0,,,,
KLO,2012,2,18,7,0.6,,,,,,,,971.4,,2.5,,30,0,0,0,0,0,0,,,,
KLO,2012,2,18,8,1,,,,,,,,971.3,,2.3,,86,908,14.3,0,0,0,0,,,,
KLO,2012,2,18,9,2,,,,,,,,971.3,,1.6,,174,322.3,99.8,0,0,0,0,,,,
KLO,2012,2,18,10,3,,,,,,,,971.2,,0.5,,285,393.8,144.3,0,0,0,0,,,,
KLO,2012,2,18,11,3.7,,,,,,,,970.7,,1.1,,400,565.5,145.5,0,0,0,0,,,,
KLO,2012,2,18,12,5,,,,,,,,969.8,,1,,528,860.8,95.9,0,0,0,0,,,,
KLO,2012,2,18,13,6.2,,,,,,,,969.1,,1.1,,480,669.5,138.9,0,0,0,0,,,,
KLO,2012,2,18,14,6.5,,,,,,,,968.6,,1.1,,306,173,224.3,0,0,0,0,,,,
KLO,2012,2,18,15,6.5,,,,,,,,967.9,,1.6,,200,56.9,177.7,0,0,0,0,,,,
KLO,2012,2,18,16,5.2,,,,,,,,967.4,,2,,70,4.1,68.9,0,0,0,0,,,,
KLO,2012,2,18,17,3.9,,,,,,,,967.3,,2,,2,0,2,0,0,0,0,,,,
KLO,2012,2,18,18,2.3,,,,,,,,967.3,,1.2,,0,0,0,0,0,0,0,,,,
KLO,2012,2,18,19,1.1,,,,,,,,967,,1.4,,0,0,0,0,0,0,0,,,,
KLO,2012,2,18,20,0.7,,,,,,,,966.8,,1.5,,0,0,0,0,0,0,0,,,,
KLO,2012,2,18,21,0.5,,,,,,,,966.4,,2.2,,0,0,0,0,0,0,0,,,,
KLO,2012,2,18,22,1.1,,,,,,,,965.9,,2,,0,0,0,0,0,0,0,,,,
KLO,2012,2,18,23,1,,,,,,,,965.6,,2.3,,0,0,0,0,0,0,0,,,,
KLO,2012,2,19,0,1,,,,,,,,965.2,,2.3,,0,0,0,0,0,0,0,,,,
KLO,2012,2,19,1,1.4,,,,,,,,964.8,,1.1,,0,0,0,0,0,0,0,,,,
KLO,2012,2,19,2,1.8,,,,,,,,964.5,,1.2,,0,0,0,0,0,0,0,,,,
KLO,2012,2,19,3,2.1,,,,,,,,964.5,,3.4,,0,0,0,0,0,0,0,,,,
KLO,2012,2,19,4,2.2,,,,,,,,964.8,,0.9,,0,0,0,0,0,0,0,,,,
KLO,2012,2,19,5,2.6,,,,,,,,964.9,,2.2,,0,0,0,0,0,0,0,,,,
KLO,2012,2,19,6,2.9,,,,,,,,965.2,,3.7,,0,0,0,0,0,0,0,,,,
KLO,2012,2,19,7,3.2,,,,,,,,965.8,,2.3,,7,0,0,0,0,0,0,,,,
KLO,2012,2,19,8,3.6,,,,,,,,966.3,,1.8,,35,21.1,33.2,0,0,0,0,,,,
KLO,2012,2,19,9,3.8,,,,,,,,966.7,,2.8,,73,6.3,71.5,0,0,0,0,,,,
KLO,2012,2,19,10,3.8,,,,,,,,967.7,,2.8,,95,4.4,93.4,0,0,0,0,,,,
KLO,2012,2,19,11,3.5,,,,,,,,968.6,,3.8,,144,6.6,141,0,0,0,0,,,,
KLO,2012,2,19,12,3.2,,,,,,,,969.1,,3.4,,172,8.3,167.8,0,0,0,0,,,,
KLO,2012,2,19,13,3.5,,,,,,,,969.6,,4.2,,263,57.9,233.2,0,0,0,0,,,,
KLO,2012,2,19,14,3.4,,,,,,,,970.2,,3.4,,183,13.9,176.4,0,0,0,0,,,,
KLO,2012,2,19,15,3.1,,,,,,,,970.9,,3,,88,3.1,86.7,0,0,0,0,,,,
KLO,2012,2,19,16,2.5,,,,,,,,971.6,,2.8,,16,0.2,15.9,0,0,0,0,,,,
KLO,2012,2,19,17,1.9,,,,,,,,972.6,,1.8,,0,0,0,0,0,0,0,,,,
KLO,2012,2,19,18,1.7,,,,,,,,973.7,,1,,0,0,0,0,0,0,0,,,,
KLO,2012,2,19,19,1.2,,,,,,,,974.5,,0.8,,0,0,0,0,0,0,0,,,,
KLO,2012,2,19,20,0.4,,,,,,,,975.2,,1.1,,0,0,0,0,0,0,0,,,,
KLO,2012,2,19,21,0,,,,,,,,975.9,,1.8,,0,0,0,0,0,0,0,,,,
KLO,2012,2,19,22,-0.3,,,,,,,,976.4,,0.8,,0,0,0,0,0,0,0,,,,
KLO,2012,2,19,23,-1.2,,,,,,,,976.8,,1,,0,0,0,0,0,0,0,,,,
KLO,2012,2,20,0,-2.2,,,,,,,,977.3,,1.3,,0,0,0,0,0,0,0,,,,
KLO,2012,2,20,1,-1.3,,,,,,,,977.6,,3,,0,0,0,0,0,0,0,,,,
KLO,2012,2,20,2,-1.3,,,,,,,,977.7,,1.7,,0,0,0,0,0,0,0,,,,
KLO,2012,2,20,3,-1.9,,,,,,,,977.9,,1.9,,0,0,0,0,0,0,0,,,,
KLO,2012,2,20,4,-1.7,,,,,,,,978.3,,2.8,,0,0,0,0,0,0,0,,,,
KLO,2012,2,20,5,-1.6,,,,,,,,978.8,,3,,0,0,0,0,0,0,0,,,,
KLO,2012,2,20,6,-1.1,,,,,,,,979.2,,2.6,,2,0,0,0,0,0,0,,,,
KLO,2012,2,20,7,-0.3,,,,,,,,979.6,,2.1,,87,0,0,0,0,0,0,,,,
KLO,2012,2,20,8,0.5,,,,,,,,980.1,,3.5,,255,2401.8,42.1,0,0,0,0,,,,
KLO,2012,2,20,9,1.2,,,,,,,,980.5,,6.6,,379,1315.3,62.5,0,0,0,0,,,,
KLO,2012,2,20,10,1.8,,,,,,,,980.7,,6.1,,451,1023.7,74.4,0,0,0,0,,,,
KLO,2012,2,20,11,2.4,,,,,,,,980.9,,6.4,,535,969.7,88.3,0,0,0,0,,,,
KLO,2012,2,20,12,2,,,,,,,,980.6,,5.4,,293,99.1,242.2,0,0,0,0,,,,
KLO,2012,2,20,13,1.9,,,,,,,,980.3,,6.2,,261,53.1,233.4,0,0,0,0,,,,
KLO,2012,2,20,14,2,,,,,,,,980.3,,6.5,,202,21.3,191.7,0,0,0,0,,,,
KLO,2012,2,20,15,2.5,,,,,,,,980.1,,5.8,,255,157.1,191.7,0,0,0,0,,,,
KLO,2012,2,20,16,1.7,,,,,,,,980,,4.9,,57,2.6,56.3,0,0,0,0,,,,
KLO,2012,2,20,17,0.7,,,,,,,,980.1,,5,,2,0,2,0,0,0,0,,,,
KLO,2012,2,20,18,0.2,,,,,,,,980.1,,6.9,,0,0,0,0,0,0,0,,,,
KLO,2012,2,20,19,0,,,,,,,,979.9,,7.4,,0,0,0,0,0,0,0,,,,
KLO,2012,2,20,20,-0.6,,,,,,,,980.1,,3.9,,0,0,0,0,0,0,0,,,,
KLO,2012,2,20,21,-2.2,,,,,,,,980.3,,0.9,,0,0,0,0,0,0,0,,,,
KLO,2012,2,20,22,-2.8,,,,,,,,980.3,,2,,0,0,0,0,0,0,0,,,,
KLO,2012,2,20,23,-3.7,,,,,,,,980.1,,2,,0,0,0,0,0,0,0,,,,
KLO,2012,2,21,0,-4.2,,,,,,,,980.1,,1.3,,0,0,0,0,0,0,0,,,,
KLO,2012,2,21,1,-4.9,,,,,,,,979.9,,1.7,,0,0,0,0,0,0,0,,,,
KLO,2012,2,21,2,-4.5,,,,,,,,979.8,,1.3,,0,0,0,0,0,0,0,,,,
KLO,2012,2,21,3,-5.4,,,,,,,,979.6,,0.5,,0,0,0,0,0,0,0,,,,
KLO,2012,2,21,4,-6.4,,,,,,,,979.6,,0.9,,0,0,0,0,0,0,0,,,,
KLO,2012,2,21,5,-6.4,,,,,,,,979.6,,1.3,,0,0,0,0,0,0,0,,,,
KLO,2012,2,21,6,-6.6,,,,,,,,979.8,,1.4,,2,0,0,0,0,0,0,,,,
KLO,2012,2,21,7,-5.4,,,,,,,,980.5,,0.4,,76,0,0,0,0,0,0,,,,
KLO,2012,2,21,8,-3.8,,,,,,,,980.8,,0.5,,215,1917.5,35.5,0,0,0,0,,,,
KLO,2012,2,21,9,-2.3,,,,,,,,980.9,,0.6,,373,1267,61.5,0,0,0,0,,,,
KLO,2012,2,21,10,-1,,,,,,,,981.1,,0.7,,461,1031.5,76.1,0,0,0,0,,,,
KLO,2012,2,21,11,0.2,,,,,,,,980.8,,0.6,,559,1001.5,92.2,0,0,0,0,,,,
KLO,2012,2,21,12,1.2,,,,,,,,980.4,,1,,550,875.2,96.6,0,0,0,0,,,,
KLO,2012,2,21,13,2.3,,,,,,,,980,,0.9,,490,652.8,147,0,0,0,0,,,,
KLO,2012,2,21,14,3,,,,,,,,979.9,,1.4,,385,380.5,199.4,0,0,0,0,,,,
KLO,2012,2,21,15,3.3,,,,,,,,979.7,,0.6,,244,122.5,194.1,0,0,0,0,,,,
KLO,2012,2,21,16,2.5,,,,,,,,979.8,,2.3,,85,5.5,83.4,0,0,0,0,,,,
KLO,2012,2,21,17,1.3,,,,,,,,980.3,,2.4,,3,0,3,0,0,0,0,,,,
KLO,2012,2,21,18,-0.1,,,,,,,,980.7,,1.7,,0,0,0,0,0,0,0,,,,
KLO,2012,2,21,19,-2.5,,,,,,,,980.9,,1.3,,0,0,0,0,0,0,0,,,,
KLO,2012,2,21,20,-2.8,,,,,,,,980.9,,1.3,,0,0,0,0,0,0,0,,,,
KLO,2012,2,21,21,-3.4,,,,,,,,981.1,,1.7,,0,0,0,0,0,0,0,,,,
KLO,2012,2,21,22,-2.8,,,,,,,,981.2,,0.6,,0,0,0,0,0,0,0,,,,
KLO,2012,2,21,23,-4.1,,,,,,,,981,,1.9,,0,0,0,0,0,0,0,,,,
KLO,2012,2,22,0,-4.2,,,,,,,,980.9,,2.3,,0,0,0,0,0,0,0,,,,
KLO,2012,2,22,1,-4.3,,,,,,,,980.6,,2.4,,0,0,0,0,0,0,0,,,,
KLO,2012,2,22,2,-4.8,,,,,,,,980.2,,2.2,,0,0,0,0,0,0,0,,,,
KLO,2012,2,22,3,-5.3,,,,,,,,979.9,,2.4,,0,0,0,0,0,0,0,,,,
KLO,2012,2,22,4,-5.8,,,,,,,,980,,0.9,,0,0,0,0,0,0,0,,,,
KLO,2012,2,22,5,-5.5,,,,,,,,980.1,,0.6,,0,0,0,0,0,0,0,,,,
KLO,2012,2,22,6,-5.7,,,,,,,,980.2,,1.1,,3,0,0,0,0,0,0,,,,
KLO,2012,2,22,7,-4.1,,,,,,,,980.4,,1.5,,85,0,0,0,0,0,0,,,,
KLO,2012,2,22,8,-2.9,,,,,,,,980.2,,0.9,,237,2005.7,39.1,0,0,0,0,,,,
KLO,2012,2,22,9,-0.8,,,,,,,,980.1,,1,,382,1270.3,63,0,0,0,0,,,,
KLO,2012,2,22,10,0.7,,,,,,,,979.9,,0.9,,485,1069.7,80,0,0,0,0,,,,
KLO,2012,2,22,11,2.3,,,,,,,,979.5,,0.8,,546,966.9,90.1,0,0,0,0,,,,
KLO,2012,2,22,12,3.4,,,,,,,,978.5,,1.4,,553,868.4,98.5,0,0,0,0,,,,
KLO,2012,2,22,13,4.6,,,,,,,,977.6,,0.8,,502,679,141.6,0,0,0,0,,,,
KLO,2012,2,22,14,5.4,,,,,,,,977,,0.9,,400,420.4,192.8,0,0,0,0,,,,
KLO,2012,2,22,15,5.7,,,,,,,,976.7,,0.9,,254,139,196.6,0,0,0,0,,,,
KLO,2012,2,22,16,4.8,,,,,,,,976.5,,1,,87,5.6,85.4,0,0,0,0,,,,
KLO,2012,2,22,17,3.2,,,,,,,,977,,1.7,,2,0,2,0,0,0,0,,,,
KLO,2012,2,22,18,1.1,,,,,,,,977.3,,1.5,,0,0,0,0,0,0,0,,,,
KLO,2012,2,22,19,0.2,,,,,,,,977.5,,1.1,,0,0,0,0,0,0,0,,,,
KLO,2012,2,22,20,-1.5,,,,,,,,977.5,,2.8,,0,0,0,0,0,0,0,,,,
KLO,2012,2,22,21,-1,,,,,,,,977.5,,1.9,,0,0,0,0,0,0,0,,,,
KLO,2012,2,22,22,-2.6,,,,,,,,977.2,,3,,0,0,0,0,0,0,0,,,,
KLO,2012,2,22,23,-2.3,,,,,,,,977.1,,2.5,,0,0,0,0,0,0,0,,,,
KLO,2012,2,23,0,-2.2,,,,,,,,977,,2,,0,0,0,0,0,0,0,,,,
KLO,2012,2,23,1,-3.2,,,,,,,,976.9,,2.4,,0,0,0,0,0,0,0,,,,
KLO,2012,2,23,2,-3.1,,,,,,,,976.6,,3.3,,0,0,0,0,0,0,0,,,,
KLO,2012,2,23,3,-2.5,,,,,,,,976.4,,2.6,,0,0,0,0,0,0,0,,,,
KLO,2012,2,23,4,-2,,,,,,,,976.4,,3,,0,0,0,0,0,0,0,,,,
KLO,2012,2,23,5,-1.7,,,,,,,,976.4,,2.1,,0,0,0,0,0,0,0,,,,
KLO,2012,2,23,6,-0.4,,,,,,,,976.7,,2.1,,0,0,0,0,0,0,0,,,,
KLO,2012,2,23,7,0.2,,,,,,,,977.1,,2.2,,20,0,0,0,0,0,0,,,,
KLO,2012,2,23,8,1.1,,,,,,,,977.3,,1.4,,47,31.9,43.7,0,0,0,0,,,,
KLO,2012,2,23,9,2.3,,,,,,,,977.1,,1.5,,120,37.7,110.3,0,0,0,0,,,,
KLO,2012,2,23,10,3.7,,,,,,,,977.4,,2.5,,175,33,162.3,0,0,0,0,,,,
KLO,2012,2,23,11,4.4,,,,,,,,977.1,,2.1,,173,10.9,167.8,0,0,0,0,,,,
KLO,2012,2,23,12,5.2,,,,,,,,976.8,,1.6,,211,16.9,202,0,0,0,0,,,,
KLO,2012,2,23,13,5.9,,,,,,,,976.5,,3.3,,158,5.6,155,0,0,0,0,,,,
KLO,2012,2,23,14,5.9,,,,,,,,976.7,,2.3,,84,1.8,83.1,0,0,0,0,,,,
KLO,2012,2,23,15,5.9,,,,,,,,976.8,,1.9,,46,0.8,45.7,0,0,0,0,,,,
KLO,2012,2,23,16,5.8,,,,,,,,977.2,,1.2,,20,0.3,19.9,0,0,0,0,,,,
KLO,2012,2,23,17,5.5,,,,,,,,977.5,,1.1,,1,0,1,0,0,0,0,,,,
KLO,2012,2,23,18,5,,,,,,,,978,,1.1,,0,0,0,0,0,0,0,,,,
KLO,2012,2,23,19,4.8,,,,,,,,978.2,,2,,0,0,0,0,0,0,0,,,,
KLO,2012,2,23,20,4.8,,,,,,,,978.5,,1.7,,0,0,0,0,0,0,0,,,,
KLO,2012,2,23,21,4.5,,,,,,,,978.7,,1.6,,0,0,0,0,0,0,0,,,,
KLO,2012,2,23,22,4.5,,,,,,,,978.6,,1.3,,0,0,0,0,0,0,0,,,,
KLO,2012,2,23,23,3.9,,,,,,,,978.6,,1,,0,0,0,0,0,0,0,,,,
KLO,2012,2,24,0,3.7,,,,,,,,978.6,,1.2,,0,0,0,0,0,0,0,,,,
KLO,2012,2,24,1,3.2,,,,,,,,978.5,,1.8,,0,0,0,0,0,0,0,,,,
KLO,2012,2,24,2,3.2,,,,,,,,978.5,,1.7,,0,0,0,0,0,0,0,,,,
KLO,2012,2,24,3,2.4,,,,,,,,978.5,,2.2,,0,0,0,0,0,0,0,,,,
KLO,2012,2,24,4,2.1,,,,,,,,978.7,,1.8,,0,0,0,0,0,0,0,,,,
KLO,2012,2,24,5,1.8,,,,,,,,978.5,,2.1,,0,0,0,0,0,0,0,,,,
KLO,2012,2,24,6,0.8,,,,,,,,978.7,,1.5,,4,0,0,0,0,0,0,,,,
KLO,2012,2,24,7,1.3,,,,,,,,979,,1.6,,92,0,0,0,0,0,0,,,,
KLO,2012,2,24,8,3.8,,,,,,,,979,,0.8,,249,1908.2,41.1,0,0,0,0,,,,
KLO,2012,2,24,9,6,,,,,,,,978.7,,0.6,,390,1243.8,64.4,0,0,0,0,,,,
KLO,2012,2,24,10,7.9,,,,,,,,978.6,,1,,495,1061.3,81.7,0,0,0,0,,,,
KLO,2012,2,24,11,10,,,,,,,,978.1,,1.5,,541,936.3,89.3,0,0,0,0,,,,
KLO,2012,2,24,12,11.7,,,,,,,,977.5,,2.2,,554,840.6,104.9,0,0,0,0,,,,
KLO,2012,2,24,13,13.1,,,,,,,,976.9,,2.7,,500,636.6,155.3,0,0,0,0,,,,
KLO,2012,2,24,14,13.9,,,,,,,,976.7,,2.7,,396,377.3,206,0,0,0,0,,,,
KLO,2012,2,24,15,14,,,,,,,,976.4,,2.5,,251,118.7,200.8,0,0,0,0,,,,
KLO,2012,2,24,16,12.3,,,,,,,,976.1,,2.5,,54,2,53.4,0,0,0,0,,,,
KLO,2012,2,24,17,11,,,,,,,,976.3,,2.1,,2,0,2,0,0,0,0,,,,
KLO,2012,2,24,18,9.3,,,,,,,,976.6,,1.5,,0,0,0,0,0,0,0,,,,
KLO,2012,2,24,19,7.9,,,,,,,,976.8,,1.3,,0,0,0,0,0,0,0,,,,
KLO,2012,2,24,20,7.1,,,,,,,,976.9,,1,,0,0,0,0,0,0,0,,,,
KLO,2012,2,24,21,6.2,,,,,,,,977,,1.1,,0,0,0,0,0,0,0,,,,
KLO,2012,2,24,22,6,,,,,,,,977,,0.7,,0,0,0,0,0,0,0,,,,
KLO,2012,2,24,23,4.3,,,,,,,,977,,0.9,,0,0,0,0,0,0,0,,,,
KLO,2012,2,25,0,4.2,,,,,,,,976.8,,1.2,,0,0,0,0,0,0,0,,,,
KLO,2012,2,25,1,4.4,,,,,,,,976.4,,1.1,,0,0,0,0,0,0,0,,,,
KLO,2012,2,25,2,4.3,,,,,,,,976,,1.3,,0,0,0,0,0,0,0,,,,
KLO,2012,2,25,3,4.3,,,,,,,,975.9,,1.7,,0,0,0,0,0,0,0,,,,
KLO,2012,2,25,4,4.5,,,,,,,,975.7,,1,,0,0,0,0,0,0,0,,,,
KLO,2012,2,25,5,4.7,,,,,,,,975.6,,1.3,,0,0,0,0,0,0,0,,,,
KLO,2012,2,25,6,4.5,,,,,,,,975.2,,1.1,,2,0,0,0,0,0,0,,,,
KLO,2012,2,25,7,5,,,,,,,,975.1,,0.4,,22,0,0,0,0,0,0,,,,
KLO,2012,2,25,8,5.4,,,,,,,,975.1,,0.4,,71,146.2,54.3,0,0,0,0,,,,
KLO,2012,2,25,9,5.8,,,,,,,,975,,1.4,,101,13.1,97.5,0,0,0,0,,,,
KLO,2012,2,25,10,6.2,,,,,,,,974.8,,0.5,,115,5.5,112.8,0,0,0,0,,,,
KLO,2012,2,25,11,6.6,,,,,,,,974.7,,0.6,,104,2.9,102.6,0,0,0,0,,,,
KLO,2012,2,25,12,7.3,,,,,,,,973.9,,1.6,,142,4.5,139.6,0,0,0,0,,,,
KLO,2012,2,25,13,7.8,,,,,,,,973.2,,1.7,,174,6.8,170.3,0,0,0,0,,,,
KLO,2012,2,25,14,8,,,,,,,,972.8,,2.2,,224,27.8,209.8,0,0,0,0,,,,
KLO,2012,2,25,15,7.8,,,,,,,,972.6,,2.5,,63,1.4,62.4,0,0,0,0,,,,
KLO,2012,2,25,16,7.2,,,,,,,,972.4,,2.3,,11,0.1,11,0,0,0,0,,,,
KLO,2012,2,25,17,6.9,,,,,,,,972.1,,1.5,,1,0,1,0,0,0,0,,,,
KLO,2012,2,25,18,6.8,,,,,,,,972.1,,0.7,,0,0,0,0,0,0,0,,,,
KLO,2012,2,25,19,6.2,,,,,,,,971.9,,0.8,,0,0,0,0,0,0,0,,,,
KLO,2012,2,25,20,5.9,,,,,,,,972.1,,1.2,,0,0,0,0,0,0,0,,,,
KLO,2012,2,25,21,5.8,,,,,,,,972,,2.1,,0,0,0,0,0,0,0,,,,
KLO,2012,2,25,22,6.3,,,,,,,,971.6,,1.4,,0,0,0,0,0,0,0,,,,
KLO,2012,2,25,23,6,,,,,,,,971.4,,0.6,,0,0,0,0,0,0,0,,,,
KLO,2012,2,26,0,5.9,,,,,,,,971.1,,1.2,,0,0,0,0,0,0,0,,,,
KLO,2012,2,26,1,6.1,,,,,,,,970.5,,1.4,,0,0,0,0,0,0,0,,,,
KLO,2012,2,26,2,6.2,,,,,,,,970.2,,1.2,,0,0,0,0,0,0,0,,,,
KLO,2012,2,26,3,6.1,,,,,,,,970,,2,,0,0,0,0,0,0,0,,,,
KLO,2012,2,26,4,5.6,,,,,,,,970.1,,1.3,,0,0,0,0,0,0,0,,,,
KLO,2012,2,26,5,5.6,,,,,,,,970.3,,3.2,,0,0,0,0,0,0,0,,,,
KLO,2012,2,26,6,5,,,,,,,,970.7,,3.9,,0,0,0,0,0,0,0,,,,
KLO,2012,2,26,7,4.8,,,,,,,,971.5,,4.8,,26,0,0,0,0,0,0,,,,
KLO,2012,2,26,8,4.9,,,,,,,,972.3,,5.1,,117,743.7,28.1,0,0,0,0,,,,
KLO,2012,2,26,9,5.7,,,,,,,,972.7,,4.9,,274,789.2,58.8,0,0,0,0,,,,
KLO,2012,2,26,10,5.3,,,,,,,,973.4,,5.4,,124,6.3,121.5,0,0,0,0,,,,
KLO,2012,2,26,11,5,,,,,,,,974.2,,3.8,,112,3.3,110.4,0,0,0,0,,,,
KLO,2012,2,26,12,5.6,,,,,,,,974.2,,3.1,,210,14.4,202.2,0,0,0,0,,,,
KLO,2012,2,26,13,6,,,,,,,,974.4,,2.8,,279,55.5,248.3,0,0,0,0,,,,
KLO,2012,2,26,14,5.8,,,,,,,,974.3,,1,,162,6.6,158.6,0,0,0,0,,,,
KLO,2012,2,26,15,5.8,,,,,,,,974.4,,0.9,,67,1.5,66.3,0,0,0,0,,,,
KLO,2012,2,26,16,5.6,,,,,,,,974.6,,0.4,,25,0.4,24.9,0,0,0,0,,,,
KLO,2012,2,26,17,4.5,,,,,,,,975.1,,1.2,,2,0,2,0,0,0,0,,,,
KLO,2012,2,26,18,3.9,,,,,,,,975.5,,1.9,,0,0,0,0,0,0,0,,,,
KLO,2012,2,26,19,3.3,,,,,,,,975.8,,1.5,,0,0,0,0,0,0,0,,,,
KLO,2012,2,26,20,2.5,,,,,,,,976.4,,2.1,,0,0,0,0,0,0,0,,,,
KLO,2012,2,26,21,2.7,,,,,,,,976.7,,1.9,,0,0,0,0,0,0,0,,,,
KLO,2012,2,26,22,2.9,,,,,,,,976.8,,2.7,,0,0,0,0,0,0,0,,,,
KLO,2012,2,26,23,2.5,,,,,,,,976.7,,1.6,,0,0,0,0,0,0,0,,,,
KLO,2012,2,27,0,2.6,,,,,,,,976.7,,1.2,,0,0,0,0,0,0,0,,,,
KLO,2012,2,27,1,2.3,,,,,,,,976.7,,0.9,,0,0,0,0,0,0,0,,,,
KLO,2012,2,27,2,1.8,,,,,,,,976.3,,1,,0,0,0,0,0,0,0,,,,
KLO,2012,2,27,3,-0.1,,,,,,,,976.2,,0.6,,0,0,0,0,0,0,0,,,,
KLO,2012,2,27,4,-1.1,,,,,,,,976.2,,1.1,,0,0,0,0,0,0,0,,,,
KLO,2012,2,27,5,-2.4,,,,,,,,976.2,,0.9,,0,0,0,0,0,0,0,,,,
KLO,2012,2,27,6,-1.5,,,,,,,,976.3,,1.4,,8,0,0,0,0,0,0,,,,
KLO,2012,2,27,7,-0.8,,,,,,,,976.2,,1.3,,108,0,0,0,0,0,0,,,,
KLO,2012,2,27,8,0.8,,,,,,,,976.3,,1.1,,263,1758.9,43.4,0,0,0,0,,,,
KLO,2012,2,27,9,3.1,,,,,,,,976.4,,0.3,,419,1257.5,69.1,0,0,0,0,,,,
KLO,2012,2,27,10,5.7,,,,,,,,976.5,,2.2,,551,1133,90.9,0,0,0,0,,,,
KLO,2012,2,27,11,6.2,,,,,,,,976.4,,1.8,,604,1010.6,99.7,0,0,0,0,,,,
KLO,2012,2,27,12,6.8,,,,,,,,975.6,,1,,571,841.5,107.5,0,0,0,0,,,,
KLO,2012,2,27,13,7.4,,,,,,,,974.6,,0.9,,425,337.4,236.9,0,0,0,0,,,,
KLO,2012,2,27,14,7.9,,,,,,,,974.1,,1.5,,416,405,205.8,0,0,0,0,,,,
KLO,2012,2,27,15,8,,,,,,,,973.6,,1.2,,282,171,207.1,0,0,0,0,,,,
KLO,2012,2,27,16,7.5,,,,,,,,973.9,,1.1,,105,7.5,102.6,0,0,0,0,,,,
KLO,2012,2,27,17,5.7,,,,,,,,974,,1.8,,4,0,4,0,0,0,0,,,,
KLO,2012,2,27,18,3.7,,,,,,,,974.4,,0.8,,0,0,0,0,0,0,0,,,,
KLO,2012,2,27,19,2.1,,,,,,,,974.6,,1.4,,0,0,0,0,0,0,0,,,,
KLO,2012,2,27,20,0.6,,,,,,,,975.2,,0.8,,0,0,0,0,0,0,0,,,,
KLO,2012,2,27,21,-0.1,,,,,,,,975.4,,1.7,,0,0,0,0,0,0,0,,,,
KLO,2012,2,27,22,0.4,,,,,,,,975.4,,1.9,,0,0,0,0,0,0,0,,,,
KLO,2012,2,27,23,-0.8,,,,,,,,975.3,,1,,0,0,0,0,0,0,0,,,,
KLO,2012,2,28,0,-1.8,,,,,,,,975.1,,1.3,,0,0,0,0,0,0,0,,,,
KLO,2012,2,28,1,-1.9,,,,,,,,975.2,,0.6,,0,0,0,0,0,0,0,,,,
KLO,2012,2,28,2,-2.5,,,,,,,,975.3,,1,,0,0,0,0,0,0,0,,,,
KLO,2012,2,28,3,-2.8,,,,,,,,975.2,,0.6,,0,0,0,0,0,0,0,,,,
KLO,2012,2,28,4,-3.2,,,,,,,,975,,1.7,,0,0,0,0,0,0,0,,,,
KLO,2012,2,28,5,-3.2,,,,,,,,975.2,,2,,0,0,0,0,0,0,0,,,,
KLO,2012,2,28,6,-2.9,,,,,,,,975.5,,0.9,,8,0,0,0,0,0,0,,,,
KLO,2012,2,28,7,-1.4,,,,,,,,976,,1.1,,77,0,0,0,0,0,0,,,,
KLO,2012,2,28,8,0.7,,,,,,,,976.3,,1.3,,236,1512.8,38.9,0,0,0,0,,,,
KLO,2012,2,28,9,4,,,,,,,,975.9,,1.2,,354,1041.6,58.4,0,0,0,0,,,,
KLO,2012,2,28,10,6.5,,,,,,,,975.6,,1.1,,543,1101.4,89.6,0,0,0,0,,,,
KLO,2012,2,28,11,8.4,,,,,,,,975.4,,1,,609,1007.7,100.5,0,0,0,0,,,,
KLO,2012,2,28,12,10.3,,,,,,,,974.6,,1.1,,604,905.3,100.5,0,0,0,0,,,,
KLO,2012,2,28,13,11.1,,,,,,,,974.3,,1.6,,470,467.1,207.1,0,0,0,0,,,,
KLO,2012,2,28,14,11.3,,,,,,,,974.1,,1.6,,270,61.2,237.9,0,0,0,0,,,,
KLO,2012,2,28,15,11.3,,,,,,,,973.8,,1.1,,177,17.2,169.4,0,0,0,0,,,,
KLO,2012,2,28,16,10.7,,,,,,,,973.8,,0.6,,62,2.4,61.2,0,0,0,0,,,,
KLO,2012,2,28,17,8.6,,,,,,,,974,,1.3,,4,0,4,0,0,0,0,,,,
KLO,2012,2,28,18,6.7,,,,,,,,974.5,,1.4,,0,0,0,0,0,0,0,,,,
KLO,2012,2,28,19,4.6,,,,,,,,974.8,,0.5,,0,0,0,0,0,0,0,,,,
KLO,2012,2,28,20,3.2,,,,,,,,974.8,,1.7,,0,0,0,0,0,0,0,,,,
KLO,2012,2,28,21,2.2,,,,,,,,975.1,,1.3,,0,0,0,0,0,0,0,,,,
KLO,2012,2,28,22,1.8,,,,,,,,975.1,,1.3,,0,0,0,0,0,0,0,,,,
KLO,2012,2,28,23,0.3,,,,,,,,975.1,,0.6,,0,0,0,0,0,0,0,,,,
KLO,2012,2,29,0,0,,,,,,,,975.1,,0.6,,0,0,0,0,0,0,0,,,,
KLO,2012,2,29,1,-0.4,,,,,,,,974.8,,1.1,,0,0,0,0,0,0,0,,,,
KLO,2012,2,29,2,-1.2,,,,,,,,974.6,,1.3,,0,0,0,0,0,0,0,,,,
KLO,2012,2,29,3,-1.3,,,,,,,,974.9,,1.2,,0,0,0,0,0,0,0,,,,
KLO,2012,2,29,4,-1.3,,,,,,,,975.2,,0.9,,0,0,0,0,0,0,0,,,,
KLO,2012,2,29,5,-1.4,,,,,,,,974.9,,1.4,,0,0,0,0,0,0,0,,,,
KLO,2012,2,29,6,-1.3,,,,,,,,974.9,,1.3,,10,0,0,0,0,0,0,,,,
KLO,2012,2,29,7,0.3,,,,,,,,975,,0.8,,119,0,0,0,0,0,0,,,,
KLO,2012,2,29,8,3.3,,,,,,,,974.7,,0.6,,280,1722.6,46.2,0,0,0,0,,,,
KLO,2012,2,29,9,6.5,,,,,,,,974.1,,0.7,,423,1220.6,69.8,0,0,0,0,,,,
KLO,2012,2,29,10,9.9,,,,,,,,973.9,,2.4,,527,1054.5,87,0,0,0,0,,,,
KLO,2012,2,29,11,12,,,,,,,,973.4,,3.4,,577,944.3,95.2,0,0,0,0,,,,
KLO,2012,2,29,12,13.3,,,,,,,,972.6,,4.8,,566,795.5,119.2,0,0,0,0,,,,
KLO,2012,2,29,13,14.3,,,,,,,,972.2,,4.9,,522,629.9,164,0,0,0,0,,,,
KLO,2012,2,29,14,14.7,,,,,,,,971.8,,4.8,,421,394.8,212,0,0,0,0,,,,
KLO,2012,2,29,15,14.6,,,,,,,,971.8,,4.5,,276,141.5,212.6,0,0,0,0,,,,
KLO,2012,2,29,16,14,,,,,,,,972,,3.7,,109,7.7,106.5,0,0,0,0,,,,
KLO,2012,2,29,17,12.4,,,,,,,,972.3,,2,,9,0.2,9,0,0,0,0,,,,
KLO,2012,2,29,18,11.1,,,,,,,,972.6,,3,,0,0,0,0,0,0,0,,,,
KLO,2012,2,29,19,10.8,,,,,,,,972.6,,3.1,,0,0,0,0,0,0,0,,,,
KLO,2012,2,29,20,8.2,,,,,,,,972.6,,1.9,,0,0,0,0,0,0,0,,,,
KLO,2012,2,29,21,7.5,,,,,,,,972.6,,2.6,,0,0,0,0,0,0,0,,,,
KLO,2012,2,29,22,5.7,,,,,,,,972.6,,3.5,,0,0,0,0,0,0,0,,,,
KLO,2012,2,29,23,4.8,,,,,,,,972.3,,3,,0,0,0,0,0,0,0,,,,
KLO,2012,3,1,0,4.4,,,,,,,,972.3,,2.2,,0,0,0,0,0,0,0,,,,
KLO,2012,3,1,1,4.4,,,,,,,,972.1,,2,,0,0,0,0,0,0,0,,,,
KLO,2012,3,1,2,4.9,,,,,,,,971.9,,3.7,,0,0,0,0,0,0,0,,,,
KLO,2012,3,1,3,5.4,,,,,,,,972,,0.8,,0,0,0,0,0,0,0,,,,
KLO,2012,3,1,4,5.4,,,,,,,,972.1,,1.8,,0,0,0,0,0,0,0,,,,
KLO,2012,3,1,5,6,,,,,,,,972.3,,2.1,,0,0,0,0,0,0,0,,,,
KLO,2012,3,1,6,5.7,,,,,,,,972.6,,1.5,,5,0,0,0,0,0,0,,,,
KLO,2012,3,1,7,5.7,,,,,,,,973.1,,2.8,,45,0,0,0,0,0,0,,,,
KLO,2012,3,1,8,6.3,,,,,,,,973.3,,1.9,,197,1164.7,32.5,0,0,0,0,,,,
KLO,2012,3,1,9,6.6,,,,,,,,973.5,,2.8,,199,209,137.4,0,0,0,0,,,,
KLO,2012,3,1,10,7.4,,,,,,,,973.5,,2.2,,495,977.2,81.7,0,0,0,0,,,,
KLO,2012,3,1,11,8.4,,,,,,,,973.4,,2.1,,569,921.5,93.6,0,0,0,0,,,,
KLO,2012,3,1,12,10,,,,,,,,972.9,,1.1,,586,836.9,111.3,0,0,0,0,,,,
KLO,2012,3,1,13,11.6,,,,,,,,972.8,,1.1,,525,623.9,167.1,0,0,0,0,,,,
KLO,2012,3,1,14,12.8,,,,,,,,972.8,,1.1,,416,365.5,220.6,0,0,0,0,,,,
KLO,2012,3,1,15,13.7,,,,,,,,972.7,,0.8,,273,128.5,214.8,0,0,0,0,,,,
KLO,2012,3,1,16,13.3,,,,,,,,973,,1.3,,111,7.8,108.4,0,0,0,0,,,,
KLO,2012,3,1,17,11.3,,,,,,,,973.5,,1.7,,9,0.2,9,0,0,0,0,,,,
KLO,2012,3,1,18,9.2,,,,,,,,974,,1.1,,0,0,0,0,0,0,0,,,,
KLO,2012,3,1,19,7.7,,,,,,,,974.3,,1.7,,0,0,0,0,0,0,0,,,,
KLO,2012,3,1,20,5.8,,,,,,,,974.5,,1.3,,0,0,0,0,0,0,0,,,,
KLO,2012,3,1,21,5.2,,,,,,,,974.7,,0.9,,0,0,0,0,0,0,0,,,,
KLO,2012,3,1,22,4,,,,,,,,974.8,,0.5,,0,0,0,0,0,0,0,,,,
KLO,2012,3,1,23,3.3,,,,,,,,975,,0.4,,0,0,0,0,0,0,0,,,,
KLO,2012,3,2,0,2,,,,,,,,975,,0.9,,0,0,0,0,0,0,0,,,,
KLO,2012,3,2,1,0.9,,,,,,,,975,,0.6,,0,0,0,0,0,0,0,,,,
KLO,2012,3,2,2,0.5,,,,,,,,974.9,,0.7,,0,0,0,0,0,0,0,,,,
KLO,2012,3,2,3,0,,,,,,,,974.8,,0.7,,0,0,0,0,0,0,0,,,,
KLO,2012,3,2,4,-0.2,,,,,,,,974.9,,1.2,,0,0,0,0,0,0,0,,,,
KLO,2012,3,2,5,-0.5,,,,,,,,975,,0.7,,0,0,0,0,0,0,0,,,,
KLO,2012,3,2,6,-1.1,,,,,,,,975.3,,0.9,,10,0,0,0,0,0,0,,,,
KLO,2012,3,2,7,0.2,,,,,,,,975.8,,0.8,,105,0,0,0,0,0,0,,,,
KLO,2012,3,2,8,3.3,,,,,,,,975.8,,0.7,,272,1547.3,44.9,0,0,0,0,,,,
KLO,2012,3,2,9,8.3,,,,,,,,975.5,,1.1,,418,1160.9,69,0,0,0,0,,,,
KLO,2012,3,2,10,10.4,,,,,,,,975.2,,1.6,,522,1016.9,86.1,0,0,0,0,,,,
KLO,2012,3,2,11,13.2,,,,,,,,974.8,,0.6,,578,925.7,95.3,0,0,0,0,,,,
KLO,2012,3,2,12,15.5,,,,,,,,974,,0.7,,576,793.1,121.8,0,0,0,0,,,,
KLO,2012,3,2,13,17.3,,,,,,,,973.4,,1,,519,587.5,178.8,0,0,0,0,,,,
KLO,2012,3,2,14,17.9,,,,,,,,972.8,,0.6,,419,362.7,223.2,0,0,0,0,,,,
KLO,2012,3,2,15,18.4,,,,,,,,972.4,,0.4,,284,146.2,217.1,0,0,0,0,,,,
KLO,2012,3,2,16,17.7,,,,,,,,972.3,,0.5,,120,10,116.6,0,0,0,0,,,,
KLO,2012,3,2,17,15.4,,,,,,,,972.4,,0.6,,10,0.2,10,0,0,0,0,,,,
KLO,2012,3,2,18,11.2,,,,,,,,972.4,,0.4,,0,0,0,0,0,0,0,,,,
KLO,2012,3,2,19,9.9,,,,,,,,972.5,,0.8,,0,0,0,0,0,0,0,,,,
KLO,2012,3,2,20,7.5,,,,,,,,972.6,,0.7,,0,0,0,0,0,0,0,,,,
KLO,2012,3,2,21,6,,,,,,,,972.7,,1,,0,0,0,0,0,0,0,,,,
KLO,2012,3,2,22,4.5,,,,,,,,972.7,,1.4,,0,0,0,0,0,0,0,,,,
KLO,2012,3,2,23,4.2,,,,,,,,972.6,,0.7,,0,0,0,0,0,0,0,,,,
KLO,2012,3,3,0,3.1,,,,,,,,972.5,,0.9,,0,0,0,0,0,0,0,,,,
KLO,2012,3,3,1,2.6,,,,,,,,972.3,,0.5,,0,0,0,0,0,0,0,,,,
KLO,2012,3,3,2,1.8,,,,,,,,972.1,,0.4,,0,0,0,0,0,0,0,,,,
KLO,2012,3,3,3,0.9,,,,,,,,972.1,,0.7,,0,0,0,0,0,0,0,,,,
KLO,2012,3,3,4,-0.3,,,,,,,,972.1,,0.4,,0,0,0,0,0,0,0,,,,
KLO,2012,3,3,5,-0.1,,,,,,,,972.1,,0.6,,0,0,0,0,0,0,0,,,,
KLO,2012,3,3,6,0.4,,,,,,,,972.5,,0.9,,7,0,0,0,0,0,0,,,,
KLO,2012,3,3,7,1.8,,,,,,,,973,,0.8,,58,0,0,0,0,0,0,,,,
KLO,2012,3,3,8,3.1,,,,,,,,973.3,,0.6,,138,606.3,45.6,0,0,0,0,,,,
KLO,2012,3,3,9,4.6,,,,,,,,973.4,,0.6,,287,667.2,82.6,0,0,0,0,,,,
KLO,2012,3,3,10,7.8,,,,,,,,973.2,,0.9,,511,982.4,84.3,0,0,0,0,,,,
KLO,2012,3,3,11,11.7,,,,,,,,972.7,,0.5,,489,649.5,146.6,0,0,0,0,,,,
KLO,2012,3,3,12,14.8,,,,,,,,972.3,,2.1,,570,758.7,131.3,0,0,0,0,,,,
KLO,2012,3,3,13,16,,,,,,,,971.7,,2.7,,482,450.3,218.8,0,0,0,0,,,,
KLO,2012,3,3,14,16.3,,,,,,,,971.3,,3.1,,335,140.7,258.3,0,0,0,0,,,,
KLO,2012,3,3,15,15.9,,,,,,,,971.1,,2.3,,179,14.8,172.1,0,0,0,0,,,,
KLO,2012,3,3,16,14.7,,,,,,,,971.2,,2.6,,59,1.9,58.3,0,0,0,0,,,,
KLO,2012,3,3,17,13.3,,,,,,,,971.9,,2.4,,5,0,5,0,0,0,0,,,,
KLO,2012,3,3,18,12.7,,,,,,,,972.4,,2.1,,0,0,0,0,0,0,0,,,,
KLO,2012,3,3,19,11.8,,,,,,,,972.7,,1.8,,0,0,0,0,0,0,0,,,,
KLO,2012,3,3,20,11,,,,,,,,973,,2.1,,0,0,0,0,0,0,0,,,,
KLO,2012,3,3,21,10.1,,,,,,,,973.3,,2.8,,0,0,0,0,0,0,0,,,,
KLO,2012,3,3,22,8.2,,,,,,,,973.5,,2.3,,0,0,0,0,0,0,0,,,,
KLO,2012,3,3,23,6.5,,,,,,,,973.7,,2,,0,0,0,0,0,0,0,,,,
KLO,2012,3,4,0,7.1,,,,,,,,973.8,,1.4,,0,0,0,0,0,0,0,,,,
KLO,2012,3,4,1,6.9,,,,,,,,973.9,,2.7,,0,0,0,0,0,0,0,,,,
KLO,2012,3,4,2,5.9,,,,,,,,973.8,,3,,0,0,0,0,0,0,0,,,,
KLO,2012,3,4,3,4.3,,,,,,,,973.5,,1.9,,0,0,0,0,0,0,0,,,,
KLO,2012,3,4,4,3.9,,,,,,,,973.3,,1,,0,0,0,0,0,0,0,,,,
KLO,2012,3,4,5,3.1,,,,,,,,972.8,,1.1,,0,0,0,0,0,0,0,,,,
KLO,2012,3,4,6,4,,,,,,,,972.5,,1.8,,2,0,0,0,0,0,0,,,,
KLO,2012,3,4,7,5.1,,,,,,,,972.2,,1.7,,27,0,0,0,0,0,0,,,,
KLO,2012,3,4,8,5.9,,,,,,,,971.8,,1.2,,85,76.2,73,0,0,0,0,,,,
KLO,2012,3,4,9,6.8,,,,,,,,971.3,,2,,202,176.5,146.9,0,0,0,0,,,,
KLO,2012,3,4,10,7.9,,,,,,,,970.9,,1.8,,214,46.6,193.5,0,0,0,0,,,,
KLO,2012,3,4,11,8.6,,,,,,,,970.1,,0.9,,271,58.2,240,0,0,0,0,,,,
KLO,2012,3,4,12,9.6,,,,,,,,969.2,,1.5,,387,195.2,273,0,0,0,0,,,,
KLO,2012,3,4,13,10.1,,,,,,,,968.3,,0.6,,409,235.3,270.2,0,0,0,0,,,,
KLO,2012,3,4,14,10.8,,,,,,,,967.5,,0.8,,386,246.6,250.3,0,0,0,0,,,,
KLO,2012,3,4,15,11,,,,,,,,966.9,,0.9,,251,75.4,215.7,0,0,0,0,,,,
KLO,2012,3,4,16,10,,,,,,,,966.5,,3.1,,82,3.6,80.7,0,0,0,0,,,,
KLO,2012,3,4,17,8.8,,,,,,,,966.5,,2,,6,0.1,6,0,0,0,0,,,,
KLO,2012,3,4,18,6.6,,,,,,,,966.5,,0.8,,0,0,0,0,0,0,0,,,,
KLO,2012,3,4,19,5.9,,,,,,,,966.3,,0.4,,0,0,0,0,0,0,0,,,,
KLO,2012,3,4,20,3.9,,,,,,,,965.9,,0.3,,0,0,0,0,0,0,0,,,,
KLO,2012,3,4,21,3.4,,,,,,,,965.6,,0.5,,0,0,0,0,0,0,0,,,,
KLO,2012,3,4,22,3.4,,,,,,,,965.3,,1.1,,0,0,0,0,0,0,0,,,,
KLO,2012,3,4,23,2.9,,,,,,,,965,,0.5,,0,0,0,0,0,0,0,,,,
KLO,2012,3,5,0,2.6,,,,,,,,964.7,,0.6,,0,0,0,0,0,0,0,,,,
KLO,2012,3,5,1,2.8,,,,,,,,964.4,,0.7,,0,0,0,0,0,0,0,,,,
KLO,2012,3,5,2,3.9,,,,,,,,964.6,,1.2,,0,0,0,0,0,0,0,,,,
KLO,2012,3,5,3,4.6,,,,,,,,964.9,,3.5,,0,0,0,0,0,0,0,,,,
KLO,2012,3,5,4,3.7,,,,,,,,967.1,,6.3,,0,0,0,0,0,0,0,,,,
KLO,2012,3,5,5,3,,,,,,,,969,,6.5,,0,0,0,0,0,0,0,,,,
KLO,2012,3,5,6,3.2,,,,,,,,970.3,,4.9,,7,0,0,0,0,0,0,,,,
KLO,2012,3,5,7,3.5,,,,,,,,971.2,,4.3,,65,0,0,0,0,0,0,,,,
KLO,2012,3,5,8,3.8,,,,,,,,971.7,,4.5,,125,342.9,68.9,0,0,0,0,,,,
KLO,2012,3,5,9,4.1,,,,,,,,972.1,,5.5,,152,43,138.3,0,0,0,0,,,,
KLO,2012,3,5,10,4.1,,,,,,,,972.4,,4.5,,194,26.7,182.1,0,0,0,0,,,,
KLO,2012,3,5,11,4.5,,,,,,,,972.3,,5.2,,253,39.3,231.8,0,0,0,0,,,,
KLO,2012,3,5,12,4.6,,,,,,,,972,,4.8,,240,19.1,228.7,0,0,0,0,,,,
KLO,2012,3,5,13,4.2,,,,,,,,972,,3.5,,104,2,102.8,0,0,0,0,,,,
KLO,2012,3,5,14,4.5,,,,,,,,972.1,,4,,215,14.9,206.7,0,0,0,0,,,,
KLO,2012,3,5,15,4.5,,,,,,,,971.9,,2.7,,135,5.3,132.5,0,0,0,0,,,,
KLO,2012,3,5,16,4.4,,,,,,,,971.7,,2.9,,73,2.8,72,0,0,0,0,,,,
KLO,2012,3,5,17,3.2,,,,,,,,971.8,,1.6,,10,0.2,10,0,0,0,0,,,,
KLO,2012,3,5,18,2.8,,,,,,,,971.8,,1.1,,0,0,0,0,0,0,0,,,,
KLO,2012,3,5,19,2.1,,,,,,,,971.9,,1.2,,0,0,0,0,0,0,0,,,,
KLO,2012,3,5,20,2.2,,,,,,,,971.9,,1.7,,0,0,0,0,0,0,0,,,,
KLO,2012,3,5,21,2.5,,,,,,,,971.9,,2.2,,0,0,0,0,0,0,0,,,,
KLO,2012,3,5,22,2.5,,,,,,,,971.8,,1.9,,0,0,0,0,0,0,0,,,,
KLO,2012,3,5,23,1.3,,,,,,,,971.8,,2,,0,0,0,0,0,0,0,,,,
KLO,2012,3,6,0,0.9,,,,,,,,971.7,,1.8,,0,0,0,0,0,0,0,,,,
KLO,2012,3,6,1,0.1,,,,,,,,971.5,,1.4,,0,0,0,0,0,0,0,,,,
KLO,2012,3,6,2,-1.5,,,,,,,,971.2,,2.1,,0,0,0,0,0,0,0,,,,
KLO,2012,3,6,3,-1.8,,,,,,,,971,,1.6,,0,0,0,0,0,0,0,,,,
KLO,2012,3,6,4,-2.5,,,,,,,,971,,0.3,,0,0,0,0,0,0,0,,,,
KLO,2012,3,6,5,-2,,,,,,,,971.2,,0.4,,0,0,0,0,0,0,0,,,,
KLO,2012,3,6,6,-1.8,,,,,,,,971.5,,1.3,,9,0,0,0,0,0,0,,,,
KLO,2012,3,6,7,-0.7,,,,,,,,972,,1.2,,65,0,0,0,0,0,0,,,,
KLO,2012,3,6,8,0.5,,,,,,,,972.4,,1.8,,159,672.5,45.1,0,0,0,0,,,,
KLO,2012,3,6,9,2.7,,,,,,,,972.7,,1.2,,309,703.7,81.3,0,0,0,0,,,,
KLO,2012,3,6,10,4.6,,,,,,,,972.7,,4.6,,470,850.6,86,0,0,0,0,,,,
KLO,2012,3,6,11,5.8,,,,,,,,972.6,,4.8,,540,772.5,119.7,0,0,0,0,,,,
KLO,2012,3,6,12,6.4,,,,,,,,972.2,,5.3,,431,281,263.8,0,0,0,0,,,,
KLO,2012,3,6,13,7,,,,,,,,971.8,,5.2,,427,261.1,270.2,0,0,0,0,,,,
KLO,2012,3,6,14,6.2,,,,,,,,971.9,,5.5,,144,4.3,141.6,0,0,0,0,,,,
KLO,2012,3,6,15,5.8,,,,,,,,972.1,,4.5,,76,1.6,75.2,0,0,0,0,,,,
KLO,2012,3,6,16,5.3,,,,,,,,972.6,,4.4,,25,0.3,24.9,0,0,0,0,,,,
KLO,2012,3,6,17,4.9,,,,,,,,973.4,,4,,2,0,2,0,0,0,0,,,,
KLO,2012,3,6,18,4.8,,,,,,,,973.9,,3,,0,0,0,0,0,0,0,,,,
KLO,2012,3,6,19,4.6,,,,,,,,974.2,,3.7,,0,0,0,0,0,0,0,,,,
KLO,2012,3,6,20,4.3,,,,,,,,974.4,,4.2,,0,0,0,0,0,0,0,,,,
KLO,2012,3,6,21,4,,,,,,,,974.4,,3.9,,0,0,0,0,0,0,0,,,,
KLO,2012,3,6,22,3.8,,,,,,,,974.4,,3.9,,0,0,0,0,0,0,0,,,,
KLO,2012,3,6,23,3.6,,,,,,,,974.4,,3.1,,0,0,0,0,0,0,0,,,,
KLO,2012,3,7,0,1.9,,,,,,,,974.6,,1,,0,0,0,0,0,0,0,,,,
KLO,2012,3,7,1,0.6,,,,,,,,974.5,,1.5,,0,0,0,0,0,0,0,,,,
KLO,2012,3,7,2,-0.7,,,,,,,,974.5,,0.9,,0,0,0,0,0,0,0,,,,
KLO,2012,3,7,3,-1.1,,,,,,,,974.1,,2.2,,0,0,0,0,0,0,0,,,,
KLO,2012,3,7,4,-2,,,,,,,,974.3,,1.1,,0,0,0,0,0,0,0,,,,
KLO,2012,3,7,5,-2.6,,,,,,,,974.8,,0.8,,0,0,0,0,0,0,0,,,,
KLO,2012,3,7,6,-2.3,,,,,,,,975.1,,2.1,,20,0,0,0,0,0,0,,,,
KLO,2012,3,7,7,-0.1,,,,,,,,975.3,,1.8,,147,0,0,0,0,0,0,,,,
KLO,2012,3,7,8,1.9,,,,,,,,975.5,,0.7,,315,1501.9,52,0,0,0,0,,,,
KLO,2012,3,7,9,4.1,,,,,,,,975.3,,1.3,,471,1194.1,77.7,0,0,0,0,,,,
KLO,2012,3,7,10,5.8,,,,,,,,974.9,,2.9,,491,893.4,82.5,0,0,0,0,,,,
KLO,2012,3,7,11,6.6,,,,,,,,974.3,,3.3,,539,751.7,125.8,0,0,0,0,,,,
KLO,2012,3,7,12,7.8,,,,,,,,973.3,,3.2,,561,665.1,161.7,0,0,0,0,,,,
KLO,2012,3,7,13,8.5,,,,,,,,972.1,,3.7,,519,513.4,208,0,0,0,0,,,,
KLO,2012,3,7,14,8.9,,,,,,,,971.1,,3.7,,388,226.2,260,0,0,0,0,,,,
KLO,2012,3,7,15,8.7,,,,,,,,970.1,,3.7,,232,44.3,210.6,0,0,0,0,,,,
KLO,2012,3,7,16,8,,,,,,,,969.3,,2.8,,81,3.2,79.8,0,0,0,0,,,,
KLO,2012,3,7,17,7.1,,,,,,,,968.8,,2.2,,8,0.1,8,0,0,0,0,,,,
KLO,2012,3,7,18,5.6,,,,,,,,969.2,,2.4,,0,0,0,0,0,0,0,,,,
KLO,2012,3,7,19,5.7,,,,,,,,969.7,,4.4,,0,0,0,0,0,0,0,,,,
KLO,2012,3,7,20,5.1,,,,,,,,969.6,,2.5,,0,0,0,0,0,0,0,,,,
KLO,2012,3,7,21,4.8,,,,,,,,969.3,,1.2,,0,0,0,0,0,0,0,,,,
KLO,2012,3,7,22,5.1,,,,,,,,969.5,,2.8,,0,0,0,0,0,0,0,,,,
KLO,2012,3,7,23,5.2,,,,,,,,968.7,,2.8,,0,0,0,0,0,0,0,,,,
KLO,2012,3,8,0,4.5,,,,,,,,968.6,,2.1,,0,0,0,0,0,0,0,,,,
KLO,2012,3,8,1,3.9,,,,,,,,968.5,,2.3,,0,0,0,0,0,0,0,,,,
KLO,2012,3,8,2,4,,,,,,,,968.6,,1.9,,0,0,0,0,0,0,0,,,,
KLO,2012,3,8,3,3.7,,,,,,,,969.1,,2.3,,0,0,0,0,0,0,0,,,,
KLO,2012,3,8,4,3.5,,,,,,,,969.9,,3.2,,0,0,0,0,0,0,0,,,,
KLO,2012,3,8,5,3.3,,,,,,,,970.6,,3.1,,0,0,0,0,0,0,0,,,,
KLO,2012,3,8,6,3.3,,,,,,,,971.6,,2.7,,8,0,0,0,0,0,0,,,,
KLO,2012,3,8,7,3.4,,,,,,,,972.8,,1.5,,38,0,0,0,0,0,0,,,,
KLO,2012,3,8,8,3.7,,,,,,,,973.8,,3,,100,87.5,84.2,0,0,0,0,,,,
KLO,2012,3,8,9,4.5,,,,,,,,974.8,,2.7,,228,218.9,154.6,0,0,0,0,,,,
KLO,2012,3,8,10,5.5,,,,,,,,975.3,,2.5,,304,188.8,216.6,0,0,0,0,,,,
KLO,2012,3,8,11,5.7,,,,,,,,976,,2.7,,155,5.1,152.2,0,0,0,0,,,,
KLO,2012,3,8,12,4.9,,,,,,,,976.5,,2.8,,118,2.5,116.5,0,0,0,0,,,,
KLO,2012,3,8,13,6.1,,,,,,,,976.6,,1.4,,499,438,231.3,0,0,0,0,,,,
KLO,2012,3,8,14,6.7,,,,,,,,976.8,,2.7,,327,103.4,268,0,0,0,0,,,,
KLO,2012,3,8,15,6.2,,,,,,,,977.5,,4.9,,214,28.1,200.3,0,0,0,0,,,,
KLO,2012,3,8,16,5.4,,,,,,,,978.3,,3.8,,48,1.1,47.6,0,0,0,0,,,,
KLO,2012,3,8,17,4.2,,,,,,,,979.3,,1.5,,9,0.1,9,0,0,0,0,,,,
KLO,2012,3,8,18,3.1,,,,,,,,980.4,,0.7,,0,0,0,0,0,0,0,,,,
KLO,2012,3,8,19,3.3,,,,,,,,981.2,,1.2,,0,0,0,0,0,0,0,,,,
KLO,2012,3,8,20,2.5,,,,,,,,981.8,,1.5,,0,0,0,0,0,0,0,,,,
KLO,2012,3,8,21,2.8,,,,,,,,982.3,,0.8,,0,0,0,0,0,0,0,,,,
KLO,2012,3,8,22,2.3,,,,,,,,982.7,,0.6,,0,0,0,0,0,0,0,,,,
KLO,2012,3,8,23,0.1,,,,,,,,983.1,,0.9,,0,0,0,0,0,0,0,,,,
KLO,2012,3,9,0,0,,,,,,,,983.2,,0.6,,0,0,0,0,0,0,0,,,,
KLO,2012,3,9,1,-1,,,,,,,,983.5,,0.9,,0,0,0,0,0,0,0,,,,
KLO,2012,3,9,2,-2.5,,,,,,,,983.6,,1.6,,0,0,0,0,0,0,0,,,,
KLO,2012,3,9,3,-2.3,,,,,,,,983.7,,1.7,,0,0,0,0,0,0,0,,,,
KLO,2012,3,9,4,-2.2,,,,,,,,984,,0.7,,0,0,0,0,0,0,0,,,,
KLO,2012,3,9,5,-3.1,,,,,,,,984.2,,0.9,,0,0,0,0,0,0,0,,,,
KLO,2012,3,9,6,-2.6,,,,,,,,984.6,,0.6,,28,0,0,0,0,0,0,,,,
KLO,2012,3,9,7,-0.5,,,,,,,,985,,2.4,,166,0,0,0,0,0,0,,,,
KLO,2012,3,9,8,1.7,,,,,,,,985.2,,1.7,,334,1493.9,55.1,0,0,0,0,,,,
KLO,2012,3,9,9,3.9,,,,,,,,985.4,,3.2,,507,1241.6,83.7,0,0,0,0,,,,
KLO,2012,3,9,10,4.5,,,,,,,,985.5,,4.8,,613,1092,101.1,0,0,0,0,,,,
KLO,2012,3,9,11,6,,,,,,,,985.5,,6.1,,663,986.9,109.4,0,0,0,0,,,,
KLO,2012,3,9,12,6.9,,,,,,,,984.9,,6.2,,667,911.3,109.9,0,0,0,0,,,,
KLO,2012,3,9,13,8.2,,,,,,,,984.4,,5.7,,604,751.7,140.7,0,0,0,0,,,,
KLO,2012,3,9,14,8.5,,,,,,,,983.9,,4.8,,491,507.1,199.1,0,0,0,0,,,,
KLO,2012,3,9,15,8.1,,,,,,,,983.9,,5.6,,329,203.8,228.7,0,0,0,0,,,,
KLO,2012,3,9,16,7.5,,,,,,,,984.2,,5.6,,162,27.2,151.9,0,0,0,0,,,,
KLO,2012,3,9,17,6.2,,,,,,,,984.4,,2.3,,22,0.6,21.9,0,0,0,0,,,,
KLO,2012,3,9,18,4.4,,,,,,,,984.8,,0.7,,0,0,0,0,0,0,0,,,,
KLO,2012,3,9,19,1.7,,,,,,,,985.1,,0.7,,0,0,0,0,0,0,0,,,,
KLO,2012,3,9,20,0.8,,,,,,,,985.1,,0.8,,0,0,0,0,0,0,0,,,,
KLO,2012,3,9,21,-0.5,,,,,,,,985.2,,0.9,,0,0,0,0,0,0,0,,,,
KLO,2012,3,9,22,-1.7,,,,,,,,985.5,,0.5,,0,0,0,0,0,0,0,,,,
KLO,2012,3,9,23,-2,,,,,,,,985.6,,0.8,,0,0,0,0,0,0,0,,,,
KLO,2012,3,10,0,-2.4,,,,,,,,985.5,,0.8,,0,0,0,0,0,0,0,,,,
KLO,2012,3,10,1,-3.2,,,,,,,,985.4,,0.8,,0,0,0,0,0,0,0,,,,
KLO,2012,3,10,2,-3.2,,,,,,,,985.2,,0.9,,0,0,0,0,0,0,0,,,,
KLO,2012,3,10,3,-4.2,,,,,,,,985.2,,0.7,,0,0,0,0,0,0,0,,,,
KLO,2012,3,10,4,-3.8,,,,,,,,985.3,,0.4,,0,0,0,0,0,0,0,,,,
KLO,2012,3,10,5,-4.1,,,,,,,,985.4,,0.5,,0,0,0,0,0,0,0,,,,
KLO,2012,3,10,6,-3.8,,,,,,,,985.4,,0.9,,34,0,0,0,0,0,0,,,,
KLO,2012,3,10,7,-1.7,,,,,,,,985.5,,0.8,,175,0,0,0,0,0,0,,,,
KLO,2012,3,10,8,1,,,,,,,,985.3,,1,,355,1539.9,58.6,0,0,0,0,,,,
KLO,2012,3,10,9,3.8,,,,,,,,985,,1,,503,1211.1,83,0,0,0,0,,,,
KLO,2012,3,10,10,5.9,,,,,,,,984.6,,1.6,,604,1062.9,99.7,0,0,0,0,,,,
KLO,2012,3,10,11,7.6,,,,,,,,983.9,,1.2,,647,953.5,106.8,0,0,0,0,,,,
KLO,2012,3,10,12,9.1,,,,,,,,983.3,,3,,501,431.2,235,0,0,0,0,,,,
KLO,2012,3,10,13,9.5,,,,,,,,982.7,,3.2,,497,408,243.4,0,0,0,0,,,,
KLO,2012,3,10,14,10.3,,,,,,,,982.1,,3.3,,467,416.3,225.3,0,0,0,0,,,,
KLO,2012,3,10,15,10.7,,,,,,,,981.8,,3.7,,338,219.2,229,0,0,0,0,,,,
KLO,2012,3,10,16,10.1,,,,,,,,981.7,,2.8,,161,24.8,151.7,0,0,0,0,,,,
KLO,2012,3,10,17,8.9,,,,,,,,982.1,,2.5,,25,0.8,24.8,0,0,0,0,,,,
KLO,2012,3,10,18,7.3,,,,,,,,982.2,,1.3,,0,0,0,0,0,0,0,,,,
KLO,2012,3,10,19,3.3,,,,,,,,982.3,,1.3,,0,0,0,0,0,0,0,,,,
KLO,2012,3,10,20,0.8,,,,,,,,982.1,,1.7,,0,0,0,0,0,0,0,,,,
KLO,2012,3,10,21,0,,,,,,,,981.7,,0.9,,0,0,0,0,0,0,0,,,,
KLO,2012,3,10,22,-0.7,,,,,,,,981.8,,1.6,,0,0,0,0,0,0,0,,,,
KLO,2012,3,10,23,-0.7,,,,,,,,982.2,,0.5,,0,0,0,0,0,0,0,,,,
KLO,2012,3,11,0,-1.3,,,,,,,,982.3,,1.1,,0,0,0,0,0,0,0,,,,
KLO,2012,3,11,1,-0.5,,,,,,,,982.9,,0.6,,0,0,0,0,0,0,0,,,,
KLO,2012,3,11,2,0.1,,,,,,,,982.4,,1.1,,0,0,0,0,0,0,0,,,,
KLO,2012,3,11,3,-0.4,,,,,,,,981.1,,2,,0,0,0,0,0,0,0,,,,
KLO,2012,3,11,4,-1.9,,,,,,,,980.9,,1.9,,0,0,0,0,0,0,0,,,,
KLO,2012,3,11,5,-1.2,,,,,,,,981,,1.3,,0,0,0,0,0,0,0,,,,
KLO,2012,3,11,6,1,,,,,,,,981,,1.9,,16,0,0,0,0,0,0,,,,
KLO,2012,3,11,7,2.2,,,,,,,,981.3,,1.1,,47,0,0,0,0,0,0,,,,
KLO,2012,3,11,8,2.5,,,,,,,,981.7,,0.5,,51,4.3,50.1,0,0,0,0,,,,
KLO,2012,3,11,9,3.1,,,,,,,,981.8,,1,,69,2.5,68.1,0,0,0,0,,,,
KLO,2012,3,11,10,4.4,,,,,,,,981.5,,0.5,,195,19.1,185.8,0,0,0,0,,,,
KLO,2012,3,11,11,5.9,,,,,,,,981.4,,0.4,,264,36.3,243.2,0,0,0,0,,,,
KLO,2012,3,11,12,7.1,,,,,,,,981.2,,0.4,,187,5.9,183.3,0,0,0,0,,,,
KLO,2012,3,11,13,7.6,,,,,,,,980.8,,0.7,,176,5.1,172.8,0,0,0,0,,,,
KLO,2012,3,11,14,8.5,,,,,,,,980.4,,1.4,,205,9.6,199.4,0,0,0,0,,,,
KLO,2012,3,11,15,8.9,,,,,,,,980.5,,3,,165,7.6,161.2,0,0,0,0,,,,
KLO,2012,3,11,16,8.2,,,,,,,,980.7,,4.6,,35,0.5,34.8,0,0,0,0,,,,
KLO,2012,3,11,17,7.5,,,,,,,,981,,4.4,,1,0,1,0,0,0,0,,,,
KLO,2012,3,11,18,7.2,,,,,,,,981,,3.2,,0,0,0,0,0,0,0,,,,
KLO,2012,3,11,19,6.9,,,,,,,,981,,4.2,,0,0,0,0,0,0,0,,,,
KLO,2012,3,11,20,6.6,,,,,,,,981,,4.1,,0,0,0,0,0,0,0,,,,
KLO,2012,3,11,21,6.2,,,,,,,,980.9,,4.2,,0,0,0,0,0,0,0,,,,
KLO,2012,3,11,22,6.4,,,,,,,,981,,1.8,,0,0,0,0,0,0,0,,,,
KLO,2012,3,11,23,5.4,,,,,,,,981,,1.3,,0,0,0,0,0,0,0,,,,
KLO,2012,3,12,0,4.8,,,,,,,,980.7,,1.6,,0,0,0,0,0,0,0,,,,
KLO,2012,3,12,1,3.6,,,,,,,,980.5,,1.6,,0,0,0,0,0,0,0,,,,
KLO,2012,3,12,2,3.2,,,,,,,,980.4,,1.9,,0,0,0,0,0,0,0,,,,
KLO,2012,3,12,3,3.6,,,,,,,,979.9,,1.5,,0,0,0,0,0,0,0,,,,
KLO,2012,3,12,4,3,,,,,,,,979.5,,0.9,,0,0,0,0,0,0,0,,,,
KLO,2012,3,12,5,2.1,,,,,,,,979.6,,0.4,,0,0,0,0,0,0,0,,,,
KLO,2012,3,12,6,2.8,,,,,,,,979.8,,0.3,,23,0,0,0,0,0,0,,,,
KLO,2012,3,12,7,4.5,,,,,,,,979.9,,0.5,,160,0,0,0,0,0,0,,,,
KLO,2012,3,12,8,6.4,,,,,,,,980,,0.5,,366,1496.8,60.4,0,0,0,0,,,,
KLO,2012,3,12,9,8.6,,,,,,,,979.9,,1.2,,499,1162.4,82.3,0,0,0,0,,,,
KLO,2012,3,12,10,10.2,,,,,,,,979.8,,2.9,,516,880.1,88.3,0,0,0,0,,,,
KLO,2012,3,12,11,11,,,,,,,,979.6,,2.2,,507,556.7,185.3,0,0,0,0,,,,
KLO,2012,3,12,12,11.8,,,,,,,,979.1,,1.1,,574,629.4,179,0,0,0,0,,,,
KLO,2012,3,12,13,12.6,,,,,,,,978.8,,1,,516,439.9,238,0,0,0,0,,,,
KLO,2012,3,12,14,13.2,,,,,,,,978.5,,0.9,,484,445.2,221,0,0,0,0,,,,
KLO,2012,3,12,15,13.4,,,,,,,,978.4,,0.7,,336,198.3,235.5,0,0,0,0,,,,
KLO,2012,3,12,16,13.5,,,,,,,,978.5,,0.9,,163,23.4,154,0,0,0,0,,,,
KLO,2012,3,12,17,11.9,,,,,,,,978.5,,0.9,,18,0.4,17.9,0,0,0,0,,,,
KLO,2012,3,12,18,10,,,,,,,,978.8,,0.9,,0,0,0,0,0,0,0,,,,
KLO,2012,3,12,19,7.3,,,,,,,,979.1,,1.5,,0,0,0,0,0,0,0,,,,
KLO,2012,3,12,20,6.3,,,,,,,,979.1,,0.7,,0,0,0,0,0,0,0,,,,
KLO,2012,3,12,21,6.1,,,,,,,,979.5,,1.7,,0,0,0,0,0,0,0,,,,
KLO,2012,3,12,22,7.3,,,,,,,,979.5,,1.1,,0,0,0,0,0,0,0,,,,
KLO,2012,3,12,23,5.4,,,,,,,,979.5,,1.8,,0,0,0,0,0,0,0,,,,
KLO,2012,3,13,0,5.2,,,,,,,,979.4,,2.4,,0,0,0,0,0,0,0,,,,
KLO,2012,3,13,1,3.5,,,,,,,,979.4,,2.7,,0,0,0,0,0,0,0,,,,
KLO,2012,3,13,2,3.5,,,,,,,,979.4,,3,,0,0,0,0,0,0,0,,,,
KLO,2012,3,13,3,2.3,,,,,,,,979.3,,1.5,,0,0,0,0,0,0,0,,,,
KLO,2012,3,13,4,2.1,,,,,,,,979.1,,1.4,,0,0,0,0,0,0,0,,,,
KLO,2012,3,13,5,1.1,,,,,,,,979.1,,2.6,,0,0,0,0,0,0,0,,,,
KLO,2012,3,13,6,1.7,,,,,,,,979.1,,2.7,,38,0,0,0,0,0,0,,,,
KLO,2012,3,13,7,4.4,,,,,,,,979.6,,1.9,,183,0,0,0,0,0,0,,,,
KLO,2012,3,13,8,7.3,,,,,,,,980,,2.2,,353,1403.4,58.2,0,0,0,0,,,,
KLO,2012,3,13,9,9.3,,,,,,,,979.8,,2.5,,508,1164.4,83.8,0,0,0,0,,,,
KLO,2012,3,13,10,10.9,,,,,,,,979.6,,3.1,,620,1052.8,102.3,0,0,0,0,,,,
KLO,2012,3,13,11,12.6,,,,,,,,979.4,,2.9,,670,958.9,110.6,0,0,0,0,,,,
KLO,2012,3,13,12,13.7,,,,,,,,978.7,,2.1,,675,885.7,114.3,0,0,0,0,,,,
KLO,2012,3,13,13,14.4,,,,,,,,978,,1.5,,605,697.3,160.6,0,0,0,0,,,,
KLO,2012,3,13,14,15.4,,,,,,,,977.6,,2,,490,451.8,220.8,0,0,0,0,,,,
KLO,2012,3,13,15,15.3,,,,,,,,977.5,,2.9,,343,208.2,236.5,0,0,0,0,,,,
KLO,2012,3,13,16,14.7,,,,,,,,977.4,,3.6,,172,29.1,160.7,0,0,0,0,,,,
KLO,2012,3,13,17,13.2,,,,,,,,977.5,,2.7,,27,0.8,26.8,0,0,0,0,,,,
KLO,2012,3,13,18,10.8,,,,,,,,977.8,,1.8,,0,0,0,0,0,0,0,,,,
KLO,2012,3,13,19,10.1,,,,,,,,978.2,,3,,0,0,0,0,0,0,0,,,,
KLO,2012,3,13,20,9.1,,,,,,,,978.4,,3.9,,0,0,0,0,0,0,0,,,,
KLO,2012,3,13,21,8.1,,,,,,,,978.4,,3.8,,0,0,0,0,0,0,0,,,,
KLO,2012,3,13,22,7,,,,,,,,978.3,,2.4,,0,0,0,0,0,0,0,,,,
KLO,2012,3,13,23,5.7,,,,,,,,978.5,,2.4,,0,0,0,0,0,0,0,,,,
KLO,2012,3,14,0,4,,,,,,,,978.5,,3.4,,0,0,0,0,0,0,0,,,,
KLO,2012,3,14,1,2.4,,,,,,,,978.5,,3.6,,0,0,0,0,0,0,0,,,,
KLO,2012,3,14,2,2.1,,,,,,,,978.4,,2,,0,0,0,0,0,0,0,,,,
KLO,2012,3,14,3,1.9,,,,,,,,978.4,,2.2,,0,0,0,0,0,0,0,,,,
KLO,2012,3,14,4,1.7,,,,,,,,978.3,,2.8,,0,0,0,0,0,0,0,,,,
KLO,2012,3,14,5,0.2,,,,,,,,978.5,,2.6,,0,0,0,0,0,0,0,,,,
KLO,2012,3,14,6,1,,,,,,,,978.5,,3.1,,27,0,0,0,0,0,0,,,,
KLO,2012,3,14,7,3.7,,,,,,,,978.7,,2.1,,81,0,0,0,0,0,0,,,,
KLO,2012,3,14,8,4.6,,,,,,,,978.8,,2.1,,138,170.2,101.2,0,0,0,0,,,,
KLO,2012,3,14,9,4.7,,,,,,,,978.9,,1.4,,208,95.6,172.6,0,0,0,0,,,,
KLO,2012,3,14,10,4.7,,,,,,,,978.9,,1.5,,418,486.1,176.2,0,0,0,0,,,,
KLO,2012,3,14,11,4.7,,,,,,,,978.6,,1.1,,679,962.6,112,0,0,0,0,,,,
KLO,2012,3,14,12,8.1,,,,,,,,977.9,,1.2,,678,880.8,115.7,0,0,0,0,,,,
KLO,2012,3,14,13,13.3,,,,,,,,977.3,,0.8,,620,727.3,152.7,0,0,0,0,,,,
KLO,2012,3,14,14,14.4,,,,,,,,976.8,,0.5,,508,496.3,209.8,0,0,0,0,,,,
KLO,2012,3,14,15,15.5,,,,,,,,976.5,,0.6,,360,244.7,233.7,0,0,0,0,,,,
KLO,2012,3,14,16,15.6,,,,,,,,976.4,,1.5,,185,39.7,169.3,0,0,0,0,,,,
KLO,2012,3,14,17,12.7,,,,,,,,976.6,,2.7,,30,1,29.8,0,0,0,0,,,,
KLO,2012,3,14,18,9.6,,,,,,,,977,,2,,0,0,0,0,0,0,0,,,,
KLO,2012,3,14,19,8.3,,,,,,,,977.5,,0.8,,0,0,0,0,0,0,0,,,,
KLO,2012,3,14,20,6.3,,,,,,,,977.8,,0.4,,0,0,0,0,0,0,0,,,,
KLO,2012,3,14,21,4.9,,,,,,,,978.1,,0.5,,0,0,0,0,0,0,0,,,,
KLO,2012,3,14,22,3.8,,,,,,,,978.3,,0.5,,0,0,0,0,0,0,0,,,,
KLO,2012,3,14,23,2.9,,,,,,,,978.5,,0.5,,0,0,0,0,0,0,0,,,,
KLO,2012,3,15,0,2.4,,,,,,,,978.6,,1.1,,0,0,0,0,0,0,0,,,,
KLO,2012,3,15,1,0.9,,,,,,,,978.7,,0.8,,0,0,0,0,0,0,0,,,,
KLO,2012,3,15,2,0.2,,,,,,,,978.3,,0.8,,0,0,0,0,0,0,0,,,,
KLO,2012,3,15,3,-0.6,,,,,,,,978.1,,0.9,,0,0,0,0,0,0,0,,,,
KLO,2012,3,15,4,-1.2,,,,,,,,978,,0.9,,0,0,0,0,0,0,0,,,,
KLO,2012,3,15,5,-1.9,,,,,,,,977.9,,0.6,,0,0,0,0,0,0,0,,,,
KLO,2012,3,15,6,-1.7,,,,,,,,978.1,,0.6,,46,0,0,0,0,0,0,,,,
KLO,2012,3,15,7,1.3,,,,,,,,978.4,,0.8,,202,3171.3,33.3,0,0,0,0,,,,
KLO,2012,3,15,8,4.4,,,,,,,,978.6,,0.7,,381,1434.5,62.9,0,0,0,0,,,,
KLO,2012,3,15,9,7.9,,,,,,,,978.5,,1,,535,1188.3,88.3,0,0,0,0,,,,
KLO,2012,3,15,10,10.8,,,,,,,,978.2,,1.5,,642,1065.4,105.9,0,0,0,0,,,,
KLO,2012,3,15,11,13.2,,,,,,,,977.8,,0.8,,703,987.3,116,0,0,0,0,,,,
KLO,2012,3,15,12,15.5,,,,,,,,977.4,,1,,701,909.5,115.5,0,0,0,0,,,,
KLO,2012,3,15,13,16.9,,,,,,,,976.8,,0.7,,638,764.3,143,0,0,0,0,,,,
KLO,2012,3,15,14,18,,,,,,,,976.2,,0.9,,526,541.1,198.2,0,0,0,0,,,,
KLO,2012,3,15,15,18.4,,,,,,,,975.9,,1,,368,258.1,233.6,0,0,0,0,,,,
KLO,2012,3,15,16,18.2,,,,,,,,975.8,,1.3,,189,41.8,172.3,0,0,0,0,,,,
KLO,2012,3,15,17,16.4,,,,,,,,975.7,,1.3,,34,1.2,33.7,0,0,0,0,,,,
KLO,2012,3,15,18,11.1,,,,,,,,975.8,,0.7,,0,0,0,0,0,0,0,,,,
KLO,2012,3,15,19,9,,,,,,,,976,,0.4,,0,0,0,0,0,0,0,,,,
KLO,2012,3,15,20,7.5,,,,,,,,976.1,,0.9,,0,0,0,0,0,0,0,,,,
KLO,2012,3,15,21,5.4,,,,,,,,976.2,,0.6,,0,0,0,0,0,0,0,,,,
KLO,2012,3,15,22,4,,,,,,,,976.4,,1,,0,0,0,0,0,0,0,,,,
KLO,2012,3,15,23,3.2,,,,,,,,976.4,,0.6,,0,0,0,0,0,0,0,,,,
KLO,2012,3,16,0,2.3,,,,,,,,976.4,,0.3,,0,0,0,0,0,0,0,,,,
KLO,2012,3,16,1,1.7,,,,,,,,976.2,,0.3,,0,0,0,0,0,0,0,,,,
KLO,2012,3,16,2,0.7,,,,,,,,975.9,,0.5,,0,0,0,0,0,0,0,,,,
KLO,2012,3,16,3,0.6,,,,,,,,975.7,,0.8,,0,0,0,0,0,0,0,,,,
KLO,2012,3,16,4,-0.6,,,,,,,,975.5,,1.5,,0,0,0,0,0,0,0,,,,
KLO,2012,3,16,5,-0.9,,,,,,,,975.5,,0.7,,0,0,0,0,0,0,0,,,,
KLO,2012,3,16,6,0.1,,,,,,,,975.7,,0.6,,56,0,0,0,0,0,0,,,,
KLO,2012,3,16,7,3.2,,,,,,,,975.9,,0.5,,220,3121.8,36.3,0,0,0,0,,,,
KLO,2012,3,16,8,8.2,,,,,,,,975.9,,1.3,,387,1419.5,63.9,0,0,0,0,,,,
KLO,2012,3,16,9,11.9,,,,,,,,975.8,,2,,530,1159.2,87.5,0,0,0,0,,,,
KLO,2012,3,16,10,14.8,,,,,,,,975.3,,1.4,,635,1042,104.8,0,0,0,0,,,,
KLO,2012,3,16,11,17.1,,,,,,,,974.6,,2.7,,691,961.5,114,0,0,0,0,,,,
KLO,2012,3,16,12,18.8,,,,,,,,973.9,,2.5,,688,878.7,117.6,0,0,0,0,,,,
KLO,2012,3,16,13,20.2,,,,,,,,973.1,,3.1,,628,723.1,156,0,0,0,0,,,,
KLO,2012,3,16,14,20.3,,,,,,,,972.5,,1.6,,512,484.1,216.4,0,0,0,0,,,,
KLO,2012,3,16,15,21.1,,,,,,,,971.9,,2.5,,366,244.1,237.7,0,0,0,0,,,,
KLO,2012,3,16,16,20,,,,,,,,971.4,,2.7,,188,38.6,172.4,0,0,0,0,,,,
KLO,2012,3,16,17,17.7,,,,,,,,971.1,,1.6,,34,1.2,33.7,0,0,0,0,,,,
KLO,2012,3,16,18,15.3,,,,,,,,971.2,,1.3,,0,0,0,0,0,0,0,,,,
KLO,2012,3,16,19,12.1,,,,,,,,971.4,,1.8,,0,0,0,0,0,0,0,,,,
KLO,2012,3,16,20,9.5,,,,,,,,971.5,,2.5,,0,0,0,0,0,0,0,,,,
KLO,2012,3,16,21,8.2,,,,,,,,971.6,,1.4,,0,0,0,0,0,0,0,,,,
KLO,2012,3,16,22,7.7,,,,,,,,971.5,,2.1,,0,0,0,0,0,0,0,,,,
KLO,2012,3,16,23,5.9,,,,,,,,971.4,,2,,0,0,0,0,0,0,0,,,,
KLO,2012,3,17,0,3.6,,,,,,,,971.5,,1.3,,0,0,0,0,0,0,0,,,,
KLO,2012,3,17,1,3.4,,,,,,,,971.4,,0.5,,0,0,0,0,0,0,0,,,,
KLO,2012,3,17,2,3.2,,,,,,,,971.3,,0.5,,0,0,0,0,0,0,0,,,,
KLO,2012,3,17,3,2.3,,,,,,,,971.2,,0.4,,0,0,0,0,0,0,0,,,,
KLO,2012,3,17,4,1.4,,,,,,,,971.3,,0.7,,0,0,0,0,0,0,0,,,,
KLO,2012,3,17,5,1.6,,,,,,,,971.2,,3.1,,1,0,0,0,0,0,0,,,,
KLO,2012,3,17,6,1.1,,,,,,,,971.4,,0.7,,55,0,0,0,0,0,0,,,,
KLO,2012,3,17,7,5.5,,,,,,,,971.3,,0.9,,222,2872.1,36.6,0,0,0,0,,,,
KLO,2012,3,17,8,10.7,,,,,,,,971.1,,1.2,,373,1333.7,61.5,0,0,0,0,,,,
KLO,2012,3,17,9,13.7,,,,,,,,970.9,,1.3,,500,1077.2,82.5,0,0,0,0,,,,
KLO,2012,3,17,10,15.4,,,,,,,,970.5,,3.8,,561,910.8,92.3,0,0,0,0,,,,
KLO,2012,3,17,11,16.5,,,,,,,,970,,3.2,,543,597.6,181.1,0,0,0,0,,,,
KLO,2012,3,17,12,17.1,,,,,,,,969.2,,2.9,,509,373.3,264.7,0,0,0,0,,,,
KLO,2012,3,17,13,17.8,,,,,,,,968.5,,2.9,,534,434.4,248.2,0,0,0,0,,,,
KLO,2012,3,17,14,17.7,,,,,,,,968.1,,4.3,,378,143.9,289.4,0,0,0,0,,,,
KLO,2012,3,17,15,16.6,,,,,,,,968,,2.9,,159,5.9,155.9,0,0,0,0,,,,
KLO,2012,3,17,16,15.8,,,,,,,,967.9,,2.2,,53,1.1,52.6,0,0,0,0,,,,
KLO,2012,3,17,17,13.7,,,,,,,,968,,4.8,,20,0.4,19.9,0,0,0,0,,,,
KLO,2012,3,17,18,11,,,,,,,,967.9,,3.2,,0,0,0,0,0,0,0,,,,
KLO,2012,3,17,19,9.5,,,,,,,,967.9,,3.2,,0,0,0,0,0,0,0,,,,
KLO,2012,3,17,20,8.1,,,,,,,,967.7,,2.3,,0,0,0,0,0,0,0,,,,
KLO,2012,3,17,21,7.5,,,,,,,,967.6,,2.4,,0,0,0,0,0,0,0,,,,
KLO,2012,3,17,22,6.3,,,,,,,,967.4,,1.1,,0,0,0,0,0,0,0,,,,
KLO,2012,3,17,23,4,,,,,,,,967.2,,1.6,,0,0,0,0,0,0,0,,,,
KLO,2012,3,18,0,3.8,,,,,,,,967,,0.8,,0,0,0,0,0,0,0,,,,
KLO,2012,3,18,1,2.8,,,,,,,,967,,1,,0,0,0,0,0,0,0,,,,
KLO,2012,3,18,2,2.3,,,,,,,,966.8,,2.1,,0,0,0,0,0,0,0,,,,
KLO,2012,3,18,3,3.4,,,,,,,,966.6,,3.1,,0,0,0,0,0,0,0,,,,
KLO,2012,3,18,4,3.2,,,,,,,,966.5,,2.4,,0,0,0,0,0,0,0,,,,
KLO,2012,3,18,5,3,,,,,,,,966.3,,2,,1,0,0,0,0,0,0,,,,
KLO,2012,3,18,6,2.9,,,,,,,,966.1,,0.7,,54,0,0,0,0,0,0,,,,
KLO,2012,3,18,7,5.7,,,,,,,,966,,0.8,,206,2447.9,34,0,0,0,0,,,,
KLO,2012,3,18,8,9,,,,,,,,966.2,,0.9,,376,1311.4,62,0,0,0,0,,,,
KLO,2012,3,18,9,12.4,,,,,,,,966.3,,3.7,,517,1097.4,85.3,0,0,0,0,,,,
KLO,2012,3,18,10,13.2,,,,,,,,966.4,,5.3,,651,1044.9,107.4,0,0,0,0,,,,
KLO,2012,3,18,11,11.7,,,,,,,,966.9,,6.5,,265,27,248.5,0,0,0,0,,,,
KLO,2012,3,18,12,8.1,,,,,,,,967.5,,5.5,,56,0.5,55.7,0,0,0,0,,,,
KLO,2012,3,18,13,7.8,,,,,,,,967.4,,4.8,,41,0.2,40.8,0,0,0,0,,,,
KLO,2012,3,18,14,7.3,,,,,,,,968,,5.1,,23,0.1,22.9,0,0,0,0,,,,
KLO,2012,3,18,15,5.9,,,,,,,,968.8,,3.7,,17,0.1,17,0,0,0,0,,,,
KLO,2012,3,18,16,5.4,,,,,,,,969.2,,2.8,,13,0.1,13,0,0,0,0,,,,
KLO,2012,3,18,17,5.3,,,,,,,,969.8,,4.2,,1,0,1,0,0,0,0,,,,
KLO,2012,3,18,18,4.9,,,,,,,,970.5,,2.1,,0,0,0,0,0,0,0,,,,
KLO,2012,3,18,19,4.7,,,,,,,,971,,2.5,,0,0,0,0,0,0,0,,,,
KLO,2012,3,18,20,4.3,,,,,,,,971.8,,1.9,,0,0,0,0,0,0,0,,,,
KLO,2012,3,18,21,3.9,,,,,,,,972.1,,1.4,,0,0,0,0,0,0,0,,,,
KLO,2012,3,18,22,3.9,,,,,,,,972.3,,1.6,,0,0,0,0,0,0,0,,,,
KLO,2012,3,18,23,4.1,,,,,,,,972.6,,1,,0,0,0,0,0,0,0,,,,
KLO,2012,3,19,0,4.4,,,,,,,,972.7,,1.5,,0,0,0,0,0,0,0,,,,
KLO,2012,3,19,1,4.4,,,,,,,,972.8,,1.7,,0,0,0,0,0,0,0,,,,
KLO,2012,3,19,2,4.3,,,,,,,,972.6,,1,,0,0,0,0,0,0,0,,,,
KLO,2012,3,19,3,4.5,,,,,,,,972.7,,0.6,,0,0,0,0,0,0,0,,,,
KLO,2012,3,19,4,4.4,,,,,,,,972.8,,0.4,,0,0,0,0,0,0,0,,,,
KLO,2012,3,19,5,4.4,,,,,,,,973.4,,1.5,,0,0,0,0,0,0,0,,,,
KLO,2012,3,19,6,4.4,,,,,,,,974,,1,,13,0,0,0,0,0,0,,,,
KLO,2012,3,19,7,4.8,,,,,,,,974.4,,1.1,,63,467.2,27.5,0,0,0,0,,,,
KLO,2012,3,19,8,5,,,,,,,,975.2,,1.5,,82,8.2,80,0,0,0,0,,,,
KLO,2012,3,19,9,5.4,,,,,,,,975.7,,2.9,,145,11.4,140.4,0,0,0,0,,,,
KLO,2012,3,19,10,5.4,,,,,,,,976.1,,3.3,,143,4.8,140.5,0,0,0,0,,,,
KLO,2012,3,19,11,5.5,,,,,,,,976.6,,3.7,,145,3.6,142.8,0,0,0,0,,,,
KLO,2012,3,19,12,5.6,,,,,,,,977.1,,3.3,,156,3.6,153.6,0,0,0,0,,,,
KLO,2012,3,19,13,5.8,,,,,,,,977.1,,2.4,,138,2.8,136.1,0,0,0,0,,,,
KLO,2012,3,19,14,5.8,,,,,,,,977.3,,1.7,,75,0.9,74.4,0,0,0,0,,,,
KLO,2012,3,19,15,5.6,,,,,,,,977.5,,0.8,,44,0.4,43.8,0,0,0,0,,,,
KLO,2012,3,19,16,5.8,,,,,,,,977.5,,1.2,,55,1.1,54.5,0,0,0,0,,,,
KLO,2012,3,19,17,5.7,,,,,,,,978,,1.9,,13,0.2,13,0,0,0,0,,,,
KLO,2012,3,19,18,5.6,,,,,,,,978.6,,1.9,,0,0,0,0,0,0,0,,,,
KLO,2012,3,19,19,5.5,,,,,,,,979.2,,1.2,,0,0,0,0,0,0,0,,,,
KLO,2012,3,19,20,5.5,,,,,,,,979.9,,1,,0,0,0,0,0,0,0,,,,
KLO,2012,3,19,21,5.2,,,,,,,,980.4,,0.7,,0,0,0,0,0,0,0,,,,
KLO,2012,3,19,22,5,,,,,,,,980.7,,2,,0,0,0,0,0,0,0,,,,
KLO,2012,3,19,23,5,,,,,,,,980.9,,2.2,,0,0,0,0,0,0,0,,,,
KLO,2012,3,20,0,5,,,,,,,,980.7,,2.5,,0,0,0,0,0,0,0,,,,
KLO,2012,3,20,1,5,,,,,,,,980.8,,1.4,,0,0,0,0,0,0,0,,,,
KLO,2012,3,20,2,4,,,,,,,,980.6,,1.3,,0,0,0,0,0,0,0,,,,
KLO,2012,3,20,3,3.2,,,,,,,,980.4,,2.1,,0,0,0,0,0,0,0,,,,
KLO,2012,3,20,4,4.3,,,,,,,,980.5,,3.2,,0,0,0,0,0,0,0,,,,
KLO,2012,3,20,5,4.3,,,,,,,,980.7,,2.8,,1,0,0,0,0,0,0,,,,
KLO,2012,3,20,6,4.6,,,,,,,,981.1,,2.1,,25,0,0,0,0,0,0,,,,
KLO,2012,3,20,7,5.2,,,,,,,,981.6,,1.7,,82,796.6,16.8,0,0,0,0,,,,
KLO,2012,3,20,8,5.7,,,,,,,,982.2,,2.9,,129,63.1,113.1,0,0,0,0,,,,
KLO,2012,3,20,9,6.4,,,,,,,,982.5,,2.7,,298,305.1,174.4,0,0,0,0,,,,
KLO,2012,3,20,10,7.3,,,,,,,,982.5,,2.2,,353,202.4,245.4,0,0,0,0,,,,
KLO,2012,3,20,11,9.3,,,,,,,,982.3,,2.3,,593,709.3,151.8,0,0,0,0,,,,
KLO,2012,3,20,12,10.9,,,,,,,,982.3,,0.9,,727,906,119.8,0,0,0,0,,,,
KLO,2012,3,20,13,11.5,,,,,,,,981.9,,1.1,,649,729.9,157.8,0,0,0,0,,,,
KLO,2012,3,20,14,12.4,,,,,,,,981.7,,1.3,,534,504.4,216.3,0,0,0,0,,,,
KLO,2012,3,20,15,12.6,,,,,,,,981.4,,1.4,,374,233.3,247.1,0,0,0,0,,,,
KLO,2012,3,20,16,12.2,,,,,,,,981.3,,0.7,,199,41.7,181.4,0,0,0,0,,,,
KLO,2012,3,20,17,11.1,,,,,,,,981.5,,1.1,,44,1.7,43.5,0,0,0,0,,,,
KLO,2012,3,20,18,8.5,,,,,,,,981.9,,0.8,,0,0,0,0,0,0,0,,,,
KLO,2012,3,20,19,6.7,,,,,,,,982.4,,0.8,,0,0,0,0,0,0,0,,,,
KLO,2012,3,20,20,4.5,,,,,,,,982.6,,0.7,,0,0,0,0,0,0,0,,,,
KLO,2012,3,20,21,3.3,,,,,,,,982.7,,0.3,,0,0,0,0,0,0,0,,,,
KLO,2012,3,20,22,2.7,,,,,,,,982.6,,0.9,,0,0,0,0,0,0,0,,,,
KLO,2012,3,20,23,1.7,,,,,,,,982.3,,1.1,,0,0,0,0,0,0,0,,,,
KLO,2012,3,21,0,1,,,,,,,,982,,1.1,,0,0,0,0,0,0,0,,,,
KLO,2012,3,21,1,0.2,,,,,,,,981.9,,1.3,,0,0,0,0,0,0,0,,,,
KLO,2012,3,21,2,0.5,,,,,,,,981.6,,0.8,,0,0,0,0,0,0,0,,,,
KLO,2012,3,21,3,-0.6,,,,,,,,981.6,,0.3,,0,0,0,0,0,0,0,,,,
KLO,2012,3,21,4,-0.3,,,,,,,,981.8,,0.6,,0,0,0,0,0,0,0,,,,
KLO,2012,3,21,5,-0.3,,,,,,,,982,,0.6,,2,0,0,0,0,0,0,,,,
KLO,2012,3,21,6,0.1,,,,,,,,982.4,,0.4,,57,0,0,0,0,0,0,,,,
KLO,2012,3,21,7,2.4,,,,,,,,982.6,,0.6,,217,2068.7,35.8,0,0,0,0,,,,
KLO,2012,3,21,8,5.8,,,,,,,,982.8,,1.1,,409,1328.8,67.5,0,0,0,0,,,,
KLO,2012,3,21,9,9.2,,,,,,,,982.5,,1.7,,563,1144.6,92.9,0,0,0,0,,,,
KLO,2012,3,21,10,11.1,,,,,,,,982.4,,3.2,,605,940.5,99.8,0,0,0,0,,,,
KLO,2012,3,21,11,12.4,,,,,,,,982.2,,3,,683,909.5,112.4,0,0,0,0,,,,
KLO,2012,3,21,12,14.1,,,,,,,,981.6,,3.4,,701,851.4,126,0,0,0,0,,,,
KLO,2012,3,21,13,14.9,,,,,,,,980.8,,4.3,,637,684.1,173.3,0,0,0,0,,,,
KLO,2012,3,21,14,15.6,,,,,,,,980.3,,4.3,,529,477.9,225.7,0,0,0,0,,,,
KLO,2012,3,21,15,15.6,,,,,,,,979.9,,4.8,,380,241,247.8,0,0,0,0,,,,
KLO,2012,3,21,16,15.5,,,,,,,,979.3,,3.7,,203,43.9,184.3,0,0,0,0,,,,
KLO,2012,3,21,17,14.3,,,,,,,,979.1,,2,,45,1.8,44.5,0,0,0,0,,,,
KLO,2012,3,21,18,12.5,,,,,,,,979.3,,1.7,,0,0,0,0,0,0,0,,,,
KLO,2012,3,21,19,11,,,,,,,,979.4,,3,,0,0,0,0,0,0,0,,,,
KLO,2012,3,21,20,8.5,,,,,,,,979.3,,2.8,,0,0,0,0,0,0,0,,,,
KLO,2012,3,21,21,7.6,,,,,,,,979.2,,2.8,,0,0,0,0,0,0,0,,,,
KLO,2012,3,21,22,6.4,,,,,,,,979.3,,2.4,,0,0,0,0,0,0,0,,,,
KLO,2012,3,21,23,5.9,,,,,,,,979.2,,2.6,,0,0,0,0,0,0,0,,,,
KLO,2012,3,22,0,4.5,,,,,,,,979,,1.5,,0,0,0,0,0,0,0,,,,
KLO,2012,3,22,1,3.8,,,,,,,,978.8,,1.3,,0,0,0,0,0,0,0,,,,
KLO,2012,3,22,2,2.6,,,,,,,,978.5,,2,,0,0,0,0,0,0,0,,,,
KLO,2012,3,22,3,1.8,,,,,,,,978.2,,1.7,,0,0,0,0,0,0,0,,,,
KLO,2012,3,22,4,1.7,,,,,,,,978.1,,0.8,,0,0,0,0,0,0,0,,,,
KLO,2012,3,22,5,0.6,,,,,,,,978.1,,0.2,,2,0,0,0,0,0,0,,,,
KLO,2012,3,22,6,1.8,,,,,,,,978,,0.9,,78,0,0,0,0,0,0,,,,
KLO,2012,3,22,7,5.4,,,,,,,,978,,1,,246,2199.5,40.6,0,0,0,0,,,,
KLO,2012,3,22,8,8.7,,,,,,,,977.8,,2.2,,420,1334.1,69.3,0,0,0,0,,,,
KLO,2012,3,22,9,10.9,,,,,,,,977.5,,2.3,,570,1142.8,94.1,0,0,0,0,,,,
KLO,2012,3,22,10,12.4,,,,,,,,977.1,,2.8,,673,1035.5,111,0,0,0,0,,,,
KLO,2012,3,22,11,13.6,,,,,,,,976.6,,1.8,,723,954.1,119.3,0,0,0,0,,,,
KLO,2012,3,22,12,15.2,,,,,,,,975.9,,1.9,,718,874.3,123,0,0,0,0,,,,
KLO,2012,3,22,13,16.7,,,,,,,,975.3,,2.4,,653,716.2,164,0,0,0,0,,,,
KLO,2012,3,22,14,17.7,,,,,,,,974.9,,3.7,,542,505.8,218.7,0,0,0,0,,,,
KLO,2012,3,22,15,18,,,,,,,,974.5,,3,,386,248.9,248.4,0,0,0,0,,,,
KLO,2012,3,22,16,17.7,,,,,,,,974.2,,3.1,,207,46.1,187.2,0,0,0,0,,,,
KLO,2012,3,22,17,16.2,,,,,,,,974.1,,1.7,,46,1.8,45.5,0,0,0,0,,,,
KLO,2012,3,22,18,13.6,,,,,,,,974.4,,0.8,,0,0,0,0,0,0,0,,,,
KLO,2012,3,22,19,10.4,,,,,,,,974.6,,1.5,,0,0,0,0,0,0,0,,,,
KLO,2012,3,22,20,8.5,,,,,,,,974.6,,2.2,,0,0,0,0,0,0,0,,,,
KLO,2012,3,22,21,8,,,,,,,,974.8,,1.2,,0,0,0,0,0,0,0,,,,
KLO,2012,3,22,22,7,,,,,,,,974.9,,0.9,,0,0,0,0,0,0,0,,,,
KLO,2012,3,22,23,5.3,,,,,,,,974.8,,0.9,,0,0,0,0,0,0,0,,,,
KLO,2012,3,23,0,4.5,,,,,,,,975,,1.6,,0,0,0,0,0,0,0,,,,
KLO,2012,3,23,1,4.2,,,,,,,,974.9,,1.3,,0,0,0,0,0,0,0,,,,
KLO,2012,3,23,2,3.9,,,,,,,,974.8,,0.8,,0,0,0,0,0,0,0,,,,
KLO,2012,3,23,3,2.2,,,,,,,,974.7,,0.6,,0,0,0,0,0,0,0,,,,
KLO,2012,3,23,4,2.2,,,,,,,,974.9,,0.6,,0,0,0,0,0,0,0,,,,
KLO,2012,3,23,5,1.7,,,,,,,,975,,0.7,,2,0,0,0,0,0,0,,,,
KLO,2012,3,23,6,2.5,,,,,,,,975.3,,0.4,,72,0,0,0,0,0,0,,,,
KLO,2012,3,23,7,5.6,,,,,,,,975.5,,0.4,,232,1952.9,38.3,0,0,0,0,,,,
KLO,2012,3,23,8,8.6,,,,,,,,975.5,,0.7,,404,1255.4,66.7,0,0,0,0,,,,
KLO,2012,3,23,9,11.3,,,,,,,,975.2,,0.4,,553,1093.7,91.2,0,0,0,0,,,,
KLO,2012,3,23,10,13.4,,,,,,,,975,,0.8,,656,999.2,108.2,0,0,0,0,,,,
KLO,2012,3,23,11,14.9,,,,,,,,974.5,,1.2,,703,919.9,116,0,0,0,0,,,,
KLO,2012,3,23,12,16.6,,,,,,,,974,,1.7,,696,818.4,134.9,0,0,0,0,,,,
KLO,2012,3,23,13,17.4,,,,,,,,973.5,,0.8,,638,662.5,182.4,0,0,0,0,,,,
KLO,2012,3,23,14,18,,,,,,,,972.9,,1.3,,530,459.3,234.3,0,0,0,0,,,,
KLO,2012,3,23,15,18.5,,,,,,,,972.5,,0.9,,367,196.1,257.7,0,0,0,0,,,,
KLO,2012,3,23,16,18.3,,,,,,,,972.4,,1.1,,195,32.5,180.9,0,0,0,0,,,,
KLO,2012,3,23,17,16.7,,,,,,,,972.3,,1.9,,48,1.9,47.5,0,0,0,0,,,,
KLO,2012,3,23,18,14.4,,,,,,,,972.5,,1.8,,0,0,0,0,0,0,0,,,,
KLO,2012,3,23,19,11,,,,,,,,972.9,,1.6,,0,0,0,0,0,0,0,,,,
KLO,2012,3,23,20,9.2,,,,,,,,973.3,,0.4,,0,0,0,0,0,0,0,,,,
KLO,2012,3,23,21,8.2,,,,,,,,973.4,,0.7,,0,0,0,0,0,0,0,,,,
KLO,2012,3,23,22,7.5,,,,,,,,973.5,,0.6,,0,0,0,0,0,0,0,,,,
KLO,2012,3,23,23,5.8,,,,,,,,973.4,,0.8,,0,0,0,0,0,0,0,,,,
KLO,2012,3,24,0,4.9,,,,,,,,973.3,,0.7,,0,0,0,0,0,0,0,,,,
KLO,2012,3,24,1,4.4,,,,,,,,973.3,,0.9,,0,0,0,0,0,0,0,,,,
KLO,2012,3,24,2,4.2,,,,,,,,973.2,,0.6,,0,0,0,0,0,0,0,,,,
KLO,2012,3,24,3,3.3,,,,,,,,973.3,,0.9,,0,0,0,0,0,0,0,,,,
KLO,2012,3,24,4,2.9,,,,,,,,973.5,,0.5,,0,0,0,0,0,0,0,,,,
KLO,2012,3,24,5,2.4,,,,,,,,973.8,,0.6,,3,0,0,0,0,0,0,,,,
KLO,2012,3,24,6,2.9,,,,,,,,974.2,,1,,77,0,0,0,0,0,0,,,,
KLO,2012,3,24,7,5.8,,,,,,,,974.4,,0.3,,230,1829,38,0,0,0,0,,,,
KLO,2012,3,24,8,8.7,,,,,,,,974.4,,0.9,,401,1219.7,66.2,0,0,0,0,,,,
KLO,2012,3,24,9,11.4,,,,,,,,974.5,,1,,545,1063.6,89.9,0,0,0,0,,,,
KLO,2012,3,24,10,14.2,,,,,,,,974.2,,1.4,,651,981.7,107.4,0,0,0,0,,,,
KLO,2012,3,24,11,16.5,,,,,,,,973.8,,1.2,,700,908.9,115.2,0,0,0,0,,,,
KLO,2012,3,24,12,18.1,,,,,,,,973.5,,2.2,,705,827.5,133.5,0,0,0,0,,,,
KLO,2012,3,24,13,18.1,,,,,,,,973.1,,2.2,,650,684,176.3,0,0,0,0,,,,
KLO,2012,3,24,14,18.3,,,,,,,,972.8,,2.6,,482,319,275.1,0,0,0,0,,,,
KLO,2012,3,24,15,17.1,,,,,,,,972.7,,3.3,,220,16.4,210.8,0,0,0,0,,,,
KLO,2012,3,24,16,13.7,,,,,,,,972.7,,3.8,,46,0.7,45.7,0,0,0,0,,,,
KLO,2012,3,24,17,13.3,,,,,,,,973.2,,1.4,,35,1,34.7,0,0,0,0,,,,
KLO,2012,3,24,18,12.5,,,,,,,,973.8,,1.4,,0,0,0,0,0,0,0,,,,
KLO,2012,3,24,19,11,,,,,,,,974.3,,1,,0,0,0,0,0,0,0,,,,
KLO,2012,3,24,20,8.8,,,,,,,,974.6,,1.2,,0,0,0,0,0,0,0,,,,
KLO,2012,3,24,21,8.4,,,,,,,,974.7,,1.8,,0,0,0,0,0,0,0,,,,
KLO,2012,3,24,22,7,,,,,,,,974.9,,1.8,,0,0,0,0,0,0,0,,,,
KLO,2012,3,24,23,6.1,,,,,,,,975.1,,3.3,,0,0,0,0,0,0,0,,,,
KLO,2012,3,25,0,6,,,,,,,,975,,1,,0,0,0,0,0,0,0,,,,
KLO,2012,3,25,1,5.2,,,,,,,,975.1,,1,,0,0,0,0,0,0,0,,,,
KLO,2012,3,25,2,4,,,,,,,,975.2,,0.7,,0,0,0,0,0,0,0,,,,
KLO,2012,3,25,3,3.4,,,,,,,,975.4,,0.8,,0,0,0,0,0,0,0,,,,
KLO,2012,3,25,4,3.1,,,,,,,,975.8,,0.4,,0,0,0,0,0,0,0,,,,
KLO,2012,3,25,5,2.9,,,,,,,,976.2,,1,,3,0,0,0,0,0,0,,,,
KLO,2012,3,25,6,2.9,,,,,,,,976.7,,1,,80,0,0,0,0,0,0,,,,
KLO,2012,3,25,7,7.1,,,,,,,,977,,1.4,,242,0,0,0,0,0,0,,,,
KLO,2012,3,25,8,10.5,,,,,,,,977.3,,2,,416,3134.7,68.6,0,0,0,0,,,,
KLO,2012,3,25,9,12.5,,,,,,,,977.5,,4.3,,556,1656.2,91.7,0,0,0,0,,,,
KLO,2012,3,25,10,14.3,,,,,,,,977.4,,4.4,,661,1273.1,109.1,0,0,0,0,,,,
KLO,2012,3,25,11,15.8,,,,,,,,977.2,,5.8,,714,1066.1,117.8,0,0,0,0,,,,
KLO,2012,3,25,12,16.8,,,,,,,,976.9,,7.3,,686,878,116.5,0,0,0,0,,,,
KLO,2012,3,25,13,17.8,,,,,,,,976.7,,6.3,,608,558.5,219.5,0,0,0,0,,,,
KLO,2012,3,25,14,17.4,,,,,,,,976.4,,6.1,,403,111.4,325.3,0,0,0,0,,,,
KLO,2012,3,25,15,17.7,,,,,,,,976.4,,6.7,,329,58.1,291.1,0,0,0,0,,,,
KLO,2012,3,25,16,17.3,,,,,,,,976.5,,6.9,,216,14.5,207.8,0,0,0,0,,,,
KLO,2012,3,25,17,16.2,,,,,,,,976.8,,5.7,,55,1,54.6,0,0,0,0,,,,
KLO,2012,3,25,18,14.9,,,,,,,,977.3,,4.8,,0,0,0,0,0,0,0,,,,
KLO,2012,3,25,19,13.6,,,,,,,,977.8,,4.5,,0,0,0,0,0,0,0,,,,
KLO,2012,3,25,20,12.9,,,,,,,,978.1,,4.4,,0,0,0,0,0,0,0,,,,
KLO,2012,3,25,21,11.3,,,,,,,,978.3,,3,,0,0,0,0,0,0,0,,,,
KLO,2012,3,25,22,8.9,,,,,,,,978.6,,3.2,,0,0,0,0,0,0,0,,,,
KLO,2012,3,25,23,5.9,,,,,,,,978.7,,2.5,,0,0,0,0,0,0,0,,,,
KLO,2012,3,26,0,5.7,,,,,,,,978.6,,2.1,,0,0,0,0,0,0,0,,,,
KLO,2012,3,26,1,5.7,,,,,,,,978.4,,2.1,,0,0,0,0,0,0,0,,,,
KLO,2012,3,26,2,5.6,,,,,,,,978.5,,1.2,,0,0,0,0,0,0,0,,,,
KLO,2012,3,26,3,4.4,,,,,,,,978.6,,0.5,,0,0,0,0,0,0,0,,,,
KLO,2012,3,26,4,3.3,,,,,,,,978.8,,1.9,,0,0,0,0,0,0,0,,,,
KLO,2012,3,26,5,3.9,,,,,,,,979.2,,1.7,,4,0,0,0,0,0,0,,,,
KLO,2012,3,26,6,5.1,,,,,,,,979.7,,1,,100,0,0,0,0,0,0,,,,
KLO,2012,3,26,7,9.2,,,,,,,,980.1,,2.7,,280,0,0,0,0,0,0,,,,
KLO,2012,3,26,8,10.9,,,,,,,,980.3,,2.2,,454,3250.8,74.9,0,0,0,0,,,,
KLO,2012,3,26,9,12.8,,,,,,,,980,,3,,597,1742.4,98.5,0,0,0,0,,,,
KLO,2012,3,26,10,14.8,,,,,,,,979.9,,5.6,,696,1323.3,114.8,0,0,0,0,,,,
KLO,2012,3,26,11,16.7,,,,,,,,979.5,,5.7,,750,1109.1,123.8,0,0,0,0,,,,
KLO,2012,3,26,12,17.5,,,,,,,,979.3,,6,,739,943.7,121.9,0,0,0,0,,,,
KLO,2012,3,26,13,18.6,,,,,,,,979.1,,5.1,,679,741.8,159.2,0,0,0,0,,,,
KLO,2012,3,26,14,18.2,,,,,,,,978.9,,5.3,,571,443,260,0,0,0,0,,,,
KLO,2012,3,26,15,17.9,,,,,,,,978.5,,5.7,,416,166.5,306.5,0,0,0,0,,,,
KLO,2012,3,26,16,17.4,,,,,,,,978.2,,5.2,,239,23.1,225.8,0,0,0,0,,,,
KLO,2012,3,26,17,16.1,,,,,,,,978.3,,4,,64,1.3,63.4,0,0,0,0,,,,
KLO,2012,3,26,18,14.3,,,,,,,,978.8,,4,,1,0,1,0,0,0,0,,,,
KLO,2012,3,26,19,12.9,,,,,,,,979.3,,4.6,,0,0,0,0,0,0,0,,,,
KLO,2012,3,26,20,11.4,,,,,,,,979.6,,4.6,,0,0,0,0,0,0,0,,,,
KLO,2012,3,26,21,9.9,,,,,,,,979.6,,2.5,,0,0,0,0,0,0,0,,,,
KLO,2012,3,26,22,6.5,,,,,,,,979.6,,3.3,,0,0,0,0,0,0,0,,,,
KLO,2012,3,26,23,7.9,,,,,,,,979.4,,3.8,,0,0,0,0,0,0,0,,,,
KLO,2012,3,27,0,6.4,,,,,,,,979.4,,3.1,,0,0,0,0,0,0,0,,,,
KLO,2012,3,27,1,4.8,,,,,,,,979.4,,1.5,,0,0,0,0,0,0,0,,,,
KLO,2012,3,27,2,3.5,,,,,,,,979.4,,0.7,,0,0,0,0,0,0,0,,,,
KLO,2012,3,27,3,2.9,,,,,,,,979.4,,0.8,,0,0,0,0,0,0,0,,,,
KLO,2012,3,27,4,3.1,,,,,,,,979.6,,0.9,,0,0,0,0,0,0,0,,,,
KLO,2012,3,27,5,2.5,,,,,,,,980,,0.8,,3,0,0,0,0,0,0,,,,
KLO,2012,3,27,6,5.6,,,,,,,,980.4,,1.9,,95,0,0,0,0,0,0,,,,
KLO,2012,3,27,7,8.3,,,,,,,,980.7,,1.7,,272,0,0,0,0,0,0,,,,
KLO,2012,3,27,8,10.1,,,,,,,,980.9,,1.8,,460,3137.8,75.9,0,0,0,0,,,,
KLO,2012,3,27,9,12.3,,,,,,,,980.9,,2.2,,604,1728,99.7,0,0,0,0,,,,
KLO,2012,3,27,10,14.5,,,,,,,,980.7,,5,,703,1319.8,116,0,0,0,0,,,,
KLO,2012,3,27,11,15.9,,,,,,,,980.4,,5.1,,759,1111.8,125.2,0,0,0,0,,,,
KLO,2012,3,27,12,16.9,,,,,,,,980,,5.6,,751,951.5,123.9,0,0,0,0,,,,
KLO,2012,3,27,13,17.3,,,,,,,,979.5,,5.7,,675,719.6,167.2,0,0,0,0,,,,
KLO,2012,3,27,14,17.5,,,,,,,,979,,4.7,,535,343.5,292.3,0,0,0,0,,,,
KLO,2012,3,27,15,17.5,,,,,,,,978.8,,4.7,,424,175.9,307.6,0,0,0,0,,,,
KLO,2012,3,27,16,17.1,,,,,,,,978.5,,4.5,,255,30.9,237.2,0,0,0,0,,,,
KLO,2012,3,27,17,15.7,,,,,,,,978.5,,4,,75,1.8,74.2,0,0,0,0,,,,
KLO,2012,3,27,18,13.7,,,,,,,,978.6,,3.5,,0,0,0,0,0,0,0,,,,
KLO,2012,3,27,19,10.4,,,,,,,,978.9,,2.6,,0,0,0,0,0,0,0,,,,
KLO,2012,3,27,20,9,,,,,,,,979.1,,3.3,,0,0,0,0,0,0,0,,,,
KLO,2012,3,27,21,8.4,,,,,,,,979.2,,4.3,,0,0,0,0,0,0,0,,,,
KLO,2012,3,27,22,8.2,,,,,,,,979.2,,3.8,,0,0,0,0,0,0,0,,,,
KLO,2012,3,27,23,7.3,,,,,,,,978.8,,2.8,,0,0,0,0,0,0,0,,,,
KLO,2012,3,28,0,6.1,,,,,,,,978.7,,2.8,,0,0,0,0,0,0,0,,,,
KLO,2012,3,28,1,5.1,,,,,,,,978.4,,0.9,,0,0,0,0,0,0,0,,,,
KLO,2012,3,28,2,3.2,,,,,,,,977.9,,2.3,,0,0,0,0,0,0,0,,,,
KLO,2012,3,28,3,4.4,,,,,,,,977.6,,1.3,,0,0,0,0,0,0,0,,,,
KLO,2012,3,28,4,4.4,,,,,,,,977.6,,1.4,,0,0,0,0,0,0,0,,,,
KLO,2012,3,28,5,3.4,,,,,,,,977.6,,2.8,,6,0,0,0,0,0,0,,,,
KLO,2012,3,28,6,5.3,,,,,,,,977.9,,2.3,,109,0,0,0,0,0,0,,,,
KLO,2012,3,28,7,8.6,,,,,,,,977.9,,1.6,,293,0,0,0,0,0,0,,,,
KLO,2012,3,28,8,10.7,,,,,,,,977.9,,1.6,,468,3048.4,77.2,0,0,0,0,,,,
KLO,2012,3,28,9,12.9,,,,,,,,977.5,,1.6,,610,1711.6,100.7,0,0,0,0,,,,
KLO,2012,3,28,10,15.7,,,,,,,,977,,3.2,,709,1314.6,117,0,0,0,0,,,,
KLO,2012,3,28,11,17.4,,,,,,,,976.5,,4,,757,1098.5,124.9,0,0,0,0,,,,
KLO,2012,3,28,12,18.4,,,,,,,,976,,4.3,,741,931.6,122.3,0,0,0,0,,,,
KLO,2012,3,28,13,19.5,,,,,,,,975.4,,4.1,,674,705.3,172.9,0,0,0,0,,,,
KLO,2012,3,28,14,19.6,,,,,,,,974.6,,3.2,,566,411.7,273.1,0,0,0,0,,,,
KLO,2012,3,28,15,19.7,,,,,,,,974.1,,2.2,,414,154.4,311.1,0,0,0,0,,,,
KLO,2012,3,28,16,19.4,,,,,,,,973.8,,1.6,,236,20.2,224.3,0,0,0,0,,,,
KLO,2012,3,28,17,18.3,,,,,,,,973.7,,1.8,,63,1.3,62.4,0,0,0,0,,,,
KLO,2012,3,28,18,14.7,,,,,,,,973.8,,1.2,,0,0,0,0,0,0,0,,,,
KLO,2012,3,28,19,12.1,,,,,,,,974,,1,,0,0,0,0,0,0,0,,,,
KLO,2012,3,28,20,9.9,,,,,,,,974.2,,0.5,,0,0,0,0,0,0,0,,,,
KLO,2012,3,28,21,8.4,,,,,,,,974.3,,1.1,,0,0,0,0,0,0,0,,,,
KLO,2012,3,28,22,7.9,,,,,,,,974.3,,1.4,,0,0,0,0,0,0,0,,,,
KLO,2012,3,28,23,7.1,,,,,,,,974.2,,0.9,,0,0,0,0,0,0,0,,,,
KLO,2012,3,29,0,5.9,,,,,,,,974,,0.5,,0,0,0,0,0,0,0,,,,
KLO,2012,3,29,1,5.3,,,,,,,,973.6,,1.2,,0,0,0,0,0,0,0,,,,
KLO,2012,3,29,2,4.8,,,,,,,,973.1,,1.3,,0,0,0,0,0,0,0,,,,
KLO,2012,3,29,3,4.6,,,,,,,,972.7,,1.2,,0,0,0,0,0,0,0,,,,
KLO,2012,3,29,4,4.1,,,,,,,,972.6,,0.6,,0,0,0,0,0,0,0,,,,
KLO,2012,3,29,5,3.8,,,,,,,,972.5,,1.1,,6,0,0,0,0,0,0,,,,
KLO,2012,3,29,6,4.9,,,,,,,,973,,0.8,,68,0,0,0,0,0,0,,,,
KLO,2012,3,29,7,7,,,,,,,,973.1,,0.8,,180,0,0,0,0,0,0,,,,
KLO,2012,3,29,8,10.2,,,,,,,,973.1,,0.5,,443,2761.3,73.1,0,0,0,0,,,,
KLO,2012,3,29,9,12.6,,,,,,,,972.9,,1,,598,1646.4,98.7,0,0,0,0,,,,
KLO,2012,3,29,10,14.9,,,,,,,,972.4,,1,,679,1243.7,112,0,0,0,0,,,,
KLO,2012,3,29,11,16.7,,,,,,,,971.5,,1.1,,730,1049.6,120.5,0,0,0,0,,,,
KLO,2012,3,29,12,17.6,,,,,,,,970.6,,1.3,,742,925.8,122.4,0,0,0,0,,,,
KLO,2012,3,29,13,18.8,,,,,,,,969.8,,2.9,,647,621,202.8,0,0,0,0,,,,
KLO,2012,3,29,14,19.1,,,,,,,,969.1,,3.2,,441,149.2,334.1,0,0,0,0,,,,
KLO,2012,3,29,15,19.1,,,,,,,,968.5,,4.2,,352,71.4,304.1,0,0,0,0,,,,
KLO,2012,3,29,16,17.2,,,,,,,,968.4,,5.6,,88,1.5,87.1,0,0,0,0,,,,
KLO,2012,3,29,17,15.8,,,,,,,,968.7,,4.4,,26,0.2,25.9,0,0,0,0,,,,
KLO,2012,3,29,18,14.3,,,,,,,,968.9,,2.3,,0,0,0,0,0,0,0,,,,
KLO,2012,3,29,19,14,,,,,,,,969.3,,4,,0,0,0,0,0,0,0,,,,
KLO,2012,3,29,20,13.2,,,,,,,,969.6,,3.2,,0,0,0,0,0,0,0,,,,
KLO,2012,3,29,21,12.5,,,,,,,,969.5,,1.3,,0,0,0,0,0,0,0,,,,
KLO,2012,3,29,22,12.1,,,,,,,,969.5,,1,,0,0,0,0,0,0,0,,,,
KLO,2012,3,29,23,11.7,,,,,,,,969.6,,1.4,,0,0,0,0,0,0,0,,,,
KLO,2012,3,30,0,10.7,,,,,,,,969.5,,2.1,,0,0,0,0,0,0,0,,,,
KLO,2012,3,30,1,10.7,,,,,,,,969,,1.2,,0,0,0,0,0,0,0,,,,
KLO,2012,3,30,2,10.4,,,,,,,,968.6,,1.1,,0,0,0,0,0,0,0,,,,
KLO,2012,3,30,3,9.6,,,,,,,,968.5,,1.5,,0,0,0,0,0,0,0,,,,
KLO,2012,3,30,4,8.9,,,,,,,,968.4,,1.8,,0,0,0,0,0,0,0,,,,
KLO,2012,3,30,5,9.2,,,,,,,,968.6,,2.1,,3,0,0,0,0,0,0,,,,
KLO,2012,3,30,6,9.5,,,,,,,,969.1,,2.3,,43,0,0,0,0,0,0,,,,
KLO,2012,3,30,7,10,,,,,,,,969.4,,2.3,,82,0,0,0,0,0,0,,,,
KLO,2012,3,30,8,10.4,,,,,,,,969.5,,1.7,,148,881.1,24.9,0,0,0,0,,,,
KLO,2012,3,30,9,11.6,,,,,,,,969.7,,2,,275,593.6,91.6,0,0,0,0,,,,
KLO,2012,3,30,10,12.1,,,,,,,,969.6,,3.1,,218,42.8,198.2,0,0,0,0,,,,
KLO,2012,3,30,11,12.2,,,,,,,,969.3,,3.4,,111,2.4,109.6,0,0,0,0,,,,
KLO,2012,3,30,12,13.2,,,,,,,,968.8,,3.8,,340,59,300.2,0,0,0,0,,,,
KLO,2012,3,30,13,14.3,,,,,,,,968.4,,3,,461,176.6,333.8,0,0,0,0,,,,
KLO,2012,3,30,14,14.2,,,,,,,,967.9,,2.1,,285,17.5,272.4,0,0,0,0,,,,
KLO,2012,3,30,15,14.7,,,,,,,,967.4,,2.6,,221,7.7,215.8,0,0,0,0,,,,
KLO,2012,3,30,16,14.6,,,,,,,,967.2,,3,,179,6.2,175.3,0,0,0,0,,,,
KLO,2012,3,30,17,12.9,,,,,,,,967.2,,2.3,,68,1.4,67.3,0,0,0,0,,,,
KLO,2012,3,30,18,11.6,,,,,,,,967.3,,2.4,,1,0,1,0,0,0,0,,,,
KLO,2012,3,30,19,8.6,,,,,,,,967.7,,0.4,,0,0,0,0,0,0,0,,,,
KLO,2012,3,30,20,7.2,,,,,,,,967.6,,1.4,,0,0,0,0,0,0,0,,,,
KLO,2012,3,30,21,7.3,,,,,,,,967.4,,1.2,,0,0,0,0,0,0,0,,,,
KLO,2012,3,30,22,7.5,,,,,,,,967.1,,1.6,,0,0,0,0,0,0,0,,,,
KLO,2012,3,30,23,6.7,,,,,,,,966.6,,1.5,,0,0,0,0,0,0,0,,,,
KLO,2012,3,31,0,5.7,,,,,,,,966.1,,0.6,,0,0,0,0,0,0,0,,,,
KLO,2012,3,31,1,3.2,,,,,,,,965.6,,1.5,,0,0,0,0,0,0,0,,,,
KLO,2012,3,31,2,3.1,,,,,,,,965.2,,1.1,,0,0,0,0,0,0,0,,,,
KLO,2012,3,31,3,2.6,,,,,,,,964.9,,0.4,,0,0,0,0,0,0,0,,,,
KLO,2012,3,31,4,2.3,,,,,,,,964.6,,1.3,,0,0,0,0,0,0,0,,,,
KLO,2012,3,31,5,2.6,,,,,,,,964.3,,1.9,,11,0,0,0,0,0,0,,,,
KLO,2012,3,31,6,3.7,,,,,,,,964.3,,0.6,,124,0,0,0,0,0,0,,,,
KLO,2012,3,31,7,8.1,,,,,,,,964,,1.6,,300,0,0,0,0,0,0,,,,
KLO,2012,3,31,8,10.5,,,,,,,,963.5,,1.4,,481,2761.5,79.4,0,0,0,0,,,,
KLO,2012,3,31,9,12.7,,,,,,,,963,,1.9,,608,1613.8,100.3,0,0,0,0,,,,
KLO,2012,3,31,10,14.2,,,,,,,,962.5,,2.5,,726,1298.6,119.8,0,0,0,0,,,,
KLO,2012,3,31,11,15.4,,,,,,,,961.7,,3.3,,773,1091.7,127.5,0,0,0,0,,,,
KLO,2012,3,31,12,16.4,,,,,,,,961,,2.6,,727,892.9,120.4,0,0,0,0,,,,
KLO,2012,3,31,13,17.7,,,,,,,,960.3,,4.9,,667,652.9,193.7,0,0,0,0,,,,
KLO,2012,3,31,14,17.7,,,,,,,,959.6,,5.7,,573,403.8,280.2,0,0,0,0,,,,
KLO,2012,3,31,15,17.2,,,,,,,,959.1,,5.8,,356,71.2,307.6,0,0,0,0,,,,
KLO,2012,3,31,16,16.6,,,,,,,,959.2,,5.4,,238,19.1,226.7,0,0,0,0,,,,
KLO,2012,3,31,17,15.1,,,,,,,,959.5,,3.9,,65,1.3,64.4,0,0,0,0,,,,
KLO,2012,3,31,18,13.4,,,,,,,,960.2,,6.2,,2,0,2,0,0,0,0,,,,
KLO,2012,3,31,19,11.5,,,,,,,,961.3,,6.2,,0,0,0,0,0,0,0,,,,
KLO,2012,3,31,20,9.4,,,,,,,,961.8,,5.4,,0,0,0,0,0,0,0,,,,
KLO,2012,3,31,21,9.5,,,,,,,,962.4,,2.9,,0,0,0,0,0,0,0,,,,
KLO,2012,3,31,22,9.1,,,,,,,,962.9,,2.8,,0,0,0,0,0,0,0,,,,
KLO,2012,3,31,23,8.8,,,,,,,,963.2,,5.1,,0,0,0,0,0,0,0,,,,
KLO,2012,4,1,0,7.1,,,,,,,,963.8,,6.1,,0,0,0,0,0,0,0,,,,
KLO,2012,4,1,1,6.6,,,,,,,,963.9,,4.6,,0,0,0,0,0,0,0,,,,
KLO,2012,4,1,2,6.3,,,,,,,,964.1,,3.9,,0,0,0,0,0,0,0,,,,
KLO,2012,4,1,3,5.8,,,,,,,,964.3,,4.2,,0,0,0,0,0,0,0,,,,
KLO,2012,4,1,4,5.4,,,,,,,,964.4,,4.8,,0,0,0,0,0,0,0,,,,
KLO,2012,4,1,5,4.9,,,,,,,,964.6,,4.6,,5,0,0,0,0,0,0,,,,
KLO,2012,4,1,6,5,,,,,,,,964.8,,4.9,,125,0,0,0,0,0,0,,,,
KLO,2012,4,1,7,5.6,,,,,,,,965,,6.2,,315,0,0,0,0,0,0,,,,
KLO,2012,4,1,8,6.5,,,,,,,,965.3,,6.3,,488,2696,80.5,0,0,0,0,,,,
KLO,2012,4,1,9,7.7,,,,,,,,965.3,,5.3,,637,1661.2,105.1,0,0,0,0,,,,
KLO,2012,4,1,10,8.9,,,,,,,,965.2,,6.1,,735,1299.6,121.3,0,0,0,0,,,,
KLO,2012,4,1,11,9.5,,,,,,,,964.8,,5,,781,1093.4,128.9,0,0,0,0,,,,
KLO,2012,4,1,12,10.9,,,,,,,,964.4,,3.9,,776,947,128,0,0,0,0,,,,
KLO,2012,4,1,13,11,,,,,,,,963.8,,4.3,,716,767.1,156.3,0,0,0,0,,,,
KLO,2012,4,1,14,11.5,,,,,,,,963.3,,3.9,,609,487.4,253.5,0,0,0,0,,,,
KLO,2012,4,1,15,11.5,,,,,,,,962.9,,4.1,,453,204.7,313,0,0,0,0,,,,
KLO,2012,4,1,16,11.1,,,,,,,,962.6,,4.1,,269,34.2,248.6,0,0,0,0,,,,
KLO,2012,4,1,17,10.2,,,,,,,,962.5,,3.4,,77,1.8,76.2,0,0,0,0,,,,
KLO,2012,4,1,18,8.1,,,,,,,,962.7,,2.2,,2,0,2,0,0,0,0,,,,
KLO,2012,4,1,19,5.9,,,,,,,,963.2,,1.1,,0,0,0,0,0,0,0,,,,
KLO,2012,4,1,20,3,,,,,,,,963.3,,1.7,,0,0,0,0,0,0,0,,,,
KLO,2012,4,1,21,2.6,,,,,,,,962.9,,1.7,,0,0,0,0,0,0,0,,,,
KLO,2012,4,1,22,1.9,,,,,,,,962.8,,1.8,,0,0,0,0,0,0,0,,,,
KLO,2012,4,1,23,1.6,,,,,,,,962.8,,2.5,,0,0,0,0,0,0,0,,,,
KLO,2012,4,2,0,1.8,,,,,,,,963,,2.3,,0,0,0,0,0,0,0,,,,
KLO,2012,4,2,1,1.1,,,,,,,,962.7,,2.5,,0,0,0,0,0,0,0,,,,
KLO,2012,4,2,2,0.4,,,,,,,,962.2,,1.6,,0,0,0,0,0,0,0,,,,
KLO,2012,4,2,3,-0.6,,,,,,,,961.9,,1.5,,0,0,0,0,0,0,0,,,,
KLO,2012,4,2,4,-1.3,,,,,,,,961.6,,2.1,,0,0,0,0,0,0,0,,,,
KLO,2012,4,2,5,-0.4,,,,,,,,961.5,,1.6,,14,0,0,0,0,0,0,,,,
KLO,2012,4,2,6,1.6,,,,,,,,961.6,,0.7,,150,0,0,0,0,0,0,,,,
KLO,2012,4,2,7,4.3,,,,,,,,961.4,,0.9,,340,0,0,0,0,0,0,,,,
KLO,2012,4,2,8,6.9,,,,,,,,961.2,,1.2,,441,2348.1,72.8,0,0,0,0,,,,
KLO,2012,4,2,9,9.2,,,,,,,,961,,1.7,,626,1604.6,103.3,0,0,0,0,,,,
KLO,2012,4,2,10,11.2,,,,,,,,960.4,,2.5,,737,1288.5,121.6,0,0,0,0,,,,
KLO,2012,4,2,11,12.7,,,,,,,,959.6,,1.3,,779,1081.3,128.5,0,0,0,0,,,,
KLO,2012,4,2,12,13.8,,,,,,,,958.7,,1.2,,764,925.7,126.1,0,0,0,0,,,,
KLO,2012,4,2,13,15.1,,,,,,,,957.9,,1.3,,699,714.8,174.1,0,0,0,0,,,,
KLO,2012,4,2,14,16.4,,,,,,,,957,,1.7,,586,419.8,277.9,0,0,0,0,,,,
KLO,2012,4,2,15,16.8,,,,,,,,956.1,,1.3,,428,157,320,0,0,0,0,,,,
KLO,2012,4,2,16,17,,,,,,,,955.4,,1.2,,250,22.9,236.3,0,0,0,0,,,,
KLO,2012,4,2,17,16.5,,,,,,,,955,,1.1,,75,1.6,74.2,0,0,0,0,,,,
KLO,2012,4,2,18,13.2,,,,,,,,955,,1.1,,2,0,2,0,0,0,0,,,,
KLO,2012,4,2,19,10.5,,,,,,,,955.4,,0.6,,0,0,0,0,0,0,0,,,,
KLO,2012,4,2,20,9,,,,,,,,955.7,,1.1,,0,0,0,0,0,0,0,,,,
KLO,2012,4,2,21,8.4,,,,,,,,955.6,,1.7,,0,0,0,0,0,0,0,,,,
KLO,2012,4,2,22,6.9,,,,,,,,955.6,,1.1,,0,0,0,0,0,0,0,,,,
KLO,2012,4,2,23,5.6,,,,,,,,955.6,,0.9,,0,0,0,0,0,0,0,,,,
KLO,2012,4,3,0,5.3,,,,,,,,955.5,,1.7,,0,0,0,0,0,0,0,,,,
KLO,2012,4,3,1,5.3,,,,,,,,955.5,,1.5,,0,0,0,0,0,0,0,,,,
KLO,2012,4,3,2,4.8,,,,,,,,955.5,,1,,0,0,0,0,0,0,0,,,,
KLO,2012,4,3,3,5.9,,,,,,,,955.3,,2.1,,0,0,0,0,0,0,0,,,,
KLO,2012,4,3,4,7,,,,,,,,955.3,,1.8,,0,0,0,0,0,0,0,,,,
KLO,2012,4,3,5,9,,,,,,,,955.4,,2.4,,4,0,0,0,0,0,0,,,,
KLO,2012,4,3,6,11,,,,,,,,955.6,,3.8,,32,0,0,0,0,0,0,,,,
KLO,2012,4,3,7,11.9,,,,,,,,956,,4.5,,68,0,0,0,0,0,0,,,,
KLO,2012,4,3,8,13.1,,,,,,,,956.3,,2.9,,207,1063.8,34.2,0,0,0,0,,,,
KLO,2012,4,3,9,14.3,,,,,,,,956.5,,4.6,,419,1056.1,69.1,0,0,0,0,,,,
KLO,2012,4,3,10,15.7,,,,,,,,956.3,,5.5,,600,1037.4,99,0,0,0,0,,,,
KLO,2012,4,3,11,15.8,,,,,,,,955.9,,4.1,,489,434.4,225.5,0,0,0,0,,,,
KLO,2012,4,3,12,16.7,,,,,,,,955.3,,2.4,,590,518.3,230.3,0,0,0,0,,,,
KLO,2012,4,3,13,17.5,,,,,,,,954.4,,2.1,,581,398.5,286.6,0,0,0,0,,,,
KLO,2012,4,3,14,18,,,,,,,,953.6,,2.1,,419,104.4,341.9,0,0,0,0,,,,
KLO,2012,4,3,15,16,,,,,,,,953.2,,3.7,,113,1.8,111.8,0,0,0,0,,,,
KLO,2012,4,3,16,13.3,,,,,,,,953.2,,2.7,,57,0.6,56.6,0,0,0,0,,,,
KLO,2012,4,3,17,12,,,,,,,,952.7,,2.1,,33,0.3,32.9,0,0,0,0,,,,
KLO,2012,4,3,18,11.6,,,,,,,,953.8,,3.2,,0,0,0,0,0,0,0,,,,
KLO,2012,4,3,19,10.3,,,,,,,,955,,1.3,,0,0,0,0,0,0,0,,,,
KLO,2012,4,3,20,10.7,,,,,,,,955.8,,2.7,,0,0,0,0,0,0,0,,,,
KLO,2012,4,3,21,10.7,,,,,,,,955.6,,1.7,,0,0,0,0,0,0,0,,,,
KLO,2012,4,3,22,10.5,,,,,,,,955.3,,4,,0,0,0,0,0,0,0,,,,
KLO,2012,4,3,23,10.4,,,,,,,,955.8,,3.1,,0,0,0,0,0,0,0,,,,
KLO,2012,4,4,0,9.7,,,,,,,,956.4,,3.2,,0,0,0,0,0,0,0,,,,
KLO,2012,4,4,1,9.1,,,,,,,,956.6,,2,,0,0,0,0,0,0,0,,,,
KLO,2012,4,4,2,8.9,,,,,,,,956.5,,1.3,,0,0,0,0,0,0,0,,,,
KLO,2012,4,4,3,8.9,,,,,,,,956.4,,1.5,,0,0,0,0,0,0,0,,,,
KLO,2012,4,4,4,9,,,,,,,,956.3,,0.6,,0,0,0,0,0,0,0,,,,
KLO,2012,4,4,5,9,,,,,,,,956.5,,1,,0,0,0,0,0,0,0,,,,
KLO,2012,4,4,6,9.3,,,,,,,,956.7,,0.6,,22,0,0,0,0,0,0,,,,
KLO,2012,4,4,7,10,,,,,,,,957,,0.5,,82,0,0,0,0,0,0,,,,
KLO,2012,4,4,8,10.2,,,,,,,,957.3,,2.1,,194,963.7,32,0,0,0,0,,,,
KLO,2012,4,4,9,10.4,,,,,,,,957.8,,2.4,,141,23.5,133.1,0,0,0,0,,,,
KLO,2012,4,4,10,10.4,,,,,,,,958.2,,2.5,,138,5.3,135.4,0,0,0,0,,,,
KLO,2012,4,4,11,11,,,,,,,,958.3,,2.7,,185,6.1,181.2,0,0,0,0,,,,
KLO,2012,4,4,12,11,,,,,,,,958.4,,2.8,,173,4,170.2,0,0,0,0,,,,
KLO,2012,4,4,13,11.3,,,,,,,,958.4,,2.9,,241,7.5,235.4,0,0,0,0,,,,
KLO,2012,4,4,14,11.6,,,,,,,,958.4,,2.1,,293,17.5,280,0,0,0,0,,,,
KLO,2012,4,4,15,11.7,,,,,,,,958.2,,1.1,,196,5.2,192.4,0,0,0,0,,,,
KLO,2012,4,4,16,11.5,,,,,,,,958.1,,1.1,,74,1,73.4,0,0,0,0,,,,
KLO,2012,4,4,17,11.1,,,,,,,,958.2,,0.4,,33,0.3,32.9,0,0,0,0,,,,
KLO,2012,4,4,18,10.7,,,,,,,,958.4,,0.9,,1,0,1,0,0,0,0,,,,
KLO,2012,4,4,19,10.6,,,,,,,,958.9,,1.3,,0,0,0,0,0,0,0,,,,
KLO,2012,4,4,20,10.5,,,,,,,,959.1,,1.6,,0,0,0,0,0,0,0,,,,
KLO,2012,4,4,21,10.3,,,,,,,,959.1,,2.6,,0,0,0,0,0,0,0,,,,
KLO,2012,4,4,22,10,,,,,,,,959,,4.8,,0,0,0,0,0,0,0,,,,
KLO,2012,4,4,23,9.5,,,,,,,,959,,3.3,,0,0,0,0,0,0,0,,,,
KLO,2012,4,5,0,9.3,,,,,,,,958.7,,3.1,,0,0,0,0,0,0,0,,,,
KLO,2012,4,5,1,9,,,,,,,,958.4,,3.1,,0,0,0,0,0,0,0,,,,
KLO,2012,4,5,2,9,,,,,,,,958.4,,2.4,,0,0,0,0,0,0,0,,,,
KLO,2012,4,5,3,9.1,,,,,,,,958.3,,2.3,,0,0,0,0,0,0,0,,,,
KLO,2012,4,5,4,8.8,,,,,,,,958.4,,2.9,,0,0,0,0,0,0,0,,,,
KLO,2012,4,5,5,8.6,,,,,,,,958.6,,2.9,,0,0,0,0,0,0,0,,,,
KLO,2012,4,5,6,8.8,,,,,,,,959.1,,3.2,,7,0,0,0,0,0,0,,,,
KLO,2012,4,5,7,8.9,,,,,,,,959.4,,3.8,,25,0,0,0,0,0,0,,,,
KLO,2012,4,5,8,9,,,,,,,,959.8,,3.7,,61,10.2,59.2,0,0,0,0,,,,
KLO,2012,4,5,9,9.3,,,,,,,,960.1,,4,,127,13.1,122.5,0,0,0,0,,,,
KLO,2012,4,5,10,9.6,,,,,,,,960.2,,3.1,,109,3.2,107.4,0,0,0,0,,,,
KLO,2012,4,5,11,9.7,,,,,,,,960.3,,2.4,,72,0.9,71.4,0,0,0,0,,,,
KLO,2012,4,5,12,9.8,,,,,,,,960.2,,2.5,,81,0.9,80.4,0,0,0,0,,,,
KLO,2012,4,5,13,9.9,,,,,,,,960.2,,2.6,,46,0.2,45.8,0,0,0,0,,,,
KLO,2012,4,5,14,9.8,,,,,,,,960.1,,2.8,,58,0.4,57.7,0,0,0,0,,,,
KLO,2012,4,5,15,9.4,,,,,,,,960.2,,3.4,,23,0.1,23,0,0,0,0,,,,
KLO,2012,4,5,16,8.9,,,,,,,,960.3,,3.6,,16,0,16,0,0,0,0,,,,
KLO,2012,4,5,17,8.6,,,,,,,,960.5,,3.5,,9,0,9,0,0,0,0,,,,
KLO,2012,4,5,18,8.3,,,,,,,,960.9,,3.5,,0,0,0,0,0,0,0,,,,
KLO,2012,4,5,19,8.1,,,,,,,,961.5,,2.9,,0,0,0,0,0,0,0,,,,
KLO,2012,4,5,20,8.1,,,,,,,,961.8,,2.8,,0,0,0,0,0,0,0,,,,
KLO,2012,4,5,21,8,,,,,,,,961.7,,3,,0,0,0,0,0,0,0,,,,
KLO,2012,4,5,22,7.9,,,,,,,,961.5,,2.7,,0,0,0,0,0,0,0,,,,
KLO,2012,4,5,23,7.8,,,,,,,,961.3,,2.7,,0,0,0,0,0,0,0,,,,
KLO,2012,4,6,0,7.7,,,,,,,,960.9,,2.7,,0,0,0,0,0,0,0,,,,
KLO,2012,4,6,1,7.7,,,,,,,,960.5,,1.7,,0,0,0,0,0,0,0,,,,
KLO,2012,4,6,2,7.7,,,,,,,,960.3,,2.1,,0,0,0,0,0,0,0,,,,
KLO,2012,4,6,3,7.7,,,,,,,,960.3,,2,,0,0,0,0,0,0,0,,,,
KLO,2012,4,6,4,7.6,,,,,,,,960.1,,1.9,,0,0,0,0,0,0,0,,,,
KLO,2012,4,6,5,7.6,,,,,,,,960.1,,2,,1,0,0,0,0,0,0,,,,
KLO,2012,4,6,6,7.6,,,,,,,,960.5,,2.2,,15,0,0,0,0,0,0,,,,
KLO,2012,4,6,7,7.8,,,,,,,,960.5,,1.7,,41,0,0,0,0,0,0,,,,
KLO,2012,4,6,8,8.3,,,,,,,,960.8,,1.1,,70,16.7,67,0,0,0,0,,,,
KLO,2012,4,6,9,8.7,,,,,,,,960.8,,1.9,,202,117.1,161.3,0,0,0,0,,,,
KLO,2012,4,6,10,9.4,,,,,,,,960.5,,1.2,,272,87.4,228.4,0,0,0,0,,,,
KLO,2012,4,6,11,10.2,,,,,,,,960,,1.3,,358,112.4,288.2,0,0,0,0,,,,
KLO,2012,4,6,12,11.4,,,,,,,,959.4,,1.3,,561,410.9,270,0,0,0,0,,,,
KLO,2012,4,6,13,12,,,,,,,,959,,1.6,,333,31.4,309.4,0,0,0,0,,,,
KLO,2012,4,6,14,12.2,,,,,,,,958.4,,1.5,,335,32.6,310.5,0,0,0,0,,,,
KLO,2012,4,6,15,12.3,,,,,,,,957.9,,1.4,,196,5.1,192.4,0,0,0,0,,,,
KLO,2012,4,6,16,12,,,,,,,,957.6,,0.9,,64,0.7,63.6,0,0,0,0,,,,
KLO,2012,4,6,17,11.8,,,,,,,,957.4,,1.5,,33,0.3,32.9,0,0,0,0,,,,
KLO,2012,4,6,18,11.2,,,,,,,,957.3,,1.3,,3,0,3,0,0,0,0,,,,
KLO,2012,4,6,19,9.7,,,,,,,,957.6,,0.6,,0,0,0,0,0,0,0,,,,
KLO,2012,4,6,20,7.8,,,,,,,,957.6,,1.6,,0,0,0,0,0,0,0,,,,
KLO,2012,4,6,21,8.4,,,,,,,,957.4,,1.3,,0,0,0,0,0,0,0,,,,
KLO,2012,4,6,22,7,,,,,,,,957.3,,1.6,,0,0,0,0,0,0,0,,,,
KLO,2012,4,6,23,6.3,,,,,,,,956.9,,1,,0,0,0,0,0,0,0,,,,
KLO,2012,4,7,0,5.7,,,,,,,,956.3,,1.3,,0,0,0,0,0,0,0,,,,
KLO,2012,4,7,1,6,,,,,,,,955.7,,1.1,,0,0,0,0,0,0,0,,,,
KLO,2012,4,7,2,6.5,,,,,,,,955.4,,1,,0,0,0,0,0,0,0,,,,
KLO,2012,4,7,3,6.9,,,,,,,,955.1,,1.1,,0,0,0,0,0,0,0,,,,
KLO,2012,4,7,4,7.1,,,,,,,,955,,1.2,,0,0,0,0,0,0,0,,,,
KLO,2012,4,7,5,7.4,,,,,,,,954.8,,0.9,,3,0,0,0,0,0,0,,,,
KLO,2012,4,7,6,7.8,,,,,,,,954.8,,0.4,,38,0,0,0,0,0,0,,,,
KLO,2012,4,7,7,8.3,,,,,,,,955.1,,1.1,,92,0,0,0,0,0,0,,,,
KLO,2012,4,7,8,8.5,,,,,,,,955.5,,1.7,,81,30,75.5,0,0,0,0,,,,
KLO,2012,4,7,9,9.3,,,,,,,,955.5,,1.3,,323,648,94.3,0,0,0,0,,,,
KLO,2012,4,7,10,10,,,,,,,,955.2,,0.9,,245,50.4,219.6,0,0,0,0,,,,
KLO,2012,4,7,11,9.7,,,,,,,,955.2,,3.5,,122,2.5,120.4,0,0,0,0,,,,
KLO,2012,4,7,12,10.1,,,,,,,,955,,3,,337,43.8,305.8,0,0,0,0,,,,
KLO,2012,4,7,13,11,,,,,,,,954.5,,1.6,,304,19.3,289.4,0,0,0,0,,,,
KLO,2012,4,7,14,10.1,,,,,,,,954.6,,2.3,,83,0.8,82.4,0,0,0,0,,,,
KLO,2012,4,7,15,9.5,,,,,,,,954.6,,2.3,,35,0.2,34.9,0,0,0,0,,,,
KLO,2012,4,7,16,9,,,,,,,,954.6,,3.2,,14,0,14,0,0,0,0,,,,
KLO,2012,4,7,17,8.6,,,,,,,,954.8,,1.2,,11,0,11,0,0,0,0,,,,
KLO,2012,4,7,18,8.2,,,,,,,,955.4,,1.3,,1,0,1,0,0,0,0,,,,
KLO,2012,4,7,19,7.8,,,,,,,,956.1,,2.9,,0,0,0,0,0,0,0,,,,
KLO,2012,4,7,20,6.9,,,,,,,,956.3,,4.5,,0,0,0,0,0,0,0,,,,
KLO,2012,4,7,21,5.8,,,,,,,,956.6,,3.5,,0,0,0,0,0,0,0,,,,
KLO,2012,4,7,22,4.9,,,,,,,,957,,3.3,,0,0,0,0,0,0,0,,,,
KLO,2012,4,7,23,5.3,,,,,,,,957.1,,2.7,,0,0,0,0,0,0,0,,,,
KLO,2012,4,8,0,4.9,,,,,,,,957.1,,1.2,,0,0,0,0,0,0,0,,,,
KLO,2012,4,8,1,4.1,,,,,,,,957.1,,5.4,,0,0,0,0,0,0,0,,,,
KLO,2012,4,8,2,3,,,,,,,,957.7,,4.8,,0,0,0,0,0,0,0,,,,
KLO,2012,4,8,3,2.1,,,,,,,,958,,3.4,,0,0,0,0,0,0,0,,,,
KLO,2012,4,8,4,2,,,,,,,,958.6,,1.9,,0,0,0,0,0,0,0,,,,
KLO,2012,4,8,5,1.8,,,,,,,,959.5,,1.5,,5,0,0,0,0,0,0,,,,
KLO,2012,4,8,6,2.3,,,,,,,,960.4,,0.5,,44,0,0,0,0,0,0,,,,
KLO,2012,4,8,7,2.7,,,,,,,,961.3,,2.5,,75,0,0,0,0,0,0,,,,
KLO,2012,4,8,8,2.5,,,,,,,,962.2,,3.7,,67,10.4,65,0,0,0,0,,,,
KLO,2012,4,8,9,2.6,,,,,,,,963.2,,5.9,,251,260.4,157.7,0,0,0,0,,,,
KLO,2012,4,8,10,3.1,,,,,,,,963.8,,4.5,,304,133.1,236.3,0,0,0,0,,,,
KLO,2012,4,8,11,3.3,,,,,,,,964.3,,2.8,,219,9.8,212.8,0,0,0,0,,,,
KLO,2012,4,8,12,3.5,,,,,,,,964.7,,2.8,,392,88.6,328.5,0,0,0,0,,,,
KLO,2012,4,8,13,3.2,,,,,,,,964.8,,2.4,,149,2.5,147.1,0,0,0,0,,,,
KLO,2012,4,8,14,1.9,,,,,,,,965.3,,2.1,,125,1.8,123.6,0,0,0,0,,,,
KLO,2012,4,8,15,2.4,,,,,,,,965.4,,2.1,,175,4,172.2,0,0,0,0,,,,
KLO,2012,4,8,16,3.6,,,,,,,,965.2,,1.9,,281,34.5,259.5,0,0,0,0,,,,
KLO,2012,4,8,17,3,,,,,,,,965.2,,1.9,,54,0.8,53.6,0,0,0,0,,,,
KLO,2012,4,8,18,1.8,,,,,,,,965.6,,1.9,,2,0,2,0,0,0,0,,,,
KLO,2012,4,8,19,1.2,,,,,,,,965.9,,1.7,,0,0,0,0,0,0,0,,,,
KLO,2012,4,8,20,0.5,,,,,,,,966.1,,1.5,,0,0,0,0,0,0,0,,,,
KLO,2012,4,8,21,0.3,,,,,,,,965.9,,1.7,,0,0,0,0,0,0,0,,,,
KLO,2012,4,8,22,-0.6,,,,,,,,965.7,,2,,0,0,0,0,0,0,0,,,,
KLO,2012,4,8,23,-1.3,,,,,,,,965.2,,1.8,,0,0,0,0,0,0,0,,,,
KLO,2012,4,9,0,-2.2,,,,,,,,964.9,,0.8,,0,0,0,0,0,0,0,,,,
KLO,2012,4,9,1,-2.1,,,,,,,,964.4,,1,,0,0,0,0,0,0,0,,,,
KLO,2012,4,9,2,-2.1,,,,,,,,964,,1.2,,0,0,0,0,0,0,0,,,,
KLO,2012,4,9,3,-1.4,,,,,,,,963.5,,2.2,,0,0,0,0,0,0,0,,,,
KLO,2012,4,9,4,-1.2,,,,,,,,963.1,,2,,0,0,0,0,0,0,0,,,,
KLO,2012,4,9,5,-0.3,,,,,,,,963,,1.9,,20,0,0,0,0,0,0,,,,
KLO,2012,4,9,6,1,,,,,,,,962.9,,1.7,,60,0,0,0,0,0,0,,,,
KLO,2012,4,9,7,2.5,,,,,,,,962.7,,1.3,,112,0,0,0,0,0,0,,,,
KLO,2012,4,9,8,3.6,,,,,,,,962.4,,1.2,,237,1011.7,39.1,0,0,0,0,,,,
KLO,2012,4,9,9,5.3,,,,,,,,962,,3.2,,284,393.1,141.1,0,0,0,0,,,,
KLO,2012,4,9,10,6.3,,,,,,,,961.5,,2.9,,329,180.3,236.4,0,0,0,0,,,,
KLO,2012,4,9,11,8.3,,,,,,,,960.8,,3.2,,466,310.2,268.7,0,0,0,0,,,,
KLO,2012,4,9,12,8.8,,,,,,,,960.1,,2.7,,241,8.4,234.9,0,0,0,0,,,,
KLO,2012,4,9,13,9.6,,,,,,,,959.3,,2.5,,241,6.9,235.7,0,0,0,0,,,,
KLO,2012,4,9,14,10,,,,,,,,958.7,,2.6,,175,3.5,172.3,0,0,0,0,,,,
KLO,2012,4,9,15,10,,,,,,,,958.2,,3.2,,132,2.2,130.4,0,0,0,0,,,,
KLO,2012,4,9,16,9.9,,,,,,,,957.7,,2.2,,79,1,78.3,0,0,0,0,,,,
KLO,2012,4,9,17,9.3,,,,,,,,957.2,,2.4,,47,0.6,46.7,0,0,0,0,,,,
KLO,2012,4,9,18,8.1,,,,,,,,956.8,,2.2,,3,0,3,0,0,0,0,,,,
KLO,2012,4,9,19,7.6,,,,,,,,956.7,,2.3,,0,0,0,0,0,0,0,,,,
KLO,2012,4,9,20,7.5,,,,,,,,956.4,,1.7,,0,0,0,0,0,0,0,,,,
KLO,2012,4,9,21,7.2,,,,,,,,956,,2,,0,0,0,0,0,0,0,,,,
KLO,2012,4,9,22,6.8,,,,,,,,955.4,,2.3,,0,0,0,0,0,0,0,,,,
KLO,2012,4,9,23,6.2,,,,,,,,954.9,,1.1,,0,0,0,0,0,0,0,,,,
KLO,2012,4,10,0,5.7,,,,,,,,954.4,,1.3,,0,0,0,0,0,0,0,,,,
KLO,2012,4,10,1,5.7,,,,,,,,954.3,,0.7,,0,0,0,0,0,0,0,,,,
KLO,2012,4,10,2,5.4,,,,,,,,953.8,,0.8,,0,0,0,0,0,0,0,,,,
KLO,2012,4,10,3,4.4,,,,,,,,953.4,,1,,0,0,0,0,0,0,0,,,,
KLO,2012,4,10,4,4.2,,,,,,,,953.2,,2.3,,0,0,0,0,0,0,0,,,,
KLO,2012,4,10,5,5.3,,,,,,,,953,,3,,26,0,0,0,0,0,0,,,,
KLO,2012,4,10,6,6.7,,,,,,,,952.9,,2.2,,89,0,0,0,0,0,0,,,,
KLO,2012,4,10,7,9.9,,,,,,,,952.4,,2.2,,308,0,0,0,0,0,0,,,,
KLO,2012,4,10,8,12.9,,,,,,,,952.1,,3.3,,469,1948.6,77.4,0,0,0,0,,,,
KLO,2012,4,10,9,15.3,,,,,,,,951.4,,3.3,,692,1567.4,114.2,0,0,0,0,,,,
KLO,2012,4,10,10,16.6,,,,,,,,950.5,,2.8,,796,1281.3,131.3,0,0,0,0,,,,
KLO,2012,4,10,11,17.7,,,,,,,,949.3,,1.8,,688,897,113.3,0,0,0,0,,,,
KLO,2012,4,10,12,18.3,,,,,,,,948.8,,1.7,,699,738.9,162.4,0,0,0,0,,,,
KLO,2012,4,10,13,19.4,,,,,,,,948.1,,1.7,,710,664.7,198.6,0,0,0,0,,,,
KLO,2012,4,10,14,19.5,,,,,,,,948,,4.2,,533,252.5,339.3,0,0,0,0,,,,
KLO,2012,4,10,15,16.9,,,,,,,,948,,5.3,,261,11.8,252.5,0,0,0,0,,,,
KLO,2012,4,10,16,16,,,,,,,,947.9,,4.6,,218,9.6,211.9,0,0,0,0,,,,
KLO,2012,4,10,17,13.8,,,,,,,,948,,2.5,,37,0.4,36.8,0,0,0,0,,,,
KLO,2012,4,10,18,13,,,,,,,,948.8,,2.9,,3,0,3,0,0,0,0,,,,
KLO,2012,4,10,19,10.9,,,,,,,,950.1,,5.7,,0,0,0,0,0,0,0,,,,
KLO,2012,4,10,20,10,,,,,,,,950.2,,1.4,,0,0,0,0,0,0,0,,,,
KLO,2012,4,10,21,9.4,,,,,,,,949.5,,1.5,,0,0,0,0,0,0,0,,,,
KLO,2012,4,10,22,9.1,,,,,,,,949.1,,0.9,,0,0,0,0,0,0,0,,,,
KLO,2012,4,10,23,9.1,,,,,,,,948.7,,1.9,,0,0,0,0,0,0,0,,,,
KLO,2012,4,11,0,8.8,,,,,,,,948.4,,2.4,,0,0,0,0,0,0,0,,,,
KLO,2012,4,11,1,7.8,,,,,,,,948.8,,2.9,,0,0,0,0,0,0,0,,,,
KLO,2012,4,11,2,7.5,,,,,,,,949.6,,4.3,,0,0,0,0,0,0,0,,,,
KLO,2012,4,11,3,6.5,,,,,,,,950.1,,3.5,,0,0,0,0,0,0,0,,,,
KLO,2012,4,11,4,6.1,,,,,,,,950.7,,3.4,,0,0,0,0,0,0,0,,,,
KLO,2012,4,11,5,5.7,,,,,,,,951.4,,3.3,,4,0,0,0,0,0,0,,,,
KLO,2012,4,11,6,5.5,,,,,,,,951.9,,2.9,,26,0,0,0,0,0,0,,,,
KLO,2012,4,11,7,5.3,,,,,,,,952.3,,3.2,,41,0,0,0,0,0,0,,,,
KLO,2012,4,11,8,5.5,,,,,,,,952.5,,4.2,,111,82.9,93.9,0,0,0,0,,,,
KLO,2012,4,11,9,5.8,,,,,,,,952.9,,4,,156,23.6,147.2,0,0,0,0,,,,
KLO,2012,4,11,10,6.2,,,,,,,,953.2,,3.8,,169,7.5,165.1,0,0,0,0,,,,
KLO,2012,4,11,11,6.1,,,,,,,,953.5,,3.1,,163,4.2,160.3,0,0,0,0,,,,
KLO,2012,4,11,12,6.7,,,,,,,,953.5,,3.5,,244,8.4,237.8,0,0,0,0,,,,
KLO,2012,4,11,13,7.4,,,,,,,,953.3,,3,,251,7.6,245.1,0,0,0,0,,,,
KLO,2012,4,11,14,7.9,,,,,,,,953.4,,3.1,,235,6.3,230.2,0,0,0,0,,,,
KLO,2012,4,11,15,8.2,,,,,,,,953.3,,3.4,,268,13.1,258.5,0,0,0,0,,,,
KLO,2012,4,11,16,7.3,,,,,,,,953.4,,3.4,,91,1.4,90.1,0,0,0,0,,,,
KLO,2012,4,11,17,7.2,,,,,,,,953.6,,2.3,,120,3.7,118.1,0,0,0,0,,,,
KLO,2012,4,11,18,5.9,,,,,,,,953.9,,2.6,,10,0.1,10,0,0,0,0,,,,
KLO,2012,4,11,19,4.9,,,,,,,,954.2,,1.8,,0,0,0,0,0,0,0,,,,
KLO,2012,4,11,20,4.7,,,,,,,,954.2,,1.9,,0,0,0,0,0,0,0,,,,
KLO,2012,4,11,21,3.9,,,,,,,,954.1,,1.8,,0,0,0,0,0,0,0,,,,
KLO,2012,4,11,22,3.5,,,,,,,,954.2,,1.7,,0,0,0,0,0,0,0,,,,
KLO,2012,4,11,23,2.7,,,,,,,,954.3,,1.9,,0,0,0,0,0,0,0,,,,
KLO,2012,4,12,0,2,,,,,,,,954.3,,1.9,,0,0,0,0,0,0,0,,,,
KLO,2012,4,12,1,2.4,,,,,,,,954.2,,1.1,,0,0,0,0,0,0,0,,,,
KLO,2012,4,12,2,3,,,,,,,,954.2,,1.4,,0,0,0,0,0,0,0,,,,
KLO,2012,4,12,3,2.8,,,,,,,,954,,0.8,,0,0,0,0,0,0,0,,,,
KLO,2012,4,12,4,3.2,,,,,,,,953.9,,0.9,,0,0,0,0,0,0,0,,,,
KLO,2012,4,12,5,4.3,,,,,,,,954,,1,,3,0,0,0,0,0,0,,,,
KLO,2012,4,12,6,5.3,,,,,,,,954.2,,1.1,,126,0,0,0,0,0,0,,,,
KLO,2012,4,12,7,6.8,,,,,,,,954.2,,1.5,,350,0,0,0,0,0,0,,,,
KLO,2012,4,12,8,8.2,,,,,,,,954,,2.9,,437,1724.8,72.1,0,0,0,0,,,,
KLO,2012,4,12,9,8,,,,,,,,954.1,,3.1,,224,128.1,175.5,0,0,0,0,,,,
KLO,2012,4,12,10,8.2,,,,,,,,953.9,,3.1,,371,264.3,231.4,0,0,0,0,,,,
KLO,2012,4,12,11,9.1,,,,,,,,953.5,,2.8,,330,62.9,289.1,0,0,0,0,,,,
KLO,2012,4,12,12,8.9,,,,,,,,953.6,,3,,226,6.4,221.3,0,0,0,0,,,,
KLO,2012,4,12,13,8.7,,,,,,,,953.6,,3.8,,359,39.3,328.4,0,0,0,0,,,,
KLO,2012,4,12,14,8.2,,,,,,,,953.6,,2.6,,122,1.6,120.7,0,0,0,0,,,,
KLO,2012,4,12,15,7.9,,,,,,,,953.6,,2.3,,100,1.3,99.1,0,0,0,0,,,,
KLO,2012,4,12,16,7.7,,,,,,,,953.8,,2.8,,66,0.7,65.5,0,0,0,0,,,,
KLO,2012,4,12,17,7.3,,,,,,,,954.1,,2.2,,14,0,14,0,0,0,0,,,,
KLO,2012,4,12,18,6.8,,,,,,,,954.5,,1.7,,0,0,0,0,0,0,0,,,,
KLO,2012,4,12,19,6.5,,,,,,,,955.1,,2.5,,0,0,0,0,0,0,0,,,,
KLO,2012,4,12,20,6.2,,,,,,,,955.2,,2.9,,0,0,0,0,0,0,0,,,,
KLO,2012,4,12,21,5.9,,,,,,,,955.4,,3,,0,0,0,0,0,0,0,,,,
KLO,2012,4,12,22,5.6,,,,,,,,955.4,,2,,0,0,0,0,0,0,0,,,,
KLO,2012,4,12,23,5.4,,,,,,,,955.4,,1.9,,0,0,0,0,0,0,0,,,,
KLO,2012,4,13,0,5.3,,,,,,,,955.3,,1.8,,0,0,0,0,0,0,0,,,,
KLO,2012,4,13,1,5.3,,,,,,,,955,,1.4,,0,0,0,0,0,0,0,,,,
KLO,2012,4,13,2,5.3,,,,,,,,954.9,,1,,0,0,0,0,0,0,0,,,,
KLO,2012,4,13,3,5.2,,,,,,,,954.7,,1.2,,0,0,0,0,0,0,0,,,,
KLO,2012,4,13,4,5.2,,,,,,,,954.6,,0.7,,0,0,0,0,0,0,0,,,,
KLO,2012,4,13,5,5.5,,,,,,,,954.6,,1.2,,14,0,0,0,0,0,0,,,,
KLO,2012,4,13,6,5.9,,,,,,,,954.8,,0.9,,61,0,0,0,0,0,0,,,,
KLO,2012,4,13,7,6.3,,,,,,,,954.9,,0.6,,152,0,0,0,0,0,0,,,,
KLO,2012,4,13,8,7,,,,,,,,954.9,,1.4,,202,683.9,53.8,0,0,0,0,,,,
KLO,2012,4,13,9,7.9,,,,,,,,954.6,,2.1,,278,298.7,163.3,0,0,0,0,,,,
KLO,2012,4,13,10,9.2,,,,,,,,954.3,,2.7,,522,769.5,111.7,0,0,0,0,,,,
KLO,2012,4,13,11,10.3,,,,,,,,953.8,,3.6,,571,568.6,198.9,0,0,0,0,,,,
KLO,2012,4,13,12,11.1,,,,,,,,953.5,,3.7,,530,287.5,317.5,0,0,0,0,,,,
KLO,2012,4,13,13,10.9,,,,,,,,953.1,,3.7,,289,13.1,278.8,0,0,0,0,,,,
KLO,2012,4,13,14,11,,,,,,,,952.8,,4,,236,6.2,231.2,0,0,0,0,,,,
KLO,2012,4,13,15,11.1,,,,,,,,952.7,,4,,249,9.1,242.3,0,0,0,0,,,,
KLO,2012,4,13,16,10.7,,,,,,,,952.6,,3.6,,126,2.6,124.4,0,0,0,0,,,,
KLO,2012,4,13,17,10.3,,,,,,,,952.5,,2.5,,48,0.6,47.7,0,0,0,0,,,,
KLO,2012,4,13,18,9.5,,,,,,,,952.5,,1.9,,8,0,8,0,0,0,0,,,,
KLO,2012,4,13,19,8.7,,,,,,,,952.8,,2,,0,0,0,0,0,0,0,,,,
KLO,2012,4,13,20,8,,,,,,,,952.5,,2,,0,0,0,0,0,0,0,,,,
KLO,2012,4,13,21,7.6,,,,,,,,952.3,,1.7,,0,0,0,0,0,0,0,,,,
KLO,2012,4,13,22,6.8,,,,,,,,952,,1.7,,0,0,0,0,0,0,0,,,,
KLO,2012,4,13,23,6.4,,,,,,,,951.8,,2.5,,0,0,0,0,0,0,0,,,,
KLO,2012,4,14,0,5.6,,,,,,,,951.4,,2.9,,0,0,0,0,0,0,0,,,,
KLO,2012,4,14,1,4.8,,,,,,,,951.1,,2.5,,0,0,0,0,0,0,0,,,,
KLO,2012,4,14,2,5.5,,,,,,,,950.9,,2,,0,0,0,0,0,0,0,,,,
KLO,2012,4,14,3,6.7,,,,,,,,950.6,,3.1,,0,0,0,0,0,0,0,,,,
KLO,2012,4,14,4,6.7,,,,,,,,950.3,,4,,0,0,0,0,0,0,0,,,,
KLO,2012,4,14,5,6.6,,,,,,,,950.1,,4.4,,24,0,0,0,0,0,0,,,,
KLO,2012,4,14,6,7.1,,,,,,,,950.1,,3.5,,112,0,0,0,0,0,0,,,,
KLO,2012,4,14,7,8.3,,,,,,,,950,,3.5,,285,0,0,0,0,0,0,,,,
KLO,2012,4,14,8,9,,,,,,,,949.8,,4,,272,1023.4,44.9,0,0,0,0,,,,
KLO,2012,4,14,9,9.8,,,,,,,,949.7,,5.1,,421,904.2,69.4,0,0,0,0,,,,
KLO,2012,4,14,10,9.7,,,,,,,,949.6,,6.1,,248,39.2,226.9,0,0,0,0,,,,
KLO,2012,4,14,11,9.3,,,,,,,,949.3,,5.3,,100,1.5,99,0,0,0,0,,,,
KLO,2012,4,14,12,9.4,,,,,,,,949.2,,2.8,,63,0.5,62.6,0,0,0,0,,,,
KLO,2012,4,14,13,9.6,,,,,,,,948.9,,3.7,,49,0.3,48.8,0,0,0,0,,,,
KLO,2012,4,14,14,9.8,,,,,,,,948.8,,4.5,,42,0.2,41.9,0,0,0,0,,,,
KLO,2012,4,14,15,9.6,,,,,,,,948.6,,4.2,,18,0,18,0,0,0,0,,,,
KLO,2012,4,14,16,9.4,,,,,,,,948.6,,3.3,,7,0,7,0,0,0,0,,,,
KLO,2012,4,14,17,9.1,,,,,,,,948.6,,4.1,,1,0,1,0,0,0,0,,,,
KLO,2012,4,14,18,8.7,,,,,,,,948.8,,3.3,,0,0,0,0,0,0,0,,,,
KLO,2012,4,14,19,7.5,,,,,,,,949.2,,3.5,,0,0,0,0,0,0,0,,,,
KLO,2012,4,14,20,7.2,,,,,,,,949.1,,3.4,,0,0,0,0,0,0,0,,,,
KLO,2012,4,14,21,8.2,,,,,,,,948.9,,4.7,,0,0,0,0,0,0,0,,,,
KLO,2012,4,14,22,8.9,,,,,,,,948.6,,4.6,,0,0,0,0,0,0,0,,,,
KLO,2012,4,14,23,8.9,,,,,,,,948.5,,3.3,,0,0,0,0,0,0,0,,,,
KLO,2012,4,15,0,8.8,,,,,,,,948.4,,3.6,,0,0,0,0,0,0,0,,,,
KLO,2012,4,15,1,8.7,,,,,,,,948.2,,3.9,,0,0,0,0,0,0,0,,,,
KLO,2012,4,15,2,8.8,,,,,,,,948.3,,4.9,,0,0,0,0,0,0,0,,,,
KLO,2012,4,15,3,8.6,,,,,,,,948.3,,5.3,,0,0,0,0,0,0,0,,,,
KLO,2012,4,15,4,8.4,,,,,,,,948.4,,5.6,,0,0,0,0,0,0,0,,,,
KLO,2012,4,15,5,8.2,,,,,,,,948.8,,5.3,,7,0,0,0,0,0,0,,,,
KLO,2012,4,15,6,7.8,,,,,,,,949.4,,6.1,,54,0,0,0,0,0,0,,,,
KLO,2012,4,15,7,7.7,,,,,,,,949.9,,6.1,,91,1361.2,15,0,0,0,0,,,,
KLO,2012,4,15,8,7.5,,,,,,,,950.3,,6.3,,122,83.1,103.1,0,0,0,0,,,,
KLO,2012,4,15,9,7.5,,,,,,,,950.9,,6.6,,163,22.8,154,0,0,0,0,,,,
KLO,2012,4,15,10,7.7,,,,,,,,951.3,,5.2,,138,4.3,135.7,0,0,0,0,,,,
KLO,2012,4,15,11,7.7,,,,,,,,951.5,,5.5,,80,1,79.4,0,0,0,0,,,,
KLO,2012,4,15,12,7.5,,,,,,,,951.8,,6,,49,0.3,48.8,0,0,0,0,,,,
KLO,2012,4,15,13,7.5,,,,,,,,952.2,,5.7,,40,0.2,39.9,0,0,0,0,,,,
KLO,2012,4,15,14,7.4,,,,,,,,952.5,,3.6,,43,0.2,42.8,0,0,0,0,,,,
KLO,2012,4,15,15,7.5,,,,,,,,953.1,,3.4,,42,0.2,41.8,0,0,0,0,,,,
KLO,2012,4,15,16,7.5,,,,,,,,953.8,,3.8,,29,0.1,28.9,0,0,0,0,,,,
KLO,2012,4,15,17,7.3,,,,,,,,954.4,,4.3,,21,0.1,20.9,0,0,0,0,,,,
KLO,2012,4,15,18,7,,,,,,,,955.2,,4.6,,1,0,1,0,0,0,0,,,,
KLO,2012,4,15,19,6.6,,,,,,,,956.3,,3.7,,0,0,0,0,0,0,0,,,,
KLO,2012,4,15,20,6.3,,,,,,,,957,,3.2,,0,0,0,0,0,0,0,,,,
KLO,2012,4,15,21,6.1,,,,,,,,957.4,,3.5,,0,0,0,0,0,0,0,,,,
KLO,2012,4,15,22,6.2,,,,,,,,957.9,,3.7,,0,0,0,0,0,0,0,,,,
KLO,2012,4,15,23,6.1,,,,,,,,958.4,,4.1,,0,0,0,0,0,0,0,,,,
KLO,2012,4,16,0,6,,,,,,,,958.8,,4.9,,0,0,0,0,0,0,0,,,,
KLO,2012,4,16,1,5.7,,,,,,,,959.1,,4.8,,0,0,0,0,0,0,0,,,,
KLO,2012,4,16,2,5.6,,,,,,,,959.5,,4.4,,0,0,0,0,0,0,0,,,,
KLO,2012,4,16,3,5.4,,,,,,,,959.8,,5.7,,0,0,0,0,0,0,0,,,,
KLO,2012,4,16,4,5.2,,,,,,,,960.2,,4.9,,0,0,0,0,0,0,0,,,,
KLO,2012,4,16,5,5.2,,,,,,,,960.9,,2.8,,8,0,0,0,0,0,0,,,,
KLO,2012,4,16,6,5.4,,,,,,,,961.6,,0.9,,46,0,0,0,0,0,0,,,,
KLO,2012,4,16,7,5.8,,,,,,,,962.2,,1.5,,76,1042.8,12.5,0,0,0,0,,,,
KLO,2012,4,16,8,6.1,,,,,,,,962.8,,3.4,,98,25.3,92.1,0,0,0,0,,,,
KLO,2012,4,16,9,6.1,,,,,,,,963.3,,4.1,,138,9.8,134.1,0,0,0,0,,,,
KLO,2012,4,16,10,5.9,,,,,,,,963.6,,5.1,,182,8.4,177.4,0,0,0,0,,,,
KLO,2012,4,16,11,6.1,,,,,,,,964,,4.5,,275,22.3,260.1,0,0,0,0,,,,
KLO,2012,4,16,12,6.3,,,,,,,,964.3,,3.2,,228,6.2,223.3,0,0,0,0,,,,
KLO,2012,4,16,13,6.5,,,,,,,,964.6,,2.1,,154,2.5,152,0,0,0,0,,,,
KLO,2012,4,16,14,6.6,,,,,,,,964.8,,2.6,,145,2.2,143.2,0,0,0,0,,,,
KLO,2012,4,16,15,5.9,,,,,,,,965.1,,3.1,,42,0.2,41.8,0,0,0,0,,,,
KLO,2012,4,16,16,5.9,,,,,,,,965.6,,2.5,,50,0.4,49.7,0,0,0,0,,,,
KLO,2012,4,16,17,5.6,,,,,,,,966,,4.4,,10,0,10,0,0,0,0,,,,
KLO,2012,4,16,18,5.3,,,,,,,,966.3,,3,,0,0,0,0,0,0,0,,,,
KLO,2012,4,16,19,4.9,,,,,,,,966.9,,3.6,,0,0,0,0,0,0,0,,,,
KLO,2012,4,16,20,4.7,,,,,,,,967.4,,4,,0,0,0,0,0,0,0,,,,
KLO,2012,4,16,21,4.5,,,,,,,,967.3,,3.8,,0,0,0,0,0,0,0,,,,
KLO,2012,4,16,22,4.3,,,,,,,,967.1,,2.4,,0,0,0,0,0,0,0,,,,
KLO,2012,4,16,23,3.9,,,,,,,,967,,2.4,,0,0,0,0,0,0,0,,,,
KLO,2012,4,17,0,3.8,,,,,,,,966.7,,3.1,,0,0,0,0,0,0,0,,,,
KLO,2012,4,17,1,3.6,,,,,,,,966.1,,2.9,,0,0,0,0,0,0,0,,,,
KLO,2012,4,17,2,3.5,,,,,,,,965.5,,2.9,,0,0,0,0,0,0,0,,,,
KLO,2012,4,17,3,2.3,,,,,,,,965,,3.5,,0,0,0,0,0,0,0,,,,
KLO,2012,4,17,4,1.7,,,,,,,,964.8,,3,,1,0,0,0,0,0,0,,,,
KLO,2012,4,17,5,2.3,,,,,,,,964.6,,2.4,,57,0,0,0,0,0,0,,,,
KLO,2012,4,17,6,3.6,,,,,,,,964.4,,2.3,,207,0,0,0,0,0,0,,,,
KLO,2012,4,17,7,4.7,,,,,,,,963.9,,1.7,,399,5059,65.8,0,0,0,0,,,,
KLO,2012,4,17,8,5.8,,,,,,,,963.4,,0.9,,573,2018.5,94.5,0,0,0,0,,,,
KLO,2012,4,17,9,7.2,,,,,,,,963.1,,1.2,,813,1683.4,134.1,0,0,0,0,,,,
KLO,2012,4,17,10,7.4,,,,,,,,962.5,,1.5,,617,934,101.8,0,0,0,0,,,,
KLO,2012,4,17,11,8.5,,,,,,,,961.5,,1.2,,670,801.8,131.4,0,0,0,0,,,,
KLO,2012,4,17,12,9.9,,,,,,,,960.6,,1.9,,721,728.2,170.9,0,0,0,0,,,,
KLO,2012,4,17,13,9.7,,,,,,,,959.5,,1.4,,472,130.3,368.2,0,0,0,0,,,,
KLO,2012,4,17,14,10.4,,,,,,,,958.3,,1.9,,421,78.4,358.7,0,0,0,0,,,,
KLO,2012,4,17,15,10.6,,,,,,,,957.3,,1.9,,365,53.2,325.3,0,0,0,0,,,,
KLO,2012,4,17,16,10.4,,,,,,,,956.7,,1.7,,287,30.3,267.1,0,0,0,0,,,,
KLO,2012,4,17,17,10.1,,,,,,,,956,,1.9,,139,4.5,136.6,0,0,0,0,,,,
KLO,2012,4,17,18,8.8,,,,,,,,955.5,,1.5,,17,0.1,16.9,0,0,0,0,,,,
KLO,2012,4,17,19,6.8,,,,,,,,955.4,,1.8,,0,0,0,0,0,0,0,,,,
KLO,2012,4,17,20,5.2,,,,,,,,955.1,,1.7,,0,0,0,0,0,0,0,,,,
KLO,2012,4,17,21,4.7,,,,,,,,954.8,,2.1,,0,0,0,0,0,0,0,,,,
KLO,2012,4,17,22,4.1,,,,,,,,954.3,,1.4,,0,0,0,0,0,0,0,,,,
KLO,2012,4,17,23,4.1,,,,,,,,953.9,,1.3,,0,0,0,0,0,0,0,,,,
KLO,2012,4,18,0,4.4,,,,,,,,953.5,,1,,0,0,0,0,0,0,0,,,,
KLO,2012,4,18,1,5,,,,,,,,953.1,,1.2,,0,0,0,0,0,0,0,,,,
KLO,2012,4,18,2,5.2,,,,,,,,953.2,,3.6,,0,0,0,0,0,0,0,,,,
KLO,2012,4,18,3,4.8,,,,,,,,952.9,,3.9,,0,0,0,0,0,0,0,,,,
KLO,2012,4,18,4,4.7,,,,,,,,952.5,,2.6,,0,0,0,0,0,0,0,,,,
KLO,2012,4,18,5,5,,,,,,,,952.1,,2.7,,14,0,0,0,0,0,0,,,,
KLO,2012,4,18,6,5.4,,,,,,,,951.9,,3.5,,51,0,0,0,0,0,0,,,,
KLO,2012,4,18,7,6.1,,,,,,,,951.7,,2.8,,104,1226.3,17.2,0,0,0,0,,,,
KLO,2012,4,18,8,7,,,,,,,,951.3,,3.4,,243,813.1,46.3,0,0,0,0,,,,
KLO,2012,4,18,9,7.7,,,,,,,,950.9,,3.8,,295,299.5,172.8,0,0,0,0,,,,
KLO,2012,4,18,10,8.1,,,,,,,,950.3,,3.3,,252,36.3,231.8,0,0,0,0,,,,
KLO,2012,4,18,11,8.8,,,,,,,,949.6,,4,,382,105.7,310.6,0,0,0,0,,,,
KLO,2012,4,18,12,8.7,,,,,,,,949,,4.6,,446,125.8,350.5,0,0,0,0,,,,
KLO,2012,4,18,13,9.8,,,,,,,,948,,4.4,,537,222.2,359.1,0,0,0,0,,,,
KLO,2012,4,18,14,10.3,,,,,,,,947.1,,4.1,,478,137.9,368,0,0,0,0,,,,
KLO,2012,4,18,15,10.8,,,,,,,,946.5,,5.2,,397,78.3,338.3,0,0,0,0,,,,
KLO,2012,4,18,16,10.4,,,,,,,,945.8,,6.4,,283,27.6,264.8,0,0,0,0,,,,
KLO,2012,4,18,17,9.2,,,,,,,,945.5,,6.5,,115,3.1,113.4,0,0,0,0,,,,
KLO,2012,4,18,18,8.1,,,,,,,,945.4,,4.8,,9,0,9,0,0,0,0,,,,
KLO,2012,4,18,19,6.6,,,,,,,,945.5,,4.3,,0,0,0,0,0,0,0,,,,
KLO,2012,4,18,20,6.2,,,,,,,,945.5,,3.2,,0,0,0,0,0,0,0,,,,
KLO,2012,4,18,21,5.5,,,,,,,,945.3,,1.4,,0,0,0,0,0,0,0,,,,
KLO,2012,4,18,22,4.7,,,,,,,,945.3,,1,,0,0,0,0,0,0,0,,,,
KLO,2012,4,18,23,3.6,,,,,,,,945.1,,1.2,,0,0,0,0,0,0,0,,,,
KLO,2012,4,19,0,2.5,,,,,,,,944.6,,0.9,,0,0,0,0,0,0,0,,,,
KLO,2012,4,19,1,1.2,,,,,,,,944.2,,0.8,,0,0,0,0,0,0,0,,,,
KLO,2012,4,19,2,1.3,,,,,,,,944.1,,1.5,,0,0,0,0,0,0,0,,,,
KLO,2012,4,19,3,0.6,,,,,,,,944,,0.9,,0,0,0,0,0,0,0,,,,
KLO,2012,4,19,4,0.8,,,,,,,,944,,1,,1,0,0,0,0,0,0,,,,
KLO,2012,4,19,5,2.2,,,,,,,,944.3,,1.5,,71,0,0,0,0,0,0,,,,
KLO,2012,4,19,6,5.6,,,,,,,,944.6,,1.6,,226,0,0,0,0,0,0,,,,
KLO,2012,4,19,7,7.5,,,,,,,,944.6,,1.5,,263,2899.8,43.4,0,0,0,0,,,,
KLO,2012,4,19,8,8.2,,,,,,,,945,,3.2,,275,930.4,45.4,0,0,0,0,,,,
KLO,2012,4,19,9,9.1,,,,,,,,945.2,,3,,370,620.1,114.2,0,0,0,0,,,,
KLO,2012,4,19,10,9.9,,,,,,,,945.2,,3.6,,545,761.6,118.2,0,0,0,0,,,,
KLO,2012,4,19,11,10.5,,,,,,,,944.8,,2.1,,545,435.7,248.7,0,0,0,0,,,,
KLO,2012,4,19,12,11.4,,,,,,,,944.4,,1.3,,631,483.5,262,0,0,0,0,,,,
KLO,2012,4,19,13,12.3,,,,,,,,944.1,,2.2,,514,182,367.6,0,0,0,0,,,,
KLO,2012,4,19,14,13,,,,,,,,943.9,,3.1,,480,138.1,369.4,0,0,0,0,,,,
KLO,2012,4,19,15,12,,,,,,,,943.9,,3.5,,270,11.5,261.3,0,0,0,0,,,,
KLO,2012,4,19,16,12.1,,,,,,,,944,,3.9,,287,28.9,267.8,0,0,0,0,,,,
KLO,2012,4,19,17,10.7,,,,,,,,944.4,,3.1,,30,0.2,29.9,0,0,0,0,,,,
KLO,2012,4,19,18,10.1,,,,,,,,944.9,,3.3,,4,0,4,0,0,0,0,,,,
KLO,2012,4,19,19,8.8,,,,,,,,945.5,,2.2,,0,0,0,0,0,0,0,,,,
KLO,2012,4,19,20,8.1,,,,,,,,946.3,,3.1,,0,0,0,0,0,0,0,,,,
KLO,2012,4,19,21,7.4,,,,,,,,946.9,,2.1,,0,0,0,0,0,0,0,,,,
KLO,2012,4,19,22,7,,,,,,,,947,,1,,0,0,0,0,0,0,0,,,,
KLO,2012,4,19,23,6.5,,,,,,,,947.1,,1.1,,0,0,0,0,0,0,0,,,,
KLO,2012,4,20,0,6.4,,,,,,,,947,,1.6,,0,0,0,0,0,0,0,,,,
KLO,2012,4,20,1,6.2,,,,,,,,947.2,,1.4,,0,0,0,0,0,0,0,,,,
KLO,2012,4,20,2,6.4,,,,,,,,947.4,,2.2,,0,0,0,0,0,0,0,,,,
KLO,2012,4,20,3,6.3,,,,,,,,947.4,,2.8,,0,0,0,0,0,0,0,,,,
KLO,2012,4,20,4,5.8,,,,,,,,947.6,,2.8,,1,0,0,0,0,0,0,,,,
KLO,2012,4,20,5,5.8,,,,,,,,948.2,,2.5,,52,0,0,0,0,0,0,,,,
KLO,2012,4,20,6,6.7,,,,,,,,948.7,,3.9,,84,0,0,0,0,0,0,,,,
KLO,2012,4,20,7,7.9,,,,,,,,949.1,,3.2,,283,2931.9,46.7,0,0,0,0,,,,
KLO,2012,4,20,8,9,,,,,,,,949.4,,3.3,,377,1251.3,62.2,0,0,0,0,,,,
KLO,2012,4,20,9,7.6,,,,,,,,950,,3.7,,211,62.9,184.8,0,0,0,0,,,,
KLO,2012,4,20,10,7.6,,,,,,,,950.5,,3.2,,236,24.2,222.3,0,0,0,0,,,,
KLO,2012,4,20,11,8.5,,,,,,,,950.6,,3,,390,110.5,314.4,0,0,0,0,,,,
KLO,2012,4,20,12,8.3,,,,,,,,950.8,,2.5,,327,26.8,306.5,0,0,0,0,,,,
KLO,2012,4,20,13,9.5,,,,,,,,950.7,,1.8,,437,86.5,367.1,0,0,0,0,,,,
KLO,2012,4,20,14,9.3,,,,,,,,950.9,,2.1,,175,3.2,172.5,0,0,0,0,,,,
KLO,2012,4,20,15,9.2,,,,,,,,951.4,,2.9,,292,16.4,279.6,0,0,0,0,,,,
KLO,2012,4,20,16,9.2,,,,,,,,951.8,,1.8,,202,6.3,197.8,0,0,0,0,,,,
KLO,2012,4,20,17,8.6,,,,,,,,952.1,,1.8,,83,1.6,82.2,0,0,0,0,,,,
KLO,2012,4,20,18,7.4,,,,,,,,952.8,,2.5,,15,0.1,15,0,0,0,0,,,,
KLO,2012,4,20,19,5.4,,,,,,,,953.6,,1.2,,0,0,0,0,0,0,0,,,,
KLO,2012,4,20,20,3.9,,,,,,,,954,,1.7,,0,0,0,0,0,0,0,,,,
KLO,2012,4,20,21,3.5,,,,,,,,954,,3,,0,0,0,0,0,0,0,,,,
KLO,2012,4,20,22,3.7,,,,,,,,954,,2.6,,0,0,0,0,0,0,0,,,,
KLO,2012,4,20,23,4.3,,,,,,,,954.1,,1.7,,0,0,0,0,0,0,0,,,,
KLO,2012,4,21,0,4.6,,,,,,,,954.1,,1,,0,0,0,0,0,0,0,,,,
KLO,2012,4,21,1,3.8,,,,,,,,954.1,,1,,0,0,0,0,0,0,0,,,,
KLO,2012,4,21,2,4.7,,,,,,,,954.3,,1.7,,0,0,0,0,0,0,0,,,,
KLO,2012,4,21,3,5.1,,,,,,,,954.1,,2,,0,0,0,0,0,0,0,,,,
KLO,2012,4,21,4,5.9,,,,,,,,954.2,,2.8,,0,0,0,0,0,0,0,,,,
KLO,2012,4,21,5,6.2,,,,,,,,954.6,,3.5,,31,0,0,0,0,0,0,,,,
KLO,2012,4,21,6,7.6,,,,,,,,955,,4.4,,186,0,0,0,0,0,0,,,,
KLO,2012,4,21,7,8.6,,,,,,,,955.3,,5.2,,199,1945.5,32.8,0,0,0,0,,,,
KLO,2012,4,21,8,10.2,,,,,,,,955.2,,5.3,,409,1332.6,67.5,0,0,0,0,,,,
KLO,2012,4,21,9,11.2,,,,,,,,955,,5.3,,499,988.4,82.3,0,0,0,0,,,,
KLO,2012,4,21,10,12.6,,,,,,,,954.8,,5.2,,835,1225.7,137.8,0,0,0,0,,,,
KLO,2012,4,21,11,14.4,,,,,,,,954.2,,4.9,,825,1001.3,136.1,0,0,0,0,,,,
KLO,2012,4,21,12,14.4,,,,,,,,953.8,,6,,482,166.7,353.5,0,0,0,0,,,,
KLO,2012,4,21,13,14.7,,,,,,,,953.2,,5.5,,486,138,374,0,0,0,0,,,,
KLO,2012,4,21,14,15.2,,,,,,,,952.6,,5.3,,527,199.7,365.8,0,0,0,0,,,,
KLO,2012,4,21,15,14.6,,,,,,,,952.1,,4.5,,154,2.7,151.9,0,0,0,0,,,,
KLO,2012,4,21,16,13.3,,,,,,,,952,,5.1,,47,0.3,46.8,0,0,0,0,,,,
KLO,2012,4,21,17,12.3,,,,,,,,952.7,,5,,20,0.1,20,0,0,0,0,,,,
KLO,2012,4,21,18,9.4,,,,,,,,954.4,,8.8,,0,0,0,0,0,0,0,,,,
KLO,2012,4,21,19,7.3,,,,,,,,956.2,,4.1,,0,0,0,0,0,0,0,,,,
KLO,2012,4,21,20,7,,,,,,,,956.9,,3.2,,0,0,0,0,0,0,0,,,,
KLO,2012,4,21,21,6.9,,,,,,,,957.7,,3.1,,0,0,0,0,0,0,0,,,,
KLO,2012,4,21,22,6.3,,,,,,,,958.4,,3.7,,0,0,0,0,0,0,0,,,,
KLO,2012,4,21,23,6.4,,,,,,,,958.6,,4.3,,0,0,0,0,0,0,0,,,,
KLO,2012,4,22,0,6.4,,,,,,,,958.6,,5.1,,0,0,0,0,0,0,0,,,,
KLO,2012,4,22,1,5.8,,,,,,,,958.7,,3.4,,0,0,0,0,0,0,0,,,,
KLO,2012,4,22,2,6,,,,,,,,958.7,,5.2,,0,0,0,0,0,0,0,,,,
KLO,2012,4,22,3,5.6,,,,,,,,958.7,,4.2,,0,0,0,0,0,0,0,,,,
KLO,2012,4,22,4,5.5,,,,,,,,958.9,,3.5,,1,0,0,0,0,0,0,,,,
KLO,2012,4,22,5,5.7,,,,,,,,959.2,,2.1,,27,0,0,0,0,0,0,,,,
KLO,2012,4,22,6,5.7,,,,,,,,959.8,,2.3,,30,0,0,0,0,0,0,,,,
KLO,2012,4,22,7,5.5,,,,,,,,960.6,,3.6,,75,494.9,30.4,0,0,0,0,,,,
KLO,2012,4,22,8,5.5,,,,,,,,961.3,,5.1,,192,322,108,0,0,0,0,,,,
KLO,2012,4,22,9,6.8,,,,,,,,961.5,,5.2,,434,835.9,78,0,0,0,0,,,,
KLO,2012,4,22,10,9,,,,,,,,960.9,,6.4,,774,1127.9,127.7,0,0,0,0,,,,
KLO,2012,4,22,11,8.5,,,,,,,,961,,5.7,,723,869.1,121.7,0,0,0,0,,,,
KLO,2012,4,22,12,8,,,,,,,,960.8,,5,,566,313.9,322.9,0,0,0,0,,,,
KLO,2012,4,22,13,9.5,,,,,,,,960.6,,5.1,,663,460.2,288,0,0,0,0,,,,
KLO,2012,4,22,14,8.4,,,,,,,,960.7,,4.8,,309,15.4,296.5,0,0,0,0,,,,
KLO,2012,4,22,15,9.2,,,,,,,,960.7,,4.7,,463,147.2,350.8,0,0,0,0,,,,
KLO,2012,4,22,16,9,,,,,,,,960.5,,5,,339,62.1,297.3,0,0,0,0,,,,
KLO,2012,4,22,17,8.2,,,,,,,,960.5,,3.3,,137,4.2,134.7,0,0,0,0,,,,
KLO,2012,4,22,18,7,,,,,,,,961,,1.6,,18,0.1,17.9,0,0,0,0,,,,
KLO,2012,4,22,19,5.7,,,,,,,,961.2,,2.7,,0,0,0,0,0,0,0,,,,
KLO,2012,4,22,20,5.6,,,,,,,,961.3,,2.9,,0,0,0,0,0,0,0,,,,
KLO,2012,4,22,21,5.1,,,,,,,,961.3,,2.5,,0,0,0,0,0,0,0,,,,
KLO,2012,4,22,22,5.5,,,,,,,,961.1,,3,,0,0,0,0,0,0,0,,,,
KLO,2012,4,22,23,5.8,,,,,,,,961,,1.4,,0,0,0,0,0,0,0,,,,
KLO,2012,4,23,0,5.6,,,,,,,,960.6,,1.5,,0,0,0,0,0,0,0,,,,
KLO,2012,4,23,1,5.4,,,,,,,,960.3,,1.2,,0,0,0,0,0,0,0,,,,
KLO,2012,4,23,2,5.4,,,,,,,,960.3,,1.2,,0,0,0,0,0,0,0,,,,
KLO,2012,4,23,3,5.7,,,,,,,,960.1,,2.6,,0,0,0,0,0,0,0,,,,
KLO,2012,4,23,4,5.4,,,,,,,,959.7,,1.5,,0,0,0,0,0,0,0,,,,
KLO,2012,4,23,5,5.6,,,,,,,,959.4,,1.1,,36,0,0,0,0,0,0,,,,
KLO,2012,4,23,6,6,,,,,,,,959.4,,0.8,,72,0,0,0,0,0,0,,,,
KLO,2012,4,23,7,6.6,,,,,,,,959.1,,2,,182,1601.9,30,0,0,0,0,,,,
KLO,2012,4,23,8,7.5,,,,,,,,958.6,,1.3,,320,1006.5,52.8,0,0,0,0,,,,
KLO,2012,4,23,9,8.1,,,,,,,,958,,1.4,,286,216.1,193,0,0,0,0,,,,
KLO,2012,4,23,10,8.4,,,,,,,,957.3,,1.7,,312,86.9,261.8,0,0,0,0,,,,
KLO,2012,4,23,11,10.4,,,,,,,,956.2,,1.1,,738,885.8,121.8,0,0,0,0,,,,
KLO,2012,4,23,12,11.5,,,,,,,,954.9,,1.9,,766,784,156.1,0,0,0,0,,,,
KLO,2012,4,23,13,12,,,,,,,,953.9,,1.6,,685,505.9,271.1,0,0,0,0,,,,
KLO,2012,4,23,14,12.8,,,,,,,,952.9,,0.9,,631,390.1,313.5,0,0,0,0,,,,
KLO,2012,4,23,15,12.6,,,,,,,,952,,1.1,,320,24.4,301.3,0,0,0,0,,,,
KLO,2012,4,23,16,12.6,,,,,,,,951.4,,0.6,,124,2.2,122.5,0,0,0,0,,,,
KLO,2012,4,23,17,11.5,,,,,,,,951.4,,2.8,,20,0.1,20,0,0,0,0,,,,
KLO,2012,4,23,18,9.1,,,,,,,,951.9,,6,,3,0,3,0,0,0,0,,,,
KLO,2012,4,23,19,7.8,,,,,,,,952.2,,3.3,,0,0,0,0,0,0,0,,,,
KLO,2012,4,23,20,7.8,,,,,,,,951.9,,1.4,,0,0,0,0,0,0,0,,,,
KLO,2012,4,23,21,7.5,,,,,,,,951.2,,1.7,,0,0,0,0,0,0,0,,,,
KLO,2012,4,23,22,7.3,,,,,,,,951.3,,1.9,,0,0,0,0,0,0,0,,,,
KLO,2012,4,23,23,7.2,,,,,,,,951.2,,2.5,,0,0,0,0,0,0,0,,,,
KLO,2012,4,24,0,7.1,,,,,,,,950.7,,1.1,,0,0,0,0,0,0,0,,,,
KLO,2012,4,24,1,7,,,,,,,,950.2,,1.8,,0,0,0,0,0,0,0,,,,
KLO,2012,4,24,2,7,,,,,,,,949.9,,1.7,,0,0,0,0,0,0,0,,,,
KLO,2012,4,24,3,6.8,,,,,,,,949.4,,4,,0,0,0,0,0,0,0,,,,
KLO,2012,4,24,4,6.4,,,,,,,,948.9,,2.9,,0,0,0,0,0,0,0,,,,
KLO,2012,4,24,5,6.3,,,,,,,,948.8,,2.6,,18,0,0,0,0,0,0,,,,
KLO,2012,4,24,6,6.4,,,,,,,,948.7,,1.6,,43,0,0,0,0,0,0,,,,
KLO,2012,4,24,7,6.9,,,,,,,,948.8,,2.7,,103,857.8,17.6,0,0,0,0,,,,
KLO,2012,4,24,8,7.6,,,,,,,,949,,3.9,,195,301,113.7,0,0,0,0,,,,
KLO,2012,4,24,9,8.2,,,,,,,,949.4,,5.5,,262,143,199.9,0,0,0,0,,,,
KLO,2012,4,24,10,8.8,,,,,,,,949.8,,5,,244,25,229.4,0,0,0,0,,,,
KLO,2012,4,24,11,9.9,,,,,,,,949.8,,4.8,,527,352.7,280.4,0,0,0,0,,,,
KLO,2012,4,24,12,9,,,,,,,,949.9,,6.1,,313,19.7,297.6,0,0,0,0,,,,
KLO,2012,4,24,13,9.7,,,,,,,,950.5,,6.2,,436,79.8,370.5,0,0,0,0,,,,
KLO,2012,4,24,14,10.5,,,,,,,,950.9,,7.7,,403,56,357.2,0,0,0,0,,,,
KLO,2012,4,24,15,9.3,,,,,,,,951.8,,6.9,,244,7.2,238.5,0,0,0,0,,,,
KLO,2012,4,24,16,9.2,,,,,,,,952.6,,5.7,,144,3,142,0,0,0,0,,,,
KLO,2012,4,24,17,8.4,,,,,,,,953.4,,6.5,,91,1.8,90,0,0,0,0,,,,
KLO,2012,4,24,18,6.8,,,,,,,,954.5,,5,,8,0,8,0,0,0,0,,,,
KLO,2012,4,24,19,6.5,,,,,,,,955.4,,4.2,,0,0,0,0,0,0,0,,,,
KLO,2012,4,24,20,7,,,,,,,,956.3,,4.9,,0,0,0,0,0,0,0,,,,
KLO,2012,4,24,21,6.8,,,,,,,,956.9,,5.7,,0,0,0,0,0,0,0,,,,
KLO,2012,4,24,22,6.6,,,,,,,,957.7,,4.9,,0,0,0,0,0,0,0,,,,
KLO,2012,4,24,23,6.3,,,,,,,,958.1,,5.1,,0,0,0,0,0,0,0,,,,
KLO,2012,4,25,0,5.4,,,,,,,,958.1,,3.6,,0,0,0,0,0,0,0,,,,
KLO,2012,4,25,1,5.2,,,,,,,,957.9,,2.9,,0,0,0,0,0,0,0,,,,
KLO,2012,4,25,2,4.6,,,,,,,,957.8,,2.1,,0,0,0,0,0,0,0,,,,
KLO,2012,4,25,3,3.5,,,,,,,,957.5,,1.2,,0,0,0,0,0,0,0,,,,
KLO,2012,4,25,4,3.6,,,,,,,,957.1,,2.2,,3,0,0,0,0,0,0,,,,
KLO,2012,4,25,5,3.7,,,,,,,,956.9,,2.2,,90,0,0,0,0,0,0,,,,
KLO,2012,4,25,6,5.7,,,,,,,,956.8,,0.6,,224,0,0,0,0,0,0,,,,
KLO,2012,4,25,7,7.6,,,,,,,,956.6,,0.7,,440,3530,72.6,0,0,0,0,,,,
KLO,2012,4,25,8,9.5,,,,,,,,956.2,,0.5,,566,1722.4,93.4,0,0,0,0,,,,
KLO,2012,4,25,9,11.2,,,,,,,,955.8,,1,,648,1233.4,106.9,0,0,0,0,,,,
KLO,2012,4,25,10,12.8,,,,,,,,955.4,,1.7,,765,1092,126.2,0,0,0,0,,,,
KLO,2012,4,25,11,13.4,,,,,,,,954.9,,2.2,,518,325,289.5,0,0,0,0,,,,
KLO,2012,4,25,12,14.1,,,,,,,,954.7,,2.6,,391,59,344.7,0,0,0,0,,,,
KLO,2012,4,25,13,14.5,,,,,,,,954.6,,2.6,,376,38,344.7,0,0,0,0,,,,
KLO,2012,4,25,14,15,,,,,,,,954.7,,1.9,,359,30.9,333.6,0,0,0,0,,,,
KLO,2012,4,25,15,14,,,,,,,,954.6,,2.1,,143,2.3,141.2,0,0,0,0,,,,
KLO,2012,4,25,16,13.9,,,,,,,,953.8,,1,,179,4.6,175.9,0,0,0,0,,,,
KLO,2012,4,25,17,13.4,,,,,,,,953.4,,2.4,,97,2,95.9,0,0,0,0,,,,
KLO,2012,4,25,18,11.6,,,,,,,,953.3,,2.9,,14,0.1,14,0,0,0,0,,,,
KLO,2012,4,25,19,10.7,,,,,,,,953.6,,1.8,,0,0,0,0,0,0,0,,,,
KLO,2012,4,25,20,9.7,,,,,,,,954.3,,2.3,,0,0,0,0,0,0,0,,,,
KLO,2012,4,25,21,8.5,,,,,,,,954.4,,0.7,,0,0,0,0,0,0,0,,,,
KLO,2012,4,25,22,6.6,,,,,,,,954.4,,1.1,,0,0,0,0,0,0,0,,,,
KLO,2012,4,25,23,6.3,,,,,,,,954.3,,0.8,,0,0,0,0,0,0,0,,,,
KLO,2012,4,26,0,5.2,,,,,,,,954.4,,0.7,,0,0,0,0,0,0,0,,,,
KLO,2012,4,26,1,4.4,,,,,,,,954.6,,1.3,,0,0,0,0,0,0,0,,,,
KLO,2012,4,26,2,4.1,,,,,,,,955.3,,1.8,,0,0,0,0,0,0,0,,,,
KLO,2012,4,26,3,3.4,,,,,,,,955.6,,1.1,,0,0,0,0,0,0,0,,,,
KLO,2012,4,26,4,3.3,,,,,,,,956.2,,0.6,,3,0,0,0,0,0,0,,,,
KLO,2012,4,26,5,4.6,,,,,,,,957,,0.6,,86,0,0,0,0,0,0,,,,
KLO,2012,4,26,6,7.5,,,,,,,,957.7,,1.6,,277,0,0,0,0,0,0,,,,
KLO,2012,4,26,7,11.1,,,,,,,,958.2,,0.7,,457,3514.2,75.4,0,0,0,0,,,,
KLO,2012,4,26,8,14.4,,,,,,,,958.6,,1.2,,627,1878.4,103.5,0,0,0,0,,,,
KLO,2012,4,26,9,16.6,,,,,,,,958.9,,1.6,,758,1429.4,125.1,0,0,0,0,,,,
KLO,2012,4,26,10,18.8,,,,,,,,958.7,,1,,846,1199.8,139.6,0,0,0,0,,,,
KLO,2012,4,26,11,20.4,,,,,,,,958.7,,1.9,,882,1042.3,145.5,0,0,0,0,,,,
KLO,2012,4,26,12,21.9,,,,,,,,958.7,,1.9,,864,915.3,142.6,0,0,0,0,,,,
KLO,2012,4,26,13,22.9,,,,,,,,958.9,,3.9,,804,762.4,172.7,0,0,0,0,,,,
KLO,2012,4,26,14,23.4,,,,,,,,959.2,,3.2,,672,467.5,287.1,0,0,0,0,,,,
KLO,2012,4,26,15,23.2,,,,,,,,959.1,,3.9,,511,210.6,347.9,0,0,0,0,,,,
KLO,2012,4,26,16,22.9,,,,,,,,959.5,,3.6,,358,74.5,307,0,0,0,0,,,,
KLO,2012,4,26,17,21,,,,,,,,959.7,,2.6,,155,5.1,152.1,0,0,0,0,,,,
KLO,2012,4,26,18,17.8,,,,,,,,960,,1.4,,19,0.1,18.9,0,0,0,0,,,,
KLO,2012,4,26,19,15.8,,,,,,,,961,,0.8,,0,0,0,0,0,0,0,,,,
KLO,2012,4,26,20,12.5,,,,,,,,962,,1.7,,0,0,0,0,0,0,0,,,,
KLO,2012,4,26,21,12.7,,,,,,,,962.8,,1.8,,0,0,0,0,0,0,0,,,,
KLO,2012,4,26,22,11.5,,,,,,,,963.5,,0.9,,0,0,0,0,0,0,0,,,,
KLO,2012,4,26,23,9.8,,,,,,,,964,,2,,0,0,0,0,0,0,0,,,,
KLO,2012,4,27,0,8.5,,,,,,,,964.5,,0.8,,0,0,0,0,0,0,0,,,,
KLO,2012,4,27,1,6.9,,,,,,,,964.4,,0.4,,0,0,0,0,0,0,0,,,,
KLO,2012,4,27,2,7,,,,,,,,964.5,,0.6,,0,0,0,0,0,0,0,,,,
KLO,2012,4,27,3,5.7,,,,,,,,964.5,,1.1,,0,0,0,0,0,0,0,,,,
KLO,2012,4,27,4,4.9,,,,,,,,964.4,,1.6,,4,0,0,0,0,0,0,,,,
KLO,2012,4,27,5,6.6,,,,,,,,964.9,,2,,99,0,0,0,0,0,0,,,,
KLO,2012,4,27,6,10.5,,,,,,,,965.5,,2.1,,269,0,0,0,0,0,0,,,,
KLO,2012,4,27,7,12.9,,,,,,,,965.8,,1.8,,450,3324.5,74.2,0,0,0,0,,,,
KLO,2012,4,27,8,15.1,,,,,,,,966,,1.9,,589,1738,97.2,0,0,0,0,,,,
KLO,2012,4,27,9,17.2,,,,,,,,966.6,,1.6,,766,1431.6,126.4,0,0,0,0,,,,
KLO,2012,4,27,10,18.4,,,,,,,,966.6,,0.8,,615,861.8,104.4,0,0,0,0,,,,
KLO,2012,4,27,11,20.1,,,,,,,,966.3,,1,,845,993.6,139.4,0,0,0,0,,,,
KLO,2012,4,27,12,21.5,,,,,,,,965.6,,2.1,,731,676.6,195.5,0,0,0,0,,,,
KLO,2012,4,27,13,23.3,,,,,,,,964.9,,3.3,,659,424.4,306.3,0,0,0,0,,,,
KLO,2012,4,27,14,23.2,,,,,,,,964.6,,4.2,,528,184.6,375.5,0,0,0,0,,,,
KLO,2012,4,27,15,23.1,,,,,,,,964.3,,4,,314,20.7,297.9,0,0,0,0,,,,
KLO,2012,4,27,16,22.9,,,,,,,,964.1,,3.5,,245,11.3,237.2,0,0,0,0,,,,
KLO,2012,4,27,17,21.6,,,,,,,,963.9,,2,,88,1.6,87.1,0,0,0,0,,,,
KLO,2012,4,27,18,18.7,,,,,,,,963.8,,0.6,,13,0.1,13,0,0,0,0,,,,
KLO,2012,4,27,19,16,,,,,,,,964.3,,1.8,,0,0,0,0,0,0,0,,,,
KLO,2012,4,27,20,13.3,,,,,,,,964.7,,2,,0,0,0,0,0,0,0,,,,
KLO,2012,4,27,21,13.4,,,,,,,,964.9,,1.4,,0,0,0,0,0,0,0,,,,
KLO,2012,4,27,22,12.2,,,,,,,,964.9,,0.7,,0,0,0,0,0,0,0,,,,
KLO,2012,4,27,23,10.9,,,,,,,,964.8,,1,,0,0,0,0,0,0,0,,,,
KLO,2012,4,28,0,9.3,,,,,,,,964.6,,0.7,,0,0,0,0,0,0,0,,,,
KLO,2012,4,28,1,9,,,,,,,,964.3,,0.4,,0,0,0,0,0,0,0,,,,
KLO,2012,4,28,2,8,,,,,,,,964.4,,1,,0,0,0,0,0,0,0,,,,
KLO,2012,4,28,3,7.9,,,,,,,,964.2,,0.8,,0,0,0,0,0,0,0,,,,
KLO,2012,4,28,4,7.7,,,,,,,,964.1,,0.6,,8,0,0,0,0,0,0,,,,
KLO,2012,4,28,5,8.8,,,,,,,,964.1,,0.8,,97,0,0,0,0,0,0,,,,
KLO,2012,4,28,6,11.2,,,,,,,,964.1,,0.6,,224,0,0,0,0,0,0,,,,
KLO,2012,4,28,7,14.2,,,,,,,,963.8,,1.1,,398,2830.9,65.7,0,0,0,0,,,,
KLO,2012,4,28,8,19.7,,,,,,,,963.4,,2,,615,1788.2,101.5,0,0,0,0,,,,
KLO,2012,4,28,9,22.5,,,,,,,,962.9,,2.1,,769,1424.6,126.9,0,0,0,0,,,,
KLO,2012,4,28,10,26.3,,,,,,,,962.1,,2.9,,849,1189.1,140.1,0,0,0,0,,,,
KLO,2012,4,28,11,28.9,,,,,,,,961.4,,8.6,,889,1040.4,146.7,0,0,0,0,,,,
KLO,2012,4,28,12,29.2,,,,,,,,960.8,,9.2,,870,914.1,143.6,0,0,0,0,,,,
KLO,2012,4,28,13,29,,,,,,,,960.4,,8.4,,784,707.7,193.7,0,0,0,0,,,,
KLO,2012,4,28,14,28.8,,,,,,,,959.9,,7.9,,653,414.9,309,0,0,0,0,,,,
KLO,2012,4,28,15,27.3,,,,,,,,959.6,,7.4,,345,32.7,319.4,0,0,0,0,,,,
KLO,2012,4,28,16,26.6,,,,,,,,959.3,,7,,233,9,226.8,0,0,0,0,,,,
KLO,2012,4,28,17,25.3,,,,,,,,958.9,,7.8,,64,0.9,63.5,0,0,0,0,,,,
KLO,2012,4,28,18,25.2,,,,,,,,958.7,,7.7,,10,0,10,0,0,0,0,,,,
KLO,2012,4,28,19,24.8,,,,,,,,958.1,,8.3,,0,0,0,0,0,0,0,,,,
KLO,2012,4,28,20,22.1,,,,,,,,957.9,,5.1,,0,0,0,0,0,0,0,,,,
KLO,2012,4,28,21,22,,,,,,,,957.3,,5.7,,0,0,0,0,0,0,0,,,,
KLO,2012,4,28,22,21.9,,,,,,,,956.4,,6.4,,0,0,0,0,0,0,0,,,,
KLO,2012,4,28,23,22.1,,,,,,,,955.9,,6.1,,0,0,0,0,0,0,0,,,,
KLO,2012,4,29,0,24,,,,,,,,955.6,,8.6,,0,0,0,0,0,0,0,,,,
KLO,2012,4,29,1,24.1,,,,,,,,954.9,,8.5,,0,0,0,0,0,0,0,,,,
KLO,2012,4,29,2,23.7,,,,,,,,954.2,,7.4,,0,0,0,0,0,0,0,,,,
KLO,2012,4,29,3,23.7,,,,,,,,953.7,,6.7,,0,0,0,0,0,0,0,,,,
KLO,2012,4,29,4,23.6,,,,,,,,953.3,,9,,1,0,0,0,0,0,0,,,,
KLO,2012,4,29,5,23.5,,,,,,,,952.9,,8.7,,35,0,0,0,0,0,0,,,,
KLO,2012,4,29,6,22.1,,,,,,,,953.4,,7.8,,63,0,0,0,0,0,0,,,,
KLO,2012,4,29,7,22.6,,,,,,,,954.7,,6.5,,142,974.4,23.4,0,0,0,0,,,,
KLO,2012,4,29,8,22.5,,,,,,,,955.9,,5.8,,223,376.2,113.4,0,0,0,0,,,,
KLO,2012,4,29,9,22.5,,,,,,,,957.2,,5.2,,475,870.1,79.5,0,0,0,0,,,,
KLO,2012,4,29,10,21.9,,,,,,,,957.6,,4.9,,654,910.5,107.9,0,0,0,0,,,,
KLO,2012,4,29,11,21.2,,,,,,,,957.8,,5.3,,578,450.5,255.1,0,0,0,0,,,,
KLO,2012,4,29,12,21.3,,,,,,,,958.4,,3.8,,694,573.4,236.5,0,0,0,0,,,,
KLO,2012,4,29,13,22,,,,,,,,958.4,,2,,741,603.3,235.9,0,0,0,0,,,,
KLO,2012,4,29,14,24,,,,,,,,958.4,,2.4,,738,606.6,233.2,0,0,0,0,,,,
KLO,2012,4,29,15,24.7,,,,,,,,958.6,,7.1,,593,361.3,310,0,0,0,0,,,,
KLO,2012,4,29,16,20.1,,,,,,,,959.4,,3.7,,162,3.6,159.5,0,0,0,0,,,,
KLO,2012,4,29,17,18.9,,,,,,,,960.1,,2.9,,151,4.7,148.3,0,0,0,0,,,,
KLO,2012,4,29,18,17.1,,,,,,,,960.9,,2.9,,20,0.2,19.9,0,0,0,0,,,,
KLO,2012,4,29,19,14.7,,,,,,,,961.9,,2.3,,0,0,0,0,0,0,0,,,,
KLO,2012,4,29,20,13.2,,,,,,,,962.8,,2.4,,0,0,0,0,0,0,0,,,,
KLO,2012,4,29,21,12.3,,,,,,,,963.5,,2.4,,0,0,0,0,0,0,0,,,,
KLO,2012,4,29,22,11.2,,,,,,,,964.1,,2.5,,0,0,0,0,0,0,0,,,,
KLO,2012,4,29,23,10.8,,,,,,,,964.5,,1.5,,0,0,0,0,0,0,0,,,,
KLO,2012,4,30,0,9.2,,,,,,,,964.8,,1.7,,0,0,0,0,0,0,0,,,,
KLO,2012,4,30,1,9.3,,,,,,,,965.1,,1.7,,0,0,0,0,0,0,0,,,,
KLO,2012,4,30,2,8.6,,,,,,,,965.5,,2.3,,0,0,0,0,0,0,0,,,,
KLO,2012,4,30,3,8.3,,,,,,,,965.8,,3,,0,0,0,0,0,0,0,,,,
KLO,2012,4,30,4,7.4,,,,,,,,965.5,,2.2,,6,0,0,0,0,0,0,,,,
KLO,2012,4,30,5,8.7,,,,,,,,965.2,,2.5,,61,0,0,0,0,0,0,,,,
KLO,2012,4,30,6,11.4,,,,,,,,965.2,,1.4,,175,0,0,0,0,0,0,,,,
KLO,2012,4,30,7,13.8,,,,,,,,964.5,,1.4,,391,2593,64.5,0,0,0,0,,,,
KLO,2012,4,30,8,15.6,,,,,,,,963.7,,2.4,,398,1125.4,65.7,0,0,0,0,,,,
KLO,2012,4,30,9,16.8,,,,,,,,963.2,,4,,306,222.6,204,0,0,0,0,,,,
KLO,2012,4,30,10,17.1,,,,,,,,962.6,,3.8,,211,10.5,204.7,0,0,0,0,,,,
KLO,2012,4,30,11,17.7,,,,,,,,961.7,,3.8,,235,8,229.3,0,0,0,0,,,,
KLO,2012,4,30,12,18.9,,,,,,,,960.9,,4,,414,71.2,357,0,0,0,0,,,,
KLO,2012,4,30,13,20.1,,,,,,,,960.6,,2.3,,495,130.5,385.3,0,0,0,0,,,,
KLO,2012,4,30,14,22,,,,,,,,960,,3.7,,519,164.9,381.3,0,0,0,0,,,,
KLO,2012,4,30,15,21.9,,,,,,,,959.5,,3.6,,399,65.2,347.7,0,0,0,0,,,,
KLO,2012,4,30,16,21.5,,,,,,,,959.3,,5.2,,119,2,117.6,0,0,0,0,,,,
KLO,2012,4,30,17,20,,,,,,,,959.2,,2.8,,28,0.2,27.9,0,0,0,0,,,,
KLO,2012,4,30,18,19.2,,,,,,,,959.2,,5.8,,8,0,8,0,0,0,0,,,,
KLO,2012,4,30,19,17.7,,,,,,,,959.5,,4.2,,0,0,0,0,0,0,0,,,,
KLO,2012,4,30,20,16.3,,,,,,,,960.1,,3.8,,0,0,0,0,0,0,0,,,,
KLO,2012,4,30,21,15.4,,,,,,,,961.5,,4,,0,0,0,0,0,0,0,,,,
KLO,2012,4,30,22,13.5,,,,,,,,963.3,,6.2,,0,0,0,0,0,0,0,,,,
KLO,2012,4,30,23,12,,,,,,,,964.6,,4.2,,0,0,0,0,0,0,0,,,,
KLO,2012,5,1,0,11.4,,,,,,,,965.1,,2.7,,0,0,0,0,0,0,0,,,,
KLO,2012,5,1,1,11.3,,,,,,,,965.7,,2.4,,0,0,0,0,0,0,0,,,,
KLO,2012,5,1,2,10.5,,,,,,,,966.2,,1.6,,0,0,0,0,0,0,0,,,,
KLO,2012,5,1,3,9.8,,,,,,,,966.2,,1.5,,0,0,0,0,0,0,0,,,,
KLO,2012,5,1,4,8.9,,,,,,,,966.6,,1.7,,5,0,0,0,0,0,0,,,,
KLO,2012,5,1,5,10.3,,,,,,,,967,,1.2,,76,0,0,0,0,0,0,,,,
KLO,2012,5,1,6,11.7,,,,,,,,967.3,,1.5,,175,0,0,0,0,0,0,,,,
KLO,2012,5,1,7,12.6,,,,,,,,967.6,,1.6,,256,1643.7,42.2,0,0,0,0,,,,
KLO,2012,5,1,8,13,,,,,,,,967.9,,1.1,,292,772.9,60.7,0,0,0,0,,,,
KLO,2012,5,1,9,14,,,,,,,,967.9,,1.1,,399,562.3,139.2,0,0,0,0,,,,
KLO,2012,5,1,10,14.4,,,,,,,,967.6,,1.2,,398,207.4,272.2,0,0,0,0,,,,
KLO,2012,5,1,11,15.3,,,,,,,,967.3,,0.9,,436,144.6,331.4,0,0,0,0,,,,
KLO,2012,5,1,12,17,,,,,,,,967,,2.1,,650,455.8,283.6,0,0,0,0,,,,
KLO,2012,5,1,13,17.8,,,,,,,,966.6,,2.1,,619,323.7,346.2,0,0,0,0,,,,
KLO,2012,5,1,14,17.7,,,,,,,,966.1,,2.3,,365,30.6,339.4,0,0,0,0,,,,
KLO,2012,5,1,15,18,,,,,,,,965.8,,1.8,,381,51.3,340.5,0,0,0,0,,,,
KLO,2012,5,1,16,18,,,,,,,,965.4,,1.8,,246,10.8,238.5,0,0,0,0,,,,
KLO,2012,5,1,17,17,,,,,,,,965.3,,2.5,,97,1.9,95.9,0,0,0,0,,,,
KLO,2012,5,1,18,15.5,,,,,,,,965.4,,2.6,,11,0,11,0,0,0,0,,,,
KLO,2012,5,1,19,14.5,,,,,,,,965.1,,2.7,,0,0,0,0,0,0,0,,,,
KLO,2012,5,1,20,14,,,,,,,,965,,1.6,,0,0,0,0,0,0,0,,,,
KLO,2012,5,1,21,14.4,,,,,,,,964.5,,1.1,,0,0,0,0,0,0,0,,,,
KLO,2012,5,1,22,13.4,,,,,,,,964,,1,,0,0,0,0,0,0,0,,,,
KLO,2012,5,1,23,13.3,,,,,,,,963.9,,1.4,,0,0,0,0,0,0,0,,,,
KLO,2012,5,2,0,12.6,,,,,,,,964.2,,4.1,,0,0,0,0,0,0,0,,,,
KLO,2012,5,2,1,11.3,,,,,,,,963.1,,3.4,,0,0,0,0,0,0,0,,,,
KLO,2012,5,2,2,10.1,,,,,,,,963,,1.4,,0,0,0,0,0,0,0,,,,
KLO,2012,5,2,3,9.3,,,,,,,,963.1,,1.4,,0,0,0,0,0,0,0,,,,
KLO,2012,5,2,4,9.2,,,,,,,,963.3,,1,,5,0,0,0,0,0,0,,,,
KLO,2012,5,2,5,10.5,,,,,,,,963.6,,1.4,,98,0,0,0,0,0,0,,,,
KLO,2012,5,2,6,11.7,,,,,,,,963.9,,2.6,,169,0,0,0,0,0,0,,,,
KLO,2012,5,2,7,12.5,,,,,,,,964.3,,2.4,,182,1133.1,30,0,0,0,0,,,,
KLO,2012,5,2,8,13.8,,,,,,,,964.6,,3,,312,852.5,53.6,0,0,0,0,,,,
KLO,2012,5,2,9,15.1,,,,,,,,964.8,,4.7,,430,679.2,113.7,0,0,0,0,,,,
KLO,2012,5,2,10,16.1,,,,,,,,964.8,,6.5,,581,732.6,134.1,0,0,0,0,,,,
KLO,2012,5,2,11,17,,,,,,,,964.8,,6.4,,940,1080.4,155.1,0,0,0,0,,,,
KLO,2012,5,2,12,17.4,,,,,,,,965.1,,6.5,,910,941.7,150.2,0,0,0,0,,,,
KLO,2012,5,2,13,17.4,,,,,,,,965.2,,6.2,,775,665.6,212,0,0,0,0,,,,
KLO,2012,5,2,14,17.2,,,,,,,,965.1,,6.9,,696,493.6,281.1,0,0,0,0,,,,
KLO,2012,5,2,15,16.5,,,,,,,,965.3,,6.1,,535,234.7,349.2,0,0,0,0,,,,
KLO,2012,5,2,16,15.6,,,,,,,,965,,4.7,,242,9.9,235,0,0,0,0,,,,
KLO,2012,5,2,17,15.5,,,,,,,,965,,3.9,,190,8.2,185.3,0,0,0,0,,,,
KLO,2012,5,2,18,14.1,,,,,,,,965.2,,2.3,,52,1,51.6,0,0,0,0,,,,
KLO,2012,5,2,19,12.2,,,,,,,,965.6,,1.5,,0,0,0,0,0,0,0,,,,
KLO,2012,5,2,20,10.9,,,,,,,,966,,1.9,,0,0,0,0,0,0,0,,,,
KLO,2012,5,2,21,10.5,,,,,,,,966,,1.3,,0,0,0,0,0,0,0,,,,
KLO,2012,5,2,22,10.6,,,,,,,,966.1,,1.5,,0,0,0,0,0,0,0,,,,
KLO,2012,5,2,23,10.2,,,,,,,,965.9,,1.7,,0,0,0,0,0,0,0,,,,
KLO,2012,5,3,0,9.1,,,,,,,,965.5,,1.2,,0,0,0,0,0,0,0,,,,
KLO,2012,5,3,1,8.1,,,,,,,,965.3,,0.7,,0,0,0,0,0,0,0,,,,
KLO,2012,5,3,2,8.3,,,,,,,,965.5,,0.9,,0,0,0,0,0,0,0,,,,
KLO,2012,5,3,3,8.2,,,,,,,,965.2,,0.8,,0,0,0,0,0,0,0,,,,
KLO,2012,5,3,4,8.3,,,,,,,,965.1,,1,,6,0,0,0,0,0,0,,,,
KLO,2012,5,3,5,9.6,,,,,,,,965.2,,1.3,,132,0,0,0,0,0,0,,,,
KLO,2012,5,3,6,10.6,,,,,,,,965.1,,1.6,,293,0,0,0,0,0,0,,,,
KLO,2012,5,3,7,12.5,,,,,,,,965.1,,0.4,,474,2866,78.2,0,0,0,0,,,,
KLO,2012,5,3,8,13.9,,,,,,,,964.7,,0.8,,638,1736,105.3,0,0,0,0,,,,
KLO,2012,5,3,9,15.6,,,,,,,,964.3,,1.3,,781,1390,128.9,0,0,0,0,,,,
KLO,2012,5,3,10,17,,,,,,,,963.6,,1.9,,893,1215.7,147.3,0,0,0,0,,,,
KLO,2012,5,3,11,17.8,,,,,,,,963,,2,,865,990.1,142.7,0,0,0,0,,,,
KLO,2012,5,3,12,18.7,,,,,,,,962.4,,1.8,,904,932.2,149.2,0,0,0,0,,,,
KLO,2012,5,3,13,19.3,,,,,,,,961.8,,1.9,,857,826.9,155.4,0,0,0,0,,,,
KLO,2012,5,3,14,19.7,,,,,,,,961.1,,2,,641,368.7,330.1,0,0,0,0,,,,
KLO,2012,5,3,15,19.2,,,,,,,,960.7,,3.5,,314,18.9,299,0,0,0,0,,,,
KLO,2012,5,3,16,18.7,,,,,,,,960.5,,3,,234,8.5,228,0,0,0,0,,,,
KLO,2012,5,3,17,18.2,,,,,,,,960.3,,3.4,,205,11,198.6,0,0,0,0,,,,
KLO,2012,5,3,18,15.5,,,,,,,,960.5,,2.7,,43,0.7,42.7,0,0,0,0,,,,
KLO,2012,5,3,19,14.6,,,,,,,,960.6,,1.7,,0,0,0,0,0,0,0,,,,
KLO,2012,5,3,20,12.3,,,,,,,,960.7,,0.9,,0,0,0,0,0,0,0,,,,
KLO,2012,5,3,21,12.1,,,,,,,,960.8,,0.7,,0,0,0,0,0,0,0,,,,
KLO,2012,5,3,22,10.9,,,,,,,,960.7,,1.4,,0,0,0,0,0,0,0,,,,
KLO,2012,5,3,23,8.6,,,,,,,,960.6,,0.4,,0,0,0,0,0,0,0,,,,
KLO,2012,5,4,0,8.3,,,,,,,,960.3,,0.7,,0,0,0,0,0,0,0,,,,
KLO,2012,5,4,1,7.7,,,,,,,,960,,0.8,,0,0,0,0,0,0,0,,,,
KLO,2012,5,4,2,7.2,,,,,,,,959.8,,0.3,,0,0,0,0,0,0,0,,,,
KLO,2012,5,4,3,6.4,,,,,,,,959.6,,0.6,,0,0,0,0,0,0,0,,,,
KLO,2012,5,4,4,5.7,,,,,,,,959.4,,0.3,,10,0,0,0,0,0,0,,,,
KLO,2012,5,4,5,7.9,,,,,,,,959.5,,0.5,,123,0,0,0,0,0,0,,,,
KLO,2012,5,4,6,10.5,,,,,,,,959.4,,0.4,,298,0,0,0,0,0,0,,,,
KLO,2012,5,4,7,13.2,,,,,,,,959.2,,0.6,,481,2828.4,79.4,0,0,0,0,,,,
KLO,2012,5,4,8,15.5,,,,,,,,958.8,,0.5,,638,1715.4,105.3,0,0,0,0,,,,
KLO,2012,5,4,9,17.2,,,,,,,,958.2,,0.8,,769,1358.7,126.9,0,0,0,0,,,,
KLO,2012,5,4,10,18.9,,,,,,,,957.6,,1.2,,852,1153.9,140.6,0,0,0,0,,,,
KLO,2012,5,4,11,20,,,,,,,,956.9,,1.1,,896,1021.4,147.8,0,0,0,0,,,,
KLO,2012,5,4,12,21,,,,,,,,956.4,,1.5,,878,902.3,144.9,0,0,0,0,,,,
KLO,2012,5,4,13,21.7,,,,,,,,955.5,,1.9,,823,759.1,176.9,0,0,0,0,,,,
KLO,2012,5,4,14,21.8,,,,,,,,954.8,,1.6,,691,473.5,290.5,0,0,0,0,,,,
KLO,2012,5,4,15,21.8,,,,,,,,954.3,,2.3,,518,200.7,358,0,0,0,0,,,,
KLO,2012,5,4,16,21.4,,,,,,,,954,,1.3,,248,10.7,240.4,0,0,0,0,,,,
KLO,2012,5,4,17,21.3,,,,,,,,953.7,,1.6,,180,6.6,176.1,0,0,0,0,,,,
KLO,2012,5,4,18,17.5,,,,,,,,954,,3.4,,16,0.1,16,0,0,0,0,,,,
KLO,2012,5,4,19,16.5,,,,,,,,954.4,,2.1,,0,0,0,0,0,0,0,,,,
KLO,2012,5,4,20,15.2,,,,,,,,954.7,,3.2,,0,0,0,0,0,0,0,,,,
KLO,2012,5,4,21,14,,,,,,,,954.7,,2.6,,0,0,0,0,0,0,0,,,,
KLO,2012,5,4,22,12.9,,,,,,,,956.1,,4.3,,0,0,0,0,0,0,0,,,,
KLO,2012,5,4,23,12.3,,,,,,,,956.2,,4.2,,0,0,0,0,0,0,0,,,,
KLO,2012,5,5,0,11.8,,,,,,,,956.3,,2.9,,0,0,0,0,0,0,0,,,,
KLO,2012,5,5,1,11.6,,,,,,,,956.1,,0.7,,0,0,0,0,0,0,0,,,,
KLO,2012,5,5,2,11.7,,,,,,,,956.2,,1.6,,0,0,0,0,0,0,0,,,,
KLO,2012,5,5,3,11.8,,,,,,,,955.8,,2.6,,0,0,0,0,0,0,0,,,,
KLO,2012,5,5,4,11.7,,,,,,,,956.1,,3.3,,0,0,0,0,0,0,0,,,,
KLO,2012,5,5,5,11.3,,,,,,,,956.4,,2.7,,10,0,0,0,0,0,0,,,,
KLO,2012,5,5,6,11.2,,,,,,,,956.6,,3,,29,0,0,0,0,0,0,,,,
KLO,2012,5,5,7,11.3,,,,,,,,957,,3.2,,56,16.4,53.6,0,0,0,0,,,,
KLO,2012,5,5,8,11.2,,,,,,,,957.5,,3.4,,91,5.6,89.2,0,0,0,0,,,,
KLO,2012,5,5,9,12.1,,,,,,,,957.8,,3.3,,300,176.6,216,0,0,0,0,,,,
KLO,2012,5,5,10,13.1,,,,,,,,957.9,,3.9,,460,338.9,250,0,0,0,0,,,,
KLO,2012,5,5,11,12.9,,,,,,,,958.1,,5,,401,92.6,332.9,0,0,0,0,,,,
KLO,2012,5,5,12,14.3,,,,,,,,958,,3.9,,578,284.8,345.8,0,0,0,0,,,,
KLO,2012,5,5,13,15.2,,,,,,,,957.6,,2.6,,603,280.6,363.4,0,0,0,0,,,,
KLO,2012,5,5,14,15.7,,,,,,,,957.1,,3.3,,568,227,375.5,0,0,0,0,,,,
KLO,2012,5,5,15,16,,,,,,,,956.9,,2,,437,93.7,362.1,0,0,0,0,,,,
KLO,2012,5,5,16,15.5,,,,,,,,956.7,,1.2,,204,5.5,200.1,0,0,0,0,,,,
KLO,2012,5,5,17,15,,,,,,,,956.4,,2.9,,149,4.3,146.5,0,0,0,0,,,,
KLO,2012,5,5,18,14,,,,,,,,956.7,,2.5,,17,0.1,17,0,0,0,0,,,,
KLO,2012,5,5,19,11.8,,,,,,,,957.7,,4.2,,0,0,0,0,0,0,0,,,,
KLO,2012,5,5,20,9.4,,,,,,,,958.2,,2.3,,0,0,0,0,0,0,0,,,,
KLO,2012,5,5,21,9.3,,,,,,,,958.4,,1.5,,0,0,0,0,0,0,0,,,,
KLO,2012,5,5,22,9.4,,,,,,,,958.4,,0.9,,0,0,0,0,0,0,0,,,,
KLO,2012,5,5,23,8.6,,,,,,,,958.4,,0.9,,0,0,0,0,0,0,0,,,,
KLO,2012,5,6,0,9.3,,,,,,,,958.5,,0.7,,0,0,0,0,0,0,0,,,,
KLO,2012,5,6,1,9.9,,,,,,,,958.5,,1.1,,0,0,0,0,0,0,0,,,,
KLO,2012,5,6,2,10.1,,,,,,,,958.5,,1.9,,0,0,0,0,0,0,0,,,,
KLO,2012,5,6,3,10,,,,,,,,958.5,,2.1,,0,0,0,0,0,0,0,,,,
KLO,2012,5,6,4,9.9,,,,,,,,958.7,,1.7,,1,0,0,0,0,0,0,,,,
KLO,2012,5,6,5,10.1,,,,,,,,959.3,,1.1,,27,0,0,0,0,0,0,,,,
KLO,2012,5,6,6,10.7,,,,,,,,959.8,,2.5,,153,0,0,0,0,0,0,,,,
KLO,2012,5,6,7,11.5,,,,,,,,960,,3.2,,271,1513,44.7,0,0,0,0,,,,
KLO,2012,5,6,8,12.7,,,,,,,,960.4,,3.3,,540,1419.4,89.1,0,0,0,0,,,,
KLO,2012,5,6,9,13.7,,,,,,,,960.7,,2.3,,604,1052.4,99.7,0,0,0,0,,,,
KLO,2012,5,6,10,14.4,,,,,,,,960.6,,2.6,,514,490.9,208.4,0,0,0,0,,,,
KLO,2012,5,6,11,14.5,,,,,,,,960.7,,2.9,,380,70.6,327.9,0,0,0,0,,,,
KLO,2012,5,6,12,10,,,,,,,,961.4,,2.4,,101,1,100.2,0,0,0,0,,,,
KLO,2012,5,6,13,10.8,,,,,,,,961.4,,3,,355,24.1,334.4,0,0,0,0,,,,
KLO,2012,5,6,14,12,,,,,,,,961.4,,3.3,,285,8.9,277.5,0,0,0,0,,,,
KLO,2012,5,6,15,12.8,,,,,,,,961.4,,3,,271,9.2,263.6,0,0,0,0,,,,
KLO,2012,5,6,16,11.7,,,,,,,,961.7,,1.4,,20,0.1,20,0,0,0,0,,,,
KLO,2012,5,6,17,12,,,,,,,,962.1,,2.3,,174,5.9,170.5,0,0,0,0,,,,
KLO,2012,5,6,18,10.9,,,,,,,,962.4,,2,,29,0.3,28.9,0,0,0,0,,,,
KLO,2012,5,6,19,10.3,,,,,,,,963.4,,2,,0,0,0,0,0,0,0,,,,
KLO,2012,5,6,20,9.6,,,,,,,,964.1,,1.7,,0,0,0,0,0,0,0,,,,
KLO,2012,5,6,21,10.2,,,,,,,,964.6,,1,,0,0,0,0,0,0,0,,,,
KLO,2012,5,6,22,9.5,,,,,,,,964.9,,1.5,,0,0,0,0,0,0,0,,,,
KLO,2012,5,6,23,8.5,,,,,,,,965.3,,2.1,,0,0,0,0,0,0,0,,,,
KLO,2012,5,7,0,7.8,,,,,,,,965.4,,1.2,,0,0,0,0,0,0,0,,,,
KLO,2012,5,7,1,7.7,,,,,,,,965.4,,0.8,,0,0,0,0,0,0,0,,,,
KLO,2012,5,7,2,6.8,,,,,,,,965.6,,1.1,,0,0,0,0,0,0,0,,,,
KLO,2012,5,7,3,6.1,,,,,,,,965.8,,1.3,,0,0,0,0,0,0,0,,,,
KLO,2012,5,7,4,7.5,,,,,,,,966.3,,0.5,,1,0,0,0,0,0,0,,,,
KLO,2012,5,7,5,8.6,,,,,,,,966.8,,1,,43,0,0,0,0,0,0,,,,
KLO,2012,5,7,6,10.2,,,,,,,,967.2,,0.9,,259,0,0,0,0,0,0,,,,
KLO,2012,5,7,7,11.2,,,,,,,,967.5,,1.4,,284,1547.9,46.9,0,0,0,0,,,,
KLO,2012,5,7,8,12.4,,,,,,,,967.7,,1.4,,524,1362.6,86.5,0,0,0,0,,,,
KLO,2012,5,7,9,13,,,,,,,,967.9,,1.8,,310,192.2,217.3,0,0,0,0,,,,
KLO,2012,5,7,10,14.1,,,,,,,,967.9,,1.7,,684,912.9,112.9,0,0,0,0,,,,
KLO,2012,5,7,11,14.9,,,,,,,,967.8,,2.8,,595,448.7,262.6,0,0,0,0,,,,
KLO,2012,5,7,12,14.7,,,,,,,,967.8,,3.4,,577,276.8,349.9,0,0,0,0,,,,
KLO,2012,5,7,13,16.1,,,,,,,,967.5,,1.7,,796,688.4,204.9,0,0,0,0,,,,
KLO,2012,5,7,14,16.5,,,,,,,,967.1,,2.1,,662,398.5,322,0,0,0,0,,,,
KLO,2012,5,7,15,16.6,,,,,,,,966.8,,2,,575,294.9,337.8,0,0,0,0,,,,
KLO,2012,5,7,16,16.4,,,,,,,,966.6,,2.1,,385,87.4,322.5,0,0,0,0,,,,
KLO,2012,5,7,17,16.1,,,,,,,,966.5,,1.9,,204,10,198.1,0,0,0,0,,,,
KLO,2012,5,7,18,14.6,,,,,,,,966.7,,1.9,,40,0.5,39.8,0,0,0,0,,,,
KLO,2012,5,7,19,13.5,,,,,,,,967.1,,1.6,,0,0,0,0,0,0,0,,,,
KLO,2012,5,7,20,12.2,,,,,,,,967.6,,1,,0,0,0,0,0,0,0,,,,
KLO,2012,5,7,21,11.6,,,,,,,,967.7,,0.5,,0,0,0,0,0,0,0,,,,
KLO,2012,5,7,22,8.8,,,,,,,,967.6,,1.1,,0,0,0,0,0,0,0,,,,
KLO,2012,5,7,23,8.2,,,,,,,,967.5,,0.4,,0,0,0,0,0,0,0,,,,
KLO,2012,5,8,0,7.5,,,,,,,,967.3,,0.5,,0,0,0,0,0,0,0,,,,
KLO,2012,5,8,1,6.7,,,,,,,,967.1,,0.9,,0,0,0,0,0,0,0,,,,
KLO,2012,5,8,2,6.1,,,,,,,,967.2,,0.7,,0,0,0,0,0,0,0,,,,
KLO,2012,5,8,3,5.4,,,,,,,,967.2,,1.5,,0,0,0,0,0,0,0,,,,
KLO,2012,5,8,4,5.4,,,,,,,,967.1,,0.5,,14,0,0,0,0,0,0,,,,
KLO,2012,5,8,5,6.9,,,,,,,,967.3,,1,,138,0,0,0,0,0,0,,,,
KLO,2012,5,8,6,9.8,,,,,,,,967.1,,0.6,,318,0,0,0,0,0,0,,,,
KLO,2012,5,8,7,12.4,,,,,,,,967,,0.4,,495,2636.6,81.7,0,0,0,0,,,,
KLO,2012,5,8,8,14.6,,,,,,,,966.7,,0.6,,627,1613.7,103.5,0,0,0,0,,,,
KLO,2012,5,8,9,16.6,,,,,,,,966.4,,1.4,,704,1210.8,116.2,0,0,0,0,,,,
KLO,2012,5,8,10,18.4,,,,,,,,965.8,,1.6,,823,1093.5,135.8,0,0,0,0,,,,
KLO,2012,5,8,11,19.3,,,,,,,,965.3,,0.9,,809,908.5,133.5,0,0,0,0,,,,
KLO,2012,5,8,12,20.1,,,,,,,,965.2,,2.8,,580,279.4,350,0,0,0,0,,,,
KLO,2012,5,8,13,20,,,,,,,,965.1,,2.3,,417,52.7,371.6,0,0,0,0,,,,
KLO,2012,5,8,14,19.6,,,,,,,,965,,4.1,,332,17.3,317.2,0,0,0,0,,,,
KLO,2012,5,8,15,19.4,,,,,,,,964.8,,3.9,,337,25.1,316.7,0,0,0,0,,,,
KLO,2012,5,8,16,18.7,,,,,,,,964.8,,3.2,,165,3.6,162.5,0,0,0,0,,,,
KLO,2012,5,8,17,16.2,,,,,,,,965.3,,4.6,,60,0.7,59.6,0,0,0,0,,,,
KLO,2012,5,8,18,14.1,,,,,,,,966,,2.9,,13,0.1,13,0,0,0,0,,,,
KLO,2012,5,8,19,13,,,,,,,,966.4,,2.5,,0,0,0,0,0,0,0,,,,
KLO,2012,5,8,20,12.6,,,,,,,,966.5,,1.9,,0,0,0,0,0,0,0,,,,
KLO,2012,5,8,21,12.6,,,,,,,,966.7,,1.3,,0,0,0,0,0,0,0,,,,
KLO,2012,5,8,22,12.5,,,,,,,,966.8,,0.6,,0,0,0,0,0,0,0,,,,
KLO,2012,5,8,23,12.5,,,,,,,,967,,0.5,,0,0,0,0,0,0,0,,,,
KLO,2012,5,9,0,12.4,,,,,,,,966.9,,0.7,,0,0,0,0,0,0,0,,,,
KLO,2012,5,9,1,12.5,,,,,,,,966.9,,1.5,,0,0,0,0,0,0,0,,,,
KLO,2012,5,9,2,12.6,,,,,,,,966.9,,2.3,,0,0,0,0,0,0,0,,,,
KLO,2012,5,9,3,12.7,,,,,,,,966.7,,3.3,,0,0,0,0,0,0,0,,,,
KLO,2012,5,9,4,12.8,,,,,,,,967,,2.3,,7,0,0,0,0,0,0,,,,
KLO,2012,5,9,5,13,,,,,,,,967.4,,2.5,,23,0,0,0,0,0,0,,,,
KLO,2012,5,9,6,13.1,,,,,,,,967.7,,1.8,,48,0,0,0,0,0,0,,,,
KLO,2012,5,9,7,13.4,,,,,,,,967.9,,2.4,,108,234.5,70.4,0,0,0,0,,,,
KLO,2012,5,9,8,14.7,,,,,,,,968.3,,2.7,,313,740.9,70.2,0,0,0,0,,,,
KLO,2012,5,9,9,15.2,,,,,,,,968.6,,2.2,,280,117.2,222.8,0,0,0,0,,,,
KLO,2012,5,9,10,14.6,,,,,,,,969.1,,1.2,,129,2.8,127.2,0,0,0,0,,,,
KLO,2012,5,9,11,15.2,,,,,,,,969.1,,1.1,,307,23.3,289.6,0,0,0,0,,,,
KLO,2012,5,9,12,17,,,,,,,,969.1,,0.7,,500,149.8,376.4,0,0,0,0,,,,
KLO,2012,5,9,13,18.9,,,,,,,,969.1,,1.4,,742,558.3,259.9,0,0,0,0,,,,
KLO,2012,5,9,14,19.8,,,,,,,,968.8,,1.4,,412,50.6,368.5,0,0,0,0,,,,
KLO,2012,5,9,15,18.4,,,,,,,,969.2,,3.1,,126,1.6,124.7,0,0,0,0,,,,
KLO,2012,5,9,16,16.6,,,,,,,,969.9,,1.6,,39,0.2,38.9,0,0,0,0,,,,
KLO,2012,5,9,17,16.5,,,,,,,,969.7,,0.9,,153,4.4,150.4,0,0,0,0,,,,
KLO,2012,5,9,18,16,,,,,,,,970,,1.2,,38,0.5,37.8,0,0,0,0,,,,
KLO,2012,5,9,19,15.2,,,,,,,,970.5,,1.1,,1,0,1,0,0,0,0,,,,
KLO,2012,5,9,20,14.7,,,,,,,,971.1,,0.5,,0,0,0,0,0,0,0,,,,
KLO,2012,5,9,21,14.2,,,,,,,,971.4,,0.3,,0,0,0,0,0,0,0,,,,
KLO,2012,5,9,22,11.9,,,,,,,,971.6,,0.9,,0,0,0,0,0,0,0,,,,
KLO,2012,5,9,23,11.3,,,,,,,,971.7,,1.2,,0,0,0,0,0,0,0,,,,
KLO,2012,5,10,0,10.8,,,,,,,,971.7,,0.8,,0,0,0,0,0,0,0,,,,
KLO,2012,5,10,1,11.2,,,,,,,,971.8,,1.1,,0,0,0,0,0,0,0,,,,
KLO,2012,5,10,2,11.2,,,,,,,,972,,0.8,,0,0,0,0,0,0,0,,,,
KLO,2012,5,10,3,11.3,,,,,,,,972,,0.9,,0,0,0,0,0,0,0,,,,
KLO,2012,5,10,4,11.5,,,,,,,,972.2,,1,,15,0,0,0,0,0,0,,,,
KLO,2012,5,10,5,12,,,,,,,,972.7,,0.8,,88,0,0,0,0,0,0,,,,
KLO,2012,5,10,6,12.8,,,,,,,,973.2,,0.7,,185,0,0,0,0,0,0,,,,
KLO,2012,5,10,7,14,,,,,,,,973.5,,0.9,,374,1908.6,61.7,0,0,0,0,,,,
KLO,2012,5,10,8,16.2,,,,,,,,973.8,,1.3,,638,1610.2,105.3,0,0,0,0,,,,
KLO,2012,5,10,9,18.6,,,,,,,,973.6,,1.1,,764,1298.2,126.1,0,0,0,0,,,,
KLO,2012,5,10,10,20.9,,,,,,,,973.2,,1.1,,806,1061.6,133,0,0,0,0,,,,
KLO,2012,5,10,11,22.8,,,,,,,,972.8,,1,,812,905.6,134,0,0,0,0,,,,
KLO,2012,5,10,12,24.4,,,,,,,,972.3,,1.1,,877,885.1,144.3,0,0,0,0,,,,
KLO,2012,5,10,13,25.6,,,,,,,,972.1,,2.6,,790,662.5,216.5,0,0,0,0,,,,
KLO,2012,5,10,14,26.4,,,,,,,,971.9,,2.6,,699,468.3,296.2,0,0,0,0,,,,
KLO,2012,5,10,15,26.3,,,,,,,,971.7,,2.6,,472,125.4,370.2,0,0,0,0,,,,
KLO,2012,5,10,16,25.1,,,,,,,,971.6,,2,,200,5.2,196.3,0,0,0,0,,,,
KLO,2012,5,10,17,25.5,,,,,,,,971.6,,1.8,,206,9.9,200.1,0,0,0,0,,,,
KLO,2012,5,10,18,23.9,,,,,,,,971.9,,1.4,,53,0.9,52.6,0,0,0,0,,,,
KLO,2012,5,10,19,20.4,,,,,,,,972.3,,1.1,,0,0,0,0,0,0,0,,,,
KLO,2012,5,10,20,17.5,,,,,,,,972.9,,2.1,,0,0,0,0,0,0,0,,,,
KLO,2012,5,10,21,17.4,,,,,,,,973.1,,2.4,,0,0,0,0,0,0,0,,,,
KLO,2012,5,10,22,15.9,,,,,,,,973.4,,1.3,,0,0,0,0,0,0,0,,,,
KLO,2012,5,10,23,15.2,,,,,,,,973.6,,1.8,,0,0,0,0,0,0,0,,,,
KLO,2012,5,11,0,15,,,,,,,,973.8,,2.3,,0,0,0,0,0,0,0,,,,
KLO,2012,5,11,1,13.8,,,,,,,,973.9,,1.7,,0,0,0,0,0,0,0,,,,
KLO,2012,5,11,2,13.3,,,,,,,,974.1,,2.2,,0,0,0,0,0,0,0,,,,
KLO,2012,5,11,3,12.8,,,,,,,,974.1,,2.3,,0,0,0,0,0,0,0,,,,
KLO,2012,5,11,4,12,,,,,,,,974.3,,1.2,,24,0,0,0,0,0,0,,,,
KLO,2012,5,11,5,13.7,,,,,,,,974.7,,0.8,,118,0,0,0,0,0,0,,,,
KLO,2012,5,11,6,16.4,,,,,,,,974.8,,0.4,,240,0,0,0,0,0,0,,,,
KLO,2012,5,11,7,19.5,,,,,,,,974.8,,1.8,,486,2431.3,80.2,0,0,0,0,,,,
KLO,2012,5,11,8,22.2,,,,,,,,974.3,,1.9,,654,1635.4,107.9,0,0,0,0,,,,
KLO,2012,5,11,9,24.3,,,,,,,,974,,1.7,,773,1306,127.5,0,0,0,0,,,,
KLO,2012,5,11,10,25.4,,,,,,,,973.5,,1.2,,862,1130.7,142.2,0,0,0,0,,,,
KLO,2012,5,11,11,26.6,,,,,,,,973.1,,1.5,,914,1016.1,150.8,0,0,0,0,,,,
KLO,2012,5,11,12,27.8,,,,,,,,972.8,,2.1,,816,788.8,161.3,0,0,0,0,,,,
KLO,2012,5,11,13,28.5,,,,,,,,972.4,,2.5,,797,673.9,212.1,0,0,0,0,,,,
KLO,2012,5,11,14,29.2,,,,,,,,972,,2.3,,706,480.4,291.7,0,0,0,0,,,,
KLO,2012,5,11,15,29.2,,,,,,,,971.6,,3.1,,555,246.8,354.2,0,0,0,0,,,,
KLO,2012,5,11,16,28.6,,,,,,,,971.3,,4,,406,105.7,329.3,0,0,0,0,,,,
KLO,2012,5,11,17,27.7,,,,,,,,971,,3.1,,219,12.7,211.3,0,0,0,0,,,,
KLO,2012,5,11,18,26.1,,,,,,,,971.3,,2.4,,48,0.7,47.7,0,0,0,0,,,,
KLO,2012,5,11,19,24,,,,,,,,971.6,,2.4,,0,0,0,0,0,0,0,,,,
KLO,2012,5,11,20,21.4,,,,,,,,972.2,,1.4,,0,0,0,0,0,0,0,,,,
KLO,2012,5,11,21,20.5,,,,,,,,972.4,,1.3,,0,0,0,0,0,0,0,,,,
KLO,2012,5,11,22,18.6,,,,,,,,972.4,,1.7,,0,0,0,0,0,0,0,,,,
KLO,2012,5,11,23,18.3,,,,,,,,972.2,,1.8,,0,0,0,0,0,0,0,,,,
KLO,2012,5,12,0,18.1,,,,,,,,972.8,,4.1,,0,0,0,0,0,0,0,,,,
KLO,2012,5,12,1,18.4,,,,,,,,974.3,,3.5,,0,0,0,0,0,0,0,,,,
KLO,2012,5,12,2,16.9,,,,,,,,974.4,,1.2,,0,0,0,0,0,0,0,,,,
KLO,2012,5,12,3,16.6,,,,,,,,974.1,,1.6,,0,0,0,0,0,0,0,,,,
KLO,2012,5,12,4,16.6,,,,,,,,974.3,,1.1,,2,0,0,0,0,0,0,,,,
KLO,2012,5,12,5,16.7,,,,,,,,974.6,,1.5,,4,0,0,0,0,0,0,,,,
KLO,2012,5,12,6,15.3,,,,,,,,975.3,,5.2,,19,0,0,0,0,0,0,,,,
KLO,2012,5,12,7,12.6,,,,,,,,976.8,,6.2,,24,1.3,23.8,0,0,0,0,,,,
KLO,2012,5,12,8,11.1,,,,,,,,977.8,,5.1,,41,1,40.7,0,0,0,0,,,,
KLO,2012,5,12,9,10.7,,,,,,,,979,,3,,56,0.9,55.6,0,0,0,0,,,,
KLO,2012,5,12,10,11,,,,,,,,979.6,,2.1,,135,3,133.1,0,0,0,0,,,,
KLO,2012,5,12,11,11.3,,,,,,,,979.7,,2.5,,113,1.5,111.9,0,0,0,0,,,,
KLO,2012,5,12,12,10.8,,,,,,,,980.3,,3.7,,97,0.9,96.2,0,0,0,0,,,,
KLO,2012,5,12,13,10.5,,,,,,,,980.7,,2.7,,127,1.4,125.8,0,0,0,0,,,,
KLO,2012,5,12,14,10.3,,,,,,,,980.8,,1.7,,112,1.1,111,0,0,0,0,,,,
KLO,2012,5,12,15,10.4,,,,,,,,980.7,,1.1,,77,0.6,76.5,0,0,0,0,,,,
KLO,2012,5,12,16,10.4,,,,,,,,980.6,,1.2,,65,0.5,64.6,0,0,0,0,,,,
KLO,2012,5,12,17,10.3,,,,,,,,980.6,,1.4,,49,0.4,48.7,0,0,0,0,,,,
KLO,2012,5,12,18,10,,,,,,,,980.6,,1.9,,33,0.4,32.8,0,0,0,0,,,,
KLO,2012,5,12,19,9.7,,,,,,,,980.7,,1.4,,2,0,2,0,0,0,0,,,,
KLO,2012,5,12,20,9.5,,,,,,,,980.7,,1.8,,0,0,0,0,0,0,0,,,,
KLO,2012,5,12,21,9.2,,,,,,,,980.5,,2.3,,0,0,0,0,0,0,0,,,,
KLO,2012,5,12,22,8.4,,,,,,,,980.1,,3.2,,0,0,0,0,0,0,0,,,,
KLO,2012,5,12,23,7.7,,,,,,,,979.8,,3.6,,0,0,0,0,0,0,0,,,,
KLO,2012,5,13,0,7.3,,,,,,,,979.4,,3.3,,0,0,0,0,0,0,0,,,,
KLO,2012,5,13,1,6.5,,,,,,,,978.9,,2.6,,0,0,0,0,0,0,0,,,,
KLO,2012,5,13,2,6.5,,,,,,,,978.1,,1.6,,0,0,0,0,0,0,0,,,,
KLO,2012,5,13,3,6.3,,,,,,,,977.5,,1.9,,0,0,0,0,0,0,0,,,,
KLO,2012,5,13,4,6.4,,,,,,,,977.2,,1.6,,22,0,0,0,0,0,0,,,,
KLO,2012,5,13,5,7.3,,,,,,,,977.2,,4.8,,153,0,0,0,0,0,0,,,,
KLO,2012,5,13,6,8.6,,,,,,,,977.1,,2.8,,341,0,0,0,0,0,0,,,,
KLO,2012,5,13,7,10.1,,,,,,,,976.7,,5,,526,2535.7,86.8,0,0,0,0,,,,
KLO,2012,5,13,8,11.3,,,,,,,,976.2,,8.1,,692,1700.6,114.2,0,0,0,0,,,,
KLO,2012,5,13,9,12.1,,,,,,,,975.9,,7.9,,833,1392.2,137.4,0,0,0,0,,,,
KLO,2012,5,13,10,13.2,,,,,,,,975.7,,8.1,,976,1270.4,161,0,0,0,0,,,,
KLO,2012,5,13,11,12.5,,,,,,,,975.5,,5.8,,545,307.2,312.8,0,0,0,0,,,,
KLO,2012,5,13,12,13.3,,,,,,,,974.9,,5.3,,603,309.7,344.6,0,0,0,0,,,,
KLO,2012,5,13,13,13.8,,,,,,,,974.4,,5.6,,720,494.4,288.7,0,0,0,0,,,,
KLO,2012,5,13,14,14.3,,,,,,,,974,,6.1,,784,649,221.6,0,0,0,0,,,,
KLO,2012,5,13,15,14.2,,,,,,,,973.8,,5.5,,544,223.4,361.3,0,0,0,0,,,,
KLO,2012,5,13,16,13.6,,,,,,,,973.5,,5.7,,367,64,320.3,0,0,0,0,,,,
KLO,2012,5,13,17,12.9,,,,,,,,973.3,,5.7,,239,18.7,227.6,0,0,0,0,,,,
KLO,2012,5,13,18,11.1,,,,,,,,973.3,,4,,60,1.1,59.5,0,0,0,0,,,,
KLO,2012,5,13,19,9.7,,,,,,,,973.5,,3.1,,2,0,2,0,0,0,0,,,,
KLO,2012,5,13,20,8.5,,,,,,,,973.6,,2.4,,0,0,0,0,0,0,0,,,,
KLO,2012,5,13,21,5.3,,,,,,,,973.4,,2,,0,0,0,0,0,0,0,,,,
KLO,2012,5,13,22,5.2,,,,,,,,973.1,,2.4,,0,0,0,0,0,0,0,,,,
KLO,2012,5,13,23,4.5,,,,,,,,972.8,,2.5,,0,0,0,0,0,0,0,,,,
KLO,2012,5,14,0,3.6,,,,,,,,972.4,,2.3,,0,0,0,0,0,0,0,,,,
KLO,2012,5,14,1,3.5,,,,,,,,972,,2.4,,0,0,0,0,0,0,0,,,,
KLO,2012,5,14,2,2.9,,,,,,,,971.7,,1.3,,0,0,0,0,0,0,0,,,,
KLO,2012,5,14,3,2.8,,,,,,,,971.3,,1.6,,0,0,0,0,0,0,0,,,,
KLO,2012,5,14,4,1.9,,,,,,,,971.2,,0.6,,24,0,0,0,0,0,0,,,,
KLO,2012,5,14,5,4.1,,,,,,,,971.2,,1.6,,164,0,0,0,0,0,0,,,,
KLO,2012,5,14,6,6.7,,,,,,,,971.1,,2,,349,0,0,0,0,0,0,,,,
KLO,2012,5,14,7,8.7,,,,,,,,970.8,,2.1,,536,2539.7,88.4,0,0,0,0,,,,
KLO,2012,5,14,8,10.7,,,,,,,,970.3,,2.4,,701,1708.7,115.7,0,0,0,0,,,,
KLO,2012,5,14,9,12.6,,,,,,,,969.9,,4.5,,837,1391.7,138.1,0,0,0,0,,,,
KLO,2012,5,14,10,13.1,,,,,,,,969.4,,4.8,,921,1194.4,152,0,0,0,0,,,,
KLO,2012,5,14,11,14.2,,,,,,,,968.5,,4.3,,957,1054.4,157.9,0,0,0,0,,,,
KLO,2012,5,14,12,15.1,,,,,,,,967.6,,4,,948,946.3,156.4,0,0,0,0,,,,
KLO,2012,5,14,13,15.6,,,,,,,,966.8,,3.3,,880,825.1,158.7,0,0,0,0,,,,
KLO,2012,5,14,14,15.9,,,,,,,,966.1,,2.9,,772,618.6,234.7,0,0,0,0,,,,
KLO,2012,5,14,15,15.9,,,,,,,,965.5,,3.5,,497,151.2,373,0,0,0,0,,,,
KLO,2012,5,14,16,15.8,,,,,,,,965,,3.4,,400,95,330.5,0,0,0,0,,,,
KLO,2012,5,14,17,15.8,,,,,,,,964.8,,3,,326,85.6,273.8,0,0,0,0,,,,
KLO,2012,5,14,18,14.5,,,,,,,,964.5,,2.8,,89,2.5,87.8,0,0,0,0,,,,
KLO,2012,5,14,19,11.7,,,,,,,,964.4,,1.6,,3,0,3,0,0,0,0,,,,
KLO,2012,5,14,20,8.5,,,,,,,,964.4,,0.9,,0,0,0,0,0,0,0,,,,
KLO,2012,5,14,21,6.9,,,,,,,,964.2,,1.5,,0,0,0,0,0,0,0,,,,
KLO,2012,5,14,22,5.8,,,,,,,,963.9,,1,,0,0,0,0,0,0,0,,,,
KLO,2012,5,14,23,5.2,,,,,,,,963.5,,0.8,,0,0,0,0,0,0,0,,,,
KLO,2012,5,15,0,4.4,,,,,,,,963.3,,0.7,,0,0,0,0,0,0,0,,,,
KLO,2012,5,15,1,4,,,,,,,,963.3,,0.7,,0,0,0,0,0,0,0,,,,
KLO,2012,5,15,2,3.4,,,,,,,,963.1,,1.8,,0,0,0,0,0,0,0,,,,
KLO,2012,5,15,3,3.6,,,,,,,,962.7,,2.3,,0,0,0,0,0,0,0,,,,
KLO,2012,5,15,4,3.5,,,,,,,,962.9,,0.8,,23,0,0,0,0,0,0,,,,
KLO,2012,5,15,5,5.4,,,,,,,,962.9,,0.7,,156,0,0,0,0,0,0,,,,
KLO,2012,5,15,6,9.7,,,,,,,,962.9,,1.7,,338,0,0,0,0,0,0,,,,
KLO,2012,5,15,7,12.2,,,,,,,,962.6,,2.8,,520,2423.8,85.8,0,0,0,0,,,,
KLO,2012,5,15,8,13.7,,,,,,,,962.3,,3.5,,697,1685.7,115,0,0,0,0,,,,
KLO,2012,5,15,9,15,,,,,,,,961.6,,3.9,,868,1436.2,143.2,0,0,0,0,,,,
KLO,2012,5,15,10,15.5,,,,,,,,960.9,,3.6,,711,918.8,117.3,0,0,0,0,,,,
KLO,2012,5,15,11,15.5,,,,,,,,960.4,,4.6,,700,681.1,182.4,0,0,0,0,,,,
KLO,2012,5,15,12,13.7,,,,,,,,960.4,,7.9,,570,244.7,364.9,0,0,0,0,,,,
KLO,2012,5,15,13,13.7,,,,,,,,960.6,,7.2,,788,639.6,227.6,0,0,0,0,,,,
KLO,2012,5,15,14,12.6,,,,,,,,961,,9.2,,768,606.1,240.3,0,0,0,0,,,,
KLO,2012,5,15,15,12.2,,,,,,,,961.3,,9.3,,545,221.1,363.3,0,0,0,0,,,,
KLO,2012,5,15,16,12.4,,,,,,,,961.7,,6.6,,375,69.2,324.2,0,0,0,0,,,,
KLO,2012,5,15,17,12.2,,,,,,,,961.8,,7.8,,209,9.7,203.1,0,0,0,0,,,,
KLO,2012,5,15,18,8.9,,,,,,,,963.4,,6.5,,37,0.4,36.8,0,0,0,0,,,,
KLO,2012,5,15,19,7.7,,,,,,,,964.5,,5.2,,1,0,1,0,0,0,0,,,,
KLO,2012,5,15,20,5.9,,,,,,,,965.7,,5.3,,0,0,0,0,0,0,0,,,,
KLO,2012,5,15,21,5.6,,,,,,,,966.8,,5.4,,0,0,0,0,0,0,0,,,,
KLO,2012,5,15,22,5.5,,,,,,,,967.6,,5.1,,0,0,0,0,0,0,0,,,,
KLO,2012,5,15,23,5.5,,,,,,,,967.9,,4.3,,0,0,0,0,0,0,0,,,,
KLO,2012,5,16,0,5.2,,,,,,,,968,,4.9,,0,0,0,0,0,0,0,,,,
KLO,2012,5,16,1,5.2,,,,,,,,968.3,,4.2,,0,0,0,0,0,0,0,,,,
KLO,2012,5,16,2,5.2,,,,,,,,968.3,,3.4,,0,0,0,0,0,0,0,,,,
KLO,2012,5,16,3,5.2,,,,,,,,968.3,,3.2,,0,0,0,0,0,0,0,,,,
KLO,2012,5,16,4,5.4,,,,,,,,968.7,,3.5,,3,0,0,0,0,0,0,,,,
KLO,2012,5,16,5,5.5,,,,,,,,969.3,,2.9,,19,0,0,0,0,0,0,,,,
KLO,2012,5,16,6,5.6,,,,,,,,969.6,,3,,77,0,0,0,0,0,0,,,,
KLO,2012,5,16,7,5.8,,,,,,,,970,,4,,132,315.3,74.6,0,0,0,0,,,,
KLO,2012,5,16,8,6.6,,,,,,,,970.3,,4.6,,171,57.5,151,0,0,0,0,,,,
KLO,2012,5,16,9,6.2,,,,,,,,970.9,,4.4,,183,12.4,176.7,0,0,0,0,,,,
KLO,2012,5,16,10,7.7,,,,,,,,971.1,,5,,576,618.9,174.8,0,0,0,0,,,,
KLO,2012,5,16,11,8.9,,,,,,,,971.3,,4.4,,546,300.8,316.8,0,0,0,0,,,,
KLO,2012,5,16,12,10.6,,,,,,,,971.5,,5.1,,748,622,225.3,0,0,0,0,,,,
KLO,2012,5,16,13,9.5,,,,,,,,971.9,,5.6,,395,37,362.5,0,0,0,0,,,,
KLO,2012,5,16,14,8.8,,,,,,,,972.4,,4.6,,398,39.7,363.4,0,0,0,0,,,,
KLO,2012,5,16,15,10,,,,,,,,972.3,,4.3,,285,10.3,276.5,0,0,0,0,,,,
KLO,2012,5,16,16,10.8,,,,,,,,972.6,,4.3,,374,67.5,324.3,0,0,0,0,,,,
KLO,2012,5,16,17,8.6,,,,,,,,973.3,,5.3,,119,2.5,117.4,0,0,0,0,,,,
KLO,2012,5,16,18,7.8,,,,,,,,974,,1.8,,78,1.9,77.1,0,0,0,0,,,,
KLO,2012,5,16,19,6.3,,,,,,,,974.7,,1.6,,1,0,1,0,0,0,0,,,,
KLO,2012,5,16,20,6.5,,,,,,,,975.4,,1.6,,0,0,0,0,0,0,0,,,,
KLO,2012,5,16,21,5.9,,,,,,,,975.6,,1.6,,0,0,0,0,0,0,0,,,,
KLO,2012,5,16,22,4.9,,,,,,,,975.6,,1.6,,0,0,0,0,0,0,0,,,,
KLO,2012,5,16,23,4,,,,,,,,975.3,,1.8,,0,0,0,0,0,0,0,,,,
KLO,2012,5,17,0,3.5,,,,,,,,975,,1.9,,0,0,0,0,0,0,0,,,,
KLO,2012,5,17,1,3,,,,,,,,974.5,,1.5,,0,0,0,0,0,0,0,,,,
KLO,2012,5,17,2,1,,,,,,,,974.1,,1,,0,0,0,0,0,0,0,,,,
KLO,2012,5,17,3,1,,,,,,,,973.8,,0.9,,0,0,0,0,0,0,0,,,,
KLO,2012,5,17,4,0.3,,,,,,,,973.7,,1.1,,26,0,0,0,0,0,0,,,,
KLO,2012,5,17,5,2.1,,,,,,,,973.5,,0.8,,167,0,0,0,0,0,0,,,,
KLO,2012,5,17,6,4.8,,,,,,,,973,,1.4,,353,0,0,0,0,0,0,,,,
KLO,2012,5,17,7,7.9,,,,,,,,972.4,,2.8,,537,2427.9,88.6,0,0,0,0,,,,
KLO,2012,5,17,8,9.9,,,,,,,,971.9,,3.8,,703,1675.5,116,0,0,0,0,,,,
KLO,2012,5,17,9,11.2,,,,,,,,971.3,,5.9,,828,1357.4,136.6,0,0,0,0,,,,
KLO,2012,5,17,10,12.6,,,,,,,,970.8,,5.6,,880,1129.7,145.2,0,0,0,0,,,,
KLO,2012,5,17,11,13.6,,,,,,,,969.9,,5.5,,897,980.3,148,0,0,0,0,,,,
KLO,2012,5,17,12,14.5,,,,,,,,968.9,,5.5,,916,908.1,151.1,0,0,0,0,,,,
KLO,2012,5,17,13,15.3,,,,,,,,968.2,,6.5,,848,758.9,180.2,0,0,0,0,,,,
KLO,2012,5,17,14,15.6,,,,,,,,967.3,,6.3,,766,595.1,245.6,0,0,0,0,,,,
KLO,2012,5,17,15,15.8,,,,,,,,966.4,,5.4,,534,199.8,368.9,0,0,0,0,,,,
KLO,2012,5,17,16,15.3,,,,,,,,965.3,,6.3,,374,66.7,324.8,0,0,0,0,,,,
KLO,2012,5,17,17,14.4,,,,,,,,964.5,,5.9,,162,4.7,159.1,0,0,0,0,,,,
KLO,2012,5,17,18,13.6,,,,,,,,964,,5.7,,52,0.8,51.6,0,0,0,0,,,,
KLO,2012,5,17,19,12.4,,,,,,,,963.4,,4.8,,3,0,3,0,0,0,0,,,,
KLO,2012,5,17,20,10.6,,,,,,,,963.2,,1.6,,0,0,0,0,0,0,0,,,,
KLO,2012,5,17,21,11.5,,,,,,,,962.7,,1.5,,0,0,0,0,0,0,0,,,,
KLO,2012,5,17,22,11,,,,,,,,962.6,,2.5,,0,0,0,0,0,0,0,,,,
KLO,2012,5,17,23,9.1,,,,,,,,962.4,,2,,0,0,0,0,0,0,0,,,,
KLO,2012,5,18,0,8.4,,,,,,,,962,,2.3,,0,0,0,0,0,0,0,,,,
KLO,2012,5,18,1,8.5,,,,,,,,962,,2.7,,0,0,0,0,0,0,0,,,,
KLO,2012,5,18,2,8.2,,,,,,,,961.3,,1.5,,0,0,0,0,0,0,0,,,,
KLO,2012,5,18,3,7.6,,,,,,,,961.7,,2.9,,0,0,0,0,0,0,0,,,,
KLO,2012,5,18,4,7.4,,,,,,,,961.4,,1.9,,6,0,0,0,0,0,0,,,,
KLO,2012,5,18,5,7.8,,,,,,,,961.5,,1,,35,0,0,0,0,0,0,,,,
KLO,2012,5,18,6,8.7,,,,,,,,961.8,,1.1,,144,0,0,0,0,0,0,,,,
KLO,2012,5,18,7,9.3,,,,,,,,962.2,,0.8,,230,1025.3,38,0,0,0,0,,,,
KLO,2012,5,18,8,10.9,,,,,,,,962.2,,0.7,,264,354.6,138.9,0,0,0,0,,,,
KLO,2012,5,18,9,12.4,,,,,,,,962.2,,1.6,,328,193.4,229.1,0,0,0,0,,,,
KLO,2012,5,18,10,14.1,,,,,,,,962,,1.8,,428,212.5,289.3,0,0,0,0,,,,
KLO,2012,5,18,11,17.1,,,,,,,,961.8,,2.3,,488,188.3,343.8,0,0,0,0,,,,
KLO,2012,5,18,12,16.9,,,,,,,,961.8,,2.7,,354,26.1,332,0,0,0,0,,,,
KLO,2012,5,18,13,17.2,,,,,,,,961.7,,1.6,,296,9.1,288,0,0,0,0,,,,
KLO,2012,5,18,14,17.4,,,,,,,,961.6,,2,,212,4,208.5,0,0,0,0,,,,
KLO,2012,5,18,15,17.4,,,,,,,,961.8,,1.8,,148,2.2,146.2,0,0,0,0,,,,
KLO,2012,5,18,16,17.2,,,,,,,,961.8,,1.7,,116,1.7,114.8,0,0,0,0,,,,
KLO,2012,5,18,17,16.6,,,,,,,,961.9,,1.9,,66,0.8,65.5,0,0,0,0,,,,
KLO,2012,5,18,18,15.7,,,,,,,,962.1,,1.6,,29,0.3,28.9,0,0,0,0,,,,
KLO,2012,5,18,19,15.1,,,,,,,,962.6,,1.2,,0,0,0,0,0,0,0,,,,
KLO,2012,5,18,20,14.3,,,,,,,,963.3,,1,,0,0,0,0,0,0,0,,,,
KLO,2012,5,18,21,13.4,,,,,,,,963.6,,1,,0,0,0,0,0,0,0,,,,
KLO,2012,5,18,22,12.8,,,,,,,,963.9,,1.1,,0,0,0,0,0,0,0,,,,
KLO,2012,5,18,23,13,,,,,,,,964.1,,1.2,,0,0,0,0,0,0,0,,,,
KLO,2012,5,19,0,12.6,,,,,,,,964,,1.1,,0,0,0,0,0,0,0,,,,
KLO,2012,5,19,1,11.3,,,,,,,,963.9,,1,,0,0,0,0,0,0,0,,,,
KLO,2012,5,19,2,10.6,,,,,,,,963.8,,0.5,,0,0,0,0,0,0,0,,,,
KLO,2012,5,19,3,10.8,,,,,,,,963.7,,1.1,,0,0,0,0,0,0,0,,,,
KLO,2012,5,19,4,10.4,,,,,,,,963.7,,1.3,,20,0,0,0,0,0,0,,,,
KLO,2012,5,19,5,10.9,,,,,,,,963.8,,1.1,,125,0,0,0,0,0,0,,,,
KLO,2012,5,19,6,13.1,,,,,,,,963.6,,1.4,,359,0,0,0,0,0,0,,,,
KLO,2012,5,19,7,14.9,,,,,,,,963.5,,1.4,,455,2001.2,75.1,0,0,0,0,,,,
KLO,2012,5,19,8,16.8,,,,,,,,962.5,,2.8,,507,1192.2,83.7,0,0,0,0,,,,
KLO,2012,5,19,9,19.7,,,,,,,,961.9,,4.3,,792,1287.5,130.7,0,0,0,0,,,,
KLO,2012,5,19,10,20.1,,,,,,,,961.6,,3.4,,500,382.5,249.7,0,0,0,0,,,,
KLO,2012,5,19,11,20.4,,,,,,,,961.2,,2.7,,402,78.3,341.9,0,0,0,0,,,,
KLO,2012,5,19,12,20.1,,,,,,,,960.6,,3.4,,316,14.7,303.6,0,0,0,0,,,,
KLO,2012,5,19,13,20.7,,,,,,,,960.2,,3.4,,529,144.5,401.4,0,0,0,0,,,,
KLO,2012,5,19,14,21,,,,,,,,959.6,,3,,452,72.2,388.6,0,0,0,0,,,,
KLO,2012,5,19,15,21.4,,,,,,,,959.3,,2,,426,71.2,366.9,0,0,0,0,,,,
KLO,2012,5,19,16,21.5,,,,,,,,958.8,,2.8,,352,48.4,316.1,0,0,0,0,,,,
KLO,2012,5,19,17,20.7,,,,,,,,958.4,,3,,224,12.4,216.3,0,0,0,0,,,,
KLO,2012,5,19,18,18.4,,,,,,,,958,,2.3,,70,1.5,69.3,0,0,0,0,,,,
KLO,2012,5,19,19,15.6,,,,,,,,957.7,,1.6,,2,0,2,0,0,0,0,,,,
KLO,2012,5,19,20,14.2,,,,,,,,957.8,,1,,0,0,0,0,0,0,0,,,,
KLO,2012,5,19,21,13.3,,,,,,,,958.1,,0.8,,0,0,0,0,0,0,0,,,,
KLO,2012,5,19,22,11.8,,,,,,,,958.2,,1.3,,0,0,0,0,0,0,0,,,,
KLO,2012,5,19,23,12.8,,,,,,,,958.6,,2.2,,0,0,0,0,0,0,0,,,,
KLO,2012,5,20,0,13.5,,,,,,,,958.9,,1.8,,0,0,0,0,0,0,0,,,,
KLO,2012,5,20,1,12.6,,,,,,,,958.7,,2,,0,0,0,0,0,0,0,,,,
KLO,2012,5,20,2,10.6,,,,,,,,958.7,,1.9,,0,0,0,0,0,0,0,,,,
KLO,2012,5,20,3,9.7,,,,,,,,958.1,,0.6,,0,0,0,0,0,0,0,,,,
KLO,2012,5,20,4,9.1,,,,,,,,957.9,,1,,26,0,0,0,0,0,0,,,,
KLO,2012,5,20,5,11,,,,,,,,957.6,,0.5,,160,0,0,0,0,0,0,,,,
KLO,2012,5,20,6,13.4,,,,,,,,957.2,,1.4,,341,0,0,0,0,0,0,,,,
KLO,2012,5,20,7,15.7,,,,,,,,957.2,,2,,475,2062.7,78.4,0,0,0,0,,,,
KLO,2012,5,20,8,17.5,,,,,,,,956.6,,2.1,,419,979.2,69.1,0,0,0,0,,,,
KLO,2012,5,20,9,18.8,,,,,,,,956,,1.8,,682,1104.3,112.5,0,0,0,0,,,,
KLO,2012,5,20,10,21.2,,,,,,,,955.4,,2,,927,1179.5,153,0,0,0,0,,,,
KLO,2012,5,20,11,23.1,,,,,,,,954.8,,1.9,,882,957.1,145.5,0,0,0,0,,,,
KLO,2012,5,20,12,23.5,,,,,,,,954.4,,1,,519,159.5,383.8,0,0,0,0,,,,
KLO,2012,5,20,13,23.6,,,,,,,,954.3,,1.9,,351,19.7,333.5,0,0,0,0,,,,
KLO,2012,5,20,14,22.5,,,,,,,,953.8,,2.3,,233,4.7,228.8,0,0,0,0,,,,
KLO,2012,5,20,15,22.9,,,,,,,,953.3,,2.7,,286,10.1,277.6,0,0,0,0,,,,
KLO,2012,5,20,16,22.2,,,,,,,,953,,3.3,,165,3.3,162.5,0,0,0,0,,,,
KLO,2012,5,20,17,21,,,,,,,,952.8,,4.3,,86,1.3,85.2,0,0,0,0,,,,
KLO,2012,5,20,18,19.7,,,,,,,,952.4,,2,,31,0.3,30.9,0,0,0,0,,,,
KLO,2012,5,20,19,18.8,,,,,,,,951.9,,4.1,,1,0,1,0,0,0,0,,,,
KLO,2012,5,20,20,17.9,,,,,,,,951.9,,3.6,,0,0,0,0,0,0,0,,,,
KLO,2012,5,20,21,17.1,,,,,,,,952.1,,3,,0,0,0,0,0,0,0,,,,
KLO,2012,5,20,22,15.9,,,,,,,,952.1,,2,,0,0,0,0,0,0,0,,,,
KLO,2012,5,20,23,14,,,,,,,,951.9,,1,,0,0,0,0,0,0,0,,,,
KLO,2012,5,21,0,14.4,,,,,,,,951.9,,1.3,,0,0,0,0,0,0,0,,,,
KLO,2012,5,21,1,14.4,,,,,,,,951.1,,2.6,,0,0,0,0,0,0,0,,,,
KLO,2012,5,21,2,14.4,,,,,,,,950.5,,2.6,,0,0,0,0,0,0,0,,,,
KLO,2012,5,21,3,13.5,,,,,,,,950.1,,1.3,,0,0,0,0,0,0,0,,,,
KLO,2012,5,21,4,12.7,,,,,,,,949.8,,1.1,,17,0,0,0,0,0,0,,,,
KLO,2012,5,21,5,13.1,,,,,,,,950.3,,0.8,,47,0,0,0,0,0,0,,,,
KLO,2012,5,21,6,14,,,,,,,,949.9,,0.8,,103,0,0,0,0,0,0,,,,
KLO,2012,5,21,7,14.6,,,,,,,,949.7,,1.8,,237,1016.8,39.1,0,0,0,0,,,,
KLO,2012,5,21,8,16.1,,,,,,,,949.4,,0.9,,660,1533.2,108.9,0,0,0,0,,,,
KLO,2012,5,21,9,17.7,,,,,,,,949.2,,1.2,,811,1308.3,133.8,0,0,0,0,,,,
KLO,2012,5,21,10,19.2,,,,,,,,948.9,,2.7,,872,1106.5,143.9,0,0,0,0,,,,
KLO,2012,5,21,11,19.7,,,,,,,,948.7,,2.1,,645,519.4,244.5,0,0,0,0,,,,
KLO,2012,5,21,12,20.5,,,,,,,,948.6,,3.1,,666,420.2,309.2,0,0,0,0,,,,
KLO,2012,5,21,13,18.2,,,,,,,,949.1,,3.8,,126,1.4,124.8,0,0,0,0,,,,
KLO,2012,5,21,14,15.5,,,,,,,,950.1,,3.2,,23,0,23,0,0,0,0,,,,
KLO,2012,5,21,15,14.9,,,,,,,,949.3,,3,,89,0.8,88.4,0,0,0,0,,,,
KLO,2012,5,21,16,15.3,,,,,,,,949.5,,3,,113,1.5,111.8,0,0,0,0,,,,
KLO,2012,5,21,17,15.7,,,,,,,,950.1,,2.1,,113,2.2,111.6,0,0,0,0,,,,
KLO,2012,5,21,18,15.4,,,,,,,,950.6,,1.8,,7,0,7,0,0,0,0,,,,
KLO,2012,5,21,19,14.4,,,,,,,,951.5,,1.7,,0,0,0,0,0,0,0,,,,
KLO,2012,5,21,20,14,,,,,,,,951.8,,1.7,,0,0,0,0,0,0,0,,,,
KLO,2012,5,21,21,14.1,,,,,,,,952,,2.8,,0,0,0,0,0,0,0,,,,
KLO,2012,5,21,22,13.9,,,,,,,,952,,2.6,,0,0,0,0,0,0,0,,,,
KLO,2012,5,21,23,13.7,,,,,,,,952.5,,3.1,,0,0,0,0,0,0,0,,,,
KLO,2012,5,22,0,13.3,,,,,,,,952.8,,2.1,,0,0,0,0,0,0,0,,,,
KLO,2012,5,22,1,12.8,,,,,,,,953,,3,,0,0,0,0,0,0,0,,,,
KLO,2012,5,22,2,12.3,,,,,,,,953.3,,2.8,,0,0,0,0,0,0,0,,,,
KLO,2012,5,22,3,12.2,,,,,,,,953.4,,1.6,,0,0,0,0,0,0,0,,,,
KLO,2012,5,22,4,11.9,,,,,,,,953.8,,0.8,,33,0,0,0,0,0,0,,,,
KLO,2012,5,22,5,12.8,,,,,,,,954.4,,1,,186,0,0,0,0,0,0,,,,
KLO,2012,5,22,6,13.4,,,,,,,,955,,2,,274,0,0,0,0,0,0,,,,
KLO,2012,5,22,7,14.2,,,,,,,,955.5,,2.6,,369,1565.2,60.9,0,0,0,0,,,,
KLO,2012,5,22,8,15.3,,,,,,,,955.8,,2.8,,705,1628.5,116.3,0,0,0,0,,,,
KLO,2012,5,22,9,16,,,,,,,,956.3,,2.4,,667,1072.2,110.1,0,0,0,0,,,,
KLO,2012,5,22,10,17.1,,,,,,,,957.1,,1.3,,824,1042.9,136,0,0,0,0,,,,
KLO,2012,5,22,11,18.1,,,,,,,,957.7,,1.6,,875,945.5,144.4,0,0,0,0,,,,
KLO,2012,5,22,12,19,,,,,,,,958.4,,1.3,,861,834.5,151.1,0,0,0,0,,,,
KLO,2012,5,22,13,19.4,,,,,,,,958.8,,1.9,,629,289.5,371.8,0,0,0,0,,,,
KLO,2012,5,22,14,19.8,,,,,,,,959.4,,1.5,,488,101.2,398.6,0,0,0,0,,,,
KLO,2012,5,22,15,20.6,,,,,,,,960,,1,,519,170.3,376.7,0,0,0,0,,,,
KLO,2012,5,22,16,20.4,,,,,,,,960.4,,1.3,,311,25.1,292.2,0,0,0,0,,,,
KLO,2012,5,22,17,19.8,,,,,,,,960.9,,1.9,,128,2.8,126.2,0,0,0,0,,,,
KLO,2012,5,22,18,18.7,,,,,,,,961.8,,2.8,,13,0,13,0,0,0,0,,,,
KLO,2012,5,22,19,16.4,,,,,,,,963,,2.9,,0,0,0,0,0,0,0,,,,
KLO,2012,5,22,20,15.5,,,,,,,,963.9,,2.5,,0,0,0,0,0,0,0,,,,
KLO,2012,5,22,21,14.9,,,,,,,,964.8,,1.4,,0,0,0,0,0,0,0,,,,
KLO,2012,5,22,22,14.4,,,,,,,,965.4,,3.1,,0,0,0,0,0,0,0,,,,
KLO,2012,5,22,23,14.4,,,,,,,,965.7,,2,,0,0,0,0,0,0,0,,,,
KLO,2012,5,23,0,14.2,,,,,,,,965.8,,1,,0,0,0,0,0,0,0,,,,
KLO,2012,5,23,1,14.1,,,,,,,,966.2,,1.1,,0,0,0,0,0,0,0,,,,
KLO,2012,5,23,2,13.9,,,,,,,,966.6,,2.9,,0,0,0,0,0,0,0,,,,
KLO,2012,5,23,3,14,,,,,,,,967,,2.4,,0,0,0,0,0,0,0,,,,
KLO,2012,5,23,4,14.1,,,,,,,,967.5,,1,,4,0,0,0,0,0,0,,,,
KLO,2012,5,23,5,14.4,,,,,,,,967.7,,1.8,,30,0,0,0,0,0,0,,,,
KLO,2012,5,23,6,14.4,,,,,,,,968.3,,1.5,,33,0,0,0,0,0,0,,,,
KLO,2012,5,23,7,14.7,,,,,,,,968.9,,0.6,,73,13.5,70.3,0,0,0,0,,,,
KLO,2012,5,23,8,14.8,,,,,,,,969.5,,1.1,,59,1.8,58.4,0,0,0,0,,,,
KLO,2012,5,23,9,15,,,,,,,,970,,1.1,,119,3.5,117.2,0,0,0,0,,,,
KLO,2012,5,23,10,15.7,,,,,,,,970.3,,1,,192,5.7,188.2,0,0,0,0,,,,
KLO,2012,5,23,11,16.4,,,,,,,,970.5,,1.2,,360,44.2,325.8,0,0,0,0,,,,
KLO,2012,5,23,12,17.5,,,,,,,,970.6,,1.2,,460,90.9,382.6,0,0,0,0,,,,
KLO,2012,5,23,13,18.4,,,,,,,,970.8,,2,,460,74.1,394,0,0,0,0,,,,
KLO,2012,5,23,14,19.6,,,,,,,,970.8,,1.8,,710,455.3,307.3,0,0,0,0,,,,
KLO,2012,5,23,15,19.4,,,,,,,,970.6,,1.8,,228,5,223.8,0,0,0,0,,,,
KLO,2012,5,23,16,19.1,,,,,,,,970.9,,2.4,,165,3.3,162.5,0,0,0,0,,,,
KLO,2012,5,23,17,18.1,,,,,,,,971.2,,2.2,,77,1,76.4,0,0,0,0,,,,
KLO,2012,5,23,18,17.4,,,,,,,,971.5,,0.6,,45,0.6,44.7,0,0,0,0,,,,
KLO,2012,5,23,19,17,,,,,,,,971.7,,1,,5,0,5,0,0,0,0,,,,
KLO,2012,5,23,20,16.6,,,,,,,,972.4,,1.2,,0,0,0,0,0,0,0,,,,
KLO,2012,5,23,21,15.9,,,,,,,,972.6,,1,,0,0,0,0,0,0,0,,,,
KLO,2012,5,23,22,14.9,,,,,,,,972.6,,0.8,,0,0,0,0,0,0,0,,,,
KLO,2012,5,23,23,13.9,,,,,,,,972.7,,1.2,,0,0,0,0,0,0,0,,,,
KLO,2012,5,24,0,14.4,,,,,,,,973,,1.9,,0,0,0,0,0,0,0,,,,
KLO,2012,5,24,1,14.9,,,,,,,,972.6,,2.1,,0,0,0,0,0,0,0,,,,
KLO,2012,5,24,2,13.1,,,,,,,,972.1,,1.6,,0,0,0,0,0,0,0,,,,
KLO,2012,5,24,3,13.9,,,,,,,,972.3,,0.9,,0,0,0,0,0,0,0,,,,
KLO,2012,5,24,4,15.1,,,,,,,,972.6,,0.8,,9,0,0,0,0,0,0,,,,
KLO,2012,5,24,5,15.1,,,,,,,,973,,0.6,,32,0,0,0,0,0,0,,,,
KLO,2012,5,24,6,15.4,,,,,,,,973.3,,0.7,,69,0,0,0,0,0,0,,,,
KLO,2012,5,24,7,16.1,,,,,,,,973.5,,0.9,,196,779.8,39.2,0,0,0,0,,,,
KLO,2012,5,24,8,17.3,,,,,,,,973.6,,1.8,,328,640.8,93.9,0,0,0,0,,,,
KLO,2012,5,24,9,19,,,,,,,,973.2,,2.4,,552,881.9,90.9,0,0,0,0,,,,
KLO,2012,5,24,10,20.8,,,,,,,,972.9,,2,,875,1102.2,144.4,0,0,0,0,,,,
KLO,2012,5,24,11,22.1,,,,,,,,972.4,,1.9,,716,688.7,181.8,0,0,0,0,,,,
KLO,2012,5,24,12,22.5,,,,,,,,971.9,,3.6,,593,269.5,363,0,0,0,0,,,,
KLO,2012,5,24,13,23.7,,,,,,,,971.5,,5.2,,652,328.3,359.4,0,0,0,0,,,,
KLO,2012,5,24,14,22.7,,,,,,,,971.3,,4.8,,318,12.3,307.1,0,0,0,0,,,,
KLO,2012,5,24,15,23.3,,,,,,,,970.9,,3.6,,426,68.3,368.7,0,0,0,0,,,,
KLO,2012,5,24,16,23.9,,,,,,,,970.5,,3.4,,402,87.1,336.5,0,0,0,0,,,,
KLO,2012,5,24,17,22.2,,,,,,,,970.9,,4.8,,35,0.2,34.9,0,0,0,0,,,,
KLO,2012,5,24,18,20.4,,,,,,,,970.9,,2.2,,25,0.2,24.9,0,0,0,0,,,,
KLO,2012,5,24,19,17.8,,,,,,,,971.1,,1.7,,3,0,3,0,0,0,0,,,,
KLO,2012,5,24,20,16.4,,,,,,,,971.3,,2.1,,0,0,0,0,0,0,0,,,,
KLO,2012,5,24,21,15.1,,,,,,,,971.3,,1.1,,0,0,0,0,0,0,0,,,,
KLO,2012,5,24,22,14.4,,,,,,,,971.1,,2.6,,0,0,0,0,0,0,0,,,,
KLO,2012,5,24,23,14.7,,,,,,,,970.8,,2.8,,0,0,0,0,0,0,0,,,,
KLO,2012,5,25,0,14.5,,,,,,,,970.4,,2.7,,0,0,0,0,0,0,0,,,,
KLO,2012,5,25,1,13.9,,,,,,,,970.1,,2.6,,0,0,0,0,0,0,0,,,,
KLO,2012,5,25,2,13.4,,,,,,,,969.9,,2,,0,0,0,0,0,0,0,,,,
KLO,2012,5,25,3,12.5,,,,,,,,969.9,,2.5,,0,0,0,0,0,0,0,,,,
KLO,2012,5,25,4,13.6,,,,,,,,970.1,,2.1,,39,0,0,0,0,0,0,,,,
KLO,2012,5,25,5,14.7,,,,,,,,970.3,,2.5,,177,0,0,0,0,0,0,,,,
KLO,2012,5,25,6,15.8,,,,,,,,970.4,,2.9,,355,0,0,0,0,0,0,,,,
KLO,2012,5,25,7,17.1,,,,,,,,970.4,,4.5,,533,2192.4,87.9,0,0,0,0,,,,
KLO,2012,5,25,8,18.6,,,,,,,,970.2,,5.7,,692,1574.3,114.2,0,0,0,0,,,,
KLO,2012,5,25,9,20,,,,,,,,969.9,,5.7,,809,1288,133.5,0,0,0,0,,,,
KLO,2012,5,25,10,21.5,,,,,,,,969.6,,6.7,,898,1128.7,148.2,0,0,0,0,,,,
KLO,2012,5,25,11,21.9,,,,,,,,969.2,,8.2,,919,987.5,151.6,0,0,0,0,,,,
KLO,2012,5,25,12,22.1,,,,,,,,968.8,,7.8,,872,845.1,149.5,0,0,0,0,,,,
KLO,2012,5,25,13,22.6,,,,,,,,968.4,,7.2,,881,799.3,167.6,0,0,0,0,,,,
KLO,2012,5,25,14,22.8,,,,,,,,968.1,,6.7,,754,546.9,268.7,0,0,0,0,,,,
KLO,2012,5,25,15,22.8,,,,,,,,967.8,,7.9,,612,323.6,340.2,0,0,0,0,,,,
KLO,2012,5,25,16,22.4,,,,,,,,967.4,,7.9,,441,131.7,341.8,0,0,0,0,,,,
KLO,2012,5,25,17,21.7,,,,,,,,967.4,,8,,261,24.1,245.7,0,0,0,0,,,,
KLO,2012,5,25,18,20.3,,,,,,,,967.6,,6.9,,95,2.6,93.8,0,0,0,0,,,,
KLO,2012,5,25,19,19.2,,,,,,,,967.6,,6,,6,0,6,0,0,0,0,,,,
KLO,2012,5,25,20,18.4,,,,,,,,968,,6.7,,0,0,0,0,0,0,0,,,,
KLO,2012,5,25,21,17.5,,,,,,,,967.9,,6.8,,0,0,0,0,0,0,0,,,,
KLO,2012,5,25,22,16.5,,,,,,,,967.5,,5.5,,0,0,0,0,0,0,0,,,,
KLO,2012,5,25,23,15.4,,,,,,,,967.3,,3.5,,0,0,0,0,0,0,0,,,,
KLO,2012,5,26,0,11.9,,,,,,,,967.3,,1.8,,0,0,0,0,0,0,0,,,,
KLO,2012,5,26,1,10.2,,,,,,,,967.2,,2.9,,0,0,0,0,0,0,0,,,,
KLO,2012,5,26,2,9.7,,,,,,,,967.1,,3,,0,0,0,0,0,0,0,,,,
KLO,2012,5,26,3,9.7,,,,,,,,967.3,,2.1,,0,0,0,0,0,0,0,,,,
KLO,2012,5,26,4,9.3,,,,,,,,967.8,,1.7,,42,0,0,0,0,0,0,,,,
KLO,2012,5,26,5,12.4,,,,,,,,968.2,,1.5,,190,0,0,0,0,0,0,,,,
KLO,2012,5,26,6,14.4,,,,,,,,968.4,,2.8,,368,0,0,0,0,0,0,,,,
KLO,2012,5,26,7,15.8,,,,,,,,968.4,,3.3,,546,2225.6,90.1,0,0,0,0,,,,
KLO,2012,5,26,8,17.5,,,,,,,,968.4,,3,,702,1589.8,115.8,0,0,0,0,,,,
KLO,2012,5,26,9,19.2,,,,,,,,968.3,,4.9,,831,1319.2,137.1,0,0,0,0,,,,
KLO,2012,5,26,10,20.4,,,,,,,,968.1,,5.9,,915,1147.6,151,0,0,0,0,,,,
KLO,2012,5,26,11,21.5,,,,,,,,967.9,,5.5,,953,1022.4,157.2,0,0,0,0,,,,
KLO,2012,5,26,12,22.2,,,,,,,,967.7,,5.8,,936,912.9,154.4,0,0,0,0,,,,
KLO,2012,5,26,13,22.6,,,,,,,,967.5,,6.2,,872,781.5,173.5,0,0,0,0,,,,
KLO,2012,5,26,14,22.6,,,,,,,,967.3,,6.1,,762,562.3,262.2,0,0,0,0,,,,
KLO,2012,5,26,15,22.7,,,,,,,,967,,6.6,,617,331.6,337.9,0,0,0,0,,,,
KLO,2012,5,26,16,22.1,,,,,,,,966.9,,6.4,,430,116.6,341.9,0,0,0,0,,,,
KLO,2012,5,26,17,21.2,,,,,,,,967,,6.3,,243,16.6,232.4,0,0,0,0,,,,
KLO,2012,5,26,18,20,,,,,,,,967.3,,4.8,,98,2.7,96.7,0,0,0,0,,,,
KLO,2012,5,26,19,18.5,,,,,,,,967.4,,3.9,,7,0,7,0,0,0,0,,,,
KLO,2012,5,26,20,17.1,,,,,,,,967.7,,3,,0,0,0,0,0,0,0,,,,
KLO,2012,5,26,21,16.1,,,,,,,,967.9,,4.3,,0,0,0,0,0,0,0,,,,
KLO,2012,5,26,22,14.3,,,,,,,,967.9,,2.4,,0,0,0,0,0,0,0,,,,
KLO,2012,5,26,23,10.7,,,,,,,,967.6,,2.4,,0,0,0,0,0,0,0,,,,
KLO,2012,5,27,0,10.6,,,,,,,,967.5,,2.9,,0,0,0,0,0,0,0,,,,
KLO,2012,5,27,1,8.7,,,,,,,,967.4,,2.6,,0,0,0,0,0,0,0,,,,
KLO,2012,5,27,2,9.1,,,,,,,,967.4,,1.5,,0,0,0,0,0,0,0,,,,
KLO,2012,5,27,3,8.1,,,,,,,,967.4,,1,,0,0,0,0,0,0,0,,,,
KLO,2012,5,27,4,8.5,,,,,,,,967.6,,1.2,,18,0,0,0,0,0,0,,,,
KLO,2012,5,27,5,9.7,,,,,,,,967.9,,1,,97,0,0,0,0,0,0,,,,
KLO,2012,5,27,6,11.9,,,,,,,,968.2,,1.1,,246,0,0,0,0,0,0,,,,
KLO,2012,5,27,7,13.6,,,,,,,,968.3,,1.3,,312,1261,51.5,0,0,0,0,,,,
KLO,2012,5,27,8,14.9,,,,,,,,968.3,,1.4,,336,660.2,91.5,0,0,0,0,,,,
KLO,2012,5,27,9,15.8,,,,,,,,968.3,,0.9,,528,820.4,95.3,0,0,0,0,,,,
KLO,2012,5,27,10,17.3,,,,,,,,968.1,,2.4,,574,569,194.5,0,0,0,0,,,,
KLO,2012,5,27,11,19.2,,,,,,,,967.7,,3.6,,773,806.6,144.2,0,0,0,0,,,,
KLO,2012,5,27,12,20.7,,,,,,,,967.3,,4.7,,898,874.8,148,0,0,0,0,,,,
KLO,2012,5,27,13,21.7,,,,,,,,966.8,,4.9,,798,629.6,234.4,0,0,0,0,,,,
KLO,2012,5,27,14,21.6,,,,,,,,966.5,,6,,658,342,353.5,0,0,0,0,,,,
KLO,2012,5,27,15,19.8,,,,,,,,966.4,,5.9,,305,12.8,294.2,0,0,0,0,,,,
KLO,2012,5,27,16,19,,,,,,,,966.3,,4.4,,118,1.6,116.8,0,0,0,0,,,,
KLO,2012,5,27,17,18.7,,,,,,,,966.3,,3.1,,98,1.6,97,0,0,0,0,,,,
KLO,2012,5,27,18,18.2,,,,,,,,966.2,,2.8,,35,0.3,34.8,0,0,0,0,,,,
KLO,2012,5,27,19,17.1,,,,,,,,966.3,,2.4,,3,0,3,0,0,0,0,,,,
KLO,2012,5,27,20,15.3,,,,,,,,966.5,,2,,0,0,0,0,0,0,0,,,,
KLO,2012,5,27,21,14,,,,,,,,966.6,,2.4,,0,0,0,0,0,0,0,,,,
KLO,2012,5,27,22,13.2,,,,,,,,966.6,,2.1,,0,0,0,0,0,0,0,,,,
KLO,2012,5,27,23,13.1,,,,,,,,966.6,,1.3,,0,0,0,0,0,0,0,,,,
KLO,2012,5,28,0,12.2,,,,,,,,966.4,,1.8,,0,0,0,0,0,0,0,,,,
KLO,2012,5,28,1,11.8,,,,,,,,966.2,,1,,0,0,0,0,0,0,0,,,,
KLO,2012,5,28,2,12.2,,,,,,,,966.1,,0.6,,0,0,0,0,0,0,0,,,,
KLO,2012,5,28,3,12.1,,,,,,,,966.2,,0.5,,0,0,0,0,0,0,0,,,,
KLO,2012,5,28,4,11.5,,,,,,,,966.6,,0.2,,25,0,0,0,0,0,0,,,,
KLO,2012,5,28,5,12.8,,,,,,,,966.8,,0.3,,179,0,0,0,0,0,0,,,,
KLO,2012,5,28,6,14.7,,,,,,,,967,,0.4,,356,0,0,0,0,0,0,,,,
KLO,2012,5,28,7,16.4,,,,,,,,967.1,,0.6,,533,2137,87.9,0,0,0,0,,,,
KLO,2012,5,28,8,18.2,,,,,,,,966.9,,0.9,,688,1545.3,113.5,0,0,0,0,,,,
KLO,2012,5,28,9,19.5,,,,,,,,966.7,,0.8,,816,1288.7,134.6,0,0,0,0,,,,
KLO,2012,5,28,10,20.3,,,,,,,,966.5,,1.7,,917,1145.8,151.3,0,0,0,0,,,,
KLO,2012,5,28,11,21.2,,,,,,,,966.2,,1.3,,963,1029.9,158.9,0,0,0,0,,,,
KLO,2012,5,28,12,21.8,,,,,,,,965.8,,2.1,,878,848.8,149.3,0,0,0,0,,,,
KLO,2012,5,28,13,22.4,,,,,,,,965.7,,3.2,,911,841.1,157.2,0,0,0,0,,,,
KLO,2012,5,28,14,22.6,,,,,,,,965.5,,3.1,,707,439.1,315.6,0,0,0,0,,,,
KLO,2012,5,28,15,22.7,,,,,,,,965.3,,2.1,,629,352.2,331.6,0,0,0,0,,,,
KLO,2012,5,28,16,21.9,,,,,,,,965,,1.8,,272,12.3,262.7,0,0,0,0,,,,
KLO,2012,5,28,17,21.4,,,,,,,,964.9,,1.5,,127,2.7,125.3,0,0,0,0,,,,
KLO,2012,5,28,18,20.1,,,,,,,,964.9,,1.6,,58,0.9,57.5,0,0,0,0,,,,
KLO,2012,5,28,19,17.8,,,,,,,,965.1,,0.8,,8,0,8,0,0,0,0,,,,
KLO,2012,5,28,20,14.5,,,,,,,,965.4,,1,,0,0,0,0,0,0,0,,,,
KLO,2012,5,28,21,14.6,,,,,,,,965.7,,1.1,,0,0,0,0,0,0,0,,,,
KLO,2012,5,28,22,14.7,,,,,,,,965.7,,0.7,,0,0,0,0,0,0,0,,,,
KLO,2012,5,28,23,15,,,,,,,,965.5,,1.6,,0,0,0,0,0,0,0,,,,
KLO,2012,5,29,0,14.6,,,,,,,,965.4,,2,,0,0,0,0,0,0,0,,,,
KLO,2012,5,29,1,13.6,,,,,,,,965.4,,1.7,,0,0,0,0,0,0,0,,,,
KLO,2012,5,29,2,14.4,,,,,,,,965.6,,2.4,,0,0,0,0,0,0,0,,,,
KLO,2012,5,29,3,14.1,,,,,,,,965.6,,1.4,,0,0,0,0,0,0,0,,,,
KLO,2012,5,29,4,14.3,,,,,,,,965.6,,2.5,,33,0,0,0,0,0,0,,,,
KLO,2012,5,29,5,15.2,,,,,,,,965.8,,0.6,,168,0,0,0,0,0,0,,,,
KLO,2012,5,29,6,16.7,,,,,,,,965.9,,0.8,,340,5353.7,56.1,0,0,0,0,,,,
KLO,2012,5,29,7,18.1,,,,,,,,965.9,,1.5,,520,2069.4,85.8,0,0,0,0,,,,
KLO,2012,5,29,8,19.7,,,,,,,,965.8,,2.3,,676,1512.7,111.5,0,0,0,0,,,,
KLO,2012,5,29,9,20.8,,,,,,,,965.8,,2,,757,1192.7,124.9,0,0,0,0,,,,
KLO,2012,5,29,10,21.7,,,,,,,,965.7,,1.1,,885,1103.9,146,0,0,0,0,,,,
KLO,2012,5,29,11,22.8,,,,,,,,965.3,,1.2,,848,905.7,139.9,0,0,0,0,,,,
KLO,2012,5,29,12,22.7,,,,,,,,965.1,,1.4,,575,233,374.7,0,0,0,0,,,,
KLO,2012,5,29,13,22,,,,,,,,965,,2.8,,324,12.7,312.6,0,0,0,0,,,,
KLO,2012,5,29,14,23.4,,,,,,,,964.8,,1.2,,721,467,304.1,0,0,0,0,,,,
KLO,2012,5,29,15,24.3,,,,,,,,964.6,,1,,655,405,312.5,0,0,0,0,,,,
KLO,2012,5,29,16,23.4,,,,,,,,964.5,,2.6,,384,67,333.1,0,0,0,0,,,,
KLO,2012,5,29,17,22.9,,,,,,,,964.6,,2.4,,274,29.2,255.3,0,0,0,0,,,,
KLO,2012,5,29,18,21.7,,,,,,,,964.7,,0.9,,88,2.1,86.9,0,0,0,0,,,,
KLO,2012,5,29,19,18.3,,,,,,,,964.9,,1,,6,0,6,0,0,0,0,,,,
KLO,2012,5,29,20,15.7,,,,,,,,965.7,,0.9,,0,0,0,0,0,0,0,,,,
KLO,2012,5,29,21,15.1,,,,,,,,966.2,,1.3,,0,0,0,0,0,0,0,,,,
KLO,2012,5,29,22,13.9,,,,,,,,966.6,,0.6,,0,0,0,0,0,0,0,,,,
KLO,2012,5,29,23,12.4,,,,,,,,966.6,,1.2,,0,0,0,0,0,0,0,,,,
KLO,2012,5,30,0,12.5,,,,,,,,966.6,,0.8,,0,0,0,0,0,0,0,,,,
KLO,2012,5,30,1,11.9,,,,,,,,966.8,,1.9,,0,0,0,0,0,0,0,,,,
KLO,2012,5,30,2,11.4,,,,,,,,967.1,,0.6,,0,0,0,0,0,0,0,,,,
KLO,2012,5,30,3,10.7,,,,,,,,967.3,,0.7,,0,0,0,0,0,0,0,,,,
KLO,2012,5,30,4,10.8,,,,,,,,967.6,,0.5,,39,0,0,0,0,0,0,,,,
KLO,2012,5,30,5,13.1,,,,,,,,968.1,,0.7,,179,0,0,0,0,0,0,,,,
KLO,2012,5,30,6,16.2,,,,,,,,968.4,,0.6,,348,5320.5,57.4,0,0,0,0,,,,
KLO,2012,5,30,7,18.4,,,,,,,,968.6,,1.2,,519,2051.1,85.6,0,0,0,0,,,,
KLO,2012,5,30,8,20.4,,,,,,,,968.5,,1.4,,676,1507.4,111.5,0,0,0,0,,,,
KLO,2012,5,30,9,21.9,,,,,,,,968.6,,1.9,,803,1262.4,132.5,0,0,0,0,,,,
KLO,2012,5,30,10,23.5,,,,,,,,968.6,,2.8,,898,1118.4,148.2,0,0,0,0,,,,
KLO,2012,5,30,11,24.3,,,,,,,,968.2,,3.2,,945,1008,155.9,0,0,0,0,,,,
KLO,2012,5,30,12,24.9,,,,,,,,967.9,,3.2,,952,923.7,157.1,0,0,0,0,,,,
KLO,2012,5,30,13,25.1,,,,,,,,967.6,,2.9,,842,716.6,198.1,0,0,0,0,,,,
KLO,2012,5,30,14,25.4,,,,,,,,967.3,,3.5,,770,571.9,258.8,0,0,0,0,,,,
KLO,2012,5,30,15,25.3,,,,,,,,967.2,,3.5,,576,249.1,365,0,0,0,0,,,,
KLO,2012,5,30,16,24.1,,,,,,,,967.4,,3.1,,244,7.7,238.1,0,0,0,0,,,,
KLO,2012,5,30,17,22.2,,,,,,,,967.7,,4.4,,155,3.9,152.5,0,0,0,0,,,,
KLO,2012,5,30,18,20.6,,,,,,,,968.2,,3.1,,101,2.8,99.6,0,0,0,0,,,,
KLO,2012,5,30,19,18.4,,,,,,,,968.5,,1.4,,3,0,3,0,0,0,0,,,,
KLO,2012,5,30,20,16.3,,,,,,,,969.2,,1.2,,0,0,0,0,0,0,0,,,,
KLO,2012,5,30,21,16.5,,,,,,,,969.7,,2.6,,0,0,0,0,0,0,0,,,,
KLO,2012,5,30,22,15.9,,,,,,,,969.9,,2,,0,0,0,0,0,0,0,,,,
KLO,2012,5,30,23,15.6,,,,,,,,969.8,,1.8,,0,0,0,0,0,0,0,,,,
KLO,2012,5,31,0,14.8,,,,,,,,969.8,,1.4,,0,0,0,0,0,0,0,,,,
KLO,2012,5,31,1,14.2,,,,,,,,969.7,,1.7,,0,0,0,0,0,0,0,,,,
KLO,2012,5,31,2,13.7,,,,,,,,969.7,,1.7,,0,0,0,0,0,0,0,,,,
KLO,2012,5,31,3,13.4,,,,,,,,969.9,,1.8,,0,0,0,0,0,0,0,,,,
KLO,2012,5,31,4,13.5,,,,,,,,970.4,,1.5,,33,0,0,0,0,0,0,,,,
KLO,2012,5,31,5,14.9,,,,,,,,970.9,,0.8,,119,0,0,0,0,0,0,,,,
KLO,2012,5,31,6,16.8,,,,,,,,971.2,,2.8,,290,4315.9,47.9,0,0,0,0,,,,
KLO,2012,5,31,7,17.5,,,,,,,,971.3,,3.3,,360,1413.6,59.4,0,0,0,0,,,,
KLO,2012,5,31,8,19.5,,,,,,,,970.9,,3.3,,617,1371.4,101.8,0,0,0,0,,,,
KLO,2012,5,31,9,19.6,,,,,,,,970.6,,4.2,,680,1066.8,112.2,0,0,0,0,,,,
KLO,2012,5,31,10,20.5,,,,,,,,970.5,,3,,794,987.4,131,0,0,0,0,,,,
KLO,2012,5,31,11,21.7,,,,,,,,970,,2.6,,885,942.8,146,0,0,0,0,,,,
KLO,2012,5,31,12,22.7,,,,,,,,969.4,,3.2,,944,914.9,155.8,0,0,0,0,,,,
KLO,2012,5,31,13,22.8,,,,,,,,968.7,,3.6,,665,343.4,356.1,0,0,0,0,,,,
KLO,2012,5,31,14,23.8,,,,,,,,968,,4.4,,660,340.2,355.5,0,0,0,0,,,,
KLO,2012,5,31,15,23.6,,,,,,,,967.5,,4.8,,518,159.5,382.7,0,0,0,0,,,,
KLO,2012,5,31,16,22.9,,,,,,,,967,,4.6,,281,14,270.3,0,0,0,0,,,,
KLO,2012,5,31,17,19.7,,,,,,,,967.3,,4.3,,14,0,14,0,0,0,0,,,,
KLO,2012,5,31,18,17.9,,,,,,,,967.6,,2.2,,19,0.1,19,0,0,0,0,,,,
KLO,2012,5,31,19,17.8,,,,,,,,967.7,,1.1,,2,0,2,0,0,0,0,,,,
KLO,2012,5,31,20,17.9,,,,,,,,968,,0.8,,0,0,0,0,0,0,0,,,,
KLO,2012,5,31,21,17.5,,,,,,,,968,,1.8,,0,0,0,0,0,0,0,,,,
KLO,2012,5,31,22,17.5,,,,,,,,967.9,,2.2,,0,0,0,0,0,0,0,,,,
KLO,2012,5,31,23,18.1,,,,,,,,967.6,,4.7,,0,0,0,0,0,0,0,,,,
KLO,2012,6,1,0,17.8,,,,,,,,967.4,,4.3,,0,0,0,0,0,0,0,,,,
KLO,2012,6,1,1,17.2,,,,,,,,967.6,,3.9,,0,0,0,0,0,0,0,,,,
KLO,2012,6,1,2,16.5,,,,,,,,967.8,,4.3,,0,0,0,0,0,0,0,,,,
KLO,2012,6,1,3,15.9,,,,,,,,967.9,,3.6,,0,0,0,0,0,0,0,,,,
KLO,2012,6,1,4,15.6,,,,,,,,968.2,,4,,8,0,0,0,0,0,0,,,,
KLO,2012,6,1,5,15.5,,,,,,,,968.4,,3.6,,42,0,0,0,0,0,0,,,,
KLO,2012,6,1,6,15.4,,,,,,,,968.8,,3.7,,65,926.7,11.7,0,0,0,0,,,,
KLO,2012,6,1,7,15.7,,,,,,,,969.2,,3.3,,145,246.4,92.3,0,0,0,0,,,,
KLO,2012,6,1,8,16.6,,,,,,,,969.4,,3.8,,347,687.5,88,0,0,0,0,,,,
KLO,2012,6,1,9,17.2,,,,,,,,969.4,,4.1,,285,87.7,238.2,0,0,0,0,,,,
KLO,2012,6,1,10,17.6,,,,,,,,969.5,,3.9,,261,18,248.9,0,0,0,0,,,,
KLO,2012,6,1,11,18.3,,,,,,,,969.3,,3.8,,430,98.5,352.7,0,0,0,0,,,,
KLO,2012,6,1,12,19.7,,,,,,,,968.9,,4.2,,647,362.4,334.4,0,0,0,0,,,,
KLO,2012,6,1,13,20.4,,,,,,,,968.4,,3.8,,659,331,360.9,0,0,0,0,,,,
KLO,2012,6,1,14,20.2,,,,,,,,968,,2.6,,501,108,404.2,0,0,0,0,,,,
KLO,2012,6,1,15,19.3,,,,,,,,967.5,,2.3,,99,0.9,98.2,0,0,0,0,,,,
KLO,2012,6,1,16,19.3,,,,,,,,967.6,,1.7,,104,1.3,103,0,0,0,0,,,,
KLO,2012,6,1,17,19.1,,,,,,,,967.7,,1.8,,77,1,76.4,0,0,0,0,,,,
KLO,2012,6,1,18,18.2,,,,,,,,967.8,,1.5,,30,0.2,29.9,0,0,0,0,,,,
KLO,2012,6,1,19,17.7,,,,,,,,967.7,,1.6,,5,0,5,0,0,0,0,,,,
KLO,2012,6,1,20,16.6,,,,,,,,967.8,,1.4,,0,0,0,0,0,0,0,,,,
KLO,2012,6,1,21,14.6,,,,,,,,967.8,,1.9,,0,0,0,0,0,0,0,,,,
KLO,2012,6,1,22,14.4,,,,,,,,967.8,,1.6,,0,0,0,0,0,0,0,,,,
KLO,2012,6,1,23,14.4,,,,,,,,967.5,,1.4,,0,0,0,0,0,0,0,,,,
KLO,2012,6,2,0,14.2,,,,,,,,967,,1.4,,0,0,0,0,0,0,0,,,,
KLO,2012,6,2,1,13.9,,,,,,,,966.8,,1.5,,0,0,0,0,0,0,0,,,,
KLO,2012,6,2,2,13.5,,,,,,,,966.5,,1.8,,0,0,0,0,0,0,0,,,,
KLO,2012,6,2,3,12.9,,,,,,,,966.7,,1.7,,1,0,0,0,0,0,0,,,,
KLO,2012,6,2,4,13,,,,,,,,966.8,,1.7,,30,0,0,0,0,0,0,,,,
KLO,2012,6,2,5,14.5,,,,,,,,966.9,,1,,140,0,0,0,0,0,0,,,,
KLO,2012,6,2,6,16,,,,,,,,966.7,,1.4,,295,4189,48.7,0,0,0,0,,,,
KLO,2012,6,2,7,17.8,,,,,,,,966.5,,1.9,,512,1987.5,84.5,0,0,0,0,,,,
KLO,2012,6,2,8,18.7,,,,,,,,966.3,,1.3,,683,1509.5,112.7,0,0,0,0,,,,
KLO,2012,6,2,9,20,,,,,,,,965.9,,0.8,,775,1211.5,127.9,0,0,0,0,,,,
KLO,2012,6,2,10,20.6,,,,,,,,965.5,,1.2,,895,1110.1,147.7,0,0,0,0,,,,
KLO,2012,6,2,11,22.2,,,,,,,,964.9,,1.2,,949,1008.8,156.6,0,0,0,0,,,,
KLO,2012,6,2,12,23.6,,,,,,,,964.2,,1.4,,927,896.6,153,0,0,0,0,,,,
KLO,2012,6,2,13,24.5,,,,,,,,963.6,,1.5,,860,747.5,186.2,0,0,0,0,,,,
KLO,2012,6,2,14,25,,,,,,,,963,,1,,706,429.3,320.9,0,0,0,0,,,,
KLO,2012,6,2,15,25.3,,,,,,,,962.5,,1.7,,543,192.9,378.9,0,0,0,0,,,,
KLO,2012,6,2,16,25.5,,,,,,,,962.2,,2.5,,440,122.5,346.2,0,0,0,0,,,,
KLO,2012,6,2,17,24.9,,,,,,,,962,,2,,267,24.5,251.1,0,0,0,0,,,,
KLO,2012,6,2,18,22.8,,,,,,,,961.9,,2.2,,100,2.7,98.7,0,0,0,0,,,,
KLO,2012,6,2,19,20.8,,,,,,,,962,,1,,6,0,6,0,0,0,0,,,,
KLO,2012,6,2,20,17.7,,,,,,,,962.1,,1.2,,0,0,0,0,0,0,0,,,,
KLO,2012,6,2,21,17.4,,,,,,,,962.2,,0.9,,0,0,0,0,0,0,0,,,,
KLO,2012,6,2,22,16.1,,,,,,,,962.2,,0.9,,0,0,0,0,0,0,0,,,,
KLO,2012,6,2,23,14.7,,,,,,,,961.9,,0.7,,0,0,0,0,0,0,0,,,,
KLO,2012,6,3,0,13.6,,,,,,,,961.6,,1.2,,0,0,0,0,0,0,0,,,,
KLO,2012,6,3,1,13.7,,,,,,,,961.5,,1,,0,0,0,0,0,0,0,,,,
KLO,2012,6,3,2,13.8,,,,,,,,961.1,,0.9,,0,0,0,0,0,0,0,,,,
KLO,2012,6,3,3,14.1,,,,,,,,960.6,,0.9,,0,0,0,0,0,0,0,,,,
KLO,2012,6,3,4,14.5,,,,,,,,960.2,,0.8,,25,0,0,0,0,0,0,,,,
KLO,2012,6,3,5,15.7,,,,,,,,960.5,,1.4,,91,0,0,0,0,0,0,,,,
KLO,2012,6,3,6,17,,,,,,,,962.2,,2.7,,19,6.4,18.6,0,0,0,0,,,,
KLO,2012,6,3,7,17,,,,,,,,962.5,,1.7,,58,4.9,56.9,0,0,0,0,,,,
KLO,2012,6,3,8,18,,,,,,,,961.8,,2.1,,143,15.8,137,0,0,0,0,,,,
KLO,2012,6,3,9,18.4,,,,,,,,961.3,,1.9,,139,4.6,136.5,0,0,0,0,,,,
KLO,2012,6,3,10,19.2,,,,,,,,960.9,,4.5,,354,81,299.4,0,0,0,0,,,,
KLO,2012,6,3,11,19.1,,,,,,,,960.8,,4.8,,220,5.3,215.8,0,0,0,0,,,,
KLO,2012,6,3,12,18.9,,,,,,,,960.4,,4.5,,128,1.5,126.7,0,0,0,0,,,,
KLO,2012,6,3,13,18,,,,,,,,960.5,,4.9,,93,0.7,92.3,0,0,0,0,,,,
KLO,2012,6,3,14,17.1,,,,,,,,960.9,,4.1,,91,0.7,90.4,0,0,0,0,,,,
KLO,2012,6,3,15,17.6,,,,,,,,961.2,,3.9,,123,1.4,121.8,0,0,0,0,,,,
KLO,2012,6,3,16,16.9,,,,,,,,961.4,,4,,33,0.1,32.9,0,0,0,0,,,,
KLO,2012,6,3,17,15.3,,,,,,,,962.1,,4,,22,0.1,21.9,0,0,0,0,,,,
KLO,2012,6,3,18,14.6,,,,,,,,962.7,,3.2,,9,0,9,0,0,0,0,,,,
KLO,2012,6,3,19,14.1,,,,,,,,963.1,,2.1,,0,0,0,0,0,0,0,,,,
KLO,2012,6,3,20,13.9,,,,,,,,963.8,,2,,0,0,0,0,0,0,0,,,,
KLO,2012,6,3,21,13.7,,,,,,,,964,,2.8,,0,0,0,0,0,0,0,,,,
KLO,2012,6,3,22,14,,,,,,,,964.1,,2.3,,0,0,0,0,0,0,0,,,,
KLO,2012,6,3,23,13.8,,,,,,,,963.7,,3.1,,0,0,0,0,0,0,0,,,,
KLO,2012,6,4,0,13.5,,,,,,,,963.3,,2.8,,0,0,0,0,0,0,0,,,,
KLO,2012,6,4,1,13.4,,,,,,,,962.8,,1.5,,0,0,0,0,0,0,0,,,,
KLO,2012,6,4,2,12.8,,,,,,,,962.9,,1.3,,0,0,0,0,0,0,0,,,,
KLO,2012,6,4,3,12.3,,,,,,,,963.1,,1.2,,0,0,0,0,0,0,0,,,,
KLO,2012,6,4,4,12.5,,,,,,,,963.3,,1.8,,4,0,0,0,0,0,0,,,,
KLO,2012,6,4,5,12.6,,,,,,,,963.4,,1.7,,13,0,0,0,0,0,0,,,,
KLO,2012,6,4,6,12.8,,,,,,,,963.4,,2.5,,45,285.6,27.5,0,0,0,0,,,,
KLO,2012,6,4,7,13.2,,,,,,,,963.4,,3.7,,136,178.4,97.2,0,0,0,0,,,,
KLO,2012,6,4,8,13.7,,,,,,,,963.3,,2.5,,199,80.3,168.5,0,0,0,0,,,,
KLO,2012,6,4,9,14.7,,,,,,,,963.2,,2.8,,424,438.2,189.2,0,0,0,0,,,,
KLO,2012,6,4,10,14.3,,,,,,,,963.1,,3.7,,198,5.9,194,0,0,0,0,,,,
KLO,2012,6,4,11,14.7,,,,,,,,963.2,,3.2,,323,23.9,304.2,0,0,0,0,,,,
KLO,2012,6,4,12,14.8,,,,,,,,963.3,,3.2,,265,6.7,259.2,0,0,0,0,,,,
KLO,2012,6,4,13,16,,,,,,,,963.2,,4,,436,54,387.2,0,0,0,0,,,,
KLO,2012,6,4,14,17.1,,,,,,,,963,,4.1,,415,43.3,376.1,0,0,0,0,,,,
KLO,2012,6,4,15,15.9,,,,,,,,963.2,,3.8,,196,3.6,192.9,0,0,0,0,,,,
KLO,2012,6,4,16,14.8,,,,,,,,963.6,,2.9,,159,2.9,156.8,0,0,0,0,,,,
KLO,2012,6,4,17,15.3,,,,,,,,963.9,,3.7,,183,5.4,179.5,0,0,0,0,,,,
KLO,2012,6,4,18,14.7,,,,,,,,964,,2.3,,64,1.1,63.5,0,0,0,0,,,,
KLO,2012,6,4,19,14.7,,,,,,,,964.3,,3.6,,2,0,2,0,0,0,0,,,,
KLO,2012,6,4,20,13.3,,,,,,,,965.3,,3.3,,0,0,0,0,0,0,0,,,,
KLO,2012,6,4,21,12.6,,,,,,,,965.7,,3.3,,0,0,0,0,0,0,0,,,,
KLO,2012,6,4,22,12.4,,,,,,,,965.5,,2.6,,0,0,0,0,0,0,0,,,,
KLO,2012,6,4,23,12.4,,,,,,,,965.5,,3.5,,0,0,0,0,0,0,0,,,,
KLO,2012,6,5,0,11.9,,,,,,,,965.7,,2.6,,0,0,0,0,0,0,0,,,,
KLO,2012,6,5,1,11.4,,,,,,,,965.9,,2.8,,0,0,0,0,0,0,0,,,,
KLO,2012,6,5,2,10.9,,,,,,,,966.3,,2.6,,0,0,0,0,0,0,0,,,,
KLO,2012,6,5,3,9.7,,,,,,,,967.2,,4.2,,1,0,0,0,0,0,0,,,,
KLO,2012,6,5,4,8.4,,,,,,,,967.9,,2,,40,0,0,0,0,0,0,,,,
KLO,2012,6,5,5,9.3,,,,,,,,968.5,,1.6,,98,0,0,0,0,0,0,,,,
KLO,2012,6,5,6,9.5,,,,,,,,968.9,,2.7,,106,1424.7,17.5,0,0,0,0,,,,
KLO,2012,6,5,7,9.9,,,,,,,,969.1,,2.1,,146,235.4,94.7,0,0,0,0,,,,
KLO,2012,6,5,8,10.4,,,,,,,,969.3,,1.4,,252,225.6,166.2,0,0,0,0,,,,
KLO,2012,6,5,9,11.1,,,,,,,,969.3,,1.1,,407,378.7,203.9,0,0,0,0,,,,
KLO,2012,6,5,10,12.3,,,,,,,,969.1,,1.1,,487,314.3,274.7,0,0,0,0,,,,
KLO,2012,6,5,11,13,,,,,,,,968.9,,1,,582,344.2,310.9,0,0,0,0,,,,
KLO,2012,6,5,12,14.1,,,,,,,,968.5,,1.1,,825,746.8,178.7,0,0,0,0,,,,
KLO,2012,6,5,13,15.6,,,,,,,,967.9,,0.8,,896,808.1,165.7,0,0,0,0,,,,
KLO,2012,6,5,14,15.8,,,,,,,,967.2,,0.8,,676,365.4,347.2,0,0,0,0,,,,
KLO,2012,6,5,15,16.1,,,,,,,,966.4,,1.5,,538,183.1,381.6,0,0,0,0,,,,
KLO,2012,6,5,16,16.7,,,,,,,,965.8,,1.2,,467,156.3,346.7,0,0,0,0,,,,
KLO,2012,6,5,17,16.8,,,,,,,,965.6,,1.2,,283,31.9,262.2,0,0,0,0,,,,
KLO,2012,6,5,18,16,,,,,,,,965.3,,1.4,,104,2.8,102.6,0,0,0,0,,,,
KLO,2012,6,5,19,14.2,,,,,,,,965,,1.2,,10,0.1,10,0,0,0,0,,,,
KLO,2012,6,5,20,11.7,,,,,,,,964.8,,0.6,,0,0,0,0,0,0,0,,,,
KLO,2012,6,5,21,11.6,,,,,,,,964.1,,1.5,,0,0,0,0,0,0,0,,,,
KLO,2012,6,5,22,11.4,,,,,,,,963.6,,1.2,,0,0,0,0,0,0,0,,,,
KLO,2012,6,5,23,11.1,,,,,,,,963.3,,2.2,,0,0,0,0,0,0,0,,,,
KLO,2012,6,6,0,11.2,,,,,,,,962.8,,1.1,,0,0,0,0,0,0,0,,,,
KLO,2012,6,6,1,11.3,,,,,,,,962.4,,0.4,,0,0,0,0,0,0,0,,,,
KLO,2012,6,6,2,11.1,,,,,,,,961.8,,1.1,,0,0,0,0,0,0,0,,,,
KLO,2012,6,6,3,10.9,,,,,,,,961.9,,1.2,,0,0,0,0,0,0,0,,,,
KLO,2012,6,6,4,11.1,,,,,,,,962,,1.2,,37,0,0,0,0,0,0,,,,
KLO,2012,6,6,5,11.9,,,,,,,,961.8,,0.4,,77,0,0,0,0,0,0,,,,
KLO,2012,6,6,6,12.8,,,,,,,,962.1,,0.6,,104,1377.6,17.2,0,0,0,0,,,,
KLO,2012,6,6,7,13.7,,,,,,,,962.5,,1.4,,95,31.9,88,0,0,0,0,,,,
KLO,2012,6,6,8,14.6,,,,,,,,962.3,,1.3,,162,28.7,151.1,0,0,0,0,,,,
KLO,2012,6,6,9,16.1,,,,,,,,961.7,,3.5,,403,364.4,207.3,0,0,0,0,,,,
KLO,2012,6,6,10,16.8,,,,,,,,961.3,,3.1,,230,9.8,223.4,0,0,0,0,,,,
KLO,2012,6,6,11,17.1,,,,,,,,961.4,,2.9,,214,5,210.1,0,0,0,0,,,,
KLO,2012,6,6,12,16.5,,,,,,,,961.5,,4.7,,108,1.1,107.1,0,0,0,0,,,,
KLO,2012,6,6,13,15.7,,,,,,,,961.8,,4.3,,169,2.4,166.9,0,0,0,0,,,,
KLO,2012,6,6,14,16.9,,,,,,,,961.9,,3.9,,275,6.6,269,0,0,0,0,,,,
KLO,2012,6,6,15,18,,,,,,,,961.5,,5.3,,290,9.7,281.7,0,0,0,0,,,,
KLO,2012,6,6,16,18.5,,,,,,,,961.2,,3,,317,24.3,298.3,0,0,0,0,,,,
KLO,2012,6,6,17,18.6,,,,,,,,961.4,,3,,223,10,216.5,0,0,0,0,,,,
KLO,2012,6,6,18,17.6,,,,,,,,961.4,,2.9,,90,2.1,88.9,0,0,0,0,,,,
KLO,2012,6,6,19,16.3,,,,,,,,961.4,,2.1,,13,0.1,13,0,0,0,0,,,,
KLO,2012,6,6,20,15.1,,,,,,,,961.8,,2.5,,0,0,0,0,0,0,0,,,,
KLO,2012,6,6,21,14.7,,,,,,,,962.1,,2,,0,0,0,0,0,0,0,,,,
KLO,2012,6,6,22,14.4,,,,,,,,961.8,,2.4,,0,0,0,0,0,0,0,,,,
KLO,2012,6,6,23,14.7,,,,,,,,961.7,,1.8,,0,0,0,0,0,0,0,,,,
KLO,2012,6,7,0,14.5,,,,,,,,961.5,,1.3,,0,0,0,0,0,0,0,,,,
KLO,2012,6,7,1,14.1,,,,,,,,961.4,,1.1,,0,0,0,0,0,0,0,,,,
KLO,2012,6,7,2,13.8,,,,,,,,960.9,,0.7,,0,0,0,0,0,0,0,,,,
KLO,2012,6,7,3,13.7,,,,,,,,960.6,,0.6,,0,0,0,0,0,0,0,,,,
KLO,2012,6,7,4,13,,,,,,,,960.2,,0.9,,23,0,0,0,0,0,0,,,,
KLO,2012,6,7,5,14.1,,,,,,,,959.9,,0.9,,75,0,0,0,0,0,0,,,,
KLO,2012,6,7,6,15.1,,,,,,,,960,,1.2,,216,2824.6,35.6,0,0,0,0,,,,
KLO,2012,6,7,7,17,,,,,,,,959.9,,0.5,,420,1597.4,69.3,0,0,0,0,,,,
KLO,2012,6,7,8,18.1,,,,,,,,959.1,,0.7,,334,601.4,104.5,0,0,0,0,,,,
KLO,2012,6,7,9,19.2,,,,,,,,958.9,,1,,302,111.1,242.3,0,0,0,0,,,,
KLO,2012,6,7,10,19.9,,,,,,,,958.1,,1.9,,425,181.5,302.2,0,0,0,0,,,,
KLO,2012,6,7,11,22.5,,,,,,,,956.9,,1.5,,952,1008,157.1,0,0,0,0,,,,
KLO,2012,6,7,12,23.9,,,,,,,,956.1,,2.9,,937,902.8,154.6,0,0,0,0,,,,
KLO,2012,6,7,13,24.6,,,,,,,,955.1,,2.9,,849,720.3,197,0,0,0,0,,,,
KLO,2012,6,7,14,24.8,,,,,,,,954.2,,3.1,,598,227.1,393.3,0,0,0,0,,,,
KLO,2012,6,7,15,25.2,,,,,,,,953.9,,1.8,,588,261.1,364.5,0,0,0,0,,,,
KLO,2012,6,7,16,25.1,,,,,,,,953.4,,1.3,,345,37,316.4,0,0,0,0,,,,
KLO,2012,6,7,17,20.9,,,,,,,,955.2,,6.2,,4,0,4,0,0,0,0,,,,
KLO,2012,6,7,18,17.7,,,,,,,,957.3,,4.5,,40,0.4,39.8,0,0,0,0,,,,
KLO,2012,6,7,19,17.3,,,,,,,,959.5,,2.8,,1,0,1,0,0,0,0,,,,
KLO,2012,6,7,20,17.1,,,,,,,,960,,3.7,,0,0,0,0,0,0,0,,,,
KLO,2012,6,7,21,17,,,,,,,,960.2,,4,,0,0,0,0,0,0,0,,,,
KLO,2012,6,7,22,16.9,,,,,,,,960.1,,3.3,,0,0,0,0,0,0,0,,,,
KLO,2012,6,7,23,16.8,,,,,,,,960.1,,3.3,,0,0,0,0,0,0,0,,,,
KLO,2012,6,8,0,16.7,,,,,,,,959.7,,2.2,,0,0,0,0,0,0,0,,,,
KLO,2012,6,8,1,16.6,,,,,,,,959.9,,1.5,,0,0,0,0,0,0,0,,,,
KLO,2012,6,8,2,16.5,,,,,,,,960.2,,1,,0,0,0,0,0,0,0,,,,
KLO,2012,6,8,3,16.2,,,,,,,,960.7,,1.9,,0,0,0,0,0,0,0,,,,
KLO,2012,6,8,4,15.8,,,,,,,,960.4,,2.2,,10,0,0,0,0,0,0,,,,
KLO,2012,6,8,5,15.9,,,,,,,,960.5,,1.2,,90,0,0,0,0,0,0,,,,
KLO,2012,6,8,6,16.9,,,,,,,,961,,1.5,,108,1396.6,17.8,0,0,0,0,,,,
KLO,2012,6,8,7,16.8,,,,,,,,961.3,,2.3,,103,46.5,92.8,0,0,0,0,,,,
KLO,2012,6,8,8,16.5,,,,,,,,961.8,,2.2,,118,6.9,115.4,0,0,0,0,,,,
KLO,2012,6,8,9,17.1,,,,,,,,961.7,,3,,411,388.9,201.8,0,0,0,0,,,,
KLO,2012,6,8,10,16.1,,,,,,,,961.9,,4.6,,142,3,140,0,0,0,0,,,,
KLO,2012,6,8,11,14.5,,,,,,,,963.3,,3.9,,391,61.6,342.4,0,0,0,0,,,,
KLO,2012,6,8,12,16.2,,,,,,,,963.4,,2.6,,494,118.4,391.4,0,0,0,0,,,,
KLO,2012,6,8,13,16.1,,,,,,,,964.2,,3.9,,391,31,362.9,0,0,0,0,,,,
KLO,2012,6,8,14,15.7,,,,,,,,964.6,,3.6,,242,4.9,237.6,0,0,0,0,,,,
KLO,2012,6,8,15,15.5,,,,,,,,964.8,,1.8,,169,2.6,166.7,0,0,0,0,,,,
KLO,2012,6,8,16,15.5,,,,,,,,964.7,,2.1,,110,1.4,108.9,0,0,0,0,,,,
KLO,2012,6,8,17,15.1,,,,,,,,964.6,,2.5,,70,0.8,69.5,0,0,0,0,,,,
KLO,2012,6,8,18,15.1,,,,,,,,964.9,,2.8,,26,0.2,25.9,0,0,0,0,,,,
KLO,2012,6,8,19,14.6,,,,,,,,965,,3.8,,5,0,5,0,0,0,0,,,,
KLO,2012,6,8,20,14.2,,,,,,,,965.5,,3.9,,0,0,0,0,0,0,0,,,,
KLO,2012,6,8,21,14,,,,,,,,965.6,,4.1,,0,0,0,0,0,0,0,,,,
KLO,2012,6,8,22,13.9,,,,,,,,965.9,,3.3,,0,0,0,0,0,0,0,,,,
KLO,2012,6,8,23,13.8,,,,,,,,966,,3,,0,0,0,0,0,0,0,,,,
KLO,2012,6,9,0,13.5,,,,,,,,966.1,,1.9,,0,0,0,0,0,0,0,,,,
KLO,2012,6,9,1,13.5,,,,,,,,966.2,,1.7,,0,0,0,0,0,0,0,,,,
KLO,2012,6,9,2,13.5,,,,,,,,966.2,,1.2,,0,0,0,0,0,0,0,,,,
KLO,2012,6,9,3,13.4,,,,,,,,966.4,,1.3,,0,0,0,0,0,0,0,,,,
KLO,2012,6,9,4,13.5,,,,,,,,966.8,,1,,6,0,0,0,0,0,0,,,,
KLO,2012,6,9,5,13.9,,,,,,,,967.1,,1.6,,74,0,0,0,0,0,0,,,,
KLO,2012,6,9,6,14.3,,,,,,,,967.3,,1.4,,84,1075.9,13.9,0,0,0,0,,,,
KLO,2012,6,9,7,14.6,,,,,,,,967.4,,1.4,,167,376.2,84,0,0,0,0,,,,
KLO,2012,6,9,8,15,,,,,,,,967.4,,2.1,,214,109.1,172.3,0,0,0,0,,,,
KLO,2012,6,9,9,15.6,,,,,,,,967.3,,1.1,,366,251.1,230.8,0,0,0,0,,,,
KLO,2012,6,9,10,15.5,,,,,,,,967.2,,2.6,,207,6.6,202.5,0,0,0,0,,,,
KLO,2012,6,9,11,16.1,,,,,,,,967,,2.5,,351,36.1,322.5,0,0,0,0,,,,
KLO,2012,6,9,12,17.5,,,,,,,,966.4,,1.9,,795,681.1,204.1,0,0,0,0,,,,
KLO,2012,6,9,13,18.7,,,,,,,,965.8,,1,,810,638,231.8,0,0,0,0,,,,
KLO,2012,6,9,14,18.5,,,,,,,,965.3,,1.2,,437,55,387.4,0,0,0,0,,,,
KLO,2012,6,9,15,19,,,,,,,,964.9,,1.6,,391,40.9,355.9,0,0,0,0,,,,
KLO,2012,6,9,16,18.2,,,,,,,,964.6,,2.7,,182,3.8,179.1,0,0,0,0,,,,
KLO,2012,6,9,17,17.2,,,,,,,,964.8,,3.4,,103,1.7,101.9,0,0,0,0,,,,
KLO,2012,6,9,18,16.1,,,,,,,,964.6,,3.5,,31,0.2,30.9,0,0,0,0,,,,
KLO,2012,6,9,19,15.2,,,,,,,,964.5,,3.6,,1,0,1,0,0,0,0,,,,
KLO,2012,6,9,20,14.5,,,,,,,,964.9,,3,,0,0,0,0,0,0,0,,,,
KLO,2012,6,9,21,12.8,,,,,,,,965.3,,2.6,,0,0,0,0,0,0,0,,,,
KLO,2012,6,9,22,11.7,,,,,,,,965.4,,2.8,,0,0,0,0,0,0,0,,,,
KLO,2012,6,9,23,11.6,,,,,,,,965.4,,1.9,,0,0,0,0,0,0,0,,,,
KLO,2012,6,10,0,11.7,,,,,,,,965.4,,2,,0,0,0,0,0,0,0,,,,
KLO,2012,6,10,1,11.7,,,,,,,,965.1,,1.3,,0,0,0,0,0,0,0,,,,
KLO,2012,6,10,2,11.6,,,,,,,,964.9,,1,,0,0,0,0,0,0,0,,,,
KLO,2012,6,10,3,11.6,,,,,,,,965.1,,0.7,,0,0,0,0,0,0,0,,,,
KLO,2012,6,10,4,11.4,,,,,,,,965,,0.7,,4,0,0,0,0,0,0,,,,
KLO,2012,6,10,5,11.5,,,,,,,,965,,0.5,,39,0,0,0,0,0,0,,,,
KLO,2012,6,10,6,11.8,,,,,,,,965,,0.7,,100,1270.6,16.5,0,0,0,0,,,,
KLO,2012,6,10,7,12.1,,,,,,,,964.8,,0.6,,167,374,84.3,0,0,0,0,,,,
KLO,2012,6,10,8,12.3,,,,,,,,964.3,,0.5,,203,85.2,170.4,0,0,0,0,,,,
KLO,2012,6,10,9,13.5,,,,,,,,963.4,,1.3,,409,381.2,203.7,0,0,0,0,,,,
KLO,2012,6,10,10,14.2,,,,,,,,963.1,,1.3,,487,311.9,275.8,0,0,0,0,,,,
KLO,2012,6,10,11,15.6,,,,,,,,962.1,,1.7,,846,894.6,139.6,0,0,0,0,,,,
KLO,2012,6,10,12,16.1,,,,,,,,961.3,,1.5,,576,227.9,378.2,0,0,0,0,,,,
KLO,2012,6,10,13,17.6,,,,,,,,960.5,,2.3,,818,654.3,224.7,0,0,0,0,,,,
KLO,2012,6,10,14,17.5,,,,,,,,959.6,,3,,440,56.7,388.8,0,0,0,0,,,,
KLO,2012,6,10,15,17.4,,,,,,,,959.1,,2.6,,308,12.5,297.3,0,0,0,0,,,,
KLO,2012,6,10,16,16.8,,,,,,,,958.7,,2.7,,136,2.1,134.4,0,0,0,0,,,,
KLO,2012,6,10,17,16.4,,,,,,,,958.4,,2,,83,1.1,82.3,0,0,0,0,,,,
KLO,2012,6,10,18,15.6,,,,,,,,958.3,,2.1,,33,0.3,32.9,0,0,0,0,,,,
KLO,2012,6,10,19,14.8,,,,,,,,958,,1.8,,1,0,1,0,0,0,0,,,,
KLO,2012,6,10,20,14.2,,,,,,,,958.2,,0.9,,0,0,0,0,0,0,0,,,,
KLO,2012,6,10,21,14.1,,,,,,,,957.8,,1.3,,0,0,0,0,0,0,0,,,,
KLO,2012,6,10,22,14,,,,,,,,957.6,,0.8,,0,0,0,0,0,0,0,,,,
KLO,2012,6,10,23,14,,,,,,,,957.2,,0.5,,0,0,0,0,0,0,0,,,,
KLO,2012,6,11,0,13.6,,,,,,,,956.6,,0.9,,0,0,0,0,0,0,0,,,,
KLO,2012,6,11,1,13.2,,,,,,,,956.5,,0.5,,0,0,0,0,0,0,0,,,,
KLO,2012,6,11,2,13.2,,,,,,,,956.3,,0.3,,0,0,0,0,0,0,0,,,,
KLO,2012,6,11,3,13.3,,,,,,,,956.2,,1,,0,0,0,0,0,0,0,,,,
KLO,2012,6,11,4,13.4,,,,,,,,956.5,,4,,7,0,0,0,0,0,0,,,,
KLO,2012,6,11,5,13.7,,,,,,,,957.1,,1.7,,87,0,0,0,0,0,0,,,,
KLO,2012,6,11,6,14.7,,,,,,,,957.3,,1.6,,330,4165.8,54.5,0,0,0,0,,,,
KLO,2012,6,11,7,14.8,,,,,,,,957.2,,3.9,,245,924.1,40.4,0,0,0,0,,,,
KLO,2012,6,11,8,14.8,,,,,,,,957.1,,3.2,,348,666.6,92.6,0,0,0,0,,,,
KLO,2012,6,11,9,16.5,,,,,,,,956.7,,4.9,,627,971.8,103.5,0,0,0,0,,,,
KLO,2012,6,11,10,17.2,,,,,,,,956.2,,3.4,,517,387.9,254.2,0,0,0,0,,,,
KLO,2012,6,11,11,17.7,,,,,,,,955.9,,4.3,,493,176.9,353.3,0,0,0,0,,,,
KLO,2012,6,11,12,16.2,,,,,,,,956.3,,4.1,,767,618.3,230.1,0,0,0,0,,,,
KLO,2012,6,11,13,16.9,,,,,,,,956.1,,2.9,,609,238.9,392.3,0,0,0,0,,,,
KLO,2012,6,11,14,17.3,,,,,,,,955.9,,3.2,,533,138.2,408,0,0,0,0,,,,
KLO,2012,6,11,15,17.5,,,,,,,,955.5,,4,,337,19.2,320.5,0,0,0,0,,,,
KLO,2012,6,11,16,17.8,,,,,,,,955.4,,3.8,,445,122.6,349.9,0,0,0,0,,,,
KLO,2012,6,11,17,17.5,,,,,,,,955.2,,3.6,,273,25.3,256.3,0,0,0,0,,,,
KLO,2012,6,11,18,16.9,,,,,,,,955.1,,2.4,,131,4.4,128.7,0,0,0,0,,,,
KLO,2012,6,11,19,15.2,,,,,,,,955.1,,2.4,,19,0.2,18.9,0,0,0,0,,,,
KLO,2012,6,11,20,13.4,,,,,,,,955.2,,3.8,,0,0,0,0,0,0,0,,,,
KLO,2012,6,11,21,12.6,,,,,,,,955,,2.7,,0,0,0,0,0,0,0,,,,
KLO,2012,6,11,22,12.6,,,,,,,,955,,1.9,,0,0,0,0,0,0,0,,,,
KLO,2012,6,11,23,12.9,,,,,,,,954.7,,1.4,,0,0,0,0,0,0,0,,,,
KLO,2012,6,12,0,12.5,,,,,,,,954.3,,0.9,,0,0,0,0,0,0,0,,,,
KLO,2012,6,12,1,12.5,,,,,,,,953.7,,0.9,,0,0,0,0,0,0,0,,,,
KLO,2012,6,12,2,12.2,,,,,,,,953.4,,1.2,,0,0,0,0,0,0,0,,,,
KLO,2012,6,12,3,12.7,,,,,,,,953.3,,2.1,,1,0,0,0,0,0,0,,,,
KLO,2012,6,12,4,12.5,,,,,,,,953.6,,3.2,,6,0,0,0,0,0,0,,,,
KLO,2012,6,12,5,12,,,,,,,,954.1,,2.9,,25,0,0,0,0,0,0,,,,
KLO,2012,6,12,6,12.1,,,,,,,,954.4,,2.5,,61,684.1,15.5,0,0,0,0,,,,
KLO,2012,6,12,7,12.2,,,,,,,,954.6,,2.4,,81,13.6,78,0,0,0,0,,,,
KLO,2012,6,12,8,12.4,,,,,,,,954.7,,2,,102,4.8,100.2,0,0,0,0,,,,
KLO,2012,6,12,9,12.5,,,,,,,,955.1,,1.3,,123,3.5,121.1,0,0,0,0,,,,
KLO,2012,6,12,10,12.4,,,,,,,,955.5,,1.2,,85,1.1,84.3,0,0,0,0,,,,
KLO,2012,6,12,11,12.1,,,,,,,,956,,1.9,,87,0.8,86.3,0,0,0,0,,,,
KLO,2012,6,12,12,12.5,,,,,,,,956.3,,4.1,,218,4.3,214.3,0,0,0,0,,,,
KLO,2012,6,12,13,12.9,,,,,,,,956.6,,3.3,,214,3.8,210.6,0,0,0,0,,,,
KLO,2012,6,12,14,13.2,,,,,,,,957.1,,2.6,,165,2.3,163,0,0,0,0,,,,
KLO,2012,6,12,15,13.4,,,,,,,,957.6,,2.7,,140,1.8,138.4,0,0,0,0,,,,
KLO,2012,6,12,16,12.7,,,,,,,,958.1,,4.8,,62,0.4,61.7,0,0,0,0,,,,
KLO,2012,6,12,17,11.9,,,,,,,,959,,3,,38,0.2,37.9,0,0,0,0,,,,
KLO,2012,6,12,18,11.8,,,,,,,,959.7,,3.1,,22,0.1,21.9,0,0,0,0,,,,
KLO,2012,6,12,19,11.7,,,,,,,,960.3,,2.8,,1,0,1,0,0,0,0,,,,
KLO,2012,6,12,20,11.8,,,,,,,,961,,2.7,,0,0,0,0,0,0,0,,,,
KLO,2012,6,12,21,11.8,,,,,,,,961.4,,2.3,,0,0,0,0,0,0,0,,,,
KLO,2012,6,12,22,11.6,,,,,,,,961.9,,2,,0,0,0,0,0,0,0,,,,
KLO,2012,6,12,23,11.8,,,,,,,,962.3,,2.4,,0,0,0,0,0,0,0,,,,
KLO,2012,6,13,0,11.7,,,,,,,,962.4,,1.6,,0,0,0,0,0,0,0,,,,
KLO,2012,6,13,1,11.4,,,,,,,,962.5,,1.5,,0,0,0,0,0,0,0,,,,
KLO,2012,6,13,2,11.5,,,,,,,,962.7,,2,,0,0,0,0,0,0,0,,,,
KLO,2012,6,13,3,11.3,,,,,,,,962.9,,2.1,,0,0,0,0,0,0,0,,,,
KLO,2012,6,13,4,11.3,,,,,,,,963.3,,1.9,,6,0,0,0,0,0,0,,,,
KLO,2012,6,13,5,11.5,,,,,,,,963.6,,1.4,,35,0,0,0,0,0,0,,,,
KLO,2012,6,13,6,11.9,,,,,,,,964.1,,1,,114,1426.9,18.8,0,0,0,0,,,,
KLO,2012,6,13,7,13.1,,,,,,,,964.3,,3.7,,318,1197.4,52.5,0,0,0,0,,,,
KLO,2012,6,13,8,14,,,,,,,,964.5,,3.8,,477,1039.1,78.7,0,0,0,0,,,,
KLO,2012,6,13,9,14.2,,,,,,,,964.9,,4.2,,381,293.1,223.1,0,0,0,0,,,,
KLO,2012,6,13,10,14.1,,,,,,,,965.1,,4.1,,423,177.2,302.9,0,0,0,0,,,,
KLO,2012,6,13,11,16.3,,,,,,,,965,,4.6,,761,765,156.5,0,0,0,0,,,,
KLO,2012,6,13,12,14.9,,,,,,,,965.3,,4.6,,483,106.4,390.6,0,0,0,0,,,,
KLO,2012,6,13,13,14.5,,,,,,,,965.9,,3.1,,433,51.3,386.4,0,0,0,0,,,,
KLO,2012,6,13,14,15.3,,,,,,,,965.9,,4.5,,434,52.7,386.3,0,0,0,0,,,,
KLO,2012,6,13,15,14.9,,,,,,,,966.4,,4.5,,312,13.1,300.7,0,0,0,0,,,,
KLO,2012,6,13,16,13.6,,,,,,,,966.9,,2.6,,186,3.9,183,0,0,0,0,,,,
KLO,2012,6,13,17,13.3,,,,,,,,967.5,,2.6,,114,2,112.7,0,0,0,0,,,,
KLO,2012,6,13,18,13.6,,,,,,,,968,,2.2,,109,3,107.4,0,0,0,0,,,,
KLO,2012,6,13,19,12.9,,,,,,,,968.4,,1.5,,39,0.8,38.7,0,0,0,0,,,,
KLO,2012,6,13,20,12.1,,,,,,,,968.9,,1.5,,0,0,0,0,0,0,0,,,,
KLO,2012,6,13,21,11.5,,,,,,,,969,,2,,0,0,0,0,0,0,0,,,,
KLO,2012,6,13,22,10.8,,,,,,,,969.2,,2,,0,0,0,0,0,0,0,,,,
KLO,2012,6,13,23,10.9,,,,,,,,969.4,,1.9,,0,0,0,0,0,0,0,,,,
KLO,2012,6,14,0,10.2,,,,,,,,969.3,,1.7,,0,0,0,0,0,0,0,,,,
KLO,2012,6,14,1,8.9,,,,,,,,969.1,,0.9,,0,0,0,0,0,0,0,,,,
KLO,2012,6,14,2,7.8,,,,,,,,968.8,,0.7,,0,0,0,0,0,0,0,,,,
KLO,2012,6,14,3,8.4,,,,,,,,968.7,,1.2,,1,0,0,0,0,0,0,,,,
KLO,2012,6,14,4,8.6,,,,,,,,969,,1.3,,51,0,0,0,0,0,0,,,,
KLO,2012,6,14,5,10.5,,,,,,,,969.1,,0.6,,165,0,0,0,0,0,0,,,,
KLO,2012,6,14,6,11.2,,,,,,,,969,,0.8,,360,4496.6,59.4,0,0,0,0,,,,
KLO,2012,6,14,7,12.6,,,,,,,,969,,1.2,,449,1690.3,74.1,0,0,0,0,,,,
KLO,2012,6,14,8,13.6,,,,,,,,968.9,,2.3,,526,1145.9,86.8,0,0,0,0,,,,
KLO,2012,6,14,9,15.2,,,,,,,,968.7,,2.9,,731,1132.8,120.6,0,0,0,0,,,,
KLO,2012,6,14,10,17.2,,,,,,,,968.6,,2.7,,963,1186.6,158.9,0,0,0,0,,,,
KLO,2012,6,14,11,17.9,,,,,,,,968.4,,1.9,,940,993.2,155.1,0,0,0,0,,,,
KLO,2012,6,14,12,19,,,,,,,,968,,1.4,,957,919.7,157.9,0,0,0,0,,,,
KLO,2012,6,14,13,19.8,,,,,,,,967.7,,1.2,,861,739.6,189.3,0,0,0,0,,,,
KLO,2012,6,14,14,20,,,,,,,,967.4,,1.4,,772,558.6,266.1,0,0,0,0,,,,
KLO,2012,6,14,15,20.6,,,,,,,,967.1,,1.3,,636,345.5,338.5,0,0,0,0,,,,
KLO,2012,6,14,16,20.5,,,,,,,,966.8,,1.2,,450,127.4,350.9,0,0,0,0,,,,
KLO,2012,6,14,17,20.5,,,,,,,,966.5,,0.8,,299,39.3,273,0,0,0,0,,,,
KLO,2012,6,14,18,19.5,,,,,,,,966.6,,2.5,,115,3.3,113.3,0,0,0,0,,,,
KLO,2012,6,14,19,17.2,,,,,,,,966.9,,2,,9,0,9,0,0,0,0,,,,
KLO,2012,6,14,20,14.1,,,,,,,,967.4,,1,,0,0,0,0,0,0,0,,,,
KLO,2012,6,14,21,13,,,,,,,,967.6,,0.6,,0,0,0,0,0,0,0,,,,
KLO,2012,6,14,22,12,,,,,,,,967.9,,0.5,,0,0,0,0,0,0,0,,,,
KLO,2012,6,14,23,11.3,,,,,,,,968,,0.7,,0,0,0,0,0,0,0,,,,
KLO,2012,6,15,0,10.7,,,,,,,,968,,1,,0,0,0,0,0,0,0,,,,
KLO,2012,6,15,1,10.1,,,,,,,,968,,0.9,,0,0,0,0,0,0,0,,,,
KLO,2012,6,15,2,9.6,,,,,,,,967.8,,1.5,,0,0,0,0,0,0,0,,,,
KLO,2012,6,15,3,9.2,,,,,,,,968,,1.4,,2,0,0,0,0,0,0,,,,
KLO,2012,6,15,4,9.8,,,,,,,,968.2,,0.7,,50,0,0,0,0,0,0,,,,
KLO,2012,6,15,5,11.8,,,,,,,,968.2,,0.7,,179,0,0,0,0,0,0,,,,
KLO,2012,6,15,6,14.2,,,,,,,,968.3,,0.3,,327,4081.7,54,0,0,0,0,,,,
KLO,2012,6,15,7,16.6,,,,,,,,968.3,,0.5,,503,1894,83,0,0,0,0,,,,
KLO,2012,6,15,8,19.1,,,,,,,,968.3,,0.9,,675,1470.9,111.4,0,0,0,0,,,,
KLO,2012,6,15,9,20.8,,,,,,,,968,,1.5,,798,1236.9,131.7,0,0,0,0,,,,
KLO,2012,6,15,10,22.2,,,,,,,,967.6,,1,,798,983.4,131.7,0,0,0,0,,,,
KLO,2012,6,15,11,23.6,,,,,,,,967.4,,1.2,,883,933,145.7,0,0,0,0,,,,
KLO,2012,6,15,12,24.8,,,,,,,,967.3,,1.9,,911,875.8,149.9,0,0,0,0,,,,
KLO,2012,6,15,13,26.1,,,,,,,,967,,2.7,,847,711.9,200.3,0,0,0,0,,,,
KLO,2012,6,15,14,26.3,,,,,,,,966.9,,2.8,,744,497.8,293.1,0,0,0,0,,,,
KLO,2012,6,15,15,26,,,,,,,,966.9,,3,,612,298.6,354.7,0,0,0,0,,,,
KLO,2012,6,15,16,25.5,,,,,,,,966.8,,2.4,,451,128.3,351.2,0,0,0,0,,,,
KLO,2012,6,15,17,25.1,,,,,,,,966.5,,1.2,,280,28.1,261.4,0,0,0,0,,,,
KLO,2012,6,15,18,23.4,,,,,,,,966.8,,2.1,,116,3.4,114.2,0,0,0,0,,,,
KLO,2012,6,15,19,20.6,,,,,,,,967,,1.7,,15,0.1,15,0,0,0,0,,,,
KLO,2012,6,15,20,18.2,,,,,,,,967.4,,1.4,,0,0,0,0,0,0,0,,,,
KLO,2012,6,15,21,17.6,,,,,,,,967.9,,0.9,,0,0,0,0,0,0,0,,,,
KLO,2012,6,15,22,16.8,,,,,,,,968.1,,1.5,,0,0,0,0,0,0,0,,,,
KLO,2012,6,15,23,16.4,,,,,,,,968.3,,1.9,,0,0,0,0,0,0,0,,,,
KLO,2012,6,16,0,16.4,,,,,,,,968.4,,1.5,,0,0,0,0,0,0,0,,,,
KLO,2012,6,16,1,15.8,,,,,,,,968.3,,1.8,,0,0,0,0,0,0,0,,,,
KLO,2012,6,16,2,15.8,,,,,,,,968.3,,2.2,,0,0,0,0,0,0,0,,,,
KLO,2012,6,16,3,15,,,,,,,,968.7,,2.5,,1,0,0,0,0,0,0,,,,
KLO,2012,6,16,4,14.9,,,,,,,,968.8,,2.4,,50,0,0,0,0,0,0,,,,
KLO,2012,6,16,5,17.3,,,,,,,,968.8,,2.1,,192,0,0,0,0,0,0,,,,
KLO,2012,6,16,6,19.4,,,,,,,,969,,0.7,,360,4496.8,59.4,0,0,0,0,,,,
KLO,2012,6,16,7,21.9,,,,,,,,969.1,,1.1,,539,2030.8,88.9,0,0,0,0,,,,
KLO,2012,6,16,8,23.5,,,,,,,,968.4,,1.2,,692,1508.7,114.2,0,0,0,0,,,,
KLO,2012,6,16,9,24.8,,,,,,,,968,,1.4,,814,1262.1,134.3,0,0,0,0,,,,
KLO,2012,6,16,10,25.6,,,,,,,,967.7,,1.6,,898,1106.9,148.2,0,0,0,0,,,,
KLO,2012,6,16,11,26.8,,,,,,,,967.4,,1,,931,983.8,153.6,0,0,0,0,,,,
KLO,2012,6,16,12,28,,,,,,,,966.8,,2,,921,884.9,152,0,0,0,0,,,,
KLO,2012,6,16,13,28.7,,,,,,,,966.4,,3.7,,862,741.1,188.6,0,0,0,0,,,,
KLO,2012,6,16,14,29.2,,,,,,,,966.1,,5.2,,756,523.1,281.9,0,0,0,0,,,,
KLO,2012,6,16,15,29.3,,,,,,,,966.2,,4.7,,617,307.5,351.9,0,0,0,0,,,,
KLO,2012,6,16,16,29,,,,,,,,966.2,,4,,460,139.6,351.3,0,0,0,0,,,,
KLO,2012,6,16,17,27.3,,,,,,,,966.7,,4,,299,38.9,273.2,0,0,0,0,,,,
KLO,2012,6,16,18,24.8,,,,,,,,967.1,,3.2,,119,3.5,117.2,0,0,0,0,,,,
KLO,2012,6,16,19,23,,,,,,,,967.8,,1.4,,15,0.1,15,0,0,0,0,,,,
KLO,2012,6,16,20,21.1,,,,,,,,969,,0.9,,0,0,0,0,0,0,0,,,,
KLO,2012,6,16,21,20.2,,,,,,,,969.4,,0.7,,0,0,0,0,0,0,0,,,,
KLO,2012,6,16,22,19.5,,,,,,,,970,,2.8,,0,0,0,0,0,0,0,,,,
KLO,2012,6,16,23,17.9,,,,,,,,971.1,,4.2,,0,0,0,0,0,0,0,,,,
KLO,2012,6,17,0,16.2,,,,,,,,971.6,,2.9,,0,0,0,0,0,0,0,,,,
KLO,2012,6,17,1,15.4,,,,,,,,971.8,,1.9,,0,0,0,0,0,0,0,,,,
KLO,2012,6,17,2,14.8,,,,,,,,971.6,,1.4,,0,0,0,0,0,0,0,,,,
KLO,2012,6,17,3,13.9,,,,,,,,971.7,,1.7,,1,0,0,0,0,0,0,,,,
KLO,2012,6,17,4,13.9,,,,,,,,972.1,,2.2,,47,0,0,0,0,0,0,,,,
KLO,2012,6,17,5,15.4,,,,,,,,972.8,,2.2,,122,0,0,0,0,0,0,,,,
KLO,2012,6,17,6,17.1,,,,,,,,973.2,,1.8,,335,4193.4,55.3,0,0,0,0,,,,
KLO,2012,6,17,7,18,,,,,,,,973.5,,1.2,,342,1289.8,56.4,0,0,0,0,,,,
KLO,2012,6,17,8,18.9,,,,,,,,973.4,,1,,470,1025.4,77.5,0,0,0,0,,,,
KLO,2012,6,17,9,20.6,,,,,,,,973.2,,1.3,,825,1279.7,136.1,0,0,0,0,,,,
KLO,2012,6,17,10,21.3,,,,,,,,973,,1.1,,771,950.6,127.2,0,0,0,0,,,,
KLO,2012,6,17,11,22.6,,,,,,,,972.5,,1.3,,987,1043.2,162.9,0,0,0,0,,,,
KLO,2012,6,17,12,23.6,,,,,,,,971.7,,1.4,,867,818.7,155.6,0,0,0,0,,,,
KLO,2012,6,17,13,24.8,,,,,,,,970.9,,2,,853,723.6,195.5,0,0,0,0,,,,
KLO,2012,6,17,14,25.4,,,,,,,,970.3,,3.5,,753,516.4,284.9,0,0,0,0,,,,
KLO,2012,6,17,15,25.7,,,,,,,,969.6,,3.8,,619,310.8,350.9,0,0,0,0,,,,
KLO,2012,6,17,16,25.4,,,,,,,,969.1,,4.3,,456,133.9,351.6,0,0,0,0,,,,
KLO,2012,6,17,17,24.9,,,,,,,,969,,4.4,,278,26.8,260.2,0,0,0,0,,,,
KLO,2012,6,17,18,23.7,,,,,,,,968.7,,3.4,,107,2.9,105.5,0,0,0,0,,,,
KLO,2012,6,17,19,21.4,,,,,,,,968.5,,3.2,,10,0.1,10,0,0,0,0,,,,
KLO,2012,6,17,20,19.6,,,,,,,,968.7,,1.5,,0,0,0,0,0,0,0,,,,
KLO,2012,6,17,21,18.8,,,,,,,,968.4,,0.7,,0,0,0,0,0,0,0,,,,
KLO,2012,6,17,22,17.4,,,,,,,,968.2,,1.3,,0,0,0,0,0,0,0,,,,
KLO,2012,6,17,23,17.8,,,,,,,,967.9,,1.8,,0,0,0,0,0,0,0,,,,
KLO,2012,6,18,0,17,,,,,,,,967.5,,1.4,,0,0,0,0,0,0,0,,,,
KLO,2012,6,18,1,16.4,,,,,,,,967.1,,0.9,,0,0,0,0,0,0,0,,,,
KLO,2012,6,18,2,16,,,,,,,,966.6,,0.9,,0,0,0,0,0,0,0,,,,
KLO,2012,6,18,3,15.5,,,,,,,,966.3,,0.6,,1,0,0,0,0,0,0,,,,
KLO,2012,6,18,4,15.8,,,,,,,,966.3,,0.4,,53,0,0,0,0,0,0,,,,
KLO,2012,6,18,5,17.7,,,,,,,,966.7,,0.6,,151,0,0,0,0,0,0,,,,
KLO,2012,6,18,6,19.5,,,,,,,,966.7,,0.8,,305,3831.3,50.3,0,0,0,0,,,,
KLO,2012,6,18,7,21,,,,,,,,967.1,,1.3,,281,1061.3,46.4,0,0,0,0,,,,
KLO,2012,6,18,8,21.7,,,,,,,,967.8,,2.2,,407,888.7,67.2,0,0,0,0,,,,
KLO,2012,6,18,9,23.9,,,,,,,,967.6,,1.1,,728,1130,120.1,0,0,0,0,,,,
KLO,2012,6,18,10,26.8,,,,,,,,967.6,,2.2,,881,1086.7,145.4,0,0,0,0,,,,
KLO,2012,6,18,11,28.2,,,,,,,,967.4,,3.2,,919,971.5,151.6,0,0,0,0,,,,
KLO,2012,6,18,12,28.9,,,,,,,,967.2,,3.6,,906,870.9,149.2,0,0,0,0,,,,
KLO,2012,6,18,13,29.8,,,,,,,,966.9,,4.4,,853,723.6,195.4,0,0,0,0,,,,
KLO,2012,6,18,14,29.7,,,,,,,,966.6,,3.6,,745,499,292.6,0,0,0,0,,,,
KLO,2012,6,18,15,29,,,,,,,,966.5,,3.8,,542,182.4,384.6,0,0,0,0,,,,
KLO,2012,6,18,16,27.8,,,,,,,,966.7,,4.3,,434,107,350.6,0,0,0,0,,,,
KLO,2012,6,18,17,25.2,,,,,,,,967,,4.2,,73,0.8,72.5,0,0,0,0,,,,
KLO,2012,6,18,18,23.5,,,,,,,,967.5,,3.2,,37,0.3,36.8,0,0,0,0,,,,
KLO,2012,6,18,19,22.8,,,,,,,,968.5,,1.8,,8,0,8,0,0,0,0,,,,
KLO,2012,6,18,20,21.4,,,,,,,,969.3,,1.8,,0,0,0,0,0,0,0,,,,
KLO,2012,6,18,21,20.8,,,,,,,,969.2,,1.3,,0,0,0,0,0,0,0,,,,
KLO,2012,6,18,22,18.7,,,,,,,,969.3,,0.9,,0,0,0,0,0,0,0,,,,
KLO,2012,6,18,23,17.6,,,,,,,,969.4,,2,,0,0,0,0,0,0,0,,,,
KLO,2012,6,19,0,17.3,,,,,,,,969.1,,1.3,,0,0,0,0,0,0,0,,,,
KLO,2012,6,19,1,17,,,,,,,,969.1,,1.8,,0,0,0,0,0,0,0,,,,
KLO,2012,6,19,2,17.2,,,,,,,,968.9,,2.1,,0,0,0,0,0,0,0,,,,
KLO,2012,6,19,3,17.1,,,,,,,,968.6,,1.8,,0,0,0,0,0,0,0,,,,
KLO,2012,6,19,4,16.7,,,,,,,,968.4,,1.9,,44,0,0,0,0,0,0,,,,
KLO,2012,6,19,5,18.5,,,,,,,,968.1,,1.6,,176,0,0,0,0,0,0,,,,
KLO,2012,6,19,6,19.8,,,,,,,,967.9,,2.2,,332,4191,54.8,0,0,0,0,,,,
KLO,2012,6,19,7,20.9,,,,,,,,967.7,,2.2,,511,1933.4,84.3,0,0,0,0,,,,
KLO,2012,6,19,8,22.1,,,,,,,,967.4,,2.2,,660,1442.7,108.9,0,0,0,0,,,,
KLO,2012,6,19,9,23.2,,,,,,,,966.9,,2.3,,792,1230.2,130.7,0,0,0,0,,,,
KLO,2012,6,19,10,24.6,,,,,,,,966.7,,2.2,,852,1051.4,140.6,0,0,0,0,,,,
KLO,2012,6,19,11,25.4,,,,,,,,966.7,,1.5,,803,843.8,136.7,0,0,0,0,,,,
KLO,2012,6,19,12,26,,,,,,,,966.4,,1.2,,605,277.2,364.2,0,0,0,0,,,,
KLO,2012,6,19,13,26.6,,,,,,,,966.1,,1.2,,588,206.5,400.3,0,0,0,0,,,,
KLO,2012,6,19,14,26.5,,,,,,,,965.9,,1.3,,362,21.1,342.9,0,0,0,0,,,,
KLO,2012,6,19,15,26.1,,,,,,,,965.6,,1.7,,218,4.3,214.3,0,0,0,0,,,,
KLO,2012,6,19,16,25.2,,,,,,,,965.3,,2,,133,2,131.5,0,0,0,0,,,,
KLO,2012,6,19,17,24.7,,,,,,,,965.6,,2.3,,96,1.4,95.1,0,0,0,0,,,,
KLO,2012,6,19,18,23.1,,,,,,,,965.6,,1.6,,19,0.1,19,0,0,0,0,,,,
KLO,2012,6,19,19,22.1,,,,,,,,965.7,,1.7,,4,0,4,0,0,0,0,,,,
KLO,2012,6,19,20,20.4,,,,,,,,965.5,,1.6,,0,0,0,0,0,0,0,,,,
KLO,2012,6,19,21,20.3,,,,,,,,965.8,,2.4,,0,0,0,0,0,0,0,,,,
KLO,2012,6,19,22,19.9,,,,,,,,965.8,,2.6,,0,0,0,0,0,0,0,,,,
KLO,2012,6,19,23,19.6,,,,,,,,965.6,,1.6,,0,0,0,0,0,0,0,,,,
KLO,2012,6,20,0,19.3,,,,,,,,965.5,,1.5,,0,0,0,0,0,0,0,,,,
KLO,2012,6,20,1,19,,,,,,,,965.5,,2.2,,0,0,0,0,0,0,0,,,,
KLO,2012,6,20,2,19,,,,,,,,965.9,,2.3,,0,0,0,0,0,0,0,,,,
KLO,2012,6,20,3,19.3,,,,,,,,965.9,,1.4,,0,0,0,0,0,0,0,,,,
KLO,2012,6,20,4,19.5,,,,,,,,965.9,,1.6,,6,0,0,0,0,0,0,,,,
KLO,2012,6,20,5,19.5,,,,,,,,965.7,,1.9,,27,0,0,0,0,0,0,,,,
KLO,2012,6,20,6,20.2,,,,,,,,965.4,,1.9,,132,1676.8,21.8,0,0,0,0,,,,
KLO,2012,6,20,7,20.4,,,,,,,,965.5,,2.6,,177,464.9,74.6,0,0,0,0,,,,
KLO,2012,6,20,8,20.5,,,,,,,,965.7,,1.4,,116,6.6,113.5,0,0,0,0,,,,
KLO,2012,6,20,9,21.3,,,,,,,,965.5,,1.1,,319,143.5,241.9,0,0,0,0,,,,
KLO,2012,6,20,10,22.1,,,,,,,,965.6,,3.1,,260,17.5,248.2,0,0,0,0,,,,
KLO,2012,6,20,11,21.3,,,,,,,,965.9,,3.2,,123,1.7,121.7,0,0,0,0,,,,
KLO,2012,6,20,12,19.4,,,,,,,,966.1,,2,,42,0.2,41.9,0,0,0,0,,,,
KLO,2012,6,20,13,20.3,,,,,,,,965.8,,1.3,,321,11.7,310.4,0,0,0,0,,,,
KLO,2012,6,20,14,21.5,,,,,,,,965.2,,2.1,,396,33.1,365.9,0,0,0,0,,,,
KLO,2012,6,20,15,21.9,,,,,,,,964.6,,1.4,,429,62.9,374.7,0,0,0,0,,,,
KLO,2012,6,20,16,22.5,,,,,,,,964,,1.2,,407,79,345.3,0,0,0,0,,,,
KLO,2012,6,20,17,22,,,,,,,,964.1,,1.3,,89,1.2,88.2,0,0,0,0,,,,
KLO,2012,6,20,18,19.9,,,,,,,,964.4,,1.4,,28,0.2,27.9,0,0,0,0,,,,
KLO,2012,6,20,19,19.5,,,,,,,,964.4,,0.8,,4,0,4,0,0,0,0,,,,
KLO,2012,6,20,20,18.7,,,,,,,,964.5,,1.2,,0,0,0,0,0,0,0,,,,
KLO,2012,6,20,21,18.3,,,,,,,,964.4,,0.5,,0,0,0,0,0,0,0,,,,
KLO,2012,6,20,22,17.2,,,,,,,,964.3,,1,,0,0,0,0,0,0,0,,,,
KLO,2012,6,20,23,16.1,,,,,,,,964,,0.9,,0,0,0,0,0,0,0,,,,
KLO,2012,6,21,0,15.2,,,,,,,,963.6,,1.1,,0,0,0,0,0,0,0,,,,
KLO,2012,6,21,1,15.4,,,,,,,,963.2,,1.9,,0,0,0,0,0,0,0,,,,
KLO,2012,6,21,2,16.2,,,,,,,,963,,1.5,,0,0,0,0,0,0,0,,,,
KLO,2012,6,21,3,16.3,,,,,,,,962.9,,1.3,,0,0,0,0,0,0,0,,,,
KLO,2012,6,21,4,16,,,,,,,,962.8,,0.8,,16,0,0,0,0,0,0,,,,
KLO,2012,6,21,5,15.7,,,,,,,,962.7,,0.7,,60,0,0,0,0,0,0,,,,
KLO,2012,6,21,6,16.3,,,,,,,,962.6,,0.6,,87,1113.7,14.4,0,0,0,0,,,,
KLO,2012,6,21,7,17.3,,,,,,,,962.6,,0.4,,123,110.4,98.7,0,0,0,0,,,,
KLO,2012,6,21,8,18.5,,,,,,,,962.6,,0.4,,263,268.3,160.8,0,0,0,0,,,,
KLO,2012,6,21,9,20.6,,,,,,,,962.4,,1,,707,1100.2,116.7,0,0,0,0,,,,
KLO,2012,6,21,10,22.9,,,,,,,,962.1,,2.1,,811,1002.1,133.8,0,0,0,0,,,,
KLO,2012,6,21,11,24.6,,,,,,,,961.9,,2.4,,838,886.9,138.3,0,0,0,0,,,,
KLO,2012,6,21,12,25.7,,,,,,,,961.6,,3,,907,872.5,149.3,0,0,0,0,,,,
KLO,2012,6,21,13,26.9,,,,,,,,961.2,,2.4,,867,751,184.6,0,0,0,0,,,,
KLO,2012,6,21,14,27.4,,,,,,,,960.8,,2.4,,796,608.7,243.8,0,0,0,0,,,,
KLO,2012,6,21,15,26.7,,,,,,,,960.7,,2.3,,410,50.4,366.5,0,0,0,0,,,,
KLO,2012,6,21,16,26,,,,,,,,960.5,,0.9,,214,5.1,210,0,0,0,0,,,,
KLO,2012,6,21,17,25,,,,,,,,960.6,,0.4,,56,0.5,55.7,0,0,0,0,,,,
KLO,2012,6,21,18,19.6,,,,,,,,963.6,,6.4,,4,0,4,0,0,0,0,,,,
KLO,2012,6,21,19,16.6,,,,,,,,965.4,,1.7,,4,0,4,0,0,0,0,,,,
KLO,2012,6,21,20,16.4,,,,,,,,965.9,,2.8,,0,0,0,0,0,0,0,,,,
KLO,2012,6,21,21,16.5,,,,,,,,966.4,,2.4,,0,0,0,0,0,0,0,,,,
KLO,2012,6,21,22,16.5,,,,,,,,967.2,,1.3,,0,0,0,0,0,0,0,,,,
KLO,2012,6,21,23,16,,,,,,,,967.3,,1.8,,0,0,0,0,0,0,0,,,,
KLO,2012,6,22,0,16.1,,,,,,,,967.7,,1.4,,0,0,0,0,0,0,0,,,,
KLO,2012,6,22,1,16.6,,,,,,,,968.4,,1.5,,0,0,0,0,0,0,0,,,,
KLO,2012,6,22,2,16.6,,,,,,,,968.7,,1.9,,0,0,0,0,0,0,0,,,,
KLO,2012,6,22,3,16.1,,,,,,,,969.2,,3,,0,0,0,0,0,0,0,,,,
KLO,2012,6,22,4,15,,,,,,,,969.7,,4.4,,16,0,0,0,0,0,0,,,,
KLO,2012,6,22,5,14.6,,,,,,,,970.4,,3.8,,92,0,0,0,0,0,0,,,,
KLO,2012,6,22,6,14.9,,,,,,,,971,,2.3,,180,2325.3,29.7,0,0,0,0,,,,
KLO,2012,6,22,7,15.6,,,,,,,,971.5,,3.2,,325,1239.1,53.6,0,0,0,0,,,,
KLO,2012,6,22,8,16,,,,,,,,971.6,,3.9,,273,311.8,154.4,0,0,0,0,,,,
KLO,2012,6,22,9,17.8,,,,,,,,971.8,,3.8,,655,1020.4,108.1,0,0,0,0,,,,
KLO,2012,6,22,10,18.8,,,,,,,,971.8,,3.8,,904,1117.9,149.2,0,0,0,0,,,,
KLO,2012,6,22,11,19.3,,,,,,,,971.5,,2.4,,969,1026.1,159.9,0,0,0,0,,,,
KLO,2012,6,22,12,20.1,,,,,,,,971.3,,2.3,,958,921.4,158.1,0,0,0,0,,,,
KLO,2012,6,22,13,21.3,,,,,,,,971.1,,2.4,,904,815.2,163.3,0,0,0,0,,,,
KLO,2012,6,22,14,21.4,,,,,,,,971.1,,2.9,,793,602.3,246.6,0,0,0,0,,,,
KLO,2012,6,22,15,21.4,,,,,,,,971.2,,4.2,,651,372.6,329.1,0,0,0,0,,,,
KLO,2012,6,22,16,21,,,,,,,,971.3,,4.5,,480,165.9,350.3,0,0,0,0,,,,
KLO,2012,6,22,17,20.2,,,,,,,,971.7,,3.7,,300,38.7,274.2,0,0,0,0,,,,
KLO,2012,6,22,18,18.8,,,,,,,,972.1,,3.7,,133,4.4,130.7,0,0,0,0,,,,
KLO,2012,6,22,19,16.3,,,,,,,,972.5,,2,,18,0.2,17.9,0,0,0,0,,,,
KLO,2012,6,22,20,14.7,,,,,,,,973.1,,1.9,,0,0,0,0,0,0,0,,,,
KLO,2012,6,22,21,15.9,,,,,,,,973.4,,0.8,,0,0,0,0,0,0,0,,,,
KLO,2012,6,22,22,15.9,,,,,,,,973.9,,0.9,,0,0,0,0,0,0,0,,,,
KLO,2012,6,22,23,15.6,,,,,,,,974,,0.6,,0,0,0,0,0,0,0,,,,
KLO,2012,6,23,0,14.7,,,,,,,,973.8,,0.8,,0,0,0,0,0,0,0,,,,
KLO,2012,6,23,1,13.2,,,,,,,,973.8,,0.9,,0,0,0,0,0,0,0,,,,
KLO,2012,6,23,2,13.4,,,,,,,,974,,1.4,,0,0,0,0,0,0,0,,,,
KLO,2012,6,23,3,13,,,,,,,,974.1,,1.5,,1,0,0,0,0,0,0,,,,
KLO,2012,6,23,4,13.5,,,,,,,,974.3,,1,,31,0,0,0,0,0,0,,,,
KLO,2012,6,23,5,14.7,,,,,,,,974.6,,0.8,,154,0,0,0,0,0,0,,,,
KLO,2012,6,23,6,16,,,,,,,,974.7,,1.4,,358,4673.7,59.1,0,0,0,0,,,,
KLO,2012,6,23,7,17.3,,,,,,,,974.8,,1.3,,541,2069.6,89.3,0,0,0,0,,,,
KLO,2012,6,23,8,18.7,,,,,,,,974.5,,1.2,,695,1528.9,114.7,0,0,0,0,,,,
KLO,2012,6,23,9,19.7,,,,,,,,974.5,,1.1,,846,1319.6,139.6,0,0,0,0,,,,
KLO,2012,6,23,10,20.5,,,,,,,,974.4,,1.4,,713,882.2,117.8,0,0,0,0,,,,
KLO,2012,6,23,11,21.6,,,,,,,,974.1,,1.3,,829,878.6,136.6,0,0,0,0,,,,
KLO,2012,6,23,12,21.3,,,,,,,,973.7,,1.7,,630,325.1,347.8,0,0,0,0,,,,
KLO,2012,6,23,13,22.9,,,,,,,,973.4,,2.1,,903,813.9,163.6,0,0,0,0,,,,
KLO,2012,6,23,14,23,,,,,,,,973.3,,1.9,,773,559.2,265.7,0,0,0,0,,,,
KLO,2012,6,23,15,23.2,,,,,,,,973.1,,2.5,,651,372.5,329.2,0,0,0,0,,,,
KLO,2012,6,23,16,22.8,,,,,,,,972.7,,1.9,,481,167.2,350.2,0,0,0,0,,,,
KLO,2012,6,23,17,22.4,,,,,,,,972.6,,2.3,,303,40.6,275.9,0,0,0,0,,,,
KLO,2012,6,23,18,20.9,,,,,,,,972.7,,2.1,,135,4.5,132.6,0,0,0,0,,,,
KLO,2012,6,23,19,18.6,,,,,,,,972.5,,1.6,,19,0.2,18.9,0,0,0,0,,,,
KLO,2012,6,23,20,16.8,,,,,,,,972.8,,1.6,,0,0,0,0,0,0,0,,,,
KLO,2012,6,23,21,15.4,,,,,,,,972.7,,1.1,,0,0,0,0,0,0,0,,,,
KLO,2012,6,23,22,13.5,,,,,,,,972.5,,0.7,,0,0,0,0,0,0,0,,,,
KLO,2012,6,23,23,12.9,,,,,,,,972.4,,0.6,,0,0,0,0,0,0,0,,,,
KLO,2012,6,24,0,12.3,,,,,,,,972.3,,0.6,,0,0,0,0,0,0,0,,,,
KLO,2012,6,24,1,11.6,,,,,,,,972.2,,0.9,,0,0,0,0,0,0,0,,,,
KLO,2012,6,24,2,11.5,,,,,,,,972,,0.7,,0,0,0,0,0,0,0,,,,
KLO,2012,6,24,3,10.2,,,,,,,,971.7,,1,,1,0,0,0,0,0,0,,,,
KLO,2012,6,24,4,10.6,,,,,,,,971.6,,1.1,,49,0,0,0,0,0,0,,,,
KLO,2012,6,24,5,13.1,,,,,,,,971.3,,0.6,,200,0,0,0,0,0,0,,,,
KLO,2012,6,24,6,15.3,,,,,,,,971.2,,0.7,,300,3963.8,49.5,0,0,0,0,,,,
KLO,2012,6,24,7,17.9,,,,,,,,970.8,,1.9,,525,2015.8,86.6,0,0,0,0,,,,
KLO,2012,6,24,8,19.7,,,,,,,,970.4,,3,,631,1391,104.1,0,0,0,0,,,,
KLO,2012,6,24,9,21.2,,,,,,,,970,,3.4,,739,1154.3,121.9,0,0,0,0,,,,
KLO,2012,6,24,10,22.4,,,,,,,,969.5,,3.3,,866,1072.8,142.9,0,0,0,0,,,,
KLO,2012,6,24,11,23.4,,,,,,,,968.8,,3.6,,781,810.6,142.6,0,0,0,0,,,,
KLO,2012,6,24,12,23.9,,,,,,,,968.3,,4,,586,246.4,372.3,0,0,0,0,,,,
KLO,2012,6,24,13,23.8,,,,,,,,968.1,,4.1,,635,282,378.9,0,0,0,0,,,,
KLO,2012,6,24,14,22.9,,,,,,,,968,,4.1,,422,45.6,380.6,0,0,0,0,,,,
KLO,2012,6,24,15,21.8,,,,,,,,967.7,,3.4,,214,4.2,210.4,0,0,0,0,,,,
KLO,2012,6,24,16,21,,,,,,,,967.3,,2,,125,1.7,123.6,0,0,0,0,,,,
KLO,2012,6,24,17,20.5,,,,,,,,967.3,,2.2,,71,0.8,70.5,0,0,0,0,,,,
KLO,2012,6,24,18,19.8,,,,,,,,967,,1.8,,24,0.1,23.9,0,0,0,0,,,,
KLO,2012,6,24,19,19,,,,,,,,966.8,,2.1,,4,0,4,0,0,0,0,,,,
KLO,2012,6,24,20,18.3,,,,,,,,967.4,,2.7,,0,0,0,0,0,0,0,,,,
KLO,2012,6,24,21,18.6,,,,,,,,967.7,,1.7,,0,0,0,0,0,0,0,,,,
KLO,2012,6,24,22,19.3,,,,,,,,967.7,,3,,0,0,0,0,0,0,0,,,,
KLO,2012,6,24,23,18.7,,,,,,,,967.6,,4,,0,0,0,0,0,0,0,,,,
KLO,2012,6,25,0,16.5,,,,,,,,967.4,,3.1,,0,0,0,0,0,0,0,,,,
KLO,2012,6,25,1,16.5,,,,,,,,966.6,,3.6,,0,0,0,0,0,0,0,,,,
KLO,2012,6,25,2,16.2,,,,,,,,966.6,,2.9,,0,0,0,0,0,0,0,,,,
KLO,2012,6,25,3,16.3,,,,,,,,966.7,,2.1,,0,0,0,0,0,0,0,,,,
KLO,2012,6,25,4,16.3,,,,,,,,966.9,,3.9,,4,0,0,0,0,0,0,,,,
KLO,2012,6,25,5,16.3,,,,,,,,967.3,,2.9,,19,0,0,0,0,0,0,,,,
KLO,2012,6,25,6,16.4,,,,,,,,967.7,,2.7,,44,259.1,27.8,0,0,0,0,,,,
KLO,2012,6,25,7,17,,,,,,,,967.9,,3,,127,135.9,97.6,0,0,0,0,,,,
KLO,2012,6,25,8,16.2,,,,,,,,968.2,,4.3,,144,16.8,137.7,0,0,0,0,,,,
KLO,2012,6,25,9,16.2,,,,,,,,968.8,,3.7,,239,37.7,218.9,0,0,0,0,,,,
KLO,2012,6,25,10,16.4,,,,,,,,969,,4.2,,319,50,285.4,0,0,0,0,,,,
KLO,2012,6,25,11,17.2,,,,,,,,969.1,,4.7,,545,271.7,331.1,0,0,0,0,,,,
KLO,2012,6,25,12,18.2,,,,,,,,968.9,,4.6,,534,168.2,388.1,0,0,0,0,,,,
KLO,2012,6,25,13,19.2,,,,,,,,968.8,,4.4,,667,339.9,358.4,0,0,0,0,,,,
KLO,2012,6,25,14,20.2,,,,,,,,968.8,,5.1,,663,333.8,360.2,0,0,0,0,,,,
KLO,2012,6,25,15,20.3,,,,,,,,968.9,,4.8,,513,143.5,389,0,0,0,0,,,,
KLO,2012,6,25,16,20.4,,,,,,,,969,,4.8,,509,211.7,343.3,0,0,0,0,,,,
KLO,2012,6,25,17,19.8,,,,,,,,969.3,,4,,259,18.4,246.7,0,0,0,0,,,,
KLO,2012,6,25,18,18.6,,,,,,,,969.7,,2.7,,96,2.3,94.8,0,0,0,0,,,,
KLO,2012,6,25,19,17.2,,,,,,,,969.9,,2.5,,9,0,9,0,0,0,0,,,,
KLO,2012,6,25,20,16.3,,,,,,,,970.5,,1.7,,0,0,0,0,0,0,0,,,,
KLO,2012,6,25,21,15.2,,,,,,,,971.1,,1.1,,0,0,0,0,0,0,0,,,,
KLO,2012,6,25,22,13.9,,,,,,,,971.4,,0.9,,0,0,0,0,0,0,0,,,,
KLO,2012,6,25,23,13.4,,,,,,,,971.4,,0.9,,0,0,0,0,0,0,0,,,,
KLO,2012,6,26,0,13.6,,,,,,,,971.3,,1.2,,0,0,0,0,0,0,0,,,,
KLO,2012,6,26,1,13.6,,,,,,,,971.1,,1.8,,0,0,0,0,0,0,0,,,,
KLO,2012,6,26,2,12.9,,,,,,,,971,,1.1,,0,0,0,0,0,0,0,,,,
KLO,2012,6,26,3,11.8,,,,,,,,971.1,,1.9,,1,0,0,0,0,0,0,,,,
KLO,2012,6,26,4,11.8,,,,,,,,971.4,,2.2,,53,0,0,0,0,0,0,,,,
KLO,2012,6,26,5,13.3,,,,,,,,971.8,,1.6,,140,0,0,0,0,0,0,,,,
KLO,2012,6,26,6,14.3,,,,,,,,972.2,,1.1,,193,2623.7,31.8,0,0,0,0,,,,
KLO,2012,6,26,7,15.7,,,,,,,,972.3,,0.8,,318,1231.5,52.5,0,0,0,0,,,,
KLO,2012,6,26,8,17,,,,,,,,972.5,,0.6,,345,681.5,88.1,0,0,0,0,,,,
KLO,2012,6,26,9,18.3,,,,,,,,972.5,,1.3,,452,551.8,158,0,0,0,0,,,,
KLO,2012,6,26,10,18.9,,,,,,,,972.6,,1.5,,361,91,299.8,0,0,0,0,,,,
KLO,2012,6,26,11,19.8,,,,,,,,972.7,,2.5,,516,219.2,343.6,0,0,0,0,,,,
KLO,2012,6,26,12,21,,,,,,,,972.5,,2.9,,868,824.6,153.4,0,0,0,0,,,,
KLO,2012,6,26,13,20.9,,,,,,,,972.4,,3.2,,611,243.1,390.3,0,0,0,0,,,,
KLO,2012,6,26,14,21.1,,,,,,,,972.3,,3.8,,582,200.2,400.4,0,0,0,0,,,,
KLO,2012,6,26,15,20.3,,,,,,,,972.2,,4.1,,381,34.9,350.8,0,0,0,0,,,,
KLO,2012,6,26,16,21.1,,,,,,,,972.1,,2.9,,399,71.5,343.1,0,0,0,0,,,,
KLO,2012,6,26,17,20.6,,,,,,,,972.3,,2.2,,144,3.2,141.9,0,0,0,0,,,,
KLO,2012,6,26,18,19.9,,,,,,,,972.4,,2,,61,0.9,60.5,0,0,0,0,,,,
KLO,2012,6,26,19,19.1,,,,,,,,972.6,,2.7,,10,0,10,0,0,0,0,,,,
KLO,2012,6,26,20,18.7,,,,,,,,972.8,,2.1,,0,0,0,0,0,0,0,,,,
KLO,2012,6,26,21,18.4,,,,,,,,972.9,,1.3,,0,0,0,0,0,0,0,,,,
KLO,2012,6,26,22,18,,,,,,,,972.9,,1.4,,0,0,0,0,0,0,0,,,,
KLO,2012,6,26,23,17.4,,,,,,,,972.8,,1.5,,0,0,0,0,0,0,0,,,,
KLO,2012,6,27,0,16.5,,,,,,,,972.8,,1.3,,0,0,0,0,0,0,0,,,,
KLO,2012,6,27,1,16.6,,,,,,,,972.9,,1.4,,0,0,0,0,0,0,0,,,,
KLO,2012,6,27,2,16.7,,,,,,,,972.6,,1.6,,0,0,0,0,0,0,0,,,,
KLO,2012,6,27,3,16.6,,,,,,,,972.5,,1.6,,0,0,0,0,0,0,0,,,,
KLO,2012,6,27,4,16.8,,,,,,,,972.5,,1.6,,18,0,0,0,0,0,0,,,,
KLO,2012,6,27,5,17.3,,,,,,,,972.5,,1.2,,113,0,0,0,0,0,0,,,,
KLO,2012,6,27,6,18.5,,,,,,,,972.6,,0.9,,166,2294.4,27.4,0,0,0,0,,,,
KLO,2012,6,27,7,19.5,,,,,,,,972.4,,1.2,,284,1105.2,46.9,0,0,0,0,,,,
KLO,2012,6,27,8,21,,,,,,,,972.1,,1.1,,690,1532.4,113.9,0,0,0,0,,,,
KLO,2012,6,27,9,21.7,,,,,,,,971.8,,1,,461,587.9,148.2,0,0,0,0,,,,
KLO,2012,6,27,10,23.1,,,,,,,,971.4,,1.6,,835,1037.9,137.8,0,0,0,0,,,,
KLO,2012,6,27,11,24.8,,,,,,,,970.9,,2.6,,969,1029.7,159.9,0,0,0,0,,,,
KLO,2012,6,27,12,25.4,,,,,,,,970.3,,3.3,,943,909.2,155.6,0,0,0,0,,,,
KLO,2012,6,27,13,25.8,,,,,,,,969.6,,2.6,,878,774.1,175.6,0,0,0,0,,,,
KLO,2012,6,27,14,26.4,,,,,,,,969.1,,2.5,,778,571.5,259.9,0,0,0,0,,,,
KLO,2012,6,27,15,26.6,,,,,,,,968.6,,1.8,,635,340.7,340.7,0,0,0,0,,,,
KLO,2012,6,27,16,26.5,,,,,,,,968.1,,2.1,,444,117.5,352.1,0,0,0,0,,,,
KLO,2012,6,27,17,25.7,,,,,,,,967.9,,1.9,,279,26.7,261.2,0,0,0,0,,,,
KLO,2012,6,27,18,24.8,,,,,,,,967.7,,1.1,,99,2.4,97.7,0,0,0,0,,,,
KLO,2012,6,27,19,22.4,,,,,,,,967.5,,0.8,,10,0,10,0,0,0,0,,,,
KLO,2012,6,27,20,20.4,,,,,,,,967.6,,1.8,,0,0,0,0,0,0,0,,,,
KLO,2012,6,27,21,18.3,,,,,,,,967.4,,1.5,,0,0,0,0,0,0,0,,,,
KLO,2012,6,27,22,17.6,,,,,,,,967.1,,1.8,,0,0,0,0,0,0,0,,,,
KLO,2012,6,27,23,17.1,,,,,,,,966.7,,1.2,,0,0,0,0,0,0,0,,,,
KLO,2012,6,28,0,16.1,,,,,,,,966.3,,0.5,,0,0,0,0,0,0,0,,,,
KLO,2012,6,28,1,15.6,,,,,,,,965.9,,2,,0,0,0,0,0,0,0,,,,
KLO,2012,6,28,2,16,,,,,,,,965.5,,2,,0,0,0,0,0,0,0,,,,
KLO,2012,6,28,3,14.7,,,,,,,,965.3,,0.9,,0,0,0,0,0,0,0,,,,
KLO,2012,6,28,4,15.1,,,,,,,,965.4,,0.9,,45,0,0,0,0,0,0,,,,
KLO,2012,6,28,5,16.8,,,,,,,,965.4,,0.5,,175,0,0,0,0,0,0,,,,
KLO,2012,6,28,6,18.8,,,,,,,,965.5,,0.7,,338,4757.6,55.8,0,0,0,0,,,,
KLO,2012,6,28,7,20.9,,,,,,,,965.3,,1,,517,2022.4,85.3,0,0,0,0,,,,
KLO,2012,6,28,8,22.6,,,,,,,,964.6,,1.2,,661,1472.2,109.1,0,0,0,0,,,,
KLO,2012,6,28,9,24.3,,,,,,,,964,,1.2,,758,1191.9,125.1,0,0,0,0,,,,
KLO,2012,6,28,10,25.7,,,,,,,,963.4,,1.2,,806,1003.1,133,0,0,0,0,,,,
KLO,2012,6,28,11,27,,,,,,,,963,,1.2,,864,919,142.6,0,0,0,0,,,,
KLO,2012,6,28,12,28.6,,,,,,,,962.4,,1.3,,890,857,148.3,0,0,0,0,,,,
KLO,2012,6,28,13,29.6,,,,,,,,962,,2.1,,770,553.7,267.9,0,0,0,0,,,,
KLO,2012,6,28,14,29,,,,,,,,961.8,,2.5,,285,7.3,278.4,0,0,0,0,,,,
KLO,2012,6,28,15,26.8,,,,,,,,962.4,,2.4,,26,0.1,25.9,0,0,0,0,,,,
KLO,2012,6,28,16,23.9,,,,,,,,961.9,,2.3,,39,0.2,38.9,0,0,0,0,,,,
KLO,2012,6,28,17,24.8,,,,,,,,961.3,,1.5,,206,6.9,201.4,0,0,0,0,,,,
KLO,2012,6,28,18,24.9,,,,,,,,961.3,,0.8,,116,3.3,114.3,0,0,0,0,,,,
KLO,2012,6,28,19,22.8,,,,,,,,961.5,,1.5,,17,0.1,16.9,0,0,0,0,,,,
KLO,2012,6,28,20,20.6,,,,,,,,962,,1.2,,0,0,0,0,0,0,0,,,,
KLO,2012,6,28,21,20.5,,,,,,,,961.9,,0.8,,0,0,0,0,0,0,0,,,,
KLO,2012,6,28,22,19.3,,,,,,,,961.9,,1.2,,0,0,0,0,0,0,0,,,,
KLO,2012,6,28,23,18.6,,,,,,,,962.2,,1.4,,0,0,0,0,0,0,0,,,,
KLO,2012,6,29,0,18.4,,,,,,,,962.3,,0.8,,0,0,0,0,0,0,0,,,,
KLO,2012,6,29,1,18,,,,,,,,962.2,,1.4,,0,0,0,0,0,0,0,,,,
KLO,2012,6,29,2,17.8,,,,,,,,962.6,,0.6,,0,0,0,0,0,0,0,,,,
KLO,2012,6,29,3,17.7,,,,,,,,962.8,,1,,0,0,0,0,0,0,0,,,,
KLO,2012,6,29,4,19.4,,,,,,,,963.7,,1.7,,17,0,0,0,0,0,0,,,,
KLO,2012,6,29,5,19.6,,,,,,,,963.8,,0.9,,79,0,0,0,0,0,0,,,,
KLO,2012,6,29,6,20.8,,,,,,,,963.9,,1.4,,175,2512.8,28.9,0,0,0,0,,,,
KLO,2012,6,29,7,21.9,,,,,,,,963.4,,0.8,,394,1549.9,65,0,0,0,0,,,,
KLO,2012,6,29,8,24.7,,,,,,,,962.7,,0.6,,648,1447.6,106.9,0,0,0,0,,,,
KLO,2012,6,29,9,26.8,,,,,,,,962,,2.6,,765,1205.3,126.2,0,0,0,0,,,,
KLO,2012,6,29,10,28.4,,,,,,,,961.6,,3.2,,837,1043.1,138.1,0,0,0,0,,,,
KLO,2012,6,29,11,29.5,,,,,,,,961.3,,3,,908,966.7,149.8,0,0,0,0,,,,
KLO,2012,6,29,12,30.4,,,,,,,,960.9,,1.9,,875,837.8,150.4,0,0,0,0,,,,
KLO,2012,6,29,13,31.4,,,,,,,,960.9,,1.6,,820,661.9,220.1,0,0,0,0,,,,
KLO,2012,6,29,14,32.1,,,,,,,,960.9,,2.6,,711,429.9,321.5,0,0,0,0,,,,
KLO,2012,6,29,15,32.3,,,,,,,,960.6,,3.9,,583,246,370.6,0,0,0,0,,,,
KLO,2012,6,29,16,31.6,,,,,,,,960.3,,4.1,,424,95.3,349.4,0,0,0,0,,,,
KLO,2012,6,29,17,30.4,,,,,,,,960.5,,3.1,,253,16.4,242.1,0,0,0,0,,,,
KLO,2012,6,29,18,27.8,,,,,,,,960.9,,3.4,,99,2.4,97.7,0,0,0,0,,,,
KLO,2012,6,29,19,25.5,,,,,,,,961.3,,2.4,,11,0.1,11,0,0,0,0,,,,
KLO,2012,6,29,20,24.7,,,,,,,,962,,1.5,,0,0,0,0,0,0,0,,,,
KLO,2012,6,29,21,22.1,,,,,,,,962.5,,1.3,,0,0,0,0,0,0,0,,,,
KLO,2012,6,29,22,21.5,,,,,,,,962.8,,1.1,,0,0,0,0,0,0,0,,,,
KLO,2012,6,29,23,21.1,,,,,,,,963.4,,2,,0,0,0,0,0,0,0,,,,
KLO,2012,6,30,0,20.9,,,,,,,,963.6,,1,,0,0,0,0,0,0,0,,,,
KLO,2012,6,30,1,20.4,,,,,,,,964.1,,2,,0,0,0,0,0,0,0,,,,
KLO,2012,6,30,2,20.7,,,,,,,,964.2,,1.6,,0,0,0,0,0,0,0,,,,
KLO,2012,6,30,3,20.1,,,,,,,,964.2,,1.8,,1,0,0,0,0,0,0,,,,
KLO,2012,6,30,4,19.9,,,,,,,,964.4,,1.1,,30,0,0,0,0,0,0,,,,
KLO,2012,6,30,5,20.8,,,,,,,,964.4,,1.4,,149,0,0,0,0,0,0,,,,
KLO,2012,6,30,6,21.7,,,,,,,,964.5,,1.5,,310,4548.7,51.2,0,0,0,0,,,,
KLO,2012,6,30,7,23,,,,,,,,964.4,,1.4,,478,1891.6,78.9,0,0,0,0,,,,
KLO,2012,6,30,8,24.7,,,,,,,,964.2,,1.9,,637,1427.6,105.1,0,0,0,0,,,,
KLO,2012,6,30,9,26.7,,,,,,,,963.7,,2.5,,758,1196.7,125.1,0,0,0,0,,,,
KLO,2012,6,30,10,27.9,,,,,,,,963.3,,2.4,,848,1058.3,139.9,0,0,0,0,,,,
KLO,2012,6,30,11,28.7,,,,,,,,962.9,,2.9,,872,929.4,143.9,0,0,0,0,,,,
KLO,2012,6,30,12,29.6,,,,,,,,962.5,,2.7,,832,766.1,169.9,0,0,0,0,,,,
KLO,2012,6,30,13,29.8,,,,,,,,962.3,,2.6,,787,592.4,250.4,0,0,0,0,,,,
KLO,2012,6,30,14,30.5,,,,,,,,961.9,,2.6,,680,368.4,346.4,0,0,0,0,,,,
KLO,2012,6,30,15,30.1,,,,,,,,961.7,,3.5,,544,185.5,383.8,0,0,0,0,,,,
KLO,2012,6,30,16,29,,,,,,,,961.2,,2.1,,254,8.2,247.6,0,0,0,0,,,,
KLO,2012,6,30,17,22.8,,,,,,,,961.9,,4.8,,3,0,3,0,0,0,0,,,,
KLO,2012,6,30,18,20.2,,,,,,,,960.5,,2.3,,53,0.7,52.6,0,0,0,0,,,,
KLO,2012,6,30,19,19.7,,,,,,,,960.5,,1.2,,12,0.1,12,0,0,0,0,,,,
KLO,2012,6,30,20,19,,,,,,,,961,,1.7,,0,0,0,0,0,0,0,,,,
KLO,2012,6,30,21,18.6,,,,,,,,962.1,,1.7,,0,0,0,0,0,0,0,,,,
KLO,2012,6,30,22,18.5,,,,,,,,963.9,,1.4,,0,0,0,0,0,0,0,,,,
KLO,2012,6,30,23,19,,,,,,,,964.8,,1,,0,0,0,0,0,0,0,,,,
KLO,2012,7,1,0,19.6,,,,,,,,964.9,,1.7,,0,0,0,0,0,0,0,,,,
KLO,2012,7,1,1,19.4,,,,,,,,965.4,,2.8,,0,0,0,0,0,0,0,,,,
KLO,2012,7,1,2,18.8,,,,,,,,966,,3.1,,0,0,0,0,0,0,0,,,,
KLO,2012,7,1,3,18.5,,,,,,,,966,,1.5,,0,0,0,0,0,0,0,,,,
KLO,2012,7,1,4,18.5,,,,,,,,965.8,,0.9,,9,0,0,0,0,0,0,,,,
KLO,2012,7,1,5,18.8,,,,,,,,965.2,,1.8,,47,0,0,0,0,0,0,,,,
KLO,2012,7,1,6,18.7,,,,,,,,966.2,,2.9,,84,1261.9,13.9,0,0,0,0,,,,
KLO,2012,7,1,7,19.2,,,,,,,,966.3,,2.2,,270,1075.3,44.6,0,0,0,0,,,,
KLO,2012,7,1,8,19,,,,,,,,967.2,,3.8,,134,12.9,129.2,0,0,0,0,,,,
KLO,2012,7,1,9,18.9,,,,,,,,967.7,,2.8,,69,1.2,68.4,0,0,0,0,,,,
KLO,2012,7,1,10,18.2,,,,,,,,968.9,,3.8,,171,4.5,168,0,0,0,0,,,,
KLO,2012,7,1,11,18.3,,,,,,,,969.2,,3.5,,166,3.1,163.6,0,0,0,0,,,,
KLO,2012,7,1,12,18,,,,,,,,969.7,,2.6,,68,0.4,67.6,0,0,0,0,,,,
KLO,2012,7,1,13,17.4,,,,,,,,969.9,,1.8,,28,0.1,27.9,0,0,0,0,,,,
KLO,2012,7,1,14,17.2,,,,,,,,970.2,,2.9,,30,0.1,29.9,0,0,0,0,,,,
KLO,2012,7,1,15,17,,,,,,,,971,,2.3,,19,0,19,0,0,0,0,,,,
KLO,2012,7,1,16,16.8,,,,,,,,970.9,,3.6,,34,0.1,33.9,0,0,0,0,,,,
KLO,2012,7,1,17,16.9,,,,,,,,971.9,,1.9,,23,0.1,22.9,0,0,0,0,,,,
KLO,2012,7,1,18,16.8,,,,,,,,971.3,,1.9,,57,0.8,56.6,0,0,0,0,,,,
KLO,2012,7,1,19,16.5,,,,,,,,971.2,,1.2,,11,0.1,11,0,0,0,0,,,,
KLO,2012,7,1,20,15.8,,,,,,,,970.9,,1.5,,0,0,0,0,0,0,0,,,,
KLO,2012,7,1,21,15.6,,,,,,,,970.1,,2,,0,0,0,0,0,0,0,,,,
KLO,2012,7,1,22,15.1,,,,,,,,969.6,,2.6,,0,0,0,0,0,0,0,,,,
KLO,2012,7,1,23,15.6,,,,,,,,969.5,,3.1,,0,0,0,0,0,0,0,,,,
KLO,2012,7,2,0,15,,,,,,,,969,,2.9,,0,0,0,0,0,0,0,,,,
KLO,2012,7,2,1,14.2,,,,,,,,968.8,,1.7,,0,0,0,0,0,0,0,,,,
KLO,2012,7,2,2,14.5,,,,,,,,969.1,,0.8,,0,0,0,0,0,0,0,,,,
KLO,2012,7,2,3,15,,,,,,,,969.3,,1.6,,0,0,0,0,0,0,0,,,,
KLO,2012,7,2,4,15.2,,,,,,,,968.2,,2.8,,5,0,0,0,0,0,0,,,,
KLO,2012,7,2,5,15.6,,,,,,,,968.2,,1.2,,6,0,0,0,0,0,0,,,,
KLO,2012,7,2,6,15.5,,,,,,,,969,,1.5,,7,0.9,6.9,0,0,0,0,,,,
KLO,2012,7,2,7,15.6,,,,,,,,968.5,,2.4,,38,2.3,37.5,0,0,0,0,,,,
KLO,2012,7,2,8,16.2,,,,,,,,968,,2.4,,74,2.7,73,0,0,0,0,,,,
KLO,2012,7,2,9,17.6,,,,,,,,967.3,,3.9,,327,174.6,235.1,0,0,0,0,,,,
KLO,2012,7,2,10,18.9,,,,,,,,966.3,,5.3,,353,85.3,296.1,0,0,0,0,,,,
KLO,2012,7,2,11,19.2,,,,,,,,966.8,,3,,302,18,287.9,0,0,0,0,,,,
KLO,2012,7,2,12,19.3,,,,,,,,967,,4,,315,13.6,303.2,0,0,0,0,,,,
KLO,2012,7,2,13,19.3,,,,,,,,966.5,,4,,204,3.5,200.9,0,0,0,0,,,,
KLO,2012,7,2,14,19.3,,,,,,,,966.5,,1.3,,153,1.9,151.2,0,0,0,0,,,,
KLO,2012,7,2,15,19.6,,,,,,,,966.5,,0.7,,298,10.6,288.9,0,0,0,0,,,,
KLO,2012,7,2,16,19.9,,,,,,,,966.8,,2.1,,194,4.2,190.7,0,0,0,0,,,,
KLO,2012,7,2,17,19.2,,,,,,,,967.4,,3,,57,0.5,56.7,0,0,0,0,,,,
KLO,2012,7,2,18,18.6,,,,,,,,967.4,,2.5,,53,0.7,52.6,0,0,0,0,,,,
KLO,2012,7,2,19,18.3,,,,,,,,967.8,,1.9,,3,0,3,0,0,0,0,,,,
KLO,2012,7,2,20,17.9,,,,,,,,968.2,,2.5,,0,0,0,0,0,0,0,,,,
KLO,2012,7,2,21,17.7,,,,,,,,968.6,,1.9,,0,0,0,0,0,0,0,,,,
KLO,2012,7,2,22,17.1,,,,,,,,968.8,,2.6,,0,0,0,0,0,0,0,,,,
KLO,2012,7,2,23,16.9,,,,,,,,968.8,,2.6,,0,0,0,0,0,0,0,,,,
KLO,2012,7,3,0,16.6,,,,,,,,968.4,,1.6,,0,0,0,0,0,0,0,,,,
KLO,2012,7,3,1,16.3,,,,,,,,968.2,,2.3,,0,0,0,0,0,0,0,,,,
KLO,2012,7,3,2,16.3,,,,,,,,968,,1.7,,0,0,0,0,0,0,0,,,,
KLO,2012,7,3,3,15.9,,,,,,,,968.1,,2,,0,0,0,0,0,0,0,,,,
KLO,2012,7,3,4,16,,,,,,,,968,,1.7,,2,0,0,0,0,0,0,,,,
KLO,2012,7,3,5,15.7,,,,,,,,968.3,,2,,6,0,0,0,0,0,0,,,,
KLO,2012,7,3,6,15.9,,,,,,,,968.6,,1.6,,23,14.5,22.2,0,0,0,0,,,,
KLO,2012,7,3,7,16,,,,,,,,968.8,,2.3,,59,5.5,57.9,0,0,0,0,,,,
KLO,2012,7,3,8,16.3,,,,,,,,968.9,,2.5,,198,91.5,164.3,0,0,0,0,,,,
KLO,2012,7,3,9,16.8,,,,,,,,969.1,,2.1,,156,6.2,152.8,0,0,0,0,,,,
KLO,2012,7,3,10,17.3,,,,,,,,969,,1.3,,249,15.3,238.8,0,0,0,0,,,,
KLO,2012,7,3,11,18.1,,,,,,,,968.6,,1.6,,257,8.7,250.2,0,0,0,0,,,,
KLO,2012,7,3,12,18.7,,,,,,,,968.3,,0.9,,339,19.6,322.1,0,0,0,0,,,,
KLO,2012,7,3,13,20.5,,,,,,,,968.1,,1.5,,737,487.8,296,0,0,0,0,,,,
KLO,2012,7,3,14,20.9,,,,,,,,967.9,,2,,433,52.8,385.3,0,0,0,0,,,,
KLO,2012,7,3,15,20.4,,,,,,,,967.8,,2,,199,3.6,195.9,0,0,0,0,,,,
KLO,2012,7,3,16,20.8,,,,,,,,967.4,,2,,353,39.6,322.1,0,0,0,0,,,,
KLO,2012,7,3,17,20.8,,,,,,,,967.3,,1.7,,237,12.1,229,0,0,0,0,,,,
KLO,2012,7,3,18,20,,,,,,,,967.3,,1.8,,44,0.5,43.7,0,0,0,0,,,,
KLO,2012,7,3,19,19,,,,,,,,967.4,,1,,8,0,8,0,0,0,0,,,,
KLO,2012,7,3,20,17.3,,,,,,,,967.8,,0.4,,0,0,0,0,0,0,0,,,,
KLO,2012,7,3,21,16.4,,,,,,,,967.8,,1.5,,0,0,0,0,0,0,0,,,,
KLO,2012,7,3,22,15.9,,,,,,,,967.5,,1.2,,0,0,0,0,0,0,0,,,,
KLO,2012,7,3,23,15.1,,,,,,,,967.1,,0.5,,0,0,0,0,0,0,0,,,,
KLO,2012,7,4,0,14.5,,,,,,,,966.7,,1.3,,0,0,0,0,0,0,0,,,,
KLO,2012,7,4,1,14.6,,,,,,,,966.3,,1,,0,0,0,0,0,0,0,,,,
KLO,2012,7,4,2,15.9,,,,,,,,966,,0.8,,0,0,0,0,0,0,0,,,,
KLO,2012,7,4,3,16.5,,,,,,,,965.7,,0.8,,0,0,0,0,0,0,0,,,,
KLO,2012,7,4,4,16.7,,,,,,,,965.7,,0.9,,12,0,0,0,0,0,0,,,,
KLO,2012,7,4,5,16.6,,,,,,,,965.5,,1.2,,56,0,0,0,0,0,0,,,,
KLO,2012,7,4,6,17.1,,,,,,,,965.6,,0.4,,78,0,0,0,0,0,0,,,,
KLO,2012,7,4,7,17.6,,,,,,,,965.5,,0.5,,148,317.7,82.8,0,0,0,0,,,,
KLO,2012,7,4,8,18.7,,,,,,,,965.3,,1.2,,338,692,83.9,0,0,0,0,,,,
KLO,2012,7,4,9,19.8,,,,,,,,965.1,,2.5,,392,363.7,201.4,0,0,0,0,,,,
KLO,2012,7,4,10,20.4,,,,,,,,964.9,,2.6,,372,110.5,298.6,0,0,0,0,,,,
KLO,2012,7,4,11,21.5,,,,,,,,964.6,,2.2,,755,775.3,150.5,0,0,0,0,,,,
KLO,2012,7,4,12,22.5,,,,,,,,964.1,,1.8,,819,746.6,176.1,0,0,0,0,,,,
KLO,2012,7,4,13,23.3,,,,,,,,963.6,,1.3,,788,599.4,246.5,0,0,0,0,,,,
KLO,2012,7,4,14,23.8,,,,,,,,963,,1.3,,549,158.9,405.4,0,0,0,0,,,,
KLO,2012,7,4,15,23.6,,,,,,,,962.8,,1.7,,268,7.1,261.9,0,0,0,0,,,,
KLO,2012,7,4,16,23.2,,,,,,,,962.6,,1.2,,141,2.2,139.3,0,0,0,0,,,,
KLO,2012,7,4,17,22.5,,,,,,,,962.6,,2,,67,0.7,66.5,0,0,0,0,,,,
KLO,2012,7,4,18,21.3,,,,,,,,963.1,,2.3,,34,0.3,33.9,0,0,0,0,,,,
KLO,2012,7,4,19,19.9,,,,,,,,963.7,,2.8,,5,0,5,0,0,0,0,,,,
KLO,2012,7,4,20,19.5,,,,,,,,963.8,,2.4,,0,0,0,0,0,0,0,,,,
KLO,2012,7,4,21,18.9,,,,,,,,964,,1.1,,0,0,0,0,0,0,0,,,,
KLO,2012,7,4,22,17.9,,,,,,,,963.7,,0.4,,0,0,0,0,0,0,0,,,,
KLO,2012,7,4,23,17.8,,,,,,,,963.3,,1.2,,0,0,0,0,0,0,0,,,,
KLO,2012,7,5,0,17.2,,,,,,,,962.9,,0.8,,0,0,0,0,0,0,0,,,,
KLO,2012,7,5,1,16.1,,,,,,,,962.5,,1.3,,0,0,0,0,0,0,0,,,,
KLO,2012,7,5,2,15.6,,,,,,,,962.3,,0.9,,0,0,0,0,0,0,0,,,,
KLO,2012,7,5,3,15.1,,,,,,,,962.3,,1.2,,0,0,0,0,0,0,0,,,,
KLO,2012,7,5,4,14.2,,,,,,,,962.3,,0.9,,20,0,0,0,0,0,0,,,,
KLO,2012,7,5,5,15.8,,,,,,,,962.8,,1,,95,0,0,0,0,0,0,,,,
KLO,2012,7,5,6,17.3,,,,,,,,962.9,,0.9,,125,0,0,0,0,0,0,,,,
KLO,2012,7,5,7,18.3,,,,,,,,962.9,,1.1,,323,1324.6,53.3,0,0,0,0,,,,
KLO,2012,7,5,8,20.4,,,,,,,,962.6,,1,,653,1491.3,107.7,0,0,0,0,,,,
KLO,2012,7,5,9,21.8,,,,,,,,962.4,,0.9,,776,1240,128,0,0,0,0,,,,
KLO,2012,7,5,10,23.2,,,,,,,,962.4,,1,,844,1062.2,139.3,0,0,0,0,,,,
KLO,2012,7,5,11,24.6,,,,,,,,961.9,,1.5,,850,911.6,140.2,0,0,0,0,,,,
KLO,2012,7,5,12,25.1,,,,,,,,961.3,,0.8,,582,248.3,368.4,0,0,0,0,,,,
KLO,2012,7,5,13,25.5,,,,,,,,961.1,,1.4,,616,256.9,384.1,0,0,0,0,,,,
KLO,2012,7,5,14,25.9,,,,,,,,960.8,,2.6,,660,334,358.4,0,0,0,0,,,,
KLO,2012,7,5,15,24.3,,,,,,,,961.2,,3.4,,176,2.8,173.5,0,0,0,0,,,,
KLO,2012,7,5,16,21.3,,,,,,,,960.9,,2.1,,16,0,16,0,0,0,0,,,,
KLO,2012,7,5,17,21,,,,,,,,961,,1.6,,83,1.1,82.3,0,0,0,0,,,,
KLO,2012,7,5,18,20.6,,,,,,,,960.6,,2.1,,122,3.7,120.1,0,0,0,0,,,,
KLO,2012,7,5,19,19.6,,,,,,,,960.6,,0.9,,9,0,9,0,0,0,0,,,,
KLO,2012,7,5,20,18.7,,,,,,,,960.9,,1.6,,0,0,0,0,0,0,0,,,,
KLO,2012,7,5,21,18.7,,,,,,,,961.2,,2.4,,0,0,0,0,0,0,0,,,,
KLO,2012,7,5,22,17.7,,,,,,,,961.4,,1.7,,0,0,0,0,0,0,0,,,,
KLO,2012,7,5,23,18.5,,,,,,,,962.3,,1.9,,0,0,0,0,0,0,0,,,,
KLO,2012,7,6,0,17.7,,,,,,,,962.4,,3.2,,0,0,0,0,0,0,0,,,,
KLO,2012,7,6,1,17.2,,,,,,,,962.4,,2.2,,0,0,0,0,0,0,0,,,,
KLO,2012,7,6,2,16.4,,,,,,,,962.8,,1.6,,0,0,0,0,0,0,0,,,,
KLO,2012,7,6,3,16.3,,,,,,,,963,,1.2,,0,0,0,0,0,0,0,,,,
KLO,2012,7,6,4,16.4,,,,,,,,963.2,,2.6,,9,0,0,0,0,0,0,,,,
KLO,2012,7,6,5,16.6,,,,,,,,963,,1.1,,21,0,0,0,0,0,0,,,,
KLO,2012,7,6,6,17,,,,,,,,963.6,,0.6,,32,0,0,0,0,0,0,,,,
KLO,2012,7,6,7,17,,,,,,,,964.3,,0.7,,35,2,34.6,0,0,0,0,,,,
KLO,2012,7,6,8,17.2,,,,,,,,964.3,,1.2,,89,4.1,87.5,0,0,0,0,,,,
KLO,2012,7,6,9,17.4,,,,,,,,964.4,,1.3,,112,3.1,110.4,0,0,0,0,,,,
KLO,2012,7,6,10,17.9,,,,,,,,964.4,,0.7,,193,5.9,189.1,0,0,0,0,,,,
KLO,2012,7,6,11,18.2,,,,,,,,964.3,,1.2,,288,14.6,276.6,0,0,0,0,,,,
KLO,2012,7,6,12,18.6,,,,,,,,964.4,,0.8,,305,12,294.7,0,0,0,0,,,,
KLO,2012,7,6,13,18.9,,,,,,,,964.5,,1.1,,219,4,215.4,0,0,0,0,,,,
KLO,2012,7,6,14,18.7,,,,,,,,964.5,,1.6,,105,0.9,104.2,0,0,0,0,,,,
KLO,2012,7,6,15,18.1,,,,,,,,964.6,,2.1,,35,0.1,34.9,0,0,0,0,,,,
KLO,2012,7,6,16,17.9,,,,,,,,964.2,,1.8,,43,0.2,42.8,0,0,0,0,,,,
KLO,2012,7,6,17,17.6,,,,,,,,964,,2.2,,35,0.2,34.9,0,0,0,0,,,,
KLO,2012,7,6,18,17.1,,,,,,,,964.2,,1.6,,14,0,14,0,0,0,0,,,,
KLO,2012,7,6,19,17,,,,,,,,964.8,,1.2,,1,0,1,0,0,0,0,,,,
KLO,2012,7,6,20,16.8,,,,,,,,965.4,,1.7,,0,0,0,0,0,0,0,,,,
KLO,2012,7,6,21,16.5,,,,,,,,965.6,,0.8,,0,0,0,0,0,0,0,,,,
KLO,2012,7,6,22,16.3,,,,,,,,965.8,,0.6,,0,0,0,0,0,0,0,,,,
KLO,2012,7,6,23,16,,,,,,,,965.8,,0.9,,0,0,0,0,0,0,0,,,,
KLO,2012,7,7,0,15.8,,,,,,,,965.4,,1.2,,0,0,0,0,0,0,0,,,,
KLO,2012,7,7,1,15.7,,,,,,,,965.3,,1.2,,0,0,0,0,0,0,0,,,,
KLO,2012,7,7,2,15.6,,,,,,,,965.3,,1.3,,0,0,0,0,0,0,0,,,,
KLO,2012,7,7,3,15.7,,,,,,,,965.3,,1.1,,0,0,0,0,0,0,0,,,,
KLO,2012,7,7,4,15.7,,,,,,,,965.3,,0.8,,17,0,0,0,0,0,0,,,,
KLO,2012,7,7,5,16.2,,,,,,,,965.3,,1,,69,0,0,0,0,0,0,,,,
KLO,2012,7,7,6,16.3,,,,,,,,965.6,,1.2,,104,0,0,0,0,0,0,,,,
KLO,2012,7,7,7,17,,,,,,,,965.7,,0.7,,371,1547.5,61.2,0,0,0,0,,,,
KLO,2012,7,7,8,18.1,,,,,,,,965.6,,1.3,,409,942.3,67.5,0,0,0,0,,,,
KLO,2012,7,7,9,19.1,,,,,,,,965.6,,1,,508,789.9,97.5,0,0,0,0,,,,
KLO,2012,7,7,10,20.9,,,,,,,,965.4,,0.8,,924,1167.5,152.5,0,0,0,0,,,,
KLO,2012,7,7,11,22.2,,,,,,,,965.2,,1.1,,965,1037.9,159.2,0,0,0,0,,,,
KLO,2012,7,7,12,23.5,,,,,,,,964.8,,1.4,,935,909.7,154.3,0,0,0,0,,,,
KLO,2012,7,7,13,24.1,,,,,,,,964.4,,1.8,,704,423.7,322.3,0,0,0,0,,,,
KLO,2012,7,7,14,24.7,,,,,,,,964,,1.1,,775,574.6,257,0,0,0,0,,,,
KLO,2012,7,7,15,25.3,,,,,,,,963.6,,1.6,,613,304.1,351.5,0,0,0,0,,,,
KLO,2012,7,7,16,25.3,,,,,,,,963.1,,1.1,,466,148.6,350.3,0,0,0,0,,,,
KLO,2012,7,7,17,25.1,,,,,,,,962.8,,1.3,,295,36.3,270.9,0,0,0,0,,,,
KLO,2012,7,7,18,24,,,,,,,,962.7,,2.9,,120,3.6,118.1,0,0,0,0,,,,
KLO,2012,7,7,19,21.9,,,,,,,,962.3,,2.8,,14,0.1,14,0,0,0,0,,,,
KLO,2012,7,7,20,19.8,,,,,,,,962.4,,1.4,,0,0,0,0,0,0,0,,,,
KLO,2012,7,7,21,18.7,,,,,,,,962.2,,1,,0,0,0,0,0,0,0,,,,
KLO,2012,7,7,22,16.5,,,,,,,,961.9,,1.6,,0,0,0,0,0,0,0,,,,
KLO,2012,7,7,23,15.9,,,,,,,,961.4,,1.8,,0,0,0,0,0,0,0,,,,
KLO,2012,7,8,0,15.5,,,,,,,,961.1,,1.6,,0,0,0,0,0,0,0,,,,
KLO,2012,7,8,1,15.8,,,,,,,,960.7,,2,,0,0,0,0,0,0,0,,,,
KLO,2012,7,8,2,16,,,,,,,,960.2,,1.4,,0,0,0,0,0,0,0,,,,
KLO,2012,7,8,3,15.1,,,,,,,,959.7,,0.9,,0,0,0,0,0,0,0,,,,
KLO,2012,7,8,4,15.6,,,,,,,,959.7,,1.7,,16,0,0,0,0,0,0,,,,
KLO,2012,7,8,5,16.7,,,,,,,,960.1,,1.3,,51,0,0,0,0,0,0,,,,
KLO,2012,7,8,6,16.9,,,,,,,,962.6,,4,,31,0,0,0,0,0,0,,,,
KLO,2012,7,8,7,15.5,,,,,,,,963.9,,3.9,,156,433,70.1,0,0,0,0,,,,
KLO,2012,7,8,8,17.5,,,,,,,,963.6,,2.3,,502,1162,82.8,0,0,0,0,,,,
KLO,2012,7,8,9,19.9,,,,,,,,963.3,,2.9,,615,991.2,101.5,0,0,0,0,,,,
KLO,2012,7,8,10,21.4,,,,,,,,963.4,,4.8,,664,831.7,115.6,0,0,0,0,,,,
KLO,2012,7,8,11,22,,,,,,,,963.4,,3.3,,782,834.2,135.4,0,0,0,0,,,,
KLO,2012,7,8,12,21.9,,,,,,,,963.4,,3.5,,628,336.8,339.3,0,0,0,0,,,,
KLO,2012,7,8,13,22,,,,,,,,963.2,,2.2,,597,229.3,390.7,0,0,0,0,,,,
KLO,2012,7,8,14,23.1,,,,,,,,962.9,,2.4,,525,132.5,405.7,0,0,0,0,,,,
KLO,2012,7,8,15,23.6,,,,,,,,963,,3,,579,244.3,369.1,0,0,0,0,,,,
KLO,2012,7,8,16,23,,,,,,,,962.9,,3.8,,386,62.6,337.3,0,0,0,0,,,,
KLO,2012,7,8,17,22.4,,,,,,,,962.9,,2.6,,229,10.6,222,0,0,0,0,,,,
KLO,2012,7,8,18,21.2,,,,,,,,963.4,,1.5,,39,0.4,38.8,0,0,0,0,,,,
KLO,2012,7,8,19,20.2,,,,,,,,963.9,,1.3,,11,0.1,11,0,0,0,0,,,,
KLO,2012,7,8,20,19.3,,,,,,,,964.7,,2.6,,0,0,0,0,0,0,0,,,,
KLO,2012,7,8,21,18.9,,,,,,,,965.3,,1.3,,0,0,0,0,0,0,0,,,,
KLO,2012,7,8,22,18.6,,,,,,,,965.7,,0.7,,0,0,0,0,0,0,0,,,,
KLO,2012,7,8,23,18.4,,,,,,,,966.1,,1,,0,0,0,0,0,0,0,,,,
KLO,2012,7,9,0,17.6,,,,,,,,966.2,,1,,0,0,0,0,0,0,0,,,,
KLO,2012,7,9,1,17.5,,,,,,,,966.4,,1.7,,0,0,0,0,0,0,0,,,,
KLO,2012,7,9,2,16.9,,,,,,,,966.4,,1.9,,0,0,0,0,0,0,0,,,,
KLO,2012,7,9,3,16.2,,,,,,,,966.5,,2,,0,0,0,0,0,0,0,,,,
KLO,2012,7,9,4,16.2,,,,,,,,966.6,,0.7,,19,0,0,0,0,0,0,,,,
KLO,2012,7,9,5,16.4,,,,,,,,966.6,,0.8,,110,0,0,0,0,0,0,,,,
KLO,2012,7,9,6,17.4,,,,,,,,966.4,,0.3,,183,0,0,0,0,0,0,,,,
KLO,2012,7,9,7,18.5,,,,,,,,966.3,,0.9,,426,1810.4,70.3,0,0,0,0,,,,
KLO,2012,7,9,8,19.2,,,,,,,,966.2,,1,,425,988.6,70.1,0,0,0,0,,,,
KLO,2012,7,9,9,20.5,,,,,,,,966.1,,1,,626,1012,103.3,0,0,0,0,,,,
KLO,2012,7,9,10,21.5,,,,,,,,966,,1.4,,497,376.1,249.5,0,0,0,0,,,,
KLO,2012,7,9,11,21.7,,,,,,,,965.7,,1.6,,449,129.8,348.6,0,0,0,0,,,,
KLO,2012,7,9,12,22.9,,,,,,,,965.3,,2.5,,727,553.9,252.8,0,0,0,0,,,,
KLO,2012,7,9,13,23.9,,,,,,,,965,,2.1,,855,746.2,184.1,0,0,0,0,,,,
KLO,2012,7,9,14,23.6,,,,,,,,964.8,,1.6,,649,317.7,363.1,0,0,0,0,,,,
KLO,2012,7,9,15,23.9,,,,,,,,964.5,,1.5,,623,325.3,343.8,0,0,0,0,,,,
KLO,2012,7,9,16,23.8,,,,,,,,964.4,,1.3,,419,92.8,346.8,0,0,0,0,,,,
KLO,2012,7,9,17,23.6,,,,,,,,964.3,,1.4,,236,12.1,228,0,0,0,0,,,,
KLO,2012,7,9,18,22.2,,,,,,,,964.4,,2.7,,120,3.6,118.1,0,0,0,0,,,,
KLO,2012,7,9,19,20.3,,,,,,,,964.6,,2.7,,8,0,8,0,0,0,0,,,,
KLO,2012,7,9,20,19.2,,,,,,,,965.2,,2.1,,0,0,0,0,0,0,0,,,,
KLO,2012,7,9,21,19,,,,,,,,965.4,,1.5,,0,0,0,0,0,0,0,,,,
KLO,2012,7,9,22,17.9,,,,,,,,965.7,,1.9,,0,0,0,0,0,0,0,,,,
KLO,2012,7,9,23,17.3,,,,,,,,966,,2.3,,0,0,0,0,0,0,0,,,,
KLO,2012,7,10,0,17.2,,,,,,,,966,,2,,0,0,0,0,0,0,0,,,,
KLO,2012,7,10,1,16.8,,,,,,,,965.9,,1.5,,0,0,0,0,0,0,0,,,,
KLO,2012,7,10,2,16.1,,,,,,,,965.8,,1,,0,0,0,0,0,0,0,,,,
KLO,2012,7,10,3,15.7,,,,,,,,965.8,,0.4,,0,0,0,0,0,0,0,,,,
KLO,2012,7,10,4,15.6,,,,,,,,965.6,,0.6,,35,0,0,0,0,0,0,,,,
KLO,2012,7,10,5,17,,,,,,,,965.8,,0.5,,159,0,0,0,0,0,0,,,,
KLO,2012,7,10,6,18.4,,,,,,,,965.9,,0.5,,309,0,0,0,0,0,0,,,,
KLO,2012,7,10,7,19.7,,,,,,,,965.9,,0.9,,437,1875.7,72.1,0,0,0,0,,,,
KLO,2012,7,10,8,21.3,,,,,,,,965.7,,1,,683,1596.8,112.7,0,0,0,0,,,,
KLO,2012,7,10,9,22.4,,,,,,,,965.6,,1,,840,1362.3,138.6,0,0,0,0,,,,
KLO,2012,7,10,10,23.2,,,,,,,,965.3,,1.4,,803,1021.2,132.5,0,0,0,0,,,,
KLO,2012,7,10,11,24.1,,,,,,,,964.9,,2.2,,929,1004,153.3,0,0,0,0,,,,
KLO,2012,7,10,12,25,,,,,,,,964.3,,1.4,,879,856.7,146.5,0,0,0,0,,,,
KLO,2012,7,10,13,20.1,,,,,,,,964.4,,3.3,,128,1.4,126.8,0,0,0,0,,,,
KLO,2012,7,10,14,17.2,,,,,,,,965,,1,,119,1.2,117.9,0,0,0,0,,,,
KLO,2012,7,10,15,19.3,,,,,,,,964.6,,1.4,,179,3,176.5,0,0,0,0,,,,
KLO,2012,7,10,16,19.5,,,,,,,,964.6,,2.6,,155,2.7,152.9,0,0,0,0,,,,
KLO,2012,7,10,17,19.1,,,,,,,,964.4,,1.8,,38,0.2,37.9,0,0,0,0,,,,
KLO,2012,7,10,18,18.7,,,,,,,,965.3,,2.3,,6,0,6,0,0,0,0,,,,
KLO,2012,7,10,19,17.8,,,,,,,,964.9,,1.2,,7,0,7,0,0,0,0,,,,
KLO,2012,7,10,20,17.3,,,,,,,,965.8,,1.4,,0,0,0,0,0,0,0,,,,
KLO,2012,7,10,21,17.9,,,,,,,,966.1,,1.3,,0,0,0,0,0,0,0,,,,
KLO,2012,7,10,22,17.7,,,,,,,,966.1,,1.1,,0,0,0,0,0,0,0,,,,
KLO,2012,7,10,23,17.6,,,,,,,,966,,1.2,,0,0,0,0,0,0,0,,,,
KLO,2012,7,11,0,17.6,,,,,,,,965.7,,0.9,,0,0,0,0,0,0,0,,,,
KLO,2012,7,11,1,17.5,,,,,,,,965.8,,1.1,,0,0,0,0,0,0,0,,,,
KLO,2012,7,11,2,16.7,,,,,,,,966.3,,2,,0,0,0,0,0,0,0,,,,
KLO,2012,7,11,3,16.2,,,,,,,,966.5,,1.5,,0,0,0,0,0,0,0,,,,
KLO,2012,7,11,4,15.2,,,,,,,,966.9,,1.5,,6,0,0,0,0,0,0,,,,
KLO,2012,7,11,5,15.2,,,,,,,,967.3,,0.9,,29,0,0,0,0,0,0,,,,
KLO,2012,7,11,6,15.6,,,,,,,,967.4,,1.7,,102,0,0,0,0,0,0,,,,
KLO,2012,7,11,7,16,,,,,,,,967.7,,1.5,,152,438.5,67.6,0,0,0,0,,,,
KLO,2012,7,11,8,16.7,,,,,,,,967.7,,1.5,,233,218.8,155.3,0,0,0,0,,,,
KLO,2012,7,11,9,17.7,,,,,,,,967.4,,1.1,,636,1034.9,104.9,0,0,0,0,,,,
KLO,2012,7,11,10,18.7,,,,,,,,967.2,,1.9,,424,207.4,288.2,0,0,0,0,,,,
KLO,2012,7,11,11,19.6,,,,,,,,967,,2.3,,666,581.9,217.2,0,0,0,0,,,,
KLO,2012,7,11,12,19.6,,,,,,,,966.7,,2.7,,389,41.2,353.9,0,0,0,0,,,,
KLO,2012,7,11,13,19.6,,,,,,,,966.5,,3.8,,392,33.4,362,0,0,0,0,,,,
KLO,2012,7,11,14,19.3,,,,,,,,966.5,,5.4,,426,50.3,380.8,0,0,0,0,,,,
KLO,2012,7,11,15,19.6,,,,,,,,966.3,,4.5,,474,104.8,384.3,0,0,0,0,,,,
KLO,2012,7,11,16,18.6,,,,,,,,966.3,,4.9,,160,2.9,157.8,0,0,0,0,,,,
KLO,2012,7,11,17,18.7,,,,,,,,966.7,,5.5,,185,5.3,181.5,0,0,0,0,,,,
KLO,2012,7,11,18,17.7,,,,,,,,966.9,,4.3,,64,1,63.5,0,0,0,0,,,,
KLO,2012,7,11,19,16.8,,,,,,,,967.4,,3.1,,4,0,4,0,0,0,0,,,,
KLO,2012,7,11,20,16.6,,,,,,,,968,,1.4,,0,0,0,0,0,0,0,,,,
KLO,2012,7,11,21,16.4,,,,,,,,968.6,,1.4,,0,0,0,0,0,0,0,,,,
KLO,2012,7,11,22,15.2,,,,,,,,969,,1.7,,0,0,0,0,0,0,0,,,,
KLO,2012,7,11,23,14.5,,,,,,,,969,,1.1,,0,0,0,0,0,0,0,,,,
KLO,2012,7,12,0,14.3,,,,,,,,969,,1.6,,0,0,0,0,0,0,0,,,,
KLO,2012,7,12,1,14.7,,,,,,,,968.9,,2.2,,0,0,0,0,0,0,0,,,,
KLO,2012,7,12,2,14.4,,,,,,,,968.8,,2.1,,0,0,0,0,0,0,0,,,,
KLO,2012,7,12,3,14,,,,,,,,968.8,,1.2,,0,0,0,0,0,0,0,,,,
KLO,2012,7,12,4,14.2,,,,,,,,969,,1.1,,10,0,0,0,0,0,0,,,,
KLO,2012,7,12,5,14.3,,,,,,,,969.1,,1,,46,0,0,0,0,0,0,,,,
KLO,2012,7,12,6,14.4,,,,,,,,969.4,,1.6,,142,0,0,0,0,0,0,,,,
KLO,2012,7,12,7,15.2,,,,,,,,969.7,,3.1,,293,1284.5,48.3,0,0,0,0,,,,
KLO,2012,7,12,8,14.6,,,,,,,,969.8,,2.9,,98,5.2,96.1,0,0,0,0,,,,
KLO,2012,7,12,9,14.5,,,,,,,,969.6,,2.3,,159,7,155.4,0,0,0,0,,,,
KLO,2012,7,12,10,16.2,,,,,,,,969.1,,1.6,,406,174.6,291.9,0,0,0,0,,,,
KLO,2012,7,12,11,17.3,,,,,,,,968.9,,3.7,,293,16.7,280.2,0,0,0,0,,,,
KLO,2012,7,12,12,17.4,,,,,,,,969.2,,6,,619,325.5,341.5,0,0,0,0,,,,
KLO,2012,7,12,13,17.8,,,,,,,,969.2,,6.5,,678,378.6,338.8,0,0,0,0,,,,
KLO,2012,7,12,14,18.3,,,,,,,,969,,6.1,,708,438.2,315,0,0,0,0,,,,
KLO,2012,7,12,15,17.9,,,,,,,,968.8,,5.2,,431,67.4,373.4,0,0,0,0,,,,
KLO,2012,7,12,16,17.5,,,,,,,,968.7,,2.8,,107,1.3,106,0,0,0,0,,,,
KLO,2012,7,12,17,17.4,,,,,,,,968.5,,2.2,,73,0.8,72.4,0,0,0,0,,,,
KLO,2012,7,12,18,17,,,,,,,,968.3,,2.2,,33,0.3,32.9,0,0,0,0,,,,
KLO,2012,7,12,19,16.1,,,,,,,,967.9,,1.3,,5,0,5,0,0,0,0,,,,
KLO,2012,7,12,20,15,,,,,,,,967.9,,1.1,,0,0,0,0,0,0,0,,,,
KLO,2012,7,12,21,14.8,,,,,,,,967.5,,1.3,,0,0,0,0,0,0,0,,,,
KLO,2012,7,12,22,14.3,,,,,,,,967.1,,0.7,,0,0,0,0,0,0,0,,,,
KLO,2012,7,12,23,14.2,,,,,,,,966.5,,0.8,,0,0,0,0,0,0,0,,,,
KLO,2012,7,13,0,13.9,,,,,,,,965.7,,1.3,,0,0,0,0,0,0,0,,,,
KLO,2012,7,13,1,13.5,,,,,,,,964.7,,1.7,,0,0,0,0,0,0,0,,,,
KLO,2012,7,13,2,13.3,,,,,,,,964.6,,1.2,,0,0,0,0,0,0,0,,,,
KLO,2012,7,13,3,13.2,,,,,,,,964.4,,0.7,,0,0,0,0,0,0,0,,,,
KLO,2012,7,13,4,13.4,,,,,,,,964.4,,0.9,,5,0,0,0,0,0,0,,,,
KLO,2012,7,13,5,14.1,,,,,,,,964.1,,1.3,,69,0,0,0,0,0,0,,,,
KLO,2012,7,13,6,14.6,,,,,,,,963.9,,0.9,,137,0,0,0,0,0,0,,,,
KLO,2012,7,13,7,15.6,,,,,,,,963.5,,0.6,,257,1139.3,42.4,0,0,0,0,,,,
KLO,2012,7,13,8,16.9,,,,,,,,963.4,,1.5,,485,1152.4,80,0,0,0,0,,,,
KLO,2012,7,13,9,18.2,,,,,,,,963.1,,2.9,,503,803.9,93.3,0,0,0,0,,,,
KLO,2012,7,13,10,18.9,,,,,,,,962.7,,2.6,,459,289.8,270.1,0,0,0,0,,,,
KLO,2012,7,13,11,20.3,,,,,,,,962,,3,,654,557.3,225.7,0,0,0,0,,,,
KLO,2012,7,13,12,21.5,,,,,,,,961.3,,4.4,,684,464.9,288.2,0,0,0,0,,,,
KLO,2012,7,13,13,22.5,,,,,,,,960.4,,4.8,,793,626.2,232.7,0,0,0,0,,,,
KLO,2012,7,13,14,21.7,,,,,,,,959.7,,4.9,,327,13.6,314.8,0,0,0,0,,,,
KLO,2012,7,13,15,20.7,,,,,,,,959.5,,4.5,,186,3.2,183.2,0,0,0,0,,,,
KLO,2012,7,13,16,20.4,,,,,,,,958.6,,2.2,,110,1.4,108.9,0,0,0,0,,,,
KLO,2012,7,13,17,18.3,,,,,,,,959,,1.7,,24,0.1,23.9,0,0,0,0,,,,
KLO,2012,7,13,18,16.8,,,,,,,,959.1,,1.6,,13,0,13,0,0,0,0,,,,
KLO,2012,7,13,19,16.3,,,,,,,,959.2,,1.4,,0,0,0,0,0,0,0,,,,
KLO,2012,7,13,20,16.1,,,,,,,,959.2,,2.7,,0,0,0,0,0,0,0,,,,
KLO,2012,7,13,21,16.3,,,,,,,,959.2,,2,,0,0,0,0,0,0,0,,,,
KLO,2012,7,13,22,16.2,,,,,,,,958.6,,1.9,,0,0,0,0,0,0,0,,,,
KLO,2012,7,13,23,16.4,,,,,,,,957.8,,1.3,,0,0,0,0,0,0,0,,,,
KLO,2012,7,14,0,16.5,,,,,,,,957.7,,2.6,,0,0,0,0,0,0,0,,,,
KLO,2012,7,14,1,17.5,,,,,,,,958,,6.9,,0,0,0,0,0,0,0,,,,
KLO,2012,7,14,2,17.2,,,,,,,,957.9,,5.8,,0,0,0,0,0,0,0,,,,
KLO,2012,7,14,3,17.3,,,,,,,,957.8,,5.4,,0,0,0,0,0,0,0,,,,
KLO,2012,7,14,4,17.5,,,,,,,,958.2,,5.9,,12,0,0,0,0,0,0,,,,
KLO,2012,7,14,5,18.2,,,,,,,,958.9,,6,,189,0,0,0,0,0,0,,,,
KLO,2012,7,14,6,18.1,,,,,,,,959.6,,7.9,,134,0,0,0,0,0,0,,,,
KLO,2012,7,14,7,18.2,,,,,,,,960.3,,6.4,,191,854.4,31.9,0,0,0,0,,,,
KLO,2012,7,14,8,19.1,,,,,,,,961,,7,,341,787.1,66,0,0,0,0,,,,
KLO,2012,7,14,9,19.8,,,,,,,,961.6,,6.1,,605,994.9,99.8,0,0,0,0,,,,
KLO,2012,7,14,10,20.2,,,,,,,,962.1,,6,,864,1109.5,142.6,0,0,0,0,,,,
KLO,2012,7,14,11,20.8,,,,,,,,962.5,,6.4,,944,1027.8,155.8,0,0,0,0,,,,
KLO,2012,7,14,12,21.2,,,,,,,,962.4,,6.6,,927,910.7,153,0,0,0,0,,,,
KLO,2012,7,14,13,21.6,,,,,,,,962.3,,5.7,,878,797.2,165.6,0,0,0,0,,,,
KLO,2012,7,14,14,21.4,,,,,,,,962.3,,5.2,,783,604.3,242.3,0,0,0,0,,,,
KLO,2012,7,14,15,20.7,,,,,,,,962.5,,4.7,,480,112.7,383.8,0,0,0,0,,,,
KLO,2012,7,14,16,20.1,,,,,,,,962.5,,4.7,,278,12.7,268.2,0,0,0,0,,,,
KLO,2012,7,14,17,20,,,,,,,,962.5,,3.8,,232,11.6,224.4,0,0,0,0,,,,
KLO,2012,7,14,18,19,,,,,,,,962.4,,2.4,,64,1,63.5,0,0,0,0,,,,
KLO,2012,7,14,19,18.4,,,,,,,,962.7,,1.9,,13,0.1,13,0,0,0,0,,,,
KLO,2012,7,14,20,17.7,,,,,,,,963.5,,1.1,,0,0,0,0,0,0,0,,,,
KLO,2012,7,14,21,17.4,,,,,,,,963.9,,0.9,,0,0,0,0,0,0,0,,,,
KLO,2012,7,14,22,16.5,,,,,,,,964.3,,1.8,,0,0,0,0,0,0,0,,,,
KLO,2012,7,14,23,15.7,,,,,,,,964.5,,1.8,,0,0,0,0,0,0,0,,,,
KLO,2012,7,15,0,14.7,,,,,,,,964.8,,1.4,,0,0,0,0,0,0,0,,,,
KLO,2012,7,15,1,14.5,,,,,,,,964.9,,1.9,,0,0,0,0,0,0,0,,,,
KLO,2012,7,15,2,14.5,,,,,,,,964.9,,2.7,,0,0,0,0,0,0,0,,,,
KLO,2012,7,15,3,14.1,,,,,,,,965.1,,2.1,,0,0,0,0,0,0,0,,,,
KLO,2012,7,15,4,14.2,,,,,,,,965.5,,3.5,,16,0,0,0,0,0,0,,,,
KLO,2012,7,15,5,14.3,,,,,,,,966,,2.3,,70,0,0,0,0,0,0,,,,
KLO,2012,7,15,6,15.3,,,,,,,,966.3,,2.1,,240,0,0,0,0,0,0,,,,
KLO,2012,7,15,7,16.2,,,,,,,,966.5,,2.9,,398,1806.8,65.7,0,0,0,0,,,,
KLO,2012,7,15,8,15.4,,,,,,,,966.8,,3.2,,182,81.2,153.8,0,0,0,0,,,,
KLO,2012,7,15,9,16.2,,,,,,,,967,,2.9,,373,344.3,198.8,0,0,0,0,,,,
KLO,2012,7,15,10,16.2,,,,,,,,967.1,,4.2,,589,668.1,155.7,0,0,0,0,,,,
KLO,2012,7,15,11,17.8,,,,,,,,966.9,,4.7,,748,788.9,144.1,0,0,0,0,,,,
KLO,2012,7,15,12,16,,,,,,,,967.6,,3.6,,478,113.5,381.7,0,0,0,0,,,,
KLO,2012,7,15,13,16.6,,,,,,,,968,,3.5,,445,64.1,387.8,0,0,0,0,,,,
KLO,2012,7,15,14,16.6,,,,,,,,968.2,,4.5,,285,7.7,278.1,0,0,0,0,,,,
KLO,2012,7,15,15,16,,,,,,,,968.8,,5.5,,304,12.2,293.6,0,0,0,0,,,,
KLO,2012,7,15,16,12.3,,,,,,,,970.1,,4.3,,56,0.4,55.7,0,0,0,0,,,,
KLO,2012,7,15,17,12.9,,,,,,,,970.4,,2.3,,107,1.8,105.8,0,0,0,0,,,,
KLO,2012,7,15,18,13.1,,,,,,,,971.5,,1.8,,72,1.3,71.3,0,0,0,0,,,,
KLO,2012,7,15,19,12.8,,,,,,,,972.1,,2.5,,2,0,2,0,0,0,0,,,,
KLO,2012,7,15,20,12.6,,,,,,,,973,,2.2,,0,0,0,0,0,0,0,,,,
KLO,2012,7,15,21,12.2,,,,,,,,973.7,,1.4,,0,0,0,0,0,0,0,,,,
KLO,2012,7,15,22,11.6,,,,,,,,974.3,,0.8,,0,0,0,0,0,0,0,,,,
KLO,2012,7,15,23,11.2,,,,,,,,974.7,,1.2,,0,0,0,0,0,0,0,,,,
KLO,2012,7,16,0,10.9,,,,,,,,975,,1.3,,0,0,0,0,0,0,0,,,,
KLO,2012,7,16,1,10.5,,,,,,,,975,,0.9,,0,0,0,0,0,0,0,,,,
KLO,2012,7,16,2,10.7,,,,,,,,975.3,,1.4,,0,0,0,0,0,0,0,,,,
KLO,2012,7,16,3,11.4,,,,,,,,975.6,,1.5,,0,0,0,0,0,0,0,,,,
KLO,2012,7,16,4,11.5,,,,,,,,976.1,,0.9,,13,0,0,0,0,0,0,,,,
KLO,2012,7,16,5,12.1,,,,,,,,976.6,,0.9,,49,0,0,0,0,0,0,,,,
KLO,2012,7,16,6,12.7,,,,,,,,977.1,,1.6,,85,0,0,0,0,0,0,,,,
KLO,2012,7,16,7,13.3,,,,,,,,977.5,,2.4,,286,1314.8,47.2,0,0,0,0,,,,
KLO,2012,7,16,8,15.3,,,,,,,,977.7,,3.5,,594,1436.9,98,0,0,0,0,,,,
KLO,2012,7,16,9,15.9,,,,,,,,977.8,,2.9,,628,1040.5,103.6,0,0,0,0,,,,
KLO,2012,7,16,10,17.6,,,,,,,,977.7,,3.9,,877,1132.2,144.7,0,0,0,0,,,,
KLO,2012,7,16,11,18.6,,,,,,,,977.5,,3.8,,944,1031.9,155.8,0,0,0,0,,,,
KLO,2012,7,16,12,18.8,,,,,,,,977.2,,3.3,,773,676,200.4,0,0,0,0,,,,
KLO,2012,7,16,13,19.3,,,,,,,,977,,3.5,,678,385.7,334.4,0,0,0,0,,,,
KLO,2012,7,16,14,19.6,,,,,,,,976.6,,2.8,,612,261.4,378.7,0,0,0,0,,,,
KLO,2012,7,16,15,19.8,,,,,,,,976.5,,3.5,,518,159.7,382.1,0,0,0,0,,,,
KLO,2012,7,16,16,20.1,,,,,,,,976.2,,3.1,,445,127.2,347,0,0,0,0,,,,
KLO,2012,7,16,17,19.7,,,,,,,,976,,2.8,,287,33.8,264.9,0,0,0,0,,,,
KLO,2012,7,16,18,18.2,,,,,,,,975.8,,2.4,,108,3,106.5,0,0,0,0,,,,
KLO,2012,7,16,19,16.4,,,,,,,,976,,0.9,,10,0.1,10,0,0,0,0,,,,
KLO,2012,7,16,20,13.9,,,,,,,,976.5,,0.4,,0,0,0,0,0,0,0,,,,
KLO,2012,7,16,21,13.7,,,,,,,,976.6,,1.1,,0,0,0,0,0,0,0,,,,
KLO,2012,7,16,22,13.2,,,,,,,,976.8,,1,,0,0,0,0,0,0,0,,,,
KLO,2012,7,16,23,13.1,,,,,,,,976.9,,0.6,,0,0,0,0,0,0,0,,,,
KLO,2012,7,17,0,14.4,,,,,,,,976.9,,1.3,,0,0,0,0,0,0,0,,,,
KLO,2012,7,17,1,14.7,,,,,,,,976.5,,2.6,,0,0,0,0,0,0,0,,,,
KLO,2012,7,17,2,14.6,,,,,,,,976.4,,2.9,,0,0,0,0,0,0,0,,,,
KLO,2012,7,17,3,13.6,,,,,,,,976.2,,2.9,,0,0,0,0,0,0,0,,,,
KLO,2012,7,17,4,13.2,,,,,,,,976.2,,2.8,,27,0,0,0,0,0,0,,,,
KLO,2012,7,17,5,14.2,,,,,,,,976.2,,2.7,,114,0,0,0,0,0,0,,,,
KLO,2012,7,17,6,16.5,,,,,,,,976.3,,3,,320,0,0,0,0,0,0,,,,
KLO,2012,7,17,7,18,,,,,,,,976.3,,3.9,,464,2161,76.6,0,0,0,0,,,,
KLO,2012,7,17,8,19.4,,,,,,,,976,,4.8,,657,1599.4,108.4,0,0,0,0,,,,
KLO,2012,7,17,9,20.4,,,,,,,,975.9,,5.3,,806,1340.8,133,0,0,0,0,,,,
KLO,2012,7,17,10,21.3,,,,,,,,975.8,,5.6,,907,1174.2,149.7,0,0,0,0,,,,
KLO,2012,7,17,11,21.4,,,,,,,,976,,5.6,,950,1040.7,156.8,0,0,0,0,,,,
KLO,2012,7,17,12,22.2,,,,,,,,975.9,,5.4,,946,934,156.1,0,0,0,0,,,,
KLO,2012,7,17,13,22.4,,,,,,,,975.6,,6.1,,879,805.1,162.7,0,0,0,0,,,,
KLO,2012,7,17,14,22.6,,,,,,,,975.3,,6.2,,751,540.7,269.2,0,0,0,0,,,,
KLO,2012,7,17,15,22.5,,,,,,,,975.3,,6.2,,615,321.1,342.1,0,0,0,0,,,,
KLO,2012,7,17,16,22,,,,,,,,975.3,,6.1,,453,138.7,346.4,0,0,0,0,,,,
KLO,2012,7,17,17,21.1,,,,,,,,975.3,,6.3,,281,30.7,260.9,0,0,0,0,,,,
KLO,2012,7,17,18,19.8,,,,,,,,975.5,,4.8,,115,3.4,113.2,0,0,0,0,,,,
KLO,2012,7,17,19,18.4,,,,,,,,975.8,,2.5,,12,0.1,12,0,0,0,0,,,,
KLO,2012,7,17,20,18,,,,,,,,976.3,,1.4,,0,0,0,0,0,0,0,,,,
KLO,2012,7,17,21,16.7,,,,,,,,976.4,,0.8,,0,0,0,0,0,0,0,,,,
KLO,2012,7,17,22,16,,,,,,,,976.4,,1.2,,0,0,0,0,0,0,0,,,,
KLO,2012,7,17,23,15,,,,,,,,976.4,,0.7,,0,0,0,0,0,0,0,,,,
KLO,2012,7,18,0,14.7,,,,,,,,976,,1.7,,0,0,0,0,0,0,0,,,,
KLO,2012,7,18,1,13.6,,,,,,,,975.5,,1.7,,0,0,0,0,0,0,0,,,,
KLO,2012,7,18,2,13,,,,,,,,974.8,,1.6,,0,0,0,0,0,0,0,,,,
KLO,2012,7,18,3,12.8,,,,,,,,974.1,,1,,0,0,0,0,0,0,0,,,,
KLO,2012,7,18,4,12.9,,,,,,,,973.5,,0.7,,39,0,0,0,0,0,0,,,,
KLO,2012,7,18,5,14.1,,,,,,,,973.2,,1,,113,0,0,0,0,0,0,,,,
KLO,2012,7,18,6,16.4,,,,,,,,972.8,,0.7,,304,0,0,0,0,0,0,,,,
KLO,2012,7,18,7,18.3,,,,,,,,972.5,,0.8,,493,2327.2,81.3,0,0,0,0,,,,
KLO,2012,7,18,8,20.3,,,,,,,,972,,1,,641,1570.6,105.8,0,0,0,0,,,,
KLO,2012,7,18,9,22.1,,,,,,,,971.2,,1.8,,782,1306.1,129,0,0,0,0,,,,
KLO,2012,7,18,10,23.3,,,,,,,,970.5,,3.1,,819,1063.3,135.1,0,0,0,0,,,,
KLO,2012,7,18,11,24.6,,,,,,,,969.8,,2.9,,920,1010,151.8,0,0,0,0,,,,
KLO,2012,7,18,12,25.2,,,,,,,,969,,2.9,,815,769.8,165.2,0,0,0,0,,,,
KLO,2012,7,18,13,26.3,,,,,,,,968.4,,4,,798,649,221.5,0,0,0,0,,,,
KLO,2012,7,18,14,26.6,,,,,,,,967.9,,3.8,,713,460.3,303.4,0,0,0,0,,,,
KLO,2012,7,18,15,26.1,,,,,,,,967.2,,3.1,,469,104,380.8,0,0,0,0,,,,
KLO,2012,7,18,16,25.5,,,,,,,,966.5,,1.6,,303,20,287.7,0,0,0,0,,,,
KLO,2012,7,18,17,25.8,,,,,,,,965.9,,2.6,,255,19,242.6,0,0,0,0,,,,
KLO,2012,7,18,18,24.1,,,,,,,,965.7,,2.8,,99,2.6,97.7,0,0,0,0,,,,
KLO,2012,7,18,19,21.2,,,,,,,,965.6,,1.3,,4,0,4,0,0,0,0,,,,
KLO,2012,7,18,20,19,,,,,,,,965.7,,0.7,,0,0,0,0,0,0,0,,,,
KLO,2012,7,18,21,18.1,,,,,,,,965.6,,1,,0,0,0,0,0,0,0,,,,
KLO,2012,7,18,22,17,,,,,,,,965.2,,2,,0,0,0,0,0,0,0,,,,
KLO,2012,7,18,23,16.3,,,,,,,,964.8,,0.9,,0,0,0,0,0,0,0,,,,
KLO,2012,7,19,0,16.3,,,,,,,,964.2,,2.3,,0,0,0,0,0,0,0,,,,
KLO,2012,7,19,1,16.5,,,,,,,,963.8,,2.4,,0,0,0,0,0,0,0,,,,
KLO,2012,7,19,2,16,,,,,,,,963.5,,2.5,,0,0,0,0,0,0,0,,,,
KLO,2012,7,19,3,16.2,,,,,,,,963.4,,2.9,,0,0,0,0,0,0,0,,,,
KLO,2012,7,19,4,16,,,,,,,,963.3,,2.4,,21,0,0,0,0,0,0,,,,
KLO,2012,7,19,5,17.8,,,,,,,,963.4,,1.9,,137,0,0,0,0,0,0,,,,
KLO,2012,7,19,6,19.8,,,,,,,,963.5,,1.1,,179,0,0,0,0,0,0,,,,
KLO,2012,7,19,7,21.4,,,,,,,,963.8,,1.4,,350,1675.4,57.8,0,0,0,0,,,,
KLO,2012,7,19,8,22.2,,,,,,,,964,,4.1,,558,1376.4,92.1,0,0,0,0,,,,
KLO,2012,7,19,9,22.8,,,,,,,,964.3,,5,,771,1293.1,127.2,0,0,0,0,,,,
KLO,2012,7,19,10,22.8,,,,,,,,964.5,,6,,836,1088.5,137.9,0,0,0,0,,,,
KLO,2012,7,19,11,23.2,,,,,,,,964.6,,5.8,,911,1002.4,150.3,0,0,0,0,,,,
KLO,2012,7,19,12,23.1,,,,,,,,964.6,,5.9,,728,581.8,237.7,0,0,0,0,,,,
KLO,2012,7,19,13,22.3,,,,,,,,964.7,,5.9,,622,285,369.3,0,0,0,0,,,,
KLO,2012,7,19,14,22.3,,,,,,,,964.9,,5.8,,749,541.1,268.3,0,0,0,0,,,,
KLO,2012,7,19,15,20.9,,,,,,,,965.3,,5.5,,462,97.7,379.2,0,0,0,0,,,,
KLO,2012,7,19,16,20.6,,,,,,,,965.4,,4.5,,359,47.3,322.8,0,0,0,0,,,,
KLO,2012,7,19,17,20.2,,,,,,,,965.4,,4.1,,176,5,172.8,0,0,0,0,,,,
KLO,2012,7,19,18,19.4,,,,,,,,965.3,,2.3,,31,0.3,30.9,0,0,0,0,,,,
KLO,2012,7,19,19,18.8,,,,,,,,965.3,,1.2,,2,0,2,0,0,0,0,,,,
KLO,2012,7,19,20,18.3,,,,,,,,965.7,,0.7,,0,0,0,0,0,0,0,,,,
KLO,2012,7,19,21,16.9,,,,,,,,965.7,,1.2,,0,0,0,0,0,0,0,,,,
KLO,2012,7,19,22,15.5,,,,,,,,965.7,,1.8,,0,0,0,0,0,0,0,,,,
KLO,2012,7,19,23,15.8,,,,,,,,965.9,,1.5,,0,0,0,0,0,0,0,,,,
KLO,2012,7,20,0,16.2,,,,,,,,965.7,,0.6,,0,0,0,0,0,0,0,,,,
KLO,2012,7,20,1,16.3,,,,,,,,965.4,,0.4,,0,0,0,0,0,0,0,,,,
KLO,2012,7,20,2,15.9,,,,,,,,965.3,,1.6,,0,0,0,0,0,0,0,,,,
KLO,2012,7,20,3,15.7,,,,,,,,965.4,,1.8,,0,0,0,0,0,0,0,,,,
KLO,2012,7,20,4,15.6,,,,,,,,965.7,,1.3,,4,0,0,0,0,0,0,,,,
KLO,2012,7,20,5,15.7,,,,,,,,965.9,,1.8,,27,0,0,0,0,0,0,,,,
KLO,2012,7,20,6,16.6,,,,,,,,966.1,,1.3,,136,0,0,0,0,0,0,,,,
KLO,2012,7,20,7,17.2,,,,,,,,966.3,,0.5,,218,1058.7,36,0,0,0,0,,,,
KLO,2012,7,20,8,18.6,,,,,,,,966.1,,0.7,,464,1152.4,76.6,0,0,0,0,,,,
KLO,2012,7,20,9,19.8,,,,,,,,965.8,,1.2,,670,1128.5,110.6,0,0,0,0,,,,
KLO,2012,7,20,10,19.7,,,,,,,,965.8,,3,,291,40.8,264.9,0,0,0,0,,,,
KLO,2012,7,20,11,19.1,,,,,,,,966,,3.3,,166,3.3,163.5,0,0,0,0,,,,
KLO,2012,7,20,12,19.6,,,,,,,,966.2,,3.4,,326,18.2,310.7,0,0,0,0,,,,
KLO,2012,7,20,13,19.7,,,,,,,,966.1,,2.9,,364,24.4,342.4,0,0,0,0,,,,
KLO,2012,7,20,14,19.7,,,,,,,,966,,2.9,,249,5.4,244.2,0,0,0,0,,,,
KLO,2012,7,20,15,18.3,,,,,,,,966.3,,3.1,,80,0.6,79.5,0,0,0,0,,,,
KLO,2012,7,20,16,16.5,,,,,,,,966.7,,1.3,,33,0.1,32.9,0,0,0,0,,,,
KLO,2012,7,20,17,14.7,,,,,,,,967.4,,2.7,,22,0.1,21.9,0,0,0,0,,,,
KLO,2012,7,20,18,14,,,,,,,,967.9,,1.1,,4,0,4,0,0,0,0,,,,
KLO,2012,7,20,19,13.7,,,,,,,,968.2,,1.1,,0,0,0,0,0,0,0,,,,
KLO,2012,7,20,20,13.7,,,,,,,,968.6,,1.4,,0,0,0,0,0,0,0,,,,
KLO,2012,7,20,21,13.8,,,,,,,,968.9,,1.8,,0,0,0,0,0,0,0,,,,
KLO,2012,7,20,22,13.8,,,,,,,,969.2,,1.4,,0,0,0,0,0,0,0,,,,
KLO,2012,7,20,23,13.7,,,,,,,,969.3,,1.4,,0,0,0,0,0,0,0,,,,
KLO,2012,7,21,0,13.5,,,,,,,,969,,1.2,,0,0,0,0,0,0,0,,,,
KLO,2012,7,21,1,13.6,,,,,,,,968.6,,0.9,,0,0,0,0,0,0,0,,,,
KLO,2012,7,21,2,13.7,,,,,,,,968.4,,0.4,,0,0,0,0,0,0,0,,,,
KLO,2012,7,21,3,13.8,,,,,,,,968.5,,0.3,,0,0,0,0,0,0,0,,,,
KLO,2012,7,21,4,13.8,,,,,,,,968.7,,0.2,,5,0,0,0,0,0,0,,,,
KLO,2012,7,21,5,13.9,,,,,,,,969,,0.8,,51,0,0,0,0,0,0,,,,
KLO,2012,7,21,6,14.2,,,,,,,,969.4,,1.7,,156,0,0,0,0,0,0,,,,
KLO,2012,7,21,7,15.3,,,,,,,,969.5,,2.1,,378,1863.4,62.4,0,0,0,0,,,,
KLO,2012,7,21,8,15.7,,,,,,,,969.4,,1.4,,363,907.9,59.9,0,0,0,0,,,,
KLO,2012,7,21,9,16.4,,,,,,,,969.3,,1.3,,396,461.5,168.2,0,0,0,0,,,,
KLO,2012,7,21,10,17.1,,,,,,,,969.2,,1.1,,441,270,268.9,0,0,0,0,,,,
KLO,2012,7,21,11,16.6,,,,,,,,969.2,,2,,175,3.7,172.2,0,0,0,0,,,,
KLO,2012,7,21,12,15.7,,,,,,,,969.6,,2.8,,270,7.9,263.4,0,0,0,0,,,,
KLO,2012,7,21,13,16.8,,,,,,,,969.9,,3.6,,394,36.8,361.5,0,0,0,0,,,,
KLO,2012,7,21,14,15.9,,,,,,,,970.3,,3.2,,175,2.7,172.6,0,0,0,0,,,,
KLO,2012,7,21,15,14.8,,,,,,,,971.1,,3.3,,165,2.6,162.8,0,0,0,0,,,,
KLO,2012,7,21,16,16,,,,,,,,971.4,,1.8,,368,54.4,326.5,0,0,0,0,,,,
KLO,2012,7,21,17,16.1,,,,,,,,971.7,,2.7,,295,41.2,268.4,0,0,0,0,,,,
KLO,2012,7,21,18,14.6,,,,,,,,972.1,,3.4,,26,0.2,25.9,0,0,0,0,,,,
KLO,2012,7,21,19,13.5,,,,,,,,973.1,,2.3,,1,0,1,0,0,0,0,,,,
KLO,2012,7,21,20,13.1,,,,,,,,973.5,,2.4,,0,0,0,0,0,0,0,,,,
KLO,2012,7,21,21,12.4,,,,,,,,973.9,,1.3,,0,0,0,0,0,0,0,,,,
KLO,2012,7,21,22,12.1,,,,,,,,974,,1.2,,0,0,0,0,0,0,0,,,,
KLO,2012,7,21,23,11.7,,,,,,,,973.9,,1.8,,0,0,0,0,0,0,0,,,,
KLO,2012,7,22,0,11.4,,,,,,,,973.8,,1.7,,0,0,0,0,0,0,0,,,,
KLO,2012,7,22,1,10,,,,,,,,973.6,,0.8,,0,0,0,0,0,0,0,,,,
KLO,2012,7,22,2,10.1,,,,,,,,973.8,,1.1,,0,0,0,0,0,0,0,,,,
KLO,2012,7,22,3,10.2,,,,,,,,974,,0.8,,0,0,0,0,0,0,0,,,,
KLO,2012,7,22,4,10,,,,,,,,974.2,,0.6,,10,0,0,0,0,0,0,,,,
KLO,2012,7,22,5,10.4,,,,,,,,974.5,,1.7,,52,0,0,0,0,0,0,,,,
KLO,2012,7,22,6,12.1,,,,,,,,974.8,,2.1,,211,0,0,0,0,0,0,,,,
KLO,2012,7,22,7,14.1,,,,,,,,975,,2.8,,508,2543.2,83.8,0,0,0,0,,,,
KLO,2012,7,22,8,14.4,,,,,,,,975.3,,3,,403,1015.3,66.5,0,0,0,0,,,,
KLO,2012,7,22,9,15.9,,,,,,,,975.2,,3.5,,607,1031.4,100.2,0,0,0,0,,,,
KLO,2012,7,22,10,17.7,,,,,,,,975.1,,5.5,,862,1132.8,142.2,0,0,0,0,,,,
KLO,2012,7,22,11,18.5,,,,,,,,974.9,,5.8,,839,929.7,138.4,0,0,0,0,,,,
KLO,2012,7,22,12,19.4,,,,,,,,974.8,,6.1,,826,801.7,154.4,0,0,0,0,,,,
KLO,2012,7,22,13,20.1,,,,,,,,974.7,,6.2,,910,860.2,151.3,0,0,0,0,,,,
KLO,2012,7,22,14,19.8,,,,,,,,974.5,,6.2,,724,494,287.5,0,0,0,0,,,,
KLO,2012,7,22,15,20,,,,,,,,974.4,,6.1,,633,367.9,323.1,0,0,0,0,,,,
KLO,2012,7,22,16,19.6,,,,,,,,974.4,,6,,407,89.1,339.2,0,0,0,0,,,,
KLO,2012,7,22,17,18.9,,,,,,,,974.6,,5.4,,266,24.8,250,0,0,0,0,,,,
KLO,2012,7,22,18,17.8,,,,,,,,974.8,,5.8,,108,3.1,106.4,0,0,0,0,,,,
KLO,2012,7,22,19,16.2,,,,,,,,975.1,,4.9,,8,0,8,0,0,0,0,,,,
KLO,2012,7,22,20,15.4,,,,,,,,975.3,,6.4,,0,0,0,0,0,0,0,,,,
KLO,2012,7,22,21,14.6,,,,,,,,975.4,,3.2,,0,0,0,0,0,0,0,,,,
KLO,2012,7,22,22,13.5,,,,,,,,975.4,,1.2,,0,0,0,0,0,0,0,,,,
KLO,2012,7,22,23,13.1,,,,,,,,975.3,,3.5,,0,0,0,0,0,0,0,,,,
KLO,2012,7,23,0,11.8,,,,,,,,975,,2.4,,0,0,0,0,0,0,0,,,,
KLO,2012,7,23,1,11.2,,,,,,,,974.7,,3.7,,0,0,0,0,0,0,0,,,,
KLO,2012,7,23,2,10.3,,,,,,,,974.4,,3.5,,0,0,0,0,0,0,0,,,,
KLO,2012,7,23,3,10.5,,,,,,,,974.3,,4,,0,0,0,0,0,0,0,,,,
KLO,2012,7,23,4,10.5,,,,,,,,974.4,,4.2,,17,0,0,0,0,0,0,,,,
KLO,2012,7,23,5,11.6,,,,,,,,974.5,,2.6,,146,0,0,0,0,0,0,,,,
KLO,2012,7,23,6,13.4,,,,,,,,974.1,,3.8,,322,0,0,0,0,0,0,,,,
KLO,2012,7,23,7,15.3,,,,,,,,973.7,,4.7,,505,2568.9,83.3,0,0,0,0,,,,
KLO,2012,7,23,8,16.6,,,,,,,,973.4,,7.8,,661,1677.7,109.1,0,0,0,0,,,,
KLO,2012,7,23,9,17.7,,,,,,,,973.2,,8.1,,789,1346.8,130.2,0,0,0,0,,,,
KLO,2012,7,23,10,19.3,,,,,,,,973,,8.4,,873,1150.9,144,0,0,0,0,,,,
KLO,2012,7,23,11,20.5,,,,,,,,972.4,,8.3,,915,1016.5,151,0,0,0,0,,,,
KLO,2012,7,23,12,21.5,,,,,,,,971.8,,6.8,,908,907,149.8,0,0,0,0,,,,
KLO,2012,7,23,13,22.3,,,,,,,,971.4,,7.4,,848,765.5,174.1,0,0,0,0,,,,
KLO,2012,7,23,14,22.9,,,,,,,,971,,6.5,,747,547.6,264,0,0,0,0,,,,
KLO,2012,7,23,15,22.9,,,,,,,,970.4,,7.2,,606,315.6,340.7,0,0,0,0,,,,
KLO,2012,7,23,16,22.6,,,,,,,,969.9,,7.1,,437,124.5,342.4,0,0,0,0,,,,
KLO,2012,7,23,17,22,,,,,,,,969.7,,6,,261,22.8,246.3,0,0,0,0,,,,
KLO,2012,7,23,18,21,,,,,,,,969.6,,5.3,,97,2.6,95.7,0,0,0,0,,,,
KLO,2012,7,23,19,19.7,,,,,,,,969.6,,4.8,,7,0,7,0,0,0,0,,,,
KLO,2012,7,23,20,18.9,,,,,,,,969.6,,5,,0,0,0,0,0,0,0,,,,
KLO,2012,7,23,21,18.1,,,,,,,,969.4,,3,,0,0,0,0,0,0,0,,,,
KLO,2012,7,23,22,15.8,,,,,,,,969.3,,2.6,,0,0,0,0,0,0,0,,,,
KLO,2012,7,23,23,14.5,,,,,,,,969.1,,2,,0,0,0,0,0,0,0,,,,
KLO,2012,7,24,0,12.8,,,,,,,,969,,2.7,,0,0,0,0,0,0,0,,,,
KLO,2012,7,24,1,12.8,,,,,,,,968.9,,2.3,,0,0,0,0,0,0,0,,,,
KLO,2012,7,24,2,12.2,,,,,,,,968.7,,1.7,,0,0,0,0,0,0,0,,,,
KLO,2012,7,24,3,11.7,,,,,,,,968.5,,1.1,,0,0,0,0,0,0,0,,,,
KLO,2012,7,24,4,11.5,,,,,,,,968.6,,0.4,,19,0,0,0,0,0,0,,,,
KLO,2012,7,24,5,13,,,,,,,,968.6,,0.6,,128,0,0,0,0,0,0,,,,
KLO,2012,7,24,6,15.2,,,,,,,,968.7,,0.9,,287,0,0,0,0,0,0,,,,
KLO,2012,7,24,7,16.9,,,,,,,,968.6,,0.6,,460,2378.9,75.9,0,0,0,0,,,,
KLO,2012,7,24,8,18.5,,,,,,,,968.2,,0.6,,620,1585.6,102.3,0,0,0,0,,,,
KLO,2012,7,24,9,20.1,,,,,,,,967.8,,1.1,,746,1279.4,123.1,0,0,0,0,,,,
KLO,2012,7,24,10,21.9,,,,,,,,967.5,,0.9,,841,1112.4,138.8,0,0,0,0,,,,
KLO,2012,7,24,11,23.1,,,,,,,,967.3,,1,,883,983.4,145.7,0,0,0,0,,,,
KLO,2012,7,24,12,24.7,,,,,,,,966.9,,0.9,,870,871.2,143.3,0,0,0,0,,,,
KLO,2012,7,24,13,25.5,,,,,,,,966.5,,1.6,,814,700.7,198.4,0,0,0,0,,,,
KLO,2012,7,24,14,26.3,,,,,,,,966.2,,1,,714,477.7,293.4,0,0,0,0,,,,
KLO,2012,7,24,15,26.9,,,,,,,,965.9,,1.9,,572,254.5,358.5,0,0,0,0,,,,
KLO,2012,7,24,16,26.6,,,,,,,,965.5,,2.6,,410,94.1,338.7,0,0,0,0,,,,
KLO,2012,7,24,17,26,,,,,,,,965.3,,2.4,,237,14.4,227.8,0,0,0,0,,,,
KLO,2012,7,24,18,25,,,,,,,,965.4,,1.8,,83,1.9,82.1,0,0,0,0,,,,
KLO,2012,7,24,19,22.2,,,,,,,,965.6,,1.3,,6,0,6,0,0,0,0,,,,
KLO,2012,7,24,20,19.9,,,,,,,,965.9,,1.4,,0,0,0,0,0,0,0,,,,
KLO,2012,7,24,21,18.5,,,,,,,,965.8,,1,,0,0,0,0,0,0,0,,,,
KLO,2012,7,24,22,18.3,,,,,,,,966,,1.3,,0,0,0,0,0,0,0,,,,
KLO,2012,7,24,23,17.5,,,,,,,,965.9,,1.3,,0,0,0,0,0,0,0,,,,
KLO,2012,7,25,0,16.8,,,,,,,,965.8,,1.2,,0,0,0,0,0,0,0,,,,
KLO,2012,7,25,1,16.5,,,,,,,,965.8,,1,,0,0,0,0,0,0,0,,,,
KLO,2012,7,25,2,16,,,,,,,,965.9,,0.6,,0,0,0,0,0,0,0,,,,
KLO,2012,7,25,3,15.1,,,,,,,,965.9,,0.6,,0,0,0,0,0,0,0,,,,
KLO,2012,7,25,4,14.9,,,,,,,,966.1,,0.4,,14,0,0,0,0,0,0,,,,
KLO,2012,7,25,5,16.3,,,,,,,,966.5,,0.3,,106,0,0,0,0,0,0,,,,
KLO,2012,7,25,6,18.6,,,,,,,,966.7,,0.4,,254,0,0,0,0,0,0,,,,
KLO,2012,7,25,7,20.8,,,,,,,,966.7,,1.2,,435,2288.3,71.8,0,0,0,0,,,,
KLO,2012,7,25,8,23,,,,,,,,966.6,,2.4,,593,1528.4,97.8,0,0,0,0,,,,
KLO,2012,7,25,9,24.6,,,,,,,,966.4,,2.5,,724,1247.6,119.5,0,0,0,0,,,,
KLO,2012,7,25,10,26.2,,,,,,,,966.2,,2.2,,817,1084.3,134.8,0,0,0,0,,,,
KLO,2012,7,25,11,27.3,,,,,,,,965.9,,1.6,,868,969.2,143.2,0,0,0,0,,,,
KLO,2012,7,25,12,28.2,,,,,,,,965.4,,1.4,,863,865.4,142.8,0,0,0,0,,,,
KLO,2012,7,25,13,28.4,,,,,,,,965.4,,1.5,,632,315.1,355.7,0,0,0,0,,,,
KLO,2012,7,25,14,26.6,,,,,,,,965.6,,3.1,,231,4.7,226.9,0,0,0,0,,,,
KLO,2012,7,25,15,26.5,,,,,,,,965.6,,1.4,,211,4.3,207.4,0,0,0,0,,,,
KLO,2012,7,25,16,24.4,,,,,,,,966.1,,2.9,,91,1,90.3,0,0,0,0,,,,
KLO,2012,7,25,17,23.5,,,,,,,,966,,1.8,,152,3.8,149.5,0,0,0,0,,,,
KLO,2012,7,25,18,23.1,,,,,,,,966.4,,1.2,,82,1.9,81.1,0,0,0,0,,,,
KLO,2012,7,25,19,21.1,,,,,,,,966.8,,0.8,,9,0,9,0,0,0,0,,,,
KLO,2012,7,25,20,20.2,,,,,,,,967.2,,0.6,,0,0,0,0,0,0,0,,,,
KLO,2012,7,25,21,19.3,,,,,,,,967.7,,1.3,,0,0,0,0,0,0,0,,,,
KLO,2012,7,25,22,18,,,,,,,,967.7,,0.6,,0,0,0,0,0,0,0,,,,
KLO,2012,7,25,23,16.7,,,,,,,,967.6,,1.2,,0,0,0,0,0,0,0,,,,
KLO,2012,7,26,0,16.9,,,,,,,,967.7,,1.3,,0,0,0,0,0,0,0,,,,
KLO,2012,7,26,1,16.4,,,,,,,,967.7,,0.6,,0,0,0,0,0,0,0,,,,
KLO,2012,7,26,2,15.8,,,,,,,,967.8,,0.3,,0,0,0,0,0,0,0,,,,
KLO,2012,7,26,3,15.4,,,,,,,,967.8,,0.6,,0,0,0,0,0,0,0,,,,
KLO,2012,7,26,4,14.4,,,,,,,,968.2,,1,,13,0,0,0,0,0,0,,,,
KLO,2012,7,26,5,16.2,,,,,,,,968.2,,0.6,,120,0,0,0,0,0,0,,,,
KLO,2012,7,26,6,18.7,,,,,,,,968.5,,1.4,,283,0,0,0,0,0,0,,,,
KLO,2012,7,26,7,20.8,,,,,,,,968.5,,0.5,,449,2403.8,74.1,0,0,0,0,,,,
KLO,2012,7,26,8,22,,,,,,,,968.4,,1,,608,1579.5,100.3,0,0,0,0,,,,
KLO,2012,7,26,9,24.4,,,,,,,,968.3,,2,,737,1276.2,121.6,0,0,0,0,,,,
KLO,2012,7,26,10,26.4,,,,,,,,968.2,,2.5,,831,1106.7,137.1,0,0,0,0,,,,
KLO,2012,7,26,11,28.2,,,,,,,,967.9,,2.4,,878,983,144.9,0,0,0,0,,,,
KLO,2012,7,26,12,28.9,,,,,,,,967.5,,2.2,,873,878.2,143.7,0,0,0,0,,,,
KLO,2012,7,26,13,29.9,,,,,,,,967.2,,2.5,,826,731.9,185.5,0,0,0,0,,,,
KLO,2012,7,26,14,30.5,,,,,,,,966.8,,2.5,,726,510.2,278.7,0,0,0,0,,,,
KLO,2012,7,26,15,30.5,,,,,,,,966.4,,2.7,,589,289.9,346.9,0,0,0,0,,,,
KLO,2012,7,26,16,30.2,,,,,,,,966.2,,2.4,,423,111.1,339.3,0,0,0,0,,,,
KLO,2012,7,26,17,29.3,,,,,,,,966,,2.4,,247,18.1,235.4,0,0,0,0,,,,
KLO,2012,7,26,18,27.8,,,,,,,,966.1,,2.1,,86,2.1,85,0,0,0,0,,,,
KLO,2012,7,26,19,23.5,,,,,,,,966.4,,0.8,,4,0,4,0,0,0,0,,,,
KLO,2012,7,26,20,20,,,,,,,,966.6,,1.5,,0,0,0,0,0,0,0,,,,
KLO,2012,7,26,21,18.8,,,,,,,,966.7,,0.6,,0,0,0,0,0,0,0,,,,
KLO,2012,7,26,22,17.3,,,,,,,,966.7,,1.1,,0,0,0,0,0,0,0,,,,
KLO,2012,7,26,23,16.7,,,,,,,,966.5,,0.6,,0,0,0,0,0,0,0,,,,
KLO,2012,7,27,0,16,,,,,,,,966.3,,0.9,,0,0,0,0,0,0,0,,,,
KLO,2012,7,27,1,15.8,,,,,,,,966.2,,0.8,,0,0,0,0,0,0,0,,,,
KLO,2012,7,27,2,15.8,,,,,,,,966.1,,0.5,,0,0,0,0,0,0,0,,,,
KLO,2012,7,27,3,15,,,,,,,,966.3,,0.6,,0,0,0,0,0,0,0,,,,
KLO,2012,7,27,4,15.3,,,,,,,,966.6,,0.6,,12,0,0,0,0,0,0,,,,
KLO,2012,7,27,5,16.3,,,,,,,,966.8,,0.7,,77,0,0,0,0,0,0,,,,
KLO,2012,7,27,6,18.9,,,,,,,,966.7,,0.5,,276,0,0,0,0,0,0,,,,
KLO,2012,7,27,7,21.8,,,,,,,,966.4,,0.6,,455,2480.6,75.1,0,0,0,0,,,,
KLO,2012,7,27,8,24.1,,,,,,,,966.4,,0.9,,607,1589.8,100.2,0,0,0,0,,,,
KLO,2012,7,27,9,25.9,,,,,,,,966,,1,,713,1240.7,117.6,0,0,0,0,,,,
KLO,2012,7,27,10,27.8,,,,,,,,965.5,,1.5,,807,1078.5,133.2,0,0,0,0,,,,
KLO,2012,7,27,11,29.5,,,,,,,,964.8,,1,,852,956.5,140.6,0,0,0,0,,,,
KLO,2012,7,27,12,30.8,,,,,,,,964,,1.1,,840,839.5,144.5,0,0,0,0,,,,
KLO,2012,7,27,13,31.9,,,,,,,,963.4,,1,,787,652.8,217,0,0,0,0,,,,
KLO,2012,7,27,14,32.5,,,,,,,,962.6,,1.7,,703,462.8,298.2,0,0,0,0,,,,
KLO,2012,7,27,15,32.6,,,,,,,,961.9,,1.5,,551,224.7,363.8,0,0,0,0,,,,
KLO,2012,7,27,16,32.1,,,,,,,,961.4,,1.7,,386,73.4,330.8,0,0,0,0,,,,
KLO,2012,7,27,17,31.3,,,,,,,,961,,1.9,,225,11.8,217.5,0,0,0,0,,,,
KLO,2012,7,27,18,29.5,,,,,,,,961.1,,1,,78,1.7,77.2,0,0,0,0,,,,
KLO,2012,7,27,19,26.9,,,,,,,,961.7,,5.1,,2,0,2,0,0,0,0,,,,
KLO,2012,7,27,20,24.1,,,,,,,,962.1,,6.7,,0,0,0,0,0,0,0,,,,
KLO,2012,7,27,21,23.3,,,,,,,,962.1,,4.4,,0,0,0,0,0,0,0,,,,
KLO,2012,7,27,22,21.3,,,,,,,,962.3,,2.3,,0,0,0,0,0,0,0,,,,
KLO,2012,7,27,23,20,,,,,,,,962.3,,1.7,,0,0,0,0,0,0,0,,,,
KLO,2012,7,28,0,19.6,,,,,,,,961.9,,1.8,,0,0,0,0,0,0,0,,,,
KLO,2012,7,28,1,18.9,,,,,,,,961.6,,1.5,,0,0,0,0,0,0,0,,,,
KLO,2012,7,28,2,17.7,,,,,,,,961.8,,1.6,,0,0,0,0,0,0,0,,,,
KLO,2012,7,28,3,19,,,,,,,,961.9,,2,,0,0,0,0,0,0,0,,,,
KLO,2012,7,28,4,19.3,,,,,,,,962.6,,1.3,,0,0,0,0,0,0,0,,,,
KLO,2012,7,28,5,19.3,,,,,,,,962.5,,1.6,,28,0,0,0,0,0,0,,,,
KLO,2012,7,28,6,19.9,,,,,,,,962.7,,1.2,,93,0,0,0,0,0,0,,,,
KLO,2012,7,28,7,20,,,,,,,,963,,2.1,,92,162.5,67.6,0,0,0,0,,,,
KLO,2012,7,28,8,21.1,,,,,,,,962.8,,2.5,,271,566.6,91.9,0,0,0,0,,,,
KLO,2012,7,28,9,22.6,,,,,,,,962.7,,1.8,,388,480,158.8,0,0,0,0,,,,
KLO,2012,7,28,10,23.5,,,,,,,,962.5,,2.2,,452,323.2,250.8,0,0,0,0,,,,
KLO,2012,7,28,11,24.8,,,,,,,,962.6,,3.6,,526,295.9,306.5,0,0,0,0,,,,
KLO,2012,7,28,12,24.9,,,,,,,,962.4,,3.5,,422,71.2,363.1,0,0,0,0,,,,
KLO,2012,7,28,13,21.7,,,,,,,,962.7,,3.5,,305,11.1,295.3,0,0,0,0,,,,
KLO,2012,7,28,14,22.1,,,,,,,,962.7,,2,,440,67,381.5,0,0,0,0,,,,
KLO,2012,7,28,15,22.8,,,,,,,,962.4,,1.6,,220,4.8,216,0,0,0,0,,,,
KLO,2012,7,28,16,22.4,,,,,,,,962.4,,2.5,,84,0.9,83.4,0,0,0,0,,,,
KLO,2012,7,28,17,21.9,,,,,,,,962.6,,2.8,,45,0.3,44.8,0,0,0,0,,,,
KLO,2012,7,28,18,19.9,,,,,,,,963.1,,1.9,,13,0,13,0,0,0,0,,,,
KLO,2012,7,28,19,19.2,,,,,,,,963,,3,,0,0,0,0,0,0,0,,,,
KLO,2012,7,28,20,19,,,,,,,,963.5,,1.5,,0,0,0,0,0,0,0,,,,
KLO,2012,7,28,21,18.6,,,,,,,,963.4,,2.8,,0,0,0,0,0,0,0,,,,
KLO,2012,7,28,22,18.4,,,,,,,,963.1,,1.8,,0,0,0,0,0,0,0,,,,
KLO,2012,7,28,23,18.3,,,,,,,,963.2,,1.8,,0,0,0,0,0,0,0,,,,
KLO,2012,7,29,0,17.8,,,,,,,,962.9,,1.8,,0,0,0,0,0,0,0,,,,
KLO,2012,7,29,1,17.6,,,,,,,,962.7,,1,,0,0,0,0,0,0,0,,,,
KLO,2012,7,29,2,17.3,,,,,,,,962.7,,1.4,,0,0,0,0,0,0,0,,,,
KLO,2012,7,29,3,17.7,,,,,,,,963,,0.7,,0,0,0,0,0,0,0,,,,
KLO,2012,7,29,4,17.9,,,,,,,,963.3,,0.8,,2,0,0,0,0,0,0,,,,
KLO,2012,7,29,5,18,,,,,,,,963.7,,0.9,,44,0,0,0,0,0,0,,,,
KLO,2012,7,29,6,17.9,,,,,,,,964.2,,1.9,,33,0,0,0,0,0,0,,,,
KLO,2012,7,29,7,17.7,,,,,,,,964.9,,1.6,,89,153,66.4,0,0,0,0,,,,
KLO,2012,7,29,8,17.5,,,,,,,,965.5,,2.5,,123,19.2,117,0,0,0,0,,,,
KLO,2012,7,29,9,17.8,,,,,,,,965.8,,2.3,,210,35,193.4,0,0,0,0,,,,
KLO,2012,7,29,10,18.2,,,,,,,,966.2,,3.2,,205,8.7,199.6,0,0,0,0,,,,
KLO,2012,7,29,11,18.1,,,,,,,,966.6,,3.6,,154,2.9,151.8,0,0,0,0,,,,
KLO,2012,7,29,12,18.3,,,,,,,,966.9,,2.5,,307,14.8,294.8,0,0,0,0,,,,
KLO,2012,7,29,13,18.2,,,,,,,,967.1,,2.4,,186,3.1,183.3,0,0,0,0,,,,
KLO,2012,7,29,14,18.7,,,,,,,,967.2,,1.6,,294,9.5,285.7,0,0,0,0,,,,
KLO,2012,7,29,15,18.9,,,,,,,,967.2,,2,,247,6.2,241.9,0,0,0,0,,,,
KLO,2012,7,29,16,18.8,,,,,,,,967.3,,2.6,,124,1.9,122.6,0,0,0,0,,,,
KLO,2012,7,29,17,18.4,,,,,,,,967.4,,2,,86,1.3,85.2,0,0,0,0,,,,
KLO,2012,7,29,18,18.2,,,,,,,,967.8,,1.6,,48,0.7,47.7,0,0,0,0,,,,
KLO,2012,7,29,19,17.4,,,,,,,,968.3,,1,,3,0,3,0,0,0,0,,,,
KLO,2012,7,29,20,16.1,,,,,,,,968.8,,1.6,,0,0,0,0,0,0,0,,,,
KLO,2012,7,29,21,15.4,,,,,,,,968.8,,1,,0,0,0,0,0,0,0,,,,
KLO,2012,7,29,22,13.9,,,,,,,,968.8,,0.6,,0,0,0,0,0,0,0,,,,
KLO,2012,7,29,23,12.5,,,,,,,,968.9,,1.4,,0,0,0,0,0,0,0,,,,
KLO,2012,7,30,0,12.3,,,,,,,,968.7,,1.4,,0,0,0,0,0,0,0,,,,
KLO,2012,7,30,1,11.8,,,,,,,,968.8,,1.2,,0,0,0,0,0,0,0,,,,
KLO,2012,7,30,2,12,,,,,,,,968.9,,0.6,,0,0,0,0,0,0,0,,,,
KLO,2012,7,30,3,12.9,,,,,,,,969.1,,0.5,,0,0,0,0,0,0,0,,,,
KLO,2012,7,30,4,13.3,,,,,,,,969.6,,1,,8,0,0,0,0,0,0,,,,
KLO,2012,7,30,5,13.8,,,,,,,,969.9,,0.7,,81,0,0,0,0,0,0,,,,
KLO,2012,7,30,6,15.8,,,,,,,,970.3,,0.8,,247,0,0,0,0,0,0,,,,
KLO,2012,7,30,7,17.4,,,,,,,,970.3,,1.9,,371,2143.8,61.2,0,0,0,0,,,,
KLO,2012,7,30,8,18.8,,,,,,,,970.3,,3.9,,535,1437.5,88.3,0,0,0,0,,,,
KLO,2012,7,30,9,18.8,,,,,,,,970.5,,3.6,,432,676.9,112.2,0,0,0,0,,,,
KLO,2012,7,30,10,20,,,,,,,,970.1,,2.6,,728,983.6,120.1,0,0,0,0,,,,
KLO,2012,7,30,11,20.7,,,,,,,,969.6,,2.4,,773,875.8,127.2,0,0,0,0,,,,
KLO,2012,7,30,12,21.7,,,,,,,,969.3,,2.5,,791,761.9,164.4,0,0,0,0,,,,
KLO,2012,7,30,13,22.2,,,,,,,,969.1,,2.5,,784,657.3,214,0,0,0,0,,,,
KLO,2012,7,30,14,22.6,,,,,,,,968.8,,2.1,,698,461.7,296.9,0,0,0,0,,,,
KLO,2012,7,30,15,23.2,,,,,,,,968.7,,2.2,,597,316,335.7,0,0,0,0,,,,
KLO,2012,7,30,16,22.9,,,,,,,,968.7,,2.3,,412,103.6,334.9,0,0,0,0,,,,
KLO,2012,7,30,17,21.6,,,,,,,,968.6,,2.8,,199,7.5,194.3,0,0,0,0,,,,
KLO,2012,7,30,18,19.9,,,,,,,,968.6,,2.1,,58,1,57.5,0,0,0,0,,,,
KLO,2012,7,30,19,18.1,,,,,,,,969,,1.4,,4,0,4,0,0,0,0,,,,
KLO,2012,7,30,20,16.8,,,,,,,,969.4,,1,,0,0,0,0,0,0,0,,,,
KLO,2012,7,30,21,16,,,,,,,,969.6,,0.6,,0,0,0,0,0,0,0,,,,
KLO,2012,7,30,22,15,,,,,,,,969.7,,0.6,,0,0,0,0,0,0,0,,,,
KLO,2012,7,30,23,14.9,,,,,,,,969.7,,0.5,,0,0,0,0,0,0,0,,,,
KLO,2012,7,31,0,14.2,,,,,,,,969.6,,0.3,,0,0,0,0,0,0,0,,,,
KLO,2012,7,31,1,13.7,,,,,,,,969.5,,0.5,,0,0,0,0,0,0,0,,,,
KLO,2012,7,31,2,13.8,,,,,,,,969.4,,0.4,,0,0,0,0,0,0,0,,,,
KLO,2012,7,31,3,13.3,,,,,,,,969.4,,1,,0,0,0,0,0,0,0,,,,
KLO,2012,7,31,4,13.4,,,,,,,,969.7,,1,,5,0,0,0,0,0,0,,,,
KLO,2012,7,31,5,14.2,,,,,,,,969.9,,0.7,,71,0,0,0,0,0,0,,,,
KLO,2012,7,31,6,15.7,,,,,,,,970.1,,0.7,,267,0,0,0,0,0,0,,,,
KLO,2012,7,31,7,17.4,,,,,,,,970.1,,1,,368,2170.9,60.7,0,0,0,0,,,,
KLO,2012,7,31,8,18.6,,,,,,,,970,,0.9,,319,863.9,52.9,0,0,0,0,,,,
KLO,2012,7,31,9,20.5,,,,,,,,969.9,,0.6,,681,1210.1,112.4,0,0,0,0,,,,
KLO,2012,7,31,10,22.5,,,,,,,,969.8,,1.5,,838,1136.6,138.3,0,0,0,0,,,,
KLO,2012,7,31,11,23.5,,,,,,,,969.6,,1.7,,892,1013.1,147.2,0,0,0,0,,,,
KLO,2012,7,31,12,24.1,,,,,,,,969.4,,1.9,,779,740.9,171.2,0,0,0,0,,,,
KLO,2012,7,31,13,24.7,,,,,,,,969.2,,2.7,,811,719.2,188.8,0,0,0,0,,,,
KLO,2012,7,31,14,24.8,,,,,,,,968.9,,2.9,,648,359.5,336.4,0,0,0,0,,,,
KLO,2012,7,31,15,25,,,,,,,,968.6,,2.8,,558,245.6,355.4,0,0,0,0,,,,
KLO,2012,7,31,16,24.7,,,,,,,,968.4,,2.2,,419,113.4,334.8,0,0,0,0,,,,
KLO,2012,7,31,17,24.1,,,,,,,,968.2,,2.1,,233,14.9,223.7,0,0,0,0,,,,
KLO,2012,7,31,18,22.6,,,,,,,,968.1,,2.5,,64,1.2,63.4,0,0,0,0,,,,
KLO,2012,7,31,19,20.2,,,,,,,,968.3,,0.8,,4,0,4,0,0,0,0,,,,
KLO,2012,7,31,20,17.7,,,,,,,,968.5,,0.8,,0,0,0,0,0,0,0,,,,
KLO,2012,7,31,21,16.5,,,,,,,,968.5,,1.1,,0,0,0,0,0,0,0,,,,
KLO,2012,7,31,22,15.6,,,,,,,,968.3,,1.9,,0,0,0,0,0,0,0,,,,
KLO,2012,7,31,23,15.1,,,,,,,,968.1,,1.7,,0,0,0,0,0,0,0,,,,
KLO,2012,8,1,0,14.6,,,,,,,,967.9,,0.9,,0,0,0,0,0,0,0,,,,
KLO,2012,8,1,1,14.2,,,,,,,,967.7,,1.2,,0,0,0,0,0,0,0,,,,
KLO,2012,8,1,2,13.7,,,,,,,,967.5,,1.2,,0,0,0,0,0,0,0,,,,
KLO,2012,8,1,3,13.3,,,,,,,,967.4,,0.9,,0,0,0,0,0,0,0,,,,
KLO,2012,8,1,4,13,,,,,,,,967.3,,0.8,,9,0,0,0,0,0,0,,,,
KLO,2012,8,1,5,14.3,,,,,,,,967.3,,0.5,,115,0,0,0,0,0,0,,,,
KLO,2012,8,1,6,16.6,,,,,,,,967.3,,0.7,,288,0,0,0,0,0,0,,,,
KLO,2012,8,1,7,18.9,,,,,,,,966.8,,1.3,,465,2802.4,76.7,0,0,0,0,,,,
KLO,2012,8,1,8,21,,,,,,,,966.4,,1.4,,628,1717.9,103.6,0,0,0,0,,,,
KLO,2012,8,1,9,22.9,,,,,,,,966.1,,1.1,,757,1352.5,124.9,0,0,0,0,,,,
KLO,2012,8,1,10,24.2,,,,,,,,965.6,,0.6,,840,1143.7,138.6,0,0,0,0,,,,
KLO,2012,8,1,11,26,,,,,,,,965.1,,1.2,,890,1014,146.8,0,0,0,0,,,,
KLO,2012,8,1,12,27.2,,,,,,,,964.5,,1,,887,905.3,146.4,0,0,0,0,,,,
KLO,2012,8,1,13,28.6,,,,,,,,964,,0.9,,827,755.6,175,0,0,0,0,,,,
KLO,2012,8,1,14,29.5,,,,,,,,963.4,,1,,729,538.3,263.7,0,0,0,0,,,,
KLO,2012,8,1,15,30,,,,,,,,963,,1.2,,578,284.9,343.7,0,0,0,0,,,,
KLO,2012,8,1,16,29.6,,,,,,,,962.4,,1.3,,311,27.1,291,0,0,0,0,,,,
KLO,2012,8,1,17,28.2,,,,,,,,962,,2.6,,169,5,165.9,0,0,0,0,,,,
KLO,2012,8,1,18,26.6,,,,,,,,961.8,,1.7,,51,0.8,50.6,0,0,0,0,,,,
KLO,2012,8,1,19,24.2,,,,,,,,962.1,,0.8,,3,0,3,0,0,0,0,,,,
KLO,2012,8,1,20,21.1,,,,,,,,962.2,,1.8,,0,0,0,0,0,0,0,,,,
KLO,2012,8,1,21,20.5,,,,,,,,962.6,,1.2,,0,0,0,0,0,0,0,,,,
KLO,2012,8,1,22,20.3,,,,,,,,964,,4.2,,0,0,0,0,0,0,0,,,,
KLO,2012,8,1,23,19.6,,,,,,,,966,,1.7,,0,0,0,0,0,0,0,,,,
KLO,2012,8,2,0,19.5,,,,,,,,966.4,,1.2,,0,0,0,0,0,0,0,,,,
KLO,2012,8,2,1,17.7,,,,,,,,965.8,,1,,0,0,0,0,0,0,0,,,,
KLO,2012,8,2,2,17,,,,,,,,965.4,,0.8,,0,0,0,0,0,0,0,,,,
KLO,2012,8,2,3,16.9,,,,,,,,965.4,,1.1,,0,0,0,0,0,0,0,,,,
KLO,2012,8,2,4,16.6,,,,,,,,965.2,,1.1,,14,0,0,0,0,0,0,,,,
KLO,2012,8,2,5,18.2,,,,,,,,965.6,,1.5,,102,0,0,0,0,0,0,,,,
KLO,2012,8,2,6,19.9,,,,,,,,966,,2.5,,201,0,0,0,0,0,0,,,,
KLO,2012,8,2,7,21.2,,,,,,,,966.5,,2.5,,381,2347.4,62.9,0,0,0,0,,,,
KLO,2012,8,2,8,22.2,,,,,,,,966.6,,2.2,,580,1601.4,95.7,0,0,0,0,,,,
KLO,2012,8,2,9,23,,,,,,,,966.9,,3.1,,622,1117.5,102.6,0,0,0,0,,,,
KLO,2012,8,2,10,23.5,,,,,,,,966.9,,3.8,,807,1103.1,133.2,0,0,0,0,,,,
KLO,2012,8,2,11,23.9,,,,,,,,966.7,,3.5,,849,970.3,140.1,0,0,0,0,,,,
KLO,2012,8,2,12,24.5,,,,,,,,966.3,,2.4,,821,828.9,144.7,0,0,0,0,,,,
KLO,2012,8,2,13,25.4,,,,,,,,966.2,,2.6,,837,778.6,166.8,0,0,0,0,,,,
KLO,2012,8,2,14,25.6,,,,,,,,966.1,,3,,713,506.1,276.6,0,0,0,0,,,,
KLO,2012,8,2,15,25.8,,,,,,,,965.8,,3.8,,540,219.9,359.7,0,0,0,0,,,,
KLO,2012,8,2,16,25.2,,,,,,,,965.7,,3.2,,333,38.8,304.4,0,0,0,0,,,,
KLO,2012,8,2,17,24.5,,,,,,,,965.5,,3.3,,218,11.4,211,0,0,0,0,,,,
KLO,2012,8,2,18,23.2,,,,,,,,965.9,,2.6,,62,1.2,61.5,0,0,0,0,,,,
KLO,2012,8,2,19,21.5,,,,,,,,965.9,,2.3,,1,0,1,0,0,0,0,,,,
KLO,2012,8,2,20,20.4,,,,,,,,966.8,,2.9,,0,0,0,0,0,0,0,,,,
KLO,2012,8,2,21,19,,,,,,,,967.8,,1.3,,0,0,0,0,0,0,0,,,,
KLO,2012,8,2,22,18.6,,,,,,,,967.9,,0.8,,0,0,0,0,0,0,0,,,,
KLO,2012,8,2,23,18.5,,,,,,,,968.2,,1,,0,0,0,0,0,0,0,,,,
KLO,2012,8,3,0,18.3,,,,,,,,968.2,,0.7,,0,0,0,0,0,0,0,,,,
KLO,2012,8,3,1,17.7,,,,,,,,968.1,,0.7,,0,0,0,0,0,0,0,,,,
KLO,2012,8,3,2,17.9,,,,,,,,968,,1.1,,0,0,0,0,0,0,0,,,,
KLO,2012,8,3,3,17.9,,,,,,,,968.1,,0.9,,0,0,0,0,0,0,0,,,,
KLO,2012,8,3,4,17.6,,,,,,,,968.2,,0.9,,4,0,0,0,0,0,0,,,,
KLO,2012,8,3,5,17.8,,,,,,,,968.3,,0.7,,27,0,0,0,0,0,0,,,,
KLO,2012,8,3,6,18.1,,,,,,,,968.6,,1,,65,0,0,0,0,0,0,,,,
KLO,2012,8,3,7,19,,,,,,,,968.7,,0.5,,312,1966.7,51.5,0,0,0,0,,,,
KLO,2012,8,3,8,20.3,,,,,,,,968.7,,0.7,,439,1223.6,72.4,0,0,0,0,,,,
KLO,2012,8,3,9,21.4,,,,,,,,968.7,,1.8,,615,1111.3,101.5,0,0,0,0,,,,
KLO,2012,8,3,10,22.6,,,,,,,,968.4,,1.9,,648,889.4,106.9,0,0,0,0,,,,
KLO,2012,8,3,11,23.2,,,,,,,,968,,1.5,,782,896.6,129,0,0,0,0,,,,
KLO,2012,8,3,12,23.7,,,,,,,,967.5,,1.7,,783,761.9,163.1,0,0,0,0,,,,
KLO,2012,8,3,13,24.4,,,,,,,,967.1,,1.2,,800,708.3,191.9,0,0,0,0,,,,
KLO,2012,8,3,14,24.9,,,,,,,,966.8,,1.1,,586,252.2,369.1,0,0,0,0,,,,
KLO,2012,8,3,15,24.3,,,,,,,,966.6,,1.4,,244,6.2,238.9,0,0,0,0,,,,
KLO,2012,8,3,16,24.1,,,,,,,,966.5,,2.3,,202,5.1,198.2,0,0,0,0,,,,
KLO,2012,8,3,17,23.4,,,,,,,,966.5,,1.8,,116,2.4,114.5,0,0,0,0,,,,
KLO,2012,8,3,18,22.3,,,,,,,,966.5,,1.7,,42,0.5,41.7,0,0,0,0,,,,
KLO,2012,8,3,19,21.1,,,,,,,,966.9,,2.4,,1,0,1,0,0,0,0,,,,
KLO,2012,8,3,20,20.6,,,,,,,,967.3,,1.1,,0,0,0,0,0,0,0,,,,
KLO,2012,8,3,21,20.1,,,,,,,,967.4,,1.6,,0,0,0,0,0,0,0,,,,
KLO,2012,8,3,22,18.6,,,,,,,,967.5,,1.7,,0,0,0,0,0,0,0,,,,
KLO,2012,8,3,23,16.7,,,,,,,,967.4,,0.7,,0,0,0,0,0,0,0,,,,
KLO,2012,8,4,0,15.7,,,,,,,,967.1,,0.7,,0,0,0,0,0,0,0,,,,
KLO,2012,8,4,1,15.2,,,,,,,,966.9,,0.6,,0,0,0,0,0,0,0,,,,
KLO,2012,8,4,2,15.3,,,,,,,,966.7,,0.5,,0,0,0,0,0,0,0,,,,
KLO,2012,8,4,3,15.8,,,,,,,,966.5,,0.2,,0,0,0,0,0,0,0,,,,
KLO,2012,8,4,4,15.8,,,,,,,,966.5,,0.8,,6,0,0,0,0,0,0,,,,
KLO,2012,8,4,5,16.2,,,,,,,,966.4,,1,,42,0,0,0,0,0,0,,,,
KLO,2012,8,4,6,17.5,,,,,,,,966.5,,1.1,,195,0,0,0,0,0,0,,,,
KLO,2012,8,4,7,19.2,,,,,,,,966.6,,1.2,,327,2110.5,54,0,0,0,0,,,,
KLO,2012,8,4,8,20.9,,,,,,,,966.4,,0.9,,591,1663.3,97.5,0,0,0,0,,,,
KLO,2012,8,4,9,22.1,,,,,,,,966.1,,0.8,,700,1272.2,115.5,0,0,0,0,,,,
KLO,2012,8,4,10,23.2,,,,,,,,965.7,,0.8,,832,1146.6,137.3,0,0,0,0,,,,
KLO,2012,8,4,11,24.6,,,,,,,,965.3,,1,,938,1079,154.8,0,0,0,0,,,,
KLO,2012,8,4,12,24.8,,,,,,,,965,,1.5,,625,398.8,301.5,0,0,0,0,,,,
KLO,2012,8,4,13,25.6,,,,,,,,964.4,,1.5,,821,755.8,173.9,0,0,0,0,,,,
KLO,2012,8,4,14,26.4,,,,,,,,963.8,,1.6,,681,442.8,301.3,0,0,0,0,,,,
KLO,2012,8,4,15,26.5,,,,,,,,963.3,,1.4,,566,271.3,344.9,0,0,0,0,,,,
KLO,2012,8,4,16,25.6,,,,,,,,962.8,,2.7,,291,20.4,276.1,0,0,0,0,,,,
KLO,2012,8,4,17,25.3,,,,,,,,962.6,,2.6,,183,6.2,179.2,0,0,0,0,,,,
KLO,2012,8,4,18,24,,,,,,,,962.7,,2,,42,0.5,41.7,0,0,0,0,,,,
KLO,2012,8,4,19,22.2,,,,,,,,962.6,,2,,1,0,1,0,0,0,0,,,,
KLO,2012,8,4,20,21,,,,,,,,962.4,,1.7,,0,0,0,0,0,0,0,,,,
KLO,2012,8,4,21,20.2,,,,,,,,962.8,,1.2,,0,0,0,0,0,0,0,,,,
KLO,2012,8,4,22,19.1,,,,,,,,964.4,,3.6,,0,0,0,0,0,0,0,,,,
KLO,2012,8,4,23,18.2,,,,,,,,963.2,,2.6,,0,0,0,0,0,0,0,,,,
KLO,2012,8,5,0,18.1,,,,,,,,963.5,,1.7,,0,0,0,0,0,0,0,,,,
KLO,2012,8,5,1,18.3,,,,,,,,963.9,,2,,0,0,0,0,0,0,0,,,,
KLO,2012,8,5,2,18.3,,,,,,,,964.2,,1.2,,0,0,0,0,0,0,0,,,,
KLO,2012,8,5,3,18.1,,,,,,,,963.3,,3.2,,0,0,0,0,0,0,0,,,,
KLO,2012,8,5,4,18,,,,,,,,962.5,,1.6,,4,0,0,0,0,0,0,,,,
KLO,2012,8,5,5,17.9,,,,,,,,962.3,,1.8,,39,0,0,0,0,0,0,,,,
KLO,2012,8,5,6,18.3,,,,,,,,962.8,,1.9,,198,0,0,0,0,0,0,,,,
KLO,2012,8,5,7,19.2,,,,,,,,963.1,,1.1,,363,2400.8,59.9,0,0,0,0,,,,
KLO,2012,8,5,8,19.8,,,,,,,,963.7,,2.2,,286,779.8,56.9,0,0,0,0,,,,
KLO,2012,8,5,9,20.9,,,,,,,,963.8,,2.5,,583,1065.8,96.2,0,0,0,0,,,,
KLO,2012,8,5,10,21.8,,,,,,,,963.6,,2.5,,566,719,132.2,0,0,0,0,,,,
KLO,2012,8,5,11,21.3,,,,,,,,963.3,,3.2,,331,41.2,301.2,0,0,0,0,,,,
KLO,2012,8,5,12,22,,,,,,,,962.9,,1.8,,670,507.7,259.3,0,0,0,0,,,,
KLO,2012,8,5,13,23.3,,,,,,,,962.5,,1.3,,719,534.7,262.5,0,0,0,0,,,,
KLO,2012,8,5,14,23.5,,,,,,,,961.9,,0.8,,515,150.5,386.3,0,0,0,0,,,,
KLO,2012,8,5,15,24.2,,,,,,,,961,,2,,507,175.3,364.6,0,0,0,0,,,,
KLO,2012,8,5,16,24.8,,,,,,,,960.2,,2.3,,419,122.3,329.8,0,0,0,0,,,,
KLO,2012,8,5,17,24.3,,,,,,,,959.5,,3.4,,226,14.3,217.3,0,0,0,0,,,,
KLO,2012,8,5,18,22.8,,,,,,,,959.3,,2,,32,0.3,31.9,0,0,0,0,,,,
KLO,2012,8,5,19,21.5,,,,,,,,959.7,,1.3,,0,0,0,0,0,0,0,,,,
KLO,2012,8,5,20,21,,,,,,,,959.1,,2.9,,0,0,0,0,0,0,0,,,,
KLO,2012,8,5,21,19.7,,,,,,,,961.8,,5.8,,0,0,0,0,0,0,0,,,,
KLO,2012,8,5,22,17.3,,,,,,,,963.4,,3.4,,0,0,0,0,0,0,0,,,,
KLO,2012,8,5,23,17.1,,,,,,,,963.9,,2.4,,0,0,0,0,0,0,0,,,,
KLO,2012,8,6,0,17.3,,,,,,,,963.9,,1.5,,0,0,0,0,0,0,0,,,,
KLO,2012,8,6,1,17.5,,,,,,,,964.1,,1.4,,0,0,0,0,0,0,0,,,,
KLO,2012,8,6,2,17.5,,,,,,,,963.9,,1.9,,0,0,0,0,0,0,0,,,,
KLO,2012,8,6,3,17.3,,,,,,,,964,,0.9,,0,0,0,0,0,0,0,,,,
KLO,2012,8,6,4,17.1,,,,,,,,964.1,,1.4,,1,0,0,0,0,0,0,,,,
KLO,2012,8,6,5,17.2,,,,,,,,964.4,,1.4,,16,0,0,0,0,0,0,,,,
KLO,2012,8,6,6,17.4,,,,,,,,964.7,,1,,35,0,0,0,0,0,0,,,,
KLO,2012,8,6,7,17.9,,,,,,,,965.1,,1.2,,52,27.6,48.6,0,0,0,0,,,,
KLO,2012,8,6,8,18.5,,,,,,,,965.5,,2.4,,251,575.4,83.6,0,0,0,0,,,,
KLO,2012,8,6,9,19.3,,,,,,,,965.6,,1.3,,556,1022.6,91.7,0,0,0,0,,,,
KLO,2012,8,6,10,19.7,,,,,,,,965.5,,2.3,,398,224.5,263.1,0,0,0,0,,,,
KLO,2012,8,6,11,16.8,,,,,,,,966.3,,5.7,,83,0.9,82.4,0,0,0,0,,,,
KLO,2012,8,6,12,15.5,,,,,,,,966.9,,3.8,,92,0.9,91.3,0,0,0,0,,,,
KLO,2012,8,6,13,16.2,,,,,,,,967.4,,1.8,,179,3,176.4,0,0,0,0,,,,
KLO,2012,8,6,14,16.4,,,,,,,,967.6,,2.7,,124,1.4,122.8,0,0,0,0,,,,
KLO,2012,8,6,15,15.8,,,,,,,,968.4,,2.9,,42,0.2,41.9,0,0,0,0,,,,
KLO,2012,8,6,16,15.3,,,,,,,,969,,2,,41,0.2,40.8,0,0,0,0,,,,
KLO,2012,8,6,17,16.2,,,,,,,,969.6,,3.9,,262,30.6,243.4,0,0,0,0,,,,
KLO,2012,8,6,18,15.6,,,,,,,,970,,4.1,,71,1.6,70.3,0,0,0,0,,,,
KLO,2012,8,6,19,14.8,,,,,,,,970.7,,3.3,,1,0,1,0,0,0,0,,,,
KLO,2012,8,6,20,14.5,,,,,,,,971.1,,3.3,,0,0,0,0,0,0,0,,,,
KLO,2012,8,6,21,14.1,,,,,,,,971.5,,2.7,,0,0,0,0,0,0,0,,,,
KLO,2012,8,6,22,13.8,,,,,,,,971.9,,1.3,,0,0,0,0,0,0,0,,,,
KLO,2012,8,6,23,13.2,,,,,,,,972.1,,1.4,,0,0,0,0,0,0,0,,,,
KLO,2012,8,7,0,12.5,,,,,,,,972.3,,1.1,,0,0,0,0,0,0,0,,,,
KLO,2012,8,7,1,11.8,,,,,,,,972.3,,1.3,,0,0,0,0,0,0,0,,,,
KLO,2012,8,7,2,11.8,,,,,,,,972.4,,1.7,,0,0,0,0,0,0,0,,,,
KLO,2012,8,7,3,12.2,,,,,,,,972.6,,1.4,,0,0,0,0,0,0,0,,,,
KLO,2012,8,7,4,12.6,,,,,,,,972.8,,1,,4,0,0,0,0,0,0,,,,
KLO,2012,8,7,5,13.3,,,,,,,,973.2,,1.1,,51,0,0,0,0,0,0,,,,
KLO,2012,8,7,6,15.2,,,,,,,,973.5,,1.7,,248,0,0,0,0,0,0,,,,
KLO,2012,8,7,7,17.2,,,,,,,,973.7,,1.2,,448,3119.5,73.9,0,0,0,0,,,,
KLO,2012,8,7,8,18.7,,,,,,,,973.6,,2,,521,1511.3,86,0,0,0,0,,,,
KLO,2012,8,7,9,19.9,,,,,,,,973.7,,2.8,,704,1302.8,116.2,0,0,0,0,,,,
KLO,2012,8,7,10,20.4,,,,,,,,973.8,,3.7,,849,1185.1,140.1,0,0,0,0,,,,
KLO,2012,8,7,11,20.2,,,,,,,,973.8,,5.3,,788,915.7,130,0,0,0,0,,,,
KLO,2012,8,7,12,21.1,,,,,,,,973.5,,4.7,,922,957.5,152.1,0,0,0,0,,,,
KLO,2012,8,7,13,21.7,,,,,,,,973.4,,4.7,,875,858.2,146.4,0,0,0,0,,,,
KLO,2012,8,7,14,21.8,,,,,,,,973.4,,4.1,,726,557.7,252,0,0,0,0,,,,
KLO,2012,8,7,15,21.6,,,,,,,,973.3,,3.9,,427,83.4,359.7,0,0,0,0,,,,
KLO,2012,8,7,16,21.6,,,,,,,,973.2,,3.8,,373,73.9,319.5,0,0,0,0,,,,
KLO,2012,8,7,17,20.8,,,,,,,,973.1,,2.7,,223,14.1,214.5,0,0,0,0,,,,
KLO,2012,8,7,18,19.1,,,,,,,,973.3,,1.9,,57,1,56.5,0,0,0,0,,,,
KLO,2012,8,7,19,16.8,,,,,,,,973.9,,1.1,,1,0,1,0,0,0,0,,,,
KLO,2012,8,7,20,15.4,,,,,,,,974.3,,0.6,,0,0,0,0,0,0,0,,,,
KLO,2012,8,7,21,15.8,,,,,,,,974.3,,2,,0,0,0,0,0,0,0,,,,
KLO,2012,8,7,22,16.1,,,,,,,,974.3,,0.7,,0,0,0,0,0,0,0,,,,
KLO,2012,8,7,23,15.7,,,,,,,,974.2,,1.3,,0,0,0,0,0,0,0,,,,
KLO,2012,8,8,0,15,,,,,,,,974.1,,1.6,,0,0,0,0,0,0,0,,,,
KLO,2012,8,8,1,14.4,,,,,,,,974,,1.5,,0,0,0,0,0,0,0,,,,
KLO,2012,8,8,2,13.7,,,,,,,,974.1,,1.7,,0,0,0,0,0,0,0,,,,
KLO,2012,8,8,3,13.6,,,,,,,,974.2,,1.7,,0,0,0,0,0,0,0,,,,
KLO,2012,8,8,4,13,,,,,,,,974.3,,1.8,,5,0,0,0,0,0,0,,,,
KLO,2012,8,8,5,13.6,,,,,,,,974.4,,2.7,,94,0,0,0,0,0,0,,,,
KLO,2012,8,8,6,15.4,,,,,,,,974.5,,2.2,,261,0,0,0,0,0,0,,,,
KLO,2012,8,8,7,17.4,,,,,,,,974.5,,1.4,,436,3119.5,71.9,0,0,0,0,,,,
KLO,2012,8,8,8,19.4,,,,,,,,974.3,,2.4,,600,1758.9,99,0,0,0,0,,,,
KLO,2012,8,8,9,20.5,,,,,,,,974.2,,3.2,,742,1381.7,122.4,0,0,0,0,,,,
KLO,2012,8,8,10,21,,,,,,,,974,,1.7,,839,1176.4,138.4,0,0,0,0,,,,
KLO,2012,8,8,11,21.8,,,,,,,,973.7,,1.7,,834,972.6,137.6,0,0,0,0,,,,
KLO,2012,8,8,12,23,,,,,,,,973.3,,2.3,,877,913.6,144.7,0,0,0,0,,,,
KLO,2012,8,8,13,23.7,,,,,,,,973.1,,2.5,,815,761.6,170.4,0,0,0,0,,,,
KLO,2012,8,8,14,23.7,,,,,,,,972.6,,1.6,,705,514.1,269.4,0,0,0,0,,,,
KLO,2012,8,8,15,24,,,,,,,,972.5,,1.6,,567,286.6,336.5,0,0,0,0,,,,
KLO,2012,8,8,16,23.9,,,,,,,,972.2,,1.3,,383,85.3,321.5,0,0,0,0,,,,
KLO,2012,8,8,17,23.5,,,,,,,,972.1,,1.2,,210,10.9,203.4,0,0,0,0,,,,
KLO,2012,8,8,18,22.2,,,,,,,,972.3,,1.3,,50,0.8,49.6,0,0,0,0,,,,
KLO,2012,8,8,19,19,,,,,,,,972.6,,1.9,,0,0,0,0,0,0,0,,,,
KLO,2012,8,8,20,16.9,,,,,,,,972.9,,2.1,,0,0,0,0,0,0,0,,,,
KLO,2012,8,8,21,16.2,,,,,,,,973.1,,3.5,,0,0,0,0,0,0,0,,,,
KLO,2012,8,8,22,15.3,,,,,,,,973.4,,3.2,,0,0,0,0,0,0,0,,,,
KLO,2012,8,8,23,14.5,,,,,,,,973.5,,3.4,,0,0,0,0,0,0,0,,,,
KLO,2012,8,9,0,14.1,,,,,,,,973.4,,2.9,,0,0,0,0,0,0,0,,,,
KLO,2012,8,9,1,14.1,,,,,,,,973.4,,2.4,,0,0,0,0,0,0,0,,,,
KLO,2012,8,9,2,13.5,,,,,,,,973.5,,2.4,,0,0,0,0,0,0,0,,,,
KLO,2012,8,9,3,12.7,,,,,,,,973.3,,1.6,,0,0,0,0,0,0,0,,,,
KLO,2012,8,9,4,12.5,,,,,,,,973.5,,1.6,,7,0,0,0,0,0,0,,,,
KLO,2012,8,9,5,13.3,,,,,,,,973.6,,1.5,,83,0,0,0,0,0,0,,,,
KLO,2012,8,9,6,15.5,,,,,,,,973.7,,1.1,,237,0,0,0,0,0,0,,,,
KLO,2012,8,9,7,16.8,,,,,,,,973.9,,1.3,,353,2597.8,58.2,0,0,0,0,,,,
KLO,2012,8,9,8,18.6,,,,,,,,974,,2.1,,499,1478.6,82.3,0,0,0,0,,,,
KLO,2012,8,9,9,19.8,,,,,,,,974.3,,1.6,,636,1191.9,104.9,0,0,0,0,,,,
KLO,2012,8,9,10,21.8,,,,,,,,974,,1.5,,777,1094.4,128.2,0,0,0,0,,,,
KLO,2012,8,9,11,22.8,,,,,,,,973.7,,1.8,,779,911.8,128.5,0,0,0,0,,,,
KLO,2012,8,9,12,23.8,,,,,,,,973.4,,1.8,,887,927,146.4,0,0,0,0,,,,
KLO,2012,8,9,13,24.6,,,,,,,,973.1,,1.2,,825,785.6,162.1,0,0,0,0,,,,
KLO,2012,8,9,14,24.8,,,,,,,,972.9,,1.5,,740,600.1,233.2,0,0,0,0,,,,
KLO,2012,8,9,15,24.5,,,,,,,,972.7,,2.1,,381,49.7,341.2,0,0,0,0,,,,
KLO,2012,8,9,16,24.5,,,,,,,,972.4,,2.3,,324,38.5,296.4,0,0,0,0,,,,
KLO,2012,8,9,17,23.1,,,,,,,,972.5,,3.4,,146,4,143.6,0,0,0,0,,,,
KLO,2012,8,9,18,21.9,,,,,,,,972.6,,2.2,,35,0.4,34.8,0,0,0,0,,,,
KLO,2012,8,9,19,19.4,,,,,,,,972.9,,1.3,,0,0,0,0,0,0,0,,,,
KLO,2012,8,9,20,17.9,,,,,,,,973.4,,1,,0,0,0,0,0,0,0,,,,
KLO,2012,8,9,21,16.7,,,,,,,,973.5,,1.8,,0,0,0,0,0,0,0,,,,
KLO,2012,8,9,22,16.8,,,,,,,,973.6,,1.6,,0,0,0,0,0,0,0,,,,
KLO,2012,8,9,23,15.9,,,,,,,,973.5,,1.9,,0,0,0,0,0,0,0,,,,
KLO,2012,8,10,0,15,,,,,,,,973.4,,1.6,,0,0,0,0,0,0,0,,,,
KLO,2012,8,10,1,14.6,,,,,,,,973.2,,1,,0,0,0,0,0,0,0,,,,
KLO,2012,8,10,2,14,,,,,,,,973.1,,1.2,,0,0,0,0,0,0,0,,,,
KLO,2012,8,10,3,13.5,,,,,,,,973.1,,0.6,,0,0,0,0,0,0,0,,,,
KLO,2012,8,10,4,12.7,,,,,,,,973.1,,0.2,,3,0,0,0,0,0,0,,,,
KLO,2012,8,10,5,13.6,,,,,,,,973.3,,0.6,,86,0,0,0,0,0,0,,,,
KLO,2012,8,10,6,16.3,,,,,,,,973.5,,0.8,,265,0,0,0,0,0,0,,,,
KLO,2012,8,10,7,18.5,,,,,,,,973.5,,1.9,,426,3227.9,70.3,0,0,0,0,,,,
KLO,2012,8,10,8,20.1,,,,,,,,973.3,,1.5,,591,1770.5,97.5,0,0,0,0,,,,
KLO,2012,8,10,9,21.7,,,,,,,,973.1,,1.7,,718,1354.3,118.5,0,0,0,0,,,,
KLO,2012,8,10,10,22.9,,,,,,,,972.8,,2.2,,805,1139.1,132.8,0,0,0,0,,,,
KLO,2012,8,10,11,23.9,,,,,,,,972.3,,1.1,,878,1031.5,144.9,0,0,0,0,,,,
KLO,2012,8,10,12,24.5,,,,,,,,972.1,,2,,816,851,138.3,0,0,0,0,,,,
KLO,2012,8,10,13,25.2,,,,,,,,971.9,,1.6,,820,780.8,163.3,0,0,0,0,,,,
KLO,2012,8,10,14,24.8,,,,,,,,971.5,,2.4,,509,152.3,380.8,0,0,0,0,,,,
KLO,2012,8,10,15,24.7,,,,,,,,971.2,,1.8,,433,93.3,358.5,0,0,0,0,,,,
KLO,2012,8,10,16,24.5,,,,,,,,971.1,,3.5,,358,64.3,312.1,0,0,0,0,,,,
KLO,2012,8,10,17,23.8,,,,,,,,971,,3.2,,170,5.5,166.7,0,0,0,0,,,,
KLO,2012,8,10,18,22.2,,,,,,,,971.1,,3,,60,1.2,59.5,0,0,0,0,,,,
KLO,2012,8,10,19,19.2,,,,,,,,971.5,,2.9,,0,0,0,0,0,0,0,,,,
KLO,2012,8,10,20,18.2,,,,,,,,971.8,,3.5,,0,0,0,0,0,0,0,,,,
KLO,2012,8,10,21,18.5,,,,,,,,972,,3.4,,0,0,0,0,0,0,0,,,,
KLO,2012,8,10,22,16.1,,,,,,,,972.1,,2.9,,0,0,0,0,0,0,0,,,,
KLO,2012,8,10,23,15.6,,,,,,,,971.8,,3.6,,0,0,0,0,0,0,0,,,,
KLO,2012,8,11,0,14.4,,,,,,,,971.7,,3.5,,0,0,0,0,0,0,0,,,,
KLO,2012,8,11,1,13.9,,,,,,,,971.5,,2.5,,0,0,0,0,0,0,0,,,,
KLO,2012,8,11,2,13.2,,,,,,,,971.3,,2.5,,0,0,0,0,0,0,0,,,,
KLO,2012,8,11,3,13.4,,,,,,,,971.1,,2.9,,0,0,0,0,0,0,0,,,,
KLO,2012,8,11,4,12.4,,,,,,,,971,,2.5,,3,0,0,0,0,0,0,,,,
KLO,2012,8,11,5,13,,,,,,,,971.2,,1.8,,80,0,0,0,0,0,0,,,,
KLO,2012,8,11,6,15.3,,,,,,,,971.1,,2.1,,244,0,0,0,0,0,0,,,,
KLO,2012,8,11,7,17.3,,,,,,,,971.1,,2.6,,423,3303.8,69.8,0,0,0,0,,,,
KLO,2012,8,11,8,18.6,,,,,,,,970.9,,2.3,,586,1775.3,96.7,0,0,0,0,,,,
KLO,2012,8,11,9,20,,,,,,,,970.6,,3.4,,716,1359.4,118.1,0,0,0,0,,,,
KLO,2012,8,11,10,21.4,,,,,,,,970.2,,3.9,,808,1148.7,133.3,0,0,0,0,,,,
KLO,2012,8,11,11,22.3,,,,,,,,969.6,,5,,845,996.4,139.4,0,0,0,0,,,,
KLO,2012,8,11,12,22.9,,,,,,,,969.1,,5.6,,835,878.8,137.4,0,0,0,0,,,,
KLO,2012,8,11,13,23.7,,,,,,,,968.7,,4.9,,775,692,194.9,0,0,0,0,,,,
KLO,2012,8,11,14,23.9,,,,,,,,968.3,,5.3,,690,494.3,275.3,0,0,0,0,,,,
KLO,2012,8,11,15,23.9,,,,,,,,967.8,,5.1,,550,265,339.2,0,0,0,0,,,,
KLO,2012,8,11,16,23.5,,,,,,,,967.4,,4.9,,371,77.9,315.7,0,0,0,0,,,,
KLO,2012,8,11,17,22.7,,,,,,,,967.1,,4.7,,196,8.7,190.8,0,0,0,0,,,,
KLO,2012,8,11,18,21.2,,,,,,,,967,,4.1,,45,0.7,44.7,0,0,0,0,,,,
KLO,2012,8,11,19,19.8,,,,,,,,966.9,,4,,0,0,0,0,0,0,0,,,,
KLO,2012,8,11,20,19,,,,,,,,966.9,,5.3,,0,0,0,0,0,0,0,,,,
KLO,2012,8,11,21,18.1,,,,,,,,966.6,,4.3,,0,0,0,0,0,0,0,,,,
KLO,2012,8,11,22,16,,,,,,,,966.6,,2.5,,0,0,0,0,0,0,0,,,,
KLO,2012,8,11,23,15.4,,,,,,,,966.3,,1.8,,0,0,0,0,0,0,0,,,,
KLO,2012,8,12,0,13,,,,,,,,965.9,,3,,0,0,0,0,0,0,0,,,,
KLO,2012,8,12,1,12.2,,,,,,,,965.8,,3.2,,0,0,0,0,0,0,0,,,,
KLO,2012,8,12,2,11.5,,,,,,,,965.7,,2.7,,0,0,0,0,0,0,0,,,,
KLO,2012,8,12,3,11.1,,,,,,,,965.5,,2.9,,0,0,0,0,0,0,0,,,,
KLO,2012,8,12,4,10.6,,,,,,,,965.3,,2.6,,7,0,0,0,0,0,0,,,,
KLO,2012,8,12,5,12,,,,,,,,965.2,,2.4,,89,0,0,0,0,0,0,,,,
KLO,2012,8,12,6,14.1,,,,,,,,965.3,,1.9,,230,0,0,0,0,0,0,,,,
KLO,2012,8,12,7,15.6,,,,,,,,965.4,,1.2,,399,3216.1,65.8,0,0,0,0,,,,
KLO,2012,8,12,8,17.4,,,,,,,,965.3,,1.2,,568,1740.5,93.7,0,0,0,0,,,,
KLO,2012,8,12,9,18.9,,,,,,,,965,,0.8,,686,1311.2,113.2,0,0,0,0,,,,
KLO,2012,8,12,10,20.7,,,,,,,,964.7,,0.9,,820,1171.3,135.3,0,0,0,0,,,,
KLO,2012,8,12,11,21.9,,,,,,,,964.4,,1.2,,768,909.1,126.7,0,0,0,0,,,,
KLO,2012,8,12,12,23.1,,,,,,,,964.2,,1.1,,720,664.9,194.1,0,0,0,0,,,,
KLO,2012,8,12,13,24.3,,,,,,,,964,,1.6,,679,475,282.1,0,0,0,0,,,,
KLO,2012,8,12,14,24.9,,,,,,,,963.8,,2,,601,307.6,343.8,0,0,0,0,,,,
KLO,2012,8,12,15,24.8,,,,,,,,963.7,,3.1,,387,56.5,342.3,0,0,0,0,,,,
KLO,2012,8,12,16,24.2,,,,,,,,963.6,,3.2,,277,18.7,263.8,0,0,0,0,,,,
KLO,2012,8,12,17,23.8,,,,,,,,963.5,,2.5,,184,7.1,179.8,0,0,0,0,,,,
KLO,2012,8,12,18,21.9,,,,,,,,963.5,,2.1,,36,0.5,35.8,0,0,0,0,,,,
KLO,2012,8,12,19,20.4,,,,,,,,963.9,,1.3,,0,0,0,0,0,0,0,,,,
KLO,2012,8,12,20,19,,,,,,,,964.5,,1.2,,0,0,0,0,0,0,0,,,,
KLO,2012,8,12,21,18.4,,,,,,,,964.9,,1,,0,0,0,0,0,0,0,,,,
KLO,2012,8,12,22,16.7,,,,,,,,965.1,,1.2,,0,0,0,0,0,0,0,,,,
KLO,2012,8,12,23,16.4,,,,,,,,965.1,,1,,0,0,0,0,0,0,0,,,,
KLO,2012,8,13,0,15.8,,,,,,,,965.1,,0.7,,0,0,0,0,0,0,0,,,,
KLO,2012,8,13,1,15.7,,,,,,,,964.9,,1.6,,0,0,0,0,0,0,0,,,,
KLO,2012,8,13,2,15.5,,,,,,,,965,,1.1,,0,0,0,0,0,0,0,,,,
KLO,2012,8,13,3,15.8,,,,,,,,965.1,,1.1,,0,0,0,0,0,0,0,,,,
KLO,2012,8,13,4,16,,,,,,,,964.9,,1.6,,2,0,0,0,0,0,0,,,,
KLO,2012,8,13,5,16.6,,,,,,,,964.9,,1.3,,52,0,0,0,0,0,0,,,,
KLO,2012,8,13,6,17.9,,,,,,,,965,,1,,107,0,0,0,0,0,0,,,,
KLO,2012,8,13,7,18.6,,,,,,,,965,,0.9,,188,1565.8,31,0,0,0,0,,,,
KLO,2012,8,13,8,19.2,,,,,,,,965.1,,1.3,,268,811,49.6,0,0,0,0,,,,
KLO,2012,8,13,9,20.4,,,,,,,,964.9,,1.2,,702,1351,115.8,0,0,0,0,,,,
KLO,2012,8,13,10,22.3,,,,,,,,964.4,,1.2,,793,1138.3,130.8,0,0,0,0,,,,
KLO,2012,8,13,11,24,,,,,,,,964.1,,2.3,,849,1009,140.1,0,0,0,0,,,,
KLO,2012,8,13,12,24.7,,,,,,,,963.8,,1.7,,776,795,149.3,0,0,0,0,,,,
KLO,2012,8,13,13,25.6,,,,,,,,963.4,,1.8,,699,526.4,260.6,0,0,0,0,,,,
KLO,2012,8,13,14,25.6,,,,,,,,963.2,,2.2,,511,161.4,376.5,0,0,0,0,,,,
KLO,2012,8,13,15,25.6,,,,,,,,963,,2.4,,421,86.1,353.1,0,0,0,0,,,,
KLO,2012,8,13,16,25.6,,,,,,,,962.9,,2.1,,348,59.8,305.9,0,0,0,0,,,,
KLO,2012,8,13,17,24.4,,,,,,,,962.9,,1.9,,155,4.8,152.2,0,0,0,0,,,,
KLO,2012,8,13,18,22.9,,,,,,,,963.2,,2,,34,0.4,33.8,0,0,0,0,,,,
KLO,2012,8,13,19,20.8,,,,,,,,963.5,,2.6,,0,0,0,0,0,0,0,,,,
KLO,2012,8,13,20,18.3,,,,,,,,963.8,,2.4,,0,0,0,0,0,0,0,,,,
KLO,2012,8,13,21,18.2,,,,,,,,964.1,,2.7,,0,0,0,0,0,0,0,,,,
KLO,2012,8,13,22,18.1,,,,,,,,964.4,,2,,0,0,0,0,0,0,0,,,,
KLO,2012,8,13,23,17.5,,,,,,,,964.3,,0.8,,0,0,0,0,0,0,0,,,,
KLO,2012,8,14,0,16.6,,,,,,,,964.1,,1.8,,0,0,0,0,0,0,0,,,,
KLO,2012,8,14,1,17.1,,,,,,,,964.3,,1,,0,0,0,0,0,0,0,,,,
KLO,2012,8,14,2,16.7,,,,,,,,964.5,,1.2,,0,0,0,0,0,0,0,,,,
KLO,2012,8,14,3,15.6,,,,,,,,964.1,,1.3,,0,0,0,0,0,0,0,,,,
KLO,2012,8,14,4,14.6,,,,,,,,964.2,,1.2,,3,0,0,0,0,0,0,,,,
KLO,2012,8,14,5,14.9,,,,,,,,964.6,,1.5,,52,0,0,0,0,0,0,,,,
KLO,2012,8,14,6,17.1,,,,,,,,964.7,,0.9,,198,0,0,0,0,0,0,,,,
KLO,2012,8,14,7,18.7,,,,,,,,964.9,,0.7,,358,3085.1,59.1,0,0,0,0,,,,
KLO,2012,8,14,8,20.3,,,,,,,,964.8,,0.7,,539,1691,88.9,0,0,0,0,,,,
KLO,2012,8,14,9,22,,,,,,,,964.7,,1,,691,1339.1,114,0,0,0,0,,,,
KLO,2012,8,14,10,23.7,,,,,,,,964.7,,1.6,,770,1110.7,127.1,0,0,0,0,,,,
KLO,2012,8,14,11,25.2,,,,,,,,964.4,,1.8,,831,991.5,137.1,0,0,0,0,,,,
KLO,2012,8,14,12,25.7,,,,,,,,964.2,,1.8,,799,841.3,138.2,0,0,0,0,,,,
KLO,2012,8,14,13,26.2,,,,,,,,963.9,,1.6,,583,281.1,349.7,0,0,0,0,,,,
KLO,2012,8,14,14,26.4,,,,,,,,963.7,,2.2,,490,136.4,376.8,0,0,0,0,,,,
KLO,2012,8,14,15,26,,,,,,,,963.7,,2.6,,371,47.6,333.6,0,0,0,0,,,,
KLO,2012,8,14,16,25.8,,,,,,,,963.7,,2.2,,219,7,214.1,0,0,0,0,,,,
KLO,2012,8,14,17,25.4,,,,,,,,963.7,,1.7,,116,2.7,114.4,0,0,0,0,,,,
KLO,2012,8,14,18,23.7,,,,,,,,963.9,,1.8,,29,0.3,28.9,0,0,0,0,,,,
KLO,2012,8,14,19,21.5,,,,,,,,964.2,,0.8,,0,0,0,0,0,0,0,,,,
KLO,2012,8,14,20,20.5,,,,,,,,964.5,,1.3,,0,0,0,0,0,0,0,,,,
KLO,2012,8,14,21,19.8,,,,,,,,964.4,,0.8,,0,0,0,0,0,0,0,,,,
KLO,2012,8,14,22,18.9,,,,,,,,964.3,,0.7,,0,0,0,0,0,0,0,,,,
KLO,2012,8,14,23,17.4,,,,,,,,964.3,,0.5,,0,0,0,0,0,0,0,,,,
KLO,2012,8,15,0,16.6,,,,,,,,964.1,,1.3,,0,0,0,0,0,0,0,,,,
KLO,2012,8,15,1,16.2,,,,,,,,963.9,,1.3,,0,0,0,0,0,0,0,,,,
KLO,2012,8,15,2,15.8,,,,,,,,963.8,,0.5,,0,0,0,0,0,0,0,,,,
KLO,2012,8,15,3,15.4,,,,,,,,963.7,,0.5,,0,0,0,0,0,0,0,,,,
KLO,2012,8,15,4,14.6,,,,,,,,963.6,,0.8,,2,0,0,0,0,0,0,,,,
KLO,2012,8,15,5,15.6,,,,,,,,963.7,,1.1,,74,0,0,0,0,0,0,,,,
KLO,2012,8,15,6,17.7,,,,,,,,964,,1.3,,214,0,0,0,0,0,0,,,,
KLO,2012,8,15,7,20.4,,,,,,,,964,,0.9,,404,3607.4,66.7,0,0,0,0,,,,
KLO,2012,8,15,8,22.8,,,,,,,,963.6,,0.9,,568,1803.8,93.7,0,0,0,0,,,,
KLO,2012,8,15,9,24.2,,,,,,,,963.5,,2.1,,704,1374,116.2,0,0,0,0,,,,
KLO,2012,8,15,10,26,,,,,,,,962.9,,0.8,,792,1148.2,130.7,0,0,0,0,,,,
KLO,2012,8,15,11,27.9,,,,,,,,962.4,,1.8,,829,993.2,136.8,0,0,0,0,,,,
KLO,2012,8,15,12,29,,,,,,,,962.1,,1.8,,781,814.8,143.3,0,0,0,0,,,,
KLO,2012,8,15,13,29.6,,,,,,,,961.7,,1.8,,684,501.8,269,0,0,0,0,,,,
KLO,2012,8,15,14,30.4,,,,,,,,961.4,,1.4,,703,546.5,251.1,0,0,0,0,,,,
KLO,2012,8,15,15,30.9,,,,,,,,961.2,,1.8,,528,239.3,340.7,0,0,0,0,,,,
KLO,2012,8,15,16,30.1,,,,,,,,961.1,,1.6,,272,18.3,259.3,0,0,0,0,,,,
KLO,2012,8,15,17,29,,,,,,,,961,,1.4,,128,3.3,126.1,0,0,0,0,,,,
KLO,2012,8,15,18,26.7,,,,,,,,961.3,,1.7,,22,0.2,21.9,0,0,0,0,,,,
KLO,2012,8,15,19,25.7,,,,,,,,962.3,,3.5,,0,0,0,0,0,0,0,,,,
KLO,2012,8,15,20,25,,,,,,,,962.7,,2,,0,0,0,0,0,0,0,,,,
KLO,2012,8,15,21,23.9,,,,,,,,963.4,,2.3,,0,0,0,0,0,0,0,,,,
KLO,2012,8,15,22,20.8,,,,,,,,964.9,,2,,0,0,0,0,0,0,0,,,,
KLO,2012,8,15,23,20,,,,,,,,965.7,,1.4,,0,0,0,0,0,0,0,,,,
KLO,2012,8,16,0,18,,,,,,,,966.4,,1.4,,0,0,0,0,0,0,0,,,,
KLO,2012,8,16,1,18,,,,,,,,966.6,,2.3,,0,0,0,0,0,0,0,,,,
KLO,2012,8,16,2,18,,,,,,,,966.6,,1.1,,0,0,0,0,0,0,0,,,,
KLO,2012,8,16,3,18.1,,,,,,,,967.5,,3.2,,0,0,0,0,0,0,0,,,,
KLO,2012,8,16,4,17,,,,,,,,968.9,,3.1,,0,0,0,0,0,0,0,,,,
KLO,2012,8,16,5,16.9,,,,,,,,970,,3.1,,5,0,0,0,0,0,0,,,,
KLO,2012,8,16,6,16.5,,,,,,,,970.6,,2.6,,15,0,0,0,0,0,0,,,,
KLO,2012,8,16,7,16.5,,,,,,,,970.8,,2.4,,39,30.7,36.2,0,0,0,0,,,,
KLO,2012,8,16,8,17.4,,,,,,,,971,,1.3,,366,1176.8,60.4,0,0,0,0,,,,
KLO,2012,8,16,9,18.3,,,,,,,,971,,1.1,,474,931.8,78.2,0,0,0,0,,,,
KLO,2012,8,16,10,19.6,,,,,,,,970.9,,0.7,,515,641.3,147.5,0,0,0,0,,,,
KLO,2012,8,16,11,20.5,,,,,,,,970.7,,1.4,,608,596.9,193.7,0,0,0,0,,,,
KLO,2012,8,16,12,21.2,,,,,,,,970.7,,2.9,,502,197.6,348,0,0,0,0,,,,
KLO,2012,8,16,13,21.3,,,,,,,,970.6,,2.2,,380,42.3,345.1,0,0,0,0,,,,
KLO,2012,8,16,14,21.7,,,,,,,,970.4,,2.4,,411,62.3,359.7,0,0,0,0,,,,
KLO,2012,8,16,15,21.7,,,,,,,,970.2,,1.3,,304,18.2,289.8,0,0,0,0,,,,
KLO,2012,8,16,16,22,,,,,,,,969.9,,1.5,,314,38.6,287.3,0,0,0,0,,,,
KLO,2012,8,16,17,21,,,,,,,,969.8,,2,,101,2.1,99.8,0,0,0,0,,,,
KLO,2012,8,16,18,19.8,,,,,,,,969.9,,1.9,,25,0.2,24.9,0,0,0,0,,,,
KLO,2012,8,16,19,18.5,,,,,,,,970.2,,1.2,,0,0,0,0,0,0,0,,,,
KLO,2012,8,16,20,16.9,,,,,,,,970.6,,1.5,,0,0,0,0,0,0,0,,,,
KLO,2012,8,16,21,16.4,,,,,,,,970.7,,1.4,,0,0,0,0,0,0,0,,,,
KLO,2012,8,16,22,15.7,,,,,,,,970.4,,1.6,,0,0,0,0,0,0,0,,,,
KLO,2012,8,16,23,15.5,,,,,,,,970.3,,1.2,,0,0,0,0,0,0,0,,,,
KLO,2012,8,17,0,15,,,,,,,,970.2,,0.9,,0,0,0,0,0,0,0,,,,
KLO,2012,8,17,1,14.3,,,,,,,,970.1,,1.4,,0,0,0,0,0,0,0,,,,
KLO,2012,8,17,2,13.9,,,,,,,,970.2,,0.7,,0,0,0,0,0,0,0,,,,
KLO,2012,8,17,3,13.4,,,,,,,,970.4,,1.1,,0,0,0,0,0,0,0,,,,
KLO,2012,8,17,4,12.9,,,,,,,,970.8,,0.8,,2,0,0,0,0,0,0,,,,
KLO,2012,8,17,5,13.5,,,,,,,,971,,0.4,,66,0,0,0,0,0,0,,,,
KLO,2012,8,17,6,15.6,,,,,,,,971.2,,0.4,,237,0,0,0,0,0,0,,,,
KLO,2012,8,17,7,17,,,,,,,,971.4,,1,,391,3765.9,64.5,0,0,0,0,,,,
KLO,2012,8,17,8,18.7,,,,,,,,971.4,,1.6,,564,1836.5,93.1,0,0,0,0,,,,
KLO,2012,8,17,9,20.4,,,,,,,,971.3,,2.2,,714,1413.8,117.8,0,0,0,0,,,,
KLO,2012,8,17,10,21.7,,,,,,,,971.1,,1.3,,804,1177.8,132.7,0,0,0,0,,,,
KLO,2012,8,17,11,23.4,,,,,,,,970.8,,1.3,,857,1035.4,141.4,0,0,0,0,,,,
KLO,2012,8,17,12,24.5,,,,,,,,970.6,,1.8,,848,911.6,139.9,0,0,0,0,,,,
KLO,2012,8,17,13,25.3,,,,,,,,970.4,,1.8,,781,738.8,174.5,0,0,0,0,,,,
KLO,2012,8,17,14,25.8,,,,,,,,970.2,,1.6,,675,492.1,271.2,0,0,0,0,,,,
KLO,2012,8,17,15,26.1,,,,,,,,970,,1.9,,527,245.3,336.6,0,0,0,0,,,,
KLO,2012,8,17,16,26.2,,,,,,,,970,,1.9,,360,77.2,306.8,0,0,0,0,,,,
KLO,2012,8,17,17,25.3,,,,,,,,969.9,,2.1,,181,7.5,176.7,0,0,0,0,,,,
KLO,2012,8,17,18,23.8,,,,,,,,970,,1.3,,34,0.4,33.8,0,0,0,0,,,,
KLO,2012,8,17,19,20.3,,,,,,,,970.4,,1.2,,0,0,0,0,0,0,0,,,,
KLO,2012,8,17,20,18.9,,,,,,,,970.8,,0.9,,0,0,0,0,0,0,0,,,,
KLO,2012,8,17,21,17.4,,,,,,,,971,,1.2,,0,0,0,0,0,0,0,,,,
KLO,2012,8,17,22,16.6,,,,,,,,971.1,,1.2,,0,0,0,0,0,0,0,,,,
KLO,2012,8,17,23,15.9,,,,,,,,970.9,,1,,0,0,0,0,0,0,0,,,,
KLO,2012,8,18,0,15.3,,,,,,,,970.7,,1.2,,0,0,0,0,0,0,0,,,,
KLO,2012,8,18,1,14.6,,,,,,,,970.6,,1.3,,0,0,0,0,0,0,0,,,,
KLO,2012,8,18,2,14.7,,,,,,,,970.5,,0.5,,0,0,0,0,0,0,0,,,,
KLO,2012,8,18,3,14,,,,,,,,970.5,,0.9,,0,0,0,0,0,0,0,,,,
KLO,2012,8,18,4,13.5,,,,,,,,970.6,,1,,2,0,0,0,0,0,0,,,,
KLO,2012,8,18,5,14.3,,,,,,,,971.1,,0.7,,70,0,0,0,0,0,0,,,,
KLO,2012,8,18,6,16.7,,,,,,,,971.3,,0.6,,235,0,0,0,0,0,0,,,,
KLO,2012,8,18,7,19.1,,,,,,,,971.4,,1.1,,413,4141.8,68.1,0,0,0,0,,,,
KLO,2012,8,18,8,20.8,,,,,,,,971.6,,1.1,,573,1890,94.5,0,0,0,0,,,,
KLO,2012,8,18,9,22.7,,,,,,,,971.5,,0.8,,707,1410.4,116.7,0,0,0,0,,,,
KLO,2012,8,18,10,24.3,,,,,,,,971.3,,1,,800,1178.1,132,0,0,0,0,,,,
KLO,2012,8,18,11,26,,,,,,,,971,,0.8,,841,1020.5,138.8,0,0,0,0,,,,
KLO,2012,8,18,12,27.3,,,,,,,,970.7,,1.1,,835,901.1,137.8,0,0,0,0,,,,
KLO,2012,8,18,13,28.9,,,,,,,,970.4,,1.5,,775,731.8,176.5,0,0,0,0,,,,
KLO,2012,8,18,14,29.8,,,,,,,,970.2,,2.4,,670,486.2,272.6,0,0,0,0,,,,
KLO,2012,8,18,15,29.9,,,,,,,,970.3,,2.8,,529,253.3,333.3,0,0,0,0,,,,
KLO,2012,8,18,16,29.5,,,,,,,,970.2,,3,,358,77,305.1,0,0,0,0,,,,
KLO,2012,8,18,17,28.7,,,,,,,,970.2,,2.6,,179,7.4,174.8,0,0,0,0,,,,
KLO,2012,8,18,18,26,,,,,,,,970.3,,1.2,,31,0.4,30.8,0,0,0,0,,,,
KLO,2012,8,18,19,22.1,,,,,,,,970.6,,1.3,,0,0,0,0,0,0,0,,,,
KLO,2012,8,18,20,19.3,,,,,,,,971,,0.7,,0,0,0,0,0,0,0,,,,
KLO,2012,8,18,21,18.5,,,,,,,,971.2,,0.9,,0,0,0,0,0,0,0,,,,
KLO,2012,8,18,22,17.3,,,,,,,,971.3,,0.8,,0,0,0,0,0,0,0,,,,
KLO,2012,8,18,23,17,,,,,,,,971.2,,0.8,,0,0,0,0,0,0,0,,,,
KLO,2012,8,19,0,16.1,,,,,,,,971,,1,,0,0,0,0,0,0,0,,,,
KLO,2012,8,19,1,16,,,,,,,,971.2,,1,,0,0,0,0,0,0,0,,,,
KLO,2012,8,19,2,15.5,,,,,,,,971.4,,0.6,,0,0,0,0,0,0,0,,,,
KLO,2012,8,19,3,15.1,,,,,,,,971.4,,0.6,,0,0,0,0,0,0,0,,,,
KLO,2012,8,19,4,14.3,,,,,,,,971.7,,0.3,,2,0,0,0,0,0,0,,,,
KLO,2012,8,19,5,15.6,,,,,,,,972,,0.6,,69,0,0,0,0,0,0,,,,
KLO,2012,8,19,6,18.1,,,,,,,,972.4,,0.8,,230,0,0,0,0,0,0,,,,
KLO,2012,8,19,7,20.2,,,,,,,,972.5,,0.8,,398,4163.9,65.7,0,0,0,0,,,,
KLO,2012,8,19,8,22.8,,,,,,,,972.6,,0.6,,556,1858.3,91.7,0,0,0,0,,,,
KLO,2012,8,19,9,25.1,,,,,,,,972.5,,0.5,,690,1387,113.9,0,0,0,0,,,,
KLO,2012,8,19,10,26.9,,,,,,,,972.2,,0.7,,785,1162.3,129.5,0,0,0,0,,,,
KLO,2012,8,19,11,28.4,,,,,,,,971.8,,0.6,,829,1010.3,136.8,0,0,0,0,,,,
KLO,2012,8,19,12,29.9,,,,,,,,971.1,,0.9,,821,889.5,135.5,0,0,0,0,,,,
KLO,2012,8,19,13,30.9,,,,,,,,970.5,,0.6,,757,697.9,188.5,0,0,0,0,,,,
KLO,2012,8,19,14,32,,,,,,,,970,,1.5,,645,433.9,291.8,0,0,0,0,,,,
KLO,2012,8,19,15,32.2,,,,,,,,969.8,,2.5,,495,196.8,343.7,0,0,0,0,,,,
KLO,2012,8,19,16,31.3,,,,,,,,969.4,,2.9,,326,50.2,291.7,0,0,0,0,,,,
KLO,2012,8,19,17,30.4,,,,,,,,969.1,,2.3,,152,5,149.2,0,0,0,0,,,,
KLO,2012,8,19,18,28,,,,,,,,969.2,,1.4,,23,0.2,22.9,0,0,0,0,,,,
KLO,2012,8,19,19,23.1,,,,,,,,969.6,,1.1,,0,0,0,0,0,0,0,,,,
KLO,2012,8,19,20,21.3,,,,,,,,969.8,,1,,0,0,0,0,0,0,0,,,,
KLO,2012,8,19,21,20.9,,,,,,,,970.2,,0.4,,0,0,0,0,0,0,0,,,,
KLO,2012,8,19,22,19.7,,,,,,,,970.4,,0.8,,0,0,0,0,0,0,0,,,,
KLO,2012,8,19,23,19.3,,,,,,,,970.6,,1.4,,0,0,0,0,0,0,0,,,,
KLO,2012,8,20,0,18.6,,,,,,,,970.8,,1.3,,0,0,0,0,0,0,0,,,,
KLO,2012,8,20,1,19.4,,,,,,,,970.8,,2.4,,0,0,0,0,0,0,0,,,,
KLO,2012,8,20,2,19.6,,,,,,,,970.9,,1.7,,0,0,0,0,0,0,0,,,,
KLO,2012,8,20,3,19.4,,,,,,,,971.1,,1.6,,0,0,0,0,0,0,0,,,,
KLO,2012,8,20,4,18.5,,,,,,,,971.4,,1.4,,2,0,0,0,0,0,0,,,,
KLO,2012,8,20,5,19.2,,,,,,,,971.8,,1.3,,60,0,0,0,0,0,0,,,,
KLO,2012,8,20,6,21.9,,,,,,,,972.1,,1.4,,206,0,0,0,0,0,0,,,,
KLO,2012,8,20,7,24.1,,,,,,,,972.2,,2,,377,4123.1,62.2,0,0,0,0,,,,
KLO,2012,8,20,8,26.4,,,,,,,,972.3,,2,,534,1808.9,88.1,0,0,0,0,,,,
KLO,2012,8,20,9,28.1,,,,,,,,972.1,,2.1,,667,1351.1,110.1,0,0,0,0,,,,
KLO,2012,8,20,10,29.6,,,,,,,,971.6,,1.5,,756,1125.5,124.7,0,0,0,0,,,,
KLO,2012,8,20,11,30.5,,,,,,,,971.1,,1,,800,979.4,132,0,0,0,0,,,,
KLO,2012,8,20,12,31.3,,,,,,,,970.7,,0.8,,787,850.4,134.3,0,0,0,0,,,,
KLO,2012,8,20,13,32.1,,,,,,,,970.2,,1.6,,727,634.2,212.4,0,0,0,0,,,,
KLO,2012,8,20,14,32.8,,,,,,,,970.2,,2.3,,616,374.5,312.4,0,0,0,0,,,,
KLO,2012,8,20,15,32.4,,,,,,,,970.2,,4,,480,176.1,345.2,0,0,0,0,,,,
KLO,2012,8,20,16,30.2,,,,,,,,970.8,,6.1,,242,11.8,234,0,0,0,0,,,,
KLO,2012,8,20,17,27.6,,,,,,,,971.1,,3.1,,45,0.4,44.8,0,0,0,0,,,,
KLO,2012,8,20,18,26.1,,,,,,,,971.5,,2.7,,1,0,1,0,0,0,0,,,,
KLO,2012,8,20,19,21.3,,,,,,,,972.9,,5.7,,0,0,0,0,0,0,0,,,,
KLO,2012,8,20,20,20.4,,,,,,,,972,,2,,0,0,0,0,0,0,0,,,,
KLO,2012,8,20,21,19.7,,,,,,,,972.4,,1.9,,0,0,0,0,0,0,0,,,,
KLO,2012,8,20,22,19.2,,,,,,,,972.6,,1.9,,0,0,0,0,0,0,0,,,,
KLO,2012,8,20,23,18.7,,,,,,,,972.2,,2.1,,0,0,0,0,0,0,0,,,,
KLO,2012,8,21,0,18.3,,,,,,,,972,,1.4,,0,0,0,0,0,0,0,,,,
KLO,2012,8,21,1,17.8,,,,,,,,971.5,,1.2,,0,0,0,0,0,0,0,,,,
KLO,2012,8,21,2,17.6,,,,,,,,971.2,,0.7,,0,0,0,0,0,0,0,,,,
KLO,2012,8,21,3,17.8,,,,,,,,970.9,,1,,0,0,0,0,0,0,0,,,,
KLO,2012,8,21,4,17.6,,,,,,,,970.8,,1.2,,2,0,0,0,0,0,0,,,,
KLO,2012,8,21,5,18,,,,,,,,970.9,,0.4,,60,0,0,0,0,0,0,,,,
KLO,2012,8,21,6,19.4,,,,,,,,971,,1,,125,0,0,0,0,0,0,,,,
KLO,2012,8,21,7,20.3,,,,,,,,971,,0.9,,345,3953,56.9,0,0,0,0,,,,
KLO,2012,8,21,8,22.2,,,,,,,,970.8,,0.6,,533,1830.4,87.9,0,0,0,0,,,,
KLO,2012,8,21,9,23.9,,,,,,,,970.4,,0.7,,646,1318.8,106.6,0,0,0,0,,,,
KLO,2012,8,21,10,25.6,,,,,,,,969.9,,0.8,,738,1104.9,121.8,0,0,0,0,,,,
KLO,2012,8,21,11,27.4,,,,,,,,969.4,,0.9,,782,961.7,129,0,0,0,0,,,,
KLO,2012,8,21,12,28.8,,,,,,,,968.8,,0.9,,754,795.8,145.7,0,0,0,0,,,,
KLO,2012,8,21,13,30,,,,,,,,968.1,,1,,710,599.8,225.3,0,0,0,0,,,,
KLO,2012,8,21,14,30.6,,,,,,,,967.4,,0.9,,562,269.4,344.5,0,0,0,0,,,,
KLO,2012,8,21,15,30.5,,,,,,,,967,,0.7,,280,13.6,269.7,0,0,0,0,,,,
KLO,2012,8,21,16,29.9,,,,,,,,966.6,,1.3,,231,9.9,224.4,0,0,0,0,,,,
KLO,2012,8,21,17,28.3,,,,,,,,966,,1.3,,93,1.9,91.9,0,0,0,0,,,,
KLO,2012,8,21,18,26.2,,,,,,,,965.8,,0.8,,17,0.1,17,0,0,0,0,,,,
KLO,2012,8,21,19,24,,,,,,,,966,,0.8,,0,0,0,0,0,0,0,,,,
KLO,2012,8,21,20,22.6,,,,,,,,966.2,,0.9,,0,0,0,0,0,0,0,,,,
KLO,2012,8,21,21,22,,,,,,,,966.2,,0.8,,0,0,0,0,0,0,0,,,,
KLO,2012,8,21,22,22,,,,,,,,966.3,,1.3,,0,0,0,0,0,0,0,,,,
KLO,2012,8,21,23,22.1,,,,,,,,966.7,,1.5,,0,0,0,0,0,0,0,,,,
KLO,2012,8,22,0,22.6,,,,,,,,967.4,,4.5,,0,0,0,0,0,0,0,,,,
KLO,2012,8,22,1,21.1,,,,,,,,967.3,,2.9,,0,0,0,0,0,0,0,,,,
KLO,2012,8,22,2,19.7,,,,,,,,967,,1.5,,0,0,0,0,0,0,0,,,,
KLO,2012,8,22,3,18.8,,,,,,,,967.2,,1.5,,0,0,0,0,0,0,0,,,,
KLO,2012,8,22,4,18.9,,,,,,,,967.5,,2.2,,1,0,0,0,0,0,0,,,,
KLO,2012,8,22,5,19.6,,,,,,,,968.1,,1.5,,53,0,0,0,0,0,0,,,,
KLO,2012,8,22,6,21.7,,,,,,,,968.6,,0.8,,181,0,0,0,0,0,0,,,,
KLO,2012,8,22,7,22.3,,,,,,,,969,,1.2,,176,2117.9,29,0,0,0,0,,,,
KLO,2012,8,22,8,23.5,,,,,,,,969.5,,0.8,,256,891.3,42.3,0,0,0,0,,,,
KLO,2012,8,22,9,24.5,,,,,,,,969.6,,1.6,,364,635.3,106.2,0,0,0,0,,,,
KLO,2012,8,22,10,26.1,,,,,,,,969.3,,2.4,,661,995.2,109.1,0,0,0,0,,,,
KLO,2012,8,22,11,27.2,,,,,,,,969.1,,2.1,,805,994.6,132.8,0,0,0,0,,,,
KLO,2012,8,22,12,27.6,,,,,,,,968.6,,2.6,,690,653.5,192.6,0,0,0,0,,,,
KLO,2012,8,22,13,27.7,,,,,,,,968.1,,3.4,,553,255.5,347.4,0,0,0,0,,,,
KLO,2012,8,22,14,27.7,,,,,,,,967.7,,2.7,,438,94,362.5,0,0,0,0,,,,
KLO,2012,8,22,15,28,,,,,,,,967.2,,3.1,,469,165.9,343.3,0,0,0,0,,,,
KLO,2012,8,22,16,27.3,,,,,,,,966.9,,2.8,,298,34.8,274.6,0,0,0,0,,,,
KLO,2012,8,22,17,25.6,,,,,,,,966.8,,2.9,,125,3.5,123.1,0,0,0,0,,,,
KLO,2012,8,22,18,23.2,,,,,,,,966.9,,2.3,,16,0.1,16,0,0,0,0,,,,
KLO,2012,8,22,19,22.7,,,,,,,,967.4,,1.7,,0,0,0,0,0,0,0,,,,
KLO,2012,8,22,20,21.9,,,,,,,,967.8,,2.2,,0,0,0,0,0,0,0,,,,
KLO,2012,8,22,21,22.5,,,,,,,,967.9,,1.7,,0,0,0,0,0,0,0,,,,
KLO,2012,8,22,22,21.1,,,,,,,,967.9,,1.4,,0,0,0,0,0,0,0,,,,
KLO,2012,8,22,23,19.7,,,,,,,,968,,2.1,,0,0,0,0,0,0,0,,,,
KLO,2012,8,23,0,19,,,,,,,,967.8,,1.6,,0,0,0,0,0,0,0,,,,
KLO,2012,8,23,1,19.1,,,,,,,,967.6,,2.6,,0,0,0,0,0,0,0,,,,
KLO,2012,8,23,2,19,,,,,,,,967.3,,2.4,,0,0,0,0,0,0,0,,,,
KLO,2012,8,23,3,18.5,,,,,,,,967.4,,3.5,,0,0,0,0,0,0,0,,,,
KLO,2012,8,23,4,18.2,,,,,,,,967.3,,2.2,,0,0,0,0,0,0,0,,,,
KLO,2012,8,23,5,18.3,,,,,,,,967.2,,2.5,,44,0,0,0,0,0,0,,,,
KLO,2012,8,23,6,18.9,,,,,,,,967.1,,2.4,,120,0,0,0,0,0,0,,,,
KLO,2012,8,23,7,19.4,,,,,,,,967,,1.5,,180,2280.9,29.7,0,0,0,0,,,,
KLO,2012,8,23,8,20.3,,,,,,,,966.9,,2.3,,377,1331.8,62.2,0,0,0,0,,,,
KLO,2012,8,23,9,21.5,,,,,,,,966.4,,2,,629,1304.9,103.8,0,0,0,0,,,,
KLO,2012,8,23,10,22.7,,,,,,,,966,,1.1,,726,1099.4,119.8,0,0,0,0,,,,
KLO,2012,8,23,11,24.1,,,,,,,,965.6,,1,,751,932.3,123.9,0,0,0,0,,,,
KLO,2012,8,23,12,24.6,,,,,,,,965.3,,1.8,,482,185.9,341.1,0,0,0,0,,,,
KLO,2012,8,23,13,24.3,,,,,,,,965.3,,1.4,,179,3.4,176.3,0,0,0,0,,,,
KLO,2012,8,23,14,25.4,,,,,,,,964.8,,1.2,,441,98.9,361.9,0,0,0,0,,,,
KLO,2012,8,23,15,26.9,,,,,,,,964.2,,2.1,,430,115.5,342.9,0,0,0,0,,,,
KLO,2012,8,23,16,26.9,,,,,,,,963.3,,2.9,,279,25.7,261.9,0,0,0,0,,,,
KLO,2012,8,23,17,25.5,,,,,,,,962.4,,1.8,,119,3.2,117.2,0,0,0,0,,,,
KLO,2012,8,23,18,23,,,,,,,,962.4,,1.8,,6,0,6,0,0,0,0,,,,
KLO,2012,8,23,19,21.7,,,,,,,,961.9,,3.3,,0,0,0,0,0,0,0,,,,
KLO,2012,8,23,20,21.6,,,,,,,,961.4,,2.9,,0,0,0,0,0,0,0,,,,
KLO,2012,8,23,21,21.1,,,,,,,,962.6,,4.8,,0,0,0,0,0,0,0,,,,
KLO,2012,8,23,22,19.1,,,,,,,,963.7,,3.2,,0,0,0,0,0,0,0,,,,
KLO,2012,8,23,23,18.3,,,,,,,,963.9,,2.8,,0,0,0,0,0,0,0,,,,
KLO,2012,8,24,0,18.3,,,,,,,,965.1,,3,,0,0,0,0,0,0,0,,,,
KLO,2012,8,24,1,18.1,,,,,,,,963,,4.5,,0,0,0,0,0,0,0,,,,
KLO,2012,8,24,2,18.1,,,,,,,,961.9,,2.2,,0,0,0,0,0,0,0,,,,
KLO,2012,8,24,3,17.4,,,,,,,,961,,1.4,,0,0,0,0,0,0,0,,,,
KLO,2012,8,24,4,17.7,,,,,,,,961.7,,1.7,,0,0,0,0,0,0,0,,,,
KLO,2012,8,24,5,18,,,,,,,,962.2,,1.8,,17,0,0,0,0,0,0,,,,
KLO,2012,8,24,6,18.8,,,,,,,,962.4,,2,,37,0,0,0,0,0,0,,,,
KLO,2012,8,24,7,19.6,,,,,,,,962.1,,1.9,,57,619.9,18.3,0,0,0,0,,,,
KLO,2012,8,24,8,20.5,,,,,,,,962.4,,1,,116,61,101.8,0,0,0,0,,,,
KLO,2012,8,24,9,20.4,,,,,,,,963,,1.4,,128,7.6,125,0,0,0,0,,,,
KLO,2012,8,24,10,20.3,,,,,,,,963.1,,1.6,,110,2.7,108.5,0,0,0,0,,,,
KLO,2012,8,24,11,20.9,,,,,,,,962.3,,1.6,,351,78.1,298.7,0,0,0,0,,,,
KLO,2012,8,24,12,22.8,,,,,,,,961.5,,1.5,,471,171.5,341.6,0,0,0,0,,,,
KLO,2012,8,24,13,23.2,,,,,,,,961.3,,1.9,,368,41.8,334.7,0,0,0,0,,,,
KLO,2012,8,24,14,22.2,,,,,,,,961.4,,3.2,,231,5.7,226.5,0,0,0,0,,,,
KLO,2012,8,24,15,21,,,,,,,,961.9,,3,,97,1.1,96.2,0,0,0,0,,,,
KLO,2012,8,24,16,20.2,,,,,,,,961.7,,1.5,,80,1,79.3,0,0,0,0,,,,
KLO,2012,8,24,17,19.9,,,,,,,,960.9,,0.8,,22,0.1,21.9,0,0,0,0,,,,
KLO,2012,8,24,18,19.3,,,,,,,,961.3,,2.5,,0,0,0,0,0,0,0,,,,
KLO,2012,8,24,19,19,,,,,,,,962,,2.1,,0,0,0,0,0,0,0,,,,
KLO,2012,8,24,20,18.9,,,,,,,,963,,1.2,,0,0,0,0,0,0,0,,,,
KLO,2012,8,24,21,18.8,,,,,,,,963.3,,1.6,,0,0,0,0,0,0,0,,,,
KLO,2012,8,24,22,18.8,,,,,,,,963.2,,2.3,,0,0,0,0,0,0,0,,,,
KLO,2012,8,24,23,18.7,,,,,,,,963.1,,2.5,,0,0,0,0,0,0,0,,,,
KLO,2012,8,25,0,18.6,,,,,,,,962.7,,2.1,,0,0,0,0,0,0,0,,,,
KLO,2012,8,25,1,18.6,,,,,,,,962.4,,2.5,,0,0,0,0,0,0,0,,,,
KLO,2012,8,25,2,18.7,,,,,,,,962.5,,1.9,,0,0,0,0,0,0,0,,,,
KLO,2012,8,25,3,18.6,,,,,,,,962.1,,2.1,,0,0,0,0,0,0,0,,,,
KLO,2012,8,25,4,18.5,,,,,,,,962.1,,1,,0,0,0,0,0,0,0,,,,
KLO,2012,8,25,5,18.6,,,,,,,,962.2,,0.9,,31,0,0,0,0,0,0,,,,
KLO,2012,8,25,6,19.4,,,,,,,,962.4,,0.6,,177,0,0,0,0,0,0,,,,
KLO,2012,8,25,7,20.6,,,,,,,,962.7,,2.3,,400,5671.7,66,0,0,0,0,,,,
KLO,2012,8,25,8,20.7,,,,,,,,963.3,,2.7,,270,982.4,44.6,0,0,0,0,,,,
KLO,2012,8,25,9,21.3,,,,,,,,963.4,,3.2,,434,915.4,71.6,0,0,0,0,,,,
KLO,2012,8,25,10,22.7,,,,,,,,963.2,,1.9,,711,1089.5,117.3,0,0,0,0,,,,
KLO,2012,8,25,11,22.9,,,,,,,,962.7,,2.3,,663,808.1,124.7,0,0,0,0,,,,
KLO,2012,8,25,12,23.9,,,,,,,,962.5,,2.8,,648,566.4,222.5,0,0,0,0,,,,
KLO,2012,8,25,13,24.3,,,,,,,,962.2,,3.5,,613,393.3,300.5,0,0,0,0,,,,
KLO,2012,8,25,14,24.3,,,,,,,,961.9,,3,,394,60.3,346.2,0,0,0,0,,,,
KLO,2012,8,25,15,23.6,,,,,,,,962,,4.8,,296,19.5,281.4,0,0,0,0,,,,
KLO,2012,8,25,16,21.4,,,,,,,,962.3,,5.6,,160,4,157.4,0,0,0,0,,,,
KLO,2012,8,25,17,19.5,,,,,,,,962.4,,3.7,,50,0.6,49.7,0,0,0,0,,,,
KLO,2012,8,25,18,17.2,,,,,,,,964.1,,3.9,,0,0,0,0,0,0,0,,,,
KLO,2012,8,25,19,15.6,,,,,,,,965.3,,2.5,,0,0,0,0,0,0,0,,,,
KLO,2012,8,25,20,15.6,,,,,,,,966,,3.9,,0,0,0,0,0,0,0,,,,
KLO,2012,8,25,21,15.5,,,,,,,,966.1,,3.7,,0,0,0,0,0,0,0,,,,
KLO,2012,8,25,22,15.4,,,,,,,,966.5,,1.7,,0,0,0,0,0,0,0,,,,
KLO,2012,8,25,23,15.7,,,,,,,,966.7,,1.1,,0,0,0,0,0,0,0,,,,
KLO,2012,8,26,0,15.8,,,,,,,,966.5,,3.1,,0,0,0,0,0,0,0,,,,
KLO,2012,8,26,1,15.4,,,,,,,,966.4,,1.9,,0,0,0,0,0,0,0,,,,
KLO,2012,8,26,2,15.3,,,,,,,,966.6,,1.3,,0,0,0,0,0,0,0,,,,
KLO,2012,8,26,3,15.4,,,,,,,,966.6,,0.5,,0,0,0,0,0,0,0,,,,
KLO,2012,8,26,4,14.9,,,,,,,,966.8,,0.7,,0,0,0,0,0,0,0,,,,
KLO,2012,8,26,5,14.6,,,,,,,,967.3,,1.9,,38,0,0,0,0,0,0,,,,
KLO,2012,8,26,6,15.3,,,,,,,,967.8,,3.9,,150,0,0,0,0,0,0,,,,
KLO,2012,8,26,7,16.1,,,,,,,,968.1,,3.8,,348,5247.1,57.4,0,0,0,0,,,,
KLO,2012,8,26,8,17.4,,,,,,,,968.4,,5.9,,594,2194.3,98,0,0,0,0,,,,
KLO,2012,8,26,9,17.8,,,,,,,,969,,4.6,,475,1010.4,78.4,0,0,0,0,,,,
KLO,2012,8,26,10,18.3,,,,,,,,969.3,,3.8,,550,836.6,96.9,0,0,0,0,,,,
KLO,2012,8,26,11,18.4,,,,,,,,969.4,,4.2,,463,271.1,283.3,0,0,0,0,,,,
KLO,2012,8,26,12,19.7,,,,,,,,969.3,,5.5,,764,844.6,132.3,0,0,0,0,,,,
KLO,2012,8,26,13,19.1,,,,,,,,969.5,,5.5,,605,381,303.7,0,0,0,0,,,,
KLO,2012,8,26,14,19.4,,,,,,,,969.4,,5.3,,484,158.9,358.7,0,0,0,0,,,,
KLO,2012,8,26,15,18.1,,,,,,,,969.9,,4.6,,333,36.3,306.1,0,0,0,0,,,,
KLO,2012,8,26,16,18,,,,,,,,970.2,,5,,253,17.3,241.7,0,0,0,0,,,,
KLO,2012,8,26,17,17.5,,,,,,,,970.4,,3.8,,108,2.8,106.5,0,0,0,0,,,,
KLO,2012,8,26,18,16.6,,,,,,,,971,,4,,7,0,7,0,0,0,0,,,,
KLO,2012,8,26,19,15.9,,,,,,,,972,,2.8,,0,0,0,0,0,0,0,,,,
KLO,2012,8,26,20,14.6,,,,,,,,972.8,,1.4,,0,0,0,0,0,0,0,,,,
KLO,2012,8,26,21,13.8,,,,,,,,973.4,,1.7,,0,0,0,0,0,0,0,,,,
KLO,2012,8,26,22,12.8,,,,,,,,973.4,,1.8,,0,0,0,0,0,0,0,,,,
KLO,2012,8,26,23,12.2,,,,,,,,973.4,,1.4,,0,0,0,0,0,0,0,,,,
KLO,2012,8,27,0,12,,,,,,,,973.3,,1,,0,0,0,0,0,0,0,,,,
KLO,2012,8,27,1,11.2,,,,,,,,972.9,,1.3,,0,0,0,0,0,0,0,,,,
KLO,2012,8,27,2,10,,,,,,,,972.8,,1.3,,0,0,0,0,0,0,0,,,,
KLO,2012,8,27,3,9.5,,,,,,,,972.6,,1.9,,0,0,0,0,0,0,0,,,,
KLO,2012,8,27,4,9.3,,,,,,,,972.8,,1.8,,0,0,0,0,0,0,0,,,,
KLO,2012,8,27,5,9.8,,,,,,,,973.1,,0.8,,48,0,0,0,0,0,0,,,,
KLO,2012,8,27,6,12.1,,,,,,,,973.3,,1.1,,204,0,0,0,0,0,0,,,,
KLO,2012,8,27,7,14.2,,,,,,,,973.1,,1.6,,372,0,0,0,0,0,0,,,,
KLO,2012,8,27,8,16.6,,,,,,,,972.8,,2.5,,441,1654.6,72.8,0,0,0,0,,,,
KLO,2012,8,27,9,18.7,,,,,,,,972.4,,4.1,,666,1428.9,109.9,0,0,0,0,,,,
KLO,2012,8,27,10,19.9,,,,,,,,971.8,,4.8,,736,1141.7,121.4,0,0,0,0,,,,
KLO,2012,8,27,11,21,,,,,,,,971.2,,5.5,,825,1044.6,136.1,0,0,0,0,,,,
KLO,2012,8,27,12,21.7,,,,,,,,970.7,,5.3,,814,913.1,134.3,0,0,0,0,,,,
KLO,2012,8,27,13,22.3,,,,,,,,970.3,,4.3,,751,739.4,168.9,0,0,0,0,,,,
KLO,2012,8,27,14,22.8,,,,,,,,969.9,,4.1,,639,471.2,269.2,0,0,0,0,,,,
KLO,2012,8,27,15,22.4,,,,,,,,969.5,,4.1,,489,219.4,327.1,0,0,0,0,,,,
KLO,2012,8,27,16,22.1,,,,,,,,969.1,,4,,316,54.3,280.7,0,0,0,0,,,,
KLO,2012,8,27,17,21.1,,,,,,,,968.7,,3.3,,134,4.4,131.7,0,0,0,0,,,,
KLO,2012,8,27,18,18.2,,,,,,,,968.9,,1.3,,12,0.1,12,0,0,0,0,,,,
KLO,2012,8,27,19,15.3,,,,,,,,969.1,,1.7,,0,0,0,0,0,0,0,,,,
KLO,2012,8,27,20,14.6,,,,,,,,969.2,,1.1,,0,0,0,0,0,0,0,,,,
KLO,2012,8,27,21,13.5,,,,,,,,969.2,,1,,0,0,0,0,0,0,0,,,,
KLO,2012,8,27,22,12.6,,,,,,,,969.1,,0.7,,0,0,0,0,0,0,0,,,,
KLO,2012,8,27,23,11.9,,,,,,,,968.9,,1,,0,0,0,0,0,0,0,,,,
KLO,2012,8,28,0,11.2,,,,,,,,968.6,,1.1,,0,0,0,0,0,0,0,,,,
KLO,2012,8,28,1,11,,,,,,,,968.4,,0.8,,0,0,0,0,0,0,0,,,,
KLO,2012,8,28,2,10.8,,,,,,,,968.4,,1.1,,0,0,0,0,0,0,0,,,,
KLO,2012,8,28,3,10.4,,,,,,,,968.4,,0.4,,0,0,0,0,0,0,0,,,,
KLO,2012,8,28,4,10.7,,,,,,,,968.5,,0.4,,0,0,0,0,0,0,0,,,,
KLO,2012,8,28,5,11,,,,,,,,969,,0.9,,44,0,0,0,0,0,0,,,,
KLO,2012,8,28,6,13.7,,,,,,,,969.4,,0.9,,199,0,0,0,0,0,0,,,,
KLO,2012,8,28,7,16.7,,,,,,,,969.3,,0.7,,372,0,0,0,0,0,0,,,,
KLO,2012,8,28,8,19.5,,,,,,,,969.5,,1.4,,536,2043.2,88.4,0,0,0,0,,,,
KLO,2012,8,28,9,22.2,,,,,,,,969.7,,2.9,,683,1478.3,112.7,0,0,0,0,,,,
KLO,2012,8,28,10,23.7,,,,,,,,970,,3.5,,715,1116.1,118,0,0,0,0,,,,
KLO,2012,8,28,11,25.1,,,,,,,,970,,2.2,,739,940.5,121.9,0,0,0,0,,,,
KLO,2012,8,28,12,24.9,,,,,,,,970.2,,3.5,,473,187.6,334,0,0,0,0,,,,
KLO,2012,8,28,13,25.1,,,,,,,,970.1,,3.6,,466,138.2,357.7,0,0,0,0,,,,
KLO,2012,8,28,14,24.2,,,,,,,,970,,2.7,,209,4.8,205.2,0,0,0,0,,,,
KLO,2012,8,28,15,22.8,,,,,,,,970.1,,2.2,,99,1.2,98.1,0,0,0,0,,,,
KLO,2012,8,28,16,21.9,,,,,,,,970.4,,1,,74,0.9,73.4,0,0,0,0,,,,
KLO,2012,8,28,17,21,,,,,,,,970.6,,1.7,,52,0.7,51.7,0,0,0,0,,,,
KLO,2012,8,28,18,20.4,,,,,,,,970.7,,1.9,,12,0.1,12,0,0,0,0,,,,
KLO,2012,8,28,19,19.3,,,,,,,,970.9,,1.8,,0,0,0,0,0,0,0,,,,
KLO,2012,8,28,20,18.6,,,,,,,,971,,0.9,,0,0,0,0,0,0,0,,,,
KLO,2012,8,28,21,17,,,,,,,,970.9,,1.5,,0,0,0,0,0,0,0,,,,
KLO,2012,8,28,22,16.5,,,,,,,,971.1,,1.4,,0,0,0,0,0,0,0,,,,
KLO,2012,8,28,23,15.2,,,,,,,,971.3,,0.8,,0,0,0,0,0,0,0,,,,
KLO,2012,8,29,0,14.5,,,,,,,,971.3,,0.7,,0,0,0,0,0,0,0,,,,
KLO,2012,8,29,1,13.9,,,,,,,,971.1,,0.6,,0,0,0,0,0,0,0,,,,
KLO,2012,8,29,2,13.3,,,,,,,,971,,1.4,,0,0,0,0,0,0,0,,,,
KLO,2012,8,29,3,13.1,,,,,,,,970.9,,1.1,,0,0,0,0,0,0,0,,,,
KLO,2012,8,29,4,13,,,,,,,,970.9,,1.5,,0,0,0,0,0,0,0,,,,
KLO,2012,8,29,5,13.2,,,,,,,,971.1,,1.1,,37,0,0,0,0,0,0,,,,
KLO,2012,8,29,6,15,,,,,,,,971.1,,0.6,,135,0,0,0,0,0,0,,,,
KLO,2012,8,29,7,16.5,,,,,,,,971.1,,0.4,,304,0,0,0,0,0,0,,,,
KLO,2012,8,29,8,18.8,,,,,,,,971,,0.8,,506,1960.4,83.5,0,0,0,0,,,,
KLO,2012,8,29,9,21,,,,,,,,970.7,,0.9,,596,1301.6,98.3,0,0,0,0,,,,
KLO,2012,8,29,10,22.4,,,,,,,,970.3,,0.9,,735,1154.6,121.3,0,0,0,0,,,,
KLO,2012,8,29,11,24.2,,,,,,,,969.8,,1.3,,785,1004.3,129.5,0,0,0,0,,,,
KLO,2012,8,29,12,25.6,,,,,,,,969.1,,1.1,,718,772.6,148.4,0,0,0,0,,,,
KLO,2012,8,29,13,26.2,,,,,,,,968.5,,0.6,,594,373.9,302.5,0,0,0,0,,,,
KLO,2012,8,29,14,26.8,,,,,,,,967.8,,0.8,,580,347.2,310.2,0,0,0,0,,,,
KLO,2012,8,29,15,26.8,,,,,,,,967.4,,1.2,,384,78.9,326.4,0,0,0,0,,,,
KLO,2012,8,29,16,25.1,,,,,,,,967.3,,0.8,,53,0.5,52.7,0,0,0,0,,,,
KLO,2012,8,29,17,23,,,,,,,,967.8,,1.6,,1,0,1,0,0,0,0,,,,
KLO,2012,8,29,18,21.7,,,,,,,,969.4,,3,,0,0,0,0,0,0,0,,,,
KLO,2012,8,29,19,20.5,,,,,,,,970.2,,2.4,,0,0,0,0,0,0,0,,,,
KLO,2012,8,29,20,20.2,,,,,,,,969.9,,5.8,,0,0,0,0,0,0,0,,,,
KLO,2012,8,29,21,18.8,,,,,,,,969.3,,4.3,,0,0,0,0,0,0,0,,,,
KLO,2012,8,29,22,18.1,,,,,,,,969.4,,1.4,,0,0,0,0,0,0,0,,,,
KLO,2012,8,29,23,17.2,,,,,,,,969.2,,1,,0,0,0,0,0,0,0,,,,
KLO,2012,8,30,0,16.5,,,,,,,,968.9,,1.7,,0,0,0,0,0,0,0,,,,
KLO,2012,8,30,1,17.9,,,,,,,,970.2,,3.2,,0,0,0,0,0,0,0,,,,
KLO,2012,8,30,2,17.4,,,,,,,,969.6,,1.7,,0,0,0,0,0,0,0,,,,
KLO,2012,8,30,3,17.3,,,,,,,,969,,1.6,,0,0,0,0,0,0,0,,,,
KLO,2012,8,30,4,17.1,,,,,,,,968.4,,0.8,,0,0,0,0,0,0,0,,,,
KLO,2012,8,30,5,16.9,,,,,,,,968.6,,1.4,,9,0,0,0,0,0,0,,,,
KLO,2012,8,30,6,17.6,,,,,,,,968.4,,1.3,,68,0,0,0,0,0,0,,,,
KLO,2012,8,30,7,18.1,,,,,,,,968.5,,0.8,,98,0,0,0,0,0,0,,,,
KLO,2012,8,30,8,18.6,,,,,,,,968.9,,0.8,,292,1150.2,48.2,0,0,0,0,,,,
KLO,2012,8,30,9,19.9,,,,,,,,968.8,,2.3,,336,611.3,104.4,0,0,0,0,,,,
KLO,2012,8,30,10,19.1,,,,,,,,968.5,,3.1,,121,3.5,119.1,0,0,0,0,,,,
KLO,2012,8,30,11,18.3,,,,,,,,968.5,,2.2,,75,0.9,74.4,0,0,0,0,,,,
KLO,2012,8,30,12,17.8,,,,,,,,968.8,,2.4,,38,0.2,37.9,0,0,0,0,,,,
KLO,2012,8,30,13,17.1,,,,,,,,968.8,,2.9,,79,0.7,78.5,0,0,0,0,,,,
KLO,2012,8,30,14,16.7,,,,,,,,969.5,,3.1,,56,0.4,55.7,0,0,0,0,,,,
KLO,2012,8,30,15,16,,,,,,,,969.9,,3.2,,34,0.1,33.9,0,0,0,0,,,,
KLO,2012,8,30,16,15.3,,,,,,,,970,,1.7,,36,0.2,35.9,0,0,0,0,,,,
KLO,2012,8,30,17,15.3,,,,,,,,970.1,,1.1,,19,0.1,19,0,0,0,0,,,,
KLO,2012,8,30,18,15,,,,,,,,970.6,,2,,3,0,3,0,0,0,0,,,,
KLO,2012,8,30,19,14.6,,,,,,,,971.1,,2.1,,0,0,0,0,0,0,0,,,,
KLO,2012,8,30,20,14.4,,,,,,,,971,,2.3,,0,0,0,0,0,0,0,,,,
KLO,2012,8,30,21,14.2,,,,,,,,970.8,,2.4,,0,0,0,0,0,0,0,,,,
KLO,2012,8,30,22,14.1,,,,,,,,970.7,,2.6,,0,0,0,0,0,0,0,,,,
KLO,2012,8,30,23,14.1,,,,,,,,970.5,,1.6,,0,0,0,0,0,0,0,,,,
KLO,2012,8,31,0,14.2,,,,,,,,970.2,,2.2,,0,0,0,0,0,0,0,,,,
KLO,2012,8,31,1,14,,,,,,,,970,,1.7,,0,0,0,0,0,0,0,,,,
KLO,2012,8,31,2,14,,,,,,,,969.9,,1.9,,0,0,0,0,0,0,0,,,,
KLO,2012,8,31,3,13.7,,,,,,,,969.4,,2,,0,0,0,0,0,0,0,,,,
KLO,2012,8,31,4,13.7,,,,,,,,969.1,,2.5,,0,0,0,0,0,0,0,,,,
KLO,2012,8,31,5,13.4,,,,,,,,968.9,,1.6,,4,0,0,0,0,0,0,,,,
KLO,2012,8,31,6,13.8,,,,,,,,969,,1.1,,33,0,0,0,0,0,0,,,,
KLO,2012,8,31,7,13.3,,,,,,,,969.1,,1.7,,22,0,0,0,0,0,0,,,,
KLO,2012,8,31,8,13.2,,,,,,,,969.5,,1.8,,48,3.6,47.3,0,0,0,0,,,,
KLO,2012,8,31,9,11.9,,,,,,,,970.4,,3.1,,72,2.5,71.1,0,0,0,0,,,,
KLO,2012,8,31,10,12.6,,,,,,,,970.4,,2.2,,224,27.9,209.3,0,0,0,0,,,,
KLO,2012,8,31,11,13.5,,,,,,,,970.3,,2.5,,294,38.7,269,0,0,0,0,,,,
KLO,2012,8,31,12,14.2,,,,,,,,970.1,,3.4,,233,7.4,227.6,0,0,0,0,,,,
KLO,2012,8,31,13,13.2,,,,,,,,970.2,,4.2,,146,2.4,144.1,0,0,0,0,,,,
KLO,2012,8,31,14,12.7,,,,,,,,970.7,,2.7,,83,0.8,82.4,0,0,0,0,,,,
KLO,2012,8,31,15,12.4,,,,,,,,970.8,,2.7,,46,0.3,45.8,0,0,0,0,,,,
KLO,2012,8,31,16,12.3,,,,,,,,970.7,,2.4,,47,0.4,46.8,0,0,0,0,,,,
KLO,2012,8,31,17,11.9,,,,,,,,970.6,,2.2,,16,0.1,16,0,0,0,0,,,,
KLO,2012,8,31,18,11.8,,,,,,,,970.5,,1.8,,4,0,4,0,0,0,0,,,,
KLO,2012,8,31,19,11.7,,,,,,,,970.6,,1.9,,0,0,0,0,0,0,0,,,,
KLO,2012,8,31,20,11.4,,,,,,,,970.6,,1.3,,0,0,0,0,0,0,0,,,,
KLO,2012,8,31,21,11.1,,,,,,,,970.5,,1.6,,0,0,0,0,0,0,0,,,,
KLO,2012,8,31,22,10.9,,,,,,,,970.4,,2,,0,0,0,0,0,0,0,,,,
KLO,2012,8,31,23,11.1,,,,,,,,970.4,,1.1,,0,0,0,0,0,0,0,,,,
KLO,2012,9,1,0,11.3,,,,,,,,970.1,,0.8,,0,0,0,0,0,0,0,,,,
KLO,2012,9,1,1,11.4,,,,,,,,970.1,,1.2,,0,0,0,0,0,0,0,,,,
KLO,2012,9,1,2,11.3,,,,,,,,970.2,,0.7,,0,0,0,0,0,0,0,,,,
KLO,2012,9,1,3,11.3,,,,,,,,969.9,,0.8,,0,0,0,0,0,0,0,,,,
KLO,2012,9,1,4,11,,,,,,,,969.9,,2.4,,0,0,0,0,0,0,0,,,,
KLO,2012,9,1,5,11,,,,,,,,970,,0.8,,3,0,0,0,0,0,0,,,,
KLO,2012,9,1,6,11.5,,,,,,,,970.2,,1.7,,30,0,0,0,0,0,0,,,,
KLO,2012,9,1,7,11.7,,,,,,,,970.6,,1.7,,36,0,0,0,0,0,0,,,,
KLO,2012,9,1,8,12.1,,,,,,,,970.9,,1.1,,71,10.2,68.9,0,0,0,0,,,,
KLO,2012,9,1,9,13.5,,,,,,,,971.1,,2.8,,322,569.1,110.4,0,0,0,0,,,,
KLO,2012,9,1,10,13.5,,,,,,,,971,,4,,88,1.9,87,0,0,0,0,,,,
KLO,2012,9,1,11,13.5,,,,,,,,971,,5,,131,2.8,129.2,0,0,0,0,,,,
KLO,2012,9,1,12,13.8,,,,,,,,971.1,,4.8,,163,3.4,160.5,0,0,0,0,,,,
KLO,2012,9,1,13,13.4,,,,,,,,971.1,,5.3,,90,0.9,89.3,0,0,0,0,,,,
KLO,2012,9,1,14,13.2,,,,,,,,971.2,,5.6,,63,0.5,62.7,0,0,0,0,,,,
KLO,2012,9,1,15,13.4,,,,,,,,971.4,,4.5,,68,0.6,67.6,0,0,0,0,,,,
KLO,2012,9,1,16,13.5,,,,,,,,971.6,,4.3,,43,0.3,42.8,0,0,0,0,,,,
KLO,2012,9,1,17,13.4,,,,,,,,971.5,,3.5,,5,0,5,0,0,0,0,,,,
KLO,2012,9,1,18,13.4,,,,,,,,971.6,,3.2,,0,0,0,0,0,0,0,,,,
KLO,2012,9,1,19,13.6,,,,,,,,971.9,,3.2,,0,0,0,0,0,0,0,,,,
KLO,2012,9,1,20,13.7,,,,,,,,972.2,,1.8,,0,0,0,0,0,0,0,,,,
KLO,2012,9,1,21,13.7,,,,,,,,972.3,,2.2,,0,0,0,0,0,0,0,,,,
KLO,2012,9,1,22,13.6,,,,,,,,972.4,,2.3,,0,0,0,0,0,0,0,,,,
KLO,2012,9,1,23,13.7,,,,,,,,972.3,,2.6,,0,0,0,0,0,0,0,,,,
KLO,2012,9,2,0,13.8,,,,,,,,972.1,,2.2,,0,0,0,0,0,0,0,,,,
KLO,2012,9,2,1,13.9,,,,,,,,971.8,,2,,0,0,0,0,0,0,0,,,,
KLO,2012,9,2,2,14,,,,,,,,971.7,,1.4,,0,0,0,0,0,0,0,,,,
KLO,2012,9,2,3,13.7,,,,,,,,971.6,,1.5,,0,0,0,0,0,0,0,,,,
KLO,2012,9,2,4,13.9,,,,,,,,971.5,,2.9,,0,0,0,0,0,0,0,,,,
KLO,2012,9,2,5,13.8,,,,,,,,971.7,,3,,15,0,0,0,0,0,0,,,,
KLO,2012,9,2,6,14,,,,,,,,971.6,,2.3,,53,0,0,0,0,0,0,,,,
KLO,2012,9,2,7,14.9,,,,,,,,971.5,,1.6,,186,0,0,0,0,0,0,,,,
KLO,2012,9,2,8,15.5,,,,,,,,971.7,,3.5,,227,941.9,37.5,0,0,0,0,,,,
KLO,2012,9,2,9,15.7,,,,,,,,972,,3.5,,168,38.8,153.7,0,0,0,0,,,,
KLO,2012,9,2,10,16.3,,,,,,,,972.1,,4,,253,54.8,224.7,0,0,0,0,,,,
KLO,2012,9,2,11,17.4,,,,,,,,972.1,,4.5,,384,144,292.1,0,0,0,0,,,,
KLO,2012,9,2,12,18.4,,,,,,,,972.3,,4.4,,496,250.5,315,0,0,0,0,,,,
KLO,2012,9,2,13,18.3,,,,,,,,972.3,,3,,321,25.6,301.4,0,0,0,0,,,,
KLO,2012,9,2,14,18.1,,,,,,,,972.4,,3.4,,183,3.9,180,0,0,0,0,,,,
KLO,2012,9,2,15,18.4,,,,,,,,972.5,,2.4,,210,5.8,205.8,0,0,0,0,,,,
KLO,2012,9,2,16,18.5,,,,,,,,972.9,,2.5,,198,7.4,193.4,0,0,0,0,,,,
KLO,2012,9,2,17,17.7,,,,,,,,973,,2.5,,64,1.1,63.4,0,0,0,0,,,,
KLO,2012,9,2,18,16.5,,,,,,,,973.4,,2.1,,4,0,4,0,0,0,0,,,,
KLO,2012,9,2,19,16.2,,,,,,,,974,,1.7,,0,0,0,0,0,0,0,,,,
KLO,2012,9,2,20,16,,,,,,,,974.1,,1.7,,0,0,0,0,0,0,0,,,,
KLO,2012,9,2,21,15.1,,,,,,,,974.1,,1.9,,0,0,0,0,0,0,0,,,,
KLO,2012,9,2,22,15.2,,,,,,,,974,,1.7,,0,0,0,0,0,0,0,,,,
KLO,2012,9,2,23,15.3,,,,,,,,974,,2,,0,0,0,0,0,0,0,,,,
KLO,2012,9,3,0,15.2,,,,,,,,973.4,,3.3,,0,0,0,0,0,0,0,,,,
KLO,2012,9,3,1,14.8,,,,,,,,973,,2.4,,0,0,0,0,0,0,0,,,,
KLO,2012,9,3,2,14.4,,,,,,,,972.8,,2.2,,0,0,0,0,0,0,0,,,,
KLO,2012,9,3,3,14.9,,,,,,,,972.2,,3.5,,0,0,0,0,0,0,0,,,,
KLO,2012,9,3,4,15,,,,,,,,972,,4,,0,0,0,0,0,0,0,,,,
KLO,2012,9,3,5,15,,,,,,,,972.1,,4.6,,8,0,0,0,0,0,0,,,,
KLO,2012,9,3,6,15.2,,,,,,,,972.1,,4.7,,47,0,0,0,0,0,0,,,,
KLO,2012,9,3,7,16,,,,,,,,971.8,,4.5,,170,0,0,0,0,0,0,,,,
KLO,2012,9,3,8,17.2,,,,,,,,971.5,,3.6,,245,1035.2,40.4,0,0,0,0,,,,
KLO,2012,9,3,9,17.9,,,,,,,,971.3,,4.3,,267,320.7,150,0,0,0,0,,,,
KLO,2012,9,3,10,18.8,,,,,,,,971.1,,5.7,,373,310.5,213.4,0,0,0,0,,,,
KLO,2012,9,3,11,19.2,,,,,,,,970.6,,6.2,,320,63.5,279.7,0,0,0,0,,,,
KLO,2012,9,3,12,19.1,,,,,,,,970.5,,5.2,,161,3.4,158.6,0,0,0,0,,,,
KLO,2012,9,3,13,19.2,,,,,,,,970.2,,3.9,,102,1.2,101.1,0,0,0,0,,,,
KLO,2012,9,3,14,19.2,,,,,,,,970,,2.5,,85,0.8,84.4,0,0,0,0,,,,
KLO,2012,9,3,15,19.3,,,,,,,,969.9,,2.4,,72,0.7,71.5,0,0,0,0,,,,
KLO,2012,9,3,16,19.4,,,,,,,,969.7,,2.4,,59,0.6,58.6,0,0,0,0,,,,
KLO,2012,9,3,17,19.2,,,,,,,,969.7,,2.5,,13,0,13,0,0,0,0,,,,
KLO,2012,9,3,18,19,,,,,,,,969.8,,2.3,,1,0,1,0,0,0,0,,,,
KLO,2012,9,3,19,18.4,,,,,,,,970.1,,2.4,,0,0,0,0,0,0,0,,,,
KLO,2012,9,3,20,17.9,,,,,,,,970.2,,1.8,,0,0,0,0,0,0,0,,,,
KLO,2012,9,3,21,17.7,,,,,,,,970.1,,2,,0,0,0,0,0,0,0,,,,
KLO,2012,9,3,22,18.2,,,,,,,,970.2,,2.5,,0,0,0,0,0,0,0,,,,
KLO,2012,9,3,23,18.1,,,,,,,,970,,3.3,,0,0,0,0,0,0,0,,,,
KLO,2012,9,4,0,17.8,,,,,,,,969.5,,3.3,,0,0,0,0,0,0,0,,,,
KLO,2012,9,4,1,17.7,,,,,,,,969.1,,3.9,,0,0,0,0,0,0,0,,,,
KLO,2012,9,4,2,17.7,,,,,,,,968.7,,3.7,,0,0,0,0,0,0,0,,,,
KLO,2012,9,4,3,17.3,,,,,,,,968.6,,2.2,,0,0,0,0,0,0,0,,,,
KLO,2012,9,4,4,17.7,,,,,,,,968.5,,2.6,,0,0,0,0,0,0,0,,,,
KLO,2012,9,4,5,18.1,,,,,,,,968.6,,2.8,,4,0,0,0,0,0,0,,,,
KLO,2012,9,4,6,18.3,,,,,,,,968.7,,2.2,,27,0,0,0,0,0,0,,,,
KLO,2012,9,4,7,18.6,,,,,,,,968.8,,3,,91,0,0,0,0,0,0,,,,
KLO,2012,9,4,8,19.1,,,,,,,,968.9,,3.4,,246,1058.9,40.6,0,0,0,0,,,,
KLO,2012,9,4,9,20.3,,,,,,,,969,,4.7,,473,1093.4,78,0,0,0,0,,,,
KLO,2012,9,4,10,21.3,,,,,,,,968.7,,4.5,,606,991.3,100,0,0,0,0,,,,
KLO,2012,9,4,11,22,,,,,,,,968.4,,6,,658,868,110.2,0,0,0,0,,,,
KLO,2012,9,4,12,22,,,,,,,,968.4,,6.3,,374,75.7,319.9,0,0,0,0,,,,
KLO,2012,9,4,13,22,,,,,,,,968.2,,4.8,,277,13,267.2,0,0,0,0,,,,
KLO,2012,9,4,14,22.3,,,,,,,,968,,5.5,,221,5.8,216.6,0,0,0,0,,,,
KLO,2012,9,4,15,22.4,,,,,,,,967.7,,5.2,,253,12,244.6,0,0,0,0,,,,
KLO,2012,9,4,16,21.7,,,,,,,,967.5,,6.1,,141,3.6,138.8,0,0,0,0,,,,
KLO,2012,9,4,17,21.1,,,,,,,,967.5,,6.4,,43,0.5,42.7,0,0,0,0,,,,
KLO,2012,9,4,18,20.5,,,,,,,,968,,5,,2,0,2,0,0,0,0,,,,
KLO,2012,9,4,19,20.4,,,,,,,,968.4,,3,,0,0,0,0,0,0,0,,,,
KLO,2012,9,4,20,19.6,,,,,,,,968.5,,1.2,,0,0,0,0,0,0,0,,,,
KLO,2012,9,4,21,19,,,,,,,,968.6,,1.5,,0,0,0,0,0,0,0,,,,
KLO,2012,9,4,22,18.1,,,,,,,,968.6,,1.3,,0,0,0,0,0,0,0,,,,
KLO,2012,9,4,23,17,,,,,,,,968.4,,1.3,,0,0,0,0,0,0,0,,,,
KLO,2012,9,5,0,16.2,,,,,,,,968.1,,1.3,,0,0,0,0,0,0,0,,,,
KLO,2012,9,5,1,15.8,,,,,,,,968,,1.3,,0,0,0,0,0,0,0,,,,
KLO,2012,9,5,2,16.5,,,,,,,,967.8,,2.3,,0,0,0,0,0,0,0,,,,
KLO,2012,9,5,3,16.2,,,,,,,,967.7,,2.7,,0,0,0,0,0,0,0,,,,
KLO,2012,9,5,4,16,,,,,,,,967.7,,2,,0,0,0,0,0,0,0,,,,
KLO,2012,9,5,5,16.4,,,,,,,,967.9,,2.5,,17,0,0,0,0,0,0,,,,
KLO,2012,9,5,6,17.1,,,,,,,,968.3,,2.4,,108,0,0,0,0,0,0,,,,
KLO,2012,9,5,7,17.4,,,,,,,,968.5,,3.1,,110,0,0,0,0,0,0,,,,
KLO,2012,9,5,8,18,,,,,,,,968.8,,1.9,,122,188.4,86.1,0,0,0,0,,,,
KLO,2012,9,5,9,19.1,,,,,,,,969,,2.4,,247,255.7,155.6,0,0,0,0,,,,
KLO,2012,9,5,10,20.6,,,,,,,,968.9,,2.7,,507,812.2,95.4,0,0,0,0,,,,
KLO,2012,9,5,11,21.9,,,,,,,,968.7,,3.1,,678,902.4,111.9,0,0,0,0,,,,
KLO,2012,9,5,12,21.9,,,,,,,,968.6,,3.3,,457,190.5,321.5,0,0,0,0,,,,
KLO,2012,9,5,13,22.2,,,,,,,,968.5,,2.8,,397,78.9,337.7,0,0,0,0,,,,
KLO,2012,9,5,14,22.1,,,,,,,,968.6,,2.1,,325,30.3,302.4,0,0,0,0,,,,
KLO,2012,9,5,15,21.9,,,,,,,,968.6,,2.5,,217,6.8,212.3,0,0,0,0,,,,
KLO,2012,9,5,16,21.2,,,,,,,,968.8,,1.6,,52,0.5,51.7,0,0,0,0,,,,
KLO,2012,9,5,17,20.6,,,,,,,,968.9,,0.7,,17,0.1,17,0,0,0,0,,,,
KLO,2012,9,5,18,19.8,,,,,,,,969.5,,0.8,,0,0,0,0,0,0,0,,,,
KLO,2012,9,5,19,18.7,,,,,,,,970.2,,0.8,,0,0,0,0,0,0,0,,,,
KLO,2012,9,5,20,18.2,,,,,,,,970.5,,0.8,,0,0,0,0,0,0,0,,,,
KLO,2012,9,5,21,17.2,,,,,,,,971,,1.6,,0,0,0,0,0,0,0,,,,
KLO,2012,9,5,22,17.3,,,,,,,,971.5,,2.5,,0,0,0,0,0,0,0,,,,
KLO,2012,9,5,23,17,,,,,,,,971.6,,2.4,,0,0,0,0,0,0,0,,,,
KLO,2012,9,6,0,15.7,,,,,,,,971.9,,2.2,,0,0,0,0,0,0,0,,,,
KLO,2012,9,6,1,15.7,,,,,,,,972,,2.7,,0,0,0,0,0,0,0,,,,
KLO,2012,9,6,2,16.1,,,,,,,,972.3,,3.5,,0,0,0,0,0,0,0,,,,
KLO,2012,9,6,3,15.9,,,,,,,,972.5,,3.6,,0,0,0,0,0,0,0,,,,
KLO,2012,9,6,4,16.3,,,,,,,,972.7,,2.9,,0,0,0,0,0,0,0,,,,
KLO,2012,9,6,5,16,,,,,,,,973.3,,2.6,,1,0,0,0,0,0,0,,,,
KLO,2012,9,6,6,16,,,,,,,,973.9,,3.1,,25,0,0,0,0,0,0,,,,
KLO,2012,9,6,7,16,,,,,,,,974.2,,3.5,,49,0,0,0,0,0,0,,,,
KLO,2012,9,6,8,16,,,,,,,,974.6,,3.9,,67,11.8,64.8,0,0,0,0,,,,
KLO,2012,9,6,9,16.1,,,,,,,,974.9,,2.9,,167,45.6,150.9,0,0,0,0,,,,
KLO,2012,9,6,10,17.1,,,,,,,,975,,3.3,,307,152.4,230.3,0,0,0,0,,,,
KLO,2012,9,6,11,18.6,,,,,,,,974.8,,3.3,,486,401.4,235.7,0,0,0,0,,,,
KLO,2012,9,6,12,19.9,,,,,,,,974.5,,4.2,,573,458.8,248.6,0,0,0,0,,,,
KLO,2012,9,6,13,20.1,,,,,,,,974.3,,4.5,,351,44.4,317.8,0,0,0,0,,,,
KLO,2012,9,6,14,19.7,,,,,,,,974.2,,4.9,,279,14.6,268.2,0,0,0,0,,,,
KLO,2012,9,6,15,20.3,,,,,,,,974.1,,4.4,,389,104.7,316.4,0,0,0,0,,,,
KLO,2012,9,6,16,19.6,,,,,,,,974,,4.3,,220,12.9,212.3,0,0,0,0,,,,
KLO,2012,9,6,17,18.6,,,,,,,,974.2,,3.6,,74,1.6,73.2,0,0,0,0,,,,
KLO,2012,9,6,18,16.3,,,,,,,,974.5,,1.2,,2,0,2,0,0,0,0,,,,
KLO,2012,9,6,19,14.9,,,,,,,,975,,1.3,,0,0,0,0,0,0,0,,,,
KLO,2012,9,6,20,14,,,,,,,,975.1,,1.4,,0,0,0,0,0,0,0,,,,
KLO,2012,9,6,21,13.2,,,,,,,,975.1,,1.3,,0,0,0,0,0,0,0,,,,
KLO,2012,9,6,22,12,,,,,,,,975.1,,1.9,,0,0,0,0,0,0,0,,,,
KLO,2012,9,6,23,11.5,,,,,,,,974.8,,1.2,,0,0,0,0,0,0,0,,,,
KLO,2012,9,7,0,11.1,,,,,,,,974.8,,1.5,,0,0,0,0,0,0,0,,,,
KLO,2012,9,7,1,10.3,,,,,,,,974.8,,1.3,,0,0,0,0,0,0,0,,,,
KLO,2012,9,7,2,10,,,,,,,,974.9,,1.2,,0,0,0,0,0,0,0,,,,
KLO,2012,9,7,3,9.2,,,,,,,,975.1,,0.9,,0,0,0,0,0,0,0,,,,
KLO,2012,9,7,4,8.7,,,,,,,,975.1,,1.1,,0,0,0,0,0,0,0,,,,
KLO,2012,9,7,5,8.6,,,,,,,,975.3,,0.7,,19,0,0,0,0,0,0,,,,
KLO,2012,9,7,6,10.4,,,,,,,,975.7,,1.1,,128,0,0,0,0,0,0,,,,
KLO,2012,9,7,7,12,,,,,,,,975.9,,0.8,,278,0,0,0,0,0,0,,,,
KLO,2012,9,7,8,14.2,,,,,,,,976,,0.6,,470,2145,77.5,0,0,0,0,,,,
KLO,2012,9,7,9,16.5,,,,,,,,975.8,,0.6,,603,1437.4,99.5,0,0,0,0,,,,
KLO,2012,9,7,10,18.4,,,,,,,,975.4,,0.6,,727,1215.5,120,0,0,0,0,,,,
KLO,2012,9,7,11,19.9,,,,,,,,975,,0.8,,770,1037.4,127.1,0,0,0,0,,,,
KLO,2012,9,7,12,20.8,,,,,,,,974.9,,1,,748,888.7,123.1,0,0,0,0,,,,
KLO,2012,9,7,13,21.5,,,,,,,,974.5,,0.9,,679,657.7,189.9,0,0,0,0,,,,
KLO,2012,9,7,14,22.3,,,,,,,,974.1,,1.5,,572,391.8,282.5,0,0,0,0,,,,
KLO,2012,9,7,15,22.7,,,,,,,,973.9,,0.8,,431,169.9,314.1,0,0,0,0,,,,
KLO,2012,9,7,16,22.6,,,,,,,,973.7,,0.6,,251,25.6,235.7,0,0,0,0,,,,
KLO,2012,9,7,17,21.4,,,,,,,,973.6,,1.3,,71,1.5,70.3,0,0,0,0,,,,
KLO,2012,9,7,18,17.1,,,,,,,,973.7,,1.1,,1,0,1,0,0,0,0,,,,
KLO,2012,9,7,19,15.7,,,,,,,,974,,0.8,,0,0,0,0,0,0,0,,,,
KLO,2012,9,7,20,13.8,,,,,,,,974.1,,0.4,,0,0,0,0,0,0,0,,,,
KLO,2012,9,7,21,13.5,,,,,,,,974.1,,0.4,,0,0,0,0,0,0,0,,,,
KLO,2012,9,7,22,12.5,,,,,,,,974,,0.6,,0,0,0,0,0,0,0,,,,
KLO,2012,9,7,23,11.3,,,,,,,,973.9,,1.1,,0,0,0,0,0,0,0,,,,
KLO,2012,9,8,0,10.9,,,,,,,,973.7,,1.3,,0,0,0,0,0,0,0,,,,
KLO,2012,9,8,1,10.1,,,,,,,,973.5,,0.7,,0,0,0,0,0,0,0,,,,
KLO,2012,9,8,2,10.2,,,,,,,,973.4,,0.7,,0,0,0,0,0,0,0,,,,
KLO,2012,9,8,3,10,,,,,,,,973.2,,1.2,,0,0,0,0,0,0,0,,,,
KLO,2012,9,8,4,10,,,,,,,,973.2,,0.5,,0,0,0,0,0,0,0,,,,
KLO,2012,9,8,5,10.8,,,,,,,,973.1,,1,,11,0,0,0,0,0,0,,,,
KLO,2012,9,8,6,12.1,,,,,,,,973.4,,0.9,,57,0,0,0,0,0,0,,,,
KLO,2012,9,8,7,13.4,,,,,,,,973.4,,1,,132,0,0,0,0,0,0,,,,
KLO,2012,9,8,8,14.4,,,,,,,,973.4,,1.3,,263,1225.1,43.4,0,0,0,0,,,,
KLO,2012,9,8,9,15.4,,,,,,,,973.2,,2,,568,1368.4,93.7,0,0,0,0,,,,
KLO,2012,9,8,10,18,,,,,,,,972.6,,2,,721,1214.6,119,0,0,0,0,,,,
KLO,2012,9,8,11,20.5,,,,,,,,971.9,,1.7,,760,1030.3,125.4,0,0,0,0,,,,
KLO,2012,9,8,12,22.3,,,,,,,,971.4,,1.5,,749,894.9,123.4,0,0,0,0,,,,
KLO,2012,9,8,13,23.4,,,,,,,,971,,2,,683,677.6,182,0,0,0,0,,,,
KLO,2012,9,8,14,24.4,,,,,,,,970.3,,2.4,,576,409.8,275.1,0,0,0,0,,,,
KLO,2012,9,8,15,24.4,,,,,,,,969.9,,2.7,,428,169.6,312,0,0,0,0,,,,
KLO,2012,9,8,16,23.9,,,,,,,,969.6,,2.9,,251,26.7,235.2,0,0,0,0,,,,
KLO,2012,9,8,17,22,,,,,,,,969.5,,0.6,,76,1.8,75.2,0,0,0,0,,,,
KLO,2012,9,8,18,16.9,,,,,,,,969.5,,0.9,,0,0,0,0,0,0,0,,,,
KLO,2012,9,8,19,14.2,,,,,,,,969.9,,1.2,,0,0,0,0,0,0,0,,,,
KLO,2012,9,8,20,13.3,,,,,,,,970,,0.9,,0,0,0,0,0,0,0,,,,
KLO,2012,9,8,21,12.5,,,,,,,,970,,0.9,,0,0,0,0,0,0,0,,,,
KLO,2012,9,8,22,11.7,,,,,,,,969.8,,0.9,,0,0,0,0,0,0,0,,,,
KLO,2012,9,8,23,11.5,,,,,,,,969.7,,0.5,,0,0,0,0,0,0,0,,,,
KLO,2012,9,9,0,11.1,,,,,,,,969.4,,1,,0,0,0,0,0,0,0,,,,
KLO,2012,9,9,1,11.1,,,,,,,,969.2,,0.2,,0,0,0,0,0,0,0,,,,
KLO,2012,9,9,2,10.4,,,,,,,,969.1,,0.6,,0,0,0,0,0,0,0,,,,
KLO,2012,9,9,3,10,,,,,,,,969.1,,0.6,,0,0,0,0,0,0,0,,,,
KLO,2012,9,9,4,9.8,,,,,,,,969,,0.7,,0,0,0,0,0,0,0,,,,
KLO,2012,9,9,5,9.9,,,,,,,,968.9,,0.9,,19,0,0,0,0,0,0,,,,
KLO,2012,9,9,6,11.7,,,,,,,,969.1,,0.5,,148,0,0,0,0,0,0,,,,
KLO,2012,9,9,7,14,,,,,,,,969.2,,0.4,,323,0,0,0,0,0,0,,,,
KLO,2012,9,9,8,16.6,,,,,,,,969.2,,0.4,,483,2297.8,79.7,0,0,0,0,,,,
KLO,2012,9,9,9,19.2,,,,,,,,969,,0.6,,618,1505.1,102,0,0,0,0,,,,
KLO,2012,9,9,10,21.1,,,,,,,,968.5,,0.6,,704,1195.1,116.2,0,0,0,0,,,,
KLO,2012,9,9,11,22.7,,,,,,,,968,,1,,733,1000.1,120.9,0,0,0,0,,,,
KLO,2012,9,9,12,24.3,,,,,,,,967.5,,1,,716,852.4,123.6,0,0,0,0,,,,
KLO,2012,9,9,13,25.4,,,,,,,,967,,0.6,,649,597.9,209.5,0,0,0,0,,,,
KLO,2012,9,9,14,26.1,,,,,,,,966.7,,0.8,,543,338.5,296,0,0,0,0,,,,
KLO,2012,9,9,15,26.6,,,,,,,,966.3,,1,,398,127.1,311.7,0,0,0,0,,,,
KLO,2012,9,9,16,26,,,,,,,,966.2,,1.1,,220,14.5,211.5,0,0,0,0,,,,
KLO,2012,9,9,17,23.5,,,,,,,,966.1,,1.3,,54,0.9,53.6,0,0,0,0,,,,
KLO,2012,9,9,18,19.7,,,,,,,,966.3,,0.5,,0,0,0,0,0,0,0,,,,
KLO,2012,9,9,19,18.2,,,,,,,,966.9,,0.4,,0,0,0,0,0,0,0,,,,
KLO,2012,9,9,20,17.3,,,,,,,,967.4,,2.3,,0,0,0,0,0,0,0,,,,
KLO,2012,9,9,21,17.9,,,,,,,,967.5,,2.2,,0,0,0,0,0,0,0,,,,
KLO,2012,9,9,22,17.1,,,,,,,,967.7,,1.5,,0,0,0,0,0,0,0,,,,
KLO,2012,9,9,23,16.7,,,,,,,,967.8,,1.6,,0,0,0,0,0,0,0,,,,
KLO,2012,9,10,0,16.8,,,,,,,,967.9,,1.5,,0,0,0,0,0,0,0,,,,
KLO,2012,9,10,1,16.1,,,,,,,,968,,0.8,,0,0,0,0,0,0,0,,,,
KLO,2012,9,10,2,15.7,,,,,,,,968.1,,1.2,,0,0,0,0,0,0,0,,,,
KLO,2012,9,10,3,15.4,,,,,,,,968,,1.3,,0,0,0,0,0,0,0,,,,
KLO,2012,9,10,4,14.6,,,,,,,,968.1,,0.7,,0,0,0,0,0,0,0,,,,
KLO,2012,9,10,5,15,,,,,,,,968.5,,0.6,,23,0,0,0,0,0,0,,,,
KLO,2012,9,10,6,16.9,,,,,,,,968.9,,0.9,,137,0,0,0,0,0,0,,,,
KLO,2012,9,10,7,19,,,,,,,,969,,1.4,,297,0,0,0,0,0,0,,,,
KLO,2012,9,10,8,20.8,,,,,,,,969.2,,1.2,,457,2221.5,75.4,0,0,0,0,,,,
KLO,2012,9,10,9,22.9,,,,,,,,969.1,,1.6,,590,1452.8,97.4,0,0,0,0,,,,
KLO,2012,9,10,10,24.1,,,,,,,,968.7,,2,,681,1165.1,112.4,0,0,0,0,,,,
KLO,2012,9,10,11,25.2,,,,,,,,968.4,,1,,716,983.2,118.1,0,0,0,0,,,,
KLO,2012,9,10,12,26.2,,,,,,,,968.2,,1.1,,704,837.4,125.5,0,0,0,0,,,,
KLO,2012,9,10,13,26.6,,,,,,,,967.7,,1.2,,648,605,205.9,0,0,0,0,,,,
KLO,2012,9,10,14,26.8,,,,,,,,967.3,,1.3,,497,246.3,318.5,0,0,0,0,,,,
KLO,2012,9,10,15,26.5,,,,,,,,967,,0.9,,367,90.5,306,0,0,0,0,,,,
KLO,2012,9,10,16,25.1,,,,,,,,967.1,,1.4,,181,6.8,177.1,0,0,0,0,,,,
KLO,2012,9,10,17,22.8,,,,,,,,967,,0.6,,27,0.2,26.9,0,0,0,0,,,,
KLO,2012,9,10,18,19.8,,,,,,,,967.2,,0.8,,0,0,0,0,0,0,0,,,,
KLO,2012,9,10,19,19,,,,,,,,967.7,,0.5,,0,0,0,0,0,0,0,,,,
KLO,2012,9,10,20,17.9,,,,,,,,967.7,,0.8,,0,0,0,0,0,0,0,,,,
KLO,2012,9,10,21,17.3,,,,,,,,967.8,,0.9,,0,0,0,0,0,0,0,,,,
KLO,2012,9,10,22,16,,,,,,,,967.9,,0.8,,0,0,0,0,0,0,0,,,,
KLO,2012,9,10,23,15.3,,,,,,,,967.8,,0.6,,0,0,0,0,0,0,0,,,,
KLO,2012,9,11,0,14.8,,,,,,,,967.4,,0.4,,0,0,0,0,0,0,0,,,,
KLO,2012,9,11,1,14.3,,,,,,,,967.4,,0.9,,0,0,0,0,0,0,0,,,,
KLO,2012,9,11,2,14,,,,,,,,967.3,,0.7,,0,0,0,0,0,0,0,,,,
KLO,2012,9,11,3,14.3,,,,,,,,967.1,,1.5,,0,0,0,0,0,0,0,,,,
KLO,2012,9,11,4,14.6,,,,,,,,967,,0.8,,0,0,0,0,0,0,0,,,,
KLO,2012,9,11,5,14.6,,,,,,,,967.3,,0.4,,17,0,0,0,0,0,0,,,,
KLO,2012,9,11,6,15.9,,,,,,,,967.6,,0.8,,91,0,0,0,0,0,0,,,,
KLO,2012,9,11,7,18.2,,,,,,,,967.5,,2.3,,210,0,0,0,0,0,0,,,,
KLO,2012,9,11,8,19.8,,,,,,,,967.6,,1.3,,365,1814.1,60.2,0,0,0,0,,,,
KLO,2012,9,11,9,21.5,,,,,,,,967.6,,1.8,,471,1172.8,77.7,0,0,0,0,,,,
KLO,2012,9,11,10,23.4,,,,,,,,967,,5.2,,589,1015.7,97.2,0,0,0,0,,,,
KLO,2012,9,11,11,24.5,,,,,,,,966.5,,5.6,,647,894.7,106.5,0,0,0,0,,,,
KLO,2012,9,11,12,24.9,,,,,,,,965.9,,5.1,,602,584.6,200.6,0,0,0,0,,,,
KLO,2012,9,11,13,21.1,,,,,,,,966.2,,5.3,,279,16.1,267.3,0,0,0,0,,,,
KLO,2012,9,11,14,20.2,,,,,,,,965.9,,2.3,,168,3.6,165.4,0,0,0,0,,,,
KLO,2012,9,11,15,20.7,,,,,,,,965.4,,2,,154,3.5,151.6,0,0,0,0,,,,
KLO,2012,9,11,16,20.3,,,,,,,,965.8,,1.3,,53,0.6,52.7,0,0,0,0,,,,
KLO,2012,9,11,17,20.2,,,,,,,,966.1,,0.9,,12,0,12,0,0,0,0,,,,
KLO,2012,9,11,18,19.1,,,,,,,,966.3,,2.2,,0,0,0,0,0,0,0,,,,
KLO,2012,9,11,19,18.2,,,,,,,,966.5,,1.9,,0,0,0,0,0,0,0,,,,
KLO,2012,9,11,20,18.2,,,,,,,,966.4,,1.7,,0,0,0,0,0,0,0,,,,
KLO,2012,9,11,21,18,,,,,,,,966.2,,1.7,,0,0,0,0,0,0,0,,,,
KLO,2012,9,11,22,17.6,,,,,,,,965.9,,1.8,,0,0,0,0,0,0,0,,,,
KLO,2012,9,11,23,16.4,,,,,,,,966,,1.9,,0,0,0,0,0,0,0,,,,
KLO,2012,9,12,0,16.2,,,,,,,,965.5,,1.2,,0,0,0,0,0,0,0,,,,
KLO,2012,9,12,1,16.2,,,,,,,,965,,2.5,,0,0,0,0,0,0,0,,,,
KLO,2012,9,12,2,16,,,,,,,,964.7,,2.1,,0,0,0,0,0,0,0,,,,
KLO,2012,9,12,3,15.9,,,,,,,,964.3,,2.4,,0,0,0,0,0,0,0,,,,
KLO,2012,9,12,4,14.9,,,,,,,,964.2,,3.1,,0,0,0,0,0,0,0,,,,
KLO,2012,9,12,5,14.3,,,,,,,,964.8,,3.4,,1,0,0,0,0,0,0,,,,
KLO,2012,9,12,6,13.6,,,,,,,,965.3,,3.1,,10,0,0,0,0,0,0,,,,
KLO,2012,9,12,7,13.1,,,,,,,,966.1,,3.6,,33,0,0,0,0,0,0,,,,
KLO,2012,9,12,8,12.7,,,,,,,,966.8,,3.6,,66,20.1,62.7,0,0,0,0,,,,
KLO,2012,9,12,9,12.5,,,,,,,,967.5,,3.3,,80,3.9,78.7,0,0,0,0,,,,
KLO,2012,9,12,10,12.2,,,,,,,,968,,3,,86,2.1,85,0,0,0,0,,,,
KLO,2012,9,12,11,11.4,,,,,,,,967.7,,3.6,,163,4.9,160,0,0,0,0,,,,
KLO,2012,9,12,12,11.6,,,,,,,,967,,4.7,,288,25.7,270.5,0,0,0,0,,,,
KLO,2012,9,12,13,11.7,,,,,,,,966.4,,4.7,,243,8.9,236.6,0,0,0,0,,,,
KLO,2012,9,12,14,11.7,,,,,,,,966.1,,3.2,,143,2.7,141.1,0,0,0,0,,,,
KLO,2012,9,12,15,11.8,,,,,,,,965.8,,2.7,,77,0.9,76.4,0,0,0,0,,,,
KLO,2012,9,12,16,11.3,,,,,,,,966,,3.8,,44,0.4,43.8,0,0,0,0,,,,
KLO,2012,9,12,17,10.2,,,,,,,,966.1,,3.3,,12,0,12,0,0,0,0,,,,
KLO,2012,9,12,18,9.9,,,,,,,,966.4,,1.6,,0,0,0,0,0,0,0,,,,
KLO,2012,9,12,19,9.9,,,,,,,,966.6,,0.8,,0,0,0,0,0,0,0,,,,
KLO,2012,9,12,20,9.7,,,,,,,,966.4,,1.9,,0,0,0,0,0,0,0,,,,
KLO,2012,9,12,21,9.6,,,,,,,,966,,3.3,,0,0,0,0,0,0,0,,,,
KLO,2012,9,12,22,9.6,,,,,,,,965.9,,0.9,,0,0,0,0,0,0,0,,,,
KLO,2012,9,12,23,9.6,,,,,,,,965.7,,1.2,,0,0,0,0,0,0,0,,,,
KLO,2012,9,13,0,9.6,,,,,,,,965.5,,1,,0,0,0,0,0,0,0,,,,
KLO,2012,9,13,1,9.7,,,,,,,,965.5,,0.8,,0,0,0,0,0,0,0,,,,
KLO,2012,9,13,2,9.6,,,,,,,,965.4,,1.4,,0,0,0,0,0,0,0,,,,
KLO,2012,9,13,3,8.7,,,,,,,,965.8,,1.6,,0,0,0,0,0,0,0,,,,
KLO,2012,9,13,4,8,,,,,,,,965.8,,0.9,,0,0,0,0,0,0,0,,,,
KLO,2012,9,13,5,7.9,,,,,,,,965.8,,0.8,,6,0,0,0,0,0,0,,,,
KLO,2012,9,13,6,9.4,,,,,,,,966,,0.7,,115,0,0,0,0,0,0,,,,
KLO,2012,9,13,7,10.2,,,,,,,,965.9,,0.5,,213,0,0,0,0,0,0,,,,
KLO,2012,9,13,8,11,,,,,,,,966.1,,0.6,,327,1702,54,0,0,0,0,,,,
KLO,2012,9,13,9,11.9,,,,,,,,966.5,,0.8,,434,1105.9,71.6,0,0,0,0,,,,
KLO,2012,9,13,10,12.4,,,,,,,,966.8,,1.3,,410,551.8,147.1,0,0,0,0,,,,
KLO,2012,9,13,11,12.7,,,,,,,,967,,0.9,,289,51.5,258.3,0,0,0,0,,,,
KLO,2012,9,13,12,13.4,,,,,,,,967,,1,,366,86.2,307.5,0,0,0,0,,,,
KLO,2012,9,13,13,13.8,,,,,,,,966.9,,1.2,,359,60.1,315.9,0,0,0,0,,,,
KLO,2012,9,13,14,14.3,,,,,,,,967,,0.9,,336,45.4,303.7,0,0,0,0,,,,
KLO,2012,9,13,15,14.1,,,,,,,,967.2,,1.3,,173,4.6,170,0,0,0,0,,,,
KLO,2012,9,13,16,13.3,,,,,,,,967.4,,1.2,,77,1.2,76.3,0,0,0,0,,,,
KLO,2012,9,13,17,12.7,,,,,,,,967.7,,1.7,,39,0.5,38.8,0,0,0,0,,,,
KLO,2012,9,13,18,12,,,,,,,,968.4,,1.5,,0,0,0,0,0,0,0,,,,
KLO,2012,9,13,19,11,,,,,,,,969,,0.9,,0,0,0,0,0,0,0,,,,
KLO,2012,9,13,20,9.9,,,,,,,,969.3,,1.1,,0,0,0,0,0,0,0,,,,
KLO,2012,9,13,21,8.6,,,,,,,,969.4,,1.6,,0,0,0,0,0,0,0,,,,
KLO,2012,9,13,22,7.1,,,,,,,,969.5,,0.7,,0,0,0,0,0,0,0,,,,
KLO,2012,9,13,23,7.1,,,,,,,,969.4,,1.1,,0,0,0,0,0,0,0,,,,
KLO,2012,9,14,0,5.8,,,,,,,,969.3,,1,,0,0,0,0,0,0,0,,,,
KLO,2012,9,14,1,5.4,,,,,,,,969,,1.2,,0,0,0,0,0,0,0,,,,
KLO,2012,9,14,2,4.3,,,,,,,,968.7,,1.7,,0,0,0,0,0,0,0,,,,
KLO,2012,9,14,3,5.2,,,,,,,,968.9,,1.6,,0,0,0,0,0,0,0,,,,
KLO,2012,9,14,4,6.2,,,,,,,,969.1,,1,,0,0,0,0,0,0,0,,,,
KLO,2012,9,14,5,5.9,,,,,,,,969.5,,0.4,,11,0,0,0,0,0,0,,,,
KLO,2012,9,14,6,6.3,,,,,,,,969.6,,0.6,,98,0,0,0,0,0,0,,,,
KLO,2012,9,14,7,8.3,,,,,,,,969.4,,1.3,,228,0,0,0,0,0,0,,,,
KLO,2012,9,14,8,9.6,,,,,,,,969.2,,0.6,,225,1199.6,37.1,0,0,0,0,,,,
KLO,2012,9,14,9,10.7,,,,,,,,968.9,,1.8,,343,884.1,56.7,0,0,0,0,,,,
KLO,2012,9,14,10,11.8,,,,,,,,968.5,,1.3,,694,1226.5,114.5,0,0,0,0,,,,
KLO,2012,9,14,11,14.3,,,,,,,,968,,0.9,,743,1048.2,122.6,0,0,0,0,,,,
KLO,2012,9,14,12,15.5,,,,,,,,967.5,,1.2,,720,892.6,118.5,0,0,0,0,,,,
KLO,2012,9,14,13,16.6,,,,,,,,967,,1.2,,657,670.5,179.1,0,0,0,0,,,,
KLO,2012,9,14,14,17.5,,,,,,,,966,,1.9,,542,376.7,276.1,0,0,0,0,,,,
KLO,2012,9,14,15,17.5,,,,,,,,965.5,,2.9,,387,131.5,301,0,0,0,0,,,,
KLO,2012,9,14,16,16.7,,,,,,,,965.5,,2,,185,8.3,180.4,0,0,0,0,,,,
KLO,2012,9,14,17,15.4,,,,,,,,965.4,,1.6,,37,0.5,36.8,0,0,0,0,,,,
KLO,2012,9,14,18,12.8,,,,,,,,965.9,,1.8,,0,0,0,0,0,0,0,,,,
KLO,2012,9,14,19,12.4,,,,,,,,966.5,,1.6,,0,0,0,0,0,0,0,,,,
KLO,2012,9,14,20,11.1,,,,,,,,966.6,,0.8,,0,0,0,0,0,0,0,,,,
KLO,2012,9,14,21,10.8,,,,,,,,966.8,,1.5,,0,0,0,0,0,0,0,,,,
KLO,2012,9,14,22,10.4,,,,,,,,967,,1.7,,0,0,0,0,0,0,0,,,,
KLO,2012,9,14,23,10.6,,,,,,,,967.3,,2,,0,0,0,0,0,0,0,,,,
KLO,2012,9,15,0,11,,,,,,,,967.5,,1.9,,0,0,0,0,0,0,0,,,,
KLO,2012,9,15,1,10.6,,,,,,,,967.4,,1.6,,0,0,0,0,0,0,0,,,,
KLO,2012,9,15,2,10.5,,,,,,,,967.4,,1.3,,0,0,0,0,0,0,0,,,,
KLO,2012,9,15,3,11.1,,,,,,,,967.4,,1.4,,0,0,0,0,0,0,0,,,,
KLO,2012,9,15,4,11.6,,,,,,,,967.5,,1,,0,0,0,0,0,0,0,,,,
KLO,2012,9,15,5,12,,,,,,,,968,,0.7,,1,0,0,0,0,0,0,,,,
KLO,2012,9,15,6,12.1,,,,,,,,968.2,,1.2,,24,0,0,0,0,0,0,,,,
KLO,2012,9,15,7,13.2,,,,,,,,968.6,,0.9,,109,0,0,0,0,0,0,,,,
KLO,2012,9,15,8,14,,,,,,,,969.1,,0.6,,221,1207.9,36.5,0,0,0,0,,,,
KLO,2012,9,15,9,15.5,,,,,,,,969.2,,1,,488,1273.5,80.5,0,0,0,0,,,,
KLO,2012,9,15,10,16,,,,,,,,969.1,,1.6,,305,197.7,212.4,0,0,0,0,,,,
KLO,2012,9,15,11,16.9,,,,,,,,968.8,,1.6,,583,795,115.7,0,0,0,0,,,,
KLO,2012,9,15,12,18.2,,,,,,,,968.3,,1,,817,1018.9,134.8,0,0,0,0,,,,
KLO,2012,9,15,13,18.6,,,,,,,,968.1,,2.7,,686,756.1,150.6,0,0,0,0,,,,
KLO,2012,9,15,14,18.4,,,,,,,,967.9,,1.8,,462,208.1,316.1,0,0,0,0,,,,
KLO,2012,9,15,15,18.2,,,,,,,,967.7,,3.1,,239,13.1,230.5,0,0,0,0,,,,
KLO,2012,9,15,16,17.6,,,,,,,,967.6,,2.3,,115,2.9,113.4,0,0,0,0,,,,
KLO,2012,9,15,17,16.7,,,,,,,,967.7,,2.6,,48,0.9,47.6,0,0,0,0,,,,
KLO,2012,9,15,18,14.3,,,,,,,,968,,1.6,,0,0,0,0,0,0,0,,,,
KLO,2012,9,15,19,12.1,,,,,,,,968.4,,1.4,,0,0,0,0,0,0,0,,,,
KLO,2012,9,15,20,11.4,,,,,,,,968.4,,1,,0,0,0,0,0,0,0,,,,
KLO,2012,9,15,21,11.4,,,,,,,,968.5,,2,,0,0,0,0,0,0,0,,,,
KLO,2012,9,15,22,11.2,,,,,,,,968.2,,2.5,,0,0,0,0,0,0,0,,,,
KLO,2012,9,15,23,10.9,,,,,,,,968.1,,3.1,,0,0,0,0,0,0,0,,,,
KLO,2012,9,16,0,9.6,,,,,,,,968.1,,3.4,,0,0,0,0,0,0,0,,,,
KLO,2012,9,16,1,9.7,,,,,,,,968,,2.2,,0,0,0,0,0,0,0,,,,
KLO,2012,9,16,2,9,,,,,,,,967.9,,1.7,,0,0,0,0,0,0,0,,,,
KLO,2012,9,16,3,8.5,,,,,,,,967.8,,0.6,,0,0,0,0,0,0,0,,,,
KLO,2012,9,16,4,8.5,,,,,,,,967.8,,0.5,,0,0,0,0,0,0,0,,,,
KLO,2012,9,16,5,8.9,,,,,,,,967.9,,1.3,,6,0,0,0,0,0,0,,,,
KLO,2012,9,16,6,9.8,,,,,,,,968,,1,,42,0,0,0,0,0,0,,,,
KLO,2012,9,16,7,11.1,,,,,,,,968,,0.6,,95,0,0,0,0,0,0,,,,
KLO,2012,9,16,8,11.9,,,,,,,,968,,0.8,,152,837.7,27.2,0,0,0,0,,,,
KLO,2012,9,16,9,12.7,,,,,,,,968,,0.9,,267,519.1,102.9,0,0,0,0,,,,
KLO,2012,9,16,10,14.2,,,,,,,,967.5,,1.1,,581,1044.5,95.9,0,0,0,0,,,,
KLO,2012,9,16,11,15.9,,,,,,,,966.9,,0.9,,723,1034.5,119.3,0,0,0,0,,,,
KLO,2012,9,16,12,17.6,,,,,,,,966.3,,1.1,,707,887.6,116.6,0,0,0,0,,,,
KLO,2012,9,16,13,18.9,,,,,,,,965.7,,0.6,,637,637.8,188.3,0,0,0,0,,,,
KLO,2012,9,16,14,19.6,,,,,,,,965.4,,1,,518,335,284.8,0,0,0,0,,,,
KLO,2012,9,16,15,19.8,,,,,,,,965,,0.6,,362,104.1,295,0,0,0,0,,,,
KLO,2012,9,16,16,19.7,,,,,,,,964.7,,0.4,,186,9.1,181,0,0,0,0,,,,
KLO,2012,9,16,17,18.6,,,,,,,,964.6,,1.1,,39,0.6,38.8,0,0,0,0,,,,
KLO,2012,9,16,18,14.9,,,,,,,,964.9,,1,,0,0,0,0,0,0,0,,,,
KLO,2012,9,16,19,13.7,,,,,,,,965,,0.5,,0,0,0,0,0,0,0,,,,
KLO,2012,9,16,20,12.7,,,,,,,,965,,0.6,,0,0,0,0,0,0,0,,,,
KLO,2012,9,16,21,12.2,,,,,,,,965,,0.6,,0,0,0,0,0,0,0,,,,
KLO,2012,9,16,22,11.3,,,,,,,,965,,1,,0,0,0,0,0,0,0,,,,
KLO,2012,9,16,23,10.6,,,,,,,,965.1,,0.7,,0,0,0,0,0,0,0,,,,
KLO,2012,9,17,0,10.4,,,,,,,,965.3,,0.3,,0,0,0,0,0,0,0,,,,
KLO,2012,9,17,1,10.2,,,,,,,,965.3,,0.7,,0,0,0,0,0,0,0,,,,
KLO,2012,9,17,2,9.2,,,,,,,,965.5,,0.4,,0,0,0,0,0,0,0,,,,
KLO,2012,9,17,3,9.3,,,,,,,,965.5,,0.8,,0,0,0,0,0,0,0,,,,
KLO,2012,9,17,4,8.7,,,,,,,,965.7,,0.5,,0,0,0,0,0,0,0,,,,
KLO,2012,9,17,5,9.4,,,,,,,,965.9,,0.8,,14,0,0,0,0,0,0,,,,
KLO,2012,9,17,6,11,,,,,,,,966.2,,1.2,,129,0,0,0,0,0,0,,,,
KLO,2012,9,17,7,13,,,,,,,,966.4,,0.7,,193,0,0,0,0,0,0,,,,
KLO,2012,9,17,8,15.4,,,,,,,,966.8,,0.7,,324,1864.8,53.5,0,0,0,0,,,,
KLO,2012,9,17,9,17.4,,,,,,,,966.9,,0.9,,504,1348.3,83.2,0,0,0,0,,,,
KLO,2012,9,17,10,19.1,,,,,,,,966.9,,1.6,,423,662.7,117.9,0,0,0,0,,,,
KLO,2012,9,17,11,20.5,,,,,,,,966.5,,2.1,,702,1011.7,115.8,0,0,0,0,,,,
KLO,2012,9,17,12,21.5,,,,,,,,966,,1.9,,698,881.1,115.8,0,0,0,0,,,,
KLO,2012,9,17,13,22.1,,,,,,,,965.7,,1.2,,628,624,192,0,0,0,0,,,,
KLO,2012,9,17,14,22.4,,,,,,,,965.4,,1.5,,470,235.8,307.1,0,0,0,0,,,,
KLO,2012,9,17,15,22.2,,,,,,,,965.2,,1.5,,320,60.2,281.6,0,0,0,0,,,,
KLO,2012,9,17,16,21,,,,,,,,965.2,,1.5,,151,5.1,148.2,0,0,0,0,,,,
KLO,2012,9,17,17,19.2,,,,,,,,965.2,,1.8,,42,0.7,41.7,0,0,0,0,,,,
KLO,2012,9,17,18,17,,,,,,,,965.5,,0.9,,0,0,0,0,0,0,0,,,,
KLO,2012,9,17,19,15.2,,,,,,,,965.9,,0.5,,0,0,0,0,0,0,0,,,,
KLO,2012,9,17,20,13.5,,,,,,,,966.1,,0.6,,0,0,0,0,0,0,0,,,,
KLO,2012,9,17,21,13.4,,,,,,,,966.1,,0.8,,0,0,0,0,0,0,0,,,,
KLO,2012,9,17,22,12.5,,,,,,,,965.9,,0.5,,0,0,0,0,0,0,0,,,,
KLO,2012,9,17,23,11.9,,,,,,,,965.6,,0.5,,0,0,0,0,0,0,0,,,,
KLO,2012,9,18,0,11,,,,,,,,965.5,,0.2,,0,0,0,0,0,0,0,,,,
KLO,2012,9,18,1,10.3,,,,,,,,965.3,,0.4,,0,0,0,0,0,0,0,,,,
KLO,2012,9,18,2,10,,,,,,,,965.3,,1,,0,0,0,0,0,0,0,,,,
KLO,2012,9,18,3,10.1,,,,,,,,965.1,,0.4,,0,0,0,0,0,0,0,,,,
KLO,2012,9,18,4,10.1,,,,,,,,965,,0.7,,0,0,0,0,0,0,0,,,,
KLO,2012,9,18,5,10,,,,,,,,965.1,,0.4,,7,0,0,0,0,0,0,,,,
KLO,2012,9,18,6,11.2,,,,,,,,965.2,,0.4,,110,0,0,0,0,0,0,,,,
KLO,2012,9,18,7,14.5,,,,,,,,965.1,,1.2,,287,0,0,0,0,0,0,,,,
KLO,2012,9,18,8,17,,,,,,,,965,,1.3,,449,2655.2,74.1,0,0,0,0,,,,
KLO,2012,9,18,9,19.1,,,,,,,,964.7,,1.3,,575,1558,94.9,0,0,0,0,,,,
KLO,2012,9,18,10,20.8,,,,,,,,964.2,,2.9,,677,1238.7,111.7,0,0,0,0,,,,
KLO,2012,9,18,11,21.6,,,,,,,,963.8,,2.8,,606,878.1,101,0,0,0,0,,,,
KLO,2012,9,18,12,22.1,,,,,,,,963.4,,2.1,,591,627.1,179.5,0,0,0,0,,,,
KLO,2012,9,18,13,22.2,,,,,,,,963,,2.6,,336,50.5,300.9,0,0,0,0,,,,
KLO,2012,9,18,14,21.8,,,,,,,,962.7,,3.2,,237,9.8,230.3,0,0,0,0,,,,
KLO,2012,9,18,15,21.1,,,,,,,,962.8,,2.5,,114,2.2,112.6,0,0,0,0,,,,
KLO,2012,9,18,16,20.3,,,,,,,,963,,2.2,,30,0.2,29.9,0,0,0,0,,,,
KLO,2012,9,18,17,19.4,,,,,,,,963.4,,2.3,,2,0,2,0,0,0,0,,,,
KLO,2012,9,18,18,18,,,,,,,,963.7,,1.5,,0,0,0,0,0,0,0,,,,
KLO,2012,9,18,19,16.8,,,,,,,,963.9,,1.2,,0,0,0,0,0,0,0,,,,
KLO,2012,9,18,20,17,,,,,,,,964.2,,2.1,,0,0,0,0,0,0,0,,,,
KLO,2012,9,18,21,16.1,,,,,,,,964.5,,2,,0,0,0,0,0,0,0,,,,
KLO,2012,9,18,22,15.5,,,,,,,,964.6,,2.5,,0,0,0,0,0,0,0,,,,
KLO,2012,9,18,23,15.1,,,,,,,,964.8,,2,,0,0,0,0,0,0,0,,,,
KLO,2012,9,19,0,14.8,,,,,,,,965,,2.7,,0,0,0,0,0,0,0,,,,
KLO,2012,9,19,1,14,,,,,,,,965.1,,2.3,,0,0,0,0,0,0,0,,,,
KLO,2012,9,19,2,13.2,,,,,,,,965.5,,3.1,,0,0,0,0,0,0,0,,,,
KLO,2012,9,19,3,12.9,,,,,,,,965.5,,2,,0,0,0,0,0,0,0,,,,
KLO,2012,9,19,4,12.8,,,,,,,,966,,1.7,,0,0,0,0,0,0,0,,,,
KLO,2012,9,19,5,12.4,,,,,,,,966.8,,3.1,,2,0,0,0,0,0,0,,,,
KLO,2012,9,19,6,11.6,,,,,,,,967.5,,2.3,,21,0,0,0,0,0,0,,,,
KLO,2012,9,19,7,11.7,,,,,,,,968.2,,0.9,,40,0,0,0,0,0,0,,,,
KLO,2012,9,19,8,12,,,,,,,,969,,1.3,,89,192.7,62.5,0,0,0,0,,,,
KLO,2012,9,19,9,12,,,,,,,,969.6,,2.1,,82,4.8,80.5,0,0,0,0,,,,
KLO,2012,9,19,10,12.1,,,,,,,,970.1,,1.8,,74,1.8,73.2,0,0,0,0,,,,
KLO,2012,9,19,11,11.9,,,,,,,,970.4,,2.3,,131,3.5,129,0,0,0,0,,,,
KLO,2012,9,19,12,11.9,,,,,,,,970.3,,3.2,,173,4.7,169.9,0,0,0,0,,,,
KLO,2012,9,19,13,12.8,,,,,,,,970.3,,3.1,,312,36,287.2,0,0,0,0,,,,
KLO,2012,9,19,14,13.4,,,,,,,,970.3,,2.8,,437,184.8,311.2,0,0,0,0,,,,
KLO,2012,9,19,15,13.9,,,,,,,,970.4,,2.6,,277,31.8,257.1,0,0,0,0,,,,
KLO,2012,9,19,16,13.2,,,,,,,,970.7,,2.3,,83,1.6,82.1,0,0,0,0,,,,
KLO,2012,9,19,17,12.5,,,,,,,,971,,2.5,,30,0.4,29.9,0,0,0,0,,,,
KLO,2012,9,19,18,10.1,,,,,,,,971.6,,3.4,,0,0,0,0,0,0,0,,,,
KLO,2012,9,19,19,9.1,,,,,,,,972.4,,1.6,,0,0,0,0,0,0,0,,,,
KLO,2012,9,19,20,8.2,,,,,,,,972.9,,1.7,,0,0,0,0,0,0,0,,,,
KLO,2012,9,19,21,8.3,,,,,,,,973.2,,1.5,,0,0,0,0,0,0,0,,,,
KLO,2012,9,19,22,7.8,,,,,,,,973.4,,1.3,,0,0,0,0,0,0,0,,,,
KLO,2012,9,19,23,6.6,,,,,,,,973.7,,1.1,,0,0,0,0,0,0,0,,,,
KLO,2012,9,20,0,6.8,,,,,,,,974,,0.9,,0,0,0,0,0,0,0,,,,
KLO,2012,9,20,1,5.6,,,,,,,,973.8,,0.4,,0,0,0,0,0,0,0,,,,
KLO,2012,9,20,2,5,,,,,,,,973.8,,0.8,,0,0,0,0,0,0,0,,,,
KLO,2012,9,20,3,5.3,,,,,,,,973.6,,1.1,,0,0,0,0,0,0,0,,,,
KLO,2012,9,20,4,5.2,,,,,,,,973.4,,0.9,,0,0,0,0,0,0,0,,,,
KLO,2012,9,20,5,5.2,,,,,,,,973.4,,0.9,,4,0,0,0,0,0,0,,,,
KLO,2012,9,20,6,5.7,,,,,,,,973.6,,1.7,,45,0,0,0,0,0,0,,,,
KLO,2012,9,20,7,6.7,,,,,,,,973.6,,2,,139,0,0,0,0,0,0,,,,
KLO,2012,9,20,8,8.3,,,,,,,,973.6,,1.5,,349,2184.2,57.6,0,0,0,0,,,,
KLO,2012,9,20,9,10.9,,,,,,,,973.5,,2.8,,620,1724.5,102.3,0,0,0,0,,,,
KLO,2012,9,20,10,13.2,,,,,,,,973.2,,2.8,,679,1265.2,112,0,0,0,0,,,,
KLO,2012,9,20,11,14.7,,,,,,,,972.9,,4.5,,731,1077.5,120.6,0,0,0,0,,,,
KLO,2012,9,20,12,15.8,,,,,,,,972.4,,4.2,,710,916.1,117.2,0,0,0,0,,,,
KLO,2012,9,20,13,16.2,,,,,,,,971.9,,3.3,,632,669.8,173.5,0,0,0,0,,,,
KLO,2012,9,20,14,16.3,,,,,,,,971.6,,3.2,,509,347.9,273.9,0,0,0,0,,,,
KLO,2012,9,20,15,15.9,,,,,,,,971.2,,2.8,,342,92.7,284.3,0,0,0,0,,,,
KLO,2012,9,20,16,14.9,,,,,,,,971,,2.6,,143,4.9,140.4,0,0,0,0,,,,
KLO,2012,9,20,17,13.5,,,,,,,,971,,2.1,,28,0.3,27.9,0,0,0,0,,,,
KLO,2012,9,20,18,9.9,,,,,,,,971.4,,1.6,,0,0,0,0,0,0,0,,,,
KLO,2012,9,20,19,9.1,,,,,,,,971.6,,1,,0,0,0,0,0,0,0,,,,
KLO,2012,9,20,20,7.6,,,,,,,,971.6,,1.1,,0,0,0,0,0,0,0,,,,
KLO,2012,9,20,21,7.2,,,,,,,,971.6,,0.8,,0,0,0,0,0,0,0,,,,
KLO,2012,9,20,22,6.6,,,,,,,,971.5,,0.6,,0,0,0,0,0,0,0,,,,
KLO,2012,9,20,23,5.5,,,,,,,,971.2,,1.3,,0,0,0,0,0,0,0,,,,
KLO,2012,9,21,0,5.1,,,,,,,,971,,1.6,,0,0,0,0,0,0,0,,,,
KLO,2012,9,21,1,5.6,,,,,,,,970.8,,1.3,,0,0,0,0,0,0,0,,,,
KLO,2012,9,21,2,4.8,,,,,,,,970.7,,0.9,,0,0,0,0,0,0,0,,,,
KLO,2012,9,21,3,4.6,,,,,,,,970.6,,0.7,,0,0,0,0,0,0,0,,,,
KLO,2012,9,21,4,4.3,,,,,,,,970.2,,0.5,,0,0,0,0,0,0,0,,,,
KLO,2012,9,21,5,4.2,,,,,,,,970.3,,1.2,,8,0,0,0,0,0,0,,,,
KLO,2012,9,21,6,6.1,,,,,,,,970.1,,0.9,,105,0,0,0,0,0,0,,,,
KLO,2012,9,21,7,8.1,,,,,,,,970.1,,1.3,,262,0,0,0,0,0,0,,,,
KLO,2012,9,21,8,10.2,,,,,,,,970.1,,1.3,,433,2791.8,71.4,0,0,0,0,,,,
KLO,2012,9,21,9,12.8,,,,,,,,969.8,,0.5,,572,1612.6,94.4,0,0,0,0,,,,
KLO,2012,9,21,10,15.2,,,,,,,,969.1,,0.5,,662,1245.1,109.2,0,0,0,0,,,,
KLO,2012,9,21,11,17.7,,,,,,,,968.2,,0.8,,697,1035.3,115,0,0,0,0,,,,
KLO,2012,9,21,12,19.1,,,,,,,,967.3,,1.8,,680,882.6,112.9,0,0,0,0,,,,
KLO,2012,9,21,13,20.2,,,,,,,,966.5,,2.5,,604,602,194.9,0,0,0,0,,,,
KLO,2012,9,21,14,21.1,,,,,,,,965.7,,2.8,,488,305.2,283.3,0,0,0,0,,,,
KLO,2012,9,21,15,21.1,,,,,,,,964.8,,4,,335,87.5,281,0,0,0,0,,,,
KLO,2012,9,21,16,20,,,,,,,,964.2,,3.4,,137,4.6,134.6,0,0,0,0,,,,
KLO,2012,9,21,17,17.6,,,,,,,,963.7,,3,,12,0.1,12,0,0,0,0,,,,
KLO,2012,9,21,18,17.5,,,,,,,,963.6,,1.8,,0,0,0,0,0,0,0,,,,
KLO,2012,9,21,19,17,,,,,,,,964.2,,1.8,,0,0,0,0,0,0,0,,,,
KLO,2012,9,21,20,15.8,,,,,,,,963.9,,2.3,,0,0,0,0,0,0,0,,,,
KLO,2012,9,21,21,15.8,,,,,,,,963.6,,1.5,,0,0,0,0,0,0,0,,,,
KLO,2012,9,21,22,15.4,,,,,,,,962.9,,1.5,,0,0,0,0,0,0,0,,,,
KLO,2012,9,21,23,15.8,,,,,,,,963.4,,2.8,,0,0,0,0,0,0,0,,,,
KLO,2012,9,22,0,15.7,,,,,,,,963.6,,1.7,,0,0,0,0,0,0,0,,,,
KLO,2012,9,22,1,16,,,,,,,,963.4,,3.7,,0,0,0,0,0,0,0,,,,
KLO,2012,9,22,2,16.1,,,,,,,,963.4,,3.7,,0,0,0,0,0,0,0,,,,
KLO,2012,9,22,3,16.2,,,,,,,,963.6,,3.6,,0,0,0,0,0,0,0,,,,
KLO,2012,9,22,4,16.1,,,,,,,,963.9,,2.6,,0,0,0,0,0,0,0,,,,
KLO,2012,9,22,5,16,,,,,,,,964.1,,1.6,,0,0,0,0,0,0,0,,,,
KLO,2012,9,22,6,16,,,,,,,,964.5,,1.9,,8,0,0,0,0,0,0,,,,
KLO,2012,9,22,7,16.6,,,,,,,,964.8,,2.7,,63,0,0,0,0,0,0,,,,
KLO,2012,9,22,8,16.9,,,,,,,,964.9,,1.7,,63,59.6,55.5,0,0,0,0,,,,
KLO,2012,9,22,9,16.4,,,,,,,,965,,2,,57,2.5,56.3,0,0,0,0,,,,
KLO,2012,9,22,10,16.8,,,,,,,,965.5,,2.1,,151,9.5,146.8,0,0,0,0,,,,
KLO,2012,9,22,11,16.1,,,,,,,,966,,2.8,,47,0.5,46.7,0,0,0,0,,,,
KLO,2012,9,22,12,15.9,,,,,,,,966.2,,1.9,,40,0.3,39.8,0,0,0,0,,,,
KLO,2012,9,22,13,15.6,,,,,,,,966.5,,1.8,,31,0.1,30.9,0,0,0,0,,,,
KLO,2012,9,22,14,14.6,,,,,,,,966.8,,3,,16,0,16,0,0,0,0,,,,
KLO,2012,9,22,15,13.9,,,,,,,,967.4,,2.6,,20,0.1,20,0,0,0,0,,,,
KLO,2012,9,22,16,13.3,,,,,,,,967.8,,3,,10,0,10,0,0,0,0,,,,
KLO,2012,9,22,17,12.6,,,,,,,,968.6,,3.2,,0,0,0,0,0,0,0,,,,
KLO,2012,9,22,18,12.3,,,,,,,,968.8,,1.7,,0,0,0,0,0,0,0,,,,
KLO,2012,9,22,19,12,,,,,,,,969,,1.8,,0,0,0,0,0,0,0,,,,
KLO,2012,9,22,20,11.8,,,,,,,,968.7,,1.9,,0,0,0,0,0,0,0,,,,
KLO,2012,9,22,21,11.8,,,,,,,,968.6,,2.4,,0,0,0,0,0,0,0,,,,
KLO,2012,9,22,22,11.8,,,,,,,,968.3,,1.8,,0,0,0,0,0,0,0,,,,
KLO,2012,9,22,23,11.8,,,,,,,,968.3,,2.3,,0,0,0,0,0,0,0,,,,
KLO,2012,9,23,0,11.7,,,,,,,,967.9,,0.9,,0,0,0,0,0,0,0,,,,
KLO,2012,9,23,1,11.6,,,,,,,,967.1,,1.1,,0,0,0,0,0,0,0,,,,
KLO,2012,9,23,2,11.5,,,,,,,,966.7,,2.3,,0,0,0,0,0,0,0,,,,
KLO,2012,9,23,3,11.7,,,,,,,,966.4,,1.7,,0,0,0,0,0,0,0,,,,
KLO,2012,9,23,4,11.9,,,,,,,,966.3,,0.7,,0,0,0,0,0,0,0,,,,
KLO,2012,9,23,5,11.8,,,,,,,,966.3,,1.2,,3,0,0,0,0,0,0,,,,
KLO,2012,9,23,6,11.9,,,,,,,,966.2,,0.3,,50,0,0,0,0,0,0,,,,
KLO,2012,9,23,7,12.2,,,,,,,,966.2,,0.7,,120,0,0,0,0,0,0,,,,
KLO,2012,9,23,8,12.8,,,,,,,,966.1,,0.6,,194,1331.5,32,0,0,0,0,,,,
KLO,2012,9,23,9,13.6,,,,,,,,965.7,,0.7,,237,472.2,101,0,0,0,0,,,,
KLO,2012,9,23,10,14.5,,,,,,,,965.2,,1.3,,316,300.9,184.9,0,0,0,0,,,,
KLO,2012,9,23,11,15.5,,,,,,,,964.5,,1.3,,525,715.8,128.9,0,0,0,0,,,,
KLO,2012,9,23,12,16.6,,,,,,,,963.3,,1.1,,622,775.2,131.1,0,0,0,0,,,,
KLO,2012,9,23,13,17.8,,,,,,,,962.3,,1.5,,529,411,253.8,0,0,0,0,,,,
KLO,2012,9,23,14,18.8,,,,,,,,961.3,,1.6,,453,241.5,293.5,0,0,0,0,,,,
KLO,2012,9,23,15,19,,,,,,,,960.6,,2,,241,18.6,229.7,0,0,0,0,,,,
KLO,2012,9,23,16,18,,,,,,,,960,,2.8,,91,2.1,89.9,0,0,0,0,,,,
KLO,2012,9,23,17,16.9,,,,,,,,959.7,,1.6,,11,0.1,11,0,0,0,0,,,,
KLO,2012,9,23,18,16.3,,,,,,,,959.4,,1.8,,0,0,0,0,0,0,0,,,,
KLO,2012,9,23,19,14.7,,,,,,,,959,,1.1,,0,0,0,0,0,0,0,,,,
KLO,2012,9,23,20,13.8,,,,,,,,958.4,,1.1,,0,0,0,0,0,0,0,,,,
KLO,2012,9,23,21,12.7,,,,,,,,957.6,,1.2,,0,0,0,0,0,0,0,,,,
KLO,2012,9,23,22,12.6,,,,,,,,956.8,,1.7,,0,0,0,0,0,0,0,,,,
KLO,2012,9,23,23,13.4,,,,,,,,956,,1.6,,0,0,0,0,0,0,0,,,,
KLO,2012,9,24,0,13.5,,,,,,,,955.8,,1.6,,0,0,0,0,0,0,0,,,,
KLO,2012,9,24,1,13.3,,,,,,,,955.2,,1.6,,0,0,0,0,0,0,0,,,,
KLO,2012,9,24,2,12.9,,,,,,,,954.5,,1,,0,0,0,0,0,0,0,,,,
KLO,2012,9,24,3,12.8,,,,,,,,954,,0.6,,0,0,0,0,0,0,0,,,,
KLO,2012,9,24,4,12.7,,,,,,,,952.9,,0.7,,0,0,0,0,0,0,0,,,,
KLO,2012,9,24,5,12.9,,,,,,,,952.3,,1.1,,1,0,0,0,0,0,0,,,,
KLO,2012,9,24,6,13.4,,,,,,,,952.6,,0.7,,15,0,0,0,0,0,0,,,,
KLO,2012,9,24,7,14.7,,,,,,,,954.7,,3.5,,25,0,0,0,0,0,0,,,,
KLO,2012,9,24,8,15.6,,,,,,,,954.7,,3.7,,54,38.1,49.5,0,0,0,0,,,,
KLO,2012,9,24,9,15.9,,,,,,,,954.7,,3.5,,125,30.9,116.2,0,0,0,0,,,,
KLO,2012,9,24,10,17.1,,,,,,,,954.2,,3.6,,348,441.7,157.5,0,0,0,0,,,,
KLO,2012,9,24,11,18,,,,,,,,954.3,,4.8,,340,157.3,253.6,0,0,0,0,,,,
KLO,2012,9,24,12,18.5,,,,,,,,954.2,,3.5,,229,12.2,221.3,0,0,0,0,,,,
KLO,2012,9,24,13,18.5,,,,,,,,954.5,,4.1,,182,5,178.7,0,0,0,0,,,,
KLO,2012,9,24,14,18.3,,,,,,,,955.2,,5.3,,179,4.9,175.8,0,0,0,0,,,,
KLO,2012,9,24,15,17.8,,,,,,,,956,,3.9,,153,4.3,150.4,0,0,0,0,,,,
KLO,2012,9,24,16,17.8,,,,,,,,956.7,,3.2,,137,4.9,134.5,0,0,0,0,,,,
KLO,2012,9,24,17,17.1,,,,,,,,957.3,,4.2,,9,0,9,0,0,0,0,,,,
KLO,2012,9,24,18,15.2,,,,,,,,957.9,,3.1,,0,0,0,0,0,0,0,,,,
KLO,2012,9,24,19,13.7,,,,,,,,958.2,,2.8,,0,0,0,0,0,0,0,,,,
KLO,2012,9,24,20,13.1,,,,,,,,958.1,,2.3,,0,0,0,0,0,0,0,,,,
KLO,2012,9,24,21,12.6,,,,,,,,958,,2.7,,0,0,0,0,0,0,0,,,,
KLO,2012,9,24,22,11.1,,,,,,,,958,,2.3,,0,0,0,0,0,0,0,,,,
KLO,2012,9,24,23,10.8,,,,,,,,958,,2.7,,0,0,0,0,0,0,0,,,,
KLO,2012,9,25,0,13.3,,,,,,,,957.9,,3.5,,0,0,0,0,0,0,0,,,,
KLO,2012,9,25,1,12.6,,,,,,,,957.6,,3,,0,0,0,0,0,0,0,,,,
KLO,2012,9,25,2,10.7,,,,,,,,957.2,,1.9,,0,0,0,0,0,0,0,,,,
KLO,2012,9,25,3,10.1,,,,,,,,956.5,,2.7,,0,0,0,0,0,0,0,,,,
KLO,2012,9,25,4,10,,,,,,,,956.3,,2.2,,0,0,0,0,0,0,0,,,,
KLO,2012,9,25,5,9,,,,,,,,955.8,,2.5,,5,0,0,0,0,0,0,,,,
KLO,2012,9,25,6,11.4,,,,,,,,955.4,,2.9,,115,0,0,0,0,0,0,,,,
KLO,2012,9,25,7,13.6,,,,,,,,955,,1.5,,273,0,0,0,0,0,0,,,,
KLO,2012,9,25,8,15.6,,,,,,,,954.9,,1.7,,425,3119.3,70.1,0,0,0,0,,,,
KLO,2012,9,25,9,17,,,,,,,,955.2,,1,,542,1616.9,89.4,0,0,0,0,,,,
KLO,2012,9,25,10,18.3,,,,,,,,954.7,,1.4,,505,987.4,83.3,0,0,0,0,,,,
KLO,2012,9,25,11,19.4,,,,,,,,954.1,,1,,501,660.7,141.3,0,0,0,0,,,,
KLO,2012,9,25,12,20.3,,,,,,,,953.9,,2.7,,571,651.2,164.8,0,0,0,0,,,,
KLO,2012,9,25,13,17.9,,,,,,,,954.3,,5.9,,385,120.6,305.5,0,0,0,0,,,,
KLO,2012,9,25,14,16.1,,,,,,,,954.6,,4.7,,302,40.6,275.6,0,0,0,0,,,,
KLO,2012,9,25,15,15.2,,,,,,,,954.4,,2.6,,126,3,124.2,0,0,0,0,,,,
KLO,2012,9,25,16,14.8,,,,,,,,954.3,,1.4,,38,0.4,37.8,0,0,0,0,,,,
KLO,2012,9,25,17,14,,,,,,,,954.1,,1.4,,7,0,7,0,0,0,0,,,,
KLO,2012,9,25,18,13.3,,,,,,,,953.9,,1.4,,0,0,0,0,0,0,0,,,,
KLO,2012,9,25,19,12.6,,,,,,,,953.5,,1.9,,0,0,0,0,0,0,0,,,,
KLO,2012,9,25,20,11.9,,,,,,,,953,,2.8,,0,0,0,0,0,0,0,,,,
KLO,2012,9,25,21,12.7,,,,,,,,952.5,,3.1,,0,0,0,0,0,0,0,,,,
KLO,2012,9,25,22,12.2,,,,,,,,952.4,,3.4,,0,0,0,0,0,0,0,,,,
KLO,2012,9,25,23,11.5,,,,,,,,952.2,,3,,0,0,0,0,0,0,0,,,,
KLO,2012,9,26,0,10.7,,,,,,,,952.2,,2.7,,0,0,0,0,0,0,0,,,,
KLO,2012,9,26,1,10.1,,,,,,,,951.9,,2,,0,0,0,0,0,0,0,,,,
KLO,2012,9,26,2,9.9,,,,,,,,952.1,,1,,0,0,0,0,0,0,0,,,,
KLO,2012,9,26,3,8.7,,,,,,,,951.8,,0.7,,0,0,0,0,0,0,0,,,,
KLO,2012,9,26,4,8.5,,,,,,,,951.9,,0.8,,0,0,0,0,0,0,0,,,,
KLO,2012,9,26,5,9.5,,,,,,,,952,,0.9,,2,0,0,0,0,0,0,,,,
KLO,2012,9,26,6,10.4,,,,,,,,952.6,,1.2,,71,0,0,0,0,0,0,,,,
KLO,2012,9,26,7,12.1,,,,,,,,952.7,,0.5,,220,0,0,0,0,0,0,,,,
KLO,2012,9,26,8,13.9,,,,,,,,952.8,,0.4,,384,2919.9,63.4,0,0,0,0,,,,
KLO,2012,9,26,9,16,,,,,,,,952.7,,1,,501,1516.9,82.7,0,0,0,0,,,,
KLO,2012,9,26,10,17,,,,,,,,953,,1,,481,950.1,79.4,0,0,0,0,,,,
KLO,2012,9,26,11,18.3,,,,,,,,953,,1.4,,485,617.4,151.7,0,0,0,0,,,,
KLO,2012,9,26,12,18.9,,,,,,,,952.8,,2.3,,457,320,258.9,0,0,0,0,,,,
KLO,2012,9,26,13,18.2,,,,,,,,952.9,,4.1,,448,237.8,292.3,0,0,0,0,,,,
KLO,2012,9,26,14,16.9,,,,,,,,953.7,,6.4,,415,184.9,295.8,0,0,0,0,,,,
KLO,2012,9,26,15,14.8,,,,,,,,954.8,,6,,248,24.6,233.5,0,0,0,0,,,,
KLO,2012,9,26,16,13.2,,,,,,,,955.8,,4.6,,81,1.8,80.1,0,0,0,0,,,,
KLO,2012,9,26,17,12.3,,,,,,,,956.5,,3.2,,2,0,2,0,0,0,0,,,,
KLO,2012,9,26,18,12,,,,,,,,956.6,,2.5,,0,0,0,0,0,0,0,,,,
KLO,2012,9,26,19,11.2,,,,,,,,957,,3.5,,0,0,0,0,0,0,0,,,,
KLO,2012,9,26,20,10.6,,,,,,,,957.5,,2.2,,0,0,0,0,0,0,0,,,,
KLO,2012,9,26,21,10.6,,,,,,,,957.9,,1.6,,0,0,0,0,0,0,0,,,,
KLO,2012,9,26,22,10.5,,,,,,,,958.1,,1.8,,0,0,0,0,0,0,0,,,,
KLO,2012,9,26,23,10.5,,,,,,,,959.3,,3.2,,0,0,0,0,0,0,0,,,,
KLO,2012,9,27,0,10.4,,,,,,,,960.3,,3.1,,0,0,0,0,0,0,0,,,,
KLO,2012,9,27,1,9.5,,,,,,,,960.5,,5.7,,0,0,0,0,0,0,0,,,,
KLO,2012,9,27,2,9.3,,,,,,,,961.1,,3.8,,0,0,0,0,0,0,0,,,,
KLO,2012,9,27,3,9,,,,,,,,961.5,,3,,0,0,0,0,0,0,0,,,,
KLO,2012,9,27,4,8.9,,,,,,,,961.6,,2.9,,0,0,0,0,0,0,0,,,,
KLO,2012,9,27,5,9,,,,,,,,961.7,,3.1,,2,0,0,0,0,0,0,,,,
KLO,2012,9,27,6,9.5,,,,,,,,962.1,,2.2,,103,0,0,0,0,0,0,,,,
KLO,2012,9,27,7,10.9,,,,,,,,962.5,,3.3,,294,0,0,0,0,0,0,,,,
KLO,2012,9,27,8,12.5,,,,,,,,962.9,,3.3,,436,3439.5,71.9,0,0,0,0,,,,
KLO,2012,9,27,9,13.1,,,,,,,,962.9,,4.9,,466,1432.5,76.9,0,0,0,0,,,,
KLO,2012,9,27,10,13.9,,,,,,,,962.6,,4.6,,372,598.5,121.6,0,0,0,0,,,,
KLO,2012,9,27,11,15.5,,,,,,,,962.3,,5.1,,485,631.6,146.9,0,0,0,0,,,,
KLO,2012,9,27,12,16.7,,,,,,,,962,,7.3,,610,791.3,123.9,0,0,0,0,,,,
KLO,2012,9,27,13,17.4,,,,,,,,961.9,,7.6,,536,474,228,0,0,0,0,,,,
KLO,2012,9,27,14,17.7,,,,,,,,962.1,,7,,433,227.9,287.3,0,0,0,0,,,,
KLO,2012,9,27,15,17.7,,,,,,,,962.4,,7.4,,306,73,263.4,0,0,0,0,,,,
KLO,2012,9,27,16,14.7,,,,,,,,963.6,,6.5,,74,1.5,73.3,0,0,0,0,,,,
KLO,2012,9,27,17,13.5,,,,,,,,965,,3.8,,5,0,5,0,0,0,0,,,,
KLO,2012,9,27,18,13.1,,,,,,,,966.1,,5.9,,0,0,0,0,0,0,0,,,,
KLO,2012,9,27,19,11.8,,,,,,,,967.3,,3.2,,0,0,0,0,0,0,0,,,,
KLO,2012,9,27,20,12.3,,,,,,,,968,,4,,0,0,0,0,0,0,0,,,,
KLO,2012,9,27,21,11.6,,,,,,,,968.6,,2.3,,0,0,0,0,0,0,0,,,,
KLO,2012,9,27,22,10.7,,,,,,,,969.1,,1.1,,0,0,0,0,0,0,0,,,,
KLO,2012,9,27,23,9.4,,,,,,,,969.4,,2.1,,0,0,0,0,0,0,0,,,,
KLO,2012,9,28,0,9.3,,,,,,,,969.8,,1.2,,0,0,0,0,0,0,0,,,,
KLO,2012,9,28,1,8.4,,,,,,,,969.8,,0.9,,0,0,0,0,0,0,0,,,,
KLO,2012,9,28,2,8,,,,,,,,969.6,,0.9,,0,0,0,0,0,0,0,,,,
KLO,2012,9,28,3,7,,,,,,,,969.5,,1.1,,0,0,0,0,0,0,0,,,,
KLO,2012,9,28,4,6.6,,,,,,,,969.4,,1,,0,0,0,0,0,0,0,,,,
KLO,2012,9,28,5,6.8,,,,,,,,969.4,,0.7,,3,0,0,0,0,0,0,,,,
KLO,2012,9,28,6,7.6,,,,,,,,969.7,,0.9,,94,0,0,0,0,0,0,,,,
KLO,2012,9,28,7,10.2,,,,,,,,969.8,,2.1,,264,0,0,0,0,0,0,,,,
KLO,2012,9,28,8,12,,,,,,,,970.1,,2,,427,3499.9,70.5,0,0,0,0,,,,
KLO,2012,9,28,9,14,,,,,,,,970.1,,1.5,,558,1741.9,92.1,0,0,0,0,,,,
KLO,2012,9,28,10,15.4,,,,,,,,969.8,,1.1,,645,1300.6,106.4,0,0,0,0,,,,
KLO,2012,9,28,11,16.3,,,,,,,,969.5,,1.2,,682,1072.9,112.5,0,0,0,0,,,,
KLO,2012,9,28,12,17.2,,,,,,,,968.9,,1.1,,663,908.3,109.5,0,0,0,0,,,,
KLO,2012,9,28,13,17.7,,,,,,,,968.6,,1,,582,625,179.2,0,0,0,0,,,,
KLO,2012,9,28,14,18,,,,,,,,968.1,,1.1,,466,313.8,267.1,0,0,0,0,,,,
KLO,2012,9,28,15,17.9,,,,,,,,967.4,,1.2,,268,39.8,245,0,0,0,0,,,,
KLO,2012,9,28,16,16.9,,,,,,,,967.2,,2.8,,107,3.3,105.4,0,0,0,0,,,,
KLO,2012,9,28,17,14.9,,,,,,,,967.3,,2.1,,8,0,8,0,0,0,0,,,,
KLO,2012,9,28,18,12.4,,,,,,,,967.8,,1.5,,0,0,0,0,0,0,0,,,,
KLO,2012,9,28,19,10.6,,,,,,,,968,,1.2,,0,0,0,0,0,0,0,,,,
KLO,2012,9,28,20,9.7,,,,,,,,968.1,,0.9,,0,0,0,0,0,0,0,,,,
KLO,2012,9,28,21,9.2,,,,,,,,968.1,,1.1,,0,0,0,0,0,0,0,,,,
KLO,2012,9,28,22,9.1,,,,,,,,968.1,,1,,0,0,0,0,0,0,0,,,,
KLO,2012,9,28,23,9.5,,,,,,,,968,,0.8,,0,0,0,0,0,0,0,,,,
KLO,2012,9,29,0,9.5,,,,,,,,967.8,,1,,0,0,0,0,0,0,0,,,,
KLO,2012,9,29,1,9.5,,,,,,,,967.5,,1.4,,0,0,0,0,0,0,0,,,,
KLO,2012,9,29,2,10,,,,,,,,967.4,,1,,0,0,0,0,0,0,0,,,,
KLO,2012,9,29,3,10,,,,,,,,967.1,,0.8,,0,0,0,0,0,0,0,,,,
KLO,2012,9,29,4,10.2,,,,,,,,967.3,,1,,0,0,0,0,0,0,0,,,,
KLO,2012,9,29,5,10.1,,,,,,,,967.3,,1.4,,1,0,0,0,0,0,0,,,,
KLO,2012,9,29,6,10.2,,,,,,,,967.5,,1.7,,23,0,0,0,0,0,0,,,,
KLO,2012,9,29,7,10.6,,,,,,,,967.8,,0.9,,61,0,0,0,0,0,0,,,,
KLO,2012,9,29,8,11.2,,,,,,,,968,,0.7,,72,314,41.3,0,0,0,0,,,,
KLO,2012,9,29,9,11.8,,,,,,,,968.1,,0.5,,96,12.1,92.8,0,0,0,0,,,,
KLO,2012,9,29,10,12.2,,,,,,,,967.9,,0.7,,92,3.3,90.6,0,0,0,0,,,,
KLO,2012,9,29,11,12.6,,,,,,,,967.9,,1.2,,135,4.3,132.7,0,0,0,0,,,,
KLO,2012,9,29,12,12.6,,,,,,,,967.7,,1.1,,75,1,74.4,0,0,0,0,,,,
KLO,2012,9,29,13,12.4,,,,,,,,968,,1.4,,70,0.8,69.5,0,0,0,0,,,,
KLO,2012,9,29,14,12.2,,,,,,,,968.1,,0.9,,46,0.4,45.8,0,0,0,0,,,,
KLO,2012,9,29,15,11.7,,,,,,,,968,,1.3,,36,0.3,35.9,0,0,0,0,,,,
KLO,2012,9,29,16,11.5,,,,,,,,968,,1,,22,0.1,21.9,0,0,0,0,,,,
KLO,2012,9,29,17,11.5,,,,,,,,968.4,,1.6,,1,0,1,0,0,0,0,,,,
KLO,2012,9,29,18,11.6,,,,,,,,968.6,,1.8,,0,0,0,0,0,0,0,,,,
KLO,2012,9,29,19,11.5,,,,,,,,969.5,,0.7,,0,0,0,0,0,0,0,,,,
KLO,2012,9,29,20,11.5,,,,,,,,969.6,,0.9,,0,0,0,0,0,0,0,,,,
KLO,2012,9,29,21,11.4,,,,,,,,969.5,,2.2,,0,0,0,0,0,0,0,,,,
KLO,2012,9,29,22,11.4,,,,,,,,970,,1.8,,0,0,0,0,0,0,0,,,,
KLO,2012,9,29,23,11.3,,,,,,,,969.7,,2.8,,0,0,0,0,0,0,0,,,,
KLO,2012,9,30,0,11.5,,,,,,,,969.6,,2.4,,0,0,0,0,0,0,0,,,,
KLO,2012,9,30,1,11.6,,,,,,,,969.5,,2.8,,0,0,0,0,0,0,0,,,,
KLO,2012,9,30,2,11.4,,,,,,,,969.4,,3.3,,0,0,0,0,0,0,0,,,,
KLO,2012,9,30,3,11,,,,,,,,969.6,,3,,0,0,0,0,0,0,0,,,,
KLO,2012,9,30,4,10.6,,,,,,,,969.7,,2.8,,0,0,0,0,0,0,0,,,,
KLO,2012,9,30,5,10.5,,,,,,,,969.3,,3,,1,0,0,0,0,0,0,,,,
KLO,2012,9,30,6,10.8,,,,,,,,969.7,,1.6,,23,0,0,0,0,0,0,,,,
KLO,2012,9,30,7,11.1,,,,,,,,970.4,,2.7,,94,0,0,0,0,0,0,,,,
KLO,2012,9,30,8,11.5,,,,,,,,970.6,,2.8,,94,802.7,18.6,0,0,0,0,,,,
KLO,2012,9,30,9,12,,,,,,,,970.5,,3.3,,166,179.8,119.4,0,0,0,0,,,,
KLO,2012,9,30,10,12.8,,,,,,,,970.5,,3.3,,276,231.6,182.1,0,0,0,0,,,,
KLO,2012,9,30,11,12.8,,,,,,,,970.6,,3.3,,148,5.3,145.2,0,0,0,0,,,,
KLO,2012,9,30,12,13,,,,,,,,970.4,,2.9,,99,1.8,97.9,0,0,0,0,,,,
KLO,2012,9,30,13,13.4,,,,,,,,970.1,,3.3,,123,2.5,121.4,0,0,0,0,,,,
KLO,2012,9,30,14,13.4,,,,,,,,970.1,,2,,65,0.7,64.6,0,0,0,0,,,,
KLO,2012,9,30,15,13.2,,,,,,,,970,,1.7,,31,0.2,30.9,0,0,0,0,,,,
KLO,2012,9,30,16,13,,,,,,,,970,,1.1,,12,0,12,0,0,0,0,,,,
KLO,2012,9,30,17,12.7,,,,,,,,970,,0.7,,1,0,1,0,0,0,0,,,,
KLO,2012,9,30,18,12.4,,,,,,,,969.7,,2.1,,0,0,0,0,0,0,0,,,,
KLO,2012,9,30,19,12.5,,,,,,,,969.7,,1.4,,0,0,0,0,0,0,0,,,,
KLO,2012,9,30,20,12.4,,,,,,,,969.7,,2,,0,0,0,0,0,0,0,,,,
KLO,2012,9,30,21,12.2,,,,,,,,969.4,,2.5,,0,0,0,0,0,0,0,,,,
KLO,2012,9,30,22,12.1,,,,,,,,969,,2.3,,0,0,0,0,0,0,0,,,,
KLO,2012,9,30,23,12.1,,,,,,,,969,,1.5,,0,0,0,0,0,0,0,,,,
KLO,2012,10,1,0,12.1,,,,,,,,968.8,,1.4,,0,0,0,0,0,0,0,,,,
KLO,2012,10,1,1,12.1,,,,,,,,968.7,,1,,0,0,0,0,0,0,0,,,,
KLO,2012,10,1,2,12,,,,,,,,968.7,,1,,0,0,0,0,0,0,0,,,,
KLO,2012,10,1,3,12.1,,,,,,,,968.8,,0.7,,0,0,0,0,0,0,0,,,,
KLO,2012,10,1,4,12,,,,,,,,968.7,,0.4,,0,0,0,0,0,0,0,,,,
KLO,2012,10,1,5,12.1,,,,,,,,968.6,,0.6,,0,0,0,0,0,0,0,,,,
KLO,2012,10,1,6,12.2,,,,,,,,968.5,,0.3,,14,0,0,0,0,0,0,,,,
KLO,2012,10,1,7,12.4,,,,,,,,968.8,,0.4,,43,0,0,0,0,0,0,,,,
KLO,2012,10,1,8,12.7,,,,,,,,969.1,,0.3,,82,640.7,24.4,0,0,0,0,,,,
KLO,2012,10,1,9,13.4,,,,,,,,969,,1,,187,309.9,108,0,0,0,0,,,,
KLO,2012,10,1,10,14.1,,,,,,,,968.9,,0.9,,287,282,173.9,0,0,0,0,,,,
KLO,2012,10,1,11,15,,,,,,,,968.7,,1.2,,359,250.3,229.6,0,0,0,0,,,,
KLO,2012,10,1,12,15.7,,,,,,,,968.4,,1.3,,399,217.5,269.7,0,0,0,0,,,,
KLO,2012,10,1,13,16,,,,,,,,968.3,,1.6,,293,40.4,267.6,0,0,0,0,,,,
KLO,2012,10,1,14,15.6,,,,,,,,968.2,,1,,115,2.3,113.6,0,0,0,0,,,,
KLO,2012,10,1,15,15.7,,,,,,,,968.1,,0.3,,111,2.6,109.6,0,0,0,0,,,,
KLO,2012,10,1,16,15.5,,,,,,,,968.2,,0.3,,38,0.4,37.8,0,0,0,0,,,,
KLO,2012,10,1,17,14.5,,,,,,,,968.5,,0.8,,3,0,3,0,0,0,0,,,,
KLO,2012,10,1,18,13.8,,,,,,,,968.8,,0.9,,0,0,0,0,0,0,0,,,,
KLO,2012,10,1,19,13.8,,,,,,,,969.1,,0.4,,0,0,0,0,0,0,0,,,,
KLO,2012,10,1,20,13.5,,,,,,,,969.6,,0.5,,0,0,0,0,0,0,0,,,,
KLO,2012,10,1,21,13.2,,,,,,,,969.9,,1.3,,0,0,0,0,0,0,0,,,,
KLO,2012,10,1,22,12.7,,,,,,,,970,,0.6,,0,0,0,0,0,0,0,,,,
KLO,2012,10,1,23,12.4,,,,,,,,970,,0.5,,0,0,0,0,0,0,0,,,,
KLO,2012,10,2,0,11.9,,,,,,,,969.9,,0.5,,0,0,0,0,0,0,0,,,,
KLO,2012,10,2,1,11.8,,,,,,,,969.8,,0.8,,0,0,0,0,0,0,0,,,,
KLO,2012,10,2,2,11.5,,,,,,,,969.8,,0.9,,0,0,0,0,0,0,0,,,,
KLO,2012,10,2,3,11.5,,,,,,,,969.9,,0.7,,0,0,0,0,0,0,0,,,,
KLO,2012,10,2,4,11.3,,,,,,,,970.1,,0.9,,0,0,0,0,0,0,0,,,,
KLO,2012,10,2,5,10.8,,,,,,,,970.3,,0.9,,1,0,0,0,0,0,0,,,,
KLO,2012,10,2,6,10.2,,,,,,,,970.6,,1.6,,47,0,0,0,0,0,0,,,,
KLO,2012,10,2,7,10.6,,,,,,,,970.7,,0.7,,177,0,0,0,0,0,0,,,,
KLO,2012,10,2,8,12.9,,,,,,,,970.8,,0.7,,394,3829.2,65,0,0,0,0,,,,
KLO,2012,10,2,9,15,,,,,,,,970.7,,1.8,,549,1828.8,90.6,0,0,0,0,,,,
KLO,2012,10,2,10,15.2,,,,,,,,970.5,,2,,372,690.6,98.2,0,0,0,0,,,,
KLO,2012,10,2,11,16.2,,,,,,,,970.1,,1.3,,625,1018.9,103.1,0,0,0,0,,,,
KLO,2012,10,2,12,17.1,,,,,,,,969.5,,1.5,,600,827,112.2,0,0,0,0,,,,
KLO,2012,10,2,13,17.6,,,,,,,,969.1,,1.8,,552,586.5,186,0,0,0,0,,,,
KLO,2012,10,2,14,18.3,,,,,,,,968.9,,2.5,,430,261.1,270.1,0,0,0,0,,,,
KLO,2012,10,2,15,18,,,,,,,,968.7,,1.7,,267,47.2,240.8,0,0,0,0,,,,
KLO,2012,10,2,16,16.9,,,,,,,,968.6,,1.5,,103,3.3,101.5,0,0,0,0,,,,
KLO,2012,10,2,17,14.8,,,,,,,,968.7,,0.7,,4,0,4,0,0,0,0,,,,
KLO,2012,10,2,18,12,,,,,,,,968.9,,0.7,,0,0,0,0,0,0,0,,,,
KLO,2012,10,2,19,10.8,,,,,,,,969.3,,0.7,,0,0,0,0,0,0,0,,,,
KLO,2012,10,2,20,10,,,,,,,,969.6,,1.5,,0,0,0,0,0,0,0,,,,
KLO,2012,10,2,21,10.2,,,,,,,,969.6,,1.7,,0,0,0,0,0,0,0,,,,
KLO,2012,10,2,22,9,,,,,,,,969.8,,1.3,,0,0,0,0,0,0,0,,,,
KLO,2012,10,2,23,9,,,,,,,,969.7,,0.8,,0,0,0,0,0,0,0,,,,
KLO,2012,10,3,0,8,,,,,,,,969.5,,0.8,,0,0,0,0,0,0,0,,,,
KLO,2012,10,3,1,8.2,,,,,,,,969.2,,1.6,,0,0,0,0,0,0,0,,,,
KLO,2012,10,3,2,8.6,,,,,,,,969.2,,1.1,,0,0,0,0,0,0,0,,,,
KLO,2012,10,3,3,8.9,,,,,,,,968.9,,2.1,,0,0,0,0,0,0,0,,,,
KLO,2012,10,3,4,8.8,,,,,,,,968.6,,1.4,,0,0,0,0,0,0,0,,,,
KLO,2012,10,3,5,8,,,,,,,,968.4,,0.9,,1,0,0,0,0,0,0,,,,
KLO,2012,10,3,6,8.4,,,,,,,,968.5,,1.3,,57,0,0,0,0,0,0,,,,
KLO,2012,10,3,7,9.6,,,,,,,,968.6,,1.3,,136,0,0,0,0,0,0,,,,
KLO,2012,10,3,8,12.4,,,,,,,,968.8,,0.9,,315,3211,52,0,0,0,0,,,,
KLO,2012,10,3,9,14.5,,,,,,,,969.1,,2.3,,438,1484.2,72.3,0,0,0,0,,,,
KLO,2012,10,3,10,15.7,,,,,,,,969,,3.3,,405,849.4,72,0,0,0,0,,,,
KLO,2012,10,3,11,17.2,,,,,,,,968.8,,3.8,,609,1002,100.5,0,0,0,0,,,,
KLO,2012,10,3,12,17.9,,,,,,,,968.1,,4.1,,566,744.3,130.6,0,0,0,0,,,,
KLO,2012,10,3,13,18,,,,,,,,967.7,,3.4,,353,107,286.8,0,0,0,0,,,,
KLO,2012,10,3,14,17,,,,,,,,967.5,,2.8,,224,12.7,216.3,0,0,0,0,,,,
KLO,2012,10,3,15,16.3,,,,,,,,967.2,,2.9,,155,5.2,152.1,0,0,0,0,,,,
KLO,2012,10,3,16,15.1,,,,,,,,967.1,,2.4,,55,1,54.6,0,0,0,0,,,,
KLO,2012,10,3,17,13.8,,,,,,,,967.3,,1,,3,0,3,0,0,0,0,,,,
KLO,2012,10,3,18,12.5,,,,,,,,967.6,,1.3,,0,0,0,0,0,0,0,,,,
KLO,2012,10,3,19,11.9,,,,,,,,967.6,,2,,0,0,0,0,0,0,0,,,,
KLO,2012,10,3,20,12.6,,,,,,,,967.3,,2.9,,0,0,0,0,0,0,0,,,,
KLO,2012,10,3,21,12.8,,,,,,,,967,,2.9,,0,0,0,0,0,0,0,,,,
KLO,2012,10,3,22,12.6,,,,,,,,966.8,,2.7,,0,0,0,0,0,0,0,,,,
KLO,2012,10,3,23,12.9,,,,,,,,966.5,,2.6,,0,0,0,0,0,0,0,,,,
KLO,2012,10,4,0,13.3,,,,,,,,966.2,,2,,0,0,0,0,0,0,0,,,,
KLO,2012,10,4,1,13,,,,,,,,966.1,,1.1,,0,0,0,0,0,0,0,,,,
KLO,2012,10,4,2,13,,,,,,,,965.7,,1.8,,0,0,0,0,0,0,0,,,,
KLO,2012,10,4,3,12.9,,,,,,,,965.2,,1.6,,0,0,0,0,0,0,0,,,,
KLO,2012,10,4,4,12.3,,,,,,,,964.7,,1.7,,0,0,0,0,0,0,0,,,,
KLO,2012,10,4,5,12,,,,,,,,964.5,,1.9,,1,0,0,0,0,0,0,,,,
KLO,2012,10,4,6,13,,,,,,,,964.5,,1.7,,60,0,0,0,0,0,0,,,,
KLO,2012,10,4,7,14.3,,,,,,,,964.2,,1.8,,110,0,0,0,0,0,0,,,,
KLO,2012,10,4,8,15,,,,,,,,964.3,,1.8,,128,1371.8,21.1,0,0,0,0,,,,
KLO,2012,10,4,9,16,,,,,,,,964.1,,3.1,,110,35.4,101.4,0,0,0,0,,,,
KLO,2012,10,4,10,15.7,,,,,,,,964.3,,4.8,,132,9,128.5,0,0,0,0,,,,
KLO,2012,10,4,11,16.5,,,,,,,,964.5,,4.2,,157,6.7,153.7,0,0,0,0,,,,
KLO,2012,10,4,12,16.4,,,,,,,,964.7,,5,,150,4.4,147.4,0,0,0,0,,,,
KLO,2012,10,4,13,16.7,,,,,,,,964.8,,6.5,,173,5.2,169.8,0,0,0,0,,,,
KLO,2012,10,4,14,16.1,,,,,,,,965.2,,5.6,,120,2.6,118.4,0,0,0,0,,,,
KLO,2012,10,4,15,15,,,,,,,,966.2,,2.7,,41,0.4,40.8,0,0,0,0,,,,
KLO,2012,10,4,16,14.6,,,,,,,,967.2,,2,,11,0,11,0,0,0,0,,,,
KLO,2012,10,4,17,14.1,,,,,,,,968.3,,3.5,,0,0,0,0,0,0,0,,,,
KLO,2012,10,4,18,13.6,,,,,,,,969,,2.9,,0,0,0,0,0,0,0,,,,
KLO,2012,10,4,19,12.4,,,,,,,,969.4,,2.3,,0,0,0,0,0,0,0,,,,
KLO,2012,10,4,20,11.6,,,,,,,,969.5,,1,,0,0,0,0,0,0,0,,,,
KLO,2012,10,4,21,10.9,,,,,,,,969.7,,1.3,,0,0,0,0,0,0,0,,,,
KLO,2012,10,4,22,11.2,,,,,,,,969.5,,0.9,,0,0,0,0,0,0,0,,,,
KLO,2012,10,4,23,11.6,,,,,,,,969.5,,1.1,,0,0,0,0,0,0,0,,,,
KLO,2012,10,5,0,10.1,,,,,,,,969.3,,0.9,,0,0,0,0,0,0,0,,,,
KLO,2012,10,5,1,9.9,,,,,,,,968.9,,1.9,,0,0,0,0,0,0,0,,,,
KLO,2012,10,5,2,11.2,,,,,,,,968.5,,1.2,,0,0,0,0,0,0,0,,,,
KLO,2012,10,5,3,11.3,,,,,,,,968.3,,0.7,,0,0,0,0,0,0,0,,,,
KLO,2012,10,5,4,11.2,,,,,,,,968.2,,0.6,,0,0,0,0,0,0,0,,,,
KLO,2012,10,5,5,11.1,,,,,,,,968.4,,0.5,,0,0,0,0,0,0,0,,,,
KLO,2012,10,5,6,11,,,,,,,,968.6,,1.3,,40,0,0,0,0,0,0,,,,
KLO,2012,10,5,7,13,,,,,,,,968.9,,1.9,,162,0,0,0,0,0,0,,,,
KLO,2012,10,5,8,14.5,,,,,,,,969.1,,2.4,,351,3965.7,57.9,0,0,0,0,,,,
KLO,2012,10,5,9,15.9,,,,,,,,969.2,,4.2,,486,1706,80.2,0,0,0,0,,,,
KLO,2012,10,5,10,16.8,,,,,,,,969.1,,5.2,,558,1216.5,92.1,0,0,0,0,,,,
KLO,2012,10,5,11,17.7,,,,,,,,968.6,,3.5,,506,823.8,95.7,0,0,0,0,,,,
KLO,2012,10,5,12,18.6,,,,,,,,968.2,,3.4,,503,565.4,177.9,0,0,0,0,,,,
KLO,2012,10,5,13,19,,,,,,,,967.9,,2.5,,349,109.3,282.5,0,0,0,0,,,,
KLO,2012,10,5,14,19.5,,,,,,,,967.6,,2.8,,334,98.2,275.5,0,0,0,0,,,,
KLO,2012,10,5,15,19.5,,,,,,,,967.3,,2.1,,235,28.8,219.5,0,0,0,0,,,,
KLO,2012,10,5,16,18.7,,,,,,,,967.2,,1.4,,85,2.5,83.9,0,0,0,0,,,,
KLO,2012,10,5,17,15.7,,,,,,,,967.5,,1.4,,2,0,2,0,0,0,0,,,,
KLO,2012,10,5,18,14.1,,,,,,,,967.7,,1.8,,0,0,0,0,0,0,0,,,,
KLO,2012,10,5,19,13.3,,,,,,,,968.1,,1.1,,0,0,0,0,0,0,0,,,,
KLO,2012,10,5,20,12.2,,,,,,,,968.7,,1.8,,0,0,0,0,0,0,0,,,,
KLO,2012,10,5,21,12.5,,,,,,,,968.8,,1.9,,0,0,0,0,0,0,0,,,,
KLO,2012,10,5,22,11.3,,,,,,,,968.9,,1.2,,0,0,0,0,0,0,0,,,,
KLO,2012,10,5,23,10,,,,,,,,968.8,,2,,0,0,0,0,0,0,0,,,,
KLO,2012,10,6,0,10.6,,,,,,,,968.7,,2,,0,0,0,0,0,0,0,,,,
KLO,2012,10,6,1,10.1,,,,,,,,968.3,,2.5,,0,0,0,0,0,0,0,,,,
KLO,2012,10,6,2,9.5,,,,,,,,967.9,,1.3,,0,0,0,0,0,0,0,,,,
KLO,2012,10,6,3,9,,,,,,,,967.8,,1.4,,0,0,0,0,0,0,0,,,,
KLO,2012,10,6,4,8.8,,,,,,,,967.6,,2.2,,0,0,0,0,0,0,0,,,,
KLO,2012,10,6,5,8.2,,,,,,,,967.6,,1.3,,1,0,0,0,0,0,0,,,,
KLO,2012,10,6,6,9.4,,,,,,,,967.7,,1.7,,62,0,0,0,0,0,0,,,,
KLO,2012,10,6,7,13.8,,,,,,,,967.9,,2,,216,0,0,0,0,0,0,,,,
KLO,2012,10,6,8,17,,,,,,,,967.9,,5.2,,376,4491.7,62,0,0,0,0,,,,
KLO,2012,10,6,9,18.7,,,,,,,,967.9,,5.2,,418,1494.3,69,0,0,0,0,,,,
KLO,2012,10,6,10,20,,,,,,,,967.8,,6.5,,467,1030.3,77.1,0,0,0,0,,,,
KLO,2012,10,6,11,21,,,,,,,,967.5,,7,,550,931,90.8,0,0,0,0,,,,
KLO,2012,10,6,12,21.7,,,,,,,,967.4,,5.9,,608,889.5,101.1,0,0,0,0,,,,
KLO,2012,10,6,13,21.5,,,,,,,,967.3,,5.5,,346,109.1,280.2,0,0,0,0,,,,
KLO,2012,10,6,14,20.9,,,,,,,,967.1,,3.4,,193,7.7,188.5,0,0,0,0,,,,
KLO,2012,10,6,15,20.3,,,,,,,,966.7,,2.1,,126,3.7,124,0,0,0,0,,,,
KLO,2012,10,6,16,18.8,,,,,,,,966.3,,0.8,,28,0.3,27.9,0,0,0,0,,,,
KLO,2012,10,6,17,16.9,,,,,,,,966.4,,1.1,,0,0,0,0,0,0,0,,,,
KLO,2012,10,6,18,15.7,,,,,,,,966.4,,1,,0,0,0,0,0,0,0,,,,
KLO,2012,10,6,19,15.8,,,,,,,,966.7,,0.6,,0,0,0,0,0,0,0,,,,
KLO,2012,10,6,20,15.7,,,,,,,,966.5,,2.1,,0,0,0,0,0,0,0,,,,
KLO,2012,10,6,21,15.6,,,,,,,,966.5,,1.5,,0,0,0,0,0,0,0,,,,
KLO,2012,10,6,22,15.1,,,,,,,,966.7,,0.9,,0,0,0,0,0,0,0,,,,
KLO,2012,10,6,23,14.9,,,,,,,,966.7,,0.7,,0,0,0,0,0,0,0,,,,
KLO,2012,10,7,0,15.1,,,,,,,,966.7,,1.3,,0,0,0,0,0,0,0,,,,
KLO,2012,10,7,1,14.9,,,,,,,,966,,1.3,,0,0,0,0,0,0,0,,,,
KLO,2012,10,7,2,15.1,,,,,,,,965.4,,1.5,,0,0,0,0,0,0,0,,,,
KLO,2012,10,7,3,14.8,,,,,,,,965.1,,1.7,,0,0,0,0,0,0,0,,,,
KLO,2012,10,7,4,14.8,,,,,,,,964.9,,3.5,,0,0,0,0,0,0,0,,,,
KLO,2012,10,7,5,14.8,,,,,,,,964.8,,3.2,,0,0,0,0,0,0,0,,,,
KLO,2012,10,7,6,14.8,,,,,,,,965,,3,,1,0,0,0,0,0,0,,,,
KLO,2012,10,7,7,14.8,,,,,,,,965.6,,4.5,,21,0,0,0,0,0,0,,,,
KLO,2012,10,7,8,14.9,,,,,,,,966.2,,3.8,,75,950.4,12.4,0,0,0,0,,,,
KLO,2012,10,7,9,15,,,,,,,,966.6,,4.3,,103,33.3,95.4,0,0,0,0,,,,
KLO,2012,10,7,10,15.2,,,,,,,,967,,3.9,,131,10,127.3,0,0,0,0,,,,
KLO,2012,10,7,11,15.6,,,,,,,,967.4,,4.2,,183,13.5,176.4,0,0,0,0,,,,
KLO,2012,10,7,12,16,,,,,,,,967.6,,4.3,,223,17.4,213.2,0,0,0,0,,,,
KLO,2012,10,7,13,16.3,,,,,,,,968.1,,4.3,,155,4.4,152.4,0,0,0,0,,,,
KLO,2012,10,7,14,15.7,,,,,,,,968.8,,4.3,,140,3.8,137.8,0,0,0,0,,,,
KLO,2012,10,7,15,14.4,,,,,,,,969.5,,3.4,,35,0.3,34.8,0,0,0,0,,,,
KLO,2012,10,7,16,13.8,,,,,,,,970.4,,3.1,,16,0.1,16,0,0,0,0,,,,
KLO,2012,10,7,17,12.7,,,,,,,,971.2,,4.2,,0,0,0,0,0,0,0,,,,
KLO,2012,10,7,18,11.8,,,,,,,,971.8,,3.6,,0,0,0,0,0,0,0,,,,
KLO,2012,10,7,19,10.9,,,,,,,,972.4,,4.1,,0,0,0,0,0,0,0,,,,
KLO,2012,10,7,20,10.2,,,,,,,,972.9,,2.4,,0,0,0,0,0,0,0,,,,
KLO,2012,10,7,21,8.4,,,,,,,,973.1,,1.7,,0,0,0,0,0,0,0,,,,
KLO,2012,10,7,22,7.2,,,,,,,,973,,2.6,,0,0,0,0,0,0,0,,,,
KLO,2012,10,7,23,6.4,,,,,,,,973,,2.5,,0,0,0,0,0,0,0,,,,
KLO,2012,10,8,0,6.2,,,,,,,,972.9,,2.8,,0,0,0,0,0,0,0,,,,
KLO,2012,10,8,1,5.9,,,,,,,,972.7,,2.7,,0,0,0,0,0,0,0,,,,
KLO,2012,10,8,2,5.6,,,,,,,,972.3,,1.7,,0,0,0,0,0,0,0,,,,
KLO,2012,10,8,3,5.2,,,,,,,,971.9,,1.5,,0,0,0,0,0,0,0,,,,
KLO,2012,10,8,4,6.9,,,,,,,,971.5,,2,,0,0,0,0,0,0,0,,,,
KLO,2012,10,8,5,7.3,,,,,,,,971,,1.5,,0,0,0,0,0,0,0,,,,
KLO,2012,10,8,6,7.8,,,,,,,,970.9,,1.6,,16,0,0,0,0,0,0,,,,
KLO,2012,10,8,7,8.4,,,,,,,,970.7,,1.7,,72,0,0,0,0,0,0,,,,
KLO,2012,10,8,8,9.2,,,,,,,,970.5,,1.3,,133,1794.4,21.9,0,0,0,0,,,,
KLO,2012,10,8,9,10.5,,,,,,,,970.3,,1.5,,173,365.4,90.8,0,0,0,0,,,,
KLO,2012,10,8,10,10.7,,,,,,,,969.8,,1.2,,170,37.5,156.2,0,0,0,0,,,,
KLO,2012,10,8,11,11.4,,,,,,,,969.6,,0.8,,222,37,204.1,0,0,0,0,,,,
KLO,2012,10,8,12,11.8,,,,,,,,969.1,,0.7,,160,5.4,157,0,0,0,0,,,,
KLO,2012,10,8,13,12.3,,,,,,,,968.6,,0.6,,180,6.2,176.3,0,0,0,0,,,,
KLO,2012,10,8,14,12.6,,,,,,,,968.1,,0.7,,67,0.9,66.5,0,0,0,0,,,,
KLO,2012,10,8,15,12.6,,,,,,,,967.2,,0.7,,44,0.5,43.8,0,0,0,0,,,,
KLO,2012,10,8,16,12.5,,,,,,,,966.6,,1.1,,23,0.2,22.9,0,0,0,0,,,,
KLO,2012,10,8,17,11.9,,,,,,,,966.5,,1.6,,0,0,0,0,0,0,0,,,,
KLO,2012,10,8,18,11.8,,,,,,,,966.3,,0.7,,0,0,0,0,0,0,0,,,,
KLO,2012,10,8,19,11.9,,,,,,,,965.9,,0.8,,0,0,0,0,0,0,0,,,,
KLO,2012,10,8,20,12.7,,,,,,,,965.3,,2.6,,0,0,0,0,0,0,0,,,,
KLO,2012,10,8,21,13.3,,,,,,,,964.7,,3,,0,0,0,0,0,0,0,,,,
KLO,2012,10,8,22,13.5,,,,,,,,964,,2.2,,0,0,0,0,0,0,0,,,,
KLO,2012,10,8,23,13.7,,,,,,,,963,,2.1,,0,0,0,0,0,0,0,,,,
KLO,2012,10,9,0,14.1,,,,,,,,962.3,,1.6,,0,0,0,0,0,0,0,,,,
KLO,2012,10,9,1,14.1,,,,,,,,961.7,,3.2,,0,0,0,0,0,0,0,,,,
KLO,2012,10,9,2,14,,,,,,,,961.2,,2.8,,0,0,0,0,0,0,0,,,,
KLO,2012,10,9,3,14.2,,,,,,,,961.3,,1.9,,0,0,0,0,0,0,0,,,,
KLO,2012,10,9,4,14.3,,,,,,,,961.4,,1.8,,0,0,0,0,0,0,0,,,,
KLO,2012,10,9,5,14.2,,,,,,,,961.5,,2.4,,0,0,0,0,0,0,0,,,,
KLO,2012,10,9,6,14.1,,,,,,,,962.3,,2.6,,4,0,0,0,0,0,0,,,,
KLO,2012,10,9,7,14.2,,,,,,,,962.8,,2.3,,12,0,0,0,0,0,0,,,,
KLO,2012,10,9,8,14.6,,,,,,,,963.2,,2,,33,68.3,29,0,0,0,0,,,,
KLO,2012,10,9,9,15.1,,,,,,,,963.5,,2.5,,79,10.9,76.6,0,0,0,0,,,,
KLO,2012,10,9,10,15.6,,,,,,,,963.6,,3,,104,5.3,102.1,0,0,0,0,,,,
KLO,2012,10,9,11,16.3,,,,,,,,963.6,,3.2,,123,4.3,120.9,0,0,0,0,,,,
KLO,2012,10,9,12,16.9,,,,,,,,963.2,,2.9,,100,2.1,98.8,0,0,0,0,,,,
KLO,2012,10,9,13,17.3,,,,,,,,963.2,,3.3,,192,7.6,187.5,0,0,0,0,,,,
KLO,2012,10,9,14,17.8,,,,,,,,963.2,,3.3,,385,214.2,262.1,0,0,0,0,,,,
KLO,2012,10,9,15,17.2,,,,,,,,963.2,,2.6,,94,2.2,92.9,0,0,0,0,,,,
KLO,2012,10,9,16,16.4,,,,,,,,963.4,,2.1,,41,0.6,40.7,0,0,0,0,,,,
KLO,2012,10,9,17,15.8,,,,,,,,963.8,,1.9,,0,0,0,0,0,0,0,,,,
KLO,2012,10,9,18,15.3,,,,,,,,964.3,,2.1,,0,0,0,0,0,0,0,,,,
KLO,2012,10,9,19,15.2,,,,,,,,964.4,,1,,0,0,0,0,0,0,0,,,,
KLO,2012,10,9,20,15.1,,,,,,,,964.6,,0.5,,0,0,0,0,0,0,0,,,,
KLO,2012,10,9,21,14.6,,,,,,,,964.8,,1.5,,0,0,0,0,0,0,0,,,,
KLO,2012,10,9,22,13.8,,,,,,,,964.8,,1.3,,0,0,0,0,0,0,0,,,,
KLO,2012,10,9,23,13.6,,,,,,,,964.6,,1.1,,0,0,0,0,0,0,0,,,,
KLO,2012,10,10,0,13.5,,,,,,,,964.3,,1.3,,0,0,0,0,0,0,0,,,,
KLO,2012,10,10,1,13.4,,,,,,,,964,,0.8,,0,0,0,0,0,0,0,,,,
KLO,2012,10,10,2,13.2,,,,,,,,963.7,,1.3,,0,0,0,0,0,0,0,,,,
KLO,2012,10,10,3,12.9,,,,,,,,963.4,,1,,0,0,0,0,0,0,0,,,,
KLO,2012,10,10,4,12.8,,,,,,,,963.1,,0.9,,0,0,0,0,0,0,0,,,,
KLO,2012,10,10,5,12.7,,,,,,,,962.8,,0.8,,0,0,0,0,0,0,0,,,,
KLO,2012,10,10,6,12.9,,,,,,,,962.6,,0.8,,21,0,0,0,0,0,0,,,,
KLO,2012,10,10,7,12.8,,,,,,,,962.7,,2.3,,9,0,0,0,0,0,0,,,,
KLO,2012,10,10,8,12.6,,,,,,,,962.9,,1,,12,2.7,11.9,0,0,0,0,,,,
KLO,2012,10,10,9,13.1,,,,,,,,962.9,,2,,32,1.4,31.7,0,0,0,0,,,,
KLO,2012,10,10,10,14.2,,,,,,,,963.1,,1.5,,126,9.9,122.4,0,0,0,0,,,,
KLO,2012,10,10,11,14.6,,,,,,,,963.1,,1.7,,123,4.4,120.9,0,0,0,0,,,,
KLO,2012,10,10,12,14.5,,,,,,,,962.8,,2.1,,101,2.2,99.8,0,0,0,0,,,,
KLO,2012,10,10,13,14.5,,,,,,,,962.9,,2.3,,110,2.3,108.6,0,0,0,0,,,,
KLO,2012,10,10,14,15.2,,,,,,,,962.8,,2,,143,4.2,140.6,0,0,0,0,,,,
KLO,2012,10,10,15,15.1,,,,,,,,962.9,,2.6,,70,1.2,69.4,0,0,0,0,,,,
KLO,2012,10,10,16,14.6,,,,,,,,963.1,,2.8,,11,0,11,0,0,0,0,,,,
KLO,2012,10,10,17,14.3,,,,,,,,963.4,,1.4,,0,0,0,0,0,0,0,,,,
KLO,2012,10,10,18,14,,,,,,,,963.7,,0.8,,0,0,0,0,0,0,0,,,,
KLO,2012,10,10,19,13.8,,,,,,,,963.8,,1.3,,0,0,0,0,0,0,0,,,,
KLO,2012,10,10,20,13.5,,,,,,,,963.9,,1.2,,0,0,0,0,0,0,0,,,,
KLO,2012,10,10,21,13.3,,,,,,,,964,,2,,0,0,0,0,0,0,0,,,,
KLO,2012,10,10,22,13.1,,,,,,,,963.9,,1.3,,0,0,0,0,0,0,0,,,,
KLO,2012,10,10,23,13.1,,,,,,,,963.7,,1.8,,0,0,0,0,0,0,0,,,,
KLO,2012,10,11,0,12.8,,,,,,,,963.4,,1.6,,0,0,0,0,0,0,0,,,,
KLO,2012,10,11,1,12.6,,,,,,,,963,,0.9,,0,0,0,0,0,0,0,,,,
KLO,2012,10,11,2,12.5,,,,,,,,962.7,,1.2,,0,0,0,0,0,0,0,,,,
KLO,2012,10,11,3,12.4,,,,,,,,962.4,,1.6,,0,0,0,0,0,0,0,,,,
KLO,2012,10,11,4,12.1,,,,,,,,962.2,,1.9,,0,0,0,0,0,0,0,,,,
KLO,2012,10,11,5,11.9,,,,,,,,961.9,,1.9,,0,0,0,0,0,0,0,,,,
KLO,2012,10,11,6,12.2,,,,,,,,961.8,,1,,8,0,0,0,0,0,0,,,,
KLO,2012,10,11,7,12.3,,,,,,,,961.9,,1,,39,0,0,0,0,0,0,,,,
KLO,2012,10,11,8,12.7,,,,,,,,961.7,,1.8,,145,0,0,0,0,0,0,,,,
KLO,2012,10,11,9,13.3,,,,,,,,961.4,,0.6,,149,258.4,94.2,0,0,0,0,,,,
KLO,2012,10,11,10,13.7,,,,,,,,961.1,,1.2,,136,14.7,130.8,0,0,0,0,,,,
KLO,2012,10,11,11,13.5,,,,,,,,960.8,,2.7,,135,5.4,132.5,0,0,0,0,,,,
KLO,2012,10,11,12,13.7,,,,,,,,960.3,,3.8,,138,4.2,135.7,0,0,0,0,,,,
KLO,2012,10,11,13,14.3,,,,,,,,960.1,,3.6,,295,62.9,258.8,0,0,0,0,,,,
KLO,2012,10,11,14,14.5,,,,,,,,960,,2.6,,199,10.3,193.2,0,0,0,0,,,,
KLO,2012,10,11,15,14.4,,,,,,,,959.6,,2.5,,149,5.7,146.1,0,0,0,0,,,,
KLO,2012,10,11,16,13.7,,,,,,,,959.5,,1.9,,34,0.5,33.8,0,0,0,0,,,,
KLO,2012,10,11,17,13.2,,,,,,,,959.4,,2,,0,0,0,0,0,0,0,,,,
KLO,2012,10,11,18,12.7,,,,,,,,959.4,,2,,0,0,0,0,0,0,0,,,,
KLO,2012,10,11,19,12.9,,,,,,,,959.8,,1.6,,0,0,0,0,0,0,0,,,,
KLO,2012,10,11,20,13.1,,,,,,,,959.9,,1.9,,0,0,0,0,0,0,0,,,,
KLO,2012,10,11,21,13,,,,,,,,959.7,,2.2,,0,0,0,0,0,0,0,,,,
KLO,2012,10,11,22,12.9,,,,,,,,959.5,,2.1,,0,0,0,0,0,0,0,,,,
KLO,2012,10,11,23,12.8,,,,,,,,959.4,,1.7,,0,0,0,0,0,0,0,,,,
KLO,2012,10,12,0,12.7,,,,,,,,959.3,,1.3,,0,0,0,0,0,0,0,,,,
KLO,2012,10,12,1,12.6,,,,,,,,959.1,,1.1,,0,0,0,0,0,0,0,,,,
KLO,2012,10,12,2,12.7,,,,,,,,958.8,,1,,0,0,0,0,0,0,0,,,,
KLO,2012,10,12,3,12.7,,,,,,,,958.7,,0.7,,0,0,0,0,0,0,0,,,,
KLO,2012,10,12,4,12.7,,,,,,,,958.6,,0.8,,0,0,0,0,0,0,0,,,,
KLO,2012,10,12,5,12.9,,,,,,,,958.8,,0.8,,0,0,0,0,0,0,0,,,,
KLO,2012,10,12,6,13,,,,,,,,959,,1.2,,5,0,0,0,0,0,0,,,,
KLO,2012,10,12,7,13.6,,,,,,,,959.5,,1,,41,0,0,0,0,0,0,,,,
KLO,2012,10,12,8,14.1,,,,,,,,960,,1.9,,64,0,0,0,0,0,0,,,,
KLO,2012,10,12,9,14.6,,,,,,,,960.5,,2.6,,126,139.1,97.1,0,0,0,0,,,,
KLO,2012,10,12,10,14.8,,,,,,,,960.9,,2.7,,105,5.9,102.9,0,0,0,0,,,,
KLO,2012,10,12,11,14.3,,,,,,,,961.2,,3,,42,0.5,41.8,0,0,0,0,,,,
KLO,2012,10,12,12,14.1,,,,,,,,961.9,,4.6,,121,3.3,119.2,0,0,0,0,,,,
KLO,2012,10,12,13,13.9,,,,,,,,962.7,,3.8,,130,3.4,128.1,0,0,0,0,,,,
KLO,2012,10,12,14,14.1,,,,,,,,963.3,,4.5,,133,3.7,130.9,0,0,0,0,,,,
KLO,2012,10,12,15,12,,,,,,,,964.4,,4.6,,55,0.8,54.6,0,0,0,0,,,,
KLO,2012,10,12,16,12.1,,,,,,,,965.4,,3,,19,0.1,18.9,0,0,0,0,,,,
KLO,2012,10,12,17,11.3,,,,,,,,966,,2.4,,0,0,0,0,0,0,0,,,,
KLO,2012,10,12,18,10.9,,,,,,,,966.5,,2.9,,0,0,0,0,0,0,0,,,,
KLO,2012,10,12,19,9.8,,,,,,,,966.7,,2.4,,0,0,0,0,0,0,0,,,,
KLO,2012,10,12,20,8.8,,,,,,,,967.2,,1.1,,0,0,0,0,0,0,0,,,,
KLO,2012,10,12,21,8.7,,,,,,,,967.7,,0.7,,0,0,0,0,0,0,0,,,,
KLO,2012,10,12,22,8.1,,,,,,,,967.9,,0.8,,0,0,0,0,0,0,0,,,,
KLO,2012,10,12,23,8.1,,,,,,,,967.8,,1.2,,0,0,0,0,0,0,0,,,,
KLO,2012,10,13,0,7,,,,,,,,967.7,,1.2,,0,0,0,0,0,0,0,,,,
KLO,2012,10,13,1,7,,,,,,,,967.4,,0.6,,0,0,0,0,0,0,0,,,,
KLO,2012,10,13,2,6.8,,,,,,,,966.9,,1.1,,0,0,0,0,0,0,0,,,,
KLO,2012,10,13,3,5.7,,,,,,,,966.6,,1.5,,0,0,0,0,0,0,0,,,,
KLO,2012,10,13,4,5.9,,,,,,,,966.5,,1.8,,0,0,0,0,0,0,0,,,,
KLO,2012,10,13,5,6.2,,,,,,,,966.1,,1.7,,0,0,0,0,0,0,0,,,,
KLO,2012,10,13,6,6.7,,,,,,,,965.7,,1.9,,19,0,0,0,0,0,0,,,,
KLO,2012,10,13,7,7,,,,,,,,965.4,,2.4,,56,0,0,0,0,0,0,,,,
KLO,2012,10,13,8,7.7,,,,,,,,965.1,,2.1,,181,0,0,0,0,0,0,,,,
KLO,2012,10,13,9,9.2,,,,,,,,964.5,,1.8,,313,1286.6,51.6,0,0,0,0,,,,
KLO,2012,10,13,10,10.3,,,,,,,,963.6,,1.7,,385,928.1,63.5,0,0,0,0,,,,
KLO,2012,10,13,11,11.6,,,,,,,,962.7,,1,,394,526.2,152.3,0,0,0,0,,,,
KLO,2012,10,13,12,11.9,,,,,,,,962.1,,1.6,,324,138,250.3,0,0,0,0,,,,
KLO,2012,10,13,13,12.3,,,,,,,,961.8,,0.8,,292,65.2,255.1,0,0,0,0,,,,
KLO,2012,10,13,14,12.7,,,,,,,,961.1,,0.4,,277,56.9,245.6,0,0,0,0,,,,
KLO,2012,10,13,15,13.1,,,,,,,,960.4,,1,,205,22.1,194.1,0,0,0,0,,,,
KLO,2012,10,13,16,11.6,,,,,,,,960.3,,0.8,,37,0.6,36.8,0,0,0,0,,,,
KLO,2012,10,13,17,9.6,,,,,,,,960.8,,0.9,,0,0,0,0,0,0,0,,,,
KLO,2012,10,13,18,8.7,,,,,,,,960.9,,1,,0,0,0,0,0,0,0,,,,
KLO,2012,10,13,19,8.8,,,,,,,,960.5,,0.9,,0,0,0,0,0,0,0,,,,
KLO,2012,10,13,20,7.9,,,,,,,,960.5,,1,,0,0,0,0,0,0,0,,,,
KLO,2012,10,13,21,7.8,,,,,,,,960.4,,1.2,,0,0,0,0,0,0,0,,,,
KLO,2012,10,13,22,6.8,,,,,,,,960.3,,2.2,,0,0,0,0,0,0,0,,,,
KLO,2012,10,13,23,7.6,,,,,,,,959.9,,2.3,,0,0,0,0,0,0,0,,,,
KLO,2012,10,14,0,7.4,,,,,,,,959.5,,1.1,,0,0,0,0,0,0,0,,,,
KLO,2012,10,14,1,7.4,,,,,,,,959.1,,2.1,,0,0,0,0,0,0,0,,,,
KLO,2012,10,14,2,6.9,,,,,,,,958.6,,2.6,,0,0,0,0,0,0,0,,,,
KLO,2012,10,14,3,8.5,,,,,,,,958.2,,3.6,,0,0,0,0,0,0,0,,,,
KLO,2012,10,14,4,8.3,,,,,,,,958.3,,2,,0,0,0,0,0,0,0,,,,
KLO,2012,10,14,5,8,,,,,,,,958,,2.2,,0,0,0,0,0,0,0,,,,
KLO,2012,10,14,6,8.2,,,,,,,,957.4,,0.8,,39,0,0,0,0,0,0,,,,
KLO,2012,10,14,7,9,,,,,,,,956.7,,1.9,,122,0,0,0,0,0,0,,,,
KLO,2012,10,14,8,9.9,,,,,,,,955.9,,2.2,,240,0,0,0,0,0,0,,,,
KLO,2012,10,14,9,11.2,,,,,,,,954.9,,0.7,,369,1550.3,60.9,0,0,0,0,,,,
KLO,2012,10,14,10,12.3,,,,,,,,954.2,,0.5,,283,469,122.7,0,0,0,0,,,,
KLO,2012,10,14,11,12.5,,,,,,,,953.3,,1.1,,175,15.1,168.1,0,0,0,0,,,,
KLO,2012,10,14,12,12.8,,,,,,,,952.1,,0.9,,181,9,176.3,0,0,0,0,,,,
KLO,2012,10,14,13,12.8,,,,,,,,951.5,,0.7,,116,2.8,114.4,0,0,0,0,,,,
KLO,2012,10,14,14,12.5,,,,,,,,950.7,,1.7,,84,1.5,83.2,0,0,0,0,,,,
KLO,2012,10,14,15,11.8,,,,,,,,950.7,,1.8,,50,0.7,49.7,0,0,0,0,,,,
KLO,2012,10,14,16,11.3,,,,,,,,950.6,,1.4,,21,0.2,20.9,0,0,0,0,,,,
KLO,2012,10,14,17,10.9,,,,,,,,950.7,,1.6,,0,0,0,0,0,0,0,,,,
KLO,2012,10,14,18,10.6,,,,,,,,951.1,,1.3,,0,0,0,0,0,0,0,,,,
KLO,2012,10,14,19,10.3,,,,,,,,951.1,,1.5,,0,0,0,0,0,0,0,,,,
KLO,2012,10,14,20,9.9,,,,,,,,950.7,,1.8,,0,0,0,0,0,0,0,,,,
KLO,2012,10,14,21,10.2,,,,,,,,950.7,,1.4,,0,0,0,0,0,0,0,,,,
KLO,2012,10,14,22,9.3,,,,,,,,950.2,,1.7,,0,0,0,0,0,0,0,,,,
KLO,2012,10,14,23,9.4,,,,,,,,950.6,,1.2,,0,0,0,0,0,0,0,,,,
KLO,2012,10,15,0,10.6,,,,,,,,951.4,,2.3,,0,0,0,0,0,0,0,,,,
KLO,2012,10,15,1,9.7,,,,,,,,951.9,,1.8,,0,0,0,0,0,0,0,,,,
KLO,2012,10,15,2,9,,,,,,,,952.5,,2.6,,0,0,0,0,0,0,0,,,,
KLO,2012,10,15,3,7.2,,,,,,,,953.6,,5.6,,0,0,0,0,0,0,0,,,,
KLO,2012,10,15,4,6.2,,,,,,,,955.1,,5.3,,0,0,0,0,0,0,0,,,,
KLO,2012,10,15,5,5.8,,,,,,,,956.5,,3.8,,0,0,0,0,0,0,0,,,,
KLO,2012,10,15,6,5.7,,,,,,,,957.7,,3.8,,1,0,0,0,0,0,0,,,,
KLO,2012,10,15,7,5.8,,,,,,,,958.9,,3,,25,0,0,0,0,0,0,,,,
KLO,2012,10,15,8,6,,,,,,,,959.8,,2.3,,43,0,0,0,0,0,0,,,,
KLO,2012,10,15,9,6.5,,,,,,,,960.5,,2.3,,97,55.2,86.3,0,0,0,0,,,,
KLO,2012,10,15,10,7,,,,,,,,960.9,,2.7,,163,47.2,147.1,0,0,0,0,,,,
KLO,2012,10,15,11,7.5,,,,,,,,960.9,,3.4,,236,70.5,204.3,0,0,0,0,,,,
KLO,2012,10,15,12,7.6,,,,,,,,961,,3.5,,139,4.6,136.6,0,0,0,0,,,,
KLO,2012,10,15,13,7.9,,,,,,,,961.3,,3.7,,144,4.4,141.6,0,0,0,0,,,,
KLO,2012,10,15,14,7.8,,,,,,,,961.6,,2.1,,44,0.4,43.8,0,0,0,0,,,,
KLO,2012,10,15,15,7.2,,,,,,,,961.9,,1.8,,27,0.2,26.9,0,0,0,0,,,,
KLO,2012,10,15,16,7.3,,,,,,,,962.4,,0.6,,12,0.1,12,0,0,0,0,,,,
KLO,2012,10,15,17,7.2,,,,,,,,962.7,,0.6,,0,0,0,0,0,0,0,,,,
KLO,2012,10,15,18,7,,,,,,,,962.9,,1.1,,0,0,0,0,0,0,0,,,,
KLO,2012,10,15,19,6.8,,,,,,,,963.2,,0.6,,0,0,0,0,0,0,0,,,,
KLO,2012,10,15,20,6.7,,,,,,,,963.6,,0.6,,0,0,0,0,0,0,0,,,,
KLO,2012,10,15,21,6.6,,,,,,,,963.9,,0.6,,0,0,0,0,0,0,0,,,,
KLO,2012,10,15,22,6.2,,,,,,,,963.9,,1.1,,0,0,0,0,0,0,0,,,,
KLO,2012,10,15,23,6.1,,,,,,,,964.2,,1.1,,0,0,0,0,0,0,0,,,,
KLO,2012,10,16,0,5.6,,,,,,,,964.1,,1.5,,0,0,0,0,0,0,0,,,,
KLO,2012,10,16,1,4.5,,,,,,,,963.7,,1.6,,0,0,0,0,0,0,0,,,,
KLO,2012,10,16,2,3.2,,,,,,,,963.2,,0.9,,0,0,0,0,0,0,0,,,,
KLO,2012,10,16,3,1.5,,,,,,,,962.9,,2.1,,0,0,0,0,0,0,0,,,,
KLO,2012,10,16,4,3.1,,,,,,,,963,,1.7,,0,0,0,0,0,0,0,,,,
KLO,2012,10,16,5,3.3,,,,,,,,963.4,,1.1,,0,0,0,0,0,0,0,,,,
KLO,2012,10,16,6,2.8,,,,,,,,963.5,,0.9,,11,0,0,0,0,0,0,,,,
KLO,2012,10,16,7,3.2,,,,,,,,963.6,,0.7,,64,0,0,0,0,0,0,,,,
KLO,2012,10,16,8,4.3,,,,,,,,964,,0.8,,136,0,0,0,0,0,0,,,,
KLO,2012,10,16,9,6.2,,,,,,,,964.2,,1.7,,420,1846.2,69.3,0,0,0,0,,,,
KLO,2012,10,16,10,7.9,,,,,,,,964.4,,1.8,,444,1115.2,73.3,0,0,0,0,,,,
KLO,2012,10,16,11,10.2,,,,,,,,963.5,,2.9,,561,1053.2,92.6,0,0,0,0,,,,
KLO,2012,10,16,12,10.9,,,,,,,,963,,2.3,,484,670.6,136,0,0,0,0,,,,
KLO,2012,10,16,13,11.5,,,,,,,,963,,2.3,,381,241.2,248.3,0,0,0,0,,,,
KLO,2012,10,16,14,11.3,,,,,,,,963.1,,2.5,,105,2.5,103.7,0,0,0,0,,,,
KLO,2012,10,16,15,11.2,,,,,,,,963,,1.6,,44,0.6,43.7,0,0,0,0,,,,
KLO,2012,10,16,16,10.5,,,,,,,,963.4,,2.4,,6,0,6,0,0,0,0,,,,
KLO,2012,10,16,17,9.8,,,,,,,,963.7,,1.7,,0,0,0,0,0,0,0,,,,
KLO,2012,10,16,18,9.1,,,,,,,,964,,1.6,,0,0,0,0,0,0,0,,,,
KLO,2012,10,16,19,8.9,,,,,,,,964.4,,1.6,,0,0,0,0,0,0,0,,,,
KLO,2012,10,16,20,9,,,,,,,,964.7,,1,,0,0,0,0,0,0,0,,,,
KLO,2012,10,16,21,8.8,,,,,,,,964.5,,1.5,,0,0,0,0,0,0,0,,,,
KLO,2012,10,16,22,8.6,,,,,,,,964.3,,1.6,,0,0,0,0,0,0,0,,,,
KLO,2012,10,16,23,8.3,,,,,,,,964.2,,0.7,,0,0,0,0,0,0,0,,,,
KLO,2012,10,17,0,7.2,,,,,,,,964.1,,1.3,,0,0,0,0,0,0,0,,,,
KLO,2012,10,17,1,7.1,,,,,,,,964.1,,0.5,,0,0,0,0,0,0,0,,,,
KLO,2012,10,17,2,7.7,,,,,,,,964.2,,0.8,,0,0,0,0,0,0,0,,,,
KLO,2012,10,17,3,7.9,,,,,,,,963.9,,0.6,,0,0,0,0,0,0,0,,,,
KLO,2012,10,17,4,7.9,,,,,,,,963.7,,1.3,,0,0,0,0,0,0,0,,,,
KLO,2012,10,17,5,7.4,,,,,,,,963.4,,1.4,,0,0,0,0,0,0,0,,,,
KLO,2012,10,17,6,7.3,,,,,,,,963.6,,1.1,,27,0,0,0,0,0,0,,,,
KLO,2012,10,17,7,8.4,,,,,,,,964,,1.7,,162,0,0,0,0,0,0,,,,
KLO,2012,10,17,8,10.1,,,,,,,,964.6,,1.9,,295,0,0,0,0,0,0,,,,
KLO,2012,10,17,9,11.3,,,,,,,,965,,1,,309,1390.5,51,0,0,0,0,,,,
KLO,2012,10,17,10,12.9,,,,,,,,965.2,,2.1,,335,828,63.6,0,0,0,0,,,,
KLO,2012,10,17,11,15,,,,,,,,964.9,,2.5,,429,749.8,99.2,0,0,0,0,,,,
KLO,2012,10,17,12,16.8,,,,,,,,964.4,,2.1,,462,604.6,151.3,0,0,0,0,,,,
KLO,2012,10,17,13,17.5,,,,,,,,963.9,,1.5,,312,105.8,254.4,0,0,0,0,,,,
KLO,2012,10,17,14,17.6,,,,,,,,963.7,,1.5,,258,48.5,232.3,0,0,0,0,,,,
KLO,2012,10,17,15,16.4,,,,,,,,963.3,,1.6,,141,5.9,138.2,0,0,0,0,,,,
KLO,2012,10,17,16,14.1,,,,,,,,963,,1.4,,31,0.5,30.8,0,0,0,0,,,,
KLO,2012,10,17,17,11.7,,,,,,,,963,,2.3,,0,0,0,0,0,0,0,,,,
KLO,2012,10,17,18,10.6,,,,,,,,963.2,,1.7,,0,0,0,0,0,0,0,,,,
KLO,2012,10,17,19,9.4,,,,,,,,963.3,,1.5,,0,0,0,0,0,0,0,,,,
KLO,2012,10,17,20,8.8,,,,,,,,963.3,,1.9,,0,0,0,0,0,0,0,,,,
KLO,2012,10,17,21,8.6,,,,,,,,963.3,,1.9,,0,0,0,0,0,0,0,,,,
KLO,2012,10,17,22,8.1,,,,,,,,963.5,,1.8,,0,0,0,0,0,0,0,,,,
KLO,2012,10,17,23,7.3,,,,,,,,963.8,,0.9,,0,0,0,0,0,0,0,,,,
KLO,2012,10,18,0,6.7,,,,,,,,963.9,,1.2,,0,0,0,0,0,0,0,,,,
KLO,2012,10,18,1,5.3,,,,,,,,963.9,,1.4,,0,0,0,0,0,0,0,,,,
KLO,2012,10,18,2,5.3,,,,,,,,963.5,,1.4,,0,0,0,0,0,0,0,,,,
KLO,2012,10,18,3,5.4,,,,,,,,963.2,,0.8,,0,0,0,0,0,0,0,,,,
KLO,2012,10,18,4,6,,,,,,,,962.9,,1,,0,0,0,0,0,0,0,,,,
KLO,2012,10,18,5,5.8,,,,,,,,962.8,,1.2,,0,0,0,0,0,0,0,,,,
KLO,2012,10,18,6,6,,,,,,,,963.1,,0.9,,15,0,0,0,0,0,0,,,,
KLO,2012,10,18,7,6.6,,,,,,,,963.5,,1,,85,0,0,0,0,0,0,,,,
KLO,2012,10,18,8,8,,,,,,,,964.1,,1,,181,0,0,0,0,0,0,,,,
KLO,2012,10,18,9,10.5,,,,,,,,964.6,,0.4,,311,1433.5,51.3,0,0,0,0,,,,
KLO,2012,10,18,10,13.4,,,,,,,,964.7,,0.4,,510,1318,84.2,0,0,0,0,,,,
KLO,2012,10,18,11,16.4,,,,,,,,964.5,,1.3,,482,925.3,79.5,0,0,0,0,,,,
KLO,2012,10,18,12,17.7,,,,,,,,964,,1.1,,465,633.2,142.9,0,0,0,0,,,,
KLO,2012,10,18,13,18.5,,,,,,,,963.9,,1.1,,425,392.6,213.2,0,0,0,0,,,,
KLO,2012,10,18,14,18.8,,,,,,,,963.9,,1,,294,95.3,244,0,0,0,0,,,,
KLO,2012,10,18,15,17.9,,,,,,,,964,,1.3,,101,3.1,99.6,0,0,0,0,,,,
KLO,2012,10,18,16,14.2,,,,,,,,964.1,,2,,15,0.1,15,0,0,0,0,,,,
KLO,2012,10,18,17,13,,,,,,,,964.7,,1.4,,0,0,0,0,0,0,0,,,,
KLO,2012,10,18,18,11.9,,,,,,,,964.8,,1.8,,0,0,0,0,0,0,0,,,,
KLO,2012,10,18,19,11.2,,,,,,,,964.9,,2,,0,0,0,0,0,0,0,,,,
KLO,2012,10,18,20,10,,,,,,,,965.1,,0.9,,0,0,0,0,0,0,0,,,,
KLO,2012,10,18,21,8.9,,,,,,,,965.1,,1.2,,0,0,0,0,0,0,0,,,,
KLO,2012,10,18,22,8.2,,,,,,,,965,,2.3,,0,0,0,0,0,0,0,,,,
KLO,2012,10,18,23,8,,,,,,,,965,,1.2,,0,0,0,0,0,0,0,,,,
KLO,2012,10,19,0,7.5,,,,,,,,965.1,,1.5,,0,0,0,0,0,0,0,,,,
KLO,2012,10,19,1,7.1,,,,,,,,965.1,,0.9,,0,0,0,0,0,0,0,,,,
KLO,2012,10,19,2,5.9,,,,,,,,965,,1,,0,0,0,0,0,0,0,,,,
KLO,2012,10,19,3,5.8,,,,,,,,965,,0.9,,0,0,0,0,0,0,0,,,,
KLO,2012,10,19,4,6.1,,,,,,,,965.1,,0.4,,0,0,0,0,0,0,0,,,,
KLO,2012,10,19,5,6.2,,,,,,,,965.2,,0.7,,0,0,0,0,0,0,0,,,,
KLO,2012,10,19,6,5.8,,,,,,,,965.4,,0.6,,16,0,0,0,0,0,0,,,,
KLO,2012,10,19,7,7,,,,,,,,965.8,,0.8,,114,0,0,0,0,0,0,,,,
KLO,2012,10,19,8,8.7,,,,,,,,965.8,,0.7,,276,0,0,0,0,0,0,,,,
KLO,2012,10,19,9,12.1,,,,,,,,965.5,,1.1,,437,2064.5,72.1,0,0,0,0,,,,
KLO,2012,10,19,10,14.8,,,,,,,,965.2,,2.3,,515,1350.4,85,0,0,0,0,,,,
KLO,2012,10,19,11,17.2,,,,,,,,964.8,,1.9,,554,1075.6,91.4,0,0,0,0,,,,
KLO,2012,10,19,12,18.8,,,,,,,,964.2,,0.8,,528,864.7,92.5,0,0,0,0,,,,
KLO,2012,10,19,13,19.9,,,,,,,,964,,1.3,,447,482.4,189.3,0,0,0,0,,,,
KLO,2012,10,19,14,20.1,,,,,,,,964,,0.7,,317,140.4,244.1,0,0,0,0,,,,
KLO,2012,10,19,15,19.8,,,,,,,,964.3,,1.9,,159,9.2,154.8,0,0,0,0,,,,
KLO,2012,10,19,16,18.2,,,,,,,,965.1,,1.2,,28,0.4,27.9,0,0,0,0,,,,
KLO,2012,10,19,17,14.6,,,,,,,,966,,1.9,,0,0,0,0,0,0,0,,,,
KLO,2012,10,19,18,12.5,,,,,,,,966.4,,2.3,,0,0,0,0,0,0,0,,,,
KLO,2012,10,19,19,12.2,,,,,,,,967,,1.6,,0,0,0,0,0,0,0,,,,
KLO,2012,10,19,20,10.7,,,,,,,,967.5,,0.6,,0,0,0,0,0,0,0,,,,
KLO,2012,10,19,21,10,,,,,,,,967.8,,0.5,,0,0,0,0,0,0,0,,,,
KLO,2012,10,19,22,8.5,,,,,,,,968,,0.3,,0,0,0,0,0,0,0,,,,
KLO,2012,10,19,23,7.4,,,,,,,,968,,0.7,,0,0,0,0,0,0,0,,,,
KLO,2012,10,20,0,7.4,,,,,,,,968.3,,0.8,,0,0,0,0,0,0,0,,,,
KLO,2012,10,20,1,7,,,,,,,,968.4,,1.1,,0,0,0,0,0,0,0,,,,
KLO,2012,10,20,2,7.4,,,,,,,,968.5,,1.1,,0,0,0,0,0,0,0,,,,
KLO,2012,10,20,3,7.7,,,,,,,,968.6,,0.6,,0,0,0,0,0,0,0,,,,
KLO,2012,10,20,4,7.8,,,,,,,,968.9,,1.1,,0,0,0,0,0,0,0,,,,
KLO,2012,10,20,5,7.7,,,,,,,,969.4,,0.4,,0,0,0,0,0,0,0,,,,
KLO,2012,10,20,6,7.7,,,,,,,,969.8,,0.4,,13,0,0,0,0,0,0,,,,
KLO,2012,10,20,7,8,,,,,,,,970.1,,0.5,,68,0,0,0,0,0,0,,,,
KLO,2012,10,20,8,8.6,,,,,,,,970.4,,0.7,,142,0,0,0,0,0,0,,,,
KLO,2012,10,20,9,10,,,,,,,,970.4,,0.8,,237,1148.3,39.1,0,0,0,0,,,,
KLO,2012,10,20,10,12.5,,,,,,,,970.2,,1.3,,465,1237.4,76.7,0,0,0,0,,,,
KLO,2012,10,20,11,15.8,,,,,,,,969.5,,0.8,,523,1027.1,86.3,0,0,0,0,,,,
KLO,2012,10,20,12,18.4,,,,,,,,968.7,,0.4,,495,779,106.6,0,0,0,0,,,,
KLO,2012,10,20,13,19.7,,,,,,,,968.4,,0.8,,415,385.8,211,0,0,0,0,,,,
KLO,2012,10,20,14,20.9,,,,,,,,967.9,,1.7,,293,102.9,240.1,0,0,0,0,,,,
KLO,2012,10,20,15,20.2,,,,,,,,967.5,,2.6,,143,6.7,140,0,0,0,0,,,,
KLO,2012,10,20,16,17.5,,,,,,,,967.5,,1,,14,0.1,14,0,0,0,0,,,,
KLO,2012,10,20,17,15,,,,,,,,967.4,,0.4,,0,0,0,0,0,0,0,,,,
KLO,2012,10,20,18,13.5,,,,,,,,967.3,,0.9,,0,0,0,0,0,0,0,,,,
KLO,2012,10,20,19,12.3,,,,,,,,967.4,,1.4,,0,0,0,0,0,0,0,,,,
KLO,2012,10,20,20,11.4,,,,,,,,967.4,,1.7,,0,0,0,0,0,0,0,,,,
KLO,2012,10,20,21,11.2,,,,,,,,967.1,,1,,0,0,0,0,0,0,0,,,,
KLO,2012,10,20,22,10.5,,,,,,,,967.2,,1.4,,0,0,0,0,0,0,0,,,,
KLO,2012,10,20,23,9,,,,,,,,967,,1.3,,0,0,0,0,0,0,0,,,,
KLO,2012,10,21,0,8.4,,,,,,,,967,,1.1,,0,0,0,0,0,0,0,,,,
KLO,2012,10,21,1,8.3,,,,,,,,967.3,,1.8,,0,0,0,0,0,0,0,,,,
KLO,2012,10,21,2,7.9,,,,,,,,967.3,,2.3,,0,0,0,0,0,0,0,,,,
KLO,2012,10,21,3,8.2,,,,,,,,967.4,,2.3,,0,0,0,0,0,0,0,,,,
KLO,2012,10,21,4,7.7,,,,,,,,967.5,,1.3,,0,0,0,0,0,0,0,,,,
KLO,2012,10,21,5,6.3,,,,,,,,967.5,,0.6,,0,0,0,0,0,0,0,,,,
KLO,2012,10,21,6,6.3,,,,,,,,967.8,,1.7,,15,0,0,0,0,0,0,,,,
KLO,2012,10,21,7,7.9,,,,,,,,968.4,,1.2,,99,0,0,0,0,0,0,,,,
KLO,2012,10,21,8,9.1,,,,,,,,968.5,,1.3,,174,0,0,0,0,0,0,,,,
KLO,2012,10,21,9,11.1,,,,,,,,968.4,,1,,310,1541.3,51.2,0,0,0,0,,,,
KLO,2012,10,21,10,14.2,,,,,,,,968.1,,1.7,,479,1293.9,79,0,0,0,0,,,,
KLO,2012,10,21,11,16.3,,,,,,,,967.6,,1.9,,509,1011.3,84,0,0,0,0,,,,
KLO,2012,10,21,12,17.8,,,,,,,,967.2,,2.8,,476,727.9,116.8,0,0,0,0,,,,
KLO,2012,10,21,13,18.9,,,,,,,,966.9,,1.7,,402,355.8,215.7,0,0,0,0,,,,
KLO,2012,10,21,14,19.8,,,,,,,,966.5,,1.9,,284,93.2,236.6,0,0,0,0,,,,
KLO,2012,10,21,15,19.4,,,,,,,,966.3,,1.5,,138,6.3,135.2,0,0,0,0,,,,
KLO,2012,10,21,16,17.1,,,,,,,,966.5,,2.4,,20,0.2,19.9,0,0,0,0,,,,
KLO,2012,10,21,17,15.6,,,,,,,,967,,3.1,,0,0,0,0,0,0,0,,,,
KLO,2012,10,21,18,13.8,,,,,,,,967.3,,2,,0,0,0,0,0,0,0,,,,
KLO,2012,10,21,19,12.6,,,,,,,,967.5,,2,,0,0,0,0,0,0,0,,,,
KLO,2012,10,21,20,11.9,,,,,,,,967.9,,2.1,,0,0,0,0,0,0,0,,,,
KLO,2012,10,21,21,11.8,,,,,,,,967.8,,2.4,,0,0,0,0,0,0,0,,,,
KLO,2012,10,21,22,12.1,,,,,,,,967.8,,2.1,,0,0,0,0,0,0,0,,,,
KLO,2012,10,21,23,12.3,,,,,,,,967.7,,3.4,,0,0,0,0,0,0,0,,,,
KLO,2012,10,22,0,10.9,,,,,,,,968.1,,2.8,,0,0,0,0,0,0,0,,,,
KLO,2012,10,22,1,10.3,,,,,,,,968.3,,1.4,,0,0,0,0,0,0,0,,,,
KLO,2012,10,22,2,9.3,,,,,,,,968.2,,1.2,,0,0,0,0,0,0,0,,,,
KLO,2012,10,22,3,8.1,,,,,,,,968.2,,0.6,,0,0,0,0,0,0,0,,,,
KLO,2012,10,22,4,8.9,,,,,,,,968.3,,1.2,,0,0,0,0,0,0,0,,,,
KLO,2012,10,22,5,9.7,,,,,,,,968.7,,1.5,,0,0,0,0,0,0,0,,,,
KLO,2012,10,22,6,10.3,,,,,,,,969.3,,2.2,,9,0,0,0,0,0,0,,,,
KLO,2012,10,22,7,10.7,,,,,,,,970,,1.3,,37,0,0,0,0,0,0,,,,
KLO,2012,10,22,8,11,,,,,,,,970.4,,0.9,,64,0,0,0,0,0,0,,,,
KLO,2012,10,22,9,11.4,,,,,,,,970.9,,0.8,,156,707.3,40.3,0,0,0,0,,,,
KLO,2012,10,22,10,12,,,,,,,,970.9,,1,,202,199.9,141.1,0,0,0,0,,,,
KLO,2012,10,22,11,12.9,,,,,,,,970.7,,1.7,,266,172,194.5,0,0,0,0,,,,
KLO,2012,10,22,12,14.9,,,,,,,,970.3,,2.1,,402,454.5,180,0,0,0,0,,,,
KLO,2012,10,22,13,16.6,,,,,,,,970.2,,2.1,,388,323.1,220.5,0,0,0,0,,,,
KLO,2012,10,22,14,16.9,,,,,,,,970.2,,1.3,,208,21.1,197.4,0,0,0,0,,,,
KLO,2012,10,22,15,17,,,,,,,,970.1,,0.8,,112,4.1,110.2,0,0,0,0,,,,
KLO,2012,10,22,16,14.5,,,,,,,,970.2,,1.6,,18,0.2,17.9,0,0,0,0,,,,
KLO,2012,10,22,17,11.9,,,,,,,,970.5,,1,,0,0,0,0,0,0,0,,,,
KLO,2012,10,22,18,11,,,,,,,,971,,1.1,,0,0,0,0,0,0,0,,,,
KLO,2012,10,22,19,9.6,,,,,,,,971.1,,2.1,,0,0,0,0,0,0,0,,,,
KLO,2012,10,22,20,9.1,,,,,,,,971.6,,2.6,,0,0,0,0,0,0,0,,,,
KLO,2012,10,22,21,10.5,,,,,,,,971.9,,2.9,,0,0,0,0,0,0,0,,,,
KLO,2012,10,22,22,10.8,,,,,,,,971.8,,2,,0,0,0,0,0,0,0,,,,
KLO,2012,10,22,23,10.5,,,,,,,,971.6,,2.7,,0,0,0,0,0,0,0,,,,
KLO,2012,10,23,0,10.1,,,,,,,,971.4,,3.2,,0,0,0,0,0,0,0,,,,
KLO,2012,10,23,1,9.9,,,,,,,,971.2,,3,,0,0,0,0,0,0,0,,,,
KLO,2012,10,23,2,9.8,,,,,,,,971,,3.4,,0,0,0,0,0,0,0,,,,
KLO,2012,10,23,3,9.6,,,,,,,,971.1,,4.2,,0,0,0,0,0,0,0,,,,
KLO,2012,10,23,4,9.3,,,,,,,,971.1,,4.3,,0,0,0,0,0,0,0,,,,
KLO,2012,10,23,5,9,,,,,,,,971.4,,4.6,,0,0,0,0,0,0,0,,,,
KLO,2012,10,23,6,8.8,,,,,,,,971.7,,3.3,,2,0,0,0,0,0,0,,,,
KLO,2012,10,23,7,8.5,,,,,,,,972.3,,3.2,,16,0,0,0,0,0,0,,,,
KLO,2012,10,23,8,8.4,,,,,,,,972.6,,3.5,,44,0,0,0,0,0,0,,,,
KLO,2012,10,23,9,8.7,,,,,,,,972.7,,3.1,,72,33.2,66.7,0,0,0,0,,,,
KLO,2012,10,23,10,9.3,,,,,,,,972.7,,3.6,,110,11.9,106.4,0,0,0,0,,,,
KLO,2012,10,23,11,9.7,,,,,,,,972.4,,3.8,,138,8.3,134.6,0,0,0,0,,,,
KLO,2012,10,23,12,10,,,,,,,,972.1,,3.8,,121,4.1,119,0,0,0,0,,,,
KLO,2012,10,23,13,10,,,,,,,,971.9,,2.9,,63,1,62.5,0,0,0,0,,,,
KLO,2012,10,23,14,9.9,,,,,,,,971.7,,2.6,,36,0.3,35.8,0,0,0,0,,,,
KLO,2012,10,23,15,9.9,,,,,,,,971.6,,4.1,,13,0.1,13,0,0,0,0,,,,
KLO,2012,10,23,16,9.7,,,,,,,,971.7,,4.4,,2,0,2,0,0,0,0,,,,
KLO,2012,10,23,17,9.7,,,,,,,,971.9,,3.5,,0,0,0,0,0,0,0,,,,
KLO,2012,10,23,18,9.5,,,,,,,,971.9,,2.5,,0,0,0,0,0,0,0,,,,
KLO,2012,10,23,19,8.7,,,,,,,,972,,3.8,,0,0,0,0,0,0,0,,,,
KLO,2012,10,23,20,8.5,,,,,,,,971.9,,3.5,,0,0,0,0,0,0,0,,,,
KLO,2012,10,23,21,8.5,,,,,,,,971.7,,4.6,,0,0,0,0,0,0,0,,,,
KLO,2012,10,23,22,8.4,,,,,,,,971.5,,4.1,,0,0,0,0,0,0,0,,,,
KLO,2012,10,23,23,8.4,,,,,,,,971.2,,2.6,,0,0,0,0,0,0,0,,,,
KLO,2012,10,24,0,8.4,,,,,,,,970.9,,2.2,,0,0,0,0,0,0,0,,,,
KLO,2012,10,24,1,8.4,,,,,,,,970.4,,1.9,,0,0,0,0,0,0,0,,,,
KLO,2012,10,24,2,8.4,,,,,,,,970,,1.7,,0,0,0,0,0,0,0,,,,
KLO,2012,10,24,3,8.3,,,,,,,,969.9,,1.9,,0,0,0,0,0,0,0,,,,
KLO,2012,10,24,4,8.3,,,,,,,,969.9,,1.6,,0,0,0,0,0,0,0,,,,
KLO,2012,10,24,5,8.3,,,,,,,,969.8,,1.7,,0,0,0,0,0,0,0,,,,
KLO,2012,10,24,6,8.4,,,,,,,,969.8,,1.6,,3,0,0,0,0,0,0,,,,
KLO,2012,10,24,7,8.4,,,,,,,,969.9,,2.1,,18,0,0,0,0,0,0,,,,
KLO,2012,10,24,8,8.5,,,,,,,,969.8,,2.1,,42,0,0,0,0,0,0,,,,
KLO,2012,10,24,9,8.7,,,,,,,,969.7,,3.2,,78,56.7,69.2,0,0,0,0,,,,
KLO,2012,10,24,10,9,,,,,,,,969.5,,4.9,,140,42,127.6,0,0,0,0,,,,
KLO,2012,10,24,11,9.1,,,,,,,,969.2,,3.7,,92,3.3,90.6,0,0,0,0,,,,
KLO,2012,10,24,12,9,,,,,,,,968.6,,2.9,,74,1.6,73.3,0,0,0,0,,,,
KLO,2012,10,24,13,8.8,,,,,,,,968.4,,3.2,,59,0.9,58.6,0,0,0,0,,,,
KLO,2012,10,24,14,8.7,,,,,,,,968,,3.3,,41,0.5,40.8,0,0,0,0,,,,
KLO,2012,10,24,15,8.6,,,,,,,,967.9,,3.7,,21,0.2,20.9,0,0,0,0,,,,
KLO,2012,10,24,16,8.4,,,,,,,,968,,3.2,,3,0,3,0,0,0,0,,,,
KLO,2012,10,24,17,8.3,,,,,,,,968.2,,1.6,,0,0,0,0,0,0,0,,,,
KLO,2012,10,24,18,8.3,,,,,,,,968.2,,0.8,,0,0,0,0,0,0,0,,,,
KLO,2012,10,24,19,8.3,,,,,,,,968.1,,1.4,,0,0,0,0,0,0,0,,,,
KLO,2012,10,24,20,8.3,,,,,,,,968,,2.2,,0,0,0,0,0,0,0,,,,
KLO,2012,10,24,21,8.3,,,,,,,,967.8,,3.2,,0,0,0,0,0,0,0,,,,
KLO,2012,10,24,22,8.3,,,,,,,,967.7,,2,,0,0,0,0,0,0,0,,,,
KLO,2012,10,24,23,8.4,,,,,,,,967.8,,1.4,,0,0,0,0,0,0,0,,,,
KLO,2012,10,25,0,8.4,,,,,,,,967.7,,0.7,,0,0,0,0,0,0,0,,,,
KLO,2012,10,25,1,8.4,,,,,,,,967.6,,1.2,,0,0,0,0,0,0,0,,,,
KLO,2012,10,25,2,8.3,,,,,,,,967.1,,0.8,,0,0,0,0,0,0,0,,,,
KLO,2012,10,25,3,8.3,,,,,,,,966.7,,1,,0,0,0,0,0,0,0,,,,
KLO,2012,10,25,4,8.4,,,,,,,,966.3,,1.1,,0,0,0,0,0,0,0,,,,
KLO,2012,10,25,5,8.4,,,,,,,,965.8,,1.3,,0,0,0,0,0,0,0,,,,
KLO,2012,10,25,6,8.4,,,,,,,,965.8,,2.2,,3,0,0,0,0,0,0,,,,
KLO,2012,10,25,7,8.7,,,,,,,,965.9,,1.8,,22,0,0,0,0,0,0,,,,
KLO,2012,10,25,8,8.8,,,,,,,,966.2,,1.5,,49,0,0,0,0,0,0,,,,
KLO,2012,10,25,9,8.9,,,,,,,,966.3,,0.7,,67,30.6,62.4,0,0,0,0,,,,
KLO,2012,10,25,10,9.2,,,,,,,,966.3,,1,,76,4.5,74.7,0,0,0,0,,,,
KLO,2012,10,25,11,9.6,,,,,,,,965.9,,1.2,,112,5.1,110,0,0,0,0,,,,
KLO,2012,10,25,12,10.1,,,,,,,,965,,1,,115,3.8,113.2,0,0,0,0,,,,
KLO,2012,10,25,13,10,,,,,,,,964.1,,1.2,,93,2.2,91.9,0,0,0,0,,,,
KLO,2012,10,25,14,10.1,,,,,,,,963.7,,0.7,,67,1.2,66.4,0,0,0,0,,,,
KLO,2012,10,25,15,10,,,,,,,,963.3,,1.4,,41,0.6,40.7,0,0,0,0,,,,
KLO,2012,10,25,16,9.1,,,,,,,,963.1,,2.4,,5,0,5,0,0,0,0,,,,
KLO,2012,10,25,17,8.4,,,,,,,,963.1,,2.1,,0,0,0,0,0,0,0,,,,
KLO,2012,10,25,18,7.7,,,,,,,,962.7,,1.3,,0,0,0,0,0,0,0,,,,
KLO,2012,10,25,19,8,,,,,,,,962.6,,2.3,,0,0,0,0,0,0,0,,,,
KLO,2012,10,25,20,8.4,,,,,,,,962.6,,2.5,,0,0,0,0,0,0,0,,,,
KLO,2012,10,25,21,8.3,,,,,,,,962.4,,2.2,,0,0,0,0,0,0,0,,,,
KLO,2012,10,25,22,8.5,,,,,,,,962.1,,1.2,,0,0,0,0,0,0,0,,,,
KLO,2012,10,25,23,8.5,,,,,,,,961.7,,1.6,,0,0,0,0,0,0,0,,,,
KLO,2012,10,26,0,8.4,,,,,,,,961.2,,1.5,,0,0,0,0,0,0,0,,,,
KLO,2012,10,26,1,8.3,,,,,,,,960.7,,1.9,,0,0,0,0,0,0,0,,,,
KLO,2012,10,26,2,8.3,,,,,,,,960.1,,1.4,,0,0,0,0,0,0,0,,,,
KLO,2012,10,26,3,8.4,,,,,,,,959.5,,2.1,,0,0,0,0,0,0,0,,,,
KLO,2012,10,26,4,8.3,,,,,,,,959.4,,2,,0,0,0,0,0,0,0,,,,
KLO,2012,10,26,5,8.3,,,,,,,,959.2,,1.7,,0,0,0,0,0,0,0,,,,
KLO,2012,10,26,6,8.3,,,,,,,,959.1,,4.1,,6,0,0,0,0,0,0,,,,
KLO,2012,10,26,7,8.3,,,,,,,,958.8,,4.2,,28,0,0,0,0,0,0,,,,
KLO,2012,10,26,8,8.4,,,,,,,,958.3,,4.4,,58,0,0,0,0,0,0,,,,
KLO,2012,10,26,9,8.8,,,,,,,,957.5,,3.6,,58,17.1,55.5,0,0,0,0,,,,
KLO,2012,10,26,10,9,,,,,,,,956.8,,2.9,,46,1.7,45.5,0,0,0,0,,,,
KLO,2012,10,26,11,9.3,,,,,,,,955.8,,3,,61,1.5,60.4,0,0,0,0,,,,
KLO,2012,10,26,12,9.6,,,,,,,,954.6,,2.8,,74,1.6,73.2,0,0,0,0,,,,
KLO,2012,10,26,13,9.9,,,,,,,,953.5,,2.8,,52,0.7,51.6,0,0,0,0,,,,
KLO,2012,10,26,14,9.7,,,,,,,,952.5,,2.9,,27,0.2,26.9,0,0,0,0,,,,
KLO,2012,10,26,15,9.6,,,,,,,,951.5,,2.7,,16,0.1,16,0,0,0,0,,,,
KLO,2012,10,26,16,9.5,,,,,,,,950.5,,2.4,,2,0,2,0,0,0,0,,,,
KLO,2012,10,26,17,9.4,,,,,,,,949.9,,2.7,,0,0,0,0,0,0,0,,,,
KLO,2012,10,26,18,9.2,,,,,,,,949.2,,2.2,,0,0,0,0,0,0,0,,,,
KLO,2012,10,26,19,9,,,,,,,,948.7,,2.3,,0,0,0,0,0,0,0,,,,
KLO,2012,10,26,20,8.8,,,,,,,,947.7,,2.3,,0,0,0,0,0,0,0,,,,
KLO,2012,10,26,21,8.9,,,,,,,,946.9,,1.2,,0,0,0,0,0,0,0,,,,
KLO,2012,10,26,22,8.8,,,,,,,,946,,1.4,,0,0,0,0,0,0,0,,,,
KLO,2012,10,26,23,8.7,,,,,,,,945,,1.2,,0,0,0,0,0,0,0,,,,
KLO,2012,10,27,0,8.7,,,,,,,,943.9,,1,,0,0,0,0,0,0,0,,,,
KLO,2012,10,27,1,8.7,,,,,,,,942.8,,2.7,,0,0,0,0,0,0,0,,,,
KLO,2012,10,27,2,8.6,,,,,,,,941.9,,3.3,,0,0,0,0,0,0,0,,,,
KLO,2012,10,27,3,8.5,,,,,,,,941,,3.2,,0,0,0,0,0,0,0,,,,
KLO,2012,10,27,4,8.4,,,,,,,,941,,3.6,,0,0,0,0,0,0,0,,,,
KLO,2012,10,27,5,6.8,,,,,,,,941,,5.5,,0,0,0,0,0,0,0,,,,
KLO,2012,10,27,6,6.3,,,,,,,,941.7,,4.1,,0,0,0,0,0,0,0,,,,
KLO,2012,10,27,7,5.2,,,,,,,,943.2,,5.8,,11,0,0,0,0,0,0,,,,
KLO,2012,10,27,8,3.5,,,,,,,,944.7,,5.6,,37,0,0,0,0,0,0,,,,
KLO,2012,10,27,9,2.6,,,,,,,,946.3,,5.2,,39,4.9,38.3,0,0,0,0,,,,
KLO,2012,10,27,10,2.2,,,,,,,,947.4,,2.8,,77,4.9,75.6,0,0,0,0,,,,
KLO,2012,10,27,11,1.7,,,,,,,,948.1,,1.5,,87,3.2,85.7,0,0,0,0,,,,
KLO,2012,10,27,12,2.1,,,,,,,,948.7,,1.3,,69,1.4,68.3,0,0,0,0,,,,
KLO,2012,10,27,13,2.4,,,,,,,,949.5,,3.2,,70,1.3,69.4,0,0,0,0,,,,
KLO,2012,10,27,14,2.1,,,,,,,,950.5,,3.6,,44,0.6,43.7,0,0,0,0,,,,
KLO,2012,10,27,15,1.5,,,,,,,,951.6,,3.3,,12,0.1,12,0,0,0,0,,,,
KLO,2012,10,27,16,1.2,,,,,,,,952.6,,2.6,,2,0,2,0,0,0,0,,,,
KLO,2012,10,27,17,1,,,,,,,,953.7,,3.4,,0,0,0,0,0,0,0,,,,
KLO,2012,10,27,18,0.8,,,,,,,,954.6,,3.6,,0,0,0,0,0,0,0,,,,
KLO,2012,10,27,19,0.7,,,,,,,,955.1,,3.9,,0,0,0,0,0,0,0,,,,
KLO,2012,10,27,20,0.7,,,,,,,,955.7,,6.8,,0,0,0,0,0,0,0,,,,
KLO,2012,10,27,21,0.3,,,,,,,,956.3,,5.9,,0,0,0,0,0,0,0,,,,
KLO,2012,10,27,22,0.2,,,,,,,,956.4,,5.5,,0,0,0,0,0,0,0,,,,
KLO,2012,10,27,23,0.1,,,,,,,,956.7,,7.4,,0,0,0,0,0,0,0,,,,
KLO,2012,10,28,0,-0.1,,,,,,,,956.6,,6.7,,0,0,0,0,0,0,0,,,,
KLO,2012,10,28,1,-0.5,,,,,,,,956.9,,7.3,,0,0,0,0,0,0,0,,,,
KLO,2012,10,28,2,-0.5,,,,,,,,956.9,,6.1,,0,0,0,0,0,0,0,,,,
KLO,2012,10,28,3,-0.7,,,,,,,,957.2,,4.9,,0,0,0,0,0,0,0,,,,
KLO,2012,10,28,4,-0.6,,,,,,,,957,,5.2,,0,0,0,0,0,0,0,,,,
KLO,2012,10,28,5,-0.5,,,,,,,,957,,5.5,,0,0,0,0,0,0,0,,,,
KLO,2012,10,28,6,-0.3,,,,,,,,957.3,,4.5,,4,0,0,0,0,0,0,,,,
KLO,2012,10,28,7,0,,,,,,,,957.9,,4.8,,24,0,0,0,0,0,0,,,,
KLO,2012,10,28,8,0.3,,,,,,,,958.8,,5.2,,61,29.9,56.9,0,0,0,0,,,,
KLO,2012,10,28,9,0.3,,,,,,,,959.4,,5,,77,5,75.6,0,0,0,0,,,,
KLO,2012,10,28,10,0.7,,,,,,,,959.4,,5.3,,187,46.1,169.2,0,0,0,0,,,,
KLO,2012,10,28,11,0.9,,,,,,,,959.5,,5,,93,2.7,91.8,0,0,0,0,,,,
KLO,2012,10,28,12,1,,,,,,,,959.6,,5.3,,70,1.3,69.3,0,0,0,0,,,,
KLO,2012,10,28,13,1.1,,,,,,,,959.8,,4.3,,52,0.8,51.6,0,0,0,0,,,,
KLO,2012,10,28,14,1.2,,,,,,,,960,,4.7,,57,1.2,56.5,0,0,0,0,,,,
KLO,2012,10,28,15,1.1,,,,,,,,960.6,,4.4,,18,0.2,17.9,0,0,0,0,,,,
KLO,2012,10,28,16,1.2,,,,,,,,961.3,,4.5,,3,0,3,0,0,0,0,,,,
KLO,2012,10,28,17,1.1,,,,,,,,962.2,,5,,0,0,0,0,0,0,0,,,,
KLO,2012,10,28,18,1,,,,,,,,962.8,,5,,0,0,0,0,0,0,0,,,,
KLO,2012,10,28,19,1,,,,,,,,963.3,,4.5,,0,0,0,0,0,0,0,,,,
KLO,2012,10,28,20,0.9,,,,,,,,963.9,,5.1,,0,0,0,0,0,0,0,,,,
KLO,2012,10,28,21,0.8,,,,,,,,964.4,,4.7,,0,0,0,0,0,0,0,,,,
KLO,2012,10,28,22,0.8,,,,,,,,964.7,,4.9,,0,0,0,0,0,0,0,,,,
KLO,2012,10,28,23,0.6,,,,,,,,965,,2.7,,0,0,0,0,0,0,0,,,,
KLO,2012,10,29,0,0.4,,,,,,,,965.2,,1.6,,0,0,0,0,0,0,0,,,,
KLO,2012,10,29,1,0.4,,,,,,,,965.4,,2.8,,0,0,0,0,0,0,0,,,,
KLO,2012,10,29,2,-0.2,,,,,,,,965.6,,1.6,,0,0,0,0,0,0,0,,,,
KLO,2012,10,29,3,-1,,,,,,,,965.6,,2.2,,0,0,0,0,0,0,0,,,,
KLO,2012,10,29,4,-2.2,,,,,,,,965.8,,1.2,,0,0,0,0,0,0,0,,,,
KLO,2012,10,29,5,-2.2,,,,,,,,966,,0.7,,0,0,0,0,0,0,0,,,,
KLO,2012,10,29,6,-1.6,,,,,,,,966.2,,0.5,,7,0,0,0,0,0,0,,,,
KLO,2012,10,29,7,-1.1,,,,,,,,966.8,,0.5,,99,0,0,0,0,0,0,,,,
KLO,2012,10,29,8,-0.4,,,,,,,,966.8,,1.4,,297,1864.9,49,0,0,0,0,,,,
KLO,2012,10,29,9,0.4,,,,,,,,966.8,,1.4,,410,1258.4,67.7,0,0,0,0,,,,
KLO,2012,10,29,10,1.1,,,,,,,,966.9,,1.6,,232,135.5,180.3,0,0,0,0,,,,
KLO,2012,10,29,11,1.4,,,,,,,,966.5,,0.9,,321,257.7,204.2,0,0,0,0,,,,
KLO,2012,10,29,12,1.7,,,,,,,,966,,0.7,,302,153.8,227.8,0,0,0,0,,,,
KLO,2012,10,29,13,2.2,,,,,,,,965.7,,1.4,,274,115.2,220.2,0,0,0,0,,,,
KLO,2012,10,29,14,2.4,,,,,,,,965.3,,0.9,,308,330.1,173.3,0,0,0,0,,,,
KLO,2012,10,29,15,2,,,,,,,,965.1,,1.1,,128,20.8,121.6,0,0,0,0,,,,
KLO,2012,10,29,16,0.9,,,,,,,,964.8,,1.1,,8,0.1,8,0,0,0,0,,,,
KLO,2012,10,29,17,-0.1,,,,,,,,964.9,,0.7,,0,0,0,0,0,0,0,,,,
KLO,2012,10,29,18,-0.4,,,,,,,,964.7,,0.6,,0,0,0,0,0,0,0,,,,
KLO,2012,10,29,19,-0.8,,,,,,,,964.6,,0.6,,0,0,0,0,0,0,0,,,,
KLO,2012,10,29,20,-0.5,,,,,,,,964.4,,0.6,,0,0,0,0,0,0,0,,,,
KLO,2012,10,29,21,-0.8,,,,,,,,964.1,,1,,0,0,0,0,0,0,0,,,,
KLO,2012,10,29,22,-0.8,,,,,,,,963.6,,1.3,,0,0,0,0,0,0,0,,,,
KLO,2012,10,29,23,-0.7,,,,,,,,963,,1,,0,0,0,0,0,0,0,,,,
KLO,2012,10,30,0,-0.8,,,,,,,,962.4,,1,,0,0,0,0,0,0,0,,,,
KLO,2012,10,30,1,-0.3,,,,,,,,961.8,,1.3,,0,0,0,0,0,0,0,,,,
KLO,2012,10,30,2,-0.4,,,,,,,,961.3,,0.6,,0,0,0,0,0,0,0,,,,
KLO,2012,10,30,3,0,,,,,,,,960.9,,1.3,,0,0,0,0,0,0,0,,,,
KLO,2012,10,30,4,0,,,,,,,,960.8,,1.5,,0,0,0,0,0,0,0,,,,
KLO,2012,10,30,5,0.1,,,,,,,,960.4,,1.8,,0,0,0,0,0,0,0,,,,
KLO,2012,10,30,6,0.3,,,,,,,,960.6,,0.9,,2,0,0,0,0,0,0,,,,
KLO,2012,10,30,7,0.8,,,,,,,,960.7,,1.7,,35,0,0,0,0,0,0,,,,
KLO,2012,10,30,8,1.5,,,,,,,,960.4,,0.8,,235,1525.1,38.8,0,0,0,0,,,,
KLO,2012,10,30,9,2.7,,,,,,,,960.1,,1,,412,1286.2,68,0,0,0,0,,,,
KLO,2012,10,30,10,3.9,,,,,,,,959.8,,1.9,,517,1145.9,85.3,0,0,0,0,,,,
KLO,2012,10,30,11,5.1,,,,,,,,959.2,,1.8,,496,923.7,81.8,0,0,0,0,,,,
KLO,2012,10,30,12,5.7,,,,,,,,958.7,,2.5,,459,716.3,117,0,0,0,0,,,,
KLO,2012,10,30,13,6.2,,,,,,,,958.2,,3.1,,381,452.5,171.9,0,0,0,0,,,,
KLO,2012,10,30,14,6.5,,,,,,,,958,,2.6,,264,186.7,188.7,0,0,0,0,,,,
KLO,2012,10,30,15,5.9,,,,,,,,957.7,,2.1,,116,13.9,111.8,0,0,0,0,,,,
KLO,2012,10,30,16,4.7,,,,,,,,957.5,,1.6,,9,0.2,9,0,0,0,0,,,,
KLO,2012,10,30,17,2.7,,,,,,,,957.7,,1.8,,0,0,0,0,0,0,0,,,,
KLO,2012,10,30,18,1.6,,,,,,,,957.8,,1.6,,0,0,0,0,0,0,0,,,,
KLO,2012,10,30,19,1.1,,,,,,,,957.8,,1.1,,0,0,0,0,0,0,0,,,,
KLO,2012,10,30,20,0.3,,,,,,,,957.7,,0.8,,0,0,0,0,0,0,0,,,,
KLO,2012,10,30,21,-0.7,,,,,,,,957.5,,0.3,,0,0,0,0,0,0,0,,,,
KLO,2012,10,30,22,-1.1,,,,,,,,957.2,,0.5,,0,0,0,0,0,0,0,,,,
KLO,2012,10,30,23,-2.6,,,,,,,,957,,1.4,,0,0,0,0,0,0,0,,,,
KLO,2012,10,31,0,-3,,,,,,,,956.8,,1.2,,0,0,0,0,0,0,0,,,,
KLO,2012,10,31,1,-2.8,,,,,,,,956.7,,1.2,,0,0,0,0,0,0,0,,,,
KLO,2012,10,31,2,-2.6,,,,,,,,956.2,,0.8,,0,0,0,0,0,0,0,,,,
KLO,2012,10,31,3,-2.7,,,,,,,,955.9,,0.6,,0,0,0,0,0,0,0,,,,
KLO,2012,10,31,4,-2.6,,,,,,,,955.5,,1.2,,0,0,0,0,0,0,0,,,,
KLO,2012,10,31,5,-2.2,,,,,,,,954.9,,1.2,,0,0,0,0,0,0,0,,,,
KLO,2012,10,31,6,-1.9,,,,,,,,954.7,,1.8,,3,0,0,0,0,0,0,,,,
KLO,2012,10,31,7,-1.6,,,,,,,,954.8,,1.7,,47,0,0,0,0,0,0,,,,
KLO,2012,10,31,8,-1.2,,,,,,,,954.6,,1.9,,112,598.6,37.6,0,0,0,0,,,,
KLO,2012,10,31,9,-0.4,,,,,,,,954.5,,1.1,,145,86.2,122.3,0,0,0,0,,,,
KLO,2012,10,31,10,0.7,,,,,,,,953.9,,0.8,,205,85.9,173,0,0,0,0,,,,
KLO,2012,10,31,11,1.6,,,,,,,,953,,1.5,,239,77.3,204.7,0,0,0,0,,,,
KLO,2012,10,31,12,2.3,,,,,,,,952.1,,1.7,,166,9.7,161.4,0,0,0,0,,,,
KLO,2012,10,31,13,3,,,,,,,,951.1,,1.2,,186,19.1,177.3,0,0,0,0,,,,
KLO,2012,10,31,14,3.6,,,,,,,,950.4,,0.6,,177,29.8,165.1,0,0,0,0,,,,
KLO,2012,10,31,15,3.5,,,,,,,,949.6,,0.7,,60,2.6,59.2,0,0,0,0,,,,
KLO,2012,10,31,16,2.9,,,,,,,,948.8,,1.3,,4,0,4,0,0,0,0,,,,
KLO,2012,10,31,17,2.8,,,,,,,,948.5,,0.9,,0,0,0,0,0,0,0,,,,
KLO,2012,10,31,18,2.5,,,,,,,,948.1,,1.2,,0,0,0,0,0,0,0,,,,
KLO,2012,10,31,19,2.6,,,,,,,,947.3,,1.7,,0,0,0,0,0,0,0,,,,
KLO,2012,10,31,20,2.6,,,,,,,,946.9,,0.8,,0,0,0,0,0,0,0,,,,
KLO,2012,10,31,21,2.9,,,,,,,,946.4,,0.9,,0,0,0,0,0,0,0,,,,
KLO,2012,10,31,22,3.2,,,,,,,,946,,0.9,,0,0,0,0,0,0,0,,,,
KLO,2012,10,31,23,3.3,,,,,,,,945.3,,1.2,,0,0,0,0,0,0,0,,,,
KLO,2012,11,1,0,3.1,,,,,,,,944.8,,1.3,,0,0,0,0,0,0,0,,,,
KLO,2012,11,1,1,3,,,,,,,,944.5,,1,,0,0,0,0,0,0,0,,,,
KLO,2012,11,1,2,3.3,,,,,,,,944.2,,1,,0,0,0,0,0,0,0,,,,
KLO,2012,11,1,3,3.5,,,,,,,,943.8,,0.6,,0,0,0,0,0,0,0,,,,
KLO,2012,11,1,4,3.4,,,,,,,,943.6,,1,,0,0,0,0,0,0,0,,,,
KLO,2012,11,1,5,3.4,,,,,,,,943.6,,1.1,,0,0,0,0,0,0,0,,,,
KLO,2012,11,1,6,3.4,,,,,,,,943.8,,0.7,,1,0,0,0,0,0,0,,,,
KLO,2012,11,1,7,4.1,,,,,,,,944.1,,0.9,,69,0,0,0,0,0,0,,,,
KLO,2012,11,1,8,5.3,,,,,,,,944.1,,1.1,,168,1168.3,27.7,0,0,0,0,,,,
KLO,2012,11,1,9,6.9,,,,,,,,944,,2,,335,1082.7,55.3,0,0,0,0,,,,
KLO,2012,11,1,10,8.5,,,,,,,,943.8,,3,,362,760,82.9,0,0,0,0,,,,
KLO,2012,11,1,11,10,,,,,,,,943.4,,3.7,,452,834.5,85.9,0,0,0,0,,,,
KLO,2012,11,1,12,11.4,,,,,,,,943.1,,5.5,,456,740.8,109.5,0,0,0,0,,,,
KLO,2012,11,1,13,11.5,,,,,,,,943.4,,5.3,,330,288.8,199.4,0,0,0,0,,,,
KLO,2012,11,1,14,11.7,,,,,,,,943.7,,3.4,,206,67.3,179.5,0,0,0,0,,,,
KLO,2012,11,1,15,11.1,,,,,,,,944.4,,3.3,,47,1.6,46.5,0,0,0,0,,,,
KLO,2012,11,1,16,10.5,,,,,,,,944.5,,2.6,,1,0,1,0,0,0,0,,,,
KLO,2012,11,1,17,10.1,,,,,,,,944.6,,1.4,,0,0,0,0,0,0,0,,,,
KLO,2012,11,1,18,9,,,,,,,,945.2,,1.4,,0,0,0,0,0,0,0,,,,
KLO,2012,11,1,19,9.3,,,,,,,,945.9,,2.2,,0,0,0,0,0,0,0,,,,
KLO,2012,11,1,20,9.6,,,,,,,,946.3,,2.7,,0,0,0,0,0,0,0,,,,
KLO,2012,11,1,21,8.1,,,,,,,,947.9,,5.5,,0,0,0,0,0,0,0,,,,
KLO,2012,11,1,22,6.8,,,,,,,,949.4,,5.1,,0,0,0,0,0,0,0,,,,
KLO,2012,11,1,23,6.5,,,,,,,,950.2,,4.7,,0,0,0,0,0,0,0,,,,
KLO,2012,11,2,0,6.5,,,,,,,,951,,3,,0,0,0,0,0,0,0,,,,
KLO,2012,11,2,1,6.4,,,,,,,,952,,2.7,,0,0,0,0,0,0,0,,,,
KLO,2012,11,2,2,6.7,,,,,,,,953,,2.6,,0,0,0,0,0,0,0,,,,
KLO,2012,11,2,3,6.6,,,,,,,,953.5,,2.7,,0,0,0,0,0,0,0,,,,
KLO,2012,11,2,4,6.3,,,,,,,,953.8,,2.4,,0,0,0,0,0,0,0,,,,
KLO,2012,11,2,5,6.1,,,,,,,,954.4,,1.6,,0,0,0,0,0,0,0,,,,
KLO,2012,11,2,6,6,,,,,,,,954.8,,3.3,,0,0,0,0,0,0,0,,,,
KLO,2012,11,2,7,6.2,,,,,,,,955.8,,3.9,,21,0,0,0,0,0,0,,,,
KLO,2012,11,2,8,6.6,,,,,,,,956.3,,2.8,,71,139.4,54.9,0,0,0,0,,,,
KLO,2012,11,2,9,8,,,,,,,,956.5,,2.4,,209,448.4,95.2,0,0,0,0,,,,
KLO,2012,11,2,10,9.7,,,,,,,,956.3,,2.9,,398,917.1,65.5,0,0,0,0,,,,
KLO,2012,11,2,11,11.2,,,,,,,,955.4,,2.7,,420,727.3,104.4,0,0,0,0,,,,
KLO,2012,11,2,12,12,,,,,,,,954.6,,3,,377,432.3,176.9,0,0,0,0,,,,
KLO,2012,11,2,13,12.2,,,,,,,,954.1,,1.7,,238,72.4,205.6,0,0,0,0,,,,
KLO,2012,11,2,14,11.3,,,,,,,,953.5,,2.7,,49,1,48.6,0,0,0,0,,,,
KLO,2012,11,2,15,10.4,,,,,,,,953.2,,2.8,,13,0.1,13,0,0,0,0,,,,
KLO,2012,11,2,16,10,,,,,,,,953.5,,2.9,,0,0,0,0,0,0,0,,,,
KLO,2012,11,2,17,10.8,,,,,,,,953.9,,3.4,,0,0,0,0,0,0,0,,,,
KLO,2012,11,2,18,11,,,,,,,,954.2,,2.5,,0,0,0,0,0,0,0,,,,
KLO,2012,11,2,19,11.3,,,,,,,,955.2,,3.2,,0,0,0,0,0,0,0,,,,
KLO,2012,11,2,20,11.5,,,,,,,,955.4,,5.8,,0,0,0,0,0,0,0,,,,
KLO,2012,11,2,21,10.5,,,,,,,,956.1,,3.9,,0,0,0,0,0,0,0,,,,
KLO,2012,11,2,22,9.5,,,,,,,,956.4,,0.9,,0,0,0,0,0,0,0,,,,
KLO,2012,11,2,23,10.1,,,,,,,,956.6,,2.6,,0,0,0,0,0,0,0,,,,
KLO,2012,11,3,0,10.6,,,,,,,,956.7,,2.9,,0,0,0,0,0,0,0,,,,
KLO,2012,11,3,1,9.9,,,,,,,,956.7,,2.1,,0,0,0,0,0,0,0,,,,
KLO,2012,11,3,2,9.9,,,,,,,,956.4,,2.6,,0,0,0,0,0,0,0,,,,
KLO,2012,11,3,3,8.9,,,,,,,,956.5,,3,,0,0,0,0,0,0,0,,,,
KLO,2012,11,3,4,8.8,,,,,,,,956.6,,3,,0,0,0,0,0,0,0,,,,
KLO,2012,11,3,5,9.1,,,,,,,,956.4,,2.3,,0,0,0,0,0,0,0,,,,
KLO,2012,11,3,6,7.9,,,,,,,,956.4,,2.9,,6,0,0,0,0,0,0,,,,
KLO,2012,11,3,7,8.7,,,,,,,,956.5,,2.7,,82,0,0,0,0,0,0,,,,
KLO,2012,11,3,8,11.6,,,,,,,,956.8,,2.4,,198,1481.9,32.7,0,0,0,0,,,,
KLO,2012,11,3,9,14.5,,,,,,,,956.5,,2.6,,314,1051.5,51.8,0,0,0,0,,,,
KLO,2012,11,3,10,15.2,,,,,,,,956.3,,3.7,,339,687.5,93,0,0,0,0,,,,
KLO,2012,11,3,11,15.9,,,,,,,,955.9,,3.7,,403,672.1,114.6,0,0,0,0,,,,
KLO,2012,11,3,12,16.7,,,,,,,,955.1,,4.1,,352,350.5,191.5,0,0,0,0,,,,
KLO,2012,11,3,13,16.4,,,,,,,,955.1,,5.4,,252,99.6,207.9,0,0,0,0,,,,
KLO,2012,11,3,14,15.7,,,,,,,,955.1,,6.3,,97,4.1,95.4,0,0,0,0,,,,
KLO,2012,11,3,15,15.2,,,,,,,,955.3,,4.7,,42,1.4,41.6,0,0,0,0,,,,
KLO,2012,11,3,16,14.7,,,,,,,,955.5,,4.5,,2,0,2,0,0,0,0,,,,
KLO,2012,11,3,17,14.2,,,,,,,,955.7,,3,,0,0,0,0,0,0,0,,,,
KLO,2012,11,3,18,14,,,,,,,,955.9,,3.5,,0,0,0,0,0,0,0,,,,
KLO,2012,11,3,19,13.8,,,,,,,,956.1,,3.2,,0,0,0,0,0,0,0,,,,
KLO,2012,11,3,20,12.4,,,,,,,,955.9,,3.5,,0,0,0,0,0,0,0,,,,
KLO,2012,11,3,21,12,,,,,,,,955.6,,3.4,,0,0,0,0,0,0,0,,,,
KLO,2012,11,3,22,10.3,,,,,,,,956,,3.3,,0,0,0,0,0,0,0,,,,
KLO,2012,11,3,23,9.7,,,,,,,,956.1,,2.4,,0,0,0,0,0,0,0,,,,
KLO,2012,11,4,0,9.5,,,,,,,,956.1,,2.3,,0,0,0,0,0,0,0,,,,
KLO,2012,11,4,1,9.9,,,,,,,,956.1,,2.5,,0,0,0,0,0,0,0,,,,
KLO,2012,11,4,2,10.1,,,,,,,,956,,1.2,,0,0,0,0,0,0,0,,,,
KLO,2012,11,4,3,10,,,,,,,,955.6,,2.1,,0,0,0,0,0,0,0,,,,
KLO,2012,11,4,4,10.5,,,,,,,,955.1,,1.4,,0,0,0,0,0,0,0,,,,
KLO,2012,11,4,5,9.8,,,,,,,,955,,1,,0,0,0,0,0,0,0,,,,
KLO,2012,11,4,6,9.8,,,,,,,,954.9,,1.4,,3,0,0,0,0,0,0,,,,
KLO,2012,11,4,7,10.1,,,,,,,,955.2,,1.4,,43,0,0,0,0,0,0,,,,
KLO,2012,11,4,8,11.4,,,,,,,,954.6,,1.4,,143,1112.3,23.6,0,0,0,0,,,,
KLO,2012,11,4,9,12.7,,,,,,,,954.3,,0.8,,262,888,44.6,0,0,0,0,,,,
KLO,2012,11,4,10,14.9,,,,,,,,953.6,,1.7,,440,1040.1,72.6,0,0,0,0,,,,
KLO,2012,11,4,11,15.8,,,,,,,,953,,2.3,,338,398.4,168.9,0,0,0,0,,,,
KLO,2012,11,4,12,16.3,,,,,,,,952.5,,2.3,,280,143.7,214.9,0,0,0,0,,,,
KLO,2012,11,4,13,15.8,,,,,,,,951.8,,2.7,,116,4.5,114,0,0,0,0,,,,
KLO,2012,11,4,14,15.6,,,,,,,,951.4,,3.5,,56,1.4,55.5,0,0,0,0,,,,
KLO,2012,11,4,15,14.2,,,,,,,,951.4,,4,,18,0.3,17.9,0,0,0,0,,,,
KLO,2012,11,4,16,10.7,,,,,,,,952.2,,5.3,,0,0,0,0,0,0,0,,,,
KLO,2012,11,4,17,9.9,,,,,,,,952.7,,3.6,,0,0,0,0,0,0,0,,,,
KLO,2012,11,4,18,9.5,,,,,,,,952.6,,2.2,,0,0,0,0,0,0,0,,,,
KLO,2012,11,4,19,9.4,,,,,,,,953.2,,1.3,,0,0,0,0,0,0,0,,,,
KLO,2012,11,4,20,9.2,,,,,,,,953.8,,2.4,,0,0,0,0,0,0,0,,,,
KLO,2012,11,4,21,8.5,,,,,,,,953.9,,3.2,,0,0,0,0,0,0,0,,,,
KLO,2012,11,4,22,7.7,,,,,,,,954.3,,3.6,,0,0,0,0,0,0,0,,,,
KLO,2012,11,4,23,7.4,,,,,,,,954.5,,2,,0,0,0,0,0,0,0,,,,
KLO,2012,11,5,0,7.1,,,,,,,,954.8,,2.1,,0,0,0,0,0,0,0,,,,
KLO,2012,11,5,1,6.7,,,,,,,,955,,2.8,,0,0,0,0,0,0,0,,,,
KLO,2012,11,5,2,6.7,,,,,,,,954.9,,1.6,,0,0,0,0,0,0,0,,,,
KLO,2012,11,5,3,6.8,,,,,,,,954.7,,1.9,,0,0,0,0,0,0,0,,,,
KLO,2012,11,5,4,6.6,,,,,,,,954.5,,2.6,,0,0,0,0,0,0,0,,,,
KLO,2012,11,5,5,6.4,,,,,,,,954.7,,2.5,,0,0,0,0,0,0,0,,,,
KLO,2012,11,5,6,5.5,,,,,,,,955,,1.5,,2,0,0,0,0,0,0,,,,
KLO,2012,11,5,7,5.9,,,,,,,,955.5,,1.9,,72,0,0,0,0,0,0,,,,
KLO,2012,11,5,8,7.9,,,,,,,,955.7,,3.7,,245,1983.2,40.4,0,0,0,0,,,,
KLO,2012,11,5,9,8.7,,,,,,,,955.9,,4.8,,361,1253.8,59.6,0,0,0,0,,,,
KLO,2012,11,5,10,9.9,,,,,,,,956.2,,4.7,,430,1029.9,71,0,0,0,0,,,,
KLO,2012,11,5,11,9.8,,,,,,,,956.2,,5.2,,264,155.3,198.8,0,0,0,0,,,,
KLO,2012,11,5,12,10.2,,,,,,,,956,,5.1,,220,48.4,198.3,0,0,0,0,,,,
KLO,2012,11,5,13,8.9,,,,,,,,956.3,,6.1,,90,2.8,88.8,0,0,0,0,,,,
KLO,2012,11,5,14,8.3,,,,,,,,957,,5.1,,65,1.9,64.3,0,0,0,0,,,,
KLO,2012,11,5,15,7.8,,,,,,,,957.6,,5.4,,10,0.1,10,0,0,0,0,,,,
KLO,2012,11,5,16,7.3,,,,,,,,958.3,,4.4,,0,0,0,0,0,0,0,,,,
KLO,2012,11,5,17,7.2,,,,,,,,959.4,,2.8,,0,0,0,0,0,0,0,,,,
KLO,2012,11,5,18,6.7,,,,,,,,960.3,,2.1,,0,0,0,0,0,0,0,,,,
KLO,2012,11,5,19,6.9,,,,,,,,960.9,,4.1,,0,0,0,0,0,0,0,,,,
KLO,2012,11,5,20,7,,,,,,,,961.9,,4.6,,0,0,0,0,0,0,0,,,,
KLO,2012,11,5,21,6.2,,,,,,,,962.6,,2,,0,0,0,0,0,0,0,,,,
KLO,2012,11,5,22,6.4,,,,,,,,962.8,,3.2,,0,0,0,0,0,0,0,,,,
KLO,2012,11,5,23,6,,,,,,,,962.8,,2.9,,0,0,0,0,0,0,0,,,,
KLO,2012,11,6,0,4.5,,,,,,,,962.8,,1.2,,0,0,0,0,0,0,0,,,,
KLO,2012,11,6,1,3.9,,,,,,,,963.1,,0.8,,0,0,0,0,0,0,0,,,,
KLO,2012,11,6,2,5.7,,,,,,,,963.6,,2,,0,0,0,0,0,0,0,,,,
KLO,2012,11,6,3,5.1,,,,,,,,963.9,,2.3,,0,0,0,0,0,0,0,,,,
KLO,2012,11,6,4,4.8,,,,,,,,964.5,,2.7,,0,0,0,0,0,0,0,,,,
KLO,2012,11,6,5,4.5,,,,,,,,964.7,,2.5,,0,0,0,0,0,0,0,,,,
KLO,2012,11,6,6,4.4,,,,,,,,965.4,,1.1,,0,0,0,0,0,0,0,,,,
KLO,2012,11,6,7,4.6,,,,,,,,966.3,,0.4,,9,0,0,0,0,0,0,,,,
KLO,2012,11,6,8,4.9,,,,,,,,967.1,,1.4,,51,61.5,44.9,0,0,0,0,,,,
KLO,2012,11,6,9,5.7,,,,,,,,968,,1.5,,165,241.8,107.9,0,0,0,0,,,,
KLO,2012,11,6,10,6.4,,,,,,,,968.6,,2.2,,136,16.4,130.4,0,0,0,0,,,,
KLO,2012,11,6,11,6.9,,,,,,,,968.7,,2.8,,226,80.3,192.7,0,0,0,0,,,,
KLO,2012,11,6,12,7.3,,,,,,,,968.9,,3.7,,457,831.6,87.9,0,0,0,0,,,,
KLO,2012,11,6,13,7,,,,,,,,969.3,,2.9,,257,125.5,203.2,0,0,0,0,,,,
KLO,2012,11,6,14,6.4,,,,,,,,969.9,,2.3,,87,3.6,85.7,0,0,0,0,,,,
KLO,2012,11,6,15,6.3,,,,,,,,970.6,,0.9,,37,1.2,36.7,0,0,0,0,,,,
KLO,2012,11,6,16,4.8,,,,,,,,971,,0.7,,2,0,2,0,0,0,0,,,,
KLO,2012,11,6,17,3.4,,,,,,,,971.8,,0.6,,0,0,0,0,0,0,0,,,,
KLO,2012,11,6,18,2.5,,,,,,,,972.6,,1.7,,0,0,0,0,0,0,0,,,,
KLO,2012,11,6,19,2.3,,,,,,,,973.1,,2.1,,0,0,0,0,0,0,0,,,,
KLO,2012,11,6,20,1.9,,,,,,,,973.8,,1.1,,0,0,0,0,0,0,0,,,,
KLO,2012,11,6,21,1.1,,,,,,,,974.2,,0.6,,0,0,0,0,0,0,0,,,,
KLO,2012,11,6,22,0.1,,,,,,,,974.7,,0.6,,0,0,0,0,0,0,0,,,,
KLO,2012,11,6,23,-0.3,,,,,,,,975.2,,1.7,,0,0,0,0,0,0,0,,,,
KLO,2012,11,7,0,0,,,,,,,,975.7,,2.6,,0,0,0,0,0,0,0,,,,
KLO,2012,11,7,1,-0.2,,,,,,,,976.1,,1.8,,0,0,0,0,0,0,0,,,,
KLO,2012,11,7,2,-0.3,,,,,,,,976.2,,2.2,,0,0,0,0,0,0,0,,,,
KLO,2012,11,7,3,0.6,,,,,,,,976.5,,1.1,,0,0,0,0,0,0,0,,,,
KLO,2012,11,7,4,1.3,,,,,,,,977.2,,1.8,,0,0,0,0,0,0,0,,,,
KLO,2012,11,7,5,2.1,,,,,,,,977.7,,1.6,,0,0,0,0,0,0,0,,,,
KLO,2012,11,7,6,3.2,,,,,,,,978.2,,2.9,,1,0,0,0,0,0,0,,,,
KLO,2012,11,7,7,3.9,,,,,,,,978.7,,0.8,,22,0,0,0,0,0,0,,,,
KLO,2012,11,7,8,4.7,,,,,,,,979.2,,2.1,,79,463.5,35,0,0,0,0,,,,
KLO,2012,11,7,9,5.7,,,,,,,,979.6,,3,,168,279.5,103.3,0,0,0,0,,,,
KLO,2012,11,7,10,6.5,,,,,,,,979.9,,3.1,,162,42,147.7,0,0,0,0,,,,
KLO,2012,11,7,11,7,,,,,,,,979.8,,2.8,,191,37.1,175.8,0,0,0,0,,,,
KLO,2012,11,7,12,7.3,,,,,,,,979.7,,2.8,,154,9.5,149.8,0,0,0,0,,,,
KLO,2012,11,7,13,7.6,,,,,,,,979.5,,2.5,,148,9.3,144,0,0,0,0,,,,
KLO,2012,11,7,14,8,,,,,,,,979.3,,2,,130,10.1,126.3,0,0,0,0,,,,
KLO,2012,11,7,15,8.2,,,,,,,,979,,1.9,,85,6.7,83.2,0,0,0,0,,,,
KLO,2012,11,7,16,6.9,,,,,,,,978.9,,0.9,,2,0,2,0,0,0,0,,,,
KLO,2012,11,7,17,4.8,,,,,,,,978.8,,0.5,,0,0,0,0,0,0,0,,,,
KLO,2012,11,7,18,3.4,,,,,,,,978.7,,1.5,,0,0,0,0,0,0,0,,,,
KLO,2012,11,7,19,2.7,,,,,,,,978.4,,1.4,,0,0,0,0,0,0,0,,,,
KLO,2012,11,7,20,2.1,,,,,,,,978.1,,0.4,,0,0,0,0,0,0,0,,,,
KLO,2012,11,7,21,1.1,,,,,,,,977.9,,0.9,,0,0,0,0,0,0,0,,,,
KLO,2012,11,7,22,0.9,,,,,,,,977.4,,0.9,,0,0,0,0,0,0,0,,,,
KLO,2012,11,7,23,0.3,,,,,,,,977.1,,0.4,,0,0,0,0,0,0,0,,,,
KLO,2012,11,8,0,-0.1,,,,,,,,976.8,,0.4,,0,0,0,0,0,0,0,,,,
KLO,2012,11,8,1,-0.7,,,,,,,,976.5,,0.6,,0,0,0,0,0,0,0,,,,
KLO,2012,11,8,2,-1.5,,,,,,,,975.9,,0.7,,0,0,0,0,0,0,0,,,,
KLO,2012,11,8,3,-1.5,,,,,,,,975.5,,1,,0,0,0,0,0,0,0,,,,
KLO,2012,11,8,4,-0.8,,,,,,,,975.1,,1.1,,0,0,0,0,0,0,0,,,,
KLO,2012,11,8,5,-0.8,,,,,,,,974.6,,1.3,,0,0,0,0,0,0,0,,,,
KLO,2012,11,8,6,-1.3,,,,,,,,974.2,,0.6,,3,0,0,0,0,0,0,,,,
KLO,2012,11,8,7,-0.2,,,,,,,,974.1,,1.7,,37,0,0,0,0,0,0,,,,
KLO,2012,11,8,8,0.7,,,,,,,,974.4,,1.1,,121,1113.5,20,0,0,0,0,,,,
KLO,2012,11,8,9,2.9,,,,,,,,974.1,,0.8,,188,452.5,85.2,0,0,0,0,,,,
KLO,2012,11,8,10,5.1,,,,,,,,973.6,,1.6,,186,87.6,156.6,0,0,0,0,,,,
KLO,2012,11,8,11,6.3,,,,,,,,972.6,,1.8,,248,136,192.8,0,0,0,0,,,,
KLO,2012,11,8,12,8.4,,,,,,,,971.4,,1.5,,399,627.8,126.1,0,0,0,0,,,,
KLO,2012,11,8,13,8.8,,,,,,,,970.6,,1.9,,161,14.2,155.1,0,0,0,0,,,,
KLO,2012,11,8,14,8.9,,,,,,,,970.2,,1.5,,111,6.2,108.8,0,0,0,0,,,,
KLO,2012,11,8,15,8.2,,,,,,,,969.8,,0.8,,35,1.1,34.7,0,0,0,0,,,,
KLO,2012,11,8,16,7.6,,,,,,,,970.2,,0.8,,1,0,1,0,0,0,0,,,,
KLO,2012,11,8,17,6.2,,,,,,,,970.6,,1.4,,0,0,0,0,0,0,0,,,,
KLO,2012,11,8,18,5.7,,,,,,,,970.6,,2,,0,0,0,0,0,0,0,,,,
KLO,2012,11,8,19,6.4,,,,,,,,970.7,,1,,0,0,0,0,0,0,0,,,,
KLO,2012,11,8,20,5.3,,,,,,,,970.7,,1.8,,0,0,0,0,0,0,0,,,,
KLO,2012,11,8,21,4.9,,,,,,,,970.6,,2.1,,0,0,0,0,0,0,0,,,,
KLO,2012,11,8,22,5.5,,,,,,,,970.5,,2.6,,0,0,0,0,0,0,0,,,,
KLO,2012,11,8,23,5.1,,,,,,,,970.5,,1.7,,0,0,0,0,0,0,0,,,,
KLO,2012,11,9,0,3.4,,,,,,,,970,,2,,0,0,0,0,0,0,0,,,,
KLO,2012,11,9,1,2.6,,,,,,,,969.6,,2.7,,0,0,0,0,0,0,0,,,,
KLO,2012,11,9,2,2.2,,,,,,,,969.5,,2.2,,0,0,0,0,0,0,0,,,,
KLO,2012,11,9,3,2,,,,,,,,969.4,,2.5,,0,0,0,0,0,0,0,,,,
KLO,2012,11,9,4,1.7,,,,,,,,969.2,,1.3,,0,0,0,0,0,0,0,,,,
KLO,2012,11,9,5,0.6,,,,,,,,969.1,,0.6,,0,0,0,0,0,0,0,,,,
KLO,2012,11,9,6,-0.7,,,,,,,,969.3,,1.4,,3,0,0,0,0,0,0,,,,
KLO,2012,11,9,7,0.2,,,,,,,,969.6,,1.3,,61,0,0,0,0,0,0,,,,
KLO,2012,11,9,8,1.8,,,,,,,,969.3,,0.8,,187,1801.7,30.9,0,0,0,0,,,,
KLO,2012,11,9,9,3.9,,,,,,,,968.9,,0.9,,231,840.5,43.6,0,0,0,0,,,,
KLO,2012,11,9,10,6.7,,,,,,,,968.4,,1.7,,361,911.4,59.7,0,0,0,0,,,,
KLO,2012,11,9,11,9,,,,,,,,967.2,,2.4,,397,762.2,91.1,0,0,0,0,,,,
KLO,2012,11,9,12,10.6,,,,,,,,966.2,,2.6,,377,545.8,142.2,0,0,0,0,,,,
KLO,2012,11,9,13,11.5,,,,,,,,965.3,,2.2,,270,178.2,196,0,0,0,0,,,,
KLO,2012,11,9,14,11.1,,,,,,,,964.4,,0.5,,135,13.2,130.3,0,0,0,0,,,,
KLO,2012,11,9,15,10.1,,,,,,,,964,,1.7,,58,3.2,57.2,0,0,0,0,,,,
KLO,2012,11,9,16,7.6,,,,,,,,963.7,,2,,1,0,1,0,0,0,0,,,,
KLO,2012,11,9,17,7.1,,,,,,,,963.3,,1.1,,0,0,0,0,0,0,0,,,,
KLO,2012,11,9,18,5.8,,,,,,,,962.7,,0.3,,0,0,0,0,0,0,0,,,,
KLO,2012,11,9,19,6.1,,,,,,,,962.6,,1.4,,0,0,0,0,0,0,0,,,,
KLO,2012,11,9,20,7,,,,,,,,963.3,,1.2,,0,0,0,0,0,0,0,,,,
KLO,2012,11,9,21,7.1,,,,,,,,963.3,,2.3,,0,0,0,0,0,0,0,,,,
KLO,2012,11,9,22,7.5,,,,,,,,963.1,,2.2,,0,0,0,0,0,0,0,,,,
KLO,2012,11,9,23,7.6,,,,,,,,962.8,,2.1,,0,0,0,0,0,0,0,,,,
KLO,2012,11,10,0,7.6,,,,,,,,962.1,,1.5,,0,0,0,0,0,0,0,,,,
KLO,2012,11,10,1,7.6,,,,,,,,961.6,,2,,0,0,0,0,0,0,0,,,,
KLO,2012,11,10,2,7.8,,,,,,,,960.8,,1.8,,0,0,0,0,0,0,0,,,,
KLO,2012,11,10,3,7.8,,,,,,,,960,,1.2,,0,0,0,0,0,0,0,,,,
KLO,2012,11,10,4,7.7,,,,,,,,959.2,,1.9,,0,0,0,0,0,0,0,,,,
KLO,2012,11,10,5,7.5,,,,,,,,959,,1.6,,0,0,0,0,0,0,0,,,,
KLO,2012,11,10,6,7.4,,,,,,,,959.3,,1.3,,0,0,0,0,0,0,0,,,,
KLO,2012,11,10,7,7.5,,,,,,,,957.9,,1.2,,14,0,0,0,0,0,0,,,,
KLO,2012,11,10,8,7.8,,,,,,,,957.5,,1.7,,45,79.7,38.4,0,0,0,0,,,,
KLO,2012,11,10,9,8.6,,,,,,,,956.9,,2.1,,95,26,89.3,0,0,0,0,,,,
KLO,2012,11,10,10,8.8,,,,,,,,957.2,,1.6,,106,7.2,103.7,0,0,0,0,,,,
KLO,2012,11,10,11,9.3,,,,,,,,957,,1.3,,89,3.2,87.7,0,0,0,0,,,,
KLO,2012,11,10,12,10.2,,,,,,,,956.4,,2.1,,127,5.7,124.6,0,0,0,0,,,,
KLO,2012,11,10,13,10.7,,,,,,,,955.7,,1.4,,152,11.9,147.1,0,0,0,0,,,,
KLO,2012,11,10,14,10.9,,,,,,,,955,,1.6,,82,3.5,80.8,0,0,0,0,,,,
KLO,2012,11,10,15,10.5,,,,,,,,954.9,,1.6,,24,0.6,23.9,0,0,0,0,,,,
KLO,2012,11,10,16,9.7,,,,,,,,955.5,,2.6,,1,0,1,0,0,0,0,,,,
KLO,2012,11,10,17,9.4,,,,,,,,955.5,,1.8,,0,0,0,0,0,0,0,,,,
KLO,2012,11,10,18,9.1,,,,,,,,955.8,,0.7,,0,0,0,0,0,0,0,,,,
KLO,2012,11,10,19,9.1,,,,,,,,956.2,,0.6,,0,0,0,0,0,0,0,,,,
KLO,2012,11,10,20,9.2,,,,,,,,956.8,,1.8,,0,0,0,0,0,0,0,,,,
KLO,2012,11,10,21,9.5,,,,,,,,957.3,,1.7,,0,0,0,0,0,0,0,,,,
KLO,2012,11,10,22,9.7,,,,,,,,957.6,,1.6,,0,0,0,0,0,0,0,,,,
KLO,2012,11,10,23,9.6,,,,,,,,957.7,,2.2,,0,0,0,0,0,0,0,,,,
KLO,2012,11,11,0,9.3,,,,,,,,957.4,,2.2,,0,0,0,0,0,0,0,,,,
KLO,2012,11,11,1,9.4,,,,,,,,957.1,,2.6,,0,0,0,0,0,0,0,,,,
KLO,2012,11,11,2,9,,,,,,,,957.3,,1.1,,0,0,0,0,0,0,0,,,,
KLO,2012,11,11,3,8.8,,,,,,,,956.9,,1.6,,0,0,0,0,0,0,0,,,,
KLO,2012,11,11,4,8.9,,,,,,,,957.1,,2.2,,0,0,0,0,0,0,0,,,,
KLO,2012,11,11,5,9,,,,,,,,957.7,,1.1,,0,0,0,0,0,0,0,,,,
KLO,2012,11,11,6,8.9,,,,,,,,958.2,,1.3,,0,0,0,0,0,0,0,,,,
KLO,2012,11,11,7,8.9,,,,,,,,958.7,,1.4,,3,0,0,0,0,0,0,,,,
KLO,2012,11,11,8,9.1,,,,,,,,959,,0.9,,14,2,13.8,0,0,0,0,,,,
KLO,2012,11,11,9,9.3,,,,,,,,959.1,,2,,38,2,37.6,0,0,0,0,,,,
KLO,2012,11,11,10,9.6,,,,,,,,959.8,,1.1,,49,1.5,48.5,0,0,0,0,,,,
KLO,2012,11,11,11,9.8,,,,,,,,960.7,,1.5,,49,1,48.6,0,0,0,0,,,,
KLO,2012,11,11,12,10.1,,,,,,,,961.3,,1,,83,2.5,81.9,0,0,0,0,,,,
KLO,2012,11,11,13,10.1,,,,,,,,961.9,,0.5,,87,3,85.8,0,0,0,0,,,,
KLO,2012,11,11,14,10.1,,,,,,,,962.8,,0.9,,46,1.1,45.6,0,0,0,0,,,,
KLO,2012,11,11,15,9.9,,,,,,,,963.5,,1.1,,17,0.3,16.9,0,0,0,0,,,,
KLO,2012,11,11,16,9.4,,,,,,,,964.3,,1.1,,0,0,0,0,0,0,0,,,,
KLO,2012,11,11,17,9.4,,,,,,,,965.5,,1.2,,0,0,0,0,0,0,0,,,,
KLO,2012,11,11,18,9.3,,,,,,,,966.7,,0.7,,0,0,0,0,0,0,0,,,,
KLO,2012,11,11,19,9,,,,,,,,967.4,,0.8,,0,0,0,0,0,0,0,,,,
KLO,2012,11,11,20,8.9,,,,,,,,968.3,,1.8,,0,0,0,0,0,0,0,,,,
KLO,2012,11,11,21,8.7,,,,,,,,969.1,,1.1,,0,0,0,0,0,0,0,,,,
KLO,2012,11,11,22,8.7,,,,,,,,969.7,,1,,0,0,0,0,0,0,0,,,,
KLO,2012,11,11,23,8.6,,,,,,,,970,,0.7,,0,0,0,0,0,0,0,,,,
KLO,2012,11,12,0,8.5,,,,,,,,970.4,,0.8,,0,0,0,0,0,0,0,,,,
KLO,2012,11,12,1,8.4,,,,,,,,970.8,,0.6,,0,0,0,0,0,0,0,,,,
KLO,2012,11,12,2,8.4,,,,,,,,971.2,,1.1,,0,0,0,0,0,0,0,,,,
KLO,2012,11,12,3,8.2,,,,,,,,971.4,,0.9,,0,0,0,0,0,0,0,,,,
KLO,2012,11,12,4,8.1,,,,,,,,971.8,,1.3,,0,0,0,0,0,0,0,,,,
KLO,2012,11,12,5,7.8,,,,,,,,972,,1.6,,0,0,0,0,0,0,0,,,,
KLO,2012,11,12,6,7.8,,,,,,,,972.4,,1.3,,0,0,0,0,0,0,0,,,,
KLO,2012,11,12,7,7.9,,,,,,,,972.9,,2.1,,13,0,0,0,0,0,0,,,,
KLO,2012,11,12,8,8.1,,,,,,,,973.6,,2.2,,31,20.6,29.5,0,0,0,0,,,,
KLO,2012,11,12,9,8.3,,,,,,,,974,,1.8,,64,6,62.7,0,0,0,0,,,,
KLO,2012,11,12,10,8.6,,,,,,,,974.4,,1.8,,60,2.3,59.3,0,0,0,0,,,,
KLO,2012,11,12,11,8.6,,,,,,,,974.5,,2.7,,68,2,67.2,0,0,0,0,,,,
KLO,2012,11,12,12,8.9,,,,,,,,974.1,,2.4,,92,3.1,90.7,0,0,0,0,,,,
KLO,2012,11,12,13,8.8,,,,,,,,974.4,,2,,34,0.5,33.8,0,0,0,0,,,,
KLO,2012,11,12,14,8.7,,,,,,,,974.8,,1.7,,30,0.5,29.8,0,0,0,0,,,,
KLO,2012,11,12,15,8.6,,,,,,,,975.1,,1.6,,9,0.1,9,0,0,0,0,,,,
KLO,2012,11,12,16,8.5,,,,,,,,975.5,,1.9,,0,0,0,0,0,0,0,,,,
KLO,2012,11,12,17,8.2,,,,,,,,976,,2.4,,0,0,0,0,0,0,0,,,,
KLO,2012,11,12,18,8,,,,,,,,976.6,,2.3,,0,0,0,0,0,0,0,,,,
KLO,2012,11,12,19,7.9,,,,,,,,977,,2.5,,0,0,0,0,0,0,0,,,,
KLO,2012,11,12,20,7.9,,,,,,,,977.3,,2.7,,0,0,0,0,0,0,0,,,,
KLO,2012,11,12,21,7.8,,,,,,,,977.6,,2.9,,0,0,0,0,0,0,0,,,,
KLO,2012,11,12,22,7.7,,,,,,,,977.8,,3,,0,0,0,0,0,0,0,,,,
KLO,2012,11,12,23,7.6,,,,,,,,977.9,,3.2,,0,0,0,0,0,0,0,,,,
KLO,2012,11,13,0,7.4,,,,,,,,977.9,,2.8,,0,0,0,0,0,0,0,,,,
KLO,2012,11,13,1,7.2,,,,,,,,978,,3.1,,0,0,0,0,0,0,0,,,,
KLO,2012,11,13,2,7.1,,,,,,,,978.1,,2.7,,0,0,0,0,0,0,0,,,,
KLO,2012,11,13,3,7,,,,,,,,978.1,,2.4,,0,0,0,0,0,0,0,,,,
KLO,2012,11,13,4,6.8,,,,,,,,978.4,,3.1,,0,0,0,0,0,0,0,,,,
KLO,2012,11,13,5,6.7,,,,,,,,978.8,,3.1,,0,0,0,0,0,0,0,,,,
KLO,2012,11,13,6,6.7,,,,,,,,979.1,,2.5,,0,0,0,0,0,0,0,,,,
KLO,2012,11,13,7,6.8,,,,,,,,979.7,,2.4,,6,0,0,0,0,0,0,,,,
KLO,2012,11,13,8,6.8,,,,,,,,980,,2.6,,30,22.9,28.4,0,0,0,0,,,,
KLO,2012,11,13,9,6.9,,,,,,,,980.2,,3,,55,4.6,54.1,0,0,0,0,,,,
KLO,2012,11,13,10,7.2,,,,,,,,980.1,,3.4,,96,6.1,94.1,0,0,0,0,,,,
KLO,2012,11,13,11,7.3,,,,,,,,979.7,,2.7,,68,2,67.2,0,0,0,0,,,,
KLO,2012,11,13,12,7.4,,,,,,,,979.3,,3,,59,1.3,58.5,0,0,0,0,,,,
KLO,2012,11,13,13,7.4,,,,,,,,979.1,,3.4,,47,0.9,46.6,0,0,0,0,,,,
KLO,2012,11,13,14,7.5,,,,,,,,978.9,,4,,57,1.8,56.4,0,0,0,0,,,,
KLO,2012,11,13,15,7.3,,,,,,,,978.6,,5.7,,43,2,42.5,0,0,0,0,,,,
KLO,2012,11,13,16,7.1,,,,,,,,978.3,,4.7,,0,0,0,0,0,0,0,,,,
KLO,2012,11,13,17,7,,,,,,,,978.3,,4.6,,0,0,0,0,0,0,0,,,,
KLO,2012,11,13,18,6.9,,,,,,,,977.9,,6.5,,0,0,0,0,0,0,0,,,,
KLO,2012,11,13,19,7,,,,,,,,977.8,,6.8,,0,0,0,0,0,0,0,,,,
KLO,2012,11,13,20,7,,,,,,,,978,,5.7,,0,0,0,0,0,0,0,,,,
KLO,2012,11,13,21,7,,,,,,,,978,,5.3,,0,0,0,0,0,0,0,,,,
KLO,2012,11,13,22,7,,,,,,,,977.8,,2.3,,0,0,0,0,0,0,0,,,,
KLO,2012,11,13,23,7,,,,,,,,977.8,,1.3,,0,0,0,0,0,0,0,,,,
KLO,2012,11,14,0,7,,,,,,,,977.6,,1,,0,0,0,0,0,0,0,,,,
KLO,2012,11,14,1,6.9,,,,,,,,977.4,,1.3,,0,0,0,0,0,0,0,,,,
KLO,2012,11,14,2,6.9,,,,,,,,977.4,,1.6,,0,0,0,0,0,0,0,,,,
KLO,2012,11,14,3,6.9,,,,,,,,977.1,,0.8,,0,0,0,0,0,0,0,,,,
KLO,2012,11,14,4,6.9,,,,,,,,976.7,,1.7,,0,0,0,0,0,0,0,,,,
KLO,2012,11,14,5,6.9,,,,,,,,976.5,,3.2,,0,0,0,0,0,0,0,,,,
KLO,2012,11,14,6,6.8,,,,,,,,976.5,,2.9,,0,0,0,0,0,0,0,,,,
KLO,2012,11,14,7,7,,,,,,,,976.7,,2.2,,25,0,0,0,0,0,0,,,,
KLO,2012,11,14,8,7.4,,,,,,,,976.7,,1.6,,67,782.1,14.7,0,0,0,0,,,,
KLO,2012,11,14,9,7.5,,,,,,,,976.4,,1.6,,103,57.8,91.3,0,0,0,0,,,,
KLO,2012,11,14,10,7.9,,,,,,,,976.2,,1.9,,178,103,146.2,0,0,0,0,,,,
KLO,2012,11,14,11,8.2,,,,,,,,975.6,,1.9,,198,64.3,173.6,0,0,0,0,,,,
KLO,2012,11,14,12,8.6,,,,,,,,975,,3.4,,246,125.8,194.6,0,0,0,0,,,,
KLO,2012,11,14,13,8.3,,,,,,,,974.6,,3.5,,175,28.8,163.7,0,0,0,0,,,,
KLO,2012,11,14,14,7.7,,,,,,,,974.3,,4.4,,94,5,92.3,0,0,0,0,,,,
KLO,2012,11,14,15,6.9,,,,,,,,974.3,,3.4,,33,1.2,32.7,0,0,0,0,,,,
KLO,2012,11,14,16,6,,,,,,,,974.4,,2.4,,1,0,1,0,0,0,0,,,,
KLO,2012,11,14,17,5.3,,,,,,,,974.5,,1.8,,0,0,0,0,0,0,0,,,,
KLO,2012,11,14,18,4.6,,,,,,,,974.3,,1.6,,0,0,0,0,0,0,0,,,,
KLO,2012,11,14,19,3.2,,,,,,,,974.1,,1.6,,0,0,0,0,0,0,0,,,,
KLO,2012,11,14,20,2.5,,,,,,,,974.1,,1.4,,0,0,0,0,0,0,0,,,,
KLO,2012,11,14,21,1.5,,,,,,,,973.9,,1.3,,0,0,0,0,0,0,0,,,,
KLO,2012,11,14,22,1.2,,,,,,,,973.8,,0.6,,0,0,0,0,0,0,0,,,,
KLO,2012,11,14,23,2.1,,,,,,,,973.8,,0.6,,0,0,0,0,0,0,0,,,,
KLO,2012,11,15,0,3.2,,,,,,,,973.7,,0.4,,0,0,0,0,0,0,0,,,,
KLO,2012,11,15,1,3.9,,,,,,,,973.5,,0.5,,0,0,0,0,0,0,0,,,,
KLO,2012,11,15,2,4.5,,,,,,,,973.3,,0.6,,0,0,0,0,0,0,0,,,,
KLO,2012,11,15,3,4.4,,,,,,,,973.1,,1.3,,0,0,0,0,0,0,0,,,,
KLO,2012,11,15,4,4,,,,,,,,972.9,,1.7,,0,0,0,0,0,0,0,,,,
KLO,2012,11,15,5,4.1,,,,,,,,972.8,,1.4,,0,0,0,0,0,0,0,,,,
KLO,2012,11,15,6,4.2,,,,,,,,972.8,,1.5,,0,0,0,0,0,0,0,,,,
KLO,2012,11,15,7,4.3,,,,,,,,973,,1.2,,11,0,0,0,0,0,0,,,,
KLO,2012,11,15,8,4.3,,,,,,,,972.9,,0.5,,37,100.3,30.7,0,0,0,0,,,,
KLO,2012,11,15,9,4.6,,,,,,,,972.7,,0.8,,69,9.2,67.2,0,0,0,0,,,,
KLO,2012,11,15,10,5,,,,,,,,972.4,,0.4,,93,6,91.2,0,0,0,0,,,,
KLO,2012,11,15,11,5.4,,,,,,,,971.7,,1.1,,143,13.5,137.9,0,0,0,0,,,,
KLO,2012,11,15,12,5.6,,,,,,,,971.2,,0.8,,119,5.6,116.7,0,0,0,0,,,,
KLO,2012,11,15,13,5.6,,,,,,,,970.8,,1,,107,4.8,105.1,0,0,0,0,,,,
KLO,2012,11,15,14,5.7,,,,,,,,970.5,,0.9,,78,3.5,76.8,0,0,0,0,,,,
KLO,2012,11,15,15,5.5,,,,,,,,970.4,,0.8,,23,0.6,22.9,0,0,0,0,,,,
KLO,2012,11,15,16,5.2,,,,,,,,970.5,,1.1,,0,0,0,0,0,0,0,,,,
KLO,2012,11,15,17,5.1,,,,,,,,970.7,,1.2,,0,0,0,0,0,0,0,,,,
KLO,2012,11,15,18,5,,,,,,,,970.7,,0.8,,0,0,0,0,0,0,0,,,,
KLO,2012,11,15,19,5,,,,,,,,970.5,,0.8,,0,0,0,0,0,0,0,,,,
KLO,2012,11,15,20,5,,,,,,,,970.4,,0.9,,0,0,0,0,0,0,0,,,,
KLO,2012,11,15,21,4.9,,,,,,,,970.2,,1,,0,0,0,0,0,0,0,,,,
KLO,2012,11,15,22,5,,,,,,,,970.1,,0.7,,0,0,0,0,0,0,0,,,,
KLO,2012,11,15,23,4.8,,,,,,,,970.2,,1.2,,0,0,0,0,0,0,0,,,,
KLO,2012,11,16,0,4.6,,,,,,,,970,,1,,0,0,0,0,0,0,0,,,,
KLO,2012,11,16,1,4.3,,,,,,,,969.9,,2,,0,0,0,0,0,0,0,,,,
KLO,2012,11,16,2,3.7,,,,,,,,969.8,,2.3,,0,0,0,0,0,0,0,,,,
KLO,2012,11,16,3,3.3,,,,,,,,969.6,,2.7,,0,0,0,0,0,0,0,,,,
KLO,2012,11,16,4,3.2,,,,,,,,969.6,,1.8,,0,0,0,0,0,0,0,,,,
KLO,2012,11,16,5,3.3,,,,,,,,969.5,,1.7,,0,0,0,0,0,0,0,,,,
KLO,2012,11,16,6,3.4,,,,,,,,969.4,,1.7,,0,0,0,0,0,0,0,,,,
KLO,2012,11,16,7,3.7,,,,,,,,969.6,,1.4,,10,0,0,0,0,0,0,,,,
KLO,2012,11,16,8,3.6,,,,,,,,969.8,,1.8,,38,120.4,30.9,0,0,0,0,,,,
KLO,2012,11,16,9,3.7,,,,,,,,969.9,,1,,72,12,69.7,0,0,0,0,,,,
KLO,2012,11,16,10,3.9,,,,,,,,969.6,,0.7,,77,4.2,75.7,0,0,0,0,,,,
KLO,2012,11,16,11,4.3,,,,,,,,969.1,,0.8,,98,4.5,96.3,0,0,0,0,,,,
KLO,2012,11,16,12,4.6,,,,,,,,968.5,,0.8,,126,6.5,123.4,0,0,0,0,,,,
KLO,2012,11,16,13,4.9,,,,,,,,968.2,,0.7,,128,7.6,125.1,0,0,0,0,,,,
KLO,2012,11,16,14,4.8,,,,,,,,967.7,,0.9,,104,6.6,101.8,0,0,0,0,,,,
KLO,2012,11,16,15,4.8,,,,,,,,967.7,,1,,29,1,28.8,0,0,0,0,,,,
KLO,2012,11,16,16,4.8,,,,,,,,967.6,,1.3,,0,0,0,0,0,0,0,,,,
KLO,2012,11,16,17,4.6,,,,,,,,967.7,,1.8,,0,0,0,0,0,0,0,,,,
KLO,2012,11,16,18,4.5,,,,,,,,967.6,,0.7,,0,0,0,0,0,0,0,,,,
KLO,2012,11,16,19,4.4,,,,,,,,967.5,,1,,0,0,0,0,0,0,0,,,,
KLO,2012,11,16,20,4.2,,,,,,,,967.5,,1.1,,0,0,0,0,0,0,0,,,,
KLO,2012,11,16,21,3.6,,,,,,,,967.4,,2.1,,0,0,0,0,0,0,0,,,,
KLO,2012,11,16,22,3,,,,,,,,967.2,,2.3,,0,0,0,0,0,0,0,,,,
KLO,2012,11,16,23,2.9,,,,,,,,967,,1.8,,0,0,0,0,0,0,0,,,,
KLO,2012,11,17,0,2.8,,,,,,,,966.8,,1.4,,0,0,0,0,0,0,0,,,,
KLO,2012,11,17,1,3,,,,,,,,966.6,,1.6,,0,0,0,0,0,0,0,,,,
KLO,2012,11,17,2,2.7,,,,,,,,966.3,,2.4,,0,0,0,0,0,0,0,,,,
KLO,2012,11,17,3,2.9,,,,,,,,966,,2.4,,0,0,0,0,0,0,0,,,,
KLO,2012,11,17,4,3.1,,,,,,,,965.8,,2.8,,0,0,0,0,0,0,0,,,,
KLO,2012,11,17,5,3.3,,,,,,,,965.7,,2.2,,0,0,0,0,0,0,0,,,,
KLO,2012,11,17,6,3.7,,,,,,,,965.5,,2.1,,0,0,0,0,0,0,0,,,,
KLO,2012,11,17,7,4.1,,,,,,,,965.5,,1.5,,11,0,0,0,0,0,0,,,,
KLO,2012,11,17,8,4.8,,,,,,,,965.6,,1.9,,43,221.3,30.7,0,0,0,0,,,,
KLO,2012,11,17,9,5.2,,,,,,,,965.4,,2.4,,92,44.6,83.5,0,0,0,0,,,,
KLO,2012,11,17,10,5.8,,,,,,,,965.3,,2.3,,119,17.2,113.9,0,0,0,0,,,,
KLO,2012,11,17,11,6.4,,,,,,,,964.6,,2,,132,10.4,128.2,0,0,0,0,,,,
KLO,2012,11,17,12,6.7,,,,,,,,964.1,,1.6,,117,5.6,114.8,0,0,0,0,,,,
KLO,2012,11,17,13,6.9,,,,,,,,963.6,,1.3,,165,24.7,155.6,0,0,0,0,,,,
KLO,2012,11,17,14,7.1,,,,,,,,963.4,,1,,110,8.1,107.4,0,0,0,0,,,,
KLO,2012,11,17,15,6.6,,,,,,,,963.3,,1.6,,38,1.7,37.6,0,0,0,0,,,,
KLO,2012,11,17,16,5.7,,,,,,,,963.1,,1.5,,0,0,0,0,0,0,0,,,,
KLO,2012,11,17,17,5.1,,,,,,,,963.3,,1.9,,0,0,0,0,0,0,0,,,,
KLO,2012,11,17,18,5.6,,,,,,,,963.4,,1.9,,0,0,0,0,0,0,0,,,,
KLO,2012,11,17,19,5.3,,,,,,,,963.4,,2,,0,0,0,0,0,0,0,,,,
KLO,2012,11,17,20,5.2,,,,,,,,963.5,,1.1,,0,0,0,0,0,0,0,,,,
KLO,2012,11,17,21,5.1,,,,,,,,963.7,,1,,0,0,0,0,0,0,0,,,,
KLO,2012,11,17,22,5.2,,,,,,,,963.7,,1.3,,0,0,0,0,0,0,0,,,,
KLO,2012,11,17,23,5.2,,,,,,,,963.7,,0.8,,0,0,0,0,0,0,0,,,,
KLO,2012,11,18,0,4.8,,,,,,,,963.5,,2.1,,0,0,0,0,0,0,0,,,,
KLO,2012,11,18,1,4.5,,,,,,,,963.3,,1.9,,0,0,0,0,0,0,0,,,,
KLO,2012,11,18,2,4.6,,,,,,,,963.1,,1.7,,0,0,0,0,0,0,0,,,,
KLO,2012,11,18,3,4.2,,,,,,,,962.8,,2,,0,0,0,0,0,0,0,,,,
KLO,2012,11,18,4,4.2,,,,,,,,962.8,,1.6,,0,0,0,0,0,0,0,,,,
KLO,2012,11,18,5,4.2,,,,,,,,963,,1.2,,0,0,0,0,0,0,0,,,,
KLO,2012,11,18,6,4.2,,,,,,,,963.2,,1.7,,0,0,0,0,0,0,0,,,,
KLO,2012,11,18,7,4.3,,,,,,,,963.5,,1.5,,29,0,0,0,0,0,0,,,,
KLO,2012,11,18,8,5.1,,,,,,,,963.7,,2,,127,0,0,0,0,0,0,,,,
KLO,2012,11,18,9,5.5,,,,,,,,963.9,,2.1,,156,469.9,68.7,0,0,0,0,,,,
KLO,2012,11,18,10,5.7,,,,,,,,964.1,,2,,159,77.6,136.3,0,0,0,0,,,,
KLO,2012,11,18,11,6.3,,,,,,,,963.8,,2,,237,177.7,172.4,0,0,0,0,,,,
KLO,2012,11,18,12,6.6,,,,,,,,963.6,,1.3,,277,245.7,180.5,0,0,0,0,,,,
KLO,2012,11,18,13,7.2,,,,,,,,963.5,,0.9,,254,199.3,178.4,0,0,0,0,,,,
KLO,2012,11,18,14,7.8,,,,,,,,963.4,,1,,181,90,151.9,0,0,0,0,,,,
KLO,2012,11,18,15,7.4,,,,,,,,963.6,,1.2,,51,3.2,50.3,0,0,0,0,,,,
KLO,2012,11,18,16,5.3,,,,,,,,963.9,,1.2,,0,0,0,0,0,0,0,,,,
KLO,2012,11,18,17,3.5,,,,,,,,964.4,,2,,0,0,0,0,0,0,0,,,,
KLO,2012,11,18,18,3,,,,,,,,964.8,,1.8,,0,0,0,0,0,0,0,,,,
KLO,2012,11,18,19,3,,,,,,,,965.2,,1.9,,0,0,0,0,0,0,0,,,,
KLO,2012,11,18,20,2.8,,,,,,,,965.6,,1.2,,0,0,0,0,0,0,0,,,,
KLO,2012,11,18,21,3.1,,,,,,,,965.7,,0.5,,0,0,0,0,0,0,0,,,,
KLO,2012,11,18,22,3.5,,,,,,,,965.6,,0.8,,0,0,0,0,0,0,0,,,,
KLO,2012,11,18,23,3.5,,,,,,,,965.8,,0.9,,0,0,0,0,0,0,0,,,,
KLO,2012,11,19,0,3.6,,,,,,,,965.8,,1.2,,0,0,0,0,0,0,0,,,,
KLO,2012,11,19,1,3.5,,,,,,,,965.8,,0.6,,0,0,0,0,0,0,0,,,,
KLO,2012,11,19,2,3.6,,,,,,,,965.8,,0.5,,0,0,0,0,0,0,0,,,,
KLO,2012,11,19,3,3.6,,,,,,,,965.7,,1.7,,0,0,0,0,0,0,0,,,,
KLO,2012,11,19,4,3.6,,,,,,,,965.8,,1.8,,0,0,0,0,0,0,0,,,,
KLO,2012,11,19,5,3.6,,,,,,,,966,,2.1,,0,0,0,0,0,0,0,,,,
KLO,2012,11,19,6,3.6,,,,,,,,966.3,,1.2,,0,0,0,0,0,0,0,,,,
KLO,2012,11,19,7,3.5,,,,,,,,966.5,,0.8,,7,0,0,0,0,0,0,,,,
KLO,2012,11,19,8,3.5,,,,,,,,966.7,,1,,32,0,0,0,0,0,0,,,,
KLO,2012,11,19,9,4,,,,,,,,966.8,,1.1,,66,10.8,64,0,0,0,0,,,,
KLO,2012,11,19,10,4.3,,,,,,,,966.9,,1.1,,72,4,70.8,0,0,0,0,,,,
KLO,2012,11,19,11,4.7,,,,,,,,966.5,,0.9,,106,5.6,104,0,0,0,0,,,,
KLO,2012,11,19,12,5.1,,,,,,,,966.2,,0.5,,109,5,107,0,0,0,0,,,,
KLO,2012,11,19,13,5.5,,,,,,,,966.2,,0.8,,83,3.1,81.8,0,0,0,0,,,,
KLO,2012,11,19,14,5.5,,,,,,,,966.2,,0.7,,65,2.7,64.2,0,0,0,0,,,,
KLO,2012,11,19,15,5.5,,,,,,,,966.5,,0.8,,15,0.3,14.9,0,0,0,0,,,,
KLO,2012,11,19,16,5.1,,,,,,,,966.8,,1.5,,0,0,0,0,0,0,0,,,,
KLO,2012,11,19,17,4.9,,,,,,,,967.2,,1,,0,0,0,0,0,0,0,,,,
KLO,2012,11,19,18,4.8,,,,,,,,967.4,,1.1,,0,0,0,0,0,0,0,,,,
KLO,2012,11,19,19,5,,,,,,,,967.6,,0.4,,0,0,0,0,0,0,0,,,,
KLO,2012,11,19,20,4.7,,,,,,,,967.8,,1.5,,0,0,0,0,0,0,0,,,,
KLO,2012,11,19,21,4.6,,,,,,,,968.1,,0.7,,0,0,0,0,0,0,0,,,,
KLO,2012,11,19,22,4.4,,,,,,,,968.2,,1,,0,0,0,0,0,0,0,,,,
KLO,2012,11,19,23,4,,,,,,,,968.3,,1.8,,0,0,0,0,0,0,0,,,,
KLO,2012,11,20,0,3.8,,,,,,,,968.4,,1.5,,0,0,0,0,0,0,0,,,,
KLO,2012,11,20,1,3.6,,,,,,,,968.6,,1.5,,0,0,0,0,0,0,0,,,,
KLO,2012,11,20,2,3.7,,,,,,,,968.6,,1.1,,0,0,0,0,0,0,0,,,,
KLO,2012,11,20,3,3.9,,,,,,,,968.5,,0.6,,0,0,0,0,0,0,0,,,,
KLO,2012,11,20,4,4,,,,,,,,968.6,,0.6,,0,0,0,0,0,0,0,,,,
KLO,2012,11,20,5,3.7,,,,,,,,968.7,,1.2,,0,0,0,0,0,0,0,,,,
KLO,2012,11,20,6,3.6,,,,,,,,968.7,,1,,0,0,0,0,0,0,0,,,,
KLO,2012,11,20,7,3.5,,,,,,,,969.1,,0.7,,6,0,0,0,0,0,0,,,,
KLO,2012,11,20,8,3.5,,,,,,,,969.3,,0.8,,29,0,0,0,0,0,0,,,,
KLO,2012,11,20,9,3.6,,,,,,,,969.5,,0.7,,58,7.2,56.7,0,0,0,0,,,,
KLO,2012,11,20,10,3.8,,,,,,,,969.5,,1.2,,88,6.2,86.2,0,0,0,0,,,,
KLO,2012,11,20,11,3.9,,,,,,,,969.3,,1.1,,108,5.9,105.9,0,0,0,0,,,,
KLO,2012,11,20,12,4.4,,,,,,,,968.9,,0.8,,122,6.6,119.5,0,0,0,0,,,,
KLO,2012,11,20,13,4.6,,,,,,,,968.6,,0.9,,108,5.4,106,0,0,0,0,,,,
KLO,2012,11,20,14,4.8,,,,,,,,968.4,,0.6,,64,2.6,63.2,0,0,0,0,,,,
KLO,2012,11,20,15,4.7,,,,,,,,968.4,,1.7,,17,0.4,16.9,0,0,0,0,,,,
KLO,2012,11,20,16,4.2,,,,,,,,968.5,,2.1,,0,0,0,0,0,0,0,,,,
KLO,2012,11,20,17,3.7,,,,,,,,968.8,,2.6,,0,0,0,0,0,0,0,,,,
KLO,2012,11,20,18,3.3,,,,,,,,968.9,,2,,0,0,0,0,0,0,0,,,,
KLO,2012,11,20,19,2.8,,,,,,,,969.2,,2.4,,0,0,0,0,0,0,0,,,,
KLO,2012,11,20,20,2.7,,,,,,,,969.2,,2.5,,0,0,0,0,0,0,0,,,,
KLO,2012,11,20,21,2.8,,,,,,,,968.9,,1.2,,0,0,0,0,0,0,0,,,,
KLO,2012,11,20,22,3,,,,,,,,968.7,,0.6,,0,0,0,0,0,0,0,,,,
KLO,2012,11,20,23,3,,,,,,,,968.5,,1.1,,0,0,0,0,0,0,0,,,,
KLO,2012,11,21,0,3,,,,,,,,968.2,,1,,0,0,0,0,0,0,0,,,,
KLO,2012,11,21,1,2.7,,,,,,,,968.1,,0.8,,0,0,0,0,0,0,0,,,,
KLO,2012,11,21,2,2.6,,,,,,,,968.1,,1.3,,0,0,0,0,0,0,0,,,,
KLO,2012,11,21,3,2.3,,,,,,,,967.6,,1.7,,0,0,0,0,0,0,0,,,,
KLO,2012,11,21,4,2,,,,,,,,967.4,,0.9,,0,0,0,0,0,0,0,,,,
KLO,2012,11,21,5,1.9,,,,,,,,967.5,,1,,0,0,0,0,0,0,0,,,,
KLO,2012,11,21,6,1.9,,,,,,,,967.8,,0.9,,0,0,0,0,0,0,0,,,,
KLO,2012,11,21,7,2,,,,,,,,968.1,,0.7,,7,0,0,0,0,0,0,,,,
KLO,2012,11,21,8,2.4,,,,,,,,968.3,,0.4,,28,0,0,0,0,0,0,,,,
KLO,2012,11,21,9,2.7,,,,,,,,968.4,,0.3,,52,5.7,51,0,0,0,0,,,,
KLO,2012,11,21,10,3,,,,,,,,968.3,,0.4,,95,8.1,92.7,0,0,0,0,,,,
KLO,2012,11,21,11,3.3,,,,,,,,968.1,,0.9,,111,6.5,108.7,0,0,0,0,,,,
KLO,2012,11,21,12,3.6,,,,,,,,968.2,,0.8,,160,21.2,151.9,0,0,0,0,,,,
KLO,2012,11,21,13,4.3,,,,,,,,968.3,,0.9,,154,20.9,146.3,0,0,0,0,,,,
KLO,2012,11,21,14,4.7,,,,,,,,968.7,,1.9,,128,18.7,122.1,0,0,0,0,,,,
KLO,2012,11,21,15,3.7,,,,,,,,969.3,,2.8,,22,0.6,21.9,0,0,0,0,,,,
KLO,2012,11,21,16,3,,,,,,,,969.8,,2.3,,0,0,0,0,0,0,0,,,,
KLO,2012,11,21,17,3.3,,,,,,,,970.5,,2.2,,0,0,0,0,0,0,0,,,,
KLO,2012,11,21,18,2.8,,,,,,,,971,,1.7,,0,0,0,0,0,0,0,,,,
KLO,2012,11,21,19,3.2,,,,,,,,971.4,,1,,0,0,0,0,0,0,0,,,,
KLO,2012,11,21,20,2.5,,,,,,,,971.9,,1,,0,0,0,0,0,0,0,,,,
KLO,2012,11,21,21,2.8,,,,,,,,972.3,,0.3,,0,0,0,0,0,0,0,,,,
KLO,2012,11,21,22,3.4,,,,,,,,972.6,,0.8,,0,0,0,0,0,0,0,,,,
KLO,2012,11,21,23,4.1,,,,,,,,973.1,,1.8,,0,0,0,0,0,0,0,,,,
KLO,2012,11,22,0,4.4,,,,,,,,973.2,,1.7,,0,0,0,0,0,0,0,,,,
KLO,2012,11,22,1,4.7,,,,,,,,973.3,,1.4,,0,0,0,0,0,0,0,,,,
KLO,2012,11,22,2,4.9,,,,,,,,973.3,,0.6,,0,0,0,0,0,0,0,,,,
KLO,2012,11,22,3,4.9,,,,,,,,973.3,,0.8,,0,0,0,0,0,0,0,,,,
KLO,2012,11,22,4,4.6,,,,,,,,973.3,,1.4,,0,0,0,0,0,0,0,,,,
KLO,2012,11,22,5,4.5,,,,,,,,973.3,,1.4,,0,0,0,0,0,0,0,,,,
KLO,2012,11,22,6,4.6,,,,,,,,973.5,,1.5,,0,0,0,0,0,0,0,,,,
KLO,2012,11,22,7,4.7,,,,,,,,973.6,,2,,7,0,0,0,0,0,0,,,,
KLO,2012,11,22,8,4.7,,,,,,,,973.9,,2.2,,17,0,0,0,0,0,0,,,,
KLO,2012,11,22,9,4.6,,,,,,,,973.9,,2.3,,19,0.8,18.9,0,0,0,0,,,,
KLO,2012,11,22,10,4.8,,,,,,,,973.9,,2.3,,31,0.8,30.8,0,0,0,0,,,,
KLO,2012,11,22,11,5.5,,,,,,,,973.9,,2,,71,2.7,70.1,0,0,0,0,,,,
KLO,2012,11,22,12,7.7,,,,,,,,972.9,,1.8,,174,33.9,161.2,0,0,0,0,,,,
KLO,2012,11,22,13,8.3,,,,,,,,972.4,,2.4,,104,5.2,102.1,0,0,0,0,,,,
KLO,2012,11,22,14,8.4,,,,,,,,972.3,,2,,79,4.2,77.7,0,0,0,0,,,,
KLO,2012,11,22,15,8.3,,,,,,,,972.3,,1.6,,28,1.1,27.8,0,0,0,0,,,,
KLO,2012,11,22,16,8.2,,,,,,,,972.1,,1.4,,0,0,0,0,0,0,0,,,,
KLO,2012,11,22,17,8.1,,,,,,,,971.8,,1.2,,0,0,0,0,0,0,0,,,,
KLO,2012,11,22,18,8.1,,,,,,,,971.5,,0.8,,0,0,0,0,0,0,0,,,,
KLO,2012,11,22,19,7.9,,,,,,,,971.2,,1.2,,0,0,0,0,0,0,0,,,,
KLO,2012,11,22,20,7.7,,,,,,,,971.1,,1.9,,0,0,0,0,0,0,0,,,,
KLO,2012,11,22,21,7.6,,,,,,,,971.1,,0.8,,0,0,0,0,0,0,0,,,,
KLO,2012,11,22,22,7.6,,,,,,,,971.3,,1.1,,0,0,0,0,0,0,0,,,,
KLO,2012,11,22,23,7.3,,,,,,,,971.4,,0.9,,0,0,0,0,0,0,0,,,,
KLO,2012,11,23,0,7.3,,,,,,,,971.2,,1.8,,0,0,0,0,0,0,0,,,,
KLO,2012,11,23,1,7.1,,,,,,,,971.3,,1.8,,0,0,0,0,0,0,0,,,,
KLO,2012,11,23,2,7,,,,,,,,971.1,,2.1,,0,0,0,0,0,0,0,,,,
KLO,2012,11,23,3,5.6,,,,,,,,970.7,,2.3,,0,0,0,0,0,0,0,,,,
KLO,2012,11,23,4,4.9,,,,,,,,970.5,,1.6,,0,0,0,0,0,0,0,,,,
KLO,2012,11,23,5,4,,,,,,,,970.5,,1.2,,0,0,0,0,0,0,0,,,,
KLO,2012,11,23,6,3.6,,,,,,,,970.7,,1.8,,1,0,0,0,0,0,0,,,,
KLO,2012,11,23,7,3.4,,,,,,,,970.9,,1.8,,20,0,0,0,0,0,0,,,,
KLO,2012,11,23,8,4.8,,,,,,,,971,,1.9,,77,0,0,0,0,0,0,,,,
KLO,2012,11,23,9,6.4,,,,,,,,971.2,,1.9,,191,954.1,31.5,0,0,0,0,,,,
KLO,2012,11,23,10,7.6,,,,,,,,971.3,,0.9,,232,482.1,100,0,0,0,0,,,,
KLO,2012,11,23,11,9.1,,,,,,,,971,,2.1,,274,385.8,140.9,0,0,0,0,,,,
KLO,2012,11,23,12,10.4,,,,,,,,970.6,,2.7,,310,443.6,143.6,0,0,0,0,,,,
KLO,2012,11,23,13,10.4,,,,,,,,970.2,,2.8,,176,44.6,159.8,0,0,0,0,,,,
KLO,2012,11,23,14,10.1,,,,,,,,970.3,,2.2,,85,4.9,83.5,0,0,0,0,,,,
KLO,2012,11,23,15,9.4,,,,,,,,970.6,,1.5,,23,0.7,22.8,0,0,0,0,,,,
KLO,2012,11,23,16,8,,,,,,,,970.7,,2.2,,0,0,0,0,0,0,0,,,,
KLO,2012,11,23,17,8,,,,,,,,971.3,,1.4,,0,0,0,0,0,0,0,,,,
KLO,2012,11,23,18,7.1,,,,,,,,971.5,,2.3,,0,0,0,0,0,0,0,,,,
KLO,2012,11,23,19,6.7,,,,,,,,971.6,,1.9,,0,0,0,0,0,0,0,,,,
KLO,2012,11,23,20,6.9,,,,,,,,971.5,,2.3,,0,0,0,0,0,0,0,,,,
KLO,2012,11,23,21,6.4,,,,,,,,971.6,,1.3,,0,0,0,0,0,0,0,,,,
KLO,2012,11,23,22,6,,,,,,,,971.4,,1.1,,0,0,0,0,0,0,0,,,,
KLO,2012,11,23,23,5.2,,,,,,,,970.9,,1.5,,0,0,0,0,0,0,0,,,,
KLO,2012,11,24,0,4.9,,,,,,,,970.3,,1.8,,0,0,0,0,0,0,0,,,,
KLO,2012,11,24,1,5,,,,,,,,970.2,,2.2,,0,0,0,0,0,0,0,,,,
KLO,2012,11,24,2,4.9,,,,,,,,970.3,,1.9,,0,0,0,0,0,0,0,,,,
KLO,2012,11,24,3,4.9,,,,,,,,970.3,,1.9,,0,0,0,0,0,0,0,,,,
KLO,2012,11,24,4,5.2,,,,,,,,970.6,,2,,0,0,0,0,0,0,0,,,,
KLO,2012,11,24,5,5.3,,,,,,,,970.5,,1.9,,0,0,0,0,0,0,0,,,,
KLO,2012,11,24,6,5.2,,,,,,,,970.4,,1.3,,0,0,0,0,0,0,0,,,,
KLO,2012,11,24,7,5,,,,,,,,970.5,,0.8,,13,0,0,0,0,0,0,,,,
KLO,2012,11,24,8,5.9,,,,,,,,970.6,,1.3,,71,0,0,0,0,0,0,,,,
KLO,2012,11,24,9,7.2,,,,,,,,970.5,,1.4,,238,1214.7,39.3,0,0,0,0,,,,
KLO,2012,11,24,10,9,,,,,,,,970.1,,0.6,,289,882.5,50.4,0,0,0,0,,,,
KLO,2012,11,24,11,10.1,,,,,,,,969.1,,1.2,,287,469.3,126.7,0,0,0,0,,,,
KLO,2012,11,24,12,10.7,,,,,,,,968.3,,1.8,,197,68.3,171.6,0,0,0,0,,,,
KLO,2012,11,24,13,10.7,,,,,,,,967.6,,2.7,,192,71.2,166.4,0,0,0,0,,,,
KLO,2012,11,24,14,10.1,,,,,,,,967.4,,2.3,,80,4.4,78.7,0,0,0,0,,,,
KLO,2012,11,24,15,9.8,,,,,,,,967.4,,1.4,,22,0.7,21.9,0,0,0,0,,,,
KLO,2012,11,24,16,8.3,,,,,,,,967.1,,0.7,,0,0,0,0,0,0,0,,,,
KLO,2012,11,24,17,7.9,,,,,,,,966.8,,1.4,,0,0,0,0,0,0,0,,,,
KLO,2012,11,24,18,7.8,,,,,,,,966.5,,1.7,,0,0,0,0,0,0,0,,,,
KLO,2012,11,24,19,7,,,,,,,,966.1,,1.5,,0,0,0,0,0,0,0,,,,
KLO,2012,11,24,20,6.7,,,,,,,,966.2,,1.7,,0,0,0,0,0,0,0,,,,
KLO,2012,11,24,21,6.5,,,,,,,,966.5,,0.8,,0,0,0,0,0,0,0,,,,
KLO,2012,11,24,22,6.8,,,,,,,,966.9,,1.7,,0,0,0,0,0,0,0,,,,
KLO,2012,11,24,23,6.9,,,,,,,,967.2,,2.4,,0,0,0,0,0,0,0,,,,
KLO,2012,11,25,0,6.7,,,,,,,,967.1,,2.3,,0,0,0,0,0,0,0,,,,
KLO,2012,11,25,1,6.2,,,,,,,,967.3,,1.8,,0,0,0,0,0,0,0,,,,
KLO,2012,11,25,2,6,,,,,,,,967.3,,2.5,,0,0,0,0,0,0,0,,,,
KLO,2012,11,25,3,5.7,,,,,,,,967.1,,3.3,,0,0,0,0,0,0,0,,,,
KLO,2012,11,25,4,8,,,,,,,,966.9,,4.6,,0,0,0,0,0,0,0,,,,
KLO,2012,11,25,5,9.6,,,,,,,,966.8,,5.6,,0,0,0,0,0,0,0,,,,
KLO,2012,11,25,6,10,,,,,,,,967,,5.1,,0,0,0,0,0,0,0,,,,
KLO,2012,11,25,7,10.4,,,,,,,,967.2,,3.3,,12,0,0,0,0,0,0,,,,
KLO,2012,11,25,8,11.7,,,,,,,,967.4,,5.3,,50,0,0,0,0,0,0,,,,
KLO,2012,11,25,9,12.2,,,,,,,,967.5,,5.5,,71,28.1,66.5,0,0,0,0,,,,
KLO,2012,11,25,10,12.8,,,,,,,,967.6,,4.6,,130,45.1,118,0,0,0,0,,,,
KLO,2012,11,25,11,13.2,,,,,,,,967.5,,4,,112,7.5,109.4,0,0,0,0,,,,
KLO,2012,11,25,12,12.4,,,,,,,,967.9,,4.3,,83,3.3,81.8,0,0,0,0,,,,
KLO,2012,11,25,13,11.6,,,,,,,,967.9,,2.7,,73,2.7,72,0,0,0,0,,,,
KLO,2012,11,25,14,11.4,,,,,,,,967.8,,1.3,,41,1.2,40.6,0,0,0,0,,,,
KLO,2012,11,25,15,11,,,,,,,,967.6,,1.2,,16,0.4,15.9,0,0,0,0,,,,
KLO,2012,11,25,16,9.7,,,,,,,,967.3,,1.6,,0,0,0,0,0,0,0,,,,
KLO,2012,11,25,17,9.6,,,,,,,,967,,1,,0,0,0,0,0,0,0,,,,
KLO,2012,11,25,18,10.2,,,,,,,,967.1,,1.3,,0,0,0,0,0,0,0,,,,
KLO,2012,11,25,19,9.7,,,,,,,,967.2,,1.5,,0,0,0,0,0,0,0,,,,
KLO,2012,11,25,20,9.6,,,,,,,,966.9,,1,,0,0,0,0,0,0,0,,,,
KLO,2012,11,25,21,8.7,,,,,,,,966.6,,1.1,,0,0,0,0,0,0,0,,,,
KLO,2012,11,25,22,8.5,,,,,,,,965.9,,0.7,,0,0,0,0,0,0,0,,,,
KLO,2012,11,25,23,8.4,,,,,,,,965.5,,2,,0,0,0,0,0,0,0,,,,
KLO,2012,11,26,0,8.3,,,,,,,,964.9,,1.2,,0,0,0,0,0,0,0,,,,
KLO,2012,11,26,1,8,,,,,,,,964.4,,1,,0,0,0,0,0,0,0,,,,
KLO,2012,11,26,2,7.9,,,,,,,,963.8,,1.3,,0,0,0,0,0,0,0,,,,
KLO,2012,11,26,3,8,,,,,,,,963.1,,1.5,,0,0,0,0,0,0,0,,,,
KLO,2012,11,26,4,8.2,,,,,,,,962.5,,1.7,,0,0,0,0,0,0,0,,,,
KLO,2012,11,26,5,8,,,,,,,,962.2,,1.7,,0,0,0,0,0,0,0,,,,
KLO,2012,11,26,6,7.9,,,,,,,,962.2,,0.4,,0,0,0,0,0,0,0,,,,
KLO,2012,11,26,7,8.2,,,,,,,,962.2,,1.2,,8,0,0,0,0,0,0,,,,
KLO,2012,11,26,8,8.7,,,,,,,,961.7,,1.3,,37,0,0,0,0,0,0,,,,
KLO,2012,11,26,9,8.9,,,,,,,,961.7,,1.4,,31,2.5,30.6,0,0,0,0,,,,
KLO,2012,11,26,10,9.1,,,,,,,,961.4,,0.8,,42,1.6,41.6,0,0,0,0,,,,
KLO,2012,11,26,11,9.4,,,,,,,,960.4,,1.3,,72,3,71,0,0,0,0,,,,
KLO,2012,11,26,12,9.5,,,,,,,,959.4,,1.6,,58,1.6,57.4,0,0,0,0,,,,
KLO,2012,11,26,13,9.7,,,,,,,,958.2,,1.8,,53,1.4,52.5,0,0,0,0,,,,
KLO,2012,11,26,14,9.4,,,,,,,,957.5,,1.8,,39,1.1,38.7,0,0,0,0,,,,
KLO,2012,11,26,15,9.1,,,,,,,,957.3,,1.9,,13,0.3,12.9,0,0,0,0,,,,
KLO,2012,11,26,16,8.6,,,,,,,,957.4,,1.3,,0,0,0,0,0,0,0,,,,
KLO,2012,11,26,17,8.6,,,,,,,,957.5,,0.8,,0,0,0,0,0,0,0,,,,
KLO,2012,11,26,18,9.1,,,,,,,,958,,2.6,,0,0,0,0,0,0,0,,,,
KLO,2012,11,26,19,8.6,,,,,,,,957.9,,1.8,,0,0,0,0,0,0,0,,,,
KLO,2012,11,26,20,8.5,,,,,,,,958,,1.9,,0,0,0,0,0,0,0,,,,
KLO,2012,11,26,21,8.2,,,,,,,,958.4,,3.6,,0,0,0,0,0,0,0,,,,
KLO,2012,11,26,22,7.4,,,,,,,,958.7,,3.8,,0,0,0,0,0,0,0,,,,
KLO,2012,11,26,23,7.1,,,,,,,,958.8,,2.2,,0,0,0,0,0,0,0,,,,
KLO,2012,11,27,0,7,,,,,,,,958.2,,1.2,,0,0,0,0,0,0,0,,,,
KLO,2012,11,27,1,6.5,,,,,,,,957.6,,1.4,,0,0,0,0,0,0,0,,,,
KLO,2012,11,27,2,6.4,,,,,,,,957.4,,1.5,,0,0,0,0,0,0,0,,,,
KLO,2012,11,27,3,6.1,,,,,,,,956.8,,0.8,,0,0,0,0,0,0,0,,,,
KLO,2012,11,27,4,5.8,,,,,,,,956.6,,0.6,,0,0,0,0,0,0,0,,,,
KLO,2012,11,27,5,5.7,,,,,,,,956.6,,0.9,,0,0,0,0,0,0,0,,,,
KLO,2012,11,27,6,5.5,,,,,,,,956.9,,1.2,,0,0,0,0,0,0,0,,,,
KLO,2012,11,27,7,5.7,,,,,,,,956.9,,0.6,,11,0,0,0,0,0,0,,,,
KLO,2012,11,27,8,6.1,,,,,,,,956.9,,0.8,,79,0,0,0,0,0,0,,,,
KLO,2012,11,27,9,6.3,,,,,,,,956.8,,1.3,,81,66.9,70.7,0,0,0,0,,,,
KLO,2012,11,27,10,6.6,,,,,,,,956.6,,1.6,,87,7.8,85,0,0,0,0,,,,
KLO,2012,11,27,11,6.8,,,,,,,,956.2,,1.9,,105,6.6,102.8,0,0,0,0,,,,
KLO,2012,11,27,12,6.5,,,,,,,,956,,2.7,,84,3.4,82.8,0,0,0,0,,,,
KLO,2012,11,27,13,6.5,,,,,,,,955.7,,2.5,,90,4.2,88.5,0,0,0,0,,,,
KLO,2012,11,27,14,6.4,,,,,,,,955.3,,0.9,,59,2.5,58.2,0,0,0,0,,,,
KLO,2012,11,27,15,6.4,,,,,,,,955.3,,1.1,,12,0.2,12,0,0,0,0,,,,
KLO,2012,11,27,16,6.1,,,,,,,,955.2,,1.2,,0,0,0,0,0,0,0,,,,
KLO,2012,11,27,17,6,,,,,,,,955,,1.4,,0,0,0,0,0,0,0,,,,
KLO,2012,11,27,18,5.9,,,,,,,,955,,2.4,,0,0,0,0,0,0,0,,,,
KLO,2012,11,27,19,5.7,,,,,,,,954.8,,2.1,,0,0,0,0,0,0,0,,,,
KLO,2012,11,27,20,5.7,,,,,,,,954.7,,0.9,,0,0,0,0,0,0,0,,,,
KLO,2012,11,27,21,5.7,,,,,,,,954.5,,1,,0,0,0,0,0,0,0,,,,
KLO,2012,11,27,22,5.6,,,,,,,,954.1,,0.5,,0,0,0,0,0,0,0,,,,
KLO,2012,11,27,23,5.6,,,,,,,,953.6,,0.9,,0,0,0,0,0,0,0,,,,
KLO,2012,11,28,0,5.6,,,,,,,,953,,0.8,,0,0,0,0,0,0,0,,,,
KLO,2012,11,28,1,5.8,,,,,,,,952.7,,1.5,,0,0,0,0,0,0,0,,,,
KLO,2012,11,28,2,5.8,,,,,,,,952.4,,1.8,,0,0,0,0,0,0,0,,,,
KLO,2012,11,28,3,5.9,,,,,,,,951.7,,0.9,,0,0,0,0,0,0,0,,,,
KLO,2012,11,28,4,6,,,,,,,,951.5,,0.4,,0,0,0,0,0,0,0,,,,
KLO,2012,11,28,5,6.4,,,,,,,,950.7,,1.7,,0,0,0,0,0,0,0,,,,
KLO,2012,11,28,6,6.7,,,,,,,,950.7,,3.8,,0,0,0,0,0,0,0,,,,
KLO,2012,11,28,7,6.6,,,,,,,,950.7,,3.2,,0,0,0,0,0,0,0,,,,
KLO,2012,11,28,8,6.4,,,,,,,,950.6,,4.5,,5,0,0,0,0,0,0,,,,
KLO,2012,11,28,9,6.2,,,,,,,,950.3,,4.4,,15,0.6,14.9,0,0,0,0,,,,
KLO,2012,11,28,10,6,,,,,,,,949.9,,4.3,,26,0.7,25.8,0,0,0,0,,,,
KLO,2012,11,28,11,5.8,,,,,,,,949,,3.6,,35,0.7,34.8,0,0,0,0,,,,
KLO,2012,11,28,12,5.7,,,,,,,,948.6,,4,,40,0.8,39.7,0,0,0,0,,,,
KLO,2012,11,28,13,5.5,,,,,,,,948,,5.3,,34,0.6,33.8,0,0,0,0,,,,
KLO,2012,11,28,14,5.1,,,,,,,,947.6,,5.9,,22,0.4,21.9,0,0,0,0,,,,
KLO,2012,11,28,15,4.9,,,,,,,,947.2,,5.5,,3,0,3,0,0,0,0,,,,
KLO,2012,11,28,16,4.7,,,,,,,,946.9,,4.7,,0,0,0,0,0,0,0,,,,
KLO,2012,11,28,17,4.5,,,,,,,,946.7,,4.4,,0,0,0,0,0,0,0,,,,
KLO,2012,11,28,18,4.1,,,,,,,,946.3,,3.7,,0,0,0,0,0,0,0,,,,
KLO,2012,11,28,19,3.9,,,,,,,,946.2,,3.8,,0,0,0,0,0,0,0,,,,
KLO,2012,11,28,20,3.7,,,,,,,,946,,3.3,,0,0,0,0,0,0,0,,,,
KLO,2012,11,28,21,3.6,,,,,,,,945.9,,2.9,,0,0,0,0,0,0,0,,,,
KLO,2012,11,28,22,3.4,,,,,,,,945.6,,2.5,,0,0,0,0,0,0,0,,,,
KLO,2012,11,28,23,3.3,,,,,,,,945.6,,2.1,,0,0,0,0,0,0,0,,,,
KLO,2012,11,29,0,2.8,,,,,,,,945.4,,1.8,,0,0,0,0,0,0,0,,,,
KLO,2012,11,29,1,1.9,,,,,,,,945.7,,1.8,,0,0,0,0,0,0,0,,,,
KLO,2012,11,29,2,0.8,,,,,,,,946.1,,0.9,,0,0,0,0,0,0,0,,,,
KLO,2012,11,29,3,0.5,,,,,,,,946.3,,0.5,,0,0,0,0,0,0,0,,,,
KLO,2012,11,29,4,0.6,,,,,,,,946.7,,1.3,,0,0,0,0,0,0,0,,,,
KLO,2012,11,29,5,0.7,,,,,,,,947.4,,1.2,,0,0,0,0,0,0,0,,,,
KLO,2012,11,29,6,0.8,,,,,,,,948.1,,1,,0,0,0,0,0,0,0,,,,
KLO,2012,11,29,7,0.9,,,,,,,,949,,0.4,,1,0,0,0,0,0,0,,,,
KLO,2012,11,29,8,0.9,,,,,,,,949.9,,0.9,,15,0,0,0,0,0,0,,,,
KLO,2012,11,29,9,0.8,,,,,,,,950.6,,0.5,,35,3.6,34.5,0,0,0,0,,,,
KLO,2012,11,29,10,1,,,,,,,,951.1,,0.5,,60,3.6,59.1,0,0,0,0,,,,
KLO,2012,11,29,11,1.1,,,,,,,,951.3,,0.9,,85,4.4,83.6,0,0,0,0,,,,
KLO,2012,11,29,12,1.7,,,,,,,,951.6,,2.4,,78,3.1,76.9,0,0,0,0,,,,
KLO,2012,11,29,13,1.8,,,,,,,,951.7,,1.6,,53,1.5,52.5,0,0,0,0,,,,
KLO,2012,11,29,14,1.9,,,,,,,,952.1,,1.3,,35,0.9,34.7,0,0,0,0,,,,
KLO,2012,11,29,15,1.9,,,,,,,,952.8,,1,,10,0.2,10,0,0,0,0,,,,
KLO,2012,11,29,16,1.8,,,,,,,,953.1,,0.6,,0,0,0,0,0,0,0,,,,
KLO,2012,11,29,17,1.6,,,,,,,,953.4,,0.7,,0,0,0,0,0,0,0,,,,
KLO,2012,11,29,18,1.2,,,,,,,,953.6,,1.1,,0,0,0,0,0,0,0,,,,
KLO,2012,11,29,19,0.6,,,,,,,,953.9,,1.3,,0,0,0,0,0,0,0,,,,
KLO,2012,11,29,20,0.7,,,,,,,,954.1,,0.7,,0,0,0,0,0,0,0,,,,
KLO,2012,11,29,21,0.8,,,,,,,,954.2,,1.2,,0,0,0,0,0,0,0,,,,
KLO,2012,11,29,22,1,,,,,,,,954.3,,0.4,,0,0,0,0,0,0,0,,,,
KLO,2012,11,29,23,0.8,,,,,,,,954.3,,0.7,,0,0,0,0,0,0,0,,,,
KLO,2012,11,30,0,0.6,,,,,,,,954.2,,0.6,,0,0,0,0,0,0,0,,,,
KLO,2012,11,30,1,0.6,,,,,,,,954.4,,0.4,,0,0,0,0,0,0,0,,,,
KLO,2012,11,30,2,0.6,,,,,,,,954.4,,0.5,,0,0,0,0,0,0,0,,,,
KLO,2012,11,30,3,0.6,,,,,,,,954.5,,0.6,,0,0,0,0,0,0,0,,,,
KLO,2012,11,30,4,0.5,,,,,,,,954.7,,1.2,,0,0,0,0,0,0,0,,,,
KLO,2012,11,30,5,0.3,,,,,,,,955.1,,1.3,,0,0,0,0,0,0,0,,,,
KLO,2012,11,30,6,0.2,,,,,,,,955.5,,2,,0,0,0,0,0,0,0,,,,
KLO,2012,11,30,7,0.3,,,,,,,,955.9,,0.7,,16,0,0,0,0,0,0,,,,
KLO,2012,11,30,8,0.4,,,,,,,,956.4,,0.6,,89,0,0,0,0,0,0,,,,
KLO,2012,11,30,9,1,,,,,,,,956.8,,1.9,,229,1329.6,37.8,0,0,0,0,,,,
KLO,2012,11,30,10,1.4,,,,,,,,957.1,,3.2,,182,272.3,113.7,0,0,0,0,,,,
KLO,2012,11,30,11,1.8,,,,,,,,957.1,,3.2,,226,236.2,149.8,0,0,0,0,,,,
KLO,2012,11,30,12,1.9,,,,,,,,957.1,,2.9,,141,16.3,135.2,0,0,0,0,,,,
KLO,2012,11,30,13,1.8,,,,,,,,957.1,,3.1,,100,5.4,98.1,0,0,0,0,,,,
KLO,2012,11,30,14,2.2,,,,,,,,957.4,,3,,172,114.5,138.7,0,0,0,0,,,,
KLO,2012,11,30,15,1.8,,,,,,,,957.9,,2.1,,34,1.9,33.6,0,0,0,0,,,,
KLO,2012,11,30,16,1.2,,,,,,,,958.4,,1.7,,0,0,0,0,0,0,0,,,,
KLO,2012,11,30,17,0.6,,,,,,,,958.9,,2.6,,0,0,0,0,0,0,0,,,,
KLO,2012,11,30,18,0.2,,,,,,,,959.2,,5.7,,0,0,0,0,0,0,0,,,,
KLO,2012,11,30,19,-0.1,,,,,,,,959.6,,6.4,,0,0,0,0,0,0,0,,,,
KLO,2012,11,30,20,-0.5,,,,,,,,959.9,,5.7,,0,0,0,0,0,0,0,,,,
KLO,2012,11,30,21,-0.6,,,,,,,,960.2,,4.6,,0,0,0,0,0,0,0,,,,
KLO,2012,11,30,22,-1.2,,,,,,,,960.6,,1.2,,0,0,0,0,0,0,0,,,,
KLO,2012,11,30,23,-1.6,,,,,,,,960.6,,1.9,,0,0,0,0,0,0,0,,,,
KLO,2012,12,1,0,-2.3,,,,,,,,960.6,,2.8,,0,0,0,0,0,0,0,,,,
KLO,2012,12,1,1,-2.6,,,,,,,,960.5,,1.6,,0,0,0,0,0,0,0,,,,
KLO,2012,12,1,2,-2.5,,,,,,,,960.8,,1.6,,0,0,0,0,0,0,0,,,,
KLO,2012,12,1,3,-3,,,,,,,,961,,1.4,,0,0,0,0,0,0,0,,,,
KLO,2012,12,1,4,-2.4,,,,,,,,961.1,,1.9,,0,0,0,0,0,0,0,,,,
KLO,2012,12,1,5,-2,,,,,,,,961.5,,1.8,,0,0,0,0,0,0,0,,,,
KLO,2012,12,1,6,-1.7,,,,,,,,961.7,,2.8,,0,0,0,0,0,0,0,,,,
KLO,2012,12,1,7,-1.9,,,,,,,,962.1,,3.1,,2,0,0,0,0,0,0,,,,
KLO,2012,12,1,8,-1.8,,,,,,,,962.5,,3.5,,22,0,0,0,0,0,0,,,,
KLO,2012,12,1,9,-1.8,,,,,,,,963,,2.5,,40,5.2,39.3,0,0,0,0,,,,
KLO,2012,12,1,10,-1.7,,,,,,,,963.2,,2.7,,59,3.6,58.1,0,0,0,0,,,,
KLO,2012,12,1,11,-1.4,,,,,,,,963,,3.3,,110,8.6,107.3,0,0,0,0,,,,
KLO,2012,12,1,12,-1.1,,,,,,,,962.9,,3.9,,112,6.7,109.6,0,0,0,0,,,,
KLO,2012,12,1,13,-1,,,,,,,,963,,2.9,,90,4.5,88.5,0,0,0,0,,,,
KLO,2012,12,1,14,-1,,,,,,,,963.2,,2.5,,46,1.6,45.5,0,0,0,0,,,,
KLO,2012,12,1,15,-1.1,,,,,,,,963.5,,2.3,,10,0.2,10,0,0,0,0,,,,
KLO,2012,12,1,16,-1.2,,,,,,,,963.8,,2.2,,0,0,0,0,0,0,0,,,,
KLO,2012,12,1,17,-1.4,,,,,,,,964,,0.7,,0,0,0,0,0,0,0,,,,
KLO,2012,12,1,18,-1.4,,,,,,,,964.2,,0.4,,0,0,0,0,0,0,0,,,,
KLO,2012,12,1,19,-1.6,,,,,,,,964.3,,0.6,,0,0,0,0,0,0,0,,,,
KLO,2012,12,1,20,-1.6,,,,,,,,964.4,,1.3,,0,0,0,0,0,0,0,,,,
KLO,2012,12,1,21,-1.7,,,,,,,,964.6,,1.2,,0,0,0,0,0,0,0,,,,
KLO,2012,12,1,22,-1.8,,,,,,,,964.8,,1.4,,0,0,0,0,0,0,0,,,,
KLO,2012,12,1,23,-2.3,,,,,,,,965,,0.9,,0,0,0,0,0,0,0,,,,
KLO,2012,12,2,0,-3.1,,,,,,,,964.7,,2.1,,0,0,0,0,0,0,0,,,,
KLO,2012,12,2,1,-2.5,,,,,,,,964.4,,1.3,,0,0,0,0,0,0,0,,,,
KLO,2012,12,2,2,-2.3,,,,,,,,964,,2.6,,0,0,0,0,0,0,0,,,,
KLO,2012,12,2,3,-2,,,,,,,,963.4,,2.3,,0,0,0,0,0,0,0,,,,
KLO,2012,12,2,4,-1.6,,,,,,,,962.9,,1.6,,0,0,0,0,0,0,0,,,,
KLO,2012,12,2,5,-1,,,,,,,,962.8,,2,,0,0,0,0,0,0,0,,,,
KLO,2012,12,2,6,-1.1,,,,,,,,962.8,,2.2,,0,0,0,0,0,0,0,,,,
KLO,2012,12,2,7,-1.2,,,,,,,,962.9,,1.1,,2,0,0,0,0,0,0,,,,
KLO,2012,12,2,8,-1.1,,,,,,,,963.2,,0.8,,18,0,0,0,0,0,0,,,,
KLO,2012,12,2,9,-1,,,,,,,,963.5,,1,,48,9,46.8,0,0,0,0,,,,
KLO,2012,12,2,10,-0.6,,,,,,,,963.8,,1.7,,99,17.5,94.7,0,0,0,0,,,,
KLO,2012,12,2,11,-0.2,,,,,,,,963.6,,2.2,,115,10.6,111.6,0,0,0,0,,,,
KLO,2012,12,2,12,0.2,,,,,,,,963.6,,3.5,,246,241.5,161.7,0,0,0,0,,,,
KLO,2012,12,2,13,0.4,,,,,,,,963.7,,2.8,,240,247.1,156.3,0,0,0,0,,,,
KLO,2012,12,2,14,0.2,,,,,,,,963.9,,3.1,,54,2.3,53.3,0,0,0,0,,,,
KLO,2012,12,2,15,-0.1,,,,,,,,964.3,,2.6,,11,0.2,11,0,0,0,0,,,,
KLO,2012,12,2,16,-0.3,,,,,,,,964.5,,1.6,,0,0,0,0,0,0,0,,,,
KLO,2012,12,2,17,-0.4,,,,,,,,965,,0.9,,0,0,0,0,0,0,0,,,,
KLO,2012,12,2,18,-0.3,,,,,,,,965.5,,1.2,,0,0,0,0,0,0,0,,,,
KLO,2012,12,2,19,-0.4,,,,,,,,966,,1.6,,0,0,0,0,0,0,0,,,,
KLO,2012,12,2,20,-0.6,,,,,,,,966.4,,1.7,,0,0,0,0,0,0,0,,,,
KLO,2012,12,2,21,-0.4,,,,,,,,966.9,,2.1,,0,0,0,0,0,0,0,,,,
KLO,2012,12,2,22,-0.7,,,,,,,,967.5,,2.1,,0,0,0,0,0,0,0,,,,
KLO,2012,12,2,23,-0.8,,,,,,,,967.8,,2.6,,0,0,0,0,0,0,0,,,,
KLO,2012,12,3,0,-0.8,,,,,,,,968,,3,,0,0,0,0,0,0,0,,,,
KLO,2012,12,3,1,-0.9,,,,,,,,968.3,,2.5,,0,0,0,0,0,0,0,,,,
KLO,2012,12,3,2,-1,,,,,,,,968.7,,1.9,,0,0,0,0,0,0,0,,,,
KLO,2012,12,3,3,-0.9,,,,,,,,968.9,,1.8,,0,0,0,0,0,0,0,,,,
KLO,2012,12,3,4,-1.5,,,,,,,,969.3,,2,,0,0,0,0,0,0,0,,,,
KLO,2012,12,3,5,-1.8,,,,,,,,969.5,,0.8,,0,0,0,0,0,0,0,,,,
KLO,2012,12,3,6,-3.6,,,,,,,,969.7,,1,,0,0,0,0,0,0,0,,,,
KLO,2012,12,3,7,-4.3,,,,,,,,969.8,,1.7,,16,0,0,0,0,0,0,,,,
KLO,2012,12,3,8,-3.8,,,,,,,,969.9,,1.6,,113,0,0,0,0,0,0,,,,
KLO,2012,12,3,9,-1.9,,,,,,,,969.5,,1.2,,210,1299.2,34.6,0,0,0,0,,,,
KLO,2012,12,3,10,-0.1,,,,,,,,968.6,,2.6,,283,975.9,46.7,0,0,0,0,,,,
KLO,2012,12,3,11,0.3,,,,,,,,967.7,,4.5,,182,102.4,149.8,0,0,0,0,,,,
KLO,2012,12,3,12,0.2,,,,,,,,967,,4,,95,4.8,93.3,0,0,0,0,,,,
KLO,2012,12,3,13,-0.8,,,,,,,,966.1,,3.9,,53,1.6,52.5,0,0,0,0,,,,
KLO,2012,12,3,14,-0.7,,,,,,,,965,,4.6,,31,0.8,30.8,0,0,0,0,,,,
KLO,2012,12,3,15,-0.4,,,,,,,,964.3,,4.2,,7,0.1,7,0,0,0,0,,,,
KLO,2012,12,3,16,-0.1,,,,,,,,963.8,,3.6,,0,0,0,0,0,0,0,,,,
KLO,2012,12,3,17,0.5,,,,,,,,963.4,,4.2,,0,0,0,0,0,0,0,,,,
KLO,2012,12,3,18,1.2,,,,,,,,962.8,,3.8,,0,0,0,0,0,0,0,,,,
KLO,2012,12,3,19,1.5,,,,,,,,961.8,,3.6,,0,0,0,0,0,0,0,,,,
KLO,2012,12,3,20,2.1,,,,,,,,960.8,,4,,0,0,0,0,0,0,0,,,,
KLO,2012,12,3,21,2.4,,,,,,,,960.5,,4.2,,0,0,0,0,0,0,0,,,,
KLO,2012,12,3,22,2.7,,,,,,,,960.1,,3.9,,0,0,0,0,0,0,0,,,,
KLO,2012,12,3,23,3.4,,,,,,,,959.6,,6.4,,0,0,0,0,0,0,0,,,,
KLO,2012,12,4,0,3.4,,,,,,,,958.8,,5.6,,0,0,0,0,0,0,0,,,,
KLO,2012,12,4,1,3.6,,,,,,,,957.6,,3.2,,0,0,0,0,0,0,0,,,,
KLO,2012,12,4,2,3.3,,,,,,,,956.7,,1.3,,0,0,0,0,0,0,0,,,,
KLO,2012,12,4,3,2.7,,,,,,,,955,,3,,0,0,0,0,0,0,0,,,,
KLO,2012,12,4,4,3.5,,,,,,,,953.4,,4.5,,0,0,0,0,0,0,0,,,,
KLO,2012,12,4,5,3.8,,,,,,,,952.6,,4.7,,0,0,0,0,0,0,0,,,,
KLO,2012,12,4,6,4,,,,,,,,952.1,,4.6,,0,0,0,0,0,0,0,,,,
KLO,2012,12,4,7,5.2,,,,,,,,952.4,,9.7,,6,0,0,0,0,0,0,,,,
KLO,2012,12,4,8,4.8,,,,,,,,953.7,,7.9,,35,0,0,0,0,0,0,,,,
KLO,2012,12,4,9,5.1,,,,,,,,954.9,,6.3,,83,147.9,63.4,0,0,0,0,,,,
KLO,2012,12,4,10,5.6,,,,,,,,955.3,,5.7,,191,387.9,98.1,0,0,0,0,,,,
KLO,2012,12,4,11,5.4,,,,,,,,954.5,,6.3,,198,155,149.6,0,0,0,0,,,,
KLO,2012,12,4,12,4.8,,,,,,,,954.5,,4.9,,134,14.5,129,0,0,0,0,,,,
KLO,2012,12,4,13,4.5,,,,,,,,954.1,,3.5,,55,1.7,54.4,0,0,0,0,,,,
KLO,2012,12,4,14,3.6,,,,,,,,954,,3.3,,15,0.2,14.9,0,0,0,0,,,,
KLO,2012,12,4,15,3,,,,,,,,954.3,,3.2,,3,0,3,0,0,0,0,,,,
KLO,2012,12,4,16,3,,,,,,,,954.6,,4.1,,0,0,0,0,0,0,0,,,,
KLO,2012,12,4,17,3,,,,,,,,955.4,,4,,0,0,0,0,0,0,0,,,,
KLO,2012,12,4,18,2.8,,,,,,,,955.9,,3.5,,0,0,0,0,0,0,0,,,,
KLO,2012,12,4,19,2.6,,,,,,,,956.1,,3,,0,0,0,0,0,0,0,,,,
KLO,2012,12,4,20,2.5,,,,,,,,955.7,,3.2,,0,0,0,0,0,0,0,,,,
KLO,2012,12,4,21,2.1,,,,,,,,955.1,,2.6,,0,0,0,0,0,0,0,,,,
KLO,2012,12,4,22,1.3,,,,,,,,954.7,,2.9,,0,0,0,0,0,0,0,,,,
KLO,2012,12,4,23,1.6,,,,,,,,954.6,,3.1,,0,0,0,0,0,0,0,,,,
KLO,2012,12,5,0,1.7,,,,,,,,954.1,,2.8,,0,0,0,0,0,0,0,,,,
KLO,2012,12,5,1,1.1,,,,,,,,953.8,,3,,0,0,0,0,0,0,0,,,,
KLO,2012,12,5,2,1.1,,,,,,,,953.6,,1.9,,0,0,0,0,0,0,0,,,,
KLO,2012,12,5,3,0.9,,,,,,,,953.3,,1.8,,0,0,0,0,0,0,0,,,,
KLO,2012,12,5,4,1.1,,,,,,,,953.5,,2.5,,0,0,0,0,0,0,0,,,,
KLO,2012,12,5,5,1.2,,,,,,,,953.6,,1.9,,0,0,0,0,0,0,0,,,,
KLO,2012,12,5,6,1.3,,,,,,,,953.8,,2.6,,0,0,0,0,0,0,0,,,,
KLO,2012,12,5,7,1.5,,,,,,,,954.1,,3.5,,13,0,0,0,0,0,0,,,,
KLO,2012,12,5,8,1.5,,,,,,,,954.7,,4.2,,29,0,0,0,0,0,0,,,,
KLO,2012,12,5,9,1.1,,,,,,,,955.2,,2,,26,2.6,25.7,0,0,0,0,,,,
KLO,2012,12,5,10,1.9,,,,,,,,955.5,,1.7,,92,14.4,88.6,0,0,0,0,,,,
KLO,2012,12,5,11,2.8,,,,,,,,955.3,,3.6,,205,186,147.4,0,0,0,0,,,,
KLO,2012,12,5,12,2.9,,,,,,,,955.2,,3.3,,181,66.6,158.2,0,0,0,0,,,,
KLO,2012,12,5,13,2.9,,,,,,,,955.2,,2.9,,86,4.3,84.6,0,0,0,0,,,,
KLO,2012,12,5,14,3,,,,,,,,955.3,,2.9,,82,5.4,80.5,0,0,0,0,,,,
KLO,2012,12,5,15,2.4,,,,,,,,955.4,,2.5,,15,0.4,14.9,0,0,0,0,,,,
KLO,2012,12,5,16,2.1,,,,,,,,955.7,,2.4,,0,0,0,0,0,0,0,,,,
KLO,2012,12,5,17,1.5,,,,,,,,956,,2.3,,0,0,0,0,0,0,0,,,,
KLO,2012,12,5,18,1.3,,,,,,,,956.1,,1.4,,0,0,0,0,0,0,0,,,,
KLO,2012,12,5,19,1.3,,,,,,,,956.1,,1.5,,0,0,0,0,0,0,0,,,,
KLO,2012,12,5,20,1,,,,,,,,955.9,,1.3,,0,0,0,0,0,0,0,,,,
KLO,2012,12,5,21,1.3,,,,,,,,955.9,,1.2,,0,0,0,0,0,0,0,,,,
KLO,2012,12,5,22,1.6,,,,,,,,955.9,,1.9,,0,0,0,0,0,0,0,,,,
KLO,2012,12,5,23,0.9,,,,,,,,956.1,,2.1,,0,0,0,0,0,0,0,,,,
KLO,2012,12,6,0,0.9,,,,,,,,956.4,,1.2,,0,0,0,0,0,0,0,,,,
KLO,2012,12,6,1,0.7,,,,,,,,957.1,,1.6,,0,0,0,0,0,0,0,,,,
KLO,2012,12,6,2,1.1,,,,,,,,957.9,,3.2,,0,0,0,0,0,0,0,,,,
KLO,2012,12,6,3,1,,,,,,,,958.8,,3.5,,0,0,0,0,0,0,0,,,,
KLO,2012,12,6,4,1.1,,,,,,,,959.8,,3.3,,0,0,0,0,0,0,0,,,,
KLO,2012,12,6,5,0.8,,,,,,,,961,,4.3,,0,0,0,0,0,0,0,,,,
KLO,2012,12,6,6,0.1,,,,,,,,962.1,,3.4,,0,0,0,0,0,0,0,,,,
KLO,2012,12,6,7,0.3,,,,,,,,963,,5.2,,2,0,0,0,0,0,0,,,,
KLO,2012,12,6,8,0.4,,,,,,,,964.1,,4.9,,44,0,0,0,0,0,0,,,,
KLO,2012,12,6,9,0.5,,,,,,,,965,,4.6,,79,142.2,61,0,0,0,0,,,,
KLO,2012,12,6,10,0.3,,,,,,,,965.7,,3.7,,105,29.2,98.2,0,0,0,0,,,,
KLO,2012,12,6,11,0.7,,,,,,,,965.9,,3.6,,218,247.2,142,0,0,0,0,,,,
KLO,2012,12,6,12,0.7,,,,,,,,966,,4.4,,318,647,97.8,0,0,0,0,,,,
KLO,2012,12,6,13,-0.8,,,,,,,,966.8,,4.3,,110,7.6,107.5,0,0,0,0,,,,
KLO,2012,12,6,14,0.5,,,,,,,,966.9,,3.9,,215,335.6,121,0,0,0,0,,,,
KLO,2012,12,6,15,-0.5,,,,,,,,967.3,,3.2,,37,2.4,36.5,0,0,0,0,,,,
KLO,2012,12,6,16,-1,,,,,,,,967.7,,2.1,,0,0,0,0,0,0,0,,,,
KLO,2012,12,6,17,-0.6,,,,,,,,967.8,,2.4,,0,0,0,0,0,0,0,,,,
KLO,2012,12,6,18,-1.5,,,,,,,,967.7,,1.2,,0,0,0,0,0,0,0,,,,
KLO,2012,12,6,19,-1.8,,,,,,,,967.6,,1,,0,0,0,0,0,0,0,,,,
KLO,2012,12,6,20,-2.9,,,,,,,,967.5,,0.9,,0,0,0,0,0,0,0,,,,
KLO,2012,12,6,21,-3.3,,,,,,,,967.1,,1,,0,0,0,0,0,0,0,,,,
KLO,2012,12,6,22,-3.5,,,,,,,,966.7,,2.4,,0,0,0,0,0,0,0,,,,
KLO,2012,12,6,23,-3.6,,,,,,,,965.9,,2.3,,0,0,0,0,0,0,0,,,,
KLO,2012,12,7,0,-4.5,,,,,,,,965,,0.8,,0,0,0,0,0,0,0,,,,
KLO,2012,12,7,1,-5.1,,,,,,,,964.1,,0.9,,0,0,0,0,0,0,0,,,,
KLO,2012,12,7,2,-5.4,,,,,,,,963.4,,1.7,,0,0,0,0,0,0,0,,,,
KLO,2012,12,7,3,-5,,,,,,,,962.5,,1.3,,0,0,0,0,0,0,0,,,,
KLO,2012,12,7,4,-4.4,,,,,,,,961.7,,0.7,,0,0,0,0,0,0,0,,,,
KLO,2012,12,7,5,-4.2,,,,,,,,960.7,,0.8,,0,0,0,0,0,0,0,,,,
KLO,2012,12,7,6,-4.2,,,,,,,,959.4,,0.6,,0,0,0,0,0,0,0,,,,
KLO,2012,12,7,7,-4,,,,,,,,958.2,,0.7,,8,0,0,0,0,0,0,,,,
KLO,2012,12,7,8,-3.4,,,,,,,,957.3,,1.1,,57,0,0,0,0,0,0,,,,
KLO,2012,12,7,9,-3.1,,,,,,,,956.3,,1.8,,83,191.9,59.1,0,0,0,0,,,,
KLO,2012,12,7,10,-2.8,,,,,,,,955.5,,0.7,,69,5.7,67.7,0,0,0,0,,,,
KLO,2012,12,7,11,-2.3,,,,,,,,954.7,,1.8,,38,1,37.7,0,0,0,0,,,,
KLO,2012,12,7,12,-1.6,,,,,,,,953.8,,3.9,,43,1,42.7,0,0,0,0,,,,
KLO,2012,12,7,13,-1.7,,,,,,,,953,,5.9,,49,1.4,48.5,0,0,0,0,,,,
KLO,2012,12,7,14,-1,,,,,,,,952.8,,4.9,,31,0.8,30.8,0,0,0,0,,,,
KLO,2012,12,7,15,-1.4,,,,,,,,953.1,,3.1,,2,0,2,0,0,0,0,,,,
KLO,2012,12,7,16,-1.3,,,,,,,,953.6,,1.8,,0,0,0,0,0,0,0,,,,
KLO,2012,12,7,17,-1.2,,,,,,,,954,,1.8,,0,0,0,0,0,0,0,,,,
KLO,2012,12,7,18,-1.1,,,,,,,,954.3,,1.5,,0,0,0,0,0,0,0,,,,
KLO,2012,12,7,19,-0.9,,,,,,,,954.5,,1.5,,0,0,0,0,0,0,0,,,,
KLO,2012,12,7,20,-0.7,,,,,,,,954.8,,1.3,,0,0,0,0,0,0,0,,,,
KLO,2012,12,7,21,-0.4,,,,,,,,954.7,,2,,0,0,0,0,0,0,0,,,,
KLO,2012,12,7,22,-0.1,,,,,,,,954.9,,3,,0,0,0,0,0,0,0,,,,
KLO,2012,12,7,23,-0.2,,,,,,,,955.1,,2.6,,0,0,0,0,0,0,0,,,,
KLO,2012,12,8,0,-0.7,,,,,,,,955.3,,2.5,,0,0,0,0,0,0,0,,,,
KLO,2012,12,8,1,-0.9,,,,,,,,955.5,,1.8,,0,0,0,0,0,0,0,,,,
KLO,2012,12,8,2,-0.7,,,,,,,,956.1,,3.7,,0,0,0,0,0,0,0,,,,
KLO,2012,12,8,3,-1.1,,,,,,,,956.9,,4.3,,0,0,0,0,0,0,0,,,,
KLO,2012,12,8,4,-1.5,,,,,,,,958.1,,3.6,,0,0,0,0,0,0,0,,,,
KLO,2012,12,8,5,-1.5,,,,,,,,959.3,,4.9,,0,0,0,0,0,0,0,,,,
KLO,2012,12,8,6,-1.5,,,,,,,,960.9,,5.1,,0,0,0,0,0,0,0,,,,
KLO,2012,12,8,7,-1.8,,,,,,,,962.6,,3.2,,5,0,0,0,0,0,0,,,,
KLO,2012,12,8,8,-2,,,,,,,,964.1,,2.7,,58,0,0,0,0,0,0,,,,
KLO,2012,12,8,9,-1.7,,,,,,,,965.6,,2.2,,106,519.1,42.7,0,0,0,0,,,,
KLO,2012,12,8,10,-1.4,,,,,,,,967,,2.7,,148,165.1,110.1,0,0,0,0,,,,
KLO,2012,12,8,11,-1.3,,,,,,,,967.9,,1.8,,182,120.8,145.4,0,0,0,0,,,,
KLO,2012,12,8,12,-1.1,,,,,,,,968.4,,1.4,,142,21.5,134.8,0,0,0,0,,,,
KLO,2012,12,8,13,-1.2,,,,,,,,969.1,,1.9,,94,5.2,92.3,0,0,0,0,,,,
KLO,2012,12,8,14,-1.2,,,,,,,,969.7,,1.9,,37,1.1,36.7,0,0,0,0,,,,
KLO,2012,12,8,15,-1.3,,,,,,,,970.5,,0.8,,4,0,4,0,0,0,0,,,,
KLO,2012,12,8,16,-1.7,,,,,,,,971.7,,1.7,,0,0,0,0,0,0,0,,,,
KLO,2012,12,8,17,-1.8,,,,,,,,972.5,,2.2,,0,0,0,0,0,0,0,,,,
KLO,2012,12,8,18,-2.2,,,,,,,,973.4,,2,,0,0,0,0,0,0,0,,,,
KLO,2012,12,8,19,-2.5,,,,,,,,973.9,,1.6,,0,0,0,0,0,0,0,,,,
KLO,2012,12,8,20,-2.6,,,,,,,,974.5,,0.7,,0,0,0,0,0,0,0,,,,
KLO,2012,12,8,21,-3.2,,,,,,,,974.9,,1.4,,0,0,0,0,0,0,0,,,,
KLO,2012,12,8,22,-3,,,,,,,,975.4,,1.4,,0,0,0,0,0,0,0,,,,
KLO,2012,12,8,23,-4.2,,,,,,,,975.4,,0.8,,0,0,0,0,0,0,0,,,,
KLO,2012,12,9,0,-7.6,,,,,,,,975.2,,0.8,,0,0,0,0,0,0,0,,,,
KLO,2012,12,9,1,-10.8,,,,,,,,975.4,,0.8,,0,0,0,0,0,0,0,,,,
KLO,2012,12,9,2,-10.2,,,,,,,,975.5,,0.5,,0,0,0,0,0,0,0,,,,
KLO,2012,12,9,3,-11.7,,,,,,,,975.4,,1.2,,0,0,0,0,0,0,0,,,,
KLO,2012,12,9,4,-10.8,,,,,,,,975.4,,2.4,,0,0,0,0,0,0,0,,,,
KLO,2012,12,9,5,-7.7,,,,,,,,975.2,,2.3,,0,0,0,0,0,0,0,,,,
KLO,2012,12,9,6,-6.2,,,,,,,,975.1,,2.1,,0,0,0,0,0,0,0,,,,
KLO,2012,12,9,7,-5,,,,,,,,974.8,,1.1,,6,0,0,0,0,0,0,,,,
KLO,2012,12,9,8,-5,,,,,,,,974.8,,1.2,,64,0,0,0,0,0,0,,,,
KLO,2012,12,9,9,-3.2,,,,,,,,974.8,,1.5,,123,818.8,25.1,0,0,0,0,,,,
KLO,2012,12,9,10,-2,,,,,,,,974.2,,2.9,,168,289.4,102.2,0,0,0,0,,,,
KLO,2012,12,9,11,-1.5,,,,,,,,973.3,,4.1,,150,49.6,135.1,0,0,0,0,,,,
KLO,2012,12,9,12,-1.3,,,,,,,,972.5,,3.5,,104,6.2,101.9,0,0,0,0,,,,
KLO,2012,12,9,13,-1.1,,,,,,,,971.7,,3.2,,86,4.4,84.6,0,0,0,0,,,,
KLO,2012,12,9,14,-1.2,,,,,,,,971.2,,3.2,,29,0.7,28.8,0,0,0,0,,,,
KLO,2012,12,9,15,-1.1,,,,,,,,970.8,,4.5,,8,0.1,8,0,0,0,0,,,,
KLO,2012,12,9,16,-1.1,,,,,,,,970.3,,4,,0,0,0,0,0,0,0,,,,
KLO,2012,12,9,17,-0.7,,,,,,,,969.6,,4.3,,0,0,0,0,0,0,0,,,,
KLO,2012,12,9,18,-0.9,,,,,,,,968.9,,4.4,,0,0,0,0,0,0,0,,,,
KLO,2012,12,9,19,-0.9,,,,,,,,968.1,,4.1,,0,0,0,0,0,0,0,,,,
KLO,2012,12,9,20,-0.5,,,,,,,,967.6,,4,,0,0,0,0,0,0,0,,,,
KLO,2012,12,9,21,-0.3,,,,,,,,966.9,,5.1,,0,0,0,0,0,0,0,,,,
KLO,2012,12,9,22,-0.3,,,,,,,,966.1,,5.3,,0,0,0,0,0,0,0,,,,
KLO,2012,12,9,23,-0.4,,,,,,,,965.4,,6.2,,0,0,0,0,0,0,0,,,,
KLO,2012,12,10,0,-0.2,,,,,,,,964.6,,5,,0,0,0,0,0,0,0,,,,
KLO,2012,12,10,1,0.2,,,,,,,,964,,5.2,,0,0,0,0,0,0,0,,,,
KLO,2012,12,10,2,0.6,,,,,,,,963.6,,4.5,,0,0,0,0,0,0,0,,,,
KLO,2012,12,10,3,0.7,,,,,,,,963.1,,5.2,,0,0,0,0,0,0,0,,,,
KLO,2012,12,10,4,1.1,,,,,,,,962.6,,4.9,,0,0,0,0,0,0,0,,,,
KLO,2012,12,10,5,1.2,,,,,,,,962.2,,3.7,,0,0,0,0,0,0,0,,,,
KLO,2012,12,10,6,0.9,,,,,,,,962.1,,3.5,,0,0,0,0,0,0,0,,,,
KLO,2012,12,10,7,0.9,,,,,,,,962.1,,3.7,,3,0,0,0,0,0,0,,,,
KLO,2012,12,10,8,1.1,,,,,,,,962.3,,1.8,,39,0,0,0,0,0,0,,,,
KLO,2012,12,10,9,1.6,,,,,,,,962.2,,2.7,,131,932.4,21.6,0,0,0,0,,,,
KLO,2012,12,10,10,2.2,,,,,,,,961.9,,3.7,,249,922.1,41.2,0,0,0,0,,,,
KLO,2012,12,10,11,2.1,,,,,,,,961.9,,3.9,,94,6.4,92.1,0,0,0,0,,,,
KLO,2012,12,10,12,1.5,,,,,,,,961.7,,4.3,,86,4.2,84.6,0,0,0,0,,,,
KLO,2012,12,10,13,1.3,,,,,,,,961.8,,4.4,,66,2.6,65.1,0,0,0,0,,,,
KLO,2012,12,10,14,1.5,,,,,,,,962.2,,4.2,,58,2.8,57.2,0,0,0,0,,,,
KLO,2012,12,10,15,1.6,,,,,,,,962.7,,2.9,,19,0.6,18.9,0,0,0,0,,,,
KLO,2012,12,10,16,1.5,,,,,,,,963.2,,3.6,,0,0,0,0,0,0,0,,,,
KLO,2012,12,10,17,1.4,,,,,,,,963.5,,3.8,,0,0,0,0,0,0,0,,,,
KLO,2012,12,10,18,1.2,,,,,,,,963.9,,3.9,,0,0,0,0,0,0,0,,,,
KLO,2012,12,10,19,1.2,,,,,,,,964.4,,3.7,,0,0,0,0,0,0,0,,,,
KLO,2012,12,10,20,1.1,,,,,,,,964.7,,3.6,,0,0,0,0,0,0,0,,,,
KLO,2012,12,10,21,1.2,,,,,,,,964.9,,3.3,,0,0,0,0,0,0,0,,,,
KLO,2012,12,10,22,0.9,,,,,,,,965.3,,3.3,,0,0,0,0,0,0,0,,,,
KLO,2012,12,10,23,1,,,,,,,,965.7,,2.2,,0,0,0,0,0,0,0,,,,
KLO,2012,12,11,0,0.9,,,,,,,,965.6,,2.1,,0,0,0,0,0,0,0,,,,
KLO,2012,12,11,1,0.6,,,,,,,,966,,3.1,,0,0,0,0,0,0,0,,,,
KLO,2012,12,11,2,-0.6,,,,,,,,966.3,,2.9,,0,0,0,0,0,0,0,,,,
KLO,2012,12,11,3,-1.2,,,,,,,,966.5,,2.8,,0,0,0,0,0,0,0,,,,
KLO,2012,12,11,4,-1.8,,,,,,,,967.1,,3.5,,0,0,0,0,0,0,0,,,,
KLO,2012,12,11,5,-3.2,,,,,,,,967.9,,2.2,,0,0,0,0,0,0,0,,,,
KLO,2012,12,11,6,-2.3,,,,,,,,968.6,,1.6,,0,0,0,0,0,0,0,,,,
KLO,2012,12,11,7,-2.3,,,,,,,,969.2,,1.9,,4,0,0,0,0,0,0,,,,
KLO,2012,12,11,8,-2.6,,,,,,,,969.7,,2.1,,87,0,0,0,0,0,0,,,,
KLO,2012,12,11,9,-1.9,,,,,,,,970.4,,2.7,,232,1681.1,38.3,0,0,0,0,,,,
KLO,2012,12,11,10,-1.5,,,,,,,,970.9,,2.5,,196,534.1,76.7,0,0,0,0,,,,
KLO,2012,12,11,11,-1.2,,,,,,,,971,,3.1,,229,338.6,128.3,0,0,0,0,,,,
KLO,2012,12,11,12,-1.6,,,,,,,,971.2,,2.2,,160,42,146.1,0,0,0,0,,,,
KLO,2012,12,11,13,-2,,,,,,,,971.5,,2.1,,116,9.9,112.8,0,0,0,0,,,,
KLO,2012,12,11,14,-1.9,,,,,,,,971.8,,2.2,,57,2.7,56.2,0,0,0,0,,,,
KLO,2012,12,11,15,-1.8,,,,,,,,972.2,,2.1,,15,0.4,14.9,0,0,0,0,,,,
KLO,2012,12,11,16,-1.8,,,,,,,,972.6,,1.4,,0,0,0,0,0,0,0,,,,
KLO,2012,12,11,17,-1.9,,,,,,,,972.9,,1.2,,0,0,0,0,0,0,0,,,,
KLO,2012,12,11,18,-2.1,,,,,,,,973,,1,,0,0,0,0,0,0,0,,,,
KLO,2012,12,11,19,-2.4,,,,,,,,973.2,,0.8,,0,0,0,0,0,0,0,,,,
KLO,2012,12,11,20,-2.5,,,,,,,,973.4,,0.7,,0,0,0,0,0,0,0,,,,
KLO,2012,12,11,21,-3,,,,,,,,973.4,,0.6,,0,0,0,0,0,0,0,,,,
KLO,2012,12,11,22,-2.6,,,,,,,,973.5,,0.4,,0,0,0,0,0,0,0,,,,
KLO,2012,12,11,23,-2.8,,,,,,,,973.6,,0.3,,0,0,0,0,0,0,0,,,,
KLO,2012,12,12,0,-5.5,,,,,,,,973.5,,0.4,,0,0,0,0,0,0,0,,,,
KLO,2012,12,12,1,-7.5,,,,,,,,973.4,,1.1,,0,0,0,0,0,0,0,,,,
KLO,2012,12,12,2,-7,,,,,,,,973.5,,1.8,,0,0,0,0,0,0,0,,,,
KLO,2012,12,12,3,-4.3,,,,,,,,973.5,,2.3,,0,0,0,0,0,0,0,,,,
KLO,2012,12,12,4,-4.6,,,,,,,,973.2,,1.5,,0,0,0,0,0,0,0,,,,
KLO,2012,12,12,5,-5.3,,,,,,,,973.1,,1.5,,0,0,0,0,0,0,0,,,,
KLO,2012,12,12,6,-5.9,,,,,,,,973.2,,2.4,,0,0,0,0,0,0,0,,,,
KLO,2012,12,12,7,-6.3,,,,,,,,973,,2.1,,6,0,0,0,0,0,0,,,,
KLO,2012,12,12,8,-6.9,,,,,,,,972.7,,2.2,,82,0,0,0,0,0,0,,,,
KLO,2012,12,12,9,-6.3,,,,,,,,972.7,,2.7,,183,1350,30.2,0,0,0,0,,,,
KLO,2012,12,12,10,-6.4,,,,,,,,972.3,,2.3,,277,1044.2,45.7,0,0,0,0,,,,
KLO,2012,12,12,11,-6.2,,,,,,,,971.6,,3,,328,925.7,54.1,0,0,0,0,,,,
KLO,2012,12,12,12,-4.5,,,,,,,,971,,2.9,,316,686.7,89,0,0,0,0,,,,
KLO,2012,12,12,13,-4,,,,,,,,970.4,,1.3,,249,338.8,139.5,0,0,0,0,,,,
KLO,2012,12,12,14,-4,,,,,,,,969.9,,1.5,,133,43,121.2,0,0,0,0,,,,
KLO,2012,12,12,15,-5.2,,,,,,,,969.7,,1.4,,26,1.2,25.8,0,0,0,0,,,,
KLO,2012,12,12,16,-7.7,,,,,,,,969.3,,2.3,,0,0,0,0,0,0,0,,,,
KLO,2012,12,12,17,-8.9,,,,,,,,969.1,,2.7,,0,0,0,0,0,0,0,,,,
KLO,2012,12,12,18,-9.3,,,,,,,,968.9,,1.3,,0,0,0,0,0,0,0,,,,
KLO,2012,12,12,19,-9.6,,,,,,,,968.8,,0.9,,0,0,0,0,0,0,0,,,,
KLO,2012,12,12,20,-10.7,,,,,,,,968.7,,0.6,,0,0,0,0,0,0,0,,,,
KLO,2012,12,12,21,-11.3,,,,,,,,968.5,,0.5,,0,0,0,0,0,0,0,,,,
KLO,2012,12,12,22,-10.5,,,,,,,,968.3,,0.3,,0,0,0,0,0,0,0,,,,
KLO,2012,12,12,23,-10.3,,,,,,,,968.1,,1.1,,0,0,0,0,0,0,0,,,,
KLO,2012,12,13,0,-10,,,,,,,,967.6,,1,,0,0,0,0,0,0,0,,,,
KLO,2012,12,13,1,-9.3,,,,,,,,967.2,,0.8,,0,0,0,0,0,0,0,,,,
KLO,2012,12,13,2,-8.9,,,,,,,,966.9,,0.4,,0,0,0,0,0,0,0,,,,
KLO,2012,12,13,3,-8.7,,,,,,,,966.2,,1.5,,0,0,0,0,0,0,0,,,,
KLO,2012,12,13,4,-9.2,,,,,,,,965.6,,1.7,,0,0,0,0,0,0,0,,,,
KLO,2012,12,13,5,-9.7,,,,,,,,965.3,,1.2,,0,0,0,0,0,0,0,,,,
KLO,2012,12,13,6,-9.9,,,,,,,,965.2,,1.8,,0,0,0,0,0,0,0,,,,
KLO,2012,12,13,7,-10.1,,,,,,,,965.3,,1.1,,8,0,0,0,0,0,0,,,,
KLO,2012,12,13,8,-10,,,,,,,,965.3,,0.7,,84,0,0,0,0,0,0,,,,
KLO,2012,12,13,9,-9.2,,,,,,,,965.4,,0.7,,179,1343.5,29.5,0,0,0,0,,,,
KLO,2012,12,13,10,-7.9,,,,,,,,965.3,,1.1,,176,391.3,90,0,0,0,0,,,,
KLO,2012,12,13,11,-7.2,,,,,,,,964.4,,0.7,,171,103.3,140.6,0,0,0,0,,,,
KLO,2012,12,13,12,-6.4,,,,,,,,963.9,,1.1,,85,4.2,83.6,0,0,0,0,,,,
KLO,2012,12,13,13,-5.7,,,,,,,,963.4,,0.9,,79,3.8,77.8,0,0,0,0,,,,
KLO,2012,12,13,14,-5.1,,,,,,,,963.2,,1.2,,37,1.2,36.7,0,0,0,0,,,,
KLO,2012,12,13,15,-4.7,,,,,,,,962.6,,1.7,,6,0.1,6,0,0,0,0,,,,
KLO,2012,12,13,16,-4.3,,,,,,,,962,,2.4,,0,0,0,0,0,0,0,,,,
KLO,2012,12,13,17,-4.1,,,,,,,,961.6,,2.4,,0,0,0,0,0,0,0,,,,
KLO,2012,12,13,18,-4.1,,,,,,,,961.4,,2.6,,0,0,0,0,0,0,0,,,,
KLO,2012,12,13,19,-4,,,,,,,,961.4,,2.7,,0,0,0,0,0,0,0,,,,
KLO,2012,12,13,20,-4,,,,,,,,961.5,,1.6,,0,0,0,0,0,0,0,,,,
KLO,2012,12,13,21,-3.8,,,,,,,,961.1,,1.5,,0,0,0,0,0,0,0,,,,
KLO,2012,12,13,22,-3.5,,,,,,,,960.8,,1,,0,0,0,0,0,0,0,,,,
KLO,2012,12,13,23,-3.1,,,,,,,,960.7,,1.7,,0,0,0,0,0,0,0,,,,
KLO,2012,12,14,0,-2.9,,,,,,,,960.4,,1,,0,0,0,0,0,0,0,,,,
KLO,2012,12,14,1,-2.6,,,,,,,,959.8,,0.9,,0,0,0,0,0,0,0,,,,
KLO,2012,12,14,2,-2.5,,,,,,,,959.4,,2.3,,0,0,0,0,0,0,0,,,,
KLO,2012,12,14,3,-2.5,,,,,,,,959,,2.9,,0,0,0,0,0,0,0,,,,
KLO,2012,12,14,4,-2.6,,,,,,,,958.6,,0.8,,0,0,0,0,0,0,0,,,,
KLO,2012,12,14,5,-2.5,,,,,,,,958.4,,1.1,,0,0,0,0,0,0,0,,,,
KLO,2012,12,14,6,-2.4,,,,,,,,958.2,,1.2,,0,0,0,0,0,0,0,,,,
KLO,2012,12,14,7,-2,,,,,,,,958.1,,1,,3,0,0,0,0,0,0,,,,
KLO,2012,12,14,8,-2.1,,,,,,,,958.3,,1,,39,0,0,0,0,0,0,,,,
KLO,2012,12,14,9,-1.6,,,,,,,,958.1,,0.8,,180,1373.8,29.7,0,0,0,0,,,,
KLO,2012,12,14,10,-1.3,,,,,,,,957.5,,1.1,,255,976.4,42.1,0,0,0,0,,,,
KLO,2012,12,14,11,-0.6,,,,,,,,956.9,,1.3,,248,474.3,109.1,0,0,0,0,,,,
KLO,2012,12,14,12,-0.3,,,,,,,,956.4,,1.3,,219,190.4,156.5,0,0,0,0,,,,
KLO,2012,12,14,13,-0.2,,,,,,,,955.2,,0.3,,137,22.4,129.8,0,0,0,0,,,,
KLO,2012,12,14,14,0.3,,,,,,,,954.4,,1.8,,61,3.2,60.1,0,0,0,0,,,,
KLO,2012,12,14,15,-0.2,,,,,,,,953.7,,2.3,,12,0.3,12,0,0,0,0,,,,
KLO,2012,12,14,16,0.4,,,,,,,,953.9,,1.6,,0,0,0,0,0,0,0,,,,
KLO,2012,12,14,17,0.6,,,,,,,,953.7,,0.6,,0,0,0,0,0,0,0,,,,
KLO,2012,12,14,18,0.5,,,,,,,,953.6,,0.6,,0,0,0,0,0,0,0,,,,
KLO,2012,12,14,19,0.8,,,,,,,,953.4,,1,,0,0,0,0,0,0,0,,,,
KLO,2012,12,14,20,0.9,,,,,,,,953.3,,1.2,,0,0,0,0,0,0,0,,,,
KLO,2012,12,14,21,0.8,,,,,,,,953.6,,0.9,,0,0,0,0,0,0,0,,,,
KLO,2012,12,14,22,1.3,,,,,,,,953.6,,1.5,,0,0,0,0,0,0,0,,,,
KLO,2012,12,14,23,1.1,,,,,,,,953.2,,1.1,,0,0,0,0,0,0,0,,,,
KLO,2012,12,15,0,0.9,,,,,,,,952.9,,1.4,,0,0,0,0,0,0,0,,,,
KLO,2012,12,15,1,1.2,,,,,,,,953,,1.6,,0,0,0,0,0,0,0,,,,
KLO,2012,12,15,2,1.1,,,,,,,,953.6,,1.2,,0,0,0,0,0,0,0,,,,
KLO,2012,12,15,3,1.7,,,,,,,,954.2,,3.4,,0,0,0,0,0,0,0,,,,
KLO,2012,12,15,4,2.7,,,,,,,,954.1,,3.6,,0,0,0,0,0,0,0,,,,
KLO,2012,12,15,5,2.7,,,,,,,,955,,1.4,,0,0,0,0,0,0,0,,,,
KLO,2012,12,15,6,3,,,,,,,,955.8,,2.9,,0,0,0,0,0,0,0,,,,
KLO,2012,12,15,7,3.4,,,,,,,,956.5,,2.8,,2,0,0,0,0,0,0,,,,
KLO,2012,12,15,8,3.8,,,,,,,,957.3,,2.4,,19,0,0,0,0,0,0,,,,
KLO,2012,12,15,9,3.8,,,,,,,,957.6,,2,,80,295,48.2,0,0,0,0,,,,
KLO,2012,12,15,10,4.5,,,,,,,,957.6,,2.3,,173,387.4,89.1,0,0,0,0,,,,
KLO,2012,12,15,11,5.6,,,,,,,,957.9,,1.7,,153,63.5,134.5,0,0,0,0,,,,
KLO,2012,12,15,12,5.8,,,,,,,,958.1,,2,,66,2.6,65.2,0,0,0,0,,,,
KLO,2012,12,15,13,5.7,,,,,,,,958.6,,4.1,,56,1.9,55.4,0,0,0,0,,,,
KLO,2012,12,15,14,6,,,,,,,,958.8,,3,,35,1,34.7,0,0,0,0,,,,
KLO,2012,12,15,15,5.8,,,,,,,,959.3,,2.2,,4,0,4,0,0,0,0,,,,
KLO,2012,12,15,16,5.2,,,,,,,,960.1,,3.3,,0,0,0,0,0,0,0,,,,
KLO,2012,12,15,17,5,,,,,,,,960.5,,3.4,,0,0,0,0,0,0,0,,,,
KLO,2012,12,15,18,4.1,,,,,,,,960.7,,2.4,,0,0,0,0,0,0,0,,,,
KLO,2012,12,15,19,3.5,,,,,,,,960.9,,2.7,,0,0,0,0,0,0,0,,,,
KLO,2012,12,15,20,3.3,,,,,,,,961,,2.2,,0,0,0,0,0,0,0,,,,
KLO,2012,12,15,21,2.9,,,,,,,,960.8,,2.8,,0,0,0,0,0,0,0,,,,
KLO,2012,12,15,22,3,,,,,,,,960.7,,2.5,,0,0,0,0,0,0,0,,,,
KLO,2012,12,15,23,4.3,,,,,,,,961.1,,3.2,,0,0,0,0,0,0,0,,,,
KLO,2012,12,16,0,5.2,,,,,,,,961,,4.1,,0,0,0,0,0,0,0,,,,
KLO,2012,12,16,1,5.8,,,,,,,,961.4,,4.2,,0,0,0,0,0,0,0,,,,
KLO,2012,12,16,2,5.2,,,,,,,,961.9,,3,,0,0,0,0,0,0,0,,,,
KLO,2012,12,16,3,5.9,,,,,,,,961.8,,4.7,,0,0,0,0,0,0,0,,,,
KLO,2012,12,16,4,6,,,,,,,,961.9,,5.2,,0,0,0,0,0,0,0,,,,
KLO,2012,12,16,5,5.4,,,,,,,,962.1,,3.5,,0,0,0,0,0,0,0,,,,
KLO,2012,12,16,6,5,,,,,,,,962.1,,3.1,,0,0,0,0,0,0,0,,,,
KLO,2012,12,16,7,6,,,,,,,,962.2,,3.8,,1,0,0,0,0,0,0,,,,
KLO,2012,12,16,8,5.9,,,,,,,,962.2,,3.4,,53,0,0,0,0,0,0,,,,
KLO,2012,12,16,9,6.4,,,,,,,,962.2,,4,,58,77.7,49.8,0,0,0,0,,,,
KLO,2012,12,16,10,7.5,,,,,,,,962.5,,4.9,,139,166.2,103.3,0,0,0,0,,,,
KLO,2012,12,16,11,7.3,,,,,,,,962.4,,6.8,,73,4,71.8,0,0,0,0,,,,
KLO,2012,12,16,12,7.2,,,,,,,,962.3,,5.6,,200,131.1,157.2,0,0,0,0,,,,
KLO,2012,12,16,13,7.3,,,,,,,,962,,4.2,,98,6,96.1,0,0,0,0,,,,
KLO,2012,12,16,14,7.2,,,,,,,,961.8,,2.3,,25,0.5,24.9,0,0,0,0,,,,
KLO,2012,12,16,15,7.1,,,,,,,,961.5,,2.6,,10,0.2,10,0,0,0,0,,,,
KLO,2012,12,16,16,7.2,,,,,,,,961.5,,3.8,,0,0,0,0,0,0,0,,,,
KLO,2012,12,16,17,7,,,,,,,,961.3,,4.4,,0,0,0,0,0,0,0,,,,
KLO,2012,12,16,18,6.8,,,,,,,,961.1,,4.7,,0,0,0,0,0,0,0,,,,
KLO,2012,12,16,19,6.6,,,,,,,,960.4,,3.3,,0,0,0,0,0,0,0,,,,
KLO,2012,12,16,20,6.6,,,,,,,,960,,2.3,,0,0,0,0,0,0,0,,,,
KLO,2012,12,16,21,5.5,,,,,,,,959.4,,1.7,,0,0,0,0,0,0,0,,,,
KLO,2012,12,16,22,5.1,,,,,,,,959.3,,2.1,,0,0,0,0,0,0,0,,,,
KLO,2012,12,16,23,5.6,,,,,,,,959.2,,3,,0,0,0,0,0,0,0,,,,
KLO,2012,12,17,0,6.5,,,,,,,,959.3,,5.1,,0,0,0,0,0,0,0,,,,
KLO,2012,12,17,1,6.1,,,,,,,,959.1,,4.3,,0,0,0,0,0,0,0,,,,
KLO,2012,12,17,2,5.9,,,,,,,,959.2,,3.3,,0,0,0,0,0,0,0,,,,
KLO,2012,12,17,3,5.9,,,,,,,,959.1,,3,,0,0,0,0,0,0,0,,,,
KLO,2012,12,17,4,5.9,,,,,,,,958.9,,4.3,,0,0,0,0,0,0,0,,,,
KLO,2012,12,17,5,5.6,,,,,,,,959.2,,5.2,,0,0,0,0,0,0,0,,,,
KLO,2012,12,17,6,5.3,,,,,,,,959.7,,5.6,,0,0,0,0,0,0,0,,,,
KLO,2012,12,17,7,5.4,,,,,,,,960.3,,5.5,,1,0,0,0,0,0,0,,,,
KLO,2012,12,17,8,5.5,,,,,,,,960.6,,4.9,,32,0,0,0,0,0,0,,,,
KLO,2012,12,17,9,5.8,,,,,,,,960.9,,3.7,,86,429.8,41.1,0,0,0,0,,,,
KLO,2012,12,17,10,6.1,,,,,,,,960.8,,3.8,,105,45.9,95.2,0,0,0,0,,,,
KLO,2012,12,17,11,6.4,,,,,,,,960.6,,4.7,,109,12.3,105.4,0,0,0,0,,,,
KLO,2012,12,17,12,6.7,,,,,,,,960.2,,5.6,,118,10.4,114.6,0,0,0,0,,,,
KLO,2012,12,17,13,6.9,,,,,,,,959.7,,6.2,,155,42.6,141.4,0,0,0,0,,,,
KLO,2012,12,17,14,6.8,,,,,,,,959.6,,5.7,,96,9.2,93.5,0,0,0,0,,,,
KLO,2012,12,17,15,6.3,,,,,,,,959.8,,4.6,,5,0,5,0,0,0,0,,,,
KLO,2012,12,17,16,6.1,,,,,,,,960,,4.5,,0,0,0,0,0,0,0,,,,
KLO,2012,12,17,17,5.8,,,,,,,,960.4,,5,,0,0,0,0,0,0,0,,,,
KLO,2012,12,17,18,5.3,,,,,,,,960.7,,5.5,,0,0,0,0,0,0,0,,,,
KLO,2012,12,17,19,5.3,,,,,,,,960.8,,4.3,,0,0,0,0,0,0,0,,,,
KLO,2012,12,17,20,5.1,,,,,,,,961.1,,4.6,,0,0,0,0,0,0,0,,,,
KLO,2012,12,17,21,4.6,,,,,,,,961.6,,4.1,,0,0,0,0,0,0,0,,,,
KLO,2012,12,17,22,4,,,,,,,,961.9,,4.6,,0,0,0,0,0,0,0,,,,
KLO,2012,12,17,23,4,,,,,,,,962.3,,4.3,,0,0,0,0,0,0,0,,,,
KLO,2012,12,18,0,4,,,,,,,,962.3,,4.3,,0,0,0,0,0,0,0,,,,
KLO,2012,12,18,1,4,,,,,,,,962.4,,3.2,,0,0,0,0,0,0,0,,,,
KLO,2012,12,18,2,3.9,,,,,,,,962.6,,1.8,,0,0,0,0,0,0,0,,,,
KLO,2012,12,18,3,3.7,,,,,,,,962.5,,4.1,,0,0,0,0,0,0,0,,,,
KLO,2012,12,18,4,3,,,,,,,,962.9,,3.9,,0,0,0,0,0,0,0,,,,
KLO,2012,12,18,5,3.4,,,,,,,,963,,3.2,,0,0,0,0,0,0,0,,,,
KLO,2012,12,18,6,3.8,,,,,,,,963.6,,4.2,,0,0,0,0,0,0,0,,,,
KLO,2012,12,18,7,3.1,,,,,,,,964.1,,3.1,,0,0,0,0,0,0,0,,,,
KLO,2012,12,18,8,3.3,,,,,,,,964.6,,1.5,,16,0,0,0,0,0,0,,,,
KLO,2012,12,18,9,4.3,,,,,,,,964.7,,1.5,,55,68.9,47.9,0,0,0,0,,,,
KLO,2012,12,18,10,4.7,,,,,,,,964.5,,0.5,,124,105,101.7,0,0,0,0,,,,
KLO,2012,12,18,11,5,,,,,,,,964.1,,0.8,,94,7.1,92,0,0,0,0,,,,
KLO,2012,12,18,12,4.6,,,,,,,,963.8,,2.1,,36,0.8,35.7,0,0,0,0,,,,
KLO,2012,12,18,13,3.5,,,,,,,,963.8,,2.5,,13,0.1,13,0,0,0,0,,,,
KLO,2012,12,18,14,1.3,,,,,,,,964.3,,1.6,,4,0,4,0,0,0,0,,,,
KLO,2012,12,18,15,0.8,,,,,,,,965.2,,1.3,,5,0,5,0,0,0,0,,,,
KLO,2012,12,18,16,1,,,,,,,,966,,1,,0,0,0,0,0,0,0,,,,
KLO,2012,12,18,17,1.3,,,,,,,,966.7,,1.5,,0,0,0,0,0,0,0,,,,
KLO,2012,12,18,18,1.6,,,,,,,,967.4,,2,,0,0,0,0,0,0,0,,,,
KLO,2012,12,18,19,1.8,,,,,,,,967.9,,1.9,,0,0,0,0,0,0,0,,,,
KLO,2012,12,18,20,2.2,,,,,,,,968.4,,1.9,,0,0,0,0,0,0,0,,,,
KLO,2012,12,18,21,2.4,,,,,,,,968.9,,1.2,,0,0,0,0,0,0,0,,,,
KLO,2012,12,18,22,2.7,,,,,,,,969.4,,1.4,,0,0,0,0,0,0,0,,,,
KLO,2012,12,18,23,2.6,,,,,,,,969.8,,1.8,,0,0,0,0,0,0,0,,,,
KLO,2012,12,19,0,2.8,,,,,,,,970.1,,1.5,,0,0,0,0,0,0,0,,,,
KLO,2012,12,19,1,2.7,,,,,,,,970.2,,1.3,,0,0,0,0,0,0,0,,,,
KLO,2012,12,19,2,2.9,,,,,,,,970.7,,1,,0,0,0,0,0,0,0,,,,
KLO,2012,12,19,3,2.9,,,,,,,,970.7,,1.3,,0,0,0,0,0,0,0,,,,
KLO,2012,12,19,4,3.1,,,,,,,,970.9,,1.5,,0,0,0,0,0,0,0,,,,
KLO,2012,12,19,5,3.1,,,,,,,,971,,1.8,,0,0,0,0,0,0,0,,,,
KLO,2012,12,19,6,2.9,,,,,,,,971.3,,1.3,,0,0,0,0,0,0,0,,,,
KLO,2012,12,19,7,3.2,,,,,,,,971.9,,1.4,,1,0,0,0,0,0,0,,,,
KLO,2012,12,19,8,3.5,,,,,,,,972.1,,1.2,,25,0,0,0,0,0,0,,,,
KLO,2012,12,19,9,4.4,,,,,,,,972.3,,1.4,,245,2010.1,40.4,0,0,0,0,,,,
KLO,2012,12,19,10,5.4,,,,,,,,972.4,,1.6,,365,1441.3,60.2,0,0,0,0,,,,
KLO,2012,12,19,11,4.9,,,,,,,,972,,2.3,,121,21,115,0,0,0,0,,,,
KLO,2012,12,19,12,4.8,,,,,,,,971.8,,2.3,,112,8.5,109.2,0,0,0,0,,,,
KLO,2012,12,19,13,5,,,,,,,,971.5,,2.6,,154,41.4,140.8,0,0,0,0,,,,
KLO,2012,12,19,14,4.7,,,,,,,,971.4,,3,,108,15.4,103.8,0,0,0,0,,,,
KLO,2012,12,19,15,3.9,,,,,,,,971.7,,3,,22,0.9,21.8,0,0,0,0,,,,
KLO,2012,12,19,16,2.6,,,,,,,,971.8,,2.1,,0,0,0,0,0,0,0,,,,
KLO,2012,12,19,17,1.9,,,,,,,,972,,1.3,,0,0,0,0,0,0,0,,,,
KLO,2012,12,19,18,1,,,,,,,,971.9,,1.2,,0,0,0,0,0,0,0,,,,
KLO,2012,12,19,19,0.1,,,,,,,,971.8,,0.7,,0,0,0,0,0,0,0,,,,
KLO,2012,12,19,20,-0.3,,,,,,,,971.3,,0.9,,0,0,0,0,0,0,0,,,,
KLO,2012,12,19,21,-1.4,,,,,,,,971,,0.7,,0,0,0,0,0,0,0,,,,
KLO,2012,12,19,22,-2.3,,,,,,,,970.8,,0.6,,0,0,0,0,0,0,0,,,,
KLO,2012,12,19,23,-2.5,,,,,,,,970.4,,1,,0,0,0,0,0,0,0,,,,
KLO,2012,12,20,0,-2.7,,,,,,,,969.9,,0.7,,0,0,0,0,0,0,0,,,,
KLO,2012,12,20,1,-1.9,,,,,,,,969.4,,0.8,,0,0,0,0,0,0,0,,,,
KLO,2012,12,20,2,-2,,,,,,,,968.9,,1.3,,0,0,0,0,0,0,0,,,,
KLO,2012,12,20,3,-2.3,,,,,,,,968.4,,1.4,,0,0,0,0,0,0,0,,,,
KLO,2012,12,20,4,-2.4,,,,,,,,968,,1.1,,0,0,0,0,0,0,0,,,,
KLO,2012,12,20,5,-2.6,,,,,,,,967.5,,1,,0,0,0,0,0,0,0,,,,
KLO,2012,12,20,6,-1.8,,,,,,,,967,,0.8,,0,0,0,0,0,0,0,,,,
KLO,2012,12,20,7,-1.4,,,,,,,,966.5,,0.3,,4,0,0,0,0,0,0,,,,
KLO,2012,12,20,8,-1.1,,,,,,,,966.2,,0.4,,38,0,0,0,0,0,0,,,,
KLO,2012,12,20,9,-0.4,,,,,,,,965.8,,0.6,,61,125.3,48.4,0,0,0,0,,,,
KLO,2012,12,20,10,0.4,,,,,,,,965.5,,1.2,,78,11.5,75.6,0,0,0,0,,,,
KLO,2012,12,20,11,0.8,,,,,,,,965.4,,1.2,,66,3.4,65,0,0,0,0,,,,
KLO,2012,12,20,12,0.9,,,,,,,,964.8,,0.7,,50,1.5,49.5,0,0,0,0,,,,
KLO,2012,12,20,13,0.8,,,,,,,,964.4,,0.5,,28,0.5,27.8,0,0,0,0,,,,
KLO,2012,12,20,14,0.6,,,,,,,,963.8,,1.5,,20,0.3,19.9,0,0,0,0,,,,
KLO,2012,12,20,15,0.5,,,,,,,,963.4,,1,,3,0,3,0,0,0,0,,,,
KLO,2012,12,20,16,0.5,,,,,,,,962.9,,0.3,,0,0,0,0,0,0,0,,,,
KLO,2012,12,20,17,0.4,,,,,,,,962.6,,0.6,,0,0,0,0,0,0,0,,,,
KLO,2012,12,20,18,0.6,,,,,,,,962.5,,1.4,,0,0,0,0,0,0,0,,,,
KLO,2012,12,20,19,1,,,,,,,,962.6,,2.3,,0,0,0,0,0,0,0,,,,
KLO,2012,12,20,20,1.1,,,,,,,,962.6,,2.6,,0,0,0,0,0,0,0,,,,
KLO,2012,12,20,21,1.9,,,,,,,,962.3,,3.1,,0,0,0,0,0,0,0,,,,
KLO,2012,12,20,22,2.7,,,,,,,,962,,4.7,,0,0,0,0,0,0,0,,,,
KLO,2012,12,20,23,3,,,,,,,,962,,3.4,,0,0,0,0,0,0,0,,,,
KLO,2012,12,21,0,2.6,,,,,,,,961.7,,3.7,,0,0,0,0,0,0,0,,,,
KLO,2012,12,21,1,3.4,,,,,,,,961.8,,3.4,,0,0,0,0,0,0,0,,,,
KLO,2012,12,21,2,4,,,,,,,,961.9,,2.9,,0,0,0,0,0,0,0,,,,
KLO,2012,12,21,3,4.5,,,,,,,,961.9,,3.7,,0,0,0,0,0,0,0,,,,
KLO,2012,12,21,4,4.7,,,,,,,,961.8,,3.6,,0,0,0,0,0,0,0,,,,
KLO,2012,12,21,5,4.9,,,,,,,,961.7,,4.1,,0,0,0,0,0,0,0,,,,
KLO,2012,12,21,6,5.3,,,,,,,,961.8,,4.6,,0,0,0,0,0,0,0,,,,
KLO,2012,12,21,7,5.1,,,,,,,,961.9,,3.5,,2,0,0,0,0,0,0,,,,
KLO,2012,12,21,8,5.1,,,,,,,,962.5,,2.8,,26,0,0,0,0,0,0,,,,
KLO,2012,12,21,9,5.7,,,,,,,,962.9,,3.9,,86,507.1,35.6,0,0,0,0,,,,
KLO,2012,12,21,10,6,,,,,,,,963.2,,3.6,,93,27.4,87.3,0,0,0,0,,,,
KLO,2012,12,21,11,6.2,,,,,,,,963.2,,3.1,,100,8.9,97.4,0,0,0,0,,,,
KLO,2012,12,21,12,7.5,,,,,,,,963.2,,2.6,,308,673.3,89.7,0,0,0,0,,,,
KLO,2012,12,21,13,8.2,,,,,,,,963,,3.2,,206,162.6,153.9,0,0,0,0,,,,
KLO,2012,12,21,14,7.7,,,,,,,,963.1,,1.9,,61,3.1,60.1,0,0,0,0,,,,
KLO,2012,12,21,15,6.8,,,,,,,,963.7,,2.4,,5,0,5,0,0,0,0,,,,
KLO,2012,12,21,16,6.1,,,,,,,,964.2,,1.3,,0,0,0,0,0,0,0,,,,
KLO,2012,12,21,17,5.7,,,,,,,,965.1,,0.9,,0,0,0,0,0,0,0,,,,
KLO,2012,12,21,18,5.1,,,,,,,,965.9,,0.7,,0,0,0,0,0,0,0,,,,
KLO,2012,12,21,19,4.9,,,,,,,,966.6,,1.6,,0,0,0,0,0,0,0,,,,
KLO,2012,12,21,20,5,,,,,,,,967,,1.5,,0,0,0,0,0,0,0,,,,
KLO,2012,12,21,21,5.1,,,,,,,,967.7,,2.1,,0,0,0,0,0,0,0,,,,
KLO,2012,12,21,22,5.4,,,,,,,,968.2,,1.1,,0,0,0,0,0,0,0,,,,
KLO,2012,12,21,23,5,,,,,,,,968.6,,1.4,,0,0,0,0,0,0,0,,,,
KLO,2012,12,22,0,5.1,,,,,,,,969.2,,1.5,,0,0,0,0,0,0,0,,,,
KLO,2012,12,22,1,5.1,,,,,,,,969.8,,1.1,,0,0,0,0,0,0,0,,,,
KLO,2012,12,22,2,4.2,,,,,,,,970.1,,1.3,,0,0,0,0,0,0,0,,,,
KLO,2012,12,22,3,3.5,,,,,,,,970.3,,1,,0,0,0,0,0,0,0,,,,
KLO,2012,12,22,4,3.2,,,,,,,,970.2,,1.8,,0,0,0,0,0,0,0,,,,
KLO,2012,12,22,5,3.3,,,,,,,,970.3,,1.9,,0,0,0,0,0,0,0,,,,
KLO,2012,12,22,6,2.9,,,,,,,,970.4,,1.6,,0,0,0,0,0,0,0,,,,
KLO,2012,12,22,7,2.8,,,,,,,,970.5,,1.5,,8,0,0,0,0,0,0,,,,
KLO,2012,12,22,8,2.7,,,,,,,,970.4,,1.9,,62,0,0,0,0,0,0,,,,
KLO,2012,12,22,9,4.4,,,,,,,,970.7,,1.4,,135,1144.5,22.3,0,0,0,0,,,,
KLO,2012,12,22,10,5.1,,,,,,,,970.3,,1.6,,191,603.9,64.8,0,0,0,0,,,,
KLO,2012,12,22,11,5.5,,,,,,,,969.9,,1.6,,150,63.1,131.9,0,0,0,0,,,,
KLO,2012,12,22,12,5,,,,,,,,969,,2.8,,121,11.8,117.2,0,0,0,0,,,,
KLO,2012,12,22,13,4.8,,,,,,,,968.2,,1.9,,66,2.7,65.1,0,0,0,0,,,,
KLO,2012,12,22,14,4.8,,,,,,,,968,,1.7,,23,0.4,22.9,0,0,0,0,,,,
KLO,2012,12,22,15,4.7,,,,,,,,967.7,,2.5,,2,0,2,0,0,0,0,,,,
KLO,2012,12,22,16,4.4,,,,,,,,966.9,,3.7,,0,0,0,0,0,0,0,,,,
KLO,2012,12,22,17,4.5,,,,,,,,966.2,,3.3,,0,0,0,0,0,0,0,,,,
KLO,2012,12,22,18,4.3,,,,,,,,965.7,,3.5,,0,0,0,0,0,0,0,,,,
KLO,2012,12,22,19,4.4,,,,,,,,965.3,,3.4,,0,0,0,0,0,0,0,,,,
KLO,2012,12,22,20,4.8,,,,,,,,965,,4.9,,0,0,0,0,0,0,0,,,,
KLO,2012,12,22,21,5.2,,,,,,,,964.8,,4.4,,0,0,0,0,0,0,0,,,,
KLO,2012,12,22,22,6,,,,,,,,965,,4.8,,0,0,0,0,0,0,0,,,,
KLO,2012,12,22,23,6.7,,,,,,,,964.8,,5.5,,0,0,0,0,0,0,0,,,,
KLO,2012,12,23,0,7.4,,,,,,,,964.7,,5.3,,0,0,0,0,0,0,0,,,,
KLO,2012,12,23,1,8,,,,,,,,965.1,,6.3,,0,0,0,0,0,0,0,,,,
KLO,2012,12,23,2,8.5,,,,,,,,965.8,,6.4,,0,0,0,0,0,0,0,,,,
KLO,2012,12,23,3,9,,,,,,,,965.9,,6.6,,0,0,0,0,0,0,0,,,,
KLO,2012,12,23,4,9.9,,,,,,,,965.8,,6.5,,0,0,0,0,0,0,0,,,,
KLO,2012,12,23,5,10.2,,,,,,,,966.2,,6.8,,0,0,0,0,0,0,0,,,,
KLO,2012,12,23,6,10.2,,,,,,,,966.6,,7.1,,0,0,0,0,0,0,0,,,,
KLO,2012,12,23,7,10.6,,,,,,,,967.3,,7,,0,0,0,0,0,0,0,,,,
KLO,2012,12,23,8,10.8,,,,,,,,967.4,,7,,14,0,0,0,0,0,0,,,,
KLO,2012,12,23,9,11.1,,,,,,,,967.5,,7.5,,57,105.2,46.7,0,0,0,0,,,,
KLO,2012,12,23,10,11.5,,,,,,,,967.8,,7.6,,64,6,62.7,0,0,0,0,,,,
KLO,2012,12,23,11,12,,,,,,,,967.3,,7.1,,101,9.4,98.3,0,0,0,0,,,,
KLO,2012,12,23,12,12.1,,,,,,,,967,,4.8,,87,4.6,85.5,0,0,0,0,,,,
KLO,2012,12,23,13,12.3,,,,,,,,966.5,,4.7,,75,3.5,73.9,0,0,0,0,,,,
KLO,2012,12,23,14,11.9,,,,,,,,966.4,,3.9,,42,1.5,41.6,0,0,0,0,,,,
KLO,2012,12,23,15,11.3,,,,,,,,966.6,,3.3,,13,0.3,12.9,0,0,0,0,,,,
KLO,2012,12,23,16,10.5,,,,,,,,967,,2.7,,0,0,0,0,0,0,0,,,,
KLO,2012,12,23,17,10.5,,,,,,,,967.3,,2.2,,0,0,0,0,0,0,0,,,,
KLO,2012,12,23,18,9.7,,,,,,,,967.6,,2.8,,0,0,0,0,0,0,0,,,,
KLO,2012,12,23,19,7.6,,,,,,,,968.1,,1.4,,0,0,0,0,0,0,0,,,,
KLO,2012,12,23,20,7.9,,,,,,,,968.3,,1.7,,0,0,0,0,0,0,0,,,,
KLO,2012,12,23,21,6.6,,,,,,,,968.2,,2,,0,0,0,0,0,0,0,,,,
KLO,2012,12,23,22,5.2,,,,,,,,967.8,,2.8,,0,0,0,0,0,0,0,,,,
KLO,2012,12,23,23,4.4,,,,,,,,967.7,,2.8,,0,0,0,0,0,0,0,,,,
KLO,2012,12,24,0,3.8,,,,,,,,967.2,,2.8,,0,0,0,0,0,0,0,,,,
KLO,2012,12,24,1,4.4,,,,,,,,966.7,,2.7,,0,0,0,0,0,0,0,,,,
KLO,2012,12,24,2,3.4,,,,,,,,966.4,,2.4,,0,0,0,0,0,0,0,,,,
KLO,2012,12,24,3,3.2,,,,,,,,965.8,,2.9,,0,0,0,0,0,0,0,,,,
KLO,2012,12,24,4,3.4,,,,,,,,965.3,,3.6,,0,0,0,0,0,0,0,,,,
KLO,2012,12,24,5,3.2,,,,,,,,964.8,,3.2,,0,0,0,0,0,0,0,,,,
KLO,2012,12,24,6,3.8,,,,,,,,964.6,,1.6,,0,0,0,0,0,0,0,,,,
KLO,2012,12,24,7,2.5,,,,,,,,964.4,,1,,5,0,0,0,0,0,0,,,,
KLO,2012,12,24,8,2.7,,,,,,,,964.6,,1.3,,79,0,0,0,0,0,0,,,,
KLO,2012,12,24,9,6,,,,,,,,964.6,,2.6,,185,1594.8,30.5,0,0,0,0,,,,
KLO,2012,12,24,10,7.9,,,,,,,,964.3,,2.6,,237,952.4,39.1,0,0,0,0,,,,
KLO,2012,12,24,11,9.6,,,,,,,,963.5,,2.1,,301,856.8,56.3,0,0,0,0,,,,
KLO,2012,12,24,12,10.9,,,,,,,,962.6,,2,,232,252.7,150,0,0,0,0,,,,
KLO,2012,12,24,13,11.4,,,,,,,,962,,1.8,,168,62.2,148,0,0,0,0,,,,
KLO,2012,12,24,14,10.9,,,,,,,,961.6,,2.7,,87,6.4,85.2,0,0,0,0,,,,
KLO,2012,12,24,15,9.7,,,,,,,,961.6,,1.7,,32,1.7,31.7,0,0,0,0,,,,
KLO,2012,12,24,16,8.9,,,,,,,,961.6,,3,,0,0,0,0,0,0,0,,,,
KLO,2012,12,24,17,7.9,,,,,,,,961.3,,3.3,,0,0,0,0,0,0,0,,,,
KLO,2012,12,24,18,7,,,,,,,,961.3,,2.3,,0,0,0,0,0,0,0,,,,
KLO,2012,12,24,19,5.5,,,,,,,,961.2,,2.3,,0,0,0,0,0,0,0,,,,
KLO,2012,12,24,20,5.3,,,,,,,,961.1,,2.8,,0,0,0,0,0,0,0,,,,
KLO,2012,12,24,21,4.5,,,,,,,,960.8,,2.4,,0,0,0,0,0,0,0,,,,
KLO,2012,12,24,22,4.8,,,,,,,,960.6,,2.5,,0,0,0,0,0,0,0,,,,
KLO,2012,12,24,23,3.2,,,,,,,,960.2,,1.8,,0,0,0,0,0,0,0,,,,
KLO,2012,12,25,0,2.4,,,,,,,,959.5,,2.6,,0,0,0,0,0,0,0,,,,
KLO,2012,12,25,1,2.6,,,,,,,,958.9,,2.9,,0,0,0,0,0,0,0,,,,
KLO,2012,12,25,2,2.6,,,,,,,,958.5,,3.1,,0,0,0,0,0,0,0,,,,
KLO,2012,12,25,3,3.1,,,,,,,,958.5,,2.6,,0,0,0,0,0,0,0,,,,
KLO,2012,12,25,4,7.2,,,,,,,,958.9,,1.8,,0,0,0,0,0,0,0,,,,
KLO,2012,12,25,5,5.8,,,,,,,,958.9,,4.3,,0,0,0,0,0,0,0,,,,
KLO,2012,12,25,6,7.6,,,,,,,,959,,4.8,,0,0,0,0,0,0,0,,,,
KLO,2012,12,25,7,10.1,,,,,,,,959.4,,5.3,,4,0,0,0,0,0,0,,,,
KLO,2012,12,25,8,10.8,,,,,,,,959.7,,6.3,,75,0,0,0,0,0,0,,,,
KLO,2012,12,25,9,12.3,,,,,,,,959.9,,5.8,,192,1666.2,31.7,0,0,0,0,,,,
KLO,2012,12,25,10,13.4,,,,,,,,959.5,,4.4,,322,1296.4,53.1,0,0,0,0,,,,
KLO,2012,12,25,11,14.2,,,,,,,,958.6,,5.6,,301,857,56.3,0,0,0,0,,,,
KLO,2012,12,25,12,14.3,,,,,,,,958.3,,6,,254,357.1,138,0,0,0,0,,,,
KLO,2012,12,25,13,13.9,,,,,,,,958,,6.1,,115,9.8,111.9,0,0,0,0,,,,
KLO,2012,12,25,14,13.5,,,,,,,,958.2,,5.9,,41,1.4,40.6,0,0,0,0,,,,
KLO,2012,12,25,15,12.5,,,,,,,,958.7,,4.3,,7,0.1,7,0,0,0,0,,,,
KLO,2012,12,25,16,12.2,,,,,,,,959,,3,,0,0,0,0,0,0,0,,,,
KLO,2012,12,25,17,10.8,,,,,,,,960,,5.8,,0,0,0,0,0,0,0,,,,
KLO,2012,12,25,18,8.6,,,,,,,,961.4,,5.1,,0,0,0,0,0,0,0,,,,
KLO,2012,12,25,19,7.8,,,,,,,,962.6,,4.6,,0,0,0,0,0,0,0,,,,
KLO,2012,12,25,20,7.2,,,,,,,,963.2,,2.2,,0,0,0,0,0,0,0,,,,
KLO,2012,12,25,21,6.9,,,,,,,,963.6,,1.8,,0,0,0,0,0,0,0,,,,
KLO,2012,12,25,22,6.8,,,,,,,,963.8,,2.1,,0,0,0,0,0,0,0,,,,
KLO,2012,12,25,23,7,,,,,,,,964,,3.1,,0,0,0,0,0,0,0,,,,
KLO,2012,12,26,0,6.9,,,,,,,,963.9,,2.4,,0,0,0,0,0,0,0,,,,
KLO,2012,12,26,1,6.9,,,,,,,,963.6,,3.5,,0,0,0,0,0,0,0,,,,
KLO,2012,12,26,2,6.8,,,,,,,,963.9,,2.5,,0,0,0,0,0,0,0,,,,
KLO,2012,12,26,3,6.8,,,,,,,,964,,2.4,,0,0,0,0,0,0,0,,,,
KLO,2012,12,26,4,6.7,,,,,,,,964.2,,3.1,,0,0,0,0,0,0,0,,,,
KLO,2012,12,26,5,6.6,,,,,,,,964.5,,4.1,,0,0,0,0,0,0,0,,,,
KLO,2012,12,26,6,6.2,,,,,,,,964.7,,3.3,,0,0,0,0,0,0,0,,,,
KLO,2012,12,26,7,6.8,,,,,,,,965.1,,4.6,,5,0,0,0,0,0,0,,,,
KLO,2012,12,26,8,7.2,,,,,,,,965.6,,6.7,,19,0,0,0,0,0,0,,,,
KLO,2012,12,26,9,7.1,,,,,,,,966.3,,7,,88,613.9,29.3,0,0,0,0,,,,
KLO,2012,12,26,10,8.2,,,,,,,,967.3,,5.6,,268,1080.3,44.2,0,0,0,0,,,,
KLO,2012,12,26,11,8.8,,,,,,,,967.5,,5.5,,285,763,67,0,0,0,0,,,,
KLO,2012,12,26,12,9.1,,,,,,,,967.8,,6.6,,176,73.5,152.1,0,0,0,0,,,,
KLO,2012,12,26,13,8.6,,,,,,,,967.8,,6.4,,93,5.3,91.3,0,0,0,0,,,,
KLO,2012,12,26,14,8.4,,,,,,,,968.2,,6.5,,35,1,34.7,0,0,0,0,,,,
KLO,2012,12,26,15,8.1,,,,,,,,968.6,,5.2,,16,0.4,15.9,0,0,0,0,,,,
KLO,2012,12,26,16,7.7,,,,,,,,968.9,,5,,0,0,0,0,0,0,0,,,,
KLO,2012,12,26,17,7.2,,,,,,,,969.3,,5.2,,0,0,0,0,0,0,0,,,,
KLO,2012,12,26,18,7.2,,,,,,,,969.7,,4.6,,0,0,0,0,0,0,0,,,,
KLO,2012,12,26,19,6.9,,,,,,,,969.9,,3.9,,0,0,0,0,0,0,0,,,,
KLO,2012,12,26,20,6.7,,,,,,,,969.6,,4.8,,0,0,0,0,0,0,0,,,,
KLO,2012,12,26,21,6.8,,,,,,,,969.3,,5.1,,0,0,0,0,0,0,0,,,,
KLO,2012,12,26,22,5.8,,,,,,,,968.7,,3.6,,0,0,0,0,0,0,0,,,,
KLO,2012,12,26,23,5.3,,,,,,,,968.6,,3,,0,0,0,0,0,0,0,,,,
KLO,2012,12,27,0,5.5,,,,,,,,968,,2.5,,0,0,0,0,0,0,0,,,,
KLO,2012,12,27,1,6.7,,,,,,,,967.4,,3.5,,0,0,0,0,0,0,0,,,,
KLO,2012,12,27,2,7.7,,,,,,,,966.5,,6.9,,0,0,0,0,0,0,0,,,,
KLO,2012,12,27,3,7.7,,,,,,,,965.9,,8.4,,0,0,0,0,0,0,0,,,,
KLO,2012,12,27,4,7.7,,,,,,,,965.4,,6.9,,0,0,0,0,0,0,0,,,,
KLO,2012,12,27,5,6.5,,,,,,,,965.5,,7.8,,0,0,0,0,0,0,0,,,,
KLO,2012,12,27,6,6.4,,,,,,,,965.4,,5.5,,0,0,0,0,0,0,0,,,,
KLO,2012,12,27,7,6.1,,,,,,,,964.9,,3.2,,0,0,0,0,0,0,0,,,,
KLO,2012,12,27,8,6.3,,,,,,,,964.3,,5,,8,0,0,0,0,0,0,,,,
KLO,2012,12,27,9,5.9,,,,,,,,963.9,,2.6,,11,0.8,10.9,0,0,0,0,,,,
KLO,2012,12,27,10,6.1,,,,,,,,962.9,,1.6,,35,1.8,34.6,0,0,0,0,,,,
KLO,2012,12,27,11,6.6,,,,,,,,961.9,,3.9,,49,1.9,48.5,0,0,0,0,,,,
KLO,2012,12,27,12,7.4,,,,,,,,960.5,,5.3,,98,5.8,96.1,0,0,0,0,,,,
KLO,2012,12,27,13,8.7,,,,,,,,960.2,,9.6,,65,2.6,64.2,0,0,0,0,,,,
KLO,2012,12,27,14,8.7,,,,,,,,960.2,,9.9,,30,0.7,29.8,0,0,0,0,,,,
KLO,2012,12,27,15,7.8,,,,,,,,960,,7.9,,7,0.1,7,0,0,0,0,,,,
KLO,2012,12,27,16,8,,,,,,,,959.5,,7.3,,0,0,0,0,0,0,0,,,,
KLO,2012,12,27,17,7.2,,,,,,,,960.9,,9.4,,0,0,0,0,0,0,0,,,,
KLO,2012,12,27,18,6.1,,,,,,,,963.4,,6.8,,0,0,0,0,0,0,0,,,,
KLO,2012,12,27,19,6.8,,,,,,,,964.5,,6.2,,0,0,0,0,0,0,0,,,,
KLO,2012,12,27,20,6.7,,,,,,,,965.3,,6.4,,0,0,0,0,0,0,0,,,,
KLO,2012,12,27,21,6.5,,,,,,,,965.8,,6.5,,0,0,0,0,0,0,0,,,,
KLO,2012,12,27,22,6.3,,,,,,,,966.5,,7.5,,0,0,0,0,0,0,0,,,,
KLO,2012,12,27,23,6.2,,,,,,,,967.7,,7.2,,0,0,0,0,0,0,0,,,,
KLO,2012,12,28,0,6.2,,,,,,,,968.7,,8,,0,0,0,0,0,0,0,,,,
KLO,2012,12,28,1,6.1,,,,,,,,970.2,,7.8,,0,0,0,0,0,0,0,,,,
KLO,2012,12,28,2,5.9,,,,,,,,971.4,,7.1,,0,0,0,0,0,0,0,,,,
KLO,2012,12,28,3,5.9,,,,,,,,972.3,,8.3,,0,0,0,0,0,0,0,,,,
KLO,2012,12,28,4,5.7,,,,,,,,973.6,,6.3,,0,0,0,0,0,0,0,,,,
KLO,2012,12,28,5,5.6,,,,,,,,974.8,,4.2,,0,0,0,0,0,0,0,,,,
KLO,2012,12,28,6,5,,,,,,,,975.9,,3.8,,0,0,0,0,0,0,0,,,,
KLO,2012,12,28,7,4.2,,,,,,,,976.9,,1.9,,0,0,0,0,0,0,0,,,,
KLO,2012,12,28,8,4.4,,,,,,,,977.9,,0.9,,26,0,0,0,0,0,0,,,,
KLO,2012,12,28,9,5.3,,,,,,,,978.9,,2.4,,82,504.2,34.1,0,0,0,0,,,,
KLO,2012,12,28,10,5.7,,,,,,,,979.2,,5,,169,416.8,82.7,0,0,0,0,,,,
KLO,2012,12,28,11,5.9,,,,,,,,979.3,,4.6,,143,49.7,128.8,0,0,0,0,,,,
KLO,2012,12,28,12,6.3,,,,,,,,979.2,,3.2,,143,25.7,134.6,0,0,0,0,,,,
KLO,2012,12,28,13,6.7,,,,,,,,978.8,,1.7,,113,8.8,110.1,0,0,0,0,,,,
KLO,2012,12,28,14,6.8,,,,,,,,978.5,,2.1,,58,2.7,57.2,0,0,0,0,,,,
KLO,2012,12,28,15,6.5,,,,,,,,978.5,,2.5,,13,0.3,12.9,0,0,0,0,,,,
KLO,2012,12,28,16,6.1,,,,,,,,978.4,,2,,0,0,0,0,0,0,0,,,,
KLO,2012,12,28,17,6.3,,,,,,,,978.3,,1.1,,0,0,0,0,0,0,0,,,,
KLO,2012,12,28,18,5.9,,,,,,,,978,,2.1,,0,0,0,0,0,0,0,,,,
KLO,2012,12,28,19,5.4,,,,,,,,977.9,,2.1,,0,0,0,0,0,0,0,,,,
KLO,2012,12,28,20,5.5,,,,,,,,977.8,,1.5,,0,0,0,0,0,0,0,,,,
KLO,2012,12,28,21,5.1,,,,,,,,977.7,,1.9,,0,0,0,0,0,0,0,,,,
KLO,2012,12,28,22,5.2,,,,,,,,977.5,,2.4,,0,0,0,0,0,0,0,,,,
KLO,2012,12,28,23,4.9,,,,,,,,977.2,,1.6,,0,0,0,0,0,0,0,,,,
KLO,2012,12,29,0,3.2,,,,,,,,976.5,,2.4,,0,0,0,0,0,0,0,,,,
KLO,2012,12,29,1,2.7,,,,,,,,976,,2,,0,0,0,0,0,0,0,,,,
KLO,2012,12,29,2,2.1,,,,,,,,975.6,,1.6,,0,0,0,0,0,0,0,,,,
KLO,2012,12,29,3,1.7,,,,,,,,975,,0.8,,0,0,0,0,0,0,0,,,,
KLO,2012,12,29,4,1,,,,,,,,974.7,,0.7,,0,0,0,0,0,0,0,,,,
KLO,2012,12,29,5,0.5,,,,,,,,974.3,,0.7,,0,0,0,0,0,0,0,,,,
KLO,2012,12,29,6,0.1,,,,,,,,973.9,,0.7,,0,0,0,0,0,0,0,,,,
KLO,2012,12,29,7,0.1,,,,,,,,973.4,,1.2,,5,0,0,0,0,0,0,,,,
KLO,2012,12,29,8,0.1,,,,,,,,973,,1,,54,0,0,0,0,0,0,,,,
KLO,2012,12,29,9,1.5,,,,,,,,972.6,,0.9,,162,1427.1,26.7,0,0,0,0,,,,
KLO,2012,12,29,10,3.6,,,,,,,,971.9,,0.6,,288,1161.2,47.5,0,0,0,0,,,,
KLO,2012,12,29,11,5.4,,,,,,,,971,,0.4,,333,970.1,54.9,0,0,0,0,,,,
KLO,2012,12,29,12,6.7,,,,,,,,970.2,,0.8,,315,697.6,86.8,0,0,0,0,,,,
KLO,2012,12,29,13,7.6,,,,,,,,969.1,,0.6,,255,357.4,138.5,0,0,0,0,,,,
KLO,2012,12,29,14,8.3,,,,,,,,968.5,,0.7,,155,78,132.9,0,0,0,0,,,,
KLO,2012,12,29,15,7.2,,,,,,,,967.7,,1.1,,47,3.5,46.3,0,0,0,0,,,,
KLO,2012,12,29,16,5.5,,,,,,,,967.2,,0.6,,0,0,0,0,0,0,0,,,,
KLO,2012,12,29,17,3.4,,,,,,,,967,,1.3,,0,0,0,0,0,0,0,,,,
KLO,2012,12,29,18,2.1,,,,,,,,967.2,,1.3,,0,0,0,0,0,0,0,,,,
KLO,2012,12,29,19,1,,,,,,,,967.6,,1.7,,0,0,0,0,0,0,0,,,,
KLO,2012,12,29,20,1.7,,,,,,,,967.9,,2.7,,0,0,0,0,0,0,0,,,,
KLO,2012,12,29,21,1.7,,,,,,,,968.4,,2.5,,0,0,0,0,0,0,0,,,,
KLO,2012,12,29,22,2.9,,,,,,,,969,,2.7,,0,0,0,0,0,0,0,,,,
KLO,2012,12,29,23,5.3,,,,,,,,969.5,,2.6,,0,0,0,0,0,0,0,,,,
KLO,2012,12,30,0,3.8,,,,,,,,969.6,,1.6,,0,0,0,0,0,0,0,,,,
KLO,2012,12,30,1,4.7,,,,,,,,969.4,,1.5,,0,0,0,0,0,0,0,,,,
KLO,2012,12,30,2,5.7,,,,,,,,969.2,,3.2,,0,0,0,0,0,0,0,,,,
KLO,2012,12,30,3,7.3,,,,,,,,969.2,,4.5,,0,0,0,0,0,0,0,,,,
KLO,2012,12,30,4,6.8,,,,,,,,969.7,,3.4,,0,0,0,0,0,0,0,,,,
KLO,2012,12,30,5,6.2,,,,,,,,970.6,,2.2,,0,0,0,0,0,0,0,,,,
KLO,2012,12,30,6,6.4,,,,,,,,971.2,,4.4,,0,0,0,0,0,0,0,,,,
KLO,2012,12,30,7,6.6,,,,,,,,971.7,,4.9,,2,0,0,0,0,0,0,,,,
KLO,2012,12,30,8,6.9,,,,,,,,972.1,,5.2,,68,0,0,0,0,0,0,,,,
KLO,2012,12,30,9,7.9,,,,,,,,972.7,,5.3,,203,1789.6,33.5,0,0,0,0,,,,
KLO,2012,12,30,10,8.3,,,,,,,,972.8,,6.1,,224,893.4,38.8,0,0,0,0,,,,
KLO,2012,12,30,11,8.8,,,,,,,,972.7,,6.6,,210,275.8,130.8,0,0,0,0,,,,
KLO,2012,12,30,12,8.7,,,,,,,,972.8,,7.8,,189,98.6,156.7,0,0,0,0,,,,
KLO,2012,12,30,13,8.5,,,,,,,,973.1,,6.6,,145,27.2,136.1,0,0,0,0,,,,
KLO,2012,12,30,14,8.8,,,,,,,,973.5,,6.1,,175,133.3,137.1,0,0,0,0,,,,
KLO,2012,12,30,15,7.5,,,,,,,,974.2,,3.6,,38,2.2,37.5,0,0,0,0,,,,
KLO,2012,12,30,16,6.3,,,,,,,,974.7,,2.5,,0,0,0,0,0,0,0,,,,
KLO,2012,12,30,17,5.9,,,,,,,,975.1,,3.1,,0,0,0,0,0,0,0,,,,
KLO,2012,12,30,18,6.5,,,,,,,,975.6,,4,,0,0,0,0,0,0,0,,,,
KLO,2012,12,30,19,6.6,,,,,,,,975.8,,4.7,,0,0,0,0,0,0,0,,,,
KLO,2012,12,30,20,6.2,,,,,,,,975.9,,4.8,,0,0,0,0,0,0,0,,,,
KLO,2012,12,30,21,5.3,,,,,,,,976,,4,,0,0,0,0,0,0,0,,,,
KLO,2012,12,30,22,4.5,,,,,,,,976,,3.5,,0,0,0,0,0,0,0,,,,
KLO,2012,12,30,23,2.9,,,,,,,,976,,2.1,,0,0,0,0,0,0,0,,,,
KLO,2012,12,31,0,3.7,,,,,,,,975.9,,1.6,,0,0,0,0,0,0,0,,,,
KLO,2012,12,31,1,1.3,,,,,,,,975.9,,1.3,,0,0,0,0,0,0,0,,,,
KLO,2012,12,31,2,0.8,,,,,,,,975.8,,2.3,,0,0,0,0,0,0,0,,,,
KLO,2012,12,31,3,1.3,,,,,,,,975.2,,3.5,,0,0,0,0,0,0,0,,,,
KLO,2012,12,31,4,0.9,,,,,,,,974.7,,2.5,,0,0,0,0,0,0,0,,,,
KLO,2012,12,31,5,0.9,,,,,,,,974.3,,2.6,,0,0,0,0,0,0,0,,,,
KLO,2012,12,31,6,0.6,,,,,,,,974.1,,2.6,,0,0,0,0,0,0,0,,,,
KLO,2012,12,31,7,1.1,,,,,,,,973.8,,2.9,,5,0,0,0,0,0,0,,,,
KLO,2012,12,31,8,1.4,,,,,,,,973.4,,1.9,,68,0,0,0,0,0,0,,,,
KLO,2012,12,31,9,3.4,,,,,,,,973.3,,1.5,,184,1621.2,30.4,0,0,0,0,,,,
KLO,2012,12,31,10,5.5,,,,,,,,972.6,,2.9,,263,1057.4,43.4,0,0,0,0,,,,
KLO,2012,12,31,11,6.8,,,,,,,,971.5,,3.2,,310,888.8,54.1,0,0,0,0,,,,
KLO,2012,12,31,12,7.5,,,,,,,,970.3,,3.2,,294,561.8,109.1,0,0,0,0,,,,
KLO,2012,12,31,13,7.3,,,,,,,,969.4,,3,,200,127,158.3,0,0,0,0,,,,
KLO,2012,12,31,14,6.7,,,,,,,,968.6,,1.4,,102,9.7,99.2,0,0,0,0,,,,
KLO,2012,12,31,15,6,,,,,,,,967.9,,1.9,,42,2.7,41.5,0,0,0,0,,,,
KLO,2012,12,31,16,4.2,,,,,,,,967.3,,1.5,,0,0,0,0,0,0,0,,,,
KLO,2012,12,31,17,2.7,,,,,,,,966.9,,0.5,,0,0,0,0,0,0,0,,,,
KLO,2012,12,31,18,1.4,,,,,,,,966.6,,1.1,,0,0,0,0,0,0,0,,,,
KLO,2012,12,31,19,0.6,,,,,,,,965.9,,1.9,,0,0,0,0,0,0,0,,,,
KLO,2012,12,31,20,0.6,,,,,,,,965.3,,1.5,,0,0,0,0,0,0,0,,,,
KLO,2012,12,31,21,-0.5,,,,,,,,964.4,,1.1,,0,0,0,0,0,0,0,,,,
KLO,2012,12,31,22,-1.1,,,,,,,,963.7,,0.8,,0,0,0,0,0,0,0,,,,
KLO,2012,12,31,23,-1.9,,,,,,,,963.1,,1,,0,0,0,0,0,0,0,,,,
