station,time.yy,time.mm,time.dd,time.hh,temp,relhum,vappres,dewpt,mixratio,wetbulb,enthalpy,precip,airpres,winddir,windmean,windmax,rad.global,rad.direct,rad.diffus,rad.vert.N,rad.vert.E,rad.vert.S,rad.vert.W,ir.horiz,cloudcov,albedo,emissivity
KLO,2009,1,1,0,0.6,,,,,,,,972.8,,0.5,,0,0,0,0,0,0,0,,,,
KLO,2009,1,1,1,0.5,,,,,,,,973.5,,0.3,,0,0,0,0,0,0,0,,,,
KLO,2009,1,1,2,0.8,,,,,,,,974.3,,0.7,,0,0,0,0,0,0,0,,,,
KLO,2009,1,1,3,0.6,,,,,,,,974.8,,0.5,,0,0,0,0,0,0,0,,,,
KLO,2009,1,1,4,0.4,,,,,,,,975,,0.5,,0,0,0,0,0,0,0,,,,
KLO,2009,1,1,5,0.2,,,,,,,,975.2,,1.3,,0,0,0,0,0,0,0,,,,
KLO,2009,1,1,6,0.4,,,,,,,,975.8,,0.4,,0,0,0,0,0,0,0,,,,
KLO,2009,1,1,7,-0.1,,,,,,,,976,,0.3,,3,0,0,0,0,0,0,,,,
KLO,2009,1,1,8,-1.3,,,,,,,,976.3,,0.6,,62,0,0,0,0,0,0,,,,
KLO,2009,1,1,9,-0.2,,,,,,,,976.3,,0.7,,188,1655,31,0,0,0,0,,,,
KLO,2009,1,1,10,0.6,,,,,,,,976.1,,1.5,,267,1071.4,44.1,0,0,0,0,,,,
KLO,2009,1,1,11,0.9,,,,,,,,975.5,,0.6,,245,476.4,107.5,0,0,0,0,,,,
KLO,2009,1,1,12,1.3,,,,,,,,974.9,,1.5,,252,325.3,144.6,0,0,0,0,,,,
KLO,2009,1,1,13,1.3,,,,,,,,974.6,,2,,179,74.3,154.5,0,0,0,0,,,,
KLO,2009,1,1,14,1.2,,,,,,,,974.5,,1.8,,59,2.7,58.2,0,0,0,0,,,,
KLO,2009,1,1,15,0.7,,,,,,,,974.4,,2.2,,16,0.4,15.9,0,0,0,0,,,,
KLO,2009,1,1,16,0.5,,,,,,,,974.5,,1.7,,0,0,0,0,0,0,0,,,,
KLO,2009,1,1,17,0.7,,,,,,,,974.3,,2.2,,0,0,0,0,0,0,0,,,,
KLO,2009,1,1,18,0.4,,,,,,,,974.3,,2.9,,0,0,0,0,0,0,0,,,,
KLO,2009,1,1,19,0.2,,,,,,,,974.3,,2,,0,0,0,0,0,0,0,,,,
KLO,2009,1,1,20,0.1,,,,,,,,974.1,,2.5,,0,0,0,0,0,0,0,,,,
KLO,2009,1,1,21,-0.1,,,,,,,,973.6,,1.6,,0,0,0,0,0,0,0,,,,
KLO,2009,1,1,22,0.1,,,,,,,,973.4,,2.3,,0,0,0,0,0,0,0,,,,
KLO,2009,1,1,23,0,,,,,,,,973,,2.4,,0,0,0,0,0,0,0,,,,
KLO,2009,1,2,0,-0.2,,,,,,,,972.5,,2.4,,0,0,0,0,0,0,0,,,,
KLO,2009,1,2,1,-0.4,,,,,,,,972.4,,1.8,,0,0,0,0,0,0,0,,,,
KLO,2009,1,2,2,-0.5,,,,,,,,972.3,,1.6,,0,0,0,0,0,0,0,,,,
KLO,2009,1,2,3,-0.6,,,,,,,,972.1,,0.3,,0,0,0,0,0,0,0,,,,
KLO,2009,1,2,4,-0.7,,,,,,,,971.8,,0.7,,0,0,0,0,0,0,0,,,,
KLO,2009,1,2,5,-0.8,,,,,,,,971.6,,0.3,,0,0,0,0,0,0,0,,,,
KLO,2009,1,2,6,-0.8,,,,,,,,971.7,,0.5,,0,0,0,0,0,0,0,,,,
KLO,2009,1,2,7,-1,,,,,,,,971.9,,0.4,,0,0,0,0,0,0,0,,,,
KLO,2009,1,2,8,-1,,,,,,,,971.9,,0.5,,7,0,0,0,0,0,0,,,,
KLO,2009,1,2,9,-0.9,,,,,,,,972.1,,0.4,,22,3.4,21.7,0,0,0,0,,,,
KLO,2009,1,2,10,-0.8,,,,,,,,972.2,,1.9,,46,3.1,45.4,0,0,0,0,,,,
KLO,2009,1,2,11,-0.6,,,,,,,,971.8,,2.6,,71,3.8,69.9,0,0,0,0,,,,
KLO,2009,1,2,12,-0.5,,,,,,,,971.4,,1.6,,87,4.4,85.5,0,0,0,0,,,,
KLO,2009,1,2,13,-0.5,,,,,,,,971.3,,0.7,,64,2.4,63.2,0,0,0,0,,,,
KLO,2009,1,2,14,-0.4,,,,,,,,971.5,,1.3,,33,0.8,32.8,0,0,0,0,,,,
KLO,2009,1,2,15,-0.3,,,,,,,,971.6,,2.7,,4,0,4,0,0,0,0,,,,
KLO,2009,1,2,16,-0.8,,,,,,,,971.7,,5.9,,0,0,0,0,0,0,0,,,,
KLO,2009,1,2,17,-1.1,,,,,,,,972,,4.5,,0,0,0,0,0,0,0,,,,
KLO,2009,1,2,18,-1.2,,,,,,,,972.3,,4.3,,0,0,0,0,0,0,0,,,,
KLO,2009,1,2,19,-1.7,,,,,,,,972.6,,4.7,,0,0,0,0,0,0,0,,,,
KLO,2009,1,2,20,-2.3,,,,,,,,972.7,,6.2,,0,0,0,0,0,0,0,,,,
KLO,2009,1,2,21,-2.7,,,,,,,,972.8,,6,,0,0,0,0,0,0,0,,,,
KLO,2009,1,2,22,-3.1,,,,,,,,972.8,,5.9,,0,0,0,0,0,0,0,,,,
KLO,2009,1,2,23,-3.3,,,,,,,,972.6,,4.4,,0,0,0,0,0,0,0,,,,
KLO,2009,1,3,0,-3.4,,,,,,,,972.4,,3.7,,0,0,0,0,0,0,0,,,,
KLO,2009,1,3,1,-3.7,,,,,,,,972.3,,4,,0,0,0,0,0,0,0,,,,
KLO,2009,1,3,2,-3.8,,,,,,,,972.2,,5,,0,0,0,0,0,0,0,,,,
KLO,2009,1,3,3,-3.9,,,,,,,,971.9,,4,,0,0,0,0,0,0,0,,,,
KLO,2009,1,3,4,-4,,,,,,,,971.6,,4.1,,0,0,0,0,0,0,0,,,,
KLO,2009,1,3,5,-4.1,,,,,,,,971.6,,3.5,,0,0,0,0,0,0,0,,,,
KLO,2009,1,3,6,-4.3,,,,,,,,971.6,,3.8,,0,0,0,0,0,0,0,,,,
KLO,2009,1,3,7,-4.5,,,,,,,,971.8,,3.4,,1,0,0,0,0,0,0,,,,
KLO,2009,1,3,8,-4.7,,,,,,,,972,,3.6,,22,0,0,0,0,0,0,,,,
KLO,2009,1,3,9,-4.7,,,,,,,,972,,3.5,,63,180.4,45.8,0,0,0,0,,,,
KLO,2009,1,3,10,-4.6,,,,,,,,972,,3.6,,87,19.7,82.9,0,0,0,0,,,,
KLO,2009,1,3,11,-4.3,,,,,,,,971.6,,4.1,,122,20.7,116,0,0,0,0,,,,
KLO,2009,1,3,12,-4.3,,,,,,,,971.3,,2.3,,84,4.1,82.7,0,0,0,0,,,,
KLO,2009,1,3,13,-4.2,,,,,,,,971.1,,2.7,,64,2.3,63.2,0,0,0,0,,,,
KLO,2009,1,3,14,-4.3,,,,,,,,971.2,,2.3,,37,1,36.7,0,0,0,0,,,,
KLO,2009,1,3,15,-4.2,,,,,,,,971.4,,1.8,,9,0.1,9,0,0,0,0,,,,
KLO,2009,1,3,16,-4.1,,,,,,,,971.6,,1.8,,0,0,0,0,0,0,0,,,,
KLO,2009,1,3,17,-4,,,,,,,,971.7,,1.3,,0,0,0,0,0,0,0,,,,
KLO,2009,1,3,18,-3.9,,,,,,,,971.7,,1.5,,0,0,0,0,0,0,0,,,,
KLO,2009,1,3,19,-3.9,,,,,,,,972,,1.6,,0,0,0,0,0,0,0,,,,
KLO,2009,1,3,20,-3.9,,,,,,,,972.1,,2.3,,0,0,0,0,0,0,0,,,,
KLO,2009,1,3,21,-4,,,,,,,,972.1,,2.7,,0,0,0,0,0,0,0,,,,
KLO,2009,1,3,22,-4,,,,,,,,971.9,,2.8,,0,0,0,0,0,0,0,,,,
KLO,2009,1,3,23,-4.1,,,,,,,,971.9,,2.6,,0,0,0,0,0,0,0,,,,
KLO,2009,1,4,0,-4.2,,,,,,,,971.5,,2.5,,0,0,0,0,0,0,0,,,,
KLO,2009,1,4,1,-4.2,,,,,,,,971.1,,2.1,,0,0,0,0,0,0,0,,,,
KLO,2009,1,4,2,-4.3,,,,,,,,970.9,,0.7,,0,0,0,0,0,0,0,,,,
KLO,2009,1,4,3,-4.3,,,,,,,,970.9,,0.6,,0,0,0,0,0,0,0,,,,
KLO,2009,1,4,4,-4.4,,,,,,,,970.8,,0.3,,0,0,0,0,0,0,0,,,,
KLO,2009,1,4,5,-4.6,,,,,,,,970.5,,0.4,,0,0,0,0,0,0,0,,,,
KLO,2009,1,4,6,-4.7,,,,,,,,970.7,,0.8,,0,0,0,0,0,0,0,,,,
KLO,2009,1,4,7,-4.9,,,,,,,,970.8,,1,,2,0,0,0,0,0,0,,,,
KLO,2009,1,4,8,-5,,,,,,,,970.9,,0.6,,34,0,0,0,0,0,0,,,,
KLO,2009,1,4,9,-4.8,,,,,,,,970.9,,0.7,,88,607,29.7,0,0,0,0,,,,
KLO,2009,1,4,10,-4.4,,,,,,,,970.5,,1.2,,109,59.6,96.5,0,0,0,0,,,,
KLO,2009,1,4,11,-4.1,,,,,,,,969.7,,1.1,,142,43.6,129.3,0,0,0,0,,,,
KLO,2009,1,4,12,-4.1,,,,,,,,969.1,,1.3,,158,37.5,145.4,0,0,0,0,,,,
KLO,2009,1,4,13,-4,,,,,,,,968.4,,0.8,,142,21.7,134.7,0,0,0,0,,,,
KLO,2009,1,4,14,-4,,,,,,,,968.1,,1.7,,104,9.4,101.2,0,0,0,0,,,,
KLO,2009,1,4,15,-4.7,,,,,,,,968.1,,2.6,,32,1.4,31.7,0,0,0,0,,,,
KLO,2009,1,4,16,-6,,,,,,,,968.1,,1.5,,0,0,0,0,0,0,0,,,,
KLO,2009,1,4,17,-7,,,,,,,,968.1,,1,,0,0,0,0,0,0,0,,,,
KLO,2009,1,4,18,-6.9,,,,,,,,968.1,,1.1,,0,0,0,0,0,0,0,,,,
KLO,2009,1,4,19,-7.7,,,,,,,,968.1,,1.6,,0,0,0,0,0,0,0,,,,
KLO,2009,1,4,20,-7.3,,,,,,,,968,,0.7,,0,0,0,0,0,0,0,,,,
KLO,2009,1,4,21,-6.9,,,,,,,,967.8,,0.2,,0,0,0,0,0,0,0,,,,
KLO,2009,1,4,22,-6.3,,,,,,,,967.5,,1.2,,0,0,0,0,0,0,0,,,,
KLO,2009,1,4,23,-5.9,,,,,,,,967.2,,0.9,,0,0,0,0,0,0,0,,,,
KLO,2009,1,5,0,-5.4,,,,,,,,966.5,,1.7,,0,0,0,0,0,0,0,,,,
KLO,2009,1,5,1,-5.4,,,,,,,,966.2,,1.8,,0,0,0,0,0,0,0,,,,
KLO,2009,1,5,2,-5.4,,,,,,,,965.9,,1.7,,0,0,0,0,0,0,0,,,,
KLO,2009,1,5,3,-5.6,,,,,,,,965.6,,1.6,,0,0,0,0,0,0,0,,,,
KLO,2009,1,5,4,-5.7,,,,,,,,965.4,,1.3,,0,0,0,0,0,0,0,,,,
KLO,2009,1,5,5,-5.7,,,,,,,,965.2,,1.3,,0,0,0,0,0,0,0,,,,
KLO,2009,1,5,6,-5.8,,,,,,,,965.2,,1.7,,0,0,0,0,0,0,0,,,,
KLO,2009,1,5,7,-5.9,,,,,,,,965.2,,1.8,,11,0,0,0,0,0,0,,,,
KLO,2009,1,5,8,-5.7,,,,,,,,965.5,,1,,56,0,0,0,0,0,0,,,,
KLO,2009,1,5,9,-5.3,,,,,,,,965.6,,0.7,,108,933.3,17.8,0,0,0,0,,,,
KLO,2009,1,5,10,-4.6,,,,,,,,965.4,,0.6,,205,712.5,54.5,0,0,0,0,,,,
KLO,2009,1,5,11,-4.5,,,,,,,,965,,0.6,,171,104.5,140.4,0,0,0,0,,,,
KLO,2009,1,5,12,-4.2,,,,,,,,964.5,,0.1,,116,8.6,113.1,0,0,0,0,,,,
KLO,2009,1,5,13,-3.9,,,,,,,,964.5,,0,,94,4.9,92.3,0,0,0,0,,,,
KLO,2009,1,5,14,-3.9,,,,,,,,964.5,,0.1,,65,3.1,64.1,0,0,0,0,,,,
KLO,2009,1,5,15,-3.9,,,,,,,,964.7,,0,,26,0.9,25.8,0,0,0,0,,,,
KLO,2009,1,5,16,-4.1,,,,,,,,964.8,,0,,0,0,0,0,0,0,0,,,,
KLO,2009,1,5,17,-4.3,,,,,,,,965,,0.3,,0,0,0,0,0,0,0,,,,
KLO,2009,1,5,18,-4.3,,,,,,,,965.2,,1.2,,0,0,0,0,0,0,0,,,,
KLO,2009,1,5,19,-4.6,,,,,,,,965.3,,0.2,,0,0,0,0,0,0,0,,,,
KLO,2009,1,5,20,-4.7,,,,,,,,965.3,,1.2,,0,0,0,0,0,0,0,,,,
KLO,2009,1,5,21,-4.6,,,,,,,,965.4,,1.1,,0,0,0,0,0,0,0,,,,
KLO,2009,1,5,22,-4.5,,,,,,,,965.4,,1.1,,0,0,0,0,0,0,0,,,,
KLO,2009,1,5,23,-4.7,,,,,,,,965.1,,1.6,,0,0,0,0,0,0,0,,,,
KLO,2009,1,6,0,-4.7,,,,,,,,964.7,,1.5,,0,0,0,0,0,0,0,,,,
KLO,2009,1,6,1,-4.7,,,,,,,,964.7,,1.2,,0,0,0,0,0,0,0,,,,
KLO,2009,1,6,2,-4.6,,,,,,,,964.6,,2.4,,0,0,0,0,0,0,0,,,,
KLO,2009,1,6,3,-4.4,,,,,,,,964.3,,2,,0,0,0,0,0,0,0,,,,
KLO,2009,1,6,4,-4.1,,,,,,,,964.3,,2.1,,0,0,0,0,0,0,0,,,,
KLO,2009,1,6,5,-3.7,,,,,,,,964.2,,2.2,,0,0,0,0,0,0,0,,,,
KLO,2009,1,6,6,-3.5,,,,,,,,964.3,,2.9,,0,0,0,0,0,0,0,,,,
KLO,2009,1,6,7,-3.4,,,,,,,,964.4,,3.9,,1,0,0,0,0,0,0,,,,
KLO,2009,1,6,8,-3.3,,,,,,,,964.4,,3.8,,15,0,0,0,0,0,0,,,,
KLO,2009,1,6,9,-3.1,,,,,,,,964.5,,3.5,,72,287.5,44,0,0,0,0,,,,
KLO,2009,1,6,10,-2.9,,,,,,,,964.4,,3.5,,97,31.7,90.3,0,0,0,0,,,,
KLO,2009,1,6,11,-2.9,,,,,,,,963.9,,3.9,,75,4.1,73.8,0,0,0,0,,,,
KLO,2009,1,6,12,-2.9,,,,,,,,963.5,,3.2,,47,1.2,46.6,0,0,0,0,,,,
KLO,2009,1,6,13,-2.7,,,,,,,,963.4,,2.7,,68,2.6,67.1,0,0,0,0,,,,
KLO,2009,1,6,14,-2.7,,,,,,,,963.8,,2.8,,27,0.5,26.8,0,0,0,0,,,,
KLO,2009,1,6,15,-2.9,,,,,,,,964.3,,3.5,,6,0,6,0,0,0,0,,,,
KLO,2009,1,6,16,-3,,,,,,,,964.7,,4.1,,0,0,0,0,0,0,0,,,,
KLO,2009,1,6,17,-3.1,,,,,,,,964.8,,4.1,,0,0,0,0,0,0,0,,,,
KLO,2009,1,6,18,-3.2,,,,,,,,965,,4.3,,0,0,0,0,0,0,0,,,,
KLO,2009,1,6,19,-3.3,,,,,,,,965.1,,3.7,,0,0,0,0,0,0,0,,,,
KLO,2009,1,6,20,-3.4,,,,,,,,965.3,,4.3,,0,0,0,0,0,0,0,,,,
KLO,2009,1,6,21,-3.4,,,,,,,,965.3,,4.2,,0,0,0,0,0,0,0,,,,
KLO,2009,1,6,22,-3.5,,,,,,,,965.4,,4.4,,0,0,0,0,0,0,0,,,,
KLO,2009,1,6,23,-3.6,,,,,,,,965.5,,4.4,,0,0,0,0,0,0,0,,,,
KLO,2009,1,7,0,-3.6,,,,,,,,965.5,,4.3,,0,0,0,0,0,0,0,,,,
KLO,2009,1,7,1,-3.7,,,,,,,,965.6,,4,,0,0,0,0,0,0,0,,,,
KLO,2009,1,7,2,-3.7,,,,,,,,965.7,,3.9,,0,0,0,0,0,0,0,,,,
KLO,2009,1,7,3,-4,,,,,,,,965.5,,3.4,,0,0,0,0,0,0,0,,,,
KLO,2009,1,7,4,-4.1,,,,,,,,965.5,,2.8,,0,0,0,0,0,0,0,,,,
KLO,2009,1,7,5,-4.2,,,,,,,,965.6,,2.8,,0,0,0,0,0,0,0,,,,
KLO,2009,1,7,6,-4.2,,,,,,,,965.7,,2.5,,0,0,0,0,0,0,0,,,,
KLO,2009,1,7,7,-4.2,,,,,,,,966.1,,3,,0,0,0,0,0,0,0,,,,
KLO,2009,1,7,8,-4.2,,,,,,,,966.4,,3.6,,10,0,0,0,0,0,0,,,,
KLO,2009,1,7,9,-4.4,,,,,,,,966.9,,3.6,,28,5.2,27.5,0,0,0,0,,,,
KLO,2009,1,7,10,-4.3,,,,,,,,967.1,,3.6,,59,4.9,58,0,0,0,0,,,,
KLO,2009,1,7,11,-4.3,,,,,,,,966.9,,4.7,,65,3.1,64.1,0,0,0,0,,,,
KLO,2009,1,7,12,-4.4,,,,,,,,966.6,,5.6,,70,2.7,69.1,0,0,0,0,,,,
KLO,2009,1,7,13,-4.3,,,,,,,,966.3,,4.9,,61,2,60.3,0,0,0,0,,,,
KLO,2009,1,7,14,-4.3,,,,,,,,966.6,,5.3,,40,1.1,39.7,0,0,0,0,,,,
KLO,2009,1,7,15,-4.2,,,,,,,,967.1,,3.9,,11,0.2,11,0,0,0,0,,,,
KLO,2009,1,7,16,-4.2,,,,,,,,967.5,,3.7,,0,0,0,0,0,0,0,,,,
KLO,2009,1,7,17,-4.4,,,,,,,,968,,4.3,,0,0,0,0,0,0,0,,,,
KLO,2009,1,7,18,-4.5,,,,,,,,968.7,,3.3,,0,0,0,0,0,0,0,,,,
KLO,2009,1,7,19,-5,,,,,,,,969.2,,3.5,,0,0,0,0,0,0,0,,,,
KLO,2009,1,7,20,-5.6,,,,,,,,969.7,,3.2,,0,0,0,0,0,0,0,,,,
KLO,2009,1,7,21,-6,,,,,,,,970.1,,2.7,,0,0,0,0,0,0,0,,,,
KLO,2009,1,7,22,-6.6,,,,,,,,970.5,,2.8,,0,0,0,0,0,0,0,,,,
KLO,2009,1,7,23,-7.7,,,,,,,,970.4,,2.9,,0,0,0,0,0,0,0,,,,
KLO,2009,1,8,0,-9,,,,,,,,970.5,,2,,0,0,0,0,0,0,0,,,,
KLO,2009,1,8,1,-8.5,,,,,,,,970.6,,0.4,,0,0,0,0,0,0,0,,,,
KLO,2009,1,8,2,-7.8,,,,,,,,970.7,,0.2,,0,0,0,0,0,0,0,,,,
KLO,2009,1,8,3,-4.9,,,,,,,,970.8,,3.7,,0,0,0,0,0,0,0,,,,
KLO,2009,1,8,4,-4.6,,,,,,,,971,,3.5,,0,0,0,0,0,0,0,,,,
KLO,2009,1,8,5,-5.2,,,,,,,,971.2,,4,,0,0,0,0,0,0,0,,,,
KLO,2009,1,8,6,-5.4,,,,,,,,971.6,,3.3,,0,0,0,0,0,0,0,,,,
KLO,2009,1,8,7,-5.2,,,,,,,,972,,4.2,,1,0,0,0,0,0,0,,,,
KLO,2009,1,8,8,-5.5,,,,,,,,972.5,,3.2,,21,0,0,0,0,0,0,,,,
KLO,2009,1,8,9,-5.3,,,,,,,,972.9,,3.7,,69,224.7,46.7,0,0,0,0,,,,
KLO,2009,1,8,10,-4.9,,,,,,,,972.8,,4.3,,94,25.5,88.5,0,0,0,0,,,,
KLO,2009,1,8,11,-4.7,,,,,,,,972.5,,4.1,,120,16.9,115,0,0,0,0,,,,
KLO,2009,1,8,12,-4.7,,,,,,,,972.4,,3.5,,119,8.8,116,0,0,0,0,,,,
KLO,2009,1,8,13,-4.6,,,,,,,,972.3,,3.5,,106,6.1,103.9,0,0,0,0,,,,
KLO,2009,1,8,14,-4.5,,,,,,,,972.5,,3.7,,76,4,74.8,0,0,0,0,,,,
KLO,2009,1,8,15,-4.8,,,,,,,,973,,3.8,,23,0.7,22.8,0,0,0,0,,,,
KLO,2009,1,8,16,-5,,,,,,,,973.5,,3.4,,1,0,1,0,0,0,0,,,,
KLO,2009,1,8,17,-5.4,,,,,,,,974,,2.8,,0,0,0,0,0,0,0,,,,
KLO,2009,1,8,18,-5.5,,,,,,,,974.4,,3.5,,0,0,0,0,0,0,0,,,,
KLO,2009,1,8,19,-5.5,,,,,,,,974.8,,3.1,,0,0,0,0,0,0,0,,,,
KLO,2009,1,8,20,-5.9,,,,,,,,975.2,,1.5,,0,0,0,0,0,0,0,,,,
KLO,2009,1,8,21,-7.6,,,,,,,,975.4,,1.3,,0,0,0,0,0,0,0,,,,
KLO,2009,1,8,22,-8.3,,,,,,,,975.6,,0.1,,0,0,0,0,0,0,0,,,,
KLO,2009,1,8,23,-9.3,,,,,,,,975.8,,0,,0,0,0,0,0,0,0,,,,
KLO,2009,1,9,0,-8.3,,,,,,,,975.8,,0,,0,0,0,0,0,0,0,,,,
KLO,2009,1,9,1,-7.4,,,,,,,,975.8,,0,,0,0,0,0,0,0,0,,,,
KLO,2009,1,9,2,-6.8,,,,,,,,975.7,,0,,0,0,0,0,0,0,0,,,,
KLO,2009,1,9,3,-6.5,,,,,,,,975.5,,0.2,,0,0,0,0,0,0,0,,,,
KLO,2009,1,9,4,-6.1,,,,,,,,975.4,,0.9,,0,0,0,0,0,0,0,,,,
KLO,2009,1,9,5,-6,,,,,,,,975.5,,1.5,,0,0,0,0,0,0,0,,,,
KLO,2009,1,9,6,-5.6,,,,,,,,975.8,,1.2,,0,0,0,0,0,0,0,,,,
KLO,2009,1,9,7,-5.5,,,,,,,,976.3,,0.5,,2,0,0,0,0,0,0,,,,
KLO,2009,1,9,8,-5.5,,,,,,,,976.7,,0.3,,28,0,0,0,0,0,0,,,,
KLO,2009,1,9,9,-5.1,,,,,,,,977,,0.3,,74,284.6,45.4,0,0,0,0,,,,
KLO,2009,1,9,10,-5,,,,,,,,976.8,,0.5,,123,92.9,102.9,0,0,0,0,,,,
KLO,2009,1,9,11,-4.7,,,,,,,,976.4,,0.2,,163,75.3,140.4,0,0,0,0,,,,
KLO,2009,1,9,12,-4.4,,,,,,,,975.9,,0.7,,164,39.4,150.5,0,0,0,0,,,,
KLO,2009,1,9,13,-4.2,,,,,,,,975.5,,1.1,,141,17.8,134.8,0,0,0,0,,,,
KLO,2009,1,9,14,-4.2,,,,,,,,975.4,,0.6,,88,5.3,86.4,0,0,0,0,,,,
KLO,2009,1,9,15,-4.5,,,,,,,,975.4,,0.7,,28,1,27.8,0,0,0,0,,,,
KLO,2009,1,9,16,-4.9,,,,,,,,975.4,,2,,1,0,1,0,0,0,0,,,,
KLO,2009,1,9,17,-5,,,,,,,,975.7,,1.6,,0,0,0,0,0,0,0,,,,
KLO,2009,1,9,18,-5.3,,,,,,,,975.8,,1.3,,0,0,0,0,0,0,0,,,,
KLO,2009,1,9,19,-5.2,,,,,,,,975.9,,1,,0,0,0,0,0,0,0,,,,
KLO,2009,1,9,20,-5,,,,,,,,976.2,,1.4,,0,0,0,0,0,0,0,,,,
KLO,2009,1,9,21,-5,,,,,,,,976.3,,1.9,,0,0,0,0,0,0,0,,,,
KLO,2009,1,9,22,-4.9,,,,,,,,976.2,,1.4,,0,0,0,0,0,0,0,,,,
KLO,2009,1,9,23,-4.9,,,,,,,,976,,0.9,,0,0,0,0,0,0,0,,,,
KLO,2009,1,10,0,-5.1,,,,,,,,975.8,,1.3,,0,0,0,0,0,0,0,,,,
KLO,2009,1,10,1,-5.1,,,,,,,,975.6,,1.3,,0,0,0,0,0,0,0,,,,
KLO,2009,1,10,2,-5.1,,,,,,,,975.6,,0.6,,0,0,0,0,0,0,0,,,,
KLO,2009,1,10,3,-5.3,,,,,,,,975.5,,0.7,,0,0,0,0,0,0,0,,,,
KLO,2009,1,10,4,-5.6,,,,,,,,975.4,,1.8,,0,0,0,0,0,0,0,,,,
KLO,2009,1,10,5,-5.6,,,,,,,,975.3,,0.9,,0,0,0,0,0,0,0,,,,
KLO,2009,1,10,6,-5.5,,,,,,,,975.6,,1.7,,0,0,0,0,0,0,0,,,,
KLO,2009,1,10,7,-5.4,,,,,,,,975.9,,1.8,,1,0,0,0,0,0,0,,,,
KLO,2009,1,10,8,-5.4,,,,,,,,976.3,,1.5,,24,0,0,0,0,0,0,,,,
KLO,2009,1,10,9,-5.4,,,,,,,,976.6,,1.2,,59,102.3,48.6,0,0,0,0,,,,
KLO,2009,1,10,10,-5.2,,,,,,,,976.8,,0.3,,95,25.1,89.5,0,0,0,0,,,,
KLO,2009,1,10,11,-5.1,,,,,,,,976.4,,0.6,,133,26.6,125,0,0,0,0,,,,
KLO,2009,1,10,12,-4.8,,,,,,,,976.2,,0.8,,147,21.9,139.4,0,0,0,0,,,,
KLO,2009,1,10,13,-4.6,,,,,,,,976.1,,0.8,,121,8.7,118,0,0,0,0,,,,
KLO,2009,1,10,14,-4.6,,,,,,,,976.4,,0.4,,80,4.3,78.7,0,0,0,0,,,,
KLO,2009,1,10,15,-4.7,,,,,,,,977,,1,,27,0.9,26.8,0,0,0,0,,,,
KLO,2009,1,10,16,-4.8,,,,,,,,977.5,,0.9,,1,0,1,0,0,0,0,,,,
KLO,2009,1,10,17,-4.6,,,,,,,,977.8,,0.4,,0,0,0,0,0,0,0,,,,
KLO,2009,1,10,18,-4.7,,,,,,,,978,,0.7,,0,0,0,0,0,0,0,,,,
KLO,2009,1,10,19,-4.7,,,,,,,,978.3,,1,,0,0,0,0,0,0,0,,,,
KLO,2009,1,10,20,-5.1,,,,,,,,978.6,,0.8,,0,0,0,0,0,0,0,,,,
KLO,2009,1,10,21,-5.3,,,,,,,,978.9,,0.5,,0,0,0,0,0,0,0,,,,
KLO,2009,1,10,22,-5.5,,,,,,,,979.2,,0.5,,0,0,0,0,0,0,0,,,,
KLO,2009,1,10,23,-5.7,,,,,,,,979.4,,0.9,,0,0,0,0,0,0,0,,,,
KLO,2009,1,11,0,-5.9,,,,,,,,979.3,,0.8,,0,0,0,0,0,0,0,,,,
KLO,2009,1,11,1,-5.7,,,,,,,,979.6,,0.8,,0,0,0,0,0,0,0,,,,
KLO,2009,1,11,2,-5.6,,,,,,,,980,,1.6,,0,0,0,0,0,0,0,,,,
KLO,2009,1,11,3,-5.9,,,,,,,,980.6,,1.5,,0,0,0,0,0,0,0,,,,
KLO,2009,1,11,4,-6.1,,,,,,,,980.9,,0.7,,0,0,0,0,0,0,0,,,,
KLO,2009,1,11,5,-5.9,,,,,,,,981.1,,0.3,,0,0,0,0,0,0,0,,,,
KLO,2009,1,11,6,-5.3,,,,,,,,981.2,,0.7,,0,0,0,0,0,0,0,,,,
KLO,2009,1,11,7,-5.9,,,,,,,,981.5,,2,,3,0,0,0,0,0,0,,,,
KLO,2009,1,11,8,-5.9,,,,,,,,982,,0.8,,32,0,0,0,0,0,0,,,,
KLO,2009,1,11,9,-5.8,,,,,,,,982,,0.4,,89,506,36.9,0,0,0,0,,,,
KLO,2009,1,11,10,-5.5,,,,,,,,981.9,,0.3,,123,86.6,104,0,0,0,0,,,,
KLO,2009,1,11,11,-5.3,,,,,,,,981.4,,0.5,,141,34.5,130.5,0,0,0,0,,,,
KLO,2009,1,11,12,-5.1,,,,,,,,980.9,,0.4,,160,32.5,148.7,0,0,0,0,,,,
KLO,2009,1,11,13,-4.9,,,,,,,,980.5,,0.4,,144,18.4,137.5,0,0,0,0,,,,
KLO,2009,1,11,14,-4.8,,,,,,,,980.5,,0.3,,85,4.7,83.5,0,0,0,0,,,,
KLO,2009,1,11,15,-4.7,,,,,,,,980.8,,0.7,,27,0.9,26.8,0,0,0,0,,,,
KLO,2009,1,11,16,-4.8,,,,,,,,980.9,,0.5,,1,0,1,0,0,0,0,,,,
KLO,2009,1,11,17,-5.4,,,,,,,,980.9,,0.7,,0,0,0,0,0,0,0,,,,
KLO,2009,1,11,18,-5.6,,,,,,,,981,,0.9,,0,0,0,0,0,0,0,,,,
KLO,2009,1,11,19,-5.9,,,,,,,,981.1,,0.7,,0,0,0,0,0,0,0,,,,
KLO,2009,1,11,20,-6,,,,,,,,981.1,,0.5,,0,0,0,0,0,0,0,,,,
KLO,2009,1,11,21,-6.1,,,,,,,,980.9,,0.1,,0,0,0,0,0,0,0,,,,
KLO,2009,1,11,22,-6,,,,,,,,980.7,,0.7,,0,0,0,0,0,0,0,,,,
KLO,2009,1,11,23,-6.4,,,,,,,,980.4,,1,,0,0,0,0,0,0,0,,,,
KLO,2009,1,12,0,-6.6,,,,,,,,980,,0.6,,0,0,0,0,0,0,0,,,,
KLO,2009,1,12,1,-6.9,,,,,,,,979.8,,0.3,,0,0,0,0,0,0,0,,,,
KLO,2009,1,12,2,-6.6,,,,,,,,979.5,,0.3,,0,0,0,0,0,0,0,,,,
KLO,2009,1,12,3,-6.6,,,,,,,,979.3,,0.7,,0,0,0,0,0,0,0,,,,
KLO,2009,1,12,4,-6.5,,,,,,,,978.9,,0.6,,0,0,0,0,0,0,0,,,,
KLO,2009,1,12,5,-6.7,,,,,,,,978.8,,0.2,,0,0,0,0,0,0,0,,,,
KLO,2009,1,12,6,-6.8,,,,,,,,978.7,,0.3,,0,0,0,0,0,0,0,,,,
KLO,2009,1,12,7,-6.7,,,,,,,,978.6,,0.1,,3,0,0,0,0,0,0,,,,
KLO,2009,1,12,8,-6.5,,,,,,,,978.7,,0,,35,0,0,0,0,0,0,,,,
KLO,2009,1,12,9,-6.4,,,,,,,,978.7,,0.1,,92,538.1,35.8,0,0,0,0,,,,
KLO,2009,1,12,10,-6.1,,,,,,,,978.6,,0,,149,196.9,105.4,0,0,0,0,,,,
KLO,2009,1,12,11,-5.6,,,,,,,,977.8,,0.7,,181,112,146.8,0,0,0,0,,,,
KLO,2009,1,12,12,-4.9,,,,,,,,976.9,,0.4,,227,165.9,168.8,0,0,0,0,,,,
KLO,2009,1,12,13,-3.7,,,,,,,,976.2,,0.6,,267,310.8,156.9,0,0,0,0,,,,
KLO,2009,1,12,14,-3.1,,,,,,,,975.8,,2,,186,110.8,151.1,0,0,0,0,,,,
KLO,2009,1,12,15,-3.9,,,,,,,,975.5,,2,,66,5,64.8,0,0,0,0,,,,
KLO,2009,1,12,16,-5.2,,,,,,,,975.3,,1.2,,2,0,2,0,0,0,0,,,,
KLO,2009,1,12,17,-7.1,,,,,,,,975.1,,0.6,,0,0,0,0,0,0,0,,,,
KLO,2009,1,12,18,-8.3,,,,,,,,974.8,,1.4,,0,0,0,0,0,0,0,,,,
KLO,2009,1,12,19,-6.6,,,,,,,,974.7,,1.4,,0,0,0,0,0,0,0,,,,
KLO,2009,1,12,20,-6.6,,,,,,,,974.5,,0.4,,0,0,0,0,0,0,0,,,,
KLO,2009,1,12,21,-6.9,,,,,,,,974.2,,0.2,,0,0,0,0,0,0,0,,,,
KLO,2009,1,12,22,-7,,,,,,,,973.9,,0.1,,0,0,0,0,0,0,0,,,,
KLO,2009,1,12,23,-7.2,,,,,,,,973.5,,0.3,,0,0,0,0,0,0,0,,,,
KLO,2009,1,13,0,-7.4,,,,,,,,973.1,,0,,0,0,0,0,0,0,0,,,,
KLO,2009,1,13,1,-7.3,,,,,,,,972.7,,0,,0,0,0,0,0,0,0,,,,
KLO,2009,1,13,2,-7.5,,,,,,,,972.3,,0,,0,0,0,0,0,0,0,,,,
KLO,2009,1,13,3,-7.5,,,,,,,,971.7,,0,,0,0,0,0,0,0,0,,,,
KLO,2009,1,13,4,-7.6,,,,,,,,971.5,,0,,0,0,0,0,0,0,0,,,,
KLO,2009,1,13,5,-7.8,,,,,,,,971,,0,,0,0,0,0,0,0,0,,,,
KLO,2009,1,13,6,-8.1,,,,,,,,970.6,,0.3,,0,0,0,0,0,0,0,,,,
KLO,2009,1,13,7,-8.7,,,,,,,,970.2,,0.2,,5,0,0,0,0,0,0,,,,
KLO,2009,1,13,8,-8.9,,,,,,,,970,,0.4,,73,0,0,0,0,0,0,,,,
KLO,2009,1,13,9,-8.5,,,,,,,,969.8,,0,,183,1441.1,30.2,0,0,0,0,,,,
KLO,2009,1,13,10,-7.7,,,,,,,,969.4,,0,,307,1148,50.7,0,0,0,0,,,,
KLO,2009,1,13,11,-6.7,,,,,,,,968.6,,0,,355,962.5,58.6,0,0,0,0,,,,
KLO,2009,1,13,12,-4.1,,,,,,,,968,,0.9,,353,764.1,82.8,0,0,0,0,,,,
KLO,2009,1,13,13,-2.2,,,,,,,,967.1,,1.1,,288,399.5,145.3,0,0,0,0,,,,
KLO,2009,1,13,14,-2.2,,,,,,,,966.7,,0.7,,186,106,152.3,0,0,0,0,,,,
KLO,2009,1,13,15,-3.6,,,,,,,,966.4,,1.3,,68,5.1,66.8,0,0,0,0,,,,
KLO,2009,1,13,16,-5.5,,,,,,,,966.1,,1.7,,2,0,2,0,0,0,0,,,,
KLO,2009,1,13,17,-5.6,,,,,,,,966.1,,0.4,,0,0,0,0,0,0,0,,,,
KLO,2009,1,13,18,-5.8,,,,,,,,966.1,,0.4,,0,0,0,0,0,0,0,,,,
KLO,2009,1,13,19,-7.2,,,,,,,,966.2,,0.7,,0,0,0,0,0,0,0,,,,
KLO,2009,1,13,20,-8.2,,,,,,,,966,,1,,0,0,0,0,0,0,0,,,,
KLO,2009,1,13,21,-8.3,,,,,,,,965.6,,0,,0,0,0,0,0,0,0,,,,
KLO,2009,1,13,22,-8.6,,,,,,,,965.2,,0,,0,0,0,0,0,0,0,,,,
KLO,2009,1,13,23,-8.3,,,,,,,,964.9,,0.1,,0,0,0,0,0,0,0,,,,
KLO,2009,1,14,0,-6.9,,,,,,,,964.8,,0.6,,0,0,0,0,0,0,0,,,,
KLO,2009,1,14,1,-6.9,,,,,,,,964.9,,0.1,,0,0,0,0,0,0,0,,,,
KLO,2009,1,14,2,-7,,,,,,,,964.8,,0.5,,0,0,0,0,0,0,0,,,,
KLO,2009,1,14,3,-7.1,,,,,,,,964.8,,0.2,,0,0,0,0,0,0,0,,,,
KLO,2009,1,14,4,-6.7,,,,,,,,964.9,,0.3,,0,0,0,0,0,0,0,,,,
KLO,2009,1,14,5,-6.9,,,,,,,,965.3,,0.1,,0,0,0,0,0,0,0,,,,
KLO,2009,1,14,6,-7.5,,,,,,,,965.6,,0.1,,0,0,0,0,0,0,0,,,,
KLO,2009,1,14,7,-7.7,,,,,,,,965.5,,0,,3,0,0,0,0,0,0,,,,
KLO,2009,1,14,8,-7.9,,,,,,,,965.5,,0,,34,0,0,0,0,0,0,,,,
KLO,2009,1,14,9,-7.3,,,,,,,,965.6,,0,,121,938.2,19.9,0,0,0,0,,,,
KLO,2009,1,14,10,-5.4,,,,,,,,965.4,,0,,296,1096.7,48.8,0,0,0,0,,,,
KLO,2009,1,14,11,-4.1,,,,,,,,965,,0.2,,323,836.7,63.3,0,0,0,0,,,,
KLO,2009,1,14,12,-2.5,,,,,,,,964.4,,0.1,,309,511.9,126.6,0,0,0,0,,,,
KLO,2009,1,14,13,-1.6,,,,,,,,964.2,,0.3,,146,17.5,139.7,0,0,0,0,,,,
KLO,2009,1,14,14,-0.9,,,,,,,,964.4,,0.1,,86,4.6,84.5,0,0,0,0,,,,
KLO,2009,1,14,15,-0.7,,,,,,,,964.8,,1.1,,34,1.3,33.7,0,0,0,0,,,,
KLO,2009,1,14,16,-0.7,,,,,,,,965.3,,0.5,,1,0,1,0,0,0,0,,,,
KLO,2009,1,14,17,-0.7,,,,,,,,965.8,,1.6,,0,0,0,0,0,0,0,,,,
KLO,2009,1,14,18,-1.1,,,,,,,,966.3,,1.2,,0,0,0,0,0,0,0,,,,
KLO,2009,1,14,19,-1.3,,,,,,,,966.4,,0.2,,0,0,0,0,0,0,0,,,,
KLO,2009,1,14,20,-1,,,,,,,,966.4,,0.7,,0,0,0,0,0,0,0,,,,
KLO,2009,1,14,21,-0.8,,,,,,,,966.6,,0.4,,0,0,0,0,0,0,0,,,,
KLO,2009,1,14,22,-0.9,,,,,,,,966.8,,0.1,,0,0,0,0,0,0,0,,,,
KLO,2009,1,14,23,-1.3,,,,,,,,967,,0.3,,0,0,0,0,0,0,0,,,,
KLO,2009,1,15,0,-1.8,,,,,,,,966.9,,0,,0,0,0,0,0,0,0,,,,
KLO,2009,1,15,1,-1.6,,,,,,,,966.9,,0.3,,0,0,0,0,0,0,0,,,,
KLO,2009,1,15,2,-1.4,,,,,,,,966.9,,1.4,,0,0,0,0,0,0,0,,,,
KLO,2009,1,15,3,-1.2,,,,,,,,966.8,,1.4,,0,0,0,0,0,0,0,,,,
KLO,2009,1,15,4,-1.2,,,,,,,,966.9,,2.3,,0,0,0,0,0,0,0,,,,
KLO,2009,1,15,5,-1.2,,,,,,,,967,,0.8,,0,0,0,0,0,0,0,,,,
KLO,2009,1,15,6,-0.8,,,,,,,,967.3,,1.2,,0,0,0,0,0,0,0,,,,
KLO,2009,1,15,7,-0.3,,,,,,,,967.7,,1.1,,1,0,0,0,0,0,0,,,,
KLO,2009,1,15,8,-0.2,,,,,,,,968.1,,1.7,,23,0,0,0,0,0,0,,,,
KLO,2009,1,15,9,0.1,,,,,,,,968.5,,1.5,,59,71.9,51.1,0,0,0,0,,,,
KLO,2009,1,15,10,1,,,,,,,,968.3,,1.6,,183,395.7,93,0,0,0,0,,,,
KLO,2009,1,15,11,1.5,,,,,,,,967.4,,3.4,,219,231.9,146.5,0,0,0,0,,,,
KLO,2009,1,15,12,1.7,,,,,,,,966.9,,3,,202,88.4,170.3,0,0,0,0,,,,
KLO,2009,1,15,13,1.6,,,,,,,,966.7,,3.2,,147,17.3,140.7,0,0,0,0,,,,
KLO,2009,1,15,14,1.7,,,,,,,,966.8,,1.8,,86,4.5,84.5,0,0,0,0,,,,
KLO,2009,1,15,15,1.7,,,,,,,,967.2,,2.1,,31,1,30.8,0,0,0,0,,,,
KLO,2009,1,15,16,1.7,,,,,,,,967.9,,1.6,,1,0,1,0,0,0,0,,,,
KLO,2009,1,15,17,1.5,,,,,,,,968.7,,2.3,,0,0,0,0,0,0,0,,,,
KLO,2009,1,15,18,1.3,,,,,,,,969.3,,1.5,,0,0,0,0,0,0,0,,,,
KLO,2009,1,15,19,1.1,,,,,,,,969.9,,1,,0,0,0,0,0,0,0,,,,
KLO,2009,1,15,20,0.6,,,,,,,,970.1,,0.7,,0,0,0,0,0,0,0,,,,
KLO,2009,1,15,21,0.6,,,,,,,,970.3,,1.2,,0,0,0,0,0,0,0,,,,
KLO,2009,1,15,22,0.2,,,,,,,,970.4,,0.4,,0,0,0,0,0,0,0,,,,
KLO,2009,1,15,23,0.1,,,,,,,,970.6,,0.7,,0,0,0,0,0,0,0,,,,
KLO,2009,1,16,0,0.1,,,,,,,,970.6,,0.3,,0,0,0,0,0,0,0,,,,
KLO,2009,1,16,1,0.1,,,,,,,,970.8,,0.7,,0,0,0,0,0,0,0,,,,
KLO,2009,1,16,2,0.4,,,,,,,,971.2,,1.3,,0,0,0,0,0,0,0,,,,
KLO,2009,1,16,3,0.3,,,,,,,,971.3,,1.7,,0,0,0,0,0,0,0,,,,
KLO,2009,1,16,4,0,,,,,,,,971.5,,1.7,,0,0,0,0,0,0,0,,,,
KLO,2009,1,16,5,-0.3,,,,,,,,971.7,,2,,0,0,0,0,0,0,0,,,,
KLO,2009,1,16,6,-0.7,,,,,,,,972.3,,2.7,,0,0,0,0,0,0,0,,,,
KLO,2009,1,16,7,-0.8,,,,,,,,972.9,,2.4,,4,0,0,0,0,0,0,,,,
KLO,2009,1,16,8,-1,,,,,,,,973.3,,2,,43,0,0,0,0,0,0,,,,
KLO,2009,1,16,9,-0.9,,,,,,,,973.7,,2.5,,96,500.4,40.2,0,0,0,0,,,,
KLO,2009,1,16,10,-0.8,,,,,,,,973.8,,1.6,,169,282.6,104,0,0,0,0,,,,
KLO,2009,1,16,11,-0.6,,,,,,,,973.6,,1.3,,214,203.7,149.7,0,0,0,0,,,,
KLO,2009,1,16,12,0,,,,,,,,973.2,,1.6,,342,663.3,101.8,0,0,0,0,,,,
KLO,2009,1,16,13,0.5,,,,,,,,973,,1.7,,278,319.4,161,0,0,0,0,,,,
KLO,2009,1,16,14,0.5,,,,,,,,972.9,,1.5,,176,70.9,152.8,0,0,0,0,,,,
KLO,2009,1,16,15,0.1,,,,,,,,973,,1.7,,72,5.3,70.7,0,0,0,0,,,,
KLO,2009,1,16,16,-0.7,,,,,,,,973.3,,0.1,,4,0.1,4,0,0,0,0,,,,
KLO,2009,1,16,17,-1.7,,,,,,,,973.6,,0,,0,0,0,0,0,0,0,,,,
KLO,2009,1,16,18,-2.6,,,,,,,,973.7,,0.2,,0,0,0,0,0,0,0,,,,
KLO,2009,1,16,19,-2.9,,,,,,,,973.6,,0.3,,0,0,0,0,0,0,0,,,,
KLO,2009,1,16,20,-4.3,,,,,,,,973.4,,0.1,,0,0,0,0,0,0,0,,,,
KLO,2009,1,16,21,-5.4,,,,,,,,973.2,,0.2,,0,0,0,0,0,0,0,,,,
KLO,2009,1,16,22,-5.9,,,,,,,,972.9,,0.8,,0,0,0,0,0,0,0,,,,
KLO,2009,1,16,23,-5.5,,,,,,,,972.8,,0.4,,0,0,0,0,0,0,0,,,,
KLO,2009,1,17,0,-5.1,,,,,,,,972.8,,0,,0,0,0,0,0,0,0,,,,
KLO,2009,1,17,1,-5.2,,,,,,,,972.9,,0,,0,0,0,0,0,0,0,,,,
KLO,2009,1,17,2,-5.1,,,,,,,,973,,0,,0,0,0,0,0,0,0,,,,
KLO,2009,1,17,3,-5.2,,,,,,,,972.8,,0,,0,0,0,0,0,0,0,,,,
KLO,2009,1,17,4,-5.3,,,,,,,,972.5,,0.5,,0,0,0,0,0,0,0,,,,
KLO,2009,1,17,5,-5.2,,,,,,,,972.5,,0,,0,0,0,0,0,0,0,,,,
KLO,2009,1,17,6,-5.3,,,,,,,,972.5,,0,,0,0,0,0,0,0,0,,,,
KLO,2009,1,17,7,-5.3,,,,,,,,972.8,,0,,3,0,0,0,0,0,0,,,,
KLO,2009,1,17,8,-5.3,,,,,,,,973,,0.2,,41,0,0,0,0,0,0,,,,
KLO,2009,1,17,9,-4.5,,,,,,,,973.1,,0.1,,157,1154.5,25.9,0,0,0,0,,,,
KLO,2009,1,17,10,-3.2,,,,,,,,973.2,,0.2,,321,1154.2,53,0,0,0,0,,,,
KLO,2009,1,17,11,-0.9,,,,,,,,972.7,,1.1,,331,836.2,64.9,0,0,0,0,,,,
KLO,2009,1,17,12,1.2,,,,,,,,972.1,,1.8,,364,762.5,85.6,0,0,0,0,,,,
KLO,2009,1,17,13,2.8,,,,,,,,971.4,,2.2,,381,821.4,77.4,0,0,0,0,,,,
KLO,2009,1,17,14,2.9,,,,,,,,971.3,,2.1,,198,117.3,159.2,0,0,0,0,,,,
KLO,2009,1,17,15,2.4,,,,,,,,971,,1.6,,85,7.8,83,0,0,0,0,,,,
KLO,2009,1,17,16,1.7,,,,,,,,971,,2.8,,5,0.1,5,0,0,0,0,,,,
KLO,2009,1,17,17,1.4,,,,,,,,971.2,,2.3,,0,0,0,0,0,0,0,,,,
KLO,2009,1,17,18,0.5,,,,,,,,971,,2,,0,0,0,0,0,0,0,,,,
KLO,2009,1,17,19,-0.3,,,,,,,,970.8,,1.2,,0,0,0,0,0,0,0,,,,
KLO,2009,1,17,20,-0.8,,,,,,,,970,,2,,0,0,0,0,0,0,0,,,,
KLO,2009,1,17,21,-2.8,,,,,,,,969.6,,1.2,,0,0,0,0,0,0,0,,,,
KLO,2009,1,17,22,-3.6,,,,,,,,968.7,,0.1,,0,0,0,0,0,0,0,,,,
KLO,2009,1,17,23,-4.5,,,,,,,,968,,0.2,,0,0,0,0,0,0,0,,,,
KLO,2009,1,18,0,-5.3,,,,,,,,967.3,,1.1,,0,0,0,0,0,0,0,,,,
KLO,2009,1,18,1,-5.5,,,,,,,,967,,0.2,,0,0,0,0,0,0,0,,,,
KLO,2009,1,18,2,-6.2,,,,,,,,966.6,,1.2,,0,0,0,0,0,0,0,,,,
KLO,2009,1,18,3,-6.1,,,,,,,,965.6,,1.6,,0,0,0,0,0,0,0,,,,
KLO,2009,1,18,4,-5.9,,,,,,,,964.3,,2.4,,0,0,0,0,0,0,0,,,,
KLO,2009,1,18,5,-5.6,,,,,,,,963.1,,0.7,,0,0,0,0,0,0,0,,,,
KLO,2009,1,18,6,-6.1,,,,,,,,962.6,,0.7,,0,0,0,0,0,0,0,,,,
KLO,2009,1,18,7,-4.2,,,,,,,,961.1,,1.8,,5,0,0,0,0,0,0,,,,
KLO,2009,1,18,8,-3.6,,,,,,,,960.4,,1.5,,25,0,0,0,0,0,0,,,,
KLO,2009,1,18,9,-2.9,,,,,,,,960,,1.4,,49,21.7,46.5,0,0,0,0,,,,
KLO,2009,1,18,10,-0.8,,,,,,,,959,,2,,67,5.2,65.8,0,0,0,0,,,,
KLO,2009,1,18,11,3.3,,,,,,,,958.1,,3,,59,2.2,58.3,0,0,0,0,,,,
KLO,2009,1,18,12,4.1,,,,,,,,957.5,,7.2,,46,1,45.6,0,0,0,0,,,,
KLO,2009,1,18,13,3.8,,,,,,,,956.6,,6.1,,42,0.8,41.7,0,0,0,0,,,,
KLO,2009,1,18,14,3.6,,,,,,,,956.6,,4.7,,21,0.3,20.9,0,0,0,0,,,,
KLO,2009,1,18,15,3.6,,,,,,,,956.9,,4.9,,13,0.2,13,0,0,0,0,,,,
KLO,2009,1,18,16,3.9,,,,,,,,957.6,,7.4,,0,0,0,0,0,0,0,,,,
KLO,2009,1,18,17,4,,,,,,,,958.2,,6.6,,0,0,0,0,0,0,0,,,,
KLO,2009,1,18,18,4.2,,,,,,,,959.2,,7.2,,0,0,0,0,0,0,0,,,,
KLO,2009,1,18,19,3.9,,,,,,,,960.2,,4.8,,0,0,0,0,0,0,0,,,,
KLO,2009,1,18,20,3.6,,,,,,,,960.9,,3.9,,0,0,0,0,0,0,0,,,,
KLO,2009,1,18,21,3.5,,,,,,,,961.6,,4,,0,0,0,0,0,0,0,,,,
KLO,2009,1,18,22,2.7,,,,,,,,962.3,,3,,0,0,0,0,0,0,0,,,,
KLO,2009,1,18,23,2.1,,,,,,,,962.5,,1.6,,0,0,0,0,0,0,0,,,,
KLO,2009,1,19,0,0.5,,,,,,,,962.1,,1.8,,0,0,0,0,0,0,0,,,,
KLO,2009,1,19,1,1.1,,,,,,,,961.6,,2,,0,0,0,0,0,0,0,,,,
KLO,2009,1,19,2,1.2,,,,,,,,960.5,,1.5,,0,0,0,0,0,0,0,,,,
KLO,2009,1,19,3,0.5,,,,,,,,958.7,,1.8,,0,0,0,0,0,0,0,,,,
KLO,2009,1,19,4,1.2,,,,,,,,957.3,,3.3,,0,0,0,0,0,0,0,,,,
KLO,2009,1,19,5,1.3,,,,,,,,956,,2.1,,0,0,0,0,0,0,0,,,,
KLO,2009,1,19,6,0.8,,,,,,,,955,,0.7,,0,0,0,0,0,0,0,,,,
KLO,2009,1,19,7,1.2,,,,,,,,954.6,,1.4,,1,0,0,0,0,0,0,,,,
KLO,2009,1,19,8,1.5,,,,,,,,953.5,,1.9,,9,0,0,0,0,0,0,,,,
KLO,2009,1,19,9,2.4,,,,,,,,952.2,,2.7,,26,3.1,25.6,0,0,0,0,,,,
KLO,2009,1,19,10,2.4,,,,,,,,951.3,,1.7,,51,2.9,50.3,0,0,0,0,,,,
KLO,2009,1,19,11,2.9,,,,,,,,950.6,,1.7,,71,3.1,70,0,0,0,0,,,,
KLO,2009,1,19,12,4.2,,,,,,,,949.3,,3.2,,69,2.2,68.2,0,0,0,0,,,,
KLO,2009,1,19,13,4.7,,,,,,,,948.6,,2.7,,79,2.8,77.9,0,0,0,0,,,,
KLO,2009,1,19,14,4.8,,,,,,,,948.4,,2.7,,36,0.7,35.8,0,0,0,0,,,,
KLO,2009,1,19,15,6.3,,,,,,,,948.4,,4,,12,0.1,12,0,0,0,0,,,,
KLO,2009,1,19,16,6.5,,,,,,,,948.2,,4.3,,0,0,0,0,0,0,0,,,,
KLO,2009,1,19,17,6.1,,,,,,,,948.7,,4.1,,0,0,0,0,0,0,0,,,,
KLO,2009,1,19,18,5.5,,,,,,,,948.6,,1.7,,0,0,0,0,0,0,0,,,,
KLO,2009,1,19,19,6.2,,,,,,,,948.4,,3.9,,0,0,0,0,0,0,0,,,,
KLO,2009,1,19,20,6.3,,,,,,,,947.7,,4.5,,0,0,0,0,0,0,0,,,,
KLO,2009,1,19,21,5.4,,,,,,,,947.2,,2.7,,0,0,0,0,0,0,0,,,,
KLO,2009,1,19,22,5.8,,,,,,,,946.9,,2.2,,0,0,0,0,0,0,0,,,,
KLO,2009,1,19,23,4.6,,,,,,,,947,,1.7,,0,0,0,0,0,0,0,,,,
KLO,2009,1,20,0,5.4,,,,,,,,947.4,,3.3,,0,0,0,0,0,0,0,,,,
KLO,2009,1,20,1,4.6,,,,,,,,947.9,,4.1,,0,0,0,0,0,0,0,,,,
KLO,2009,1,20,2,4.1,,,,,,,,948.6,,1.7,,0,0,0,0,0,0,0,,,,
KLO,2009,1,20,3,3.8,,,,,,,,948.8,,2.4,,0,0,0,0,0,0,0,,,,
KLO,2009,1,20,4,3,,,,,,,,948.3,,3.1,,0,0,0,0,0,0,0,,,,
KLO,2009,1,20,5,2.8,,,,,,,,948.5,,2.4,,0,0,0,0,0,0,0,,,,
KLO,2009,1,20,6,2.8,,,,,,,,948.7,,1.7,,0,0,0,0,0,0,0,,,,
KLO,2009,1,20,7,2.3,,,,,,,,949.7,,1.3,,0,0,0,0,0,0,0,,,,
KLO,2009,1,20,8,2.1,,,,,,,,949.7,,2.5,,17,0,0,0,0,0,0,,,,
KLO,2009,1,20,9,2.3,,,,,,,,950,,2.6,,45,11.9,43.6,0,0,0,0,,,,
KLO,2009,1,20,10,2.6,,,,,,,,950.5,,2,,65,4.7,63.9,0,0,0,0,,,,
KLO,2009,1,20,11,2.7,,,,,,,,950,,3.4,,73,3.2,72,0,0,0,0,,,,
KLO,2009,1,20,12,3.1,,,,,,,,949.5,,2.5,,145,14,139.8,0,0,0,0,,,,
KLO,2009,1,20,13,3.1,,,,,,,,949.4,,1.1,,140,11.2,135.7,0,0,0,0,,,,
KLO,2009,1,20,14,3.1,,,,,,,,949.5,,0.3,,66,2.4,65.2,0,0,0,0,,,,
KLO,2009,1,20,15,2.9,,,,,,,,949.6,,1.8,,31,0.9,30.8,0,0,0,0,,,,
KLO,2009,1,20,16,2.4,,,,,,,,949.6,,1.5,,2,0,2,0,0,0,0,,,,
KLO,2009,1,20,17,1.7,,,,,,,,949.9,,1.2,,0,0,0,0,0,0,0,,,,
KLO,2009,1,20,18,1.7,,,,,,,,950.5,,2,,0,0,0,0,0,0,0,,,,
KLO,2009,1,20,19,1.7,,,,,,,,951.1,,2.6,,0,0,0,0,0,0,0,,,,
KLO,2009,1,20,20,1.3,,,,,,,,951.8,,1.7,,0,0,0,0,0,0,0,,,,
KLO,2009,1,20,21,1,,,,,,,,952.3,,0.6,,0,0,0,0,0,0,0,,,,
KLO,2009,1,20,22,0.7,,,,,,,,952.5,,0.4,,0,0,0,0,0,0,0,,,,
KLO,2009,1,20,23,0.2,,,,,,,,952.8,,0.2,,0,0,0,0,0,0,0,,,,
KLO,2009,1,21,0,0.5,,,,,,,,953.1,,0.2,,0,0,0,0,0,0,0,,,,
KLO,2009,1,21,1,0.2,,,,,,,,953.4,,0.1,,0,0,0,0,0,0,0,,,,
KLO,2009,1,21,2,0.2,,,,,,,,953.6,,0.1,,0,0,0,0,0,0,0,,,,
KLO,2009,1,21,3,0.2,,,,,,,,953.6,,0.4,,0,0,0,0,0,0,0,,,,
KLO,2009,1,21,4,0.1,,,,,,,,954.1,,0.4,,0,0,0,0,0,0,0,,,,
KLO,2009,1,21,5,0.3,,,,,,,,954.5,,1.1,,0,0,0,0,0,0,0,,,,
KLO,2009,1,21,6,0.5,,,,,,,,955.3,,1.2,,0,0,0,0,0,0,0,,,,
KLO,2009,1,21,7,0.5,,,,,,,,956,,1.7,,1,0,0,0,0,0,0,,,,
KLO,2009,1,21,8,0.7,,,,,,,,956.7,,1.3,,20,0,0,0,0,0,0,,,,
KLO,2009,1,21,9,1.2,,,,,,,,957.3,,1.2,,60,44.5,54.5,0,0,0,0,,,,
KLO,2009,1,21,10,2.2,,,,,,,,957.7,,1.3,,101,19.8,96.2,0,0,0,0,,,,
KLO,2009,1,21,11,2.8,,,,,,,,957.9,,0.6,,130,15.2,125,0,0,0,0,,,,
KLO,2009,1,21,12,3.1,,,,,,,,957.6,,0.6,,142,12.2,137.4,0,0,0,0,,,,
KLO,2009,1,21,13,3.6,,,,,,,,957.7,,0.8,,193,51.8,173.1,0,0,0,0,,,,
KLO,2009,1,21,14,3.7,,,,,,,,958.1,,0.1,,121,9,117.9,0,0,0,0,,,,
KLO,2009,1,21,15,3.4,,,,,,,,958.5,,1.3,,56,2.8,55.3,0,0,0,0,,,,
KLO,2009,1,21,16,2.1,,,,,,,,958.6,,0.9,,4,0,4,0,0,0,0,,,,
KLO,2009,1,21,17,0.8,,,,,,,,958.6,,0.6,,0,0,0,0,0,0,0,,,,
KLO,2009,1,21,18,0.2,,,,,,,,959.3,,1.7,,0,0,0,0,0,0,0,,,,
KLO,2009,1,21,19,-0.2,,,,,,,,959.9,,1,,0,0,0,0,0,0,0,,,,
KLO,2009,1,21,20,-0.1,,,,,,,,960.4,,1.5,,0,0,0,0,0,0,0,,,,
KLO,2009,1,21,21,-0.1,,,,,,,,960.8,,0.5,,0,0,0,0,0,0,0,,,,
KLO,2009,1,21,22,-0.3,,,,,,,,960.9,,0.3,,0,0,0,0,0,0,0,,,,
KLO,2009,1,21,23,-0.4,,,,,,,,960.8,,0.9,,0,0,0,0,0,0,0,,,,
KLO,2009,1,22,0,-0.2,,,,,,,,960.4,,1.2,,0,0,0,0,0,0,0,,,,
KLO,2009,1,22,1,-0.2,,,,,,,,960.2,,1,,0,0,0,0,0,0,0,,,,
KLO,2009,1,22,2,-0.2,,,,,,,,959.7,,0.7,,0,0,0,0,0,0,0,,,,
KLO,2009,1,22,3,0.1,,,,,,,,959.2,,1.2,,0,0,0,0,0,0,0,,,,
KLO,2009,1,22,4,0,,,,,,,,958.8,,0.8,,0,0,0,0,0,0,0,,,,
KLO,2009,1,22,5,-0.2,,,,,,,,958.3,,1.3,,0,0,0,0,0,0,0,,,,
KLO,2009,1,22,6,-0.4,,,,,,,,958.2,,1.6,,0,0,0,0,0,0,0,,,,
KLO,2009,1,22,7,-0.5,,,,,,,,957.9,,1.4,,2,0,0,0,0,0,0,,,,
KLO,2009,1,22,8,-0.3,,,,,,,,957.7,,1,,31,0,0,0,0,0,0,,,,
KLO,2009,1,22,9,-0.1,,,,,,,,957.5,,0.4,,59,36.8,54.4,0,0,0,0,,,,
KLO,2009,1,22,10,0.1,,,,,,,,957.3,,1.4,,62,4.1,61,0,0,0,0,,,,
KLO,2009,1,22,11,1.2,,,,,,,,955.9,,2.2,,285,489.3,121.8,0,0,0,0,,,,
KLO,2009,1,22,12,1.3,,,,,,,,954.5,,3.2,,310,410.7,153.2,0,0,0,0,,,,
KLO,2009,1,22,13,1.6,,,,,,,,953.7,,1.1,,281,268.8,176.9,0,0,0,0,,,,
KLO,2009,1,22,14,1.9,,,,,,,,953.3,,0.8,,197,89.3,165.8,0,0,0,0,,,,
KLO,2009,1,22,15,1.8,,,,,,,,952.8,,0.4,,93,8.3,90.7,0,0,0,0,,,,
KLO,2009,1,22,16,0.9,,,,,,,,952.1,,0.3,,8,0.2,8,0,0,0,0,,,,
KLO,2009,1,22,17,-0.7,,,,,,,,951.6,,0.6,,0,0,0,0,0,0,0,,,,
KLO,2009,1,22,18,-0.7,,,,,,,,951.3,,0.7,,0,0,0,0,0,0,0,,,,
KLO,2009,1,22,19,-0.2,,,,,,,,951.2,,0.8,,0,0,0,0,0,0,0,,,,
KLO,2009,1,22,20,-0.1,,,,,,,,951,,1.9,,0,0,0,0,0,0,0,,,,
KLO,2009,1,22,21,1.1,,,,,,,,950.3,,3.9,,0,0,0,0,0,0,0,,,,
KLO,2009,1,22,22,1.1,,,,,,,,949.2,,3.9,,0,0,0,0,0,0,0,,,,
KLO,2009,1,22,23,0.7,,,,,,,,947.9,,3.7,,0,0,0,0,0,0,0,,,,
KLO,2009,1,23,0,-0.3,,,,,,,,946.7,,1.7,,0,0,0,0,0,0,0,,,,
KLO,2009,1,23,1,-0.5,,,,,,,,946.1,,2.1,,0,0,0,0,0,0,0,,,,
KLO,2009,1,23,2,0.1,,,,,,,,944.8,,3.4,,0,0,0,0,0,0,0,,,,
KLO,2009,1,23,3,-0.3,,,,,,,,943,,3.3,,0,0,0,0,0,0,0,,,,
KLO,2009,1,23,4,-0.3,,,,,,,,942.3,,1.3,,0,0,0,0,0,0,0,,,,
KLO,2009,1,23,5,-0.1,,,,,,,,940.8,,2.4,,0,0,0,0,0,0,0,,,,
KLO,2009,1,23,6,0.5,,,,,,,,939.1,,1.4,,0,0,0,0,0,0,0,,,,
KLO,2009,1,23,7,0.8,,,,,,,,937.9,,2,,1,0,0,0,0,0,0,,,,
KLO,2009,1,23,8,1,,,,,,,,936.4,,2.7,,5,0,0,0,0,0,0,,,,
KLO,2009,1,23,9,1.1,,,,,,,,935.1,,3.2,,16,1,15.9,0,0,0,0,,,,
KLO,2009,1,23,10,1.7,,,,,,,,933.9,,2.9,,20,0.4,19.9,0,0,0,0,,,,
KLO,2009,1,23,11,2,,,,,,,,931.9,,3,,27,0.4,26.9,0,0,0,0,,,,
KLO,2009,1,23,12,3.6,,,,,,,,929.9,,3.3,,34,0.5,33.8,0,0,0,0,,,,
KLO,2009,1,23,13,4.6,,,,,,,,929.5,,2.6,,22,0.2,21.9,0,0,0,0,,,,
KLO,2009,1,23,14,7.9,,,,,,,,930.4,,11,,45,1,44.6,0,0,0,0,,,,
KLO,2009,1,23,15,7.8,,,,,,,,932.9,,10.2,,13,0.1,13,0,0,0,0,,,,
KLO,2009,1,23,16,7.2,,,,,,,,935.4,,7.7,,11,0.3,11,0,0,0,0,,,,
KLO,2009,1,23,17,3.9,,,,,,,,938.4,,8.4,,0,0,0,0,0,0,0,,,,
KLO,2009,1,23,18,4.5,,,,,,,,939.9,,7.1,,0,0,0,0,0,0,0,,,,
KLO,2009,1,23,19,4.7,,,,,,,,941.1,,5.9,,0,0,0,0,0,0,0,,,,
KLO,2009,1,23,20,3.6,,,,,,,,941.5,,4.1,,0,0,0,0,0,0,0,,,,
KLO,2009,1,23,21,3.3,,,,,,,,941.6,,4.5,,0,0,0,0,0,0,0,,,,
KLO,2009,1,23,22,2.9,,,,,,,,941.9,,4.6,,0,0,0,0,0,0,0,,,,
KLO,2009,1,23,23,2.6,,,,,,,,941.3,,3.8,,0,0,0,0,0,0,0,,,,
KLO,2009,1,24,0,2.1,,,,,,,,941.4,,2.6,,0,0,0,0,0,0,0,,,,
KLO,2009,1,24,1,1.2,,,,,,,,941.1,,2.7,,0,0,0,0,0,0,0,,,,
KLO,2009,1,24,2,-0.3,,,,,,,,940,,1.1,,0,0,0,0,0,0,0,,,,
KLO,2009,1,24,3,-1.3,,,,,,,,938.7,,1.6,,0,0,0,0,0,0,0,,,,
KLO,2009,1,24,4,-1.7,,,,,,,,937.6,,1.6,,0,0,0,0,0,0,0,,,,
KLO,2009,1,24,5,-2.4,,,,,,,,937.1,,0.3,,0,0,0,0,0,0,0,,,,
KLO,2009,1,24,6,-2.6,,,,,,,,936.9,,0,,0,0,0,0,0,0,0,,,,
KLO,2009,1,24,7,-2.4,,,,,,,,936.7,,0.8,,13,0,0,0,0,0,0,,,,
KLO,2009,1,24,8,-0.7,,,,,,,,936.3,,1.4,,100,0,0,0,0,0,0,,,,
KLO,2009,1,24,9,0.2,,,,,,,,936.4,,1.1,,94,256.5,60.4,0,0,0,0,,,,
KLO,2009,1,24,10,1.3,,,,,,,,936.4,,1.8,,163,166.6,121,0,0,0,0,,,,
KLO,2009,1,24,11,2,,,,,,,,936.4,,2,,184,73.7,158.9,0,0,0,0,,,,
KLO,2009,1,24,12,2.8,,,,,,,,936,,1.9,,193,48.4,174.2,0,0,0,0,,,,
KLO,2009,1,24,13,3.3,,,,,,,,935.8,,2.1,,132,7.7,129,0,0,0,0,,,,
KLO,2009,1,24,14,3.8,,,,,,,,936.6,,2,,121,8,118.1,0,0,0,0,,,,
KLO,2009,1,24,15,3.8,,,,,,,,937.9,,3.2,,28,0.6,27.8,0,0,0,0,,,,
KLO,2009,1,24,16,3.1,,,,,,,,939.6,,3.4,,3,0,3,0,0,0,0,,,,
KLO,2009,1,24,17,3,,,,,,,,941.3,,3,,0,0,0,0,0,0,0,,,,
KLO,2009,1,24,18,3,,,,,,,,942.8,,1.9,,0,0,0,0,0,0,0,,,,
KLO,2009,1,24,19,1.6,,,,,,,,944.2,,1.4,,0,0,0,0,0,0,0,,,,
KLO,2009,1,24,20,0.4,,,,,,,,945.6,,1.9,,0,0,0,0,0,0,0,,,,
KLO,2009,1,24,21,0.6,,,,,,,,947.1,,1.2,,0,0,0,0,0,0,0,,,,
KLO,2009,1,24,22,0.2,,,,,,,,948.5,,1.5,,0,0,0,0,0,0,0,,,,
KLO,2009,1,24,23,0.6,,,,,,,,949.6,,1.4,,0,0,0,0,0,0,0,,,,
KLO,2009,1,25,0,-0.6,,,,,,,,950.5,,0.8,,0,0,0,0,0,0,0,,,,
KLO,2009,1,25,1,-0.8,,,,,,,,951.1,,0.3,,0,0,0,0,0,0,0,,,,
KLO,2009,1,25,2,-1.6,,,,,,,,951.3,,0.8,,0,0,0,0,0,0,0,,,,
KLO,2009,1,25,3,-1.9,,,,,,,,951.5,,0.3,,0,0,0,0,0,0,0,,,,
KLO,2009,1,25,4,-2.3,,,,,,,,951.5,,0.5,,0,0,0,0,0,0,0,,,,
KLO,2009,1,25,5,-3.6,,,,,,,,951.6,,1.2,,0,0,0,0,0,0,0,,,,
KLO,2009,1,25,6,-3.5,,,,,,,,951.6,,0.4,,0,0,0,0,0,0,0,,,,
KLO,2009,1,25,7,-3.2,,,,,,,,951.5,,0,,8,0,0,0,0,0,0,,,,
KLO,2009,1,25,8,-2.4,,,,,,,,951.2,,0.2,,107,0,0,0,0,0,0,,,,
KLO,2009,1,25,9,-0.4,,,,,,,,950.4,,1.4,,235,1463.3,38.8,0,0,0,0,,,,
KLO,2009,1,25,10,0.3,,,,,,,,949.4,,2.4,,323,1055.7,53.3,0,0,0,0,,,,
KLO,2009,1,25,11,2.7,,,,,,,,948.1,,2.7,,399,968.8,65.8,0,0,0,0,,,,
KLO,2009,1,25,12,3.1,,,,,,,,947.1,,3.4,,389,751.4,93.8,0,0,0,0,,,,
KLO,2009,1,25,13,3.9,,,,,,,,946.4,,2.2,,340,485.2,146.4,0,0,0,0,,,,
KLO,2009,1,25,14,4.9,,,,,,,,946.4,,2.1,,247,210.1,171,0,0,0,0,,,,
KLO,2009,1,25,15,4.5,,,,,,,,946.4,,2.8,,119,20.7,113.1,0,0,0,0,,,,
KLO,2009,1,25,16,3.3,,,,,,,,946.4,,1.4,,13,0.4,12.9,0,0,0,0,,,,
KLO,2009,1,25,17,1.2,,,,,,,,946.5,,1.3,,0,0,0,0,0,0,0,,,,
KLO,2009,1,25,18,-0.5,,,,,,,,946.7,,2.3,,0,0,0,0,0,0,0,,,,
KLO,2009,1,25,19,-0.9,,,,,,,,946.8,,2,,0,0,0,0,0,0,0,,,,
KLO,2009,1,25,20,-1.7,,,,,,,,947,,0.7,,0,0,0,0,0,0,0,,,,
KLO,2009,1,25,21,-2.6,,,,,,,,947.3,,1.1,,0,0,0,0,0,0,0,,,,
KLO,2009,1,25,22,-3.3,,,,,,,,947.6,,0.2,,0,0,0,0,0,0,0,,,,
KLO,2009,1,25,23,-3.4,,,,,,,,947.7,,0,,0,0,0,0,0,0,0,,,,
KLO,2009,1,26,0,-3.9,,,,,,,,947.7,,0,,0,0,0,0,0,0,0,,,,
KLO,2009,1,26,1,-4.3,,,,,,,,947.9,,0,,0,0,0,0,0,0,0,,,,
KLO,2009,1,26,2,-5.1,,,,,,,,948.2,,0.4,,0,0,0,0,0,0,0,,,,
KLO,2009,1,26,3,-4.9,,,,,,,,948.2,,1.2,,0,0,0,0,0,0,0,,,,
KLO,2009,1,26,4,-5.2,,,,,,,,948.3,,1,,0,0,0,0,0,0,0,,,,
KLO,2009,1,26,5,-5.2,,,,,,,,948.5,,0,,0,0,0,0,0,0,0,,,,
KLO,2009,1,26,6,-4.8,,,,,,,,948.8,,0.6,,0,0,0,0,0,0,0,,,,
KLO,2009,1,26,7,-4.8,,,,,,,,949.2,,0.4,,20,0,0,0,0,0,0,,,,
KLO,2009,1,26,8,-3.3,,,,,,,,949.6,,0.5,,127,0,0,0,0,0,0,,,,
KLO,2009,1,26,9,-1.9,,,,,,,,950,,0.6,,206,1254.1,34,0,0,0,0,,,,
KLO,2009,1,26,10,-0.9,,,,,,,,950.3,,1.1,,240,631.4,76.5,0,0,0,0,,,,
KLO,2009,1,26,11,0.7,,,,,,,,950.2,,1.5,,257,290.3,156.1,0,0,0,0,,,,
KLO,2009,1,26,12,1.6,,,,,,,,950.1,,1,,297,304.4,176.2,0,0,0,0,,,,
KLO,2009,1,26,13,2.6,,,,,,,,949.9,,0.5,,284,239.5,187.4,0,0,0,0,,,,
KLO,2009,1,26,14,3,,,,,,,,950,,0.7,,153,20.5,145.5,0,0,0,0,,,,
KLO,2009,1,26,15,2.3,,,,,,,,950.3,,0.7,,49,1.8,48.5,0,0,0,0,,,,
KLO,2009,1,26,16,1.1,,,,,,,,950.7,,1,,10,0.2,10,0,0,0,0,,,,
KLO,2009,1,26,17,0.1,,,,,,,,951.1,,1.2,,0,0,0,0,0,0,0,,,,
KLO,2009,1,26,18,-0.6,,,,,,,,952.1,,1,,0,0,0,0,0,0,0,,,,
KLO,2009,1,26,19,-1.3,,,,,,,,952.8,,1,,0,0,0,0,0,0,0,,,,
KLO,2009,1,26,20,-1.4,,,,,,,,953.3,,1.5,,0,0,0,0,0,0,0,,,,
KLO,2009,1,26,21,-2.6,,,,,,,,954,,0.3,,0,0,0,0,0,0,0,,,,
KLO,2009,1,26,22,-2.8,,,,,,,,954.6,,0.2,,0,0,0,0,0,0,0,,,,
KLO,2009,1,26,23,-3.2,,,,,,,,954.9,,0.1,,0,0,0,0,0,0,0,,,,
KLO,2009,1,27,0,-3.6,,,,,,,,955.3,,0.3,,0,0,0,0,0,0,0,,,,
KLO,2009,1,27,1,-4.6,,,,,,,,955.8,,0.1,,0,0,0,0,0,0,0,,,,
KLO,2009,1,27,2,-5.5,,,,,,,,956.4,,0.5,,0,0,0,0,0,0,0,,,,
KLO,2009,1,27,3,-3.7,,,,,,,,956.6,,0.8,,0,0,0,0,0,0,0,,,,
KLO,2009,1,27,4,-3.3,,,,,,,,956.7,,1.2,,0,0,0,0,0,0,0,,,,
KLO,2009,1,27,5,-3.2,,,,,,,,957.4,,0.9,,0,0,0,0,0,0,0,,,,
KLO,2009,1,27,6,-2.8,,,,,,,,957.7,,1.1,,0,0,0,0,0,0,0,,,,
KLO,2009,1,27,7,-2.2,,,,,,,,958.5,,0.7,,4,0,0,0,0,0,0,,,,
KLO,2009,1,27,8,-1.6,,,,,,,,959.1,,1.6,,48,0,0,0,0,0,0,,,,
KLO,2009,1,27,9,-1,,,,,,,,959.7,,2.2,,52,11.5,50.4,0,0,0,0,,,,
KLO,2009,1,27,10,-0.6,,,,,,,,960,,1.6,,120,32.3,111.5,0,0,0,0,,,,
KLO,2009,1,27,11,-0.1,,,,,,,,960.1,,1.7,,162,33.6,150.2,0,0,0,0,,,,
KLO,2009,1,27,12,0.7,,,,,,,,960.3,,2,,183,32,170.2,0,0,0,0,,,,
KLO,2009,1,27,13,0.9,,,,,,,,960.6,,1.5,,115,5.1,112.9,0,0,0,0,,,,
KLO,2009,1,27,14,1,,,,,,,,961,,1.7,,75,2.6,74,0,0,0,0,,,,
KLO,2009,1,27,15,0.9,,,,,,,,961.6,,1.8,,36,1,35.7,0,0,0,0,,,,
KLO,2009,1,27,16,0.5,,,,,,,,962.5,,1.9,,2,0,2,0,0,0,0,,,,
KLO,2009,1,27,17,0.3,,,,,,,,962.8,,1.9,,0,0,0,0,0,0,0,,,,
KLO,2009,1,27,18,0.4,,,,,,,,963.4,,1.6,,0,0,0,0,0,0,0,,,,
KLO,2009,1,27,19,0.1,,,,,,,,963.6,,2,,0,0,0,0,0,0,0,,,,
KLO,2009,1,27,20,-0.1,,,,,,,,963.9,,1.9,,0,0,0,0,0,0,0,,,,
KLO,2009,1,27,21,-0.5,,,,,,,,964.1,,0.5,,0,0,0,0,0,0,0,,,,
KLO,2009,1,27,22,-0.7,,,,,,,,964.2,,0.8,,0,0,0,0,0,0,0,,,,
KLO,2009,1,27,23,-0.7,,,,,,,,964.2,,1.2,,0,0,0,0,0,0,0,,,,
KLO,2009,1,28,0,-0.7,,,,,,,,964.2,,1.2,,0,0,0,0,0,0,0,,,,
KLO,2009,1,28,1,-0.4,,,,,,,,964.3,,1.8,,0,0,0,0,0,0,0,,,,
KLO,2009,1,28,2,-0.5,,,,,,,,964.3,,1.7,,0,0,0,0,0,0,0,,,,
KLO,2009,1,28,3,-0.4,,,,,,,,964.4,,1.5,,0,0,0,0,0,0,0,,,,
KLO,2009,1,28,4,-0.4,,,,,,,,964.4,,1.8,,0,0,0,0,0,0,0,,,,
KLO,2009,1,28,5,-0.3,,,,,,,,964.4,,1.6,,0,0,0,0,0,0,0,,,,
KLO,2009,1,28,6,-0.4,,,,,,,,964.6,,1,,0,0,0,0,0,0,0,,,,
KLO,2009,1,28,7,-0.4,,,,,,,,964.8,,1.3,,3,0,0,0,0,0,0,,,,
KLO,2009,1,28,8,-0.3,,,,,,,,964.9,,2.6,,35,0,0,0,0,0,0,,,,
KLO,2009,1,28,9,-0.1,,,,,,,,965,,3,,73,54.8,65.1,0,0,0,0,,,,
KLO,2009,1,28,10,-0.1,,,,,,,,965.2,,3.3,,96,10.3,93.3,0,0,0,0,,,,
KLO,2009,1,28,11,0,,,,,,,,965,,3.3,,113,6.6,110.6,0,0,0,0,,,,
KLO,2009,1,28,12,0,,,,,,,,964.7,,2.9,,102,4.1,100.4,0,0,0,0,,,,
KLO,2009,1,28,13,0.1,,,,,,,,964.4,,1.3,,95,3.4,93.6,0,0,0,0,,,,
KLO,2009,1,28,14,0.2,,,,,,,,964.8,,3.2,,53,1.3,52.5,0,0,0,0,,,,
KLO,2009,1,28,15,0.2,,,,,,,,964.9,,4.4,,29,0.6,28.8,0,0,0,0,,,,
KLO,2009,1,28,16,0.3,,,,,,,,965.1,,5.8,,8,0.1,8,0,0,0,0,,,,
KLO,2009,1,28,17,0.2,,,,,,,,965.2,,3.7,,0,0,0,0,0,0,0,,,,
KLO,2009,1,28,18,0.1,,,,,,,,965.2,,2.6,,0,0,0,0,0,0,0,,,,
KLO,2009,1,28,19,0.1,,,,,,,,965.3,,2.1,,0,0,0,0,0,0,0,,,,
KLO,2009,1,28,20,0.3,,,,,,,,965.3,,3.9,,0,0,0,0,0,0,0,,,,
KLO,2009,1,28,21,0.3,,,,,,,,965.3,,3.1,,0,0,0,0,0,0,0,,,,
KLO,2009,1,28,22,0.3,,,,,,,,965.4,,2.9,,0,0,0,0,0,0,0,,,,
KLO,2009,1,28,23,0.3,,,,,,,,965.3,,3.7,,0,0,0,0,0,0,0,,,,
KLO,2009,1,29,0,0.1,,,,,,,,965.3,,3.5,,0,0,0,0,0,0,0,,,,
KLO,2009,1,29,1,-0.1,,,,,,,,965.3,,3.9,,0,0,0,0,0,0,0,,,,
KLO,2009,1,29,2,-0.3,,,,,,,,965.2,,3.7,,0,0,0,0,0,0,0,,,,
KLO,2009,1,29,3,-0.4,,,,,,,,965.1,,4,,0,0,0,0,0,0,0,,,,
KLO,2009,1,29,4,-0.5,,,,,,,,965,,4.7,,0,0,0,0,0,0,0,,,,
KLO,2009,1,29,5,-0.5,,,,,,,,965.1,,3.7,,0,0,0,0,0,0,0,,,,
KLO,2009,1,29,6,-0.5,,,,,,,,965.3,,4.2,,0,0,0,0,0,0,0,,,,
KLO,2009,1,29,7,-0.6,,,,,,,,965.6,,3.3,,4,0,0,0,0,0,0,,,,
KLO,2009,1,29,8,-0.4,,,,,,,,965.8,,3.5,,26,0,0,0,0,0,0,,,,
KLO,2009,1,29,9,0.1,,,,,,,,965.9,,2.9,,36,3.8,35.4,0,0,0,0,,,,
KLO,2009,1,29,10,0.4,,,,,,,,966.2,,2.6,,43,1.6,42.6,0,0,0,0,,,,
KLO,2009,1,29,11,0.6,,,,,,,,966.1,,2.6,,47,1.1,46.6,0,0,0,0,,,,
KLO,2009,1,29,12,0.8,,,,,,,,965.9,,2.9,,60,1.4,59.4,0,0,0,0,,,,
KLO,2009,1,29,13,1.1,,,,,,,,965.8,,2.7,,60,1.3,59.4,0,0,0,0,,,,
KLO,2009,1,29,14,1.3,,,,,,,,966.1,,2.7,,40,0.7,39.7,0,0,0,0,,,,
KLO,2009,1,29,15,1.3,,,,,,,,966.5,,2.8,,16,0.2,15.9,0,0,0,0,,,,
KLO,2009,1,29,16,1.2,,,,,,,,967,,2.7,,2,0,2,0,0,0,0,,,,
KLO,2009,1,29,17,1.1,,,,,,,,967.2,,2.9,,0,0,0,0,0,0,0,,,,
KLO,2009,1,29,18,1,,,,,,,,967.4,,3.5,,0,0,0,0,0,0,0,,,,
KLO,2009,1,29,19,0.6,,,,,,,,967.5,,3.9,,0,0,0,0,0,0,0,,,,
KLO,2009,1,29,20,0.4,,,,,,,,967.6,,4,,0,0,0,0,0,0,0,,,,
KLO,2009,1,29,21,0.5,,,,,,,,967.8,,2.8,,0,0,0,0,0,0,0,,,,
KLO,2009,1,29,22,0.4,,,,,,,,967.9,,2.9,,0,0,0,0,0,0,0,,,,
KLO,2009,1,29,23,0.3,,,,,,,,967.9,,2.5,,0,0,0,0,0,0,0,,,,
KLO,2009,1,30,0,0.2,,,,,,,,968,,2.4,,0,0,0,0,0,0,0,,,,
KLO,2009,1,30,1,0.3,,,,,,,,968.2,,2.4,,0,0,0,0,0,0,0,,,,
KLO,2009,1,30,2,0.4,,,,,,,,968.2,,3.2,,0,0,0,0,0,0,0,,,,
KLO,2009,1,30,3,0.2,,,,,,,,968.3,,4.4,,0,0,0,0,0,0,0,,,,
KLO,2009,1,30,4,0.1,,,,,,,,968.3,,3.3,,0,0,0,0,0,0,0,,,,
KLO,2009,1,30,5,0,,,,,,,,968.1,,3.7,,0,0,0,0,0,0,0,,,,
KLO,2009,1,30,6,-0.2,,,,,,,,968.3,,4.2,,0,0,0,0,0,0,0,,,,
KLO,2009,1,30,7,-0.2,,,,,,,,968.6,,2.9,,3,0,0,0,0,0,0,,,,
KLO,2009,1,30,8,-0.2,,,,,,,,968.6,,3.7,,18,0,0,0,0,0,0,,,,
KLO,2009,1,30,9,-0.1,,,,,,,,969,,4.2,,35,3.5,34.5,0,0,0,0,,,,
KLO,2009,1,30,10,-0.1,,,,,,,,969.1,,4.9,,62,3.3,61.1,0,0,0,0,,,,
KLO,2009,1,30,11,-0.1,,,,,,,,968.7,,5.3,,84,3.4,82.8,0,0,0,0,,,,
KLO,2009,1,30,12,-0.2,,,,,,,,968.2,,4.4,,72,1.9,71.2,0,0,0,0,,,,
KLO,2009,1,30,13,0,,,,,,,,967.6,,4.8,,62,1.4,61.4,0,0,0,0,,,,
KLO,2009,1,30,14,0.3,,,,,,,,967.4,,4.4,,49,1,48.6,0,0,0,0,,,,
KLO,2009,1,30,15,0.4,,,,,,,,967.3,,4.4,,26,0.5,25.9,0,0,0,0,,,,
KLO,2009,1,30,16,0.3,,,,,,,,967.6,,4.8,,4,0,4,0,0,0,0,,,,
KLO,2009,1,30,17,0.2,,,,,,,,968,,4.8,,0,0,0,0,0,0,0,,,,
KLO,2009,1,30,18,0.1,,,,,,,,968.2,,4.3,,0,0,0,0,0,0,0,,,,
KLO,2009,1,30,19,-0.2,,,,,,,,968,,3.9,,0,0,0,0,0,0,0,,,,
KLO,2009,1,30,20,-0.4,,,,,,,,967.5,,4.3,,0,0,0,0,0,0,0,,,,
KLO,2009,1,30,21,-0.5,,,,,,,,967.5,,4.7,,0,0,0,0,0,0,0,,,,
KLO,2009,1,30,22,-0.9,,,,,,,,967.3,,4.1,,0,0,0,0,0,0,0,,,,
KLO,2009,1,30,23,-1.1,,,,,,,,967,,4.1,,0,0,0,0,0,0,0,,,,
KLO,2009,1,31,0,-1.3,,,,,,,,966.7,,4.3,,0,0,0,0,0,0,0,,,,
KLO,2009,1,31,1,-1.4,,,,,,,,966.4,,3.8,,0,0,0,0,0,0,0,,,,
KLO,2009,1,31,2,-1.6,,,,,,,,966.4,,4,,0,0,0,0,0,0,0,,,,
KLO,2009,1,31,3,-1.9,,,,,,,,966.2,,4.4,,0,0,0,0,0,0,0,,,,
KLO,2009,1,31,4,-2.2,,,,,,,,966,,3.8,,0,0,0,0,0,0,0,,,,
KLO,2009,1,31,5,-2.5,,,,,,,,965.9,,4,,0,0,0,0,0,0,0,,,,
KLO,2009,1,31,6,-2.7,,,,,,,,965.7,,4.2,,0,0,0,0,0,0,0,,,,
KLO,2009,1,31,7,-2.8,,,,,,,,965.5,,3.9,,2,0,0,0,0,0,0,,,,
KLO,2009,1,31,8,-2.8,,,,,,,,965.1,,4.5,,17,0,0,0,0,0,0,,,,
KLO,2009,1,31,9,-2.7,,,,,,,,964.8,,4.4,,40,4.3,39.3,0,0,0,0,,,,
KLO,2009,1,31,10,-2.5,,,,,,,,964.5,,4.6,,65,3.5,64,0,0,0,0,,,,
KLO,2009,1,31,11,-2.5,,,,,,,,964.1,,4.7,,69,2.3,68.2,0,0,0,0,,,,
KLO,2009,1,31,12,-2.4,,,,,,,,963.3,,5.3,,84,2.6,82.9,0,0,0,0,,,,
KLO,2009,1,31,13,-2.3,,,,,,,,962.9,,4.6,,68,1.6,67.3,0,0,0,0,,,,
KLO,2009,1,31,14,-2.4,,,,,,,,962.8,,5.8,,38,0.6,37.8,0,0,0,0,,,,
KLO,2009,1,31,15,-2.5,,,,,,,,962.8,,6,,16,0.2,15.9,0,0,0,0,,,,
KLO,2009,1,31,16,-2.4,,,,,,,,963,,4.4,,1,0,1,0,0,0,0,,,,
KLO,2009,1,31,17,-2.2,,,,,,,,962.9,,4.1,,0,0,0,0,0,0,0,,,,
KLO,2009,1,31,18,-2.1,,,,,,,,962.3,,3.7,,0,0,0,0,0,0,0,,,,
KLO,2009,1,31,19,-2,,,,,,,,961.8,,2.8,,0,0,0,0,0,0,0,,,,
KLO,2009,1,31,20,-2,,,,,,,,961.5,,4,,0,0,0,0,0,0,0,,,,
KLO,2009,1,31,21,-1.8,,,,,,,,960.9,,3.8,,0,0,0,0,0,0,0,,,,
KLO,2009,1,31,22,-1.7,,,,,,,,960.3,,3.5,,0,0,0,0,0,0,0,,,,
KLO,2009,1,31,23,-1.6,,,,,,,,959.8,,5.2,,0,0,0,0,0,0,0,,,,
KLO,2009,2,1,0,-1.6,,,,,,,,959,,5.1,,0,0,0,0,0,0,0,,,,
KLO,2009,2,1,1,-1.8,,,,,,,,958.4,,4.5,,0,0,0,0,0,0,0,,,,
KLO,2009,2,1,2,-1.9,,,,,,,,957.8,,3.7,,0,0,0,0,0,0,0,,,,
KLO,2009,2,1,3,-2,,,,,,,,957.1,,4.4,,0,0,0,0,0,0,0,,,,
KLO,2009,2,1,4,-2.2,,,,,,,,956.4,,3.5,,0,0,0,0,0,0,0,,,,
KLO,2009,2,1,5,-2.4,,,,,,,,955.8,,4,,0,0,0,0,0,0,0,,,,
KLO,2009,2,1,6,-2.4,,,,,,,,955.2,,4.5,,0,0,0,0,0,0,0,,,,
KLO,2009,2,1,7,-2.4,,,,,,,,954.7,,5.2,,1,0,0,0,0,0,0,,,,
KLO,2009,2,1,8,-2.4,,,,,,,,954.3,,5.1,,16,0,0,0,0,0,0,,,,
KLO,2009,2,1,9,-2.2,,,,,,,,953.8,,4.5,,40,4.1,39.4,0,0,0,0,,,,
KLO,2009,2,1,10,-1.8,,,,,,,,953.7,,2.3,,120,22.8,113.6,0,0,0,0,,,,
KLO,2009,2,1,11,-1.7,,,,,,,,953.4,,3.1,,74,2.5,73.1,0,0,0,0,,,,
KLO,2009,2,1,12,-1.9,,,,,,,,952.9,,2.4,,62,1.4,61.4,0,0,0,0,,,,
KLO,2009,2,1,13,-1.9,,,,,,,,952.4,,2,,53,1,52.6,0,0,0,0,,,,
KLO,2009,2,1,14,-1.8,,,,,,,,952.1,,3,,42,0.7,41.7,0,0,0,0,,,,
KLO,2009,2,1,15,-2.1,,,,,,,,952.2,,1.5,,25,0.4,24.9,0,0,0,0,,,,
KLO,2009,2,1,16,-2,,,,,,,,952,,2,,3,0,3,0,0,0,0,,,,
KLO,2009,2,1,17,-1.9,,,,,,,,952,,1.8,,0,0,0,0,0,0,0,,,,
KLO,2009,2,1,18,-1.7,,,,,,,,951.9,,2.1,,0,0,0,0,0,0,0,,,,
KLO,2009,2,1,19,-1.9,,,,,,,,951.9,,1.9,,0,0,0,0,0,0,0,,,,
KLO,2009,2,1,20,-2,,,,,,,,951.8,,2.5,,0,0,0,0,0,0,0,,,,
KLO,2009,2,1,21,-2.1,,,,,,,,951.6,,1.9,,0,0,0,0,0,0,0,,,,
KLO,2009,2,1,22,-2.2,,,,,,,,951.7,,2.1,,0,0,0,0,0,0,0,,,,
KLO,2009,2,1,23,-1.9,,,,,,,,951.5,,2.1,,0,0,0,0,0,0,0,,,,
KLO,2009,2,2,0,-2.3,,,,,,,,951,,2.3,,0,0,0,0,0,0,0,,,,
KLO,2009,2,2,1,-3.3,,,,,,,,950.9,,0.6,,0,0,0,0,0,0,0,,,,
KLO,2009,2,2,2,-2.4,,,,,,,,950.7,,1.7,,0,0,0,0,0,0,0,,,,
KLO,2009,2,2,3,-2.4,,,,,,,,950.2,,2.2,,0,0,0,0,0,0,0,,,,
KLO,2009,2,2,4,-2.1,,,,,,,,950,,2.6,,0,0,0,0,0,0,0,,,,
KLO,2009,2,2,5,-2,,,,,,,,949.8,,2.2,,0,0,0,0,0,0,0,,,,
KLO,2009,2,2,6,-2,,,,,,,,949.7,,2.7,,0,0,0,0,0,0,0,,,,
KLO,2009,2,2,7,-1.6,,,,,,,,949.7,,2.3,,9,0,0,0,0,0,0,,,,
KLO,2009,2,2,8,-1.4,,,,,,,,949.3,,2.9,,41,0,0,0,0,0,0,,,,
KLO,2009,2,2,9,-1.1,,,,,,,,948.7,,2.7,,72,28.5,67.4,0,0,0,0,,,,
KLO,2009,2,2,10,-0.4,,,,,,,,948.5,,2.4,,175,133.3,137,0,0,0,0,,,,
KLO,2009,2,2,11,0.4,,,,,,,,947.9,,2.6,,177,37.7,162.8,0,0,0,0,,,,
KLO,2009,2,2,12,0.8,,,,,,,,947.4,,2.1,,150,9.3,146,0,0,0,0,,,,
KLO,2009,2,2,13,1,,,,,,,,946.8,,1.8,,134,6.1,131.4,0,0,0,0,,,,
KLO,2009,2,2,14,2,,,,,,,,946.4,,1.8,,200,52.7,179.1,0,0,0,0,,,,
KLO,2009,2,2,15,2.4,,,,,,,,946.3,,1.3,,136,22.7,128.7,0,0,0,0,,,,
KLO,2009,2,2,16,1.7,,,,,,,,946.3,,1,,24,0.9,23.8,0,0,0,0,,,,
KLO,2009,2,2,17,0,,,,,,,,946.4,,0.7,,0,0,0,0,0,0,0,,,,
KLO,2009,2,2,18,-0.7,,,,,,,,946.4,,0.3,,0,0,0,0,0,0,0,,,,
KLO,2009,2,2,19,-0.6,,,,,,,,946.7,,0.2,,0,0,0,0,0,0,0,,,,
KLO,2009,2,2,20,-1.1,,,,,,,,946.7,,0.7,,0,0,0,0,0,0,0,,,,
KLO,2009,2,2,21,-1.4,,,,,,,,946.8,,0.6,,0,0,0,0,0,0,0,,,,
KLO,2009,2,2,22,-1.2,,,,,,,,947.1,,0.4,,0,0,0,0,0,0,0,,,,
KLO,2009,2,2,23,-1,,,,,,,,947.5,,0.9,,0,0,0,0,0,0,0,,,,
KLO,2009,2,3,0,-1.3,,,,,,,,947.8,,0.5,,0,0,0,0,0,0,0,,,,
KLO,2009,2,3,1,-2,,,,,,,,947.9,,0.8,,0,0,0,0,0,0,0,,,,
KLO,2009,2,3,2,-2.2,,,,,,,,948,,1,,0,0,0,0,0,0,0,,,,
KLO,2009,2,3,3,-2.4,,,,,,,,948,,0.8,,0,0,0,0,0,0,0,,,,
KLO,2009,2,3,4,-2.3,,,,,,,,948.4,,0.9,,0,0,0,0,0,0,0,,,,
KLO,2009,2,3,5,-2.5,,,,,,,,948.7,,1.1,,0,0,0,0,0,0,0,,,,
KLO,2009,2,3,6,-2.9,,,,,,,,949.2,,0.5,,0,0,0,0,0,0,0,,,,
KLO,2009,2,3,7,-3.1,,,,,,,,949.2,,0.9,,23,0,0,0,0,0,0,,,,
KLO,2009,2,3,8,-1.6,,,,,,,,949.3,,0.5,,143,0,0,0,0,0,0,,,,
KLO,2009,2,3,9,0.9,,,,,,,,949.3,,1.1,,285,1438.3,47,0,0,0,0,,,,
KLO,2009,2,3,10,3.1,,,,,,,,949.1,,1.9,,384,1107.5,63.4,0,0,0,0,,,,
KLO,2009,2,3,11,5.2,,,,,,,,948.7,,1.6,,430,944.4,71,0,0,0,0,,,,
KLO,2009,2,3,12,7.4,,,,,,,,948.1,,1.8,,428,759.6,100.6,0,0,0,0,,,,
KLO,2009,2,3,13,8.9,,,,,,,,947.5,,2.4,,384,534.3,149.8,0,0,0,0,,,,
KLO,2009,2,3,14,8.9,,,,,,,,947.1,,1.6,,167,20.1,158.9,0,0,0,0,,,,
KLO,2009,2,3,15,8.4,,,,,,,,947.3,,1,,164,54.2,146.4,0,0,0,0,,,,
KLO,2009,2,3,16,5.4,,,,,,,,947.5,,2.2,,26,1,25.8,0,0,0,0,,,,
KLO,2009,2,3,17,3.4,,,,,,,,947.8,,1.5,,0,0,0,0,0,0,0,,,,
KLO,2009,2,3,18,2.4,,,,,,,,948.1,,1.5,,0,0,0,0,0,0,0,,,,
KLO,2009,2,3,19,1.2,,,,,,,,948.4,,0.7,,0,0,0,0,0,0,0,,,,
KLO,2009,2,3,20,0.1,,,,,,,,948.7,,0.3,,0,0,0,0,0,0,0,,,,
KLO,2009,2,3,21,-0.7,,,,,,,,948.9,,0.2,,0,0,0,0,0,0,0,,,,
KLO,2009,2,3,22,-1.5,,,,,,,,949.1,,0.5,,0,0,0,0,0,0,0,,,,
KLO,2009,2,3,23,-2.1,,,,,,,,949,,1.1,,0,0,0,0,0,0,0,,,,
KLO,2009,2,4,0,-2.5,,,,,,,,948.7,,0.6,,0,0,0,0,0,0,0,,,,
KLO,2009,2,4,1,-2.8,,,,,,,,948.5,,1.6,,0,0,0,0,0,0,0,,,,
KLO,2009,2,4,2,-2.7,,,,,,,,948.4,,0.3,,0,0,0,0,0,0,0,,,,
KLO,2009,2,4,3,-2.6,,,,,,,,948.3,,0.1,,0,0,0,0,0,0,0,,,,
KLO,2009,2,4,4,-2.3,,,,,,,,948.2,,1.1,,0,0,0,0,0,0,0,,,,
KLO,2009,2,4,5,-1.8,,,,,,,,948.1,,0.7,,0,0,0,0,0,0,0,,,,
KLO,2009,2,4,6,-1.9,,,,,,,,948.1,,0.7,,0,0,0,0,0,0,0,,,,
KLO,2009,2,4,7,-2,,,,,,,,948.3,,0.3,,20,0,0,0,0,0,0,,,,
KLO,2009,2,4,8,0,,,,,,,,948.4,,0.5,,177,0,0,0,0,0,0,,,,
KLO,2009,2,4,9,1.6,,,,,,,,948.4,,0.7,,259,1276.4,42.7,0,0,0,0,,,,
KLO,2009,2,4,10,3.5,,,,,,,,948.4,,0.7,,354,1006.2,58.4,0,0,0,0,,,,
KLO,2009,2,4,11,5.2,,,,,,,,948.2,,0.6,,387,783.1,85.8,0,0,0,0,,,,
KLO,2009,2,4,12,7.2,,,,,,,,947.9,,0.8,,435,770,99.6,0,0,0,0,,,,
KLO,2009,2,4,13,8.1,,,,,,,,947.6,,1,,363,427.6,173.6,0,0,0,0,,,,
KLO,2009,2,4,14,8.1,,,,,,,,947.7,,0.4,,154,12.9,148.8,0,0,0,0,,,,
KLO,2009,2,4,15,8,,,,,,,,947.8,,1.1,,112,8.3,109.3,0,0,0,0,,,,
KLO,2009,2,4,16,6.9,,,,,,,,948.1,,0.7,,18,0.5,17.9,0,0,0,0,,,,
KLO,2009,2,4,17,5.2,,,,,,,,948.2,,0.7,,0,0,0,0,0,0,0,,,,
KLO,2009,2,4,18,3.8,,,,,,,,948.5,,0.9,,0,0,0,0,0,0,0,,,,
KLO,2009,2,4,19,3.2,,,,,,,,948.7,,0.7,,0,0,0,0,0,0,0,,,,
KLO,2009,2,4,20,2.1,,,,,,,,948.9,,0.5,,0,0,0,0,0,0,0,,,,
KLO,2009,2,4,21,0.8,,,,,,,,949.1,,0.9,,0,0,0,0,0,0,0,,,,
KLO,2009,2,4,22,0,,,,,,,,949.1,,1.4,,0,0,0,0,0,0,0,,,,
KLO,2009,2,4,23,-0.6,,,,,,,,948.9,,0.9,,0,0,0,0,0,0,0,,,,
KLO,2009,2,5,0,-1.5,,,,,,,,948.7,,0.8,,0,0,0,0,0,0,0,,,,
KLO,2009,2,5,1,-1.7,,,,,,,,948.4,,1,,0,0,0,0,0,0,0,,,,
KLO,2009,2,5,2,-2.6,,,,,,,,948.1,,1,,0,0,0,0,0,0,0,,,,
KLO,2009,2,5,3,-3.2,,,,,,,,947.6,,1.1,,0,0,0,0,0,0,0,,,,
KLO,2009,2,5,4,-4.4,,,,,,,,947.5,,0.3,,0,0,0,0,0,0,0,,,,
KLO,2009,2,5,5,-4.6,,,,,,,,947.2,,0.5,,0,0,0,0,0,0,0,,,,
KLO,2009,2,5,6,-3.3,,,,,,,,947,,0.4,,0,0,0,0,0,0,0,,,,
KLO,2009,2,5,7,-2.9,,,,,,,,947.6,,1.1,,24,0,0,0,0,0,0,,,,
KLO,2009,2,5,8,-0.4,,,,,,,,947.9,,1.3,,53,0,0,0,0,0,0,,,,
KLO,2009,2,5,9,0.8,,,,,,,,948,,1.5,,166,692.2,45.9,0,0,0,0,,,,
KLO,2009,2,5,10,3.7,,,,,,,,949,,1,,350,980.4,57.8,0,0,0,0,,,,
KLO,2009,2,5,11,6,,,,,,,,949.5,,1.6,,391,780.9,87.1,0,0,0,0,,,,
KLO,2009,2,5,12,7.2,,,,,,,,949.3,,1.1,,345,364.7,184.4,0,0,0,0,,,,
KLO,2009,2,5,13,7.6,,,,,,,,949.2,,1.6,,202,30.4,188.4,0,0,0,0,,,,
KLO,2009,2,5,14,7.9,,,,,,,,948.9,,1,,181,26.9,169.9,0,0,0,0,,,,
KLO,2009,2,5,15,7.7,,,,,,,,948.4,,0.7,,101,5.9,99,0,0,0,0,,,,
KLO,2009,2,5,16,6,,,,,,,,948.3,,0.8,,15,0.3,14.9,0,0,0,0,,,,
KLO,2009,2,5,17,3.7,,,,,,,,948.5,,1.6,,0,0,0,0,0,0,0,,,,
KLO,2009,2,5,18,3.8,,,,,,,,948.4,,1.4,,0,0,0,0,0,0,0,,,,
KLO,2009,2,5,19,2.7,,,,,,,,948.4,,1.5,,0,0,0,0,0,0,0,,,,
KLO,2009,2,5,20,1.9,,,,,,,,947.8,,1.1,,0,0,0,0,0,0,0,,,,
KLO,2009,2,5,21,1.8,,,,,,,,947.5,,1.2,,0,0,0,0,0,0,0,,,,
KLO,2009,2,5,22,2,,,,,,,,946.9,,1.9,,0,0,0,0,0,0,0,,,,
KLO,2009,2,5,23,1.5,,,,,,,,947,,1.7,,0,0,0,0,0,0,0,,,,
KLO,2009,2,6,0,2.2,,,,,,,,946.5,,1.8,,0,0,0,0,0,0,0,,,,
KLO,2009,2,6,1,1.6,,,,,,,,946.7,,0.8,,0,0,0,0,0,0,0,,,,
KLO,2009,2,6,2,2.3,,,,,,,,946,,1.8,,0,0,0,0,0,0,0,,,,
KLO,2009,2,6,3,1.9,,,,,,,,946,,1.4,,0,0,0,0,0,0,0,,,,
KLO,2009,2,6,4,1.4,,,,,,,,946.1,,1.3,,0,0,0,0,0,0,0,,,,
KLO,2009,2,6,5,0.6,,,,,,,,945.6,,1.3,,0,0,0,0,0,0,0,,,,
KLO,2009,2,6,6,1,,,,,,,,945.2,,2.3,,0,0,0,0,0,0,0,,,,
KLO,2009,2,6,7,1,,,,,,,,944.9,,2.3,,18,0,0,0,0,0,0,,,,
KLO,2009,2,6,8,1.3,,,,,,,,944.6,,1.2,,61,0,0,0,0,0,0,,,,
KLO,2009,2,6,9,2,,,,,,,,944.7,,1.1,,101,94.7,84.2,0,0,0,0,,,,
KLO,2009,2,6,10,3.4,,,,,,,,944.3,,0.6,,262,516,105.9,0,0,0,0,,,,
KLO,2009,2,6,11,4.7,,,,,,,,943.6,,1.2,,235,118.5,188.4,0,0,0,0,,,,
KLO,2009,2,6,12,6.5,,,,,,,,943,,1.1,,420,667.9,122.8,0,0,0,0,,,,
KLO,2009,2,6,13,7.2,,,,,,,,942,,1.1,,301,190.7,214.7,0,0,0,0,,,,
KLO,2009,2,6,14,7.6,,,,,,,,941.5,,1.2,,186,29.1,173.9,0,0,0,0,,,,
KLO,2009,2,6,15,7.2,,,,,,,,941.4,,1.8,,89,4.4,87.5,0,0,0,0,,,,
KLO,2009,2,6,16,6.3,,,,,,,,940.9,,1.8,,15,0.3,14.9,0,0,0,0,,,,
KLO,2009,2,6,17,4.6,,,,,,,,940.4,,0.9,,0,0,0,0,0,0,0,,,,
KLO,2009,2,6,18,3.2,,,,,,,,940,,0.5,,0,0,0,0,0,0,0,,,,
KLO,2009,2,6,19,3.4,,,,,,,,939.6,,1.6,,0,0,0,0,0,0,0,,,,
KLO,2009,2,6,20,1.9,,,,,,,,939.3,,1.8,,0,0,0,0,0,0,0,,,,
KLO,2009,2,6,21,1.6,,,,,,,,939.2,,2.1,,0,0,0,0,0,0,0,,,,
KLO,2009,2,6,22,1.2,,,,,,,,939.5,,2.5,,0,0,0,0,0,0,0,,,,
KLO,2009,2,6,23,1.2,,,,,,,,939.7,,1.1,,0,0,0,0,0,0,0,,,,
KLO,2009,2,7,0,1,,,,,,,,939.5,,0.8,,0,0,0,0,0,0,0,,,,
KLO,2009,2,7,1,0.9,,,,,,,,939.2,,2.3,,0,0,0,0,0,0,0,,,,
KLO,2009,2,7,2,1.2,,,,,,,,938.9,,2.6,,0,0,0,0,0,0,0,,,,
KLO,2009,2,7,3,1.3,,,,,,,,938.3,,2.2,,0,0,0,0,0,0,0,,,,
KLO,2009,2,7,4,1.6,,,,,,,,938.4,,1.2,,0,0,0,0,0,0,0,,,,
KLO,2009,2,7,5,1.7,,,,,,,,938.1,,0.7,,0,0,0,0,0,0,0,,,,
KLO,2009,2,7,6,2.2,,,,,,,,938.2,,1.3,,0,0,0,0,0,0,0,,,,
KLO,2009,2,7,7,2.5,,,,,,,,938.6,,1,,4,0,0,0,0,0,0,,,,
KLO,2009,2,7,8,3.1,,,,,,,,938.7,,1.4,,19,0,0,0,0,0,0,,,,
KLO,2009,2,7,9,3.5,,,,,,,,938.9,,2.8,,68,12.1,65.8,0,0,0,0,,,,
KLO,2009,2,7,10,3.9,,,,,,,,939.2,,2.8,,119,14.4,114.6,0,0,0,0,,,,
KLO,2009,2,7,11,4.3,,,,,,,,939.3,,2.2,,96,3.7,94.5,0,0,0,0,,,,
KLO,2009,2,7,12,4.7,,,,,,,,939.1,,2.9,,121,4.6,118.9,0,0,0,0,,,,
KLO,2009,2,7,13,4.7,,,,,,,,939,,2.7,,93,2.6,91.8,0,0,0,0,,,,
KLO,2009,2,7,14,4.6,,,,,,,,939.5,,2.7,,61,1.3,60.4,0,0,0,0,,,,
KLO,2009,2,7,15,4,,,,,,,,939.9,,2.5,,35,0.7,34.8,0,0,0,0,,,,
KLO,2009,2,7,16,3.5,,,,,,,,940.5,,2.6,,9,0.1,9,0,0,0,0,,,,
KLO,2009,2,7,17,3,,,,,,,,941.2,,2.3,,0,0,0,0,0,0,0,,,,
KLO,2009,2,7,18,2.9,,,,,,,,941.8,,1.5,,0,0,0,0,0,0,0,,,,
KLO,2009,2,7,19,2.8,,,,,,,,942.4,,1.3,,0,0,0,0,0,0,0,,,,
KLO,2009,2,7,20,2.5,,,,,,,,943.1,,1.5,,0,0,0,0,0,0,0,,,,
KLO,2009,2,7,21,2.3,,,,,,,,943.5,,1.3,,0,0,0,0,0,0,0,,,,
KLO,2009,2,7,22,1.6,,,,,,,,944.2,,1.2,,0,0,0,0,0,0,0,,,,
KLO,2009,2,7,23,0.8,,,,,,,,944.7,,1.6,,0,0,0,0,0,0,0,,,,
KLO,2009,2,8,0,0.1,,,,,,,,945.1,,0.9,,0,0,0,0,0,0,0,,,,
KLO,2009,2,8,1,0.3,,,,,,,,945.5,,1.2,,0,0,0,0,0,0,0,,,,
KLO,2009,2,8,2,0.2,,,,,,,,946,,1.2,,0,0,0,0,0,0,0,,,,
KLO,2009,2,8,3,0,,,,,,,,946.4,,0.1,,0,0,0,0,0,0,0,,,,
KLO,2009,2,8,4,0.1,,,,,,,,947.3,,0,,0,0,0,0,0,0,0,,,,
KLO,2009,2,8,5,0,,,,,,,,948,,0,,0,0,0,0,0,0,0,,,,
KLO,2009,2,8,6,0.2,,,,,,,,949.1,,0.1,,0,0,0,0,0,0,0,,,,
KLO,2009,2,8,7,0.4,,,,,,,,950.4,,0,,5,0,0,0,0,0,0,,,,
KLO,2009,2,8,8,0.7,,,,,,,,951.5,,0.4,,53,0,0,0,0,0,0,,,,
KLO,2009,2,8,9,0.8,,,,,,,,952.5,,1.8,,89,40.8,81.4,0,0,0,0,,,,
KLO,2009,2,8,10,1.1,,,,,,,,953.2,,1.5,,167,71.8,144.6,0,0,0,0,,,,
KLO,2009,2,8,11,1.2,,,,,,,,953.9,,1.6,,165,18.7,157.5,0,0,0,0,,,,
KLO,2009,2,8,12,0.9,,,,,,,,954.4,,1.6,,145,6.7,141.9,0,0,0,0,,,,
KLO,2009,2,8,13,1.1,,,,,,,,954.8,,1.9,,145,6.4,142,0,0,0,0,,,,
KLO,2009,2,8,14,1.1,,,,,,,,955.5,,1,,76,2,75.1,0,0,0,0,,,,
KLO,2009,2,8,15,1,,,,,,,,956,,0.7,,39,0.8,38.7,0,0,0,0,,,,
KLO,2009,2,8,16,0.9,,,,,,,,956.5,,2,,11,0.1,11,0,0,0,0,,,,
KLO,2009,2,8,17,0.5,,,,,,,,957.4,,2.1,,0,0,0,0,0,0,0,,,,
KLO,2009,2,8,18,0.2,,,,,,,,957.8,,1.5,,0,0,0,0,0,0,0,,,,
KLO,2009,2,8,19,0,,,,,,,,958.1,,1.1,,0,0,0,0,0,0,0,,,,
KLO,2009,2,8,20,-0.7,,,,,,,,958.9,,0.5,,0,0,0,0,0,0,0,,,,
KLO,2009,2,8,21,-0.3,,,,,,,,959.5,,0.9,,0,0,0,0,0,0,0,,,,
KLO,2009,2,8,22,-0.1,,,,,,,,960,,0.5,,0,0,0,0,0,0,0,,,,
KLO,2009,2,8,23,-0.6,,,,,,,,959.9,,0.8,,0,0,0,0,0,0,0,,,,
KLO,2009,2,9,0,-0.8,,,,,,,,960,,0.7,,0,0,0,0,0,0,0,,,,
KLO,2009,2,9,1,-0.9,,,,,,,,960,,1.2,,0,0,0,0,0,0,0,,,,
KLO,2009,2,9,2,-0.7,,,,,,,,959.8,,0.9,,0,0,0,0,0,0,0,,,,
KLO,2009,2,9,3,-0.8,,,,,,,,960,,0.6,,0,0,0,0,0,0,0,,,,
KLO,2009,2,9,4,-1.7,,,,,,,,959.8,,1.3,,0,0,0,0,0,0,0,,,,
KLO,2009,2,9,5,-2.4,,,,,,,,959.6,,2.3,,0,0,0,0,0,0,0,,,,
KLO,2009,2,9,6,-1.8,,,,,,,,960,,2.4,,0,0,0,0,0,0,0,,,,
KLO,2009,2,9,7,-1.1,,,,,,,,960.1,,2.5,,49,0,0,0,0,0,0,,,,
KLO,2009,2,9,8,0.3,,,,,,,,960.5,,4.1,,183,0,0,0,0,0,0,,,,
KLO,2009,2,9,9,1,,,,,,,,960.8,,4.3,,254,1112.1,41.9,0,0,0,0,,,,
KLO,2009,2,9,10,1.5,,,,,,,,961,,2.4,,259,428.6,123.5,0,0,0,0,,,,
KLO,2009,2,9,11,1.8,,,,,,,,961.2,,2.5,,204,51.3,183.1,0,0,0,0,,,,
KLO,2009,2,9,12,2.3,,,,,,,,960.3,,3,,241,64.8,211.2,0,0,0,0,,,,
KLO,2009,2,9,13,2.8,,,,,,,,959.6,,2.3,,257,81.4,219,0,0,0,0,,,,
KLO,2009,2,9,14,3,,,,,,,,959,,1.7,,136,6.6,133.2,0,0,0,0,,,,
KLO,2009,2,9,15,2.9,,,,,,,,958.2,,1.7,,62,2,61.3,0,0,0,0,,,,
KLO,2009,2,9,16,2.8,,,,,,,,957.4,,1.3,,19,0.4,18.9,0,0,0,0,,,,
KLO,2009,2,9,17,2.6,,,,,,,,957.2,,2.1,,0,0,0,0,0,0,0,,,,
KLO,2009,2,9,18,1.8,,,,,,,,956.6,,3,,0,0,0,0,0,0,0,,,,
KLO,2009,2,9,19,1.6,,,,,,,,955.6,,3.7,,0,0,0,0,0,0,0,,,,
KLO,2009,2,9,20,1.2,,,,,,,,955,,3.9,,0,0,0,0,0,0,0,,,,
KLO,2009,2,9,21,2.2,,,,,,,,954.4,,4.3,,0,0,0,0,0,0,0,,,,
KLO,2009,2,9,22,3.3,,,,,,,,953.6,,5.1,,0,0,0,0,0,0,0,,,,
KLO,2009,2,9,23,2.9,,,,,,,,952.6,,4.6,,0,0,0,0,0,0,0,,,,
KLO,2009,2,10,0,2.3,,,,,,,,951.4,,4.7,,0,0,0,0,0,0,0,,,,
KLO,2009,2,10,1,2.7,,,,,,,,950.4,,3.6,,0,0,0,0,0,0,0,,,,
KLO,2009,2,10,2,3.1,,,,,,,,949.6,,3.4,,0,0,0,0,0,0,0,,,,
KLO,2009,2,10,3,3.7,,,,,,,,948.4,,2.8,,0,0,0,0,0,0,0,,,,
KLO,2009,2,10,4,4.4,,,,,,,,947.6,,2.8,,0,0,0,0,0,0,0,,,,
KLO,2009,2,10,5,4.1,,,,,,,,946.7,,2.7,,0,0,0,0,0,0,0,,,,
KLO,2009,2,10,6,3.2,,,,,,,,946,,3.8,,0,0,0,0,0,0,0,,,,
KLO,2009,2,10,7,7.8,,,,,,,,945.8,,5.9,,60,0,0,0,0,0,0,,,,
KLO,2009,2,10,8,9.9,,,,,,,,946.2,,14.1,,57,0,0,0,0,0,0,,,,
KLO,2009,2,10,9,6.8,,,,,,,,948.1,,10.9,,38,2.4,37.5,0,0,0,0,,,,
KLO,2009,2,10,10,6.1,,,,,,,,949.4,,10.3,,59,2.2,58.3,0,0,0,0,,,,
KLO,2009,2,10,11,7.1,,,,,,,,949.8,,12.6,,243,111.8,196.9,0,0,0,0,,,,
KLO,2009,2,10,12,7.3,,,,,,,,950,,12.9,,314,205,218.8,0,0,0,0,,,,
KLO,2009,2,10,13,7.1,,,,,,,,950.8,,12.4,,268,94.5,223.4,0,0,0,0,,,,
KLO,2009,2,10,14,6.7,,,,,,,,951.8,,11.8,,123,5.1,120.8,0,0,0,0,,,,
KLO,2009,2,10,15,5.2,,,,,,,,953.2,,10.3,,36,0.7,35.8,0,0,0,0,,,,
KLO,2009,2,10,16,4.4,,,,,,,,954.1,,7.8,,11,0.1,11,0,0,0,0,,,,
KLO,2009,2,10,17,3.2,,,,,,,,955.6,,7,,0,0,0,0,0,0,0,,,,
KLO,2009,2,10,18,2.9,,,,,,,,956.2,,6.9,,0,0,0,0,0,0,0,,,,
KLO,2009,2,10,19,1.5,,,,,,,,957.1,,5.3,,0,0,0,0,0,0,0,,,,
KLO,2009,2,10,20,1.4,,,,,,,,957.6,,4.2,,0,0,0,0,0,0,0,,,,
KLO,2009,2,10,21,1.7,,,,,,,,958.4,,4.6,,0,0,0,0,0,0,0,,,,
KLO,2009,2,10,22,1.6,,,,,,,,959,,5,,0,0,0,0,0,0,0,,,,
KLO,2009,2,10,23,1.9,,,,,,,,959.6,,4.9,,0,0,0,0,0,0,0,,,,
KLO,2009,2,11,0,1.7,,,,,,,,960.1,,3.8,,0,0,0,0,0,0,0,,,,
KLO,2009,2,11,1,1.2,,,,,,,,960.5,,3.8,,0,0,0,0,0,0,0,,,,
KLO,2009,2,11,2,1.1,,,,,,,,960.9,,3.9,,0,0,0,0,0,0,0,,,,
KLO,2009,2,11,3,1,,,,,,,,961.2,,3.4,,0,0,0,0,0,0,0,,,,
KLO,2009,2,11,4,0.8,,,,,,,,961.5,,4.2,,0,0,0,0,0,0,0,,,,
KLO,2009,2,11,5,0.6,,,,,,,,961.8,,4,,0,0,0,0,0,0,0,,,,
KLO,2009,2,11,6,0.4,,,,,,,,962,,4.1,,0,0,0,0,0,0,0,,,,
KLO,2009,2,11,7,0.2,,,,,,,,962.4,,2.5,,16,0,0,0,0,0,0,,,,
KLO,2009,2,11,8,0.5,,,,,,,,963.1,,3,,58,0,0,0,0,0,0,,,,
KLO,2009,2,11,9,1.5,,,,,,,,963.6,,3.9,,326,1362.4,53.8,0,0,0,0,,,,
KLO,2009,2,11,10,2.2,,,,,,,,964.1,,3.3,,401,1027.9,66.2,0,0,0,0,,,,
KLO,2009,2,11,11,2.5,,,,,,,,964.1,,4,,292,235.4,193.6,0,0,0,0,,,,
KLO,2009,2,11,12,2.4,,,,,,,,964,,3.7,,252,72.6,217.9,0,0,0,0,,,,
KLO,2009,2,11,13,2.8,,,,,,,,963.9,,3.1,,292,133.4,228.3,0,0,0,0,,,,
KLO,2009,2,11,14,3.4,,,,,,,,964,,5,,282,162.8,210.3,0,0,0,0,,,,
KLO,2009,2,11,15,2.7,,,,,,,,964.2,,4.6,,118,7.2,115.4,0,0,0,0,,,,
KLO,2009,2,11,16,2.2,,,,,,,,964.6,,3.5,,29,0.9,28.8,0,0,0,0,,,,
KLO,2009,2,11,17,1,,,,,,,,965,,2.2,,1,0,1,0,0,0,0,,,,
KLO,2009,2,11,18,0.4,,,,,,,,965.4,,2.3,,0,0,0,0,0,0,0,,,,
KLO,2009,2,11,19,0.3,,,,,,,,965.5,,2.6,,0,0,0,0,0,0,0,,,,
KLO,2009,2,11,20,0.3,,,,,,,,965.6,,3.1,,0,0,0,0,0,0,0,,,,
KLO,2009,2,11,21,0.2,,,,,,,,965.4,,2.6,,0,0,0,0,0,0,0,,,,
KLO,2009,2,11,22,0.1,,,,,,,,965.2,,2.5,,0,0,0,0,0,0,0,,,,
KLO,2009,2,11,23,0,,,,,,,,965,,3.4,,0,0,0,0,0,0,0,,,,
KLO,2009,2,12,0,-0.3,,,,,,,,964.8,,2.1,,0,0,0,0,0,0,0,,,,
KLO,2009,2,12,1,-0.3,,,,,,,,964.6,,2.8,,0,0,0,0,0,0,0,,,,
KLO,2009,2,12,2,-0.5,,,,,,,,964.1,,5,,0,0,0,0,0,0,0,,,,
KLO,2009,2,12,3,-0.7,,,,,,,,963.7,,4.4,,0,0,0,0,0,0,0,,,,
KLO,2009,2,12,4,-1,,,,,,,,963.4,,3.4,,0,0,0,0,0,0,0,,,,
KLO,2009,2,12,5,-1.1,,,,,,,,962.9,,2,,0,0,0,0,0,0,0,,,,
KLO,2009,2,12,6,-1.5,,,,,,,,962.8,,2.3,,0,0,0,0,0,0,0,,,,
KLO,2009,2,12,7,-1.3,,,,,,,,962.7,,2.2,,12,0,0,0,0,0,0,,,,
KLO,2009,2,12,8,-1.4,,,,,,,,963,,1,,31,48.2,28.4,0,0,0,0,,,,
KLO,2009,2,12,9,-1.3,,,,,,,,963.5,,0.8,,66,7,64.6,0,0,0,0,,,,
KLO,2009,2,12,10,-0.7,,,,,,,,964.4,,1,,179,75.8,153.9,0,0,0,0,,,,
KLO,2009,2,12,11,-0.3,,,,,,,,965.1,,2.1,,266,151.1,202.1,0,0,0,0,,,,
KLO,2009,2,12,12,1.2,,,,,,,,965.7,,4.7,,544,957.2,89.8,0,0,0,0,,,,
KLO,2009,2,12,13,1.2,,,,,,,,966.2,,4.6,,476,751.7,113.5,0,0,0,0,,,,
KLO,2009,2,12,14,1,,,,,,,,966.6,,2.5,,337,321.8,193.6,0,0,0,0,,,,
KLO,2009,2,12,15,0.4,,,,,,,,967.2,,2.1,,182,49.6,163.8,0,0,0,0,,,,
KLO,2009,2,12,16,-1.4,,,,,,,,967.8,,2.1,,38,1.5,37.6,0,0,0,0,,,,
KLO,2009,2,12,17,-1.3,,,,,,,,968.5,,1.6,,0,0,0,0,0,0,0,,,,
KLO,2009,2,12,18,-1.5,,,,,,,,969.1,,1.9,,0,0,0,0,0,0,0,,,,
KLO,2009,2,12,19,-1.9,,,,,,,,969.2,,1,,0,0,0,0,0,0,0,,,,
KLO,2009,2,12,20,-3.4,,,,,,,,969.3,,0.9,,0,0,0,0,0,0,0,,,,
KLO,2009,2,12,21,-5,,,,,,,,969.5,,0.8,,0,0,0,0,0,0,0,,,,
KLO,2009,2,12,22,-4.3,,,,,,,,969.5,,0.8,,0,0,0,0,0,0,0,,,,
KLO,2009,2,12,23,-3.7,,,,,,,,969.5,,0.9,,0,0,0,0,0,0,0,,,,
KLO,2009,2,13,0,-3.3,,,,,,,,969.3,,0.9,,0,0,0,0,0,0,0,,,,
KLO,2009,2,13,1,-3.2,,,,,,,,969.1,,1.2,,0,0,0,0,0,0,0,,,,
KLO,2009,2,13,2,-3.3,,,,,,,,969,,0.6,,0,0,0,0,0,0,0,,,,
KLO,2009,2,13,3,-4.7,,,,,,,,968.9,,0.9,,0,0,0,0,0,0,0,,,,
KLO,2009,2,13,4,-4.5,,,,,,,,969.1,,0.9,,0,0,0,0,0,0,0,,,,
KLO,2009,2,13,5,-4.2,,,,,,,,969.1,,0.4,,0,0,0,0,0,0,0,,,,
KLO,2009,2,13,6,-3.8,,,,,,,,969.3,,2,,0,0,0,0,0,0,0,,,,
KLO,2009,2,13,7,-3.7,,,,,,,,969.4,,1.6,,29,0,0,0,0,0,0,,,,
KLO,2009,2,13,8,-2.8,,,,,,,,969.5,,2.3,,110,1551.3,18.2,0,0,0,0,,,,
KLO,2009,2,13,9,-2.1,,,,,,,,969.5,,2.7,,254,1013.7,41.9,0,0,0,0,,,,
KLO,2009,2,13,10,-1.1,,,,,,,,969.6,,2.9,,416,1035.3,68.6,0,0,0,0,,,,
KLO,2009,2,13,11,-0.4,,,,,,,,969.1,,3.7,,524,1022.7,86.5,0,0,0,0,,,,
KLO,2009,2,13,12,0.2,,,,,,,,968.6,,3.4,,544,947,89.8,0,0,0,0,,,,
KLO,2009,2,13,13,0.6,,,,,,,,968.3,,2.7,,442,598.5,150.3,0,0,0,0,,,,
KLO,2009,2,13,14,0.2,,,,,,,,968.2,,1,,129,5.3,126.6,0,0,0,0,,,,
KLO,2009,2,13,15,0.3,,,,,,,,967.9,,2.4,,107,5.3,105,0,0,0,0,,,,
KLO,2009,2,13,16,-0.8,,,,,,,,967.7,,1.4,,21,0.4,20.9,0,0,0,0,,,,
KLO,2009,2,13,17,-1.5,,,,,,,,967.8,,0.8,,0,0,0,0,0,0,0,,,,
KLO,2009,2,13,18,-2.2,,,,,,,,968,,0,,0,0,0,0,0,0,0,,,,
KLO,2009,2,13,19,-3.3,,,,,,,,968,,1.6,,0,0,0,0,0,0,0,,,,
KLO,2009,2,13,20,-2.6,,,,,,,,968,,2.3,,0,0,0,0,0,0,0,,,,
KLO,2009,2,13,21,-2.7,,,,,,,,968.1,,2.1,,0,0,0,0,0,0,0,,,,
KLO,2009,2,13,22,-3,,,,,,,,968,,2.1,,0,0,0,0,0,0,0,,,,
KLO,2009,2,13,23,-3.3,,,,,,,,967.9,,1.8,,0,0,0,0,0,0,0,,,,
KLO,2009,2,14,0,-3.4,,,,,,,,967.8,,1.3,,0,0,0,0,0,0,0,,,,
KLO,2009,2,14,1,-3.3,,,,,,,,967.6,,1.3,,0,0,0,0,0,0,0,,,,
KLO,2009,2,14,2,-3.3,,,,,,,,967.5,,0.8,,0,0,0,0,0,0,0,,,,
KLO,2009,2,14,3,-3.5,,,,,,,,967.4,,1.6,,0,0,0,0,0,0,0,,,,
KLO,2009,2,14,4,-3.5,,,,,,,,967.4,,1.6,,0,0,0,0,0,0,0,,,,
KLO,2009,2,14,5,-3.6,,,,,,,,967.6,,0.2,,0,0,0,0,0,0,0,,,,
KLO,2009,2,14,6,-3.4,,,,,,,,968,,0.5,,0,0,0,0,0,0,0,,,,
KLO,2009,2,14,7,-3.5,,,,,,,,968.6,,1,,16,0,0,0,0,0,0,,,,
KLO,2009,2,14,8,-3.4,,,,,,,,969.1,,0.8,,85,1114.8,14,0,0,0,0,,,,
KLO,2009,2,14,9,-2.8,,,,,,,,969.7,,1.3,,190,561.4,69.8,0,0,0,0,,,,
KLO,2009,2,14,10,-2.1,,,,,,,,970.3,,1.5,,341,778.3,76,0,0,0,0,,,,
KLO,2009,2,14,11,-1.4,,,,,,,,970.7,,0.9,,305,244,199.4,0,0,0,0,,,,
KLO,2009,2,14,12,-0.9,,,,,,,,971.1,,0.9,,266,81,226.7,0,0,0,0,,,,
KLO,2009,2,14,13,-0.2,,,,,,,,971.4,,1.7,,285,103.9,233.8,0,0,0,0,,,,
KLO,2009,2,14,14,-0.1,,,,,,,,971.9,,1.3,,187,19.2,178.3,0,0,0,0,,,,
KLO,2009,2,14,15,-0.3,,,,,,,,972.4,,1.5,,97,4.3,95.4,0,0,0,0,,,,
KLO,2009,2,14,16,-0.8,,,,,,,,972.7,,1.8,,34,1.1,33.7,0,0,0,0,,,,
KLO,2009,2,14,17,-1.4,,,,,,,,973.3,,1.6,,0,0,0,0,0,0,0,,,,
KLO,2009,2,14,18,-3.3,,,,,,,,973.8,,0.9,,0,0,0,0,0,0,0,,,,
KLO,2009,2,14,19,-4,,,,,,,,974.4,,0.5,,0,0,0,0,0,0,0,,,,
KLO,2009,2,14,20,-5.9,,,,,,,,975,,0,,0,0,0,0,0,0,0,,,,
KLO,2009,2,14,21,-5,,,,,,,,975.5,,0,,0,0,0,0,0,0,0,,,,
KLO,2009,2,14,22,-5.1,,,,,,,,975.8,,0.8,,0,0,0,0,0,0,0,,,,
KLO,2009,2,14,23,-5.2,,,,,,,,976.1,,0.8,,0,0,0,0,0,0,0,,,,
KLO,2009,2,15,0,-7.1,,,,,,,,976.1,,0.8,,0,0,0,0,0,0,0,,,,
KLO,2009,2,15,1,-8.5,,,,,,,,976.1,,1.7,,0,0,0,0,0,0,0,,,,
KLO,2009,2,15,2,-9.7,,,,,,,,976.2,,2.2,,0,0,0,0,0,0,0,,,,
KLO,2009,2,15,3,-10,,,,,,,,976.3,,1.4,,0,0,0,0,0,0,0,,,,
KLO,2009,2,15,4,-11,,,,,,,,976.5,,0.2,,0,0,0,0,0,0,0,,,,
KLO,2009,2,15,5,-11.2,,,,,,,,976.5,,2,,0,0,0,0,0,0,0,,,,
KLO,2009,2,15,6,-11.6,,,,,,,,976.8,,1.6,,1,0,0,0,0,0,0,,,,
KLO,2009,2,15,7,-11.3,,,,,,,,977.1,,0.4,,64,0,0,0,0,0,0,,,,
KLO,2009,2,15,8,-9.3,,,,,,,,977.5,,0.2,,219,2680.8,36.1,0,0,0,0,,,,
KLO,2009,2,15,9,-6.5,,,,,,,,977.4,,0.5,,368,1403.6,60.7,0,0,0,0,,,,
KLO,2009,2,15,10,-4.2,,,,,,,,977.3,,1.3,,481,1162.2,79.4,0,0,0,0,,,,
KLO,2009,2,15,11,-2.5,,,,,,,,976.8,,0.4,,538,1025.4,88.8,0,0,0,0,,,,
KLO,2009,2,15,12,-1,,,,,,,,976.4,,1,,530,898.8,89.6,0,0,0,0,,,,
KLO,2009,2,15,13,-0.6,,,,,,,,975.7,,1.2,,470,672.6,135.2,0,0,0,0,,,,
KLO,2009,2,15,14,0.1,,,,,,,,975.2,,1.3,,344,307.3,202.4,0,0,0,0,,,,
KLO,2009,2,15,15,-0.5,,,,,,,,975.1,,2.6,,178,36.6,164,0,0,0,0,,,,
KLO,2009,2,15,16,-1,,,,,,,,975.1,,1.9,,45,1.8,44.5,0,0,0,0,,,,
KLO,2009,2,15,17,-1.6,,,,,,,,975.3,,0.8,,0,0,0,0,0,0,0,,,,
KLO,2009,2,15,18,-3.5,,,,,,,,975.4,,0.3,,0,0,0,0,0,0,0,,,,
KLO,2009,2,15,19,-4.1,,,,,,,,975.4,,0.4,,0,0,0,0,0,0,0,,,,
KLO,2009,2,15,20,-4.6,,,,,,,,975.4,,0.1,,0,0,0,0,0,0,0,,,,
KLO,2009,2,15,21,-4.5,,,,,,,,975.4,,0,,0,0,0,0,0,0,0,,,,
KLO,2009,2,15,22,-4.7,,,,,,,,975.3,,0.8,,0,0,0,0,0,0,0,,,,
KLO,2009,2,15,23,-4.7,,,,,,,,975,,1.7,,0,0,0,0,0,0,0,,,,
KLO,2009,2,16,0,-4.7,,,,,,,,974.5,,1.8,,0,0,0,0,0,0,0,,,,
KLO,2009,2,16,1,-4.9,,,,,,,,974.2,,1.1,,0,0,0,0,0,0,0,,,,
KLO,2009,2,16,2,-5.8,,,,,,,,973.9,,0.2,,0,0,0,0,0,0,0,,,,
KLO,2009,2,16,3,-6.1,,,,,,,,973.7,,0.4,,0,0,0,0,0,0,0,,,,
KLO,2009,2,16,4,-5,,,,,,,,973.6,,1.8,,0,0,0,0,0,0,0,,,,
KLO,2009,2,16,5,-4.8,,,,,,,,973.5,,1.5,,0,0,0,0,0,0,0,,,,
KLO,2009,2,16,6,-4.7,,,,,,,,973.4,,1.2,,1,0,0,0,0,0,0,,,,
KLO,2009,2,16,7,-4.7,,,,,,,,973.4,,0.9,,54,0,0,0,0,0,0,,,,
KLO,2009,2,16,8,-2.9,,,,,,,,973.2,,1,,155,1776.6,25.6,0,0,0,0,,,,
KLO,2009,2,16,9,-1.5,,,,,,,,973.1,,1.7,,263,980.9,43.4,0,0,0,0,,,,
KLO,2009,2,16,10,-0.4,,,,,,,,973,,3.1,,280,394.4,141.7,0,0,0,0,,,,
KLO,2009,2,16,11,-0.3,,,,,,,,972.9,,3.2,,240,76.3,206.2,0,0,0,0,,,,
KLO,2009,2,16,12,-0.9,,,,,,,,972.8,,1.8,,224,31.3,208.5,0,0,0,0,,,,
KLO,2009,2,16,13,-0.6,,,,,,,,972.6,,2.8,,224,29,209.4,0,0,0,0,,,,
KLO,2009,2,16,14,-0.6,,,,,,,,972.4,,2,,183,15.5,175.8,0,0,0,0,,,,
KLO,2009,2,16,15,-0.4,,,,,,,,972.6,,2.2,,86,3.2,84.8,0,0,0,0,,,,
KLO,2009,2,16,16,-0.3,,,,,,,,972.5,,2,,31,0.8,30.8,0,0,0,0,,,,
KLO,2009,2,16,17,-0.4,,,,,,,,973.1,,1.1,,1,0,1,0,0,0,0,,,,
KLO,2009,2,16,18,-0.1,,,,,,,,973.4,,1.2,,0,0,0,0,0,0,0,,,,
KLO,2009,2,16,19,-0.4,,,,,,,,973.1,,2,,0,0,0,0,0,0,0,,,,
KLO,2009,2,16,20,-0.5,,,,,,,,972.8,,0.8,,0,0,0,0,0,0,0,,,,
KLO,2009,2,16,21,-0.8,,,,,,,,972.6,,1.5,,0,0,0,0,0,0,0,,,,
KLO,2009,2,16,22,-0.5,,,,,,,,972.4,,1.6,,0,0,0,0,0,0,0,,,,
KLO,2009,2,16,23,-0.7,,,,,,,,972.1,,1.4,,0,0,0,0,0,0,0,,,,
KLO,2009,2,17,0,-0.9,,,,,,,,971.9,,1.5,,0,0,0,0,0,0,0,,,,
KLO,2009,2,17,1,-0.8,,,,,,,,971.6,,1.4,,0,0,0,0,0,0,0,,,,
KLO,2009,2,17,2,-0.8,,,,,,,,971,,1.5,,0,0,0,0,0,0,0,,,,
KLO,2009,2,17,3,-0.5,,,,,,,,970.3,,1.8,,0,0,0,0,0,0,0,,,,
KLO,2009,2,17,4,-0.2,,,,,,,,969.8,,1.9,,0,0,0,0,0,0,0,,,,
KLO,2009,2,17,5,0.6,,,,,,,,969.1,,2.8,,0,0,0,0,0,0,0,,,,
KLO,2009,2,17,6,0.7,,,,,,,,968.9,,3.5,,0,0,0,0,0,0,0,,,,
KLO,2009,2,17,7,0.9,,,,,,,,968.7,,4.5,,8,0,0,0,0,0,0,,,,
KLO,2009,2,17,8,1.1,,,,,,,,968.4,,4.5,,25,7,24.5,0,0,0,0,,,,
KLO,2009,2,17,9,1.3,,,,,,,,968.1,,4.2,,43,2.3,42.5,0,0,0,0,,,,
KLO,2009,2,17,10,1.5,,,,,,,,968,,4.1,,55,1.5,54.5,0,0,0,0,,,,
KLO,2009,2,17,11,1.4,,,,,,,,967.9,,5.4,,77,1.9,76.2,0,0,0,0,,,,
KLO,2009,2,17,12,1.5,,,,,,,,967.4,,5.7,,94,2.3,92.9,0,0,0,0,,,,
KLO,2009,2,17,13,1.8,,,,,,,,966.9,,5.5,,68,1.2,67.4,0,0,0,0,,,,
KLO,2009,2,17,14,1.9,,,,,,,,967,,4.8,,47,0.6,46.7,0,0,0,0,,,,
KLO,2009,2,17,15,1.8,,,,,,,,966.8,,5,,22,0.2,21.9,0,0,0,0,,,,
KLO,2009,2,17,16,1.7,,,,,,,,967.3,,2.7,,4,0,4,0,0,0,0,,,,
KLO,2009,2,17,17,1.4,,,,,,,,967.3,,2.6,,0,0,0,0,0,0,0,,,,
KLO,2009,2,17,18,1.4,,,,,,,,967.4,,1.4,,0,0,0,0,0,0,0,,,,
KLO,2009,2,17,19,1.8,,,,,,,,967.5,,1.8,,0,0,0,0,0,0,0,,,,
KLO,2009,2,17,20,1.5,,,,,,,,968.1,,1.9,,0,0,0,0,0,0,0,,,,
KLO,2009,2,17,21,1.1,,,,,,,,969,,4.7,,0,0,0,0,0,0,0,,,,
KLO,2009,2,17,22,-0.5,,,,,,,,970.3,,8.2,,0,0,0,0,0,0,0,,,,
KLO,2009,2,17,23,-1.7,,,,,,,,971.2,,3.8,,0,0,0,0,0,0,0,,,,
KLO,2009,2,18,0,-2.9,,,,,,,,971.8,,3.8,,0,0,0,0,0,0,0,,,,
KLO,2009,2,18,1,-4.3,,,,,,,,972.4,,3.5,,0,0,0,0,0,0,0,,,,
KLO,2009,2,18,2,-5,,,,,,,,972.8,,2.2,,0,0,0,0,0,0,0,,,,
KLO,2009,2,18,3,-5.6,,,,,,,,972.8,,2.7,,0,0,0,0,0,0,0,,,,
KLO,2009,2,18,4,-6.7,,,,,,,,972.8,,1.8,,0,0,0,0,0,0,0,,,,
KLO,2009,2,18,5,-7.4,,,,,,,,972.8,,2,,0,0,0,0,0,0,0,,,,
KLO,2009,2,18,6,-7.1,,,,,,,,972.9,,3,,3,0,0,0,0,0,0,,,,
KLO,2009,2,18,7,-6.5,,,,,,,,973.1,,3.4,,91,0,0,0,0,0,0,,,,
KLO,2009,2,18,8,-6,,,,,,,,973.2,,1.6,,184,1865.3,30.4,0,0,0,0,,,,
KLO,2009,2,18,9,-5.5,,,,,,,,973.3,,4,,353,1259.7,58.2,0,0,0,0,,,,
KLO,2009,2,18,10,-4.4,,,,,,,,973.4,,2.6,,501,1158.5,82.7,0,0,0,0,,,,
KLO,2009,2,18,11,-3.4,,,,,,,,973,,4.1,,568,1045,93.7,0,0,0,0,,,,
KLO,2009,2,18,12,-2.4,,,,,,,,972.5,,4.8,,565,932.7,93.2,0,0,0,0,,,,
KLO,2009,2,18,13,-1.8,,,,,,,,972.1,,4.9,,502,737.4,123.4,0,0,0,0,,,,
KLO,2009,2,18,14,-1.5,,,,,,,,972.1,,4,,402,479.8,173.6,0,0,0,0,,,,
KLO,2009,2,18,15,-1.7,,,,,,,,972,,3.9,,253,162.2,188.7,0,0,0,0,,,,
KLO,2009,2,18,16,-2.5,,,,,,,,972,,3,,87,6.3,85.2,0,0,0,0,,,,
KLO,2009,2,18,17,-3.2,,,,,,,,972.3,,2,,1,0,1,0,0,0,0,,,,
KLO,2009,2,18,18,-4.7,,,,,,,,972.6,,1.7,,0,0,0,0,0,0,0,,,,
KLO,2009,2,18,19,-5.5,,,,,,,,972.7,,2.7,,0,0,0,0,0,0,0,,,,
KLO,2009,2,18,20,-6,,,,,,,,972.7,,3.2,,0,0,0,0,0,0,0,,,,
KLO,2009,2,18,21,-6.8,,,,,,,,972.7,,2.8,,0,0,0,0,0,0,0,,,,
KLO,2009,2,18,22,-7.7,,,,,,,,972.7,,1.8,,0,0,0,0,0,0,0,,,,
KLO,2009,2,18,23,-9.5,,,,,,,,972.8,,2.1,,0,0,0,0,0,0,0,,,,
KLO,2009,2,19,0,-10.2,,,,,,,,972.9,,2,,0,0,0,0,0,0,0,,,,
KLO,2009,2,19,1,-10.4,,,,,,,,972.9,,1.6,,0,0,0,0,0,0,0,,,,
KLO,2009,2,19,2,-10.9,,,,,,,,972.8,,0.3,,0,0,0,0,0,0,0,,,,
KLO,2009,2,19,3,-10.8,,,,,,,,973,,1.2,,0,0,0,0,0,0,0,,,,
KLO,2009,2,19,4,-11.2,,,,,,,,973.4,,1.3,,0,0,0,0,0,0,0,,,,
KLO,2009,2,19,5,-11.1,,,,,,,,973.7,,0.4,,0,0,0,0,0,0,0,,,,
KLO,2009,2,19,6,-11.8,,,,,,,,974.1,,1.5,,2,0,0,0,0,0,0,,,,
KLO,2009,2,19,7,-10.1,,,,,,,,974.6,,1.5,,80,0,0,0,0,0,0,,,,
KLO,2009,2,19,8,-8.9,,,,,,,,975.1,,1.6,,226,2162.9,37.3,0,0,0,0,,,,
KLO,2009,2,19,9,-8.2,,,,,,,,975.4,,1,,289,1009.1,47.7,0,0,0,0,,,,
KLO,2009,2,19,10,-7.3,,,,,,,,975.3,,0.1,,405,923.5,66.7,0,0,0,0,,,,
KLO,2009,2,19,11,-4.5,,,,,,,,975.4,,1.8,,569,1034.7,93.9,0,0,0,0,,,,
KLO,2009,2,19,12,-2.8,,,,,,,,975.4,,1.5,,522,814,105.9,0,0,0,0,,,,
KLO,2009,2,19,13,-2.3,,,,,,,,975.3,,0.4,,394,329.6,223.1,0,0,0,0,,,,
KLO,2009,2,19,14,-1.5,,,,,,,,975.3,,0.5,,379,376.7,197.7,0,0,0,0,,,,
KLO,2009,2,19,15,-1.4,,,,,,,,975.5,,0.2,,193,42.9,175.8,0,0,0,0,,,,
KLO,2009,2,19,16,-1.4,,,,,,,,975.7,,0.2,,51,2.1,50.4,0,0,0,0,,,,
KLO,2009,2,19,17,-2.2,,,,,,,,976.1,,0.4,,2,0,2,0,0,0,0,,,,
KLO,2009,2,19,18,-3.3,,,,,,,,976.6,,1,,0,0,0,0,0,0,0,,,,
KLO,2009,2,19,19,-5.1,,,,,,,,976.9,,0.4,,0,0,0,0,0,0,0,,,,
KLO,2009,2,19,20,-6.3,,,,,,,,977.1,,0.3,,0,0,0,0,0,0,0,,,,
KLO,2009,2,19,21,-7.6,,,,,,,,977.3,,1,,0,0,0,0,0,0,0,,,,
KLO,2009,2,19,22,-8.3,,,,,,,,977.5,,0.2,,0,0,0,0,0,0,0,,,,
KLO,2009,2,19,23,-8.7,,,,,,,,977.7,,1,,0,0,0,0,0,0,0,,,,
KLO,2009,2,20,0,-8.9,,,,,,,,978.2,,0.7,,0,0,0,0,0,0,0,,,,
KLO,2009,2,20,1,-8.9,,,,,,,,978.3,,0.1,,0,0,0,0,0,0,0,,,,
KLO,2009,2,20,2,-7.8,,,,,,,,978,,1.3,,0,0,0,0,0,0,0,,,,
KLO,2009,2,20,3,-6.6,,,,,,,,977.8,,1,,0,0,0,0,0,0,0,,,,
KLO,2009,2,20,4,-6,,,,,,,,977.8,,0.5,,0,0,0,0,0,0,0,,,,
KLO,2009,2,20,5,-5.3,,,,,,,,977.8,,1.3,,0,0,0,0,0,0,0,,,,
KLO,2009,2,20,6,-4.8,,,,,,,,978,,1.1,,1,0,0,0,0,0,0,,,,
KLO,2009,2,20,7,-4.1,,,,,,,,978.5,,1.2,,26,0,0,0,0,0,0,,,,
KLO,2009,2,20,8,-3.2,,,,,,,,978.5,,1.8,,59,164.5,43.8,0,0,0,0,,,,
KLO,2009,2,20,9,-2.3,,,,,,,,978.6,,1.6,,116,40.3,106.2,0,0,0,0,,,,
KLO,2009,2,20,10,-1.5,,,,,,,,979,,2,,151,18.4,144.2,0,0,0,0,,,,
KLO,2009,2,20,11,-0.5,,,,,,,,978.5,,2.4,,186,17.1,178,0,0,0,0,,,,
KLO,2009,2,20,12,-0.1,,,,,,,,978.3,,1.7,,154,5.7,151,0,0,0,0,,,,
KLO,2009,2,20,13,0.7,,,,,,,,978,,1.9,,195,12.1,188.7,0,0,0,0,,,,
KLO,2009,2,20,14,1.1,,,,,,,,978,,1.2,,160,7.4,156.4,0,0,0,0,,,,
KLO,2009,2,20,15,1.2,,,,,,,,978.1,,1.2,,93,3.4,91.6,0,0,0,0,,,,
KLO,2009,2,20,16,1,,,,,,,,977.9,,2,,20,0.3,19.9,0,0,0,0,,,,
KLO,2009,2,20,17,0.8,,,,,,,,978.1,,1.4,,1,0,1,0,0,0,0,,,,
KLO,2009,2,20,18,0.6,,,,,,,,978.3,,1.3,,0,0,0,0,0,0,0,,,,
KLO,2009,2,20,19,0.4,,,,,,,,978.6,,0.8,,0,0,0,0,0,0,0,,,,
KLO,2009,2,20,20,-0.2,,,,,,,,978.4,,1.3,,0,0,0,0,0,0,0,,,,
KLO,2009,2,20,21,-0.2,,,,,,,,978.5,,0.9,,0,0,0,0,0,0,0,,,,
KLO,2009,2,20,22,0.5,,,,,,,,978.3,,1,,0,0,0,0,0,0,0,,,,
KLO,2009,2,20,23,-0.3,,,,,,,,978.3,,1.2,,0,0,0,0,0,0,0,,,,
KLO,2009,2,21,0,-0.6,,,,,,,,978.1,,1.3,,0,0,0,0,0,0,0,,,,
KLO,2009,2,21,1,-0.3,,,,,,,,978,,1.5,,0,0,0,0,0,0,0,,,,
KLO,2009,2,21,2,-0.4,,,,,,,,977.8,,1.5,,0,0,0,0,0,0,0,,,,
KLO,2009,2,21,3,-0.5,,,,,,,,977.6,,1.2,,0,0,0,0,0,0,0,,,,
KLO,2009,2,21,4,-0.2,,,,,,,,977.8,,1.1,,0,0,0,0,0,0,0,,,,
KLO,2009,2,21,5,-0.3,,,,,,,,977.9,,1,,0,0,0,0,0,0,0,,,,
KLO,2009,2,21,6,-0.3,,,,,,,,978,,0.8,,1,0,0,0,0,0,0,,,,
KLO,2009,2,21,7,0,,,,,,,,978.5,,0.4,,24,0,0,0,0,0,0,,,,
KLO,2009,2,21,8,0.6,,,,,,,,978.7,,0.1,,113,970.5,18.6,0,0,0,0,,,,
KLO,2009,2,21,9,1.5,,,,,,,,978.8,,0.5,,264,869.7,46.9,0,0,0,0,,,,
KLO,2009,2,21,10,2.5,,,,,,,,978.8,,0.1,,393,847.7,73.4,0,0,0,0,,,,
KLO,2009,2,21,11,3.6,,,,,,,,978.5,,0.5,,588,1044.7,97,0,0,0,0,,,,
KLO,2009,2,21,12,5,,,,,,,,978.4,,1.3,,531,808.4,109.1,0,0,0,0,,,,
KLO,2009,2,21,13,5.3,,,,,,,,978.3,,1.8,,427,411.5,209.2,0,0,0,0,,,,
KLO,2009,2,21,14,5.5,,,,,,,,978.2,,1.2,,361,290.2,218.3,0,0,0,0,,,,
KLO,2009,2,21,15,5.2,,,,,,,,978.3,,0.4,,117,5.2,114.9,0,0,0,0,,,,
KLO,2009,2,21,16,4.5,,,,,,,,978.4,,0.5,,39,1.1,38.7,0,0,0,0,,,,
KLO,2009,2,21,17,3.3,,,,,,,,978.8,,1.2,,2,0,2,0,0,0,0,,,,
KLO,2009,2,21,18,2.7,,,,,,,,978.8,,1.2,,0,0,0,0,0,0,0,,,,
KLO,2009,2,21,19,2.4,,,,,,,,979,,0.7,,0,0,0,0,0,0,0,,,,
KLO,2009,2,21,20,1.9,,,,,,,,979.4,,0.6,,0,0,0,0,0,0,0,,,,
KLO,2009,2,21,21,1.7,,,,,,,,978.6,,0.6,,0,0,0,0,0,0,0,,,,
KLO,2009,2,21,22,1.6,,,,,,,,978.5,,0.6,,0,0,0,0,0,0,0,,,,
KLO,2009,2,21,23,1.1,,,,,,,,977.9,,0.8,,0,0,0,0,0,0,0,,,,
KLO,2009,2,22,0,0.8,,,,,,,,977.9,,0.9,,0,0,0,0,0,0,0,,,,
KLO,2009,2,22,1,0.5,,,,,,,,977.5,,0.7,,0,0,0,0,0,0,0,,,,
KLO,2009,2,22,2,1,,,,,,,,977.3,,0.9,,0,0,0,0,0,0,0,,,,
KLO,2009,2,22,3,0.6,,,,,,,,977.4,,0.8,,0,0,0,0,0,0,0,,,,
KLO,2009,2,22,4,0.1,,,,,,,,977.2,,0.4,,0,0,0,0,0,0,0,,,,
KLO,2009,2,22,5,0.3,,,,,,,,976.9,,0.6,,0,0,0,0,0,0,0,,,,
KLO,2009,2,22,6,0.1,,,,,,,,976.4,,0.3,,0,0,0,0,0,0,0,,,,
KLO,2009,2,22,7,0.2,,,,,,,,976.5,,0,,19,0,0,0,0,0,0,,,,
KLO,2009,2,22,8,0.3,,,,,,,,976.3,,0,,67,182.1,48.4,0,0,0,0,,,,
KLO,2009,2,22,9,0.6,,,,,,,,975.9,,0.1,,97,13.5,93.6,0,0,0,0,,,,
KLO,2009,2,22,10,1.1,,,,,,,,975.7,,0.9,,132,8.9,128.6,0,0,0,0,,,,
KLO,2009,2,22,11,1.7,,,,,,,,975.1,,2.2,,146,6.1,143.1,0,0,0,0,,,,
KLO,2009,2,22,12,2.1,,,,,,,,974.4,,3.7,,190,10.5,184.4,0,0,0,0,,,,
KLO,2009,2,22,13,2.3,,,,,,,,974.3,,1.7,,99,2.2,97.8,0,0,0,0,,,,
KLO,2009,2,22,14,2.3,,,,,,,,973.8,,3,,77,1.5,76.2,0,0,0,0,,,,
KLO,2009,2,22,15,2.2,,,,,,,,973.4,,3.7,,65,1.6,64.3,0,0,0,0,,,,
KLO,2009,2,22,16,2,,,,,,,,973.1,,2.5,,15,0.2,15,0,0,0,0,,,,
KLO,2009,2,22,17,1.7,,,,,,,,972.9,,1.4,,1,0,1,0,0,0,0,,,,
KLO,2009,2,22,18,1.5,,,,,,,,972.9,,1.9,,0,0,0,0,0,0,0,,,,
KLO,2009,2,22,19,1.4,,,,,,,,972.7,,1.8,,0,0,0,0,0,0,0,,,,
KLO,2009,2,22,20,1.3,,,,,,,,972.6,,1.4,,0,0,0,0,0,0,0,,,,
KLO,2009,2,22,21,1,,,,,,,,972.3,,1.9,,0,0,0,0,0,0,0,,,,
KLO,2009,2,22,22,1.3,,,,,,,,971.9,,1.9,,0,0,0,0,0,0,0,,,,
KLO,2009,2,22,23,2,,,,,,,,971.3,,3.4,,0,0,0,0,0,0,0,,,,
KLO,2009,2,23,0,2.3,,,,,,,,971.1,,3,,0,0,0,0,0,0,0,,,,
KLO,2009,2,23,1,2.2,,,,,,,,970.5,,3.3,,0,0,0,0,0,0,0,,,,
KLO,2009,2,23,2,2.1,,,,,,,,970.1,,4.3,,0,0,0,0,0,0,0,,,,
KLO,2009,2,23,3,1.9,,,,,,,,969.7,,4.5,,0,0,0,0,0,0,0,,,,
KLO,2009,2,23,4,2,,,,,,,,969.6,,3.8,,0,0,0,0,0,0,0,,,,
KLO,2009,2,23,5,2.1,,,,,,,,969.3,,2.8,,0,0,0,0,0,0,0,,,,
KLO,2009,2,23,6,2,,,,,,,,969.1,,2.9,,0,0,0,0,0,0,0,,,,
KLO,2009,2,23,7,2.2,,,,,,,,969,,3.2,,30,0,0,0,0,0,0,,,,
KLO,2009,2,23,8,2.6,,,,,,,,969.1,,3.2,,76,250.6,49.1,0,0,0,0,,,,
KLO,2009,2,23,9,2.9,,,,,,,,969.1,,2.9,,102,15.5,98,0,0,0,0,,,,
KLO,2009,2,23,10,2.9,,,,,,,,969.1,,2.4,,96,3.9,94.5,0,0,0,0,,,,
KLO,2009,2,23,11,3.6,,,,,,,,969.1,,3,,238,49.8,214,0,0,0,0,,,,
KLO,2009,2,23,12,4.4,,,,,,,,969,,3.2,,288,76.6,247.2,0,0,0,0,,,,
KLO,2009,2,23,13,4.1,,,,,,,,968.8,,3.3,,127,3.6,125.1,0,0,0,0,,,,
KLO,2009,2,23,14,4,,,,,,,,968.5,,3.1,,101,2.6,99.7,0,0,0,0,,,,
KLO,2009,2,23,15,3.8,,,,,,,,968.3,,3.1,,94,3.2,92.6,0,0,0,0,,,,
KLO,2009,2,23,16,3.4,,,,,,,,968,,2.2,,25,0.4,24.9,0,0,0,0,,,,
KLO,2009,2,23,17,3.1,,,,,,,,968.1,,2.2,,0,0,0,0,0,0,0,,,,
KLO,2009,2,23,18,2.9,,,,,,,,968.3,,2.7,,0,0,0,0,0,0,0,,,,
KLO,2009,2,23,19,2.4,,,,,,,,968.2,,1.9,,0,0,0,0,0,0,0,,,,
KLO,2009,2,23,20,2.1,,,,,,,,968.3,,1.1,,0,0,0,0,0,0,0,,,,
KLO,2009,2,23,21,1.9,,,,,,,,968.5,,1.1,,0,0,0,0,0,0,0,,,,
KLO,2009,2,23,22,2,,,,,,,,968.5,,1.3,,0,0,0,0,0,0,0,,,,
KLO,2009,2,23,23,1.7,,,,,,,,968.3,,1.3,,0,0,0,0,0,0,0,,,,
KLO,2009,2,24,0,0.7,,,,,,,,968.3,,1.3,,0,0,0,0,0,0,0,,,,
KLO,2009,2,24,1,0.6,,,,,,,,968.2,,1.5,,0,0,0,0,0,0,0,,,,
KLO,2009,2,24,2,0.7,,,,,,,,968.5,,1.3,,0,0,0,0,0,0,0,,,,
KLO,2009,2,24,3,0.7,,,,,,,,968.6,,0.9,,0,0,0,0,0,0,0,,,,
KLO,2009,2,24,4,0.7,,,,,,,,968.9,,1,,0,0,0,0,0,0,0,,,,
KLO,2009,2,24,5,0.6,,,,,,,,969.3,,0.8,,0,0,0,0,0,0,0,,,,
KLO,2009,2,24,6,0.7,,,,,,,,969.8,,0.9,,2,0,0,0,0,0,0,,,,
KLO,2009,2,24,7,0.9,,,,,,,,970.4,,0.4,,41,0,0,0,0,0,0,,,,
KLO,2009,2,24,8,1.5,,,,,,,,970.9,,0.1,,78,230,52.1,0,0,0,0,,,,
KLO,2009,2,24,9,2.5,,,,,,,,971.3,,0.6,,178,201.1,124.6,0,0,0,0,,,,
KLO,2009,2,24,10,3.5,,,,,,,,971.8,,0.5,,208,69,180.9,0,0,0,0,,,,
KLO,2009,2,24,11,4.3,,,,,,,,971.9,,1.3,,393,415.1,191.1,0,0,0,0,,,,
KLO,2009,2,24,12,5,,,,,,,,971.9,,2.8,,259,43.4,235.6,0,0,0,0,,,,
KLO,2009,2,24,13,4.6,,,,,,,,972.1,,3.5,,137,4.1,134.8,0,0,0,0,,,,
KLO,2009,2,24,14,4.4,,,,,,,,972.4,,3.5,,100,2.5,98.7,0,0,0,0,,,,
KLO,2009,2,24,15,4.1,,,,,,,,972.7,,2.6,,52,1,51.6,0,0,0,0,,,,
KLO,2009,2,24,16,3.7,,,,,,,,973,,2.2,,21,0.3,20.9,0,0,0,0,,,,
KLO,2009,2,24,17,3.2,,,,,,,,973.7,,2.4,,1,0,1,0,0,0,0,,,,
KLO,2009,2,24,18,2.7,,,,,,,,974.2,,1,,0,0,0,0,0,0,0,,,,
KLO,2009,2,24,19,2.5,,,,,,,,974.4,,1.1,,0,0,0,0,0,0,0,,,,
KLO,2009,2,24,20,1.9,,,,,,,,974.8,,0.6,,0,0,0,0,0,0,0,,,,
KLO,2009,2,24,21,1.3,,,,,,,,975.1,,0.8,,0,0,0,0,0,0,0,,,,
KLO,2009,2,24,22,1.1,,,,,,,,975.3,,1.9,,0,0,0,0,0,0,0,,,,
KLO,2009,2,24,23,1,,,,,,,,975.6,,1.6,,0,0,0,0,0,0,0,,,,
KLO,2009,2,25,0,0.7,,,,,,,,975.8,,1.9,,0,0,0,0,0,0,0,,,,
KLO,2009,2,25,1,1.1,,,,,,,,975.9,,1.8,,0,0,0,0,0,0,0,,,,
KLO,2009,2,25,2,0.5,,,,,,,,975.8,,1.8,,0,0,0,0,0,0,0,,,,
KLO,2009,2,25,3,0.7,,,,,,,,975.8,,1.7,,0,0,0,0,0,0,0,,,,
KLO,2009,2,25,4,1,,,,,,,,976,,2,,0,0,0,0,0,0,0,,,,
KLO,2009,2,25,5,0.9,,,,,,,,976.4,,3.1,,0,0,0,0,0,0,0,,,,
KLO,2009,2,25,6,0.7,,,,,,,,976.8,,2.8,,2,0,0,0,0,0,0,,,,
KLO,2009,2,25,7,0.7,,,,,,,,977.2,,2.5,,42,0,0,0,0,0,0,,,,
KLO,2009,2,25,8,1,,,,,,,,977.6,,3.1,,146,1033.2,24.1,0,0,0,0,,,,
KLO,2009,2,25,9,2.3,,,,,,,,977.9,,4,,452,1391.8,74.6,0,0,0,0,,,,
KLO,2009,2,25,10,2.9,,,,,,,,978.1,,1.8,,509,1065.3,84,0,0,0,0,,,,
KLO,2009,2,25,11,3.7,,,,,,,,978.4,,2.1,,563,955.6,92.9,0,0,0,0,,,,
KLO,2009,2,25,12,4.2,,,,,,,,977.9,,1.1,,557,821.5,110.3,0,0,0,0,,,,
KLO,2009,2,25,13,4.8,,,,,,,,977.5,,1.3,,501,610.3,164.9,0,0,0,0,,,,
KLO,2009,2,25,14,5.4,,,,,,,,977.3,,0.8,,410,401.6,204.2,0,0,0,0,,,,
KLO,2009,2,25,15,5.6,,,,,,,,977.2,,0.9,,263,133.8,205.2,0,0,0,0,,,,
KLO,2009,2,25,16,5.1,,,,,,,,977.2,,1.7,,104,7.7,101.6,0,0,0,0,,,,
KLO,2009,2,25,17,3.2,,,,,,,,977.4,,2.1,,4,0,4,0,0,0,0,,,,
KLO,2009,2,25,18,2.6,,,,,,,,977.7,,1.2,,0,0,0,0,0,0,0,,,,
KLO,2009,2,25,19,1.5,,,,,,,,977.5,,1.8,,0,0,0,0,0,0,0,,,,
KLO,2009,2,25,20,0.6,,,,,,,,977.5,,2.5,,0,0,0,0,0,0,0,,,,
KLO,2009,2,25,21,0.3,,,,,,,,977.6,,2.1,,0,0,0,0,0,0,0,,,,
KLO,2009,2,25,22,0.1,,,,,,,,977.4,,2.3,,0,0,0,0,0,0,0,,,,
KLO,2009,2,25,23,-0.1,,,,,,,,977.4,,2.1,,0,0,0,0,0,0,0,,,,
KLO,2009,2,26,0,-1.2,,,,,,,,977.1,,2.6,,0,0,0,0,0,0,0,,,,
KLO,2009,2,26,1,-1.7,,,,,,,,976.7,,2.4,,0,0,0,0,0,0,0,,,,
KLO,2009,2,26,2,-1.8,,,,,,,,976.1,,1.3,,0,0,0,0,0,0,0,,,,
KLO,2009,2,26,3,-2.3,,,,,,,,975.9,,2.1,,0,0,0,0,0,0,0,,,,
KLO,2009,2,26,4,-1.4,,,,,,,,975.8,,2.2,,0,0,0,0,0,0,0,,,,
KLO,2009,2,26,5,-0.5,,,,,,,,975.3,,2.9,,0,0,0,0,0,0,0,,,,
KLO,2009,2,26,6,0.1,,,,,,,,975.2,,2.5,,2,0,0,0,0,0,0,,,,
KLO,2009,2,26,7,0.4,,,,,,,,974.8,,2,,45,0,0,0,0,0,0,,,,
KLO,2009,2,26,8,2,,,,,,,,974.7,,1.1,,170,1150.9,28.1,0,0,0,0,,,,
KLO,2009,2,26,9,3.1,,,,,,,,974.3,,2.2,,182,186.8,130.3,0,0,0,0,,,,
KLO,2009,2,26,10,4.4,,,,,,,,974.3,,3.6,,375,644.7,114.2,0,0,0,0,,,,
KLO,2009,2,26,11,5.9,,,,,,,,973.9,,3.5,,472,686.7,130.4,0,0,0,0,,,,
KLO,2009,2,26,12,6.3,,,,,,,,973.4,,3.8,,314,100.2,258.9,0,0,0,0,,,,
KLO,2009,2,26,13,6.8,,,,,,,,972.8,,3.3,,181,7.2,177,0,0,0,0,,,,
KLO,2009,2,26,14,6.7,,,,,,,,972.5,,2.9,,98,2.3,96.8,0,0,0,0,,,,
KLO,2009,2,26,15,6.2,,,,,,,,972.3,,1.9,,41,0.6,40.8,0,0,0,0,,,,
KLO,2009,2,26,16,5.8,,,,,,,,972.1,,1.6,,12,0.1,12,0,0,0,0,,,,
KLO,2009,2,26,17,5.4,,,,,,,,972.1,,1.2,,0,0,0,0,0,0,0,,,,
KLO,2009,2,26,18,4.8,,,,,,,,971.9,,1.1,,0,0,0,0,0,0,0,,,,
KLO,2009,2,26,19,4.1,,,,,,,,971.9,,1.2,,0,0,0,0,0,0,0,,,,
KLO,2009,2,26,20,4.3,,,,,,,,971.3,,1.9,,0,0,0,0,0,0,0,,,,
KLO,2009,2,26,21,4.3,,,,,,,,971.3,,1.5,,0,0,0,0,0,0,0,,,,
KLO,2009,2,26,22,4.3,,,,,,,,971.2,,1.1,,0,0,0,0,0,0,0,,,,
KLO,2009,2,26,23,3.8,,,,,,,,971,,1.1,,0,0,0,0,0,0,0,,,,
KLO,2009,2,27,0,3.8,,,,,,,,971.1,,1.5,,0,0,0,0,0,0,0,,,,
KLO,2009,2,27,1,3.6,,,,,,,,970.5,,2.2,,0,0,0,0,0,0,0,,,,
KLO,2009,2,27,2,3.8,,,,,,,,970.4,,1.8,,0,0,0,0,0,0,0,,,,
KLO,2009,2,27,3,3.5,,,,,,,,970.6,,0.9,,0,0,0,0,0,0,0,,,,
KLO,2009,2,27,4,3.7,,,,,,,,970.8,,1,,0,0,0,0,0,0,0,,,,
KLO,2009,2,27,5,4,,,,,,,,970.8,,2.6,,0,0,0,0,0,0,0,,,,
KLO,2009,2,27,6,4.2,,,,,,,,971.2,,2.2,,0,0,0,0,0,0,0,,,,
KLO,2009,2,27,7,4.3,,,,,,,,971.8,,1.9,,9,0,0,0,0,0,0,,,,
KLO,2009,2,27,8,4.6,,,,,,,,972,,0.3,,27,2.8,26.6,0,0,0,0,,,,
KLO,2009,2,27,9,5.1,,,,,,,,971.9,,1.3,,95,8.1,92.7,0,0,0,0,,,,
KLO,2009,2,27,10,6,,,,,,,,972.1,,1.9,,210,59.4,185.6,0,0,0,0,,,,
KLO,2009,2,27,11,7.2,,,,,,,,971.7,,3,,451,585.4,156.5,0,0,0,0,,,,
KLO,2009,2,27,12,7.8,,,,,,,,970.9,,2.8,,473,500.3,195.5,0,0,0,0,,,,
KLO,2009,2,27,13,8.5,,,,,,,,970.5,,2.5,,410,286.3,249.3,0,0,0,0,,,,
KLO,2009,2,27,14,9.2,,,,,,,,970.4,,2.6,,418,401.4,208.1,0,0,0,0,,,,
KLO,2009,2,27,15,8.8,,,,,,,,970.2,,2.3,,177,17.5,169.3,0,0,0,0,,,,
KLO,2009,2,27,16,7.8,,,,,,,,970.1,,2.5,,86,4.6,84.5,0,0,0,0,,,,
KLO,2009,2,27,17,6.9,,,,,,,,970.6,,1.7,,8,0.1,8,0,0,0,0,,,,
KLO,2009,2,27,18,5.3,,,,,,,,971,,1.8,,0,0,0,0,0,0,0,,,,
KLO,2009,2,27,19,4.6,,,,,,,,970.9,,1.9,,0,0,0,0,0,0,0,,,,
KLO,2009,2,27,20,3.4,,,,,,,,970.8,,2,,0,0,0,0,0,0,0,,,,
KLO,2009,2,27,21,2.2,,,,,,,,970.7,,1.8,,0,0,0,0,0,0,0,,,,
KLO,2009,2,27,22,1.1,,,,,,,,970.3,,1.3,,0,0,0,0,0,0,0,,,,
KLO,2009,2,27,23,-0.5,,,,,,,,969.8,,1,,0,0,0,0,0,0,0,,,,
KLO,2009,2,28,0,-0.8,,,,,,,,969.7,,0.7,,0,0,0,0,0,0,0,,,,
KLO,2009,2,28,1,-1.1,,,,,,,,969.4,,1.3,,0,0,0,0,0,0,0,,,,
KLO,2009,2,28,2,-1.8,,,,,,,,969.1,,0.9,,0,0,0,0,0,0,0,,,,
KLO,2009,2,28,3,-2.2,,,,,,,,968.8,,0.1,,0,0,0,0,0,0,0,,,,
KLO,2009,2,28,4,-1.9,,,,,,,,968.4,,0.3,,0,0,0,0,0,0,0,,,,
KLO,2009,2,28,5,-2.2,,,,,,,,967.8,,0.9,,0,0,0,0,0,0,0,,,,
KLO,2009,2,28,6,-2.6,,,,,,,,968.1,,0.6,,8,0,0,0,0,0,0,,,,
KLO,2009,2,28,7,-0.9,,,,,,,,967.7,,1.1,,112,0,0,0,0,0,0,,,,
KLO,2009,2,28,8,1.1,,,,,,,,967.3,,1.1,,273,1698.9,45,0,0,0,0,,,,
KLO,2009,2,28,9,3.9,,,,,,,,966.7,,1.6,,421,1221.4,69.5,0,0,0,0,,,,
KLO,2009,2,28,10,7,,,,,,,,966,,1.8,,526,1056.5,86.8,0,0,0,0,,,,
KLO,2009,2,28,11,8.6,,,,,,,,965.8,,1.1,,580,952.1,95.7,0,0,0,0,,,,
KLO,2009,2,28,12,9.8,,,,,,,,964.9,,1.4,,576,828.6,111.8,0,0,0,0,,,,
KLO,2009,2,28,13,10.6,,,,,,,,964.1,,1,,522,633.9,162.7,0,0,0,0,,,,
KLO,2009,2,28,14,11.6,,,,,,,,963.5,,0.7,,423,404.8,209.3,0,0,0,0,,,,
KLO,2009,2,28,15,12,,,,,,,,963.2,,1.1,,313,243.7,204.2,0,0,0,0,,,,
KLO,2009,2,28,16,11.2,,,,,,,,962.9,,2.5,,129,15.9,123.8,0,0,0,0,,,,
KLO,2009,2,28,17,8.6,,,,,,,,963,,2.4,,12,0.3,11.9,0,0,0,0,,,,
KLO,2009,2,28,18,7.2,,,,,,,,963,,1.8,,0,0,0,0,0,0,0,,,,
KLO,2009,2,28,19,5.3,,,,,,,,962.7,,1.9,,0,0,0,0,0,0,0,,,,
KLO,2009,2,28,20,4.7,,,,,,,,962.5,,0.7,,0,0,0,0,0,0,0,,,,
KLO,2009,2,28,21,2.3,,,,,,,,962.1,,0.6,,0,0,0,0,0,0,0,,,,
KLO,2009,2,28,22,1.3,,,,,,,,962,,0.9,,0,0,0,0,0,0,0,,,,
KLO,2009,2,28,23,0.2,,,,,,,,962.2,,1.1,,0,0,0,0,0,0,0,,,,
KLO,2009,3,1,0,0,,,,,,,,962.3,,0.5,,0,0,0,0,0,0,0,,,,
KLO,2009,3,1,1,-0.7,,,,,,,,962.5,,1.8,,0,0,0,0,0,0,0,,,,
KLO,2009,3,1,2,-0.9,,,,,,,,962.2,,1.4,,0,0,0,0,0,0,0,,,,
KLO,2009,3,1,3,-1.2,,,,,,,,961.9,,1.3,,0,0,0,0,0,0,0,,,,
KLO,2009,3,1,4,-1.5,,,,,,,,962,,0.7,,0,0,0,0,0,0,0,,,,
KLO,2009,3,1,5,-1.8,,,,,,,,961.9,,1.5,,0,0,0,0,0,0,0,,,,
KLO,2009,3,1,6,-1.9,,,,,,,,962,,0.4,,11,0,0,0,0,0,0,,,,
KLO,2009,3,1,7,0.2,,,,,,,,962.5,,1.1,,127,0,0,0,0,0,0,,,,
KLO,2009,3,1,8,2.8,,,,,,,,962.6,,2.4,,127,611.6,41.6,0,0,0,0,,,,
KLO,2009,3,1,9,4.7,,,,,,,,962.5,,1.8,,205,240.9,134.3,0,0,0,0,,,,
KLO,2009,3,1,10,6.5,,,,,,,,962.6,,0.6,,234,88,196.9,0,0,0,0,,,,
KLO,2009,3,1,11,8.3,,,,,,,,962.5,,1.3,,288,91.5,240.9,0,0,0,0,,,,
KLO,2009,3,1,12,9.9,,,,,,,,962,,2.2,,250,28.5,233.8,0,0,0,0,,,,
KLO,2009,3,1,13,10.2,,,,,,,,961.6,,2.2,,163,5.2,160,0,0,0,0,,,,
KLO,2009,3,1,14,10.2,,,,,,,,961.4,,1.4,,133,4,130.9,0,0,0,0,,,,
KLO,2009,3,1,15,10.4,,,,,,,,961.4,,1.2,,102,3.3,100.5,0,0,0,0,,,,
KLO,2009,3,1,16,10,,,,,,,,961.4,,1.2,,42,1,41.7,0,0,0,0,,,,
KLO,2009,3,1,17,8.9,,,,,,,,961.7,,1.3,,3,0,3,0,0,0,0,,,,
KLO,2009,3,1,18,8,,,,,,,,962,,1.1,,0,0,0,0,0,0,0,,,,
KLO,2009,3,1,19,7.5,,,,,,,,962.1,,1.1,,0,0,0,0,0,0,0,,,,
KLO,2009,3,1,20,7.3,,,,,,,,962.4,,1.1,,0,0,0,0,0,0,0,,,,
KLO,2009,3,1,21,6.3,,,,,,,,962.6,,1.6,,0,0,0,0,0,0,0,,,,
KLO,2009,3,1,22,5.5,,,,,,,,962.6,,1.7,,0,0,0,0,0,0,0,,,,
KLO,2009,3,1,23,4.9,,,,,,,,962.6,,2.6,,0,0,0,0,0,0,0,,,,
KLO,2009,3,2,0,5.1,,,,,,,,962.9,,1.8,,0,0,0,0,0,0,0,,,,
KLO,2009,3,2,1,4.8,,,,,,,,963,,2.1,,0,0,0,0,0,0,0,,,,
KLO,2009,3,2,2,4.8,,,,,,,,962.8,,2,,0,0,0,0,0,0,0,,,,
KLO,2009,3,2,3,4.5,,,,,,,,962.6,,2.1,,0,0,0,0,0,0,0,,,,
KLO,2009,3,2,4,4.6,,,,,,,,962.8,,1.6,,0,0,0,0,0,0,0,,,,
KLO,2009,3,2,5,4.5,,,,,,,,962.8,,1.2,,0,0,0,0,0,0,0,,,,
KLO,2009,3,2,6,4.6,,,,,,,,963,,1.5,,2,0,0,0,0,0,0,,,,
KLO,2009,3,2,7,4.9,,,,,,,,963.3,,1.3,,22,0,0,0,0,0,0,,,,
KLO,2009,3,2,8,5.6,,,,,,,,963.8,,0.7,,55,13.4,53.1,0,0,0,0,,,,
KLO,2009,3,2,9,6.3,,,,,,,,964.1,,0.9,,98,7.4,95.8,0,0,0,0,,,,
KLO,2009,3,2,10,6.8,,,,,,,,964.4,,2.5,,112,4.4,110.1,0,0,0,0,,,,
KLO,2009,3,2,11,6.8,,,,,,,,964.8,,3.2,,70,1.2,69.4,0,0,0,0,,,,
KLO,2009,3,2,12,6.7,,,,,,,,964.8,,1.7,,54,0.6,53.7,0,0,0,0,,,,
KLO,2009,3,2,13,6.8,,,,,,,,964.8,,2.1,,68,0.9,67.5,0,0,0,0,,,,
KLO,2009,3,2,14,6.8,,,,,,,,965,,2.4,,52,0.6,51.7,0,0,0,0,,,,
KLO,2009,3,2,15,6.7,,,,,,,,965.4,,2.1,,52,0.8,51.6,0,0,0,0,,,,
KLO,2009,3,2,16,6.1,,,,,,,,965.7,,1.1,,10,0.1,10,0,0,0,0,,,,
KLO,2009,3,2,17,5.7,,,,,,,,966,,1.4,,0,0,0,0,0,0,0,,,,
KLO,2009,3,2,18,5.5,,,,,,,,966.5,,1.8,,0,0,0,0,0,0,0,,,,
KLO,2009,3,2,19,5.6,,,,,,,,966.6,,0.6,,0,0,0,0,0,0,0,,,,
KLO,2009,3,2,20,5.4,,,,,,,,966.9,,0.9,,0,0,0,0,0,0,0,,,,
KLO,2009,3,2,21,5.3,,,,,,,,967.2,,0.2,,0,0,0,0,0,0,0,,,,
KLO,2009,3,2,22,5.2,,,,,,,,967.3,,0.2,,0,0,0,0,0,0,0,,,,
KLO,2009,3,2,23,4.7,,,,,,,,967.5,,0.6,,0,0,0,0,0,0,0,,,,
KLO,2009,3,3,0,4.6,,,,,,,,967.6,,0.6,,0,0,0,0,0,0,0,,,,
KLO,2009,3,3,1,4.5,,,,,,,,967.5,,0.2,,0,0,0,0,0,0,0,,,,
KLO,2009,3,3,2,4.4,,,,,,,,967.2,,0.4,,0,0,0,0,0,0,0,,,,
KLO,2009,3,3,3,4.2,,,,,,,,967,,0,,0,0,0,0,0,0,0,,,,
KLO,2009,3,3,4,4.1,,,,,,,,966.8,,0.2,,0,0,0,0,0,0,0,,,,
KLO,2009,3,3,5,4.1,,,,,,,,966.6,,0.1,,0,0,0,0,0,0,0,,,,
KLO,2009,3,3,6,4,,,,,,,,966.5,,0.4,,2,0,0,0,0,0,0,,,,
KLO,2009,3,3,7,4.3,,,,,,,,966.4,,0.2,,24,0,0,0,0,0,0,,,,
KLO,2009,3,3,8,4.5,,,,,,,,966.2,,0,,29,2.4,28.6,0,0,0,0,,,,
KLO,2009,3,3,9,4.7,,,,,,,,965.9,,0,,51,1.8,50.4,0,0,0,0,,,,
KLO,2009,3,3,10,5.2,,,,,,,,965.5,,0.7,,136,6.6,133.2,0,0,0,0,,,,
KLO,2009,3,3,11,5.7,,,,,,,,965,,0.8,,147,5.1,144.3,0,0,0,0,,,,
KLO,2009,3,3,12,5.5,,,,,,,,964.3,,1.8,,75,1.1,74.4,0,0,0,0,,,,
KLO,2009,3,3,13,5.8,,,,,,,,963.5,,1.2,,154,4.5,151.4,0,0,0,0,,,,
KLO,2009,3,3,14,6,,,,,,,,963.1,,0.8,,89,1.7,88.1,0,0,0,0,,,,
KLO,2009,3,3,15,6,,,,,,,,962.3,,1.2,,56,1,55.6,0,0,0,0,,,,
KLO,2009,3,3,16,5.8,,,,,,,,961.8,,0.7,,21,0.2,20.9,0,0,0,0,,,,
KLO,2009,3,3,17,5.4,,,,,,,,961.3,,0.1,,2,0,2,0,0,0,0,,,,
KLO,2009,3,3,18,4.7,,,,,,,,960.8,,0.8,,0,0,0,0,0,0,0,,,,
KLO,2009,3,3,19,3.2,,,,,,,,959.9,,0.7,,0,0,0,0,0,0,0,,,,
KLO,2009,3,3,20,0.9,,,,,,,,959.1,,1.1,,0,0,0,0,0,0,0,,,,
KLO,2009,3,3,21,0.3,,,,,,,,958.5,,1,,0,0,0,0,0,0,0,,,,
KLO,2009,3,3,22,0.1,,,,,,,,957.9,,1.1,,0,0,0,0,0,0,0,,,,
KLO,2009,3,3,23,0.2,,,,,,,,957.1,,0.3,,0,0,0,0,0,0,0,,,,
KLO,2009,3,4,0,0.6,,,,,,,,956.3,,0.5,,0,0,0,0,0,0,0,,,,
KLO,2009,3,4,1,0.6,,,,,,,,955.2,,1,,0,0,0,0,0,0,0,,,,
KLO,2009,3,4,2,0.1,,,,,,,,953.8,,0.9,,0,0,0,0,0,0,0,,,,
KLO,2009,3,4,3,0.2,,,,,,,,952.5,,0.7,,0,0,0,0,0,0,0,,,,
KLO,2009,3,4,4,0.5,,,,,,,,951.5,,1.3,,0,0,0,0,0,0,0,,,,
KLO,2009,3,4,5,0.1,,,,,,,,950.5,,1.7,,0,0,0,0,0,0,0,,,,
KLO,2009,3,4,6,-0.3,,,,,,,,949.7,,0.7,,5,0,0,0,0,0,0,,,,
KLO,2009,3,4,7,0.3,,,,,,,,948.6,,0.3,,41,0,0,0,0,0,0,,,,
KLO,2009,3,4,8,1.1,,,,,,,,947.3,,1,,84,75.5,72.2,0,0,0,0,,,,
KLO,2009,3,4,9,1.8,,,,,,,,946.1,,2.1,,124,17.3,118.6,0,0,0,0,,,,
KLO,2009,3,4,10,2.7,,,,,,,,945.1,,2.3,,139,6.7,136,0,0,0,0,,,,
KLO,2009,3,4,11,3.2,,,,,,,,943.9,,2.6,,173,7.3,169.1,0,0,0,0,,,,
KLO,2009,3,4,12,4.4,,,,,,,,942.5,,2.3,,293,55,260.9,0,0,0,0,,,,
KLO,2009,3,4,13,4.9,,,,,,,,941.2,,3,,312,71.1,270.2,0,0,0,0,,,,
KLO,2009,3,4,14,4.9,,,,,,,,940.3,,2.3,,248,32.2,230.3,0,0,0,0,,,,
KLO,2009,3,4,15,4.9,,,,,,,,939.9,,1.4,,109,3.5,107.4,0,0,0,0,,,,
KLO,2009,3,4,16,4.7,,,,,,,,939.4,,1.3,,27,0.4,26.9,0,0,0,0,,,,
KLO,2009,3,4,17,4.3,,,,,,,,938.8,,1.2,,5,0,5,0,0,0,0,,,,
KLO,2009,3,4,18,3.6,,,,,,,,938.6,,1.3,,0,0,0,0,0,0,0,,,,
KLO,2009,3,4,19,3.3,,,,,,,,938.1,,0.6,,0,0,0,0,0,0,0,,,,
KLO,2009,3,4,20,3.1,,,,,,,,937.4,,1.3,,0,0,0,0,0,0,0,,,,
KLO,2009,3,4,21,2.4,,,,,,,,936.8,,1.2,,0,0,0,0,0,0,0,,,,
KLO,2009,3,4,22,1.9,,,,,,,,936.4,,0.5,,0,0,0,0,0,0,0,,,,
KLO,2009,3,4,23,1.5,,,,,,,,936.3,,1.2,,0,0,0,0,0,0,0,,,,
KLO,2009,3,5,0,1.8,,,,,,,,936.3,,1.3,,0,0,0,0,0,0,0,,,,
KLO,2009,3,5,1,2.5,,,,,,,,936.1,,1.8,,0,0,0,0,0,0,0,,,,
KLO,2009,3,5,2,2.9,,,,,,,,935.8,,1.8,,0,0,0,0,0,0,0,,,,
KLO,2009,3,5,3,2.9,,,,,,,,935.7,,1.3,,0,0,0,0,0,0,0,,,,
KLO,2009,3,5,4,2.2,,,,,,,,936.1,,2.6,,0,0,0,0,0,0,0,,,,
KLO,2009,3,5,5,0.6,,,,,,,,936.2,,1.5,,0,0,0,0,0,0,0,,,,
KLO,2009,3,5,6,0.2,,,,,,,,936.1,,0.9,,1,0,0,0,0,0,0,,,,
KLO,2009,3,5,7,0.2,,,,,,,,936.2,,1,,23,0,0,0,0,0,0,,,,
KLO,2009,3,5,8,0.2,,,,,,,,936.1,,1.2,,59,11.2,57.2,0,0,0,0,,,,
KLO,2009,3,5,9,0.7,,,,,,,,936.1,,1.2,,99,6.5,96.9,0,0,0,0,,,,
KLO,2009,3,5,10,1.1,,,,,,,,936.2,,0.9,,163,11.6,157.8,0,0,0,0,,,,
KLO,2009,3,5,11,1.4,,,,,,,,936.2,,1.4,,76,1.3,75.3,0,0,0,0,,,,
KLO,2009,3,5,12,1.9,,,,,,,,935.7,,2.2,,112,2.4,110.6,0,0,0,0,,,,
KLO,2009,3,5,13,2.2,,,,,,,,935.5,,2.8,,94,1.6,93,0,0,0,0,,,,
KLO,2009,3,5,14,2.4,,,,,,,,935.5,,2.8,,49,0.5,48.7,0,0,0,0,,,,
KLO,2009,3,5,15,2.3,,,,,,,,935.6,,2.3,,26,0.2,25.9,0,0,0,0,,,,
KLO,2009,3,5,16,2.1,,,,,,,,936,,2.3,,8,0,8,0,0,0,0,,,,
KLO,2009,3,5,17,1.5,,,,,,,,936.8,,2.7,,0,0,0,0,0,0,0,,,,
KLO,2009,3,5,18,1.2,,,,,,,,937.5,,2.6,,0,0,0,0,0,0,0,,,,
KLO,2009,3,5,19,1.1,,,,,,,,938,,2.6,,0,0,0,0,0,0,0,,,,
KLO,2009,3,5,20,1,,,,,,,,938.4,,3.1,,0,0,0,0,0,0,0,,,,
KLO,2009,3,5,21,1.3,,,,,,,,938.7,,3.4,,0,0,0,0,0,0,0,,,,
KLO,2009,3,5,22,1.2,,,,,,,,939,,3.4,,0,0,0,0,0,0,0,,,,
KLO,2009,3,5,23,1.2,,,,,,,,939.5,,3.2,,0,0,0,0,0,0,0,,,,
KLO,2009,3,6,0,0.8,,,,,,,,940.1,,2.6,,0,0,0,0,0,0,0,,,,
KLO,2009,3,6,1,0.9,,,,,,,,940.6,,2.4,,0,0,0,0,0,0,0,,,,
KLO,2009,3,6,2,0.7,,,,,,,,941,,2.8,,0,0,0,0,0,0,0,,,,
KLO,2009,3,6,3,0.7,,,,,,,,941.5,,3,,0,0,0,0,0,0,0,,,,
KLO,2009,3,6,4,0.9,,,,,,,,942.3,,3.2,,0,0,0,0,0,0,0,,,,
KLO,2009,3,6,5,0.9,,,,,,,,943,,3.4,,0,0,0,0,0,0,0,,,,
KLO,2009,3,6,6,0.8,,,,,,,,943.9,,3,,1,0,0,0,0,0,0,,,,
KLO,2009,3,6,7,0.9,,,,,,,,945.1,,2.7,,26,0,0,0,0,0,0,,,,
KLO,2009,3,6,8,1.2,,,,,,,,946.1,,3.9,,93,88,78.2,0,0,0,0,,,,
KLO,2009,3,6,9,1.5,,,,,,,,946.9,,3.7,,157,47.3,141.8,0,0,0,0,,,,
KLO,2009,3,6,10,1.9,,,,,,,,947.6,,2.6,,123,4.8,120.8,0,0,0,0,,,,
KLO,2009,3,6,11,2.3,,,,,,,,948.2,,3.1,,146,4.7,143.5,0,0,0,0,,,,
KLO,2009,3,6,12,2.6,,,,,,,,948.8,,2.9,,140,3.6,137.9,0,0,0,0,,,,
KLO,2009,3,6,13,2.5,,,,,,,,949.2,,3.4,,120,2.6,118.4,0,0,0,0,,,,
KLO,2009,3,6,14,2,,,,,,,,950,,3,,82,1.4,81.2,0,0,0,0,,,,
KLO,2009,3,6,15,1.7,,,,,,,,950.8,,3,,56,0.9,55.6,0,0,0,0,,,,
KLO,2009,3,6,16,1.3,,,,,,,,951.6,,3.2,,24,0.3,23.9,0,0,0,0,,,,
KLO,2009,3,6,17,1,,,,,,,,952.8,,3.2,,1,0,1,0,0,0,0,,,,
KLO,2009,3,6,18,0.8,,,,,,,,953.9,,3,,0,0,0,0,0,0,0,,,,
KLO,2009,3,6,19,0.7,,,,,,,,954.8,,2.7,,0,0,0,0,0,0,0,,,,
KLO,2009,3,6,20,0.8,,,,,,,,955.6,,3.1,,0,0,0,0,0,0,0,,,,
KLO,2009,3,6,21,0.6,,,,,,,,956.2,,3.3,,0,0,0,0,0,0,0,,,,
KLO,2009,3,6,22,0.8,,,,,,,,956.7,,3.2,,0,0,0,0,0,0,0,,,,
KLO,2009,3,6,23,0.9,,,,,,,,957.3,,4,,0,0,0,0,0,0,0,,,,
KLO,2009,3,7,0,0.9,,,,,,,,958,,3.6,,0,0,0,0,0,0,0,,,,
KLO,2009,3,7,1,1,,,,,,,,958.5,,3.4,,0,0,0,0,0,0,0,,,,
KLO,2009,3,7,2,0.9,,,,,,,,958.8,,3.6,,0,0,0,0,0,0,0,,,,
KLO,2009,3,7,3,0.9,,,,,,,,959.3,,3.1,,0,0,0,0,0,0,0,,,,
KLO,2009,3,7,4,0.9,,,,,,,,959.8,,1.7,,0,0,0,0,0,0,0,,,,
KLO,2009,3,7,5,1.1,,,,,,,,960.4,,2.1,,0,0,0,0,0,0,0,,,,
KLO,2009,3,7,6,1.2,,,,,,,,961.1,,2,,11,0,0,0,0,0,0,,,,
KLO,2009,3,7,7,1.3,,,,,,,,962.1,,2.6,,96,0,0,0,0,0,0,,,,
KLO,2009,3,7,8,1.7,,,,,,,,962.9,,3.5,,198,952.8,32.7,0,0,0,0,,,,
KLO,2009,3,7,9,3,,,,,,,,963.6,,3.3,,520,1324.8,85.8,0,0,0,0,,,,
KLO,2009,3,7,10,3.9,,,,,,,,964,,4.4,,655,1200.4,108.1,0,0,0,0,,,,
KLO,2009,3,7,11,4.8,,,,,,,,964.2,,4,,695,1058.7,114.7,0,0,0,0,,,,
KLO,2009,3,7,12,5.2,,,,,,,,964.2,,3,,574,710.4,148.6,0,0,0,0,,,,
KLO,2009,3,7,13,5.6,,,,,,,,964.1,,2.7,,566,668.6,162,0,0,0,0,,,,
KLO,2009,3,7,14,6,,,,,,,,964.4,,3.6,,439,368,231.4,0,0,0,0,,,,
KLO,2009,3,7,15,6.1,,,,,,,,964.5,,2.9,,367,341.8,202.5,0,0,0,0,,,,
KLO,2009,3,7,16,5.7,,,,,,,,964.9,,2.6,,159,28.4,148.8,0,0,0,0,,,,
KLO,2009,3,7,17,3.7,,,,,,,,965.5,,2,,12,0.2,12,0,0,0,0,,,,
KLO,2009,3,7,18,2.3,,,,,,,,966.2,,1.3,,0,0,0,0,0,0,0,,,,
KLO,2009,3,7,19,1.3,,,,,,,,966.8,,1.2,,0,0,0,0,0,0,0,,,,
KLO,2009,3,7,20,0.7,,,,,,,,967,,1.4,,0,0,0,0,0,0,0,,,,
KLO,2009,3,7,21,0,,,,,,,,967.3,,1.7,,0,0,0,0,0,0,0,,,,
KLO,2009,3,7,22,-0.7,,,,,,,,967.2,,2.1,,0,0,0,0,0,0,0,,,,
KLO,2009,3,7,23,-1.8,,,,,,,,967,,1.8,,0,0,0,0,0,0,0,,,,
KLO,2009,3,8,0,-1.9,,,,,,,,966.5,,2.6,,0,0,0,0,0,0,0,,,,
KLO,2009,3,8,1,-2.1,,,,,,,,966.1,,2.9,,0,0,0,0,0,0,0,,,,
KLO,2009,3,8,2,-2.3,,,,,,,,965.8,,2,,0,0,0,0,0,0,0,,,,
KLO,2009,3,8,3,-2.5,,,,,,,,965.4,,2.6,,0,0,0,0,0,0,0,,,,
KLO,2009,3,8,4,-2.2,,,,,,,,965.8,,2.3,,0,0,0,0,0,0,0,,,,
KLO,2009,3,8,5,-2,,,,,,,,965.4,,3.2,,0,0,0,0,0,0,0,,,,
KLO,2009,3,8,6,-1.1,,,,,,,,964.9,,2.7,,20,0,0,0,0,0,0,,,,
KLO,2009,3,8,7,0.4,,,,,,,,964.9,,2.3,,154,0,0,0,0,0,0,,,,
KLO,2009,3,8,8,2,,,,,,,,965,,2.2,,196,913.2,32.3,0,0,0,0,,,,
KLO,2009,3,8,9,4.1,,,,,,,,964.6,,5.6,,404,1011.4,66.7,0,0,0,0,,,,
KLO,2009,3,8,10,5,,,,,,,,964.4,,6.2,,301,183.4,216.4,0,0,0,0,,,,
KLO,2009,3,8,11,5,,,,,,,,964,,5.2,,171,6.3,167.5,0,0,0,0,,,,
KLO,2009,3,8,12,6,,,,,,,,962.7,,6.4,,365,131,285.8,0,0,0,0,,,,
KLO,2009,3,8,13,7.1,,,,,,,,961.5,,6.1,,278,34,257.3,0,0,0,0,,,,
KLO,2009,3,8,14,7.9,,,,,,,,960.8,,5.2,,203,10.3,197.1,0,0,0,0,,,,
KLO,2009,3,8,15,7.9,,,,,,,,960.5,,4.2,,154,6.7,150.7,0,0,0,0,,,,
KLO,2009,3,8,16,7.5,,,,,,,,960.3,,3.3,,93,4.2,91.5,0,0,0,0,,,,
KLO,2009,3,8,17,6.9,,,,,,,,960.1,,3,,12,0.2,12,0,0,0,0,,,,
KLO,2009,3,8,18,6.9,,,,,,,,960.3,,2.4,,0,0,0,0,0,0,0,,,,
KLO,2009,3,8,19,6.3,,,,,,,,959.9,,2.7,,0,0,0,0,0,0,0,,,,
KLO,2009,3,8,20,6,,,,,,,,959.4,,5,,0,0,0,0,0,0,0,,,,
KLO,2009,3,8,21,6,,,,,,,,959,,5.9,,0,0,0,0,0,0,0,,,,
KLO,2009,3,8,22,5.8,,,,,,,,958.6,,6.6,,0,0,0,0,0,0,0,,,,
KLO,2009,3,8,23,5.9,,,,,,,,958.5,,7.6,,0,0,0,0,0,0,0,,,,
KLO,2009,3,9,0,5.6,,,,,,,,958.7,,5.2,,0,0,0,0,0,0,0,,,,
KLO,2009,3,9,1,5.2,,,,,,,,958.9,,4.5,,0,0,0,0,0,0,0,,,,
KLO,2009,3,9,2,3.5,,,,,,,,959.4,,7.2,,0,0,0,0,0,0,0,,,,
KLO,2009,3,9,3,2.6,,,,,,,,960.6,,7.1,,0,0,0,0,0,0,0,,,,
KLO,2009,3,9,4,2.9,,,,,,,,962,,6.3,,0,0,0,0,0,0,0,,,,
KLO,2009,3,9,5,2.7,,,,,,,,962.6,,5.3,,0,0,0,0,0,0,0,,,,
KLO,2009,3,9,6,2.9,,,,,,,,963.2,,5.4,,4,0,0,0,0,0,0,,,,
KLO,2009,3,9,7,3.1,,,,,,,,964,,4.4,,31,0,0,0,0,0,0,,,,
KLO,2009,3,9,8,2.8,,,,,,,,964.6,,3.9,,87,39.7,79.7,0,0,0,0,,,,
KLO,2009,3,9,9,3.8,,,,,,,,964.9,,4,,161,41.5,146.9,0,0,0,0,,,,
KLO,2009,3,9,10,4.9,,,,,,,,965.1,,5.3,,308,192.2,218.2,0,0,0,0,,,,
KLO,2009,3,9,11,5.9,,,,,,,,965.1,,7,,498,579.2,174,0,0,0,0,,,,
KLO,2009,3,9,12,6.8,,,,,,,,964.8,,6.4,,603,766.9,135.3,0,0,0,0,,,,
KLO,2009,3,9,13,6.7,,,,,,,,964.8,,6.3,,472,351.1,256.1,0,0,0,0,,,,
KLO,2009,3,9,14,6.1,,,,,,,,965.2,,5.8,,268,38.2,246.1,0,0,0,0,,,,
KLO,2009,3,9,15,2.2,,,,,,,,966.5,,3.8,,213,26.5,200,0,0,0,0,,,,
KLO,2009,3,9,16,3,,,,,,,,966.8,,3.1,,120,7.2,117.3,0,0,0,0,,,,
KLO,2009,3,9,17,2.2,,,,,,,,967.4,,1.5,,11,0.2,11,0,0,0,0,,,,
KLO,2009,3,9,18,2.5,,,,,,,,968.1,,2.8,,0,0,0,0,0,0,0,,,,
KLO,2009,3,9,19,1.9,,,,,,,,968.3,,2.6,,0,0,0,0,0,0,0,,,,
KLO,2009,3,9,20,2.3,,,,,,,,968.5,,2.9,,0,0,0,0,0,0,0,,,,
KLO,2009,3,9,21,2.9,,,,,,,,968.8,,3.8,,0,0,0,0,0,0,0,,,,
KLO,2009,3,9,22,3.2,,,,,,,,969.1,,6.5,,0,0,0,0,0,0,0,,,,
KLO,2009,3,9,23,1.8,,,,,,,,969.6,,4.2,,0,0,0,0,0,0,0,,,,
KLO,2009,3,10,0,2.4,,,,,,,,969.7,,4.6,,0,0,0,0,0,0,0,,,,
KLO,2009,3,10,1,2.7,,,,,,,,969.4,,4.7,,0,0,0,0,0,0,0,,,,
KLO,2009,3,10,2,2.7,,,,,,,,969.2,,5.5,,0,0,0,0,0,0,0,,,,
KLO,2009,3,10,3,2.6,,,,,,,,969.1,,4.8,,0,0,0,0,0,0,0,,,,
KLO,2009,3,10,4,2.4,,,,,,,,968.8,,4,,0,0,0,0,0,0,0,,,,
KLO,2009,3,10,5,2.6,,,,,,,,968.5,,4.6,,0,0,0,0,0,0,0,,,,
KLO,2009,3,10,6,2.8,,,,,,,,968.3,,3.7,,12,0,0,0,0,0,0,,,,
KLO,2009,3,10,7,3.6,,,,,,,,968.1,,3.2,,103,0,0,0,0,0,0,,,,
KLO,2009,3,10,8,5,,,,,,,,967.6,,3.9,,230,1006.2,38,0,0,0,0,,,,
KLO,2009,3,10,9,5.7,,,,,,,,967,,4.9,,224,180,161.9,0,0,0,0,,,,
KLO,2009,3,10,10,5.5,,,,,,,,966.4,,6.2,,169,10.5,164.1,0,0,0,0,,,,
KLO,2009,3,10,11,5.2,,,,,,,,965.9,,7,,168,5.7,164.8,0,0,0,0,,,,
KLO,2009,3,10,12,4.6,,,,,,,,965.1,,5.9,,105,1.9,103.8,0,0,0,0,,,,
KLO,2009,3,10,13,4.3,,,,,,,,964.4,,6.5,,120,2.4,118.5,0,0,0,0,,,,
KLO,2009,3,10,14,3.9,,,,,,,,963.9,,6.3,,83,1.3,82.2,0,0,0,0,,,,
KLO,2009,3,10,15,3.3,,,,,,,,963.4,,5.3,,41,0.4,40.8,0,0,0,0,,,,
KLO,2009,3,10,16,2.7,,,,,,,,963,,5.2,,16,0.1,16,0,0,0,0,,,,
KLO,2009,3,10,17,3.1,,,,,,,,962.9,,5.1,,1,0,1,0,0,0,0,,,,
KLO,2009,3,10,18,3.2,,,,,,,,963.1,,5.9,,0,0,0,0,0,0,0,,,,
KLO,2009,3,10,19,3.6,,,,,,,,963.1,,7.4,,0,0,0,0,0,0,0,,,,
KLO,2009,3,10,20,3.6,,,,,,,,963,,6.1,,0,0,0,0,0,0,0,,,,
KLO,2009,3,10,21,2.6,,,,,,,,963.3,,5.4,,0,0,0,0,0,0,0,,,,
KLO,2009,3,10,22,3.2,,,,,,,,963.3,,5.1,,0,0,0,0,0,0,0,,,,
KLO,2009,3,10,23,3.5,,,,,,,,963.7,,4.9,,0,0,0,0,0,0,0,,,,
KLO,2009,3,11,0,3.6,,,,,,,,963.9,,4,,0,0,0,0,0,0,0,,,,
KLO,2009,3,11,1,3.9,,,,,,,,964.2,,4.5,,0,0,0,0,0,0,0,,,,
KLO,2009,3,11,2,3.9,,,,,,,,964.3,,4.9,,0,0,0,0,0,0,0,,,,
KLO,2009,3,11,3,3.9,,,,,,,,964.6,,5.4,,0,0,0,0,0,0,0,,,,
KLO,2009,3,11,4,3.6,,,,,,,,965.7,,1.9,,0,0,0,0,0,0,0,,,,
KLO,2009,3,11,5,3.2,,,,,,,,966.7,,1.5,,0,0,0,0,0,0,0,,,,
KLO,2009,3,11,6,2.9,,,,,,,,967.7,,0.9,,21,0,0,0,0,0,0,,,,
KLO,2009,3,11,7,3.6,,,,,,,,968.5,,1.4,,140,0,0,0,0,0,0,,,,
KLO,2009,3,11,8,4,,,,,,,,969.6,,2.3,,54,4.9,53,0,0,0,0,,,,
KLO,2009,3,11,9,4.3,,,,,,,,970.6,,2.9,,234,202,163.1,0,0,0,0,,,,
KLO,2009,3,11,10,6,,,,,,,,971.1,,4,,470,755.8,108.2,0,0,0,0,,,,
KLO,2009,3,11,11,4.7,,,,,,,,972,,3.9,,208,11.4,201.5,0,0,0,0,,,,
KLO,2009,3,11,12,5.4,,,,,,,,972.3,,3.1,,304,48.9,273.7,0,0,0,0,,,,
KLO,2009,3,11,13,5.8,,,,,,,,972.3,,2.7,,471,327.9,265.9,0,0,0,0,,,,
KLO,2009,3,11,14,6.7,,,,,,,,972.3,,3.3,,311,73.3,268.2,0,0,0,0,,,,
KLO,2009,3,11,15,6.2,,,,,,,,972.5,,4,,136,4.8,133.6,0,0,0,0,,,,
KLO,2009,3,11,16,6,,,,,,,,972.9,,4.1,,123,7.2,120.3,0,0,0,0,,,,
KLO,2009,3,11,17,5.1,,,,,,,,973.6,,3.1,,40,2,39.5,0,0,0,0,,,,
KLO,2009,3,11,18,3.2,,,,,,,,974.4,,1.6,,0,0,0,0,0,0,0,,,,
KLO,2009,3,11,19,2.3,,,,,,,,975.1,,0.6,,0,0,0,0,0,0,0,,,,
KLO,2009,3,11,20,0.5,,,,,,,,975.4,,1,,0,0,0,0,0,0,0,,,,
KLO,2009,3,11,21,-0.3,,,,,,,,975.9,,2.3,,0,0,0,0,0,0,0,,,,
KLO,2009,3,11,22,-0.2,,,,,,,,975.9,,1.5,,0,0,0,0,0,0,0,,,,
KLO,2009,3,11,23,-0.8,,,,,,,,975.9,,1,,0,0,0,0,0,0,0,,,,
KLO,2009,3,12,0,-1.6,,,,,,,,975.8,,0.3,,0,0,0,0,0,0,0,,,,
KLO,2009,3,12,1,-2.4,,,,,,,,975.8,,0,,0,0,0,0,0,0,0,,,,
KLO,2009,3,12,2,-2.7,,,,,,,,975.3,,0,,0,0,0,0,0,0,0,,,,
KLO,2009,3,12,3,-2.5,,,,,,,,975,,0,,0,0,0,0,0,0,0,,,,
KLO,2009,3,12,4,-2.7,,,,,,,,975.1,,0.7,,0,0,0,0,0,0,0,,,,
KLO,2009,3,12,5,-3,,,,,,,,975.3,,0.1,,0,0,0,0,0,0,0,,,,
KLO,2009,3,12,6,-1.8,,,,,,,,975.5,,1.1,,19,0,0,0,0,0,0,,,,
KLO,2009,3,12,7,-0.5,,,,,,,,976,,0.8,,61,0,0,0,0,0,0,,,,
KLO,2009,3,12,8,0.9,,,,,,,,976.5,,0.8,,123,135.3,95.6,0,0,0,0,,,,
KLO,2009,3,12,9,2.1,,,,,,,,976.3,,1.1,,148,21.2,140.4,0,0,0,0,,,,
KLO,2009,3,12,10,3.4,,,,,,,,976.1,,1.6,,285,117.4,228.1,0,0,0,0,,,,
KLO,2009,3,12,11,4.7,,,,,,,,975.7,,2.1,,355,144.1,271.9,0,0,0,0,,,,
KLO,2009,3,12,12,5.7,,,,,,,,974.9,,2.6,,248,16.9,237.4,0,0,0,0,,,,
KLO,2009,3,12,13,5.8,,,,,,,,974.2,,3.4,,159,4.1,156.4,0,0,0,0,,,,
KLO,2009,3,12,14,5.8,,,,,,,,974,,2.4,,73,1,72.4,0,0,0,0,,,,
KLO,2009,3,12,15,6,,,,,,,,973.3,,2.8,,58,0.9,57.6,0,0,0,0,,,,
KLO,2009,3,12,16,6,,,,,,,,973,,3.1,,26,0.3,25.9,0,0,0,0,,,,
KLO,2009,3,12,17,5.8,,,,,,,,973.1,,2.4,,5,0,5,0,0,0,0,,,,
KLO,2009,3,12,18,5.6,,,,,,,,973.2,,2.1,,0,0,0,0,0,0,0,,,,
KLO,2009,3,12,19,5.8,,,,,,,,973,,2.2,,0,0,0,0,0,0,0,,,,
KLO,2009,3,12,20,6.4,,,,,,,,972.9,,2.3,,0,0,0,0,0,0,0,,,,
KLO,2009,3,12,21,5.8,,,,,,,,972.8,,2.5,,0,0,0,0,0,0,0,,,,
KLO,2009,3,12,22,5.9,,,,,,,,972.6,,2.8,,0,0,0,0,0,0,0,,,,
KLO,2009,3,12,23,5.8,,,,,,,,972.4,,3.2,,0,0,0,0,0,0,0,,,,
KLO,2009,3,13,0,6.5,,,,,,,,972.2,,1.8,,0,0,0,0,0,0,0,,,,
KLO,2009,3,13,1,6,,,,,,,,972.1,,0.9,,0,0,0,0,0,0,0,,,,
KLO,2009,3,13,2,6.1,,,,,,,,971.7,,2.2,,0,0,0,0,0,0,0,,,,
KLO,2009,3,13,3,6.4,,,,,,,,971.4,,3.2,,0,0,0,0,0,0,0,,,,
KLO,2009,3,13,4,6.4,,,,,,,,971.2,,3,,0,0,0,0,0,0,0,,,,
KLO,2009,3,13,5,6.2,,,,,,,,971.4,,1.3,,0,0,0,0,0,0,0,,,,
KLO,2009,3,13,6,6.2,,,,,,,,971.9,,1.3,,10,0,0,0,0,0,0,,,,
KLO,2009,3,13,7,6.9,,,,,,,,972.3,,1.4,,74,0,0,0,0,0,0,,,,
KLO,2009,3,13,8,8,,,,,,,,972.4,,1.6,,197,689.1,53.4,0,0,0,0,,,,
KLO,2009,3,13,9,9,,,,,,,,972.3,,2.5,,275,337.6,152.6,0,0,0,0,,,,
KLO,2009,3,13,10,10.1,,,,,,,,972.1,,3,,368,325.2,208.6,0,0,0,0,,,,
KLO,2009,3,13,11,11.2,,,,,,,,971.9,,3.4,,425,292.7,254.7,0,0,0,0,,,,
KLO,2009,3,13,12,11.5,,,,,,,,971.3,,3.4,,293,37.4,269.4,0,0,0,0,,,,
KLO,2009,3,13,13,12.1,,,,,,,,970.8,,3.2,,358,96,296.9,0,0,0,0,,,,
KLO,2009,3,13,14,12.2,,,,,,,,970.6,,3.2,,330,89.9,276.5,0,0,0,0,,,,
KLO,2009,3,13,15,11.9,,,,,,,,970.4,,2.5,,220,25.9,206.8,0,0,0,0,,,,
KLO,2009,3,13,16,11.4,,,,,,,,970.3,,2,,115,5.7,112.8,0,0,0,0,,,,
KLO,2009,3,13,17,9.6,,,,,,,,970.4,,1.5,,21,0.5,20.9,0,0,0,0,,,,
KLO,2009,3,13,18,8,,,,,,,,970.4,,0.2,,0,0,0,0,0,0,0,,,,
KLO,2009,3,13,19,6.9,,,,,,,,970.4,,0.5,,0,0,0,0,0,0,0,,,,
KLO,2009,3,13,20,5.6,,,,,,,,970.4,,0.2,,0,0,0,0,0,0,0,,,,
KLO,2009,3,13,21,4.3,,,,,,,,970.3,,0.7,,0,0,0,0,0,0,0,,,,
KLO,2009,3,13,22,3.5,,,,,,,,970.3,,0.2,,0,0,0,0,0,0,0,,,,
KLO,2009,3,13,23,2.3,,,,,,,,970,,0,,0,0,0,0,0,0,0,,,,
KLO,2009,3,14,0,2.1,,,,,,,,970,,0.1,,0,0,0,0,0,0,0,,,,
KLO,2009,3,14,1,1.5,,,,,,,,969.8,,0,,0,0,0,0,0,0,0,,,,
KLO,2009,3,14,2,1.3,,,,,,,,969.4,,0.1,,0,0,0,0,0,0,0,,,,
KLO,2009,3,14,3,1,,,,,,,,969,,0,,0,0,0,0,0,0,0,,,,
KLO,2009,3,14,4,0.3,,,,,,,,968.7,,0.2,,0,0,0,0,0,0,0,,,,
KLO,2009,3,14,5,-0.3,,,,,,,,968.8,,0.2,,0,0,0,0,0,0,0,,,,
KLO,2009,3,14,6,-0.3,,,,,,,,969,,0.2,,43,0,0,0,0,0,0,,,,
KLO,2009,3,14,7,2.1,,,,,,,,969.2,,1.1,,155,0,0,0,0,0,0,,,,
KLO,2009,3,14,8,5.8,,,,,,,,969.2,,1.6,,316,1231.6,52.1,0,0,0,0,,,,
KLO,2009,3,14,9,8.2,,,,,,,,969.1,,1.9,,430,974.4,71,0,0,0,0,,,,
KLO,2009,3,14,10,9.7,,,,,,,,968.9,,2,,412,467.6,180.1,0,0,0,0,,,,
KLO,2009,3,14,11,11,,,,,,,,968.5,,2.7,,467,401.5,231.2,0,0,0,0,,,,
KLO,2009,3,14,12,11.8,,,,,,,,968.2,,2.2,,383,129.9,300.2,0,0,0,0,,,,
KLO,2009,3,14,13,12.4,,,,,,,,967.7,,2,,383,126.3,302.1,0,0,0,0,,,,
KLO,2009,3,14,14,12.6,,,,,,,,967.7,,2.1,,262,27.8,245.3,0,0,0,0,,,,
KLO,2009,3,14,15,12.8,,,,,,,,967.8,,2,,183,10.3,177.7,0,0,0,0,,,,
KLO,2009,3,14,16,12.5,,,,,,,,968,,1.4,,65,1.8,64.3,0,0,0,0,,,,
KLO,2009,3,14,17,12,,,,,,,,968.3,,1,,7,0.1,7,0,0,0,0,,,,
KLO,2009,3,14,18,10.5,,,,,,,,968.6,,1.4,,0,0,0,0,0,0,0,,,,
KLO,2009,3,14,19,10.2,,,,,,,,969.1,,1.1,,0,0,0,0,0,0,0,,,,
KLO,2009,3,14,20,8.3,,,,,,,,969.4,,1.5,,0,0,0,0,0,0,0,,,,
KLO,2009,3,14,21,8,,,,,,,,969.9,,1.3,,0,0,0,0,0,0,0,,,,
KLO,2009,3,14,22,7.5,,,,,,,,970.3,,1.7,,0,0,0,0,0,0,0,,,,
KLO,2009,3,14,23,6.8,,,,,,,,970.6,,2.2,,0,0,0,0,0,0,0,,,,
KLO,2009,3,15,0,7.4,,,,,,,,971.3,,1.4,,0,0,0,0,0,0,0,,,,
KLO,2009,3,15,1,8.3,,,,,,,,971.6,,2,,0,0,0,0,0,0,0,,,,
KLO,2009,3,15,2,9,,,,,,,,971.7,,1.9,,0,0,0,0,0,0,0,,,,
KLO,2009,3,15,3,8.9,,,,,,,,972.3,,2.8,,0,0,0,0,0,0,0,,,,
KLO,2009,3,15,4,8.2,,,,,,,,973,,3.9,,0,0,0,0,0,0,0,,,,
KLO,2009,3,15,5,7.6,,,,,,,,973.9,,2.1,,0,0,0,0,0,0,0,,,,
KLO,2009,3,15,6,7.3,,,,,,,,974.6,,3.3,,23,0,0,0,0,0,0,,,,
KLO,2009,3,15,7,7.5,,,,,,,,975.5,,3.4,,106,0,0,0,0,0,0,,,,
KLO,2009,3,15,8,8,,,,,,,,976.2,,2.8,,126,104.1,103.1,0,0,0,0,,,,
KLO,2009,3,15,9,8.9,,,,,,,,976.5,,2.9,,270,279.7,165.3,0,0,0,0,,,,
KLO,2009,3,15,10,9.4,,,,,,,,976.5,,3.1,,314,155.6,236,0,0,0,0,,,,
KLO,2009,3,15,11,10.1,,,,,,,,976.3,,3.3,,302,59.8,266.6,0,0,0,0,,,,
KLO,2009,3,15,12,10.1,,,,,,,,976,,3,,168,4.5,165.1,0,0,0,0,,,,
KLO,2009,3,15,13,10.5,,,,,,,,976,,3,,187,5.5,183.5,0,0,0,0,,,,
KLO,2009,3,15,14,10.4,,,,,,,,976.1,,3.4,,120,2.6,118.4,0,0,0,0,,,,
KLO,2009,3,15,15,10.3,,,,,,,,976.2,,2.6,,85,1.7,84.1,0,0,0,0,,,,
KLO,2009,3,15,16,10,,,,,,,,976.1,,2,,77,2.4,76,0,0,0,0,,,,
KLO,2009,3,15,17,9.5,,,,,,,,976.8,,2.8,,20,0.4,19.9,0,0,0,0,,,,
KLO,2009,3,15,18,8.6,,,,,,,,977.9,,5,,0,0,0,0,0,0,0,,,,
KLO,2009,3,15,19,7.7,,,,,,,,978.4,,3,,0,0,0,0,0,0,0,,,,
KLO,2009,3,15,20,7.5,,,,,,,,978.9,,1.7,,0,0,0,0,0,0,0,,,,
KLO,2009,3,15,21,6.8,,,,,,,,979.3,,1.2,,0,0,0,0,0,0,0,,,,
KLO,2009,3,15,22,5.1,,,,,,,,979.5,,1.2,,0,0,0,0,0,0,0,,,,
KLO,2009,3,15,23,4.2,,,,,,,,979.6,,0.7,,0,0,0,0,0,0,0,,,,
KLO,2009,3,16,0,4.2,,,,,,,,979.6,,0.5,,0,0,0,0,0,0,0,,,,
KLO,2009,3,16,1,4.7,,,,,,,,979.4,,1.6,,0,0,0,0,0,0,0,,,,
KLO,2009,3,16,2,5.3,,,,,,,,979,,2.8,,0,0,0,0,0,0,0,,,,
KLO,2009,3,16,3,4.7,,,,,,,,978.8,,1.8,,0,0,0,0,0,0,0,,,,
KLO,2009,3,16,4,3.8,,,,,,,,979,,1.8,,0,0,0,0,0,0,0,,,,
KLO,2009,3,16,5,2.6,,,,,,,,979.2,,0.4,,0,0,0,0,0,0,0,,,,
KLO,2009,3,16,6,2.8,,,,,,,,979.4,,1.8,,50,0,0,0,0,0,0,,,,
KLO,2009,3,16,7,4.9,,,,,,,,979.7,,2.2,,213,3106.5,35.1,0,0,0,0,,,,
KLO,2009,3,16,8,6.7,,,,,,,,980.1,,2.1,,407,1503.7,67.2,0,0,0,0,,,,
KLO,2009,3,16,9,8.4,,,,,,,,980.2,,3.1,,588,1291.5,97,0,0,0,0,,,,
KLO,2009,3,16,10,8.8,,,,,,,,980.1,,6.1,,662,1089.6,109.2,0,0,0,0,,,,
KLO,2009,3,16,11,10.1,,,,,,,,979.8,,6,,752,1049,124.1,0,0,0,0,,,,
KLO,2009,3,16,12,11.2,,,,,,,,979.5,,5.4,,686,877.6,117.6,0,0,0,0,,,,
KLO,2009,3,16,13,11,,,,,,,,979.1,,4.9,,613,682.9,168.2,0,0,0,0,,,,
KLO,2009,3,16,14,11.6,,,,,,,,979,,4.1,,491,422.4,233.6,0,0,0,0,,,,
KLO,2009,3,16,15,11.7,,,,,,,,978.8,,3.5,,373,265.2,233.9,0,0,0,0,,,,
KLO,2009,3,16,16,11.1,,,,,,,,978.9,,4,,195,46.9,176.1,0,0,0,0,,,,
KLO,2009,3,16,17,10.2,,,,,,,,979.4,,3.6,,40,1.6,39.6,0,0,0,0,,,,
KLO,2009,3,16,18,8.9,,,,,,,,979.8,,3.2,,0,0,0,0,0,0,0,,,,
KLO,2009,3,16,19,8.1,,,,,,,,979.8,,4,,0,0,0,0,0,0,0,,,,
KLO,2009,3,16,20,7.7,,,,,,,,979.6,,5.2,,0,0,0,0,0,0,0,,,,
KLO,2009,3,16,21,6.2,,,,,,,,979.6,,2.7,,0,0,0,0,0,0,0,,,,
KLO,2009,3,16,22,3.3,,,,,,,,979.8,,2.2,,0,0,0,0,0,0,0,,,,
KLO,2009,3,16,23,2.7,,,,,,,,979.8,,2.7,,0,0,0,0,0,0,0,,,,
KLO,2009,3,17,0,1.8,,,,,,,,979.5,,2.8,,0,0,0,0,0,0,0,,,,
KLO,2009,3,17,1,1.8,,,,,,,,979.2,,1.7,,0,0,0,0,0,0,0,,,,
KLO,2009,3,17,2,1.3,,,,,,,,978.8,,0.8,,0,0,0,0,0,0,0,,,,
KLO,2009,3,17,3,0.6,,,,,,,,978.7,,1.1,,0,0,0,0,0,0,0,,,,
KLO,2009,3,17,4,-0.1,,,,,,,,978.9,,0.3,,0,0,0,0,0,0,0,,,,
KLO,2009,3,17,5,-0.6,,,,,,,,979.3,,0.4,,0,0,0,0,0,0,0,,,,
KLO,2009,3,17,6,0.7,,,,,,,,979.6,,0.8,,46,0,0,0,0,0,0,,,,
KLO,2009,3,17,7,2.2,,,,,,,,980.1,,0.2,,203,2693.1,33.5,0,0,0,0,,,,
KLO,2009,3,17,8,4.8,,,,,,,,980.2,,0.3,,380,1368.3,62.7,0,0,0,0,,,,
KLO,2009,3,17,9,7.3,,,,,,,,980.3,,1.2,,515,1114.1,85,0,0,0,0,,,,
KLO,2009,3,17,10,9.1,,,,,,,,980.2,,1.6,,608,989.7,100.3,0,0,0,0,,,,
KLO,2009,3,17,11,11.4,,,,,,,,979.8,,1.7,,686,948.2,113.2,0,0,0,0,,,,
KLO,2009,3,17,12,12.3,,,,,,,,979.5,,1.9,,636,744.8,149.7,0,0,0,0,,,,
KLO,2009,3,17,13,13.6,,,,,,,,979,,2.1,,577,562.3,207.9,0,0,0,0,,,,
KLO,2009,3,17,14,13.6,,,,,,,,978.8,,2.6,,364,122.5,288.7,0,0,0,0,,,,
KLO,2009,3,17,15,13.6,,,,,,,,978.5,,3.1,,388,299.4,229.6,0,0,0,0,,,,
KLO,2009,3,17,16,13,,,,,,,,978.4,,3.1,,157,15,150.9,0,0,0,0,,,,
KLO,2009,3,17,17,12,,,,,,,,978.8,,1.7,,24,0.6,23.9,0,0,0,0,,,,
KLO,2009,3,17,18,9.8,,,,,,,,979.2,,1.3,,0,0,0,0,0,0,0,,,,
KLO,2009,3,17,19,8.7,,,,,,,,979.9,,1.3,,0,0,0,0,0,0,0,,,,
KLO,2009,3,17,20,7.2,,,,,,,,980.5,,1,,0,0,0,0,0,0,0,,,,
KLO,2009,3,17,21,5.4,,,,,,,,980.9,,1.5,,0,0,0,0,0,0,0,,,,
KLO,2009,3,17,22,6.4,,,,,,,,981.2,,2.2,,0,0,0,0,0,0,0,,,,
KLO,2009,3,17,23,4.9,,,,,,,,981.1,,1.7,,0,0,0,0,0,0,0,,,,
KLO,2009,3,18,0,4.3,,,,,,,,981.2,,1.9,,0,0,0,0,0,0,0,,,,
KLO,2009,3,18,1,3.2,,,,,,,,980.8,,1.5,,0,0,0,0,0,0,0,,,,
KLO,2009,3,18,2,3.6,,,,,,,,980.6,,2.5,,0,0,0,0,0,0,0,,,,
KLO,2009,3,18,3,2.3,,,,,,,,980.4,,2.1,,0,0,0,0,0,0,0,,,,
KLO,2009,3,18,4,1.8,,,,,,,,980.4,,1.8,,0,0,0,0,0,0,0,,,,
KLO,2009,3,18,5,1.3,,,,,,,,980.4,,2.9,,0,0,0,0,0,0,0,,,,
KLO,2009,3,18,6,1.8,,,,,,,,980.3,,3,,51,0,0,0,0,0,0,,,,
KLO,2009,3,18,7,3.7,,,,,,,,980,,2.8,,204,2480.8,33.7,0,0,0,0,,,,
KLO,2009,3,18,8,6.1,,,,,,,,979.7,,2.8,,384,1348.5,63.4,0,0,0,0,,,,
KLO,2009,3,18,9,7.2,,,,,,,,979.5,,5,,515,1097.6,85,0,0,0,0,,,,
KLO,2009,3,18,10,9,,,,,,,,979.1,,4,,606,975.6,100,0,0,0,0,,,,
KLO,2009,3,18,11,10,,,,,,,,978.6,,5.4,,712,975.3,117.5,0,0,0,0,,,,
KLO,2009,3,18,12,11.6,,,,,,,,977.9,,4.9,,709,898.2,117.7,0,0,0,0,,,,
KLO,2009,3,18,13,12.1,,,,,,,,977.3,,4.7,,609,644.6,182.6,0,0,0,0,,,,
KLO,2009,3,18,14,12.3,,,,,,,,976.7,,4.7,,523,496.9,215.4,0,0,0,0,,,,
KLO,2009,3,18,15,11.8,,,,,,,,976.3,,5.2,,307,107.2,249.8,0,0,0,0,,,,
KLO,2009,3,18,16,11.2,,,,,,,,976,,4.1,,153,12.7,147.8,0,0,0,0,,,,
KLO,2009,3,18,17,10.2,,,,,,,,976.1,,2.2,,21,0.4,20.9,0,0,0,0,,,,
KLO,2009,3,18,18,9.6,,,,,,,,976.1,,1.5,,0,0,0,0,0,0,0,,,,
KLO,2009,3,18,19,8.1,,,,,,,,975.7,,1,,0,0,0,0,0,0,0,,,,
KLO,2009,3,18,20,5.5,,,,,,,,975.3,,1.2,,0,0,0,0,0,0,0,,,,
KLO,2009,3,18,21,3.7,,,,,,,,974.9,,3,,0,0,0,0,0,0,0,,,,
KLO,2009,3,18,22,2.9,,,,,,,,974.6,,2.5,,0,0,0,0,0,0,0,,,,
KLO,2009,3,18,23,2.1,,,,,,,,974.1,,1.5,,0,0,0,0,0,0,0,,,,
KLO,2009,3,19,0,0.5,,,,,,,,974,,1.4,,0,0,0,0,0,0,0,,,,
KLO,2009,3,19,1,-0.5,,,,,,,,973.7,,0.8,,0,0,0,0,0,0,0,,,,
KLO,2009,3,19,2,-1.3,,,,,,,,973.1,,0.9,,0,0,0,0,0,0,0,,,,
KLO,2009,3,19,3,-2.1,,,,,,,,972.6,,0.8,,0,0,0,0,0,0,0,,,,
KLO,2009,3,19,4,-2.1,,,,,,,,972.3,,0.2,,0,0,0,0,0,0,0,,,,
KLO,2009,3,19,5,-2.2,,,,,,,,972.1,,0.3,,0,0,0,0,0,0,0,,,,
KLO,2009,3,19,6,-2.6,,,,,,,,971.9,,0.9,,24,0,0,0,0,0,0,,,,
KLO,2009,3,19,7,-0.7,,,,,,,,971.7,,0.3,,189,2120.8,31.2,0,0,0,0,,,,
KLO,2009,3,19,8,2.1,,,,,,,,971.5,,0.9,,301,1031.5,49.7,0,0,0,0,,,,
KLO,2009,3,19,9,4.9,,,,,,,,971.3,,1.5,,509,1069,84,0,0,0,0,,,,
KLO,2009,3,19,10,8.1,,,,,,,,970.8,,1.1,,608,968.3,100.3,0,0,0,0,,,,
KLO,2009,3,19,11,10.1,,,,,,,,970.5,,1.3,,573,666.5,163,0,0,0,0,,,,
KLO,2009,3,19,12,10.7,,,,,,,,970,,1.2,,369,91.8,308.1,0,0,0,0,,,,
KLO,2009,3,19,13,11,,,,,,,,969.6,,1.9,,369,89.9,309.1,0,0,0,0,,,,
KLO,2009,3,19,14,11,,,,,,,,969.4,,3.4,,221,10.2,214.6,0,0,0,0,,,,
KLO,2009,3,19,15,10.6,,,,,,,,969.6,,4.1,,182,8.5,177.4,0,0,0,0,,,,
KLO,2009,3,19,16,9.4,,,,,,,,970.2,,4.9,,90,3.1,88.7,0,0,0,0,,,,
KLO,2009,3,19,17,8.4,,,,,,,,970.9,,5,,19,0.3,18.9,0,0,0,0,,,,
KLO,2009,3,19,18,7.6,,,,,,,,971.8,,5.1,,0,0,0,0,0,0,0,,,,
KLO,2009,3,19,19,7,,,,,,,,972.5,,6.1,,0,0,0,0,0,0,0,,,,
KLO,2009,3,19,20,6.1,,,,,,,,973.1,,6.3,,0,0,0,0,0,0,0,,,,
KLO,2009,3,19,21,4.3,,,,,,,,973.6,,7.4,,0,0,0,0,0,0,0,,,,
KLO,2009,3,19,22,3.4,,,,,,,,973.9,,4.6,,0,0,0,0,0,0,0,,,,
KLO,2009,3,19,23,2.4,,,,,,,,974,,3.1,,0,0,0,0,0,0,0,,,,
KLO,2009,3,20,0,1.6,,,,,,,,974.2,,3.9,,0,0,0,0,0,0,0,,,,
KLO,2009,3,20,1,1,,,,,,,,974.4,,2.8,,0,0,0,0,0,0,0,,,,
KLO,2009,3,20,2,0.3,,,,,,,,974.3,,2.4,,0,0,0,0,0,0,0,,,,
KLO,2009,3,20,3,-0.1,,,,,,,,974,,2.8,,0,0,0,0,0,0,0,,,,
KLO,2009,3,20,4,-1.1,,,,,,,,974.1,,1.8,,0,0,0,0,0,0,0,,,,
KLO,2009,3,20,5,-1.7,,,,,,,,974.1,,2.3,,1,0,0,0,0,0,0,,,,
KLO,2009,3,20,6,-0.5,,,,,,,,974.5,,2.2,,42,0,0,0,0,0,0,,,,
KLO,2009,3,20,7,0.2,,,,,,,,975,,3.9,,106,1103.8,17.5,0,0,0,0,,,,
KLO,2009,3,20,8,1.5,,,,,,,,975,,5.4,,349,1167.9,57.6,0,0,0,0,,,,
KLO,2009,3,20,9,2,,,,,,,,975.3,,6.4,,256,166.7,188.8,0,0,0,0,,,,
KLO,2009,3,20,10,2,,,,,,,,975.7,,7,,356,211.8,243.7,0,0,0,0,,,,
KLO,2009,3,20,11,3.1,,,,,,,,975.9,,6.8,,498,418.8,238.2,0,0,0,0,,,,
KLO,2009,3,20,12,3.7,,,,,,,,975.8,,7.6,,514,358.6,274.2,0,0,0,0,,,,
KLO,2009,3,20,13,3.6,,,,,,,,975.7,,8.6,,617,642.3,185.7,0,0,0,0,,,,
KLO,2009,3,20,14,3.9,,,,,,,,975.6,,6.9,,388,147.7,295.2,0,0,0,0,,,,
KLO,2009,3,20,15,3.8,,,,,,,,975.7,,6.2,,343,163.5,254.2,0,0,0,0,,,,
KLO,2009,3,20,16,3.4,,,,,,,,975.8,,5.5,,155,12.3,149.8,0,0,0,0,,,,
KLO,2009,3,20,17,3.1,,,,,,,,976,,5.2,,50,2.3,49.4,0,0,0,0,,,,
KLO,2009,3,20,18,2.1,,,,,,,,976.3,,4.2,,0,0,0,0,0,0,0,,,,
KLO,2009,3,20,19,1.1,,,,,,,,976.6,,4.1,,0,0,0,0,0,0,0,,,,
KLO,2009,3,20,20,0.3,,,,,,,,976.4,,3.8,,0,0,0,0,0,0,0,,,,
KLO,2009,3,20,21,-0.1,,,,,,,,976.3,,4.2,,0,0,0,0,0,0,0,,,,
KLO,2009,3,20,22,-0.4,,,,,,,,976,,4.2,,0,0,0,0,0,0,0,,,,
KLO,2009,3,20,23,-0.8,,,,,,,,975.7,,3.5,,0,0,0,0,0,0,0,,,,
KLO,2009,3,21,0,-1.9,,,,,,,,975.6,,1.4,,0,0,0,0,0,0,0,,,,
KLO,2009,3,21,1,-3.1,,,,,,,,975.3,,1.8,,0,0,0,0,0,0,0,,,,
KLO,2009,3,21,2,-3.4,,,,,,,,975,,1.9,,0,0,0,0,0,0,0,,,,
KLO,2009,3,21,3,-4,,,,,,,,975.2,,2.5,,0,0,0,0,0,0,0,,,,
KLO,2009,3,21,4,-3.9,,,,,,,,975.3,,1.2,,0,0,0,0,0,0,0,,,,
KLO,2009,3,21,5,-4.3,,,,,,,,975.4,,0.6,,1,0,0,0,0,0,0,,,,
KLO,2009,3,21,6,-3.6,,,,,,,,975.8,,1,,72,0,0,0,0,0,0,,,,
KLO,2009,3,21,7,-0.9,,,,,,,,976,,1.6,,248,2408.6,40.9,0,0,0,0,,,,
KLO,2009,3,21,8,0.6,,,,,,,,976.2,,4.6,,427,1396.1,70.5,0,0,0,0,,,,
KLO,2009,3,21,9,2.1,,,,,,,,976,,6,,579,1181.7,95.5,0,0,0,0,,,,
KLO,2009,3,21,10,3.1,,,,,,,,976,,6,,681,1061.7,112.4,0,0,0,0,,,,
KLO,2009,3,21,11,4.1,,,,,,,,975.8,,5.7,,752,1003.2,124.1,0,0,0,0,,,,
KLO,2009,3,21,12,4.9,,,,,,,,975.5,,6,,723,894.1,120.4,0,0,0,0,,,,
KLO,2009,3,21,13,5.4,,,,,,,,975.1,,5.9,,658,744.8,154.2,0,0,0,0,,,,
KLO,2009,3,21,14,5.8,,,,,,,,975,,5.7,,553,553.7,202.3,0,0,0,0,,,,
KLO,2009,3,21,15,5.6,,,,,,,,974.8,,5.4,,396,285.8,239.6,0,0,0,0,,,,
KLO,2009,3,21,16,5.3,,,,,,,,974.5,,4.7,,212,55,188.7,0,0,0,0,,,,
KLO,2009,3,21,17,4.4,,,,,,,,974.7,,3.9,,48,2,47.4,0,0,0,0,,,,
KLO,2009,3,21,18,3.4,,,,,,,,975.1,,3.1,,0,0,0,0,0,0,0,,,,
KLO,2009,3,21,19,1.2,,,,,,,,975.5,,2.2,,0,0,0,0,0,0,0,,,,
KLO,2009,3,21,20,-0.3,,,,,,,,975.6,,0.8,,0,0,0,0,0,0,0,,,,
KLO,2009,3,21,21,-2.9,,,,,,,,975.7,,1.6,,0,0,0,0,0,0,0,,,,
KLO,2009,3,21,22,-2.3,,,,,,,,975.7,,1.2,,0,0,0,0,0,0,0,,,,
KLO,2009,3,21,23,-3,,,,,,,,975.7,,1.4,,0,0,0,0,0,0,0,,,,
KLO,2009,3,22,0,-3.1,,,,,,,,975.6,,0.9,,0,0,0,0,0,0,0,,,,
KLO,2009,3,22,1,-4.1,,,,,,,,975.4,,0.2,,0,0,0,0,0,0,0,,,,
KLO,2009,3,22,2,-4,,,,,,,,975.2,,1.2,,0,0,0,0,0,0,0,,,,
KLO,2009,3,22,3,-4.2,,,,,,,,975.2,,0,,0,0,0,0,0,0,0,,,,
KLO,2009,3,22,4,-4.7,,,,,,,,975.3,,0,,0,0,0,0,0,0,0,,,,
KLO,2009,3,22,5,-3.9,,,,,,,,975.3,,0.6,,1,0,0,0,0,0,0,,,,
KLO,2009,3,22,6,-2.1,,,,,,,,975.4,,1.1,,54,0,0,0,0,0,0,,,,
KLO,2009,3,22,7,-0.7,,,,,,,,975.6,,1.2,,146,1328.3,24.1,0,0,0,0,,,,
KLO,2009,3,22,8,1.4,,,,,,,,975.6,,1.3,,284,908.1,46.8,0,0,0,0,,,,
KLO,2009,3,22,9,3.1,,,,,,,,975.9,,0.5,,415,793.5,85.8,0,0,0,0,,,,
KLO,2009,3,22,10,5.4,,,,,,,,975.3,,2,,523,734.1,125.7,0,0,0,0,,,,
KLO,2009,3,22,11,6.8,,,,,,,,975,,1.4,,534,501.3,217.5,0,0,0,0,,,,
KLO,2009,3,22,12,8.7,,,,,,,,974.4,,1.6,,719,878.5,122.4,0,0,0,0,,,,
KLO,2009,3,22,13,9.9,,,,,,,,973.6,,2.1,,657,729.9,159.6,0,0,0,0,,,,
KLO,2009,3,22,14,10.6,,,,,,,,973.2,,2.5,,539,499.3,220.4,0,0,0,0,,,,
KLO,2009,3,22,15,11.1,,,,,,,,972.9,,2.8,,360,188.1,256.2,0,0,0,0,,,,
KLO,2009,3,22,16,11,,,,,,,,973.3,,3.2,,203,42.3,184.9,0,0,0,0,,,,
KLO,2009,3,22,17,9.4,,,,,,,,973.7,,2.5,,45,1.7,44.5,0,0,0,0,,,,
KLO,2009,3,22,18,8.1,,,,,,,,974.3,,1.2,,0,0,0,0,0,0,0,,,,
KLO,2009,3,22,19,6.2,,,,,,,,975,,2.4,,0,0,0,0,0,0,0,,,,
KLO,2009,3,22,20,5.2,,,,,,,,975.3,,2.7,,0,0,0,0,0,0,0,,,,
KLO,2009,3,22,21,3.6,,,,,,,,975.5,,2.5,,0,0,0,0,0,0,0,,,,
KLO,2009,3,22,22,3.7,,,,,,,,975.3,,1.8,,0,0,0,0,0,0,0,,,,
KLO,2009,3,22,23,1,,,,,,,,975.2,,1.4,,0,0,0,0,0,0,0,,,,
KLO,2009,3,23,0,-0.2,,,,,,,,974.9,,1.7,,0,0,0,0,0,0,0,,,,
KLO,2009,3,23,1,0.4,,,,,,,,974.6,,1.3,,0,0,0,0,0,0,0,,,,
KLO,2009,3,23,2,-0.8,,,,,,,,974.4,,0.5,,0,0,0,0,0,0,0,,,,
KLO,2009,3,23,3,-0.3,,,,,,,,974,,1,,0,0,0,0,0,0,0,,,,
KLO,2009,3,23,4,-0.2,,,,,,,,973.8,,1.8,,0,0,0,0,0,0,0,,,,
KLO,2009,3,23,5,0.7,,,,,,,,973.4,,2.1,,1,0,0,0,0,0,0,,,,
KLO,2009,3,23,6,1.1,,,,,,,,972.8,,3.1,,59,0,0,0,0,0,0,,,,
KLO,2009,3,23,7,3.7,,,,,,,,972.3,,2.9,,210,1796.9,34.6,0,0,0,0,,,,
KLO,2009,3,23,8,6.2,,,,,,,,971.6,,3.1,,352,1100.5,58.1,0,0,0,0,,,,
KLO,2009,3,23,9,6.9,,,,,,,,971,,3.9,,342,440,156.9,0,0,0,0,,,,
KLO,2009,3,23,10,7.9,,,,,,,,969.9,,4.7,,569,855.7,101.2,0,0,0,0,,,,
KLO,2009,3,23,11,9.5,,,,,,,,968.3,,5,,591,662.8,169,0,0,0,0,,,,
KLO,2009,3,23,12,10.4,,,,,,,,966.9,,5.6,,413,134.5,320.9,0,0,0,0,,,,
KLO,2009,3,23,13,12,,,,,,,,965.6,,5.5,,492,276.7,302.1,0,0,0,0,,,,
KLO,2009,3,23,14,11.1,,,,,,,,964.7,,6.1,,254,17.1,243,0,0,0,0,,,,
KLO,2009,3,23,15,10.7,,,,,,,,963.7,,6.6,,181,7.5,176.9,0,0,0,0,,,,
KLO,2009,3,23,16,9.9,,,,,,,,962.7,,4.9,,45,0.7,44.7,0,0,0,0,,,,
KLO,2009,3,23,17,9.4,,,,,,,,962,,3.1,,9,0.1,9,0,0,0,0,,,,
KLO,2009,3,23,18,9.7,,,,,,,,961.3,,3.5,,0,0,0,0,0,0,0,,,,
KLO,2009,3,23,19,9.9,,,,,,,,960.3,,5.8,,0,0,0,0,0,0,0,,,,
KLO,2009,3,23,20,10,,,,,,,,958.9,,7.5,,0,0,0,0,0,0,0,,,,
KLO,2009,3,23,21,10.2,,,,,,,,957.4,,10.3,,0,0,0,0,0,0,0,,,,
KLO,2009,3,23,22,9.8,,,,,,,,956.2,,10.4,,0,0,0,0,0,0,0,,,,
KLO,2009,3,23,23,9,,,,,,,,955.4,,9.9,,0,0,0,0,0,0,0,,,,
KLO,2009,3,24,0,6.6,,,,,,,,955.1,,9.3,,0,0,0,0,0,0,0,,,,
KLO,2009,3,24,1,5.7,,,,,,,,954.9,,8.5,,0,0,0,0,0,0,0,,,,
KLO,2009,3,24,2,0.6,,,,,,,,955.9,,4.1,,0,0,0,0,0,0,0,,,,
KLO,2009,3,24,3,0.4,,,,,,,,956.2,,0.5,,0,0,0,0,0,0,0,,,,
KLO,2009,3,24,4,0.5,,,,,,,,956.5,,0.9,,0,0,0,0,0,0,0,,,,
KLO,2009,3,24,5,0.5,,,,,,,,957.2,,1,,1,0,0,0,0,0,0,,,,
KLO,2009,3,24,6,0.9,,,,,,,,957.8,,1.5,,25,0,0,0,0,0,0,,,,
KLO,2009,3,24,7,0.9,,,,,,,,958.2,,1.4,,38,12.2,36.7,0,0,0,0,,,,
KLO,2009,3,24,8,1.7,,,,,,,,958.7,,1.5,,300,917.6,49.6,0,0,0,0,,,,
KLO,2009,3,24,9,3,,,,,,,,959.1,,4.8,,427,796.7,87.4,0,0,0,0,,,,
KLO,2009,3,24,10,5.1,,,,,,,,959.3,,4.5,,566,833.4,105.8,0,0,0,0,,,,
KLO,2009,3,24,11,4.1,,,,,,,,959.5,,6.1,,617,725.6,151.2,0,0,0,0,,,,
KLO,2009,3,24,12,6,,,,,,,,959.6,,5.8,,679,768.5,149.3,0,0,0,0,,,,
KLO,2009,3,24,13,6.1,,,,,,,,960,,6.6,,635,644.9,189.3,0,0,0,0,,,,
KLO,2009,3,24,14,6.1,,,,,,,,960.3,,6.5,,420,184.6,300.5,0,0,0,0,,,,
KLO,2009,3,24,15,5.9,,,,,,,,960.6,,5.8,,316,98.7,260.7,0,0,0,0,,,,
KLO,2009,3,24,16,3.4,,,,,,,,961.4,,5.3,,100,3.4,98.5,0,0,0,0,,,,
KLO,2009,3,24,17,3,,,,,,,,961.6,,4.5,,28,0.6,27.8,0,0,0,0,,,,
KLO,2009,3,24,18,2.6,,,,,,,,962.2,,4.8,,0,0,0,0,0,0,0,,,,
KLO,2009,3,24,19,2.6,,,,,,,,962.6,,4.8,,0,0,0,0,0,0,0,,,,
KLO,2009,3,24,20,2.3,,,,,,,,962.8,,3.9,,0,0,0,0,0,0,0,,,,
KLO,2009,3,24,21,1.8,,,,,,,,962.9,,3,,0,0,0,0,0,0,0,,,,
KLO,2009,3,24,22,2,,,,,,,,963,,3.4,,0,0,0,0,0,0,0,,,,
KLO,2009,3,24,23,2,,,,,,,,962.9,,3.5,,0,0,0,0,0,0,0,,,,
KLO,2009,3,25,0,2,,,,,,,,963.1,,3.5,,0,0,0,0,0,0,0,,,,
KLO,2009,3,25,1,1.8,,,,,,,,963,,2.5,,0,0,0,0,0,0,0,,,,
KLO,2009,3,25,2,1.7,,,,,,,,962.7,,1.6,,0,0,0,0,0,0,0,,,,
KLO,2009,3,25,3,2.1,,,,,,,,962.6,,2.5,,0,0,0,0,0,0,0,,,,
KLO,2009,3,25,4,1.9,,,,,,,,962.6,,2.8,,0,0,0,0,0,0,0,,,,
KLO,2009,3,25,5,1.5,,,,,,,,962.1,,2.6,,3,0,0,0,0,0,0,,,,
KLO,2009,3,25,6,2,,,,,,,,961.5,,1.7,,40,0,0,0,0,0,0,,,,
KLO,2009,3,25,7,2.8,,,,,,,,960.8,,4.1,,68,154.9,51.1,0,0,0,0,,,,
KLO,2009,3,25,8,3.1,,,,,,,,960.1,,6,,84,6,82.3,0,0,0,0,,,,
KLO,2009,3,25,9,1.7,,,,,,,,959.9,,6.1,,63,1.4,62.4,0,0,0,0,,,,
KLO,2009,3,25,10,1.3,,,,,,,,959.1,,3.5,,119,3,117.3,0,0,0,0,,,,
KLO,2009,3,25,11,2.3,,,,,,,,957.9,,4.4,,196,6.1,192.1,0,0,0,0,,,,
KLO,2009,3,25,12,4.4,,,,,,,,956.5,,7.3,,403,113.2,324.4,0,0,0,0,,,,
KLO,2009,3,25,13,4.5,,,,,,,,955.4,,7.2,,215,6.4,210.5,0,0,0,0,,,,
KLO,2009,3,25,14,4,,,,,,,,954.9,,8.5,,125,2.4,123.4,0,0,0,0,,,,
KLO,2009,3,25,15,3.7,,,,,,,,954.5,,9.7,,106,2.3,104.7,0,0,0,0,,,,
KLO,2009,3,25,16,3.3,,,,,,,,954.7,,8.8,,43,0.6,42.7,0,0,0,0,,,,
KLO,2009,3,25,17,2.7,,,,,,,,954.9,,8.3,,4,0,4,0,0,0,0,,,,
KLO,2009,3,25,18,2.8,,,,,,,,955,,7.5,,0,0,0,0,0,0,0,,,,
KLO,2009,3,25,19,2.8,,,,,,,,955.6,,6.5,,0,0,0,0,0,0,0,,,,
KLO,2009,3,25,20,2.2,,,,,,,,955.8,,4.8,,0,0,0,0,0,0,0,,,,
KLO,2009,3,25,21,3.2,,,,,,,,955.5,,4.9,,0,0,0,0,0,0,0,,,,
KLO,2009,3,25,22,3.4,,,,,,,,955.4,,5.6,,0,0,0,0,0,0,0,,,,
KLO,2009,3,25,23,1.5,,,,,,,,956.7,,3.8,,0,0,0,0,0,0,0,,,,
KLO,2009,3,26,0,2.1,,,,,,,,957.9,,3.7,,0,0,0,0,0,0,0,,,,
KLO,2009,3,26,1,2.1,,,,,,,,958.9,,3.2,,0,0,0,0,0,0,0,,,,
KLO,2009,3,26,2,2,,,,,,,,959.5,,2.5,,0,0,0,0,0,0,0,,,,
KLO,2009,3,26,3,2.6,,,,,,,,959.9,,3.2,,0,0,0,0,0,0,0,,,,
KLO,2009,3,26,4,2.7,,,,,,,,960.6,,2.7,,0,0,0,0,0,0,0,,,,
KLO,2009,3,26,5,2.5,,,,,,,,961.1,,1.8,,4,0,0,0,0,0,0,,,,
KLO,2009,3,26,6,2.8,,,,,,,,961.5,,1.7,,42,0,0,0,0,0,0,,,,
KLO,2009,3,26,7,3.6,,,,,,,,962.1,,1.6,,92,417.6,44,0,0,0,0,,,,
KLO,2009,3,26,8,5.3,,,,,,,,962.6,,3.2,,271,710.8,68.8,0,0,0,0,,,,
KLO,2009,3,26,9,5.9,,,,,,,,963.1,,5.6,,272,154,204.6,0,0,0,0,,,,
KLO,2009,3,26,10,7.2,,,,,,,,963.1,,5.2,,472,489.1,196.6,0,0,0,0,,,,
KLO,2009,3,26,11,8.1,,,,,,,,962.5,,5.5,,263,19,250.6,0,0,0,0,,,,
KLO,2009,3,26,12,8.4,,,,,,,,962.1,,6.6,,369,72.7,318.2,0,0,0,0,,,,
KLO,2009,3,26,13,9.8,,,,,,,,961.5,,6.9,,677,736,161.3,0,0,0,0,,,,
KLO,2009,3,26,14,9.7,,,,,,,,960.9,,5.6,,382,114.9,306.6,0,0,0,0,,,,
KLO,2009,3,26,15,8.9,,,,,,,,960.4,,5.1,,131,3.5,129,0,0,0,0,,,,
KLO,2009,3,26,16,8.8,,,,,,,,959.6,,3.9,,71,1.7,70.3,0,0,0,0,,,,
KLO,2009,3,26,17,8.7,,,,,,,,959.2,,5.1,,15,0.2,14.9,0,0,0,0,,,,
KLO,2009,3,26,18,7.7,,,,,,,,959.3,,5.1,,0,0,0,0,0,0,0,,,,
KLO,2009,3,26,19,7.3,,,,,,,,959.2,,4.2,,0,0,0,0,0,0,0,,,,
KLO,2009,3,26,20,6.7,,,,,,,,959.5,,3.8,,0,0,0,0,0,0,0,,,,
KLO,2009,3,26,21,5.8,,,,,,,,959.7,,1.9,,0,0,0,0,0,0,0,,,,
KLO,2009,3,26,22,6.3,,,,,,,,959.5,,2.7,,0,0,0,0,0,0,0,,,,
KLO,2009,3,26,23,6.3,,,,,,,,959.2,,2.5,,0,0,0,0,0,0,0,,,,
KLO,2009,3,27,0,6.2,,,,,,,,958.8,,1.7,,0,0,0,0,0,0,0,,,,
KLO,2009,3,27,1,5.4,,,,,,,,958.1,,2.4,,0,0,0,0,0,0,0,,,,
KLO,2009,3,27,2,5.7,,,,,,,,957.6,,0.8,,0,0,0,0,0,0,0,,,,
KLO,2009,3,27,3,5.5,,,,,,,,957.2,,1,,0,0,0,0,0,0,0,,,,
KLO,2009,3,27,4,6.2,,,,,,,,956.8,,4,,0,0,0,0,0,0,0,,,,
KLO,2009,3,27,5,6.7,,,,,,,,956.7,,6,,1,0,0,0,0,0,0,,,,
KLO,2009,3,27,6,6.7,,,,,,,,956.7,,5.5,,25,0,0,0,0,0,0,,,,
KLO,2009,3,27,7,7.3,,,,,,,,956.9,,5.3,,75,153.5,56.5,0,0,0,0,,,,
KLO,2009,3,27,8,8,,,,,,,,956.8,,5.7,,172,124.9,135.7,0,0,0,0,,,,
KLO,2009,3,27,9,9.5,,,,,,,,956.6,,7.2,,320,286.4,193.1,0,0,0,0,,,,
KLO,2009,3,27,10,9.7,,,,,,,,956.4,,6.3,,314,90.4,262.6,0,0,0,0,,,,
KLO,2009,3,27,11,9.6,,,,,,,,956.1,,3.5,,357,83.4,302.1,0,0,0,0,,,,
KLO,2009,3,27,12,10.2,,,,,,,,955.6,,3.3,,401,104.2,327.6,0,0,0,0,,,,
KLO,2009,3,27,13,11.4,,,,,,,,955.1,,4.5,,518,305.7,302.3,0,0,0,0,,,,
KLO,2009,3,27,14,12.7,,,,,,,,954.4,,5.6,,505,354.8,270.5,0,0,0,0,,,,
KLO,2009,3,27,15,10.5,,,,,,,,954.4,,5.6,,253,29.9,235.8,0,0,0,0,,,,
KLO,2009,3,27,16,9.6,,,,,,,,954.5,,5.2,,241,78,205.9,0,0,0,0,,,,
KLO,2009,3,27,17,8.3,,,,,,,,954.7,,4.3,,53,2.1,52.4,0,0,0,0,,,,
KLO,2009,3,27,18,7.8,,,,,,,,954.6,,2,,0,0,0,0,0,0,0,,,,
KLO,2009,3,27,19,7.7,,,,,,,,954.9,,1.3,,0,0,0,0,0,0,0,,,,
KLO,2009,3,27,20,7.5,,,,,,,,954.6,,1.3,,0,0,0,0,0,0,0,,,,
KLO,2009,3,27,21,7.4,,,,,,,,954.6,,1,,0,0,0,0,0,0,0,,,,
KLO,2009,3,27,22,7.2,,,,,,,,954.3,,1.2,,0,0,0,0,0,0,0,,,,
KLO,2009,3,27,23,6.7,,,,,,,,953.7,,1.8,,0,0,0,0,0,0,0,,,,
KLO,2009,3,28,0,6.2,,,,,,,,952.8,,1.9,,0,0,0,0,0,0,0,,,,
KLO,2009,3,28,1,5.6,,,,,,,,951.9,,1.8,,0,0,0,0,0,0,0,,,,
KLO,2009,3,28,2,5,,,,,,,,951.1,,2,,0,0,0,0,0,0,0,,,,
KLO,2009,3,28,3,5,,,,,,,,950.5,,2.6,,0,0,0,0,0,0,0,,,,
KLO,2009,3,28,4,5.3,,,,,,,,949.9,,1.4,,0,0,0,0,0,0,0,,,,
KLO,2009,3,28,5,4.9,,,,,,,,949.6,,1.3,,4,0,0,0,0,0,0,,,,
KLO,2009,3,28,6,4.8,,,,,,,,949.3,,1.6,,30,0,0,0,0,0,0,,,,
KLO,2009,3,28,7,5.8,,,,,,,,949.2,,1.4,,115,627.4,35.6,0,0,0,0,,,,
KLO,2009,3,28,8,6.8,,,,,,,,949.5,,1.3,,102,9.3,99.3,0,0,0,0,,,,
KLO,2009,3,28,9,7.2,,,,,,,,949.9,,1.7,,115,4.3,113.1,0,0,0,0,,,,
KLO,2009,3,28,10,7.4,,,,,,,,950.5,,0.8,,73,1.1,72.4,0,0,0,0,,,,
KLO,2009,3,28,11,7.4,,,,,,,,951.3,,1.8,,56,0.5,55.7,0,0,0,0,,,,
KLO,2009,3,28,12,7,,,,,,,,952.1,,3.8,,56,0.4,55.7,0,0,0,0,,,,
KLO,2009,3,28,13,6.9,,,,,,,,952.6,,3.4,,80,0.8,79.4,0,0,0,0,,,,
KLO,2009,3,28,14,6.6,,,,,,,,953.3,,1.8,,56,0.5,55.7,0,0,0,0,,,,
KLO,2009,3,28,15,5.2,,,,,,,,954.2,,4.5,,41,0.3,40.8,0,0,0,0,,,,
KLO,2009,3,28,16,5,,,,,,,,954.9,,2,,30,0.3,29.9,0,0,0,0,,,,
KLO,2009,3,28,17,4.9,,,,,,,,955.4,,2.4,,8,0,8,0,0,0,0,,,,
KLO,2009,3,28,18,4.4,,,,,,,,955.9,,2.6,,0,0,0,0,0,0,0,,,,
KLO,2009,3,28,19,4.3,,,,,,,,956.3,,2.6,,0,0,0,0,0,0,0,,,,
KLO,2009,3,28,20,4.2,,,,,,,,957,,1.6,,0,0,0,0,0,0,0,,,,
KLO,2009,3,28,21,4.1,,,,,,,,957.3,,2.2,,0,0,0,0,0,0,0,,,,
KLO,2009,3,28,22,3.8,,,,,,,,957.4,,1.5,,0,0,0,0,0,0,0,,,,
KLO,2009,3,28,23,3.5,,,,,,,,957.7,,1.5,,0,0,0,0,0,0,0,,,,
KLO,2009,3,29,0,3.3,,,,,,,,957.6,,1,,0,0,0,0,0,0,0,,,,
KLO,2009,3,29,1,3.1,,,,,,,,957.3,,0.3,,0,0,0,0,0,0,0,,,,
KLO,2009,3,29,2,3,,,,,,,,957.3,,0.2,,0,0,0,0,0,0,0,,,,
KLO,2009,3,29,3,3,,,,,,,,957.3,,0.5,,0,0,0,0,0,0,0,,,,
KLO,2009,3,29,4,2.8,,,,,,,,957.3,,0.7,,0,0,0,0,0,0,0,,,,
KLO,2009,3,29,5,2.9,,,,,,,,957.3,,0.3,,4,0,0,0,0,0,0,,,,
KLO,2009,3,29,6,3.2,,,,,,,,957.7,,0.6,,41,0,0,0,0,0,0,,,,
KLO,2009,3,29,7,3.6,,,,,,,,957.8,,0.5,,111,0,0,0,0,0,0,,,,
KLO,2009,3,29,8,4.5,,,,,,,,957.6,,1.1,,214,1349.9,35.3,0,0,0,0,,,,
KLO,2009,3,29,9,5.3,,,,,,,,957.7,,1.9,,276,640.5,82.7,0,0,0,0,,,,
KLO,2009,3,29,10,6.1,,,,,,,,957.6,,1.8,,300,200.5,208.9,0,0,0,0,,,,
KLO,2009,3,29,11,6.9,,,,,,,,957.5,,1.9,,295,61.7,259.3,0,0,0,0,,,,
KLO,2009,3,29,12,7.4,,,,,,,,957.1,,2.7,,334,56.4,296.3,0,0,0,0,,,,
KLO,2009,3,29,13,7.5,,,,,,,,957.1,,3.7,,265,12.8,255.8,0,0,0,0,,,,
KLO,2009,3,29,14,7.1,,,,,,,,957.2,,3.4,,132,2.2,130.4,0,0,0,0,,,,
KLO,2009,3,29,15,5.5,,,,,,,,957.6,,3.8,,42,0.3,41.8,0,0,0,0,,,,
KLO,2009,3,29,16,6,,,,,,,,957.9,,2.5,,40,0.3,39.8,0,0,0,0,,,,
KLO,2009,3,29,17,5.6,,,,,,,,958.4,,3.6,,9,0,9,0,0,0,0,,,,
KLO,2009,3,29,18,5,,,,,,,,959,,2.1,,0,0,0,0,0,0,0,,,,
KLO,2009,3,29,19,4.9,,,,,,,,959.8,,1,,0,0,0,0,0,0,0,,,,
KLO,2009,3,29,20,4.6,,,,,,,,960.2,,1.7,,0,0,0,0,0,0,0,,,,
KLO,2009,3,29,21,4.3,,,,,,,,960.7,,1.5,,0,0,0,0,0,0,0,,,,
KLO,2009,3,29,22,4.3,,,,,,,,961.2,,2,,0,0,0,0,0,0,0,,,,
KLO,2009,3,29,23,4.3,,,,,,,,961.5,,2,,0,0,0,0,0,0,0,,,,
KLO,2009,3,30,0,4.2,,,,,,,,961.8,,1.6,,0,0,0,0,0,0,0,,,,
KLO,2009,3,30,1,4,,,,,,,,962,,1.4,,0,0,0,0,0,0,0,,,,
KLO,2009,3,30,2,4.1,,,,,,,,962.1,,2.3,,0,0,0,0,0,0,0,,,,
KLO,2009,3,30,3,4.1,,,,,,,,962.4,,2.3,,0,0,0,0,0,0,0,,,,
KLO,2009,3,30,4,3.8,,,,,,,,962.7,,2.8,,0,0,0,0,0,0,0,,,,
KLO,2009,3,30,5,4,,,,,,,,963.2,,3.1,,2,0,0,0,0,0,0,,,,
KLO,2009,3,30,6,4.3,,,,,,,,963.9,,2.9,,49,0,0,0,0,0,0,,,,
KLO,2009,3,30,7,4.9,,,,,,,,964.5,,3.3,,135,0,0,0,0,0,0,,,,
KLO,2009,3,30,8,5.3,,,,,,,,964.8,,3.3,,164,991.4,27.1,0,0,0,0,,,,
KLO,2009,3,30,9,6.1,,,,,,,,965.4,,4.7,,221,283.2,134,0,0,0,0,,,,
KLO,2009,3,30,10,7,,,,,,,,965.6,,5.5,,440,721.2,108.3,0,0,0,0,,,,
KLO,2009,3,30,11,8,,,,,,,,965.6,,6.5,,434,320.3,246.7,0,0,0,0,,,,
KLO,2009,3,30,12,7.2,,,,,,,,965.7,,6.4,,134,2.6,132.2,0,0,0,0,,,,
KLO,2009,3,30,13,7,,,,,,,,965.9,,6.8,,97,1.2,96.1,0,0,0,0,,,,
KLO,2009,3,30,14,6.7,,,,,,,,966.3,,5.7,,51,0.3,50.8,0,0,0,0,,,,
KLO,2009,3,30,15,7,,,,,,,,966.5,,5.7,,79,0.9,78.4,0,0,0,0,,,,
KLO,2009,3,30,16,7.1,,,,,,,,966.8,,3.7,,32,0.2,31.9,0,0,0,0,,,,
KLO,2009,3,30,17,7.2,,,,,,,,967,,3.7,,11,0,11,0,0,0,0,,,,
KLO,2009,3,30,18,7.2,,,,,,,,967.5,,4.7,,0,0,0,0,0,0,0,,,,
KLO,2009,3,30,19,7.1,,,,,,,,968.3,,4.8,,0,0,0,0,0,0,0,,,,
KLO,2009,3,30,20,6.9,,,,,,,,968.7,,4.5,,0,0,0,0,0,0,0,,,,
KLO,2009,3,30,21,6.8,,,,,,,,968.9,,4.4,,0,0,0,0,0,0,0,,,,
KLO,2009,3,30,22,6.7,,,,,,,,968.8,,4.4,,0,0,0,0,0,0,0,,,,
KLO,2009,3,30,23,6.4,,,,,,,,968.7,,2.5,,0,0,0,0,0,0,0,,,,
KLO,2009,3,31,0,4.9,,,,,,,,968.6,,1.9,,0,0,0,0,0,0,0,,,,
KLO,2009,3,31,1,3.1,,,,,,,,968.3,,1.9,,0,0,0,0,0,0,0,,,,
KLO,2009,3,31,2,2.8,,,,,,,,968.2,,2.8,,0,0,0,0,0,0,0,,,,
KLO,2009,3,31,3,3.6,,,,,,,,968.4,,2.2,,0,0,0,0,0,0,0,,,,
KLO,2009,3,31,4,3.9,,,,,,,,968.7,,2.3,,0,0,0,0,0,0,0,,,,
KLO,2009,3,31,5,3.9,,,,,,,,969,,2.4,,1,0,0,0,0,0,0,,,,
KLO,2009,3,31,6,4.1,,,,,,,,969.1,,2.8,,15,0,0,0,0,0,0,,,,
KLO,2009,3,31,7,4.3,,,,,,,,969.3,,3.3,,44,0,0,0,0,0,0,,,,
KLO,2009,3,31,8,4.7,,,,,,,,969.1,,3.3,,70,49.5,62.9,0,0,0,0,,,,
KLO,2009,3,31,9,5.2,,,,,,,,969.2,,3.5,,114,11.8,110.3,0,0,0,0,,,,
KLO,2009,3,31,10,6.2,,,,,,,,969,,3.4,,193,22.2,182.7,0,0,0,0,,,,
KLO,2009,3,31,11,7,,,,,,,,968.7,,4.2,,187,6.9,182.9,0,0,0,0,,,,
KLO,2009,3,31,12,7.6,,,,,,,,968.3,,4,,197,5.6,193.2,0,0,0,0,,,,
KLO,2009,3,31,13,8.7,,,,,,,,967.7,,5,,230,7,224.9,0,0,0,0,,,,
KLO,2009,3,31,14,8.8,,,,,,,,967.3,,5,,150,2.8,148,0,0,0,0,,,,
KLO,2009,3,31,15,8.6,,,,,,,,966.9,,5.2,,78,0.9,77.4,0,0,0,0,,,,
KLO,2009,3,31,16,8.6,,,,,,,,966.7,,4.6,,36,0.2,35.9,0,0,0,0,,,,
KLO,2009,3,31,17,8.5,,,,,,,,966.4,,5.1,,17,0.1,17,0,0,0,0,,,,
KLO,2009,3,31,18,8.3,,,,,,,,966.3,,5.4,,0,0,0,0,0,0,0,,,,
KLO,2009,3,31,19,8,,,,,,,,966.1,,4.7,,0,0,0,0,0,0,0,,,,
KLO,2009,3,31,20,7.8,,,,,,,,965.7,,5.4,,0,0,0,0,0,0,0,,,,
KLO,2009,3,31,21,7.7,,,,,,,,965.2,,4.7,,0,0,0,0,0,0,0,,,,
KLO,2009,3,31,22,7.6,,,,,,,,964.5,,4.2,,0,0,0,0,0,0,0,,,,
KLO,2009,3,31,23,7.2,,,,,,,,964,,3.9,,0,0,0,0,0,0,0,,,,
KLO,2009,4,1,0,6.8,,,,,,,,963.6,,2.8,,0,0,0,0,0,0,0,,,,
KLO,2009,4,1,1,6.4,,,,,,,,963,,3.5,,0,0,0,0,0,0,0,,,,
KLO,2009,4,1,2,6.2,,,,,,,,962.6,,3.4,,0,0,0,0,0,0,0,,,,
KLO,2009,4,1,3,6,,,,,,,,962.3,,2.9,,0,0,0,0,0,0,0,,,,
KLO,2009,4,1,4,5.7,,,,,,,,962.2,,2.9,,0,0,0,0,0,0,0,,,,
KLO,2009,4,1,5,5.7,,,,,,,,962.1,,3.8,,12,0,0,0,0,0,0,,,,
KLO,2009,4,1,6,6,,,,,,,,962.2,,4,,70,0,0,0,0,0,0,,,,
KLO,2009,4,1,7,6.2,,,,,,,,962.6,,5.4,,111,0,0,0,0,0,0,,,,
KLO,2009,4,1,8,6.7,,,,,,,,963,,5.5,,270,1507.3,44.6,0,0,0,0,,,,
KLO,2009,4,1,9,6.9,,,,,,,,963.4,,5.2,,244,360.5,129.1,0,0,0,0,,,,
KLO,2009,4,1,10,7.2,,,,,,,,963.8,,4.5,,193,21,183.1,0,0,0,0,,,,
KLO,2009,4,1,11,7.4,,,,,,,,964.1,,4.4,,210,10.3,203.9,0,0,0,0,,,,
KLO,2009,4,1,12,7.6,,,,,,,,964.2,,4,,166,3.9,163.3,0,0,0,0,,,,
KLO,2009,4,1,13,7.9,,,,,,,,964.2,,4,,171,3.6,168.4,0,0,0,0,,,,
KLO,2009,4,1,14,8.1,,,,,,,,964.3,,4.6,,121,1.8,119.7,0,0,0,0,,,,
KLO,2009,4,1,15,8.2,,,,,,,,964.1,,4.4,,111,1.7,109.8,0,0,0,0,,,,
KLO,2009,4,1,16,8.1,,,,,,,,964.2,,4.8,,52,0.5,51.7,0,0,0,0,,,,
KLO,2009,4,1,17,8,,,,,,,,964.3,,3,,11,0,11,0,0,0,0,,,,
KLO,2009,4,1,18,8,,,,,,,,964.4,,2.4,,0,0,0,0,0,0,0,,,,
KLO,2009,4,1,19,7.8,,,,,,,,964.4,,1.8,,0,0,0,0,0,0,0,,,,
KLO,2009,4,1,20,6.6,,,,,,,,964.1,,2,,0,0,0,0,0,0,0,,,,
KLO,2009,4,1,21,5.4,,,,,,,,963.6,,1.1,,0,0,0,0,0,0,0,,,,
KLO,2009,4,1,22,5.2,,,,,,,,963.4,,0.5,,0,0,0,0,0,0,0,,,,
KLO,2009,4,1,23,6.5,,,,,,,,963,,1,,0,0,0,0,0,0,0,,,,
KLO,2009,4,2,0,6.4,,,,,,,,962.8,,0.6,,0,0,0,0,0,0,0,,,,
KLO,2009,4,2,1,7,,,,,,,,962.6,,0.4,,0,0,0,0,0,0,0,,,,
KLO,2009,4,2,2,7.8,,,,,,,,962.4,,1.6,,0,0,0,0,0,0,0,,,,
KLO,2009,4,2,3,7.9,,,,,,,,962.1,,1.1,,0,0,0,0,0,0,0,,,,
KLO,2009,4,2,4,8,,,,,,,,962.2,,1.2,,0,0,0,0,0,0,0,,,,
KLO,2009,4,2,5,8.2,,,,,,,,962.5,,1.6,,4,0,0,0,0,0,0,,,,
KLO,2009,4,2,6,8.9,,,,,,,,962.4,,3,,35,0,0,0,0,0,0,,,,
KLO,2009,4,2,7,9.2,,,,,,,,962.7,,3.5,,53,0,0,0,0,0,0,,,,
KLO,2009,4,2,8,9.6,,,,,,,,963,,3.5,,129,479.8,54.5,0,0,0,0,,,,
KLO,2009,4,2,9,10.4,,,,,,,,963.2,,4.6,,250,370.3,129.9,0,0,0,0,,,,
KLO,2009,4,2,10,11.5,,,,,,,,963,,5.2,,401,501.5,162.2,0,0,0,0,,,,
KLO,2009,4,2,11,13,,,,,,,,962.7,,5.4,,611,826.8,114.8,0,0,0,0,,,,
KLO,2009,4,2,12,14.9,,,,,,,,962.5,,4.8,,591,534.6,223.3,0,0,0,0,,,,
KLO,2009,4,2,13,15.9,,,,,,,,962.2,,4,,568,377,291.7,0,0,0,0,,,,
KLO,2009,4,2,14,16.7,,,,,,,,962.2,,3.9,,508,246.6,327.3,0,0,0,0,,,,
KLO,2009,4,2,15,17,,,,,,,,962,,3,,372,83.5,314.6,0,0,0,0,,,,
KLO,2009,4,2,16,17.1,,,,,,,,962.1,,1.9,,239,18.4,228,0,0,0,0,,,,
KLO,2009,4,2,17,15.9,,,,,,,,962.5,,0.8,,52,0.8,51.6,0,0,0,0,,,,
KLO,2009,4,2,18,13.7,,,,,,,,962.8,,2.8,,1,0,1,0,0,0,0,,,,
KLO,2009,4,2,19,12.6,,,,,,,,963.4,,3,,0,0,0,0,0,0,0,,,,
KLO,2009,4,2,20,11.7,,,,,,,,963.7,,1.9,,0,0,0,0,0,0,0,,,,
KLO,2009,4,2,21,11.4,,,,,,,,963.8,,1.7,,0,0,0,0,0,0,0,,,,
KLO,2009,4,2,22,10.8,,,,,,,,964.3,,1.4,,0,0,0,0,0,0,0,,,,
KLO,2009,4,2,23,10.4,,,,,,,,964.6,,1.8,,0,0,0,0,0,0,0,,,,
KLO,2009,4,3,0,10.1,,,,,,,,964.8,,1.5,,0,0,0,0,0,0,0,,,,
KLO,2009,4,3,1,9.7,,,,,,,,965.1,,1.6,,0,0,0,0,0,0,0,,,,
KLO,2009,4,3,2,8.7,,,,,,,,965.3,,0.8,,0,0,0,0,0,0,0,,,,
KLO,2009,4,3,3,9.2,,,,,,,,965.5,,1.6,,0,0,0,0,0,0,0,,,,
KLO,2009,4,3,4,9.3,,,,,,,,965.8,,0.9,,0,0,0,0,0,0,0,,,,
KLO,2009,4,3,5,8.4,,,,,,,,966.4,,1.7,,8,0,0,0,0,0,0,,,,
KLO,2009,4,3,6,8.5,,,,,,,,967.1,,2.2,,102,0,0,0,0,0,0,,,,
KLO,2009,4,3,7,10.6,,,,,,,,967.6,,2.1,,275,0,0,0,0,0,0,,,,
KLO,2009,4,3,8,12.7,,,,,,,,968,,2.9,,475,2464.8,78.4,0,0,0,0,,,,
KLO,2009,4,3,9,13.2,,,,,,,,968.2,,3,,530,1342,87.5,0,0,0,0,,,,
KLO,2009,4,3,10,14.2,,,,,,,,968.3,,2.8,,631,1094.3,104.1,0,0,0,0,,,,
KLO,2009,4,3,11,15.3,,,,,,,,968.2,,2.6,,640,879.5,107.7,0,0,0,0,,,,
KLO,2009,4,3,12,16.6,,,,,,,,967.9,,3,,737,886.8,122.8,0,0,0,0,,,,
KLO,2009,4,3,13,17.3,,,,,,,,967.7,,3.7,,674,641.9,200.5,0,0,0,0,,,,
KLO,2009,4,3,14,17.4,,,,,,,,967.4,,3.3,,568,370,295.3,0,0,0,0,,,,
KLO,2009,4,3,15,17.5,,,,,,,,967.4,,3,,419,140.2,322.1,0,0,0,0,,,,
KLO,2009,4,3,16,17.2,,,,,,,,967.3,,2.5,,251,22.8,237.3,0,0,0,0,,,,
KLO,2009,4,3,17,16.3,,,,,,,,967.4,,1.9,,83,2,82.1,0,0,0,0,,,,
KLO,2009,4,3,18,14.6,,,,,,,,967.7,,1.8,,3,0,3,0,0,0,0,,,,
KLO,2009,4,3,19,12.8,,,,,,,,968.3,,1.4,,0,0,0,0,0,0,0,,,,
KLO,2009,4,3,20,11,,,,,,,,968.8,,2.1,,0,0,0,0,0,0,0,,,,
KLO,2009,4,3,21,10.6,,,,,,,,969.3,,2,,0,0,0,0,0,0,0,,,,
KLO,2009,4,3,22,8.9,,,,,,,,969.5,,1.6,,0,0,0,0,0,0,0,,,,
KLO,2009,4,3,23,7.8,,,,,,,,969.5,,2.1,,0,0,0,0,0,0,0,,,,
KLO,2009,4,4,0,7,,,,,,,,969.5,,0.8,,0,0,0,0,0,0,0,,,,
KLO,2009,4,4,1,6.4,,,,,,,,969.3,,0.7,,0,0,0,0,0,0,0,,,,
KLO,2009,4,4,2,6,,,,,,,,969.4,,1.8,,0,0,0,0,0,0,0,,,,
KLO,2009,4,4,3,6.5,,,,,,,,969.6,,2.1,,0,0,0,0,0,0,0,,,,
KLO,2009,4,4,4,6.2,,,,,,,,969.5,,0.7,,0,0,0,0,0,0,0,,,,
KLO,2009,4,4,5,6.2,,,,,,,,969.6,,1.8,,4,0,0,0,0,0,0,,,,
KLO,2009,4,4,6,7.1,,,,,,,,969.9,,0.8,,32,0,0,0,0,0,0,,,,
KLO,2009,4,4,7,7.8,,,,,,,,970.1,,1,,55,0,0,0,0,0,0,,,,
KLO,2009,4,4,8,9.3,,,,,,,,970.4,,0.7,,197,987.7,32.5,0,0,0,0,,,,
KLO,2009,4,4,9,10.6,,,,,,,,970.6,,0.6,,333,788.4,68.7,0,0,0,0,,,,
KLO,2009,4,4,10,12.4,,,,,,,,970.4,,1.2,,525,901,86.4,0,0,0,0,,,,
KLO,2009,4,4,11,14,,,,,,,,970,,1.3,,607,790.6,124.5,0,0,0,0,,,,
KLO,2009,4,4,12,15.4,,,,,,,,969.6,,1,,421,137.9,324.8,0,0,0,0,,,,
KLO,2009,4,4,13,16.3,,,,,,,,969.3,,1.1,,481,187.6,341.8,0,0,0,0,,,,
KLO,2009,4,4,14,16.7,,,,,,,,969.1,,1.1,,353,44.9,319.7,0,0,0,0,,,,
KLO,2009,4,4,15,16.8,,,,,,,,968.9,,0.8,,292,23.9,275.4,0,0,0,0,,,,
KLO,2009,4,4,16,16,,,,,,,,968.9,,3,,148,3.9,145.6,0,0,0,0,,,,
KLO,2009,4,4,17,14.3,,,,,,,,969.1,,2.8,,39,0.4,38.8,0,0,0,0,,,,
KLO,2009,4,4,18,11.1,,,,,,,,969.7,,2.1,,2,0,2,0,0,0,0,,,,
KLO,2009,4,4,19,9.9,,,,,,,,970.4,,1.3,,0,0,0,0,0,0,0,,,,
KLO,2009,4,4,20,9.4,,,,,,,,970.9,,0.3,,0,0,0,0,0,0,0,,,,
KLO,2009,4,4,21,8.4,,,,,,,,971.1,,1.4,,0,0,0,0,0,0,0,,,,
KLO,2009,4,4,22,8.3,,,,,,,,971.1,,0.6,,0,0,0,0,0,0,0,,,,
KLO,2009,4,4,23,7.9,,,,,,,,971.2,,0.5,,0,0,0,0,0,0,0,,,,
KLO,2009,4,5,0,6.5,,,,,,,,971.1,,0.8,,0,0,0,0,0,0,0,,,,
KLO,2009,4,5,1,6.4,,,,,,,,971.1,,1.3,,0,0,0,0,0,0,0,,,,
KLO,2009,4,5,2,7,,,,,,,,971.1,,1.9,,0,0,0,0,0,0,0,,,,
KLO,2009,4,5,3,6.9,,,,,,,,971,,0.7,,0,0,0,0,0,0,0,,,,
KLO,2009,4,5,4,7.1,,,,,,,,971.1,,0.5,,0,0,0,0,0,0,0,,,,
KLO,2009,4,5,5,7,,,,,,,,971.3,,0.7,,19,0,0,0,0,0,0,,,,
KLO,2009,4,5,6,8.3,,,,,,,,971.4,,0.8,,113,0,0,0,0,0,0,,,,
KLO,2009,4,5,7,9.5,,,,,,,,971.4,,0.2,,223,0,0,0,0,0,0,,,,
KLO,2009,4,5,8,11.7,,,,,,,,971.4,,1.3,,460,2231.4,75.9,0,0,0,0,,,,
KLO,2009,4,5,9,13.6,,,,,,,,971.2,,1.9,,588,1441.1,97,0,0,0,0,,,,
KLO,2009,4,5,10,15.4,,,,,,,,970.9,,2.7,,673,1142.2,111,0,0,0,0,,,,
KLO,2009,4,5,11,16.4,,,,,,,,970.3,,2.6,,703,954,116,0,0,0,0,,,,
KLO,2009,4,5,12,17.2,,,,,,,,969.8,,3.1,,627,602.6,203.9,0,0,0,0,,,,
KLO,2009,4,5,13,18.2,,,,,,,,969.1,,3.4,,694,673.6,191.1,0,0,0,0,,,,
KLO,2009,4,5,14,18.3,,,,,,,,968.5,,3.6,,554,324.3,312.2,0,0,0,0,,,,
KLO,2009,4,5,15,18.4,,,,,,,,968,,3.1,,420,135,325.6,0,0,0,0,,,,
KLO,2009,4,5,16,17.1,,,,,,,,967.8,,4.9,,245,19,233.4,0,0,0,0,,,,
KLO,2009,4,5,17,15.6,,,,,,,,967.8,,3.7,,75,1.6,74.2,0,0,0,0,,,,
KLO,2009,4,5,18,14.2,,,,,,,,967.8,,2.1,,3,0,3,0,0,0,0,,,,
KLO,2009,4,5,19,11.2,,,,,,,,968.3,,2.1,,0,0,0,0,0,0,0,,,,
KLO,2009,4,5,20,9.7,,,,,,,,968.4,,3.1,,0,0,0,0,0,0,0,,,,
KLO,2009,4,5,21,9,,,,,,,,968.3,,2.4,,0,0,0,0,0,0,0,,,,
KLO,2009,4,5,22,8.8,,,,,,,,968.1,,1.9,,0,0,0,0,0,0,0,,,,
KLO,2009,4,5,23,7.6,,,,,,,,967.9,,1.2,,0,0,0,0,0,0,0,,,,
KLO,2009,4,6,0,7,,,,,,,,967.6,,1.4,,0,0,0,0,0,0,0,,,,
KLO,2009,4,6,1,5.9,,,,,,,,967.3,,0.4,,0,0,0,0,0,0,0,,,,
KLO,2009,4,6,2,5.5,,,,,,,,967,,0.5,,0,0,0,0,0,0,0,,,,
KLO,2009,4,6,3,5.2,,,,,,,,967,,0.6,,0,0,0,0,0,0,0,,,,
KLO,2009,4,6,4,4.4,,,,,,,,966.9,,0.7,,0,0,0,0,0,0,0,,,,
KLO,2009,4,6,5,4.7,,,,,,,,967,,0,,18,0,0,0,0,0,0,,,,
KLO,2009,4,6,6,6.4,,,,,,,,967.3,,0.6,,130,0,0,0,0,0,0,,,,
KLO,2009,4,6,7,9.4,,,,,,,,967.2,,0.8,,307,0,0,0,0,0,0,,,,
KLO,2009,4,6,8,11.7,,,,,,,,967,,1.1,,452,2124.1,74.6,0,0,0,0,,,,
KLO,2009,4,6,9,13.4,,,,,,,,966.8,,0.5,,603,1454.7,99.5,0,0,0,0,,,,
KLO,2009,4,6,10,15.3,,,,,,,,966.1,,0.8,,697,1170.6,115,0,0,0,0,,,,
KLO,2009,4,6,11,16.8,,,,,,,,965.3,,0.9,,748,1007,123.4,0,0,0,0,,,,
KLO,2009,4,6,12,18.1,,,,,,,,964.4,,0.9,,748,880.9,125.3,0,0,0,0,,,,
KLO,2009,4,6,13,19.4,,,,,,,,963.6,,1.2,,689,650.9,200.1,0,0,0,0,,,,
KLO,2009,4,6,14,19.8,,,,,,,,962.9,,0.9,,590,400.4,289.7,0,0,0,0,,,,
KLO,2009,4,6,15,19.8,,,,,,,,962.1,,1.3,,434,152.4,326.8,0,0,0,0,,,,
KLO,2009,4,6,16,19.8,,,,,,,,961.7,,1.2,,275,32.9,254.7,0,0,0,0,,,,
KLO,2009,4,6,17,18.9,,,,,,,,961.6,,0.7,,95,2.5,93.8,0,0,0,0,,,,
KLO,2009,4,6,18,16.4,,,,,,,,961.7,,0.8,,4,0,4,0,0,0,0,,,,
KLO,2009,4,6,19,13.6,,,,,,,,962,,1.3,,0,0,0,0,0,0,0,,,,
KLO,2009,4,6,20,12,,,,,,,,962.1,,0.7,,0,0,0,0,0,0,0,,,,
KLO,2009,4,6,21,11.5,,,,,,,,961.9,,1.7,,0,0,0,0,0,0,0,,,,
KLO,2009,4,6,22,10.6,,,,,,,,961.9,,1.7,,0,0,0,0,0,0,0,,,,
KLO,2009,4,6,23,7.9,,,,,,,,961.9,,1,,0,0,0,0,0,0,0,,,,
KLO,2009,4,7,0,6.9,,,,,,,,961.8,,0.6,,0,0,0,0,0,0,0,,,,
KLO,2009,4,7,1,6.4,,,,,,,,961.6,,0.1,,0,0,0,0,0,0,0,,,,
KLO,2009,4,7,2,6,,,,,,,,961.6,,0.2,,0,0,0,0,0,0,0,,,,
KLO,2009,4,7,3,5.2,,,,,,,,961.5,,1,,0,0,0,0,0,0,0,,,,
KLO,2009,4,7,4,5,,,,,,,,961.6,,0.8,,0,0,0,0,0,0,0,,,,
KLO,2009,4,7,5,5,,,,,,,,961.6,,0.8,,23,0,0,0,0,0,0,,,,
KLO,2009,4,7,6,8.1,,,,,,,,961.8,,0.3,,154,0,0,0,0,0,0,,,,
KLO,2009,4,7,7,10.9,,,,,,,,961.8,,0.9,,328,0,0,0,0,0,0,,,,
KLO,2009,4,7,8,13.9,,,,,,,,961.8,,0.5,,498,2269.8,82.2,0,0,0,0,,,,
KLO,2009,4,7,9,16.1,,,,,,,,961.6,,0.6,,639,1518.1,105.4,0,0,0,0,,,,
KLO,2009,4,7,10,17.1,,,,,,,,961.3,,0.6,,735,1221.8,121.3,0,0,0,0,,,,
KLO,2009,4,7,11,19.5,,,,,,,,960.9,,0.7,,783,1045.9,129.2,0,0,0,0,,,,
KLO,2009,4,7,12,19.9,,,,,,,,960.7,,1.3,,776,910.7,128,0,0,0,0,,,,
KLO,2009,4,7,13,20.7,,,,,,,,960.3,,1.3,,695,656.6,199,0,0,0,0,,,,
KLO,2009,4,7,14,21,,,,,,,,960.1,,2.1,,624,476.6,264.6,0,0,0,0,,,,
KLO,2009,4,7,15,20.8,,,,,,,,960.1,,2,,449,172.6,326.9,0,0,0,0,,,,
KLO,2009,4,7,16,20.3,,,,,,,,960.2,,1.8,,272,30.3,253.3,0,0,0,0,,,,
KLO,2009,4,7,17,17.5,,,,,,,,960.7,,3.9,,62,1,61.5,0,0,0,0,,,,
KLO,2009,4,7,18,14.2,,,,,,,,961.9,,4.2,,2,0,2,0,0,0,0,,,,
KLO,2009,4,7,19,12.9,,,,,,,,963.2,,3.1,,0,0,0,0,0,0,0,,,,
KLO,2009,4,7,20,12.3,,,,,,,,964.6,,3.5,,0,0,0,0,0,0,0,,,,
KLO,2009,4,7,21,11.2,,,,,,,,965.4,,2.4,,0,0,0,0,0,0,0,,,,
KLO,2009,4,7,22,10.7,,,,,,,,965.7,,2.3,,0,0,0,0,0,0,0,,,,
KLO,2009,4,7,23,10.4,,,,,,,,966,,1,,0,0,0,0,0,0,0,,,,
KLO,2009,4,8,0,9.2,,,,,,,,965.9,,1.2,,0,0,0,0,0,0,0,,,,
KLO,2009,4,8,1,8.5,,,,,,,,965.7,,1.5,,0,0,0,0,0,0,0,,,,
KLO,2009,4,8,2,7.6,,,,,,,,965.6,,1.6,,0,0,0,0,0,0,0,,,,
KLO,2009,4,8,3,6.9,,,,,,,,965.5,,1.9,,0,0,0,0,0,0,0,,,,
KLO,2009,4,8,4,6.3,,,,,,,,965.6,,2.4,,0,0,0,0,0,0,0,,,,
KLO,2009,4,8,5,6.9,,,,,,,,966.1,,1.6,,17,0,0,0,0,0,0,,,,
KLO,2009,4,8,6,8.7,,,,,,,,966.5,,1.8,,106,0,0,0,0,0,0,,,,
KLO,2009,4,8,7,10.8,,,,,,,,966.6,,2.1,,229,0,0,0,0,0,0,,,,
KLO,2009,4,8,8,12.5,,,,,,,,966.6,,2.6,,288,1274.6,47.5,0,0,0,0,,,,
KLO,2009,4,8,9,13.5,,,,,,,,966.7,,0.8,,431,1008.7,71.1,0,0,0,0,,,,
KLO,2009,4,8,10,14.2,,,,,,,,966.6,,1.2,,326,182.2,233.6,0,0,0,0,,,,
KLO,2009,4,8,11,15,,,,,,,,966.4,,1.8,,540,534.6,203.2,0,0,0,0,,,,
KLO,2009,4,8,12,15.6,,,,,,,,966.1,,1.5,,563,400.7,276.1,0,0,0,0,,,,
KLO,2009,4,8,13,16,,,,,,,,965.9,,1.6,,330,28.5,308.3,0,0,0,0,,,,
KLO,2009,4,8,14,16.2,,,,,,,,965.8,,2.2,,275,11.8,266,0,0,0,0,,,,
KLO,2009,4,8,15,16.3,,,,,,,,965.6,,1.7,,221,6.6,216.3,0,0,0,0,,,,
KLO,2009,4,8,16,16.1,,,,,,,,965.9,,0.8,,105,1.9,103.8,0,0,0,0,,,,
KLO,2009,4,8,17,15.3,,,,,,,,966.1,,0.4,,29,0.2,28.9,0,0,0,0,,,,
KLO,2009,4,8,18,13.6,,,,,,,,966.6,,2,,2,0,2,0,0,0,0,,,,
KLO,2009,4,8,19,12.6,,,,,,,,967.2,,1.1,,0,0,0,0,0,0,0,,,,
KLO,2009,4,8,20,12.8,,,,,,,,967.5,,1.7,,0,0,0,0,0,0,0,,,,
KLO,2009,4,8,21,11.2,,,,,,,,967.7,,1.6,,0,0,0,0,0,0,0,,,,
KLO,2009,4,8,22,10.1,,,,,,,,967.9,,0.5,,0,0,0,0,0,0,0,,,,
KLO,2009,4,8,23,9.1,,,,,,,,968.1,,0.5,,0,0,0,0,0,0,0,,,,
KLO,2009,4,9,0,8,,,,,,,,968,,1,,0,0,0,0,0,0,0,,,,
KLO,2009,4,9,1,7.2,,,,,,,,967.9,,0.8,,0,0,0,0,0,0,0,,,,
KLO,2009,4,9,2,6.5,,,,,,,,967.9,,1.1,,0,0,0,0,0,0,0,,,,
KLO,2009,4,9,3,6.1,,,,,,,,967.9,,0.8,,0,0,0,0,0,0,0,,,,
KLO,2009,4,9,4,5.2,,,,,,,,967.9,,0.1,,0,0,0,0,0,0,0,,,,
KLO,2009,4,9,5,5,,,,,,,,968.1,,0.6,,27,0,0,0,0,0,0,,,,
KLO,2009,4,9,6,7,,,,,,,,968.1,,0.7,,142,0,0,0,0,0,0,,,,
KLO,2009,4,9,7,9.4,,,,,,,,967.9,,0.8,,314,0,0,0,0,0,0,,,,
KLO,2009,4,9,8,11.3,,,,,,,,967.8,,1,,474,2039,78.2,0,0,0,0,,,,
KLO,2009,4,9,9,13.8,,,,,,,,967.3,,1.9,,622,1434.6,102.6,0,0,0,0,,,,
KLO,2009,4,9,10,16,,,,,,,,966.6,,3.5,,721,1174.9,119,0,0,0,0,,,,
KLO,2009,4,9,11,17.7,,,,,,,,965.7,,4.5,,766,1007.7,126.4,0,0,0,0,,,,
KLO,2009,4,9,12,18.8,,,,,,,,964.8,,4.3,,763,882.2,127.3,0,0,0,0,,,,
KLO,2009,4,9,13,19.4,,,,,,,,964.1,,3.4,,712,680.7,191.9,0,0,0,0,,,,
KLO,2009,4,9,14,19.9,,,,,,,,963.5,,2.3,,600,402.9,292.9,0,0,0,0,,,,
KLO,2009,4,9,15,20.4,,,,,,,,963,,1.7,,450,166.8,330.7,0,0,0,0,,,,
KLO,2009,4,9,16,20,,,,,,,,962.8,,2,,274,29.7,255.4,0,0,0,0,,,,
KLO,2009,4,9,17,19.2,,,,,,,,962.6,,3,,101,2.7,99.7,0,0,0,0,,,,
KLO,2009,4,9,18,17.2,,,,,,,,962.5,,1.8,,6,0,6,0,0,0,0,,,,
KLO,2009,4,9,19,13.5,,,,,,,,962.7,,1.1,,0,0,0,0,0,0,0,,,,
KLO,2009,4,9,20,12.7,,,,,,,,962.7,,0.5,,0,0,0,0,0,0,0,,,,
KLO,2009,4,9,21,10.9,,,,,,,,962.7,,0.4,,0,0,0,0,0,0,0,,,,
KLO,2009,4,9,22,8.8,,,,,,,,962.7,,0.6,,0,0,0,0,0,0,0,,,,
KLO,2009,4,9,23,7.9,,,,,,,,962.7,,0.4,,0,0,0,0,0,0,0,,,,
KLO,2009,4,10,0,7.1,,,,,,,,962.5,,0.1,,0,0,0,0,0,0,0,,,,
KLO,2009,4,10,1,6.2,,,,,,,,962.1,,0.5,,0,0,0,0,0,0,0,,,,
KLO,2009,4,10,2,5,,,,,,,,962,,1.5,,0,0,0,0,0,0,0,,,,
KLO,2009,4,10,3,4.9,,,,,,,,962,,1,,0,0,0,0,0,0,0,,,,
KLO,2009,4,10,4,3.8,,,,,,,,961.7,,0.8,,0,0,0,0,0,0,0,,,,
KLO,2009,4,10,5,3.7,,,,,,,,961.5,,0.8,,26,0,0,0,0,0,0,,,,
KLO,2009,4,10,6,5.9,,,,,,,,961.4,,0.8,,165,0,0,0,0,0,0,,,,
KLO,2009,4,10,7,8.5,,,,,,,,961.2,,0.6,,321,0,0,0,0,0,0,,,,
KLO,2009,4,10,8,12.7,,,,,,,,960.7,,0.8,,532,2226.8,87.8,0,0,0,0,,,,
KLO,2009,4,10,9,16.5,,,,,,,,960.1,,1.7,,670,1523.4,110.6,0,0,0,0,,,,
KLO,2009,4,10,10,18.7,,,,,,,,959.4,,2,,752,1213.6,124.1,0,0,0,0,,,,
KLO,2009,4,10,11,20.4,,,,,,,,958.7,,1.7,,799,1043.4,131.8,0,0,0,0,,,,
KLO,2009,4,10,12,21.3,,,,,,,,958,,1.1,,789,908.5,130.4,0,0,0,0,,,,
KLO,2009,4,10,13,22.2,,,,,,,,957.3,,2.1,,735,727.8,175.9,0,0,0,0,,,,
KLO,2009,4,10,14,22.9,,,,,,,,956.6,,3.1,,628,463.5,272.8,0,0,0,0,,,,
KLO,2009,4,10,15,22.6,,,,,,,,956.4,,5.2,,471,198.2,328.4,0,0,0,0,,,,
KLO,2009,4,10,16,21.7,,,,,,,,956.2,,5.1,,292,39.8,266.9,0,0,0,0,,,,
KLO,2009,4,10,17,20.1,,,,,,,,956.1,,5.2,,115,3.4,113.3,0,0,0,0,,,,
KLO,2009,4,10,18,17.8,,,,,,,,956.3,,4.7,,6,0,6,0,0,0,0,,,,
KLO,2009,4,10,19,15.9,,,,,,,,956.8,,3.8,,0,0,0,0,0,0,0,,,,
KLO,2009,4,10,20,14.2,,,,,,,,956.9,,2.8,,0,0,0,0,0,0,0,,,,
KLO,2009,4,10,21,12.8,,,,,,,,957.2,,2.6,,0,0,0,0,0,0,0,,,,
KLO,2009,4,10,22,12.1,,,,,,,,957.4,,2.3,,0,0,0,0,0,0,0,,,,
KLO,2009,4,10,23,9.9,,,,,,,,957.6,,1.1,,0,0,0,0,0,0,0,,,,
KLO,2009,4,11,0,8,,,,,,,,957.7,,0.9,,0,0,0,0,0,0,0,,,,
KLO,2009,4,11,1,7.4,,,,,,,,957.5,,0.8,,0,0,0,0,0,0,0,,,,
KLO,2009,4,11,2,5.4,,,,,,,,957.6,,1.2,,0,0,0,0,0,0,0,,,,
KLO,2009,4,11,3,5.5,,,,,,,,957.7,,1.4,,0,0,0,0,0,0,0,,,,
KLO,2009,4,11,4,4.8,,,,,,,,957.8,,0.9,,0,0,0,0,0,0,0,,,,
KLO,2009,4,11,5,4.3,,,,,,,,958.2,,1.5,,32,0,0,0,0,0,0,,,,
KLO,2009,4,11,6,7.4,,,,,,,,958.3,,1.6,,181,0,0,0,0,0,0,,,,
KLO,2009,4,11,7,11.2,,,,,,,,958.4,,1.4,,367,0,0,0,0,0,0,,,,
KLO,2009,4,11,8,14.8,,,,,,,,958.5,,1.5,,500,2038.3,82.5,0,0,0,0,,,,
KLO,2009,4,11,9,16.6,,,,,,,,958.4,,1.1,,578,1296.1,95.4,0,0,0,0,,,,
KLO,2009,4,11,10,18.7,,,,,,,,958,,0.8,,729,1165.5,120.3,0,0,0,0,,,,
KLO,2009,4,11,11,19.9,,,,,,,,957.6,,1.3,,616,727.8,147.2,0,0,0,0,,,,
KLO,2009,4,11,12,21.2,,,,,,,,957.1,,2.1,,808,925,133.3,0,0,0,0,,,,
KLO,2009,4,11,13,21.9,,,,,,,,956.8,,2.1,,656,521.2,253.4,0,0,0,0,,,,
KLO,2009,4,11,14,21.9,,,,,,,,956.5,,2,,458,130.9,357.2,0,0,0,0,,,,
KLO,2009,4,11,15,21.5,,,,,,,,956.5,,5.1,,386,79.7,328.4,0,0,0,0,,,,
KLO,2009,4,11,16,20.3,,,,,,,,956.7,,5.7,,248,17,237.2,0,0,0,0,,,,
KLO,2009,4,11,17,18.7,,,,,,,,957.1,,3.6,,78,1.6,77.2,0,0,0,0,,,,
KLO,2009,4,11,18,17.4,,,,,,,,957.4,,4.8,,5,0,5,0,0,0,0,,,,
KLO,2009,4,11,19,16.1,,,,,,,,957.9,,4.2,,0,0,0,0,0,0,0,,,,
KLO,2009,4,11,20,14.7,,,,,,,,958.1,,3.4,,0,0,0,0,0,0,0,,,,
KLO,2009,4,11,21,13.6,,,,,,,,957.9,,3.2,,0,0,0,0,0,0,0,,,,
KLO,2009,4,11,22,11.1,,,,,,,,958,,1.9,,0,0,0,0,0,0,0,,,,
KLO,2009,4,11,23,9.7,,,,,,,,958,,0.9,,0,0,0,0,0,0,0,,,,
KLO,2009,4,12,0,8.1,,,,,,,,957.9,,1.1,,0,0,0,0,0,0,0,,,,
KLO,2009,4,12,1,7.7,,,,,,,,957.8,,0.8,,0,0,0,0,0,0,0,,,,
KLO,2009,4,12,2,6.6,,,,,,,,958,,1.2,,0,0,0,0,0,0,0,,,,
KLO,2009,4,12,3,6.5,,,,,,,,958.3,,0.6,,0,0,0,0,0,0,0,,,,
KLO,2009,4,12,4,5.9,,,,,,,,958.3,,0.8,,0,0,0,0,0,0,0,,,,
KLO,2009,4,12,5,5.6,,,,,,,,958.6,,1,,19,0,0,0,0,0,0,,,,
KLO,2009,4,12,6,6.8,,,,,,,,958.8,,1.1,,83,0,0,0,0,0,0,,,,
KLO,2009,4,12,7,8.8,,,,,,,,958.9,,0.9,,193,0,0,0,0,0,0,,,,
KLO,2009,4,12,8,11.2,,,,,,,,958.9,,0.3,,319,1267.8,52.6,0,0,0,0,,,,
KLO,2009,4,12,9,13.5,,,,,,,,958.9,,0.5,,447,988.8,73.8,0,0,0,0,,,,
KLO,2009,4,12,10,16.3,,,,,,,,958.6,,0.6,,600,950.4,99,0,0,0,0,,,,
KLO,2009,4,12,11,18,,,,,,,,958.3,,1.3,,731,941,120.6,0,0,0,0,,,,
KLO,2009,4,12,12,19,,,,,,,,958,,1.3,,593,443.4,267.7,0,0,0,0,,,,
KLO,2009,4,12,13,19.9,,,,,,,,957.8,,3.6,,530,235.7,347,0,0,0,0,,,,
KLO,2009,4,12,14,19.6,,,,,,,,957.5,,4.1,,273,10.5,264.9,0,0,0,0,,,,
KLO,2009,4,12,15,19.5,,,,,,,,957.4,,2.6,,216,5.9,211.7,0,0,0,0,,,,
KLO,2009,4,12,16,19,,,,,,,,957.6,,1.5,,115,2.2,113.6,0,0,0,0,,,,
KLO,2009,4,12,17,17.1,,,,,,,,957.7,,1.4,,52,0.7,51.7,0,0,0,0,,,,
KLO,2009,4,12,18,14.3,,,,,,,,958.1,,2.5,,5,0,5,0,0,0,0,,,,
KLO,2009,4,12,19,12.5,,,,,,,,958.6,,2,,0,0,0,0,0,0,0,,,,
KLO,2009,4,12,20,11.4,,,,,,,,958.7,,1.6,,0,0,0,0,0,0,0,,,,
KLO,2009,4,12,21,10.2,,,,,,,,958.8,,0.6,,0,0,0,0,0,0,0,,,,
KLO,2009,4,12,22,9.7,,,,,,,,958.7,,0.8,,0,0,0,0,0,0,0,,,,
KLO,2009,4,12,23,8.5,,,,,,,,958.6,,1,,0,0,0,0,0,0,0,,,,
KLO,2009,4,13,0,7.8,,,,,,,,958.4,,2.1,,0,0,0,0,0,0,0,,,,
KLO,2009,4,13,1,7.3,,,,,,,,958.4,,1.8,,0,0,0,0,0,0,0,,,,
KLO,2009,4,13,2,6.3,,,,,,,,958.3,,2,,0,0,0,0,0,0,0,,,,
KLO,2009,4,13,3,5.7,,,,,,,,958.3,,1.3,,0,0,0,0,0,0,0,,,,
KLO,2009,4,13,4,4.8,,,,,,,,958.3,,0.9,,0,0,0,0,0,0,0,,,,
KLO,2009,4,13,5,4.9,,,,,,,,958.6,,0.1,,37,0,0,0,0,0,0,,,,
KLO,2009,4,13,6,7.3,,,,,,,,958.7,,0.3,,175,0,0,0,0,0,0,,,,
KLO,2009,4,13,7,10.7,,,,,,,,958.7,,0.6,,327,0,0,0,0,0,0,,,,
KLO,2009,4,13,8,13.2,,,,,,,,958.5,,0.7,,523,2028,86.3,0,0,0,0,,,,
KLO,2009,4,13,9,15.1,,,,,,,,958.3,,1.1,,630,1375.3,104,0,0,0,0,,,,
KLO,2009,4,13,10,16.4,,,,,,,,958,,0.8,,568,891.6,93.7,0,0,0,0,,,,
KLO,2009,4,13,11,18.1,,,,,,,,957.4,,0.9,,745,952.4,122.9,0,0,0,0,,,,
KLO,2009,4,13,12,20.2,,,,,,,,956.9,,0.7,,785,887.6,129.9,0,0,0,0,,,,
KLO,2009,4,13,13,21.6,,,,,,,,956.4,,1.8,,613,402.1,299.2,0,0,0,0,,,,
KLO,2009,4,13,14,22,,,,,,,,956.1,,4,,599,374.7,307.5,0,0,0,0,,,,
KLO,2009,4,13,15,21.5,,,,,,,,955.7,,2.9,,422,115.5,337.7,0,0,0,0,,,,
KLO,2009,4,13,16,21.3,,,,,,,,955.6,,3.7,,281,30.3,261.6,0,0,0,0,,,,
KLO,2009,4,13,17,19.9,,,,,,,,955.8,,3.8,,93,2.1,91.9,0,0,0,0,,,,
KLO,2009,4,13,18,16.7,,,,,,,,956.2,,2.2,,5,0,5,0,0,0,0,,,,
KLO,2009,4,13,19,12.9,,,,,,,,956.8,,2.1,,0,0,0,0,0,0,0,,,,
KLO,2009,4,13,20,11.4,,,,,,,,957.1,,1.2,,0,0,0,0,0,0,0,,,,
KLO,2009,4,13,21,10.6,,,,,,,,957.3,,0.9,,0,0,0,0,0,0,0,,,,
KLO,2009,4,13,22,9.7,,,,,,,,957.6,,1.1,,0,0,0,0,0,0,0,,,,
KLO,2009,4,13,23,8.4,,,,,,,,957.7,,0.4,,0,0,0,0,0,0,0,,,,
KLO,2009,4,14,0,7.4,,,,,,,,957.8,,1.2,,0,0,0,0,0,0,0,,,,
KLO,2009,4,14,1,6.9,,,,,,,,958,,1.3,,0,0,0,0,0,0,0,,,,
KLO,2009,4,14,2,6.6,,,,,,,,958.1,,2,,0,0,0,0,0,0,0,,,,
KLO,2009,4,14,3,6.1,,,,,,,,958.1,,1.8,,0,0,0,0,0,0,0,,,,
KLO,2009,4,14,4,5.9,,,,,,,,958.3,,1.6,,0,0,0,0,0,0,0,,,,
KLO,2009,4,14,5,6.5,,,,,,,,958.7,,1.8,,32,0,0,0,0,0,0,,,,
KLO,2009,4,14,6,8.4,,,,,,,,959,,1.4,,127,0,0,0,0,0,0,,,,
KLO,2009,4,14,7,11.4,,,,,,,,959.1,,0.9,,317,0,0,0,0,0,0,,,,
KLO,2009,4,14,8,13.7,,,,,,,,959.1,,0.4,,499,1889.5,82.3,0,0,0,0,,,,
KLO,2009,4,14,9,15.8,,,,,,,,958.9,,1.1,,646,1392.2,106.6,0,0,0,0,,,,
KLO,2009,4,14,10,17.6,,,,,,,,958.5,,1,,741,1153,122.3,0,0,0,0,,,,
KLO,2009,4,14,11,19,,,,,,,,958,,0.8,,788,1000.5,130,0,0,0,0,,,,
KLO,2009,4,14,12,20.7,,,,,,,,957.6,,2,,749,818.4,141.6,0,0,0,0,,,,
KLO,2009,4,14,13,21.7,,,,,,,,957.4,,2.8,,686,572.3,237,0,0,0,0,,,,
KLO,2009,4,14,14,21.7,,,,,,,,957,,2.5,,626,430.9,289.2,0,0,0,0,,,,
KLO,2009,4,14,15,21.7,,,,,,,,956.9,,2.3,,469,180,336.9,0,0,0,0,,,,
KLO,2009,4,14,16,21.4,,,,,,,,956.8,,2.8,,291,35.2,268.3,0,0,0,0,,,,
KLO,2009,4,14,17,20.1,,,,,,,,956.9,,3.4,,102,2.6,100.7,0,0,0,0,,,,
KLO,2009,4,14,18,18.5,,,,,,,,957.1,,2.5,,9,0,9,0,0,0,0,,,,
KLO,2009,4,14,19,13.9,,,,,,,,957.6,,0.9,,0,0,0,0,0,0,0,,,,
KLO,2009,4,14,20,12.2,,,,,,,,957.9,,1.3,,0,0,0,0,0,0,0,,,,
KLO,2009,4,14,21,10.6,,,,,,,,958.1,,1.1,,0,0,0,0,0,0,0,,,,
KLO,2009,4,14,22,9.1,,,,,,,,958.2,,1,,0,0,0,0,0,0,0,,,,
KLO,2009,4,14,23,8.3,,,,,,,,958.4,,0.7,,0,0,0,0,0,0,0,,,,
KLO,2009,4,15,0,7.7,,,,,,,,958.5,,0.4,,0,0,0,0,0,0,0,,,,
KLO,2009,4,15,1,6,,,,,,,,958.5,,1,,0,0,0,0,0,0,0,,,,
KLO,2009,4,15,2,6.1,,,,,,,,958.7,,0.3,,0,0,0,0,0,0,0,,,,
KLO,2009,4,15,3,5.1,,,,,,,,958.7,,0.4,,0,0,0,0,0,0,0,,,,
KLO,2009,4,15,4,4.4,,,,,,,,958.8,,0.4,,0,0,0,0,0,0,0,,,,
KLO,2009,4,15,5,4.7,,,,,,,,959.2,,1,,43,0,0,0,0,0,0,,,,
KLO,2009,4,15,6,7.8,,,,,,,,959.5,,0.1,,193,0,0,0,0,0,0,,,,
KLO,2009,4,15,7,11.1,,,,,,,,959.5,,0.7,,371,5690.9,61.2,0,0,0,0,,,,
KLO,2009,4,15,8,13.8,,,,,,,,959.5,,0.5,,543,2009.5,89.6,0,0,0,0,,,,
KLO,2009,4,15,9,16.5,,,,,,,,959.1,,0.4,,681,1449.3,112.4,0,0,0,0,,,,
KLO,2009,4,15,10,18.5,,,,,,,,958.6,,0.9,,770,1187.8,127.1,0,0,0,0,,,,
KLO,2009,4,15,11,20.3,,,,,,,,957.8,,0.9,,812,1024.2,134,0,0,0,0,,,,
KLO,2009,4,15,12,22.2,,,,,,,,957.4,,2,,805,901,132.6,0,0,0,0,,,,
KLO,2009,4,15,13,23,,,,,,,,957,,2.8,,729,670.8,200.1,0,0,0,0,,,,
KLO,2009,4,15,14,23.2,,,,,,,,956.5,,3.8,,530,226.3,352.3,0,0,0,0,,,,
KLO,2009,4,15,15,22.8,,,,,,,,956.2,,3,,397,83.5,335.4,0,0,0,0,,,,
KLO,2009,4,15,16,22,,,,,,,,956.2,,3.5,,231,11.1,223.8,0,0,0,0,,,,
KLO,2009,4,15,17,19.8,,,,,,,,956.3,,3.1,,93,2.1,91.9,0,0,0,0,,,,
KLO,2009,4,15,18,17.9,,,,,,,,956.5,,2.8,,9,0,9,0,0,0,0,,,,
KLO,2009,4,15,19,17.1,,,,,,,,957,,3.2,,0,0,0,0,0,0,0,,,,
KLO,2009,4,15,20,15.5,,,,,,,,957.1,,3.8,,0,0,0,0,0,0,0,,,,
KLO,2009,4,15,21,15.1,,,,,,,,957.1,,2.8,,0,0,0,0,0,0,0,,,,
KLO,2009,4,15,22,14.3,,,,,,,,957.3,,2.2,,0,0,0,0,0,0,0,,,,
KLO,2009,4,15,23,12,,,,,,,,957.5,,1.6,,0,0,0,0,0,0,0,,,,
KLO,2009,4,16,0,11.6,,,,,,,,958,,3.3,,0,0,0,0,0,0,0,,,,
KLO,2009,4,16,1,12.1,,,,,,,,957.6,,2.3,,0,0,0,0,0,0,0,,,,
KLO,2009,4,16,2,11.8,,,,,,,,958.1,,2.2,,0,0,0,0,0,0,0,,,,
KLO,2009,4,16,3,11.3,,,,,,,,957.8,,1.9,,0,0,0,0,0,0,0,,,,
KLO,2009,4,16,4,9.9,,,,,,,,957.8,,0.5,,0,0,0,0,0,0,0,,,,
KLO,2009,4,16,5,9.6,,,,,,,,957.4,,1.1,,18,0,0,0,0,0,0,,,,
KLO,2009,4,16,6,10.9,,,,,,,,957.3,,1,,63,0,0,0,0,0,0,,,,
KLO,2009,4,16,7,11.9,,,,,,,,957,,1.9,,125,1754.8,20.6,0,0,0,0,,,,
KLO,2009,4,16,8,12.7,,,,,,,,956.8,,2.1,,202,576,69.1,0,0,0,0,,,,
KLO,2009,4,16,9,13.7,,,,,,,,956.4,,2.4,,282,277.6,171.8,0,0,0,0,,,,
KLO,2009,4,16,10,14.7,,,,,,,,955.9,,2.9,,455,494,185.4,0,0,0,0,,,,
KLO,2009,4,16,11,16.7,,,,,,,,955.3,,3.5,,866,1085.2,142.9,0,0,0,0,,,,
KLO,2009,4,16,12,16.8,,,,,,,,955.4,,2.7,,651,560.1,230.7,0,0,0,0,,,,
KLO,2009,4,16,13,12.7,,,,,,,,956.9,,8.9,,187,3.7,184.1,0,0,0,0,,,,
KLO,2009,4,16,14,8.8,,,,,,,,958.4,,6.8,,98,1,97.2,0,0,0,0,,,,
KLO,2009,4,16,15,8.6,,,,,,,,959,,3.6,,78,0.7,77.5,0,0,0,0,,,,
KLO,2009,4,16,16,8.3,,,,,,,,959.5,,2.9,,24,0.1,23.9,0,0,0,0,,,,
KLO,2009,4,16,17,8.2,,,,,,,,958.9,,1.8,,29,0.2,28.9,0,0,0,0,,,,
KLO,2009,4,16,18,8.1,,,,,,,,958.8,,1.2,,2,0,2,0,0,0,0,,,,
KLO,2009,4,16,19,8.1,,,,,,,,958.9,,1.7,,0,0,0,0,0,0,0,,,,
KLO,2009,4,16,20,8.1,,,,,,,,958.6,,2.6,,0,0,0,0,0,0,0,,,,
KLO,2009,4,16,21,7.6,,,,,,,,958.8,,2.2,,0,0,0,0,0,0,0,,,,
KLO,2009,4,16,22,8,,,,,,,,958.7,,0.8,,0,0,0,0,0,0,0,,,,
KLO,2009,4,16,23,7.9,,,,,,,,958.7,,0.8,,0,0,0,0,0,0,0,,,,
KLO,2009,4,17,0,7.8,,,,,,,,958.4,,3.1,,0,0,0,0,0,0,0,,,,
KLO,2009,4,17,1,7.8,,,,,,,,958.5,,1.9,,0,0,0,0,0,0,0,,,,
KLO,2009,4,17,2,7.6,,,,,,,,958.7,,1.2,,0,0,0,0,0,0,0,,,,
KLO,2009,4,17,3,7.7,,,,,,,,958.7,,3.3,,0,0,0,0,0,0,0,,,,
KLO,2009,4,17,4,7.6,,,,,,,,959,,3.7,,0,0,0,0,0,0,0,,,,
KLO,2009,4,17,5,7.6,,,,,,,,959.3,,2.9,,15,0,0,0,0,0,0,,,,
KLO,2009,4,17,6,8,,,,,,,,959.5,,4.5,,81,0,0,0,0,0,0,,,,
KLO,2009,4,17,7,8.7,,,,,,,,960,,4.7,,148,1916.2,24.4,0,0,0,0,,,,
KLO,2009,4,17,8,9.9,,,,,,,,960.1,,4.2,,282,999.1,46.5,0,0,0,0,,,,
KLO,2009,4,17,9,11.6,,,,,,,,960,,4.4,,552,1146.7,91.1,0,0,0,0,,,,
KLO,2009,4,17,10,10.8,,,,,,,,960,,5.5,,341,158.6,253.7,0,0,0,0,,,,
KLO,2009,4,17,11,10.3,,,,,,,,960,,3.6,,351,73.5,301.7,0,0,0,0,,,,
KLO,2009,4,17,12,11.8,,,,,,,,960,,4.5,,498,207.5,341.5,0,0,0,0,,,,
KLO,2009,4,17,13,12.5,,,,,,,,960,,3.4,,567,281.6,342.9,0,0,0,0,,,,
KLO,2009,4,17,14,14,,,,,,,,959.5,,3.4,,599,352.1,319.9,0,0,0,0,,,,
KLO,2009,4,17,15,14.9,,,,,,,,959.2,,4.3,,519,258.6,326.5,0,0,0,0,,,,
KLO,2009,4,17,16,13.4,,,,,,,,959.4,,4.6,,160,4,157.4,0,0,0,0,,,,
KLO,2009,4,17,17,11.3,,,,,,,,959.9,,2.9,,82,1.6,81.2,0,0,0,0,,,,
KLO,2009,4,17,18,10,,,,,,,,960.3,,2.2,,8,0,8,0,0,0,0,,,,
KLO,2009,4,17,19,9.1,,,,,,,,960.8,,1.8,,0,0,0,0,0,0,0,,,,
KLO,2009,4,17,20,8.9,,,,,,,,961.2,,1.1,,0,0,0,0,0,0,0,,,,
KLO,2009,4,17,21,9,,,,,,,,961.4,,1.6,,0,0,0,0,0,0,0,,,,
KLO,2009,4,17,22,7.2,,,,,,,,961.4,,1.3,,0,0,0,0,0,0,0,,,,
KLO,2009,4,17,23,6.3,,,,,,,,961.6,,1.2,,0,0,0,0,0,0,0,,,,
KLO,2009,4,18,0,6.6,,,,,,,,961.6,,0.9,,0,0,0,0,0,0,0,,,,
KLO,2009,4,18,1,6,,,,,,,,961.6,,0.3,,0,0,0,0,0,0,0,,,,
KLO,2009,4,18,2,6.4,,,,,,,,961.7,,1,,0,0,0,0,0,0,0,,,,
KLO,2009,4,18,3,6.6,,,,,,,,961.7,,0.7,,0,0,0,0,0,0,0,,,,
KLO,2009,4,18,4,6.3,,,,,,,,961.7,,1.3,,0,0,0,0,0,0,0,,,,
KLO,2009,4,18,5,6.3,,,,,,,,961.9,,0.8,,48,0,0,0,0,0,0,,,,
KLO,2009,4,18,6,8.4,,,,,,,,962.2,,1.9,,162,0,0,0,0,0,0,,,,
KLO,2009,4,18,7,9.9,,,,,,,,962.6,,1.7,,306,3678.2,50.5,0,0,0,0,,,,
KLO,2009,4,18,8,11.4,,,,,,,,962.8,,3.2,,437,1516.5,72.1,0,0,0,0,,,,
KLO,2009,4,18,9,13.1,,,,,,,,962.8,,3.7,,801,1644.6,132.2,0,0,0,0,,,,
KLO,2009,4,18,10,13.5,,,,,,,,962.7,,3.6,,623,937.6,102.8,0,0,0,0,,,,
KLO,2009,4,18,11,13.6,,,,,,,,962.5,,3.4,,419,160.4,310.7,0,0,0,0,,,,
KLO,2009,4,18,12,13.6,,,,,,,,962.2,,4.4,,457,140.8,350.2,0,0,0,0,,,,
KLO,2009,4,18,13,14.9,,,,,,,,962.1,,2.8,,716,615.8,223.5,0,0,0,0,,,,
KLO,2009,4,18,14,13.8,,,,,,,,962.4,,5,,385,50.1,345.1,0,0,0,0,,,,
KLO,2009,4,18,15,13.8,,,,,,,,962.3,,1.8,,444,131.6,345.6,0,0,0,0,,,,
KLO,2009,4,18,16,14.5,,,,,,,,962.4,,2.6,,314,46.7,283.2,0,0,0,0,,,,
KLO,2009,4,18,17,12.3,,,,,,,,962.9,,3.6,,62,0.9,61.5,0,0,0,0,,,,
KLO,2009,4,18,18,10.5,,,,,,,,963.5,,3.6,,12,0.1,12,0,0,0,0,,,,
KLO,2009,4,18,19,9.3,,,,,,,,964.2,,2.2,,0,0,0,0,0,0,0,,,,
KLO,2009,4,18,20,7.1,,,,,,,,964.8,,0.8,,0,0,0,0,0,0,0,,,,
KLO,2009,4,18,21,6.5,,,,,,,,965.1,,1.8,,0,0,0,0,0,0,0,,,,
KLO,2009,4,18,22,5.4,,,,,,,,965.2,,2.2,,0,0,0,0,0,0,0,,,,
KLO,2009,4,18,23,4.8,,,,,,,,965.4,,2,,0,0,0,0,0,0,0,,,,
KLO,2009,4,19,0,4.7,,,,,,,,965.3,,2.9,,0,0,0,0,0,0,0,,,,
KLO,2009,4,19,1,3.9,,,,,,,,965.1,,2.6,,0,0,0,0,0,0,0,,,,
KLO,2009,4,19,2,3.9,,,,,,,,965.2,,1.8,,0,0,0,0,0,0,0,,,,
KLO,2009,4,19,3,3.8,,,,,,,,965.3,,1.5,,0,0,0,0,0,0,0,,,,
KLO,2009,4,19,4,5.4,,,,,,,,965.3,,3.1,,1,0,0,0,0,0,0,,,,
KLO,2009,4,19,5,5.5,,,,,,,,965.8,,1.8,,36,0,0,0,0,0,0,,,,
KLO,2009,4,19,6,6.9,,,,,,,,966.2,,1.9,,147,0,0,0,0,0,0,,,,
KLO,2009,4,19,7,8.2,,,,,,,,966.5,,3.5,,303,3400.7,50,0,0,0,0,,,,
KLO,2009,4,19,8,9.1,,,,,,,,966.8,,4.5,,392,1333.4,64.7,0,0,0,0,,,,
KLO,2009,4,19,9,10.1,,,,,,,,966.9,,4.1,,496,1006.9,81.8,0,0,0,0,,,,
KLO,2009,4,19,10,11.7,,,,,,,,966.8,,1.5,,439,405,212.5,0,0,0,0,,,,
KLO,2009,4,19,11,14.3,,,,,,,,966.6,,2.6,,723,889.3,119.2,0,0,0,0,,,,
KLO,2009,4,19,12,16.1,,,,,,,,966.3,,3.6,,729,732.5,170.7,0,0,0,0,,,,
KLO,2009,4,19,13,16.8,,,,,,,,966.3,,4.1,,669,494.3,271.9,0,0,0,0,,,,
KLO,2009,4,19,14,18,,,,,,,,966,,4.5,,679,525.9,258.4,0,0,0,0,,,,
KLO,2009,4,19,15,17.9,,,,,,,,965.9,,3.8,,283,14.4,272.2,0,0,0,0,,,,
KLO,2009,4,19,16,17.7,,,,,,,,966,,2.1,,149,3.4,146.8,0,0,0,0,,,,
KLO,2009,4,19,17,17.4,,,,,,,,966.1,,2.7,,76,1.3,75.3,0,0,0,0,,,,
KLO,2009,4,19,18,16.2,,,,,,,,966.4,,3.1,,6,0,6,0,0,0,0,,,,
KLO,2009,4,19,19,15.7,,,,,,,,966.9,,2.7,,0,0,0,0,0,0,0,,,,
KLO,2009,4,19,20,14.5,,,,,,,,967.2,,1.2,,0,0,0,0,0,0,0,,,,
KLO,2009,4,19,21,12.8,,,,,,,,967.2,,1.2,,0,0,0,0,0,0,0,,,,
KLO,2009,4,19,22,10.2,,,,,,,,967.2,,1.2,,0,0,0,0,0,0,0,,,,
KLO,2009,4,19,23,9.3,,,,,,,,967.3,,1.1,,0,0,0,0,0,0,0,,,,
KLO,2009,4,20,0,7.9,,,,,,,,967.2,,0.1,,0,0,0,0,0,0,0,,,,
KLO,2009,4,20,1,7.2,,,,,,,,967,,0.4,,0,0,0,0,0,0,0,,,,
KLO,2009,4,20,2,6.5,,,,,,,,967.1,,1.1,,0,0,0,0,0,0,0,,,,
KLO,2009,4,20,3,6.6,,,,,,,,967.1,,1.8,,0,0,0,0,0,0,0,,,,
KLO,2009,4,20,4,7.6,,,,,,,,967.3,,1.9,,1,0,0,0,0,0,0,,,,
KLO,2009,4,20,5,7.9,,,,,,,,967.8,,1.9,,46,0,0,0,0,0,0,,,,
KLO,2009,4,20,6,10.3,,,,,,,,967.9,,1.7,,148,0,0,0,0,0,0,,,,
KLO,2009,4,20,7,11.8,,,,,,,,968,,2.8,,206,2169.6,34,0,0,0,0,,,,
KLO,2009,4,20,8,13.5,,,,,,,,968,,3.9,,580,1935.1,95.7,0,0,0,0,,,,
KLO,2009,4,20,9,14.2,,,,,,,,968,,3.9,,643,1291,106.1,0,0,0,0,,,,
KLO,2009,4,20,10,15.1,,,,,,,,967.9,,3.9,,579,846.7,101.9,0,0,0,0,,,,
KLO,2009,4,20,11,16.7,,,,,,,,967.5,,3.6,,835,1020.9,137.8,0,0,0,0,,,,
KLO,2009,4,20,12,18.4,,,,,,,,967.3,,4.2,,828,902.5,136.7,0,0,0,0,,,,
KLO,2009,4,20,13,19.3,,,,,,,,967,,4.5,,765,717.6,185.9,0,0,0,0,,,,
KLO,2009,4,20,14,19.7,,,,,,,,966.6,,4,,564,267.6,349,0,0,0,0,,,,
KLO,2009,4,20,15,20,,,,,,,,966.4,,4.8,,495,203,341.8,0,0,0,0,,,,
KLO,2009,4,20,16,19.9,,,,,,,,966.2,,3.6,,328,55.4,291.2,0,0,0,0,,,,
KLO,2009,4,20,17,19.1,,,,,,,,966.2,,4.8,,142,4.6,139.5,0,0,0,0,,,,
KLO,2009,4,20,18,17.4,,,,,,,,966.6,,3.1,,9,0,9,0,0,0,0,,,,
KLO,2009,4,20,19,16.4,,,,,,,,967.1,,3,,0,0,0,0,0,0,0,,,,
KLO,2009,4,20,20,16,,,,,,,,967.5,,4.5,,0,0,0,0,0,0,0,,,,
KLO,2009,4,20,21,13.6,,,,,,,,967.5,,2.2,,0,0,0,0,0,0,0,,,,
KLO,2009,4,20,22,12.2,,,,,,,,967.6,,2.1,,0,0,0,0,0,0,0,,,,
KLO,2009,4,20,23,11.4,,,,,,,,967.8,,2.8,,0,0,0,0,0,0,0,,,,
KLO,2009,4,21,0,9.5,,,,,,,,967.6,,2,,0,0,0,0,0,0,0,,,,
KLO,2009,4,21,1,10.6,,,,,,,,967.4,,2.9,,0,0,0,0,0,0,0,,,,
KLO,2009,4,21,2,9.8,,,,,,,,967.5,,0.5,,0,0,0,0,0,0,0,,,,
KLO,2009,4,21,3,8.5,,,,,,,,967.7,,1.3,,0,0,0,0,0,0,0,,,,
KLO,2009,4,21,4,8.1,,,,,,,,967.9,,0.5,,1,0,0,0,0,0,0,,,,
KLO,2009,4,21,5,7.9,,,,,,,,968.3,,0,,40,0,0,0,0,0,0,,,,
KLO,2009,4,21,6,9.5,,,,,,,,968.6,,0.8,,145,0,0,0,0,0,0,,,,
KLO,2009,4,21,7,13.3,,,,,,,,968.7,,1.8,,444,4407.7,73.3,0,0,0,0,,,,
KLO,2009,4,21,8,14.1,,,,,,,,968.6,,1.2,,403,1319.6,66.5,0,0,0,0,,,,
KLO,2009,4,21,9,15.9,,,,,,,,968.5,,1.8,,705,1400.4,116.3,0,0,0,0,,,,
KLO,2009,4,21,10,17.3,,,,,,,,968.1,,2.1,,748,1100.1,123.4,0,0,0,0,,,,
KLO,2009,4,21,11,18.6,,,,,,,,967.8,,3.4,,691,816.4,130.2,0,0,0,0,,,,
KLO,2009,4,21,12,20.4,,,,,,,,967.5,,4.5,,786,838.4,140.7,0,0,0,0,,,,
KLO,2009,4,21,13,20.8,,,,,,,,967.2,,5.2,,692,536.4,257.2,0,0,0,0,,,,
KLO,2009,4,21,14,20.9,,,,,,,,966.8,,6.1,,617,370.4,318.3,0,0,0,0,,,,
KLO,2009,4,21,15,21.1,,,,,,,,966.4,,5,,435,113.7,348.8,0,0,0,0,,,,
KLO,2009,4,21,16,20.5,,,,,,,,966.4,,5,,248,13.5,239,0,0,0,0,,,,
KLO,2009,4,21,17,20,,,,,,,,966.8,,4,,85,1.6,84.1,0,0,0,0,,,,
KLO,2009,4,21,18,17.7,,,,,,,,967.7,,3.7,,3,0,3,0,0,0,0,,,,
KLO,2009,4,21,19,15,,,,,,,,968.5,,3.5,,0,0,0,0,0,0,0,,,,
KLO,2009,4,21,20,12.5,,,,,,,,969,,3.3,,0,0,0,0,0,0,0,,,,
KLO,2009,4,21,21,11.8,,,,,,,,969.2,,3.2,,0,0,0,0,0,0,0,,,,
KLO,2009,4,21,22,11.3,,,,,,,,969.3,,2.7,,0,0,0,0,0,0,0,,,,
KLO,2009,4,21,23,9.6,,,,,,,,969.5,,1.8,,0,0,0,0,0,0,0,,,,
KLO,2009,4,22,0,8.9,,,,,,,,969.4,,1.1,,0,0,0,0,0,0,0,,,,
KLO,2009,4,22,1,8.3,,,,,,,,969.5,,0.5,,0,0,0,0,0,0,0,,,,
KLO,2009,4,22,2,8.4,,,,,,,,969.7,,1.5,,0,0,0,0,0,0,0,,,,
KLO,2009,4,22,3,8.5,,,,,,,,969.8,,1.2,,0,0,0,0,0,0,0,,,,
KLO,2009,4,22,4,7.4,,,,,,,,969.8,,0.8,,2,0,0,0,0,0,0,,,,
KLO,2009,4,22,5,7.7,,,,,,,,970.1,,1,,61,0,0,0,0,0,0,,,,
KLO,2009,4,22,6,10.8,,,,,,,,970.3,,0.9,,218,0,0,0,0,0,0,,,,
KLO,2009,4,22,7,12.8,,,,,,,,970.3,,0.4,,404,3795.1,66.7,0,0,0,0,,,,
KLO,2009,4,22,8,15,,,,,,,,970.1,,1.3,,503,1617.5,83,0,0,0,0,,,,
KLO,2009,4,22,9,16.3,,,,,,,,970,,1.5,,541,1063.5,89.3,0,0,0,0,,,,
KLO,2009,4,22,10,18,,,,,,,,969.5,,0.8,,737,1076.1,121.6,0,0,0,0,,,,
KLO,2009,4,22,11,19.6,,,,,,,,968.9,,1.2,,789,953.7,130.2,0,0,0,0,,,,
KLO,2009,4,22,12,20.6,,,,,,,,968.3,,1.7,,879,949,145,0,0,0,0,,,,
KLO,2009,4,22,13,20.2,,,,,,,,967.9,,2,,681,503.7,271,0,0,0,0,,,,
KLO,2009,4,22,14,19.7,,,,,,,,967.6,,4.3,,311,15.9,298.1,0,0,0,0,,,,
KLO,2009,4,22,15,19.2,,,,,,,,967.5,,4.4,,322,25.8,302.4,0,0,0,0,,,,
KLO,2009,4,22,16,19,,,,,,,,967.5,,3.6,,233,10,226.3,0,0,0,0,,,,
KLO,2009,4,22,17,17.5,,,,,,,,967.9,,5,,76,1.3,75.3,0,0,0,0,,,,
KLO,2009,4,22,18,16.1,,,,,,,,968.5,,5,,10,0,10,0,0,0,0,,,,
KLO,2009,4,22,19,14,,,,,,,,969.1,,2.7,,0,0,0,0,0,0,0,,,,
KLO,2009,4,22,20,12.8,,,,,,,,969.7,,1.9,,0,0,0,0,0,0,0,,,,
KLO,2009,4,22,21,12.7,,,,,,,,970,,3.2,,0,0,0,0,0,0,0,,,,
KLO,2009,4,22,22,12.8,,,,,,,,969.9,,2.4,,0,0,0,0,0,0,0,,,,
KLO,2009,4,22,23,12.3,,,,,,,,970,,4.4,,0,0,0,0,0,0,0,,,,
KLO,2009,4,23,0,11.4,,,,,,,,970.1,,3.8,,0,0,0,0,0,0,0,,,,
KLO,2009,4,23,1,10.8,,,,,,,,970.1,,3.5,,0,0,0,0,0,0,0,,,,
KLO,2009,4,23,2,10.1,,,,,,,,970,,2.5,,0,0,0,0,0,0,0,,,,
KLO,2009,4,23,3,8.7,,,,,,,,970.1,,2.1,,0,0,0,0,0,0,0,,,,
KLO,2009,4,23,4,7.6,,,,,,,,970.1,,2.1,,2,0,0,0,0,0,0,,,,
KLO,2009,4,23,5,7.3,,,,,,,,970.3,,0.9,,59,0,0,0,0,0,0,,,,
KLO,2009,4,23,6,9.1,,,,,,,,970.6,,0.8,,168,0,0,0,0,0,0,,,,
KLO,2009,4,23,7,10.5,,,,,,,,970.5,,1.2,,414,3693,68.3,0,0,0,0,,,,
KLO,2009,4,23,8,11.8,,,,,,,,970.5,,1.6,,595,1880.1,98.2,0,0,0,0,,,,
KLO,2009,4,23,9,12.7,,,,,,,,970.4,,1.6,,709,1379.6,117,0,0,0,0,,,,
KLO,2009,4,23,10,13.6,,,,,,,,970.2,,1.5,,878,1272.9,144.9,0,0,0,0,,,,
KLO,2009,4,23,11,14.8,,,,,,,,969.6,,1.8,,886,1065.1,146.2,0,0,0,0,,,,
KLO,2009,4,23,12,14.8,,,,,,,,969.1,,1.4,,811,867.7,136.8,0,0,0,0,,,,
KLO,2009,4,23,13,14.9,,,,,,,,968.5,,1.4,,433,78.8,368.6,0,0,0,0,,,,
KLO,2009,4,23,14,14.3,,,,,,,,968.4,,4.4,,251,6.6,245.6,0,0,0,0,,,,
KLO,2009,4,23,15,14.2,,,,,,,,968.1,,3.5,,265,10,257.4,0,0,0,0,,,,
KLO,2009,4,23,16,12.4,,,,,,,,968.6,,6.9,,175,4.5,172,0,0,0,0,,,,
KLO,2009,4,23,17,11.5,,,,,,,,969.1,,4.4,,67,1,66.5,0,0,0,0,,,,
KLO,2009,4,23,18,10.7,,,,,,,,969.8,,4.6,,12,0.1,12,0,0,0,0,,,,
KLO,2009,4,23,19,10,,,,,,,,970.4,,3.4,,0,0,0,0,0,0,0,,,,
KLO,2009,4,23,20,9.4,,,,,,,,970.7,,4.2,,0,0,0,0,0,0,0,,,,
KLO,2009,4,23,21,8.4,,,,,,,,970.8,,4.6,,0,0,0,0,0,0,0,,,,
KLO,2009,4,23,22,6.9,,,,,,,,970.5,,4.7,,0,0,0,0,0,0,0,,,,
KLO,2009,4,23,23,6,,,,,,,,970.4,,3.4,,0,0,0,0,0,0,0,,,,
KLO,2009,4,24,0,4.4,,,,,,,,970,,2.2,,0,0,0,0,0,0,0,,,,
KLO,2009,4,24,1,4.9,,,,,,,,969,,5.4,,0,0,0,0,0,0,0,,,,
KLO,2009,4,24,2,4.9,,,,,,,,968.8,,3.7,,0,0,0,0,0,0,0,,,,
KLO,2009,4,24,3,3.5,,,,,,,,968.3,,1.7,,0,0,0,0,0,0,0,,,,
KLO,2009,4,24,4,3.9,,,,,,,,968,,3.6,,1,0,0,0,0,0,0,,,,
KLO,2009,4,24,5,4.4,,,,,,,,967.8,,3.2,,67,0,0,0,0,0,0,,,,
KLO,2009,4,24,6,5.3,,,,,,,,967.4,,3.2,,205,0,0,0,0,0,0,,,,
KLO,2009,4,24,7,6.7,,,,,,,,967.2,,4.9,,392,3331.1,64.7,0,0,0,0,,,,
KLO,2009,4,24,8,8.3,,,,,,,,966.9,,5.7,,541,1680.8,89.3,0,0,0,0,,,,
KLO,2009,4,24,9,9.6,,,,,,,,966.6,,6.2,,663,1277.4,109.4,0,0,0,0,,,,
KLO,2009,4,24,10,11.8,,,,,,,,966,,6.2,,821,1182,135.5,0,0,0,0,,,,
KLO,2009,4,24,11,13.8,,,,,,,,965.5,,6.7,,873,1043.8,144,0,0,0,0,,,,
KLO,2009,4,24,12,15.1,,,,,,,,964.9,,6,,856,915.8,141.2,0,0,0,0,,,,
KLO,2009,4,24,13,16.1,,,,,,,,964.5,,4.3,,776,715.4,188.9,0,0,0,0,,,,
KLO,2009,4,24,14,16.5,,,,,,,,963.9,,2.4,,528,193,370.5,0,0,0,0,,,,
KLO,2009,4,24,15,14.7,,,,,,,,963.7,,2.8,,82,0.8,81.4,0,0,0,0,,,,
KLO,2009,4,24,16,14.6,,,,,,,,963.6,,3.6,,358,77.7,305.3,0,0,0,0,,,,
KLO,2009,4,24,17,12.7,,,,,,,,963.6,,3,,125,3.4,123.1,0,0,0,0,,,,
KLO,2009,4,24,18,11.4,,,,,,,,963.9,,1.9,,13,0.1,13,0,0,0,0,,,,
KLO,2009,4,24,19,10.8,,,,,,,,963.9,,1.2,,0,0,0,0,0,0,0,,,,
KLO,2009,4,24,20,9.4,,,,,,,,963.5,,1.9,,0,0,0,0,0,0,0,,,,
KLO,2009,4,24,21,9.2,,,,,,,,963.6,,1.8,,0,0,0,0,0,0,0,,,,
KLO,2009,4,24,22,9,,,,,,,,963.2,,2.7,,0,0,0,0,0,0,0,,,,
KLO,2009,4,24,23,8.8,,,,,,,,963.3,,2.5,,0,0,0,0,0,0,0,,,,
KLO,2009,4,25,0,9.1,,,,,,,,963.1,,2.7,,0,0,0,0,0,0,0,,,,
KLO,2009,4,25,1,8.1,,,,,,,,962.9,,1.3,,0,0,0,0,0,0,0,,,,
KLO,2009,4,25,2,7.8,,,,,,,,963.4,,2,,0,0,0,0,0,0,0,,,,
KLO,2009,4,25,3,8.1,,,,,,,,963.2,,1.5,,0,0,0,0,0,0,0,,,,
KLO,2009,4,25,4,7,,,,,,,,963.5,,0.7,,3,0,0,0,0,0,0,,,,
KLO,2009,4,25,5,7.2,,,,,,,,963.8,,1.4,,82,0,0,0,0,0,0,,,,
KLO,2009,4,25,6,9.4,,,,,,,,964.3,,1.3,,204,0,0,0,0,0,0,,,,
KLO,2009,4,25,7,11.7,,,,,,,,964.5,,1,,437,3547.6,72.1,0,0,0,0,,,,
KLO,2009,4,25,8,14.2,,,,,,,,964.4,,0.7,,615,1879.7,101.5,0,0,0,0,,,,
KLO,2009,4,25,9,16.4,,,,,,,,964.3,,0.7,,731,1394.9,120.6,0,0,0,0,,,,
KLO,2009,4,25,10,18.7,,,,,,,,963.8,,1.3,,820,1172.6,135.3,0,0,0,0,,,,
KLO,2009,4,25,11,20.5,,,,,,,,963.2,,1.5,,831,988.4,137.1,0,0,0,0,,,,
KLO,2009,4,25,12,21.2,,,,,,,,962.7,,1.7,,821,872,137.4,0,0,0,0,,,,
KLO,2009,4,25,13,21.9,,,,,,,,962.4,,3.8,,775,706.8,192.6,0,0,0,0,,,,
KLO,2009,4,25,14,21.9,,,,,,,,962,,4.1,,593,303.1,344.6,0,0,0,0,,,,
KLO,2009,4,25,15,21.6,,,,,,,,961.4,,4.6,,440,112,353.7,0,0,0,0,,,,
KLO,2009,4,25,16,21.5,,,,,,,,961.1,,4.8,,359,77.2,306.4,0,0,0,0,,,,
KLO,2009,4,25,17,20.4,,,,,,,,960.8,,4.6,,113,2.7,111.5,0,0,0,0,,,,
KLO,2009,4,25,18,18.4,,,,,,,,960.7,,3,,15,0.1,15,0,0,0,0,,,,
KLO,2009,4,25,19,16.4,,,,,,,,961,,3.3,,0,0,0,0,0,0,0,,,,
KLO,2009,4,25,20,14.6,,,,,,,,961.3,,2.9,,0,0,0,0,0,0,0,,,,
KLO,2009,4,25,21,13.1,,,,,,,,961.1,,1.9,,0,0,0,0,0,0,0,,,,
KLO,2009,4,25,22,9.9,,,,,,,,961.1,,0.9,,0,0,0,0,0,0,0,,,,
KLO,2009,4,25,23,8.1,,,,,,,,961,,1,,0,0,0,0,0,0,0,,,,
KLO,2009,4,26,0,7.4,,,,,,,,961,,1.4,,0,0,0,0,0,0,0,,,,
KLO,2009,4,26,1,7.1,,,,,,,,960.8,,0.6,,0,0,0,0,0,0,0,,,,
KLO,2009,4,26,2,6.7,,,,,,,,960.7,,1.2,,0,0,0,0,0,0,0,,,,
KLO,2009,4,26,3,5.9,,,,,,,,960.6,,0.8,,0,0,0,0,0,0,0,,,,
KLO,2009,4,26,4,5.5,,,,,,,,960.4,,0.7,,1,0,0,0,0,0,0,,,,
KLO,2009,4,26,5,6.4,,,,,,,,960.3,,1,,26,0,0,0,0,0,0,,,,
KLO,2009,4,26,6,8,,,,,,,,960.9,,0.8,,53,0,0,0,0,0,0,,,,
KLO,2009,4,26,7,9.1,,,,,,,,961,,0.9,,77,293.1,45.5,0,0,0,0,,,,
KLO,2009,4,26,8,11,,,,,,,,960.4,,0.7,,270,764.9,57.7,0,0,0,0,,,,
KLO,2009,4,26,9,14.5,,,,,,,,959.5,,1.2,,415,705.5,103.4,0,0,0,0,,,,
KLO,2009,4,26,10,17.5,,,,,,,,958.5,,2.6,,712,1011.5,117.5,0,0,0,0,,,,
KLO,2009,4,26,11,19.5,,,,,,,,957.6,,2.6,,850,1005.8,140.2,0,0,0,0,,,,
KLO,2009,4,26,12,20.7,,,,,,,,956.7,,2.8,,760,752,167.9,0,0,0,0,,,,
KLO,2009,4,26,13,21.9,,,,,,,,955.8,,3.6,,762,670.9,207,0,0,0,0,,,,
KLO,2009,4,26,14,21.7,,,,,,,,955.1,,3.6,,515,168.7,376.2,0,0,0,0,,,,
KLO,2009,4,26,15,20.5,,,,,,,,954.7,,3.2,,131,1.9,129.5,0,0,0,0,,,,
KLO,2009,4,26,16,19.6,,,,,,,,954.7,,4.8,,121,2.1,119.6,0,0,0,0,,,,
KLO,2009,4,26,17,18.4,,,,,,,,954.2,,3.1,,88,1.6,87.1,0,0,0,0,,,,
KLO,2009,4,26,18,17,,,,,,,,954.2,,3,,14,0.1,14,0,0,0,0,,,,
KLO,2009,4,26,19,16.1,,,,,,,,954.7,,2.4,,0,0,0,0,0,0,0,,,,
KLO,2009,4,26,20,12,,,,,,,,955.3,,1.1,,0,0,0,0,0,0,0,,,,
KLO,2009,4,26,21,11.7,,,,,,,,955.3,,1.1,,0,0,0,0,0,0,0,,,,
KLO,2009,4,26,22,10.1,,,,,,,,955.1,,2,,0,0,0,0,0,0,0,,,,
KLO,2009,4,26,23,9.5,,,,,,,,955.6,,1.3,,0,0,0,0,0,0,0,,,,
KLO,2009,4,27,0,10.2,,,,,,,,956.2,,2.6,,0,0,0,0,0,0,0,,,,
KLO,2009,4,27,1,10.6,,,,,,,,956.9,,3.7,,0,0,0,0,0,0,0,,,,
KLO,2009,4,27,2,10.4,,,,,,,,957.4,,2.9,,0,0,0,0,0,0,0,,,,
KLO,2009,4,27,3,9.6,,,,,,,,957.7,,1.7,,0,0,0,0,0,0,0,,,,
KLO,2009,4,27,4,10.2,,,,,,,,957.7,,1.4,,1,0,0,0,0,0,0,,,,
KLO,2009,4,27,5,10.7,,,,,,,,958,,1.5,,19,0,0,0,0,0,0,,,,
KLO,2009,4,27,6,11.5,,,,,,,,958.2,,1.2,,42,0,0,0,0,0,0,,,,
KLO,2009,4,27,7,11.3,,,,,,,,958.3,,0.8,,70,168.8,51.1,0,0,0,0,,,,
KLO,2009,4,27,8,11.4,,,,,,,,958,,1.8,,152,86.4,127.6,0,0,0,0,,,,
KLO,2009,4,27,9,11.2,,,,,,,,958,,2.2,,179,20.1,170,0,0,0,0,,,,
KLO,2009,4,27,10,11.2,,,,,,,,957.4,,2.2,,170,5.5,166.7,0,0,0,0,,,,
KLO,2009,4,27,11,12.2,,,,,,,,956.7,,1,,326,39.7,297.8,0,0,0,0,,,,
KLO,2009,4,27,12,13.5,,,,,,,,955.9,,1.8,,435,94.9,360,0,0,0,0,,,,
KLO,2009,4,27,13,14.4,,,,,,,,955.4,,3,,544,204.6,374.1,0,0,0,0,,,,
KLO,2009,4,27,14,14.1,,,,,,,,955.1,,3,,302,12.8,291.5,0,0,0,0,,,,
KLO,2009,4,27,15,13.3,,,,,,,,954.7,,3.2,,127,1.8,125.6,0,0,0,0,,,,
KLO,2009,4,27,16,12.4,,,,,,,,954.4,,4.4,,105,1.6,103.9,0,0,0,0,,,,
KLO,2009,4,27,17,11.9,,,,,,,,953.9,,2.9,,43,0.4,42.8,0,0,0,0,,,,
KLO,2009,4,27,18,11.4,,,,,,,,953.8,,1.5,,4,0,4,0,0,0,0,,,,
KLO,2009,4,27,19,11,,,,,,,,953.8,,2.5,,0,0,0,0,0,0,0,,,,
KLO,2009,4,27,20,10.5,,,,,,,,953.6,,2.7,,0,0,0,0,0,0,0,,,,
KLO,2009,4,27,21,10.3,,,,,,,,953.2,,2.3,,0,0,0,0,0,0,0,,,,
KLO,2009,4,27,22,10.1,,,,,,,,952.9,,2.2,,0,0,0,0,0,0,0,,,,
KLO,2009,4,27,23,10.2,,,,,,,,953,,2.7,,0,0,0,0,0,0,0,,,,
KLO,2009,4,28,0,10,,,,,,,,952.7,,3.4,,0,0,0,0,0,0,0,,,,
KLO,2009,4,28,1,9.8,,,,,,,,952.7,,2.1,,0,0,0,0,0,0,0,,,,
KLO,2009,4,28,2,9.1,,,,,,,,952.8,,1.6,,0,0,0,0,0,0,0,,,,
KLO,2009,4,28,3,8.6,,,,,,,,952.8,,1.7,,0,0,0,0,0,0,0,,,,
KLO,2009,4,28,4,8.4,,,,,,,,952.9,,1.6,,0,0,0,0,0,0,0,,,,
KLO,2009,4,28,5,8.6,,,,,,,,953.1,,1.6,,9,0,0,0,0,0,0,,,,
KLO,2009,4,28,6,8.9,,,,,,,,953.5,,1,,35,0,0,0,0,0,0,,,,
KLO,2009,4,28,7,8.8,,,,,,,,954.1,,2,,72,161.7,53.2,0,0,0,0,,,,
KLO,2009,4,28,8,9.4,,,,,,,,954.3,,2.2,,170,134.9,131.4,0,0,0,0,,,,
KLO,2009,4,28,9,9.5,,,,,,,,955,,3.2,,182,20.9,172.6,0,0,0,0,,,,
KLO,2009,4,28,10,8.2,,,,,,,,955.9,,5.5,,183,6.5,179.1,0,0,0,0,,,,
KLO,2009,4,28,11,8.4,,,,,,,,956.5,,4.4,,300,25.5,281.8,0,0,0,0,,,,
KLO,2009,4,28,12,9.1,,,,,,,,956.9,,2.9,,273,9.7,265.3,0,0,0,0,,,,
KLO,2009,4,28,13,9.5,,,,,,,,957,,3.7,,260,6.8,254.3,0,0,0,0,,,,
KLO,2009,4,28,14,8.8,,,,,,,,957.4,,3.9,,158,2.4,156,0,0,0,0,,,,
KLO,2009,4,28,15,7.8,,,,,,,,957.7,,3.2,,65,0.5,64.6,0,0,0,0,,,,
KLO,2009,4,28,16,7.1,,,,,,,,958,,3.3,,37,0.2,36.9,0,0,0,0,,,,
KLO,2009,4,28,17,7,,,,,,,,957.9,,4,,32,0.2,31.9,0,0,0,0,,,,
KLO,2009,4,28,18,6.4,,,,,,,,957.9,,3.6,,8,0,8,0,0,0,0,,,,
KLO,2009,4,28,19,6,,,,,,,,957.9,,3.2,,0,0,0,0,0,0,0,,,,
KLO,2009,4,28,20,5.9,,,,,,,,958,,2.9,,0,0,0,0,0,0,0,,,,
KLO,2009,4,28,21,5.8,,,,,,,,957.8,,1.9,,0,0,0,0,0,0,0,,,,
KLO,2009,4,28,22,5.3,,,,,,,,957.8,,1,,0,0,0,0,0,0,0,,,,
KLO,2009,4,28,23,4.9,,,,,,,,957.6,,0.7,,0,0,0,0,0,0,0,,,,
KLO,2009,4,29,0,4.9,,,,,,,,957.2,,1.2,,0,0,0,0,0,0,0,,,,
KLO,2009,4,29,1,5.1,,,,,,,,957.3,,1.6,,0,0,0,0,0,0,0,,,,
KLO,2009,4,29,2,4.9,,,,,,,,957.2,,1.1,,0,0,0,0,0,0,0,,,,
KLO,2009,4,29,3,4.9,,,,,,,,956.9,,0.6,,0,0,0,0,0,0,0,,,,
KLO,2009,4,29,4,5.1,,,,,,,,956.8,,0.6,,3,0,0,0,0,0,0,,,,
KLO,2009,4,29,5,5.7,,,,,,,,956.9,,0.2,,29,0,0,0,0,0,0,,,,
KLO,2009,4,29,6,6.3,,,,,,,,957.3,,0.2,,70,0,0,0,0,0,0,,,,
KLO,2009,4,29,7,6.7,,,,,,,,957.9,,1.1,,70,121.9,55.3,0,0,0,0,,,,
KLO,2009,4,29,8,6.9,,,,,,,,958.7,,3.3,,62,3.1,61.1,0,0,0,0,,,,
KLO,2009,4,29,9,6.8,,,,,,,,959.6,,3.9,,92,2.8,90.8,0,0,0,0,,,,
KLO,2009,4,29,10,6.7,,,,,,,,960.4,,3.4,,125,2.9,123.3,0,0,0,0,,,,
KLO,2009,4,29,11,7.4,,,,,,,,960.9,,3.3,,193,4.9,189.5,0,0,0,0,,,,
KLO,2009,4,29,12,8.8,,,,,,,,961.1,,2.6,,325,21.8,307.6,0,0,0,0,,,,
KLO,2009,4,29,13,10.2,,,,,,,,960.9,,1.5,,439,76.3,375.2,0,0,0,0,,,,
KLO,2009,4,29,14,10.7,,,,,,,,961,,1.5,,328,18.5,312.7,0,0,0,0,,,,
KLO,2009,4,29,15,11.1,,,,,,,,961.3,,3.7,,263,8.9,256.1,0,0,0,0,,,,
KLO,2009,4,29,16,11.1,,,,,,,,961.9,,4.8,,230,8.5,224.1,0,0,0,0,,,,
KLO,2009,4,29,17,9.4,,,,,,,,962.6,,5.7,,80,1.3,79.2,0,0,0,0,,,,
KLO,2009,4,29,18,7.9,,,,,,,,963.5,,4.7,,12,0.1,12,0,0,0,0,,,,
KLO,2009,4,29,19,7.3,,,,,,,,964.3,,3.1,,0,0,0,0,0,0,0,,,,
KLO,2009,4,29,20,6.2,,,,,,,,965,,2.2,,0,0,0,0,0,0,0,,,,
KLO,2009,4,29,21,6.2,,,,,,,,965.4,,0.7,,0,0,0,0,0,0,0,,,,
KLO,2009,4,29,22,4.9,,,,,,,,965.8,,1.4,,0,0,0,0,0,0,0,,,,
KLO,2009,4,29,23,5.1,,,,,,,,966.1,,1.2,,0,0,0,0,0,0,0,,,,
KLO,2009,4,30,0,5.1,,,,,,,,966,,1.2,,0,0,0,0,0,0,0,,,,
KLO,2009,4,30,1,4.5,,,,,,,,966.2,,0.9,,0,0,0,0,0,0,0,,,,
KLO,2009,4,30,2,4.3,,,,,,,,966.4,,1,,0,0,0,0,0,0,0,,,,
KLO,2009,4,30,3,4.2,,,,,,,,966.7,,1.1,,0,0,0,0,0,0,0,,,,
KLO,2009,4,30,4,4.7,,,,,,,,967,,1,,3,0,0,0,0,0,0,,,,
KLO,2009,4,30,5,5.6,,,,,,,,967.3,,0.7,,30,0,0,0,0,0,0,,,,
KLO,2009,4,30,6,6.6,,,,,,,,967.5,,1.2,,91,0,0,0,0,0,0,,,,
KLO,2009,4,30,7,8,,,,,,,,967.6,,2.4,,243,1626.1,40.1,0,0,0,0,,,,
KLO,2009,4,30,8,9.1,,,,,,,,967.8,,2.1,,334,947.9,55.1,0,0,0,0,,,,
KLO,2009,4,30,9,9.6,,,,,,,,967.8,,1.3,,318,261.6,198.4,0,0,0,0,,,,
KLO,2009,4,30,10,11.4,,,,,,,,967.6,,1.2,,796,1103.4,131.3,0,0,0,0,,,,
KLO,2009,4,30,11,12.6,,,,,,,,967.2,,1.4,,978,1135.4,161.4,0,0,0,0,,,,
KLO,2009,4,30,12,13.4,,,,,,,,966.9,,1.7,,664,495.5,267.6,0,0,0,0,,,,
KLO,2009,4,30,13,13.3,,,,,,,,966.8,,2.1,,353,25.5,331.6,0,0,0,0,,,,
KLO,2009,4,30,14,13.2,,,,,,,,966.6,,2.5,,330,18.7,314.4,0,0,0,0,,,,
KLO,2009,4,30,15,13.5,,,,,,,,966.7,,3.3,,312,19.2,297,0,0,0,0,,,,
KLO,2009,4,30,16,13,,,,,,,,966.9,,3.7,,155,3.3,152.7,0,0,0,0,,,,
KLO,2009,4,30,17,12.4,,,,,,,,967.1,,3,,65,0.9,64.5,0,0,0,0,,,,
KLO,2009,4,30,18,11.8,,,,,,,,967.5,,3.2,,13,0.1,13,0,0,0,0,,,,
KLO,2009,4,30,19,9.9,,,,,,,,967.8,,2.6,,0,0,0,0,0,0,0,,,,
KLO,2009,4,30,20,8.5,,,,,,,,968.1,,1.3,,0,0,0,0,0,0,0,,,,
KLO,2009,4,30,21,9,,,,,,,,968.3,,1,,0,0,0,0,0,0,0,,,,
KLO,2009,4,30,22,7.5,,,,,,,,968.5,,2.1,,0,0,0,0,0,0,0,,,,
KLO,2009,4,30,23,5.8,,,,,,,,968.7,,2,,0,0,0,0,0,0,0,,,,
KLO,2009,5,1,0,5,,,,,,,,968.5,,2,,0,0,0,0,0,0,0,,,,
KLO,2009,5,1,1,4.2,,,,,,,,968.2,,1.3,,0,0,0,0,0,0,0,,,,
KLO,2009,5,1,2,3.7,,,,,,,,968.4,,0.5,,0,0,0,0,0,0,0,,,,
KLO,2009,5,1,3,2.7,,,,,,,,968.6,,1.6,,0,0,0,0,0,0,0,,,,
KLO,2009,5,1,4,2.6,,,,,,,,969,,1.4,,6,0,0,0,0,0,0,,,,
KLO,2009,5,1,5,3.3,,,,,,,,969.5,,0.6,,79,0,0,0,0,0,0,,,,
KLO,2009,5,1,6,6.5,,,,,,,,969.9,,0.7,,200,0,0,0,0,0,0,,,,
KLO,2009,5,1,7,8.7,,,,,,,,970.4,,1.4,,318,2059.3,52.5,0,0,0,0,,,,
KLO,2009,5,1,8,10.8,,,,,,,,970.7,,1.5,,544,1523.4,89.8,0,0,0,0,,,,
KLO,2009,5,1,9,12.7,,,,,,,,970.8,,1.5,,743,1345.7,122.6,0,0,0,0,,,,
KLO,2009,5,1,10,15.1,,,,,,,,970.6,,3.2,,833,1148.1,137.4,0,0,0,0,,,,
KLO,2009,5,1,11,16.2,,,,,,,,970.5,,2.5,,815,941.9,134.5,0,0,0,0,,,,
KLO,2009,5,1,12,16.5,,,,,,,,970.5,,2,,583,309.5,334.5,0,0,0,0,,,,
KLO,2009,5,1,13,17.4,,,,,,,,970.4,,2.4,,695,487,284.8,0,0,0,0,,,,
KLO,2009,5,1,14,18,,,,,,,,970.3,,1.9,,640,374.9,326.2,0,0,0,0,,,,
KLO,2009,5,1,15,17.9,,,,,,,,970.4,,1,,374,46.9,337,0,0,0,0,,,,
KLO,2009,5,1,16,17.9,,,,,,,,970.6,,0.8,,310,33.5,286.6,0,0,0,0,,,,
KLO,2009,5,1,17,16.4,,,,,,,,970.9,,2.6,,32,0.2,31.9,0,0,0,0,,,,
KLO,2009,5,1,18,14.1,,,,,,,,971.6,,2.3,,8,0,8,0,0,0,0,,,,
KLO,2009,5,1,19,12.7,,,,,,,,972.4,,1.7,,0,0,0,0,0,0,0,,,,
KLO,2009,5,1,20,11.6,,,,,,,,973.1,,0.4,,0,0,0,0,0,0,0,,,,
KLO,2009,5,1,21,12.2,,,,,,,,973.3,,0.8,,0,0,0,0,0,0,0,,,,
KLO,2009,5,1,22,11.7,,,,,,,,973.6,,1.3,,0,0,0,0,0,0,0,,,,
KLO,2009,5,1,23,10.6,,,,,,,,973.9,,2.1,,0,0,0,0,0,0,0,,,,
KLO,2009,5,2,0,10.9,,,,,,,,974.1,,1.9,,0,0,0,0,0,0,0,,,,
KLO,2009,5,2,1,10.7,,,,,,,,974,,1.6,,0,0,0,0,0,0,0,,,,
KLO,2009,5,2,2,10.8,,,,,,,,974.2,,1.6,,0,0,0,0,0,0,0,,,,
KLO,2009,5,2,3,10.3,,,,,,,,974.7,,1.9,,0,0,0,0,0,0,0,,,,
KLO,2009,5,2,4,9.5,,,,,,,,974.7,,1.2,,3,0,0,0,0,0,0,,,,
KLO,2009,5,2,5,10.1,,,,,,,,975.2,,0.7,,67,0,0,0,0,0,0,,,,
KLO,2009,5,2,6,11.4,,,,,,,,975.6,,1,,140,0,0,0,0,0,0,,,,
KLO,2009,5,2,7,13,,,,,,,,976,,2.2,,367,2303.6,60.6,0,0,0,0,,,,
KLO,2009,5,2,8,14.1,,,,,,,,976.3,,2.4,,321,887.8,52.8,0,0,0,0,,,,
KLO,2009,5,2,9,14.8,,,,,,,,976.5,,2.9,,446,745.4,99.7,0,0,0,0,,,,
KLO,2009,5,2,10,15.9,,,,,,,,976.3,,2.5,,802,1099.3,132.3,0,0,0,0,,,,
KLO,2009,5,2,11,16.6,,,,,,,,975.9,,1.3,,689,727,161.5,0,0,0,0,,,,
KLO,2009,5,2,12,17.3,,,,,,,,975.5,,1.9,,483,140.9,369.4,0,0,0,0,,,,
KLO,2009,5,2,13,13.1,,,,,,,,975.8,,4.7,,33,0.1,32.9,0,0,0,0,,,,
KLO,2009,5,2,14,13.1,,,,,,,,975.7,,2.6,,389,41.7,354,0,0,0,0,,,,
KLO,2009,5,2,15,14.2,,,,,,,,975.7,,1.8,,269,9.4,261.6,0,0,0,0,,,,
KLO,2009,5,2,16,13.7,,,,,,,,975.5,,1.5,,131,2.3,129.4,0,0,0,0,,,,
KLO,2009,5,2,17,13.6,,,,,,,,975.6,,0.7,,86,1.5,85.1,0,0,0,0,,,,
KLO,2009,5,2,18,12.6,,,,,,,,976,,1.6,,11,0,11,0,0,0,0,,,,
KLO,2009,5,2,19,12.6,,,,,,,,976.8,,2.5,,0,0,0,0,0,0,0,,,,
KLO,2009,5,2,20,11.1,,,,,,,,976.9,,2.4,,0,0,0,0,0,0,0,,,,
KLO,2009,5,2,21,9.8,,,,,,,,976.7,,1.1,,0,0,0,0,0,0,0,,,,
KLO,2009,5,2,22,10,,,,,,,,976.7,,1.2,,0,0,0,0,0,0,0,,,,
KLO,2009,5,2,23,8.6,,,,,,,,975.9,,1.1,,0,0,0,0,0,0,0,,,,
KLO,2009,5,3,0,8.2,,,,,,,,975.5,,0.8,,0,0,0,0,0,0,0,,,,
KLO,2009,5,3,1,6.4,,,,,,,,975.3,,0.9,,0,0,0,0,0,0,0,,,,
KLO,2009,5,3,2,6.7,,,,,,,,975,,0.3,,0,0,0,0,0,0,0,,,,
KLO,2009,5,3,3,7.1,,,,,,,,974.8,,0.6,,0,0,0,0,0,0,0,,,,
KLO,2009,5,3,4,7.1,,,,,,,,974.6,,0.5,,6,0,0,0,0,0,0,,,,
KLO,2009,5,3,5,7.1,,,,,,,,974.8,,0.4,,50,0,0,0,0,0,0,,,,
KLO,2009,5,3,6,7.6,,,,,,,,974.8,,0.4,,131,0,0,0,0,0,0,,,,
KLO,2009,5,3,7,8.8,,,,,,,,974.6,,0.4,,289,1761,47.7,0,0,0,0,,,,
KLO,2009,5,3,8,10.7,,,,,,,,974.4,,1.6,,394,1075.6,65,0,0,0,0,,,,
KLO,2009,5,3,9,13.2,,,,,,,,974,,2.4,,759,1353.6,125.2,0,0,0,0,,,,
KLO,2009,5,3,10,15.2,,,,,,,,973.5,,2.3,,845,1152,139.4,0,0,0,0,,,,
KLO,2009,5,3,11,17.4,,,,,,,,972.6,,2,,892,1022.1,147.2,0,0,0,0,,,,
KLO,2009,5,3,12,18.4,,,,,,,,972,,1.1,,872,900.1,143.9,0,0,0,0,,,,
KLO,2009,5,3,13,19.6,,,,,,,,971.5,,1.6,,812,742.3,182.7,0,0,0,0,,,,
KLO,2009,5,3,14,19.9,,,,,,,,971,,1.2,,608,303.5,352.3,0,0,0,0,,,,
KLO,2009,5,3,15,18.3,,,,,,,,970.7,,4.3,,280,11,271.3,0,0,0,0,,,,
KLO,2009,5,3,16,17.4,,,,,,,,970.5,,2.7,,117,1.8,115.7,0,0,0,0,,,,
KLO,2009,5,3,17,16.7,,,,,,,,970.6,,2.4,,72,1,71.4,0,0,0,0,,,,
KLO,2009,5,3,18,14.6,,,,,,,,971.1,,2,,15,0.1,15,0,0,0,0,,,,
KLO,2009,5,3,19,14.1,,,,,,,,972,,4,,0,0,0,0,0,0,0,,,,
KLO,2009,5,3,20,13.1,,,,,,,,972.4,,3.9,,0,0,0,0,0,0,0,,,,
KLO,2009,5,3,21,11.5,,,,,,,,972.6,,2.8,,0,0,0,0,0,0,0,,,,
KLO,2009,5,3,22,10.9,,,,,,,,972.6,,1.2,,0,0,0,0,0,0,0,,,,
KLO,2009,5,3,23,10.4,,,,,,,,972.7,,0.8,,0,0,0,0,0,0,0,,,,
KLO,2009,5,4,0,10.7,,,,,,,,972.6,,1.5,,0,0,0,0,0,0,0,,,,
KLO,2009,5,4,1,10,,,,,,,,972.7,,2.2,,0,0,0,0,0,0,0,,,,
KLO,2009,5,4,2,9.2,,,,,,,,972.6,,2.3,,0,0,0,0,0,0,0,,,,
KLO,2009,5,4,3,9,,,,,,,,972.4,,0.7,,0,0,0,0,0,0,0,,,,
KLO,2009,5,4,4,9,,,,,,,,972.5,,0.4,,0,0,0,0,0,0,0,,,,
KLO,2009,5,4,5,9.2,,,,,,,,972.6,,0.3,,18,0,0,0,0,0,0,,,,
KLO,2009,5,4,6,9.1,,,,,,,,972.8,,1,,31,0,0,0,0,0,0,,,,
KLO,2009,5,4,7,8.8,,,,,,,,973.1,,1.7,,55,17.7,52.5,0,0,0,0,,,,
KLO,2009,5,4,8,9.2,,,,,,,,973.2,,1.7,,99,7.4,96.7,0,0,0,0,,,,
KLO,2009,5,4,9,8.4,,,,,,,,973.5,,4.1,,86,2.2,84.9,0,0,0,0,,,,
KLO,2009,5,4,10,8.5,,,,,,,,973.7,,3.7,,153,4.1,150.5,0,0,0,0,,,,
KLO,2009,5,4,11,9.2,,,,,,,,973.4,,1.7,,324,33.4,299.6,0,0,0,0,,,,
KLO,2009,5,4,12,10,,,,,,,,973.3,,1.5,,292,12,282.3,0,0,0,0,,,,
KLO,2009,5,4,13,10.3,,,,,,,,973.1,,1.9,,277,7.9,270.2,0,0,0,0,,,,
KLO,2009,5,4,14,10.9,,,,,,,,972.9,,1.7,,293,10.2,284.4,0,0,0,0,,,,
KLO,2009,5,4,15,11.6,,,,,,,,972.8,,2.4,,338,27,316.5,0,0,0,0,,,,
KLO,2009,5,4,16,11.1,,,,,,,,972.7,,2.8,,248,10.7,240.4,0,0,0,0,,,,
KLO,2009,5,4,17,10.1,,,,,,,,972.8,,2.6,,102,2,100.8,0,0,0,0,,,,
KLO,2009,5,4,18,8.7,,,,,,,,973.1,,2.2,,33,0.4,32.8,0,0,0,0,,,,
KLO,2009,5,4,19,7.1,,,,,,,,973.5,,1.3,,0,0,0,0,0,0,0,,,,
KLO,2009,5,4,20,6.5,,,,,,,,973.9,,1.8,,0,0,0,0,0,0,0,,,,
KLO,2009,5,4,21,8,,,,,,,,974,,1.6,,0,0,0,0,0,0,0,,,,
KLO,2009,5,4,22,6.1,,,,,,,,974.1,,1.1,,0,0,0,0,0,0,0,,,,
KLO,2009,5,4,23,5,,,,,,,,974,,0.4,,0,0,0,0,0,0,0,,,,
KLO,2009,5,5,0,3.8,,,,,,,,973.6,,0.6,,0,0,0,0,0,0,0,,,,
KLO,2009,5,5,1,2.9,,,,,,,,973.2,,0.4,,0,0,0,0,0,0,0,,,,
KLO,2009,5,5,2,1.7,,,,,,,,973.4,,1,,0,0,0,0,0,0,0,,,,
KLO,2009,5,5,3,1.3,,,,,,,,973.2,,0.2,,0,0,0,0,0,0,0,,,,
KLO,2009,5,5,4,1.1,,,,,,,,973.4,,0.2,,9,0,0,0,0,0,0,,,,
KLO,2009,5,5,5,2.4,,,,,,,,974.1,,0.5,,73,0,0,0,0,0,0,,,,
KLO,2009,5,5,6,4.7,,,,,,,,974.4,,0.5,,106,0,0,0,0,0,0,,,,
KLO,2009,5,5,7,6.2,,,,,,,,974.9,,0.7,,169,974.6,27.9,0,0,0,0,,,,
KLO,2009,5,5,8,7.5,,,,,,,,974.9,,0.6,,183,126.6,143.3,0,0,0,0,,,,
KLO,2009,5,5,9,8.6,,,,,,,,974.8,,1.7,,214,36.5,196.7,0,0,0,0,,,,
KLO,2009,5,5,10,9.6,,,,,,,,974.8,,1.5,,304,56.1,269.3,0,0,0,0,,,,
KLO,2009,5,5,11,10.5,,,,,,,,974.5,,1.6,,380,72,327.1,0,0,0,0,,,,
KLO,2009,5,5,12,12,,,,,,,,974.2,,3.6,,465,114.1,372.1,0,0,0,0,,,,
KLO,2009,5,5,13,12.8,,,,,,,,974,,3.9,,493,120.5,390.2,0,0,0,0,,,,
KLO,2009,5,5,14,13,,,,,,,,973.7,,4.1,,367,29.8,341.7,0,0,0,0,,,,
KLO,2009,5,5,15,13.2,,,,,,,,973.5,,4.2,,242,6.3,237,0,0,0,0,,,,
KLO,2009,5,5,16,13.2,,,,,,,,973.6,,3.9,,176,4.1,173.1,0,0,0,0,,,,
KLO,2009,5,5,17,12.8,,,,,,,,973.5,,3.1,,88,1.5,87.1,0,0,0,0,,,,
KLO,2009,5,5,18,11.9,,,,,,,,973.5,,1.4,,12,0.1,12,0,0,0,0,,,,
KLO,2009,5,5,19,11.1,,,,,,,,973.6,,1.7,,0,0,0,0,0,0,0,,,,
KLO,2009,5,5,20,10.9,,,,,,,,973.9,,2.1,,0,0,0,0,0,0,0,,,,
KLO,2009,5,5,21,10.2,,,,,,,,973.8,,0.9,,0,0,0,0,0,0,0,,,,
KLO,2009,5,5,22,9.5,,,,,,,,973.7,,1.3,,0,0,0,0,0,0,0,,,,
KLO,2009,5,5,23,9.8,,,,,,,,973.4,,1.7,,0,0,0,0,0,0,0,,,,
KLO,2009,5,6,0,10,,,,,,,,972.9,,2.5,,0,0,0,0,0,0,0,,,,
KLO,2009,5,6,1,10,,,,,,,,972.5,,3.1,,0,0,0,0,0,0,0,,,,
KLO,2009,5,6,2,9.5,,,,,,,,972.5,,2.4,,0,0,0,0,0,0,0,,,,
KLO,2009,5,6,3,9.4,,,,,,,,972.3,,2.4,,0,0,0,0,0,0,0,,,,
KLO,2009,5,6,4,9.6,,,,,,,,972.3,,1.8,,1,0,0,0,0,0,0,,,,
KLO,2009,5,6,5,10,,,,,,,,972.2,,1,,14,0,0,0,0,0,0,,,,
KLO,2009,5,6,6,10.6,,,,,,,,972.4,,2.8,,64,0,0,0,0,0,0,,,,
KLO,2009,5,6,7,11,,,,,,,,972.4,,4.7,,97,204.7,66.6,0,0,0,0,,,,
KLO,2009,5,6,8,12.3,,,,,,,,972.3,,5,,296,701.6,73.8,0,0,0,0,,,,
KLO,2009,5,6,9,14.6,,,,,,,,972,,4.7,,541,944.4,89.3,0,0,0,0,,,,
KLO,2009,5,6,10,15.5,,,,,,,,971.8,,5,,558,630.6,165.9,0,0,0,0,,,,
KLO,2009,5,6,11,16.9,,,,,,,,971.4,,5.3,,793,897.9,130.8,0,0,0,0,,,,
KLO,2009,5,6,12,17.7,,,,,,,,970.9,,5.5,,709,572.5,241.2,0,0,0,0,,,,
KLO,2009,5,6,13,17.6,,,,,,,,970.6,,6.2,,753,596.9,242.3,0,0,0,0,,,,
KLO,2009,5,6,14,17.8,,,,,,,,970,,5.4,,690,463.8,295.7,0,0,0,0,,,,
KLO,2009,5,6,15,17.3,,,,,,,,970,,5.8,,444,99.7,364.1,0,0,0,0,,,,
KLO,2009,5,6,16,16.8,,,,,,,,969.9,,4,,253,11.4,244.9,0,0,0,0,,,,
KLO,2009,5,6,17,17,,,,,,,,969.8,,3.6,,223,15.3,214,0,0,0,0,,,,
KLO,2009,5,6,18,15.2,,,,,,,,970,,2,,51,0.9,50.6,0,0,0,0,,,,
KLO,2009,5,6,19,12.2,,,,,,,,970.2,,2.6,,0,0,0,0,0,0,0,,,,
KLO,2009,5,6,20,10.6,,,,,,,,970.6,,1.3,,0,0,0,0,0,0,0,,,,
KLO,2009,5,6,21,10.3,,,,,,,,970.8,,1.8,,0,0,0,0,0,0,0,,,,
KLO,2009,5,6,22,9.4,,,,,,,,970.8,,2.5,,0,0,0,0,0,0,0,,,,
KLO,2009,5,6,23,8.5,,,,,,,,970.7,,2,,0,0,0,0,0,0,0,,,,
KLO,2009,5,7,0,7.6,,,,,,,,970.4,,1.4,,0,0,0,0,0,0,0,,,,
KLO,2009,5,7,1,6.6,,,,,,,,970.2,,1.2,,0,0,0,0,0,0,0,,,,
KLO,2009,5,7,2,5.9,,,,,,,,969.9,,0,,0,0,0,0,0,0,0,,,,
KLO,2009,5,7,3,4.9,,,,,,,,969.8,,0.6,,0,0,0,0,0,0,0,,,,
KLO,2009,5,7,4,4.7,,,,,,,,970.1,,0.9,,13,0,0,0,0,0,0,,,,
KLO,2009,5,7,5,6.3,,,,,,,,970.3,,0.4,,125,0,0,0,0,0,0,,,,
KLO,2009,5,7,6,9.4,,,,,,,,970.4,,0.5,,306,0,0,0,0,0,0,,,,
KLO,2009,5,7,7,12.1,,,,,,,,970.3,,0.3,,494,2709.7,81.5,0,0,0,0,,,,
KLO,2009,5,7,8,14.7,,,,,,,,970.1,,0.9,,657,1713.4,108.4,0,0,0,0,,,,
KLO,2009,5,7,9,16.5,,,,,,,,969.7,,1,,784,1359.5,129.4,0,0,0,0,,,,
KLO,2009,5,7,10,18.7,,,,,,,,969.4,,2.1,,882,1178.7,145.5,0,0,0,0,,,,
KLO,2009,5,7,11,20,,,,,,,,968.8,,1.7,,924,1042.4,152.5,0,0,0,0,,,,
KLO,2009,5,7,12,21.3,,,,,,,,968.2,,2.3,,911,927.9,150.3,0,0,0,0,,,,
KLO,2009,5,7,13,22.2,,,,,,,,967.6,,2,,846,791.5,166.9,0,0,0,0,,,,
KLO,2009,5,7,14,23,,,,,,,,967.2,,2.1,,727,543.8,263.4,0,0,0,0,,,,
KLO,2009,5,7,15,23.2,,,,,,,,966.7,,1.1,,574,293.4,338.2,0,0,0,0,,,,
KLO,2009,5,7,16,23.4,,,,,,,,966.4,,0.6,,387,89.8,322.8,0,0,0,0,,,,
KLO,2009,5,7,17,22.8,,,,,,,,966.1,,0.6,,212,11.8,205,0,0,0,0,,,,
KLO,2009,5,7,18,20.8,,,,,,,,965.8,,0.6,,57,1.1,56.5,0,0,0,0,,,,
KLO,2009,5,7,19,16.6,,,,,,,,966,,0.3,,0,0,0,0,0,0,0,,,,
KLO,2009,5,7,20,13.9,,,,,,,,966.2,,0.3,,0,0,0,0,0,0,0,,,,
KLO,2009,5,7,21,13.4,,,,,,,,966.1,,1.2,,0,0,0,0,0,0,0,,,,
KLO,2009,5,7,22,12.1,,,,,,,,965.8,,0.8,,0,0,0,0,0,0,0,,,,
KLO,2009,5,7,23,10.8,,,,,,,,966,,1.3,,0,0,0,0,0,0,0,,,,
KLO,2009,5,8,0,10.7,,,,,,,,966.2,,1,,0,0,0,0,0,0,0,,,,
KLO,2009,5,8,1,11,,,,,,,,966.5,,2.2,,0,0,0,0,0,0,0,,,,
KLO,2009,5,8,2,12.3,,,,,,,,966.2,,2.4,,0,0,0,0,0,0,0,,,,
KLO,2009,5,8,3,12.2,,,,,,,,965.8,,1.9,,0,0,0,0,0,0,0,,,,
KLO,2009,5,8,4,12.6,,,,,,,,966.7,,1.3,,4,0,0,0,0,0,0,,,,
KLO,2009,5,8,5,12.2,,,,,,,,966.6,,1.7,,33,0,0,0,0,0,0,,,,
KLO,2009,5,8,6,13.5,,,,,,,,967,,2.2,,73,0,0,0,0,0,0,,,,
KLO,2009,5,8,7,15,,,,,,,,967,,0.7,,263,1409.4,43.4,0,0,0,0,,,,
KLO,2009,5,8,8,17,,,,,,,,966.9,,0.4,,509,1313.6,84,0,0,0,0,,,,
KLO,2009,5,8,9,20.3,,,,,,,,966.6,,1.5,,715,1231.9,118,0,0,0,0,,,,
KLO,2009,5,8,10,22.2,,,,,,,,966,,3.5,,819,1089.5,135.1,0,0,0,0,,,,
KLO,2009,5,8,11,22.8,,,,,,,,965.7,,4.5,,622,514.3,240,0,0,0,0,,,,
KLO,2009,5,8,12,23.2,,,,,,,,965.4,,5.2,,507,161.2,374.5,0,0,0,0,,,,
KLO,2009,5,8,13,20.5,,,,,,,,965.6,,5.2,,162,2.4,160,0,0,0,0,,,,
KLO,2009,5,8,14,18,,,,,,,,965.8,,2.5,,190,3.3,187.2,0,0,0,0,,,,
KLO,2009,5,8,15,19.5,,,,,,,,966.5,,4.1,,335,24.4,315.3,0,0,0,0,,,,
KLO,2009,5,8,16,19.1,,,,,,,,967.3,,4.2,,117,1.8,115.7,0,0,0,0,,,,
KLO,2009,5,8,17,18.1,,,,,,,,967.4,,2.6,,52,0.5,51.7,0,0,0,0,,,,
KLO,2009,5,8,18,16.2,,,,,,,,968.3,,1.2,,2,0,2,0,0,0,0,,,,
KLO,2009,5,8,19,14.6,,,,,,,,968.9,,1.7,,0,0,0,0,0,0,0,,,,
KLO,2009,5,8,20,14.2,,,,,,,,970,,0.5,,0,0,0,0,0,0,0,,,,
KLO,2009,5,8,21,14.3,,,,,,,,970.5,,0.6,,0,0,0,0,0,0,0,,,,
KLO,2009,5,8,22,14.2,,,,,,,,970.8,,0.3,,0,0,0,0,0,0,0,,,,
KLO,2009,5,8,23,13.9,,,,,,,,970.8,,0.6,,0,0,0,0,0,0,0,,,,
KLO,2009,5,9,0,13,,,,,,,,970.5,,0.7,,0,0,0,0,0,0,0,,,,
KLO,2009,5,9,1,12.1,,,,,,,,970.3,,1,,0,0,0,0,0,0,0,,,,
KLO,2009,5,9,2,10.9,,,,,,,,970,,1.5,,0,0,0,0,0,0,0,,,,
KLO,2009,5,9,3,10.1,,,,,,,,969.7,,1,,0,0,0,0,0,0,0,,,,
KLO,2009,5,9,4,9,,,,,,,,969.6,,0.7,,16,0,0,0,0,0,0,,,,
KLO,2009,5,9,5,10.3,,,,,,,,969.7,,1.5,,79,0,0,0,0,0,0,,,,
KLO,2009,5,9,6,11.9,,,,,,,,969.5,,0.7,,261,0,0,0,0,0,0,,,,
KLO,2009,5,9,7,14.2,,,,,,,,969.1,,1.2,,418,2190.9,69,0,0,0,0,,,,
KLO,2009,5,9,8,16.5,,,,,,,,968.7,,2.5,,621,1586.6,102.5,0,0,0,0,,,,
KLO,2009,5,9,9,17.8,,,,,,,,968,,3,,769,1316.7,126.9,0,0,0,0,,,,
KLO,2009,5,9,10,19.8,,,,,,,,967.6,,3,,856,1133.6,141.2,0,0,0,0,,,,
KLO,2009,5,9,11,21.5,,,,,,,,966.9,,2.3,,852,954.3,140.6,0,0,0,0,,,,
KLO,2009,5,9,12,22.4,,,,,,,,966.2,,2.9,,608,331.6,334.5,0,0,0,0,,,,
KLO,2009,5,9,13,22.7,,,,,,,,965.4,,3.8,,520,146.2,393.9,0,0,0,0,,,,
KLO,2009,5,9,14,23.1,,,,,,,,964.5,,3.4,,445,73.8,381.8,0,0,0,0,,,,
KLO,2009,5,9,15,23,,,,,,,,964.2,,2.7,,313,17.2,299.1,0,0,0,0,,,,
KLO,2009,5,9,16,19.1,,,,,,,,965.9,,5.4,,58,0.4,57.7,0,0,0,0,,,,
KLO,2009,5,9,17,14.8,,,,,,,,967.3,,5.1,,2,0,2,0,0,0,0,,,,
KLO,2009,5,9,18,14.5,,,,,,,,966.9,,1.7,,30,0.3,29.9,0,0,0,0,,,,
KLO,2009,5,9,19,12.9,,,,,,,,966.8,,2,,1,0,1,0,0,0,0,,,,
KLO,2009,5,9,20,12.1,,,,,,,,967,,1.2,,0,0,0,0,0,0,0,,,,
KLO,2009,5,9,21,11.3,,,,,,,,967.3,,0.5,,0,0,0,0,0,0,0,,,,
KLO,2009,5,9,22,10.2,,,,,,,,967.8,,1.1,,0,0,0,0,0,0,0,,,,
KLO,2009,5,9,23,10.1,,,,,,,,968.3,,1.4,,0,0,0,0,0,0,0,,,,
KLO,2009,5,10,0,10.3,,,,,,,,968.4,,0.7,,0,0,0,0,0,0,0,,,,
KLO,2009,5,10,1,10.3,,,,,,,,968.6,,0.7,,0,0,0,0,0,0,0,,,,
KLO,2009,5,10,2,10,,,,,,,,968.6,,0.3,,0,0,0,0,0,0,0,,,,
KLO,2009,5,10,3,9.5,,,,,,,,968.3,,0.3,,0,0,0,0,0,0,0,,,,
KLO,2009,5,10,4,9.9,,,,,,,,968.4,,1.1,,12,0,0,0,0,0,0,,,,
KLO,2009,5,10,5,10.5,,,,,,,,968.3,,0.6,,107,0,0,0,0,0,0,,,,
KLO,2009,5,10,6,11.7,,,,,,,,968.3,,1.1,,243,0,0,0,0,0,0,,,,
KLO,2009,5,10,7,14.2,,,,,,,,968.3,,1.8,,459,2355.4,75.7,0,0,0,0,,,,
KLO,2009,5,10,8,16.6,,,,,,,,968.3,,2.1,,594,1503,98,0,0,0,0,,,,
KLO,2009,5,10,9,18.1,,,,,,,,968.4,,1.6,,596,1014.4,98.3,0,0,0,0,,,,
KLO,2009,5,10,10,20.3,,,,,,,,968.3,,1.4,,638,825.1,115.5,0,0,0,0,,,,
KLO,2009,5,10,11,21,,,,,,,,967.9,,2.1,,787,878.5,129.9,0,0,0,0,,,,
KLO,2009,5,10,12,21.8,,,,,,,,967.3,,3.2,,631,376.2,319.8,0,0,0,0,,,,
KLO,2009,5,10,13,21.4,,,,,,,,967.1,,3.2,,316,13,304.8,0,0,0,0,,,,
KLO,2009,5,10,14,21.7,,,,,,,,966.8,,2.5,,326,15.5,312.6,0,0,0,0,,,,
KLO,2009,5,10,15,20.8,,,,,,,,966.7,,1.3,,92,0.9,91.3,0,0,0,0,,,,
KLO,2009,5,10,16,20.6,,,,,,,,966.1,,1.4,,150,2.9,147.9,0,0,0,0,,,,
KLO,2009,5,10,17,20.8,,,,,,,,965.6,,1.3,,135,3.4,133,0,0,0,0,,,,
KLO,2009,5,10,18,18.9,,,,,,,,965.6,,3.1,,45,0.7,44.7,0,0,0,0,,,,
KLO,2009,5,10,19,18,,,,,,,,966,,2.2,,0,0,0,0,0,0,0,,,,
KLO,2009,5,10,20,16.4,,,,,,,,966.3,,2.5,,0,0,0,0,0,0,0,,,,
KLO,2009,5,10,21,15.5,,,,,,,,966.6,,2.7,,0,0,0,0,0,0,0,,,,
KLO,2009,5,10,22,14.2,,,,,,,,966.6,,1.1,,0,0,0,0,0,0,0,,,,
KLO,2009,5,10,23,13.3,,,,,,,,966.7,,0.9,,0,0,0,0,0,0,0,,,,
KLO,2009,5,11,0,11.6,,,,,,,,966.4,,0.6,,0,0,0,0,0,0,0,,,,
KLO,2009,5,11,1,11.4,,,,,,,,966.5,,0.2,,0,0,0,0,0,0,0,,,,
KLO,2009,5,11,2,10.7,,,,,,,,966.5,,0.6,,0,0,0,0,0,0,0,,,,
KLO,2009,5,11,3,10.5,,,,,,,,966.2,,0.3,,0,0,0,0,0,0,0,,,,
KLO,2009,5,11,4,10.2,,,,,,,,966.1,,0.4,,18,0,0,0,0,0,0,,,,
KLO,2009,5,11,5,12.4,,,,,,,,966.1,,0.5,,142,0,0,0,0,0,0,,,,
KLO,2009,5,11,6,13.5,,,,,,,,966.4,,1.6,,132,0,0,0,0,0,0,,,,
KLO,2009,5,11,7,14.4,,,,,,,,966.6,,1.9,,118,289.4,69.9,0,0,0,0,,,,
KLO,2009,5,11,8,15.1,,,,,,,,966.4,,1.7,,134,20.8,127.1,0,0,0,0,,,,
KLO,2009,5,11,9,15.4,,,,,,,,966.3,,0.6,,156,7.2,152.4,0,0,0,0,,,,
KLO,2009,5,11,10,16.7,,,,,,,,966,,1.2,,392,161.8,289.1,0,0,0,0,,,,
KLO,2009,5,11,11,17.2,,,,,,,,966.1,,1,,251,8.9,244.3,0,0,0,0,,,,
KLO,2009,5,11,12,16.7,,,,,,,,965.8,,1.2,,92,0.8,91.3,0,0,0,0,,,,
KLO,2009,5,11,13,16.6,,,,,,,,965.7,,1.4,,129,1.5,127.7,0,0,0,0,,,,
KLO,2009,5,11,14,17.7,,,,,,,,965.1,,1.5,,282,8.1,275,0,0,0,0,,,,
KLO,2009,5,11,15,17.9,,,,,,,,964.7,,0.5,,180,3.3,177.3,0,0,0,0,,,,
KLO,2009,5,11,16,18.3,,,,,,,,964.3,,1,,175,3.9,172.2,0,0,0,0,,,,
KLO,2009,5,11,17,18.1,,,,,,,,963.9,,1.1,,82,1.2,81.2,0,0,0,0,,,,
KLO,2009,5,11,18,17.4,,,,,,,,963.9,,1.5,,41,0.5,40.8,0,0,0,0,,,,
KLO,2009,5,11,19,16.3,,,,,,,,964.4,,1.7,,0,0,0,0,0,0,0,,,,
KLO,2009,5,11,20,14.9,,,,,,,,964.6,,0.5,,0,0,0,0,0,0,0,,,,
KLO,2009,5,11,21,13.7,,,,,,,,964.9,,0.1,,0,0,0,0,0,0,0,,,,
KLO,2009,5,11,22,12.9,,,,,,,,965,,1.1,,0,0,0,0,0,0,0,,,,
KLO,2009,5,11,23,12.3,,,,,,,,965,,0.6,,0,0,0,0,0,0,0,,,,
KLO,2009,5,12,0,12,,,,,,,,964.9,,1.3,,0,0,0,0,0,0,0,,,,
KLO,2009,5,12,1,12.2,,,,,,,,964.9,,1.2,,0,0,0,0,0,0,0,,,,
KLO,2009,5,12,2,12.6,,,,,,,,965.1,,1.2,,0,0,0,0,0,0,0,,,,
KLO,2009,5,12,3,12.9,,,,,,,,964.8,,1.7,,0,0,0,0,0,0,0,,,,
KLO,2009,5,12,4,12.2,,,,,,,,965.1,,1.4,,12,0,0,0,0,0,0,,,,
KLO,2009,5,12,5,13,,,,,,,,965.3,,1.3,,71,0,0,0,0,0,0,,,,
KLO,2009,5,12,6,14.3,,,,,,,,965.7,,2,,121,0,0,0,0,0,0,,,,
KLO,2009,5,12,7,15.1,,,,,,,,966.1,,3.1,,274,1351.7,45.2,0,0,0,0,,,,
KLO,2009,5,12,8,17.1,,,,,,,,965.9,,2,,440,1093.1,72.6,0,0,0,0,,,,
KLO,2009,5,12,9,17.4,,,,,,,,965.9,,2.1,,330,222.7,219.5,0,0,0,0,,,,
KLO,2009,5,12,10,19.2,,,,,,,,965.8,,1.8,,659,857.6,111.5,0,0,0,0,,,,
KLO,2009,5,12,11,20.1,,,,,,,,966.1,,2.9,,607,456.8,263.1,0,0,0,0,,,,
KLO,2009,5,12,12,21.2,,,,,,,,965.8,,2,,762,670.1,204.7,0,0,0,0,,,,
KLO,2009,5,12,13,21.4,,,,,,,,966.1,,2.1,,449,72.3,386.1,0,0,0,0,,,,
KLO,2009,5,12,14,20.4,,,,,,,,966.1,,4.5,,390,37.3,357.7,0,0,0,0,,,,
KLO,2009,5,12,15,19.4,,,,,,,,966.2,,2.6,,74,0.6,73.5,0,0,0,0,,,,
KLO,2009,5,12,16,17,,,,,,,,966.2,,2.3,,48,0.3,47.8,0,0,0,0,,,,
KLO,2009,5,12,17,16.9,,,,,,,,966.1,,1.8,,34,0.2,33.9,0,0,0,0,,,,
KLO,2009,5,12,18,16.5,,,,,,,,965.8,,2.5,,12,0,12,0,0,0,0,,,,
KLO,2009,5,12,19,15.1,,,,,,,,965.5,,1.2,,0,0,0,0,0,0,0,,,,
KLO,2009,5,12,20,14,,,,,,,,965.9,,1.3,,0,0,0,0,0,0,0,,,,
KLO,2009,5,12,21,13.7,,,,,,,,966.3,,1.7,,0,0,0,0,0,0,0,,,,
KLO,2009,5,12,22,13.2,,,,,,,,966.5,,1.1,,0,0,0,0,0,0,0,,,,
KLO,2009,5,12,23,13.6,,,,,,,,966.5,,1.5,,0,0,0,0,0,0,0,,,,
KLO,2009,5,13,0,13.5,,,,,,,,966.4,,2,,0,0,0,0,0,0,0,,,,
KLO,2009,5,13,1,12.8,,,,,,,,966.5,,1.8,,0,0,0,0,0,0,0,,,,
KLO,2009,5,13,2,12.2,,,,,,,,966.3,,0.7,,0,0,0,0,0,0,0,,,,
KLO,2009,5,13,3,11.7,,,,,,,,966.1,,1.2,,0,0,0,0,0,0,0,,,,
KLO,2009,5,13,4,12.2,,,,,,,,966,,0.8,,10,0,0,0,0,0,0,,,,
KLO,2009,5,13,5,12.6,,,,,,,,965.9,,0.4,,54,0,0,0,0,0,0,,,,
KLO,2009,5,13,6,13.3,,,,,,,,966,,0.6,,137,0,0,0,0,0,0,,,,
KLO,2009,5,13,7,14.3,,,,,,,,966,,1,,283,1370.8,46.7,0,0,0,0,,,,
KLO,2009,5,13,8,16.2,,,,,,,,965.8,,0.9,,501,1234,82.7,0,0,0,0,,,,
KLO,2009,5,13,9,18.7,,,,,,,,965.5,,0.9,,719,1203.3,118.6,0,0,0,0,,,,
KLO,2009,5,13,10,20.4,,,,,,,,965,,1.3,,718,935.5,118.5,0,0,0,0,,,,
KLO,2009,5,13,11,21.8,,,,,,,,964.4,,2.3,,601,437.7,270.5,0,0,0,0,,,,
KLO,2009,5,13,12,21.7,,,,,,,,964,,2.4,,446,85.6,374.6,0,0,0,0,,,,
KLO,2009,5,13,13,21.7,,,,,,,,963.6,,2.1,,303,10.4,293.9,0,0,0,0,,,,
KLO,2009,5,13,14,22.1,,,,,,,,963,,2,,392,37.9,359.2,0,0,0,0,,,,
KLO,2009,5,13,15,21.6,,,,,,,,962.8,,1.2,,143,2.1,141.3,0,0,0,0,,,,
KLO,2009,5,13,16,21.4,,,,,,,,962.6,,0.7,,136,2.3,134.3,0,0,0,0,,,,
KLO,2009,5,13,17,20.6,,,,,,,,962.6,,2,,142,3.7,139.8,0,0,0,0,,,,
KLO,2009,5,13,18,19.1,,,,,,,,962.8,,2.5,,36,0.4,35.8,0,0,0,0,,,,
KLO,2009,5,13,19,17.1,,,,,,,,962.6,,2.6,,0,0,0,0,0,0,0,,,,
KLO,2009,5,13,20,16.5,,,,,,,,962.9,,1.9,,0,0,0,0,0,0,0,,,,
KLO,2009,5,13,21,16.2,,,,,,,,962.6,,1.5,,0,0,0,0,0,0,0,,,,
KLO,2009,5,13,22,15.5,,,,,,,,962.3,,1.9,,0,0,0,0,0,0,0,,,,
KLO,2009,5,13,23,15,,,,,,,,961.9,,0.7,,0,0,0,0,0,0,0,,,,
KLO,2009,5,14,0,14.7,,,,,,,,961.4,,1.1,,0,0,0,0,0,0,0,,,,
KLO,2009,5,14,1,14.3,,,,,,,,960.9,,1.3,,0,0,0,0,0,0,0,,,,
KLO,2009,5,14,2,14,,,,,,,,960.8,,0.7,,0,0,0,0,0,0,0,,,,
KLO,2009,5,14,3,14.2,,,,,,,,960.5,,0.9,,0,0,0,0,0,0,0,,,,
KLO,2009,5,14,4,14.5,,,,,,,,960.2,,2.1,,8,0,0,0,0,0,0,,,,
KLO,2009,5,14,5,14.9,,,,,,,,959.9,,2.3,,52,0,0,0,0,0,0,,,,
KLO,2009,5,14,6,15.7,,,,,,,,959.8,,1.5,,94,0,0,0,0,0,0,,,,
KLO,2009,5,14,7,16.4,,,,,,,,959.5,,0.6,,198,942.4,32.7,0,0,0,0,,,,
KLO,2009,5,14,8,17.4,,,,,,,,959.4,,1.7,,340,807.5,64,0,0,0,0,,,,
KLO,2009,5,14,9,17.9,,,,,,,,959.4,,2.3,,314,173.7,226.9,0,0,0,0,,,,
KLO,2009,5,14,10,19.8,,,,,,,,959.1,,2.2,,710,921.6,117.2,0,0,0,0,,,,
KLO,2009,5,14,11,21,,,,,,,,958.7,,1.2,,866,954.8,142.9,0,0,0,0,,,,
KLO,2009,5,14,12,22.2,,,,,,,,958.1,,1.7,,710,540.9,257.9,0,0,0,0,,,,
KLO,2009,5,14,13,22.2,,,,,,,,957.6,,2.2,,640,325.8,355.4,0,0,0,0,,,,
KLO,2009,5,14,14,20.8,,,,,,,,957.3,,2.1,,151,2,149.2,0,0,0,0,,,,
KLO,2009,5,14,15,18.4,,,,,,,,957.2,,3.1,,76,0.6,75.5,0,0,0,0,,,,
KLO,2009,5,14,16,17.4,,,,,,,,957.2,,1,,71,0.6,70.5,0,0,0,0,,,,
KLO,2009,5,14,17,17.7,,,,,,,,956.8,,1.2,,103,1.9,101.8,0,0,0,0,,,,
KLO,2009,5,14,18,17.1,,,,,,,,957.1,,0.5,,19,0.1,18.9,0,0,0,0,,,,
KLO,2009,5,14,19,15.9,,,,,,,,957.4,,0.9,,0,0,0,0,0,0,0,,,,
KLO,2009,5,14,20,15.3,,,,,,,,957.7,,1.2,,0,0,0,0,0,0,0,,,,
KLO,2009,5,14,21,15.5,,,,,,,,957.7,,0.5,,0,0,0,0,0,0,0,,,,
KLO,2009,5,14,22,14.7,,,,,,,,958,,1.1,,0,0,0,0,0,0,0,,,,
KLO,2009,5,14,23,14.4,,,,,,,,958.1,,2.4,,0,0,0,0,0,0,0,,,,
KLO,2009,5,15,0,13.8,,,,,,,,958,,1.7,,0,0,0,0,0,0,0,,,,
KLO,2009,5,15,1,13.8,,,,,,,,957.9,,1.2,,0,0,0,0,0,0,0,,,,
KLO,2009,5,15,2,13.5,,,,,,,,957.8,,0.8,,0,0,0,0,0,0,0,,,,
KLO,2009,5,15,3,13,,,,,,,,957.5,,0.9,,0,0,0,0,0,0,0,,,,
KLO,2009,5,15,4,13.3,,,,,,,,957.5,,0.5,,11,0,0,0,0,0,0,,,,
KLO,2009,5,15,5,13.8,,,,,,,,957.7,,0.1,,88,0,0,0,0,0,0,,,,
KLO,2009,5,15,6,14.8,,,,,,,,957.7,,0.3,,175,0,0,0,0,0,0,,,,
KLO,2009,5,15,7,15.4,,,,,,,,957.7,,0.6,,268,1254.5,44.2,0,0,0,0,,,,
KLO,2009,5,15,8,16.1,,,,,,,,957.7,,1,,243,282.4,145.7,0,0,0,0,,,,
KLO,2009,5,15,9,16.9,,,,,,,,957.6,,1.1,,402,441.9,179.3,0,0,0,0,,,,
KLO,2009,5,15,10,17.3,,,,,,,,957.6,,1.4,,309,50.3,276.5,0,0,0,0,,,,
KLO,2009,5,15,11,16.8,,,,,,,,957.7,,4.4,,282,14.2,271.2,0,0,0,0,,,,
KLO,2009,5,15,12,17.1,,,,,,,,957.8,,4.4,,306,13.1,295,0,0,0,0,,,,
KLO,2009,5,15,13,16.3,,,,,,,,958.3,,5.7,,288,8.3,280.7,0,0,0,0,,,,
KLO,2009,5,15,14,15.1,,,,,,,,958.8,,6.6,,302,10.4,293,0,0,0,0,,,,
KLO,2009,5,15,15,13.9,,,,,,,,959.6,,5.5,,122,1.5,120.8,0,0,0,0,,,,
KLO,2009,5,15,16,12.7,,,,,,,,960.3,,4.4,,64,0.5,63.6,0,0,0,0,,,,
KLO,2009,5,15,17,12.8,,,,,,,,960.9,,4.2,,40,0.3,39.8,0,0,0,0,,,,
KLO,2009,5,15,18,12.7,,,,,,,,961.7,,3.1,,13,0.1,13,0,0,0,0,,,,
KLO,2009,5,15,19,12.4,,,,,,,,962.5,,1.4,,0,0,0,0,0,0,0,,,,
KLO,2009,5,15,20,12.3,,,,,,,,962.8,,0.5,,0,0,0,0,0,0,0,,,,
KLO,2009,5,15,21,12.3,,,,,,,,963.3,,1.4,,0,0,0,0,0,0,0,,,,
KLO,2009,5,15,22,11.6,,,,,,,,963.9,,2.3,,0,0,0,0,0,0,0,,,,
KLO,2009,5,15,23,10.6,,,,,,,,964.3,,2.6,,0,0,0,0,0,0,0,,,,
KLO,2009,5,16,0,10.2,,,,,,,,964.7,,2.3,,0,0,0,0,0,0,0,,,,
KLO,2009,5,16,1,10,,,,,,,,964.9,,2.2,,0,0,0,0,0,0,0,,,,
KLO,2009,5,16,2,9.3,,,,,,,,964.9,,1.7,,0,0,0,0,0,0,0,,,,
KLO,2009,5,16,3,9.4,,,,,,,,964.9,,1.3,,0,0,0,0,0,0,0,,,,
KLO,2009,5,16,4,9.4,,,,,,,,965.4,,1.1,,11,0,0,0,0,0,0,,,,
KLO,2009,5,16,5,10.1,,,,,,,,965.7,,0.6,,82,0,0,0,0,0,0,,,,
KLO,2009,5,16,6,10.6,,,,,,,,965.9,,0.8,,123,0,0,0,0,0,0,,,,
KLO,2009,5,16,7,11.2,,,,,,,,966.1,,0.5,,213,981.4,35.1,0,0,0,0,,,,
KLO,2009,5,16,8,11.9,,,,,,,,966.3,,0.8,,379,911.5,62.5,0,0,0,0,,,,
KLO,2009,5,16,9,13.8,,,,,,,,966.4,,1.1,,762,1256.4,125.7,0,0,0,0,,,,
KLO,2009,5,16,10,14.9,,,,,,,,966.3,,1.3,,899,1158.8,148.3,0,0,0,0,,,,
KLO,2009,5,16,11,16.2,,,,,,,,965.9,,1.1,,867,950.6,143.1,0,0,0,0,,,,
KLO,2009,5,16,12,16.9,,,,,,,,965.7,,1.1,,923,917.6,152.3,0,0,0,0,,,,
KLO,2009,5,16,13,17.9,,,,,,,,965.4,,1.5,,773,603.5,243.4,0,0,0,0,,,,
KLO,2009,5,16,14,18.7,,,,,,,,965,,1.8,,740,540.4,268.8,0,0,0,0,,,,
KLO,2009,5,16,15,19.1,,,,,,,,965,,1.8,,548,224.4,363.2,0,0,0,0,,,,
KLO,2009,5,16,16,19.5,,,,,,,,964.9,,1.5,,406,99.6,332.8,0,0,0,0,,,,
KLO,2009,5,16,17,19.3,,,,,,,,964.8,,1.4,,243,19.4,231.1,0,0,0,0,,,,
KLO,2009,5,16,18,17.7,,,,,,,,965.2,,1.3,,53,0.9,52.6,0,0,0,0,,,,
KLO,2009,5,16,19,15.3,,,,,,,,965.7,,1.1,,2,0,2,0,0,0,0,,,,
KLO,2009,5,16,20,13,,,,,,,,966,,1.1,,0,0,0,0,0,0,0,,,,
KLO,2009,5,16,21,11.4,,,,,,,,965.9,,0.2,,0,0,0,0,0,0,0,,,,
KLO,2009,5,16,22,9.5,,,,,,,,965.8,,1.3,,0,0,0,0,0,0,0,,,,
KLO,2009,5,16,23,9.3,,,,,,,,965.7,,1.5,,0,0,0,0,0,0,0,,,,
KLO,2009,5,17,0,8.8,,,,,,,,965.4,,1.4,,0,0,0,0,0,0,0,,,,
KLO,2009,5,17,1,8.4,,,,,,,,965.1,,1,,0,0,0,0,0,0,0,,,,
KLO,2009,5,17,2,7.6,,,,,,,,964.8,,1.2,,0,0,0,0,0,0,0,,,,
KLO,2009,5,17,3,7.6,,,,,,,,964.6,,1.5,,0,0,0,0,0,0,0,,,,
KLO,2009,5,17,4,7.5,,,,,,,,964.4,,0.3,,28,0,0,0,0,0,0,,,,
KLO,2009,5,17,5,9.5,,,,,,,,964.4,,0.3,,147,0,0,0,0,0,0,,,,
KLO,2009,5,17,6,12,,,,,,,,964.4,,0.2,,320,0,0,0,0,0,0,,,,
KLO,2009,5,17,7,14.7,,,,,,,,964.2,,0.4,,505,2291.9,83.3,0,0,0,0,,,,
KLO,2009,5,17,8,17.3,,,,,,,,963.9,,0.5,,651,1554.4,107.4,0,0,0,0,,,,
KLO,2009,5,17,9,19.9,,,,,,,,963.5,,1.9,,789,1295,130.2,0,0,0,0,,,,
KLO,2009,5,17,10,22.2,,,,,,,,963.2,,2.4,,877,1126.8,144.7,0,0,0,0,,,,
KLO,2009,5,17,11,23.8,,,,,,,,962.8,,2.5,,908,993,149.8,0,0,0,0,,,,
KLO,2009,5,17,12,25.3,,,,,,,,962.7,,2.1,,810,756,173.6,0,0,0,0,,,,
KLO,2009,5,17,13,25.8,,,,,,,,962.5,,1.9,,532,150.4,399.7,0,0,0,0,,,,
KLO,2009,5,17,14,24.5,,,,,,,,962.6,,3.5,,279,7.5,272.4,0,0,0,0,,,,
KLO,2009,5,17,15,23.3,,,,,,,,962.9,,3.1,,152,2.3,150.1,0,0,0,0,,,,
KLO,2009,5,17,16,22.2,,,,,,,,963.2,,4.1,,127,2,125.5,0,0,0,0,,,,
KLO,2009,5,17,17,20.4,,,,,,,,964.3,,4.2,,57,0.6,56.6,0,0,0,0,,,,
KLO,2009,5,17,18,17.6,,,,,,,,965.8,,4.1,,3,0,3,0,0,0,0,,,,
KLO,2009,5,17,19,15.6,,,,,,,,965.7,,1.4,,0,0,0,0,0,0,0,,,,
KLO,2009,5,17,20,15,,,,,,,,966.7,,2.1,,0,0,0,0,0,0,0,,,,
KLO,2009,5,17,21,15.2,,,,,,,,967.3,,1.9,,0,0,0,0,0,0,0,,,,
KLO,2009,5,17,22,13.9,,,,,,,,968.5,,3.8,,0,0,0,0,0,0,0,,,,
KLO,2009,5,17,23,13,,,,,,,,969.8,,3.4,,0,0,0,0,0,0,0,,,,
KLO,2009,5,18,0,12.5,,,,,,,,970.3,,2.2,,0,0,0,0,0,0,0,,,,
KLO,2009,5,18,1,11.9,,,,,,,,970.6,,3.1,,0,0,0,0,0,0,0,,,,
KLO,2009,5,18,2,11.9,,,,,,,,970.6,,3,,0,0,0,0,0,0,0,,,,
KLO,2009,5,18,3,11.7,,,,,,,,970,,3.1,,0,0,0,0,0,0,0,,,,
KLO,2009,5,18,4,11.5,,,,,,,,970,,1.9,,12,0,0,0,0,0,0,,,,
KLO,2009,5,18,5,12,,,,,,,,970,,0.3,,37,0,0,0,0,0,0,,,,
KLO,2009,5,18,6,12.3,,,,,,,,970.4,,0.9,,74,0,0,0,0,0,0,,,,
KLO,2009,5,18,7,12.6,,,,,,,,970.6,,1.3,,103,99.8,84.4,0,0,0,0,,,,
KLO,2009,5,18,8,12.9,,,,,,,,971,,1,,155,33.2,143.3,0,0,0,0,,,,
KLO,2009,5,18,9,13.5,,,,,,,,971.2,,1,,146,5.5,143.2,0,0,0,0,,,,
KLO,2009,5,18,10,14.1,,,,,,,,971.3,,1.6,,218,8.9,212.2,0,0,0,0,,,,
KLO,2009,5,18,11,14.2,,,,,,,,971.5,,1.6,,188,4.1,184.9,0,0,0,0,,,,
KLO,2009,5,18,12,14.3,,,,,,,,971.4,,1.6,,237,5.3,232.5,0,0,0,0,,,,
KLO,2009,5,18,13,15.2,,,,,,,,971.4,,0.8,,580,215.2,390.4,0,0,0,0,,,,
KLO,2009,5,18,14,15.6,,,,,,,,971.2,,0.7,,231,4.7,226.9,0,0,0,0,,,,
KLO,2009,5,18,15,16.3,,,,,,,,971,,1.9,,275,8.7,267.8,0,0,0,0,,,,
KLO,2009,5,18,16,16.2,,,,,,,,970.9,,2.2,,177,3.9,174.1,0,0,0,0,,,,
KLO,2009,5,18,17,15.8,,,,,,,,970.8,,3.2,,145,3.7,142.7,0,0,0,0,,,,
KLO,2009,5,18,18,15,,,,,,,,971.1,,2.9,,57,1,56.5,0,0,0,0,,,,
KLO,2009,5,18,19,13.8,,,,,,,,971.3,,1.9,,2,0,2,0,0,0,0,,,,
KLO,2009,5,18,20,11.6,,,,,,,,971.6,,0.9,,0,0,0,0,0,0,0,,,,
KLO,2009,5,18,21,11.6,,,,,,,,971.7,,0.7,,0,0,0,0,0,0,0,,,,
KLO,2009,5,18,22,10.3,,,,,,,,971.6,,1.3,,0,0,0,0,0,0,0,,,,
KLO,2009,5,18,23,9.2,,,,,,,,971.6,,1.3,,0,0,0,0,0,0,0,,,,
KLO,2009,5,19,0,9.2,,,,,,,,971.6,,1,,0,0,0,0,0,0,0,,,,
KLO,2009,5,19,1,8.9,,,,,,,,971.4,,0.5,,0,0,0,0,0,0,0,,,,
KLO,2009,5,19,2,7.7,,,,,,,,971.3,,0.9,,0,0,0,0,0,0,0,,,,
KLO,2009,5,19,3,6.8,,,,,,,,971.2,,2,,0,0,0,0,0,0,0,,,,
KLO,2009,5,19,4,7.7,,,,,,,,971.1,,1.9,,27,0,0,0,0,0,0,,,,
KLO,2009,5,19,5,9.6,,,,,,,,971.3,,1.4,,83,0,0,0,0,0,0,,,,
KLO,2009,5,19,6,11.1,,,,,,,,971.5,,1.4,,249,0,0,0,0,0,0,,,,
KLO,2009,5,19,7,12.6,,,,,,,,971.6,,0.9,,430,1897.7,71,0,0,0,0,,,,
KLO,2009,5,19,8,15.2,,,,,,,,971.6,,1.2,,669,1575.8,110.4,0,0,0,0,,,,
KLO,2009,5,19,9,16.8,,,,,,,,971.5,,1,,797,1297,131.5,0,0,0,0,,,,
KLO,2009,5,19,10,18.3,,,,,,,,971.4,,0.6,,877,1119.9,144.7,0,0,0,0,,,,
KLO,2009,5,19,11,19.6,,,,,,,,971,,1.2,,911,991.4,150.3,0,0,0,0,,,,
KLO,2009,5,19,12,21,,,,,,,,970.6,,0.8,,908,896.8,149.8,0,0,0,0,,,,
KLO,2009,5,19,13,22.1,,,,,,,,970.1,,0.9,,840,737.8,188.5,0,0,0,0,,,,
KLO,2009,5,19,14,23,,,,,,,,969.7,,2.9,,735,520.3,278.4,0,0,0,0,,,,
KLO,2009,5,19,15,23.4,,,,,,,,969.5,,2.3,,588,289.6,347.8,0,0,0,0,,,,
KLO,2009,5,19,16,23.4,,,,,,,,969.5,,2,,425,118.6,337,0,0,0,0,,,,
KLO,2009,5,19,17,22.9,,,,,,,,969.6,,2.1,,251,21.7,237.5,0,0,0,0,,,,
KLO,2009,5,19,18,21.5,,,,,,,,969.9,,2,,79,1.9,78.1,0,0,0,0,,,,
KLO,2009,5,19,19,17.9,,,,,,,,970.4,,0.7,,3,0,3,0,0,0,0,,,,
KLO,2009,5,19,20,15.3,,,,,,,,971.1,,0.4,,0,0,0,0,0,0,0,,,,
KLO,2009,5,19,21,13.9,,,,,,,,971.5,,0.5,,0,0,0,0,0,0,0,,,,
KLO,2009,5,19,22,12.5,,,,,,,,971.6,,0.4,,0,0,0,0,0,0,0,,,,
KLO,2009,5,19,23,10.9,,,,,,,,971.7,,0.3,,0,0,0,0,0,0,0,,,,
KLO,2009,5,20,0,10.1,,,,,,,,971.6,,0,,0,0,0,0,0,0,0,,,,
KLO,2009,5,20,1,9.2,,,,,,,,971.5,,0,,0,0,0,0,0,0,0,,,,
KLO,2009,5,20,2,8.6,,,,,,,,971.4,,0.7,,0,0,0,0,0,0,0,,,,
KLO,2009,5,20,3,8.9,,,,,,,,971.3,,0.9,,0,0,0,0,0,0,0,,,,
KLO,2009,5,20,4,8.6,,,,,,,,971.4,,0.9,,30,0,0,0,0,0,0,,,,
KLO,2009,5,20,5,10.6,,,,,,,,971.6,,0.4,,149,0,0,0,0,0,0,,,,
KLO,2009,5,20,6,13.8,,,,,,,,971.8,,0.9,,330,0,0,0,0,0,0,,,,
KLO,2009,5,20,7,16.5,,,,,,,,972,,1.6,,515,2243.6,85,0,0,0,0,,,,
KLO,2009,5,20,8,18.8,,,,,,,,971.7,,0.7,,669,1565.8,110.4,0,0,0,0,,,,
KLO,2009,5,20,9,21,,,,,,,,971.4,,0.9,,790,1280.5,130.3,0,0,0,0,,,,
KLO,2009,5,20,10,22.9,,,,,,,,970.9,,1.2,,872,1110.3,143.9,0,0,0,0,,,,
KLO,2009,5,20,11,24.3,,,,,,,,970.3,,1.3,,901,978.3,148.7,0,0,0,0,,,,
KLO,2009,5,20,12,25.3,,,,,,,,969.6,,1.1,,850,821.9,153.8,0,0,0,0,,,,
KLO,2009,5,20,13,26.5,,,,,,,,969.1,,1.7,,780,607.1,242.9,0,0,0,0,,,,
KLO,2009,5,20,14,26.9,,,,,,,,968.7,,1.8,,680,399.3,328.9,0,0,0,0,,,,
KLO,2009,5,20,15,26.9,,,,,,,,968.3,,2.5,,581,274.5,352.9,0,0,0,0,,,,
KLO,2009,5,20,16,26.7,,,,,,,,967.9,,1.7,,417,107.6,336.9,0,0,0,0,,,,
KLO,2009,5,20,17,26,,,,,,,,967.5,,1.3,,241,17.4,230.1,0,0,0,0,,,,
KLO,2009,5,20,18,24,,,,,,,,967.4,,1,,62,1.1,61.5,0,0,0,0,,,,
KLO,2009,5,20,19,19.8,,,,,,,,967.6,,0.5,,2,0,2,0,0,0,0,,,,
KLO,2009,5,20,20,17.2,,,,,,,,967.8,,0.8,,0,0,0,0,0,0,0,,,,
KLO,2009,5,20,21,15.5,,,,,,,,967.6,,0.4,,0,0,0,0,0,0,0,,,,
KLO,2009,5,20,22,14.2,,,,,,,,967.2,,0.8,,0,0,0,0,0,0,0,,,,
KLO,2009,5,20,23,13,,,,,,,,966.8,,0.5,,0,0,0,0,0,0,0,,,,
KLO,2009,5,21,0,12,,,,,,,,966.5,,0.8,,0,0,0,0,0,0,0,,,,
KLO,2009,5,21,1,11.9,,,,,,,,966.5,,1.3,,0,0,0,0,0,0,0,,,,
KLO,2009,5,21,2,12.2,,,,,,,,966.4,,1.2,,0,0,0,0,0,0,0,,,,
KLO,2009,5,21,3,11.9,,,,,,,,966.2,,1.1,,0,0,0,0,0,0,0,,,,
KLO,2009,5,21,4,12.7,,,,,,,,967,,1.2,,10,0,0,0,0,0,0,,,,
KLO,2009,5,21,5,16.4,,,,,,,,967.2,,2.6,,47,0,0,0,0,0,0,,,,
KLO,2009,5,21,6,18.5,,,,,,,,967.4,,1,,114,0,0,0,0,0,0,,,,
KLO,2009,5,21,7,19,,,,,,,,967.2,,1.7,,141,318.7,79.2,0,0,0,0,,,,
KLO,2009,5,21,8,19.9,,,,,,,,966.8,,0.8,,244,246.2,155.6,0,0,0,0,,,,
KLO,2009,5,21,9,21.7,,,,,,,,966.4,,1.4,,575,928.4,94.9,0,0,0,0,,,,
KLO,2009,5,21,10,23.6,,,,,,,,966.1,,1.7,,714,906.6,117.8,0,0,0,0,,,,
KLO,2009,5,21,11,25.3,,,,,,,,965.4,,1.6,,906,981.6,149.5,0,0,0,0,,,,
KLO,2009,5,21,12,26,,,,,,,,964.7,,1.5,,870,850.5,148.2,0,0,0,0,,,,
KLO,2009,5,21,13,26.1,,,,,,,,964,,1.7,,526,139.1,402.7,0,0,0,0,,,,
KLO,2009,5,21,14,26.3,,,,,,,,963.5,,2.5,,512,126.8,400.3,0,0,0,0,,,,
KLO,2009,5,21,15,25.5,,,,,,,,963.5,,3.8,,330,19.6,313.6,0,0,0,0,,,,
KLO,2009,5,21,16,24.4,,,,,,,,963.1,,3,,324,31.3,300.7,0,0,0,0,,,,
KLO,2009,5,21,17,22.8,,,,,,,,963.6,,3.3,,148,3.8,145.6,0,0,0,0,,,,
KLO,2009,5,21,18,20.9,,,,,,,,964,,3,,45,0.6,44.7,0,0,0,0,,,,
KLO,2009,5,21,19,18.2,,,,,,,,964.5,,1.2,,2,0,2,0,0,0,0,,,,
KLO,2009,5,21,20,17.6,,,,,,,,965.6,,1.2,,0,0,0,0,0,0,0,,,,
KLO,2009,5,21,21,18.3,,,,,,,,965.6,,1.8,,0,0,0,0,0,0,0,,,,
KLO,2009,5,21,22,15.4,,,,,,,,966.1,,5.4,,0,0,0,0,0,0,0,,,,
KLO,2009,5,21,23,14.8,,,,,,,,965.5,,2.8,,0,0,0,0,0,0,0,,,,
KLO,2009,5,22,0,14.2,,,,,,,,964.5,,1.4,,0,0,0,0,0,0,0,,,,
KLO,2009,5,22,1,14.4,,,,,,,,964.7,,2.6,,0,0,0,0,0,0,0,,,,
KLO,2009,5,22,2,13.7,,,,,,,,964.8,,2.3,,0,0,0,0,0,0,0,,,,
KLO,2009,5,22,3,13.7,,,,,,,,965.2,,1.1,,0,0,0,0,0,0,0,,,,
KLO,2009,5,22,4,13.8,,,,,,,,965.3,,0.6,,5,0,0,0,0,0,0,,,,
KLO,2009,5,22,5,14.2,,,,,,,,965.3,,0.6,,59,0,0,0,0,0,0,,,,
KLO,2009,5,22,6,15.4,,,,,,,,965.6,,1.9,,212,0,0,0,0,0,0,,,,
KLO,2009,5,22,7,16.1,,,,,,,,965.9,,0.7,,387,1646.2,63.9,0,0,0,0,,,,
KLO,2009,5,22,8,17.7,,,,,,,,966.2,,1.3,,504,1165.8,83.2,0,0,0,0,,,,
KLO,2009,5,22,9,19.4,,,,,,,,966.6,,2.4,,535,857.4,90,0,0,0,0,,,,
KLO,2009,5,22,10,19.2,,,,,,,,967,,2.6,,325,58.7,286.3,0,0,0,0,,,,
KLO,2009,5,22,11,19.4,,,,,,,,967.2,,4.7,,305,19.4,290,0,0,0,0,,,,
KLO,2009,5,22,12,20.1,,,,,,,,967.3,,4.1,,421,60,370,0,0,0,0,,,,
KLO,2009,5,22,13,20.8,,,,,,,,967.4,,4.2,,394,34.9,363.1,0,0,0,0,,,,
KLO,2009,5,22,14,20.8,,,,,,,,967.4,,4.3,,257,5.7,251.9,0,0,0,0,,,,
KLO,2009,5,22,15,21.1,,,,,,,,967.2,,4.6,,279,9,271.5,0,0,0,0,,,,
KLO,2009,5,22,16,21.8,,,,,,,,967,,4.1,,424,113.8,339,0,0,0,0,,,,
KLO,2009,5,22,17,21,,,,,,,,967.2,,4.2,,240,16.6,229.6,0,0,0,0,,,,
KLO,2009,5,22,18,19.5,,,,,,,,967.7,,3.5,,67,1.3,66.4,0,0,0,0,,,,
KLO,2009,5,22,19,18.3,,,,,,,,968.3,,2.2,,6,0,6,0,0,0,0,,,,
KLO,2009,5,22,20,17.8,,,,,,,,968.8,,1.7,,0,0,0,0,0,0,0,,,,
KLO,2009,5,22,21,16.8,,,,,,,,969.2,,0.9,,0,0,0,0,0,0,0,,,,
KLO,2009,5,22,22,16.2,,,,,,,,969.2,,1.3,,0,0,0,0,0,0,0,,,,
KLO,2009,5,22,23,15.6,,,,,,,,969,,2.3,,0,0,0,0,0,0,0,,,,
KLO,2009,5,23,0,15.2,,,,,,,,968.9,,2.8,,0,0,0,0,0,0,0,,,,
KLO,2009,5,23,1,13.1,,,,,,,,968.6,,2.9,,0,0,0,0,0,0,0,,,,
KLO,2009,5,23,2,11.6,,,,,,,,968.3,,3.3,,0,0,0,0,0,0,0,,,,
KLO,2009,5,23,3,11.1,,,,,,,,968.2,,3.4,,0,0,0,0,0,0,0,,,,
KLO,2009,5,23,4,11.1,,,,,,,,968.4,,3.5,,32,0,0,0,0,0,0,,,,
KLO,2009,5,23,5,13,,,,,,,,968.7,,3.2,,159,0,0,0,0,0,0,,,,
KLO,2009,5,23,6,15.4,,,,,,,,968.9,,2.9,,324,0,0,0,0,0,0,,,,
KLO,2009,5,23,7,17.2,,,,,,,,968.9,,2.8,,501,2107.8,82.7,0,0,0,0,,,,
KLO,2009,5,23,8,18.4,,,,,,,,968.8,,2.9,,653,1502.3,107.7,0,0,0,0,,,,
KLO,2009,5,23,9,19.8,,,,,,,,968.4,,3.9,,765,1226.6,126.2,0,0,0,0,,,,
KLO,2009,5,23,10,21.4,,,,,,,,968.1,,4.3,,865,1092.8,142.7,0,0,0,0,,,,
KLO,2009,5,23,11,22.9,,,,,,,,967.8,,4.2,,887,957.1,146.4,0,0,0,0,,,,
KLO,2009,5,23,12,24.1,,,,,,,,967.5,,4.3,,871,847.8,148.9,0,0,0,0,,,,
KLO,2009,5,23,13,25,,,,,,,,967.1,,3.6,,808,660.4,220.7,0,0,0,0,,,,
KLO,2009,5,23,14,25.7,,,,,,,,966.6,,3.3,,696,425.9,319.4,0,0,0,0,,,,
KLO,2009,5,23,15,26,,,,,,,,966.2,,3.5,,563,237.3,364.6,0,0,0,0,,,,
KLO,2009,5,23,16,25.8,,,,,,,,966.2,,3.6,,386,72.7,331.5,0,0,0,0,,,,
KLO,2009,5,23,17,24.6,,,,,,,,966.6,,2.6,,133,3,131.1,0,0,0,0,,,,
KLO,2009,5,23,18,23,,,,,,,,967.2,,1.5,,52,0.8,51.6,0,0,0,0,,,,
KLO,2009,5,23,19,20.8,,,,,,,,967.4,,0.7,,2,0,2,0,0,0,0,,,,
KLO,2009,5,23,20,18.7,,,,,,,,967.6,,1.2,,0,0,0,0,0,0,0,,,,
KLO,2009,5,23,21,17.7,,,,,,,,967.4,,2.3,,0,0,0,0,0,0,0,,,,
KLO,2009,5,23,22,16.6,,,,,,,,967.5,,0.8,,0,0,0,0,0,0,0,,,,
KLO,2009,5,23,23,15.5,,,,,,,,967.5,,0.4,,0,0,0,0,0,0,0,,,,
KLO,2009,5,24,0,16,,,,,,,,967.6,,0.6,,0,0,0,0,0,0,0,,,,
KLO,2009,5,24,1,16.1,,,,,,,,967.8,,0.5,,0,0,0,0,0,0,0,,,,
KLO,2009,5,24,2,15.6,,,,,,,,968,,1.4,,0,0,0,0,0,0,0,,,,
KLO,2009,5,24,3,16.7,,,,,,,,968.1,,2.3,,0,0,0,0,0,0,0,,,,
KLO,2009,5,24,4,17.5,,,,,,,,968.5,,2.4,,11,0,0,0,0,0,0,,,,
KLO,2009,5,24,5,18.1,,,,,,,,968.8,,2,,55,0,0,0,0,0,0,,,,
KLO,2009,5,24,6,19.8,,,,,,,,969.2,,1.6,,137,0,0,0,0,0,0,,,,
KLO,2009,5,24,7,22.4,,,,,,,,969.5,,1.2,,434,1807,71.6,0,0,0,0,,,,
KLO,2009,5,24,8,25,,,,,,,,969.5,,2.1,,588,1345.8,97,0,0,0,0,,,,
KLO,2009,5,24,9,26.3,,,,,,,,969.4,,2.5,,754,1205,124.4,0,0,0,0,,,,
KLO,2009,5,24,10,27.6,,,,,,,,969.3,,2,,799,1007,131.8,0,0,0,0,,,,
KLO,2009,5,24,11,28.9,,,,,,,,969.3,,2.4,,875,942.4,144.4,0,0,0,0,,,,
KLO,2009,5,24,12,29.9,,,,,,,,969,,2.4,,864,835.4,151.3,0,0,0,0,,,,
KLO,2009,5,24,13,30.6,,,,,,,,968.8,,1.4,,801,642.9,228.3,0,0,0,0,,,,
KLO,2009,5,24,14,30.8,,,,,,,,968.4,,1.7,,674,378.8,338.6,0,0,0,0,,,,
KLO,2009,5,24,15,30.6,,,,,,,,968.2,,2.4,,492,133.2,380.4,0,0,0,0,,,,
KLO,2009,5,24,16,29.1,,,,,,,,968.3,,1.9,,213,5.4,208.9,0,0,0,0,,,,
KLO,2009,5,24,17,29.3,,,,,,,,968.1,,0.9,,263,25.4,246.9,0,0,0,0,,,,
KLO,2009,5,24,18,26.6,,,,,,,,968,,1.7,,77,1.7,76.2,0,0,0,0,,,,
KLO,2009,5,24,19,24.3,,,,,,,,968.2,,1.5,,5,0,5,0,0,0,0,,,,
KLO,2009,5,24,20,21.6,,,,,,,,968.8,,1.6,,0,0,0,0,0,0,0,,,,
KLO,2009,5,24,21,21.9,,,,,,,,969,,2.1,,0,0,0,0,0,0,0,,,,
KLO,2009,5,24,22,20.9,,,,,,,,969,,2.1,,0,0,0,0,0,0,0,,,,
KLO,2009,5,24,23,19.2,,,,,,,,968.6,,1.5,,0,0,0,0,0,0,0,,,,
KLO,2009,5,25,0,16,,,,,,,,968.3,,0.8,,0,0,0,0,0,0,0,,,,
KLO,2009,5,25,1,15.4,,,,,,,,968.1,,0.7,,0,0,0,0,0,0,0,,,,
KLO,2009,5,25,2,14.5,,,,,,,,967.9,,1.7,,0,0,0,0,0,0,0,,,,
KLO,2009,5,25,3,14.1,,,,,,,,967.9,,0.6,,0,0,0,0,0,0,0,,,,
KLO,2009,5,25,4,13.5,,,,,,,,968,,1.1,,33,0,0,0,0,0,0,,,,
KLO,2009,5,25,5,15.7,,,,,,,,968.1,,0.2,,159,0,0,0,0,0,0,,,,
KLO,2009,5,25,6,18.7,,,,,,,,968.3,,0.4,,324,0,0,0,0,0,0,,,,
KLO,2009,5,25,7,21.7,,,,,,,,968.4,,0.6,,499,2057.4,82.3,0,0,0,0,,,,
KLO,2009,5,25,8,24.4,,,,,,,,968.3,,1.3,,648,1475.9,106.9,0,0,0,0,,,,
KLO,2009,5,25,9,26,,,,,,,,968.2,,2.1,,774,1233.1,127.7,0,0,0,0,,,,
KLO,2009,5,25,10,27.2,,,,,,,,967.8,,1.1,,850,1068.9,140.2,0,0,0,0,,,,
KLO,2009,5,25,11,28.8,,,,,,,,967.4,,1.2,,885,951.4,146,0,0,0,0,,,,
KLO,2009,5,25,12,29.9,,,,,,,,966.7,,0.9,,880,856.6,148,0,0,0,0,,,,
KLO,2009,5,25,13,31.2,,,,,,,,965.9,,1,,830,702.1,203.6,0,0,0,0,,,,
KLO,2009,5,25,14,31.7,,,,,,,,965,,1.5,,721,474.9,299.7,0,0,0,0,,,,
KLO,2009,5,25,15,31.7,,,,,,,,964.3,,2.5,,576,256.5,360.7,0,0,0,0,,,,
KLO,2009,5,25,16,30.6,,,,,,,,963.9,,3.4,,363,52.9,323.1,0,0,0,0,,,,
KLO,2009,5,25,17,30,,,,,,,,963.6,,2.9,,284,37,260.6,0,0,0,0,,,,
KLO,2009,5,25,18,28.1,,,,,,,,963.5,,2,,95,2.6,93.7,0,0,0,0,,,,
KLO,2009,5,25,19,24.8,,,,,,,,963.4,,2,,9,0.1,9,0,0,0,0,,,,
KLO,2009,5,25,20,22.6,,,,,,,,963.6,,2.6,,0,0,0,0,0,0,0,,,,
KLO,2009,5,25,21,21,,,,,,,,963.3,,1.2,,0,0,0,0,0,0,0,,,,
KLO,2009,5,25,22,19.4,,,,,,,,963.2,,1.4,,0,0,0,0,0,0,0,,,,
KLO,2009,5,25,23,18.1,,,,,,,,963.1,,0.7,,0,0,0,0,0,0,0,,,,
KLO,2009,5,26,0,16.8,,,,,,,,962.9,,1,,0,0,0,0,0,0,0,,,,
KLO,2009,5,26,1,16.2,,,,,,,,962.8,,0.5,,0,0,0,0,0,0,0,,,,
KLO,2009,5,26,2,15.8,,,,,,,,962.5,,0.1,,0,0,0,0,0,0,0,,,,
KLO,2009,5,26,3,15.1,,,,,,,,962.8,,0.4,,0,0,0,0,0,0,0,,,,
KLO,2009,5,26,4,18.2,,,,,,,,963.7,,2.6,,33,0,0,0,0,0,0,,,,
KLO,2009,5,26,5,20.4,,,,,,,,964.3,,2,,113,0,0,0,0,0,0,,,,
KLO,2009,5,26,6,21.7,,,,,,,,965.3,,2.9,,324,0,0,0,0,0,0,,,,
KLO,2009,5,26,7,22.5,,,,,,,,965.3,,2.4,,449,1834.2,74.1,0,0,0,0,,,,
KLO,2009,5,26,8,23,,,,,,,,965.2,,2.7,,484,1097.3,79.9,0,0,0,0,,,,
KLO,2009,5,26,9,23,,,,,,,,964.8,,2.4,,392,352.7,206.6,0,0,0,0,,,,
KLO,2009,5,26,10,23.3,,,,,,,,964.2,,3.8,,674,836.1,117.7,0,0,0,0,,,,
KLO,2009,5,26,11,24.1,,,,,,,,964,,4,,819,879.4,134.8,0,0,0,0,,,,
KLO,2009,5,26,12,24.9,,,,,,,,963.3,,4.9,,777,660.3,211.9,0,0,0,0,,,,
KLO,2009,5,26,13,18.6,,,,,,,,964.6,,9.6,,35,0.1,34.9,0,0,0,0,,,,
KLO,2009,5,26,14,15.3,,,,,,,,965.2,,5.7,,6,0,6,0,0,0,0,,,,
KLO,2009,5,26,15,15.4,,,,,,,,966.6,,4,,42,0.2,41.9,0,0,0,0,,,,
KLO,2009,5,26,16,14.8,,,,,,,,966.4,,2.3,,15,0,15,0,0,0,0,,,,
KLO,2009,5,26,17,14.5,,,,,,,,966.9,,1,,7,0,7,0,0,0,0,,,,
KLO,2009,5,26,18,14.5,,,,,,,,967.6,,1.6,,4,0,4,0,0,0,0,,,,
KLO,2009,5,26,19,13.6,,,,,,,,968.5,,1.5,,0,0,0,0,0,0,0,,,,
KLO,2009,5,26,20,13.4,,,,,,,,969.4,,2.3,,0,0,0,0,0,0,0,,,,
KLO,2009,5,26,21,13.5,,,,,,,,969.7,,3.1,,0,0,0,0,0,0,0,,,,
KLO,2009,5,26,22,13,,,,,,,,970.4,,1.6,,0,0,0,0,0,0,0,,,,
KLO,2009,5,26,23,12.7,,,,,,,,971.2,,2.1,,0,0,0,0,0,0,0,,,,
KLO,2009,5,27,0,12.5,,,,,,,,972.1,,2,,0,0,0,0,0,0,0,,,,
KLO,2009,5,27,1,12.1,,,,,,,,972.7,,0.6,,0,0,0,0,0,0,0,,,,
KLO,2009,5,27,2,11.9,,,,,,,,973.3,,1.9,,0,0,0,0,0,0,0,,,,
KLO,2009,5,27,3,11.4,,,,,,,,974,,2.6,,0,0,0,0,0,0,0,,,,
KLO,2009,5,27,4,9.7,,,,,,,,974.9,,2.3,,14,0,0,0,0,0,0,,,,
KLO,2009,5,27,5,10.4,,,,,,,,975.7,,2.5,,151,0,0,0,0,0,0,,,,
KLO,2009,5,27,6,11.5,,,,,,,,976.5,,1.7,,353,0,0,0,0,0,0,,,,
KLO,2009,5,27,7,11.8,,,,,,,,977,,1.8,,295,1194.7,48.7,0,0,0,0,,,,
KLO,2009,5,27,8,12,,,,,,,,977.2,,1.2,,216,130.5,167.7,0,0,0,0,,,,
KLO,2009,5,27,9,12.4,,,,,,,,977,,0.8,,271,72.5,232.8,0,0,0,0,,,,
KLO,2009,5,27,10,13.3,,,,,,,,977,,0.9,,450,240.8,289.4,0,0,0,0,,,,
KLO,2009,5,27,11,14.6,,,,,,,,976.6,,1.4,,901,965.4,148.7,0,0,0,0,,,,
KLO,2009,5,27,12,15.4,,,,,,,,976.3,,1.3,,589,258.7,367.2,0,0,0,0,,,,
KLO,2009,5,27,13,15.9,,,,,,,,976.3,,1.7,,578,201.4,397.8,0,0,0,0,,,,
KLO,2009,5,27,14,16.4,,,,,,,,976,,1.6,,695,416,324.8,0,0,0,0,,,,
KLO,2009,5,27,15,17.2,,,,,,,,975.9,,2.6,,594,285.8,353.2,0,0,0,0,,,,
KLO,2009,5,27,16,17,,,,,,,,975.7,,2.8,,402,84.9,337.8,0,0,0,0,,,,
KLO,2009,5,27,17,16.6,,,,,,,,975.8,,2.5,,269,27.4,251.6,0,0,0,0,,,,
KLO,2009,5,27,18,14.7,,,,,,,,975.8,,2.2,,69,1.3,68.3,0,0,0,0,,,,
KLO,2009,5,27,19,12.4,,,,,,,,976,,2.1,,4,0,4,0,0,0,0,,,,
KLO,2009,5,27,20,11.6,,,,,,,,976.5,,1,,0,0,0,0,0,0,0,,,,
KLO,2009,5,27,21,12.2,,,,,,,,976.9,,1.2,,0,0,0,0,0,0,0,,,,
KLO,2009,5,27,22,12.3,,,,,,,,977,,1.7,,0,0,0,0,0,0,0,,,,
KLO,2009,5,27,23,12.5,,,,,,,,977.2,,2.2,,0,0,0,0,0,0,0,,,,
KLO,2009,5,28,0,12.5,,,,,,,,977.6,,2.1,,0,0,0,0,0,0,0,,,,
KLO,2009,5,28,1,12.2,,,,,,,,977.4,,2.6,,0,0,0,0,0,0,0,,,,
KLO,2009,5,28,2,11.9,,,,,,,,977.3,,2.3,,0,0,0,0,0,0,0,,,,
KLO,2009,5,28,3,11.6,,,,,,,,977.3,,1.6,,0,0,0,0,0,0,0,,,,
KLO,2009,5,28,4,11.6,,,,,,,,977.5,,1.2,,21,0,0,0,0,0,0,,,,
KLO,2009,5,28,5,12.6,,,,,,,,977.7,,0.7,,95,0,0,0,0,0,0,,,,
KLO,2009,5,28,6,13.4,,,,,,,,977.9,,1.8,,229,0,0,0,0,0,0,,,,
KLO,2009,5,28,7,14.6,,,,,,,,978.1,,2.7,,446,1791.6,73.6,0,0,0,0,,,,
KLO,2009,5,28,8,15.3,,,,,,,,978.3,,2.9,,607,1364.7,100.2,0,0,0,0,,,,
KLO,2009,5,28,9,15.7,,,,,,,,978.4,,2.8,,608,960.8,100.3,0,0,0,0,,,,
KLO,2009,5,28,10,16.5,,,,,,,,978.4,,3,,715,893.8,118,0,0,0,0,,,,
KLO,2009,5,28,11,17.6,,,,,,,,978.4,,2.6,,864,924.4,142.6,0,0,0,0,,,,
KLO,2009,5,28,12,18.9,,,,,,,,978.1,,2.8,,769,638.3,221.2,0,0,0,0,,,,
KLO,2009,5,28,13,18.2,,,,,,,,977.9,,3.7,,391,32.3,362,0,0,0,0,,,,
KLO,2009,5,28,14,17.2,,,,,,,,978,,2.9,,119,1.2,117.9,0,0,0,0,,,,
KLO,2009,5,28,15,17.1,,,,,,,,978.1,,2.6,,71,0.5,70.6,0,0,0,0,,,,
KLO,2009,5,28,16,16.7,,,,,,,,978.1,,1.8,,35,0.1,34.9,0,0,0,0,,,,
KLO,2009,5,28,17,16.8,,,,,,,,978.2,,0.8,,78,1,77.4,0,0,0,0,,,,
KLO,2009,5,28,18,16.6,,,,,,,,978.4,,1.5,,43,0.5,42.7,0,0,0,0,,,,
KLO,2009,5,28,19,16,,,,,,,,978.7,,1.6,,1,0,1,0,0,0,0,,,,
KLO,2009,5,28,20,15.2,,,,,,,,978.9,,1,,0,0,0,0,0,0,0,,,,
KLO,2009,5,28,21,13.9,,,,,,,,979,,1,,0,0,0,0,0,0,0,,,,
KLO,2009,5,28,22,13.3,,,,,,,,979,,1.2,,0,0,0,0,0,0,0,,,,
KLO,2009,5,28,23,13.5,,,,,,,,978.7,,0.7,,0,0,0,0,0,0,0,,,,
KLO,2009,5,29,0,13.2,,,,,,,,978.2,,1,,0,0,0,0,0,0,0,,,,
KLO,2009,5,29,1,13.3,,,,,,,,977.9,,0.5,,0,0,0,0,0,0,0,,,,
KLO,2009,5,29,2,13,,,,,,,,977.6,,1.3,,0,0,0,0,0,0,0,,,,
KLO,2009,5,29,3,12.8,,,,,,,,977.5,,0.9,,0,0,0,0,0,0,0,,,,
KLO,2009,5,29,4,12.9,,,,,,,,977.5,,1.6,,6,0,0,0,0,0,0,,,,
KLO,2009,5,29,5,13.3,,,,,,,,977.6,,1.7,,44,0,0,0,0,0,0,,,,
KLO,2009,5,29,6,14.3,,,,,,,,977.6,,3.6,,243,3856.1,40.1,0,0,0,0,,,,
KLO,2009,5,29,7,15.1,,,,,,,,977.7,,5.1,,462,1841.8,76.2,0,0,0,0,,,,
KLO,2009,5,29,8,15.7,,,,,,,,977.5,,5.6,,708,1585.7,116.8,0,0,0,0,,,,
KLO,2009,5,29,9,16.5,,,,,,,,977.3,,5.2,,731,1152.4,120.6,0,0,0,0,,,,
KLO,2009,5,29,10,17.4,,,,,,,,976.9,,4.3,,811,1012.1,133.8,0,0,0,0,,,,
KLO,2009,5,29,11,18.2,,,,,,,,976.5,,4.8,,968,1034.2,159.7,0,0,0,0,,,,
KLO,2009,5,29,12,18.7,,,,,,,,976,,5.7,,952,925,157.1,0,0,0,0,,,,
KLO,2009,5,29,13,18.9,,,,,,,,975.6,,5.5,,894,814.1,163.7,0,0,0,0,,,,
KLO,2009,5,29,14,19,,,,,,,,975,,4.8,,787,611.3,241.5,0,0,0,0,,,,
KLO,2009,5,29,15,18.9,,,,,,,,974.5,,4.6,,644,381.7,321.3,0,0,0,0,,,,
KLO,2009,5,29,16,18.4,,,,,,,,974.4,,6,,469,167,342.2,0,0,0,0,,,,
KLO,2009,5,29,17,17.4,,,,,,,,974.5,,7,,283,34.5,260.9,0,0,0,0,,,,
KLO,2009,5,29,18,16,,,,,,,,974.8,,6.3,,107,3.1,105.4,0,0,0,0,,,,
KLO,2009,5,29,19,14.5,,,,,,,,975,,5.3,,9,0,9,0,0,0,0,,,,
KLO,2009,5,29,20,13.4,,,,,,,,975.3,,4.5,,0,0,0,0,0,0,0,,,,
KLO,2009,5,29,21,12.3,,,,,,,,975.2,,4.7,,0,0,0,0,0,0,0,,,,
KLO,2009,5,29,22,11.9,,,,,,,,974.8,,5,,0,0,0,0,0,0,0,,,,
KLO,2009,5,29,23,11.3,,,,,,,,974.3,,6.3,,0,0,0,0,0,0,0,,,,
KLO,2009,5,30,0,10.6,,,,,,,,973.5,,7.8,,0,0,0,0,0,0,0,,,,
KLO,2009,5,30,1,10.2,,,,,,,,972.8,,7.7,,0,0,0,0,0,0,0,,,,
KLO,2009,5,30,2,9.9,,,,,,,,972.3,,7.3,,0,0,0,0,0,0,0,,,,
KLO,2009,5,30,3,9.8,,,,,,,,971.7,,7.9,,0,0,0,0,0,0,0,,,,
KLO,2009,5,30,4,9.9,,,,,,,,971.5,,7.3,,40,0,0,0,0,0,0,,,,
KLO,2009,5,30,5,11,,,,,,,,971.2,,6.7,,184,0,0,0,0,0,0,,,,
KLO,2009,5,30,6,12.6,,,,,,,,971.1,,8.2,,366,5635.4,60.4,0,0,0,0,,,,
KLO,2009,5,30,7,14.1,,,,,,,,970.6,,9.1,,545,2157.4,89.9,0,0,0,0,,,,
KLO,2009,5,30,8,15.3,,,,,,,,970.1,,11.1,,702,1566.7,115.8,0,0,0,0,,,,
KLO,2009,5,30,9,16.5,,,,,,,,969.8,,12,,830,1305.5,137,0,0,0,0,,,,
KLO,2009,5,30,10,17.5,,,,,,,,969.3,,9.8,,909,1132.5,150,0,0,0,0,,,,
KLO,2009,5,30,11,18.5,,,,,,,,968.9,,9.6,,949,1012.5,156.6,0,0,0,0,,,,
KLO,2009,5,30,12,19.4,,,,,,,,968.8,,8.7,,935,907.4,154.3,0,0,0,0,,,,
KLO,2009,5,30,13,19.5,,,,,,,,968.7,,7.3,,781,587.3,253.5,0,0,0,0,,,,
KLO,2009,5,30,14,19.5,,,,,,,,968.5,,8,,741,508.6,286.5,0,0,0,0,,,,
KLO,2009,5,30,15,19.4,,,,,,,,968.1,,7.3,,619,328.9,340.5,0,0,0,0,,,,
KLO,2009,5,30,16,19.2,,,,,,,,968.1,,7.1,,454,144,344.5,0,0,0,0,,,,
KLO,2009,5,30,17,18.7,,,,,,,,968,,6.8,,269,26.4,252.1,0,0,0,0,,,,
KLO,2009,5,30,18,17.7,,,,,,,,968.2,,5.2,,105,3,103.5,0,0,0,0,,,,
KLO,2009,5,30,19,16.1,,,,,,,,968.5,,4.1,,9,0,9,0,0,0,0,,,,
KLO,2009,5,30,20,15,,,,,,,,969,,4.5,,0,0,0,0,0,0,0,,,,
KLO,2009,5,30,21,14.3,,,,,,,,969,,5.3,,0,0,0,0,0,0,0,,,,
KLO,2009,5,30,22,12.6,,,,,,,,969.2,,1.8,,0,0,0,0,0,0,0,,,,
KLO,2009,5,30,23,9.5,,,,,,,,968.9,,3,,0,0,0,0,0,0,0,,,,
KLO,2009,5,31,0,8.7,,,,,,,,968.7,,2.9,,0,0,0,0,0,0,0,,,,
KLO,2009,5,31,1,8.3,,,,,,,,968.6,,2.6,,0,0,0,0,0,0,0,,,,
KLO,2009,5,31,2,8.7,,,,,,,,968.5,,2.7,,0,0,0,0,0,0,0,,,,
KLO,2009,5,31,3,7.5,,,,,,,,968.6,,0.3,,0,0,0,0,0,0,0,,,,
KLO,2009,5,31,4,7.5,,,,,,,,968.7,,0.1,,14,0,0,0,0,0,0,,,,
KLO,2009,5,31,5,8.7,,,,,,,,968.9,,0.5,,149,0,0,0,0,0,0,,,,
KLO,2009,5,31,6,11.8,,,,,,,,969.1,,2.4,,253,3789.6,41.7,0,0,0,0,,,,
KLO,2009,5,31,7,12.5,,,,,,,,969.2,,4.2,,252,991,41.6,0,0,0,0,,,,
KLO,2009,5,31,8,14,,,,,,,,969.1,,4.1,,404,898.7,66.7,0,0,0,0,,,,
KLO,2009,5,31,9,15,,,,,,,,969.1,,4.7,,392,339,211.7,0,0,0,0,,,,
KLO,2009,5,31,10,15.6,,,,,,,,969,,4.9,,415,168.2,302.1,0,0,0,0,,,,
KLO,2009,5,31,11,16.2,,,,,,,,968.9,,5.3,,512,212,345.9,0,0,0,0,,,,
KLO,2009,5,31,12,17.4,,,,,,,,968.7,,6.3,,686,446,301.8,0,0,0,0,,,,
KLO,2009,5,31,13,18.4,,,,,,,,968.4,,5.6,,905,828.2,160.2,0,0,0,0,,,,
KLO,2009,5,31,14,18.4,,,,,,,,968,,5.8,,709,438.5,316.6,0,0,0,0,,,,
KLO,2009,5,31,15,18.6,,,,,,,,967.8,,5.9,,580,254.9,363.8,0,0,0,0,,,,
KLO,2009,5,31,16,18.5,,,,,,,,967.5,,6.6,,455,144.3,345,0,0,0,0,,,,
KLO,2009,5,31,17,17.9,,,,,,,,967.6,,6.7,,236,13.6,227.2,0,0,0,0,,,,
KLO,2009,5,31,18,16.9,,,,,,,,967.9,,5.5,,105,3,103.5,0,0,0,0,,,,
KLO,2009,5,31,19,15.1,,,,,,,,968.2,,3.5,,6,0,6,0,0,0,0,,,,
KLO,2009,5,31,20,13,,,,,,,,968.7,,2.8,,0,0,0,0,0,0,0,,,,
KLO,2009,5,31,21,12.6,,,,,,,,968.9,,3.5,,0,0,0,0,0,0,0,,,,
KLO,2009,5,31,22,11.5,,,,,,,,968.7,,3,,0,0,0,0,0,0,0,,,,
KLO,2009,5,31,23,9,,,,,,,,968.4,,1.5,,0,0,0,0,0,0,0,,,,
KLO,2009,6,1,0,7.7,,,,,,,,967.9,,1.9,,0,0,0,0,0,0,0,,,,
KLO,2009,6,1,1,7.3,,,,,,,,967.3,,2.5,,0,0,0,0,0,0,0,,,,
KLO,2009,6,1,2,7.5,,,,,,,,966.9,,2.4,,0,0,0,0,0,0,0,,,,
KLO,2009,6,1,3,7.7,,,,,,,,967.1,,1.6,,1,0,0,0,0,0,0,,,,
KLO,2009,6,1,4,8.1,,,,,,,,967.5,,1.9,,63,0,0,0,0,0,0,,,,
KLO,2009,6,1,5,11.3,,,,,,,,967.8,,0.6,,217,0,0,0,0,0,0,,,,
KLO,2009,6,1,6,13.6,,,,,,,,967.8,,2,,369,5389.8,60.9,0,0,0,0,,,,
KLO,2009,6,1,7,14.9,,,,,,,,967.6,,3.3,,469,1833.2,77.4,0,0,0,0,,,,
KLO,2009,6,1,8,16.4,,,,,,,,967.3,,4.5,,723,1603.4,119.3,0,0,0,0,,,,
KLO,2009,6,1,9,17.3,,,,,,,,967.2,,6.2,,837,1311.3,138.1,0,0,0,0,,,,
KLO,2009,6,1,10,18.3,,,,,,,,967,,6.1,,713,885.6,117.7,0,0,0,0,,,,
KLO,2009,6,1,11,19.3,,,,,,,,966.7,,6.3,,915,973.9,151,0,0,0,0,,,,
KLO,2009,6,1,12,19.7,,,,,,,,966.3,,5.6,,763,618.1,230,0,0,0,0,,,,
KLO,2009,6,1,13,19.7,,,,,,,,966.1,,5.4,,462,72.3,396.9,0,0,0,0,,,,
KLO,2009,6,1,14,20,,,,,,,,965.9,,5.9,,430,52.3,383.2,0,0,0,0,,,,
KLO,2009,6,1,15,19,,,,,,,,965.9,,5.6,,262,6.8,256.2,0,0,0,0,,,,
KLO,2009,6,1,16,18.7,,,,,,,,965.8,,4.1,,218,5.5,213.8,0,0,0,0,,,,
KLO,2009,6,1,17,19.1,,,,,,,,965.7,,4.3,,261,22.1,246.7,0,0,0,0,,,,
KLO,2009,6,1,18,18.3,,,,,,,,965.8,,3.5,,83,1.9,82.1,0,0,0,0,,,,
KLO,2009,6,1,19,17,,,,,,,,966,,3.5,,9,0,9,0,0,0,0,,,,
KLO,2009,6,1,20,16.4,,,,,,,,966.5,,3.3,,0,0,0,0,0,0,0,,,,
KLO,2009,6,1,21,13.4,,,,,,,,966.9,,2.5,,0,0,0,0,0,0,0,,,,
KLO,2009,6,1,22,13.5,,,,,,,,967,,3.9,,0,0,0,0,0,0,0,,,,
KLO,2009,6,1,23,13.1,,,,,,,,966.9,,1.9,,0,0,0,0,0,0,0,,,,
KLO,2009,6,2,0,11,,,,,,,,966.7,,1.7,,0,0,0,0,0,0,0,,,,
KLO,2009,6,2,1,9.4,,,,,,,,966.6,,2.4,,0,0,0,0,0,0,0,,,,
KLO,2009,6,2,2,8.8,,,,,,,,966.4,,2.7,,0,0,0,0,0,0,0,,,,
KLO,2009,6,2,3,9.9,,,,,,,,966.5,,2.5,,1,0,0,0,0,0,0,,,,
KLO,2009,6,2,4,9.7,,,,,,,,966.7,,1.6,,41,0,0,0,0,0,0,,,,
KLO,2009,6,2,5,11.7,,,,,,,,967,,0.7,,175,0,0,0,0,0,0,,,,
KLO,2009,6,2,6,14.3,,,,,,,,967.1,,0.8,,333,4753.8,54.9,0,0,0,0,,,,
KLO,2009,6,2,7,16.7,,,,,,,,967.2,,1.9,,526,2044.5,86.8,0,0,0,0,,,,
KLO,2009,6,2,8,18.2,,,,,,,,967.2,,2.8,,683,1510.5,112.7,0,0,0,0,,,,
KLO,2009,6,2,9,19.6,,,,,,,,967,,3.6,,821,1284,135.5,0,0,0,0,,,,
KLO,2009,6,2,10,20.5,,,,,,,,967,,4.2,,784,972.7,129.4,0,0,0,0,,,,
KLO,2009,6,2,11,21.1,,,,,,,,966.8,,3.1,,911,968.6,150.3,0,0,0,0,,,,
KLO,2009,6,2,12,22,,,,,,,,966.6,,4.2,,914,884.3,150.8,0,0,0,0,,,,
KLO,2009,6,2,13,22.2,,,,,,,,966.4,,4,,791,604.5,246.2,0,0,0,0,,,,
KLO,2009,6,2,14,21.6,,,,,,,,966.2,,1.9,,489,96.2,402.7,0,0,0,0,,,,
KLO,2009,6,2,15,22.7,,,,,,,,965.8,,1.7,,574,242.2,368,0,0,0,0,,,,
KLO,2009,6,2,16,22.1,,,,,,,,965.5,,1.9,,418,97.1,343.7,0,0,0,0,,,,
KLO,2009,6,2,17,21.6,,,,,,,,965.6,,4.1,,329,69.4,284.1,0,0,0,0,,,,
KLO,2009,6,2,18,19.8,,,,,,,,965.8,,3,,157,7,153.5,0,0,0,0,,,,
KLO,2009,6,2,19,17.5,,,,,,,,966.1,,2.2,,11,0.1,11,0,0,0,0,,,,
KLO,2009,6,2,20,16,,,,,,,,966.7,,1.9,,0,0,0,0,0,0,0,,,,
KLO,2009,6,2,21,15.4,,,,,,,,966.9,,1.7,,0,0,0,0,0,0,0,,,,
KLO,2009,6,2,22,13.7,,,,,,,,966.9,,1.8,,0,0,0,0,0,0,0,,,,
KLO,2009,6,2,23,12.5,,,,,,,,966.6,,1.5,,0,0,0,0,0,0,0,,,,
KLO,2009,6,3,0,11,,,,,,,,966.6,,1,,0,0,0,0,0,0,0,,,,
KLO,2009,6,3,1,10.4,,,,,,,,966.4,,0.1,,0,0,0,0,0,0,0,,,,
KLO,2009,6,3,2,9.7,,,,,,,,966.1,,0.3,,0,0,0,0,0,0,0,,,,
KLO,2009,6,3,3,9.7,,,,,,,,965.9,,0.3,,0,0,0,0,0,0,0,,,,
KLO,2009,6,3,4,9.4,,,,,,,,966,,0.5,,40,0,0,0,0,0,0,,,,
KLO,2009,6,3,5,11.9,,,,,,,,966.2,,0.5,,160,0,0,0,0,0,0,,,,
KLO,2009,6,3,6,14.3,,,,,,,,966.3,,0.5,,325,4544.2,53.6,0,0,0,0,,,,
KLO,2009,6,3,7,16.3,,,,,,,,966.2,,1.3,,491,1898.7,81,0,0,0,0,,,,
KLO,2009,6,3,8,17.8,,,,,,,,965.9,,1,,669,1475.8,110.4,0,0,0,0,,,,
KLO,2009,6,3,9,19.5,,,,,,,,965.5,,0.9,,813,1269.4,134.1,0,0,0,0,,,,
KLO,2009,6,3,10,20.8,,,,,,,,965.1,,2.1,,916,1135.1,151.1,0,0,0,0,,,,
KLO,2009,6,3,11,21,,,,,,,,964.8,,3,,621,434.9,279.1,0,0,0,0,,,,
KLO,2009,6,3,12,21.6,,,,,,,,964.4,,4.1,,621,309.8,353.4,0,0,0,0,,,,
KLO,2009,6,3,13,22.6,,,,,,,,964,,4.2,,829,684.2,211.8,0,0,0,0,,,,
KLO,2009,6,3,14,22.5,,,,,,,,963.8,,4.3,,679,373.5,343.7,0,0,0,0,,,,
KLO,2009,6,3,15,22.1,,,,,,,,963.7,,4.3,,592,272.4,360,0,0,0,0,,,,
KLO,2009,6,3,16,21.4,,,,,,,,963.5,,4,,435,115.7,346.3,0,0,0,0,,,,
KLO,2009,6,3,17,20.3,,,,,,,,963.3,,2.8,,231,12,223.2,0,0,0,0,,,,
KLO,2009,6,3,18,18.6,,,,,,,,963.1,,2.4,,89,2.1,87.9,0,0,0,0,,,,
KLO,2009,6,3,19,18.2,,,,,,,,963.2,,2.6,,6,0,6,0,0,0,0,,,,
KLO,2009,6,3,20,16.9,,,,,,,,963.8,,2.9,,0,0,0,0,0,0,0,,,,
KLO,2009,6,3,21,15.7,,,,,,,,963.9,,3.4,,0,0,0,0,0,0,0,,,,
KLO,2009,6,3,22,15,,,,,,,,964,,2.4,,0,0,0,0,0,0,0,,,,
KLO,2009,6,3,23,14.5,,,,,,,,963.8,,1.9,,0,0,0,0,0,0,0,,,,
KLO,2009,6,4,0,14.4,,,,,,,,963.8,,2.8,,0,0,0,0,0,0,0,,,,
KLO,2009,6,4,1,13.5,,,,,,,,963.7,,2.3,,0,0,0,0,0,0,0,,,,
KLO,2009,6,4,2,12.4,,,,,,,,963.4,,2.3,,0,0,0,0,0,0,0,,,,
KLO,2009,6,4,3,11.5,,,,,,,,963.3,,2.4,,0,0,0,0,0,0,0,,,,
KLO,2009,6,4,4,10.9,,,,,,,,963.5,,2.5,,18,0,0,0,0,0,0,,,,
KLO,2009,6,4,5,12.2,,,,,,,,963.9,,2.2,,88,0,0,0,0,0,0,,,,
KLO,2009,6,4,6,13,,,,,,,,964.1,,1.6,,227,3114.9,37.5,0,0,0,0,,,,
KLO,2009,6,4,7,14.2,,,,,,,,964.3,,0.8,,352,1354.9,58.1,0,0,0,0,,,,
KLO,2009,6,4,8,15.8,,,,,,,,964.2,,2.1,,689,1516.4,113.7,0,0,0,0,,,,
KLO,2009,6,4,9,17.4,,,,,,,,963.9,,4.1,,826,1287.9,136.3,0,0,0,0,,,,
KLO,2009,6,4,10,18.1,,,,,,,,963.6,,4.5,,907,1122.8,149.7,0,0,0,0,,,,
KLO,2009,6,4,11,19.1,,,,,,,,963.3,,4.4,,939,996.6,154.9,0,0,0,0,,,,
KLO,2009,6,4,12,19.4,,,,,,,,963,,4.6,,930,898.1,153.5,0,0,0,0,,,,
KLO,2009,6,4,13,19.8,,,,,,,,962.7,,4.1,,866,756.5,183,0,0,0,0,,,,
KLO,2009,6,4,14,19.8,,,,,,,,962.5,,4.5,,760,542.1,272.7,0,0,0,0,,,,
KLO,2009,6,4,15,19.9,,,,,,,,962.3,,4.1,,567,228.6,372.1,0,0,0,0,,,,
KLO,2009,6,4,16,19.6,,,,,,,,961.7,,3.6,,462,150.2,346.7,0,0,0,0,,,,
KLO,2009,6,4,17,19.1,,,,,,,,961.6,,3.9,,284,32.9,262.6,0,0,0,0,,,,
KLO,2009,6,4,18,17.3,,,,,,,,961.7,,2.8,,103,2.8,101.6,0,0,0,0,,,,
KLO,2009,6,4,19,14.7,,,,,,,,962,,1.6,,13,0.1,13,0,0,0,0,,,,
KLO,2009,6,4,20,12.7,,,,,,,,962.3,,1.7,,0,0,0,0,0,0,0,,,,
KLO,2009,6,4,21,11.5,,,,,,,,962.3,,1.7,,0,0,0,0,0,0,0,,,,
KLO,2009,6,4,22,10,,,,,,,,962.1,,1.3,,0,0,0,0,0,0,0,,,,
KLO,2009,6,4,23,9.2,,,,,,,,962.1,,1.4,,0,0,0,0,0,0,0,,,,
KLO,2009,6,5,0,8.5,,,,,,,,962,,1.1,,0,0,0,0,0,0,0,,,,
KLO,2009,6,5,1,7.2,,,,,,,,961.5,,1.1,,0,0,0,0,0,0,0,,,,
KLO,2009,6,5,2,6.8,,,,,,,,961.2,,0.9,,0,0,0,0,0,0,0,,,,
KLO,2009,6,5,3,5.9,,,,,,,,961.1,,1,,1,0,0,0,0,0,0,,,,
KLO,2009,6,5,4,6.6,,,,,,,,961.2,,1.5,,62,0,0,0,0,0,0,,,,
KLO,2009,6,5,5,9.6,,,,,,,,960.9,,1.1,,181,0,0,0,0,0,0,,,,
KLO,2009,6,5,6,11.5,,,,,,,,960.7,,1,,348,4695.3,57.4,0,0,0,0,,,,
KLO,2009,6,5,7,13.5,,,,,,,,960.4,,0.6,,500,1916.5,82.5,0,0,0,0,,,,
KLO,2009,6,5,8,15.2,,,,,,,,959.9,,1,,645,1416.6,106.4,0,0,0,0,,,,
KLO,2009,6,5,9,16.4,,,,,,,,959.4,,1,,764,1189.7,126.1,0,0,0,0,,,,
KLO,2009,6,5,10,17.5,,,,,,,,958.9,,1,,802,991.9,132.3,0,0,0,0,,,,
KLO,2009,6,5,11,19.1,,,,,,,,958.3,,1.7,,931,987.3,153.6,0,0,0,0,,,,
KLO,2009,6,5,12,20.3,,,,,,,,957.4,,1.3,,918,885.8,151.5,0,0,0,0,,,,
KLO,2009,6,5,13,20.7,,,,,,,,956.6,,1.8,,828,679.7,213.8,0,0,0,0,,,,
KLO,2009,6,5,14,21.1,,,,,,,,956,,1.5,,609,245.7,387.9,0,0,0,0,,,,
KLO,2009,6,5,15,20.8,,,,,,,,955.5,,0.5,,315,14.1,302.9,0,0,0,0,,,,
KLO,2009,6,5,16,20.7,,,,,,,,954.9,,0.4,,220,5.6,215.7,0,0,0,0,,,,
KLO,2009,6,5,17,20.4,,,,,,,,954.6,,1.3,,140,3.1,138,0,0,0,0,,,,
KLO,2009,6,5,18,19.1,,,,,,,,954.5,,2.3,,40,0.4,39.8,0,0,0,0,,,,
KLO,2009,6,5,19,18.1,,,,,,,,954,,2.2,,4,0,4,0,0,0,0,,,,
KLO,2009,6,5,20,16.7,,,,,,,,953.9,,2,,0,0,0,0,0,0,0,,,,
KLO,2009,6,5,21,16.7,,,,,,,,953.3,,2.4,,0,0,0,0,0,0,0,,,,
KLO,2009,6,5,22,15.5,,,,,,,,953,,2.1,,0,0,0,0,0,0,0,,,,
KLO,2009,6,5,23,13.3,,,,,,,,951.7,,2.4,,0,0,0,0,0,0,0,,,,
KLO,2009,6,6,0,12.2,,,,,,,,950.7,,2.4,,0,0,0,0,0,0,0,,,,
KLO,2009,6,6,1,11.7,,,,,,,,950.5,,3.1,,0,0,0,0,0,0,0,,,,
KLO,2009,6,6,2,12,,,,,,,,949.9,,2.6,,0,0,0,0,0,0,0,,,,
KLO,2009,6,6,3,11,,,,,,,,949.8,,1.5,,0,0,0,0,0,0,0,,,,
KLO,2009,6,6,4,11.2,,,,,,,,949.9,,0.5,,11,0,0,0,0,0,0,,,,
KLO,2009,6,6,5,11.9,,,,,,,,950.1,,1,,14,0,0,0,0,0,0,,,,
KLO,2009,6,6,6,12.7,,,,,,,,950,,1.3,,33,71.4,28.5,0,0,0,0,,,,
KLO,2009,6,6,7,13.1,,,,,,,,950,,1.7,,22,0.7,21.8,0,0,0,0,,,,
KLO,2009,6,6,8,13.1,,,,,,,,950.2,,3.2,,36,0.6,35.8,0,0,0,0,,,,
KLO,2009,6,6,9,14.2,,,,,,,,950.5,,2.1,,240,36.9,220.2,0,0,0,0,,,,
KLO,2009,6,6,10,15.6,,,,,,,,950.4,,1.9,,443,216.1,297,0,0,0,0,,,,
KLO,2009,6,6,11,14.8,,,,,,,,950.4,,3.1,,118,1.5,116.8,0,0,0,0,,,,
KLO,2009,6,6,12,14.4,,,,,,,,950.7,,1.5,,158,2.3,156,0,0,0,0,,,,
KLO,2009,6,6,13,17.2,,,,,,,,950,,4.7,,686,378.4,343.8,0,0,0,0,,,,
KLO,2009,6,6,14,16.1,,,,,,,,949.6,,4.5,,448,62.6,391.6,0,0,0,0,,,,
KLO,2009,6,6,15,14.1,,,,,,,,950.5,,1.2,,52,0.3,51.8,0,0,0,0,,,,
KLO,2009,6,6,16,13.8,,,,,,,,951.2,,3.5,,88,0.9,87.3,0,0,0,0,,,,
KLO,2009,6,6,17,13.4,,,,,,,,951.5,,4.3,,72,0.8,71.5,0,0,0,0,,,,
KLO,2009,6,6,18,12.7,,,,,,,,951.9,,3.3,,20,0.1,19.9,0,0,0,0,,,,
KLO,2009,6,6,19,12.7,,,,,,,,952.3,,2.2,,7,0,7,0,0,0,0,,,,
KLO,2009,6,6,20,12.5,,,,,,,,953,,3.3,,0,0,0,0,0,0,0,,,,
KLO,2009,6,6,21,12.6,,,,,,,,953.2,,3.3,,0,0,0,0,0,0,0,,,,
KLO,2009,6,6,22,12.5,,,,,,,,953.3,,3.2,,0,0,0,0,0,0,0,,,,
KLO,2009,6,6,23,12.5,,,,,,,,953.6,,3.5,,0,0,0,0,0,0,0,,,,
KLO,2009,6,7,0,12.8,,,,,,,,953.9,,5.2,,0,0,0,0,0,0,0,,,,
KLO,2009,6,7,1,12.6,,,,,,,,954.5,,4.3,,0,0,0,0,0,0,0,,,,
KLO,2009,6,7,2,12.4,,,,,,,,954.7,,3.9,,0,0,0,0,0,0,0,,,,
KLO,2009,6,7,3,12.2,,,,,,,,955,,4.2,,0,0,0,0,0,0,0,,,,
KLO,2009,6,7,4,12.2,,,,,,,,955.3,,2.4,,59,0,0,0,0,0,0,,,,
KLO,2009,6,7,5,12.9,,,,,,,,955.7,,2.8,,127,0,0,0,0,0,0,,,,
KLO,2009,6,7,6,13.6,,,,,,,,956,,3.1,,230,3016.4,38,0,0,0,0,,,,
KLO,2009,6,7,7,15.5,,,,,,,,956.2,,4.1,,566,2154.2,93.4,0,0,0,0,,,,
KLO,2009,6,7,8,17.2,,,,,,,,956.2,,4.3,,703,1538.8,116,0,0,0,0,,,,
KLO,2009,6,7,9,18.4,,,,,,,,956.2,,4.9,,763,1185.6,125.9,0,0,0,0,,,,
KLO,2009,6,7,10,19.4,,,,,,,,956.3,,6,,793,979.2,130.8,0,0,0,0,,,,
KLO,2009,6,7,11,19.7,,,,,,,,956.5,,6.5,,852,902.3,140.6,0,0,0,0,,,,
KLO,2009,6,7,12,20,,,,,,,,956.5,,6.5,,834,762.7,173.1,0,0,0,0,,,,
KLO,2009,6,7,13,19.4,,,,,,,,956.6,,4.9,,805,629,235.8,0,0,0,0,,,,
KLO,2009,6,7,14,19.7,,,,,,,,956.5,,4.5,,671,353.9,352,0,0,0,0,,,,
KLO,2009,6,7,15,19.6,,,,,,,,956.8,,7.7,,612,304.9,351.1,0,0,0,0,,,,
KLO,2009,6,7,16,17.5,,,,,,,,957.4,,5.4,,302,18.9,287.4,0,0,0,0,,,,
KLO,2009,6,7,17,16.7,,,,,,,,958.1,,4,,245,15.3,235,0,0,0,0,,,,
KLO,2009,6,7,18,16,,,,,,,,958.9,,2.6,,82,1.7,81.1,0,0,0,0,,,,
KLO,2009,6,7,19,14.4,,,,,,,,959.7,,1.8,,13,0.1,13,0,0,0,0,,,,
KLO,2009,6,7,20,13,,,,,,,,960.5,,0.4,,0,0,0,0,0,0,0,,,,
KLO,2009,6,7,21,12.7,,,,,,,,960.7,,0.7,,0,0,0,0,0,0,0,,,,
KLO,2009,6,7,22,13.2,,,,,,,,960.9,,1.7,,0,0,0,0,0,0,0,,,,
KLO,2009,6,7,23,13.3,,,,,,,,960.8,,2.2,,0,0,0,0,0,0,0,,,,
KLO,2009,6,8,0,13.4,,,,,,,,960.8,,1.3,,0,0,0,0,0,0,0,,,,
KLO,2009,6,8,1,12.1,,,,,,,,960.8,,1.1,,0,0,0,0,0,0,0,,,,
KLO,2009,6,8,2,10.6,,,,,,,,960.8,,0.8,,0,0,0,0,0,0,0,,,,
KLO,2009,6,8,3,9.8,,,,,,,,961.1,,0.7,,1,0,0,0,0,0,0,,,,
KLO,2009,6,8,4,9.4,,,,,,,,961.4,,0.7,,44,0,0,0,0,0,0,,,,
KLO,2009,6,8,5,11.2,,,,,,,,961.4,,0.4,,107,0,0,0,0,0,0,,,,
KLO,2009,6,8,6,13.9,,,,,,,,961.2,,0.6,,360,4666.7,59.4,0,0,0,0,,,,
KLO,2009,6,8,7,16.6,,,,,,,,961,,0.7,,512,1943.1,84.5,0,0,0,0,,,,
KLO,2009,6,8,8,18,,,,,,,,960.6,,0.9,,676,1477.6,111.5,0,0,0,0,,,,
KLO,2009,6,8,9,18.9,,,,,,,,960.3,,0.9,,749,1162.9,123.6,0,0,0,0,,,,
KLO,2009,6,8,10,20.4,,,,,,,,959.8,,1.6,,886,1093.4,146.2,0,0,0,0,,,,
KLO,2009,6,8,11,20.5,,,,,,,,959.4,,1.6,,758,760.1,158.3,0,0,0,0,,,,
KLO,2009,6,8,12,21.2,,,,,,,,958.9,,1.9,,622,308.6,354.4,0,0,0,0,,,,
KLO,2009,6,8,13,21.4,,,,,,,,958.6,,3.3,,618,254.3,387.7,0,0,0,0,,,,
KLO,2009,6,8,14,21,,,,,,,,958.5,,4.7,,442,58.3,389.4,0,0,0,0,,,,
KLO,2009,6,8,15,18.9,,,,,,,,958.6,,3.6,,123,1.4,121.8,0,0,0,0,,,,
KLO,2009,6,8,16,18.5,,,,,,,,958.5,,3.1,,197,4.4,193.6,0,0,0,0,,,,
KLO,2009,6,8,17,18.3,,,,,,,,959,,1.5,,90,1.3,89.2,0,0,0,0,,,,
KLO,2009,6,8,18,16.8,,,,,,,,959.2,,2.5,,42,0.5,41.8,0,0,0,0,,,,
KLO,2009,6,8,19,15.9,,,,,,,,959.3,,2.2,,6,0,6,0,0,0,0,,,,
KLO,2009,6,8,20,15.4,,,,,,,,960.1,,3.1,,0,0,0,0,0,0,0,,,,
KLO,2009,6,8,21,14.6,,,,,,,,960.2,,2,,0,0,0,0,0,0,0,,,,
KLO,2009,6,8,22,14.1,,,,,,,,959.8,,1.5,,0,0,0,0,0,0,0,,,,
KLO,2009,6,8,23,13.8,,,,,,,,959.5,,1.2,,0,0,0,0,0,0,0,,,,
KLO,2009,6,9,0,13.6,,,,,,,,959.4,,1.6,,0,0,0,0,0,0,0,,,,
KLO,2009,6,9,1,13.7,,,,,,,,959.9,,2.6,,0,0,0,0,0,0,0,,,,
KLO,2009,6,9,2,13.6,,,,,,,,959.8,,1.7,,0,0,0,0,0,0,0,,,,
KLO,2009,6,9,3,12.5,,,,,,,,961,,3.6,,1,0,0,0,0,0,0,,,,
KLO,2009,6,9,4,11.9,,,,,,,,961.7,,2.1,,5,0,0,0,0,0,0,,,,
KLO,2009,6,9,5,12,,,,,,,,962.4,,2.1,,44,0,0,0,0,0,0,,,,
KLO,2009,6,9,6,11.9,,,,,,,,962.7,,1.7,,40,165.5,29.2,0,0,0,0,,,,
KLO,2009,6,9,7,12.2,,,,,,,,963,,2,,103,46,92.8,0,0,0,0,,,,
KLO,2009,6,9,8,13.3,,,,,,,,963.2,,1.6,,197,74.2,168.6,0,0,0,0,,,,
KLO,2009,6,9,9,14.9,,,,,,,,963.4,,1.4,,507,727.9,115.3,0,0,0,0,,,,
KLO,2009,6,9,10,17.1,,,,,,,,963.5,,2.2,,895,1103.9,147.7,0,0,0,0,,,,
KLO,2009,6,9,11,18,,,,,,,,963.4,,1.7,,751,744.4,163.4,0,0,0,0,,,,
KLO,2009,6,9,12,19.7,,,,,,,,962.9,,2.6,,895,859.9,149,0,0,0,0,,,,
KLO,2009,6,9,13,20.2,,,,,,,,962.3,,2.9,,661,328.7,363.1,0,0,0,0,,,,
KLO,2009,6,9,14,20.5,,,,,,,,962.4,,2.4,,437,55,387.4,0,0,0,0,,,,
KLO,2009,6,9,15,19.6,,,,,,,,962.5,,2.6,,328,16.9,313.5,0,0,0,0,,,,
KLO,2009,6,9,16,19.4,,,,,,,,962.5,,1.2,,255,8.6,248.3,0,0,0,0,,,,
KLO,2009,6,9,17,17.2,,,,,,,,963.1,,3,,172,4.7,168.9,0,0,0,0,,,,
KLO,2009,6,9,18,16.6,,,,,,,,963.9,,1,,49,0.6,48.7,0,0,0,0,,,,
KLO,2009,6,9,19,16.1,,,,,,,,964.5,,1.5,,9,0,9,0,0,0,0,,,,
KLO,2009,6,9,20,15.6,,,,,,,,965.3,,2.1,,0,0,0,0,0,0,0,,,,
KLO,2009,6,9,21,15.3,,,,,,,,966.2,,4.3,,0,0,0,0,0,0,0,,,,
KLO,2009,6,9,22,13.8,,,,,,,,966.3,,4,,0,0,0,0,0,0,0,,,,
KLO,2009,6,9,23,13.9,,,,,,,,966.5,,2.8,,0,0,0,0,0,0,0,,,,
KLO,2009,6,10,0,13.3,,,,,,,,966.6,,2.2,,0,0,0,0,0,0,0,,,,
KLO,2009,6,10,1,13.5,,,,,,,,966.8,,3.3,,0,0,0,0,0,0,0,,,,
KLO,2009,6,10,2,13.1,,,,,,,,967.1,,1.5,,0,0,0,0,0,0,0,,,,
KLO,2009,6,10,3,12,,,,,,,,967.2,,1.2,,0,0,0,0,0,0,0,,,,
KLO,2009,6,10,4,12.4,,,,,,,,967.6,,1.2,,15,0,0,0,0,0,0,,,,
KLO,2009,6,10,5,13.2,,,,,,,,967.6,,1,,96,0,0,0,0,0,0,,,,
KLO,2009,6,10,6,14.2,,,,,,,,967.9,,1.6,,225,2863.3,37.1,0,0,0,0,,,,
KLO,2009,6,10,7,15.7,,,,,,,,968.1,,2.4,,462,1745.6,76.2,0,0,0,0,,,,
KLO,2009,6,10,8,16.6,,,,,,,,967.9,,1.8,,619,1350.3,102.1,0,0,0,0,,,,
KLO,2009,6,10,9,17.9,,,,,,,,967.8,,1.9,,686,1063.7,113.2,0,0,0,0,,,,
KLO,2009,6,10,10,19,,,,,,,,967.5,,1.8,,899,1108.4,148.3,0,0,0,0,,,,
KLO,2009,6,10,11,19.9,,,,,,,,967.1,,2.1,,749,739.6,165,0,0,0,0,,,,
KLO,2009,6,10,12,21.9,,,,,,,,966.7,,4,,925,890,152.6,0,0,0,0,,,,
KLO,2009,6,10,13,22.3,,,,,,,,966.2,,4.9,,853,725.9,194.8,0,0,0,0,,,,
KLO,2009,6,10,14,22.3,,,,,,,,965.7,,4.4,,640,294.6,373.8,0,0,0,0,,,,
KLO,2009,6,10,15,22.3,,,,,,,,965.3,,3.8,,408,50.3,364.8,0,0,0,0,,,,
KLO,2009,6,10,16,22.2,,,,,,,,964.9,,3.4,,337,32.4,311.9,0,0,0,0,,,,
KLO,2009,6,10,17,21.3,,,,,,,,964.9,,1.7,,114,2,112.7,0,0,0,0,,,,
KLO,2009,6,10,18,20.6,,,,,,,,965,,1.1,,47,0.6,46.7,0,0,0,0,,,,
KLO,2009,6,10,19,19.3,,,,,,,,964.8,,1.4,,3,0,3,0,0,0,0,,,,
KLO,2009,6,10,20,18.6,,,,,,,,964.5,,1.8,,0,0,0,0,0,0,0,,,,
KLO,2009,6,10,21,17.9,,,,,,,,964.1,,1.4,,0,0,0,0,0,0,0,,,,
KLO,2009,6,10,22,16,,,,,,,,964.2,,2.8,,0,0,0,0,0,0,0,,,,
KLO,2009,6,10,23,14.2,,,,,,,,965,,2.3,,0,0,0,0,0,0,0,,,,
KLO,2009,6,11,0,14.9,,,,,,,,965,,3,,0,0,0,0,0,0,0,,,,
KLO,2009,6,11,1,14.7,,,,,,,,964.3,,4.3,,0,0,0,0,0,0,0,,,,
KLO,2009,6,11,2,14.3,,,,,,,,963.7,,3,,0,0,0,0,0,0,0,,,,
KLO,2009,6,11,3,14.3,,,,,,,,963.6,,2.4,,1,0,0,0,0,0,0,,,,
KLO,2009,6,11,4,15.9,,,,,,,,964.2,,5.4,,37,0,0,0,0,0,0,,,,
KLO,2009,6,11,5,16.2,,,,,,,,964.9,,5.3,,78,0,0,0,0,0,0,,,,
KLO,2009,6,11,6,17,,,,,,,,965.8,,5.1,,213,2691.9,35.1,0,0,0,0,,,,
KLO,2009,6,11,7,16.2,,,,,,,,966.8,,6.3,,292,1101.6,48.2,0,0,0,0,,,,
KLO,2009,6,11,8,18.4,,,,,,,,967.2,,6.9,,701,1528.1,115.7,0,0,0,0,,,,
KLO,2009,6,11,9,18.5,,,,,,,,967.6,,6.6,,604,936.2,99.7,0,0,0,0,,,,
KLO,2009,6,11,10,17.9,,,,,,,,968.3,,8.2,,478,290.2,281.4,0,0,0,0,,,,
KLO,2009,6,11,11,19.2,,,,,,,,968.9,,7.4,,939,992.6,154.9,0,0,0,0,,,,
KLO,2009,6,11,12,19.6,,,,,,,,969.1,,7.4,,854,797.4,161.7,0,0,0,0,,,,
KLO,2009,6,11,13,20.4,,,,,,,,969.5,,6.4,,885,784.9,173,0,0,0,0,,,,
KLO,2009,6,11,14,20.1,,,,,,,,969.6,,5.9,,757,528.1,279.6,0,0,0,0,,,,
KLO,2009,6,11,15,19.8,,,,,,,,969.8,,6.6,,564,218.3,376.5,0,0,0,0,,,,
KLO,2009,6,11,16,19.4,,,,,,,,969.6,,6.1,,416,90.2,346.1,0,0,0,0,,,,
KLO,2009,6,11,17,18.8,,,,,,,,970,,6.1,,291,35,267.9,0,0,0,0,,,,
KLO,2009,6,11,18,17.5,,,,,,,,970.4,,4,,113,3.3,111.3,0,0,0,0,,,,
KLO,2009,6,11,19,16.1,,,,,,,,970.9,,3.2,,16,0.1,16,0,0,0,0,,,,
KLO,2009,6,11,20,14.8,,,,,,,,971.5,,2.8,,0,0,0,0,0,0,0,,,,
KLO,2009,6,11,21,14.9,,,,,,,,971.9,,2.4,,0,0,0,0,0,0,0,,,,
KLO,2009,6,11,22,14.6,,,,,,,,972.2,,2.3,,0,0,0,0,0,0,0,,,,
KLO,2009,6,11,23,13.9,,,,,,,,972.3,,1.9,,0,0,0,0,0,0,0,,,,
KLO,2009,6,12,0,13.2,,,,,,,,972.4,,1.6,,0,0,0,0,0,0,0,,,,
KLO,2009,6,12,1,12.6,,,,,,,,972.6,,1.4,,0,0,0,0,0,0,0,,,,
KLO,2009,6,12,2,11.2,,,,,,,,972.7,,0.8,,0,0,0,0,0,0,0,,,,
KLO,2009,6,12,3,9.6,,,,,,,,972.8,,0.6,,1,0,0,0,0,0,0,,,,
KLO,2009,6,12,4,9.5,,,,,,,,972.9,,0.4,,30,0,0,0,0,0,0,,,,
KLO,2009,6,12,5,11,,,,,,,,973,,0.1,,131,0,0,0,0,0,0,,,,
KLO,2009,6,12,6,14.2,,,,,,,,973,,0.3,,372,4675.8,61.4,0,0,0,0,,,,
KLO,2009,6,12,7,16.3,,,,,,,,972.9,,2.2,,462,1740.8,76.2,0,0,0,0,,,,
KLO,2009,6,12,8,16.9,,,,,,,,972.6,,3.1,,541,1178.8,89.3,0,0,0,0,,,,
KLO,2009,6,12,9,18,,,,,,,,972.3,,3.3,,837,1297,138.1,0,0,0,0,,,,
KLO,2009,6,12,10,18.7,,,,,,,,971.9,,3.2,,882,1086.8,145.5,0,0,0,0,,,,
KLO,2009,6,12,11,19.1,,,,,,,,971.6,,3.4,,574,324.4,317.7,0,0,0,0,,,,
KLO,2009,6,12,12,20.3,,,,,,,,971.3,,4.5,,755,590.9,241.8,0,0,0,0,,,,
KLO,2009,6,12,13,20.6,,,,,,,,971.1,,4.6,,621,257.8,387,0,0,0,0,,,,
KLO,2009,6,12,14,20.2,,,,,,,,970.9,,4.2,,413,41.3,375.7,0,0,0,0,,,,
KLO,2009,6,12,15,19.9,,,,,,,,970.7,,4.8,,253,6,247.8,0,0,0,0,,,,
KLO,2009,6,12,16,19.3,,,,,,,,970.8,,3.9,,154,2.7,151.9,0,0,0,0,,,,
KLO,2009,6,12,17,19.2,,,,,,,,971.1,,3.3,,151,3.6,148.6,0,0,0,0,,,,
KLO,2009,6,12,18,18.1,,,,,,,,971.5,,2.6,,60,0.9,59.5,0,0,0,0,,,,
KLO,2009,6,12,19,16.9,,,,,,,,971.6,,1.7,,8,0,8,0,0,0,0,,,,
KLO,2009,6,12,20,16.9,,,,,,,,972,,1.3,,0,0,0,0,0,0,0,,,,
KLO,2009,6,12,21,16.5,,,,,,,,972.1,,1.1,,0,0,0,0,0,0,0,,,,
KLO,2009,6,12,22,15.2,,,,,,,,972.3,,0.1,,0,0,0,0,0,0,0,,,,
KLO,2009,6,12,23,13.5,,,,,,,,972.2,,0.9,,0,0,0,0,0,0,0,,,,
KLO,2009,6,13,0,11.7,,,,,,,,972.1,,0.5,,0,0,0,0,0,0,0,,,,
KLO,2009,6,13,1,10.8,,,,,,,,971.9,,1.1,,0,0,0,0,0,0,0,,,,
KLO,2009,6,13,2,10.2,,,,,,,,971.8,,0.9,,0,0,0,0,0,0,0,,,,
KLO,2009,6,13,3,9.3,,,,,,,,971.8,,0.8,,1,0,0,0,0,0,0,,,,
KLO,2009,6,13,4,9.6,,,,,,,,971.9,,0.8,,47,0,0,0,0,0,0,,,,
KLO,2009,6,13,5,12,,,,,,,,971.9,,0.6,,187,0,0,0,0,0,0,,,,
KLO,2009,6,13,6,14.5,,,,,,,,971.9,,0.8,,367,4594.6,60.6,0,0,0,0,,,,
KLO,2009,6,13,7,17,,,,,,,,971.9,,1,,540,2033.2,89.1,0,0,0,0,,,,
KLO,2009,6,13,8,18.8,,,,,,,,971.8,,1.1,,695,1513.9,114.7,0,0,0,0,,,,
KLO,2009,6,13,9,20.1,,,,,,,,971.8,,0.9,,870,1348,143.6,0,0,0,0,,,,
KLO,2009,6,13,10,21,,,,,,,,971.7,,1.5,,888,1094.1,146.5,0,0,0,0,,,,
KLO,2009,6,13,11,21.6,,,,,,,,971.4,,1.3,,806,847,136.7,0,0,0,0,,,,
KLO,2009,6,13,12,22.9,,,,,,,,971.2,,1.6,,971,933.3,160.2,0,0,0,0,,,,
KLO,2009,6,13,13,23.5,,,,,,,,970.9,,1.3,,885,784,173.3,0,0,0,0,,,,
KLO,2009,6,13,14,23.6,,,,,,,,970.5,,1,,777,570,261.1,0,0,0,0,,,,
KLO,2009,6,13,15,24.4,,,,,,,,970.1,,1.5,,638,350.2,336.7,0,0,0,0,,,,
KLO,2009,6,13,16,24.7,,,,,,,,969.8,,1.5,,476,163.6,348.9,0,0,0,0,,,,
KLO,2009,6,13,17,24.3,,,,,,,,969.6,,1.7,,299,39.6,272.9,0,0,0,0,,,,
KLO,2009,6,13,18,23,,,,,,,,969.7,,1.7,,127,4.1,124.9,0,0,0,0,,,,
KLO,2009,6,13,19,20.4,,,,,,,,969.9,,1.2,,15,0.1,15,0,0,0,0,,,,
KLO,2009,6,13,20,17.8,,,,,,,,970.2,,0.4,,0,0,0,0,0,0,0,,,,
KLO,2009,6,13,21,15.9,,,,,,,,970.2,,0.6,,0,0,0,0,0,0,0,,,,
KLO,2009,6,13,22,14,,,,,,,,970.3,,1,,0,0,0,0,0,0,0,,,,
KLO,2009,6,13,23,13.6,,,,,,,,970.5,,1.2,,0,0,0,0,0,0,0,,,,
KLO,2009,6,14,0,12.5,,,,,,,,970.5,,1.2,,0,0,0,0,0,0,0,,,,
KLO,2009,6,14,1,11.6,,,,,,,,970.5,,1.1,,0,0,0,0,0,0,0,,,,
KLO,2009,6,14,2,11.1,,,,,,,,970.4,,0.4,,0,0,0,0,0,0,0,,,,
KLO,2009,6,14,3,10.6,,,,,,,,970.5,,0.2,,1,0,0,0,0,0,0,,,,
KLO,2009,6,14,4,10.9,,,,,,,,970.7,,0.8,,41,0,0,0,0,0,0,,,,
KLO,2009,6,14,5,13.1,,,,,,,,970.7,,0.6,,156,0,0,0,0,0,0,,,,
KLO,2009,6,14,6,15.1,,,,,,,,970.5,,0.8,,304,3796.3,50.2,0,0,0,0,,,,
KLO,2009,6,14,7,17.7,,,,,,,,970.4,,0.4,,450,1693.8,74.2,0,0,0,0,,,,
KLO,2009,6,14,8,20.3,,,,,,,,970.1,,0.6,,684,1489.9,112.9,0,0,0,0,,,,
KLO,2009,6,14,9,22.9,,,,,,,,969.8,,1,,791,1225.6,130.5,0,0,0,0,,,,
KLO,2009,6,14,10,25.1,,,,,,,,969.5,,1.9,,807,994.3,133.2,0,0,0,0,,,,
KLO,2009,6,14,11,26.5,,,,,,,,969.2,,2.3,,758,758.5,158.6,0,0,0,0,,,,
KLO,2009,6,14,12,28.4,,,,,,,,969,,5.2,,875,831,153,0,0,0,0,,,,
KLO,2009,6,14,13,28.9,,,,,,,,968.9,,3.9,,723,449.2,315,0,0,0,0,,,,
KLO,2009,6,14,14,28.4,,,,,,,,968.9,,4.2,,530,134.1,408.6,0,0,0,0,,,,
KLO,2009,6,14,15,27.5,,,,,,,,968.8,,3.3,,323,15.4,309.7,0,0,0,0,,,,
KLO,2009,6,14,16,26.3,,,,,,,,969.1,,4.6,,163,3,160.7,0,0,0,0,,,,
KLO,2009,6,14,17,24.6,,,,,,,,969.6,,4.5,,81,1,80.3,0,0,0,0,,,,
KLO,2009,6,14,18,22.9,,,,,,,,969.7,,3.8,,33,0.3,32.9,0,0,0,0,,,,
KLO,2009,6,14,19,20.9,,,,,,,,970.9,,1.7,,1,0,1,0,0,0,0,,,,
KLO,2009,6,14,20,19.3,,,,,,,,970.6,,2.6,,0,0,0,0,0,0,0,,,,
KLO,2009,6,14,21,18.9,,,,,,,,970.1,,1.7,,0,0,0,0,0,0,0,,,,
KLO,2009,6,14,22,17.9,,,,,,,,969.9,,0.9,,0,0,0,0,0,0,0,,,,
KLO,2009,6,14,23,18.2,,,,,,,,970,,1.6,,0,0,0,0,0,0,0,,,,
KLO,2009,6,15,0,18.8,,,,,,,,970.6,,0.6,,0,0,0,0,0,0,0,,,,
KLO,2009,6,15,1,18,,,,,,,,970.4,,1.7,,0,0,0,0,0,0,0,,,,
KLO,2009,6,15,2,17.6,,,,,,,,970,,1.9,,0,0,0,0,0,0,0,,,,
KLO,2009,6,15,3,17.1,,,,,,,,969.6,,1.6,,0,0,0,0,0,0,0,,,,
KLO,2009,6,15,4,17.4,,,,,,,,969.6,,2.3,,11,0,0,0,0,0,0,,,,
KLO,2009,6,15,5,17.7,,,,,,,,969.5,,2.1,,29,0,0,0,0,0,0,,,,
KLO,2009,6,15,6,18,,,,,,,,969.6,,3.2,,40,146.9,30.2,0,0,0,0,,,,
KLO,2009,6,15,7,17.7,,,,,,,,969.7,,2.4,,40,2.2,39.5,0,0,0,0,,,,
KLO,2009,6,15,8,17.8,,,,,,,,969.3,,1.9,,106,5.2,104,0,0,0,0,,,,
KLO,2009,6,15,9,18.7,,,,,,,,968.4,,3.2,,275,71.4,236.6,0,0,0,0,,,,
KLO,2009,6,15,10,19.9,,,,,,,,968.1,,1.8,,357,82.9,300.8,0,0,0,0,,,,
KLO,2009,6,15,11,20.3,,,,,,,,968.4,,2.4,,210,4.8,206.2,0,0,0,0,,,,
KLO,2009,6,15,12,20,,,,,,,,968.4,,2.9,,195,3.4,192,0,0,0,0,,,,
KLO,2009,6,15,13,20.7,,,,,,,,967.7,,1.3,,317,11,307,0,0,0,0,,,,
KLO,2009,6,15,14,21.7,,,,,,,,966.3,,1.8,,372,24.2,350,0,0,0,0,,,,
KLO,2009,6,15,15,22.2,,,,,,,,964.6,,1.8,,360,26.5,337.2,0,0,0,0,,,,
KLO,2009,6,15,16,22.5,,,,,,,,964.1,,1,,242,7,236.5,0,0,0,0,,,,
KLO,2009,6,15,17,22.1,,,,,,,,964.7,,2.1,,129,2.6,127.3,0,0,0,0,,,,
KLO,2009,6,15,18,20.7,,,,,,,,965,,2.4,,16,0.1,16,0,0,0,0,,,,
KLO,2009,6,15,19,19.4,,,,,,,,965.7,,3.9,,5,0,5,0,0,0,0,,,,
KLO,2009,6,15,20,18.1,,,,,,,,967,,2.7,,0,0,0,0,0,0,0,,,,
KLO,2009,6,15,21,17.1,,,,,,,,968.5,,3.7,,0,0,0,0,0,0,0,,,,
KLO,2009,6,15,22,16.6,,,,,,,,968.8,,2.7,,0,0,0,0,0,0,0,,,,
KLO,2009,6,15,23,16.5,,,,,,,,968.6,,1.5,,0,0,0,0,0,0,0,,,,
KLO,2009,6,16,0,16.6,,,,,,,,968.8,,1.9,,0,0,0,0,0,0,0,,,,
KLO,2009,6,16,1,16.5,,,,,,,,968.6,,1.5,,0,0,0,0,0,0,0,,,,
KLO,2009,6,16,2,16.2,,,,,,,,968.6,,1,,0,0,0,0,0,0,0,,,,
KLO,2009,6,16,3,15.8,,,,,,,,968.7,,2,,0,0,0,0,0,0,0,,,,
KLO,2009,6,16,4,15.7,,,,,,,,969.3,,1.7,,9,0,0,0,0,0,0,,,,
KLO,2009,6,16,5,16.1,,,,,,,,970,,3,,50,0,0,0,0,0,0,,,,
KLO,2009,6,16,6,16.5,,,,,,,,970.6,,2.8,,100,1247.8,16.5,0,0,0,0,,,,
KLO,2009,6,16,7,18,,,,,,,,971.5,,4.4,,465,1751.2,76.7,0,0,0,0,,,,
KLO,2009,6,16,8,19,,,,,,,,972.1,,4.9,,575,1253.3,94.9,0,0,0,0,,,,
KLO,2009,6,16,9,20.1,,,,,,,,972.3,,5.3,,778,1206,128.4,0,0,0,0,,,,
KLO,2009,6,16,10,20.7,,,,,,,,972.5,,4.8,,612,657.6,166.5,0,0,0,0,,,,
KLO,2009,6,16,11,21.2,,,,,,,,972.7,,5.4,,816,861.2,135.5,0,0,0,0,,,,
KLO,2009,6,16,12,21.3,,,,,,,,972.8,,4.5,,658,378,329.5,0,0,0,0,,,,
KLO,2009,6,16,13,21.7,,,,,,,,972.9,,5,,762,531.6,279,0,0,0,0,,,,
KLO,2009,6,16,14,22.1,,,,,,,,972.7,,4.4,,662,331.9,361.3,0,0,0,0,,,,
KLO,2009,6,16,15,21.9,,,,,,,,972.8,,4.4,,614,301.9,353.8,0,0,0,0,,,,
KLO,2009,6,16,16,20.8,,,,,,,,972.8,,4,,253,8.2,246.6,0,0,0,0,,,,
KLO,2009,6,16,17,20.4,,,,,,,,973.2,,4.1,,202,6.6,197.6,0,0,0,0,,,,
KLO,2009,6,16,18,20.1,,,,,,,,973.6,,2.8,,134,4.5,131.7,0,0,0,0,,,,
KLO,2009,6,16,19,18.2,,,,,,,,974.1,,1.8,,10,0.1,10,0,0,0,0,,,,
KLO,2009,6,16,20,17.5,,,,,,,,974.7,,2,,0,0,0,0,0,0,0,,,,
KLO,2009,6,16,21,15.6,,,,,,,,974.9,,2,,0,0,0,0,0,0,0,,,,
KLO,2009,6,16,22,14.2,,,,,,,,974.8,,2.1,,0,0,0,0,0,0,0,,,,
KLO,2009,6,16,23,13.1,,,,,,,,974.5,,2.7,,0,0,0,0,0,0,0,,,,
KLO,2009,6,17,0,12.6,,,,,,,,974.3,,2.3,,0,0,0,0,0,0,0,,,,
KLO,2009,6,17,1,12,,,,,,,,974.2,,2.6,,0,0,0,0,0,0,0,,,,
KLO,2009,6,17,2,11.2,,,,,,,,973.9,,2.6,,0,0,0,0,0,0,0,,,,
KLO,2009,6,17,3,11,,,,,,,,973.8,,2.3,,2,0,0,0,0,0,0,,,,
KLO,2009,6,17,4,11.2,,,,,,,,973.7,,2.5,,42,0,0,0,0,0,0,,,,
KLO,2009,6,17,5,12.7,,,,,,,,973.4,,2.9,,141,0,0,0,0,0,0,,,,
KLO,2009,6,17,6,14.9,,,,,,,,973.1,,2.2,,333,4162.1,54.9,0,0,0,0,,,,
KLO,2009,6,17,7,16.2,,,,,,,,972.8,,2.8,,473,1782.9,78,0,0,0,0,,,,
KLO,2009,6,17,8,18,,,,,,,,972.4,,4,,708,1544.1,116.8,0,0,0,0,,,,
KLO,2009,6,17,9,19.7,,,,,,,,972.1,,3.5,,832,1290.3,137.3,0,0,0,0,,,,
KLO,2009,6,17,10,21.2,,,,,,,,972,,4.1,,918,1131.7,151.5,0,0,0,0,,,,
KLO,2009,6,17,11,22.3,,,,,,,,971.8,,3,,964,1018.8,159.1,0,0,0,0,,,,
KLO,2009,6,17,12,23.1,,,,,,,,971.3,,2.1,,951,913.7,156.9,0,0,0,0,,,,
KLO,2009,6,17,13,24.1,,,,,,,,970.9,,1.8,,894,798.4,168.5,0,0,0,0,,,,
KLO,2009,6,17,14,24.6,,,,,,,,970.5,,1.1,,797,611.3,242.9,0,0,0,0,,,,
KLO,2009,6,17,15,24.9,,,,,,,,970.2,,0.8,,639,349.8,337.4,0,0,0,0,,,,
KLO,2009,6,17,16,24.9,,,,,,,,969.6,,0.8,,427,99.5,349.4,0,0,0,0,,,,
KLO,2009,6,17,17,24.7,,,,,,,,969.3,,0.5,,284,29.9,264.2,0,0,0,0,,,,
KLO,2009,6,17,18,23.7,,,,,,,,969.1,,0.5,,112,3.1,110.4,0,0,0,0,,,,
KLO,2009,6,17,19,20.3,,,,,,,,969.2,,0.5,,15,0.1,15,0,0,0,0,,,,
KLO,2009,6,17,20,17.2,,,,,,,,969.8,,0.1,,0,0,0,0,0,0,0,,,,
KLO,2009,6,17,21,16.7,,,,,,,,970.2,,1,,0,0,0,0,0,0,0,,,,
KLO,2009,6,17,22,16,,,,,,,,970.4,,2.4,,0,0,0,0,0,0,0,,,,
KLO,2009,6,17,23,15.6,,,,,,,,970.6,,2.2,,0,0,0,0,0,0,0,,,,
KLO,2009,6,18,0,15.4,,,,,,,,970.7,,2,,0,0,0,0,0,0,0,,,,
KLO,2009,6,18,1,15.7,,,,,,,,970.7,,2.4,,0,0,0,0,0,0,0,,,,
KLO,2009,6,18,2,15.3,,,,,,,,970.6,,1.9,,0,0,0,0,0,0,0,,,,
KLO,2009,6,18,3,14.2,,,,,,,,970.5,,2.1,,1,0,0,0,0,0,0,,,,
KLO,2009,6,18,4,15.2,,,,,,,,970.4,,2.7,,54,0,0,0,0,0,0,,,,
KLO,2009,6,18,5,17.6,,,,,,,,970.6,,2,,179,0,0,0,0,0,0,,,,
KLO,2009,6,18,6,19.4,,,,,,,,970.9,,1.4,,233,2921.2,38.4,0,0,0,0,,,,
KLO,2009,6,18,7,21.3,,,,,,,,971,,1.4,,461,1739.9,76.1,0,0,0,0,,,,
KLO,2009,6,18,8,23.2,,,,,,,,971,,1.9,,578,1261.6,95.4,0,0,0,0,,,,
KLO,2009,6,18,9,24.1,,,,,,,,970.8,,2,,563,874.1,92.7,0,0,0,0,,,,
KLO,2009,6,18,10,25.7,,,,,,,,970.4,,2.2,,842,1038.4,138.9,0,0,0,0,,,,
KLO,2009,6,18,11,26.4,,,,,,,,969.9,,2.4,,918,970.4,151.5,0,0,0,0,,,,
KLO,2009,6,18,12,27.5,,,,,,,,969.3,,2.5,,884,844.1,150.5,0,0,0,0,,,,
KLO,2009,6,18,13,28.2,,,,,,,,968.6,,2.3,,867,750.3,185.1,0,0,0,0,,,,
KLO,2009,6,18,14,28.4,,,,,,,,968,,2.8,,726,458.6,310.1,0,0,0,0,,,,
KLO,2009,6,18,15,28.6,,,,,,,,967.5,,2.3,,617,306.6,352.4,0,0,0,0,,,,
KLO,2009,6,18,16,27.3,,,,,,,,966.9,,2.1,,303,18.4,288.7,0,0,0,0,,,,
KLO,2009,6,18,17,25.6,,,,,,,,966.9,,2.7,,77,0.9,76.4,0,0,0,0,,,,
KLO,2009,6,18,18,25,,,,,,,,966.9,,2.6,,105,2.7,103.6,0,0,0,0,,,,
KLO,2009,6,18,19,23.6,,,,,,,,967.1,,2.2,,14,0.1,14,0,0,0,0,,,,
KLO,2009,6,18,20,22.4,,,,,,,,967.4,,1,,0,0,0,0,0,0,0,,,,
KLO,2009,6,18,21,21.4,,,,,,,,967.8,,3.1,,0,0,0,0,0,0,0,,,,
KLO,2009,6,18,22,20.6,,,,,,,,967.7,,3,,0,0,0,0,0,0,0,,,,
KLO,2009,6,18,23,20.2,,,,,,,,967.5,,2.8,,0,0,0,0,0,0,0,,,,
KLO,2009,6,19,0,19.6,,,,,,,,967.3,,3,,0,0,0,0,0,0,0,,,,
KLO,2009,6,19,1,19.6,,,,,,,,967.3,,2.3,,0,0,0,0,0,0,0,,,,
KLO,2009,6,19,2,19.5,,,,,,,,967.3,,1.9,,0,0,0,0,0,0,0,,,,
KLO,2009,6,19,3,18.8,,,,,,,,967.4,,1.6,,1,0,0,0,0,0,0,,,,
KLO,2009,6,19,4,18.8,,,,,,,,967.8,,0.2,,39,0,0,0,0,0,0,,,,
KLO,2009,6,19,5,19.1,,,,,,,,967.9,,0.6,,89,0,0,0,0,0,0,,,,
KLO,2009,6,19,6,20,,,,,,,,967.8,,1,,164,2065.4,27.1,0,0,0,0,,,,
KLO,2009,6,19,7,20.6,,,,,,,,967.9,,1.5,,263,994.3,43.4,0,0,0,0,,,,
KLO,2009,6,19,8,21.4,,,,,,,,967.9,,2.8,,324,550.1,113.8,0,0,0,0,,,,
KLO,2009,6,19,9,20.3,,,,,,,,967.9,,3.5,,148,5.2,145.2,0,0,0,0,,,,
KLO,2009,6,19,10,18.8,,,,,,,,968.3,,1.9,,88,1.2,87.2,0,0,0,0,,,,
KLO,2009,6,19,11,16.6,,,,,,,,968.9,,3.6,,83,0.8,82.4,0,0,0,0,,,,
KLO,2009,6,19,12,15.7,,,,,,,,969.3,,1.9,,99,0.9,98.2,0,0,0,0,,,,
KLO,2009,6,19,13,15,,,,,,,,969.5,,2.4,,79,0.5,78.5,0,0,0,0,,,,
KLO,2009,6,19,14,14.7,,,,,,,,969.6,,1.4,,65,0.3,64.7,0,0,0,0,,,,
KLO,2009,6,19,15,15,,,,,,,,969.7,,1,,73,0.5,72.6,0,0,0,0,,,,
KLO,2009,6,19,16,14.8,,,,,,,,969.9,,1.3,,37,0.2,36.9,0,0,0,0,,,,
KLO,2009,6,19,17,14.6,,,,,,,,970.3,,1.6,,28,0.1,27.9,0,0,0,0,,,,
KLO,2009,6,19,18,14.1,,,,,,,,971.1,,1.8,,3,0,3,0,0,0,0,,,,
KLO,2009,6,19,19,12.8,,,,,,,,971.7,,2.6,,0,0,0,0,0,0,0,,,,
KLO,2009,6,19,20,12.3,,,,,,,,972.4,,2.3,,0,0,0,0,0,0,0,,,,
KLO,2009,6,19,21,12.1,,,,,,,,972.5,,1.5,,0,0,0,0,0,0,0,,,,
KLO,2009,6,19,22,11.9,,,,,,,,972.1,,0.9,,0,0,0,0,0,0,0,,,,
KLO,2009,6,19,23,11.9,,,,,,,,972.3,,1.1,,0,0,0,0,0,0,0,,,,
KLO,2009,6,20,0,11.9,,,,,,,,971.9,,0.9,,0,0,0,0,0,0,0,,,,
KLO,2009,6,20,1,11.6,,,,,,,,971.7,,1.4,,0,0,0,0,0,0,0,,,,
KLO,2009,6,20,2,11.3,,,,,,,,971.3,,1.1,,0,0,0,0,0,0,0,,,,
KLO,2009,6,20,3,10.8,,,,,,,,971.1,,0.8,,1,0,0,0,0,0,0,,,,
KLO,2009,6,20,4,11.3,,,,,,,,971.2,,0.5,,24,0,0,0,0,0,0,,,,
KLO,2009,6,20,5,11.9,,,,,,,,971.3,,0.2,,72,0,0,0,0,0,0,,,,
KLO,2009,6,20,6,12.8,,,,,,,,971.2,,0.8,,225,2850.4,37.1,0,0,0,0,,,,
KLO,2009,6,20,7,14.4,,,,,,,,970.9,,1.6,,502,1901.8,82.8,0,0,0,0,,,,
KLO,2009,6,20,8,15.4,,,,,,,,970.9,,2.3,,545,1192.3,89.9,0,0,0,0,,,,
KLO,2009,6,20,9,16.5,,,,,,,,970.7,,1.7,,853,1325.7,140.7,0,0,0,0,,,,
KLO,2009,6,20,10,17.8,,,,,,,,970.4,,2.5,,812,1002.4,134,0,0,0,0,,,,
KLO,2009,6,20,11,17.6,,,,,,,,970.2,,2.7,,691,604.1,214.1,0,0,0,0,,,,
KLO,2009,6,20,12,17.8,,,,,,,,969.9,,3.6,,522,150.9,390.9,0,0,0,0,,,,
KLO,2009,6,20,13,17.7,,,,,,,,969.6,,3.9,,551,156.9,408.4,0,0,0,0,,,,
KLO,2009,6,20,14,17.9,,,,,,,,969.4,,4.3,,643,296.9,373.7,0,0,0,0,,,,
KLO,2009,6,20,15,16.8,,,,,,,,969.3,,4.7,,376,32.7,347.8,0,0,0,0,,,,
KLO,2009,6,20,16,16.6,,,,,,,,969.3,,4.2,,305,18.9,290.3,0,0,0,0,,,,
KLO,2009,6,20,17,15.5,,,,,,,,969.7,,5.6,,164,4.1,161.2,0,0,0,0,,,,
KLO,2009,6,20,18,14.1,,,,,,,,969.8,,3.4,,68,1.1,67.4,0,0,0,0,,,,
KLO,2009,6,20,19,13.3,,,,,,,,970.2,,1.9,,4,0,4,0,0,0,0,,,,
KLO,2009,6,20,20,12.5,,,,,,,,970.9,,2.2,,0,0,0,0,0,0,0,,,,
KLO,2009,6,20,21,12.1,,,,,,,,971,,2.2,,0,0,0,0,0,0,0,,,,
KLO,2009,6,20,22,11.9,,,,,,,,971,,1.6,,0,0,0,0,0,0,0,,,,
KLO,2009,6,20,23,11.1,,,,,,,,970.9,,1.7,,0,0,0,0,0,0,0,,,,
KLO,2009,6,21,0,11.3,,,,,,,,970.7,,2,,0,0,0,0,0,0,0,,,,
KLO,2009,6,21,1,11.1,,,,,,,,970.7,,2.6,,0,0,0,0,0,0,0,,,,
KLO,2009,6,21,2,10.5,,,,,,,,970.4,,2.1,,0,0,0,0,0,0,0,,,,
KLO,2009,6,21,3,10.4,,,,,,,,970.5,,0.9,,0,0,0,0,0,0,0,,,,
KLO,2009,6,21,4,10.6,,,,,,,,970.7,,0.9,,6,0,0,0,0,0,0,,,,
KLO,2009,6,21,5,10.8,,,,,,,,970.8,,1.6,,44,0,0,0,0,0,0,,,,
KLO,2009,6,21,6,11,,,,,,,,971.1,,1.9,,73,931.6,12,0,0,0,0,,,,
KLO,2009,6,21,7,11.5,,,,,,,,971.3,,1.1,,184,529,67.7,0,0,0,0,,,,
KLO,2009,6,21,8,14.1,,,,,,,,971.2,,1,,698,1529.2,115.2,0,0,0,0,,,,
KLO,2009,6,21,9,14.9,,,,,,,,971,,1.1,,429,456.3,184.1,0,0,0,0,,,,
KLO,2009,6,21,10,15.4,,,,,,,,970.9,,3.3,,333,60.4,292.2,0,0,0,0,,,,
KLO,2009,6,21,11,15.1,,,,,,,,970.7,,1.9,,498,186.3,351,0,0,0,0,,,,
KLO,2009,6,21,12,16.8,,,,,,,,970.3,,2,,635,333.5,345.3,0,0,0,0,,,,
KLO,2009,6,21,13,16.9,,,,,,,,970.2,,2.3,,561,169.6,406.8,0,0,0,0,,,,
KLO,2009,6,21,14,16.9,,,,,,,,970,,2.3,,376,25.5,352.9,0,0,0,0,,,,
KLO,2009,6,21,15,16.3,,,,,,,,970.2,,3,,352,23.4,331.8,0,0,0,0,,,,
KLO,2009,6,21,16,15.9,,,,,,,,970,,3.6,,347,36.1,318.8,0,0,0,0,,,,
KLO,2009,6,21,17,15.4,,,,,,,,970.1,,3,,210,7.4,205.1,0,0,0,0,,,,
KLO,2009,6,21,18,14.7,,,,,,,,970.1,,3.1,,139,4.8,136.5,0,0,0,0,,,,
KLO,2009,6,21,19,12.9,,,,,,,,970.1,,1.8,,7,0,7,0,0,0,0,,,,
KLO,2009,6,21,20,12.8,,,,,,,,970.3,,1.4,,0,0,0,0,0,0,0,,,,
KLO,2009,6,21,21,12.7,,,,,,,,970.6,,1.6,,0,0,0,0,0,0,0,,,,
KLO,2009,6,21,22,12,,,,,,,,970.6,,1,,0,0,0,0,0,0,0,,,,
KLO,2009,6,21,23,11.3,,,,,,,,970.6,,1.1,,0,0,0,0,0,0,0,,,,
KLO,2009,6,22,0,10.8,,,,,,,,970.3,,1.1,,0,0,0,0,0,0,0,,,,
KLO,2009,6,22,1,10.5,,,,,,,,970,,0.9,,0,0,0,0,0,0,0,,,,
KLO,2009,6,22,2,10.3,,,,,,,,969.8,,0.1,,0,0,0,0,0,0,0,,,,
KLO,2009,6,22,3,9.9,,,,,,,,970.2,,0.1,,1,0,0,0,0,0,0,,,,
KLO,2009,6,22,4,9.8,,,,,,,,970.6,,0.2,,26,0,0,0,0,0,0,,,,
KLO,2009,6,22,5,11,,,,,,,,971.1,,0.7,,107,0,0,0,0,0,0,,,,
KLO,2009,6,22,6,11.6,,,,,,,,971.4,,2.1,,221,2844.9,36.5,0,0,0,0,,,,
KLO,2009,6,22,7,12.9,,,,,,,,971.5,,2.9,,537,2045.2,88.6,0,0,0,0,,,,
KLO,2009,6,22,8,13.4,,,,,,,,971.5,,3.2,,490,1075.3,80.9,0,0,0,0,,,,
KLO,2009,6,22,9,13.2,,,,,,,,971.6,,4.3,,477,632.3,138,0,0,0,0,,,,
KLO,2009,6,22,10,14.8,,,,,,,,971.7,,3.4,,786,971.7,129.7,0,0,0,0,,,,
KLO,2009,6,22,11,13.9,,,,,,,,971.7,,3.2,,423,90.5,351.6,0,0,0,0,,,,
KLO,2009,6,22,12,14.6,,,,,,,,971.6,,3,,552,192.2,385.2,0,0,0,0,,,,
KLO,2009,6,22,13,14.6,,,,,,,,971.8,,3.4,,529,131.5,409.5,0,0,0,0,,,,
KLO,2009,6,22,14,10.5,,,,,,,,972.3,,3.6,,104,0.9,103.2,0,0,0,0,,,,
KLO,2009,6,22,15,12.4,,,,,,,,972.1,,3.1,,517,148.5,388.8,0,0,0,0,,,,
KLO,2009,6,22,16,12,,,,,,,,972.2,,2.7,,256,8.5,249.4,0,0,0,0,,,,
KLO,2009,6,22,17,11.4,,,,,,,,972.6,,2.2,,68,0.7,67.5,0,0,0,0,,,,
KLO,2009,6,22,18,10.7,,,,,,,,972.8,,1.3,,41,0.4,40.8,0,0,0,0,,,,
KLO,2009,6,22,19,10.6,,,,,,,,973,,0.8,,7,0,7,0,0,0,0,,,,
KLO,2009,6,22,20,10.3,,,,,,,,973.4,,0.2,,0,0,0,0,0,0,0,,,,
KLO,2009,6,22,21,10.4,,,,,,,,973.4,,0.4,,0,0,0,0,0,0,0,,,,
KLO,2009,6,22,22,10.3,,,,,,,,973.2,,0.2,,0,0,0,0,0,0,0,,,,
KLO,2009,6,22,23,10.1,,,,,,,,972.9,,0.5,,0,0,0,0,0,0,0,,,,
KLO,2009,6,23,0,10.3,,,,,,,,972.3,,0.2,,0,0,0,0,0,0,0,,,,
KLO,2009,6,23,1,10.3,,,,,,,,971.9,,0.3,,0,0,0,0,0,0,0,,,,
KLO,2009,6,23,2,10.4,,,,,,,,971.6,,0,,0,0,0,0,0,0,0,,,,
KLO,2009,6,23,3,10.5,,,,,,,,971.3,,0,,0,0,0,0,0,0,0,,,,
KLO,2009,6,23,4,10.6,,,,,,,,971.3,,0.3,,3,0,0,0,0,0,0,,,,
KLO,2009,6,23,5,11.2,,,,,,,,971.5,,0.7,,46,0,0,0,0,0,0,,,,
KLO,2009,6,23,6,12.2,,,,,,,,971.5,,1.4,,152,1976.7,25.1,0,0,0,0,,,,
KLO,2009,6,23,7,13.1,,,,,,,,971.4,,0.9,,233,890.3,38.4,0,0,0,0,,,,
KLO,2009,6,23,8,13,,,,,,,,971.5,,2.8,,135,12,130.4,0,0,0,0,,,,
KLO,2009,6,23,9,13.6,,,,,,,,971.4,,4.8,,391,332,213.2,0,0,0,0,,,,
KLO,2009,6,23,10,14.2,,,,,,,,971.4,,5.3,,508,371.1,257.5,0,0,0,0,,,,
KLO,2009,6,23,11,14,,,,,,,,971.3,,4.8,,409,77.5,347.9,0,0,0,0,,,,
KLO,2009,6,23,12,13.9,,,,,,,,971.1,,4.2,,348,21.6,329.3,0,0,0,0,,,,
KLO,2009,6,23,13,13.2,,,,,,,,971,,3.9,,216,3.9,212.5,0,0,0,0,,,,
KLO,2009,6,23,14,12.7,,,,,,,,971,,2.9,,127,1.3,125.8,0,0,0,0,,,,
KLO,2009,6,23,15,12.9,,,,,,,,970.8,,2.7,,144,1.9,142.4,0,0,0,0,,,,
KLO,2009,6,23,16,12.6,,,,,,,,970.7,,2.5,,105,1.2,104,0,0,0,0,,,,
KLO,2009,6,23,17,12,,,,,,,,970.5,,1.5,,48,0.4,47.8,0,0,0,0,,,,
KLO,2009,6,23,18,11.8,,,,,,,,970.4,,1.1,,9,0,9,0,0,0,0,,,,
KLO,2009,6,23,19,11.7,,,,,,,,970.2,,1.6,,1,0,1,0,0,0,0,,,,
KLO,2009,6,23,20,11.7,,,,,,,,970.5,,1.6,,0,0,0,0,0,0,0,,,,
KLO,2009,6,23,21,11.8,,,,,,,,970.3,,1.5,,0,0,0,0,0,0,0,,,,
KLO,2009,6,23,22,12,,,,,,,,970.1,,2,,0,0,0,0,0,0,0,,,,
KLO,2009,6,23,23,11.9,,,,,,,,969.6,,2,,0,0,0,0,0,0,0,,,,
KLO,2009,6,24,0,12,,,,,,,,968.9,,2,,0,0,0,0,0,0,0,,,,
KLO,2009,6,24,1,11.8,,,,,,,,968.3,,0.2,,0,0,0,0,0,0,0,,,,
KLO,2009,6,24,2,11.5,,,,,,,,967.6,,1.8,,0,0,0,0,0,0,0,,,,
KLO,2009,6,24,3,11.9,,,,,,,,966.8,,2.3,,2,0,0,0,0,0,0,,,,
KLO,2009,6,24,4,11.9,,,,,,,,966.3,,0.6,,16,0,0,0,0,0,0,,,,
KLO,2009,6,24,5,12.6,,,,,,,,966.2,,0.5,,94,0,0,0,0,0,0,,,,
KLO,2009,6,24,6,13.6,,,,,,,,966.3,,1.6,,229,3012.8,37.8,0,0,0,0,,,,
KLO,2009,6,24,7,14.4,,,,,,,,966.3,,5.3,,371,1422.7,61.2,0,0,0,0,,,,
KLO,2009,6,24,8,16,,,,,,,,965.9,,4.7,,764,1683,126.1,0,0,0,0,,,,
KLO,2009,6,24,9,17.1,,,,,,,,965.7,,4.7,,904,1411.4,149.2,0,0,0,0,,,,
KLO,2009,6,24,10,17.7,,,,,,,,965.4,,4.8,,898,1112.1,148.2,0,0,0,0,,,,
KLO,2009,6,24,11,17.6,,,,,,,,965,,4.8,,489,173.9,352,0,0,0,0,,,,
KLO,2009,6,24,12,18,,,,,,,,964.9,,5.8,,495,120.2,390.7,0,0,0,0,,,,
KLO,2009,6,24,13,18.2,,,,,,,,965,,5.7,,467,74.2,399.6,0,0,0,0,,,,
KLO,2009,6,24,14,18.3,,,,,,,,964.9,,6,,364,21.7,344.3,0,0,0,0,,,,
KLO,2009,6,24,15,17.9,,,,,,,,964.8,,5.6,,215,4.2,211.4,0,0,0,0,,,,
KLO,2009,6,24,16,17.4,,,,,,,,964.8,,4.4,,135,2,133.4,0,0,0,0,,,,
KLO,2009,6,24,17,16.7,,,,,,,,964.8,,4.7,,82,1,81.3,0,0,0,0,,,,
KLO,2009,6,24,18,16.3,,,,,,,,964.7,,3.9,,45,0.5,44.7,0,0,0,0,,,,
KLO,2009,6,24,19,15.6,,,,,,,,964.5,,3.7,,16,0.1,16,0,0,0,0,,,,
KLO,2009,6,24,20,15.3,,,,,,,,964.5,,3,,0,0,0,0,0,0,0,,,,
KLO,2009,6,24,21,14.5,,,,,,,,964.4,,2.3,,0,0,0,0,0,0,0,,,,
KLO,2009,6,24,22,13.5,,,,,,,,963.9,,0.7,,0,0,0,0,0,0,0,,,,
KLO,2009,6,24,23,13.9,,,,,,,,963.6,,1.7,,0,0,0,0,0,0,0,,,,
KLO,2009,6,25,0,14.7,,,,,,,,963.3,,3.5,,0,0,0,0,0,0,0,,,,
KLO,2009,6,25,1,14.7,,,,,,,,962.9,,1.7,,0,0,0,0,0,0,0,,,,
KLO,2009,6,25,2,15,,,,,,,,962.6,,1.5,,0,0,0,0,0,0,0,,,,
KLO,2009,6,25,3,15.2,,,,,,,,962.6,,3.6,,0,0,0,0,0,0,0,,,,
KLO,2009,6,25,4,15.3,,,,,,,,962.4,,2.9,,11,0,0,0,0,0,0,,,,
KLO,2009,6,25,5,15.4,,,,,,,,962.4,,2.6,,40,0,0,0,0,0,0,,,,
KLO,2009,6,25,6,15.6,,,,,,,,962.5,,2.7,,92,1226.3,15.2,0,0,0,0,,,,
KLO,2009,6,25,7,16.5,,,,,,,,962.4,,3.1,,225,866.2,37.1,0,0,0,0,,,,
KLO,2009,6,25,8,17,,,,,,,,962.2,,2.5,,239,187.6,168.1,0,0,0,0,,,,
KLO,2009,6,25,9,18.3,,,,,,,,962.1,,2.3,,444,518.8,167,0,0,0,0,,,,
KLO,2009,6,25,10,19.4,,,,,,,,961.9,,2.8,,485,315.4,272.5,0,0,0,0,,,,
KLO,2009,6,25,11,20.2,,,,,,,,961.8,,3.6,,491,177.5,351.3,0,0,0,0,,,,
KLO,2009,6,25,12,21.2,,,,,,,,961.4,,2.9,,565,212.9,380.4,0,0,0,0,,,,
KLO,2009,6,25,13,21.9,,,,,,,,960.9,,2.3,,732,469.9,305.3,0,0,0,0,,,,
KLO,2009,6,25,14,23.1,,,,,,,,960.2,,2.6,,782,579,256.8,0,0,0,0,,,,
KLO,2009,6,25,15,23.7,,,,,,,,959.4,,1.9,,639,348.2,338.1,0,0,0,0,,,,
KLO,2009,6,25,16,23.9,,,,,,,,959.2,,2,,485,173,349.7,0,0,0,0,,,,
KLO,2009,6,25,17,23.3,,,,,,,,959.2,,2.4,,272,23.5,256.3,0,0,0,0,,,,
KLO,2009,6,25,18,22.5,,,,,,,,959.2,,2.3,,100,2.5,98.7,0,0,0,0,,,,
KLO,2009,6,25,19,19.7,,,,,,,,959.6,,2.4,,5,0,5,0,0,0,0,,,,
KLO,2009,6,25,20,19.4,,,,,,,,960,,3,,0,0,0,0,0,0,0,,,,
KLO,2009,6,25,21,18.9,,,,,,,,960.3,,2.3,,0,0,0,0,0,0,0,,,,
KLO,2009,6,25,22,18.2,,,,,,,,960.6,,2.9,,0,0,0,0,0,0,0,,,,
KLO,2009,6,25,23,17.6,,,,,,,,960.5,,1.5,,0,0,0,0,0,0,0,,,,
KLO,2009,6,26,0,16.6,,,,,,,,960.2,,2,,0,0,0,0,0,0,0,,,,
KLO,2009,6,26,1,15.5,,,,,,,,960.3,,1.5,,0,0,0,0,0,0,0,,,,
KLO,2009,6,26,2,14.9,,,,,,,,960.3,,1.5,,0,0,0,0,0,0,0,,,,
KLO,2009,6,26,3,14.1,,,,,,,,960.4,,1,,1,0,0,0,0,0,0,,,,
KLO,2009,6,26,4,13.6,,,,,,,,960.6,,1.3,,23,0,0,0,0,0,0,,,,
KLO,2009,6,26,5,14.1,,,,,,,,960.9,,1.2,,95,0,0,0,0,0,0,,,,
KLO,2009,6,26,6,16.6,,,,,,,,961,,0.8,,342,4625.9,56.4,0,0,0,0,,,,
KLO,2009,6,26,7,18.5,,,,,,,,961.1,,1.1,,441,1705.3,72.8,0,0,0,0,,,,
KLO,2009,6,26,8,20.5,,,,,,,,961,,1,,638,1412,105.3,0,0,0,0,,,,
KLO,2009,6,26,9,22.4,,,,,,,,960.8,,1,,818,1281,135,0,0,0,0,,,,
KLO,2009,6,26,10,23.8,,,,,,,,960.6,,1.7,,893,1108.2,147.3,0,0,0,0,,,,
KLO,2009,6,26,11,24,,,,,,,,960.3,,2,,954,1012.7,157.4,0,0,0,0,,,,
KLO,2009,6,26,12,22.2,,,,,,,,960.5,,5.7,,655,376.6,328.5,0,0,0,0,,,,
KLO,2009,6,26,13,20.9,,,,,,,,961.1,,4.8,,543,148.3,408.3,0,0,0,0,,,,
KLO,2009,6,26,14,19.6,,,,,,,,961.2,,1.9,,125,1.3,123.8,0,0,0,0,,,,
KLO,2009,6,26,15,19.7,,,,,,,,960.9,,1.7,,126,1.4,124.7,0,0,0,0,,,,
KLO,2009,6,26,16,20.6,,,,,,,,960.6,,0.9,,383,58.7,337.1,0,0,0,0,,,,
KLO,2009,6,26,17,20.6,,,,,,,,960.6,,1.1,,211,7.5,206,0,0,0,0,,,,
KLO,2009,6,26,18,20.1,,,,,,,,960.9,,2,,91,2,89.9,0,0,0,0,,,,
KLO,2009,6,26,19,19,,,,,,,,961.6,,1.8,,13,0.1,13,0,0,0,0,,,,
KLO,2009,6,26,20,18.6,,,,,,,,962.3,,1.1,,0,0,0,0,0,0,0,,,,
KLO,2009,6,26,21,17.9,,,,,,,,962.6,,1.9,,0,0,0,0,0,0,0,,,,
KLO,2009,6,26,22,17.3,,,,,,,,962.8,,2.2,,0,0,0,0,0,0,0,,,,
KLO,2009,6,26,23,16.7,,,,,,,,963.2,,2,,0,0,0,0,0,0,0,,,,
KLO,2009,6,27,0,16.4,,,,,,,,963.4,,1.6,,0,0,0,0,0,0,0,,,,
KLO,2009,6,27,1,16.4,,,,,,,,963.4,,1.3,,0,0,0,0,0,0,0,,,,
KLO,2009,6,27,2,15.9,,,,,,,,963.2,,2.4,,0,0,0,0,0,0,0,,,,
KLO,2009,6,27,3,15.6,,,,,,,,963.4,,1.2,,0,0,0,0,0,0,0,,,,
KLO,2009,6,27,4,15.4,,,,,,,,963.4,,1.3,,11,0,0,0,0,0,0,,,,
KLO,2009,6,27,5,15.8,,,,,,,,963.6,,1.5,,32,0,0,0,0,0,0,,,,
KLO,2009,6,27,6,16.1,,,,,,,,964,,2,,30,47,27.1,0,0,0,0,,,,
KLO,2009,6,27,7,16.2,,,,,,,,964.3,,2.2,,33,1.6,32.7,0,0,0,0,,,,
KLO,2009,6,27,8,16.1,,,,,,,,964.3,,2.4,,92,4.1,90.5,0,0,0,0,,,,
KLO,2009,6,27,9,17.2,,,,,,,,964.4,,2.6,,277,78.7,235.1,0,0,0,0,,,,
KLO,2009,6,27,10,18.1,,,,,,,,964.6,,2.5,,264,19.5,250.9,0,0,0,0,,,,
KLO,2009,6,27,11,18.3,,,,,,,,964.6,,3,,417,86.2,349.2,0,0,0,0,,,,
KLO,2009,6,27,12,15.7,,,,,,,,964.9,,2.6,,117,1.2,115.9,0,0,0,0,,,,
KLO,2009,6,27,13,16.7,,,,,,,,964.8,,0.7,,314,10.7,304.3,0,0,0,0,,,,
KLO,2009,6,27,14,19,,,,,,,,964.6,,0.8,,587,207.6,398.8,0,0,0,0,,,,
KLO,2009,6,27,15,20,,,,,,,,964.3,,1.2,,467,94,385.8,0,0,0,0,,,,
KLO,2009,6,27,16,20.4,,,,,,,,964.3,,1.3,,428,99.4,350.2,0,0,0,0,,,,
KLO,2009,6,27,17,20.4,,,,,,,,964.3,,2.7,,289,31.9,267.7,0,0,0,0,,,,
KLO,2009,6,27,18,18.8,,,,,,,,964.6,,1.9,,43,0.5,42.8,0,0,0,0,,,,
KLO,2009,6,27,19,18,,,,,,,,964.9,,2.1,,13,0.1,13,0,0,0,0,,,,
KLO,2009,6,27,20,17.5,,,,,,,,965.4,,1.2,,0,0,0,0,0,0,0,,,,
KLO,2009,6,27,21,17.2,,,,,,,,965.6,,0.2,,0,0,0,0,0,0,0,,,,
KLO,2009,6,27,22,16.6,,,,,,,,965.8,,0.4,,0,0,0,0,0,0,0,,,,
KLO,2009,6,27,23,16.5,,,,,,,,965.5,,0.2,,0,0,0,0,0,0,0,,,,
KLO,2009,6,28,0,16,,,,,,,,965.4,,0.2,,0,0,0,0,0,0,0,,,,
KLO,2009,6,28,1,15.5,,,,,,,,965.3,,0.1,,0,0,0,0,0,0,0,,,,
KLO,2009,6,28,2,15.4,,,,,,,,965.2,,0.1,,0,0,0,0,0,0,0,,,,
KLO,2009,6,28,3,14.7,,,,,,,,965.1,,0.5,,1,0,0,0,0,0,0,,,,
KLO,2009,6,28,4,14.8,,,,,,,,965.2,,1.3,,18,0,0,0,0,0,0,,,,
KLO,2009,6,28,5,15.4,,,,,,,,965.1,,1,,82,0,0,0,0,0,0,,,,
KLO,2009,6,28,6,16.7,,,,,,,,965,,1.1,,156,2183,25.7,0,0,0,0,,,,
KLO,2009,6,28,7,17.8,,,,,,,,965.2,,2,,212,810.6,38.7,0,0,0,0,,,,
KLO,2009,6,28,8,19.3,,,,,,,,965.2,,1.8,,353,728.3,79.7,0,0,0,0,,,,
KLO,2009,6,28,9,20.6,,,,,,,,965.1,,2.1,,486,680.7,124.3,0,0,0,0,,,,
KLO,2009,6,28,10,22.3,,,,,,,,964.8,,2.8,,679,837.6,116.8,0,0,0,0,,,,
KLO,2009,6,28,11,23.3,,,,,,,,964.4,,2.2,,783,818.5,140.3,0,0,0,0,,,,
KLO,2009,6,28,12,24.2,,,,,,,,964.3,,2.3,,711,499.4,278.7,0,0,0,0,,,,
KLO,2009,6,28,13,25,,,,,,,,964.3,,2.1,,884,785.2,171.8,0,0,0,0,,,,
KLO,2009,6,28,14,25.4,,,,,,,,964,,1.6,,761,535,276,0,0,0,0,,,,
KLO,2009,6,28,15,25.4,,,,,,,,963.9,,2.3,,543,183.5,384.5,0,0,0,0,,,,
KLO,2009,6,28,16,25.5,,,,,,,,963.9,,2.3,,465,144.3,352.1,0,0,0,0,,,,
KLO,2009,6,28,17,24.9,,,,,,,,964,,2.9,,275,24.8,258.4,0,0,0,0,,,,
KLO,2009,6,28,18,23.5,,,,,,,,964.3,,2.5,,87,1.9,86,0,0,0,0,,,,
KLO,2009,6,28,19,21.3,,,,,,,,964.7,,1.9,,10,0,10,0,0,0,0,,,,
KLO,2009,6,28,20,20,,,,,,,,965.2,,1.2,,0,0,0,0,0,0,0,,,,
KLO,2009,6,28,21,20.7,,,,,,,,965.4,,1.7,,0,0,0,0,0,0,0,,,,
KLO,2009,6,28,22,19.8,,,,,,,,965.7,,3.3,,0,0,0,0,0,0,0,,,,
KLO,2009,6,28,23,18.5,,,,,,,,966,,3,,0,0,0,0,0,0,0,,,,
KLO,2009,6,29,0,18.2,,,,,,,,966.1,,2,,0,0,0,0,0,0,0,,,,
KLO,2009,6,29,1,17.8,,,,,,,,965.9,,1.3,,0,0,0,0,0,0,0,,,,
KLO,2009,6,29,2,17.3,,,,,,,,966.1,,1.8,,0,0,0,0,0,0,0,,,,
KLO,2009,6,29,3,16.3,,,,,,,,966.1,,1.2,,1,0,0,0,0,0,0,,,,
KLO,2009,6,29,4,16.2,,,,,,,,966.3,,1.3,,39,0,0,0,0,0,0,,,,
KLO,2009,6,29,5,17.7,,,,,,,,966.6,,1.2,,127,0,0,0,0,0,0,,,,
KLO,2009,6,29,6,19.7,,,,,,,,966.8,,1.5,,319,4551.8,52.6,0,0,0,0,,,,
KLO,2009,6,29,7,21.2,,,,,,,,966.9,,2.5,,490,1924.2,80.9,0,0,0,0,,,,
KLO,2009,6,29,8,22.3,,,,,,,,966.9,,2.1,,632,1410.5,104.3,0,0,0,0,,,,
KLO,2009,6,29,9,23.8,,,,,,,,966.9,,3.1,,775,1220.3,127.9,0,0,0,0,,,,
KLO,2009,6,29,10,24.9,,,,,,,,966.9,,3,,887,1104.9,146.4,0,0,0,0,,,,
KLO,2009,6,29,11,25.6,,,,,,,,966.5,,2.2,,930,989.9,153.5,0,0,0,0,,,,
KLO,2009,6,29,12,26.2,,,,,,,,966.4,,2.4,,836,772,168.1,0,0,0,0,,,,
KLO,2009,6,29,13,26.3,,,,,,,,966.4,,3,,624,265.6,383.2,0,0,0,0,,,,
KLO,2009,6,29,14,24.9,,,,,,,,966.3,,4.3,,375,25.4,352,0,0,0,0,,,,
KLO,2009,6,29,15,25.2,,,,,,,,966.3,,3.8,,419,56.2,370.5,0,0,0,0,,,,
KLO,2009,6,29,16,25.3,,,,,,,,966.4,,3,,449,123.7,352.2,0,0,0,0,,,,
KLO,2009,6,29,17,25.1,,,,,,,,966.5,,2.5,,249,15.1,238.9,0,0,0,0,,,,
KLO,2009,6,29,18,23.2,,,,,,,,966.7,,2,,35,0.3,34.8,0,0,0,0,,,,
KLO,2009,6,29,19,21.8,,,,,,,,967,,1.4,,12,0.1,12,0,0,0,0,,,,
KLO,2009,6,29,20,19.7,,,,,,,,967.7,,1.3,,0,0,0,0,0,0,0,,,,
KLO,2009,6,29,21,19.5,,,,,,,,968.1,,2.2,,0,0,0,0,0,0,0,,,,
KLO,2009,6,29,22,18.3,,,,,,,,968.1,,2.7,,0,0,0,0,0,0,0,,,,
KLO,2009,6,29,23,17.7,,,,,,,,968.2,,2.8,,0,0,0,0,0,0,0,,,,
KLO,2009,6,30,0,17.1,,,,,,,,968.4,,1.1,,0,0,0,0,0,0,0,,,,
KLO,2009,6,30,1,16.6,,,,,,,,968.4,,0.9,,0,0,0,0,0,0,0,,,,
KLO,2009,6,30,2,16.5,,,,,,,,968.2,,1.4,,0,0,0,0,0,0,0,,,,
KLO,2009,6,30,3,15.8,,,,,,,,968.3,,0.9,,1,0,0,0,0,0,0,,,,
KLO,2009,6,30,4,15.2,,,,,,,,968.5,,0.1,,38,0,0,0,0,0,0,,,,
KLO,2009,6,30,5,17.4,,,,,,,,968.7,,0.6,,157,0,0,0,0,0,0,,,,
KLO,2009,6,30,6,19.4,,,,,,,,969,,1,,314,4576.6,51.8,0,0,0,0,,,,
KLO,2009,6,30,7,21.6,,,,,,,,969.2,,1.2,,484,1911.9,79.9,0,0,0,0,,,,
KLO,2009,6,30,8,23,,,,,,,,969.2,,1,,644,1441.9,106.3,0,0,0,0,,,,
KLO,2009,6,30,9,24.4,,,,,,,,969.1,,1.8,,770,1214.9,127.1,0,0,0,0,,,,
KLO,2009,6,30,10,25.7,,,,,,,,969,,2.9,,821,1024.2,135.5,0,0,0,0,,,,
KLO,2009,6,30,11,25.9,,,,,,,,968.9,,3.6,,774,805,143.1,0,0,0,0,,,,
KLO,2009,6,30,12,25.9,,,,,,,,968.5,,2.8,,526,159.9,387.8,0,0,0,0,,,,
KLO,2009,6,30,13,26.8,,,,,,,,968.2,,1.8,,784,585.5,253.5,0,0,0,0,,,,
KLO,2009,6,30,14,26.3,,,,,,,,968.1,,2.3,,354,19,336.8,0,0,0,0,,,,
KLO,2009,6,30,15,25.9,,,,,,,,968.2,,3.8,,543,184,384.1,0,0,0,0,,,,
KLO,2009,6,30,16,26.6,,,,,,,,968.2,,3,,528,246,335.6,0,0,0,0,,,,
KLO,2009,6,30,17,25.7,,,,,,,,968.3,,3.3,,295,35.4,271.4,0,0,0,0,,,,
KLO,2009,6,30,18,24.3,,,,,,,,968.5,,2.5,,117,3.4,115.2,0,0,0,0,,,,
KLO,2009,6,30,19,23,,,,,,,,969,,3,,12,0.1,12,0,0,0,0,,,,
KLO,2009,6,30,20,20.6,,,,,,,,969.2,,1.5,,0,0,0,0,0,0,0,,,,
KLO,2009,6,30,21,18.8,,,,,,,,969.6,,1.7,,0,0,0,0,0,0,0,,,,
KLO,2009,6,30,22,17.7,,,,,,,,969.9,,1.6,,0,0,0,0,0,0,0,,,,
KLO,2009,6,30,23,17.3,,,,,,,,970.1,,0.9,,0,0,0,0,0,0,0,,,,
KLO,2009,7,1,0,16.5,,,,,,,,970.3,,1.3,,0,0,0,0,0,0,0,,,,
KLO,2009,7,1,1,16.7,,,,,,,,970,,0.9,,0,0,0,0,0,0,0,,,,
KLO,2009,7,1,2,16.4,,,,,,,,969.6,,0.8,,0,0,0,0,0,0,0,,,,
KLO,2009,7,1,3,15.7,,,,,,,,969.5,,0.5,,1,0,0,0,0,0,0,,,,
KLO,2009,7,1,4,15.6,,,,,,,,969.6,,0.5,,38,0,0,0,0,0,0,,,,
KLO,2009,7,1,5,17.2,,,,,,,,969.9,,0.1,,145,0,0,0,0,0,0,,,,
KLO,2009,7,1,6,19.4,,,,,,,,970.1,,0.6,,308,4593.7,50.8,0,0,0,0,,,,
KLO,2009,7,1,7,21.3,,,,,,,,970.2,,0.8,,474,1884.2,78.2,0,0,0,0,,,,
KLO,2009,7,1,8,23.3,,,,,,,,970,,1.4,,637,1431,105.1,0,0,0,0,,,,
KLO,2009,7,1,9,24.4,,,,,,,,969.8,,1.6,,762,1204.9,125.7,0,0,0,0,,,,
KLO,2009,7,1,10,26,,,,,,,,969.5,,2.3,,878,1096.9,144.9,0,0,0,0,,,,
KLO,2009,7,1,11,26.5,,,,,,,,969.4,,2.5,,711,668.7,187.5,0,0,0,0,,,,
KLO,2009,7,1,12,27.1,,,,,,,,968.8,,2.3,,781,661.1,210,0,0,0,0,,,,
KLO,2009,7,1,13,27.8,,,,,,,,968.4,,2.6,,739,489.5,295.7,0,0,0,0,,,,
KLO,2009,7,1,14,27.5,,,,,,,,968.3,,4.1,,570,184.9,402.6,0,0,0,0,,,,
KLO,2009,7,1,15,24.8,,,,,,,,968.5,,4.9,,304,11.5,294,0,0,0,0,,,,
KLO,2009,7,1,16,24,,,,,,,,968.3,,4,,238,6.6,232.8,0,0,0,0,,,,
KLO,2009,7,1,17,23.2,,,,,,,,968.3,,3.1,,134,2.8,132.2,0,0,0,0,,,,
KLO,2009,7,1,18,22.5,,,,,,,,968.6,,3.2,,107,2.8,105.5,0,0,0,0,,,,
KLO,2009,7,1,19,20.1,,,,,,,,968.9,,2.1,,10,0,10,0,0,0,0,,,,
KLO,2009,7,1,20,19.2,,,,,,,,969.2,,1.2,,0,0,0,0,0,0,0,,,,
KLO,2009,7,1,21,18,,,,,,,,969.1,,1,,0,0,0,0,0,0,0,,,,
KLO,2009,7,1,22,17.3,,,,,,,,969.3,,0.8,,0,0,0,0,0,0,0,,,,
KLO,2009,7,1,23,16.5,,,,,,,,969.1,,1.2,,0,0,0,0,0,0,0,,,,
KLO,2009,7,2,0,16.3,,,,,,,,968.9,,0.7,,0,0,0,0,0,0,0,,,,
KLO,2009,7,2,1,15.7,,,,,,,,968.6,,0.9,,0,0,0,0,0,0,0,,,,
KLO,2009,7,2,2,15.4,,,,,,,,968.3,,0.2,,0,0,0,0,0,0,0,,,,
KLO,2009,7,2,3,14.9,,,,,,,,968.3,,0.7,,1,0,0,0,0,0,0,,,,
KLO,2009,7,2,4,15.2,,,,,,,,968.4,,0.9,,37,0,0,0,0,0,0,,,,
KLO,2009,7,2,5,16.8,,,,,,,,968.5,,0.6,,146,0,0,0,0,0,0,,,,
KLO,2009,7,2,6,19.1,,,,,,,,968.4,,1,,310,4740.4,51.2,0,0,0,0,,,,
KLO,2009,7,2,7,20.9,,,,,,,,968.3,,0.6,,442,1768.7,72.9,0,0,0,0,,,,
KLO,2009,7,2,8,22.9,,,,,,,,968.1,,1.1,,642,1447.4,105.9,0,0,0,0,,,,
KLO,2009,7,2,9,24.6,,,,,,,,967.9,,1.4,,760,1204.4,125.4,0,0,0,0,,,,
KLO,2009,7,2,10,25.8,,,,,,,,967.6,,3.6,,857,1072.4,141.4,0,0,0,0,,,,
KLO,2009,7,2,11,27.2,,,,,,,,967.1,,3.6,,907,968.6,149.7,0,0,0,0,,,,
KLO,2009,7,2,12,27.6,,,,,,,,966.3,,2.6,,921,891.1,152,0,0,0,0,,,,
KLO,2009,7,2,13,27.7,,,,,,,,966,,2.2,,638,291.6,374.2,0,0,0,0,,,,
KLO,2009,7,2,14,28.3,,,,,,,,965.8,,3,,796,613.8,240.6,0,0,0,0,,,,
KLO,2009,7,2,15,27.3,,,,,,,,965.2,,3.9,,513,144.7,388.2,0,0,0,0,,,,
KLO,2009,7,2,16,25.6,,,,,,,,965.2,,4.2,,318,23.3,299.8,0,0,0,0,,,,
KLO,2009,7,2,17,26,,,,,,,,965.2,,2.7,,316,50.1,282.6,0,0,0,0,,,,
KLO,2009,7,2,18,24.3,,,,,,,,965.2,,2,,64,1,63.5,0,0,0,0,,,,
KLO,2009,7,2,19,22.9,,,,,,,,965.3,,0.8,,14,0.1,14,0,0,0,0,,,,
KLO,2009,7,2,20,20.6,,,,,,,,965.9,,0.9,,0,0,0,0,0,0,0,,,,
KLO,2009,7,2,21,19.5,,,,,,,,965.9,,1,,0,0,0,0,0,0,0,,,,
KLO,2009,7,2,22,19.1,,,,,,,,965.8,,1,,0,0,0,0,0,0,0,,,,
KLO,2009,7,2,23,18,,,,,,,,965.5,,0.2,,0,0,0,0,0,0,0,,,,
KLO,2009,7,3,0,17.2,,,,,,,,965,,0.7,,0,0,0,0,0,0,0,,,,
KLO,2009,7,3,1,17.1,,,,,,,,964.8,,0.7,,0,0,0,0,0,0,0,,,,
KLO,2009,7,3,2,16.3,,,,,,,,964.9,,0.7,,0,0,0,0,0,0,0,,,,
KLO,2009,7,3,3,16.6,,,,,,,,965.2,,0.3,,2,0,0,0,0,0,0,,,,
KLO,2009,7,3,4,16.8,,,,,,,,965.4,,0.6,,30,0,0,0,0,0,0,,,,
KLO,2009,7,3,5,17.4,,,,,,,,965.5,,0.8,,42,0,0,0,0,0,0,,,,
KLO,2009,7,3,6,19.6,,,,,,,,965.8,,1.4,,274,4304.4,45.2,0,0,0,0,,,,
KLO,2009,7,3,7,21.9,,,,,,,,966,,2.9,,447,1801.3,73.8,0,0,0,0,,,,
KLO,2009,7,3,8,22.6,,,,,,,,966.1,,3.6,,508,1149.5,83.8,0,0,0,0,,,,
KLO,2009,7,3,9,23.6,,,,,,,,966,,5,,758,1204.1,125.1,0,0,0,0,,,,
KLO,2009,7,3,10,24.9,,,,,,,,965.8,,4.7,,855,1071.7,141.1,0,0,0,0,,,,
KLO,2009,7,3,11,26,,,,,,,,965.2,,3.5,,932,996.5,153.8,0,0,0,0,,,,
KLO,2009,7,3,12,25.5,,,,,,,,964.9,,3.8,,601,279.1,360.4,0,0,0,0,,,,
KLO,2009,7,3,13,25.6,,,,,,,,964.9,,4.4,,810,644.9,226.8,0,0,0,0,,,,
KLO,2009,7,3,14,25.1,,,,,,,,964.5,,3.8,,413,41.7,375.3,0,0,0,0,,,,
KLO,2009,7,3,15,24.5,,,,,,,,964.4,,2.9,,262,6.6,256.3,0,0,0,0,,,,
KLO,2009,7,3,16,22.5,,,,,,,,964.7,,2.6,,50,0.3,49.8,0,0,0,0,,,,
KLO,2009,7,3,17,19,,,,,,,,965.3,,2.8,,90,1.2,89.2,0,0,0,0,,,,
KLO,2009,7,3,18,18.6,,,,,,,,965.1,,0.9,,54,0.7,53.6,0,0,0,0,,,,
KLO,2009,7,3,19,18.2,,,,,,,,965,,1,,16,0.1,16,0,0,0,0,,,,
KLO,2009,7,3,20,17.1,,,,,,,,965.6,,0.6,,0,0,0,0,0,0,0,,,,
KLO,2009,7,3,21,16.7,,,,,,,,965.6,,0.7,,0,0,0,0,0,0,0,,,,
KLO,2009,7,3,22,16.1,,,,,,,,965.6,,1.1,,0,0,0,0,0,0,0,,,,
KLO,2009,7,3,23,15.3,,,,,,,,965.4,,1.1,,0,0,0,0,0,0,0,,,,
KLO,2009,7,4,0,15.1,,,,,,,,965,,0.4,,0,0,0,0,0,0,0,,,,
KLO,2009,7,4,1,14.6,,,,,,,,964.8,,0.8,,0,0,0,0,0,0,0,,,,
KLO,2009,7,4,2,15,,,,,,,,964.6,,1.3,,0,0,0,0,0,0,0,,,,
KLO,2009,7,4,3,14.6,,,,,,,,964.6,,0.2,,0,0,0,0,0,0,0,,,,
KLO,2009,7,4,4,15.1,,,,,,,,964.7,,0.4,,21,0,0,0,0,0,0,,,,
KLO,2009,7,4,5,15.7,,,,,,,,964.7,,0.5,,76,0,0,0,0,0,0,,,,
KLO,2009,7,4,6,16.5,,,,,,,,964.6,,0.2,,144,0,0,0,0,0,0,,,,
KLO,2009,7,4,7,17.5,,,,,,,,964.6,,0.2,,275,1116.4,45.4,0,0,0,0,,,,
KLO,2009,7,4,8,19.8,,,,,,,,964.4,,1.2,,598,1358.5,98.7,0,0,0,0,,,,
KLO,2009,7,4,9,22.5,,,,,,,,964.1,,1.3,,742,1181.7,122.4,0,0,0,0,,,,
KLO,2009,7,4,10,24.5,,,,,,,,963.9,,1.9,,873,1096.2,144,0,0,0,0,,,,
KLO,2009,7,4,11,25.8,,,,,,,,963.4,,1.5,,930,995.6,153.5,0,0,0,0,,,,
KLO,2009,7,4,12,26.3,,,,,,,,962.7,,1.4,,942,913.2,155.4,0,0,0,0,,,,
KLO,2009,7,4,13,27,,,,,,,,962.2,,2.9,,811,648.4,225.1,0,0,0,0,,,,
KLO,2009,7,4,14,26.3,,,,,,,,961.9,,4.3,,821,669.1,216.3,0,0,0,0,,,,
KLO,2009,7,4,15,24.5,,,,,,,,962,,3.6,,342,20.5,324.3,0,0,0,0,,,,
KLO,2009,7,4,16,25.7,,,,,,,,961.6,,2.7,,438,111.6,350.9,0,0,0,0,,,,
KLO,2009,7,4,17,24.5,,,,,,,,961.9,,2.9,,152,3.5,149.6,0,0,0,0,,,,
KLO,2009,7,4,18,22.4,,,,,,,,962.4,,3.4,,29,0.2,28.9,0,0,0,0,,,,
KLO,2009,7,4,19,19.9,,,,,,,,963,,2.7,,5,0,5,0,0,0,0,,,,
KLO,2009,7,4,20,19.5,,,,,,,,963.5,,1.9,,0,0,0,0,0,0,0,,,,
KLO,2009,7,4,21,19.2,,,,,,,,963.8,,2.1,,0,0,0,0,0,0,0,,,,
KLO,2009,7,4,22,18.2,,,,,,,,963.7,,1.9,,0,0,0,0,0,0,0,,,,
KLO,2009,7,4,23,17.5,,,,,,,,963.4,,0.7,,0,0,0,0,0,0,0,,,,
KLO,2009,7,5,0,16.5,,,,,,,,963.2,,0.8,,0,0,0,0,0,0,0,,,,
KLO,2009,7,5,1,15.6,,,,,,,,963,,0.6,,0,0,0,0,0,0,0,,,,
KLO,2009,7,5,2,15.7,,,,,,,,962.8,,0,,0,0,0,0,0,0,0,,,,
KLO,2009,7,5,3,15.9,,,,,,,,962.7,,0,,1,0,0,0,0,0,0,,,,
KLO,2009,7,5,4,15.5,,,,,,,,962.6,,0,,36,0,0,0,0,0,0,,,,
KLO,2009,7,5,5,16.5,,,,,,,,962.5,,0.7,,116,0,0,0,0,0,0,,,,
KLO,2009,7,5,6,18.1,,,,,,,,962.6,,0.3,,252,0,0,0,0,0,0,,,,
KLO,2009,7,5,7,19.7,,,,,,,,962.8,,0.6,,419,1714.4,69.1,0,0,0,0,,,,
KLO,2009,7,5,8,21.6,,,,,,,,962.5,,1,,598,1364.1,98.7,0,0,0,0,,,,
KLO,2009,7,5,9,23.1,,,,,,,,962.2,,1.1,,714,1140.1,117.8,0,0,0,0,,,,
KLO,2009,7,5,10,24.4,,,,,,,,961.8,,1.1,,886,1114.5,146.2,0,0,0,0,,,,
KLO,2009,7,5,11,25.4,,,,,,,,961.1,,1.4,,882,945.5,145.5,0,0,0,0,,,,
KLO,2009,7,5,12,26.4,,,,,,,,960.6,,2,,905,878.4,149.1,0,0,0,0,,,,
KLO,2009,7,5,13,26.7,,,,,,,,960.3,,3.6,,864,756.6,180.9,0,0,0,0,,,,
KLO,2009,7,5,14,26.9,,,,,,,,960,,4.1,,726,466.1,305.1,0,0,0,0,,,,
KLO,2009,7,5,15,26.5,,,,,,,,959.7,,3.2,,527,163.8,385.9,0,0,0,0,,,,
KLO,2009,7,5,16,25.8,,,,,,,,959.7,,4.4,,385,61,337.4,0,0,0,0,,,,
KLO,2009,7,5,17,24.4,,,,,,,,959.8,,3,,127,2.5,125.3,0,0,0,0,,,,
KLO,2009,7,5,18,21.2,,,,,,,,960.3,,2.3,,11,0,11,0,0,0,0,,,,
KLO,2009,7,5,19,18.1,,,,,,,,961.2,,3.3,,0,0,0,0,0,0,0,,,,
KLO,2009,7,5,20,17,,,,,,,,962.1,,2.5,,0,0,0,0,0,0,0,,,,
KLO,2009,7,5,21,16.3,,,,,,,,961.9,,1.4,,0,0,0,0,0,0,0,,,,
KLO,2009,7,5,22,16.4,,,,,,,,962,,0.9,,0,0,0,0,0,0,0,,,,
KLO,2009,7,5,23,16.4,,,,,,,,962,,0.8,,0,0,0,0,0,0,0,,,,
KLO,2009,7,6,0,16.6,,,,,,,,961.8,,0.8,,0,0,0,0,0,0,0,,,,
KLO,2009,7,6,1,16.7,,,,,,,,961.7,,1.1,,0,0,0,0,0,0,0,,,,
KLO,2009,7,6,2,16.8,,,,,,,,961.6,,1,,0,0,0,0,0,0,0,,,,
KLO,2009,7,6,3,16.9,,,,,,,,961.5,,0.6,,0,0,0,0,0,0,0,,,,
KLO,2009,7,6,4,16.9,,,,,,,,961.6,,0.9,,7,0,0,0,0,0,0,,,,
KLO,2009,7,6,5,17.1,,,,,,,,961.6,,2.1,,47,0,0,0,0,0,0,,,,
KLO,2009,7,6,6,17.8,,,,,,,,962,,2.8,,138,0,0,0,0,0,0,,,,
KLO,2009,7,6,7,18.5,,,,,,,,962.2,,2.7,,197,783.2,38.5,0,0,0,0,,,,
KLO,2009,7,6,8,19,,,,,,,,962.4,,2.5,,295,476.5,121.3,0,0,0,0,,,,
KLO,2009,7,6,9,20.6,,,,,,,,962.3,,3.5,,614,983.1,101.3,0,0,0,0,,,,
KLO,2009,7,6,10,20,,,,,,,,962.4,,3,,278,27.2,260,0,0,0,0,,,,
KLO,2009,7,6,11,20.9,,,,,,,,962.2,,3.3,,459,139.9,350.1,0,0,0,0,,,,
KLO,2009,7,6,12,21.1,,,,,,,,961.7,,2,,635,347.4,336.4,0,0,0,0,,,,
KLO,2009,7,6,13,22.9,,,,,,,,961.2,,3.3,,610,247.8,386.5,0,0,0,0,,,,
KLO,2009,7,6,14,23.7,,,,,,,,960.8,,2.9,,580,201.5,398.1,0,0,0,0,,,,
KLO,2009,7,6,15,24,,,,,,,,960.6,,2.6,,467,95.8,384.6,0,0,0,0,,,,
KLO,2009,7,6,16,23.5,,,,,,,,960.2,,2.4,,270,10.7,261.7,0,0,0,0,,,,
KLO,2009,7,6,17,23.5,,,,,,,,960.1,,2,,252,16.3,241.1,0,0,0,0,,,,
KLO,2009,7,6,18,22.1,,,,,,,,960.3,,1.6,,92,2.1,90.9,0,0,0,0,,,,
KLO,2009,7,6,19,20.5,,,,,,,,960.4,,1,,11,0.1,11,0,0,0,0,,,,
KLO,2009,7,6,20,19.1,,,,,,,,960.9,,1.6,,0,0,0,0,0,0,0,,,,
KLO,2009,7,6,21,17.4,,,,,,,,961.4,,2.1,,0,0,0,0,0,0,0,,,,
KLO,2009,7,6,22,16.8,,,,,,,,961.7,,2.1,,0,0,0,0,0,0,0,,,,
KLO,2009,7,6,23,15.8,,,,,,,,961.9,,0.7,,0,0,0,0,0,0,0,,,,
KLO,2009,7,7,0,14.9,,,,,,,,961.8,,1.2,,0,0,0,0,0,0,0,,,,
KLO,2009,7,7,1,14.1,,,,,,,,961.5,,0.5,,0,0,0,0,0,0,0,,,,
KLO,2009,7,7,2,14.2,,,,,,,,961.4,,1.3,,0,0,0,0,0,0,0,,,,
KLO,2009,7,7,3,14.6,,,,,,,,961,,0.6,,0,0,0,0,0,0,0,,,,
KLO,2009,7,7,4,14.8,,,,,,,,960.9,,0.3,,33,0,0,0,0,0,0,,,,
KLO,2009,7,7,5,16,,,,,,,,961.2,,1.4,,50,0,0,0,0,0,0,,,,
KLO,2009,7,7,6,16.2,,,,,,,,961.7,,4.1,,90,0,0,0,0,0,0,,,,
KLO,2009,7,7,7,15.2,,,,,,,,962,,3.7,,68,9.7,66,0,0,0,0,,,,
KLO,2009,7,7,8,14.6,,,,,,,,962.4,,2.7,,107,6,104.8,0,0,0,0,,,,
KLO,2009,7,7,9,15.3,,,,,,,,962.6,,3,,218,27.1,203.9,0,0,0,0,,,,
KLO,2009,7,7,10,16,,,,,,,,962.4,,1.6,,297,38.4,271.6,0,0,0,0,,,,
KLO,2009,7,7,11,17.4,,,,,,,,961.8,,3.1,,385,62.4,336.5,0,0,0,0,,,,
KLO,2009,7,7,12,17,,,,,,,,961.3,,2.9,,161,2.4,158.9,0,0,0,0,,,,
KLO,2009,7,7,13,18.3,,,,,,,,960.7,,3.3,,502,108.1,404.6,0,0,0,0,,,,
KLO,2009,7,7,14,18.9,,,,,,,,960.2,,3.3,,509,114.8,405.5,0,0,0,0,,,,
KLO,2009,7,7,15,18.4,,,,,,,,959.9,,2.9,,255,6.1,249.7,0,0,0,0,,,,
KLO,2009,7,7,16,16.2,,,,,,,,960.4,,4.2,,157,2.8,154.8,0,0,0,0,,,,
KLO,2009,7,7,17,15.9,,,,,,,,961,,3.5,,293,35,269.8,0,0,0,0,,,,
KLO,2009,7,7,18,14.8,,,,,,,,961.5,,1.7,,39,0.4,38.8,0,0,0,0,,,,
KLO,2009,7,7,19,14,,,,,,,,962.2,,1.2,,7,0,7,0,0,0,0,,,,
KLO,2009,7,7,20,13.2,,,,,,,,962.8,,1.5,,0,0,0,0,0,0,0,,,,
KLO,2009,7,7,21,13.7,,,,,,,,962.9,,1.1,,0,0,0,0,0,0,0,,,,
KLO,2009,7,7,22,12.8,,,,,,,,962.9,,1.2,,0,0,0,0,0,0,0,,,,
KLO,2009,7,7,23,13.7,,,,,,,,962.8,,3.3,,0,0,0,0,0,0,0,,,,
KLO,2009,7,8,0,14,,,,,,,,962.7,,5.6,,0,0,0,0,0,0,0,,,,
KLO,2009,7,8,1,13.4,,,,,,,,962.8,,3.5,,0,0,0,0,0,0,0,,,,
KLO,2009,7,8,2,13.5,,,,,,,,962.9,,5.2,,0,0,0,0,0,0,0,,,,
KLO,2009,7,8,3,12.3,,,,,,,,963.2,,2,,0,0,0,0,0,0,0,,,,
KLO,2009,7,8,4,12.8,,,,,,,,963.3,,4,,15,0,0,0,0,0,0,,,,
KLO,2009,7,8,5,12.7,,,,,,,,963.8,,5.1,,35,0,0,0,0,0,0,,,,
KLO,2009,7,8,6,13,,,,,,,,964.2,,4.6,,97,0,0,0,0,0,0,,,,
KLO,2009,7,8,7,14.1,,,,,,,,964.5,,4.5,,177,633.7,51,0,0,0,0,,,,
KLO,2009,7,8,8,15.3,,,,,,,,964.7,,5.6,,337,714.6,78.9,0,0,0,0,,,,
KLO,2009,7,8,9,16.5,,,,,,,,964.7,,6.3,,551,887.3,90.9,0,0,0,0,,,,
KLO,2009,7,8,10,16.6,,,,,,,,964.9,,5.6,,455,267.5,278.5,0,0,0,0,,,,
KLO,2009,7,8,11,17.5,,,,,,,,964.8,,4.7,,574,349.7,302.8,0,0,0,0,,,,
KLO,2009,7,8,12,19.1,,,,,,,,964.6,,6.4,,931,906.6,153.6,0,0,0,0,,,,
KLO,2009,7,8,13,18.1,,,,,,,,964.6,,6.1,,481,89.1,400.7,0,0,0,0,,,,
KLO,2009,7,8,14,15.7,,,,,,,,965,,4.5,,136,1.6,134.6,0,0,0,0,,,,
KLO,2009,7,8,15,15.6,,,,,,,,965.2,,4.1,,255,6.1,249.7,0,0,0,0,,,,
KLO,2009,7,8,16,16.1,,,,,,,,965.3,,4.3,,219,5.4,214.8,0,0,0,0,,,,
KLO,2009,7,8,17,15.7,,,,,,,,965.8,,3.2,,85,1.1,84.3,0,0,0,0,,,,
KLO,2009,7,8,18,14.8,,,,,,,,966.1,,1.9,,32,0.3,31.9,0,0,0,0,,,,
KLO,2009,7,8,19,14.3,,,,,,,,966.4,,1.8,,14,0.1,14,0,0,0,0,,,,
KLO,2009,7,8,20,14.1,,,,,,,,967.1,,1.8,,0,0,0,0,0,0,0,,,,
KLO,2009,7,8,21,14.1,,,,,,,,967.4,,1.3,,0,0,0,0,0,0,0,,,,
KLO,2009,7,8,22,13.2,,,,,,,,967.7,,1.2,,0,0,0,0,0,0,0,,,,
KLO,2009,7,8,23,13,,,,,,,,967.8,,2.1,,0,0,0,0,0,0,0,,,,
KLO,2009,7,9,0,12.9,,,,,,,,967.3,,1.6,,0,0,0,0,0,0,0,,,,
KLO,2009,7,9,1,12.7,,,,,,,,967,,1.9,,0,0,0,0,0,0,0,,,,
KLO,2009,7,9,2,12.6,,,,,,,,967,,1.3,,0,0,0,0,0,0,0,,,,
KLO,2009,7,9,3,12.4,,,,,,,,966.9,,1.5,,0,0,0,0,0,0,0,,,,
KLO,2009,7,9,4,12.3,,,,,,,,966.9,,1.2,,6,0,0,0,0,0,0,,,,
KLO,2009,7,9,5,12.7,,,,,,,,967,,1.5,,30,0,0,0,0,0,0,,,,
KLO,2009,7,9,6,13.1,,,,,,,,967.2,,2,,73,0,0,0,0,0,0,,,,
KLO,2009,7,9,7,13.6,,,,,,,,967.3,,1.4,,177,649.9,49,0,0,0,0,,,,
KLO,2009,7,9,8,16.1,,,,,,,,967.2,,2.4,,622,1444.8,102.6,0,0,0,0,,,,
KLO,2009,7,9,9,17.4,,,,,,,,967.1,,3.6,,531,855.8,88.6,0,0,0,0,,,,
KLO,2009,7,9,10,15.6,,,,,,,,967.1,,4.2,,256,18.5,243.8,0,0,0,0,,,,
KLO,2009,7,9,11,15.1,,,,,,,,966.9,,3.3,,318,24.4,299.1,0,0,0,0,,,,
KLO,2009,7,9,12,16.7,,,,,,,,966.6,,4.7,,543,190.4,379.9,0,0,0,0,,,,
KLO,2009,7,9,13,16.6,,,,,,,,966.6,,3.6,,167,2.3,164.9,0,0,0,0,,,,
KLO,2009,7,9,14,15.7,,,,,,,,966.5,,3.4,,138,1.6,136.6,0,0,0,0,,,,
KLO,2009,7,9,15,17.1,,,,,,,,966.1,,3.1,,432,67.1,374.4,0,0,0,0,,,,
KLO,2009,7,9,16,17.8,,,,,,,,966,,3.2,,279,12.6,269.2,0,0,0,0,,,,
KLO,2009,7,9,17,12.8,,,,,,,,966.6,,2.9,,42,0.3,41.8,0,0,0,0,,,,
KLO,2009,7,9,18,13.1,,,,,,,,966.3,,1.4,,35,0.3,34.8,0,0,0,0,,,,
KLO,2009,7,9,19,13.2,,,,,,,,966.5,,1.1,,4,0,4,0,0,0,0,,,,
KLO,2009,7,9,20,13.5,,,,,,,,967.2,,1.4,,0,0,0,0,0,0,0,,,,
KLO,2009,7,9,21,13.3,,,,,,,,967.1,,1.5,,0,0,0,0,0,0,0,,,,
KLO,2009,7,9,22,12.8,,,,,,,,967.3,,1.2,,0,0,0,0,0,0,0,,,,
KLO,2009,7,9,23,12.4,,,,,,,,967.3,,1.5,,0,0,0,0,0,0,0,,,,
KLO,2009,7,10,0,12.2,,,,,,,,967.2,,1.4,,0,0,0,0,0,0,0,,,,
KLO,2009,7,10,1,11.8,,,,,,,,967.1,,1.4,,0,0,0,0,0,0,0,,,,
KLO,2009,7,10,2,11.8,,,,,,,,967.1,,0.7,,0,0,0,0,0,0,0,,,,
KLO,2009,7,10,3,11.8,,,,,,,,967.1,,1.7,,0,0,0,0,0,0,0,,,,
KLO,2009,7,10,4,11.6,,,,,,,,967.1,,1.3,,10,0,0,0,0,0,0,,,,
KLO,2009,7,10,5,12.4,,,,,,,,967.3,,0.4,,41,0,0,0,0,0,0,,,,
KLO,2009,7,10,6,13.1,,,,,,,,967.5,,0.5,,155,0,0,0,0,0,0,,,,
KLO,2009,7,10,7,14.4,,,,,,,,967.6,,1.7,,260,1112.8,42.9,0,0,0,0,,,,
KLO,2009,7,10,8,16,,,,,,,,967.6,,2.9,,613,1431,101.1,0,0,0,0,,,,
KLO,2009,7,10,9,16.8,,,,,,,,967.6,,3.9,,515,821.7,91.6,0,0,0,0,,,,
KLO,2009,7,10,10,17.2,,,,,,,,967.5,,4.3,,444,247,281.7,0,0,0,0,,,,
KLO,2009,7,10,11,17.4,,,,,,,,967.3,,3.7,,383,62.3,334.9,0,0,0,0,,,,
KLO,2009,7,10,12,18.7,,,,,,,,967,,4.7,,728,557.8,250.9,0,0,0,0,,,,
KLO,2009,7,10,13,18.7,,,,,,,,967,,4.2,,455,69.2,392.8,0,0,0,0,,,,
KLO,2009,7,10,14,19.6,,,,,,,,966.9,,4.4,,544,155.9,403.8,0,0,0,0,,,,
KLO,2009,7,10,15,19.1,,,,,,,,967,,5,,366,29.6,340.6,0,0,0,0,,,,
KLO,2009,7,10,16,18.4,,,,,,,,967.2,,4.6,,285,14,274.2,0,0,0,0,,,,
KLO,2009,7,10,17,17.7,,,,,,,,967.3,,3.2,,256,18,244.1,0,0,0,0,,,,
KLO,2009,7,10,18,17,,,,,,,,967.4,,2.1,,92,2.1,90.9,0,0,0,0,,,,
KLO,2009,7,10,19,15.7,,,,,,,,967.6,,1.5,,10,0.1,10,0,0,0,0,,,,
KLO,2009,7,10,20,15.4,,,,,,,,968.1,,0.6,,0,0,0,0,0,0,0,,,,
KLO,2009,7,10,21,14.6,,,,,,,,968.3,,0.7,,0,0,0,0,0,0,0,,,,
KLO,2009,7,10,22,14.1,,,,,,,,968.2,,0.7,,0,0,0,0,0,0,0,,,,
KLO,2009,7,10,23,13.7,,,,,,,,968.4,,0.6,,0,0,0,0,0,0,0,,,,
KLO,2009,7,11,0,13.2,,,,,,,,968.7,,1.3,,0,0,0,0,0,0,0,,,,
KLO,2009,7,11,1,12.7,,,,,,,,968.5,,1,,0,0,0,0,0,0,0,,,,
KLO,2009,7,11,2,12.3,,,,,,,,968.4,,0.6,,0,0,0,0,0,0,0,,,,
KLO,2009,7,11,3,12.3,,,,,,,,968.2,,0.4,,0,0,0,0,0,0,0,,,,
KLO,2009,7,11,4,12.5,,,,,,,,968.3,,0.9,,7,0,0,0,0,0,0,,,,
KLO,2009,7,11,5,13.1,,,,,,,,968.4,,0.2,,50,0,0,0,0,0,0,,,,
KLO,2009,7,11,6,13.5,,,,,,,,968.5,,0.1,,56,0,0,0,0,0,0,,,,
KLO,2009,7,11,7,14.6,,,,,,,,968.6,,0.6,,165,564.1,56.1,0,0,0,0,,,,
KLO,2009,7,11,8,15.8,,,,,,,,968.8,,2.1,,339,749.1,72.4,0,0,0,0,,,,
KLO,2009,7,11,9,15.9,,,,,,,,968.9,,3,,294,122.1,231.3,0,0,0,0,,,,
KLO,2009,7,11,10,16.7,,,,,,,,969.1,,3.2,,384,135.4,295.2,0,0,0,0,,,,
KLO,2009,7,11,11,17.7,,,,,,,,969,,3,,590,392.8,286.9,0,0,0,0,,,,
KLO,2009,7,11,12,18.1,,,,,,,,968.7,,3,,528,171,381.9,0,0,0,0,,,,
KLO,2009,7,11,13,19.2,,,,,,,,968.5,,3,,680,380.5,338.5,0,0,0,0,,,,
KLO,2009,7,11,14,19.3,,,,,,,,968.4,,2.6,,611,253.4,383.4,0,0,0,0,,,,
KLO,2009,7,11,15,19.4,,,,,,,,967.9,,1.7,,494,126.1,385.9,0,0,0,0,,,,
KLO,2009,7,11,16,19.6,,,,,,,,967.6,,1.7,,378,57.3,333.5,0,0,0,0,,,,
KLO,2009,7,11,17,19.7,,,,,,,,967.4,,1.7,,294,36.5,269.9,0,0,0,0,,,,
KLO,2009,7,11,18,19.2,,,,,,,,967.3,,0.7,,121,3.7,119.1,0,0,0,0,,,,
KLO,2009,7,11,19,16.3,,,,,,,,967.4,,0.2,,7,0,7,0,0,0,0,,,,
KLO,2009,7,11,20,14.5,,,,,,,,967.9,,0.6,,0,0,0,0,0,0,0,,,,
KLO,2009,7,11,21,13.1,,,,,,,,967.8,,1,,0,0,0,0,0,0,0,,,,
KLO,2009,7,11,22,12.5,,,,,,,,967.4,,2,,0,0,0,0,0,0,0,,,,
KLO,2009,7,11,23,12.5,,,,,,,,967.1,,1.7,,0,0,0,0,0,0,0,,,,
KLO,2009,7,12,0,10.6,,,,,,,,966.7,,0.6,,0,0,0,0,0,0,0,,,,
KLO,2009,7,12,1,9.7,,,,,,,,966.3,,1.3,,0,0,0,0,0,0,0,,,,
KLO,2009,7,12,2,10.1,,,,,,,,966.1,,0.8,,0,0,0,0,0,0,0,,,,
KLO,2009,7,12,3,9.5,,,,,,,,965.9,,0.6,,1,0,0,0,0,0,0,,,,
KLO,2009,7,12,4,10.3,,,,,,,,966.1,,0.9,,12,0,0,0,0,0,0,,,,
KLO,2009,7,12,5,11.5,,,,,,,,966.1,,0.7,,42,0,0,0,0,0,0,,,,
KLO,2009,7,12,6,12.4,,,,,,,,966.2,,0.4,,101,0,0,0,0,0,0,,,,
KLO,2009,7,12,7,13.8,,,,,,,,966.3,,0.6,,158,510.3,60.5,0,0,0,0,,,,
KLO,2009,7,12,8,15.9,,,,,,,,966,,1.2,,252,302.5,144.9,0,0,0,0,,,,
KLO,2009,7,12,9,17,,,,,,,,965.8,,1.1,,292,120.2,230.4,0,0,0,0,,,,
KLO,2009,7,12,10,18.2,,,,,,,,965.4,,0.9,,369,114.5,294.1,0,0,0,0,,,,
KLO,2009,7,12,11,19.8,,,,,,,,965,,1.1,,490,193,341.4,0,0,0,0,,,,
KLO,2009,7,12,12,20.8,,,,,,,,964.4,,1.7,,411,54.3,364.7,0,0,0,0,,,,
KLO,2009,7,12,13,22.1,,,,,,,,964.3,,3.3,,524,134.2,403.7,0,0,0,0,,,,
KLO,2009,7,12,14,22.5,,,,,,,,964.2,,2.9,,352,19.4,334.6,0,0,0,0,,,,
KLO,2009,7,12,15,22.7,,,,,,,,964.1,,1.4,,336,19.4,319.4,0,0,0,0,,,,
KLO,2009,7,12,16,22.3,,,,,,,,964,,1.1,,167,3.2,164.5,0,0,0,0,,,,
KLO,2009,7,12,17,21.5,,,,,,,,964.2,,1.7,,115,2.1,113.6,0,0,0,0,,,,
KLO,2009,7,12,18,20.7,,,,,,,,964.2,,1.7,,23,0.1,22.9,0,0,0,0,,,,
KLO,2009,7,12,19,19.2,,,,,,,,964.5,,1,,4,0,4,0,0,0,0,,,,
KLO,2009,7,12,20,18.6,,,,,,,,965.1,,0.2,,0,0,0,0,0,0,0,,,,
KLO,2009,7,12,21,18.2,,,,,,,,965.2,,1.5,,0,0,0,0,0,0,0,,,,
KLO,2009,7,12,22,16.8,,,,,,,,965.1,,0.9,,0,0,0,0,0,0,0,,,,
KLO,2009,7,12,23,15.8,,,,,,,,965.2,,0.8,,0,0,0,0,0,0,0,,,,
KLO,2009,7,13,0,15.6,,,,,,,,965.2,,0,,0,0,0,0,0,0,0,,,,
KLO,2009,7,13,1,15.5,,,,,,,,965.1,,0.6,,0,0,0,0,0,0,0,,,,
KLO,2009,7,13,2,15.8,,,,,,,,965.2,,1.2,,0,0,0,0,0,0,0,,,,
KLO,2009,7,13,3,16.2,,,,,,,,965.4,,1.3,,0,0,0,0,0,0,0,,,,
KLO,2009,7,13,4,16.2,,,,,,,,965.6,,1.4,,14,0,0,0,0,0,0,,,,
KLO,2009,7,13,5,17.1,,,,,,,,965.5,,1.3,,114,0,0,0,0,0,0,,,,
KLO,2009,7,13,6,18.5,,,,,,,,965.6,,1,,192,0,0,0,0,0,0,,,,
KLO,2009,7,13,7,19.9,,,,,,,,965.8,,0.6,,450,1988.5,74.2,0,0,0,0,,,,
KLO,2009,7,13,8,22,,,,,,,,965.5,,0.7,,573,1359.3,94.5,0,0,0,0,,,,
KLO,2009,7,13,9,23,,,,,,,,965.4,,0.5,,446,602.9,138.4,0,0,0,0,,,,
KLO,2009,7,13,10,23.4,,,,,,,,965.3,,0.9,,282,31.6,261.4,0,0,0,0,,,,
KLO,2009,7,13,11,24.2,,,,,,,,964.9,,1.2,,544,295.3,317,0,0,0,0,,,,
KLO,2009,7,13,12,26.1,,,,,,,,964.3,,1.9,,749,613,226.9,0,0,0,0,,,,
KLO,2009,7,13,13,26.5,,,,,,,,963.9,,1.3,,611,256.9,381.1,0,0,0,0,,,,
KLO,2009,7,13,14,26.9,,,,,,,,963.3,,3,,572,195.6,396.7,0,0,0,0,,,,
KLO,2009,7,13,15,26.5,,,,,,,,962.8,,3.6,,374,33.6,345.3,0,0,0,0,,,,
KLO,2009,7,13,16,26.1,,,,,,,,962.3,,4.5,,294,16.5,281.2,0,0,0,0,,,,
KLO,2009,7,13,17,25.1,,,,,,,,962.1,,4,,177,4.9,173.8,0,0,0,0,,,,
KLO,2009,7,13,18,23.9,,,,,,,,962.3,,2.4,,54,0.7,53.6,0,0,0,0,,,,
KLO,2009,7,13,19,22.5,,,,,,,,962.7,,2,,2,0,2,0,0,0,0,,,,
KLO,2009,7,13,20,20.5,,,,,,,,963,,1.2,,0,0,0,0,0,0,0,,,,
KLO,2009,7,13,21,19.7,,,,,,,,962.9,,0.9,,0,0,0,0,0,0,0,,,,
KLO,2009,7,13,22,18.5,,,,,,,,962.2,,0,,0,0,0,0,0,0,0,,,,
KLO,2009,7,13,23,16.9,,,,,,,,961.8,,0.4,,0,0,0,0,0,0,0,,,,
KLO,2009,7,14,0,16.8,,,,,,,,962.3,,1.1,,0,0,0,0,0,0,0,,,,
KLO,2009,7,14,1,17.4,,,,,,,,962.4,,1.7,,0,0,0,0,0,0,0,,,,
KLO,2009,7,14,2,17.8,,,,,,,,962.8,,0.9,,0,0,0,0,0,0,0,,,,
KLO,2009,7,14,3,17.2,,,,,,,,963.5,,0.2,,0,0,0,0,0,0,0,,,,
KLO,2009,7,14,4,17.6,,,,,,,,965,,1.9,,10,0,0,0,0,0,0,,,,
KLO,2009,7,14,5,18.5,,,,,,,,965.8,,0.7,,37,0,0,0,0,0,0,,,,
KLO,2009,7,14,6,20.6,,,,,,,,966.2,,0.9,,127,0,0,0,0,0,0,,,,
KLO,2009,7,14,7,21.5,,,,,,,,966.5,,2.2,,259,1157.7,42.7,0,0,0,0,,,,
KLO,2009,7,14,8,22.8,,,,,,,,966.5,,3.3,,560,1336.1,92.4,0,0,0,0,,,,
KLO,2009,7,14,9,23.6,,,,,,,,966,,3,,449,620.4,133.6,0,0,0,0,,,,
KLO,2009,7,14,10,23.4,,,,,,,,965.5,,2.1,,220,9.6,213.7,0,0,0,0,,,,
KLO,2009,7,14,11,25.4,,,,,,,,964.9,,1.4,,739,766.3,151,0,0,0,0,,,,
KLO,2009,7,14,12,26.9,,,,,,,,964.4,,1.3,,856,831.2,149.2,0,0,0,0,,,,
KLO,2009,7,14,13,26.9,,,,,,,,964.2,,2.8,,458,73.1,392.7,0,0,0,0,,,,
KLO,2009,7,14,14,26.7,,,,,,,,964,,2.9,,337,15.8,322.9,0,0,0,0,,,,
KLO,2009,7,14,15,26.6,,,,,,,,963.9,,3.3,,327,17.2,312.3,0,0,0,0,,,,
KLO,2009,7,14,16,26.4,,,,,,,,963.5,,3.5,,246,7.6,240.1,0,0,0,0,,,,
KLO,2009,7,14,17,26.1,,,,,,,,963.4,,3.8,,247,15.6,236.7,0,0,0,0,,,,
KLO,2009,7,14,18,25,,,,,,,,963.4,,1.7,,69,1.2,68.4,0,0,0,0,,,,
KLO,2009,7,14,19,21.8,,,,,,,,962.7,,1.2,,4,0,4,0,0,0,0,,,,
KLO,2009,7,14,20,21.7,,,,,,,,964.2,,4.6,,0,0,0,0,0,0,0,,,,
KLO,2009,7,14,21,20.3,,,,,,,,964.9,,5.1,,0,0,0,0,0,0,0,,,,
KLO,2009,7,14,22,20.3,,,,,,,,966.5,,5.2,,0,0,0,0,0,0,0,,,,
KLO,2009,7,14,23,19.7,,,,,,,,966.3,,2.6,,0,0,0,0,0,0,0,,,,
KLO,2009,7,15,0,18.9,,,,,,,,966.7,,2,,0,0,0,0,0,0,0,,,,
KLO,2009,7,15,1,18.5,,,,,,,,968.1,,5,,0,0,0,0,0,0,0,,,,
KLO,2009,7,15,2,17.8,,,,,,,,968.3,,2.2,,0,0,0,0,0,0,0,,,,
KLO,2009,7,15,3,17.9,,,,,,,,968.3,,2.5,,0,0,0,0,0,0,0,,,,
KLO,2009,7,15,4,17.6,,,,,,,,969.3,,2.9,,0,0,0,0,0,0,0,,,,
KLO,2009,7,15,5,17,,,,,,,,970.1,,1.2,,6,0,0,0,0,0,0,,,,
KLO,2009,7,15,6,16.9,,,,,,,,970.3,,1.3,,8,0,0,0,0,0,0,,,,
KLO,2009,7,15,7,17.2,,,,,,,,970.3,,1.8,,22,1,21.8,0,0,0,0,,,,
KLO,2009,7,15,8,17.8,,,,,,,,970.5,,1.1,,82,3.8,80.7,0,0,0,0,,,,
KLO,2009,7,15,9,18.5,,,,,,,,970.3,,0.9,,201,20.5,190.6,0,0,0,0,,,,
KLO,2009,7,15,10,19.7,,,,,,,,970.4,,0.6,,362,108.5,291.6,0,0,0,0,,,,
KLO,2009,7,15,11,21.3,,,,,,,,970.4,,2.3,,731,751.9,155.2,0,0,0,0,,,,
KLO,2009,7,15,12,22.4,,,,,,,,970.3,,2.6,,790,709.6,187.5,0,0,0,0,,,,
KLO,2009,7,15,13,23.5,,,,,,,,970.1,,2.5,,732,496.6,288.7,0,0,0,0,,,,
KLO,2009,7,15,14,24.3,,,,,,,,969.9,,2.3,,619,271.6,376.2,0,0,0,0,,,,
KLO,2009,7,15,15,24.7,,,,,,,,970,,3,,631,349,333.4,0,0,0,0,,,,
KLO,2009,7,15,16,24.8,,,,,,,,970,,2.3,,420,97,345.2,0,0,0,0,,,,
KLO,2009,7,15,17,24.3,,,,,,,,970,,1.9,,232,11.7,224.3,0,0,0,0,,,,
KLO,2009,7,15,18,23.3,,,,,,,,970.3,,2.1,,95,2.3,93.8,0,0,0,0,,,,
KLO,2009,7,15,19,21.5,,,,,,,,970.7,,1.2,,7,0,7,0,0,0,0,,,,
KLO,2009,7,15,20,20.6,,,,,,,,971.2,,1.2,,0,0,0,0,0,0,0,,,,
KLO,2009,7,15,21,19.8,,,,,,,,971.5,,1,,0,0,0,0,0,0,0,,,,
KLO,2009,7,15,22,18.6,,,,,,,,971.8,,1.4,,0,0,0,0,0,0,0,,,,
KLO,2009,7,15,23,18.3,,,,,,,,972,,1.1,,0,0,0,0,0,0,0,,,,
KLO,2009,7,16,0,18.1,,,,,,,,972.3,,0.6,,0,0,0,0,0,0,0,,,,
KLO,2009,7,16,1,17.8,,,,,,,,972.3,,0.5,,0,0,0,0,0,0,0,,,,
KLO,2009,7,16,2,17.3,,,,,,,,972.4,,0.6,,0,0,0,0,0,0,0,,,,
KLO,2009,7,16,3,17.3,,,,,,,,972.7,,0.2,,0,0,0,0,0,0,0,,,,
KLO,2009,7,16,4,17.5,,,,,,,,972.8,,0.8,,13,0,0,0,0,0,0,,,,
KLO,2009,7,16,5,18.5,,,,,,,,972.8,,0.7,,51,0,0,0,0,0,0,,,,
KLO,2009,7,16,6,19.1,,,,,,,,973,,1.7,,108,0,0,0,0,0,0,,,,
KLO,2009,7,16,7,19.9,,,,,,,,973.1,,1.7,,133,331.1,72.6,0,0,0,0,,,,
KLO,2009,7,16,8,21,,,,,,,,973,,1.5,,309,640.1,87.7,0,0,0,0,,,,
KLO,2009,7,16,9,22.5,,,,,,,,972.6,,1.5,,624,1032.8,103,0,0,0,0,,,,
KLO,2009,7,16,10,24.2,,,,,,,,972.1,,1.3,,856,1104.2,141.2,0,0,0,0,,,,
KLO,2009,7,16,11,25.9,,,,,,,,971.6,,0.8,,895,977.8,147.7,0,0,0,0,,,,
KLO,2009,7,16,12,27.2,,,,,,,,971,,1.4,,890,877.2,146.5,0,0,0,0,,,,
KLO,2009,7,16,13,27.6,,,,,,,,970.5,,1.7,,751,540.3,269.4,0,0,0,0,,,,
KLO,2009,7,16,14,28.5,,,,,,,,970,,1,,728,487.7,292.6,0,0,0,0,,,,
KLO,2009,7,16,15,28.6,,,,,,,,969.4,,1.5,,611,311.3,346,0,0,0,0,,,,
KLO,2009,7,16,16,28.5,,,,,,,,968.8,,1.3,,419,96.6,344.6,0,0,0,0,,,,
KLO,2009,7,16,17,28.3,,,,,,,,968.4,,1.5,,267,23.4,251.7,0,0,0,0,,,,
KLO,2009,7,16,18,27,,,,,,,,967.9,,2.3,,107,3,105.5,0,0,0,0,,,,
KLO,2009,7,16,19,25.3,,,,,,,,967.3,,2.1,,11,0.1,11,0,0,0,0,,,,
KLO,2009,7,16,20,23.6,,,,,,,,966.5,,0.7,,0,0,0,0,0,0,0,,,,
KLO,2009,7,16,21,21.4,,,,,,,,966.1,,1.1,,0,0,0,0,0,0,0,,,,
KLO,2009,7,16,22,19.5,,,,,,,,965.3,,1.6,,0,0,0,0,0,0,0,,,,
KLO,2009,7,16,23,18.6,,,,,,,,964.3,,1.4,,0,0,0,0,0,0,0,,,,
KLO,2009,7,17,0,18.9,,,,,,,,963.4,,1.5,,0,0,0,0,0,0,0,,,,
KLO,2009,7,17,1,19.1,,,,,,,,963.6,,2,,0,0,0,0,0,0,0,,,,
KLO,2009,7,17,2,20.3,,,,,,,,964.9,,4.5,,1,0,0,0,0,0,0,,,,
KLO,2009,7,17,3,19.5,,,,,,,,965.6,,1.9,,0,0,0,0,0,0,0,,,,
KLO,2009,7,17,4,18.2,,,,,,,,966.3,,1.5,,3,0,0,0,0,0,0,,,,
KLO,2009,7,17,5,17.8,,,,,,,,966.8,,1.9,,9,0,0,0,0,0,0,,,,
KLO,2009,7,17,6,17.8,,,,,,,,966.5,,2.4,,34,0,0,0,0,0,0,,,,
KLO,2009,7,17,7,18.3,,,,,,,,966.3,,1.5,,32,2.2,31.6,0,0,0,0,,,,
KLO,2009,7,17,8,18.5,,,,,,,,966,,1.4,,79,3.6,77.8,0,0,0,0,,,,
KLO,2009,7,17,9,18.4,,,,,,,,965.5,,2.8,,68,1.2,67.4,0,0,0,0,,,,
KLO,2009,7,17,10,18.1,,,,,,,,964.8,,3.5,,77,1,76.4,0,0,0,0,,,,
KLO,2009,7,17,11,19.5,,,,,,,,964,,4.2,,418,100.1,341.7,0,0,0,0,,,,
KLO,2009,7,17,12,20.6,,,,,,,,962.8,,2.5,,412,57.1,363.7,0,0,0,0,,,,
KLO,2009,7,17,13,20.6,,,,,,,,961.9,,0.8,,348,19,331.1,0,0,0,0,,,,
KLO,2009,7,17,14,18.9,,,,,,,,960.9,,4.3,,220,4.1,216.3,0,0,0,0,,,,
KLO,2009,7,17,15,15.7,,,,,,,,961.1,,7.3,,35,0.1,34.9,0,0,0,0,,,,
KLO,2009,7,17,16,13.7,,,,,,,,962.9,,6.1,,21,0.1,21,0,0,0,0,,,,
KLO,2009,7,17,17,13.4,,,,,,,,963.8,,2.1,,11,0,11,0,0,0,0,,,,
KLO,2009,7,17,18,12.9,,,,,,,,964.1,,1.7,,6,0,6,0,0,0,0,,,,
KLO,2009,7,17,19,13.1,,,,,,,,965,,2.2,,0,0,0,0,0,0,0,,,,
KLO,2009,7,17,20,12.8,,,,,,,,965,,0.6,,0,0,0,0,0,0,0,,,,
KLO,2009,7,17,21,12.9,,,,,,,,964.6,,2,,0,0,0,0,0,0,0,,,,
KLO,2009,7,17,22,12.7,,,,,,,,964.7,,3.5,,0,0,0,0,0,0,0,,,,
KLO,2009,7,17,23,12.2,,,,,,,,965.3,,3.6,,0,0,0,0,0,0,0,,,,
KLO,2009,7,18,0,11.8,,,,,,,,965.3,,2.2,,0,0,0,0,0,0,0,,,,
KLO,2009,7,18,1,11.7,,,,,,,,965.1,,2.4,,0,0,0,0,0,0,0,,,,
KLO,2009,7,18,2,11.5,,,,,,,,965.1,,2.6,,0,0,0,0,0,0,0,,,,
KLO,2009,7,18,3,11.3,,,,,,,,964.9,,2.4,,0,0,0,0,0,0,0,,,,
KLO,2009,7,18,4,11.3,,,,,,,,964.9,,2.2,,4,0,0,0,0,0,0,,,,
KLO,2009,7,18,5,11.7,,,,,,,,964.2,,4,,32,0,0,0,0,0,0,,,,
KLO,2009,7,18,6,12.1,,,,,,,,964.9,,2.6,,46,0,0,0,0,0,0,,,,
KLO,2009,7,18,7,11.5,,,,,,,,965,,3.8,,53,6.2,51.9,0,0,0,0,,,,
KLO,2009,7,18,8,12.4,,,,,,,,964.8,,4,,195,120.7,153.8,0,0,0,0,,,,
KLO,2009,7,18,9,12.6,,,,,,,,965.4,,4.3,,98,2.6,96.7,0,0,0,0,,,,
KLO,2009,7,18,10,12.8,,,,,,,,966,,3.6,,77,1,76.4,0,0,0,0,,,,
KLO,2009,7,18,11,13.2,,,,,,,,966.5,,4.6,,142,2.4,140.2,0,0,0,0,,,,
KLO,2009,7,18,12,13.8,,,,,,,,966.9,,4.3,,284,9.4,276,0,0,0,0,,,,
KLO,2009,7,18,13,15.8,,,,,,,,967,,6,,659,351.4,346.7,0,0,0,0,,,,
KLO,2009,7,18,14,15.9,,,,,,,,967.3,,5.7,,404,40.3,368.1,0,0,0,0,,,,
KLO,2009,7,18,15,16.1,,,,,,,,967.6,,4.7,,268,7.4,261.7,0,0,0,0,,,,
KLO,2009,7,18,16,16.6,,,,,,,,967.6,,4.6,,401,79.9,339.7,0,0,0,0,,,,
KLO,2009,7,18,17,16.1,,,,,,,,967.9,,4.6,,195,6.3,190.9,0,0,0,0,,,,
KLO,2009,7,18,18,14.9,,,,,,,,968.3,,2.8,,96,2.4,94.8,0,0,0,0,,,,
KLO,2009,7,18,19,13.6,,,,,,,,968.7,,2.5,,9,0,9,0,0,0,0,,,,
KLO,2009,7,18,20,12.3,,,,,,,,969.1,,1.7,,0,0,0,0,0,0,0,,,,
KLO,2009,7,18,21,12.8,,,,,,,,969.4,,2,,0,0,0,0,0,0,0,,,,
KLO,2009,7,18,22,12.2,,,,,,,,969.6,,1.5,,0,0,0,0,0,0,0,,,,
KLO,2009,7,18,23,12.6,,,,,,,,969.5,,2.7,,0,0,0,0,0,0,0,,,,
KLO,2009,7,19,0,11.4,,,,,,,,969.2,,1.7,,0,0,0,0,0,0,0,,,,
KLO,2009,7,19,1,12.3,,,,,,,,968.8,,2.4,,0,0,0,0,0,0,0,,,,
KLO,2009,7,19,2,12.4,,,,,,,,968.6,,2.3,,0,0,0,0,0,0,0,,,,
KLO,2009,7,19,3,12.2,,,,,,,,968.4,,1.8,,0,0,0,0,0,0,0,,,,
KLO,2009,7,19,4,12.6,,,,,,,,968.7,,2.1,,4,0,0,0,0,0,0,,,,
KLO,2009,7,19,5,12.3,,,,,,,,969,,2.9,,28,0,0,0,0,0,0,,,,
KLO,2009,7,19,6,13.2,,,,,,,,969.5,,4.6,,95,0,0,0,0,0,0,,,,
KLO,2009,7,19,7,14.4,,,,,,,,969.7,,4.3,,203,967.8,33.5,0,0,0,0,,,,
KLO,2009,7,19,8,15.7,,,,,,,,969.6,,3.9,,348,854.3,58.2,0,0,0,0,,,,
KLO,2009,7,19,9,15.7,,,,,,,,969.7,,3.5,,236,49.7,211.2,0,0,0,0,,,,
KLO,2009,7,19,10,15.8,,,,,,,,970.1,,3.7,,287,37.4,263,0,0,0,0,,,,
KLO,2009,7,19,11,17.6,,,,,,,,969.9,,4.1,,536,292,314.2,0,0,0,0,,,,
KLO,2009,7,19,12,19.2,,,,,,,,969.5,,3.8,,730,585.7,236.2,0,0,0,0,,,,
KLO,2009,7,19,13,20.8,,,,,,,,969.1,,3.9,,822,701.9,199.3,0,0,0,0,,,,
KLO,2009,7,19,14,21.1,,,,,,,,969,,5.1,,766,578,252.3,0,0,0,0,,,,
KLO,2009,7,19,15,20.8,,,,,,,,969.1,,4.5,,625,344.3,333.2,0,0,0,0,,,,
KLO,2009,7,19,16,20.4,,,,,,,,969.1,,5.2,,459,148.9,344.9,0,0,0,0,,,,
KLO,2009,7,19,17,19.6,,,,,,,,969.4,,4.6,,281,31.3,260.6,0,0,0,0,,,,
KLO,2009,7,19,18,18.1,,,,,,,,969.9,,3.7,,110,3.2,108.4,0,0,0,0,,,,
KLO,2009,7,19,19,16,,,,,,,,970.2,,1.3,,10,0.1,10,0,0,0,0,,,,
KLO,2009,7,19,20,15.3,,,,,,,,970.7,,1.4,,0,0,0,0,0,0,0,,,,
KLO,2009,7,19,21,15.3,,,,,,,,970.8,,1.2,,0,0,0,0,0,0,0,,,,
KLO,2009,7,19,22,14.1,,,,,,,,971,,0.5,,0,0,0,0,0,0,0,,,,
KLO,2009,7,19,23,13.6,,,,,,,,971.1,,0.3,,0,0,0,0,0,0,0,,,,
KLO,2009,7,20,0,13.8,,,,,,,,971.1,,0.1,,0,0,0,0,0,0,0,,,,
KLO,2009,7,20,1,13.4,,,,,,,,970.9,,0.6,,0,0,0,0,0,0,0,,,,
KLO,2009,7,20,2,13.3,,,,,,,,970.7,,0.3,,0,0,0,0,0,0,0,,,,
KLO,2009,7,20,3,13,,,,,,,,970.9,,0.2,,0,0,0,0,0,0,0,,,,
KLO,2009,7,20,4,12.5,,,,,,,,970.7,,1,,15,0,0,0,0,0,0,,,,
KLO,2009,7,20,5,14.2,,,,,,,,970.8,,1.1,,128,0,0,0,0,0,0,,,,
KLO,2009,7,20,6,16.6,,,,,,,,970.7,,1.3,,241,0,0,0,0,0,0,,,,
KLO,2009,7,20,7,18.5,,,,,,,,970.8,,2.9,,433,2094,71.4,0,0,0,0,,,,
KLO,2009,7,20,8,19.7,,,,,,,,970.9,,3.2,,643,1593.8,106.1,0,0,0,0,,,,
KLO,2009,7,20,9,20.8,,,,,,,,970.9,,2.8,,789,1327.3,130.2,0,0,0,0,,,,
KLO,2009,7,20,10,21.9,,,,,,,,970.6,,3.1,,825,1076.5,136.1,0,0,0,0,,,,
KLO,2009,7,20,11,22.2,,,,,,,,970.4,,3.4,,861,948.9,142.1,0,0,0,0,,,,
KLO,2009,7,20,12,23.2,,,,,,,,970.2,,3.5,,841,821.2,150,0,0,0,0,,,,
KLO,2009,7,20,13,23.4,,,,,,,,969.9,,3.3,,833,727,189.1,0,0,0,0,,,,
KLO,2009,7,20,14,23.8,,,,,,,,969.5,,2.7,,692,419.9,319.4,0,0,0,0,,,,
KLO,2009,7,20,15,24,,,,,,,,969,,2.6,,606,308.8,344.8,0,0,0,0,,,,
KLO,2009,7,20,16,23.8,,,,,,,,968.7,,2,,440,124.6,344.7,0,0,0,0,,,,
KLO,2009,7,20,17,23.3,,,,,,,,968.4,,1.7,,266,24,250.4,0,0,0,0,,,,
KLO,2009,7,20,18,22.2,,,,,,,,968.4,,1.8,,103,2.8,101.6,0,0,0,0,,,,
KLO,2009,7,20,19,19.7,,,,,,,,968.5,,1.3,,8,0,8,0,0,0,0,,,,
KLO,2009,7,20,20,17.2,,,,,,,,968.8,,0.7,,0,0,0,0,0,0,0,,,,
KLO,2009,7,20,21,16.3,,,,,,,,968.8,,0.1,,0,0,0,0,0,0,0,,,,
KLO,2009,7,20,22,15,,,,,,,,968.9,,0.1,,0,0,0,0,0,0,0,,,,
KLO,2009,7,20,23,13.8,,,,,,,,968.9,,0.8,,0,0,0,0,0,0,0,,,,
KLO,2009,7,21,0,13.7,,,,,,,,968.5,,0.7,,0,0,0,0,0,0,0,,,,
KLO,2009,7,21,1,13.5,,,,,,,,968,,0.4,,0,0,0,0,0,0,0,,,,
KLO,2009,7,21,2,12.7,,,,,,,,967.8,,1,,0,0,0,0,0,0,0,,,,
KLO,2009,7,21,3,12,,,,,,,,967.7,,1.5,,0,0,0,0,0,0,0,,,,
KLO,2009,7,21,4,12.4,,,,,,,,967.6,,1.3,,15,0,0,0,0,0,0,,,,
KLO,2009,7,21,5,13.7,,,,,,,,967.6,,0,,119,0,0,0,0,0,0,,,,
KLO,2009,7,21,6,16.3,,,,,,,,968,,0,,286,0,0,0,0,0,0,,,,
KLO,2009,7,21,7,19.1,,,,,,,,967.8,,1.1,,456,2238.1,75.2,0,0,0,0,,,,
KLO,2009,7,21,8,21.6,,,,,,,,967.5,,0.9,,611,1525.1,100.8,0,0,0,0,,,,
KLO,2009,7,21,9,24,,,,,,,,967.1,,1.6,,749,1265.4,123.6,0,0,0,0,,,,
KLO,2009,7,21,10,25.3,,,,,,,,966.7,,0.9,,844,1104.7,139.3,0,0,0,0,,,,
KLO,2009,7,21,11,26.8,,,,,,,,966.3,,1.9,,800,883.7,132,0,0,0,0,,,,
KLO,2009,7,21,12,28.5,,,,,,,,965.7,,1.9,,873,868,144,0,0,0,0,,,,
KLO,2009,7,21,13,29.4,,,,,,,,965.3,,2.3,,833,729.8,187.8,0,0,0,0,,,,
KLO,2009,7,21,14,29.9,,,,,,,,964.9,,4.1,,735,514.8,279,0,0,0,0,,,,
KLO,2009,7,21,15,30,,,,,,,,964.5,,3.8,,618,334.4,335.6,0,0,0,0,,,,
KLO,2009,7,21,16,29.5,,,,,,,,964.4,,3.7,,431,114.5,343.6,0,0,0,0,,,,
KLO,2009,7,21,17,28.5,,,,,,,,963.8,,3,,259,21.3,245.2,0,0,0,0,,,,
KLO,2009,7,21,18,27.6,,,,,,,,963.6,,0.7,,91,2.2,89.9,0,0,0,0,,,,
KLO,2009,7,21,19,23.8,,,,,,,,963.5,,0.7,,6,0,6,0,0,0,0,,,,
KLO,2009,7,21,20,20.6,,,,,,,,963.7,,0.7,,0,0,0,0,0,0,0,,,,
KLO,2009,7,21,21,19.4,,,,,,,,963.6,,0.3,,0,0,0,0,0,0,0,,,,
KLO,2009,7,21,22,18.1,,,,,,,,963.3,,0.4,,0,0,0,0,0,0,0,,,,
KLO,2009,7,21,23,16.9,,,,,,,,962.9,,0.9,,0,0,0,0,0,0,0,,,,
KLO,2009,7,22,0,16.4,,,,,,,,962.8,,0.8,,0,0,0,0,0,0,0,,,,
KLO,2009,7,22,1,15.4,,,,,,,,962.7,,1,,0,0,0,0,0,0,0,,,,
KLO,2009,7,22,2,15.3,,,,,,,,962.7,,1.1,,0,0,0,0,0,0,0,,,,
KLO,2009,7,22,3,16.3,,,,,,,,962.6,,2.5,,0,0,0,0,0,0,0,,,,
KLO,2009,7,22,4,17.7,,,,,,,,962.4,,2.7,,22,0,0,0,0,0,0,,,,
KLO,2009,7,22,5,18.8,,,,,,,,963,,1.2,,32,0,0,0,0,0,0,,,,
KLO,2009,7,22,6,19.2,,,,,,,,964.3,,1.6,,111,0,0,0,0,0,0,,,,
KLO,2009,7,22,7,20.2,,,,,,,,965.1,,2.9,,138,502.7,53.8,0,0,0,0,,,,
KLO,2009,7,22,8,19.8,,,,,,,,965.7,,1.4,,175,83.1,147.4,0,0,0,0,,,,
KLO,2009,7,22,9,19.4,,,,,,,,966.8,,1.7,,186,16.1,178.1,0,0,0,0,,,,
KLO,2009,7,22,10,21,,,,,,,,966.4,,1.1,,291,41.9,264.4,0,0,0,0,,,,
KLO,2009,7,22,11,22.7,,,,,,,,966.1,,1.5,,465,168.6,337.9,0,0,0,0,,,,
KLO,2009,7,22,12,24.2,,,,,,,,964.4,,3,,482,124.2,377.9,0,0,0,0,,,,
KLO,2009,7,22,13,25,,,,,,,,963.4,,4.4,,442,65.3,384.4,0,0,0,0,,,,
KLO,2009,7,22,14,25.2,,,,,,,,962.9,,2.8,,353,21.1,334.4,0,0,0,0,,,,
KLO,2009,7,22,15,25.5,,,,,,,,961.5,,2.1,,343,23.2,323.5,0,0,0,0,,,,
KLO,2009,7,22,16,25.2,,,,,,,,960.7,,1.5,,189,4.2,185.8,0,0,0,0,,,,
KLO,2009,7,22,17,24,,,,,,,,960.5,,2.5,,115,2.2,113.6,0,0,0,0,,,,
KLO,2009,7,22,18,22.5,,,,,,,,960,,1.4,,68,1.2,67.4,0,0,0,0,,,,
KLO,2009,7,22,19,20.5,,,,,,,,959.6,,1.3,,3,0,3,0,0,0,0,,,,
KLO,2009,7,22,20,19.3,,,,,,,,959.9,,1.9,,0,0,0,0,0,0,0,,,,
KLO,2009,7,22,21,19.5,,,,,,,,959.4,,1.6,,0,0,0,0,0,0,0,,,,
KLO,2009,7,22,22,18.7,,,,,,,,959.7,,1.8,,0,0,0,0,0,0,0,,,,
KLO,2009,7,22,23,18.4,,,,,,,,959.5,,1.3,,0,0,0,0,0,0,0,,,,
KLO,2009,7,23,0,18.2,,,,,,,,958.6,,1.9,,0,0,0,0,0,0,0,,,,
KLO,2009,7,23,1,17.6,,,,,,,,958,,1.1,,0,0,0,0,0,0,0,,,,
KLO,2009,7,23,2,17.5,,,,,,,,957.8,,2.1,,0,0,0,0,0,0,0,,,,
KLO,2009,7,23,3,17.8,,,,,,,,957.7,,1.6,,0,0,0,0,0,0,0,,,,
KLO,2009,7,23,4,17.5,,,,,,,,957.4,,1.1,,15,0,0,0,0,0,0,,,,
KLO,2009,7,23,5,18.6,,,,,,,,956.6,,0.7,,77,0,0,0,0,0,0,,,,
KLO,2009,7,23,6,21.3,,,,,,,,956.4,,1.6,,303,0,0,0,0,0,0,,,,
KLO,2009,7,23,7,23.3,,,,,,,,956.8,,2.6,,412,2086.2,68,0,0,0,0,,,,
KLO,2009,7,23,8,25.6,,,,,,,,957.8,,3,,603,1527.2,99.5,0,0,0,0,,,,
KLO,2009,7,23,9,27.1,,,,,,,,958.4,,2.7,,658,1121.7,108.6,0,0,0,0,,,,
KLO,2009,7,23,10,27.4,,,,,,,,958.3,,4.1,,617,781.9,121.3,0,0,0,0,,,,
KLO,2009,7,23,11,27.1,,,,,,,,959,,5,,488,208.5,331.2,0,0,0,0,,,,
KLO,2009,7,23,12,25.8,,,,,,,,960.1,,6.2,,351,27.1,328.4,0,0,0,0,,,,
KLO,2009,7,23,13,23.8,,,,,,,,960.1,,3.8,,334,16.3,319.7,0,0,0,0,,,,
KLO,2009,7,23,14,21.3,,,,,,,,959.9,,2.3,,97,0.8,96.3,0,0,0,0,,,,
KLO,2009,7,23,15,19.1,,,,,,,,960.6,,3.5,,43,0.2,42.9,0,0,0,0,,,,
KLO,2009,7,23,16,18.2,,,,,,,,962.4,,3.2,,7,0,7,0,0,0,0,,,,
KLO,2009,7,23,17,17.9,,,,,,,,963,,3.1,,56,0.5,55.7,0,0,0,0,,,,
KLO,2009,7,23,18,17.7,,,,,,,,964,,3.2,,29,0.2,28.9,0,0,0,0,,,,
KLO,2009,7,23,19,17.2,,,,,,,,964.8,,2.7,,3,0,3,0,0,0,0,,,,
KLO,2009,7,23,20,17.1,,,,,,,,965.8,,1.6,,0,0,0,0,0,0,0,,,,
KLO,2009,7,23,21,17.1,,,,,,,,965.9,,1.1,,0,0,0,0,0,0,0,,,,
KLO,2009,7,23,22,16.9,,,,,,,,966.5,,1.8,,0,0,0,0,0,0,0,,,,
KLO,2009,7,23,23,16.3,,,,,,,,967,,2,,0,0,0,0,0,0,0,,,,
KLO,2009,7,24,0,15.7,,,,,,,,967.1,,0.8,,0,0,0,0,0,0,0,,,,
KLO,2009,7,24,1,15.6,,,,,,,,967.1,,0.3,,0,0,0,0,0,0,0,,,,
KLO,2009,7,24,2,14.5,,,,,,,,967.1,,1.4,,0,0,0,0,0,0,0,,,,
KLO,2009,7,24,3,14,,,,,,,,967.1,,1.6,,0,0,0,0,0,0,0,,,,
KLO,2009,7,24,4,13.7,,,,,,,,967.4,,1.3,,17,0,0,0,0,0,0,,,,
KLO,2009,7,24,5,15.6,,,,,,,,967.4,,0.8,,130,0,0,0,0,0,0,,,,
KLO,2009,7,24,6,17.9,,,,,,,,967.3,,0.8,,303,0,0,0,0,0,0,,,,
KLO,2009,7,24,7,19.5,,,,,,,,967.3,,1.2,,388,1997.1,64,0,0,0,0,,,,
KLO,2009,7,24,8,20,,,,,,,,967.3,,1.5,,571,1457.1,94.2,0,0,0,0,,,,
KLO,2009,7,24,9,20.9,,,,,,,,967.2,,1.2,,701,1200.6,115.7,0,0,0,0,,,,
KLO,2009,7,24,10,21.8,,,,,,,,966.9,,0.9,,811,1071.7,133.8,0,0,0,0,,,,
KLO,2009,7,24,11,22.3,,,,,,,,966.5,,1.4,,532,296.5,309.5,0,0,0,0,,,,
KLO,2009,7,24,12,23,,,,,,,,966.2,,2.5,,568,252.7,357.1,0,0,0,0,,,,
KLO,2009,7,24,13,22.8,,,,,,,,966.1,,3.3,,495,112.8,395.9,0,0,0,0,,,,
KLO,2009,7,24,14,21.1,,,,,,,,966.4,,4.1,,154,2.1,152.2,0,0,0,0,,,,
KLO,2009,7,24,15,19.5,,,,,,,,966.6,,5,,101,1,100.2,0,0,0,0,,,,
KLO,2009,7,24,16,18.7,,,,,,,,966.4,,3.4,,77,0.7,76.5,0,0,0,0,,,,
KLO,2009,7,24,17,16.8,,,,,,,,967.4,,2.6,,15,0,15,0,0,0,0,,,,
KLO,2009,7,24,18,16.6,,,,,,,,968.1,,2.2,,53,0.8,52.6,0,0,0,0,,,,
KLO,2009,7,24,19,16.8,,,,,,,,968.9,,2,,0,0,0,0,0,0,0,,,,
KLO,2009,7,24,20,15.3,,,,,,,,970.5,,4,,0,0,0,0,0,0,0,,,,
KLO,2009,7,24,21,14.3,,,,,,,,971.1,,2,,0,0,0,0,0,0,0,,,,
KLO,2009,7,24,22,14.5,,,,,,,,971.6,,2.1,,0,0,0,0,0,0,0,,,,
KLO,2009,7,24,23,14.3,,,,,,,,971.9,,0.9,,0,0,0,0,0,0,0,,,,
KLO,2009,7,25,0,12.8,,,,,,,,972,,0.9,,0,0,0,0,0,0,0,,,,
KLO,2009,7,25,1,12.8,,,,,,,,972.2,,0.8,,0,0,0,0,0,0,0,,,,
KLO,2009,7,25,2,13.1,,,,,,,,972.5,,0.5,,0,0,0,0,0,0,0,,,,
KLO,2009,7,25,3,12.9,,,,,,,,972.7,,0.6,,0,0,0,0,0,0,0,,,,
KLO,2009,7,25,4,12.5,,,,,,,,973.1,,1.2,,12,0,0,0,0,0,0,,,,
KLO,2009,7,25,5,13.6,,,,,,,,973.5,,1.1,,39,0,0,0,0,0,0,,,,
KLO,2009,7,25,6,13.9,,,,,,,,974,,2.9,,105,0,0,0,0,0,0,,,,
KLO,2009,7,25,7,15.2,,,,,,,,974.3,,2.5,,357,1868.8,58.9,0,0,0,0,,,,
KLO,2009,7,25,8,16.3,,,,,,,,974.5,,3.2,,330,842.7,56.4,0,0,0,0,,,,
KLO,2009,7,25,9,17.3,,,,,,,,974.8,,4.3,,474,787.3,92,0,0,0,0,,,,
KLO,2009,7,25,10,18.6,,,,,,,,975,,5,,821,1088.6,135.5,0,0,0,0,,,,
KLO,2009,7,25,11,19.1,,,,,,,,975,,4.2,,636,553.2,222,0,0,0,0,,,,
KLO,2009,7,25,12,20.4,,,,,,,,974.8,,5.3,,831,818.5,149.4,0,0,0,0,,,,
KLO,2009,7,25,13,21.3,,,,,,,,974.5,,5,,858,789,165.8,0,0,0,0,,,,
KLO,2009,7,25,14,20.8,,,,,,,,974.5,,4.8,,630,308.6,358.7,0,0,0,0,,,,
KLO,2009,7,25,15,21.5,,,,,,,,974.4,,4.1,,589,287,348.6,0,0,0,0,,,,
KLO,2009,7,25,16,21.2,,,,,,,,974.2,,3.8,,440,130.8,341.1,0,0,0,0,,,,
KLO,2009,7,25,17,20.9,,,,,,,,974.3,,3.4,,272,28.9,253.5,0,0,0,0,,,,
KLO,2009,7,25,18,19.4,,,,,,,,974.4,,1.7,,99,2.7,97.7,0,0,0,0,,,,
KLO,2009,7,25,19,16.4,,,,,,,,974.6,,1.6,,5,0,5,0,0,0,0,,,,
KLO,2009,7,25,20,14.9,,,,,,,,975.1,,0.9,,0,0,0,0,0,0,0,,,,
KLO,2009,7,25,21,13.2,,,,,,,,975.2,,0.9,,0,0,0,0,0,0,0,,,,
KLO,2009,7,25,22,12.2,,,,,,,,975.4,,0.6,,0,0,0,0,0,0,0,,,,
KLO,2009,7,25,23,12.2,,,,,,,,975.2,,0.8,,0,0,0,0,0,0,0,,,,
KLO,2009,7,26,0,10.8,,,,,,,,974.9,,0.9,,0,0,0,0,0,0,0,,,,
KLO,2009,7,26,1,9.9,,,,,,,,974.4,,1.7,,0,0,0,0,0,0,0,,,,
KLO,2009,7,26,2,10.2,,,,,,,,974.1,,0.9,,0,0,0,0,0,0,0,,,,
KLO,2009,7,26,3,9.3,,,,,,,,974,,1.3,,0,0,0,0,0,0,0,,,,
KLO,2009,7,26,4,9.3,,,,,,,,974,,0.7,,16,0,0,0,0,0,0,,,,
KLO,2009,7,26,5,10.7,,,,,,,,973.8,,0.4,,125,0,0,0,0,0,0,,,,
KLO,2009,7,26,6,13.2,,,,,,,,973.5,,1.1,,301,0,0,0,0,0,0,,,,
KLO,2009,7,26,7,16.3,,,,,,,,973.2,,2,,479,2551.7,79,0,0,0,0,,,,
KLO,2009,7,26,8,18.3,,,,,,,,972.9,,4.1,,637,1651.2,105.1,0,0,0,0,,,,
KLO,2009,7,26,9,19.8,,,,,,,,972.6,,4,,767,1326.3,126.6,0,0,0,0,,,,
KLO,2009,7,26,10,21.2,,,,,,,,972.2,,3.6,,855,1137.5,141.1,0,0,0,0,,,,
KLO,2009,7,26,11,21.8,,,,,,,,971.7,,2.2,,899,1005.8,148.3,0,0,0,0,,,,
KLO,2009,7,26,12,22.7,,,,,,,,971.3,,2.1,,897,901.4,148,0,0,0,0,,,,
KLO,2009,7,26,13,23.1,,,,,,,,971,,1.5,,852,781.2,168,0,0,0,0,,,,
KLO,2009,7,26,14,23.7,,,,,,,,970.7,,1.4,,750,563,256.1,0,0,0,0,,,,
KLO,2009,7,26,15,24,,,,,,,,970.2,,1.3,,606,322.2,336.7,0,0,0,0,,,,
KLO,2009,7,26,16,23.9,,,,,,,,969.8,,0.5,,417,103.8,338.7,0,0,0,0,,,,
KLO,2009,7,26,17,23.8,,,,,,,,969.3,,1.2,,295,44.1,266.9,0,0,0,0,,,,
KLO,2009,7,26,18,21.3,,,,,,,,969.1,,1.8,,69,1.3,68.3,0,0,0,0,,,,
KLO,2009,7,26,19,18.1,,,,,,,,969,,1.1,,6,0,6,0,0,0,0,,,,
KLO,2009,7,26,20,16.5,,,,,,,,968.9,,0.6,,0,0,0,0,0,0,0,,,,
KLO,2009,7,26,21,14.8,,,,,,,,968.7,,0.8,,0,0,0,0,0,0,0,,,,
KLO,2009,7,26,22,13.4,,,,,,,,968.6,,1,,0,0,0,0,0,0,0,,,,
KLO,2009,7,26,23,12.7,,,,,,,,968.3,,1,,0,0,0,0,0,0,0,,,,
KLO,2009,7,27,0,12.1,,,,,,,,967.9,,1,,0,0,0,0,0,0,0,,,,
KLO,2009,7,27,1,11.7,,,,,,,,967.8,,0.5,,0,0,0,0,0,0,0,,,,
KLO,2009,7,27,2,11.2,,,,,,,,967.5,,0.4,,0,0,0,0,0,0,0,,,,
KLO,2009,7,27,3,10.4,,,,,,,,967.2,,0.6,,0,0,0,0,0,0,0,,,,
KLO,2009,7,27,4,10,,,,,,,,967,,0.7,,14,0,0,0,0,0,0,,,,
KLO,2009,7,27,5,12.2,,,,,,,,966.9,,0.9,,126,0,0,0,0,0,0,,,,
KLO,2009,7,27,6,14.6,,,,,,,,966.8,,1.1,,299,0,0,0,0,0,0,,,,
KLO,2009,7,27,7,17.2,,,,,,,,966.5,,0.8,,479,2598.1,79,0,0,0,0,,,,
KLO,2009,7,27,8,19.9,,,,,,,,966,,0.4,,638,1667.2,105.3,0,0,0,0,,,,
KLO,2009,7,27,9,22.4,,,,,,,,965.5,,0.8,,765,1329.4,126.2,0,0,0,0,,,,
KLO,2009,7,27,10,25,,,,,,,,964.9,,0.8,,847,1130.8,139.8,0,0,0,0,,,,
KLO,2009,7,27,11,26.9,,,,,,,,964.1,,0.8,,890,998.4,146.8,0,0,0,0,,,,
KLO,2009,7,27,12,28,,,,,,,,963.8,,2.2,,881,887.4,145.4,0,0,0,0,,,,
KLO,2009,7,27,13,28.8,,,,,,,,963.6,,2.3,,871,816.9,157.2,0,0,0,0,,,,
KLO,2009,7,27,14,27.6,,,,,,,,963.3,,2.2,,272,7,265.9,0,0,0,0,,,,
KLO,2009,7,27,15,28.2,,,,,,,,962.9,,1.1,,416,63.8,362.8,0,0,0,0,,,,
KLO,2009,7,27,16,27.6,,,,,,,,963.6,,2.3,,263,11.1,254.7,0,0,0,0,,,,
KLO,2009,7,27,17,25.6,,,,,,,,963.5,,1.6,,149,3.7,146.6,0,0,0,0,,,,
KLO,2009,7,27,18,24.3,,,,,,,,963.9,,1.2,,30,0.3,29.9,0,0,0,0,,,,
KLO,2009,7,27,19,22.7,,,,,,,,964.7,,1.7,,2,0,2,0,0,0,0,,,,
KLO,2009,7,27,20,20.7,,,,,,,,966.2,,3.9,,0,0,0,0,0,0,0,,,,
KLO,2009,7,27,21,17.8,,,,,,,,967.9,,2.6,,0,0,0,0,0,0,0,,,,
KLO,2009,7,27,22,17.4,,,,,,,,968.4,,2.7,,0,0,0,0,0,0,0,,,,
KLO,2009,7,27,23,16.8,,,,,,,,968.9,,2.9,,0,0,0,0,0,0,0,,,,
KLO,2009,7,28,0,16.6,,,,,,,,969.4,,2,,0,0,0,0,0,0,0,,,,
KLO,2009,7,28,1,16.9,,,,,,,,969.7,,3.2,,0,0,0,0,0,0,0,,,,
KLO,2009,7,28,2,16.3,,,,,,,,970.4,,2.5,,0,0,0,0,0,0,0,,,,
KLO,2009,7,28,3,15.7,,,,,,,,971.1,,1,,0,0,0,0,0,0,0,,,,
KLO,2009,7,28,4,15.1,,,,,,,,971.4,,1.2,,8,0,0,0,0,0,0,,,,
KLO,2009,7,28,5,15.5,,,,,,,,971.6,,0.7,,119,0,0,0,0,0,0,,,,
KLO,2009,7,28,6,16.6,,,,,,,,971.9,,0.6,,287,0,0,0,0,0,0,,,,
KLO,2009,7,28,7,17.8,,,,,,,,972.1,,1.2,,494,2729.9,81.5,0,0,0,0,,,,
KLO,2009,7,28,8,18.7,,,,,,,,972.1,,1.7,,582,1533.5,96,0,0,0,0,,,,
KLO,2009,7,28,9,20.1,,,,,,,,972,,1.5,,792,1383.3,130.7,0,0,0,0,,,,
KLO,2009,7,28,10,20.6,,,,,,,,971.8,,2.2,,793,1062.5,130.8,0,0,0,0,,,,
KLO,2009,7,28,11,21.2,,,,,,,,971.5,,2.1,,745,826.2,131.7,0,0,0,0,,,,
KLO,2009,7,28,12,21.5,,,,,,,,971,,1.5,,614,351.2,323.5,0,0,0,0,,,,
KLO,2009,7,28,13,23,,,,,,,,970.7,,0.8,,856,794.7,163.2,0,0,0,0,,,,
KLO,2009,7,28,14,23.1,,,,,,,,970.6,,1.7,,559,196.4,387.4,0,0,0,0,,,,
KLO,2009,7,28,15,23.6,,,,,,,,970.3,,1.8,,567,253.7,355.9,0,0,0,0,,,,
KLO,2009,7,28,16,23.8,,,,,,,,970.1,,1.5,,442,138.1,338.5,0,0,0,0,,,,
KLO,2009,7,28,17,23.2,,,,,,,,970.1,,1.3,,256,22.4,241.8,0,0,0,0,,,,
KLO,2009,7,28,18,22,,,,,,,,970.2,,2.5,,88,2.2,86.9,0,0,0,0,,,,
KLO,2009,7,28,19,20.1,,,,,,,,970.5,,2,,5,0,5,0,0,0,0,,,,
KLO,2009,7,28,20,18.1,,,,,,,,970.8,,1,,0,0,0,0,0,0,0,,,,
KLO,2009,7,28,21,16.8,,,,,,,,970.7,,0.9,,0,0,0,0,0,0,0,,,,
KLO,2009,7,28,22,15.2,,,,,,,,970.7,,1,,0,0,0,0,0,0,0,,,,
KLO,2009,7,28,23,13.9,,,,,,,,970.8,,0.9,,0,0,0,0,0,0,0,,,,
KLO,2009,7,29,0,13.2,,,,,,,,970.5,,1,,0,0,0,0,0,0,0,,,,
KLO,2009,7,29,1,12.6,,,,,,,,970.5,,1.1,,0,0,0,0,0,0,0,,,,
KLO,2009,7,29,2,12.1,,,,,,,,970.5,,0.9,,0,0,0,0,0,0,0,,,,
KLO,2009,7,29,3,11.7,,,,,,,,970.3,,0.5,,0,0,0,0,0,0,0,,,,
KLO,2009,7,29,4,11.8,,,,,,,,970.2,,0.9,,12,0,0,0,0,0,0,,,,
KLO,2009,7,29,5,13,,,,,,,,970.3,,0.7,,119,0,0,0,0,0,0,,,,
KLO,2009,7,29,6,15.4,,,,,,,,970.4,,1.1,,293,0,0,0,0,0,0,,,,
KLO,2009,7,29,7,17.4,,,,,,,,970.3,,0.5,,471,2653.3,77.7,0,0,0,0,,,,
KLO,2009,7,29,8,19.8,,,,,,,,970,,0.6,,626,1663.5,103.3,0,0,0,0,,,,
KLO,2009,7,29,9,21.5,,,,,,,,969.5,,0.4,,754,1323.7,124.4,0,0,0,0,,,,
KLO,2009,7,29,10,23.1,,,,,,,,969.1,,0.9,,849,1141.7,140.1,0,0,0,0,,,,
KLO,2009,7,29,11,24.9,,,,,,,,968.6,,0.5,,899,1014.2,148.3,0,0,0,0,,,,
KLO,2009,7,29,12,26,,,,,,,,967.8,,1.1,,890,900.8,146.8,0,0,0,0,,,,
KLO,2009,7,29,13,27.2,,,,,,,,967.3,,1.2,,847,781.8,167,0,0,0,0,,,,
KLO,2009,7,29,14,28.1,,,,,,,,966.9,,1.5,,747,566.7,253.2,0,0,0,0,,,,
KLO,2009,7,29,15,28.3,,,,,,,,966.5,,1.3,,598,314.5,337.1,0,0,0,0,,,,
KLO,2009,7,29,16,28.4,,,,,,,,966.2,,1.3,,429,122.4,337.5,0,0,0,0,,,,
KLO,2009,7,29,17,27.9,,,,,,,,966.1,,1.5,,250,20.2,237.3,0,0,0,0,,,,
KLO,2009,7,29,18,25.6,,,,,,,,966.3,,1.2,,81,1.9,80.1,0,0,0,0,,,,
KLO,2009,7,29,19,21.4,,,,,,,,966.6,,1,,3,0,3,0,0,0,0,,,,
KLO,2009,7,29,20,19,,,,,,,,966.6,,0.3,,0,0,0,0,0,0,0,,,,
KLO,2009,7,29,21,19,,,,,,,,966.4,,1.4,,0,0,0,0,0,0,0,,,,
KLO,2009,7,29,22,17,,,,,,,,966,,0.6,,0,0,0,0,0,0,0,,,,
KLO,2009,7,29,23,16.2,,,,,,,,965.8,,0.6,,0,0,0,0,0,0,0,,,,
KLO,2009,7,30,0,16.2,,,,,,,,965.7,,1.1,,0,0,0,0,0,0,0,,,,
KLO,2009,7,30,1,16.7,,,,,,,,966.5,,1.9,,0,0,0,0,0,0,0,,,,
KLO,2009,7,30,2,19.6,,,,,,,,967.7,,4,,1,0,0,0,0,0,0,,,,
KLO,2009,7,30,3,20.2,,,,,,,,969,,4.4,,0,0,0,0,0,0,0,,,,
KLO,2009,7,30,4,20.4,,,,,,,,969.9,,3.5,,5,0,0,0,0,0,0,,,,
KLO,2009,7,30,5,20,,,,,,,,970.6,,4.2,,45,0,0,0,0,0,0,,,,
KLO,2009,7,30,6,19.4,,,,,,,,971.4,,4.8,,81,0,0,0,0,0,0,,,,
KLO,2009,7,30,7,19.4,,,,,,,,972.1,,4.4,,165,948.2,27.2,0,0,0,0,,,,
KLO,2009,7,30,8,20.7,,,,,,,,972.5,,5.7,,613,1643.1,101.1,0,0,0,0,,,,
KLO,2009,7,30,9,21.1,,,,,,,,973,,5.9,,749,1321.8,123.6,0,0,0,0,,,,
KLO,2009,7,30,10,21.2,,,,,,,,973.1,,4.9,,524,546.4,186,0,0,0,0,,,,
KLO,2009,7,30,11,21.3,,,,,,,,973.1,,3.5,,460,175.5,330.5,0,0,0,0,,,,
KLO,2009,7,30,12,21.6,,,,,,,,972.9,,4.1,,647,429.5,293.5,0,0,0,0,,,,
KLO,2009,7,30,13,21.8,,,,,,,,972.7,,4.1,,616,296.7,358.5,0,0,0,0,,,,
KLO,2009,7,30,14,22.1,,,,,,,,972.7,,4,,597,260.9,370.2,0,0,0,0,,,,
KLO,2009,7,30,15,22.1,,,,,,,,972.7,,3.5,,433,79.9,366.9,0,0,0,0,,,,
KLO,2009,7,30,16,21.2,,,,,,,,972.7,,3.3,,198,4.8,194.4,0,0,0,0,,,,
KLO,2009,7,30,17,21.3,,,,,,,,972.8,,2.7,,233,14.6,223.9,0,0,0,0,,,,
KLO,2009,7,30,18,20.3,,,,,,,,972.8,,1.9,,78,1.8,77.1,0,0,0,0,,,,
KLO,2009,7,30,19,19,,,,,,,,973,,1.9,,3,0,3,0,0,0,0,,,,
KLO,2009,7,30,20,18.4,,,,,,,,973.3,,1.3,,0,0,0,0,0,0,0,,,,
KLO,2009,7,30,21,18.3,,,,,,,,973.5,,0.4,,0,0,0,0,0,0,0,,,,
KLO,2009,7,30,22,17.9,,,,,,,,973.6,,0.5,,0,0,0,0,0,0,0,,,,
KLO,2009,7,30,23,17.2,,,,,,,,973.7,,2.3,,0,0,0,0,0,0,0,,,,
KLO,2009,7,31,0,16.4,,,,,,,,973.7,,3.1,,0,0,0,0,0,0,0,,,,
KLO,2009,7,31,1,16,,,,,,,,973.6,,3.2,,0,0,0,0,0,0,0,,,,
KLO,2009,7,31,2,15.6,,,,,,,,973.4,,1.9,,0,0,0,0,0,0,0,,,,
KLO,2009,7,31,3,15.3,,,,,,,,973.2,,2.1,,0,0,0,0,0,0,0,,,,
KLO,2009,7,31,4,14.5,,,,,,,,973.2,,2.4,,7,0,0,0,0,0,0,,,,
KLO,2009,7,31,5,14.9,,,,,,,,972.8,,1.9,,93,0,0,0,0,0,0,,,,
KLO,2009,7,31,6,16.4,,,,,,,,972.6,,2.2,,261,0,0,0,0,0,0,,,,
KLO,2009,7,31,7,17.6,,,,,,,,972.1,,2.7,,435,2551.6,71.8,0,0,0,0,,,,
KLO,2009,7,31,8,18.8,,,,,,,,971.8,,4.3,,502,1357.5,82.8,0,0,0,0,,,,
KLO,2009,7,31,9,19.6,,,,,,,,971.3,,5.4,,632,1121.4,104.3,0,0,0,0,,,,
KLO,2009,7,31,10,20.5,,,,,,,,970.9,,5.1,,775,1050,127.9,0,0,0,0,,,,
KLO,2009,7,31,11,21.1,,,,,,,,970.7,,4.7,,675,682.6,172.8,0,0,0,0,,,,
KLO,2009,7,31,12,22.4,,,,,,,,970.3,,4.4,,828,832.5,144.6,0,0,0,0,,,,
KLO,2009,7,31,13,22.7,,,,,,,,970,,4.5,,778,647,217.9,0,0,0,0,,,,
KLO,2009,7,31,14,22.6,,,,,,,,969.7,,3.5,,585,242.9,374.4,0,0,0,0,,,,
KLO,2009,7,31,15,22.9,,,,,,,,969.4,,3.5,,490,142.1,372.7,0,0,0,0,,,,
KLO,2009,7,31,16,22.5,,,,,,,,969.2,,3.9,,315,28.3,294,0,0,0,0,,,,
KLO,2009,7,31,17,22.1,,,,,,,,968.9,,3.2,,200,7.7,195.2,0,0,0,0,,,,
KLO,2009,7,31,18,21,,,,,,,,968.6,,2.2,,58,1,57.5,0,0,0,0,,,,
KLO,2009,7,31,19,18.7,,,,,,,,968.6,,0.9,,4,0,4,0,0,0,0,,,,
KLO,2009,7,31,20,16.6,,,,,,,,968.7,,1.2,,0,0,0,0,0,0,0,,,,
KLO,2009,7,31,21,15.9,,,,,,,,968.5,,1.4,,0,0,0,0,0,0,0,,,,
KLO,2009,7,31,22,15.7,,,,,,,,968.3,,1.4,,0,0,0,0,0,0,0,,,,
KLO,2009,7,31,23,15.5,,,,,,,,968.1,,1.7,,0,0,0,0,0,0,0,,,,
KLO,2009,8,1,0,14.7,,,,,,,,967.8,,1,,0,0,0,0,0,0,0,,,,
KLO,2009,8,1,1,14,,,,,,,,967.6,,0,,0,0,0,0,0,0,0,,,,
KLO,2009,8,1,2,13.1,,,,,,,,967.5,,0.7,,0,0,0,0,0,0,0,,,,
KLO,2009,8,1,3,12.6,,,,,,,,967.3,,0.1,,0,0,0,0,0,0,0,,,,
KLO,2009,8,1,4,12.3,,,,,,,,967.3,,0.4,,10,0,0,0,0,0,0,,,,
KLO,2009,8,1,5,13.6,,,,,,,,967.3,,0.4,,113,0,0,0,0,0,0,,,,
KLO,2009,8,1,6,15.6,,,,,,,,967.1,,0.5,,265,0,0,0,0,0,0,,,,
KLO,2009,8,1,7,17.6,,,,,,,,966.9,,0.3,,368,2204.8,60.7,0,0,0,0,,,,
KLO,2009,8,1,8,18.9,,,,,,,,966.5,,0.7,,281,684,71.7,0,0,0,0,,,,
KLO,2009,8,1,9,21.2,,,,,,,,966,,0.6,,685,1222,113,0,0,0,0,,,,
KLO,2009,8,1,10,23.1,,,,,,,,965.4,,0.9,,830,1128.9,137,0,0,0,0,,,,
KLO,2009,8,1,11,25.4,,,,,,,,964.8,,0.9,,869,989.2,143.4,0,0,0,0,,,,
KLO,2009,8,1,12,26.4,,,,,,,,964.1,,0.9,,869,886.3,143.4,0,0,0,0,,,,
KLO,2009,8,1,13,27.5,,,,,,,,963.4,,1.4,,826,752.7,176,0,0,0,0,,,,
KLO,2009,8,1,14,28.4,,,,,,,,962.9,,0.8,,716,508.1,276.5,0,0,0,0,,,,
KLO,2009,8,1,15,28.5,,,,,,,,962.5,,1,,577,282.3,344.6,0,0,0,0,,,,
KLO,2009,8,1,16,28.6,,,,,,,,961.9,,1.2,,395,87.4,330.3,0,0,0,0,,,,
KLO,2009,8,1,17,27.2,,,,,,,,961.5,,1.2,,117,2.4,115.5,0,0,0,0,,,,
KLO,2009,8,1,18,26,,,,,,,,961.3,,2,,84,2.1,83,0,0,0,0,,,,
KLO,2009,8,1,19,23.3,,,,,,,,961.2,,1.9,,3,0,3,0,0,0,0,,,,
KLO,2009,8,1,20,20.7,,,,,,,,961.1,,0.7,,0,0,0,0,0,0,0,,,,
KLO,2009,8,1,21,19.6,,,,,,,,960.8,,1,,0,0,0,0,0,0,0,,,,
KLO,2009,8,1,22,18,,,,,,,,960.7,,0.8,,0,0,0,0,0,0,0,,,,
KLO,2009,8,1,23,17.4,,,,,,,,960.4,,0.8,,0,0,0,0,0,0,0,,,,
KLO,2009,8,2,0,16.6,,,,,,,,960,,1.3,,0,0,0,0,0,0,0,,,,
KLO,2009,8,2,1,16,,,,,,,,959.9,,1.3,,0,0,0,0,0,0,0,,,,
KLO,2009,8,2,2,18.2,,,,,,,,961.2,,2,,1,0,0,0,0,0,0,,,,
KLO,2009,8,2,3,17.9,,,,,,,,962.1,,1.3,,0,0,0,0,0,0,0,,,,
KLO,2009,8,2,4,17.6,,,,,,,,962.3,,1.7,,7,0,0,0,0,0,0,,,,
KLO,2009,8,2,5,18.9,,,,,,,,962.6,,1.3,,51,0,0,0,0,0,0,,,,
KLO,2009,8,2,6,19.8,,,,,,,,962.9,,1.6,,96,0,0,0,0,0,0,,,,
KLO,2009,8,2,7,20.2,,,,,,,,963.3,,2.5,,69,68,59.7,0,0,0,0,,,,
KLO,2009,8,2,8,19.3,,,,,,,,964.2,,3,,74,4,72.8,0,0,0,0,,,,
KLO,2009,8,2,9,18.5,,,,,,,,964.5,,2.4,,57,1,56.5,0,0,0,0,,,,
KLO,2009,8,2,10,17.3,,,,,,,,965.2,,2.9,,38,0.3,37.8,0,0,0,0,,,,
KLO,2009,8,2,11,16.4,,,,,,,,965.6,,3.8,,38,0.2,37.9,0,0,0,0,,,,
KLO,2009,8,2,12,16,,,,,,,,965.5,,4.5,,52,0.3,51.8,0,0,0,0,,,,
KLO,2009,8,2,13,17.8,,,,,,,,965.2,,2.8,,346,21.5,327.5,0,0,0,0,,,,
KLO,2009,8,2,14,18.8,,,,,,,,965.1,,1.9,,380,34.2,350.5,0,0,0,0,,,,
KLO,2009,8,2,15,19.5,,,,,,,,964.7,,3.5,,323,19.4,307.1,0,0,0,0,,,,
KLO,2009,8,2,16,18.2,,,,,,,,965.5,,1.6,,63,0.5,62.6,0,0,0,0,,,,
KLO,2009,8,2,17,17.2,,,,,,,,965.8,,2.1,,37,0.2,36.9,0,0,0,0,,,,
KLO,2009,8,2,18,16.5,,,,,,,,966.3,,1.8,,39,0.5,38.8,0,0,0,0,,,,
KLO,2009,8,2,19,15.4,,,,,,,,966.3,,1.5,,2,0,2,0,0,0,0,,,,
KLO,2009,8,2,20,15.4,,,,,,,,966.7,,0.8,,0,0,0,0,0,0,0,,,,
KLO,2009,8,2,21,15.7,,,,,,,,966.9,,0.5,,0,0,0,0,0,0,0,,,,
KLO,2009,8,2,22,15.8,,,,,,,,967,,1,,0,0,0,0,0,0,0,,,,
KLO,2009,8,2,23,15.4,,,,,,,,966.8,,0.7,,0,0,0,0,0,0,0,,,,
KLO,2009,8,3,0,14.9,,,,,,,,966.4,,1,,0,0,0,0,0,0,0,,,,
KLO,2009,8,3,1,14.4,,,,,,,,966.3,,0.4,,0,0,0,0,0,0,0,,,,
KLO,2009,8,3,2,14,,,,,,,,966,,0.8,,0,0,0,0,0,0,0,,,,
KLO,2009,8,3,3,14.4,,,,,,,,965.9,,0.6,,0,0,0,0,0,0,0,,,,
KLO,2009,8,3,4,14.8,,,,,,,,965.8,,0.7,,2,0,0,0,0,0,0,,,,
KLO,2009,8,3,5,15.1,,,,,,,,965.7,,1.2,,34,0,0,0,0,0,0,,,,
KLO,2009,8,3,6,15.3,,,,,,,,965.7,,1.7,,58,0,0,0,0,0,0,,,,
KLO,2009,8,3,7,15.7,,,,,,,,965.9,,2.4,,70,81,59.2,0,0,0,0,,,,
KLO,2009,8,3,8,15.8,,,,,,,,965.9,,1.8,,100,9,97.3,0,0,0,0,,,,
KLO,2009,8,3,9,15.8,,,,,,,,966,,2.4,,129,5.3,126.6,0,0,0,0,,,,
KLO,2009,8,3,10,16.1,,,,,,,,966.1,,2.2,,157,4.5,154.3,0,0,0,0,,,,
KLO,2009,8,3,11,16.2,,,,,,,,966,,2.1,,195,4.9,191.5,0,0,0,0,,,,
KLO,2009,8,3,12,17,,,,,,,,965.9,,1.9,,280,10.2,271.7,0,0,0,0,,,,
KLO,2009,8,3,13,17.8,,,,,,,,965.8,,1.4,,359,26.2,336.5,0,0,0,0,,,,
KLO,2009,8,3,14,17.3,,,,,,,,965.7,,1.9,,138,1.7,136.5,0,0,0,0,,,,
KLO,2009,8,3,15,16.2,,,,,,,,966,,2.5,,100,1,99.2,0,0,0,0,,,,
KLO,2009,8,3,16,16.5,,,,,,,,966.2,,2.4,,122,1.9,120.6,0,0,0,0,,,,
KLO,2009,8,3,17,16.2,,,,,,,,966.6,,0.8,,32,0.2,31.9,0,0,0,0,,,,
KLO,2009,8,3,18,16,,,,,,,,967.2,,0.8,,13,0.1,13,0,0,0,0,,,,
KLO,2009,8,3,19,15.7,,,,,,,,967.7,,0.8,,1,0,1,0,0,0,0,,,,
KLO,2009,8,3,20,15.6,,,,,,,,968.1,,1.3,,0,0,0,0,0,0,0,,,,
KLO,2009,8,3,21,15.6,,,,,,,,968.4,,1.6,,0,0,0,0,0,0,0,,,,
KLO,2009,8,3,22,14.8,,,,,,,,968.6,,0.9,,0,0,0,0,0,0,0,,,,
KLO,2009,8,3,23,14,,,,,,,,968.8,,1,,0,0,0,0,0,0,0,,,,
KLO,2009,8,4,0,13.8,,,,,,,,968.7,,0.5,,0,0,0,0,0,0,0,,,,
KLO,2009,8,4,1,13.4,,,,,,,,968.9,,0.7,,0,0,0,0,0,0,0,,,,
KLO,2009,8,4,2,13.6,,,,,,,,969,,0.8,,0,0,0,0,0,0,0,,,,
KLO,2009,8,4,3,13.2,,,,,,,,969.5,,0.2,,0,0,0,0,0,0,0,,,,
KLO,2009,8,4,4,12.1,,,,,,,,969.8,,1,,6,0,0,0,0,0,0,,,,
KLO,2009,8,4,5,13.2,,,,,,,,970.1,,1.4,,33,0,0,0,0,0,0,,,,
KLO,2009,8,4,6,13.5,,,,,,,,970.5,,1,,102,0,0,0,0,0,0,,,,
KLO,2009,8,4,7,14.4,,,,,,,,970.7,,0.6,,255,1635.2,42.1,0,0,0,0,,,,
KLO,2009,8,4,8,16.5,,,,,,,,970.8,,0.9,,569,1597.2,93.9,0,0,0,0,,,,
KLO,2009,8,4,9,18.1,,,,,,,,970.8,,0.7,,692,1255.7,114.2,0,0,0,0,,,,
KLO,2009,8,4,10,19.7,,,,,,,,970.7,,1.5,,736,1013.2,121.4,0,0,0,0,,,,
KLO,2009,8,4,11,21.1,,,,,,,,970.5,,3.7,,803,922.8,132.5,0,0,0,0,,,,
KLO,2009,8,4,12,21.7,,,,,,,,970.3,,4.1,,882,907.1,145.5,0,0,0,0,,,,
KLO,2009,8,4,13,22.5,,,,,,,,970.1,,3.8,,824,760.8,172.2,0,0,0,0,,,,
KLO,2009,8,4,14,23.1,,,,,,,,969.8,,3.5,,717,522.5,268.6,0,0,0,0,,,,
KLO,2009,8,4,15,23.1,,,,,,,,969.6,,4.2,,577,291.5,339.2,0,0,0,0,,,,
KLO,2009,8,4,16,22.9,,,,,,,,969.5,,4,,407,105.1,330,0,0,0,0,,,,
KLO,2009,8,4,17,22.2,,,,,,,,969.4,,3.7,,231,15.5,221.5,0,0,0,0,,,,
KLO,2009,8,4,18,20.9,,,,,,,,969.6,,2.7,,69,1.5,68.3,0,0,0,0,,,,
KLO,2009,8,4,19,18.6,,,,,,,,970,,1.7,,2,0,2,0,0,0,0,,,,
KLO,2009,8,4,20,15.9,,,,,,,,970.1,,1,,0,0,0,0,0,0,0,,,,
KLO,2009,8,4,21,14.2,,,,,,,,970.3,,1.7,,0,0,0,0,0,0,0,,,,
KLO,2009,8,4,22,13.1,,,,,,,,970.3,,2.5,,0,0,0,0,0,0,0,,,,
KLO,2009,8,4,23,13.2,,,,,,,,970.3,,2.3,,0,0,0,0,0,0,0,,,,
KLO,2009,8,5,0,12.4,,,,,,,,970.1,,2.1,,0,0,0,0,0,0,0,,,,
KLO,2009,8,5,1,12.4,,,,,,,,970.1,,0.9,,0,0,0,0,0,0,0,,,,
KLO,2009,8,5,2,11.5,,,,,,,,970,,1.3,,0,0,0,0,0,0,0,,,,
KLO,2009,8,5,3,11.2,,,,,,,,969.9,,1,,0,0,0,0,0,0,0,,,,
KLO,2009,8,5,4,11.7,,,,,,,,970,,1.9,,7,0,0,0,0,0,0,,,,
KLO,2009,8,5,5,13.3,,,,,,,,970.2,,2,,99,0,0,0,0,0,0,,,,
KLO,2009,8,5,6,15.6,,,,,,,,970.1,,1.7,,265,0,0,0,0,0,0,,,,
KLO,2009,8,5,7,17.3,,,,,,,,969.9,,3,,445,2923.6,73.4,0,0,0,0,,,,
KLO,2009,8,5,8,19,,,,,,,,969.7,,2.3,,606,1717.8,100,0,0,0,0,,,,
KLO,2009,8,5,9,20.9,,,,,,,,969.6,,3.3,,740,1350.7,122.1,0,0,0,0,,,,
KLO,2009,8,5,10,22.1,,,,,,,,969.4,,4.2,,832,1150.1,137.3,0,0,0,0,,,,
KLO,2009,8,5,11,23.2,,,,,,,,969.1,,6.5,,849,979,140.1,0,0,0,0,,,,
KLO,2009,8,5,12,24.4,,,,,,,,968.8,,5.3,,850,877.1,139.9,0,0,0,0,,,,
KLO,2009,8,5,13,24.8,,,,,,,,968.7,,4.6,,631,342.6,338.3,0,0,0,0,,,,
KLO,2009,8,5,14,25.8,,,,,,,,968.6,,4.4,,736,570.3,248,0,0,0,0,,,,
KLO,2009,8,5,15,25.7,,,,,,,,968.5,,4.3,,541,228.8,355,0,0,0,0,,,,
KLO,2009,8,5,16,25.5,,,,,,,,968.5,,4.2,,403,102.1,328.5,0,0,0,0,,,,
KLO,2009,8,5,17,24.8,,,,,,,,968.4,,3.2,,196,7.7,191.3,0,0,0,0,,,,
KLO,2009,8,5,18,23.6,,,,,,,,968.5,,2.8,,77,1.9,76.1,0,0,0,0,,,,
KLO,2009,8,5,19,20.8,,,,,,,,968.7,,2.3,,4,0,4,0,0,0,0,,,,
KLO,2009,8,5,20,20.8,,,,,,,,968.9,,2.3,,0,0,0,0,0,0,0,,,,
KLO,2009,8,5,21,17.7,,,,,,,,968.9,,2.2,,0,0,0,0,0,0,0,,,,
KLO,2009,8,5,22,16.4,,,,,,,,969,,2.9,,0,0,0,0,0,0,0,,,,
KLO,2009,8,5,23,16.2,,,,,,,,968.9,,1.5,,0,0,0,0,0,0,0,,,,
KLO,2009,8,6,0,15.3,,,,,,,,968.8,,1.2,,0,0,0,0,0,0,0,,,,
KLO,2009,8,6,1,14.9,,,,,,,,968.6,,1.2,,0,0,0,0,0,0,0,,,,
KLO,2009,8,6,2,14.4,,,,,,,,968.7,,1.8,,0,0,0,0,0,0,0,,,,
KLO,2009,8,6,3,13.1,,,,,,,,968.7,,0.2,,0,0,0,0,0,0,0,,,,
KLO,2009,8,6,4,12.4,,,,,,,,968.8,,0.6,,6,0,0,0,0,0,0,,,,
KLO,2009,8,6,5,14.1,,,,,,,,968.9,,0.7,,96,0,0,0,0,0,0,,,,
KLO,2009,8,6,6,16.7,,,,,,,,968.9,,0.8,,260,0,0,0,0,0,0,,,,
KLO,2009,8,6,7,18.7,,,,,,,,968.9,,0.9,,433,2917,71.4,0,0,0,0,,,,
KLO,2009,8,6,8,20.7,,,,,,,,968.7,,1.6,,591,1692.2,97.5,0,0,0,0,,,,
KLO,2009,8,6,9,22,,,,,,,,968.6,,1.4,,718,1318.4,118.5,0,0,0,0,,,,
KLO,2009,8,6,10,23.4,,,,,,,,968.6,,1.1,,807,1120.3,133.2,0,0,0,0,,,,
KLO,2009,8,6,11,24.4,,,,,,,,968.1,,1.6,,849,982.3,140.1,0,0,0,0,,,,
KLO,2009,8,6,12,25.8,,,,,,,,967.8,,2.1,,842,871,138.9,0,0,0,0,,,,
KLO,2009,8,6,13,26.3,,,,,,,,967.4,,2.5,,802,724.7,184.5,0,0,0,0,,,,
KLO,2009,8,6,14,26.9,,,,,,,,967.1,,2.7,,703,499.3,277,0,0,0,0,,,,
KLO,2009,8,6,15,27.2,,,,,,,,967,,2.8,,566,276.9,341.5,0,0,0,0,,,,
KLO,2009,8,6,16,27.1,,,,,,,,966.8,,3.1,,396,95.8,326.4,0,0,0,0,,,,
KLO,2009,8,6,17,26.6,,,,,,,,966.4,,3.3,,218,12.3,210.5,0,0,0,0,,,,
KLO,2009,8,6,18,24.9,,,,,,,,966.5,,1.7,,57,1,56.5,0,0,0,0,,,,
KLO,2009,8,6,19,21.3,,,,,,,,966.7,,1.5,,1,0,1,0,0,0,0,,,,
KLO,2009,8,6,20,18.8,,,,,,,,966.9,,1.8,,0,0,0,0,0,0,0,,,,
KLO,2009,8,6,21,18.6,,,,,,,,966.9,,2.6,,0,0,0,0,0,0,0,,,,
KLO,2009,8,6,22,17.3,,,,,,,,966.9,,2.7,,0,0,0,0,0,0,0,,,,
KLO,2009,8,6,23,17.4,,,,,,,,966.9,,1.5,,0,0,0,0,0,0,0,,,,
KLO,2009,8,7,0,16.4,,,,,,,,966.8,,1.1,,0,0,0,0,0,0,0,,,,
KLO,2009,8,7,1,15.2,,,,,,,,966.7,,0.7,,0,0,0,0,0,0,0,,,,
KLO,2009,8,7,2,14.6,,,,,,,,966.7,,0.3,,0,0,0,0,0,0,0,,,,
KLO,2009,8,7,3,14.2,,,,,,,,966.8,,0.1,,0,0,0,0,0,0,0,,,,
KLO,2009,8,7,4,13.9,,,,,,,,967,,0,,6,0,0,0,0,0,0,,,,
KLO,2009,8,7,5,15,,,,,,,,967.2,,0,,88,0,0,0,0,0,0,,,,
KLO,2009,8,7,6,17.6,,,,,,,,967.3,,0.1,,251,0,0,0,0,0,0,,,,
KLO,2009,8,7,7,19.4,,,,,,,,967.3,,0.2,,422,2917.6,69.6,0,0,0,0,,,,
KLO,2009,8,7,8,21.4,,,,,,,,967.2,,0.3,,585,1692.2,96.5,0,0,0,0,,,,
KLO,2009,8,7,9,23,,,,,,,,967.1,,0.7,,696,1285.9,114.8,0,0,0,0,,,,
KLO,2009,8,7,10,24.3,,,,,,,,966.9,,1,,814,1135,134.3,0,0,0,0,,,,
KLO,2009,8,7,11,26.1,,,,,,,,966.7,,0.6,,850,986.8,140.2,0,0,0,0,,,,
KLO,2009,8,7,12,27.2,,,,,,,,966.6,,0.6,,856,888.2,141.2,0,0,0,0,,,,
KLO,2009,8,7,13,28.2,,,,,,,,966.4,,1,,807,739.7,178.6,0,0,0,0,,,,
KLO,2009,8,7,14,28.5,,,,,,,,966.2,,1.5,,670,429.9,304.3,0,0,0,0,,,,
KLO,2009,8,7,15,28.6,,,,,,,,965.9,,2,,566,280.3,339.5,0,0,0,0,,,,
KLO,2009,8,7,16,28.3,,,,,,,,965.7,,1.9,,381,81.4,322.1,0,0,0,0,,,,
KLO,2009,8,7,17,27.5,,,,,,,,965.7,,1.6,,177,5.9,173.4,0,0,0,0,,,,
KLO,2009,8,7,18,25.5,,,,,,,,966.1,,3,,44,0.6,43.7,0,0,0,0,,,,
KLO,2009,8,7,19,22.9,,,,,,,,966.6,,2.5,,1,0,1,0,0,0,0,,,,
KLO,2009,8,7,20,22.9,,,,,,,,967.1,,3.1,,0,0,0,0,0,0,0,,,,
KLO,2009,8,7,21,21.5,,,,,,,,967.4,,1.9,,0,0,0,0,0,0,0,,,,
KLO,2009,8,7,22,20,,,,,,,,967.7,,1.3,,0,0,0,0,0,0,0,,,,
KLO,2009,8,7,23,19.3,,,,,,,,967.6,,1,,0,0,0,0,0,0,0,,,,
KLO,2009,8,8,0,18.9,,,,,,,,967.3,,0.8,,0,0,0,0,0,0,0,,,,
KLO,2009,8,8,1,17.9,,,,,,,,967.1,,1.1,,0,0,0,0,0,0,0,,,,
KLO,2009,8,8,2,17.5,,,,,,,,966.9,,1,,0,0,0,0,0,0,0,,,,
KLO,2009,8,8,3,16.7,,,,,,,,966.7,,0.5,,0,0,0,0,0,0,0,,,,
KLO,2009,8,8,4,16.6,,,,,,,,966.6,,0.2,,5,0,0,0,0,0,0,,,,
KLO,2009,8,8,5,17.4,,,,,,,,966.9,,0,,55,0,0,0,0,0,0,,,,
KLO,2009,8,8,6,19,,,,,,,,967.1,,0,,156,0,0,0,0,0,0,,,,
KLO,2009,8,8,7,20.4,,,,,,,,967.2,,0.8,,226,1605,37.3,0,0,0,0,,,,
KLO,2009,8,8,8,21.9,,,,,,,,967.1,,2,,356,1040.6,58.7,0,0,0,0,,,,
KLO,2009,8,8,9,21.8,,,,,,,,967.1,,2.9,,260,126.1,203.4,0,0,0,0,,,,
KLO,2009,8,8,10,20.1,,,,,,,,967.2,,3.7,,90,1.5,89.1,0,0,0,0,,,,
KLO,2009,8,8,11,19.1,,,,,,,,967.1,,3.5,,97,1.2,96.1,0,0,0,0,,,,
KLO,2009,8,8,12,18.7,,,,,,,,967.2,,3.5,,58,0.4,57.7,0,0,0,0,,,,
KLO,2009,8,8,13,18.5,,,,,,,,967.6,,2.8,,52,0.3,51.8,0,0,0,0,,,,
KLO,2009,8,8,14,18.4,,,,,,,,967.8,,1.7,,56,0.3,55.7,0,0,0,0,,,,
KLO,2009,8,8,15,18.7,,,,,,,,967.9,,1.4,,146,2.2,144.2,0,0,0,0,,,,
KLO,2009,8,8,16,19,,,,,,,,967.8,,1.7,,134,2.3,132.3,0,0,0,0,,,,
KLO,2009,8,8,17,19.3,,,,,,,,967.8,,1.3,,130,3.2,128.1,0,0,0,0,,,,
KLO,2009,8,8,18,18.6,,,,,,,,967.6,,0.7,,32,0.3,31.8,0,0,0,0,,,,
KLO,2009,8,8,19,18,,,,,,,,967.9,,0.8,,0,0,0,0,0,0,0,,,,
KLO,2009,8,8,20,17.4,,,,,,,,968,,1.3,,0,0,0,0,0,0,0,,,,
KLO,2009,8,8,21,17.5,,,,,,,,968.1,,0.8,,0,0,0,0,0,0,0,,,,
KLO,2009,8,8,22,17.3,,,,,,,,968,,1,,0,0,0,0,0,0,0,,,,
KLO,2009,8,8,23,17.2,,,,,,,,967.8,,0,,0,0,0,0,0,0,0,,,,
KLO,2009,8,9,0,16.9,,,,,,,,967.5,,1.3,,0,0,0,0,0,0,0,,,,
KLO,2009,8,9,1,16.9,,,,,,,,967.4,,1.6,,0,0,0,0,0,0,0,,,,
KLO,2009,8,9,2,16.9,,,,,,,,967.2,,1.1,,0,0,0,0,0,0,0,,,,
KLO,2009,8,9,3,17,,,,,,,,967.2,,1.4,,0,0,0,0,0,0,0,,,,
KLO,2009,8,9,4,16,,,,,,,,967.2,,1.2,,3,0,0,0,0,0,0,,,,
KLO,2009,8,9,5,16.3,,,,,,,,967.3,,1.3,,56,0,0,0,0,0,0,,,,
KLO,2009,8,9,6,17.4,,,,,,,,967.3,,1.9,,150,0,0,0,0,0,0,,,,
KLO,2009,8,9,7,18.5,,,,,,,,967.2,,2.2,,249,1818.3,41.1,0,0,0,0,,,,
KLO,2009,8,9,8,19.6,,,,,,,,966.9,,2.1,,493,1456.6,81.3,0,0,0,0,,,,
KLO,2009,8,9,9,20.8,,,,,,,,966.8,,2.6,,561,1049.5,92.6,0,0,0,0,,,,
KLO,2009,8,9,10,22.4,,,,,,,,966.5,,2.3,,781,1098.7,128.9,0,0,0,0,,,,
KLO,2009,8,9,11,23,,,,,,,,966.3,,3,,698,785.3,137.2,0,0,0,0,,,,
KLO,2009,8,9,12,24.1,,,,,,,,966,,3.6,,858,895.9,141.6,0,0,0,0,,,,
KLO,2009,8,9,13,24.7,,,,,,,,965.6,,3.1,,677,455.7,292.2,0,0,0,0,,,,
KLO,2009,8,9,14,25.2,,,,,,,,965.3,,2.8,,648,390.6,317.8,0,0,0,0,,,,
KLO,2009,8,9,15,25.3,,,,,,,,964.9,,3,,503,178.3,360,0,0,0,0,,,,
KLO,2009,8,9,16,24.9,,,,,,,,964.7,,3.5,,348,54.6,308.8,0,0,0,0,,,,
KLO,2009,8,9,17,24.1,,,,,,,,964.5,,2.5,,152,4.4,149.4,0,0,0,0,,,,
KLO,2009,8,9,18,22.4,,,,,,,,964.4,,2.2,,33,0.4,32.8,0,0,0,0,,,,
KLO,2009,8,9,19,20.3,,,,,,,,965,,0.7,,0,0,0,0,0,0,0,,,,
KLO,2009,8,9,20,19,,,,,,,,965.6,,1,,0,0,0,0,0,0,0,,,,
KLO,2009,8,9,21,18.6,,,,,,,,965.8,,0.3,,0,0,0,0,0,0,0,,,,
KLO,2009,8,9,22,18.1,,,,,,,,965.8,,0.9,,0,0,0,0,0,0,0,,,,
KLO,2009,8,9,23,18.4,,,,,,,,966.1,,1.4,,0,0,0,0,0,0,0,,,,
KLO,2009,8,10,0,18.7,,,,,,,,966.4,,1.2,,0,0,0,0,0,0,0,,,,
KLO,2009,8,10,1,18.2,,,,,,,,966.2,,0.4,,0,0,0,0,0,0,0,,,,
KLO,2009,8,10,2,17.7,,,,,,,,966.2,,1.1,,0,0,0,0,0,0,0,,,,
KLO,2009,8,10,3,17.7,,,,,,,,966.2,,1.7,,0,0,0,0,0,0,0,,,,
KLO,2009,8,10,4,18.1,,,,,,,,966.2,,2.7,,1,0,0,0,0,0,0,,,,
KLO,2009,8,10,5,17.8,,,,,,,,966.4,,0.7,,24,0,0,0,0,0,0,,,,
KLO,2009,8,10,6,18.8,,,,,,,,966.9,,0.9,,91,0,0,0,0,0,0,,,,
KLO,2009,8,10,7,19.5,,,,,,,,966.8,,1.6,,158,1187.6,26.1,0,0,0,0,,,,
KLO,2009,8,10,8,20,,,,,,,,967.2,,2.4,,227,474.9,94.2,0,0,0,0,,,,
KLO,2009,8,10,9,20.2,,,,,,,,967.4,,2,,229,74.2,196.1,0,0,0,0,,,,
KLO,2009,8,10,10,21.2,,,,,,,,967.3,,1.8,,551,707.7,132.8,0,0,0,0,,,,
KLO,2009,8,10,11,22.5,,,,,,,,967,,2.6,,534,362,276.5,0,0,0,0,,,,
KLO,2009,8,10,12,22.9,,,,,,,,967,,4.5,,452,114.7,360.6,0,0,0,0,,,,
KLO,2009,8,10,13,23.2,,,,,,,,966.6,,3.3,,575,253.1,361.9,0,0,0,0,,,,
KLO,2009,8,10,14,21.9,,,,,,,,966.9,,4.9,,296,11.2,286.6,0,0,0,0,,,,
KLO,2009,8,10,15,18.4,,,,,,,,967.3,,2.7,,63,0.4,62.7,0,0,0,0,,,,
KLO,2009,8,10,16,18.5,,,,,,,,967.6,,2.6,,76,0.8,75.5,0,0,0,0,,,,
KLO,2009,8,10,17,18.6,,,,,,,,967.8,,1,,51,0.5,50.7,0,0,0,0,,,,
KLO,2009,8,10,18,18.5,,,,,,,,968,,1.2,,17,0.1,17,0,0,0,0,,,,
KLO,2009,8,10,19,18.2,,,,,,,,968.6,,1.2,,0,0,0,0,0,0,0,,,,
KLO,2009,8,10,20,18.1,,,,,,,,969.1,,1.1,,0,0,0,0,0,0,0,,,,
KLO,2009,8,10,21,18.1,,,,,,,,969.3,,1,,0,0,0,0,0,0,0,,,,
KLO,2009,8,10,22,17.8,,,,,,,,969.6,,0.6,,0,0,0,0,0,0,0,,,,
KLO,2009,8,10,23,18,,,,,,,,969.9,,0.4,,0,0,0,0,0,0,0,,,,
KLO,2009,8,11,0,18.1,,,,,,,,970,,0.8,,0,0,0,0,0,0,0,,,,
KLO,2009,8,11,1,17.7,,,,,,,,969.9,,1.8,,0,0,0,0,0,0,0,,,,
KLO,2009,8,11,2,17.4,,,,,,,,969.8,,1.6,,0,0,0,0,0,0,0,,,,
KLO,2009,8,11,3,16.8,,,,,,,,969.7,,1.2,,0,0,0,0,0,0,0,,,,
KLO,2009,8,11,4,16,,,,,,,,970,,1.5,,3,0,0,0,0,0,0,,,,
KLO,2009,8,11,5,16.9,,,,,,,,970.4,,0.3,,46,0,0,0,0,0,0,,,,
KLO,2009,8,11,6,18,,,,,,,,970.5,,1.3,,134,0,0,0,0,0,0,,,,
KLO,2009,8,11,7,19.6,,,,,,,,970.7,,1.9,,369,2858,60.9,0,0,0,0,,,,
KLO,2009,8,11,8,20.9,,,,,,,,971,,3.5,,582,1757.8,96,0,0,0,0,,,,
KLO,2009,8,11,9,21.7,,,,,,,,971,,3.8,,702,1330.5,115.8,0,0,0,0,,,,
KLO,2009,8,11,10,22.6,,,,,,,,970.9,,4.7,,776,1101.8,128,0,0,0,0,,,,
KLO,2009,8,11,11,23.7,,,,,,,,970.9,,4.1,,845,995.4,139.4,0,0,0,0,,,,
KLO,2009,8,11,12,23.9,,,,,,,,970.6,,4.1,,716,648.4,200.9,0,0,0,0,,,,
KLO,2009,8,11,13,24.5,,,,,,,,970.5,,4,,744,620.1,223.6,0,0,0,0,,,,
KLO,2009,8,11,14,24.2,,,,,,,,970.7,,4.5,,556,223.1,368.7,0,0,0,0,,,,
KLO,2009,8,11,15,23,,,,,,,,970.8,,4.2,,294,14,282.8,0,0,0,0,,,,
KLO,2009,8,11,16,22.5,,,,,,,,970.7,,2.9,,201,5.4,197.2,0,0,0,0,,,,
KLO,2009,8,11,17,21.6,,,,,,,,970.6,,2.7,,110,2.3,108.6,0,0,0,0,,,,
KLO,2009,8,11,18,20.7,,,,,,,,970.8,,1.7,,28,0.3,27.9,0,0,0,0,,,,
KLO,2009,8,11,19,19.3,,,,,,,,971.2,,1,,0,0,0,0,0,0,0,,,,
KLO,2009,8,11,20,19.1,,,,,,,,971.4,,0.2,,0,0,0,0,0,0,0,,,,
KLO,2009,8,11,21,19,,,,,,,,971.6,,1.1,,0,0,0,0,0,0,0,,,,
KLO,2009,8,11,22,18.2,,,,,,,,971.6,,0.8,,0,0,0,0,0,0,0,,,,
KLO,2009,8,11,23,17.7,,,,,,,,971.6,,0.4,,0,0,0,0,0,0,0,,,,
KLO,2009,8,12,0,17,,,,,,,,971.4,,0.4,,0,0,0,0,0,0,0,,,,
KLO,2009,8,12,1,16.7,,,,,,,,971.2,,0.8,,0,0,0,0,0,0,0,,,,
KLO,2009,8,12,2,15.8,,,,,,,,971.1,,0.6,,0,0,0,0,0,0,0,,,,
KLO,2009,8,12,3,16,,,,,,,,971.2,,0.1,,0,0,0,0,0,0,0,,,,
KLO,2009,8,12,4,16,,,,,,,,971.4,,0.5,,3,0,0,0,0,0,0,,,,
KLO,2009,8,12,5,16.3,,,,,,,,971.8,,0.4,,47,0,0,0,0,0,0,,,,
KLO,2009,8,12,6,17.6,,,,,,,,971.9,,0.7,,134,0,0,0,0,0,0,,,,
KLO,2009,8,12,7,18.8,,,,,,,,972,,0.4,,292,2333.2,48.2,0,0,0,0,,,,
KLO,2009,8,12,8,20.6,,,,,,,,972,,0.8,,599,1829.7,98.8,0,0,0,0,,,,
KLO,2009,8,12,9,22.2,,,,,,,,971.9,,1.1,,770,1469.1,127.1,0,0,0,0,,,,
KLO,2009,8,12,10,22.9,,,,,,,,971.4,,1.1,,809,1154.1,133.5,0,0,0,0,,,,
KLO,2009,8,12,11,24,,,,,,,,970.9,,1.8,,861,1018.1,142.1,0,0,0,0,,,,
KLO,2009,8,12,12,24.5,,,,,,,,970.6,,2.6,,727,680.3,188.3,0,0,0,0,,,,
KLO,2009,8,12,13,25.2,,,,,,,,970.2,,2.5,,794,737.2,177.4,0,0,0,0,,,,
KLO,2009,8,12,14,25.5,,,,,,,,969.7,,2.9,,701,523.8,262.7,0,0,0,0,,,,
KLO,2009,8,12,15,25.5,,,,,,,,969.3,,3.1,,545,258.5,340,0,0,0,0,,,,
KLO,2009,8,12,16,25.1,,,,,,,,969,,3.4,,375,83.2,316,0,0,0,0,,,,
KLO,2009,8,12,17,24.1,,,,,,,,968.7,,3.1,,199,9.5,193.4,0,0,0,0,,,,
KLO,2009,8,12,18,22.5,,,,,,,,968.7,,2.1,,45,0.7,44.7,0,0,0,0,,,,
KLO,2009,8,12,19,19.6,,,,,,,,969,,1,,0,0,0,0,0,0,0,,,,
KLO,2009,8,12,20,17.8,,,,,,,,969.3,,0.7,,0,0,0,0,0,0,0,,,,
KLO,2009,8,12,21,17.1,,,,,,,,969.4,,0.6,,0,0,0,0,0,0,0,,,,
KLO,2009,8,12,22,16.9,,,,,,,,969.3,,1.4,,0,0,0,0,0,0,0,,,,
KLO,2009,8,12,23,16,,,,,,,,969.4,,1,,0,0,0,0,0,0,0,,,,
KLO,2009,8,13,0,15.2,,,,,,,,969.2,,1.4,,0,0,0,0,0,0,0,,,,
KLO,2009,8,13,1,15.4,,,,,,,,968.8,,1.8,,0,0,0,0,0,0,0,,,,
KLO,2009,8,13,2,15.1,,,,,,,,968.7,,1.4,,0,0,0,0,0,0,0,,,,
KLO,2009,8,13,3,14.4,,,,,,,,968.4,,1.2,,0,0,0,0,0,0,0,,,,
KLO,2009,8,13,4,14.4,,,,,,,,968.4,,1.8,,3,0,0,0,0,0,0,,,,
KLO,2009,8,13,5,15.7,,,,,,,,968.3,,1,,76,0,0,0,0,0,0,,,,
KLO,2009,8,13,6,18.1,,,,,,,,968.6,,1,,213,0,0,0,0,0,0,,,,
KLO,2009,8,13,7,20.2,,,,,,,,968.6,,1.9,,407,3359.1,67.2,0,0,0,0,,,,
KLO,2009,8,13,8,22.1,,,,,,,,968.4,,2,,573,1770.7,94.5,0,0,0,0,,,,
KLO,2009,8,13,9,23.2,,,,,,,,968,,2.8,,718,1379.2,118.5,0,0,0,0,,,,
KLO,2009,8,13,10,24.4,,,,,,,,967.5,,2.9,,782,1121,129,0,0,0,0,,,,
KLO,2009,8,13,11,25.4,,,,,,,,967.3,,3.5,,777,922.4,128.2,0,0,0,0,,,,
KLO,2009,8,13,12,25.2,,,,,,,,966.9,,3.9,,538,250.6,340.3,0,0,0,0,,,,
KLO,2009,8,13,13,24.8,,,,,,,,966.8,,3.5,,420,65.7,365.2,0,0,0,0,,,,
KLO,2009,8,13,14,24.9,,,,,,,,966.5,,3.7,,421,66.3,365.7,0,0,0,0,,,,
KLO,2009,8,13,15,25.8,,,,,,,,966,,4.3,,527,229.4,345.8,0,0,0,0,,,,
KLO,2009,8,13,16,25.3,,,,,,,,965.6,,4.1,,357,67.3,309.6,0,0,0,0,,,,
KLO,2009,8,13,17,24.8,,,,,,,,965.4,,2.9,,196,9.1,190.7,0,0,0,0,,,,
KLO,2009,8,13,18,22.9,,,,,,,,965.5,,2.5,,40,0.6,39.8,0,0,0,0,,,,
KLO,2009,8,13,19,21.8,,,,,,,,965.9,,0.5,,0,0,0,0,0,0,0,,,,
KLO,2009,8,13,20,20.7,,,,,,,,966.5,,0.7,,0,0,0,0,0,0,0,,,,
KLO,2009,8,13,21,20.6,,,,,,,,966.7,,1.8,,0,0,0,0,0,0,0,,,,
KLO,2009,8,13,22,19.8,,,,,,,,967.3,,2.6,,0,0,0,0,0,0,0,,,,
KLO,2009,8,13,23,18.4,,,,,,,,967.5,,0.5,,0,0,0,0,0,0,0,,,,
KLO,2009,8,14,0,16.3,,,,,,,,967.4,,1.4,,0,0,0,0,0,0,0,,,,
KLO,2009,8,14,1,15.3,,,,,,,,967.3,,1.8,,0,0,0,0,0,0,0,,,,
KLO,2009,8,14,2,14.8,,,,,,,,967.2,,1.5,,0,0,0,0,0,0,0,,,,
KLO,2009,8,14,3,14.2,,,,,,,,967,,1.5,,0,0,0,0,0,0,0,,,,
KLO,2009,8,14,4,13.9,,,,,,,,967.2,,0.7,,4,0,0,0,0,0,0,,,,
KLO,2009,8,14,5,15.2,,,,,,,,967.5,,0.6,,64,0,0,0,0,0,0,,,,
KLO,2009,8,14,6,16.9,,,,,,,,967.6,,0.2,,231,0,0,0,0,0,0,,,,
KLO,2009,8,14,7,19,,,,,,,,967.9,,0.3,,412,3516.9,68,0,0,0,0,,,,
KLO,2009,8,14,8,20.5,,,,,,,,968.1,,0.7,,537,1679.2,88.6,0,0,0,0,,,,
KLO,2009,8,14,9,21.9,,,,,,,,968,,1,,536,1036.7,88.4,0,0,0,0,,,,
KLO,2009,8,14,10,23.2,,,,,,,,967.9,,1.5,,738,1063.1,121.8,0,0,0,0,,,,
KLO,2009,8,14,11,24.2,,,,,,,,967.7,,2.4,,825,983.3,136.1,0,0,0,0,,,,
KLO,2009,8,14,12,24.8,,,,,,,,967.5,,2,,848,900.6,139.9,0,0,0,0,,,,
KLO,2009,8,14,13,24.5,,,,,,,,967.4,,2.6,,413,61.5,361.9,0,0,0,0,,,,
KLO,2009,8,14,14,24.4,,,,,,,,967.4,,2.8,,471,113.9,376.4,0,0,0,0,,,,
KLO,2009,8,14,15,25.1,,,,,,,,967.3,,3.1,,547,270,334.5,0,0,0,0,,,,
KLO,2009,8,14,16,25,,,,,,,,967.3,,2.7,,369,80.5,312.5,0,0,0,0,,,,
KLO,2009,8,14,17,24,,,,,,,,967.2,,2.8,,182,7.1,177.9,0,0,0,0,,,,
KLO,2009,8,14,18,22,,,,,,,,967.2,,1.1,,40,0.6,39.8,0,0,0,0,,,,
KLO,2009,8,14,19,20.3,,,,,,,,967.7,,1.6,,0,0,0,0,0,0,0,,,,
KLO,2009,8,14,20,18.4,,,,,,,,968.2,,1.5,,0,0,0,0,0,0,0,,,,
KLO,2009,8,14,21,18.3,,,,,,,,968.5,,0.5,,0,0,0,0,0,0,0,,,,
KLO,2009,8,14,22,17.9,,,,,,,,968.8,,0.4,,0,0,0,0,0,0,0,,,,
KLO,2009,8,14,23,16.7,,,,,,,,968.9,,0.1,,0,0,0,0,0,0,0,,,,
KLO,2009,8,15,0,15.8,,,,,,,,968.7,,0.1,,0,0,0,0,0,0,0,,,,
KLO,2009,8,15,1,15.1,,,,,,,,968.5,,0,,0,0,0,0,0,0,0,,,,
KLO,2009,8,15,2,14.3,,,,,,,,968.3,,0.2,,0,0,0,0,0,0,0,,,,
KLO,2009,8,15,3,14.1,,,,,,,,968.3,,1.2,,0,0,0,0,0,0,0,,,,
KLO,2009,8,15,4,13.8,,,,,,,,968.6,,0,,3,0,0,0,0,0,0,,,,
KLO,2009,8,15,5,14.2,,,,,,,,968.9,,0.2,,69,0,0,0,0,0,0,,,,
KLO,2009,8,15,6,16.7,,,,,,,,969,,0,,226,0,0,0,0,0,0,,,,
KLO,2009,8,15,7,19.1,,,,,,,,969.1,,0.5,,403,3563,66.5,0,0,0,0,,,,
KLO,2009,8,15,8,21.1,,,,,,,,969.1,,0.6,,565,1788.2,93.2,0,0,0,0,,,,
KLO,2009,8,15,9,22.7,,,,,,,,969,,0.9,,682,1328.4,112.5,0,0,0,0,,,,
KLO,2009,8,15,10,24.6,,,,,,,,968.8,,1.7,,795,1151,131.2,0,0,0,0,,,,
KLO,2009,8,15,11,26.4,,,,,,,,968.5,,2.1,,840,1005.2,138.6,0,0,0,0,,,,
KLO,2009,8,15,12,27.2,,,,,,,,968.3,,2.1,,833,887.8,137.5,0,0,0,0,,,,
KLO,2009,8,15,13,28,,,,,,,,968.1,,2.2,,782,728,179.4,0,0,0,0,,,,
KLO,2009,8,15,14,28.4,,,,,,,,967.7,,1.8,,676,481.8,277.1,0,0,0,0,,,,
KLO,2009,8,15,15,28.6,,,,,,,,967.4,,1.7,,526,234.8,342,0,0,0,0,,,,
KLO,2009,8,15,16,28.4,,,,,,,,967.2,,1.9,,352,65.7,306.1,0,0,0,0,,,,
KLO,2009,8,15,17,27.2,,,,,,,,967,,2.5,,175,6.4,171.3,0,0,0,0,,,,
KLO,2009,8,15,18,24.8,,,,,,,,967.1,,1.8,,36,0.5,35.8,0,0,0,0,,,,
KLO,2009,8,15,19,22.2,,,,,,,,967.6,,0.4,,0,0,0,0,0,0,0,,,,
KLO,2009,8,15,20,20.5,,,,,,,,968.1,,0.4,,0,0,0,0,0,0,0,,,,
KLO,2009,8,15,21,19.7,,,,,,,,968.3,,1,,0,0,0,0,0,0,0,,,,
KLO,2009,8,15,22,18.2,,,,,,,,968.5,,0.7,,0,0,0,0,0,0,0,,,,
KLO,2009,8,15,23,17.7,,,,,,,,968.5,,0,,0,0,0,0,0,0,0,,,,
KLO,2009,8,16,0,17.1,,,,,,,,968.4,,0.4,,0,0,0,0,0,0,0,,,,
KLO,2009,8,16,1,16.5,,,,,,,,968.4,,0.1,,0,0,0,0,0,0,0,,,,
KLO,2009,8,16,2,15.9,,,,,,,,968.5,,0,,0,0,0,0,0,0,0,,,,
KLO,2009,8,16,3,15,,,,,,,,968.5,,0,,0,0,0,0,0,0,0,,,,
KLO,2009,8,16,4,15,,,,,,,,968.6,,0.2,,3,0,0,0,0,0,0,,,,
KLO,2009,8,16,5,15.5,,,,,,,,968.9,,0.2,,69,0,0,0,0,0,0,,,,
KLO,2009,8,16,6,19.2,,,,,,,,969.1,,0.8,,228,0,0,0,0,0,0,,,,
KLO,2009,8,16,7,21.6,,,,,,,,969.1,,1.2,,404,3705,66.7,0,0,0,0,,,,
KLO,2009,8,16,8,23.6,,,,,,,,969,,0.8,,565,1810.4,93.2,0,0,0,0,,,,
KLO,2009,8,16,9,25.6,,,,,,,,968.9,,1.3,,705,1383.1,116.3,0,0,0,0,,,,
KLO,2009,8,16,10,27.3,,,,,,,,968.5,,1.5,,802,1167.1,132.3,0,0,0,0,,,,
KLO,2009,8,16,11,28.8,,,,,,,,968.2,,2.1,,796,956.5,131.3,0,0,0,0,,,,
KLO,2009,8,16,12,29.6,,,,,,,,967.8,,1.6,,802,853.8,135.6,0,0,0,0,,,,
KLO,2009,8,16,13,29.9,,,,,,,,967.5,,2,,653,434.3,294.8,0,0,0,0,,,,
KLO,2009,8,16,14,29.7,,,,,,,,967.2,,2.1,,457,102.4,372.5,0,0,0,0,,,,
KLO,2009,8,16,15,29.6,,,,,,,,967,,1.4,,408,78.1,347,0,0,0,0,,,,
KLO,2009,8,16,16,29.7,,,,,,,,966.7,,1.2,,345,61.1,302.6,0,0,0,0,,,,
KLO,2009,8,16,17,28.6,,,,,,,,966.5,,1.6,,172,6.2,168.4,0,0,0,0,,,,
KLO,2009,8,16,18,26.3,,,,,,,,966.6,,1.2,,35,0.5,34.8,0,0,0,0,,,,
KLO,2009,8,16,19,22.6,,,,,,,,967.1,,0.5,,0,0,0,0,0,0,0,,,,
KLO,2009,8,16,20,20.2,,,,,,,,967.3,,1,,0,0,0,0,0,0,0,,,,
KLO,2009,8,16,21,20.6,,,,,,,,967.4,,2.1,,0,0,0,0,0,0,0,,,,
KLO,2009,8,16,22,19.6,,,,,,,,967.7,,1.1,,0,0,0,0,0,0,0,,,,
KLO,2009,8,16,23,18.2,,,,,,,,968,,0.9,,0,0,0,0,0,0,0,,,,
KLO,2009,8,17,0,18,,,,,,,,967.8,,1.4,,0,0,0,0,0,0,0,,,,
KLO,2009,8,17,1,18.4,,,,,,,,967.7,,2.3,,0,0,0,0,0,0,0,,,,
KLO,2009,8,17,2,18.3,,,,,,,,967.6,,2.9,,0,0,0,0,0,0,0,,,,
KLO,2009,8,17,3,18,,,,,,,,967.6,,2.3,,0,0,0,0,0,0,0,,,,
KLO,2009,8,17,4,17.3,,,,,,,,967.6,,2.4,,2,0,0,0,0,0,0,,,,
KLO,2009,8,17,5,17.7,,,,,,,,967.7,,2,,67,0,0,0,0,0,0,,,,
KLO,2009,8,17,6,21.4,,,,,,,,967.9,,1,,233,0,0,0,0,0,0,,,,
KLO,2009,8,17,7,23.6,,,,,,,,967.9,,1.9,,393,3744.5,64.8,0,0,0,0,,,,
KLO,2009,8,17,8,25,,,,,,,,967.9,,2,,547,1774.9,90.3,0,0,0,0,,,,
KLO,2009,8,17,9,26.6,,,,,,,,967.8,,2.5,,654,1292.4,107.9,0,0,0,0,,,,
KLO,2009,8,17,10,28.2,,,,,,,,967.6,,2.6,,787,1151.2,129.9,0,0,0,0,,,,
KLO,2009,8,17,11,29,,,,,,,,967.4,,2.9,,791,954.5,130.5,0,0,0,0,,,,
KLO,2009,8,17,12,29.6,,,,,,,,967,,3.7,,675,581.5,222.9,0,0,0,0,,,,
KLO,2009,8,17,13,29.8,,,,,,,,966.5,,3.4,,621,368.6,318.1,0,0,0,0,,,,
KLO,2009,8,17,14,30.4,,,,,,,,965.8,,2.4,,547,226.8,360.7,0,0,0,0,,,,
KLO,2009,8,17,15,30.6,,,,,,,,965.1,,3.7,,474,157.2,351.9,0,0,0,0,,,,
KLO,2009,8,17,16,28.9,,,,,,,,964.8,,3.3,,188,5,184.5,0,0,0,0,,,,
KLO,2009,8,17,17,26.6,,,,,,,,965.3,,3.7,,33,0.2,32.9,0,0,0,0,,,,
KLO,2009,8,17,18,23.8,,,,,,,,966.1,,2.2,,5,0,5,0,0,0,0,,,,
KLO,2009,8,17,19,20.2,,,,,,,,966.8,,2.2,,0,0,0,0,0,0,0,,,,
KLO,2009,8,17,20,21.4,,,,,,,,967.6,,2.9,,1,0,1,0,0,0,0,,,,
KLO,2009,8,17,21,19.7,,,,,,,,967.8,,2.7,,0,0,0,0,0,0,0,,,,
KLO,2009,8,17,22,19.7,,,,,,,,968.6,,2.1,,0,0,0,0,0,0,0,,,,
KLO,2009,8,17,23,19.4,,,,,,,,968.7,,1.4,,0,0,0,0,0,0,0,,,,
KLO,2009,8,18,0,18.9,,,,,,,,968.8,,0.6,,0,0,0,0,0,0,0,,,,
KLO,2009,8,18,1,18.3,,,,,,,,968.8,,0.7,,0,0,0,0,0,0,0,,,,
KLO,2009,8,18,2,18,,,,,,,,968.8,,0,,0,0,0,0,0,0,0,,,,
KLO,2009,8,18,3,17.4,,,,,,,,968.9,,0,,0,0,0,0,0,0,0,,,,
KLO,2009,8,18,4,16.8,,,,,,,,969.2,,1.1,,2,0,0,0,0,0,0,,,,
KLO,2009,8,18,5,17.1,,,,,,,,969.7,,1.1,,56,0,0,0,0,0,0,,,,
KLO,2009,8,18,6,19.2,,,,,,,,970.1,,0.8,,202,0,0,0,0,0,0,,,,
KLO,2009,8,18,7,20.9,,,,,,,,970.3,,0.3,,380,3768.1,62.7,0,0,0,0,,,,
KLO,2009,8,18,8,22.8,,,,,,,,970.5,,0.7,,543,1784.7,89.6,0,0,0,0,,,,
KLO,2009,8,18,9,24.5,,,,,,,,970.5,,1.4,,677,1347.8,111.7,0,0,0,0,,,,
KLO,2009,8,18,10,25.8,,,,,,,,970.5,,1.5,,752,1105.8,124.1,0,0,0,0,,,,
KLO,2009,8,18,11,26.4,,,,,,,,970.3,,1.1,,661,752.7,142.4,0,0,0,0,,,,
KLO,2009,8,18,12,28,,,,,,,,970.1,,1.7,,804,865.2,133.9,0,0,0,0,,,,
KLO,2009,8,18,13,28.8,,,,,,,,969.8,,1.6,,755,685.6,193.7,0,0,0,0,,,,
KLO,2009,8,18,14,29.1,,,,,,,,969.3,,2.5,,621,373.9,315.1,0,0,0,0,,,,
KLO,2009,8,18,15,28.9,,,,,,,,969,,2.4,,504,207.4,343.6,0,0,0,0,,,,
KLO,2009,8,18,16,28.7,,,,,,,,968.8,,1.3,,332,53.2,295.5,0,0,0,0,,,,
KLO,2009,8,18,17,27.8,,,,,,,,968.7,,1.4,,157,5.2,154.1,0,0,0,0,,,,
KLO,2009,8,18,18,25.7,,,,,,,,968.9,,0.7,,14,0.1,14,0,0,0,0,,,,
KLO,2009,8,18,19,22.3,,,,,,,,969.6,,1.5,,0,0,0,0,0,0,0,,,,
KLO,2009,8,18,20,20.5,,,,,,,,970.1,,2.4,,0,0,0,0,0,0,0,,,,
KLO,2009,8,18,21,19.8,,,,,,,,970.2,,2.2,,0,0,0,0,0,0,0,,,,
KLO,2009,8,18,22,19.6,,,,,,,,970.2,,2.1,,0,0,0,0,0,0,0,,,,
KLO,2009,8,18,23,19.3,,,,,,,,970.3,,2.3,,0,0,0,0,0,0,0,,,,
KLO,2009,8,19,0,18.7,,,,,,,,970.3,,3.1,,0,0,0,0,0,0,0,,,,
KLO,2009,8,19,1,17.7,,,,,,,,970.4,,3.2,,0,0,0,0,0,0,0,,,,
KLO,2009,8,19,2,17.3,,,,,,,,970.6,,1.6,,0,0,0,0,0,0,0,,,,
KLO,2009,8,19,3,16.5,,,,,,,,970.6,,0.8,,0,0,0,0,0,0,0,,,,
KLO,2009,8,19,4,15.7,,,,,,,,970.7,,0.3,,2,0,0,0,0,0,0,,,,
KLO,2009,8,19,5,16.3,,,,,,,,970.9,,0.3,,61,0,0,0,0,0,0,,,,
KLO,2009,8,19,6,18.6,,,,,,,,971.2,,0.1,,204,0,0,0,0,0,0,,,,
KLO,2009,8,19,7,20.9,,,,,,,,971.4,,0.2,,382,3949.7,63,0,0,0,0,,,,
KLO,2009,8,19,8,23.2,,,,,,,,971.5,,0.6,,543,1808.2,89.6,0,0,0,0,,,,
KLO,2009,8,19,9,25.2,,,,,,,,971.6,,0.5,,661,1325.9,109.1,0,0,0,0,,,,
KLO,2009,8,19,10,27,,,,,,,,971.4,,1.2,,751,1110.3,123.9,0,0,0,0,,,,
KLO,2009,8,19,11,28.8,,,,,,,,971.1,,0.9,,795,967.7,131.2,0,0,0,0,,,,
KLO,2009,8,19,12,30.3,,,,,,,,970.8,,1.2,,792,852.2,134.5,0,0,0,0,,,,
KLO,2009,8,19,13,31.3,,,,,,,,970.5,,1.1,,745,668.8,199.6,0,0,0,0,,,,
KLO,2009,8,19,14,31.8,,,,,,,,970.1,,1.8,,645,432.6,292.4,0,0,0,0,,,,
KLO,2009,8,19,15,32,,,,,,,,969.8,,2,,492,191,344.9,0,0,0,0,,,,
KLO,2009,8,19,16,31.7,,,,,,,,969.7,,1.3,,329,52.2,293.3,0,0,0,0,,,,
KLO,2009,8,19,17,30.5,,,,,,,,969.6,,0.6,,156,5.2,153.1,0,0,0,0,,,,
KLO,2009,8,19,18,27.6,,,,,,,,969.8,,0.5,,24,0.2,23.9,0,0,0,0,,,,
KLO,2009,8,19,19,23.9,,,,,,,,970.4,,0.1,,0,0,0,0,0,0,0,,,,
KLO,2009,8,19,20,21.8,,,,,,,,970.7,,0.1,,0,0,0,0,0,0,0,,,,
KLO,2009,8,19,21,20.6,,,,,,,,971,,0.7,,0,0,0,0,0,0,0,,,,
KLO,2009,8,19,22,19.5,,,,,,,,971.3,,0.7,,0,0,0,0,0,0,0,,,,
KLO,2009,8,19,23,18.3,,,,,,,,971.4,,0.9,,0,0,0,0,0,0,0,,,,
KLO,2009,8,20,0,17.7,,,,,,,,971.2,,0.2,,0,0,0,0,0,0,0,,,,
KLO,2009,8,20,1,17.2,,,,,,,,970.9,,0.1,,0,0,0,0,0,0,0,,,,
KLO,2009,8,20,2,16.3,,,,,,,,971,,0.6,,0,0,0,0,0,0,0,,,,
KLO,2009,8,20,3,15.9,,,,,,,,971,,0.7,,0,0,0,0,0,0,0,,,,
KLO,2009,8,20,4,15.4,,,,,,,,971,,0.9,,2,0,0,0,0,0,0,,,,
KLO,2009,8,20,5,16.3,,,,,,,,971,,0.5,,57,0,0,0,0,0,0,,,,
KLO,2009,8,20,6,18.6,,,,,,,,971.2,,0.2,,202,0,0,0,0,0,0,,,,
KLO,2009,8,20,7,21.4,,,,,,,,971.3,,0.4,,374,4040.1,61.7,0,0,0,0,,,,
KLO,2009,8,20,8,24.4,,,,,,,,971.2,,0.6,,537,1812.3,88.6,0,0,0,0,,,,
KLO,2009,8,20,9,26.5,,,,,,,,971.1,,0.4,,666,1346.2,109.9,0,0,0,0,,,,
KLO,2009,8,20,10,28.1,,,,,,,,970.9,,0.8,,752,1117.9,124.1,0,0,0,0,,,,
KLO,2009,8,20,11,29.9,,,,,,,,970.4,,1.6,,794,970.8,131,0,0,0,0,,,,
KLO,2009,8,20,12,30.9,,,,,,,,970,,1.5,,791,855.4,133.7,0,0,0,0,,,,
KLO,2009,8,20,13,31.6,,,,,,,,969.6,,2.1,,740,663.5,201,0,0,0,0,,,,
KLO,2009,8,20,14,32,,,,,,,,969.1,,1.9,,638,422.4,295.2,0,0,0,0,,,,
KLO,2009,8,20,15,32.3,,,,,,,,968.8,,0.9,,498,204.6,341.2,0,0,0,0,,,,
KLO,2009,8,20,16,32,,,,,,,,968.4,,1.6,,327,52,291.7,0,0,0,0,,,,
KLO,2009,8,20,17,30.7,,,,,,,,968.1,,1.5,,146,4.6,143.4,0,0,0,0,,,,
KLO,2009,8,20,18,28.3,,,,,,,,968.4,,0.8,,24,0.2,23.9,0,0,0,0,,,,
KLO,2009,8,20,19,24.9,,,,,,,,968.9,,0.4,,0,0,0,0,0,0,0,,,,
KLO,2009,8,20,20,22.5,,,,,,,,969.2,,1.4,,0,0,0,0,0,0,0,,,,
KLO,2009,8,20,21,23.2,,,,,,,,969.2,,1.5,,0,0,0,0,0,0,0,,,,
KLO,2009,8,20,22,22.2,,,,,,,,969.3,,1.3,,0,0,0,0,0,0,0,,,,
KLO,2009,8,20,23,21.5,,,,,,,,969.4,,0.8,,0,0,0,0,0,0,0,,,,
KLO,2009,8,21,0,21.5,,,,,,,,969.2,,1.1,,0,0,0,0,0,0,0,,,,
KLO,2009,8,21,1,21,,,,,,,,969,,1.6,,0,0,0,0,0,0,0,,,,
KLO,2009,8,21,2,19.3,,,,,,,,968.9,,1.2,,0,0,0,0,0,0,0,,,,
KLO,2009,8,21,3,19.2,,,,,,,,969.1,,1.2,,0,0,0,0,0,0,0,,,,
KLO,2009,8,21,4,20.8,,,,,,,,969.8,,3.4,,2,0,0,0,0,0,0,,,,
KLO,2009,8,21,5,21,,,,,,,,970.9,,2.1,,13,0,0,0,0,0,0,,,,
KLO,2009,8,21,6,20.7,,,,,,,,971.8,,1.4,,68,0,0,0,0,0,0,,,,
KLO,2009,8,21,7,20.4,,,,,,,,972.2,,1.5,,113,1278.1,18.6,0,0,0,0,,,,
KLO,2009,8,21,8,20.1,,,,,,,,972.9,,1.6,,68,5.2,66.7,0,0,0,0,,,,
KLO,2009,8,21,9,20,,,,,,,,973.6,,1.6,,169,23.9,159.2,0,0,0,0,,,,
KLO,2009,8,21,10,21.1,,,,,,,,973.2,,1.5,,287,71.3,247.2,0,0,0,0,,,,
KLO,2009,8,21,11,21.8,,,,,,,,972.6,,1.2,,266,18.4,253.5,0,0,0,0,,,,
KLO,2009,8,21,12,23.8,,,,,,,,971.4,,2.3,,490,192.1,343,0,0,0,0,,,,
KLO,2009,8,21,13,24.9,,,,,,,,970.7,,1.5,,551,247.2,351,0,0,0,0,,,,
KLO,2009,8,21,14,25.8,,,,,,,,970,,2.2,,583,309.2,333.1,0,0,0,0,,,,
KLO,2009,8,21,15,25.8,,,,,,,,970,,2.2,,473,167.9,345,0,0,0,0,,,,
KLO,2009,8,21,16,25.2,,,,,,,,970.1,,1.5,,263,17.9,250.9,0,0,0,0,,,,
KLO,2009,8,21,17,24,,,,,,,,970.2,,3.4,,101,2.3,99.8,0,0,0,0,,,,
KLO,2009,8,21,18,22.1,,,,,,,,970.6,,4.4,,13,0.1,13,0,0,0,0,,,,
KLO,2009,8,21,19,21.5,,,,,,,,971,,2.9,,0,0,0,0,0,0,0,,,,
KLO,2009,8,21,20,20.8,,,,,,,,971.6,,3.3,,0,0,0,0,0,0,0,,,,
KLO,2009,8,21,21,20,,,,,,,,971.9,,2.7,,0,0,0,0,0,0,0,,,,
KLO,2009,8,21,22,18.6,,,,,,,,972,,3.4,,0,0,0,0,0,0,0,,,,
KLO,2009,8,21,23,17.9,,,,,,,,972.1,,2.6,,0,0,0,0,0,0,0,,,,
KLO,2009,8,22,0,16.9,,,,,,,,972,,3.2,,0,0,0,0,0,0,0,,,,
KLO,2009,8,22,1,14.9,,,,,,,,972.1,,2.9,,0,0,0,0,0,0,0,,,,
KLO,2009,8,22,2,14.7,,,,,,,,972.3,,2.2,,0,0,0,0,0,0,0,,,,
KLO,2009,8,22,3,14.8,,,,,,,,972.4,,1.8,,0,0,0,0,0,0,0,,,,
KLO,2009,8,22,4,14.7,,,,,,,,972.5,,1.7,,0,0,0,0,0,0,0,,,,
KLO,2009,8,22,5,14.7,,,,,,,,972.9,,1.4,,12,0,0,0,0,0,0,,,,
KLO,2009,8,22,6,14.7,,,,,,,,973,,2.4,,73,0,0,0,0,0,0,,,,
KLO,2009,8,22,7,14.8,,,,,,,,973.1,,2,,90,1068.4,14.9,0,0,0,0,,,,
KLO,2009,8,22,8,15.1,,,,,,,,973.2,,2.3,,188,412.3,88.8,0,0,0,0,,,,
KLO,2009,8,22,9,16,,,,,,,,973.5,,3.9,,314,395.9,153,0,0,0,0,,,,
KLO,2009,8,22,10,17.4,,,,,,,,973.4,,4.3,,450,466.6,190.8,0,0,0,0,,,,
KLO,2009,8,22,11,17.7,,,,,,,,973.5,,4.8,,370,95.5,305.4,0,0,0,0,,,,
KLO,2009,8,22,12,19,,,,,,,,973.4,,3.6,,658,570.1,223.6,0,0,0,0,,,,
KLO,2009,8,22,13,19.3,,,,,,,,973.3,,4.6,,573,292.5,337.4,0,0,0,0,,,,
KLO,2009,8,22,14,19.3,,,,,,,,973.1,,4.8,,386,51,344.9,0,0,0,0,,,,
KLO,2009,8,22,15,19.7,,,,,,,,973,,4.5,,462,154.8,344.6,0,0,0,0,,,,
KLO,2009,8,22,16,19.5,,,,,,,,973.1,,4.4,,310,42.2,281.7,0,0,0,0,,,,
KLO,2009,8,22,17,18.5,,,,,,,,973.2,,3.7,,126,3.6,124,0,0,0,0,,,,
KLO,2009,8,22,18,16.9,,,,,,,,973.4,,2.2,,12,0.1,12,0,0,0,0,,,,
KLO,2009,8,22,19,15.6,,,,,,,,973.7,,1.3,,0,0,0,0,0,0,0,,,,
KLO,2009,8,22,20,13.9,,,,,,,,973.8,,1.2,,0,0,0,0,0,0,0,,,,
KLO,2009,8,22,21,13.1,,,,,,,,973.9,,1.3,,0,0,0,0,0,0,0,,,,
KLO,2009,8,22,22,12.1,,,,,,,,973.9,,2,,0,0,0,0,0,0,0,,,,
KLO,2009,8,22,23,11.8,,,,,,,,973.7,,1.4,,0,0,0,0,0,0,0,,,,
KLO,2009,8,23,0,11.1,,,,,,,,973.3,,1,,0,0,0,0,0,0,0,,,,
KLO,2009,8,23,1,10.9,,,,,,,,972.7,,1.8,,0,0,0,0,0,0,0,,,,
KLO,2009,8,23,2,11.5,,,,,,,,972.2,,2.4,,0,0,0,0,0,0,0,,,,
KLO,2009,8,23,3,10.8,,,,,,,,971.8,,1.8,,0,0,0,0,0,0,0,,,,
KLO,2009,8,23,4,10.5,,,,,,,,971.6,,1,,1,0,0,0,0,0,0,,,,
KLO,2009,8,23,5,10.6,,,,,,,,971.4,,2.4,,48,0,0,0,0,0,0,,,,
KLO,2009,8,23,6,12.7,,,,,,,,971.5,,2,,201,0,0,0,0,0,0,,,,
KLO,2009,8,23,7,15,,,,,,,,971.2,,2.1,,388,4846.9,64,0,0,0,0,,,,
KLO,2009,8,23,8,17.3,,,,,,,,971,,3.6,,569,2002.3,93.9,0,0,0,0,,,,
KLO,2009,8,23,9,18.8,,,,,,,,970.5,,3.6,,683,1413.8,112.7,0,0,0,0,,,,
KLO,2009,8,23,10,20.2,,,,,,,,970,,4.6,,785,1186.9,129.5,0,0,0,0,,,,
KLO,2009,8,23,11,21.4,,,,,,,,969.3,,6.4,,832,1031.5,137.3,0,0,0,0,,,,
KLO,2009,8,23,12,22.5,,,,,,,,968.6,,5.8,,820,902.3,135.3,0,0,0,0,,,,
KLO,2009,8,23,13,23.4,,,,,,,,968,,5,,761,731.8,173.9,0,0,0,0,,,,
KLO,2009,8,23,14,23.9,,,,,,,,967.3,,5.1,,651,471.1,273.7,0,0,0,0,,,,
KLO,2009,8,23,15,24.1,,,,,,,,966.7,,4.5,,506,231.2,331.5,0,0,0,0,,,,
KLO,2009,8,23,16,23.7,,,,,,,,966.4,,4.6,,328,57.4,289.7,0,0,0,0,,,,
KLO,2009,8,23,17,22.8,,,,,,,,965.9,,3.4,,147,4.9,144.3,0,0,0,0,,,,
KLO,2009,8,23,18,21,,,,,,,,965.7,,2.8,,20,0.2,19.9,0,0,0,0,,,,
KLO,2009,8,23,19,20,,,,,,,,965.6,,4.1,,0,0,0,0,0,0,0,,,,
KLO,2009,8,23,20,17.4,,,,,,,,965.6,,2.4,,0,0,0,0,0,0,0,,,,
KLO,2009,8,23,21,15.7,,,,,,,,965.3,,2.8,,0,0,0,0,0,0,0,,,,
KLO,2009,8,23,22,14.4,,,,,,,,965.1,,2.9,,0,0,0,0,0,0,0,,,,
KLO,2009,8,23,23,13.7,,,,,,,,964.9,,2.4,,0,0,0,0,0,0,0,,,,
KLO,2009,8,24,0,13.4,,,,,,,,964.5,,1.5,,0,0,0,0,0,0,0,,,,
KLO,2009,8,24,1,12.6,,,,,,,,964.3,,1.5,,0,0,0,0,0,0,0,,,,
KLO,2009,8,24,2,12.3,,,,,,,,964.3,,0.1,,0,0,0,0,0,0,0,,,,
KLO,2009,8,24,3,11.6,,,,,,,,964.1,,0.1,,0,0,0,0,0,0,0,,,,
KLO,2009,8,24,4,11.2,,,,,,,,964,,0.6,,1,0,0,0,0,0,0,,,,
KLO,2009,8,24,5,12,,,,,,,,964.1,,0.4,,50,0,0,0,0,0,0,,,,
KLO,2009,8,24,6,14.4,,,,,,,,964.1,,0.5,,199,0,0,0,0,0,0,,,,
KLO,2009,8,24,7,16.8,,,,,,,,963.8,,0.8,,372,4904.1,61.4,0,0,0,0,,,,
KLO,2009,8,24,8,19.2,,,,,,,,963.5,,0.9,,533,1903.1,87.9,0,0,0,0,,,,
KLO,2009,8,24,9,21.5,,,,,,,,963.2,,0.5,,668,1394.1,110.2,0,0,0,0,,,,
KLO,2009,8,24,10,23.9,,,,,,,,962.7,,1.4,,760,1155.8,125.4,0,0,0,0,,,,
KLO,2009,8,24,11,25.6,,,,,,,,962.2,,0.6,,798,994.1,131.7,0,0,0,0,,,,
KLO,2009,8,24,12,27.8,,,,,,,,961.8,,0.7,,785,865.7,131,0,0,0,0,,,,
KLO,2009,8,24,13,29,,,,,,,,961.3,,1.2,,727,659.9,199.9,0,0,0,0,,,,
KLO,2009,8,24,14,29.6,,,,,,,,960.9,,1.6,,631,430.3,287.9,0,0,0,0,,,,
KLO,2009,8,24,15,29.7,,,,,,,,960.9,,1.3,,485,198.2,336.1,0,0,0,0,,,,
KLO,2009,8,24,16,29.3,,,,,,,,960.7,,1.1,,302,39.3,276,0,0,0,0,,,,
KLO,2009,8,24,17,28.6,,,,,,,,960.4,,0.9,,116,3.1,114.3,0,0,0,0,,,,
KLO,2009,8,24,18,24.8,,,,,,,,960.2,,0.8,,14,0.1,14,0,0,0,0,,,,
KLO,2009,8,24,19,21.7,,,,,,,,960.5,,0.9,,0,0,0,0,0,0,0,,,,
KLO,2009,8,24,20,20.2,,,,,,,,960.7,,1.2,,0,0,0,0,0,0,0,,,,
KLO,2009,8,24,21,19.7,,,,,,,,960.4,,1.5,,0,0,0,0,0,0,0,,,,
KLO,2009,8,24,22,18.4,,,,,,,,960.6,,1.4,,0,0,0,0,0,0,0,,,,
KLO,2009,8,24,23,19.3,,,,,,,,961.1,,1.8,,0,0,0,0,0,0,0,,,,
KLO,2009,8,25,0,20.9,,,,,,,,962,,1.6,,0,0,0,0,0,0,0,,,,
KLO,2009,8,25,1,20.9,,,,,,,,962.6,,2,,0,0,0,0,0,0,0,,,,
KLO,2009,8,25,2,20.7,,,,,,,,963.5,,4.9,,0,0,0,0,0,0,0,,,,
KLO,2009,8,25,3,19,,,,,,,,963.7,,3,,0,0,0,0,0,0,0,,,,
KLO,2009,8,25,4,18.6,,,,,,,,963.6,,1.9,,0,0,0,0,0,0,0,,,,
KLO,2009,8,25,5,18,,,,,,,,964.2,,1.9,,12,0,0,0,0,0,0,,,,
KLO,2009,8,25,6,18,,,,,,,,964.5,,1.2,,55,0,0,0,0,0,0,,,,
KLO,2009,8,25,7,18.4,,,,,,,,964.1,,1,,74,1032.8,12.2,0,0,0,0,,,,
KLO,2009,8,25,8,19.1,,,,,,,,964.1,,0.8,,260,942.2,42.9,0,0,0,0,,,,
KLO,2009,8,25,9,20.3,,,,,,,,964.2,,1.4,,394,805,74.6,0,0,0,0,,,,
KLO,2009,8,25,10,22.4,,,,,,,,964,,0.9,,726,1110.7,119.8,0,0,0,0,,,,
KLO,2009,8,25,11,23.7,,,,,,,,963.8,,1.2,,808,1011.5,133.3,0,0,0,0,,,,
KLO,2009,8,25,12,25.6,,,,,,,,963.7,,1.3,,762,833.9,134.8,0,0,0,0,,,,
KLO,2009,8,25,13,26.5,,,,,,,,963.4,,1.6,,683,559.4,238.1,0,0,0,0,,,,
KLO,2009,8,25,14,26.3,,,,,,,,963.4,,2.4,,423,84.4,356,0,0,0,0,,,,
KLO,2009,8,25,15,22.4,,,,,,,,964,,5.8,,182,4,179,0,0,0,0,,,,
KLO,2009,8,25,16,20.1,,,,,,,,964.9,,3.7,,12,0,12,0,0,0,0,,,,
KLO,2009,8,25,17,19,,,,,,,,965.7,,2.5,,3,0,3,0,0,0,0,,,,
KLO,2009,8,25,18,18.6,,,,,,,,966.1,,3.7,,1,0,1,0,0,0,0,,,,
KLO,2009,8,25,19,18.2,,,,,,,,966.4,,2.7,,0,0,0,0,0,0,0,,,,
KLO,2009,8,25,20,17.4,,,,,,,,966.4,,1.6,,0,0,0,0,0,0,0,,,,
KLO,2009,8,25,21,16.9,,,,,,,,966.4,,0.7,,0,0,0,0,0,0,0,,,,
KLO,2009,8,25,22,16.8,,,,,,,,966.5,,1,,0,0,0,0,0,0,0,,,,
KLO,2009,8,25,23,16.9,,,,,,,,967,,0.5,,0,0,0,0,0,0,0,,,,
KLO,2009,8,26,0,17,,,,,,,,967.4,,0.6,,0,0,0,0,0,0,0,,,,
KLO,2009,8,26,1,17.3,,,,,,,,967.4,,1.6,,0,0,0,0,0,0,0,,,,
KLO,2009,8,26,2,17,,,,,,,,967.1,,2.4,,0,0,0,0,0,0,0,,,,
KLO,2009,8,26,3,16.9,,,,,,,,966.7,,2.1,,0,0,0,0,0,0,0,,,,
KLO,2009,8,26,4,16.8,,,,,,,,966.8,,1.2,,0,0,0,0,0,0,0,,,,
KLO,2009,8,26,5,17,,,,,,,,966.8,,2.1,,26,0,0,0,0,0,0,,,,
KLO,2009,8,26,6,17.6,,,,,,,,966.9,,1.2,,62,0,0,0,0,0,0,,,,
KLO,2009,8,26,7,18.2,,,,,,,,967.3,,1.2,,189,2802.3,31.2,0,0,0,0,,,,
KLO,2009,8,26,8,18.6,,,,,,,,967.5,,1.5,,183,457.4,79.2,0,0,0,0,,,,
KLO,2009,8,26,9,18.9,,,,,,,,968,,2.3,,160,22.1,151.3,0,0,0,0,,,,
KLO,2009,8,26,10,19,,,,,,,,968.1,,0.6,,133,4,130.8,0,0,0,0,,,,
KLO,2009,8,26,11,20,,,,,,,,968.1,,0.7,,333,63.1,291.1,0,0,0,0,,,,
KLO,2009,8,26,12,21.1,,,,,,,,967.8,,1.3,,450,145.4,341.2,0,0,0,0,,,,
KLO,2009,8,26,13,22.2,,,,,,,,967.5,,0.8,,610,391.1,300.4,0,0,0,0,,,,
KLO,2009,8,26,14,22.8,,,,,,,,967.2,,0.9,,417,80.5,353.4,0,0,0,0,,,,
KLO,2009,8,26,15,23.3,,,,,,,,967,,0.8,,237,7.5,231.5,0,0,0,0,,,,
KLO,2009,8,26,16,23.1,,,,,,,,966.8,,0.6,,145,3.3,142.8,0,0,0,0,,,,
KLO,2009,8,26,17,23,,,,,,,,966.9,,0.8,,110,2.9,108.5,0,0,0,0,,,,
KLO,2009,8,26,18,21.5,,,,,,,,967.2,,1.2,,8,0,8,0,0,0,0,,,,
KLO,2009,8,26,19,19.6,,,,,,,,967.6,,0.8,,0,0,0,0,0,0,0,,,,
KLO,2009,8,26,20,18.8,,,,,,,,968,,1.3,,0,0,0,0,0,0,0,,,,
KLO,2009,8,26,21,18.6,,,,,,,,968.1,,1.5,,0,0,0,0,0,0,0,,,,
KLO,2009,8,26,22,17.5,,,,,,,,968.1,,1.1,,0,0,0,0,0,0,0,,,,
KLO,2009,8,26,23,16.1,,,,,,,,968.4,,0.7,,0,0,0,0,0,0,0,,,,
KLO,2009,8,27,0,16.2,,,,,,,,968.7,,1.2,,0,0,0,0,0,0,0,,,,
KLO,2009,8,27,1,16.2,,,,,,,,968.9,,1.7,,0,0,0,0,0,0,0,,,,
KLO,2009,8,27,2,16.2,,,,,,,,969.1,,2,,0,0,0,0,0,0,0,,,,
KLO,2009,8,27,3,16.5,,,,,,,,969.4,,1.5,,0,0,0,0,0,0,0,,,,
KLO,2009,8,27,4,15.7,,,,,,,,969.6,,2,,0,0,0,0,0,0,0,,,,
KLO,2009,8,27,5,15.6,,,,,,,,970,,0.4,,39,0,0,0,0,0,0,,,,
KLO,2009,8,27,6,17.3,,,,,,,,970.4,,0.7,,124,0,0,0,0,0,0,,,,
KLO,2009,8,27,7,18.7,,,,,,,,970.7,,0.4,,234,3700.6,38.6,0,0,0,0,,,,
KLO,2009,8,27,8,20.7,,,,,,,,971,,0.5,,429,1602.9,70.8,0,0,0,0,,,,
KLO,2009,8,27,9,23,,,,,,,,970.9,,0.9,,633,1355,104.4,0,0,0,0,,,,
KLO,2009,8,27,10,24.3,,,,,,,,970.2,,1.1,,746,1155.3,123.1,0,0,0,0,,,,
KLO,2009,8,27,11,25.6,,,,,,,,969.7,,0.9,,740,935.7,122.1,0,0,0,0,,,,
KLO,2009,8,27,12,26.6,,,,,,,,969.1,,1.5,,775,866.2,129.4,0,0,0,0,,,,
KLO,2009,8,27,13,27.3,,,,,,,,968.5,,1.6,,716,655.3,199.5,0,0,0,0,,,,
KLO,2009,8,27,14,27.7,,,,,,,,968,,2.1,,612,405.5,293.3,0,0,0,0,,,,
KLO,2009,8,27,15,27.8,,,,,,,,967.6,,2.1,,469,183.5,333.4,0,0,0,0,,,,
KLO,2009,8,27,16,27.5,,,,,,,,967.2,,2,,296,39,270.7,0,0,0,0,,,,
KLO,2009,8,27,17,26.3,,,,,,,,967,,2.2,,123,3.7,121.1,0,0,0,0,,,,
KLO,2009,8,27,18,24.3,,,,,,,,967.3,,1.3,,11,0.1,11,0,0,0,0,,,,
KLO,2009,8,27,19,21,,,,,,,,967.6,,0.7,,0,0,0,0,0,0,0,,,,
KLO,2009,8,27,20,19.7,,,,,,,,967.9,,0.4,,0,0,0,0,0,0,0,,,,
KLO,2009,8,27,21,19.1,,,,,,,,967.9,,0.9,,0,0,0,0,0,0,0,,,,
KLO,2009,8,27,22,18.1,,,,,,,,967.8,,1.1,,0,0,0,0,0,0,0,,,,
KLO,2009,8,27,23,17.4,,,,,,,,967.6,,1,,0,0,0,0,0,0,0,,,,
KLO,2009,8,28,0,16.5,,,,,,,,967.2,,0.7,,0,0,0,0,0,0,0,,,,
KLO,2009,8,28,1,16.4,,,,,,,,966.9,,0.6,,0,0,0,0,0,0,0,,,,
KLO,2009,8,28,2,16.4,,,,,,,,966.6,,1.8,,0,0,0,0,0,0,0,,,,
KLO,2009,8,28,3,15.6,,,,,,,,966.4,,1.1,,0,0,0,0,0,0,0,,,,
KLO,2009,8,28,4,15.8,,,,,,,,966.4,,0.9,,0,0,0,0,0,0,0,,,,
KLO,2009,8,28,5,15.8,,,,,,,,966.5,,0.3,,42,0,0,0,0,0,0,,,,
KLO,2009,8,28,6,18.6,,,,,,,,966.7,,0.6,,189,0,0,0,0,0,0,,,,
KLO,2009,8,28,7,20.5,,,,,,,,967.1,,1.8,,229,0,0,0,0,0,0,,,,
KLO,2009,8,28,8,21.7,,,,,,,,967.5,,3.5,,355,1347.6,58.6,0,0,0,0,,,,
KLO,2009,8,28,9,22.7,,,,,,,,967.4,,2.4,,439,948,72.4,0,0,0,0,,,,
KLO,2009,8,28,10,23.6,,,,,,,,966.9,,2,,721,1123.6,119,0,0,0,0,,,,
KLO,2009,8,28,11,24.6,,,,,,,,966.4,,3.3,,605,678.5,159.2,0,0,0,0,,,,
KLO,2009,8,28,12,25.6,,,,,,,,966.3,,4.5,,775,871.2,128.7,0,0,0,0,,,,
KLO,2009,8,28,13,24.7,,,,,,,,966.6,,6,,682,578.6,228.1,0,0,0,0,,,,
KLO,2009,8,28,14,24.3,,,,,,,,966.8,,6.4,,679,576.3,228.2,0,0,0,0,,,,
KLO,2009,8,28,15,23.4,,,,,,,,967,,6,,535,317.4,301.8,0,0,0,0,,,,
KLO,2009,8,28,16,21.7,,,,,,,,967.3,,5,,263,22.2,248.7,0,0,0,0,,,,
KLO,2009,8,28,17,20.1,,,,,,,,967.5,,4.3,,71,1.2,70.3,0,0,0,0,,,,
KLO,2009,8,28,18,19.5,,,,,,,,967.5,,3,,3,0,3,0,0,0,0,,,,
KLO,2009,8,28,19,19.4,,,,,,,,968.1,,2.2,,0,0,0,0,0,0,0,,,,
KLO,2009,8,28,20,19.3,,,,,,,,968.7,,2.1,,0,0,0,0,0,0,0,,,,
KLO,2009,8,28,21,18.9,,,,,,,,968.9,,2.4,,0,0,0,0,0,0,0,,,,
KLO,2009,8,28,22,18.5,,,,,,,,969.1,,1.9,,0,0,0,0,0,0,0,,,,
KLO,2009,8,28,23,18.1,,,,,,,,968.9,,2.2,,0,0,0,0,0,0,0,,,,
KLO,2009,8,29,0,18,,,,,,,,968.8,,1.6,,0,0,0,0,0,0,0,,,,
KLO,2009,8,29,1,17.6,,,,,,,,968.7,,0.9,,0,0,0,0,0,0,0,,,,
KLO,2009,8,29,2,17.3,,,,,,,,969.1,,3,,0,0,0,0,0,0,0,,,,
KLO,2009,8,29,3,16.5,,,,,,,,969.5,,3.6,,0,0,0,0,0,0,0,,,,
KLO,2009,8,29,4,15.7,,,,,,,,969.9,,3.6,,0,0,0,0,0,0,0,,,,
KLO,2009,8,29,5,14.8,,,,,,,,970.8,,3.1,,10,0,0,0,0,0,0,,,,
KLO,2009,8,29,6,14.7,,,,,,,,971.4,,2.6,,65,0,0,0,0,0,0,,,,
KLO,2009,8,29,7,15.1,,,,,,,,971.7,,1.7,,140,0,0,0,0,0,0,,,,
KLO,2009,8,29,8,15.8,,,,,,,,972,,2.2,,281,1084,46.4,0,0,0,0,,,,
KLO,2009,8,29,9,16.9,,,,,,,,972.1,,2.8,,386,824.6,70,0,0,0,0,,,,
KLO,2009,8,29,10,17.6,,,,,,,,972.3,,4.3,,355,224.5,235.5,0,0,0,0,,,,
KLO,2009,8,29,11,18.5,,,,,,,,972.1,,3.9,,728,930.1,120.1,0,0,0,0,,,,
KLO,2009,8,29,12,19.7,,,,,,,,971.9,,4.2,,768,866.4,128.4,0,0,0,0,,,,
KLO,2009,8,29,13,20.3,,,,,,,,971.7,,4.2,,758,768,158.4,0,0,0,0,,,,
KLO,2009,8,29,14,20.3,,,,,,,,971.6,,4.6,,651,514,251,0,0,0,0,,,,
KLO,2009,8,29,15,20.5,,,,,,,,971.5,,3.8,,501,251.4,317.3,0,0,0,0,,,,
KLO,2009,8,29,16,19.8,,,,,,,,971.6,,3.3,,316,57.5,279.1,0,0,0,0,,,,
KLO,2009,8,29,17,18.2,,,,,,,,971.8,,2.5,,118,3.5,116.2,0,0,0,0,,,,
KLO,2009,8,29,18,15.2,,,,,,,,972.2,,2.6,,13,0.1,13,0,0,0,0,,,,
KLO,2009,8,29,19,13.6,,,,,,,,972.7,,2.6,,0,0,0,0,0,0,0,,,,
KLO,2009,8,29,20,12.4,,,,,,,,973,,1.1,,0,0,0,0,0,0,0,,,,
KLO,2009,8,29,21,10.8,,,,,,,,973.1,,1.1,,0,0,0,0,0,0,0,,,,
KLO,2009,8,29,22,9.9,,,,,,,,973.1,,1.5,,0,0,0,0,0,0,0,,,,
KLO,2009,8,29,23,9,,,,,,,,972.9,,2.4,,0,0,0,0,0,0,0,,,,
KLO,2009,8,30,0,8.3,,,,,,,,972.3,,3.1,,0,0,0,0,0,0,0,,,,
KLO,2009,8,30,1,7.9,,,,,,,,972,,3.1,,0,0,0,0,0,0,0,,,,
KLO,2009,8,30,2,7.6,,,,,,,,972.1,,1,,0,0,0,0,0,0,0,,,,
KLO,2009,8,30,3,7,,,,,,,,972,,1.8,,0,0,0,0,0,0,0,,,,
KLO,2009,8,30,4,6.6,,,,,,,,972.1,,1.1,,0,0,0,0,0,0,0,,,,
KLO,2009,8,30,5,6.8,,,,,,,,972.3,,1.9,,43,0,0,0,0,0,0,,,,
KLO,2009,8,30,6,10,,,,,,,,972.4,,0.9,,195,0,0,0,0,0,0,,,,
KLO,2009,8,30,7,12.6,,,,,,,,972.3,,1.6,,378,0,0,0,0,0,0,,,,
KLO,2009,8,30,8,15.2,,,,,,,,972.4,,2.6,,538,2110,88.8,0,0,0,0,,,,
KLO,2009,8,30,9,16.5,,,,,,,,972.3,,1.4,,665,1462,109.7,0,0,0,0,,,,
KLO,2009,8,30,10,18.4,,,,,,,,972.1,,2.1,,768,1212.2,126.7,0,0,0,0,,,,
KLO,2009,8,30,11,19.8,,,,,,,,971.8,,2.4,,813,1044.3,134.1,0,0,0,0,,,,
KLO,2009,8,30,12,20.4,,,,,,,,971.4,,1.8,,798,907,131.7,0,0,0,0,,,,
KLO,2009,8,30,13,21.4,,,,,,,,971,,1.4,,740,735.6,168.5,0,0,0,0,,,,
KLO,2009,8,30,14,21.8,,,,,,,,970.5,,1.2,,634,479.5,262.8,0,0,0,0,,,,
KLO,2009,8,30,15,21.7,,,,,,,,970.3,,1.3,,486,227.5,320.8,0,0,0,0,,,,
KLO,2009,8,30,16,21.6,,,,,,,,970.4,,1.1,,310,54.1,275.5,0,0,0,0,,,,
KLO,2009,8,30,17,20.7,,,,,,,,970.3,,1.4,,125,4,122.9,0,0,0,0,,,,
KLO,2009,8,30,18,17,,,,,,,,970.5,,0.8,,8,0,8,0,0,0,0,,,,
KLO,2009,8,30,19,13.4,,,,,,,,971,,0.7,,0,0,0,0,0,0,0,,,,
KLO,2009,8,30,20,11.8,,,,,,,,971.4,,1,,0,0,0,0,0,0,0,,,,
KLO,2009,8,30,21,10.9,,,,,,,,971.4,,0.3,,0,0,0,0,0,0,0,,,,
KLO,2009,8,30,22,10,,,,,,,,971.6,,0.4,,0,0,0,0,0,0,0,,,,
KLO,2009,8,30,23,9.2,,,,,,,,971.5,,0.5,,0,0,0,0,0,0,0,,,,
KLO,2009,8,31,0,8.5,,,,,,,,971.5,,1.3,,0,0,0,0,0,0,0,,,,
KLO,2009,8,31,1,8,,,,,,,,971.3,,1.2,,0,0,0,0,0,0,0,,,,
KLO,2009,8,31,2,7.1,,,,,,,,971.1,,1,,0,0,0,0,0,0,0,,,,
KLO,2009,8,31,3,6.6,,,,,,,,970.9,,1,,0,0,0,0,0,0,0,,,,
KLO,2009,8,31,4,6.7,,,,,,,,970.7,,1.4,,0,0,0,0,0,0,0,,,,
KLO,2009,8,31,5,7.5,,,,,,,,970.8,,1.2,,36,0,0,0,0,0,0,,,,
KLO,2009,8,31,6,9.7,,,,,,,,970.9,,0.8,,189,0,0,0,0,0,0,,,,
KLO,2009,8,31,7,12.5,,,,,,,,970.8,,1.2,,374,0,0,0,0,0,0,,,,
KLO,2009,8,31,8,16.2,,,,,,,,970.5,,1.5,,540,2153.8,89.1,0,0,0,0,,,,
KLO,2009,8,31,9,18.4,,,,,,,,970.3,,1.4,,655,1453.3,108.1,0,0,0,0,,,,
KLO,2009,8,31,10,20.3,,,,,,,,969.8,,1.3,,754,1198,124.4,0,0,0,0,,,,
KLO,2009,8,31,11,21.9,,,,,,,,969.1,,1.2,,790,1020.2,130.3,0,0,0,0,,,,
KLO,2009,8,31,12,23.4,,,,,,,,968.5,,1.4,,773,883.2,127.3,0,0,0,0,,,,
KLO,2009,8,31,13,24.7,,,,,,,,967.8,,0.8,,718,691.7,183.2,0,0,0,0,,,,
KLO,2009,8,31,14,25.4,,,,,,,,967.1,,0.9,,607,421.2,282.7,0,0,0,0,,,,
KLO,2009,8,31,15,25.9,,,,,,,,966.6,,0.8,,455,177.1,327.1,0,0,0,0,,,,
KLO,2009,8,31,16,26.1,,,,,,,,966.2,,0.6,,279,33.1,258.1,0,0,0,0,,,,
KLO,2009,8,31,17,24.6,,,,,,,,965.8,,1,,107,3,105.5,0,0,0,0,,,,
KLO,2009,8,31,18,22.4,,,,,,,,965.8,,0.9,,7,0,7,0,0,0,0,,,,
KLO,2009,8,31,19,18.7,,,,,,,,966.3,,1,,0,0,0,0,0,0,0,,,,
KLO,2009,8,31,20,16.7,,,,,,,,966.6,,0.7,,0,0,0,0,0,0,0,,,,
KLO,2009,8,31,21,15.9,,,,,,,,966.8,,0.8,,0,0,0,0,0,0,0,,,,
KLO,2009,8,31,22,15.7,,,,,,,,966.9,,1.7,,0,0,0,0,0,0,0,,,,
KLO,2009,8,31,23,14.5,,,,,,,,966.9,,1.2,,0,0,0,0,0,0,0,,,,
KLO,2009,9,1,0,14.1,,,,,,,,966.9,,0.6,,0,0,0,0,0,0,0,,,,
KLO,2009,9,1,1,13.4,,,,,,,,966.7,,1.2,,0,0,0,0,0,0,0,,,,
KLO,2009,9,1,2,13.3,,,,,,,,966.9,,1.4,,0,0,0,0,0,0,0,,,,
KLO,2009,9,1,3,13,,,,,,,,967,,0.9,,0,0,0,0,0,0,0,,,,
KLO,2009,9,1,4,12.5,,,,,,,,967.2,,0.7,,0,0,0,0,0,0,0,,,,
KLO,2009,9,1,5,12.8,,,,,,,,967.4,,0.4,,32,0,0,0,0,0,0,,,,
KLO,2009,9,1,6,15.6,,,,,,,,967.5,,0.5,,178,0,0,0,0,0,0,,,,
KLO,2009,9,1,7,18.3,,,,,,,,967.5,,0.4,,354,0,0,0,0,0,0,,,,
KLO,2009,9,1,8,21.1,,,,,,,,967.4,,0.4,,519,2106,85.6,0,0,0,0,,,,
KLO,2009,9,1,9,23.5,,,,,,,,967.1,,0.4,,633,1417.7,104.4,0,0,0,0,,,,
KLO,2009,9,1,10,25.6,,,,,,,,966.2,,0.9,,735,1175.6,121.3,0,0,0,0,,,,
KLO,2009,9,1,11,27.2,,,,,,,,965.1,,1,,769,998.6,126.9,0,0,0,0,,,,
KLO,2009,9,1,12,29.2,,,,,,,,964.5,,1.3,,753,860.3,127.2,0,0,0,0,,,,
KLO,2009,9,1,13,30.3,,,,,,,,963.9,,1.1,,707,673,189.2,0,0,0,0,,,,
KLO,2009,9,1,14,31,,,,,,,,963.6,,3,,593,395.1,290.3,0,0,0,0,,,,
KLO,2009,9,1,15,30.4,,,,,,,,963.8,,5.2,,420,128.1,328.1,0,0,0,0,,,,
KLO,2009,9,1,16,27.1,,,,,,,,964.4,,5.9,,88,1.3,87.2,0,0,0,0,,,,
KLO,2009,9,1,17,25,,,,,,,,965.4,,5.5,,26,0.2,25.9,0,0,0,0,,,,
KLO,2009,9,1,18,24.1,,,,,,,,966.5,,2,,2,0,2,0,0,0,0,,,,
KLO,2009,9,1,19,20.6,,,,,,,,968.7,,7.1,,0,0,0,0,0,0,0,,,,
KLO,2009,9,1,20,17.5,,,,,,,,968.7,,2,,0,0,0,0,0,0,0,,,,
KLO,2009,9,1,21,17.5,,,,,,,,968.9,,2.8,,0,0,0,0,0,0,0,,,,
KLO,2009,9,1,22,17.2,,,,,,,,969.2,,2.1,,0,0,0,0,0,0,0,,,,
KLO,2009,9,1,23,17,,,,,,,,969,,0.7,,0,0,0,0,0,0,0,,,,
KLO,2009,9,2,0,16.5,,,,,,,,968.9,,0.7,,0,0,0,0,0,0,0,,,,
KLO,2009,9,2,1,16.3,,,,,,,,968.5,,1.1,,0,0,0,0,0,0,0,,,,
KLO,2009,9,2,2,16.3,,,,,,,,968.3,,1.4,,0,0,0,0,0,0,0,,,,
KLO,2009,9,2,3,16.5,,,,,,,,968.3,,1.1,,0,0,0,0,0,0,0,,,,
KLO,2009,9,2,4,16.7,,,,,,,,968.1,,1,,0,0,0,0,0,0,0,,,,
KLO,2009,9,2,5,17.1,,,,,,,,968.2,,1.1,,13,0,0,0,0,0,0,,,,
KLO,2009,9,2,6,17.7,,,,,,,,968.3,,1,,44,0,0,0,0,0,0,,,,
KLO,2009,9,2,7,18.2,,,,,,,,968.3,,1,,97,0,0,0,0,0,0,,,,
KLO,2009,9,2,8,19,,,,,,,,968.2,,0.6,,221,912.7,36.5,0,0,0,0,,,,
KLO,2009,9,2,9,20.3,,,,,,,,967.9,,0.7,,427,965.5,70.5,0,0,0,0,,,,
KLO,2009,9,2,10,21,,,,,,,,967.5,,1.6,,378,316.8,213.7,0,0,0,0,,,,
KLO,2009,9,2,11,22.7,,,,,,,,966.9,,2,,817,1066.9,134.8,0,0,0,0,,,,
KLO,2009,9,2,12,22.9,,,,,,,,966.1,,2.5,,479,216.7,322.2,0,0,0,0,,,,
KLO,2009,9,2,13,20.5,,,,,,,,966.2,,2.7,,57,0.4,56.7,0,0,0,0,,,,
KLO,2009,9,2,14,18.9,,,,,,,,966,,1.8,,31,0.1,30.9,0,0,0,0,,,,
KLO,2009,9,2,15,19.4,,,,,,,,965.5,,1.6,,186,4.6,182.7,0,0,0,0,,,,
KLO,2009,9,2,16,19.5,,,,,,,,965.1,,1.6,,121,2.5,119.4,0,0,0,0,,,,
KLO,2009,9,2,17,19,,,,,,,,964.4,,0.9,,27,0.2,26.9,0,0,0,0,,,,
KLO,2009,9,2,18,18.5,,,,,,,,963.9,,1.7,,2,0,2,0,0,0,0,,,,
KLO,2009,9,2,19,17.2,,,,,,,,963.8,,2,,0,0,0,0,0,0,0,,,,
KLO,2009,9,2,20,16.6,,,,,,,,963.3,,1.6,,0,0,0,0,0,0,0,,,,
KLO,2009,9,2,21,16.6,,,,,,,,962.9,,2.1,,0,0,0,0,0,0,0,,,,
KLO,2009,9,2,22,16.3,,,,,,,,962.3,,1.5,,0,0,0,0,0,0,0,,,,
KLO,2009,9,2,23,16.1,,,,,,,,961.8,,0.6,,0,0,0,0,0,0,0,,,,
KLO,2009,9,3,0,16.1,,,,,,,,960.7,,1.5,,0,0,0,0,0,0,0,,,,
KLO,2009,9,3,1,16.8,,,,,,,,960.5,,3.1,,0,0,0,0,0,0,0,,,,
KLO,2009,9,3,2,17.5,,,,,,,,960.6,,5,,0,0,0,0,0,0,0,,,,
KLO,2009,9,3,3,17.5,,,,,,,,960.2,,3.8,,0,0,0,0,0,0,0,,,,
KLO,2009,9,3,4,17,,,,,,,,959.8,,2.6,,0,0,0,0,0,0,0,,,,
KLO,2009,9,3,5,17.1,,,,,,,,959.4,,2.6,,12,0,0,0,0,0,0,,,,
KLO,2009,9,3,6,18,,,,,,,,959.3,,1.9,,89,0,0,0,0,0,0,,,,
KLO,2009,9,3,7,19.9,,,,,,,,958.8,,2.9,,256,0,0,0,0,0,0,,,,
KLO,2009,9,3,8,20.6,,,,,,,,959,,5.1,,179,638.2,52.3,0,0,0,0,,,,
KLO,2009,9,3,9,18.6,,,,,,,,960,,6.9,,121,8.4,117.9,0,0,0,0,,,,
KLO,2009,9,3,10,19.1,,,,,,,,960.7,,6.3,,230,34.9,212,0,0,0,0,,,,
KLO,2009,9,3,11,18.7,,,,,,,,960.8,,5.5,,213,8.9,207.4,0,0,0,0,,,,
KLO,2009,9,3,12,17.7,,,,,,,,960.8,,3.4,,207,5.5,203,0,0,0,0,,,,
KLO,2009,9,3,13,18.5,,,,,,,,960.6,,4.8,,116,1.6,114.8,0,0,0,0,,,,
KLO,2009,9,3,14,19.6,,,,,,,,960.6,,3.5,,349,40.8,318.1,0,0,0,0,,,,
KLO,2009,9,3,15,20.3,,,,,,,,960.8,,5,,259,12.9,249.8,0,0,0,0,,,,
KLO,2009,9,3,16,17.5,,,,,,,,961.5,,5.4,,135,3.2,133,0,0,0,0,,,,
KLO,2009,9,3,17,17.1,,,,,,,,961.6,,2.9,,28,0.2,27.9,0,0,0,0,,,,
KLO,2009,9,3,18,16.5,,,,,,,,962.2,,1.4,,1,0,1,0,0,0,0,,,,
KLO,2009,9,3,19,15.1,,,,,,,,962.6,,1.4,,0,0,0,0,0,0,0,,,,
KLO,2009,9,3,20,16.1,,,,,,,,962.5,,0.6,,0,0,0,0,0,0,0,,,,
KLO,2009,9,3,21,16.1,,,,,,,,962.4,,0.7,,0,0,0,0,0,0,0,,,,
KLO,2009,9,3,22,15.3,,,,,,,,962.2,,1,,0,0,0,0,0,0,0,,,,
KLO,2009,9,3,23,14.9,,,,,,,,962,,0.6,,0,0,0,0,0,0,0,,,,
KLO,2009,9,4,0,14.8,,,,,,,,961.8,,0.6,,0,0,0,0,0,0,0,,,,
KLO,2009,9,4,1,14.8,,,,,,,,961.6,,1.2,,0,0,0,0,0,0,0,,,,
KLO,2009,9,4,2,14.8,,,,,,,,961.8,,4.2,,0,0,0,0,0,0,0,,,,
KLO,2009,9,4,3,13.5,,,,,,,,961.9,,4,,0,0,0,0,0,0,0,,,,
KLO,2009,9,4,4,13,,,,,,,,961.7,,1.2,,0,0,0,0,0,0,0,,,,
KLO,2009,9,4,5,13.1,,,,,,,,961.7,,1.4,,3,0,0,0,0,0,0,,,,
KLO,2009,9,4,6,13.6,,,,,,,,961.5,,2.8,,49,0,0,0,0,0,0,,,,
KLO,2009,9,4,7,14.9,,,,,,,,961,,2.2,,188,0,0,0,0,0,0,,,,
KLO,2009,9,4,8,15.4,,,,,,,,960.4,,2.2,,157,451.2,69.1,0,0,0,0,,,,
KLO,2009,9,4,9,15.7,,,,,,,,960,,1.7,,203,104.8,165.1,0,0,0,0,,,,
KLO,2009,9,4,10,16.5,,,,,,,,959.8,,0.6,,280,94,231.9,0,0,0,0,,,,
KLO,2009,9,4,11,16.1,,,,,,,,960.1,,1.5,,101,1.7,99.9,0,0,0,0,,,,
KLO,2009,9,4,12,16.3,,,,,,,,959.8,,3.5,,239,8.7,232.8,0,0,0,0,,,,
KLO,2009,9,4,13,16.8,,,,,,,,959.4,,4.2,,288,15.6,276.2,0,0,0,0,,,,
KLO,2009,9,4,14,18.7,,,,,,,,959.7,,8.6,,453,143.8,344.7,0,0,0,0,,,,
KLO,2009,9,4,15,15,,,,,,,,962,,7,,193,5,189.5,0,0,0,0,,,,
KLO,2009,9,4,16,15.5,,,,,,,,962.9,,5.8,,205,8.8,199.6,0,0,0,0,,,,
KLO,2009,9,4,17,13,,,,,,,,964.4,,5.3,,17,0.1,17,0,0,0,0,,,,
KLO,2009,9,4,18,11.7,,,,,,,,965.8,,4.7,,0,0,0,0,0,0,0,,,,
KLO,2009,9,4,19,12,,,,,,,,967.5,,4.4,,0,0,0,0,0,0,0,,,,
KLO,2009,9,4,20,11.2,,,,,,,,969.2,,5.7,,0,0,0,0,0,0,0,,,,
KLO,2009,9,4,21,10.4,,,,,,,,970.6,,3.1,,0,0,0,0,0,0,0,,,,
KLO,2009,9,4,22,10.1,,,,,,,,971.9,,2.2,,0,0,0,0,0,0,0,,,,
KLO,2009,9,4,23,9.8,,,,,,,,972.3,,2.4,,0,0,0,0,0,0,0,,,,
KLO,2009,9,5,0,9.4,,,,,,,,972.2,,1.2,,0,0,0,0,0,0,0,,,,
KLO,2009,9,5,1,8.9,,,,,,,,972.4,,1.1,,0,0,0,0,0,0,0,,,,
KLO,2009,9,5,2,7.8,,,,,,,,972.4,,1.8,,0,0,0,0,0,0,0,,,,
KLO,2009,9,5,3,7.5,,,,,,,,972.5,,1.5,,0,0,0,0,0,0,0,,,,
KLO,2009,9,5,4,7.5,,,,,,,,972.7,,1.3,,0,0,0,0,0,0,0,,,,
KLO,2009,9,5,5,7.1,,,,,,,,973,,0.6,,28,0,0,0,0,0,0,,,,
KLO,2009,9,5,6,9.2,,,,,,,,973.3,,1,,174,0,0,0,0,0,0,,,,
KLO,2009,9,5,7,11.4,,,,,,,,973.7,,1.7,,357,0,0,0,0,0,0,,,,
KLO,2009,9,5,8,13.3,,,,,,,,974.1,,3.3,,532,2322.3,87.8,0,0,0,0,,,,
KLO,2009,9,5,9,14.3,,,,,,,,974.2,,3.7,,627,1460.2,103.5,0,0,0,0,,,,
KLO,2009,9,5,10,14.9,,,,,,,,974.3,,3.8,,585,962,96.5,0,0,0,0,,,,
KLO,2009,9,5,11,15.3,,,,,,,,974.2,,3.2,,344,93.8,285.1,0,0,0,0,,,,
KLO,2009,9,5,12,16.5,,,,,,,,974,,3.1,,715,818,132.5,0,0,0,0,,,,
KLO,2009,9,5,13,16.4,,,,,,,,973.7,,2.6,,503,223.6,334.6,0,0,0,0,,,,
KLO,2009,9,5,14,17,,,,,,,,973.6,,2.9,,514,249.8,327,0,0,0,0,,,,
KLO,2009,9,5,15,16.9,,,,,,,,973.5,,2.9,,409,126.8,320.3,0,0,0,0,,,,
KLO,2009,9,5,16,16.6,,,,,,,,973.6,,3.4,,274,36.4,251.8,0,0,0,0,,,,
KLO,2009,9,5,17,15.1,,,,,,,,974,,2.6,,92,2.5,90.8,0,0,0,0,,,,
KLO,2009,9,5,18,12.1,,,,,,,,974.6,,1.1,,3,0,3,0,0,0,0,,,,
KLO,2009,9,5,19,9.5,,,,,,,,975.3,,0.6,,0,0,0,0,0,0,0,,,,
KLO,2009,9,5,20,9.9,,,,,,,,975.8,,0.5,,0,0,0,0,0,0,0,,,,
KLO,2009,9,5,21,9.6,,,,,,,,976.1,,1.1,,0,0,0,0,0,0,0,,,,
KLO,2009,9,5,22,8.6,,,,,,,,976.4,,1.2,,0,0,0,0,0,0,0,,,,
KLO,2009,9,5,23,7.3,,,,,,,,976.5,,1.1,,0,0,0,0,0,0,0,,,,
KLO,2009,9,6,0,6.5,,,,,,,,976.5,,0.5,,0,0,0,0,0,0,0,,,,
KLO,2009,9,6,1,6.1,,,,,,,,976.3,,0.4,,0,0,0,0,0,0,0,,,,
KLO,2009,9,6,2,5.5,,,,,,,,976.3,,1.1,,0,0,0,0,0,0,0,,,,
KLO,2009,9,6,3,5.4,,,,,,,,976.2,,0.6,,0,0,0,0,0,0,0,,,,
KLO,2009,9,6,4,4.9,,,,,,,,976.3,,0.8,,0,0,0,0,0,0,0,,,,
KLO,2009,9,6,5,5.1,,,,,,,,976.6,,0.8,,24,0,0,0,0,0,0,,,,
KLO,2009,9,6,6,7.3,,,,,,,,977,,0.6,,166,0,0,0,0,0,0,,,,
KLO,2009,9,6,7,9.6,,,,,,,,977.1,,0.4,,342,0,0,0,0,0,0,,,,
KLO,2009,9,6,8,12.4,,,,,,,,976.9,,0.5,,510,2269.8,84.2,0,0,0,0,,,,
KLO,2009,9,6,9,14.4,,,,,,,,976.8,,0.9,,606,1425.7,100,0,0,0,0,,,,
KLO,2009,9,6,10,16.3,,,,,,,,976.5,,1.3,,685,1134.7,113,0,0,0,0,,,,
KLO,2009,9,6,11,17.5,,,,,,,,976.1,,1.6,,782,1045.4,129,0,0,0,0,,,,
KLO,2009,9,6,12,18.5,,,,,,,,975.8,,1.4,,764,900.8,126.1,0,0,0,0,,,,
KLO,2009,9,6,13,19.1,,,,,,,,975.3,,1.8,,694,684.5,181.2,0,0,0,0,,,,
KLO,2009,9,6,14,19.6,,,,,,,,974.7,,2.3,,598,446.2,265.9,0,0,0,0,,,,
KLO,2009,9,6,15,19.4,,,,,,,,974.3,,2.1,,443,184.5,314.9,0,0,0,0,,,,
KLO,2009,9,6,16,19,,,,,,,,974,,2.5,,257,27.4,240.5,0,0,0,0,,,,
KLO,2009,9,6,17,17.7,,,,,,,,973.9,,2,,87,2.2,85.9,0,0,0,0,,,,
KLO,2009,9,6,18,14.7,,,,,,,,974,,0.6,,2,0,2,0,0,0,0,,,,
KLO,2009,9,6,19,12.4,,,,,,,,974.2,,0.7,,0,0,0,0,0,0,0,,,,
KLO,2009,9,6,20,10.2,,,,,,,,974.1,,1.1,,0,0,0,0,0,0,0,,,,
KLO,2009,9,6,21,9.4,,,,,,,,974,,1.2,,0,0,0,0,0,0,0,,,,
KLO,2009,9,6,22,8.4,,,,,,,,974,,1.2,,0,0,0,0,0,0,0,,,,
KLO,2009,9,6,23,8,,,,,,,,974,,1.1,,0,0,0,0,0,0,0,,,,
KLO,2009,9,7,0,7.3,,,,,,,,973.9,,1.1,,0,0,0,0,0,0,0,,,,
KLO,2009,9,7,1,7.1,,,,,,,,973.7,,0.9,,0,0,0,0,0,0,0,,,,
KLO,2009,9,7,2,6.5,,,,,,,,973.5,,0.7,,0,0,0,0,0,0,0,,,,
KLO,2009,9,7,3,5.9,,,,,,,,973.4,,1.1,,0,0,0,0,0,0,0,,,,
KLO,2009,9,7,4,5.7,,,,,,,,973.3,,0.7,,0,0,0,0,0,0,0,,,,
KLO,2009,9,7,5,5.8,,,,,,,,973.5,,0.9,,23,0,0,0,0,0,0,,,,
KLO,2009,9,7,6,8,,,,,,,,973.9,,1,,159,0,0,0,0,0,0,,,,
KLO,2009,9,7,7,10.3,,,,,,,,974.1,,0.5,,339,0,0,0,0,0,0,,,,
KLO,2009,9,7,8,13.2,,,,,,,,974.1,,0.7,,503,2283.6,83,0,0,0,0,,,,
KLO,2009,9,7,9,16,,,,,,,,974.2,,0.4,,576,1369.3,95,0,0,0,0,,,,
KLO,2009,9,7,10,17.9,,,,,,,,974,,0.7,,603,1006.2,99.5,0,0,0,0,,,,
KLO,2009,9,7,11,19.4,,,,,,,,973.8,,0.6,,660,888.1,108.6,0,0,0,0,,,,
KLO,2009,9,7,12,20.4,,,,,,,,973.7,,0.5,,734,867.4,123.2,0,0,0,0,,,,
KLO,2009,9,7,13,21.8,,,,,,,,973.3,,0.9,,679,655.6,190.7,0,0,0,0,,,,
KLO,2009,9,7,14,22.3,,,,,,,,973.1,,0.7,,564,370.9,289.6,0,0,0,0,,,,
KLO,2009,9,7,15,22.4,,,,,,,,972.8,,1,,330,48.9,296.3,0,0,0,0,,,,
KLO,2009,9,7,16,22,,,,,,,,972.5,,2.2,,218,12.7,210.4,0,0,0,0,,,,
KLO,2009,9,7,17,20.2,,,,,,,,972.6,,2.1,,49,0.7,48.7,0,0,0,0,,,,
KLO,2009,9,7,18,16.9,,,,,,,,972.9,,1.5,,1,0,1,0,0,0,0,,,,
KLO,2009,9,7,19,14.4,,,,,,,,973.2,,1.4,,0,0,0,0,0,0,0,,,,
KLO,2009,9,7,20,12.4,,,,,,,,973.4,,1.1,,0,0,0,0,0,0,0,,,,
KLO,2009,9,7,21,12,,,,,,,,973.4,,0.7,,0,0,0,0,0,0,0,,,,
KLO,2009,9,7,22,10.6,,,,,,,,973.5,,0.9,,0,0,0,0,0,0,0,,,,
KLO,2009,9,7,23,9.6,,,,,,,,973.4,,0.9,,0,0,0,0,0,0,0,,,,
KLO,2009,9,8,0,8.6,,,,,,,,973.5,,0.8,,0,0,0,0,0,0,0,,,,
KLO,2009,9,8,1,8.8,,,,,,,,973.6,,1.1,,0,0,0,0,0,0,0,,,,
KLO,2009,9,8,2,7.6,,,,,,,,973.7,,1,,0,0,0,0,0,0,0,,,,
KLO,2009,9,8,3,7.3,,,,,,,,973.8,,1,,0,0,0,0,0,0,0,,,,
KLO,2009,9,8,4,6.8,,,,,,,,973.9,,0.7,,0,0,0,0,0,0,0,,,,
KLO,2009,9,8,5,7,,,,,,,,974.3,,1.5,,21,0,0,0,0,0,0,,,,
KLO,2009,9,8,6,9.5,,,,,,,,974.5,,0.6,,146,0,0,0,0,0,0,,,,
KLO,2009,9,8,7,11.7,,,,,,,,974.7,,0.7,,318,0,0,0,0,0,0,,,,
KLO,2009,9,8,8,14.9,,,,,,,,974.7,,0.9,,485,2247.1,80,0,0,0,0,,,,
KLO,2009,9,8,9,17.4,,,,,,,,974.4,,1.9,,588,1412.7,97,0,0,0,0,,,,
KLO,2009,9,8,10,19.7,,,,,,,,973.9,,2.5,,665,1118,109.7,0,0,0,0,,,,
KLO,2009,9,8,11,21.7,,,,,,,,973.4,,2.2,,752,1017.8,124.1,0,0,0,0,,,,
KLO,2009,9,8,12,23.3,,,,,,,,972.8,,3.3,,735,875.3,122.1,0,0,0,0,,,,
KLO,2009,9,8,13,24.5,,,,,,,,972.4,,5,,669,639,195.7,0,0,0,0,,,,
KLO,2009,9,8,14,24.8,,,,,,,,972,,5.8,,564,378.7,285.5,0,0,0,0,,,,
KLO,2009,9,8,15,25,,,,,,,,971.6,,4.4,,407,135.3,314.3,0,0,0,0,,,,
KLO,2009,9,8,16,24.5,,,,,,,,971.5,,1.5,,229,16.7,219.1,0,0,0,0,,,,
KLO,2009,9,8,17,22.8,,,,,,,,971.5,,2.3,,70,1.5,69.3,0,0,0,0,,,,
KLO,2009,9,8,18,19.3,,,,,,,,971.6,,3.5,,1,0,1,0,0,0,0,,,,
KLO,2009,9,8,19,16.6,,,,,,,,971.9,,3,,0,0,0,0,0,0,0,,,,
KLO,2009,9,8,20,14.5,,,,,,,,972.1,,2,,0,0,0,0,0,0,0,,,,
KLO,2009,9,8,21,13.7,,,,,,,,972.1,,2.9,,0,0,0,0,0,0,0,,,,
KLO,2009,9,8,22,13.9,,,,,,,,972,,1.5,,0,0,0,0,0,0,0,,,,
KLO,2009,9,8,23,11.8,,,,,,,,972,,1,,0,0,0,0,0,0,0,,,,
KLO,2009,9,9,0,9.9,,,,,,,,971.7,,0.6,,0,0,0,0,0,0,0,,,,
KLO,2009,9,9,1,9.7,,,,,,,,971.7,,0.3,,0,0,0,0,0,0,0,,,,
KLO,2009,9,9,2,9.6,,,,,,,,971.5,,1.2,,0,0,0,0,0,0,0,,,,
KLO,2009,9,9,3,9.1,,,,,,,,971.5,,1.6,,0,0,0,0,0,0,0,,,,
KLO,2009,9,9,4,8.8,,,,,,,,971.7,,1.3,,0,0,0,0,0,0,0,,,,
KLO,2009,9,9,5,8.6,,,,,,,,972.2,,1.2,,20,0,0,0,0,0,0,,,,
KLO,2009,9,9,6,11.4,,,,,,,,972.6,,1.2,,150,0,0,0,0,0,0,,,,
KLO,2009,9,9,7,14.2,,,,,,,,972.8,,1.2,,327,0,0,0,0,0,0,,,,
KLO,2009,9,9,8,16,,,,,,,,973,,1.7,,498,2356,82.2,0,0,0,0,,,,
KLO,2009,9,9,9,17.9,,,,,,,,973,,1.6,,600,1457.1,99,0,0,0,0,,,,
KLO,2009,9,9,10,19.4,,,,,,,,972.8,,1.9,,676,1145.2,111.5,0,0,0,0,,,,
KLO,2009,9,9,11,21.2,,,,,,,,972.5,,3.4,,764,1040.6,126.1,0,0,0,0,,,,
KLO,2009,9,9,12,22.4,,,,,,,,972.2,,3.5,,749,898.3,123.7,0,0,0,0,,,,
KLO,2009,9,9,13,23.2,,,,,,,,972,,4.2,,687,695.3,175.1,0,0,0,0,,,,
KLO,2009,9,9,14,23.4,,,,,,,,971.8,,3.9,,576,416.4,271.7,0,0,0,0,,,,
KLO,2009,9,9,15,23.5,,,,,,,,971.9,,4.3,,419,158.3,311.4,0,0,0,0,,,,
KLO,2009,9,9,16,22.7,,,,,,,,972.2,,4.1,,243,23.4,229.3,0,0,0,0,,,,
KLO,2009,9,9,17,21,,,,,,,,972.4,,3.5,,59,1.1,58.5,0,0,0,0,,,,
KLO,2009,9,9,18,19,,,,,,,,972.9,,3.6,,0,0,0,0,0,0,0,,,,
KLO,2009,9,9,19,16.9,,,,,,,,973.4,,2.8,,0,0,0,0,0,0,0,,,,
KLO,2009,9,9,20,12.9,,,,,,,,973.7,,1.7,,0,0,0,0,0,0,0,,,,
KLO,2009,9,9,21,12.1,,,,,,,,974.1,,1.1,,0,0,0,0,0,0,0,,,,
KLO,2009,9,9,22,10.5,,,,,,,,974.4,,0.5,,0,0,0,0,0,0,0,,,,
KLO,2009,9,9,23,10,,,,,,,,974.6,,0.8,,0,0,0,0,0,0,0,,,,
KLO,2009,9,10,0,9.6,,,,,,,,974.4,,1.1,,0,0,0,0,0,0,0,,,,
KLO,2009,9,10,1,8.7,,,,,,,,974.3,,1.2,,0,0,0,0,0,0,0,,,,
KLO,2009,9,10,2,8.1,,,,,,,,974.2,,1.1,,0,0,0,0,0,0,0,,,,
KLO,2009,9,10,3,7.8,,,,,,,,974.2,,0.9,,0,0,0,0,0,0,0,,,,
KLO,2009,9,10,4,7.4,,,,,,,,974.3,,1.7,,0,0,0,0,0,0,0,,,,
KLO,2009,9,10,5,7.8,,,,,,,,974.5,,1.1,,18,0,0,0,0,0,0,,,,
KLO,2009,9,10,6,10.2,,,,,,,,975,,0.4,,143,0,0,0,0,0,0,,,,
KLO,2009,9,10,7,12.7,,,,,,,,975.4,,0.7,,313,0,0,0,0,0,0,,,,
KLO,2009,9,10,8,15.6,,,,,,,,975.6,,1,,473,2286.2,78,0,0,0,0,,,,
KLO,2009,9,10,9,17.8,,,,,,,,975.5,,0.8,,573,1406.8,94.5,0,0,0,0,,,,
KLO,2009,9,10,10,20.2,,,,,,,,975.2,,1.2,,644,1099.5,106.3,0,0,0,0,,,,
KLO,2009,9,10,11,21.5,,,,,,,,974.8,,1.3,,721,988.3,119,0,0,0,0,,,,
KLO,2009,9,10,12,23.1,,,,,,,,974.6,,3.9,,710,847.1,123.8,0,0,0,0,,,,
KLO,2009,9,10,13,23.6,,,,,,,,974.3,,4.3,,645,594.7,209.7,0,0,0,0,,,,
KLO,2009,9,10,14,23.9,,,,,,,,974,,3.9,,537,330.5,297,0,0,0,0,,,,
KLO,2009,9,10,15,23.5,,,,,,,,973.9,,3.5,,355,76.8,303.1,0,0,0,0,,,,
KLO,2009,9,10,16,22.1,,,,,,,,974,,3.1,,91,1.6,90,0,0,0,0,,,,
KLO,2009,9,10,17,20.8,,,,,,,,974.2,,1.8,,19,0.1,18.9,0,0,0,0,,,,
KLO,2009,9,10,18,19.4,,,,,,,,974.7,,2.9,,0,0,0,0,0,0,0,,,,
KLO,2009,9,10,19,19.8,,,,,,,,975.1,,3.8,,0,0,0,0,0,0,0,,,,
KLO,2009,9,10,20,18.2,,,,,,,,975.3,,3.6,,0,0,0,0,0,0,0,,,,
KLO,2009,9,10,21,17.5,,,,,,,,975.5,,3.9,,0,0,0,0,0,0,0,,,,
KLO,2009,9,10,22,16.5,,,,,,,,975.7,,3.9,,0,0,0,0,0,0,0,,,,
KLO,2009,9,10,23,16,,,,,,,,975.7,,4.2,,0,0,0,0,0,0,0,,,,
KLO,2009,9,11,0,15.9,,,,,,,,975.5,,2.4,,0,0,0,0,0,0,0,,,,
KLO,2009,9,11,1,14.9,,,,,,,,975.3,,3.4,,0,0,0,0,0,0,0,,,,
KLO,2009,9,11,2,13.7,,,,,,,,975.2,,1.9,,0,0,0,0,0,0,0,,,,
KLO,2009,9,11,3,12.9,,,,,,,,975.2,,2.1,,0,0,0,0,0,0,0,,,,
KLO,2009,9,11,4,12.2,,,,,,,,975.3,,2,,0,0,0,0,0,0,0,,,,
KLO,2009,9,11,5,13.3,,,,,,,,975.8,,1.1,,7,0,0,0,0,0,0,,,,
KLO,2009,9,11,6,14.4,,,,,,,,976,,1.4,,30,0,0,0,0,0,0,,,,
KLO,2009,9,11,7,15.2,,,,,,,,976.1,,2.9,,62,0,0,0,0,0,0,,,,
KLO,2009,9,11,8,15.8,,,,,,,,976.2,,4.3,,131,391.7,64.8,0,0,0,0,,,,
KLO,2009,9,11,9,16.1,,,,,,,,976.3,,4.7,,143,26.8,134,0,0,0,0,,,,
KLO,2009,9,11,10,16.3,,,,,,,,976.2,,5.7,,201,23.5,189.6,0,0,0,0,,,,
KLO,2009,9,11,11,17.1,,,,,,,,976,,5.2,,269,33.5,248.7,0,0,0,0,,,,
KLO,2009,9,11,12,17.6,,,,,,,,975.6,,5.1,,304,32.6,281.6,0,0,0,0,,,,
KLO,2009,9,11,13,18.8,,,,,,,,974.9,,5.3,,301,23.3,284,0,0,0,0,,,,
KLO,2009,9,11,14,19.6,,,,,,,,974.4,,4.9,,396,93.8,328.3,0,0,0,0,,,,
KLO,2009,9,11,15,19.9,,,,,,,,973.9,,6.5,,369,95.2,305.2,0,0,0,0,,,,
KLO,2009,9,11,16,18.8,,,,,,,,974,,5.3,,154,4.8,151.3,0,0,0,0,,,,
KLO,2009,9,11,17,17.8,,,,,,,,974.1,,3.9,,40,0.5,39.8,0,0,0,0,,,,
KLO,2009,9,11,18,17.3,,,,,,,,974.4,,3.1,,0,0,0,0,0,0,0,,,,
KLO,2009,9,11,19,16.7,,,,,,,,974.7,,5.3,,0,0,0,0,0,0,0,,,,
KLO,2009,9,11,20,15.7,,,,,,,,974.6,,4.3,,0,0,0,0,0,0,0,,,,
KLO,2009,9,11,21,15.3,,,,,,,,974.3,,3.9,,0,0,0,0,0,0,0,,,,
KLO,2009,9,11,22,15,,,,,,,,973.6,,4.4,,0,0,0,0,0,0,0,,,,
KLO,2009,9,11,23,14.4,,,,,,,,973.1,,3.5,,0,0,0,0,0,0,0,,,,
KLO,2009,9,12,0,13.9,,,,,,,,972.6,,2.9,,0,0,0,0,0,0,0,,,,
KLO,2009,9,12,1,14.2,,,,,,,,972.1,,2.1,,0,0,0,0,0,0,0,,,,
KLO,2009,9,12,2,13.8,,,,,,,,971.8,,2.8,,0,0,0,0,0,0,0,,,,
KLO,2009,9,12,3,12.6,,,,,,,,971.5,,2.4,,0,0,0,0,0,0,0,,,,
KLO,2009,9,12,4,12.6,,,,,,,,971.4,,3.4,,0,0,0,0,0,0,0,,,,
KLO,2009,9,12,5,12.8,,,,,,,,971.5,,3.1,,9,0,0,0,0,0,0,,,,
KLO,2009,9,12,6,13.5,,,,,,,,971.5,,3.4,,91,0,0,0,0,0,0,,,,
KLO,2009,9,12,7,14.3,,,,,,,,971.3,,3.5,,216,0,0,0,0,0,0,,,,
KLO,2009,9,12,8,15.1,,,,,,,,971.2,,3.7,,264,1334.2,43.6,0,0,0,0,,,,
KLO,2009,9,12,9,15.4,,,,,,,,970.9,,3.3,,152,38.5,139.2,0,0,0,0,,,,
KLO,2009,9,12,10,16.5,,,,,,,,970.6,,3.8,,231,49.1,207.4,0,0,0,0,,,,
KLO,2009,9,12,11,17.8,,,,,,,,970.4,,3.8,,377,170,274.8,0,0,0,0,,,,
KLO,2009,9,12,12,18.8,,,,,,,,970.3,,5.6,,296,29.3,276,0,0,0,0,,,,
KLO,2009,9,12,13,18.7,,,,,,,,970.4,,5.6,,187,4.5,183.8,0,0,0,0,,,,
KLO,2009,9,12,14,19.2,,,,,,,,970.1,,5.6,,231,7.6,225.6,0,0,0,0,,,,
KLO,2009,9,12,15,18.7,,,,,,,,969.9,,4.7,,113,1.9,111.7,0,0,0,0,,,,
KLO,2009,9,12,16,18.4,,,,,,,,969.9,,3.5,,62,0.8,61.6,0,0,0,0,,,,
KLO,2009,9,12,17,18,,,,,,,,970.1,,2.8,,12,0,12,0,0,0,0,,,,
KLO,2009,9,12,18,17.5,,,,,,,,970.4,,3.1,,0,0,0,0,0,0,0,,,,
KLO,2009,9,12,19,17.4,,,,,,,,970.5,,6.4,,0,0,0,0,0,0,0,,,,
KLO,2009,9,12,20,16.9,,,,,,,,970.5,,5.6,,0,0,0,0,0,0,0,,,,
KLO,2009,9,12,21,15.4,,,,,,,,970.4,,1.5,,0,0,0,0,0,0,0,,,,
KLO,2009,9,12,22,13.2,,,,,,,,970.4,,2.7,,0,0,0,0,0,0,0,,,,
KLO,2009,9,12,23,12.4,,,,,,,,970.1,,2.5,,0,0,0,0,0,0,0,,,,
KLO,2009,9,13,0,12.2,,,,,,,,970.1,,1.7,,0,0,0,0,0,0,0,,,,
KLO,2009,9,13,1,11.2,,,,,,,,970,,1.5,,0,0,0,0,0,0,0,,,,
KLO,2009,9,13,2,11.9,,,,,,,,969.9,,3.5,,0,0,0,0,0,0,0,,,,
KLO,2009,9,13,3,12.7,,,,,,,,969.8,,4.7,,0,0,0,0,0,0,0,,,,
KLO,2009,9,13,4,12.9,,,,,,,,969.7,,5.2,,0,0,0,0,0,0,0,,,,
KLO,2009,9,13,5,12.5,,,,,,,,969.8,,3,,3,0,0,0,0,0,0,,,,
KLO,2009,9,13,6,12.3,,,,,,,,970,,1.7,,73,0,0,0,0,0,0,,,,
KLO,2009,9,13,7,13.1,,,,,,,,969.9,,1.2,,154,0,0,0,0,0,0,,,,
KLO,2009,9,13,8,14.3,,,,,,,,969.8,,2.5,,244,1262.1,40.3,0,0,0,0,,,,
KLO,2009,9,13,9,15.3,,,,,,,,969.5,,1.8,,308,700.3,77.8,0,0,0,0,,,,
KLO,2009,9,13,10,17.2,,,,,,,,969,,2,,570,996.8,94.1,0,0,0,0,,,,
KLO,2009,9,13,11,18.8,,,,,,,,968.3,,2,,726,1015.3,119.8,0,0,0,0,,,,
KLO,2009,9,13,12,19.3,,,,,,,,967.7,,1.7,,627,673.8,169.2,0,0,0,0,,,,
KLO,2009,9,13,13,19.7,,,,,,,,967,,1.1,,680,717.7,164.3,0,0,0,0,,,,
KLO,2009,9,13,14,20.3,,,,,,,,966.4,,2.4,,560,411.2,267.2,0,0,0,0,,,,
KLO,2009,9,13,15,19.4,,,,,,,,965.8,,3,,196,6,192.1,0,0,0,0,,,,
KLO,2009,9,13,16,18.5,,,,,,,,965.5,,2.8,,56,0.7,55.6,0,0,0,0,,,,
KLO,2009,9,13,17,17.8,,,,,,,,965.5,,3,,39,0.5,38.8,0,0,0,0,,,,
KLO,2009,9,13,18,16.3,,,,,,,,966,,3.9,,0,0,0,0,0,0,0,,,,
KLO,2009,9,13,19,14.8,,,,,,,,966.6,,3.6,,0,0,0,0,0,0,0,,,,
KLO,2009,9,13,20,13.8,,,,,,,,967.1,,3.1,,0,0,0,0,0,0,0,,,,
KLO,2009,9,13,21,13.8,,,,,,,,967.1,,3.1,,0,0,0,0,0,0,0,,,,
KLO,2009,9,13,22,13.1,,,,,,,,967,,3,,0,0,0,0,0,0,0,,,,
KLO,2009,9,13,23,12.3,,,,,,,,966.7,,2.7,,0,0,0,0,0,0,0,,,,
KLO,2009,9,14,0,11.2,,,,,,,,966.4,,2.1,,0,0,0,0,0,0,0,,,,
KLO,2009,9,14,1,11.3,,,,,,,,966.2,,3.1,,0,0,0,0,0,0,0,,,,
KLO,2009,9,14,2,11.5,,,,,,,,966.2,,3.5,,0,0,0,0,0,0,0,,,,
KLO,2009,9,14,3,10.9,,,,,,,,965.9,,3.2,,0,0,0,0,0,0,0,,,,
KLO,2009,9,14,4,9.5,,,,,,,,965.7,,3.1,,0,0,0,0,0,0,0,,,,
KLO,2009,9,14,5,8.6,,,,,,,,965.7,,1.2,,5,0,0,0,0,0,0,,,,
KLO,2009,9,14,6,10.1,,,,,,,,965.9,,1.7,,51,0,0,0,0,0,0,,,,
KLO,2009,9,14,7,11.1,,,,,,,,965.9,,2,,137,0,0,0,0,0,0,,,,
KLO,2009,9,14,8,11.7,,,,,,,,965.8,,2.9,,177,937.6,29.2,0,0,0,0,,,,
KLO,2009,9,14,9,12.6,,,,,,,,965.5,,2.3,,284,578.5,96.1,0,0,0,0,,,,
KLO,2009,9,14,10,13.2,,,,,,,,965.1,,2.9,,303,184.5,215.6,0,0,0,0,,,,
KLO,2009,9,14,11,13.1,,,,,,,,964.7,,3.7,,249,25,234.2,0,0,0,0,,,,
KLO,2009,9,14,12,12,,,,,,,,964.5,,4.4,,273,20.7,259,0,0,0,0,,,,
KLO,2009,9,14,13,13.8,,,,,,,,964.3,,4,,473,213.2,320.7,0,0,0,0,,,,
KLO,2009,9,14,14,14.8,,,,,,,,963.9,,4.2,,592,506.1,234.1,0,0,0,0,,,,
KLO,2009,9,14,15,14.7,,,,,,,,963.6,,2.9,,402,154.3,300.9,0,0,0,0,,,,
KLO,2009,9,14,16,14.2,,,,,,,,963.5,,2.9,,217,16.6,207.7,0,0,0,0,,,,
KLO,2009,9,14,17,13,,,,,,,,963.4,,3,,50,0.9,49.6,0,0,0,0,,,,
KLO,2009,9,14,18,11.9,,,,,,,,963.4,,2.1,,0,0,0,0,0,0,0,,,,
KLO,2009,9,14,19,9.9,,,,,,,,963.6,,2.8,,0,0,0,0,0,0,0,,,,
KLO,2009,9,14,20,8.4,,,,,,,,963.6,,2.6,,0,0,0,0,0,0,0,,,,
KLO,2009,9,14,21,8.7,,,,,,,,963.7,,2.3,,0,0,0,0,0,0,0,,,,
KLO,2009,9,14,22,8.7,,,,,,,,963.8,,3,,0,0,0,0,0,0,0,,,,
KLO,2009,9,14,23,9.3,,,,,,,,963.6,,3.2,,0,0,0,0,0,0,0,,,,
KLO,2009,9,15,0,9.4,,,,,,,,963.8,,3.1,,0,0,0,0,0,0,0,,,,
KLO,2009,9,15,1,9.7,,,,,,,,963.7,,3,,0,0,0,0,0,0,0,,,,
KLO,2009,9,15,2,9.9,,,,,,,,963.8,,2.6,,0,0,0,0,0,0,0,,,,
KLO,2009,9,15,3,9.8,,,,,,,,963.7,,3,,0,0,0,0,0,0,0,,,,
KLO,2009,9,15,4,9.8,,,,,,,,963.8,,2.5,,0,0,0,0,0,0,0,,,,
KLO,2009,9,15,5,9.6,,,,,,,,963.8,,2.8,,8,0,0,0,0,0,0,,,,
KLO,2009,9,15,6,10.2,,,,,,,,964,,4.1,,94,0,0,0,0,0,0,,,,
KLO,2009,9,15,7,10.8,,,,,,,,964.3,,4.7,,161,0,0,0,0,0,0,,,,
KLO,2009,9,15,8,11.3,,,,,,,,964.8,,4.9,,229,1243.3,37.8,0,0,0,0,,,,
KLO,2009,9,15,9,12.1,,,,,,,,964.7,,5,,326,831.3,59.1,0,0,0,0,,,,
KLO,2009,9,15,10,12.7,,,,,,,,964.5,,5.3,,400,534.1,149.2,0,0,0,0,,,,
KLO,2009,9,15,11,14.2,,,,,,,,964.1,,4,,582,789.6,117,0,0,0,0,,,,
KLO,2009,9,15,12,15.4,,,,,,,,964.1,,2.9,,619,672.6,167.9,0,0,0,0,,,,
KLO,2009,9,15,13,16.1,,,,,,,,963.6,,1.6,,474,220.5,317.6,0,0,0,0,,,,
KLO,2009,9,15,14,15.9,,,,,,,,963.4,,1.7,,194,5.1,190.4,0,0,0,0,,,,
KLO,2009,9,15,15,16,,,,,,,,963.5,,1.6,,174,4.8,170.9,0,0,0,0,,,,
KLO,2009,9,15,16,16.3,,,,,,,,963.3,,2.1,,123,3.3,121.2,0,0,0,0,,,,
KLO,2009,9,15,17,15.8,,,,,,,,963.3,,1.6,,32,0.4,31.8,0,0,0,0,,,,
KLO,2009,9,15,18,14.9,,,,,,,,963.6,,2.6,,0,0,0,0,0,0,0,,,,
KLO,2009,9,15,19,14.5,,,,,,,,964,,4,,0,0,0,0,0,0,0,,,,
KLO,2009,9,15,20,14,,,,,,,,963.9,,4.5,,0,0,0,0,0,0,0,,,,
KLO,2009,9,15,21,13.2,,,,,,,,963.8,,3.4,,0,0,0,0,0,0,0,,,,
KLO,2009,9,15,22,11.6,,,,,,,,963.6,,2.2,,0,0,0,0,0,0,0,,,,
KLO,2009,9,15,23,11.9,,,,,,,,963.3,,3,,0,0,0,0,0,0,0,,,,
KLO,2009,9,16,0,12.3,,,,,,,,962.8,,3,,0,0,0,0,0,0,0,,,,
KLO,2009,9,16,1,12.5,,,,,,,,962.1,,2.9,,0,0,0,0,0,0,0,,,,
KLO,2009,9,16,2,13,,,,,,,,961.8,,2.4,,0,0,0,0,0,0,0,,,,
KLO,2009,9,16,3,13.4,,,,,,,,961.4,,1.6,,0,0,0,0,0,0,0,,,,
KLO,2009,9,16,4,13.5,,,,,,,,960.6,,2.6,,0,0,0,0,0,0,0,,,,
KLO,2009,9,16,5,13.4,,,,,,,,960.3,,3,,2,0,0,0,0,0,0,,,,
KLO,2009,9,16,6,13.7,,,,,,,,960.3,,2.6,,23,0,0,0,0,0,0,,,,
KLO,2009,9,16,7,14.2,,,,,,,,960.2,,3.3,,64,0,0,0,0,0,0,,,,
KLO,2009,9,16,8,15,,,,,,,,960,,3.5,,112,339.9,61,0,0,0,0,,,,
KLO,2009,9,16,9,15.9,,,,,,,,959.8,,4.1,,167,76.5,142.7,0,0,0,0,,,,
KLO,2009,9,16,10,16.4,,,,,,,,959.5,,3.8,,154,8.3,150.2,0,0,0,0,,,,
KLO,2009,9,16,11,16.3,,,,,,,,959.4,,3.4,,112,2.4,110.6,0,0,0,0,,,,
KLO,2009,9,16,12,16.8,,,,,,,,959.4,,2.3,,158,3.7,155.5,0,0,0,0,,,,
KLO,2009,9,16,13,17,,,,,,,,959.3,,3.3,,91,1.1,90.2,0,0,0,0,,,,
KLO,2009,9,16,14,16.9,,,,,,,,959,,2,,97,1.3,96.1,0,0,0,0,,,,
KLO,2009,9,16,15,16.8,,,,,,,,959.1,,1.9,,78,1,77.4,0,0,0,0,,,,
KLO,2009,9,16,16,16.7,,,,,,,,959.3,,1.6,,43,0.4,42.8,0,0,0,0,,,,
KLO,2009,9,16,17,16.7,,,,,,,,959.4,,2.1,,8,0,8,0,0,0,0,,,,
KLO,2009,9,16,18,16.3,,,,,,,,959.7,,1.8,,0,0,0,0,0,0,0,,,,
KLO,2009,9,16,19,15.6,,,,,,,,960.3,,2.1,,0,0,0,0,0,0,0,,,,
KLO,2009,9,16,20,15.4,,,,,,,,960.4,,2,,0,0,0,0,0,0,0,,,,
KLO,2009,9,16,21,15.3,,,,,,,,960.7,,1,,0,0,0,0,0,0,0,,,,
KLO,2009,9,16,22,14.8,,,,,,,,960.9,,0.8,,0,0,0,0,0,0,0,,,,
KLO,2009,9,16,23,14.8,,,,,,,,961.1,,0.5,,0,0,0,0,0,0,0,,,,
KLO,2009,9,17,0,15,,,,,,,,961.3,,0.4,,0,0,0,0,0,0,0,,,,
KLO,2009,9,17,1,15.1,,,,,,,,961.5,,0.6,,0,0,0,0,0,0,0,,,,
KLO,2009,9,17,2,15,,,,,,,,961.6,,0.2,,0,0,0,0,0,0,0,,,,
KLO,2009,9,17,3,15,,,,,,,,961.6,,0.4,,0,0,0,0,0,0,0,,,,
KLO,2009,9,17,4,15.1,,,,,,,,961.7,,0.4,,0,0,0,0,0,0,0,,,,
KLO,2009,9,17,5,15.1,,,,,,,,962,,0.5,,1,0,0,0,0,0,0,,,,
KLO,2009,9,17,6,15.2,,,,,,,,962.3,,0.5,,9,0,0,0,0,0,0,,,,
KLO,2009,9,17,7,15.4,,,,,,,,962.8,,0.9,,17,0,0,0,0,0,0,,,,
KLO,2009,9,17,8,15.4,,,,,,,,963.5,,1.9,,44,6.2,43.1,0,0,0,0,,,,
KLO,2009,9,17,9,15.7,,,,,,,,963.9,,2,,85,4.9,83.5,0,0,0,0,,,,
KLO,2009,9,17,10,16.2,,,,,,,,964,,1.7,,131,5.4,128.5,0,0,0,0,,,,
KLO,2009,9,17,11,16.6,,,,,,,,964.2,,1.2,,148,4.3,145.5,0,0,0,0,,,,
KLO,2009,9,17,12,17,,,,,,,,964.5,,1,,92,1.3,91.1,0,0,0,0,,,,
KLO,2009,9,17,13,17.1,,,,,,,,964.7,,0.7,,130,2.3,128.4,0,0,0,0,,,,
KLO,2009,9,17,14,17.6,,,,,,,,964.7,,0.8,,171,4.1,168.2,0,0,0,0,,,,
KLO,2009,9,17,15,18.1,,,,,,,,964.9,,0.9,,172,4.8,168.9,0,0,0,0,,,,
KLO,2009,9,17,16,18.1,,,,,,,,965.1,,0.9,,72,1.2,71.4,0,0,0,0,,,,
KLO,2009,9,17,17,17.6,,,,,,,,965.5,,2.8,,10,0,10,0,0,0,0,,,,
KLO,2009,9,17,18,16.4,,,,,,,,966.1,,3.5,,0,0,0,0,0,0,0,,,,
KLO,2009,9,17,19,16.1,,,,,,,,966.6,,3.2,,0,0,0,0,0,0,0,,,,
KLO,2009,9,17,20,15.7,,,,,,,,966.8,,2.7,,0,0,0,0,0,0,0,,,,
KLO,2009,9,17,21,15.5,,,,,,,,966.9,,3.2,,0,0,0,0,0,0,0,,,,
KLO,2009,9,17,22,15.6,,,,,,,,966.8,,2.1,,0,0,0,0,0,0,0,,,,
KLO,2009,9,17,23,15.5,,,,,,,,966.7,,2.6,,0,0,0,0,0,0,0,,,,
KLO,2009,9,18,0,15.5,,,,,,,,966.6,,3.1,,0,0,0,0,0,0,0,,,,
KLO,2009,9,18,1,15.5,,,,,,,,966.5,,2.5,,0,0,0,0,0,0,0,,,,
KLO,2009,9,18,2,15.4,,,,,,,,966.4,,2.4,,0,0,0,0,0,0,0,,,,
KLO,2009,9,18,3,15.4,,,,,,,,966.3,,1.2,,0,0,0,0,0,0,0,,,,
KLO,2009,9,18,4,15.4,,,,,,,,966.1,,1.4,,0,0,0,0,0,0,0,,,,
KLO,2009,9,18,5,15.5,,,,,,,,966.1,,1.9,,2,0,0,0,0,0,0,,,,
KLO,2009,9,18,6,15.7,,,,,,,,966.1,,3.4,,17,0,0,0,0,0,0,,,,
KLO,2009,9,18,7,15.7,,,,,,,,966.1,,3.5,,50,0,0,0,0,0,0,,,,
KLO,2009,9,18,8,16.4,,,,,,,,966.1,,3.7,,149,871.6,25,0,0,0,0,,,,
KLO,2009,9,18,9,17.1,,,,,,,,966.2,,4.6,,209,229.9,137.9,0,0,0,0,,,,
KLO,2009,9,18,10,17.8,,,,,,,,966.4,,3.9,,227,57.2,200.9,0,0,0,0,,,,
KLO,2009,9,18,11,18.4,,,,,,,,966.1,,3,,311,85.5,261.7,0,0,0,0,,,,
KLO,2009,9,18,12,19.1,,,,,,,,965.6,,3.5,,335,65,292.2,0,0,0,0,,,,
KLO,2009,9,18,13,19.7,,,,,,,,965.2,,3.1,,313,35.2,288.5,0,0,0,0,,,,
KLO,2009,9,18,14,19.9,,,,,,,,964.9,,3.3,,288,24.5,271.2,0,0,0,0,,,,
KLO,2009,9,18,15,19.8,,,,,,,,964.6,,3.3,,197,6.7,192.8,0,0,0,0,,,,
KLO,2009,9,18,16,19.8,,,,,,,,964.4,,2.4,,147,4.9,144.3,0,0,0,0,,,,
KLO,2009,9,18,17,19,,,,,,,,964.4,,1.6,,29,0.3,28.9,0,0,0,0,,,,
KLO,2009,9,18,18,17.5,,,,,,,,964.4,,1.9,,0,0,0,0,0,0,0,,,,
KLO,2009,9,18,19,16.7,,,,,,,,964.4,,1.7,,0,0,0,0,0,0,0,,,,
KLO,2009,9,18,20,16.1,,,,,,,,964.4,,1.7,,0,0,0,0,0,0,0,,,,
KLO,2009,9,18,21,15.6,,,,,,,,964.4,,2.4,,0,0,0,0,0,0,0,,,,
KLO,2009,9,18,22,14.4,,,,,,,,964.6,,2.2,,0,0,0,0,0,0,0,,,,
KLO,2009,9,18,23,14.5,,,,,,,,964.6,,1.2,,0,0,0,0,0,0,0,,,,
KLO,2009,9,19,0,15.4,,,,,,,,964.8,,1.2,,0,0,0,0,0,0,0,,,,
KLO,2009,9,19,1,15.6,,,,,,,,964.9,,0.8,,0,0,0,0,0,0,0,,,,
KLO,2009,9,19,2,15.5,,,,,,,,965,,0.8,,0,0,0,0,0,0,0,,,,
KLO,2009,9,19,3,15.2,,,,,,,,965.1,,1.5,,0,0,0,0,0,0,0,,,,
KLO,2009,9,19,4,15.1,,,,,,,,965.1,,1.6,,0,0,0,0,0,0,0,,,,
KLO,2009,9,19,5,15.4,,,,,,,,965.4,,1.3,,6,0,0,0,0,0,0,,,,
KLO,2009,9,19,6,15.9,,,,,,,,965.9,,0.7,,27,0,0,0,0,0,0,,,,
KLO,2009,9,19,7,16.3,,,,,,,,966.3,,0.4,,76,0,0,0,0,0,0,,,,
KLO,2009,9,19,8,17,,,,,,,,966.6,,0.4,,190,1146.8,31.4,0,0,0,0,,,,
KLO,2009,9,19,9,18.3,,,,,,,,966.8,,1,,430,1176.2,71,0,0,0,0,,,,
KLO,2009,9,19,10,19,,,,,,,,966.6,,1.5,,398,582.6,133.9,0,0,0,0,,,,
KLO,2009,9,19,11,20.6,,,,,,,,966.4,,1.2,,624,910.9,103,0,0,0,0,,,,
KLO,2009,9,19,12,21.5,,,,,,,,966.2,,2,,602,668.5,165.5,0,0,0,0,,,,
KLO,2009,9,19,13,21.9,,,,,,,,966,,2.4,,580,508.3,229,0,0,0,0,,,,
KLO,2009,9,19,14,22,,,,,,,,965.9,,3.5,,506,329.5,281.2,0,0,0,0,,,,
KLO,2009,9,19,15,21.4,,,,,,,,965.8,,2.8,,317,61.6,278.3,0,0,0,0,,,,
KLO,2009,9,19,16,20.7,,,,,,,,966.1,,2.4,,161,6.2,157.7,0,0,0,0,,,,
KLO,2009,9,19,17,18.3,,,,,,,,966.4,,2.6,,18,0.1,17.9,0,0,0,0,,,,
KLO,2009,9,19,18,16.6,,,,,,,,966.7,,2.5,,0,0,0,0,0,0,0,,,,
KLO,2009,9,19,19,16,,,,,,,,967,,1.4,,0,0,0,0,0,0,0,,,,
KLO,2009,9,19,20,16.3,,,,,,,,967.5,,0.9,,0,0,0,0,0,0,0,,,,
KLO,2009,9,19,21,16.1,,,,,,,,967.7,,0.9,,0,0,0,0,0,0,0,,,,
KLO,2009,9,19,22,15.4,,,,,,,,967.8,,1.1,,0,0,0,0,0,0,0,,,,
KLO,2009,9,19,23,15.4,,,,,,,,968,,1,,0,0,0,0,0,0,0,,,,
KLO,2009,9,20,0,15.7,,,,,,,,968.3,,0.8,,0,0,0,0,0,0,0,,,,
KLO,2009,9,20,1,15.8,,,,,,,,968.3,,1.9,,0,0,0,0,0,0,0,,,,
KLO,2009,9,20,2,15.6,,,,,,,,968.2,,1.6,,0,0,0,0,0,0,0,,,,
KLO,2009,9,20,3,15.4,,,,,,,,968.2,,0.9,,0,0,0,0,0,0,0,,,,
KLO,2009,9,20,4,15.4,,,,,,,,968.2,,0.9,,0,0,0,0,0,0,0,,,,
KLO,2009,9,20,5,15.3,,,,,,,,968.5,,0.9,,3,0,0,0,0,0,0,,,,
KLO,2009,9,20,6,15.3,,,,,,,,969,,1,,13,0,0,0,0,0,0,,,,
KLO,2009,9,20,7,15.5,,,,,,,,969.3,,1.1,,89,0,0,0,0,0,0,,,,
KLO,2009,9,20,8,16.4,,,,,,,,969.7,,1.1,,249,1546.4,41.1,0,0,0,0,,,,
KLO,2009,9,20,9,17.1,,,,,,,,969.7,,1.5,,290,743.2,66.1,0,0,0,0,,,,
KLO,2009,9,20,10,18.3,,,,,,,,969.5,,1.3,,366,459.5,159.6,0,0,0,0,,,,
KLO,2009,9,20,11,19.3,,,,,,,,969.3,,1.8,,569,809.7,109.3,0,0,0,0,,,,
KLO,2009,9,20,12,20.3,,,,,,,,969.1,,2.9,,508,401.8,247.5,0,0,0,0,,,,
KLO,2009,9,20,13,20.9,,,,,,,,968.8,,2.8,,559,460.4,243.3,0,0,0,0,,,,
KLO,2009,9,20,14,21.1,,,,,,,,968.6,,2.9,,443,200.2,307.4,0,0,0,0,,,,
KLO,2009,9,20,15,21.1,,,,,,,,968.4,,3.3,,283,36.5,260.2,0,0,0,0,,,,
KLO,2009,9,20,16,20.2,,,,,,,,968.4,,2.1,,108,2.8,106.5,0,0,0,0,,,,
KLO,2009,9,20,17,18.6,,,,,,,,968.6,,1.7,,15,0.1,15,0,0,0,0,,,,
KLO,2009,9,20,18,16,,,,,,,,969.2,,1.1,,0,0,0,0,0,0,0,,,,
KLO,2009,9,20,19,14.4,,,,,,,,969.8,,1.6,,0,0,0,0,0,0,0,,,,
KLO,2009,9,20,20,14.5,,,,,,,,970.3,,1.7,,0,0,0,0,0,0,0,,,,
KLO,2009,9,20,21,14.4,,,,,,,,970.5,,2.1,,0,0,0,0,0,0,0,,,,
KLO,2009,9,20,22,14,,,,,,,,970.7,,1.7,,0,0,0,0,0,0,0,,,,
KLO,2009,9,20,23,14.3,,,,,,,,970.9,,1.1,,0,0,0,0,0,0,0,,,,
KLO,2009,9,21,0,14.5,,,,,,,,970.8,,2.1,,0,0,0,0,0,0,0,,,,
KLO,2009,9,21,1,14.3,,,,,,,,970.8,,1.1,,0,0,0,0,0,0,0,,,,
KLO,2009,9,21,2,14.3,,,,,,,,970.8,,1.4,,0,0,0,0,0,0,0,,,,
KLO,2009,9,21,3,14.4,,,,,,,,970.7,,1.1,,0,0,0,0,0,0,0,,,,
KLO,2009,9,21,4,14.7,,,,,,,,970.8,,1.9,,0,0,0,0,0,0,0,,,,
KLO,2009,9,21,5,14.6,,,,,,,,971.2,,1.6,,7,0,0,0,0,0,0,,,,
KLO,2009,9,21,6,14.9,,,,,,,,971.8,,0.7,,89,0,0,0,0,0,0,,,,
KLO,2009,9,21,7,16.2,,,,,,,,972.2,,2,,214,0,0,0,0,0,0,,,,
KLO,2009,9,21,8,17.8,,,,,,,,972.3,,2.4,,290,1855,47.9,0,0,0,0,,,,
KLO,2009,9,21,9,19.5,,,,,,,,972.4,,2.9,,452,1269.7,74.6,0,0,0,0,,,,
KLO,2009,9,21,10,20.4,,,,,,,,972.4,,3,,488,915.5,80.5,0,0,0,0,,,,
KLO,2009,9,21,11,21.8,,,,,,,,972,,3.9,,555,781.7,114.6,0,0,0,0,,,,
KLO,2009,9,21,12,22.6,,,,,,,,971.8,,4.8,,570,596,186.3,0,0,0,0,,,,
KLO,2009,9,21,13,22.9,,,,,,,,971.5,,4.3,,453,214.4,307,0,0,0,0,,,,
KLO,2009,9,21,14,23.4,,,,,,,,971.4,,4,,448,216,302.8,0,0,0,0,,,,
KLO,2009,9,21,15,23.1,,,,,,,,971.4,,3.3,,311,60.8,273.4,0,0,0,0,,,,
KLO,2009,9,21,16,21.9,,,,,,,,971.5,,3.1,,107,2.8,105.5,0,0,0,0,,,,
KLO,2009,9,21,17,20.5,,,,,,,,971.9,,2.3,,17,0.1,17,0,0,0,0,,,,
KLO,2009,9,21,18,18.7,,,,,,,,972.6,,3.9,,0,0,0,0,0,0,0,,,,
KLO,2009,9,21,19,17.2,,,,,,,,973.1,,2.5,,0,0,0,0,0,0,0,,,,
KLO,2009,9,21,20,16.5,,,,,,,,973.5,,4,,0,0,0,0,0,0,0,,,,
KLO,2009,9,21,21,15.9,,,,,,,,973.8,,2.8,,0,0,0,0,0,0,0,,,,
KLO,2009,9,21,22,15,,,,,,,,974,,2.2,,0,0,0,0,0,0,0,,,,
KLO,2009,9,21,23,14.1,,,,,,,,974.1,,1.6,,0,0,0,0,0,0,0,,,,
KLO,2009,9,22,0,13.5,,,,,,,,974.2,,1.9,,0,0,0,0,0,0,0,,,,
KLO,2009,9,22,1,13.7,,,,,,,,974.1,,2,,0,0,0,0,0,0,0,,,,
KLO,2009,9,22,2,14.9,,,,,,,,974.2,,1.2,,0,0,0,0,0,0,0,,,,
KLO,2009,9,22,3,15.2,,,,,,,,974.4,,1.2,,0,0,0,0,0,0,0,,,,
KLO,2009,9,22,4,15.3,,,,,,,,974.4,,2.4,,0,0,0,0,0,0,0,,,,
KLO,2009,9,22,5,15.4,,,,,,,,974.6,,3,,3,0,0,0,0,0,0,,,,
KLO,2009,9,22,6,15.8,,,,,,,,975,,2.6,,30,0,0,0,0,0,0,,,,
KLO,2009,9,22,7,16.7,,,,,,,,975.3,,2,,115,0,0,0,0,0,0,,,,
KLO,2009,9,22,8,17.7,,,,,,,,975.6,,2.4,,224,1477.2,37,0,0,0,0,,,,
KLO,2009,9,22,9,18.4,,,,,,,,975.8,,2.5,,305,862,52.2,0,0,0,0,,,,
KLO,2009,9,22,10,19.1,,,,,,,,975.8,,2.2,,421,728.2,100,0,0,0,0,,,,
KLO,2009,9,22,11,20.2,,,,,,,,975.5,,1.6,,410,314.8,234,0,0,0,0,,,,
KLO,2009,9,22,12,21.5,,,,,,,,975,,1.7,,565,592.6,186.2,0,0,0,0,,,,
KLO,2009,9,22,13,22.1,,,,,,,,974.7,,2.2,,527,393.6,260.9,0,0,0,0,,,,
KLO,2009,9,22,14,22,,,,,,,,974.5,,2.6,,412,156.3,307.7,0,0,0,0,,,,
KLO,2009,9,22,15,21.8,,,,,,,,974.5,,2.2,,299,52.2,267,0,0,0,0,,,,
KLO,2009,9,22,16,21.1,,,,,,,,974.6,,1.3,,143,5.1,140.4,0,0,0,0,,,,
KLO,2009,9,22,17,19.7,,,,,,,,974.7,,1.1,,20,0.2,19.9,0,0,0,0,,,,
KLO,2009,9,22,18,16.4,,,,,,,,975.3,,0.8,,0,0,0,0,0,0,0,,,,
KLO,2009,9,22,19,15.1,,,,,,,,975.8,,1.6,,0,0,0,0,0,0,0,,,,
KLO,2009,9,22,20,14.4,,,,,,,,976,,0.9,,0,0,0,0,0,0,0,,,,
KLO,2009,9,22,21,13.9,,,,,,,,975.9,,0.6,,0,0,0,0,0,0,0,,,,
KLO,2009,9,22,22,12.9,,,,,,,,976.2,,0.6,,0,0,0,0,0,0,0,,,,
KLO,2009,9,22,23,12.5,,,,,,,,976.3,,0.7,,0,0,0,0,0,0,0,,,,
KLO,2009,9,23,0,12.1,,,,,,,,976.4,,0.5,,0,0,0,0,0,0,0,,,,
KLO,2009,9,23,1,12.7,,,,,,,,976.3,,0.6,,0,0,0,0,0,0,0,,,,
KLO,2009,9,23,2,11.7,,,,,,,,976.2,,1.1,,0,0,0,0,0,0,0,,,,
KLO,2009,9,23,3,11.6,,,,,,,,976.1,,0.7,,0,0,0,0,0,0,0,,,,
KLO,2009,9,23,4,12,,,,,,,,976.1,,1,,0,0,0,0,0,0,0,,,,
KLO,2009,9,23,5,12.8,,,,,,,,976.3,,0.7,,3,0,0,0,0,0,0,,,,
KLO,2009,9,23,6,13.3,,,,,,,,976.6,,1.2,,31,0,0,0,0,0,0,,,,
KLO,2009,9,23,7,13.5,,,,,,,,976.8,,0.7,,107,0,0,0,0,0,0,,,,
KLO,2009,9,23,8,14.3,,,,,,,,977.3,,0.6,,148,1007.3,24.4,0,0,0,0,,,,
KLO,2009,9,23,9,15.4,,,,,,,,977.3,,0.4,,209,297.2,123.1,0,0,0,0,,,,
KLO,2009,9,23,10,16.5,,,,,,,,977.1,,0.5,,293,221.2,196.4,0,0,0,0,,,,
KLO,2009,9,23,11,18.2,,,,,,,,976.8,,1,,461,489.3,189.7,0,0,0,0,,,,
KLO,2009,9,23,12,20,,,,,,,,976.3,,0.8,,600,710.6,149.1,0,0,0,0,,,,
KLO,2009,9,23,13,21.4,,,,,,,,975.6,,0.5,,568,518.4,220.1,0,0,0,0,,,,
KLO,2009,9,23,14,22.4,,,,,,,,974.9,,1.3,,416,168.3,304.6,0,0,0,0,,,,
KLO,2009,9,23,15,22.3,,,,,,,,974.3,,0.9,,303,58.1,267.7,0,0,0,0,,,,
KLO,2009,9,23,16,21.7,,,,,,,,973.9,,1.3,,144,5.3,141.3,0,0,0,0,,,,
KLO,2009,9,23,17,19.8,,,,,,,,973.7,,2.2,,17,0.1,16.9,0,0,0,0,,,,
KLO,2009,9,23,18,16.9,,,,,,,,974,,1.7,,0,0,0,0,0,0,0,,,,
KLO,2009,9,23,19,15.2,,,,,,,,974.3,,1.2,,0,0,0,0,0,0,0,,,,
KLO,2009,9,23,20,14.4,,,,,,,,974.3,,0.7,,0,0,0,0,0,0,0,,,,
KLO,2009,9,23,21,13.6,,,,,,,,974.3,,0.7,,0,0,0,0,0,0,0,,,,
KLO,2009,9,23,22,12.7,,,,,,,,974.1,,0.3,,0,0,0,0,0,0,0,,,,
KLO,2009,9,23,23,11.8,,,,,,,,973.9,,0.4,,0,0,0,0,0,0,0,,,,
KLO,2009,9,24,0,12,,,,,,,,973.7,,0.7,,0,0,0,0,0,0,0,,,,
KLO,2009,9,24,1,11.8,,,,,,,,973.3,,1.5,,0,0,0,0,0,0,0,,,,
KLO,2009,9,24,2,12.6,,,,,,,,973.1,,1.1,,0,0,0,0,0,0,0,,,,
KLO,2009,9,24,3,12.7,,,,,,,,972.9,,0.7,,0,0,0,0,0,0,0,,,,
KLO,2009,9,24,4,12.4,,,,,,,,972.7,,1.1,,0,0,0,0,0,0,0,,,,
KLO,2009,9,24,5,12.5,,,,,,,,972.6,,1,,2,0,0,0,0,0,0,,,,
KLO,2009,9,24,6,13.1,,,,,,,,972.7,,2,,33,0,0,0,0,0,0,,,,
KLO,2009,9,24,7,13.5,,,,,,,,972.9,,1.8,,63,0,0,0,0,0,0,,,,
KLO,2009,9,24,8,14.2,,,,,,,,973.1,,1,,97,461.1,42.2,0,0,0,0,,,,
KLO,2009,9,24,9,15.1,,,,,,,,973.1,,0.6,,151,77.3,129,0,0,0,0,,,,
KLO,2009,9,24,10,16.2,,,,,,,,972.7,,1.6,,221,65.1,192.8,0,0,0,0,,,,
KLO,2009,9,24,11,16.8,,,,,,,,972.3,,1.5,,347,170.5,253.2,0,0,0,0,,,,
KLO,2009,9,24,12,19.5,,,,,,,,971.7,,1.3,,601,725.9,143.8,0,0,0,0,,,,
KLO,2009,9,24,13,21.3,,,,,,,,971.1,,1.7,,570,535.8,213.1,0,0,0,0,,,,
KLO,2009,9,24,14,22.4,,,,,,,,970.6,,2.4,,453,247.2,290.7,0,0,0,0,,,,
KLO,2009,9,24,15,22.2,,,,,,,,970.4,,2.7,,278,39.6,254.2,0,0,0,0,,,,
KLO,2009,9,24,16,21.4,,,,,,,,970.4,,1.2,,98,2.5,96.7,0,0,0,0,,,,
KLO,2009,9,24,17,18.9,,,,,,,,970.6,,0.4,,8,0,8,0,0,0,0,,,,
KLO,2009,9,24,18,16.7,,,,,,,,971,,1,,0,0,0,0,0,0,0,,,,
KLO,2009,9,24,19,15.2,,,,,,,,971.5,,0.3,,0,0,0,0,0,0,0,,,,
KLO,2009,9,24,20,15.2,,,,,,,,971.8,,0.8,,0,0,0,0,0,0,0,,,,
KLO,2009,9,24,21,16.4,,,,,,,,972,,1.1,,0,0,0,0,0,0,0,,,,
KLO,2009,9,24,22,15.8,,,,,,,,972.1,,1.8,,0,0,0,0,0,0,0,,,,
KLO,2009,9,24,23,14.3,,,,,,,,972.1,,2.7,,0,0,0,0,0,0,0,,,,
KLO,2009,9,25,0,14,,,,,,,,972.2,,2.1,,0,0,0,0,0,0,0,,,,
KLO,2009,9,25,1,14.6,,,,,,,,972,,2.3,,0,0,0,0,0,0,0,,,,
KLO,2009,9,25,2,13.4,,,,,,,,972,,2.5,,0,0,0,0,0,0,0,,,,
KLO,2009,9,25,3,12.2,,,,,,,,972,,1.6,,0,0,0,0,0,0,0,,,,
KLO,2009,9,25,4,13,,,,,,,,971.9,,1.7,,0,0,0,0,0,0,0,,,,
KLO,2009,9,25,5,13.2,,,,,,,,971.9,,2.4,,6,0,0,0,0,0,0,,,,
KLO,2009,9,25,6,14,,,,,,,,972.2,,2.2,,68,0,0,0,0,0,0,,,,
KLO,2009,9,25,7,14.7,,,,,,,,972.7,,2.5,,84,0,0,0,0,0,0,,,,
KLO,2009,9,25,8,15.5,,,,,,,,972.9,,2.8,,155,1127.4,25.6,0,0,0,0,,,,
KLO,2009,9,25,9,16.3,,,,,,,,973.1,,4.2,,179,177.5,129.1,0,0,0,0,,,,
KLO,2009,9,25,10,16.9,,,,,,,,973,,3.9,,199,40.7,181.6,0,0,0,0,,,,
KLO,2009,9,25,11,18,,,,,,,,972.8,,4,,356,196.4,248.9,0,0,0,0,,,,
KLO,2009,9,25,12,18.1,,,,,,,,972.5,,4.4,,265,25.6,249,0,0,0,0,,,,
KLO,2009,9,25,13,18.4,,,,,,,,972.3,,3.9,,295,33.1,273.1,0,0,0,0,,,,
KLO,2009,9,25,14,19,,,,,,,,972.1,,3.8,,384,126.5,301.6,0,0,0,0,,,,
KLO,2009,9,25,15,19,,,,,,,,972.1,,3.8,,292,52.8,260.5,0,0,0,0,,,,
KLO,2009,9,25,16,18,,,,,,,,972.1,,2.8,,120,3.8,118.1,0,0,0,0,,,,
KLO,2009,9,25,17,16.3,,,,,,,,972.4,,1.3,,13,0.1,13,0,0,0,0,,,,
KLO,2009,9,25,18,14.6,,,,,,,,972.8,,0.8,,0,0,0,0,0,0,0,,,,
KLO,2009,9,25,19,13.6,,,,,,,,973.1,,1.4,,0,0,0,0,0,0,0,,,,
KLO,2009,9,25,20,13.2,,,,,,,,973.2,,2,,0,0,0,0,0,0,0,,,,
KLO,2009,9,25,21,13,,,,,,,,973.2,,2.3,,0,0,0,0,0,0,0,,,,
KLO,2009,9,25,22,12.5,,,,,,,,973.2,,3,,0,0,0,0,0,0,0,,,,
KLO,2009,9,25,23,11.6,,,,,,,,973.2,,3.1,,0,0,0,0,0,0,0,,,,
KLO,2009,9,26,0,11.4,,,,,,,,973.1,,2.6,,0,0,0,0,0,0,0,,,,
KLO,2009,9,26,1,11,,,,,,,,973,,2.2,,0,0,0,0,0,0,0,,,,
KLO,2009,9,26,2,10.8,,,,,,,,972.9,,2.5,,0,0,0,0,0,0,0,,,,
KLO,2009,9,26,3,10.9,,,,,,,,972.9,,2.6,,0,0,0,0,0,0,0,,,,
KLO,2009,9,26,4,10.9,,,,,,,,972.9,,1.7,,0,0,0,0,0,0,0,,,,
KLO,2009,9,26,5,10.3,,,,,,,,973,,1.3,,3,0,0,0,0,0,0,,,,
KLO,2009,9,26,6,11.4,,,,,,,,973.2,,1.7,,68,0,0,0,0,0,0,,,,
KLO,2009,9,26,7,12.9,,,,,,,,973.5,,1.3,,212,0,0,0,0,0,0,,,,
KLO,2009,9,26,8,14.2,,,,,,,,973.7,,0.9,,271,2041.6,44.7,0,0,0,0,,,,
KLO,2009,9,26,9,15.2,,,,,,,,973.7,,3.1,,362,1091.8,59.7,0,0,0,0,,,,
KLO,2009,9,26,10,15.8,,,,,,,,973.6,,4.4,,321,352.3,171.6,0,0,0,0,,,,
KLO,2009,9,26,11,17.2,,,,,,,,973.4,,3.9,,523,746.9,118.8,0,0,0,0,,,,
KLO,2009,9,26,12,19,,,,,,,,973,,3.1,,609,773.4,129.3,0,0,0,0,,,,
KLO,2009,9,26,13,20,,,,,,,,972.6,,3.7,,556,518.4,215.9,0,0,0,0,,,,
KLO,2009,9,26,14,20.3,,,,,,,,972.4,,3.4,,450,255.9,284.7,0,0,0,0,,,,
KLO,2009,9,26,15,20.1,,,,,,,,972.4,,3.2,,268,36,246.8,0,0,0,0,,,,
KLO,2009,9,26,16,19.3,,,,,,,,972.7,,2.8,,118,3.8,116.1,0,0,0,0,,,,
KLO,2009,9,26,17,17,,,,,,,,973,,1.2,,12,0.1,12,0,0,0,0,,,,
KLO,2009,9,26,18,14.1,,,,,,,,973.5,,0.8,,0,0,0,0,0,0,0,,,,
KLO,2009,9,26,19,12.6,,,,,,,,973.8,,1.5,,0,0,0,0,0,0,0,,,,
KLO,2009,9,26,20,11.8,,,,,,,,973.9,,2.3,,0,0,0,0,0,0,0,,,,
KLO,2009,9,26,21,11.4,,,,,,,,974,,2.4,,0,0,0,0,0,0,0,,,,
KLO,2009,9,26,22,11,,,,,,,,974,,2.2,,0,0,0,0,0,0,0,,,,
KLO,2009,9,26,23,10.2,,,,,,,,974.1,,1,,0,0,0,0,0,0,0,,,,
KLO,2009,9,27,0,9.2,,,,,,,,974,,1.9,,0,0,0,0,0,0,0,,,,
KLO,2009,9,27,1,9.5,,,,,,,,974,,1.1,,0,0,0,0,0,0,0,,,,
KLO,2009,9,27,2,9,,,,,,,,974.3,,0.5,,0,0,0,0,0,0,0,,,,
KLO,2009,9,27,3,8.3,,,,,,,,974.4,,0.5,,0,0,0,0,0,0,0,,,,
KLO,2009,9,27,4,7.7,,,,,,,,974.5,,0.5,,0,0,0,0,0,0,0,,,,
KLO,2009,9,27,5,7.5,,,,,,,,974.7,,1,,3,0,0,0,0,0,0,,,,
KLO,2009,9,27,6,8.5,,,,,,,,975,,0.4,,59,0,0,0,0,0,0,,,,
KLO,2009,9,27,7,10.8,,,,,,,,975.1,,0.3,,207,0,0,0,0,0,0,,,,
KLO,2009,9,27,8,13,,,,,,,,975.3,,0.6,,360,2812.8,59.4,0,0,0,0,,,,
KLO,2009,9,27,9,15.5,,,,,,,,975.2,,0.5,,490,1500.3,80.9,0,0,0,0,,,,
KLO,2009,9,27,10,17.5,,,,,,,,975,,0.7,,570,1134.4,94.1,0,0,0,0,,,,
KLO,2009,9,27,11,18.8,,,,,,,,974.7,,0.9,,604,940,99.7,0,0,0,0,,,,
KLO,2009,9,27,12,19.8,,,,,,,,974.3,,0.9,,585,717,143.7,0,0,0,0,,,,
KLO,2009,9,27,13,20.6,,,,,,,,973.9,,0.6,,542,489,223.7,0,0,0,0,,,,
KLO,2009,9,27,14,21.1,,,,,,,,973.5,,0.6,,430,219.8,289.1,0,0,0,0,,,,
KLO,2009,9,27,15,21.1,,,,,,,,973.3,,0.6,,272,40.5,248.3,0,0,0,0,,,,
KLO,2009,9,27,16,20.6,,,,,,,,973.4,,0.2,,110,3.4,108.4,0,0,0,0,,,,
KLO,2009,9,27,17,17.7,,,,,,,,973.6,,0.8,,7,0,7,0,0,0,0,,,,
KLO,2009,9,27,18,14.7,,,,,,,,974.1,,0.6,,0,0,0,0,0,0,0,,,,
KLO,2009,9,27,19,14.3,,,,,,,,974.6,,1,,0,0,0,0,0,0,0,,,,
KLO,2009,9,27,20,13.4,,,,,,,,974.8,,0.6,,0,0,0,0,0,0,0,,,,
KLO,2009,9,27,21,12.5,,,,,,,,974.8,,0.6,,0,0,0,0,0,0,0,,,,
KLO,2009,9,27,22,11.5,,,,,,,,974.7,,1.1,,0,0,0,0,0,0,0,,,,
KLO,2009,9,27,23,10.9,,,,,,,,974.6,,0.4,,0,0,0,0,0,0,0,,,,
KLO,2009,9,28,0,10.2,,,,,,,,974.4,,0.4,,0,0,0,0,0,0,0,,,,
KLO,2009,9,28,1,9.3,,,,,,,,974.2,,0.6,,0,0,0,0,0,0,0,,,,
KLO,2009,9,28,2,9.9,,,,,,,,974.4,,1.1,,0,0,0,0,0,0,0,,,,
KLO,2009,9,28,3,10.2,,,,,,,,974.3,,0.6,,0,0,0,0,0,0,0,,,,
KLO,2009,9,28,4,10.6,,,,,,,,974.6,,1,,0,0,0,0,0,0,0,,,,
KLO,2009,9,28,5,10.9,,,,,,,,974.8,,0.7,,2,0,0,0,0,0,0,,,,
KLO,2009,9,28,6,11.3,,,,,,,,975.1,,0.3,,26,0,0,0,0,0,0,,,,
KLO,2009,9,28,7,12.2,,,,,,,,975.1,,0.8,,72,0,0,0,0,0,0,,,,
KLO,2009,9,28,8,12.9,,,,,,,,975.2,,0.7,,116,941.4,19.1,0,0,0,0,,,,
KLO,2009,9,28,9,13.5,,,,,,,,975.2,,0.7,,157,121.1,124.5,0,0,0,0,,,,
KLO,2009,9,28,10,14.7,,,,,,,,974.9,,0.6,,309,329.2,172.3,0,0,0,0,,,,
KLO,2009,9,28,11,17.1,,,,,,,,974.4,,0.5,,604,948.1,99.7,0,0,0,0,,,,
KLO,2009,9,28,12,19.7,,,,,,,,973.6,,0.7,,587,736.1,137.5,0,0,0,0,,,,
KLO,2009,9,28,13,20.9,,,,,,,,972.9,,0.6,,548,518.9,212.8,0,0,0,0,,,,
KLO,2009,9,28,14,21.3,,,,,,,,972.5,,0.7,,425,216.5,287.5,0,0,0,0,,,,
KLO,2009,9,28,15,21.5,,,,,,,,971.9,,1.3,,276,45.6,249.6,0,0,0,0,,,,
KLO,2009,9,28,16,20.5,,,,,,,,971.8,,1,,114,3.7,112.2,0,0,0,0,,,,
KLO,2009,9,28,17,18,,,,,,,,972,,2,,11,0.1,11,0,0,0,0,,,,
KLO,2009,9,28,18,15.3,,,,,,,,972.2,,0.8,,0,0,0,0,0,0,0,,,,
KLO,2009,9,28,19,13.2,,,,,,,,972.5,,1.1,,0,0,0,0,0,0,0,,,,
KLO,2009,9,28,20,12.1,,,,,,,,972.7,,0.7,,0,0,0,0,0,0,0,,,,
KLO,2009,9,28,21,11,,,,,,,,972.6,,1.2,,0,0,0,0,0,0,0,,,,
KLO,2009,9,28,22,10.3,,,,,,,,972.5,,1.1,,0,0,0,0,0,0,0,,,,
KLO,2009,9,28,23,10.5,,,,,,,,972.5,,0.7,,0,0,0,0,0,0,0,,,,
KLO,2009,9,29,0,10,,,,,,,,972.5,,0.7,,0,0,0,0,0,0,0,,,,
KLO,2009,9,29,1,9.1,,,,,,,,972.3,,0.5,,0,0,0,0,0,0,0,,,,
KLO,2009,9,29,2,8.4,,,,,,,,972,,0.5,,0,0,0,0,0,0,0,,,,
KLO,2009,9,29,3,8.3,,,,,,,,972,,1.4,,0,0,0,0,0,0,0,,,,
KLO,2009,9,29,4,8.1,,,,,,,,971.9,,0.6,,0,0,0,0,0,0,0,,,,
KLO,2009,9,29,5,7.6,,,,,,,,971.8,,0.6,,3,0,0,0,0,0,0,,,,
KLO,2009,9,29,6,9.1,,,,,,,,972,,1.3,,69,0,0,0,0,0,0,,,,
KLO,2009,9,29,7,11.5,,,,,,,,972.4,,0.6,,198,0,0,0,0,0,0,,,,
KLO,2009,9,29,8,13.9,,,,,,,,972.5,,0.6,,396,3343,65.3,0,0,0,0,,,,
KLO,2009,9,29,9,16.9,,,,,,,,972.4,,1.4,,519,1639.2,85.6,0,0,0,0,,,,
KLO,2009,9,29,10,19,,,,,,,,971.7,,0.9,,584,1186.9,96.4,0,0,0,0,,,,
KLO,2009,9,29,11,20.4,,,,,,,,971,,2.1,,624,988,103,0,0,0,0,,,,
KLO,2009,9,29,12,21.2,,,,,,,,970.2,,2.4,,563,676,153.4,0,0,0,0,,,,
KLO,2009,9,29,13,21.6,,,,,,,,969.7,,1.6,,545,522.3,210.3,0,0,0,0,,,,
KLO,2009,9,29,14,22.3,,,,,,,,969.3,,3.4,,456,295.8,269.6,0,0,0,0,,,,
KLO,2009,9,29,15,21.6,,,,,,,,969,,3.6,,304,76.4,260.1,0,0,0,0,,,,
KLO,2009,9,29,16,20.4,,,,,,,,969,,2.6,,133,5.1,130.5,0,0,0,0,,,,
KLO,2009,9,29,17,17.2,,,,,,,,969.4,,0.7,,9,0,9,0,0,0,0,,,,
KLO,2009,9,29,18,14.1,,,,,,,,969.9,,1.1,,0,0,0,0,0,0,0,,,,
KLO,2009,9,29,19,11.9,,,,,,,,970.2,,0.6,,0,0,0,0,0,0,0,,,,
KLO,2009,9,29,20,10.8,,,,,,,,970.2,,0.4,,0,0,0,0,0,0,0,,,,
KLO,2009,9,29,21,9.9,,,,,,,,970.3,,0.6,,0,0,0,0,0,0,0,,,,
KLO,2009,9,29,22,8.9,,,,,,,,970.3,,1.2,,0,0,0,0,0,0,0,,,,
KLO,2009,9,29,23,8.6,,,,,,,,970,,1.7,,0,0,0,0,0,0,0,,,,
KLO,2009,9,30,0,8.1,,,,,,,,970,,1.2,,0,0,0,0,0,0,0,,,,
KLO,2009,9,30,1,8.3,,,,,,,,969.8,,2.1,,0,0,0,0,0,0,0,,,,
KLO,2009,9,30,2,8,,,,,,,,969.4,,2,,0,0,0,0,0,0,0,,,,
KLO,2009,9,30,3,7.4,,,,,,,,969.3,,1.6,,0,0,0,0,0,0,0,,,,
KLO,2009,9,30,4,7.8,,,,,,,,969.2,,0.5,,0,0,0,0,0,0,0,,,,
KLO,2009,9,30,5,7.1,,,,,,,,969.4,,0.8,,2,0,0,0,0,0,0,,,,
KLO,2009,9,30,6,8.1,,,,,,,,969.5,,1.1,,73,0,0,0,0,0,0,,,,
KLO,2009,9,30,7,10.5,,,,,,,,969.6,,0.9,,200,0,0,0,0,0,0,,,,
KLO,2009,9,30,8,13,,,,,,,,969.4,,1.3,,389,3421.8,64.2,0,0,0,0,,,,
KLO,2009,9,30,9,16.3,,,,,,,,969,,2.2,,514,1649.6,84.8,0,0,0,0,,,,
KLO,2009,9,30,10,17.6,,,,,,,,968.5,,4.2,,578,1187.4,95.4,0,0,0,0,,,,
KLO,2009,9,30,11,18.5,,,,,,,,968.2,,3.5,,596,952,98.3,0,0,0,0,,,,
KLO,2009,9,30,12,19.4,,,,,,,,967.4,,2.3,,573,720.8,139.8,0,0,0,0,,,,
KLO,2009,9,30,13,20,,,,,,,,966.6,,1.3,,534,501.4,215.2,0,0,0,0,,,,
KLO,2009,9,30,14,20.2,,,,,,,,966.3,,0.8,,390,161.3,289.3,0,0,0,0,,,,
KLO,2009,9,30,15,20,,,,,,,,966.1,,0.8,,189,8.2,184.3,0,0,0,0,,,,
KLO,2009,9,30,16,19.8,,,,,,,,965.8,,1.5,,127,4.8,124.7,0,0,0,0,,,,
KLO,2009,9,30,17,18.1,,,,,,,,965.5,,1.3,,10,0.1,10,0,0,0,0,,,,
KLO,2009,9,30,18,15.2,,,,,,,,965.6,,0.8,,0,0,0,0,0,0,0,,,,
KLO,2009,9,30,19,13.4,,,,,,,,965.6,,0.8,,0,0,0,0,0,0,0,,,,
KLO,2009,9,30,20,11.5,,,,,,,,965.6,,0.6,,0,0,0,0,0,0,0,,,,
KLO,2009,9,30,21,11.2,,,,,,,,965.9,,0.9,,0,0,0,0,0,0,0,,,,
KLO,2009,9,30,22,10.3,,,,,,,,965.9,,1.2,,0,0,0,0,0,0,0,,,,
KLO,2009,9,30,23,9.6,,,,,,,,965.7,,1,,0,0,0,0,0,0,0,,,,
KLO,2009,10,1,0,9.2,,,,,,,,965.6,,0.9,,0,0,0,0,0,0,0,,,,
KLO,2009,10,1,1,8.3,,,,,,,,965.3,,0.4,,0,0,0,0,0,0,0,,,,
KLO,2009,10,1,2,7.7,,,,,,,,965,,0.9,,0,0,0,0,0,0,0,,,,
KLO,2009,10,1,3,7.2,,,,,,,,965.1,,0.9,,0,0,0,0,0,0,0,,,,
KLO,2009,10,1,4,7.2,,,,,,,,965.1,,1,,0,0,0,0,0,0,0,,,,
KLO,2009,10,1,5,7.7,,,,,,,,965,,1.4,,2,0,0,0,0,0,0,,,,
KLO,2009,10,1,6,8.5,,,,,,,,965.4,,0.8,,55,0,0,0,0,0,0,,,,
KLO,2009,10,1,7,9.9,,,,,,,,966,,0.6,,100,0,0,0,0,0,0,,,,
KLO,2009,10,1,8,10.7,,,,,,,,966.3,,0.5,,174,1597.8,28.7,0,0,0,0,,,,
KLO,2009,10,1,9,13.6,,,,,,,,966.3,,0.3,,449,1464.7,74.1,0,0,0,0,,,,
KLO,2009,10,1,10,17.2,,,,,,,,966,,1.1,,570,1183.8,94.1,0,0,0,0,,,,
KLO,2009,10,1,11,18.4,,,,,,,,965.8,,3.1,,467,620.6,145.4,0,0,0,0,,,,
KLO,2009,10,1,12,18.6,,,,,,,,965.4,,3.3,,307,66.5,267.3,0,0,0,0,,,,
KLO,2009,10,1,13,19.4,,,,,,,,964.9,,3.3,,381,139.4,293.1,0,0,0,0,,,,
KLO,2009,10,1,14,19.2,,,,,,,,964.7,,3.8,,216,10,209.8,0,0,0,0,,,,
KLO,2009,10,1,15,19.2,,,,,,,,964.7,,4.3,,230,21,218.2,0,0,0,0,,,,
KLO,2009,10,1,16,17.2,,,,,,,,965,,2.8,,81,2,80.1,0,0,0,0,,,,
KLO,2009,10,1,17,15.1,,,,,,,,965.4,,1.4,,5,0,5,0,0,0,0,,,,
KLO,2009,10,1,18,14.2,,,,,,,,966,,1.1,,0,0,0,0,0,0,0,,,,
KLO,2009,10,1,19,14.5,,,,,,,,966.9,,3,,0,0,0,0,0,0,0,,,,
KLO,2009,10,1,20,13.8,,,,,,,,967.3,,1.2,,0,0,0,0,0,0,0,,,,
KLO,2009,10,1,21,13.2,,,,,,,,967.5,,0.4,,0,0,0,0,0,0,0,,,,
KLO,2009,10,1,22,12.8,,,,,,,,967.5,,0.5,,0,0,0,0,0,0,0,,,,
KLO,2009,10,1,23,12.6,,,,,,,,967.2,,1.3,,0,0,0,0,0,0,0,,,,
KLO,2009,10,2,0,12.1,,,,,,,,967.1,,1.2,,0,0,0,0,0,0,0,,,,
KLO,2009,10,2,1,11.1,,,,,,,,967,,1.4,,0,0,0,0,0,0,0,,,,
KLO,2009,10,2,2,10.5,,,,,,,,966.8,,1.8,,0,0,0,0,0,0,0,,,,
KLO,2009,10,2,3,10.6,,,,,,,,966.9,,1.6,,0,0,0,0,0,0,0,,,,
KLO,2009,10,2,4,10.2,,,,,,,,967.1,,1,,0,0,0,0,0,0,0,,,,
KLO,2009,10,2,5,9.5,,,,,,,,967.2,,1.3,,1,0,0,0,0,0,0,,,,
KLO,2009,10,2,6,9.7,,,,,,,,967.3,,1,,60,0,0,0,0,0,0,,,,
KLO,2009,10,2,7,11.6,,,,,,,,967.6,,1.5,,225,0,0,0,0,0,0,,,,
KLO,2009,10,2,8,13.1,,,,,,,,967.8,,1.3,,389,3736.2,64.2,0,0,0,0,,,,
KLO,2009,10,2,9,14.7,,,,,,,,967.7,,0.9,,533,1767.9,87.9,0,0,0,0,,,,
KLO,2009,10,2,10,16,,,,,,,,967.5,,2,,539,1131.9,88.9,0,0,0,0,,,,
KLO,2009,10,2,11,16.4,,,,,,,,967.4,,3,,388,346.3,210.2,0,0,0,0,,,,
KLO,2009,10,2,12,16.8,,,,,,,,967,,4.4,,389,200.8,270.3,0,0,0,0,,,,
KLO,2009,10,2,13,16.8,,,,,,,,966.7,,4.7,,370,126.7,290.8,0,0,0,0,,,,
KLO,2009,10,2,14,17.1,,,,,,,,966.6,,4.1,,407,207.3,279.8,0,0,0,0,,,,
KLO,2009,10,2,15,16,,,,,,,,966.6,,4,,190,9.1,185,0,0,0,0,,,,
KLO,2009,10,2,16,14.5,,,,,,,,966.9,,3.4,,68,1.4,67.3,0,0,0,0,,,,
KLO,2009,10,2,17,12.8,,,,,,,,967.5,,1.9,,4,0,4,0,0,0,0,,,,
KLO,2009,10,2,18,12.7,,,,,,,,968.4,,2.2,,0,0,0,0,0,0,0,,,,
KLO,2009,10,2,19,11.9,,,,,,,,969,,2,,0,0,0,0,0,0,0,,,,
KLO,2009,10,2,20,11.3,,,,,,,,969.6,,1.6,,0,0,0,0,0,0,0,,,,
KLO,2009,10,2,21,10.9,,,,,,,,969.6,,0.9,,0,0,0,0,0,0,0,,,,
KLO,2009,10,2,22,10.1,,,,,,,,969.4,,1.2,,0,0,0,0,0,0,0,,,,
KLO,2009,10,2,23,8.7,,,,,,,,969.6,,1.4,,0,0,0,0,0,0,0,,,,
KLO,2009,10,3,0,7.8,,,,,,,,969.6,,1.1,,0,0,0,0,0,0,0,,,,
KLO,2009,10,3,1,7.5,,,,,,,,969.3,,1.4,,0,0,0,0,0,0,0,,,,
KLO,2009,10,3,2,6.2,,,,,,,,968.9,,1.4,,0,0,0,0,0,0,0,,,,
KLO,2009,10,3,3,5.9,,,,,,,,968.4,,1.5,,0,0,0,0,0,0,0,,,,
KLO,2009,10,3,4,4.9,,,,,,,,968.1,,1.3,,0,0,0,0,0,0,0,,,,
KLO,2009,10,3,5,4.3,,,,,,,,968,,1.3,,1,0,0,0,0,0,0,,,,
KLO,2009,10,3,6,5.2,,,,,,,,968,,1.1,,64,0,0,0,0,0,0,,,,
KLO,2009,10,3,7,7.8,,,,,,,,968.4,,0.8,,225,0,0,0,0,0,0,,,,
KLO,2009,10,3,8,10.1,,,,,,,,968.4,,0.6,,367,3694.9,60.6,0,0,0,0,,,,
KLO,2009,10,3,9,12.6,,,,,,,,968.2,,0.9,,504,1700.3,83.2,0,0,0,0,,,,
KLO,2009,10,3,10,14.8,,,,,,,,967.7,,2.6,,552,1172.4,91.1,0,0,0,0,,,,
KLO,2009,10,3,11,16.1,,,,,,,,967,,3,,588,965.1,97,0,0,0,0,,,,
KLO,2009,10,3,12,17.1,,,,,,,,966.4,,3.3,,573,762.2,126.2,0,0,0,0,,,,
KLO,2009,10,3,13,17.8,,,,,,,,965.8,,3.1,,533,537.2,199.9,0,0,0,0,,,,
KLO,2009,10,3,14,18,,,,,,,,965.4,,2.6,,412,225.7,274.7,0,0,0,0,,,,
KLO,2009,10,3,15,17.7,,,,,,,,965,,2.6,,232,24.1,218.7,0,0,0,0,,,,
KLO,2009,10,3,16,15.5,,,,,,,,964.8,,2.1,,72,1.7,71.2,0,0,0,0,,,,
KLO,2009,10,3,17,13.1,,,,,,,,965,,1.3,,3,0,3,0,0,0,0,,,,
KLO,2009,10,3,18,11.4,,,,,,,,965.3,,1.1,,0,0,0,0,0,0,0,,,,
KLO,2009,10,3,19,9.9,,,,,,,,965.4,,1,,0,0,0,0,0,0,0,,,,
KLO,2009,10,3,20,9.6,,,,,,,,965.6,,0.7,,0,0,0,0,0,0,0,,,,
KLO,2009,10,3,21,9.1,,,,,,,,965.9,,1.3,,0,0,0,0,0,0,0,,,,
KLO,2009,10,3,22,7.7,,,,,,,,966.2,,1.3,,0,0,0,0,0,0,0,,,,
KLO,2009,10,3,23,10.3,,,,,,,,966.2,,1.5,,0,0,0,0,0,0,0,,,,
KLO,2009,10,4,0,8.1,,,,,,,,966.3,,1.6,,0,0,0,0,0,0,0,,,,
KLO,2009,10,4,1,6.9,,,,,,,,966.3,,2.2,,0,0,0,0,0,0,0,,,,
KLO,2009,10,4,2,7,,,,,,,,966.1,,2.9,,0,0,0,0,0,0,0,,,,
KLO,2009,10,4,3,7,,,,,,,,966,,2.2,,0,0,0,0,0,0,0,,,,
KLO,2009,10,4,4,5.8,,,,,,,,966,,1.3,,0,0,0,0,0,0,0,,,,
KLO,2009,10,4,5,6.1,,,,,,,,966.2,,0.8,,1,0,0,0,0,0,0,,,,
KLO,2009,10,4,6,7.5,,,,,,,,966.6,,1.3,,63,0,0,0,0,0,0,,,,
KLO,2009,10,4,7,11.4,,,,,,,,966.9,,1.2,,231,0,0,0,0,0,0,,,,
KLO,2009,10,4,8,13.5,,,,,,,,967.4,,3.7,,389,4115,64.2,0,0,0,0,,,,
KLO,2009,10,4,9,14.6,,,,,,,,967.5,,5.1,,427,1465.8,70.5,0,0,0,0,,,,
KLO,2009,10,4,10,15.4,,,,,,,,967.3,,4.7,,581,1248.2,95.9,0,0,0,0,,,,
KLO,2009,10,4,11,16.1,,,,,,,,967.2,,4.5,,564,934.4,93.1,0,0,0,0,,,,
KLO,2009,10,4,12,16.1,,,,,,,,966.8,,4,,557,727.3,134.3,0,0,0,0,,,,
KLO,2009,10,4,13,16.5,,,,,,,,966.2,,4.2,,529,538,198.1,0,0,0,0,,,,
KLO,2009,10,4,14,16.5,,,,,,,,965.9,,4,,415,240.6,269.9,0,0,0,0,,,,
KLO,2009,10,4,15,15.8,,,,,,,,965.7,,4.3,,256,41.7,233.3,0,0,0,0,,,,
KLO,2009,10,4,16,14.7,,,,,,,,965.9,,4,,95,3,93.7,0,0,0,0,,,,
KLO,2009,10,4,17,11.8,,,,,,,,966.5,,2.5,,4,0,4,0,0,0,0,,,,
KLO,2009,10,4,18,10.3,,,,,,,,967.3,,0.9,,0,0,0,0,0,0,0,,,,
KLO,2009,10,4,19,9.7,,,,,,,,968,,1,,0,0,0,0,0,0,0,,,,
KLO,2009,10,4,20,9.8,,,,,,,,968.8,,0.8,,0,0,0,0,0,0,0,,,,
KLO,2009,10,4,21,10.2,,,,,,,,969.1,,0.8,,0,0,0,0,0,0,0,,,,
KLO,2009,10,4,22,8.3,,,,,,,,969.4,,1,,0,0,0,0,0,0,0,,,,
KLO,2009,10,4,23,7.7,,,,,,,,969.3,,0.5,,0,0,0,0,0,0,0,,,,
KLO,2009,10,5,0,6.5,,,,,,,,969.2,,0.4,,0,0,0,0,0,0,0,,,,
KLO,2009,10,5,1,5.7,,,,,,,,968.9,,0.9,,0,0,0,0,0,0,0,,,,
KLO,2009,10,5,2,5,,,,,,,,968.6,,0.5,,0,0,0,0,0,0,0,,,,
KLO,2009,10,5,3,4.4,,,,,,,,968.4,,0.3,,0,0,0,0,0,0,0,,,,
KLO,2009,10,5,4,3.7,,,,,,,,968.3,,0.7,,0,0,0,0,0,0,0,,,,
KLO,2009,10,5,5,4.2,,,,,,,,968.3,,0.9,,2,0,0,0,0,0,0,,,,
KLO,2009,10,5,6,5.8,,,,,,,,968.3,,0.7,,50,0,0,0,0,0,0,,,,
KLO,2009,10,5,7,8.3,,,,,,,,968.2,,1,,207,0,0,0,0,0,0,,,,
KLO,2009,10,5,8,10.1,,,,,,,,968.3,,1.5,,272,3031,44.9,0,0,0,0,,,,
KLO,2009,10,5,9,12.4,,,,,,,,968.1,,0.8,,438,1530.4,72.3,0,0,0,0,,,,
KLO,2009,10,5,10,14.4,,,,,,,,967.6,,0.9,,367,721.1,90,0,0,0,0,,,,
KLO,2009,10,5,11,15.8,,,,,,,,967,,0.7,,287,110.5,231.8,0,0,0,0,,,,
KLO,2009,10,5,12,16.6,,,,,,,,966.4,,1.3,,200,9.7,194.4,0,0,0,0,,,,
KLO,2009,10,5,13,16.1,,,,,,,,966.2,,1.9,,70,0.9,69.5,0,0,0,0,,,,
KLO,2009,10,5,14,16.1,,,,,,,,965.7,,1.8,,90,1.5,89.1,0,0,0,0,,,,
KLO,2009,10,5,15,15.7,,,,,,,,965.4,,2.8,,50,0.6,49.7,0,0,0,0,,,,
KLO,2009,10,5,16,15.5,,,,,,,,965.3,,1.5,,30,0.3,29.9,0,0,0,0,,,,
KLO,2009,10,5,17,15.3,,,,,,,,965.9,,1.6,,0,0,0,0,0,0,0,,,,
KLO,2009,10,5,18,14.6,,,,,,,,966.3,,1.9,,0,0,0,0,0,0,0,,,,
KLO,2009,10,5,19,14.3,,,,,,,,966.6,,3.3,,0,0,0,0,0,0,0,,,,
KLO,2009,10,5,20,14.1,,,,,,,,967.1,,3.7,,0,0,0,0,0,0,0,,,,
KLO,2009,10,5,21,13.5,,,,,,,,967.3,,4.2,,0,0,0,0,0,0,0,,,,
KLO,2009,10,5,22,12.9,,,,,,,,967.4,,2.6,,0,0,0,0,0,0,0,,,,
KLO,2009,10,5,23,13.4,,,,,,,,967.4,,2.6,,0,0,0,0,0,0,0,,,,
KLO,2009,10,6,0,13.7,,,,,,,,967.5,,3.3,,0,0,0,0,0,0,0,,,,
KLO,2009,10,6,1,13.6,,,,,,,,967.4,,2.8,,0,0,0,0,0,0,0,,,,
KLO,2009,10,6,2,13.7,,,,,,,,967.4,,1.3,,0,0,0,0,0,0,0,,,,
KLO,2009,10,6,3,12.4,,,,,,,,967.6,,2.2,,0,0,0,0,0,0,0,,,,
KLO,2009,10,6,4,12,,,,,,,,967.7,,2.6,,0,0,0,0,0,0,0,,,,
KLO,2009,10,6,5,11.8,,,,,,,,967.4,,2.2,,1,0,0,0,0,0,0,,,,
KLO,2009,10,6,6,13,,,,,,,,967.6,,1.6,,38,0,0,0,0,0,0,,,,
KLO,2009,10,6,7,14.9,,,,,,,,967.7,,1.3,,100,0,0,0,0,0,0,,,,
KLO,2009,10,6,8,16.8,,,,,,,,967.9,,1.3,,190,2236.8,31.4,0,0,0,0,,,,
KLO,2009,10,6,9,18.6,,,,,,,,968,,1.1,,264,939.3,43.6,0,0,0,0,,,,
KLO,2009,10,6,10,19.9,,,,,,,,967.9,,1.4,,280,314.1,160.8,0,0,0,0,,,,
KLO,2009,10,6,11,21.2,,,,,,,,967.6,,2.6,,273,91.5,227.7,0,0,0,0,,,,
KLO,2009,10,6,12,20.9,,,,,,,,967.1,,2.2,,157,5,154.2,0,0,0,0,,,,
KLO,2009,10,6,13,21.3,,,,,,,,967.1,,4,,139,3.5,136.9,0,0,0,0,,,,
KLO,2009,10,6,14,21.7,,,,,,,,967.1,,4.8,,107,2.2,105.7,0,0,0,0,,,,
KLO,2009,10,6,15,20.9,,,,,,,,967.6,,3.9,,62,0.9,61.5,0,0,0,0,,,,
KLO,2009,10,6,16,19.4,,,,,,,,967.8,,3.7,,13,0.1,13,0,0,0,0,,,,
KLO,2009,10,6,17,19,,,,,,,,967.9,,3.6,,0,0,0,0,0,0,0,,,,
KLO,2009,10,6,18,18.5,,,,,,,,968.5,,2.6,,0,0,0,0,0,0,0,,,,
KLO,2009,10,6,19,17.1,,,,,,,,969,,2.4,,0,0,0,0,0,0,0,,,,
KLO,2009,10,6,20,16.8,,,,,,,,969.2,,2.1,,0,0,0,0,0,0,0,,,,
KLO,2009,10,6,21,17.3,,,,,,,,969.3,,3.1,,0,0,0,0,0,0,0,,,,
KLO,2009,10,6,22,17,,,,,,,,969.2,,2.1,,0,0,0,0,0,0,0,,,,
KLO,2009,10,6,23,16.7,,,,,,,,969.1,,1.5,,0,0,0,0,0,0,0,,,,
KLO,2009,10,7,0,16.7,,,,,,,,969.2,,1,,0,0,0,0,0,0,0,,,,
KLO,2009,10,7,1,15.8,,,,,,,,969.2,,1.3,,0,0,0,0,0,0,0,,,,
KLO,2009,10,7,2,14.4,,,,,,,,969.1,,2.1,,0,0,0,0,0,0,0,,,,
KLO,2009,10,7,3,12.9,,,,,,,,969.1,,2.3,,0,0,0,0,0,0,0,,,,
KLO,2009,10,7,4,13.1,,,,,,,,969,,2.7,,0,0,0,0,0,0,0,,,,
KLO,2009,10,7,5,12.9,,,,,,,,968.9,,1.9,,1,0,0,0,0,0,0,,,,
KLO,2009,10,7,6,13.2,,,,,,,,968.6,,1.3,,53,0,0,0,0,0,0,,,,
KLO,2009,10,7,7,16,,,,,,,,968.7,,1.2,,203,0,0,0,0,0,0,,,,
KLO,2009,10,7,8,18.8,,,,,,,,968.8,,1.3,,358,4466.5,59.1,0,0,0,0,,,,
KLO,2009,10,7,9,21.3,,,,,,,,969,,3,,487,1765.1,80.4,0,0,0,0,,,,
KLO,2009,10,7,10,22.5,,,,,,,,968.6,,3.2,,552,1228.7,91.1,0,0,0,0,,,,
KLO,2009,10,7,11,23.7,,,,,,,,967.9,,3.1,,534,910.6,88,0,0,0,0,,,,
KLO,2009,10,7,12,24.4,,,,,,,,967,,1.8,,547,739.7,128.2,0,0,0,0,,,,
KLO,2009,10,7,13,25.3,,,,,,,,966.2,,1.3,,495,470.3,213.2,0,0,0,0,,,,
KLO,2009,10,7,14,25.8,,,,,,,,965.4,,1.9,,382,190.6,270.2,0,0,0,0,,,,
KLO,2009,10,7,15,25.4,,,,,,,,964.7,,1.6,,203,15.2,195,0,0,0,0,,,,
KLO,2009,10,7,16,22.2,,,,,,,,964,,1.5,,32,0.4,31.8,0,0,0,0,,,,
KLO,2009,10,7,17,20,,,,,,,,963.8,,1.2,,0,0,0,0,0,0,0,,,,
KLO,2009,10,7,18,18.8,,,,,,,,963.9,,0.7,,0,0,0,0,0,0,0,,,,
KLO,2009,10,7,19,17.3,,,,,,,,963.9,,0.7,,0,0,0,0,0,0,0,,,,
KLO,2009,10,7,20,17.3,,,,,,,,964,,2.4,,0,0,0,0,0,0,0,,,,
KLO,2009,10,7,21,17.7,,,,,,,,963.9,,2.6,,0,0,0,0,0,0,0,,,,
KLO,2009,10,7,22,16.9,,,,,,,,963.7,,2.7,,0,0,0,0,0,0,0,,,,
KLO,2009,10,7,23,16.6,,,,,,,,963.7,,2.2,,0,0,0,0,0,0,0,,,,
KLO,2009,10,8,0,16,,,,,,,,963.6,,2.3,,0,0,0,0,0,0,0,,,,
KLO,2009,10,8,1,16.6,,,,,,,,963.9,,1.8,,0,0,0,0,0,0,0,,,,
KLO,2009,10,8,2,16.5,,,,,,,,963.8,,1.7,,0,0,0,0,0,0,0,,,,
KLO,2009,10,8,3,17.9,,,,,,,,964.3,,1.7,,0,0,0,0,0,0,0,,,,
KLO,2009,10,8,4,16.6,,,,,,,,965.1,,1.6,,0,0,0,0,0,0,0,,,,
KLO,2009,10,8,5,16.8,,,,,,,,966.1,,2.7,,0,0,0,0,0,0,0,,,,
KLO,2009,10,8,6,16.1,,,,,,,,966.3,,2.3,,5,0,0,0,0,0,0,,,,
KLO,2009,10,8,7,16.4,,,,,,,,966.5,,3.6,,58,0,0,0,0,0,0,,,,
KLO,2009,10,8,8,17.5,,,,,,,,966.9,,2.3,,123,1632.1,20.3,0,0,0,0,,,,
KLO,2009,10,8,9,18.4,,,,,,,,967.1,,2.6,,187,471.8,80.4,0,0,0,0,,,,
KLO,2009,10,8,10,18.8,,,,,,,,967.1,,3.9,,190,64.1,166.3,0,0,0,0,,,,
KLO,2009,10,8,11,18.5,,,,,,,,967.1,,1.5,,103,3,101.6,0,0,0,0,,,,
KLO,2009,10,8,12,17.4,,,,,,,,966.8,,1.9,,71,1.1,70.4,0,0,0,0,,,,
KLO,2009,10,8,13,16.7,,,,,,,,966.8,,2.8,,65,0.8,64.5,0,0,0,0,,,,
KLO,2009,10,8,14,16.6,,,,,,,,967,,2.2,,47,0.4,46.7,0,0,0,0,,,,
KLO,2009,10,8,15,16.1,,,,,,,,967,,2,,29,0.2,28.9,0,0,0,0,,,,
KLO,2009,10,8,16,16.1,,,,,,,,966.8,,1.4,,14,0.1,14,0,0,0,0,,,,
KLO,2009,10,8,17,15.9,,,,,,,,967.1,,1.7,,0,0,0,0,0,0,0,,,,
KLO,2009,10,8,18,15.7,,,,,,,,967.4,,0.9,,0,0,0,0,0,0,0,,,,
KLO,2009,10,8,19,15.6,,,,,,,,967.6,,0.4,,0,0,0,0,0,0,0,,,,
KLO,2009,10,8,20,15.5,,,,,,,,967.8,,1.2,,0,0,0,0,0,0,0,,,,
KLO,2009,10,8,21,15.6,,,,,,,,968,,2.1,,0,0,0,0,0,0,0,,,,
KLO,2009,10,8,22,15.4,,,,,,,,968.2,,2.9,,0,0,0,0,0,0,0,,,,
KLO,2009,10,8,23,14.9,,,,,,,,968.2,,1.8,,0,0,0,0,0,0,0,,,,
KLO,2009,10,9,0,14.9,,,,,,,,968.3,,0.8,,0,0,0,0,0,0,0,,,,
KLO,2009,10,9,1,14.7,,,,,,,,968.1,,1.1,,0,0,0,0,0,0,0,,,,
KLO,2009,10,9,2,14.6,,,,,,,,967.8,,1.2,,0,0,0,0,0,0,0,,,,
KLO,2009,10,9,3,14.4,,,,,,,,967.7,,0.6,,0,0,0,0,0,0,0,,,,
KLO,2009,10,9,4,13.7,,,,,,,,967.6,,0.9,,0,0,0,0,0,0,0,,,,
KLO,2009,10,9,5,13.7,,,,,,,,967.6,,1.1,,0,0,0,0,0,0,0,,,,
KLO,2009,10,9,6,14.2,,,,,,,,967.7,,0.8,,42,0,0,0,0,0,0,,,,
KLO,2009,10,9,7,14.8,,,,,,,,968,,0.9,,84,0,0,0,0,0,0,,,,
KLO,2009,10,9,8,15.2,,,,,,,,968.4,,0.8,,101,1431,16.7,0,0,0,0,,,,
KLO,2009,10,9,9,15.8,,,,,,,,968.4,,0.6,,140,166.3,103.1,0,0,0,0,,,,
KLO,2009,10,9,10,16.2,,,,,,,,968.4,,0.8,,200,86.7,168.3,0,0,0,0,,,,
KLO,2009,10,9,11,16.5,,,,,,,,968.2,,0.4,,93,2.5,91.8,0,0,0,0,,,,
KLO,2009,10,9,12,17,,,,,,,,967.7,,1.8,,164,5.7,160.8,0,0,0,0,,,,
KLO,2009,10,9,13,17.2,,,,,,,,967.4,,2.4,,145,4,142.7,0,0,0,0,,,,
KLO,2009,10,9,14,17.8,,,,,,,,967.1,,2.5,,231,18.8,220.2,0,0,0,0,,,,
KLO,2009,10,9,15,17.4,,,,,,,,966.7,,1.8,,135,4.5,132.7,0,0,0,0,,,,
KLO,2009,10,9,16,16.5,,,,,,,,966.4,,1.7,,38,0.5,37.8,0,0,0,0,,,,
KLO,2009,10,9,17,16,,,,,,,,966.5,,1.7,,1,0,1,0,0,0,0,,,,
KLO,2009,10,9,18,15.3,,,,,,,,966.7,,1.2,,0,0,0,0,0,0,0,,,,
KLO,2009,10,9,19,15,,,,,,,,966.8,,1.6,,0,0,0,0,0,0,0,,,,
KLO,2009,10,9,20,14.6,,,,,,,,966.8,,1.6,,0,0,0,0,0,0,0,,,,
KLO,2009,10,9,21,14.8,,,,,,,,966.6,,1.6,,0,0,0,0,0,0,0,,,,
KLO,2009,10,9,22,14.7,,,,,,,,966.4,,1.8,,0,0,0,0,0,0,0,,,,
KLO,2009,10,9,23,14.5,,,,,,,,966.3,,1.2,,0,0,0,0,0,0,0,,,,
KLO,2009,10,10,0,14.5,,,,,,,,966.2,,0.9,,0,0,0,0,0,0,0,,,,
KLO,2009,10,10,1,14.5,,,,,,,,965.8,,1.5,,0,0,0,0,0,0,0,,,,
KLO,2009,10,10,2,14.3,,,,,,,,965.4,,0.9,,0,0,0,0,0,0,0,,,,
KLO,2009,10,10,3,14.3,,,,,,,,965.1,,0.6,,0,0,0,0,0,0,0,,,,
KLO,2009,10,10,4,14.2,,,,,,,,964.8,,0.5,,0,0,0,0,0,0,0,,,,
KLO,2009,10,10,5,14.3,,,,,,,,964.7,,0.8,,0,0,0,0,0,0,0,,,,
KLO,2009,10,10,6,14.5,,,,,,,,964.8,,1.1,,16,0,0,0,0,0,0,,,,
KLO,2009,10,10,7,15.1,,,,,,,,965,,2,,58,0,0,0,0,0,0,,,,
KLO,2009,10,10,8,15.4,,,,,,,,965.1,,2.2,,53,530.2,23.9,0,0,0,0,,,,
KLO,2009,10,10,9,14.6,,,,,,,,965.7,,2.7,,23,0.7,22.8,0,0,0,0,,,,
KLO,2009,10,10,10,14.5,,,,,,,,966.1,,1.7,,95,4.5,93.4,0,0,0,0,,,,
KLO,2009,10,10,11,15.4,,,,,,,,966.1,,2,,172,11.5,166.6,0,0,0,0,,,,
KLO,2009,10,10,12,15.3,,,,,,,,966.1,,2.2,,110,2.6,108.6,0,0,0,0,,,,
KLO,2009,10,10,13,15.9,,,,,,,,965.9,,3.7,,174,5.8,170.6,0,0,0,0,,,,
KLO,2009,10,10,14,15.4,,,,,,,,966.1,,3.4,,196,9.2,190.7,0,0,0,0,,,,
KLO,2009,10,10,15,15.6,,,,,,,,966,,1.1,,80,1.6,79.2,0,0,0,0,,,,
KLO,2009,10,10,16,15.2,,,,,,,,966.3,,1.4,,34,0.4,33.8,0,0,0,0,,,,
KLO,2009,10,10,17,14.5,,,,,,,,967,,2.2,,0,0,0,0,0,0,0,,,,
KLO,2009,10,10,18,13.9,,,,,,,,967.4,,3.7,,0,0,0,0,0,0,0,,,,
KLO,2009,10,10,19,13.3,,,,,,,,967.7,,1.8,,0,0,0,0,0,0,0,,,,
KLO,2009,10,10,20,13,,,,,,,,968.2,,0.8,,0,0,0,0,0,0,0,,,,
KLO,2009,10,10,21,12.8,,,,,,,,968.3,,2.3,,0,0,0,0,0,0,0,,,,
KLO,2009,10,10,22,12,,,,,,,,968.7,,1.1,,0,0,0,0,0,0,0,,,,
KLO,2009,10,10,23,12.4,,,,,,,,968.8,,3.1,,0,0,0,0,0,0,0,,,,
KLO,2009,10,11,0,11.6,,,,,,,,968.8,,2.5,,0,0,0,0,0,0,0,,,,
KLO,2009,10,11,1,11.8,,,,,,,,968.9,,0.6,,0,0,0,0,0,0,0,,,,
KLO,2009,10,11,2,12.2,,,,,,,,969.1,,1.3,,0,0,0,0,0,0,0,,,,
KLO,2009,10,11,3,11.7,,,,,,,,969.2,,1.9,,0,0,0,0,0,0,0,,,,
KLO,2009,10,11,4,11.9,,,,,,,,969.4,,2.5,,0,0,0,0,0,0,0,,,,
KLO,2009,10,11,5,11.3,,,,,,,,969.3,,3.3,,0,0,0,0,0,0,0,,,,
KLO,2009,10,11,6,10.9,,,,,,,,969.5,,2.7,,44,0,0,0,0,0,0,,,,
KLO,2009,10,11,7,11.8,,,,,,,,969.6,,2.1,,122,0,0,0,0,0,0,,,,
KLO,2009,10,11,8,13.6,,,,,,,,969.5,,2.7,,335,0,0,0,0,0,0,,,,
KLO,2009,10,11,9,14.5,,,,,,,,969.3,,3.6,,386,1513,63.7,0,0,0,0,,,,
KLO,2009,10,11,10,15,,,,,,,,969.1,,3.7,,422,987.5,69.6,0,0,0,0,,,,
KLO,2009,10,11,11,15.2,,,,,,,,968.7,,4,,344,301.5,202.2,0,0,0,0,,,,
KLO,2009,10,11,12,15.7,,,,,,,,967.9,,3.5,,401,306.8,233.5,0,0,0,0,,,,
KLO,2009,10,11,13,15.9,,,,,,,,967.2,,3.6,,313,82.7,265.2,0,0,0,0,,,,
KLO,2009,10,11,14,15.1,,,,,,,,966.7,,3.1,,127,3.3,125.1,0,0,0,0,,,,
KLO,2009,10,11,15,14.3,,,,,,,,966.2,,2.6,,40,0.4,39.8,0,0,0,0,,,,
KLO,2009,10,11,16,13.9,,,,,,,,966.1,,1.9,,15,0.1,15,0,0,0,0,,,,
KLO,2009,10,11,17,13.1,,,,,,,,965.8,,1.6,,1,0,1,0,0,0,0,,,,
KLO,2009,10,11,18,12.6,,,,,,,,965.6,,1.6,,0,0,0,0,0,0,0,,,,
KLO,2009,10,11,19,12.9,,,,,,,,965.3,,3.6,,0,0,0,0,0,0,0,,,,
KLO,2009,10,11,20,13.2,,,,,,,,965.3,,4.1,,0,0,0,0,0,0,0,,,,
KLO,2009,10,11,21,12.5,,,,,,,,964.9,,2.9,,0,0,0,0,0,0,0,,,,
KLO,2009,10,11,22,12,,,,,,,,963.9,,4.5,,0,0,0,0,0,0,0,,,,
KLO,2009,10,11,23,11.8,,,,,,,,962.6,,5.1,,0,0,0,0,0,0,0,,,,
KLO,2009,10,12,0,12,,,,,,,,961.6,,6.7,,0,0,0,0,0,0,0,,,,
KLO,2009,10,12,1,11.8,,,,,,,,960.4,,8.7,,0,0,0,0,0,0,0,,,,
KLO,2009,10,12,2,11.9,,,,,,,,959.2,,8.1,,0,0,0,0,0,0,0,,,,
KLO,2009,10,12,3,11.9,,,,,,,,959.1,,6.2,,0,0,0,0,0,0,0,,,,
KLO,2009,10,12,4,10.2,,,,,,,,960.9,,5.9,,0,0,0,0,0,0,0,,,,
KLO,2009,10,12,5,8.8,,,,,,,,962.4,,7.6,,0,0,0,0,0,0,0,,,,
KLO,2009,10,12,6,8,,,,,,,,964.6,,1.8,,22,0,0,0,0,0,0,,,,
KLO,2009,10,12,7,9.3,,,,,,,,966.3,,2.1,,160,0,0,0,0,0,0,,,,
KLO,2009,10,12,8,10.3,,,,,,,,966.8,,3.8,,126,0,0,0,0,0,0,,,,
KLO,2009,10,12,9,10.4,,,,,,,,967,,4.6,,194,668.3,54.5,0,0,0,0,,,,
KLO,2009,10,12,10,10.4,,,,,,,,967.3,,5.9,,251,272.3,155.1,0,0,0,0,,,,
KLO,2009,10,12,11,10.3,,,,,,,,967.7,,5,,156,8.3,152.1,0,0,0,0,,,,
KLO,2009,10,12,12,11,,,,,,,,967.9,,4,,453,489,188.5,0,0,0,0,,,,
KLO,2009,10,12,13,11.8,,,,,,,,968,,5.1,,369,180.3,265.7,0,0,0,0,,,,
KLO,2009,10,12,14,10.1,,,,,,,,969.1,,4,,94,1.9,93,0,0,0,0,,,,
KLO,2009,10,12,15,9.8,,,,,,,,970,,4,,88,2,87,0,0,0,0,,,,
KLO,2009,10,12,16,9.2,,,,,,,,971.3,,5.3,,37,0.6,36.8,0,0,0,0,,,,
KLO,2009,10,12,17,8.3,,,,,,,,972.7,,5.4,,0,0,0,0,0,0,0,,,,
KLO,2009,10,12,18,7.7,,,,,,,,973.6,,2,,0,0,0,0,0,0,0,,,,
KLO,2009,10,12,19,7.7,,,,,,,,974.5,,1.4,,0,0,0,0,0,0,0,,,,
KLO,2009,10,12,20,5.3,,,,,,,,975.2,,1.6,,0,0,0,0,0,0,0,,,,
KLO,2009,10,12,21,5,,,,,,,,975.6,,0.6,,0,0,0,0,0,0,0,,,,
KLO,2009,10,12,22,4.8,,,,,,,,975.7,,0.7,,0,0,0,0,0,0,0,,,,
KLO,2009,10,12,23,5.5,,,,,,,,975.6,,1.8,,0,0,0,0,0,0,0,,,,
KLO,2009,10,13,0,5.4,,,,,,,,975.5,,1,,0,0,0,0,0,0,0,,,,
KLO,2009,10,13,1,5.4,,,,,,,,975,,1.3,,0,0,0,0,0,0,0,,,,
KLO,2009,10,13,2,5.5,,,,,,,,974.8,,1.2,,0,0,0,0,0,0,0,,,,
KLO,2009,10,13,3,6.2,,,,,,,,974.7,,0.8,,0,0,0,0,0,0,0,,,,
KLO,2009,10,13,4,6.5,,,,,,,,974.8,,1,,0,0,0,0,0,0,0,,,,
KLO,2009,10,13,5,6.5,,,,,,,,975.2,,1.4,,0,0,0,0,0,0,0,,,,
KLO,2009,10,13,6,6.2,,,,,,,,975.6,,1.8,,17,0,0,0,0,0,0,,,,
KLO,2009,10,13,7,6.8,,,,,,,,976.3,,1.6,,93,0,0,0,0,0,0,,,,
KLO,2009,10,13,8,7.4,,,,,,,,976.8,,1.3,,200,0,0,0,0,0,0,,,,
KLO,2009,10,13,9,8.4,,,,,,,,976.7,,1.7,,360,1471.4,59.4,0,0,0,0,,,,
KLO,2009,10,13,10,9.4,,,,,,,,976.3,,1.2,,553,1328.4,91.2,0,0,0,0,,,,
KLO,2009,10,13,11,10.1,,,,,,,,975.8,,1.9,,469,823.8,89.4,0,0,0,0,,,,
KLO,2009,10,13,12,10.3,,,,,,,,975.3,,2.8,,378,261.5,237.9,0,0,0,0,,,,
KLO,2009,10,13,13,9.5,,,,,,,,975,,3.8,,116,2.7,114.4,0,0,0,0,,,,
KLO,2009,10,13,14,10,,,,,,,,974.8,,2.5,,210,14.2,202.2,0,0,0,0,,,,
KLO,2009,10,13,15,9.1,,,,,,,,974.8,,3.4,,77,1.6,76.2,0,0,0,0,,,,
KLO,2009,10,13,16,8.1,,,,,,,,975.1,,1.9,,28,0.3,27.9,0,0,0,0,,,,
KLO,2009,10,13,17,7.8,,,,,,,,975.4,,1.5,,0,0,0,0,0,0,0,,,,
KLO,2009,10,13,18,7.6,,,,,,,,975.4,,1.6,,0,0,0,0,0,0,0,,,,
KLO,2009,10,13,19,6.6,,,,,,,,975.3,,1.5,,0,0,0,0,0,0,0,,,,
KLO,2009,10,13,20,6.3,,,,,,,,975.4,,1,,0,0,0,0,0,0,0,,,,
KLO,2009,10,13,21,6.1,,,,,,,,974.8,,1.5,,0,0,0,0,0,0,0,,,,
KLO,2009,10,13,22,4.5,,,,,,,,974.6,,0.8,,0,0,0,0,0,0,0,,,,
KLO,2009,10,13,23,4,,,,,,,,974.3,,0.5,,0,0,0,0,0,0,0,,,,
KLO,2009,10,14,0,3.2,,,,,,,,974.3,,1,,0,0,0,0,0,0,0,,,,
KLO,2009,10,14,1,4.7,,,,,,,,974.3,,0.8,,0,0,0,0,0,0,0,,,,
KLO,2009,10,14,2,5,,,,,,,,974.5,,2.5,,0,0,0,0,0,0,0,,,,
KLO,2009,10,14,3,3.6,,,,,,,,974.5,,0.8,,0,0,0,0,0,0,0,,,,
KLO,2009,10,14,4,3.8,,,,,,,,974.7,,0.6,,0,0,0,0,0,0,0,,,,
KLO,2009,10,14,5,4.4,,,,,,,,974.8,,1,,0,0,0,0,0,0,0,,,,
KLO,2009,10,14,6,4.2,,,,,,,,974.9,,1.8,,16,0,0,0,0,0,0,,,,
KLO,2009,10,14,7,4.8,,,,,,,,975.1,,3.2,,193,0,0,0,0,0,0,,,,
KLO,2009,10,14,8,5.4,,,,,,,,975.3,,4.7,,272,0,0,0,0,0,0,,,,
KLO,2009,10,14,9,5.9,,,,,,,,975.6,,4.4,,387,1616.5,63.9,0,0,0,0,,,,
KLO,2009,10,14,10,6.5,,,,,,,,975.5,,4.6,,367,892,61.1,0,0,0,0,,,,
KLO,2009,10,14,11,7.5,,,,,,,,975.3,,4.1,,445,753.7,101.4,0,0,0,0,,,,
KLO,2009,10,14,12,7.5,,,,,,,,974.9,,4.3,,396,324.3,223.9,0,0,0,0,,,,
KLO,2009,10,14,13,7.5,,,,,,,,974.6,,4.3,,292,67.4,254.1,0,0,0,0,,,,
KLO,2009,10,14,14,7.1,,,,,,,,974.7,,4.1,,214,16.2,205.1,0,0,0,0,,,,
KLO,2009,10,14,15,6.5,,,,,,,,974.8,,4.2,,113,3.5,111.3,0,0,0,0,,,,
KLO,2009,10,14,16,5.9,,,,,,,,975.1,,4.4,,43,0.8,42.7,0,0,0,0,,,,
KLO,2009,10,14,17,5.1,,,,,,,,975.5,,4.2,,0,0,0,0,0,0,0,,,,
KLO,2009,10,14,18,3.9,,,,,,,,975.6,,4.2,,0,0,0,0,0,0,0,,,,
KLO,2009,10,14,19,3,,,,,,,,975.7,,3.9,,0,0,0,0,0,0,0,,,,
KLO,2009,10,14,20,1.8,,,,,,,,975.6,,2.3,,0,0,0,0,0,0,0,,,,
KLO,2009,10,14,21,0.6,,,,,,,,975.4,,2,,0,0,0,0,0,0,0,,,,
KLO,2009,10,14,22,-0.6,,,,,,,,975.1,,3.4,,0,0,0,0,0,0,0,,,,
KLO,2009,10,14,23,0.2,,,,,,,,975.1,,3.8,,0,0,0,0,0,0,0,,,,
KLO,2009,10,15,0,-0.5,,,,,,,,974.8,,4.1,,0,0,0,0,0,0,0,,,,
KLO,2009,10,15,1,-0.9,,,,,,,,974.7,,3.3,,0,0,0,0,0,0,0,,,,
KLO,2009,10,15,2,-0.4,,,,,,,,974.5,,2.7,,0,0,0,0,0,0,0,,,,
KLO,2009,10,15,3,-0.7,,,,,,,,974.1,,2.8,,0,0,0,0,0,0,0,,,,
KLO,2009,10,15,4,-1.5,,,,,,,,974.1,,2.9,,0,0,0,0,0,0,0,,,,
KLO,2009,10,15,5,-2.1,,,,,,,,974.2,,1.6,,0,0,0,0,0,0,0,,,,
KLO,2009,10,15,6,-1.1,,,,,,,,974.3,,2.3,,35,0,0,0,0,0,0,,,,
KLO,2009,10,15,7,0.5,,,,,,,,974.5,,3.2,,184,0,0,0,0,0,0,,,,
KLO,2009,10,15,8,2.8,,,,,,,,974.8,,2.8,,344,0,0,0,0,0,0,,,,
KLO,2009,10,15,9,4.3,,,,,,,,974.7,,3.6,,472,2015.8,77.9,0,0,0,0,,,,
KLO,2009,10,15,10,5,,,,,,,,974.3,,4.7,,513,1266.1,84.6,0,0,0,0,,,,
KLO,2009,10,15,11,5.5,,,,,,,,974.1,,3.4,,501,927.6,82.7,0,0,0,0,,,,
KLO,2009,10,15,12,5.4,,,,,,,,973.7,,3.8,,318,136.5,246.3,0,0,0,0,,,,
KLO,2009,10,15,13,5.3,,,,,,,,973.5,,3.8,,301,81.4,255.7,0,0,0,0,,,,
KLO,2009,10,15,14,5.6,,,,,,,,973.5,,3.1,,274,58.6,242.2,0,0,0,0,,,,
KLO,2009,10,15,15,5.1,,,,,,,,973.5,,2.4,,114,3.6,112.2,0,0,0,0,,,,
KLO,2009,10,15,16,4.7,,,,,,,,973.7,,1.9,,60,1.6,59.4,0,0,0,0,,,,
KLO,2009,10,15,17,4.2,,,,,,,,974.4,,1.4,,0,0,0,0,0,0,0,,,,
KLO,2009,10,15,18,4,,,,,,,,974.7,,0.9,,0,0,0,0,0,0,0,,,,
KLO,2009,10,15,19,3.8,,,,,,,,975.1,,1.5,,0,0,0,0,0,0,0,,,,
KLO,2009,10,15,20,3.7,,,,,,,,975.3,,3.2,,0,0,0,0,0,0,0,,,,
KLO,2009,10,15,21,3.4,,,,,,,,975.3,,2.2,,0,0,0,0,0,0,0,,,,
KLO,2009,10,15,22,2.9,,,,,,,,975.3,,2.2,,0,0,0,0,0,0,0,,,,
KLO,2009,10,15,23,2.6,,,,,,,,975.2,,1.3,,0,0,0,0,0,0,0,,,,
KLO,2009,10,16,0,1.5,,,,,,,,974.9,,2,,0,0,0,0,0,0,0,,,,
KLO,2009,10,16,1,1.7,,,,,,,,974.5,,1.5,,0,0,0,0,0,0,0,,,,
KLO,2009,10,16,2,2,,,,,,,,974.1,,0.9,,0,0,0,0,0,0,0,,,,
KLO,2009,10,16,3,1.4,,,,,,,,974,,1.2,,0,0,0,0,0,0,0,,,,
KLO,2009,10,16,4,1.2,,,,,,,,974.4,,1.2,,0,0,0,0,0,0,0,,,,
KLO,2009,10,16,5,1.8,,,,,,,,974.6,,0.6,,0,0,0,0,0,0,0,,,,
KLO,2009,10,16,6,2.3,,,,,,,,975.4,,1.1,,4,0,0,0,0,0,0,,,,
KLO,2009,10,16,7,2.9,,,,,,,,975.9,,1.7,,49,0,0,0,0,0,0,,,,
KLO,2009,10,16,8,4.7,,,,,,,,975.8,,2.1,,323,0,0,0,0,0,0,,,,
KLO,2009,10,16,9,5.6,,,,,,,,975.3,,2.9,,282,1232,46.5,0,0,0,0,,,,
KLO,2009,10,16,10,6.3,,,,,,,,974.6,,3,,260,379,133.5,0,0,0,0,,,,
KLO,2009,10,16,11,7.2,,,,,,,,973.5,,3.1,,324,291.4,194,0,0,0,0,,,,
KLO,2009,10,16,12,7.8,,,,,,,,972.6,,3.9,,247,43,224.6,0,0,0,0,,,,
KLO,2009,10,16,13,7.8,,,,,,,,972,,3.6,,126,3.4,124.1,0,0,0,0,,,,
KLO,2009,10,16,14,7.6,,,,,,,,971.5,,2.8,,58,0.8,57.6,0,0,0,0,,,,
KLO,2009,10,16,15,7,,,,,,,,971.4,,2.9,,13,0,13,0,0,0,0,,,,
KLO,2009,10,16,16,6,,,,,,,,971.6,,3.2,,3,0,3,0,0,0,0,,,,
KLO,2009,10,16,17,5.4,,,,,,,,971.9,,3,,0,0,0,0,0,0,0,,,,
KLO,2009,10,16,18,5.2,,,,,,,,972.2,,3.4,,0,0,0,0,0,0,0,,,,
KLO,2009,10,16,19,5.1,,,,,,,,971.8,,3.4,,0,0,0,0,0,0,0,,,,
KLO,2009,10,16,20,5.3,,,,,,,,971.5,,3.7,,0,0,0,0,0,0,0,,,,
KLO,2009,10,16,21,5.1,,,,,,,,971.2,,1.4,,0,0,0,0,0,0,0,,,,
KLO,2009,10,16,22,5,,,,,,,,970.8,,3.4,,0,0,0,0,0,0,0,,,,
KLO,2009,10,16,23,5,,,,,,,,970.6,,3.6,,0,0,0,0,0,0,0,,,,
KLO,2009,10,17,0,4.9,,,,,,,,970.3,,3.6,,0,0,0,0,0,0,0,,,,
KLO,2009,10,17,1,4.9,,,,,,,,970,,3.8,,0,0,0,0,0,0,0,,,,
KLO,2009,10,17,2,5.1,,,,,,,,969.7,,3.7,,0,0,0,0,0,0,0,,,,
KLO,2009,10,17,3,5.1,,,,,,,,969.5,,4.2,,0,0,0,0,0,0,0,,,,
KLO,2009,10,17,4,5.2,,,,,,,,969.4,,4.4,,0,0,0,0,0,0,0,,,,
KLO,2009,10,17,5,5.2,,,,,,,,969.4,,3.3,,0,0,0,0,0,0,0,,,,
KLO,2009,10,17,6,5.3,,,,,,,,969.6,,4,,9,0,0,0,0,0,0,,,,
KLO,2009,10,17,7,5.4,,,,,,,,969.8,,3.8,,17,0,0,0,0,0,0,,,,
KLO,2009,10,17,8,5.5,,,,,,,,969.7,,3.6,,61,0,0,0,0,0,0,,,,
KLO,2009,10,17,9,5.6,,,,,,,,969.8,,3.9,,66,10.2,64.1,0,0,0,0,,,,
KLO,2009,10,17,10,5.9,,,,,,,,969.6,,3,,115,9.7,111.8,0,0,0,0,,,,
KLO,2009,10,17,11,6.4,,,,,,,,969.4,,2.7,,121,4.9,118.8,0,0,0,0,,,,
KLO,2009,10,17,12,6.3,,,,,,,,969.2,,2.8,,96,2.3,94.8,0,0,0,0,,,,
KLO,2009,10,17,13,6.7,,,,,,,,969.1,,2,,221,19.2,210.5,0,0,0,0,,,,
KLO,2009,10,17,14,6.6,,,,,,,,969.1,,2.2,,76,1.3,75.3,0,0,0,0,,,,
KLO,2009,10,17,15,6.1,,,,,,,,969.4,,3.5,,97,2.8,95.7,0,0,0,0,,,,
KLO,2009,10,17,16,5.2,,,,,,,,969.9,,1.1,,20,0.2,19.9,0,0,0,0,,,,
KLO,2009,10,17,17,4.3,,,,,,,,970.4,,2.3,,0,0,0,0,0,0,0,,,,
KLO,2009,10,17,18,4.1,,,,,,,,971,,1.3,,0,0,0,0,0,0,0,,,,
KLO,2009,10,17,19,3.5,,,,,,,,971.2,,0.7,,0,0,0,0,0,0,0,,,,
KLO,2009,10,17,20,3.2,,,,,,,,971.4,,0.8,,0,0,0,0,0,0,0,,,,
KLO,2009,10,17,21,3.4,,,,,,,,971.3,,0.5,,0,0,0,0,0,0,0,,,,
KLO,2009,10,17,22,3,,,,,,,,971.1,,0.2,,0,0,0,0,0,0,0,,,,
KLO,2009,10,17,23,3.4,,,,,,,,971.1,,0.4,,0,0,0,0,0,0,0,,,,
KLO,2009,10,18,0,3.6,,,,,,,,970.8,,1,,0,0,0,0,0,0,0,,,,
KLO,2009,10,18,1,3.4,,,,,,,,970.8,,0.8,,0,0,0,0,0,0,0,,,,
KLO,2009,10,18,2,2.7,,,,,,,,970.6,,0.7,,0,0,0,0,0,0,0,,,,
KLO,2009,10,18,3,1.2,,,,,,,,970.4,,1.2,,0,0,0,0,0,0,0,,,,
KLO,2009,10,18,4,2,,,,,,,,970.5,,1.1,,0,0,0,0,0,0,0,,,,
KLO,2009,10,18,5,2.3,,,,,,,,970.6,,0.7,,0,0,0,0,0,0,0,,,,
KLO,2009,10,18,6,2.5,,,,,,,,970.9,,0.6,,4,0,0,0,0,0,0,,,,
KLO,2009,10,18,7,3.1,,,,,,,,971.1,,0.9,,28,0,0,0,0,0,0,,,,
KLO,2009,10,18,8,3.6,,,,,,,,971.2,,0.9,,112,0,0,0,0,0,0,,,,
KLO,2009,10,18,9,4.1,,,,,,,,971.3,,1,,106,113.3,85.3,0,0,0,0,,,,
KLO,2009,10,18,10,3.9,,,,,,,,971.3,,1.9,,63,2.5,62.2,0,0,0,0,,,,
KLO,2009,10,18,11,4.4,,,,,,,,971,,1.2,,205,40.7,187.2,0,0,0,0,,,,
KLO,2009,10,18,12,4.9,,,,,,,,970.7,,0.8,,219,25.8,205.8,0,0,0,0,,,,
KLO,2009,10,18,13,6,,,,,,,,970.5,,1.1,,353,188.3,251.2,0,0,0,0,,,,
KLO,2009,10,18,14,6.2,,,,,,,,970.5,,2.6,,135,4.3,132.7,0,0,0,0,,,,
KLO,2009,10,18,15,5.9,,,,,,,,970.4,,1.3,,73,1.6,72.3,0,0,0,0,,,,
KLO,2009,10,18,16,5.3,,,,,,,,970.8,,1.7,,10,0,10,0,0,0,0,,,,
KLO,2009,10,18,17,4.7,,,,,,,,971,,2.1,,0,0,0,0,0,0,0,,,,
KLO,2009,10,18,18,4.3,,,,,,,,971.2,,1.5,,0,0,0,0,0,0,0,,,,
KLO,2009,10,18,19,4.4,,,,,,,,971.2,,1.1,,0,0,0,0,0,0,0,,,,
KLO,2009,10,18,20,4.2,,,,,,,,971.1,,2.2,,0,0,0,0,0,0,0,,,,
KLO,2009,10,18,21,3.9,,,,,,,,971,,2.4,,0,0,0,0,0,0,0,,,,
KLO,2009,10,18,22,3.5,,,,,,,,970.9,,1.8,,0,0,0,0,0,0,0,,,,
KLO,2009,10,18,23,3,,,,,,,,970.6,,1.7,,0,0,0,0,0,0,0,,,,
KLO,2009,10,19,0,2.4,,,,,,,,970.2,,2.9,,0,0,0,0,0,0,0,,,,
KLO,2009,10,19,1,2.1,,,,,,,,969.9,,2.7,,0,0,0,0,0,0,0,,,,
KLO,2009,10,19,2,1.9,,,,,,,,969.7,,3.2,,0,0,0,0,0,0,0,,,,
KLO,2009,10,19,3,2.1,,,,,,,,969.4,,3.4,,0,0,0,0,0,0,0,,,,
KLO,2009,10,19,4,1.9,,,,,,,,969.3,,5,,0,0,0,0,0,0,0,,,,
KLO,2009,10,19,5,1.8,,,,,,,,969.3,,4,,0,0,0,0,0,0,0,,,,
KLO,2009,10,19,6,2,,,,,,,,969.4,,3.2,,7,0,0,0,0,0,0,,,,
KLO,2009,10,19,7,2.5,,,,,,,,969.5,,2.2,,48,0,0,0,0,0,0,,,,
KLO,2009,10,19,8,3.4,,,,,,,,969.5,,2,,144,0,0,0,0,0,0,,,,
KLO,2009,10,19,9,4.9,,,,,,,,969.3,,3.1,,351,1647.4,57.9,0,0,0,0,,,,
KLO,2009,10,19,10,5.7,,,,,,,,968.9,,3.9,,367,958.6,60.6,0,0,0,0,,,,
KLO,2009,10,19,11,5.8,,,,,,,,968.1,,4.2,,412,712.1,104.8,0,0,0,0,,,,
KLO,2009,10,19,12,6.9,,,,,,,,967.4,,4.6,,503,785.4,106.4,0,0,0,0,,,,
KLO,2009,10,19,13,7.7,,,,,,,,966.5,,4.4,,470,561.9,169.1,0,0,0,0,,,,
KLO,2009,10,19,14,7.5,,,,,,,,965.9,,4.6,,297,103.5,243.1,0,0,0,0,,,,
KLO,2009,10,19,15,7.1,,,,,,,,965.5,,4.4,,165,10.6,160.1,0,0,0,0,,,,
KLO,2009,10,19,16,5.6,,,,,,,,965.5,,2.7,,17,0.1,16.9,0,0,0,0,,,,
KLO,2009,10,19,17,4.2,,,,,,,,965.4,,2.4,,0,0,0,0,0,0,0,,,,
KLO,2009,10,19,18,2.2,,,,,,,,965.3,,1.3,,0,0,0,0,0,0,0,,,,
KLO,2009,10,19,19,1.3,,,,,,,,964.9,,0.9,,0,0,0,0,0,0,0,,,,
KLO,2009,10,19,20,0.5,,,,,,,,964.5,,1.8,,0,0,0,0,0,0,0,,,,
KLO,2009,10,19,21,-0.2,,,,,,,,964,,1.7,,0,0,0,0,0,0,0,,,,
KLO,2009,10,19,22,-1.1,,,,,,,,963.5,,1.5,,0,0,0,0,0,0,0,,,,
KLO,2009,10,19,23,-1.1,,,,,,,,963,,1.2,,0,0,0,0,0,0,0,,,,
KLO,2009,10,20,0,-1.8,,,,,,,,962.6,,0.5,,0,0,0,0,0,0,0,,,,
KLO,2009,10,20,1,-2.2,,,,,,,,962.3,,0.6,,0,0,0,0,0,0,0,,,,
KLO,2009,10,20,2,-1.7,,,,,,,,962,,0.7,,0,0,0,0,0,0,0,,,,
KLO,2009,10,20,3,-0.4,,,,,,,,961.9,,0.9,,0,0,0,0,0,0,0,,,,
KLO,2009,10,20,4,0.2,,,,,,,,962.1,,0.7,,0,0,0,0,0,0,0,,,,
KLO,2009,10,20,5,0.2,,,,,,,,962.3,,0.7,,0,0,0,0,0,0,0,,,,
KLO,2009,10,20,6,0.2,,,,,,,,962.4,,0.9,,7,0,0,0,0,0,0,,,,
KLO,2009,10,20,7,0.5,,,,,,,,962.6,,1,,44,0,0,0,0,0,0,,,,
KLO,2009,10,20,8,1.1,,,,,,,,962.6,,1.2,,119,0,0,0,0,0,0,,,,
KLO,2009,10,20,9,2.3,,,,,,,,962.4,,0.7,,308,1482.3,50.8,0,0,0,0,,,,
KLO,2009,10,20,10,4.3,,,,,,,,962,,0.9,,521,1381,86,0,0,0,0,,,,
KLO,2009,10,20,11,6.6,,,,,,,,961.1,,0.7,,533,1043.6,87.9,0,0,0,0,,,,
KLO,2009,10,20,12,8.4,,,,,,,,960.3,,0.5,,519,850.9,93.6,0,0,0,0,,,,
KLO,2009,10,20,13,9,,,,,,,,959.6,,1.9,,368,241.7,239.8,0,0,0,0,,,,
KLO,2009,10,20,14,9.5,,,,,,,,959.2,,1.9,,273,73,235.4,0,0,0,0,,,,
KLO,2009,10,20,15,8.6,,,,,,,,958.9,,2.7,,110,3.8,108.3,0,0,0,0,,,,
KLO,2009,10,20,16,7.2,,,,,,,,958.7,,2.9,,17,0.1,16.9,0,0,0,0,,,,
KLO,2009,10,20,17,5.3,,,,,,,,958.6,,2.8,,0,0,0,0,0,0,0,,,,
KLO,2009,10,20,18,4.1,,,,,,,,958.7,,2.4,,0,0,0,0,0,0,0,,,,
KLO,2009,10,20,19,2.7,,,,,,,,958.5,,2.6,,0,0,0,0,0,0,0,,,,
KLO,2009,10,20,20,2.7,,,,,,,,958.4,,1.4,,0,0,0,0,0,0,0,,,,
KLO,2009,10,20,21,2.4,,,,,,,,958.4,,1.7,,0,0,0,0,0,0,0,,,,
KLO,2009,10,20,22,2.6,,,,,,,,958.3,,1.4,,0,0,0,0,0,0,0,,,,
KLO,2009,10,20,23,2.3,,,,,,,,958.2,,1.9,,0,0,0,0,0,0,0,,,,
KLO,2009,10,21,0,1.3,,,,,,,,958.1,,2.2,,0,0,0,0,0,0,0,,,,
KLO,2009,10,21,1,2.2,,,,,,,,957.8,,2.1,,0,0,0,0,0,0,0,,,,
KLO,2009,10,21,2,2.8,,,,,,,,957.7,,2.3,,0,0,0,0,0,0,0,,,,
KLO,2009,10,21,3,3.4,,,,,,,,957.4,,3.1,,0,0,0,0,0,0,0,,,,
KLO,2009,10,21,4,3.4,,,,,,,,957.1,,1.4,,0,0,0,0,0,0,0,,,,
KLO,2009,10,21,5,3.2,,,,,,,,956.7,,2,,0,0,0,0,0,0,0,,,,
KLO,2009,10,21,6,3.9,,,,,,,,956.7,,2.3,,25,0,0,0,0,0,0,,,,
KLO,2009,10,21,7,5.7,,,,,,,,956.6,,2.6,,109,0,0,0,0,0,0,,,,
KLO,2009,10,21,8,6.5,,,,,,,,956.9,,2.2,,178,0,0,0,0,0,0,,,,
KLO,2009,10,21,9,7.2,,,,,,,,956.8,,2.2,,173,828.3,32.9,0,0,0,0,,,,
KLO,2009,10,21,10,8.5,,,,,,,,956.5,,2.2,,325,862.9,57.2,0,0,0,0,,,,
KLO,2009,10,21,11,9.9,,,,,,,,955.7,,1.9,,287,223.2,192.9,0,0,0,0,,,,
KLO,2009,10,21,12,11,,,,,,,,954.4,,3.2,,323,187.3,230.3,0,0,0,0,,,,
KLO,2009,10,21,13,12.3,,,,,,,,953.4,,2.9,,274,67.8,238.4,0,0,0,0,,,,
KLO,2009,10,21,14,13.2,,,,,,,,952.4,,3,,245,45.1,222,0,0,0,0,,,,
KLO,2009,10,21,15,13.2,,,,,,,,951.5,,3.2,,96,3,94.7,0,0,0,0,,,,
KLO,2009,10,21,16,12.4,,,,,,,,950.8,,2,,12,0.1,12,0,0,0,0,,,,
KLO,2009,10,21,17,12.4,,,,,,,,950.3,,3.5,,0,0,0,0,0,0,0,,,,
KLO,2009,10,21,18,11.2,,,,,,,,950,,3.5,,0,0,0,0,0,0,0,,,,
KLO,2009,10,21,19,8.8,,,,,,,,950.1,,4.1,,0,0,0,0,0,0,0,,,,
KLO,2009,10,21,20,7.7,,,,,,,,950.4,,3.7,,0,0,0,0,0,0,0,,,,
KLO,2009,10,21,21,7.2,,,,,,,,950.8,,2.7,,0,0,0,0,0,0,0,,,,
KLO,2009,10,21,22,6.7,,,,,,,,951.6,,1.1,,0,0,0,0,0,0,0,,,,
KLO,2009,10,21,23,7.3,,,,,,,,952.5,,1.4,,0,0,0,0,0,0,0,,,,
KLO,2009,10,22,0,7.3,,,,,,,,953,,2.3,,0,0,0,0,0,0,0,,,,
KLO,2009,10,22,1,6.2,,,,,,,,953,,2.1,,0,0,0,0,0,0,0,,,,
KLO,2009,10,22,2,5.6,,,,,,,,952.9,,3.1,,0,0,0,0,0,0,0,,,,
KLO,2009,10,22,3,5.6,,,,,,,,953.2,,1.6,,0,0,0,0,0,0,0,,,,
KLO,2009,10,22,4,4.2,,,,,,,,952.9,,1,,0,0,0,0,0,0,0,,,,
KLO,2009,10,22,5,3.8,,,,,,,,952.8,,0.6,,0,0,0,0,0,0,0,,,,
KLO,2009,10,22,6,4.5,,,,,,,,952.6,,1.8,,9,0,0,0,0,0,0,,,,
KLO,2009,10,22,7,5.1,,,,,,,,953,,1.1,,48,0,0,0,0,0,0,,,,
KLO,2009,10,22,8,6.4,,,,,,,,953.4,,0.9,,91,0,0,0,0,0,0,,,,
KLO,2009,10,22,9,7.2,,,,,,,,954,,1.2,,74,32.2,68.7,0,0,0,0,,,,
KLO,2009,10,22,10,8.4,,,,,,,,954.4,,1,,147,45.3,133.2,0,0,0,0,,,,
KLO,2009,10,22,11,9.5,,,,,,,,954.6,,1.1,,221,73.1,190.5,0,0,0,0,,,,
KLO,2009,10,22,12,10.5,,,,,,,,954.5,,1.1,,220,32.2,204.3,0,0,0,0,,,,
KLO,2009,10,22,13,11.5,,,,,,,,954.3,,1.8,,224,26.1,210.5,0,0,0,0,,,,
KLO,2009,10,22,14,13.2,,,,,,,,954.2,,2.3,,316,156.3,237.1,0,0,0,0,,,,
KLO,2009,10,22,15,12.6,,,,,,,,954.5,,2.4,,128,5.4,125.6,0,0,0,0,,,,
KLO,2009,10,22,16,10.8,,,,,,,,954.7,,2.5,,19,0.2,18.9,0,0,0,0,,,,
KLO,2009,10,22,17,10.4,,,,,,,,954.7,,2.5,,0,0,0,0,0,0,0,,,,
KLO,2009,10,22,18,9.1,,,,,,,,955.3,,2.9,,0,0,0,0,0,0,0,,,,
KLO,2009,10,22,19,7.8,,,,,,,,955.5,,2.7,,0,0,0,0,0,0,0,,,,
KLO,2009,10,22,20,7.1,,,,,,,,955.6,,2.3,,0,0,0,0,0,0,0,,,,
KLO,2009,10,22,21,6.3,,,,,,,,955.8,,1.6,,0,0,0,0,0,0,0,,,,
KLO,2009,10,22,22,5.5,,,,,,,,956.3,,1.5,,0,0,0,0,0,0,0,,,,
KLO,2009,10,22,23,4.3,,,,,,,,956.5,,1.4,,0,0,0,0,0,0,0,,,,
KLO,2009,10,23,0,3.3,,,,,,,,956.8,,1,,0,0,0,0,0,0,0,,,,
KLO,2009,10,23,1,2.9,,,,,,,,957.3,,0.8,,0,0,0,0,0,0,0,,,,
KLO,2009,10,23,2,2.7,,,,,,,,958,,1,,0,0,0,0,0,0,0,,,,
KLO,2009,10,23,3,2.8,,,,,,,,958.7,,0.7,,0,0,0,0,0,0,0,,,,
KLO,2009,10,23,4,3.8,,,,,,,,959.4,,2.2,,0,0,0,0,0,0,0,,,,
KLO,2009,10,23,5,6.4,,,,,,,,960,,2.4,,0,0,0,0,0,0,0,,,,
KLO,2009,10,23,6,7.1,,,,,,,,960.6,,1.1,,3,0,0,0,0,0,0,,,,
KLO,2009,10,23,7,7.7,,,,,,,,961.3,,1.6,,15,0,0,0,0,0,0,,,,
KLO,2009,10,23,8,8.5,,,,,,,,961.8,,1.2,,37,0,0,0,0,0,0,,,,
KLO,2009,10,23,9,9.3,,,,,,,,962.4,,0.7,,58,11.2,56.2,0,0,0,0,,,,
KLO,2009,10,23,10,10,,,,,,,,963,,0.9,,97,7.2,94.8,0,0,0,0,,,,
KLO,2009,10,23,11,10.2,,,,,,,,963.1,,2.1,,74,2.1,73.1,0,0,0,0,,,,
KLO,2009,10,23,12,9.7,,,,,,,,963.3,,3.4,,45,0.6,44.7,0,0,0,0,,,,
KLO,2009,10,23,13,10,,,,,,,,963.7,,2.9,,67,1.1,66.4,0,0,0,0,,,,
KLO,2009,10,23,14,10,,,,,,,,964.3,,2.1,,53,0.7,52.6,0,0,0,0,,,,
KLO,2009,10,23,15,10,,,,,,,,964.9,,1,,35,0.4,34.8,0,0,0,0,,,,
KLO,2009,10,23,16,10,,,,,,,,965.4,,1.2,,13,0.1,13,0,0,0,0,,,,
KLO,2009,10,23,17,9.7,,,,,,,,966,,1.6,,0,0,0,0,0,0,0,,,,
KLO,2009,10,23,18,9.3,,,,,,,,966.2,,2,,0,0,0,0,0,0,0,,,,
KLO,2009,10,23,19,9.1,,,,,,,,966.4,,1.4,,0,0,0,0,0,0,0,,,,
KLO,2009,10,23,20,9,,,,,,,,966.7,,1.8,,0,0,0,0,0,0,0,,,,
KLO,2009,10,23,21,8.9,,,,,,,,967,,1.5,,0,0,0,0,0,0,0,,,,
KLO,2009,10,23,22,8.7,,,,,,,,967.2,,2,,0,0,0,0,0,0,0,,,,
KLO,2009,10,23,23,8.6,,,,,,,,967.3,,1.4,,0,0,0,0,0,0,0,,,,
KLO,2009,10,24,0,8.7,,,,,,,,967.5,,2.5,,0,0,0,0,0,0,0,,,,
KLO,2009,10,24,1,8.7,,,,,,,,967.4,,1.7,,0,0,0,0,0,0,0,,,,
KLO,2009,10,24,2,8.6,,,,,,,,967.5,,0.9,,0,0,0,0,0,0,0,,,,
KLO,2009,10,24,3,8.4,,,,,,,,967.9,,0.9,,0,0,0,0,0,0,0,,,,
KLO,2009,10,24,4,8,,,,,,,,967.9,,1.2,,0,0,0,0,0,0,0,,,,
KLO,2009,10,24,5,6.4,,,,,,,,968.1,,1,,0,0,0,0,0,0,0,,,,
KLO,2009,10,24,6,7.5,,,,,,,,968.3,,1.2,,6,0,0,0,0,0,0,,,,
KLO,2009,10,24,7,7.9,,,,,,,,968.4,,1.1,,52,0,0,0,0,0,0,,,,
KLO,2009,10,24,8,8.9,,,,,,,,968.4,,1.4,,159,0,0,0,0,0,0,,,,
KLO,2009,10,24,9,10.2,,,,,,,,968.4,,1.7,,319,1708.5,52.6,0,0,0,0,,,,
KLO,2009,10,24,10,10.7,,,,,,,,968.5,,1.9,,264,584.4,90.8,0,0,0,0,,,,
KLO,2009,10,24,11,11.2,,,,,,,,968.1,,1.6,,334,449.6,151.1,0,0,0,0,,,,
KLO,2009,10,24,12,12.2,,,,,,,,967.5,,1,,502,861.3,88.9,0,0,0,0,,,,
KLO,2009,10,24,13,12.7,,,,,,,,967.1,,1.2,,385,334.7,214.5,0,0,0,0,,,,
KLO,2009,10,24,14,12.7,,,,,,,,967,,2,,253,61.4,222.7,0,0,0,0,,,,
KLO,2009,10,24,15,11.8,,,,,,,,967.3,,2,,116,4.6,114,0,0,0,0,,,,
KLO,2009,10,24,16,9.5,,,,,,,,967.5,,1.5,,13,0.1,13,0,0,0,0,,,,
KLO,2009,10,24,17,9.3,,,,,,,,967.8,,1.3,,0,0,0,0,0,0,0,,,,
KLO,2009,10,24,18,9.3,,,,,,,,968,,0.5,,0,0,0,0,0,0,0,,,,
KLO,2009,10,24,19,9.1,,,,,,,,968.1,,0.8,,0,0,0,0,0,0,0,,,,
KLO,2009,10,24,20,9.6,,,,,,,,968.3,,1.1,,0,0,0,0,0,0,0,,,,
KLO,2009,10,24,21,9.7,,,,,,,,968.2,,1.9,,0,0,0,0,0,0,0,,,,
KLO,2009,10,24,22,9.8,,,,,,,,967.9,,1.9,,0,0,0,0,0,0,0,,,,
KLO,2009,10,24,23,10,,,,,,,,967.8,,0.9,,0,0,0,0,0,0,0,,,,
KLO,2009,10,25,0,10,,,,,,,,967.7,,2,,0,0,0,0,0,0,0,,,,
KLO,2009,10,25,1,9.7,,,,,,,,967.4,,0.6,,0,0,0,0,0,0,0,,,,
KLO,2009,10,25,2,9.5,,,,,,,,967,,0.8,,0,0,0,0,0,0,0,,,,
KLO,2009,10,25,3,7.8,,,,,,,,967,,1,,0,0,0,0,0,0,0,,,,
KLO,2009,10,25,4,7.2,,,,,,,,967.1,,2,,0,0,0,0,0,0,0,,,,
KLO,2009,10,25,5,7.4,,,,,,,,967.2,,2,,0,0,0,0,0,0,0,,,,
KLO,2009,10,25,6,8.4,,,,,,,,967.3,,1.9,,8,0,0,0,0,0,0,,,,
KLO,2009,10,25,7,9.7,,,,,,,,967.6,,2.1,,42,0,0,0,0,0,0,,,,
KLO,2009,10,25,8,10.9,,,,,,,,967.7,,1.7,,114,328.4,64.2,0,0,0,0,,,,
KLO,2009,10,25,9,10.6,,,,,,,,967.9,,1.4,,81,5,79.5,0,0,0,0,,,,
KLO,2009,10,25,10,10.9,,,,,,,,967.9,,1.5,,91,3.3,89.7,0,0,0,0,,,,
KLO,2009,10,25,11,11.6,,,,,,,,967.7,,2.1,,104,3.1,102.5,0,0,0,0,,,,
KLO,2009,10,25,12,12.1,,,,,,,,967.5,,2.7,,120,3.7,118.1,0,0,0,0,,,,
KLO,2009,10,25,13,12.1,,,,,,,,967.6,,1.5,,54,0.8,53.6,0,0,0,0,,,,
KLO,2009,10,25,14,12.2,,,,,,,,967.7,,0.5,,40,0.6,39.8,0,0,0,0,,,,
KLO,2009,10,25,15,12.2,,,,,,,,967.9,,0.5,,25,0.4,24.9,0,0,0,0,,,,
KLO,2009,10,25,16,12.1,,,,,,,,968.1,,1.3,,3,0,3,0,0,0,0,,,,
KLO,2009,10,25,17,12,,,,,,,,968.5,,0.7,,0,0,0,0,0,0,0,,,,
KLO,2009,10,25,18,12.1,,,,,,,,968.6,,0.9,,0,0,0,0,0,0,0,,,,
KLO,2009,10,25,19,11.8,,,,,,,,968.7,,1.1,,0,0,0,0,0,0,0,,,,
KLO,2009,10,25,20,11.8,,,,,,,,968.8,,1,,0,0,0,0,0,0,0,,,,
KLO,2009,10,25,21,11.8,,,,,,,,969,,0.9,,0,0,0,0,0,0,0,,,,
KLO,2009,10,25,22,11.8,,,,,,,,968.9,,0.8,,0,0,0,0,0,0,0,,,,
KLO,2009,10,25,23,11.4,,,,,,,,968.9,,0.8,,0,0,0,0,0,0,0,,,,
KLO,2009,10,26,0,11.1,,,,,,,,968.9,,0.9,,0,0,0,0,0,0,0,,,,
KLO,2009,10,26,1,11,,,,,,,,968.7,,0.9,,0,0,0,0,0,0,0,,,,
KLO,2009,10,26,2,10.9,,,,,,,,968.7,,0.7,,0,0,0,0,0,0,0,,,,
KLO,2009,10,26,3,10.6,,,,,,,,968.7,,1.2,,0,0,0,0,0,0,0,,,,
KLO,2009,10,26,4,10.6,,,,,,,,969,,1,,0,0,0,0,0,0,0,,,,
KLO,2009,10,26,5,10.5,,,,,,,,969.1,,0.9,,0,0,0,0,0,0,0,,,,
KLO,2009,10,26,6,10.6,,,,,,,,969.5,,0.5,,5,0,0,0,0,0,0,,,,
KLO,2009,10,26,7,11.1,,,,,,,,970.1,,1.1,,27,0,0,0,0,0,0,,,,
KLO,2009,10,26,8,11.7,,,,,,,,970.5,,0.9,,93,161.6,69.2,0,0,0,0,,,,
KLO,2009,10,26,9,11.8,,,,,,,,970.9,,2.8,,110,14.4,105.9,0,0,0,0,,,,
KLO,2009,10,26,10,12.6,,,,,,,,971.1,,2.1,,179,32.4,166.1,0,0,0,0,,,,
KLO,2009,10,26,11,13,,,,,,,,970.8,,3.3,,221,40.3,202.1,0,0,0,0,,,,
KLO,2009,10,26,12,12.9,,,,,,,,970.7,,3.2,,171,8.9,166.6,0,0,0,0,,,,
KLO,2009,10,26,13,13.4,,,,,,,,970.8,,3.5,,218,32.4,202.3,0,0,0,0,,,,
KLO,2009,10,26,14,13.1,,,,,,,,970.9,,2.8,,147,9.2,143.1,0,0,0,0,,,,
KLO,2009,10,26,15,12.6,,,,,,,,971.1,,2.1,,52,1.7,51.5,0,0,0,0,,,,
KLO,2009,10,26,16,11.6,,,,,,,,971.6,,1.9,,7,0.1,7,0,0,0,0,,,,
KLO,2009,10,26,17,11.2,,,,,,,,972.1,,1.3,,0,0,0,0,0,0,0,,,,
KLO,2009,10,26,18,10.3,,,,,,,,972.5,,0.8,,0,0,0,0,0,0,0,,,,
KLO,2009,10,26,19,9.6,,,,,,,,972.7,,0.9,,0,0,0,0,0,0,0,,,,
KLO,2009,10,26,20,9.2,,,,,,,,973.1,,0.5,,0,0,0,0,0,0,0,,,,
KLO,2009,10,26,21,8,,,,,,,,973.3,,0.8,,0,0,0,0,0,0,0,,,,
KLO,2009,10,26,22,7.8,,,,,,,,973.2,,0.6,,0,0,0,0,0,0,0,,,,
KLO,2009,10,26,23,6.9,,,,,,,,973.2,,0.4,,0,0,0,0,0,0,0,,,,
KLO,2009,10,27,0,6.1,,,,,,,,972.9,,1,,0,0,0,0,0,0,0,,,,
KLO,2009,10,27,1,3.9,,,,,,,,972.8,,1.5,,0,0,0,0,0,0,0,,,,
KLO,2009,10,27,2,3.1,,,,,,,,972.6,,1.4,,0,0,0,0,0,0,0,,,,
KLO,2009,10,27,3,2.7,,,,,,,,972.5,,0.8,,0,0,0,0,0,0,0,,,,
KLO,2009,10,27,4,1.9,,,,,,,,972.6,,0.7,,0,0,0,0,0,0,0,,,,
KLO,2009,10,27,5,1.8,,,,,,,,972.5,,1.1,,0,0,0,0,0,0,0,,,,
KLO,2009,10,27,6,2.1,,,,,,,,972.7,,0.8,,11,0,0,0,0,0,0,,,,
KLO,2009,10,27,7,2.9,,,,,,,,973.1,,0.5,,79,0,0,0,0,0,0,,,,
KLO,2009,10,27,8,4.3,,,,,,,,973.3,,1,,149,856,26.8,0,0,0,0,,,,
KLO,2009,10,27,9,6.3,,,,,,,,973.3,,1,,348,1028.8,57.4,0,0,0,0,,,,
KLO,2009,10,27,10,9.9,,,,,,,,972.9,,1.8,,460,978.9,75.9,0,0,0,0,,,,
KLO,2009,10,27,11,13.3,,,,,,,,972.1,,3.5,,515,925.7,85,0,0,0,0,,,,
KLO,2009,10,27,12,14.1,,,,,,,,971.6,,5.4,,469,696.6,124.9,0,0,0,0,,,,
KLO,2009,10,27,13,14.2,,,,,,,,971.4,,4.5,,368,355.1,198,0,0,0,0,,,,
KLO,2009,10,27,14,14,,,,,,,,971.2,,3.2,,222,71.6,192,0,0,0,0,,,,
KLO,2009,10,27,15,13.6,,,,,,,,971.2,,2.3,,128,17.6,122.4,0,0,0,0,,,,
KLO,2009,10,27,16,11.6,,,,,,,,971.5,,1.3,,22,0.9,21.8,0,0,0,0,,,,
KLO,2009,10,27,17,8.5,,,,,,,,971.8,,0.5,,0,0,0,0,0,0,0,,,,
KLO,2009,10,27,18,6.6,,,,,,,,971.9,,0.3,,0,0,0,0,0,0,0,,,,
KLO,2009,10,27,19,5.8,,,,,,,,971.7,,0.6,,0,0,0,0,0,0,0,,,,
KLO,2009,10,27,20,4.9,,,,,,,,971.8,,1.1,,0,0,0,0,0,0,0,,,,
KLO,2009,10,27,21,4.2,,,,,,,,972,,1.6,,0,0,0,0,0,0,0,,,,
KLO,2009,10,27,22,3.5,,,,,,,,971.8,,0.8,,0,0,0,0,0,0,0,,,,
KLO,2009,10,27,23,2.7,,,,,,,,971.7,,0.5,,0,0,0,0,0,0,0,,,,
KLO,2009,10,28,0,2.2,,,,,,,,971.6,,0.6,,0,0,0,0,0,0,0,,,,
KLO,2009,10,28,1,1.5,,,,,,,,971.7,,0.5,,0,0,0,0,0,0,0,,,,
KLO,2009,10,28,2,0.9,,,,,,,,971.7,,0.5,,0,0,0,0,0,0,0,,,,
KLO,2009,10,28,3,1.2,,,,,,,,971.6,,0.4,,0,0,0,0,0,0,0,,,,
KLO,2009,10,28,4,1.7,,,,,,,,971.6,,0.5,,0,0,0,0,0,0,0,,,,
KLO,2009,10,28,5,2.8,,,,,,,,971.6,,0.6,,0,0,0,0,0,0,0,,,,
KLO,2009,10,28,6,3.7,,,,,,,,971.9,,1.1,,8,0,0,0,0,0,0,,,,
KLO,2009,10,28,7,4.2,,,,,,,,972.2,,0.6,,37,0,0,0,0,0,0,,,,
KLO,2009,10,28,8,5.2,,,,,,,,972.2,,0.6,,83,127.6,65.3,0,0,0,0,,,,
KLO,2009,10,28,9,6.2,,,,,,,,972,,0.5,,181,183.4,130,0,0,0,0,,,,
KLO,2009,10,28,10,7.3,,,,,,,,971.9,,0.5,,254,188.2,181.1,0,0,0,0,,,,
KLO,2009,10,28,11,9.1,,,,,,,,971.3,,0.5,,382,466.7,167.5,0,0,0,0,,,,
KLO,2009,10,28,12,10.7,,,,,,,,970.7,,0.5,,326,202.3,227.1,0,0,0,0,,,,
KLO,2009,10,28,13,12.5,,,,,,,,970.3,,0.9,,305,174.8,222.2,0,0,0,0,,,,
KLO,2009,10,28,14,14,,,,,,,,970.1,,1.5,,242,113.3,195,0,0,0,0,,,,
KLO,2009,10,28,15,13.7,,,,,,,,969.8,,1.7,,98,6.4,96,0,0,0,0,,,,
KLO,2009,10,28,16,11.4,,,,,,,,969.9,,0.6,,12,0.3,11.9,0,0,0,0,,,,
KLO,2009,10,28,17,8.1,,,,,,,,970,,0.9,,0,0,0,0,0,0,0,,,,
KLO,2009,10,28,18,7.8,,,,,,,,969.9,,1.7,,0,0,0,0,0,0,0,,,,
KLO,2009,10,28,19,6,,,,,,,,969.9,,1.3,,0,0,0,0,0,0,0,,,,
KLO,2009,10,28,20,6.1,,,,,,,,969.9,,1.2,,0,0,0,0,0,0,0,,,,
KLO,2009,10,28,21,5.4,,,,,,,,970,,0.9,,0,0,0,0,0,0,0,,,,
KLO,2009,10,28,22,3.9,,,,,,,,970.2,,1.4,,0,0,0,0,0,0,0,,,,
KLO,2009,10,28,23,3.9,,,,,,,,970.1,,1.2,,0,0,0,0,0,0,0,,,,
KLO,2009,10,29,0,4.7,,,,,,,,970.1,,0.9,,0,0,0,0,0,0,0,,,,
KLO,2009,10,29,1,4.5,,,,,,,,970,,1,,0,0,0,0,0,0,0,,,,
KLO,2009,10,29,2,4.6,,,,,,,,970,,1.1,,0,0,0,0,0,0,0,,,,
KLO,2009,10,29,3,4.4,,,,,,,,969.8,,0.7,,0,0,0,0,0,0,0,,,,
KLO,2009,10,29,4,4.3,,,,,,,,969.9,,1.1,,0,0,0,0,0,0,0,,,,
KLO,2009,10,29,5,4.3,,,,,,,,970.1,,0.8,,0,0,0,0,0,0,0,,,,
KLO,2009,10,29,6,4.4,,,,,,,,970.5,,0.9,,4,0,0,0,0,0,0,,,,
KLO,2009,10,29,7,4.5,,,,,,,,971,,1.3,,43,0,0,0,0,0,0,,,,
KLO,2009,10,29,8,5,,,,,,,,971.1,,0.9,,94,247.9,60.8,0,0,0,0,,,,
KLO,2009,10,29,9,5.8,,,,,,,,971.3,,1.1,,164,128,129,0,0,0,0,,,,
KLO,2009,10,29,10,6.6,,,,,,,,971.4,,1.1,,214,92.5,178.6,0,0,0,0,,,,
KLO,2009,10,29,11,8.1,,,,,,,,971.1,,1.4,,367,421.7,175.3,0,0,0,0,,,,
KLO,2009,10,29,12,11,,,,,,,,970.4,,1.3,,462,705.5,120.6,0,0,0,0,,,,
KLO,2009,10,29,13,13.2,,,,,,,,970.3,,1.8,,392,476.8,168.7,0,0,0,0,,,,
KLO,2009,10,29,14,13.9,,,,,,,,970.4,,2.2,,269,190,191.2,0,0,0,0,,,,
KLO,2009,10,29,15,13.1,,,,,,,,970.5,,2.6,,121,15.5,116.2,0,0,0,0,,,,
KLO,2009,10,29,16,10.5,,,,,,,,971,,2.9,,10,0.2,10,0,0,0,0,,,,
KLO,2009,10,29,17,7.2,,,,,,,,971.3,,1.9,,0,0,0,0,0,0,0,,,,
KLO,2009,10,29,18,7.1,,,,,,,,971.6,,1.8,,0,0,0,0,0,0,0,,,,
KLO,2009,10,29,19,6,,,,,,,,972,,2.1,,0,0,0,0,0,0,0,,,,
KLO,2009,10,29,20,6.2,,,,,,,,972.5,,2.1,,0,0,0,0,0,0,0,,,,
KLO,2009,10,29,21,4.8,,,,,,,,972.9,,2,,0,0,0,0,0,0,0,,,,
KLO,2009,10,29,22,4.8,,,,,,,,973.3,,1.9,,0,0,0,0,0,0,0,,,,
KLO,2009,10,29,23,5.3,,,,,,,,973.8,,1.8,,0,0,0,0,0,0,0,,,,
KLO,2009,10,30,0,6.4,,,,,,,,973.4,,2.3,,0,0,0,0,0,0,0,,,,
KLO,2009,10,30,1,7.4,,,,,,,,973.3,,3.6,,0,0,0,0,0,0,0,,,,
KLO,2009,10,30,2,7.6,,,,,,,,973.3,,3.9,,0,0,0,0,0,0,0,,,,
KLO,2009,10,30,3,7.5,,,,,,,,973.3,,3.4,,0,0,0,0,0,0,0,,,,
KLO,2009,10,30,4,7.4,,,,,,,,973.5,,3.4,,0,0,0,0,0,0,0,,,,
KLO,2009,10,30,5,7.2,,,,,,,,973.8,,3.7,,0,0,0,0,0,0,0,,,,
KLO,2009,10,30,6,7.4,,,,,,,,974.1,,2.6,,0,0,0,0,0,0,0,,,,
KLO,2009,10,30,7,7.7,,,,,,,,974.5,,2.4,,7,0,0,0,0,0,0,,,,
KLO,2009,10,30,8,7.8,,,,,,,,974.6,,3.8,,24,2.2,23.7,0,0,0,0,,,,
KLO,2009,10,30,9,7.9,,,,,,,,974.9,,4.1,,52,2.4,51.3,0,0,0,0,,,,
KLO,2009,10,30,10,8.2,,,,,,,,974.9,,3.5,,72,2.4,71.1,0,0,0,0,,,,
KLO,2009,10,30,11,8.6,,,,,,,,974.5,,4,,77,1.9,76.1,0,0,0,0,,,,
KLO,2009,10,30,12,9,,,,,,,,974.3,,3.5,,74,1.6,73.3,0,0,0,0,,,,
KLO,2009,10,30,13,9.4,,,,,,,,974,,3.3,,79,1.9,78.1,0,0,0,0,,,,
KLO,2009,10,30,14,9.6,,,,,,,,974.1,,3.4,,57,1.3,56.5,0,0,0,0,,,,
KLO,2009,10,30,15,9.5,,,,,,,,973.9,,4,,26,0.5,25.9,0,0,0,0,,,,
KLO,2009,10,30,16,9.4,,,,,,,,973.9,,1.4,,2,0,2,0,0,0,0,,,,
KLO,2009,10,30,17,9.1,,,,,,,,974,,1.1,,0,0,0,0,0,0,0,,,,
KLO,2009,10,30,18,9,,,,,,,,974.3,,2.1,,0,0,0,0,0,0,0,,,,
KLO,2009,10,30,19,8.9,,,,,,,,974.5,,2.9,,0,0,0,0,0,0,0,,,,
KLO,2009,10,30,20,8.9,,,,,,,,974.6,,1.9,,0,0,0,0,0,0,0,,,,
KLO,2009,10,30,21,8.6,,,,,,,,974.5,,1.9,,0,0,0,0,0,0,0,,,,
KLO,2009,10,30,22,8.7,,,,,,,,974.4,,3,,0,0,0,0,0,0,0,,,,
KLO,2009,10,30,23,8.4,,,,,,,,974.4,,2.1,,0,0,0,0,0,0,0,,,,
KLO,2009,10,31,0,8.4,,,,,,,,974.4,,1.5,,0,0,0,0,0,0,0,,,,
KLO,2009,10,31,1,8.2,,,,,,,,974.4,,1.4,,0,0,0,0,0,0,0,,,,
KLO,2009,10,31,2,7.9,,,,,,,,974.1,,0.7,,0,0,0,0,0,0,0,,,,
KLO,2009,10,31,3,7.8,,,,,,,,974.1,,0.8,,0,0,0,0,0,0,0,,,,
KLO,2009,10,31,4,8,,,,,,,,974.4,,0.7,,0,0,0,0,0,0,0,,,,
KLO,2009,10,31,5,7.8,,,,,,,,974.6,,1.2,,0,0,0,0,0,0,0,,,,
KLO,2009,10,31,6,7.7,,,,,,,,974.9,,1.7,,5,0,0,0,0,0,0,,,,
KLO,2009,10,31,7,8,,,,,,,,975.5,,1.5,,42,0,0,0,0,0,0,,,,
KLO,2009,10,31,8,8.2,,,,,,,,975.8,,1.7,,83,194.7,58.6,0,0,0,0,,,,
KLO,2009,10,31,9,8.4,,,,,,,,975.7,,1.8,,105,17.1,100.5,0,0,0,0,,,,
KLO,2009,10,31,10,8.6,,,,,,,,975.8,,1.8,,127,8.6,123.8,0,0,0,0,,,,
KLO,2009,10,31,11,9.2,,,,,,,,975.4,,1.3,,219,49.9,196.8,0,0,0,0,,,,
KLO,2009,10,31,12,10.3,,,,,,,,974.8,,1,,441,657.9,129.2,0,0,0,0,,,,
KLO,2009,10,31,13,10.7,,,,,,,,974.5,,0.9,,206,31.6,191.5,0,0,0,0,,,,
KLO,2009,10,31,14,10.9,,,,,,,,974.1,,0.5,,116,5.5,113.8,0,0,0,0,,,,
KLO,2009,10,31,15,11,,,,,,,,974.2,,0.7,,92,6.1,90.1,0,0,0,0,,,,
KLO,2009,10,31,16,9.7,,,,,,,,974.5,,0.6,,9,0.2,9,0,0,0,0,,,,
KLO,2009,10,31,17,8.4,,,,,,,,974.9,,1,,0,0,0,0,0,0,0,,,,
KLO,2009,10,31,18,7,,,,,,,,974.9,,0.4,,0,0,0,0,0,0,0,,,,
KLO,2009,10,31,19,5.7,,,,,,,,974.9,,0.7,,0,0,0,0,0,0,0,,,,
KLO,2009,10,31,20,4.3,,,,,,,,974.9,,0.4,,0,0,0,0,0,0,0,,,,
KLO,2009,10,31,21,3.1,,,,,,,,974.9,,0.7,,0,0,0,0,0,0,0,,,,
KLO,2009,10,31,22,3.1,,,,,,,,974.5,,0.6,,0,0,0,0,0,0,0,,,,
KLO,2009,10,31,23,1.8,,,,,,,,974.3,,0.9,,0,0,0,0,0,0,0,,,,
KLO,2009,11,1,0,2.8,,,,,,,,974.1,,1,,0,0,0,0,0,0,0,,,,
KLO,2009,11,1,1,2.9,,,,,,,,973.8,,0.4,,0,0,0,0,0,0,0,,,,
KLO,2009,11,1,2,2.6,,,,,,,,973.5,,0.6,,0,0,0,0,0,0,0,,,,
KLO,2009,11,1,3,3,,,,,,,,973.2,,0.5,,0,0,0,0,0,0,0,,,,
KLO,2009,11,1,4,3.3,,,,,,,,972.9,,0.3,,0,0,0,0,0,0,0,,,,
KLO,2009,11,1,5,3.8,,,,,,,,972.5,,0.4,,0,0,0,0,0,0,0,,,,
KLO,2009,11,1,6,4.2,,,,,,,,972.1,,0.4,,4,0,0,0,0,0,0,,,,
KLO,2009,11,1,7,4.5,,,,,,,,971.9,,1,,34,0,0,0,0,0,0,,,,
KLO,2009,11,1,8,4.9,,,,,,,,971.5,,0.7,,81,203,56.4,0,0,0,0,,,,
KLO,2009,11,1,9,5.6,,,,,,,,970.9,,0.7,,138,72.5,119.2,0,0,0,0,,,,
KLO,2009,11,1,10,6.3,,,,,,,,970,,1.7,,188,59.3,166.1,0,0,0,0,,,,
KLO,2009,11,1,11,7.2,,,,,,,,968.7,,1.4,,282,169.9,207.2,0,0,0,0,,,,
KLO,2009,11,1,12,8.8,,,,,,,,967.2,,1.9,,408,538.7,155.4,0,0,0,0,,,,
KLO,2009,11,1,13,10.1,,,,,,,,965.9,,2.2,,325,269.4,202.8,0,0,0,0,,,,
KLO,2009,11,1,14,10.3,,,,,,,,965,,1.7,,159,18.2,151.8,0,0,0,0,,,,
KLO,2009,11,1,15,9.4,,,,,,,,964.1,,1.4,,62,2.8,61.2,0,0,0,0,,,,
KLO,2009,11,1,16,8.1,,,,,,,,963.6,,1.1,,5,0.1,5,0,0,0,0,,,,
KLO,2009,11,1,17,6.4,,,,,,,,962.9,,1.9,,0,0,0,0,0,0,0,,,,
KLO,2009,11,1,18,7,,,,,,,,962.4,,2,,0,0,0,0,0,0,0,,,,
KLO,2009,11,1,19,7.3,,,,,,,,961.5,,1.4,,0,0,0,0,0,0,0,,,,
KLO,2009,11,1,20,7.2,,,,,,,,960.7,,0.4,,0,0,0,0,0,0,0,,,,
KLO,2009,11,1,21,7.7,,,,,,,,959.7,,1.4,,0,0,0,0,0,0,0,,,,
KLO,2009,11,1,22,8.3,,,,,,,,958.7,,2.4,,0,0,0,0,0,0,0,,,,
KLO,2009,11,1,23,8.6,,,,,,,,957.8,,1.7,,0,0,0,0,0,0,0,,,,
KLO,2009,11,2,0,8.6,,,,,,,,957.3,,1.6,,0,0,0,0,0,0,0,,,,
KLO,2009,11,2,1,9.3,,,,,,,,957.4,,2.2,,0,0,0,0,0,0,0,,,,
KLO,2009,11,2,2,11.5,,,,,,,,957.4,,5.4,,0,0,0,0,0,0,0,,,,
KLO,2009,11,2,3,11.5,,,,,,,,957.4,,4.5,,0,0,0,0,0,0,0,,,,
KLO,2009,11,2,4,11.6,,,,,,,,957.4,,3.4,,0,0,0,0,0,0,0,,,,
KLO,2009,11,2,5,11,,,,,,,,956.8,,3.2,,0,0,0,0,0,0,0,,,,
KLO,2009,11,2,6,10.8,,,,,,,,956.2,,3.7,,0,0,0,0,0,0,0,,,,
KLO,2009,11,2,7,10.6,,,,,,,,955.8,,3.6,,14,0,0,0,0,0,0,,,,
KLO,2009,11,2,8,10.7,,,,,,,,955.8,,3.5,,18,1.5,17.8,0,0,0,0,,,,
KLO,2009,11,2,9,10.7,,,,,,,,955.4,,2.7,,44,1.9,43.5,0,0,0,0,,,,
KLO,2009,11,2,10,10,,,,,,,,955.2,,3.6,,33,0.5,32.8,0,0,0,0,,,,
KLO,2009,11,2,11,9.1,,,,,,,,955.2,,2,,45,0.7,44.7,0,0,0,0,,,,
KLO,2009,11,2,12,9.4,,,,,,,,954.8,,1.6,,65,1.3,64.4,0,0,0,0,,,,
KLO,2009,11,2,13,8.9,,,,,,,,954.6,,3.2,,31,0.3,30.9,0,0,0,0,,,,
KLO,2009,11,2,14,7.2,,,,,,,,955.7,,4.3,,13,0.1,13,0,0,0,0,,,,
KLO,2009,11,2,15,7.1,,,,,,,,956.5,,3.5,,9,0.1,9,0,0,0,0,,,,
KLO,2009,11,2,16,6.3,,,,,,,,957.1,,4.9,,0,0,0,0,0,0,0,,,,
KLO,2009,11,2,17,6,,,,,,,,957.6,,3.3,,0,0,0,0,0,0,0,,,,
KLO,2009,11,2,18,6.1,,,,,,,,957.6,,3.4,,0,0,0,0,0,0,0,,,,
KLO,2009,11,2,19,6.1,,,,,,,,957.6,,3.2,,0,0,0,0,0,0,0,,,,
KLO,2009,11,2,20,5.7,,,,,,,,957.3,,3.7,,0,0,0,0,0,0,0,,,,
KLO,2009,11,2,21,5.4,,,,,,,,956.9,,3.1,,0,0,0,0,0,0,0,,,,
KLO,2009,11,2,22,5.4,,,,,,,,956.3,,3.5,,0,0,0,0,0,0,0,,,,
KLO,2009,11,2,23,4.9,,,,,,,,955.3,,4,,0,0,0,0,0,0,0,,,,
KLO,2009,11,3,0,4.7,,,,,,,,954.5,,3.5,,0,0,0,0,0,0,0,,,,
KLO,2009,11,3,1,4.6,,,,,,,,953.9,,2,,0,0,0,0,0,0,0,,,,
KLO,2009,11,3,2,4.9,,,,,,,,953.5,,1.1,,0,0,0,0,0,0,0,,,,
KLO,2009,11,3,3,4.6,,,,,,,,953.3,,0.8,,0,0,0,0,0,0,0,,,,
KLO,2009,11,3,4,4.6,,,,,,,,953.4,,1,,0,0,0,0,0,0,0,,,,
KLO,2009,11,3,5,4.8,,,,,,,,953.4,,0.9,,0,0,0,0,0,0,0,,,,
KLO,2009,11,3,6,4.5,,,,,,,,953.5,,1,,4,0,0,0,0,0,0,,,,
KLO,2009,11,3,7,4.8,,,,,,,,953.5,,0.9,,96,0,0,0,0,0,0,,,,
KLO,2009,11,3,8,5.9,,,,,,,,953.7,,0.8,,149,1104.3,24.6,0,0,0,0,,,,
KLO,2009,11,3,9,6.9,,,,,,,,953.6,,1.2,,263,862.5,46.9,0,0,0,0,,,,
KLO,2009,11,3,10,8,,,,,,,,953.6,,2.5,,281,374.8,146.4,0,0,0,0,,,,
KLO,2009,11,3,11,8.5,,,,,,,,953,,2.2,,293,218.4,199,0,0,0,0,,,,
KLO,2009,11,3,12,10.1,,,,,,,,952.1,,3.1,,464,802.1,95.6,0,0,0,0,,,,
KLO,2009,11,3,13,9.6,,,,,,,,951.6,,2.9,,174,15.9,167,0,0,0,0,,,,
KLO,2009,11,3,14,9.4,,,,,,,,951.2,,2.4,,102,4.5,100.2,0,0,0,0,,,,
KLO,2009,11,3,15,9,,,,,,,,950.8,,1.6,,42,1.4,41.6,0,0,0,0,,,,
KLO,2009,11,3,16,8.1,,,,,,,,950.7,,1.9,,1,0,1,0,0,0,0,,,,
KLO,2009,11,3,17,7.4,,,,,,,,950.5,,2.7,,0,0,0,0,0,0,0,,,,
KLO,2009,11,3,18,7,,,,,,,,950.2,,3.4,,0,0,0,0,0,0,0,,,,
KLO,2009,11,3,19,7.1,,,,,,,,949.6,,3.4,,0,0,0,0,0,0,0,,,,
KLO,2009,11,3,20,7.5,,,,,,,,949,,3.9,,0,0,0,0,0,0,0,,,,
KLO,2009,11,3,21,8.1,,,,,,,,948.4,,2.4,,0,0,0,0,0,0,0,,,,
KLO,2009,11,3,22,8.5,,,,,,,,947.4,,2.7,,0,0,0,0,0,0,0,,,,
KLO,2009,11,3,23,8.4,,,,,,,,946.8,,2.4,,0,0,0,0,0,0,0,,,,
KLO,2009,11,4,0,8.2,,,,,,,,945.7,,2.6,,0,0,0,0,0,0,0,,,,
KLO,2009,11,4,1,7.7,,,,,,,,944.1,,3,,0,0,0,0,0,0,0,,,,
KLO,2009,11,4,2,7.7,,,,,,,,942.8,,2.4,,0,0,0,0,0,0,0,,,,
KLO,2009,11,4,3,8.1,,,,,,,,941.9,,2.7,,0,0,0,0,0,0,0,,,,
KLO,2009,11,4,4,9.4,,,,,,,,941.6,,4.9,,0,0,0,0,0,0,0,,,,
KLO,2009,11,4,5,10.2,,,,,,,,942,,6.9,,0,0,0,0,0,0,0,,,,
KLO,2009,11,4,6,9.7,,,,,,,,943.5,,5.3,,2,0,0,0,0,0,0,,,,
KLO,2009,11,4,7,9.1,,,,,,,,945,,4.6,,9,0,0,0,0,0,0,,,,
KLO,2009,11,4,8,8.2,,,,,,,,945.6,,4.4,,58,74.1,50,0,0,0,0,,,,
KLO,2009,11,4,9,8.8,,,,,,,,946.2,,4,,109,29.1,101.8,0,0,0,0,,,,
KLO,2009,11,4,10,8.3,,,,,,,,946.6,,6.6,,120,8.4,117,0,0,0,0,,,,
KLO,2009,11,4,11,9.9,,,,,,,,946.6,,7.3,,419,756.9,96.9,0,0,0,0,,,,
KLO,2009,11,4,12,10.8,,,,,,,,946.6,,8.3,,361,395.1,181.4,0,0,0,0,,,,
KLO,2009,11,4,13,11.2,,,,,,,,946.6,,8.7,,337,348.7,183.9,0,0,0,0,,,,
KLO,2009,11,4,14,10.9,,,,,,,,946.6,,7.1,,243,166.5,179.7,0,0,0,0,,,,
KLO,2009,11,4,15,10.1,,,,,,,,946.9,,6.6,,97,8.8,94.5,0,0,0,0,,,,
KLO,2009,11,4,16,8.9,,,,,,,,947.2,,5.2,,4,0,4,0,0,0,0,,,,
KLO,2009,11,4,17,7.8,,,,,,,,947.8,,3.4,,0,0,0,0,0,0,0,,,,
KLO,2009,11,4,18,7.2,,,,,,,,948.1,,2.5,,0,0,0,0,0,0,0,,,,
KLO,2009,11,4,19,6.7,,,,,,,,948.5,,2.7,,0,0,0,0,0,0,0,,,,
KLO,2009,11,4,20,7.1,,,,,,,,948.9,,2.9,,0,0,0,0,0,0,0,,,,
KLO,2009,11,4,21,6.2,,,,,,,,949.1,,3.3,,0,0,0,0,0,0,0,,,,
KLO,2009,11,4,22,6.6,,,,,,,,949.4,,2.8,,0,0,0,0,0,0,0,,,,
KLO,2009,11,4,23,6.5,,,,,,,,949.4,,3.9,,0,0,0,0,0,0,0,,,,
KLO,2009,11,5,0,5.3,,,,,,,,949.9,,4.1,,0,0,0,0,0,0,0,,,,
KLO,2009,11,5,1,5.1,,,,,,,,949.9,,2.8,,0,0,0,0,0,0,0,,,,
KLO,2009,11,5,2,5.2,,,,,,,,950,,2.5,,0,0,0,0,0,0,0,,,,
KLO,2009,11,5,3,5.5,,,,,,,,950.1,,2.1,,0,0,0,0,0,0,0,,,,
KLO,2009,11,5,4,5.6,,,,,,,,950.3,,3.7,,0,0,0,0,0,0,0,,,,
KLO,2009,11,5,5,4.8,,,,,,,,950.4,,1.1,,0,0,0,0,0,0,0,,,,
KLO,2009,11,5,6,5.1,,,,,,,,950.8,,1.4,,4,0,0,0,0,0,0,,,,
KLO,2009,11,5,7,6.2,,,,,,,,951.5,,1.6,,76,0,0,0,0,0,0,,,,
KLO,2009,11,5,8,6.9,,,,,,,,952,,4.2,,174,1393.8,28.7,0,0,0,0,,,,
KLO,2009,11,5,9,7.7,,,,,,,,952.1,,4.4,,184,338.4,102.3,0,0,0,0,,,,
KLO,2009,11,5,10,8.9,,,,,,,,952.2,,3.1,,304,534.3,117.1,0,0,0,0,,,,
KLO,2009,11,5,11,10.5,,,,,,,,952.1,,3.8,,481,954.3,79.4,0,0,0,0,,,,
KLO,2009,11,5,12,10.9,,,,,,,,951.8,,4.5,,445,765.2,100.9,0,0,0,0,,,,
KLO,2009,11,5,13,11.4,,,,,,,,951.6,,4.2,,347,402.6,172.1,0,0,0,0,,,,
KLO,2009,11,5,14,11.3,,,,,,,,951.6,,4,,230,137.8,178.2,0,0,0,0,,,,
KLO,2009,11,5,15,10.1,,,,,,,,951.8,,2.3,,79,5.2,77.5,0,0,0,0,,,,
KLO,2009,11,5,16,6.5,,,,,,,,952.5,,1.9,,2,0,2,0,0,0,0,,,,
KLO,2009,11,5,17,6.4,,,,,,,,953.4,,0.7,,0,0,0,0,0,0,0,,,,
KLO,2009,11,5,18,5.5,,,,,,,,954.2,,0.7,,0,0,0,0,0,0,0,,,,
KLO,2009,11,5,19,4.4,,,,,,,,954.6,,0.9,,0,0,0,0,0,0,0,,,,
KLO,2009,11,5,20,3.9,,,,,,,,954.9,,1,,0,0,0,0,0,0,0,,,,
KLO,2009,11,5,21,6.1,,,,,,,,955.5,,1.2,,0,0,0,0,0,0,0,,,,
KLO,2009,11,5,22,6.6,,,,,,,,956,,1.7,,0,0,0,0,0,0,0,,,,
KLO,2009,11,5,23,6.5,,,,,,,,956.4,,1.4,,0,0,0,0,0,0,0,,,,
KLO,2009,11,6,0,5.7,,,,,,,,956.7,,0.9,,0,0,0,0,0,0,0,,,,
KLO,2009,11,6,1,4.9,,,,,,,,956.8,,1.3,,0,0,0,0,0,0,0,,,,
KLO,2009,11,6,2,4.5,,,,,,,,956.9,,1.3,,0,0,0,0,0,0,0,,,,
KLO,2009,11,6,3,2.7,,,,,,,,957.2,,1.4,,0,0,0,0,0,0,0,,,,
KLO,2009,11,6,4,2.8,,,,,,,,957.6,,0.6,,0,0,0,0,0,0,0,,,,
KLO,2009,11,6,5,2.9,,,,,,,,957.9,,1.4,,0,0,0,0,0,0,0,,,,
KLO,2009,11,6,6,3.6,,,,,,,,958.5,,1.5,,3,0,0,0,0,0,0,,,,
KLO,2009,11,6,7,4.2,,,,,,,,959.1,,0.8,,35,0,0,0,0,0,0,,,,
KLO,2009,11,6,8,5.5,,,,,,,,959.5,,0.9,,212,1769,35,0,0,0,0,,,,
KLO,2009,11,6,9,7.5,,,,,,,,959.8,,1.9,,311,1095,51.3,0,0,0,0,,,,
KLO,2009,11,6,10,8.7,,,,,,,,959.8,,1.8,,334,724.4,83.9,0,0,0,0,,,,
KLO,2009,11,6,11,9.3,,,,,,,,959.8,,2.2,,301,277,185.7,0,0,0,0,,,,
KLO,2009,11,6,12,9.6,,,,,,,,959.6,,1.7,,342,349.3,186.6,0,0,0,0,,,,
KLO,2009,11,6,13,9.5,,,,,,,,959.6,,2.7,,231,75.6,198.5,0,0,0,0,,,,
KLO,2009,11,6,14,9.2,,,,,,,,959.6,,1.8,,166,30.4,154.7,0,0,0,0,,,,
KLO,2009,11,6,15,9.2,,,,,,,,959.8,,1.2,,97,9.9,94.3,0,0,0,0,,,,
KLO,2009,11,6,16,6.7,,,,,,,,960,,1.2,,3,0,3,0,0,0,0,,,,
KLO,2009,11,6,17,5.1,,,,,,,,960.4,,0.5,,0,0,0,0,0,0,0,,,,
KLO,2009,11,6,18,3.9,,,,,,,,960.8,,0.4,,0,0,0,0,0,0,0,,,,
KLO,2009,11,6,19,3.6,,,,,,,,960.5,,0.7,,0,0,0,0,0,0,0,,,,
KLO,2009,11,6,20,1.8,,,,,,,,960.4,,0.5,,0,0,0,0,0,0,0,,,,
KLO,2009,11,6,21,1,,,,,,,,959.9,,0.7,,0,0,0,0,0,0,0,,,,
KLO,2009,11,6,22,0.6,,,,,,,,959.6,,0.7,,0,0,0,0,0,0,0,,,,
KLO,2009,11,6,23,-0.4,,,,,,,,959.3,,0.4,,0,0,0,0,0,0,0,,,,
KLO,2009,11,7,0,-1.3,,,,,,,,958.6,,1.1,,0,0,0,0,0,0,0,,,,
KLO,2009,11,7,1,-1.5,,,,,,,,957.8,,0.7,,0,0,0,0,0,0,0,,,,
KLO,2009,11,7,2,-0.8,,,,,,,,957.1,,1.3,,0,0,0,0,0,0,0,,,,
KLO,2009,11,7,3,-0.3,,,,,,,,956.5,,0.8,,0,0,0,0,0,0,0,,,,
KLO,2009,11,7,4,-0.3,,,,,,,,955.8,,0.8,,0,0,0,0,0,0,0,,,,
KLO,2009,11,7,5,-0.2,,,,,,,,954.8,,0.6,,0,0,0,0,0,0,0,,,,
KLO,2009,11,7,6,0,,,,,,,,954.4,,0.6,,2,0,0,0,0,0,0,,,,
KLO,2009,11,7,7,0.5,,,,,,,,954.4,,0.8,,41,0,0,0,0,0,0,,,,
KLO,2009,11,7,8,1.4,,,,,,,,954.4,,1.7,,52,78.5,44.5,0,0,0,0,,,,
KLO,2009,11,7,9,2.5,,,,,,,,954.4,,1.2,,81,9.2,78.8,0,0,0,0,,,,
KLO,2009,11,7,10,4.1,,,,,,,,953.7,,1.8,,98,5.3,96.2,0,0,0,0,,,,
KLO,2009,11,7,11,6,,,,,,,,953.3,,2,,98,3.7,96.5,0,0,0,0,,,,
KLO,2009,11,7,12,6.6,,,,,,,,952.6,,1.7,,62,1.3,61.4,0,0,0,0,,,,
KLO,2009,11,7,13,6.6,,,,,,,,952.3,,1.6,,61,1.3,60.4,0,0,0,0,,,,
KLO,2009,11,7,14,6.7,,,,,,,,951.8,,1.8,,80,3.1,78.9,0,0,0,0,,,,
KLO,2009,11,7,15,6.8,,,,,,,,951.7,,1.4,,27,0.6,26.8,0,0,0,0,,,,
KLO,2009,11,7,16,6.4,,,,,,,,951.7,,0.9,,1,0,1,0,0,0,0,,,,
KLO,2009,11,7,17,5.7,,,,,,,,951.9,,1.6,,0,0,0,0,0,0,0,,,,
KLO,2009,11,7,18,4.5,,,,,,,,952,,0.9,,0,0,0,0,0,0,0,,,,
KLO,2009,11,7,19,5.8,,,,,,,,952.5,,2.9,,0,0,0,0,0,0,0,,,,
KLO,2009,11,7,20,6.2,,,,,,,,953.1,,2.8,,0,0,0,0,0,0,0,,,,
KLO,2009,11,7,21,5.7,,,,,,,,953.5,,2.7,,0,0,0,0,0,0,0,,,,
KLO,2009,11,7,22,5.5,,,,,,,,954,,3.1,,0,0,0,0,0,0,0,,,,
KLO,2009,11,7,23,5.2,,,,,,,,954.6,,2.2,,0,0,0,0,0,0,0,,,,
KLO,2009,11,8,0,5,,,,,,,,954.8,,1,,0,0,0,0,0,0,0,,,,
KLO,2009,11,8,1,5,,,,,,,,954.9,,1.2,,0,0,0,0,0,0,0,,,,
KLO,2009,11,8,2,4.9,,,,,,,,954.8,,1.4,,0,0,0,0,0,0,0,,,,
KLO,2009,11,8,3,4.7,,,,,,,,954.5,,0.8,,0,0,0,0,0,0,0,,,,
KLO,2009,11,8,4,4.2,,,,,,,,954.3,,1.1,,0,0,0,0,0,0,0,,,,
KLO,2009,11,8,5,4.2,,,,,,,,953.8,,1,,0,0,0,0,0,0,0,,,,
KLO,2009,11,8,6,4,,,,,,,,953.6,,0.8,,1,0,0,0,0,0,0,,,,
KLO,2009,11,8,7,4,,,,,,,,953.6,,0.9,,30,0,0,0,0,0,0,,,,
KLO,2009,11,8,8,4.8,,,,,,,,953.5,,1.8,,100,908.7,16.6,0,0,0,0,,,,
KLO,2009,11,8,9,5.5,,,,,,,,953.2,,2.7,,134,113.4,108.1,0,0,0,0,,,,
KLO,2009,11,8,10,6.1,,,,,,,,953,,2.8,,170,56,151.2,0,0,0,0,,,,
KLO,2009,11,8,11,6.3,,,,,,,,952.3,,3.8,,172,22.8,162.7,0,0,0,0,,,,
KLO,2009,11,8,12,6.3,,,,,,,,951.9,,3.9,,103,3.6,101.4,0,0,0,0,,,,
KLO,2009,11,8,13,6.1,,,,,,,,951.8,,2.8,,40,0.6,39.8,0,0,0,0,,,,
KLO,2009,11,8,14,6.1,,,,,,,,951.7,,2.8,,23,0.3,22.9,0,0,0,0,,,,
KLO,2009,11,8,15,6.1,,,,,,,,951.6,,3.4,,17,0.3,16.9,0,0,0,0,,,,
KLO,2009,11,8,16,6.1,,,,,,,,951.8,,4.1,,0,0,0,0,0,0,0,,,,
KLO,2009,11,8,17,5.7,,,,,,,,952.2,,5.6,,0,0,0,0,0,0,0,,,,
KLO,2009,11,8,18,5.1,,,,,,,,952.6,,4.7,,0,0,0,0,0,0,0,,,,
KLO,2009,11,8,19,4.5,,,,,,,,952.8,,5.2,,0,0,0,0,0,0,0,,,,
KLO,2009,11,8,20,4.2,,,,,,,,953.3,,3.8,,0,0,0,0,0,0,0,,,,
KLO,2009,11,8,21,4,,,,,,,,953.4,,4,,0,0,0,0,0,0,0,,,,
KLO,2009,11,8,22,4,,,,,,,,953.6,,3.6,,0,0,0,0,0,0,0,,,,
KLO,2009,11,8,23,4.1,,,,,,,,953.6,,4,,0,0,0,0,0,0,0,,,,
KLO,2009,11,9,0,4.2,,,,,,,,953.7,,1.7,,0,0,0,0,0,0,0,,,,
KLO,2009,11,9,1,4,,,,,,,,954.1,,2.2,,0,0,0,0,0,0,0,,,,
KLO,2009,11,9,2,3.6,,,,,,,,954.5,,2.5,,0,0,0,0,0,0,0,,,,
KLO,2009,11,9,3,3.5,,,,,,,,954.7,,1.7,,0,0,0,0,0,0,0,,,,
KLO,2009,11,9,4,3.4,,,,,,,,955,,1.5,,0,0,0,0,0,0,0,,,,
KLO,2009,11,9,5,3.4,,,,,,,,955.1,,1,,0,0,0,0,0,0,0,,,,
KLO,2009,11,9,6,3.4,,,,,,,,955.6,,0.7,,0,0,0,0,0,0,0,,,,
KLO,2009,11,9,7,3.6,,,,,,,,956.5,,0.5,,17,0,0,0,0,0,0,,,,
KLO,2009,11,9,8,3.8,,,,,,,,956.8,,0.6,,65,303,38.4,0,0,0,0,,,,
KLO,2009,11,9,9,4.5,,,,,,,,957,,1.1,,131,111.4,106,0,0,0,0,,,,
KLO,2009,11,9,10,5.1,,,,,,,,957.2,,2.4,,101,6,99,0,0,0,0,,,,
KLO,2009,11,9,11,5.2,,,,,,,,957.4,,2.6,,77,2.4,76,0,0,0,0,,,,
KLO,2009,11,9,12,5.2,,,,,,,,957.7,,2.1,,58,1.2,57.5,0,0,0,0,,,,
KLO,2009,11,9,13,5.1,,,,,,,,958,,1.6,,49,0.9,48.6,0,0,0,0,,,,
KLO,2009,11,9,14,4.8,,,,,,,,958.2,,1.5,,26,0.3,25.9,0,0,0,0,,,,
KLO,2009,11,9,15,4.5,,,,,,,,958.6,,1.9,,4,0,4,0,0,0,0,,,,
KLO,2009,11,9,16,4.2,,,,,,,,959.2,,2,,0,0,0,0,0,0,0,,,,
KLO,2009,11,9,17,3.8,,,,,,,,959.8,,2.4,,0,0,0,0,0,0,0,,,,
KLO,2009,11,9,18,3.6,,,,,,,,960.2,,2.3,,0,0,0,0,0,0,0,,,,
KLO,2009,11,9,19,3.6,,,,,,,,960.6,,1.3,,0,0,0,0,0,0,0,,,,
KLO,2009,11,9,20,3.4,,,,,,,,961,,1.3,,0,0,0,0,0,0,0,,,,
KLO,2009,11,9,21,3.2,,,,,,,,961.1,,1.5,,0,0,0,0,0,0,0,,,,
KLO,2009,11,9,22,3.2,,,,,,,,961.2,,1.3,,0,0,0,0,0,0,0,,,,
KLO,2009,11,9,23,2.9,,,,,,,,961.4,,1.4,,0,0,0,0,0,0,0,,,,
KLO,2009,11,10,0,3,,,,,,,,961.4,,1,,0,0,0,0,0,0,0,,,,
KLO,2009,11,10,1,3,,,,,,,,961.6,,1.1,,0,0,0,0,0,0,0,,,,
KLO,2009,11,10,2,3,,,,,,,,961.6,,1.4,,0,0,0,0,0,0,0,,,,
KLO,2009,11,10,3,3.1,,,,,,,,961.5,,1.2,,0,0,0,0,0,0,0,,,,
KLO,2009,11,10,4,3.1,,,,,,,,961.5,,1.6,,0,0,0,0,0,0,0,,,,
KLO,2009,11,10,5,3.2,,,,,,,,961.6,,1.1,,0,0,0,0,0,0,0,,,,
KLO,2009,11,10,6,3.3,,,,,,,,961.7,,1.2,,0,0,0,0,0,0,0,,,,
KLO,2009,11,10,7,3.5,,,,,,,,962.1,,0.7,,7,0,0,0,0,0,0,,,,
KLO,2009,11,10,8,3.8,,,,,,,,962,,1.3,,23,4.9,22.6,0,0,0,0,,,,
KLO,2009,11,10,9,4.2,,,,,,,,962,,1.3,,37,1.8,36.6,0,0,0,0,,,,
KLO,2009,11,10,10,4.7,,,,,,,,962,,2.1,,64,2.5,63.2,0,0,0,0,,,,
KLO,2009,11,10,11,4.8,,,,,,,,961.8,,1.6,,40,0.7,39.7,0,0,0,0,,,,
KLO,2009,11,10,12,4.8,,,,,,,,961.4,,1.5,,38,0.5,37.8,0,0,0,0,,,,
KLO,2009,11,10,13,4.7,,,,,,,,961.1,,0.8,,28,0.3,27.9,0,0,0,0,,,,
KLO,2009,11,10,14,4.7,,,,,,,,960.9,,1.8,,30,0.5,29.8,0,0,0,0,,,,
KLO,2009,11,10,15,4.7,,,,,,,,960.8,,1.5,,5,0,5,0,0,0,0,,,,
KLO,2009,11,10,16,4.5,,,,,,,,960.8,,1.1,,0,0,0,0,0,0,0,,,,
KLO,2009,11,10,17,4.5,,,,,,,,961.1,,0.9,,0,0,0,0,0,0,0,,,,
KLO,2009,11,10,18,4.6,,,,,,,,961.2,,0.5,,0,0,0,0,0,0,0,,,,
KLO,2009,11,10,19,4.7,,,,,,,,961.1,,0.6,,0,0,0,0,0,0,0,,,,
KLO,2009,11,10,20,4.6,,,,,,,,961.1,,0.2,,0,0,0,0,0,0,0,,,,
KLO,2009,11,10,21,4.5,,,,,,,,961,,1,,0,0,0,0,0,0,0,,,,
KLO,2009,11,10,22,4.6,,,,,,,,960.9,,1.4,,0,0,0,0,0,0,0,,,,
KLO,2009,11,10,23,4.4,,,,,,,,960.8,,0.5,,0,0,0,0,0,0,0,,,,
KLO,2009,11,11,0,4.2,,,,,,,,960.7,,0.4,,0,0,0,0,0,0,0,,,,
KLO,2009,11,11,1,4.2,,,,,,,,960.7,,0.6,,0,0,0,0,0,0,0,,,,
KLO,2009,11,11,2,4,,,,,,,,960.5,,0.5,,0,0,0,0,0,0,0,,,,
KLO,2009,11,11,3,4.1,,,,,,,,960.5,,0.5,,0,0,0,0,0,0,0,,,,
KLO,2009,11,11,4,4,,,,,,,,960.5,,0.4,,0,0,0,0,0,0,0,,,,
KLO,2009,11,11,5,4,,,,,,,,960.5,,0.5,,0,0,0,0,0,0,0,,,,
KLO,2009,11,11,6,3.7,,,,,,,,960.5,,0.4,,1,0,0,0,0,0,0,,,,
KLO,2009,11,11,7,4,,,,,,,,960.8,,0.5,,33,0,0,0,0,0,0,,,,
KLO,2009,11,11,8,4.5,,,,,,,,960.9,,0.5,,128,1341.4,21.1,0,0,0,0,,,,
KLO,2009,11,11,9,5.7,,,,,,,,960.9,,0.8,,353,1367.8,58.2,0,0,0,0,,,,
KLO,2009,11,11,10,6.3,,,,,,,,960.8,,0.9,,311,713.5,80.6,0,0,0,0,,,,
KLO,2009,11,11,11,7,,,,,,,,960.3,,1.1,,325,448.3,148.5,0,0,0,0,,,,
KLO,2009,11,11,12,7,,,,,,,,960.1,,1.2,,154,11.1,149.3,0,0,0,0,,,,
KLO,2009,11,11,13,7.1,,,,,,,,960.1,,1,,144,9.8,140,0,0,0,0,,,,
KLO,2009,11,11,14,7.1,,,,,,,,960.1,,1.1,,99,5.2,97.2,0,0,0,0,,,,
KLO,2009,11,11,15,7,,,,,,,,960.2,,0.5,,52,2.7,51.3,0,0,0,0,,,,
KLO,2009,11,11,16,5.1,,,,,,,,960.5,,1.1,,2,0,2,0,0,0,0,,,,
KLO,2009,11,11,17,3.1,,,,,,,,960.9,,0.8,,0,0,0,0,0,0,0,,,,
KLO,2009,11,11,18,2.2,,,,,,,,961.1,,0.6,,0,0,0,0,0,0,0,,,,
KLO,2009,11,11,19,1.1,,,,,,,,961.5,,1,,0,0,0,0,0,0,0,,,,
KLO,2009,11,11,20,0.6,,,,,,,,962,,1,,0,0,0,0,0,0,0,,,,
KLO,2009,11,11,21,-0.8,,,,,,,,962,,1.1,,0,0,0,0,0,0,0,,,,
KLO,2009,11,11,22,-0.5,,,,,,,,961.8,,1.2,,0,0,0,0,0,0,0,,,,
KLO,2009,11,11,23,-1.4,,,,,,,,962,,1,,0,0,0,0,0,0,0,,,,
KLO,2009,11,12,0,-1.5,,,,,,,,962.3,,1.1,,0,0,0,0,0,0,0,,,,
KLO,2009,11,12,1,-1.6,,,,,,,,962.6,,0.9,,0,0,0,0,0,0,0,,,,
KLO,2009,11,12,2,-1,,,,,,,,962.3,,0.5,,0,0,0,0,0,0,0,,,,
KLO,2009,11,12,3,-0.7,,,,,,,,962,,0.2,,0,0,0,0,0,0,0,,,,
KLO,2009,11,12,4,-0.6,,,,,,,,962,,0.7,,0,0,0,0,0,0,0,,,,
KLO,2009,11,12,5,-0.4,,,,,,,,961.9,,1.3,,0,0,0,0,0,0,0,,,,
KLO,2009,11,12,6,-0.4,,,,,,,,962,,0.7,,2,0,0,0,0,0,0,,,,
KLO,2009,11,12,7,0.1,,,,,,,,962,,0.6,,37,0,0,0,0,0,0,,,,
KLO,2009,11,12,8,1.5,,,,,,,,962.5,,0.9,,45,119.4,36,0,0,0,0,,,,
KLO,2009,11,12,9,3.3,,,,,,,,962.8,,1.5,,57,4.7,56,0,0,0,0,,,,
KLO,2009,11,12,10,4.9,,,,,,,,963.1,,2,,90,5.1,88.4,0,0,0,0,,,,
KLO,2009,11,12,11,5.6,,,,,,,,963.1,,0.6,,99,4.2,97.4,0,0,0,0,,,,
KLO,2009,11,12,12,6.8,,,,,,,,963.1,,1.5,,188,30.8,175.1,0,0,0,0,,,,
KLO,2009,11,12,13,7.9,,,,,,,,963.1,,0.7,,147,11.1,142.5,0,0,0,0,,,,
KLO,2009,11,12,14,8.4,,,,,,,,963.3,,1.3,,104,5.8,102,0,0,0,0,,,,
KLO,2009,11,12,15,8.3,,,,,,,,963.3,,1.1,,48,2.4,47.4,0,0,0,0,,,,
KLO,2009,11,12,16,7.4,,,,,,,,963.7,,2.5,,1,0,1,0,0,0,0,,,,
KLO,2009,11,12,17,6.7,,,,,,,,964.1,,2.2,,0,0,0,0,0,0,0,,,,
KLO,2009,11,12,18,6.6,,,,,,,,964.2,,2.2,,0,0,0,0,0,0,0,,,,
KLO,2009,11,12,19,6,,,,,,,,964.6,,1.8,,0,0,0,0,0,0,0,,,,
KLO,2009,11,12,20,5.7,,,,,,,,964.9,,2.4,,0,0,0,0,0,0,0,,,,
KLO,2009,11,12,21,6,,,,,,,,965.2,,1.8,,0,0,0,0,0,0,0,,,,
KLO,2009,11,12,22,6.5,,,,,,,,965.3,,2.3,,0,0,0,0,0,0,0,,,,
KLO,2009,11,12,23,5.8,,,,,,,,965.4,,2.1,,0,0,0,0,0,0,0,,,,
KLO,2009,11,13,0,5,,,,,,,,965.3,,2.7,,0,0,0,0,0,0,0,,,,
KLO,2009,11,13,1,5.6,,,,,,,,965.5,,2.6,,0,0,0,0,0,0,0,,,,
KLO,2009,11,13,2,4.9,,,,,,,,965.3,,1.8,,0,0,0,0,0,0,0,,,,
KLO,2009,11,13,3,5.7,,,,,,,,965.5,,1.8,,0,0,0,0,0,0,0,,,,
KLO,2009,11,13,4,6.1,,,,,,,,965.5,,2.4,,0,0,0,0,0,0,0,,,,
KLO,2009,11,13,5,6.5,,,,,,,,965.8,,2.1,,0,0,0,0,0,0,0,,,,
KLO,2009,11,13,6,6.5,,,,,,,,966.1,,1.5,,1,0,0,0,0,0,0,,,,
KLO,2009,11,13,7,7.1,,,,,,,,966.5,,2.7,,35,0,0,0,0,0,0,,,,
KLO,2009,11,13,8,8.5,,,,,,,,966.7,,2,,137,1593.6,22.6,0,0,0,0,,,,
KLO,2009,11,13,9,9.4,,,,,,,,967,,0.7,,179,520.8,71.2,0,0,0,0,,,,
KLO,2009,11,13,10,10.3,,,,,,,,966.8,,1.3,,184,111.2,149,0,0,0,0,,,,
KLO,2009,11,13,11,10.8,,,,,,,,966.2,,0.6,,185,43.1,168.4,0,0,0,0,,,,
KLO,2009,11,13,12,11.3,,,,,,,,965.8,,0.6,,190,34.2,175.8,0,0,0,0,,,,
KLO,2009,11,13,13,11.5,,,,,,,,965.8,,1,,190,41,173.6,0,0,0,0,,,,
KLO,2009,11,13,14,12.3,,,,,,,,965.7,,1.3,,127,12.1,122.9,0,0,0,0,,,,
KLO,2009,11,13,15,11.2,,,,,,,,966.3,,1.2,,27,0.8,26.8,0,0,0,0,,,,
KLO,2009,11,13,16,9.8,,,,,,,,966.2,,3,,1,0,1,0,0,0,0,,,,
KLO,2009,11,13,17,8.8,,,,,,,,966.5,,2.7,,0,0,0,0,0,0,0,,,,
KLO,2009,11,13,18,8.1,,,,,,,,966.8,,2.5,,0,0,0,0,0,0,0,,,,
KLO,2009,11,13,19,7.7,,,,,,,,966.9,,2.2,,0,0,0,0,0,0,0,,,,
KLO,2009,11,13,20,6.9,,,,,,,,966.8,,1.7,,0,0,0,0,0,0,0,,,,
KLO,2009,11,13,21,5.6,,,,,,,,966.6,,0.5,,0,0,0,0,0,0,0,,,,
KLO,2009,11,13,22,4.5,,,,,,,,966,,1.6,,0,0,0,0,0,0,0,,,,
KLO,2009,11,13,23,2.9,,,,,,,,965.4,,1.9,,0,0,0,0,0,0,0,,,,
KLO,2009,11,14,0,3.1,,,,,,,,964.8,,1.9,,0,0,0,0,0,0,0,,,,
KLO,2009,11,14,1,4,,,,,,,,964.5,,1.7,,0,0,0,0,0,0,0,,,,
KLO,2009,11,14,2,4.1,,,,,,,,964.1,,0.9,,0,0,0,0,0,0,0,,,,
KLO,2009,11,14,3,3.9,,,,,,,,963.7,,0.9,,0,0,0,0,0,0,0,,,,
KLO,2009,11,14,4,3.7,,,,,,,,963.6,,1.2,,0,0,0,0,0,0,0,,,,
KLO,2009,11,14,5,3.4,,,,,,,,963.5,,0.9,,0,0,0,0,0,0,0,,,,
KLO,2009,11,14,6,3.1,,,,,,,,963.5,,0.4,,0,0,0,0,0,0,0,,,,
KLO,2009,11,14,7,3.5,,,,,,,,963.8,,1.5,,18,0,0,0,0,0,0,,,,
KLO,2009,11,14,8,4.5,,,,,,,,963.8,,0.8,,63,644.2,19.3,0,0,0,0,,,,
KLO,2009,11,14,9,5.5,,,,,,,,963.7,,0.9,,154,329.6,87.1,0,0,0,0,,,,
KLO,2009,11,14,10,7,,,,,,,,963.6,,0.8,,209,205.7,145.2,0,0,0,0,,,,
KLO,2009,11,14,11,9.7,,,,,,,,963.4,,3.2,,344,596.6,116.9,0,0,0,0,,,,
KLO,2009,11,14,12,13.3,,,,,,,,963.1,,5,,307,313.9,178.3,0,0,0,0,,,,
KLO,2009,11,14,13,14.6,,,,,,,,963.1,,4.3,,122,6.2,119.5,0,0,0,0,,,,
KLO,2009,11,14,14,14.9,,,,,,,,963.1,,3.3,,65,2.4,64.2,0,0,0,0,,,,
KLO,2009,11,14,15,13.5,,,,,,,,963.5,,1.5,,20,0.4,19.9,0,0,0,0,,,,
KLO,2009,11,14,16,12.4,,,,,,,,964.1,,2.3,,0,0,0,0,0,0,0,,,,
KLO,2009,11,14,17,10.8,,,,,,,,966.2,,5.6,,0,0,0,0,0,0,0,,,,
KLO,2009,11,14,18,9.2,,,,,,,,967.7,,2.4,,0,0,0,0,0,0,0,,,,
KLO,2009,11,14,19,9.3,,,,,,,,967.7,,4,,0,0,0,0,0,0,0,,,,
KLO,2009,11,14,20,9.6,,,,,,,,967.7,,2.6,,0,0,0,0,0,0,0,,,,
KLO,2009,11,14,21,9.7,,,,,,,,968.3,,1.7,,0,0,0,0,0,0,0,,,,
KLO,2009,11,14,22,9.6,,,,,,,,968.5,,1.8,,0,0,0,0,0,0,0,,,,
KLO,2009,11,14,23,8.6,,,,,,,,968.5,,1.6,,0,0,0,0,0,0,0,,,,
KLO,2009,11,15,0,7.1,,,,,,,,968.6,,1.9,,0,0,0,0,0,0,0,,,,
KLO,2009,11,15,1,5.8,,,,,,,,968.6,,1.7,,0,0,0,0,0,0,0,,,,
KLO,2009,11,15,2,5,,,,,,,,968.4,,1.5,,0,0,0,0,0,0,0,,,,
KLO,2009,11,15,3,4.9,,,,,,,,967.9,,1.6,,0,0,0,0,0,0,0,,,,
KLO,2009,11,15,4,4.2,,,,,,,,967.4,,1.1,,0,0,0,0,0,0,0,,,,
KLO,2009,11,15,5,3.6,,,,,,,,967.4,,1.4,,0,0,0,0,0,0,0,,,,
KLO,2009,11,15,6,4,,,,,,,,967.6,,1.3,,0,0,0,0,0,0,0,,,,
KLO,2009,11,15,7,4.3,,,,,,,,967.7,,0.8,,33,0,0,0,0,0,0,,,,
KLO,2009,11,15,8,5.3,,,,,,,,968.1,,1.1,,46,254.6,29.7,0,0,0,0,,,,
KLO,2009,11,15,9,6.1,,,,,,,,967.9,,0.6,,74,12.1,71.6,0,0,0,0,,,,
KLO,2009,11,15,10,6.8,,,,,,,,967.9,,0.6,,76,4,74.8,0,0,0,0,,,,
KLO,2009,11,15,11,7.5,,,,,,,,967.3,,0.9,,95,4.1,93.5,0,0,0,0,,,,
KLO,2009,11,15,12,7.9,,,,,,,,967,,0.6,,57,1.3,56.5,0,0,0,0,,,,
KLO,2009,11,15,13,8.4,,,,,,,,966.8,,0.6,,40,0.7,39.7,0,0,0,0,,,,
KLO,2009,11,15,14,8.7,,,,,,,,966.6,,1.3,,39,0.9,38.7,0,0,0,0,,,,
KLO,2009,11,15,15,9,,,,,,,,965.9,,1.8,,25,0.7,24.8,0,0,0,0,,,,
KLO,2009,11,15,16,8.5,,,,,,,,965.4,,1.2,,0,0,0,0,0,0,0,,,,
KLO,2009,11,15,17,8.3,,,,,,,,965.1,,1.8,,0,0,0,0,0,0,0,,,,
KLO,2009,11,15,18,8,,,,,,,,964.5,,1.8,,0,0,0,0,0,0,0,,,,
KLO,2009,11,15,19,7.6,,,,,,,,964,,2.2,,0,0,0,0,0,0,0,,,,
KLO,2009,11,15,20,7.5,,,,,,,,963.7,,2.5,,0,0,0,0,0,0,0,,,,
KLO,2009,11,15,21,7.7,,,,,,,,964,,2.1,,0,0,0,0,0,0,0,,,,
KLO,2009,11,15,22,7.8,,,,,,,,964.3,,1.6,,0,0,0,0,0,0,0,,,,
KLO,2009,11,15,23,7.6,,,,,,,,964.1,,0.8,,0,0,0,0,0,0,0,,,,
KLO,2009,11,16,0,7.6,,,,,,,,964.1,,0.9,,0,0,0,0,0,0,0,,,,
KLO,2009,11,16,1,8,,,,,,,,963.5,,2.2,,0,0,0,0,0,0,0,,,,
KLO,2009,11,16,2,8.1,,,,,,,,963.4,,1.9,,0,0,0,0,0,0,0,,,,
KLO,2009,11,16,3,8.3,,,,,,,,963.1,,1.4,,0,0,0,0,0,0,0,,,,
KLO,2009,11,16,4,8.4,,,,,,,,963.4,,2.5,,0,0,0,0,0,0,0,,,,
KLO,2009,11,16,5,9.1,,,,,,,,963.5,,2.8,,0,0,0,0,0,0,0,,,,
KLO,2009,11,16,6,9.5,,,,,,,,963.9,,3.4,,0,0,0,0,0,0,0,,,,
KLO,2009,11,16,7,9.7,,,,,,,,964.4,,3,,5,0,0,0,0,0,0,,,,
KLO,2009,11,16,8,10.2,,,,,,,,964.4,,1.7,,41,166.7,30.9,0,0,0,0,,,,
KLO,2009,11,16,9,11.1,,,,,,,,964,,1.9,,147,321.8,84.3,0,0,0,0,,,,
KLO,2009,11,16,10,11.6,,,,,,,,963.9,,1.3,,164,78.1,140.4,0,0,0,0,,,,
KLO,2009,11,16,11,12.1,,,,,,,,963.6,,1.1,,162,25.9,152.4,0,0,0,0,,,,
KLO,2009,11,16,12,13.3,,,,,,,,963.2,,1.5,,217,76,186.5,0,0,0,0,,,,
KLO,2009,11,16,13,13.5,,,,,,,,963.2,,1.3,,141,11,136.7,0,0,0,0,,,,
KLO,2009,11,16,14,13.4,,,,,,,,963.2,,1.8,,64,2.4,63.2,0,0,0,0,,,,
KLO,2009,11,16,15,12.9,,,,,,,,963.2,,1,,17,0.3,16.9,0,0,0,0,,,,
KLO,2009,11,16,16,12.2,,,,,,,,963.6,,1.7,,0,0,0,0,0,0,0,,,,
KLO,2009,11,16,17,11.5,,,,,,,,964,,1.2,,0,0,0,0,0,0,0,,,,
KLO,2009,11,16,18,11.1,,,,,,,,964.2,,0.6,,0,0,0,0,0,0,0,,,,
KLO,2009,11,16,19,9.7,,,,,,,,964.4,,1.2,,0,0,0,0,0,0,0,,,,
KLO,2009,11,16,20,9.6,,,,,,,,964.4,,1.7,,0,0,0,0,0,0,0,,,,
KLO,2009,11,16,21,9.4,,,,,,,,964.7,,2.4,,0,0,0,0,0,0,0,,,,
KLO,2009,11,16,22,8.1,,,,,,,,964.9,,2.3,,0,0,0,0,0,0,0,,,,
KLO,2009,11,16,23,6.4,,,,,,,,965.2,,1.3,,0,0,0,0,0,0,0,,,,
KLO,2009,11,17,0,5.9,,,,,,,,965.1,,1,,0,0,0,0,0,0,0,,,,
KLO,2009,11,17,1,5.4,,,,,,,,965.1,,0.5,,0,0,0,0,0,0,0,,,,
KLO,2009,11,17,2,6.1,,,,,,,,964.9,,1,,0,0,0,0,0,0,0,,,,
KLO,2009,11,17,3,6.1,,,,,,,,964.7,,0.7,,0,0,0,0,0,0,0,,,,
KLO,2009,11,17,4,5.9,,,,,,,,964.9,,0.4,,0,0,0,0,0,0,0,,,,
KLO,2009,11,17,5,5.6,,,,,,,,964.6,,0.6,,0,0,0,0,0,0,0,,,,
KLO,2009,11,17,6,5.5,,,,,,,,964.6,,1,,1,0,0,0,0,0,0,,,,
KLO,2009,11,17,7,6.1,,,,,,,,964.8,,0.5,,42,0,0,0,0,0,0,,,,
KLO,2009,11,17,8,7.3,,,,,,,,964.7,,0.8,,51,427.3,26.8,0,0,0,0,,,,
KLO,2009,11,17,9,8.8,,,,,,,,964.9,,0.8,,223,975.7,36.8,0,0,0,0,,,,
KLO,2009,11,17,10,12.4,,,,,,,,964.8,,3.1,,329,922.9,54.2,0,0,0,0,,,,
KLO,2009,11,17,11,15.2,,,,,,,,964,,4.1,,308,464.5,136.9,0,0,0,0,,,,
KLO,2009,11,17,12,16.8,,,,,,,,963.4,,4.4,,324,424.8,155,0,0,0,0,,,,
KLO,2009,11,17,13,16.1,,,,,,,,963.3,,4.1,,150,15.2,144.2,0,0,0,0,,,,
KLO,2009,11,17,14,16.9,,,,,,,,963,,4.1,,162,49.6,145.8,0,0,0,0,,,,
KLO,2009,11,17,15,16,,,,,,,,963.3,,1.9,,20,0.5,19.9,0,0,0,0,,,,
KLO,2009,11,17,16,14.7,,,,,,,,964.1,,2.3,,0,0,0,0,0,0,0,,,,
KLO,2009,11,17,17,14,,,,,,,,965.3,,3,,0,0,0,0,0,0,0,,,,
KLO,2009,11,17,18,13.5,,,,,,,,966.3,,2,,0,0,0,0,0,0,0,,,,
KLO,2009,11,17,19,12.8,,,,,,,,967.3,,1.2,,0,0,0,0,0,0,0,,,,
KLO,2009,11,17,20,11.8,,,,,,,,968.3,,2.1,,0,0,0,0,0,0,0,,,,
KLO,2009,11,17,21,11.7,,,,,,,,969.3,,1.5,,0,0,0,0,0,0,0,,,,
KLO,2009,11,17,22,11.6,,,,,,,,970.3,,2.3,,0,0,0,0,0,0,0,,,,
KLO,2009,11,17,23,11.2,,,,,,,,971,,3.8,,0,0,0,0,0,0,0,,,,
KLO,2009,11,18,0,10.2,,,,,,,,971.6,,2,,0,0,0,0,0,0,0,,,,
KLO,2009,11,18,1,9.7,,,,,,,,972,,2.1,,0,0,0,0,0,0,0,,,,
KLO,2009,11,18,2,9.6,,,,,,,,972.3,,1.8,,0,0,0,0,0,0,0,,,,
KLO,2009,11,18,3,9.2,,,,,,,,972.6,,1.6,,0,0,0,0,0,0,0,,,,
KLO,2009,11,18,4,9,,,,,,,,972.9,,0.6,,0,0,0,0,0,0,0,,,,
KLO,2009,11,18,5,8.8,,,,,,,,973.4,,1.1,,0,0,0,0,0,0,0,,,,
KLO,2009,11,18,6,8.9,,,,,,,,973.8,,1.2,,0,0,0,0,0,0,0,,,,
KLO,2009,11,18,7,9,,,,,,,,974.1,,1.9,,2,0,0,0,0,0,0,,,,
KLO,2009,11,18,8,9.3,,,,,,,,974.3,,1.8,,47,334.6,29.3,0,0,0,0,,,,
KLO,2009,11,18,9,9.8,,,,,,,,974.4,,0.8,,121,172.6,88.7,0,0,0,0,,,,
KLO,2009,11,18,10,10.9,,,,,,,,974.3,,1.5,,357,1014.6,58.9,0,0,0,0,,,,
KLO,2009,11,18,11,11.7,,,,,,,,973.9,,1.6,,386,870.9,68.6,0,0,0,0,,,,
KLO,2009,11,18,12,12.5,,,,,,,,973.6,,1.2,,336,496.2,140.5,0,0,0,0,,,,
KLO,2009,11,18,13,13.2,,,,,,,,973.6,,2.3,,281,297,168.1,0,0,0,0,,,,
KLO,2009,11,18,14,12.8,,,,,,,,973.5,,2,,167,60.5,147.4,0,0,0,0,,,,
KLO,2009,11,18,15,11.7,,,,,,,,973.6,,1.4,,44,2.4,43.5,0,0,0,0,,,,
KLO,2009,11,18,16,9.7,,,,,,,,973.9,,1.4,,1,0,1,0,0,0,0,,,,
KLO,2009,11,18,17,8.6,,,,,,,,974.4,,1.5,,0,0,0,0,0,0,0,,,,
KLO,2009,11,18,18,7.2,,,,,,,,974.9,,0.7,,0,0,0,0,0,0,0,,,,
KLO,2009,11,18,19,7.3,,,,,,,,975.3,,0.7,,0,0,0,0,0,0,0,,,,
KLO,2009,11,18,20,7.8,,,,,,,,975.6,,1.3,,0,0,0,0,0,0,0,,,,
KLO,2009,11,18,21,8,,,,,,,,975.8,,2.3,,0,0,0,0,0,0,0,,,,
KLO,2009,11,18,22,7.7,,,,,,,,976,,1.7,,0,0,0,0,0,0,0,,,,
KLO,2009,11,18,23,7.1,,,,,,,,975.9,,1.2,,0,0,0,0,0,0,0,,,,
KLO,2009,11,19,0,5.3,,,,,,,,975.9,,2.4,,0,0,0,0,0,0,0,,,,
KLO,2009,11,19,1,5.1,,,,,,,,976,,0.6,,0,0,0,0,0,0,0,,,,
KLO,2009,11,19,2,5.6,,,,,,,,975.9,,0.7,,0,0,0,0,0,0,0,,,,
KLO,2009,11,19,3,5.8,,,,,,,,975.8,,1.4,,0,0,0,0,0,0,0,,,,
KLO,2009,11,19,4,5.7,,,,,,,,975.8,,0.6,,0,0,0,0,0,0,0,,,,
KLO,2009,11,19,5,5.8,,,,,,,,975.8,,0.9,,0,0,0,0,0,0,0,,,,
KLO,2009,11,19,6,5.7,,,,,,,,975.7,,0.4,,0,0,0,0,0,0,0,,,,
KLO,2009,11,19,7,5.5,,,,,,,,975.9,,0.7,,13,0,0,0,0,0,0,,,,
KLO,2009,11,19,8,5.4,,,,,,,,976.1,,1,,51,0,0,0,0,0,0,,,,
KLO,2009,11,19,9,5.5,,,,,,,,975.9,,0.6,,86,38.1,79,0,0,0,0,,,,
KLO,2009,11,19,10,5.9,,,,,,,,975.9,,1.5,,119,19.3,113.4,0,0,0,0,,,,
KLO,2009,11,19,11,6.7,,,,,,,,975.5,,1.4,,124,8.7,120.9,0,0,0,0,,,,
KLO,2009,11,19,12,7.4,,,,,,,,975,,0.5,,129,7.6,126.1,0,0,0,0,,,,
KLO,2009,11,19,13,7.7,,,,,,,,974.9,,0.9,,78,2.8,77,0,0,0,0,,,,
KLO,2009,11,19,14,7.9,,,,,,,,974.8,,0.6,,60,2.3,59.3,0,0,0,0,,,,
KLO,2009,11,19,15,7.5,,,,,,,,974.7,,0.4,,18,0.4,17.9,0,0,0,0,,,,
KLO,2009,11,19,16,7,,,,,,,,974.8,,1.1,,0,0,0,0,0,0,0,,,,
KLO,2009,11,19,17,6.9,,,,,,,,975.1,,1.2,,0,0,0,0,0,0,0,,,,
KLO,2009,11,19,18,6.6,,,,,,,,975.4,,1,,0,0,0,0,0,0,0,,,,
KLO,2009,11,19,19,6.3,,,,,,,,975.3,,1.3,,0,0,0,0,0,0,0,,,,
KLO,2009,11,19,20,5.9,,,,,,,,975.4,,1,,0,0,0,0,0,0,0,,,,
KLO,2009,11,19,21,5.6,,,,,,,,975.3,,1,,0,0,0,0,0,0,0,,,,
KLO,2009,11,19,22,5.3,,,,,,,,975,,1.7,,0,0,0,0,0,0,0,,,,
KLO,2009,11,19,23,4.9,,,,,,,,974.8,,1.1,,0,0,0,0,0,0,0,,,,
KLO,2009,11,20,0,4.5,,,,,,,,974.5,,1,,0,0,0,0,0,0,0,,,,
KLO,2009,11,20,1,4.4,,,,,,,,974.3,,1.1,,0,0,0,0,0,0,0,,,,
KLO,2009,11,20,2,4,,,,,,,,974.3,,1,,0,0,0,0,0,0,0,,,,
KLO,2009,11,20,3,3.7,,,,,,,,974.2,,0.7,,0,0,0,0,0,0,0,,,,
KLO,2009,11,20,4,3.5,,,,,,,,974.1,,1.3,,0,0,0,0,0,0,0,,,,
KLO,2009,11,20,5,3.6,,,,,,,,974.2,,1.4,,0,0,0,0,0,0,0,,,,
KLO,2009,11,20,6,3.6,,,,,,,,974.5,,0.9,,0,0,0,0,0,0,0,,,,
KLO,2009,11,20,7,4,,,,,,,,975.1,,1.4,,13,0,0,0,0,0,0,,,,
KLO,2009,11,20,8,4.4,,,,,,,,975.4,,2.4,,61,0,0,0,0,0,0,,,,
KLO,2009,11,20,9,5.2,,,,,,,,975.3,,1.3,,111,141.9,85.6,0,0,0,0,,,,
KLO,2009,11,20,10,6.1,,,,,,,,975.5,,0.7,,159,86.5,134.3,0,0,0,0,,,,
KLO,2009,11,20,11,7.2,,,,,,,,975.2,,0.7,,323,597,110,0,0,0,0,,,,
KLO,2009,11,20,12,7.9,,,,,,,,974.9,,1,,273,247.4,177.4,0,0,0,0,,,,
KLO,2009,11,20,13,8.4,,,,,,,,974.9,,1.5,,253,209.6,174.8,0,0,0,0,,,,
KLO,2009,11,20,14,8.2,,,,,,,,975,,1.7,,146,34.2,135.1,0,0,0,0,,,,
KLO,2009,11,20,15,7.1,,,,,,,,975.2,,1.1,,42,2.3,41.5,0,0,0,0,,,,
KLO,2009,11,20,16,5.4,,,,,,,,975.7,,1.7,,0,0,0,0,0,0,0,,,,
KLO,2009,11,20,17,5.2,,,,,,,,976.3,,2,,0,0,0,0,0,0,0,,,,
KLO,2009,11,20,18,4.8,,,,,,,,977,,1.3,,0,0,0,0,0,0,0,,,,
KLO,2009,11,20,19,4.3,,,,,,,,977.5,,0.6,,0,0,0,0,0,0,0,,,,
KLO,2009,11,20,20,3.6,,,,,,,,977.9,,0.6,,0,0,0,0,0,0,0,,,,
KLO,2009,11,20,21,3.6,,,,,,,,978,,0.8,,0,0,0,0,0,0,0,,,,
KLO,2009,11,20,22,3.4,,,,,,,,977.9,,1.1,,0,0,0,0,0,0,0,,,,
KLO,2009,11,20,23,3.6,,,,,,,,978,,1.3,,0,0,0,0,0,0,0,,,,
KLO,2009,11,21,0,3.5,,,,,,,,978.2,,1.1,,0,0,0,0,0,0,0,,,,
KLO,2009,11,21,1,3.3,,,,,,,,978.1,,0.7,,0,0,0,0,0,0,0,,,,
KLO,2009,11,21,2,3.4,,,,,,,,978.2,,1,,0,0,0,0,0,0,0,,,,
KLO,2009,11,21,3,3.1,,,,,,,,978,,0.5,,0,0,0,0,0,0,0,,,,
KLO,2009,11,21,4,3.2,,,,,,,,978.1,,1.1,,0,0,0,0,0,0,0,,,,
KLO,2009,11,21,5,3.2,,,,,,,,978.1,,0.5,,0,0,0,0,0,0,0,,,,
KLO,2009,11,21,6,3.3,,,,,,,,978.2,,0.7,,0,0,0,0,0,0,0,,,,
KLO,2009,11,21,7,3.3,,,,,,,,978.4,,0.6,,23,0,0,0,0,0,0,,,,
KLO,2009,11,21,8,3.7,,,,,,,,978.4,,1.1,,71,0,0,0,0,0,0,,,,
KLO,2009,11,21,9,4.4,,,,,,,,978.2,,1.4,,136,354.1,73.9,0,0,0,0,,,,
KLO,2009,11,21,10,5.6,,,,,,,,977.8,,1.5,,152,74.3,131,0,0,0,0,,,,
KLO,2009,11,21,11,6.6,,,,,,,,977,,1.2,,196,85.8,165.7,0,0,0,0,,,,
KLO,2009,11,21,12,7.6,,,,,,,,976.1,,1.5,,185,43.6,168.3,0,0,0,0,,,,
KLO,2009,11,21,13,8.8,,,,,,,,975.2,,0.9,,183,49.3,164.8,0,0,0,0,,,,
KLO,2009,11,21,14,9,,,,,,,,974.6,,1,,91,5.4,89.3,0,0,0,0,,,,
KLO,2009,11,21,15,8.2,,,,,,,,974.2,,1,,33,1.4,32.7,0,0,0,0,,,,
KLO,2009,11,21,16,7.1,,,,,,,,973.9,,0.3,,0,0,0,0,0,0,0,,,,
KLO,2009,11,21,17,4.8,,,,,,,,973.9,,0.9,,0,0,0,0,0,0,0,,,,
KLO,2009,11,21,18,3.8,,,,,,,,973.6,,0.9,,0,0,0,0,0,0,0,,,,
KLO,2009,11,21,19,2.2,,,,,,,,973.1,,1.6,,0,0,0,0,0,0,0,,,,
KLO,2009,11,21,20,2.4,,,,,,,,972.7,,1.8,,0,0,0,0,0,0,0,,,,
KLO,2009,11,21,21,2.7,,,,,,,,972,,1.1,,0,0,0,0,0,0,0,,,,
KLO,2009,11,21,22,2.5,,,,,,,,971.5,,1.4,,0,0,0,0,0,0,0,,,,
KLO,2009,11,21,23,2.3,,,,,,,,971,,0.7,,0,0,0,0,0,0,0,,,,
KLO,2009,11,22,0,2.2,,,,,,,,970.3,,0.9,,0,0,0,0,0,0,0,,,,
KLO,2009,11,22,1,1.9,,,,,,,,969.8,,0.9,,0,0,0,0,0,0,0,,,,
KLO,2009,11,22,2,2.1,,,,,,,,969.6,,0.6,,0,0,0,0,0,0,0,,,,
KLO,2009,11,22,3,2.6,,,,,,,,969.6,,2.1,,0,0,0,0,0,0,0,,,,
KLO,2009,11,22,4,2.3,,,,,,,,969.7,,3.9,,0,0,0,0,0,0,0,,,,
KLO,2009,11,22,5,2.3,,,,,,,,970.1,,3.9,,0,0,0,0,0,0,0,,,,
KLO,2009,11,22,6,6.6,,,,,,,,970.8,,2.8,,1,0,0,0,0,0,0,,,,
KLO,2009,11,22,7,6.6,,,,,,,,971.2,,2,,29,0,0,0,0,0,0,,,,
KLO,2009,11,22,8,6.6,,,,,,,,971.1,,1.4,,30,0,0,0,0,0,0,,,,
KLO,2009,11,22,9,7.2,,,,,,,,970.8,,1.1,,53,6.2,51.9,0,0,0,0,,,,
KLO,2009,11,22,10,8.2,,,,,,,,970.3,,1.4,,66,3.6,65,0,0,0,0,,,,
KLO,2009,11,22,11,10,,,,,,,,969.4,,1.8,,89,4.2,87.5,0,0,0,0,,,,
KLO,2009,11,22,12,11.3,,,,,,,,969.2,,3.8,,111,5.5,108.9,0,0,0,0,,,,
KLO,2009,11,22,13,10.7,,,,,,,,969.1,,1.9,,52,1.3,51.5,0,0,0,0,,,,
KLO,2009,11,22,14,10.5,,,,,,,,968.9,,1.7,,25,0.4,24.9,0,0,0,0,,,,
KLO,2009,11,22,15,10,,,,,,,,968.8,,2,,6,0,6,0,0,0,0,,,,
KLO,2009,11,22,16,10,,,,,,,,968.8,,3.3,,0,0,0,0,0,0,0,,,,
KLO,2009,11,22,17,10.2,,,,,,,,969,,4.1,,0,0,0,0,0,0,0,,,,
KLO,2009,11,22,18,9.9,,,,,,,,969.2,,3.3,,0,0,0,0,0,0,0,,,,
KLO,2009,11,22,19,9.1,,,,,,,,968.8,,5,,0,0,0,0,0,0,0,,,,
KLO,2009,11,22,20,8.3,,,,,,,,968.3,,3.1,,0,0,0,0,0,0,0,,,,
KLO,2009,11,22,21,8.1,,,,,,,,968,,3.1,,0,0,0,0,0,0,0,,,,
KLO,2009,11,22,22,9.1,,,,,,,,967.8,,2.7,,0,0,0,0,0,0,0,,,,
KLO,2009,11,22,23,9.6,,,,,,,,967.3,,3.2,,0,0,0,0,0,0,0,,,,
KLO,2009,11,23,0,10.1,,,,,,,,967.2,,6.5,,0,0,0,0,0,0,0,,,,
KLO,2009,11,23,1,9.5,,,,,,,,967.8,,5.7,,0,0,0,0,0,0,0,,,,
KLO,2009,11,23,2,9.5,,,,,,,,967.9,,7.4,,0,0,0,0,0,0,0,,,,
KLO,2009,11,23,3,9.5,,,,,,,,967.9,,8.1,,0,0,0,0,0,0,0,,,,
KLO,2009,11,23,4,9.2,,,,,,,,968.4,,8.5,,0,0,0,0,0,0,0,,,,
KLO,2009,11,23,5,9.3,,,,,,,,968.6,,8.4,,0,0,0,0,0,0,0,,,,
KLO,2009,11,23,6,9.1,,,,,,,,968.4,,7.6,,0,0,0,0,0,0,0,,,,
KLO,2009,11,23,7,9.8,,,,,,,,968.6,,5.7,,23,0,0,0,0,0,0,,,,
KLO,2009,11,23,8,10.5,,,,,,,,968.9,,5.4,,147,0,0,0,0,0,0,,,,
KLO,2009,11,23,9,10.6,,,,,,,,969.1,,7.6,,157,651.8,47.4,0,0,0,0,,,,
KLO,2009,11,23,10,11.6,,,,,,,,969.1,,9.2,,347,1054.2,57.3,0,0,0,0,,,,
KLO,2009,11,23,11,11.9,,,,,,,,968.6,,8.2,,290,466.5,128.6,0,0,0,0,,,,
KLO,2009,11,23,12,12.7,,,,,,,,967.7,,7.5,,348,635.4,109.1,0,0,0,0,,,,
KLO,2009,11,23,13,11.9,,,,,,,,967.3,,7.7,,116,6.8,113.5,0,0,0,0,,,,
KLO,2009,11,23,14,11,,,,,,,,967.3,,8.2,,29,0.6,28.8,0,0,0,0,,,,
KLO,2009,11,23,15,11,,,,,,,,967,,6.8,,14,0.3,13.9,0,0,0,0,,,,
KLO,2009,11,23,16,10.8,,,,,,,,966.6,,7.6,,0,0,0,0,0,0,0,,,,
KLO,2009,11,23,17,10.8,,,,,,,,966.2,,8.4,,0,0,0,0,0,0,0,,,,
KLO,2009,11,23,18,10.7,,,,,,,,966.1,,8.7,,0,0,0,0,0,0,0,,,,
KLO,2009,11,23,19,10.4,,,,,,,,966,,8.6,,0,0,0,0,0,0,0,,,,
KLO,2009,11,23,20,10.4,,,,,,,,966,,8,,0,0,0,0,0,0,0,,,,
KLO,2009,11,23,21,9.9,,,,,,,,966.1,,8.7,,0,0,0,0,0,0,0,,,,
KLO,2009,11,23,22,9.6,,,,,,,,966.5,,9,,0,0,0,0,0,0,0,,,,
KLO,2009,11,23,23,9.5,,,,,,,,966.4,,9.3,,0,0,0,0,0,0,0,,,,
KLO,2009,11,24,0,9.5,,,,,,,,966,,9.4,,0,0,0,0,0,0,0,,,,
KLO,2009,11,24,1,9.4,,,,,,,,966.3,,9.3,,0,0,0,0,0,0,0,,,,
KLO,2009,11,24,2,9.1,,,,,,,,966.5,,9.6,,0,0,0,0,0,0,0,,,,
KLO,2009,11,24,3,9.6,,,,,,,,967.1,,7.3,,0,0,0,0,0,0,0,,,,
KLO,2009,11,24,4,9.4,,,,,,,,967.3,,7,,0,0,0,0,0,0,0,,,,
KLO,2009,11,24,5,9.3,,,,,,,,967.5,,7.1,,0,0,0,0,0,0,0,,,,
KLO,2009,11,24,6,9.7,,,,,,,,967.9,,7,,0,0,0,0,0,0,0,,,,
KLO,2009,11,24,7,9.8,,,,,,,,968.6,,6.2,,4,0,0,0,0,0,0,,,,
KLO,2009,11,24,8,10,,,,,,,,969.4,,7.6,,22,0,0,0,0,0,0,,,,
KLO,2009,11,24,9,10.3,,,,,,,,970.1,,6.5,,34,2.7,33.5,0,0,0,0,,,,
KLO,2009,11,24,10,10.4,,,,,,,,970.6,,7.1,,50,2.2,49.4,0,0,0,0,,,,
KLO,2009,11,24,11,10.4,,,,,,,,970.8,,7.7,,86,4,84.6,0,0,0,0,,,,
KLO,2009,11,24,12,10.8,,,,,,,,970.7,,7.3,,117,6.5,114.6,0,0,0,0,,,,
KLO,2009,11,24,13,11.1,,,,,,,,970.9,,5.9,,77,2.9,75.9,0,0,0,0,,,,
KLO,2009,11,24,14,11.2,,,,,,,,971.2,,4.9,,46,1.5,45.6,0,0,0,0,,,,
KLO,2009,11,24,15,11.6,,,,,,,,970.9,,5.1,,32,1.5,31.7,0,0,0,0,,,,
KLO,2009,11,24,16,11.3,,,,,,,,971.1,,4.2,,0,0,0,0,0,0,0,,,,
KLO,2009,11,24,17,11.5,,,,,,,,971.3,,3.7,,0,0,0,0,0,0,0,,,,
KLO,2009,11,24,18,11.1,,,,,,,,971.4,,4.6,,0,0,0,0,0,0,0,,,,
KLO,2009,11,24,19,10.1,,,,,,,,971.3,,3.6,,0,0,0,0,0,0,0,,,,
KLO,2009,11,24,20,10,,,,,,,,971.1,,3,,0,0,0,0,0,0,0,,,,
KLO,2009,11,24,21,9.2,,,,,,,,971,,3,,0,0,0,0,0,0,0,,,,
KLO,2009,11,24,22,8.9,,,,,,,,970.7,,2.8,,0,0,0,0,0,0,0,,,,
KLO,2009,11,24,23,8.1,,,,,,,,970.3,,1.6,,0,0,0,0,0,0,0,,,,
KLO,2009,11,25,0,7.8,,,,,,,,970,,1,,0,0,0,0,0,0,0,,,,
KLO,2009,11,25,1,5.9,,,,,,,,969.4,,1.8,,0,0,0,0,0,0,0,,,,
KLO,2009,11,25,2,5.6,,,,,,,,968.8,,2,,0,0,0,0,0,0,0,,,,
KLO,2009,11,25,3,6,,,,,,,,968,,1.9,,0,0,0,0,0,0,0,,,,
KLO,2009,11,25,4,5.2,,,,,,,,967.5,,1.8,,0,0,0,0,0,0,0,,,,
KLO,2009,11,25,5,3.8,,,,,,,,967,,2.5,,0,0,0,0,0,0,0,,,,
KLO,2009,11,25,6,4,,,,,,,,966.7,,2,,0,0,0,0,0,0,0,,,,
KLO,2009,11,25,7,4,,,,,,,,967,,0.7,,34,0,0,0,0,0,0,,,,
KLO,2009,11,25,8,5.2,,,,,,,,967.1,,2.1,,154,0,0,0,0,0,0,,,,
KLO,2009,11,25,9,9,,,,,,,,966.8,,2.8,,270,1400.1,44.6,0,0,0,0,,,,
KLO,2009,11,25,10,10.8,,,,,,,,966.3,,2.4,,348,1085.1,57.4,0,0,0,0,,,,
KLO,2009,11,25,11,12.1,,,,,,,,965.2,,2.7,,380,935.9,62.7,0,0,0,0,,,,
KLO,2009,11,25,12,12.8,,,,,,,,964,,1.6,,362,738.4,89.2,0,0,0,0,,,,
KLO,2009,11,25,13,13.2,,,,,,,,962.9,,1.1,,260,277.6,160.9,0,0,0,0,,,,
KLO,2009,11,25,14,12.9,,,,,,,,962.1,,0.8,,126,20.5,119.8,0,0,0,0,,,,
KLO,2009,11,25,15,9.5,,,,,,,,961.9,,1.7,,40,2.3,39.5,0,0,0,0,,,,
KLO,2009,11,25,16,8.7,,,,,,,,962.5,,1.7,,0,0,0,0,0,0,0,,,,
KLO,2009,11,25,17,7.3,,,,,,,,962.8,,1.3,,0,0,0,0,0,0,0,,,,
KLO,2009,11,25,18,5.9,,,,,,,,963,,2.9,,0,0,0,0,0,0,0,,,,
KLO,2009,11,25,19,6.6,,,,,,,,963.5,,2.3,,0,0,0,0,0,0,0,,,,
KLO,2009,11,25,20,7.2,,,,,,,,963.9,,1.5,,0,0,0,0,0,0,0,,,,
KLO,2009,11,25,21,7.2,,,,,,,,964,,2.8,,0,0,0,0,0,0,0,,,,
KLO,2009,11,25,22,8.9,,,,,,,,964.3,,3.4,,0,0,0,0,0,0,0,,,,
KLO,2009,11,25,23,9.2,,,,,,,,964.6,,5,,0,0,0,0,0,0,0,,,,
KLO,2009,11,26,0,9.9,,,,,,,,964.8,,4.7,,0,0,0,0,0,0,0,,,,
KLO,2009,11,26,1,10.4,,,,,,,,965.3,,3.9,,0,0,0,0,0,0,0,,,,
KLO,2009,11,26,2,8.7,,,,,,,,966.1,,2.5,,0,0,0,0,0,0,0,,,,
KLO,2009,11,26,3,8.1,,,,,,,,966.2,,1.3,,0,0,0,0,0,0,0,,,,
KLO,2009,11,26,4,7.5,,,,,,,,966.1,,1.5,,0,0,0,0,0,0,0,,,,
KLO,2009,11,26,5,7.6,,,,,,,,966,,1.3,,0,0,0,0,0,0,0,,,,
KLO,2009,11,26,6,7.7,,,,,,,,966.1,,1.1,,0,0,0,0,0,0,0,,,,
KLO,2009,11,26,7,7.9,,,,,,,,966.4,,1.7,,5,0,0,0,0,0,0,,,,
KLO,2009,11,26,8,7.8,,,,,,,,966.8,,1.7,,15,0,0,0,0,0,0,,,,
KLO,2009,11,26,9,8,,,,,,,,967.2,,0.4,,22,1.2,21.8,0,0,0,0,,,,
KLO,2009,11,26,10,7.9,,,,,,,,967.4,,1.1,,31,0.9,30.8,0,0,0,0,,,,
KLO,2009,11,26,11,8.3,,,,,,,,967,,1.3,,70,2.8,69.1,0,0,0,0,,,,
KLO,2009,11,26,12,8.9,,,,,,,,966.5,,1.9,,173,38.6,158.9,0,0,0,0,,,,
KLO,2009,11,26,13,9.1,,,,,,,,966,,1.7,,107,5.9,104.9,0,0,0,0,,,,
KLO,2009,11,26,14,8.8,,,,,,,,965.7,,0.9,,74,3.9,72.8,0,0,0,0,,,,
KLO,2009,11,26,15,7.7,,,,,,,,965.7,,1.5,,16,0.4,15.9,0,0,0,0,,,,
KLO,2009,11,26,16,7.5,,,,,,,,965.7,,1.2,,0,0,0,0,0,0,0,,,,
KLO,2009,11,26,17,6.8,,,,,,,,965.8,,1.1,,0,0,0,0,0,0,0,,,,
KLO,2009,11,26,18,5.3,,,,,,,,965.6,,1.2,,0,0,0,0,0,0,0,,,,
KLO,2009,11,26,19,5.4,,,,,,,,965.5,,0.6,,0,0,0,0,0,0,0,,,,
KLO,2009,11,26,20,3.6,,,,,,,,965.4,,1.5,,0,0,0,0,0,0,0,,,,
KLO,2009,11,26,21,3,,,,,,,,965,,1.3,,0,0,0,0,0,0,0,,,,
KLO,2009,11,26,22,3.9,,,,,,,,964.6,,0.9,,0,0,0,0,0,0,0,,,,
KLO,2009,11,26,23,1.9,,,,,,,,964.2,,1.6,,0,0,0,0,0,0,0,,,,
KLO,2009,11,27,0,1.9,,,,,,,,963.5,,2.5,,0,0,0,0,0,0,0,,,,
KLO,2009,11,27,1,2.9,,,,,,,,963,,1.7,,0,0,0,0,0,0,0,,,,
KLO,2009,11,27,2,1.5,,,,,,,,962.5,,1.7,,0,0,0,0,0,0,0,,,,
KLO,2009,11,27,3,1.8,,,,,,,,962.2,,2.8,,0,0,0,0,0,0,0,,,,
KLO,2009,11,27,4,2.7,,,,,,,,961.9,,2.7,,0,0,0,0,0,0,0,,,,
KLO,2009,11,27,5,3.4,,,,,,,,961.6,,2.1,,0,0,0,0,0,0,0,,,,
KLO,2009,11,27,6,5.9,,,,,,,,961.8,,4.3,,0,0,0,0,0,0,0,,,,
KLO,2009,11,27,7,6.4,,,,,,,,962,,2.4,,22,0,0,0,0,0,0,,,,
KLO,2009,11,27,8,7.8,,,,,,,,962.2,,4,,89,0,0,0,0,0,0,,,,
KLO,2009,11,27,9,8.7,,,,,,,,962.4,,4.9,,94,130.8,73.8,0,0,0,0,,,,
KLO,2009,11,27,10,9.1,,,,,,,,962.4,,6.2,,84,6.9,82.2,0,0,0,0,,,,
KLO,2009,11,27,11,9.5,,,,,,,,962,,6.3,,123,11.6,119.1,0,0,0,0,,,,
KLO,2009,11,27,12,9.5,,,,,,,,961.7,,7.1,,80,3.1,78.9,0,0,0,0,,,,
KLO,2009,11,27,13,8.6,,,,,,,,962,,7.6,,37,0.7,36.8,0,0,0,0,,,,
KLO,2009,11,27,14,7.6,,,,,,,,962.4,,5.8,,23,0.4,22.9,0,0,0,0,,,,
KLO,2009,11,27,15,6.9,,,,,,,,962.6,,4.4,,5,0,5,0,0,0,0,,,,
KLO,2009,11,27,16,6.2,,,,,,,,962.9,,1.6,,0,0,0,0,0,0,0,,,,
KLO,2009,11,27,17,6,,,,,,,,962.9,,1.4,,0,0,0,0,0,0,0,,,,
KLO,2009,11,27,18,5.4,,,,,,,,962.9,,1.9,,0,0,0,0,0,0,0,,,,
KLO,2009,11,27,19,5.6,,,,,,,,962.8,,2.9,,0,0,0,0,0,0,0,,,,
KLO,2009,11,27,20,5.4,,,,,,,,963,,1.9,,0,0,0,0,0,0,0,,,,
KLO,2009,11,27,21,4.3,,,,,,,,962.9,,0.7,,0,0,0,0,0,0,0,,,,
KLO,2009,11,27,22,3.1,,,,,,,,963.1,,0.8,,0,0,0,0,0,0,0,,,,
KLO,2009,11,27,23,2.3,,,,,,,,963.2,,0.6,,0,0,0,0,0,0,0,,,,
KLO,2009,11,28,0,2.3,,,,,,,,963.3,,1.1,,0,0,0,0,0,0,0,,,,
KLO,2009,11,28,1,1.9,,,,,,,,963.3,,0.6,,0,0,0,0,0,0,0,,,,
KLO,2009,11,28,2,1.4,,,,,,,,963.1,,2.3,,0,0,0,0,0,0,0,,,,
KLO,2009,11,28,3,5.4,,,,,,,,962.9,,3.6,,0,0,0,0,0,0,0,,,,
KLO,2009,11,28,4,6.2,,,,,,,,963.1,,3.5,,0,0,0,0,0,0,0,,,,
KLO,2009,11,28,5,5.8,,,,,,,,963,,4.1,,0,0,0,0,0,0,0,,,,
KLO,2009,11,28,6,5.4,,,,,,,,963.3,,4.4,,0,0,0,0,0,0,0,,,,
KLO,2009,11,28,7,5.2,,,,,,,,963.4,,2.4,,21,0,0,0,0,0,0,,,,
KLO,2009,11,28,8,6.9,,,,,,,,963.5,,2.1,,154,0,0,0,0,0,0,,,,
KLO,2009,11,28,9,8.4,,,,,,,,963.5,,5,,252,1394,41.6,0,0,0,0,,,,
KLO,2009,11,28,10,9,,,,,,,,963.1,,4.6,,269,845.9,50.9,0,0,0,0,,,,
KLO,2009,11,28,11,10,,,,,,,,962.2,,4.4,,357,900.7,60.4,0,0,0,0,,,,
KLO,2009,11,28,12,10.8,,,,,,,,961.6,,4.5,,347,705.3,92.8,0,0,0,0,,,,
KLO,2009,11,28,13,11,,,,,,,,961.2,,4.8,,243,231.9,162.1,0,0,0,0,,,,
KLO,2009,11,28,14,10.8,,,,,,,,960.9,,4.5,,136,34,126,0,0,0,0,,,,
KLO,2009,11,28,15,9.6,,,,,,,,960.4,,3.5,,41,2.6,40.5,0,0,0,0,,,,
KLO,2009,11,28,16,8.7,,,,,,,,960.3,,3.4,,0,0,0,0,0,0,0,,,,
KLO,2009,11,28,17,7.5,,,,,,,,960.1,,2.5,,0,0,0,0,0,0,0,,,,
KLO,2009,11,28,18,7.2,,,,,,,,959.9,,2.7,,0,0,0,0,0,0,0,,,,
KLO,2009,11,28,19,5.8,,,,,,,,959.7,,2.2,,0,0,0,0,0,0,0,,,,
KLO,2009,11,28,20,3.6,,,,,,,,959.6,,2.6,,0,0,0,0,0,0,0,,,,
KLO,2009,11,28,21,3.8,,,,,,,,959.1,,3.9,,0,0,0,0,0,0,0,,,,
KLO,2009,11,28,22,4,,,,,,,,958.6,,1.9,,0,0,0,0,0,0,0,,,,
KLO,2009,11,28,23,1.8,,,,,,,,958.2,,2.7,,0,0,0,0,0,0,0,,,,
KLO,2009,11,29,0,1.7,,,,,,,,957.3,,1.8,,0,0,0,0,0,0,0,,,,
KLO,2009,11,29,1,0.6,,,,,,,,956.6,,1.9,,0,0,0,0,0,0,0,,,,
KLO,2009,11,29,2,0.2,,,,,,,,956.2,,2,,0,0,0,0,0,0,0,,,,
KLO,2009,11,29,3,-0.4,,,,,,,,956,,1,,0,0,0,0,0,0,0,,,,
KLO,2009,11,29,4,-1.1,,,,,,,,955.7,,0.7,,0,0,0,0,0,0,0,,,,
KLO,2009,11,29,5,-1.1,,,,,,,,955.3,,1.3,,0,0,0,0,0,0,0,,,,
KLO,2009,11,29,6,-1.3,,,,,,,,955.3,,0.8,,0,0,0,0,0,0,0,,,,
KLO,2009,11,29,7,-1.4,,,,,,,,955.3,,0.9,,21,0,0,0,0,0,0,,,,
KLO,2009,11,29,8,-0.7,,,,,,,,954.6,,1.2,,67,0,0,0,0,0,0,,,,
KLO,2009,11,29,9,0.7,,,,,,,,954.2,,2.2,,108,280.6,66.5,0,0,0,0,,,,
KLO,2009,11,29,10,2.5,,,,,,,,953.9,,2.3,,167,179.9,121.2,0,0,0,0,,,,
KLO,2009,11,29,11,3.9,,,,,,,,953.2,,2,,130,16.4,124.7,0,0,0,0,,,,
KLO,2009,11,29,12,4.6,,,,,,,,952,,1,,134,12.3,129.6,0,0,0,0,,,,
KLO,2009,11,29,13,5.1,,,,,,,,951.1,,0.8,,130,12.4,125.7,0,0,0,0,,,,
KLO,2009,11,29,14,5.1,,,,,,,,950.5,,1.2,,57,2.4,56.3,0,0,0,0,,,,
KLO,2009,11,29,15,4.6,,,,,,,,949.7,,1.4,,6,0.1,6,0,0,0,0,,,,
KLO,2009,11,29,16,3.8,,,,,,,,948.8,,1,,0,0,0,0,0,0,0,,,,
KLO,2009,11,29,17,3.4,,,,,,,,947.9,,1.1,,0,0,0,0,0,0,0,,,,
KLO,2009,11,29,18,2.9,,,,,,,,947.8,,1.5,,0,0,0,0,0,0,0,,,,
KLO,2009,11,29,19,1.7,,,,,,,,947.8,,1.5,,0,0,0,0,0,0,0,,,,
KLO,2009,11,29,20,0.2,,,,,,,,947.3,,1.2,,0,0,0,0,0,0,0,,,,
KLO,2009,11,29,21,0.4,,,,,,,,947.1,,1.1,,0,0,0,0,0,0,0,,,,
KLO,2009,11,29,22,0.5,,,,,,,,947.1,,0.9,,0,0,0,0,0,0,0,,,,
KLO,2009,11,29,23,1.3,,,,,,,,947.6,,1.2,,0,0,0,0,0,0,0,,,,
KLO,2009,11,30,0,1.4,,,,,,,,947.5,,1.1,,0,0,0,0,0,0,0,,,,
KLO,2009,11,30,1,2.3,,,,,,,,947.3,,1.1,,0,0,0,0,0,0,0,,,,
KLO,2009,11,30,2,1.8,,,,,,,,947,,1.6,,0,0,0,0,0,0,0,,,,
KLO,2009,11,30,3,2.4,,,,,,,,946.8,,0.6,,0,0,0,0,0,0,0,,,,
KLO,2009,11,30,4,3.4,,,,,,,,947.2,,1.4,,0,0,0,0,0,0,0,,,,
KLO,2009,11,30,5,3.9,,,,,,,,947.5,,1.7,,0,0,0,0,0,0,0,,,,
KLO,2009,11,30,6,3.4,,,,,,,,947.9,,2,,0,0,0,0,0,0,0,,,,
KLO,2009,11,30,7,3.1,,,,,,,,948.1,,1.3,,1,0,0,0,0,0,0,,,,
KLO,2009,11,30,8,2.9,,,,,,,,948.3,,1.7,,9,0,0,0,0,0,0,,,,
KLO,2009,11,30,9,2.5,,,,,,,,948.8,,1.8,,15,0.7,14.9,0,0,0,0,,,,
KLO,2009,11,30,10,1.8,,,,,,,,949.1,,2.2,,25,0.6,24.8,0,0,0,0,,,,
KLO,2009,11,30,11,1.6,,,,,,,,948.9,,1.8,,34,0.7,33.8,0,0,0,0,,,,
KLO,2009,11,30,12,1.4,,,,,,,,948.9,,1.5,,27,0.4,26.9,0,0,0,0,,,,
KLO,2009,11,30,13,0.4,,,,,,,,949.1,,1.3,,14,0.1,14,0,0,0,0,,,,
KLO,2009,11,30,14,0.2,,,,,,,,949.1,,1,,7,0,7,0,0,0,0,,,,
KLO,2009,11,30,15,0.2,,,,,,,,949.5,,0.7,,1,0,1,0,0,0,0,,,,
KLO,2009,11,30,16,0.1,,,,,,,,949.6,,0.3,,0,0,0,0,0,0,0,,,,
KLO,2009,11,30,17,0,,,,,,,,950,,0.3,,0,0,0,0,0,0,0,,,,
KLO,2009,11,30,18,0,,,,,,,,950.7,,0.3,,0,0,0,0,0,0,0,,,,
KLO,2009,11,30,19,0.1,,,,,,,,951.2,,0.5,,0,0,0,0,0,0,0,,,,
KLO,2009,11,30,20,0.2,,,,,,,,951.3,,0.8,,0,0,0,0,0,0,0,,,,
KLO,2009,11,30,21,0.1,,,,,,,,952,,0.7,,0,0,0,0,0,0,0,,,,
KLO,2009,11,30,22,0.4,,,,,,,,952.6,,0.9,,0,0,0,0,0,0,0,,,,
KLO,2009,11,30,23,0.4,,,,,,,,952.8,,0.7,,0,0,0,0,0,0,0,,,,
KLO,2009,12,1,0,0.5,,,,,,,,953.1,,2.2,,0,0,0,0,0,0,0,,,,
KLO,2009,12,1,1,0.4,,,,,,,,953.6,,1.8,,0,0,0,0,0,0,0,,,,
KLO,2009,12,1,2,0.3,,,,,,,,954.1,,1.4,,0,0,0,0,0,0,0,,,,
KLO,2009,12,1,3,0.3,,,,,,,,954.4,,1.5,,0,0,0,0,0,0,0,,,,
KLO,2009,12,1,4,0.3,,,,,,,,955,,1.6,,0,0,0,0,0,0,0,,,,
KLO,2009,12,1,5,0.3,,,,,,,,955.7,,1.1,,0,0,0,0,0,0,0,,,,
KLO,2009,12,1,6,0.3,,,,,,,,956.3,,1.3,,0,0,0,0,0,0,0,,,,
KLO,2009,12,1,7,0.5,,,,,,,,957,,1.6,,6,0,0,0,0,0,0,,,,
KLO,2009,12,1,8,0.8,,,,,,,,957.9,,1.6,,23,0,0,0,0,0,0,,,,
KLO,2009,12,1,9,0.9,,,,,,,,958.8,,1.7,,61,24.1,57.6,0,0,0,0,,,,
KLO,2009,12,1,10,1.2,,,,,,,,959.5,,1.8,,108,25.2,101.7,0,0,0,0,,,,
KLO,2009,12,1,11,1.7,,,,,,,,959.8,,1.5,,137,23.2,129.6,0,0,0,0,,,,
KLO,2009,12,1,12,2,,,,,,,,960.1,,1.2,,90,4.2,88.5,0,0,0,0,,,,
KLO,2009,12,1,13,2.1,,,,,,,,960.3,,1.4,,62,2.1,61.3,0,0,0,0,,,,
KLO,2009,12,1,14,1.9,,,,,,,,960.8,,1.6,,37,1.1,36.7,0,0,0,0,,,,
KLO,2009,12,1,15,2,,,,,,,,961.3,,1.2,,12,0.2,12,0,0,0,0,,,,
KLO,2009,12,1,16,1.8,,,,,,,,962.1,,1.9,,0,0,0,0,0,0,0,,,,
KLO,2009,12,1,17,1.8,,,,,,,,962.8,,2.1,,0,0,0,0,0,0,0,,,,
KLO,2009,12,1,18,1.7,,,,,,,,963.3,,2.3,,0,0,0,0,0,0,0,,,,
KLO,2009,12,1,19,1.7,,,,,,,,963.6,,2.2,,0,0,0,0,0,0,0,,,,
KLO,2009,12,1,20,1.4,,,,,,,,963.8,,2.2,,0,0,0,0,0,0,0,,,,
KLO,2009,12,1,21,1.2,,,,,,,,964.1,,1.9,,0,0,0,0,0,0,0,,,,
KLO,2009,12,1,22,1.4,,,,,,,,964.3,,1.3,,0,0,0,0,0,0,0,,,,
KLO,2009,12,1,23,1,,,,,,,,964.3,,1.9,,0,0,0,0,0,0,0,,,,
KLO,2009,12,2,0,0.5,,,,,,,,964.3,,1.5,,0,0,0,0,0,0,0,,,,
KLO,2009,12,2,1,0.1,,,,,,,,964.4,,0.6,,0,0,0,0,0,0,0,,,,
KLO,2009,12,2,2,0.3,,,,,,,,964.4,,1,,0,0,0,0,0,0,0,,,,
KLO,2009,12,2,3,0.6,,,,,,,,964.4,,0.9,,0,0,0,0,0,0,0,,,,
KLO,2009,12,2,4,0.4,,,,,,,,964.4,,0.5,,0,0,0,0,0,0,0,,,,
KLO,2009,12,2,5,0.4,,,,,,,,964.3,,1,,0,0,0,0,0,0,0,,,,
KLO,2009,12,2,6,0.1,,,,,,,,964.2,,2,,0,0,0,0,0,0,0,,,,
KLO,2009,12,2,7,-0.5,,,,,,,,964.5,,1.3,,14,0,0,0,0,0,0,,,,
KLO,2009,12,2,8,0,,,,,,,,964.6,,0.7,,27,0,0,0,0,0,0,,,,
KLO,2009,12,2,9,0.3,,,,,,,,964.8,,0.5,,42,5.9,41.2,0,0,0,0,,,,
KLO,2009,12,2,10,1.1,,,,,,,,964.6,,0.9,,88,10.1,85.5,0,0,0,0,,,,
KLO,2009,12,2,11,1.8,,,,,,,,963.9,,0.6,,163,57.7,144.6,0,0,0,0,,,,
KLO,2009,12,2,12,2.3,,,,,,,,963.4,,0.5,,153,26,143.9,0,0,0,0,,,,
KLO,2009,12,2,13,2.9,,,,,,,,963,,1.3,,162,40.5,148.3,0,0,0,0,,,,
KLO,2009,12,2,14,3,,,,,,,,962.6,,1.4,,117,18.3,111.7,0,0,0,0,,,,
KLO,2009,12,2,15,2.3,,,,,,,,962.3,,1.7,,37,2.3,36.6,0,0,0,0,,,,
KLO,2009,12,2,16,1.4,,,,,,,,962.3,,1.6,,0,0,0,0,0,0,0,,,,
KLO,2009,12,2,17,1.4,,,,,,,,962.3,,1.4,,0,0,0,0,0,0,0,,,,
KLO,2009,12,2,18,0.9,,,,,,,,962.3,,1.1,,0,0,0,0,0,0,0,,,,
KLO,2009,12,2,19,0.5,,,,,,,,962.3,,0.5,,0,0,0,0,0,0,0,,,,
KLO,2009,12,2,20,-1.7,,,,,,,,961.9,,1,,0,0,0,0,0,0,0,,,,
KLO,2009,12,2,21,-1.7,,,,,,,,961.8,,1.5,,0,0,0,0,0,0,0,,,,
KLO,2009,12,2,22,-0.9,,,,,,,,961.9,,0.8,,0,0,0,0,0,0,0,,,,
KLO,2009,12,2,23,-1.2,,,,,,,,961.8,,1.1,,0,0,0,0,0,0,0,,,,
KLO,2009,12,3,0,-1.2,,,,,,,,961.6,,1.1,,0,0,0,0,0,0,0,,,,
KLO,2009,12,3,1,-1.2,,,,,,,,961.4,,0.9,,0,0,0,0,0,0,0,,,,
KLO,2009,12,3,2,-1.1,,,,,,,,961,,1.7,,0,0,0,0,0,0,0,,,,
KLO,2009,12,3,3,-1.5,,,,,,,,960.5,,1.4,,0,0,0,0,0,0,0,,,,
KLO,2009,12,3,4,-1.3,,,,,,,,960.5,,2.6,,0,0,0,0,0,0,0,,,,
KLO,2009,12,3,5,-1.8,,,,,,,,960.3,,1.9,,0,0,0,0,0,0,0,,,,
KLO,2009,12,3,6,-2.1,,,,,,,,960.3,,0.8,,0,0,0,0,0,0,0,,,,
KLO,2009,12,3,7,-2.3,,,,,,,,960.5,,0.6,,8,0,0,0,0,0,0,,,,
KLO,2009,12,3,8,-1.8,,,,,,,,960.8,,0.8,,34,0,0,0,0,0,0,,,,
KLO,2009,12,3,9,-1.5,,,,,,,,960.9,,1.2,,106,359.9,57.2,0,0,0,0,,,,
KLO,2009,12,3,10,0.3,,,,,,,,960.3,,0.8,,255,854.5,47.5,0,0,0,0,,,,
KLO,2009,12,3,11,1.5,,,,,,,,959.7,,1,,291,626.8,93.5,0,0,0,0,,,,
KLO,2009,12,3,12,3.4,,,,,,,,958.9,,0.3,,328,667.8,96.1,0,0,0,0,,,,
KLO,2009,12,3,13,5.8,,,,,,,,958.1,,0.8,,250,295.8,150.3,0,0,0,0,,,,
KLO,2009,12,3,14,4.6,,,,,,,,957.8,,2.1,,97,8.2,94.7,0,0,0,0,,,,
KLO,2009,12,3,15,3,,,,,,,,957.7,,1.8,,15,0.4,14.9,0,0,0,0,,,,
KLO,2009,12,3,16,2.1,,,,,,,,957.6,,1.1,,0,0,0,0,0,0,0,,,,
KLO,2009,12,3,17,2.3,,,,,,,,957.4,,1,,0,0,0,0,0,0,0,,,,
KLO,2009,12,3,18,2.5,,,,,,,,957.2,,0.6,,0,0,0,0,0,0,0,,,,
KLO,2009,12,3,19,2.6,,,,,,,,957.5,,1.2,,0,0,0,0,0,0,0,,,,
KLO,2009,12,3,20,3.1,,,,,,,,957.6,,2.1,,0,0,0,0,0,0,0,,,,
KLO,2009,12,3,21,3.8,,,,,,,,957.4,,2.2,,0,0,0,0,0,0,0,,,,
KLO,2009,12,3,22,4.4,,,,,,,,957.2,,2.7,,0,0,0,0,0,0,0,,,,
KLO,2009,12,3,23,4.2,,,,,,,,956.9,,3.1,,0,0,0,0,0,0,0,,,,
KLO,2009,12,4,0,3.8,,,,,,,,956.8,,2.4,,0,0,0,0,0,0,0,,,,
KLO,2009,12,4,1,4.1,,,,,,,,957.2,,2.2,,0,0,0,0,0,0,0,,,,
KLO,2009,12,4,2,4.2,,,,,,,,957.6,,2.2,,0,0,0,0,0,0,0,,,,
KLO,2009,12,4,3,3.4,,,,,,,,957.5,,1.4,,0,0,0,0,0,0,0,,,,
KLO,2009,12,4,4,2.1,,,,,,,,957.4,,0.8,,0,0,0,0,0,0,0,,,,
KLO,2009,12,4,5,1.6,,,,,,,,957.5,,0.9,,0,0,0,0,0,0,0,,,,
KLO,2009,12,4,6,1.4,,,,,,,,957.6,,1.4,,0,0,0,0,0,0,0,,,,
KLO,2009,12,4,7,2.1,,,,,,,,958.1,,0.6,,7,0,0,0,0,0,0,,,,
KLO,2009,12,4,8,1.9,,,,,,,,958.6,,0.7,,42,0,0,0,0,0,0,,,,
KLO,2009,12,4,9,2.7,,,,,,,,959.1,,1,,109,428.4,52.1,0,0,0,0,,,,
KLO,2009,12,4,10,3.3,,,,,,,,959.9,,0.5,,152,153.5,115.2,0,0,0,0,,,,
KLO,2009,12,4,11,3.9,,,,,,,,960.4,,0.7,,191,131.1,150,0,0,0,0,,,,
KLO,2009,12,4,12,4.4,,,,,,,,960.8,,0.7,,212,134.5,165.6,0,0,0,0,,,,
KLO,2009,12,4,13,4.5,,,,,,,,961.3,,1.3,,122,10.8,118.4,0,0,0,0,,,,
KLO,2009,12,4,14,4.6,,,,,,,,961.8,,1.2,,118,20.2,112.3,0,0,0,0,,,,
KLO,2009,12,4,15,4,,,,,,,,962.5,,0.9,,48,3.9,47.2,0,0,0,0,,,,
KLO,2009,12,4,16,2.6,,,,,,,,963.1,,0.7,,0,0,0,0,0,0,0,,,,
KLO,2009,12,4,17,1,,,,,,,,964,,1,,0,0,0,0,0,0,0,,,,
KLO,2009,12,4,18,-0.1,,,,,,,,964.6,,1.2,,0,0,0,0,0,0,0,,,,
KLO,2009,12,4,19,-0.6,,,,,,,,965,,1.9,,0,0,0,0,0,0,0,,,,
KLO,2009,12,4,20,-0.8,,,,,,,,965.2,,1.8,,0,0,0,0,0,0,0,,,,
KLO,2009,12,4,21,-1.6,,,,,,,,965.5,,1.1,,0,0,0,0,0,0,0,,,,
KLO,2009,12,4,22,-1.8,,,,,,,,965.9,,0.7,,0,0,0,0,0,0,0,,,,
KLO,2009,12,4,23,-2.6,,,,,,,,965.6,,0.9,,0,0,0,0,0,0,0,,,,
KLO,2009,12,5,0,-2.7,,,,,,,,965.5,,0.6,,0,0,0,0,0,0,0,,,,
KLO,2009,12,5,1,-2.4,,,,,,,,965.3,,0.9,,0,0,0,0,0,0,0,,,,
KLO,2009,12,5,2,-1.9,,,,,,,,965.6,,1.4,,0,0,0,0,0,0,0,,,,
KLO,2009,12,5,3,-2.2,,,,,,,,965.6,,0.7,,0,0,0,0,0,0,0,,,,
KLO,2009,12,5,4,-2,,,,,,,,965.9,,0.6,,0,0,0,0,0,0,0,,,,
KLO,2009,12,5,5,-1.6,,,,,,,,965.6,,0.5,,0,0,0,0,0,0,0,,,,
KLO,2009,12,5,6,-1.3,,,,,,,,966,,1.4,,0,0,0,0,0,0,0,,,,
KLO,2009,12,5,7,-1,,,,,,,,966,,1.5,,8,0,0,0,0,0,0,,,,
KLO,2009,12,5,8,-0.6,,,,,,,,966,,1.6,,33,0,0,0,0,0,0,,,,
KLO,2009,12,5,9,0.1,,,,,,,,966,,2.1,,84,166.6,62.3,0,0,0,0,,,,
KLO,2009,12,5,10,1.5,,,,,,,,966.2,,1.9,,147,138.8,114,0,0,0,0,,,,
KLO,2009,12,5,11,3.2,,,,,,,,966,,2.3,,114,11.2,110.5,0,0,0,0,,,,
KLO,2009,12,5,12,3.8,,,,,,,,965.9,,2,,76,3.1,74.9,0,0,0,0,,,,
KLO,2009,12,5,13,4.5,,,,,,,,965.8,,2.1,,64,2.4,63.2,0,0,0,0,,,,
KLO,2009,12,5,14,4.4,,,,,,,,965.8,,2.7,,49,1.9,48.5,0,0,0,0,,,,
KLO,2009,12,5,15,3.9,,,,,,,,965.7,,3,,24,1,23.8,0,0,0,0,,,,
KLO,2009,12,5,16,2.7,,,,,,,,965.6,,3.4,,0,0,0,0,0,0,0,,,,
KLO,2009,12,5,17,3.1,,,,,,,,965.8,,2.9,,0,0,0,0,0,0,0,,,,
KLO,2009,12,5,18,2.1,,,,,,,,966,,3.1,,0,0,0,0,0,0,0,,,,
KLO,2009,12,5,19,1,,,,,,,,966,,3.1,,0,0,0,0,0,0,0,,,,
KLO,2009,12,5,20,0.5,,,,,,,,966.1,,1.6,,0,0,0,0,0,0,0,,,,
KLO,2009,12,5,21,-0.1,,,,,,,,965.9,,2.5,,0,0,0,0,0,0,0,,,,
KLO,2009,12,5,22,0.3,,,,,,,,965.7,,2.2,,0,0,0,0,0,0,0,,,,
KLO,2009,12,5,23,-0.2,,,,,,,,965.9,,2,,0,0,0,0,0,0,0,,,,
KLO,2009,12,6,0,0.6,,,,,,,,965.8,,1.2,,0,0,0,0,0,0,0,,,,
KLO,2009,12,6,1,1.8,,,,,,,,966.2,,1.7,,0,0,0,0,0,0,0,,,,
KLO,2009,12,6,2,2.5,,,,,,,,966.1,,3.2,,0,0,0,0,0,0,0,,,,
KLO,2009,12,6,3,2,,,,,,,,965.5,,2.3,,0,0,0,0,0,0,0,,,,
KLO,2009,12,6,4,1.5,,,,,,,,965.4,,1,,0,0,0,0,0,0,0,,,,
KLO,2009,12,6,5,0.8,,,,,,,,964.9,,1.3,,0,0,0,0,0,0,0,,,,
KLO,2009,12,6,6,0.5,,,,,,,,964.6,,0.9,,0,0,0,0,0,0,0,,,,
KLO,2009,12,6,7,0.6,,,,,,,,964.6,,1.2,,8,0,0,0,0,0,0,,,,
KLO,2009,12,6,8,1,,,,,,,,964.6,,1.8,,34,0,0,0,0,0,0,,,,
KLO,2009,12,6,9,2.5,,,,,,,,964.5,,1.4,,81,155.3,61.2,0,0,0,0,,,,
KLO,2009,12,6,10,3.4,,,,,,,,964.2,,1.4,,131,85.9,110.8,0,0,0,0,,,,
KLO,2009,12,6,11,4.2,,,,,,,,964,,0.9,,112,10.7,108.7,0,0,0,0,,,,
KLO,2009,12,6,12,4.6,,,,,,,,963.1,,1.2,,52,1.5,51.5,0,0,0,0,,,,
KLO,2009,12,6,13,5.2,,,,,,,,962.8,,0.7,,75,3.3,73.9,0,0,0,0,,,,
KLO,2009,12,6,14,5.5,,,,,,,,962.6,,1.7,,27,0.6,26.8,0,0,0,0,,,,
KLO,2009,12,6,15,5.9,,,,,,,,962.4,,2.3,,5,0,5,0,0,0,0,,,,
KLO,2009,12,6,16,5.7,,,,,,,,962.3,,1.8,,0,0,0,0,0,0,0,,,,
KLO,2009,12,6,17,5.5,,,,,,,,962.7,,1.7,,0,0,0,0,0,0,0,,,,
KLO,2009,12,6,18,6.5,,,,,,,,963.3,,2.6,,0,0,0,0,0,0,0,,,,
KLO,2009,12,6,19,7.4,,,,,,,,963.8,,3.4,,0,0,0,0,0,0,0,,,,
KLO,2009,12,6,20,7.1,,,,,,,,963.8,,4,,0,0,0,0,0,0,0,,,,
KLO,2009,12,6,21,7.2,,,,,,,,963.9,,3.6,,0,0,0,0,0,0,0,,,,
KLO,2009,12,6,22,7.1,,,,,,,,964.1,,3.8,,0,0,0,0,0,0,0,,,,
KLO,2009,12,6,23,6.7,,,,,,,,964.3,,3.3,,0,0,0,0,0,0,0,,,,
KLO,2009,12,7,0,6.8,,,,,,,,964.3,,3.2,,0,0,0,0,0,0,0,,,,
KLO,2009,12,7,1,6.8,,,,,,,,964.4,,5.4,,0,0,0,0,0,0,0,,,,
KLO,2009,12,7,2,6.7,,,,,,,,964.7,,4.7,,0,0,0,0,0,0,0,,,,
KLO,2009,12,7,3,6.7,,,,,,,,965,,4.2,,0,0,0,0,0,0,0,,,,
KLO,2009,12,7,4,7.2,,,,,,,,965.1,,2.6,,0,0,0,0,0,0,0,,,,
KLO,2009,12,7,5,7.2,,,,,,,,965.3,,1.9,,0,0,0,0,0,0,0,,,,
KLO,2009,12,7,6,6.9,,,,,,,,965.2,,2.5,,0,0,0,0,0,0,0,,,,
KLO,2009,12,7,7,6.9,,,,,,,,965.2,,1.6,,0,0,0,0,0,0,0,,,,
KLO,2009,12,7,8,7,,,,,,,,965.2,,2.1,,14,0,0,0,0,0,0,,,,
KLO,2009,12,7,9,7.3,,,,,,,,964.8,,3.1,,36,5.3,35.3,0,0,0,0,,,,
KLO,2009,12,7,10,7.4,,,,,,,,964.4,,2,,53,3.3,52.2,0,0,0,0,,,,
KLO,2009,12,7,11,7.8,,,,,,,,964,,1,,63,2.7,62.2,0,0,0,0,,,,
KLO,2009,12,7,12,7.9,,,,,,,,963.6,,0.9,,52,1.5,51.5,0,0,0,0,,,,
KLO,2009,12,7,13,8,,,,,,,,963.1,,1.9,,44,1.1,43.6,0,0,0,0,,,,
KLO,2009,12,7,14,7.9,,,,,,,,962.4,,1.6,,23,0.4,22.9,0,0,0,0,,,,
KLO,2009,12,7,15,7.8,,,,,,,,962.3,,0.9,,7,0.1,7,0,0,0,0,,,,
KLO,2009,12,7,16,7.6,,,,,,,,962.4,,1.6,,0,0,0,0,0,0,0,,,,
KLO,2009,12,7,17,7.7,,,,,,,,962.3,,2.9,,0,0,0,0,0,0,0,,,,
KLO,2009,12,7,18,7.8,,,,,,,,961.7,,3.3,,0,0,0,0,0,0,0,,,,
KLO,2009,12,7,19,7.5,,,,,,,,961.2,,1.9,,0,0,0,0,0,0,0,,,,
KLO,2009,12,7,20,7.5,,,,,,,,960.6,,0.5,,0,0,0,0,0,0,0,,,,
KLO,2009,12,7,21,7.1,,,,,,,,960,,0.6,,0,0,0,0,0,0,0,,,,
KLO,2009,12,7,22,6.6,,,,,,,,959.7,,0.6,,0,0,0,0,0,0,0,,,,
KLO,2009,12,7,23,6.4,,,,,,,,959.8,,1,,0,0,0,0,0,0,0,,,,
KLO,2009,12,8,0,7.2,,,,,,,,960.1,,2.1,,0,0,0,0,0,0,0,,,,
KLO,2009,12,8,1,7.7,,,,,,,,960.2,,1.9,,0,0,0,0,0,0,0,,,,
KLO,2009,12,8,2,8,,,,,,,,961,,4.8,,0,0,0,0,0,0,0,,,,
KLO,2009,12,8,3,7.3,,,,,,,,960.2,,3.4,,0,0,0,0,0,0,0,,,,
KLO,2009,12,8,4,6.3,,,,,,,,960.8,,5.5,,0,0,0,0,0,0,0,,,,
KLO,2009,12,8,5,5.3,,,,,,,,962.3,,4.6,,0,0,0,0,0,0,0,,,,
KLO,2009,12,8,6,5,,,,,,,,964.4,,5.9,,0,0,0,0,0,0,0,,,,
KLO,2009,12,8,7,4.6,,,,,,,,965.7,,4.5,,3,0,0,0,0,0,0,,,,
KLO,2009,12,8,8,4.8,,,,,,,,966.4,,4.7,,76,0,0,0,0,0,0,,,,
KLO,2009,12,8,9,6.3,,,,,,,,966.8,,4.4,,239,1628.3,39.4,0,0,0,0,,,,
KLO,2009,12,8,10,6.5,,,,,,,,967.1,,4.9,,202,535.1,78.8,0,0,0,0,,,,
KLO,2009,12,8,11,6.9,,,,,,,,967.1,,3.7,,214,240.8,140.9,0,0,0,0,,,,
KLO,2009,12,8,12,7.9,,,,,,,,967.1,,4,,241,255,155.1,0,0,0,0,,,,
KLO,2009,12,8,13,7.6,,,,,,,,967.1,,4.8,,177,73,153,0,0,0,0,,,,
KLO,2009,12,8,14,7.6,,,,,,,,967.6,,4.3,,151,75.6,130,0,0,0,0,,,,
KLO,2009,12,8,15,6.5,,,,,,,,968.2,,3.5,,29,1.5,28.7,0,0,0,0,,,,
KLO,2009,12,8,16,4.8,,,,,,,,968.8,,2.6,,0,0,0,0,0,0,0,,,,
KLO,2009,12,8,17,5.1,,,,,,,,969.4,,1.5,,0,0,0,0,0,0,0,,,,
KLO,2009,12,8,18,4.9,,,,,,,,970,,2,,0,0,0,0,0,0,0,,,,
KLO,2009,12,8,19,5.3,,,,,,,,970.4,,3.1,,0,0,0,0,0,0,0,,,,
KLO,2009,12,8,20,5.3,,,,,,,,970.8,,2.7,,0,0,0,0,0,0,0,,,,
KLO,2009,12,8,21,5,,,,,,,,971.2,,2.8,,0,0,0,0,0,0,0,,,,
KLO,2009,12,8,22,4.7,,,,,,,,971.7,,3.4,,0,0,0,0,0,0,0,,,,
KLO,2009,12,8,23,4.5,,,,,,,,972.1,,3.1,,0,0,0,0,0,0,0,,,,
KLO,2009,12,9,0,4.2,,,,,,,,972.4,,1.7,,0,0,0,0,0,0,0,,,,
KLO,2009,12,9,1,3.8,,,,,,,,972.7,,1.7,,0,0,0,0,0,0,0,,,,
KLO,2009,12,9,2,2.6,,,,,,,,973,,1.4,,0,0,0,0,0,0,0,,,,
KLO,2009,12,9,3,1.2,,,,,,,,973.3,,1.8,,0,0,0,0,0,0,0,,,,
KLO,2009,12,9,4,0.7,,,,,,,,973.7,,0.8,,0,0,0,0,0,0,0,,,,
KLO,2009,12,9,5,-0.1,,,,,,,,974.2,,1.2,,0,0,0,0,0,0,0,,,,
KLO,2009,12,9,6,-0.8,,,,,,,,974.8,,1,,0,0,0,0,0,0,0,,,,
KLO,2009,12,9,7,-1.3,,,,,,,,975.5,,1.2,,13,0,0,0,0,0,0,,,,
KLO,2009,12,9,8,0.2,,,,,,,,975.7,,0.6,,108,0,0,0,0,0,0,,,,
KLO,2009,12,9,9,2.5,,,,,,,,975.8,,1,,221,1535.1,36.5,0,0,0,0,,,,
KLO,2009,12,9,10,4.6,,,,,,,,975.8,,0.6,,302,1106,49.8,0,0,0,0,,,,
KLO,2009,12,9,11,6,,,,,,,,975.8,,0.9,,331,914.8,55.1,0,0,0,0,,,,
KLO,2009,12,9,12,7.2,,,,,,,,975.6,,1,,312,638.6,97.9,0,0,0,0,,,,
KLO,2009,12,9,13,7.8,,,,,,,,975.2,,0.4,,245,306.2,144.9,0,0,0,0,,,,
KLO,2009,12,9,14,7.3,,,,,,,,975.4,,1.8,,140,53.3,125.2,0,0,0,0,,,,
KLO,2009,12,9,15,5.7,,,,,,,,975.8,,1.8,,31,1.7,30.7,0,0,0,0,,,,
KLO,2009,12,9,16,4.1,,,,,,,,976.3,,1.1,,0,0,0,0,0,0,0,,,,
KLO,2009,12,9,17,1.9,,,,,,,,976.7,,0.5,,0,0,0,0,0,0,0,,,,
KLO,2009,12,9,18,1,,,,,,,,977.2,,0.8,,0,0,0,0,0,0,0,,,,
KLO,2009,12,9,19,0.1,,,,,,,,977.6,,1.5,,0,0,0,0,0,0,0,,,,
KLO,2009,12,9,20,-0.9,,,,,,,,977.8,,1.4,,0,0,0,0,0,0,0,,,,
KLO,2009,12,9,21,-1.1,,,,,,,,977.9,,1.3,,0,0,0,0,0,0,0,,,,
KLO,2009,12,9,22,-0.8,,,,,,,,977.7,,2.1,,0,0,0,0,0,0,0,,,,
KLO,2009,12,9,23,-1.3,,,,,,,,977.5,,0.9,,0,0,0,0,0,0,0,,,,
KLO,2009,12,10,0,-1.7,,,,,,,,977.4,,1.1,,0,0,0,0,0,0,0,,,,
KLO,2009,12,10,1,-1.9,,,,,,,,977.2,,0.4,,0,0,0,0,0,0,0,,,,
KLO,2009,12,10,2,-1.3,,,,,,,,976.9,,1.5,,0,0,0,0,0,0,0,,,,
KLO,2009,12,10,3,-1.1,,,,,,,,976.8,,1.4,,0,0,0,0,0,0,0,,,,
KLO,2009,12,10,4,-0.4,,,,,,,,976.6,,1.7,,0,0,0,0,0,0,0,,,,
KLO,2009,12,10,5,0.2,,,,,,,,976.3,,2.1,,0,0,0,0,0,0,0,,,,
KLO,2009,12,10,6,2,,,,,,,,976.2,,2.2,,0,0,0,0,0,0,0,,,,
KLO,2009,12,10,7,2.8,,,,,,,,976.1,,2.2,,2,0,0,0,0,0,0,,,,
KLO,2009,12,10,8,3.1,,,,,,,,976.2,,2.5,,6,0,0,0,0,0,0,,,,
KLO,2009,12,10,9,3.6,,,,,,,,976.3,,3.2,,37,6.4,36.2,0,0,0,0,,,,
KLO,2009,12,10,10,3.8,,,,,,,,976.2,,3.2,,38,1.8,37.6,0,0,0,0,,,,
KLO,2009,12,10,11,4.4,,,,,,,,975.8,,3.5,,45,1.4,44.6,0,0,0,0,,,,
KLO,2009,12,10,12,4.7,,,,,,,,975.4,,2.7,,37,0.8,36.7,0,0,0,0,,,,
KLO,2009,12,10,13,5.1,,,,,,,,975.2,,2.7,,39,0.9,38.7,0,0,0,0,,,,
KLO,2009,12,10,14,5.6,,,,,,,,975.1,,2.2,,60,3,59.2,0,0,0,0,,,,
KLO,2009,12,10,15,5,,,,,,,,975.4,,2.1,,22,0.9,21.8,0,0,0,0,,,,
KLO,2009,12,10,16,4.1,,,,,,,,975.6,,2.5,,0,0,0,0,0,0,0,,,,
KLO,2009,12,10,17,4.1,,,,,,,,975.8,,1.7,,0,0,0,0,0,0,0,,,,
KLO,2009,12,10,18,4,,,,,,,,976,,1.9,,0,0,0,0,0,0,0,,,,
KLO,2009,12,10,19,2.5,,,,,,,,975.9,,1.9,,0,0,0,0,0,0,0,,,,
KLO,2009,12,10,20,2.6,,,,,,,,975.9,,1.9,,0,0,0,0,0,0,0,,,,
KLO,2009,12,10,21,2.3,,,,,,,,975.9,,1,,0,0,0,0,0,0,0,,,,
KLO,2009,12,10,22,2.9,,,,,,,,975.7,,2.2,,0,0,0,0,0,0,0,,,,
KLO,2009,12,10,23,2.4,,,,,,,,975.5,,2.1,,0,0,0,0,0,0,0,,,,
KLO,2009,12,11,0,1.4,,,,,,,,975.3,,2.1,,0,0,0,0,0,0,0,,,,
KLO,2009,12,11,1,0.8,,,,,,,,975.1,,0.9,,0,0,0,0,0,0,0,,,,
KLO,2009,12,11,2,1.5,,,,,,,,975,,1.8,,0,0,0,0,0,0,0,,,,
KLO,2009,12,11,3,3.1,,,,,,,,974.7,,0.8,,0,0,0,0,0,0,0,,,,
KLO,2009,12,11,4,3.5,,,,,,,,974.2,,1.6,,0,0,0,0,0,0,0,,,,
KLO,2009,12,11,5,3.9,,,,,,,,973.8,,2.4,,0,0,0,0,0,0,0,,,,
KLO,2009,12,11,6,3.9,,,,,,,,973.5,,2.9,,0,0,0,0,0,0,0,,,,
KLO,2009,12,11,7,4,,,,,,,,973.2,,3.5,,2,0,0,0,0,0,0,,,,
KLO,2009,12,11,8,3.9,,,,,,,,972.9,,3.3,,13,0,0,0,0,0,0,,,,
KLO,2009,12,11,9,4.1,,,,,,,,972.5,,3.4,,18,1.5,17.8,0,0,0,0,,,,
KLO,2009,12,11,10,4.7,,,,,,,,972,,3.2,,46,2.7,45.4,0,0,0,0,,,,
KLO,2009,12,11,11,4.7,,,,,,,,971.7,,2,,30,0.6,29.8,0,0,0,0,,,,
KLO,2009,12,11,12,4.7,,,,,,,,971,,2.7,,32,0.6,31.8,0,0,0,0,,,,
KLO,2009,12,11,13,4.9,,,,,,,,970.5,,2.8,,20,0.2,19.9,0,0,0,0,,,,
KLO,2009,12,11,14,4.9,,,,,,,,970.4,,2.2,,7,0,7,0,0,0,0,,,,
KLO,2009,12,11,15,4.5,,,,,,,,970.7,,2.3,,0,0,0,0,0,0,0,,,,
KLO,2009,12,11,16,4,,,,,,,,971.2,,2.3,,0,0,0,0,0,0,0,,,,
KLO,2009,12,11,17,3.5,,,,,,,,971.3,,1.5,,0,0,0,0,0,0,0,,,,
KLO,2009,12,11,18,3.3,,,,,,,,971.5,,2.6,,0,0,0,0,0,0,0,,,,
KLO,2009,12,11,19,3,,,,,,,,971.6,,2.9,,0,0,0,0,0,0,0,,,,
KLO,2009,12,11,20,2.6,,,,,,,,971.5,,3.1,,0,0,0,0,0,0,0,,,,
KLO,2009,12,11,21,2.2,,,,,,,,971.6,,3.1,,0,0,0,0,0,0,0,,,,
KLO,2009,12,11,22,2.1,,,,,,,,971.3,,2.5,,0,0,0,0,0,0,0,,,,
KLO,2009,12,11,23,2.2,,,,,,,,971.3,,3.2,,0,0,0,0,0,0,0,,,,
KLO,2009,12,12,0,2.2,,,,,,,,971.1,,2.2,,0,0,0,0,0,0,0,,,,
KLO,2009,12,12,1,2.3,,,,,,,,970.8,,2.7,,0,0,0,0,0,0,0,,,,
KLO,2009,12,12,2,2.2,,,,,,,,970.5,,3.4,,0,0,0,0,0,0,0,,,,
KLO,2009,12,12,3,1.9,,,,,,,,970.1,,3.2,,0,0,0,0,0,0,0,,,,
KLO,2009,12,12,4,1.8,,,,,,,,969.9,,3.9,,0,0,0,0,0,0,0,,,,
KLO,2009,12,12,5,1.5,,,,,,,,969.8,,3.4,,0,0,0,0,0,0,0,,,,
KLO,2009,12,12,6,0.8,,,,,,,,969.6,,3.2,,0,0,0,0,0,0,0,,,,
KLO,2009,12,12,7,0.7,,,,,,,,969.6,,3.5,,0,0,0,0,0,0,0,,,,
KLO,2009,12,12,8,0.7,,,,,,,,969.6,,4,,15,0,0,0,0,0,0,,,,
KLO,2009,12,12,9,0.9,,,,,,,,969.3,,4.2,,53,35.4,49,0,0,0,0,,,,
KLO,2009,12,12,10,1.3,,,,,,,,969.2,,4.5,,94,21.8,89.2,0,0,0,0,,,,
KLO,2009,12,12,11,1.5,,,,,,,,968.6,,4.6,,76,4.2,74.8,0,0,0,0,,,,
KLO,2009,12,12,12,1.6,,,,,,,,968,,4.8,,78,3.5,76.8,0,0,0,0,,,,
KLO,2009,12,12,13,1.7,,,,,,,,967.8,,5,,72,3.2,71,0,0,0,0,,,,
KLO,2009,12,12,14,1.6,,,,,,,,967.7,,4.8,,35,1,34.7,0,0,0,0,,,,
KLO,2009,12,12,15,1.4,,,,,,,,967.7,,4.2,,10,0.2,10,0,0,0,0,,,,
KLO,2009,12,12,16,1.3,,,,,,,,967.6,,3.8,,0,0,0,0,0,0,0,,,,
KLO,2009,12,12,17,1,,,,,,,,967.4,,5.4,,0,0,0,0,0,0,0,,,,
KLO,2009,12,12,18,0.9,,,,,,,,967.6,,5.7,,0,0,0,0,0,0,0,,,,
KLO,2009,12,12,19,0.8,,,,,,,,967.8,,6.1,,0,0,0,0,0,0,0,,,,
KLO,2009,12,12,20,0.5,,,,,,,,967.5,,6.2,,0,0,0,0,0,0,0,,,,
KLO,2009,12,12,21,0.3,,,,,,,,967.3,,7,,0,0,0,0,0,0,0,,,,
KLO,2009,12,12,22,0.4,,,,,,,,967.3,,4.5,,0,0,0,0,0,0,0,,,,
KLO,2009,12,12,23,0.6,,,,,,,,967,,3.8,,0,0,0,0,0,0,0,,,,
KLO,2009,12,13,0,0.7,,,,,,,,966.6,,5.2,,0,0,0,0,0,0,0,,,,
KLO,2009,12,13,1,0.6,,,,,,,,966.3,,5.5,,0,0,0,0,0,0,0,,,,
KLO,2009,12,13,2,0.4,,,,,,,,965.8,,4.3,,0,0,0,0,0,0,0,,,,
KLO,2009,12,13,3,0.1,,,,,,,,965.6,,4.2,,0,0,0,0,0,0,0,,,,
KLO,2009,12,13,4,-0.1,,,,,,,,965.4,,4,,0,0,0,0,0,0,0,,,,
KLO,2009,12,13,5,-0.4,,,,,,,,965.2,,4.1,,0,0,0,0,0,0,0,,,,
KLO,2009,12,13,6,-0.6,,,,,,,,965.4,,3.8,,0,0,0,0,0,0,0,,,,
KLO,2009,12,13,7,-0.8,,,,,,,,965.6,,4.1,,1,0,0,0,0,0,0,,,,
KLO,2009,12,13,8,-0.8,,,,,,,,965.8,,4.3,,8,0,0,0,0,0,0,,,,
KLO,2009,12,13,9,-0.7,,,,,,,,965.7,,3.7,,9,0.4,9,0,0,0,0,,,,
KLO,2009,12,13,10,-0.8,,,,,,,,965.6,,4.3,,32,1.3,31.7,0,0,0,0,,,,
KLO,2009,12,13,11,-0.8,,,,,,,,965.3,,4,,49,1.8,48.5,0,0,0,0,,,,
KLO,2009,12,13,12,-0.9,,,,,,,,965.1,,4.3,,37,0.8,36.7,0,0,0,0,,,,
KLO,2009,12,13,13,-1,,,,,,,,964.9,,4.6,,20,0.2,19.9,0,0,0,0,,,,
KLO,2009,12,13,14,-0.9,,,,,,,,964.9,,4.7,,13,0.1,13,0,0,0,0,,,,
KLO,2009,12,13,15,-0.8,,,,,,,,964.9,,4.9,,5,0,5,0,0,0,0,,,,
KLO,2009,12,13,16,-0.9,,,,,,,,964.7,,6.4,,0,0,0,0,0,0,0,,,,
KLO,2009,12,13,17,-0.9,,,,,,,,964.5,,6.6,,0,0,0,0,0,0,0,,,,
KLO,2009,12,13,18,-0.8,,,,,,,,964.4,,6.6,,0,0,0,0,0,0,0,,,,
KLO,2009,12,13,19,-0.7,,,,,,,,964.4,,7.3,,0,0,0,0,0,0,0,,,,
KLO,2009,12,13,20,-0.8,,,,,,,,964.4,,8.1,,0,0,0,0,0,0,0,,,,
KLO,2009,12,13,21,-1,,,,,,,,964.5,,7.6,,0,0,0,0,0,0,0,,,,
KLO,2009,12,13,22,-1.1,,,,,,,,964.6,,7.8,,0,0,0,0,0,0,0,,,,
KLO,2009,12,13,23,-1.4,,,,,,,,964.9,,2.9,,0,0,0,0,0,0,0,,,,
KLO,2009,12,14,0,-1.6,,,,,,,,965,,1.6,,0,0,0,0,0,0,0,,,,
KLO,2009,12,14,1,-1.8,,,,,,,,964.8,,1.8,,0,0,0,0,0,0,0,,,,
KLO,2009,12,14,2,-2,,,,,,,,964.6,,1.5,,0,0,0,0,0,0,0,,,,
KLO,2009,12,14,3,-2,,,,,,,,964.3,,4.9,,0,0,0,0,0,0,0,,,,
KLO,2009,12,14,4,-1.9,,,,,,,,964,,8.5,,0,0,0,0,0,0,0,,,,
KLO,2009,12,14,5,-1.9,,,,,,,,964.2,,8.3,,0,0,0,0,0,0,0,,,,
KLO,2009,12,14,6,-2.1,,,,,,,,964.4,,5.9,,0,0,0,0,0,0,0,,,,
KLO,2009,12,14,7,-2.1,,,,,,,,964.5,,5.3,,0,0,0,0,0,0,0,,,,
KLO,2009,12,14,8,-2.3,,,,,,,,964.5,,4.9,,8,0,0,0,0,0,0,,,,
KLO,2009,12,14,9,-2.2,,,,,,,,964.5,,4.4,,22,2.6,21.7,0,0,0,0,,,,
KLO,2009,12,14,10,-2.1,,,,,,,,964.3,,5.1,,36,1.7,35.6,0,0,0,0,,,,
KLO,2009,12,14,11,-2,,,,,,,,964,,5.1,,47,1.6,46.5,0,0,0,0,,,,
KLO,2009,12,14,12,-2,,,,,,,,963.8,,5.3,,40,0.9,39.7,0,0,0,0,,,,
KLO,2009,12,14,13,-2.1,,,,,,,,963.7,,5.8,,34,0.7,33.8,0,0,0,0,,,,
KLO,2009,12,14,14,-2.2,,,,,,,,963.9,,5.1,,13,0.1,13,0,0,0,0,,,,
KLO,2009,12,14,15,-2.5,,,,,,,,964.1,,5.8,,1,0,1,0,0,0,0,,,,
KLO,2009,12,14,16,-2.6,,,,,,,,964,,5.6,,0,0,0,0,0,0,0,,,,
KLO,2009,12,14,17,-2.6,,,,,,,,963.8,,6.2,,0,0,0,0,0,0,0,,,,
KLO,2009,12,14,18,-2.6,,,,,,,,963.7,,5.7,,0,0,0,0,0,0,0,,,,
KLO,2009,12,14,19,-2.6,,,,,,,,963.8,,5.4,,0,0,0,0,0,0,0,,,,
KLO,2009,12,14,20,-2.5,,,,,,,,963.7,,4.9,,0,0,0,0,0,0,0,,,,
KLO,2009,12,14,21,-2.5,,,,,,,,963.5,,4.4,,0,0,0,0,0,0,0,,,,
KLO,2009,12,14,22,-2.7,,,,,,,,963.3,,5.3,,0,0,0,0,0,0,0,,,,
KLO,2009,12,14,23,-2.9,,,,,,,,963.1,,4.9,,0,0,0,0,0,0,0,,,,
KLO,2009,12,15,0,-3,,,,,,,,963,,4.9,,0,0,0,0,0,0,0,,,,
KLO,2009,12,15,1,-3.1,,,,,,,,962.7,,4.6,,0,0,0,0,0,0,0,,,,
KLO,2009,12,15,2,-3.1,,,,,,,,962.4,,4.2,,0,0,0,0,0,0,0,,,,
KLO,2009,12,15,3,-3.2,,,,,,,,962.1,,3.9,,0,0,0,0,0,0,0,,,,
KLO,2009,12,15,4,-3.2,,,,,,,,961.8,,4.8,,0,0,0,0,0,0,0,,,,
KLO,2009,12,15,5,-3.3,,,,,,,,961.7,,4.1,,0,0,0,0,0,0,0,,,,
KLO,2009,12,15,6,-3.4,,,,,,,,961.6,,5.5,,0,0,0,0,0,0,0,,,,
KLO,2009,12,15,7,-3.4,,,,,,,,961.8,,4.5,,0,0,0,0,0,0,0,,,,
KLO,2009,12,15,8,-3.3,,,,,,,,962,,4.8,,5,0,0,0,0,0,0,,,,
KLO,2009,12,15,9,-3.3,,,,,,,,962,,4.5,,15,1.2,14.9,0,0,0,0,,,,
KLO,2009,12,15,10,-3.5,,,,,,,,961.8,,3.9,,25,0.8,24.8,0,0,0,0,,,,
KLO,2009,12,15,11,-3.6,,,,,,,,961.3,,2.9,,57,2.4,56.3,0,0,0,0,,,,
KLO,2009,12,15,12,-3.6,,,,,,,,960.9,,3.2,,46,1.3,45.6,0,0,0,0,,,,
KLO,2009,12,15,13,-3.4,,,,,,,,960.6,,3.6,,28,0.5,27.8,0,0,0,0,,,,
KLO,2009,12,15,14,-3.5,,,,,,,,960.8,,3.5,,12,0.1,12,0,0,0,0,,,,
KLO,2009,12,15,15,-3.6,,,,,,,,960.9,,3.9,,2,0,2,0,0,0,0,,,,
KLO,2009,12,15,16,-3.7,,,,,,,,960.9,,4,,0,0,0,0,0,0,0,,,,
KLO,2009,12,15,17,-3.6,,,,,,,,960.8,,3,,0,0,0,0,0,0,0,,,,
KLO,2009,12,15,18,-3.4,,,,,,,,960.7,,3.2,,0,0,0,0,0,0,0,,,,
KLO,2009,12,15,19,-3.3,,,,,,,,960.6,,3.3,,0,0,0,0,0,0,0,,,,
KLO,2009,12,15,20,-3.2,,,,,,,,960.6,,3.3,,0,0,0,0,0,0,0,,,,
KLO,2009,12,15,21,-3.1,,,,,,,,960.4,,2.6,,0,0,0,0,0,0,0,,,,
KLO,2009,12,15,22,-3.1,,,,,,,,960.3,,2.6,,0,0,0,0,0,0,0,,,,
KLO,2009,12,15,23,-3.1,,,,,,,,960.3,,2,,0,0,0,0,0,0,0,,,,
KLO,2009,12,16,0,-2.8,,,,,,,,960.3,,2.4,,0,0,0,0,0,0,0,,,,
KLO,2009,12,16,1,-2.8,,,,,,,,960.2,,1.7,,0,0,0,0,0,0,0,,,,
KLO,2009,12,16,2,-2.9,,,,,,,,960.1,,1.5,,0,0,0,0,0,0,0,,,,
KLO,2009,12,16,3,-3,,,,,,,,959.9,,1.6,,0,0,0,0,0,0,0,,,,
KLO,2009,12,16,4,-3.3,,,,,,,,959.9,,2.2,,0,0,0,0,0,0,0,,,,
KLO,2009,12,16,5,-3.3,,,,,,,,959.9,,1.7,,0,0,0,0,0,0,0,,,,
KLO,2009,12,16,6,-3.2,,,,,,,,959.6,,1.5,,0,0,0,0,0,0,0,,,,
KLO,2009,12,16,7,-3.1,,,,,,,,959.5,,1.9,,0,0,0,0,0,0,0,,,,
KLO,2009,12,16,8,-3.1,,,,,,,,959.4,,2.3,,6,0,0,0,0,0,0,,,,
KLO,2009,12,16,9,-2.9,,,,,,,,959.1,,2.3,,51,40.6,46.7,0,0,0,0,,,,
KLO,2009,12,16,10,-2.5,,,,,,,,958.8,,2.9,,159,287.4,97.1,0,0,0,0,,,,
KLO,2009,12,16,11,-2.4,,,,,,,,958.4,,3.2,,155,68.7,135,0,0,0,0,,,,
KLO,2009,12,16,12,-2.2,,,,,,,,957.9,,3.2,,208,155.7,157.1,0,0,0,0,,,,
KLO,2009,12,16,13,-2,,,,,,,,957.6,,3.2,,119,11.6,115.3,0,0,0,0,,,,
KLO,2009,12,16,14,-2.4,,,,,,,,957.5,,3.5,,22,0.4,21.9,0,0,0,0,,,,
KLO,2009,12,16,15,-2.7,,,,,,,,957.3,,4.4,,1,0,1,0,0,0,0,,,,
KLO,2009,12,16,16,-2.8,,,,,,,,957.1,,4.1,,0,0,0,0,0,0,0,,,,
KLO,2009,12,16,17,-2.9,,,,,,,,956.9,,3.8,,0,0,0,0,0,0,0,,,,
KLO,2009,12,16,18,-3,,,,,,,,956.6,,3.7,,0,0,0,0,0,0,0,,,,
KLO,2009,12,16,19,-3.1,,,,,,,,956.5,,3.6,,0,0,0,0,0,0,0,,,,
KLO,2009,12,16,20,-3.2,,,,,,,,956.5,,3.8,,0,0,0,0,0,0,0,,,,
KLO,2009,12,16,21,-3.3,,,,,,,,956.6,,3.5,,0,0,0,0,0,0,0,,,,
KLO,2009,12,16,22,-3.5,,,,,,,,956.5,,3.7,,0,0,0,0,0,0,0,,,,
KLO,2009,12,16,23,-3.7,,,,,,,,956.5,,3.1,,0,0,0,0,0,0,0,,,,
KLO,2009,12,17,0,-3.8,,,,,,,,956.4,,3.1,,0,0,0,0,0,0,0,,,,
KLO,2009,12,17,1,-4,,,,,,,,956.6,,2.1,,0,0,0,0,0,0,0,,,,
KLO,2009,12,17,2,-4.1,,,,,,,,956.8,,2.6,,0,0,0,0,0,0,0,,,,
KLO,2009,12,17,3,-4.3,,,,,,,,956.6,,1.8,,0,0,0,0,0,0,0,,,,
KLO,2009,12,17,4,-4.4,,,,,,,,956.5,,1.4,,0,0,0,0,0,0,0,,,,
KLO,2009,12,17,5,-4.5,,,,,,,,956.5,,1.3,,0,0,0,0,0,0,0,,,,
KLO,2009,12,17,6,-4.5,,,,,,,,956.7,,1.2,,0,0,0,0,0,0,0,,,,
KLO,2009,12,17,7,-4.5,,,,,,,,956.8,,0.9,,5,0,0,0,0,0,0,,,,
KLO,2009,12,17,8,-4.3,,,,,,,,957.3,,1.6,,24,0,0,0,0,0,0,,,,
KLO,2009,12,17,9,-3.9,,,,,,,,957.5,,1.8,,71,202.4,49.8,0,0,0,0,,,,
KLO,2009,12,17,10,-3.3,,,,,,,,957.4,,2.5,,201,653.1,61.2,0,0,0,0,,,,
KLO,2009,12,17,11,-3.3,,,,,,,,957.1,,2.5,,155,69.9,134.8,0,0,0,0,,,,
KLO,2009,12,17,12,-3.2,,,,,,,,956.9,,1.6,,148,30.9,137.9,0,0,0,0,,,,
KLO,2009,12,17,13,-3,,,,,,,,956.7,,1.5,,119,11.6,115.3,0,0,0,0,,,,
KLO,2009,12,17,14,-3.2,,,,,,,,957.1,,1.5,,49,2.1,48.4,0,0,0,0,,,,
KLO,2009,12,17,15,-3.3,,,,,,,,957.2,,1.2,,10,0.2,10,0,0,0,0,,,,
KLO,2009,12,17,16,-3.5,,,,,,,,957.4,,1.2,,0,0,0,0,0,0,0,,,,
KLO,2009,12,17,17,-3.6,,,,,,,,957.2,,1,,0,0,0,0,0,0,0,,,,
KLO,2009,12,17,18,-3.8,,,,,,,,957.1,,0.9,,0,0,0,0,0,0,0,,,,
KLO,2009,12,17,19,-3.8,,,,,,,,956.9,,1.2,,0,0,0,0,0,0,0,,,,
KLO,2009,12,17,20,-4.3,,,,,,,,956.9,,1.1,,0,0,0,0,0,0,0,,,,
KLO,2009,12,17,21,-5.7,,,,,,,,956.9,,1.9,,0,0,0,0,0,0,0,,,,
KLO,2009,12,17,22,-6.4,,,,,,,,956.7,,1.7,,0,0,0,0,0,0,0,,,,
KLO,2009,12,17,23,-5.5,,,,,,,,956.5,,1.9,,0,0,0,0,0,0,0,,,,
KLO,2009,12,18,0,-5.1,,,,,,,,956.3,,0.7,,0,0,0,0,0,0,0,,,,
KLO,2009,12,18,1,-5.1,,,,,,,,956.3,,1.4,,0,0,0,0,0,0,0,,,,
KLO,2009,12,18,2,-4.8,,,,,,,,956,,0.9,,0,0,0,0,0,0,0,,,,
KLO,2009,12,18,3,-5.2,,,,,,,,955.6,,1.2,,0,0,0,0,0,0,0,,,,
KLO,2009,12,18,4,-4.9,,,,,,,,955,,1.8,,0,0,0,0,0,0,0,,,,
KLO,2009,12,18,5,-5.2,,,,,,,,954.6,,0.9,,0,0,0,0,0,0,0,,,,
KLO,2009,12,18,6,-5.6,,,,,,,,954.4,,1.7,,0,0,0,0,0,0,0,,,,
KLO,2009,12,18,7,-5.3,,,,,,,,954.4,,1.6,,3,0,0,0,0,0,0,,,,
KLO,2009,12,18,8,-5.3,,,,,,,,954.4,,1.9,,36,0,0,0,0,0,0,,,,
KLO,2009,12,18,9,-4.7,,,,,,,,954.2,,2.3,,122,984.8,20.1,0,0,0,0,,,,
KLO,2009,12,18,10,-4,,,,,,,,953.9,,2,,200,654.4,60.7,0,0,0,0,,,,
KLO,2009,12,18,11,-3.4,,,,,,,,953.3,,1.7,,212,281.3,130.8,0,0,0,0,,,,
KLO,2009,12,18,12,-3.4,,,,,,,,952.6,,3.6,,166,55.4,148,0,0,0,0,,,,
KLO,2009,12,18,13,-3.3,,,,,,,,952.4,,2.8,,130,17.7,124.3,0,0,0,0,,,,
KLO,2009,12,18,14,-3.1,,,,,,,,952.2,,3.9,,109,16.2,104.6,0,0,0,0,,,,
KLO,2009,12,18,15,-3.6,,,,,,,,952.3,,2.1,,28,1.4,27.7,0,0,0,0,,,,
KLO,2009,12,18,16,-4.1,,,,,,,,952.3,,1.8,,0,0,0,0,0,0,0,,,,
KLO,2009,12,18,17,-4.6,,,,,,,,952.3,,2.1,,0,0,0,0,0,0,0,,,,
KLO,2009,12,18,18,-4.7,,,,,,,,952.4,,1.9,,0,0,0,0,0,0,0,,,,
KLO,2009,12,18,19,-5.4,,,,,,,,952.4,,1.9,,0,0,0,0,0,0,0,,,,
KLO,2009,12,18,20,-5.5,,,,,,,,952.3,,3,,0,0,0,0,0,0,0,,,,
KLO,2009,12,18,21,-7,,,,,,,,952.1,,2.6,,0,0,0,0,0,0,0,,,,
KLO,2009,12,18,22,-7.2,,,,,,,,952.1,,1.8,,0,0,0,0,0,0,0,,,,
KLO,2009,12,18,23,-7.5,,,,,,,,952.1,,0.8,,0,0,0,0,0,0,0,,,,
KLO,2009,12,19,0,-6.8,,,,,,,,951.9,,0.6,,0,0,0,0,0,0,0,,,,
KLO,2009,12,19,1,-6.5,,,,,,,,952,,1,,0,0,0,0,0,0,0,,,,
KLO,2009,12,19,2,-5.9,,,,,,,,952.1,,2.1,,0,0,0,0,0,0,0,,,,
KLO,2009,12,19,3,-5.8,,,,,,,,951.9,,1,,0,0,0,0,0,0,0,,,,
KLO,2009,12,19,4,-6,,,,,,,,951.7,,1.4,,0,0,0,0,0,0,0,,,,
KLO,2009,12,19,5,-5.9,,,,,,,,951.6,,2.5,,0,0,0,0,0,0,0,,,,
KLO,2009,12,19,6,-6,,,,,,,,951.5,,2.2,,0,0,0,0,0,0,0,,,,
KLO,2009,12,19,7,-6.2,,,,,,,,951.5,,1.7,,3,0,0,0,0,0,0,,,,
KLO,2009,12,19,8,-5.9,,,,,,,,951.7,,2.2,,35,0,0,0,0,0,0,,,,
KLO,2009,12,19,9,-5.4,,,,,,,,951.6,,3.4,,80,360.3,43.2,0,0,0,0,,,,
KLO,2009,12,19,10,-5.1,,,,,,,,951.6,,4.3,,136,161.7,101.8,0,0,0,0,,,,
KLO,2009,12,19,11,-5.3,,,,,,,,951.5,,5,,154,69.7,133.9,0,0,0,0,,,,
KLO,2009,12,19,12,-6,,,,,,,,951.6,,5.3,,154,38.4,141.5,0,0,0,0,,,,
KLO,2009,12,19,13,-6.6,,,,,,,,951.9,,4.4,,82,4.2,80.7,0,0,0,0,,,,
KLO,2009,12,19,14,-7.4,,,,,,,,952.5,,4.3,,46,1.8,45.5,0,0,0,0,,,,
KLO,2009,12,19,15,-8.1,,,,,,,,953.2,,4.5,,9,0.1,9,0,0,0,0,,,,
KLO,2009,12,19,16,-8.8,,,,,,,,954.3,,4.1,,0,0,0,0,0,0,0,,,,
KLO,2009,12,19,17,-9.9,,,,,,,,955.3,,3.5,,0,0,0,0,0,0,0,,,,
KLO,2009,12,19,18,-10.3,,,,,,,,956,,3.7,,0,0,0,0,0,0,0,,,,
KLO,2009,12,19,19,-10.9,,,,,,,,957,,4.4,,0,0,0,0,0,0,0,,,,
KLO,2009,12,19,20,-11.5,,,,,,,,957.9,,4.3,,0,0,0,0,0,0,0,,,,
KLO,2009,12,19,21,-12.3,,,,,,,,958.3,,3.3,,0,0,0,0,0,0,0,,,,
KLO,2009,12,19,22,-12.7,,,,,,,,958.5,,2.1,,0,0,0,0,0,0,0,,,,
KLO,2009,12,19,23,-12.9,,,,,,,,958.8,,0.6,,0,0,0,0,0,0,0,,,,
KLO,2009,12,20,0,-13.4,,,,,,,,959,,1.6,,0,0,0,0,0,0,0,,,,
KLO,2009,12,20,1,-13.1,,,,,,,,959.3,,2.9,,0,0,0,0,0,0,0,,,,
KLO,2009,12,20,2,-13.6,,,,,,,,959.5,,1.1,,0,0,0,0,0,0,0,,,,
KLO,2009,12,20,3,-13.6,,,,,,,,959.5,,0.3,,0,0,0,0,0,0,0,,,,
KLO,2009,12,20,4,-13.4,,,,,,,,959.7,,0.7,,0,0,0,0,0,0,0,,,,
KLO,2009,12,20,5,-13.5,,,,,,,,959.9,,0.8,,0,0,0,0,0,0,0,,,,
KLO,2009,12,20,6,-14.1,,,,,,,,960,,0.6,,0,0,0,0,0,0,0,,,,
KLO,2009,12,20,7,-13.6,,,,,,,,959.8,,1.4,,4,0,0,0,0,0,0,,,,
KLO,2009,12,20,8,-12.1,,,,,,,,959.5,,1.4,,52,0,0,0,0,0,0,,,,
KLO,2009,12,20,9,-9.5,,,,,,,,959,,1.8,,176,1457.1,29,0,0,0,0,,,,
KLO,2009,12,20,10,-6.4,,,,,,,,958.3,,3.7,,278,1101.7,45.9,0,0,0,0,,,,
KLO,2009,12,20,11,-5.4,,,,,,,,957.4,,3.6,,324,941.9,53.5,0,0,0,0,,,,
KLO,2009,12,20,12,-4.6,,,,,,,,956.5,,3.8,,234,261.7,149.1,0,0,0,0,,,,
KLO,2009,12,20,13,-4.4,,,,,,,,955.4,,4.5,,95,5.6,93.2,0,0,0,0,,,,
KLO,2009,12,20,14,-3.9,,,,,,,,954.8,,4.3,,56,2.7,55.3,0,0,0,0,,,,
KLO,2009,12,20,15,-3.5,,,,,,,,954,,3.7,,12,0.3,12,0,0,0,0,,,,
KLO,2009,12,20,16,-3.5,,,,,,,,953.6,,4.2,,0,0,0,0,0,0,0,,,,
KLO,2009,12,20,17,-3.9,,,,,,,,953.6,,4.6,,0,0,0,0,0,0,0,,,,
KLO,2009,12,20,18,-3.3,,,,,,,,953.8,,6,,0,0,0,0,0,0,0,,,,
KLO,2009,12,20,19,-2.6,,,,,,,,954.1,,5.5,,0,0,0,0,0,0,0,,,,
KLO,2009,12,20,20,-2.1,,,,,,,,954.7,,6.1,,0,0,0,0,0,0,0,,,,
KLO,2009,12,20,21,-1.4,,,,,,,,955.1,,5.2,,0,0,0,0,0,0,0,,,,
KLO,2009,12,20,22,-0.4,,,,,,,,955.1,,7.2,,0,0,0,0,0,0,0,,,,
KLO,2009,12,20,23,0.2,,,,,,,,955.4,,6.1,,0,0,0,0,0,0,0,,,,
KLO,2009,12,21,0,0.8,,,,,,,,955.5,,7.4,,0,0,0,0,0,0,0,,,,
KLO,2009,12,21,1,1.2,,,,,,,,955.7,,6.9,,0,0,0,0,0,0,0,,,,
KLO,2009,12,21,2,1.4,,,,,,,,955.9,,6,,0,0,0,0,0,0,0,,,,
KLO,2009,12,21,3,1.2,,,,,,,,955.7,,4.1,,0,0,0,0,0,0,0,,,,
KLO,2009,12,21,4,1.1,,,,,,,,955.4,,3.2,,0,0,0,0,0,0,0,,,,
KLO,2009,12,21,5,1,,,,,,,,955.7,,3.8,,0,0,0,0,0,0,0,,,,
KLO,2009,12,21,6,0.7,,,,,,,,955.8,,3.2,,0,0,0,0,0,0,0,,,,
KLO,2009,12,21,7,0,,,,,,,,955.2,,3.5,,3,0,0,0,0,0,0,,,,
KLO,2009,12,21,8,-0.5,,,,,,,,954.7,,3.4,,53,0,0,0,0,0,0,,,,
KLO,2009,12,21,9,0,,,,,,,,953.4,,3.3,,146,1222.4,24.1,0,0,0,0,,,,
KLO,2009,12,21,10,0.6,,,,,,,,953.1,,2,,171,415,83.9,0,0,0,0,,,,
KLO,2009,12,21,11,1.1,,,,,,,,952.5,,2,,160,85.3,135.5,0,0,0,0,,,,
KLO,2009,12,21,12,1,,,,,,,,951.1,,1.7,,170,63.1,149.5,0,0,0,0,,,,
KLO,2009,12,21,13,1,,,,,,,,950.3,,2.6,,120,12.1,116.1,0,0,0,0,,,,
KLO,2009,12,21,14,0.7,,,,,,,,949.3,,1.6,,52,2.3,51.4,0,0,0,0,,,,
KLO,2009,12,21,15,0.2,,,,,,,,949.2,,1.7,,8,0.1,8,0,0,0,0,,,,
KLO,2009,12,21,16,0.3,,,,,,,,948.7,,1.8,,0,0,0,0,0,0,0,,,,
KLO,2009,12,21,17,0.3,,,,,,,,947,,1.8,,0,0,0,0,0,0,0,,,,
KLO,2009,12,21,18,0.3,,,,,,,,945.9,,1.1,,0,0,0,0,0,0,0,,,,
KLO,2009,12,21,19,0.4,,,,,,,,944.9,,1.3,,0,0,0,0,0,0,0,,,,
KLO,2009,12,21,20,0.3,,,,,,,,944.4,,1.8,,0,0,0,0,0,0,0,,,,
KLO,2009,12,21,21,0.2,,,,,,,,944.3,,1.5,,0,0,0,0,0,0,0,,,,
KLO,2009,12,21,22,0.3,,,,,,,,945,,0.8,,0,0,0,0,0,0,0,,,,
KLO,2009,12,21,23,1,,,,,,,,944.6,,0.8,,0,0,0,0,0,0,0,,,,
KLO,2009,12,22,0,0.5,,,,,,,,944.3,,1.6,,0,0,0,0,0,0,0,,,,
KLO,2009,12,22,1,-0.2,,,,,,,,943.9,,0.7,,0,0,0,0,0,0,0,,,,
KLO,2009,12,22,2,-0.2,,,,,,,,943.9,,1.6,,0,0,0,0,0,0,0,,,,
KLO,2009,12,22,3,-0.3,,,,,,,,943.6,,2.6,,0,0,0,0,0,0,0,,,,
KLO,2009,12,22,4,-0.2,,,,,,,,943.5,,2.2,,0,0,0,0,0,0,0,,,,
KLO,2009,12,22,5,-0.1,,,,,,,,943.3,,2.7,,0,0,0,0,0,0,0,,,,
KLO,2009,12,22,6,0.7,,,,,,,,943.4,,3,,0,0,0,0,0,0,0,,,,
KLO,2009,12,22,7,0.8,,,,,,,,943.9,,3.9,,6,0,0,0,0,0,0,,,,
KLO,2009,12,22,8,2.5,,,,,,,,944.3,,2.9,,65,0,0,0,0,0,0,,,,
KLO,2009,12,22,9,4,,,,,,,,945.2,,2.9,,72,273.6,45,0,0,0,0,,,,
KLO,2009,12,22,10,4.1,,,,,,,,945.1,,2.7,,77,11.2,74.7,0,0,0,0,,,,
KLO,2009,12,22,11,6.8,,,,,,,,944.7,,3.1,,182,154.5,137.8,0,0,0,0,,,,
KLO,2009,12,22,12,7.3,,,,,,,,944.5,,3.1,,202,141.3,156.2,0,0,0,0,,,,
KLO,2009,12,22,13,8.4,,,,,,,,944,,4.8,,166,59.7,146.9,0,0,0,0,,,,
KLO,2009,12,22,14,8.1,,,,,,,,943.7,,3.5,,79,5.3,77.6,0,0,0,0,,,,
KLO,2009,12,22,15,6.9,,,,,,,,943.3,,3.7,,15,0.4,14.9,0,0,0,0,,,,
KLO,2009,12,22,16,5.4,,,,,,,,942.5,,1.8,,0,0,0,0,0,0,0,,,,
KLO,2009,12,22,17,4.2,,,,,,,,941.8,,1.3,,0,0,0,0,0,0,0,,,,
KLO,2009,12,22,18,3.6,,,,,,,,942,,1.5,,0,0,0,0,0,0,0,,,,
KLO,2009,12,22,19,3,,,,,,,,941.8,,1.6,,0,0,0,0,0,0,0,,,,
KLO,2009,12,22,20,3,,,,,,,,940.5,,2.6,,0,0,0,0,0,0,0,,,,
KLO,2009,12,22,21,2.9,,,,,,,,939.8,,1.3,,0,0,0,0,0,0,0,,,,
KLO,2009,12,22,22,2.7,,,,,,,,940.3,,1.6,,0,0,0,0,0,0,0,,,,
KLO,2009,12,22,23,2.8,,,,,,,,940.4,,1.4,,0,0,0,0,0,0,0,,,,
KLO,2009,12,23,0,3.1,,,,,,,,940.3,,2.1,,0,0,0,0,0,0,0,,,,
KLO,2009,12,23,1,3.3,,,,,,,,940.6,,1.3,,0,0,0,0,0,0,0,,,,
KLO,2009,12,23,2,3.3,,,,,,,,941,,2.3,,0,0,0,0,0,0,0,,,,
KLO,2009,12,23,3,3.1,,,,,,,,941.6,,1.8,,0,0,0,0,0,0,0,,,,
KLO,2009,12,23,4,3.5,,,,,,,,943.1,,3.6,,0,0,0,0,0,0,0,,,,
KLO,2009,12,23,5,2.2,,,,,,,,945,,3.2,,0,0,0,0,0,0,0,,,,
KLO,2009,12,23,6,2.2,,,,,,,,946.9,,3.9,,0,0,0,0,0,0,0,,,,
KLO,2009,12,23,7,2.1,,,,,,,,948.9,,3.4,,2,0,0,0,0,0,0,,,,
KLO,2009,12,23,8,2.2,,,,,,,,950,,0.8,,24,0,0,0,0,0,0,,,,
KLO,2009,12,23,9,2.6,,,,,,,,950.7,,0.8,,61,141.7,47.1,0,0,0,0,,,,
KLO,2009,12,23,10,3,,,,,,,,950.8,,0.8,,104,49.5,93.7,0,0,0,0,,,,
KLO,2009,12,23,11,3.9,,,,,,,,950.5,,0.8,,233,414.9,114.4,0,0,0,0,,,,
KLO,2009,12,23,12,4.1,,,,,,,,949.3,,1.5,,142,25.7,133.7,0,0,0,0,,,,
KLO,2009,12,23,13,4,,,,,,,,948.8,,1.9,,67,2.8,66.1,0,0,0,0,,,,
KLO,2009,12,23,14,3.7,,,,,,,,949,,2.3,,52,2.3,51.4,0,0,0,0,,,,
KLO,2009,12,23,15,3.3,,,,,,,,949.4,,1.9,,13,0.3,12.9,0,0,0,0,,,,
KLO,2009,12,23,16,3.2,,,,,,,,949.1,,3.5,,0,0,0,0,0,0,0,,,,
KLO,2009,12,23,17,3.4,,,,,,,,948,,2.4,,0,0,0,0,0,0,0,,,,
KLO,2009,12,23,18,3.2,,,,,,,,947.7,,1.4,,0,0,0,0,0,0,0,,,,
KLO,2009,12,23,19,2.7,,,,,,,,947.3,,2.2,,0,0,0,0,0,0,0,,,,
KLO,2009,12,23,20,2.3,,,,,,,,946.9,,2.2,,0,0,0,0,0,0,0,,,,
KLO,2009,12,23,21,2.5,,,,,,,,946.7,,2,,0,0,0,0,0,0,0,,,,
KLO,2009,12,23,22,2.1,,,,,,,,946.3,,1.4,,0,0,0,0,0,0,0,,,,
KLO,2009,12,23,23,1.8,,,,,,,,946.3,,2.1,,0,0,0,0,0,0,0,,,,
KLO,2009,12,24,0,2,,,,,,,,946.3,,2.8,,0,0,0,0,0,0,0,,,,
KLO,2009,12,24,1,1.4,,,,,,,,946.5,,0.9,,0,0,0,0,0,0,0,,,,
KLO,2009,12,24,2,1.1,,,,,,,,946.5,,1.2,,0,0,0,0,0,0,0,,,,
KLO,2009,12,24,3,1.1,,,,,,,,946.3,,1.1,,0,0,0,0,0,0,0,,,,
KLO,2009,12,24,4,0.9,,,,,,,,946.3,,0.6,,0,0,0,0,0,0,0,,,,
KLO,2009,12,24,5,0.9,,,,,,,,946.1,,0.7,,0,0,0,0,0,0,0,,,,
KLO,2009,12,24,6,1.5,,,,,,,,945.6,,1.1,,0,0,0,0,0,0,0,,,,
KLO,2009,12,24,7,1.6,,,,,,,,945.8,,0.5,,0,0,0,0,0,0,0,,,,
KLO,2009,12,24,8,1.9,,,,,,,,945.6,,1.4,,19,0,0,0,0,0,0,,,,
KLO,2009,12,24,9,2.1,,,,,,,,945.1,,2.2,,40,19,38.2,0,0,0,0,,,,
KLO,2009,12,24,10,2.3,,,,,,,,944.8,,2.4,,66,6.6,64.6,0,0,0,0,,,,
KLO,2009,12,24,11,2.5,,,,,,,,944,,2.5,,83,5.4,81.5,0,0,0,0,,,,
KLO,2009,12,24,12,2.3,,,,,,,,943.7,,2.9,,75,3.4,73.9,0,0,0,0,,,,
KLO,2009,12,24,13,2.4,,,,,,,,942.9,,1.7,,40,1,39.7,0,0,0,0,,,,
KLO,2009,12,24,14,2.5,,,,,,,,942.8,,1.5,,24,0.5,23.9,0,0,0,0,,,,
KLO,2009,12,24,15,2.3,,,,,,,,941.5,,1.7,,7,0.1,7,0,0,0,0,,,,
KLO,2009,12,24,16,1.9,,,,,,,,940.4,,0.6,,0,0,0,0,0,0,0,,,,
KLO,2009,12,24,17,1.9,,,,,,,,938.5,,1.7,,0,0,0,0,0,0,0,,,,
KLO,2009,12,24,18,2.2,,,,,,,,937.4,,2.7,,0,0,0,0,0,0,0,,,,
KLO,2009,12,24,19,2.5,,,,,,,,936.7,,3.3,,0,0,0,0,0,0,0,,,,
KLO,2009,12,24,20,2.2,,,,,,,,936.7,,2,,0,0,0,0,0,0,0,,,,
KLO,2009,12,24,21,1.6,,,,,,,,936.4,,1.1,,0,0,0,0,0,0,0,,,,
KLO,2009,12,24,22,2.8,,,,,,,,938.1,,2.8,,0,0,0,0,0,0,0,,,,
KLO,2009,12,24,23,3.3,,,,,,,,938.5,,2.3,,0,0,0,0,0,0,0,,,,
KLO,2009,12,25,0,4.1,,,,,,,,940,,3.3,,0,0,0,0,0,0,0,,,,
KLO,2009,12,25,1,4.1,,,,,,,,940.4,,3.2,,0,0,0,0,0,0,0,,,,
KLO,2009,12,25,2,5.2,,,,,,,,940,,3.8,,0,0,0,0,0,0,0,,,,
KLO,2009,12,25,3,5.9,,,,,,,,940.5,,3.5,,0,0,0,0,0,0,0,,,,
KLO,2009,12,25,4,6.5,,,,,,,,940.9,,4.1,,0,0,0,0,0,0,0,,,,
KLO,2009,12,25,5,6.8,,,,,,,,941.7,,3.3,,0,0,0,0,0,0,0,,,,
KLO,2009,12,25,6,7.8,,,,,,,,943.4,,7.2,,0,0,0,0,0,0,0,,,,
KLO,2009,12,25,7,7.2,,,,,,,,945.6,,4.9,,1,0,0,0,0,0,0,,,,
KLO,2009,12,25,8,6.2,,,,,,,,948,,7.7,,16,0,0,0,0,0,0,,,,
KLO,2009,12,25,9,5.7,,,,,,,,949.4,,5.8,,51,66.1,44.6,0,0,0,0,,,,
KLO,2009,12,25,10,6.1,,,,,,,,950.9,,4.9,,119,96.8,98.9,0,0,0,0,,,,
KLO,2009,12,25,11,5.8,,,,,,,,951.8,,4.9,,46,1.7,45.5,0,0,0,0,,,,
KLO,2009,12,25,12,6.3,,,,,,,,952.5,,4.1,,91,5,89.4,0,0,0,0,,,,
KLO,2009,12,25,13,5,,,,,,,,953.6,,6.2,,33,0.7,32.8,0,0,0,0,,,,
KLO,2009,12,25,14,4.1,,,,,,,,955.1,,4.8,,69,3.9,67.9,0,0,0,0,,,,
KLO,2009,12,25,15,3.5,,,,,,,,956,,3.7,,32,1.7,31.7,0,0,0,0,,,,
KLO,2009,12,25,16,2.8,,,,,,,,957.4,,4,,0,0,0,0,0,0,0,,,,
KLO,2009,12,25,17,3.4,,,,,,,,958.1,,6.1,,0,0,0,0,0,0,0,,,,
KLO,2009,12,25,18,3.8,,,,,,,,959.2,,6.2,,0,0,0,0,0,0,0,,,,
KLO,2009,12,25,19,3.9,,,,,,,,960,,5.9,,0,0,0,0,0,0,0,,,,
KLO,2009,12,25,20,4.1,,,,,,,,960.8,,6.5,,0,0,0,0,0,0,0,,,,
KLO,2009,12,25,21,4.1,,,,,,,,961.7,,6,,0,0,0,0,0,0,0,,,,
KLO,2009,12,25,22,3.7,,,,,,,,962.8,,4.2,,0,0,0,0,0,0,0,,,,
KLO,2009,12,25,23,2.7,,,,,,,,962.8,,3.3,,0,0,0,0,0,0,0,,,,
KLO,2009,12,26,0,0.9,,,,,,,,962.5,,1.1,,0,0,0,0,0,0,0,,,,
KLO,2009,12,26,1,-1.5,,,,,,,,962.4,,1.8,,0,0,0,0,0,0,0,,,,
KLO,2009,12,26,2,-2.3,,,,,,,,962.5,,1.5,,0,0,0,0,0,0,0,,,,
KLO,2009,12,26,3,-2.7,,,,,,,,962.6,,2,,0,0,0,0,0,0,0,,,,
KLO,2009,12,26,4,-3.1,,,,,,,,962.1,,1,,0,0,0,0,0,0,0,,,,
KLO,2009,12,26,5,-4.1,,,,,,,,961.6,,1.3,,0,0,0,0,0,0,0,,,,
KLO,2009,12,26,6,-4.6,,,,,,,,961.2,,1.7,,0,0,0,0,0,0,0,,,,
KLO,2009,12,26,7,-4.8,,,,,,,,960.8,,1.8,,4,0,0,0,0,0,0,,,,
KLO,2009,12,26,8,-3.5,,,,,,,,960.5,,2.3,,72,0,0,0,0,0,0,,,,
KLO,2009,12,26,9,-0.4,,,,,,,,960,,2.8,,190,1656.3,31.4,0,0,0,0,,,,
KLO,2009,12,26,10,1.4,,,,,,,,959.3,,2.8,,250,1007.7,41.2,0,0,0,0,,,,
KLO,2009,12,26,11,1.8,,,,,,,,958.9,,1.8,,284,757.2,67.8,0,0,0,0,,,,
KLO,2009,12,26,12,2.7,,,,,,,,958.3,,2.3,,249,330.6,141.6,0,0,0,0,,,,
KLO,2009,12,26,13,2.4,,,,,,,,958,,2.8,,148,32.5,137.5,0,0,0,0,,,,
KLO,2009,12,26,14,1.7,,,,,,,,957.9,,1.4,,81,5.4,79.5,0,0,0,0,,,,
KLO,2009,12,26,15,0.9,,,,,,,,957.8,,1.5,,25,1,24.8,0,0,0,0,,,,
KLO,2009,12,26,16,-0.4,,,,,,,,958,,0.8,,0,0,0,0,0,0,0,,,,
KLO,2009,12,26,17,-1,,,,,,,,958.2,,1,,0,0,0,0,0,0,0,,,,
KLO,2009,12,26,18,-1.2,,,,,,,,958.3,,0.9,,0,0,0,0,0,0,0,,,,
KLO,2009,12,26,19,-2.1,,,,,,,,958.3,,0.7,,0,0,0,0,0,0,0,,,,
KLO,2009,12,26,20,-2.6,,,,,,,,958.4,,0.6,,0,0,0,0,0,0,0,,,,
KLO,2009,12,26,21,-2.7,,,,,,,,958.6,,0.8,,0,0,0,0,0,0,0,,,,
KLO,2009,12,26,22,-2.9,,,,,,,,958.8,,1.2,,0,0,0,0,0,0,0,,,,
KLO,2009,12,26,23,-3.2,,,,,,,,959,,1.8,,0,0,0,0,0,0,0,,,,
KLO,2009,12,27,0,-2.9,,,,,,,,959,,2,,0,0,0,0,0,0,0,,,,
KLO,2009,12,27,1,-3,,,,,,,,959,,2.2,,0,0,0,0,0,0,0,,,,
KLO,2009,12,27,2,-2.5,,,,,,,,959.1,,1.9,,0,0,0,0,0,0,0,,,,
KLO,2009,12,27,3,-3.2,,,,,,,,959,,1.6,,0,0,0,0,0,0,0,,,,
KLO,2009,12,27,4,-3.5,,,,,,,,959.1,,2,,0,0,0,0,0,0,0,,,,
KLO,2009,12,27,5,-2.6,,,,,,,,959.3,,1.1,,0,0,0,0,0,0,0,,,,
KLO,2009,12,27,6,-2.2,,,,,,,,959.6,,0.9,,0,0,0,0,0,0,0,,,,
KLO,2009,12,27,7,-1.3,,,,,,,,960.4,,1,,3,0,0,0,0,0,0,,,,
KLO,2009,12,27,8,-1.5,,,,,,,,961.1,,2.2,,45,0,0,0,0,0,0,,,,
KLO,2009,12,27,9,-0.9,,,,,,,,961.3,,1.8,,125,1094.8,20.6,0,0,0,0,,,,
KLO,2009,12,27,10,1.1,,,,,,,,961,,0.9,,285,1149.7,47,0,0,0,0,,,,
KLO,2009,12,27,11,2.5,,,,,,,,960.1,,1.4,,329,961.4,54.3,0,0,0,0,,,,
KLO,2009,12,27,12,4.7,,,,,,,,959.4,,3.6,,389,997.9,64.2,0,0,0,0,,,,
KLO,2009,12,27,13,4.5,,,,,,,,958.7,,2.2,,134,19.4,127.7,0,0,0,0,,,,
KLO,2009,12,27,14,4.3,,,,,,,,958.2,,2.6,,52,2.2,51.4,0,0,0,0,,,,
KLO,2009,12,27,15,3.3,,,,,,,,958.5,,6.1,,13,0.3,12.9,0,0,0,0,,,,
KLO,2009,12,27,16,1.1,,,,,,,,959.1,,4.5,,0,0,0,0,0,0,0,,,,
KLO,2009,12,27,17,2,,,,,,,,959.5,,5.2,,0,0,0,0,0,0,0,,,,
KLO,2009,12,27,18,2.6,,,,,,,,959.8,,6.1,,0,0,0,0,0,0,0,,,,
KLO,2009,12,27,19,2.8,,,,,,,,959.8,,5.5,,0,0,0,0,0,0,0,,,,
KLO,2009,12,27,20,3.2,,,,,,,,960,,5.1,,0,0,0,0,0,0,0,,,,
KLO,2009,12,27,21,3.4,,,,,,,,959.9,,5,,0,0,0,0,0,0,0,,,,
KLO,2009,12,27,22,3.2,,,,,,,,960.1,,5,,0,0,0,0,0,0,0,,,,
KLO,2009,12,27,23,3.6,,,,,,,,960.3,,6.4,,0,0,0,0,0,0,0,,,,
KLO,2009,12,28,0,3,,,,,,,,960.3,,5.2,,0,0,0,0,0,0,0,,,,
KLO,2009,12,28,1,3.2,,,,,,,,959.9,,5.7,,0,0,0,0,0,0,0,,,,
KLO,2009,12,28,2,2.9,,,,,,,,959.5,,5.7,,0,0,0,0,0,0,0,,,,
KLO,2009,12,28,3,2.4,,,,,,,,958.9,,3.1,,0,0,0,0,0,0,0,,,,
KLO,2009,12,28,4,2.2,,,,,,,,958.7,,0.9,,0,0,0,0,0,0,0,,,,
KLO,2009,12,28,5,0.3,,,,,,,,958.8,,0.4,,0,0,0,0,0,0,0,,,,
KLO,2009,12,28,6,0,,,,,,,,958.3,,1.7,,0,0,0,0,0,0,0,,,,
KLO,2009,12,28,7,-0.4,,,,,,,,957.9,,2.4,,9,0,0,0,0,0,0,,,,
KLO,2009,12,28,8,0.7,,,,,,,,957.5,,2.1,,74,0,0,0,0,0,0,,,,
KLO,2009,12,28,9,2.5,,,,,,,,957.3,,1.6,,171,1502.9,28.2,0,0,0,0,,,,
KLO,2009,12,28,10,3.7,,,,,,,,957.2,,1.3,,208,776.2,47.4,0,0,0,0,,,,
KLO,2009,12,28,11,4,,,,,,,,956.6,,0.9,,126,26.4,118.5,0,0,0,0,,,,
KLO,2009,12,28,12,4,,,,,,,,956.1,,1.2,,87,4.5,85.5,0,0,0,0,,,,
KLO,2009,12,28,13,3.7,,,,,,,,955.9,,1.7,,85,4.4,83.6,0,0,0,0,,,,
KLO,2009,12,28,14,3.4,,,,,,,,956,,1.2,,63,3.2,62.1,0,0,0,0,,,,
KLO,2009,12,28,15,2.9,,,,,,,,956,,0.8,,24,0.9,23.8,0,0,0,0,,,,
KLO,2009,12,28,16,2.4,,,,,,,,955.9,,0.8,,0,0,0,0,0,0,0,,,,
KLO,2009,12,28,17,1.6,,,,,,,,955.7,,1.3,,0,0,0,0,0,0,0,,,,
KLO,2009,12,28,18,1.1,,,,,,,,955.9,,1.4,,0,0,0,0,0,0,0,,,,
KLO,2009,12,28,19,1.1,,,,,,,,955.9,,0.7,,0,0,0,0,0,0,0,,,,
KLO,2009,12,28,20,0.8,,,,,,,,955.9,,1.1,,0,0,0,0,0,0,0,,,,
KLO,2009,12,28,21,0.4,,,,,,,,955.8,,1.9,,0,0,0,0,0,0,0,,,,
KLO,2009,12,28,22,0.6,,,,,,,,955.7,,1.5,,0,0,0,0,0,0,0,,,,
KLO,2009,12,28,23,0.6,,,,,,,,955.5,,1.6,,0,0,0,0,0,0,0,,,,
KLO,2009,12,29,0,0.7,,,,,,,,955.4,,1,,0,0,0,0,0,0,0,,,,
KLO,2009,12,29,1,0.6,,,,,,,,955.2,,0.4,,0,0,0,0,0,0,0,,,,
KLO,2009,12,29,2,0.4,,,,,,,,955,,0.8,,0,0,0,0,0,0,0,,,,
KLO,2009,12,29,3,0.2,,,,,,,,954.8,,1.1,,0,0,0,0,0,0,0,,,,
KLO,2009,12,29,4,0.1,,,,,,,,954.5,,1.1,,0,0,0,0,0,0,0,,,,
KLO,2009,12,29,5,0.3,,,,,,,,954.4,,1.1,,0,0,0,0,0,0,0,,,,
KLO,2009,12,29,6,0.3,,,,,,,,954,,0.4,,0,0,0,0,0,0,0,,,,
KLO,2009,12,29,7,0.2,,,,,,,,953.8,,0.7,,3,0,0,0,0,0,0,,,,
KLO,2009,12,29,8,0.5,,,,,,,,953.9,,1,,36,0,0,0,0,0,0,,,,
KLO,2009,12,29,9,0.8,,,,,,,,953.8,,1.1,,42,27.2,39.4,0,0,0,0,,,,
KLO,2009,12,29,10,1.5,,,,,,,,953.6,,1,,54,4.3,53.1,0,0,0,0,,,,
KLO,2009,12,29,11,2.1,,,,,,,,953,,0.8,,79,4.8,77.6,0,0,0,0,,,,
KLO,2009,12,29,12,2.4,,,,,,,,952.8,,0.6,,36,0.8,35.7,0,0,0,0,,,,
KLO,2009,12,29,13,3.9,,,,,,,,952.4,,2.8,,48,1.4,47.5,0,0,0,0,,,,
KLO,2009,12,29,14,6.4,,,,,,,,952.1,,5,,44,1.5,43.6,0,0,0,0,,,,
KLO,2009,12,29,15,6.6,,,,,,,,952,,5,,12,0.2,12,0,0,0,0,,,,
KLO,2009,12,29,16,6,,,,,,,,951.9,,4.2,,0,0,0,0,0,0,0,,,,
KLO,2009,12,29,17,6.5,,,,,,,,951.7,,3.2,,0,0,0,0,0,0,0,,,,
KLO,2009,12,29,18,6.9,,,,,,,,951.2,,4.8,,0,0,0,0,0,0,0,,,,
KLO,2009,12,29,19,7.3,,,,,,,,951.4,,4.6,,0,0,0,0,0,0,0,,,,
KLO,2009,12,29,20,6.9,,,,,,,,951.6,,3,,0,0,0,0,0,0,0,,,,
KLO,2009,12,29,21,7,,,,,,,,951.7,,3.3,,0,0,0,0,0,0,0,,,,
KLO,2009,12,29,22,6.5,,,,,,,,952.3,,2.3,,0,0,0,0,0,0,0,,,,
KLO,2009,12,29,23,6.6,,,,,,,,951.9,,3.9,,0,0,0,0,0,0,0,,,,
KLO,2009,12,30,0,7.1,,,,,,,,951,,4.6,,0,0,0,0,0,0,0,,,,
KLO,2009,12,30,1,7.3,,,,,,,,950.1,,3.6,,0,0,0,0,0,0,0,,,,
KLO,2009,12,30,2,7,,,,,,,,950.4,,3,,0,0,0,0,0,0,0,,,,
KLO,2009,12,30,3,7.1,,,,,,,,950.6,,1.9,,0,0,0,0,0,0,0,,,,
KLO,2009,12,30,4,7.6,,,,,,,,951,,1.7,,0,0,0,0,0,0,0,,,,
KLO,2009,12,30,5,7.3,,,,,,,,950.4,,3.5,,0,0,0,0,0,0,0,,,,
KLO,2009,12,30,6,7.3,,,,,,,,950,,3.6,,0,0,0,0,0,0,0,,,,
KLO,2009,12,30,7,7,,,,,,,,949.3,,3.6,,2,0,0,0,0,0,0,,,,
KLO,2009,12,30,8,6.7,,,,,,,,948.9,,1.3,,9,0,0,0,0,0,0,,,,
KLO,2009,12,30,9,7,,,,,,,,948.1,,1,,38,16.6,36.4,0,0,0,0,,,,
KLO,2009,12,30,10,7.2,,,,,,,,947.1,,1.1,,41,2.5,40.5,0,0,0,0,,,,
KLO,2009,12,30,11,7,,,,,,,,947.1,,2.1,,30,0.7,29.8,0,0,0,0,,,,
KLO,2009,12,30,12,7.4,,,,,,,,946.5,,3.4,,24,0.3,23.9,0,0,0,0,,,,
KLO,2009,12,30,13,7.6,,,,,,,,945.8,,1.8,,20,0.2,19.9,0,0,0,0,,,,
KLO,2009,12,30,14,8.4,,,,,,,,945.8,,3.3,,14,0.2,14,0,0,0,0,,,,
KLO,2009,12,30,15,8.6,,,,,,,,946.5,,4,,4,0,4,0,0,0,0,,,,
KLO,2009,12,30,16,8.8,,,,,,,,947.1,,6,,0,0,0,0,0,0,0,,,,
KLO,2009,12,30,17,8.4,,,,,,,,947.4,,5.4,,0,0,0,0,0,0,0,,,,
KLO,2009,12,30,18,8.2,,,,,,,,947.8,,4.1,,0,0,0,0,0,0,0,,,,
KLO,2009,12,30,19,7.9,,,,,,,,947.7,,2.5,,0,0,0,0,0,0,0,,,,
KLO,2009,12,30,20,7.5,,,,,,,,948.2,,2.3,,0,0,0,0,0,0,0,,,,
KLO,2009,12,30,21,7.8,,,,,,,,948.8,,3.5,,0,0,0,0,0,0,0,,,,
KLO,2009,12,30,22,7.7,,,,,,,,949,,3.8,,0,0,0,0,0,0,0,,,,
KLO,2009,12,30,23,7.3,,,,,,,,949,,4.3,,0,0,0,0,0,0,0,,,,
KLO,2009,12,31,0,6.8,,,,,,,,948.2,,2.5,,0,0,0,0,0,0,0,,,,
KLO,2009,12,31,1,6.3,,,,,,,,947.8,,1.6,,0,0,0,0,0,0,0,,,,
KLO,2009,12,31,2,5.7,,,,,,,,947.3,,1,,0,0,0,0,0,0,0,,,,
KLO,2009,12,31,3,5.1,,,,,,,,946.5,,1.4,,0,0,0,0,0,0,0,,,,
KLO,2009,12,31,4,6.1,,,,,,,,947.2,,2.9,,0,0,0,0,0,0,0,,,,
KLO,2009,12,31,5,6,,,,,,,,947.1,,2.5,,0,0,0,0,0,0,0,,,,
KLO,2009,12,31,6,6.4,,,,,,,,947.1,,3.2,,0,0,0,0,0,0,0,,,,
KLO,2009,12,31,7,6.4,,,,,,,,947.5,,1.7,,0,0,0,0,0,0,0,,,,
KLO,2009,12,31,8,6.5,,,,,,,,947.5,,2.5,,23,0,0,0,0,0,0,,,,
KLO,2009,12,31,9,6.9,,,,,,,,947.3,,2.9,,50,65.1,43.8,0,0,0,0,,,,
KLO,2009,12,31,10,7.3,,,,,,,,947,,2.8,,115,82.2,97.9,0,0,0,0,,,,
KLO,2009,12,31,11,7,,,,,,,,946.9,,1.9,,44,1.5,43.6,0,0,0,0,,,,
KLO,2009,12,31,12,6.6,,,,,,,,946.6,,1.3,,39,0.9,38.7,0,0,0,0,,,,
KLO,2009,12,31,13,6.1,,,,,,,,946.2,,2.3,,33,0.6,32.8,0,0,0,0,,,,
KLO,2009,12,31,14,6.1,,,,,,,,945.8,,3,,38,1.1,37.7,0,0,0,0,,,,
KLO,2009,12,31,15,6,,,,,,,,945.3,,2.3,,16,0.4,15.9,0,0,0,0,,,,
KLO,2009,12,31,16,5.8,,,,,,,,944.8,,2.6,,0,0,0,0,0,0,0,,,,
KLO,2009,12,31,17,5.4,,,,,,,,944.5,,2.7,,0,0,0,0,0,0,0,,,,
KLO,2009,12,31,18,5.1,,,,,,,,944.4,,1.9,,0,0,0,0,0,0,0,,,,
KLO,2009,12,31,19,4.7,,,,,,,,944.2,,0.7,,0,0,0,0,0,0,0,,,,
KLO,2009,12,31,20,3.9,,,,,,,,943.8,,1.2,,0,0,0,0,0,0,0,,,,
KLO,2009,12,31,21,2.5,,,,,,,,943.5,,0.8,,0,0,0,0,0,0,0,,,,
KLO,2009,12,31,22,1.4,,,,,,,,943.1,,1,,0,0,0,0,0,0,0,,,,
KLO,2009,12,31,23,2.1,,,,,,,,942.9,,1.6,,0,0,0,0,0,0,0,,,,
