station,time.yy,time.mm,time.dd,time.hh,temp,relhum,vappres,dewpt,mixratio,wetbulb,enthalpy,precip,airpres,winddir,windmean,windmax,rad.global,rad.direct,rad.diffus,rad.vert.N,rad.vert.E,rad.vert.S,rad.vert.W,ir.horiz,cloudcov,albedo,emissivity
KLO,2010,1,1,0,2.3,,,,,,,,942.3,,1.5,,0,0,0,0,0,0,0,,,,
KLO,2010,1,1,1,2.6,,,,,,,,942.1,,1.1,,0,0,0,0,0,0,0,,,,
KLO,2010,1,1,2,2.7,,,,,,,,941.6,,1.1,,0,0,0,0,0,0,0,,,,
KLO,2010,1,1,3,2.9,,,,,,,,941.1,,1.4,,0,0,0,0,0,0,0,,,,
KLO,2010,1,1,4,2.8,,,,,,,,940.9,,1.1,,0,0,0,0,0,0,0,,,,
KLO,2010,1,1,5,2.7,,,,,,,,940.7,,2.1,,0,0,0,0,0,0,0,,,,
KLO,2010,1,1,6,2.5,,,,,,,,940.6,,2.2,,0,0,0,0,0,0,0,,,,
KLO,2010,1,1,7,1.9,,,,,,,,940.6,,1.2,,2,0,0,0,0,0,0,,,,
KLO,2010,1,1,8,2.1,,,,,,,,941,,0.4,,23,0,0,0,0,0,0,,,,
KLO,2010,1,1,9,2.2,,,,,,,,941.5,,1,,38,16.4,36.4,0,0,0,0,,,,
KLO,2010,1,1,10,2.7,,,,,,,,942.1,,1.4,,58,4.9,57,0,0,0,0,,,,
KLO,2010,1,1,11,3.1,,,,,,,,942,,1,,65,3.2,64.1,0,0,0,0,,,,
KLO,2010,1,1,12,3.4,,,,,,,,942.1,,1.1,,59,2,58.3,0,0,0,0,,,,
KLO,2010,1,1,13,3.6,,,,,,,,942.6,,1,,25,0.4,24.9,0,0,0,0,,,,
KLO,2010,1,1,14,3.8,,,,,,,,943.3,,1,,24,0.4,23.9,0,0,0,0,,,,
KLO,2010,1,1,15,3.9,,,,,,,,944.2,,0.8,,5,0,5,0,0,0,0,,,,
KLO,2010,1,1,16,4,,,,,,,,945.3,,2.1,,0,0,0,0,0,0,0,,,,
KLO,2010,1,1,17,3.3,,,,,,,,946.7,,3.9,,0,0,0,0,0,0,0,,,,
KLO,2010,1,1,18,2.5,,,,,,,,948.3,,3.8,,0,0,0,0,0,0,0,,,,
KLO,2010,1,1,19,1.5,,,,,,,,950.1,,4.9,,0,0,0,0,0,0,0,,,,
KLO,2010,1,1,20,1,,,,,,,,951.8,,4,,0,0,0,0,0,0,0,,,,
KLO,2010,1,1,21,0.9,,,,,,,,953.2,,3.9,,0,0,0,0,0,0,0,,,,
KLO,2010,1,1,22,0.5,,,,,,,,954.2,,5.3,,0,0,0,0,0,0,0,,,,
KLO,2010,1,1,23,0.2,,,,,,,,955.2,,5.9,,0,0,0,0,0,0,0,,,,
KLO,2010,1,2,0,-0.2,,,,,,,,956.1,,5.4,,0,0,0,0,0,0,0,,,,
KLO,2010,1,2,1,-0.5,,,,,,,,957.3,,5.4,,0,0,0,0,0,0,0,,,,
KLO,2010,1,2,2,-0.9,,,,,,,,958.5,,4,,0,0,0,0,0,0,0,,,,
KLO,2010,1,2,3,-0.9,,,,,,,,959.5,,3.6,,0,0,0,0,0,0,0,,,,
KLO,2010,1,2,4,-1,,,,,,,,960.1,,5.2,,0,0,0,0,0,0,0,,,,
KLO,2010,1,2,5,-1.2,,,,,,,,960.9,,5.6,,0,0,0,0,0,0,0,,,,
KLO,2010,1,2,6,-1.5,,,,,,,,961.5,,4.5,,0,0,0,0,0,0,0,,,,
KLO,2010,1,2,7,-1.7,,,,,,,,962.7,,3.5,,1,0,0,0,0,0,0,,,,
KLO,2010,1,2,8,-1.7,,,,,,,,963.8,,3.8,,37,0,0,0,0,0,0,,,,
KLO,2010,1,2,9,-1.7,,,,,,,,964.7,,3,,71,299.2,42.6,0,0,0,0,,,,
KLO,2010,1,2,10,-1.2,,,,,,,,965.5,,4.6,,181,512.6,74.1,0,0,0,0,,,,
KLO,2010,1,2,11,-0.6,,,,,,,,966,,4.5,,316,907.7,53.4,0,0,0,0,,,,
KLO,2010,1,2,12,-1.1,,,,,,,,966.8,,3.2,,104,6.4,101.9,0,0,0,0,,,,
KLO,2010,1,2,13,-0.7,,,,,,,,967.4,,3.9,,226,208.4,157,0,0,0,0,,,,
KLO,2010,1,2,14,-0.8,,,,,,,,968.2,,3.3,,129,28.1,120.9,0,0,0,0,,,,
KLO,2010,1,2,15,-1.5,,,,,,,,968.9,,2.8,,45,3,44.4,0,0,0,0,,,,
KLO,2010,1,2,16,-2.6,,,,,,,,969.5,,2.3,,0,0,0,0,0,0,0,,,,
KLO,2010,1,2,17,-3.3,,,,,,,,970.3,,1.4,,0,0,0,0,0,0,0,,,,
KLO,2010,1,2,18,-3.7,,,,,,,,970.6,,1.6,,0,0,0,0,0,0,0,,,,
KLO,2010,1,2,19,-4.1,,,,,,,,970.9,,1.3,,0,0,0,0,0,0,0,,,,
KLO,2010,1,2,20,-5.2,,,,,,,,970.9,,0.9,,0,0,0,0,0,0,0,,,,
KLO,2010,1,2,21,-5.4,,,,,,,,970.9,,0.8,,0,0,0,0,0,0,0,,,,
KLO,2010,1,2,22,-5.6,,,,,,,,971,,1.3,,0,0,0,0,0,0,0,,,,
KLO,2010,1,2,23,-6.5,,,,,,,,971.1,,1.9,,0,0,0,0,0,0,0,,,,
KLO,2010,1,3,0,-6.6,,,,,,,,971,,1.6,,0,0,0,0,0,0,0,,,,
KLO,2010,1,3,1,-6.7,,,,,,,,971.2,,1.8,,0,0,0,0,0,0,0,,,,
KLO,2010,1,3,2,-6.9,,,,,,,,971.2,,2.2,,0,0,0,0,0,0,0,,,,
KLO,2010,1,3,3,-6.8,,,,,,,,970.8,,2.2,,0,0,0,0,0,0,0,,,,
KLO,2010,1,3,4,-6.9,,,,,,,,970.8,,1.9,,0,0,0,0,0,0,0,,,,
KLO,2010,1,3,5,-7.3,,,,,,,,970.6,,2.3,,0,0,0,0,0,0,0,,,,
KLO,2010,1,3,6,-7.2,,,,,,,,970.3,,1.7,,0,0,0,0,0,0,0,,,,
KLO,2010,1,3,7,-7.4,,,,,,,,970.4,,2.1,,5,0,0,0,0,0,0,,,,
KLO,2010,1,3,8,-5.9,,,,,,,,970.7,,2,,89,0,0,0,0,0,0,,,,
KLO,2010,1,3,9,-4.1,,,,,,,,970.7,,2.7,,207,1810.6,34.2,0,0,0,0,,,,
KLO,2010,1,3,10,-2.7,,,,,,,,970.5,,1.6,,298,1189.2,49.2,0,0,0,0,,,,
KLO,2010,1,3,11,-1.9,,,,,,,,969.3,,1.2,,344,989.2,56.8,0,0,0,0,,,,
KLO,2010,1,3,12,-1,,,,,,,,968.9,,1.2,,337,790.4,74.1,0,0,0,0,,,,
KLO,2010,1,3,13,-0.7,,,,,,,,968.5,,1.2,,282,473.2,124.5,0,0,0,0,,,,
KLO,2010,1,3,14,-0.6,,,,,,,,968.5,,1.5,,179,132.5,140.4,0,0,0,0,,,,
KLO,2010,1,3,15,-1.4,,,,,,,,968.5,,1.6,,48,3.3,47.3,0,0,0,0,,,,
KLO,2010,1,3,16,-2.6,,,,,,,,968.3,,1.8,,0,0,0,0,0,0,0,,,,
KLO,2010,1,3,17,-3.5,,,,,,,,968,,1.9,,0,0,0,0,0,0,0,,,,
KLO,2010,1,3,18,-4.9,,,,,,,,968.2,,2.2,,0,0,0,0,0,0,0,,,,
KLO,2010,1,3,19,-5.3,,,,,,,,967.9,,2.4,,0,0,0,0,0,0,0,,,,
KLO,2010,1,3,20,-5.8,,,,,,,,967.7,,1.8,,0,0,0,0,0,0,0,,,,
KLO,2010,1,3,21,-6.5,,,,,,,,967.5,,0.8,,0,0,0,0,0,0,0,,,,
KLO,2010,1,3,22,-7.5,,,,,,,,967.4,,0.6,,0,0,0,0,0,0,0,,,,
KLO,2010,1,3,23,-8,,,,,,,,967,,0.7,,0,0,0,0,0,0,0,,,,
KLO,2010,1,4,0,-8.7,,,,,,,,966.5,,0.6,,0,0,0,0,0,0,0,,,,
KLO,2010,1,4,1,-9.3,,,,,,,,965.9,,1.2,,0,0,0,0,0,0,0,,,,
KLO,2010,1,4,2,-9.5,,,,,,,,965.4,,1,,0,0,0,0,0,0,0,,,,
KLO,2010,1,4,3,-9.9,,,,,,,,965,,1.6,,0,0,0,0,0,0,0,,,,
KLO,2010,1,4,4,-9.6,,,,,,,,964.6,,0.8,,0,0,0,0,0,0,0,,,,
KLO,2010,1,4,5,-9.5,,,,,,,,964.4,,1.1,,0,0,0,0,0,0,0,,,,
KLO,2010,1,4,6,-9.7,,,,,,,,964.5,,0.6,,0,0,0,0,0,0,0,,,,
KLO,2010,1,4,7,-9.7,,,,,,,,964.3,,0.7,,5,0,0,0,0,0,0,,,,
KLO,2010,1,4,8,-8.9,,,,,,,,964.4,,1,,52,0,0,0,0,0,0,,,,
KLO,2010,1,4,9,-8,,,,,,,,964.4,,1.2,,152,1322.8,25.1,0,0,0,0,,,,
KLO,2010,1,4,10,-6.4,,,,,,,,964.1,,0.4,,294,1168.7,48.5,0,0,0,0,,,,
KLO,2010,1,4,11,-5.6,,,,,,,,963.3,,0.5,,305,844.8,58.7,0,0,0,0,,,,
KLO,2010,1,4,12,-4.6,,,,,,,,962.5,,0.9,,328,733.3,83,0,0,0,0,,,,
KLO,2010,1,4,13,-3.5,,,,,,,,961.9,,0.6,,271,404.4,135.6,0,0,0,0,,,,
KLO,2010,1,4,14,-3,,,,,,,,961.5,,0.7,,174,112.8,140.9,0,0,0,0,,,,
KLO,2010,1,4,15,-3.5,,,,,,,,961.4,,1.4,,52,3.8,51.2,0,0,0,0,,,,
KLO,2010,1,4,16,-4.6,,,,,,,,961.4,,1.7,,0,0,0,0,0,0,0,,,,
KLO,2010,1,4,17,-6,,,,,,,,961.3,,1.7,,0,0,0,0,0,0,0,,,,
KLO,2010,1,4,18,-6.9,,,,,,,,961.4,,1.4,,0,0,0,0,0,0,0,,,,
KLO,2010,1,4,19,-6.8,,,,,,,,961.4,,1.6,,0,0,0,0,0,0,0,,,,
KLO,2010,1,4,20,-7.5,,,,,,,,961.1,,1.3,,0,0,0,0,0,0,0,,,,
KLO,2010,1,4,21,-8.5,,,,,,,,961,,2.7,,0,0,0,0,0,0,0,,,,
KLO,2010,1,4,22,-8.7,,,,,,,,960.6,,1.7,,0,0,0,0,0,0,0,,,,
KLO,2010,1,4,23,-8.5,,,,,,,,960.2,,1.9,,0,0,0,0,0,0,0,,,,
KLO,2010,1,5,0,-8.6,,,,,,,,959.6,,1.5,,0,0,0,0,0,0,0,,,,
KLO,2010,1,5,1,-8.8,,,,,,,,959.3,,1.4,,0,0,0,0,0,0,0,,,,
KLO,2010,1,5,2,-8.1,,,,,,,,959,,2,,0,0,0,0,0,0,0,,,,
KLO,2010,1,5,3,-7.5,,,,,,,,958.3,,1.8,,0,0,0,0,0,0,0,,,,
KLO,2010,1,5,4,-7.4,,,,,,,,957.6,,3.2,,0,0,0,0,0,0,0,,,,
KLO,2010,1,5,5,-7.3,,,,,,,,957,,2.7,,0,0,0,0,0,0,0,,,,
KLO,2010,1,5,6,-6.8,,,,,,,,956.4,,3,,0,0,0,0,0,0,0,,,,
KLO,2010,1,5,7,-6.7,,,,,,,,956.1,,3.2,,2,0,0,0,0,0,0,,,,
KLO,2010,1,5,8,-6.3,,,,,,,,956.1,,2.7,,30,0,0,0,0,0,0,,,,
KLO,2010,1,5,9,-5.7,,,,,,,,955.7,,1.9,,56,101.7,46.2,0,0,0,0,,,,
KLO,2010,1,5,10,-5.4,,,,,,,,955.2,,3.5,,70,7.5,68.4,0,0,0,0,,,,
KLO,2010,1,5,11,-4.9,,,,,,,,954.4,,3.3,,128,25.4,120.6,0,0,0,0,,,,
KLO,2010,1,5,12,-4.7,,,,,,,,953.6,,2.7,,94,5,92.3,0,0,0,0,,,,
KLO,2010,1,5,13,-4.3,,,,,,,,952.9,,3.1,,112,7.5,109.5,0,0,0,0,,,,
KLO,2010,1,5,14,-4.2,,,,,,,,952.5,,2.7,,64,3,63.1,0,0,0,0,,,,
KLO,2010,1,5,15,-4.2,,,,,,,,952.3,,2.7,,19,0.5,18.9,0,0,0,0,,,,
KLO,2010,1,5,16,-4.2,,,,,,,,952.1,,2.4,,0,0,0,0,0,0,0,,,,
KLO,2010,1,5,17,-4.5,,,,,,,,951.8,,2.2,,0,0,0,0,0,0,0,,,,
KLO,2010,1,5,18,-4.9,,,,,,,,951.6,,2.4,,0,0,0,0,0,0,0,,,,
KLO,2010,1,5,19,-5.1,,,,,,,,951.3,,2.1,,0,0,0,0,0,0,0,,,,
KLO,2010,1,5,20,-5.1,,,,,,,,951,,2.1,,0,0,0,0,0,0,0,,,,
KLO,2010,1,5,21,-5,,,,,,,,950.7,,1.9,,0,0,0,0,0,0,0,,,,
KLO,2010,1,5,22,-4.7,,,,,,,,950.5,,1.6,,0,0,0,0,0,0,0,,,,
KLO,2010,1,5,23,-4.7,,,,,,,,950.3,,1.5,,0,0,0,0,0,0,0,,,,
KLO,2010,1,6,0,-4.8,,,,,,,,949.9,,1.4,,0,0,0,0,0,0,0,,,,
KLO,2010,1,6,1,-4.8,,,,,,,,949.7,,2,,0,0,0,0,0,0,0,,,,
KLO,2010,1,6,2,-4.9,,,,,,,,949.8,,2,,0,0,0,0,0,0,0,,,,
KLO,2010,1,6,3,-5,,,,,,,,949.7,,1.6,,0,0,0,0,0,0,0,,,,
KLO,2010,1,6,4,-5,,,,,,,,949.8,,1.7,,0,0,0,0,0,0,0,,,,
KLO,2010,1,6,5,-5,,,,,,,,950.1,,0.6,,0,0,0,0,0,0,0,,,,
KLO,2010,1,6,6,-4.8,,,,,,,,950.2,,0.7,,0,0,0,0,0,0,0,,,,
KLO,2010,1,6,7,-4.1,,,,,,,,950.5,,1.3,,2,0,0,0,0,0,0,,,,
KLO,2010,1,6,8,-3.5,,,,,,,,951.1,,1.4,,14,0,0,0,0,0,0,,,,
KLO,2010,1,6,9,-2.9,,,,,,,,951.5,,2.8,,41,21.1,38.9,0,0,0,0,,,,
KLO,2010,1,6,10,-2.6,,,,,,,,951.7,,1.8,,92,24.4,86.8,0,0,0,0,,,,
KLO,2010,1,6,11,-2.3,,,,,,,,951.3,,1.5,,108,11,104.8,0,0,0,0,,,,
KLO,2010,1,6,12,-2.3,,,,,,,,951.3,,2.3,,55,1.7,54.4,0,0,0,0,,,,
KLO,2010,1,6,13,-2.3,,,,,,,,951.4,,1.5,,51,1.4,50.5,0,0,0,0,,,,
KLO,2010,1,6,14,-2.1,,,,,,,,951.6,,1,,37,1,36.7,0,0,0,0,,,,
KLO,2010,1,6,15,-2.1,,,,,,,,952,,1.1,,10,0.1,10,0,0,0,0,,,,
KLO,2010,1,6,16,-2.3,,,,,,,,952.4,,0.8,,0,0,0,0,0,0,0,,,,
KLO,2010,1,6,17,-2.4,,,,,,,,952.7,,1,,0,0,0,0,0,0,0,,,,
KLO,2010,1,6,18,-2.6,,,,,,,,953.2,,1,,0,0,0,0,0,0,0,,,,
KLO,2010,1,6,19,-2.8,,,,,,,,953.5,,0.5,,0,0,0,0,0,0,0,,,,
KLO,2010,1,6,20,-4.2,,,,,,,,953.6,,0.6,,0,0,0,0,0,0,0,,,,
KLO,2010,1,6,21,-4,,,,,,,,954,,1,,0,0,0,0,0,0,0,,,,
KLO,2010,1,6,22,-3,,,,,,,,954.5,,0.6,,0,0,0,0,0,0,0,,,,
KLO,2010,1,6,23,-2.9,,,,,,,,954.6,,0.7,,0,0,0,0,0,0,0,,,,
KLO,2010,1,7,0,-3,,,,,,,,954.8,,0.7,,0,0,0,0,0,0,0,,,,
KLO,2010,1,7,1,-2.8,,,,,,,,955.1,,1.7,,0,0,0,0,0,0,0,,,,
KLO,2010,1,7,2,-2.8,,,,,,,,955.4,,1.8,,0,0,0,0,0,0,0,,,,
KLO,2010,1,7,3,-3.5,,,,,,,,955.3,,2.3,,0,0,0,0,0,0,0,,,,
KLO,2010,1,7,4,-4.6,,,,,,,,955.3,,3.1,,0,0,0,0,0,0,0,,,,
KLO,2010,1,7,5,-4.2,,,,,,,,955.5,,2.3,,0,0,0,0,0,0,0,,,,
KLO,2010,1,7,6,-4.1,,,,,,,,955.8,,1,,0,0,0,0,0,0,0,,,,
KLO,2010,1,7,7,-4,,,,,,,,956.2,,1.2,,5,0,0,0,0,0,0,,,,
KLO,2010,1,7,8,-3.9,,,,,,,,956.9,,0.7,,72,0,0,0,0,0,0,,,,
KLO,2010,1,7,9,-2.9,,,,,,,,957.2,,1.9,,125,1063.7,20.6,0,0,0,0,,,,
KLO,2010,1,7,10,-2.4,,,,,,,,957.5,,1.4,,141,182.5,102.1,0,0,0,0,,,,
KLO,2010,1,7,11,-1.3,,,,,,,,957.5,,1.1,,330,932,54.3,0,0,0,0,,,,
KLO,2010,1,7,12,-0.3,,,,,,,,957.1,,1,,256,311.3,150.3,0,0,0,0,,,,
KLO,2010,1,7,13,-0.2,,,,,,,,957.1,,0.4,,168,46.4,152.2,0,0,0,0,,,,
KLO,2010,1,7,14,0,,,,,,,,957.5,,0.4,,77,4.2,75.7,0,0,0,0,,,,
KLO,2010,1,7,15,-0.3,,,,,,,,957.9,,0.4,,26,0.9,25.8,0,0,0,0,,,,
KLO,2010,1,7,16,-0.6,,,,,,,,958.3,,0.4,,0,0,0,0,0,0,0,,,,
KLO,2010,1,7,17,-1.1,,,,,,,,958.5,,1.4,,0,0,0,0,0,0,0,,,,
KLO,2010,1,7,18,-1.4,,,,,,,,959,,1.4,,0,0,0,0,0,0,0,,,,
KLO,2010,1,7,19,-1.7,,,,,,,,959,,0.8,,0,0,0,0,0,0,0,,,,
KLO,2010,1,7,20,-2.7,,,,,,,,959.2,,1.3,,0,0,0,0,0,0,0,,,,
KLO,2010,1,7,21,-3.2,,,,,,,,959.3,,1.2,,0,0,0,0,0,0,0,,,,
KLO,2010,1,7,22,-3,,,,,,,,959.2,,2.1,,0,0,0,0,0,0,0,,,,
KLO,2010,1,7,23,-2.7,,,,,,,,959.1,,2.1,,0,0,0,0,0,0,0,,,,
KLO,2010,1,8,0,-2.3,,,,,,,,958.7,,2.8,,0,0,0,0,0,0,0,,,,
KLO,2010,1,8,1,-2.3,,,,,,,,958.5,,2.1,,0,0,0,0,0,0,0,,,,
KLO,2010,1,8,2,-1.9,,,,,,,,958.5,,1.9,,0,0,0,0,0,0,0,,,,
KLO,2010,1,8,3,-2,,,,,,,,958.4,,3.5,,0,0,0,0,0,0,0,,,,
KLO,2010,1,8,4,-2.2,,,,,,,,957.9,,2.8,,0,0,0,0,0,0,0,,,,
KLO,2010,1,8,5,-2.3,,,,,,,,957.4,,2.7,,0,0,0,0,0,0,0,,,,
KLO,2010,1,8,6,-2.2,,,,,,,,957,,2.8,,0,0,0,0,0,0,0,,,,
KLO,2010,1,8,7,-1.9,,,,,,,,956.7,,5,,0,0,0,0,0,0,0,,,,
KLO,2010,1,8,8,-2.1,,,,,,,,956.4,,5.5,,14,0,0,0,0,0,0,,,,
KLO,2010,1,8,9,-2.2,,,,,,,,956.1,,5.1,,35,9.4,34.1,0,0,0,0,,,,
KLO,2010,1,8,10,-2.1,,,,,,,,955.5,,4.4,,46,2.9,45.4,0,0,0,0,,,,
KLO,2010,1,8,11,-1.9,,,,,,,,954.7,,4.7,,36,0.9,35.7,0,0,0,0,,,,
KLO,2010,1,8,12,-1.8,,,,,,,,953.8,,4.3,,37,0.7,36.7,0,0,0,0,,,,
KLO,2010,1,8,13,-1.7,,,,,,,,953.5,,5.4,,19,0.2,18.9,0,0,0,0,,,,
KLO,2010,1,8,14,-1.8,,,,,,,,953.4,,7,,8,0,8,0,0,0,0,,,,
KLO,2010,1,8,15,-1.9,,,,,,,,953.7,,6.3,,1,0,1,0,0,0,0,,,,
KLO,2010,1,8,16,-2.1,,,,,,,,954,,5.8,,0,0,0,0,0,0,0,,,,
KLO,2010,1,8,17,-2.3,,,,,,,,954.2,,4.7,,0,0,0,0,0,0,0,,,,
KLO,2010,1,8,18,-2.4,,,,,,,,954.5,,3.9,,0,0,0,0,0,0,0,,,,
KLO,2010,1,8,19,-2.5,,,,,,,,954.5,,5.1,,0,0,0,0,0,0,0,,,,
KLO,2010,1,8,20,-2.7,,,,,,,,954.6,,5.6,,0,0,0,0,0,0,0,,,,
KLO,2010,1,8,21,-2.8,,,,,,,,954.4,,5.1,,0,0,0,0,0,0,0,,,,
KLO,2010,1,8,22,-3,,,,,,,,954.6,,4.6,,0,0,0,0,0,0,0,,,,
KLO,2010,1,8,23,-3.2,,,,,,,,954.8,,4.6,,0,0,0,0,0,0,0,,,,
KLO,2010,1,9,0,-3.4,,,,,,,,954.7,,5,,0,0,0,0,0,0,0,,,,
KLO,2010,1,9,1,-3.6,,,,,,,,954.6,,5.3,,0,0,0,0,0,0,0,,,,
KLO,2010,1,9,2,-3.7,,,,,,,,954.6,,5.3,,0,0,0,0,0,0,0,,,,
KLO,2010,1,9,3,-3.9,,,,,,,,954.7,,3.2,,0,0,0,0,0,0,0,,,,
KLO,2010,1,9,4,-4.2,,,,,,,,954.3,,2.7,,0,0,0,0,0,0,0,,,,
KLO,2010,1,9,5,-4.3,,,,,,,,954,,5.6,,0,0,0,0,0,0,0,,,,
KLO,2010,1,9,6,-4.6,,,,,,,,953.5,,5.4,,0,0,0,0,0,0,0,,,,
KLO,2010,1,9,7,-4.6,,,,,,,,953.7,,6.6,,0,0,0,0,0,0,0,,,,
KLO,2010,1,9,8,-4.6,,,,,,,,953.8,,6.8,,16,0,0,0,0,0,0,,,,
KLO,2010,1,9,9,-4.5,,,,,,,,954,,6.8,,30,5.7,29.4,0,0,0,0,,,,
KLO,2010,1,9,10,-4.3,,,,,,,,953.9,,5.7,,39,2.1,38.6,0,0,0,0,,,,
KLO,2010,1,9,11,-4.2,,,,,,,,953.7,,5.3,,35,0.9,34.7,0,0,0,0,,,,
KLO,2010,1,9,12,-4.2,,,,,,,,953.2,,3.8,,28,0.4,27.9,0,0,0,0,,,,
KLO,2010,1,9,13,-4.1,,,,,,,,953.1,,4.2,,24,0.3,23.9,0,0,0,0,,,,
KLO,2010,1,9,14,-4.1,,,,,,,,953.3,,3.8,,12,0.1,12,0,0,0,0,,,,
KLO,2010,1,9,15,-4.1,,,,,,,,953.6,,3.6,,2,0,2,0,0,0,0,,,,
KLO,2010,1,9,16,-4.4,,,,,,,,953.7,,3.7,,0,0,0,0,0,0,0,,,,
KLO,2010,1,9,17,-4.7,,,,,,,,953.7,,4.5,,0,0,0,0,0,0,0,,,,
KLO,2010,1,9,18,-4.6,,,,,,,,953.9,,4,,0,0,0,0,0,0,0,,,,
KLO,2010,1,9,19,-4.8,,,,,,,,954.3,,3.1,,0,0,0,0,0,0,0,,,,
KLO,2010,1,9,20,-4.9,,,,,,,,954.6,,2.8,,0,0,0,0,0,0,0,,,,
KLO,2010,1,9,21,-5.1,,,,,,,,954.8,,2.6,,0,0,0,0,0,0,0,,,,
KLO,2010,1,9,22,-5,,,,,,,,955.2,,2.6,,0,0,0,0,0,0,0,,,,
KLO,2010,1,9,23,-5,,,,,,,,955.5,,2.2,,0,0,0,0,0,0,0,,,,
KLO,2010,1,10,0,-5.6,,,,,,,,955.7,,1.9,,0,0,0,0,0,0,0,,,,
KLO,2010,1,10,1,-5.6,,,,,,,,956,,1.7,,0,0,0,0,0,0,0,,,,
KLO,2010,1,10,2,-5.6,,,,,,,,956.6,,1.3,,0,0,0,0,0,0,0,,,,
KLO,2010,1,10,3,-5.4,,,,,,,,957,,0.6,,0,0,0,0,0,0,0,,,,
KLO,2010,1,10,4,-5.2,,,,,,,,957.5,,0.6,,0,0,0,0,0,0,0,,,,
KLO,2010,1,10,5,-5.1,,,,,,,,957.9,,1.3,,0,0,0,0,0,0,0,,,,
KLO,2010,1,10,6,-5.2,,,,,,,,958.5,,1,,0,0,0,0,0,0,0,,,,
KLO,2010,1,10,7,-5.4,,,,,,,,959.1,,0.6,,2,0,0,0,0,0,0,,,,
KLO,2010,1,10,8,-5.2,,,,,,,,960,,0.4,,27,0,0,0,0,0,0,,,,
KLO,2010,1,10,9,-4.5,,,,,,,,960.7,,0.9,,70,219,47.8,0,0,0,0,,,,
KLO,2010,1,10,10,-3.7,,,,,,,,961.2,,1.4,,129,112.9,104.4,0,0,0,0,,,,
KLO,2010,1,10,11,-3.4,,,,,,,,961.7,,2.2,,125,19.6,119.1,0,0,0,0,,,,
KLO,2010,1,10,12,-3.5,,,,,,,,961.9,,2.3,,95,4.8,93.3,0,0,0,0,,,,
KLO,2010,1,10,13,-3.6,,,,,,,,962.1,,2,,86,3.9,84.6,0,0,0,0,,,,
KLO,2010,1,10,14,-3.7,,,,,,,,962.6,,2.5,,42,1.2,41.6,0,0,0,0,,,,
KLO,2010,1,10,15,-3.8,,,,,,,,963.1,,2.3,,13,0.2,13,0,0,0,0,,,,
KLO,2010,1,10,16,-3.8,,,,,,,,963.6,,2.2,,0,0,0,0,0,0,0,,,,
KLO,2010,1,10,17,-3.9,,,,,,,,963.9,,1.9,,0,0,0,0,0,0,0,,,,
KLO,2010,1,10,18,-4,,,,,,,,964.2,,1.4,,0,0,0,0,0,0,0,,,,
KLO,2010,1,10,19,-4.3,,,,,,,,964.3,,0.9,,0,0,0,0,0,0,0,,,,
KLO,2010,1,10,20,-4.8,,,,,,,,964.5,,1.2,,0,0,0,0,0,0,0,,,,
KLO,2010,1,10,21,-4.7,,,,,,,,964.5,,1.3,,0,0,0,0,0,0,0,,,,
KLO,2010,1,10,22,-4.8,,,,,,,,964.6,,0.9,,0,0,0,0,0,0,0,,,,
KLO,2010,1,10,23,-5.9,,,,,,,,964.5,,1,,0,0,0,0,0,0,0,,,,
KLO,2010,1,11,0,-7.2,,,,,,,,964.3,,0.5,,0,0,0,0,0,0,0,,,,
KLO,2010,1,11,1,-7.5,,,,,,,,964.6,,0.7,,0,0,0,0,0,0,0,,,,
KLO,2010,1,11,2,-6.6,,,,,,,,964.6,,0.7,,0,0,0,0,0,0,0,,,,
KLO,2010,1,11,3,-6,,,,,,,,964.6,,0.3,,0,0,0,0,0,0,0,,,,
KLO,2010,1,11,4,-5.8,,,,,,,,964.5,,0.7,,0,0,0,0,0,0,0,,,,
KLO,2010,1,11,5,-5.4,,,,,,,,964.3,,0.7,,0,0,0,0,0,0,0,,,,
KLO,2010,1,11,6,-5.3,,,,,,,,964.2,,0.4,,0,0,0,0,0,0,0,,,,
KLO,2010,1,11,7,-4.8,,,,,,,,964.4,,1.9,,3,0,0,0,0,0,0,,,,
KLO,2010,1,11,8,-4.6,,,,,,,,964.4,,0.8,,34,0,0,0,0,0,0,,,,
KLO,2010,1,11,9,-4.2,,,,,,,,964.4,,0.7,,131,1065.3,21.6,0,0,0,0,,,,
KLO,2010,1,11,10,-3.4,,,,,,,,964.4,,0.7,,186,476.4,81.6,0,0,0,0,,,,
KLO,2010,1,11,11,-2.5,,,,,,,,964.3,,1.6,,231,324,132.8,0,0,0,0,,,,
KLO,2010,1,11,12,-2.6,,,,,,,,964,,2.6,,129,11.5,125,0,0,0,0,,,,
KLO,2010,1,11,13,-2.5,,,,,,,,963.9,,2.8,,104,5.6,102,0,0,0,0,,,,
KLO,2010,1,11,14,-2.7,,,,,,,,964.2,,2.5,,62,2.5,61.2,0,0,0,0,,,,
KLO,2010,1,11,15,-3.2,,,,,,,,964.7,,2.2,,17,0.3,16.9,0,0,0,0,,,,
KLO,2010,1,11,16,-3.8,,,,,,,,965,,1.8,,1,0,1,0,0,0,0,,,,
KLO,2010,1,11,17,-3.9,,,,,,,,965.5,,1.2,,0,0,0,0,0,0,0,,,,
KLO,2010,1,11,18,-3.8,,,,,,,,965.8,,1.3,,0,0,0,0,0,0,0,,,,
KLO,2010,1,11,19,-3.8,,,,,,,,965.9,,1.1,,0,0,0,0,0,0,0,,,,
KLO,2010,1,11,20,-3.8,,,,,,,,966,,1,,0,0,0,0,0,0,0,,,,
KLO,2010,1,11,21,-3.7,,,,,,,,966.1,,1.2,,0,0,0,0,0,0,0,,,,
KLO,2010,1,11,22,-3.6,,,,,,,,966.2,,0.9,,0,0,0,0,0,0,0,,,,
KLO,2010,1,11,23,-3.5,,,,,,,,966.3,,0.7,,0,0,0,0,0,0,0,,,,
KLO,2010,1,12,0,-3.7,,,,,,,,966.2,,1,,0,0,0,0,0,0,0,,,,
KLO,2010,1,12,1,-3.9,,,,,,,,966.2,,0.5,,0,0,0,0,0,0,0,,,,
KLO,2010,1,12,2,-3.8,,,,,,,,966.1,,0.8,,0,0,0,0,0,0,0,,,,
KLO,2010,1,12,3,-3.9,,,,,,,,966,,0.9,,0,0,0,0,0,0,0,,,,
KLO,2010,1,12,4,-3.8,,,,,,,,965.8,,1,,0,0,0,0,0,0,0,,,,
KLO,2010,1,12,5,-3.9,,,,,,,,965.6,,0.7,,0,0,0,0,0,0,0,,,,
KLO,2010,1,12,6,-3.8,,,,,,,,965.4,,0.6,,0,0,0,0,0,0,0,,,,
KLO,2010,1,12,7,-3.9,,,,,,,,964.9,,0.5,,4,0,0,0,0,0,0,,,,
KLO,2010,1,12,8,-3.7,,,,,,,,964.4,,1.2,,53,0,0,0,0,0,0,,,,
KLO,2010,1,12,9,-3.4,,,,,,,,963.9,,1.4,,133,1066.6,21.9,0,0,0,0,,,,
KLO,2010,1,12,10,-2.3,,,,,,,,963,,1.9,,307,1160.2,50.7,0,0,0,0,,,,
KLO,2010,1,12,11,-2,,,,,,,,962.1,,1.6,,258,470.2,114.5,0,0,0,0,,,,
KLO,2010,1,12,12,-1.2,,,,,,,,961.3,,0.9,,342,722.8,88.7,0,0,0,0,,,,
KLO,2010,1,12,13,-1.5,,,,,,,,960.8,,2.3,,157,27.5,147.3,0,0,0,0,,,,
KLO,2010,1,12,14,-1.5,,,,,,,,960.1,,2.7,,61,2.4,60.2,0,0,0,0,,,,
KLO,2010,1,12,15,-1.9,,,,,,,,959.3,,3.5,,16,0.3,15.9,0,0,0,0,,,,
KLO,2010,1,12,16,-2,,,,,,,,958.5,,1.9,,0,0,0,0,0,0,0,,,,
KLO,2010,1,12,17,-1.9,,,,,,,,958,,3.4,,0,0,0,0,0,0,0,,,,
KLO,2010,1,12,18,-2,,,,,,,,957.6,,2,,0,0,0,0,0,0,0,,,,
KLO,2010,1,12,19,-2,,,,,,,,957.3,,2.1,,0,0,0,0,0,0,0,,,,
KLO,2010,1,12,20,-2,,,,,,,,956.7,,1.8,,0,0,0,0,0,0,0,,,,
KLO,2010,1,12,21,-2.5,,,,,,,,956,,1.9,,0,0,0,0,0,0,0,,,,
KLO,2010,1,12,22,-2.7,,,,,,,,955.5,,2.4,,0,0,0,0,0,0,0,,,,
KLO,2010,1,12,23,-2.9,,,,,,,,955.1,,2.4,,0,0,0,0,0,0,0,,,,
KLO,2010,1,13,0,-3,,,,,,,,955.7,,2.3,,0,0,0,0,0,0,0,,,,
KLO,2010,1,13,1,-2.6,,,,,,,,956.5,,1.3,,0,0,0,0,0,0,0,,,,
KLO,2010,1,13,2,-2.9,,,,,,,,955.6,,2.3,,0,0,0,0,0,0,0,,,,
KLO,2010,1,13,3,-3.1,,,,,,,,955.1,,1.3,,0,0,0,0,0,0,0,,,,
KLO,2010,1,13,4,-2.7,,,,,,,,954.5,,2.3,,0,0,0,0,0,0,0,,,,
KLO,2010,1,13,5,-2.8,,,,,,,,954.5,,2.2,,0,0,0,0,0,0,0,,,,
KLO,2010,1,13,6,-3,,,,,,,,954.7,,1.6,,0,0,0,0,0,0,0,,,,
KLO,2010,1,13,7,-2.9,,,,,,,,955.4,,1.8,,1,0,0,0,0,0,0,,,,
KLO,2010,1,13,8,-2.8,,,,,,,,956.1,,1,,28,0,0,0,0,0,0,,,,
KLO,2010,1,13,9,-2.4,,,,,,,,956.7,,0.7,,56,66.5,49,0,0,0,0,,,,
KLO,2010,1,13,10,-2,,,,,,,,956.9,,0.9,,86,13.8,82.9,0,0,0,0,,,,
KLO,2010,1,13,11,-1.4,,,,,,,,956.8,,0.6,,131,22.3,124.1,0,0,0,0,,,,
KLO,2010,1,13,12,-0.6,,,,,,,,956.6,,1.6,,137,14.1,132,0,0,0,0,,,,
KLO,2010,1,13,13,-0.1,,,,,,,,956.6,,1.9,,105,5.5,103,0,0,0,0,,,,
KLO,2010,1,13,14,0.4,,,,,,,,956.7,,3.4,,75,3.6,73.9,0,0,0,0,,,,
KLO,2010,1,13,15,0.5,,,,,,,,957,,3.3,,24,0.6,23.8,0,0,0,0,,,,
KLO,2010,1,13,16,0.6,,,,,,,,957.4,,2.8,,0,0,0,0,0,0,0,,,,
KLO,2010,1,13,17,1,,,,,,,,957.8,,2.6,,0,0,0,0,0,0,0,,,,
KLO,2010,1,13,18,1.2,,,,,,,,958.2,,2.4,,0,0,0,0,0,0,0,,,,
KLO,2010,1,13,19,1.2,,,,,,,,958.6,,2.1,,0,0,0,0,0,0,0,,,,
KLO,2010,1,13,20,1.3,,,,,,,,958.7,,2.6,,0,0,0,0,0,0,0,,,,
KLO,2010,1,13,21,1.4,,,,,,,,958.6,,2.9,,0,0,0,0,0,0,0,,,,
KLO,2010,1,13,22,1.1,,,,,,,,958.4,,2.9,,0,0,0,0,0,0,0,,,,
KLO,2010,1,13,23,1.2,,,,,,,,958.1,,2.5,,0,0,0,0,0,0,0,,,,
KLO,2010,1,14,0,1,,,,,,,,957.6,,1.4,,0,0,0,0,0,0,0,,,,
KLO,2010,1,14,1,0.8,,,,,,,,957.3,,0.8,,0,0,0,0,0,0,0,,,,
KLO,2010,1,14,2,-0.1,,,,,,,,956.9,,1.3,,0,0,0,0,0,0,0,,,,
KLO,2010,1,14,3,-0.4,,,,,,,,956.8,,0.5,,0,0,0,0,0,0,0,,,,
KLO,2010,1,14,4,0.6,,,,,,,,956.6,,1.7,,0,0,0,0,0,0,0,,,,
KLO,2010,1,14,5,0.7,,,,,,,,956.4,,1.7,,0,0,0,0,0,0,0,,,,
KLO,2010,1,14,6,0.9,,,,,,,,956.2,,1.6,,0,0,0,0,0,0,0,,,,
KLO,2010,1,14,7,0.8,,,,,,,,956.1,,2.8,,2,0,0,0,0,0,0,,,,
KLO,2010,1,14,8,1,,,,,,,,956,,3.1,,29,0,0,0,0,0,0,,,,
KLO,2010,1,14,9,1.2,,,,,,,,956,,2.2,,57,67.1,49.8,0,0,0,0,,,,
KLO,2010,1,14,10,1.4,,,,,,,,955.8,,3,,97,23.8,91.7,0,0,0,0,,,,
KLO,2010,1,14,11,1.3,,,,,,,,955.3,,2.3,,100,6.9,97.9,0,0,0,0,,,,
KLO,2010,1,14,12,1.7,,,,,,,,954.8,,2.3,,115,6.9,112.5,0,0,0,0,,,,
KLO,2010,1,14,13,2.1,,,,,,,,954.5,,3.2,,115,6.7,112.6,0,0,0,0,,,,
KLO,2010,1,14,14,1.9,,,,,,,,954.9,,2.9,,53,1.7,52.4,0,0,0,0,,,,
KLO,2010,1,14,15,1.5,,,,,,,,955.2,,3.8,,16,0.3,15.9,0,0,0,0,,,,
KLO,2010,1,14,16,1.4,,,,,,,,955.5,,2.9,,1,0,1,0,0,0,0,,,,
KLO,2010,1,14,17,1.3,,,,,,,,956.1,,2.7,,0,0,0,0,0,0,0,,,,
KLO,2010,1,14,18,1.3,,,,,,,,956.9,,3,,0,0,0,0,0,0,0,,,,
KLO,2010,1,14,19,1,,,,,,,,957.7,,3.2,,0,0,0,0,0,0,0,,,,
KLO,2010,1,14,20,0.6,,,,,,,,958.4,,3.7,,0,0,0,0,0,0,0,,,,
KLO,2010,1,14,21,0.3,,,,,,,,959.3,,3.2,,0,0,0,0,0,0,0,,,,
KLO,2010,1,14,22,0.2,,,,,,,,960.2,,3.3,,0,0,0,0,0,0,0,,,,
KLO,2010,1,14,23,0.1,,,,,,,,961,,3.8,,0,0,0,0,0,0,0,,,,
KLO,2010,1,15,0,-0.1,,,,,,,,961.6,,1.7,,0,0,0,0,0,0,0,,,,
KLO,2010,1,15,1,-0.3,,,,,,,,962.3,,1.4,,0,0,0,0,0,0,0,,,,
KLO,2010,1,15,2,-0.1,,,,,,,,963.1,,1.8,,0,0,0,0,0,0,0,,,,
KLO,2010,1,15,3,-0.3,,,,,,,,963.9,,1,,0,0,0,0,0,0,0,,,,
KLO,2010,1,15,4,-0.3,,,,,,,,964.7,,0.9,,0,0,0,0,0,0,0,,,,
KLO,2010,1,15,5,-0.4,,,,,,,,965.6,,0.4,,0,0,0,0,0,0,0,,,,
KLO,2010,1,15,6,-0.3,,,,,,,,966.6,,0.8,,0,0,0,0,0,0,0,,,,
KLO,2010,1,15,7,-0.3,,,,,,,,967.5,,0.8,,3,0,0,0,0,0,0,,,,
KLO,2010,1,15,8,0,,,,,,,,968.3,,0.9,,22,0,0,0,0,0,0,,,,
KLO,2010,1,15,9,0.4,,,,,,,,969.1,,0.7,,51,35.7,47.1,0,0,0,0,,,,
KLO,2010,1,15,10,0.9,,,,,,,,969.6,,0.5,,95,20.4,90.4,0,0,0,0,,,,
KLO,2010,1,15,11,1.7,,,,,,,,969.9,,1.1,,136,25,128.2,0,0,0,0,,,,
KLO,2010,1,15,12,2.2,,,,,,,,970.2,,1.4,,138,13.6,133.1,0,0,0,0,,,,
KLO,2010,1,15,13,2.2,,,,,,,,970.8,,1.6,,99,4.8,97.3,0,0,0,0,,,,
KLO,2010,1,15,14,2.1,,,,,,,,971.4,,1.1,,61,2.3,60.3,0,0,0,0,,,,
KLO,2010,1,15,15,2,,,,,,,,972.1,,1.1,,23,0.6,22.9,0,0,0,0,,,,
KLO,2010,1,15,16,1.7,,,,,,,,972.6,,0.7,,1,0,1,0,0,0,0,,,,
KLO,2010,1,15,17,1.1,,,,,,,,973.1,,1.2,,0,0,0,0,0,0,0,,,,
KLO,2010,1,15,18,1.6,,,,,,,,973.3,,0.6,,0,0,0,0,0,0,0,,,,
KLO,2010,1,15,19,1.3,,,,,,,,973.5,,1.1,,0,0,0,0,0,0,0,,,,
KLO,2010,1,15,20,1.2,,,,,,,,973.6,,1.3,,0,0,0,0,0,0,0,,,,
KLO,2010,1,15,21,1,,,,,,,,973.5,,2.7,,0,0,0,0,0,0,0,,,,
KLO,2010,1,15,22,0.9,,,,,,,,973.7,,1.4,,0,0,0,0,0,0,0,,,,
KLO,2010,1,15,23,0.8,,,,,,,,973.8,,2.1,,0,0,0,0,0,0,0,,,,
KLO,2010,1,16,0,0.6,,,,,,,,973.4,,1.6,,0,0,0,0,0,0,0,,,,
KLO,2010,1,16,1,0.6,,,,,,,,973.2,,1.8,,0,0,0,0,0,0,0,,,,
KLO,2010,1,16,2,0.5,,,,,,,,973,,2.3,,0,0,0,0,0,0,0,,,,
KLO,2010,1,16,3,0.3,,,,,,,,972.7,,2.8,,0,0,0,0,0,0,0,,,,
KLO,2010,1,16,4,0,,,,,,,,972.5,,1.5,,0,0,0,0,0,0,0,,,,
KLO,2010,1,16,5,-0.1,,,,,,,,971.8,,1.5,,0,0,0,0,0,0,0,,,,
KLO,2010,1,16,6,-0.2,,,,,,,,971.5,,1.6,,0,0,0,0,0,0,0,,,,
KLO,2010,1,16,7,-0.4,,,,,,,,970.9,,2.3,,3,0,0,0,0,0,0,,,,
KLO,2010,1,16,8,-0.5,,,,,,,,970.6,,2.1,,29,0,0,0,0,0,0,,,,
KLO,2010,1,16,9,-0.5,,,,,,,,970.2,,3,,89,390.9,45.6,0,0,0,0,,,,
KLO,2010,1,16,10,-0.4,,,,,,,,969.9,,1.3,,122,67.9,106.4,0,0,0,0,,,,
KLO,2010,1,16,11,-0.2,,,,,,,,969.2,,0.7,,192,128.3,151.6,0,0,0,0,,,,
KLO,2010,1,16,12,0.1,,,,,,,,968.9,,1.4,,172,39.1,157.9,0,0,0,0,,,,
KLO,2010,1,16,13,0.1,,,,,,,,968.5,,2.6,,148,17.4,141.7,0,0,0,0,,,,
KLO,2010,1,16,14,0,,,,,,,,967.8,,2.3,,96,5.5,94.2,0,0,0,0,,,,
KLO,2010,1,16,15,0,,,,,,,,967.4,,1.8,,27,0.8,26.8,0,0,0,0,,,,
KLO,2010,1,16,16,-0.6,,,,,,,,967,,1.4,,1,0,1,0,0,0,0,,,,
KLO,2010,1,16,17,-0.8,,,,,,,,967,,0.6,,0,0,0,0,0,0,0,,,,
KLO,2010,1,16,18,-1,,,,,,,,966.8,,1,,0,0,0,0,0,0,0,,,,
KLO,2010,1,16,19,-0.7,,,,,,,,966.2,,2.4,,0,0,0,0,0,0,0,,,,
KLO,2010,1,16,20,-0.1,,,,,,,,965.6,,1.9,,0,0,0,0,0,0,0,,,,
KLO,2010,1,16,21,0.2,,,,,,,,964.9,,1.4,,0,0,0,0,0,0,0,,,,
KLO,2010,1,16,22,0.8,,,,,,,,965.2,,1.5,,0,0,0,0,0,0,0,,,,
KLO,2010,1,16,23,2.8,,,,,,,,965.4,,4.4,,0,0,0,0,0,0,0,,,,
KLO,2010,1,17,0,3.1,,,,,,,,965.7,,5.1,,0,0,0,0,0,0,0,,,,
KLO,2010,1,17,1,2.9,,,,,,,,965.9,,4,,0,0,0,0,0,0,0,,,,
KLO,2010,1,17,2,2.4,,,,,,,,965,,4.2,,0,0,0,0,0,0,0,,,,
KLO,2010,1,17,3,1.9,,,,,,,,964.7,,2.5,,0,0,0,0,0,0,0,,,,
KLO,2010,1,17,4,2.7,,,,,,,,964.8,,4,,0,0,0,0,0,0,0,,,,
KLO,2010,1,17,5,4,,,,,,,,964.5,,4.5,,0,0,0,0,0,0,0,,,,
KLO,2010,1,17,6,4.1,,,,,,,,964.6,,5.5,,0,0,0,0,0,0,0,,,,
KLO,2010,1,17,7,4.5,,,,,,,,965,,5.5,,0,0,0,0,0,0,0,,,,
KLO,2010,1,17,8,5.2,,,,,,,,965.8,,6.1,,26,0,0,0,0,0,0,,,,
KLO,2010,1,17,9,5.7,,,,,,,,966.7,,6,,80,242.5,52.6,0,0,0,0,,,,
KLO,2010,1,17,10,6.1,,,,,,,,967.6,,5.2,,204,538.4,79.3,0,0,0,0,,,,
KLO,2010,1,17,11,6.4,,,,,,,,968.2,,5.7,,190,117.8,152.6,0,0,0,0,,,,
KLO,2010,1,17,12,6.8,,,,,,,,968.6,,6,,285,357.7,154.7,0,0,0,0,,,,
KLO,2010,1,17,13,7,,,,,,,,969.4,,5.6,,214,102.4,176.2,0,0,0,0,,,,
KLO,2010,1,17,14,6.4,,,,,,,,970.3,,5,,87,4.4,85.5,0,0,0,0,,,,
KLO,2010,1,17,15,5.3,,,,,,,,971.5,,5.4,,10,0.1,10,0,0,0,0,,,,
KLO,2010,1,17,16,4.7,,,,,,,,972.5,,3.3,,4,0.1,4,0,0,0,0,,,,
KLO,2010,1,17,17,4.4,,,,,,,,973.3,,2.2,,0,0,0,0,0,0,0,,,,
KLO,2010,1,17,18,4.7,,,,,,,,974,,2,,0,0,0,0,0,0,0,,,,
KLO,2010,1,17,19,4.1,,,,,,,,974.3,,2.5,,0,0,0,0,0,0,0,,,,
KLO,2010,1,17,20,4.1,,,,,,,,974.5,,2,,0,0,0,0,0,0,0,,,,
KLO,2010,1,17,21,3.2,,,,,,,,974.5,,0.5,,0,0,0,0,0,0,0,,,,
KLO,2010,1,17,22,3.6,,,,,,,,974.6,,1.1,,0,0,0,0,0,0,0,,,,
KLO,2010,1,17,23,2.5,,,,,,,,974.7,,1.2,,0,0,0,0,0,0,0,,,,
KLO,2010,1,18,0,1.8,,,,,,,,974.7,,2.4,,0,0,0,0,0,0,0,,,,
KLO,2010,1,18,1,1.9,,,,,,,,974.8,,1.6,,0,0,0,0,0,0,0,,,,
KLO,2010,1,18,2,1.3,,,,,,,,974.9,,1.4,,0,0,0,0,0,0,0,,,,
KLO,2010,1,18,3,1.7,,,,,,,,974.9,,1.3,,0,0,0,0,0,0,0,,,,
KLO,2010,1,18,4,1.3,,,,,,,,974.9,,1.7,,0,0,0,0,0,0,0,,,,
KLO,2010,1,18,5,0.6,,,,,,,,975.1,,1,,0,0,0,0,0,0,0,,,,
KLO,2010,1,18,6,0.9,,,,,,,,975.3,,0.7,,0,0,0,0,0,0,0,,,,
KLO,2010,1,18,7,0.9,,,,,,,,975.6,,1.5,,6,0,0,0,0,0,0,,,,
KLO,2010,1,18,8,1.4,,,,,,,,976,,0.9,,51,0,0,0,0,0,0,,,,
KLO,2010,1,18,9,1.8,,,,,,,,976.3,,0.9,,97,464.8,43.5,0,0,0,0,,,,
KLO,2010,1,18,10,3.3,,,,,,,,976.3,,0.9,,149,155.2,112.7,0,0,0,0,,,,
KLO,2010,1,18,11,4.5,,,,,,,,975.9,,0.9,,203,152.2,154.2,0,0,0,0,,,,
KLO,2010,1,18,12,5.3,,,,,,,,975.2,,1.9,,329,567.2,120.6,0,0,0,0,,,,
KLO,2010,1,18,13,5,,,,,,,,974.6,,1.7,,207,84,175.7,0,0,0,0,,,,
KLO,2010,1,18,14,5.6,,,,,,,,974.4,,2,,251,307.9,148.2,0,0,0,0,,,,
KLO,2010,1,18,15,4.9,,,,,,,,974.7,,2.4,,45,2,44.5,0,0,0,0,,,,
KLO,2010,1,18,16,2.8,,,,,,,,974.8,,1.7,,4,0,4,0,0,0,0,,,,
KLO,2010,1,18,17,1.8,,,,,,,,975.1,,1.2,,0,0,0,0,0,0,0,,,,
KLO,2010,1,18,18,0.5,,,,,,,,975.3,,0.9,,0,0,0,0,0,0,0,,,,
KLO,2010,1,18,19,-1,,,,,,,,975.2,,1,,0,0,0,0,0,0,0,,,,
KLO,2010,1,18,20,-0.7,,,,,,,,975.2,,1.3,,0,0,0,0,0,0,0,,,,
KLO,2010,1,18,21,-1.6,,,,,,,,974.9,,1.4,,0,0,0,0,0,0,0,,,,
KLO,2010,1,18,22,-2.7,,,,,,,,974.6,,1.5,,0,0,0,0,0,0,0,,,,
KLO,2010,1,18,23,-3.4,,,,,,,,974.4,,0.9,,0,0,0,0,0,0,0,,,,
KLO,2010,1,19,0,-3.9,,,,,,,,974,,0.8,,0,0,0,0,0,0,0,,,,
KLO,2010,1,19,1,-3.9,,,,,,,,973.8,,1.1,,0,0,0,0,0,0,0,,,,
KLO,2010,1,19,2,-2.9,,,,,,,,973.8,,0.7,,0,0,0,0,0,0,0,,,,
KLO,2010,1,19,3,-3.2,,,,,,,,973.4,,0.6,,0,0,0,0,0,0,0,,,,
KLO,2010,1,19,4,-2.9,,,,,,,,973,,1.2,,0,0,0,0,0,0,0,,,,
KLO,2010,1,19,5,-2.8,,,,,,,,972.5,,0.8,,0,0,0,0,0,0,0,,,,
KLO,2010,1,19,6,-2.9,,,,,,,,972.2,,0.8,,0,0,0,0,0,0,0,,,,
KLO,2010,1,19,7,-2.9,,,,,,,,972.3,,0.7,,3,0,0,0,0,0,0,,,,
KLO,2010,1,19,8,-2.3,,,,,,,,972.4,,0.6,,28,0,0,0,0,0,0,,,,
KLO,2010,1,19,9,-2,,,,,,,,972.5,,0.6,,56,39.5,51.4,0,0,0,0,,,,
KLO,2010,1,19,10,-2.1,,,,,,,,972.2,,0.7,,80,8,78.1,0,0,0,0,,,,
KLO,2010,1,19,11,-1.9,,,,,,,,971.5,,1,,105,7,102.7,0,0,0,0,,,,
KLO,2010,1,19,12,-1.6,,,,,,,,970.7,,0.9,,85,3.4,83.8,0,0,0,0,,,,
KLO,2010,1,19,13,-1.4,,,,,,,,970.1,,0.8,,65,1.9,64.3,0,0,0,0,,,,
KLO,2010,1,19,14,-1.6,,,,,,,,969.7,,1.2,,47,1.2,46.6,0,0,0,0,,,,
KLO,2010,1,19,15,-1.7,,,,,,,,969.7,,0.7,,19,0.3,18.9,0,0,0,0,,,,
KLO,2010,1,19,16,-2,,,,,,,,969.7,,1.1,,1,0,1,0,0,0,0,,,,
KLO,2010,1,19,17,-1.9,,,,,,,,969.4,,0.7,,0,0,0,0,0,0,0,,,,
KLO,2010,1,19,18,-2,,,,,,,,969.2,,0.8,,0,0,0,0,0,0,0,,,,
KLO,2010,1,19,19,-2.2,,,,,,,,969.1,,1.5,,0,0,0,0,0,0,0,,,,
KLO,2010,1,19,20,-2.4,,,,,,,,968.9,,1.6,,0,0,0,0,0,0,0,,,,
KLO,2010,1,19,21,-2.6,,,,,,,,968.6,,1.1,,0,0,0,0,0,0,0,,,,
KLO,2010,1,19,22,-2.7,,,,,,,,968.5,,0.6,,0,0,0,0,0,0,0,,,,
KLO,2010,1,19,23,-2.7,,,,,,,,968,,0.8,,0,0,0,0,0,0,0,,,,
KLO,2010,1,20,0,-2.7,,,,,,,,967.4,,0.8,,0,0,0,0,0,0,0,,,,
KLO,2010,1,20,1,-2.6,,,,,,,,967.1,,0.7,,0,0,0,0,0,0,0,,,,
KLO,2010,1,20,2,-2.7,,,,,,,,966.9,,1.1,,0,0,0,0,0,0,0,,,,
KLO,2010,1,20,3,-3.1,,,,,,,,966.5,,2,,0,0,0,0,0,0,0,,,,
KLO,2010,1,20,4,-3.3,,,,,,,,966.3,,1.1,,0,0,0,0,0,0,0,,,,
KLO,2010,1,20,5,-3.4,,,,,,,,966,,0.9,,0,0,0,0,0,0,0,,,,
KLO,2010,1,20,6,-3.4,,,,,,,,965.8,,1.2,,0,0,0,0,0,0,0,,,,
KLO,2010,1,20,7,-3.3,,,,,,,,965.5,,0.8,,1,0,0,0,0,0,0,,,,
KLO,2010,1,20,8,-3.2,,,,,,,,965.1,,2.3,,22,0,0,0,0,0,0,,,,
KLO,2010,1,20,9,-3.1,,,,,,,,964.9,,1.2,,52,24.6,49.1,0,0,0,0,,,,
KLO,2010,1,20,10,-2.7,,,,,,,,964.6,,1.5,,73,5.9,71.6,0,0,0,0,,,,
KLO,2010,1,20,11,-2.6,,,,,,,,964.1,,1.9,,105,6.8,102.8,0,0,0,0,,,,
KLO,2010,1,20,12,-2.6,,,,,,,,963.9,,1.2,,86,3.4,84.7,0,0,0,0,,,,
KLO,2010,1,20,13,-2.2,,,,,,,,963.6,,1.2,,89,3.5,87.7,0,0,0,0,,,,
KLO,2010,1,20,14,-1.8,,,,,,,,963.5,,1,,59,1.9,58.3,0,0,0,0,,,,
KLO,2010,1,20,15,-1.6,,,,,,,,963.7,,0.9,,16,0.2,15.9,0,0,0,0,,,,
KLO,2010,1,20,16,-1.7,,,,,,,,963.8,,1.1,,2,0,2,0,0,0,0,,,,
KLO,2010,1,20,17,-1.7,,,,,,,,964.1,,1.5,,0,0,0,0,0,0,0,,,,
KLO,2010,1,20,18,-1.9,,,,,,,,964.4,,0.8,,0,0,0,0,0,0,0,,,,
KLO,2010,1,20,19,-2,,,,,,,,964.7,,0.2,,0,0,0,0,0,0,0,,,,
KLO,2010,1,20,20,-2,,,,,,,,965,,0.6,,0,0,0,0,0,0,0,,,,
KLO,2010,1,20,21,-1.7,,,,,,,,965.3,,1.6,,0,0,0,0,0,0,0,,,,
KLO,2010,1,20,22,-1.5,,,,,,,,965.8,,1.5,,0,0,0,0,0,0,0,,,,
KLO,2010,1,20,23,-1.1,,,,,,,,966.2,,2.2,,0,0,0,0,0,0,0,,,,
KLO,2010,1,21,0,-0.6,,,,,,,,966.3,,2.3,,0,0,0,0,0,0,0,,,,
KLO,2010,1,21,1,0,,,,,,,,966.7,,1.9,,0,0,0,0,0,0,0,,,,
KLO,2010,1,21,2,0.3,,,,,,,,967.1,,2.6,,0,0,0,0,0,0,0,,,,
KLO,2010,1,21,3,0.8,,,,,,,,967.4,,1.8,,0,0,0,0,0,0,0,,,,
KLO,2010,1,21,4,1,,,,,,,,967.8,,1.9,,0,0,0,0,0,0,0,,,,
KLO,2010,1,21,5,1.1,,,,,,,,968.1,,2,,0,0,0,0,0,0,0,,,,
KLO,2010,1,21,6,1.4,,,,,,,,968.6,,1.8,,0,0,0,0,0,0,0,,,,
KLO,2010,1,21,7,1.5,,,,,,,,969.1,,1.9,,3,0,0,0,0,0,0,,,,
KLO,2010,1,21,8,1.7,,,,,,,,969.9,,1.6,,33,0,0,0,0,0,0,,,,
KLO,2010,1,21,9,2.2,,,,,,,,970.5,,1.6,,111,591.6,38.6,0,0,0,0,,,,
KLO,2010,1,21,10,2.8,,,,,,,,971.1,,1.9,,157,168.1,116.3,0,0,0,0,,,,
KLO,2010,1,21,11,4.4,,,,,,,,971,,1.5,,398,1008.7,65.7,0,0,0,0,,,,
KLO,2010,1,21,12,5.5,,,,,,,,970.5,,0.9,,438,969.1,72.3,0,0,0,0,,,,
KLO,2010,1,21,13,5.9,,,,,,,,970.3,,1.7,,357,641.3,111.6,0,0,0,0,,,,
KLO,2010,1,21,14,6,,,,,,,,970.5,,1.6,,243,238.5,160.7,0,0,0,0,,,,
KLO,2010,1,21,15,5,,,,,,,,970.8,,1.8,,91,8.2,88.8,0,0,0,0,,,,
KLO,2010,1,21,16,3.9,,,,,,,,971.2,,1,,6,0.1,6,0,0,0,0,,,,
KLO,2010,1,21,17,2.4,,,,,,,,971.5,,0.8,,0,0,0,0,0,0,0,,,,
KLO,2010,1,21,18,2.1,,,,,,,,971.8,,1,,0,0,0,0,0,0,0,,,,
KLO,2010,1,21,19,1.4,,,,,,,,971.9,,0.9,,0,0,0,0,0,0,0,,,,
KLO,2010,1,21,20,1.4,,,,,,,,972,,0.4,,0,0,0,0,0,0,0,,,,
KLO,2010,1,21,21,1,,,,,,,,972,,0.6,,0,0,0,0,0,0,0,,,,
KLO,2010,1,21,22,0.6,,,,,,,,972.1,,0.5,,0,0,0,0,0,0,0,,,,
KLO,2010,1,21,23,0.6,,,,,,,,972,,0.4,,0,0,0,0,0,0,0,,,,
KLO,2010,1,22,0,0.4,,,,,,,,971.9,,0.4,,0,0,0,0,0,0,0,,,,
KLO,2010,1,22,1,0.3,,,,,,,,971.8,,0.3,,0,0,0,0,0,0,0,,,,
KLO,2010,1,22,2,0.2,,,,,,,,971.8,,1.1,,0,0,0,0,0,0,0,,,,
KLO,2010,1,22,3,0.3,,,,,,,,971.8,,1.6,,0,0,0,0,0,0,0,,,,
KLO,2010,1,22,4,0.4,,,,,,,,971.7,,1.1,,0,0,0,0,0,0,0,,,,
KLO,2010,1,22,5,0.4,,,,,,,,971.8,,1,,0,0,0,0,0,0,0,,,,
KLO,2010,1,22,6,0.1,,,,,,,,971.9,,0.8,,0,0,0,0,0,0,0,,,,
KLO,2010,1,22,7,0.3,,,,,,,,972,,1.2,,10,0,0,0,0,0,0,,,,
KLO,2010,1,22,8,0.9,,,,,,,,972.3,,0.9,,33,0,0,0,0,0,0,,,,
KLO,2010,1,22,9,1.7,,,,,,,,972.5,,2.7,,44,9.3,42.8,0,0,0,0,,,,
KLO,2010,1,22,10,1.7,,,,,,,,972.6,,3.1,,52,2.9,51.3,0,0,0,0,,,,
KLO,2010,1,22,11,2.2,,,,,,,,972.3,,1.8,,78,3.5,76.8,0,0,0,0,,,,
KLO,2010,1,22,12,2.8,,,,,,,,972,,2.9,,166,25.2,156.4,0,0,0,0,,,,
KLO,2010,1,22,13,3.4,,,,,,,,971.5,,2.5,,153,15.6,147,0,0,0,0,,,,
KLO,2010,1,22,14,3.5,,,,,,,,971.6,,2.6,,102,5.5,100.1,0,0,0,0,,,,
KLO,2010,1,22,15,3.3,,,,,,,,971.8,,2.6,,46,1.8,45.5,0,0,0,0,,,,
KLO,2010,1,22,16,2.3,,,,,,,,972,,2.8,,6,0.1,6,0,0,0,0,,,,
KLO,2010,1,22,17,2.2,,,,,,,,972.4,,2.2,,0,0,0,0,0,0,0,,,,
KLO,2010,1,22,18,1.9,,,,,,,,972.6,,3.8,,0,0,0,0,0,0,0,,,,
KLO,2010,1,22,19,1.5,,,,,,,,972.8,,3.4,,0,0,0,0,0,0,0,,,,
KLO,2010,1,22,20,0.8,,,,,,,,972.7,,3,,0,0,0,0,0,0,0,,,,
KLO,2010,1,22,21,0.2,,,,,,,,972.7,,2,,0,0,0,0,0,0,0,,,,
KLO,2010,1,22,22,0.3,,,,,,,,973.1,,2.4,,0,0,0,0,0,0,0,,,,
KLO,2010,1,22,23,0.5,,,,,,,,973.1,,2.4,,0,0,0,0,0,0,0,,,,
KLO,2010,1,23,0,0.4,,,,,,,,972.8,,2.4,,0,0,0,0,0,0,0,,,,
KLO,2010,1,23,1,0.3,,,,,,,,972.5,,2,,0,0,0,0,0,0,0,,,,
KLO,2010,1,23,2,0.4,,,,,,,,972.5,,1.5,,0,0,0,0,0,0,0,,,,
KLO,2010,1,23,3,0.2,,,,,,,,972.3,,0.9,,0,0,0,0,0,0,0,,,,
KLO,2010,1,23,4,0.1,,,,,,,,972.1,,1.5,,0,0,0,0,0,0,0,,,,
KLO,2010,1,23,5,-0.2,,,,,,,,971.7,,1.7,,0,0,0,0,0,0,0,,,,
KLO,2010,1,23,6,-0.3,,,,,,,,971.7,,0.9,,0,0,0,0,0,0,0,,,,
KLO,2010,1,23,7,-0.5,,,,,,,,971.8,,1.3,,3,0,0,0,0,0,0,,,,
KLO,2010,1,23,8,-0.5,,,,,,,,971.9,,1.9,,26,0,0,0,0,0,0,,,,
KLO,2010,1,23,9,-0.5,,,,,,,,972.1,,1.6,,70,78.8,59.9,0,0,0,0,,,,
KLO,2010,1,23,10,-0.3,,,,,,,,972.2,,1,,103,19.7,98.1,0,0,0,0,,,,
KLO,2010,1,23,11,-0.1,,,,,,,,971.8,,1.2,,131,14.5,126.1,0,0,0,0,,,,
KLO,2010,1,23,12,0.4,,,,,,,,971.2,,1.3,,182,38.2,167.3,0,0,0,0,,,,
KLO,2010,1,23,13,1,,,,,,,,970.7,,1.1,,236,124.1,187.6,0,0,0,0,,,,
KLO,2010,1,23,14,0.9,,,,,,,,970.7,,0.5,,179,54,159.9,0,0,0,0,,,,
KLO,2010,1,23,15,1,,,,,,,,970.8,,0.5,,97,9.4,94.4,0,0,0,0,,,,
KLO,2010,1,23,16,0.3,,,,,,,,971.1,,0.5,,8,0.2,8,0,0,0,0,,,,
KLO,2010,1,23,17,-1.1,,,,,,,,971.3,,1,,0,0,0,0,0,0,0,,,,
KLO,2010,1,23,18,-1.8,,,,,,,,971.5,,0.8,,0,0,0,0,0,0,0,,,,
KLO,2010,1,23,19,-2.5,,,,,,,,971.4,,0.6,,0,0,0,0,0,0,0,,,,
KLO,2010,1,23,20,-3,,,,,,,,971.3,,0.7,,0,0,0,0,0,0,0,,,,
KLO,2010,1,23,21,-3.8,,,,,,,,971.3,,1.3,,0,0,0,0,0,0,0,,,,
KLO,2010,1,23,22,-3.2,,,,,,,,971.2,,1.1,,0,0,0,0,0,0,0,,,,
KLO,2010,1,23,23,-4.1,,,,,,,,971.2,,0.8,,0,0,0,0,0,0,0,,,,
KLO,2010,1,24,0,-4.4,,,,,,,,971.1,,0.5,,0,0,0,0,0,0,0,,,,
KLO,2010,1,24,1,-4.9,,,,,,,,971.2,,0.3,,0,0,0,0,0,0,0,,,,
KLO,2010,1,24,2,-5.2,,,,,,,,971.2,,0.3,,0,0,0,0,0,0,0,,,,
KLO,2010,1,24,3,-5.8,,,,,,,,971.4,,0.4,,0,0,0,0,0,0,0,,,,
KLO,2010,1,24,4,-5.1,,,,,,,,971.6,,0.9,,0,0,0,0,0,0,0,,,,
KLO,2010,1,24,5,-4.5,,,,,,,,971.8,,1.1,,0,0,0,0,0,0,0,,,,
KLO,2010,1,24,6,-3.8,,,,,,,,971.9,,0.8,,0,0,0,0,0,0,0,,,,
KLO,2010,1,24,7,-4.1,,,,,,,,972.1,,1,,6,0,0,0,0,0,0,,,,
KLO,2010,1,24,8,-3.8,,,,,,,,972.1,,0.6,,38,0,0,0,0,0,0,,,,
KLO,2010,1,24,9,-3.5,,,,,,,,972.4,,0.4,,74,92.5,61.9,0,0,0,0,,,,
KLO,2010,1,24,10,-3,,,,,,,,972.6,,0.6,,97,13.8,93.5,0,0,0,0,,,,
KLO,2010,1,24,11,-2.6,,,,,,,,972.3,,0.6,,141,19.8,134.3,0,0,0,0,,,,
KLO,2010,1,24,12,-1.9,,,,,,,,972,,0.9,,168,24.3,158.6,0,0,0,0,,,,
KLO,2010,1,24,13,-1,,,,,,,,971.5,,0.7,,184,35.7,169.9,0,0,0,0,,,,
KLO,2010,1,24,14,-0.5,,,,,,,,971.4,,0.9,,95,4.5,93.4,0,0,0,0,,,,
KLO,2010,1,24,15,-0.4,,,,,,,,971.3,,1.1,,46,1.7,45.5,0,0,0,0,,,,
KLO,2010,1,24,16,-0.8,,,,,,,,971.4,,1.4,,5,0.1,5,0,0,0,0,,,,
KLO,2010,1,24,17,-1.1,,,,,,,,971.7,,1.5,,0,0,0,0,0,0,0,,,,
KLO,2010,1,24,18,-0.6,,,,,,,,972,,1.3,,0,0,0,0,0,0,0,,,,
KLO,2010,1,24,19,-0.6,,,,,,,,971.9,,1.1,,0,0,0,0,0,0,0,,,,
KLO,2010,1,24,20,-0.6,,,,,,,,971.9,,1.2,,0,0,0,0,0,0,0,,,,
KLO,2010,1,24,21,-0.7,,,,,,,,971.8,,0.9,,0,0,0,0,0,0,0,,,,
KLO,2010,1,24,22,-0.5,,,,,,,,971.9,,1,,0,0,0,0,0,0,0,,,,
KLO,2010,1,24,23,-0.6,,,,,,,,971.7,,0.8,,0,0,0,0,0,0,0,,,,
KLO,2010,1,25,0,-1.1,,,,,,,,971.8,,1.4,,0,0,0,0,0,0,0,,,,
KLO,2010,1,25,1,-1,,,,,,,,971.8,,0.9,,0,0,0,0,0,0,0,,,,
KLO,2010,1,25,2,-0.7,,,,,,,,971.7,,0.3,,0,0,0,0,0,0,0,,,,
KLO,2010,1,25,3,-0.7,,,,,,,,971.7,,0.6,,0,0,0,0,0,0,0,,,,
KLO,2010,1,25,4,-0.6,,,,,,,,971.8,,1.1,,0,0,0,0,0,0,0,,,,
KLO,2010,1,25,5,-0.4,,,,,,,,971.9,,1.2,,0,0,0,0,0,0,0,,,,
KLO,2010,1,25,6,-0.2,,,,,,,,972.2,,1.5,,0,0,0,0,0,0,0,,,,
KLO,2010,1,25,7,-0.1,,,,,,,,972.9,,1.5,,3,0,0,0,0,0,0,,,,
KLO,2010,1,25,8,0.2,,,,,,,,973.4,,1.6,,42,0,0,0,0,0,0,,,,
KLO,2010,1,25,9,0.4,,,,,,,,974,,1.2,,59,27.2,55.4,0,0,0,0,,,,
KLO,2010,1,25,10,1.1,,,,,,,,974.3,,1.3,,167,177.4,121.8,0,0,0,0,,,,
KLO,2010,1,25,11,1.4,,,,,,,,974.3,,1.4,,125,10.7,121.3,0,0,0,0,,,,
KLO,2010,1,25,12,1.8,,,,,,,,974.1,,1.9,,100,4.2,98.4,0,0,0,0,,,,
KLO,2010,1,25,13,2.4,,,,,,,,974.1,,1.9,,158,15.9,151.7,0,0,0,0,,,,
KLO,2010,1,25,14,2.2,,,,,,,,974.5,,1.7,,58,1.6,57.4,0,0,0,0,,,,
KLO,2010,1,25,15,1.8,,,,,,,,974.9,,1.2,,19,0.3,18.9,0,0,0,0,,,,
KLO,2010,1,25,16,1.6,,,,,,,,975.5,,1.3,,4,0,4,0,0,0,0,,,,
KLO,2010,1,25,17,1.3,,,,,,,,976,,1.7,,0,0,0,0,0,0,0,,,,
KLO,2010,1,25,18,1.1,,,,,,,,976.4,,2,,0,0,0,0,0,0,0,,,,
KLO,2010,1,25,19,0.9,,,,,,,,976.7,,1.8,,0,0,0,0,0,0,0,,,,
KLO,2010,1,25,20,0.9,,,,,,,,977.1,,2.2,,0,0,0,0,0,0,0,,,,
KLO,2010,1,25,21,0.5,,,,,,,,977.4,,1,,0,0,0,0,0,0,0,,,,
KLO,2010,1,25,22,0.5,,,,,,,,977.6,,0.9,,0,0,0,0,0,0,0,,,,
KLO,2010,1,25,23,0.2,,,,,,,,977.7,,1,,0,0,0,0,0,0,0,,,,
KLO,2010,1,26,0,0.2,,,,,,,,977.5,,1.8,,0,0,0,0,0,0,0,,,,
KLO,2010,1,26,1,0.2,,,,,,,,977.6,,1.9,,0,0,0,0,0,0,0,,,,
KLO,2010,1,26,2,0.1,,,,,,,,977.5,,1.5,,0,0,0,0,0,0,0,,,,
KLO,2010,1,26,3,-0.2,,,,,,,,977.3,,1.7,,0,0,0,0,0,0,0,,,,
KLO,2010,1,26,4,-0.3,,,,,,,,977.3,,1.8,,0,0,0,0,0,0,0,,,,
KLO,2010,1,26,5,-0.3,,,,,,,,977.6,,3.1,,0,0,0,0,0,0,0,,,,
KLO,2010,1,26,6,-0.5,,,,,,,,977.7,,3.4,,0,0,0,0,0,0,0,,,,
KLO,2010,1,26,7,-0.7,,,,,,,,977.7,,2.4,,1,0,0,0,0,0,0,,,,
KLO,2010,1,26,8,-0.8,,,,,,,,978,,2.3,,11,0,0,0,0,0,0,,,,
KLO,2010,1,26,9,-0.7,,,,,,,,978.1,,1.9,,60,26.4,56.4,0,0,0,0,,,,
KLO,2010,1,26,10,-0.8,,,,,,,,978.1,,4.1,,61,3.6,60.1,0,0,0,0,,,,
KLO,2010,1,26,11,-0.9,,,,,,,,977.9,,4,,160,33.7,148.3,0,0,0,0,,,,
KLO,2010,1,26,12,-0.9,,,,,,,,977.4,,4.6,,173,25.6,162.9,0,0,0,0,,,,
KLO,2010,1,26,13,-0.9,,,,,,,,977,,5.2,,194,42.2,177,0,0,0,0,,,,
KLO,2010,1,26,14,-1.2,,,,,,,,976.9,,5.3,,105,5.3,103.1,0,0,0,0,,,,
KLO,2010,1,26,15,-1.7,,,,,,,,977.2,,5,,28,0.6,27.8,0,0,0,0,,,,
KLO,2010,1,26,16,-2.3,,,,,,,,977.9,,6.5,,2,0,2,0,0,0,0,,,,
KLO,2010,1,26,17,-3.3,,,,,,,,978.7,,7.1,,0,0,0,0,0,0,0,,,,
KLO,2010,1,26,18,-3.9,,,,,,,,979.1,,6,,0,0,0,0,0,0,0,,,,
KLO,2010,1,26,19,-4.1,,,,,,,,979,,5.1,,0,0,0,0,0,0,0,,,,
KLO,2010,1,26,20,-4.3,,,,,,,,978.7,,4.7,,0,0,0,0,0,0,0,,,,
KLO,2010,1,26,21,-4.4,,,,,,,,978.7,,4.4,,0,0,0,0,0,0,0,,,,
KLO,2010,1,26,22,-4.3,,,,,,,,979,,5,,0,0,0,0,0,0,0,,,,
KLO,2010,1,26,23,-4.4,,,,,,,,979.1,,5.9,,0,0,0,0,0,0,0,,,,
KLO,2010,1,27,0,-4.7,,,,,,,,978.9,,5.8,,0,0,0,0,0,0,0,,,,
KLO,2010,1,27,1,-4.7,,,,,,,,978.5,,6.6,,0,0,0,0,0,0,0,,,,
KLO,2010,1,27,2,-4.7,,,,,,,,978.1,,5.1,,0,0,0,0,0,0,0,,,,
KLO,2010,1,27,3,-4.8,,,,,,,,977.9,,5.9,,0,0,0,0,0,0,0,,,,
KLO,2010,1,27,4,-5,,,,,,,,977.8,,4.9,,0,0,0,0,0,0,0,,,,
KLO,2010,1,27,5,-5.6,,,,,,,,977.6,,5.1,,0,0,0,0,0,0,0,,,,
KLO,2010,1,27,6,-6.1,,,,,,,,977.5,,5.1,,0,0,0,0,0,0,0,,,,
KLO,2010,1,27,7,-6.2,,,,,,,,977.4,,5.6,,3,0,0,0,0,0,0,,,,
KLO,2010,1,27,8,-6.2,,,,,,,,977.3,,4.6,,38,0,0,0,0,0,0,,,,
KLO,2010,1,27,9,-6.3,,,,,,,,977.3,,4.4,,52,11.8,50.4,0,0,0,0,,,,
KLO,2010,1,27,10,-6.2,,,,,,,,977.3,,4.1,,97,11.6,94,0,0,0,0,,,,
KLO,2010,1,27,11,-5.6,,,,,,,,976.7,,2.8,,153,25.5,144.1,0,0,0,0,,,,
KLO,2010,1,27,12,-5.3,,,,,,,,975.7,,1.8,,173,24.4,163.3,0,0,0,0,,,,
KLO,2010,1,27,13,-5,,,,,,,,974.6,,1.1,,149,11,144.5,0,0,0,0,,,,
KLO,2010,1,27,14,-5,,,,,,,,974,,1.7,,106,5.3,104.1,0,0,0,0,,,,
KLO,2010,1,27,15,-4.8,,,,,,,,973.6,,1.7,,60,2.7,59.2,0,0,0,0,,,,
KLO,2010,1,27,16,-4.9,,,,,,,,973.3,,0.7,,6,0.1,6,0,0,0,0,,,,
KLO,2010,1,27,17,-5,,,,,,,,972.8,,1.3,,0,0,0,0,0,0,0,,,,
KLO,2010,1,27,18,-4.7,,,,,,,,972.1,,2.4,,0,0,0,0,0,0,0,,,,
KLO,2010,1,27,19,-4.7,,,,,,,,971.4,,2.4,,0,0,0,0,0,0,0,,,,
KLO,2010,1,27,20,-4.5,,,,,,,,970.6,,2.3,,0,0,0,0,0,0,0,,,,
KLO,2010,1,27,21,-4.3,,,,,,,,969.6,,2.6,,0,0,0,0,0,0,0,,,,
KLO,2010,1,27,22,-4.2,,,,,,,,968.2,,2.8,,0,0,0,0,0,0,0,,,,
KLO,2010,1,27,23,-4,,,,,,,,966.9,,2.5,,0,0,0,0,0,0,0,,,,
KLO,2010,1,28,0,-3.6,,,,,,,,965.9,,3.8,,0,0,0,0,0,0,0,,,,
KLO,2010,1,28,1,-3.4,,,,,,,,965.3,,4.5,,0,0,0,0,0,0,0,,,,
KLO,2010,1,28,2,-3.3,,,,,,,,964.1,,5.1,,0,0,0,0,0,0,0,,,,
KLO,2010,1,28,3,-3.1,,,,,,,,963.3,,4.1,,0,0,0,0,0,0,0,,,,
KLO,2010,1,28,4,-2.6,,,,,,,,962.4,,5.1,,0,0,0,0,0,0,0,,,,
KLO,2010,1,28,5,-2.6,,,,,,,,962.1,,2.7,,0,0,0,0,0,0,0,,,,
KLO,2010,1,28,6,-2.3,,,,,,,,961.8,,3.9,,0,0,0,0,0,0,0,,,,
KLO,2010,1,28,7,-2.3,,,,,,,,961.8,,3.8,,1,0,0,0,0,0,0,,,,
KLO,2010,1,28,8,-2.3,,,,,,,,961.5,,3.3,,20,0,0,0,0,0,0,,,,
KLO,2010,1,28,9,-1.8,,,,,,,,961.3,,4,,47,7.3,46,0,0,0,0,,,,
KLO,2010,1,28,10,-1.3,,,,,,,,961.4,,4,,86,7,84.1,0,0,0,0,,,,
KLO,2010,1,28,11,-0.9,,,,,,,,960.8,,4.1,,126,9.7,122.6,0,0,0,0,,,,
KLO,2010,1,28,12,-0.8,,,,,,,,960.1,,3.2,,68,1.8,67.3,0,0,0,0,,,,
KLO,2010,1,28,13,-0.7,,,,,,,,959.3,,3.2,,74,2.1,73.1,0,0,0,0,,,,
KLO,2010,1,28,14,-0.6,,,,,,,,959.1,,2.7,,35,0.6,34.8,0,0,0,0,,,,
KLO,2010,1,28,15,-1,,,,,,,,959.1,,2,,12,0.1,12,0,0,0,0,,,,
KLO,2010,1,28,16,-0.9,,,,,,,,958.9,,2.4,,3,0,3,0,0,0,0,,,,
KLO,2010,1,28,17,-1,,,,,,,,958.7,,2.8,,0,0,0,0,0,0,0,,,,
KLO,2010,1,28,18,-0.9,,,,,,,,958.5,,1.8,,0,0,0,0,0,0,0,,,,
KLO,2010,1,28,19,-0.8,,,,,,,,958,,2.4,,0,0,0,0,0,0,0,,,,
KLO,2010,1,28,20,-1,,,,,,,,957.5,,1.6,,0,0,0,0,0,0,0,,,,
KLO,2010,1,28,21,-1.2,,,,,,,,957.1,,1.5,,0,0,0,0,0,0,0,,,,
KLO,2010,1,28,22,-0.8,,,,,,,,956.8,,2.6,,0,0,0,0,0,0,0,,,,
KLO,2010,1,28,23,-0.9,,,,,,,,956.1,,2.7,,0,0,0,0,0,0,0,,,,
KLO,2010,1,29,0,-1.2,,,,,,,,955.3,,1.6,,0,0,0,0,0,0,0,,,,
KLO,2010,1,29,1,-0.9,,,,,,,,954.5,,1,,0,0,0,0,0,0,0,,,,
KLO,2010,1,29,2,-1.2,,,,,,,,953.7,,2.1,,0,0,0,0,0,0,0,,,,
KLO,2010,1,29,3,-1.5,,,,,,,,952.9,,2.2,,0,0,0,0,0,0,0,,,,
KLO,2010,1,29,4,-1.1,,,,,,,,952,,1.1,,0,0,0,0,0,0,0,,,,
KLO,2010,1,29,5,-0.7,,,,,,,,950.9,,2.8,,0,0,0,0,0,0,0,,,,
KLO,2010,1,29,6,-0.5,,,,,,,,950.1,,4.2,,0,0,0,0,0,0,0,,,,
KLO,2010,1,29,7,-0.2,,,,,,,,949.5,,5.7,,10,0,0,0,0,0,0,,,,
KLO,2010,1,29,8,-0.1,,,,,,,,949,,5.6,,52,0,0,0,0,0,0,,,,
KLO,2010,1,29,9,0.4,,,,,,,,948.4,,5,,109,300.3,65.1,0,0,0,0,,,,
KLO,2010,1,29,10,0.9,,,,,,,,947.5,,5.5,,183,208.7,126.9,0,0,0,0,,,,
KLO,2010,1,29,11,0.7,,,,,,,,946.1,,5,,152,22.2,144.1,0,0,0,0,,,,
KLO,2010,1,29,12,0.9,,,,,,,,944.4,,4.2,,168,19.1,160.2,0,0,0,0,,,,
KLO,2010,1,29,13,1.2,,,,,,,,942.9,,4.3,,133,6.8,130.2,0,0,0,0,,,,
KLO,2010,1,29,14,0.6,,,,,,,,941.7,,3.7,,63,1.8,62.3,0,0,0,0,,,,
KLO,2010,1,29,15,0.6,,,,,,,,940.4,,3.6,,28,0.6,27.8,0,0,0,0,,,,
KLO,2010,1,29,16,0.5,,,,,,,,939.5,,3.9,,3,0,3,0,0,0,0,,,,
KLO,2010,1,29,17,0.5,,,,,,,,938.8,,4,,0,0,0,0,0,0,0,,,,
KLO,2010,1,29,18,0.8,,,,,,,,938.4,,4.7,,0,0,0,0,0,0,0,,,,
KLO,2010,1,29,19,1.1,,,,,,,,938.1,,5.5,,0,0,0,0,0,0,0,,,,
KLO,2010,1,29,20,1.4,,,,,,,,937.9,,5.1,,0,0,0,0,0,0,0,,,,
KLO,2010,1,29,21,2,,,,,,,,937.4,,6.2,,0,0,0,0,0,0,0,,,,
KLO,2010,1,29,22,2,,,,,,,,937.3,,6.4,,0,0,0,0,0,0,0,,,,
KLO,2010,1,29,23,1.5,,,,,,,,937.7,,7.1,,0,0,0,0,0,0,0,,,,
KLO,2010,1,30,0,1.2,,,,,,,,938.3,,3.2,,0,0,0,0,0,0,0,,,,
KLO,2010,1,30,1,1.1,,,,,,,,939.3,,4.1,,0,0,0,0,0,0,0,,,,
KLO,2010,1,30,2,1,,,,,,,,940.6,,3.8,,0,0,0,0,0,0,0,,,,
KLO,2010,1,30,3,0.7,,,,,,,,941.5,,3.8,,0,0,0,0,0,0,0,,,,
KLO,2010,1,30,4,0.6,,,,,,,,942.1,,4,,0,0,0,0,0,0,0,,,,
KLO,2010,1,30,5,0.2,,,,,,,,942.6,,3.4,,0,0,0,0,0,0,0,,,,
KLO,2010,1,30,6,-0.4,,,,,,,,943.1,,4.1,,0,0,0,0,0,0,0,,,,
KLO,2010,1,30,7,-0.6,,,,,,,,943.9,,4.2,,5,0,0,0,0,0,0,,,,
KLO,2010,1,30,8,-1.4,,,,,,,,944.6,,3,,85,0,0,0,0,0,0,,,,
KLO,2010,1,30,9,-0.7,,,,,,,,945.3,,5.7,,286,1595.5,47.2,0,0,0,0,,,,
KLO,2010,1,30,10,-0.2,,,,,,,,945.9,,6,,390,1194.9,64.4,0,0,0,0,,,,
KLO,2010,1,30,11,0.4,,,,,,,,946.1,,4.6,,469,1081.2,77.4,0,0,0,0,,,,
KLO,2010,1,30,12,0.3,,,,,,,,946,,4.2,,356,508.8,146.3,0,0,0,0,,,,
KLO,2010,1,30,13,-0.4,,,,,,,,946,,4.3,,354,472.8,155.9,0,0,0,0,,,,
KLO,2010,1,30,14,-0.1,,,,,,,,946.1,,4.6,,210,79.9,179.4,0,0,0,0,,,,
KLO,2010,1,30,15,-0.8,,,,,,,,946.5,,4.2,,57,2.2,56.3,0,0,0,0,,,,
KLO,2010,1,30,16,-2,,,,,,,,946.9,,4.1,,10,0.2,10,0,0,0,0,,,,
KLO,2010,1,30,17,-3.9,,,,,,,,947.6,,2.2,,0,0,0,0,0,0,0,,,,
KLO,2010,1,30,18,-3.9,,,,,,,,948.6,,2.1,,0,0,0,0,0,0,0,,,,
KLO,2010,1,30,19,-3.9,,,,,,,,949.4,,2.7,,0,0,0,0,0,0,0,,,,
KLO,2010,1,30,20,-5.7,,,,,,,,949.9,,1.7,,0,0,0,0,0,0,0,,,,
KLO,2010,1,30,21,-5.9,,,,,,,,950.4,,2.1,,0,0,0,0,0,0,0,,,,
KLO,2010,1,30,22,-5.3,,,,,,,,950.8,,1.1,,0,0,0,0,0,0,0,,,,
KLO,2010,1,30,23,-4.5,,,,,,,,951.3,,0.8,,0,0,0,0,0,0,0,,,,
KLO,2010,1,31,0,-4.3,,,,,,,,951.6,,1.4,,0,0,0,0,0,0,0,,,,
KLO,2010,1,31,1,-4.4,,,,,,,,952.1,,1.8,,0,0,0,0,0,0,0,,,,
KLO,2010,1,31,2,-4.2,,,,,,,,952.7,,2,,0,0,0,0,0,0,0,,,,
KLO,2010,1,31,3,-4.8,,,,,,,,953.1,,2.7,,0,0,0,0,0,0,0,,,,
KLO,2010,1,31,4,-7.2,,,,,,,,953.9,,1.3,,0,0,0,0,0,0,0,,,,
KLO,2010,1,31,5,-7.2,,,,,,,,954.4,,1.1,,0,0,0,0,0,0,0,,,,
KLO,2010,1,31,6,-7,,,,,,,,955,,0.7,,0,0,0,0,0,0,0,,,,
KLO,2010,1,31,7,-6.1,,,,,,,,955.6,,1.4,,31,0,0,0,0,0,0,,,,
KLO,2010,1,31,8,-5,,,,,,,,956,,0.9,,99,0,0,0,0,0,0,,,,
KLO,2010,1,31,9,-4.2,,,,,,,,956.5,,2.9,,122,384.6,63.1,0,0,0,0,,,,
KLO,2010,1,31,10,-4.3,,,,,,,,956.8,,2.4,,132,40.3,120.9,0,0,0,0,,,,
KLO,2010,1,31,11,-4,,,,,,,,957.1,,2.2,,149,18,142.4,0,0,0,0,,,,
KLO,2010,1,31,12,-3.9,,,,,,,,957.2,,2.8,,154,11.5,149.2,0,0,0,0,,,,
KLO,2010,1,31,13,-3.6,,,,,,,,957.2,,2.8,,120,5.1,117.8,0,0,0,0,,,,
KLO,2010,1,31,14,-3.7,,,,,,,,957.7,,2.6,,73,2.3,72.1,0,0,0,0,,,,
KLO,2010,1,31,15,-3.6,,,,,,,,958.1,,1.2,,38,1,37.7,0,0,0,0,,,,
KLO,2010,1,31,16,-3.6,,,,,,,,958.8,,1.6,,5,0,5,0,0,0,0,,,,
KLO,2010,1,31,17,-3.5,,,,,,,,959.3,,0.8,,0,0,0,0,0,0,0,,,,
KLO,2010,1,31,18,-3.6,,,,,,,,959.7,,0.9,,0,0,0,0,0,0,0,,,,
KLO,2010,1,31,19,-3.8,,,,,,,,960.2,,1.2,,0,0,0,0,0,0,0,,,,
KLO,2010,1,31,20,-3.6,,,,,,,,960.5,,1.1,,0,0,0,0,0,0,0,,,,
KLO,2010,1,31,21,-3.5,,,,,,,,960.7,,0.9,,0,0,0,0,0,0,0,,,,
KLO,2010,1,31,22,-3.8,,,,,,,,961,,1.6,,0,0,0,0,0,0,0,,,,
KLO,2010,1,31,23,-3.9,,,,,,,,961.1,,1.6,,0,0,0,0,0,0,0,,,,
KLO,2010,2,1,0,-4.1,,,,,,,,961.1,,1.5,,0,0,0,0,0,0,0,,,,
KLO,2010,2,1,1,-4,,,,,,,,961.3,,1.3,,0,0,0,0,0,0,0,,,,
KLO,2010,2,1,2,-4,,,,,,,,961.2,,2.1,,0,0,0,0,0,0,0,,,,
KLO,2010,2,1,3,-4.4,,,,,,,,961.2,,1.4,,0,0,0,0,0,0,0,,,,
KLO,2010,2,1,4,-4.5,,,,,,,,961.5,,1,,0,0,0,0,0,0,0,,,,
KLO,2010,2,1,5,-4.3,,,,,,,,961.8,,2.6,,0,0,0,0,0,0,0,,,,
KLO,2010,2,1,6,-4.8,,,,,,,,962.4,,1.4,,0,0,0,0,0,0,0,,,,
KLO,2010,2,1,7,-5.6,,,,,,,,962.9,,1.5,,18,0,0,0,0,0,0,,,,
KLO,2010,2,1,8,-5.7,,,,,,,,963.5,,3.1,,95,0,0,0,0,0,0,,,,
KLO,2010,2,1,9,-4.4,,,,,,,,963.6,,4.1,,334,1777.3,55.1,0,0,0,0,,,,
KLO,2010,2,1,10,-4.1,,,,,,,,963.8,,3.6,,296,862.5,54.2,0,0,0,0,,,,
KLO,2010,2,1,11,-3.6,,,,,,,,963.7,,3.6,,317,494.1,134,0,0,0,0,,,,
KLO,2010,2,1,12,-3.2,,,,,,,,963.3,,3.4,,236,88.3,198.8,0,0,0,0,,,,
KLO,2010,2,1,13,-2.9,,,,,,,,963.2,,4.2,,161,12.4,155.7,0,0,0,0,,,,
KLO,2010,2,1,14,-3.2,,,,,,,,963.5,,4.6,,73,2.2,72.1,0,0,0,0,,,,
KLO,2010,2,1,15,-3.3,,,,,,,,964.1,,3.4,,42,1.1,41.6,0,0,0,0,,,,
KLO,2010,2,1,16,-3.2,,,,,,,,965,,2.1,,4,0,4,0,0,0,0,,,,
KLO,2010,2,1,17,-2.9,,,,,,,,965.7,,4.2,,0,0,0,0,0,0,0,,,,
KLO,2010,2,1,18,-2.6,,,,,,,,966.4,,3.7,,0,0,0,0,0,0,0,,,,
KLO,2010,2,1,19,-2.4,,,,,,,,966.7,,4.5,,0,0,0,0,0,0,0,,,,
KLO,2010,2,1,20,-2.2,,,,,,,,967.2,,3.2,,0,0,0,0,0,0,0,,,,
KLO,2010,2,1,21,-2,,,,,,,,967.6,,4.9,,0,0,0,0,0,0,0,,,,
KLO,2010,2,1,22,-1.8,,,,,,,,967.9,,5.1,,0,0,0,0,0,0,0,,,,
KLO,2010,2,1,23,-1.9,,,,,,,,968.4,,4.8,,0,0,0,0,0,0,0,,,,
KLO,2010,2,2,0,-1.8,,,,,,,,968.8,,5.3,,0,0,0,0,0,0,0,,,,
KLO,2010,2,2,1,-1.7,,,,,,,,969.1,,5.3,,0,0,0,0,0,0,0,,,,
KLO,2010,2,2,2,-1.6,,,,,,,,969.6,,4.5,,0,0,0,0,0,0,0,,,,
KLO,2010,2,2,3,-1.5,,,,,,,,969.9,,4.8,,0,0,0,0,0,0,0,,,,
KLO,2010,2,2,4,-1.5,,,,,,,,969.9,,5.9,,0,0,0,0,0,0,0,,,,
KLO,2010,2,2,5,-1.8,,,,,,,,969.8,,5.4,,0,0,0,0,0,0,0,,,,
KLO,2010,2,2,6,-1.9,,,,,,,,969.8,,5.5,,0,0,0,0,0,0,0,,,,
KLO,2010,2,2,7,-1.6,,,,,,,,970,,4.8,,11,0,0,0,0,0,0,,,,
KLO,2010,2,2,8,-1.2,,,,,,,,970,,4.2,,88,0,0,0,0,0,0,,,,
KLO,2010,2,2,9,-0.5,,,,,,,,969.7,,4.6,,255,1325.1,42.1,0,0,0,0,,,,
KLO,2010,2,2,10,0.1,,,,,,,,969.5,,5.5,,206,269.3,129.4,0,0,0,0,,,,
KLO,2010,2,2,11,0.4,,,,,,,,969,,4.2,,244,173.3,179.1,0,0,0,0,,,,
KLO,2010,2,2,12,1.1,,,,,,,,968,,4.7,,259,129.2,204.1,0,0,0,0,,,,
KLO,2010,2,2,13,1.3,,,,,,,,967.3,,6,,239,82.5,203.3,0,0,0,0,,,,
KLO,2010,2,2,14,1.2,,,,,,,,966.9,,5.8,,129,7.1,126.2,0,0,0,0,,,,
KLO,2010,2,2,15,1.1,,,,,,,,966.4,,3.3,,65,2.7,64.2,0,0,0,0,,,,
KLO,2010,2,2,16,1.1,,,,,,,,965.9,,4.1,,12,0.2,12,0,0,0,0,,,,
KLO,2010,2,2,17,1.4,,,,,,,,965.9,,4.9,,0,0,0,0,0,0,0,,,,
KLO,2010,2,2,18,1.8,,,,,,,,965.5,,7.2,,0,0,0,0,0,0,0,,,,
KLO,2010,2,2,19,2.2,,,,,,,,964.8,,5.8,,0,0,0,0,0,0,0,,,,
KLO,2010,2,2,20,2.3,,,,,,,,964.3,,6.5,,0,0,0,0,0,0,0,,,,
KLO,2010,2,2,21,2.3,,,,,,,,963.8,,7.2,,0,0,0,0,0,0,0,,,,
KLO,2010,2,2,22,1.7,,,,,,,,963.3,,7.3,,0,0,0,0,0,0,0,,,,
KLO,2010,2,2,23,1.4,,,,,,,,963,,7.3,,0,0,0,0,0,0,0,,,,
KLO,2010,2,3,0,1.7,,,,,,,,962.8,,6.6,,0,0,0,0,0,0,0,,,,
KLO,2010,2,3,1,1.8,,,,,,,,962.6,,7,,0,0,0,0,0,0,0,,,,
KLO,2010,2,3,2,2.1,,,,,,,,962.1,,6.7,,0,0,0,0,0,0,0,,,,
KLO,2010,2,3,3,2.3,,,,,,,,961.4,,7.6,,0,0,0,0,0,0,0,,,,
KLO,2010,2,3,4,2.1,,,,,,,,961.6,,8.1,,0,0,0,0,0,0,0,,,,
KLO,2010,2,3,5,2.1,,,,,,,,961.9,,8.5,,0,0,0,0,0,0,0,,,,
KLO,2010,2,3,6,1.7,,,,,,,,962.3,,8.7,,0,0,0,0,0,0,0,,,,
KLO,2010,2,3,7,1.9,,,,,,,,962.4,,8,,3,0,0,0,0,0,0,,,,
KLO,2010,2,3,8,2.1,,,,,,,,962.7,,7.9,,37,0,0,0,0,0,0,,,,
KLO,2010,2,3,9,2.7,,,,,,,,963.1,,7.7,,71,24.2,67,0,0,0,0,,,,
KLO,2010,2,3,10,3.6,,,,,,,,963.8,,8.5,,112,14.4,107.8,0,0,0,0,,,,
KLO,2010,2,3,11,4.3,,,,,,,,964.4,,7.4,,106,5,104.1,0,0,0,0,,,,
KLO,2010,2,3,12,5.2,,,,,,,,964.4,,6.9,,211,46.4,191.1,0,0,0,0,,,,
KLO,2010,2,3,13,5.8,,,,,,,,964.3,,5.9,,281,164.2,209.2,0,0,0,0,,,,
KLO,2010,2,3,14,6.2,,,,,,,,964.6,,5.1,,213,68.7,185.5,0,0,0,0,,,,
KLO,2010,2,3,15,5.8,,,,,,,,965.1,,3.6,,65,2.6,64.2,0,0,0,0,,,,
KLO,2010,2,3,16,5,,,,,,,,965.6,,2.1,,17,0.4,16.9,0,0,0,0,,,,
KLO,2010,2,3,17,4.3,,,,,,,,966.1,,2.2,,0,0,0,0,0,0,0,,,,
KLO,2010,2,3,18,3.9,,,,,,,,966.8,,2.3,,0,0,0,0,0,0,0,,,,
KLO,2010,2,3,19,3.8,,,,,,,,966.9,,2.2,,0,0,0,0,0,0,0,,,,
KLO,2010,2,3,20,3.4,,,,,,,,966.9,,1.6,,0,0,0,0,0,0,0,,,,
KLO,2010,2,3,21,3.4,,,,,,,,967,,1.1,,0,0,0,0,0,0,0,,,,
KLO,2010,2,3,22,3,,,,,,,,966.9,,2.2,,0,0,0,0,0,0,0,,,,
KLO,2010,2,3,23,2,,,,,,,,966.7,,2.4,,0,0,0,0,0,0,0,,,,
KLO,2010,2,4,0,1.2,,,,,,,,966.4,,1.9,,0,0,0,0,0,0,0,,,,
KLO,2010,2,4,1,-0.7,,,,,,,,966.3,,2.2,,0,0,0,0,0,0,0,,,,
KLO,2010,2,4,2,-1.6,,,,,,,,966,,1.9,,0,0,0,0,0,0,0,,,,
KLO,2010,2,4,3,-2.8,,,,,,,,965.8,,0.6,,0,0,0,0,0,0,0,,,,
KLO,2010,2,4,4,-3.8,,,,,,,,965.9,,0.8,,0,0,0,0,0,0,0,,,,
KLO,2010,2,4,5,-4.1,,,,,,,,965.7,,0.8,,0,0,0,0,0,0,0,,,,
KLO,2010,2,4,6,-4,,,,,,,,965.5,,0.8,,0,0,0,0,0,0,0,,,,
KLO,2010,2,4,7,-2.7,,,,,,,,965.4,,0.8,,21,0,0,0,0,0,0,,,,
KLO,2010,2,4,8,-2.4,,,,,,,,965.4,,1,,97,0,0,0,0,0,0,,,,
KLO,2010,2,4,9,-2.3,,,,,,,,965.4,,0.8,,157,643.3,48.6,0,0,0,0,,,,
KLO,2010,2,4,10,-1.6,,,,,,,,965.3,,0.8,,226,344.6,125.1,0,0,0,0,,,,
KLO,2010,2,4,11,-0.4,,,,,,,,965,,0.8,,302,370.7,159.8,0,0,0,0,,,,
KLO,2010,2,4,12,1.8,,,,,,,,964.3,,1.1,,411,671.4,119.4,0,0,0,0,,,,
KLO,2010,2,4,13,4.2,,,,,,,,963.4,,1.3,,420,680.2,119.5,0,0,0,0,,,,
KLO,2010,2,4,14,5.1,,,,,,,,962.9,,2.6,,319,370.5,168.9,0,0,0,0,,,,
KLO,2010,2,4,15,5,,,,,,,,962.7,,2.5,,162,48.5,146.1,0,0,0,0,,,,
KLO,2010,2,4,16,3.3,,,,,,,,962.6,,1.7,,23,0.7,22.8,0,0,0,0,,,,
KLO,2010,2,4,17,1.6,,,,,,,,962.6,,1,,0,0,0,0,0,0,0,,,,
KLO,2010,2,4,18,0.5,,,,,,,,962.5,,0.4,,0,0,0,0,0,0,0,,,,
KLO,2010,2,4,19,-0.6,,,,,,,,962.2,,0.4,,0,0,0,0,0,0,0,,,,
KLO,2010,2,4,20,-2.2,,,,,,,,961.7,,1.3,,0,0,0,0,0,0,0,,,,
KLO,2010,2,4,21,-2.5,,,,,,,,961.2,,1.6,,0,0,0,0,0,0,0,,,,
KLO,2010,2,4,22,-2.1,,,,,,,,960.8,,1.7,,0,0,0,0,0,0,0,,,,
KLO,2010,2,4,23,-1.8,,,,,,,,960.6,,1.5,,0,0,0,0,0,0,0,,,,
KLO,2010,2,5,0,-1.7,,,,,,,,960.4,,1.1,,0,0,0,0,0,0,0,,,,
KLO,2010,2,5,1,-1.8,,,,,,,,960.1,,0.7,,0,0,0,0,0,0,0,,,,
KLO,2010,2,5,2,-1.8,,,,,,,,959.8,,0.7,,0,0,0,0,0,0,0,,,,
KLO,2010,2,5,3,-1.6,,,,,,,,959.6,,1.8,,0,0,0,0,0,0,0,,,,
KLO,2010,2,5,4,-1.2,,,,,,,,959.2,,1,,0,0,0,0,0,0,0,,,,
KLO,2010,2,5,5,-1.4,,,,,,,,958.9,,0.8,,0,0,0,0,0,0,0,,,,
KLO,2010,2,5,6,-0.9,,,,,,,,958.6,,0.5,,0,0,0,0,0,0,0,,,,
KLO,2010,2,5,7,-0.1,,,,,,,,958.5,,2,,5,0,0,0,0,0,0,,,,
KLO,2010,2,5,8,-0.1,,,,,,,,958.4,,0.9,,34,0,0,0,0,0,0,,,,
KLO,2010,2,5,9,0.4,,,,,,,,958.4,,1,,39,3.3,38.4,0,0,0,0,,,,
KLO,2010,2,5,10,0.7,,,,,,,,958.7,,0.9,,63,2.9,62.1,0,0,0,0,,,,
KLO,2010,2,5,11,1.3,,,,,,,,958.3,,1.4,,88,3.3,86.7,0,0,0,0,,,,
KLO,2010,2,5,12,1.5,,,,,,,,958.1,,1.2,,61,1.2,60.5,0,0,0,0,,,,
KLO,2010,2,5,13,2.4,,,,,,,,958,,1.2,,81,2.1,80.1,0,0,0,0,,,,
KLO,2010,2,5,14,3,,,,,,,,958,,1.8,,58,1.3,57.5,0,0,0,0,,,,
KLO,2010,2,5,15,3.1,,,,,,,,958.5,,1.3,,27,0.4,26.9,0,0,0,0,,,,
KLO,2010,2,5,16,2.5,,,,,,,,959.1,,1.5,,2,0,2,0,0,0,0,,,,
KLO,2010,2,5,17,1.7,,,,,,,,959.8,,2.6,,0,0,0,0,0,0,0,,,,
KLO,2010,2,5,18,1.6,,,,,,,,960.4,,3,,0,0,0,0,0,0,0,,,,
KLO,2010,2,5,19,0.8,,,,,,,,961,,1.5,,0,0,0,0,0,0,0,,,,
KLO,2010,2,5,20,1.1,,,,,,,,961.4,,2,,0,0,0,0,0,0,0,,,,
KLO,2010,2,5,21,1.8,,,,,,,,961.8,,3.6,,0,0,0,0,0,0,0,,,,
KLO,2010,2,5,22,2.2,,,,,,,,962,,3.2,,0,0,0,0,0,0,0,,,,
KLO,2010,2,5,23,2.5,,,,,,,,962.2,,3,,0,0,0,0,0,0,0,,,,
KLO,2010,2,6,0,2.5,,,,,,,,962.6,,0.7,,0,0,0,0,0,0,0,,,,
KLO,2010,2,6,1,2.5,,,,,,,,962.6,,1,,0,0,0,0,0,0,0,,,,
KLO,2010,2,6,2,2.3,,,,,,,,962.5,,0.7,,0,0,0,0,0,0,0,,,,
KLO,2010,2,6,3,2.2,,,,,,,,962.3,,1.4,,0,0,0,0,0,0,0,,,,
KLO,2010,2,6,4,1.8,,,,,,,,961.8,,1.3,,0,0,0,0,0,0,0,,,,
KLO,2010,2,6,5,0.7,,,,,,,,961.2,,1.5,,0,0,0,0,0,0,0,,,,
KLO,2010,2,6,6,0.1,,,,,,,,960.9,,1.3,,0,0,0,0,0,0,0,,,,
KLO,2010,2,6,7,0.2,,,,,,,,960.6,,0.7,,14,0,0,0,0,0,0,,,,
KLO,2010,2,6,8,0.7,,,,,,,,960.2,,0.7,,58,0,0,0,0,0,0,,,,
KLO,2010,2,6,9,1.2,,,,,,,,960.2,,2.5,,78,27.3,73.2,0,0,0,0,,,,
KLO,2010,2,6,10,1.8,,,,,,,,960.9,,2.7,,91,5.8,89.2,0,0,0,0,,,,
KLO,2010,2,6,11,2.4,,,,,,,,960.9,,1.9,,150,13.4,144.7,0,0,0,0,,,,
KLO,2010,2,6,12,2.9,,,,,,,,960.8,,2.1,,114,4.2,112.1,0,0,0,0,,,,
KLO,2010,2,6,13,3.2,,,,,,,,960.9,,1.2,,116,4.2,114.1,0,0,0,0,,,,
KLO,2010,2,6,14,3.3,,,,,,,,961.1,,1.6,,104,4,102.3,0,0,0,0,,,,
KLO,2010,2,6,15,3.3,,,,,,,,961.5,,2.4,,48,1.3,47.6,0,0,0,0,,,,
KLO,2010,2,6,16,2.9,,,,,,,,961.9,,2.5,,26,0.9,25.8,0,0,0,0,,,,
KLO,2010,2,6,17,2.3,,,,,,,,962.3,,2.8,,0,0,0,0,0,0,0,,,,
KLO,2010,2,6,18,2.3,,,,,,,,962.9,,2.6,,0,0,0,0,0,0,0,,,,
KLO,2010,2,6,19,1.9,,,,,,,,963.3,,1.5,,0,0,0,0,0,0,0,,,,
KLO,2010,2,6,20,1.7,,,,,,,,963.8,,0.8,,0,0,0,0,0,0,0,,,,
KLO,2010,2,6,21,1.7,,,,,,,,964.3,,1,,0,0,0,0,0,0,0,,,,
KLO,2010,2,6,22,1.7,,,,,,,,964.7,,1.6,,0,0,0,0,0,0,0,,,,
KLO,2010,2,6,23,1.6,,,,,,,,965.2,,1.2,,0,0,0,0,0,0,0,,,,
KLO,2010,2,7,0,1.1,,,,,,,,965.3,,0.9,,0,0,0,0,0,0,0,,,,
KLO,2010,2,7,1,1,,,,,,,,965.5,,0.6,,0,0,0,0,0,0,0,,,,
KLO,2010,2,7,2,1,,,,,,,,965.6,,0.6,,0,0,0,0,0,0,0,,,,
KLO,2010,2,7,3,1.1,,,,,,,,965.6,,0.6,,0,0,0,0,0,0,0,,,,
KLO,2010,2,7,4,1.1,,,,,,,,965.9,,0.7,,0,0,0,0,0,0,0,,,,
KLO,2010,2,7,5,1,,,,,,,,965.9,,0.9,,0,0,0,0,0,0,0,,,,
KLO,2010,2,7,6,1.1,,,,,,,,966.1,,1.5,,0,0,0,0,0,0,0,,,,
KLO,2010,2,7,7,1.1,,,,,,,,966.5,,1.5,,1,0,0,0,0,0,0,,,,
KLO,2010,2,7,8,1.4,,,,,,,,966.8,,1.6,,14,0,0,0,0,0,0,,,,
KLO,2010,2,7,9,1.9,,,,,,,,967,,1.6,,40,3.1,39.4,0,0,0,0,,,,
KLO,2010,2,7,10,2.5,,,,,,,,967,,2,,96,6.4,94,0,0,0,0,,,,
KLO,2010,2,7,11,2.8,,,,,,,,967,,1.7,,79,2.5,78,0,0,0,0,,,,
KLO,2010,2,7,12,3,,,,,,,,966.8,,2.9,,80,2,79.1,0,0,0,0,,,,
KLO,2010,2,7,13,2.9,,,,,,,,966.6,,3.8,,84,2.2,83,0,0,0,0,,,,
KLO,2010,2,7,14,2.9,,,,,,,,966.2,,2.7,,65,1.5,64.4,0,0,0,0,,,,
KLO,2010,2,7,15,2.7,,,,,,,,965.9,,2.6,,32,0.6,31.8,0,0,0,0,,,,
KLO,2010,2,7,16,2.5,,,,,,,,965.6,,3,,7,0.1,7,0,0,0,0,,,,
KLO,2010,2,7,17,2.1,,,,,,,,965.7,,3.5,,0,0,0,0,0,0,0,,,,
KLO,2010,2,7,18,2,,,,,,,,965.5,,2.3,,0,0,0,0,0,0,0,,,,
KLO,2010,2,7,19,1.7,,,,,,,,965.3,,3.3,,0,0,0,0,0,0,0,,,,
KLO,2010,2,7,20,1.1,,,,,,,,964.9,,4.1,,0,0,0,0,0,0,0,,,,
KLO,2010,2,7,21,0.7,,,,,,,,964.3,,5.8,,0,0,0,0,0,0,0,,,,
KLO,2010,2,7,22,0.3,,,,,,,,963.6,,5.6,,0,0,0,0,0,0,0,,,,
KLO,2010,2,7,23,0.2,,,,,,,,963.1,,5.4,,0,0,0,0,0,0,0,,,,
KLO,2010,2,8,0,0.4,,,,,,,,962.6,,2.5,,0,0,0,0,0,0,0,,,,
KLO,2010,2,8,1,0.3,,,,,,,,962,,2.6,,0,0,0,0,0,0,0,,,,
KLO,2010,2,8,2,-0.3,,,,,,,,961.4,,1.8,,0,0,0,0,0,0,0,,,,
KLO,2010,2,8,3,-0.5,,,,,,,,960.9,,1.8,,0,0,0,0,0,0,0,,,,
KLO,2010,2,8,4,-0.7,,,,,,,,960.5,,2.5,,0,0,0,0,0,0,0,,,,
KLO,2010,2,8,5,-0.9,,,,,,,,960,,3.7,,0,0,0,0,0,0,0,,,,
KLO,2010,2,8,6,-1,,,,,,,,959.1,,4.7,,0,0,0,0,0,0,0,,,,
KLO,2010,2,8,7,-1.1,,,,,,,,958.4,,5.8,,21,0,0,0,0,0,0,,,,
KLO,2010,2,8,8,-1,,,,,,,,958,,5.7,,66,0,0,0,0,0,0,,,,
KLO,2010,2,8,9,-1.3,,,,,,,,957.9,,4.2,,56,5.9,54.9,0,0,0,0,,,,
KLO,2010,2,8,10,-1.1,,,,,,,,957.6,,3.2,,79,4.1,77.7,0,0,0,0,,,,
KLO,2010,2,8,11,-0.9,,,,,,,,956.8,,2.9,,89,3.1,87.7,0,0,0,0,,,,
KLO,2010,2,8,12,-0.5,,,,,,,,956.2,,3.2,,91,2.6,89.8,0,0,0,0,,,,
KLO,2010,2,8,13,0,,,,,,,,955.5,,3.2,,131,5.2,128.6,0,0,0,0,,,,
KLO,2010,2,8,14,0.1,,,,,,,,955.1,,2.7,,109,4.2,107.2,0,0,0,0,,,,
KLO,2010,2,8,15,0,,,,,,,,954.8,,3,,75,3,74,0,0,0,0,,,,
KLO,2010,2,8,16,-0.2,,,,,,,,954.3,,2.8,,20,0.5,19.9,0,0,0,0,,,,
KLO,2010,2,8,17,-1.1,,,,,,,,954.2,,2.8,,0,0,0,0,0,0,0,,,,
KLO,2010,2,8,18,-1.4,,,,,,,,953.9,,2.6,,0,0,0,0,0,0,0,,,,
KLO,2010,2,8,19,-1.7,,,,,,,,953.5,,2.3,,0,0,0,0,0,0,0,,,,
KLO,2010,2,8,20,-2.4,,,,,,,,953.6,,2.5,,0,0,0,0,0,0,0,,,,
KLO,2010,2,8,21,-2.2,,,,,,,,953.5,,2.2,,0,0,0,0,0,0,0,,,,
KLO,2010,2,8,22,-1.4,,,,,,,,953.3,,1.6,,0,0,0,0,0,0,0,,,,
KLO,2010,2,8,23,-1.2,,,,,,,,953.3,,2.5,,0,0,0,0,0,0,0,,,,
KLO,2010,2,9,0,-1.3,,,,,,,,953.1,,2.2,,0,0,0,0,0,0,0,,,,
KLO,2010,2,9,1,-1.5,,,,,,,,953,,3,,0,0,0,0,0,0,0,,,,
KLO,2010,2,9,2,-1.7,,,,,,,,952.9,,2.5,,0,0,0,0,0,0,0,,,,
KLO,2010,2,9,3,-1.7,,,,,,,,952.7,,2.5,,0,0,0,0,0,0,0,,,,
KLO,2010,2,9,4,-1.7,,,,,,,,952.3,,2.4,,0,0,0,0,0,0,0,,,,
KLO,2010,2,9,5,-1.8,,,,,,,,952,,2.3,,0,0,0,0,0,0,0,,,,
KLO,2010,2,9,6,-2.1,,,,,,,,951.8,,1.2,,0,0,0,0,0,0,0,,,,
KLO,2010,2,9,7,-2.1,,,,,,,,951.8,,2.6,,40,0,0,0,0,0,0,,,,
KLO,2010,2,9,8,-1.8,,,,,,,,951.6,,2.3,,139,0,0,0,0,0,0,,,,
KLO,2010,2,9,9,-1.2,,,,,,,,951.4,,4.2,,271,1193.1,44.7,0,0,0,0,,,,
KLO,2010,2,9,10,-0.5,,,,,,,,951.3,,3.2,,356,943.3,58.7,0,0,0,0,,,,
KLO,2010,2,9,11,0,,,,,,,,951.1,,2.7,,390,697.4,106.3,0,0,0,0,,,,
KLO,2010,2,9,12,0.8,,,,,,,,950.6,,2.7,,336,284.3,205.7,0,0,0,0,,,,
KLO,2010,2,9,13,0.6,,,,,,,,950.3,,2.1,,229,47,207.1,0,0,0,0,,,,
KLO,2010,2,9,14,0.2,,,,,,,,950.3,,4.1,,183,23,173.1,0,0,0,0,,,,
KLO,2010,2,9,15,-0.2,,,,,,,,950.3,,2.6,,101,5.3,99.1,0,0,0,0,,,,
KLO,2010,2,9,16,-0.4,,,,,,,,950.4,,1.3,,22,0.6,21.9,0,0,0,0,,,,
KLO,2010,2,9,17,-0.7,,,,,,,,950.5,,1.6,,0,0,0,0,0,0,0,,,,
KLO,2010,2,9,18,-0.8,,,,,,,,950.8,,1.1,,0,0,0,0,0,0,0,,,,
KLO,2010,2,9,19,-1.1,,,,,,,,951,,1.9,,0,0,0,0,0,0,0,,,,
KLO,2010,2,9,20,-1.2,,,,,,,,951.3,,1.9,,0,0,0,0,0,0,0,,,,
KLO,2010,2,9,21,-1.2,,,,,,,,951.6,,2.2,,0,0,0,0,0,0,0,,,,
KLO,2010,2,9,22,-1.2,,,,,,,,951.8,,2.8,,0,0,0,0,0,0,0,,,,
KLO,2010,2,9,23,-1.4,,,,,,,,952,,2.4,,0,0,0,0,0,0,0,,,,
KLO,2010,2,10,0,-1.6,,,,,,,,952.1,,1.4,,0,0,0,0,0,0,0,,,,
KLO,2010,2,10,1,-1.6,,,,,,,,952.3,,0.9,,0,0,0,0,0,0,0,,,,
KLO,2010,2,10,2,-1.7,,,,,,,,952.1,,1.5,,0,0,0,0,0,0,0,,,,
KLO,2010,2,10,3,-1.8,,,,,,,,952.1,,2.2,,0,0,0,0,0,0,0,,,,
KLO,2010,2,10,4,-2.1,,,,,,,,952.3,,2.2,,0,0,0,0,0,0,0,,,,
KLO,2010,2,10,5,-2.4,,,,,,,,952.6,,2,,0,0,0,0,0,0,0,,,,
KLO,2010,2,10,6,-2.7,,,,,,,,953,,2.8,,0,0,0,0,0,0,0,,,,
KLO,2010,2,10,7,-3.1,,,,,,,,953.6,,2.6,,12,0,0,0,0,0,0,,,,
KLO,2010,2,10,8,-3.2,,,,,,,,954.2,,3.9,,79,0,0,0,0,0,0,,,,
KLO,2010,2,10,9,-3.4,,,,,,,,954.6,,3.8,,129,190.6,92,0,0,0,0,,,,
KLO,2010,2,10,10,-3.7,,,,,,,,954.8,,3.3,,158,48.3,142.5,0,0,0,0,,,,
KLO,2010,2,10,11,-3.4,,,,,,,,954.8,,3.2,,276,198,194.5,0,0,0,0,,,,
KLO,2010,2,10,12,-3.6,,,,,,,,954.5,,3.1,,272,110.5,220.8,0,0,0,0,,,,
KLO,2010,2,10,13,-3.7,,,,,,,,954.4,,2.4,,220,36.5,202.8,0,0,0,0,,,,
KLO,2010,2,10,14,-4,,,,,,,,954.4,,2.6,,143,7.4,139.8,0,0,0,0,,,,
KLO,2010,2,10,15,-4.2,,,,,,,,954.6,,2.6,,82,3.4,80.8,0,0,0,0,,,,
KLO,2010,2,10,16,-4.7,,,,,,,,954.9,,3.3,,28,0.9,27.8,0,0,0,0,,,,
KLO,2010,2,10,17,-5.1,,,,,,,,955.3,,3.6,,0,0,0,0,0,0,0,,,,
KLO,2010,2,10,18,-5.3,,,,,,,,955.7,,3.4,,0,0,0,0,0,0,0,,,,
KLO,2010,2,10,19,-5.8,,,,,,,,955.7,,5,,0,0,0,0,0,0,0,,,,
KLO,2010,2,10,20,-6.3,,,,,,,,955.8,,4.7,,0,0,0,0,0,0,0,,,,
KLO,2010,2,10,21,-6.8,,,,,,,,955.6,,3.7,,0,0,0,0,0,0,0,,,,
KLO,2010,2,10,22,-6.9,,,,,,,,955.1,,3.2,,0,0,0,0,0,0,0,,,,
KLO,2010,2,10,23,-7.1,,,,,,,,954.7,,3,,0,0,0,0,0,0,0,,,,
KLO,2010,2,11,0,-7.1,,,,,,,,954.3,,3.1,,0,0,0,0,0,0,0,,,,
KLO,2010,2,11,1,-7.3,,,,,,,,954,,3.2,,0,0,0,0,0,0,0,,,,
KLO,2010,2,11,2,-7.4,,,,,,,,953.7,,3,,0,0,0,0,0,0,0,,,,
KLO,2010,2,11,3,-7.5,,,,,,,,953.5,,2.8,,0,0,0,0,0,0,0,,,,
KLO,2010,2,11,4,-7.7,,,,,,,,953.1,,3.1,,0,0,0,0,0,0,0,,,,
KLO,2010,2,11,5,-7.9,,,,,,,,952.7,,2.8,,0,0,0,0,0,0,0,,,,
KLO,2010,2,11,6,-8.2,,,,,,,,952.7,,2.5,,0,0,0,0,0,0,0,,,,
KLO,2010,2,11,7,-7.9,,,,,,,,952.8,,2,,30,0,0,0,0,0,0,,,,
KLO,2010,2,11,8,-7.3,,,,,,,,952.8,,2.3,,101,0,0,0,0,0,0,,,,
KLO,2010,2,11,9,-6.7,,,,,,,,952.8,,3.3,,163,431.6,77.2,0,0,0,0,,,,
KLO,2010,2,11,10,-6.1,,,,,,,,952.8,,3,,199,134.5,155.3,0,0,0,0,,,,
KLO,2010,2,11,11,-5.6,,,,,,,,952.5,,3.5,,215,60,190,0,0,0,0,,,,
KLO,2010,2,11,12,-5.1,,,,,,,,952.3,,3.3,,228,45,206.9,0,0,0,0,,,,
KLO,2010,2,11,13,-5.2,,,,,,,,952.3,,2.4,,158,7.6,154.4,0,0,0,0,,,,
KLO,2010,2,11,14,-5.1,,,,,,,,952.4,,1.9,,131,5.7,128.5,0,0,0,0,,,,
KLO,2010,2,11,15,-4.9,,,,,,,,952.7,,3,,89,3.9,87.6,0,0,0,0,,,,
KLO,2010,2,11,16,-4.9,,,,,,,,953.1,,3.1,,33,1.2,32.7,0,0,0,0,,,,
KLO,2010,2,11,17,-5.3,,,,,,,,953.5,,2.2,,0,0,0,0,0,0,0,,,,
KLO,2010,2,11,18,-5.7,,,,,,,,954,,2.6,,0,0,0,0,0,0,0,,,,
KLO,2010,2,11,19,-5.3,,,,,,,,954.3,,2.8,,0,0,0,0,0,0,0,,,,
KLO,2010,2,11,20,-5.1,,,,,,,,954.7,,2.5,,0,0,0,0,0,0,0,,,,
KLO,2010,2,11,21,-5,,,,,,,,955,,2.8,,0,0,0,0,0,0,0,,,,
KLO,2010,2,11,22,-4.8,,,,,,,,955.1,,3.3,,0,0,0,0,0,0,0,,,,
KLO,2010,2,11,23,-4.5,,,,,,,,955.5,,3.4,,0,0,0,0,0,0,0,,,,
KLO,2010,2,12,0,-4.5,,,,,,,,955.7,,4.2,,0,0,0,0,0,0,0,,,,
KLO,2010,2,12,1,-4.5,,,,,,,,956,,3.9,,0,0,0,0,0,0,0,,,,
KLO,2010,2,12,2,-4.7,,,,,,,,956.4,,4.1,,0,0,0,0,0,0,0,,,,
KLO,2010,2,12,3,-4.9,,,,,,,,956.8,,3.1,,0,0,0,0,0,0,0,,,,
KLO,2010,2,12,4,-5.1,,,,,,,,957.3,,2.9,,0,0,0,0,0,0,0,,,,
KLO,2010,2,12,5,-5.3,,,,,,,,957.8,,2.5,,0,0,0,0,0,0,0,,,,
KLO,2010,2,12,6,-5.4,,,,,,,,958.4,,2.7,,0,0,0,0,0,0,0,,,,
KLO,2010,2,12,7,-5.2,,,,,,,,959.1,,2.4,,40,0,0,0,0,0,0,,,,
KLO,2010,2,12,8,-5,,,,,,,,959.6,,2.8,,105,1628.3,17.3,0,0,0,0,,,,
KLO,2010,2,12,9,-4.9,,,,,,,,960.1,,3,,155,331.1,87.7,0,0,0,0,,,,
KLO,2010,2,12,10,-4.3,,,,,,,,960.6,,3.1,,269,425.3,128.9,0,0,0,0,,,,
KLO,2010,2,12,11,-4,,,,,,,,960.7,,3.1,,274,173.9,200.7,0,0,0,0,,,,
KLO,2010,2,12,12,-3.5,,,,,,,,960.7,,2.6,,331,236.3,219.2,0,0,0,0,,,,
KLO,2010,2,12,13,-3.5,,,,,,,,960.8,,1.9,,233,44,211.9,0,0,0,0,,,,
KLO,2010,2,12,14,-3.4,,,,,,,,961.1,,1,,127,5.2,124.7,0,0,0,0,,,,
KLO,2010,2,12,15,-3.5,,,,,,,,961.6,,0.7,,94,4.2,92.4,0,0,0,0,,,,
KLO,2010,2,12,16,-4,,,,,,,,962.1,,1,,25,0.6,24.8,0,0,0,0,,,,
KLO,2010,2,12,17,-5,,,,,,,,962.5,,1,,0,0,0,0,0,0,0,,,,
KLO,2010,2,12,18,-5.9,,,,,,,,962.9,,0.9,,0,0,0,0,0,0,0,,,,
KLO,2010,2,12,19,-7,,,,,,,,963,,0.9,,0,0,0,0,0,0,0,,,,
KLO,2010,2,12,20,-7.2,,,,,,,,963.1,,1.4,,0,0,0,0,0,0,0,,,,
KLO,2010,2,12,21,-8.6,,,,,,,,963.3,,0.7,,0,0,0,0,0,0,0,,,,
KLO,2010,2,12,22,-9.7,,,,,,,,963.3,,0.4,,0,0,0,0,0,0,0,,,,
KLO,2010,2,12,23,-10.8,,,,,,,,963.2,,0.3,,0,0,0,0,0,0,0,,,,
KLO,2010,2,13,0,-10.7,,,,,,,,963,,0.5,,0,0,0,0,0,0,0,,,,
KLO,2010,2,13,1,-9.6,,,,,,,,962.9,,1.1,,0,0,0,0,0,0,0,,,,
KLO,2010,2,13,2,-8.8,,,,,,,,962.7,,1.4,,0,0,0,0,0,0,0,,,,
KLO,2010,2,13,3,-9.9,,,,,,,,962.5,,0.8,,0,0,0,0,0,0,0,,,,
KLO,2010,2,13,4,-10.9,,,,,,,,962.5,,0.8,,0,0,0,0,0,0,0,,,,
KLO,2010,2,13,5,-9.8,,,,,,,,962.4,,0.5,,0,0,0,0,0,0,0,,,,
KLO,2010,2,13,6,-9.2,,,,,,,,962.5,,0.6,,0,0,0,0,0,0,0,,,,
KLO,2010,2,13,7,-8.3,,,,,,,,962.8,,0.6,,19,0,0,0,0,0,0,,,,
KLO,2010,2,13,8,-7.6,,,,,,,,962.8,,0.5,,99,1420.9,16.3,0,0,0,0,,,,
KLO,2010,2,13,9,-6.6,,,,,,,,962.8,,0.6,,216,838.7,41.5,0,0,0,0,,,,
KLO,2010,2,13,10,-4.9,,,,,,,,962.6,,1.2,,329,746.6,79.4,0,0,0,0,,,,
KLO,2010,2,13,11,-3.1,,,,,,,,962.3,,2.9,,292,216.6,199.6,0,0,0,0,,,,
KLO,2010,2,13,12,-2.5,,,,,,,,961.8,,3.4,,296,140.5,228.8,0,0,0,0,,,,
KLO,2010,2,13,13,-2.6,,,,,,,,961.4,,2.8,,187,14,180.2,0,0,0,0,,,,
KLO,2010,2,13,14,-2.7,,,,,,,,961.3,,2.8,,121,4.7,118.9,0,0,0,0,,,,
KLO,2010,2,13,15,-2.4,,,,,,,,961.4,,3.1,,96,4.3,94.4,0,0,0,0,,,,
KLO,2010,2,13,16,-2.6,,,,,,,,961.6,,2.6,,35,1.2,34.7,0,0,0,0,,,,
KLO,2010,2,13,17,-2.8,,,,,,,,961.7,,2,,0,0,0,0,0,0,0,,,,
KLO,2010,2,13,18,-2.9,,,,,,,,961.8,,1.4,,0,0,0,0,0,0,0,,,,
KLO,2010,2,13,19,-3,,,,,,,,961.8,,1,,0,0,0,0,0,0,0,,,,
KLO,2010,2,13,20,-3.3,,,,,,,,961.9,,1.6,,0,0,0,0,0,0,0,,,,
KLO,2010,2,13,21,-3.4,,,,,,,,961.9,,2.1,,0,0,0,0,0,0,0,,,,
KLO,2010,2,13,22,-3.4,,,,,,,,961.8,,2.1,,0,0,0,0,0,0,0,,,,
KLO,2010,2,13,23,-3.5,,,,,,,,961.8,,1.7,,0,0,0,0,0,0,0,,,,
KLO,2010,2,14,0,-3.6,,,,,,,,961.8,,1.8,,0,0,0,0,0,0,0,,,,
KLO,2010,2,14,1,-3.6,,,,,,,,961.7,,1.8,,0,0,0,0,0,0,0,,,,
KLO,2010,2,14,2,-3.5,,,,,,,,961.4,,1.5,,0,0,0,0,0,0,0,,,,
KLO,2010,2,14,3,-3.6,,,,,,,,961.2,,1.4,,0,0,0,0,0,0,0,,,,
KLO,2010,2,14,4,-3.7,,,,,,,,961.1,,1.5,,0,0,0,0,0,0,0,,,,
KLO,2010,2,14,5,-3.7,,,,,,,,961.1,,1.9,,0,0,0,0,0,0,0,,,,
KLO,2010,2,14,6,-3.8,,,,,,,,961.2,,1.7,,0,0,0,0,0,0,0,,,,
KLO,2010,2,14,7,-3.7,,,,,,,,961.3,,1.5,,6,0,0,0,0,0,0,,,,
KLO,2010,2,14,8,-4,,,,,,,,961.5,,1.5,,42,176.6,30.9,0,0,0,0,,,,
KLO,2010,2,14,9,-3.9,,,,,,,,961.6,,0.9,,118,85,99.9,0,0,0,0,,,,
KLO,2010,2,14,10,-3.2,,,,,,,,961.6,,0.4,,231,212.1,159,0,0,0,0,,,,
KLO,2010,2,14,11,-2.9,,,,,,,,961.3,,0.9,,246,96.8,204.2,0,0,0,0,,,,
KLO,2010,2,14,12,-2.8,,,,,,,,960.8,,1,,180,12,174.2,0,0,0,0,,,,
KLO,2010,2,14,13,-2.4,,,,,,,,960.7,,0.7,,147,5.7,144.2,0,0,0,0,,,,
KLO,2010,2,14,14,-2.4,,,,,,,,960.5,,0.6,,111,3.8,109.3,0,0,0,0,,,,
KLO,2010,2,14,15,-2.4,,,,,,,,960.4,,0.8,,63,1.8,62.3,0,0,0,0,,,,
KLO,2010,2,14,16,-2.5,,,,,,,,960.4,,0.6,,17,0.3,16.9,0,0,0,0,,,,
KLO,2010,2,14,17,-2.7,,,,,,,,960.5,,0.6,,0,0,0,0,0,0,0,,,,
KLO,2010,2,14,18,-2.8,,,,,,,,960.4,,1.1,,0,0,0,0,0,0,0,,,,
KLO,2010,2,14,19,-3.1,,,,,,,,960.6,,0.8,,0,0,0,0,0,0,0,,,,
KLO,2010,2,14,20,-3.4,,,,,,,,960.5,,1,,0,0,0,0,0,0,0,,,,
KLO,2010,2,14,21,-3.4,,,,,,,,960.4,,1,,0,0,0,0,0,0,0,,,,
KLO,2010,2,14,22,-3.6,,,,,,,,960.2,,0.5,,0,0,0,0,0,0,0,,,,
KLO,2010,2,14,23,-4,,,,,,,,960,,1.4,,0,0,0,0,0,0,0,,,,
KLO,2010,2,15,0,-4.1,,,,,,,,959.7,,1.3,,0,0,0,0,0,0,0,,,,
KLO,2010,2,15,1,-4.1,,,,,,,,959.4,,1.2,,0,0,0,0,0,0,0,,,,
KLO,2010,2,15,2,-4.2,,,,,,,,959,,1.2,,0,0,0,0,0,0,0,,,,
KLO,2010,2,15,3,-4.3,,,,,,,,958.7,,1.1,,0,0,0,0,0,0,0,,,,
KLO,2010,2,15,4,-4.4,,,,,,,,958.5,,1.4,,0,0,0,0,0,0,0,,,,
KLO,2010,2,15,5,-4.5,,,,,,,,958.4,,1.5,,0,0,0,0,0,0,0,,,,
KLO,2010,2,15,6,-4.4,,,,,,,,958.3,,1.2,,0,0,0,0,0,0,0,,,,
KLO,2010,2,15,7,-4,,,,,,,,958.3,,1,,17,0,0,0,0,0,0,,,,
KLO,2010,2,15,8,-3.7,,,,,,,,958.1,,1.2,,71,868.1,12.7,0,0,0,0,,,,
KLO,2010,2,15,9,-3.3,,,,,,,,957.8,,1.4,,135,142.2,104,0,0,0,0,,,,
KLO,2010,2,15,10,-2.7,,,,,,,,957.8,,1.7,,189,81.3,161,0,0,0,0,,,,
KLO,2010,2,15,11,-2.4,,,,,,,,957.5,,1.9,,260,118.4,208.3,0,0,0,0,,,,
KLO,2010,2,15,12,-1.9,,,,,,,,957,,2.2,,325,192.5,230.9,0,0,0,0,,,,
KLO,2010,2,15,13,-1.6,,,,,,,,956.5,,2.1,,354,256.5,226.7,0,0,0,0,,,,
KLO,2010,2,15,14,-1.3,,,,,,,,956.3,,2.3,,385,466.3,170.8,0,0,0,0,,,,
KLO,2010,2,15,15,-1.6,,,,,,,,955.9,,2.6,,203,71.2,175.9,0,0,0,0,,,,
KLO,2010,2,15,16,-2.6,,,,,,,,955.6,,2.5,,56,2.9,55.2,0,0,0,0,,,,
KLO,2010,2,15,17,-3.6,,,,,,,,955.8,,1.8,,1,0,1,0,0,0,0,,,,
KLO,2010,2,15,18,-4.7,,,,,,,,955.8,,1,,0,0,0,0,0,0,0,,,,
KLO,2010,2,15,19,-6.4,,,,,,,,955.7,,1.5,,0,0,0,0,0,0,0,,,,
KLO,2010,2,15,20,-7.9,,,,,,,,955.7,,1.5,,0,0,0,0,0,0,0,,,,
KLO,2010,2,15,21,-9.1,,,,,,,,955.8,,1.2,,0,0,0,0,0,0,0,,,,
KLO,2010,2,15,22,-9.7,,,,,,,,955.7,,1.4,,0,0,0,0,0,0,0,,,,
KLO,2010,2,15,23,-9.8,,,,,,,,955.7,,0.8,,0,0,0,0,0,0,0,,,,
KLO,2010,2,16,0,-9.8,,,,,,,,955.7,,0.9,,0,0,0,0,0,0,0,,,,
KLO,2010,2,16,1,-10.8,,,,,,,,955.5,,0.5,,0,0,0,0,0,0,0,,,,
KLO,2010,2,16,2,-11.2,,,,,,,,955.2,,0.6,,0,0,0,0,0,0,0,,,,
KLO,2010,2,16,3,-12,,,,,,,,954.7,,1.4,,0,0,0,0,0,0,0,,,,
KLO,2010,2,16,4,-12.2,,,,,,,,954.5,,1.3,,0,0,0,0,0,0,0,,,,
KLO,2010,2,16,5,-12.5,,,,,,,,954.3,,1.6,,0,0,0,0,0,0,0,,,,
KLO,2010,2,16,6,-12.3,,,,,,,,954.2,,1.1,,1,0,0,0,0,0,0,,,,
KLO,2010,2,16,7,-12,,,,,,,,954.2,,1,,56,0,0,0,0,0,0,,,,
KLO,2010,2,16,8,-10.5,,,,,,,,954.2,,1.2,,202,2351,33.3,0,0,0,0,,,,
KLO,2010,2,16,9,-8.1,,,,,,,,954,,2.3,,352,1319.8,58.1,0,0,0,0,,,,
KLO,2010,2,16,10,-6.2,,,,,,,,953.7,,2.5,,472,1127.8,77.9,0,0,0,0,,,,
KLO,2010,2,16,11,-5.1,,,,,,,,953.3,,2.8,,535,1010.5,88.3,0,0,0,0,,,,
KLO,2010,2,16,12,-3.8,,,,,,,,952.8,,2.6,,528,883.4,91.6,0,0,0,0,,,,
KLO,2010,2,16,13,-2.3,,,,,,,,951.9,,2.7,,476,681.8,134,0,0,0,0,,,,
KLO,2010,2,16,14,-1.2,,,,,,,,951,,2.6,,366,376,191.4,0,0,0,0,,,,
KLO,2010,2,16,15,-0.8,,,,,,,,950.5,,1.3,,150,14.9,144.3,0,0,0,0,,,,
KLO,2010,2,16,16,-1.6,,,,,,,,950.1,,2.6,,42,1.6,41.6,0,0,0,0,,,,
KLO,2010,2,16,17,-2.5,,,,,,,,950.1,,2.7,,1,0,1,0,0,0,0,,,,
KLO,2010,2,16,18,-2.1,,,,,,,,949.9,,2.6,,0,0,0,0,0,0,0,,,,
KLO,2010,2,16,19,-2,,,,,,,,949.6,,1.6,,0,0,0,0,0,0,0,,,,
KLO,2010,2,16,20,-2.7,,,,,,,,949.2,,1.8,,0,0,0,0,0,0,0,,,,
KLO,2010,2,16,21,-2.3,,,,,,,,948.9,,2.3,,0,0,0,0,0,0,0,,,,
KLO,2010,2,16,22,-2.1,,,,,,,,948.4,,2.5,,0,0,0,0,0,0,0,,,,
KLO,2010,2,16,23,-1.9,,,,,,,,948,,2.2,,0,0,0,0,0,0,0,,,,
KLO,2010,2,17,0,-2.5,,,,,,,,947.5,,2.6,,0,0,0,0,0,0,0,,,,
KLO,2010,2,17,1,-2.4,,,,,,,,947.2,,2.3,,0,0,0,0,0,0,0,,,,
KLO,2010,2,17,2,-2.5,,,,,,,,946.9,,1.2,,0,0,0,0,0,0,0,,,,
KLO,2010,2,17,3,-2.6,,,,,,,,946.5,,0.7,,0,0,0,0,0,0,0,,,,
KLO,2010,2,17,4,-2.5,,,,,,,,946.3,,1.2,,0,0,0,0,0,0,0,,,,
KLO,2010,2,17,5,-2.6,,,,,,,,946,,0.7,,0,0,0,0,0,0,0,,,,
KLO,2010,2,17,6,-2.5,,,,,,,,945.5,,0.7,,1,0,0,0,0,0,0,,,,
KLO,2010,2,17,7,-2,,,,,,,,945.6,,0.8,,45,0,0,0,0,0,0,,,,
KLO,2010,2,17,8,-1.4,,,,,,,,945.2,,0.6,,131,1431,21.6,0,0,0,0,,,,
KLO,2010,2,17,9,-0.7,,,,,,,,944.7,,0.9,,171,314.8,99.3,0,0,0,0,,,,
KLO,2010,2,17,10,0.4,,,,,,,,944.6,,2.1,,243,218.7,165.4,0,0,0,0,,,,
KLO,2010,2,17,11,1.8,,,,,,,,944.4,,3,,334,308,196.2,0,0,0,0,,,,
KLO,2010,2,17,12,2.1,,,,,,,,944.1,,2.5,,256,58.7,226.7,0,0,0,0,,,,
KLO,2010,2,17,13,2.5,,,,,,,,944.2,,1.9,,201,16.3,192.8,0,0,0,0,,,,
KLO,2010,2,17,14,2.9,,,,,,,,944.6,,0.9,,111,3.6,109.3,0,0,0,0,,,,
KLO,2010,2,17,15,3.5,,,,,,,,944.6,,1.1,,109,5,107,0,0,0,0,,,,
KLO,2010,2,17,16,3.1,,,,,,,,944.4,,1.9,,19,0.3,18.9,0,0,0,0,,,,
KLO,2010,2,17,17,2.3,,,,,,,,944.3,,2.5,,1,0,1,0,0,0,0,,,,
KLO,2010,2,17,18,2.1,,,,,,,,944.6,,1.5,,0,0,0,0,0,0,0,,,,
KLO,2010,2,17,19,0.7,,,,,,,,944.9,,1.7,,0,0,0,0,0,0,0,,,,
KLO,2010,2,17,20,-1.3,,,,,,,,945.3,,1.1,,0,0,0,0,0,0,0,,,,
KLO,2010,2,17,21,-2.4,,,,,,,,945.6,,1.3,,0,0,0,0,0,0,0,,,,
KLO,2010,2,17,22,-2.9,,,,,,,,945.7,,0.8,,0,0,0,0,0,0,0,,,,
KLO,2010,2,17,23,-2.9,,,,,,,,946,,0.3,,0,0,0,0,0,0,0,,,,
KLO,2010,2,18,0,-2.9,,,,,,,,946.5,,1,,0,0,0,0,0,0,0,,,,
KLO,2010,2,18,1,-1.3,,,,,,,,946.8,,1.9,,0,0,0,0,0,0,0,,,,
KLO,2010,2,18,2,-0.3,,,,,,,,947.1,,1.9,,0,0,0,0,0,0,0,,,,
KLO,2010,2,18,3,0,,,,,,,,947.2,,2.2,,0,0,0,0,0,0,0,,,,
KLO,2010,2,18,4,0.3,,,,,,,,947.6,,2,,0,0,0,0,0,0,0,,,,
KLO,2010,2,18,5,0.3,,,,,,,,948.1,,2.2,,0,0,0,0,0,0,0,,,,
KLO,2010,2,18,6,0.6,,,,,,,,948.6,,2.6,,0,0,0,0,0,0,0,,,,
KLO,2010,2,18,7,0.9,,,,,,,,949.4,,1.4,,16,0,0,0,0,0,0,,,,
KLO,2010,2,18,8,1.4,,,,,,,,949.9,,1.9,,66,420.7,31.8,0,0,0,0,,,,
KLO,2010,2,18,9,2.2,,,,,,,,950.3,,1.7,,120,60.4,105.9,0,0,0,0,,,,
KLO,2010,2,18,10,3.4,,,,,,,,950.9,,1.9,,189,66.1,165.2,0,0,0,0,,,,
KLO,2010,2,18,11,5.2,,,,,,,,951.3,,3.4,,234,61.3,206.3,0,0,0,0,,,,
KLO,2010,2,18,12,6.6,,,,,,,,951.2,,4.2,,276,80.4,235.4,0,0,0,0,,,,
KLO,2010,2,18,13,7.1,,,,,,,,951.1,,3.2,,192,12.5,185.6,0,0,0,0,,,,
KLO,2010,2,18,14,7.8,,,,,,,,950.6,,2.4,,306,169.1,225.7,0,0,0,0,,,,
KLO,2010,2,18,15,7.5,,,,,,,,950.2,,1,,143,10.7,138.8,0,0,0,0,,,,
KLO,2010,2,18,16,5.7,,,,,,,,950,,0.9,,34,1,33.7,0,0,0,0,,,,
KLO,2010,2,18,17,3.7,,,,,,,,950.4,,1,,1,0,1,0,0,0,0,,,,
KLO,2010,2,18,18,2.3,,,,,,,,951.2,,0.9,,0,0,0,0,0,0,0,,,,
KLO,2010,2,18,19,1.8,,,,,,,,951.5,,0.4,,0,0,0,0,0,0,0,,,,
KLO,2010,2,18,20,0.3,,,,,,,,951.8,,1,,0,0,0,0,0,0,0,,,,
KLO,2010,2,18,21,-1.3,,,,,,,,951.3,,1.3,,0,0,0,0,0,0,0,,,,
KLO,2010,2,18,22,-0.8,,,,,,,,950.8,,1.4,,0,0,0,0,0,0,0,,,,
KLO,2010,2,18,23,-0.6,,,,,,,,950.1,,1.5,,0,0,0,0,0,0,0,,,,
KLO,2010,2,19,0,-1.2,,,,,,,,949.6,,1.3,,0,0,0,0,0,0,0,,,,
KLO,2010,2,19,1,-1.3,,,,,,,,949,,1.2,,0,0,0,0,0,0,0,,,,
KLO,2010,2,19,2,-1.4,,,,,,,,948.3,,0.6,,0,0,0,0,0,0,0,,,,
KLO,2010,2,19,3,-1.6,,,,,,,,947,,0.5,,0,0,0,0,0,0,0,,,,
KLO,2010,2,19,4,-1.7,,,,,,,,945.7,,0.7,,0,0,0,0,0,0,0,,,,
KLO,2010,2,19,5,-1.6,,,,,,,,944.5,,0.6,,0,0,0,0,0,0,0,,,,
KLO,2010,2,19,6,-0.8,,,,,,,,944.1,,1.3,,0,0,0,0,0,0,0,,,,
KLO,2010,2,19,7,-0.3,,,,,,,,943.8,,0.7,,8,0,0,0,0,0,0,,,,
KLO,2010,2,19,8,0.2,,,,,,,,943.8,,1.2,,37,24.4,34.9,0,0,0,0,,,,
KLO,2010,2,19,9,1.5,,,,,,,,943.1,,2.1,,124,63.8,108.8,0,0,0,0,,,,
KLO,2010,2,19,10,2.7,,,,,,,,942.6,,1.7,,172,38.7,157.9,0,0,0,0,,,,
KLO,2010,2,19,11,3.4,,,,,,,,942.3,,1.2,,155,8.2,151.2,0,0,0,0,,,,
KLO,2010,2,19,12,4.1,,,,,,,,942.1,,2.1,,108,2.9,106.5,0,0,0,0,,,,
KLO,2010,2,19,13,4.5,,,,,,,,942.3,,1.5,,89,1.9,88,0,0,0,0,,,,
KLO,2010,2,19,14,4.4,,,,,,,,942.6,,3.1,,43,0.5,42.8,0,0,0,0,,,,
KLO,2010,2,19,15,3.5,,,,,,,,943.5,,4.3,,19,0.1,18.9,0,0,0,0,,,,
KLO,2010,2,19,16,2.7,,,,,,,,944.6,,3.4,,4,0,4,0,0,0,0,,,,
KLO,2010,2,19,17,2.4,,,,,,,,945.9,,4.4,,0,0,0,0,0,0,0,,,,
KLO,2010,2,19,18,2,,,,,,,,947.2,,2.3,,0,0,0,0,0,0,0,,,,
KLO,2010,2,19,19,1.9,,,,,,,,947.9,,3,,0,0,0,0,0,0,0,,,,
KLO,2010,2,19,20,2.2,,,,,,,,948.4,,2,,0,0,0,0,0,0,0,,,,
KLO,2010,2,19,21,2.2,,,,,,,,949,,2.5,,0,0,0,0,0,0,0,,,,
KLO,2010,2,19,22,2,,,,,,,,949.5,,3.5,,0,0,0,0,0,0,0,,,,
KLO,2010,2,19,23,1.6,,,,,,,,950.1,,3.1,,0,0,0,0,0,0,0,,,,
KLO,2010,2,20,0,1.2,,,,,,,,950.6,,2.6,,0,0,0,0,0,0,0,,,,
KLO,2010,2,20,1,0.8,,,,,,,,950.8,,1.4,,0,0,0,0,0,0,0,,,,
KLO,2010,2,20,2,0.5,,,,,,,,950.9,,1.4,,0,0,0,0,0,0,0,,,,
KLO,2010,2,20,3,-0.2,,,,,,,,950.8,,0.6,,0,0,0,0,0,0,0,,,,
KLO,2010,2,20,4,-0.4,,,,,,,,950.7,,1.2,,0,0,0,0,0,0,0,,,,
KLO,2010,2,20,5,-0.4,,,,,,,,950.7,,1.6,,0,0,0,0,0,0,0,,,,
KLO,2010,2,20,6,-0.2,,,,,,,,950.9,,1.3,,0,0,0,0,0,0,0,,,,
KLO,2010,2,20,7,0.3,,,,,,,,951.4,,0.9,,27,0,0,0,0,0,0,,,,
KLO,2010,2,20,8,1.1,,,,,,,,951.6,,2.2,,133,1220.2,21.9,0,0,0,0,,,,
KLO,2010,2,20,9,3,,,,,,,,951.5,,2.8,,386,1325.9,63.7,0,0,0,0,,,,
KLO,2010,2,20,10,4.3,,,,,,,,951.6,,4,,529,1192.5,87.3,0,0,0,0,,,,
KLO,2010,2,20,11,4.8,,,,,,,,951.5,,3.5,,434,660.4,128,0,0,0,0,,,,
KLO,2010,2,20,12,4.4,,,,,,,,951.3,,4.4,,249,44,226.3,0,0,0,0,,,,
KLO,2010,2,20,13,5,,,,,,,,951,,4.6,,391,311.3,228.3,0,0,0,0,,,,
KLO,2010,2,20,14,5.5,,,,,,,,950.9,,4.6,,389,402.2,193.9,0,0,0,0,,,,
KLO,2010,2,20,15,4.7,,,,,,,,951,,4.9,,186,34,172.2,0,0,0,0,,,,
KLO,2010,2,20,16,3.5,,,,,,,,951.1,,4.1,,67,3.5,66,0,0,0,0,,,,
KLO,2010,2,20,17,2.9,,,,,,,,951.6,,2.6,,3,0,3,0,0,0,0,,,,
KLO,2010,2,20,18,2.8,,,,,,,,952.1,,2.5,,0,0,0,0,0,0,0,,,,
KLO,2010,2,20,19,2.8,,,,,,,,952.7,,4.1,,0,0,0,0,0,0,0,,,,
KLO,2010,2,20,20,2,,,,,,,,953.5,,3.1,,0,0,0,0,0,0,0,,,,
KLO,2010,2,20,21,1.8,,,,,,,,954.1,,3.7,,0,0,0,0,0,0,0,,,,
KLO,2010,2,20,22,1.6,,,,,,,,954.5,,3.3,,0,0,0,0,0,0,0,,,,
KLO,2010,2,20,23,0.5,,,,,,,,954.7,,2.6,,0,0,0,0,0,0,0,,,,
KLO,2010,2,21,0,0.6,,,,,,,,955,,1.2,,0,0,0,0,0,0,0,,,,
KLO,2010,2,21,1,-0.7,,,,,,,,955.3,,1.3,,0,0,0,0,0,0,0,,,,
KLO,2010,2,21,2,-0.7,,,,,,,,955.3,,1,,0,0,0,0,0,0,0,,,,
KLO,2010,2,21,3,0.3,,,,,,,,955.2,,2,,0,0,0,0,0,0,0,,,,
KLO,2010,2,21,4,-0.4,,,,,,,,955.1,,2.8,,0,0,0,0,0,0,0,,,,
KLO,2010,2,21,5,-1.2,,,,,,,,954.8,,3.6,,0,0,0,0,0,0,0,,,,
KLO,2010,2,21,6,-1.6,,,,,,,,954.6,,3.2,,2,0,0,0,0,0,0,,,,
KLO,2010,2,21,7,-0.6,,,,,,,,954.5,,3.8,,88,0,0,0,0,0,0,,,,
KLO,2010,2,21,8,2,,,,,,,,954.2,,3.7,,265,2304.4,43.7,0,0,0,0,,,,
KLO,2010,2,21,9,3.3,,,,,,,,954.2,,4.2,,247,769.2,56,0,0,0,0,,,,
KLO,2010,2,21,10,4.8,,,,,,,,953.8,,3.3,,461,1024.4,76.1,0,0,0,0,,,,
KLO,2010,2,21,11,6.8,,,,,,,,953.2,,4,,568,1011.9,93.7,0,0,0,0,,,,
KLO,2010,2,21,12,7.5,,,,,,,,952.6,,4.2,,571,915.6,94.3,0,0,0,0,,,,
KLO,2010,2,21,13,7.7,,,,,,,,951.9,,2.9,,493,655,147.2,0,0,0,0,,,,
KLO,2010,2,21,14,7.7,,,,,,,,951.3,,2.2,,326,194,230.9,0,0,0,0,,,,
KLO,2010,2,21,15,7.2,,,,,,,,950.7,,2.2,,149,10.9,144.5,0,0,0,0,,,,
KLO,2010,2,21,16,6.4,,,,,,,,950,,1.1,,63,3,62.1,0,0,0,0,,,,
KLO,2010,2,21,17,4.8,,,,,,,,949.8,,0.6,,4,0,4,0,0,0,0,,,,
KLO,2010,2,21,18,1.5,,,,,,,,950.4,,1.4,,0,0,0,0,0,0,0,,,,
KLO,2010,2,21,19,1,,,,,,,,950.6,,1.5,,0,0,0,0,0,0,0,,,,
KLO,2010,2,21,20,-0.3,,,,,,,,950.6,,2.1,,0,0,0,0,0,0,0,,,,
KLO,2010,2,21,21,-1.1,,,,,,,,950.3,,1.3,,0,0,0,0,0,0,0,,,,
KLO,2010,2,21,22,-1.3,,,,,,,,950.4,,1.2,,0,0,0,0,0,0,0,,,,
KLO,2010,2,21,23,-0.9,,,,,,,,949.8,,1.7,,0,0,0,0,0,0,0,,,,
KLO,2010,2,22,0,-0.3,,,,,,,,949.5,,1.3,,0,0,0,0,0,0,0,,,,
KLO,2010,2,22,1,0,,,,,,,,948.8,,1.3,,0,0,0,0,0,0,0,,,,
KLO,2010,2,22,2,0.1,,,,,,,,948.6,,1.2,,0,0,0,0,0,0,0,,,,
KLO,2010,2,22,3,0.3,,,,,,,,948.6,,1.3,,0,0,0,0,0,0,0,,,,
KLO,2010,2,22,4,0.6,,,,,,,,948.9,,1.2,,0,0,0,0,0,0,0,,,,
KLO,2010,2,22,5,0.7,,,,,,,,948.9,,1.2,,0,0,0,0,0,0,0,,,,
KLO,2010,2,22,6,1.6,,,,,,,,949.1,,2.2,,0,0,0,0,0,0,0,,,,
KLO,2010,2,22,7,2,,,,,,,,949.1,,1.4,,12,0,0,0,0,0,0,,,,
KLO,2010,2,22,8,2.7,,,,,,,,949.2,,2.2,,51,54.7,45.5,0,0,0,0,,,,
KLO,2010,2,22,9,3.6,,,,,,,,949,,2.5,,102,17.6,97.5,0,0,0,0,,,,
KLO,2010,2,22,10,5.2,,,,,,,,949,,2.4,,238,148.2,181.5,0,0,0,0,,,,
KLO,2010,2,22,11,7.9,,,,,,,,948.4,,2.7,,487,824.7,96,0,0,0,0,,,,
KLO,2010,2,22,12,9.9,,,,,,,,947.7,,2.6,,425,414.1,207.2,0,0,0,0,,,,
KLO,2010,2,22,13,11.1,,,,,,,,947,,2,,460,516.4,184.6,0,0,0,0,,,,
KLO,2010,2,22,14,11.4,,,,,,,,946.4,,1.4,,392,384.2,201.6,0,0,0,0,,,,
KLO,2010,2,22,15,11.7,,,,,,,,945.9,,2.2,,246,117.2,197.3,0,0,0,0,,,,
KLO,2010,2,22,16,10,,,,,,,,945.6,,1.8,,58,2.4,57.3,0,0,0,0,,,,
KLO,2010,2,22,17,8.7,,,,,,,,945.7,,1.4,,3,0,3,0,0,0,0,,,,
KLO,2010,2,22,18,5,,,,,,,,945.8,,3,,0,0,0,0,0,0,0,,,,
KLO,2010,2,22,19,4.7,,,,,,,,946,,1.7,,0,0,0,0,0,0,0,,,,
KLO,2010,2,22,20,3.4,,,,,,,,946.2,,3.9,,0,0,0,0,0,0,0,,,,
KLO,2010,2,22,21,3.1,,,,,,,,946.2,,2.6,,0,0,0,0,0,0,0,,,,
KLO,2010,2,22,22,3.9,,,,,,,,946.3,,1.6,,0,0,0,0,0,0,0,,,,
KLO,2010,2,22,23,2.9,,,,,,,,946.7,,1.8,,0,0,0,0,0,0,0,,,,
KLO,2010,2,23,0,2.7,,,,,,,,946.6,,1.7,,0,0,0,0,0,0,0,,,,
KLO,2010,2,23,1,3.4,,,,,,,,946.7,,1.8,,0,0,0,0,0,0,0,,,,
KLO,2010,2,23,2,4.1,,,,,,,,946.7,,1.4,,0,0,0,0,0,0,0,,,,
KLO,2010,2,23,3,6.7,,,,,,,,946.9,,4.7,,0,0,0,0,0,0,0,,,,
KLO,2010,2,23,4,6.5,,,,,,,,947.3,,2.5,,0,0,0,0,0,0,0,,,,
KLO,2010,2,23,5,5.5,,,,,,,,947.3,,3.1,,0,0,0,0,0,0,0,,,,
KLO,2010,2,23,6,5.7,,,,,,,,947.3,,2.7,,1,0,0,0,0,0,0,,,,
KLO,2010,2,23,7,6.3,,,,,,,,947.5,,2.7,,47,0,0,0,0,0,0,,,,
KLO,2010,2,23,8,7,,,,,,,,948.3,,1.6,,69,176.1,50.3,0,0,0,0,,,,
KLO,2010,2,23,9,7.1,,,,,,,,948.6,,4.2,,115,28.9,107.5,0,0,0,0,,,,
KLO,2010,2,23,10,7.6,,,,,,,,949.1,,4.7,,114,5.6,111.8,0,0,0,0,,,,
KLO,2010,2,23,11,7.2,,,,,,,,949.6,,3.4,,112,3.5,110.3,0,0,0,0,,,,
KLO,2010,2,23,12,7.7,,,,,,,,949.3,,3.4,,191,10.4,185.4,0,0,0,0,,,,
KLO,2010,2,23,13,8.1,,,,,,,,949.3,,3.4,,167,6.3,163.6,0,0,0,0,,,,
KLO,2010,2,23,14,8.7,,,,,,,,949.3,,4.3,,171,8.5,166.7,0,0,0,0,,,,
KLO,2010,2,23,15,8.8,,,,,,,,949.4,,5,,107,4.2,105.2,0,0,0,0,,,,
KLO,2010,2,23,16,8.4,,,,,,,,949.8,,4.6,,54,2.1,53.4,0,0,0,0,,,,
KLO,2010,2,23,17,7.7,,,,,,,,950.3,,3.6,,3,0,3,0,0,0,0,,,,
KLO,2010,2,23,18,7.2,,,,,,,,950.9,,3.7,,0,0,0,0,0,0,0,,,,
KLO,2010,2,23,19,7.3,,,,,,,,951.2,,4,,0,0,0,0,0,0,0,,,,
KLO,2010,2,23,20,6.9,,,,,,,,951.3,,4.2,,0,0,0,0,0,0,0,,,,
KLO,2010,2,23,21,5.9,,,,,,,,951.7,,3.6,,0,0,0,0,0,0,0,,,,
KLO,2010,2,23,22,6.6,,,,,,,,951.8,,4.6,,0,0,0,0,0,0,0,,,,
KLO,2010,2,23,23,6.6,,,,,,,,952,,2.2,,0,0,0,0,0,0,0,,,,
KLO,2010,2,24,0,6.4,,,,,,,,952.5,,4.1,,0,0,0,0,0,0,0,,,,
KLO,2010,2,24,1,6.4,,,,,,,,952.6,,1.8,,0,0,0,0,0,0,0,,,,
KLO,2010,2,24,2,5.5,,,,,,,,952.5,,1.2,,0,0,0,0,0,0,0,,,,
KLO,2010,2,24,3,4.6,,,,,,,,952.3,,1.6,,0,0,0,0,0,0,0,,,,
KLO,2010,2,24,4,4,,,,,,,,952.3,,1.2,,0,0,0,0,0,0,0,,,,
KLO,2010,2,24,5,2.9,,,,,,,,952.1,,1.6,,0,0,0,0,0,0,0,,,,
KLO,2010,2,24,6,2.4,,,,,,,,952.2,,1.4,,4,0,0,0,0,0,0,,,,
KLO,2010,2,24,7,2.6,,,,,,,,952.6,,1.2,,73,0,0,0,0,0,0,,,,
KLO,2010,2,24,8,4.9,,,,,,,,953.1,,1.1,,69,143.2,53,0,0,0,0,,,,
KLO,2010,2,24,9,6,,,,,,,,953.5,,0.8,,63,3.7,62,0,0,0,0,,,,
KLO,2010,2,24,10,6.6,,,,,,,,953.6,,1.3,,146,12.2,141.2,0,0,0,0,,,,
KLO,2010,2,24,11,7.9,,,,,,,,953.5,,0.6,,455,664.8,132.5,0,0,0,0,,,,
KLO,2010,2,24,12,9.5,,,,,,,,953.2,,1.2,,438,429.3,207.5,0,0,0,0,,,,
KLO,2010,2,24,13,11.1,,,,,,,,953.1,,3.3,,474,534.5,183.2,0,0,0,0,,,,
KLO,2010,2,24,14,11.1,,,,,,,,953.1,,3.5,,357,248.9,231.1,0,0,0,0,,,,
KLO,2010,2,24,15,10.5,,,,,,,,952.9,,3.3,,201,39.7,184.1,0,0,0,0,,,,
KLO,2010,2,24,16,10,,,,,,,,952.9,,3.2,,83,4.7,81.6,0,0,0,0,,,,
KLO,2010,2,24,17,8.3,,,,,,,,953.4,,3.1,,3,0,3,0,0,0,0,,,,
KLO,2010,2,24,18,8.6,,,,,,,,954.4,,4.5,,0,0,0,0,0,0,0,,,,
KLO,2010,2,24,19,6.6,,,,,,,,955.6,,5.1,,0,0,0,0,0,0,0,,,,
KLO,2010,2,24,20,6.2,,,,,,,,956.3,,5.9,,0,0,0,0,0,0,0,,,,
KLO,2010,2,24,21,6.1,,,,,,,,956.6,,4,,0,0,0,0,0,0,0,,,,
KLO,2010,2,24,22,5.8,,,,,,,,956.3,,2.3,,0,0,0,0,0,0,0,,,,
KLO,2010,2,24,23,5.1,,,,,,,,956,,1.5,,0,0,0,0,0,0,0,,,,
KLO,2010,2,25,0,4.4,,,,,,,,955.9,,2.9,,0,0,0,0,0,0,0,,,,
KLO,2010,2,25,1,3.9,,,,,,,,955.8,,3.3,,0,0,0,0,0,0,0,,,,
KLO,2010,2,25,2,4.8,,,,,,,,955.4,,4.2,,0,0,0,0,0,0,0,,,,
KLO,2010,2,25,3,4.4,,,,,,,,955.1,,4.1,,0,0,0,0,0,0,0,,,,
KLO,2010,2,25,4,2.7,,,,,,,,954.7,,3.6,,0,0,0,0,0,0,0,,,,
KLO,2010,2,25,5,2.1,,,,,,,,954.7,,2.2,,0,0,0,0,0,0,0,,,,
KLO,2010,2,25,6,2.8,,,,,,,,954.8,,1.1,,2,0,0,0,0,0,0,,,,
KLO,2010,2,25,7,2.8,,,,,,,,954.7,,2.1,,43,0,0,0,0,0,0,,,,
KLO,2010,2,25,8,5.9,,,,,,,,954.2,,2.3,,232,1659.5,38.3,0,0,0,0,,,,
KLO,2010,2,25,9,8.1,,,,,,,,953.5,,3.3,,410,1268.6,67.7,0,0,0,0,,,,
KLO,2010,2,25,10,9.3,,,,,,,,953.1,,1.3,,493,1035.3,81.3,0,0,0,0,,,,
KLO,2010,2,25,11,10.6,,,,,,,,952.5,,2,,560,953.1,92.4,0,0,0,0,,,,
KLO,2010,2,25,12,11.3,,,,,,,,951.9,,1.7,,428,382.1,220.8,0,0,0,0,,,,
KLO,2010,2,25,13,11.6,,,,,,,,951,,1.7,,314,99.9,259.1,0,0,0,0,,,,
KLO,2010,2,25,14,11.5,,,,,,,,950.2,,1,,172,8.1,167.9,0,0,0,0,,,,
KLO,2010,2,25,15,11.2,,,,,,,,949.8,,1,,54,1,53.6,0,0,0,0,,,,
KLO,2010,2,25,16,9.6,,,,,,,,949.8,,2.1,,12,0.1,12,0,0,0,0,,,,
KLO,2010,2,25,17,7.9,,,,,,,,950.2,,3.1,,0,0,0,0,0,0,0,,,,
KLO,2010,2,25,18,7.1,,,,,,,,949.4,,1.4,,0,0,0,0,0,0,0,,,,
KLO,2010,2,25,19,6.8,,,,,,,,948.8,,1.6,,0,0,0,0,0,0,0,,,,
KLO,2010,2,25,20,6.5,,,,,,,,948.4,,1,,0,0,0,0,0,0,0,,,,
KLO,2010,2,25,21,6.4,,,,,,,,948.5,,2.6,,0,0,0,0,0,0,0,,,,
KLO,2010,2,25,22,6.2,,,,,,,,948.1,,1.9,,0,0,0,0,0,0,0,,,,
KLO,2010,2,25,23,5.7,,,,,,,,947.2,,1.5,,0,0,0,0,0,0,0,,,,
KLO,2010,2,26,0,5.6,,,,,,,,947.4,,1.2,,0,0,0,0,0,0,0,,,,
KLO,2010,2,26,1,5.9,,,,,,,,947.1,,1.9,,0,0,0,0,0,0,0,,,,
KLO,2010,2,26,2,5.7,,,,,,,,946.5,,1.6,,0,0,0,0,0,0,0,,,,
KLO,2010,2,26,3,7.2,,,,,,,,947.4,,4.9,,0,0,0,0,0,0,0,,,,
KLO,2010,2,26,4,7.1,,,,,,,,947.7,,4.5,,0,0,0,0,0,0,0,,,,
KLO,2010,2,26,5,6.5,,,,,,,,947.6,,5.4,,0,0,0,0,0,0,0,,,,
KLO,2010,2,26,6,6.4,,,,,,,,948,,5.7,,2,0,0,0,0,0,0,,,,
KLO,2010,2,26,7,6.6,,,,,,,,948.2,,4.8,,52,0,0,0,0,0,0,,,,
KLO,2010,2,26,8,7.1,,,,,,,,948.4,,3.8,,135,923.9,22.2,0,0,0,0,,,,
KLO,2010,2,26,9,7.5,,,,,,,,948.3,,5.2,,296,892.8,50.2,0,0,0,0,,,,
KLO,2010,2,26,10,8.3,,,,,,,,948.1,,5.8,,267,192.2,189.5,0,0,0,0,,,,
KLO,2010,2,26,11,8.1,,,,,,,,948.3,,9.9,,353,258,225,0,0,0,0,,,,
KLO,2010,2,26,12,8.7,,,,,,,,949.3,,10,,469,506.1,191.7,0,0,0,0,,,,
KLO,2010,2,26,13,7.5,,,,,,,,950.9,,10.5,,162,5.5,158.9,0,0,0,0,,,,
KLO,2010,2,26,14,5.8,,,,,,,,952.7,,7.9,,99,2.4,97.8,0,0,0,0,,,,
KLO,2010,2,26,15,6.6,,,,,,,,953.2,,8.2,,116,4.6,114,0,0,0,0,,,,
KLO,2010,2,26,16,6.6,,,,,,,,953.9,,7,,48,1.5,47.5,0,0,0,0,,,,
KLO,2010,2,26,17,6.4,,,,,,,,954.9,,7.4,,4,0,4,0,0,0,0,,,,
KLO,2010,2,26,18,6,,,,,,,,956,,8.5,,0,0,0,0,0,0,0,,,,
KLO,2010,2,26,19,5.6,,,,,,,,957,,7.1,,0,0,0,0,0,0,0,,,,
KLO,2010,2,26,20,5.3,,,,,,,,957.8,,6.3,,0,0,0,0,0,0,0,,,,
KLO,2010,2,26,21,4.9,,,,,,,,958.6,,5.5,,0,0,0,0,0,0,0,,,,
KLO,2010,2,26,22,4.9,,,,,,,,959.1,,5.5,,0,0,0,0,0,0,0,,,,
KLO,2010,2,26,23,4.7,,,,,,,,959.6,,5.5,,0,0,0,0,0,0,0,,,,
KLO,2010,2,27,0,3.3,,,,,,,,960.1,,3.2,,0,0,0,0,0,0,0,,,,
KLO,2010,2,27,1,2.5,,,,,,,,960.4,,3.3,,0,0,0,0,0,0,0,,,,
KLO,2010,2,27,2,2.6,,,,,,,,960.5,,2.7,,0,0,0,0,0,0,0,,,,
KLO,2010,2,27,3,1.3,,,,,,,,960.4,,2.8,,0,0,0,0,0,0,0,,,,
KLO,2010,2,27,4,2,,,,,,,,960.5,,3.2,,0,0,0,0,0,0,0,,,,
KLO,2010,2,27,5,1.6,,,,,,,,960.5,,3,,0,0,0,0,0,0,0,,,,
KLO,2010,2,27,6,1.1,,,,,,,,960.5,,2.9,,11,0,0,0,0,0,0,,,,
KLO,2010,2,27,7,1.4,,,,,,,,960.4,,2.5,,85,0,0,0,0,0,0,,,,
KLO,2010,2,27,8,3.9,,,,,,,,960.1,,1.5,,249,1631.3,41.1,0,0,0,0,,,,
KLO,2010,2,27,9,6.8,,,,,,,,959.5,,2.5,,433,1287.1,71.4,0,0,0,0,,,,
KLO,2010,2,27,10,8.6,,,,,,,,958.9,,2.2,,540,1103.1,89.1,0,0,0,0,,,,
KLO,2010,2,27,11,9.4,,,,,,,,958.1,,2.1,,571,950.3,94.2,0,0,0,0,,,,
KLO,2010,2,27,12,10.5,,,,,,,,956.9,,2.1,,576,847.6,106.9,0,0,0,0,,,,
KLO,2010,2,27,13,11.3,,,,,,,,955.5,,1.7,,408,283.5,249.2,0,0,0,0,,,,
KLO,2010,2,27,14,11.7,,,,,,,,954.1,,2.1,,236,32.1,219.3,0,0,0,0,,,,
KLO,2010,2,27,15,11.2,,,,,,,,952.8,,3.1,,135,6.2,132.3,0,0,0,0,,,,
KLO,2010,2,27,16,10.2,,,,,,,,951.7,,3.2,,52,1.7,51.5,0,0,0,0,,,,
KLO,2010,2,27,17,8.5,,,,,,,,951.2,,2,,3,0,3,0,0,0,0,,,,
KLO,2010,2,27,18,7,,,,,,,,951.6,,1.8,,0,0,0,0,0,0,0,,,,
KLO,2010,2,27,19,7,,,,,,,,950.5,,1.6,,0,0,0,0,0,0,0,,,,
KLO,2010,2,27,20,6.5,,,,,,,,948.7,,1.6,,0,0,0,0,0,0,0,,,,
KLO,2010,2,27,21,6,,,,,,,,947.5,,1.2,,0,0,0,0,0,0,0,,,,
KLO,2010,2,27,22,5.7,,,,,,,,946.2,,2,,0,0,0,0,0,0,0,,,,
KLO,2010,2,27,23,4.9,,,,,,,,945.4,,1.9,,0,0,0,0,0,0,0,,,,
KLO,2010,2,28,0,4.4,,,,,,,,943.9,,2.6,,0,0,0,0,0,0,0,,,,
KLO,2010,2,28,1,3.9,,,,,,,,942.8,,2.6,,0,0,0,0,0,0,0,,,,
KLO,2010,2,28,2,3.7,,,,,,,,942.2,,2.3,,0,0,0,0,0,0,0,,,,
KLO,2010,2,28,3,3.8,,,,,,,,942.2,,1.9,,0,0,0,0,0,0,0,,,,
KLO,2010,2,28,4,4,,,,,,,,942.7,,1.5,,0,0,0,0,0,0,0,,,,
KLO,2010,2,28,5,4,,,,,,,,943.5,,1.8,,0,0,0,0,0,0,0,,,,
KLO,2010,2,28,6,4.7,,,,,,,,943.5,,3.2,,2,0,0,0,0,0,0,,,,
KLO,2010,2,28,7,5.3,,,,,,,,944.4,,2.4,,26,0,0,0,0,0,0,,,,
KLO,2010,2,28,8,6.8,,,,,,,,944.5,,2.4,,83,149.9,63.1,0,0,0,0,,,,
KLO,2010,2,28,9,8.1,,,,,,,,945.3,,3.6,,61,2.9,60.2,0,0,0,0,,,,
KLO,2010,2,28,10,10.5,,,,,,,,945.7,,7,,263,160.8,196.4,0,0,0,0,,,,
KLO,2010,2,28,11,12.2,,,,,,,,946.7,,8.5,,569,936.5,93.9,0,0,0,0,,,,
KLO,2010,2,28,12,12.7,,,,,,,,948,,9,,282,55.4,251.1,0,0,0,0,,,,
KLO,2010,2,28,13,12.3,,,,,,,,949,,9.3,,148,4.4,145.5,0,0,0,0,,,,
KLO,2010,2,28,14,12.8,,,,,,,,949.8,,8.2,,189,10.5,183.5,0,0,0,0,,,,
KLO,2010,2,28,15,13.3,,,,,,,,950.1,,8.8,,297,198.7,208.5,0,0,0,0,,,,
KLO,2010,2,28,16,12.2,,,,,,,,950.7,,7.7,,118,10.7,114.5,0,0,0,0,,,,
KLO,2010,2,28,17,9.8,,,,,,,,951.9,,7.8,,4,0,4,0,0,0,0,,,,
KLO,2010,2,28,18,9.4,,,,,,,,952.9,,6.4,,0,0,0,0,0,0,0,,,,
KLO,2010,2,28,19,9.1,,,,,,,,953.7,,6.7,,0,0,0,0,0,0,0,,,,
KLO,2010,2,28,20,8.1,,,,,,,,954.7,,6.1,,0,0,0,0,0,0,0,,,,
KLO,2010,2,28,21,7.3,,,,,,,,955.6,,5,,0,0,0,0,0,0,0,,,,
KLO,2010,2,28,22,7,,,,,,,,956.4,,5.3,,0,0,0,0,0,0,0,,,,
KLO,2010,2,28,23,6.8,,,,,,,,957.3,,4.3,,0,0,0,0,0,0,0,,,,
KLO,2010,3,1,0,6.1,,,,,,,,957.9,,3.3,,0,0,0,0,0,0,0,,,,
KLO,2010,3,1,1,5.3,,,,,,,,958.8,,3.1,,0,0,0,0,0,0,0,,,,
KLO,2010,3,1,2,5.3,,,,,,,,959.1,,4,,0,0,0,0,0,0,0,,,,
KLO,2010,3,1,3,4.6,,,,,,,,959.3,,3.7,,0,0,0,0,0,0,0,,,,
KLO,2010,3,1,4,3.7,,,,,,,,960.1,,2.2,,0,0,0,0,0,0,0,,,,
KLO,2010,3,1,5,2.5,,,,,,,,960.6,,2.3,,0,0,0,0,0,0,0,,,,
KLO,2010,3,1,6,2.9,,,,,,,,960.9,,1.4,,11,0,0,0,0,0,0,,,,
KLO,2010,3,1,7,3.8,,,,,,,,961.3,,1.4,,133,0,0,0,0,0,0,,,,
KLO,2010,3,1,8,6.4,,,,,,,,961.6,,2,,304,1834.4,50.2,0,0,0,0,,,,
KLO,2010,3,1,9,7.6,,,,,,,,961.6,,3.9,,453,1295,74.7,0,0,0,0,,,,
KLO,2010,3,1,10,8.5,,,,,,,,961.5,,2.7,,560,1113.3,92.4,0,0,0,0,,,,
KLO,2010,3,1,11,9.5,,,,,,,,961.5,,1.7,,612,996.3,101,0,0,0,0,,,,
KLO,2010,3,1,12,10.4,,,,,,,,961,,1.3,,621,919.2,102.2,0,0,0,0,,,,
KLO,2010,3,1,13,10.9,,,,,,,,960.6,,2.3,,555,732.6,136.8,0,0,0,0,,,,
KLO,2010,3,1,14,10.8,,,,,,,,960.5,,2,,332,149.7,252.4,0,0,0,0,,,,
KLO,2010,3,1,15,10.6,,,,,,,,960.8,,2.9,,206,34,190.7,0,0,0,0,,,,
KLO,2010,3,1,16,8.5,,,,,,,,961.2,,2.4,,61,2.2,60.3,0,0,0,0,,,,
KLO,2010,3,1,17,7,,,,,,,,961.8,,2.1,,5,0,5,0,0,0,0,,,,
KLO,2010,3,1,18,7.1,,,,,,,,962.6,,0.7,,0,0,0,0,0,0,0,,,,
KLO,2010,3,1,19,6.3,,,,,,,,963.2,,0.6,,0,0,0,0,0,0,0,,,,
KLO,2010,3,1,20,4.9,,,,,,,,963.7,,0.8,,0,0,0,0,0,0,0,,,,
KLO,2010,3,1,21,3.9,,,,,,,,964.3,,0.6,,0,0,0,0,0,0,0,,,,
KLO,2010,3,1,22,2.8,,,,,,,,964.7,,0.6,,0,0,0,0,0,0,0,,,,
KLO,2010,3,1,23,2.2,,,,,,,,965.3,,1.4,,0,0,0,0,0,0,0,,,,
KLO,2010,3,2,0,1.8,,,,,,,,965.9,,1.4,,0,0,0,0,0,0,0,,,,
KLO,2010,3,2,1,2.2,,,,,,,,966.5,,1.9,,0,0,0,0,0,0,0,,,,
KLO,2010,3,2,2,2.9,,,,,,,,966.5,,1.3,,0,0,0,0,0,0,0,,,,
KLO,2010,3,2,3,3,,,,,,,,966.7,,1,,0,0,0,0,0,0,0,,,,
KLO,2010,3,2,4,2.8,,,,,,,,967.2,,2,,0,0,0,0,0,0,0,,,,
KLO,2010,3,2,5,3.9,,,,,,,,967.8,,3.2,,0,0,0,0,0,0,0,,,,
KLO,2010,3,2,6,3.7,,,,,,,,968,,1.2,,0,0,0,0,0,0,0,,,,
KLO,2010,3,2,7,4.2,,,,,,,,968.6,,2.2,,26,0,0,0,0,0,0,,,,
KLO,2010,3,2,8,5.5,,,,,,,,969,,2.4,,118,440.2,54.6,0,0,0,0,,,,
KLO,2010,3,2,9,6.3,,,,,,,,969.4,,3.4,,143,43.5,130,0,0,0,0,,,,
KLO,2010,3,2,10,6.3,,,,,,,,969.8,,1.7,,110,4.3,108.2,0,0,0,0,,,,
KLO,2010,3,2,11,7.1,,,,,,,,969.8,,2.9,,188,11,182.3,0,0,0,0,,,,
KLO,2010,3,2,12,7.1,,,,,,,,969.8,,3.9,,162,5.2,159,0,0,0,0,,,,
KLO,2010,3,2,13,6.7,,,,,,,,970.1,,2.9,,158,4.9,155.2,0,0,0,0,,,,
KLO,2010,3,2,14,6.6,,,,,,,,970.6,,2.1,,76,1.3,75.3,0,0,0,0,,,,
KLO,2010,3,2,15,6.9,,,,,,,,970.7,,3.3,,72,1.6,71.3,0,0,0,0,,,,
KLO,2010,3,2,16,7,,,,,,,,970.9,,2.2,,52,1.5,51.5,0,0,0,0,,,,
KLO,2010,3,2,17,6.2,,,,,,,,971.4,,1,,7,0.1,7,0,0,0,0,,,,
KLO,2010,3,2,18,4.9,,,,,,,,971.9,,0.8,,0,0,0,0,0,0,0,,,,
KLO,2010,3,2,19,3.4,,,,,,,,972.2,,1.2,,0,0,0,0,0,0,0,,,,
KLO,2010,3,2,20,3.2,,,,,,,,972.3,,0.8,,0,0,0,0,0,0,0,,,,
KLO,2010,3,2,21,4.1,,,,,,,,972.6,,1.8,,0,0,0,0,0,0,0,,,,
KLO,2010,3,2,22,5,,,,,,,,972.3,,2,,0,0,0,0,0,0,0,,,,
KLO,2010,3,2,23,4.4,,,,,,,,972,,1.6,,0,0,0,0,0,0,0,,,,
KLO,2010,3,3,0,3.8,,,,,,,,972.1,,2.3,,0,0,0,0,0,0,0,,,,
KLO,2010,3,3,1,2.9,,,,,,,,971.9,,2.7,,0,0,0,0,0,0,0,,,,
KLO,2010,3,3,2,2.5,,,,,,,,971.4,,2,,0,0,0,0,0,0,0,,,,
KLO,2010,3,3,3,2,,,,,,,,970.9,,2,,0,0,0,0,0,0,0,,,,
KLO,2010,3,3,4,0.7,,,,,,,,970.6,,2.8,,0,0,0,0,0,0,0,,,,
KLO,2010,3,3,5,0,,,,,,,,970,,3,,0,0,0,0,0,0,0,,,,
KLO,2010,3,3,6,-0.3,,,,,,,,969.2,,2.5,,16,0,0,0,0,0,0,,,,
KLO,2010,3,3,7,1.2,,,,,,,,968.7,,2.5,,130,0,0,0,0,0,0,,,,
KLO,2010,3,3,8,2.5,,,,,,,,968,,3.2,,277,1547.2,45.7,0,0,0,0,,,,
KLO,2010,3,3,9,4.3,,,,,,,,967.2,,6,,452,1243.9,74.6,0,0,0,0,,,,
KLO,2010,3,3,10,5.8,,,,,,,,966.3,,7.1,,451,855.7,81.9,0,0,0,0,,,,
KLO,2010,3,3,11,6.3,,,,,,,,965.1,,7,,382,285.7,232.2,0,0,0,0,,,,
KLO,2010,3,3,12,6.2,,,,,,,,964,,6.3,,270,38.8,247.7,0,0,0,0,,,,
KLO,2010,3,3,13,6.5,,,,,,,,962.8,,6.4,,204,9.6,198.4,0,0,0,0,,,,
KLO,2010,3,3,14,6.4,,,,,,,,961.8,,6.7,,158,5.5,155,0,0,0,0,,,,
KLO,2010,3,3,15,6.1,,,,,,,,961.2,,5.7,,116,4.1,114.1,0,0,0,0,,,,
KLO,2010,3,3,16,5.7,,,,,,,,960.8,,6.1,,61,2.1,60.3,0,0,0,0,,,,
KLO,2010,3,3,17,4.9,,,,,,,,960.7,,4.8,,6,0.1,6,0,0,0,0,,,,
KLO,2010,3,3,18,4.4,,,,,,,,960.3,,5.8,,0,0,0,0,0,0,0,,,,
KLO,2010,3,3,19,3.9,,,,,,,,959.7,,6.6,,0,0,0,0,0,0,0,,,,
KLO,2010,3,3,20,3.3,,,,,,,,959.6,,6,,0,0,0,0,0,0,0,,,,
KLO,2010,3,3,21,3.2,,,,,,,,959.6,,4.8,,0,0,0,0,0,0,0,,,,
KLO,2010,3,3,22,3.1,,,,,,,,959.2,,5.7,,0,0,0,0,0,0,0,,,,
KLO,2010,3,3,23,2.8,,,,,,,,958.6,,2.8,,0,0,0,0,0,0,0,,,,
KLO,2010,3,4,0,2.5,,,,,,,,958,,3.7,,0,0,0,0,0,0,0,,,,
KLO,2010,3,4,1,1.7,,,,,,,,957.7,,3.8,,0,0,0,0,0,0,0,,,,
KLO,2010,3,4,2,1.5,,,,,,,,957.5,,4.5,,0,0,0,0,0,0,0,,,,
KLO,2010,3,4,3,1.3,,,,,,,,957.5,,4.9,,0,0,0,0,0,0,0,,,,
KLO,2010,3,4,4,1.1,,,,,,,,957.8,,5.1,,0,0,0,0,0,0,0,,,,
KLO,2010,3,4,5,0.9,,,,,,,,958,,4.5,,0,0,0,0,0,0,0,,,,
KLO,2010,3,4,6,0,,,,,,,,958.5,,4.3,,3,0,0,0,0,0,0,,,,
KLO,2010,3,4,7,0.1,,,,,,,,959.1,,3.9,,22,0,0,0,0,0,0,,,,
KLO,2010,3,4,8,0.6,,,,,,,,959.6,,4.2,,69,29.7,64.4,0,0,0,0,,,,
KLO,2010,3,4,9,1,,,,,,,,960.2,,4.8,,116,12.9,112,0,0,0,0,,,,
KLO,2010,3,4,10,1.8,,,,,,,,960.6,,4.2,,183,21.9,173.4,0,0,0,0,,,,
KLO,2010,3,4,11,2.9,,,,,,,,961,,4,,227,24.6,214,0,0,0,0,,,,
KLO,2010,3,4,12,3.9,,,,,,,,961.1,,4.2,,360,145.8,275.3,0,0,0,0,,,,
KLO,2010,3,4,13,5.3,,,,,,,,961.2,,4.9,,498,495,207.5,0,0,0,0,,,,
KLO,2010,3,4,14,5.4,,,,,,,,961.6,,4.7,,254,36.7,233.9,0,0,0,0,,,,
KLO,2010,3,4,15,5.3,,,,,,,,962.2,,5.3,,228,48.4,205.5,0,0,0,0,,,,
KLO,2010,3,4,16,4.3,,,,,,,,963.1,,4.3,,49,1.3,48.6,0,0,0,0,,,,
KLO,2010,3,4,17,3.4,,,,,,,,964.1,,2.8,,6,0.1,6,0,0,0,0,,,,
KLO,2010,3,4,18,3,,,,,,,,965.2,,3.7,,0,0,0,0,0,0,0,,,,
KLO,2010,3,4,19,2.5,,,,,,,,966,,6.3,,0,0,0,0,0,0,0,,,,
KLO,2010,3,4,20,2,,,,,,,,966.6,,6.4,,0,0,0,0,0,0,0,,,,
KLO,2010,3,4,21,1.5,,,,,,,,967.3,,5.4,,0,0,0,0,0,0,0,,,,
KLO,2010,3,4,22,1,,,,,,,,967.9,,4.8,,0,0,0,0,0,0,0,,,,
KLO,2010,3,4,23,0.6,,,,,,,,968.4,,4.5,,0,0,0,0,0,0,0,,,,
KLO,2010,3,5,0,-0.5,,,,,,,,968.9,,3.3,,0,0,0,0,0,0,0,,,,
KLO,2010,3,5,1,-1.7,,,,,,,,969.3,,3.8,,0,0,0,0,0,0,0,,,,
KLO,2010,3,5,2,-1.8,,,,,,,,969.4,,3.9,,0,0,0,0,0,0,0,,,,
KLO,2010,3,5,3,-1.3,,,,,,,,969.8,,4.2,,0,0,0,0,0,0,0,,,,
KLO,2010,3,5,4,-2.7,,,,,,,,970.3,,3.3,,0,0,0,0,0,0,0,,,,
KLO,2010,3,5,5,-3.8,,,,,,,,970.6,,2.9,,0,0,0,0,0,0,0,,,,
KLO,2010,3,5,6,-3.3,,,,,,,,971,,1.8,,10,0,0,0,0,0,0,,,,
KLO,2010,3,5,7,-2,,,,,,,,971.6,,2.8,,65,0,0,0,0,0,0,,,,
KLO,2010,3,5,8,-1.4,,,,,,,,972.1,,3,,176,914.4,29,0,0,0,0,,,,
KLO,2010,3,5,9,-0.1,,,,,,,,972.5,,2.1,,451,1196.1,74.4,0,0,0,0,,,,
KLO,2010,3,5,10,0.8,,,,,,,,972.6,,2.9,,421,694.6,113.4,0,0,0,0,,,,
KLO,2010,3,5,11,1.9,,,,,,,,972.6,,3.7,,643,1002.7,106.1,0,0,0,0,,,,
KLO,2010,3,5,12,2.1,,,,,,,,972.4,,2.7,,593,803.2,121.9,0,0,0,0,,,,
KLO,2010,3,5,13,2.7,,,,,,,,972.2,,3,,512,526.3,200.2,0,0,0,0,,,,
KLO,2010,3,5,14,3,,,,,,,,972.1,,3.1,,536,730.6,132.3,0,0,0,0,,,,
KLO,2010,3,5,15,2,,,,,,,,972,,2.8,,200,23.8,188.8,0,0,0,0,,,,
KLO,2010,3,5,16,1.4,,,,,,,,972.2,,2.9,,89,4.2,87.5,0,0,0,0,,,,
KLO,2010,3,5,17,-0.1,,,,,,,,972.7,,4.1,,16,0.4,15.9,0,0,0,0,,,,
KLO,2010,3,5,18,-1.5,,,,,,,,973.2,,3,,0,0,0,0,0,0,0,,,,
KLO,2010,3,5,19,-1.8,,,,,,,,973.3,,1.7,,0,0,0,0,0,0,0,,,,
KLO,2010,3,5,20,-3.1,,,,,,,,973,,0.9,,0,0,0,0,0,0,0,,,,
KLO,2010,3,5,21,-3.8,,,,,,,,972.7,,0.9,,0,0,0,0,0,0,0,,,,
KLO,2010,3,5,22,-3.3,,,,,,,,972.2,,0.4,,0,0,0,0,0,0,0,,,,
KLO,2010,3,5,23,-4.1,,,,,,,,971.6,,1.4,,0,0,0,0,0,0,0,,,,
KLO,2010,3,6,0,-3.3,,,,,,,,970.8,,2.7,,0,0,0,0,0,0,0,,,,
KLO,2010,3,6,1,-2.8,,,,,,,,970,,3.4,,0,0,0,0,0,0,0,,,,
KLO,2010,3,6,2,-2.7,,,,,,,,968.9,,3.7,,0,0,0,0,0,0,0,,,,
KLO,2010,3,6,3,-2.2,,,,,,,,968,,4.4,,0,0,0,0,0,0,0,,,,
KLO,2010,3,6,4,-1.6,,,,,,,,967.4,,4.4,,0,0,0,0,0,0,0,,,,
KLO,2010,3,6,5,-1.9,,,,,,,,966.8,,4.9,,0,0,0,0,0,0,0,,,,
KLO,2010,3,6,6,-2.5,,,,,,,,966.2,,4.1,,2,0,0,0,0,0,0,,,,
KLO,2010,3,6,7,-2.7,,,,,,,,965.4,,4.7,,25,0,0,0,0,0,0,,,,
KLO,2010,3,6,8,-2.8,,,,,,,,965.2,,4.6,,45,4.7,44.2,0,0,0,0,,,,
KLO,2010,3,6,9,-2.2,,,,,,,,965.7,,4.6,,113,9.8,109.9,0,0,0,0,,,,
KLO,2010,3,6,10,-1.4,,,,,,,,966.4,,6,,252,93.8,209.9,0,0,0,0,,,,
KLO,2010,3,6,11,0.4,,,,,,,,966.9,,5.9,,681,1050.9,112.4,0,0,0,0,,,,
KLO,2010,3,6,12,0.5,,,,,,,,967,,4.7,,303,60.1,267.4,0,0,0,0,,,,
KLO,2010,3,6,13,0.5,,,,,,,,966.8,,4.3,,274,34.7,253.2,0,0,0,0,,,,
KLO,2010,3,6,14,0.7,,,,,,,,966.8,,3.6,,247,29.2,230.7,0,0,0,0,,,,
KLO,2010,3,6,15,0.8,,,,,,,,966.8,,3.7,,303,166,224.2,0,0,0,0,,,,
KLO,2010,3,6,16,-0.4,,,,,,,,967,,2.5,,82,3.5,80.8,0,0,0,0,,,,
KLO,2010,3,6,17,-1.6,,,,,,,,967.4,,2.1,,6,0.1,6,0,0,0,0,,,,
KLO,2010,3,6,18,-1.4,,,,,,,,968.3,,3.5,,0,0,0,0,0,0,0,,,,
KLO,2010,3,6,19,-1.7,,,,,,,,968.7,,1.4,,0,0,0,0,0,0,0,,,,
KLO,2010,3,6,20,-2.2,,,,,,,,969.3,,5.6,,0,0,0,0,0,0,0,,,,
KLO,2010,3,6,21,-3.1,,,,,,,,970,,5.9,,0,0,0,0,0,0,0,,,,
KLO,2010,3,6,22,-3.5,,,,,,,,970.4,,4.2,,0,0,0,0,0,0,0,,,,
KLO,2010,3,6,23,-3.9,,,,,,,,970.9,,3.4,,0,0,0,0,0,0,0,,,,
KLO,2010,3,7,0,-4.4,,,,,,,,971.3,,2.8,,0,0,0,0,0,0,0,,,,
KLO,2010,3,7,1,-4.2,,,,,,,,971.4,,3.3,,0,0,0,0,0,0,0,,,,
KLO,2010,3,7,2,-4.2,,,,,,,,971.2,,3.5,,0,0,0,0,0,0,0,,,,
KLO,2010,3,7,3,-4.3,,,,,,,,971.1,,5,,0,0,0,0,0,0,0,,,,
KLO,2010,3,7,4,-4.5,,,,,,,,971.2,,5.4,,0,0,0,0,0,0,0,,,,
KLO,2010,3,7,5,-4.6,,,,,,,,971.2,,5.6,,0,0,0,0,0,0,0,,,,
KLO,2010,3,7,6,-4.5,,,,,,,,971.1,,7,,9,0,0,0,0,0,0,,,,
KLO,2010,3,7,7,-4.3,,,,,,,,971.3,,7.2,,60,0,0,0,0,0,0,,,,
KLO,2010,3,7,8,-4,,,,,,,,971.6,,6.1,,92,74.2,79.2,0,0,0,0,,,,
KLO,2010,3,7,9,-3.4,,,,,,,,971.8,,6.9,,194,121.8,154.3,0,0,0,0,,,,
KLO,2010,3,7,10,-2.7,,,,,,,,971.7,,7.9,,298,187.5,212.8,0,0,0,0,,,,
KLO,2010,3,7,11,-2,,,,,,,,971.3,,8.1,,356,181.6,256.7,0,0,0,0,,,,
KLO,2010,3,7,12,-1.1,,,,,,,,970.9,,9,,441,301.9,260.6,0,0,0,0,,,,
KLO,2010,3,7,13,-1.5,,,,,,,,970.6,,9.2,,200,7.8,195.3,0,0,0,0,,,,
KLO,2010,3,7,14,-1.1,,,,,,,,970.4,,8,,239,23.6,225.7,0,0,0,0,,,,
KLO,2010,3,7,15,-0.8,,,,,,,,969.6,,8.4,,214,30.3,199.5,0,0,0,0,,,,
KLO,2010,3,7,16,-1.1,,,,,,,,969.9,,5.9,,135,12.9,130.4,0,0,0,0,,,,
KLO,2010,3,7,17,-2,,,,,,,,969.6,,8.3,,15,0.3,14.9,0,0,0,0,,,,
KLO,2010,3,7,18,-2.8,,,,,,,,970,,7,,0,0,0,0,0,0,0,,,,
KLO,2010,3,7,19,-3.4,,,,,,,,970.3,,6.5,,0,0,0,0,0,0,0,,,,
KLO,2010,3,7,20,-3.9,,,,,,,,970.1,,7.6,,0,0,0,0,0,0,0,,,,
KLO,2010,3,7,21,-4.3,,,,,,,,970.3,,6.8,,0,0,0,0,0,0,0,,,,
KLO,2010,3,7,22,-4.6,,,,,,,,970.4,,6.3,,0,0,0,0,0,0,0,,,,
KLO,2010,3,7,23,-4.9,,,,,,,,970.4,,6,,0,0,0,0,0,0,0,,,,
KLO,2010,3,8,0,-5,,,,,,,,970.4,,6.4,,0,0,0,0,0,0,0,,,,
KLO,2010,3,8,1,-5.3,,,,,,,,970.1,,5.7,,0,0,0,0,0,0,0,,,,
KLO,2010,3,8,2,-5.6,,,,,,,,969.7,,4.7,,0,0,0,0,0,0,0,,,,
KLO,2010,3,8,3,-6.9,,,,,,,,969.4,,3.3,,0,0,0,0,0,0,0,,,,
KLO,2010,3,8,4,-7.8,,,,,,,,969.1,,3.7,,0,0,0,0,0,0,0,,,,
KLO,2010,3,8,5,-7.8,,,,,,,,969,,3.3,,0,0,0,0,0,0,0,,,,
KLO,2010,3,8,6,-7.8,,,,,,,,969.1,,3.6,,26,0,0,0,0,0,0,,,,
KLO,2010,3,8,7,-6.3,,,,,,,,969.2,,2.9,,167,0,0,0,0,0,0,,,,
KLO,2010,3,8,8,-4.7,,,,,,,,969.1,,3.8,,351,1647.3,57.9,0,0,0,0,,,,
KLO,2010,3,8,9,-2.8,,,,,,,,968.9,,5.3,,511,1284.6,84.3,0,0,0,0,,,,
KLO,2010,3,8,10,-1.5,,,,,,,,968.6,,6.6,,625,1134.5,103.1,0,0,0,0,,,,
KLO,2010,3,8,11,-0.4,,,,,,,,968,,8.1,,689,1041.5,113.7,0,0,0,0,,,,
KLO,2010,3,8,12,0.5,,,,,,,,967.4,,8.6,,687,951.3,113.4,0,0,0,0,,,,
KLO,2010,3,8,13,1,,,,,,,,966.9,,8.2,,626,833.2,119.2,0,0,0,0,,,,
KLO,2010,3,8,14,1,,,,,,,,966.4,,8.3,,509,590.2,173.8,0,0,0,0,,,,
KLO,2010,3,8,15,0.5,,,,,,,,966.1,,7.6,,341,250.2,219.7,0,0,0,0,,,,
KLO,2010,3,8,16,-0.7,,,,,,,,966.2,,8.8,,158,26.3,148.4,0,0,0,0,,,,
KLO,2010,3,8,17,-2.1,,,,,,,,966.6,,8.8,,20,0.6,19.9,0,0,0,0,,,,
KLO,2010,3,8,18,-2.9,,,,,,,,967,,8.1,,0,0,0,0,0,0,0,,,,
KLO,2010,3,8,19,-3.5,,,,,,,,966.9,,7.7,,0,0,0,0,0,0,0,,,,
KLO,2010,3,8,20,-4,,,,,,,,966.5,,7.4,,0,0,0,0,0,0,0,,,,
KLO,2010,3,8,21,-4.3,,,,,,,,966.3,,7.4,,0,0,0,0,0,0,0,,,,
KLO,2010,3,8,22,-4.6,,,,,,,,965.9,,6.1,,0,0,0,0,0,0,0,,,,
KLO,2010,3,8,23,-4.9,,,,,,,,965.4,,5.1,,0,0,0,0,0,0,0,,,,
KLO,2010,3,9,0,-5.3,,,,,,,,964.9,,4.7,,0,0,0,0,0,0,0,,,,
KLO,2010,3,9,1,-6.2,,,,,,,,964.5,,6.6,,0,0,0,0,0,0,0,,,,
KLO,2010,3,9,2,-6.4,,,,,,,,963.9,,8.3,,0,0,0,0,0,0,0,,,,
KLO,2010,3,9,3,-6.5,,,,,,,,963.7,,9,,0,0,0,0,0,0,0,,,,
KLO,2010,3,9,4,-6.4,,,,,,,,963.8,,8,,0,0,0,0,0,0,0,,,,
KLO,2010,3,9,5,-6.4,,,,,,,,963.8,,8.6,,0,0,0,0,0,0,0,,,,
KLO,2010,3,9,6,-6.6,,,,,,,,964.4,,7.6,,9,0,0,0,0,0,0,,,,
KLO,2010,3,9,7,-6.6,,,,,,,,964.9,,7,,54,0,0,0,0,0,0,,,,
KLO,2010,3,9,8,-6.1,,,,,,,,965.1,,7.2,,131,264.8,82.4,0,0,0,0,,,,
KLO,2010,3,9,9,-5.5,,,,,,,,964.8,,9.4,,203,128.1,159.7,0,0,0,0,,,,
KLO,2010,3,9,10,-4.9,,,,,,,,964.5,,9.5,,236,57.6,209.2,0,0,0,0,,,,
KLO,2010,3,9,11,-4.3,,,,,,,,964.5,,9.3,,249,30.5,232,0,0,0,0,,,,
KLO,2010,3,9,12,-3.7,,,,,,,,964.5,,8.6,,295,46.3,266.8,0,0,0,0,,,,
KLO,2010,3,9,13,-3.3,,,,,,,,964.4,,9.4,,244,17.1,233.5,0,0,0,0,,,,
KLO,2010,3,9,14,-2.6,,,,,,,,964.2,,8.2,,170,5.7,166.7,0,0,0,0,,,,
KLO,2010,3,9,15,-1.8,,,,,,,,964.2,,8,,126,4.3,123.9,0,0,0,0,,,,
KLO,2010,3,9,16,-1.6,,,,,,,,964.1,,9.5,,70,2.3,69.1,0,0,0,0,,,,
KLO,2010,3,9,17,-1.8,,,,,,,,964.3,,9.1,,8,0.1,8,0,0,0,0,,,,
KLO,2010,3,9,18,-1.8,,,,,,,,964.7,,9.6,,0,0,0,0,0,0,0,,,,
KLO,2010,3,9,19,-1.6,,,,,,,,964.7,,8.8,,0,0,0,0,0,0,0,,,,
KLO,2010,3,9,20,-1.8,,,,,,,,964.7,,9.4,,0,0,0,0,0,0,0,,,,
KLO,2010,3,9,21,-1.9,,,,,,,,964.6,,8.5,,0,0,0,0,0,0,0,,,,
KLO,2010,3,9,22,-2.1,,,,,,,,964,,9.1,,0,0,0,0,0,0,0,,,,
KLO,2010,3,9,23,-2.4,,,,,,,,963.4,,9.5,,0,0,0,0,0,0,0,,,,
KLO,2010,3,10,0,-2.6,,,,,,,,963,,9.4,,0,0,0,0,0,0,0,,,,
KLO,2010,3,10,1,-2.8,,,,,,,,962.6,,9,,0,0,0,0,0,0,0,,,,
KLO,2010,3,10,2,-3,,,,,,,,962.2,,7.7,,0,0,0,0,0,0,0,,,,
KLO,2010,3,10,3,-3.2,,,,,,,,962,,7.6,,0,0,0,0,0,0,0,,,,
KLO,2010,3,10,4,-3.4,,,,,,,,961.9,,8.6,,0,0,0,0,0,0,0,,,,
KLO,2010,3,10,5,-3.6,,,,,,,,961.8,,8.6,,0,0,0,0,0,0,0,,,,
KLO,2010,3,10,6,-3.8,,,,,,,,961.9,,6.7,,7,0,0,0,0,0,0,,,,
KLO,2010,3,10,7,-3.8,,,,,,,,962.1,,7.6,,52,0,0,0,0,0,0,,,,
KLO,2010,3,10,8,-3.6,,,,,,,,962.3,,7.9,,109,105.4,89,0,0,0,0,,,,
KLO,2010,3,10,9,-3.2,,,,,,,,962.5,,8,,185,77.2,158.5,0,0,0,0,,,,
KLO,2010,3,10,10,-2.6,,,,,,,,962.6,,7.1,,290,142.6,222.8,0,0,0,0,,,,
KLO,2010,3,10,11,-2.1,,,,,,,,962.5,,6.5,,268,42.1,244.3,0,0,0,0,,,,
KLO,2010,3,10,12,-1.6,,,,,,,,962,,6.3,,205,8,200.1,0,0,0,0,,,,
KLO,2010,3,10,13,-1.1,,,,,,,,961.8,,3.5,,176,5.3,172.7,0,0,0,0,,,,
KLO,2010,3,10,14,-0.2,,,,,,,,961.6,,2.4,,224,15.1,215.3,0,0,0,0,,,,
KLO,2010,3,10,15,-0.1,,,,,,,,961.5,,1.1,,106,3,104.5,0,0,0,0,,,,
KLO,2010,3,10,16,-0.4,,,,,,,,961.5,,0.8,,24,0.3,23.9,0,0,0,0,,,,
KLO,2010,3,10,17,-1,,,,,,,,961.5,,1,,2,0,2,0,0,0,0,,,,
KLO,2010,3,10,18,-0.8,,,,,,,,961.7,,0.8,,0,0,0,0,0,0,0,,,,
KLO,2010,3,10,19,-0.6,,,,,,,,961.6,,1.4,,0,0,0,0,0,0,0,,,,
KLO,2010,3,10,20,0.2,,,,,,,,961.5,,3.4,,0,0,0,0,0,0,0,,,,
KLO,2010,3,10,21,-1,,,,,,,,961.7,,4.1,,0,0,0,0,0,0,0,,,,
KLO,2010,3,10,22,-2,,,,,,,,961.4,,3.5,,0,0,0,0,0,0,0,,,,
KLO,2010,3,10,23,-2.2,,,,,,,,961.2,,3.4,,0,0,0,0,0,0,0,,,,
KLO,2010,3,11,0,-2.5,,,,,,,,961.3,,2.3,,0,0,0,0,0,0,0,,,,
KLO,2010,3,11,1,-2.6,,,,,,,,961.3,,2.7,,0,0,0,0,0,0,0,,,,
KLO,2010,3,11,2,-2.8,,,,,,,,961,,2.5,,0,0,0,0,0,0,0,,,,
KLO,2010,3,11,3,-2.9,,,,,,,,960.9,,2.9,,0,0,0,0,0,0,0,,,,
KLO,2010,3,11,4,-2.8,,,,,,,,961.2,,3.1,,0,0,0,0,0,0,0,,,,
KLO,2010,3,11,5,-3,,,,,,,,961.3,,2.8,,0,0,0,0,0,0,0,,,,
KLO,2010,3,11,6,-3.2,,,,,,,,961.7,,2.5,,10,0,0,0,0,0,0,,,,
KLO,2010,3,11,7,-2.9,,,,,,,,962.1,,2.7,,62,0,0,0,0,0,0,,,,
KLO,2010,3,11,8,-2.4,,,,,,,,962.4,,2.5,,171,551.7,63.2,0,0,0,0,,,,
KLO,2010,3,11,9,-1.8,,,,,,,,962.5,,2.9,,195,91.6,163,0,0,0,0,,,,
KLO,2010,3,11,10,-1.3,,,,,,,,962.6,,3.2,,239,54.6,213,0,0,0,0,,,,
KLO,2010,3,11,11,-1.6,,,,,,,,962.6,,2.6,,185,7.3,180.8,0,0,0,0,,,,
KLO,2010,3,11,12,-1.5,,,,,,,,962.7,,2.8,,188,6,184.3,0,0,0,0,,,,
KLO,2010,3,11,13,-1.7,,,,,,,,962.6,,2.6,,193,6.3,189,0,0,0,0,,,,
KLO,2010,3,11,14,-1.5,,,,,,,,962.6,,3,,197,8.4,192.1,0,0,0,0,,,,
KLO,2010,3,11,15,-1.2,,,,,,,,962.8,,2.7,,164,7.6,160.2,0,0,0,0,,,,
KLO,2010,3,11,16,-1.5,,,,,,,,963.2,,2.1,,90,3.7,88.6,0,0,0,0,,,,
KLO,2010,3,11,17,-1.9,,,,,,,,963.8,,1.7,,9,0.1,9,0,0,0,0,,,,
KLO,2010,3,11,18,-2,,,,,,,,964.5,,1.2,,0,0,0,0,0,0,0,,,,
KLO,2010,3,11,19,-1.9,,,,,,,,964.9,,0.8,,0,0,0,0,0,0,0,,,,
KLO,2010,3,11,20,-2.2,,,,,,,,965.2,,1.7,,0,0,0,0,0,0,0,,,,
KLO,2010,3,11,21,-2.6,,,,,,,,965.4,,1.4,,0,0,0,0,0,0,0,,,,
KLO,2010,3,11,22,-2.5,,,,,,,,965.6,,0.7,,0,0,0,0,0,0,0,,,,
KLO,2010,3,11,23,-2.7,,,,,,,,965.7,,0.9,,0,0,0,0,0,0,0,,,,
KLO,2010,3,12,0,-2.4,,,,,,,,965.8,,1,,0,0,0,0,0,0,0,,,,
KLO,2010,3,12,1,-2.5,,,,,,,,965.9,,0.7,,0,0,0,0,0,0,0,,,,
KLO,2010,3,12,2,-3.1,,,,,,,,965.8,,1.5,,0,0,0,0,0,0,0,,,,
KLO,2010,3,12,3,-3.3,,,,,,,,966.1,,1.3,,0,0,0,0,0,0,0,,,,
KLO,2010,3,12,4,-3.2,,,,,,,,966.3,,1,,0,0,0,0,0,0,0,,,,
KLO,2010,3,12,5,-3.1,,,,,,,,966.7,,1.2,,0,0,0,0,0,0,0,,,,
KLO,2010,3,12,6,-3.2,,,,,,,,967,,1.1,,8,0,0,0,0,0,0,,,,
KLO,2010,3,12,7,-3,,,,,,,,967.6,,1.2,,55,0,0,0,0,0,0,,,,
KLO,2010,3,12,8,-2.6,,,,,,,,968.1,,1.4,,116,107.1,94.5,0,0,0,0,,,,
KLO,2010,3,12,9,-2.4,,,,,,,,968.3,,1.4,,185,66,161.5,0,0,0,0,,,,
KLO,2010,3,12,10,-2,,,,,,,,968.5,,0.6,,255,70.7,220.8,0,0,0,0,,,,
KLO,2010,3,12,11,-1.7,,,,,,,,968.4,,1.1,,378,190.9,268.3,0,0,0,0,,,,
KLO,2010,3,12,12,-0.3,,,,,,,,968.2,,1.3,,578,649.2,172.3,0,0,0,0,,,,
KLO,2010,3,12,13,0.4,,,,,,,,967.9,,1.9,,612,739,146.9,0,0,0,0,,,,
KLO,2010,3,12,14,1,,,,,,,,967.8,,1.6,,507,525.8,197.7,0,0,0,0,,,,
KLO,2010,3,12,15,1.5,,,,,,,,967.7,,1.7,,357,258.6,226.6,0,0,0,0,,,,
KLO,2010,3,12,16,1,,,,,,,,967.8,,1.6,,176,35.6,162.4,0,0,0,0,,,,
KLO,2010,3,12,17,-1.2,,,,,,,,968.3,,1.8,,25,0.7,24.8,0,0,0,0,,,,
KLO,2010,3,12,18,-1.6,,,,,,,,969,,1.4,,0,0,0,0,0,0,0,,,,
KLO,2010,3,12,19,-3.4,,,,,,,,969.5,,1.3,,0,0,0,0,0,0,0,,,,
KLO,2010,3,12,20,-4.7,,,,,,,,970.1,,0.7,,0,0,0,0,0,0,0,,,,
KLO,2010,3,12,21,-5,,,,,,,,970.6,,0.5,,0,0,0,0,0,0,0,,,,
KLO,2010,3,12,22,-5.4,,,,,,,,970.9,,0.6,,0,0,0,0,0,0,0,,,,
KLO,2010,3,12,23,-7,,,,,,,,971.1,,1.1,,0,0,0,0,0,0,0,,,,
KLO,2010,3,13,0,-7.3,,,,,,,,971.3,,0.6,,0,0,0,0,0,0,0,,,,
KLO,2010,3,13,1,-7.6,,,,,,,,971.6,,0.7,,0,0,0,0,0,0,0,,,,
KLO,2010,3,13,2,-8.1,,,,,,,,971.8,,0.4,,0,0,0,0,0,0,0,,,,
KLO,2010,3,13,3,-8.4,,,,,,,,972,,0.4,,0,0,0,0,0,0,0,,,,
KLO,2010,3,13,4,-8.7,,,,,,,,972.3,,0.2,,0,0,0,0,0,0,0,,,,
KLO,2010,3,13,5,-8.4,,,,,,,,972.7,,0.8,,0,0,0,0,0,0,0,,,,
KLO,2010,3,13,6,-7.5,,,,,,,,973.2,,0.6,,29,0,0,0,0,0,0,,,,
KLO,2010,3,13,7,-4.8,,,,,,,,973.8,,0.6,,126,0,0,0,0,0,0,,,,
KLO,2010,3,13,8,-3.2,,,,,,,,974.3,,0.8,,184,579.2,64.1,0,0,0,0,,,,
KLO,2010,3,13,9,-2,,,,,,,,974.6,,0.7,,228,160.5,170,0,0,0,0,,,,
KLO,2010,3,13,10,-0.5,,,,,,,,974.8,,0.6,,337,232.9,223.2,0,0,0,0,,,,
KLO,2010,3,13,11,0.9,,,,,,,,974.8,,1.1,,446,354.3,240.3,0,0,0,0,,,,
KLO,2010,3,13,12,2.4,,,,,,,,974.5,,1.1,,446,258.5,283.1,0,0,0,0,,,,
KLO,2010,3,13,13,3.9,,,,,,,,974.4,,2,,445,249.2,286.8,0,0,0,0,,,,
KLO,2010,3,13,14,4.1,,,,,,,,974.2,,1.8,,356,128.5,279.7,0,0,0,0,,,,
KLO,2010,3,13,15,4.6,,,,,,,,974.2,,1.5,,347,222.3,233.8,0,0,0,0,,,,
KLO,2010,3,13,16,4.3,,,,,,,,974.4,,1.1,,118,6.1,115.6,0,0,0,0,,,,
KLO,2010,3,13,17,3.8,,,,,,,,974.8,,1.2,,10,0.1,10,0,0,0,0,,,,
KLO,2010,3,13,18,3,,,,,,,,975.2,,0.3,,0,0,0,0,0,0,0,,,,
KLO,2010,3,13,19,1.9,,,,,,,,975.5,,0.8,,0,0,0,0,0,0,0,,,,
KLO,2010,3,13,20,1,,,,,,,,975.7,,1.5,,0,0,0,0,0,0,0,,,,
KLO,2010,3,13,21,1.1,,,,,,,,975.7,,1,,0,0,0,0,0,0,0,,,,
KLO,2010,3,13,22,1.2,,,,,,,,975.8,,0.8,,0,0,0,0,0,0,0,,,,
KLO,2010,3,13,23,0.9,,,,,,,,975.6,,0.8,,0,0,0,0,0,0,0,,,,
KLO,2010,3,14,0,0.6,,,,,,,,975.6,,0.9,,0,0,0,0,0,0,0,,,,
KLO,2010,3,14,1,0.3,,,,,,,,975.4,,1.5,,0,0,0,0,0,0,0,,,,
KLO,2010,3,14,2,-0.2,,,,,,,,975.1,,2,,0,0,0,0,0,0,0,,,,
KLO,2010,3,14,3,-0.4,,,,,,,,975.1,,1.7,,0,0,0,0,0,0,0,,,,
KLO,2010,3,14,4,-0.3,,,,,,,,975.1,,2.1,,0,0,0,0,0,0,0,,,,
KLO,2010,3,14,5,-0.3,,,,,,,,975,,2.5,,0,0,0,0,0,0,0,,,,
KLO,2010,3,14,6,-0.2,,,,,,,,975.3,,2.3,,9,0,0,0,0,0,0,,,,
KLO,2010,3,14,7,0.3,,,,,,,,975.6,,2.4,,54,0,0,0,0,0,0,,,,
KLO,2010,3,14,8,1.1,,,,,,,,975.8,,2.4,,107,56,95.1,0,0,0,0,,,,
KLO,2010,3,14,9,1.9,,,,,,,,976,,1,,155,23.3,146.4,0,0,0,0,,,,
KLO,2010,3,14,10,2.8,,,,,,,,975.9,,2.3,,187,13.6,180.3,0,0,0,0,,,,
KLO,2010,3,14,11,3.3,,,,,,,,975.7,,2.4,,196,8.1,191.3,0,0,0,0,,,,
KLO,2010,3,14,12,3.5,,,,,,,,975.2,,1.8,,162,4.2,159.3,0,0,0,0,,,,
KLO,2010,3,14,13,3.8,,,,,,,,974.5,,2.5,,172,4.7,169,0,0,0,0,,,,
KLO,2010,3,14,14,4,,,,,,,,974.3,,2.1,,178,5.8,174.6,0,0,0,0,,,,
KLO,2010,3,14,15,3.8,,,,,,,,974.2,,2.4,,90,2,89,0,0,0,0,,,,
KLO,2010,3,14,16,3.3,,,,,,,,974.1,,1.6,,39,0.6,38.7,0,0,0,0,,,,
KLO,2010,3,14,17,3,,,,,,,,974.3,,1.7,,6,0,6,0,0,0,0,,,,
KLO,2010,3,14,18,2.7,,,,,,,,974.8,,2.3,,0,0,0,0,0,0,0,,,,
KLO,2010,3,14,19,2.5,,,,,,,,975.1,,2.3,,0,0,0,0,0,0,0,,,,
KLO,2010,3,14,20,2.3,,,,,,,,975.2,,2.6,,0,0,0,0,0,0,0,,,,
KLO,2010,3,14,21,2.2,,,,,,,,975.3,,3.1,,0,0,0,0,0,0,0,,,,
KLO,2010,3,14,22,2.1,,,,,,,,975,,2.5,,0,0,0,0,0,0,0,,,,
KLO,2010,3,14,23,1.6,,,,,,,,975.1,,0.5,,0,0,0,0,0,0,0,,,,
KLO,2010,3,15,0,1.3,,,,,,,,974.9,,1.6,,0,0,0,0,0,0,0,,,,
KLO,2010,3,15,1,1.7,,,,,,,,974.7,,1.6,,0,0,0,0,0,0,0,,,,
KLO,2010,3,15,2,1.1,,,,,,,,974.6,,1.3,,0,0,0,0,0,0,0,,,,
KLO,2010,3,15,3,1.2,,,,,,,,974.5,,2.2,,0,0,0,0,0,0,0,,,,
KLO,2010,3,15,4,1.1,,,,,,,,974.4,,2.2,,0,0,0,0,0,0,0,,,,
KLO,2010,3,15,5,1.1,,,,,,,,974.7,,1.1,,0,0,0,0,0,0,0,,,,
KLO,2010,3,15,6,1.2,,,,,,,,974.9,,1.1,,12,0,0,0,0,0,0,,,,
KLO,2010,3,15,7,1.9,,,,,,,,975.4,,0.9,,41,0,0,0,0,0,0,,,,
KLO,2010,3,15,8,2.5,,,,,,,,975.7,,2.2,,87,17.4,83.2,0,0,0,0,,,,
KLO,2010,3,15,9,3.3,,,,,,,,975.8,,2.3,,226,134.8,175.7,0,0,0,0,,,,
KLO,2010,3,15,10,4.8,,,,,,,,975.8,,2.9,,468,671.6,132,0,0,0,0,,,,
KLO,2010,3,15,11,5.7,,,,,,,,975.7,,3.1,,431,290.6,259.1,0,0,0,0,,,,
KLO,2010,3,15,12,6.4,,,,,,,,975.4,,3,,449,248.9,289.4,0,0,0,0,,,,
KLO,2010,3,15,13,7.2,,,,,,,,974.8,,2.9,,386,127.5,303.8,0,0,0,0,,,,
KLO,2010,3,15,14,7.3,,,,,,,,974.5,,2.7,,229,13.9,220.6,0,0,0,0,,,,
KLO,2010,3,15,15,7.5,,,,,,,,974.3,,2.8,,258,53.3,230.3,0,0,0,0,,,,
KLO,2010,3,15,16,7.1,,,,,,,,974,,2,,127,7,124.2,0,0,0,0,,,,
KLO,2010,3,15,17,5,,,,,,,,974.2,,3,,7,0.1,7,0,0,0,0,,,,
KLO,2010,3,15,18,4,,,,,,,,974.6,,2.5,,0,0,0,0,0,0,0,,,,
KLO,2010,3,15,19,3.2,,,,,,,,974.8,,2,,0,0,0,0,0,0,0,,,,
KLO,2010,3,15,20,1.5,,,,,,,,975,,0.8,,0,0,0,0,0,0,0,,,,
KLO,2010,3,15,21,1.5,,,,,,,,974.9,,2.2,,0,0,0,0,0,0,0,,,,
KLO,2010,3,15,22,2.8,,,,,,,,974.4,,2,,0,0,0,0,0,0,0,,,,
KLO,2010,3,15,23,2.9,,,,,,,,974.4,,2,,0,0,0,0,0,0,0,,,,
KLO,2010,3,16,0,3.4,,,,,,,,974.2,,2.2,,0,0,0,0,0,0,0,,,,
KLO,2010,3,16,1,3.7,,,,,,,,973.9,,2.2,,0,0,0,0,0,0,0,,,,
KLO,2010,3,16,2,3.5,,,,,,,,973.7,,3,,0,0,0,0,0,0,0,,,,
KLO,2010,3,16,3,2.7,,,,,,,,973.6,,3.8,,0,0,0,0,0,0,0,,,,
KLO,2010,3,16,4,2.4,,,,,,,,973.9,,3.9,,0,0,0,0,0,0,0,,,,
KLO,2010,3,16,5,2,,,,,,,,974.1,,3.3,,0,0,0,0,0,0,0,,,,
KLO,2010,3,16,6,2.2,,,,,,,,974.5,,1.2,,3,0,0,0,0,0,0,,,,
KLO,2010,3,16,7,2.4,,,,,,,,975.1,,1.5,,14,3.5,13.8,0,0,0,0,,,,
KLO,2010,3,16,8,2.7,,,,,,,,975.7,,2.4,,37,1.8,36.6,0,0,0,0,,,,
KLO,2010,3,16,9,2.9,,,,,,,,976.4,,1.8,,55,1.4,54.5,0,0,0,0,,,,
KLO,2010,3,16,10,3.3,,,,,,,,976.8,,2.1,,167,7.8,163.1,0,0,0,0,,,,
KLO,2010,3,16,11,5.4,,,,,,,,976.7,,3.3,,482,424.5,228.5,0,0,0,0,,,,
KLO,2010,3,16,12,7,,,,,,,,976.7,,4.3,,520,419.8,248.7,0,0,0,0,,,,
KLO,2010,3,16,13,7.3,,,,,,,,976.7,,3.5,,340,68.1,295.7,0,0,0,0,,,,
KLO,2010,3,16,14,7.1,,,,,,,,976.7,,2.1,,270,30.2,251.6,0,0,0,0,,,,
KLO,2010,3,16,15,7.5,,,,,,,,976.6,,2.1,,245,39.5,224.3,0,0,0,0,,,,
KLO,2010,3,16,16,7,,,,,,,,976.6,,3.2,,172,25.3,161.9,0,0,0,0,,,,
KLO,2010,3,16,17,4.7,,,,,,,,976.9,,3.3,,32,1.1,31.7,0,0,0,0,,,,
KLO,2010,3,16,18,3.3,,,,,,,,977.3,,2.5,,0,0,0,0,0,0,0,,,,
KLO,2010,3,16,19,2.8,,,,,,,,977.6,,2.3,,0,0,0,0,0,0,0,,,,
KLO,2010,3,16,20,1.6,,,,,,,,978,,2.4,,0,0,0,0,0,0,0,,,,
KLO,2010,3,16,21,1.3,,,,,,,,978.1,,1.4,,0,0,0,0,0,0,0,,,,
KLO,2010,3,16,22,-0.4,,,,,,,,978.1,,1,,0,0,0,0,0,0,0,,,,
KLO,2010,3,16,23,-1.7,,,,,,,,978.1,,0.7,,0,0,0,0,0,0,0,,,,
KLO,2010,3,17,0,-1.7,,,,,,,,978.2,,0.4,,0,0,0,0,0,0,0,,,,
KLO,2010,3,17,1,-3.5,,,,,,,,978.2,,1,,0,0,0,0,0,0,0,,,,
KLO,2010,3,17,2,-3.9,,,,,,,,977.9,,0.7,,0,0,0,0,0,0,0,,,,
KLO,2010,3,17,3,-4.9,,,,,,,,977.7,,0.9,,0,0,0,0,0,0,0,,,,
KLO,2010,3,17,4,-4.3,,,,,,,,977.7,,1.3,,0,0,0,0,0,0,0,,,,
KLO,2010,3,17,5,-4.5,,,,,,,,977.9,,0.4,,1,0,0,0,0,0,0,,,,
KLO,2010,3,17,6,-4.2,,,,,,,,978.2,,0.7,,44,0,0,0,0,0,0,,,,
KLO,2010,3,17,7,-2.2,,,,,,,,978.6,,0.5,,168,2278,27.7,0,0,0,0,,,,
KLO,2010,3,17,8,1.3,,,,,,,,978.7,,1,,317,1148.5,52.3,0,0,0,0,,,,
KLO,2010,3,17,9,3.7,,,,,,,,978.6,,0.5,,479,1040,79,0,0,0,0,,,,
KLO,2010,3,17,10,5.7,,,,,,,,978.2,,1.1,,428,480.3,182.3,0,0,0,0,,,,
KLO,2010,3,17,11,8.5,,,,,,,,977.9,,2.1,,621,838.5,115.6,0,0,0,0,,,,
KLO,2010,3,17,12,10.5,,,,,,,,977.3,,3.9,,694,884.7,117.4,0,0,0,0,,,,
KLO,2010,3,17,13,11.5,,,,,,,,976.6,,3.5,,592,610.5,192,0,0,0,0,,,,
KLO,2010,3,17,14,12.6,,,,,,,,976.2,,2.1,,433,258.4,274.6,0,0,0,0,,,,
KLO,2010,3,17,15,13.1,,,,,,,,976,,1.9,,289,85,244.2,0,0,0,0,,,,
KLO,2010,3,17,16,12.7,,,,,,,,976,,1.7,,126,6.4,123.4,0,0,0,0,,,,
KLO,2010,3,17,17,10,,,,,,,,976,,2.6,,21,0.4,20.9,0,0,0,0,,,,
KLO,2010,3,17,18,8.2,,,,,,,,976.2,,2.5,,0,0,0,0,0,0,0,,,,
KLO,2010,3,17,19,6.2,,,,,,,,976.1,,2.4,,0,0,0,0,0,0,0,,,,
KLO,2010,3,17,20,7,,,,,,,,976.2,,1.4,,0,0,0,0,0,0,0,,,,
KLO,2010,3,17,21,5.4,,,,,,,,976.4,,2.2,,0,0,0,0,0,0,0,,,,
KLO,2010,3,17,22,4.4,,,,,,,,976.4,,2.6,,0,0,0,0,0,0,0,,,,
KLO,2010,3,17,23,3.8,,,,,,,,976.6,,2.2,,0,0,0,0,0,0,0,,,,
KLO,2010,3,18,0,3.1,,,,,,,,976.6,,2.7,,0,0,0,0,0,0,0,,,,
KLO,2010,3,18,1,3.1,,,,,,,,976.6,,2.4,,0,0,0,0,0,0,0,,,,
KLO,2010,3,18,2,3.3,,,,,,,,976.3,,1.6,,0,0,0,0,0,0,0,,,,
KLO,2010,3,18,3,2.6,,,,,,,,976,,0.6,,0,0,0,0,0,0,0,,,,
KLO,2010,3,18,4,1.6,,,,,,,,976,,0.7,,0,0,0,0,0,0,0,,,,
KLO,2010,3,18,5,1.2,,,,,,,,976,,1,,0,0,0,0,0,0,0,,,,
KLO,2010,3,18,6,0.7,,,,,,,,976.3,,1,,69,0,0,0,0,0,0,,,,
KLO,2010,3,18,7,3.6,,,,,,,,976.4,,0.6,,212,2630.7,35,0,0,0,0,,,,
KLO,2010,3,18,8,7.8,,,,,,,,976.3,,0.7,,356,1257.7,58.7,0,0,0,0,,,,
KLO,2010,3,18,9,10.6,,,,,,,,976.2,,1.1,,464,992.4,76.6,0,0,0,0,,,,
KLO,2010,3,18,10,12.8,,,,,,,,975.8,,2,,530,830.4,100.5,0,0,0,0,,,,
KLO,2010,3,18,11,14.1,,,,,,,,975.4,,1.7,,594,750,137.8,0,0,0,0,,,,
KLO,2010,3,18,12,15,,,,,,,,974.5,,1.7,,580,570.4,205.2,0,0,0,0,,,,
KLO,2010,3,18,13,15.5,,,,,,,,973.6,,1.3,,500,338.4,276.6,0,0,0,0,,,,
KLO,2010,3,18,14,16.4,,,,,,,,973,,1.3,,403,186.7,287.7,0,0,0,0,,,,
KLO,2010,3,18,15,16.2,,,,,,,,972.5,,0.7,,245,36.3,225.7,0,0,0,0,,,,
KLO,2010,3,18,16,15.5,,,,,,,,971.8,,1.9,,111,4.8,109,0,0,0,0,,,,
KLO,2010,3,18,17,14,,,,,,,,971.5,,2.1,,26,0.7,25.8,0,0,0,0,,,,
KLO,2010,3,18,18,11.2,,,,,,,,971.4,,2.9,,0,0,0,0,0,0,0,,,,
KLO,2010,3,18,19,9.4,,,,,,,,971.6,,1.6,,0,0,0,0,0,0,0,,,,
KLO,2010,3,18,20,8.1,,,,,,,,971.9,,3,,0,0,0,0,0,0,0,,,,
KLO,2010,3,18,21,7.3,,,,,,,,972.2,,3.1,,0,0,0,0,0,0,0,,,,
KLO,2010,3,18,22,6.6,,,,,,,,972.2,,3,,0,0,0,0,0,0,0,,,,
KLO,2010,3,18,23,5.2,,,,,,,,972.3,,2.9,,0,0,0,0,0,0,0,,,,
KLO,2010,3,19,0,5.1,,,,,,,,972.6,,3.2,,0,0,0,0,0,0,0,,,,
KLO,2010,3,19,1,7.7,,,,,,,,973,,1.6,,0,0,0,0,0,0,0,,,,
KLO,2010,3,19,2,6.7,,,,,,,,973.1,,2.4,,0,0,0,0,0,0,0,,,,
KLO,2010,3,19,3,6.1,,,,,,,,973.1,,2.5,,0,0,0,0,0,0,0,,,,
KLO,2010,3,19,4,3.4,,,,,,,,973.5,,2.5,,0,0,0,0,0,0,0,,,,
KLO,2010,3,19,5,3.7,,,,,,,,973.9,,2.8,,0,0,0,0,0,0,0,,,,
KLO,2010,3,19,6,4.4,,,,,,,,974.1,,2.6,,40,0,0,0,0,0,0,,,,
KLO,2010,3,19,7,7.4,,,,,,,,974.4,,2,,131,1497.8,21.6,0,0,0,0,,,,
KLO,2010,3,19,8,9.5,,,,,,,,974.7,,2.3,,212,556.2,77.3,0,0,0,0,,,,
KLO,2010,3,19,9,11.8,,,,,,,,974.4,,1.8,,377,704.6,97.8,0,0,0,0,,,,
KLO,2010,3,19,10,14.2,,,,,,,,973.8,,1.9,,631,1007.5,104.1,0,0,0,0,,,,
KLO,2010,3,19,11,15.7,,,,,,,,972.8,,3.5,,700,952.3,115.5,0,0,0,0,,,,
KLO,2010,3,19,12,16.7,,,,,,,,972,,3.1,,692,859.9,122.5,0,0,0,0,,,,
KLO,2010,3,19,13,18,,,,,,,,971,,2.9,,638,718.4,160,0,0,0,0,,,,
KLO,2010,3,19,14,18.2,,,,,,,,970.2,,2.7,,530,509.7,212.7,0,0,0,0,,,,
KLO,2010,3,19,15,18.5,,,,,,,,969.5,,2.9,,373,242.2,242.9,0,0,0,0,,,,
KLO,2010,3,19,16,17.7,,,,,,,,969.1,,2.5,,175,23.5,165.2,0,0,0,0,,,,
KLO,2010,3,19,17,15.6,,,,,,,,969,,1.6,,30,0.8,29.8,0,0,0,0,,,,
KLO,2010,3,19,18,13.6,,,,,,,,969.1,,0.8,,0,0,0,0,0,0,0,,,,
KLO,2010,3,19,19,9.9,,,,,,,,969.4,,2.6,,0,0,0,0,0,0,0,,,,
KLO,2010,3,19,20,9.7,,,,,,,,968.9,,3.8,,0,0,0,0,0,0,0,,,,
KLO,2010,3,19,21,9.7,,,,,,,,968.9,,1.6,,0,0,0,0,0,0,0,,,,
KLO,2010,3,19,22,9.6,,,,,,,,968.6,,1.7,,0,0,0,0,0,0,0,,,,
KLO,2010,3,19,23,7.3,,,,,,,,968.1,,0.9,,0,0,0,0,0,0,0,,,,
KLO,2010,3,20,0,6.9,,,,,,,,968.4,,0.8,,0,0,0,0,0,0,0,,,,
KLO,2010,3,20,1,7,,,,,,,,968.2,,0.8,,0,0,0,0,0,0,0,,,,
KLO,2010,3,20,2,7.1,,,,,,,,967.9,,2.4,,0,0,0,0,0,0,0,,,,
KLO,2010,3,20,3,7.8,,,,,,,,967.7,,2.2,,0,0,0,0,0,0,0,,,,
KLO,2010,3,20,4,10.2,,,,,,,,967.9,,3.3,,0,0,0,0,0,0,0,,,,
KLO,2010,3,20,5,10.6,,,,,,,,967.9,,3.9,,0,0,0,0,0,0,0,,,,
KLO,2010,3,20,6,10.2,,,,,,,,968,,1.5,,12,0,0,0,0,0,0,,,,
KLO,2010,3,20,7,10.9,,,,,,,,968.3,,1.1,,67,508.5,26.9,0,0,0,0,,,,
KLO,2010,3,20,8,12.1,,,,,,,,968.5,,0.9,,134,80.2,114.1,0,0,0,0,,,,
KLO,2010,3,20,9,13.5,,,,,,,,968.1,,2.2,,252,158,188.5,0,0,0,0,,,,
KLO,2010,3,20,10,13.7,,,,,,,,967.8,,3.2,,180,8.7,175.4,0,0,0,0,,,,
KLO,2010,3,20,11,15.1,,,,,,,,967.2,,2.8,,338,84.3,285.8,0,0,0,0,,,,
KLO,2010,3,20,12,15.6,,,,,,,,966.8,,3.3,,296,30.3,275.8,0,0,0,0,,,,
KLO,2010,3,20,13,15.7,,,,,,,,966.4,,4.2,,175,4.5,172,0,0,0,0,,,,
KLO,2010,3,20,14,16.1,,,,,,,,966.3,,6,,211,8.3,205.8,0,0,0,0,,,,
KLO,2010,3,20,15,15.4,,,,,,,,966.4,,7.3,,99,2.2,97.8,0,0,0,0,,,,
KLO,2010,3,20,16,13.3,,,,,,,,966.8,,4.5,,46,0.8,45.7,0,0,0,0,,,,
KLO,2010,3,20,17,12,,,,,,,,967.1,,4.6,,13,0.2,13,0,0,0,0,,,,
KLO,2010,3,20,18,11.4,,,,,,,,967.2,,2.4,,0,0,0,0,0,0,0,,,,
KLO,2010,3,20,19,11.2,,,,,,,,967,,2.8,,0,0,0,0,0,0,0,,,,
KLO,2010,3,20,20,10.8,,,,,,,,966.8,,3.2,,0,0,0,0,0,0,0,,,,
KLO,2010,3,20,21,10.4,,,,,,,,966.9,,2.1,,0,0,0,0,0,0,0,,,,
KLO,2010,3,20,22,10.4,,,,,,,,966.7,,2,,0,0,0,0,0,0,0,,,,
KLO,2010,3,20,23,10.1,,,,,,,,966.5,,1.3,,0,0,0,0,0,0,0,,,,
KLO,2010,3,21,0,9.7,,,,,,,,966,,2,,0,0,0,0,0,0,0,,,,
KLO,2010,3,21,1,9.7,,,,,,,,965.7,,2.8,,0,0,0,0,0,0,0,,,,
KLO,2010,3,21,2,9.9,,,,,,,,965.1,,3.4,,0,0,0,0,0,0,0,,,,
KLO,2010,3,21,3,10.7,,,,,,,,964.9,,3,,0,0,0,0,0,0,0,,,,
KLO,2010,3,21,4,10.9,,,,,,,,965.6,,4.3,,0,0,0,0,0,0,0,,,,
KLO,2010,3,21,5,10.6,,,,,,,,966,,2.7,,0,0,0,0,0,0,0,,,,
KLO,2010,3,21,6,10.3,,,,,,,,966.3,,2.4,,4,0,0,0,0,0,0,,,,
KLO,2010,3,21,7,10.2,,,,,,,,967,,3.4,,18,3,17.7,0,0,0,0,,,,
KLO,2010,3,21,8,10.3,,,,,,,,967.8,,2.9,,31,1,30.8,0,0,0,0,,,,
KLO,2010,3,21,9,11,,,,,,,,968.2,,3.4,,71,2,70.2,0,0,0,0,,,,
KLO,2010,3,21,10,11.6,,,,,,,,968.4,,3.4,,164,6.3,160.6,0,0,0,0,,,,
KLO,2010,3,21,11,12.6,,,,,,,,968.4,,4.2,,271,27.2,254,0,0,0,0,,,,
KLO,2010,3,21,12,13,,,,,,,,968.6,,4.8,,188,5.1,184.6,0,0,0,0,,,,
KLO,2010,3,21,13,14.9,,,,,,,,968.4,,7.1,,444,194.1,313,0,0,0,0,,,,
KLO,2010,3,21,14,14.4,,,,,,,,968.3,,5.5,,139,3.2,137,0,0,0,0,,,,
KLO,2010,3,21,15,13.2,,,,,,,,968.7,,5,,38,0.3,37.8,0,0,0,0,,,,
KLO,2010,3,21,16,11.3,,,,,,,,969.3,,3.6,,29,0.3,28.9,0,0,0,0,,,,
KLO,2010,3,21,17,11,,,,,,,,969.8,,2.9,,6,0,6,0,0,0,0,,,,
KLO,2010,3,21,18,10.2,,,,,,,,970.6,,2.1,,0,0,0,0,0,0,0,,,,
KLO,2010,3,21,19,8.7,,,,,,,,971.2,,1.4,,0,0,0,0,0,0,0,,,,
KLO,2010,3,21,20,9.2,,,,,,,,971.9,,1.3,,0,0,0,0,0,0,0,,,,
KLO,2010,3,21,21,9.1,,,,,,,,972.3,,0.8,,0,0,0,0,0,0,0,,,,
KLO,2010,3,21,22,8.9,,,,,,,,972.5,,0.5,,0,0,0,0,0,0,0,,,,
KLO,2010,3,21,23,8.5,,,,,,,,972.5,,0.9,,0,0,0,0,0,0,0,,,,
KLO,2010,3,22,0,8.2,,,,,,,,972.4,,0.7,,0,0,0,0,0,0,0,,,,
KLO,2010,3,22,1,7.6,,,,,,,,972.1,,0.6,,0,0,0,0,0,0,0,,,,
KLO,2010,3,22,2,6.7,,,,,,,,972,,0.6,,0,0,0,0,0,0,0,,,,
KLO,2010,3,22,3,6.7,,,,,,,,971.9,,1.2,,0,0,0,0,0,0,0,,,,
KLO,2010,3,22,4,6.9,,,,,,,,971.9,,1.3,,0,0,0,0,0,0,0,,,,
KLO,2010,3,22,5,6.3,,,,,,,,971.7,,1.9,,1,0,0,0,0,0,0,,,,
KLO,2010,3,22,6,6.6,,,,,,,,971.9,,2.2,,74,0,0,0,0,0,0,,,,
KLO,2010,3,22,7,7.4,,,,,,,,971.9,,1.6,,168,1552.2,27.7,0,0,0,0,,,,
KLO,2010,3,22,8,9,,,,,,,,971.7,,2.3,,344,1105.5,56.8,0,0,0,0,,,,
KLO,2010,3,22,9,10.2,,,,,,,,971.5,,2.8,,320,368.9,167.5,0,0,0,0,,,,
KLO,2010,3,22,10,11.2,,,,,,,,971.4,,1.4,,404,325.9,228.1,0,0,0,0,,,,
KLO,2010,3,22,11,12.7,,,,,,,,971.1,,1.3,,609,734.5,146.3,0,0,0,0,,,,
KLO,2010,3,22,12,13.4,,,,,,,,970.5,,1.5,,526,372.4,273.5,0,0,0,0,,,,
KLO,2010,3,22,13,13.7,,,,,,,,970.1,,1.4,,462,222.4,310.7,0,0,0,0,,,,
KLO,2010,3,22,14,14.3,,,,,,,,969.8,,1.6,,404,166.9,297.7,0,0,0,0,,,,
KLO,2010,3,22,15,14.2,,,,,,,,969.6,,0.6,,276,56.1,245.1,0,0,0,0,,,,
KLO,2010,3,22,16,14,,,,,,,,969.4,,1.2,,169,17,161.7,0,0,0,0,,,,
KLO,2010,3,22,17,12.5,,,,,,,,969.5,,2.1,,35,1,34.7,0,0,0,0,,,,
KLO,2010,3,22,18,11,,,,,,,,969.8,,1.1,,0,0,0,0,0,0,0,,,,
KLO,2010,3,22,19,9.1,,,,,,,,970.1,,1,,0,0,0,0,0,0,0,,,,
KLO,2010,3,22,20,7.7,,,,,,,,970.3,,0.6,,0,0,0,0,0,0,0,,,,
KLO,2010,3,22,21,5.6,,,,,,,,970.4,,1.2,,0,0,0,0,0,0,0,,,,
KLO,2010,3,22,22,5.4,,,,,,,,970.4,,1,,0,0,0,0,0,0,0,,,,
KLO,2010,3,22,23,4.3,,,,,,,,970.3,,0.7,,0,0,0,0,0,0,0,,,,
KLO,2010,3,23,0,3.5,,,,,,,,970.5,,1.4,,0,0,0,0,0,0,0,,,,
KLO,2010,3,23,1,2.9,,,,,,,,970.4,,0.7,,0,0,0,0,0,0,0,,,,
KLO,2010,3,23,2,1.9,,,,,,,,970.3,,0.7,,0,0,0,0,0,0,0,,,,
KLO,2010,3,23,3,1.7,,,,,,,,970.3,,1,,0,0,0,0,0,0,0,,,,
KLO,2010,3,23,4,2,,,,,,,,970.5,,0.6,,0,0,0,0,0,0,0,,,,
KLO,2010,3,23,5,1.4,,,,,,,,970.8,,0.7,,2,0,0,0,0,0,0,,,,
KLO,2010,3,23,6,2.7,,,,,,,,971.3,,1.1,,48,0,0,0,0,0,0,,,,
KLO,2010,3,23,7,3.6,,,,,,,,971.6,,0.8,,116,1007,19.1,0,0,0,0,,,,
KLO,2010,3,23,8,5.1,,,,,,,,971.6,,0.3,,251,694.2,66.6,0,0,0,0,,,,
KLO,2010,3,23,9,8.8,,,,,,,,971.5,,1,,551,1097.5,90.9,0,0,0,0,,,,
KLO,2010,3,23,10,11.8,,,,,,,,970.9,,1,,669,1024.3,110.4,0,0,0,0,,,,
KLO,2010,3,23,11,14.3,,,,,,,,970,,1.3,,717,942.3,118.3,0,0,0,0,,,,
KLO,2010,3,23,12,15.2,,,,,,,,969.2,,1.6,,712,858,126,0,0,0,0,,,,
KLO,2010,3,23,13,15.8,,,,,,,,968.1,,1.3,,661,731.6,159.7,0,0,0,0,,,,
KLO,2010,3,23,14,16.7,,,,,,,,967.5,,2,,552,530.1,211.9,0,0,0,0,,,,
KLO,2010,3,23,15,16.8,,,,,,,,966.9,,3.5,,395,268.5,245.9,0,0,0,0,,,,
KLO,2010,3,23,16,16.3,,,,,,,,966.4,,3.5,,222,63.4,194.6,0,0,0,0,,,,
KLO,2010,3,23,17,14.7,,,,,,,,966.1,,3.6,,56,2.6,55.3,0,0,0,0,,,,
KLO,2010,3,23,18,12.9,,,,,,,,966.1,,1.6,,0,0,0,0,0,0,0,,,,
KLO,2010,3,23,19,10.7,,,,,,,,966,,1,,0,0,0,0,0,0,0,,,,
KLO,2010,3,23,20,8.2,,,,,,,,966.1,,0.9,,0,0,0,0,0,0,0,,,,
KLO,2010,3,23,21,6.5,,,,,,,,966.2,,1.6,,0,0,0,0,0,0,0,,,,
KLO,2010,3,23,22,5.6,,,,,,,,966,,1.8,,0,0,0,0,0,0,0,,,,
KLO,2010,3,23,23,4.4,,,,,,,,966,,0.8,,0,0,0,0,0,0,0,,,,
KLO,2010,3,24,0,4.2,,,,,,,,965.8,,0.6,,0,0,0,0,0,0,0,,,,
KLO,2010,3,24,1,3.4,,,,,,,,965.4,,0.6,,0,0,0,0,0,0,0,,,,
KLO,2010,3,24,2,2.4,,,,,,,,965.1,,0.8,,0,0,0,0,0,0,0,,,,
KLO,2010,3,24,3,2.3,,,,,,,,964.9,,0.6,,0,0,0,0,0,0,0,,,,
KLO,2010,3,24,4,1.8,,,,,,,,964.9,,0.8,,0,0,0,0,0,0,0,,,,
KLO,2010,3,24,5,1.1,,,,,,,,965.1,,0.6,,3,0,0,0,0,0,0,,,,
KLO,2010,3,24,6,1.9,,,,,,,,965.3,,0.6,,89,0,0,0,0,0,0,,,,
KLO,2010,3,24,7,5.5,,,,,,,,965.4,,0.4,,241,1973,39.8,0,0,0,0,,,,
KLO,2010,3,24,8,8.1,,,,,,,,965.4,,0.7,,399,1227.1,65.8,0,0,0,0,,,,
KLO,2010,3,24,9,10.7,,,,,,,,965.2,,0.9,,555,1090.6,91.6,0,0,0,0,,,,
KLO,2010,3,24,10,13.1,,,,,,,,964.6,,0.6,,671,1017.1,110.7,0,0,0,0,,,,
KLO,2010,3,24,11,15.3,,,,,,,,963.9,,0.6,,717,934.5,118.3,0,0,0,0,,,,
KLO,2010,3,24,12,16.8,,,,,,,,963,,1.4,,719,861.6,126.1,0,0,0,0,,,,
KLO,2010,3,24,13,18.4,,,,,,,,962.1,,1.6,,668,738.4,158.5,0,0,0,0,,,,
KLO,2010,3,24,14,19,,,,,,,,961.6,,1.4,,559,539.9,210.1,0,0,0,0,,,,
KLO,2010,3,24,15,19.1,,,,,,,,961.3,,0.9,,399,271.2,247.2,0,0,0,0,,,,
KLO,2010,3,24,16,18.8,,,,,,,,961,,3.1,,208,43.9,188.8,0,0,0,0,,,,
KLO,2010,3,24,17,17.2,,,,,,,,960.8,,3.2,,43,1.5,42.6,0,0,0,0,,,,
KLO,2010,3,24,18,14.8,,,,,,,,960.8,,1.7,,0,0,0,0,0,0,0,,,,
KLO,2010,3,24,19,13.1,,,,,,,,961,,1.2,,0,0,0,0,0,0,0,,,,
KLO,2010,3,24,20,10.2,,,,,,,,961,,1,,0,0,0,0,0,0,0,,,,
KLO,2010,3,24,21,7.7,,,,,,,,961.1,,0.8,,0,0,0,0,0,0,0,,,,
KLO,2010,3,24,22,6.9,,,,,,,,961.1,,1.1,,0,0,0,0,0,0,0,,,,
KLO,2010,3,24,23,5.7,,,,,,,,961.2,,1,,0,0,0,0,0,0,0,,,,
KLO,2010,3,25,0,5.2,,,,,,,,961,,1,,0,0,0,0,0,0,0,,,,
KLO,2010,3,25,1,4.3,,,,,,,,960.8,,1.2,,0,0,0,0,0,0,0,,,,
KLO,2010,3,25,2,3.6,,,,,,,,960.5,,1.8,,0,0,0,0,0,0,0,,,,
KLO,2010,3,25,3,3.5,,,,,,,,960.5,,1,,0,0,0,0,0,0,0,,,,
KLO,2010,3,25,4,3.4,,,,,,,,960.6,,0.7,,0,0,0,0,0,0,0,,,,
KLO,2010,3,25,5,4.4,,,,,,,,960.7,,0.8,,1,0,0,0,0,0,0,,,,
KLO,2010,3,25,6,5.3,,,,,,,,960.4,,0.8,,35,0,0,0,0,0,0,,,,
KLO,2010,3,25,7,7.6,,,,,,,,960.3,,1,,225,1742.7,37.1,0,0,0,0,,,,
KLO,2010,3,25,8,9.8,,,,,,,,960,,1.6,,342,1029.7,56.4,0,0,0,0,,,,
KLO,2010,3,25,9,13.5,,,,,,,,959.8,,2.5,,591,1146,97.5,0,0,0,0,,,,
KLO,2010,3,25,10,16.2,,,,,,,,959.6,,2.7,,685,1028,113,0,0,0,0,,,,
KLO,2010,3,25,11,17.8,,,,,,,,959.2,,2.5,,531,457.9,235.2,0,0,0,0,,,,
KLO,2010,3,25,12,18.9,,,,,,,,958.6,,1,,558,426.3,262.5,0,0,0,0,,,,
KLO,2010,3,25,13,20.9,,,,,,,,957.9,,1.2,,550,401.9,270.7,0,0,0,0,,,,
KLO,2010,3,25,14,21.6,,,,,,,,957.7,,4.8,,397,141.6,304.8,0,0,0,0,,,,
KLO,2010,3,25,15,21.7,,,,,,,,957.6,,4.1,,369,191.4,261,0,0,0,0,,,,
KLO,2010,3,25,16,19.6,,,,,,,,957.9,,4.4,,100,3.4,98.5,0,0,0,0,,,,
KLO,2010,3,25,17,17.6,,,,,,,,958.5,,1.6,,23,0.4,22.9,0,0,0,0,,,,
KLO,2010,3,25,18,15.8,,,,,,,,958.9,,3.1,,0,0,0,0,0,0,0,,,,
KLO,2010,3,25,19,14.4,,,,,,,,959,,3.7,,0,0,0,0,0,0,0,,,,
KLO,2010,3,25,20,14.2,,,,,,,,959.2,,4.6,,0,0,0,0,0,0,0,,,,
KLO,2010,3,25,21,13.7,,,,,,,,959.3,,3.7,,0,0,0,0,0,0,0,,,,
KLO,2010,3,25,22,12.4,,,,,,,,959.7,,2,,0,0,0,0,0,0,0,,,,
KLO,2010,3,25,23,9,,,,,,,,959.9,,0.9,,0,0,0,0,0,0,0,,,,
KLO,2010,3,26,0,6.8,,,,,,,,960.1,,0.5,,0,0,0,0,0,0,0,,,,
KLO,2010,3,26,1,6.1,,,,,,,,959.9,,1.6,,0,0,0,0,0,0,0,,,,
KLO,2010,3,26,2,5.4,,,,,,,,958.9,,1.2,,0,0,0,0,0,0,0,,,,
KLO,2010,3,26,3,4.2,,,,,,,,958.4,,2.2,,0,0,0,0,0,0,0,,,,
KLO,2010,3,26,4,4,,,,,,,,957.8,,1.8,,0,0,0,0,0,0,0,,,,
KLO,2010,3,26,5,3.6,,,,,,,,957.5,,1.6,,3,0,0,0,0,0,0,,,,
KLO,2010,3,26,6,4.8,,,,,,,,957.1,,0.9,,94,0,0,0,0,0,0,,,,
KLO,2010,3,26,7,9,,,,,,,,956.2,,0.6,,276,2028.4,45.5,0,0,0,0,,,,
KLO,2010,3,26,8,11.9,,,,,,,,955,,1.1,,448,1321.3,73.9,0,0,0,0,,,,
KLO,2010,3,26,9,14.5,,,,,,,,955.2,,4.3,,580,1110.1,95.7,0,0,0,0,,,,
KLO,2010,3,26,10,11.1,,,,,,,,957.9,,9.4,,394,255,250.8,0,0,0,0,,,,
KLO,2010,3,26,11,8.5,,,,,,,,960.4,,6.9,,76,0.9,75.4,0,0,0,0,,,,
KLO,2010,3,26,12,6.9,,,,,,,,961.5,,6,,64,0.6,63.6,0,0,0,0,,,,
KLO,2010,3,26,13,6.4,,,,,,,,962.2,,5.9,,64,0.5,63.6,0,0,0,0,,,,
KLO,2010,3,26,14,6.7,,,,,,,,962,,4.7,,45,0.3,44.8,0,0,0,0,,,,
KLO,2010,3,26,15,6.8,,,,,,,,962,,6.1,,52,0.5,51.7,0,0,0,0,,,,
KLO,2010,3,26,16,7.1,,,,,,,,961.8,,6.3,,87,2.5,85.9,0,0,0,0,,,,
KLO,2010,3,26,17,7.5,,,,,,,,962.4,,5.9,,57,2.5,56.3,0,0,0,0,,,,
KLO,2010,3,26,18,6.7,,,,,,,,962.9,,4.7,,0,0,0,0,0,0,0,,,,
KLO,2010,3,26,19,6.2,,,,,,,,963.2,,3.7,,0,0,0,0,0,0,0,,,,
KLO,2010,3,26,20,6.4,,,,,,,,963.7,,2.7,,0,0,0,0,0,0,0,,,,
KLO,2010,3,26,21,6,,,,,,,,963.6,,3.4,,0,0,0,0,0,0,0,,,,
KLO,2010,3,26,22,5.9,,,,,,,,963.4,,3.7,,0,0,0,0,0,0,0,,,,
KLO,2010,3,26,23,5.7,,,,,,,,963.5,,3.3,,0,0,0,0,0,0,0,,,,
KLO,2010,3,27,0,5.1,,,,,,,,963.3,,2.5,,0,0,0,0,0,0,0,,,,
KLO,2010,3,27,1,5.1,,,,,,,,963.4,,2.8,,0,0,0,0,0,0,0,,,,
KLO,2010,3,27,2,4.9,,,,,,,,963.1,,4.6,,0,0,0,0,0,0,0,,,,
KLO,2010,3,27,3,4.5,,,,,,,,962.4,,2.5,,0,0,0,0,0,0,0,,,,
KLO,2010,3,27,4,4.7,,,,,,,,961.8,,2.9,,0,0,0,0,0,0,0,,,,
KLO,2010,3,27,5,4.2,,,,,,,,961.3,,3.5,,3,0,0,0,0,0,0,,,,
KLO,2010,3,27,6,4.8,,,,,,,,961.1,,2.6,,80,0,0,0,0,0,0,,,,
KLO,2010,3,27,7,5.5,,,,,,,,961.4,,1.9,,77,180.7,55.4,0,0,0,0,,,,
KLO,2010,3,27,8,5.6,,,,,,,,961.8,,3.3,,106,12.1,102.5,0,0,0,0,,,,
KLO,2010,3,27,9,7.1,,,,,,,,961.5,,5.7,,396,602.8,129.6,0,0,0,0,,,,
KLO,2010,3,27,10,9.1,,,,,,,,960.8,,5.1,,568,797.6,115.5,0,0,0,0,,,,
KLO,2010,3,27,11,11.2,,,,,,,,959.6,,5.5,,615,682,167.3,0,0,0,0,,,,
KLO,2010,3,27,12,12.3,,,,,,,,958.9,,5.2,,610,546.8,225.6,0,0,0,0,,,,
KLO,2010,3,27,13,12.5,,,,,,,,958.4,,4.1,,453,178.9,327,0,0,0,0,,,,
KLO,2010,3,27,14,12.1,,,,,,,,958.3,,4.8,,196,5.8,192.2,0,0,0,0,,,,
KLO,2010,3,27,15,12,,,,,,,,958.4,,6.5,,212,12.6,204.8,0,0,0,0,,,,
KLO,2010,3,27,16,10.1,,,,,,,,959.3,,8.7,,132,5.7,129.5,0,0,0,0,,,,
KLO,2010,3,27,17,8.3,,,,,,,,960.4,,6.8,,45,1.5,44.6,0,0,0,0,,,,
KLO,2010,3,27,18,7.4,,,,,,,,961.3,,6.5,,0,0,0,0,0,0,0,,,,
KLO,2010,3,27,19,7.4,,,,,,,,962.2,,6.7,,0,0,0,0,0,0,0,,,,
KLO,2010,3,27,20,7.5,,,,,,,,963,,6.9,,0,0,0,0,0,0,0,,,,
KLO,2010,3,27,21,7.7,,,,,,,,963.3,,4.5,,0,0,0,0,0,0,0,,,,
KLO,2010,3,27,22,7.4,,,,,,,,963.6,,5.4,,0,0,0,0,0,0,0,,,,
KLO,2010,3,27,23,6.9,,,,,,,,963.9,,6,,0,0,0,0,0,0,0,,,,
KLO,2010,3,28,0,6.6,,,,,,,,964.6,,4.4,,0,0,0,0,0,0,0,,,,
KLO,2010,3,28,1,6.4,,,,,,,,964.8,,3.7,,0,0,0,0,0,0,0,,,,
KLO,2010,3,28,2,6.5,,,,,,,,964.9,,5.1,,0,0,0,0,0,0,0,,,,
KLO,2010,3,28,3,6.1,,,,,,,,965.4,,2.8,,0,0,0,0,0,0,0,,,,
KLO,2010,3,28,4,6.1,,,,,,,,965.5,,3.2,,0,0,0,0,0,0,0,,,,
KLO,2010,3,28,5,6.6,,,,,,,,965.8,,3.5,,1,0,0,0,0,0,0,,,,
KLO,2010,3,28,6,6.3,,,,,,,,966.3,,4.2,,37,0,0,0,0,0,0,,,,
KLO,2010,3,28,7,6.6,,,,,,,,966.8,,3.7,,67,0,0,0,0,0,0,,,,
KLO,2010,3,28,8,7.3,,,,,,,,967,,4.9,,119,708,30.3,0,0,0,0,,,,
KLO,2010,3,28,9,8.1,,,,,,,,966.8,,4.9,,161,86.2,135.6,0,0,0,0,,,,
KLO,2010,3,28,10,9.6,,,,,,,,966.2,,5.1,,379,507.4,152,0,0,0,0,,,,
KLO,2010,3,28,11,11,,,,,,,,965.5,,7.4,,618,901.2,101.9,0,0,0,0,,,,
KLO,2010,3,28,12,10.8,,,,,,,,965.1,,6.9,,377,104.8,307.6,0,0,0,0,,,,
KLO,2010,3,28,13,10.9,,,,,,,,964.5,,6.1,,309,28.5,288.8,0,0,0,0,,,,
KLO,2010,3,28,14,10.2,,,,,,,,964,,5.6,,155,3.1,152.8,0,0,0,0,,,,
KLO,2010,3,28,15,9.2,,,,,,,,964.1,,4.6,,93,1.3,92.1,0,0,0,0,,,,
KLO,2010,3,28,16,8.7,,,,,,,,963.9,,4.3,,50,0.5,49.7,0,0,0,0,,,,
KLO,2010,3,28,17,8.5,,,,,,,,964,,3.4,,9,0,9,0,0,0,0,,,,
KLO,2010,3,28,18,8.5,,,,,,,,964.1,,4.3,,0,0,0,0,0,0,0,,,,
KLO,2010,3,28,19,8.6,,,,,,,,964.2,,5.3,,0,0,0,0,0,0,0,,,,
KLO,2010,3,28,20,8.6,,,,,,,,964.3,,4.9,,0,0,0,0,0,0,0,,,,
KLO,2010,3,28,21,8.7,,,,,,,,964.1,,4.9,,0,0,0,0,0,0,0,,,,
KLO,2010,3,28,22,8.7,,,,,,,,963.9,,4.5,,0,0,0,0,0,0,0,,,,
KLO,2010,3,28,23,8.6,,,,,,,,963.8,,3.6,,0,0,0,0,0,0,0,,,,
KLO,2010,3,29,0,8.6,,,,,,,,963.3,,3.3,,0,0,0,0,0,0,0,,,,
KLO,2010,3,29,1,8.5,,,,,,,,963.1,,4.2,,0,0,0,0,0,0,0,,,,
KLO,2010,3,29,2,7.9,,,,,,,,962.6,,3.2,,0,0,0,0,0,0,0,,,,
KLO,2010,3,29,3,7.5,,,,,,,,961.9,,2.4,,0,0,0,0,0,0,0,,,,
KLO,2010,3,29,4,6.8,,,,,,,,961.7,,2.4,,0,0,0,0,0,0,0,,,,
KLO,2010,3,29,5,7.3,,,,,,,,961.6,,3,,3,0,0,0,0,0,0,,,,
KLO,2010,3,29,6,8,,,,,,,,961.6,,1.9,,45,0,0,0,0,0,0,,,,
KLO,2010,3,29,7,8.9,,,,,,,,961.2,,2,,152,0,0,0,0,0,0,,,,
KLO,2010,3,29,8,10.6,,,,,,,,961,,1.6,,337,2148.2,55.6,0,0,0,0,,,,
KLO,2010,3,29,9,11.3,,,,,,,,961,,1.4,,269,603.1,87.9,0,0,0,0,,,,
KLO,2010,3,29,10,12.4,,,,,,,,960.7,,2,,368,442.2,167.7,0,0,0,0,,,,
KLO,2010,3,29,11,14.4,,,,,,,,960,,1.5,,671,969.3,110.7,0,0,0,0,,,,
KLO,2010,3,29,12,15.1,,,,,,,,959,,1.3,,603,620.5,189.3,0,0,0,0,,,,
KLO,2010,3,29,13,15.7,,,,,,,,958,,2,,372,69.4,322.5,0,0,0,0,,,,
KLO,2010,3,29,14,15.8,,,,,,,,957.3,,1.5,,371,68.2,322.3,0,0,0,0,,,,
KLO,2010,3,29,15,15.6,,,,,,,,956.5,,0.8,,257,15.2,246.9,0,0,0,0,,,,
KLO,2010,3,29,16,15.8,,,,,,,,955.6,,2.2,,167,5.4,163.8,0,0,0,0,,,,
KLO,2010,3,29,17,14.9,,,,,,,,955,,2.2,,55,0.9,54.6,0,0,0,0,,,,
KLO,2010,3,29,18,13.5,,,,,,,,954.2,,1.6,,1,0,1,0,0,0,0,,,,
KLO,2010,3,29,19,11.6,,,,,,,,953.6,,0.8,,0,0,0,0,0,0,0,,,,
KLO,2010,3,29,20,11,,,,,,,,953.4,,2.2,,0,0,0,0,0,0,0,,,,
KLO,2010,3,29,21,10.3,,,,,,,,953.3,,2,,0,0,0,0,0,0,0,,,,
KLO,2010,3,29,22,9,,,,,,,,953.3,,1.9,,0,0,0,0,0,0,0,,,,
KLO,2010,3,29,23,8.9,,,,,,,,953.1,,1.3,,0,0,0,0,0,0,0,,,,
KLO,2010,3,30,0,8.2,,,,,,,,952.4,,1.3,,0,0,0,0,0,0,0,,,,
KLO,2010,3,30,1,6.6,,,,,,,,951.9,,1.1,,0,0,0,0,0,0,0,,,,
KLO,2010,3,30,2,6.1,,,,,,,,951,,0.5,,0,0,0,0,0,0,0,,,,
KLO,2010,3,30,3,5.8,,,,,,,,950.4,,0.7,,0,0,0,0,0,0,0,,,,
KLO,2010,3,30,4,4.5,,,,,,,,949.7,,0.8,,0,0,0,0,0,0,0,,,,
KLO,2010,3,30,5,3.7,,,,,,,,949.1,,1.4,,8,0,0,0,0,0,0,,,,
KLO,2010,3,30,6,5.4,,,,,,,,948.5,,1.2,,120,0,0,0,0,0,0,,,,
KLO,2010,3,30,7,8.5,,,,,,,,947.8,,1.5,,297,0,0,0,0,0,0,,,,
KLO,2010,3,30,8,10.5,,,,,,,,947.5,,2,,377,2301.9,62.2,0,0,0,0,,,,
KLO,2010,3,30,9,12.2,,,,,,,,947.2,,0.9,,331,903.5,54.5,0,0,0,0,,,,
KLO,2010,3,30,10,13,,,,,,,,946.3,,0.6,,249,84.1,210.4,0,0,0,0,,,,
KLO,2010,3,30,11,14.3,,,,,,,,945.7,,2.3,,400,234.7,263.1,0,0,0,0,,,,
KLO,2010,3,30,12,15.2,,,,,,,,945.1,,2.6,,562,488.9,233.6,0,0,0,0,,,,
KLO,2010,3,30,13,15.4,,,,,,,,945.7,,6.8,,478,208.2,328.5,0,0,0,0,,,,
KLO,2010,3,30,14,12.4,,,,,,,,947.2,,8.8,,160,3.3,157.7,0,0,0,0,,,,
KLO,2010,3,30,15,8.6,,,,,,,,949.3,,5.6,,36,0.2,35.9,0,0,0,0,,,,
KLO,2010,3,30,16,7.6,,,,,,,,950.2,,6.7,,26,0.1,25.9,0,0,0,0,,,,
KLO,2010,3,30,17,7.4,,,,,,,,950.8,,4.7,,6,0,6,0,0,0,0,,,,
KLO,2010,3,30,18,7.3,,,,,,,,951.3,,4.1,,1,0,1,0,0,0,0,,,,
KLO,2010,3,30,19,7.4,,,,,,,,951.9,,2.8,,0,0,0,0,0,0,0,,,,
KLO,2010,3,30,20,7.9,,,,,,,,952.5,,5.2,,0,0,0,0,0,0,0,,,,
KLO,2010,3,30,21,7.6,,,,,,,,954.2,,6.4,,0,0,0,0,0,0,0,,,,
KLO,2010,3,30,22,6.6,,,,,,,,955.9,,6.2,,0,0,0,0,0,0,0,,,,
KLO,2010,3,30,23,5.5,,,,,,,,956.4,,4.5,,0,0,0,0,0,0,0,,,,
KLO,2010,3,31,0,4.3,,,,,,,,956.7,,3.7,,0,0,0,0,0,0,0,,,,
KLO,2010,3,31,1,4.8,,,,,,,,956.6,,4.1,,0,0,0,0,0,0,0,,,,
KLO,2010,3,31,2,4.7,,,,,,,,956.5,,3.7,,0,0,0,0,0,0,0,,,,
KLO,2010,3,31,3,3.9,,,,,,,,956.4,,2.1,,0,0,0,0,0,0,0,,,,
KLO,2010,3,31,4,3.9,,,,,,,,956.2,,2.7,,0,0,0,0,0,0,0,,,,
KLO,2010,3,31,5,4.1,,,,,,,,956.3,,2.5,,3,0,0,0,0,0,0,,,,
KLO,2010,3,31,6,4.9,,,,,,,,956.6,,2.4,,72,0,0,0,0,0,0,,,,
KLO,2010,3,31,7,6.5,,,,,,,,956.5,,3.6,,251,0,0,0,0,0,0,,,,
KLO,2010,3,31,8,8.3,,,,,,,,956.3,,5.5,,510,2988.4,84.2,0,0,0,0,,,,
KLO,2010,3,31,9,9,,,,,,,,956.3,,6,,431,1154.6,71.1,0,0,0,0,,,,
KLO,2010,3,31,10,9.7,,,,,,,,956.2,,7,,516,928.5,85.1,0,0,0,0,,,,
KLO,2010,3,31,11,9.6,,,,,,,,956.3,,8.2,,520,580.7,178.2,0,0,0,0,,,,
KLO,2010,3,31,12,9.9,,,,,,,,956.2,,6.9,,400,124.5,315.7,0,0,0,0,,,,
KLO,2010,3,31,13,8.2,,,,,,,,956.5,,6.3,,310,26.3,291,0,0,0,0,,,,
KLO,2010,3,31,14,9.4,,,,,,,,956.4,,6.5,,552,356.6,294.3,0,0,0,0,,,,
KLO,2010,3,31,15,9.7,,,,,,,,956,,6.3,,330,49.8,296.2,0,0,0,0,,,,
KLO,2010,3,31,16,9.7,,,,,,,,956.2,,6.3,,235,18.2,224.3,0,0,0,0,,,,
KLO,2010,3,31,17,8.4,,,,,,,,956.8,,4.6,,40,0.5,39.8,0,0,0,0,,,,
KLO,2010,3,31,18,3.2,,,,,,,,957.4,,3.2,,0,0,0,0,0,0,0,,,,
KLO,2010,3,31,19,2.6,,,,,,,,957.6,,0.9,,0,0,0,0,0,0,0,,,,
KLO,2010,3,31,20,2.9,,,,,,,,957.9,,1.2,,0,0,0,0,0,0,0,,,,
KLO,2010,3,31,21,4.3,,,,,,,,957.6,,2.5,,0,0,0,0,0,0,0,,,,
KLO,2010,3,31,22,3.4,,,,,,,,957.7,,1.4,,0,0,0,0,0,0,0,,,,
KLO,2010,3,31,23,3.4,,,,,,,,958.1,,2.6,,0,0,0,0,0,0,0,,,,
KLO,2010,4,1,0,3.6,,,,,,,,958.1,,2.1,,0,0,0,0,0,0,0,,,,
KLO,2010,4,1,1,3.8,,,,,,,,958.3,,2.8,,0,0,0,0,0,0,0,,,,
KLO,2010,4,1,2,3.1,,,,,,,,958.8,,3.4,,0,0,0,0,0,0,0,,,,
KLO,2010,4,1,3,1.6,,,,,,,,960,,2.5,,0,0,0,0,0,0,0,,,,
KLO,2010,4,1,4,1.1,,,,,,,,961,,1.6,,0,0,0,0,0,0,0,,,,
KLO,2010,4,1,5,1,,,,,,,,961.9,,1.9,,1,0,0,0,0,0,0,,,,
KLO,2010,4,1,6,1.7,,,,,,,,962.6,,2.7,,14,0,0,0,0,0,0,,,,
KLO,2010,4,1,7,1.7,,,,,,,,963.1,,2.3,,19,0,0,0,0,0,0,,,,
KLO,2010,4,1,8,2.4,,,,,,,,963.8,,2.4,,49,8,47.8,0,0,0,0,,,,
KLO,2010,4,1,9,2.7,,,,,,,,964.3,,3,,73,3.5,71.9,0,0,0,0,,,,
KLO,2010,4,1,10,3,,,,,,,,965.2,,3.6,,106,3.4,104.4,0,0,0,0,,,,
KLO,2010,4,1,11,4.3,,,,,,,,965.5,,3.7,,253,25.5,237.9,0,0,0,0,,,,
KLO,2010,4,1,12,4.9,,,,,,,,965.9,,3.6,,377,92,314.3,0,0,0,0,,,,
KLO,2010,4,1,13,6.1,,,,,,,,965.9,,3.5,,515,267.9,320.2,0,0,0,0,,,,
KLO,2010,4,1,14,7,,,,,,,,965.6,,3.9,,436,133,339.3,0,0,0,0,,,,
KLO,2010,4,1,15,4.3,,,,,,,,966.1,,5,,95,1.3,94.1,0,0,0,0,,,,
KLO,2010,4,1,16,2,,,,,,,,967,,2.8,,47,0.4,46.8,0,0,0,0,,,,
KLO,2010,4,1,17,2.8,,,,,,,,966.9,,3.5,,85,2.2,84,0,0,0,0,,,,
KLO,2010,4,1,18,2.4,,,,,,,,967.3,,3.3,,1,0,1,0,0,0,0,,,,
KLO,2010,4,1,19,2.5,,,,,,,,968,,2.3,,0,0,0,0,0,0,0,,,,
KLO,2010,4,1,20,1.6,,,,,,,,968.2,,1.5,,0,0,0,0,0,0,0,,,,
KLO,2010,4,1,21,1.6,,,,,,,,968.3,,1.6,,0,0,0,0,0,0,0,,,,
KLO,2010,4,1,22,1.8,,,,,,,,968.5,,2.3,,0,0,0,0,0,0,0,,,,
KLO,2010,4,1,23,1.5,,,,,,,,968.6,,1.3,,0,0,0,0,0,0,0,,,,
KLO,2010,4,2,0,-0.5,,,,,,,,968.4,,1.2,,0,0,0,0,0,0,0,,,,
KLO,2010,4,2,1,-1.7,,,,,,,,968,,1.7,,0,0,0,0,0,0,0,,,,
KLO,2010,4,2,2,-0.8,,,,,,,,967.8,,1.3,,0,0,0,0,0,0,0,,,,
KLO,2010,4,2,3,-0.4,,,,,,,,967.5,,0.8,,0,0,0,0,0,0,0,,,,
KLO,2010,4,2,4,-1.1,,,,,,,,967.4,,0.8,,0,0,0,0,0,0,0,,,,
KLO,2010,4,2,5,-1.6,,,,,,,,967.5,,0.6,,13,0,0,0,0,0,0,,,,
KLO,2010,4,2,6,-1,,,,,,,,967.5,,0.7,,90,0,0,0,0,0,0,,,,
KLO,2010,4,2,7,0.4,,,,,,,,967.4,,1,,194,0,0,0,0,0,0,,,,
KLO,2010,4,2,8,2.2,,,,,,,,967.7,,1,,422,2289.4,69.6,0,0,0,0,,,,
KLO,2010,4,2,9,3.6,,,,,,,,967.5,,0.8,,546,1411.9,90.1,0,0,0,0,,,,
KLO,2010,4,2,10,5.5,,,,,,,,967.2,,0.7,,663,1165.8,109.4,0,0,0,0,,,,
KLO,2010,4,2,11,7.7,,,,,,,,966.5,,0.7,,768,1070.7,126.7,0,0,0,0,,,,
KLO,2010,4,2,12,8.9,,,,,,,,965.8,,1.2,,790,960.7,130.3,0,0,0,0,,,,
KLO,2010,4,2,13,10.2,,,,,,,,965.1,,1.8,,718,766.6,157,0,0,0,0,,,,
KLO,2010,4,2,14,11,,,,,,,,964.4,,1.9,,639,562.2,227.7,0,0,0,0,,,,
KLO,2010,4,2,15,11,,,,,,,,963.9,,2.4,,403,121.7,319.5,0,0,0,0,,,,
KLO,2010,4,2,16,10.6,,,,,,,,963.5,,2.6,,176,5.7,172.6,0,0,0,0,,,,
KLO,2010,4,2,17,9.3,,,,,,,,963.3,,2.7,,39,0.4,38.8,0,0,0,0,,,,
KLO,2010,4,2,18,7.8,,,,,,,,963.3,,3,,1,0,1,0,0,0,0,,,,
KLO,2010,4,2,19,6.3,,,,,,,,963.3,,2.8,,0,0,0,0,0,0,0,,,,
KLO,2010,4,2,20,5.9,,,,,,,,963.5,,1.9,,0,0,0,0,0,0,0,,,,
KLO,2010,4,2,21,5.2,,,,,,,,963.4,,1.4,,0,0,0,0,0,0,0,,,,
KLO,2010,4,2,22,4.8,,,,,,,,963.6,,1.7,,0,0,0,0,0,0,0,,,,
KLO,2010,4,2,23,4.8,,,,,,,,964.2,,0.9,,0,0,0,0,0,0,0,,,,
KLO,2010,4,3,0,4.9,,,,,,,,964.4,,1.8,,0,0,0,0,0,0,0,,,,
KLO,2010,4,3,1,5,,,,,,,,964.2,,2.2,,0,0,0,0,0,0,0,,,,
KLO,2010,4,3,2,4.7,,,,,,,,964.2,,1.8,,0,0,0,0,0,0,0,,,,
KLO,2010,4,3,3,4.2,,,,,,,,964,,2.2,,0,0,0,0,0,0,0,,,,
KLO,2010,4,3,4,4.7,,,,,,,,963.8,,2.1,,0,0,0,0,0,0,0,,,,
KLO,2010,4,3,5,4.2,,,,,,,,963.8,,1.1,,9,0,0,0,0,0,0,,,,
KLO,2010,4,3,6,4.7,,,,,,,,964,,0.8,,75,0,0,0,0,0,0,,,,
KLO,2010,4,3,7,6.7,,,,,,,,964.1,,1,,263,0,0,0,0,0,0,,,,
KLO,2010,4,3,8,8.6,,,,,,,,963.6,,0.9,,500,2616.2,82.5,0,0,0,0,,,,
KLO,2010,4,3,9,10.2,,,,,,,,963.1,,1.1,,591,1502.4,97.5,0,0,0,0,,,,
KLO,2010,4,3,10,11.7,,,,,,,,962.6,,1.5,,718,1248.5,118.5,0,0,0,0,,,,
KLO,2010,4,3,11,13.3,,,,,,,,961.9,,2.2,,680,940,112.2,0,0,0,0,,,,
KLO,2010,4,3,12,13.6,,,,,,,,961.4,,3.3,,555,427.5,259.4,0,0,0,0,,,,
KLO,2010,4,3,13,13.7,,,,,,,,960.8,,2.9,,415,100.8,340.8,0,0,0,0,,,,
KLO,2010,4,3,14,13.8,,,,,,,,960.1,,3.5,,340,38.5,311.7,0,0,0,0,,,,
KLO,2010,4,3,15,13.7,,,,,,,,959.9,,2.6,,228,8,222.5,0,0,0,0,,,,
KLO,2010,4,3,16,12.8,,,,,,,,960.1,,2,,77,1.1,76.4,0,0,0,0,,,,
KLO,2010,4,3,17,12.2,,,,,,,,960.1,,1.6,,17,0.1,17,0,0,0,0,,,,
KLO,2010,4,3,18,11.1,,,,,,,,959.9,,0.9,,1,0,1,0,0,0,0,,,,
KLO,2010,4,3,19,10.3,,,,,,,,959.2,,1.5,,0,0,0,0,0,0,0,,,,
KLO,2010,4,3,20,9.1,,,,,,,,959.5,,3,,0,0,0,0,0,0,0,,,,
KLO,2010,4,3,21,8.5,,,,,,,,960.3,,5.7,,0,0,0,0,0,0,0,,,,
KLO,2010,4,3,22,6.9,,,,,,,,961.1,,3.9,,0,0,0,0,0,0,0,,,,
KLO,2010,4,3,23,6.5,,,,,,,,962,,4.4,,0,0,0,0,0,0,0,,,,
KLO,2010,4,4,0,6,,,,,,,,962.9,,2.1,,0,0,0,0,0,0,0,,,,
KLO,2010,4,4,1,5.9,,,,,,,,963.6,,1.7,,0,0,0,0,0,0,0,,,,
KLO,2010,4,4,2,5.6,,,,,,,,963.6,,3.2,,0,0,0,0,0,0,0,,,,
KLO,2010,4,4,3,5.2,,,,,,,,963.5,,4.2,,0,0,0,0,0,0,0,,,,
KLO,2010,4,4,4,5.1,,,,,,,,963.4,,3.7,,0,0,0,0,0,0,0,,,,
KLO,2010,4,4,5,5.2,,,,,,,,963.7,,2.8,,1,0,0,0,0,0,0,,,,
KLO,2010,4,4,6,5.5,,,,,,,,963.9,,3.6,,40,0,0,0,0,0,0,,,,
KLO,2010,4,4,7,6.1,,,,,,,,964.1,,4.5,,123,0,0,0,0,0,0,,,,
KLO,2010,4,4,8,7,,,,,,,,964.2,,3.2,,249,1258.4,41.1,0,0,0,0,,,,
KLO,2010,4,4,9,8,,,,,,,,964.4,,3.6,,333,794.8,67.6,0,0,0,0,,,,
KLO,2010,4,4,10,9.2,,,,,,,,964.7,,4.5,,468,737.3,110,0,0,0,0,,,,
KLO,2010,4,4,11,10.9,,,,,,,,964.6,,6.2,,694,951.4,114.5,0,0,0,0,,,,
KLO,2010,4,4,12,11.2,,,,,,,,964.6,,6.8,,536,369.3,278.9,0,0,0,0,,,,
KLO,2010,4,4,13,10.9,,,,,,,,964.9,,5.9,,426,110.7,343.9,0,0,0,0,,,,
KLO,2010,4,4,14,10.3,,,,,,,,965.2,,5.1,,317,26.3,297.5,0,0,0,0,,,,
KLO,2010,4,4,15,9.2,,,,,,,,965.4,,4.8,,152,3.2,149.8,0,0,0,0,,,,
KLO,2010,4,4,16,8.3,,,,,,,,965.9,,2.2,,93,1.6,92.1,0,0,0,0,,,,
KLO,2010,4,4,17,7,,,,,,,,966.8,,2.7,,15,0.1,15,0,0,0,0,,,,
KLO,2010,4,4,18,5.8,,,,,,,,967.2,,2.8,,5,0,5,0,0,0,0,,,,
KLO,2010,4,4,19,5.3,,,,,,,,968.3,,1.6,,0,0,0,0,0,0,0,,,,
KLO,2010,4,4,20,5.1,,,,,,,,969.4,,1.4,,0,0,0,0,0,0,0,,,,
KLO,2010,4,4,21,5.2,,,,,,,,970.1,,1.5,,0,0,0,0,0,0,0,,,,
KLO,2010,4,4,22,3.9,,,,,,,,970.5,,1.1,,0,0,0,0,0,0,0,,,,
KLO,2010,4,4,23,4.4,,,,,,,,971.1,,1,,0,0,0,0,0,0,0,,,,
KLO,2010,4,5,0,5.1,,,,,,,,971.9,,2.3,,0,0,0,0,0,0,0,,,,
KLO,2010,4,5,1,4.8,,,,,,,,972.6,,3.4,,0,0,0,0,0,0,0,,,,
KLO,2010,4,5,2,4.1,,,,,,,,973.3,,2.1,,0,0,0,0,0,0,0,,,,
KLO,2010,4,5,3,4.3,,,,,,,,973.8,,2,,0,0,0,0,0,0,0,,,,
KLO,2010,4,5,4,4.5,,,,,,,,974.2,,2.2,,0,0,0,0,0,0,0,,,,
KLO,2010,4,5,5,4.4,,,,,,,,974.9,,3.4,,2,0,0,0,0,0,0,,,,
KLO,2010,4,5,6,4.4,,,,,,,,975.8,,3.5,,42,0,0,0,0,0,0,,,,
KLO,2010,4,5,7,4.8,,,,,,,,976.6,,3.2,,121,0,0,0,0,0,0,,,,
KLO,2010,4,5,8,5.3,,,,,,,,977.3,,4.2,,172,811,33.5,0,0,0,0,,,,
KLO,2010,4,5,9,6.6,,,,,,,,977.9,,3.3,,405,996.3,66.8,0,0,0,0,,,,
KLO,2010,4,5,10,7.1,,,,,,,,978,,2.1,,324,203.1,224.4,0,0,0,0,,,,
KLO,2010,4,5,11,8.4,,,,,,,,977.8,,3.1,,444,292.4,264.4,0,0,0,0,,,,
KLO,2010,4,5,12,9.2,,,,,,,,977.8,,3,,607,549.5,221.8,0,0,0,0,,,,
KLO,2010,4,5,13,10.4,,,,,,,,977.5,,3.6,,854,956.5,140.9,0,0,0,0,,,,
KLO,2010,4,5,14,10.5,,,,,,,,977.3,,2.5,,633,518.7,246.7,0,0,0,0,,,,
KLO,2010,4,5,15,9.8,,,,,,,,977.2,,2.1,,209,5.9,204.9,0,0,0,0,,,,
KLO,2010,4,5,16,10,,,,,,,,977.2,,1.9,,244,18.7,232.6,0,0,0,0,,,,
KLO,2010,4,5,17,9.3,,,,,,,,977.2,,1.3,,103,3,101.6,0,0,0,0,,,,
KLO,2010,4,5,18,7.5,,,,,,,,977.2,,1.1,,4,0,4,0,0,0,0,,,,
KLO,2010,4,5,19,5.1,,,,,,,,977.4,,1.3,,0,0,0,0,0,0,0,,,,
KLO,2010,4,5,20,3.7,,,,,,,,977.4,,0.6,,0,0,0,0,0,0,0,,,,
KLO,2010,4,5,21,2,,,,,,,,977.1,,0.7,,0,0,0,0,0,0,0,,,,
KLO,2010,4,5,22,1.1,,,,,,,,976.8,,0.4,,0,0,0,0,0,0,0,,,,
KLO,2010,4,5,23,0.2,,,,,,,,976.5,,1.1,,0,0,0,0,0,0,0,,,,
KLO,2010,4,6,0,-0.6,,,,,,,,976.4,,1.3,,0,0,0,0,0,0,0,,,,
KLO,2010,4,6,1,-0.8,,,,,,,,976.2,,1.4,,0,0,0,0,0,0,0,,,,
KLO,2010,4,6,2,-1.1,,,,,,,,976.2,,1.5,,0,0,0,0,0,0,0,,,,
KLO,2010,4,6,3,-1.1,,,,,,,,976.3,,0.7,,0,0,0,0,0,0,0,,,,
KLO,2010,4,6,4,-1.6,,,,,,,,976.2,,0.6,,0,0,0,0,0,0,0,,,,
KLO,2010,4,6,5,-1.6,,,,,,,,976.3,,0.6,,23,0,0,0,0,0,0,,,,
KLO,2010,4,6,6,0.8,,,,,,,,976.1,,1.5,,160,0,0,0,0,0,0,,,,
KLO,2010,4,6,7,3.6,,,,,,,,975.7,,1.3,,345,0,0,0,0,0,0,,,,
KLO,2010,4,6,8,6.3,,,,,,,,975.2,,2.2,,521,2466.5,86,0,0,0,0,,,,
KLO,2010,4,6,9,8.3,,,,,,,,974.6,,3.2,,668,1617.5,110.2,0,0,0,0,,,,
KLO,2010,4,6,10,10.6,,,,,,,,973.9,,3.9,,767,1291.3,126.6,0,0,0,0,,,,
KLO,2010,4,6,11,12.3,,,,,,,,972.9,,4.5,,816,1100.6,134.6,0,0,0,0,,,,
KLO,2010,4,6,12,13.6,,,,,,,,972.1,,4.5,,809,957.2,133.5,0,0,0,0,,,,
KLO,2010,4,6,13,14.9,,,,,,,,971.4,,3.6,,746,791.7,152.2,0,0,0,0,,,,
KLO,2010,4,6,14,15.6,,,,,,,,970.5,,4,,630,502.4,253.8,0,0,0,0,,,,
KLO,2010,4,6,15,15.9,,,,,,,,969.7,,4.4,,474,222.6,317.6,0,0,0,0,,,,
KLO,2010,4,6,16,15.5,,,,,,,,969.1,,4.3,,291,44.1,263.9,0,0,0,0,,,,
KLO,2010,4,6,17,14.5,,,,,,,,968.7,,3.3,,108,3.2,106.4,0,0,0,0,,,,
KLO,2010,4,6,18,13.5,,,,,,,,968.5,,2.5,,5,0,5,0,0,0,0,,,,
KLO,2010,4,6,19,10,,,,,,,,968.5,,1.2,,0,0,0,0,0,0,0,,,,
KLO,2010,4,6,20,7.1,,,,,,,,968.6,,1.1,,0,0,0,0,0,0,0,,,,
KLO,2010,4,6,21,4.6,,,,,,,,968.6,,2.8,,0,0,0,0,0,0,0,,,,
KLO,2010,4,6,22,5.3,,,,,,,,968.7,,2.8,,0,0,0,0,0,0,0,,,,
KLO,2010,4,6,23,4.2,,,,,,,,968.7,,1.5,,0,0,0,0,0,0,0,,,,
KLO,2010,4,7,0,2.2,,,,,,,,968.7,,0.8,,0,0,0,0,0,0,0,,,,
KLO,2010,4,7,1,1.8,,,,,,,,968.6,,1,,0,0,0,0,0,0,0,,,,
KLO,2010,4,7,2,1.7,,,,,,,,968.4,,0.9,,0,0,0,0,0,0,0,,,,
KLO,2010,4,7,3,1,,,,,,,,968.6,,0.7,,0,0,0,0,0,0,0,,,,
KLO,2010,4,7,4,0.6,,,,,,,,968.9,,0.4,,0,0,0,0,0,0,0,,,,
KLO,2010,4,7,5,0.7,,,,,,,,969.1,,0.5,,26,0,0,0,0,0,0,,,,
KLO,2010,4,7,6,3,,,,,,,,969.3,,0.3,,169,0,0,0,0,0,0,,,,
KLO,2010,4,7,7,6.2,,,,,,,,969.4,,0.9,,349,0,0,0,0,0,0,,,,
KLO,2010,4,7,8,8.7,,,,,,,,969.4,,1.5,,523,2400.7,86.3,0,0,0,0,,,,
KLO,2010,4,7,9,12,,,,,,,,969.2,,0.5,,668,1592.7,110.2,0,0,0,0,,,,
KLO,2010,4,7,10,14.1,,,,,,,,968.5,,1,,769,1281.4,126.9,0,0,0,0,,,,
KLO,2010,4,7,11,16.4,,,,,,,,967.9,,1.3,,814,1089.3,134.3,0,0,0,0,,,,
KLO,2010,4,7,12,17.9,,,,,,,,967.4,,1.1,,810,952.1,133.7,0,0,0,0,,,,
KLO,2010,4,7,13,19,,,,,,,,966.8,,0.6,,722,726.6,173.9,0,0,0,0,,,,
KLO,2010,4,7,14,19.9,,,,,,,,966.4,,1.3,,586,385.7,295.6,0,0,0,0,,,,
KLO,2010,4,7,15,20.2,,,,,,,,966.3,,1.7,,476,221.7,319.4,0,0,0,0,,,,
KLO,2010,4,7,16,19.8,,,,,,,,966,,1.3,,275,32.2,255.1,0,0,0,0,,,,
KLO,2010,4,7,17,18.1,,,,,,,,966.1,,1.6,,63,1.1,62.5,0,0,0,0,,,,
KLO,2010,4,7,18,14.4,,,,,,,,966.8,,2.6,,3,0,3,0,0,0,0,,,,
KLO,2010,4,7,19,14.2,,,,,,,,967.6,,1.2,,0,0,0,0,0,0,0,,,,
KLO,2010,4,7,20,12.6,,,,,,,,968,,1.5,,0,0,0,0,0,0,0,,,,
KLO,2010,4,7,21,12.3,,,,,,,,968.4,,2.2,,0,0,0,0,0,0,0,,,,
KLO,2010,4,7,22,12.1,,,,,,,,968.7,,1.3,,0,0,0,0,0,0,0,,,,
KLO,2010,4,7,23,10.5,,,,,,,,969,,1.2,,0,0,0,0,0,0,0,,,,
KLO,2010,4,8,0,9.3,,,,,,,,969.3,,1.1,,0,0,0,0,0,0,0,,,,
KLO,2010,4,8,1,9.5,,,,,,,,969.4,,0.8,,0,0,0,0,0,0,0,,,,
KLO,2010,4,8,2,8,,,,,,,,969.6,,1,,0,0,0,0,0,0,0,,,,
KLO,2010,4,8,3,7.6,,,,,,,,969.9,,0.9,,0,0,0,0,0,0,0,,,,
KLO,2010,4,8,4,7,,,,,,,,970.4,,0.8,,0,0,0,0,0,0,0,,,,
KLO,2010,4,8,5,7.8,,,,,,,,970.8,,0.7,,20,0,0,0,0,0,0,,,,
KLO,2010,4,8,6,8.8,,,,,,,,971.5,,1.1,,105,0,0,0,0,0,0,,,,
KLO,2010,4,8,7,10,,,,,,,,972,,0.6,,219,0,0,0,0,0,0,,,,
KLO,2010,4,8,8,11.2,,,,,,,,972.2,,1.5,,494,2201.3,81.5,0,0,0,0,,,,
KLO,2010,4,8,9,12.7,,,,,,,,972.4,,1.3,,524,1230.7,86.5,0,0,0,0,,,,
KLO,2010,4,8,10,13.2,,,,,,,,972.5,,1,,449,593,148.8,0,0,0,0,,,,
KLO,2010,4,8,11,13.6,,,,,,,,972.5,,0.9,,371,125.6,292,0,0,0,0,,,,
KLO,2010,4,8,12,14.9,,,,,,,,972.4,,1.5,,687,734.2,162.1,0,0,0,0,,,,
KLO,2010,4,8,13,15.6,,,,,,,,972.2,,1.9,,628,477.6,265.6,0,0,0,0,,,,
KLO,2010,4,8,14,16,,,,,,,,972,,1.5,,486,181.4,348.6,0,0,0,0,,,,
KLO,2010,4,8,15,16.2,,,,,,,,972,,2.8,,363,64.1,317.4,0,0,0,0,,,,
KLO,2010,4,8,16,14.9,,,,,,,,972.5,,4.3,,143,3.5,140.8,0,0,0,0,,,,
KLO,2010,4,8,17,13.5,,,,,,,,973.1,,4.7,,50,0.7,49.7,0,0,0,0,,,,
KLO,2010,4,8,18,12.6,,,,,,,,973.8,,4,,2,0,2,0,0,0,0,,,,
KLO,2010,4,8,19,13.1,,,,,,,,974.3,,4.1,,0,0,0,0,0,0,0,,,,
KLO,2010,4,8,20,11.7,,,,,,,,974.7,,2.6,,0,0,0,0,0,0,0,,,,
KLO,2010,4,8,21,11.4,,,,,,,,975.1,,2.1,,0,0,0,0,0,0,0,,,,
KLO,2010,4,8,22,12,,,,,,,,975.4,,3.1,,0,0,0,0,0,0,0,,,,
KLO,2010,4,8,23,11.5,,,,,,,,975.6,,2.7,,0,0,0,0,0,0,0,,,,
KLO,2010,4,9,0,11.1,,,,,,,,975.6,,3.6,,0,0,0,0,0,0,0,,,,
KLO,2010,4,9,1,9,,,,,,,,975.6,,2.2,,0,0,0,0,0,0,0,,,,
KLO,2010,4,9,2,6.9,,,,,,,,975.9,,3,,0,0,0,0,0,0,0,,,,
KLO,2010,4,9,3,6.4,,,,,,,,976.1,,4,,0,0,0,0,0,0,0,,,,
KLO,2010,4,9,4,5.9,,,,,,,,976.3,,3.6,,0,0,0,0,0,0,0,,,,
KLO,2010,4,9,5,6.4,,,,,,,,976.8,,3,,23,0,0,0,0,0,0,,,,
KLO,2010,4,9,6,8.8,,,,,,,,977.3,,2.5,,167,0,0,0,0,0,0,,,,
KLO,2010,4,9,7,9.8,,,,,,,,977.6,,4.2,,182,0,0,0,0,0,0,,,,
KLO,2010,4,9,8,10.7,,,,,,,,977.9,,4.3,,281,1216.8,46.4,0,0,0,0,,,,
KLO,2010,4,9,9,12.4,,,,,,,,977.9,,4.5,,610,1411.8,100.7,0,0,0,0,,,,
KLO,2010,4,9,10,13.6,,,,,,,,977.9,,4.2,,601,981.6,99.2,0,0,0,0,,,,
KLO,2010,4,9,11,14.4,,,,,,,,977.5,,4.7,,526,483,220,0,0,0,0,,,,
KLO,2010,4,9,12,15.2,,,,,,,,977.1,,4.3,,621,546.8,227.6,0,0,0,0,,,,
KLO,2010,4,9,13,15.5,,,,,,,,976.7,,3.7,,510,215.3,345.7,0,0,0,0,,,,
KLO,2010,4,9,14,16.1,,,,,,,,976.4,,4.6,,484,174.6,351.1,0,0,0,0,,,,
KLO,2010,4,9,15,16.1,,,,,,,,976.2,,5,,362,61.8,317.9,0,0,0,0,,,,
KLO,2010,4,9,16,14.7,,,,,,,,976.4,,5.4,,96,1.6,95,0,0,0,0,,,,
KLO,2010,4,9,17,13.5,,,,,,,,977,,6,,49,0.6,48.7,0,0,0,0,,,,
KLO,2010,4,9,18,11.9,,,,,,,,977.5,,5.5,,5,0,5,0,0,0,0,,,,
KLO,2010,4,9,19,10.6,,,,,,,,978.2,,3.9,,0,0,0,0,0,0,0,,,,
KLO,2010,4,9,20,8.6,,,,,,,,978.7,,1.8,,0,0,0,0,0,0,0,,,,
KLO,2010,4,9,21,8.6,,,,,,,,978.6,,2,,0,0,0,0,0,0,0,,,,
KLO,2010,4,9,22,8.1,,,,,,,,978.3,,2.5,,0,0,0,0,0,0,0,,,,
KLO,2010,4,9,23,7.6,,,,,,,,978,,1.8,,0,0,0,0,0,0,0,,,,
KLO,2010,4,10,0,6.7,,,,,,,,977.6,,2.9,,0,0,0,0,0,0,0,,,,
KLO,2010,4,10,1,5.4,,,,,,,,977.3,,2.5,,0,0,0,0,0,0,0,,,,
KLO,2010,4,10,2,4.7,,,,,,,,977.2,,3.8,,0,0,0,0,0,0,0,,,,
KLO,2010,4,10,3,4.1,,,,,,,,977.2,,4.1,,0,0,0,0,0,0,0,,,,
KLO,2010,4,10,4,4.9,,,,,,,,977.1,,3.2,,0,0,0,0,0,0,0,,,,
KLO,2010,4,10,5,5.1,,,,,,,,977.2,,1.1,,18,0,0,0,0,0,0,,,,
KLO,2010,4,10,6,6.2,,,,,,,,977.1,,2.5,,70,0,0,0,0,0,0,,,,
KLO,2010,4,10,7,7.5,,,,,,,,976.9,,2.3,,121,0,0,0,0,0,0,,,,
KLO,2010,4,10,8,8.8,,,,,,,,976.6,,1.9,,253,1065.8,41.7,0,0,0,0,,,,
KLO,2010,4,10,9,11.1,,,,,,,,976.3,,2.3,,503,1147.6,83,0,0,0,0,,,,
KLO,2010,4,10,10,13.5,,,,,,,,975.7,,5.1,,768,1242.3,126.7,0,0,0,0,,,,
KLO,2010,4,10,11,13.7,,,,,,,,975,,3.9,,608,720.1,148.4,0,0,0,0,,,,
KLO,2010,4,10,12,14.5,,,,,,,,974.4,,3.4,,657,634.5,197.7,0,0,0,0,,,,
KLO,2010,4,10,13,14.6,,,,,,,,973.8,,3.1,,623,449.2,278.3,0,0,0,0,,,,
KLO,2010,4,10,14,15,,,,,,,,973.1,,3.5,,448,121.7,354.8,0,0,0,0,,,,
KLO,2010,4,10,15,14.6,,,,,,,,972.6,,4,,351,51.8,313.8,0,0,0,0,,,,
KLO,2010,4,10,16,13.6,,,,,,,,972.2,,3.8,,93,1.4,92.1,0,0,0,0,,,,
KLO,2010,4,10,17,12.8,,,,,,,,971.9,,4,,38,0.4,37.8,0,0,0,0,,,,
KLO,2010,4,10,18,11.6,,,,,,,,971.8,,3.1,,4,0,4,0,0,0,0,,,,
KLO,2010,4,10,19,10.8,,,,,,,,971.9,,3.2,,0,0,0,0,0,0,0,,,,
KLO,2010,4,10,20,10.6,,,,,,,,971.8,,5.7,,0,0,0,0,0,0,0,,,,
KLO,2010,4,10,21,10,,,,,,,,971.5,,5.7,,0,0,0,0,0,0,0,,,,
KLO,2010,4,10,22,9,,,,,,,,971.6,,7.1,,0,0,0,0,0,0,0,,,,
KLO,2010,4,10,23,7.3,,,,,,,,971.7,,6.4,,0,0,0,0,0,0,0,,,,
KLO,2010,4,11,0,6,,,,,,,,971.3,,5.5,,0,0,0,0,0,0,0,,,,
KLO,2010,4,11,1,5.1,,,,,,,,970.8,,4.2,,0,0,0,0,0,0,0,,,,
KLO,2010,4,11,2,3.9,,,,,,,,970.4,,3,,0,0,0,0,0,0,0,,,,
KLO,2010,4,11,3,2.2,,,,,,,,970,,3,,0,0,0,0,0,0,0,,,,
KLO,2010,4,11,4,1.9,,,,,,,,969.9,,3.2,,0,0,0,0,0,0,0,,,,
KLO,2010,4,11,5,2.2,,,,,,,,969.6,,3.2,,34,0,0,0,0,0,0,,,,
KLO,2010,4,11,6,3.8,,,,,,,,969.5,,4.2,,187,0,0,0,0,0,0,,,,
KLO,2010,4,11,7,5.5,,,,,,,,969.2,,4,,374,0,0,0,0,0,0,,,,
KLO,2010,4,11,8,6.9,,,,,,,,968.4,,4.2,,557,2284.8,91.9,0,0,0,0,,,,
KLO,2010,4,11,9,8.3,,,,,,,,967.9,,5.7,,700,1574.8,115.5,0,0,0,0,,,,
KLO,2010,4,11,10,9.4,,,,,,,,967.2,,6.7,,745,1193.7,122.9,0,0,0,0,,,,
KLO,2010,4,11,11,8.9,,,,,,,,966.7,,6.4,,416,188.7,294.7,0,0,0,0,,,,
KLO,2010,4,11,12,7.9,,,,,,,,966.3,,6,,271,13.4,261.3,0,0,0,0,,,,
KLO,2010,4,11,13,10,,,,,,,,965.5,,6.2,,682,589.3,227.4,0,0,0,0,,,,
KLO,2010,4,11,14,10.3,,,,,,,,964.9,,5.6,,479,160.2,355.7,0,0,0,0,,,,
KLO,2010,4,11,15,10.2,,,,,,,,964.7,,6.3,,381,75.4,326.6,0,0,0,0,,,,
KLO,2010,4,11,16,9.2,,,,,,,,964.5,,6.2,,195,6.5,190.9,0,0,0,0,,,,
KLO,2010,4,11,17,7.8,,,,,,,,964.7,,7.2,,54,0.7,53.6,0,0,0,0,,,,
KLO,2010,4,11,18,6.3,,,,,,,,965.2,,5.3,,4,0,4,0,0,0,0,,,,
KLO,2010,4,11,19,5.5,,,,,,,,965.6,,4.8,,0,0,0,0,0,0,0,,,,
KLO,2010,4,11,20,5,,,,,,,,965.8,,4.2,,0,0,0,0,0,0,0,,,,
KLO,2010,4,11,21,4.5,,,,,,,,965.8,,4.3,,0,0,0,0,0,0,0,,,,
KLO,2010,4,11,22,4.1,,,,,,,,965.6,,3.5,,0,0,0,0,0,0,0,,,,
KLO,2010,4,11,23,3.5,,,,,,,,965.3,,3.4,,0,0,0,0,0,0,0,,,,
KLO,2010,4,12,0,3.3,,,,,,,,964.8,,5.7,,0,0,0,0,0,0,0,,,,
KLO,2010,4,12,1,3,,,,,,,,964.3,,5.2,,0,0,0,0,0,0,0,,,,
KLO,2010,4,12,2,3.4,,,,,,,,964.1,,5.3,,0,0,0,0,0,0,0,,,,
KLO,2010,4,12,3,3.5,,,,,,,,964,,5.4,,0,0,0,0,0,0,0,,,,
KLO,2010,4,12,4,3.4,,,,,,,,963.9,,7.1,,0,0,0,0,0,0,0,,,,
KLO,2010,4,12,5,3.3,,,,,,,,964.1,,5.4,,8,0,0,0,0,0,0,,,,
KLO,2010,4,12,6,3.8,,,,,,,,964.1,,5.8,,66,0,0,0,0,0,0,,,,
KLO,2010,4,12,7,4.7,,,,,,,,964,,5.9,,128,0,0,0,0,0,0,,,,
KLO,2010,4,12,8,5.1,,,,,,,,964,,6.8,,137,200.3,95.2,0,0,0,0,,,,
KLO,2010,4,12,9,5.4,,,,,,,,963.9,,5.7,,115,6.3,112.6,0,0,0,0,,,,
KLO,2010,4,12,10,6.1,,,,,,,,963.7,,4.6,,210,18.9,200.1,0,0,0,0,,,,
KLO,2010,4,12,11,7,,,,,,,,963.3,,5.2,,291,34.2,268.8,0,0,0,0,,,,
KLO,2010,4,12,12,8.2,,,,,,,,962.9,,4.9,,402,90.8,335.5,0,0,0,0,,,,
KLO,2010,4,12,13,8.2,,,,,,,,962.6,,4.8,,268,9.7,260.5,0,0,0,0,,,,
KLO,2010,4,12,14,8.8,,,,,,,,962.2,,4.6,,322,23.3,304,0,0,0,0,,,,
KLO,2010,4,12,15,9.3,,,,,,,,961.9,,5.3,,388,80.4,329.7,0,0,0,0,,,,
KLO,2010,4,12,16,8.9,,,,,,,,961.8,,5.9,,178,5.2,174.7,0,0,0,0,,,,
KLO,2010,4,12,17,8.1,,,,,,,,961.8,,6.5,,64,1,63.5,0,0,0,0,,,,
KLO,2010,4,12,18,6.9,,,,,,,,962.2,,4.5,,6,0,6,0,0,0,0,,,,
KLO,2010,4,12,19,6.6,,,,,,,,962.5,,5.7,,0,0,0,0,0,0,0,,,,
KLO,2010,4,12,20,5.8,,,,,,,,962.6,,4.5,,0,0,0,0,0,0,0,,,,
KLO,2010,4,12,21,5.5,,,,,,,,962.4,,3.1,,0,0,0,0,0,0,0,,,,
KLO,2010,4,12,22,4.9,,,,,,,,962.2,,3.4,,0,0,0,0,0,0,0,,,,
KLO,2010,4,12,23,4.1,,,,,,,,962.1,,2.7,,0,0,0,0,0,0,0,,,,
KLO,2010,4,13,0,2.3,,,,,,,,962.1,,1.9,,0,0,0,0,0,0,0,,,,
KLO,2010,4,13,1,0.7,,,,,,,,962,,2.2,,0,0,0,0,0,0,0,,,,
KLO,2010,4,13,2,0.4,,,,,,,,962.1,,1.9,,0,0,0,0,0,0,0,,,,
KLO,2010,4,13,3,-0.7,,,,,,,,962.2,,2.3,,0,0,0,0,0,0,0,,,,
KLO,2010,4,13,4,-0.6,,,,,,,,962.4,,2.3,,0,0,0,0,0,0,0,,,,
KLO,2010,4,13,5,-0.1,,,,,,,,962.7,,0.9,,34,0,0,0,0,0,0,,,,
KLO,2010,4,13,6,2.8,,,,,,,,962.7,,1.1,,170,0,0,0,0,0,0,,,,
KLO,2010,4,13,7,3.7,,,,,,,,962.8,,1.5,,163,0,0,0,0,0,0,,,,
KLO,2010,4,13,8,5.3,,,,,,,,963,,3.5,,477,1860.4,78.7,0,0,0,0,,,,
KLO,2010,4,13,9,6,,,,,,,,963.2,,2.2,,373,767.7,80.3,0,0,0,0,,,,
KLO,2010,4,13,10,7.8,,,,,,,,963.1,,2.9,,558,874.4,93.9,0,0,0,0,,,,
KLO,2010,4,13,11,9.6,,,,,,,,962.8,,4.4,,701,898.1,115.4,0,0,0,0,,,,
KLO,2010,4,13,12,10.8,,,,,,,,962.5,,4.2,,824,933.6,136,0,0,0,0,,,,
KLO,2010,4,13,13,11.2,,,,,,,,962.1,,3.1,,524,221.9,351,0,0,0,0,,,,
KLO,2010,4,13,14,11.7,,,,,,,,961.8,,3.8,,565,302.9,329.6,0,0,0,0,,,,
KLO,2010,4,13,15,12.1,,,,,,,,961.7,,3.8,,427,122.4,337.7,0,0,0,0,,,,
KLO,2010,4,13,16,11.5,,,,,,,,961.7,,4.7,,218,9.1,212.2,0,0,0,0,,,,
KLO,2010,4,13,17,10.8,,,,,,,,961.9,,4.9,,116,3.4,114.3,0,0,0,0,,,,
KLO,2010,4,13,18,9.4,,,,,,,,962.3,,2.9,,9,0,9,0,0,0,0,,,,
KLO,2010,4,13,19,7.1,,,,,,,,962.8,,2.3,,0,0,0,0,0,0,0,,,,
KLO,2010,4,13,20,3.9,,,,,,,,963.2,,2,,0,0,0,0,0,0,0,,,,
KLO,2010,4,13,21,2.9,,,,,,,,963.4,,1.9,,0,0,0,0,0,0,0,,,,
KLO,2010,4,13,22,3.1,,,,,,,,963.4,,1.1,,0,0,0,0,0,0,0,,,,
KLO,2010,4,13,23,2,,,,,,,,963.3,,0.9,,0,0,0,0,0,0,0,,,,
KLO,2010,4,14,0,1.7,,,,,,,,963.2,,0.8,,0,0,0,0,0,0,0,,,,
KLO,2010,4,14,1,1.4,,,,,,,,963.3,,1,,0,0,0,0,0,0,0,,,,
KLO,2010,4,14,2,1.7,,,,,,,,963.3,,0.7,,0,0,0,0,0,0,0,,,,
KLO,2010,4,14,3,1.9,,,,,,,,963.2,,0.9,,0,0,0,0,0,0,0,,,,
KLO,2010,4,14,4,2.1,,,,,,,,963.1,,1.4,,0,0,0,0,0,0,0,,,,
KLO,2010,4,14,5,3,,,,,,,,963.2,,1.6,,25,0,0,0,0,0,0,,,,
KLO,2010,4,14,6,4.4,,,,,,,,963.4,,1,,103,0,0,0,0,0,0,,,,
KLO,2010,4,14,7,6.1,,,,,,,,963.5,,1.4,,196,0,0,0,0,0,0,,,,
KLO,2010,4,14,8,6.6,,,,,,,,963.7,,1.2,,214,764.3,46.4,0,0,0,0,,,,
KLO,2010,4,14,9,7,,,,,,,,963.8,,2,,227,124.9,178.8,0,0,0,0,,,,
KLO,2010,4,14,10,7.1,,,,,,,,963.6,,1.2,,234,29.9,218,0,0,0,0,,,,
KLO,2010,4,14,11,7.1,,,,,,,,963.6,,1.2,,128,2.5,126.3,0,0,0,0,,,,
KLO,2010,4,14,12,7,,,,,,,,963.6,,0.6,,99,1.2,98.1,0,0,0,0,,,,
KLO,2010,4,14,13,7.4,,,,,,,,963.5,,0.7,,170,3.1,167.6,0,0,0,0,,,,
KLO,2010,4,14,14,8.7,,,,,,,,963.2,,1,,392,59.7,345.4,0,0,0,0,,,,
KLO,2010,4,14,15,9,,,,,,,,963,,1.7,,164,3.3,161.6,0,0,0,0,,,,
KLO,2010,4,14,16,8.7,,,,,,,,963,,2.2,,136,3,134.1,0,0,0,0,,,,
KLO,2010,4,14,17,6.3,,,,,,,,963.7,,3.8,,3,0,3,0,0,0,0,,,,
KLO,2010,4,14,18,6,,,,,,,,964.1,,2.3,,0,0,0,0,0,0,0,,,,
KLO,2010,4,14,19,5.9,,,,,,,,964.5,,1.9,,0,0,0,0,0,0,0,,,,
KLO,2010,4,14,20,5.7,,,,,,,,964.8,,1,,0,0,0,0,0,0,0,,,,
KLO,2010,4,14,21,5.5,,,,,,,,964.7,,0.8,,0,0,0,0,0,0,0,,,,
KLO,2010,4,14,22,5.5,,,,,,,,964.5,,1.3,,0,0,0,0,0,0,0,,,,
KLO,2010,4,14,23,5.2,,,,,,,,964.3,,1.6,,0,0,0,0,0,0,0,,,,
KLO,2010,4,15,0,4.8,,,,,,,,964,,2.2,,0,0,0,0,0,0,0,,,,
KLO,2010,4,15,1,4.8,,,,,,,,963.7,,2.3,,0,0,0,0,0,0,0,,,,
KLO,2010,4,15,2,4.7,,,,,,,,963.6,,1.1,,0,0,0,0,0,0,0,,,,
KLO,2010,4,15,3,4.8,,,,,,,,963.7,,0.6,,0,0,0,0,0,0,0,,,,
KLO,2010,4,15,4,4.9,,,,,,,,963.7,,1.8,,0,0,0,0,0,0,0,,,,
KLO,2010,4,15,5,5,,,,,,,,963.8,,1.4,,12,0,0,0,0,0,0,,,,
KLO,2010,4,15,6,5.3,,,,,,,,964.1,,1.2,,61,0,0,0,0,0,0,,,,
KLO,2010,4,15,7,5.8,,,,,,,,964.4,,1.8,,147,2306.7,24.3,0,0,0,0,,,,
KLO,2010,4,15,8,6.6,,,,,,,,964.6,,3.8,,252,937.7,41.6,0,0,0,0,,,,
KLO,2010,4,15,9,8.2,,,,,,,,964.7,,4.4,,481,1026.7,79.4,0,0,0,0,,,,
KLO,2010,4,15,10,8.6,,,,,,,,964.9,,4.9,,437,446.8,195.7,0,0,0,0,,,,
KLO,2010,4,15,11,9.6,,,,,,,,964.8,,4.9,,443,220.1,297.5,0,0,0,0,,,,
KLO,2010,4,15,12,9.8,,,,,,,,964.7,,4.9,,318,26.5,298.2,0,0,0,0,,,,
KLO,2010,4,15,13,10.2,,,,,,,,964.7,,4.3,,323,21.7,305.9,0,0,0,0,,,,
KLO,2010,4,15,14,10.9,,,,,,,,964.4,,3.5,,398,62.9,348.6,0,0,0,0,,,,
KLO,2010,4,15,15,11,,,,,,,,964.2,,4.1,,292,18.3,278.5,0,0,0,0,,,,
KLO,2010,4,15,16,10.8,,,,,,,,964.3,,4.4,,205,7,200.4,0,0,0,0,,,,
KLO,2010,4,15,17,10.4,,,,,,,,964.4,,3.5,,101,2.5,99.7,0,0,0,0,,,,
KLO,2010,4,15,18,9.3,,,,,,,,964.5,,2.7,,18,0.2,17.9,0,0,0,0,,,,
KLO,2010,4,15,19,8,,,,,,,,965.1,,1.7,,0,0,0,0,0,0,0,,,,
KLO,2010,4,15,20,5.6,,,,,,,,965.5,,1.3,,0,0,0,0,0,0,0,,,,
KLO,2010,4,15,21,4.2,,,,,,,,965.6,,1.7,,0,0,0,0,0,0,0,,,,
KLO,2010,4,15,22,3.3,,,,,,,,965.9,,2.1,,0,0,0,0,0,0,0,,,,
KLO,2010,4,15,23,3.1,,,,,,,,966,,1.9,,0,0,0,0,0,0,0,,,,
KLO,2010,4,16,0,2.4,,,,,,,,965.9,,2.6,,0,0,0,0,0,0,0,,,,
KLO,2010,4,16,1,2.7,,,,,,,,965.6,,2.8,,0,0,0,0,0,0,0,,,,
KLO,2010,4,16,2,2.1,,,,,,,,965.6,,3,,0,0,0,0,0,0,0,,,,
KLO,2010,4,16,3,1.6,,,,,,,,965.8,,2.3,,0,0,0,0,0,0,0,,,,
KLO,2010,4,16,4,1.8,,,,,,,,965.9,,2.1,,0,0,0,0,0,0,0,,,,
KLO,2010,4,16,5,4.2,,,,,,,,966.2,,3.1,,27,0,0,0,0,0,0,,,,
KLO,2010,4,16,6,6,,,,,,,,966.7,,3,,110,0,0,0,0,0,0,,,,
KLO,2010,4,16,7,7,,,,,,,,967,,2.8,,277,3970.1,45.7,0,0,0,0,,,,
KLO,2010,4,16,8,7.9,,,,,,,,967.2,,2.3,,317,1153.5,52.3,0,0,0,0,,,,
KLO,2010,4,16,9,10,,,,,,,,967.3,,4,,472,995.2,77.9,0,0,0,0,,,,
KLO,2010,4,16,10,11.5,,,,,,,,967.3,,4.5,,595,912,98.2,0,0,0,0,,,,
KLO,2010,4,16,11,11.8,,,,,,,,967.3,,4.5,,428,185.9,304.3,0,0,0,0,,,,
KLO,2010,4,16,12,11.8,,,,,,,,967.5,,4.7,,375,59,330.8,0,0,0,0,,,,
KLO,2010,4,16,13,12.2,,,,,,,,967.6,,4.8,,364,38.9,333.3,0,0,0,0,,,,
KLO,2010,4,16,14,12.6,,,,,,,,967.4,,4.4,,486,155,363.8,0,0,0,0,,,,
KLO,2010,4,16,15,13,,,,,,,,967.4,,3.9,,450,145.7,342.2,0,0,0,0,,,,
KLO,2010,4,16,16,12.5,,,,,,,,967.5,,3.3,,240,13,231.6,0,0,0,0,,,,
KLO,2010,4,16,17,11.4,,,,,,,,967.6,,3.3,,72,1.2,71.3,0,0,0,0,,,,
KLO,2010,4,16,18,9.9,,,,,,,,967.9,,2.5,,6,0,6,0,0,0,0,,,,
KLO,2010,4,16,19,9.2,,,,,,,,968.5,,4.1,,0,0,0,0,0,0,0,,,,
KLO,2010,4,16,20,8.5,,,,,,,,968.8,,1.1,,0,0,0,0,0,0,0,,,,
KLO,2010,4,16,21,5.9,,,,,,,,969,,1.8,,0,0,0,0,0,0,0,,,,
KLO,2010,4,16,22,4.8,,,,,,,,969,,1.8,,0,0,0,0,0,0,0,,,,
KLO,2010,4,16,23,3.9,,,,,,,,969,,1.3,,0,0,0,0,0,0,0,,,,
KLO,2010,4,17,0,3.4,,,,,,,,968.9,,1.6,,0,0,0,0,0,0,0,,,,
KLO,2010,4,17,1,3.7,,,,,,,,969,,1,,0,0,0,0,0,0,0,,,,
KLO,2010,4,17,2,3.6,,,,,,,,968.8,,3.9,,0,0,0,0,0,0,0,,,,
KLO,2010,4,17,3,3.4,,,,,,,,968.6,,3.6,,0,0,0,0,0,0,0,,,,
KLO,2010,4,17,4,3.4,,,,,,,,968.7,,2,,1,0,0,0,0,0,0,,,,
KLO,2010,4,17,5,5.4,,,,,,,,969.1,,2.8,,34,0,0,0,0,0,0,,,,
KLO,2010,4,17,6,6.3,,,,,,,,969.3,,2.6,,109,0,0,0,0,0,0,,,,
KLO,2010,4,17,7,7.4,,,,,,,,969.2,,2.3,,203,2678.8,33.5,0,0,0,0,,,,
KLO,2010,4,17,8,8.3,,,,,,,,969,,4.7,,379,1349.7,62.5,0,0,0,0,,,,
KLO,2010,4,17,9,10.4,,,,,,,,968.8,,2.9,,617,1285.4,101.8,0,0,0,0,,,,
KLO,2010,4,17,10,12.5,,,,,,,,968.4,,4.9,,757,1150.8,124.9,0,0,0,0,,,,
KLO,2010,4,17,11,14.2,,,,,,,,967.8,,6.8,,801,998.9,132.2,0,0,0,0,,,,
KLO,2010,4,17,12,15.8,,,,,,,,967.2,,6.4,,756,810.8,145.1,0,0,0,0,,,,
KLO,2010,4,17,13,16.1,,,,,,,,966.6,,6,,502,172,365.2,0,0,0,0,,,,
KLO,2010,4,17,14,16.9,,,,,,,,965.9,,6.3,,545,245.9,350.3,0,0,0,0,,,,
KLO,2010,4,17,15,16.9,,,,,,,,965.5,,6.6,,448,140.2,343.7,0,0,0,0,,,,
KLO,2010,4,17,16,16.4,,,,,,,,965.1,,6.9,,285,29.6,265.6,0,0,0,0,,,,
KLO,2010,4,17,17,15.2,,,,,,,,964.8,,5.5,,119,3.4,117.2,0,0,0,0,,,,
KLO,2010,4,17,18,13.9,,,,,,,,964.7,,5.2,,13,0.1,13,0,0,0,0,,,,
KLO,2010,4,17,19,12.4,,,,,,,,964.9,,2.8,,0,0,0,0,0,0,0,,,,
KLO,2010,4,17,20,9.2,,,,,,,,965,,2.4,,0,0,0,0,0,0,0,,,,
KLO,2010,4,17,21,7.2,,,,,,,,964.8,,3.3,,0,0,0,0,0,0,0,,,,
KLO,2010,4,17,22,6.2,,,,,,,,964.7,,3.3,,0,0,0,0,0,0,0,,,,
KLO,2010,4,17,23,5.5,,,,,,,,964.5,,2.5,,0,0,0,0,0,0,0,,,,
KLO,2010,4,18,0,5.7,,,,,,,,964.3,,1.9,,0,0,0,0,0,0,0,,,,
KLO,2010,4,18,1,3.6,,,,,,,,963.9,,2,,0,0,0,0,0,0,0,,,,
KLO,2010,4,18,2,3.2,,,,,,,,963.7,,0.7,,0,0,0,0,0,0,0,,,,
KLO,2010,4,18,3,3,,,,,,,,963.4,,1.2,,0,0,0,0,0,0,0,,,,
KLO,2010,4,18,4,2.3,,,,,,,,963.4,,1.2,,0,0,0,0,0,0,0,,,,
KLO,2010,4,18,5,2.6,,,,,,,,963.3,,0.7,,60,0,0,0,0,0,0,,,,
KLO,2010,4,18,6,5.7,,,,,,,,963.5,,0.6,,212,0,0,0,0,0,0,,,,
KLO,2010,4,18,7,7.9,,,,,,,,963.6,,1.5,,267,3266.3,44.1,0,0,0,0,,,,
KLO,2010,4,18,8,10.1,,,,,,,,963.6,,0.7,,421,1468.3,69.5,0,0,0,0,,,,
KLO,2010,4,18,9,12.2,,,,,,,,963.7,,2.4,,435,896.1,71.6,0,0,0,0,,,,
KLO,2010,4,18,10,14.2,,,,,,,,963.3,,3.4,,743,1120.4,122.6,0,0,0,0,,,,
KLO,2010,4,18,11,15,,,,,,,,962.7,,4.5,,431,182.2,308.2,0,0,0,0,,,,
KLO,2010,4,18,12,15.2,,,,,,,,962.4,,3.8,,307,20.6,291.4,0,0,0,0,,,,
KLO,2010,4,18,13,15.8,,,,,,,,962.1,,3.4,,339,26,318.2,0,0,0,0,,,,
KLO,2010,4,18,14,16.2,,,,,,,,961.9,,3.4,,299,14.3,287.7,0,0,0,0,,,,
KLO,2010,4,18,15,17,,,,,,,,961.6,,3.8,,385,68.2,334,0,0,0,0,,,,
KLO,2010,4,18,16,16.4,,,,,,,,961.7,,3.6,,218,8.3,212.6,0,0,0,0,,,,
KLO,2010,4,18,17,14.5,,,,,,,,962,,3.4,,103,2.5,101.7,0,0,0,0,,,,
KLO,2010,4,18,18,12.5,,,,,,,,962.3,,3.6,,9,0,9,0,0,0,0,,,,
KLO,2010,4,18,19,11,,,,,,,,963,,2.7,,0,0,0,0,0,0,0,,,,
KLO,2010,4,18,20,10.4,,,,,,,,963.4,,2.4,,0,0,0,0,0,0,0,,,,
KLO,2010,4,18,21,9.6,,,,,,,,963.5,,3,,0,0,0,0,0,0,0,,,,
KLO,2010,4,18,22,8.4,,,,,,,,963.8,,2.5,,0,0,0,0,0,0,0,,,,
KLO,2010,4,18,23,7.9,,,,,,,,964,,2.2,,0,0,0,0,0,0,0,,,,
KLO,2010,4,19,0,7.1,,,,,,,,963.9,,1.8,,0,0,0,0,0,0,0,,,,
KLO,2010,4,19,1,6.4,,,,,,,,963.9,,1.9,,0,0,0,0,0,0,0,,,,
KLO,2010,4,19,2,6.2,,,,,,,,964,,2.1,,0,0,0,0,0,0,0,,,,
KLO,2010,4,19,3,6,,,,,,,,964.1,,1.8,,0,0,0,0,0,0,0,,,,
KLO,2010,4,19,4,6.2,,,,,,,,964.1,,2.2,,1,0,0,0,0,0,0,,,,
KLO,2010,4,19,5,6.8,,,,,,,,964.4,,2.2,,45,0,0,0,0,0,0,,,,
KLO,2010,4,19,6,8.2,,,,,,,,964.8,,2.4,,88,0,0,0,0,0,0,,,,
KLO,2010,4,19,7,9.8,,,,,,,,965.2,,2.3,,299,3411,49.3,0,0,0,0,,,,
KLO,2010,4,19,8,12,,,,,,,,965.3,,2.8,,501,1712.4,82.7,0,0,0,0,,,,
KLO,2010,4,19,9,14.6,,,,,,,,965.5,,3.3,,683,1390.4,112.7,0,0,0,0,,,,
KLO,2010,4,19,10,16.5,,,,,,,,965.3,,2.4,,788,1178.9,130,0,0,0,0,,,,
KLO,2010,4,19,11,17.6,,,,,,,,964.8,,3.1,,831,1023.6,137.1,0,0,0,0,,,,
KLO,2010,4,19,12,18.1,,,,,,,,964.4,,2.9,,737,753.3,163.5,0,0,0,0,,,,
KLO,2010,4,19,13,18.8,,,,,,,,963.9,,2.4,,660,474.5,279.2,0,0,0,0,,,,
KLO,2010,4,19,14,18.5,,,,,,,,963.5,,1.9,,434,88,363.7,0,0,0,0,,,,
KLO,2010,4,19,15,18.5,,,,,,,,963.3,,1.5,,315,24.6,296.5,0,0,0,0,,,,
KLO,2010,4,19,16,18.6,,,,,,,,963.2,,2.7,,252,15.3,241.9,0,0,0,0,,,,
KLO,2010,4,19,17,16.9,,,,,,,,963.2,,2,,120,3.3,118.2,0,0,0,0,,,,
KLO,2010,4,19,18,13.8,,,,,,,,963.6,,2,,13,0.1,13,0,0,0,0,,,,
KLO,2010,4,19,19,10.9,,,,,,,,964.1,,0.8,,0,0,0,0,0,0,0,,,,
KLO,2010,4,19,20,9.8,,,,,,,,964.6,,0.8,,0,0,0,0,0,0,0,,,,
KLO,2010,4,19,21,9,,,,,,,,964.8,,2.3,,0,0,0,0,0,0,0,,,,
KLO,2010,4,19,22,8,,,,,,,,965,,2.4,,0,0,0,0,0,0,0,,,,
KLO,2010,4,19,23,7.6,,,,,,,,965.3,,1.5,,0,0,0,0,0,0,0,,,,
KLO,2010,4,20,0,6.2,,,,,,,,965.3,,1.1,,0,0,0,0,0,0,0,,,,
KLO,2010,4,20,1,5.2,,,,,,,,965.2,,1.3,,0,0,0,0,0,0,0,,,,
KLO,2010,4,20,2,4.9,,,,,,,,965.1,,1.5,,0,0,0,0,0,0,0,,,,
KLO,2010,4,20,3,4.6,,,,,,,,965,,2,,0,0,0,0,0,0,0,,,,
KLO,2010,4,20,4,4,,,,,,,,965.1,,1.1,,2,0,0,0,0,0,0,,,,
KLO,2010,4,20,5,5,,,,,,,,965.5,,0.9,,48,0,0,0,0,0,0,,,,
KLO,2010,4,20,6,7.5,,,,,,,,966,,0.6,,138,0,0,0,0,0,0,,,,
KLO,2010,4,20,7,9.5,,,,,,,,966.1,,1.8,,201,2149.3,33.2,0,0,0,0,,,,
KLO,2010,4,20,8,11.8,,,,,,,,966.4,,1,,303,1015.7,50,0,0,0,0,,,,
KLO,2010,4,20,9,14.6,,,,,,,,966.5,,2.4,,467,940.2,77.1,0,0,0,0,,,,
KLO,2010,4,20,10,14.9,,,,,,,,966.8,,2.8,,211,14.2,203,0,0,0,0,,,,
KLO,2010,4,20,11,13.7,,,,,,,,967.2,,4.2,,126,2.3,124.5,0,0,0,0,,,,
KLO,2010,4,20,12,12.9,,,,,,,,967.4,,2.3,,235,6.5,230,0,0,0,0,,,,
KLO,2010,4,20,13,15.9,,,,,,,,966.9,,3.2,,677,508.6,267,0,0,0,0,,,,
KLO,2010,4,20,14,16.6,,,,,,,,966.2,,3.2,,507,173.6,367.7,0,0,0,0,,,,
KLO,2010,4,20,15,16.6,,,,,,,,965.7,,4.4,,413,91.6,343.9,0,0,0,0,,,,
KLO,2010,4,20,16,14.7,,,,,,,,965.8,,4.6,,167,4.2,164.2,0,0,0,0,,,,
KLO,2010,4,20,17,13.7,,,,,,,,965.9,,2.8,,144,4.7,141.4,0,0,0,0,,,,
KLO,2010,4,20,18,11.4,,,,,,,,966,,2.5,,14,0.1,14,0,0,0,0,,,,
KLO,2010,4,20,19,10.2,,,,,,,,966.7,,2.7,,0,0,0,0,0,0,0,,,,
KLO,2010,4,20,20,10.1,,,,,,,,967,,2.1,,0,0,0,0,0,0,0,,,,
KLO,2010,4,20,21,9.6,,,,,,,,967.2,,2.4,,0,0,0,0,0,0,0,,,,
KLO,2010,4,20,22,8.8,,,,,,,,967.2,,2.3,,0,0,0,0,0,0,0,,,,
KLO,2010,4,20,23,8,,,,,,,,967.2,,2.2,,0,0,0,0,0,0,0,,,,
KLO,2010,4,21,0,7.5,,,,,,,,967,,2,,0,0,0,0,0,0,0,,,,
KLO,2010,4,21,1,7.3,,,,,,,,966.8,,1.1,,0,0,0,0,0,0,0,,,,
KLO,2010,4,21,2,6.9,,,,,,,,966.6,,1.1,,0,0,0,0,0,0,0,,,,
KLO,2010,4,21,3,5.6,,,,,,,,966.4,,0.6,,0,0,0,0,0,0,0,,,,
KLO,2010,4,21,4,5.3,,,,,,,,966.3,,0.9,,1,0,0,0,0,0,0,,,,
KLO,2010,4,21,5,5.2,,,,,,,,966.3,,0.7,,52,0,0,0,0,0,0,,,,
KLO,2010,4,21,6,7.8,,,,,,,,966.6,,0.5,,190,0,0,0,0,0,0,,,,
KLO,2010,4,21,7,10.5,,,,,,,,966.5,,0.5,,364,3665,60.1,0,0,0,0,,,,
KLO,2010,4,21,8,13,,,,,,,,966.2,,1.4,,561,1845.3,92.6,0,0,0,0,,,,
KLO,2010,4,21,9,14.9,,,,,,,,966,,2.7,,703,1400.1,116,0,0,0,0,,,,
KLO,2010,4,21,10,16.5,,,,,,,,965.8,,4.6,,800,1178.8,132,0,0,0,0,,,,
KLO,2010,4,21,11,17.1,,,,,,,,965.3,,5.3,,837,1018.9,138.1,0,0,0,0,,,,
KLO,2010,4,21,12,17.3,,,,,,,,964.9,,5.3,,811,879.6,134.8,0,0,0,0,,,,
KLO,2010,4,21,13,18,,,,,,,,964.5,,5.7,,764,710.1,189,0,0,0,0,,,,
KLO,2010,4,21,14,17.9,,,,,,,,964,,5.2,,640,423,299.1,0,0,0,0,,,,
KLO,2010,4,21,15,18,,,,,,,,963.6,,5,,483,180.9,346,0,0,0,0,,,,
KLO,2010,4,21,16,17.5,,,,,,,,963.4,,4.8,,296,32.6,274.2,0,0,0,0,,,,
KLO,2010,4,21,17,15.7,,,,,,,,963.6,,3.9,,105,2.5,103.6,0,0,0,0,,,,
KLO,2010,4,21,18,13.9,,,,,,,,964,,2.3,,14,0.1,14,0,0,0,0,,,,
KLO,2010,4,21,19,12.4,,,,,,,,964.6,,4.6,,0,0,0,0,0,0,0,,,,
KLO,2010,4,21,20,11.7,,,,,,,,965.6,,3,,0,0,0,0,0,0,0,,,,
KLO,2010,4,21,21,10.7,,,,,,,,966.1,,3.1,,0,0,0,0,0,0,0,,,,
KLO,2010,4,21,22,8.5,,,,,,,,966.1,,3.7,,0,0,0,0,0,0,0,,,,
KLO,2010,4,21,23,7.2,,,,,,,,966.1,,4.5,,0,0,0,0,0,0,0,,,,
KLO,2010,4,22,0,5.3,,,,,,,,966.1,,4,,0,0,0,0,0,0,0,,,,
KLO,2010,4,22,1,5.2,,,,,,,,965.7,,4.1,,0,0,0,0,0,0,0,,,,
KLO,2010,4,22,2,5.2,,,,,,,,965.7,,3.3,,0,0,0,0,0,0,0,,,,
KLO,2010,4,22,3,3.6,,,,,,,,965.8,,2.9,,0,0,0,0,0,0,0,,,,
KLO,2010,4,22,4,2.1,,,,,,,,965.5,,3.4,,2,0,0,0,0,0,0,,,,
KLO,2010,4,22,5,2.5,,,,,,,,965.5,,2.9,,74,0,0,0,0,0,0,,,,
KLO,2010,4,22,6,5.6,,,,,,,,965.6,,1.9,,220,0,0,0,0,0,0,,,,
KLO,2010,4,22,7,7.4,,,,,,,,965.5,,3,,411,3912.2,67.8,0,0,0,0,,,,
KLO,2010,4,22,8,8.9,,,,,,,,964.9,,3.4,,585,1889.5,96.5,0,0,0,0,,,,
KLO,2010,4,22,9,11.2,,,,,,,,964.5,,3.6,,735,1448.5,121.3,0,0,0,0,,,,
KLO,2010,4,22,10,13.1,,,,,,,,963.9,,5.4,,785,1148.2,129.5,0,0,0,0,,,,
KLO,2010,4,22,11,13.9,,,,,,,,963.4,,6.2,,686,798.9,134.9,0,0,0,0,,,,
KLO,2010,4,22,12,15,,,,,,,,962.8,,5.4,,683,596.6,222.2,0,0,0,0,,,,
KLO,2010,4,22,13,16.2,,,,,,,,962.3,,4.4,,646,423.9,301.3,0,0,0,0,,,,
KLO,2010,4,22,14,16.7,,,,,,,,961.7,,4.6,,589,308.7,339.3,0,0,0,0,,,,
KLO,2010,4,22,15,16.6,,,,,,,,961.2,,4.9,,437,114.6,349.8,0,0,0,0,,,,
KLO,2010,4,22,16,16.2,,,,,,,,960.9,,4.8,,290,28.8,270.7,0,0,0,0,,,,
KLO,2010,4,22,17,15.4,,,,,,,,960.8,,5,,161,5.8,157.8,0,0,0,0,,,,
KLO,2010,4,22,18,14,,,,,,,,960.7,,4.5,,17,0.1,17,0,0,0,0,,,,
KLO,2010,4,22,19,12.9,,,,,,,,961,,2.6,,0,0,0,0,0,0,0,,,,
KLO,2010,4,22,20,10.3,,,,,,,,961.4,,2.2,,0,0,0,0,0,0,0,,,,
KLO,2010,4,22,21,9.7,,,,,,,,961.4,,2.1,,0,0,0,0,0,0,0,,,,
KLO,2010,4,22,22,7.8,,,,,,,,961.3,,2.2,,0,0,0,0,0,0,0,,,,
KLO,2010,4,22,23,6.2,,,,,,,,961.2,,2.4,,0,0,0,0,0,0,0,,,,
KLO,2010,4,23,0,5.2,,,,,,,,960.9,,3.3,,0,0,0,0,0,0,0,,,,
KLO,2010,4,23,1,4.8,,,,,,,,960.7,,2.8,,0,0,0,0,0,0,0,,,,
KLO,2010,4,23,2,5.2,,,,,,,,960.8,,2.7,,0,0,0,0,0,0,0,,,,
KLO,2010,4,23,3,3.7,,,,,,,,960.8,,2.4,,0,0,0,0,0,0,0,,,,
KLO,2010,4,23,4,3.8,,,,,,,,961,,2.3,,2,0,0,0,0,0,0,,,,
KLO,2010,4,23,5,5.3,,,,,,,,961.3,,2.7,,63,0,0,0,0,0,0,,,,
KLO,2010,4,23,6,7.2,,,,,,,,961.8,,3,,178,0,0,0,0,0,0,,,,
KLO,2010,4,23,7,8.7,,,,,,,,961.9,,2,,302,2727.5,49.8,0,0,0,0,,,,
KLO,2010,4,23,8,10.2,,,,,,,,961.7,,2.9,,428,1358.2,70.6,0,0,0,0,,,,
KLO,2010,4,23,9,11.9,,,,,,,,961.7,,2.9,,514,1002.6,84.8,0,0,0,0,,,,
KLO,2010,4,23,10,13.3,,,,,,,,961.7,,3.9,,548,728.7,129,0,0,0,0,,,,
KLO,2010,4,23,11,14.5,,,,,,,,961.3,,3.8,,471,235.2,307.8,0,0,0,0,,,,
KLO,2010,4,23,12,15.6,,,,,,,,961.2,,3.4,,528,237.1,344,0,0,0,0,,,,
KLO,2010,4,23,13,16.9,,,,,,,,961.3,,3.9,,510,166,374.4,0,0,0,0,,,,
KLO,2010,4,23,14,17.3,,,,,,,,961.3,,4.4,,367,36.1,337.7,0,0,0,0,,,,
KLO,2010,4,23,15,17.4,,,,,,,,961.3,,3.7,,307,20,291.7,0,0,0,0,,,,
KLO,2010,4,23,16,17.2,,,,,,,,961.6,,4,,237,10.6,229.9,0,0,0,0,,,,
KLO,2010,4,23,17,16.2,,,,,,,,962,,2.8,,67,1,66.5,0,0,0,0,,,,
KLO,2010,4,23,18,14.5,,,,,,,,962.5,,2.6,,17,0.1,17,0,0,0,0,,,,
KLO,2010,4,23,19,12.1,,,,,,,,963.3,,2.7,,0,0,0,0,0,0,0,,,,
KLO,2010,4,23,20,11,,,,,,,,963.9,,3.5,,0,0,0,0,0,0,0,,,,
KLO,2010,4,23,21,11.1,,,,,,,,964.1,,3.1,,0,0,0,0,0,0,0,,,,
KLO,2010,4,23,22,8.6,,,,,,,,964.3,,3.4,,0,0,0,0,0,0,0,,,,
KLO,2010,4,23,23,7.6,,,,,,,,964.6,,3.3,,0,0,0,0,0,0,0,,,,
KLO,2010,4,24,0,7.1,,,,,,,,964.8,,2.6,,0,0,0,0,0,0,0,,,,
KLO,2010,4,24,1,5.3,,,,,,,,965,,1.4,,0,0,0,0,0,0,0,,,,
KLO,2010,4,24,2,4.4,,,,,,,,965.4,,0.6,,0,0,0,0,0,0,0,,,,
KLO,2010,4,24,3,3.4,,,,,,,,965.7,,1.3,,0,0,0,0,0,0,0,,,,
KLO,2010,4,24,4,3.1,,,,,,,,966,,1.3,,3,0,0,0,0,0,0,,,,
KLO,2010,4,24,5,4.4,,,,,,,,966.5,,1,,70,0,0,0,0,0,0,,,,
KLO,2010,4,24,6,7.4,,,,,,,,967,,0.9,,227,0,0,0,0,0,0,,,,
KLO,2010,4,24,7,11.2,,,,,,,,967.2,,2,,403,3464.5,66.5,0,0,0,0,,,,
KLO,2010,4,24,8,13.5,,,,,,,,967.3,,1.9,,578,1803.1,95.4,0,0,0,0,,,,
KLO,2010,4,24,9,15.6,,,,,,,,967.4,,2.6,,707,1365.4,116.7,0,0,0,0,,,,
KLO,2010,4,24,10,17.7,,,,,,,,967.3,,4,,799,1152.3,131.8,0,0,0,0,,,,
KLO,2010,4,24,11,19.5,,,,,,,,967,,5.4,,850,1017.6,140.2,0,0,0,0,,,,
KLO,2010,4,24,12,20.5,,,,,,,,966.8,,4.6,,841,900.6,138.9,0,0,0,0,,,,
KLO,2010,4,24,13,21.3,,,,,,,,966.9,,4.6,,775,714.9,188.9,0,0,0,0,,,,
KLO,2010,4,24,14,22,,,,,,,,966.7,,4.5,,660,452.7,290.8,0,0,0,0,,,,
KLO,2010,4,24,15,21.7,,,,,,,,966.7,,4.4,,505,207.9,345.5,0,0,0,0,,,,
KLO,2010,4,24,16,21.3,,,,,,,,966.7,,4.7,,327,50.4,292.9,0,0,0,0,,,,
KLO,2010,4,24,17,20.3,,,,,,,,967,,4.9,,147,4.7,144.4,0,0,0,0,,,,
KLO,2010,4,24,18,18.4,,,,,,,,967.5,,3.4,,21,0.2,20.9,0,0,0,0,,,,
KLO,2010,4,24,19,14.1,,,,,,,,968.2,,2.4,,0,0,0,0,0,0,0,,,,
KLO,2010,4,24,20,12.3,,,,,,,,968.9,,1.6,,0,0,0,0,0,0,0,,,,
KLO,2010,4,24,21,12.4,,,,,,,,969.3,,2.4,,0,0,0,0,0,0,0,,,,
KLO,2010,4,24,22,10.6,,,,,,,,969.6,,2,,0,0,0,0,0,0,0,,,,
KLO,2010,4,24,23,9.7,,,,,,,,969.9,,2.5,,0,0,0,0,0,0,0,,,,
KLO,2010,4,25,0,8.6,,,,,,,,969.9,,1.7,,0,0,0,0,0,0,0,,,,
KLO,2010,4,25,1,7.3,,,,,,,,969.9,,1.6,,0,0,0,0,0,0,0,,,,
KLO,2010,4,25,2,6.7,,,,,,,,970.2,,0.8,,0,0,0,0,0,0,0,,,,
KLO,2010,4,25,3,6,,,,,,,,970.6,,0.7,,0,0,0,0,0,0,0,,,,
KLO,2010,4,25,4,5.2,,,,,,,,970.9,,0.7,,3,0,0,0,0,0,0,,,,
KLO,2010,4,25,5,6,,,,,,,,971.5,,0.4,,74,0,0,0,0,0,0,,,,
KLO,2010,4,25,6,9.1,,,,,,,,972.2,,0.3,,230,0,0,0,0,0,0,,,,
KLO,2010,4,25,7,12,,,,,,,,972.4,,0.5,,408,3348.5,67.3,0,0,0,0,,,,
KLO,2010,4,25,8,14.7,,,,,,,,972.5,,0.5,,576,1767.4,95,0,0,0,0,,,,
KLO,2010,4,25,9,16.7,,,,,,,,972.4,,0.7,,667,1275.8,110.1,0,0,0,0,,,,
KLO,2010,4,25,10,19.1,,,,,,,,972.2,,0.8,,795,1138.8,131.2,0,0,0,0,,,,
KLO,2010,4,25,11,20.8,,,,,,,,971.7,,0.5,,847,1008.7,139.8,0,0,0,0,,,,
KLO,2010,4,25,12,21.9,,,,,,,,971.4,,1.3,,813,861.5,138.4,0,0,0,0,,,,
KLO,2010,4,25,13,22.5,,,,,,,,971.2,,1.2,,668,457.4,291.5,0,0,0,0,,,,
KLO,2010,4,25,14,22.9,,,,,,,,970.7,,1.2,,519,177.6,373.6,0,0,0,0,,,,
KLO,2010,4,25,15,23.3,,,,,,,,970.5,,1.4,,466,145.4,354.1,0,0,0,0,,,,
KLO,2010,4,25,16,23,,,,,,,,970.6,,3,,289,26.5,270.9,0,0,0,0,,,,
KLO,2010,4,25,17,21.2,,,,,,,,970.7,,2.3,,113,2.8,111.5,0,0,0,0,,,,
KLO,2010,4,25,18,19.5,,,,,,,,971,,1.5,,22,0.2,21.9,0,0,0,0,,,,
KLO,2010,4,25,19,17.6,,,,,,,,971.5,,1.2,,0,0,0,0,0,0,0,,,,
KLO,2010,4,25,20,17,,,,,,,,971.9,,1,,0,0,0,0,0,0,0,,,,
KLO,2010,4,25,21,16.1,,,,,,,,972,,1.5,,0,0,0,0,0,0,0,,,,
KLO,2010,4,25,22,16.5,,,,,,,,972.2,,1.8,,0,0,0,0,0,0,0,,,,
KLO,2010,4,25,23,16,,,,,,,,972.3,,1.7,,0,0,0,0,0,0,0,,,,
KLO,2010,4,26,0,15.8,,,,,,,,972.2,,1.5,,0,0,0,0,0,0,0,,,,
KLO,2010,4,26,1,15,,,,,,,,972.1,,1.1,,0,0,0,0,0,0,0,,,,
KLO,2010,4,26,2,13,,,,,,,,972.5,,0.6,,0,0,0,0,0,0,0,,,,
KLO,2010,4,26,3,11.7,,,,,,,,973.1,,1.2,,0,0,0,0,0,0,0,,,,
KLO,2010,4,26,4,13.5,,,,,,,,973.7,,3.1,,0,0,0,0,0,0,0,,,,
KLO,2010,4,26,5,13.1,,,,,,,,974.5,,2.4,,9,0,0,0,0,0,0,,,,
KLO,2010,4,26,6,12.5,,,,,,,,975.2,,1.1,,20,0,0,0,0,0,0,,,,
KLO,2010,4,26,7,12.5,,,,,,,,975.5,,0.9,,139,1092,22.9,0,0,0,0,,,,
KLO,2010,4,26,8,13.7,,,,,,,,975.7,,1.3,,318,960.3,52.5,0,0,0,0,,,,
KLO,2010,4,26,9,14.9,,,,,,,,975.8,,1.9,,532,1008,87.8,0,0,0,0,,,,
KLO,2010,4,26,10,15.5,,,,,,,,975.6,,2.9,,331,106.2,268.7,0,0,0,0,,,,
KLO,2010,4,26,11,17.7,,,,,,,,975.1,,4.2,,927,1098.3,153,0,0,0,0,,,,
KLO,2010,4,26,12,18.9,,,,,,,,974.5,,4,,758,749.3,168.7,0,0,0,0,,,,
KLO,2010,4,26,13,18.7,,,,,,,,974,,3,,477,117.9,379.6,0,0,0,0,,,,
KLO,2010,4,26,14,18.6,,,,,,,,973.5,,3,,292,11.2,282.8,0,0,0,0,,,,
KLO,2010,4,26,15,18.3,,,,,,,,973.3,,2.4,,225,5.7,220.6,0,0,0,0,,,,
KLO,2010,4,26,16,18.2,,,,,,,,973.3,,3.8,,255,14,245.4,0,0,0,0,,,,
KLO,2010,4,26,17,17,,,,,,,,973.2,,4.8,,151,4.9,148.3,0,0,0,0,,,,
KLO,2010,4,26,18,15.4,,,,,,,,973.4,,3.7,,19,0.1,18.9,0,0,0,0,,,,
KLO,2010,4,26,19,13.7,,,,,,,,974,,1.9,,0,0,0,0,0,0,0,,,,
KLO,2010,4,26,20,12.5,,,,,,,,974.5,,1.8,,0,0,0,0,0,0,0,,,,
KLO,2010,4,26,21,11.2,,,,,,,,974.5,,2,,0,0,0,0,0,0,0,,,,
KLO,2010,4,26,22,10.1,,,,,,,,974.4,,2,,0,0,0,0,0,0,0,,,,
KLO,2010,4,26,23,9.5,,,,,,,,974.6,,1.6,,0,0,0,0,0,0,0,,,,
KLO,2010,4,27,0,9.9,,,,,,,,974.5,,0.8,,0,0,0,0,0,0,0,,,,
KLO,2010,4,27,1,9.8,,,,,,,,974.3,,1.1,,0,0,0,0,0,0,0,,,,
KLO,2010,4,27,2,9.2,,,,,,,,974.2,,1.5,,0,0,0,0,0,0,0,,,,
KLO,2010,4,27,3,9.3,,,,,,,,973.9,,1.1,,0,0,0,0,0,0,0,,,,
KLO,2010,4,27,4,8.6,,,,,,,,974,,1.4,,3,0,0,0,0,0,0,,,,
KLO,2010,4,27,5,9.6,,,,,,,,974.3,,1,,79,0,0,0,0,0,0,,,,
KLO,2010,4,27,6,11.8,,,,,,,,974.8,,1.4,,201,0,0,0,0,0,0,,,,
KLO,2010,4,27,7,13.1,,,,,,,,975.1,,2.8,,340,2563.1,56.1,0,0,0,0,,,,
KLO,2010,4,27,8,15.2,,,,,,,,975.2,,3.4,,544,1617.6,89.8,0,0,0,0,,,,
KLO,2010,4,27,9,17,,,,,,,,975.1,,4.7,,731,1372.4,120.6,0,0,0,0,,,,
KLO,2010,4,27,10,18.3,,,,,,,,974.9,,4.9,,817,1155.1,134.8,0,0,0,0,,,,
KLO,2010,4,27,11,19.2,,,,,,,,974.6,,5.7,,895,1055.1,147.7,0,0,0,0,,,,
KLO,2010,4,27,12,19.6,,,,,,,,974.4,,4.7,,769,766.9,163.3,0,0,0,0,,,,
KLO,2010,4,27,13,20,,,,,,,,974.3,,4.5,,679,471.9,287.5,0,0,0,0,,,,
KLO,2010,4,27,14,19.5,,,,,,,,974,,3.7,,482,124.9,379,0,0,0,0,,,,
KLO,2010,4,27,15,19.8,,,,,,,,973.9,,3.7,,446,115.9,356.1,0,0,0,0,,,,
KLO,2010,4,27,16,19.9,,,,,,,,973.8,,3,,342,59.2,301.4,0,0,0,0,,,,
KLO,2010,4,27,17,19,,,,,,,,974,,3.4,,154,5,151.2,0,0,0,0,,,,
KLO,2010,4,27,18,17.4,,,,,,,,974.2,,2.7,,20,0.2,19.9,0,0,0,0,,,,
KLO,2010,4,27,19,14,,,,,,,,974.8,,1.3,,0,0,0,0,0,0,0,,,,
KLO,2010,4,27,20,11,,,,,,,,975.3,,0.9,,0,0,0,0,0,0,0,,,,
KLO,2010,4,27,21,9.4,,,,,,,,975.6,,2.2,,0,0,0,0,0,0,0,,,,
KLO,2010,4,27,22,9.7,,,,,,,,975.6,,2.3,,0,0,0,0,0,0,0,,,,
KLO,2010,4,27,23,9.7,,,,,,,,975.5,,2.8,,0,0,0,0,0,0,0,,,,
KLO,2010,4,28,0,8.8,,,,,,,,975.3,,2.7,,0,0,0,0,0,0,0,,,,
KLO,2010,4,28,1,8.6,,,,,,,,975.1,,2,,0,0,0,0,0,0,0,,,,
KLO,2010,4,28,2,7.1,,,,,,,,975.1,,0.7,,0,0,0,0,0,0,0,,,,
KLO,2010,4,28,3,5.6,,,,,,,,975.2,,0.7,,0,0,0,0,0,0,0,,,,
KLO,2010,4,28,4,5.5,,,,,,,,975.2,,1.4,,6,0,0,0,0,0,0,,,,
KLO,2010,4,28,5,6.7,,,,,,,,975.4,,1,,76,0,0,0,0,0,0,,,,
KLO,2010,4,28,6,10.1,,,,,,,,975.4,,0.4,,273,0,0,0,0,0,0,,,,
KLO,2010,4,28,7,12.7,,,,,,,,975.4,,2,,409,2965.2,67.5,0,0,0,0,,,,
KLO,2010,4,28,8,14.3,,,,,,,,975.3,,1,,623,1825,102.8,0,0,0,0,,,,
KLO,2010,4,28,9,17,,,,,,,,975,,1.8,,751,1397.5,123.9,0,0,0,0,,,,
KLO,2010,4,28,10,19.3,,,,,,,,974.7,,3.9,,841,1181.6,138.8,0,0,0,0,,,,
KLO,2010,4,28,11,20.3,,,,,,,,974.1,,2.2,,884,1037,145.9,0,0,0,0,,,,
KLO,2010,4,28,12,21.2,,,,,,,,973.5,,1.8,,872,918.1,143.9,0,0,0,0,,,,
KLO,2010,4,28,13,21.7,,,,,,,,973,,1.2,,810,766,172.2,0,0,0,0,,,,
KLO,2010,4,28,14,22.2,,,,,,,,972.3,,0.9,,697,517.7,268.4,0,0,0,0,,,,
KLO,2010,4,28,15,22.3,,,,,,,,971.7,,1.6,,538,254,340.2,0,0,0,0,,,,
KLO,2010,4,28,16,22.3,,,,,,,,971.3,,2.2,,361,75.3,309.1,0,0,0,0,,,,
KLO,2010,4,28,17,21.7,,,,,,,,970.9,,1.6,,178,7,174,0,0,0,0,,,,
KLO,2010,4,28,18,19.5,,,,,,,,970.9,,1.2,,34,0.4,33.8,0,0,0,0,,,,
KLO,2010,4,28,19,15.2,,,,,,,,971.2,,0.7,,0,0,0,0,0,0,0,,,,
KLO,2010,4,28,20,13,,,,,,,,971.4,,0.5,,0,0,0,0,0,0,0,,,,
KLO,2010,4,28,21,11.5,,,,,,,,971.4,,0.4,,0,0,0,0,0,0,0,,,,
KLO,2010,4,28,22,9.6,,,,,,,,971.1,,0.3,,0,0,0,0,0,0,0,,,,
KLO,2010,4,28,23,8.8,,,,,,,,971,,0.8,,0,0,0,0,0,0,0,,,,
KLO,2010,4,29,0,8.3,,,,,,,,970.9,,1.4,,0,0,0,0,0,0,0,,,,
KLO,2010,4,29,1,7.8,,,,,,,,970.5,,0.6,,0,0,0,0,0,0,0,,,,
KLO,2010,4,29,2,6.8,,,,,,,,970.3,,1.1,,0,0,0,0,0,0,0,,,,
KLO,2010,4,29,3,6.4,,,,,,,,970,,1.4,,0,0,0,0,0,0,0,,,,
KLO,2010,4,29,4,6,,,,,,,,969.7,,0.5,,5,0,0,0,0,0,0,,,,
KLO,2010,4,29,5,7.8,,,,,,,,969.7,,0.8,,101,0,0,0,0,0,0,,,,
KLO,2010,4,29,6,11.3,,,,,,,,969.6,,0.6,,270,0,0,0,0,0,0,,,,
KLO,2010,4,29,7,14.6,,,,,,,,969.4,,1.3,,448,3130.1,73.9,0,0,0,0,,,,
KLO,2010,4,29,8,18.1,,,,,,,,969,,1.6,,605,1746.8,99.8,0,0,0,0,,,,
KLO,2010,4,29,9,20.7,,,,,,,,968.6,,2.2,,741,1367,122.3,0,0,0,0,,,,
KLO,2010,4,29,10,22.2,,,,,,,,968,,2.4,,826,1153.4,136.3,0,0,0,0,,,,
KLO,2010,4,29,11,23.9,,,,,,,,967.1,,2.2,,854,997.1,140.9,0,0,0,0,,,,
KLO,2010,4,29,12,24.4,,,,,,,,966.2,,2.3,,859,900.8,141.7,0,0,0,0,,,,
KLO,2010,4,29,13,25.2,,,,,,,,965.5,,2.7,,787,711.3,192.6,0,0,0,0,,,,
KLO,2010,4,29,14,25.7,,,,,,,,964.6,,2.9,,688,491.6,279.6,0,0,0,0,,,,
KLO,2010,4,29,15,25.7,,,,,,,,963.9,,3.2,,527,230.7,346.6,0,0,0,0,,,,
KLO,2010,4,29,16,25.4,,,,,,,,963.4,,3.8,,354,67.4,307.4,0,0,0,0,,,,
KLO,2010,4,29,17,23.8,,,,,,,,963,,3.3,,125,3.2,123.2,0,0,0,0,,,,
KLO,2010,4,29,18,21.7,,,,,,,,962.9,,2.8,,23,0.2,22.9,0,0,0,0,,,,
KLO,2010,4,29,19,20.3,,,,,,,,963.1,,1.7,,0,0,0,0,0,0,0,,,,
KLO,2010,4,29,20,19.3,,,,,,,,963.4,,1.2,,0,0,0,0,0,0,0,,,,
KLO,2010,4,29,21,18.3,,,,,,,,963.5,,3.1,,0,0,0,0,0,0,0,,,,
KLO,2010,4,29,22,17.8,,,,,,,,963.5,,3.7,,0,0,0,0,0,0,0,,,,
KLO,2010,4,29,23,18.5,,,,,,,,963.6,,4.2,,0,0,0,0,0,0,0,,,,
KLO,2010,4,30,0,18.1,,,,,,,,963.8,,3.7,,0,0,0,0,0,0,0,,,,
KLO,2010,4,30,1,18,,,,,,,,963.8,,2.5,,0,0,0,0,0,0,0,,,,
KLO,2010,4,30,2,17.3,,,,,,,,964.4,,3.2,,0,0,0,0,0,0,0,,,,
KLO,2010,4,30,3,14.9,,,,,,,,964.9,,1.7,,0,0,0,0,0,0,0,,,,
KLO,2010,4,30,4,14.5,,,,,,,,964.7,,2.6,,3,0,0,0,0,0,0,,,,
KLO,2010,4,30,5,14.9,,,,,,,,964.8,,1.4,,36,0,0,0,0,0,0,,,,
KLO,2010,4,30,6,15.6,,,,,,,,964.9,,1.2,,162,0,0,0,0,0,0,,,,
KLO,2010,4,30,7,16.5,,,,,,,,964.7,,1.5,,178,1200.8,29.4,0,0,0,0,,,,
KLO,2010,4,30,8,17.1,,,,,,,,964.6,,2.3,,312,888.8,51.4,0,0,0,0,,,,
KLO,2010,4,30,9,18.2,,,,,,,,964.7,,3.3,,626,1145.2,103.3,0,0,0,0,,,,
KLO,2010,4,30,10,19.4,,,,,,,,964.6,,3.5,,855,1186.9,141.1,0,0,0,0,,,,
KLO,2010,4,30,11,19.1,,,,,,,,964.2,,4,,479,220.9,320.3,0,0,0,0,,,,
KLO,2010,4,30,12,19.2,,,,,,,,963.5,,3.3,,543,238.4,352.5,0,0,0,0,,,,
KLO,2010,4,30,13,19.5,,,,,,,,963,,3.1,,551,208.1,376.5,0,0,0,0,,,,
KLO,2010,4,30,14,20.2,,,,,,,,962.4,,3.2,,550,211.7,373.5,0,0,0,0,,,,
KLO,2010,4,30,15,18.2,,,,,,,,962.5,,5.1,,162,2.9,159.8,0,0,0,0,,,,
KLO,2010,4,30,16,15.5,,,,,,,,963,,3.9,,24,0.1,23.9,0,0,0,0,,,,
KLO,2010,4,30,17,14,,,,,,,,963.3,,1.8,,7,0,7,0,0,0,0,,,,
KLO,2010,4,30,18,13.8,,,,,,,,963.6,,2.1,,3,0,3,0,0,0,0,,,,
KLO,2010,4,30,19,13.9,,,,,,,,964.2,,2.2,,0,0,0,0,0,0,0,,,,
KLO,2010,4,30,20,13.9,,,,,,,,964.6,,1.3,,0,0,0,0,0,0,0,,,,
KLO,2010,4,30,21,13.5,,,,,,,,964.6,,1.2,,0,0,0,0,0,0,0,,,,
KLO,2010,4,30,22,12.8,,,,,,,,964.5,,1.5,,0,0,0,0,0,0,0,,,,
KLO,2010,4,30,23,12.1,,,,,,,,964.1,,0.9,,0,0,0,0,0,0,0,,,,
KLO,2010,5,1,0,12.4,,,,,,,,963.6,,0.7,,0,0,0,0,0,0,0,,,,
KLO,2010,5,1,1,12.3,,,,,,,,963.2,,0.6,,0,0,0,0,0,0,0,,,,
KLO,2010,5,1,2,12.2,,,,,,,,962.8,,1,,0,0,0,0,0,0,0,,,,
KLO,2010,5,1,3,11.9,,,,,,,,962.3,,0.8,,0,0,0,0,0,0,0,,,,
KLO,2010,5,1,4,12,,,,,,,,962.1,,1.6,,3,0,0,0,0,0,0,,,,
KLO,2010,5,1,5,12.2,,,,,,,,962.1,,1.1,,15,0,0,0,0,0,0,,,,
KLO,2010,5,1,6,12.4,,,,,,,,962.5,,1.3,,39,0,0,0,0,0,0,,,,
KLO,2010,5,1,7,12.6,,,,,,,,962.7,,1.9,,38,6,37.2,0,0,0,0,,,,
KLO,2010,5,1,8,12.4,,,,,,,,963,,2.5,,66,3.3,65,0,0,0,0,,,,
KLO,2010,5,1,9,12.4,,,,,,,,963.1,,1.6,,98,3,96.6,0,0,0,0,,,,
KLO,2010,5,1,10,12.8,,,,,,,,963,,0.7,,134,3.3,132,0,0,0,0,,,,
KLO,2010,5,1,11,12.8,,,,,,,,962.8,,0.9,,88,1,87.3,0,0,0,0,,,,
KLO,2010,5,1,12,13,,,,,,,,962.6,,1.4,,101,1.1,100.1,0,0,0,0,,,,
KLO,2010,5,1,13,13.3,,,,,,,,962.3,,2.3,,151,2.2,149.2,0,0,0,0,,,,
KLO,2010,5,1,14,13.3,,,,,,,,961.9,,3,,130,1.6,128.6,0,0,0,0,,,,
KLO,2010,5,1,15,13,,,,,,,,961.7,,2.7,,67,0.5,66.6,0,0,0,0,,,,
KLO,2010,5,1,16,12.7,,,,,,,,961.9,,0.9,,35,0.2,34.9,0,0,0,0,,,,
KLO,2010,5,1,17,12.7,,,,,,,,961.8,,1.7,,34,0.2,33.9,0,0,0,0,,,,
KLO,2010,5,1,18,12.2,,,,,,,,961.8,,2.9,,4,0,4,0,0,0,0,,,,
KLO,2010,5,1,19,11.9,,,,,,,,962.3,,2.7,,0,0,0,0,0,0,0,,,,
KLO,2010,5,1,20,11.7,,,,,,,,962.8,,1.7,,0,0,0,0,0,0,0,,,,
KLO,2010,5,1,21,11.1,,,,,,,,962.9,,1.1,,0,0,0,0,0,0,0,,,,
KLO,2010,5,1,22,10.5,,,,,,,,962.8,,1.3,,0,0,0,0,0,0,0,,,,
KLO,2010,5,1,23,10.3,,,,,,,,962.6,,1,,0,0,0,0,0,0,0,,,,
KLO,2010,5,2,0,10.3,,,,,,,,962.4,,0.6,,0,0,0,0,0,0,0,,,,
KLO,2010,5,2,1,10.2,,,,,,,,962.1,,0.4,,0,0,0,0,0,0,0,,,,
KLO,2010,5,2,2,10.3,,,,,,,,961.8,,1,,0,0,0,0,0,0,0,,,,
KLO,2010,5,2,3,10.2,,,,,,,,961.2,,1.3,,0,0,0,0,0,0,0,,,,
KLO,2010,5,2,4,10.1,,,,,,,,960.5,,1.3,,1,0,0,0,0,0,0,,,,
KLO,2010,5,2,5,10.2,,,,,,,,960.4,,2.2,,20,0,0,0,0,0,0,,,,
KLO,2010,5,2,6,10.3,,,,,,,,960.6,,2.5,,25,0,0,0,0,0,0,,,,
KLO,2010,5,2,7,10.3,,,,,,,,960.8,,1.7,,53,20.2,50.3,0,0,0,0,,,,
KLO,2010,5,2,8,10.7,,,,,,,,961,,2.3,,120,19.5,114.1,0,0,0,0,,,,
KLO,2010,5,2,9,10.8,,,,,,,,961.3,,1.9,,147,7.2,143.7,0,0,0,0,,,,
KLO,2010,5,2,10,10.7,,,,,,,,961.5,,2.8,,161,4.7,158.1,0,0,0,0,,,,
KLO,2010,5,2,11,10.9,,,,,,,,961.3,,2,,189,4.6,185.7,0,0,0,0,,,,
KLO,2010,5,2,12,11,,,,,,,,961.2,,2.5,,148,2.3,146.2,0,0,0,0,,,,
KLO,2010,5,2,13,10.5,,,,,,,,961.1,,2,,76,0.5,75.5,0,0,0,0,,,,
KLO,2010,5,2,14,10.7,,,,,,,,960.7,,1.5,,133,1.7,131.6,0,0,0,0,,,,
KLO,2010,5,2,15,11,,,,,,,,960.6,,2.4,,111,1.3,110,0,0,0,0,,,,
KLO,2010,5,2,16,10.7,,,,,,,,960.7,,2.5,,62,0.5,61.6,0,0,0,0,,,,
KLO,2010,5,2,17,10.2,,,,,,,,960.6,,2,,26,0.1,25.9,0,0,0,0,,,,
KLO,2010,5,2,18,10,,,,,,,,960.8,,1.7,,2,0,2,0,0,0,0,,,,
KLO,2010,5,2,19,9.6,,,,,,,,960.9,,2.6,,0,0,0,0,0,0,0,,,,
KLO,2010,5,2,20,9.3,,,,,,,,961.1,,3.4,,0,0,0,0,0,0,0,,,,
KLO,2010,5,2,21,9.1,,,,,,,,961.2,,3.1,,0,0,0,0,0,0,0,,,,
KLO,2010,5,2,22,8.6,,,,,,,,961.1,,4,,0,0,0,0,0,0,0,,,,
KLO,2010,5,2,23,8.2,,,,,,,,960.9,,4.3,,0,0,0,0,0,0,0,,,,
KLO,2010,5,3,0,8,,,,,,,,960.6,,4.4,,0,0,0,0,0,0,0,,,,
KLO,2010,5,3,1,7.7,,,,,,,,960.4,,3.8,,0,0,0,0,0,0,0,,,,
KLO,2010,5,3,2,7.2,,,,,,,,960.4,,2.2,,0,0,0,0,0,0,0,,,,
KLO,2010,5,3,3,7.3,,,,,,,,960.1,,1.4,,0,0,0,0,0,0,0,,,,
KLO,2010,5,3,4,7,,,,,,,,959.9,,1.3,,7,0,0,0,0,0,0,,,,
KLO,2010,5,3,5,7.1,,,,,,,,960.1,,1.1,,65,0,0,0,0,0,0,,,,
KLO,2010,5,3,6,7.9,,,,,,,,960.3,,1,,89,0,0,0,0,0,0,,,,
KLO,2010,5,3,7,8.4,,,,,,,,960.5,,0.8,,139,842.2,24.4,0,0,0,0,,,,
KLO,2010,5,3,8,9.3,,,,,,,,960.8,,0.6,,307,821.7,56.4,0,0,0,0,,,,
KLO,2010,5,3,9,10.4,,,,,,,,961.2,,0.6,,480,849.5,83,0,0,0,0,,,,
KLO,2010,5,3,10,11.5,,,,,,,,961.3,,1.2,,366,140.2,280.2,0,0,0,0,,,,
KLO,2010,5,3,11,11.2,,,,,,,,961.1,,4,,293,20.6,278,0,0,0,0,,,,
KLO,2010,5,3,12,12.5,,,,,,,,961.1,,1.8,,592,321,332.5,0,0,0,0,,,,
KLO,2010,5,3,13,13.1,,,,,,,,961.2,,1.9,,469,98.8,385.3,0,0,0,0,,,,
KLO,2010,5,3,14,13.5,,,,,,,,961,,0.9,,325,16.7,310.9,0,0,0,0,,,,
KLO,2010,5,3,15,13.4,,,,,,,,960.9,,0.9,,198,4.2,194.7,0,0,0,0,,,,
KLO,2010,5,3,16,11.7,,,,,,,,961.2,,2.1,,78,0.8,77.4,0,0,0,0,,,,
KLO,2010,5,3,17,11.1,,,,,,,,961.5,,1.3,,37,0.3,36.8,0,0,0,0,,,,
KLO,2010,5,3,18,10,,,,,,,,962.2,,2.1,,8,0,8,0,0,0,0,,,,
KLO,2010,5,3,19,9.4,,,,,,,,962.8,,1.8,,0,0,0,0,0,0,0,,,,
KLO,2010,5,3,20,9.1,,,,,,,,963.2,,1.6,,0,0,0,0,0,0,0,,,,
KLO,2010,5,3,21,8.9,,,,,,,,963.2,,1.5,,0,0,0,0,0,0,0,,,,
KLO,2010,5,3,22,9,,,,,,,,963.3,,2.9,,0,0,0,0,0,0,0,,,,
KLO,2010,5,3,23,8.8,,,,,,,,963.3,,3.9,,0,0,0,0,0,0,0,,,,
KLO,2010,5,4,0,8.5,,,,,,,,962.9,,4.7,,0,0,0,0,0,0,0,,,,
KLO,2010,5,4,1,8.4,,,,,,,,962.5,,5.8,,0,0,0,0,0,0,0,,,,
KLO,2010,5,4,2,8.3,,,,,,,,962.2,,5.7,,0,0,0,0,0,0,0,,,,
KLO,2010,5,4,3,8.3,,,,,,,,961.7,,5,,0,0,0,0,0,0,0,,,,
KLO,2010,5,4,4,8.2,,,,,,,,961.8,,5.4,,1,0,0,0,0,0,0,,,,
KLO,2010,5,4,5,8.4,,,,,,,,961.4,,5.4,,10,0,0,0,0,0,0,,,,
KLO,2010,5,4,6,8.6,,,,,,,,961.4,,5.4,,19,0,0,0,0,0,0,,,,
KLO,2010,5,4,7,8.9,,,,,,,,961.1,,5,,26,2.3,25.7,0,0,0,0,,,,
KLO,2010,5,4,8,9.3,,,,,,,,960.9,,5.2,,45,1.4,44.6,0,0,0,0,,,,
KLO,2010,5,4,9,9.9,,,,,,,,960.9,,5,,67,1.4,66.4,0,0,0,0,,,,
KLO,2010,5,4,10,10.5,,,,,,,,960.5,,6.3,,77,1.1,76.4,0,0,0,0,,,,
KLO,2010,5,4,11,10.9,,,,,,,,960.1,,5.8,,72,0.7,71.5,0,0,0,0,,,,
KLO,2010,5,4,12,11.2,,,,,,,,960.1,,5.7,,62,0.4,61.7,0,0,0,0,,,,
KLO,2010,5,4,13,10.7,,,,,,,,960.1,,6.1,,60,0.3,59.7,0,0,0,0,,,,
KLO,2010,5,4,14,10.5,,,,,,,,960,,6,,98,0.9,97.2,0,0,0,0,,,,
KLO,2010,5,4,15,10.6,,,,,,,,959.8,,6.3,,109,1.3,108,0,0,0,0,,,,
KLO,2010,5,4,16,10.8,,,,,,,,959.7,,6.2,,34,0.2,33.9,0,0,0,0,,,,
KLO,2010,5,4,17,10.8,,,,,,,,959.4,,6,,12,0,12,0,0,0,0,,,,
KLO,2010,5,4,18,10.8,,,,,,,,959.5,,6.6,,2,0,2,0,0,0,0,,,,
KLO,2010,5,4,19,10.7,,,,,,,,959.4,,7.6,,0,0,0,0,0,0,0,,,,
KLO,2010,5,4,20,10.5,,,,,,,,959.7,,8,,0,0,0,0,0,0,0,,,,
KLO,2010,5,4,21,10.2,,,,,,,,960.1,,7.1,,0,0,0,0,0,0,0,,,,
KLO,2010,5,4,22,9.9,,,,,,,,960.6,,6.6,,0,0,0,0,0,0,0,,,,
KLO,2010,5,4,23,9.7,,,,,,,,960.4,,7.5,,0,0,0,0,0,0,0,,,,
KLO,2010,5,5,0,9.5,,,,,,,,959.6,,7.1,,0,0,0,0,0,0,0,,,,
KLO,2010,5,5,1,9.1,,,,,,,,959.5,,7.7,,0,0,0,0,0,0,0,,,,
KLO,2010,5,5,2,8.9,,,,,,,,959.4,,5.7,,0,0,0,0,0,0,0,,,,
KLO,2010,5,5,3,8.5,,,,,,,,958.9,,7.3,,0,0,0,0,0,0,0,,,,
KLO,2010,5,5,4,8.4,,,,,,,,958.9,,6.5,,0,0,0,0,0,0,0,,,,
KLO,2010,5,5,5,8,,,,,,,,957.9,,8.1,,17,0,0,0,0,0,0,,,,
KLO,2010,5,5,6,7.8,,,,,,,,957.6,,8.1,,40,0,0,0,0,0,0,,,,
KLO,2010,5,5,7,7.7,,,,,,,,957.7,,6.3,,51,11.2,49.4,0,0,0,0,,,,
KLO,2010,5,5,8,7.7,,,,,,,,957.1,,6.4,,66,3,65.1,0,0,0,0,,,,
KLO,2010,5,5,9,7.8,,,,,,,,956.8,,6.9,,86,2.2,85,0,0,0,0,,,,
KLO,2010,5,5,10,7.8,,,,,,,,956.6,,5.8,,56,0.6,55.7,0,0,0,0,,,,
KLO,2010,5,5,11,7.9,,,,,,,,955.8,,6.3,,77,0.7,76.5,0,0,0,0,,,,
KLO,2010,5,5,12,8,,,,,,,,955.1,,6.5,,67,0.5,66.6,0,0,0,0,,,,
KLO,2010,5,5,13,8.1,,,,,,,,954.5,,6,,65,0.4,64.7,0,0,0,0,,,,
KLO,2010,5,5,14,8.4,,,,,,,,953.5,,6.1,,63,0.4,62.7,0,0,0,0,,,,
KLO,2010,5,5,15,8.7,,,,,,,,953.1,,5.3,,24,0.1,24,0,0,0,0,,,,
KLO,2010,5,5,16,8.9,,,,,,,,953,,4.8,,16,0,16,0,0,0,0,,,,
KLO,2010,5,5,17,8.8,,,,,,,,953.5,,2.7,,5,0,5,0,0,0,0,,,,
KLO,2010,5,5,18,8.7,,,,,,,,953.2,,4.6,,1,0,1,0,0,0,0,,,,
KLO,2010,5,5,19,8.7,,,,,,,,953,,4.4,,0,0,0,0,0,0,0,,,,
KLO,2010,5,5,20,8.6,,,,,,,,952.8,,6.3,,0,0,0,0,0,0,0,,,,
KLO,2010,5,5,21,8.5,,,,,,,,952.5,,4.4,,0,0,0,0,0,0,0,,,,
KLO,2010,5,5,22,8.4,,,,,,,,952.1,,4.7,,0,0,0,0,0,0,0,,,,
KLO,2010,5,5,23,8.4,,,,,,,,952,,2.3,,0,0,0,0,0,0,0,,,,
KLO,2010,5,6,0,8.4,,,,,,,,952,,2.1,,0,0,0,0,0,0,0,,,,
KLO,2010,5,6,1,8.3,,,,,,,,951.7,,2.4,,0,0,0,0,0,0,0,,,,
KLO,2010,5,6,2,8,,,,,,,,951.7,,2.3,,0,0,0,0,0,0,0,,,,
KLO,2010,5,6,3,7.8,,,,,,,,951.5,,2.4,,0,0,0,0,0,0,0,,,,
KLO,2010,5,6,4,7.8,,,,,,,,951.4,,2.1,,1,0,0,0,0,0,0,,,,
KLO,2010,5,6,5,7.7,,,,,,,,951.9,,2.3,,17,0,0,0,0,0,0,,,,
KLO,2010,5,6,6,7.4,,,,,,,,952.1,,1.8,,31,0,0,0,0,0,0,,,,
KLO,2010,5,6,7,7.4,,,,,,,,952.3,,1.5,,51,10,49.5,0,0,0,0,,,,
KLO,2010,5,6,8,8.1,,,,,,,,952.3,,3.4,,187,134.4,144.5,0,0,0,0,,,,
KLO,2010,5,6,9,8.6,,,,,,,,952.3,,4.2,,233,54.3,207.1,0,0,0,0,,,,
KLO,2010,5,6,10,8.9,,,,,,,,952.5,,3.2,,195,7,190.6,0,0,0,0,,,,
KLO,2010,5,6,11,8.7,,,,,,,,952.6,,3.2,,158,3.1,155.7,0,0,0,0,,,,
KLO,2010,5,6,12,8.6,,,,,,,,952.7,,3.9,,104,1.1,103.1,0,0,0,0,,,,
KLO,2010,5,6,13,8.6,,,,,,,,952.9,,4.3,,181,3,178.4,0,0,0,0,,,,
KLO,2010,5,6,14,8.5,,,,,,,,953.1,,4.4,,147,2,145.3,0,0,0,0,,,,
KLO,2010,5,6,15,7.6,,,,,,,,953.5,,4.6,,45,0.2,44.8,0,0,0,0,,,,
KLO,2010,5,6,16,7.4,,,,,,,,954,,4,,18,0,18,0,0,0,0,,,,
KLO,2010,5,6,17,7.3,,,,,,,,954.3,,2.8,,14,0,14,0,0,0,0,,,,
KLO,2010,5,6,18,7,,,,,,,,954.7,,3.3,,3,0,3,0,0,0,0,,,,
KLO,2010,5,6,19,6.4,,,,,,,,955.2,,3.7,,0,0,0,0,0,0,0,,,,
KLO,2010,5,6,20,5.9,,,,,,,,955.7,,3,,0,0,0,0,0,0,0,,,,
KLO,2010,5,6,21,5.7,,,,,,,,955.9,,1.1,,0,0,0,0,0,0,0,,,,
KLO,2010,5,6,22,5.7,,,,,,,,956.1,,0.7,,0,0,0,0,0,0,0,,,,
KLO,2010,5,6,23,5.6,,,,,,,,956,,0.9,,0,0,0,0,0,0,0,,,,
KLO,2010,5,7,0,5.5,,,,,,,,955.8,,0.4,,0,0,0,0,0,0,0,,,,
KLO,2010,5,7,1,5.4,,,,,,,,955.8,,2.1,,0,0,0,0,0,0,0,,,,
KLO,2010,5,7,2,5.5,,,,,,,,956,,3.1,,0,0,0,0,0,0,0,,,,
KLO,2010,5,7,3,5.5,,,,,,,,956.2,,3.2,,0,0,0,0,0,0,0,,,,
KLO,2010,5,7,4,5.7,,,,,,,,956.4,,3.4,,0,0,0,0,0,0,0,,,,
KLO,2010,5,7,5,6,,,,,,,,956.7,,3.3,,20,0,0,0,0,0,0,,,,
KLO,2010,5,7,6,6.2,,,,,,,,957.1,,4.1,,35,0,0,0,0,0,0,,,,
KLO,2010,5,7,7,6.5,,,,,,,,957.5,,3.2,,61,20.9,57.8,0,0,0,0,,,,
KLO,2010,5,7,8,7.3,,,,,,,,957.6,,2.7,,153,49.8,137.1,0,0,0,0,,,,
KLO,2010,5,7,9,8.2,,,,,,,,957.8,,3.7,,278,121.2,219.7,0,0,0,0,,,,
KLO,2010,5,7,10,8.8,,,,,,,,957.8,,2.6,,312,61.3,273.7,0,0,0,0,,,,
KLO,2010,5,7,11,9.5,,,,,,,,957.9,,1.3,,324,31.8,300.5,0,0,0,0,,,,
KLO,2010,5,7,12,9.7,,,,,,,,957.7,,0.9,,230,5.3,225.7,0,0,0,0,,,,
KLO,2010,5,7,13,10.1,,,,,,,,957.6,,1.3,,277,7.7,270.4,0,0,0,0,,,,
KLO,2010,5,7,14,10.9,,,,,,,,957.3,,0.6,,341,20.2,323.8,0,0,0,0,,,,
KLO,2010,5,7,15,11.1,,,,,,,,957.2,,0.5,,223,5.2,218.8,0,0,0,0,,,,
KLO,2010,5,7,16,11.1,,,,,,,,957.2,,0.9,,97,1.2,96.1,0,0,0,0,,,,
KLO,2010,5,7,17,10.9,,,,,,,,957.3,,1.3,,44,0.4,43.8,0,0,0,0,,,,
KLO,2010,5,7,18,10.4,,,,,,,,957.6,,1.1,,18,0.1,18,0,0,0,0,,,,
KLO,2010,5,7,19,8.9,,,,,,,,958,,1.1,,0,0,0,0,0,0,0,,,,
KLO,2010,5,7,20,7.1,,,,,,,,958.3,,1.4,,0,0,0,0,0,0,0,,,,
KLO,2010,5,7,21,7,,,,,,,,958.5,,1.5,,0,0,0,0,0,0,0,,,,
KLO,2010,5,7,22,6.2,,,,,,,,958.5,,1.5,,0,0,0,0,0,0,0,,,,
KLO,2010,5,7,23,6.6,,,,,,,,958.3,,1.3,,0,0,0,0,0,0,0,,,,
KLO,2010,5,8,0,6.7,,,,,,,,958.4,,0.9,,0,0,0,0,0,0,0,,,,
KLO,2010,5,8,1,6.6,,,,,,,,958.3,,0.9,,0,0,0,0,0,0,0,,,,
KLO,2010,5,8,2,6.4,,,,,,,,958.2,,1.2,,0,0,0,0,0,0,0,,,,
KLO,2010,5,8,3,6.4,,,,,,,,958.2,,0.6,,0,0,0,0,0,0,0,,,,
KLO,2010,5,8,4,6.5,,,,,,,,958.4,,0.8,,4,0,0,0,0,0,0,,,,
KLO,2010,5,8,5,6.9,,,,,,,,958.8,,0.8,,30,0,0,0,0,0,0,,,,
KLO,2010,5,8,6,7.4,,,,,,,,959.1,,1.2,,80,0,0,0,0,0,0,,,,
KLO,2010,5,8,7,8.2,,,,,,,,959.3,,0.4,,184,991.4,30.4,0,0,0,0,,,,
KLO,2010,5,8,8,10.2,,,,,,,,959.4,,0.7,,489,1265.1,80.7,0,0,0,0,,,,
KLO,2010,5,8,9,12.1,,,,,,,,959.3,,1.1,,778,1342.4,128.4,0,0,0,0,,,,
KLO,2010,5,8,10,14.1,,,,,,,,959.1,,1.1,,900,1198.5,148.5,0,0,0,0,,,,
KLO,2010,5,8,11,14.6,,,,,,,,959,,0.8,,709,740.1,159.7,0,0,0,0,,,,
KLO,2010,5,8,12,15.7,,,,,,,,959,,1.2,,668,467.4,283.9,0,0,0,0,,,,
KLO,2010,5,8,13,16.3,,,,,,,,958.8,,1.5,,637,337.1,347.1,0,0,0,0,,,,
KLO,2010,5,8,14,17,,,,,,,,958.6,,2.3,,705,490.8,285.7,0,0,0,0,,,,
KLO,2010,5,8,15,16.7,,,,,,,,958.5,,2,,424,78.7,360.6,0,0,0,0,,,,
KLO,2010,5,8,16,16.6,,,,,,,,958.4,,1.8,,376,77.5,320.4,0,0,0,0,,,,
KLO,2010,5,8,17,15.7,,,,,,,,958.4,,3.4,,139,3.7,136.8,0,0,0,0,,,,
KLO,2010,5,8,18,14,,,,,,,,958.6,,3.1,,27,0.2,26.9,0,0,0,0,,,,
KLO,2010,5,8,19,12.8,,,,,,,,958.8,,3.4,,0,0,0,0,0,0,0,,,,
KLO,2010,5,8,20,9.4,,,,,,,,959.2,,1,,0,0,0,0,0,0,0,,,,
KLO,2010,5,8,21,8.8,,,,,,,,959.5,,1.3,,0,0,0,0,0,0,0,,,,
KLO,2010,5,8,22,7.8,,,,,,,,959.8,,1.5,,0,0,0,0,0,0,0,,,,
KLO,2010,5,8,23,10.2,,,,,,,,960.3,,2.3,,0,0,0,0,0,0,0,,,,
KLO,2010,5,9,0,10.6,,,,,,,,960.4,,2.9,,0,0,0,0,0,0,0,,,,
KLO,2010,5,9,1,10.1,,,,,,,,960.5,,1.6,,0,0,0,0,0,0,0,,,,
KLO,2010,5,9,2,9.6,,,,,,,,960.4,,1.1,,0,0,0,0,0,0,0,,,,
KLO,2010,5,9,3,9.3,,,,,,,,960.2,,1.1,,0,0,0,0,0,0,0,,,,
KLO,2010,5,9,4,9.2,,,,,,,,960.1,,0.6,,8,0,0,0,0,0,0,,,,
KLO,2010,5,9,5,9.8,,,,,,,,960.1,,0.6,,95,0,0,0,0,0,0,,,,
KLO,2010,5,9,6,10.9,,,,,,,,960.3,,0.9,,232,0,0,0,0,0,0,,,,
KLO,2010,5,9,7,12.3,,,,,,,,960.2,,1.1,,478,2518.5,78.9,0,0,0,0,,,,
KLO,2010,5,9,8,13.7,,,,,,,,959.7,,1.1,,494,1265.1,81.5,0,0,0,0,,,,
KLO,2010,5,9,9,14.8,,,,,,,,959.4,,1.3,,681,1167.7,112.4,0,0,0,0,,,,
KLO,2010,5,9,10,16.4,,,,,,,,958.9,,1.3,,823,1091.1,135.8,0,0,0,0,,,,
KLO,2010,5,9,11,16.7,,,,,,,,958.3,,1.3,,787,882.5,129.6,0,0,0,0,,,,
KLO,2010,5,9,12,17.1,,,,,,,,957.8,,1.5,,670,467.9,284.3,0,0,0,0,,,,
KLO,2010,5,9,13,17.8,,,,,,,,957.3,,2.5,,496,118.8,393.5,0,0,0,0,,,,
KLO,2010,5,9,14,16.3,,,,,,,,957.1,,2.9,,170,2.6,167.7,0,0,0,0,,,,
KLO,2010,5,9,15,13.7,,,,,,,,957.4,,4.4,,83,0.7,82.4,0,0,0,0,,,,
KLO,2010,5,9,16,12,,,,,,,,957.5,,2,,68,0.6,67.6,0,0,0,0,,,,
KLO,2010,5,9,17,11.8,,,,,,,,957.3,,1.2,,33,0.2,32.9,0,0,0,0,,,,
KLO,2010,5,9,18,11.5,,,,,,,,957.4,,0.4,,7,0,7,0,0,0,0,,,,
KLO,2010,5,9,19,11.2,,,,,,,,957.7,,0.5,,0,0,0,0,0,0,0,,,,
KLO,2010,5,9,20,11.1,,,,,,,,957.9,,0.5,,0,0,0,0,0,0,0,,,,
KLO,2010,5,9,21,10.9,,,,,,,,957.8,,1.5,,0,0,0,0,0,0,0,,,,
KLO,2010,5,9,22,10.5,,,,,,,,957.3,,1,,0,0,0,0,0,0,0,,,,
KLO,2010,5,9,23,10.5,,,,,,,,957.1,,1.3,,0,0,0,0,0,0,0,,,,
KLO,2010,5,10,0,10.3,,,,,,,,956.3,,1.2,,0,0,0,0,0,0,0,,,,
KLO,2010,5,10,1,10.2,,,,,,,,955.9,,1,,0,0,0,0,0,0,0,,,,
KLO,2010,5,10,2,10.2,,,,,,,,955.7,,0.8,,0,0,0,0,0,0,0,,,,
KLO,2010,5,10,3,10.3,,,,,,,,955.4,,0.8,,0,0,0,0,0,0,0,,,,
KLO,2010,5,10,4,10.4,,,,,,,,955.7,,0.5,,1,0,0,0,0,0,0,,,,
KLO,2010,5,10,5,10.7,,,,,,,,956,,1.2,,15,0,0,0,0,0,0,,,,
KLO,2010,5,10,6,11,,,,,,,,956.1,,3,,44,0,0,0,0,0,0,,,,
KLO,2010,5,10,7,11.7,,,,,,,,956.3,,1.6,,123,370.6,63,0,0,0,0,,,,
KLO,2010,5,10,8,11.9,,,,,,,,956.6,,2.6,,92,5.2,90.3,0,0,0,0,,,,
KLO,2010,5,10,9,12.6,,,,,,,,956.8,,2,,282,119.4,223.5,0,0,0,0,,,,
KLO,2010,5,10,10,14.5,,,,,,,,956.6,,3,,658,866.3,110,0,0,0,0,,,,
KLO,2010,5,10,11,15.8,,,,,,,,956.5,,4,,589,421.7,273.8,0,0,0,0,,,,
KLO,2010,5,10,12,16.8,,,,,,,,956.2,,3.2,,718,576.7,241.3,0,0,0,0,,,,
KLO,2010,5,10,13,15.1,,,,,,,,956.3,,5.4,,552,187.5,389.9,0,0,0,0,,,,
KLO,2010,5,10,14,15.6,,,,,,,,956.3,,4,,430,62,376.7,0,0,0,0,,,,
KLO,2010,5,10,15,16,,,,,,,,956.6,,3.1,,469,122.5,369.8,0,0,0,0,,,,
KLO,2010,5,10,16,16.3,,,,,,,,956.8,,1.7,,350,53.3,311.6,0,0,0,0,,,,
KLO,2010,5,10,17,14,,,,,,,,956.7,,4.2,,123,2.8,121.3,0,0,0,0,,,,
KLO,2010,5,10,18,13.1,,,,,,,,957,,4.4,,47,0.7,46.7,0,0,0,0,,,,
KLO,2010,5,10,19,12.6,,,,,,,,957.5,,1.8,,0,0,0,0,0,0,0,,,,
KLO,2010,5,10,20,11.9,,,,,,,,957.5,,1.5,,0,0,0,0,0,0,0,,,,
KLO,2010,5,10,21,11.6,,,,,,,,957.4,,0.8,,0,0,0,0,0,0,0,,,,
KLO,2010,5,10,22,10.8,,,,,,,,957.4,,0.6,,0,0,0,0,0,0,0,,,,
KLO,2010,5,10,23,10.3,,,,,,,,957.2,,1.6,,0,0,0,0,0,0,0,,,,
KLO,2010,5,11,0,9.2,,,,,,,,957.2,,1.1,,0,0,0,0,0,0,0,,,,
KLO,2010,5,11,1,8.3,,,,,,,,956.7,,0.9,,0,0,0,0,0,0,0,,,,
KLO,2010,5,11,2,7.5,,,,,,,,956.6,,0.7,,0,0,0,0,0,0,0,,,,
KLO,2010,5,11,3,7.3,,,,,,,,956.3,,1.6,,0,0,0,0,0,0,0,,,,
KLO,2010,5,11,4,7.9,,,,,,,,956.3,,1.3,,5,0,0,0,0,0,0,,,,
KLO,2010,5,11,5,8.4,,,,,,,,956.2,,1,,43,0,0,0,0,0,0,,,,
KLO,2010,5,11,6,9.7,,,,,,,,956,,1.4,,143,0,0,0,0,0,0,,,,
KLO,2010,5,11,7,11.1,,,,,,,,955.5,,2.2,,315,1591.8,52,0,0,0,0,,,,
KLO,2010,5,11,8,12.9,,,,,,,,954.6,,2.5,,377,947.2,62.2,0,0,0,0,,,,
KLO,2010,5,11,9,14.5,,,,,,,,953.7,,2.9,,615,1042.1,101.5,0,0,0,0,,,,
KLO,2010,5,11,10,16,,,,,,,,953.2,,3.1,,715,939.9,118,0,0,0,0,,,,
KLO,2010,5,11,11,17.8,,,,,,,,952.6,,3.4,,872,971,143.9,0,0,0,0,,,,
KLO,2010,5,11,12,19.5,,,,,,,,951.8,,4.1,,867,872.5,143.8,0,0,0,0,,,,
KLO,2010,5,11,13,20.2,,,,,,,,951.2,,3.7,,828,741.3,185.4,0,0,0,0,,,,
KLO,2010,5,11,14,17.8,,,,,,,,951.1,,4.6,,205,3.8,201.7,0,0,0,0,,,,
KLO,2010,5,11,15,12.8,,,,,,,,952.6,,8.2,,4,0,4,0,0,0,0,,,,
KLO,2010,5,11,16,12.3,,,,,,,,954.5,,5,,83,0.9,82.4,0,0,0,0,,,,
KLO,2010,5,11,17,11.9,,,,,,,,955.6,,2.9,,12,0,12,0,0,0,0,,,,
KLO,2010,5,11,18,11,,,,,,,,956.2,,2.8,,2,0,2,0,0,0,0,,,,
KLO,2010,5,11,19,10.9,,,,,,,,956.2,,1.9,,2,0,2,0,0,0,0,,,,
KLO,2010,5,11,20,10.9,,,,,,,,956.6,,1.5,,0,0,0,0,0,0,0,,,,
KLO,2010,5,11,21,10.9,,,,,,,,956.8,,1.7,,0,0,0,0,0,0,0,,,,
KLO,2010,5,11,22,10.4,,,,,,,,957.1,,1.6,,0,0,0,0,0,0,0,,,,
KLO,2010,5,11,23,10.9,,,,,,,,957.3,,1.1,,0,0,0,0,0,0,0,,,,
KLO,2010,5,12,0,10.7,,,,,,,,957.2,,2.3,,0,0,0,0,0,0,0,,,,
KLO,2010,5,12,1,10.3,,,,,,,,957.3,,1,,0,0,0,0,0,0,0,,,,
KLO,2010,5,12,2,10.1,,,,,,,,957.3,,1,,0,0,0,0,0,0,0,,,,
KLO,2010,5,12,3,10,,,,,,,,957.6,,0.8,,0,0,0,0,0,0,0,,,,
KLO,2010,5,12,4,9.1,,,,,,,,957.9,,2,,11,0,0,0,0,0,0,,,,
KLO,2010,5,12,5,9,,,,,,,,958.2,,1.5,,62,0,0,0,0,0,0,,,,
KLO,2010,5,12,6,10.2,,,,,,,,958.4,,0.5,,225,0,0,0,0,0,0,,,,
KLO,2010,5,12,7,11.6,,,,,,,,958.4,,0.8,,373,1848.6,61.5,0,0,0,0,,,,
KLO,2010,5,12,8,12.5,,,,,,,,958.5,,0.7,,372,926.2,61.4,0,0,0,0,,,,
KLO,2010,5,12,9,13.3,,,,,,,,958.4,,0.9,,530,892.8,87.5,0,0,0,0,,,,
KLO,2010,5,12,10,15.2,,,,,,,,958.2,,1,,947,1239.8,156.3,0,0,0,0,,,,
KLO,2010,5,12,11,15.9,,,,,,,,957.8,,0.9,,825,915.8,136.1,0,0,0,0,,,,
KLO,2010,5,12,12,16.8,,,,,,,,957.3,,1.7,,749,641.2,216,0,0,0,0,,,,
KLO,2010,5,12,13,17.6,,,,,,,,956.9,,1.3,,839,759.6,178.9,0,0,0,0,,,,
KLO,2010,5,12,14,17.4,,,,,,,,956.5,,2.5,,388,36.5,356.5,0,0,0,0,,,,
KLO,2010,5,12,15,16.9,,,,,,,,956.3,,2.1,,176,3.1,173.4,0,0,0,0,,,,
KLO,2010,5,12,16,16,,,,,,,,956.1,,3,,71,0.6,70.5,0,0,0,0,,,,
KLO,2010,5,12,17,14.5,,,,,,,,956.3,,2.4,,21,0.1,21,0,0,0,0,,,,
KLO,2010,5,12,18,12.7,,,,,,,,956.8,,3,,19,0.1,18.9,0,0,0,0,,,,
KLO,2010,5,12,19,12.2,,,,,,,,957,,4,,0,0,0,0,0,0,0,,,,
KLO,2010,5,12,20,11.5,,,,,,,,957.5,,4.3,,0,0,0,0,0,0,0,,,,
KLO,2010,5,12,21,10.8,,,,,,,,957.3,,4.7,,0,0,0,0,0,0,0,,,,
KLO,2010,5,12,22,10.5,,,,,,,,957.2,,4.7,,0,0,0,0,0,0,0,,,,
KLO,2010,5,12,23,10.3,,,,,,,,956.9,,4.1,,0,0,0,0,0,0,0,,,,
KLO,2010,5,13,0,10,,,,,,,,956.7,,4.7,,0,0,0,0,0,0,0,,,,
KLO,2010,5,13,1,9.7,,,,,,,,956.5,,5,,0,0,0,0,0,0,0,,,,
KLO,2010,5,13,2,9.3,,,,,,,,956.6,,4.7,,0,0,0,0,0,0,0,,,,
KLO,2010,5,13,3,8.8,,,,,,,,956.8,,3.6,,0,0,0,0,0,0,0,,,,
KLO,2010,5,13,4,8.3,,,,,,,,957.3,,3.1,,1,0,0,0,0,0,0,,,,
KLO,2010,5,13,5,8,,,,,,,,958,,3.1,,8,0,0,0,0,0,0,,,,
KLO,2010,5,13,6,7.9,,,,,,,,958.7,,3.3,,22,0,0,0,0,0,0,,,,
KLO,2010,5,13,7,7.7,,,,,,,,959.4,,3.7,,70,22.4,66.2,0,0,0,0,,,,
KLO,2010,5,13,8,6.8,,,,,,,,959.9,,4.8,,118,10.6,114.4,0,0,0,0,,,,
KLO,2010,5,13,9,6.5,,,,,,,,960.2,,4.2,,160,7.6,156.2,0,0,0,0,,,,
KLO,2010,5,13,10,7,,,,,,,,960.4,,4.6,,259,21.5,245.2,0,0,0,0,,,,
KLO,2010,5,13,11,7.5,,,,,,,,960.4,,4.3,,269,11.7,260.2,0,0,0,0,,,,
KLO,2010,5,13,12,8,,,,,,,,960.3,,3,,216,4.5,212.2,0,0,0,0,,,,
KLO,2010,5,13,13,8.4,,,,,,,,960.3,,2.3,,252,5.6,247.1,0,0,0,0,,,,
KLO,2010,5,13,14,8.9,,,,,,,,960.2,,2.7,,230,4.8,225.9,0,0,0,0,,,,
KLO,2010,5,13,15,8.9,,,,,,,,960.2,,2.5,,206,4.3,202.5,0,0,0,0,,,,
KLO,2010,5,13,16,8.9,,,,,,,,960.2,,2.6,,187,4.4,183.8,0,0,0,0,,,,
KLO,2010,5,13,17,8.8,,,,,,,,960.1,,1.9,,75,1,74.4,0,0,0,0,,,,
KLO,2010,5,13,18,8.6,,,,,,,,960.3,,1.7,,12,0,12,0,0,0,0,,,,
KLO,2010,5,13,19,8.4,,,,,,,,960.5,,2.4,,0,0,0,0,0,0,0,,,,
KLO,2010,5,13,20,7.9,,,,,,,,960.7,,2.1,,0,0,0,0,0,0,0,,,,
KLO,2010,5,13,21,7.8,,,,,,,,960.6,,1.8,,0,0,0,0,0,0,0,,,,
KLO,2010,5,13,22,7.6,,,,,,,,960.4,,2.2,,0,0,0,0,0,0,0,,,,
KLO,2010,5,13,23,7.4,,,,,,,,960.2,,2.7,,0,0,0,0,0,0,0,,,,
KLO,2010,5,14,0,7.2,,,,,,,,959.9,,2.7,,0,0,0,0,0,0,0,,,,
KLO,2010,5,14,1,7.2,,,,,,,,959.6,,2.6,,0,0,0,0,0,0,0,,,,
KLO,2010,5,14,2,7.1,,,,,,,,959.5,,2.7,,0,0,0,0,0,0,0,,,,
KLO,2010,5,14,3,6.9,,,,,,,,959.4,,2.6,,0,0,0,0,0,0,0,,,,
KLO,2010,5,14,4,6.7,,,,,,,,959.3,,2.6,,6,0,0,0,0,0,0,,,,
KLO,2010,5,14,5,6.7,,,,,,,,959.4,,2.5,,67,0,0,0,0,0,0,,,,
KLO,2010,5,14,6,7.3,,,,,,,,959.6,,2.4,,150,0,0,0,0,0,0,,,,
KLO,2010,5,14,7,7.6,,,,,,,,959.5,,2.3,,193,922.6,31.8,0,0,0,0,,,,
KLO,2010,5,14,8,8.4,,,,,,,,959.6,,2.2,,333,778.3,67.5,0,0,0,0,,,,
KLO,2010,5,14,9,9.4,,,,,,,,959.6,,2.3,,450,636.9,131,0,0,0,0,,,,
KLO,2010,5,14,10,9.6,,,,,,,,959.4,,1.5,,307,49.7,275.1,0,0,0,0,,,,
KLO,2010,5,14,11,10.2,,,,,,,,959.3,,1.8,,321,27.4,300.3,0,0,0,0,,,,
KLO,2010,5,14,12,11.1,,,,,,,,959.1,,2.6,,409,56.1,362.2,0,0,0,0,,,,
KLO,2010,5,14,13,10.7,,,,,,,,959.1,,1.8,,125,1.4,123.8,0,0,0,0,,,,
KLO,2010,5,14,14,11.2,,,,,,,,959.1,,2.2,,199,3.5,195.9,0,0,0,0,,,,
KLO,2010,5,14,15,11,,,,,,,,959.2,,3.1,,122,1.5,120.8,0,0,0,0,,,,
KLO,2010,5,14,16,10,,,,,,,,959.3,,4.3,,53,0.4,52.7,0,0,0,0,,,,
KLO,2010,5,14,17,8.9,,,,,,,,959.3,,4,,17,0.1,17,0,0,0,0,,,,
KLO,2010,5,14,18,8.7,,,,,,,,959.6,,3.4,,7,0,7,0,0,0,0,,,,
KLO,2010,5,14,19,8.4,,,,,,,,959.5,,2.7,,0,0,0,0,0,0,0,,,,
KLO,2010,5,14,20,8.4,,,,,,,,959.8,,2.1,,0,0,0,0,0,0,0,,,,
KLO,2010,5,14,21,8.2,,,,,,,,959.9,,2.4,,0,0,0,0,0,0,0,,,,
KLO,2010,5,14,22,8.1,,,,,,,,959.9,,2.6,,0,0,0,0,0,0,0,,,,
KLO,2010,5,14,23,7.8,,,,,,,,959.5,,3,,0,0,0,0,0,0,0,,,,
KLO,2010,5,15,0,7.6,,,,,,,,959,,3.5,,0,0,0,0,0,0,0,,,,
KLO,2010,5,15,1,7.4,,,,,,,,958.8,,3,,0,0,0,0,0,0,0,,,,
KLO,2010,5,15,2,7.2,,,,,,,,958.6,,3.1,,0,0,0,0,0,0,0,,,,
KLO,2010,5,15,3,7.1,,,,,,,,958.4,,3.3,,0,0,0,0,0,0,0,,,,
KLO,2010,5,15,4,7.1,,,,,,,,958.3,,3.3,,7,0,0,0,0,0,0,,,,
KLO,2010,5,15,5,7.4,,,,,,,,958.1,,1.6,,29,0,0,0,0,0,0,,,,
KLO,2010,5,15,6,7.9,,,,,,,,958.3,,0.7,,57,0,0,0,0,0,0,,,,
KLO,2010,5,15,7,8.3,,,,,,,,958.5,,2.5,,57,7.6,55.6,0,0,0,0,,,,
KLO,2010,5,15,8,8.5,,,,,,,,958.6,,2.8,,75,3.2,73.9,0,0,0,0,,,,
KLO,2010,5,15,9,9.4,,,,,,,,958.7,,4.1,,230,39.9,209.9,0,0,0,0,,,,
KLO,2010,5,15,10,9.6,,,,,,,,958.9,,3.9,,249,17.1,238,0,0,0,0,,,,
KLO,2010,5,15,11,9.9,,,,,,,,959,,3.8,,186,4,182.9,0,0,0,0,,,,
KLO,2010,5,15,12,10.4,,,,,,,,959.2,,3.2,,212,4.3,208.4,0,0,0,0,,,,
KLO,2010,5,15,13,10.1,,,,,,,,959.9,,4.6,,127,1.4,125.8,0,0,0,0,,,,
KLO,2010,5,15,14,9.8,,,,,,,,960.2,,4.9,,145,1.9,143.4,0,0,0,0,,,,
KLO,2010,5,15,15,9.5,,,,,,,,960.6,,4.7,,128,1.6,126.7,0,0,0,0,,,,
KLO,2010,5,15,16,9.1,,,,,,,,961,,2.8,,46,0.3,45.8,0,0,0,0,,,,
KLO,2010,5,15,17,8.6,,,,,,,,961.5,,3.8,,26,0.1,25.9,0,0,0,0,,,,
KLO,2010,5,15,18,8,,,,,,,,962.1,,2.4,,5,0,5,0,0,0,0,,,,
KLO,2010,5,15,19,7.8,,,,,,,,962.7,,1.3,,0,0,0,0,0,0,0,,,,
KLO,2010,5,15,20,7.8,,,,,,,,963.5,,0.6,,0,0,0,0,0,0,0,,,,
KLO,2010,5,15,21,7.6,,,,,,,,963.8,,1.2,,0,0,0,0,0,0,0,,,,
KLO,2010,5,15,22,7.3,,,,,,,,964,,0.7,,0,0,0,0,0,0,0,,,,
KLO,2010,5,15,23,7.2,,,,,,,,964.1,,0.3,,0,0,0,0,0,0,0,,,,
KLO,2010,5,16,0,6.8,,,,,,,,964,,0.8,,0,0,0,0,0,0,0,,,,
KLO,2010,5,16,1,6.6,,,,,,,,964.2,,1.1,,0,0,0,0,0,0,0,,,,
KLO,2010,5,16,2,6.5,,,,,,,,964.4,,1.3,,0,0,0,0,0,0,0,,,,
KLO,2010,5,16,3,6.6,,,,,,,,964.6,,1.1,,0,0,0,0,0,0,0,,,,
KLO,2010,5,16,4,6.7,,,,,,,,964.9,,1.3,,2,0,0,0,0,0,0,,,,
KLO,2010,5,16,5,7,,,,,,,,965.5,,1,,18,0,0,0,0,0,0,,,,
KLO,2010,5,16,6,7.3,,,,,,,,966,,1.3,,63,0,0,0,0,0,0,,,,
KLO,2010,5,16,7,8.2,,,,,,,,966.5,,1.5,,265,1225.8,43.7,0,0,0,0,,,,
KLO,2010,5,16,8,9.5,,,,,,,,966.7,,3.1,,331,743.5,73.4,0,0,0,0,,,,
KLO,2010,5,16,9,9.6,,,,,,,,967.1,,2.9,,135,4.8,132.6,0,0,0,0,,,,
KLO,2010,5,16,10,10.1,,,,,,,,967.4,,1.5,,171,4.7,168,0,0,0,0,,,,
KLO,2010,5,16,11,10.6,,,,,,,,967.4,,2.4,,198,4.6,194.5,0,0,0,0,,,,
KLO,2010,5,16,12,9.1,,,,,,,,967.9,,3,,146,2,144.3,0,0,0,0,,,,
KLO,2010,5,16,13,9.6,,,,,,,,968.1,,3.9,,205,3.7,201.8,0,0,0,0,,,,
KLO,2010,5,16,14,9.8,,,,,,,,968.5,,3.2,,182,2.9,179.4,0,0,0,0,,,,
KLO,2010,5,16,15,10.7,,,,,,,,968.5,,3.8,,296,12.2,286,0,0,0,0,,,,
KLO,2010,5,16,16,10.4,,,,,,,,968.7,,2.9,,94,1.1,93.2,0,0,0,0,,,,
KLO,2010,5,16,17,10.1,,,,,,,,969,,3,,88,1.4,87.1,0,0,0,0,,,,
KLO,2010,5,16,18,9.5,,,,,,,,969.5,,1.9,,42,0.5,41.7,0,0,0,0,,,,
KLO,2010,5,16,19,8.8,,,,,,,,970.2,,1.6,,1,0,1,0,0,0,0,,,,
KLO,2010,5,16,20,7.9,,,,,,,,970.6,,1.2,,0,0,0,0,0,0,0,,,,
KLO,2010,5,16,21,6.9,,,,,,,,970.8,,2.1,,0,0,0,0,0,0,0,,,,
KLO,2010,5,16,22,5.9,,,,,,,,971,,2.1,,0,0,0,0,0,0,0,,,,
KLO,2010,5,16,23,5.4,,,,,,,,971,,2.3,,0,0,0,0,0,0,0,,,,
KLO,2010,5,17,0,5.7,,,,,,,,971,,1.9,,0,0,0,0,0,0,0,,,,
KLO,2010,5,17,1,5.7,,,,,,,,971.2,,1.5,,0,0,0,0,0,0,0,,,,
KLO,2010,5,17,2,6,,,,,,,,971.3,,1.7,,0,0,0,0,0,0,0,,,,
KLO,2010,5,17,3,6.1,,,,,,,,971.4,,1.7,,0,0,0,0,0,0,0,,,,
KLO,2010,5,17,4,6.3,,,,,,,,971.7,,1.6,,13,0,0,0,0,0,0,,,,
KLO,2010,5,17,5,7.3,,,,,,,,972,,1.3,,85,0,0,0,0,0,0,,,,
KLO,2010,5,17,6,8.9,,,,,,,,972.2,,1.2,,237,0,0,0,0,0,0,,,,
KLO,2010,5,17,7,10.2,,,,,,,,972.4,,2.2,,364,1658.3,60.1,0,0,0,0,,,,
KLO,2010,5,17,8,12.2,,,,,,,,972.4,,3.2,,638,1526.1,105.3,0,0,0,0,,,,
KLO,2010,5,17,9,13.4,,,,,,,,972.4,,2.8,,736,1209.4,121.4,0,0,0,0,,,,
KLO,2010,5,17,10,13.6,,,,,,,,972.3,,3.1,,407,175.2,293.2,0,0,0,0,,,,
KLO,2010,5,17,11,13.5,,,,,,,,972.2,,1.3,,241,7.2,235.5,0,0,0,0,,,,
KLO,2010,5,17,12,14.4,,,,,,,,972.1,,2.7,,303,12.3,292.6,0,0,0,0,,,,
KLO,2010,5,17,13,14,,,,,,,,972.1,,1.1,,155,2.1,153.2,0,0,0,0,,,,
KLO,2010,5,17,14,12.4,,,,,,,,972.4,,2.5,,73,0.5,72.6,0,0,0,0,,,,
KLO,2010,5,17,15,13.2,,,,,,,,972.6,,2.5,,238,5.6,233.4,0,0,0,0,,,,
KLO,2010,5,17,16,13.5,,,,,,,,972.7,,1.8,,153,2.9,150.9,0,0,0,0,,,,
KLO,2010,5,17,17,12.9,,,,,,,,972.8,,1.6,,63,0.7,62.6,0,0,0,0,,,,
KLO,2010,5,17,18,11.8,,,,,,,,973,,1.7,,24,0.2,23.9,0,0,0,0,,,,
KLO,2010,5,17,19,11.9,,,,,,,,973.6,,2.5,,0,0,0,0,0,0,0,,,,
KLO,2010,5,17,20,10.9,,,,,,,,974.2,,1.8,,0,0,0,0,0,0,0,,,,
KLO,2010,5,17,21,11.1,,,,,,,,974.4,,2.2,,0,0,0,0,0,0,0,,,,
KLO,2010,5,17,22,11.2,,,,,,,,974.6,,1.5,,0,0,0,0,0,0,0,,,,
KLO,2010,5,17,23,10.9,,,,,,,,974.8,,3.2,,0,0,0,0,0,0,0,,,,
KLO,2010,5,18,0,10.4,,,,,,,,974.9,,2.5,,0,0,0,0,0,0,0,,,,
KLO,2010,5,18,1,9.3,,,,,,,,975.1,,0.9,,0,0,0,0,0,0,0,,,,
KLO,2010,5,18,2,8.9,,,,,,,,975.1,,1.2,,0,0,0,0,0,0,0,,,,
KLO,2010,5,18,3,7.9,,,,,,,,975.2,,1.4,,0,0,0,0,0,0,0,,,,
KLO,2010,5,18,4,7,,,,,,,,975.5,,1.4,,24,0,0,0,0,0,0,,,,
KLO,2010,5,18,5,8,,,,,,,,975.7,,0.6,,138,0,0,0,0,0,0,,,,
KLO,2010,5,18,6,9.7,,,,,,,,975.9,,0.9,,306,0,0,0,0,0,0,,,,
KLO,2010,5,18,7,11.2,,,,,,,,976.1,,1.8,,515,2312.4,85,0,0,0,0,,,,
KLO,2010,5,18,8,12,,,,,,,,976,,2,,492,1168.7,81.2,0,0,0,0,,,,
KLO,2010,5,18,9,12.3,,,,,,,,975.8,,1.9,,494,766,103,0,0,0,0,,,,
KLO,2010,5,18,10,13.5,,,,,,,,975.5,,2.5,,588,646.9,166.6,0,0,0,0,,,,
KLO,2010,5,18,11,13.4,,,,,,,,975.2,,2.4,,473,165.6,346.3,0,0,0,0,,,,
KLO,2010,5,18,12,13,,,,,,,,975.1,,2.6,,239,5.4,234.4,0,0,0,0,,,,
KLO,2010,5,18,13,13.7,,,,,,,,974.9,,2.5,,518,133,400.8,0,0,0,0,,,,
KLO,2010,5,18,14,14.4,,,,,,,,974.5,,3.5,,405,42.7,367.6,0,0,0,0,,,,
KLO,2010,5,18,15,14,,,,,,,,974.4,,4.3,,268,7.9,261.4,0,0,0,0,,,,
KLO,2010,5,18,16,13.3,,,,,,,,974.2,,3.1,,164,3.3,161.5,0,0,0,0,,,,
KLO,2010,5,18,17,12.7,,,,,,,,974.1,,2.9,,82,1.2,81.3,0,0,0,0,,,,
KLO,2010,5,18,18,12.2,,,,,,,,974.2,,3.9,,36,0.4,35.8,0,0,0,0,,,,
KLO,2010,5,18,19,10.5,,,,,,,,974.8,,3.1,,1,0,1,0,0,0,0,,,,
KLO,2010,5,18,20,10.1,,,,,,,,975.3,,1.8,,0,0,0,0,0,0,0,,,,
KLO,2010,5,18,21,9.3,,,,,,,,975.3,,1.2,,0,0,0,0,0,0,0,,,,
KLO,2010,5,18,22,8.3,,,,,,,,975,,0.8,,0,0,0,0,0,0,0,,,,
KLO,2010,5,18,23,6.6,,,,,,,,974.8,,1,,0,0,0,0,0,0,0,,,,
KLO,2010,5,19,0,5.4,,,,,,,,974.6,,0.8,,0,0,0,0,0,0,0,,,,
KLO,2010,5,19,1,5,,,,,,,,974.5,,0.9,,0,0,0,0,0,0,0,,,,
KLO,2010,5,19,2,4.5,,,,,,,,974.4,,1.5,,0,0,0,0,0,0,0,,,,
KLO,2010,5,19,3,5.3,,,,,,,,974.2,,1.5,,0,0,0,0,0,0,0,,,,
KLO,2010,5,19,4,5.8,,,,,,,,974.5,,2.3,,9,0,0,0,0,0,0,,,,
KLO,2010,5,19,5,6.1,,,,,,,,974.9,,2.4,,31,0,0,0,0,0,0,,,,
KLO,2010,5,19,6,7.1,,,,,,,,974.7,,1.1,,202,0,0,0,0,0,0,,,,
KLO,2010,5,19,7,8,,,,,,,,974.9,,1,,370,1638.6,61.1,0,0,0,0,,,,
KLO,2010,5,19,8,10,,,,,,,,975,,1.3,,654,1543.1,107.9,0,0,0,0,,,,
KLO,2010,5,19,9,9.5,,,,,,,,975.1,,2.9,,390,376.5,197,0,0,0,0,,,,
KLO,2010,5,19,10,7.9,,,,,,,,975.5,,2.2,,239,13.3,230.3,0,0,0,0,,,,
KLO,2010,5,19,11,10.5,,,,,,,,975.3,,2.2,,644,524.7,241.7,0,0,0,0,,,,
KLO,2010,5,19,12,12.3,,,,,,,,975,,3.1,,948,936.8,156.4,0,0,0,0,,,,
KLO,2010,5,19,13,12.5,,,,,,,,974.9,,2.4,,567,194.9,394.9,0,0,0,0,,,,
KLO,2010,5,19,14,12.7,,,,,,,,974.7,,2,,366,25.4,343.7,0,0,0,0,,,,
KLO,2010,5,19,15,12.1,,,,,,,,974.8,,2.3,,130,1.7,128.6,0,0,0,0,,,,
KLO,2010,5,19,16,12.3,,,,,,,,974.9,,1.8,,132,2.1,130.4,0,0,0,0,,,,
KLO,2010,5,19,17,11.9,,,,,,,,975.1,,1.3,,53,0.5,52.7,0,0,0,0,,,,
KLO,2010,5,19,18,10.4,,,,,,,,975.7,,2.2,,6,0,6,0,0,0,0,,,,
KLO,2010,5,19,19,8.8,,,,,,,,976.7,,3.3,,0,0,0,0,0,0,0,,,,
KLO,2010,5,19,20,7.6,,,,,,,,977.3,,2.6,,0,0,0,0,0,0,0,,,,
KLO,2010,5,19,21,7.6,,,,,,,,977.5,,0.7,,0,0,0,0,0,0,0,,,,
KLO,2010,5,19,22,7.5,,,,,,,,977.3,,0.8,,0,0,0,0,0,0,0,,,,
KLO,2010,5,19,23,7.6,,,,,,,,977.3,,0.6,,0,0,0,0,0,0,0,,,,
KLO,2010,5,20,0,7.8,,,,,,,,977.1,,1,,0,0,0,0,0,0,0,,,,
KLO,2010,5,20,1,7.7,,,,,,,,976.8,,1.2,,0,0,0,0,0,0,0,,,,
KLO,2010,5,20,2,7.6,,,,,,,,976.7,,1.9,,0,0,0,0,0,0,0,,,,
KLO,2010,5,20,3,7.6,,,,,,,,976.7,,1,,0,0,0,0,0,0,0,,,,
KLO,2010,5,20,4,7.7,,,,,,,,976.7,,1.1,,5,0,0,0,0,0,0,,,,
KLO,2010,5,20,5,7.9,,,,,,,,976.9,,1.5,,13,0,0,0,0,0,0,,,,
KLO,2010,5,20,6,8.2,,,,,,,,977,,1.1,,43,0,0,0,0,0,0,,,,
KLO,2010,5,20,7,8.4,,,,,,,,977.4,,0.9,,72,15.3,69.1,0,0,0,0,,,,
KLO,2010,5,20,8,8.9,,,,,,,,977.6,,1,,109,6.6,106.7,0,0,0,0,,,,
KLO,2010,5,20,9,9.5,,,,,,,,977.6,,0.8,,140,5,137.4,0,0,0,0,,,,
KLO,2010,5,20,10,10.1,,,,,,,,977.5,,1.6,,134,2.8,132.2,0,0,0,0,,,,
KLO,2010,5,20,11,11.1,,,,,,,,977.3,,2.3,,311,21.8,294.2,0,0,0,0,,,,
KLO,2010,5,20,12,11.3,,,,,,,,977.1,,2,,161,2.4,158.9,0,0,0,0,,,,
KLO,2010,5,20,13,11.4,,,,,,,,977,,1.9,,117,1.2,116,0,0,0,0,,,,
KLO,2010,5,20,14,11.7,,,,,,,,977,,1.4,,125,1.4,123.8,0,0,0,0,,,,
KLO,2010,5,20,15,11.8,,,,,,,,977,,1.3,,86,0.7,85.4,0,0,0,0,,,,
KLO,2010,5,20,16,11.7,,,,,,,,977.1,,1.9,,52,0.3,51.8,0,0,0,0,,,,
KLO,2010,5,20,17,11.3,,,,,,,,977.1,,1.9,,26,0.1,25.9,0,0,0,0,,,,
KLO,2010,5,20,18,10.9,,,,,,,,977.4,,1.8,,6,0,6,0,0,0,0,,,,
KLO,2010,5,20,19,10.4,,,,,,,,977.6,,1.9,,0,0,0,0,0,0,0,,,,
KLO,2010,5,20,20,10,,,,,,,,977.8,,1,,0,0,0,0,0,0,0,,,,
KLO,2010,5,20,21,10,,,,,,,,977.8,,1.4,,0,0,0,0,0,0,0,,,,
KLO,2010,5,20,22,9.9,,,,,,,,977.9,,1.4,,0,0,0,0,0,0,0,,,,
KLO,2010,5,20,23,9.9,,,,,,,,977.9,,1.9,,0,0,0,0,0,0,0,,,,
KLO,2010,5,21,0,9.8,,,,,,,,977.5,,1.7,,0,0,0,0,0,0,0,,,,
KLO,2010,5,21,1,9.8,,,,,,,,977.3,,2,,0,0,0,0,0,0,0,,,,
KLO,2010,5,21,2,9.8,,,,,,,,977.1,,1.4,,0,0,0,0,0,0,0,,,,
KLO,2010,5,21,3,9.7,,,,,,,,976.8,,0.3,,0,0,0,0,0,0,0,,,,
KLO,2010,5,21,4,9.7,,,,,,,,976.6,,1.6,,16,0,0,0,0,0,0,,,,
KLO,2010,5,21,5,10.1,,,,,,,,976.7,,2.5,,64,0,0,0,0,0,0,,,,
KLO,2010,5,21,6,10.6,,,,,,,,976.9,,3,,117,0,0,0,0,0,0,,,,
KLO,2010,5,21,7,11.1,,,,,,,,977.1,,2.5,,143,339.8,77.3,0,0,0,0,,,,
KLO,2010,5,21,8,12.2,,,,,,,,977,,2.7,,296,498.7,117.3,0,0,0,0,,,,
KLO,2010,5,21,9,12.8,,,,,,,,976.9,,2.8,,270,77.7,229.9,0,0,0,0,,,,
KLO,2010,5,21,10,12.7,,,,,,,,977,,2.8,,151,3.6,148.7,0,0,0,0,,,,
KLO,2010,5,21,11,13.6,,,,,,,,976.8,,2.2,,302,18.6,287.6,0,0,0,0,,,,
KLO,2010,5,21,12,14.9,,,,,,,,976.5,,2.1,,405,50.1,362.5,0,0,0,0,,,,
KLO,2010,5,21,13,15.6,,,,,,,,976.3,,3.4,,430,54.4,381.8,0,0,0,0,,,,
KLO,2010,5,21,14,16.4,,,,,,,,976,,2.9,,565,194.5,393.8,0,0,0,0,,,,
KLO,2010,5,21,15,16.6,,,,,,,,975.5,,3.3,,427,71,367.9,0,0,0,0,,,,
KLO,2010,5,21,16,16.9,,,,,,,,975.3,,5,,430,122.7,338.5,0,0,0,0,,,,
KLO,2010,5,21,17,16.5,,,,,,,,975.2,,4.1,,221,11.4,213.9,0,0,0,0,,,,
KLO,2010,5,21,18,15.4,,,,,,,,975.2,,3.3,,83,2,82,0,0,0,0,,,,
KLO,2010,5,21,19,13.5,,,,,,,,975.4,,2.4,,4,0,4,0,0,0,0,,,,
KLO,2010,5,21,20,11.4,,,,,,,,975.7,,2.6,,0,0,0,0,0,0,0,,,,
KLO,2010,5,21,21,10.4,,,,,,,,975.7,,2.4,,0,0,0,0,0,0,0,,,,
KLO,2010,5,21,22,11,,,,,,,,975.7,,2.4,,0,0,0,0,0,0,0,,,,
KLO,2010,5,21,23,10,,,,,,,,975.5,,3.1,,0,0,0,0,0,0,0,,,,
KLO,2010,5,22,0,8.9,,,,,,,,975,,2.7,,0,0,0,0,0,0,0,,,,
KLO,2010,5,22,1,8.8,,,,,,,,974.5,,3.2,,0,0,0,0,0,0,0,,,,
KLO,2010,5,22,2,8.6,,,,,,,,974.3,,2.9,,0,0,0,0,0,0,0,,,,
KLO,2010,5,22,3,8,,,,,,,,974.1,,2.4,,0,0,0,0,0,0,0,,,,
KLO,2010,5,22,4,7.8,,,,,,,,974.1,,3.1,,24,0,0,0,0,0,0,,,,
KLO,2010,5,22,5,9.4,,,,,,,,974.2,,2.3,,154,0,0,0,0,0,0,,,,
KLO,2010,5,22,6,11.3,,,,,,,,974.4,,1.9,,311,0,0,0,0,0,0,,,,
KLO,2010,5,22,7,12.9,,,,,,,,974.3,,2.1,,455,1941.2,75.1,0,0,0,0,,,,
KLO,2010,5,22,8,15.7,,,,,,,,974,,4.3,,726,1681.8,119.8,0,0,0,0,,,,
KLO,2010,5,22,9,17.1,,,,,,,,973.7,,5.8,,826,1330.2,136.3,0,0,0,0,,,,
KLO,2010,5,22,10,18.4,,,,,,,,973.3,,6.6,,906,1148.2,149.5,0,0,0,0,,,,
KLO,2010,5,22,11,19.4,,,,,,,,973,,4.5,,840,908.7,138.6,0,0,0,0,,,,
KLO,2010,5,22,12,19.9,,,,,,,,972.6,,4.1,,641,365.9,330,0,0,0,0,,,,
KLO,2010,5,22,13,21.2,,,,,,,,972.2,,4.4,,818,685,210.1,0,0,0,0,,,,
KLO,2010,5,22,14,21.4,,,,,,,,971.9,,4.7,,661,357.4,345.7,0,0,0,0,,,,
KLO,2010,5,22,15,21.6,,,,,,,,971.4,,3.9,,603,312.7,342.1,0,0,0,0,,,,
KLO,2010,5,22,16,21.4,,,,,,,,971.1,,3.5,,427,117.8,339,0,0,0,0,,,,
KLO,2010,5,22,17,20.4,,,,,,,,970.8,,3.6,,187,6.1,183.1,0,0,0,0,,,,
KLO,2010,5,22,18,18.6,,,,,,,,971,,3,,41,0.5,40.8,0,0,0,0,,,,
KLO,2010,5,22,19,16.6,,,,,,,,971.1,,2.5,,4,0,4,0,0,0,0,,,,
KLO,2010,5,22,20,15.4,,,,,,,,971.4,,3,,0,0,0,0,0,0,0,,,,
KLO,2010,5,22,21,13.6,,,,,,,,971.5,,3.2,,0,0,0,0,0,0,0,,,,
KLO,2010,5,22,22,11.4,,,,,,,,971.5,,2,,0,0,0,0,0,0,0,,,,
KLO,2010,5,22,23,10.3,,,,,,,,971.4,,2.5,,0,0,0,0,0,0,0,,,,
KLO,2010,5,23,0,10.7,,,,,,,,971.2,,3,,0,0,0,0,0,0,0,,,,
KLO,2010,5,23,1,10.2,,,,,,,,971,,1.6,,0,0,0,0,0,0,0,,,,
KLO,2010,5,23,2,9.8,,,,,,,,970.9,,1.7,,0,0,0,0,0,0,0,,,,
KLO,2010,5,23,3,8.2,,,,,,,,970.8,,1,,0,0,0,0,0,0,0,,,,
KLO,2010,5,23,4,8.1,,,,,,,,970.8,,0.9,,32,0,0,0,0,0,0,,,,
KLO,2010,5,23,5,10.2,,,,,,,,970.9,,1.5,,163,0,0,0,0,0,0,,,,
KLO,2010,5,23,6,13,,,,,,,,971.1,,1.4,,337,0,0,0,0,0,0,,,,
KLO,2010,5,23,7,15.8,,,,,,,,971.1,,2,,511,2155.8,84.3,0,0,0,0,,,,
KLO,2010,5,23,8,18,,,,,,,,970.8,,2.4,,675,1555.1,111.4,0,0,0,0,,,,
KLO,2010,5,23,9,19.7,,,,,,,,970.7,,3.4,,802,1287,132.3,0,0,0,0,,,,
KLO,2010,5,23,10,21,,,,,,,,970.6,,4.3,,900,1137.7,148.5,0,0,0,0,,,,
KLO,2010,5,23,11,21.7,,,,,,,,970.4,,4.2,,939,1013.7,154.9,0,0,0,0,,,,
KLO,2010,5,23,12,22.6,,,,,,,,970,,4,,928,910.1,153.1,0,0,0,0,,,,
KLO,2010,5,23,13,22.8,,,,,,,,969.6,,3.8,,841,729.9,192.1,0,0,0,0,,,,
KLO,2010,5,23,14,22.8,,,,,,,,969.3,,3.6,,599,243.9,383.5,0,0,0,0,,,,
KLO,2010,5,23,15,23,,,,,,,,969.1,,3.8,,596,297.2,347.6,0,0,0,0,,,,
KLO,2010,5,23,16,22.7,,,,,,,,968.9,,3.7,,413,100.2,338,0,0,0,0,,,,
KLO,2010,5,23,17,22.2,,,,,,,,968.8,,3.5,,236,15.1,226.5,0,0,0,0,,,,
KLO,2010,5,23,18,20.9,,,,,,,,968.7,,3.3,,82,1.9,81.1,0,0,0,0,,,,
KLO,2010,5,23,19,17.9,,,,,,,,969,,3.1,,3,0,3,0,0,0,0,,,,
KLO,2010,5,23,20,15.4,,,,,,,,969.2,,1.6,,0,0,0,0,0,0,0,,,,
KLO,2010,5,23,21,12.9,,,,,,,,969.3,,2.1,,0,0,0,0,0,0,0,,,,
KLO,2010,5,23,22,12.6,,,,,,,,969.2,,2,,0,0,0,0,0,0,0,,,,
KLO,2010,5,23,23,11.8,,,,,,,,969,,1.7,,0,0,0,0,0,0,0,,,,
KLO,2010,5,24,0,11.1,,,,,,,,968.8,,1.2,,0,0,0,0,0,0,0,,,,
KLO,2010,5,24,1,10.1,,,,,,,,968.5,,0.6,,0,0,0,0,0,0,0,,,,
KLO,2010,5,24,2,9.1,,,,,,,,968.3,,0.2,,0,0,0,0,0,0,0,,,,
KLO,2010,5,24,3,8.8,,,,,,,,968,,0.3,,0,0,0,0,0,0,0,,,,
KLO,2010,5,24,4,8.4,,,,,,,,968,,0.4,,33,0,0,0,0,0,0,,,,
KLO,2010,5,24,5,10.6,,,,,,,,968,,0.6,,171,0,0,0,0,0,0,,,,
KLO,2010,5,24,6,13.1,,,,,,,,968.1,,0.5,,350,0,0,0,0,0,0,,,,
KLO,2010,5,24,7,16,,,,,,,,967.9,,1.1,,522,2179.1,86.1,0,0,0,0,,,,
KLO,2010,5,24,8,18.2,,,,,,,,967.6,,0.6,,679,1556.1,112,0,0,0,0,,,,
KLO,2010,5,24,9,20.4,,,,,,,,967.3,,1,,806,1289.2,133,0,0,0,0,,,,
KLO,2010,5,24,10,22.1,,,,,,,,966.8,,1.1,,896,1129.9,147.8,0,0,0,0,,,,
KLO,2010,5,24,11,23.5,,,,,,,,966.1,,2.6,,939,1011.8,154.9,0,0,0,0,,,,
KLO,2010,5,24,12,24.7,,,,,,,,965.5,,3.3,,923,903.7,152.3,0,0,0,0,,,,
KLO,2010,5,24,13,25.6,,,,,,,,964.8,,3.5,,856,757,182,0,0,0,0,,,,
KLO,2010,5,24,14,26,,,,,,,,964.2,,3.4,,749,539.1,271.8,0,0,0,0,,,,
KLO,2010,5,24,15,26.1,,,,,,,,963.8,,2.6,,597,297.2,348.1,0,0,0,0,,,,
KLO,2010,5,24,16,25.7,,,,,,,,963.4,,3.3,,426,114.3,340.2,0,0,0,0,,,,
KLO,2010,5,24,17,24.5,,,,,,,,963.3,,3.1,,249,19.4,236.8,0,0,0,0,,,,
KLO,2010,5,24,18,22.1,,,,,,,,963.3,,2.6,,88,2.2,86.9,0,0,0,0,,,,
KLO,2010,5,24,19,20.1,,,,,,,,963.7,,0.9,,5,0,5,0,0,0,0,,,,
KLO,2010,5,24,20,17.5,,,,,,,,964.1,,1.7,,0,0,0,0,0,0,0,,,,
KLO,2010,5,24,21,16.6,,,,,,,,964.2,,1.5,,0,0,0,0,0,0,0,,,,
KLO,2010,5,24,22,15.3,,,,,,,,964.3,,1.7,,0,0,0,0,0,0,0,,,,
KLO,2010,5,24,23,13.9,,,,,,,,964.2,,1.4,,0,0,0,0,0,0,0,,,,
KLO,2010,5,25,0,13.1,,,,,,,,964.3,,1.2,,0,0,0,0,0,0,0,,,,
KLO,2010,5,25,1,12.5,,,,,,,,964.4,,3,,0,0,0,0,0,0,0,,,,
KLO,2010,5,25,2,12.2,,,,,,,,964.3,,2.2,,0,0,0,0,0,0,0,,,,
KLO,2010,5,25,3,11.6,,,,,,,,964.2,,2.4,,0,0,0,0,0,0,0,,,,
KLO,2010,5,25,4,12.2,,,,,,,,964.2,,2.8,,35,0,0,0,0,0,0,,,,
KLO,2010,5,25,5,15.1,,,,,,,,964.3,,2.5,,162,0,0,0,0,0,0,,,,
KLO,2010,5,25,6,18.1,,,,,,,,964.4,,2,,329,0,0,0,0,0,0,,,,
KLO,2010,5,25,7,20.8,,,,,,,,964.3,,2.5,,533,2203,87.9,0,0,0,0,,,,
KLO,2010,5,25,8,21.9,,,,,,,,964.1,,3,,556,1267.9,91.7,0,0,0,0,,,,
KLO,2010,5,25,9,23.4,,,,,,,,963.8,,2.9,,785,1251.6,129.5,0,0,0,0,,,,
KLO,2010,5,25,10,25.1,,,,,,,,963.3,,4.1,,883,1111,145.7,0,0,0,0,,,,
KLO,2010,5,25,11,26.1,,,,,,,,962.7,,4.7,,925,994.9,152.6,0,0,0,0,,,,
KLO,2010,5,25,12,26.6,,,,,,,,962.1,,3.4,,897,877.2,147.7,0,0,0,0,,,,
KLO,2010,5,25,13,26.9,,,,,,,,961.7,,2.5,,787,610.7,242.3,0,0,0,0,,,,
KLO,2010,5,25,14,27.4,,,,,,,,961.2,,3.4,,723,479.9,297.5,0,0,0,0,,,,
KLO,2010,5,25,15,27,,,,,,,,960.8,,3.8,,544,203.9,372.9,0,0,0,0,,,,
KLO,2010,5,25,16,26.2,,,,,,,,960.4,,3.2,,375,62.2,328.2,0,0,0,0,,,,
KLO,2010,5,25,17,24.9,,,,,,,,960.3,,2.5,,225,11.8,217.6,0,0,0,0,,,,
KLO,2010,5,25,18,23.3,,,,,,,,960.2,,1.9,,79,1.8,78.1,0,0,0,0,,,,
KLO,2010,5,25,19,20.8,,,,,,,,960.2,,0.7,,4,0,4,0,0,0,0,,,,
KLO,2010,5,25,20,18.2,,,,,,,,960.6,,0.7,,0,0,0,0,0,0,0,,,,
KLO,2010,5,25,21,17.8,,,,,,,,960.7,,0.9,,0,0,0,0,0,0,0,,,,
KLO,2010,5,25,22,18.2,,,,,,,,960.9,,2,,0,0,0,0,0,0,0,,,,
KLO,2010,5,25,23,18.8,,,,,,,,961.3,,2.5,,0,0,0,0,0,0,0,,,,
KLO,2010,5,26,0,19,,,,,,,,961.3,,1.9,,0,0,0,0,0,0,0,,,,
KLO,2010,5,26,1,18.7,,,,,,,,961.4,,1.6,,0,0,0,0,0,0,0,,,,
KLO,2010,5,26,2,17.3,,,,,,,,961,,1.2,,0,0,0,0,0,0,0,,,,
KLO,2010,5,26,3,17.2,,,,,,,,960.9,,2.6,,0,0,0,0,0,0,0,,,,
KLO,2010,5,26,4,17,,,,,,,,961.3,,3.6,,4,0,0,0,0,0,0,,,,
KLO,2010,5,26,5,16.8,,,,,,,,961.6,,4.7,,21,0,0,0,0,0,0,,,,
KLO,2010,5,26,6,16,,,,,,,,961.5,,2.6,,81,0,0,0,0,0,0,,,,
KLO,2010,5,26,7,17.8,,,,,,,,961.1,,4.6,,441,1805.7,72.8,0,0,0,0,,,,
KLO,2010,5,26,8,18.8,,,,,,,,960.7,,4,,501,1137.1,82.7,0,0,0,0,,,,
KLO,2010,5,26,9,20,,,,,,,,960.3,,3.9,,548,870.9,90.6,0,0,0,0,,,,
KLO,2010,5,26,10,21.2,,,,,,,,959.9,,3.8,,543,482.4,222.2,0,0,0,0,,,,
KLO,2010,5,26,11,21.5,,,,,,,,959.7,,3.9,,444,117.8,352.4,0,0,0,0,,,,
KLO,2010,5,26,12,21.8,,,,,,,,959.4,,4.1,,550,197.2,381.3,0,0,0,0,,,,
KLO,2010,5,26,13,22.9,,,,,,,,958.7,,2.8,,720,462.6,306.9,0,0,0,0,,,,
KLO,2010,5,26,14,23.7,,,,,,,,958.1,,2.9,,682,391.7,334.1,0,0,0,0,,,,
KLO,2010,5,26,15,23.5,,,,,,,,957.7,,3.7,,587,275.1,355.8,0,0,0,0,,,,
KLO,2010,5,26,16,22.8,,,,,,,,957.4,,3.4,,408,92,338.6,0,0,0,0,,,,
KLO,2010,5,26,17,21,,,,,,,,957.4,,4.5,,206,8,200.9,0,0,0,0,,,,
KLO,2010,5,26,18,19.2,,,,,,,,957.9,,3.2,,37,0.4,36.8,0,0,0,0,,,,
KLO,2010,5,26,19,17,,,,,,,,959.2,,5.4,,1,0,1,0,0,0,0,,,,
KLO,2010,5,26,20,15.1,,,,,,,,959.8,,2.1,,0,0,0,0,0,0,0,,,,
KLO,2010,5,26,21,14.2,,,,,,,,960.3,,1.9,,0,0,0,0,0,0,0,,,,
KLO,2010,5,26,22,14,,,,,,,,960.3,,2.6,,0,0,0,0,0,0,0,,,,
KLO,2010,5,26,23,14.2,,,,,,,,960.1,,3.6,,0,0,0,0,0,0,0,,,,
KLO,2010,5,27,0,14.2,,,,,,,,959.9,,3.3,,0,0,0,0,0,0,0,,,,
KLO,2010,5,27,1,13.9,,,,,,,,959.7,,1.8,,0,0,0,0,0,0,0,,,,
KLO,2010,5,27,2,13.9,,,,,,,,959.5,,2.7,,0,0,0,0,0,0,0,,,,
KLO,2010,5,27,3,14,,,,,,,,959.4,,3.3,,0,0,0,0,0,0,0,,,,
KLO,2010,5,27,4,13.7,,,,,,,,959.6,,2.2,,5,0,0,0,0,0,0,,,,
KLO,2010,5,27,5,13.8,,,,,,,,960,,2.1,,36,0,0,0,0,0,0,,,,
KLO,2010,5,27,6,13.8,,,,,,,,960.5,,2.5,,59,0,0,0,0,0,0,,,,
KLO,2010,5,27,7,14.5,,,,,,,,960.8,,1.7,,146,293.1,85.7,0,0,0,0,,,,
KLO,2010,5,27,8,15,,,,,,,,960.9,,2.5,,226,159.8,166.9,0,0,0,0,,,,
KLO,2010,5,27,9,16.1,,,,,,,,960.8,,3.8,,456,578.8,151.1,0,0,0,0,,,,
KLO,2010,5,27,10,16.5,,,,,,,,960.9,,3.2,,447,234.9,290.5,0,0,0,0,,,,
KLO,2010,5,27,11,16.9,,,,,,,,960.8,,3.8,,434,105.5,351.8,0,0,0,0,,,,
KLO,2010,5,27,12,15.2,,,,,,,,961.2,,4.6,,146,2,144.3,0,0,0,0,,,,
KLO,2010,5,27,13,15.3,,,,,,,,961.4,,2.2,,171,2.5,168.8,0,0,0,0,,,,
KLO,2010,5,27,14,14.7,,,,,,,,961.6,,2.3,,238,4.8,233.7,0,0,0,0,,,,
KLO,2010,5,27,15,16.9,,,,,,,,961.7,,1.8,,408,54.3,362.2,0,0,0,0,,,,
KLO,2010,5,27,16,17.3,,,,,,,,961.6,,1.3,,379,64.3,330.4,0,0,0,0,,,,
KLO,2010,5,27,17,17,,,,,,,,961.6,,2,,132,2.9,130.1,0,0,0,0,,,,
KLO,2010,5,27,18,15.9,,,,,,,,961.9,,1.5,,84,2,83,0,0,0,0,,,,
KLO,2010,5,27,19,14,,,,,,,,962.3,,1.2,,3,0,3,0,0,0,0,,,,
KLO,2010,5,27,20,13.6,,,,,,,,962.9,,0.8,,0,0,0,0,0,0,0,,,,
KLO,2010,5,27,21,12.5,,,,,,,,963.1,,0.5,,0,0,0,0,0,0,0,,,,
KLO,2010,5,27,22,12.1,,,,,,,,963.2,,1,,0,0,0,0,0,0,0,,,,
KLO,2010,5,27,23,10.8,,,,,,,,963,,0.7,,0,0,0,0,0,0,0,,,,
KLO,2010,5,28,0,9.7,,,,,,,,962.8,,0.9,,0,0,0,0,0,0,0,,,,
KLO,2010,5,28,1,9.2,,,,,,,,962.8,,0.5,,0,0,0,0,0,0,0,,,,
KLO,2010,5,28,2,8.7,,,,,,,,962.7,,0.9,,0,0,0,0,0,0,0,,,,
KLO,2010,5,28,3,8.3,,,,,,,,962.9,,1.2,,0,0,0,0,0,0,0,,,,
KLO,2010,5,28,4,9.5,,,,,,,,963.3,,0.5,,21,0,0,0,0,0,0,,,,
KLO,2010,5,28,5,10.9,,,,,,,,963.6,,0.4,,93,0,0,0,0,0,0,,,,
KLO,2010,5,28,6,12.9,,,,,,,,963.9,,1.2,,146,0,0,0,0,0,0,,,,
KLO,2010,5,28,7,14.5,,,,,,,,964.1,,1,,300,1207.5,49.5,0,0,0,0,,,,
KLO,2010,5,28,8,15.8,,,,,,,,964.5,,1.3,,382,856.6,64.2,0,0,0,0,,,,
KLO,2010,5,28,9,17,,,,,,,,964.6,,1.6,,567,896.5,93.6,0,0,0,0,,,,
KLO,2010,5,28,10,18.4,,,,,,,,964.4,,1.3,,745,931.7,122.9,0,0,0,0,,,,
KLO,2010,5,28,11,19.1,,,,,,,,964.3,,3.3,,810,865.9,134.4,0,0,0,0,,,,
KLO,2010,5,28,12,20,,,,,,,,964.3,,5,,893,868.6,147.8,0,0,0,0,,,,
KLO,2010,5,28,13,20.2,,,,,,,,964.4,,5.4,,965,899.6,159.2,0,0,0,0,,,,
KLO,2010,5,28,14,19.8,,,,,,,,964.6,,4.9,,701,427.2,320.4,0,0,0,0,,,,
KLO,2010,5,28,15,20.2,,,,,,,,964.8,,3.9,,631,357.1,329.8,0,0,0,0,,,,
KLO,2010,5,28,16,19.9,,,,,,,,965.2,,4.8,,466,164.1,341.7,0,0,0,0,,,,
KLO,2010,5,28,17,19,,,,,,,,965.4,,4.6,,202,7.4,197.3,0,0,0,0,,,,
KLO,2010,5,28,18,17.8,,,,,,,,966.2,,3.6,,74,1.5,73.2,0,0,0,0,,,,
KLO,2010,5,28,19,16.5,,,,,,,,966.9,,2.4,,5,0,5,0,0,0,0,,,,
KLO,2010,5,28,20,15.7,,,,,,,,967.9,,1.5,,0,0,0,0,0,0,0,,,,
KLO,2010,5,28,21,15.6,,,,,,,,968.4,,2,,0,0,0,0,0,0,0,,,,
KLO,2010,5,28,22,14.6,,,,,,,,968.7,,2.6,,0,0,0,0,0,0,0,,,,
KLO,2010,5,28,23,13.3,,,,,,,,969,,1.5,,0,0,0,0,0,0,0,,,,
KLO,2010,5,29,0,13,,,,,,,,968.7,,1.2,,0,0,0,0,0,0,0,,,,
KLO,2010,5,29,1,12.6,,,,,,,,968.3,,2.4,,0,0,0,0,0,0,0,,,,
KLO,2010,5,29,2,12.7,,,,,,,,968.4,,1.8,,0,0,0,0,0,0,0,,,,
KLO,2010,5,29,3,12.6,,,,,,,,968.3,,1.5,,0,0,0,0,0,0,0,,,,
KLO,2010,5,29,4,11.9,,,,,,,,968.4,,1.7,,25,0,0,0,0,0,0,,,,
KLO,2010,5,29,5,13,,,,,,,,968.7,,1.4,,188,0,0,0,0,0,0,,,,
KLO,2010,5,29,6,13.7,,,,,,,,968.8,,1.3,,245,0,0,0,0,0,0,,,,
KLO,2010,5,29,7,15.2,,,,,,,,968.9,,0.7,,420,1677.4,69.3,0,0,0,0,,,,
KLO,2010,5,29,8,15.8,,,,,,,,968.8,,1.3,,379,842.4,65.2,0,0,0,0,,,,
KLO,2010,5,29,9,16.7,,,,,,,,968.7,,0.7,,516,780.7,102.7,0,0,0,0,,,,
KLO,2010,5,29,10,17.6,,,,,,,,968.5,,1,,616,686.2,157,0,0,0,0,,,,
KLO,2010,5,29,11,18.6,,,,,,,,968,,1.4,,798,847.2,136.1,0,0,0,0,,,,
KLO,2010,5,29,12,20,,,,,,,,967.4,,1.6,,943,916.6,155.6,0,0,0,0,,,,
KLO,2010,5,29,13,20.7,,,,,,,,966.8,,1.5,,712,440.6,316.9,0,0,0,0,,,,
KLO,2010,5,29,14,20.9,,,,,,,,966.4,,1.4,,619,269.3,378.8,0,0,0,0,,,,
KLO,2010,5,29,15,21.3,,,,,,,,966,,2,,457,92.2,379.1,0,0,0,0,,,,
KLO,2010,5,29,16,20.4,,,,,,,,965.9,,3.5,,260,10,252.4,0,0,0,0,,,,
KLO,2010,5,29,17,18.7,,,,,,,,965.9,,5.3,,117,2.3,115.6,0,0,0,0,,,,
KLO,2010,5,29,18,17.4,,,,,,,,966.4,,4.3,,47,0.6,46.7,0,0,0,0,,,,
KLO,2010,5,29,19,16.4,,,,,,,,967,,2.9,,7,0,7,0,0,0,0,,,,
KLO,2010,5,29,20,16.2,,,,,,,,967.5,,1.1,,0,0,0,0,0,0,0,,,,
KLO,2010,5,29,21,15.9,,,,,,,,967.2,,1,,0,0,0,0,0,0,0,,,,
KLO,2010,5,29,22,14.7,,,,,,,,966.7,,1.6,,0,0,0,0,0,0,0,,,,
KLO,2010,5,29,23,13.7,,,,,,,,966.1,,3.2,,0,0,0,0,0,0,0,,,,
KLO,2010,5,30,0,13.7,,,,,,,,965.3,,1.4,,0,0,0,0,0,0,0,,,,
KLO,2010,5,30,1,13.4,,,,,,,,965.1,,2.2,,0,0,0,0,0,0,0,,,,
KLO,2010,5,30,2,12.4,,,,,,,,964.5,,1.9,,0,0,0,0,0,0,0,,,,
KLO,2010,5,30,3,12.6,,,,,,,,963.9,,1.5,,0,0,0,0,0,0,0,,,,
KLO,2010,5,30,4,12.7,,,,,,,,963.6,,2,,1,0,0,0,0,0,0,,,,
KLO,2010,5,30,5,12.8,,,,,,,,963.5,,3.5,,19,0,0,0,0,0,0,,,,
KLO,2010,5,30,6,13.2,,,,,,,,963.3,,2.8,,42,244.1,28.9,0,0,0,0,,,,
KLO,2010,5,30,7,13.3,,,,,,,,963.3,,3.1,,74,11.2,71.6,0,0,0,0,,,,
KLO,2010,5,30,8,13.7,,,,,,,,963.3,,3.2,,106,5.4,104,0,0,0,0,,,,
KLO,2010,5,30,9,14.4,,,,,,,,963,,4.9,,162,6.6,158.5,0,0,0,0,,,,
KLO,2010,5,30,10,14.8,,,,,,,,962.9,,5.4,,198,6,194,0,0,0,0,,,,
KLO,2010,5,30,11,16.7,,,,,,,,963.1,,5.7,,699,634,203,0,0,0,0,,,,
KLO,2010,5,30,12,16.4,,,,,,,,963.1,,6.7,,512,142.5,389.4,0,0,0,0,,,,
KLO,2010,5,30,13,15.1,,,,,,,,963.1,,5.4,,185,2.9,182.4,0,0,0,0,,,,
KLO,2010,5,30,14,15.8,,,,,,,,963.2,,6,,369,24.6,347.1,0,0,0,0,,,,
KLO,2010,5,30,15,17.1,,,,,,,,963,,6.4,,476,110.6,382.4,0,0,0,0,,,,
KLO,2010,5,30,16,16.9,,,,,,,,963,,5.7,,214,5.4,209.9,0,0,0,0,,,,
KLO,2010,5,30,17,16.2,,,,,,,,962.6,,4.5,,111,2,109.7,0,0,0,0,,,,
KLO,2010,5,30,18,15.4,,,,,,,,962.8,,4.7,,52,0.7,51.6,0,0,0,0,,,,
KLO,2010,5,30,19,15,,,,,,,,962.5,,4.6,,4,0,4,0,0,0,0,,,,
KLO,2010,5,30,20,14.8,,,,,,,,962.8,,4.2,,0,0,0,0,0,0,0,,,,
KLO,2010,5,30,21,14.1,,,,,,,,962.6,,5.6,,0,0,0,0,0,0,0,,,,
KLO,2010,5,30,22,12.3,,,,,,,,962.1,,4.4,,0,0,0,0,0,0,0,,,,
KLO,2010,5,30,23,11.9,,,,,,,,961.9,,5.9,,0,0,0,0,0,0,0,,,,
KLO,2010,5,31,0,11.4,,,,,,,,961.8,,5.1,,0,0,0,0,0,0,0,,,,
KLO,2010,5,31,1,11,,,,,,,,962.2,,4.7,,0,0,0,0,0,0,0,,,,
KLO,2010,5,31,2,8.8,,,,,,,,962.9,,4.5,,0,0,0,0,0,0,0,,,,
KLO,2010,5,31,3,7.2,,,,,,,,963.2,,1.7,,0,0,0,0,0,0,0,,,,
KLO,2010,5,31,4,7.3,,,,,,,,963.7,,2.1,,16,0,0,0,0,0,0,,,,
KLO,2010,5,31,5,8.7,,,,,,,,964.1,,2.6,,69,0,0,0,0,0,0,,,,
KLO,2010,5,31,6,9.5,,,,,,,,964.7,,1.9,,110,1658.1,18.2,0,0,0,0,,,,
KLO,2010,5,31,7,11.9,,,,,,,,964.8,,3.6,,479,1886.5,79,0,0,0,0,,,,
KLO,2010,5,31,8,13.2,,,,,,,,964.9,,4.6,,640,1424.7,105.6,0,0,0,0,,,,
KLO,2010,5,31,9,13.1,,,,,,,,964.9,,4.8,,441,509.2,170.3,0,0,0,0,,,,
KLO,2010,5,31,10,13.7,,,,,,,,965,,4.5,,420,177.2,301.1,0,0,0,0,,,,
KLO,2010,5,31,11,14.3,,,,,,,,965.3,,5.7,,512,212.3,345.7,0,0,0,0,,,,
KLO,2010,5,31,12,15,,,,,,,,965.5,,6.4,,739,565.5,252.1,0,0,0,0,,,,
KLO,2010,5,31,13,15,,,,,,,,965.6,,5.6,,495,100.5,404.7,0,0,0,0,,,,
KLO,2010,5,31,14,14.6,,,,,,,,965.9,,5.3,,329,13.8,316.6,0,0,0,0,,,,
KLO,2010,5,31,15,14.4,,,,,,,,966.1,,5.6,,240,5.4,235.4,0,0,0,0,,,,
KLO,2010,5,31,16,14,,,,,,,,966.3,,5.3,,152,2.7,149.9,0,0,0,0,,,,
KLO,2010,5,31,17,13.7,,,,,,,,966.5,,3.6,,108,1.9,106.8,0,0,0,0,,,,
KLO,2010,5,31,18,13.2,,,,,,,,966.7,,2.1,,48,0.6,47.7,0,0,0,0,,,,
KLO,2010,5,31,19,12.6,,,,,,,,967.3,,2.7,,2,0,2,0,0,0,0,,,,
KLO,2010,5,31,20,12,,,,,,,,968.1,,3,,0,0,0,0,0,0,0,,,,
KLO,2010,5,31,21,11.7,,,,,,,,968.2,,2.6,,0,0,0,0,0,0,0,,,,
KLO,2010,5,31,22,10.9,,,,,,,,968.3,,2.2,,0,0,0,0,0,0,0,,,,
KLO,2010,5,31,23,11,,,,,,,,968.3,,2.5,,0,0,0,0,0,0,0,,,,
KLO,2010,6,1,0,10.6,,,,,,,,968.1,,2,,0,0,0,0,0,0,0,,,,
KLO,2010,6,1,1,10.2,,,,,,,,967.5,,1.1,,0,0,0,0,0,0,0,,,,
KLO,2010,6,1,2,10.1,,,,,,,,967,,1.6,,0,0,0,0,0,0,0,,,,
KLO,2010,6,1,3,10.1,,,,,,,,966.8,,1.1,,0,0,0,0,0,0,0,,,,
KLO,2010,6,1,4,10.2,,,,,,,,967,,2,,10,0,0,0,0,0,0,,,,
KLO,2010,6,1,5,10.3,,,,,,,,967.4,,1.3,,40,0,0,0,0,0,0,,,,
KLO,2010,6,1,6,10.5,,,,,,,,967.8,,2,,44,280,28.1,0,0,0,0,,,,
KLO,2010,6,1,7,10.8,,,,,,,,968.1,,2.1,,80,15.2,76.8,0,0,0,0,,,,
KLO,2010,6,1,8,12,,,,,,,,967.6,,2.6,,343,669.6,91.1,0,0,0,0,,,,
KLO,2010,6,1,9,13.2,,,,,,,,966.8,,2.8,,448,532,164.6,0,0,0,0,,,,
KLO,2010,6,1,10,14.5,,,,,,,,966.3,,2,,669,813.3,122.5,0,0,0,0,,,,
KLO,2010,6,1,11,15.1,,,,,,,,965.8,,1.6,,445,115.4,354.5,0,0,0,0,,,,
KLO,2010,6,1,12,15,,,,,,,,965.3,,1.5,,168,2.6,165.8,0,0,0,0,,,,
KLO,2010,6,1,13,14.7,,,,,,,,965.2,,1.3,,120,1.2,118.9,0,0,0,0,,,,
KLO,2010,6,1,14,15.1,,,,,,,,965,,1.8,,219,4.1,215.4,0,0,0,0,,,,
KLO,2010,6,1,15,15.4,,,,,,,,964.9,,0.9,,300,11.5,290.2,0,0,0,0,,,,
KLO,2010,6,1,16,15.9,,,,,,,,964.5,,0.7,,230,6.3,225.2,0,0,0,0,,,,
KLO,2010,6,1,17,15.4,,,,,,,,964.5,,1.8,,45,0.3,44.8,0,0,0,0,,,,
KLO,2010,6,1,18,14.5,,,,,,,,964.4,,1.6,,19,0.1,19,0,0,0,0,,,,
KLO,2010,6,1,19,14,,,,,,,,964.1,,1,,4,0,4,0,0,0,0,,,,
KLO,2010,6,1,20,13,,,,,,,,964.3,,1.2,,0,0,0,0,0,0,0,,,,
KLO,2010,6,1,21,12.9,,,,,,,,964.5,,1.8,,0,0,0,0,0,0,0,,,,
KLO,2010,6,1,22,12.2,,,,,,,,964.5,,1.7,,0,0,0,0,0,0,0,,,,
KLO,2010,6,1,23,11.7,,,,,,,,964.4,,1,,0,0,0,0,0,0,0,,,,
KLO,2010,6,2,0,11.6,,,,,,,,964.4,,1.2,,0,0,0,0,0,0,0,,,,
KLO,2010,6,2,1,11.4,,,,,,,,964.3,,1.2,,0,0,0,0,0,0,0,,,,
KLO,2010,6,2,2,11.3,,,,,,,,964.1,,0.9,,0,0,0,0,0,0,0,,,,
KLO,2010,6,2,3,10.9,,,,,,,,964.2,,1.3,,0,0,0,0,0,0,0,,,,
KLO,2010,6,2,4,10.9,,,,,,,,964.5,,1.6,,18,0,0,0,0,0,0,,,,
KLO,2010,6,2,5,11.4,,,,,,,,964.7,,0.8,,97,0,0,0,0,0,0,,,,
KLO,2010,6,2,6,11.8,,,,,,,,964.9,,1.6,,145,2080.7,23.9,0,0,0,0,,,,
KLO,2010,6,2,7,12.4,,,,,,,,965.2,,1.3,,268,1043,44.2,0,0,0,0,,,,
KLO,2010,6,2,8,13.2,,,,,,,,965.3,,0.9,,364,765.2,75.3,0,0,0,0,,,,
KLO,2010,6,2,9,13.4,,,,,,,,965.5,,0.8,,135,4.3,132.7,0,0,0,0,,,,
KLO,2010,6,2,10,13.4,,,,,,,,965.6,,1.3,,103,1.6,101.9,0,0,0,0,,,,
KLO,2010,6,2,11,13.2,,,,,,,,965.9,,1.7,,88,0.9,87.3,0,0,0,0,,,,
KLO,2010,6,2,12,13.6,,,,,,,,966.1,,0.8,,244,5.4,239.3,0,0,0,0,,,,
KLO,2010,6,2,13,13.6,,,,,,,,966.4,,0.8,,148,1.8,146.4,0,0,0,0,,,,
KLO,2010,6,2,14,13.1,,,,,,,,966.6,,1,,132,1.5,130.7,0,0,0,0,,,,
KLO,2010,6,2,15,13.7,,,,,,,,966.7,,1.2,,151,2.1,149.2,0,0,0,0,,,,
KLO,2010,6,2,16,13.4,,,,,,,,966.7,,1.3,,45,0.2,44.8,0,0,0,0,,,,
KLO,2010,6,2,17,13.3,,,,,,,,966.9,,2.2,,38,0.2,37.8,0,0,0,0,,,,
KLO,2010,6,2,18,12.9,,,,,,,,967.1,,1.4,,9,0,9,0,0,0,0,,,,
KLO,2010,6,2,19,12.2,,,,,,,,967.2,,2,,1,0,1,0,0,0,0,,,,
KLO,2010,6,2,20,12.1,,,,,,,,967.2,,1.7,,0,0,0,0,0,0,0,,,,
KLO,2010,6,2,21,12,,,,,,,,967.2,,1.5,,0,0,0,0,0,0,0,,,,
KLO,2010,6,2,22,11.7,,,,,,,,967.1,,1.3,,0,0,0,0,0,0,0,,,,
KLO,2010,6,2,23,11.8,,,,,,,,966.8,,0.6,,0,0,0,0,0,0,0,,,,
KLO,2010,6,3,0,11.6,,,,,,,,966.6,,1.1,,0,0,0,0,0,0,0,,,,
KLO,2010,6,3,1,11.6,,,,,,,,966.4,,0.9,,0,0,0,0,0,0,0,,,,
KLO,2010,6,3,2,11.7,,,,,,,,966.1,,0.8,,0,0,0,0,0,0,0,,,,
KLO,2010,6,3,3,11.7,,,,,,,,965.9,,0.8,,0,0,0,0,0,0,0,,,,
KLO,2010,6,3,4,11.8,,,,,,,,966,,0.7,,0,0,0,0,0,0,0,,,,
KLO,2010,6,3,5,12.1,,,,,,,,966.6,,0.6,,20,0,0,0,0,0,0,,,,
KLO,2010,6,3,6,12.1,,,,,,,,966.7,,0.7,,71,997.3,11.7,0,0,0,0,,,,
KLO,2010,6,3,7,12.4,,,,,,,,966.7,,1,,115,86.8,96.3,0,0,0,0,,,,
KLO,2010,6,3,8,12.7,,,,,,,,967.3,,1.9,,82,3.2,80.8,0,0,0,0,,,,
KLO,2010,6,3,9,12.5,,,,,,,,968,,1.7,,93,2.1,91.9,0,0,0,0,,,,
KLO,2010,6,3,10,12.8,,,,,,,,967.8,,2.8,,206,6.6,201.5,0,0,0,0,,,,
KLO,2010,6,3,11,13.1,,,,,,,,967.8,,3.5,,290,14.1,278.9,0,0,0,0,,,,
KLO,2010,6,3,12,13.4,,,,,,,,967.8,,2.7,,366,28.1,341.8,0,0,0,0,,,,
KLO,2010,6,3,13,14.4,,,,,,,,967.8,,3.3,,455,66.8,394.8,0,0,0,0,,,,
KLO,2010,6,3,14,13.7,,,,,,,,968.1,,3.2,,69,0.4,68.6,0,0,0,0,,,,
KLO,2010,6,3,15,13.1,,,,,,,,968.3,,3.8,,45,0.2,44.8,0,0,0,0,,,,
KLO,2010,6,3,16,13,,,,,,,,968.4,,3.2,,94,1,93.2,0,0,0,0,,,,
KLO,2010,6,3,17,13.6,,,,,,,,968.3,,3,,206,7.5,201.1,0,0,0,0,,,,
KLO,2010,6,3,18,13.4,,,,,,,,968.2,,2.5,,54,0.8,53.6,0,0,0,0,,,,
KLO,2010,6,3,19,13,,,,,,,,968.2,,2.7,,4,0,4,0,0,0,0,,,,
KLO,2010,6,3,20,12.8,,,,,,,,968.6,,2.3,,0,0,0,0,0,0,0,,,,
KLO,2010,6,3,21,12.5,,,,,,,,968.7,,2.1,,0,0,0,0,0,0,0,,,,
KLO,2010,6,3,22,12.4,,,,,,,,968.7,,0.8,,0,0,0,0,0,0,0,,,,
KLO,2010,6,3,23,12.4,,,,,,,,968.5,,1.3,,0,0,0,0,0,0,0,,,,
KLO,2010,6,4,0,12.3,,,,,,,,968.2,,1.3,,0,0,0,0,0,0,0,,,,
KLO,2010,6,4,1,11.8,,,,,,,,968,,1.2,,0,0,0,0,0,0,0,,,,
KLO,2010,6,4,2,11.9,,,,,,,,968.1,,2.4,,0,0,0,0,0,0,0,,,,
KLO,2010,6,4,3,11.4,,,,,,,,968,,2.6,,1,0,0,0,0,0,0,,,,
KLO,2010,6,4,4,12,,,,,,,,968.3,,1.7,,26,0,0,0,0,0,0,,,,
KLO,2010,6,4,5,12.3,,,,,,,,968.6,,2.7,,62,0,0,0,0,0,0,,,,
KLO,2010,6,4,6,12.7,,,,,,,,969.1,,3.4,,142,1956.7,23.4,0,0,0,0,,,,
KLO,2010,6,4,7,14.2,,,,,,,,969.3,,2.6,,464,1787.8,76.6,0,0,0,0,,,,
KLO,2010,6,4,8,16.7,,,,,,,,969.2,,3.3,,637,1402.7,105.1,0,0,0,0,,,,
KLO,2010,6,4,9,18.4,,,,,,,,969.2,,5,,798,1244.6,131.7,0,0,0,0,,,,
KLO,2010,6,4,10,19.7,,,,,,,,969.1,,5,,895,1108.2,147.7,0,0,0,0,,,,
KLO,2010,6,4,11,21.1,,,,,,,,969,,4.9,,951,1009.5,156.9,0,0,0,0,,,,
KLO,2010,6,4,12,22.1,,,,,,,,968.8,,5.6,,921,889.6,152,0,0,0,0,,,,
KLO,2010,6,4,13,22.9,,,,,,,,968.5,,5.2,,870,764.3,180.1,0,0,0,0,,,,
KLO,2010,6,4,14,23.2,,,,,,,,968.6,,4.8,,763,549.1,269.6,0,0,0,0,,,,
KLO,2010,6,4,15,23.4,,,,,,,,968.6,,4.9,,626,335.9,339.7,0,0,0,0,,,,
KLO,2010,6,4,16,23.4,,,,,,,,968.7,,4.7,,460,147.7,346.7,0,0,0,0,,,,
KLO,2010,6,4,17,22.9,,,,,,,,968.8,,4,,286,34.2,263.8,0,0,0,0,,,,
KLO,2010,6,4,18,21.7,,,,,,,,969,,3,,116,3.6,114.2,0,0,0,0,,,,
KLO,2010,6,4,19,18.6,,,,,,,,969.3,,2.1,,10,0.1,10,0,0,0,0,,,,
KLO,2010,6,4,20,15.3,,,,,,,,969.7,,1.6,,0,0,0,0,0,0,0,,,,
KLO,2010,6,4,21,14,,,,,,,,970.2,,1.4,,0,0,0,0,0,0,0,,,,
KLO,2010,6,4,22,13.3,,,,,,,,970.5,,1.3,,0,0,0,0,0,0,0,,,,
KLO,2010,6,4,23,12.5,,,,,,,,970.6,,0.9,,0,0,0,0,0,0,0,,,,
KLO,2010,6,5,0,11.4,,,,,,,,970.6,,1.2,,0,0,0,0,0,0,0,,,,
KLO,2010,6,5,1,10.4,,,,,,,,970.6,,1.2,,0,0,0,0,0,0,0,,,,
KLO,2010,6,5,2,10.6,,,,,,,,970.6,,1.2,,0,0,0,0,0,0,0,,,,
KLO,2010,6,5,3,9.8,,,,,,,,970.6,,0.6,,1,0,0,0,0,0,0,,,,
KLO,2010,6,5,4,9.8,,,,,,,,970.7,,0.4,,49,0,0,0,0,0,0,,,,
KLO,2010,6,5,5,12.2,,,,,,,,970.8,,0.4,,195,0,0,0,0,0,0,,,,
KLO,2010,6,5,6,14.6,,,,,,,,970.8,,1.2,,370,5010.9,61.1,0,0,0,0,,,,
KLO,2010,6,5,7,17.2,,,,,,,,970.7,,2,,543,2083.2,89.6,0,0,0,0,,,,
KLO,2010,6,5,8,19.5,,,,,,,,970.5,,1.6,,699,1535.9,115.3,0,0,0,0,,,,
KLO,2010,6,5,9,21.2,,,,,,,,970.2,,1.4,,824,1283.5,136,0,0,0,0,,,,
KLO,2010,6,5,10,22.8,,,,,,,,969.8,,1.6,,912,1128.2,150.5,0,0,0,0,,,,
KLO,2010,6,5,11,24,,,,,,,,969.4,,1,,951,1008.7,156.9,0,0,0,0,,,,
KLO,2010,6,5,12,24.9,,,,,,,,968.9,,1.3,,941,908.2,155.3,0,0,0,0,,,,
KLO,2010,6,5,13,25.8,,,,,,,,968.3,,1.4,,883,786.5,172.4,0,0,0,0,,,,
KLO,2010,6,5,14,26.5,,,,,,,,967.9,,1,,772,567.4,261.7,0,0,0,0,,,,
KLO,2010,6,5,15,26.8,,,,,,,,967.6,,0.8,,631,344.5,336.9,0,0,0,0,,,,
KLO,2010,6,5,16,26.7,,,,,,,,967.3,,0.7,,459,145.4,347.2,0,0,0,0,,,,
KLO,2010,6,5,17,26.5,,,,,,,,967,,1.1,,285,33.2,263.4,0,0,0,0,,,,
KLO,2010,6,5,18,24.5,,,,,,,,966.9,,1.9,,113,3.4,111.3,0,0,0,0,,,,
KLO,2010,6,5,19,21.2,,,,,,,,967,,1.1,,9,0,9,0,0,0,0,,,,
KLO,2010,6,5,20,19.1,,,,,,,,967.3,,0.9,,0,0,0,0,0,0,0,,,,
KLO,2010,6,5,21,17.3,,,,,,,,967.3,,0.6,,0,0,0,0,0,0,0,,,,
KLO,2010,6,5,22,15.5,,,,,,,,967.3,,0.9,,0,0,0,0,0,0,0,,,,
KLO,2010,6,5,23,14.4,,,,,,,,967.2,,0.9,,0,0,0,0,0,0,0,,,,
KLO,2010,6,6,0,13.7,,,,,,,,967.1,,1.1,,0,0,0,0,0,0,0,,,,
KLO,2010,6,6,1,13,,,,,,,,966.8,,1.2,,0,0,0,0,0,0,0,,,,
KLO,2010,6,6,2,12.5,,,,,,,,966.6,,1.5,,0,0,0,0,0,0,0,,,,
KLO,2010,6,6,3,12.1,,,,,,,,966.6,,1.1,,1,0,0,0,0,0,0,,,,
KLO,2010,6,6,4,12.5,,,,,,,,966.8,,0.6,,45,0,0,0,0,0,0,,,,
KLO,2010,6,6,5,14.7,,,,,,,,966.6,,0.4,,176,0,0,0,0,0,0,,,,
KLO,2010,6,6,6,18,,,,,,,,966.4,,0.7,,346,4614.1,57.1,0,0,0,0,,,,
KLO,2010,6,6,7,20.8,,,,,,,,966.2,,0.9,,521,1991.2,86,0,0,0,0,,,,
KLO,2010,6,6,8,23.1,,,,,,,,965.8,,1.5,,671,1471.6,110.7,0,0,0,0,,,,
KLO,2010,6,6,9,24.9,,,,,,,,965.5,,2.4,,792,1232.2,130.7,0,0,0,0,,,,
KLO,2010,6,6,10,25.9,,,,,,,,965.1,,2.2,,872,1077.8,143.9,0,0,0,0,,,,
KLO,2010,6,6,11,26.7,,,,,,,,964.5,,2.1,,912,966.6,150.5,0,0,0,0,,,,
KLO,2010,6,6,12,28,,,,,,,,963.8,,3.6,,898,865.4,148.7,0,0,0,0,,,,
KLO,2010,6,6,13,27.5,,,,,,,,963.2,,3.9,,498,101.2,406.5,0,0,0,0,,,,
KLO,2010,6,6,14,26.9,,,,,,,,962.8,,4.3,,498,103.3,405,0,0,0,0,,,,
KLO,2010,6,6,15,25.6,,,,,,,,962.6,,3.5,,235,5.1,230.6,0,0,0,0,,,,
KLO,2010,6,6,16,24.4,,,,,,,,962.8,,3,,118,1.6,116.8,0,0,0,0,,,,
KLO,2010,6,6,17,21.8,,,,,,,,963.5,,5.6,,13,0,13,0,0,0,0,,,,
KLO,2010,6,6,18,18.4,,,,,,,,964.7,,3.4,,0,0,0,0,0,0,0,,,,
KLO,2010,6,6,19,17.6,,,,,,,,965.8,,2.8,,0,0,0,0,0,0,0,,,,
KLO,2010,6,6,20,17.2,,,,,,,,966.5,,2.6,,0,0,0,0,0,0,0,,,,
KLO,2010,6,6,21,16.8,,,,,,,,966.6,,2.7,,0,0,0,0,0,0,0,,,,
KLO,2010,6,6,22,16.3,,,,,,,,966.4,,2.3,,0,0,0,0,0,0,0,,,,
KLO,2010,6,6,23,16,,,,,,,,966.1,,1.6,,0,0,0,0,0,0,0,,,,
KLO,2010,6,7,0,16,,,,,,,,966,,1.3,,0,0,0,0,0,0,0,,,,
KLO,2010,6,7,1,16.2,,,,,,,,965.8,,0.6,,0,0,0,0,0,0,0,,,,
KLO,2010,6,7,2,16.3,,,,,,,,965.8,,1.3,,0,0,0,0,0,0,0,,,,
KLO,2010,6,7,3,16.1,,,,,,,,965.6,,1.2,,0,0,0,0,0,0,0,,,,
KLO,2010,6,7,4,16,,,,,,,,965.7,,1.4,,16,0,0,0,0,0,0,,,,
KLO,2010,6,7,5,16.3,,,,,,,,965.9,,2.2,,66,0,0,0,0,0,0,,,,
KLO,2010,6,7,6,16.4,,,,,,,,966.2,,3,,150,1973.2,24.8,0,0,0,0,,,,
KLO,2010,6,7,7,16.7,,,,,,,,966.4,,3,,225,853.9,37.8,0,0,0,0,,,,
KLO,2010,6,7,8,17.5,,,,,,,,966.3,,2,,292,391.4,142.7,0,0,0,0,,,,
KLO,2010,6,7,9,18.4,,,,,,,,966,,3.2,,380,292.2,223,0,0,0,0,,,,
KLO,2010,6,7,10,18.5,,,,,,,,965.7,,3,,278,24.2,261.6,0,0,0,0,,,,
KLO,2010,6,7,11,19,,,,,,,,965.4,,2.9,,370,47.1,332.9,0,0,0,0,,,,
KLO,2010,6,7,12,19.6,,,,,,,,964.8,,2.9,,549,187.8,386.3,0,0,0,0,,,,
KLO,2010,6,7,13,20.2,,,,,,,,964.3,,2.4,,588,208.6,399.3,0,0,0,0,,,,
KLO,2010,6,7,14,21,,,,,,,,963.7,,2.5,,650,314.8,366.3,0,0,0,0,,,,
KLO,2010,6,7,15,21.1,,,,,,,,963.4,,2.1,,580,247.7,368.1,0,0,0,0,,,,
KLO,2010,6,7,16,20.6,,,,,,,,963,,2.7,,276,12.3,266.5,0,0,0,0,,,,
KLO,2010,6,7,17,20.1,,,,,,,,962.8,,2.7,,205,7.2,200.3,0,0,0,0,,,,
KLO,2010,6,7,18,19.5,,,,,,,,962.8,,2.1,,92,2.2,90.9,0,0,0,0,,,,
KLO,2010,6,7,19,18.3,,,,,,,,962.8,,1,,12,0.1,12,0,0,0,0,,,,
KLO,2010,6,7,20,17,,,,,,,,963,,0.8,,0,0,0,0,0,0,0,,,,
KLO,2010,6,7,21,15.9,,,,,,,,962.8,,0.9,,0,0,0,0,0,0,0,,,,
KLO,2010,6,7,22,14.5,,,,,,,,962.5,,0.9,,0,0,0,0,0,0,0,,,,
KLO,2010,6,7,23,14,,,,,,,,962.1,,1.2,,0,0,0,0,0,0,0,,,,
KLO,2010,6,8,0,13.3,,,,,,,,961.5,,0.7,,0,0,0,0,0,0,0,,,,
KLO,2010,6,8,1,12.4,,,,,,,,961.1,,0.5,,0,0,0,0,0,0,0,,,,
KLO,2010,6,8,2,12,,,,,,,,960.8,,1.4,,0,0,0,0,0,0,0,,,,
KLO,2010,6,8,3,11.9,,,,,,,,960.9,,1.3,,3,0,0,0,0,0,0,,,,
KLO,2010,6,8,4,12.6,,,,,,,,961.1,,1.4,,53,0,0,0,0,0,0,,,,
KLO,2010,6,8,5,14.1,,,,,,,,961.1,,0.5,,179,0,0,0,0,0,0,,,,
KLO,2010,6,8,6,15.9,,,,,,,,961.1,,0.4,,272,3535.6,44.9,0,0,0,0,,,,
KLO,2010,6,8,7,17.7,,,,,,,,960.9,,0.6,,462,1754.5,76.2,0,0,0,0,,,,
KLO,2010,6,8,8,19.7,,,,,,,,960.6,,0.9,,590,1290.1,97.4,0,0,0,0,,,,
KLO,2010,6,8,9,21.3,,,,,,,,960.3,,1.1,,627,973.7,103.5,0,0,0,0,,,,
KLO,2010,6,8,10,22.4,,,,,,,,959.9,,1.4,,744,918.3,122.8,0,0,0,0,,,,
KLO,2010,6,8,11,23.6,,,,,,,,959.5,,1.2,,904,956.9,149.2,0,0,0,0,,,,
KLO,2010,6,8,12,25,,,,,,,,958.8,,1.4,,901,867.6,148.9,0,0,0,0,,,,
KLO,2010,6,8,13,25,,,,,,,,958.6,,2,,579,195.3,402.2,0,0,0,0,,,,
KLO,2010,6,8,14,21.5,,,,,,,,959,,4.5,,248,5.1,243.4,0,0,0,0,,,,
KLO,2010,6,8,15,22.4,,,,,,,,958.7,,3,,396,43.8,358.5,0,0,0,0,,,,
KLO,2010,6,8,16,22.1,,,,,,,,958.8,,2.9,,228,6,223.3,0,0,0,0,,,,
KLO,2010,6,8,17,21.3,,,,,,,,958.8,,2.1,,63,0.6,62.6,0,0,0,0,,,,
KLO,2010,6,8,18,20,,,,,,,,959.3,,2.6,,22,0.1,21.9,0,0,0,0,,,,
KLO,2010,6,8,19,18.8,,,,,,,,958.9,,1,,7,0,7,0,0,0,0,,,,
KLO,2010,6,8,20,17.2,,,,,,,,959.4,,0.7,,0,0,0,0,0,0,0,,,,
KLO,2010,6,8,21,16.3,,,,,,,,959.4,,0.8,,0,0,0,0,0,0,0,,,,
KLO,2010,6,8,22,15.6,,,,,,,,959.1,,0.5,,0,0,0,0,0,0,0,,,,
KLO,2010,6,8,23,15.2,,,,,,,,958.9,,0.8,,0,0,0,0,0,0,0,,,,
KLO,2010,6,9,0,14.5,,,,,,,,958.8,,1,,0,0,0,0,0,0,0,,,,
KLO,2010,6,9,1,14.3,,,,,,,,958.6,,1.2,,0,0,0,0,0,0,0,,,,
KLO,2010,6,9,2,13.8,,,,,,,,958.4,,1,,0,0,0,0,0,0,0,,,,
KLO,2010,6,9,3,14,,,,,,,,958.2,,0.4,,1,0,0,0,0,0,0,,,,
KLO,2010,6,9,4,14.3,,,,,,,,958.3,,0.3,,19,0,0,0,0,0,0,,,,
KLO,2010,6,9,5,14.9,,,,,,,,958.2,,0.9,,54,0,0,0,0,0,0,,,,
KLO,2010,6,9,6,15.9,,,,,,,,958,,1,,241,3100.5,39.8,0,0,0,0,,,,
KLO,2010,6,9,7,18.4,,,,,,,,957.9,,1.5,,548,2076,90.4,0,0,0,0,,,,
KLO,2010,6,9,8,20.7,,,,,,,,957.7,,1.8,,659,1439.2,108.7,0,0,0,0,,,,
KLO,2010,6,9,9,22.4,,,,,,,,957.3,,2,,703,1090.9,116,0,0,0,0,,,,
KLO,2010,6,9,10,24.1,,,,,,,,956.9,,1.8,,901,1111.4,148.7,0,0,0,0,,,,
KLO,2010,6,9,11,25.8,,,,,,,,956.4,,2.2,,827,875.4,136.1,0,0,0,0,,,,
KLO,2010,6,9,12,26.8,,,,,,,,956.1,,2.2,,904,870.4,149.1,0,0,0,0,,,,
KLO,2010,6,9,13,27.8,,,,,,,,955.4,,2.6,,626,267.2,383.9,0,0,0,0,,,,
KLO,2010,6,9,14,28.7,,,,,,,,955.2,,5.2,,648,309.7,368.4,0,0,0,0,,,,
KLO,2010,6,9,15,28.9,,,,,,,,954.9,,6.5,,586,256.3,366.3,0,0,0,0,,,,
KLO,2010,6,9,16,27.5,,,,,,,,954.6,,6.9,,336,32.1,311.2,0,0,0,0,,,,
KLO,2010,6,9,17,25.8,,,,,,,,954.4,,5.1,,103,1.7,101.9,0,0,0,0,,,,
KLO,2010,6,9,18,24.8,,,,,,,,954.2,,6,,48,0.6,47.7,0,0,0,0,,,,
KLO,2010,6,9,19,24.8,,,,,,,,954.6,,4.5,,8,0,8,0,0,0,0,,,,
KLO,2010,6,9,20,23.1,,,,,,,,955.4,,2.7,,0,0,0,0,0,0,0,,,,
KLO,2010,6,9,21,22.7,,,,,,,,955.9,,2.5,,0,0,0,0,0,0,0,,,,
KLO,2010,6,9,22,20.2,,,,,,,,955.9,,1.5,,0,0,0,0,0,0,0,,,,
KLO,2010,6,9,23,19.1,,,,,,,,955.9,,1.8,,0,0,0,0,0,0,0,,,,
KLO,2010,6,10,0,17.9,,,,,,,,955.6,,1.5,,0,0,0,0,0,0,0,,,,
KLO,2010,6,10,1,16.7,,,,,,,,955.3,,2.6,,0,0,0,0,0,0,0,,,,
KLO,2010,6,10,2,16,,,,,,,,955.3,,2.2,,0,0,0,0,0,0,0,,,,
KLO,2010,6,10,3,16.1,,,,,,,,955.2,,2.5,,0,0,0,0,0,0,0,,,,
KLO,2010,6,10,4,16,,,,,,,,955.3,,3,,20,0,0,0,0,0,0,,,,
KLO,2010,6,10,5,17.1,,,,,,,,955.3,,2.7,,72,0,0,0,0,0,0,,,,
KLO,2010,6,10,6,19.6,,,,,,,,955.6,,2.4,,229,2920.5,37.8,0,0,0,0,,,,
KLO,2010,6,10,7,22,,,,,,,,955.7,,0.8,,511,1931.8,84.3,0,0,0,0,,,,
KLO,2010,6,10,8,24.6,,,,,,,,955.7,,1,,682,1488.1,112.5,0,0,0,0,,,,
KLO,2010,6,10,9,28.7,,,,,,,,955.6,,5.4,,787,1220.5,129.9,0,0,0,0,,,,
KLO,2010,6,10,10,28.8,,,,,,,,955.7,,6.3,,597,614.4,181,0,0,0,0,,,,
KLO,2010,6,10,11,29.2,,,,,,,,955.7,,6.8,,690,599.4,216.7,0,0,0,0,,,,
KLO,2010,6,10,12,29.6,,,,,,,,955.7,,7.1,,776,638.9,221.6,0,0,0,0,,,,
KLO,2010,6,10,13,30.5,,,,,,,,955.5,,7.4,,875,767.9,178.9,0,0,0,0,,,,
KLO,2010,6,10,14,30.5,,,,,,,,955.3,,7.7,,755,524.9,280.9,0,0,0,0,,,,
KLO,2010,6,10,15,30,,,,,,,,954.8,,8.1,,615,308,350.7,0,0,0,0,,,,
KLO,2010,6,10,16,29.5,,,,,,,,954.4,,9.6,,444,122.2,349.4,0,0,0,0,,,,
KLO,2010,6,10,17,28.3,,,,,,,,954.9,,7.2,,263,21.2,249.1,0,0,0,0,,,,
KLO,2010,6,10,18,26.7,,,,,,,,955.1,,6.6,,98,2.5,96.7,0,0,0,0,,,,
KLO,2010,6,10,19,26,,,,,,,,955.3,,7.2,,6,0,6,0,0,0,0,,,,
KLO,2010,6,10,20,24.5,,,,,,,,955.8,,6.9,,0,0,0,0,0,0,0,,,,
KLO,2010,6,10,21,22.8,,,,,,,,955.9,,3.6,,0,0,0,0,0,0,0,,,,
KLO,2010,6,10,22,19.6,,,,,,,,956.4,,2.7,,0,0,0,0,0,0,0,,,,
KLO,2010,6,10,23,19,,,,,,,,957.1,,2.6,,0,0,0,0,0,0,0,,,,
KLO,2010,6,11,0,17.7,,,,,,,,957.5,,3.3,,0,0,0,0,0,0,0,,,,
KLO,2010,6,11,1,17.5,,,,,,,,958.1,,2,,0,0,0,0,0,0,0,,,,
KLO,2010,6,11,2,16.5,,,,,,,,958.5,,2.8,,0,0,0,0,0,0,0,,,,
KLO,2010,6,11,3,16.4,,,,,,,,959.3,,2,,3,0,0,0,0,0,0,,,,
KLO,2010,6,11,4,16.3,,,,,,,,960.1,,1.6,,44,0,0,0,0,0,0,,,,
KLO,2010,6,11,5,17.3,,,,,,,,960.4,,0.6,,104,0,0,0,0,0,0,,,,
KLO,2010,6,11,6,18.6,,,,,,,,961,,0.9,,231,2925,38.1,0,0,0,0,,,,
KLO,2010,6,11,7,20.1,,,,,,,,961.6,,2.3,,389,1468.2,64.2,0,0,0,0,,,,
KLO,2010,6,11,8,21.5,,,,,,,,961.7,,2.1,,520,1133.8,85.8,0,0,0,0,,,,
KLO,2010,6,11,9,21.8,,,,,,,,961.8,,1.6,,471,600.7,147.5,0,0,0,0,,,,
KLO,2010,6,11,10,22.4,,,,,,,,961.4,,2.7,,748,922,123.4,0,0,0,0,,,,
KLO,2010,6,11,11,23.9,,,,,,,,960.9,,2.7,,883,933.5,145.7,0,0,0,0,,,,
KLO,2010,6,11,12,24.5,,,,,,,,960.8,,2.5,,801,693.1,199.3,0,0,0,0,,,,
KLO,2010,6,11,13,25.1,,,,,,,,960.6,,2.8,,684,371.7,346.9,0,0,0,0,,,,
KLO,2010,6,11,14,25.3,,,,,,,,960.7,,2.9,,589,211.7,397.7,0,0,0,0,,,,
KLO,2010,6,11,15,25.6,,,,,,,,960.4,,2.7,,566,221.6,375.7,0,0,0,0,,,,
KLO,2010,6,11,16,25.8,,,,,,,,960.2,,1.8,,411,85.3,344.9,0,0,0,0,,,,
KLO,2010,6,11,17,25.4,,,,,,,,960.1,,1.8,,263,21.1,249.1,0,0,0,0,,,,
KLO,2010,6,11,18,24,,,,,,,,959.8,,2.3,,105,2.8,103.5,0,0,0,0,,,,
KLO,2010,6,11,19,21.1,,,,,,,,960.1,,2.8,,10,0.1,10,0,0,0,0,,,,
KLO,2010,6,11,20,20.4,,,,,,,,960.5,,2.6,,0,0,0,0,0,0,0,,,,
KLO,2010,6,11,21,20.3,,,,,,,,960.7,,2.8,,0,0,0,0,0,0,0,,,,
KLO,2010,6,11,22,19.5,,,,,,,,960.9,,2.6,,0,0,0,0,0,0,0,,,,
KLO,2010,6,11,23,19.2,,,,,,,,961.3,,3.5,,0,0,0,0,0,0,0,,,,
KLO,2010,6,12,0,18,,,,,,,,961.2,,2.7,,0,0,0,0,0,0,0,,,,
KLO,2010,6,12,1,17.4,,,,,,,,961.1,,3.2,,0,0,0,0,0,0,0,,,,
KLO,2010,6,12,2,17,,,,,,,,961.5,,3.2,,0,0,0,0,0,0,0,,,,
KLO,2010,6,12,3,16.6,,,,,,,,962,,3.3,,0,0,0,0,0,0,0,,,,
KLO,2010,6,12,4,16.2,,,,,,,,962.6,,3.5,,5,0,0,0,0,0,0,,,,
KLO,2010,6,12,5,16.3,,,,,,,,962.9,,2,,40,0,0,0,0,0,0,,,,
KLO,2010,6,12,6,16.7,,,,,,,,963.1,,1.1,,72,906.5,11.9,0,0,0,0,,,,
KLO,2010,6,12,7,16.7,,,,,,,,963.5,,2,,77,10.8,74.6,0,0,0,0,,,,
KLO,2010,6,12,8,17.6,,,,,,,,963.4,,1.2,,145,16.1,138.8,0,0,0,0,,,,
KLO,2010,6,12,9,17.8,,,,,,,,963.6,,2.5,,144,4.9,141.4,0,0,0,0,,,,
KLO,2010,6,12,10,18.6,,,,,,,,963.7,,3.1,,304,37.8,278.4,0,0,0,0,,,,
KLO,2010,6,12,11,19.4,,,,,,,,963.7,,3.2,,419,85.4,351.5,0,0,0,0,,,,
KLO,2010,6,12,12,20.2,,,,,,,,963.4,,2.8,,502,126.7,392,0,0,0,0,,,,
KLO,2010,6,12,13,21.1,,,,,,,,963,,3,,575,188.6,403.9,0,0,0,0,,,,
KLO,2010,6,12,14,21.3,,,,,,,,963.1,,2.8,,402,36.1,369.4,0,0,0,0,,,,
KLO,2010,6,12,15,21.7,,,,,,,,963.2,,2.2,,406,48.8,364,0,0,0,0,,,,
KLO,2010,6,12,16,21.3,,,,,,,,963.1,,2.8,,234,6.4,229,0,0,0,0,,,,
KLO,2010,6,12,17,20.8,,,,,,,,963.2,,2.4,,143,3.2,140.9,0,0,0,0,,,,
KLO,2010,6,12,18,20.4,,,,,,,,963.5,,1.3,,86,1.9,85,0,0,0,0,,,,
KLO,2010,6,12,19,19.7,,,,,,,,963.5,,1.4,,17,0.2,16.9,0,0,0,0,,,,
KLO,2010,6,12,20,19.1,,,,,,,,964.2,,1.8,,0,0,0,0,0,0,0,,,,
KLO,2010,6,12,21,19.1,,,,,,,,964.3,,1.1,,0,0,0,0,0,0,0,,,,
KLO,2010,6,12,22,18.6,,,,,,,,964.3,,0.7,,0,0,0,0,0,0,0,,,,
KLO,2010,6,12,23,18.3,,,,,,,,964.3,,0.8,,0,0,0,0,0,0,0,,,,
KLO,2010,6,13,0,17.8,,,,,,,,964,,0.5,,0,0,0,0,0,0,0,,,,
KLO,2010,6,13,1,17.7,,,,,,,,963.9,,0.6,,0,0,0,0,0,0,0,,,,
KLO,2010,6,13,2,17.1,,,,,,,,964,,1.5,,0,0,0,0,0,0,0,,,,
KLO,2010,6,13,3,16.5,,,,,,,,964.1,,2.1,,0,0,0,0,0,0,0,,,,
KLO,2010,6,13,4,16.2,,,,,,,,964.4,,1.5,,4,0,0,0,0,0,0,,,,
KLO,2010,6,13,5,16.1,,,,,,,,964.5,,1.7,,31,0,0,0,0,0,0,,,,
KLO,2010,6,13,6,16.3,,,,,,,,964.6,,2.2,,77,965.4,12.7,0,0,0,0,,,,
KLO,2010,6,13,7,16.8,,,,,,,,964.7,,2.2,,107,54.4,95,0,0,0,0,,,,
KLO,2010,6,13,8,17.1,,,,,,,,964.3,,2.3,,116,6.5,113.5,0,0,0,0,,,,
KLO,2010,6,13,9,17.2,,,,,,,,964.3,,1.3,,121,3.4,119.2,0,0,0,0,,,,
KLO,2010,6,13,10,17.4,,,,,,,,964.4,,1.6,,211,7,206.2,0,0,0,0,,,,
KLO,2010,6,13,11,18.2,,,,,,,,964,,2,,386,57.7,340.4,0,0,0,0,,,,
KLO,2010,6,13,12,18.2,,,,,,,,963.7,,2.8,,259,6.2,253.6,0,0,0,0,,,,
KLO,2010,6,13,13,17.5,,,,,,,,963.5,,2.7,,112,1,111.1,0,0,0,0,,,,
KLO,2010,6,13,14,17.4,,,,,,,,963.1,,2.7,,172,2.5,169.8,0,0,0,0,,,,
KLO,2010,6,13,15,17.1,,,,,,,,963.3,,2.2,,122,1.4,120.8,0,0,0,0,,,,
KLO,2010,6,13,16,16.9,,,,,,,,962.8,,1.8,,72,0.6,71.5,0,0,0,0,,,,
KLO,2010,6,13,17,16.9,,,,,,,,962.7,,1.1,,57,0.5,56.7,0,0,0,0,,,,
KLO,2010,6,13,18,16.2,,,,,,,,962.8,,2.4,,10,0,10,0,0,0,0,,,,
KLO,2010,6,13,19,15.6,,,,,,,,962.8,,2.7,,1,0,1,0,0,0,0,,,,
KLO,2010,6,13,20,15.5,,,,,,,,963.1,,1.9,,0,0,0,0,0,0,0,,,,
KLO,2010,6,13,21,15.4,,,,,,,,963.3,,2.1,,0,0,0,0,0,0,0,,,,
KLO,2010,6,13,22,14.9,,,,,,,,963.2,,1.6,,0,0,0,0,0,0,0,,,,
KLO,2010,6,13,23,14.4,,,,,,,,963.3,,2.2,,0,0,0,0,0,0,0,,,,
KLO,2010,6,14,0,13.5,,,,,,,,962.8,,1.1,,0,0,0,0,0,0,0,,,,
KLO,2010,6,14,1,13.2,,,,,,,,962.6,,0.9,,0,0,0,0,0,0,0,,,,
KLO,2010,6,14,2,12.1,,,,,,,,962.6,,1.2,,0,0,0,0,0,0,0,,,,
KLO,2010,6,14,3,13.3,,,,,,,,962.8,,0.5,,1,0,0,0,0,0,0,,,,
KLO,2010,6,14,4,13.6,,,,,,,,963.2,,0.5,,10,0,0,0,0,0,0,,,,
KLO,2010,6,14,5,14.2,,,,,,,,963.5,,0.7,,51,0,0,0,0,0,0,,,,
KLO,2010,6,14,6,14.9,,,,,,,,963.9,,0.4,,148,1850.4,24.4,0,0,0,0,,,,
KLO,2010,6,14,7,15.7,,,,,,,,964.2,,1.3,,269,1012.8,44.4,0,0,0,0,,,,
KLO,2010,6,14,8,16.8,,,,,,,,964.2,,1.9,,429,934.6,70.8,0,0,0,0,,,,
KLO,2010,6,14,9,18.2,,,,,,,,964.3,,1,,733,1135.8,120.9,0,0,0,0,,,,
KLO,2010,6,14,10,19.1,,,,,,,,964.4,,1,,753,927.8,124.2,0,0,0,0,,,,
KLO,2010,6,14,11,20.2,,,,,,,,964.3,,1.7,,973,1028.1,160.5,0,0,0,0,,,,
KLO,2010,6,14,12,21.2,,,,,,,,964,,1.6,,947,910.2,156.3,0,0,0,0,,,,
KLO,2010,6,14,13,21.3,,,,,,,,963.7,,1.7,,602,227.4,395.5,0,0,0,0,,,,
KLO,2010,6,14,14,22.3,,,,,,,,963.4,,2.8,,781,578.3,257.5,0,0,0,0,,,,
KLO,2010,6,14,15,20,,,,,,,,963.6,,4.1,,148,2,146.3,0,0,0,0,,,,
KLO,2010,6,14,16,18.6,,,,,,,,963.6,,4.4,,316,23,298.1,0,0,0,0,,,,
KLO,2010,6,14,17,19.9,,,,,,,,963.7,,4.2,,266,21.8,251.6,0,0,0,0,,,,
KLO,2010,6,14,18,18.7,,,,,,,,963.9,,4.7,,107,2.9,105.5,0,0,0,0,,,,
KLO,2010,6,14,19,16.5,,,,,,,,964.5,,3.6,,10,0.1,10,0,0,0,0,,,,
KLO,2010,6,14,20,15.6,,,,,,,,964.8,,3.7,,0,0,0,0,0,0,0,,,,
KLO,2010,6,14,21,15.1,,,,,,,,965.1,,3.1,,0,0,0,0,0,0,0,,,,
KLO,2010,6,14,22,14.4,,,,,,,,965,,3.1,,0,0,0,0,0,0,0,,,,
KLO,2010,6,14,23,14.2,,,,,,,,965.1,,3.4,,0,0,0,0,0,0,0,,,,
KLO,2010,6,15,0,14.2,,,,,,,,964.7,,2.7,,0,0,0,0,0,0,0,,,,
KLO,2010,6,15,1,14.2,,,,,,,,964.2,,1.8,,0,0,0,0,0,0,0,,,,
KLO,2010,6,15,2,13.9,,,,,,,,963.9,,2.3,,0,0,0,0,0,0,0,,,,
KLO,2010,6,15,3,14,,,,,,,,963.8,,2.7,,0,0,0,0,0,0,0,,,,
KLO,2010,6,15,4,14.5,,,,,,,,963.8,,2.5,,15,0,0,0,0,0,0,,,,
KLO,2010,6,15,5,15.2,,,,,,,,964.1,,2.5,,37,0,0,0,0,0,0,,,,
KLO,2010,6,15,6,15.5,,,,,,,,964.9,,2.7,,56,528.9,20.6,0,0,0,0,,,,
KLO,2010,6,15,7,15.8,,,,,,,,965.3,,2.5,,57,4.5,56,0,0,0,0,,,,
KLO,2010,6,15,8,16.1,,,,,,,,965.6,,2.8,,93,4,91.5,0,0,0,0,,,,
KLO,2010,6,15,9,16.7,,,,,,,,965.6,,3,,152,5.4,149.1,0,0,0,0,,,,
KLO,2010,6,15,10,17.9,,,,,,,,965.5,,2.9,,314,44.5,283.8,0,0,0,0,,,,
KLO,2010,6,15,11,19.4,,,,,,,,965.1,,4.5,,432,98.5,354.1,0,0,0,0,,,,
KLO,2010,6,15,12,20.3,,,,,,,,964.8,,6.1,,465,89.3,387.4,0,0,0,0,,,,
KLO,2010,6,15,13,20.1,,,,,,,,964.9,,6.3,,349,17.4,333.2,0,0,0,0,,,,
KLO,2010,6,15,14,19.8,,,,,,,,964.6,,6,,260,5.6,254.9,0,0,0,0,,,,
KLO,2010,6,15,15,19.6,,,,,,,,964.5,,6.5,,219,4.4,215.2,0,0,0,0,,,,
KLO,2010,6,15,16,19.6,,,,,,,,964.4,,7.3,,238,6.7,232.8,0,0,0,0,,,,
KLO,2010,6,15,17,19.6,,,,,,,,964.1,,7.9,,197,6.2,192.9,0,0,0,0,,,,
KLO,2010,6,15,18,19.3,,,,,,,,964,,7.8,,81,1.6,80.1,0,0,0,0,,,,
KLO,2010,6,15,19,18.7,,,,,,,,964.1,,7,,20,0.2,19.9,0,0,0,0,,,,
KLO,2010,6,15,20,18.4,,,,,,,,964.6,,4.5,,0,0,0,0,0,0,0,,,,
KLO,2010,6,15,21,18.3,,,,,,,,964.4,,4.4,,0,0,0,0,0,0,0,,,,
KLO,2010,6,15,22,18.1,,,,,,,,963.9,,4.7,,0,0,0,0,0,0,0,,,,
KLO,2010,6,15,23,17.9,,,,,,,,963.8,,4.5,,0,0,0,0,0,0,0,,,,
KLO,2010,6,16,0,17.5,,,,,,,,963.1,,5.5,,0,0,0,0,0,0,0,,,,
KLO,2010,6,16,1,17.3,,,,,,,,962.5,,6.3,,0,0,0,0,0,0,0,,,,
KLO,2010,6,16,2,17.1,,,,,,,,962,,8,,0,0,0,0,0,0,0,,,,
KLO,2010,6,16,3,16.8,,,,,,,,961.9,,6.6,,0,0,0,0,0,0,0,,,,
KLO,2010,6,16,4,16.4,,,,,,,,961.6,,6.8,,4,0,0,0,0,0,0,,,,
KLO,2010,6,16,5,16,,,,,,,,961.2,,6.5,,9,0,0,0,0,0,0,,,,
KLO,2010,6,16,6,15.5,,,,,,,,961,,7.9,,27,22.3,25.5,0,0,0,0,,,,
KLO,2010,6,16,7,15.5,,,,,,,,961.2,,6.8,,44,2.7,43.4,0,0,0,0,,,,
KLO,2010,6,16,8,15.6,,,,,,,,961.3,,7.4,,83,3.2,81.8,0,0,0,0,,,,
KLO,2010,6,16,9,15.5,,,,,,,,961.7,,8.2,,151,5.3,148.1,0,0,0,0,,,,
KLO,2010,6,16,10,15.5,,,,,,,,962,,7.8,,243,12.5,234.5,0,0,0,0,,,,
KLO,2010,6,16,11,14.8,,,,,,,,962.6,,6.4,,174,3.3,171.4,0,0,0,0,,,,
KLO,2010,6,16,12,14.9,,,,,,,,963,,6,,187,3.2,184.3,0,0,0,0,,,,
KLO,2010,6,16,13,14.8,,,,,,,,963.4,,5.7,,139,1.6,137.6,0,0,0,0,,,,
KLO,2010,6,16,14,14.9,,,,,,,,963.6,,5.1,,122,1.2,120.9,0,0,0,0,,,,
KLO,2010,6,16,15,14.8,,,,,,,,963.8,,5.8,,66,0.4,65.7,0,0,0,0,,,,
KLO,2010,6,16,16,14.5,,,,,,,,964,,4.2,,34,0.1,33.9,0,0,0,0,,,,
KLO,2010,6,16,17,14.4,,,,,,,,964.3,,4.2,,23,0.1,22.9,0,0,0,0,,,,
KLO,2010,6,16,18,14.3,,,,,,,,964.5,,3.6,,8,0,8,0,0,0,0,,,,
KLO,2010,6,16,19,14,,,,,,,,964.6,,3.4,,0,0,0,0,0,0,0,,,,
KLO,2010,6,16,20,13.6,,,,,,,,965,,2.6,,0,0,0,0,0,0,0,,,,
KLO,2010,6,16,21,13.5,,,,,,,,964.6,,2,,0,0,0,0,0,0,0,,,,
KLO,2010,6,16,22,13.5,,,,,,,,964.5,,2.1,,0,0,0,0,0,0,0,,,,
KLO,2010,6,16,23,13.5,,,,,,,,964.3,,2.3,,0,0,0,0,0,0,0,,,,
KLO,2010,6,17,0,13.5,,,,,,,,963.7,,3.2,,0,0,0,0,0,0,0,,,,
KLO,2010,6,17,1,13.4,,,,,,,,963.2,,2.2,,0,0,0,0,0,0,0,,,,
KLO,2010,6,17,2,13.4,,,,,,,,962.7,,1.3,,0,0,0,0,0,0,0,,,,
KLO,2010,6,17,3,13.4,,,,,,,,962.6,,1.7,,1,0,0,0,0,0,0,,,,
KLO,2010,6,17,4,13.5,,,,,,,,963,,1.5,,24,0,0,0,0,0,0,,,,
KLO,2010,6,17,5,13.7,,,,,,,,963.1,,1.3,,32,0,0,0,0,0,0,,,,
KLO,2010,6,17,6,14.1,,,,,,,,963.5,,1,,95,1187.8,15.7,0,0,0,0,,,,
KLO,2010,6,17,7,14.5,,,,,,,,963.5,,1.4,,125,114.1,99.7,0,0,0,0,,,,
KLO,2010,6,17,8,15.6,,,,,,,,963.6,,1.3,,439,957.4,72.4,0,0,0,0,,,,
KLO,2010,6,17,9,16.5,,,,,,,,963.6,,1.4,,441,493.7,175.2,0,0,0,0,,,,
KLO,2010,6,17,10,17.8,,,,,,,,963.4,,1.3,,695,854.2,116.4,0,0,0,0,,,,
KLO,2010,6,17,11,18.5,,,,,,,,963.4,,1.9,,753,748.6,161.5,0,0,0,0,,,,
KLO,2010,6,17,12,19.3,,,,,,,,963,,2,,494,117.9,391.5,0,0,0,0,,,,
KLO,2010,6,17,13,19.1,,,,,,,,962.7,,1.4,,314,10.6,304.4,0,0,0,0,,,,
KLO,2010,6,17,14,18.9,,,,,,,,962.7,,1.8,,145,1.7,143.4,0,0,0,0,,,,
KLO,2010,6,17,15,19,,,,,,,,962.5,,1.4,,170,2.6,167.7,0,0,0,0,,,,
KLO,2010,6,17,16,18.3,,,,,,,,962.3,,2.3,,60,0.4,59.7,0,0,0,0,,,,
KLO,2010,6,17,17,15.5,,,,,,,,962.8,,4.4,,5,0,5,0,0,0,0,,,,
KLO,2010,6,17,18,14.4,,,,,,,,963.5,,2.9,,1,0,1,0,0,0,0,,,,
KLO,2010,6,17,19,14.1,,,,,,,,963.8,,2.4,,0,0,0,0,0,0,0,,,,
KLO,2010,6,17,20,13.8,,,,,,,,964.4,,2.7,,0,0,0,0,0,0,0,,,,
KLO,2010,6,17,21,13.8,,,,,,,,964.9,,1.7,,0,0,0,0,0,0,0,,,,
KLO,2010,6,17,22,13.5,,,,,,,,964.7,,1.9,,0,0,0,0,0,0,0,,,,
KLO,2010,6,17,23,13.3,,,,,,,,964.3,,2.4,,0,0,0,0,0,0,0,,,,
KLO,2010,6,18,0,13.1,,,,,,,,964,,1.8,,0,0,0,0,0,0,0,,,,
KLO,2010,6,18,1,13,,,,,,,,963.7,,2.6,,0,0,0,0,0,0,0,,,,
KLO,2010,6,18,2,12.8,,,,,,,,963.4,,2.3,,0,0,0,0,0,0,0,,,,
KLO,2010,6,18,3,12.7,,,,,,,,963.3,,2.9,,0,0,0,0,0,0,0,,,,
KLO,2010,6,18,4,13,,,,,,,,963,,2,,3,0,0,0,0,0,0,,,,
KLO,2010,6,18,5,13.2,,,,,,,,963.1,,1.5,,8,0,0,0,0,0,0,,,,
KLO,2010,6,18,6,13.3,,,,,,,,963.1,,2.2,,13,2.6,12.8,0,0,0,0,,,,
KLO,2010,6,18,7,13.6,,,,,,,,963.3,,3,,28,1.1,27.8,0,0,0,0,,,,
KLO,2010,6,18,8,13.8,,,,,,,,963.3,,3.1,,41,0.8,40.7,0,0,0,0,,,,
KLO,2010,6,18,9,13.9,,,,,,,,963.6,,2.2,,41,0.4,40.8,0,0,0,0,,,,
KLO,2010,6,18,10,14.2,,,,,,,,963.6,,2.1,,108,1.7,106.8,0,0,0,0,,,,
KLO,2010,6,18,11,14.9,,,,,,,,963.7,,3.2,,247,7.2,241.3,0,0,0,0,,,,
KLO,2010,6,18,12,15.9,,,,,,,,963.4,,3.6,,360,25.4,337.9,0,0,0,0,,,,
KLO,2010,6,18,13,17.1,,,,,,,,963.2,,3.9,,581,196.4,402.6,0,0,0,0,,,,
KLO,2010,6,18,14,16.9,,,,,,,,963,,4,,385,28.8,358.9,0,0,0,0,,,,
KLO,2010,6,18,15,17.7,,,,,,,,962.8,,3.2,,513,144.1,388.7,0,0,0,0,,,,
KLO,2010,6,18,16,17.7,,,,,,,,962.6,,3.4,,379,56.4,335,0,0,0,0,,,,
KLO,2010,6,18,17,17.4,,,,,,,,962.3,,3.7,,274,24.9,257.5,0,0,0,0,,,,
KLO,2010,6,18,18,16.2,,,,,,,,962.1,,2.7,,103,2.6,101.6,0,0,0,0,,,,
KLO,2010,6,18,19,14.8,,,,,,,,961.9,,2.3,,15,0.1,15,0,0,0,0,,,,
KLO,2010,6,18,20,14.1,,,,,,,,962.1,,0.9,,0,0,0,0,0,0,0,,,,
KLO,2010,6,18,21,13.5,,,,,,,,961.9,,1,,0,0,0,0,0,0,0,,,,
KLO,2010,6,18,22,12.9,,,,,,,,961.6,,1.4,,0,0,0,0,0,0,0,,,,
KLO,2010,6,18,23,13.1,,,,,,,,961,,1.3,,0,0,0,0,0,0,0,,,,
KLO,2010,6,19,0,13.6,,,,,,,,960.5,,1.1,,0,0,0,0,0,0,0,,,,
KLO,2010,6,19,1,13.7,,,,,,,,959.8,,1.1,,0,0,0,0,0,0,0,,,,
KLO,2010,6,19,2,13.6,,,,,,,,959.2,,1.2,,0,0,0,0,0,0,0,,,,
KLO,2010,6,19,3,12.6,,,,,,,,958.7,,2,,0,0,0,0,0,0,0,,,,
KLO,2010,6,19,4,12.4,,,,,,,,958.6,,2.1,,1,0,0,0,0,0,0,,,,
KLO,2010,6,19,5,11.7,,,,,,,,958.3,,2.2,,7,0,0,0,0,0,0,,,,
KLO,2010,6,19,6,11.5,,,,,,,,958.3,,1.5,,35,83.8,29.4,0,0,0,0,,,,
KLO,2010,6,19,7,11.5,,,,,,,,958.4,,0.4,,63,5.5,61.8,0,0,0,0,,,,
KLO,2010,6,19,8,12.1,,,,,,,,958.3,,1.1,,158,25.1,148.4,0,0,0,0,,,,
KLO,2010,6,19,9,12.4,,,,,,,,958.2,,2.4,,140,4.6,137.5,0,0,0,0,,,,
KLO,2010,6,19,10,12.4,,,,,,,,958.4,,2.3,,189,5.3,185.4,0,0,0,0,,,,
KLO,2010,6,19,11,12.6,,,,,,,,958.2,,2.5,,270,10.1,262,0,0,0,0,,,,
KLO,2010,6,19,12,10.9,,,,,,,,958.5,,4.4,,182,3,179.4,0,0,0,0,,,,
KLO,2010,6,19,13,11.4,,,,,,,,958.6,,3.1,,187,2.9,184.4,0,0,0,0,,,,
KLO,2010,6,19,14,11.1,,,,,,,,958.7,,2.6,,99,0.8,98.3,0,0,0,0,,,,
KLO,2010,6,19,15,10.5,,,,,,,,958.9,,2.7,,72,0.5,71.6,0,0,0,0,,,,
KLO,2010,6,19,16,11.2,,,,,,,,958.7,,1.4,,363,45.4,327.5,0,0,0,0,,,,
KLO,2010,6,19,17,11.9,,,,,,,,958.5,,1.9,,290,33,268.1,0,0,0,0,,,,
KLO,2010,6,19,18,11,,,,,,,,958.7,,1.8,,82,1.7,81.1,0,0,0,0,,,,
KLO,2010,6,19,19,10.5,,,,,,,,958.7,,1.1,,15,0.1,15,0,0,0,0,,,,
KLO,2010,6,19,20,10,,,,,,,,959,,0.7,,0,0,0,0,0,0,0,,,,
KLO,2010,6,19,21,9.6,,,,,,,,959.2,,0.6,,0,0,0,0,0,0,0,,,,
KLO,2010,6,19,22,8.9,,,,,,,,959.3,,1.2,,0,0,0,0,0,0,0,,,,
KLO,2010,6,19,23,9.4,,,,,,,,959,,1.9,,0,0,0,0,0,0,0,,,,
KLO,2010,6,20,0,8.2,,,,,,,,959.2,,3.5,,0,0,0,0,0,0,0,,,,
KLO,2010,6,20,1,7.9,,,,,,,,958.9,,1.7,,0,0,0,0,0,0,0,,,,
KLO,2010,6,20,2,7.9,,,,,,,,958.9,,1.7,,0,0,0,0,0,0,0,,,,
KLO,2010,6,20,3,7.6,,,,,,,,958.9,,1.3,,0,0,0,0,0,0,0,,,,
KLO,2010,6,20,4,7.4,,,,,,,,959.1,,1.3,,24,0,0,0,0,0,0,,,,
KLO,2010,6,20,5,7.8,,,,,,,,959.6,,1.3,,60,0,0,0,0,0,0,,,,
KLO,2010,6,20,6,8.5,,,,,,,,960.1,,2.6,,128,1620.4,21.1,0,0,0,0,,,,
KLO,2010,6,20,7,9.7,,,,,,,,960.4,,2.8,,260,984.7,42.9,0,0,0,0,,,,
KLO,2010,6,20,8,10.7,,,,,,,,960.8,,3.5,,314,500.9,122.8,0,0,0,0,,,,
KLO,2010,6,20,9,11.5,,,,,,,,961.2,,3.9,,389,321.4,216.3,0,0,0,0,,,,
KLO,2010,6,20,10,11.3,,,,,,,,961.4,,3.9,,246,13.3,237,0,0,0,0,,,,
KLO,2010,6,20,11,11.7,,,,,,,,961.6,,3.5,,420,87.1,351.2,0,0,0,0,,,,
KLO,2010,6,20,12,12.2,,,,,,,,961.9,,3.5,,264,6.6,258.3,0,0,0,0,,,,
KLO,2010,6,20,13,12.3,,,,,,,,962.2,,3.8,,254,5.3,249.2,0,0,0,0,,,,
KLO,2010,6,20,14,11.8,,,,,,,,962.6,,2.1,,121,1.2,119.9,0,0,0,0,,,,
KLO,2010,6,20,15,11.8,,,,,,,,963,,2.5,,76,0.5,75.5,0,0,0,0,,,,
KLO,2010,6,20,16,10.8,,,,,,,,963.4,,3.7,,50,0.3,49.8,0,0,0,0,,,,
KLO,2010,6,20,17,10.8,,,,,,,,964,,0.8,,34,0.2,33.9,0,0,0,0,,,,
KLO,2010,6,20,18,10.7,,,,,,,,964.4,,1.2,,19,0.1,19,0,0,0,0,,,,
KLO,2010,6,20,19,10.5,,,,,,,,965,,1,,2,0,2,0,0,0,0,,,,
KLO,2010,6,20,20,10.4,,,,,,,,965.7,,0.7,,0,0,0,0,0,0,0,,,,
KLO,2010,6,20,21,10.4,,,,,,,,966,,0.5,,0,0,0,0,0,0,0,,,,
KLO,2010,6,20,22,10.2,,,,,,,,966.2,,1.1,,0,0,0,0,0,0,0,,,,
KLO,2010,6,20,23,10.2,,,,,,,,966.2,,0.8,,0,0,0,0,0,0,0,,,,
KLO,2010,6,21,0,10.1,,,,,,,,966.1,,0.5,,0,0,0,0,0,0,0,,,,
KLO,2010,6,21,1,10.1,,,,,,,,966.1,,0.5,,0,0,0,0,0,0,0,,,,
KLO,2010,6,21,2,10,,,,,,,,966.3,,0.4,,0,0,0,0,0,0,0,,,,
KLO,2010,6,21,3,10,,,,,,,,966.5,,0.4,,0,0,0,0,0,0,0,,,,
KLO,2010,6,21,4,9.9,,,,,,,,966.7,,0.8,,7,0,0,0,0,0,0,,,,
KLO,2010,6,21,5,10.1,,,,,,,,967.1,,1.5,,40,0,0,0,0,0,0,,,,
KLO,2010,6,21,6,10.6,,,,,,,,967.5,,2.9,,115,1465.9,19,0,0,0,0,,,,
KLO,2010,6,21,7,11.4,,,,,,,,967.6,,2.7,,160,327.3,88,0,0,0,0,,,,
KLO,2010,6,21,8,12.2,,,,,,,,967.8,,3,,225,139.6,171.8,0,0,0,0,,,,
KLO,2010,6,21,9,13,,,,,,,,967.8,,2.6,,374,277.7,224.9,0,0,0,0,,,,
KLO,2010,6,21,10,13.6,,,,,,,,967.9,,2.9,,325,53.6,288.8,0,0,0,0,,,,
KLO,2010,6,21,11,13.8,,,,,,,,968.1,,3.5,,280,11.9,270.6,0,0,0,0,,,,
KLO,2010,6,21,12,14.9,,,,,,,,968,,3.9,,570,219,379.8,0,0,0,0,,,,
KLO,2010,6,21,13,14.1,,,,,,,,968,,3,,303,9.1,294.7,0,0,0,0,,,,
KLO,2010,6,21,14,14.9,,,,,,,,968.3,,1.8,,382,27.6,356.9,0,0,0,0,,,,
KLO,2010,6,21,15,14.7,,,,,,,,968.6,,3.6,,290,9.4,281.9,0,0,0,0,,,,
KLO,2010,6,21,16,12.6,,,,,,,,968.9,,3.4,,90,0.9,89.3,0,0,0,0,,,,
KLO,2010,6,21,17,13.2,,,,,,,,969,,1.9,,96,1.4,95.1,0,0,0,0,,,,
KLO,2010,6,21,18,12.7,,,,,,,,969.5,,2.8,,49,0.6,48.7,0,0,0,0,,,,
KLO,2010,6,21,19,12.4,,,,,,,,969.8,,2.6,,8,0,8,0,0,0,0,,,,
KLO,2010,6,21,20,12,,,,,,,,970.2,,2.5,,0,0,0,0,0,0,0,,,,
KLO,2010,6,21,21,11.7,,,,,,,,970.3,,2.2,,0,0,0,0,0,0,0,,,,
KLO,2010,6,21,22,11.4,,,,,,,,970.4,,1.8,,0,0,0,0,0,0,0,,,,
KLO,2010,6,21,23,11.2,,,,,,,,970.5,,3.3,,0,0,0,0,0,0,0,,,,
KLO,2010,6,22,0,10.6,,,,,,,,970.3,,3.4,,0,0,0,0,0,0,0,,,,
KLO,2010,6,22,1,10.2,,,,,,,,970.2,,2.8,,0,0,0,0,0,0,0,,,,
KLO,2010,6,22,2,10,,,,,,,,970.3,,2.9,,0,0,0,0,0,0,0,,,,
KLO,2010,6,22,3,8.8,,,,,,,,970.5,,2,,1,0,0,0,0,0,0,,,,
KLO,2010,6,22,4,8.1,,,,,,,,970.8,,2,,46,0,0,0,0,0,0,,,,
KLO,2010,6,22,5,10,,,,,,,,971.1,,1.8,,186,0,0,0,0,0,0,,,,
KLO,2010,6,22,6,12,,,,,,,,971.4,,2.7,,354,4550,58.4,0,0,0,0,,,,
KLO,2010,6,22,7,13.5,,,,,,,,971.4,,1.8,,530,2017.5,87.5,0,0,0,0,,,,
KLO,2010,6,22,8,14.9,,,,,,,,971.4,,2.7,,721,1581.7,119,0,0,0,0,,,,
KLO,2010,6,22,9,16.1,,,,,,,,971.3,,3.2,,783,1219.1,129.2,0,0,0,0,,,,
KLO,2010,6,22,10,17.8,,,,,,,,971.3,,4.8,,925,1143.4,152.6,0,0,0,0,,,,
KLO,2010,6,22,11,16.6,,,,,,,,971.3,,5,,375,50.7,335,0,0,0,0,,,,
KLO,2010,6,22,12,18.2,,,,,,,,971.1,,5.5,,797,686.1,201.3,0,0,0,0,,,,
KLO,2010,6,22,13,18.2,,,,,,,,971.2,,4.1,,728,460.1,309.9,0,0,0,0,,,,
KLO,2010,6,22,14,18.1,,,,,,,,971.3,,5.5,,551,158.3,407.4,0,0,0,0,,,,
KLO,2010,6,22,15,18.5,,,,,,,,971.5,,6,,566,217.7,378,0,0,0,0,,,,
KLO,2010,6,22,16,17.4,,,,,,,,971.6,,4,,316,22.5,298.4,0,0,0,0,,,,
KLO,2010,6,22,17,16.5,,,,,,,,971.9,,2.9,,110,1.9,108.8,0,0,0,0,,,,
KLO,2010,6,22,18,15.8,,,,,,,,972,,3,,38,0.4,37.8,0,0,0,0,,,,
KLO,2010,6,22,19,14.8,,,,,,,,972.1,,1.8,,12,0.1,12,0,0,0,0,,,,
KLO,2010,6,22,20,12.5,,,,,,,,972.5,,2,,0,0,0,0,0,0,0,,,,
KLO,2010,6,22,21,10.9,,,,,,,,972.4,,1.1,,0,0,0,0,0,0,0,,,,
KLO,2010,6,22,22,8.9,,,,,,,,972.2,,1.1,,0,0,0,0,0,0,0,,,,
KLO,2010,6,22,23,8.6,,,,,,,,972,,1.2,,0,0,0,0,0,0,0,,,,
KLO,2010,6,23,0,8.4,,,,,,,,971.7,,1.9,,0,0,0,0,0,0,0,,,,
KLO,2010,6,23,1,8.2,,,,,,,,971.4,,1.1,,0,0,0,0,0,0,0,,,,
KLO,2010,6,23,2,7.6,,,,,,,,971.2,,1.2,,0,0,0,0,0,0,0,,,,
KLO,2010,6,23,3,7.1,,,,,,,,971.2,,1.3,,1,0,0,0,0,0,0,,,,
KLO,2010,6,23,4,7.2,,,,,,,,971.4,,0.7,,46,0,0,0,0,0,0,,,,
KLO,2010,6,23,5,10.2,,,,,,,,971.4,,1.4,,185,0,0,0,0,0,0,,,,
KLO,2010,6,23,6,13,,,,,,,,971.3,,1.8,,343,4451.6,56.6,0,0,0,0,,,,
KLO,2010,6,23,7,15,,,,,,,,971.2,,4.9,,540,2062,89.1,0,0,0,0,,,,
KLO,2010,6,23,8,16.6,,,,,,,,971,,5.7,,690,1516.4,113.9,0,0,0,0,,,,
KLO,2010,6,23,9,18.1,,,,,,,,970.8,,4.8,,832,1296.9,137.3,0,0,0,0,,,,
KLO,2010,6,23,10,19.9,,,,,,,,970.5,,5.9,,902,1115.8,148.8,0,0,0,0,,,,
KLO,2010,6,23,11,21.3,,,,,,,,970.4,,6.3,,954,1010.4,157.4,0,0,0,0,,,,
KLO,2010,6,23,12,21.2,,,,,,,,970.2,,6.3,,851,793.8,162,0,0,0,0,,,,
KLO,2010,6,23,13,21.2,,,,,,,,970,,5.3,,784,580.3,256.8,0,0,0,0,,,,
KLO,2010,6,23,14,22.1,,,,,,,,969.9,,4.9,,820,659.8,221.4,0,0,0,0,,,,
KLO,2010,6,23,15,21.9,,,,,,,,969.7,,4.5,,619,309.4,351.7,0,0,0,0,,,,
KLO,2010,6,23,16,21.2,,,,,,,,969.5,,4.3,,379,55.8,335.3,0,0,0,0,,,,
KLO,2010,6,23,17,21.1,,,,,,,,969.5,,4.3,,302,40,275.4,0,0,0,0,,,,
KLO,2010,6,23,18,19.8,,,,,,,,969.5,,4,,110,3,108.4,0,0,0,0,,,,
KLO,2010,6,23,19,17.9,,,,,,,,969.6,,3.9,,12,0.1,12,0,0,0,0,,,,
KLO,2010,6,23,20,16.9,,,,,,,,969.8,,2.7,,0,0,0,0,0,0,0,,,,
KLO,2010,6,23,21,13.5,,,,,,,,969.9,,1.6,,0,0,0,0,0,0,0,,,,
KLO,2010,6,23,22,11.6,,,,,,,,970,,2.7,,0,0,0,0,0,0,0,,,,
KLO,2010,6,23,23,11,,,,,,,,969.9,,2.5,,0,0,0,0,0,0,0,,,,
KLO,2010,6,24,0,9.8,,,,,,,,969.6,,2.7,,0,0,0,0,0,0,0,,,,
KLO,2010,6,24,1,9.4,,,,,,,,969.4,,1.6,,0,0,0,0,0,0,0,,,,
KLO,2010,6,24,2,8.3,,,,,,,,969.1,,1.5,,0,0,0,0,0,0,0,,,,
KLO,2010,6,24,3,8.3,,,,,,,,969,,0.7,,1,0,0,0,0,0,0,,,,
KLO,2010,6,24,4,8.4,,,,,,,,969.2,,1,,46,0,0,0,0,0,0,,,,
KLO,2010,6,24,5,10.7,,,,,,,,969.4,,1.3,,182,0,0,0,0,0,0,,,,
KLO,2010,6,24,6,13.8,,,,,,,,969.6,,0.6,,352,4619.6,58.1,0,0,0,0,,,,
KLO,2010,6,24,7,16.4,,,,,,,,969.5,,2.1,,519,1988.7,85.6,0,0,0,0,,,,
KLO,2010,6,24,8,17.8,,,,,,,,969.3,,2.4,,676,1488.5,111.5,0,0,0,0,,,,
KLO,2010,6,24,9,20,,,,,,,,969,,4,,809,1262.7,133.5,0,0,0,0,,,,
KLO,2010,6,24,10,21.2,,,,,,,,968.9,,5.9,,892,1104.4,147.2,0,0,0,0,,,,
KLO,2010,6,24,11,22,,,,,,,,968.7,,4.4,,958,1015.3,158.1,0,0,0,0,,,,
KLO,2010,6,24,12,22.5,,,,,,,,968.4,,3.7,,946,910.4,156.1,0,0,0,0,,,,
KLO,2010,6,24,13,23.1,,,,,,,,968.1,,3.6,,892,796.3,168.7,0,0,0,0,,,,
KLO,2010,6,24,14,23.2,,,,,,,,967.9,,3.1,,779,572.2,259.9,0,0,0,0,,,,
KLO,2010,6,24,15,23.6,,,,,,,,967.8,,3.3,,641,352.1,336.7,0,0,0,0,,,,
KLO,2010,6,24,16,23.1,,,,,,,,967.5,,4,,472,154.1,351.5,0,0,0,0,,,,
KLO,2010,6,24,17,22.6,,,,,,,,967.4,,3.2,,292,33.7,269.5,0,0,0,0,,,,
KLO,2010,6,24,18,21.6,,,,,,,,967.4,,3,,123,3.7,121,0,0,0,0,,,,
KLO,2010,6,24,19,18.8,,,,,,,,967.6,,1.6,,15,0.1,15,0,0,0,0,,,,
KLO,2010,6,24,20,15.4,,,,,,,,968,,1.1,,0,0,0,0,0,0,0,,,,
KLO,2010,6,24,21,14,,,,,,,,968.1,,1.1,,0,0,0,0,0,0,0,,,,
KLO,2010,6,24,22,12.5,,,,,,,,968.1,,1.1,,0,0,0,0,0,0,0,,,,
KLO,2010,6,24,23,11.9,,,,,,,,967.9,,0.5,,0,0,0,0,0,0,0,,,,
KLO,2010,6,25,0,11.2,,,,,,,,967.8,,0.4,,0,0,0,0,0,0,0,,,,
KLO,2010,6,25,1,10.5,,,,,,,,967.5,,0.4,,0,0,0,0,0,0,0,,,,
KLO,2010,6,25,2,10.3,,,,,,,,967.3,,0.4,,0,0,0,0,0,0,0,,,,
KLO,2010,6,25,3,9.2,,,,,,,,967.2,,0.5,,1,0,0,0,0,0,0,,,,
KLO,2010,6,25,4,9.8,,,,,,,,967.1,,0.6,,46,0,0,0,0,0,0,,,,
KLO,2010,6,25,5,12,,,,,,,,967.1,,1.1,,182,0,0,0,0,0,0,,,,
KLO,2010,6,25,6,14.6,,,,,,,,967.2,,1.3,,354,4704.8,58.4,0,0,0,0,,,,
KLO,2010,6,25,7,17,,,,,,,,967.3,,1,,527,2027.2,87,0,0,0,0,,,,
KLO,2010,6,25,8,19.6,,,,,,,,967.2,,1.3,,700,1544.7,115.5,0,0,0,0,,,,
KLO,2010,6,25,9,21.3,,,,,,,,966.9,,2.6,,673,1051.9,111,0,0,0,0,,,,
KLO,2010,6,25,10,22.4,,,,,,,,966.7,,4.2,,741,918.4,122.3,0,0,0,0,,,,
KLO,2010,6,25,11,23.2,,,,,,,,966.4,,3.4,,865,917.4,142.7,0,0,0,0,,,,
KLO,2010,6,25,12,24,,,,,,,,966,,2.7,,941,906,155.3,0,0,0,0,,,,
KLO,2010,6,25,13,24.8,,,,,,,,965.7,,3.4,,880,776.1,175.2,0,0,0,0,,,,
KLO,2010,6,25,14,25.1,,,,,,,,965.3,,2.9,,783,581.2,255.9,0,0,0,0,,,,
KLO,2010,6,25,15,25.5,,,,,,,,965,,3.2,,640,350.2,337.4,0,0,0,0,,,,
KLO,2010,6,25,16,25.4,,,,,,,,964.6,,3.7,,487,176.1,349.3,0,0,0,0,,,,
KLO,2010,6,25,17,24.8,,,,,,,,964.5,,2.6,,279,26.7,261.2,0,0,0,0,,,,
KLO,2010,6,25,18,22.6,,,,,,,,964.6,,1.8,,34,0.3,33.9,0,0,0,0,,,,
KLO,2010,6,25,19,19.2,,,,,,,,964.9,,0.7,,14,0.1,14,0,0,0,0,,,,
KLO,2010,6,25,20,16.3,,,,,,,,965.4,,1.4,,0,0,0,0,0,0,0,,,,
KLO,2010,6,25,21,15.3,,,,,,,,965.5,,1.4,,0,0,0,0,0,0,0,,,,
KLO,2010,6,25,22,14.9,,,,,,,,965.6,,1.1,,0,0,0,0,0,0,0,,,,
KLO,2010,6,25,23,14.1,,,,,,,,965.5,,0.6,,0,0,0,0,0,0,0,,,,
KLO,2010,6,26,0,13.4,,,,,,,,965.5,,0.6,,0,0,0,0,0,0,0,,,,
KLO,2010,6,26,1,12.2,,,,,,,,965.4,,1.1,,0,0,0,0,0,0,0,,,,
KLO,2010,6,26,2,12,,,,,,,,965.4,,0.8,,0,0,0,0,0,0,0,,,,
KLO,2010,6,26,3,11.8,,,,,,,,965.6,,0.3,,1,0,0,0,0,0,0,,,,
KLO,2010,6,26,4,11.4,,,,,,,,965.9,,0.4,,42,0,0,0,0,0,0,,,,
KLO,2010,6,26,5,13.8,,,,,,,,966.2,,0.5,,172,0,0,0,0,0,0,,,,
KLO,2010,6,26,6,16,,,,,,,,966.4,,0.7,,337,4542.6,55.6,0,0,0,0,,,,
KLO,2010,6,26,7,18.7,,,,,,,,966.4,,0.5,,510,1970.1,84.2,0,0,0,0,,,,
KLO,2010,6,26,8,20.9,,,,,,,,966,,0.7,,664,1468.7,109.6,0,0,0,0,,,,
KLO,2010,6,26,9,23.3,,,,,,,,965.7,,1.7,,796,1246.1,131.3,0,0,0,0,,,,
KLO,2010,6,26,10,25.2,,,,,,,,965.7,,2.8,,886,1099.2,146.2,0,0,0,0,,,,
KLO,2010,6,26,11,26.3,,,,,,,,965.7,,4.1,,928,984.9,153.1,0,0,0,0,,,,
KLO,2010,6,26,12,26.7,,,,,,,,965.3,,4.4,,914,880.4,150.8,0,0,0,0,,,,
KLO,2010,6,26,13,27.2,,,,,,,,965.1,,4.3,,864,747.3,185.6,0,0,0,0,,,,
KLO,2010,6,26,14,27.3,,,,,,,,965,,3.8,,772,557.7,266.2,0,0,0,0,,,,
KLO,2010,6,26,15,27.5,,,,,,,,964.8,,3.1,,626,322.8,347.1,0,0,0,0,,,,
KLO,2010,6,26,16,27.1,,,,,,,,964.5,,3.6,,457,133.6,352.5,0,0,0,0,,,,
KLO,2010,6,26,17,26.4,,,,,,,,964.6,,3.3,,283,28.7,263.9,0,0,0,0,,,,
KLO,2010,6,26,18,25,,,,,,,,965,,2.8,,103,2.6,101.6,0,0,0,0,,,,
KLO,2010,6,26,19,22,,,,,,,,965.3,,2.6,,10,0,10,0,0,0,0,,,,
KLO,2010,6,26,20,18.5,,,,,,,,965.9,,2,,0,0,0,0,0,0,0,,,,
KLO,2010,6,26,21,17.5,,,,,,,,966.4,,2.8,,0,0,0,0,0,0,0,,,,
KLO,2010,6,26,22,17.2,,,,,,,,966.7,,2.5,,0,0,0,0,0,0,0,,,,
KLO,2010,6,26,23,16.3,,,,,,,,966.9,,3.6,,0,0,0,0,0,0,0,,,,
KLO,2010,6,27,0,16.6,,,,,,,,966.9,,2.1,,0,0,0,0,0,0,0,,,,
KLO,2010,6,27,1,15.1,,,,,,,,966.9,,1.2,,0,0,0,0,0,0,0,,,,
KLO,2010,6,27,2,14.2,,,,,,,,967,,1,,0,0,0,0,0,0,0,,,,
KLO,2010,6,27,3,13.9,,,,,,,,967.3,,2.4,,1,0,0,0,0,0,0,,,,
KLO,2010,6,27,4,13.8,,,,,,,,967.6,,1.3,,42,0,0,0,0,0,0,,,,
KLO,2010,6,27,5,15.6,,,,,,,,967.9,,0.8,,171,0,0,0,0,0,0,,,,
KLO,2010,6,27,6,18.4,,,,,,,,968.1,,1,,339,4641.8,55.9,0,0,0,0,,,,
KLO,2010,6,27,7,20.4,,,,,,,,968.3,,0.7,,510,1979.2,84.2,0,0,0,0,,,,
KLO,2010,6,27,8,22,,,,,,,,968.2,,1.4,,667,1479.1,110.1,0,0,0,0,,,,
KLO,2010,6,27,9,23.9,,,,,,,,968,,2.8,,798,1251.3,131.7,0,0,0,0,,,,
KLO,2010,6,27,10,25.4,,,,,,,,968.1,,4,,887,1101.8,146.4,0,0,0,0,,,,
KLO,2010,6,27,11,26.6,,,,,,,,968.1,,5.7,,930,987.8,153.5,0,0,0,0,,,,
KLO,2010,6,27,12,27.4,,,,,,,,967.9,,5.1,,923,889.6,152.3,0,0,0,0,,,,
KLO,2010,6,27,13,27.7,,,,,,,,967.8,,4.7,,868,755.5,182.4,0,0,0,0,,,,
KLO,2010,6,27,14,28.2,,,,,,,,967.6,,3.9,,770,553.9,267.8,0,0,0,0,,,,
KLO,2010,6,27,15,28.1,,,,,,,,967.4,,3.7,,628,326.8,345.6,0,0,0,0,,,,
KLO,2010,6,27,16,27.7,,,,,,,,967.2,,3.6,,453,128.5,352.4,0,0,0,0,,,,
KLO,2010,6,27,17,27,,,,,,,,967.2,,3.8,,279,26.7,261.2,0,0,0,0,,,,
KLO,2010,6,27,18,25.5,,,,,,,,967.4,,3.3,,111,3,109.4,0,0,0,0,,,,
KLO,2010,6,27,19,22.4,,,,,,,,967.7,,2.3,,12,0.1,12,0,0,0,0,,,,
KLO,2010,6,27,20,19.3,,,,,,,,968.1,,1.5,,0,0,0,0,0,0,0,,,,
KLO,2010,6,27,21,17.9,,,,,,,,968.3,,2,,0,0,0,0,0,0,0,,,,
KLO,2010,6,27,22,17,,,,,,,,968.3,,2.5,,0,0,0,0,0,0,0,,,,
KLO,2010,6,27,23,16.7,,,,,,,,968.5,,0.8,,0,0,0,0,0,0,0,,,,
KLO,2010,6,28,0,15.8,,,,,,,,968.5,,1,,0,0,0,0,0,0,0,,,,
KLO,2010,6,28,1,14.8,,,,,,,,968.4,,0.5,,0,0,0,0,0,0,0,,,,
KLO,2010,6,28,2,14.2,,,,,,,,968.5,,0.7,,0,0,0,0,0,0,0,,,,
KLO,2010,6,28,3,13.4,,,,,,,,968.6,,0.7,,1,0,0,0,0,0,0,,,,
KLO,2010,6,28,4,13.3,,,,,,,,969.1,,0.7,,41,0,0,0,0,0,0,,,,
KLO,2010,6,28,5,15.8,,,,,,,,969.4,,0.6,,167,0,0,0,0,0,0,,,,
KLO,2010,6,28,6,18,,,,,,,,969.6,,0.3,,331,4611.3,54.6,0,0,0,0,,,,
KLO,2010,6,28,7,20.5,,,,,,,,969.7,,0.6,,502,1958,82.8,0,0,0,0,,,,
KLO,2010,6,28,8,22.2,,,,,,,,969.5,,0.9,,659,1465.4,108.7,0,0,0,0,,,,
KLO,2010,6,28,9,24.4,,,,,,,,969.5,,1.7,,785,1233.1,129.5,0,0,0,0,,,,
KLO,2010,6,28,10,26.2,,,,,,,,969.4,,2,,874,1086.9,144.2,0,0,0,0,,,,
KLO,2010,6,28,11,27.2,,,,,,,,969.2,,2.9,,924,982.3,152.5,0,0,0,0,,,,
KLO,2010,6,28,12,27.8,,,,,,,,968.8,,2.8,,915,882.4,151,0,0,0,0,,,,
KLO,2010,6,28,13,28.2,,,,,,,,968.6,,2.7,,860,741.1,187.7,0,0,0,0,,,,
KLO,2010,6,28,14,28.7,,,,,,,,968.4,,2.3,,749,509.1,287.5,0,0,0,0,,,,
KLO,2010,6,28,15,28.3,,,,,,,,968.2,,3.6,,608,289.4,358,0,0,0,0,,,,
KLO,2010,6,28,16,28,,,,,,,,967.9,,3.8,,451,126.1,352.4,0,0,0,0,,,,
KLO,2010,6,28,17,27.1,,,,,,,,967.8,,3.1,,259,18.4,246.7,0,0,0,0,,,,
KLO,2010,6,28,18,25.9,,,,,,,,967.9,,2.6,,100,2.5,98.7,0,0,0,0,,,,
KLO,2010,6,28,19,23.1,,,,,,,,968,,2.2,,12,0.1,12,0,0,0,0,,,,
KLO,2010,6,28,20,20.5,,,,,,,,968.5,,1.8,,0,0,0,0,0,0,0,,,,
KLO,2010,6,28,21,19.4,,,,,,,,968.6,,1.6,,0,0,0,0,0,0,0,,,,
KLO,2010,6,28,22,17.9,,,,,,,,968.9,,1.5,,0,0,0,0,0,0,0,,,,
KLO,2010,6,28,23,16.8,,,,,,,,969,,0.5,,0,0,0,0,0,0,0,,,,
KLO,2010,6,29,0,16,,,,,,,,968.8,,0.9,,0,0,0,0,0,0,0,,,,
KLO,2010,6,29,1,15.6,,,,,,,,968.8,,1,,0,0,0,0,0,0,0,,,,
KLO,2010,6,29,2,15.4,,,,,,,,968.8,,0.6,,0,0,0,0,0,0,0,,,,
KLO,2010,6,29,3,15.4,,,,,,,,968.9,,0.6,,1,0,0,0,0,0,0,,,,
KLO,2010,6,29,4,15,,,,,,,,969.1,,0.4,,34,0,0,0,0,0,0,,,,
KLO,2010,6,29,5,16.8,,,,,,,,969.3,,0.3,,136,0,0,0,0,0,0,,,,
KLO,2010,6,29,6,18.6,,,,,,,,969.5,,0.7,,291,4131.7,48,0,0,0,0,,,,
KLO,2010,6,29,7,20.6,,,,,,,,969.8,,0.5,,459,1799.9,75.7,0,0,0,0,,,,
KLO,2010,6,29,8,22.7,,,,,,,,969.7,,0.6,,639,1425.1,105.4,0,0,0,0,,,,
KLO,2010,6,29,9,24,,,,,,,,969.4,,0.7,,655,1030.8,108.1,0,0,0,0,,,,
KLO,2010,6,29,10,25.6,,,,,,,,969.2,,1.4,,860,1070.9,141.9,0,0,0,0,,,,
KLO,2010,6,29,11,27.6,,,,,,,,968.9,,2.7,,915,973.7,151,0,0,0,0,,,,
KLO,2010,6,29,12,28.3,,,,,,,,968.8,,3.1,,895,863.2,148.1,0,0,0,0,,,,
KLO,2010,6,29,13,28.6,,,,,,,,968.4,,2.5,,869,758.9,180.9,0,0,0,0,,,,
KLO,2010,6,29,14,27.9,,,,,,,,968.2,,4.5,,582,200.9,400,0,0,0,0,,,,
KLO,2010,6,29,15,27,,,,,,,,968.2,,4.7,,590,257.7,367.4,0,0,0,0,,,,
KLO,2010,6,29,16,26.8,,,,,,,,967.9,,3.3,,346,35.5,318.2,0,0,0,0,,,,
KLO,2010,6,29,17,26.4,,,,,,,,967.9,,2.9,,195,5.9,191.1,0,0,0,0,,,,
KLO,2010,6,29,18,25.3,,,,,,,,968.1,,2.5,,85,1.8,84.1,0,0,0,0,,,,
KLO,2010,6,29,19,22.7,,,,,,,,968.4,,1.4,,17,0.1,16.9,0,0,0,0,,,,
KLO,2010,6,29,20,20.5,,,,,,,,969,,1.6,,0,0,0,0,0,0,0,,,,
KLO,2010,6,29,21,18.8,,,,,,,,969.4,,1.3,,0,0,0,0,0,0,0,,,,
KLO,2010,6,29,22,18.3,,,,,,,,969.7,,0.5,,0,0,0,0,0,0,0,,,,
KLO,2010,6,29,23,17.4,,,,,,,,969.8,,2.1,,0,0,0,0,0,0,0,,,,
KLO,2010,6,30,0,16.4,,,,,,,,969.8,,1.6,,0,0,0,0,0,0,0,,,,
KLO,2010,6,30,1,16.5,,,,,,,,969.7,,1,,0,0,0,0,0,0,0,,,,
KLO,2010,6,30,2,16.2,,,,,,,,969.8,,1.9,,0,0,0,0,0,0,0,,,,
KLO,2010,6,30,3,15.5,,,,,,,,970.1,,0.8,,1,0,0,0,0,0,0,,,,
KLO,2010,6,30,4,15.2,,,,,,,,970.2,,0.4,,37,0,0,0,0,0,0,,,,
KLO,2010,6,30,5,17.4,,,,,,,,970.2,,0.5,,145,0,0,0,0,0,0,,,,
KLO,2010,6,30,6,19.2,,,,,,,,970.3,,0.3,,290,4203.6,47.9,0,0,0,0,,,,
KLO,2010,6,30,7,21.1,,,,,,,,970.4,,0.7,,472,1861.6,77.9,0,0,0,0,,,,
KLO,2010,6,30,8,22.5,,,,,,,,970.4,,1.1,,624,1396,103,0,0,0,0,,,,
KLO,2010,6,30,9,24.2,,,,,,,,970.4,,1.4,,751,1184.3,123.9,0,0,0,0,,,,
KLO,2010,6,30,10,25.6,,,,,,,,970.1,,1.7,,708,882.9,116.8,0,0,0,0,,,,
KLO,2010,6,30,11,26.3,,,,,,,,969.8,,2,,772,800.9,144.2,0,0,0,0,,,,
KLO,2010,6,30,12,27.5,,,,,,,,969.4,,2.3,,951,918.4,156.9,0,0,0,0,,,,
KLO,2010,6,30,13,28.3,,,,,,,,969.1,,2.9,,805,630.5,233.6,0,0,0,0,,,,
KLO,2010,6,30,14,27.3,,,,,,,,968.9,,4.6,,489,93.6,404.3,0,0,0,0,,,,
KLO,2010,6,30,15,26.6,,,,,,,,968.7,,4.3,,494,121.9,388.7,0,0,0,0,,,,
KLO,2010,6,30,16,26.8,,,,,,,,968.5,,3.7,,431,102.9,350.6,0,0,0,0,,,,
KLO,2010,6,30,17,26.4,,,,,,,,968.5,,3.6,,272,23.5,256.3,0,0,0,0,,,,
KLO,2010,6,30,18,25.2,,,,,,,,968.4,,2.5,,97,2.3,95.8,0,0,0,0,,,,
KLO,2010,6,30,19,22.5,,,,,,,,968.8,,2.4,,12,0.1,12,0,0,0,0,,,,
KLO,2010,6,30,20,20.1,,,,,,,,969.3,,1.5,,0,0,0,0,0,0,0,,,,
KLO,2010,6,30,21,19,,,,,,,,969.1,,1.2,,0,0,0,0,0,0,0,,,,
KLO,2010,6,30,22,18.1,,,,,,,,969.2,,1.6,,0,0,0,0,0,0,0,,,,
KLO,2010,6,30,23,17.4,,,,,,,,969.2,,1.5,,0,0,0,0,0,0,0,,,,
KLO,2010,7,1,0,16.9,,,,,,,,968.7,,0.5,,0,0,0,0,0,0,0,,,,
KLO,2010,7,1,1,16.1,,,,,,,,968.6,,1.3,,0,0,0,0,0,0,0,,,,
KLO,2010,7,1,2,16.2,,,,,,,,968.5,,0.6,,0,0,0,0,0,0,0,,,,
KLO,2010,7,1,3,15,,,,,,,,968.5,,0.8,,1,0,0,0,0,0,0,,,,
KLO,2010,7,1,4,15.3,,,,,,,,968.6,,0.8,,31,0,0,0,0,0,0,,,,
KLO,2010,7,1,5,17,,,,,,,,968.6,,0.5,,144,0,0,0,0,0,0,,,,
KLO,2010,7,1,6,19.1,,,,,,,,968.7,,0.8,,304,4506.9,50.2,0,0,0,0,,,,
KLO,2010,7,1,7,20.9,,,,,,,,968.7,,1.1,,440,1746.1,72.6,0,0,0,0,,,,
KLO,2010,7,1,8,23.1,,,,,,,,968.4,,0.9,,634,1423,104.6,0,0,0,0,,,,
KLO,2010,7,1,9,25.1,,,,,,,,968.3,,1.8,,770,1216.8,127.1,0,0,0,0,,,,
KLO,2010,7,1,10,26,,,,,,,,968,,1.7,,854,1066.5,140.9,0,0,0,0,,,,
KLO,2010,7,1,11,27.5,,,,,,,,967.6,,2.1,,897,956.5,148,0,0,0,0,,,,
KLO,2010,7,1,12,28.2,,,,,,,,967.3,,2.6,,841,783.5,164.2,0,0,0,0,,,,
KLO,2010,7,1,13,28.9,,,,,,,,967.1,,2.1,,809,640.1,229.3,0,0,0,0,,,,
KLO,2010,7,1,14,28.9,,,,,,,,966.6,,2,,719,447.5,313.8,0,0,0,0,,,,
KLO,2010,7,1,15,28.9,,,,,,,,966.2,,2.5,,564,215.6,377.9,0,0,0,0,,,,
KLO,2010,7,1,16,28.4,,,,,,,,966.1,,2.2,,354,39.9,322.8,0,0,0,0,,,,
KLO,2010,7,1,17,27.8,,,,,,,,966.1,,1.9,,221,8.9,215.1,0,0,0,0,,,,
KLO,2010,7,1,18,26.2,,,,,,,,966.2,,2,,71,1.2,70.3,0,0,0,0,,,,
KLO,2010,7,1,19,22.6,,,,,,,,966.1,,1,,12,0.1,12,0,0,0,0,,,,
KLO,2010,7,1,20,20.3,,,,,,,,966.4,,0.9,,0,0,0,0,0,0,0,,,,
KLO,2010,7,1,21,19.2,,,,,,,,966.7,,0.6,,0,0,0,0,0,0,0,,,,
KLO,2010,7,1,22,17.4,,,,,,,,966.9,,0.5,,0,0,0,0,0,0,0,,,,
KLO,2010,7,1,23,16.4,,,,,,,,967,,0.5,,0,0,0,0,0,0,0,,,,
KLO,2010,7,2,0,15.8,,,,,,,,967.1,,1.3,,0,0,0,0,0,0,0,,,,
KLO,2010,7,2,1,15.7,,,,,,,,967.1,,0.8,,0,0,0,0,0,0,0,,,,
KLO,2010,7,2,2,15.1,,,,,,,,967.3,,0.5,,0,0,0,0,0,0,0,,,,
KLO,2010,7,2,3,15.1,,,,,,,,967.5,,0.8,,0,0,0,0,0,0,0,,,,
KLO,2010,7,2,4,15,,,,,,,,967.8,,0.7,,25,0,0,0,0,0,0,,,,
KLO,2010,7,2,5,16.8,,,,,,,,968,,0.4,,143,0,0,0,0,0,0,,,,
KLO,2010,7,2,6,19.5,,,,,,,,968.2,,0.6,,307,4664,50.7,0,0,0,0,,,,
KLO,2010,7,2,7,22,,,,,,,,968.1,,0.5,,485,1937.4,80,0,0,0,0,,,,
KLO,2010,7,2,8,24.2,,,,,,,,968,,0.9,,633,1425.8,104.4,0,0,0,0,,,,
KLO,2010,7,2,9,25.9,,,,,,,,967.8,,1.1,,800,1267.1,132,0,0,0,0,,,,
KLO,2010,7,2,10,27.1,,,,,,,,967.6,,1.3,,851,1064.5,140.4,0,0,0,0,,,,
KLO,2010,7,2,11,28.7,,,,,,,,967.4,,1.6,,974,1039.8,160.7,0,0,0,0,,,,
KLO,2010,7,2,12,29.3,,,,,,,,967.1,,1.6,,868,830,151.6,0,0,0,0,,,,
KLO,2010,7,2,13,29.9,,,,,,,,966.8,,2,,841,707.7,200.4,0,0,0,0,,,,
KLO,2010,7,2,14,30.9,,,,,,,,966.4,,1.5,,778,574.7,257.9,0,0,0,0,,,,
KLO,2010,7,2,15,30.7,,,,,,,,966.1,,1.4,,538,177.5,384.9,0,0,0,0,,,,
KLO,2010,7,2,16,29.9,,,,,,,,965.9,,1.7,,302,18,288,0,0,0,0,,,,
KLO,2010,7,2,17,30,,,,,,,,965.8,,1.5,,276,25.4,259.1,0,0,0,0,,,,
KLO,2010,7,2,18,28.2,,,,,,,,966,,2.4,,86,1.8,85,0,0,0,0,,,,
KLO,2010,7,2,19,24.7,,,,,,,,966.2,,1,,10,0,10,0,0,0,0,,,,
KLO,2010,7,2,20,22.4,,,,,,,,966.9,,0.7,,0,0,0,0,0,0,0,,,,
KLO,2010,7,2,21,21.2,,,,,,,,967.2,,1.1,,0,0,0,0,0,0,0,,,,
KLO,2010,7,2,22,19.5,,,,,,,,967.4,,1,,0,0,0,0,0,0,0,,,,
KLO,2010,7,2,23,19.2,,,,,,,,967.5,,0.8,,0,0,0,0,0,0,0,,,,
KLO,2010,7,3,0,18,,,,,,,,967.6,,0.6,,0,0,0,0,0,0,0,,,,
KLO,2010,7,3,1,17.3,,,,,,,,967.7,,1,,0,0,0,0,0,0,0,,,,
KLO,2010,7,3,2,16.9,,,,,,,,967.8,,0.8,,0,0,0,0,0,0,0,,,,
KLO,2010,7,3,3,16.6,,,,,,,,967.9,,0.5,,1,0,0,0,0,0,0,,,,
KLO,2010,7,3,4,16.6,,,,,,,,968.1,,0.4,,37,0,0,0,0,0,0,,,,
KLO,2010,7,3,5,18.7,,,,,,,,968.4,,0.5,,156,0,0,0,0,0,0,,,,
KLO,2010,7,3,6,21.2,,,,,,,,968.5,,0.6,,312,4867.1,51.5,0,0,0,0,,,,
KLO,2010,7,3,7,23.4,,,,,,,,968.5,,0.8,,480,1930.8,79.2,0,0,0,0,,,,
KLO,2010,7,3,8,25.4,,,,,,,,968.4,,0.7,,634,1433.3,104.6,0,0,0,0,,,,
KLO,2010,7,3,9,27.1,,,,,,,,968.4,,0.9,,765,1214.5,126.2,0,0,0,0,,,,
KLO,2010,7,3,10,28.2,,,,,,,,968.3,,0.9,,850,1065,140.2,0,0,0,0,,,,
KLO,2010,7,3,11,29.5,,,,,,,,968,,1.8,,889,950.2,146.7,0,0,0,0,,,,
KLO,2010,7,3,12,30.1,,,,,,,,967.6,,1.2,,890,860.9,147.6,0,0,0,0,,,,
KLO,2010,7,3,13,31.1,,,,,,,,967.1,,1.7,,844,715,197.4,0,0,0,0,,,,
KLO,2010,7,3,14,31.4,,,,,,,,966.8,,1.8,,746,506.4,288,0,0,0,0,,,,
KLO,2010,7,3,15,31.4,,,,,,,,967.1,,2.4,,591,261.1,365.8,0,0,0,0,,,,
KLO,2010,7,3,16,26.9,,,,,,,,967.6,,4.7,,210,4.9,206.2,0,0,0,0,,,,
KLO,2010,7,3,17,21.5,,,,,,,,969,,4.3,,13,0,13,0,0,0,0,,,,
KLO,2010,7,3,18,20.6,,,,,,,,969.2,,1.8,,8,0,8,0,0,0,0,,,,
KLO,2010,7,3,19,20.8,,,,,,,,969.2,,0.9,,5,0,5,0,0,0,0,,,,
KLO,2010,7,3,20,20.2,,,,,,,,969.4,,0.5,,0,0,0,0,0,0,0,,,,
KLO,2010,7,3,21,20,,,,,,,,969.6,,0.9,,0,0,0,0,0,0,0,,,,
KLO,2010,7,3,22,19.8,,,,,,,,969.9,,1.3,,0,0,0,0,0,0,0,,,,
KLO,2010,7,3,23,19.6,,,,,,,,970.1,,1.7,,0,0,0,0,0,0,0,,,,
KLO,2010,7,4,0,19.5,,,,,,,,970.3,,1.5,,0,0,0,0,0,0,0,,,,
KLO,2010,7,4,1,19.4,,,,,,,,970.5,,1.6,,0,0,0,0,0,0,0,,,,
KLO,2010,7,4,2,19.1,,,,,,,,970.8,,1.6,,0,0,0,0,0,0,0,,,,
KLO,2010,7,4,3,19,,,,,,,,971,,2.1,,0,0,0,0,0,0,0,,,,
KLO,2010,7,4,4,18.9,,,,,,,,970.9,,2,,8,0,0,0,0,0,0,,,,
KLO,2010,7,4,5,19.1,,,,,,,,971.6,,1.3,,53,0,0,0,0,0,0,,,,
KLO,2010,7,4,6,19.5,,,,,,,,971.9,,0.6,,130,0,0,0,0,0,0,,,,
KLO,2010,7,4,7,20.1,,,,,,,,971.8,,1,,225,911.7,37.1,0,0,0,0,,,,
KLO,2010,7,4,8,21.9,,,,,,,,971.5,,1.4,,626,1420.7,103.3,0,0,0,0,,,,
KLO,2010,7,4,9,23.5,,,,,,,,971.4,,1,,771,1227.1,127.2,0,0,0,0,,,,
KLO,2010,7,4,10,24.8,,,,,,,,971.3,,1.4,,765,960.1,126.2,0,0,0,0,,,,
KLO,2010,7,4,11,25.3,,,,,,,,971,,1.2,,655,535.1,237.5,0,0,0,0,,,,
KLO,2010,7,4,12,24.5,,,,,,,,970.7,,4.1,,516,149.3,387.3,0,0,0,0,,,,
KLO,2010,7,4,13,22.1,,,,,,,,971,,2.5,,243,4.9,238.5,0,0,0,0,,,,
KLO,2010,7,4,14,23.6,,,,,,,,970.7,,1.3,,488,93.6,403.4,0,0,0,0,,,,
KLO,2010,7,4,15,24.4,,,,,,,,970.3,,1.2,,366,28.9,341.1,0,0,0,0,,,,
KLO,2010,7,4,16,23.9,,,,,,,,970.1,,1.6,,212,5,208.1,0,0,0,0,,,,
KLO,2010,7,4,17,24.4,,,,,,,,970,,1.6,,243,13.6,233.9,0,0,0,0,,,,
KLO,2010,7,4,18,23.1,,,,,,,,970.1,,2.4,,100,2.5,98.7,0,0,0,0,,,,
KLO,2010,7,4,19,22,,,,,,,,970.2,,0.9,,17,0.1,16.9,0,0,0,0,,,,
KLO,2010,7,4,20,20.5,,,,,,,,970.6,,1.1,,0,0,0,0,0,0,0,,,,
KLO,2010,7,4,21,19.8,,,,,,,,970.6,,1.2,,0,0,0,0,0,0,0,,,,
KLO,2010,7,4,22,19.2,,,,,,,,970.8,,1.2,,0,0,0,0,0,0,0,,,,
KLO,2010,7,4,23,19.3,,,,,,,,970.9,,0.9,,0,0,0,0,0,0,0,,,,
KLO,2010,7,5,0,19.1,,,,,,,,970.8,,0.8,,0,0,0,0,0,0,0,,,,
KLO,2010,7,5,1,19,,,,,,,,970.5,,0.5,,0,0,0,0,0,0,0,,,,
KLO,2010,7,5,2,18.8,,,,,,,,970.5,,0.9,,0,0,0,0,0,0,0,,,,
KLO,2010,7,5,3,18.4,,,,,,,,970.3,,0.8,,0,0,0,0,0,0,0,,,,
KLO,2010,7,5,4,18.1,,,,,,,,970.3,,1,,25,0,0,0,0,0,0,,,,
KLO,2010,7,5,5,19,,,,,,,,970.6,,1.4,,63,0,0,0,0,0,0,,,,
KLO,2010,7,5,6,20.2,,,,,,,,971,,2.7,,247,0,0,0,0,0,0,,,,
KLO,2010,7,5,7,21.4,,,,,,,,971.2,,3.6,,425,1735.5,70.1,0,0,0,0,,,,
KLO,2010,7,5,8,22.1,,,,,,,,971.1,,2.8,,535,1219.1,88.3,0,0,0,0,,,,
KLO,2010,7,5,9,22.6,,,,,,,,971.1,,1.5,,584,931.9,96.4,0,0,0,0,,,,
KLO,2010,7,5,10,23.8,,,,,,,,971,,1.2,,758,953.1,125.1,0,0,0,0,,,,
KLO,2010,7,5,11,24.4,,,,,,,,970.5,,1,,883,946.2,145.7,0,0,0,0,,,,
KLO,2010,7,5,12,25.1,,,,,,,,970.1,,1.1,,722,533.9,262.5,0,0,0,0,,,,
KLO,2010,7,5,13,25.9,,,,,,,,969.7,,2.3,,695,402.1,331.9,0,0,0,0,,,,
KLO,2010,7,5,14,26.7,,,,,,,,969.5,,4.2,,768,556.1,265.7,0,0,0,0,,,,
KLO,2010,7,5,15,26.7,,,,,,,,969.3,,4.3,,625,324.9,345.1,0,0,0,0,,,,
KLO,2010,7,5,16,26.5,,,,,,,,969,,4.2,,447,122.6,351.3,0,0,0,0,,,,
KLO,2010,7,5,17,26.2,,,,,,,,969.2,,4.4,,344,76.2,293.3,0,0,0,0,,,,
KLO,2010,7,5,18,24.2,,,,,,,,969.5,,3.4,,120,3.6,118.1,0,0,0,0,,,,
KLO,2010,7,5,19,22.6,,,,,,,,970,,2.8,,18,0.2,17.9,0,0,0,0,,,,
KLO,2010,7,5,20,20.6,,,,,,,,970.6,,1.3,,0,0,0,0,0,0,0,,,,
KLO,2010,7,5,21,19.9,,,,,,,,971,,1.4,,0,0,0,0,0,0,0,,,,
KLO,2010,7,5,22,19.4,,,,,,,,971.5,,1.3,,0,0,0,0,0,0,0,,,,
KLO,2010,7,5,23,19.2,,,,,,,,971.5,,0.7,,0,0,0,0,0,0,0,,,,
KLO,2010,7,6,0,18.7,,,,,,,,971.3,,1.4,,0,0,0,0,0,0,0,,,,
KLO,2010,7,6,1,18.1,,,,,,,,971,,1.5,,0,0,0,0,0,0,0,,,,
KLO,2010,7,6,2,17,,,,,,,,970.7,,2,,0,0,0,0,0,0,0,,,,
KLO,2010,7,6,3,17.2,,,,,,,,970.9,,2.6,,0,0,0,0,0,0,0,,,,
KLO,2010,7,6,4,17,,,,,,,,971.4,,1.3,,2,0,0,0,0,0,0,,,,
KLO,2010,7,6,5,16.9,,,,,,,,972,,1,,17,0,0,0,0,0,0,,,,
KLO,2010,7,6,6,17.3,,,,,,,,972.4,,0.3,,82,0,0,0,0,0,0,,,,
KLO,2010,7,6,7,18.1,,,,,,,,972.9,,0.6,,192,738.8,42.2,0,0,0,0,,,,
KLO,2010,7,6,8,19.2,,,,,,,,973.1,,1.2,,319,603.2,98.9,0,0,0,0,,,,
KLO,2010,7,6,9,19.9,,,,,,,,973.2,,2.3,,328,183.6,232.2,0,0,0,0,,,,
KLO,2010,7,6,10,20.3,,,,,,,,973.1,,2.1,,395,146.1,298.2,0,0,0,0,,,,
KLO,2010,7,6,11,22,,,,,,,,972.9,,3,,882,946.5,145.5,0,0,0,0,,,,
KLO,2010,7,6,12,23.3,,,,,,,,972.4,,2.7,,853,811.6,155.2,0,0,0,0,,,,
KLO,2010,7,6,13,24.1,,,,,,,,972,,3.7,,850,730.9,190.6,0,0,0,0,,,,
KLO,2010,7,6,14,24.4,,,,,,,,971.8,,2.2,,749,516.1,283.1,0,0,0,0,,,,
KLO,2010,7,6,15,24.9,,,,,,,,971.6,,3.1,,710,506.3,274.2,0,0,0,0,,,,
KLO,2010,7,6,16,24.3,,,,,,,,971.7,,2.8,,492,186.5,346.6,0,0,0,0,,,,
KLO,2010,7,6,17,22.6,,,,,,,,971.9,,2.9,,121,2.3,119.5,0,0,0,0,,,,
KLO,2010,7,6,18,21.7,,,,,,,,972.2,,2.9,,79,1.5,78.2,0,0,0,0,,,,
KLO,2010,7,6,19,20.5,,,,,,,,972.4,,2.4,,17,0.1,16.9,0,0,0,0,,,,
KLO,2010,7,6,20,18.8,,,,,,,,972.8,,2.7,,0,0,0,0,0,0,0,,,,
KLO,2010,7,6,21,18.3,,,,,,,,973.2,,3.2,,0,0,0,0,0,0,0,,,,
KLO,2010,7,6,22,16.8,,,,,,,,973.4,,2.8,,0,0,0,0,0,0,0,,,,
KLO,2010,7,6,23,15.5,,,,,,,,973.5,,3.3,,0,0,0,0,0,0,0,,,,
KLO,2010,7,7,0,15,,,,,,,,973.6,,3.2,,0,0,0,0,0,0,0,,,,
KLO,2010,7,7,1,14.1,,,,,,,,973.3,,2.1,,0,0,0,0,0,0,0,,,,
KLO,2010,7,7,2,13.4,,,,,,,,972.8,,2.5,,0,0,0,0,0,0,0,,,,
KLO,2010,7,7,3,12.9,,,,,,,,972.8,,2.7,,1,0,0,0,0,0,0,,,,
KLO,2010,7,7,4,12,,,,,,,,972.8,,1.1,,32,0,0,0,0,0,0,,,,
KLO,2010,7,7,5,14.5,,,,,,,,972.9,,2.1,,158,0,0,0,0,0,0,,,,
KLO,2010,7,7,6,16.7,,,,,,,,973,,2.1,,337,0,0,0,0,0,0,,,,
KLO,2010,7,7,7,18.3,,,,,,,,973.2,,2.6,,513,2130,84.6,0,0,0,0,,,,
KLO,2010,7,7,8,20,,,,,,,,973.2,,2,,670,1540,110.6,0,0,0,0,,,,
KLO,2010,7,7,9,21.6,,,,,,,,973.1,,3.7,,800,1283.6,132,0,0,0,0,,,,
KLO,2010,7,7,10,22.9,,,,,,,,972.9,,3.3,,884,1115.8,145.9,0,0,0,0,,,,
KLO,2010,7,7,11,23.7,,,,,,,,972.7,,3.7,,934,1003.8,154.1,0,0,0,0,,,,
KLO,2010,7,7,12,24.3,,,,,,,,972.4,,4.4,,926,900.4,152.8,0,0,0,0,,,,
KLO,2010,7,7,13,25,,,,,,,,971.9,,4.9,,873,775.5,173.9,0,0,0,0,,,,
KLO,2010,7,7,14,25,,,,,,,,971.5,,5.1,,776,576.1,256.5,0,0,0,0,,,,
KLO,2010,7,7,15,25.3,,,,,,,,971.1,,4.4,,640,356.3,333.5,0,0,0,0,,,,
KLO,2010,7,7,16,25.3,,,,,,,,970.9,,4.4,,475,161.1,349.4,0,0,0,0,,,,
KLO,2010,7,7,17,24.7,,,,,,,,970.6,,4.5,,304,42,276.1,0,0,0,0,,,,
KLO,2010,7,7,18,23.6,,,,,,,,970.4,,2.4,,131,4.3,128.8,0,0,0,0,,,,
KLO,2010,7,7,19,21.4,,,,,,,,970.7,,0.9,,16,0.1,16,0,0,0,0,,,,
KLO,2010,7,7,20,18.1,,,,,,,,971.2,,1,,0,0,0,0,0,0,0,,,,
KLO,2010,7,7,21,17.6,,,,,,,,971.4,,1,,0,0,0,0,0,0,0,,,,
KLO,2010,7,7,22,15.9,,,,,,,,971.5,,1.2,,0,0,0,0,0,0,0,,,,
KLO,2010,7,7,23,15.2,,,,,,,,971.5,,1.7,,0,0,0,0,0,0,0,,,,
KLO,2010,7,8,0,14.3,,,,,,,,971.3,,0.9,,0,0,0,0,0,0,0,,,,
KLO,2010,7,8,1,14.1,,,,,,,,971.1,,1.8,,0,0,0,0,0,0,0,,,,
KLO,2010,7,8,2,12.6,,,,,,,,970.9,,2.5,,0,0,0,0,0,0,0,,,,
KLO,2010,7,8,3,12.7,,,,,,,,970.8,,3,,0,0,0,0,0,0,0,,,,
KLO,2010,7,8,4,13.1,,,,,,,,971,,1.2,,37,0,0,0,0,0,0,,,,
KLO,2010,7,8,5,15.1,,,,,,,,971.1,,1,,174,0,0,0,0,0,0,,,,
KLO,2010,7,8,6,17.8,,,,,,,,971.4,,2.1,,340,0,0,0,0,0,0,,,,
KLO,2010,7,8,7,19.6,,,,,,,,971.6,,1.8,,510,2136.6,84.2,0,0,0,0,,,,
KLO,2010,7,8,8,21.4,,,,,,,,971.6,,1.4,,667,1540.2,110.1,0,0,0,0,,,,
KLO,2010,7,8,9,22.8,,,,,,,,971.9,,1.1,,791,1272.9,130.5,0,0,0,0,,,,
KLO,2010,7,8,10,24.4,,,,,,,,971.8,,0.8,,877,1109.2,144.7,0,0,0,0,,,,
KLO,2010,7,8,11,26.2,,,,,,,,971.6,,0.5,,922,992.4,152.1,0,0,0,0,,,,
KLO,2010,7,8,12,27.2,,,,,,,,971.3,,0.5,,926,901.4,152.8,0,0,0,0,,,,
KLO,2010,7,8,13,28.3,,,,,,,,970.9,,1.1,,870,771.7,175.1,0,0,0,0,,,,
KLO,2010,7,8,14,28.9,,,,,,,,970.6,,1.3,,765,553.5,266.2,0,0,0,0,,,,
KLO,2010,7,8,15,29.7,,,,,,,,970.4,,2.1,,627,331.4,342.1,0,0,0,0,,,,
KLO,2010,7,8,16,29.7,,,,,,,,970.3,,1.5,,474,160.2,349.2,0,0,0,0,,,,
KLO,2010,7,8,17,29.5,,,,,,,,970,,0.6,,299,38.9,273.2,0,0,0,0,,,,
KLO,2010,7,8,18,28.2,,,,,,,,970,,0.5,,126,4,123.9,0,0,0,0,,,,
KLO,2010,7,8,19,23.7,,,,,,,,970.1,,0.8,,14,0.1,14,0,0,0,0,,,,
KLO,2010,7,8,20,20.5,,,,,,,,970.3,,0.9,,0,0,0,0,0,0,0,,,,
KLO,2010,7,8,21,19.2,,,,,,,,970.3,,0.7,,0,0,0,0,0,0,0,,,,
KLO,2010,7,8,22,17.5,,,,,,,,970.3,,1,,0,0,0,0,0,0,0,,,,
KLO,2010,7,8,23,16.5,,,,,,,,970.5,,1,,0,0,0,0,0,0,0,,,,
KLO,2010,7,9,0,16.3,,,,,,,,970.7,,1.2,,0,0,0,0,0,0,0,,,,
KLO,2010,7,9,1,15.8,,,,,,,,971,,0.5,,0,0,0,0,0,0,0,,,,
KLO,2010,7,9,2,15.3,,,,,,,,971.2,,0.4,,0,0,0,0,0,0,0,,,,
KLO,2010,7,9,3,14.7,,,,,,,,971.4,,1.1,,0,0,0,0,0,0,0,,,,
KLO,2010,7,9,4,14.9,,,,,,,,971.5,,1,,33,0,0,0,0,0,0,,,,
KLO,2010,7,9,5,16.9,,,,,,,,971.7,,0.9,,155,0,0,0,0,0,0,,,,
KLO,2010,7,9,6,19.4,,,,,,,,971.6,,0.7,,325,0,0,0,0,0,0,,,,
KLO,2010,7,9,7,22.2,,,,,,,,971.6,,1.1,,500,2114.3,82.5,0,0,0,0,,,,
KLO,2010,7,9,8,24.8,,,,,,,,971.1,,0.9,,652,1512.8,107.6,0,0,0,0,,,,
KLO,2010,7,9,9,26.9,,,,,,,,970.9,,1,,776,1252.5,128,0,0,0,0,,,,
KLO,2010,7,9,10,28,,,,,,,,970.5,,1.2,,869,1101.4,143.4,0,0,0,0,,,,
KLO,2010,7,9,11,29.3,,,,,,,,970.2,,1.5,,746,766.8,152.1,0,0,0,0,,,,
KLO,2010,7,9,12,30,,,,,,,,970.4,,2.2,,861,829.3,150.6,0,0,0,0,,,,
KLO,2010,7,9,13,30.3,,,,,,,,970.5,,2.3,,664,346.2,352.6,0,0,0,0,,,,
KLO,2010,7,9,14,30.8,,,,,,,,970.3,,1.4,,594,224.3,392,0,0,0,0,,,,
KLO,2010,7,9,15,30.9,,,,,,,,970.1,,1.3,,565,221.8,374.6,0,0,0,0,,,,
KLO,2010,7,9,16,30.5,,,,,,,,969.8,,1.3,,342,34.4,315.2,0,0,0,0,,,,
KLO,2010,7,9,17,29.6,,,,,,,,969.6,,1.9,,174,4.7,170.9,0,0,0,0,,,,
KLO,2010,7,9,18,27.7,,,,,,,,969.4,,1.8,,55,0.8,54.6,0,0,0,0,,,,
KLO,2010,7,9,19,24.5,,,,,,,,969.4,,1.1,,6,0,6,0,0,0,0,,,,
KLO,2010,7,9,20,23,,,,,,,,969.8,,1.9,,0,0,0,0,0,0,0,,,,
KLO,2010,7,9,21,21.9,,,,,,,,970.2,,1.1,,0,0,0,0,0,0,0,,,,
KLO,2010,7,9,22,20,,,,,,,,969.5,,,,0,0,0,0,0,0,0,,,,
KLO,2010,7,9,23,19.3,,,,,,,,969.1,,,,0,0,0,0,0,0,0,,,,
KLO,2010,7,10,0,19,,,,,,,,968.7,,,,0,0,0,0,0,0,0,,,,
KLO,2010,7,10,1,18.7,,,,,,,,968.5,,,,0,0,0,0,0,0,0,,,,
KLO,2010,7,10,2,18.3,,,,,,,,968.5,,,,0,0,0,0,0,0,0,,,,
KLO,2010,7,10,3,18,,,,,,,,968.4,,,,1,0,0,0,0,0,0,,,,
KLO,2010,7,10,4,17.9,,,,,,,,968.4,,,,32,0,0,0,0,0,0,,,,
KLO,2010,7,10,5,18,,,,,,,,968.5,,,,158,0,0,0,0,0,0,,,,
KLO,2010,7,10,6,18.7,,,,,,,,968.3,,,,337,0,0,0,0,0,0,,,,
KLO,2010,7,10,7,19.9,,,,,,,,968.1,,,,513,2190.6,84.6,0,0,0,0,,,,
KLO,2010,7,10,8,21.5,,,,,,,,968,,,,670,1562.3,110.6,0,0,0,0,,,,
KLO,2010,7,10,9,23.1,,,,,,,,967.6,,,,800,1295.3,132,0,0,0,0,,,,
KLO,2010,7,10,10,24.6,,,,,,,,967.2,,,,884,1122.9,145.9,0,0,0,0,,,,
KLO,2010,7,10,11,26.4,,,,,,,,966.9,,,,934,1008.6,154.1,0,0,0,0,,,,
KLO,2010,7,10,12,28.1,,,,,,,,966.1,,,,926,903.7,152.8,0,0,0,0,,,,
KLO,2010,7,10,13,29.4,,,,,,,,965.4,,,,873,780.3,171.8,0,0,0,0,,,,
KLO,2010,7,10,14,30.6,,,,,,,,964.6,,,,776,580.6,253.8,0,0,0,0,,,,
KLO,2010,7,10,15,31.4,,,,,,,,963.2,,,,640,359.6,331.4,0,0,0,0,,,,
KLO,2010,7,10,16,31.7,,,,,,,,962.4,,,,475,163,348.3,0,0,0,0,,,,
KLO,2010,7,10,17,31.4,,,,,,,,962.4,,,,304,42.8,275.7,0,0,0,0,,,,
KLO,2010,7,10,18,29.6,,,,,,,,963.3,,,,131,4.3,128.8,0,0,0,0,,,,
KLO,2010,7,10,19,25.4,,,,,,,,965.9,,,,0,0,0,0,0,0,0,,,,
KLO,2010,7,10,20,22.6,,,,,,,,967.9,,,,0,0,0,0,0,0,0,,,,
KLO,2010,7,10,21,21.2,,,,,,,,968.3,,,,0,0,0,0,0,0,0,,,,
KLO,2010,7,10,22,20,,,,,,,,969.4,,,,0,0,0,0,0,0,0,,,,
KLO,2010,7,10,23,19.3,,,,,,,,969.3,,0.8,,0,0,0,0,0,0,0,,,,
KLO,2010,7,11,0,19,,,,,,,,968.9,,1.8,,0,0,0,0,0,0,0,,,,
KLO,2010,7,11,1,18.9,,,,,,,,968.7,,1.7,,0,0,0,0,0,0,0,,,,
KLO,2010,7,11,2,18.9,,,,,,,,969,,1.9,,0,0,0,0,0,0,0,,,,
KLO,2010,7,11,3,18.6,,,,,,,,969.3,,1.8,,0,0,0,0,0,0,0,,,,
KLO,2010,7,11,4,18.3,,,,,,,,969.7,,1.9,,18,0,0,0,0,0,0,,,,
KLO,2010,7,11,5,19.2,,,,,,,,969.9,,0.8,,92,0,0,0,0,0,0,,,,
KLO,2010,7,11,6,20.8,,,,,,,,970.1,,0.8,,293,0,0,0,0,0,0,,,,
KLO,2010,7,11,7,22.6,,,,,,,,970.3,,1.5,,479,2066.3,79,0,0,0,0,,,,
KLO,2010,7,11,8,24.7,,,,,,,,970.2,,1.9,,697,1633.7,115,0,0,0,0,,,,
KLO,2010,7,11,9,26.1,,,,,,,,970.1,,2.2,,808,1312.6,133.3,0,0,0,0,,,,
KLO,2010,7,11,10,27.2,,,,,,,,969.9,,1.7,,851,1083.5,140.4,0,0,0,0,,,,
KLO,2010,7,11,11,28.1,,,,,,,,969.5,,1.7,,887,959.5,146.4,0,0,0,0,,,,
KLO,2010,7,11,12,29,,,,,,,,969,,1.2,,882,861.1,146.3,0,0,0,0,,,,
KLO,2010,7,11,13,29.2,,,,,,,,968.5,,1.3,,670,360.5,346.4,0,0,0,0,,,,
KLO,2010,7,11,14,30,,,,,,,,967.9,,1.6,,737,497.4,290.1,0,0,0,0,,,,
KLO,2010,7,11,15,30,,,,,,,,967.7,,1.5,,614,309.6,348.6,0,0,0,0,,,,
KLO,2010,7,11,16,30.3,,,,,,,,967.4,,1.5,,457,138.5,349.5,0,0,0,0,,,,
KLO,2010,7,11,17,29.3,,,,,,,,967.4,,1.4,,186,5.4,182.4,0,0,0,0,,,,
KLO,2010,7,11,18,26.6,,,,,,,,967.9,,4.1,,53,0.7,52.6,0,0,0,0,,,,
KLO,2010,7,11,19,24.6,,,,,,,,968.3,,3.3,,16,0.1,16,0,0,0,0,,,,
KLO,2010,7,11,20,23.2,,,,,,,,968.7,,1.6,,0,0,0,0,0,0,0,,,,
KLO,2010,7,11,21,22.1,,,,,,,,969,,2.1,,0,0,0,0,0,0,0,,,,
KLO,2010,7,11,22,21.3,,,,,,,,969.3,,1.3,,0,0,0,0,0,0,0,,,,
KLO,2010,7,11,23,19.8,,,,,,,,969,,0.8,,0,0,0,0,0,0,0,,,,
KLO,2010,7,12,0,19.2,,,,,,,,968.4,,1.4,,0,0,0,0,0,0,0,,,,
KLO,2010,7,12,1,18.6,,,,,,,,967.9,,1.5,,0,0,0,0,0,0,0,,,,
KLO,2010,7,12,2,18.2,,,,,,,,967.4,,1.1,,0,0,0,0,0,0,0,,,,
KLO,2010,7,12,3,17.7,,,,,,,,967,,1,,0,0,0,0,0,0,0,,,,
KLO,2010,7,12,4,17.5,,,,,,,,966.8,,0.7,,21,0,0,0,0,0,0,,,,
KLO,2010,7,12,5,19,,,,,,,,966.6,,0.8,,146,0,0,0,0,0,0,,,,
KLO,2010,7,12,6,21,,,,,,,,966.5,,1,,324,0,0,0,0,0,0,,,,
KLO,2010,7,12,7,22.8,,,,,,,,966.3,,0.4,,504,2197.3,83.2,0,0,0,0,,,,
KLO,2010,7,12,8,24.3,,,,,,,,966.4,,0.9,,663,1562.3,109.4,0,0,0,0,,,,
KLO,2010,7,12,9,26.3,,,,,,,,966.4,,0.7,,786,1281.1,129.7,0,0,0,0,,,,
KLO,2010,7,12,10,28,,,,,,,,966,,1.1,,871,1111.6,143.7,0,0,0,0,,,,
KLO,2010,7,12,11,29.5,,,,,,,,965.6,,1.9,,884,957.9,145.9,0,0,0,0,,,,
KLO,2010,7,12,12,30.4,,,,,,,,964.7,,0.9,,889,870.3,146.4,0,0,0,0,,,,
KLO,2010,7,12,13,31.1,,,,,,,,964.1,,1.4,,846,733.4,188.5,0,0,0,0,,,,
KLO,2010,7,12,14,31.7,,,,,,,,963.1,,1.2,,770,570.9,257.6,0,0,0,0,,,,
KLO,2010,7,12,15,31.3,,,,,,,,962.8,,2.6,,594,273.8,359.6,0,0,0,0,,,,
KLO,2010,7,12,16,26.6,,,,,,,,963.7,,6.8,,243,7.2,237.4,0,0,0,0,,,,
KLO,2010,7,12,17,22.7,,,,,,,,966.2,,5.9,,94,1.4,93.1,0,0,0,0,,,,
KLO,2010,7,12,18,20.1,,,,,,,,968.6,,4.2,,2,0,2,0,0,0,0,,,,
KLO,2010,7,12,19,18.4,,,,,,,,969,,3.4,,0,0,0,0,0,0,0,,,,
KLO,2010,7,12,20,18.2,,,,,,,,967.8,,5.3,,0,0,0,0,0,0,0,,,,
KLO,2010,7,12,21,17.9,,,,,,,,967.2,,2.6,,0,0,0,0,0,0,0,,,,
KLO,2010,7,12,22,17.5,,,,,,,,966.8,,1.8,,0,0,0,0,0,0,0,,,,
KLO,2010,7,12,23,17.5,,,,,,,,965.9,,1.9,,0,0,0,0,0,0,0,,,,
KLO,2010,7,13,0,16.9,,,,,,,,965.8,,1.4,,0,0,0,0,0,0,0,,,,
KLO,2010,7,13,1,16.6,,,,,,,,965.4,,1.6,,0,0,0,0,0,0,0,,,,
KLO,2010,7,13,2,16.4,,,,,,,,964.8,,1.6,,0,0,0,0,0,0,0,,,,
KLO,2010,7,13,3,16,,,,,,,,965,,1,,0,0,0,0,0,0,0,,,,
KLO,2010,7,13,4,16.7,,,,,,,,965,,0.9,,26,0,0,0,0,0,0,,,,
KLO,2010,7,13,5,17.6,,,,,,,,965.2,,0.9,,126,0,0,0,0,0,0,,,,
KLO,2010,7,13,6,18.8,,,,,,,,965.4,,0.3,,263,0,0,0,0,0,0,,,,
KLO,2010,7,13,7,19.7,,,,,,,,965.4,,1.4,,352,1551.6,58.1,0,0,0,0,,,,
KLO,2010,7,13,8,21.1,,,,,,,,965.5,,1.4,,459,1087.6,75.7,0,0,0,0,,,,
KLO,2010,7,13,9,22,,,,,,,,965.5,,0.9,,538,880,88.7,0,0,0,0,,,,
KLO,2010,7,13,10,23.7,,,,,,,,965.4,,0.9,,676,864.5,111.8,0,0,0,0,,,,
KLO,2010,7,13,11,24.9,,,,,,,,965.1,,1.2,,842,914.1,138.9,0,0,0,0,,,,
KLO,2010,7,13,12,25.7,,,,,,,,964.7,,1.8,,770,660,207.7,0,0,0,0,,,,
KLO,2010,7,13,13,26.4,,,,,,,,964.3,,1.3,,725,476.9,298,0,0,0,0,,,,
KLO,2010,7,13,14,27,,,,,,,,963.8,,1.7,,714,451.6,309.1,0,0,0,0,,,,
KLO,2010,7,13,15,27.5,,,,,,,,963.4,,1.9,,617,317.9,345.1,0,0,0,0,,,,
KLO,2010,7,13,16,27.5,,,,,,,,962.8,,1.5,,466,152.4,348,0,0,0,0,,,,
KLO,2010,7,13,17,27.5,,,,,,,,962.5,,0.8,,267,22.7,252,0,0,0,0,,,,
KLO,2010,7,13,18,26.6,,,,,,,,962.4,,2,,109,3,107.4,0,0,0,0,,,,
KLO,2010,7,13,19,24.8,,,,,,,,962.3,,2.4,,14,0.1,14,0,0,0,0,,,,
KLO,2010,7,13,20,22.2,,,,,,,,962.5,,0.9,,0,0,0,0,0,0,0,,,,
KLO,2010,7,13,21,22.1,,,,,,,,962.7,,1.5,,0,0,0,0,0,0,0,,,,
KLO,2010,7,13,22,20.8,,,,,,,,962.8,,1.6,,0,0,0,0,0,0,0,,,,
KLO,2010,7,13,23,20.4,,,,,,,,962.9,,1.2,,0,0,0,0,0,0,0,,,,
KLO,2010,7,14,0,20.1,,,,,,,,963,,1.6,,0,0,0,0,0,0,0,,,,
KLO,2010,7,14,1,20.1,,,,,,,,962.9,,0.9,,0,0,0,0,0,0,0,,,,
KLO,2010,7,14,2,19.5,,,,,,,,962.7,,1,,0,0,0,0,0,0,0,,,,
KLO,2010,7,14,3,18.8,,,,,,,,962.7,,0.8,,0,0,0,0,0,0,0,,,,
KLO,2010,7,14,4,18.8,,,,,,,,962.7,,0.7,,23,0,0,0,0,0,0,,,,
KLO,2010,7,14,5,19.7,,,,,,,,962.8,,0.8,,133,0,0,0,0,0,0,,,,
KLO,2010,7,14,6,21.1,,,,,,,,962.7,,0.8,,248,0,0,0,0,0,0,,,,
KLO,2010,7,14,7,23.1,,,,,,,,962.7,,0.7,,448,1997.5,73.9,0,0,0,0,,,,
KLO,2010,7,14,8,25.2,,,,,,,,962.3,,0.6,,631,1503.7,104.1,0,0,0,0,,,,
KLO,2010,7,14,9,27.1,,,,,,,,961.8,,1.2,,751,1232.7,123.9,0,0,0,0,,,,
KLO,2010,7,14,10,29.2,,,,,,,,961.2,,2.4,,860,1103,141.9,0,0,0,0,,,,
KLO,2010,7,14,11,30.2,,,,,,,,960.7,,3.3,,894,972.4,147.5,0,0,0,0,,,,
KLO,2010,7,14,12,31.1,,,,,,,,960.1,,3.7,,884,867.8,145.8,0,0,0,0,,,,
KLO,2010,7,14,13,32,,,,,,,,959.3,,4.1,,834,713.7,195.8,0,0,0,0,,,,
KLO,2010,7,14,14,32.9,,,,,,,,958.5,,2.6,,735,498.4,288.8,0,0,0,0,,,,
KLO,2010,7,14,15,33.3,,,,,,,,957.5,,3.7,,583,256.8,363.7,0,0,0,0,,,,
KLO,2010,7,14,16,33.2,,,,,,,,957,,1.6,,399,75.6,340.5,0,0,0,0,,,,
KLO,2010,7,14,17,32.6,,,,,,,,957,,1.6,,251,16.8,239.9,0,0,0,0,,,,
KLO,2010,7,14,18,29.5,,,,,,,,957.4,,2.6,,8,0,8,0,0,0,0,,,,
KLO,2010,7,14,19,21.7,,,,,,,,959.7,,6.2,,1,0,1,0,0,0,0,,,,
KLO,2010,7,14,20,21.7,,,,,,,,961.4,,2.3,,0,0,0,0,0,0,0,,,,
KLO,2010,7,14,21,20.7,,,,,,,,962.9,,3.9,,0,0,0,0,0,0,0,,,,
KLO,2010,7,14,22,20.5,,,,,,,,963.8,,1.6,,0,0,0,0,0,0,0,,,,
KLO,2010,7,14,23,20.3,,,,,,,,964.4,,1.3,,0,0,0,0,0,0,0,,,,
KLO,2010,7,15,0,19.8,,,,,,,,964.6,,0.7,,0,0,0,0,0,0,0,,,,
KLO,2010,7,15,1,19.2,,,,,,,,964.8,,1.2,,0,0,0,0,0,0,0,,,,
KLO,2010,7,15,2,19.1,,,,,,,,965.3,,1.3,,0,0,0,0,0,0,0,,,,
KLO,2010,7,15,3,19,,,,,,,,965.6,,1.2,,0,0,0,0,0,0,0,,,,
KLO,2010,7,15,4,18.7,,,,,,,,966.1,,0.9,,2,0,0,0,0,0,0,,,,
KLO,2010,7,15,5,18.9,,,,,,,,966.9,,1.5,,32,0,0,0,0,0,0,,,,
KLO,2010,7,15,6,18.3,,,,,,,,967.5,,3.1,,94,0,0,0,0,0,0,,,,
KLO,2010,7,15,7,18.3,,,,,,,,968,,2.4,,100,93.8,82.6,0,0,0,0,,,,
KLO,2010,7,15,8,19.8,,,,,,,,967.9,,2.1,,281,470.9,117,0,0,0,0,,,,
KLO,2010,7,15,9,20.6,,,,,,,,968,,0.9,,303,147.9,228,0,0,0,0,,,,
KLO,2010,7,15,10,21.6,,,,,,,,967.8,,1.2,,605,711.7,142.8,0,0,0,0,,,,
KLO,2010,7,15,11,22.9,,,,,,,,967.6,,1.4,,777,840.6,133,0,0,0,0,,,,
KLO,2010,7,15,12,23.3,,,,,,,,967.2,,1.3,,922,906.5,152.1,0,0,0,0,,,,
KLO,2010,7,15,13,24.2,,,,,,,,966.9,,1.3,,774,588,248.9,0,0,0,0,,,,
KLO,2010,7,15,14,24.4,,,,,,,,966.9,,1.6,,596,233.4,387.2,0,0,0,0,,,,
KLO,2010,7,15,15,25.1,,,,,,,,966.7,,1.7,,651,389.9,318.4,0,0,0,0,,,,
KLO,2010,7,15,16,25,,,,,,,,966.4,,0.9,,414,90.5,344.1,0,0,0,0,,,,
KLO,2010,7,15,17,24.9,,,,,,,,966,,1.2,,270,24.5,253.9,0,0,0,0,,,,
KLO,2010,7,15,18,24.4,,,,,,,,966.1,,1.7,,116,3.4,114.2,0,0,0,0,,,,
KLO,2010,7,15,19,22.3,,,,,,,,966.3,,1.6,,13,0.1,13,0,0,0,0,,,,
KLO,2010,7,15,20,20.2,,,,,,,,966.8,,1.1,,0,0,0,0,0,0,0,,,,
KLO,2010,7,15,21,19.5,,,,,,,,967,,1.3,,0,0,0,0,0,0,0,,,,
KLO,2010,7,15,22,18.3,,,,,,,,967.1,,1.5,,0,0,0,0,0,0,0,,,,
KLO,2010,7,15,23,17.9,,,,,,,,967.2,,2,,0,0,0,0,0,0,0,,,,
KLO,2010,7,16,0,17.5,,,,,,,,967,,1.5,,0,0,0,0,0,0,0,,,,
KLO,2010,7,16,1,16.9,,,,,,,,967,,0.5,,0,0,0,0,0,0,0,,,,
KLO,2010,7,16,2,16.1,,,,,,,,966.9,,1.1,,0,0,0,0,0,0,0,,,,
KLO,2010,7,16,3,15.7,,,,,,,,967,,1.6,,0,0,0,0,0,0,0,,,,
KLO,2010,7,16,4,16.5,,,,,,,,967.4,,0.9,,24,0,0,0,0,0,0,,,,
KLO,2010,7,16,5,17,,,,,,,,967.6,,0.8,,59,0,0,0,0,0,0,,,,
KLO,2010,7,16,6,18.4,,,,,,,,967.8,,0.5,,247,0,0,0,0,0,0,,,,
KLO,2010,7,16,7,20.8,,,,,,,,967.8,,0.4,,475,2169.8,78.4,0,0,0,0,,,,
KLO,2010,7,16,8,23.1,,,,,,,,967.6,,0.9,,628,1514.5,103.6,0,0,0,0,,,,
KLO,2010,7,16,9,25,,,,,,,,967.3,,0.8,,763,1261.8,125.9,0,0,0,0,,,,
KLO,2010,7,16,10,26.5,,,,,,,,967.1,,1.2,,858,1106.2,141.6,0,0,0,0,,,,
KLO,2010,7,16,11,28,,,,,,,,966.8,,1.6,,901,983.9,148.7,0,0,0,0,,,,
KLO,2010,7,16,12,29.4,,,,,,,,966.5,,1.7,,894,880.5,147.5,0,0,0,0,,,,
KLO,2010,7,16,13,30.2,,,,,,,,966.2,,1.9,,838,726.3,190.4,0,0,0,0,,,,
KLO,2010,7,16,14,30.8,,,,,,,,966,,1.3,,741,515.4,280.7,0,0,0,0,,,,
KLO,2010,7,16,15,30.5,,,,,,,,965.8,,1.3,,477,110.5,382.9,0,0,0,0,,,,
KLO,2010,7,16,16,29.3,,,,,,,,965.6,,2.1,,240,7.1,234.5,0,0,0,0,,,,
KLO,2010,7,16,17,27.3,,,,,,,,965.6,,2.7,,76,0.9,75.4,0,0,0,0,,,,
KLO,2010,7,16,18,26.8,,,,,,,,965.8,,1.8,,29,0.2,28.9,0,0,0,0,,,,
KLO,2010,7,16,19,24.9,,,,,,,,966.5,,2.4,,0,0,0,0,0,0,0,,,,
KLO,2010,7,16,20,23.5,,,,,,,,967.9,,2.8,,0,0,0,0,0,0,0,,,,
KLO,2010,7,16,21,20.3,,,,,,,,969.8,,2.7,,0,0,0,0,0,0,0,,,,
KLO,2010,7,16,22,19.5,,,,,,,,969.7,,1.5,,0,0,0,0,0,0,0,,,,
KLO,2010,7,16,23,19.6,,,,,,,,969.4,,1.8,,0,0,0,0,0,0,0,,,,
KLO,2010,7,17,0,19.7,,,,,,,,969.1,,1.3,,0,0,0,0,0,0,0,,,,
KLO,2010,7,17,1,19.6,,,,,,,,968.6,,1.2,,0,0,0,0,0,0,0,,,,
KLO,2010,7,17,2,19,,,,,,,,968.6,,2.4,,0,0,0,0,0,0,0,,,,
KLO,2010,7,17,3,18.6,,,,,,,,968.3,,1.2,,0,0,0,0,0,0,0,,,,
KLO,2010,7,17,4,18.2,,,,,,,,968,,1.7,,13,0,0,0,0,0,0,,,,
KLO,2010,7,17,5,18.7,,,,,,,,968.6,,2,,95,0,0,0,0,0,0,,,,
KLO,2010,7,17,6,20.1,,,,,,,,969.3,,1.6,,348,0,0,0,0,0,0,,,,
KLO,2010,7,17,7,21.2,,,,,,,,970.1,,2.9,,408,1887.7,67.3,0,0,0,0,,,,
KLO,2010,7,17,8,22.2,,,,,,,,970.5,,3.1,,591,1434.1,97.5,0,0,0,0,,,,
KLO,2010,7,17,9,22.9,,,,,,,,970.5,,2.4,,549,911.4,90.6,0,0,0,0,,,,
KLO,2010,7,17,10,23,,,,,,,,970.5,,1.7,,482,359.6,249.7,0,0,0,0,,,,
KLO,2010,7,17,11,23.6,,,,,,,,970.4,,3.1,,429,112.4,343.2,0,0,0,0,,,,
KLO,2010,7,17,12,22.5,,,,,,,,970.6,,4.8,,441,79,374.1,0,0,0,0,,,,
KLO,2010,7,17,13,19,,,,,,,,971.4,,4.9,,145,1.8,143.4,0,0,0,0,,,,
KLO,2010,7,17,14,17.5,,,,,,,,971.7,,4.7,,122,1.3,120.9,0,0,0,0,,,,
KLO,2010,7,17,15,16.5,,,,,,,,972.1,,4,,54,0.3,53.8,0,0,0,0,,,,
KLO,2010,7,17,16,16.4,,,,,,,,972,,2.2,,56,0.4,55.7,0,0,0,0,,,,
KLO,2010,7,17,17,16.6,,,,,,,,972.7,,1.4,,24,0.1,23.9,0,0,0,0,,,,
KLO,2010,7,17,18,16.6,,,,,,,,973.4,,2.1,,9,0,9,0,0,0,0,,,,
KLO,2010,7,17,19,16.6,,,,,,,,974.2,,1.4,,5,0,5,0,0,0,0,,,,
KLO,2010,7,17,20,16.3,,,,,,,,975.1,,2.4,,0,0,0,0,0,0,0,,,,
KLO,2010,7,17,21,15.9,,,,,,,,975.7,,3.8,,0,0,0,0,0,0,0,,,,
KLO,2010,7,17,22,15.8,,,,,,,,976,,3.1,,0,0,0,0,0,0,0,,,,
KLO,2010,7,17,23,15.8,,,,,,,,976.4,,2.6,,0,0,0,0,0,0,0,,,,
KLO,2010,7,18,0,15.2,,,,,,,,976.1,,2.9,,0,0,0,0,0,0,0,,,,
KLO,2010,7,18,1,15.2,,,,,,,,976,,1.4,,0,0,0,0,0,0,0,,,,
KLO,2010,7,18,2,15.3,,,,,,,,975.7,,1.1,,0,0,0,0,0,0,0,,,,
KLO,2010,7,18,3,15.3,,,,,,,,975.5,,1.3,,0,0,0,0,0,0,0,,,,
KLO,2010,7,18,4,15,,,,,,,,975.8,,0.7,,18,0,0,0,0,0,0,,,,
KLO,2010,7,18,5,15.4,,,,,,,,976.1,,1,,97,0,0,0,0,0,0,,,,
KLO,2010,7,18,6,16.3,,,,,,,,976.4,,1.9,,214,0,0,0,0,0,0,,,,
KLO,2010,7,18,7,17.4,,,,,,,,976.7,,2.8,,431,2020.7,71.1,0,0,0,0,,,,
KLO,2010,7,18,8,18.9,,,,,,,,976.5,,3.3,,607,1482.4,100.2,0,0,0,0,,,,
KLO,2010,7,18,9,20.5,,,,,,,,976.5,,4.1,,792,1320.1,130.7,0,0,0,0,,,,
KLO,2010,7,18,10,21.7,,,,,,,,976.4,,4.7,,937,1214.7,154.6,0,0,0,0,,,,
KLO,2010,7,18,11,22.7,,,,,,,,975.9,,4.3,,954,1046.2,157.4,0,0,0,0,,,,
KLO,2010,7,18,12,22.3,,,,,,,,975.6,,4.1,,583,267.5,356.9,0,0,0,0,,,,
KLO,2010,7,18,13,23.3,,,,,,,,975,,4.8,,821,696.5,201.8,0,0,0,0,,,,
KLO,2010,7,18,14,23.4,,,,,,,,974.6,,5.5,,594,234.1,385.6,0,0,0,0,,,,
KLO,2010,7,18,15,23.9,,,,,,,,974.3,,4.7,,640,372.5,323.6,0,0,0,0,,,,
KLO,2010,7,18,16,23.7,,,,,,,,973.8,,5.4,,465,156,345.2,0,0,0,0,,,,
KLO,2010,7,18,17,23,,,,,,,,973.3,,4.6,,278,29.2,258.9,0,0,0,0,,,,
KLO,2010,7,18,18,21.9,,,,,,,,973.2,,4.8,,114,3.4,112.3,0,0,0,0,,,,
KLO,2010,7,18,19,20.4,,,,,,,,973.2,,2.9,,11,0.1,11,0,0,0,0,,,,
KLO,2010,7,18,20,18.4,,,,,,,,973.4,,1.5,,0,0,0,0,0,0,0,,,,
KLO,2010,7,18,21,16.5,,,,,,,,973.4,,1.6,,0,0,0,0,0,0,0,,,,
KLO,2010,7,18,22,14.8,,,,,,,,973.4,,2.3,,0,0,0,0,0,0,0,,,,
KLO,2010,7,18,23,14.3,,,,,,,,973.2,,1.9,,0,0,0,0,0,0,0,,,,
KLO,2010,7,19,0,14.2,,,,,,,,973.1,,2.1,,0,0,0,0,0,0,0,,,,
KLO,2010,7,19,1,13.9,,,,,,,,972.8,,2.1,,0,0,0,0,0,0,0,,,,
KLO,2010,7,19,2,13.9,,,,,,,,972.3,,2.6,,0,0,0,0,0,0,0,,,,
KLO,2010,7,19,3,13.6,,,,,,,,972.3,,2.8,,0,0,0,0,0,0,0,,,,
KLO,2010,7,19,4,13.5,,,,,,,,972.3,,3.3,,22,0,0,0,0,0,0,,,,
KLO,2010,7,19,5,14.8,,,,,,,,972.4,,2.4,,146,0,0,0,0,0,0,,,,
KLO,2010,7,19,6,16.6,,,,,,,,972.5,,1.9,,317,0,0,0,0,0,0,,,,
KLO,2010,7,19,7,18,,,,,,,,972.4,,3.9,,497,2362.2,82,0,0,0,0,,,,
KLO,2010,7,19,8,19.7,,,,,,,,972.3,,3.1,,669,1644.6,110.4,0,0,0,0,,,,
KLO,2010,7,19,9,21.7,,,,,,,,971.9,,3,,790,1322.2,130.3,0,0,0,0,,,,
KLO,2010,7,19,10,22.8,,,,,,,,971.7,,5.5,,857,1114.2,141.4,0,0,0,0,,,,
KLO,2010,7,19,11,23.8,,,,,,,,971.4,,5.8,,890,978.1,146.8,0,0,0,0,,,,
KLO,2010,7,19,12,24.7,,,,,,,,971,,5.1,,888,879.4,146.3,0,0,0,0,,,,
KLO,2010,7,19,13,25.2,,,,,,,,970.7,,5.4,,852,760.8,176.8,0,0,0,0,,,,
KLO,2010,7,19,14,25.3,,,,,,,,970.3,,5,,758,559.7,260.4,0,0,0,0,,,,
KLO,2010,7,19,15,25.4,,,,,,,,970.1,,4.9,,617,327.8,339.1,0,0,0,0,,,,
KLO,2010,7,19,16,25.2,,,,,,,,969.7,,4.8,,455,143,345.4,0,0,0,0,,,,
KLO,2010,7,19,17,24.5,,,,,,,,969.5,,5,,278,29.6,258.7,0,0,0,0,,,,
KLO,2010,7,19,18,23.4,,,,,,,,969.3,,3.9,,110,3.2,108.4,0,0,0,0,,,,
KLO,2010,7,19,19,21.8,,,,,,,,969.6,,2.7,,10,0.1,10,0,0,0,0,,,,
KLO,2010,7,19,20,18.8,,,,,,,,969.7,,3.3,,0,0,0,0,0,0,0,,,,
KLO,2010,7,19,21,18.1,,,,,,,,969.6,,3.3,,0,0,0,0,0,0,0,,,,
KLO,2010,7,19,22,16.5,,,,,,,,969.3,,2.4,,0,0,0,0,0,0,0,,,,
KLO,2010,7,19,23,15.3,,,,,,,,969,,2.2,,0,0,0,0,0,0,0,,,,
KLO,2010,7,20,0,15.1,,,,,,,,968.6,,1,,0,0,0,0,0,0,0,,,,
KLO,2010,7,20,1,14.1,,,,,,,,968,,1.7,,0,0,0,0,0,0,0,,,,
KLO,2010,7,20,2,14.1,,,,,,,,967.7,,0.9,,0,0,0,0,0,0,0,,,,
KLO,2010,7,20,3,13.2,,,,,,,,967.6,,1.5,,0,0,0,0,0,0,0,,,,
KLO,2010,7,20,4,12.4,,,,,,,,967.4,,1.7,,22,0,0,0,0,0,0,,,,
KLO,2010,7,20,5,14.9,,,,,,,,967.3,,1.5,,146,0,0,0,0,0,0,,,,
KLO,2010,7,20,6,17.6,,,,,,,,967,,1.2,,315,0,0,0,0,0,0,,,,
KLO,2010,7,20,7,19.3,,,,,,,,967,,1.5,,488,2352.5,80.5,0,0,0,0,,,,
KLO,2010,7,20,8,21,,,,,,,,966.6,,2.2,,649,1606.3,107.1,0,0,0,0,,,,
KLO,2010,7,20,9,23.1,,,,,,,,966.3,,1.5,,779,1309.2,128.5,0,0,0,0,,,,
KLO,2010,7,20,10,24.3,,,,,,,,965.8,,2.1,,871,1135.8,143.7,0,0,0,0,,,,
KLO,2010,7,20,11,25.7,,,,,,,,965.2,,1.6,,917,1010.1,151.3,0,0,0,0,,,,
KLO,2010,7,20,12,26.4,,,,,,,,964.6,,0.8,,918,910.5,151.5,0,0,0,0,,,,
KLO,2010,7,20,13,27.1,,,,,,,,964,,1.5,,863,783.5,168.8,0,0,0,0,,,,
KLO,2010,7,20,14,28,,,,,,,,963.5,,1.6,,761,568.9,256,0,0,0,0,,,,
KLO,2010,7,20,15,28.1,,,,,,,,962.8,,1.1,,623,341.8,333.8,0,0,0,0,,,,
KLO,2010,7,20,16,28.4,,,,,,,,962.3,,2,,454,142.8,344.7,0,0,0,0,,,,
KLO,2010,7,20,17,27.9,,,,,,,,962,,1.9,,275,28.3,256.6,0,0,0,0,,,,
KLO,2010,7,20,18,26.5,,,,,,,,961.9,,2.5,,110,3.2,108.4,0,0,0,0,,,,
KLO,2010,7,20,19,23.6,,,,,,,,961.9,,1.1,,8,0,8,0,0,0,0,,,,
KLO,2010,7,20,20,21.2,,,,,,,,962.2,,0.9,,0,0,0,0,0,0,0,,,,
KLO,2010,7,20,21,19,,,,,,,,962.2,,0.9,,0,0,0,0,0,0,0,,,,
KLO,2010,7,20,22,18.1,,,,,,,,962.1,,1.1,,0,0,0,0,0,0,0,,,,
KLO,2010,7,20,23,16.8,,,,,,,,962.1,,1.1,,0,0,0,0,0,0,0,,,,
KLO,2010,7,21,0,16.3,,,,,,,,961.9,,1.2,,0,0,0,0,0,0,0,,,,
KLO,2010,7,21,1,15.7,,,,,,,,961.8,,0.8,,0,0,0,0,0,0,0,,,,
KLO,2010,7,21,2,15.3,,,,,,,,961.8,,1.2,,0,0,0,0,0,0,0,,,,
KLO,2010,7,21,3,15.1,,,,,,,,962,,0.6,,0,0,0,0,0,0,0,,,,
KLO,2010,7,21,4,15.2,,,,,,,,962.3,,0.3,,20,0,0,0,0,0,0,,,,
KLO,2010,7,21,5,16.9,,,,,,,,962.3,,0.3,,130,0,0,0,0,0,0,,,,
KLO,2010,7,21,6,19.5,,,,,,,,962.4,,0.4,,293,0,0,0,0,0,0,,,,
KLO,2010,7,21,7,21.8,,,,,,,,962.6,,0.6,,443,2167.1,73.1,0,0,0,0,,,,
KLO,2010,7,21,8,24.4,,,,,,,,962.6,,1.2,,501,1248.6,82.7,0,0,0,0,,,,
KLO,2010,7,21,9,26.8,,,,,,,,962.5,,3.5,,697,1176.5,115,0,0,0,0,,,,
KLO,2010,7,21,10,27.7,,,,,,,,962.3,,3.5,,619,776.3,123.4,0,0,0,0,,,,
KLO,2010,7,21,11,29.2,,,,,,,,961.8,,2.8,,755,819.6,135.2,0,0,0,0,,,,
KLO,2010,7,21,12,30.4,,,,,,,,961.4,,2.6,,881,876,145,0,0,0,0,,,,
KLO,2010,7,21,13,31.2,,,,,,,,960.9,,1.8,,832,727.1,188.9,0,0,0,0,,,,
KLO,2010,7,21,14,31.2,,,,,,,,960.6,,1.3,,727,496.6,287,0,0,0,0,,,,
KLO,2010,7,21,15,31.7,,,,,,,,960.2,,2.2,,582,265.6,357.6,0,0,0,0,,,,
KLO,2010,7,21,16,31.2,,,,,,,,960.2,,2.6,,387,69.1,334.2,0,0,0,0,,,,
KLO,2010,7,21,17,29.1,,,,,,,,960.3,,3.8,,181,5.3,177.6,0,0,0,0,,,,
KLO,2010,7,21,18,28.2,,,,,,,,961,,3.2,,144,5.5,141.2,0,0,0,0,,,,
KLO,2010,7,21,19,25.4,,,,,,,,962.4,,4,,8,0,8,0,0,0,0,,,,
KLO,2010,7,21,20,23,,,,,,,,963,,5.4,,0,0,0,0,0,0,0,,,,
KLO,2010,7,21,21,21.7,,,,,,,,963.4,,2.4,,0,0,0,0,0,0,0,,,,
KLO,2010,7,21,22,22.5,,,,,,,,964.2,,3.4,,0,0,0,0,0,0,0,,,,
KLO,2010,7,21,23,20.6,,,,,,,,964,,2.7,,0,0,0,0,0,0,0,,,,
KLO,2010,7,22,0,19.1,,,,,,,,964.3,,1.5,,0,0,0,0,0,0,0,,,,
KLO,2010,7,22,1,18.3,,,,,,,,964,,1.4,,0,0,0,0,0,0,0,,,,
KLO,2010,7,22,2,17.1,,,,,,,,963.9,,1.2,,0,0,0,0,0,0,0,,,,
KLO,2010,7,22,3,16.5,,,,,,,,964.1,,0.8,,0,0,0,0,0,0,0,,,,
KLO,2010,7,22,4,16.9,,,,,,,,964.3,,0.8,,24,0,0,0,0,0,0,,,,
KLO,2010,7,22,5,18,,,,,,,,964.5,,0.7,,127,0,0,0,0,0,0,,,,
KLO,2010,7,22,6,19.6,,,,,,,,964.8,,0.5,,215,0,0,0,0,0,0,,,,
KLO,2010,7,22,7,21.1,,,,,,,,964.9,,1,,402,1996.5,66.3,0,0,0,0,,,,
KLO,2010,7,22,8,22.9,,,,,,,,964.7,,1.4,,629,1578.8,103.8,0,0,0,0,,,,
KLO,2010,7,22,9,24.6,,,,,,,,964.5,,2.9,,709,1202,117,0,0,0,0,,,,
KLO,2010,7,22,10,25.5,,,,,,,,964.4,,1.9,,822,1078.5,135.6,0,0,0,0,,,,
KLO,2010,7,22,11,26.7,,,,,,,,964,,3.4,,850,940.7,140.2,0,0,0,0,,,,
KLO,2010,7,22,12,27.5,,,,,,,,963.6,,2.6,,832,810.8,152.1,0,0,0,0,,,,
KLO,2010,7,22,13,26.5,,,,,,,,963.3,,3.3,,372,27.6,347.6,0,0,0,0,,,,
KLO,2010,7,22,14,23,,,,,,,,963.6,,5.5,,29,0.1,28.9,0,0,0,0,,,,
KLO,2010,7,22,15,20.4,,,,,,,,964.8,,4.9,,149,2.1,147.2,0,0,0,0,,,,
KLO,2010,7,22,16,20.6,,,,,,,,965.4,,2.6,,74,0.6,73.5,0,0,0,0,,,,
KLO,2010,7,22,17,20.1,,,,,,,,965.7,,1.4,,18,0.1,18,0,0,0,0,,,,
KLO,2010,7,22,18,19.5,,,,,,,,966.7,,3.1,,1,0,1,0,0,0,0,,,,
KLO,2010,7,22,19,18.5,,,,,,,,967.5,,1.1,,0,0,0,0,0,0,0,,,,
KLO,2010,7,22,20,18.2,,,,,,,,968.3,,1.3,,0,0,0,0,0,0,0,,,,
KLO,2010,7,22,21,18.2,,,,,,,,968.3,,1.8,,0,0,0,0,0,0,0,,,,
KLO,2010,7,22,22,18,,,,,,,,968.1,,1,,0,0,0,0,0,0,0,,,,
KLO,2010,7,22,23,18,,,,,,,,968,,0.4,,0,0,0,0,0,0,0,,,,
KLO,2010,7,23,0,18.1,,,,,,,,967.9,,0.6,,0,0,0,0,0,0,0,,,,
KLO,2010,7,23,1,18.1,,,,,,,,967.8,,0.4,,0,0,0,0,0,0,0,,,,
KLO,2010,7,23,2,18.2,,,,,,,,967.7,,0.4,,0,0,0,0,0,0,0,,,,
KLO,2010,7,23,3,17.6,,,,,,,,967.4,,0.5,,0,0,0,0,0,0,0,,,,
KLO,2010,7,23,4,17,,,,,,,,967.6,,1,,13,0,0,0,0,0,0,,,,
KLO,2010,7,23,5,18,,,,,,,,967.5,,0.5,,58,0,0,0,0,0,0,,,,
KLO,2010,7,23,6,18.5,,,,,,,,967.5,,1.2,,93,0,0,0,0,0,0,,,,
KLO,2010,7,23,7,18.8,,,,,,,,967.5,,2.4,,177,892.9,29.2,0,0,0,0,,,,
KLO,2010,7,23,8,19.3,,,,,,,,967.1,,2.4,,243,340.8,130.5,0,0,0,0,,,,
KLO,2010,7,23,9,19,,,,,,,,967,,3.1,,139,5.5,136.3,0,0,0,0,,,,
KLO,2010,7,23,10,18.3,,,,,,,,967,,2.5,,141,3.4,138.9,0,0,0,0,,,,
KLO,2010,7,23,11,17.4,,,,,,,,967.1,,2.8,,75,0.7,74.5,0,0,0,0,,,,
KLO,2010,7,23,12,16.9,,,,,,,,967.3,,3.4,,143,2,141.3,0,0,0,0,,,,
KLO,2010,7,23,13,16.4,,,,,,,,967.9,,3.8,,163,2.3,160.9,0,0,0,0,,,,
KLO,2010,7,23,14,15.7,,,,,,,,968.4,,4.1,,94,0.8,93.3,0,0,0,0,,,,
KLO,2010,7,23,15,15.9,,,,,,,,969.3,,3.7,,128,1.6,126.7,0,0,0,0,,,,
KLO,2010,7,23,16,15.9,,,,,,,,969.8,,2.8,,70,0.6,69.6,0,0,0,0,,,,
KLO,2010,7,23,17,14.8,,,,,,,,970,,3.2,,37,0.2,36.9,0,0,0,0,,,,
KLO,2010,7,23,18,14.6,,,,,,,,970.9,,2.5,,23,0.1,22.9,0,0,0,0,,,,
KLO,2010,7,23,19,14.3,,,,,,,,971.1,,1.7,,6,0,6,0,0,0,0,,,,
KLO,2010,7,23,20,13.9,,,,,,,,971.2,,1.5,,0,0,0,0,0,0,0,,,,
KLO,2010,7,23,21,13.9,,,,,,,,971.2,,1.9,,0,0,0,0,0,0,0,,,,
KLO,2010,7,23,22,13.8,,,,,,,,971.3,,1.2,,0,0,0,0,0,0,0,,,,
KLO,2010,7,23,23,14.1,,,,,,,,971.1,,1.1,,0,0,0,0,0,0,0,,,,
KLO,2010,7,24,0,14.1,,,,,,,,971.2,,2.1,,0,0,0,0,0,0,0,,,,
KLO,2010,7,24,1,13.4,,,,,,,,971,,2.7,,0,0,0,0,0,0,0,,,,
KLO,2010,7,24,2,13.3,,,,,,,,971,,2.4,,0,0,0,0,0,0,0,,,,
KLO,2010,7,24,3,13.2,,,,,,,,971,,2.4,,0,0,0,0,0,0,0,,,,
KLO,2010,7,24,4,13.2,,,,,,,,971.2,,2.1,,4,0,0,0,0,0,0,,,,
KLO,2010,7,24,5,13.3,,,,,,,,971.4,,2.5,,17,0,0,0,0,0,0,,,,
KLO,2010,7,24,6,13.5,,,,,,,,971.4,,2.9,,55,0,0,0,0,0,0,,,,
KLO,2010,7,24,7,13.5,,,,,,,,971.8,,3.5,,41,4.3,40.3,0,0,0,0,,,,
KLO,2010,7,24,8,13.7,,,,,,,,972.2,,2.1,,46,1.3,45.6,0,0,0,0,,,,
KLO,2010,7,24,9,14,,,,,,,,972.5,,2.7,,67,1.3,66.4,0,0,0,0,,,,
KLO,2010,7,24,10,14.1,,,,,,,,972.6,,3.2,,86,1.3,85.2,0,0,0,0,,,,
KLO,2010,7,24,11,14.4,,,,,,,,972.4,,3,,106,1.4,105,0,0,0,0,,,,
KLO,2010,7,24,12,15.4,,,,,,,,972.2,,3.8,,250,6.3,244.8,0,0,0,0,,,,
KLO,2010,7,24,13,16.2,,,,,,,,971.8,,3,,237,4.9,232.7,0,0,0,0,,,,
KLO,2010,7,24,14,17.1,,,,,,,,971.7,,2.7,,330,15.3,316.5,0,0,0,0,,,,
KLO,2010,7,24,15,17,,,,,,,,971.5,,3,,114,1.3,112.9,0,0,0,0,,,,
KLO,2010,7,24,16,16.6,,,,,,,,971.4,,2.8,,119,1.7,117.7,0,0,0,0,,,,
KLO,2010,7,24,17,16.1,,,,,,,,971.2,,2.5,,92,1.4,91.1,0,0,0,0,,,,
KLO,2010,7,24,18,15.9,,,,,,,,971.3,,2.3,,40,0.4,39.8,0,0,0,0,,,,
KLO,2010,7,24,19,15.2,,,,,,,,971.3,,1.8,,5,0,5,0,0,0,0,,,,
KLO,2010,7,24,20,14.4,,,,,,,,971.5,,0.8,,0,0,0,0,0,0,0,,,,
KLO,2010,7,24,21,13.4,,,,,,,,971.4,,1,,0,0,0,0,0,0,0,,,,
KLO,2010,7,24,22,12,,,,,,,,971.2,,1.2,,0,0,0,0,0,0,0,,,,
KLO,2010,7,24,23,11.7,,,,,,,,970.9,,0.7,,0,0,0,0,0,0,0,,,,
KLO,2010,7,25,0,12,,,,,,,,970.5,,0.8,,0,0,0,0,0,0,0,,,,
KLO,2010,7,25,1,12.2,,,,,,,,970,,0.9,,0,0,0,0,0,0,0,,,,
KLO,2010,7,25,2,12.4,,,,,,,,969.7,,0.8,,0,0,0,0,0,0,0,,,,
KLO,2010,7,25,3,12.4,,,,,,,,969.5,,0.7,,0,0,0,0,0,0,0,,,,
KLO,2010,7,25,4,11.7,,,,,,,,969.5,,1.5,,9,0,0,0,0,0,0,,,,
KLO,2010,7,25,5,12.4,,,,,,,,969.6,,0.8,,63,0,0,0,0,0,0,,,,
KLO,2010,7,25,6,13,,,,,,,,969.6,,0.8,,176,0,0,0,0,0,0,,,,
KLO,2010,7,25,7,14.8,,,,,,,,969.5,,1.3,,451,2351.3,74.4,0,0,0,0,,,,
KLO,2010,7,25,8,16.7,,,,,,,,969.1,,1.7,,558,1432.3,92.1,0,0,0,0,,,,
KLO,2010,7,25,9,18.1,,,,,,,,968.8,,1.6,,774,1330.4,127.7,0,0,0,0,,,,
KLO,2010,7,25,10,19.1,,,,,,,,968.4,,2.2,,776,1028.1,128,0,0,0,0,,,,
KLO,2010,7,25,11,18.7,,,,,,,,968.2,,2,,667,633.1,192.9,0,0,0,0,,,,
KLO,2010,7,25,12,19.7,,,,,,,,967.8,,1.2,,940,942,155.1,0,0,0,0,,,,
KLO,2010,7,25,13,20.4,,,,,,,,967.5,,1.4,,752,566.5,254.7,0,0,0,0,,,,
KLO,2010,7,25,14,20.4,,,,,,,,967.2,,1.4,,623,295.2,363.3,0,0,0,0,,,,
KLO,2010,7,25,15,20.4,,,,,,,,966.9,,1.4,,504,151,377.4,0,0,0,0,,,,
KLO,2010,7,25,16,19.6,,,,,,,,966.7,,2.7,,226,6.2,221.3,0,0,0,0,,,,
KLO,2010,7,25,17,19.5,,,,,,,,966.6,,2.6,,190,6.1,186.1,0,0,0,0,,,,
KLO,2010,7,25,18,18.5,,,,,,,,966.5,,1.9,,81,1.8,80.1,0,0,0,0,,,,
KLO,2010,7,25,19,15.4,,,,,,,,966.5,,0.7,,2,0,2,0,0,0,0,,,,
KLO,2010,7,25,20,15.9,,,,,,,,966.6,,1.4,,0,0,0,0,0,0,0,,,,
KLO,2010,7,25,21,15.8,,,,,,,,966.6,,0.7,,0,0,0,0,0,0,0,,,,
KLO,2010,7,25,22,15,,,,,,,,966.7,,1,,0,0,0,0,0,0,0,,,,
KLO,2010,7,25,23,14.6,,,,,,,,966.8,,0.9,,0,0,0,0,0,0,0,,,,
KLO,2010,7,26,0,14.3,,,,,,,,966.6,,1.5,,0,0,0,0,0,0,0,,,,
KLO,2010,7,26,1,14.4,,,,,,,,966.2,,1.6,,0,0,0,0,0,0,0,,,,
KLO,2010,7,26,2,14.1,,,,,,,,966,,1.5,,0,0,0,0,0,0,0,,,,
KLO,2010,7,26,3,14.1,,,,,,,,965.8,,0.6,,0,0,0,0,0,0,0,,,,
KLO,2010,7,26,4,13.9,,,,,,,,965.7,,1.2,,7,0,0,0,0,0,0,,,,
KLO,2010,7,26,5,14,,,,,,,,965.7,,1.5,,20,0,0,0,0,0,0,,,,
KLO,2010,7,26,6,14.4,,,,,,,,965.8,,1.1,,88,0,0,0,0,0,0,,,,
KLO,2010,7,26,7,15.1,,,,,,,,965.9,,0.6,,183,970.7,30.2,0,0,0,0,,,,
KLO,2010,7,26,8,16.2,,,,,,,,966,,0.8,,393,1016.7,64.8,0,0,0,0,,,,
KLO,2010,7,26,9,17.5,,,,,,,,965.9,,1.7,,437,658.2,118.8,0,0,0,0,,,,
KLO,2010,7,26,10,17.3,,,,,,,,965.8,,1.8,,256,23.3,241.4,0,0,0,0,,,,
KLO,2010,7,26,11,19.2,,,,,,,,965.3,,2.4,,830,928,137,0,0,0,0,,,,
KLO,2010,7,26,12,19.7,,,,,,,,965,,3,,494,143.2,375,0,0,0,0,,,,
KLO,2010,7,26,13,21,,,,,,,,964.6,,2.7,,814,705.6,195.9,0,0,0,0,,,,
KLO,2010,7,26,14,22.3,,,,,,,,964.1,,3.9,,762,588.9,245.1,0,0,0,0,,,,
KLO,2010,7,26,15,21.9,,,,,,,,963.6,,3.9,,465,106.4,376,0,0,0,0,,,,
KLO,2010,7,26,16,20.4,,,,,,,,963.8,,5.1,,221,5.9,216.5,0,0,0,0,,,,
KLO,2010,7,26,17,19.5,,,,,,,,964.1,,3,,51,0.4,50.7,0,0,0,0,,,,
KLO,2010,7,26,18,17.2,,,,,,,,964.9,,3.9,,7,0,7,0,0,0,0,,,,
KLO,2010,7,26,19,15.8,,,,,,,,965.4,,1.6,,1,0,1,0,0,0,0,,,,
KLO,2010,7,26,20,15.7,,,,,,,,965.7,,1.8,,0,0,0,0,0,0,0,,,,
KLO,2010,7,26,21,15.7,,,,,,,,965.7,,1.7,,0,0,0,0,0,0,0,,,,
KLO,2010,7,26,22,15.6,,,,,,,,965.6,,0.9,,0,0,0,0,0,0,0,,,,
KLO,2010,7,26,23,15.2,,,,,,,,965.5,,1.8,,0,0,0,0,0,0,0,,,,
KLO,2010,7,27,0,15.2,,,,,,,,965.5,,0.8,,0,0,0,0,0,0,0,,,,
KLO,2010,7,27,1,14.9,,,,,,,,965.7,,2.3,,0,0,0,0,0,0,0,,,,
KLO,2010,7,27,2,14.5,,,,,,,,965.9,,2,,0,0,0,0,0,0,0,,,,
KLO,2010,7,27,3,14.4,,,,,,,,966.2,,1.3,,0,0,0,0,0,0,0,,,,
KLO,2010,7,27,4,14.4,,,,,,,,966.8,,1.5,,2,0,0,0,0,0,0,,,,
KLO,2010,7,27,5,14.6,,,,,,,,967.4,,0.7,,40,0,0,0,0,0,0,,,,
KLO,2010,7,27,6,15.7,,,,,,,,967.7,,1.3,,234,0,0,0,0,0,0,,,,
KLO,2010,7,27,7,16.5,,,,,,,,968.3,,3.2,,352,1900.7,58.1,0,0,0,0,,,,
KLO,2010,7,27,8,18,,,,,,,,968.5,,2.9,,612,1596,101,0,0,0,0,,,,
KLO,2010,7,27,9,18,,,,,,,,968.6,,2.2,,476,806.1,88.2,0,0,0,0,,,,
KLO,2010,7,27,10,19.1,,,,,,,,968.8,,2.7,,744,992.4,122.8,0,0,0,0,,,,
KLO,2010,7,27,11,20.2,,,,,,,,968.8,,3.2,,692,705.2,166.8,0,0,0,0,,,,
KLO,2010,7,27,12,20,,,,,,,,968.7,,1.7,,412,62.5,360.2,0,0,0,0,,,,
KLO,2010,7,27,13,20.3,,,,,,,,968.5,,1.8,,294,9.4,285.8,0,0,0,0,,,,
KLO,2010,7,27,14,20.7,,,,,,,,968.6,,4,,500,119.8,395.1,0,0,0,0,,,,
KLO,2010,7,27,15,20.4,,,,,,,,968.8,,4.2,,311,14.9,298.5,0,0,0,0,,,,
KLO,2010,7,27,16,19.7,,,,,,,,968.9,,2.5,,154,2.8,151.9,0,0,0,0,,,,
KLO,2010,7,27,17,19.8,,,,,,,,969,,2,,180,5.4,176.5,0,0,0,0,,,,
KLO,2010,7,27,18,18.8,,,,,,,,969.4,,1.6,,47,0.6,46.7,0,0,0,0,,,,
KLO,2010,7,27,19,18.1,,,,,,,,969.8,,1.3,,4,0,4,0,0,0,0,,,,
KLO,2010,7,27,20,16.3,,,,,,,,970.2,,1.2,,0,0,0,0,0,0,0,,,,
KLO,2010,7,27,21,14.7,,,,,,,,970.4,,1,,0,0,0,0,0,0,0,,,,
KLO,2010,7,27,22,13.2,,,,,,,,970.6,,0.4,,0,0,0,0,0,0,0,,,,
KLO,2010,7,27,23,13,,,,,,,,970.6,,0.6,,0,0,0,0,0,0,0,,,,
KLO,2010,7,28,0,13,,,,,,,,970.4,,1.3,,0,0,0,0,0,0,0,,,,
KLO,2010,7,28,1,12.4,,,,,,,,970.4,,1.3,,0,0,0,0,0,0,0,,,,
KLO,2010,7,28,2,12.7,,,,,,,,970.3,,1.1,,0,0,0,0,0,0,0,,,,
KLO,2010,7,28,3,12.1,,,,,,,,970.1,,1.3,,0,0,0,0,0,0,0,,,,
KLO,2010,7,28,4,11.9,,,,,,,,970.2,,0.5,,14,0,0,0,0,0,0,,,,
KLO,2010,7,28,5,13.9,,,,,,,,969.9,,1.3,,99,0,0,0,0,0,0,,,,
KLO,2010,7,28,6,15.4,,,,,,,,969.8,,0.9,,196,0,0,0,0,0,0,,,,
KLO,2010,7,28,7,16.6,,,,,,,,969.8,,1.4,,191,1050.5,31.5,0,0,0,0,,,,
KLO,2010,7,28,8,17.4,,,,,,,,969.6,,1.6,,211,229.1,138.3,0,0,0,0,,,,
KLO,2010,7,28,9,17.7,,,,,,,,969.8,,2.4,,225,47.6,202.2,0,0,0,0,,,,
KLO,2010,7,28,10,17.1,,,,,,,,970.2,,2.1,,183,5.9,179.3,0,0,0,0,,,,
KLO,2010,7,28,11,16.4,,,,,,,,970.1,,1.2,,166,3.4,163.5,0,0,0,0,,,,
KLO,2010,7,28,12,16.4,,,,,,,,969.7,,2.6,,171,2.9,168.6,0,0,0,0,,,,
KLO,2010,7,28,13,17.2,,,,,,,,969.3,,2.7,,240,5.1,235.5,0,0,0,0,,,,
KLO,2010,7,28,14,17.6,,,,,,,,968.8,,2.4,,226,4.5,222,0,0,0,0,,,,
KLO,2010,7,28,15,18.3,,,,,,,,968.2,,2.6,,299,12.5,288.6,0,0,0,0,,,,
KLO,2010,7,28,16,18.8,,,,,,,,967.6,,2.4,,139,2.3,137.2,0,0,0,0,,,,
KLO,2010,7,28,17,18.5,,,,,,,,967.2,,2.8,,86,1.3,85.2,0,0,0,0,,,,
KLO,2010,7,28,18,18,,,,,,,,966.9,,1.6,,68,1.3,67.4,0,0,0,0,,,,
KLO,2010,7,28,19,17.2,,,,,,,,967.1,,1,,3,0,3,0,0,0,0,,,,
KLO,2010,7,28,20,16.7,,,,,,,,967.3,,1.4,,0,0,0,0,0,0,0,,,,
KLO,2010,7,28,21,16.2,,,,,,,,966.9,,0.6,,0,0,0,0,0,0,0,,,,
KLO,2010,7,28,22,15.6,,,,,,,,966.5,,1.5,,0,0,0,0,0,0,0,,,,
KLO,2010,7,28,23,15.5,,,,,,,,965.9,,1.8,,0,0,0,0,0,0,0,,,,
KLO,2010,7,29,0,15.1,,,,,,,,965.3,,2.3,,0,0,0,0,0,0,0,,,,
KLO,2010,7,29,1,15.1,,,,,,,,964.5,,1.6,,0,0,0,0,0,0,0,,,,
KLO,2010,7,29,2,15.4,,,,,,,,963.4,,1.5,,0,0,0,0,0,0,0,,,,
KLO,2010,7,29,3,15.5,,,,,,,,962.8,,0.9,,0,0,0,0,0,0,0,,,,
KLO,2010,7,29,4,15.8,,,,,,,,962.6,,2.4,,1,0,0,0,0,0,0,,,,
KLO,2010,7,29,5,15.8,,,,,,,,963.1,,1.3,,19,0,0,0,0,0,0,,,,
KLO,2010,7,29,6,15.7,,,,,,,,963.1,,1.5,,38,0,0,0,0,0,0,,,,
KLO,2010,7,29,7,15.6,,,,,,,,963,,2.3,,33,3.3,32.5,0,0,0,0,,,,
KLO,2010,7,29,8,15.8,,,,,,,,963.1,,2.4,,62,2.6,61.2,0,0,0,0,,,,
KLO,2010,7,29,9,15.4,,,,,,,,963.3,,2.9,,26,0.2,25.9,0,0,0,0,,,,
KLO,2010,7,29,10,15.5,,,,,,,,963.2,,3.7,,186,6.3,182.1,0,0,0,0,,,,
KLO,2010,7,29,11,16.3,,,,,,,,963.6,,3.4,,392,84.4,329.5,0,0,0,0,,,,
KLO,2010,7,29,12,15.5,,,,,,,,963.9,,1.7,,365,35.1,336.1,0,0,0,0,,,,
KLO,2010,7,29,13,17.3,,,,,,,,963.4,,3.2,,608,279.2,365,0,0,0,0,,,,
KLO,2010,7,29,14,17.5,,,,,,,,963.2,,3.8,,500,122,393.6,0,0,0,0,,,,
KLO,2010,7,29,15,16.7,,,,,,,,963.2,,2.7,,204,4.1,200.6,0,0,0,0,,,,
KLO,2010,7,29,16,14.9,,,,,,,,963.8,,1.4,,123,1.8,121.6,0,0,0,0,,,,
KLO,2010,7,29,17,15.6,,,,,,,,964.1,,1.7,,92,1.4,91.1,0,0,0,0,,,,
KLO,2010,7,29,18,15.6,,,,,,,,964.5,,1.6,,25,0.2,24.9,0,0,0,0,,,,
KLO,2010,7,29,19,14.6,,,,,,,,964.9,,2.2,,0,0,0,0,0,0,0,,,,
KLO,2010,7,29,20,14.2,,,,,,,,965.2,,1.1,,0,0,0,0,0,0,0,,,,
KLO,2010,7,29,21,14.2,,,,,,,,965.3,,1.2,,0,0,0,0,0,0,0,,,,
KLO,2010,7,29,22,13.8,,,,,,,,965.4,,0.9,,0,0,0,0,0,0,0,,,,
KLO,2010,7,29,23,13.8,,,,,,,,965.3,,0.9,,0,0,0,0,0,0,0,,,,
KLO,2010,7,30,0,13.7,,,,,,,,965.2,,1,,0,0,0,0,0,0,0,,,,
KLO,2010,7,30,1,13.6,,,,,,,,965,,1.2,,0,0,0,0,0,0,0,,,,
KLO,2010,7,30,2,13.4,,,,,,,,964.7,,1.5,,0,0,0,0,0,0,0,,,,
KLO,2010,7,30,3,13.2,,,,,,,,964.8,,0.9,,0,0,0,0,0,0,0,,,,
KLO,2010,7,30,4,13.2,,,,,,,,964.9,,1.3,,1,0,0,0,0,0,0,,,,
KLO,2010,7,30,5,12.9,,,,,,,,965.4,,1.9,,17,0,0,0,0,0,0,,,,
KLO,2010,7,30,6,13.5,,,,,,,,965.7,,1,,164,0,0,0,0,0,0,,,,
KLO,2010,7,30,7,14.3,,,,,,,,966.4,,1.7,,280,1600.9,46.2,0,0,0,0,,,,
KLO,2010,7,30,8,15.3,,,,,,,,966.8,,2.2,,432,1155.4,71.3,0,0,0,0,,,,
KLO,2010,7,30,9,16.5,,,,,,,,967,,2.4,,659,1161.5,108.7,0,0,0,0,,,,
KLO,2010,7,30,10,17,,,,,,,,966.9,,2,,544,608.2,167.4,0,0,0,0,,,,
KLO,2010,7,30,11,17.7,,,,,,,,966.9,,1.1,,608,500.1,238.7,0,0,0,0,,,,
KLO,2010,7,30,12,17.9,,,,,,,,966.9,,1.8,,440,88.2,367.4,0,0,0,0,,,,
KLO,2010,7,30,13,19.1,,,,,,,,966.7,,1.4,,812,715.6,190.7,0,0,0,0,,,,
KLO,2010,7,30,14,19.6,,,,,,,,966.7,,1.8,,661,381.5,329.2,0,0,0,0,,,,
KLO,2010,7,30,15,16.6,,,,,,,,967,,4.6,,205,4.2,201.6,0,0,0,0,,,,
KLO,2010,7,30,16,18.5,,,,,,,,967.1,,2.6,,473,188.8,332.2,0,0,0,0,,,,
KLO,2010,7,30,17,19.1,,,,,,,,967.4,,2.9,,309,59.2,271.8,0,0,0,0,,,,
KLO,2010,7,30,18,17.7,,,,,,,,967.5,,3.3,,95,2.6,93.7,0,0,0,0,,,,
KLO,2010,7,30,19,15.5,,,,,,,,967.8,,1.2,,4,0,4,0,0,0,0,,,,
KLO,2010,7,30,20,13.9,,,,,,,,968,,0.6,,0,0,0,0,0,0,0,,,,
KLO,2010,7,30,21,12.1,,,,,,,,968.1,,2.1,,0,0,0,0,0,0,0,,,,
KLO,2010,7,30,22,11.7,,,,,,,,968.2,,1.4,,0,0,0,0,0,0,0,,,,
KLO,2010,7,30,23,11,,,,,,,,968.1,,1.2,,0,0,0,0,0,0,0,,,,
KLO,2010,7,31,0,10.9,,,,,,,,968,,0.7,,0,0,0,0,0,0,0,,,,
KLO,2010,7,31,1,10.5,,,,,,,,968,,1.2,,0,0,0,0,0,0,0,,,,
KLO,2010,7,31,2,9.8,,,,,,,,967.9,,1.4,,0,0,0,0,0,0,0,,,,
KLO,2010,7,31,3,9.2,,,,,,,,967.9,,1.1,,0,0,0,0,0,0,0,,,,
KLO,2010,7,31,4,9.1,,,,,,,,968.1,,0.6,,11,0,0,0,0,0,0,,,,
KLO,2010,7,31,5,9.8,,,,,,,,968.3,,1.1,,98,0,0,0,0,0,0,,,,
KLO,2010,7,31,6,11.8,,,,,,,,968.7,,1.3,,287,0,0,0,0,0,0,,,,
KLO,2010,7,31,7,14.1,,,,,,,,968.7,,2.1,,473,2759.9,78,0,0,0,0,,,,
KLO,2010,7,31,8,16.4,,,,,,,,968.6,,1.5,,633,1707.9,104.4,0,0,0,0,,,,
KLO,2010,7,31,9,18.1,,,,,,,,968.5,,1,,766,1357.2,126.4,0,0,0,0,,,,
KLO,2010,7,31,10,19.9,,,,,,,,968.3,,2,,866,1172.2,142.9,0,0,0,0,,,,
KLO,2010,7,31,11,21.5,,,,,,,,967.9,,2.3,,912,1034.2,150.5,0,0,0,0,,,,
KLO,2010,7,31,12,22.4,,,,,,,,967.5,,1.6,,911,926.1,150.3,0,0,0,0,,,,
KLO,2010,7,31,13,23,,,,,,,,967.2,,1.4,,857,805.5,159.3,0,0,0,0,,,,
KLO,2010,7,31,14,23.8,,,,,,,,967,,0.9,,752,584.5,244.8,0,0,0,0,,,,
KLO,2010,7,31,15,24.1,,,,,,,,966.8,,0.5,,608,339.8,327.3,0,0,0,0,,,,
KLO,2010,7,31,16,24,,,,,,,,966.6,,0.6,,435,133.2,335.9,0,0,0,0,,,,
KLO,2010,7,31,17,23.7,,,,,,,,966.5,,1.6,,252,21.8,238.4,0,0,0,0,,,,
KLO,2010,7,31,18,21.9,,,,,,,,966.8,,0.8,,85,2.1,84,0,0,0,0,,,,
KLO,2010,7,31,19,18.1,,,,,,,,967.1,,0.6,,3,0,3,0,0,0,0,,,,
KLO,2010,7,31,20,16.3,,,,,,,,967.6,,0.5,,0,0,0,0,0,0,0,,,,
KLO,2010,7,31,21,15.3,,,,,,,,967.7,,1.1,,0,0,0,0,0,0,0,,,,
KLO,2010,7,31,22,14,,,,,,,,967.7,,0.6,,0,0,0,0,0,0,0,,,,
KLO,2010,7,31,23,13.3,,,,,,,,967.7,,0.6,,0,0,0,0,0,0,0,,,,
KLO,2010,8,1,0,12.7,,,,,,,,967.5,,1.1,,0,0,0,0,0,0,0,,,,
KLO,2010,8,1,1,12.5,,,,,,,,967.2,,0.6,,0,0,0,0,0,0,0,,,,
KLO,2010,8,1,2,12.7,,,,,,,,967.1,,1.1,,0,0,0,0,0,0,0,,,,
KLO,2010,8,1,3,11.9,,,,,,,,967.2,,1.1,,0,0,0,0,0,0,0,,,,
KLO,2010,8,1,4,11.8,,,,,,,,967.5,,0.9,,10,0,0,0,0,0,0,,,,
KLO,2010,8,1,5,13.4,,,,,,,,967.7,,0.5,,142,0,0,0,0,0,0,,,,
KLO,2010,8,1,6,15.4,,,,,,,,967.8,,0.5,,229,0,0,0,0,0,0,,,,
KLO,2010,8,1,7,18.2,,,,,,,,967.9,,0.9,,435,2592.1,71.8,0,0,0,0,,,,
KLO,2010,8,1,8,20.5,,,,,,,,967.9,,1,,612,1666.1,101,0,0,0,0,,,,
KLO,2010,8,1,9,23.2,,,,,,,,967.6,,1.9,,743,1323.7,122.6,0,0,0,0,,,,
KLO,2010,8,1,10,24.7,,,,,,,,967.4,,2.1,,834,1133.2,137.6,0,0,0,0,,,,
KLO,2010,8,1,11,26,,,,,,,,967,,1,,876,996.4,144.5,0,0,0,0,,,,
KLO,2010,8,1,12,27,,,,,,,,966.5,,1.8,,867,883.6,143.1,0,0,0,0,,,,
KLO,2010,8,1,13,27.5,,,,,,,,966,,1.7,,663,394.3,322.3,0,0,0,0,,,,
KLO,2010,8,1,14,28.2,,,,,,,,965.4,,1.8,,718,511.6,275.2,0,0,0,0,,,,
KLO,2010,8,1,15,28.9,,,,,,,,965,,1.5,,577,281.6,345,0,0,0,0,,,,
KLO,2010,8,1,16,28.5,,,,,,,,964.8,,3,,358,54.3,317.8,0,0,0,0,,,,
KLO,2010,8,1,17,26.7,,,,,,,,964.5,,2.8,,129,2.9,127.2,0,0,0,0,,,,
KLO,2010,8,1,18,25,,,,,,,,964.8,,4,,23,0.2,22.9,0,0,0,0,,,,
KLO,2010,8,1,19,22.1,,,,,,,,966.2,,5.6,,0,0,0,0,0,0,0,,,,
KLO,2010,8,1,20,19.4,,,,,,,,967.9,,2.9,,0,0,0,0,0,0,0,,,,
KLO,2010,8,1,21,19.6,,,,,,,,968.2,,1,,0,0,0,0,0,0,0,,,,
KLO,2010,8,1,22,19.1,,,,,,,,968,,1.6,,0,0,0,0,0,0,0,,,,
KLO,2010,8,1,23,18.5,,,,,,,,967.8,,2.4,,0,0,0,0,0,0,0,,,,
KLO,2010,8,2,0,18.1,,,,,,,,967.5,,2.4,,0,0,0,0,0,0,0,,,,
KLO,2010,8,2,1,17.6,,,,,,,,967.4,,1.9,,0,0,0,0,0,0,0,,,,
KLO,2010,8,2,2,16.9,,,,,,,,967.2,,1.6,,0,0,0,0,0,0,0,,,,
KLO,2010,8,2,3,16.7,,,,,,,,967.4,,2.1,,0,0,0,0,0,0,0,,,,
KLO,2010,8,2,4,17.1,,,,,,,,967.4,,2.1,,5,0,0,0,0,0,0,,,,
KLO,2010,8,2,5,17.5,,,,,,,,967.1,,1.6,,25,0,0,0,0,0,0,,,,
KLO,2010,8,2,6,18.1,,,,,,,,967.2,,1.2,,79,0,0,0,0,0,0,,,,
KLO,2010,8,2,7,18.8,,,,,,,,967.1,,0.7,,166,1010.9,27.4,0,0,0,0,,,,
KLO,2010,8,2,8,20,,,,,,,,967,,1.4,,426,1170.5,70.3,0,0,0,0,,,,
KLO,2010,8,2,9,21.8,,,,,,,,966.8,,1,,685,1227.1,113,0,0,0,0,,,,
KLO,2010,8,2,10,21.9,,,,,,,,966.7,,1.8,,263,30.2,244.5,0,0,0,0,,,,
KLO,2010,8,2,11,19.5,,,,,,,,966.6,,2.8,,123,1.9,121.6,0,0,0,0,,,,
KLO,2010,8,2,12,19.4,,,,,,,,966.5,,1.1,,167,2.8,164.7,0,0,0,0,,,,
KLO,2010,8,2,13,19.6,,,,,,,,966.7,,2.1,,103,1,102.2,0,0,0,0,,,,
KLO,2010,8,2,14,19,,,,,,,,966.6,,2.1,,57,0.3,56.7,0,0,0,0,,,,
KLO,2010,8,2,15,18.4,,,,,,,,966.7,,3.3,,74,0.6,73.5,0,0,0,0,,,,
KLO,2010,8,2,16,18.2,,,,,,,,966.7,,1.4,,69,0.6,68.6,0,0,0,0,,,,
KLO,2010,8,2,17,17.8,,,,,,,,966.6,,1.6,,29,0.1,28.9,0,0,0,0,,,,
KLO,2010,8,2,18,17.5,,,,,,,,966.5,,1.1,,3,0,3,0,0,0,0,,,,
KLO,2010,8,2,19,17.3,,,,,,,,966.8,,1.2,,0,0,0,0,0,0,0,,,,
KLO,2010,8,2,20,17.2,,,,,,,,966.8,,1.7,,0,0,0,0,0,0,0,,,,
KLO,2010,8,2,21,17.1,,,,,,,,966.6,,1.7,,0,0,0,0,0,0,0,,,,
KLO,2010,8,2,22,17,,,,,,,,966.7,,1.2,,0,0,0,0,0,0,0,,,,
KLO,2010,8,2,23,16.6,,,,,,,,966.4,,0.7,,0,0,0,0,0,0,0,,,,
KLO,2010,8,3,0,16.6,,,,,,,,966.2,,1.1,,0,0,0,0,0,0,0,,,,
KLO,2010,8,3,1,16.6,,,,,,,,965.8,,1.4,,0,0,0,0,0,0,0,,,,
KLO,2010,8,3,2,16.5,,,,,,,,965.8,,2.4,,0,0,0,0,0,0,0,,,,
KLO,2010,8,3,3,15.8,,,,,,,,965.6,,2.6,,0,0,0,0,0,0,0,,,,
KLO,2010,8,3,4,15.3,,,,,,,,965.9,,2.1,,4,0,0,0,0,0,0,,,,
KLO,2010,8,3,5,15.2,,,,,,,,966.4,,1.6,,46,0,0,0,0,0,0,,,,
KLO,2010,8,3,6,15.6,,,,,,,,966.9,,1.6,,89,0,0,0,0,0,0,,,,
KLO,2010,8,3,7,15.8,,,,,,,,967.3,,1.2,,62,43.7,56.1,0,0,0,0,,,,
KLO,2010,8,3,8,16.7,,,,,,,,967.5,,2.4,,221,335.6,120,0,0,0,0,,,,
KLO,2010,8,3,9,17.6,,,,,,,,967.3,,3.2,,383,504.9,149,0,0,0,0,,,,
KLO,2010,8,3,10,19,,,,,,,,966.9,,3.1,,629,859.7,104.9,0,0,0,0,,,,
KLO,2010,8,3,11,19.4,,,,,,,,966.4,,2.8,,527,316.2,296.4,0,0,0,0,,,,
KLO,2010,8,3,12,19.9,,,,,,,,966.3,,3.6,,467,121.2,368.2,0,0,0,0,,,,
KLO,2010,8,3,13,21,,,,,,,,966.2,,4,,591,261.3,366.4,0,0,0,0,,,,
KLO,2010,8,3,14,21,,,,,,,,966.2,,5,,513,143.9,389.1,0,0,0,0,,,,
KLO,2010,8,3,15,21.4,,,,,,,,966.2,,5,,603,339.5,325,0,0,0,0,,,,
KLO,2010,8,3,16,21.4,,,,,,,,966.3,,4.1,,425,125.4,332.7,0,0,0,0,,,,
KLO,2010,8,3,17,20.4,,,,,,,,966.4,,2.9,,238,17.4,227.2,0,0,0,0,,,,
KLO,2010,8,3,18,18.7,,,,,,,,966.8,,2.5,,49,0.7,48.7,0,0,0,0,,,,
KLO,2010,8,3,19,17.1,,,,,,,,967,,1.2,,2,0,2,0,0,0,0,,,,
KLO,2010,8,3,20,15.7,,,,,,,,967.3,,1.8,,0,0,0,0,0,0,0,,,,
KLO,2010,8,3,21,15.4,,,,,,,,967.4,,1.2,,0,0,0,0,0,0,0,,,,
KLO,2010,8,3,22,13.4,,,,,,,,967.1,,1,,0,0,0,0,0,0,0,,,,
KLO,2010,8,3,23,12.9,,,,,,,,966.8,,0.2,,0,0,0,0,0,0,0,,,,
KLO,2010,8,4,0,12.5,,,,,,,,966.5,,0.7,,0,0,0,0,0,0,0,,,,
KLO,2010,8,4,1,11.4,,,,,,,,966.1,,1,,0,0,0,0,0,0,0,,,,
KLO,2010,8,4,2,11,,,,,,,,965.6,,1.2,,0,0,0,0,0,0,0,,,,
KLO,2010,8,4,3,11.5,,,,,,,,965.5,,0.3,,0,0,0,0,0,0,0,,,,
KLO,2010,8,4,4,12.3,,,,,,,,965.4,,1.1,,7,0,0,0,0,0,0,,,,
KLO,2010,8,4,5,13.1,,,,,,,,965.5,,1,,37,0,0,0,0,0,0,,,,
KLO,2010,8,4,6,13.8,,,,,,,,965.3,,1.4,,110,0,0,0,0,0,0,,,,
KLO,2010,8,4,7,14.1,,,,,,,,965.3,,1.1,,238,1517.2,39.3,0,0,0,0,,,,
KLO,2010,8,4,8,15.4,,,,,,,,965,,1.5,,608,1702.5,100.3,0,0,0,0,,,,
KLO,2010,8,4,9,17.1,,,,,,,,964.6,,1,,708,1282.9,116.8,0,0,0,0,,,,
KLO,2010,8,4,10,19.1,,,,,,,,964,,0.8,,707,972.3,116.7,0,0,0,0,,,,
KLO,2010,8,4,11,20.1,,,,,,,,963.1,,1.2,,638,604.5,198.4,0,0,0,0,,,,
KLO,2010,8,4,12,21.4,,,,,,,,962.4,,1.9,,783,764.1,162.2,0,0,0,0,,,,
KLO,2010,8,4,13,21.7,,,,,,,,962.1,,3.2,,704,494.5,280,0,0,0,0,,,,
KLO,2010,8,4,14,21.4,,,,,,,,961.8,,2.3,,396,43,359.1,0,0,0,0,,,,
KLO,2010,8,4,15,22.2,,,,,,,,961.4,,2.9,,488,145.9,368.9,0,0,0,0,,,,
KLO,2010,8,4,16,21.8,,,,,,,,960.9,,2.1,,313,29.2,291.6,0,0,0,0,,,,
KLO,2010,8,4,17,21.4,,,,,,,,960.4,,1.6,,205,9,199.5,0,0,0,0,,,,
KLO,2010,8,4,18,19.4,,,,,,,,960.3,,0.5,,24,0.2,23.9,0,0,0,0,,,,
KLO,2010,8,4,19,18.1,,,,,,,,960.4,,1.4,,1,0,1,0,0,0,0,,,,
KLO,2010,8,4,20,17.8,,,,,,,,960.3,,0.8,,0,0,0,0,0,0,0,,,,
KLO,2010,8,4,21,16.6,,,,,,,,960,,0.4,,0,0,0,0,0,0,0,,,,
KLO,2010,8,4,22,15.3,,,,,,,,959.6,,0.8,,0,0,0,0,0,0,0,,,,
KLO,2010,8,4,23,15.1,,,,,,,,959.1,,0.6,,0,0,0,0,0,0,0,,,,
KLO,2010,8,5,0,15.7,,,,,,,,958.9,,1.6,,0,0,0,0,0,0,0,,,,
KLO,2010,8,5,1,15.9,,,,,,,,958.5,,1.1,,0,0,0,0,0,0,0,,,,
KLO,2010,8,5,2,15.4,,,,,,,,958.4,,1.3,,0,0,0,0,0,0,0,,,,
KLO,2010,8,5,3,15.3,,,,,,,,957.9,,1,,0,0,0,0,0,0,0,,,,
KLO,2010,8,5,4,15.5,,,,,,,,957.8,,2.2,,0,0,0,0,0,0,0,,,,
KLO,2010,8,5,5,14.8,,,,,,,,958.5,,3.4,,5,0,0,0,0,0,0,,,,
KLO,2010,8,5,6,14.7,,,,,,,,959,,1.3,,28,0,0,0,0,0,0,,,,
KLO,2010,8,5,7,14.9,,,,,,,,959.2,,2.3,,68,85.8,57,0,0,0,0,,,,
KLO,2010,8,5,8,14.3,,,,,,,,959.5,,3.7,,81,5.1,79.5,0,0,0,0,,,,
KLO,2010,8,5,9,14,,,,,,,,959.9,,3.8,,118,4.5,115.9,0,0,0,0,,,,
KLO,2010,8,5,10,14.7,,,,,,,,960.1,,2.9,,159,4.7,156.2,0,0,0,0,,,,
KLO,2010,8,5,11,14.8,,,,,,,,960.4,,2.4,,146,2.8,144,0,0,0,0,,,,
KLO,2010,8,5,12,15.3,,,,,,,,960.4,,1.4,,252,7,246.3,0,0,0,0,,,,
KLO,2010,8,5,13,15.8,,,,,,,,960.6,,2.1,,187,3.2,184.2,0,0,0,0,,,,
KLO,2010,8,5,14,15.8,,,,,,,,961,,1.9,,108,1.1,107.1,0,0,0,0,,,,
KLO,2010,8,5,15,16.4,,,,,,,,961.1,,1.5,,122,1.5,120.8,0,0,0,0,,,,
KLO,2010,8,5,16,15.4,,,,,,,,961.4,,2.1,,55,0.4,54.7,0,0,0,0,,,,
KLO,2010,8,5,17,14.7,,,,,,,,961.8,,2.9,,25,0.1,24.9,0,0,0,0,,,,
KLO,2010,8,5,18,14.4,,,,,,,,962.6,,1.5,,7,0,7,0,0,0,0,,,,
KLO,2010,8,5,19,14,,,,,,,,963.5,,1.9,,0,0,0,0,0,0,0,,,,
KLO,2010,8,5,20,14,,,,,,,,964,,2.3,,0,0,0,0,0,0,0,,,,
KLO,2010,8,5,21,13.9,,,,,,,,964.5,,1.2,,0,0,0,0,0,0,0,,,,
KLO,2010,8,5,22,13.7,,,,,,,,964.8,,1.1,,0,0,0,0,0,0,0,,,,
KLO,2010,8,5,23,13.6,,,,,,,,965,,0.9,,0,0,0,0,0,0,0,,,,
KLO,2010,8,6,0,13.1,,,,,,,,965,,0.9,,0,0,0,0,0,0,0,,,,
KLO,2010,8,6,1,13,,,,,,,,965.1,,0.9,,0,0,0,0,0,0,0,,,,
KLO,2010,8,6,2,12.6,,,,,,,,965.3,,1.3,,0,0,0,0,0,0,0,,,,
KLO,2010,8,6,3,12.3,,,,,,,,965.7,,0.6,,0,0,0,0,0,0,0,,,,
KLO,2010,8,6,4,12.1,,,,,,,,966.2,,0.9,,2,0,0,0,0,0,0,,,,
KLO,2010,8,6,5,12,,,,,,,,966.8,,0.7,,58,0,0,0,0,0,0,,,,
KLO,2010,8,6,6,13.6,,,,,,,,967.3,,0.8,,238,0,0,0,0,0,0,,,,
KLO,2010,8,6,7,14,,,,,,,,967.6,,1.4,,152,1017.6,25.1,0,0,0,0,,,,
KLO,2010,8,6,8,14.6,,,,,,,,968,,1.6,,398,1136.8,65.7,0,0,0,0,,,,
KLO,2010,8,6,9,16.3,,,,,,,,967.9,,1.6,,704,1290.8,116.2,0,0,0,0,,,,
KLO,2010,8,6,10,17.7,,,,,,,,967.9,,1,,845,1171.9,139.4,0,0,0,0,,,,
KLO,2010,8,6,11,17.8,,,,,,,,967.9,,1.2,,378,79.4,320.6,0,0,0,0,,,,
KLO,2010,8,6,12,18.5,,,,,,,,967.9,,1.9,,627,409.1,296.5,0,0,0,0,,,,
KLO,2010,8,6,13,19.2,,,,,,,,967.9,,1.5,,721,541.6,259.2,0,0,0,0,,,,
KLO,2010,8,6,14,18.9,,,,,,,,967.9,,3.4,,453,84.7,380.6,0,0,0,0,,,,
KLO,2010,8,6,15,17.3,,,,,,,,968.3,,4.4,,76,0.6,75.5,0,0,0,0,,,,
KLO,2010,8,6,16,16.9,,,,,,,,968.4,,3.3,,53,0.4,52.7,0,0,0,0,,,,
KLO,2010,8,6,17,16.6,,,,,,,,968.6,,2.5,,38,0.3,37.8,0,0,0,0,,,,
KLO,2010,8,6,18,16.1,,,,,,,,969,,1.9,,12,0,12,0,0,0,0,,,,
KLO,2010,8,6,19,15.7,,,,,,,,969.3,,1.7,,0,0,0,0,0,0,0,,,,
KLO,2010,8,6,20,15.4,,,,,,,,969.7,,1.1,,0,0,0,0,0,0,0,,,,
KLO,2010,8,6,21,14.8,,,,,,,,969.9,,1.5,,0,0,0,0,0,0,0,,,,
KLO,2010,8,6,22,14,,,,,,,,970,,0.9,,0,0,0,0,0,0,0,,,,
KLO,2010,8,6,23,13.1,,,,,,,,970,,1.1,,0,0,0,0,0,0,0,,,,
KLO,2010,8,7,0,12,,,,,,,,969.9,,1.1,,0,0,0,0,0,0,0,,,,
KLO,2010,8,7,1,11.1,,,,,,,,969.8,,1.2,,0,0,0,0,0,0,0,,,,
KLO,2010,8,7,2,10.7,,,,,,,,969.8,,0.8,,0,0,0,0,0,0,0,,,,
KLO,2010,8,7,3,9.9,,,,,,,,969.9,,0.5,,0,0,0,0,0,0,0,,,,
KLO,2010,8,7,4,10.4,,,,,,,,970.2,,0.9,,2,0,0,0,0,0,0,,,,
KLO,2010,8,7,5,10.5,,,,,,,,970.2,,0.8,,50,0,0,0,0,0,0,,,,
KLO,2010,8,7,6,11.7,,,,,,,,970.4,,1.1,,214,0,0,0,0,0,0,,,,
KLO,2010,8,7,7,13.2,,,,,,,,970.6,,1,,443,3043.4,73.1,0,0,0,0,,,,
KLO,2010,8,7,8,15.6,,,,,,,,970.5,,1,,603,1740,99.5,0,0,0,0,,,,
KLO,2010,8,7,9,18,,,,,,,,970.1,,1.8,,738,1361.4,121.8,0,0,0,0,,,,
KLO,2010,8,7,10,19.7,,,,,,,,969.9,,1.3,,832,1158.8,137.3,0,0,0,0,,,,
KLO,2010,8,7,11,20.6,,,,,,,,969.7,,1.4,,839,973.3,138.4,0,0,0,0,,,,
KLO,2010,8,7,12,21.4,,,,,,,,969.4,,1.6,,884,916.6,145.9,0,0,0,0,,,,
KLO,2010,8,7,13,21.8,,,,,,,,969.2,,1,,815,754.8,173.3,0,0,0,0,,,,
KLO,2010,8,7,14,22.4,,,,,,,,969.1,,1.5,,705,507.2,273.2,0,0,0,0,,,,
KLO,2010,8,7,15,22.6,,,,,,,,968.8,,1.1,,576,298.9,334.3,0,0,0,0,,,,
KLO,2010,8,7,16,22.7,,,,,,,,968.8,,1.2,,397,98.1,325.9,0,0,0,0,,,,
KLO,2010,8,7,17,22.4,,,,,,,,968.9,,1.9,,221,13.3,212.9,0,0,0,0,,,,
KLO,2010,8,7,18,20.6,,,,,,,,969,,1.2,,60,1.2,59.5,0,0,0,0,,,,
KLO,2010,8,7,19,17,,,,,,,,969.3,,0.7,,0,0,0,0,0,0,0,,,,
KLO,2010,8,7,20,15.3,,,,,,,,969.4,,0.8,,0,0,0,0,0,0,0,,,,
KLO,2010,8,7,21,14.4,,,,,,,,969.4,,1.2,,0,0,0,0,0,0,0,,,,
KLO,2010,8,7,22,13.3,,,,,,,,969.4,,1.5,,0,0,0,0,0,0,0,,,,
KLO,2010,8,7,23,12.8,,,,,,,,969.3,,0.6,,0,0,0,0,0,0,0,,,,
KLO,2010,8,8,0,12.6,,,,,,,,969.1,,0.8,,0,0,0,0,0,0,0,,,,
KLO,2010,8,8,1,12.4,,,,,,,,968.8,,1.2,,0,0,0,0,0,0,0,,,,
KLO,2010,8,8,2,12.6,,,,,,,,968.5,,0.5,,0,0,0,0,0,0,0,,,,
KLO,2010,8,8,3,12.9,,,,,,,,968.4,,0.7,,0,0,0,0,0,0,0,,,,
KLO,2010,8,8,4,13.1,,,,,,,,968.3,,0.8,,3,0,0,0,0,0,0,,,,
KLO,2010,8,8,5,13.6,,,,,,,,968.3,,0.8,,64,0,0,0,0,0,0,,,,
KLO,2010,8,8,6,15.1,,,,,,,,968.5,,0.7,,104,0,0,0,0,0,0,,,,
KLO,2010,8,8,7,17.4,,,,,,,,968.6,,1.7,,352,2483.8,58.1,0,0,0,0,,,,
KLO,2010,8,8,8,18.6,,,,,,,,968.6,,1.6,,333,971,54.9,0,0,0,0,,,,
KLO,2010,8,8,9,17.4,,,,,,,,969.2,,2.6,,198,33.9,182.8,0,0,0,0,,,,
KLO,2010,8,8,10,18,,,,,,,,969,,2.3,,278,45,251.1,0,0,0,0,,,,
KLO,2010,8,8,11,19.3,,,,,,,,968.7,,2.4,,387,91.5,321.4,0,0,0,0,,,,
KLO,2010,8,8,12,20.3,,,,,,,,968.5,,2.8,,408,68.9,352.7,0,0,0,0,,,,
KLO,2010,8,8,13,20,,,,,,,,968.3,,1.2,,557,217,373.1,0,0,0,0,,,,
KLO,2010,8,8,14,22.4,,,,,,,,967.8,,3.6,,721,548.6,255.4,0,0,0,0,,,,
KLO,2010,8,8,15,21.8,,,,,,,,967.9,,5.2,,231,5.6,226.5,0,0,0,0,,,,
KLO,2010,8,8,16,21.7,,,,,,,,968.1,,4.8,,353,57.2,311.7,0,0,0,0,,,,
KLO,2010,8,8,17,20.7,,,,,,,,968.2,,3.9,,189,7.2,184.7,0,0,0,0,,,,
KLO,2010,8,8,18,18.8,,,,,,,,968.6,,1,,36,0.4,35.8,0,0,0,0,,,,
KLO,2010,8,8,19,17.7,,,,,,,,969.2,,1.4,,1,0,1,0,0,0,0,,,,
KLO,2010,8,8,20,16.8,,,,,,,,969.6,,1,,0,0,0,0,0,0,0,,,,
KLO,2010,8,8,21,16.5,,,,,,,,969.8,,1.1,,0,0,0,0,0,0,0,,,,
KLO,2010,8,8,22,15.9,,,,,,,,969.8,,0.7,,0,0,0,0,0,0,0,,,,
KLO,2010,8,8,23,14.8,,,,,,,,969.6,,1.1,,0,0,0,0,0,0,0,,,,
KLO,2010,8,9,0,13.7,,,,,,,,969.5,,1.6,,0,0,0,0,0,0,0,,,,
KLO,2010,8,9,1,13.6,,,,,,,,969.3,,1.8,,0,0,0,0,0,0,0,,,,
KLO,2010,8,9,2,13.5,,,,,,,,969.2,,1.2,,0,0,0,0,0,0,0,,,,
KLO,2010,8,9,3,12.9,,,,,,,,969,,1.1,,0,0,0,0,0,0,0,,,,
KLO,2010,8,9,4,12.3,,,,,,,,969.2,,1,,5,0,0,0,0,0,0,,,,
KLO,2010,8,9,5,13.4,,,,,,,,969.4,,1,,84,0,0,0,0,0,0,,,,
KLO,2010,8,9,6,15.2,,,,,,,,969.4,,0.9,,242,0,0,0,0,0,0,,,,
KLO,2010,8,9,7,17,,,,,,,,969.1,,0.5,,432,3133.9,71.3,0,0,0,0,,,,
KLO,2010,8,9,8,19,,,,,,,,969,,1.3,,627,1847.8,103.5,0,0,0,0,,,,
KLO,2010,8,9,9,20.3,,,,,,,,968.8,,1.2,,755,1410.3,124.6,0,0,0,0,,,,
KLO,2010,8,9,10,21.8,,,,,,,,968.4,,0.8,,867,1218.4,143.1,0,0,0,0,,,,
KLO,2010,8,9,11,22.9,,,,,,,,967.9,,1.3,,910,1063.1,150.2,0,0,0,0,,,,
KLO,2010,8,9,12,23.2,,,,,,,,967.4,,1.6,,798,815.2,145.6,0,0,0,0,,,,
KLO,2010,8,9,13,23.8,,,,,,,,966.8,,2,,786,703.5,191.5,0,0,0,0,,,,
KLO,2010,8,9,14,24.8,,,,,,,,966.4,,2,,714,537.3,259.4,0,0,0,0,,,,
KLO,2010,8,9,15,24.8,,,,,,,,966.2,,2,,540,238.1,348.8,0,0,0,0,,,,
KLO,2010,8,9,16,24.7,,,,,,,,966.1,,3,,393,97.1,323.2,0,0,0,0,,,,
KLO,2010,8,9,17,23.9,,,,,,,,966,,2.7,,211,11.3,204.2,0,0,0,0,,,,
KLO,2010,8,9,18,22,,,,,,,,966.1,,1.8,,54,1,53.6,0,0,0,0,,,,
KLO,2010,8,9,19,19.4,,,,,,,,966.4,,1.5,,0,0,0,0,0,0,0,,,,
KLO,2010,8,9,20,17,,,,,,,,966.8,,1.4,,0,0,0,0,0,0,0,,,,
KLO,2010,8,9,21,16.9,,,,,,,,967.1,,1.3,,0,0,0,0,0,0,0,,,,
KLO,2010,8,9,22,16.3,,,,,,,,967.3,,1.1,,0,0,0,0,0,0,0,,,,
KLO,2010,8,9,23,15.7,,,,,,,,967.5,,1,,0,0,0,0,0,0,0,,,,
KLO,2010,8,10,0,15.7,,,,,,,,967.6,,0.8,,0,0,0,0,0,0,0,,,,
KLO,2010,8,10,1,15.5,,,,,,,,967.5,,0.9,,0,0,0,0,0,0,0,,,,
KLO,2010,8,10,2,14.8,,,,,,,,967.5,,0.5,,0,0,0,0,0,0,0,,,,
KLO,2010,8,10,3,14.9,,,,,,,,967.6,,0.3,,0,0,0,0,0,0,0,,,,
KLO,2010,8,10,4,14.6,,,,,,,,967.6,,0.4,,4,0,0,0,0,0,0,,,,
KLO,2010,8,10,5,14.8,,,,,,,,967.8,,0.7,,73,0,0,0,0,0,0,,,,
KLO,2010,8,10,6,16.8,,,,,,,,968,,0.6,,246,0,0,0,0,0,0,,,,
KLO,2010,8,10,7,18.7,,,,,,,,968,,0.7,,428,3195.4,70.6,0,0,0,0,,,,
KLO,2010,8,10,8,20.5,,,,,,,,968,,0.5,,588,1751.8,97,0,0,0,0,,,,
KLO,2010,8,10,9,22.1,,,,,,,,968,,0.8,,727,1366.8,120,0,0,0,0,,,,
KLO,2010,8,10,10,23.5,,,,,,,,967.6,,0.7,,820,1157.6,135.3,0,0,0,0,,,,
KLO,2010,8,10,11,24.4,,,,,,,,967.4,,1,,867,1016.6,143.1,0,0,0,0,,,,
KLO,2010,8,10,12,25.1,,,,,,,,967,,2.1,,858,898.1,141.6,0,0,0,0,,,,
KLO,2010,8,10,13,25.6,,,,,,,,966.5,,1.2,,800,738.3,178,0,0,0,0,,,,
KLO,2010,8,10,14,25.6,,,,,,,,966.1,,1.1,,627,349.8,332,0,0,0,0,,,,
KLO,2010,8,10,15,25.7,,,,,,,,965.7,,1.7,,425,84.8,357.1,0,0,0,0,,,,
KLO,2010,8,10,16,25.5,,,,,,,,965.4,,1.5,,336,46.7,302.6,0,0,0,0,,,,
KLO,2010,8,10,17,24,,,,,,,,965.5,,2.1,,133,3.4,131,0,0,0,0,,,,
KLO,2010,8,10,18,22.3,,,,,,,,965.7,,1.9,,41,0.6,40.7,0,0,0,0,,,,
KLO,2010,8,10,19,21.5,,,,,,,,966,,1.8,,1,0,1,0,0,0,0,,,,
KLO,2010,8,10,20,19.7,,,,,,,,966.3,,0.6,,0,0,0,0,0,0,0,,,,
KLO,2010,8,10,21,19,,,,,,,,966.3,,0.8,,0,0,0,0,0,0,0,,,,
KLO,2010,8,10,22,18.9,,,,,,,,966.5,,1.4,,0,0,0,0,0,0,0,,,,
KLO,2010,8,10,23,18.4,,,,,,,,966.5,,0.8,,0,0,0,0,0,0,0,,,,
KLO,2010,8,11,0,18.1,,,,,,,,966.3,,0.9,,0,0,0,0,0,0,0,,,,
KLO,2010,8,11,1,17.8,,,,,,,,966.3,,0.8,,0,0,0,0,0,0,0,,,,
KLO,2010,8,11,2,17.8,,,,,,,,966.2,,1,,0,0,0,0,0,0,0,,,,
KLO,2010,8,11,3,17.1,,,,,,,,966.3,,1,,0,0,0,0,0,0,0,,,,
KLO,2010,8,11,4,17,,,,,,,,966.6,,0.5,,2,0,0,0,0,0,0,,,,
KLO,2010,8,11,5,17.7,,,,,,,,966.9,,0.5,,43,0,0,0,0,0,0,,,,
KLO,2010,8,11,6,19.1,,,,,,,,967.1,,0.7,,164,0,0,0,0,0,0,,,,
KLO,2010,8,11,7,20.4,,,,,,,,967.3,,0.6,,237,1822.9,39.1,0,0,0,0,,,,
KLO,2010,8,11,8,21.8,,,,,,,,967.3,,2.1,,407,1226.1,67.2,0,0,0,0,,,,
KLO,2010,8,11,9,22.3,,,,,,,,967.4,,2.5,,456,860.9,76.1,0,0,0,0,,,,
KLO,2010,8,11,10,23.1,,,,,,,,967.3,,1.4,,700,992.8,115.5,0,0,0,0,,,,
KLO,2010,8,11,11,24,,,,,,,,966.9,,2.1,,737,866.6,122.2,0,0,0,0,,,,
KLO,2010,8,11,12,25.2,,,,,,,,966.4,,2.3,,868,911.6,143.2,0,0,0,0,,,,
KLO,2010,8,11,13,24.6,,,,,,,,965.9,,1.2,,482,121,380.4,0,0,0,0,,,,
KLO,2010,8,11,14,24.5,,,,,,,,965.5,,1.5,,368,32.9,340.4,0,0,0,0,,,,
KLO,2010,8,11,15,24.7,,,,,,,,965.3,,2,,372,45.3,335.9,0,0,0,0,,,,
KLO,2010,8,11,16,24.4,,,,,,,,965.1,,3,,309,31.3,286.7,0,0,0,0,,,,
KLO,2010,8,11,17,23.2,,,,,,,,965.1,,3.1,,147,4.2,144.5,0,0,0,0,,,,
KLO,2010,8,11,18,21.4,,,,,,,,965.2,,1.9,,30,0.3,29.9,0,0,0,0,,,,
KLO,2010,8,11,19,20.6,,,,,,,,965.4,,1.2,,0,0,0,0,0,0,0,,,,
KLO,2010,8,11,20,19.4,,,,,,,,965.5,,1.5,,0,0,0,0,0,0,0,,,,
KLO,2010,8,11,21,20.2,,,,,,,,965.6,,1.2,,0,0,0,0,0,0,0,,,,
KLO,2010,8,11,22,19.7,,,,,,,,965.5,,2.2,,0,0,0,0,0,0,0,,,,
KLO,2010,8,11,23,18.9,,,,,,,,965.1,,2.1,,0,0,0,0,0,0,0,,,,
KLO,2010,8,12,0,18.1,,,,,,,,965.2,,2.3,,0,0,0,0,0,0,0,,,,
KLO,2010,8,12,1,16.6,,,,,,,,964.8,,1.2,,0,0,0,0,0,0,0,,,,
KLO,2010,8,12,2,16,,,,,,,,964.2,,1.6,,0,0,0,0,0,0,0,,,,
KLO,2010,8,12,3,16.1,,,,,,,,964,,1.1,,0,0,0,0,0,0,0,,,,
KLO,2010,8,12,4,16,,,,,,,,963.8,,0.9,,1,0,0,0,0,0,0,,,,
KLO,2010,8,12,5,16.4,,,,,,,,963.7,,0.5,,3,0,0,0,0,0,0,,,,
KLO,2010,8,12,6,16.9,,,,,,,,963.9,,1.2,,39,0,0,0,0,0,0,,,,
KLO,2010,8,12,7,16.9,,,,,,,,964.3,,1,,43,23.1,40.6,0,0,0,0,,,,
KLO,2010,8,12,8,17.3,,,,,,,,964.1,,1.8,,141,72.7,121.1,0,0,0,0,,,,
KLO,2010,8,12,9,18.9,,,,,,,,964.3,,2.4,,518,986.8,85.5,0,0,0,0,,,,
KLO,2010,8,12,10,18.2,,,,,,,,964.6,,1.5,,94,1.7,93,0,0,0,0,,,,
KLO,2010,8,12,11,18.2,,,,,,,,964.8,,2.4,,160,3.5,157.5,0,0,0,0,,,,
KLO,2010,8,12,12,18.9,,,,,,,,965.1,,3.7,,422,85.7,354.1,0,0,0,0,,,,
KLO,2010,8,12,13,19.9,,,,,,,,965.2,,2.5,,470,109.4,378.4,0,0,0,0,,,,
KLO,2010,8,12,14,20.2,,,,,,,,965.4,,2.4,,237,5.4,232.5,0,0,0,0,,,,
KLO,2010,8,12,15,20.2,,,,,,,,965.7,,3.3,,236,6.1,231.2,0,0,0,0,,,,
KLO,2010,8,12,16,20.2,,,,,,,,965.8,,3.4,,235,8.7,228.8,0,0,0,0,,,,
KLO,2010,8,12,17,19.6,,,,,,,,966,,3.4,,153,4.6,150.3,0,0,0,0,,,,
KLO,2010,8,12,18,18.5,,,,,,,,966.3,,2.5,,60,1.2,59.4,0,0,0,0,,,,
KLO,2010,8,12,19,17.5,,,,,,,,967,,1.8,,1,0,1,0,0,0,0,,,,
KLO,2010,8,12,20,16.5,,,,,,,,967.6,,2.2,,0,0,0,0,0,0,0,,,,
KLO,2010,8,12,21,16,,,,,,,,967.8,,1.9,,0,0,0,0,0,0,0,,,,
KLO,2010,8,12,22,15.3,,,,,,,,967.9,,2.2,,0,0,0,0,0,0,0,,,,
KLO,2010,8,12,23,15.1,,,,,,,,967.9,,2.3,,0,0,0,0,0,0,0,,,,
KLO,2010,8,13,0,14.7,,,,,,,,967.5,,2.1,,0,0,0,0,0,0,0,,,,
KLO,2010,8,13,1,14.5,,,,,,,,967.3,,1.6,,0,0,0,0,0,0,0,,,,
KLO,2010,8,13,2,14.2,,,,,,,,967.1,,0.9,,0,0,0,0,0,0,0,,,,
KLO,2010,8,13,3,14.3,,,,,,,,966.9,,0.9,,0,0,0,0,0,0,0,,,,
KLO,2010,8,13,4,14,,,,,,,,966.8,,1.7,,2,0,0,0,0,0,0,,,,
KLO,2010,8,13,5,14,,,,,,,,966.9,,0.7,,41,0,0,0,0,0,0,,,,
KLO,2010,8,13,6,14.9,,,,,,,,967.2,,0.5,,120,0,0,0,0,0,0,,,,
KLO,2010,8,13,7,15.7,,,,,,,,967.3,,0.4,,235,1925.3,38.8,0,0,0,0,,,,
KLO,2010,8,13,8,16.9,,,,,,,,967.4,,0.9,,418,1288.3,69,0,0,0,0,,,,
KLO,2010,8,13,9,17.7,,,,,,,,967.3,,1,,511,980.1,84.3,0,0,0,0,,,,
KLO,2010,8,13,10,18.9,,,,,,,,967,,0.8,,535,678.6,139.3,0,0,0,0,,,,
KLO,2010,8,13,11,20,,,,,,,,966.4,,1.2,,697,803.9,131.1,0,0,0,0,,,,
KLO,2010,8,13,12,20.2,,,,,,,,966.4,,1.1,,433,98,355.6,0,0,0,0,,,,
KLO,2010,8,13,13,20.6,,,,,,,,966.4,,0.9,,404,54.2,358.8,0,0,0,0,,,,
KLO,2010,8,13,14,20.8,,,,,,,,966.4,,1.2,,457,97.3,375.8,0,0,0,0,,,,
KLO,2010,8,13,15,21.2,,,,,,,,966.4,,1,,445,110.3,357.8,0,0,0,0,,,,
KLO,2010,8,13,16,21,,,,,,,,966.2,,0.7,,282,20.6,267.4,0,0,0,0,,,,
KLO,2010,8,13,17,20.4,,,,,,,,966.2,,2,,133,3.5,131,0,0,0,0,,,,
KLO,2010,8,13,18,18.9,,,,,,,,966.1,,2.6,,38,0.5,37.8,0,0,0,0,,,,
KLO,2010,8,13,19,17.1,,,,,,,,966.4,,1.6,,0,0,0,0,0,0,0,,,,
KLO,2010,8,13,20,15.1,,,,,,,,966.7,,1.2,,0,0,0,0,0,0,0,,,,
KLO,2010,8,13,21,14.6,,,,,,,,966.6,,1.7,,0,0,0,0,0,0,0,,,,
KLO,2010,8,13,22,13.9,,,,,,,,966.7,,2.2,,0,0,0,0,0,0,0,,,,
KLO,2010,8,13,23,13.6,,,,,,,,966.5,,1.6,,0,0,0,0,0,0,0,,,,
KLO,2010,8,14,0,13.3,,,,,,,,966.4,,1.9,,0,0,0,0,0,0,0,,,,
KLO,2010,8,14,1,13,,,,,,,,966.4,,1.1,,0,0,0,0,0,0,0,,,,
KLO,2010,8,14,2,12.6,,,,,,,,966.2,,1.9,,0,0,0,0,0,0,0,,,,
KLO,2010,8,14,3,13.2,,,,,,,,966,,1.4,,0,0,0,0,0,0,0,,,,
KLO,2010,8,14,4,13.5,,,,,,,,965.9,,1.5,,3,0,0,0,0,0,0,,,,
KLO,2010,8,14,5,14,,,,,,,,966,,1.8,,28,0,0,0,0,0,0,,,,
KLO,2010,8,14,6,14.8,,,,,,,,966.3,,1.9,,78,0,0,0,0,0,0,,,,
KLO,2010,8,14,7,15.4,,,,,,,,966,,3.4,,146,1236.8,24.1,0,0,0,0,,,,
KLO,2010,8,14,8,16.7,,,,,,,,965.7,,2.6,,361,1125.8,59.6,0,0,0,0,,,,
KLO,2010,8,14,9,18.5,,,,,,,,965.5,,3.8,,563,1087.3,92.9,0,0,0,0,,,,
KLO,2010,8,14,10,19,,,,,,,,965.3,,2.9,,356,161.6,262.2,0,0,0,0,,,,
KLO,2010,8,14,11,19.9,,,,,,,,964.7,,4,,404,122.6,318,0,0,0,0,,,,
KLO,2010,8,14,12,20.4,,,,,,,,964.1,,3.5,,311,19.5,295.6,0,0,0,0,,,,
KLO,2010,8,14,13,20.2,,,,,,,,963.6,,4.3,,211,4.4,207.4,0,0,0,0,,,,
KLO,2010,8,14,14,19.4,,,,,,,,963.5,,4.6,,72,0.5,71.6,0,0,0,0,,,,
KLO,2010,8,14,15,18.7,,,,,,,,963.4,,4.1,,62,0.4,61.7,0,0,0,0,,,,
KLO,2010,8,14,16,17.6,,,,,,,,962.5,,4.5,,69,0.7,68.5,0,0,0,0,,,,
KLO,2010,8,14,17,16.9,,,,,,,,962.1,,2.7,,19,0.1,19,0,0,0,0,,,,
KLO,2010,8,14,18,16.1,,,,,,,,961.5,,2.8,,2,0,2,0,0,0,0,,,,
KLO,2010,8,14,19,15.8,,,,,,,,960.8,,3.3,,0,0,0,0,0,0,0,,,,
KLO,2010,8,14,20,15.9,,,,,,,,960.2,,3.5,,0,0,0,0,0,0,0,,,,
KLO,2010,8,14,21,16,,,,,,,,959.8,,1.8,,0,0,0,0,0,0,0,,,,
KLO,2010,8,14,22,16.1,,,,,,,,959.3,,1.4,,0,0,0,0,0,0,0,,,,
KLO,2010,8,14,23,16,,,,,,,,959.2,,0.4,,0,0,0,0,0,0,0,,,,
KLO,2010,8,15,0,15.8,,,,,,,,959.4,,2.8,,0,0,0,0,0,0,0,,,,
KLO,2010,8,15,1,15,,,,,,,,959.8,,1.4,,0,0,0,0,0,0,0,,,,
KLO,2010,8,15,2,14.5,,,,,,,,960,,1.8,,0,0,0,0,0,0,0,,,,
KLO,2010,8,15,3,14.6,,,,,,,,959.6,,1.9,,0,0,0,0,0,0,0,,,,
KLO,2010,8,15,4,14.8,,,,,,,,960,,4.2,,2,0,0,0,0,0,0,,,,
KLO,2010,8,15,5,15.1,,,,,,,,960.6,,2.1,,43,0,0,0,0,0,0,,,,
KLO,2010,8,15,6,15.6,,,,,,,,961.2,,3.2,,107,0,0,0,0,0,0,,,,
KLO,2010,8,15,7,16.6,,,,,,,,961.4,,3.9,,245,2148.9,40.4,0,0,0,0,,,,
KLO,2010,8,15,8,16.5,,,,,,,,962.2,,5.2,,170,196.4,118,0,0,0,0,,,,
KLO,2010,8,15,9,15.3,,,,,,,,963.3,,4.2,,162,15.5,155.3,0,0,0,0,,,,
KLO,2010,8,15,10,15.4,,,,,,,,963.8,,4,,207,12.2,200,0,0,0,0,,,,
KLO,2010,8,15,11,16.1,,,,,,,,964.2,,3.9,,284,22.5,268.3,0,0,0,0,,,,
KLO,2010,8,15,12,17.6,,,,,,,,964.1,,5.2,,605,397.8,293.1,0,0,0,0,,,,
KLO,2010,8,15,13,18.5,,,,,,,,964.1,,5.9,,659,441.7,293.1,0,0,0,0,,,,
KLO,2010,8,15,14,18.3,,,,,,,,964.4,,4.5,,263,7.4,256.9,0,0,0,0,,,,
KLO,2010,8,15,15,18,,,,,,,,964.5,,3.6,,182,3.6,179.1,0,0,0,0,,,,
KLO,2010,8,15,16,16.6,,,,,,,,964.7,,2.1,,87,1,86.3,0,0,0,0,,,,
KLO,2010,8,15,17,16.3,,,,,,,,964.7,,1.8,,71,1,70.4,0,0,0,0,,,,
KLO,2010,8,15,18,15.7,,,,,,,,964.8,,1,,26,0.2,25.9,0,0,0,0,,,,
KLO,2010,8,15,19,14.9,,,,,,,,965.2,,1.8,,0,0,0,0,0,0,0,,,,
KLO,2010,8,15,20,13.9,,,,,,,,965.5,,2.6,,0,0,0,0,0,0,0,,,,
KLO,2010,8,15,21,13.7,,,,,,,,965.6,,3.3,,0,0,0,0,0,0,0,,,,
KLO,2010,8,15,22,13.6,,,,,,,,965.5,,4,,0,0,0,0,0,0,0,,,,
KLO,2010,8,15,23,13.3,,,,,,,,965.3,,4.1,,0,0,0,0,0,0,0,,,,
KLO,2010,8,16,0,12.1,,,,,,,,964.7,,2.8,,0,0,0,0,0,0,0,,,,
KLO,2010,8,16,1,12.8,,,,,,,,964.4,,3.6,,0,0,0,0,0,0,0,,,,
KLO,2010,8,16,2,12.4,,,,,,,,964.2,,1.7,,0,0,0,0,0,0,0,,,,
KLO,2010,8,16,3,12.3,,,,,,,,963.9,,1.3,,0,0,0,0,0,0,0,,,,
KLO,2010,8,16,4,12.4,,,,,,,,963.8,,1.6,,0,0,0,0,0,0,0,,,,
KLO,2010,8,16,5,12.8,,,,,,,,963.9,,3.7,,11,0,0,0,0,0,0,,,,
KLO,2010,8,16,6,12.5,,,,,,,,964.2,,4,,50,0,0,0,0,0,0,,,,
KLO,2010,8,16,7,12.6,,,,,,,,964.1,,3,,109,991.3,18,0,0,0,0,,,,
KLO,2010,8,16,8,13.1,,,,,,,,964.3,,2.5,,120,41.5,109.2,0,0,0,0,,,,
KLO,2010,8,16,9,13.1,,,,,,,,964.9,,2.5,,100,3.7,98.4,0,0,0,0,,,,
KLO,2010,8,16,10,13.2,,,,,,,,965.3,,3.5,,100,2,98.8,0,0,0,0,,,,
KLO,2010,8,16,11,13.4,,,,,,,,965.8,,3.7,,131,2.4,129.3,0,0,0,0,,,,
KLO,2010,8,16,12,13.8,,,,,,,,966.2,,4,,231,6,226.3,0,0,0,0,,,,
KLO,2010,8,16,13,14.2,,,,,,,,966.3,,3.9,,197,3.8,193.8,0,0,0,0,,,,
KLO,2010,8,16,14,14.5,,,,,,,,966.3,,4.2,,143,2,141.3,0,0,0,0,,,,
KLO,2010,8,16,15,14,,,,,,,,966.5,,4.4,,53,0.3,52.8,0,0,0,0,,,,
KLO,2010,8,16,16,14.1,,,,,,,,966.2,,4.4,,88,1.1,87.2,0,0,0,0,,,,
KLO,2010,8,16,17,14.1,,,,,,,,966.3,,6.1,,31,0.2,30.9,0,0,0,0,,,,
KLO,2010,8,16,18,13.1,,,,,,,,966.7,,5.2,,3,0,3,0,0,0,0,,,,
KLO,2010,8,16,19,13,,,,,,,,967.1,,4.5,,0,0,0,0,0,0,0,,,,
KLO,2010,8,16,20,13.2,,,,,,,,967.3,,5.3,,0,0,0,0,0,0,0,,,,
KLO,2010,8,16,21,13.3,,,,,,,,967.6,,5.2,,0,0,0,0,0,0,0,,,,
KLO,2010,8,16,22,13.2,,,,,,,,967.6,,4.6,,0,0,0,0,0,0,0,,,,
KLO,2010,8,16,23,13.2,,,,,,,,967.5,,4.5,,0,0,0,0,0,0,0,,,,
KLO,2010,8,17,0,13.1,,,,,,,,967.2,,4.4,,0,0,0,0,0,0,0,,,,
KLO,2010,8,17,1,12.9,,,,,,,,967,,4.2,,0,0,0,0,0,0,0,,,,
KLO,2010,8,17,2,13,,,,,,,,967,,3.9,,0,0,0,0,0,0,0,,,,
KLO,2010,8,17,3,12.9,,,,,,,,966.8,,4,,0,0,0,0,0,0,0,,,,
KLO,2010,8,17,4,13.1,,,,,,,,966.5,,3.6,,0,0,0,0,0,0,0,,,,
KLO,2010,8,17,5,13.5,,,,,,,,966.6,,5.9,,13,0,0,0,0,0,0,,,,
KLO,2010,8,17,6,14,,,,,,,,966.8,,4.1,,33,0,0,0,0,0,0,,,,
KLO,2010,8,17,7,14.4,,,,,,,,967.1,,2.8,,45,68.6,38.9,0,0,0,0,,,,
KLO,2010,8,17,8,14.9,,,,,,,,967.2,,3.2,,134,75.5,114.5,0,0,0,0,,,,
KLO,2010,8,17,9,16,,,,,,,,967.1,,3.7,,188,35,173.2,0,0,0,0,,,,
KLO,2010,8,17,10,17.4,,,,,,,,967,,4.3,,423,341.7,227.7,0,0,0,0,,,,
KLO,2010,8,17,11,18.1,,,,,,,,966.8,,4.8,,367,83.1,309.5,0,0,0,0,,,,
KLO,2010,8,17,12,18.2,,,,,,,,966.5,,4.1,,277,11.7,267.9,0,0,0,0,,,,
KLO,2010,8,17,13,18.5,,,,,,,,966.3,,3.8,,342,25.1,321.4,0,0,0,0,,,,
KLO,2010,8,17,14,17.6,,,,,,,,966.4,,4.1,,192,3.7,189,0,0,0,0,,,,
KLO,2010,8,17,15,17.1,,,,,,,,966.5,,2.7,,130,1.9,128.5,0,0,0,0,,,,
KLO,2010,8,17,16,16.9,,,,,,,,966.1,,1.2,,81,0.9,80.4,0,0,0,0,,,,
KLO,2010,8,17,17,16.5,,,,,,,,965.6,,1,,47,0.5,46.7,0,0,0,0,,,,
KLO,2010,8,17,18,16.1,,,,,,,,965.4,,0.8,,11,0,11,0,0,0,0,,,,
KLO,2010,8,17,19,15.3,,,,,,,,965.4,,0.4,,0,0,0,0,0,0,0,,,,
KLO,2010,8,17,20,14.8,,,,,,,,965.3,,0.9,,0,0,0,0,0,0,0,,,,
KLO,2010,8,17,21,14,,,,,,,,965.3,,1.5,,0,0,0,0,0,0,0,,,,
KLO,2010,8,17,22,13.6,,,,,,,,965.3,,1.1,,0,0,0,0,0,0,0,,,,
KLO,2010,8,17,23,13.8,,,,,,,,965,,1.5,,0,0,0,0,0,0,0,,,,
KLO,2010,8,18,0,14.4,,,,,,,,964.5,,1.8,,0,0,0,0,0,0,0,,,,
KLO,2010,8,18,1,14.5,,,,,,,,964.1,,1.2,,0,0,0,0,0,0,0,,,,
KLO,2010,8,18,2,14.3,,,,,,,,963.6,,1,,0,0,0,0,0,0,0,,,,
KLO,2010,8,18,3,14,,,,,,,,963,,0.7,,0,0,0,0,0,0,0,,,,
KLO,2010,8,18,4,13.4,,,,,,,,962.9,,1.2,,1,0,0,0,0,0,0,,,,
KLO,2010,8,18,5,13.9,,,,,,,,962.9,,0.6,,12,0,0,0,0,0,0,,,,
KLO,2010,8,18,6,14.5,,,,,,,,962.7,,0.7,,40,0,0,0,0,0,0,,,,
KLO,2010,8,18,7,15.4,,,,,,,,962.7,,1.1,,55,201.5,37.9,0,0,0,0,,,,
KLO,2010,8,18,8,16.5,,,,,,,,962.9,,0.9,,129,66.8,112,0,0,0,0,,,,
KLO,2010,8,18,9,17.4,,,,,,,,962.8,,1.6,,192,40.3,175,0,0,0,0,,,,
KLO,2010,8,18,10,18.4,,,,,,,,962.8,,2.8,,246,30.6,228.6,0,0,0,0,,,,
KLO,2010,8,18,11,18.4,,,,,,,,962.9,,3.5,,187,5,183.6,0,0,0,0,,,,
KLO,2010,8,18,12,18.4,,,,,,,,963,,2.4,,194,4.2,190.7,0,0,0,0,,,,
KLO,2010,8,18,13,18,,,,,,,,963.1,,2.2,,175,3.1,172.5,0,0,0,0,,,,
KLO,2010,8,18,14,17.7,,,,,,,,963.3,,2.7,,193,3.8,189.9,0,0,0,0,,,,
KLO,2010,8,18,15,17.8,,,,,,,,963.2,,1.9,,183,3.8,180.1,0,0,0,0,,,,
KLO,2010,8,18,16,17.9,,,,,,,,963.1,,1.8,,127,2.3,125.4,0,0,0,0,,,,
KLO,2010,8,18,17,17.7,,,,,,,,962.9,,2,,54,0.6,53.7,0,0,0,0,,,,
KLO,2010,8,18,18,16.9,,,,,,,,963.1,,1.9,,8,0,8,0,0,0,0,,,,
KLO,2010,8,18,19,16.1,,,,,,,,963.8,,2.3,,0,0,0,0,0,0,0,,,,
KLO,2010,8,18,20,15.7,,,,,,,,964.5,,2.2,,0,0,0,0,0,0,0,,,,
KLO,2010,8,18,21,15.4,,,,,,,,964.9,,0.9,,0,0,0,0,0,0,0,,,,
KLO,2010,8,18,22,15.1,,,,,,,,965.3,,1.1,,0,0,0,0,0,0,0,,,,
KLO,2010,8,18,23,15.3,,,,,,,,965.5,,0.6,,0,0,0,0,0,0,0,,,,
KLO,2010,8,19,0,15.1,,,,,,,,965.7,,1.7,,0,0,0,0,0,0,0,,,,
KLO,2010,8,19,1,14.9,,,,,,,,965.9,,2.3,,0,0,0,0,0,0,0,,,,
KLO,2010,8,19,2,14.5,,,,,,,,966.1,,1.8,,0,0,0,0,0,0,0,,,,
KLO,2010,8,19,3,14.4,,,,,,,,966.3,,0.8,,0,0,0,0,0,0,0,,,,
KLO,2010,8,19,4,14.4,,,,,,,,966.6,,1.5,,0,0,0,0,0,0,0,,,,
KLO,2010,8,19,5,14.6,,,,,,,,967.3,,1.6,,14,0,0,0,0,0,0,,,,
KLO,2010,8,19,6,14.9,,,,,,,,967.8,,1.9,,43,0,0,0,0,0,0,,,,
KLO,2010,8,19,7,15.3,,,,,,,,968.3,,1.8,,68,513.5,26.1,0,0,0,0,,,,
KLO,2010,8,19,8,16,,,,,,,,968.7,,2,,160,187.4,112.9,0,0,0,0,,,,
KLO,2010,8,19,9,16.7,,,,,,,,968.9,,1.5,,262,177.8,187.9,0,0,0,0,,,,
KLO,2010,8,19,10,18.2,,,,,,,,968.8,,1.5,,645,952.4,106.4,0,0,0,0,,,,
KLO,2010,8,19,11,18.9,,,,,,,,968.6,,1.1,,672,784.4,133.4,0,0,0,0,,,,
KLO,2010,8,19,12,20.2,,,,,,,,968.5,,0.8,,671,582.2,221.4,0,0,0,0,,,,
KLO,2010,8,19,13,21.7,,,,,,,,968.1,,1.4,,758,697.1,188.9,0,0,0,0,,,,
KLO,2010,8,19,14,21.7,,,,,,,,968,,1.7,,589,310.9,335.4,0,0,0,0,,,,
KLO,2010,8,19,15,22,,,,,,,,968,,1.2,,458,139.7,350.3,0,0,0,0,,,,
KLO,2010,8,19,16,22,,,,,,,,968.1,,0.6,,284,24.8,267,0,0,0,0,,,,
KLO,2010,8,19,17,21.7,,,,,,,,968.3,,0.7,,136,4,133.8,0,0,0,0,,,,
KLO,2010,8,19,18,20.1,,,,,,,,968.6,,0.7,,18,0.1,17.9,0,0,0,0,,,,
KLO,2010,8,19,19,18.4,,,,,,,,969.2,,1.4,,0,0,0,0,0,0,0,,,,
KLO,2010,8,19,20,16.7,,,,,,,,969.5,,0.8,,0,0,0,0,0,0,0,,,,
KLO,2010,8,19,21,15.9,,,,,,,,969.6,,0.4,,0,0,0,0,0,0,0,,,,
KLO,2010,8,19,22,15.1,,,,,,,,969.6,,0.5,,0,0,0,0,0,0,0,,,,
KLO,2010,8,19,23,14.5,,,,,,,,969.8,,1.3,,0,0,0,0,0,0,0,,,,
KLO,2010,8,20,0,14.6,,,,,,,,969.7,,1.2,,0,0,0,0,0,0,0,,,,
KLO,2010,8,20,1,14.6,,,,,,,,969.8,,0.9,,0,0,0,0,0,0,0,,,,
KLO,2010,8,20,2,14.1,,,,,,,,969.8,,0.7,,0,0,0,0,0,0,0,,,,
KLO,2010,8,20,3,13.9,,,,,,,,969.8,,1.1,,0,0,0,0,0,0,0,,,,
KLO,2010,8,20,4,14.2,,,,,,,,970.1,,1.3,,1,0,0,0,0,0,0,,,,
KLO,2010,8,20,5,14.6,,,,,,,,970.6,,1.4,,43,0,0,0,0,0,0,,,,
KLO,2010,8,20,6,15.9,,,,,,,,970.8,,0.9,,129,0,0,0,0,0,0,,,,
KLO,2010,8,20,7,17,,,,,,,,970.9,,1,,246,2629.9,40.6,0,0,0,0,,,,
KLO,2010,8,20,8,18.7,,,,,,,,971.3,,1,,441,1483.7,72.8,0,0,0,0,,,,
KLO,2010,8,20,9,20.7,,,,,,,,971.3,,0.8,,540,1089.6,89.1,0,0,0,0,,,,
KLO,2010,8,20,10,22.8,,,,,,,,971.4,,0.9,,747,1109,123.3,0,0,0,0,,,,
KLO,2010,8,20,11,23.9,,,,,,,,971.4,,0.9,,783,956.4,129.2,0,0,0,0,,,,
KLO,2010,8,20,12,25.7,,,,,,,,971.3,,1.8,,739,754.4,158.7,0,0,0,0,,,,
KLO,2010,8,20,13,26.8,,,,,,,,971.1,,2.1,,686,532.4,253.2,0,0,0,0,,,,
KLO,2010,8,20,14,26.5,,,,,,,,971.1,,2.6,,373,41.2,339.6,0,0,0,0,,,,
KLO,2010,8,20,15,27.1,,,,,,,,971.1,,3,,470,159.4,347.7,0,0,0,0,,,,
KLO,2010,8,20,16,26.4,,,,,,,,971.3,,3.6,,287,26.9,268.7,0,0,0,0,,,,
KLO,2010,8,20,17,25.3,,,,,,,,971.6,,3.5,,137,4.1,134.7,0,0,0,0,,,,
KLO,2010,8,20,18,23.8,,,,,,,,972.2,,2.6,,20,0.2,19.9,0,0,0,0,,,,
KLO,2010,8,20,19,22.3,,,,,,,,973,,1.3,,0,0,0,0,0,0,0,,,,
KLO,2010,8,20,20,20.8,,,,,,,,973.5,,0.9,,0,0,0,0,0,0,0,,,,
KLO,2010,8,20,21,20.4,,,,,,,,974,,1.1,,0,0,0,0,0,0,0,,,,
KLO,2010,8,20,22,19.6,,,,,,,,974.4,,1.8,,0,0,0,0,0,0,0,,,,
KLO,2010,8,20,23,19.4,,,,,,,,974.5,,1.4,,0,0,0,0,0,0,0,,,,
KLO,2010,8,21,0,18.5,,,,,,,,974.7,,1.8,,0,0,0,0,0,0,0,,,,
KLO,2010,8,21,1,17.9,,,,,,,,974.7,,1.3,,0,0,0,0,0,0,0,,,,
KLO,2010,8,21,2,17.3,,,,,,,,974.6,,1.5,,0,0,0,0,0,0,0,,,,
KLO,2010,8,21,3,16.5,,,,,,,,974.7,,0.6,,0,0,0,0,0,0,0,,,,
KLO,2010,8,21,4,15.9,,,,,,,,975.1,,0.5,,1,0,0,0,0,0,0,,,,
KLO,2010,8,21,5,15.8,,,,,,,,975.5,,0.7,,41,0,0,0,0,0,0,,,,
KLO,2010,8,21,6,17.5,,,,,,,,975.8,,0.6,,158,0,0,0,0,0,0,,,,
KLO,2010,8,21,7,19.4,,,,,,,,976,,1.5,,357,3993.5,58.9,0,0,0,0,,,,
KLO,2010,8,21,8,21.3,,,,,,,,976.1,,1.2,,527,1797.2,87,0,0,0,0,,,,
KLO,2010,8,21,9,23.1,,,,,,,,976.1,,1,,661,1344.1,109.1,0,0,0,0,,,,
KLO,2010,8,21,10,24.8,,,,,,,,975.7,,0.9,,768,1146.5,126.7,0,0,0,0,,,,
KLO,2010,8,21,11,26.2,,,,,,,,975.1,,0.7,,816,1001.2,134.6,0,0,0,0,,,,
KLO,2010,8,21,12,26.9,,,,,,,,974.8,,0.5,,816,889.5,134.7,0,0,0,0,,,,
KLO,2010,8,21,13,27.4,,,,,,,,974.5,,1,,730,644.7,207.9,0,0,0,0,,,,
KLO,2010,8,21,14,27.9,,,,,,,,974.1,,1.2,,544,234.9,353.9,0,0,0,0,,,,
KLO,2010,8,21,15,28.1,,,,,,,,973.7,,1.6,,507,223.3,336.5,0,0,0,0,,,,
KLO,2010,8,21,16,28,,,,,,,,973.4,,1.5,,332,57.2,293.3,0,0,0,0,,,,
KLO,2010,8,21,17,26.7,,,,,,,,973.3,,2.1,,154,5.2,151.1,0,0,0,0,,,,
KLO,2010,8,21,18,24.1,,,,,,,,973.3,,1.1,,24,0.2,23.9,0,0,0,0,,,,
KLO,2010,8,21,19,21.2,,,,,,,,973.7,,0.7,,0,0,0,0,0,0,0,,,,
KLO,2010,8,21,20,19.4,,,,,,,,973.7,,0.4,,0,0,0,0,0,0,0,,,,
KLO,2010,8,21,21,18.9,,,,,,,,973.8,,0.7,,0,0,0,0,0,0,0,,,,
KLO,2010,8,21,22,17.3,,,,,,,,973.7,,1,,0,0,0,0,0,0,0,,,,
KLO,2010,8,21,23,16.7,,,,,,,,973.6,,0.9,,0,0,0,0,0,0,0,,,,
KLO,2010,8,22,0,16.2,,,,,,,,973.3,,0.8,,0,0,0,0,0,0,0,,,,
KLO,2010,8,22,1,15.6,,,,,,,,972.9,,0.5,,0,0,0,0,0,0,0,,,,
KLO,2010,8,22,2,15,,,,,,,,972.4,,0.4,,0,0,0,0,0,0,0,,,,
KLO,2010,8,22,3,14.8,,,,,,,,972,,0.7,,0,0,0,0,0,0,0,,,,
KLO,2010,8,22,4,14.4,,,,,,,,971.9,,1.5,,1,0,0,0,0,0,0,,,,
KLO,2010,8,22,5,15,,,,,,,,971.8,,0.5,,42,0,0,0,0,0,0,,,,
KLO,2010,8,22,6,16.9,,,,,,,,971.8,,1.1,,184,0,0,0,0,0,0,,,,
KLO,2010,8,22,7,19.3,,,,,,,,971.4,,0.5,,381,4469.9,62.9,0,0,0,0,,,,
KLO,2010,8,22,8,22.1,,,,,,,,970.8,,1,,547,1891.3,90.3,0,0,0,0,,,,
KLO,2010,8,22,9,23.8,,,,,,,,970.4,,0.8,,682,1397.7,112.5,0,0,0,0,,,,
KLO,2010,8,22,10,25.5,,,,,,,,970.1,,1.7,,776,1165,128,0,0,0,0,,,,
KLO,2010,8,22,11,26.9,,,,,,,,969.4,,1.4,,827,1019.3,136.5,0,0,0,0,,,,
KLO,2010,8,22,12,28.3,,,,,,,,968.7,,2.6,,821,898.7,135.5,0,0,0,0,,,,
KLO,2010,8,22,13,28.9,,,,,,,,968.1,,2.4,,770,743.2,170.6,0,0,0,0,,,,
KLO,2010,8,22,14,29.1,,,,,,,,967.3,,2.6,,571,288.9,338.3,0,0,0,0,,,,
KLO,2010,8,22,15,28.7,,,,,,,,966.5,,1.6,,397,77.2,338.3,0,0,0,0,,,,
KLO,2010,8,22,16,27.9,,,,,,,,965.9,,1.9,,211,7.1,206.2,0,0,0,0,,,,
KLO,2010,8,22,17,25.9,,,,,,,,965.9,,2.4,,82,1.5,81.2,0,0,0,0,,,,
KLO,2010,8,22,18,24.2,,,,,,,,966.4,,2.7,,11,0.1,11,0,0,0,0,,,,
KLO,2010,8,22,19,23.5,,,,,,,,966.6,,1.2,,0,0,0,0,0,0,0,,,,
KLO,2010,8,22,20,22.3,,,,,,,,966.3,,0.8,,0,0,0,0,0,0,0,,,,
KLO,2010,8,22,21,21.2,,,,,,,,965.9,,1.4,,0,0,0,0,0,0,0,,,,
KLO,2010,8,22,22,19.2,,,,,,,,965.6,,1,,0,0,0,0,0,0,0,,,,
KLO,2010,8,22,23,18.9,,,,,,,,965.4,,0.6,,0,0,0,0,0,0,0,,,,
KLO,2010,8,23,0,19.3,,,,,,,,964.6,,0.6,,0,0,0,0,0,0,0,,,,
KLO,2010,8,23,1,18.7,,,,,,,,963.4,,0.8,,0,0,0,0,0,0,0,,,,
KLO,2010,8,23,2,17.9,,,,,,,,962.6,,1.5,,0,0,0,0,0,0,0,,,,
KLO,2010,8,23,3,18,,,,,,,,962.2,,0.9,,0,0,0,0,0,0,0,,,,
KLO,2010,8,23,4,17.7,,,,,,,,961.9,,2,,1,0,0,0,0,0,0,,,,
KLO,2010,8,23,5,18.3,,,,,,,,961.9,,1.2,,19,0,0,0,0,0,0,,,,
KLO,2010,8,23,6,19.3,,,,,,,,962,,1.3,,54,0,0,0,0,0,0,,,,
KLO,2010,8,23,7,21.4,,,,,,,,962.7,,2.4,,192,2368.4,31.7,0,0,0,0,,,,
KLO,2010,8,23,8,22.3,,,,,,,,963.2,,1.9,,306,1073.1,50.5,0,0,0,0,,,,
KLO,2010,8,23,9,22,,,,,,,,963.4,,2,,239,135.9,184.1,0,0,0,0,,,,
KLO,2010,8,23,10,21.1,,,,,,,,962.9,,1.9,,186,9.1,181,0,0,0,0,,,,
KLO,2010,8,23,11,21.4,,,,,,,,962,,1.4,,153,3.5,150.7,0,0,0,0,,,,
KLO,2010,8,23,12,21.7,,,,,,,,961.1,,2.8,,102,1.2,101.1,0,0,0,0,,,,
KLO,2010,8,23,13,22.1,,,,,,,,960.4,,1.6,,176,3.2,173.4,0,0,0,0,,,,
KLO,2010,8,23,14,22.9,,,,,,,,959.6,,1.1,,202,4.3,198.6,0,0,0,0,,,,
KLO,2010,8,23,15,22.7,,,,,,,,959.6,,1.4,,173,3.5,170.3,0,0,0,0,,,,
KLO,2010,8,23,16,23,,,,,,,,959.5,,1.7,,136,2.8,134.1,0,0,0,0,,,,
KLO,2010,8,23,17,22.7,,,,,,,,959.1,,2,,91,1.9,90,0,0,0,0,,,,
KLO,2010,8,23,18,21.4,,,,,,,,959.4,,1.5,,15,0.1,15,0,0,0,0,,,,
KLO,2010,8,23,19,20.6,,,,,,,,959.6,,0.8,,0,0,0,0,0,0,0,,,,
KLO,2010,8,23,20,19.9,,,,,,,,960.1,,1.8,,0,0,0,0,0,0,0,,,,
KLO,2010,8,23,21,20.3,,,,,,,,960.4,,1.6,,0,0,0,0,0,0,0,,,,
KLO,2010,8,23,22,19.9,,,,,,,,960.8,,2.3,,0,0,0,0,0,0,0,,,,
KLO,2010,8,23,23,18.9,,,,,,,,961.6,,1.9,,0,0,0,0,0,0,0,,,,
KLO,2010,8,24,0,18.8,,,,,,,,961.8,,1.2,,0,0,0,0,0,0,0,,,,
KLO,2010,8,24,1,18.5,,,,,,,,961.7,,1.5,,0,0,0,0,0,0,0,,,,
KLO,2010,8,24,2,18.1,,,,,,,,961.5,,1.4,,0,0,0,0,0,0,0,,,,
KLO,2010,8,24,3,18,,,,,,,,961.2,,1.3,,0,0,0,0,0,0,0,,,,
KLO,2010,8,24,4,18.2,,,,,,,,961.3,,1.4,,0,0,0,0,0,0,0,,,,
KLO,2010,8,24,5,18.5,,,,,,,,961.3,,1.7,,35,0,0,0,0,0,0,,,,
KLO,2010,8,24,6,19.6,,,,,,,,961.2,,1.8,,197,0,0,0,0,0,0,,,,
KLO,2010,8,24,7,20,,,,,,,,961.4,,2.4,,107,1391.7,17.7,0,0,0,0,,,,
KLO,2010,8,24,8,20.8,,,,,,,,961.7,,2.4,,262,932.1,43.2,0,0,0,0,,,,
KLO,2010,8,24,9,22.2,,,,,,,,962.2,,4.3,,515,1072.6,85,0,0,0,0,,,,
KLO,2010,8,24,10,22.6,,,,,,,,962.4,,2.9,,617,937,101.8,0,0,0,0,,,,
KLO,2010,8,24,11,22.3,,,,,,,,962.1,,2.9,,376,106.5,304.5,0,0,0,0,,,,
KLO,2010,8,24,12,20.8,,,,,,,,962.8,,3.6,,215,5.4,210.9,0,0,0,0,,,,
KLO,2010,8,24,13,19.8,,,,,,,,963.7,,6.1,,225,5.3,220.7,0,0,0,0,,,,
KLO,2010,8,24,14,19.5,,,,,,,,964.7,,7.7,,464,125.8,363.6,0,0,0,0,,,,
KLO,2010,8,24,15,19.2,,,,,,,,965.5,,7.7,,509,240.2,328.4,0,0,0,0,,,,
KLO,2010,8,24,16,18.2,,,,,,,,966.3,,5.9,,311,45.1,281,0,0,0,0,,,,
KLO,2010,8,24,17,17.8,,,,,,,,966.7,,4.5,,163,6.3,159.6,0,0,0,0,,,,
KLO,2010,8,24,18,16.5,,,,,,,,967.1,,1.5,,14,0.1,14,0,0,0,0,,,,
KLO,2010,8,24,19,15.6,,,,,,,,967.9,,1.9,,0,0,0,0,0,0,0,,,,
KLO,2010,8,24,20,15.6,,,,,,,,968.6,,1.8,,0,0,0,0,0,0,0,,,,
KLO,2010,8,24,21,15.6,,,,,,,,969.1,,1.2,,0,0,0,0,0,0,0,,,,
KLO,2010,8,24,22,14,,,,,,,,969.4,,1,,0,0,0,0,0,0,0,,,,
KLO,2010,8,24,23,13.5,,,,,,,,969.6,,0.6,,0,0,0,0,0,0,0,,,,
KLO,2010,8,25,0,13.9,,,,,,,,969.8,,0.5,,0,0,0,0,0,0,0,,,,
KLO,2010,8,25,1,14,,,,,,,,969.8,,0.4,,0,0,0,0,0,0,0,,,,
KLO,2010,8,25,2,13.6,,,,,,,,969.7,,0.7,,0,0,0,0,0,0,0,,,,
KLO,2010,8,25,3,13,,,,,,,,969.6,,0.5,,0,0,0,0,0,0,0,,,,
KLO,2010,8,25,4,12,,,,,,,,969.6,,0.9,,0,0,0,0,0,0,0,,,,
KLO,2010,8,25,5,11.9,,,,,,,,969.9,,1.1,,38,0,0,0,0,0,0,,,,
KLO,2010,8,25,6,13.9,,,,,,,,970,,1.2,,190,0,0,0,0,0,0,,,,
KLO,2010,8,25,7,15.1,,,,,,,,969.9,,1.1,,302,4154.3,49.8,0,0,0,0,,,,
KLO,2010,8,25,8,16.6,,,,,,,,969.9,,0.8,,475,1714.9,78.4,0,0,0,0,,,,
KLO,2010,8,25,9,17.8,,,,,,,,970,,1.2,,664,1394.4,109.6,0,0,0,0,,,,
KLO,2010,8,25,10,19.1,,,,,,,,969.8,,1.1,,768,1173.2,126.7,0,0,0,0,,,,
KLO,2010,8,25,11,20.4,,,,,,,,969.5,,1.1,,848,1060.3,139.9,0,0,0,0,,,,
KLO,2010,8,25,12,21.2,,,,,,,,969.2,,0.8,,654,578.6,218.3,0,0,0,0,,,,
KLO,2010,8,25,13,21.9,,,,,,,,968.8,,1.4,,737,688.9,188.5,0,0,0,0,,,,
KLO,2010,8,25,14,22.5,,,,,,,,968.5,,1.4,,647,473.1,271.1,0,0,0,0,,,,
KLO,2010,8,25,15,22.4,,,,,,,,968.2,,1.1,,360,51.6,321.4,0,0,0,0,,,,
KLO,2010,8,25,16,22.7,,,,,,,,968,,2.1,,323,56,286,0,0,0,0,,,,
KLO,2010,8,25,17,21.2,,,,,,,,967.8,,2,,79,1.5,78.2,0,0,0,0,,,,
KLO,2010,8,25,18,19.8,,,,,,,,968,,1.8,,8,0,8,0,0,0,0,,,,
KLO,2010,8,25,19,18.3,,,,,,,,968.5,,0.9,,0,0,0,0,0,0,0,,,,
KLO,2010,8,25,20,17.1,,,,,,,,968.6,,0.5,,0,0,0,0,0,0,0,,,,
KLO,2010,8,25,21,17,,,,,,,,968.5,,0.4,,0,0,0,0,0,0,0,,,,
KLO,2010,8,25,22,15.8,,,,,,,,968.8,,0.3,,0,0,0,0,0,0,0,,,,
KLO,2010,8,25,23,15,,,,,,,,969.1,,1.9,,0,0,0,0,0,0,0,,,,
KLO,2010,8,26,0,15.2,,,,,,,,968.8,,1.4,,0,0,0,0,0,0,0,,,,
KLO,2010,8,26,1,15.3,,,,,,,,968.6,,1.7,,0,0,0,0,0,0,0,,,,
KLO,2010,8,26,2,15.3,,,,,,,,968.4,,1.6,,0,0,0,0,0,0,0,,,,
KLO,2010,8,26,3,14.5,,,,,,,,968,,1.4,,0,0,0,0,0,0,0,,,,
KLO,2010,8,26,4,14.3,,,,,,,,967.8,,1.2,,0,0,0,0,0,0,0,,,,
KLO,2010,8,26,5,15.2,,,,,,,,967.7,,1.1,,47,0,0,0,0,0,0,,,,
KLO,2010,8,26,6,17.9,,,,,,,,967.5,,1.4,,174,0,0,0,0,0,0,,,,
KLO,2010,8,26,7,20,,,,,,,,967.1,,1.4,,285,4160.6,47,0,0,0,0,,,,
KLO,2010,8,26,8,22.2,,,,,,,,966.9,,2.7,,538,1971.8,88.8,0,0,0,0,,,,
KLO,2010,8,26,9,24.2,,,,,,,,966.7,,3.9,,675,1429.5,111.4,0,0,0,0,,,,
KLO,2010,8,26,10,25.5,,,,,,,,966.4,,2.7,,765,1175.7,126.2,0,0,0,0,,,,
KLO,2010,8,26,11,26.6,,,,,,,,965.8,,2.6,,798,1002.7,131.7,0,0,0,0,,,,
KLO,2010,8,26,12,28.1,,,,,,,,965,,2.4,,741,797.8,143,0,0,0,0,,,,
KLO,2010,8,26,13,29.2,,,,,,,,964.3,,3.9,,666,522.6,251.7,0,0,0,0,,,,
KLO,2010,8,26,14,29.8,,,,,,,,963.5,,3.5,,644,472.8,270.1,0,0,0,0,,,,
KLO,2010,8,26,15,29.6,,,,,,,,962.4,,3,,429,120.9,339,0,0,0,0,,,,
KLO,2010,8,26,16,29.2,,,,,,,,961.6,,1.6,,306,44.2,277,0,0,0,0,,,,
KLO,2010,8,26,17,26.4,,,,,,,,960.9,,2.1,,65,1,64.5,0,0,0,0,,,,
KLO,2010,8,26,18,24.2,,,,,,,,960.7,,1.7,,5,0,5,0,0,0,0,,,,
KLO,2010,8,26,19,22.6,,,,,,,,960.1,,2.9,,0,0,0,0,0,0,0,,,,
KLO,2010,8,26,20,22.6,,,,,,,,959.3,,3.1,,0,0,0,0,0,0,0,,,,
KLO,2010,8,26,21,22.7,,,,,,,,959,,2.2,,0,0,0,0,0,0,0,,,,
KLO,2010,8,26,22,22.5,,,,,,,,958.9,,2.6,,0,0,0,0,0,0,0,,,,
KLO,2010,8,26,23,23.4,,,,,,,,959,,4.5,,0,0,0,0,0,0,0,,,,
KLO,2010,8,27,0,23.8,,,,,,,,959.8,,3.7,,0,0,0,0,0,0,0,,,,
KLO,2010,8,27,1,21.7,,,,,,,,960,,2.9,,0,0,0,0,0,0,0,,,,
KLO,2010,8,27,2,22.2,,,,,,,,960,,3.1,,0,0,0,0,0,0,0,,,,
KLO,2010,8,27,3,22.5,,,,,,,,959.9,,4.8,,0,0,0,0,0,0,0,,,,
KLO,2010,8,27,4,22,,,,,,,,959.9,,5.6,,0,0,0,0,0,0,0,,,,
KLO,2010,8,27,5,21.1,,,,,,,,960.4,,5.5,,0,0,0,0,0,0,0,,,,
KLO,2010,8,27,6,18.8,,,,,,,,961.5,,2.8,,7,0,0,0,0,0,0,,,,
KLO,2010,8,27,7,18.2,,,,,,,,962,,3,,35,106.8,29.3,0,0,0,0,,,,
KLO,2010,8,27,8,18.1,,,,,,,,962.4,,3.4,,59,4.7,58,0,0,0,0,,,,
KLO,2010,8,27,9,17.7,,,,,,,,962.9,,5.2,,104,4.8,102.1,0,0,0,0,,,,
KLO,2010,8,27,10,18.1,,,,,,,,962.6,,3.6,,342,181.9,243.8,0,0,0,0,,,,
KLO,2010,8,27,11,21,,,,,,,,961.6,,5.2,,834,1053.2,137.6,0,0,0,0,,,,
KLO,2010,8,27,12,22.3,,,,,,,,960.8,,4.8,,729,779,147.7,0,0,0,0,,,,
KLO,2010,8,27,13,22.7,,,,,,,,960.2,,4.5,,537,244.5,344.1,0,0,0,0,,,,
KLO,2010,8,27,14,23.5,,,,,,,,959.7,,3.6,,550,271.6,336.2,0,0,0,0,,,,
KLO,2010,8,27,15,21.1,,,,,,,,959.7,,3.5,,116,1.7,114.8,0,0,0,0,,,,
KLO,2010,8,27,16,20.5,,,,,,,,959.4,,2.9,,154,3.8,151.5,0,0,0,0,,,,
KLO,2010,8,27,17,20.2,,,,,,,,959.4,,3.1,,21,0.1,20.9,0,0,0,0,,,,
KLO,2010,8,27,18,20.2,,,,,,,,960,,4.8,,0,0,0,0,0,0,0,,,,
KLO,2010,8,27,19,18.8,,,,,,,,960.9,,3.5,,0,0,0,0,0,0,0,,,,
KLO,2010,8,27,20,17.1,,,,,,,,960.9,,2.2,,0,0,0,0,0,0,0,,,,
KLO,2010,8,27,21,16.8,,,,,,,,961,,3.3,,0,0,0,0,0,0,0,,,,
KLO,2010,8,27,22,16.8,,,,,,,,961.1,,2.3,,0,0,0,0,0,0,0,,,,
KLO,2010,8,27,23,16.8,,,,,,,,961.6,,2.3,,0,0,0,0,0,0,0,,,,
KLO,2010,8,28,0,17.1,,,,,,,,962.3,,3.3,,0,0,0,0,0,0,0,,,,
KLO,2010,8,28,1,16.9,,,,,,,,962.7,,2.5,,0,0,0,0,0,0,0,,,,
KLO,2010,8,28,2,16.6,,,,,,,,962.6,,1.9,,0,0,0,0,0,0,0,,,,
KLO,2010,8,28,3,16.8,,,,,,,,962.7,,1.7,,0,0,0,0,0,0,0,,,,
KLO,2010,8,28,4,16.3,,,,,,,,962.9,,3.6,,0,0,0,0,0,0,0,,,,
KLO,2010,8,28,5,14.9,,,,,,,,964,,3.4,,4,0,0,0,0,0,0,,,,
KLO,2010,8,28,6,14.4,,,,,,,,965.2,,3.4,,58,0,0,0,0,0,0,,,,
KLO,2010,8,28,7,14.6,,,,,,,,966.1,,2.1,,104,0,0,0,0,0,0,,,,
KLO,2010,8,28,8,14.9,,,,,,,,966.9,,2.1,,120,91.8,99.7,0,0,0,0,,,,
KLO,2010,8,28,9,14.7,,,,,,,,967.8,,3.2,,90,3.6,88.6,0,0,0,0,,,,
KLO,2010,8,28,10,14.7,,,,,,,,968.4,,3.5,,129,3.9,126.9,0,0,0,0,,,,
KLO,2010,8,28,11,14.9,,,,,,,,968.8,,3.5,,212,7.7,206.9,0,0,0,0,,,,
KLO,2010,8,28,12,14.9,,,,,,,,969.2,,3.2,,133,2.2,131.4,0,0,0,0,,,,
KLO,2010,8,28,13,15.1,,,,,,,,969.4,,2,,167,3,164.6,0,0,0,0,,,,
KLO,2010,8,28,14,14.7,,,,,,,,969.3,,2.1,,115,1.5,113.9,0,0,0,0,,,,
KLO,2010,8,28,15,14.6,,,,,,,,969.5,,2.2,,110,1.5,108.9,0,0,0,0,,,,
KLO,2010,8,28,16,14.8,,,,,,,,969.4,,1.8,,157,4,154.4,0,0,0,0,,,,
KLO,2010,8,28,17,14.7,,,,,,,,969.5,,2.6,,136,4.6,133.6,0,0,0,0,,,,
KLO,2010,8,28,18,12.9,,,,,,,,970.1,,2.3,,10,0,10,0,0,0,0,,,,
KLO,2010,8,28,19,11.6,,,,,,,,970.6,,1.3,,0,0,0,0,0,0,0,,,,
KLO,2010,8,28,20,11.6,,,,,,,,971,,0.8,,0,0,0,0,0,0,0,,,,
KLO,2010,8,28,21,12,,,,,,,,971.1,,1,,0,0,0,0,0,0,0,,,,
KLO,2010,8,28,22,11.6,,,,,,,,971.1,,1,,0,0,0,0,0,0,0,,,,
KLO,2010,8,28,23,10.9,,,,,,,,970.8,,0.7,,0,0,0,0,0,0,0,,,,
KLO,2010,8,29,0,10.4,,,,,,,,970.5,,1.3,,0,0,0,0,0,0,0,,,,
KLO,2010,8,29,1,10.4,,,,,,,,970.1,,0.8,,0,0,0,0,0,0,0,,,,
KLO,2010,8,29,2,10.8,,,,,,,,970.1,,1.6,,0,0,0,0,0,0,0,,,,
KLO,2010,8,29,3,10.6,,,,,,,,970,,1.5,,0,0,0,0,0,0,0,,,,
KLO,2010,8,29,4,11,,,,,,,,969.8,,0.8,,0,0,0,0,0,0,0,,,,
KLO,2010,8,29,5,11.1,,,,,,,,969.9,,1,,17,0,0,0,0,0,0,,,,
KLO,2010,8,29,6,11.5,,,,,,,,969.9,,1.2,,146,0,0,0,0,0,0,,,,
KLO,2010,8,29,7,12.8,,,,,,,,969.8,,2.5,,345,0,0,0,0,0,0,,,,
KLO,2010,8,29,8,14.5,,,,,,,,969.7,,3.1,,511,1963.1,84.3,0,0,0,0,,,,
KLO,2010,8,29,9,15.2,,,,,,,,969.4,,2.9,,442,960.8,72.9,0,0,0,0,,,,
KLO,2010,8,29,10,16.2,,,,,,,,968.9,,3.1,,543,839.8,95.2,0,0,0,0,,,,
KLO,2010,8,29,11,15.5,,,,,,,,968.6,,3.1,,144,3.3,141.9,0,0,0,0,,,,
KLO,2010,8,29,12,16.3,,,,,,,,968.1,,2.8,,463,173.1,335.1,0,0,0,0,,,,
KLO,2010,8,29,13,17.2,,,,,,,,967.6,,3.7,,527,234.8,343.5,0,0,0,0,,,,
KLO,2010,8,29,14,16.7,,,,,,,,967,,3.7,,254,8,247.7,0,0,0,0,,,,
KLO,2010,8,29,15,16.7,,,,,,,,966.6,,3.4,,182,4.2,179,0,0,0,0,,,,
KLO,2010,8,29,16,16.1,,,,,,,,966.3,,3,,120,2.3,118.5,0,0,0,0,,,,
KLO,2010,8,29,17,15.4,,,,,,,,965.9,,2.5,,30,0.2,29.9,0,0,0,0,,,,
KLO,2010,8,29,18,15,,,,,,,,965.6,,2.5,,4,0,4,0,0,0,0,,,,
KLO,2010,8,29,19,14.2,,,,,,,,965.5,,2.4,,0,0,0,0,0,0,0,,,,
KLO,2010,8,29,20,13.9,,,,,,,,965.4,,2,,0,0,0,0,0,0,0,,,,
KLO,2010,8,29,21,13.2,,,,,,,,965.3,,2.8,,0,0,0,0,0,0,0,,,,
KLO,2010,8,29,22,12.9,,,,,,,,964.8,,3.5,,0,0,0,0,0,0,0,,,,
KLO,2010,8,29,23,12.5,,,,,,,,964.1,,2,,0,0,0,0,0,0,0,,,,
KLO,2010,8,30,0,12.7,,,,,,,,963.5,,2.8,,0,0,0,0,0,0,0,,,,
KLO,2010,8,30,1,11.6,,,,,,,,963.6,,5.7,,0,0,0,0,0,0,0,,,,
KLO,2010,8,30,2,11.1,,,,,,,,963.3,,5.6,,0,0,0,0,0,0,0,,,,
KLO,2010,8,30,3,10,,,,,,,,963.6,,4.4,,0,0,0,0,0,0,0,,,,
KLO,2010,8,30,4,9.8,,,,,,,,963.8,,2.7,,0,0,0,0,0,0,0,,,,
KLO,2010,8,30,5,9.7,,,,,,,,964.6,,2.9,,22,0,0,0,0,0,0,,,,
KLO,2010,8,30,6,10,,,,,,,,965.4,,2.9,,114,0,0,0,0,0,0,,,,
KLO,2010,8,30,7,11.1,,,,,,,,965.9,,5,,301,0,0,0,0,0,0,,,,
KLO,2010,8,30,8,11.7,,,,,,,,966.2,,5.9,,267,1042.7,44.1,0,0,0,0,,,,
KLO,2010,8,30,9,11.5,,,,,,,,966.4,,5.6,,84,3.3,82.8,0,0,0,0,,,,
KLO,2010,8,30,10,11,,,,,,,,966.6,,4.7,,212,20.2,201.3,0,0,0,0,,,,
KLO,2010,8,30,11,12.6,,,,,,,,966.3,,6.2,,389,140.9,297.3,0,0,0,0,,,,
KLO,2010,8,30,12,12.6,,,,,,,,966.4,,6.7,,303,23.4,285.8,0,0,0,0,,,,
KLO,2010,8,30,13,11.5,,,,,,,,966.7,,4.5,,109,1.3,108,0,0,0,0,,,,
KLO,2010,8,30,14,11.7,,,,,,,,966.7,,2.7,,71,0.6,70.6,0,0,0,0,,,,
KLO,2010,8,30,15,11.8,,,,,,,,966.9,,4,,43,0.2,42.8,0,0,0,0,,,,
KLO,2010,8,30,16,11.3,,,,,,,,967.3,,4.1,,38,0.2,37.8,0,0,0,0,,,,
KLO,2010,8,30,17,11.2,,,,,,,,967.4,,4.7,,25,0.2,24.9,0,0,0,0,,,,
KLO,2010,8,30,18,11.1,,,,,,,,967.7,,4,,3,0,3,0,0,0,0,,,,
KLO,2010,8,30,19,10.9,,,,,,,,968.2,,3.6,,0,0,0,0,0,0,0,,,,
KLO,2010,8,30,20,10.8,,,,,,,,968.3,,3.8,,0,0,0,0,0,0,0,,,,
KLO,2010,8,30,21,10.8,,,,,,,,968.5,,3.7,,0,0,0,0,0,0,0,,,,
KLO,2010,8,30,22,10.9,,,,,,,,968.6,,4.1,,0,0,0,0,0,0,0,,,,
KLO,2010,8,30,23,11,,,,,,,,969.2,,1.5,,0,0,0,0,0,0,0,,,,
KLO,2010,8,31,0,10.7,,,,,,,,969.6,,1.5,,0,0,0,0,0,0,0,,,,
KLO,2010,8,31,1,10.8,,,,,,,,970,,0.7,,0,0,0,0,0,0,0,,,,
KLO,2010,8,31,2,10.7,,,,,,,,970.2,,2,,0,0,0,0,0,0,0,,,,
KLO,2010,8,31,3,10.5,,,,,,,,970.1,,0.5,,0,0,0,0,0,0,0,,,,
KLO,2010,8,31,4,9.6,,,,,,,,970.4,,1.1,,0,0,0,0,0,0,0,,,,
KLO,2010,8,31,5,9.3,,,,,,,,971,,0.5,,16,0,0,0,0,0,0,,,,
KLO,2010,8,31,6,10.6,,,,,,,,971.6,,0.7,,121,0,0,0,0,0,0,,,,
KLO,2010,8,31,7,11.2,,,,,,,,971.9,,0.5,,156,0,0,0,0,0,0,,,,
KLO,2010,8,31,8,12.6,,,,,,,,972.3,,1.6,,430,1707.6,71,0,0,0,0,,,,
KLO,2010,8,31,9,14,,,,,,,,972.4,,2.4,,531,1175.4,87.6,0,0,0,0,,,,
KLO,2010,8,31,10,14.8,,,,,,,,972.2,,2.1,,580,920,95.7,0,0,0,0,,,,
KLO,2010,8,31,11,14.8,,,,,,,,972,,2.2,,346,84.5,291.3,0,0,0,0,,,,
KLO,2010,8,31,12,16.2,,,,,,,,971.8,,2.3,,559,376.9,283.2,0,0,0,0,,,,
KLO,2010,8,31,13,16.8,,,,,,,,971.6,,1.7,,726,708.8,177.3,0,0,0,0,,,,
KLO,2010,8,31,14,16.6,,,,,,,,971.2,,1.1,,501,201.3,345.8,0,0,0,0,,,,
KLO,2010,8,31,15,16.3,,,,,,,,971,,2.4,,182,4.3,178.9,0,0,0,0,,,,
KLO,2010,8,31,16,15.3,,,,,,,,971,,2.9,,112,2.1,110.7,0,0,0,0,,,,
KLO,2010,8,31,17,14.5,,,,,,,,970.8,,2.4,,79,1.6,78.2,0,0,0,0,,,,
KLO,2010,8,31,18,12.9,,,,,,,,971,,1.5,,4,0,4,0,0,0,0,,,,
KLO,2010,8,31,19,11.1,,,,,,,,971.3,,1.3,,0,0,0,0,0,0,0,,,,
KLO,2010,8,31,20,9.6,,,,,,,,971.4,,0.5,,0,0,0,0,0,0,0,,,,
KLO,2010,8,31,21,8.9,,,,,,,,971.1,,0.9,,0,0,0,0,0,0,0,,,,
KLO,2010,8,31,22,7.6,,,,,,,,971,,0.9,,0,0,0,0,0,0,0,,,,
KLO,2010,8,31,23,7.9,,,,,,,,970.9,,1.5,,0,0,0,0,0,0,0,,,,
KLO,2010,9,1,0,6.9,,,,,,,,970.5,,1.9,,0,0,0,0,0,0,0,,,,
KLO,2010,9,1,1,6.6,,,,,,,,970,,1.2,,0,0,0,0,0,0,0,,,,
KLO,2010,9,1,2,6.3,,,,,,,,969.6,,1.3,,0,0,0,0,0,0,0,,,,
KLO,2010,9,1,3,6.1,,,,,,,,969.3,,1.8,,0,0,0,0,0,0,0,,,,
KLO,2010,9,1,4,6,,,,,,,,969.2,,1.1,,0,0,0,0,0,0,0,,,,
KLO,2010,9,1,5,8.3,,,,,,,,969.3,,1,,53,0,0,0,0,0,0,,,,
KLO,2010,9,1,6,9.4,,,,,,,,969.3,,1.2,,256,0,0,0,0,0,0,,,,
KLO,2010,9,1,7,10.4,,,,,,,,969.4,,3.2,,387,0,0,0,0,0,0,,,,
KLO,2010,9,1,8,12.5,,,,,,,,969.5,,5,,479,1935.1,79,0,0,0,0,,,,
KLO,2010,9,1,9,14.5,,,,,,,,969.3,,4.7,,581,1298.1,95.9,0,0,0,0,,,,
KLO,2010,9,1,10,16.2,,,,,,,,968.9,,6.4,,702,1120.9,115.8,0,0,0,0,,,,
KLO,2010,9,1,11,17.4,,,,,,,,968.5,,6.7,,777,1007.6,128.2,0,0,0,0,,,,
KLO,2010,9,1,12,18.1,,,,,,,,968,,6.4,,757,865.1,127,0,0,0,0,,,,
KLO,2010,9,1,13,18.7,,,,,,,,967.8,,6.6,,709,675.8,188.5,0,0,0,0,,,,
KLO,2010,9,1,14,19,,,,,,,,967.3,,6.3,,636,498.3,253.8,0,0,0,0,,,,
KLO,2010,9,1,15,19,,,,,,,,966.9,,6.3,,474,213.9,320.3,0,0,0,0,,,,
KLO,2010,9,1,16,18.3,,,,,,,,966.9,,5.3,,288,39.9,262.9,0,0,0,0,,,,
KLO,2010,9,1,17,17.2,,,,,,,,967.1,,4.2,,121,3.9,119,0,0,0,0,,,,
KLO,2010,9,1,18,15,,,,,,,,967.3,,2.4,,8,0,8,0,0,0,0,,,,
KLO,2010,9,1,19,11.8,,,,,,,,967.6,,0.5,,0,0,0,0,0,0,0,,,,
KLO,2010,9,1,20,11.5,,,,,,,,967.7,,1.6,,0,0,0,0,0,0,0,,,,
KLO,2010,9,1,21,11.7,,,,,,,,967.8,,1.5,,0,0,0,0,0,0,0,,,,
KLO,2010,9,1,22,10.3,,,,,,,,967.8,,2.3,,0,0,0,0,0,0,0,,,,
KLO,2010,9,1,23,10,,,,,,,,967.6,,2.9,,0,0,0,0,0,0,0,,,,
KLO,2010,9,2,0,9.4,,,,,,,,967.3,,2.4,,0,0,0,0,0,0,0,,,,
KLO,2010,9,2,1,8.9,,,,,,,,967.2,,2.1,,0,0,0,0,0,0,0,,,,
KLO,2010,9,2,2,8.8,,,,,,,,967.1,,2.7,,0,0,0,0,0,0,0,,,,
KLO,2010,9,2,3,8.1,,,,,,,,967,,2.1,,0,0,0,0,0,0,0,,,,
KLO,2010,9,2,4,7.4,,,,,,,,967.1,,2.5,,0,0,0,0,0,0,0,,,,
KLO,2010,9,2,5,7.7,,,,,,,,967.2,,2.8,,44,0,0,0,0,0,0,,,,
KLO,2010,9,2,6,10.4,,,,,,,,967.5,,1.9,,203,0,0,0,0,0,0,,,,
KLO,2010,9,2,7,11.9,,,,,,,,967.7,,2.1,,356,0,0,0,0,0,0,,,,
KLO,2010,9,2,8,13.5,,,,,,,,967.9,,3.5,,449,1846.1,74.1,0,0,0,0,,,,
KLO,2010,9,2,9,15.3,,,,,,,,967.7,,3.6,,572,1290.2,94.4,0,0,0,0,,,,
KLO,2010,9,2,10,16.6,,,,,,,,967.4,,2.9,,638,1025.6,105.3,0,0,0,0,,,,
KLO,2010,9,2,11,18.2,,,,,,,,967.2,,2.9,,640,812.2,119.9,0,0,0,0,,,,
KLO,2010,9,2,12,19.3,,,,,,,,966.9,,4.1,,660,657,184,0,0,0,0,,,,
KLO,2010,9,2,13,20.1,,,,,,,,966.6,,3.6,,626,474,262.8,0,0,0,0,,,,
KLO,2010,9,2,14,20.6,,,,,,,,966.4,,3.4,,576,360.9,300.7,0,0,0,0,,,,
KLO,2010,9,2,15,20.2,,,,,,,,966.3,,3,,361,64.6,314.9,0,0,0,0,,,,
KLO,2010,9,2,16,19.5,,,,,,,,966.4,,2.5,,174,5.2,170.7,0,0,0,0,,,,
KLO,2010,9,2,17,18.3,,,,,,,,966.4,,1.3,,62,1,61.5,0,0,0,0,,,,
KLO,2010,9,2,18,16.1,,,,,,,,966.9,,1.1,,5,0,5,0,0,0,0,,,,
KLO,2010,9,2,19,13.5,,,,,,,,967.4,,1.6,,0,0,0,0,0,0,0,,,,
KLO,2010,9,2,20,12,,,,,,,,967.6,,1.3,,0,0,0,0,0,0,0,,,,
KLO,2010,9,2,21,11.7,,,,,,,,967.7,,1.1,,0,0,0,0,0,0,0,,,,
KLO,2010,9,2,22,10.8,,,,,,,,967.8,,1.5,,0,0,0,0,0,0,0,,,,
KLO,2010,9,2,23,11.3,,,,,,,,967.8,,0.8,,0,0,0,0,0,0,0,,,,
KLO,2010,9,3,0,11.4,,,,,,,,967.9,,1.6,,0,0,0,0,0,0,0,,,,
KLO,2010,9,3,1,11.7,,,,,,,,967.7,,0.9,,0,0,0,0,0,0,0,,,,
KLO,2010,9,3,2,11.1,,,,,,,,967.9,,1.6,,0,0,0,0,0,0,0,,,,
KLO,2010,9,3,3,10.5,,,,,,,,967.7,,1.5,,0,0,0,0,0,0,0,,,,
KLO,2010,9,3,4,10.7,,,,,,,,967.9,,0.6,,0,0,0,0,0,0,0,,,,
KLO,2010,9,3,5,9.9,,,,,,,,968.2,,0.9,,18,0,0,0,0,0,0,,,,
KLO,2010,9,3,6,11,,,,,,,,968.6,,1.2,,70,0,0,0,0,0,0,,,,
KLO,2010,9,3,7,13.1,,,,,,,,968.8,,1.5,,186,0,0,0,0,0,0,,,,
KLO,2010,9,3,8,14.9,,,,,,,,968.9,,2,,367,1536.3,60.6,0,0,0,0,,,,
KLO,2010,9,3,9,17.2,,,,,,,,968.8,,2.3,,642,1462.2,105.9,0,0,0,0,,,,
KLO,2010,9,3,10,18.5,,,,,,,,968.6,,2.4,,739,1196.2,121.9,0,0,0,0,,,,
KLO,2010,9,3,11,20.1,,,,,,,,968.3,,2.4,,782,1025.6,129,0,0,0,0,,,,
KLO,2010,9,3,12,21.2,,,,,,,,967.9,,2.8,,773,895.4,127.6,0,0,0,0,,,,
KLO,2010,9,3,13,21.5,,,,,,,,967.5,,2.4,,713,702.6,177.4,0,0,0,0,,,,
KLO,2010,9,3,14,22.1,,,,,,,,967.2,,3,,601,427.2,276.9,0,0,0,0,,,,
KLO,2010,9,3,15,21.9,,,,,,,,967,,2.5,,432,151.9,324.2,0,0,0,0,,,,
KLO,2010,9,3,16,21.5,,,,,,,,966.9,,2,,270,31,250.8,0,0,0,0,,,,
KLO,2010,9,3,17,20.5,,,,,,,,966.9,,2.2,,97,2.6,95.7,0,0,0,0,,,,
KLO,2010,9,3,18,18.1,,,,,,,,967,,1.3,,4,0,4,0,0,0,0,,,,
KLO,2010,9,3,19,15,,,,,,,,967.6,,1,,0,0,0,0,0,0,0,,,,
KLO,2010,9,3,20,13.8,,,,,,,,967.7,,0.6,,0,0,0,0,0,0,0,,,,
KLO,2010,9,3,21,13.4,,,,,,,,967.9,,1.8,,0,0,0,0,0,0,0,,,,
KLO,2010,9,3,22,12.9,,,,,,,,968,,1.1,,0,0,0,0,0,0,0,,,,
KLO,2010,9,3,23,12.2,,,,,,,,967.9,,0.5,,0,0,0,0,0,0,0,,,,
KLO,2010,9,4,0,11.3,,,,,,,,967.7,,0.4,,0,0,0,0,0,0,0,,,,
KLO,2010,9,4,1,10.7,,,,,,,,967.5,,0.6,,0,0,0,0,0,0,0,,,,
KLO,2010,9,4,2,10.2,,,,,,,,967.3,,0.6,,0,0,0,0,0,0,0,,,,
KLO,2010,9,4,3,10,,,,,,,,967.4,,0.4,,0,0,0,0,0,0,0,,,,
KLO,2010,9,4,4,9.8,,,,,,,,967.4,,0.6,,0,0,0,0,0,0,0,,,,
KLO,2010,9,4,5,10.5,,,,,,,,967.8,,0.7,,20,0,0,0,0,0,0,,,,
KLO,2010,9,4,6,11.6,,,,,,,,968.2,,1,,105,0,0,0,0,0,0,,,,
KLO,2010,9,4,7,13.1,,,,,,,,968.5,,1.2,,210,0,0,0,0,0,0,,,,
KLO,2010,9,4,8,14.7,,,,,,,,968.8,,0.5,,481,2050.9,79.4,0,0,0,0,,,,
KLO,2010,9,4,9,17.5,,,,,,,,968.8,,0.6,,655,1506.5,108.1,0,0,0,0,,,,
KLO,2010,9,4,10,19.1,,,,,,,,968.6,,0.7,,666,1085.6,109.9,0,0,0,0,,,,
KLO,2010,9,4,11,19.9,,,,,,,,968.3,,1.3,,721,951.1,119,0,0,0,0,,,,
KLO,2010,9,4,12,20.4,,,,,,,,968,,1.8,,705,786.3,141.3,0,0,0,0,,,,
KLO,2010,9,4,13,20.5,,,,,,,,968,,3.2,,486,188.9,342.7,0,0,0,0,,,,
KLO,2010,9,4,14,21.1,,,,,,,,967.8,,1.8,,585,396.2,286.2,0,0,0,0,,,,
KLO,2010,9,4,15,21,,,,,,,,967.9,,2.9,,390,98.6,320.5,0,0,0,0,,,,
KLO,2010,9,4,16,20.7,,,,,,,,968,,2.7,,268,31,248.9,0,0,0,0,,,,
KLO,2010,9,4,17,19.6,,,,,,,,968.1,,2.4,,90,2.3,88.9,0,0,0,0,,,,
KLO,2010,9,4,18,17.7,,,,,,,,968.5,,2.8,,2,0,2,0,0,0,0,,,,
KLO,2010,9,4,19,15.1,,,,,,,,969,,1.6,,0,0,0,0,0,0,0,,,,
KLO,2010,9,4,20,15.1,,,,,,,,969.3,,2.1,,0,0,0,0,0,0,0,,,,
KLO,2010,9,4,21,14.1,,,,,,,,969.2,,1.8,,0,0,0,0,0,0,0,,,,
KLO,2010,9,4,22,13.3,,,,,,,,969,,2.5,,0,0,0,0,0,0,0,,,,
KLO,2010,9,4,23,12.4,,,,,,,,968.9,,3.4,,0,0,0,0,0,0,0,,,,
KLO,2010,9,5,0,11.3,,,,,,,,968.7,,3,,0,0,0,0,0,0,0,,,,
KLO,2010,9,5,1,10.5,,,,,,,,968.7,,2.7,,0,0,0,0,0,0,0,,,,
KLO,2010,9,5,2,9.5,,,,,,,,968.8,,3.1,,0,0,0,0,0,0,0,,,,
KLO,2010,9,5,3,10,,,,,,,,968.6,,1.8,,0,0,0,0,0,0,0,,,,
KLO,2010,9,5,4,9.1,,,,,,,,968.5,,1.6,,0,0,0,0,0,0,0,,,,
KLO,2010,9,5,5,9.7,,,,,,,,968.7,,2.9,,24,0,0,0,0,0,0,,,,
KLO,2010,9,5,6,11.4,,,,,,,,969,,2.4,,166,0,0,0,0,0,0,,,,
KLO,2010,9,5,7,13,,,,,,,,969.1,,1.5,,327,0,0,0,0,0,0,,,,
KLO,2010,9,5,8,15,,,,,,,,969.1,,1.7,,518,2250.7,85.5,0,0,0,0,,,,
KLO,2010,9,5,9,16.7,,,,,,,,968.9,,3.7,,591,1373,97.5,0,0,0,0,,,,
KLO,2010,9,5,10,18.1,,,,,,,,968.4,,4.4,,706,1159,116.5,0,0,0,0,,,,
KLO,2010,9,5,11,19.5,,,,,,,,968.2,,4.1,,790,1048.3,130.3,0,0,0,0,,,,
KLO,2010,9,5,12,20,,,,,,,,968,,4.1,,617,566.4,213.2,0,0,0,0,,,,
KLO,2010,9,5,13,20.1,,,,,,,,967.9,,4,,552,320.3,310.5,0,0,0,0,,,,
KLO,2010,9,5,14,20.6,,,,,,,,967.8,,4.1,,524,268,323,0,0,0,0,,,,
KLO,2010,9,5,15,20.1,,,,,,,,967.7,,3.4,,379,88.8,316.8,0,0,0,0,,,,
KLO,2010,9,5,16,19.8,,,,,,,,967.6,,3.8,,302,58.5,266.4,0,0,0,0,,,,
KLO,2010,9,5,17,18.1,,,,,,,,967.7,,3.5,,54,0.8,53.6,0,0,0,0,,,,
KLO,2010,9,5,18,15.7,,,,,,,,967.9,,2.1,,3,0,3,0,0,0,0,,,,
KLO,2010,9,5,19,14.1,,,,,,,,968.4,,1.6,,0,0,0,0,0,0,0,,,,
KLO,2010,9,5,20,13.5,,,,,,,,968.4,,1.3,,0,0,0,0,0,0,0,,,,
KLO,2010,9,5,21,12.9,,,,,,,,968.3,,1.6,,0,0,0,0,0,0,0,,,,
KLO,2010,9,5,22,11.8,,,,,,,,967.9,,1.9,,0,0,0,0,0,0,0,,,,
KLO,2010,9,5,23,11.7,,,,,,,,967.8,,2.7,,0,0,0,0,0,0,0,,,,
KLO,2010,9,6,0,11.2,,,,,,,,967.7,,2.5,,0,0,0,0,0,0,0,,,,
KLO,2010,9,6,1,10.1,,,,,,,,967.5,,1.8,,0,0,0,0,0,0,0,,,,
KLO,2010,9,6,2,9.8,,,,,,,,967.3,,2.5,,0,0,0,0,0,0,0,,,,
KLO,2010,9,6,3,9.2,,,,,,,,967,,2.7,,0,0,0,0,0,0,0,,,,
KLO,2010,9,6,4,8.7,,,,,,,,966.9,,3.2,,0,0,0,0,0,0,0,,,,
KLO,2010,9,6,5,9.2,,,,,,,,966.8,,2.6,,29,0,0,0,0,0,0,,,,
KLO,2010,9,6,6,11.1,,,,,,,,966.9,,2.2,,165,0,0,0,0,0,0,,,,
KLO,2010,9,6,7,12.6,,,,,,,,966.6,,2.5,,347,0,0,0,0,0,0,,,,
KLO,2010,9,6,8,14.1,,,,,,,,966.5,,3.5,,513,2272.4,84.6,0,0,0,0,,,,
KLO,2010,9,6,9,15.4,,,,,,,,966.2,,5,,652,1530.2,107.6,0,0,0,0,,,,
KLO,2010,9,6,10,17.4,,,,,,,,965.5,,5.3,,738,1220.3,121.8,0,0,0,0,,,,
KLO,2010,9,6,11,18.9,,,,,,,,964.8,,5.9,,781,1042.5,128.9,0,0,0,0,,,,
KLO,2010,9,6,12,19.7,,,,,,,,964.1,,6.5,,733,857.5,124.9,0,0,0,0,,,,
KLO,2010,9,6,13,19.4,,,,,,,,963.4,,5.2,,470,171.1,341.6,0,0,0,0,,,,
KLO,2010,9,6,14,18.9,,,,,,,,962.7,,4.5,,230,6.6,225.1,0,0,0,0,,,,
KLO,2010,9,6,15,18.5,,,,,,,,962.3,,4.5,,174,4.2,171.1,0,0,0,0,,,,
KLO,2010,9,6,16,18.3,,,,,,,,962.1,,2.7,,142,3.7,139.8,0,0,0,0,,,,
KLO,2010,9,6,17,17.5,,,,,,,,961.8,,1.9,,42,0.5,41.8,0,0,0,0,,,,
KLO,2010,9,6,18,16.1,,,,,,,,961.9,,1.5,,1,0,1,0,0,0,0,,,,
KLO,2010,9,6,19,15.6,,,,,,,,962.3,,2,,0,0,0,0,0,0,0,,,,
KLO,2010,9,6,20,14.2,,,,,,,,961.9,,2.3,,0,0,0,0,0,0,0,,,,
KLO,2010,9,6,21,14,,,,,,,,961.9,,2.1,,0,0,0,0,0,0,0,,,,
KLO,2010,9,6,22,13.4,,,,,,,,961.5,,1.3,,0,0,0,0,0,0,0,,,,
KLO,2010,9,6,23,13.3,,,,,,,,961,,2.9,,0,0,0,0,0,0,0,,,,
KLO,2010,9,7,0,12.9,,,,,,,,960.3,,1.9,,0,0,0,0,0,0,0,,,,
KLO,2010,9,7,1,12.5,,,,,,,,959.6,,2.8,,0,0,0,0,0,0,0,,,,
KLO,2010,9,7,2,11.7,,,,,,,,959.4,,3.4,,0,0,0,0,0,0,0,,,,
KLO,2010,9,7,3,11.6,,,,,,,,958.3,,1.4,,0,0,0,0,0,0,0,,,,
KLO,2010,9,7,4,11.6,,,,,,,,958,,2.4,,0,0,0,0,0,0,0,,,,
KLO,2010,9,7,5,11.3,,,,,,,,957.9,,3.2,,4,0,0,0,0,0,0,,,,
KLO,2010,9,7,6,11.5,,,,,,,,958.9,,2.9,,36,0,0,0,0,0,0,,,,
KLO,2010,9,7,7,12.2,,,,,,,,958.6,,1.6,,57,0,0,0,0,0,0,,,,
KLO,2010,9,7,8,13.3,,,,,,,,958.7,,2,,214,966.9,35.3,0,0,0,0,,,,
KLO,2010,9,7,9,14.5,,,,,,,,958.6,,2.3,,193,94,159.9,0,0,0,0,,,,
KLO,2010,9,7,10,15,,,,,,,,958.1,,1.1,,134,4.8,131.6,0,0,0,0,,,,
KLO,2010,9,7,11,16.8,,,,,,,,957.6,,0.5,,482,394.1,237,0,0,0,0,,,,
KLO,2010,9,7,12,18,,,,,,,,957,,1.3,,395,103.9,321.7,0,0,0,0,,,,
KLO,2010,9,7,13,18.4,,,,,,,,956.5,,2.2,,244,8,238,0,0,0,0,,,,
KLO,2010,9,7,14,17.7,,,,,,,,956.3,,3.4,,134,2.2,132.4,0,0,0,0,,,,
KLO,2010,9,7,15,17.4,,,,,,,,956,,3.1,,115,1.9,113.7,0,0,0,0,,,,
KLO,2010,9,7,16,17.1,,,,,,,,955.9,,2.4,,65,0.8,64.5,0,0,0,0,,,,
KLO,2010,9,7,17,16.7,,,,,,,,955.4,,2.7,,20,0.1,19.9,0,0,0,0,,,,
KLO,2010,9,7,18,16.6,,,,,,,,955.3,,2.3,,0,0,0,0,0,0,0,,,,
KLO,2010,9,7,19,15.9,,,,,,,,955.5,,2.2,,0,0,0,0,0,0,0,,,,
KLO,2010,9,7,20,16.1,,,,,,,,955.8,,3.2,,0,0,0,0,0,0,0,,,,
KLO,2010,9,7,21,16.2,,,,,,,,955.5,,2.9,,0,0,0,0,0,0,0,,,,
KLO,2010,9,7,22,16.2,,,,,,,,955,,2.5,,0,0,0,0,0,0,0,,,,
KLO,2010,9,7,23,15.8,,,,,,,,954.6,,3.3,,0,0,0,0,0,0,0,,,,
KLO,2010,9,8,0,15.3,,,,,,,,953.8,,3,,0,0,0,0,0,0,0,,,,
KLO,2010,9,8,1,14.9,,,,,,,,953.7,,2.1,,0,0,0,0,0,0,0,,,,
KLO,2010,9,8,2,15,,,,,,,,953.7,,3.5,,0,0,0,0,0,0,0,,,,
KLO,2010,9,8,3,15,,,,,,,,954,,1.6,,0,0,0,0,0,0,0,,,,
KLO,2010,9,8,4,15,,,,,,,,953.9,,1.5,,0,0,0,0,0,0,0,,,,
KLO,2010,9,8,5,14.9,,,,,,,,954.2,,1.1,,1,0,0,0,0,0,0,,,,
KLO,2010,9,8,6,15,,,,,,,,955,,1,,22,0,0,0,0,0,0,,,,
KLO,2010,9,8,7,15.5,,,,,,,,955.3,,1,,86,0,0,0,0,0,0,,,,
KLO,2010,9,8,8,16.1,,,,,,,,955.9,,2,,94,72.5,80.9,0,0,0,0,,,,
KLO,2010,9,8,9,15.4,,,,,,,,956.5,,2.7,,155,33.9,143.2,0,0,0,0,,,,
KLO,2010,9,8,10,15.2,,,,,,,,956.9,,2,,113,3.5,111.3,0,0,0,0,,,,
KLO,2010,9,8,11,15,,,,,,,,957.3,,1.9,,140,3.4,137.9,0,0,0,0,,,,
KLO,2010,9,8,12,14.7,,,,,,,,957.6,,2.4,,85,1,84.3,0,0,0,0,,,,
KLO,2010,9,8,13,15.2,,,,,,,,957.7,,3,,173,3.6,170.3,0,0,0,0,,,,
KLO,2010,9,8,14,15.5,,,,,,,,957.9,,3.8,,171,3.6,168.3,0,0,0,0,,,,
KLO,2010,9,8,15,15.8,,,,,,,,958.5,,1.3,,118,2,116.6,0,0,0,0,,,,
KLO,2010,9,8,16,16.5,,,,,,,,959.2,,1.2,,193,7.8,188.3,0,0,0,0,,,,
KLO,2010,9,8,17,16.2,,,,,,,,960.2,,2.1,,64,1.3,63.4,0,0,0,0,,,,
KLO,2010,9,8,18,14.3,,,,,,,,961.4,,1.1,,4,0,4,0,0,0,0,,,,
KLO,2010,9,8,19,13.6,,,,,,,,962.4,,1.2,,0,0,0,0,0,0,0,,,,
KLO,2010,9,8,20,12.1,,,,,,,,962.9,,1.5,,0,0,0,0,0,0,0,,,,
KLO,2010,9,8,21,11.7,,,,,,,,963.2,,1.5,,0,0,0,0,0,0,0,,,,
KLO,2010,9,8,22,12.8,,,,,,,,963.3,,2.5,,0,0,0,0,0,0,0,,,,
KLO,2010,9,8,23,13,,,,,,,,963.6,,2.7,,0,0,0,0,0,0,0,,,,
KLO,2010,9,9,0,12.7,,,,,,,,963.9,,0.5,,0,0,0,0,0,0,0,,,,
KLO,2010,9,9,1,12.1,,,,,,,,963.9,,1.1,,0,0,0,0,0,0,0,,,,
KLO,2010,9,9,2,11.8,,,,,,,,964,,0.7,,0,0,0,0,0,0,0,,,,
KLO,2010,9,9,3,11.5,,,,,,,,964.3,,0.9,,0,0,0,0,0,0,0,,,,
KLO,2010,9,9,4,11.4,,,,,,,,964.4,,1,,0,0,0,0,0,0,0,,,,
KLO,2010,9,9,5,11.5,,,,,,,,964.7,,1.3,,22,0,0,0,0,0,0,,,,
KLO,2010,9,9,6,12.5,,,,,,,,965.1,,1.1,,100,0,0,0,0,0,0,,,,
KLO,2010,9,9,7,13.7,,,,,,,,965.8,,1,,171,0,0,0,0,0,0,,,,
KLO,2010,9,9,8,15.1,,,,,,,,966.6,,1.2,,393,1850.1,64.8,0,0,0,0,,,,
KLO,2010,9,9,9,16.3,,,,,,,,967,,1.4,,533,1291.1,87.9,0,0,0,0,,,,
KLO,2010,9,9,10,17.8,,,,,,,,967.2,,1.9,,752,1271.7,124.1,0,0,0,0,,,,
KLO,2010,9,9,11,17.9,,,,,,,,967.3,,2.8,,547,614.2,169.9,0,0,0,0,,,,
KLO,2010,9,9,12,18.2,,,,,,,,967.3,,2.7,,519,339.5,282.4,0,0,0,0,,,,
KLO,2010,9,9,13,18.7,,,,,,,,967.3,,3,,486,210.6,330.7,0,0,0,0,,,,
KLO,2010,9,9,14,18.6,,,,,,,,967.5,,3.2,,349,47.9,314,0,0,0,0,,,,
KLO,2010,9,9,15,18.2,,,,,,,,967.8,,3.2,,287,25.7,269.5,0,0,0,0,,,,
KLO,2010,9,9,16,17.1,,,,,,,,968.2,,1.5,,74,1.1,73.4,0,0,0,0,,,,
KLO,2010,9,9,17,16.5,,,,,,,,968.7,,1.1,,33,0.3,32.8,0,0,0,0,,,,
KLO,2010,9,9,18,14.9,,,,,,,,969.5,,0.7,,1,0,1,0,0,0,0,,,,
KLO,2010,9,9,19,13.9,,,,,,,,970.5,,0.8,,0,0,0,0,0,0,0,,,,
KLO,2010,9,9,20,13.2,,,,,,,,971,,0.6,,0,0,0,0,0,0,0,,,,
KLO,2010,9,9,21,12.7,,,,,,,,971.4,,1,,0,0,0,0,0,0,0,,,,
KLO,2010,9,9,22,12,,,,,,,,971.7,,0.5,,0,0,0,0,0,0,0,,,,
KLO,2010,9,9,23,12.7,,,,,,,,971.9,,0.8,,0,0,0,0,0,0,0,,,,
KLO,2010,9,10,0,12.4,,,,,,,,972.1,,1,,0,0,0,0,0,0,0,,,,
KLO,2010,9,10,1,13.1,,,,,,,,972.2,,1.4,,0,0,0,0,0,0,0,,,,
KLO,2010,9,10,2,13.4,,,,,,,,972.4,,1,,0,0,0,0,0,0,0,,,,
KLO,2010,9,10,3,13.3,,,,,,,,972.5,,1.5,,0,0,0,0,0,0,0,,,,
KLO,2010,9,10,4,13.1,,,,,,,,972.6,,0.9,,0,0,0,0,0,0,0,,,,
KLO,2010,9,10,5,13,,,,,,,,972.8,,0.9,,14,0,0,0,0,0,0,,,,
KLO,2010,9,10,6,13.8,,,,,,,,973.4,,1.2,,75,0,0,0,0,0,0,,,,
KLO,2010,9,10,7,14.6,,,,,,,,973.7,,1.3,,170,0,0,0,0,0,0,,,,
KLO,2010,9,10,8,15.6,,,,,,,,973.9,,1.4,,421,2024.6,69.5,0,0,0,0,,,,
KLO,2010,9,10,9,16.4,,,,,,,,973.7,,2,,467,1143.6,77.1,0,0,0,0,,,,
KLO,2010,9,10,10,17.9,,,,,,,,973.4,,1.1,,659,1123.1,108.7,0,0,0,0,,,,
KLO,2010,9,10,11,18.9,,,,,,,,973,,2,,669,915.7,110.4,0,0,0,0,,,,
KLO,2010,9,10,12,19,,,,,,,,972.9,,1,,462,220.3,309.3,0,0,0,0,,,,
KLO,2010,9,10,13,19.1,,,,,,,,972.6,,1.7,,399,90.5,332.7,0,0,0,0,,,,
KLO,2010,9,10,14,19,,,,,,,,972.4,,2.1,,249,9.6,242.1,0,0,0,0,,,,
KLO,2010,9,10,15,19.8,,,,,,,,972.1,,3,,383,108.6,309.6,0,0,0,0,,,,
KLO,2010,9,10,16,19.5,,,,,,,,972,,1.9,,235,20.4,223.1,0,0,0,0,,,,
KLO,2010,9,10,17,18.1,,,,,,,,971.9,,1.8,,65,1.4,64.4,0,0,0,0,,,,
KLO,2010,9,10,18,15.1,,,,,,,,972.3,,1,,1,0,1,0,0,0,0,,,,
KLO,2010,9,10,19,12.8,,,,,,,,972.8,,0.6,,0,0,0,0,0,0,0,,,,
KLO,2010,9,10,20,11.7,,,,,,,,972.9,,0.8,,0,0,0,0,0,0,0,,,,
KLO,2010,9,10,21,11.6,,,,,,,,973,,0.7,,0,0,0,0,0,0,0,,,,
KLO,2010,9,10,22,10.9,,,,,,,,972.8,,0.8,,0,0,0,0,0,0,0,,,,
KLO,2010,9,10,23,10.3,,,,,,,,972.5,,0.9,,0,0,0,0,0,0,0,,,,
KLO,2010,9,11,0,9.4,,,,,,,,972.2,,1.1,,0,0,0,0,0,0,0,,,,
KLO,2010,9,11,1,8.8,,,,,,,,971.9,,0.3,,0,0,0,0,0,0,0,,,,
KLO,2010,9,11,2,8.3,,,,,,,,971.7,,0.8,,0,0,0,0,0,0,0,,,,
KLO,2010,9,11,3,8.4,,,,,,,,971.5,,0.8,,0,0,0,0,0,0,0,,,,
KLO,2010,9,11,4,7.6,,,,,,,,971.3,,1.4,,0,0,0,0,0,0,0,,,,
KLO,2010,9,11,5,8.1,,,,,,,,971.5,,1.1,,12,0,0,0,0,0,0,,,,
KLO,2010,9,11,6,9.9,,,,,,,,971.6,,0.7,,67,0,0,0,0,0,0,,,,
KLO,2010,9,11,7,11.5,,,,,,,,971.5,,0.5,,130,0,0,0,0,0,0,,,,
KLO,2010,9,11,8,12.8,,,,,,,,971.7,,1.8,,300,1474.7,49.5,0,0,0,0,,,,
KLO,2010,9,11,9,15.2,,,,,,,,971.6,,1.9,,622,1540.2,102.6,0,0,0,0,,,,
KLO,2010,9,11,10,17.8,,,,,,,,971.2,,2.6,,704,1209.2,116.2,0,0,0,0,,,,
KLO,2010,9,11,11,19.4,,,,,,,,971,,4.5,,742,1022.2,122.4,0,0,0,0,,,,
KLO,2010,9,11,12,20.8,,,,,,,,970.6,,4.1,,729,883.6,120.4,0,0,0,0,,,,
KLO,2010,9,11,13,21.5,,,,,,,,970.1,,4.1,,668,663.4,184.7,0,0,0,0,,,,
KLO,2010,9,11,14,21.7,,,,,,,,969.6,,4,,546,357.3,287.8,0,0,0,0,,,,
KLO,2010,9,11,15,21.6,,,,,,,,969.5,,4.4,,404,142.3,308.5,0,0,0,0,,,,
KLO,2010,9,11,16,21,,,,,,,,969.2,,3.8,,229,18.7,218.2,0,0,0,0,,,,
KLO,2010,9,11,17,19.7,,,,,,,,969.2,,2.7,,59,1.1,58.5,0,0,0,0,,,,
KLO,2010,9,11,18,16.5,,,,,,,,969.3,,1.4,,0,0,0,0,0,0,0,,,,
KLO,2010,9,11,19,13.8,,,,,,,,969.6,,1,,0,0,0,0,0,0,0,,,,
KLO,2010,9,11,20,13,,,,,,,,969.6,,1.2,,0,0,0,0,0,0,0,,,,
KLO,2010,9,11,21,12.3,,,,,,,,969.6,,1.2,,0,0,0,0,0,0,0,,,,
KLO,2010,9,11,22,11.8,,,,,,,,969.5,,1,,0,0,0,0,0,0,0,,,,
KLO,2010,9,11,23,11.1,,,,,,,,969.3,,1.2,,0,0,0,0,0,0,0,,,,
KLO,2010,9,12,0,10.2,,,,,,,,969.2,,1.4,,0,0,0,0,0,0,0,,,,
KLO,2010,9,12,1,10,,,,,,,,969.1,,1.2,,0,0,0,0,0,0,0,,,,
KLO,2010,9,12,2,9.5,,,,,,,,969.1,,0.3,,0,0,0,0,0,0,0,,,,
KLO,2010,9,12,3,9,,,,,,,,969.2,,0.4,,0,0,0,0,0,0,0,,,,
KLO,2010,9,12,4,8.4,,,,,,,,969.2,,0.5,,0,0,0,0,0,0,0,,,,
KLO,2010,9,12,5,8.5,,,,,,,,969.5,,0.5,,27,0,0,0,0,0,0,,,,
KLO,2010,9,12,6,10.6,,,,,,,,969.9,,0.6,,141,0,0,0,0,0,0,,,,
KLO,2010,9,12,7,12.9,,,,,,,,969.9,,1,,287,0,0,0,0,0,0,,,,
KLO,2010,9,12,8,14.8,,,,,,,,970.1,,0.3,,401,2016,66.2,0,0,0,0,,,,
KLO,2010,9,12,9,16.9,,,,,,,,970,,0.7,,575,1440,94.9,0,0,0,0,,,,
KLO,2010,9,12,10,18.4,,,,,,,,969.6,,2,,543,940.1,89.6,0,0,0,0,,,,
KLO,2010,9,12,11,19.9,,,,,,,,969.3,,2.2,,682,945.8,112.5,0,0,0,0,,,,
KLO,2010,9,12,12,21.2,,,,,,,,969.1,,1.5,,730,890.8,120.2,0,0,0,0,,,,
KLO,2010,9,12,13,21.8,,,,,,,,968.8,,2.6,,468,193.1,328.2,0,0,0,0,,,,
KLO,2010,9,12,14,22.3,,,,,,,,968.5,,2.1,,517,298.1,303,0,0,0,0,,,,
KLO,2010,9,12,15,22.9,,,,,,,,968.2,,3.6,,370,98.8,304.2,0,0,0,0,,,,
KLO,2010,9,12,16,22.1,,,,,,,,968,,2.9,,190,8.4,185.2,0,0,0,0,,,,
KLO,2010,9,12,17,20.6,,,,,,,,967.8,,1.5,,46,0.7,45.7,0,0,0,0,,,,
KLO,2010,9,12,18,18.4,,,,,,,,968,,1.2,,0,0,0,0,0,0,0,,,,
KLO,2010,9,12,19,17.1,,,,,,,,969,,3.6,,0,0,0,0,0,0,0,,,,
KLO,2010,9,12,20,15.2,,,,,,,,971,,5,,0,0,0,0,0,0,0,,,,
KLO,2010,9,12,21,13.9,,,,,,,,972.5,,1.9,,0,0,0,0,0,0,0,,,,
KLO,2010,9,12,22,13.9,,,,,,,,973.5,,2.5,,0,0,0,0,0,0,0,,,,
KLO,2010,9,12,23,13.7,,,,,,,,973.4,,0.8,,0,0,0,0,0,0,0,,,,
KLO,2010,9,13,0,13.7,,,,,,,,973.5,,2,,0,0,0,0,0,0,0,,,,
KLO,2010,9,13,1,13.3,,,,,,,,973.6,,1.7,,0,0,0,0,0,0,0,,,,
KLO,2010,9,13,2,13.2,,,,,,,,973.7,,1.2,,0,0,0,0,0,0,0,,,,
KLO,2010,9,13,3,13,,,,,,,,973.7,,1.6,,0,0,0,0,0,0,0,,,,
KLO,2010,9,13,4,12.2,,,,,,,,974.3,,0.8,,0,0,0,0,0,0,0,,,,
KLO,2010,9,13,5,11.9,,,,,,,,975.1,,0.9,,14,0,0,0,0,0,0,,,,
KLO,2010,9,13,6,12.8,,,,,,,,975.4,,1.6,,64,0,0,0,0,0,0,,,,
KLO,2010,9,13,7,13,,,,,,,,975.6,,1.9,,145,0,0,0,0,0,0,,,,
KLO,2010,9,13,8,13.2,,,,,,,,976.2,,1.6,,185,951.8,30.5,0,0,0,0,,,,
KLO,2010,9,13,9,14,,,,,,,,976.6,,1.3,,346,874.7,57.7,0,0,0,0,,,,
KLO,2010,9,13,10,15,,,,,,,,976.6,,1.3,,521,909.4,86,0,0,0,0,,,,
KLO,2010,9,13,11,17,,,,,,,,976.3,,0.8,,705,984.3,116.3,0,0,0,0,,,,
KLO,2010,9,13,12,16.3,,,,,,,,976.2,,0.9,,209,6.5,204.6,0,0,0,0,,,,
KLO,2010,9,13,13,15.2,,,,,,,,976.5,,2,,73,0.7,72.5,0,0,0,0,,,,
KLO,2010,9,13,14,15.4,,,,,,,,976.6,,2.7,,296,23.6,279.2,0,0,0,0,,,,
KLO,2010,9,13,15,16.4,,,,,,,,976.6,,2.7,,397,140.3,304.2,0,0,0,0,,,,
KLO,2010,9,13,16,16.4,,,,,,,,976.6,,2,,225,18.7,214.4,0,0,0,0,,,,
KLO,2010,9,13,17,14.6,,,,,,,,976.8,,1.6,,36,0.4,35.8,0,0,0,0,,,,
KLO,2010,9,13,18,12.7,,,,,,,,976.8,,2.4,,0,0,0,0,0,0,0,,,,
KLO,2010,9,13,19,12.6,,,,,,,,977.2,,1.3,,0,0,0,0,0,0,0,,,,
KLO,2010,9,13,20,11.9,,,,,,,,977.4,,0.7,,0,0,0,0,0,0,0,,,,
KLO,2010,9,13,21,10.5,,,,,,,,977.7,,0.6,,0,0,0,0,0,0,0,,,,
KLO,2010,9,13,22,9.3,,,,,,,,977.5,,0.4,,0,0,0,0,0,0,0,,,,
KLO,2010,9,13,23,8.7,,,,,,,,977.2,,1.5,,0,0,0,0,0,0,0,,,,
KLO,2010,9,14,0,7.9,,,,,,,,977.1,,1.3,,0,0,0,0,0,0,0,,,,
KLO,2010,9,14,1,8.1,,,,,,,,976.8,,0.9,,0,0,0,0,0,0,0,,,,
KLO,2010,9,14,2,8.9,,,,,,,,976.6,,0.9,,0,0,0,0,0,0,0,,,,
KLO,2010,9,14,3,9.1,,,,,,,,976.5,,0.9,,0,0,0,0,0,0,0,,,,
KLO,2010,9,14,4,9.2,,,,,,,,976.7,,0.6,,0,0,0,0,0,0,0,,,,
KLO,2010,9,14,5,9.3,,,,,,,,976.7,,0.8,,7,0,0,0,0,0,0,,,,
KLO,2010,9,14,6,9.6,,,,,,,,977,,1.1,,53,0,0,0,0,0,0,,,,
KLO,2010,9,14,7,10.4,,,,,,,,977.1,,0.9,,97,0,0,0,0,0,0,,,,
KLO,2010,9,14,8,11.8,,,,,,,,977,,1.1,,177,932.5,29.2,0,0,0,0,,,,
KLO,2010,9,14,9,13.4,,,,,,,,976.9,,1.4,,434,1112.5,71.6,0,0,0,0,,,,
KLO,2010,9,14,10,15,,,,,,,,976.4,,2.1,,504,887.1,83.1,0,0,0,0,,,,
KLO,2010,9,14,11,16.4,,,,,,,,976,,2.4,,591,800.8,115.4,0,0,0,0,,,,
KLO,2010,9,14,12,16.8,,,,,,,,975.1,,2.5,,403,135.8,311.2,0,0,0,0,,,,
KLO,2010,9,14,13,17.4,,,,,,,,974.4,,2.2,,455,180.2,326.2,0,0,0,0,,,,
KLO,2010,9,14,14,18.5,,,,,,,,973.6,,2.3,,522,324.4,292.2,0,0,0,0,,,,
KLO,2010,9,14,15,19.2,,,,,,,,972.9,,2.9,,370,105.6,300.7,0,0,0,0,,,,
KLO,2010,9,14,16,18.8,,,,,,,,972.5,,2.5,,203,11.9,196.3,0,0,0,0,,,,
KLO,2010,9,14,17,16.8,,,,,,,,972.1,,1.7,,29,0.3,28.9,0,0,0,0,,,,
KLO,2010,9,14,18,14.2,,,,,,,,972,,2,,0,0,0,0,0,0,0,,,,
KLO,2010,9,14,19,13.8,,,,,,,,972.1,,0.8,,0,0,0,0,0,0,0,,,,
KLO,2010,9,14,20,13,,,,,,,,972.1,,0.8,,0,0,0,0,0,0,0,,,,
KLO,2010,9,14,21,12.4,,,,,,,,972,,1.1,,0,0,0,0,0,0,0,,,,
KLO,2010,9,14,22,11.6,,,,,,,,971.7,,1.9,,0,0,0,0,0,0,0,,,,
KLO,2010,9,14,23,11.5,,,,,,,,971.1,,1.8,,0,0,0,0,0,0,0,,,,
KLO,2010,9,15,0,11.1,,,,,,,,970.6,,1.5,,0,0,0,0,0,0,0,,,,
KLO,2010,9,15,1,10.9,,,,,,,,970,,2.3,,0,0,0,0,0,0,0,,,,
KLO,2010,9,15,2,11,,,,,,,,969.5,,2,,0,0,0,0,0,0,0,,,,
KLO,2010,9,15,3,10.9,,,,,,,,968.9,,1.6,,0,0,0,0,0,0,0,,,,
KLO,2010,9,15,4,11,,,,,,,,968.4,,1.7,,0,0,0,0,0,0,0,,,,
KLO,2010,9,15,5,10.7,,,,,,,,968.2,,2.3,,9,0,0,0,0,0,0,,,,
KLO,2010,9,15,6,12.2,,,,,,,,968.3,,3,,87,0,0,0,0,0,0,,,,
KLO,2010,9,15,7,14.2,,,,,,,,968.4,,3.6,,210,0,0,0,0,0,0,,,,
KLO,2010,9,15,8,15.8,,,,,,,,968.4,,3.7,,361,1948.8,59.6,0,0,0,0,,,,
KLO,2010,9,15,9,16.5,,,,,,,,968.1,,3.4,,314,768.3,66.7,0,0,0,0,,,,
KLO,2010,9,15,10,17.5,,,,,,,,967.6,,2.9,,378,441.3,170.4,0,0,0,0,,,,
KLO,2010,9,15,11,17.8,,,,,,,,966.9,,3.7,,347,127.8,271.6,0,0,0,0,,,,
KLO,2010,9,15,12,17.6,,,,,,,,966.6,,3.8,,250,13.7,240.8,0,0,0,0,,,,
KLO,2010,9,15,13,17.1,,,,,,,,966,,2.7,,126,2.1,124.5,0,0,0,0,,,,
KLO,2010,9,15,14,16.6,,,,,,,,965.5,,2.9,,107,1.5,105.9,0,0,0,0,,,,
KLO,2010,9,15,15,16.9,,,,,,,,965,,2.9,,63,0.6,62.6,0,0,0,0,,,,
KLO,2010,9,15,16,16.6,,,,,,,,964.5,,1.6,,31,0.2,30.9,0,0,0,0,,,,
KLO,2010,9,15,17,15.9,,,,,,,,964.2,,1,,13,0.1,13,0,0,0,0,,,,
KLO,2010,9,15,18,15,,,,,,,,964.5,,2.7,,0,0,0,0,0,0,0,,,,
KLO,2010,9,15,19,14.2,,,,,,,,964.7,,3.2,,0,0,0,0,0,0,0,,,,
KLO,2010,9,15,20,13.6,,,,,,,,964.8,,1.2,,0,0,0,0,0,0,0,,,,
KLO,2010,9,15,21,13.7,,,,,,,,964.7,,1,,0,0,0,0,0,0,0,,,,
KLO,2010,9,15,22,13.1,,,,,,,,964.7,,2.6,,0,0,0,0,0,0,0,,,,
KLO,2010,9,15,23,13,,,,,,,,964.8,,2.7,,0,0,0,0,0,0,0,,,,
KLO,2010,9,16,0,13,,,,,,,,964.6,,1.3,,0,0,0,0,0,0,0,,,,
KLO,2010,9,16,1,12.8,,,,,,,,964.2,,1.9,,0,0,0,0,0,0,0,,,,
KLO,2010,9,16,2,12.7,,,,,,,,964.1,,1,,0,0,0,0,0,0,0,,,,
KLO,2010,9,16,3,12.9,,,,,,,,964.2,,1.1,,0,0,0,0,0,0,0,,,,
KLO,2010,9,16,4,13.1,,,,,,,,964.2,,0.6,,0,0,0,0,0,0,0,,,,
KLO,2010,9,16,5,13.2,,,,,,,,964.4,,0.9,,2,0,0,0,0,0,0,,,,
KLO,2010,9,16,6,13.2,,,,,,,,964.8,,3.2,,24,0,0,0,0,0,0,,,,
KLO,2010,9,16,7,12.8,,,,,,,,965,,2.8,,42,0,0,0,0,0,0,,,,
KLO,2010,9,16,8,12.9,,,,,,,,965.4,,3.3,,101,222,67.5,0,0,0,0,,,,
KLO,2010,9,16,9,13,,,,,,,,965.5,,3.6,,169,79.9,143.6,0,0,0,0,,,,
KLO,2010,9,16,10,13.1,,,,,,,,965.4,,3.7,,205,31.3,190.4,0,0,0,0,,,,
KLO,2010,9,16,11,13.9,,,,,,,,965.2,,3.9,,248,26,232.8,0,0,0,0,,,,
KLO,2010,9,16,12,14.4,,,,,,,,964.8,,3.1,,281,25.2,264.2,0,0,0,0,,,,
KLO,2010,9,16,13,14.9,,,,,,,,964.3,,2.8,,243,9.7,236.2,0,0,0,0,,,,
KLO,2010,9,16,14,15.3,,,,,,,,963.9,,2.5,,185,4.7,181.7,0,0,0,0,,,,
KLO,2010,9,16,15,15.3,,,,,,,,963.6,,2.1,,171,4.7,168,0,0,0,0,,,,
KLO,2010,9,16,16,14.9,,,,,,,,963.5,,2,,97,2.1,95.9,0,0,0,0,,,,
KLO,2010,9,16,17,14,,,,,,,,963.3,,1.5,,25,0.2,24.9,0,0,0,0,,,,
KLO,2010,9,16,18,13.4,,,,,,,,963.6,,1.7,,0,0,0,0,0,0,0,,,,
KLO,2010,9,16,19,13.3,,,,,,,,964,,2.1,,0,0,0,0,0,0,0,,,,
KLO,2010,9,16,20,13.4,,,,,,,,964.2,,1.9,,0,0,0,0,0,0,0,,,,
KLO,2010,9,16,21,12.7,,,,,,,,964,,2.1,,0,0,0,0,0,0,0,,,,
KLO,2010,9,16,22,11.7,,,,,,,,964,,1.5,,0,0,0,0,0,0,0,,,,
KLO,2010,9,16,23,11.5,,,,,,,,963.8,,1.4,,0,0,0,0,0,0,0,,,,
KLO,2010,9,17,0,11.4,,,,,,,,963.6,,0.8,,0,0,0,0,0,0,0,,,,
KLO,2010,9,17,1,11.5,,,,,,,,963.5,,0.9,,0,0,0,0,0,0,0,,,,
KLO,2010,9,17,2,11.8,,,,,,,,963.4,,1.3,,0,0,0,0,0,0,0,,,,
KLO,2010,9,17,3,12,,,,,,,,963.5,,0.8,,0,0,0,0,0,0,0,,,,
KLO,2010,9,17,4,12.1,,,,,,,,963.9,,1.6,,0,0,0,0,0,0,0,,,,
KLO,2010,9,17,5,11.7,,,,,,,,964.3,,2,,2,0,0,0,0,0,0,,,,
KLO,2010,9,17,6,11.7,,,,,,,,964.8,,2.6,,42,0,0,0,0,0,0,,,,
KLO,2010,9,17,7,12.3,,,,,,,,965,,1.8,,137,0,0,0,0,0,0,,,,
KLO,2010,9,17,8,12.7,,,,,,,,965.5,,2,,239,1357.6,39.4,0,0,0,0,,,,
KLO,2010,9,17,9,13.4,,,,,,,,965.8,,1.5,,308,775.9,64.3,0,0,0,0,,,,
KLO,2010,9,17,10,13.8,,,,,,,,965.7,,0.9,,431,688.5,112.6,0,0,0,0,,,,
KLO,2010,9,17,11,15.6,,,,,,,,965.5,,1.4,,704,1010.9,116.2,0,0,0,0,,,,
KLO,2010,9,17,12,16.5,,,,,,,,965.2,,2.2,,674,832.2,122.3,0,0,0,0,,,,
KLO,2010,9,17,13,16.2,,,,,,,,965,,1.4,,340,51.1,304.1,0,0,0,0,,,,
KLO,2010,9,17,14,16.7,,,,,,,,964.8,,1.4,,321,40.6,292.9,0,0,0,0,,,,
KLO,2010,9,17,15,16.4,,,,,,,,964.9,,2.7,,160,4.2,157.3,0,0,0,0,,,,
KLO,2010,9,17,16,15.7,,,,,,,,965,,2.9,,91,1.8,90,0,0,0,0,,,,
KLO,2010,9,17,17,14.6,,,,,,,,965.4,,2.2,,19,0.1,18.9,0,0,0,0,,,,
KLO,2010,9,17,18,13.7,,,,,,,,965.9,,1.8,,0,0,0,0,0,0,0,,,,
KLO,2010,9,17,19,13.4,,,,,,,,966.5,,1,,0,0,0,0,0,0,0,,,,
KLO,2010,9,17,20,12.6,,,,,,,,966.7,,0.9,,0,0,0,0,0,0,0,,,,
KLO,2010,9,17,21,12.4,,,,,,,,966.9,,0.6,,0,0,0,0,0,0,0,,,,
KLO,2010,9,17,22,11.7,,,,,,,,967,,1.4,,0,0,0,0,0,0,0,,,,
KLO,2010,9,17,23,10.5,,,,,,,,967,,2.7,,0,0,0,0,0,0,0,,,,
KLO,2010,9,18,0,9.8,,,,,,,,967.1,,2.3,,0,0,0,0,0,0,0,,,,
KLO,2010,9,18,1,8.3,,,,,,,,967,,2.1,,0,0,0,0,0,0,0,,,,
KLO,2010,9,18,2,7.3,,,,,,,,966.8,,1.4,,0,0,0,0,0,0,0,,,,
KLO,2010,9,18,3,6.8,,,,,,,,966.8,,1.1,,0,0,0,0,0,0,0,,,,
KLO,2010,9,18,4,6.6,,,,,,,,966.9,,1.4,,0,0,0,0,0,0,0,,,,
KLO,2010,9,18,5,5.6,,,,,,,,967.1,,1.6,,12,0,0,0,0,0,0,,,,
KLO,2010,9,18,6,7.6,,,,,,,,967.2,,1.7,,111,0,0,0,0,0,0,,,,
KLO,2010,9,18,7,10,,,,,,,,967.4,,2.8,,298,0,0,0,0,0,0,,,,
KLO,2010,9,18,8,12,,,,,,,,967.5,,2.8,,448,2613.3,73.9,0,0,0,0,,,,
KLO,2010,9,18,9,14,,,,,,,,967.2,,3,,546,1469.9,90.1,0,0,0,0,,,,
KLO,2010,9,18,10,14.6,,,,,,,,966.9,,3.1,,492,896.6,81,0,0,0,0,,,,
KLO,2010,9,18,11,15.1,,,,,,,,966.8,,2.9,,529,658.2,149,0,0,0,0,,,,
KLO,2010,9,18,12,15.8,,,,,,,,966.3,,2.6,,531,445.1,237.9,0,0,0,0,,,,
KLO,2010,9,18,13,16,,,,,,,,966,,1.5,,363,72.5,312.5,0,0,0,0,,,,
KLO,2010,9,18,14,15.8,,,,,,,,965.9,,1.7,,259,14.4,249.1,0,0,0,0,,,,
KLO,2010,9,18,15,15.8,,,,,,,,965.9,,1.3,,220,9.9,213.7,0,0,0,0,,,,
KLO,2010,9,18,16,15.2,,,,,,,,966,,1.6,,93,2,91.9,0,0,0,0,,,,
KLO,2010,9,18,17,14.5,,,,,,,,966.3,,1.3,,12,0.1,12,0,0,0,0,,,,
KLO,2010,9,18,18,12.9,,,,,,,,966.6,,2,,0,0,0,0,0,0,0,,,,
KLO,2010,9,18,19,11.4,,,,,,,,967.1,,3.4,,0,0,0,0,0,0,0,,,,
KLO,2010,9,18,20,10.7,,,,,,,,967.4,,3.1,,0,0,0,0,0,0,0,,,,
KLO,2010,9,18,21,11.3,,,,,,,,967.6,,3.4,,0,0,0,0,0,0,0,,,,
KLO,2010,9,18,22,11.2,,,,,,,,967.8,,3.2,,0,0,0,0,0,0,0,,,,
KLO,2010,9,18,23,10.8,,,,,,,,967.6,,3.4,,0,0,0,0,0,0,0,,,,
KLO,2010,9,19,0,10.2,,,,,,,,967.6,,3.6,,0,0,0,0,0,0,0,,,,
KLO,2010,9,19,1,9.4,,,,,,,,967.7,,3.3,,0,0,0,0,0,0,0,,,,
KLO,2010,9,19,2,8,,,,,,,,967.8,,2,,0,0,0,0,0,0,0,,,,
KLO,2010,9,19,3,7.6,,,,,,,,967.8,,1.3,,0,0,0,0,0,0,0,,,,
KLO,2010,9,19,4,7,,,,,,,,968,,0.9,,0,0,0,0,0,0,0,,,,
KLO,2010,9,19,5,6.1,,,,,,,,968.5,,1,,6,0,0,0,0,0,0,,,,
KLO,2010,9,19,6,6.6,,,,,,,,969,,1.6,,84,0,0,0,0,0,0,,,,
KLO,2010,9,19,7,9.4,,,,,,,,969.2,,1.3,,288,0,0,0,0,0,0,,,,
KLO,2010,9,19,8,11.6,,,,,,,,969.4,,0.6,,449,2691.9,74.1,0,0,0,0,,,,
KLO,2010,9,19,9,13.2,,,,,,,,969.4,,1,,583,1589.8,96.2,0,0,0,0,,,,
KLO,2010,9,19,10,14.3,,,,,,,,969.3,,1.5,,679,1247.9,112,0,0,0,0,,,,
KLO,2010,9,19,11,15.4,,,,,,,,968.9,,1.6,,762,1110.4,125.7,0,0,0,0,,,,
KLO,2010,9,19,12,15.6,,,,,,,,968.6,,1.1,,610,688.8,159.5,0,0,0,0,,,,
KLO,2010,9,19,13,16.9,,,,,,,,968.3,,1.8,,631,649.6,181.7,0,0,0,0,,,,
KLO,2010,9,19,14,17,,,,,,,,968.2,,1.3,,513,344.5,277.5,0,0,0,0,,,,
KLO,2010,9,19,15,17,,,,,,,,968,,0.8,,359,109.7,289.9,0,0,0,0,,,,
KLO,2010,9,19,16,16.8,,,,,,,,967.9,,1,,174,7.7,169.9,0,0,0,0,,,,
KLO,2010,9,19,17,15,,,,,,,,968.2,,1.8,,20,0.2,19.9,0,0,0,0,,,,
KLO,2010,9,19,18,12.1,,,,,,,,968.6,,1.2,,0,0,0,0,0,0,0,,,,
KLO,2010,9,19,19,9.4,,,,,,,,969.1,,0.8,,0,0,0,0,0,0,0,,,,
KLO,2010,9,19,20,8.8,,,,,,,,969.3,,0.6,,0,0,0,0,0,0,0,,,,
KLO,2010,9,19,21,8.1,,,,,,,,969.4,,0.8,,0,0,0,0,0,0,0,,,,
KLO,2010,9,19,22,7.1,,,,,,,,969.2,,0.5,,0,0,0,0,0,0,0,,,,
KLO,2010,9,19,23,6.7,,,,,,,,968.9,,0.9,,0,0,0,0,0,0,0,,,,
KLO,2010,9,20,0,5.7,,,,,,,,968.8,,1.2,,0,0,0,0,0,0,0,,,,
KLO,2010,9,20,1,5.7,,,,,,,,968.8,,1.3,,0,0,0,0,0,0,0,,,,
KLO,2010,9,20,2,5.8,,,,,,,,968.8,,0.6,,0,0,0,0,0,0,0,,,,
KLO,2010,9,20,3,4.8,,,,,,,,968.7,,0.3,,0,0,0,0,0,0,0,,,,
KLO,2010,9,20,4,4.3,,,,,,,,968.7,,0.6,,0,0,0,0,0,0,0,,,,
KLO,2010,9,20,5,4.3,,,,,,,,969,,1.2,,6,0,0,0,0,0,0,,,,
KLO,2010,9,20,6,6.3,,,,,,,,969.5,,0.5,,92,0,0,0,0,0,0,,,,
KLO,2010,9,20,7,8.2,,,,,,,,969.7,,0.6,,264,0,0,0,0,0,0,,,,
KLO,2010,9,20,8,11,,,,,,,,970.1,,0.4,,453,2793.8,74.7,0,0,0,0,,,,
KLO,2010,9,20,9,13.7,,,,,,,,969.9,,1.1,,587,1621.8,96.9,0,0,0,0,,,,
KLO,2010,9,20,10,15.4,,,,,,,,969.5,,0.9,,670,1242.6,110.6,0,0,0,0,,,,
KLO,2010,9,20,11,17.2,,,,,,,,968.9,,1.2,,702,1030.7,115.8,0,0,0,0,,,,
KLO,2010,9,20,12,18.6,,,,,,,,968.1,,1,,676,863.3,115.3,0,0,0,0,,,,
KLO,2010,9,20,13,19.8,,,,,,,,967.5,,1.1,,609,599,197.6,0,0,0,0,,,,
KLO,2010,9,20,14,20.6,,,,,,,,967.4,,2.3,,496,311.8,284.5,0,0,0,0,,,,
KLO,2010,9,20,15,20.4,,,,,,,,967.4,,2,,344,93.5,285.6,0,0,0,0,,,,
KLO,2010,9,20,16,19.7,,,,,,,,967.4,,1.2,,172,7.7,167.9,0,0,0,0,,,,
KLO,2010,9,20,17,18,,,,,,,,967.5,,0.6,,27,0.3,26.9,0,0,0,0,,,,
KLO,2010,9,20,18,14,,,,,,,,967.9,,0.3,,0,0,0,0,0,0,0,,,,
KLO,2010,9,20,19,12,,,,,,,,968.4,,1,,0,0,0,0,0,0,0,,,,
KLO,2010,9,20,20,10.6,,,,,,,,968.8,,0.8,,0,0,0,0,0,0,0,,,,
KLO,2010,9,20,21,10,,,,,,,,969.1,,0.9,,0,0,0,0,0,0,0,,,,
KLO,2010,9,20,22,9.3,,,,,,,,969.2,,0.9,,0,0,0,0,0,0,0,,,,
KLO,2010,9,20,23,8.4,,,,,,,,969.2,,1.1,,0,0,0,0,0,0,0,,,,
KLO,2010,9,21,0,7.9,,,,,,,,969.3,,1.2,,0,0,0,0,0,0,0,,,,
KLO,2010,9,21,1,7,,,,,,,,969.3,,1.1,,0,0,0,0,0,0,0,,,,
KLO,2010,9,21,2,6.8,,,,,,,,969.4,,0.5,,0,0,0,0,0,0,0,,,,
KLO,2010,9,21,3,6.3,,,,,,,,969.7,,1,,0,0,0,0,0,0,0,,,,
KLO,2010,9,21,4,6.9,,,,,,,,969.8,,0.7,,0,0,0,0,0,0,0,,,,
KLO,2010,9,21,5,7.5,,,,,,,,970,,1,,5,0,0,0,0,0,0,,,,
KLO,2010,9,21,6,7.9,,,,,,,,970.4,,1.1,,55,0,0,0,0,0,0,,,,
KLO,2010,9,21,7,8.8,,,,,,,,970.7,,1.3,,147,0,0,0,0,0,0,,,,
KLO,2010,9,21,8,10.7,,,,,,,,971,,1.6,,358,2273.3,59.1,0,0,0,0,,,,
KLO,2010,9,21,9,14.4,,,,,,,,970.9,,1.6,,576,1612.7,95,0,0,0,0,,,,
KLO,2010,9,21,10,17.5,,,,,,,,970.5,,1.6,,666,1246.6,109.9,0,0,0,0,,,,
KLO,2010,9,21,11,19.4,,,,,,,,970.1,,1.8,,698,1032.7,115.2,0,0,0,0,,,,
KLO,2010,9,21,12,20.4,,,,,,,,969.8,,1.5,,671,862.6,114.7,0,0,0,0,,,,
KLO,2010,9,21,13,21.3,,,,,,,,969.5,,1.7,,615,627.8,186.8,0,0,0,0,,,,
KLO,2010,9,21,14,21.9,,,,,,,,969.2,,2.2,,495,317.9,281,0,0,0,0,,,,
KLO,2010,9,21,15,21.7,,,,,,,,969.2,,2.4,,343,95.9,283.6,0,0,0,0,,,,
KLO,2010,9,21,16,21,,,,,,,,969.3,,2.7,,167,7.2,163.2,0,0,0,0,,,,
KLO,2010,9,21,17,18.9,,,,,,,,969.5,,1.5,,25,0.3,24.9,0,0,0,0,,,,
KLO,2010,9,21,18,14.8,,,,,,,,969.9,,0.9,,0,0,0,0,0,0,0,,,,
KLO,2010,9,21,19,12.4,,,,,,,,970.3,,1.2,,0,0,0,0,0,0,0,,,,
KLO,2010,9,21,20,11.2,,,,,,,,970.6,,0.9,,0,0,0,0,0,0,0,,,,
KLO,2010,9,21,21,10.4,,,,,,,,970.8,,1.3,,0,0,0,0,0,0,0,,,,
KLO,2010,9,21,22,9.6,,,,,,,,971,,1.6,,0,0,0,0,0,0,0,,,,
KLO,2010,9,21,23,9.7,,,,,,,,971.1,,0.5,,0,0,0,0,0,0,0,,,,
KLO,2010,9,22,0,8.5,,,,,,,,971.1,,0.4,,0,0,0,0,0,0,0,,,,
KLO,2010,9,22,1,8.3,,,,,,,,971.1,,0.3,,0,0,0,0,0,0,0,,,,
KLO,2010,9,22,2,7.8,,,,,,,,971.2,,1,,0,0,0,0,0,0,0,,,,
KLO,2010,9,22,3,7.6,,,,,,,,971.2,,1.4,,0,0,0,0,0,0,0,,,,
KLO,2010,9,22,4,7.4,,,,,,,,971.3,,0.5,,0,0,0,0,0,0,0,,,,
KLO,2010,9,22,5,6.6,,,,,,,,971.5,,0.4,,6,0,0,0,0,0,0,,,,
KLO,2010,9,22,6,8.5,,,,,,,,971.7,,0.4,,91,0,0,0,0,0,0,,,,
KLO,2010,9,22,7,11,,,,,,,,971.8,,0.2,,261,0,0,0,0,0,0,,,,
KLO,2010,9,22,8,13.2,,,,,,,,972.2,,0.7,,432,2827.2,71.3,0,0,0,0,,,,
KLO,2010,9,22,9,15.6,,,,,,,,972.1,,0.7,,551,1563.8,90.9,0,0,0,0,,,,
KLO,2010,9,22,10,17.7,,,,,,,,971.8,,0.5,,650,1228.2,107.2,0,0,0,0,,,,
KLO,2010,9,22,11,19.1,,,,,,,,971.3,,0.9,,677,1009.4,111.7,0,0,0,0,,,,
KLO,2010,9,22,12,20.1,,,,,,,,970.6,,0.7,,663,856.1,114.9,0,0,0,0,,,,
KLO,2010,9,22,13,21.1,,,,,,,,970,,1.1,,596,584.9,199.9,0,0,0,0,,,,
KLO,2010,9,22,14,22,,,,,,,,969.5,,1.8,,485,302.4,282.9,0,0,0,0,,,,
KLO,2010,9,22,15,22,,,,,,,,969.2,,2.3,,329,82,278.7,0,0,0,0,,,,
KLO,2010,9,22,16,20.9,,,,,,,,969,,2.3,,145,5.2,142.3,0,0,0,0,,,,
KLO,2010,9,22,17,19.3,,,,,,,,968.8,,1.8,,18,0.1,17.9,0,0,0,0,,,,
KLO,2010,9,22,18,15.5,,,,,,,,968.9,,1.3,,0,0,0,0,0,0,0,,,,
KLO,2010,9,22,19,13.4,,,,,,,,969,,1.1,,0,0,0,0,0,0,0,,,,
KLO,2010,9,22,20,12.5,,,,,,,,969.1,,0.8,,0,0,0,0,0,0,0,,,,
KLO,2010,9,22,21,11.8,,,,,,,,969.2,,0.3,,0,0,0,0,0,0,0,,,,
KLO,2010,9,22,22,11.1,,,,,,,,969.2,,0.6,,0,0,0,0,0,0,0,,,,
KLO,2010,9,22,23,9.9,,,,,,,,969.2,,0.4,,0,0,0,0,0,0,0,,,,
KLO,2010,9,23,0,9.5,,,,,,,,969.2,,0.3,,0,0,0,0,0,0,0,,,,
KLO,2010,9,23,1,9.2,,,,,,,,969.1,,0.3,,0,0,0,0,0,0,0,,,,
KLO,2010,9,23,2,8.8,,,,,,,,968.8,,0.3,,0,0,0,0,0,0,0,,,,
KLO,2010,9,23,3,8.5,,,,,,,,968.5,,1,,0,0,0,0,0,0,0,,,,
KLO,2010,9,23,4,9.4,,,,,,,,968.4,,1.2,,0,0,0,0,0,0,0,,,,
KLO,2010,9,23,5,10.1,,,,,,,,968.4,,0.7,,3,0,0,0,0,0,0,,,,
KLO,2010,9,23,6,10.5,,,,,,,,968.3,,0.3,,42,0,0,0,0,0,0,,,,
KLO,2010,9,23,7,11.2,,,,,,,,968.1,,0.3,,116,0,0,0,0,0,0,,,,
KLO,2010,9,23,8,12.6,,,,,,,,967.8,,0.4,,250,1688,41.2,0,0,0,0,,,,
KLO,2010,9,23,9,15.2,,,,,,,,967.2,,0.7,,541,1556.9,89.3,0,0,0,0,,,,
KLO,2010,9,23,10,18.5,,,,,,,,966.4,,0.8,,631,1203.7,104.1,0,0,0,0,,,,
KLO,2010,9,23,11,21,,,,,,,,965.7,,1.8,,638,958.8,105.3,0,0,0,0,,,,
KLO,2010,9,23,12,22.4,,,,,,,,964.9,,2.3,,649,836.3,117.4,0,0,0,0,,,,
KLO,2010,9,23,13,23,,,,,,,,964.3,,2.9,,549,461.3,238.9,0,0,0,0,,,,
KLO,2010,9,23,14,23.3,,,,,,,,963.8,,2.9,,417,168.6,305.2,0,0,0,0,,,,
KLO,2010,9,23,15,22.8,,,,,,,,963.4,,3.3,,276,36.1,254,0,0,0,0,,,,
KLO,2010,9,23,16,21.6,,,,,,,,962.8,,2.1,,119,3.6,117.2,0,0,0,0,,,,
KLO,2010,9,23,17,20.1,,,,,,,,962.2,,1.5,,34,0.5,33.8,0,0,0,0,,,,
KLO,2010,9,23,18,18.1,,,,,,,,962,,1,,0,0,0,0,0,0,0,,,,
KLO,2010,9,23,19,15.3,,,,,,,,961.9,,1.7,,0,0,0,0,0,0,0,,,,
KLO,2010,9,23,20,15.4,,,,,,,,961.6,,2.8,,0,0,0,0,0,0,0,,,,
KLO,2010,9,23,21,14.9,,,,,,,,961.4,,2.3,,0,0,0,0,0,0,0,,,,
KLO,2010,9,23,22,13.9,,,,,,,,961.2,,2.5,,0,0,0,0,0,0,0,,,,
KLO,2010,9,23,23,14,,,,,,,,961,,1.7,,0,0,0,0,0,0,0,,,,
KLO,2010,9,24,0,13,,,,,,,,960.7,,1.7,,0,0,0,0,0,0,0,,,,
KLO,2010,9,24,1,12.8,,,,,,,,959.9,,2,,0,0,0,0,0,0,0,,,,
KLO,2010,9,24,2,12.2,,,,,,,,959,,1.1,,0,0,0,0,0,0,0,,,,
KLO,2010,9,24,3,11.6,,,,,,,,958.3,,1.2,,0,0,0,0,0,0,0,,,,
KLO,2010,9,24,4,11.1,,,,,,,,957.7,,0.4,,0,0,0,0,0,0,0,,,,
KLO,2010,9,24,5,11.6,,,,,,,,957.2,,0.6,,6,0,0,0,0,0,0,,,,
KLO,2010,9,24,6,12,,,,,,,,956.9,,0.7,,65,0,0,0,0,0,0,,,,
KLO,2010,9,24,7,13.9,,,,,,,,956.5,,0.7,,129,0,0,0,0,0,0,,,,
KLO,2010,9,24,8,16.1,,,,,,,,956.1,,0.4,,290,2022.3,47.9,0,0,0,0,,,,
KLO,2010,9,24,9,17.5,,,,,,,,955.4,,0.9,,343,1001.1,56.6,0,0,0,0,,,,
KLO,2010,9,24,10,18.8,,,,,,,,954.7,,1.5,,283,197.1,197.5,0,0,0,0,,,,
KLO,2010,9,24,11,18.7,,,,,,,,954.4,,4.7,,282,65.5,245.9,0,0,0,0,,,,
KLO,2010,9,24,12,16.9,,,,,,,,954.4,,6.9,,93,1.4,92.1,0,0,0,0,,,,
KLO,2010,9,24,13,14.1,,,,,,,,955,,3.1,,37,0.2,36.9,0,0,0,0,,,,
KLO,2010,9,24,14,13.1,,,,,,,,955,,1.7,,37,0.2,36.9,0,0,0,0,,,,
KLO,2010,9,24,15,13,,,,,,,,955.3,,1.5,,29,0.2,28.9,0,0,0,0,,,,
KLO,2010,9,24,16,12.8,,,,,,,,955.7,,1.4,,17,0.1,17,0,0,0,0,,,,
KLO,2010,9,24,17,12.4,,,,,,,,956.1,,2.4,,2,0,2,0,0,0,0,,,,
KLO,2010,9,24,18,11.6,,,,,,,,956.9,,3.2,,0,0,0,0,0,0,0,,,,
KLO,2010,9,24,19,11.3,,,,,,,,957.2,,2.4,,0,0,0,0,0,0,0,,,,
KLO,2010,9,24,20,11.2,,,,,,,,957,,1.1,,0,0,0,0,0,0,0,,,,
KLO,2010,9,24,21,11.4,,,,,,,,956.7,,2.1,,0,0,0,0,0,0,0,,,,
KLO,2010,9,24,22,11.3,,,,,,,,956.5,,2.1,,0,0,0,0,0,0,0,,,,
KLO,2010,9,24,23,11.2,,,,,,,,955.9,,2.7,,0,0,0,0,0,0,0,,,,
KLO,2010,9,25,0,10.9,,,,,,,,955.6,,2.5,,0,0,0,0,0,0,0,,,,
KLO,2010,9,25,1,10.6,,,,,,,,955.1,,1.9,,0,0,0,0,0,0,0,,,,
KLO,2010,9,25,2,10.7,,,,,,,,954.8,,1.5,,0,0,0,0,0,0,0,,,,
KLO,2010,9,25,3,10.6,,,,,,,,954.4,,1.7,,0,0,0,0,0,0,0,,,,
KLO,2010,9,25,4,10.5,,,,,,,,954.1,,0.9,,0,0,0,0,0,0,0,,,,
KLO,2010,9,25,5,10.5,,,,,,,,953.6,,1.3,,0,0,0,0,0,0,0,,,,
KLO,2010,9,25,6,10.6,,,,,,,,953.6,,1.3,,6,0,0,0,0,0,0,,,,
KLO,2010,9,25,7,10.6,,,,,,,,953.8,,1.8,,20,0,0,0,0,0,0,,,,
KLO,2010,9,25,8,10.9,,,,,,,,953.7,,1.6,,57,54.1,50.7,0,0,0,0,,,,
KLO,2010,9,25,9,11.2,,,,,,,,953.9,,1.1,,79,5.2,77.5,0,0,0,0,,,,
KLO,2010,9,25,10,11.5,,,,,,,,954.3,,1.9,,56,1.1,55.5,0,0,0,0,,,,
KLO,2010,9,25,11,11.4,,,,,,,,954.5,,3,,63,0.9,62.5,0,0,0,0,,,,
KLO,2010,9,25,12,11.3,,,,,,,,955,,2.3,,48,0.4,47.8,0,0,0,0,,,,
KLO,2010,9,25,13,11.3,,,,,,,,955.2,,3.5,,53,0.4,52.7,0,0,0,0,,,,
KLO,2010,9,25,14,10.3,,,,,,,,955.7,,3.5,,53,0.4,52.7,0,0,0,0,,,,
KLO,2010,9,25,15,9.9,,,,,,,,956.1,,3.1,,43,0.3,42.8,0,0,0,0,,,,
KLO,2010,9,25,16,10,,,,,,,,956.6,,2.1,,10,0,10,0,0,0,0,,,,
KLO,2010,9,25,17,10,,,,,,,,957.6,,0.9,,3,0,3,0,0,0,0,,,,
KLO,2010,9,25,18,9.8,,,,,,,,958.5,,2.6,,0,0,0,0,0,0,0,,,,
KLO,2010,9,25,19,9.2,,,,,,,,959.3,,2.3,,0,0,0,0,0,0,0,,,,
KLO,2010,9,25,20,9.1,,,,,,,,959.8,,1.6,,0,0,0,0,0,0,0,,,,
KLO,2010,9,25,21,8.9,,,,,,,,959.9,,0.8,,0,0,0,0,0,0,0,,,,
KLO,2010,9,25,22,8.8,,,,,,,,960,,0.9,,0,0,0,0,0,0,0,,,,
KLO,2010,9,25,23,8.6,,,,,,,,959.9,,0.9,,0,0,0,0,0,0,0,,,,
KLO,2010,9,26,0,8.4,,,,,,,,959.8,,1.5,,0,0,0,0,0,0,0,,,,
KLO,2010,9,26,1,8.4,,,,,,,,959.9,,0.6,,0,0,0,0,0,0,0,,,,
KLO,2010,9,26,2,8.4,,,,,,,,959.8,,1.7,,0,0,0,0,0,0,0,,,,
KLO,2010,9,26,3,7.5,,,,,,,,959.9,,1.7,,0,0,0,0,0,0,0,,,,
KLO,2010,9,26,4,7.1,,,,,,,,959.8,,0.4,,0,0,0,0,0,0,0,,,,
KLO,2010,9,26,5,6.9,,,,,,,,959.9,,1.1,,3,0,0,0,0,0,0,,,,
KLO,2010,9,26,6,6.8,,,,,,,,960,,0.7,,59,0,0,0,0,0,0,,,,
KLO,2010,9,26,7,7.9,,,,,,,,960.1,,1,,108,0,0,0,0,0,0,,,,
KLO,2010,9,26,8,8.8,,,,,,,,960.2,,0.7,,303,2262.1,50,0,0,0,0,,,,
KLO,2010,9,26,9,9.5,,,,,,,,960.1,,1.8,,219,406.5,106,0,0,0,0,,,,
KLO,2010,9,26,10,10.8,,,,,,,,960,,1.8,,442,860.9,76.2,0,0,0,0,,,,
KLO,2010,9,26,11,11.5,,,,,,,,959.9,,2.6,,598,920.9,98.7,0,0,0,0,,,,
KLO,2010,9,26,12,11.7,,,,,,,,959.8,,3.7,,501,439.7,227.7,0,0,0,0,,,,
KLO,2010,9,26,13,11.3,,,,,,,,959.8,,3.1,,206,6.8,201.5,0,0,0,0,,,,
KLO,2010,9,26,14,11.6,,,,,,,,959.8,,2.9,,255,17.7,243.6,0,0,0,0,,,,
KLO,2010,9,26,15,11.6,,,,,,,,959.9,,2.8,,141,3.8,138.8,0,0,0,0,,,,
KLO,2010,9,26,16,11.2,,,,,,,,960.3,,2.2,,66,1.2,65.4,0,0,0,0,,,,
KLO,2010,9,26,17,10.2,,,,,,,,960.6,,2.4,,15,0.1,15,0,0,0,0,,,,
KLO,2010,9,26,18,9.7,,,,,,,,961.3,,2.5,,0,0,0,0,0,0,0,,,,
KLO,2010,9,26,19,9.1,,,,,,,,961.8,,1.8,,0,0,0,0,0,0,0,,,,
KLO,2010,9,26,20,8.7,,,,,,,,962.2,,1,,0,0,0,0,0,0,0,,,,
KLO,2010,9,26,21,8.6,,,,,,,,962.4,,1.3,,0,0,0,0,0,0,0,,,,
KLO,2010,9,26,22,8.5,,,,,,,,962.4,,0.7,,0,0,0,0,0,0,0,,,,
KLO,2010,9,26,23,8.1,,,,,,,,962.3,,0.7,,0,0,0,0,0,0,0,,,,
KLO,2010,9,27,0,7.4,,,,,,,,962.1,,1,,0,0,0,0,0,0,0,,,,
KLO,2010,9,27,1,6.9,,,,,,,,961.9,,0.4,,0,0,0,0,0,0,0,,,,
KLO,2010,9,27,2,6,,,,,,,,961.9,,0.9,,0,0,0,0,0,0,0,,,,
KLO,2010,9,27,3,5.6,,,,,,,,961.9,,1.2,,0,0,0,0,0,0,0,,,,
KLO,2010,9,27,4,5.8,,,,,,,,962,,0.5,,0,0,0,0,0,0,0,,,,
KLO,2010,9,27,5,5.9,,,,,,,,961.9,,1.3,,3,0,0,0,0,0,0,,,,
KLO,2010,9,27,6,6.2,,,,,,,,962,,0.7,,109,0,0,0,0,0,0,,,,
KLO,2010,9,27,7,7.7,,,,,,,,962.2,,1,,215,0,0,0,0,0,0,,,,
KLO,2010,9,27,8,9.3,,,,,,,,962.3,,0.9,,362,2801.8,59.7,0,0,0,0,,,,
KLO,2010,9,27,9,10.3,,,,,,,,962.4,,2.1,,367,1119.4,60.6,0,0,0,0,,,,
KLO,2010,9,27,10,10.6,,,,,,,,962.4,,2.2,,261,157.9,194.6,0,0,0,0,,,,
KLO,2010,9,27,11,11.8,,,,,,,,962.4,,2,,537,800.9,106.4,0,0,0,0,,,,
KLO,2010,9,27,12,12.8,,,,,,,,962.1,,1.9,,523,519,202.9,0,0,0,0,,,,
KLO,2010,9,27,13,12.6,,,,,,,,962.1,,1.8,,261,19,248.6,0,0,0,0,,,,
KLO,2010,9,27,14,12.7,,,,,,,,962.1,,1,,223,9.8,216.7,0,0,0,0,,,,
KLO,2010,9,27,15,12.6,,,,,,,,962.2,,2,,123,2.9,121.3,0,0,0,0,,,,
KLO,2010,9,27,16,12.6,,,,,,,,962.5,,1.9,,126,4.4,123.9,0,0,0,0,,,,
KLO,2010,9,27,17,11.4,,,,,,,,962.9,,2.1,,12,0.1,12,0,0,0,0,,,,
KLO,2010,9,27,18,9.8,,,,,,,,963.5,,2.1,,0,0,0,0,0,0,0,,,,
KLO,2010,9,27,19,8.6,,,,,,,,964,,1.5,,0,0,0,0,0,0,0,,,,
KLO,2010,9,27,20,8.5,,,,,,,,964.3,,1.8,,0,0,0,0,0,0,0,,,,
KLO,2010,9,27,21,8.8,,,,,,,,964.6,,1.5,,0,0,0,0,0,0,0,,,,
KLO,2010,9,27,22,8.7,,,,,,,,964.9,,1.6,,0,0,0,0,0,0,0,,,,
KLO,2010,9,27,23,8,,,,,,,,965,,2.2,,0,0,0,0,0,0,0,,,,
KLO,2010,9,28,0,7.1,,,,,,,,965.3,,1.4,,0,0,0,0,0,0,0,,,,
KLO,2010,9,28,1,6.7,,,,,,,,965.3,,0.9,,0,0,0,0,0,0,0,,,,
KLO,2010,9,28,2,7,,,,,,,,965.5,,0.9,,0,0,0,0,0,0,0,,,,
KLO,2010,9,28,3,7.5,,,,,,,,965.5,,0.9,,0,0,0,0,0,0,0,,,,
KLO,2010,9,28,4,7.4,,,,,,,,965.6,,0.4,,0,0,0,0,0,0,0,,,,
KLO,2010,9,28,5,7.5,,,,,,,,966,,0.4,,1,0,0,0,0,0,0,,,,
KLO,2010,9,28,6,7.7,,,,,,,,966.3,,0.8,,29,0,0,0,0,0,0,,,,
KLO,2010,9,28,7,8.1,,,,,,,,966.6,,1,,84,0,0,0,0,0,0,,,,
KLO,2010,9,28,8,8.6,,,,,,,,966.9,,1.3,,107,846.7,19,0,0,0,0,,,,
KLO,2010,9,28,9,9.6,,,,,,,,967.3,,1.9,,228,513.7,89.5,0,0,0,0,,,,
KLO,2010,9,28,10,10.4,,,,,,,,967.6,,2,,356,532.1,134.5,0,0,0,0,,,,
KLO,2010,9,28,11,11.1,,,,,,,,967.6,,2.2,,413,381.4,209.6,0,0,0,0,,,,
KLO,2010,9,28,12,11.4,,,,,,,,967.7,,2.3,,325,77.6,277.5,0,0,0,0,,,,
KLO,2010,9,28,13,11.7,,,,,,,,967.7,,2.4,,280,28.1,261.8,0,0,0,0,,,,
KLO,2010,9,28,14,11.8,,,,,,,,967.9,,2.6,,189,5.8,185.3,0,0,0,0,,,,
KLO,2010,9,28,15,11.8,,,,,,,,968,,2.2,,104,2.1,102.8,0,0,0,0,,,,
KLO,2010,9,28,16,11.5,,,,,,,,968.2,,1.5,,39,0.4,38.8,0,0,0,0,,,,
KLO,2010,9,28,17,11,,,,,,,,968.7,,1.3,,3,0,3,0,0,0,0,,,,
KLO,2010,9,28,18,10.6,,,,,,,,969,,1,,0,0,0,0,0,0,0,,,,
KLO,2010,9,28,19,10.2,,,,,,,,969.4,,0.3,,0,0,0,0,0,0,0,,,,
KLO,2010,9,28,20,9.6,,,,,,,,969.6,,0.5,,0,0,0,0,0,0,0,,,,
KLO,2010,9,28,21,9.9,,,,,,,,969.6,,0.6,,0,0,0,0,0,0,0,,,,
KLO,2010,9,28,22,9,,,,,,,,969.8,,0.6,,0,0,0,0,0,0,0,,,,
KLO,2010,9,28,23,8.2,,,,,,,,969.8,,0.6,,0,0,0,0,0,0,0,,,,
KLO,2010,9,29,0,8.2,,,,,,,,969.7,,0.6,,0,0,0,0,0,0,0,,,,
KLO,2010,9,29,1,7.7,,,,,,,,969.4,,0.9,,0,0,0,0,0,0,0,,,,
KLO,2010,9,29,2,7.7,,,,,,,,969.1,,1.5,,0,0,0,0,0,0,0,,,,
KLO,2010,9,29,3,8,,,,,,,,968.9,,1,,0,0,0,0,0,0,0,,,,
KLO,2010,9,29,4,8.2,,,,,,,,968.9,,1.1,,0,0,0,0,0,0,0,,,,
KLO,2010,9,29,5,8.4,,,,,,,,968.9,,0.5,,1,0,0,0,0,0,0,,,,
KLO,2010,9,29,6,9,,,,,,,,969.2,,0.5,,20,0,0,0,0,0,0,,,,
KLO,2010,9,29,7,9.4,,,,,,,,969.4,,0.9,,83,0,0,0,0,0,0,,,,
KLO,2010,9,29,8,10.3,,,,,,,,969.5,,0.4,,176,1470.6,29,0,0,0,0,,,,
KLO,2010,9,29,9,12,,,,,,,,969.4,,0.8,,382,1201.6,63,0,0,0,0,,,,
KLO,2010,9,29,10,12.8,,,,,,,,969.2,,1.6,,459,930.4,75.7,0,0,0,0,,,,
KLO,2010,9,29,11,13.2,,,,,,,,969,,1.7,,311,124.4,245.2,0,0,0,0,,,,
KLO,2010,9,29,12,14,,,,,,,,968.7,,1.7,,486,427.6,226.4,0,0,0,0,,,,
KLO,2010,9,29,13,14.6,,,,,,,,968.4,,0.8,,382,130.7,298.1,0,0,0,0,,,,
KLO,2010,9,29,14,14.9,,,,,,,,968,,0.3,,282,33,261.2,0,0,0,0,,,,
KLO,2010,9,29,15,14.9,,,,,,,,968,,0.6,,138,3.8,135.8,0,0,0,0,,,,
KLO,2010,9,29,16,14.3,,,,,,,,968.1,,1.6,,65,1.2,64.4,0,0,0,0,,,,
KLO,2010,9,29,17,13.2,,,,,,,,968.3,,1.4,,3,0,3,0,0,0,0,,,,
KLO,2010,9,29,18,12.1,,,,,,,,968.5,,1.2,,0,0,0,0,0,0,0,,,,
KLO,2010,9,29,19,11.7,,,,,,,,968.8,,0.9,,0,0,0,0,0,0,0,,,,
KLO,2010,9,29,20,11.7,,,,,,,,968.8,,1.1,,0,0,0,0,0,0,0,,,,
KLO,2010,9,29,21,10.8,,,,,,,,968.7,,0.9,,0,0,0,0,0,0,0,,,,
KLO,2010,9,29,22,9.5,,,,,,,,968.8,,0.9,,0,0,0,0,0,0,0,,,,
KLO,2010,9,29,23,7.6,,,,,,,,968.6,,0.7,,0,0,0,0,0,0,0,,,,
KLO,2010,9,30,0,6.8,,,,,,,,968.5,,1,,0,0,0,0,0,0,0,,,,
KLO,2010,9,30,1,6.3,,,,,,,,968.3,,0.9,,0,0,0,0,0,0,0,,,,
KLO,2010,9,30,2,7.1,,,,,,,,967.9,,1,,0,0,0,0,0,0,0,,,,
KLO,2010,9,30,3,7.8,,,,,,,,967.8,,0.6,,0,0,0,0,0,0,0,,,,
KLO,2010,9,30,4,8,,,,,,,,967.7,,1.3,,0,0,0,0,0,0,0,,,,
KLO,2010,9,30,5,8.6,,,,,,,,967.8,,1.1,,0,0,0,0,0,0,0,,,,
KLO,2010,9,30,6,8.9,,,,,,,,967.8,,0.9,,25,0,0,0,0,0,0,,,,
KLO,2010,9,30,7,9.6,,,,,,,,967.8,,1.1,,87,0,0,0,0,0,0,,,,
KLO,2010,9,30,8,10.6,,,,,,,,967.7,,0.8,,124,1079.1,20.5,0,0,0,0,,,,
KLO,2010,9,30,9,11.3,,,,,,,,967.7,,0.9,,194,325.5,109,0,0,0,0,,,,
KLO,2010,9,30,10,12.6,,,,,,,,967.3,,0.4,,347,523.5,133.6,0,0,0,0,,,,
KLO,2010,9,30,11,13.7,,,,,,,,967.1,,1.1,,278,76.9,237.7,0,0,0,0,,,,
KLO,2010,9,30,12,14.5,,,,,,,,966.7,,1,,311,67.6,270.3,0,0,0,0,,,,
KLO,2010,9,30,13,15.1,,,,,,,,966.4,,1.2,,206,7.5,201.2,0,0,0,0,,,,
KLO,2010,9,30,14,15.2,,,,,,,,966,,1.1,,153,3.9,150.5,0,0,0,0,,,,
KLO,2010,9,30,15,15,,,,,,,,965.7,,1.8,,99,2,97.9,0,0,0,0,,,,
KLO,2010,9,30,16,14.2,,,,,,,,965.6,,2.2,,54,0.9,53.6,0,0,0,0,,,,
KLO,2010,9,30,17,13.1,,,,,,,,965.6,,1.5,,8,0,8,0,0,0,0,,,,
KLO,2010,9,30,18,12.5,,,,,,,,965.8,,0.3,,0,0,0,0,0,0,0,,,,
KLO,2010,9,30,19,12.1,,,,,,,,966,,0.6,,0,0,0,0,0,0,0,,,,
KLO,2010,9,30,20,11.8,,,,,,,,966,,0.7,,0,0,0,0,0,0,0,,,,
KLO,2010,9,30,21,11.9,,,,,,,,965.9,,0.7,,0,0,0,0,0,0,0,,,,
KLO,2010,9,30,22,11.9,,,,,,,,965.8,,1.5,,0,0,0,0,0,0,0,,,,
KLO,2010,9,30,23,11.8,,,,,,,,965.5,,1.9,,0,0,0,0,0,0,0,,,,
KLO,2010,10,1,0,11.6,,,,,,,,965.4,,2,,0,0,0,0,0,0,0,,,,
KLO,2010,10,1,1,11.8,,,,,,,,965.4,,1.3,,0,0,0,0,0,0,0,,,,
KLO,2010,10,1,2,11.8,,,,,,,,965.3,,2,,0,0,0,0,0,0,0,,,,
KLO,2010,10,1,3,11.8,,,,,,,,965.3,,1.6,,0,0,0,0,0,0,0,,,,
KLO,2010,10,1,4,11.6,,,,,,,,965.3,,2.7,,0,0,0,0,0,0,0,,,,
KLO,2010,10,1,5,11.2,,,,,,,,965.6,,2.2,,1,0,0,0,0,0,0,,,,
KLO,2010,10,1,6,11.3,,,,,,,,965.8,,2,,27,0,0,0,0,0,0,,,,
KLO,2010,10,1,7,11.9,,,,,,,,966.1,,2.1,,133,0,0,0,0,0,0,,,,
KLO,2010,10,1,8,12.6,,,,,,,,966.2,,2.1,,254,2306.6,41.9,0,0,0,0,,,,
KLO,2010,10,1,9,13.1,,,,,,,,966.2,,2,,368,1195.4,60.7,0,0,0,0,,,,
KLO,2010,10,1,10,13.8,,,,,,,,966,,2,,426,879.4,71.4,0,0,0,0,,,,
KLO,2010,10,1,11,14.4,,,,,,,,965.7,,1.2,,538,854.3,94.4,0,0,0,0,,,,
KLO,2010,10,1,12,15.2,,,,,,,,965,,0.9,,555,674.6,152.1,0,0,0,0,,,,
KLO,2010,10,1,13,15.7,,,,,,,,964.8,,0.8,,381,138.2,293.7,0,0,0,0,,,,
KLO,2010,10,1,14,15.5,,,,,,,,964.6,,1.1,,217,10.1,210.8,0,0,0,0,,,,
KLO,2010,10,1,15,16.1,,,,,,,,964.3,,1.3,,279,54.6,248.2,0,0,0,0,,,,
KLO,2010,10,1,16,15.3,,,,,,,,964.3,,0.5,,85,2.2,84,0,0,0,0,,,,
KLO,2010,10,1,17,13,,,,,,,,964.6,,1.3,,3,0,3,0,0,0,0,,,,
KLO,2010,10,1,18,11.1,,,,,,,,964.7,,0.9,,0,0,0,0,0,0,0,,,,
KLO,2010,10,1,19,10,,,,,,,,964.9,,0.5,,0,0,0,0,0,0,0,,,,
KLO,2010,10,1,20,8.8,,,,,,,,965.1,,0.5,,0,0,0,0,0,0,0,,,,
KLO,2010,10,1,21,8.8,,,,,,,,965.2,,1,,0,0,0,0,0,0,0,,,,
KLO,2010,10,1,22,8,,,,,,,,965.5,,0.3,,0,0,0,0,0,0,0,,,,
KLO,2010,10,1,23,7.6,,,,,,,,965.5,,0.5,,0,0,0,0,0,0,0,,,,
KLO,2010,10,2,0,7.7,,,,,,,,965.6,,0.4,,0,0,0,0,0,0,0,,,,
KLO,2010,10,2,1,8.1,,,,,,,,965.6,,0.5,,0,0,0,0,0,0,0,,,,
KLO,2010,10,2,2,8.7,,,,,,,,965.5,,0.2,,0,0,0,0,0,0,0,,,,
KLO,2010,10,2,3,8.9,,,,,,,,965.4,,0.4,,0,0,0,0,0,0,0,,,,
KLO,2010,10,2,4,9.2,,,,,,,,965.4,,0.4,,0,0,0,0,0,0,0,,,,
KLO,2010,10,2,5,9.4,,,,,,,,965.4,,0.6,,0,0,0,0,0,0,0,,,,
KLO,2010,10,2,6,9.8,,,,,,,,965.7,,0.7,,33,0,0,0,0,0,0,,,,
KLO,2010,10,2,7,10.8,,,,,,,,966.1,,1,,103,0,0,0,0,0,0,,,,
KLO,2010,10,2,8,12.3,,,,,,,,966.3,,0.6,,249,2364.1,41.1,0,0,0,0,,,,
KLO,2010,10,2,9,14.2,,,,,,,,966.3,,0.7,,405,1337.6,66.8,0,0,0,0,,,,
KLO,2010,10,2,10,16.4,,,,,,,,966.3,,1.8,,462,967.5,76.2,0,0,0,0,,,,
KLO,2010,10,2,11,18,,,,,,,,966,,1.9,,538,866.1,92.3,0,0,0,0,,,,
KLO,2010,10,2,12,18.5,,,,,,,,965.5,,2.1,,330,96.3,273,0,0,0,0,,,,
KLO,2010,10,2,13,19.2,,,,,,,,965.1,,2.5,,381,143,291.4,0,0,0,0,,,,
KLO,2010,10,2,14,19,,,,,,,,965,,1.3,,238,16,228.2,0,0,0,0,,,,
KLO,2010,10,2,15,18.8,,,,,,,,964.8,,0.7,,124,3.3,122.2,0,0,0,0,,,,
KLO,2010,10,2,16,18.4,,,,,,,,964.6,,1.4,,89,2.5,87.9,0,0,0,0,,,,
KLO,2010,10,2,17,16.8,,,,,,,,964.7,,0.8,,4,0,4,0,0,0,0,,,,
KLO,2010,10,2,18,14.3,,,,,,,,964.8,,0.5,,0,0,0,0,0,0,0,,,,
KLO,2010,10,2,19,12.1,,,,,,,,964.8,,0.6,,0,0,0,0,0,0,0,,,,
KLO,2010,10,2,20,11.2,,,,,,,,964.9,,1,,0,0,0,0,0,0,0,,,,
KLO,2010,10,2,21,10.5,,,,,,,,964.8,,1.2,,0,0,0,0,0,0,0,,,,
KLO,2010,10,2,22,9.5,,,,,,,,964.6,,0.4,,0,0,0,0,0,0,0,,,,
KLO,2010,10,2,23,9.1,,,,,,,,964.2,,0.7,,0,0,0,0,0,0,0,,,,
KLO,2010,10,3,0,9,,,,,,,,964.1,,0.9,,0,0,0,0,0,0,0,,,,
KLO,2010,10,3,1,9.5,,,,,,,,963.8,,1.2,,0,0,0,0,0,0,0,,,,
KLO,2010,10,3,2,8.5,,,,,,,,963.3,,1.5,,0,0,0,0,0,0,0,,,,
KLO,2010,10,3,3,8.1,,,,,,,,962.9,,1.4,,0,0,0,0,0,0,0,,,,
KLO,2010,10,3,4,7.7,,,,,,,,962.5,,1,,0,0,0,0,0,0,0,,,,
KLO,2010,10,3,5,7.5,,,,,,,,962.4,,1.8,,2,0,0,0,0,0,0,,,,
KLO,2010,10,3,6,9.2,,,,,,,,962.8,,0.8,,67,0,0,0,0,0,0,,,,
KLO,2010,10,3,7,10.5,,,,,,,,963.1,,0.6,,149,0,0,0,0,0,0,,,,
KLO,2010,10,3,8,12.8,,,,,,,,963.1,,0.4,,398,3959.1,65.7,0,0,0,0,,,,
KLO,2010,10,3,9,15.1,,,,,,,,962.8,,1,,431,1447.8,71.1,0,0,0,0,,,,
KLO,2010,10,3,10,17.3,,,,,,,,962.2,,1.1,,614,1300.4,101.3,0,0,0,0,,,,
KLO,2010,10,3,11,19.3,,,,,,,,961.4,,0.8,,623,1020.2,102.8,0,0,0,0,,,,
KLO,2010,10,3,12,20.9,,,,,,,,960.4,,0.6,,609,854.6,107,0,0,0,0,,,,
KLO,2010,10,3,13,21.8,,,,,,,,959.6,,0.9,,538,549.4,196.6,0,0,0,0,,,,
KLO,2010,10,3,14,22.3,,,,,,,,958.8,,1.6,,420,241.8,272.6,0,0,0,0,,,,
KLO,2010,10,3,15,21.7,,,,,,,,958.4,,3.6,,261,43.2,237.1,0,0,0,0,,,,
KLO,2010,10,3,16,20.5,,,,,,,,957.9,,2.5,,95,2.9,93.7,0,0,0,0,,,,
KLO,2010,10,3,17,18.2,,,,,,,,957.7,,0.8,,1,0,1,0,0,0,0,,,,
KLO,2010,10,3,18,14.8,,,,,,,,957.6,,1,,0,0,0,0,0,0,0,,,,
KLO,2010,10,3,19,13.1,,,,,,,,957.4,,1.4,,0,0,0,0,0,0,0,,,,
KLO,2010,10,3,20,11.3,,,,,,,,957.3,,2,,0,0,0,0,0,0,0,,,,
KLO,2010,10,3,21,11,,,,,,,,957.1,,2.3,,0,0,0,0,0,0,0,,,,
KLO,2010,10,3,22,10.4,,,,,,,,957.2,,1.6,,0,0,0,0,0,0,0,,,,
KLO,2010,10,3,23,9.7,,,,,,,,957.2,,0.6,,0,0,0,0,0,0,0,,,,
KLO,2010,10,4,0,8.1,,,,,,,,957.2,,0.5,,0,0,0,0,0,0,0,,,,
KLO,2010,10,4,1,8.3,,,,,,,,956.8,,0.4,,0,0,0,0,0,0,0,,,,
KLO,2010,10,4,2,8.1,,,,,,,,956.2,,0.8,,0,0,0,0,0,0,0,,,,
KLO,2010,10,4,3,7.6,,,,,,,,955.9,,0.9,,0,0,0,0,0,0,0,,,,
KLO,2010,10,4,4,7.2,,,,,,,,955.5,,0.9,,0,0,0,0,0,0,0,,,,
KLO,2010,10,4,5,7,,,,,,,,955.3,,1.1,,2,0,0,0,0,0,0,,,,
KLO,2010,10,4,6,8.3,,,,,,,,955.2,,1.1,,82,0,0,0,0,0,0,,,,
KLO,2010,10,4,7,12.1,,,,,,,,955.2,,1.6,,218,0,0,0,0,0,0,,,,
KLO,2010,10,4,8,14.8,,,,,,,,954.8,,2.3,,391,4084.6,64.5,0,0,0,0,,,,
KLO,2010,10,4,9,16.6,,,,,,,,954.4,,2.3,,515,1760.2,85,0,0,0,0,,,,
KLO,2010,10,4,10,18,,,,,,,,953.8,,2,,513,1098.9,84.6,0,0,0,0,,,,
KLO,2010,10,4,11,19.6,,,,,,,,953,,2.8,,521,846.9,93.2,0,0,0,0,,,,
KLO,2010,10,4,12,20.6,,,,,,,,951.8,,2.6,,456,392.5,227.4,0,0,0,0,,,,
KLO,2010,10,4,13,22.1,,,,,,,,950.9,,3.7,,520,506.2,208,0,0,0,0,,,,
KLO,2010,10,4,14,22.2,,,,,,,,950.6,,3.3,,347,110.3,280.3,0,0,0,0,,,,
KLO,2010,10,4,15,21.4,,,,,,,,950.6,,2.3,,155,5.3,152.1,0,0,0,0,,,,
KLO,2010,10,4,16,19.7,,,,,,,,950.6,,1.7,,56,1,55.5,0,0,0,0,,,,
KLO,2010,10,4,17,17.2,,,,,,,,951,,1.5,,2,0,2,0,0,0,0,,,,
KLO,2010,10,4,18,16.2,,,,,,,,952.1,,3,,0,0,0,0,0,0,0,,,,
KLO,2010,10,4,19,16.7,,,,,,,,953.8,,4.6,,0,0,0,0,0,0,0,,,,
KLO,2010,10,4,20,16.2,,,,,,,,954.6,,1.6,,0,0,0,0,0,0,0,,,,
KLO,2010,10,4,21,16.2,,,,,,,,955.3,,2.3,,0,0,0,0,0,0,0,,,,
KLO,2010,10,4,22,15.1,,,,,,,,955.3,,1,,0,0,0,0,0,0,0,,,,
KLO,2010,10,4,23,14.3,,,,,,,,955.5,,0.6,,0,0,0,0,0,0,0,,,,
KLO,2010,10,5,0,13.9,,,,,,,,956,,0.9,,0,0,0,0,0,0,0,,,,
KLO,2010,10,5,1,14.1,,,,,,,,956.7,,1.4,,0,0,0,0,0,0,0,,,,
KLO,2010,10,5,2,14.6,,,,,,,,957.3,,1.4,,0,0,0,0,0,0,0,,,,
KLO,2010,10,5,3,14.6,,,,,,,,957.7,,1.9,,0,0,0,0,0,0,0,,,,
KLO,2010,10,5,4,14.5,,,,,,,,958.1,,0.5,,0,0,0,0,0,0,0,,,,
KLO,2010,10,5,5,14.5,,,,,,,,958.3,,1.2,,0,0,0,0,0,0,0,,,,
KLO,2010,10,5,6,14.6,,,,,,,,958.8,,2.1,,6,0,0,0,0,0,0,,,,
KLO,2010,10,5,7,15,,,,,,,,959.4,,2.4,,55,0,0,0,0,0,0,,,,
KLO,2010,10,5,8,15,,,,,,,,959.9,,2.5,,78,841.1,14.1,0,0,0,0,,,,
KLO,2010,10,5,9,15.2,,,,,,,,960.3,,2.3,,140,118.1,111.6,0,0,0,0,,,,
KLO,2010,10,5,10,15.9,,,,,,,,960.4,,2.6,,270,258,170.6,0,0,0,0,,,,
KLO,2010,10,5,11,16.6,,,,,,,,960.5,,2.4,,280,97.6,231.1,0,0,0,0,,,,
KLO,2010,10,5,12,17.6,,,,,,,,960.3,,2.4,,388,217.7,262.3,0,0,0,0,,,,
KLO,2010,10,5,13,18.8,,,,,,,,960.5,,2.9,,508,481.8,213.7,0,0,0,0,,,,
KLO,2010,10,5,14,17.7,,,,,,,,960.8,,3.4,,168,5.2,164.9,0,0,0,0,,,,
KLO,2010,10,5,15,16.2,,,,,,,,961.2,,2.6,,77,1.3,76.3,0,0,0,0,,,,
KLO,2010,10,5,16,15.9,,,,,,,,961.6,,1.4,,70,1.6,69.3,0,0,0,0,,,,
KLO,2010,10,5,17,14.4,,,,,,,,962.3,,1.5,,1,0,1,0,0,0,0,,,,
KLO,2010,10,5,18,14.2,,,,,,,,962.8,,1.8,,0,0,0,0,0,0,0,,,,
KLO,2010,10,5,19,12.3,,,,,,,,963.1,,0.8,,0,0,0,0,0,0,0,,,,
KLO,2010,10,5,20,11,,,,,,,,963.4,,0.6,,0,0,0,0,0,0,0,,,,
KLO,2010,10,5,21,10.6,,,,,,,,963.5,,1.5,,0,0,0,0,0,0,0,,,,
KLO,2010,10,5,22,10.5,,,,,,,,963.3,,1.3,,0,0,0,0,0,0,0,,,,
KLO,2010,10,5,23,9.6,,,,,,,,963.4,,0.6,,0,0,0,0,0,0,0,,,,
KLO,2010,10,6,0,8.8,,,,,,,,963.5,,1,,0,0,0,0,0,0,0,,,,
KLO,2010,10,6,1,9.5,,,,,,,,963.1,,0.8,,0,0,0,0,0,0,0,,,,
KLO,2010,10,6,2,9.9,,,,,,,,962.8,,1.8,,0,0,0,0,0,0,0,,,,
KLO,2010,10,6,3,9.9,,,,,,,,962.9,,1.8,,0,0,0,0,0,0,0,,,,
KLO,2010,10,6,4,10.3,,,,,,,,962.9,,2.1,,0,0,0,0,0,0,0,,,,
KLO,2010,10,6,5,10.4,,,,,,,,963.1,,1.2,,0,0,0,0,0,0,0,,,,
KLO,2010,10,6,6,10.6,,,,,,,,963.5,,0.8,,15,0,0,0,0,0,0,,,,
KLO,2010,10,6,7,10.7,,,,,,,,964,,0.9,,43,0,0,0,0,0,0,,,,
KLO,2010,10,6,8,11.2,,,,,,,,964.2,,0.8,,100,1161.3,16.5,0,0,0,0,,,,
KLO,2010,10,6,9,11.9,,,,,,,,964.6,,0.5,,137,116,109.7,0,0,0,0,,,,
KLO,2010,10,6,10,12.3,,,,,,,,964.9,,0.6,,124,7.6,121.1,0,0,0,0,,,,
KLO,2010,10,6,11,13,,,,,,,,964.9,,0.6,,172,9.6,167.2,0,0,0,0,,,,
KLO,2010,10,6,12,14.3,,,,,,,,964.7,,0.5,,444,378.5,227.3,0,0,0,0,,,,
KLO,2010,10,6,13,15.2,,,,,,,,964.6,,0.6,,500,469.7,215.5,0,0,0,0,,,,
KLO,2010,10,6,14,16.7,,,,,,,,964.6,,1,,396,211.5,270.5,0,0,0,0,,,,
KLO,2010,10,6,15,17,,,,,,,,964.8,,0.6,,225,23.7,212.3,0,0,0,0,,,,
KLO,2010,10,6,16,15.6,,,,,,,,965.1,,1.8,,48,0.8,47.7,0,0,0,0,,,,
KLO,2010,10,6,17,13.7,,,,,,,,965.5,,1.7,,1,0,1,0,0,0,0,,,,
KLO,2010,10,6,18,12.3,,,,,,,,966.1,,1.7,,0,0,0,0,0,0,0,,,,
KLO,2010,10,6,19,11.6,,,,,,,,966.7,,1.7,,0,0,0,0,0,0,0,,,,
KLO,2010,10,6,20,10.6,,,,,,,,967.1,,0.6,,0,0,0,0,0,0,0,,,,
KLO,2010,10,6,21,10.3,,,,,,,,967.5,,1,,0,0,0,0,0,0,0,,,,
KLO,2010,10,6,22,9.5,,,,,,,,967.7,,0.7,,0,0,0,0,0,0,0,,,,
KLO,2010,10,6,23,9.2,,,,,,,,967.8,,0.7,,0,0,0,0,0,0,0,,,,
KLO,2010,10,7,0,10.1,,,,,,,,968.1,,0.8,,0,0,0,0,0,0,0,,,,
KLO,2010,10,7,1,10.4,,,,,,,,968.3,,1.2,,0,0,0,0,0,0,0,,,,
KLO,2010,10,7,2,11,,,,,,,,968.6,,1.3,,0,0,0,0,0,0,0,,,,
KLO,2010,10,7,3,11.4,,,,,,,,968.8,,0.6,,0,0,0,0,0,0,0,,,,
KLO,2010,10,7,4,12.1,,,,,,,,969.1,,0.6,,0,0,0,0,0,0,0,,,,
KLO,2010,10,7,5,12.6,,,,,,,,969.3,,1.3,,0,0,0,0,0,0,0,,,,
KLO,2010,10,7,6,12.6,,,,,,,,969.6,,1.2,,12,0,0,0,0,0,0,,,,
KLO,2010,10,7,7,12.4,,,,,,,,970,,1.5,,55,0,0,0,0,0,0,,,,
KLO,2010,10,7,8,12.6,,,,,,,,970.3,,1,,115,1414.4,19,0,0,0,0,,,,
KLO,2010,10,7,9,14.1,,,,,,,,970.3,,0.8,,171,315.9,97.9,0,0,0,0,,,,
KLO,2010,10,7,10,14.7,,,,,,,,970.3,,3.1,,156,22.2,147.6,0,0,0,0,,,,
KLO,2010,10,7,11,14.6,,,,,,,,969.9,,3.1,,132,4.8,129.7,0,0,0,0,,,,
KLO,2010,10,7,12,14.9,,,,,,,,969.4,,3.3,,164,5.5,160.9,0,0,0,0,,,,
KLO,2010,10,7,13,15.3,,,,,,,,969.2,,4.4,,166,5,163,0,0,0,0,,,,
KLO,2010,10,7,14,15.5,,,,,,,,969.1,,3.5,,114,2.5,112.5,0,0,0,0,,,,
KLO,2010,10,7,15,15.5,,,,,,,,969,,3.7,,55,0.7,54.6,0,0,0,0,,,,
KLO,2010,10,7,16,15.4,,,,,,,,968.9,,2.3,,14,0.1,14,0,0,0,0,,,,
KLO,2010,10,7,17,15.3,,,,,,,,969,,2.8,,0,0,0,0,0,0,0,,,,
KLO,2010,10,7,18,15.1,,,,,,,,969.2,,3,,0,0,0,0,0,0,0,,,,
KLO,2010,10,7,19,15,,,,,,,,969.4,,3.4,,0,0,0,0,0,0,0,,,,
KLO,2010,10,7,20,14.6,,,,,,,,969.4,,3.9,,0,0,0,0,0,0,0,,,,
KLO,2010,10,7,21,14.4,,,,,,,,969.6,,3.4,,0,0,0,0,0,0,0,,,,
KLO,2010,10,7,22,14.1,,,,,,,,969.6,,2.4,,0,0,0,0,0,0,0,,,,
KLO,2010,10,7,23,13.8,,,,,,,,969.3,,2.6,,0,0,0,0,0,0,0,,,,
KLO,2010,10,8,0,13.6,,,,,,,,969.4,,2.9,,0,0,0,0,0,0,0,,,,
KLO,2010,10,8,1,13.5,,,,,,,,969.2,,2.6,,0,0,0,0,0,0,0,,,,
KLO,2010,10,8,2,13.5,,,,,,,,968.9,,3.1,,0,0,0,0,0,0,0,,,,
KLO,2010,10,8,3,13.5,,,,,,,,968.6,,2.7,,0,0,0,0,0,0,0,,,,
KLO,2010,10,8,4,13.3,,,,,,,,968.6,,2.3,,0,0,0,0,0,0,0,,,,
KLO,2010,10,8,5,13.4,,,,,,,,968.6,,2.5,,0,0,0,0,0,0,0,,,,
KLO,2010,10,8,6,13.4,,,,,,,,968.8,,2.6,,18,0,0,0,0,0,0,,,,
KLO,2010,10,8,7,13.7,,,,,,,,969,,2,,61,0,0,0,0,0,0,,,,
KLO,2010,10,8,8,14.2,,,,,,,,969.3,,1.7,,87,1137.2,14.4,0,0,0,0,,,,
KLO,2010,10,8,9,14.6,,,,,,,,969.2,,1,,140,150.2,105.9,0,0,0,0,,,,
KLO,2010,10,8,10,15.1,,,,,,,,969.1,,1.1,,186,56.9,164.8,0,0,0,0,,,,
KLO,2010,10,8,11,16,,,,,,,,968.8,,1.9,,406,487,169.3,0,0,0,0,,,,
KLO,2010,10,8,12,17.5,,,,,,,,968.3,,2.2,,556,778.8,118,0,0,0,0,,,,
KLO,2010,10,8,13,18.5,,,,,,,,967.8,,1.7,,486,451.7,217.2,0,0,0,0,,,,
KLO,2010,10,8,14,18.4,,,,,,,,967.7,,3.1,,352,137.8,271.8,0,0,0,0,,,,
KLO,2010,10,8,15,17.7,,,,,,,,967.6,,3.8,,202,15.4,193.9,0,0,0,0,,,,
KLO,2010,10,8,16,16.8,,,,,,,,967.6,,2.6,,53,1,52.6,0,0,0,0,,,,
KLO,2010,10,8,17,15,,,,,,,,967.9,,1.7,,1,0,1,0,0,0,0,,,,
KLO,2010,10,8,18,13.8,,,,,,,,968.2,,2.3,,0,0,0,0,0,0,0,,,,
KLO,2010,10,8,19,12.8,,,,,,,,968.4,,2.4,,0,0,0,0,0,0,0,,,,
KLO,2010,10,8,20,11.7,,,,,,,,968.8,,2.4,,0,0,0,0,0,0,0,,,,
KLO,2010,10,8,21,11.1,,,,,,,,968.7,,2.4,,0,0,0,0,0,0,0,,,,
KLO,2010,10,8,22,10.3,,,,,,,,968.4,,2.2,,0,0,0,0,0,0,0,,,,
KLO,2010,10,8,23,12.2,,,,,,,,968.2,,2.1,,0,0,0,0,0,0,0,,,,
KLO,2010,10,9,0,12.9,,,,,,,,968.1,,1.4,,0,0,0,0,0,0,0,,,,
KLO,2010,10,9,1,13,,,,,,,,968,,1.7,,0,0,0,0,0,0,0,,,,
KLO,2010,10,9,2,13.1,,,,,,,,967.8,,1.3,,0,0,0,0,0,0,0,,,,
KLO,2010,10,9,3,13,,,,,,,,967.8,,1.1,,0,0,0,0,0,0,0,,,,
KLO,2010,10,9,4,13,,,,,,,,967.6,,0.9,,0,0,0,0,0,0,0,,,,
KLO,2010,10,9,5,13,,,,,,,,967.7,,1.1,,0,0,0,0,0,0,0,,,,
KLO,2010,10,9,6,12.9,,,,,,,,967.8,,1.4,,6,0,0,0,0,0,0,,,,
KLO,2010,10,9,7,13,,,,,,,,967.9,,1.8,,28,0,0,0,0,0,0,,,,
KLO,2010,10,9,8,13.2,,,,,,,,967.8,,1.6,,75,1045.9,12.4,0,0,0,0,,,,
KLO,2010,10,9,9,13.5,,,,,,,,967.5,,1.2,,97,28.3,90.7,0,0,0,0,,,,
KLO,2010,10,9,10,13.8,,,,,,,,967.1,,1,,114,6.5,111.6,0,0,0,0,,,,
KLO,2010,10,9,11,14,,,,,,,,966.5,,1.8,,116,3.8,114.2,0,0,0,0,,,,
KLO,2010,10,9,12,14.1,,,,,,,,965.7,,2.6,,114,2.8,112.5,0,0,0,0,,,,
KLO,2010,10,9,13,14,,,,,,,,965.3,,3,,82,1.3,81.3,0,0,0,0,,,,
KLO,2010,10,9,14,13.8,,,,,,,,965.1,,3,,57,0.6,56.6,0,0,0,0,,,,
KLO,2010,10,9,15,13.6,,,,,,,,964.9,,3.1,,32,0.2,31.9,0,0,0,0,,,,
KLO,2010,10,9,16,13.4,,,,,,,,964.8,,3.6,,9,0,9,0,0,0,0,,,,
KLO,2010,10,9,17,12.5,,,,,,,,964.9,,4.3,,0,0,0,0,0,0,0,,,,
KLO,2010,10,9,18,12,,,,,,,,964.9,,3.8,,0,0,0,0,0,0,0,,,,
KLO,2010,10,9,19,11.7,,,,,,,,964.5,,5.1,,0,0,0,0,0,0,0,,,,
KLO,2010,10,9,20,11.4,,,,,,,,964.3,,4.6,,0,0,0,0,0,0,0,,,,
KLO,2010,10,9,21,11.4,,,,,,,,964,,1.9,,0,0,0,0,0,0,0,,,,
KLO,2010,10,9,22,11.3,,,,,,,,963.4,,2.1,,0,0,0,0,0,0,0,,,,
KLO,2010,10,9,23,11.2,,,,,,,,963,,2.5,,0,0,0,0,0,0,0,,,,
KLO,2010,10,10,0,11,,,,,,,,962.5,,2.2,,0,0,0,0,0,0,0,,,,
KLO,2010,10,10,1,10.9,,,,,,,,962,,2.3,,0,0,0,0,0,0,0,,,,
KLO,2010,10,10,2,10.7,,,,,,,,961.7,,2.5,,0,0,0,0,0,0,0,,,,
KLO,2010,10,10,3,10.5,,,,,,,,961.3,,2.6,,0,0,0,0,0,0,0,,,,
KLO,2010,10,10,4,10.3,,,,,,,,960.9,,2,,0,0,0,0,0,0,0,,,,
KLO,2010,10,10,5,10.2,,,,,,,,960.7,,2.3,,0,0,0,0,0,0,0,,,,
KLO,2010,10,10,6,10.1,,,,,,,,960.5,,2,,13,0,0,0,0,0,0,,,,
KLO,2010,10,10,7,10,,,,,,,,960.3,,2.5,,41,0,0,0,0,0,0,,,,
KLO,2010,10,10,8,9.6,,,,,,,,960.3,,2.6,,59,729.3,18.2,0,0,0,0,,,,
KLO,2010,10,10,9,9.7,,,,,,,,960.4,,2.4,,102,40.2,93.2,0,0,0,0,,,,
KLO,2010,10,10,10,10.2,,,,,,,,960.1,,3,,201,92.6,167.4,0,0,0,0,,,,
KLO,2010,10,10,11,11.1,,,,,,,,959.6,,3.3,,231,48.5,207.9,0,0,0,0,,,,
KLO,2010,10,10,12,11.8,,,,,,,,959.4,,3.4,,189,9.1,184,0,0,0,0,,,,
KLO,2010,10,10,13,11.5,,,,,,,,959,,4.3,,112,2.4,110.6,0,0,0,0,,,,
KLO,2010,10,10,14,11,,,,,,,,958.9,,4.2,,57,0.7,56.6,0,0,0,0,,,,
KLO,2010,10,10,15,10.7,,,,,,,,958.7,,4,,39,0.4,38.8,0,0,0,0,,,,
KLO,2010,10,10,16,10.4,,,,,,,,958.6,,1.8,,37,0.5,36.8,0,0,0,0,,,,
KLO,2010,10,10,17,9.3,,,,,,,,958.6,,1,,1,0,1,0,0,0,0,,,,
KLO,2010,10,10,18,8.2,,,,,,,,958.4,,1.9,,0,0,0,0,0,0,0,,,,
KLO,2010,10,10,19,6.5,,,,,,,,958,,2.7,,0,0,0,0,0,0,0,,,,
KLO,2010,10,10,20,6.3,,,,,,,,957.8,,3.1,,0,0,0,0,0,0,0,,,,
KLO,2010,10,10,21,6.2,,,,,,,,957.8,,1.7,,0,0,0,0,0,0,0,,,,
KLO,2010,10,10,22,5.7,,,,,,,,957.7,,1.8,,0,0,0,0,0,0,0,,,,
KLO,2010,10,10,23,5.9,,,,,,,,957.9,,1.8,,0,0,0,0,0,0,0,,,,
KLO,2010,10,11,0,6.1,,,,,,,,957.9,,4.4,,0,0,0,0,0,0,0,,,,
KLO,2010,10,11,1,6.7,,,,,,,,957.5,,4.6,,0,0,0,0,0,0,0,,,,
KLO,2010,10,11,2,7,,,,,,,,957.4,,3.7,,0,0,0,0,0,0,0,,,,
KLO,2010,10,11,3,6.5,,,,,,,,957.5,,4.1,,0,0,0,0,0,0,0,,,,
KLO,2010,10,11,4,6.1,,,,,,,,957.6,,3.7,,0,0,0,0,0,0,0,,,,
KLO,2010,10,11,5,6.1,,,,,,,,957.9,,2.9,,0,0,0,0,0,0,0,,,,
KLO,2010,10,11,6,6.5,,,,,,,,958.3,,3.1,,23,0,0,0,0,0,0,,,,
KLO,2010,10,11,7,6.9,,,,,,,,958.6,,3.3,,80,0,0,0,0,0,0,,,,
KLO,2010,10,11,8,7.3,,,,,,,,958.9,,3.6,,158,0,0,0,0,0,0,,,,
KLO,2010,10,11,9,7.8,,,,,,,,959.3,,4.3,,240,936.2,39.6,0,0,0,0,,,,
KLO,2010,10,11,10,8.7,,,,,,,,959.7,,5.6,,350,758.4,78.6,0,0,0,0,,,,
KLO,2010,10,11,11,9.9,,,,,,,,959.7,,4.4,,503,888.6,83.9,0,0,0,0,,,,
KLO,2010,10,11,12,11.5,,,,,,,,959.5,,3.7,,554,816.4,107.3,0,0,0,0,,,,
KLO,2010,10,11,13,12.7,,,,,,,,959.3,,2.3,,475,456.2,210.7,0,0,0,0,,,,
KLO,2010,10,11,14,13.7,,,,,,,,959.3,,2.6,,350,151.6,264.2,0,0,0,0,,,,
KLO,2010,10,11,15,13.8,,,,,,,,959.5,,2.2,,198,16.3,189.7,0,0,0,0,,,,
KLO,2010,10,11,16,12.6,,,,,,,,959.8,,1.4,,52,1.1,51.6,0,0,0,0,,,,
KLO,2010,10,11,17,10.8,,,,,,,,960.5,,1.1,,0,0,0,0,0,0,0,,,,
KLO,2010,10,11,18,8.6,,,,,,,,960.9,,0.6,,0,0,0,0,0,0,0,,,,
KLO,2010,10,11,19,6.9,,,,,,,,961.1,,0.8,,0,0,0,0,0,0,0,,,,
KLO,2010,10,11,20,6.2,,,,,,,,961.4,,0.7,,0,0,0,0,0,0,0,,,,
KLO,2010,10,11,21,5.7,,,,,,,,961.8,,0.4,,0,0,0,0,0,0,0,,,,
KLO,2010,10,11,22,4.5,,,,,,,,962.1,,0.5,,0,0,0,0,0,0,0,,,,
KLO,2010,10,11,23,4,,,,,,,,962.4,,0.6,,0,0,0,0,0,0,0,,,,
KLO,2010,10,12,0,3.6,,,,,,,,962.6,,0.4,,0,0,0,0,0,0,0,,,,
KLO,2010,10,12,1,2.9,,,,,,,,962.8,,0.6,,0,0,0,0,0,0,0,,,,
KLO,2010,10,12,2,2.6,,,,,,,,962.9,,0.6,,0,0,0,0,0,0,0,,,,
KLO,2010,10,12,3,2.4,,,,,,,,963.1,,1.4,,0,0,0,0,0,0,0,,,,
KLO,2010,10,12,4,2.5,,,,,,,,963.2,,0.6,,0,0,0,0,0,0,0,,,,
KLO,2010,10,12,5,2,,,,,,,,963.5,,1,,0,0,0,0,0,0,0,,,,
KLO,2010,10,12,6,1.6,,,,,,,,963.7,,1.6,,34,0,0,0,0,0,0,,,,
KLO,2010,10,12,7,4.1,,,,,,,,964,,1.1,,167,0,0,0,0,0,0,,,,
KLO,2010,10,12,8,7.8,,,,,,,,963.9,,2.1,,324,0,0,0,0,0,0,,,,
KLO,2010,10,12,9,9.2,,,,,,,,963.7,,2.6,,469,1867.6,77.4,0,0,0,0,,,,
KLO,2010,10,12,10,10.5,,,,,,,,963.4,,2.3,,503,1188.8,83,0,0,0,0,,,,
KLO,2010,10,12,11,12,,,,,,,,962.8,,2.9,,565,1010.8,93.2,0,0,0,0,,,,
KLO,2010,10,12,12,13.4,,,,,,,,962.1,,2.9,,539,786.4,112.8,0,0,0,0,,,,
KLO,2010,10,12,13,13.9,,,,,,,,961.6,,3.2,,459,418,219.1,0,0,0,0,,,,
KLO,2010,10,12,14,14.4,,,,,,,,961.1,,3.3,,334,128.4,262.1,0,0,0,0,,,,
KLO,2010,10,12,15,14,,,,,,,,961.1,,2.9,,180,11,174.5,0,0,0,0,,,,
KLO,2010,10,12,16,13,,,,,,,,961.2,,2.1,,48,0.9,47.6,0,0,0,0,,,,
KLO,2010,10,12,17,10.9,,,,,,,,961.5,,1.6,,0,0,0,0,0,0,0,,,,
KLO,2010,10,12,18,10.8,,,,,,,,961.8,,1.8,,0,0,0,0,0,0,0,,,,
KLO,2010,10,12,19,8.7,,,,,,,,961.9,,2,,0,0,0,0,0,0,0,,,,
KLO,2010,10,12,20,6.9,,,,,,,,961.9,,2.9,,0,0,0,0,0,0,0,,,,
KLO,2010,10,12,21,6.6,,,,,,,,961.7,,2.9,,0,0,0,0,0,0,0,,,,
KLO,2010,10,12,22,5.5,,,,,,,,961.6,,1.9,,0,0,0,0,0,0,0,,,,
KLO,2010,10,12,23,5.1,,,,,,,,961.2,,3.4,,0,0,0,0,0,0,0,,,,
KLO,2010,10,13,0,5.6,,,,,,,,961.2,,4.8,,0,0,0,0,0,0,0,,,,
KLO,2010,10,13,1,5.9,,,,,,,,961.3,,1.1,,0,0,0,0,0,0,0,,,,
KLO,2010,10,13,2,5.2,,,,,,,,961.1,,1.4,,0,0,0,0,0,0,0,,,,
KLO,2010,10,13,3,5.7,,,,,,,,961.1,,1.1,,0,0,0,0,0,0,0,,,,
KLO,2010,10,13,4,6.2,,,,,,,,961,,1.6,,0,0,0,0,0,0,0,,,,
KLO,2010,10,13,5,6.7,,,,,,,,961.2,,2,,0,0,0,0,0,0,0,,,,
KLO,2010,10,13,6,6.9,,,,,,,,961.5,,1.9,,19,0,0,0,0,0,0,,,,
KLO,2010,10,13,7,7.3,,,,,,,,962,,2.2,,82,0,0,0,0,0,0,,,,
KLO,2010,10,13,8,8.1,,,,,,,,962.2,,2.8,,167,0,0,0,0,0,0,,,,
KLO,2010,10,13,9,8.1,,,,,,,,962.5,,4.3,,131,172.6,95.6,0,0,0,0,,,,
KLO,2010,10,13,10,8.4,,,,,,,,962.5,,5,,183,70.9,158.3,0,0,0,0,,,,
KLO,2010,10,13,11,8.7,,,,,,,,962.5,,4.9,,227,51.5,203.2,0,0,0,0,,,,
KLO,2010,10,13,12,8.4,,,,,,,,962.4,,3.3,,71,1.1,70.4,0,0,0,0,,,,
KLO,2010,10,13,13,8.6,,,,,,,,962,,2.8,,67,0.9,66.5,0,0,0,0,,,,
KLO,2010,10,13,14,8.9,,,,,,,,961.9,,3.2,,60,0.8,59.6,0,0,0,0,,,,
KLO,2010,10,13,15,9.1,,,,,,,,962.1,,2.2,,31,0.3,30.9,0,0,0,0,,,,
KLO,2010,10,13,16,9.1,,,,,,,,962.4,,2.1,,14,0.1,14,0,0,0,0,,,,
KLO,2010,10,13,17,9.2,,,,,,,,963,,1.6,,0,0,0,0,0,0,0,,,,
KLO,2010,10,13,18,9.1,,,,,,,,963.4,,2.3,,0,0,0,0,0,0,0,,,,
KLO,2010,10,13,19,8.9,,,,,,,,963.5,,2.7,,0,0,0,0,0,0,0,,,,
KLO,2010,10,13,20,8.5,,,,,,,,963.4,,2,,0,0,0,0,0,0,0,,,,
KLO,2010,10,13,21,8.4,,,,,,,,963.3,,3.9,,0,0,0,0,0,0,0,,,,
KLO,2010,10,13,22,8.3,,,,,,,,962.9,,3.6,,0,0,0,0,0,0,0,,,,
KLO,2010,10,13,23,8,,,,,,,,962.9,,1.4,,0,0,0,0,0,0,0,,,,
KLO,2010,10,14,0,7.9,,,,,,,,963,,1.5,,0,0,0,0,0,0,0,,,,
KLO,2010,10,14,1,7.7,,,,,,,,963,,0.8,,0,0,0,0,0,0,0,,,,
KLO,2010,10,14,2,7.6,,,,,,,,962.8,,1,,0,0,0,0,0,0,0,,,,
KLO,2010,10,14,3,7.6,,,,,,,,962.7,,1.8,,0,0,0,0,0,0,0,,,,
KLO,2010,10,14,4,7.6,,,,,,,,962.9,,1.6,,0,0,0,0,0,0,0,,,,
KLO,2010,10,14,5,7.6,,,,,,,,962.9,,1.7,,0,0,0,0,0,0,0,,,,
KLO,2010,10,14,6,8,,,,,,,,963.2,,0.7,,12,0,0,0,0,0,0,,,,
KLO,2010,10,14,7,8.6,,,,,,,,963.6,,0.7,,61,0,0,0,0,0,0,,,,
KLO,2010,10,14,8,9.3,,,,,,,,963.8,,1.7,,137,0,0,0,0,0,0,,,,
KLO,2010,10,14,9,10.2,,,,,,,,963.7,,2.7,,225,935,37.1,0,0,0,0,,,,
KLO,2010,10,14,10,10.9,,,,,,,,963.8,,3.6,,249,288.3,149.8,0,0,0,0,,,,
KLO,2010,10,14,11,10.5,,,,,,,,964.1,,3.9,,142,6.5,139,0,0,0,0,,,,
KLO,2010,10,14,12,11.1,,,,,,,,963.9,,3.6,,221,22.1,209.2,0,0,0,0,,,,
KLO,2010,10,14,13,11.2,,,,,,,,963.8,,3.3,,236,23,223,0,0,0,0,,,,
KLO,2010,10,14,14,11.5,,,,,,,,963.7,,2.3,,298,82.8,252.5,0,0,0,0,,,,
KLO,2010,10,14,15,11.1,,,,,,,,963.8,,2.3,,174,10.4,168.9,0,0,0,0,,,,
KLO,2010,10,14,16,9.9,,,,,,,,963.9,,1.6,,26,0.3,25.9,0,0,0,0,,,,
KLO,2010,10,14,17,9.1,,,,,,,,964.2,,1.8,,0,0,0,0,0,0,0,,,,
KLO,2010,10,14,18,8.8,,,,,,,,964.3,,1.4,,0,0,0,0,0,0,0,,,,
KLO,2010,10,14,19,8.7,,,,,,,,964.4,,1.3,,0,0,0,0,0,0,0,,,,
KLO,2010,10,14,20,8.3,,,,,,,,964.4,,2.5,,0,0,0,0,0,0,0,,,,
KLO,2010,10,14,21,8.6,,,,,,,,964.3,,2.1,,0,0,0,0,0,0,0,,,,
KLO,2010,10,14,22,8,,,,,,,,964.1,,2.6,,0,0,0,0,0,0,0,,,,
KLO,2010,10,14,23,6.7,,,,,,,,964,,2.3,,0,0,0,0,0,0,0,,,,
KLO,2010,10,15,0,6.3,,,,,,,,963.9,,2.6,,0,0,0,0,0,0,0,,,,
KLO,2010,10,15,1,6.4,,,,,,,,963.9,,2.5,,0,0,0,0,0,0,0,,,,
KLO,2010,10,15,2,6.7,,,,,,,,963.5,,3.2,,0,0,0,0,0,0,0,,,,
KLO,2010,10,15,3,6.3,,,,,,,,963.4,,4.2,,0,0,0,0,0,0,0,,,,
KLO,2010,10,15,4,5.6,,,,,,,,963.3,,4.4,,0,0,0,0,0,0,0,,,,
KLO,2010,10,15,5,4.8,,,,,,,,963.1,,4.9,,0,0,0,0,0,0,0,,,,
KLO,2010,10,15,6,5.4,,,,,,,,963.4,,4.3,,22,0,0,0,0,0,0,,,,
KLO,2010,10,15,7,6.4,,,,,,,,963.7,,5.3,,81,0,0,0,0,0,0,,,,
KLO,2010,10,15,8,7.1,,,,,,,,963.9,,5.7,,130,0,0,0,0,0,0,,,,
KLO,2010,10,15,9,7.7,,,,,,,,963.9,,5,,194,772.2,42.2,0,0,0,0,,,,
KLO,2010,10,15,10,8.6,,,,,,,,963.8,,3.6,,277,446.4,125.5,0,0,0,0,,,,
KLO,2010,10,15,11,8.8,,,,,,,,963.5,,3.8,,182,18.8,173.5,0,0,0,0,,,,
KLO,2010,10,15,12,8.9,,,,,,,,963,,3.7,,145,5,142.4,0,0,0,0,,,,
KLO,2010,10,15,13,8.4,,,,,,,,963,,3.5,,76,1.2,75.3,0,0,0,0,,,,
KLO,2010,10,15,14,8.7,,,,,,,,962.8,,2.3,,85,1.6,84.1,0,0,0,0,,,,
KLO,2010,10,15,15,8.5,,,,,,,,962.7,,1.3,,51,0.7,50.6,0,0,0,0,,,,
KLO,2010,10,15,16,8.3,,,,,,,,962.6,,1.2,,13,0.1,13,0,0,0,0,,,,
KLO,2010,10,15,17,8.1,,,,,,,,962.7,,1.9,,0,0,0,0,0,0,0,,,,
KLO,2010,10,15,18,7.7,,,,,,,,962.7,,2.6,,0,0,0,0,0,0,0,,,,
KLO,2010,10,15,19,7.1,,,,,,,,962.4,,1.2,,0,0,0,0,0,0,0,,,,
KLO,2010,10,15,20,6.9,,,,,,,,962.4,,1.4,,0,0,0,0,0,0,0,,,,
KLO,2010,10,15,21,7.2,,,,,,,,962.1,,0.7,,0,0,0,0,0,0,0,,,,
KLO,2010,10,15,22,6.7,,,,,,,,961.7,,1.5,,0,0,0,0,0,0,0,,,,
KLO,2010,10,15,23,6.5,,,,,,,,961.4,,1,,0,0,0,0,0,0,0,,,,
KLO,2010,10,16,0,6.6,,,,,,,,961.1,,0.7,,0,0,0,0,0,0,0,,,,
KLO,2010,10,16,1,6.6,,,,,,,,960.6,,1.1,,0,0,0,0,0,0,0,,,,
KLO,2010,10,16,2,6.8,,,,,,,,960.1,,2.4,,0,0,0,0,0,0,0,,,,
KLO,2010,10,16,3,6.8,,,,,,,,959.9,,1.8,,0,0,0,0,0,0,0,,,,
KLO,2010,10,16,4,6.5,,,,,,,,959.8,,1.3,,0,0,0,0,0,0,0,,,,
KLO,2010,10,16,5,6.5,,,,,,,,959.7,,0.7,,0,0,0,0,0,0,0,,,,
KLO,2010,10,16,6,6.4,,,,,,,,960,,2,,2,0,0,0,0,0,0,,,,
KLO,2010,10,16,7,6,,,,,,,,960.3,,1.6,,32,0,0,0,0,0,0,,,,
KLO,2010,10,16,8,6.1,,,,,,,,960.5,,2.4,,43,0,0,0,0,0,0,,,,
KLO,2010,10,16,9,6.3,,,,,,,,960.6,,2.1,,71,12.4,68.6,0,0,0,0,,,,
KLO,2010,10,16,10,6.6,,,,,,,,960.6,,2.7,,145,27.1,135.9,0,0,0,0,,,,
KLO,2010,10,16,11,6.9,,,,,,,,960.5,,2.2,,104,3.5,102.4,0,0,0,0,,,,
KLO,2010,10,16,12,7,,,,,,,,960.2,,2.4,,102,2.5,100.7,0,0,0,0,,,,
KLO,2010,10,16,13,7.1,,,,,,,,960.1,,2.4,,82,1.4,81.2,0,0,0,0,,,,
KLO,2010,10,16,14,7.2,,,,,,,,960.2,,2.3,,62,0.9,61.5,0,0,0,0,,,,
KLO,2010,10,16,15,7.1,,,,,,,,960.3,,2.4,,27,0.2,26.9,0,0,0,0,,,,
KLO,2010,10,16,16,7,,,,,,,,960.6,,1,,11,0.1,11,0,0,0,0,,,,
KLO,2010,10,16,17,6.8,,,,,,,,961.1,,0.8,,0,0,0,0,0,0,0,,,,
KLO,2010,10,16,18,6.9,,,,,,,,961.6,,1.1,,0,0,0,0,0,0,0,,,,
KLO,2010,10,16,19,7.1,,,,,,,,961.7,,0.4,,0,0,0,0,0,0,0,,,,
KLO,2010,10,16,20,7,,,,,,,,961.9,,1.1,,0,0,0,0,0,0,0,,,,
KLO,2010,10,16,21,7.2,,,,,,,,962,,0.8,,0,0,0,0,0,0,0,,,,
KLO,2010,10,16,22,7.1,,,,,,,,962.1,,0.6,,0,0,0,0,0,0,0,,,,
KLO,2010,10,16,23,6.9,,,,,,,,962.1,,0.5,,0,0,0,0,0,0,0,,,,
KLO,2010,10,17,0,6.8,,,,,,,,962.1,,0.7,,0,0,0,0,0,0,0,,,,
KLO,2010,10,17,1,6.8,,,,,,,,962.2,,0.9,,0,0,0,0,0,0,0,,,,
KLO,2010,10,17,2,6.8,,,,,,,,962.2,,1.8,,0,0,0,0,0,0,0,,,,
KLO,2010,10,17,3,6.5,,,,,,,,962.1,,2.2,,0,0,0,0,0,0,0,,,,
KLO,2010,10,17,4,6.5,,,,,,,,962.2,,2.8,,0,0,0,0,0,0,0,,,,
KLO,2010,10,17,5,6.4,,,,,,,,962.5,,2.7,,0,0,0,0,0,0,0,,,,
KLO,2010,10,17,6,6.6,,,,,,,,962.8,,2.8,,5,0,0,0,0,0,0,,,,
KLO,2010,10,17,7,6.8,,,,,,,,963.1,,3.4,,27,0,0,0,0,0,0,,,,
KLO,2010,10,17,8,7.1,,,,,,,,963.5,,3.9,,83,0,0,0,0,0,0,,,,
KLO,2010,10,17,9,7.5,,,,,,,,963.8,,4.7,,146,375.5,75.5,0,0,0,0,,,,
KLO,2010,10,17,10,7.3,,,,,,,,964.1,,5.1,,117,10.3,113.6,0,0,0,0,,,,
KLO,2010,10,17,11,7.3,,,,,,,,964.3,,5.1,,142,7.1,138.8,0,0,0,0,,,,
KLO,2010,10,17,12,8,,,,,,,,964,,5.1,,211,20.2,200.6,0,0,0,0,,,,
KLO,2010,10,17,13,8.3,,,,,,,,964,,5.3,,210,14.8,201.9,0,0,0,0,,,,
KLO,2010,10,17,14,8,,,,,,,,964.3,,5.5,,129,3.8,127,0,0,0,0,,,,
KLO,2010,10,17,15,7.5,,,,,,,,964.7,,3.9,,48,0.7,47.7,0,0,0,0,,,,
KLO,2010,10,17,16,7.1,,,,,,,,965.3,,4,,6,0,6,0,0,0,0,,,,
KLO,2010,10,17,17,6.8,,,,,,,,965.7,,3.3,,0,0,0,0,0,0,0,,,,
KLO,2010,10,17,18,6.8,,,,,,,,966.2,,3.4,,0,0,0,0,0,0,0,,,,
KLO,2010,10,17,19,6.8,,,,,,,,966.5,,3.3,,0,0,0,0,0,0,0,,,,
KLO,2010,10,17,20,6.8,,,,,,,,966.8,,4,,0,0,0,0,0,0,0,,,,
KLO,2010,10,17,21,6.7,,,,,,,,966.9,,4.9,,0,0,0,0,0,0,0,,,,
KLO,2010,10,17,22,6.5,,,,,,,,967.1,,3.9,,0,0,0,0,0,0,0,,,,
KLO,2010,10,17,23,6.3,,,,,,,,967.2,,3.5,,0,0,0,0,0,0,0,,,,
KLO,2010,10,18,0,6.1,,,,,,,,967.4,,4,,0,0,0,0,0,0,0,,,,
KLO,2010,10,18,1,6,,,,,,,,967.5,,3,,0,0,0,0,0,0,0,,,,
KLO,2010,10,18,2,5.9,,,,,,,,967.5,,3.6,,0,0,0,0,0,0,0,,,,
KLO,2010,10,18,3,5.8,,,,,,,,967.6,,3.8,,0,0,0,0,0,0,0,,,,
KLO,2010,10,18,4,5.9,,,,,,,,967.9,,3.1,,0,0,0,0,0,0,0,,,,
KLO,2010,10,18,5,5.9,,,,,,,,968.1,,3.2,,0,0,0,0,0,0,0,,,,
KLO,2010,10,18,6,5.9,,,,,,,,968.5,,3.3,,2,0,0,0,0,0,0,,,,
KLO,2010,10,18,7,6.1,,,,,,,,969.1,,3.3,,13,0,0,0,0,0,0,,,,
KLO,2010,10,18,8,6.2,,,,,,,,969.5,,2.6,,48,0,0,0,0,0,0,,,,
KLO,2010,10,18,9,6.7,,,,,,,,969.6,,3.7,,126,233,83.3,0,0,0,0,,,,
KLO,2010,10,18,10,7.2,,,,,,,,969.7,,3.5,,138,24.2,130.1,0,0,0,0,,,,
KLO,2010,10,18,11,7.6,,,,,,,,969.6,,2.6,,123,5.2,120.7,0,0,0,0,,,,
KLO,2010,10,18,12,8,,,,,,,,969.2,,2.7,,207,19.2,197.2,0,0,0,0,,,,
KLO,2010,10,18,13,7.8,,,,,,,,969,,3.4,,170,6.6,166.4,0,0,0,0,,,,
KLO,2010,10,18,14,7.6,,,,,,,,968.9,,2.8,,85,1.7,84.1,0,0,0,0,,,,
KLO,2010,10,18,15,7.4,,,,,,,,968.8,,2,,33,0.3,32.8,0,0,0,0,,,,
KLO,2010,10,18,16,7.2,,,,,,,,968.9,,1.6,,3,0,3,0,0,0,0,,,,
KLO,2010,10,18,17,6.8,,,,,,,,969.3,,2,,0,0,0,0,0,0,0,,,,
KLO,2010,10,18,18,6.2,,,,,,,,969.4,,2.6,,0,0,0,0,0,0,0,,,,
KLO,2010,10,18,19,5.8,,,,,,,,969.6,,1.9,,0,0,0,0,0,0,0,,,,
KLO,2010,10,18,20,4.3,,,,,,,,969.7,,2.4,,0,0,0,0,0,0,0,,,,
KLO,2010,10,18,21,3.8,,,,,,,,969.6,,1.9,,0,0,0,0,0,0,0,,,,
KLO,2010,10,18,22,2.9,,,,,,,,969.2,,1.7,,0,0,0,0,0,0,0,,,,
KLO,2010,10,18,23,1.8,,,,,,,,968.8,,1.4,,0,0,0,0,0,0,0,,,,
KLO,2010,10,19,0,1.5,,,,,,,,968.3,,1.3,,0,0,0,0,0,0,0,,,,
KLO,2010,10,19,1,0.8,,,,,,,,968.1,,1.1,,0,0,0,0,0,0,0,,,,
KLO,2010,10,19,2,0.7,,,,,,,,967.6,,1.6,,0,0,0,0,0,0,0,,,,
KLO,2010,10,19,3,0.3,,,,,,,,967.1,,1.3,,0,0,0,0,0,0,0,,,,
KLO,2010,10,19,4,1.1,,,,,,,,967,,1,,0,0,0,0,0,0,0,,,,
KLO,2010,10,19,5,1.9,,,,,,,,966.7,,1.1,,0,0,0,0,0,0,0,,,,
KLO,2010,10,19,6,1.8,,,,,,,,966.7,,1.3,,23,0,0,0,0,0,0,,,,
KLO,2010,10,19,7,3.1,,,,,,,,966.5,,2.8,,148,0,0,0,0,0,0,,,,
KLO,2010,10,19,8,5,,,,,,,,965.9,,2.1,,147,0,0,0,0,0,0,,,,
KLO,2010,10,19,9,6.2,,,,,,,,965.3,,2.7,,259,1208.3,42.7,0,0,0,0,,,,
KLO,2010,10,19,10,6.5,,,,,,,,964.4,,5.4,,146,34.6,134.9,0,0,0,0,,,,
KLO,2010,10,19,11,7.2,,,,,,,,963.6,,5,,157,11.4,152.1,0,0,0,0,,,,
KLO,2010,10,19,12,7.7,,,,,,,,963,,5.7,,177,9.7,172.1,0,0,0,0,,,,
KLO,2010,10,19,13,8.5,,,,,,,,961.9,,5.9,,173,7.2,169.1,0,0,0,0,,,,
KLO,2010,10,19,14,8.9,,,,,,,,961.4,,5.7,,171,7.6,167,0,0,0,0,,,,
KLO,2010,10,19,15,9,,,,,,,,960.9,,5.3,,60,1.1,59.5,0,0,0,0,,,,
KLO,2010,10,19,16,9.2,,,,,,,,960.5,,5.9,,13,0.1,13,0,0,0,0,,,,
KLO,2010,10,19,17,9.1,,,,,,,,960.4,,6,,0,0,0,0,0,0,0,,,,
KLO,2010,10,19,18,9.3,,,,,,,,960.1,,7,,0,0,0,0,0,0,0,,,,
KLO,2010,10,19,19,8.4,,,,,,,,959.9,,6.2,,0,0,0,0,0,0,0,,,,
KLO,2010,10,19,20,8,,,,,,,,959.5,,4.5,,0,0,0,0,0,0,0,,,,
KLO,2010,10,19,21,8.1,,,,,,,,959,,5.3,,0,0,0,0,0,0,0,,,,
KLO,2010,10,19,22,7.8,,,,,,,,958.6,,3.2,,0,0,0,0,0,0,0,,,,
KLO,2010,10,19,23,7.4,,,,,,,,957.9,,2,,0,0,0,0,0,0,0,,,,
KLO,2010,10,20,0,7,,,,,,,,957.4,,3.3,,0,0,0,0,0,0,0,,,,
KLO,2010,10,20,1,6.3,,,,,,,,957.6,,3.6,,0,0,0,0,0,0,0,,,,
KLO,2010,10,20,2,5.8,,,,,,,,958.2,,3.5,,0,0,0,0,0,0,0,,,,
KLO,2010,10,20,3,5.6,,,,,,,,959.3,,1.6,,0,0,0,0,0,0,0,,,,
KLO,2010,10,20,4,5.8,,,,,,,,959.8,,3,,0,0,0,0,0,0,0,,,,
KLO,2010,10,20,5,5.6,,,,,,,,960.2,,2.9,,0,0,0,0,0,0,0,,,,
KLO,2010,10,20,6,5.1,,,,,,,,960.6,,1.4,,3,0,0,0,0,0,0,,,,
KLO,2010,10,20,7,5.6,,,,,,,,961.2,,2.6,,46,0,0,0,0,0,0,,,,
KLO,2010,10,20,8,6.1,,,,,,,,962,,3.4,,75,0,0,0,0,0,0,,,,
KLO,2010,10,20,9,7.3,,,,,,,,962.6,,5.2,,318,1521,52.5,0,0,0,0,,,,
KLO,2010,10,20,10,7.7,,,,,,,,962.8,,4.8,,279,570.8,98.5,0,0,0,0,,,,
KLO,2010,10,20,11,8.8,,,,,,,,962.9,,5.5,,440,837.4,81.9,0,0,0,0,,,,
KLO,2010,10,20,12,6.5,,,,,,,,963.4,,5.2,,116,3.5,114.2,0,0,0,0,,,,
KLO,2010,10,20,13,5.5,,,,,,,,964.1,,4.2,,74,1.3,73.3,0,0,0,0,,,,
KLO,2010,10,20,14,7.4,,,,,,,,964.6,,2.3,,312,133.8,242.9,0,0,0,0,,,,
KLO,2010,10,20,15,7.9,,,,,,,,965,,3.3,,197,26,185.1,0,0,0,0,,,,
KLO,2010,10,20,16,6.6,,,,,,,,966,,3.2,,24,0.3,23.9,0,0,0,0,,,,
KLO,2010,10,20,17,6.1,,,,,,,,967.3,,3.9,,0,0,0,0,0,0,0,,,,
KLO,2010,10,20,18,5.8,,,,,,,,968.4,,3.2,,0,0,0,0,0,0,0,,,,
KLO,2010,10,20,19,5.6,,,,,,,,969.3,,4.5,,0,0,0,0,0,0,0,,,,
KLO,2010,10,20,20,4.9,,,,,,,,970.2,,3.2,,0,0,0,0,0,0,0,,,,
KLO,2010,10,20,21,3.9,,,,,,,,970.9,,2.9,,0,0,0,0,0,0,0,,,,
KLO,2010,10,20,22,4.4,,,,,,,,971.4,,2.9,,0,0,0,0,0,0,0,,,,
KLO,2010,10,20,23,4,,,,,,,,971.9,,3.4,,0,0,0,0,0,0,0,,,,
KLO,2010,10,21,0,2.8,,,,,,,,972.4,,1.7,,0,0,0,0,0,0,0,,,,
KLO,2010,10,21,1,2.5,,,,,,,,972.8,,1,,0,0,0,0,0,0,0,,,,
KLO,2010,10,21,2,2.2,,,,,,,,973.2,,1.2,,0,0,0,0,0,0,0,,,,
KLO,2010,10,21,3,1.3,,,,,,,,973.3,,1.1,,0,0,0,0,0,0,0,,,,
KLO,2010,10,21,4,0.4,,,,,,,,973.7,,1.1,,0,0,0,0,0,0,0,,,,
KLO,2010,10,21,5,0.1,,,,,,,,974.3,,1.4,,0,0,0,0,0,0,0,,,,
KLO,2010,10,21,6,-0.2,,,,,,,,974.8,,1.2,,20,0,0,0,0,0,0,,,,
KLO,2010,10,21,7,1.1,,,,,,,,975.3,,0.4,,161,0,0,0,0,0,0,,,,
KLO,2010,10,21,8,3.9,,,,,,,,975.7,,1,,319,0,0,0,0,0,0,,,,
KLO,2010,10,21,9,5.2,,,,,,,,975.9,,2.2,,451,2212.8,74.4,0,0,0,0,,,,
KLO,2010,10,21,10,6.2,,,,,,,,975.8,,1.7,,499,1337.6,82.3,0,0,0,0,,,,
KLO,2010,10,21,11,6.1,,,,,,,,975.6,,0.7,,223,71.4,192.8,0,0,0,0,,,,
KLO,2010,10,21,12,7.5,,,,,,,,975,,0.9,,523,872.1,90.4,0,0,0,0,,,,
KLO,2010,10,21,13,8.2,,,,,,,,974.7,,1.1,,456,538.7,172.5,0,0,0,0,,,,
KLO,2010,10,21,14,8.2,,,,,,,,974.3,,1.6,,317,150,240.3,0,0,0,0,,,,
KLO,2010,10,21,15,7.8,,,,,,,,974.2,,1.7,,165,11.6,159.7,0,0,0,0,,,,
KLO,2010,10,21,16,5.9,,,,,,,,974.1,,2.2,,27,0.4,26.9,0,0,0,0,,,,
KLO,2010,10,21,17,3.8,,,,,,,,974.2,,1.1,,0,0,0,0,0,0,0,,,,
KLO,2010,10,21,18,1.9,,,,,,,,974.3,,0.9,,0,0,0,0,0,0,0,,,,
KLO,2010,10,21,19,0.8,,,,,,,,974.1,,0.6,,0,0,0,0,0,0,0,,,,
KLO,2010,10,21,20,-0.7,,,,,,,,974.1,,0.9,,0,0,0,0,0,0,0,,,,
KLO,2010,10,21,21,-0.6,,,,,,,,974.2,,0.9,,0,0,0,0,0,0,0,,,,
KLO,2010,10,21,22,-1.3,,,,,,,,974.2,,0.9,,0,0,0,0,0,0,0,,,,
KLO,2010,10,21,23,-1.7,,,,,,,,974.1,,0.4,,0,0,0,0,0,0,0,,,,
KLO,2010,10,22,0,-2.1,,,,,,,,974,,0.7,,0,0,0,0,0,0,0,,,,
KLO,2010,10,22,1,-2.7,,,,,,,,974,,0.5,,0,0,0,0,0,0,0,,,,
KLO,2010,10,22,2,-3.2,,,,,,,,973.6,,0.9,,0,0,0,0,0,0,0,,,,
KLO,2010,10,22,3,-3.5,,,,,,,,973.1,,0.4,,0,0,0,0,0,0,0,,,,
KLO,2010,10,22,4,-3.9,,,,,,,,972.8,,0.6,,0,0,0,0,0,0,0,,,,
KLO,2010,10,22,5,-4.1,,,,,,,,972.6,,1.3,,0,0,0,0,0,0,0,,,,
KLO,2010,10,22,6,-3,,,,,,,,972.8,,1.6,,22,0,0,0,0,0,0,,,,
KLO,2010,10,22,7,-2.2,,,,,,,,973.1,,1,,93,0,0,0,0,0,0,,,,
KLO,2010,10,22,8,-1.1,,,,,,,,973,,1.3,,205,0,0,0,0,0,0,,,,
KLO,2010,10,22,9,1.4,,,,,,,,972.8,,1.6,,240,1208.7,39.6,0,0,0,0,,,,
KLO,2010,10,22,10,4.1,,,,,,,,972.4,,1.3,,348,947,57.4,0,0,0,0,,,,
KLO,2010,10,22,11,6.2,,,,,,,,971.9,,1.7,,375,598.7,124.8,0,0,0,0,,,,
KLO,2010,10,22,12,7.1,,,,,,,,971.3,,1.5,,265,79.5,226,0,0,0,0,,,,
KLO,2010,10,22,13,7.5,,,,,,,,970.8,,0.9,,196,13.3,189,0,0,0,0,,,,
KLO,2010,10,22,14,8,,,,,,,,970.5,,1,,132,4.4,129.8,0,0,0,0,,,,
KLO,2010,10,22,15,7.8,,,,,,,,970.3,,1,,55,1,54.6,0,0,0,0,,,,
KLO,2010,10,22,16,6.9,,,,,,,,970,,2.2,,9,0,9,0,0,0,0,,,,
KLO,2010,10,22,17,6.3,,,,,,,,970.2,,1,,0,0,0,0,0,0,0,,,,
KLO,2010,10,22,18,6,,,,,,,,970.1,,0.9,,0,0,0,0,0,0,0,,,,
KLO,2010,10,22,19,4.6,,,,,,,,970,,1.6,,0,0,0,0,0,0,0,,,,
KLO,2010,10,22,20,5,,,,,,,,969.8,,1,,0,0,0,0,0,0,0,,,,
KLO,2010,10,22,21,5,,,,,,,,969.4,,0.9,,0,0,0,0,0,0,0,,,,
KLO,2010,10,22,22,5.1,,,,,,,,969,,1.4,,0,0,0,0,0,0,0,,,,
KLO,2010,10,22,23,5.2,,,,,,,,968.7,,0.9,,0,0,0,0,0,0,0,,,,
KLO,2010,10,23,0,5.4,,,,,,,,968.5,,0.8,,0,0,0,0,0,0,0,,,,
KLO,2010,10,23,1,5.6,,,,,,,,968.1,,0.8,,0,0,0,0,0,0,0,,,,
KLO,2010,10,23,2,6.3,,,,,,,,967.6,,2,,0,0,0,0,0,0,0,,,,
KLO,2010,10,23,3,7,,,,,,,,967.1,,2.3,,0,0,0,0,0,0,0,,,,
KLO,2010,10,23,4,7.2,,,,,,,,966.6,,1.5,,0,0,0,0,0,0,0,,,,
KLO,2010,10,23,5,7.1,,,,,,,,966.2,,1,,0,0,0,0,0,0,0,,,,
KLO,2010,10,23,6,7,,,,,,,,965.7,,1.1,,0,0,0,0,0,0,0,,,,
KLO,2010,10,23,7,7.1,,,,,,,,965.8,,0.6,,10,0,0,0,0,0,0,,,,
KLO,2010,10,23,8,8.6,,,,,,,,965.8,,1.2,,38,0,0,0,0,0,0,,,,
KLO,2010,10,23,9,9.2,,,,,,,,965.6,,2.2,,45,5.1,44.2,0,0,0,0,,,,
KLO,2010,10,23,10,9.8,,,,,,,,965.1,,3.9,,58,2.4,57.3,0,0,0,0,,,,
KLO,2010,10,23,11,10.2,,,,,,,,964.5,,4.4,,79,2.4,78,0,0,0,0,,,,
KLO,2010,10,23,12,10.8,,,,,,,,963.7,,4.5,,163,8.2,159,0,0,0,0,,,,
KLO,2010,10,23,13,12.2,,,,,,,,962.9,,4.1,,305,121,242.6,0,0,0,0,,,,
KLO,2010,10,23,14,13,,,,,,,,962.4,,4.8,,259,64.7,226.6,0,0,0,0,,,,
KLO,2010,10,23,15,12.6,,,,,,,,962.1,,4.2,,116,4.5,114,0,0,0,0,,,,
KLO,2010,10,23,16,11.3,,,,,,,,961.8,,3.1,,15,0.1,15,0,0,0,0,,,,
KLO,2010,10,23,17,10.8,,,,,,,,961.5,,3,,0,0,0,0,0,0,0,,,,
KLO,2010,10,23,18,8.6,,,,,,,,961,,2.5,,0,0,0,0,0,0,0,,,,
KLO,2010,10,23,19,7.8,,,,,,,,960.6,,2.5,,0,0,0,0,0,0,0,,,,
KLO,2010,10,23,20,9.6,,,,,,,,960.3,,2.8,,0,0,0,0,0,0,0,,,,
KLO,2010,10,23,21,10.6,,,,,,,,960.5,,3.8,,0,0,0,0,0,0,0,,,,
KLO,2010,10,23,22,9.3,,,,,,,,960.8,,3.2,,0,0,0,0,0,0,0,,,,
KLO,2010,10,23,23,8.3,,,,,,,,960.8,,2.6,,0,0,0,0,0,0,0,,,,
KLO,2010,10,24,0,7.8,,,,,,,,960.6,,1.3,,0,0,0,0,0,0,0,,,,
KLO,2010,10,24,1,7.8,,,,,,,,960.3,,2.3,,0,0,0,0,0,0,0,,,,
KLO,2010,10,24,2,7.1,,,,,,,,960.8,,5.8,,0,0,0,0,0,0,0,,,,
KLO,2010,10,24,3,6.3,,,,,,,,961.4,,4.2,,0,0,0,0,0,0,0,,,,
KLO,2010,10,24,4,6.1,,,,,,,,962.1,,2,,0,0,0,0,0,0,0,,,,
KLO,2010,10,24,5,5.9,,,,,,,,962.4,,2,,0,0,0,0,0,0,0,,,,
KLO,2010,10,24,6,6,,,,,,,,962.8,,1.9,,2,0,0,0,0,0,0,,,,
KLO,2010,10,24,7,6.1,,,,,,,,963.5,,1.7,,17,0,0,0,0,0,0,,,,
KLO,2010,10,24,8,6,,,,,,,,963.9,,3.9,,45,0,0,0,0,0,0,,,,
KLO,2010,10,24,9,6.1,,,,,,,,963.6,,4.6,,121,359.6,64.5,0,0,0,0,,,,
KLO,2010,10,24,10,6.7,,,,,,,,963.6,,3.5,,132,30,123.1,0,0,0,0,,,,
KLO,2010,10,24,11,7.3,,,,,,,,963.1,,3.8,,232,100.9,190.8,0,0,0,0,,,,
KLO,2010,10,24,12,7.4,,,,,,,,962.6,,3.6,,136,5.2,133.5,0,0,0,0,,,,
KLO,2010,10,24,13,7.4,,,,,,,,962.3,,2.4,,95,2.3,93.8,0,0,0,0,,,,
KLO,2010,10,24,14,7.4,,,,,,,,962,,1.9,,59,0.9,58.5,0,0,0,0,,,,
KLO,2010,10,24,15,7.4,,,,,,,,961.8,,1,,28,0.3,27.9,0,0,0,0,,,,
KLO,2010,10,24,16,7,,,,,,,,961.7,,1.2,,3,0,3,0,0,0,0,,,,
KLO,2010,10,24,17,6.7,,,,,,,,961.7,,2.3,,0,0,0,0,0,0,0,,,,
KLO,2010,10,24,18,6.6,,,,,,,,962,,2.3,,0,0,0,0,0,0,0,,,,
KLO,2010,10,24,19,6.4,,,,,,,,962,,1.8,,0,0,0,0,0,0,0,,,,
KLO,2010,10,24,20,6,,,,,,,,962.3,,2.3,,0,0,0,0,0,0,0,,,,
KLO,2010,10,24,21,5.4,,,,,,,,962.7,,2.3,,0,0,0,0,0,0,0,,,,
KLO,2010,10,24,22,5.1,,,,,,,,962.9,,1.1,,0,0,0,0,0,0,0,,,,
KLO,2010,10,24,23,5.1,,,,,,,,963,,0.8,,0,0,0,0,0,0,0,,,,
KLO,2010,10,25,0,5,,,,,,,,963,,1.1,,0,0,0,0,0,0,0,,,,
KLO,2010,10,25,1,4.7,,,,,,,,963,,2.5,,0,0,0,0,0,0,0,,,,
KLO,2010,10,25,2,4.6,,,,,,,,963,,1.9,,0,0,0,0,0,0,0,,,,
KLO,2010,10,25,3,4.7,,,,,,,,963.1,,1.4,,0,0,0,0,0,0,0,,,,
KLO,2010,10,25,4,4.8,,,,,,,,963.6,,3.2,,0,0,0,0,0,0,0,,,,
KLO,2010,10,25,5,5,,,,,,,,964.1,,3.3,,0,0,0,0,0,0,0,,,,
KLO,2010,10,25,6,4.8,,,,,,,,964.8,,3.3,,2,0,0,0,0,0,0,,,,
KLO,2010,10,25,7,5,,,,,,,,965.9,,3.6,,36,0,0,0,0,0,0,,,,
KLO,2010,10,25,8,5.3,,,,,,,,966.3,,4.4,,81,0,0,0,0,0,0,,,,
KLO,2010,10,25,9,5.5,,,,,,,,967,,5.2,,76,53.4,67.8,0,0,0,0,,,,
KLO,2010,10,25,10,5.8,,,,,,,,967.6,,6.5,,149,59.4,131.6,0,0,0,0,,,,
KLO,2010,10,25,11,6.2,,,,,,,,967.9,,6.6,,201,53.7,179.3,0,0,0,0,,,,
KLO,2010,10,25,12,6.4,,,,,,,,968.1,,7.9,,153,7.1,149.6,0,0,0,0,,,,
KLO,2010,10,25,13,6.4,,,,,,,,968.4,,7.8,,113,3.3,111.4,0,0,0,0,,,,
KLO,2010,10,25,14,6.3,,,,,,,,968.8,,7.6,,83,1.9,82.1,0,0,0,0,,,,
KLO,2010,10,25,15,6.1,,,,,,,,969.2,,6.8,,63,1.4,62.4,0,0,0,0,,,,
KLO,2010,10,25,16,5.4,,,,,,,,969.9,,6.8,,13,0.1,13,0,0,0,0,,,,
KLO,2010,10,25,17,5.2,,,,,,,,970.8,,6.1,,0,0,0,0,0,0,0,,,,
KLO,2010,10,25,18,5,,,,,,,,971.5,,6.3,,0,0,0,0,0,0,0,,,,
KLO,2010,10,25,19,4.6,,,,,,,,971.9,,5.7,,0,0,0,0,0,0,0,,,,
KLO,2010,10,25,20,4.1,,,,,,,,972.5,,5.3,,0,0,0,0,0,0,0,,,,
KLO,2010,10,25,21,4,,,,,,,,973.2,,4.6,,0,0,0,0,0,0,0,,,,
KLO,2010,10,25,22,3.9,,,,,,,,973.7,,4.7,,0,0,0,0,0,0,0,,,,
KLO,2010,10,25,23,3.6,,,,,,,,973.9,,5,,0,0,0,0,0,0,0,,,,
KLO,2010,10,26,0,3.1,,,,,,,,974.1,,5.4,,0,0,0,0,0,0,0,,,,
KLO,2010,10,26,1,3.2,,,,,,,,974,,5,,0,0,0,0,0,0,0,,,,
KLO,2010,10,26,2,2.5,,,,,,,,974,,3.5,,0,0,0,0,0,0,0,,,,
KLO,2010,10,26,3,2.6,,,,,,,,974.5,,2.8,,0,0,0,0,0,0,0,,,,
KLO,2010,10,26,4,2.5,,,,,,,,974.9,,4.6,,0,0,0,0,0,0,0,,,,
KLO,2010,10,26,5,1.4,,,,,,,,975.4,,3,,0,0,0,0,0,0,0,,,,
KLO,2010,10,26,6,1.5,,,,,,,,976,,3.1,,7,0,0,0,0,0,0,,,,
KLO,2010,10,26,7,1.8,,,,,,,,976.3,,4.3,,123,0,0,0,0,0,0,,,,
KLO,2010,10,26,8,4.2,,,,,,,,976.6,,5,,297,0,0,0,0,0,0,,,,
KLO,2010,10,26,9,5.9,,,,,,,,976.9,,5.1,,426,2399.1,70.3,0,0,0,0,,,,
KLO,2010,10,26,10,7.4,,,,,,,,977,,5.6,,494,1431,81.5,0,0,0,0,,,,
KLO,2010,10,26,11,8.4,,,,,,,,977,,6.1,,534,1119.1,88.1,0,0,0,0,,,,
KLO,2010,10,26,12,9.1,,,,,,,,976.8,,5.2,,486,840.2,90.5,0,0,0,0,,,,
KLO,2010,10,26,13,9.1,,,,,,,,976.7,,5.1,,430,521.9,168.9,0,0,0,0,,,,
KLO,2010,10,26,14,8.9,,,,,,,,976.6,,5.2,,296,138.7,228.7,0,0,0,0,,,,
KLO,2010,10,26,15,7.9,,,,,,,,976.7,,4.8,,134,6.7,131.2,0,0,0,0,,,,
KLO,2010,10,26,16,6.7,,,,,,,,976.8,,3.1,,18,0.2,17.9,0,0,0,0,,,,
KLO,2010,10,26,17,5,,,,,,,,977.3,,1.1,,0,0,0,0,0,0,0,,,,
KLO,2010,10,26,18,3.6,,,,,,,,977.4,,2.2,,0,0,0,0,0,0,0,,,,
KLO,2010,10,26,19,2.6,,,,,,,,977.5,,1.5,,0,0,0,0,0,0,0,,,,
KLO,2010,10,26,20,1,,,,,,,,977.5,,1.5,,0,0,0,0,0,0,0,,,,
KLO,2010,10,26,21,0.9,,,,,,,,977.4,,1.6,,0,0,0,0,0,0,0,,,,
KLO,2010,10,26,22,1,,,,,,,,977.1,,2.5,,0,0,0,0,0,0,0,,,,
KLO,2010,10,26,23,1.4,,,,,,,,976.9,,2.7,,0,0,0,0,0,0,0,,,,
KLO,2010,10,27,0,0.3,,,,,,,,976.6,,1.8,,0,0,0,0,0,0,0,,,,
KLO,2010,10,27,1,-0.6,,,,,,,,976.8,,0.5,,0,0,0,0,0,0,0,,,,
KLO,2010,10,27,2,-1.2,,,,,,,,976.7,,0.4,,0,0,0,0,0,0,0,,,,
KLO,2010,10,27,3,-1.7,,,,,,,,976.8,,0.7,,0,0,0,0,0,0,0,,,,
KLO,2010,10,27,4,-1.7,,,,,,,,976.8,,0.5,,0,0,0,0,0,0,0,,,,
KLO,2010,10,27,5,-1.8,,,,,,,,976.7,,0.8,,0,0,0,0,0,0,0,,,,
KLO,2010,10,27,6,-1.3,,,,,,,,976.7,,0.6,,24,0,0,0,0,0,0,,,,
KLO,2010,10,27,7,0.4,,,,,,,,976.8,,0.4,,158,0,0,0,0,0,0,,,,
KLO,2010,10,27,8,2.4,,,,,,,,976.9,,0.6,,319,0,0,0,0,0,0,,,,
KLO,2010,10,27,9,4.5,,,,,,,,976.6,,0.9,,393,2280.4,64.8,0,0,0,0,,,,
KLO,2010,10,27,10,6.2,,,,,,,,976.4,,1.2,,477,1404.3,78.7,0,0,0,0,,,,
KLO,2010,10,27,11,7.4,,,,,,,,975.9,,0.7,,501,1062.9,82.7,0,0,0,0,,,,
KLO,2010,10,27,12,8.6,,,,,,,,975.2,,1,,465,785.2,99.3,0,0,0,0,,,,
KLO,2010,10,27,13,9.2,,,,,,,,974.5,,0.9,,385,369.7,201.9,0,0,0,0,,,,
KLO,2010,10,27,14,9.6,,,,,,,,974.3,,1.5,,247,62.6,217,0,0,0,0,,,,
KLO,2010,10,27,15,8.9,,,,,,,,974.2,,2.3,,123,5.6,120.7,0,0,0,0,,,,
KLO,2010,10,27,16,7.4,,,,,,,,974.3,,1.6,,17,0.2,16.9,0,0,0,0,,,,
KLO,2010,10,27,17,5.5,,,,,,,,974.3,,1,,0,0,0,0,0,0,0,,,,
KLO,2010,10,27,18,5.4,,,,,,,,974.3,,0.7,,0,0,0,0,0,0,0,,,,
KLO,2010,10,27,19,5,,,,,,,,974.3,,0.8,,0,0,0,0,0,0,0,,,,
KLO,2010,10,27,20,4.3,,,,,,,,974.3,,0.8,,0,0,0,0,0,0,0,,,,
KLO,2010,10,27,21,3.4,,,,,,,,974.4,,0.9,,0,0,0,0,0,0,0,,,,
KLO,2010,10,27,22,3.1,,,,,,,,974.6,,1.2,,0,0,0,0,0,0,0,,,,
KLO,2010,10,27,23,4.2,,,,,,,,974.4,,1.9,,0,0,0,0,0,0,0,,,,
KLO,2010,10,28,0,4.8,,,,,,,,974,,1.7,,0,0,0,0,0,0,0,,,,
KLO,2010,10,28,1,4.4,,,,,,,,973.8,,0.6,,0,0,0,0,0,0,0,,,,
KLO,2010,10,28,2,4.5,,,,,,,,973.5,,0.6,,0,0,0,0,0,0,0,,,,
KLO,2010,10,28,3,4.6,,,,,,,,973.3,,1.3,,0,0,0,0,0,0,0,,,,
KLO,2010,10,28,4,4.5,,,,,,,,973.4,,1.7,,0,0,0,0,0,0,0,,,,
KLO,2010,10,28,5,3.9,,,,,,,,973.3,,1.7,,0,0,0,0,0,0,0,,,,
KLO,2010,10,28,6,4.2,,,,,,,,973.5,,1.2,,9,0,0,0,0,0,0,,,,
KLO,2010,10,28,7,4.8,,,,,,,,973.9,,1.2,,112,0,0,0,0,0,0,,,,
KLO,2010,10,28,8,7.4,,,,,,,,974.1,,1.7,,183,0,0,0,0,0,0,,,,
KLO,2010,10,28,9,8.9,,,,,,,,974.2,,2,,391,2339.6,64.5,0,0,0,0,,,,
KLO,2010,10,28,10,10.5,,,,,,,,974.1,,2.1,,359,1074.4,59.2,0,0,0,0,,,,
KLO,2010,10,28,11,12,,,,,,,,973.6,,2.1,,375,724.4,93.4,0,0,0,0,,,,
KLO,2010,10,28,12,13,,,,,,,,973.1,,2.1,,501,907.7,82.7,0,0,0,0,,,,
KLO,2010,10,28,13,13.5,,,,,,,,972.7,,2,,363,308,212,0,0,0,0,,,,
KLO,2010,10,28,14,13.2,,,,,,,,972.4,,1.5,,210,29.4,196.1,0,0,0,0,,,,
KLO,2010,10,28,15,12.5,,,,,,,,972.1,,1.5,,93,3.3,91.6,0,0,0,0,,,,
KLO,2010,10,28,16,11.7,,,,,,,,972.2,,1.1,,13,0.1,13,0,0,0,0,,,,
KLO,2010,10,28,17,9,,,,,,,,972,,0.9,,0,0,0,0,0,0,0,,,,
KLO,2010,10,28,18,6.6,,,,,,,,971.9,,1.2,,0,0,0,0,0,0,0,,,,
KLO,2010,10,28,19,6.3,,,,,,,,971.9,,0.6,,0,0,0,0,0,0,0,,,,
KLO,2010,10,28,20,4.8,,,,,,,,971.9,,0.7,,0,0,0,0,0,0,0,,,,
KLO,2010,10,28,21,3.2,,,,,,,,971.9,,1.1,,0,0,0,0,0,0,0,,,,
KLO,2010,10,28,22,2.7,,,,,,,,971.6,,0.8,,0,0,0,0,0,0,0,,,,
KLO,2010,10,28,23,2.1,,,,,,,,971.2,,0.6,,0,0,0,0,0,0,0,,,,
KLO,2010,10,29,0,2,,,,,,,,970.6,,0.7,,0,0,0,0,0,0,0,,,,
KLO,2010,10,29,1,1.2,,,,,,,,970,,0.8,,0,0,0,0,0,0,0,,,,
KLO,2010,10,29,2,0.5,,,,,,,,969.5,,1.1,,0,0,0,0,0,0,0,,,,
KLO,2010,10,29,3,0.4,,,,,,,,969.1,,0.7,,0,0,0,0,0,0,0,,,,
KLO,2010,10,29,4,0.5,,,,,,,,968.7,,0.8,,0,0,0,0,0,0,0,,,,
KLO,2010,10,29,5,-0.2,,,,,,,,968.2,,0.6,,0,0,0,0,0,0,0,,,,
KLO,2010,10,29,6,0.4,,,,,,,,968,,0.9,,13,0,0,0,0,0,0,,,,
KLO,2010,10,29,7,1.7,,,,,,,,967.8,,1.2,,122,0,0,0,0,0,0,,,,
KLO,2010,10,29,8,4.6,,,,,,,,967.4,,1.2,,268,0,0,0,0,0,0,,,,
KLO,2010,10,29,9,7.1,,,,,,,,966.9,,1.3,,386,2383.9,63.7,0,0,0,0,,,,
KLO,2010,10,29,10,9.3,,,,,,,,966.3,,1.7,,451,1372.4,74.4,0,0,0,0,,,,
KLO,2010,10,29,11,11.7,,,,,,,,965.3,,1.9,,495,1076.5,81.7,0,0,0,0,,,,
KLO,2010,10,29,12,13.3,,,,,,,,964.2,,1.2,,466,823.6,90.6,0,0,0,0,,,,
KLO,2010,10,29,13,14.4,,,,,,,,963,,1.3,,385,397.2,192.3,0,0,0,0,,,,
KLO,2010,10,29,14,14.8,,,,,,,,962,,2,,256,82.1,217.4,0,0,0,0,,,,
KLO,2010,10,29,15,14.1,,,,,,,,961.3,,2.6,,105,4.2,103.3,0,0,0,0,,,,
KLO,2010,10,29,16,10.7,,,,,,,,961,,1.8,,5,0,5,0,0,0,0,,,,
KLO,2010,10,29,17,8.4,,,,,,,,960.9,,1.5,,0,0,0,0,0,0,0,,,,
KLO,2010,10,29,18,7.4,,,,,,,,960.8,,1,,0,0,0,0,0,0,0,,,,
KLO,2010,10,29,19,5.5,,,,,,,,960.4,,1.2,,0,0,0,0,0,0,0,,,,
KLO,2010,10,29,20,4.3,,,,,,,,959.8,,1,,0,0,0,0,0,0,0,,,,
KLO,2010,10,29,21,4.2,,,,,,,,959.1,,1.3,,0,0,0,0,0,0,0,,,,
KLO,2010,10,29,22,3.8,,,,,,,,958.7,,1.5,,0,0,0,0,0,0,0,,,,
KLO,2010,10,29,23,3.7,,,,,,,,958.5,,1,,0,0,0,0,0,0,0,,,,
KLO,2010,10,30,0,2.3,,,,,,,,958.2,,0.8,,0,0,0,0,0,0,0,,,,
KLO,2010,10,30,1,2.2,,,,,,,,957.8,,0.5,,0,0,0,0,0,0,0,,,,
KLO,2010,10,30,2,2.1,,,,,,,,957.4,,0.7,,0,0,0,0,0,0,0,,,,
KLO,2010,10,30,3,3.3,,,,,,,,957.4,,1.5,,0,0,0,0,0,0,0,,,,
KLO,2010,10,30,4,4.5,,,,,,,,957.7,,1.6,,0,0,0,0,0,0,0,,,,
KLO,2010,10,30,5,5,,,,,,,,957.5,,1.4,,0,0,0,0,0,0,0,,,,
KLO,2010,10,30,6,4.9,,,,,,,,957.8,,1,,2,0,0,0,0,0,0,,,,
KLO,2010,10,30,7,5.1,,,,,,,,958.2,,0.9,,24,0,0,0,0,0,0,,,,
KLO,2010,10,30,8,7,,,,,,,,958.6,,0.6,,124,0,0,0,0,0,0,,,,
KLO,2010,10,30,9,9.2,,,,,,,,958.8,,0.7,,214,1365.4,35.3,0,0,0,0,,,,
KLO,2010,10,30,10,11.4,,,,,,,,958.7,,0.5,,381,1179.1,62.9,0,0,0,0,,,,
KLO,2010,10,30,11,13.9,,,,,,,,958.4,,1,,431,949.1,71.1,0,0,0,0,,,,
KLO,2010,10,30,12,15.3,,,,,,,,958.3,,2.4,,509,942.6,84,0,0,0,0,,,,
KLO,2010,10,30,13,15.1,,,,,,,,958.2,,3.5,,341,260.9,215.8,0,0,0,0,,,,
KLO,2010,10,30,14,13.8,,,,,,,,958.3,,3.2,,126,4.8,123.8,0,0,0,0,,,,
KLO,2010,10,30,15,13.1,,,,,,,,958,,1.3,,60,1.4,59.4,0,0,0,0,,,,
KLO,2010,10,30,16,11.3,,,,,,,,957.5,,0.9,,5,0,5,0,0,0,0,,,,
KLO,2010,10,30,17,9.9,,,,,,,,957,,0.9,,0,0,0,0,0,0,0,,,,
KLO,2010,10,30,18,8,,,,,,,,956.5,,1.4,,0,0,0,0,0,0,0,,,,
KLO,2010,10,30,19,7.6,,,,,,,,956,,2.9,,0,0,0,0,0,0,0,,,,
KLO,2010,10,30,20,6.6,,,,,,,,955.1,,2.7,,0,0,0,0,0,0,0,,,,
KLO,2010,10,30,21,7.4,,,,,,,,954.2,,2.3,,0,0,0,0,0,0,0,,,,
KLO,2010,10,30,22,6.8,,,,,,,,953.4,,1.8,,0,0,0,0,0,0,0,,,,
KLO,2010,10,30,23,7.3,,,,,,,,952.7,,2.7,,0,0,0,0,0,0,0,,,,
KLO,2010,10,31,0,8.3,,,,,,,,952.1,,2.8,,0,0,0,0,0,0,0,,,,
KLO,2010,10,31,1,7.1,,,,,,,,951.4,,2.3,,0,0,0,0,0,0,0,,,,
KLO,2010,10,31,2,6.5,,,,,,,,951.3,,2.4,,0,0,0,0,0,0,0,,,,
KLO,2010,10,31,3,5.4,,,,,,,,951.5,,1.8,,0,0,0,0,0,0,0,,,,
KLO,2010,10,31,4,4.3,,,,,,,,951.9,,1.6,,0,0,0,0,0,0,0,,,,
KLO,2010,10,31,5,4.8,,,,,,,,952.4,,1,,0,0,0,0,0,0,0,,,,
KLO,2010,10,31,6,5.9,,,,,,,,952.9,,2.1,,5,0,0,0,0,0,0,,,,
KLO,2010,10,31,7,6,,,,,,,,953.6,,1.9,,48,0,0,0,0,0,0,,,,
KLO,2010,10,31,8,8.3,,,,,,,,954,,1.5,,176,1161.2,29,0,0,0,0,,,,
KLO,2010,10,31,9,10.7,,,,,,,,953.7,,1.2,,332,1045.2,54.8,0,0,0,0,,,,
KLO,2010,10,31,10,11.8,,,,,,,,953.1,,1.4,,356,696.8,95.1,0,0,0,0,,,,
KLO,2010,10,31,11,12.8,,,,,,,,952.4,,2.7,,232,65.3,202.9,0,0,0,0,,,,
KLO,2010,10,31,12,13,,,,,,,,951.5,,3.5,,188,16.7,180.1,0,0,0,0,,,,
KLO,2010,10,31,13,13.1,,,,,,,,950.8,,3.5,,124,4.7,121.8,0,0,0,0,,,,
KLO,2010,10,31,14,12.8,,,,,,,,950.4,,3.3,,75,2.3,74.1,0,0,0,0,,,,
KLO,2010,10,31,15,12.2,,,,,,,,949.8,,2.8,,16,0.2,15.9,0,0,0,0,,,,
KLO,2010,10,31,16,11.5,,,,,,,,950,,1.4,,1,0,1,0,0,0,0,,,,
KLO,2010,10,31,17,10.7,,,,,,,,950.5,,1.7,,0,0,0,0,0,0,0,,,,
KLO,2010,10,31,18,11.4,,,,,,,,950.4,,2.8,,0,0,0,0,0,0,0,,,,
KLO,2010,10,31,19,10,,,,,,,,950.5,,2,,0,0,0,0,0,0,0,,,,
KLO,2010,10,31,20,9.1,,,,,,,,950.7,,1.9,,0,0,0,0,0,0,0,,,,
KLO,2010,10,31,21,8.2,,,,,,,,951.1,,1.8,,0,0,0,0,0,0,0,,,,
KLO,2010,10,31,22,8.3,,,,,,,,951.4,,0.9,,0,0,0,0,0,0,0,,,,
KLO,2010,10,31,23,6.7,,,,,,,,951.7,,1.1,,0,0,0,0,0,0,0,,,,
KLO,2010,11,1,0,6.3,,,,,,,,952.1,,1.3,,0,0,0,0,0,0,0,,,,
KLO,2010,11,1,1,6.4,,,,,,,,952.4,,1.3,,0,0,0,0,0,0,0,,,,
KLO,2010,11,1,2,5.8,,,,,,,,953,,1.2,,0,0,0,0,0,0,0,,,,
KLO,2010,11,1,3,5.6,,,,,,,,953.7,,0.9,,0,0,0,0,0,0,0,,,,
KLO,2010,11,1,4,6.4,,,,,,,,954.6,,0.9,,0,0,0,0,0,0,0,,,,
KLO,2010,11,1,5,6.8,,,,,,,,955.2,,1.5,,0,0,0,0,0,0,0,,,,
KLO,2010,11,1,6,7.4,,,,,,,,956,,1.2,,5,0,0,0,0,0,0,,,,
KLO,2010,11,1,7,8.2,,,,,,,,957.1,,1.6,,78,0,0,0,0,0,0,,,,
KLO,2010,11,1,8,9.8,,,,,,,,957.9,,0.8,,168,1147.4,27.7,0,0,0,0,,,,
KLO,2010,11,1,9,10.5,,,,,,,,958,,1.2,,156,125.6,123.3,0,0,0,0,,,,
KLO,2010,11,1,10,11.2,,,,,,,,958.1,,0.9,,234,161,174.5,0,0,0,0,,,,
KLO,2010,11,1,11,11.7,,,,,,,,958,,0.5,,237,76.1,203.4,0,0,0,0,,,,
KLO,2010,11,1,12,13.1,,,,,,,,958,,0.7,,396,485.2,167.9,0,0,0,0,,,,
KLO,2010,11,1,13,14,,,,,,,,958.2,,0.9,,365,411.8,177.8,0,0,0,0,,,,
KLO,2010,11,1,14,14.7,,,,,,,,958.4,,0.7,,239,130.8,187.2,0,0,0,0,,,,
KLO,2010,11,1,15,13.6,,,,,,,,958.9,,2.5,,88,5.7,86.3,0,0,0,0,,,,
KLO,2010,11,1,16,10.9,,,,,,,,959.6,,2,,6,0.1,6,0,0,0,0,,,,
KLO,2010,11,1,17,9.9,,,,,,,,960.6,,1.2,,0,0,0,0,0,0,0,,,,
KLO,2010,11,1,18,8.8,,,,,,,,961.2,,1.5,,0,0,0,0,0,0,0,,,,
KLO,2010,11,1,19,7.5,,,,,,,,961.5,,0.9,,0,0,0,0,0,0,0,,,,
KLO,2010,11,1,20,7.4,,,,,,,,962.2,,0.9,,0,0,0,0,0,0,0,,,,
KLO,2010,11,1,21,7.1,,,,,,,,962.5,,1.3,,0,0,0,0,0,0,0,,,,
KLO,2010,11,1,22,7.1,,,,,,,,962.5,,1,,0,0,0,0,0,0,0,,,,
KLO,2010,11,1,23,7.9,,,,,,,,963.1,,1,,0,0,0,0,0,0,0,,,,
KLO,2010,11,2,0,7.9,,,,,,,,963.3,,1.5,,0,0,0,0,0,0,0,,,,
KLO,2010,11,2,1,7.5,,,,,,,,963.8,,1.2,,0,0,0,0,0,0,0,,,,
KLO,2010,11,2,2,6.4,,,,,,,,963.8,,1.3,,0,0,0,0,0,0,0,,,,
KLO,2010,11,2,3,5.9,,,,,,,,964,,1.4,,0,0,0,0,0,0,0,,,,
KLO,2010,11,2,4,4.6,,,,,,,,964.4,,1.5,,0,0,0,0,0,0,0,,,,
KLO,2010,11,2,5,4.4,,,,,,,,964.9,,1.3,,0,0,0,0,0,0,0,,,,
KLO,2010,11,2,6,5,,,,,,,,965.7,,0.7,,4,0,0,0,0,0,0,,,,
KLO,2010,11,2,7,7,,,,,,,,966.5,,1.6,,74,0,0,0,0,0,0,,,,
KLO,2010,11,2,8,8.5,,,,,,,,966.9,,0.9,,148,1047.5,24.4,0,0,0,0,,,,
KLO,2010,11,2,9,9.1,,,,,,,,967.1,,1,,175,221.8,118.2,0,0,0,0,,,,
KLO,2010,11,2,10,10.1,,,,,,,,967.3,,0.6,,235,173,171.9,0,0,0,0,,,,
KLO,2010,11,2,11,10.8,,,,,,,,967.3,,0.9,,234,75.4,201.1,0,0,0,0,,,,
KLO,2010,11,2,12,11.4,,,,,,,,967.2,,1.4,,189,18.9,180.2,0,0,0,0,,,,
KLO,2010,11,2,13,11.2,,,,,,,,967.3,,1.8,,74,1.8,73.2,0,0,0,0,,,,
KLO,2010,11,2,14,11.1,,,,,,,,967.3,,1.5,,90,3.4,88.7,0,0,0,0,,,,
KLO,2010,11,2,15,10.6,,,,,,,,967.7,,3,,45,1.5,44.6,0,0,0,0,,,,
KLO,2010,11,2,16,10,,,,,,,,968.4,,2.8,,2,0,2,0,0,0,0,,,,
KLO,2010,11,2,17,9.7,,,,,,,,969.1,,1.6,,0,0,0,0,0,0,0,,,,
KLO,2010,11,2,18,9.5,,,,,,,,969.6,,0.9,,0,0,0,0,0,0,0,,,,
KLO,2010,11,2,19,9.5,,,,,,,,969.6,,0.6,,0,0,0,0,0,0,0,,,,
KLO,2010,11,2,20,8.9,,,,,,,,969.3,,0.8,,0,0,0,0,0,0,0,,,,
KLO,2010,11,2,21,6.8,,,,,,,,969.3,,1.2,,0,0,0,0,0,0,0,,,,
KLO,2010,11,2,22,6.5,,,,,,,,969.3,,0.5,,0,0,0,0,0,0,0,,,,
KLO,2010,11,2,23,7.3,,,,,,,,969.5,,0.7,,0,0,0,0,0,0,0,,,,
KLO,2010,11,3,0,6.6,,,,,,,,969.5,,1,,0,0,0,0,0,0,0,,,,
KLO,2010,11,3,1,4.8,,,,,,,,969.5,,1.2,,0,0,0,0,0,0,0,,,,
KLO,2010,11,3,2,4.5,,,,,,,,969.6,,1.9,,0,0,0,0,0,0,0,,,,
KLO,2010,11,3,3,6.5,,,,,,,,969.7,,1.6,,0,0,0,0,0,0,0,,,,
KLO,2010,11,3,4,7.2,,,,,,,,969.5,,1.2,,0,0,0,0,0,0,0,,,,
KLO,2010,11,3,5,7.5,,,,,,,,969.6,,1.6,,0,0,0,0,0,0,0,,,,
KLO,2010,11,3,6,7.1,,,,,,,,969.9,,1.9,,9,0,0,0,0,0,0,,,,
KLO,2010,11,3,7,8.1,,,,,,,,970.4,,2.6,,45,0,0,0,0,0,0,,,,
KLO,2010,11,3,8,10.2,,,,,,,,970.7,,2,,228,1674.2,37.6,0,0,0,0,,,,
KLO,2010,11,3,9,10.8,,,,,,,,970.9,,2.9,,96,13.9,92.5,0,0,0,0,,,,
KLO,2010,11,3,10,11.4,,,,,,,,970.9,,3,,149,20.6,141.6,0,0,0,0,,,,
KLO,2010,11,3,11,11.7,,,,,,,,970.9,,3,,213,50.2,191.3,0,0,0,0,,,,
KLO,2010,11,3,12,13.4,,,,,,,,970.8,,4,,390,493.2,162.9,0,0,0,0,,,,
KLO,2010,11,3,13,13.9,,,,,,,,970.7,,3.3,,218,48.4,196.5,0,0,0,0,,,,
KLO,2010,11,3,14,13.6,,,,,,,,971,,3.7,,133,8.9,129.6,0,0,0,0,,,,
KLO,2010,11,3,15,13.2,,,,,,,,971.2,,2.1,,64,3.2,63.1,0,0,0,0,,,,
KLO,2010,11,3,16,11.8,,,,,,,,971.8,,1.6,,4,0,4,0,0,0,0,,,,
KLO,2010,11,3,17,11.4,,,,,,,,972.5,,1.8,,0,0,0,0,0,0,0,,,,
KLO,2010,11,3,18,11.5,,,,,,,,973.4,,0.8,,0,0,0,0,0,0,0,,,,
KLO,2010,11,3,19,11.1,,,,,,,,974,,0.8,,0,0,0,0,0,0,0,,,,
KLO,2010,11,3,20,10.8,,,,,,,,974.5,,1,,0,0,0,0,0,0,0,,,,
KLO,2010,11,3,21,10.5,,,,,,,,974.6,,2.5,,0,0,0,0,0,0,0,,,,
KLO,2010,11,3,22,11,,,,,,,,974.6,,2.6,,0,0,0,0,0,0,0,,,,
KLO,2010,11,3,23,10,,,,,,,,975.2,,1.4,,0,0,0,0,0,0,0,,,,
KLO,2010,11,4,0,10.1,,,,,,,,975.8,,2.9,,0,0,0,0,0,0,0,,,,
KLO,2010,11,4,1,10.7,,,,,,,,976,,3.3,,0,0,0,0,0,0,0,,,,
KLO,2010,11,4,2,11.3,,,,,,,,976.4,,2.9,,0,0,0,0,0,0,0,,,,
KLO,2010,11,4,3,11.2,,,,,,,,976.6,,2.6,,0,0,0,0,0,0,0,,,,
KLO,2010,11,4,4,11.3,,,,,,,,976.9,,2.3,,0,0,0,0,0,0,0,,,,
KLO,2010,11,4,5,11.8,,,,,,,,977.1,,3.3,,0,0,0,0,0,0,0,,,,
KLO,2010,11,4,6,11.9,,,,,,,,977.8,,2.8,,6,0,0,0,0,0,0,,,,
KLO,2010,11,4,7,12,,,,,,,,978.4,,3.2,,49,0,0,0,0,0,0,,,,
KLO,2010,11,4,8,13.4,,,,,,,,978.7,,4.7,,181,1380.5,29.9,0,0,0,0,,,,
KLO,2010,11,4,9,14.9,,,,,,,,979,,3.2,,344,1162.3,56.8,0,0,0,0,,,,
KLO,2010,11,4,10,16.2,,,,,,,,978.9,,3.3,,434,1019.1,71.6,0,0,0,0,,,,
KLO,2010,11,4,11,17.1,,,,,,,,978.6,,3.8,,455,883.6,77.9,0,0,0,0,,,,
KLO,2010,11,4,12,17.4,,,,,,,,978.3,,3.4,,350,349.8,190.6,0,0,0,0,,,,
KLO,2010,11,4,13,17.8,,,,,,,,978,,3.7,,357,425.1,169.9,0,0,0,0,,,,
KLO,2010,11,4,14,17.5,,,,,,,,977.8,,4,,238,150.2,180.7,0,0,0,0,,,,
KLO,2010,11,4,15,16.5,,,,,,,,977.9,,3.1,,85,5.8,83.4,0,0,0,0,,,,
KLO,2010,11,4,16,14.7,,,,,,,,977.9,,2.1,,5,0.1,5,0,0,0,0,,,,
KLO,2010,11,4,17,13.4,,,,,,,,978.4,,1.3,,0,0,0,0,0,0,0,,,,
KLO,2010,11,4,18,12.8,,,,,,,,978.7,,1.4,,0,0,0,0,0,0,0,,,,
KLO,2010,11,4,19,11.8,,,,,,,,979,,1.6,,0,0,0,0,0,0,0,,,,
KLO,2010,11,4,20,10.7,,,,,,,,979.1,,1.5,,0,0,0,0,0,0,0,,,,
KLO,2010,11,4,21,11.4,,,,,,,,979.2,,1.8,,0,0,0,0,0,0,0,,,,
KLO,2010,11,4,22,12.3,,,,,,,,979.3,,2.8,,0,0,0,0,0,0,0,,,,
KLO,2010,11,4,23,11.4,,,,,,,,979.1,,2.4,,0,0,0,0,0,0,0,,,,
KLO,2010,11,5,0,11.2,,,,,,,,979.1,,1.9,,0,0,0,0,0,0,0,,,,
KLO,2010,11,5,1,11.1,,,,,,,,978.9,,2,,0,0,0,0,0,0,0,,,,
KLO,2010,11,5,2,11.2,,,,,,,,978.5,,3.9,,0,0,0,0,0,0,0,,,,
KLO,2010,11,5,3,11.4,,,,,,,,978.4,,3.7,,0,0,0,0,0,0,0,,,,
KLO,2010,11,5,4,11.7,,,,,,,,978.4,,2.7,,0,0,0,0,0,0,0,,,,
KLO,2010,11,5,5,11.9,,,,,,,,978.4,,3.3,,0,0,0,0,0,0,0,,,,
KLO,2010,11,5,6,11.6,,,,,,,,978.4,,3.1,,2,0,0,0,0,0,0,,,,
KLO,2010,11,5,7,12.1,,,,,,,,978.7,,3.9,,31,0,0,0,0,0,0,,,,
KLO,2010,11,5,8,12.6,,,,,,,,978.8,,3.9,,100,692.2,27.1,0,0,0,0,,,,
KLO,2010,11,5,9,13,,,,,,,,978.8,,3.9,,134,86.1,113.1,0,0,0,0,,,,
KLO,2010,11,5,10,13.4,,,,,,,,978.7,,3.2,,141,17.8,134.8,0,0,0,0,,,,
KLO,2010,11,5,11,13.8,,,,,,,,978.4,,2.1,,146,9.1,142.2,0,0,0,0,,,,
KLO,2010,11,5,12,14.2,,,,,,,,977.8,,1.7,,125,5,122.8,0,0,0,0,,,,
KLO,2010,11,5,13,14.8,,,,,,,,977.1,,2.3,,158,11,153.2,0,0,0,0,,,,
KLO,2010,11,5,14,15.2,,,,,,,,976.7,,2.4,,126,8,123,0,0,0,0,,,,
KLO,2010,11,5,15,14.9,,,,,,,,976.4,,1.9,,53,2.3,52.3,0,0,0,0,,,,
KLO,2010,11,5,16,13.5,,,,,,,,976,,1.1,,4,0,4,0,0,0,0,,,,
KLO,2010,11,5,17,12.6,,,,,,,,976,,0.6,,0,0,0,0,0,0,0,,,,
KLO,2010,11,5,18,12.9,,,,,,,,976.2,,1.7,,0,0,0,0,0,0,0,,,,
KLO,2010,11,5,19,13.4,,,,,,,,976.2,,1.8,,0,0,0,0,0,0,0,,,,
KLO,2010,11,5,20,12.9,,,,,,,,975.9,,2.3,,0,0,0,0,0,0,0,,,,
KLO,2010,11,5,21,12.8,,,,,,,,975.6,,2.3,,0,0,0,0,0,0,0,,,,
KLO,2010,11,5,22,12.6,,,,,,,,974.9,,1.6,,0,0,0,0,0,0,0,,,,
KLO,2010,11,5,23,12.3,,,,,,,,974.4,,1.5,,0,0,0,0,0,0,0,,,,
KLO,2010,11,6,0,12.4,,,,,,,,973.6,,2.2,,0,0,0,0,0,0,0,,,,
KLO,2010,11,6,1,12,,,,,,,,973.3,,2.3,,0,0,0,0,0,0,0,,,,
KLO,2010,11,6,2,11.4,,,,,,,,972.8,,1.9,,0,0,0,0,0,0,0,,,,
KLO,2010,11,6,3,11.2,,,,,,,,972.4,,2.1,,0,0,0,0,0,0,0,,,,
KLO,2010,11,6,4,9.5,,,,,,,,972.1,,2.2,,0,0,0,0,0,0,0,,,,
KLO,2010,11,6,5,10.6,,,,,,,,971.8,,2.7,,0,0,0,0,0,0,0,,,,
KLO,2010,11,6,6,11,,,,,,,,971.4,,1.9,,2,0,0,0,0,0,0,,,,
KLO,2010,11,6,7,11.1,,,,,,,,971.3,,2.4,,28,0,0,0,0,0,0,,,,
KLO,2010,11,6,8,11.6,,,,,,,,971,,3.4,,65,170.9,47.7,0,0,0,0,,,,
KLO,2010,11,6,9,12.6,,,,,,,,970.3,,3.9,,97,19,92.5,0,0,0,0,,,,
KLO,2010,11,6,10,13.5,,,,,,,,969.8,,3.4,,255,297,152.1,0,0,0,0,,,,
KLO,2010,11,6,11,14.6,,,,,,,,968.7,,4.7,,346,457.4,155.1,0,0,0,0,,,,
KLO,2010,11,6,12,14.8,,,,,,,,967.8,,3.8,,310,236.1,204.7,0,0,0,0,,,,
KLO,2010,11,6,13,14.5,,,,,,,,967,,4.2,,152,9.8,147.8,0,0,0,0,,,,
KLO,2010,11,6,14,14,,,,,,,,966.3,,3.6,,112,5.9,109.8,0,0,0,0,,,,
KLO,2010,11,6,15,13,,,,,,,,965.7,,2.8,,48,2,47.5,0,0,0,0,,,,
KLO,2010,11,6,16,12.1,,,,,,,,965.2,,2.6,,3,0,3,0,0,0,0,,,,
KLO,2010,11,6,17,11.8,,,,,,,,965,,1.8,,0,0,0,0,0,0,0,,,,
KLO,2010,11,6,18,11.6,,,,,,,,964.5,,0.9,,0,0,0,0,0,0,0,,,,
KLO,2010,11,6,19,11.2,,,,,,,,963.5,,1.6,,0,0,0,0,0,0,0,,,,
KLO,2010,11,6,20,11.5,,,,,,,,962.7,,1.4,,0,0,0,0,0,0,0,,,,
KLO,2010,11,6,21,11.6,,,,,,,,961.8,,1.8,,0,0,0,0,0,0,0,,,,
KLO,2010,11,6,22,11.9,,,,,,,,961,,1.6,,0,0,0,0,0,0,0,,,,
KLO,2010,11,6,23,11.4,,,,,,,,960.1,,1.8,,0,0,0,0,0,0,0,,,,
KLO,2010,11,7,0,11.4,,,,,,,,959,,2.7,,0,0,0,0,0,0,0,,,,
KLO,2010,11,7,1,11.5,,,,,,,,957.7,,3.3,,0,0,0,0,0,0,0,,,,
KLO,2010,11,7,2,12.1,,,,,,,,956.5,,3.7,,0,0,0,0,0,0,0,,,,
KLO,2010,11,7,3,11.7,,,,,,,,955.4,,2.7,,0,0,0,0,0,0,0,,,,
KLO,2010,11,7,4,11.5,,,,,,,,954.6,,3,,0,0,0,0,0,0,0,,,,
KLO,2010,11,7,5,11.4,,,,,,,,953.5,,2.7,,0,0,0,0,0,0,0,,,,
KLO,2010,11,7,6,11.3,,,,,,,,952.7,,2.6,,0,0,0,0,0,0,0,,,,
KLO,2010,11,7,7,11.3,,,,,,,,952.4,,3,,21,0,0,0,0,0,0,,,,
KLO,2010,11,7,8,11.8,,,,,,,,952.1,,3.5,,58,124.3,46,0,0,0,0,,,,
KLO,2010,11,7,9,11.7,,,,,,,,951.7,,5.4,,81,9.1,78.9,0,0,0,0,,,,
KLO,2010,11,7,10,10.1,,,,,,,,951.9,,5.7,,95,5,93.3,0,0,0,0,,,,
KLO,2010,11,7,11,8.9,,,,,,,,951.3,,4.2,,40,0.6,39.7,0,0,0,0,,,,
KLO,2010,11,7,12,8,,,,,,,,950.9,,5.1,,45,0.7,44.7,0,0,0,0,,,,
KLO,2010,11,7,13,7,,,,,,,,951,,5.1,,35,0.4,34.8,0,0,0,0,,,,
KLO,2010,11,7,14,5.9,,,,,,,,951.7,,4.5,,18,0.2,17.9,0,0,0,0,,,,
KLO,2010,11,7,15,5.6,,,,,,,,952.4,,3.8,,13,0.1,13,0,0,0,0,,,,
KLO,2010,11,7,16,5.7,,,,,,,,952.4,,3.1,,0,0,0,0,0,0,0,,,,
KLO,2010,11,7,17,5.7,,,,,,,,952.6,,3.2,,0,0,0,0,0,0,0,,,,
KLO,2010,11,7,18,5.5,,,,,,,,952.5,,2.3,,0,0,0,0,0,0,0,,,,
KLO,2010,11,7,19,5.5,,,,,,,,951.8,,3.1,,0,0,0,0,0,0,0,,,,
KLO,2010,11,7,20,5.3,,,,,,,,951,,2.9,,0,0,0,0,0,0,0,,,,
KLO,2010,11,7,21,5.3,,,,,,,,950.7,,1.7,,0,0,0,0,0,0,0,,,,
KLO,2010,11,7,22,5.6,,,,,,,,950,,1.4,,0,0,0,0,0,0,0,,,,
KLO,2010,11,7,23,5.6,,,,,,,,949.2,,1.4,,0,0,0,0,0,0,0,,,,
KLO,2010,11,8,0,5.6,,,,,,,,948.3,,2.1,,0,0,0,0,0,0,0,,,,
KLO,2010,11,8,1,5.3,,,,,,,,947.4,,1.3,,0,0,0,0,0,0,0,,,,
KLO,2010,11,8,2,5.3,,,,,,,,946.5,,2.6,,0,0,0,0,0,0,0,,,,
KLO,2010,11,8,3,4.8,,,,,,,,945.5,,2.2,,0,0,0,0,0,0,0,,,,
KLO,2010,11,8,4,4.7,,,,,,,,944.7,,1.5,,0,0,0,0,0,0,0,,,,
KLO,2010,11,8,5,4.7,,,,,,,,943.5,,1.1,,0,0,0,0,0,0,0,,,,
KLO,2010,11,8,6,4.4,,,,,,,,942.8,,1.8,,0,0,0,0,0,0,0,,,,
KLO,2010,11,8,7,4.3,,,,,,,,941.9,,1.8,,18,0,0,0,0,0,0,,,,
KLO,2010,11,8,8,4.3,,,,,,,,941.3,,2.1,,44,40.7,40.2,0,0,0,0,,,,
KLO,2010,11,8,9,4.3,,,,,,,,940.4,,1.9,,75,7.4,73.3,0,0,0,0,,,,
KLO,2010,11,8,10,4.6,,,,,,,,939.1,,1.9,,145,24.8,136.6,0,0,0,0,,,,
KLO,2010,11,8,11,4.8,,,,,,,,937.5,,0.7,,181,29,169.1,0,0,0,0,,,,
KLO,2010,11,8,12,5.1,,,,,,,,936,,1.2,,122,5,119.8,0,0,0,0,,,,
KLO,2010,11,8,13,5.6,,,,,,,,934.5,,1.4,,193,34,178.7,0,0,0,0,,,,
KLO,2010,11,8,14,5.4,,,,,,,,933.2,,2,,78,3,76.9,0,0,0,0,,,,
KLO,2010,11,8,15,5.3,,,,,,,,932.2,,2.1,,57,3,56.2,0,0,0,0,,,,
KLO,2010,11,8,16,4.2,,,,,,,,931.4,,2.2,,5,0.1,5,0,0,0,0,,,,
KLO,2010,11,8,17,3.4,,,,,,,,931.2,,1.6,,0,0,0,0,0,0,0,,,,
KLO,2010,11,8,18,3.6,,,,,,,,931.3,,1.3,,0,0,0,0,0,0,0,,,,
KLO,2010,11,8,19,3.9,,,,,,,,931.6,,1.2,,0,0,0,0,0,0,0,,,,
KLO,2010,11,8,20,3.8,,,,,,,,931.7,,1,,0,0,0,0,0,0,0,,,,
KLO,2010,11,8,21,3.9,,,,,,,,931.9,,1.8,,0,0,0,0,0,0,0,,,,
KLO,2010,11,8,22,3.8,,,,,,,,931.5,,1.4,,0,0,0,0,0,0,0,,,,
KLO,2010,11,8,23,2.9,,,,,,,,931.4,,0.7,,0,0,0,0,0,0,0,,,,
KLO,2010,11,9,0,2.7,,,,,,,,931.3,,1,,0,0,0,0,0,0,0,,,,
KLO,2010,11,9,1,2.5,,,,,,,,931.1,,0.7,,0,0,0,0,0,0,0,,,,
KLO,2010,11,9,2,2.9,,,,,,,,930.9,,1.1,,0,0,0,0,0,0,0,,,,
KLO,2010,11,9,3,3,,,,,,,,930.9,,1.3,,0,0,0,0,0,0,0,,,,
KLO,2010,11,9,4,3.2,,,,,,,,931.1,,0.9,,0,0,0,0,0,0,0,,,,
KLO,2010,11,9,5,3.5,,,,,,,,931.4,,1,,0,0,0,0,0,0,0,,,,
KLO,2010,11,9,6,3.7,,,,,,,,931.7,,0.9,,1,0,0,0,0,0,0,,,,
KLO,2010,11,9,7,3.7,,,,,,,,932,,2.4,,24,0,0,0,0,0,0,,,,
KLO,2010,11,9,8,3.9,,,,,,,,932.6,,0.8,,54,133.7,42.1,0,0,0,0,,,,
KLO,2010,11,9,9,5.1,,,,,,,,932.5,,0.7,,236,858.9,42.7,0,0,0,0,,,,
KLO,2010,11,9,10,7.1,,,,,,,,932.4,,0.8,,436,1093.9,71.9,0,0,0,0,,,,
KLO,2010,11,9,11,8.7,,,,,,,,932,,1.1,,455,941.4,75.1,0,0,0,0,,,,
KLO,2010,11,9,12,9.5,,,,,,,,931.9,,2,,362,470.9,158.4,0,0,0,0,,,,
KLO,2010,11,9,13,9.4,,,,,,,,931.9,,2,,286,222.1,193.3,0,0,0,0,,,,
KLO,2010,11,9,14,9.2,,,,,,,,932.1,,1.7,,162,31.5,150.7,0,0,0,0,,,,
KLO,2010,11,9,15,8.6,,,,,,,,932.5,,1.7,,46,2,45.5,0,0,0,0,,,,
KLO,2010,11,9,16,6.8,,,,,,,,932.7,,1.2,,1,0,1,0,0,0,0,,,,
KLO,2010,11,9,17,5.1,,,,,,,,933,,0.9,,0,0,0,0,0,0,0,,,,
KLO,2010,11,9,18,5.2,,,,,,,,933.7,,0.9,,0,0,0,0,0,0,0,,,,
KLO,2010,11,9,19,4.4,,,,,,,,933.9,,1.5,,0,0,0,0,0,0,0,,,,
KLO,2010,11,9,20,5,,,,,,,,934.5,,0.8,,0,0,0,0,0,0,0,,,,
KLO,2010,11,9,21,5,,,,,,,,935.3,,1.3,,0,0,0,0,0,0,0,,,,
KLO,2010,11,9,22,5.3,,,,,,,,935.6,,1.2,,0,0,0,0,0,0,0,,,,
KLO,2010,11,9,23,5,,,,,,,,935.8,,1.9,,0,0,0,0,0,0,0,,,,
KLO,2010,11,10,0,5,,,,,,,,936.3,,1.6,,0,0,0,0,0,0,0,,,,
KLO,2010,11,10,1,4,,,,,,,,936.7,,0.7,,0,0,0,0,0,0,0,,,,
KLO,2010,11,10,2,3.5,,,,,,,,936.9,,1.3,,0,0,0,0,0,0,0,,,,
KLO,2010,11,10,3,2.7,,,,,,,,937.3,,1,,0,0,0,0,0,0,0,,,,
KLO,2010,11,10,4,3.1,,,,,,,,937.9,,1.7,,0,0,0,0,0,0,0,,,,
KLO,2010,11,10,5,4.3,,,,,,,,938.3,,2,,0,0,0,0,0,0,0,,,,
KLO,2010,11,10,6,4.6,,,,,,,,939.2,,1.7,,1,0,0,0,0,0,0,,,,
KLO,2010,11,10,7,5.2,,,,,,,,940.3,,2.2,,28,0,0,0,0,0,0,,,,
KLO,2010,11,10,8,6.1,,,,,,,,940.9,,3.6,,88,845.7,16.4,0,0,0,0,,,,
KLO,2010,11,10,9,7.6,,,,,,,,941.7,,1.2,,196,568.1,70.6,0,0,0,0,,,,
KLO,2010,11,10,10,9.2,,,,,,,,942.2,,1.8,,240,287,145.8,0,0,0,0,,,,
KLO,2010,11,10,11,10.1,,,,,,,,942.5,,0.8,,282,251.1,181.8,0,0,0,0,,,,
KLO,2010,11,10,12,11.4,,,,,,,,942.7,,3.4,,324,328.5,183.4,0,0,0,0,,,,
KLO,2010,11,10,13,11.2,,,,,,,,943.6,,5.2,,150,11,145.5,0,0,0,0,,,,
KLO,2010,11,10,14,9.3,,,,,,,,944.9,,8.1,,46,1.1,45.6,0,0,0,0,,,,
KLO,2010,11,10,15,8.5,,,,,,,,946.1,,6.1,,13,0.2,13,0,0,0,0,,,,
KLO,2010,11,10,16,8.4,,,,,,,,947.3,,4.9,,2,0,2,0,0,0,0,,,,
KLO,2010,11,10,17,8.3,,,,,,,,948.5,,4.3,,0,0,0,0,0,0,0,,,,
KLO,2010,11,10,18,7.9,,,,,,,,950.2,,5.8,,0,0,0,0,0,0,0,,,,
KLO,2010,11,10,19,7.3,,,,,,,,951.8,,4.4,,0,0,0,0,0,0,0,,,,
KLO,2010,11,10,20,6.6,,,,,,,,953.5,,4.2,,0,0,0,0,0,0,0,,,,
KLO,2010,11,10,21,6.3,,,,,,,,955.3,,4.8,,0,0,0,0,0,0,0,,,,
KLO,2010,11,10,22,5.8,,,,,,,,956.9,,4.6,,0,0,0,0,0,0,0,,,,
KLO,2010,11,10,23,5.9,,,,,,,,958.3,,3,,0,0,0,0,0,0,0,,,,
KLO,2010,11,11,0,5.6,,,,,,,,959.3,,2.5,,0,0,0,0,0,0,0,,,,
KLO,2010,11,11,1,5.4,,,,,,,,960.3,,1.9,,0,0,0,0,0,0,0,,,,
KLO,2010,11,11,2,5.2,,,,,,,,961,,1.3,,0,0,0,0,0,0,0,,,,
KLO,2010,11,11,3,5.1,,,,,,,,961.5,,2,,0,0,0,0,0,0,0,,,,
KLO,2010,11,11,4,5.1,,,,,,,,962,,1.3,,0,0,0,0,0,0,0,,,,
KLO,2010,11,11,5,4.6,,,,,,,,962.7,,1.9,,0,0,0,0,0,0,0,,,,
KLO,2010,11,11,6,3.2,,,,,,,,963,,1,,1,0,0,0,0,0,0,,,,
KLO,2010,11,11,7,3,,,,,,,,963.3,,0.9,,25,0,0,0,0,0,0,,,,
KLO,2010,11,11,8,3.5,,,,,,,,963.5,,0.8,,83,829.7,16.1,0,0,0,0,,,,
KLO,2010,11,11,9,5.8,,,,,,,,963.4,,1,,198,620,63.8,0,0,0,0,,,,
KLO,2010,11,11,10,7.8,,,,,,,,963,,2.3,,381,981.9,62.9,0,0,0,0,,,,
KLO,2010,11,11,11,8.7,,,,,,,,962.4,,3.7,,423,888.9,72.2,0,0,0,0,,,,
KLO,2010,11,11,12,9.1,,,,,,,,961.3,,4.4,,363,507.6,148,0,0,0,0,,,,
KLO,2010,11,11,13,8.8,,,,,,,,960.7,,4.4,,251,138.6,194.4,0,0,0,0,,,,
KLO,2010,11,11,14,8.5,,,,,,,,960,,4.8,,120,8.6,117,0,0,0,0,,,,
KLO,2010,11,11,15,8,,,,,,,,959.5,,3.7,,41,1.7,40.6,0,0,0,0,,,,
KLO,2010,11,11,16,7.6,,,,,,,,959,,2.4,,0,0,0,0,0,0,0,,,,
KLO,2010,11,11,17,8,,,,,,,,958.2,,4.3,,0,0,0,0,0,0,0,,,,
KLO,2010,11,11,18,8.1,,,,,,,,957.6,,4.9,,0,0,0,0,0,0,0,,,,
KLO,2010,11,11,19,6.6,,,,,,,,956.7,,5.2,,0,0,0,0,0,0,0,,,,
KLO,2010,11,11,20,5.7,,,,,,,,956.5,,4.4,,0,0,0,0,0,0,0,,,,
KLO,2010,11,11,21,5.4,,,,,,,,956.2,,3.9,,0,0,0,0,0,0,0,,,,
KLO,2010,11,11,22,5.8,,,,,,,,955.5,,4.1,,0,0,0,0,0,0,0,,,,
KLO,2010,11,11,23,6.3,,,,,,,,954.6,,4.8,,0,0,0,0,0,0,0,,,,
KLO,2010,11,12,0,7.3,,,,,,,,954.2,,3.7,,0,0,0,0,0,0,0,,,,
KLO,2010,11,12,1,9.5,,,,,,,,953.7,,8.7,,0,0,0,0,0,0,0,,,,
KLO,2010,11,12,2,10.1,,,,,,,,953.7,,10,,0,0,0,0,0,0,0,,,,
KLO,2010,11,12,3,10.8,,,,,,,,953.5,,10.4,,0,0,0,0,0,0,0,,,,
KLO,2010,11,12,4,11.3,,,,,,,,953.9,,10.4,,0,0,0,0,0,0,0,,,,
KLO,2010,11,12,5,11.2,,,,,,,,954.4,,9.6,,0,0,0,0,0,0,0,,,,
KLO,2010,11,12,6,11.2,,,,,,,,954.9,,8.9,,0,0,0,0,0,0,0,,,,
KLO,2010,11,12,7,11,,,,,,,,955.8,,6.3,,2,0,0,0,0,0,0,,,,
KLO,2010,11,12,8,11.2,,,,,,,,956.9,,7.8,,15,2.5,14.8,0,0,0,0,,,,
KLO,2010,11,12,9,10.7,,,,,,,,957.9,,5.3,,26,1,25.8,0,0,0,0,,,,
KLO,2010,11,12,10,10.2,,,,,,,,958.4,,3.4,,39,1,38.7,0,0,0,0,,,,
KLO,2010,11,12,11,10.1,,,,,,,,958.7,,7.6,,67,1.9,66.3,0,0,0,0,,,,
KLO,2010,11,12,12,10.2,,,,,,,,958.7,,6.9,,80,2.3,79,0,0,0,0,,,,
KLO,2010,11,12,13,10.8,,,,,,,,958.7,,4.8,,91,3.3,89.7,0,0,0,0,,,,
KLO,2010,11,12,14,10.5,,,,,,,,958.5,,2.8,,27,0.4,26.9,0,0,0,0,,,,
KLO,2010,11,12,15,11.1,,,,,,,,958.2,,2.9,,17,0.3,16.9,0,0,0,0,,,,
KLO,2010,11,12,16,13.6,,,,,,,,957.8,,6.7,,1,0,1,0,0,0,0,,,,
KLO,2010,11,12,17,13.6,,,,,,,,957.6,,7.8,,0,0,0,0,0,0,0,,,,
KLO,2010,11,12,18,13.9,,,,,,,,957.9,,8,,0,0,0,0,0,0,0,,,,
KLO,2010,11,12,19,14.3,,,,,,,,958.6,,9.5,,0,0,0,0,0,0,0,,,,
KLO,2010,11,12,20,14,,,,,,,,958.9,,9.1,,0,0,0,0,0,0,0,,,,
KLO,2010,11,12,21,13.9,,,,,,,,959.2,,7.4,,0,0,0,0,0,0,0,,,,
KLO,2010,11,12,22,13.5,,,,,,,,959.1,,6.3,,0,0,0,0,0,0,0,,,,
KLO,2010,11,12,23,13.8,,,,,,,,958.8,,8.4,,0,0,0,0,0,0,0,,,,
KLO,2010,11,13,0,13.9,,,,,,,,958.6,,7.8,,0,0,0,0,0,0,0,,,,
KLO,2010,11,13,1,13.8,,,,,,,,958.7,,6.3,,0,0,0,0,0,0,0,,,,
KLO,2010,11,13,2,14,,,,,,,,958.7,,6.5,,0,0,0,0,0,0,0,,,,
KLO,2010,11,13,3,14,,,,,,,,958.6,,6.9,,0,0,0,0,0,0,0,,,,
KLO,2010,11,13,4,14,,,,,,,,958.6,,5.4,,0,0,0,0,0,0,0,,,,
KLO,2010,11,13,5,13.8,,,,,,,,958.6,,4.8,,0,0,0,0,0,0,0,,,,
KLO,2010,11,13,6,13.8,,,,,,,,958.9,,6.4,,1,0,0,0,0,0,0,,,,
KLO,2010,11,13,7,13.9,,,,,,,,959,,5.5,,102,0,0,0,0,0,0,,,,
KLO,2010,11,13,8,15.1,,,,,,,,959.1,,5.8,,244,2802.1,40.3,0,0,0,0,,,,
KLO,2010,11,13,9,15.7,,,,,,,,958.9,,6,,306,1228,50.5,0,0,0,0,,,,
KLO,2010,11,13,10,16.4,,,,,,,,958.7,,6.7,,388,1027.3,64,0,0,0,0,,,,
KLO,2010,11,13,11,16.8,,,,,,,,958.2,,5.9,,393,810.6,80.1,0,0,0,0,,,,
KLO,2010,11,13,12,16.9,,,,,,,,957.5,,4.6,,328,383.5,168.8,0,0,0,0,,,,
KLO,2010,11,13,13,17.1,,,,,,,,957,,3.8,,284,254.1,182.3,0,0,0,0,,,,
KLO,2010,11,13,14,17.1,,,,,,,,956.5,,3.2,,178,63,156.4,0,0,0,0,,,,
KLO,2010,11,13,15,15.7,,,,,,,,956.3,,4.7,,53,3,52.3,0,0,0,0,,,,
KLO,2010,11,13,16,13.7,,,,,,,,956,,2.8,,1,0,1,0,0,0,0,,,,
KLO,2010,11,13,17,11.7,,,,,,,,955.9,,2.9,,0,0,0,0,0,0,0,,,,
KLO,2010,11,13,18,10.2,,,,,,,,955.8,,2.6,,0,0,0,0,0,0,0,,,,
KLO,2010,11,13,19,10,,,,,,,,955.9,,2.5,,0,0,0,0,0,0,0,,,,
KLO,2010,11,13,20,9.1,,,,,,,,956,,2.6,,0,0,0,0,0,0,0,,,,
KLO,2010,11,13,21,9.2,,,,,,,,956.1,,3.5,,0,0,0,0,0,0,0,,,,
KLO,2010,11,13,22,9.2,,,,,,,,956,,3.4,,0,0,0,0,0,0,0,,,,
KLO,2010,11,13,23,9.3,,,,,,,,955.9,,2.8,,0,0,0,0,0,0,0,,,,
KLO,2010,11,14,0,10.6,,,,,,,,955.8,,4.7,,0,0,0,0,0,0,0,,,,
KLO,2010,11,14,1,8.6,,,,,,,,955.6,,3.7,,0,0,0,0,0,0,0,,,,
KLO,2010,11,14,2,7.4,,,,,,,,955.3,,3,,0,0,0,0,0,0,0,,,,
KLO,2010,11,14,3,6.4,,,,,,,,954.9,,2.2,,0,0,0,0,0,0,0,,,,
KLO,2010,11,14,4,5.3,,,,,,,,954.5,,1.1,,0,0,0,0,0,0,0,,,,
KLO,2010,11,14,5,4.1,,,,,,,,954.2,,1.3,,0,0,0,0,0,0,0,,,,
KLO,2010,11,14,6,3.1,,,,,,,,954.2,,2.3,,1,0,0,0,0,0,0,,,,
KLO,2010,11,14,7,4.4,,,,,,,,954.7,,1,,66,0,0,0,0,0,0,,,,
KLO,2010,11,14,8,7.6,,,,,,,,955.4,,0.5,,196,2378.1,32.3,0,0,0,0,,,,
KLO,2010,11,14,9,11.7,,,,,,,,955.6,,1.5,,311,1273.4,51.3,0,0,0,0,,,,
KLO,2010,11,14,10,14.6,,,,,,,,955.4,,2.8,,385,1033.2,63.5,0,0,0,0,,,,
KLO,2010,11,14,11,15.6,,,,,,,,955.1,,1.6,,408,884.5,70.3,0,0,0,0,,,,
KLO,2010,11,14,12,16.7,,,,,,,,954.7,,3,,384,657.7,113.8,0,0,0,0,,,,
KLO,2010,11,14,13,17.4,,,,,,,,954.4,,3.4,,306,351.8,166.6,0,0,0,0,,,,
KLO,2010,11,14,14,16.8,,,,,,,,954.7,,3.4,,167,48.5,150.5,0,0,0,0,,,,
KLO,2010,11,14,15,15.6,,,,,,,,955.1,,1.5,,41,1.8,40.6,0,0,0,0,,,,
KLO,2010,11,14,16,14.4,,,,,,,,955.9,,1.4,,1,0,1,0,0,0,0,,,,
KLO,2010,11,14,17,11.5,,,,,,,,956.7,,2,,0,0,0,0,0,0,0,,,,
KLO,2010,11,14,18,10.8,,,,,,,,957.3,,2.5,,0,0,0,0,0,0,0,,,,
KLO,2010,11,14,19,9.8,,,,,,,,957.7,,2.9,,0,0,0,0,0,0,0,,,,
KLO,2010,11,14,20,10.6,,,,,,,,958.1,,2,,0,0,0,0,0,0,0,,,,
KLO,2010,11,14,21,10.4,,,,,,,,958.5,,1.9,,0,0,0,0,0,0,0,,,,
KLO,2010,11,14,22,9,,,,,,,,959,,1.8,,0,0,0,0,0,0,0,,,,
KLO,2010,11,14,23,7.9,,,,,,,,959.4,,1.9,,0,0,0,0,0,0,0,,,,
KLO,2010,11,15,0,7.6,,,,,,,,959.4,,1.7,,0,0,0,0,0,0,0,,,,
KLO,2010,11,15,1,7.7,,,,,,,,959.4,,1.9,,0,0,0,0,0,0,0,,,,
KLO,2010,11,15,2,7.6,,,,,,,,959.3,,1.2,,0,0,0,0,0,0,0,,,,
KLO,2010,11,15,3,7.6,,,,,,,,959.2,,1.1,,0,0,0,0,0,0,0,,,,
KLO,2010,11,15,4,7.4,,,,,,,,959.2,,1.4,,0,0,0,0,0,0,0,,,,
KLO,2010,11,15,5,7.5,,,,,,,,959.2,,1.8,,0,0,0,0,0,0,0,,,,
KLO,2010,11,15,6,7.6,,,,,,,,959.2,,0.8,,2,0,0,0,0,0,0,,,,
KLO,2010,11,15,7,8.7,,,,,,,,959.7,,2.5,,41,0,0,0,0,0,0,,,,
KLO,2010,11,15,8,10.5,,,,,,,,959.1,,4.6,,109,1400.6,18,0,0,0,0,,,,
KLO,2010,11,15,9,11,,,,,,,,959,,5,,159,391.9,80.7,0,0,0,0,,,,
KLO,2010,11,15,10,11.1,,,,,,,,959,,3.3,,54,2,53.4,0,0,0,0,,,,
KLO,2010,11,15,11,11.2,,,,,,,,959.3,,3.8,,47,1,46.6,0,0,0,0,,,,
KLO,2010,11,15,12,10.4,,,,,,,,959.3,,4.8,,26,0.3,25.9,0,0,0,0,,,,
KLO,2010,11,15,13,9,,,,,,,,959.6,,3.3,,17,0.1,17,0,0,0,0,,,,
KLO,2010,11,15,14,8.3,,,,,,,,959.9,,3.5,,7,0,7,0,0,0,0,,,,
KLO,2010,11,15,15,7.5,,,,,,,,960.7,,4,,1,0,1,0,0,0,0,,,,
KLO,2010,11,15,16,7.3,,,,,,,,961.6,,3,,0,0,0,0,0,0,0,,,,
KLO,2010,11,15,17,7.3,,,,,,,,962.5,,2.2,,0,0,0,0,0,0,0,,,,
KLO,2010,11,15,18,7.2,,,,,,,,963.1,,1.9,,0,0,0,0,0,0,0,,,,
KLO,2010,11,15,19,7.1,,,,,,,,963.5,,1.9,,0,0,0,0,0,0,0,,,,
KLO,2010,11,15,20,6.9,,,,,,,,964.1,,2,,0,0,0,0,0,0,0,,,,
KLO,2010,11,15,21,6.8,,,,,,,,964.5,,2,,0,0,0,0,0,0,0,,,,
KLO,2010,11,15,22,6.2,,,,,,,,964.7,,2.6,,0,0,0,0,0,0,0,,,,
KLO,2010,11,15,23,5.8,,,,,,,,964.6,,1.9,,0,0,0,0,0,0,0,,,,
KLO,2010,11,16,0,5.6,,,,,,,,964.8,,2.1,,0,0,0,0,0,0,0,,,,
KLO,2010,11,16,1,5.1,,,,,,,,965.3,,2.7,,0,0,0,0,0,0,0,,,,
KLO,2010,11,16,2,4.6,,,,,,,,965.4,,2.3,,0,0,0,0,0,0,0,,,,
KLO,2010,11,16,3,4,,,,,,,,965.2,,2,,0,0,0,0,0,0,0,,,,
KLO,2010,11,16,4,3.6,,,,,,,,965.7,,0.9,,0,0,0,0,0,0,0,,,,
KLO,2010,11,16,5,3.2,,,,,,,,966.1,,1.7,,0,0,0,0,0,0,0,,,,
KLO,2010,11,16,6,2.6,,,,,,,,966.5,,1.8,,0,0,0,0,0,0,0,,,,
KLO,2010,11,16,7,2.3,,,,,,,,967.3,,2,,6,0,0,0,0,0,0,,,,
KLO,2010,11,16,8,2.3,,,,,,,,968,,2.8,,20,6.6,19.6,0,0,0,0,,,,
KLO,2010,11,16,9,2.4,,,,,,,,968.1,,3,,86,27.2,80.7,0,0,0,0,,,,
KLO,2010,11,16,10,3.2,,,,,,,,967.9,,2.6,,120,16.3,115.1,0,0,0,0,,,,
KLO,2010,11,16,11,3.6,,,,,,,,967.6,,1.7,,66,2,65.2,0,0,0,0,,,,
KLO,2010,11,16,12,4,,,,,,,,967.5,,1.4,,61,1.5,60.4,0,0,0,0,,,,
KLO,2010,11,16,13,4.1,,,,,,,,967.4,,0.8,,44,0.8,43.7,0,0,0,0,,,,
KLO,2010,11,16,14,4.2,,,,,,,,967.5,,1.5,,29,0.5,28.8,0,0,0,0,,,,
KLO,2010,11,16,15,4.2,,,,,,,,967.5,,1.6,,6,0,6,0,0,0,0,,,,
KLO,2010,11,16,16,4.1,,,,,,,,967.5,,1.6,,0,0,0,0,0,0,0,,,,
KLO,2010,11,16,17,4.1,,,,,,,,967.4,,1.4,,0,0,0,0,0,0,0,,,,
KLO,2010,11,16,18,4,,,,,,,,967.4,,2,,0,0,0,0,0,0,0,,,,
KLO,2010,11,16,19,3.9,,,,,,,,967,,1.1,,0,0,0,0,0,0,0,,,,
KLO,2010,11,16,20,3.9,,,,,,,,966.6,,2.1,,0,0,0,0,0,0,0,,,,
KLO,2010,11,16,21,3.8,,,,,,,,966.1,,2.6,,0,0,0,0,0,0,0,,,,
KLO,2010,11,16,22,3.8,,,,,,,,965.7,,2.9,,0,0,0,0,0,0,0,,,,
KLO,2010,11,16,23,3.8,,,,,,,,965.1,,1.7,,0,0,0,0,0,0,0,,,,
KLO,2010,11,17,0,3.8,,,,,,,,964.5,,2.1,,0,0,0,0,0,0,0,,,,
KLO,2010,11,17,1,3.8,,,,,,,,963.6,,1.9,,0,0,0,0,0,0,0,,,,
KLO,2010,11,17,2,3.7,,,,,,,,963.2,,1.9,,0,0,0,0,0,0,0,,,,
KLO,2010,11,17,3,3.7,,,,,,,,962.5,,1.4,,0,0,0,0,0,0,0,,,,
KLO,2010,11,17,4,3.6,,,,,,,,962,,2.5,,0,0,0,0,0,0,0,,,,
KLO,2010,11,17,5,3.5,,,,,,,,961.5,,3.7,,0,0,0,0,0,0,0,,,,
KLO,2010,11,17,6,3.4,,,,,,,,961.1,,3.4,,0,0,0,0,0,0,0,,,,
KLO,2010,11,17,7,3.5,,,,,,,,960.9,,2.5,,17,0,0,0,0,0,0,,,,
KLO,2010,11,17,8,3.8,,,,,,,,960.6,,2.8,,46,283.1,29.7,0,0,0,0,,,,
KLO,2010,11,17,9,4.2,,,,,,,,960.4,,3.3,,84,26.8,78.9,0,0,0,0,,,,
KLO,2010,11,17,10,4.6,,,,,,,,959.9,,4.3,,156,64.4,136.8,0,0,0,0,,,,
KLO,2010,11,17,11,4.8,,,,,,,,959.2,,5.2,,174,38.7,159.7,0,0,0,0,,,,
KLO,2010,11,17,12,4.8,,,,,,,,958.4,,4.3,,124,6.3,121.5,0,0,0,0,,,,
KLO,2010,11,17,13,4.7,,,,,,,,958.1,,3.8,,77,2.6,76,0,0,0,0,,,,
KLO,2010,11,17,14,4.6,,,,,,,,957.7,,3,,49,1.4,48.5,0,0,0,0,,,,
KLO,2010,11,17,15,4.5,,,,,,,,957.5,,2.1,,12,0.2,12,0,0,0,0,,,,
KLO,2010,11,17,16,4.4,,,,,,,,957.6,,1.2,,0,0,0,0,0,0,0,,,,
KLO,2010,11,17,17,4.2,,,,,,,,957.6,,0.8,,0,0,0,0,0,0,0,,,,
KLO,2010,11,17,18,3.9,,,,,,,,957.7,,1.4,,0,0,0,0,0,0,0,,,,
KLO,2010,11,17,19,3,,,,,,,,957.6,,0.6,,0,0,0,0,0,0,0,,,,
KLO,2010,11,17,20,1.3,,,,,,,,957.9,,0.5,,0,0,0,0,0,0,0,,,,
KLO,2010,11,17,21,0.4,,,,,,,,958.1,,0.7,,0,0,0,0,0,0,0,,,,
KLO,2010,11,17,22,0.4,,,,,,,,958.1,,0.9,,0,0,0,0,0,0,0,,,,
KLO,2010,11,17,23,-1,,,,,,,,958.2,,1.3,,0,0,0,0,0,0,0,,,,
KLO,2010,11,18,0,-1.6,,,,,,,,958.1,,1.7,,0,0,0,0,0,0,0,,,,
KLO,2010,11,18,1,-2.1,,,,,,,,958,,1.7,,0,0,0,0,0,0,0,,,,
KLO,2010,11,18,2,-1.8,,,,,,,,957.9,,1.3,,0,0,0,0,0,0,0,,,,
KLO,2010,11,18,3,-1.5,,,,,,,,957.8,,1,,0,0,0,0,0,0,0,,,,
KLO,2010,11,18,4,-1.4,,,,,,,,958,,0.7,,0,0,0,0,0,0,0,,,,
KLO,2010,11,18,5,-1.4,,,,,,,,958.1,,0.5,,0,0,0,0,0,0,0,,,,
KLO,2010,11,18,6,-1,,,,,,,,958.5,,0.4,,0,0,0,0,0,0,0,,,,
KLO,2010,11,18,7,0,,,,,,,,959.1,,1.1,,26,0,0,0,0,0,0,,,,
KLO,2010,11,18,8,1,,,,,,,,959.4,,1.4,,116,1801.1,19.1,0,0,0,0,,,,
KLO,2010,11,18,9,2.2,,,,,,,,959.9,,0.3,,128,214.1,87.8,0,0,0,0,,,,
KLO,2010,11,18,10,3.2,,,,,,,,960.2,,0.5,,101,8.6,98.5,0,0,0,0,,,,
KLO,2010,11,18,11,4.1,,,,,,,,960.2,,0.7,,122,7.8,119.1,0,0,0,0,,,,
KLO,2010,11,18,12,4.8,,,,,,,,960.3,,1.1,,72,2.1,71.2,0,0,0,0,,,,
KLO,2010,11,18,13,5.3,,,,,,,,960.4,,0.9,,61,1.6,60.4,0,0,0,0,,,,
KLO,2010,11,18,14,5.5,,,,,,,,960.7,,0.8,,35,0.7,34.8,0,0,0,0,,,,
KLO,2010,11,18,15,5.5,,,,,,,,961.1,,1.2,,8,0.1,8,0,0,0,0,,,,
KLO,2010,11,18,16,5.4,,,,,,,,961.6,,1.1,,0,0,0,0,0,0,0,,,,
KLO,2010,11,18,17,5.2,,,,,,,,962.2,,1.7,,0,0,0,0,0,0,0,,,,
KLO,2010,11,18,18,4.5,,,,,,,,962.8,,1.3,,0,0,0,0,0,0,0,,,,
KLO,2010,11,18,19,4.2,,,,,,,,963.3,,0.9,,0,0,0,0,0,0,0,,,,
KLO,2010,11,18,20,2.9,,,,,,,,963.7,,0.5,,0,0,0,0,0,0,0,,,,
KLO,2010,11,18,21,2.3,,,,,,,,963.9,,0.5,,0,0,0,0,0,0,0,,,,
KLO,2010,11,18,22,2.3,,,,,,,,964.2,,0.6,,0,0,0,0,0,0,0,,,,
KLO,2010,11,18,23,2.7,,,,,,,,964.3,,1.2,,0,0,0,0,0,0,0,,,,
KLO,2010,11,19,0,2.8,,,,,,,,964.2,,0.3,,0,0,0,0,0,0,0,,,,
KLO,2010,11,19,1,2.6,,,,,,,,964.5,,0.8,,0,0,0,0,0,0,0,,,,
KLO,2010,11,19,2,2.9,,,,,,,,964.7,,1.6,,0,0,0,0,0,0,0,,,,
KLO,2010,11,19,3,3.2,,,,,,,,964.8,,0.5,,0,0,0,0,0,0,0,,,,
KLO,2010,11,19,4,3.2,,,,,,,,964.9,,0.8,,0,0,0,0,0,0,0,,,,
KLO,2010,11,19,5,3.2,,,,,,,,965.1,,0.7,,0,0,0,0,0,0,0,,,,
KLO,2010,11,19,6,3.2,,,,,,,,965.4,,0.9,,0,0,0,0,0,0,0,,,,
KLO,2010,11,19,7,3.3,,,,,,,,966.1,,1,,21,0,0,0,0,0,0,,,,
KLO,2010,11,19,8,2.9,,,,,,,,966.5,,1,,119,0,0,0,0,0,0,,,,
KLO,2010,11,19,9,4.2,,,,,,,,966.8,,1.3,,205,930.7,33.8,0,0,0,0,,,,
KLO,2010,11,19,10,5.5,,,,,,,,967,,1.9,,223,340.6,123.9,0,0,0,0,,,,
KLO,2010,11,19,11,6.5,,,,,,,,966.9,,1.7,,247,216.1,168.9,0,0,0,0,,,,
KLO,2010,11,19,12,8.1,,,,,,,,966.5,,1.4,,350,577.2,124.3,0,0,0,0,,,,
KLO,2010,11,19,13,8.1,,,,,,,,966.1,,1.7,,153,18.1,146.2,0,0,0,0,,,,
KLO,2010,11,19,14,8.1,,,,,,,,965.9,,0.8,,112,9.1,109.1,0,0,0,0,,,,
KLO,2010,11,19,15,7.8,,,,,,,,965.9,,1,,25,0.8,24.8,0,0,0,0,,,,
KLO,2010,11,19,16,7.1,,,,,,,,966.3,,0.4,,0,0,0,0,0,0,0,,,,
KLO,2010,11,19,17,5.8,,,,,,,,966.6,,1,,0,0,0,0,0,0,0,,,,
KLO,2010,11,19,18,4.9,,,,,,,,967.2,,1.4,,0,0,0,0,0,0,0,,,,
KLO,2010,11,19,19,3.8,,,,,,,,967.3,,0.6,,0,0,0,0,0,0,0,,,,
KLO,2010,11,19,20,2.3,,,,,,,,967.4,,0.7,,0,0,0,0,0,0,0,,,,
KLO,2010,11,19,21,1,,,,,,,,967.4,,1.1,,0,0,0,0,0,0,0,,,,
KLO,2010,11,19,22,0.6,,,,,,,,967.1,,0.6,,0,0,0,0,0,0,0,,,,
KLO,2010,11,19,23,-1.4,,,,,,,,967.1,,1.2,,0,0,0,0,0,0,0,,,,
KLO,2010,11,20,0,-0.4,,,,,,,,966.9,,1.7,,0,0,0,0,0,0,0,,,,
KLO,2010,11,20,1,-0.5,,,,,,,,966.8,,1,,0,0,0,0,0,0,0,,,,
KLO,2010,11,20,2,-0.6,,,,,,,,966.4,,0.9,,0,0,0,0,0,0,0,,,,
KLO,2010,11,20,3,-0.3,,,,,,,,965.9,,1.2,,0,0,0,0,0,0,0,,,,
KLO,2010,11,20,4,0.1,,,,,,,,965.5,,0.6,,0,0,0,0,0,0,0,,,,
KLO,2010,11,20,5,1,,,,,,,,965.1,,1.2,,0,0,0,0,0,0,0,,,,
KLO,2010,11,20,6,1,,,,,,,,965,,1.7,,0,0,0,0,0,0,0,,,,
KLO,2010,11,20,7,2,,,,,,,,965.1,,1.3,,18,0,0,0,0,0,0,,,,
KLO,2010,11,20,8,2.7,,,,,,,,965.1,,0.9,,69,0,0,0,0,0,0,,,,
KLO,2010,11,20,9,3.8,,,,,,,,964.9,,1.9,,157,531.1,61.3,0,0,0,0,,,,
KLO,2010,11,20,10,4.3,,,,,,,,964.3,,2.7,,233,418.8,112.8,0,0,0,0,,,,
KLO,2010,11,20,11,4.4,,,,,,,,963.5,,2.8,,189,67.9,164.7,0,0,0,0,,,,
KLO,2010,11,20,12,4.3,,,,,,,,962.8,,2.8,,117,5.9,114.7,0,0,0,0,,,,
KLO,2010,11,20,13,4.4,,,,,,,,962.2,,1.8,,112,5.8,109.8,0,0,0,0,,,,
KLO,2010,11,20,14,4.6,,,,,,,,961.8,,1.9,,109,8.6,106.3,0,0,0,0,,,,
KLO,2010,11,20,15,3.8,,,,,,,,961.3,,1,,20,0.5,19.9,0,0,0,0,,,,
KLO,2010,11,20,16,3,,,,,,,,961,,1.9,,0,0,0,0,0,0,0,,,,
KLO,2010,11,20,17,3.5,,,,,,,,960.5,,2.9,,0,0,0,0,0,0,0,,,,
KLO,2010,11,20,18,3.7,,,,,,,,960.2,,2.2,,0,0,0,0,0,0,0,,,,
KLO,2010,11,20,19,3.5,,,,,,,,959.7,,2.9,,0,0,0,0,0,0,0,,,,
KLO,2010,11,20,20,3.3,,,,,,,,959.2,,2.7,,0,0,0,0,0,0,0,,,,
KLO,2010,11,20,21,3.2,,,,,,,,958.9,,2.4,,0,0,0,0,0,0,0,,,,
KLO,2010,11,20,22,3.3,,,,,,,,958.4,,3.3,,0,0,0,0,0,0,0,,,,
KLO,2010,11,20,23,3,,,,,,,,958,,3,,0,0,0,0,0,0,0,,,,
KLO,2010,11,21,0,2.9,,,,,,,,957.4,,2.8,,0,0,0,0,0,0,0,,,,
KLO,2010,11,21,1,2.9,,,,,,,,956.9,,3.1,,0,0,0,0,0,0,0,,,,
KLO,2010,11,21,2,2.7,,,,,,,,956.4,,3.3,,0,0,0,0,0,0,0,,,,
KLO,2010,11,21,3,2.4,,,,,,,,955.8,,3.6,,0,0,0,0,0,0,0,,,,
KLO,2010,11,21,4,2.3,,,,,,,,955.5,,3.6,,0,0,0,0,0,0,0,,,,
KLO,2010,11,21,5,2.3,,,,,,,,955.2,,3.7,,0,0,0,0,0,0,0,,,,
KLO,2010,11,21,6,2.3,,,,,,,,955.1,,3.6,,0,0,0,0,0,0,0,,,,
KLO,2010,11,21,7,2.4,,,,,,,,955.2,,3.1,,4,0,0,0,0,0,0,,,,
KLO,2010,11,21,8,2.5,,,,,,,,955.4,,3.3,,22,0,0,0,0,0,0,,,,
KLO,2010,11,21,9,2.7,,,,,,,,955.4,,2.8,,33,2.2,32.6,0,0,0,0,,,,
KLO,2010,11,21,10,3,,,,,,,,955.3,,2.1,,60,2.9,59.2,0,0,0,0,,,,
KLO,2010,11,21,11,3.6,,,,,,,,954.8,,3.1,,140,16,134.3,0,0,0,0,,,,
KLO,2010,11,21,12,4,,,,,,,,954.4,,3.3,,156,18.3,149,0,0,0,0,,,,
KLO,2010,11,21,13,3.6,,,,,,,,954,,2.8,,52,1.3,51.5,0,0,0,0,,,,
KLO,2010,11,21,14,3.6,,,,,,,,953.9,,2.4,,25,0.4,24.9,0,0,0,0,,,,
KLO,2010,11,21,15,3.4,,,,,,,,953.6,,2.6,,11,0.2,11,0,0,0,0,,,,
KLO,2010,11,21,16,3.6,,,,,,,,953.6,,2.6,,0,0,0,0,0,0,0,,,,
KLO,2010,11,21,17,3.7,,,,,,,,953.4,,1.8,,0,0,0,0,0,0,0,,,,
KLO,2010,11,21,18,3.7,,,,,,,,953.3,,0.8,,0,0,0,0,0,0,0,,,,
KLO,2010,11,21,19,3.6,,,,,,,,953,,1.2,,0,0,0,0,0,0,0,,,,
KLO,2010,11,21,20,3.6,,,,,,,,952.7,,1.7,,0,0,0,0,0,0,0,,,,
KLO,2010,11,21,21,3.6,,,,,,,,952.4,,2.4,,0,0,0,0,0,0,0,,,,
KLO,2010,11,21,22,3.6,,,,,,,,952,,2,,0,0,0,0,0,0,0,,,,
KLO,2010,11,21,23,3.5,,,,,,,,951.5,,1.8,,0,0,0,0,0,0,0,,,,
KLO,2010,11,22,0,3.5,,,,,,,,950.9,,1.2,,0,0,0,0,0,0,0,,,,
KLO,2010,11,22,1,3.6,,,,,,,,950.9,,1,,0,0,0,0,0,0,0,,,,
KLO,2010,11,22,2,3.5,,,,,,,,950.5,,0.8,,0,0,0,0,0,0,0,,,,
KLO,2010,11,22,3,3.5,,,,,,,,950.1,,0.7,,0,0,0,0,0,0,0,,,,
KLO,2010,11,22,4,3.4,,,,,,,,950,,0.4,,0,0,0,0,0,0,0,,,,
KLO,2010,11,22,5,3.5,,,,,,,,949.9,,0.7,,0,0,0,0,0,0,0,,,,
KLO,2010,11,22,6,3.6,,,,,,,,949.9,,1.7,,0,0,0,0,0,0,0,,,,
KLO,2010,11,22,7,3.6,,,,,,,,950.1,,2.3,,2,0,0,0,0,0,0,,,,
KLO,2010,11,22,8,3.6,,,,,,,,950.4,,2.3,,12,0,0,0,0,0,0,,,,
KLO,2010,11,22,9,3.7,,,,,,,,950.6,,2.3,,38,3.1,37.5,0,0,0,0,,,,
KLO,2010,11,22,10,3.8,,,,,,,,950.7,,2.6,,40,1.3,39.6,0,0,0,0,,,,
KLO,2010,11,22,11,4,,,,,,,,950.5,,3,,39,0.8,38.7,0,0,0,0,,,,
KLO,2010,11,22,12,4.1,,,,,,,,950.4,,3.7,,51,1.2,50.6,0,0,0,0,,,,
KLO,2010,11,22,13,4.1,,,,,,,,950.3,,3.3,,33,0.5,32.8,0,0,0,0,,,,
KLO,2010,11,22,14,3.8,,,,,,,,950.5,,3.2,,8,0,8,0,0,0,0,,,,
KLO,2010,11,22,15,3.9,,,,,,,,950.8,,1.6,,4,0,4,0,0,0,0,,,,
KLO,2010,11,22,16,3.9,,,,,,,,951,,1.8,,0,0,0,0,0,0,0,,,,
KLO,2010,11,22,17,3.9,,,,,,,,951.5,,3.1,,0,0,0,0,0,0,0,,,,
KLO,2010,11,22,18,3.7,,,,,,,,951.8,,2.4,,0,0,0,0,0,0,0,,,,
KLO,2010,11,22,19,3.6,,,,,,,,952,,3.3,,0,0,0,0,0,0,0,,,,
KLO,2010,11,22,20,3.4,,,,,,,,952.2,,2.8,,0,0,0,0,0,0,0,,,,
KLO,2010,11,22,21,3.3,,,,,,,,952.5,,2.6,,0,0,0,0,0,0,0,,,,
KLO,2010,11,22,22,3.3,,,,,,,,952.6,,2.7,,0,0,0,0,0,0,0,,,,
KLO,2010,11,22,23,3.2,,,,,,,,952.7,,2.7,,0,0,0,0,0,0,0,,,,
KLO,2010,11,23,0,3.2,,,,,,,,952.8,,3.9,,0,0,0,0,0,0,0,,,,
KLO,2010,11,23,1,3.1,,,,,,,,953,,2.8,,0,0,0,0,0,0,0,,,,
KLO,2010,11,23,2,2.7,,,,,,,,953.3,,2,,0,0,0,0,0,0,0,,,,
KLO,2010,11,23,3,2.4,,,,,,,,953.4,,1.3,,0,0,0,0,0,0,0,,,,
KLO,2010,11,23,4,2.4,,,,,,,,953.7,,2.1,,0,0,0,0,0,0,0,,,,
KLO,2010,11,23,5,2.2,,,,,,,,954,,2,,0,0,0,0,0,0,0,,,,
KLO,2010,11,23,6,2.1,,,,,,,,954.3,,2.1,,0,0,0,0,0,0,0,,,,
KLO,2010,11,23,7,2.2,,,,,,,,954.6,,2.3,,8,0,0,0,0,0,0,,,,
KLO,2010,11,23,8,2.3,,,,,,,,955.1,,2.2,,36,0,0,0,0,0,0,,,,
KLO,2010,11,23,9,2.5,,,,,,,,955.3,,3,,67,16.1,64.3,0,0,0,0,,,,
KLO,2010,11,23,10,2.7,,,,,,,,955.6,,2.6,,68,3.9,66.9,0,0,0,0,,,,
KLO,2010,11,23,11,2.9,,,,,,,,955.6,,2.8,,67,2.4,66.2,0,0,0,0,,,,
KLO,2010,11,23,12,2.9,,,,,,,,955.6,,2.6,,39,0.7,38.7,0,0,0,0,,,,
KLO,2010,11,23,13,3,,,,,,,,955.9,,1.9,,47,1.1,46.6,0,0,0,0,,,,
KLO,2010,11,23,14,3.3,,,,,,,,956.1,,2.2,,38,1,37.7,0,0,0,0,,,,
KLO,2010,11,23,15,3,,,,,,,,956.5,,2.1,,10,0.1,10,0,0,0,0,,,,
KLO,2010,11,23,16,1.4,,,,,,,,957,,2.6,,0,0,0,0,0,0,0,,,,
KLO,2010,11,23,17,1.4,,,,,,,,957.5,,0.8,,0,0,0,0,0,0,0,,,,
KLO,2010,11,23,18,1.7,,,,,,,,957.8,,1.9,,0,0,0,0,0,0,0,,,,
KLO,2010,11,23,19,1.9,,,,,,,,958,,2.8,,0,0,0,0,0,0,0,,,,
KLO,2010,11,23,20,1.7,,,,,,,,958.2,,3.3,,0,0,0,0,0,0,0,,,,
KLO,2010,11,23,21,0.9,,,,,,,,958.3,,1.9,,0,0,0,0,0,0,0,,,,
KLO,2010,11,23,22,1.2,,,,,,,,958.5,,1.3,,0,0,0,0,0,0,0,,,,
KLO,2010,11,23,23,1.3,,,,,,,,958.7,,2,,0,0,0,0,0,0,0,,,,
KLO,2010,11,24,0,1.4,,,,,,,,958.6,,2.3,,0,0,0,0,0,0,0,,,,
KLO,2010,11,24,1,1.2,,,,,,,,958.6,,1.6,,0,0,0,0,0,0,0,,,,
KLO,2010,11,24,2,0.9,,,,,,,,958.5,,2,,0,0,0,0,0,0,0,,,,
KLO,2010,11,24,3,1.1,,,,,,,,958.6,,2.8,,0,0,0,0,0,0,0,,,,
KLO,2010,11,24,4,1.3,,,,,,,,958.8,,3.1,,0,0,0,0,0,0,0,,,,
KLO,2010,11,24,5,1.5,,,,,,,,959,,1.8,,0,0,0,0,0,0,0,,,,
KLO,2010,11,24,6,1.5,,,,,,,,959.1,,2.2,,0,0,0,0,0,0,0,,,,
KLO,2010,11,24,7,1.6,,,,,,,,959.4,,2.5,,7,0,0,0,0,0,0,,,,
KLO,2010,11,24,8,1.5,,,,,,,,959.6,,1.4,,14,0,0,0,0,0,0,,,,
KLO,2010,11,24,9,1.6,,,,,,,,959.8,,2.2,,46,5,45.2,0,0,0,0,,,,
KLO,2010,11,24,10,1.9,,,,,,,,959.7,,3.1,,71,4.4,69.8,0,0,0,0,,,,
KLO,2010,11,24,11,2.3,,,,,,,,959.6,,3.7,,79,3.4,77.8,0,0,0,0,,,,
KLO,2010,11,24,12,2.6,,,,,,,,959.4,,3.1,,78,2.8,77,0,0,0,0,,,,
KLO,2010,11,24,13,3.1,,,,,,,,959.1,,2.5,,89,3.9,87.6,0,0,0,0,,,,
KLO,2010,11,24,14,3.3,,,,,,,,958.9,,2.4,,69,3.3,68,0,0,0,0,,,,
KLO,2010,11,24,15,3,,,,,,,,959,,1.9,,13,0.2,12.9,0,0,0,0,,,,
KLO,2010,11,24,16,2.8,,,,,,,,958.9,,1.3,,0,0,0,0,0,0,0,,,,
KLO,2010,11,24,17,2.7,,,,,,,,958.9,,1.2,,0,0,0,0,0,0,0,,,,
KLO,2010,11,24,18,2.7,,,,,,,,958.9,,2.6,,0,0,0,0,0,0,0,,,,
KLO,2010,11,24,19,2.6,,,,,,,,958.9,,3,,0,0,0,0,0,0,0,,,,
KLO,2010,11,24,20,2.6,,,,,,,,959.1,,3.8,,0,0,0,0,0,0,0,,,,
KLO,2010,11,24,21,2,,,,,,,,959.2,,3.6,,0,0,0,0,0,0,0,,,,
KLO,2010,11,24,22,1.6,,,,,,,,959.3,,2.3,,0,0,0,0,0,0,0,,,,
KLO,2010,11,24,23,1.8,,,,,,,,959.3,,3.2,,0,0,0,0,0,0,0,,,,
KLO,2010,11,25,0,1.2,,,,,,,,959,,1.2,,0,0,0,0,0,0,0,,,,
KLO,2010,11,25,1,0.7,,,,,,,,958.7,,1.7,,0,0,0,0,0,0,0,,,,
KLO,2010,11,25,2,0.9,,,,,,,,958.4,,2,,0,0,0,0,0,0,0,,,,
KLO,2010,11,25,3,0.4,,,,,,,,957.9,,1.9,,0,0,0,0,0,0,0,,,,
KLO,2010,11,25,4,-0.7,,,,,,,,957.5,,1.6,,0,0,0,0,0,0,0,,,,
KLO,2010,11,25,5,-0.5,,,,,,,,957,,2.8,,0,0,0,0,0,0,0,,,,
KLO,2010,11,25,6,0.7,,,,,,,,956.6,,2.9,,0,0,0,0,0,0,0,,,,
KLO,2010,11,25,7,1.6,,,,,,,,956.4,,4.1,,9,0,0,0,0,0,0,,,,
KLO,2010,11,25,8,2.2,,,,,,,,956.1,,3.7,,62,0,0,0,0,0,0,,,,
KLO,2010,11,25,9,3,,,,,,,,955.8,,3.8,,123,326.7,70.1,0,0,0,0,,,,
KLO,2010,11,25,10,3.8,,,,,,,,955.3,,3.4,,245,607.6,81.7,0,0,0,0,,,,
KLO,2010,11,25,11,4.3,,,,,,,,954.5,,3.4,,266,365.3,141.8,0,0,0,0,,,,
KLO,2010,11,25,12,4.7,,,,,,,,953.7,,3,,240,171.9,176.4,0,0,0,0,,,,
KLO,2010,11,25,13,4.8,,,,,,,,952.9,,1.5,,168,37.6,154.6,0,0,0,0,,,,
KLO,2010,11,25,14,4.7,,,,,,,,952.3,,2.2,,81,4.6,79.6,0,0,0,0,,,,
KLO,2010,11,25,15,3.6,,,,,,,,951.5,,3,,14,0.3,13.9,0,0,0,0,,,,
KLO,2010,11,25,16,3,,,,,,,,951.1,,2.7,,0,0,0,0,0,0,0,,,,
KLO,2010,11,25,17,2.6,,,,,,,,950.5,,2.4,,0,0,0,0,0,0,0,,,,
KLO,2010,11,25,18,2.7,,,,,,,,950.3,,0.9,,0,0,0,0,0,0,0,,,,
KLO,2010,11,25,19,2.6,,,,,,,,950,,2.8,,0,0,0,0,0,0,0,,,,
KLO,2010,11,25,20,1.9,,,,,,,,949.8,,1.1,,0,0,0,0,0,0,0,,,,
KLO,2010,11,25,21,1.7,,,,,,,,949.4,,1.2,,0,0,0,0,0,0,0,,,,
KLO,2010,11,25,22,1.2,,,,,,,,949.5,,0.7,,0,0,0,0,0,0,0,,,,
KLO,2010,11,25,23,0.3,,,,,,,,949.8,,1,,0,0,0,0,0,0,0,,,,
KLO,2010,11,26,0,0.5,,,,,,,,950.1,,1.7,,0,0,0,0,0,0,0,,,,
KLO,2010,11,26,1,0.7,,,,,,,,950.8,,3.6,,0,0,0,0,0,0,0,,,,
KLO,2010,11,26,2,0.3,,,,,,,,951.9,,4.5,,0,0,0,0,0,0,0,,,,
KLO,2010,11,26,3,0.1,,,,,,,,952.6,,4.3,,0,0,0,0,0,0,0,,,,
KLO,2010,11,26,4,0.1,,,,,,,,952.9,,3.9,,0,0,0,0,0,0,0,,,,
KLO,2010,11,26,5,-0.1,,,,,,,,953.3,,3.3,,0,0,0,0,0,0,0,,,,
KLO,2010,11,26,6,-0.3,,,,,,,,953.8,,3.4,,0,0,0,0,0,0,0,,,,
KLO,2010,11,26,7,-0.5,,,,,,,,954.5,,3.3,,7,0,0,0,0,0,0,,,,
KLO,2010,11,26,8,-0.4,,,,,,,,954.9,,3.3,,63,0,0,0,0,0,0,,,,
KLO,2010,11,26,9,-0.2,,,,,,,,955.1,,3,,122,343.2,67.6,0,0,0,0,,,,
KLO,2010,11,26,10,-0.1,,,,,,,,955.2,,3.5,,221,455.4,100.2,0,0,0,0,,,,
KLO,2010,11,26,11,0.1,,,,,,,,955,,4,,244,272.7,152.2,0,0,0,0,,,,
KLO,2010,11,26,12,0,,,,,,,,954.9,,3.9,,92,4,90.5,0,0,0,0,,,,
KLO,2010,11,26,13,-0.3,,,,,,,,954.7,,3.3,,87,3.9,85.6,0,0,0,0,,,,
KLO,2010,11,26,14,-0.3,,,,,,,,954.9,,2.8,,69,3.4,68,0,0,0,0,,,,
KLO,2010,11,26,15,-0.5,,,,,,,,955,,3,,15,0.3,14.9,0,0,0,0,,,,
KLO,2010,11,26,16,-0.7,,,,,,,,955.2,,2,,0,0,0,0,0,0,0,,,,
KLO,2010,11,26,17,-0.7,,,,,,,,955.5,,2,,0,0,0,0,0,0,0,,,,
KLO,2010,11,26,18,-0.9,,,,,,,,955.6,,2.6,,0,0,0,0,0,0,0,,,,
KLO,2010,11,26,19,-1.1,,,,,,,,955.8,,1.1,,0,0,0,0,0,0,0,,,,
KLO,2010,11,26,20,-1.5,,,,,,,,956,,1.1,,0,0,0,0,0,0,0,,,,
KLO,2010,11,26,21,-1.4,,,,,,,,956.2,,1.1,,0,0,0,0,0,0,0,,,,
KLO,2010,11,26,22,-1.4,,,,,,,,956.3,,1.6,,0,0,0,0,0,0,0,,,,
KLO,2010,11,26,23,-1.6,,,,,,,,956.3,,1.7,,0,0,0,0,0,0,0,,,,
KLO,2010,11,27,0,-1.5,,,,,,,,956.3,,1.7,,0,0,0,0,0,0,0,,,,
KLO,2010,11,27,1,-1.6,,,,,,,,956.2,,1.3,,0,0,0,0,0,0,0,,,,
KLO,2010,11,27,2,-2.1,,,,,,,,956,,1.1,,0,0,0,0,0,0,0,,,,
KLO,2010,11,27,3,-3.6,,,,,,,,955.7,,1.3,,0,0,0,0,0,0,0,,,,
KLO,2010,11,27,4,-4.5,,,,,,,,955.1,,1.6,,0,0,0,0,0,0,0,,,,
KLO,2010,11,27,5,-5.7,,,,,,,,954.9,,1.1,,0,0,0,0,0,0,0,,,,
KLO,2010,11,27,6,-5.5,,,,,,,,954.3,,1.1,,0,0,0,0,0,0,0,,,,
KLO,2010,11,27,7,-6.2,,,,,,,,954.3,,1.2,,32,0,0,0,0,0,0,,,,
KLO,2010,11,27,8,-4.7,,,,,,,,954,,1.9,,145,0,0,0,0,0,0,,,,
KLO,2010,11,27,9,-3.1,,,,,,,,954,,1.8,,176,947.6,29,0,0,0,0,,,,
KLO,2010,11,27,10,-2.4,,,,,,,,953.9,,1.8,,152,104.7,124.6,0,0,0,0,,,,
KLO,2010,11,27,11,-2.2,,,,,,,,953.8,,1.6,,109,7.2,106.6,0,0,0,0,,,,
KLO,2010,11,27,12,-2,,,,,,,,953.4,,2,,66,2.1,65.2,0,0,0,0,,,,
KLO,2010,11,27,13,-2,,,,,,,,953,,2.4,,47,1.1,46.6,0,0,0,0,,,,
KLO,2010,11,27,14,-1.9,,,,,,,,952.9,,2.4,,28,0.6,27.8,0,0,0,0,,,,
KLO,2010,11,27,15,-1.9,,,,,,,,953,,1.8,,7,0.1,7,0,0,0,0,,,,
KLO,2010,11,27,16,-1.9,,,,,,,,953.1,,1.5,,0,0,0,0,0,0,0,,,,
KLO,2010,11,27,17,-1.9,,,,,,,,953.3,,1.7,,0,0,0,0,0,0,0,,,,
KLO,2010,11,27,18,-1.9,,,,,,,,953.6,,1.1,,0,0,0,0,0,0,0,,,,
KLO,2010,11,27,19,-2.2,,,,,,,,953.6,,0.6,,0,0,0,0,0,0,0,,,,
KLO,2010,11,27,20,-2.2,,,,,,,,953.9,,1,,0,0,0,0,0,0,0,,,,
KLO,2010,11,27,21,-1.9,,,,,,,,954.4,,0.7,,0,0,0,0,0,0,0,,,,
KLO,2010,11,27,22,-1.7,,,,,,,,954.6,,1.5,,0,0,0,0,0,0,0,,,,
KLO,2010,11,27,23,-1.6,,,,,,,,954.7,,1.4,,0,0,0,0,0,0,0,,,,
KLO,2010,11,28,0,-1.9,,,,,,,,954.6,,1.2,,0,0,0,0,0,0,0,,,,
KLO,2010,11,28,1,-2.4,,,,,,,,954.4,,1.1,,0,0,0,0,0,0,0,,,,
KLO,2010,11,28,2,-2.2,,,,,,,,954.4,,1.1,,0,0,0,0,0,0,0,,,,
KLO,2010,11,28,3,-2.6,,,,,,,,954,,1.6,,0,0,0,0,0,0,0,,,,
KLO,2010,11,28,4,-2.7,,,,,,,,953.8,,1.8,,0,0,0,0,0,0,0,,,,
KLO,2010,11,28,5,-2.6,,,,,,,,953.5,,1.8,,0,0,0,0,0,0,0,,,,
KLO,2010,11,28,6,-2.2,,,,,,,,953.2,,2.9,,0,0,0,0,0,0,0,,,,
KLO,2010,11,28,7,-2.2,,,,,,,,953.3,,2.8,,15,0,0,0,0,0,0,,,,
KLO,2010,11,28,8,-2.1,,,,,,,,953.2,,3,,63,0,0,0,0,0,0,,,,
KLO,2010,11,28,9,-1.2,,,,,,,,953,,2.4,,140,626.8,44.9,0,0,0,0,,,,
KLO,2010,11,28,10,-0.5,,,,,,,,952.6,,2.3,,177,215.4,121.3,0,0,0,0,,,,
KLO,2010,11,28,11,-0.2,,,,,,,,951.9,,2.6,,189,98.2,156.6,0,0,0,0,,,,
KLO,2010,11,28,12,0.2,,,,,,,,951.1,,1.8,,169,36.8,155.7,0,0,0,0,,,,
KLO,2010,11,28,13,0.1,,,,,,,,950.4,,2.1,,154,27.2,144.5,0,0,0,0,,,,
KLO,2010,11,28,14,0.2,,,,,,,,949.9,,2.6,,98,7.5,95.8,0,0,0,0,,,,
KLO,2010,11,28,15,0.2,,,,,,,,949.5,,1.4,,28,1.2,27.8,0,0,0,0,,,,
KLO,2010,11,28,16,-0.2,,,,,,,,949.4,,1.5,,0,0,0,0,0,0,0,,,,
KLO,2010,11,28,17,-0.3,,,,,,,,949.2,,2.5,,0,0,0,0,0,0,0,,,,
KLO,2010,11,28,18,-0.4,,,,,,,,949.2,,2.8,,0,0,0,0,0,0,0,,,,
KLO,2010,11,28,19,-1.2,,,,,,,,949.1,,3,,0,0,0,0,0,0,0,,,,
KLO,2010,11,28,20,-1.7,,,,,,,,949.3,,3,,0,0,0,0,0,0,0,,,,
KLO,2010,11,28,21,-1.5,,,,,,,,949.7,,2,,0,0,0,0,0,0,0,,,,
KLO,2010,11,28,22,-1.3,,,,,,,,950.1,,1.2,,0,0,0,0,0,0,0,,,,
KLO,2010,11,28,23,-1.5,,,,,,,,950.5,,0.8,,0,0,0,0,0,0,0,,,,
KLO,2010,11,29,0,-1.6,,,,,,,,950.6,,0.8,,0,0,0,0,0,0,0,,,,
KLO,2010,11,29,1,-1.3,,,,,,,,950.6,,1,,0,0,0,0,0,0,0,,,,
KLO,2010,11,29,2,-1.1,,,,,,,,950.8,,1,,0,0,0,0,0,0,0,,,,
KLO,2010,11,29,3,-0.9,,,,,,,,951,,0.6,,0,0,0,0,0,0,0,,,,
KLO,2010,11,29,4,-0.6,,,,,,,,951.4,,1.4,,0,0,0,0,0,0,0,,,,
KLO,2010,11,29,5,-0.4,,,,,,,,952,,1.2,,0,0,0,0,0,0,0,,,,
KLO,2010,11,29,6,0.1,,,,,,,,952.6,,1.8,,0,0,0,0,0,0,0,,,,
KLO,2010,11,29,7,0.2,,,,,,,,953.2,,0.9,,10,0,0,0,0,0,0,,,,
KLO,2010,11,29,8,0.6,,,,,,,,954,,2.8,,22,0,0,0,0,0,0,,,,
KLO,2010,11,29,9,0.3,,,,,,,,954.8,,3.3,,94,154,71.1,0,0,0,0,,,,
KLO,2010,11,29,10,1.1,,,,,,,,955.2,,3.6,,306,1000.4,50.5,0,0,0,0,,,,
KLO,2010,11,29,11,1.5,,,,,,,,955.6,,2.3,,255,358.7,137.7,0,0,0,0,,,,
KLO,2010,11,29,12,1,,,,,,,,956.1,,3.8,,207,102.3,170.3,0,0,0,0,,,,
KLO,2010,11,29,13,1,,,,,,,,956.3,,1.6,,278,396.8,140.4,0,0,0,0,,,,
KLO,2010,11,29,14,1.9,,,,,,,,956.3,,3,,211,262.7,133.9,0,0,0,0,,,,
KLO,2010,11,29,15,0,,,,,,,,956.8,,3.5,,36,2,35.6,0,0,0,0,,,,
KLO,2010,11,29,16,-1,,,,,,,,957.7,,2.2,,0,0,0,0,0,0,0,,,,
KLO,2010,11,29,17,-1.6,,,,,,,,958.4,,1.5,,0,0,0,0,0,0,0,,,,
KLO,2010,11,29,18,-3.1,,,,,,,,959,,1.3,,0,0,0,0,0,0,0,,,,
KLO,2010,11,29,19,-3.4,,,,,,,,959.5,,1.2,,0,0,0,0,0,0,0,,,,
KLO,2010,11,29,20,-4.4,,,,,,,,959.9,,1.5,,0,0,0,0,0,0,0,,,,
KLO,2010,11,29,21,-4.6,,,,,,,,960.4,,1.2,,0,0,0,0,0,0,0,,,,
KLO,2010,11,29,22,-5.9,,,,,,,,960.5,,1,,0,0,0,0,0,0,0,,,,
KLO,2010,11,29,23,-6.2,,,,,,,,960.6,,1,,0,0,0,0,0,0,0,,,,
KLO,2010,11,30,0,-7.3,,,,,,,,960.7,,1.1,,0,0,0,0,0,0,0,,,,
KLO,2010,11,30,1,-8.2,,,,,,,,960.5,,1.2,,0,0,0,0,0,0,0,,,,
KLO,2010,11,30,2,-8.8,,,,,,,,960.3,,1.2,,0,0,0,0,0,0,0,,,,
KLO,2010,11,30,3,-9.7,,,,,,,,960,,1.2,,0,0,0,0,0,0,0,,,,
KLO,2010,11,30,4,-9.8,,,,,,,,959.8,,1.5,,0,0,0,0,0,0,0,,,,
KLO,2010,11,30,5,-9.5,,,,,,,,959.3,,1.3,,0,0,0,0,0,0,0,,,,
KLO,2010,11,30,6,-9.5,,,,,,,,959.4,,1.5,,0,0,0,0,0,0,0,,,,
KLO,2010,11,30,7,-8.3,,,,,,,,959.2,,2.6,,12,0,0,0,0,0,0,,,,
KLO,2010,11,30,8,-5.3,,,,,,,,958.9,,1.6,,63,0,0,0,0,0,0,,,,
KLO,2010,11,30,9,-3.7,,,,,,,,958.4,,2.9,,167,959,27.6,0,0,0,0,,,,
KLO,2010,11,30,10,-3.3,,,,,,,,957.6,,3.3,,184,277.7,113.9,0,0,0,0,,,,
KLO,2010,11,30,11,-2.8,,,,,,,,956.7,,1.8,,300,632.5,95,0,0,0,0,,,,
KLO,2010,11,30,12,-2,,,,,,,,955.9,,3.6,,265,302.5,157.5,0,0,0,0,,,,
KLO,2010,11,30,13,-2,,,,,,,,955,,3.8,,137,16.3,131.4,0,0,0,0,,,,
KLO,2010,11,30,14,-2,,,,,,,,954.6,,3.1,,65,3.2,64.1,0,0,0,0,,,,
KLO,2010,11,30,15,-2.1,,,,,,,,954,,3,,17,0.5,16.9,0,0,0,0,,,,
KLO,2010,11,30,16,-2.5,,,,,,,,953.2,,3.5,,0,0,0,0,0,0,0,,,,
KLO,2010,11,30,17,-2.8,,,,,,,,952.8,,3.7,,0,0,0,0,0,0,0,,,,
KLO,2010,11,30,18,-2.8,,,,,,,,952.4,,3.8,,0,0,0,0,0,0,0,,,,
KLO,2010,11,30,19,-2.8,,,,,,,,952.2,,3.4,,0,0,0,0,0,0,0,,,,
KLO,2010,11,30,20,-2.7,,,,,,,,951.9,,3.6,,0,0,0,0,0,0,0,,,,
KLO,2010,11,30,21,-2.8,,,,,,,,951.5,,3,,0,0,0,0,0,0,0,,,,
KLO,2010,11,30,22,-2.8,,,,,,,,951.4,,2.6,,0,0,0,0,0,0,0,,,,
KLO,2010,11,30,23,-2.8,,,,,,,,950.9,,2.5,,0,0,0,0,0,0,0,,,,
KLO,2010,12,1,0,-2.9,,,,,,,,950.4,,2.9,,0,0,0,0,0,0,0,,,,
KLO,2010,12,1,1,-3,,,,,,,,949.6,,2.6,,0,0,0,0,0,0,0,,,,
KLO,2010,12,1,2,-2.9,,,,,,,,949.1,,2.6,,0,0,0,0,0,0,0,,,,
KLO,2010,12,1,3,-2.9,,,,,,,,948.3,,2.7,,0,0,0,0,0,0,0,,,,
KLO,2010,12,1,4,-2.8,,,,,,,,947.8,,3.1,,0,0,0,0,0,0,0,,,,
KLO,2010,12,1,5,-2.7,,,,,,,,947.1,,3.6,,0,0,0,0,0,0,0,,,,
KLO,2010,12,1,6,-2.8,,,,,,,,946.8,,3.7,,0,0,0,0,0,0,0,,,,
KLO,2010,12,1,7,-3,,,,,,,,946.6,,3.9,,3,0,0,0,0,0,0,,,,
KLO,2010,12,1,8,-3.1,,,,,,,,946.2,,4.3,,18,0,0,0,0,0,0,,,,
KLO,2010,12,1,9,-3.1,,,,,,,,946.8,,4.2,,29,2.7,28.6,0,0,0,0,,,,
KLO,2010,12,1,10,-3,,,,,,,,946.7,,3.7,,46,2.2,45.5,0,0,0,0,,,,
KLO,2010,12,1,11,-3,,,,,,,,946,,2.7,,52,1.7,51.5,0,0,0,0,,,,
KLO,2010,12,1,12,-2.7,,,,,,,,945.6,,2.6,,70,2.5,69.1,0,0,0,0,,,,
KLO,2010,12,1,13,-2.7,,,,,,,,945.5,,2.2,,46,1.2,45.6,0,0,0,0,,,,
KLO,2010,12,1,14,-2.7,,,,,,,,945.9,,2,,24,0.4,23.9,0,0,0,0,,,,
KLO,2010,12,1,15,-2.9,,,,,,,,946.3,,1.1,,4,0,4,0,0,0,0,,,,
KLO,2010,12,1,16,-3.2,,,,,,,,947.1,,1.1,,0,0,0,0,0,0,0,,,,
KLO,2010,12,1,17,-3.1,,,,,,,,947.9,,1.1,,0,0,0,0,0,0,0,,,,
KLO,2010,12,1,18,-3,,,,,,,,948.7,,0.9,,0,0,0,0,0,0,0,,,,
KLO,2010,12,1,19,-2.7,,,,,,,,949.7,,0.9,,0,0,0,0,0,0,0,,,,
KLO,2010,12,1,20,-2.6,,,,,,,,950.7,,0.7,,0,0,0,0,0,0,0,,,,
KLO,2010,12,1,21,-2.4,,,,,,,,951.6,,1.2,,0,0,0,0,0,0,0,,,,
KLO,2010,12,1,22,-2.4,,,,,,,,952.5,,1.6,,0,0,0,0,0,0,0,,,,
KLO,2010,12,1,23,-2,,,,,,,,953.1,,1.8,,0,0,0,0,0,0,0,,,,
KLO,2010,12,2,0,-1.8,,,,,,,,953.4,,2.6,,0,0,0,0,0,0,0,,,,
KLO,2010,12,2,1,-1.9,,,,,,,,953.9,,1.2,,0,0,0,0,0,0,0,,,,
KLO,2010,12,2,2,-1.8,,,,,,,,954.2,,1.6,,0,0,0,0,0,0,0,,,,
KLO,2010,12,2,3,-1.8,,,,,,,,954.4,,1.1,,0,0,0,0,0,0,0,,,,
KLO,2010,12,2,4,-1.7,,,,,,,,954.8,,3.6,,0,0,0,0,0,0,0,,,,
KLO,2010,12,2,5,-1.9,,,,,,,,955.2,,3.6,,0,0,0,0,0,0,0,,,,
KLO,2010,12,2,6,-2.1,,,,,,,,955.6,,3.5,,0,0,0,0,0,0,0,,,,
KLO,2010,12,2,7,-2.3,,,,,,,,956.1,,3.6,,7,0,0,0,0,0,0,,,,
KLO,2010,12,2,8,-2.3,,,,,,,,956.6,,3.5,,45,0,0,0,0,0,0,,,,
KLO,2010,12,2,9,-2.5,,,,,,,,957,,2.9,,87,144.8,66.8,0,0,0,0,,,,
KLO,2010,12,2,10,-2.8,,,,,,,,957.2,,2.2,,95,14,91.6,0,0,0,0,,,,
KLO,2010,12,2,11,-2.7,,,,,,,,957.1,,2.2,,118,11.6,114.3,0,0,0,0,,,,
KLO,2010,12,2,12,-2.6,,,,,,,,956.9,,1.6,,166,38.9,152.4,0,0,0,0,,,,
KLO,2010,12,2,13,-2.7,,,,,,,,956.6,,1,,183,73.3,158.1,0,0,0,0,,,,
KLO,2010,12,2,14,-2.8,,,,,,,,956.5,,0.9,,138,41.7,126,0,0,0,0,,,,
KLO,2010,12,2,15,-3.4,,,,,,,,956.6,,1.3,,35,2,34.6,0,0,0,0,,,,
KLO,2010,12,2,16,-5.7,,,,,,,,957,,0.8,,0,0,0,0,0,0,0,,,,
KLO,2010,12,2,17,-6.9,,,,,,,,957.1,,0.2,,0,0,0,0,0,0,0,,,,
KLO,2010,12,2,18,-7.3,,,,,,,,957.1,,0.9,,0,0,0,0,0,0,0,,,,
KLO,2010,12,2,19,-9,,,,,,,,957.4,,1.2,,0,0,0,0,0,0,0,,,,
KLO,2010,12,2,20,-10.2,,,,,,,,957.5,,1.4,,0,0,0,0,0,0,0,,,,
KLO,2010,12,2,21,-11.2,,,,,,,,957.6,,1.5,,0,0,0,0,0,0,0,,,,
KLO,2010,12,2,22,-11.3,,,,,,,,957.7,,0.9,,0,0,0,0,0,0,0,,,,
KLO,2010,12,2,23,-8.2,,,,,,,,957.7,,0.6,,0,0,0,0,0,0,0,,,,
KLO,2010,12,3,0,-7.3,,,,,,,,957.6,,1.2,,0,0,0,0,0,0,0,,,,
KLO,2010,12,3,1,-6.8,,,,,,,,957.6,,0.8,,0,0,0,0,0,0,0,,,,
KLO,2010,12,3,2,-6.4,,,,,,,,957.6,,1.6,,0,0,0,0,0,0,0,,,,
KLO,2010,12,3,3,-5.9,,,,,,,,957.4,,2.2,,0,0,0,0,0,0,0,,,,
KLO,2010,12,3,4,-5.3,,,,,,,,957.2,,1.7,,0,0,0,0,0,0,0,,,,
KLO,2010,12,3,5,-5,,,,,,,,957.2,,1.7,,0,0,0,0,0,0,0,,,,
KLO,2010,12,3,6,-5.3,,,,,,,,957.3,,2.3,,0,0,0,0,0,0,0,,,,
KLO,2010,12,3,7,-5.4,,,,,,,,957.5,,1.9,,8,0,0,0,0,0,0,,,,
KLO,2010,12,3,8,-5.4,,,,,,,,957.6,,2.9,,53,0,0,0,0,0,0,,,,
KLO,2010,12,3,9,-5.6,,,,,,,,957.9,,3.7,,129,670.3,37.6,0,0,0,0,,,,
KLO,2010,12,3,10,-5.1,,,,,,,,957.8,,2.9,,147,124.4,116.7,0,0,0,0,,,,
KLO,2010,12,3,11,-4.4,,,,,,,,957.5,,0.8,,200,153.9,151.4,0,0,0,0,,,,
KLO,2010,12,3,12,-3.9,,,,,,,,957.3,,0.8,,117,7.9,114.3,0,0,0,0,,,,
KLO,2010,12,3,13,-3.8,,,,,,,,957.6,,0.9,,77,3.3,75.9,0,0,0,0,,,,
KLO,2010,12,3,14,-3.7,,,,,,,,958.5,,1.5,,30,0.7,29.8,0,0,0,0,,,,
KLO,2010,12,3,15,-3.9,,,,,,,,959.3,,1.5,,10,0.2,10,0,0,0,0,,,,
KLO,2010,12,3,16,-4,,,,,,,,960.2,,1.2,,0,0,0,0,0,0,0,,,,
KLO,2010,12,3,17,-3.9,,,,,,,,961.2,,1.1,,0,0,0,0,0,0,0,,,,
KLO,2010,12,3,18,-4.1,,,,,,,,962,,1,,0,0,0,0,0,0,0,,,,
KLO,2010,12,3,19,-4.9,,,,,,,,963,,0.8,,0,0,0,0,0,0,0,,,,
KLO,2010,12,3,20,-5.5,,,,,,,,963.9,,0.9,,0,0,0,0,0,0,0,,,,
KLO,2010,12,3,21,-5,,,,,,,,964.4,,0.8,,0,0,0,0,0,0,0,,,,
KLO,2010,12,3,22,-5.2,,,,,,,,965,,1.9,,0,0,0,0,0,0,0,,,,
KLO,2010,12,3,23,-4.5,,,,,,,,965.1,,1.1,,0,0,0,0,0,0,0,,,,
KLO,2010,12,4,0,-4.3,,,,,,,,965.5,,1.8,,0,0,0,0,0,0,0,,,,
KLO,2010,12,4,1,-4.1,,,,,,,,966,,1.1,,0,0,0,0,0,0,0,,,,
KLO,2010,12,4,2,-3.9,,,,,,,,966.3,,1,,0,0,0,0,0,0,0,,,,
KLO,2010,12,4,3,-4.4,,,,,,,,966.7,,1.3,,0,0,0,0,0,0,0,,,,
KLO,2010,12,4,4,-5.8,,,,,,,,967.1,,1.1,,0,0,0,0,0,0,0,,,,
KLO,2010,12,4,5,-6,,,,,,,,967.6,,1.9,,0,0,0,0,0,0,0,,,,
KLO,2010,12,4,6,-4.8,,,,,,,,968.2,,1.5,,0,0,0,0,0,0,0,,,,
KLO,2010,12,4,7,-3.8,,,,,,,,968.6,,1.7,,6,0,0,0,0,0,0,,,,
KLO,2010,12,4,8,-3.4,,,,,,,,969.1,,0.8,,48,0,0,0,0,0,0,,,,
KLO,2010,12,4,9,-3,,,,,,,,969.6,,0.6,,104,355.2,56.6,0,0,0,0,,,,
KLO,2010,12,4,10,-2,,,,,,,,969.6,,0.9,,194,402.3,97.1,0,0,0,0,,,,
KLO,2010,12,4,11,-1.5,,,,,,,,969.5,,1.2,,208,188.6,148.9,0,0,0,0,,,,
KLO,2010,12,4,12,-1.2,,,,,,,,969.3,,1.5,,187,74.7,161.2,0,0,0,0,,,,
KLO,2010,12,4,13,-1.4,,,,,,,,968.7,,1.1,,165,46.7,149.3,0,0,0,0,,,,
KLO,2010,12,4,14,-1.4,,,,,,,,968.6,,1.3,,142,50.9,127.5,0,0,0,0,,,,
KLO,2010,12,4,15,-2.6,,,,,,,,968.9,,0.9,,34,2,33.6,0,0,0,0,,,,
KLO,2010,12,4,16,-4.5,,,,,,,,969.5,,0.7,,0,0,0,0,0,0,0,,,,
KLO,2010,12,4,17,-5.8,,,,,,,,969.6,,1.1,,0,0,0,0,0,0,0,,,,
KLO,2010,12,4,18,-6.4,,,,,,,,969.6,,1.8,,0,0,0,0,0,0,0,,,,
KLO,2010,12,4,19,-6.8,,,,,,,,969.5,,1.9,,0,0,0,0,0,0,0,,,,
KLO,2010,12,4,20,-6.6,,,,,,,,969,,2.5,,0,0,0,0,0,0,0,,,,
KLO,2010,12,4,21,-7.1,,,,,,,,968.5,,1.3,,0,0,0,0,0,0,0,,,,
KLO,2010,12,4,22,-7.3,,,,,,,,968.4,,1.3,,0,0,0,0,0,0,0,,,,
KLO,2010,12,4,23,-6.8,,,,,,,,968.2,,1.1,,0,0,0,0,0,0,0,,,,
KLO,2010,12,5,0,-6.2,,,,,,,,967.5,,2.4,,0,0,0,0,0,0,0,,,,
KLO,2010,12,5,1,-6.6,,,,,,,,966.9,,1.1,,0,0,0,0,0,0,0,,,,
KLO,2010,12,5,2,-7.3,,,,,,,,966.4,,1.2,,0,0,0,0,0,0,0,,,,
KLO,2010,12,5,3,-7.5,,,,,,,,965.6,,1,,0,0,0,0,0,0,0,,,,
KLO,2010,12,5,4,-7.5,,,,,,,,964.6,,1.2,,0,0,0,0,0,0,0,,,,
KLO,2010,12,5,5,-7.2,,,,,,,,963.7,,1.1,,0,0,0,0,0,0,0,,,,
KLO,2010,12,5,6,-7.5,,,,,,,,963,,1.2,,0,0,0,0,0,0,0,,,,
KLO,2010,12,5,7,-7,,,,,,,,962.5,,1.4,,7,0,0,0,0,0,0,,,,
KLO,2010,12,5,8,-6.4,,,,,,,,962.2,,0.9,,53,0,0,0,0,0,0,,,,
KLO,2010,12,5,9,-4.6,,,,,,,,961.8,,1.5,,121,628.9,38.7,0,0,0,0,,,,
KLO,2010,12,5,10,-2.7,,,,,,,,961.4,,2.4,,124,61.9,109.2,0,0,0,0,,,,
KLO,2010,12,5,11,-1.1,,,,,,,,960.6,,3,,122,15.2,117.3,0,0,0,0,,,,
KLO,2010,12,5,12,0.1,,,,,,,,959.9,,2.3,,99,5.3,97.2,0,0,0,0,,,,
KLO,2010,12,5,13,1.7,,,,,,,,959.2,,1.9,,67,2.6,66.1,0,0,0,0,,,,
KLO,2010,12,5,14,2.7,,,,,,,,958.2,,4.2,,50,2,49.4,0,0,0,0,,,,
KLO,2010,12,5,15,2.3,,,,,,,,957.5,,1,,7,0.1,7,0,0,0,0,,,,
KLO,2010,12,5,16,2.4,,,,,,,,956.6,,1.4,,0,0,0,0,0,0,0,,,,
KLO,2010,12,5,17,2,,,,,,,,956.2,,1.8,,0,0,0,0,0,0,0,,,,
KLO,2010,12,5,18,0.3,,,,,,,,956.4,,2.6,,0,0,0,0,0,0,0,,,,
KLO,2010,12,5,19,-0.2,,,,,,,,956.4,,1.1,,0,0,0,0,0,0,0,,,,
KLO,2010,12,5,20,0.1,,,,,,,,956,,1.5,,0,0,0,0,0,0,0,,,,
KLO,2010,12,5,21,0.2,,,,,,,,955.4,,1.9,,0,0,0,0,0,0,0,,,,
KLO,2010,12,5,22,0.2,,,,,,,,954.7,,0.6,,0,0,0,0,0,0,0,,,,
KLO,2010,12,5,23,0.3,,,,,,,,954,,0.6,,0,0,0,0,0,0,0,,,,
KLO,2010,12,6,0,0.6,,,,,,,,953.3,,1.5,,0,0,0,0,0,0,0,,,,
KLO,2010,12,6,1,0.9,,,,,,,,952.7,,2,,0,0,0,0,0,0,0,,,,
KLO,2010,12,6,2,0.9,,,,,,,,952.4,,1.2,,0,0,0,0,0,0,0,,,,
KLO,2010,12,6,3,0.8,,,,,,,,951.5,,1,,0,0,0,0,0,0,0,,,,
KLO,2010,12,6,4,0.9,,,,,,,,950.5,,0.5,,0,0,0,0,0,0,0,,,,
KLO,2010,12,6,5,0.5,,,,,,,,949.6,,1.6,,0,0,0,0,0,0,0,,,,
KLO,2010,12,6,6,0.6,,,,,,,,948.8,,2,,0,0,0,0,0,0,0,,,,
KLO,2010,12,6,7,0.6,,,,,,,,948.7,,1.9,,1,0,0,0,0,0,0,,,,
KLO,2010,12,6,8,0.8,,,,,,,,948.8,,1.1,,13,0,0,0,0,0,0,,,,
KLO,2010,12,6,9,0.8,,,,,,,,948.8,,1.1,,28,3,27.6,0,0,0,0,,,,
KLO,2010,12,6,10,0.9,,,,,,,,948.5,,0.8,,55,3.5,54.2,0,0,0,0,,,,
KLO,2010,12,6,11,1,,,,,,,,948.2,,1.7,,60,2.4,59.3,0,0,0,0,,,,
KLO,2010,12,6,12,1.2,,,,,,,,947.8,,0.5,,54,1.6,53.5,0,0,0,0,,,,
KLO,2010,12,6,13,1.6,,,,,,,,947.3,,1.6,,60,2.1,59.3,0,0,0,0,,,,
KLO,2010,12,6,14,2,,,,,,,,947.2,,1.6,,25,0.5,24.9,0,0,0,0,,,,
KLO,2010,12,6,15,2.2,,,,,,,,947,,2,,6,0.1,6,0,0,0,0,,,,
KLO,2010,12,6,16,2.3,,,,,,,,947,,1.3,,0,0,0,0,0,0,0,,,,
KLO,2010,12,6,17,2.7,,,,,,,,947.2,,2.5,,0,0,0,0,0,0,0,,,,
KLO,2010,12,6,18,3.6,,,,,,,,947.2,,4.3,,0,0,0,0,0,0,0,,,,
KLO,2010,12,6,19,3.8,,,,,,,,947.3,,4,,0,0,0,0,0,0,0,,,,
KLO,2010,12,6,20,3.6,,,,,,,,947.4,,3.2,,0,0,0,0,0,0,0,,,,
KLO,2010,12,6,21,3.5,,,,,,,,947.6,,3.2,,0,0,0,0,0,0,0,,,,
KLO,2010,12,6,22,3.8,,,,,,,,948,,2.6,,0,0,0,0,0,0,0,,,,
KLO,2010,12,6,23,3.5,,,,,,,,948.5,,3,,0,0,0,0,0,0,0,,,,
KLO,2010,12,7,0,3.3,,,,,,,,948.6,,3.4,,0,0,0,0,0,0,0,,,,
KLO,2010,12,7,1,4.5,,,,,,,,949.1,,3.1,,0,0,0,0,0,0,0,,,,
KLO,2010,12,7,2,6.6,,,,,,,,949.8,,4.2,,0,0,0,0,0,0,0,,,,
KLO,2010,12,7,3,5.2,,,,,,,,950.1,,3.1,,0,0,0,0,0,0,0,,,,
KLO,2010,12,7,4,4,,,,,,,,950.5,,2.3,,0,0,0,0,0,0,0,,,,
KLO,2010,12,7,5,5.5,,,,,,,,950.6,,3.5,,0,0,0,0,0,0,0,,,,
KLO,2010,12,7,6,7.8,,,,,,,,950.9,,4.6,,0,0,0,0,0,0,0,,,,
KLO,2010,12,7,7,6.5,,,,,,,,951.3,,3.8,,7,0,0,0,0,0,0,,,,
KLO,2010,12,7,8,5.4,,,,,,,,951.7,,3.7,,95,0,0,0,0,0,0,,,,
KLO,2010,12,7,9,8.2,,,,,,,,952,,2.3,,227,1508.9,37.5,0,0,0,0,,,,
KLO,2010,12,7,10,7.9,,,,,,,,952,,1.9,,138,113.3,111.6,0,0,0,0,,,,
KLO,2010,12,7,11,9.6,,,,,,,,951.5,,1.9,,304,757.9,71.9,0,0,0,0,,,,
KLO,2010,12,7,12,10.7,,,,,,,,950.6,,0.7,,227,194,161.2,0,0,0,0,,,,
KLO,2010,12,7,13,9.3,,,,,,,,950.3,,1.9,,71,3,70,0,0,0,0,,,,
KLO,2010,12,7,14,8.2,,,,,,,,950.6,,2.5,,38,1.2,37.7,0,0,0,0,,,,
KLO,2010,12,7,15,7.7,,,,,,,,950.4,,1.4,,9,0.1,9,0,0,0,0,,,,
KLO,2010,12,7,16,6.8,,,,,,,,950.3,,1.6,,0,0,0,0,0,0,0,,,,
KLO,2010,12,7,17,6,,,,,,,,950.8,,1.9,,0,0,0,0,0,0,0,,,,
KLO,2010,12,7,18,5.7,,,,,,,,951.4,,0.9,,0,0,0,0,0,0,0,,,,
KLO,2010,12,7,19,5.9,,,,,,,,952.2,,1.6,,0,0,0,0,0,0,0,,,,
KLO,2010,12,7,20,6.8,,,,,,,,952.2,,2.9,,0,0,0,0,0,0,0,,,,
KLO,2010,12,7,21,6.7,,,,,,,,953,,3,,0,0,0,0,0,0,0,,,,
KLO,2010,12,7,22,6.8,,,,,,,,952.7,,1.8,,0,0,0,0,0,0,0,,,,
KLO,2010,12,7,23,6.1,,,,,,,,953.1,,1.5,,0,0,0,0,0,0,0,,,,
KLO,2010,12,8,0,5.9,,,,,,,,953.5,,1.3,,0,0,0,0,0,0,0,,,,
KLO,2010,12,8,1,6.1,,,,,,,,953.7,,1.9,,0,0,0,0,0,0,0,,,,
KLO,2010,12,8,2,6,,,,,,,,953.4,,2,,0,0,0,0,0,0,0,,,,
KLO,2010,12,8,3,5.8,,,,,,,,953.2,,1.1,,0,0,0,0,0,0,0,,,,
KLO,2010,12,8,4,5.5,,,,,,,,953.2,,0.8,,0,0,0,0,0,0,0,,,,
KLO,2010,12,8,5,5.5,,,,,,,,952.9,,1.3,,0,0,0,0,0,0,0,,,,
KLO,2010,12,8,6,5.1,,,,,,,,952.8,,1.7,,0,0,0,0,0,0,0,,,,
KLO,2010,12,8,7,5,,,,,,,,952.5,,2,,11,0,0,0,0,0,0,,,,
KLO,2010,12,8,8,5.4,,,,,,,,952.8,,2.2,,86,0,0,0,0,0,0,,,,
KLO,2010,12,8,9,6,,,,,,,,953.1,,1.6,,62,52.3,55.6,0,0,0,0,,,,
KLO,2010,12,8,10,6.7,,,,,,,,953.3,,1.1,,117,54.2,104.5,0,0,0,0,,,,
KLO,2010,12,8,11,7.5,,,,,,,,953,,2.5,,70,3.4,69,0,0,0,0,,,,
KLO,2010,12,8,12,8.2,,,,,,,,952.8,,2.1,,70,2.7,69.1,0,0,0,0,,,,
KLO,2010,12,8,13,8.7,,,,,,,,952.4,,2.1,,64,2.4,63.2,0,0,0,0,,,,
KLO,2010,12,8,14,8.9,,,,,,,,952.4,,1.8,,43,1.5,42.6,0,0,0,0,,,,
KLO,2010,12,8,15,8.9,,,,,,,,952.4,,2.9,,32,1.8,31.7,0,0,0,0,,,,
KLO,2010,12,8,16,9.1,,,,,,,,952.1,,3.7,,0,0,0,0,0,0,0,,,,
KLO,2010,12,8,17,9.9,,,,,,,,952.1,,2.1,,0,0,0,0,0,0,0,,,,
KLO,2010,12,8,18,10.8,,,,,,,,952.9,,5.8,,0,0,0,0,0,0,0,,,,
KLO,2010,12,8,19,11.5,,,,,,,,953.1,,7.3,,0,0,0,0,0,0,0,,,,
KLO,2010,12,8,20,11.1,,,,,,,,953.7,,7.2,,0,0,0,0,0,0,0,,,,
KLO,2010,12,8,21,10.8,,,,,,,,954.4,,7.3,,0,0,0,0,0,0,0,,,,
KLO,2010,12,8,22,9,,,,,,,,955.8,,6.9,,0,0,0,0,0,0,0,,,,
KLO,2010,12,8,23,6.7,,,,,,,,957.4,,7.3,,0,0,0,0,0,0,0,,,,
KLO,2010,12,9,0,4.7,,,,,,,,959.6,,6.8,,0,0,0,0,0,0,0,,,,
KLO,2010,12,9,1,3.4,,,,,,,,961.8,,5.2,,0,0,0,0,0,0,0,,,,
KLO,2010,12,9,2,0.9,,,,,,,,963.9,,2.9,,0,0,0,0,0,0,0,,,,
KLO,2010,12,9,3,0.4,,,,,,,,965.6,,1.5,,0,0,0,0,0,0,0,,,,
KLO,2010,12,9,4,0.7,,,,,,,,967.3,,2.5,,0,0,0,0,0,0,0,,,,
KLO,2010,12,9,5,0.8,,,,,,,,969,,1.9,,0,0,0,0,0,0,0,,,,
KLO,2010,12,9,6,0.4,,,,,,,,970.5,,2.3,,0,0,0,0,0,0,0,,,,
KLO,2010,12,9,7,-0.6,,,,,,,,971.6,,1.3,,9,0,0,0,0,0,0,,,,
KLO,2010,12,9,8,-0.3,,,,,,,,972.7,,2.8,,98,0,0,0,0,0,0,,,,
KLO,2010,12,9,9,0.2,,,,,,,,973.4,,2.5,,224,1548.9,37,0,0,0,0,,,,
KLO,2010,12,9,10,0.9,,,,,,,,973.9,,3.8,,329,1202.1,54.3,0,0,0,0,,,,
KLO,2010,12,9,11,1.1,,,,,,,,974.1,,4.4,,362,1000.8,59.7,0,0,0,0,,,,
KLO,2010,12,9,12,1.1,,,,,,,,974.3,,3.4,,152,30.7,141.7,0,0,0,0,,,,
KLO,2010,12,9,13,1.4,,,,,,,,974.2,,4.3,,186,93.7,155.3,0,0,0,0,,,,
KLO,2010,12,9,14,1,,,,,,,,974.9,,5,,111,16.6,106.4,0,0,0,0,,,,
KLO,2010,12,9,15,0.3,,,,,,,,975.8,,5.1,,28,1.4,27.7,0,0,0,0,,,,
KLO,2010,12,9,16,-0.1,,,,,,,,976.5,,5.2,,0,0,0,0,0,0,0,,,,
KLO,2010,12,9,17,-0.7,,,,,,,,977.3,,3.1,,0,0,0,0,0,0,0,,,,
KLO,2010,12,9,18,-1.3,,,,,,,,978,,2.2,,0,0,0,0,0,0,0,,,,
KLO,2010,12,9,19,-1,,,,,,,,978.3,,3.5,,0,0,0,0,0,0,0,,,,
KLO,2010,12,9,20,-1.1,,,,,,,,978.6,,1.8,,0,0,0,0,0,0,0,,,,
KLO,2010,12,9,21,-2.1,,,,,,,,979,,1.4,,0,0,0,0,0,0,0,,,,
KLO,2010,12,9,22,-1.3,,,,,,,,979.3,,2.1,,0,0,0,0,0,0,0,,,,
KLO,2010,12,9,23,-1.6,,,,,,,,979.5,,2.4,,0,0,0,0,0,0,0,,,,
KLO,2010,12,10,0,-1.4,,,,,,,,979.1,,2.7,,0,0,0,0,0,0,0,,,,
KLO,2010,12,10,1,-1,,,,,,,,978.6,,2.7,,0,0,0,0,0,0,0,,,,
KLO,2010,12,10,2,-1,,,,,,,,978.8,,3.7,,0,0,0,0,0,0,0,,,,
KLO,2010,12,10,3,-1.1,,,,,,,,978.5,,4.1,,0,0,0,0,0,0,0,,,,
KLO,2010,12,10,4,-0.8,,,,,,,,978.4,,4.1,,0,0,0,0,0,0,0,,,,
KLO,2010,12,10,5,-0.7,,,,,,,,978.5,,3.8,,0,0,0,0,0,0,0,,,,
KLO,2010,12,10,6,-0.4,,,,,,,,979,,3.9,,0,0,0,0,0,0,0,,,,
KLO,2010,12,10,7,-0.4,,,,,,,,979.6,,2.8,,3,0,0,0,0,0,0,,,,
KLO,2010,12,10,8,-0.3,,,,,,,,980.5,,3.3,,17,0,0,0,0,0,0,,,,
KLO,2010,12,10,9,-0.3,,,,,,,,980.9,,2.9,,42,9.6,40.9,0,0,0,0,,,,
KLO,2010,12,10,10,-0.2,,,,,,,,980.6,,2.3,,31,1.2,30.7,0,0,0,0,,,,
KLO,2010,12,10,11,0.2,,,,,,,,980.6,,3.1,,38,1,37.7,0,0,0,0,,,,
KLO,2010,12,10,12,0.3,,,,,,,,980.9,,3.5,,34,0.7,33.8,0,0,0,0,,,,
KLO,2010,12,10,13,0.3,,,,,,,,980.9,,3.4,,44,1.2,43.6,0,0,0,0,,,,
KLO,2010,12,10,14,0.2,,,,,,,,980.8,,3.2,,27,0.6,26.8,0,0,0,0,,,,
KLO,2010,12,10,15,0.4,,,,,,,,981.2,,2.6,,4,0,4,0,0,0,0,,,,
KLO,2010,12,10,16,0.5,,,,,,,,981.1,,3.1,,0,0,0,0,0,0,0,,,,
KLO,2010,12,10,17,0.7,,,,,,,,981.1,,2.4,,0,0,0,0,0,0,0,,,,
KLO,2010,12,10,18,0.5,,,,,,,,981,,3.2,,0,0,0,0,0,0,0,,,,
KLO,2010,12,10,19,0.7,,,,,,,,980.7,,2.6,,0,0,0,0,0,0,0,,,,
KLO,2010,12,10,20,0.6,,,,,,,,980.2,,0.9,,0,0,0,0,0,0,0,,,,
KLO,2010,12,10,21,0.5,,,,,,,,979.6,,1.3,,0,0,0,0,0,0,0,,,,
KLO,2010,12,10,22,0.8,,,,,,,,979.3,,0.9,,0,0,0,0,0,0,0,,,,
KLO,2010,12,10,23,0.6,,,,,,,,978.6,,0.8,,0,0,0,0,0,0,0,,,,
KLO,2010,12,11,0,0.1,,,,,,,,977.8,,0.5,,0,0,0,0,0,0,0,,,,
KLO,2010,12,11,1,0.4,,,,,,,,977.2,,0.5,,0,0,0,0,0,0,0,,,,
KLO,2010,12,11,2,0.9,,,,,,,,976.6,,1.5,,0,0,0,0,0,0,0,,,,
KLO,2010,12,11,3,1.3,,,,,,,,976.4,,2.3,,0,0,0,0,0,0,0,,,,
KLO,2010,12,11,4,1.6,,,,,,,,975.9,,2.9,,0,0,0,0,0,0,0,,,,
KLO,2010,12,11,5,2.1,,,,,,,,975.8,,4.5,,0,0,0,0,0,0,0,,,,
KLO,2010,12,11,6,2,,,,,,,,976,,4.9,,0,0,0,0,0,0,0,,,,
KLO,2010,12,11,7,2,,,,,,,,976,,4.2,,4,0,0,0,0,0,0,,,,
KLO,2010,12,11,8,2.1,,,,,,,,975.7,,2.7,,37,0,0,0,0,0,0,,,,
KLO,2010,12,11,9,2.9,,,,,,,,975.4,,4.5,,106,601,36.1,0,0,0,0,,,,
KLO,2010,12,11,10,3.3,,,,,,,,975.1,,4.4,,118,64.6,103.5,0,0,0,0,,,,
KLO,2010,12,11,11,4.4,,,,,,,,974.8,,3.8,,322,893.5,55.5,0,0,0,0,,,,
KLO,2010,12,11,12,4.8,,,,,,,,973.6,,4.7,,196,110.6,159.2,0,0,0,0,,,,
KLO,2010,12,11,13,6.3,,,,,,,,973,,5.9,,271,452.2,124.1,0,0,0,0,,,,
KLO,2010,12,11,14,6,,,,,,,,972.5,,5.5,,144,62.7,126.7,0,0,0,0,,,,
KLO,2010,12,11,15,4.6,,,,,,,,972.3,,4.1,,21,0.8,20.9,0,0,0,0,,,,
KLO,2010,12,11,16,4,,,,,,,,972.1,,3.6,,0,0,0,0,0,0,0,,,,
KLO,2010,12,11,17,3.9,,,,,,,,972,,1.5,,0,0,0,0,0,0,0,,,,
KLO,2010,12,11,18,3.9,,,,,,,,971.8,,2,,0,0,0,0,0,0,0,,,,
KLO,2010,12,11,19,3.6,,,,,,,,971.4,,2.8,,0,0,0,0,0,0,0,,,,
KLO,2010,12,11,20,3.3,,,,,,,,970.9,,2.8,,0,0,0,0,0,0,0,,,,
KLO,2010,12,11,21,3.3,,,,,,,,970.1,,2.4,,0,0,0,0,0,0,0,,,,
KLO,2010,12,11,22,3.1,,,,,,,,969.3,,2.7,,0,0,0,0,0,0,0,,,,
KLO,2010,12,11,23,2.7,,,,,,,,968.6,,3.1,,0,0,0,0,0,0,0,,,,
KLO,2010,12,12,0,2.7,,,,,,,,968.3,,2.8,,0,0,0,0,0,0,0,,,,
KLO,2010,12,12,1,2.5,,,,,,,,967.9,,2.9,,0,0,0,0,0,0,0,,,,
KLO,2010,12,12,2,2.1,,,,,,,,967.8,,2.4,,0,0,0,0,0,0,0,,,,
KLO,2010,12,12,3,1.7,,,,,,,,967.7,,1.8,,0,0,0,0,0,0,0,,,,
KLO,2010,12,12,4,1.6,,,,,,,,967.1,,2.2,,0,0,0,0,0,0,0,,,,
KLO,2010,12,12,5,1.7,,,,,,,,966.9,,1.2,,0,0,0,0,0,0,0,,,,
KLO,2010,12,12,6,1.7,,,,,,,,966.6,,1.4,,0,0,0,0,0,0,0,,,,
KLO,2010,12,12,7,1.6,,,,,,,,966.2,,2.1,,2,0,0,0,0,0,0,,,,
KLO,2010,12,12,8,1.8,,,,,,,,966.3,,1.4,,25,0,0,0,0,0,0,,,,
KLO,2010,12,12,9,2.3,,,,,,,,966.2,,1.6,,69,123.8,54.9,0,0,0,0,,,,
KLO,2010,12,12,10,2.8,,,,,,,,965.8,,2.7,,189,481,82,0,0,0,0,,,,
KLO,2010,12,12,11,3.1,,,,,,,,965.4,,1.7,,211,248.9,137.2,0,0,0,0,,,,
KLO,2010,12,12,12,4,,,,,,,,964.7,,3.5,,209,150.2,159.3,0,0,0,0,,,,
KLO,2010,12,12,13,3.1,,,,,,,,964.8,,3,,52,1.6,51.5,0,0,0,0,,,,
KLO,2010,12,12,14,2.9,,,,,,,,964.8,,1.6,,34,1,33.7,0,0,0,0,,,,
KLO,2010,12,12,15,2.8,,,,,,,,965,,3,,11,0.2,11,0,0,0,0,,,,
KLO,2010,12,12,16,2.1,,,,,,,,965,,2.2,,0,0,0,0,0,0,0,,,,
KLO,2010,12,12,17,1.9,,,,,,,,965.1,,0.5,,0,0,0,0,0,0,0,,,,
KLO,2010,12,12,18,2.1,,,,,,,,965.1,,1.7,,0,0,0,0,0,0,0,,,,
KLO,2010,12,12,19,2.2,,,,,,,,965.2,,1.6,,0,0,0,0,0,0,0,,,,
KLO,2010,12,12,20,1.9,,,,,,,,965.3,,1.2,,0,0,0,0,0,0,0,,,,
KLO,2010,12,12,21,1.7,,,,,,,,965.3,,0.7,,0,0,0,0,0,0,0,,,,
KLO,2010,12,12,22,1.7,,,,,,,,965.2,,1.3,,0,0,0,0,0,0,0,,,,
KLO,2010,12,12,23,1,,,,,,,,965.1,,0.7,,0,0,0,0,0,0,0,,,,
KLO,2010,12,13,0,1.1,,,,,,,,965.3,,1.2,,0,0,0,0,0,0,0,,,,
KLO,2010,12,13,1,1,,,,,,,,965.3,,0.5,,0,0,0,0,0,0,0,,,,
KLO,2010,12,13,2,0.8,,,,,,,,965.4,,1.1,,0,0,0,0,0,0,0,,,,
KLO,2010,12,13,3,0.7,,,,,,,,965.6,,2.4,,0,0,0,0,0,0,0,,,,
KLO,2010,12,13,4,0.5,,,,,,,,966,,2.7,,0,0,0,0,0,0,0,,,,
KLO,2010,12,13,5,0.6,,,,,,,,966.5,,4.7,,0,0,0,0,0,0,0,,,,
KLO,2010,12,13,6,-0.1,,,,,,,,967.1,,3.9,,0,0,0,0,0,0,0,,,,
KLO,2010,12,13,7,-0.6,,,,,,,,967.9,,4.7,,5,0,0,0,0,0,0,,,,
KLO,2010,12,13,8,-0.9,,,,,,,,968.9,,4.8,,58,0,0,0,0,0,0,,,,
KLO,2010,12,13,9,-0.7,,,,,,,,969.5,,4.4,,172,1280,28.4,0,0,0,0,,,,
KLO,2010,12,13,10,-0.6,,,,,,,,970,,5.1,,179,410.1,88.5,0,0,0,0,,,,
KLO,2010,12,13,11,-1.3,,,,,,,,970.2,,5.1,,54,2.1,53.4,0,0,0,0,,,,
KLO,2010,12,13,12,-1.3,,,,,,,,970,,4.7,,127,13.7,122.5,0,0,0,0,,,,
KLO,2010,12,13,13,-1.5,,,,,,,,969.9,,4,,90,5,88.4,0,0,0,0,,,,
KLO,2010,12,13,14,-1.9,,,,,,,,970,,2.8,,96,9.1,93.5,0,0,0,0,,,,
KLO,2010,12,13,15,-2.8,,,,,,,,970.1,,3,,27,1.3,26.8,0,0,0,0,,,,
KLO,2010,12,13,16,-3.2,,,,,,,,970.3,,1.6,,0,0,0,0,0,0,0,,,,
KLO,2010,12,13,17,-3.9,,,,,,,,970.6,,1.4,,0,0,0,0,0,0,0,,,,
KLO,2010,12,13,18,-4.7,,,,,,,,970.8,,1,,0,0,0,0,0,0,0,,,,
KLO,2010,12,13,19,-5.2,,,,,,,,970.5,,0.7,,0,0,0,0,0,0,0,,,,
KLO,2010,12,13,20,-6.4,,,,,,,,970.5,,0.8,,0,0,0,0,0,0,0,,,,
KLO,2010,12,13,21,-6.6,,,,,,,,970.7,,0.6,,0,0,0,0,0,0,0,,,,
KLO,2010,12,13,22,-6.7,,,,,,,,970.5,,0.8,,0,0,0,0,0,0,0,,,,
KLO,2010,12,13,23,-7.3,,,,,,,,970.2,,0.9,,0,0,0,0,0,0,0,,,,
KLO,2010,12,14,0,-6.5,,,,,,,,969.7,,1.5,,0,0,0,0,0,0,0,,,,
KLO,2010,12,14,1,-5.7,,,,,,,,969.6,,1.2,,0,0,0,0,0,0,0,,,,
KLO,2010,12,14,2,-5.5,,,,,,,,969.3,,0.9,,0,0,0,0,0,0,0,,,,
KLO,2010,12,14,3,-5.1,,,,,,,,969,,0.9,,0,0,0,0,0,0,0,,,,
KLO,2010,12,14,4,-4.9,,,,,,,,968.9,,0.4,,0,0,0,0,0,0,0,,,,
KLO,2010,12,14,5,-5.1,,,,,,,,969.1,,1.2,,0,0,0,0,0,0,0,,,,
KLO,2010,12,14,6,-4.8,,,,,,,,969.5,,0.8,,0,0,0,0,0,0,0,,,,
KLO,2010,12,14,7,-4.4,,,,,,,,970.1,,0.6,,3,0,0,0,0,0,0,,,,
KLO,2010,12,14,8,-4.2,,,,,,,,970.6,,0.7,,38,0,0,0,0,0,0,,,,
KLO,2010,12,14,9,-4,,,,,,,,971.2,,0.5,,86,354.4,46.9,0,0,0,0,,,,
KLO,2010,12,14,10,-3.8,,,,,,,,971.6,,0.9,,93,22.2,88.1,0,0,0,0,,,,
KLO,2010,12,14,11,-3.4,,,,,,,,971.8,,3,,131,28.4,122.7,0,0,0,0,,,,
KLO,2010,12,14,12,-3.4,,,,,,,,971.9,,2.8,,168,55.9,149.6,0,0,0,0,,,,
KLO,2010,12,14,13,-2.8,,,,,,,,972.1,,2.2,,152,37.7,139.9,0,0,0,0,,,,
KLO,2010,12,14,14,-2.9,,,,,,,,972.5,,2.8,,78,5.2,76.6,0,0,0,0,,,,
KLO,2010,12,14,15,-3.3,,,,,,,,973,,2.2,,13,0.3,12.9,0,0,0,0,,,,
KLO,2010,12,14,16,-3.7,,,,,,,,973.7,,3.7,,0,0,0,0,0,0,0,,,,
KLO,2010,12,14,17,-4.3,,,,,,,,974.2,,3.5,,0,0,0,0,0,0,0,,,,
KLO,2010,12,14,18,-4.6,,,,,,,,974.6,,3.4,,0,0,0,0,0,0,0,,,,
KLO,2010,12,14,19,-4.8,,,,,,,,974.8,,3.4,,0,0,0,0,0,0,0,,,,
KLO,2010,12,14,20,-5.3,,,,,,,,975.1,,2.2,,0,0,0,0,0,0,0,,,,
KLO,2010,12,14,21,-4.9,,,,,,,,975.4,,1.9,,0,0,0,0,0,0,0,,,,
KLO,2010,12,14,22,-5.3,,,,,,,,975.7,,1.9,,0,0,0,0,0,0,0,,,,
KLO,2010,12,14,23,-6.9,,,,,,,,975.7,,1.9,,0,0,0,0,0,0,0,,,,
KLO,2010,12,15,0,-8.3,,,,,,,,975.8,,1.9,,0,0,0,0,0,0,0,,,,
KLO,2010,12,15,1,-7.7,,,,,,,,975.8,,0.8,,0,0,0,0,0,0,0,,,,
KLO,2010,12,15,2,-8.5,,,,,,,,975.9,,0.5,,0,0,0,0,0,0,0,,,,
KLO,2010,12,15,3,-7.5,,,,,,,,975.8,,0.3,,0,0,0,0,0,0,0,,,,
KLO,2010,12,15,4,-7,,,,,,,,975.8,,0.6,,0,0,0,0,0,0,0,,,,
KLO,2010,12,15,5,-6.3,,,,,,,,975.9,,0.7,,0,0,0,0,0,0,0,,,,
KLO,2010,12,15,6,-6,,,,,,,,976.1,,0.9,,0,0,0,0,0,0,0,,,,
KLO,2010,12,15,7,-5.7,,,,,,,,976.2,,1.4,,3,0,0,0,0,0,0,,,,
KLO,2010,12,15,8,-5.5,,,,,,,,976.4,,1.4,,31,0,0,0,0,0,0,,,,
KLO,2010,12,15,9,-5,,,,,,,,976.3,,2.4,,61,88.5,51.4,0,0,0,0,,,,
KLO,2010,12,15,10,-4.7,,,,,,,,976.1,,2.5,,98,29.9,91.5,0,0,0,0,,,,
KLO,2010,12,15,11,-4.4,,,,,,,,975.6,,2.6,,120,18.7,114.5,0,0,0,0,,,,
KLO,2010,12,15,12,-4.2,,,,,,,,974.9,,2.7,,132,17,126.4,0,0,0,0,,,,
KLO,2010,12,15,13,-4.2,,,,,,,,974.4,,3,,122,12.8,117.9,0,0,0,0,,,,
KLO,2010,12,15,14,-4.4,,,,,,,,974.1,,3.1,,67,3.8,66,0,0,0,0,,,,
KLO,2010,12,15,15,-4.7,,,,,,,,973.8,,2.2,,14,0.4,13.9,0,0,0,0,,,,
KLO,2010,12,15,16,-4.8,,,,,,,,973.7,,2.3,,0,0,0,0,0,0,0,,,,
KLO,2010,12,15,17,-5.2,,,,,,,,973.6,,1.8,,0,0,0,0,0,0,0,,,,
KLO,2010,12,15,18,-5.3,,,,,,,,973,,2.1,,0,0,0,0,0,0,0,,,,
KLO,2010,12,15,19,-5.2,,,,,,,,972.7,,2.1,,0,0,0,0,0,0,0,,,,
KLO,2010,12,15,20,-5.4,,,,,,,,972.3,,1.5,,0,0,0,0,0,0,0,,,,
KLO,2010,12,15,21,-5.7,,,,,,,,972,,0.3,,0,0,0,0,0,0,0,,,,
KLO,2010,12,15,22,-5.4,,,,,,,,971.8,,0.9,,0,0,0,0,0,0,0,,,,
KLO,2010,12,15,23,-5.4,,,,,,,,971.1,,0.7,,0,0,0,0,0,0,0,,,,
KLO,2010,12,16,0,-5.6,,,,,,,,970.5,,0.7,,0,0,0,0,0,0,0,,,,
KLO,2010,12,16,1,-5.9,,,,,,,,969.7,,0.8,,0,0,0,0,0,0,0,,,,
KLO,2010,12,16,2,-6.2,,,,,,,,969.3,,0.9,,0,0,0,0,0,0,0,,,,
KLO,2010,12,16,3,-6.3,,,,,,,,968.9,,0.6,,0,0,0,0,0,0,0,,,,
KLO,2010,12,16,4,-5.8,,,,,,,,968.8,,0.5,,0,0,0,0,0,0,0,,,,
KLO,2010,12,16,5,-6.1,,,,,,,,968.7,,0.7,,0,0,0,0,0,0,0,,,,
KLO,2010,12,16,6,-6.4,,,,,,,,968.2,,0.8,,0,0,0,0,0,0,0,,,,
KLO,2010,12,16,7,-6.8,,,,,,,,967.8,,0.7,,6,0,0,0,0,0,0,,,,
KLO,2010,12,16,8,-7,,,,,,,,967.5,,0.9,,48,0,0,0,0,0,0,,,,
KLO,2010,12,16,9,-5.6,,,,,,,,966.9,,0.7,,123,961.2,20.3,0,0,0,0,,,,
KLO,2010,12,16,10,-4.4,,,,,,,,966.3,,2.1,,172,384.1,89.1,0,0,0,0,,,,
KLO,2010,12,16,11,-4,,,,,,,,965.3,,3.3,,202,224.6,136.6,0,0,0,0,,,,
KLO,2010,12,16,12,-3.7,,,,,,,,964,,3.3,,180,80.2,153.8,0,0,0,0,,,,
KLO,2010,12,16,13,-3.5,,,,,,,,962.9,,3.1,,101,6.4,98.9,0,0,0,0,,,,
KLO,2010,12,16,14,-3.6,,,,,,,,961.9,,3.8,,100,10.9,97,0,0,0,0,,,,
KLO,2010,12,16,15,-4.1,,,,,,,,961.3,,3,,21,0.8,20.9,0,0,0,0,,,,
KLO,2010,12,16,16,-3.9,,,,,,,,960,,4.3,,0,0,0,0,0,0,0,,,,
KLO,2010,12,16,17,-3.4,,,,,,,,958.5,,5,,0,0,0,0,0,0,0,,,,
KLO,2010,12,16,18,-2.9,,,,,,,,957.2,,5.3,,0,0,0,0,0,0,0,,,,
KLO,2010,12,16,19,-2.4,,,,,,,,955.8,,4.5,,0,0,0,0,0,0,0,,,,
KLO,2010,12,16,20,-2.7,,,,,,,,954.7,,4.4,,0,0,0,0,0,0,0,,,,
KLO,2010,12,16,21,-2.7,,,,,,,,953.2,,4.3,,0,0,0,0,0,0,0,,,,
KLO,2010,12,16,22,-2.6,,,,,,,,951.8,,4,,0,0,0,0,0,0,0,,,,
KLO,2010,12,16,23,-2.5,,,,,,,,950.3,,4.5,,0,0,0,0,0,0,0,,,,
KLO,2010,12,17,0,-2.5,,,,,,,,948.6,,4.6,,0,0,0,0,0,0,0,,,,
KLO,2010,12,17,1,-2.1,,,,,,,,947.2,,4.3,,0,0,0,0,0,0,0,,,,
KLO,2010,12,17,2,-2.2,,,,,,,,946,,3.9,,0,0,0,0,0,0,0,,,,
KLO,2010,12,17,3,-1.8,,,,,,,,944.7,,4.4,,0,0,0,0,0,0,0,,,,
KLO,2010,12,17,4,-1.5,,,,,,,,943.7,,4.2,,0,0,0,0,0,0,0,,,,
KLO,2010,12,17,5,-1.3,,,,,,,,942.6,,4,,0,0,0,0,0,0,0,,,,
KLO,2010,12,17,6,-0.8,,,,,,,,942,,3.7,,0,0,0,0,0,0,0,,,,
KLO,2010,12,17,7,0,,,,,,,,942,,4.4,,0,0,0,0,0,0,0,,,,
KLO,2010,12,17,8,0.4,,,,,,,,942.6,,5.3,,14,0,0,0,0,0,0,,,,
KLO,2010,12,17,9,0.7,,,,,,,,943.4,,4.6,,97,618.9,31.8,0,0,0,0,,,,
KLO,2010,12,17,10,0.1,,,,,,,,944.3,,3.4,,76,9.5,74,0,0,0,0,,,,
KLO,2010,12,17,11,-0.4,,,,,,,,944.6,,1.5,,71,3.8,69.9,0,0,0,0,,,,
KLO,2010,12,17,12,-0.5,,,,,,,,944.9,,1.6,,56,1.9,55.4,0,0,0,0,,,,
KLO,2010,12,17,13,-0.9,,,,,,,,945.2,,3.3,,65,2.6,64.2,0,0,0,0,,,,
KLO,2010,12,17,14,-1.5,,,,,,,,946,,3.3,,49,2.1,48.4,0,0,0,0,,,,
KLO,2010,12,17,15,-2.3,,,,,,,,946.6,,2.2,,18,0.6,17.9,0,0,0,0,,,,
KLO,2010,12,17,16,-3.2,,,,,,,,947.3,,1.2,,0,0,0,0,0,0,0,,,,
KLO,2010,12,17,17,-3.3,,,,,,,,947.9,,1.5,,0,0,0,0,0,0,0,,,,
KLO,2010,12,17,18,-3.4,,,,,,,,948.1,,0.8,,0,0,0,0,0,0,0,,,,
KLO,2010,12,17,19,-3.5,,,,,,,,948.6,,0.5,,0,0,0,0,0,0,0,,,,
KLO,2010,12,17,20,-3.5,,,,,,,,948.9,,0.8,,0,0,0,0,0,0,0,,,,
KLO,2010,12,17,21,-4,,,,,,,,949.1,,0.6,,0,0,0,0,0,0,0,,,,
KLO,2010,12,17,22,-4.2,,,,,,,,949.3,,1.5,,0,0,0,0,0,0,0,,,,
KLO,2010,12,17,23,-4.7,,,,,,,,949.4,,1.4,,0,0,0,0,0,0,0,,,,
KLO,2010,12,18,0,-6.4,,,,,,,,949.4,,1,,0,0,0,0,0,0,0,,,,
KLO,2010,12,18,1,-6.8,,,,,,,,949.4,,1.4,,0,0,0,0,0,0,0,,,,
KLO,2010,12,18,2,-6,,,,,,,,949.6,,0.9,,0,0,0,0,0,0,0,,,,
KLO,2010,12,18,3,-5.6,,,,,,,,949.5,,0.8,,0,0,0,0,0,0,0,,,,
KLO,2010,12,18,4,-6.8,,,,,,,,949.8,,1.3,,0,0,0,0,0,0,0,,,,
KLO,2010,12,18,5,-6.3,,,,,,,,949.8,,3.1,,0,0,0,0,0,0,0,,,,
KLO,2010,12,18,6,-5.3,,,,,,,,950.1,,2.6,,0,0,0,0,0,0,0,,,,
KLO,2010,12,18,7,-4.8,,,,,,,,950.5,,2.2,,5,0,0,0,0,0,0,,,,
KLO,2010,12,18,8,-4.4,,,,,,,,951,,2.6,,36,0,0,0,0,0,0,,,,
KLO,2010,12,18,9,-3.7,,,,,,,,951.3,,3.6,,97,644.3,30.1,0,0,0,0,,,,
KLO,2010,12,18,10,-2.5,,,,,,,,951.6,,3.9,,310,1214.4,51.2,0,0,0,0,,,,
KLO,2010,12,18,11,-2,,,,,,,,951.6,,2.7,,331,956.4,54.6,0,0,0,0,,,,
KLO,2010,12,18,12,-1.8,,,,,,,,951.5,,3.5,,287,540.8,111,0,0,0,0,,,,
KLO,2010,12,18,13,-2,,,,,,,,951.6,,2.3,,159,48.5,143.5,0,0,0,0,,,,
KLO,2010,12,18,14,-2.1,,,,,,,,952,,2.5,,134,45.5,121.6,0,0,0,0,,,,
KLO,2010,12,18,15,-3.4,,,,,,,,952.2,,2.4,,36,2.3,35.6,0,0,0,0,,,,
KLO,2010,12,18,16,-5.3,,,,,,,,952.5,,3.6,,0,0,0,0,0,0,0,,,,
KLO,2010,12,18,17,-5.8,,,,,,,,952.7,,2.4,,0,0,0,0,0,0,0,,,,
KLO,2010,12,18,18,-6.7,,,,,,,,952.8,,1.9,,0,0,0,0,0,0,0,,,,
KLO,2010,12,18,19,-7.2,,,,,,,,952.7,,1.7,,0,0,0,0,0,0,0,,,,
KLO,2010,12,18,20,-10.6,,,,,,,,952.5,,1.1,,0,0,0,0,0,0,0,,,,
KLO,2010,12,18,21,-9.8,,,,,,,,952.4,,0.7,,0,0,0,0,0,0,0,,,,
KLO,2010,12,18,22,-10.6,,,,,,,,952,,0.5,,0,0,0,0,0,0,0,,,,
KLO,2010,12,18,23,-10,,,,,,,,951.6,,0.8,,0,0,0,0,0,0,0,,,,
KLO,2010,12,19,0,-8.9,,,,,,,,951.2,,0.8,,0,0,0,0,0,0,0,,,,
KLO,2010,12,19,1,-7.9,,,,,,,,951,,1.1,,0,0,0,0,0,0,0,,,,
KLO,2010,12,19,2,-6.3,,,,,,,,951,,2.1,,0,0,0,0,0,0,0,,,,
KLO,2010,12,19,3,-4.1,,,,,,,,951.3,,3.1,,0,0,0,0,0,0,0,,,,
KLO,2010,12,19,4,-2.7,,,,,,,,951.2,,3.1,,0,0,0,0,0,0,0,,,,
KLO,2010,12,19,5,-2.3,,,,,,,,951.3,,3.1,,0,0,0,0,0,0,0,,,,
KLO,2010,12,19,6,-2.4,,,,,,,,951.3,,1.5,,0,0,0,0,0,0,0,,,,
KLO,2010,12,19,7,-2.3,,,,,,,,951.3,,1.7,,9,0,0,0,0,0,0,,,,
KLO,2010,12,19,8,-1.4,,,,,,,,951.4,,3.1,,58,0,0,0,0,0,0,,,,
KLO,2010,12,19,9,-0.2,,,,,,,,951.4,,2.9,,66,163.8,49.2,0,0,0,0,,,,
KLO,2010,12,19,10,0.5,,,,,,,,950.6,,2.5,,175,434.3,82.9,0,0,0,0,,,,
KLO,2010,12,19,11,0.9,,,,,,,,949.9,,1.6,,148,57.2,131.5,0,0,0,0,,,,
KLO,2010,12,19,12,0.9,,,,,,,,949.3,,0.8,,88,4.7,86.5,0,0,0,0,,,,
KLO,2010,12,19,13,1.1,,,,,,,,949.2,,1,,54,1.8,53.4,0,0,0,0,,,,
KLO,2010,12,19,14,1.2,,,,,,,,949,,2,,32,0.9,31.8,0,0,0,0,,,,
KLO,2010,12,19,15,1.3,,,,,,,,948.8,,1.8,,7,0.1,7,0,0,0,0,,,,
KLO,2010,12,19,16,1.2,,,,,,,,948.5,,3.2,,0,0,0,0,0,0,0,,,,
KLO,2010,12,19,17,1.4,,,,,,,,948.5,,2,,0,0,0,0,0,0,0,,,,
KLO,2010,12,19,18,1.1,,,,,,,,948.5,,1.8,,0,0,0,0,0,0,0,,,,
KLO,2010,12,19,19,3.8,,,,,,,,948.5,,5.1,,0,0,0,0,0,0,0,,,,
KLO,2010,12,19,20,4,,,,,,,,948.6,,4.9,,0,0,0,0,0,0,0,,,,
KLO,2010,12,19,21,4,,,,,,,,949,,5,,0,0,0,0,0,0,0,,,,
KLO,2010,12,19,22,5.2,,,,,,,,949.2,,7,,0,0,0,0,0,0,0,,,,
KLO,2010,12,19,23,5.9,,,,,,,,950.1,,9.6,,0,0,0,0,0,0,0,,,,
KLO,2010,12,20,0,5.6,,,,,,,,950.9,,10.7,,0,0,0,0,0,0,0,,,,
KLO,2010,12,20,1,5.2,,,,,,,,951.4,,10.4,,0,0,0,0,0,0,0,,,,
KLO,2010,12,20,2,4.7,,,,,,,,952.2,,6.4,,0,0,0,0,0,0,0,,,,
KLO,2010,12,20,3,3.2,,,,,,,,953,,4,,0,0,0,0,0,0,0,,,,
KLO,2010,12,20,4,2.6,,,,,,,,953,,1.8,,0,0,0,0,0,0,0,,,,
KLO,2010,12,20,5,2.7,,,,,,,,952.7,,2.3,,0,0,0,0,0,0,0,,,,
KLO,2010,12,20,6,2.2,,,,,,,,952.6,,1,,0,0,0,0,0,0,0,,,,
KLO,2010,12,20,7,1.9,,,,,,,,952.8,,0.7,,2,0,0,0,0,0,0,,,,
KLO,2010,12,20,8,2.1,,,,,,,,952.6,,2.3,,30,0,0,0,0,0,0,,,,
KLO,2010,12,20,9,2.5,,,,,,,,952.4,,2.8,,55,75.3,47.4,0,0,0,0,,,,
KLO,2010,12,20,10,4.7,,,,,,,,952.4,,4.1,,108,56.3,96.1,0,0,0,0,,,,
KLO,2010,12,20,11,7.5,,,,,,,,952.2,,8.1,,145,52.3,130,0,0,0,0,,,,
KLO,2010,12,20,12,8.5,,,,,,,,952.4,,8.9,,80,3.9,78.7,0,0,0,0,,,,
KLO,2010,12,20,13,8.4,,,,,,,,952.9,,8.7,,52,1.7,51.5,0,0,0,0,,,,
KLO,2010,12,20,14,8,,,,,,,,953.9,,8.3,,32,0.9,31.8,0,0,0,0,,,,
KLO,2010,12,20,15,8.1,,,,,,,,954.6,,7.3,,9,0.1,9,0,0,0,0,,,,
KLO,2010,12,20,16,7.9,,,,,,,,955.1,,7.3,,0,0,0,0,0,0,0,,,,
KLO,2010,12,20,17,7.7,,,,,,,,955.5,,6.7,,0,0,0,0,0,0,0,,,,
KLO,2010,12,20,18,7.6,,,,,,,,956,,5.3,,0,0,0,0,0,0,0,,,,
KLO,2010,12,20,19,6.4,,,,,,,,956.5,,2.8,,0,0,0,0,0,0,0,,,,
KLO,2010,12,20,20,5.9,,,,,,,,956.8,,1.1,,0,0,0,0,0,0,0,,,,
KLO,2010,12,20,21,4.9,,,,,,,,957.1,,0.7,,0,0,0,0,0,0,0,,,,
KLO,2010,12,20,22,4.4,,,,,,,,957.2,,1.4,,0,0,0,0,0,0,0,,,,
KLO,2010,12,20,23,3.8,,,,,,,,956.9,,2.3,,0,0,0,0,0,0,0,,,,
KLO,2010,12,21,0,2.6,,,,,,,,956.6,,1.7,,0,0,0,0,0,0,0,,,,
KLO,2010,12,21,1,1.7,,,,,,,,956.6,,2.6,,0,0,0,0,0,0,0,,,,
KLO,2010,12,21,2,1.8,,,,,,,,956.3,,2.4,,0,0,0,0,0,0,0,,,,
KLO,2010,12,21,3,1.7,,,,,,,,955.9,,2.7,,0,0,0,0,0,0,0,,,,
KLO,2010,12,21,4,1.6,,,,,,,,955.7,,3.1,,0,0,0,0,0,0,0,,,,
KLO,2010,12,21,5,2,,,,,,,,955.7,,2.6,,0,0,0,0,0,0,0,,,,
KLO,2010,12,21,6,2.1,,,,,,,,955.7,,3.1,,0,0,0,0,0,0,0,,,,
KLO,2010,12,21,7,2,,,,,,,,955.7,,3.6,,12,0,0,0,0,0,0,,,,
KLO,2010,12,21,8,2.1,,,,,,,,955.9,,2.1,,62,0,0,0,0,0,0,,,,
KLO,2010,12,21,9,3.6,,,,,,,,956.1,,0.9,,129,1076.9,21.3,0,0,0,0,,,,
KLO,2010,12,21,10,5,,,,,,,,956.4,,1,,129,132.5,101.2,0,0,0,0,,,,
KLO,2010,12,21,11,5.5,,,,,,,,955.6,,1.7,,104,10.4,101,0,0,0,0,,,,
KLO,2010,12,21,12,5.6,,,,,,,,955.3,,0.9,,57,2,56.4,0,0,0,0,,,,
KLO,2010,12,21,13,4.8,,,,,,,,955.3,,2.9,,39,0.9,38.7,0,0,0,0,,,,
KLO,2010,12,21,14,4.5,,,,,,,,954.9,,3.3,,19,0.3,18.9,0,0,0,0,,,,
KLO,2010,12,21,15,4.3,,,,,,,,954.8,,1.2,,3,0,3,0,0,0,0,,,,
KLO,2010,12,21,16,4,,,,,,,,954.4,,1.2,,0,0,0,0,0,0,0,,,,
KLO,2010,12,21,17,4.2,,,,,,,,954.5,,1.1,,0,0,0,0,0,0,0,,,,
KLO,2010,12,21,18,3.8,,,,,,,,954.1,,1.8,,0,0,0,0,0,0,0,,,,
KLO,2010,12,21,19,3.8,,,,,,,,953.7,,1.8,,0,0,0,0,0,0,0,,,,
KLO,2010,12,21,20,3.9,,,,,,,,953.2,,3.7,,0,0,0,0,0,0,0,,,,
KLO,2010,12,21,21,3.7,,,,,,,,952.6,,3.1,,0,0,0,0,0,0,0,,,,
KLO,2010,12,21,22,3.6,,,,,,,,952.5,,2.3,,0,0,0,0,0,0,0,,,,
KLO,2010,12,21,23,3.6,,,,,,,,952.1,,3.2,,0,0,0,0,0,0,0,,,,
KLO,2010,12,22,0,3.5,,,,,,,,951.6,,1.9,,0,0,0,0,0,0,0,,,,
KLO,2010,12,22,1,3.5,,,,,,,,951.6,,2.2,,0,0,0,0,0,0,0,,,,
KLO,2010,12,22,2,3.6,,,,,,,,951.5,,2.1,,0,0,0,0,0,0,0,,,,
KLO,2010,12,22,3,3.6,,,,,,,,951.8,,1.1,,0,0,0,0,0,0,0,,,,
KLO,2010,12,22,4,3.4,,,,,,,,951.8,,1,,0,0,0,0,0,0,0,,,,
KLO,2010,12,22,5,3.3,,,,,,,,952.1,,1.4,,0,0,0,0,0,0,0,,,,
KLO,2010,12,22,6,3.7,,,,,,,,952,,1.6,,0,0,0,0,0,0,0,,,,
KLO,2010,12,22,7,3.8,,,,,,,,952.5,,2.7,,0,0,0,0,0,0,0,,,,
KLO,2010,12,22,8,3.7,,,,,,,,952.9,,1.5,,3,0,0,0,0,0,0,,,,
KLO,2010,12,22,9,4.1,,,,,,,,953.1,,1,,27,4.7,26.5,0,0,0,0,,,,
KLO,2010,12,22,10,4.7,,,,,,,,953,,1.1,,128,130.1,100.8,0,0,0,0,,,,
KLO,2010,12,22,11,5.2,,,,,,,,952.4,,2,,121,21.5,114.9,0,0,0,0,,,,
KLO,2010,12,22,12,5.2,,,,,,,,951.9,,3.1,,90,4.9,88.4,0,0,0,0,,,,
KLO,2010,12,22,13,5.4,,,,,,,,951.6,,2.4,,101,6.5,98.9,0,0,0,0,,,,
KLO,2010,12,22,14,5.7,,,,,,,,951.1,,2.4,,90,7.2,88,0,0,0,0,,,,
KLO,2010,12,22,15,5.2,,,,,,,,950.9,,1,,14,0.3,13.9,0,0,0,0,,,,
KLO,2010,12,22,16,3.9,,,,,,,,950.7,,0.7,,0,0,0,0,0,0,0,,,,
KLO,2010,12,22,17,4.3,,,,,,,,950.4,,1,,0,0,0,0,0,0,0,,,,
KLO,2010,12,22,18,4.1,,,,,,,,950,,1.6,,0,0,0,0,0,0,0,,,,
KLO,2010,12,22,19,3.5,,,,,,,,950.1,,2.1,,0,0,0,0,0,0,0,,,,
KLO,2010,12,22,20,3.1,,,,,,,,949.9,,1.4,,0,0,0,0,0,0,0,,,,
KLO,2010,12,22,21,3.1,,,,,,,,949.9,,1.4,,0,0,0,0,0,0,0,,,,
KLO,2010,12,22,22,3.5,,,,,,,,949.5,,2.4,,0,0,0,0,0,0,0,,,,
KLO,2010,12,22,23,3.5,,,,,,,,949.7,,0.8,,0,0,0,0,0,0,0,,,,
KLO,2010,12,23,0,3.4,,,,,,,,949.6,,0.5,,0,0,0,0,0,0,0,,,,
KLO,2010,12,23,1,3.2,,,,,,,,949.1,,0.8,,0,0,0,0,0,0,0,,,,
KLO,2010,12,23,2,3.2,,,,,,,,948.7,,1.4,,0,0,0,0,0,0,0,,,,
KLO,2010,12,23,3,3,,,,,,,,948.2,,0.9,,0,0,0,0,0,0,0,,,,
KLO,2010,12,23,4,2.9,,,,,,,,947.5,,1.7,,0,0,0,0,0,0,0,,,,
KLO,2010,12,23,5,2.4,,,,,,,,947,,1.6,,0,0,0,0,0,0,0,,,,
KLO,2010,12,23,6,2,,,,,,,,946.7,,1.6,,0,0,0,0,0,0,0,,,,
KLO,2010,12,23,7,1.9,,,,,,,,946.6,,0.7,,4,0,0,0,0,0,0,,,,
KLO,2010,12,23,8,1.9,,,,,,,,946.4,,0.7,,33,0,0,0,0,0,0,,,,
KLO,2010,12,23,9,2.3,,,,,,,,946.5,,0.7,,69,236.8,45.8,0,0,0,0,,,,
KLO,2010,12,23,10,2.9,,,,,,,,946.3,,0.6,,124,114.3,100.2,0,0,0,0,,,,
KLO,2010,12,23,11,3.8,,,,,,,,946,,0.7,,124,24.4,117,0,0,0,0,,,,
KLO,2010,12,23,12,4.2,,,,,,,,945.6,,0.8,,182,87.6,153.6,0,0,0,0,,,,
KLO,2010,12,23,13,4.7,,,,,,,,945.6,,1,,97,5.8,95.1,0,0,0,0,,,,
KLO,2010,12,23,14,4.9,,,,,,,,945.5,,1,,34,1,33.7,0,0,0,0,,,,
KLO,2010,12,23,15,4.6,,,,,,,,945.6,,1.1,,10,0.2,10,0,0,0,0,,,,
KLO,2010,12,23,16,3.9,,,,,,,,945.6,,1.7,,0,0,0,0,0,0,0,,,,
KLO,2010,12,23,17,3.5,,,,,,,,945.3,,0.9,,0,0,0,0,0,0,0,,,,
KLO,2010,12,23,18,3.7,,,,,,,,945.4,,0.7,,0,0,0,0,0,0,0,,,,
KLO,2010,12,23,19,3.5,,,,,,,,945.2,,1.5,,0,0,0,0,0,0,0,,,,
KLO,2010,12,23,20,3.1,,,,,,,,945.1,,0.6,,0,0,0,0,0,0,0,,,,
KLO,2010,12,23,21,2.7,,,,,,,,945.4,,1.9,,0,0,0,0,0,0,0,,,,
KLO,2010,12,23,22,2,,,,,,,,945.5,,0.8,,0,0,0,0,0,0,0,,,,
KLO,2010,12,23,23,2.4,,,,,,,,945.3,,1,,0,0,0,0,0,0,0,,,,
KLO,2010,12,24,0,2.3,,,,,,,,945,,0.6,,0,0,0,0,0,0,0,,,,
KLO,2010,12,24,1,2.7,,,,,,,,945.3,,1.7,,0,0,0,0,0,0,0,,,,
KLO,2010,12,24,2,2.7,,,,,,,,945.2,,1.1,,0,0,0,0,0,0,0,,,,
KLO,2010,12,24,3,2.8,,,,,,,,944.9,,1.5,,0,0,0,0,0,0,0,,,,
KLO,2010,12,24,4,3.1,,,,,,,,945.2,,0.8,,0,0,0,0,0,0,0,,,,
KLO,2010,12,24,5,3.1,,,,,,,,945.5,,1.5,,0,0,0,0,0,0,0,,,,
KLO,2010,12,24,6,2.8,,,,,,,,946,,1.5,,0,0,0,0,0,0,0,,,,
KLO,2010,12,24,7,1.7,,,,,,,,946.8,,1.4,,0,0,0,0,0,0,0,,,,
KLO,2010,12,24,8,0.7,,,,,,,,947.5,,0.8,,2,0,0,0,0,0,0,,,,
KLO,2010,12,24,9,0.8,,,,,,,,948.4,,1.6,,13,1.1,12.9,0,0,0,0,,,,
KLO,2010,12,24,10,0.5,,,,,,,,949.1,,2.1,,22,0.7,21.9,0,0,0,0,,,,
KLO,2010,12,24,11,0.6,,,,,,,,949.6,,4.4,,60,2.8,59.2,0,0,0,0,,,,
KLO,2010,12,24,12,0.6,,,,,,,,950.1,,3.7,,64,2.5,63.2,0,0,0,0,,,,
KLO,2010,12,24,13,0.6,,,,,,,,950.5,,3.4,,66,2.7,65.1,0,0,0,0,,,,
KLO,2010,12,24,14,0.5,,,,,,,,950.9,,2.2,,34,1,33.7,0,0,0,0,,,,
KLO,2010,12,24,15,0.3,,,,,,,,951.6,,2.9,,10,0.2,10,0,0,0,0,,,,
KLO,2010,12,24,16,0,,,,,,,,952.4,,3.2,,0,0,0,0,0,0,0,,,,
KLO,2010,12,24,17,0,,,,,,,,953.1,,2.4,,0,0,0,0,0,0,0,,,,
KLO,2010,12,24,18,-0.1,,,,,,,,953.8,,2.6,,0,0,0,0,0,0,0,,,,
KLO,2010,12,24,19,-0.6,,,,,,,,954.4,,1.5,,0,0,0,0,0,0,0,,,,
KLO,2010,12,24,20,-0.9,,,,,,,,954.8,,0.4,,0,0,0,0,0,0,0,,,,
KLO,2010,12,24,21,-1.1,,,,,,,,955.2,,0.4,,0,0,0,0,0,0,0,,,,
KLO,2010,12,24,22,-1,,,,,,,,955.6,,0.7,,0,0,0,0,0,0,0,,,,
KLO,2010,12,24,23,-1.1,,,,,,,,956.2,,1.7,,0,0,0,0,0,0,0,,,,
KLO,2010,12,25,0,-1.3,,,,,,,,956.8,,2,,0,0,0,0,0,0,0,,,,
KLO,2010,12,25,1,-1.6,,,,,,,,957.3,,2.5,,0,0,0,0,0,0,0,,,,
KLO,2010,12,25,2,-1.8,,,,,,,,958,,1.8,,0,0,0,0,0,0,0,,,,
KLO,2010,12,25,3,-2,,,,,,,,958.4,,3.3,,0,0,0,0,0,0,0,,,,
KLO,2010,12,25,4,-2.6,,,,,,,,959,,4.2,,0,0,0,0,0,0,0,,,,
KLO,2010,12,25,5,-3,,,,,,,,959.8,,3.9,,0,0,0,0,0,0,0,,,,
KLO,2010,12,25,6,-3.2,,,,,,,,960.7,,3.8,,0,0,0,0,0,0,0,,,,
KLO,2010,12,25,7,-3.7,,,,,,,,961.6,,3.4,,4,0,0,0,0,0,0,,,,
KLO,2010,12,25,8,-3.6,,,,,,,,962.5,,3,,59,0,0,0,0,0,0,,,,
KLO,2010,12,25,9,-3.4,,,,,,,,963.4,,3.6,,114,986,18.8,0,0,0,0,,,,
KLO,2010,12,25,10,-3.5,,,,,,,,964.2,,5,,128,134.7,100,0,0,0,0,,,,
KLO,2010,12,25,11,-3.4,,,,,,,,964.7,,4.5,,138,42.1,126,0,0,0,0,,,,
KLO,2010,12,25,12,-3.3,,,,,,,,965.1,,4.3,,169,61,149.2,0,0,0,0,,,,
KLO,2010,12,25,13,-3.3,,,,,,,,965.5,,4.3,,129,16.6,123.7,0,0,0,0,,,,
KLO,2010,12,25,14,-3.3,,,,,,,,966.3,,3.2,,59,2.9,58.2,0,0,0,0,,,,
KLO,2010,12,25,15,-3.8,,,,,,,,967.3,,3.9,,15,0.4,14.9,0,0,0,0,,,,
KLO,2010,12,25,16,-4.1,,,,,,,,968.2,,3.6,,0,0,0,0,0,0,0,,,,
KLO,2010,12,25,17,-4.3,,,,,,,,969,,3.3,,0,0,0,0,0,0,0,,,,
KLO,2010,12,25,18,-4.4,,,,,,,,969.6,,2.8,,0,0,0,0,0,0,0,,,,
KLO,2010,12,25,19,-4.5,,,,,,,,970.1,,3.1,,0,0,0,0,0,0,0,,,,
KLO,2010,12,25,20,-4.9,,,,,,,,970.6,,4.1,,0,0,0,0,0,0,0,,,,
KLO,2010,12,25,21,-5.2,,,,,,,,971.4,,3.1,,0,0,0,0,0,0,0,,,,
KLO,2010,12,25,22,-5.6,,,,,,,,971.9,,2.7,,0,0,0,0,0,0,0,,,,
KLO,2010,12,25,23,-7.2,,,,,,,,972.1,,2.3,,0,0,0,0,0,0,0,,,,
KLO,2010,12,26,0,-7.4,,,,,,,,972.2,,3.5,,0,0,0,0,0,0,0,,,,
KLO,2010,12,26,1,-7.7,,,,,,,,972.5,,2.8,,0,0,0,0,0,0,0,,,,
KLO,2010,12,26,2,-7.7,,,,,,,,973,,2.7,,0,0,0,0,0,0,0,,,,
KLO,2010,12,26,3,-8.4,,,,,,,,973.3,,3.1,,0,0,0,0,0,0,0,,,,
KLO,2010,12,26,4,-9.4,,,,,,,,973.5,,2.7,,0,0,0,0,0,0,0,,,,
KLO,2010,12,26,5,-11.6,,,,,,,,973.9,,3,,0,0,0,0,0,0,0,,,,
KLO,2010,12,26,6,-13.6,,,,,,,,974.3,,2,,0,0,0,0,0,0,0,,,,
KLO,2010,12,26,7,-14,,,,,,,,974.9,,2.3,,3,0,0,0,0,0,0,,,,
KLO,2010,12,26,8,-13.1,,,,,,,,975.5,,1.5,,82,0,0,0,0,0,0,,,,
KLO,2010,12,26,9,-10.8,,,,,,,,975.9,,1.6,,207,1801.3,34.2,0,0,0,0,,,,
KLO,2010,12,26,10,-9.7,,,,,,,,975.9,,2.2,,297,1196.6,49,0,0,0,0,,,,
KLO,2010,12,26,11,-8,,,,,,,,975.7,,1.3,,339,991.2,55.9,0,0,0,0,,,,
KLO,2010,12,26,12,-7.4,,,,,,,,975.3,,1.7,,328,784.3,73.2,0,0,0,0,,,,
KLO,2010,12,26,13,-6.4,,,,,,,,975,,0.5,,259,393.9,132,0,0,0,0,,,,
KLO,2010,12,26,14,-6.1,,,,,,,,974.7,,0.7,,159,95.3,132.5,0,0,0,0,,,,
KLO,2010,12,26,15,-6.1,,,,,,,,974.7,,0.9,,41,2.8,40.5,0,0,0,0,,,,
KLO,2010,12,26,16,-8.4,,,,,,,,975,,1.7,,0,0,0,0,0,0,0,,,,
KLO,2010,12,26,17,-10.5,,,,,,,,975.2,,0.8,,0,0,0,0,0,0,0,,,,
KLO,2010,12,26,18,-10.5,,,,,,,,975.4,,0.8,,0,0,0,0,0,0,0,,,,
KLO,2010,12,26,19,-12.5,,,,,,,,975.4,,0.8,,0,0,0,0,0,0,0,,,,
KLO,2010,12,26,20,-12.9,,,,,,,,975.2,,0.8,,0,0,0,0,0,0,0,,,,
KLO,2010,12,26,21,-11.4,,,,,,,,975,,0.9,,0,0,0,0,0,0,0,,,,
KLO,2010,12,26,22,-11.3,,,,,,,,975.1,,1.2,,0,0,0,0,0,0,0,,,,
KLO,2010,12,26,23,-11.8,,,,,,,,974.8,,0.8,,0,0,0,0,0,0,0,,,,
KLO,2010,12,27,0,-10.9,,,,,,,,974.5,,0.5,,0,0,0,0,0,0,0,,,,
KLO,2010,12,27,1,-11,,,,,,,,974.3,,0.6,,0,0,0,0,0,0,0,,,,
KLO,2010,12,27,2,-11.7,,,,,,,,974.5,,1.2,,0,0,0,0,0,0,0,,,,
KLO,2010,12,27,3,-10.4,,,,,,,,974.4,,1.2,,0,0,0,0,0,0,0,,,,
KLO,2010,12,27,4,-9.9,,,,,,,,974.5,,0.4,,0,0,0,0,0,0,0,,,,
KLO,2010,12,27,5,-9.4,,,,,,,,974.3,,0.7,,0,0,0,0,0,0,0,,,,
KLO,2010,12,27,6,-10.2,,,,,,,,974.4,,1.6,,0,0,0,0,0,0,0,,,,
KLO,2010,12,27,7,-10.9,,,,,,,,974.1,,0.9,,14,0,0,0,0,0,0,,,,
KLO,2010,12,27,8,-10.3,,,,,,,,974.1,,1.2,,77,0,0,0,0,0,0,,,,
KLO,2010,12,27,9,-10.5,,,,,,,,974.3,,1.8,,169,1478,27.9,0,0,0,0,,,,
KLO,2010,12,27,10,-9.4,,,,,,,,973.8,,0.9,,308,1242.1,50.8,0,0,0,0,,,,
KLO,2010,12,27,11,-8.1,,,,,,,,973.3,,2,,287,775.2,65.5,0,0,0,0,,,,
KLO,2010,12,27,12,-7.1,,,,,,,,973.3,,1.7,,195,118.4,156.5,0,0,0,0,,,,
KLO,2010,12,27,13,-6.2,,,,,,,,973.1,,0.7,,126,14.4,121.3,0,0,0,0,,,,
KLO,2010,12,27,14,-5.7,,,,,,,,972.5,,0.4,,77,4.8,75.6,0,0,0,0,,,,
KLO,2010,12,27,15,-5.5,,,,,,,,972.2,,2.8,,14,0.3,13.9,0,0,0,0,,,,
KLO,2010,12,27,16,-5.8,,,,,,,,972,,2.1,,0,0,0,0,0,0,0,,,,
KLO,2010,12,27,17,-6.2,,,,,,,,971.8,,1.6,,0,0,0,0,0,0,0,,,,
KLO,2010,12,27,18,-6.3,,,,,,,,971.5,,1.6,,0,0,0,0,0,0,0,,,,
KLO,2010,12,27,19,-6.9,,,,,,,,971.6,,2.1,,0,0,0,0,0,0,0,,,,
KLO,2010,12,27,20,-7.9,,,,,,,,971.3,,1,,0,0,0,0,0,0,0,,,,
KLO,2010,12,27,21,-9.4,,,,,,,,971.2,,1,,0,0,0,0,0,0,0,,,,
KLO,2010,12,27,22,-9.5,,,,,,,,971.1,,0.7,,0,0,0,0,0,0,0,,,,
KLO,2010,12,27,23,-9.3,,,,,,,,971,,1.2,,0,0,0,0,0,0,0,,,,
KLO,2010,12,28,0,-8.7,,,,,,,,970.3,,0.9,,0,0,0,0,0,0,0,,,,
KLO,2010,12,28,1,-8.4,,,,,,,,970.4,,1.1,,0,0,0,0,0,0,0,,,,
KLO,2010,12,28,2,-7.3,,,,,,,,970.3,,1.2,,0,0,0,0,0,0,0,,,,
KLO,2010,12,28,3,-6.7,,,,,,,,969.9,,0.7,,0,0,0,0,0,0,0,,,,
KLO,2010,12,28,4,-6.4,,,,,,,,969.5,,0.8,,0,0,0,0,0,0,0,,,,
KLO,2010,12,28,5,-6.1,,,,,,,,969.3,,0.5,,0,0,0,0,0,0,0,,,,
KLO,2010,12,28,6,-5.8,,,,,,,,969.6,,1.1,,0,0,0,0,0,0,0,,,,
KLO,2010,12,28,7,-5.6,,,,,,,,970.1,,0.8,,2,0,0,0,0,0,0,,,,
KLO,2010,12,28,8,-5.1,,,,,,,,970.6,,1.2,,30,0,0,0,0,0,0,,,,
KLO,2010,12,28,9,-3.8,,,,,,,,970.7,,2.5,,66,223.4,44.8,0,0,0,0,,,,
KLO,2010,12,28,10,-3,,,,,,,,970.4,,2.4,,111,70.3,96.4,0,0,0,0,,,,
KLO,2010,12,28,11,-2.1,,,,,,,,969.8,,2.4,,142,48.2,128.2,0,0,0,0,,,,
KLO,2010,12,28,12,-1.2,,,,,,,,969.8,,1.6,,98,5.8,96.1,0,0,0,0,,,,
KLO,2010,12,28,13,-0.7,,,,,,,,970.1,,0.8,,83,4.2,81.6,0,0,0,0,,,,
KLO,2010,12,28,14,-0.8,,,,,,,,970.3,,1.1,,30,0.7,29.8,0,0,0,0,,,,
KLO,2010,12,28,15,-1.9,,,,,,,,970.6,,0.8,,11,0.2,11,0,0,0,0,,,,
KLO,2010,12,28,16,-2.1,,,,,,,,970.6,,0.6,,0,0,0,0,0,0,0,,,,
KLO,2010,12,28,17,-2,,,,,,,,971,,1.2,,0,0,0,0,0,0,0,,,,
KLO,2010,12,28,18,-2,,,,,,,,971.2,,1.6,,0,0,0,0,0,0,0,,,,
KLO,2010,12,28,19,-2.1,,,,,,,,971.4,,2,,0,0,0,0,0,0,0,,,,
KLO,2010,12,28,20,-2,,,,,,,,971.5,,2,,0,0,0,0,0,0,0,,,,
KLO,2010,12,28,21,-2,,,,,,,,971.3,,1.1,,0,0,0,0,0,0,0,,,,
KLO,2010,12,28,22,-1.9,,,,,,,,971.3,,1.7,,0,0,0,0,0,0,0,,,,
KLO,2010,12,28,23,-1.8,,,,,,,,971.1,,1.4,,0,0,0,0,0,0,0,,,,
KLO,2010,12,29,0,-1.8,,,,,,,,971,,1.4,,0,0,0,0,0,0,0,,,,
KLO,2010,12,29,1,-1.6,,,,,,,,971,,0.5,,0,0,0,0,0,0,0,,,,
KLO,2010,12,29,2,-0.9,,,,,,,,971.1,,1.2,,0,0,0,0,0,0,0,,,,
KLO,2010,12,29,3,-0.6,,,,,,,,970.9,,1.5,,0,0,0,0,0,0,0,,,,
KLO,2010,12,29,4,-0.5,,,,,,,,970.7,,0.7,,0,0,0,0,0,0,0,,,,
KLO,2010,12,29,5,-0.5,,,,,,,,970.7,,1.6,,0,0,0,0,0,0,0,,,,
KLO,2010,12,29,6,-0.6,,,,,,,,970.7,,2,,0,0,0,0,0,0,0,,,,
KLO,2010,12,29,7,-0.5,,,,,,,,970.9,,1.5,,2,0,0,0,0,0,0,,,,
KLO,2010,12,29,8,-0.4,,,,,,,,971.1,,1.5,,39,0,0,0,0,0,0,,,,
KLO,2010,12,29,9,-0.1,,,,,,,,971.3,,1.6,,85,567.3,31.2,0,0,0,0,,,,
KLO,2010,12,29,10,0.1,,,,,,,,971.2,,1.2,,139,194.7,98.7,0,0,0,0,,,,
KLO,2010,12,29,11,0.6,,,,,,,,971,,1,,156,75.8,134.3,0,0,0,0,,,,
KLO,2010,12,29,12,0.7,,,,,,,,970.7,,1.7,,140,23,132.5,0,0,0,0,,,,
KLO,2010,12,29,13,0.8,,,,,,,,970.5,,1.6,,106,7.1,103.7,0,0,0,0,,,,
KLO,2010,12,29,14,0.9,,,,,,,,970.5,,1.4,,72,4.2,70.8,0,0,0,0,,,,
KLO,2010,12,29,15,1,,,,,,,,970.6,,1.5,,11,0.2,11,0,0,0,0,,,,
KLO,2010,12,29,16,0.8,,,,,,,,970.8,,1.2,,0,0,0,0,0,0,0,,,,
KLO,2010,12,29,17,0.7,,,,,,,,971,,1.1,,0,0,0,0,0,0,0,,,,
KLO,2010,12,29,18,0.9,,,,,,,,971.1,,1.7,,0,0,0,0,0,0,0,,,,
KLO,2010,12,29,19,0.8,,,,,,,,971.2,,0.8,,0,0,0,0,0,0,0,,,,
KLO,2010,12,29,20,0.8,,,,,,,,971.2,,1.4,,0,0,0,0,0,0,0,,,,
KLO,2010,12,29,21,1.1,,,,,,,,971.1,,1.6,,0,0,0,0,0,0,0,,,,
KLO,2010,12,29,22,0.7,,,,,,,,971.2,,1.6,,0,0,0,0,0,0,0,,,,
KLO,2010,12,29,23,0.6,,,,,,,,971.3,,1.5,,0,0,0,0,0,0,0,,,,
KLO,2010,12,30,0,0.5,,,,,,,,971.1,,1.1,,0,0,0,0,0,0,0,,,,
KLO,2010,12,30,1,0.6,,,,,,,,971.1,,0.6,,0,0,0,0,0,0,0,,,,
KLO,2010,12,30,2,0.4,,,,,,,,971.4,,0.7,,0,0,0,0,0,0,0,,,,
KLO,2010,12,30,3,0.6,,,,,,,,971.5,,1,,0,0,0,0,0,0,0,,,,
KLO,2010,12,30,4,0.4,,,,,,,,971.4,,0.5,,0,0,0,0,0,0,0,,,,
KLO,2010,12,30,5,0.6,,,,,,,,971.3,,0.3,,0,0,0,0,0,0,0,,,,
KLO,2010,12,30,6,0.5,,,,,,,,971.5,,0.4,,0,0,0,0,0,0,0,,,,
KLO,2010,12,30,7,0.9,,,,,,,,971.7,,0.7,,1,0,0,0,0,0,0,,,,
KLO,2010,12,30,8,0.7,,,,,,,,972,,0.5,,22,0,0,0,0,0,0,,,,
KLO,2010,12,30,9,0.8,,,,,,,,972.3,,1.2,,50,65,43.8,0,0,0,0,,,,
KLO,2010,12,30,10,1.2,,,,,,,,972.2,,0.7,,98,37.8,90.2,0,0,0,0,,,,
KLO,2010,12,30,11,1.4,,,,,,,,971.8,,1.3,,106,11.3,102.8,0,0,0,0,,,,
KLO,2010,12,30,12,1.6,,,,,,,,971.2,,1.4,,80,3.8,78.8,0,0,0,0,,,,
KLO,2010,12,30,13,1.4,,,,,,,,971,,1.7,,54,1.7,53.4,0,0,0,0,,,,
KLO,2010,12,30,14,1.4,,,,,,,,971,,1.8,,35,1,34.7,0,0,0,0,,,,
KLO,2010,12,30,15,2.1,,,,,,,,971.3,,2,,8,0.1,8,0,0,0,0,,,,
KLO,2010,12,30,16,1.8,,,,,,,,971.4,,2.6,,0,0,0,0,0,0,0,,,,
KLO,2010,12,30,17,1.8,,,,,,,,971.3,,1.9,,0,0,0,0,0,0,0,,,,
KLO,2010,12,30,18,1.8,,,,,,,,971.1,,1,,0,0,0,0,0,0,0,,,,
KLO,2010,12,30,19,1.7,,,,,,,,971.3,,2.3,,0,0,0,0,0,0,0,,,,
KLO,2010,12,30,20,1.6,,,,,,,,971.2,,2.4,,0,0,0,0,0,0,0,,,,
KLO,2010,12,30,21,1.3,,,,,,,,971.5,,2.3,,0,0,0,0,0,0,0,,,,
KLO,2010,12,30,22,1,,,,,,,,971.6,,1.7,,0,0,0,0,0,0,0,,,,
KLO,2010,12,30,23,0.9,,,,,,,,971.6,,1.8,,0,0,0,0,0,0,0,,,,
KLO,2010,12,31,0,0.6,,,,,,,,971.6,,3,,0,0,0,0,0,0,0,,,,
KLO,2010,12,31,1,0.5,,,,,,,,971.7,,2.3,,0,0,0,0,0,0,0,,,,
KLO,2010,12,31,2,0.3,,,,,,,,971.9,,1.4,,0,0,0,0,0,0,0,,,,
KLO,2010,12,31,3,0.3,,,,,,,,972,,1.4,,0,0,0,0,0,0,0,,,,
KLO,2010,12,31,4,0.5,,,,,,,,972.1,,0.4,,0,0,0,0,0,0,0,,,,
KLO,2010,12,31,5,0.8,,,,,,,,972.2,,1.4,,0,0,0,0,0,0,0,,,,
KLO,2010,12,31,6,0.8,,,,,,,,972.4,,0.8,,0,0,0,0,0,0,0,,,,
KLO,2010,12,31,7,0.7,,,,,,,,972.8,,1,,1,0,0,0,0,0,0,,,,
KLO,2010,12,31,8,0.7,,,,,,,,973.3,,0.7,,20,0,0,0,0,0,0,,,,
KLO,2010,12,31,9,1,,,,,,,,973.3,,0.8,,45,38.6,41.3,0,0,0,0,,,,
KLO,2010,12,31,10,1,,,,,,,,973.1,,1,,58,5,57,0,0,0,0,,,,
KLO,2010,12,31,11,1.2,,,,,,,,972.9,,0.6,,67,3.5,66,0,0,0,0,,,,
KLO,2010,12,31,12,1.4,,,,,,,,972.4,,0.5,,82,4,80.7,0,0,0,0,,,,
KLO,2010,12,31,13,1.4,,,,,,,,972.2,,1.1,,49,1.4,48.5,0,0,0,0,,,,
KLO,2010,12,31,14,1.5,,,,,,,,972.2,,0.8,,32,0.8,31.8,0,0,0,0,,,,
KLO,2010,12,31,15,1.5,,,,,,,,972.3,,1.3,,10,0.2,10,0,0,0,0,,,,
KLO,2010,12,31,16,1.3,,,,,,,,972.3,,1.4,,0,0,0,0,0,0,0,,,,
KLO,2010,12,31,17,1.2,,,,,,,,972.3,,1,,0,0,0,0,0,0,0,,,,
KLO,2010,12,31,18,1,,,,,,,,972.4,,0.6,,0,0,0,0,0,0,0,,,,
KLO,2010,12,31,19,1.2,,,,,,,,972.5,,1.4,,0,0,0,0,0,0,0,,,,
KLO,2010,12,31,20,1,,,,,,,,972.4,,1.2,,0,0,0,0,0,0,0,,,,
KLO,2010,12,31,21,0.9,,,,,,,,972.3,,1.8,,0,0,0,0,0,0,0,,,,
KLO,2010,12,31,22,0.8,,,,,,,,972.1,,1.8,,0,0,0,0,0,0,0,,,,
KLO,2010,12,31,23,0.6,,,,,,,,971.7,,1.3,,0,0,0,0,0,0,0,,,,
